qid,band,lawyer_rank,lawyer_cosine,lang_tag,labelled_act,labelled_provision,question,lawyer_answer
prot_0013_02,suspect,,0.3632,english,"The Muslim Personal Law (Shariat) Application Act, 1937",Application of Personal Law to Muslims,"আমার বাবা-চাচারা চার ভাই, এক বোন। মেজো চাচা নিঃসন্তান এবং আমার বাবা মেজো চাচার আগে মারা গেছেন। আমার অন্য দুই কাকা ও ফ",আমার বয়স
prot_0041_02,suspect,,0.413,mixed,"বাংলাদেশ ঋণ সালিসি আইন, ১৯৮৯",দস্ত্মখত বা টিপসহিযুক্ত অলিখিত স্ট্যাম্প কাগজ গ্রহণ নিষিদ্ধ,আমি একজনকে খুব ভালোবাসি। দীর্ঘদিন ধরে আমাদের সম্পর্ক চলছে। নানা বাধা-বিপত্তিও আমাদের আলাদা করতে পারেনি। কিছুদিন আগে আমার,হুমকি দিয়ে সাদা কাগজে স্বাক্ষরের বিষয়টি থানায় জানিয়ে রাখলে পরবর্তী সময়ে আপনি তা প্রতিকূল পরিস্থিতিতে ব্যবহার করে সু
prot_0000_03,suspect,,0.4284,bengali,"সমবায় সমিতি আইন, ২০০১",নিবন্ধক কর্তৃক বিবাদ নিষ্পত্তির পদ্ধতি,একটি কো-অপারেটিভ সংস্থার কাছে আমার অনেক টাকা আটকে আছে। আমি কোনোভাবে টাকা তুলতে পারিনি। কী করব? ইব্রাহীম খলিল,আপনি দেওয়ানি আইনের আওতায় মানি মোকদ্দমা করতে পারেন। তবে মামলার আগে বাংলাদেশ ব্যাংককে উক্ত কো-অপারেটিভের বিরুদ্ধে ব্যবস্
prot_0048_04,suspect,,0.435,english,"The Muslim Personal Law (Shariat) Application Act, 1937",Application of Personal Law to Muslims,আমার বাবা মারা গেছেন ২০০৫ সালে। আমার দাদা-দাদি এখনো জীবিত আছেন। আমার বাবা কিছু সম্পত্তি কিনে নিজ নামে নিবন্ধন করেছিলেন। ,আপনার দাদি আপনার বাবার সম্পত্তির ছয় ভাগের এক ভাগ পাবেন এবং ওই সম্পত্তির আট ভাগের এক ভাগ পাবেন আপনার মা। বাকি অংশ পাবেন আ
prot_0082_01,suspect,,0.4358,english,"1The Penal Code, 1860",False charge of offence made with intent to injure,আমি একজন ছাত্র। বয়স ২৫ বছর। ছয় মাস আগে আমাদের প্রতিবেশী ২১ বছর বয়সী অবিবাহিত বাকপ্রতিবন্ধী একটি মেয়ে গর্ভপাত করে। মেয়েটি,"যদি ধরে নেওয়া যায় যে বাকপ্রতিবন্ধী মেয়েটির সঙ্গে আপনার দৈহিক সম্পর্ক ছিল, সে ক্ষেত্রে মেয়েটি যেহেতু সাবালিকা, তাই মনে কর"
prot_0072_02,suspect,,0.4371,english,"The Registration Act, 1908",Registering officers to allow inspection of certain books an,"আমার বয়স যখন দশ মাস, তখন আমার বাবা মারা যান। আমি নবম শ্রেণীতে ওঠার পর থেকে আমার বাবার রেখে যাওয়া সম্পত্তি দেখাশোনা করছি।","সাধারণত জমির পরিমাণ নির্ধারিত হয় দলিলের মাধ্যমে অথবা দখলের মাধ্যমে। যে পরিমাণ সম্পত্তি আপনার দখলে আছে, তা দিয়ে আপনি বাবা"
prot_0135_02,suspect,,0.4449,english,"The Muslim Personal Law (Shariat) Application Act, 1937",Application of Personal Law to Muslims,এক ভাই ও চার বোন রেখে আমার মা মারা যান। আমার বাবা জীবিত আছেন। বাবা আরেকটি বিয়ে করেছেন। ওই পক্ষে দুই ভাই ও এক বোন আছে। প্,আপনার মায়ের সম্পত্তিতে আপনার বাবা কিছু অংশ পাবেন এবং বাকি অংশ আপনারা পাবেন। আপনার সৎমা ও সৎভাইবোনেরা আপনার মায়ের সম্পত্ত
prot_0028_02,suspect,,0.4487,english,"The Muslim Personal Law (Shariat) Application Act, 1937",Application of Personal Law to Muslims,"আমরা দুই বোন, ভাই নেই। মা-বাবা বেঁচে আছেন। আমার দুই চাচা এবং পাঁচ ফুফু সবাই বেঁচে আছেন। দাদা-দাদি মারা গেছেন। দুই চাচা আ",বাবার উত্তরাধিকারী হিসেবে আপনার মা আপনার বাবার সম্পত্তির ৮ ভাগের ১ ভাগ পাবেন। বাকি সম্পত্তির ৩ ভাগের ২ ভাগ আপনারা দুই বো
prot_0066_02,suspect,,0.4509,english,"1The Contract Act, 1872",Compensation for loss or damage caused by breach of contract,"আমার এক আত্মীয় সরকারি চাকরি করতেন, বর্তমানে পেনশন পাচ্ছেন। আমার কাছ থেকে কয়েক দফায় দুই লাখ ৮৮ হাজার টাকা নেন ভারতে ব্যবস","বাংলাদেশের সঙ্গে ভারতের দ্বৈত নাগরিকত্বের কোনো বিধান নেই। আপনার আত্মীয় যেভাবে অর্থ স্থানান্তর করেছেন, তাতে অনুমেয় যে তিন"
prot_0083_01,suspect,,0.4523,english,"1The Contract Act, 1872",Termination of agency,পরিবারের প্রধান মা-বাবা চার ছেলে ও তিন মেয়ে রেখে মারা যান। পরবর্তী সময়ে বড় ছেলেও মারা যায়। মায়ের নামে ছয় কাঠা জমির ওপর এ,"যেহেতু আমমোক্তারনামাটি মায়ের মৃত্যুর পরপরই বাতিল হয়ে গেছে, সেহেতু ওই জমিতে গৃহশিক্ষকের আইনগত কোনো অধিকার নেই। সুতরাং এ ক"
prot_0051_02,suspect,,0.4539,english,"The Muslim Personal Law (Shariat) Application Act, 1937",Application of Personal Law to Muslims,"আমার বয়স যখন তিন বছর, তখন আমার মা আমাকে একাকী রেখে মারা যান। তারপর আমার বাবা দ্বিতীয় বিয়ে করেন। সেই সংসারে পাঁচ মেয়ে ও ত","দ্বিতীয় মায়ের ছোট ছেলের সম্পত্তির কোনো অংশ আপনি পাবেন না। আইন অনুযায়ী, আপন ভাইবোন সেই সম্পত্তির অংশীদার হবে। আপনি ও আপনা"
prot_0077_05,suspect,,0.4631,bengali,"ভোক্তা অধিকার সংরক্ষণ আইন, ২০০৯","অবহেলা, ইত্যাদি দ্বারা সেবা গ্রহীতার অর্থ, স্বাস্থ্য, জীবনহা","চিঠিপত্র, পার্সেল ইত্যাদি যথাস্থানে পৌঁছে দেওয়ার জন্য প্রচুর কুরিয়ার সেবাদানকারী প্রতিষ্ঠান রয়েছে দেশে। যথাসময়ে পৌঁছে দে",আজকাল কুরিয়ার সার্ভিস দেওয়ার জন্য বাংলাদেশে প্রচুর বেসরকারি প্রতিষ্ঠানের জন্ম হয়েছে। কিছু সুপ্রতিষ্ঠিত প্রতিষ্ঠান ছাড়া ব
prot_0062_07,suspect,,0.4641,english,"The Muslim Personal Law (Shariat) Application Act, 1937",Application of Personal Law to Muslims,আমার বাবা একজন অবসরপ্রাপ্ত সরকারি কর্মকর্তা। বয়স ৭৪ বছর। মা জীবিত নেই। আমরা তিন ভাইবোন। সবাই ভিন্ন ভিন্ন জায়গায় থাকি। আম,"চিঠির তথ্য অনুযায়ী, আপনার বাবার সঙ্গে গৃহকর্মীর বিবাহটি বৈধ। আপনার বাবা এই বৈবাহিক সম্পর্ক বজায় না রাখতে চাইলে মেয়েটিকে "
prot_0011_02,suspect,,0.4677,english,"The Muslim Personal Law (Shariat) Application Act, 1937",Application of Personal Law to Muslims,"আমরা দুই ভাই, এক বোন। মা মারা গেছেন ২০০৬ সালে। ২০০৯ সালে আমাদের বাবা দ্বিতীয় বিয়ে করেন একজন বিধবাকে নারীকে। যাঁর আগের প",আপনার বাবার মৃত্যুর পর তাঁর সম্পত্তির আট ভাগের এক ভাগ পাবেন তাঁর জীবিত স্ত্রী। বাকি সম্পত্তি আপনারা দুই ভাই এক বোন পাবে
prot_0015_03,suspect,,0.4699,bengali,"সাইবার সুরক্ষা আইন, ২০২৬","যৌন হয়রানি, ব্ল্যাকমেইলিং বা অশ্লীল বিষয়বস্তু প্রকাশ সংক্রান","আমি যখন স্কুলে পড়ি, তখন আমার পাশের বাড়ির একটি ছেলের সঙ্গে সম্পর্কে জড়িয়ে পড়ি। ছেলেটির সঙ্গে আমার শারীরিক সম্পর্ক হয","ছেলেটির কাছে আপনার সঙ্গে তার সম্পর্কের কী ধরনের প্রমাণ আছে, তা জানা প্রয়োজন। পরবর্তী সম্পর্কে ছেলেটি কী ধরনের ক্ষতি করত"
prot_0084_07,suspect,,0.4707,english,"1The Contract Act, 1872",Compensation for loss or damage caused by breach of contract,আমি এক ব্যক্তিকে হ্যান্ডনোটের মাধ্যমে আট লাখ টাকা ধার দিয়েছিলাম। তিনি ওই টাকা ফেরত না দেওয়ার কারণে আমি তাঁর নামে ৪০৬ ও ৪,কোনো উকিলের দলিলের সাক্ষী হতে আইনগত কোনো বাধা নেই। তবে মামলা পরিচালনাকারী উকিল তাঁর মক্কেলের স্বার্থসংশ্লিষ্ট বিষয়ে সাক্
prot_0038_02,suspect,,0.471,mixed,"The Muslim Family Laws Ordinance, 1961",Polygamy,আমার খালার দুই মেয়ে ও এক ছেলে। সাত বছর আগে খালু আমার খালার অনুমতি ছাড়াই দ্বিতীয় বিয়ে করেন। বিষয়টি সালিসের মাধ্যমে সমাধান,আপনি মহিলাবিষয়ক অধিদপ্তরের অধীন নারী নির্যাতন প্রতিরোধ সেলে অভিযোগ করতে পারেন। এ ছাড়া জাতীয় মহিলা আইনজীবী সমিতি অথবা আইন
prot_0054_01,suspect,,0.4723,english,"The Muslim Personal Law (Shariat) Application Act, 1937",Application of Personal Law to Muslims,"আমি মা-বাবার একমাত্র সন্তান। বাবা মারা গেছেন। আমি যে বাড়িতে বসবাস করছি, আমার বাবা ক্রয়সূত্রে সেটির মালিক ছিলেন, যা ২০০১ ","আপনার মায়ের অবর্তমানে আপনার মায়ের সম্পত্তির অংশীদার হবেন আপনার নানা-নানি, আপনার বাবা ও আপনি। এ ক্ষেত্রে আপনার বাবার অংশ "
prot_0059_04,suspect,,0.4741,english,"The Muslim Personal Law (Shariat) Application Act, 1937",Application of Personal Law to Muslims,"আমরা তিন ভাই ও এক বোন। আমরা যখন ছোট ছিলাম, আমার বাবা আমাদের বাড়ির এক কাজের মেয়েকে বিয়ে করেছিলেন। ওই পক্ষের একটি পুত্রসন্",উত্তরাধিকারী হিসেবে আপনার বাবার দ্বিতীয় স্ত্রীর পুত্র আপনারা তিন ভাই ও এক বোনের সঙ্গে আপনার বাবার সম্পত্তির অংশীদার। আপন
prot_0076_05,suspect,,0.4758,english,"The Muslim Personal Law (Shariat) Application Act, 1937",Application of Personal Law to Muslims,"আমাদের পরিবারে নয়জন সদস্য। নয় বছর আগে আমার বাবা মারা যান। ইতিমধ্যে আমাদের পরিবারের খুবই কষ্টকর অবস্থা, তার মধ্যে আমার ছো",আপনার নানির মৃত্যুর পর আপনার মা উত্তরাধিকার হিসেবে নানির সম্পত্তিতে অংশীদার হবেন। এ ক্ষেত্রে আপনার মা আপনার একজন মামার প
prot_0073_04,suspect,,0.4794,english,"The Specific Relief Act, 1877",Discretion of Court as to declaration of status or right. Ba,"আমি স্নাতক (সম্মান) চতুর্থ বষের শিক্ষার্থী। আমরা তিন ভাই। আমার দুটি নাম। একটি ডাক নাম, অন্যটি সার্টিফিকেট বা জাতীয় পরিচয়",সাধারণত মানুষের নাম তার শিক্ষাগত যোগ্যতার সার্টিফিকেট অনুযায়ী নির্ধারিত হয়ে থাকে। রেজিস্টার্ড দলিলে আপনার ডাক নাম ও সার্
prot_0071_02,suspect,,0.4835,english,"The Muslim Personal Law (Shariat) Application Act, 1937",Application of Personal Law to Muslims,আমার বাবারা আট ভাইবোন। আমার দাদার স্থাবর-অস্থাবর সব সম্পত্তি তিনি জীবিত থাকাকালে সন্তানদের নামে একই দলিলে (অংশ উল্লেখ না,বাবার উত্তরাধিকারী হিসেবে এজমালি সম্পত্তিতে আপনারাসহ অংশীদার। আপনার বাবার নিজস্ব সম্পত্তিতে আপনারা দুই ভাই এবং আপনার মা 
prot_0012_04,suspect,,0.4906,english,"The Muslim Personal Law (Shariat) Application Act, 1937",Application of Personal Law to Muslims,আমার বয়স ২২ বছর। আমার বাবা প্রথম পক্ষের স্ত্রীর গর্ভে বাচ্চা থাকা অবস্থায় তাঁকে তালাক দেন। সেটা ১৯৯০ সালে। এখন পর্যন্ত ত,আপনার বাবা জীবিত অবস্থায় তাঁর সম্পত্তি আপনাকে লিখে দিলে সেই সম্পত্তি হবে শুধু আপনার। এই সম্পত্তিতে অন্য কারও অংশ থাকবে ন
ajke_0195_01,suspect,,0.4931,english,"1The Contract Act, 1872",Compensation for loss or damage caused by breach of contract,"প্রশ্ন: আমি একজন গ্রাফিকস ডিজাইনার। অনলাইনে বিভিন্ন ক্লায়েন্টের কাজ করে থাকি। কিন্তু অনেক সময় দেখা যায়, কিছু অসভ্য মা",আপনার জন্য ঠিক হবে কাজের শুরুতে প্রত্যেক ক্লায়েন্টের সঙ্গে একটি চুক্তিপত্র করে নেওয়া। সেখানে কাজ করার আগে ও পরে কীভাবে 
prot_0044_01,suspect,,0.4936,english,"1The Transfer of Property Act, 1882",Saving of donations mortis causa and Muhammadan law,"আমার শ্বশুরের তিন মেয়ে। কোনো ছেলে নেই। তিনি পালক হিসেবে একটি ছেলে নেন। এখন ছেলেটি একটি চাকরি করেন, স্ত্রী-সন্তান নিয়ে ","আপনার শ্বশুর তাঁর জীবিতাবস্থায় যে জমি তাঁর পালক সন্তানকে দান করেছেন, তা হস্তান্তরের পর ফেরত পাওয়া সম্ভব নয়। দান করা স"
prot_0054_02,suspect,,0.4959,english,"The Muslim Personal Law (Shariat) Application Act, 1937",Application of Personal Law to Muslims,আমরা পাঁচ বোন এক ভাই। আমার ভাই ১৯৯৯ সালে ক্যানসারে আক্রান্ত হয়ে মারা যান। তিনি দুই নাবালক ছেলে ও এক বিবাহিত মেয়ে রেখে যা,আপনার বাবা তাঁর জীবদ্দশায় তাঁর সম্পত্তি যাকে ইচ্ছে লিখে দিতে পারেন। এ ছাড়া নাবালককে সম্পত্তি লিখে দিতে আইনত কোনো বাধা নে
prot_0048_03,suspect,,0.4962,english,"The Guardians and Wards Act, 1890",Matters to be considered by the Court in appointing guardian,"১০ বছর আগে আমার বিয়ে হয়, সাত বছরের একটি ছেলে আছে। বিয়ের পর থেকেই স্বামীর সঙ্গে আমার বনিবনা হচ্ছে না। তার পরও সংসার করছিল","আপনার ছেলের বয়স যেহেতু সাত বছর পার হয়েছে, সেহেতু ছেলেটির আইনগত অভিভাবক হবেন আপনার স্বামী। তবে মুসলিম আইনে ক্ষতিপূরণ দেওয়"
prot_0047_06,suspect,,0.4978,english,"The Muslim Family Laws Ordinance, 1961",Dower,"আমি একজন সরকারি চাকরিজীবী। তিন বছর আগে ভালোবেসে একটি মেয়েকে বিয়ে করি। আমার একটি ছেলেসন্তান আছে, তার বয়স ১৮ মাস। সন্তান হ",আপনি অথবা আপনার স্ত্রী যে-ই তালাক প্রদান করুক না কেন দেনমোহরের অর্থ আপনার স্ত্রীর প্রাপ্য। সুতরাং কাবিনের পাওনা আপনার স্
prot_0085_02,suspect,,0.4994,english,"The Muslim Personal Law (Shariat) Application Act, 1937",Application of Personal Law to Muslims,"আমার ছোট ভাই স্নাতক দ্বিতীয় বর্ষে পড়ত। প্রায় দুই বছর হলো সে সিঙ্গাপুরে আছে। সিঙ্গাপুর যাওয়ার দুই মাস পর আমরা জানতে পারি,","আপনার ভাই পরিবারের কথা চিন্তা না করে স্বার্থপরের মতো আচরণ করছেন। প্রাপ্তবয়স্ক হিসেবে আপনার ভাই যদি মেয়েটিকে বিয়ে করেন, ত"
prot_0026_04,middle,75,0.5039,english,"The Muslim Family Laws Ordinance, 1961",Talaq,১৫-১৬ বছর ধরে আমার ভাই মানসিক রোগে আক্রান্ত। সে ছয় বছর ধরে পাবনা মানসিক হাসপাতালে চিকিৎসা নিচ্ছে। সে বিবাহিত এবং তার এক,আপনার ভাইয়ের বিয়ে এখনো বৈধ আছে। নিয়ম অনুযায়ী তালাক প্রদান না করা পর্যন্ত তাঁদে বিবাহিত ধরা হবে
prot_0001_03,suspect,,0.5054,english,"1The Transfer of Property Act, 1882",“Sale” defined,আমি হিন্দু ধর্মাবলম্বী। আমার মামা একজন এবং মায়েরা দুই বোন। আমার প্রশ্ন হলো— ১. আমার দিদিমা (মায়ের মা) ২০১৩ সালে আমার ম,হিন্দু ধর্মে নারীরা সম্পত্তির উত্তরাধিকারী হবেন না। তবে জীবদ্দশায় তাঁরা সম্পত্তি ভোগ করতে পারবেন। জীবদ্দশায় মেয়েরা প্রয়
prot_0048_01,middle,22,0.5078,english,"The Muslim Personal Law (Shariat) Application Act, 1937",Application of Personal Law to Muslims,আমি বিদেশে চাকরি করছি। দেশের বাইরে থাকাকালীন আমার মা-বাবা বাংলাদেশে আমার জন্য মেয়ে দেখেন এবং মোবাইল ফোনের মাধ্যমে আমাদের,"মোবাইল ফোনে আপনাদের বিয়েটি একটি বৈধ বিবাহ। তবে যেহেতু আপনাদের বৈবাহিক সম্পর্ক সম্পূর্ণ হয়নি, সেহেতু মোহরানার অর্ধেক অংশ "
prot_0055_02,suspect,,0.5081,english,"The Muslim Personal Law (Shariat) Application Act, 1937",Application of Personal Law to Muslims,আমার বাবার দুই স্ত্রী। আমি ছোট মায়ের সন্তান। আমার আরও দুটি ভাই আছে আমার মায়ের গর্ভের। এ ছাড়া বড় মায়ের ঘরের দুই ছেলে রয়েছ,আপনার মৃত্যুর পর আপনার সম্পত্তির ওয়ারিশ হবেন আপনার মা-বাবা ও দুই ভাই। আপনার বৈমাত্রেয় ভাইয়েরা আপনার সম্পত্তির অংশ পাবেন 
prot_0046_01,middle,59,0.51,bengali,"পারিবারিক আদালত আইন, ২০২৩",পারিবারিক আদালতের এখতিয়ার,"প্রায় চার বছর সম্পর্কের পর আমি বিয়ে করি। বিয়ের শর্ত ছিল, যেহেতু আমার দুই ভাই বিদেশে অবস্থান করছেন, তাই আপাতত শুধু কাবিন ",আপনার বিবাহিত স্ত্রীর সমস্যার আইনগত কোনো সমাধান নেই। ব্যক্তিগত কারণে আপনি বিয়ের সামাজিক আনুষ্ঠানিকতার সময় দীর্ঘায়িত করেছ
prot_0035_02,suspect,,0.5133,mixed,"পারিবারিক আদালত আইন, ২০২৩",পারিবারিক আদালতের এখতিয়ার,"আমার বাবার দুই স্ত্রী। প্রথম পরিবারে তিন ছেলে। দ্বিতীয় পরিবারে তিন ছেলে, এক মেয়ে। আমি দ্বিতীয় পরিবারের ছেলে। আমার বাব",আপনার বাবার সদিচ্ছা ছাড়া আপনাদের পক্ষে তাঁর ফান্ড থেকে টাকা পাওয়া সম্ভব নয়। তবে ভরণপোষণের জন্য আপনারা আদালতে মামলা কর
prot_0068_06,suspect,,0.5136,english,"The Muslim Personal Law (Shariat) Application Act, 1937",Application of Personal Law to Muslims,আমার মায়েরা চার বোন। কোনো ভাই নেই। ২০০৪ সালে আমার ছোট খালার বিয়ের পর থেকে খালু ঘরজামাই হিসেবে থাকেন। নানা জমি বণ্টন করেন,"চিঠির তথ্য অনুযায়ী সম্পত্তির মালিক হচ্ছেন আপনার নানা। তিনি জীবদ্দশায় যেভাবে ইচ্ছা পোষণ করেন, সেভাবে সম্পত্তি বিলি-বণ্টন "
prot_0066_07,suspect,,0.5167,english,"1The Evidence Act, 1872",Burden of proving that person is alive who has not been hear,আমার দাদা মারা যাওয়ার সময় তাঁর তিন ছেলে ও তিন মেয়ে রেখে যান। আমার বড় চাচা মানসিক ভারসাম্যহীন এবং অবিবাহিত অবস্থায় মারা য,"আপনার বড় চাচা মারা যাওয়ার সময় যদি আপনার বাবা বেঁচে থাকেন, সে ক্ষেত্রে আপনার বাবা অন্য ভাইবোনের সঙ্গে আপনার বড় চাচার সম্প"
prot_0065_06,suspect,,0.5175,english,"The Muslim Family Laws Ordinance, 1961",Dower,আমার বয়স ২৬ বছর। বিয়ে হয়েছে ২০০৯ সালে। বিয়ের ১০-১৫ দিন পরই আমার স্বামী বিদেশে চলে যান। বিয়েতে তাঁকে দেড় লাখ টাকা যৌতুক হ,"দেনমোহরের বাকি এক লাখ টাকা আপনার প্রাপ্য। এ ছাড়া আপনার স্বামীর সম্পত্তিতেও আপনি অংশীদার। যেহেতু আপনার কোনো সন্তান নেই, স"
prot_0045_01,suspect,,0.5189,english,"The Muslim Personal Law (Shariat) Application Act, 1937",Application of Personal Law to Muslims,আমার বাবার তিন স্ত্রী। প্রথম স্ত্রীর ঘরে তিন মেয়ে। দ্বিতীয় স্ত্রীর (আমার মা) ঘরে দুই ছেলে ও এক মেয়ে। তৃতীয় স্ত্রীর ঘরে ক,আপনারা আপনাদের সৎমায়ের সম্পত্তির অংশীদার হবেন না। যেহেতু আপনার পিতার তৃতীয় স্ত্রী পিতার আগে মৃত্যুবরণ করেছেন সেহেতু বাকি
prot_0088_04,suspect,,0.5201,english,"The Guardians and Wards Act, 1890",Limitation of powers of guardian of property appointed or de,আমার বয়স ২৫ বছর। আমার আব্বা দুই বিয়ে করেন। প্রথম স্ত্রী মারা যাওয়ার পর দ্বিতীয় বিয়ে করেন। আমি দ্বিতীয় পক্ষের ছেলে। আমরা ,"পত্রে আপনি ৭২ শতাংশ জমি তিন বোনকে দেওয়ার কথা উল্লেখ করেছেন। কিন্তু ওই জমি দান, বিক্রি অথবা অন্য কীভাবে হস্তান্তর করেছিলে"
prot_0033_01,suspect,,0.521,english,"The Muslim Personal Law (Shariat) Application Act, 1937",Application of Personal Law to Muslims,এক ব্যক্তি তিন মেয়ে ও এক ছেলে রেখে মারা যান। তাঁর স্ত্রী আবার বিয়ে করেন। এরই মধ্যে তাঁর আগের পক্ষের ছেলেটি মারা যায় এবং ,মৃত ছেলেটির অংশ তার মা ও বোনদের প্রাপ্য। মায়ের দ্বিতীয় ঘরের ছেলে সন্তান তার মায়ের সম্পত্তির অংশীদার হবে। সৎপিতার সম্পত্ত
prot_0035_01,suspect,,0.5213,mixed,"পারিবারিক আদালত আইন, ২০২৩",পারিবারিক আদালতের এখতিয়ার,আমি একজন গৃহিণী এবং তিন সন্তানের মা। আমার স্বামী আমাকে না জানিয়ে ঢাকায় বিয়ে করেছেন। এখন আমাদের ভরণপোষণ দেওয়া বন্ধ কর,চেয়ারম্যানের সাদা স্ট্যাম্প কাগজে সই নেওয়ার বিষয়টি পরিষ্কার নয়। ভরণপোষণের জন্য আপনি পারিবারিক আদালতে মামলা করতে পারে
prot_0036_07,suspect,,0.5213,mixed,"পারিবারিক আদালত আইন, ২০২৩",পারিবারিক আদালতের এখতিয়ার,আমি একজন গৃহিণী এবং তিন সন্তানের মা। আমার স্বামী আমাকে না জানিয়ে ঢাকায় বিয়ে করেছেন। এখন আমাদের ভরণপোষণ দেওয়া বন্ধ করে দি,চেয়ারম্যানের সাদা স্ট্যাম্প কাগজে সই নেওয়ার বিষয়টি পরিষ্কার নয়। ভরণপোষণের জন্য আপনি পারিবারিক আদালতে মামলা করতে পারেন। আ
prot_0056_05,suspect,,0.5218,bengali,"পারিবারিক আদালত আইন, ২০২৩",পারিবারিক আদালতের এখতিয়ার,আমি স্নাতক পর্যায়ে পড়াশোনা করছি। আমার বাবা একটি ব্যাংকে কর্মরত। তিনি প্রথম স্ত্রী থাকা সত্ত্বেও আমার মাকে জোরপূর্বক বিয়ে,আপনার বাবা জীবিত অবস্থায় তাঁর সম্পত্তি অন্য ছেলেমেয়েকে লিখে দিলে আপনার করণীয় কিছু নেই। জীবিত অবস্থায় তিনি তাঁর সম্পত্তি 
prot_0087_05,suspect,,0.5221,english,"The Muslim Personal Law (Shariat) Application Act, 1937",Application of Personal Law to Muslims,"একটি বাড়িতে চার ভাই আলাদাভাবে বসবাস করতেন। তাঁদের নাম যথাক্রমে ক, খ, গ ও ঘ। একসময় ‘খ’ তাঁর স্ত্রী ও এক মেয়ে রেখে মারা যা","আপনার চিঠির প্রথম প্রশ্নের জবাবে জানাচ্ছি, মরহুম খ-এর ভাইয়েরা তাঁর সম্পত্তির অংশ পাবেন। তবে মরহুম খ-এর কন্যা এ ক্ষেত্রে "
prot_0054_04,suspect,,0.5221,mixed,"1The Penal Code, 1860",Punishment for wrongful confinement,"পরিবারের সদস্যদের মধ্যে আমি ছোট এবং শিক্ষাগত যোগ্যতার (স্নাতকোত্তর) দিক দিয়ে এগিয়ে। আর আমার বাবা, মা ও ভাই গোঁড়ামির দিক ",প্রাপ্তবয়স্ক ছেলেমেয়েকে তার ইচ্ছের বিরুদ্ধে আটকে রাখা অথবা তার চলাচলে প্রতিবন্ধকতা সৃষ্টি করা আইনের পরিপন্থী কিন্তু এসবে
prot_0091_06,suspect,,0.5225,english,"The Hindu Women's Rights to Property Act, 1937",Devolution of property,"আমার নাম বৃষ্টি। উচ্চমাধ্যমিকে পড়ছি। বয়স ১৯-২০ বছর। যখন আমার বয়স চার-পাঁচ বছর, তখন আমার বাবা মারা যান। আমার বাবার বড় ভাই",অবিবাহিত মেয়ে হিসেবে আপনি আপনার বাবার সম্পত্তি থেকে ভরণ-পোষণ পাওয়ার অধিকারী। যদিও দায়ভাগা আইন অনুযায়ী আপনি বিয়ের পর বাবা
prot_0015_01,suspect,,0.5231,english,"The Muslim Personal Law (Shariat) Application Act, 1937",Application of Personal Law to Muslims,বিয়ের এক বছর আগেই আমার স্বামী কোনো কারণে তাঁর পরিবার ছাড়তে বাধ্য হন। আমার সম্মতি ছাড়াই অভিভাবকেরা তাঁর সঙ্গে আমার বিয,আপনার শ্বশুর জীবিত অবস্থায় তাঁর সম্পত্তি থেকে খুশি হয়ে আপনাদের দিয়ে যেতে পারেন। তিনি জীবিত থাকা অবস্থায় তাঁর সম্পত্ত
prot_0020_01,suspect,,0.5231,english,"1The Penal Code, 1860",Adultery,আমি স্নাতকোত্তর শেষ করে চাকরি খুঁজছি। পাশের বাসার এক নারী তাঁর স্বামী ও দুই সন্তানসহ থাকেন। প্রতিবেশী হিসেবে তাঁর বাসায়,আমাদের বিয়ে হয়েছে চার বছর। আমার স্বামী নিয়মিত আমার ওপর নির্যাতন চালান। আমাদের তিন বছরের একটি মেয়ে আছে। আমি তালাক চাই
prot_0067_01,suspect,,0.5235,english,"The Guardians and Wards Act, 1890",Title of guardian to custody of ward,স্বামীর দ্বিতীয় বিয়ে এবং দাম্পত্য কলহের কারণে আমি গত বছরের ১৮ মে নোটারি পাবলিকের মাধ্যমে আমার স্বামীকে তালাক দিই। আমাদের,মুসলিম আইনে সন্তানের আইনানুগ অভিভাবক হচ্ছেন বাবা। কিন্তু একজন মা হেফাজতকারী হিসেবে ছেলেসন্তানকে সাত বছর এবং মেয়েসন্তানকে
prot_0056_02,suspect,,0.5269,english,"The Partnership Act, 1932",Dissolution on the happening of certain contingencies,একটি সরকারি নির্মাণ অধিদপ্তরের তালিকাভুক্ত ঠিকাদার গত বছর মারা যান। তিনি তাঁর ছেলেকে এফিডেভিটের মাধ্যমে প্রতিষ্ঠানের ব্য,তালিকাভুক্ত ঠিকাদার একটি প্রতিষ্ঠান হয়ে থাকলে তা ঠিকাদারের মৃত্যুর পরও চলতে পারে। তবে মৃত ব্যক্তির সঙ্গে চুক্তি অথবা মৃত
prot_0080_04,suspect,,0.5285,english,"The Muslim Personal Law (Shariat) Application Act, 1937",Application of Personal Law to Muslims,আমার বয়স ৩১ বছর। ২০০৬ সালের অক্টোবরে প্রবাসী এক ছেলের সঙ্গে টেলিফোনে আমার বিয়ে হয়। অনুষ্ঠানে ছেলের এক বন্ধু ছাড়া তার পরি,আপনার বিয়েতে কাবিননামা হয়েছিল কি না অথবা দেনমোহর নির্ধারিত হয়েছিল কি না সে ব্যাপারটি পরিষ্কার নয়। যেহেতু আপনার বিয়ে টেলি
prot_0081_02,suspect,,0.5301,mixed,"The Specific Relief Act, 1877",Perpetual injunctions when granted,আমার ছোট বোন বিদেশে থাকেন। রাজশাহী শহরে তাঁর ০.০৭৪২৫ একর জমি আছে। এ জমিতে বাড়ি তৈরির যাবতীয় কাজ করার জন্য সে আমাকে লিখিত,আপনার সমস্যাটি এলাকার গণ্যমান্য লোকের সামনে উপস্থাপন করতে পারেন। সাধারণত এ ধরনের সমস্যা সালিসের মাধ্যমে সমাধান করা সম্ভব
prot_0050_03,suspect,,0.5301,english,"1The Transfer of Property Act, 1882",“Gift” defined,"আমরা দুই ভাইবোন। প্রায় ১৫ বছর আগে আমাদের মা-বাবার তালাক হয়ে যায়। এখন আমি, মা, ভাই ও নানিকে নিয়ে আমাদের সংসার। নানা মারা ",আপনার নানি দানপত্রের মাধ্যমে আপনার মাকে তাঁর ২ শতাংশ জমি ফেরত দিলে সেই জমির প্রকৃত মালিক হবেন আপনার মা। আপনার মা জীবদ্দশ
prot_0047_01,suspect,,0.5308,english,"The Muslim Personal Law (Shariat) Application Act, 1937",Application of Personal Law to Muslims,আমার চাচা প্রচুর সম্পত্তির মালিক। তাঁর কিছু সম্পত্তি স্ত্রীর নামে আছে। চাচাকে লেখাপড়ার খরচ দিয়েছেন আমার বাবা। আমার বাপ-চ,আপনার চাচা যদি জীবিত অবস্থায় তাঁর যাবতীয় সম্পত্তি তাঁর স্ত্রী অর্থাৎ আপনাদের চাচির বরাবর হস্তান্তর করে থাকেন সে ক্ষেত্রে
prot_0065_04,suspect,,0.5322,english,"1The Transfer of Property Act, 1882",“Gift” defined,স্বামী ও দুই মেয়ে নিয়ে আমার পরিবার। আমি একটি ফ্ল্যাট কিনে বসবাস করছি এবং আমার কিছু ‘পরিবার সঞ্চয়পত্র’ আছে। আমার অবর্তমান,মুসলিম আইনে উইল করার ক্ষেত্রে বিভিন্ন বাধানিষেধ আছে। আপনি রেজিস্টার্ড দানপত্রের মাধ্যমে ফ্ল্যাটটির মালিকানা মেয়েদের কাছে
prot_0082_04,suspect,,0.5327,english,"The Muslim Personal Law (Shariat) Application Act, 1937",Application of Personal Law to Muslims,ছয় বছর বয়সে আমার মা মারা যাওয়ার পর বাবা আমার খালাকে বিয়ে করেন। আমি অনার্স তৃতীয় বর্ষে পড়ি। কিছুদিন আগে আমার বাবা মারা যা,আপনি চিঠিতে অফিসের কাগজপত্র সই করার কথা উল্লেখ করেছেন। এ ধরনের কাগজে কী লেখা ছিল এবং আপনারা কত বছর বয়সে তাতে সই করেছেন ত
ajke_0192_01,middle,172,0.5334,english,"The Specific Relief Act, 1877",Discretion of Court as to declaration of status or right. Ba,প্রশ্ন: আমার বাবা একজন ব্যাংক কর্মকর্তা ছিলেন। তিনি সম্প্রতি মারা গেছেন। বাবা বেঁচে থাকা অবস্থায় আমাদের দেশের বাড়িতে দ,"অবশ্যই পারবেন, তবে তার জন্য আপনাকে পরিবারের সঙ্গে একটি মীমাংসা করতে হবে। আর তা করতে ব্যর্থ হলে আদালতের আশ্রয় নিতে হবে। "
prot_0055_04,suspect,,0.5361,english,"The Specific Relief Act, 1877",Cases in which specific performance enforceable,আমার বাবার দুই ভাই এক বোন। বোন সবার বড়। বাবা তাঁর বড় বোনের স্বামীর কাছ থেকে ২০ বছর আগে ৫০ কাঠা জমি ৪০ হাজার টাকায় কিনেছি,আপনার বাবা তাঁর বড় বোনের স্বামীর বিরুদ্ধে সুনির্দিষ্ট প্রতিকার আইনের আওতায় চুক্তিপ্রবলের (এনফোর্সমেন্ট অব কনট্র্যাক্ট) ম
prot_0050_04,suspect,,0.5362,english,"The Muslim Personal Law (Shariat) Application Act, 1937",Application of Personal Law to Muslims,আমার স্বামী ব্যাংকের কর্মকর্তা ছিলেন। তিনি ২০০৮ সালে চাকরিরত অবস্থায় মারা যান। স্বামীর ওয়ারিশ হিসেবে তাঁর চার কন্যাসন্তা,আপনার স্বামীর মৃত্যুর পর আপনার স্বামীর স্থাবর সম্পত্তির আট ভাগের এক ভাগের অংশীদার হবেন আপনি। বাকি সম্পত্তির তিন ভাগের দু
prot_0006_03,suspect,,0.5377,english,"The Code of Criminal Procedure, 1898",When bail may be taken in case of non-bailable offence,আমার দুলাভাই পাটের একজন আড়তদার। তাঁর আড়তে একজন পাট বিক্রি করতে এলে শ্রমিকের সঙ্গে মারামারি হয়। লোকটি পরের দিন বাড়িতে,"মামলাটি কোন পর্যায়ে আছে, তা চিঠির ভাষায় পরিষ্কার নয়। আপনার দুলাভাই আদালতে হাজির হয়ে জামিনের প্রার্থনা করতে পারেন। জামিন"
prot_0071_04,middle,113,0.5377,english,"The Specific Relief Act, 1877",When cancellation may be ordered,১৯৬৬ সালে আমার দাদা মারা যান। তখন আমার বাবার বয়স ছয় মাস। সে সময় আমার দাদি আমার দাদার সব জমি বিক্রি করে তাঁর ভাইয়ের কাছে ,চিঠির তথ্য অনুযায়ী আপনার দাদি অনেক আগে আপনার দাদার পুরো সম্পত্তি বিক্রি করে দিয়েছেন। আপনার বাবা অথবা ফুপু ওই সম্পত্তি পু
ajke_0191_01,middle,134,0.5379,english,"The Muslim Personal Law (Shariat) Application Act, 1937",Application of Personal Law to Muslims,প্রশ্ন: আমরা চার বোন। কোনো ভাই নেই। কিছুদিন আগে বাবা মারা গেছেন। বাবা মারা যাওয়ার পরপরই চাচাতো ভাইয়েরা সম্পত্তি নিয়ে নান,"না, সত্যি নয়। মৃত্যুর সময় ওয়ারিশ হিসেবে তিনি স্ত্রী, চার কন্যাসন্তান এবং ভাইবোন রেখে গেছেন। প্রশ্ন থেকে যতটুকু বুঝতে পার"
ajke_0172_01,suspect,,0.5392,bengali,"জন্ম ও মৃত্যু নিবন্ধন আইন, ২০০৪",,"প্রশ্ন: মা-বাবা যার সঙ্গে আমাকে বিয়ে দিয়েছিল, তাকে আমার পছন্দ ছিল না বলে গাজীপুর কোর্ট থেকে ডিভোর্স দিই। পরে সেখানেই পছন",এ ক্ষেত্রে আপনার মা-বাবার সঙ্গে দেখা করে তাঁদের কাছ থেকে প্রয়োজনীয় কাগজ বুঝে নিতে পারেন। এতে কাজ না হলে গাজীপুর সিটি ক
prot_0056_06,suspect,,0.5393,english,"The Muslim Personal Law (Shariat) Application Act, 1937",Application of Personal Law to Muslims,"আমার খালু এক ছেলে, এক মেয়ে ও স্ত্রীকে রেখে মারা যান। কিছুদিন পর খালার দেবরের সঙ্গে খালার দ্বিতীয় বিয়ে হয়। প্রথম সংসারের ",আপনার চিঠির তথ্য অনুযায়ী আপনার খালার রেখে যাওয়া উত্তরাধিকারীদের তালিকা অসম্পূর্ণ। আপনার মৃত খালার অন্য কোনো জীবিত উত্তরা
prot_0047_04,middle,129,0.5393,english,"The Guardians and Wards Act, 1890",Matters to be considered by the Court in appointing guardian,"আমাদের দাম্পত্য জীবন ১৬ বছরের। আমার দুটি কন্যাসন্তান আছে। বড় মেয়ে পড়ে পঞ্চম শ্রেণীতে, আর ছোট মেয়ে পড়ে তৃতীয় শ্রেণীতে। আম",দ্বিতীয় বিবাহের ফলে আপনার সন্তানদের হেফাজতকারী হিসেবে আপনি আপনার অধিকার হারাবেন। মুসলিম আইন অনুযায়ী মেয়েসন্তানেরা যৌবনপ্
prot_0076_03,suspect,,0.5401,english,"1The Transfer of Property Act, 1882",“Exchange” defined,আমি বর্তমানে একটা চার্টার্ড অ্যাকাউনট্যান্সি (সিএ) প্রতিষ্ঠানে শিক্ষানবিশ হিসেবে কাজ করছি। আমরা দুই ভাই ও পাঁচ বোন। আমার,চিঠির তথ্য অনুযায়ী আপনারা বাবার সঙ্গে তাঁর ভাতিজার বিনিময় চুক্তিটি বাতিল ও আপনার বাবার আড়াই কাঠা জমির দখল হস্তান্তরের মা
prot_0056_01,suspect,,0.5403,english,"1The Contract Act, 1872",Compensation for loss or damage caused by breach of contract,কিছুদিন আগে আমি আমার এক পরিচিত ব্যক্তিকে একটি বিশেষ কাজ করার জন্য ৫০ হাজার টাকা দিয়েছিলাম। টাকা দেওয়ার সময় একটি ১৫০ টাকা,টাকা ফেরত পাওয়ার জন্য আপনাকে আদালতে মোকদ্দমা করতে হবে। এ ধরনের মামলা খরচ ও সময়সাপেক্ষ। ভবিষ্যতে টাকা ধার দেওয়ার ব্যাপারে
prot_0077_04,suspect,,0.5408,english,"The Specific Relief Act, 1877",Discretion of Court as to declaration of status or right. Ba,আমি ১৫ বছর আগে একটি নামকরা প্রতিষ্ঠানের মার্কেট থেকে একটি দোকান কিনি আমার নামে। দোকানের কাগজপত্র আমার কাছে আছে। আমার এক ,"আপনার সমস্যা সমাধানের ক্ষেত্রে আপনি দুই ধরনের পদক্ষেপ নিতে পারেন। প্রথমত, আপনি দোকানের দখল পুনরুদ্ধারের জন্য দেওয়ানি আদা"
prot_0052_02,suspect,,0.5414,english,"1The Transfer of Property Act, 1882",Transfer how effected,"আমরা এক ভাই, এক বোন। আমার বয়স ২৩, বোনের ১৪। বছর খানেক আগে আমার মা মারা যাওয়ার পর আমার বাবা দ্বিতীয় বিয়ে করেন। দ্বিতীয় বি",আপনার বাবার জীবদ্দশায় তাঁর সম্পত্তি তিনিই ভোগ করবেন। তবে জীবিত থাকাকালীন তিনি তাঁর সম্পত্তি যাকে ইচ্ছা লিখে দিতে পারেন। 
prot_0003_05,middle,78,0.5438,english,"The Guardians and Wards Act, 1890",Power of the Court to make order as to guardianship,আমি ও আমার স্ত্রী দুজনই সরকারি চাকরিজীবী। আমরা আমাদের এক দরিদ্র দূরসম্পর্কের আত্মীয়ের এক মাস বয়সী কন্যাকে তাঁদের পূর্ণ স,প্রথমেই উল্লেখ্য যে মুসলিম আইনে দত্তক নেওয়ার কোনো বিধান নেই। সুতরাং ছালছাবিলকে সন্তান হিসেবে গ্রহণের আইনগত কোনো বিধান ন
prot_0076_01,middle,34,0.5445,english,"The Muslim Personal Law (Shariat) Application Act, 1937",Application of Personal Law to Muslims,আমার নানার চার ছেলে দুই মেয়ে। নানা ও নানি মারা গেছেন। নানার সম্পত্তি ছেলেমেয়েদের মধ্যে কী অনুপাতে ভাগ করা হবে? তাঁর ২০ ব,মুসলিম শরিয়ত আইন অনুযায়ী উত্তরাধিকার হিসেবে বোন তার ভাইয়ের অর্ধেক অংশ সমান সম্পত্তির অংশীদার। যেহেতু আপনার নানার চার ছেল
prot_0015_02,middle,171,0.545,english,"The Muslim Family Laws Ordinance, 1961",Succession,"আমার দাদা-দাদির পাঁচ ছেলে ও দুই মেয়ে। ১৯৭৭ সালে আমার বয়স যখন দুই বছর, তখন আমার বাবা মারা যান। আমি আমার বাবার একমাত্র ম",প্রতিনিধিত্ব আইনের বলে আপনার দাদা-দাদির সম্পত্তিতে আপনার বাবার প্রাপ্য অংশের হকদার আপনি এবং আপনার মা। এ ক্ষেত্রে আপনার ম
prot_0035_03,middle,12,0.5451,mixed,"The Muslim Personal Law (Shariat) Application Act, 1937",Application of Personal Law to Muslims,"আমরা পাঁচ ভাই, পাঁচ বোন। আমার বাবা গত বছর মারা যান। তিনি তাঁর বড় সন্তানের নামে তুলনামূলক বেশি সম্পত্তি রেখে গেছেন। মৃত্",আপনার বাবা তাঁর জীবদ্দশায় যে সম্পত্তি তাঁর অন্য ছেলেদের নামে কিনেছেন তাতে আপনাদের কোনো অধিকার নেই। মুসলিম আইন অনুযায়ী 
prot_0070_04,suspect,,0.5451,english,"1The Contract Act, 1872",Compensation for loss or damage caused by breach of contract,২০০৬ সালে আমার এক আত্মীয়কে তিন লাখ টাকা দিয়েছিলাম ব্যবসার জন্য। সে বলেছিল আমাকে কিছু লাভ দেবে। কিন্তু সে লাভের টাকা দেওয়,"আপনি আপনার টাকা ফেরত পাওয়ার জন্য উপযুক্ত দেওয়ানি আদালতের দ্বারস্থ হতে পারেন। আপনি যে প্রতারণার শিকার হয়েছেন, সেই প্রতারণ"
prot_0004_02,middle,51,0.546,mixed,"The Muslim Family Laws Ordinance, 1961",Maintenance,"আমরা পাঁচ ভাই, এক বোন। আমি দ্বিতীয়। আমার বড় ভাই আমার মেজো চাচার মেয়েকে বিয়ে করেছিলেন। তাঁর দুই মেয়ে (চার ও তিন বছর বয়সী",আপনার ভাই বাড়ি থেকে পালিয়ে গেলেও স্ত্রীর পোষণ ও ছোট মেয়েদের ভরণপোষণ তাঁদের প্রাপ্য। ভরণপোষণ ছাড়াও প্রয়োজনে স্ত্রীর দেনম
prot_0056_03,suspect,,0.5466,english,"The Specific Relief Act, 1877",Cases in which specific performance enforceable,আমার দাদা ২০০৪ সালে ফুফুর বিয়েতে খরচের জন্য দেড় বিঘা জমি পাশের গ্রামের এক লোকের কাছে বিক্রি করেন। তাঁর কাছে দাদা ৫০ হাজা,২০০৪ সালের সংশোধিত নিবন্ধন আইনে সব ধরনের বিক্রয় ও হস্তান্তরের ক্ষেত্রে নিবন্ধন বাধ্যতামূলক করা হয়েছে। চুক্তি বাস্তবায়নের
prot_0063_05,suspect,,0.5467,english,"1The Penal Code, 1860",Kidnapping or abducting or inducing woman to compel her marr,আমার বয়স ২১। স্নাতক পর্যায়ে পড়ছি। বাবা-মা আমাকে অনিচ্ছা সত্ত্বেও জোরপূর্বক বিয়ে দেওয়ার চেষ্টা করছেন। আমি এখন বিয়েতে রাজি,মুসলিম আইনে বিবাহের জন্য ছেলেমেয়ে উভয় পক্ষের সম্মতি প্রয়োজন। সুতরাং সম্মতি ছাড়া বাবা-মা আপনাকে বিয়ে দিতে পারবেন না। আপনা
prot_0075_03,suspect,,0.5485,bengali,"নারী ও শিশু নির্যাতন দমন আইন, ২০০০","যৌতুকের জন্য মৃত্যু ঘটানো, ইত্যাদির শাস্তি",আমার স্বামী আমাকে যৌতুকের দাবিতে প্রায়ই নির্যাতন করত। আমার বাবার আর্থিক অবস্থা মোটেও ভালো ছিল না। আমার স্বামী আমাকে একদি,নারী ও শিশু নির্যাতন আইনের আওতায় অপরাধগুলো আপসযোগ্য নয়। আপনার চিঠিতে উল্লিখিত মীমাংসা বা আপসনামার আইনগত কোনো ভিত্তি নেই।
prot_0077_06,suspect,,0.5515,english,"1The Contract Act, 1872",What considerations and objects are lawful and what not,কিছুদিন আগে স্বাস্থ্য খাতে লোক নিয়োগের পরীক্ষা হয়। এ সময় একজন নেতা আমাকে স্বাস্থ্য খাতে চাকরি দেবে বলে লিখিত পরীক্ষার আগ,লিখিত পরীক্ষায় পাসের জন্য যেকোনো ধরনের লেনদেন নিষিদ্ধ ও গর্হিত কাজ। ওই ব্যক্তিকে অর্থ প্রদান করে আপনিও এই গর্হিত অপরাধের
prot_0011_05,suspect,,0.5515,mixed,"The Muslim Personal Law (Shariat) Application Act, 1937",Application of Personal Law to Muslims,আমি আমার বাবার দ্বিতীয় পক্ষের মেয়েসন্তান। আমরা দুই বোন এক ভাই। বড় বোন বিবাহিত। আমি স্নাতক (সম্মান) চতুর্থ বর্ষে আর আম,আপনার বাবা তাঁর জীবিত অবস্থায় তাঁর সম্পত্তি অন্য কাউকে লিখে দিতে পারেন। সে ক্ষেত্রে উত্তরাধিকারীরা ওই সম্পত্তির অধিকার হ
prot_0128_05,middle,183,0.5521,english,"1The Transfer of Property Act, 1882",Saving of donations mortis causa and Muhammadan law,আমার বাবা জীবিত থাকাকালে মাকে ৩০ শতাংশ জমি একটি স্ট্যাম্পে লিখে দান করে দিয়ে যান। আমরা দুই ভাই ও তিন বোন। বাবার মৃত্যুর ,আপনার মা আপনাকে যথাযথভাবে এবং রেজিস্ট্রি করে দান করে দিয়ে গেলে অন্য ভাইবোন এ সম্পত্তি দাবি করতে পারবে না। যেহেতু আপনাকে 
prot_0084_02,suspect,,0.5525,english,"The Specific Relief Act, 1877",Discretion of Court as to declaration of status or right. Ba,আমার বাবার জমি উত্তর-দক্ষিণ রাস্তার পূর্ব পাশে। তার পূর্ব পাশে আমার বাবা আমার নামে ৩৩ শতাংশ জমি ক্রয় করেন আমার এক চাচার ,"আপনাকে আপননার ক্রয়কৃত (৩৩ শতক) ভূমি থেকে বা বন্ধকি নেওয়া সম্পত্তি থেকে বেদখল করা হয়েছে, সে ব্যাপারটি চিঠিতে পরিষ্কার নয়।"
prot_0084_06,middle,77,0.5528,english,"1The Transfer of Property Act, 1882",Transfer how effected,আমার দাদার বাবারা তিন ভাই। দাদা তাঁর ছোট চাচার একমাত্র মেয়েকে বিয়ে করেছেন। আমার দাদির কোনো ভাইবোন নেই। দাদি তাঁর বাবার ক,আপনার দাদির বাবা তাঁর জীবদ্দশায় তাঁর সম্পত্তি দাদির নামে দান করে দিয়েছেন। এই দানবলে আপনার দাদি ওই সম্পত্তির মালিক স্বত্ব
prot_0030_03,middle,136,0.5546,english,"The Muslim Family Laws Ordinance, 1961",Dower,১৯৮২ সালে পঞ্চাশ হাজার টাকা দেনমোহরে আমার বিয়ে হয়। উশুল ছিল ১৫ হাজার টাকা ও ৪ ভরি সোনার গহনা। ১৯৮৪ সালে সেই গহনা বিক্রি ,মোহরানা হচ্ছে স্বামীর কাছে স্ত্রীর একধরনের ঋণ এবং এই ঋণ চাহিবামাত্র পরিশোধযোগ্য। সুতরাং বিবাহিত থাকাকালীন সময়ও ওই দেনমোহ
prot_0043_05,middle,84,0.5546,english,"The Muslim Family Laws Ordinance, 1961",Talaq,আমার তালাক হয়েছে ২০১১ সালে। এখন আমার সাবেক স্বামী আবার আমাকে বিয়ে করতে চাইছে। এই বিয়ে কি ইসলামি আইনে হতে পারে? আমার ম,"মুসলিম পারিবারিক অধ্যাদেশ ১৯৬১ অনুযায়ী, একই স্বামীর সঙ্গে পুনরায় বিবাহবন্ধনে আবদ্ধ হতে কোনো বাধা নেই। এবং এ ক্ষেত্রে অ"
prot_0079_02,suspect,,0.5556,english,"The Specific Relief Act, 1877",Discretion of Court as to declaration of status or right. Ba,"আমার বাবা মারা যান ১৯৮৮ সালে। তিনি জানতেন না যে, আমাদের গ্রামের বাড়িতে তাঁর নামে ১৪ শতাংশ জায়গা আছে। কিছুদিন আগে আমার বড়",আপনি দেওয়ানি আদালতে বিক্রি বাতিল ও দখল হস্তান্তরের মামলা করতে পারেন। কিন্তু এ ধরনের মামলা কিছুটা সময় ও ব্যয়সাপেক্ষ। তবে 
prot_0065_05,middle,44,0.5565,english,"1The Transfer of Property Act, 1882",“Sale” defined,আমার বাবার নামে ঢাকা ক্যান্টনমেন্টের কাছে সাড়ে চার শতাংশ জমি ছিল। তাঁরা দুই ভাই। বাবার ওই জমি বুঝিয়ে-শুনিয়ে বড় চাচা নিজে,"যেহেতু আপনার বাবা লিখিত দলিলের মাধ্যমে জমি বিক্রি করেননি, সেহেতু ওই জমির মালিকানা সন্দেহজনক। ওয়ারিশ হিসেবে ওই সম্পত্তি আ"
prot_0135_03,middle,162,0.5577,english,"The Specific Relief Act, 1877",Discretion of Court as to declaration of status or right. Ba,বাবা আমাদের তিন ভাইকে দানপত্রের মাধ্যমে সম্পত্তি লিখে দেন। আমি আমার অংশের নাম খারিজ করিয়েছি। কিন্তু আমার ভাইয়েরা আমাকে ন,"আপনার বাবার দানপত্র জালিয়াতি করলে আপনার ভাইদের বিরুদ্ধে জালিয়াতির অভিযোগে মামলা করতে পারেন। আপনার বাবা জীবিত, না মৃত তা "
prot_0052_05,middle,151,0.5581,bengali,"নারী ও শিশু নির্যাতন দমন আইন, ২০০০",,এক বছর আগে একটি ছেলের সঙ্গে টেলিফোনে আমার পরিচয় হয়। তারপর কথা বলার একপর্যায়ে তার সঙ্গে আমার ভালো বন্ধুত্ব হয়। এর মধ্যে দ,আমাদের সমাজে মেয়েদের হয়রানি একটি নিত্যনৈমিত্তিক ব্যাপার। এসব ক্ষেত্রে নিজে সচেতন থাকা উচিত। তবে নিরাপত্তাহীনতার কারণে আপ
prot_0077_07,suspect,,0.5587,bengali,"জন্ম ও মৃত্যু নিবন্ধন আইন, ২০০৪",তত্ত্বাবধান ও পরিদর্শন,আমার বাবার দুই ভাই। আমরাও দুই ভাই। আমি ফেনী সরকারি বিশ্ববিদ্যালয়ে পড়ছি। আমাদের পদবি আমার দাদুর (বাবার বাবা) পদবি থেকে ভি,সাধারণত মানুষের নাম তার শিক্ষাগত যোগ্যতার সনদপত্র অনুযায়ী নির্ধারিত হয়ে থাকে। সুতরাং আপনার প্রকৃত পদবি শিক্ষাগত সনদপত্রে
prot_0010_03,good,4,0.5591,english,"The Hindu Women's Rights to Property Act, 1937",Devolution of property,বাংলাদেশে হিন্দু মেয়েদের বাবার সম্পত্তিতে অধিকার আছে কি?,বাংলাদেশে হিন্দু আইনে কন্যাসন্তান সম্পত্তিতে উত্তরাধিকার হবেন না। তবে জীবনস্বত্বে তিনি প্রয়োজনে তা ব্যবহার করতে পারেন
ajke_0157_01,good,10,0.5595,english,"The Hindu Women's Rights to Property Act, 1937",Devolution of property,প্রশ্ন: আমি হিন্দুধর্মাবলম্বী একজন বিবাহিত মেয়ে। কিছুদিন আগে আমার বাবা মারা গেছেন। আমার বাবা ব্যাংকে কিছু টাকা রেখে গেছ,"আমাদের দেশে হিন্দু উত্তরাধিকার আইন আছে। আপনার বাবা ব্যাংকে যে টাকা রেখে গেছেন, তার নমিনি আপনার মা। নমিনি মানে টাকা পাওয়া"
prot_0063_02,middle,43,0.56,english,"The Muslim Personal Law (Shariat) Application Act, 1937",Application of Personal Law to Muslims,আমি আমার বাবা-মায়ের একমাত্র কন্যাসন্তান। আমার মায়েরা তিন বোন ও দুই ভাই। অন্য দুই খালা আমার নানার সম্পত্তির অংশ বুঝে নিয়ে,আপনার মা এবং তাঁর ভাইবোনেরা আপনার নানার সম্পত্তির উত্তরাধিকারী। আপনার মায়ের প্রাপ্ত সম্পত্তির অর্ধেক আপনার প্রাপ্য। মুসল
prot_0069_05,middle,21,0.562,english,"The Muslim Family Laws Ordinance, 1961",Talaq,আমার বয়স ২৯ বছর। প্রায় তিন বছর আগে পরিবারের অমতে কোর্টে গিয়ে বিয়ে করেছিলাম। বিয়ের কিছুদিন পর বিভিন্ন কারণে আমার পরিবারের,মুসলিম শরিয়ত অনুযায়ী আগে তালাকপ্রাপ্ত স্বামীর সঙ্গে পুনরায় বিবাহের ক্ষেত্রে মধ্যবর্তী বিয়ে বা হিল্লা বিয়ের বিধান ছিল। ১৯
prot_0068_05,middle,15,0.5654,english,"The Muslim Family Laws Ordinance, 1961",Dissolution of marriage otherwise than by talaq,আমি বিবাহিত। একটি মেয়ে আছে। আমি আমার ছোট দেবরকে ভালোবাসি। কিছুদিন আগে আমার স্বামী বিষয়টি জেনে যায়। বিষয়টি নিয়ে অনেকবার ত,"আপনার স্বামী যেহেতু আপনাকে তালাক দিতে চাইছেন না, সেহেতু আপনি স্বামীর সঙ্গে পুনরায় সুসম্পর্ক বজায় রাখার চেষ্টা করতে পারেন"
prot_0085_03,middle,16,0.5655,mixed,"The Specific Relief Act, 1877",Discretion of Court as to declaration of status or right. Ba,আমি হিন্দু ধর্মাবলম্বী। আমাদের জমি ক্রয়-বিক্রয়ে সরকারের কোনো অনুমতি লাগে না। আমার বাবার দাদার নামে ১৯৬২ সালে ২৬ বিঘা জমি,"চিঠির বক্তব্য অনুযায়ী, ১৯৬২ সালে আপনার বাবার দাদার নামে ২৬ বিঘা জমি রেকর্ডভুক্ত ছিল এবং পরবর্তী সময়ে ১৯৭২ সালে আপনার বাব"
prot_0046_04,middle,124,0.5658,english,"The Muslim Family Laws Ordinance, 1961",Dower,ছয় মাস আগে একটি ছেলের সঙ্গে মাত্র ১১ দিনের পরিচয়ে গোপনে বিয়ে হয়। আবেগের বশবর্তী হয়েই এ কাজটি করি। আমাদের বিয়ের ব্যাপারটা,"দেনমোহর স্বামীর কাছে স্ত্রীর একধরনের পাওনা। স্বামী বা স্ত্রীর যেই তালাক দিক না কেন, দেনমোহরের অর্থ স্ত্রীর প্রাপ্য। তালা"
prot_0011_04,middle,133,0.5658,english,"1The Transfer of Property Act, 1882",“Gift” defined,দত্তক নেওয়া সন্তানকে কীভাবে নিজের সম্পত্তির উত্তরাধিকার বানাব? নাম প্রকাশে অনিচ্ছুক,মুসলিম আইনে দত্তক নেওয়ার কোনো বিধান নেই। তবে আপনি আপনার সম্পত্তি আপনার জীবিত অবস্থায় দান করতে পারেন। সে ক্ষেত্রে সম্পত
prot_0055_01,good,10,0.5668,english,"The Muslim Personal Law (Shariat) Application Act, 1937",Application of Personal Law to Muslims,এক বছর আগে রাজশাহীতে আমার ফুফুর বাড়ি বেড়াতে যাই। সেখানে গিয়ে একটি মেয়েকে আমার খুব ভালো লেগে যায়। সেও আমাকে পছন্দ করে। আম,মুসলিম আইনে রক্তের সম্পর্কযুক্ত ব্যক্তিদের মধ্যে বিবাহ নিষিদ্ধ করা হয়েছে। দাদির বোনের মেয়ে এ ধরনের সম্পর্কের মধ্যে পড়েন 
prot_0057_03,good,3,0.5669,english,"The Muslim Family Laws Ordinance, 1961",Talaq,আমি একটি বেসরকারি কোম্পানিতে চাকরি করি। কিছুদিন আগে এক সহকর্মীর চাচাতো বোনের সঙ্গে আমার পরিচয় হয়। একপর্যায়ে আমি ও ওই সহক,"মেয়েটির সঙ্গে আপনার বিয়েটি যদি বৈধ হয়, তাহলে নির্ধারিত পদ্ধতিতে তালাকের মাধ্যমে আপনাকে তার সঙ্গে সম্পর্ক ছিন্ন করতে হবে "
prot_0066_01,good,7,0.5671,english,"The Muslim Personal Law (Shariat) Application Act, 1937",Application of Personal Law to Muslims,আমি বিয়ে করেছি ১৬ বছর আগে। বিয়ে হয়েছিল ঢাকায় এবং আমার ইচ্ছার বিরুদ্ধে। তাই চালাকি করে বিয়ে নিবন্ধনের সময় মা-বাবার নাম সঠ,মুসলিম আইনে আপনার বিয়ে সম্পর্কে কোনো ত্রুটি নেই। তবে আপনি ইচ্ছা করলে নিকাহনামার ভুল অংশগুলো সংশোধন করে নিতে পারেন
prot_0014_01,middle,170,0.5677,english,"1The Transfer of Property Act, 1882",Transfer how effected,"আমরা দুই বোন মায়ের ৩০ ডেসিমেল জমি কিনি। এক দাগে ছিল ১৯, আরেক দাগে ছিল ১১ ডেসিমেল। আমি ১১ ডেসিমেল জমি আমার স্বামীর নামে ",আপনার দানকৃত সম্পত্তিতে হস্তান্তরের পর আপনার কোনো অধিকার নেই। তবে পুনরায় যদি আপনার স্বামী তাঁর সম্পত্তি আপনাকে দান করে
prot_0059_03,good,9,0.5683,english,"The Muslim Personal Law (Shariat) Application Act, 1937",Application of Personal Law to Muslims,আমার বয়স ৩৫। মা-বাবা আমাকে ছয় মাস বয়স থেকে লালনপালন করছেন এবং সন্তানের স্বীকৃতি দিয়ে আসছেন। এমনকি আমার জাতীয় পরিচয়পত্রেও,মুসলিম আইনে অ্যাডপশনের কোনো বিধান নেই। সুতরাং পালিত পুত্র হিসেবে আপনার পিতা-মাতার সম্পত্তিতে আপনার কোনো অধিকার নেই। যেহে
prot_0085_04,middle,99,0.5684,english,"1The Transfer of Property Act, 1882",Transfer how effected,আমার বয়স ১৬। আমরা দুই ভাই এক বোন। আমার বাবা দুটি বিয়ে করেছেন। আমার মা তাঁর দ্বিতীয় স্ত্রী। আমি আমার মায়ের প্রথম সন্তান। ,সাধারণত হেবা দলিলের মাধ্যমে কোনো সম্পত্তি হস্তান্তর করা হলে সেই সম্পত্তিতে উত্তরাধিকারী হিসেবে কারও অধিকার থাকে না। আপনা
prot_0038_03,middle,27,0.5687,english,"The Muslim Personal Law (Shariat) Application Act, 1937",Application of Personal Law to Muslims,আমার বাবা মারা গেছেন চার বছর আগে। আমরা দুই ভাই ও দুই বোন। বাবার রেখে যাওয়া কোনো সম্পত্তি এখন পর্যন্ত খারিজ করা হয়নি। আমা,মুসলিম আইন অনুযায়ী আপনার দাদি আপনার বাবার সম্পত্তির অংশীদার। এ ক্ষেত্রে আপনার দাদি আপনার বাবার সম্পত্তির ছয় ভাগের এক ভাগ
prot_0071_03,middle,130,0.5691,english,"The Specific Relief Act, 1877",Discretion of Court as to declaration of status or right. Ba,আমার চাচার কোনো সন্তান নেই। তিনি মারা যাওয়ার আগে তাঁর সব সম্পত্তি পালিত পুত্র ও তার পরিবারকে লিখে দিয়েছেন। চাচার বাড়ি ও ,"প্রথমত, বাড়ি ভাগের জন্য আপনাকে নির্দিষ্ট দেওয়ানি আদালতে বাটোয়ারা মামলা করতে হবে। দ্বিতীয়ত, আপনার চাচা যেহেতু পুরো সম্পত্"
prot_0002_02,middle,90,0.5705,mixed,"মানসিক স্বাস্থ্য আইন, ২০১৮",মানসিক অসুস্থতায় আক্রান্ত ব্যক্তির অভিভাবকত্ব,"আমরা তিন বোন, আমাদের কোনো ভাই নেই। আমার বাবা মানসিকভাবে অসুস্থ। আইন অনুযায়ী বাবা উইল না করলে কি আমরা বাবার সব সম্পত্তির",মুসলিম আইন অনুযায়ী আপনার বাবার মৃত্যুর পর তাঁর সম্পত্তির তিন ভাগের দুই ভাগ আপনারা পাবেন। বাকি এক ভাগ আপনার বাবার ভাইবোন
prot_0000_01,middle,25,0.571,english,"The Muslim Marriages and Divorces (Registration) Act, 1974",Registration of marriages,"আমি একজনকে ভালোবাসি, সেও আমাকে ভালোবাসে। আমাদের সম্পর্ক চার বছরের। তাকে বাড়ি থেকে বিয়ে দিতে চাচ্ছে। আর আমিও এখনো কিছ","এফিডেভিট করা হলেও বিবাহের রীতিনীতি অনুসরণ করে বিবাহ করা বাঞ্ছনীয়। যেহেতু আপনারা দুজনেই সাবালক, সেহেতু আপনার সর্বসম্মতিতে"
prot_0080_03,middle,24,0.5716,english,"The Muslim Family Laws Ordinance, 1961",Succession,"আমার বাবা-চাচারা চার ভাই, তিন বোন। আমি যখন সাত বছরের ছিলাম, তখন আমার বাবা মারা যান। দাদা এখনো জীবিত। লোকমুখে শুনেছি, বাব",১৯৬১ সালে পারিবারিক আইন অধ্যাদেশে উত্তরাধিকারীদের ক্ষেত্রে প্রতিনিধিত্বের নীতি প্রতিষ্ঠিত হয়েছে। সুতরাং মুসলিম উত্তরাধিক
prot_0063_01,middle,13,0.5729,english,"1The Penal Code, 1860",Adultery,আমার বয়স ২৩। একটি মেয়ের সঙ্গে আমার সম্পর্ক ছিল। আমাকে খুব ভালোবাসত। হঠাৎ একদিন আমার অজান্তে মেয়েটির এক প্রবাসী ছেলের সঙ্,"বিবাহবন্ধন ব্যতীত মেয়েটির সঙ্গে আপনি যে শারীরিক সম্পর্ক স্থাপন করেছেন, তা মুসলিম আইনে অবৈধ। এ ছাড়া কন্যাসন্তানটি বয়ঃসন্ধ"
prot_0000_04,suspect,,0.5731,english,"The Specific Relief Act, 1877",Discretion of Court as to declaration of status or right. Ba,"আমার সমস্যা হচ্ছে, আমার মায়েরা চার বোন ও এক ভাই। নানা মারা গেছেন। নানি জীবিত। নানার সম্পত্তি তিন বোন নিয়েছেন। ছোট খাল","তিন বোন যেহেতু তাঁদের প্রাপ্য অংশ নিয়েছেন, বাকি এক বোন তাঁর প্রাপ্য অংশের জন্য স্বত্ব ঘোষণার মামলা করতে পারেন। মুসলিম"
prot_0091_07,middle,32,0.576,mixed,"পারিবারিক আদালত আইন, ২০২৩",পারিবারিক আদালতের এখতিয়ার,আমার বাবা তিনটা বিয়ে করেছেন। আমরা প্রথম ঘরের সন্তান। আমরা এক ভাই ও এক বোন। দ্বিতীয় ঘরে এক ভাই এবং তৃতীয় ঘরে এক বোন। আমি ,আপনার চিঠিতে উল্লিখিত সমস্যাগুলো পারিবারিক। আইনগতভাবে এর সমাধান দেওয়া সম্ভব নয়। তবে আপনার মা আইনগতভাবে আপনার বাবার কাছ থ
prot_0075_02,middle,30,0.576,english,"The Muslim Family Laws Ordinance, 1961",Succession,আমার দাদার সঙ্গে বিয়ে হওয়ার আগে দাদির আর একটি বিয়ে হয়েছিল। সেখানে একটা ছেলের জন্ম হয়েছিল। ছেলেটির জন্মের পর দাদির তালাক ,"আপনার দাদির সম্পত্তির অংশীদার আপনার বাবা, ফুপু ও আপনার দাদির আগের স্বামীর সন্তান। যেহেতু আপনার দাদির আগের স্বামীর সন্তান"
prot_0085_06,middle,41,0.5766,english,"The Muslim Personal Law (Shariat) Application Act, 1937",Application of Personal Law to Muslims,চার বছর ধরে আমার একজন সহকর্মীর সঙ্গে সম্পর্ক তৈরি হয়। আমার সহকর্মী হিন্দু। এই সম্পর্কের মধ্যে তিন বছর আগেই ও আর আমি হিন্,হিন্দুধর্মে কনভারসন বা ধর্মান্তরিত হওয়ার কোনো সুযোগ নেই। কোনো মুসলমান কিতাবি ছাড়া অন্যান্য ধর্মাবলম্বীকে বিয়ে করার ক্ষেত
prot_0049_03,middle,59,0.5767,english,"The Guardians and Wards Act, 1890",Title of guardian to custody of ward,আমি একজন ব্যবসায়ী। ২০০২ সালে আমার চাচাতো বোনকে বিয়ে করি। আমাদের প্রায় আট বছর বয়সী একটি ছেলে আছে। আজ থেকে প্রায় চার মাস আ,"১৮৯০ সালের অভিভাবক ও নাবালক সন্তান আইন অনুযায়ী, সাত বছর পূর্তি না হওয়া পর্যন্ত পুত্রসন্তান এবং যৌবনপ্রাপ্ত না হওয়া পর্যন"
prot_0090_04,middle,19,0.5768,bengali,"বাংলাদেশ টেলিযোগাযোগ নিয়ন্ত্রণ আইন, ২০০১",1 [টেলিযোগাযোগ মাধ্যমে] বিরক্ত করার দণ্ড ইত্যাদি,"আজ থেকে দেড় বছর আগে আমার একটি ছেলের সঙ্গে বন্ধুত্ব হয়। সে আমাকে ভালোবাসতে শুরু করে, আমিও দুর্বল হয়ে পড়ি। কিছুদিন পর আমি ",আপনি মোবাইল ফোনে মিসড কল ও এসএমএসের কথা উল্লেখ করেছেন। সে ক্ষেত্রে স্থানীয় র্যাব কর্তৃপক্ষকে জানালে তারা দোষী ছেলেটির বি
prot_0010_04,middle,24,0.5769,english,"The Muslim Personal Law (Shariat) Application Act, 1937",Application of Personal Law to Muslims,"আমরা এক ভাই, চার বোন। আমাদের বাবা ২০১০ সালে এবং মা ২০১৪ সালে মারা যান। বাবার নামে সম্পত্তি ছিল। আমার বাবার মৃত্যুর আগে ",মুসলিম ফারায়েজ অনুযায়ী আপনার বাবা-মায়ের সম্পত্তির তিন ভাগের এক ভাগ আপনার প্রাপ্য এবং তিন ভাগের দুই ভাগ আপনার চার বোন পা
prot_0078_02,middle,42,0.577,english,"The Muslim Personal Law (Shariat) Application Act, 1937",Application of Personal Law to Muslims,"আমার বাবা একজন বাসচালক ছিলেন। আমার মায়ের সঙ্গে খুব সুন্দর সংসার চলছিল, কিন্তু এক বাস দুর্ঘটনায় আমার বাবার মস্তিষ্কে সমস্",চিঠির তথ্য অনুযায়ী আপনার মা আপনার বাবার মৃত্যু পর্যন্ত আপনার বাবার সঙ্গে বৈবাহিক বন্ধনে আবদ্ধ ছিলেন। সুতরাং বাবার মৃত্যু
prot_0068_01,middle,98,0.5771,english,"1The Transfer of Property Act, 1882",Transfer how effected,আমার বাবা ও চাচা দুই ভাই। আমার দাদি জীবিত থাকা অবস্থায় বাবা ও চাচা মারা যান। এর আরও ২০ বছর পর আমার দাদি মারা যান। মারা য,আপনার দাদি স্বেচ্ছায় দানপত্রের মাধ্যমে তাঁর পুরো সম্পত্তি যেকোনো ব্যক্তিকে হস্তান্তর করতে পারেন। এ ধরনের দানপত্রে সম্পত্
prot_0052_01,middle,58,0.5778,english,"The Muslim Marriages and Divorces (Registration) Act, 1974",Registration of marriages,আমার বয়স ২৮ বছর। আট বছর ধরে একটা মেয়ের সঙ্গে আমার সম্পর্ক ছিল। তার বয়স এখন ২৩ বছর। সে আমার ভাবির বড় বোনের মেয়ে। বছর তিনে,আপনার সঙ্গে মেয়েটির বিয়ে নির্দিষ্ট নিয়মে না হলেও তাকে বাতিল বিয়ে বলা যাবে না। আইনের ভাষায় এ ধরনের বিয়েকে ইরেগুলার বা অনি
prot_0066_06,middle,130,0.5801,mixed,"The Muslim Personal Law (Shariat) Application Act, 1937",Application of Personal Law to Muslims,আমরা দুই ভাই ও এক বোন বাবার দ্বিতীয় সংসারের সন্তান। পারিবারিক কলহে বাবার সঙ্গে মায়ের ছাড়াছাড়ি হয়ে গেছে। প্রথম পক্ষের ভাই,সম্পত্তির মালিক আপনাদের বাবা। তিনি জীবিত অবস্থায় তাঁর সম্পত্তি যাকে ইচ্ছা লিখে দিতে পারেন। সে ক্ষেত্রে কোনো পক্ষের ছেলেম
prot_0065_02,middle,24,0.5803,bengali,"সর্বজনীন পেনশন ব্যবস্থাপনা আইন, ২০২৩",সর্বজনীন পেনশনের ক্ষেত্রে প্রযোজ্য আইন,আমার বাবা একজন সরকারি চাকরিজীবী। আমরা তিন বোন। আমার কোনো ভাই নেই। বাবা কিছুদিন পর চাকরি থেকে অবসর নেবেন। আমার বাবার দুই ,আপনার বাবার নমিনিরা পেনশনের টাকা পাবেন। কোনো নমিনি না থাকলে মুসলিম আইন অনুযায়ী উক্ত অর্থের তিন ভাগের দুই ভাগ পাবেন।এ ছাড়
ajke_0200_01,middle,59,0.5808,english,"The Muslim Family Laws Ordinance, 1961",Succession,প্রশ্ন: আমার বয়স ৪০ বছর। স্বামী দুই বছর আগে মারা গেছে। দুই সন্তান—একটি ছেলে ও একটি মেয়ে। মেয়ের বয়স ২৫ আর ছেলের ১৪ বছর। স,আপনার সঙ্গে ঘটে যাওয়া ঘটনাটি আসলে আমাদের দেশের প্রায় প্রতিটি ঘরেই ঘটে এবং এটা অন্যায়। আপনার স্বামীর মারা যাওয়ায় আপনি এবং
prot_0045_05,middle,32,0.5809,english,"The Muslim Family Laws Ordinance, 1961",Succession,আমার প্রথম স্ত্রী মারা যাওয়ার পর দ্বিতীয় বিয়ে করি। আমার প্রথম স্ত্রীর ঘরে একজন ছেলে ও একজন মেয়ে আছে আর দ্বিতীয় স্ত্রীর ঘ,১৯৬১ সালের মুসলিম পারিবারিক আইন অধ্যাদেশের চতুর্থ ধারা প্রতিনিধিত্বের নীতিতে উত্তরাধিকারের ক্ষেত্র প্রতিষ্ঠিত করেছে। সুত
ajke_0202_01,middle,41,0.5809,english,"The Guardians and Wards Act, 1890",Matters to be considered by the Court in appointing guardian,প্রশ্ন: আমি একজন সরকারি চাকরিজীবী। ২০১৬ সালে আমার বিয়ে হয়। চার বছর বয়সী একটি কন্যাসন্তান রয়েছে। স্বামীর সঙ্গে অনেক দিন ধ,"অভিভাবকত্ব ও প্রতিপাল্য আইন, ১৮৯০-এর বিধান অনুযায়ী নাবালকের স্বাভাবিক এবং আইনগত অভিভাবক হলেন পিতা। তাঁর অনুপস্থিতিতে বা "
prot_0137_02,middle,37,0.5809,english,"The Hindu Women's Rights to Property Act, 1937",Devolution of property,আমার কাকি নিঃসন্তান অবস্থায় ২০০৩ সালে মৃত্যুবরণ করেন। হিন্দু শাস্ত্রমতে কাকির মুখাগ্নি করি আমি। মৃত্যুর আগে তিনি তাঁর নি,হিন্দু আইন অনুযায়ী এখানে কাকির সম্পত্তি তার স্বামী অর্থাৎ আপনার কাকার কাছে চলে গেছে। তাই কাকির ভাতিজা এ সম্পত্তি পাবেন ন
prot_0050_01,middle,30,0.581,english,"The Muslim Marriages and Divorces (Registration) Act, 1974",Registration of marriages,আমি দ্বাদশ শ্রেণীতে পড়ছি। বয়স ১৮ বছর। সহপাঠী এক মেয়েকে ভালোবাসি। সেও আমাকে ভালোবাসে। মাধ্যমিক পরীক্ষার পর থেকে শুরু হয় আ,সাক্ষী ছাড়া আপনাদের বিয়ে অনিয়মিত হলেও বাতিল বিয়ে নয়। সাবালক হিসেবে স্বেচ্ছায় আপনারা বিবাহবন্ধনে আবদ্ধ হয়েছেন। সে ক্ষেত্র
prot_0069_03,middle,19,0.5811,english,"The Muslim Personal Law (Shariat) Application Act, 1937",Application of Personal Law to Muslims,আমার দাদারা দুই ভাই চার বোন। আমার দাদার প্রাপ্ত সম্পত্তি ৩০ বিঘা। আমার দাদার কোনো ছেলেসন্তান নেই। একটি মাত্র মেয়ে। আমার ,মুসলিম আইন অনুযায়ী আপনার দাদার মেয়ে দাদার সম্পত্তির অর্ধেক পাবেন। অর্থাৎ ৩০ বিঘার মধ্যে ১৫ বিঘা সম্পত্তি আপনার দাদার মেয়
prot_0035_04,middle,43,0.5812,english,"The Specific Relief Act, 1877",Discretion of Court as to declaration of status or right. Ba,"আমরা দুই ভাই, এক বোন। বাবা মারা গেছেন। আমাদের একমাত্র চাচা এখন আমাদের পৈতৃক সূত্রে পাওয়া জমির ভোগদখল করছেন। আমরা আমাদের",বাবার মৃত্যুর পর তাঁর সম্পত্তিতে আপনার মা ও আপনারা ভাইবোনেরা অংশীদার। এ ক্ষেত্রে আপনাদের প্রাপ্য অংশের জন্য স্বত্ব ঘোষণা
prot_0068_02,suspect,,0.5817,english,"The Guardians and Wards Act, 1890",Limitation of powers of guardian of property appointed or de,আমার এক আত্মীয় তাঁর তিন মাস বয়সের একমাত্র ছেলেকে আট বিঘা সম্পত্তি দান করেছিলেন। সেই ছেলের বয়স এখন আট বছর। আমার সেই আত্মী,আপনার আত্মীয় পারিবারিক প্রয়োজনে তাঁর নাবালক ছেলেকে দানকৃত সম্পত্তি নিজে বিক্রি করতে চাইলে তাঁকে আদালত থেকে অনুমতি গ্রহণ 
prot_0003_04,good,8,0.5819,english,"The Muslim Family Laws Ordinance, 1961",Talaq,আমার স্বামী দুই বছর আগে বেকারত্বজনিত হতাশার শিকার হয়ে আমাকে তালাক দেন। আমাদের একটা তিন বছর বয়সী মেয়ে আছে। এখন আমার স্বাম,১৯৬১ সালে মুসলিম পারিবারিক আইন প্রণয়নের পর হিল্লা বিয়ের প্রথা বাতিল হয়ে গেছে। সুতরাং তালাকের পর পুনরায় একই স্বামীকে বিয়ে
prot_0092_01,middle,33,0.5822,english,"1The Transfer of Property Act, 1882",Transfer how effected,"আমরা দুই বোন। আমাদের কোনো ভাই নেই। চাচারা বাবাকে বলেছিলেন যে মেয়ে থাকলে সম্পত্তি আলাদা করা যাবে না। আমি বাবাকে বলেছি, ","আপনার চাচারা যা বলেছেন, তার কোনো ভিত্তি নেই। শুধু কন্যাসন্তান থাকলে বাবার মৃত্যুর পর উত্তরাধিকার হিসেবে তাঁর ভাইরা সম্পত"
prot_0058_01,middle,82,0.5826,english,"The Muslim Personal Law (Shariat) Application Act, 1937",Application of Personal Law to Muslims,আমি দ্বাদশ শ্রেণীতে পড়ি। মেজো দুলাভাই বিদেশে থাকেন। ছয় মাস আগে তিনি আমাকে স্বামীসহ বিদেশে নিয়ে যেতে চেয়েছিলেন। তখন আমি অ,"মুসলিম আইন অনুযায়ী, দুজন পুরুষ বা একজন পুরুষ, দুজন মহিলা সাক্ষীর শ্রুতি ও উপস্থিতিতে একপক্ষ কর্তৃক প্রস্তাব পেশ ও অপর পক"
prot_0053_04,middle,20,0.5832,english,"The Muslim Personal Law (Shariat) Application Act, 1937",Application of Personal Law to Muslims,আমার স্বামী মারা গেছেন ১৯৯১ সালে। তখন তাঁর মা-বাবা জীবিত ছিলেন। এখন আমার স্বামীর মা-বাবা দুজনই মৃত। আমার স্বামী কিছু সম্,"আপনার মৃত স্বামীর ওয়ারিশ হচ্ছেন আপনি এবং আপনার চার ছেলেমেয়ে। মুসলিম উত্তরাধিকার আইন অনুযায়ী, আপনি স্বামীর সম্পত্তির আট ভ"
prot_0062_05,middle,26,0.5839,english,"The Muslim Family Laws Ordinance, 1961",Talaq,আমি একজন সরকারি চাকরিজীবী। ১৪ বছরের বিবাহিত জীবনে স্ত্রীকে নিয়ে খুব কষ্টে আছি। সে একরোখা এবং ঝগড়াটে। তিনবার সে আমাকে ও স,দাম্পত্য সম্পর্কে সমঝোতার মাধ্যমে ব্যক্তিগত ভুল-বোঝাবুঝির সমাধান সম্ভব। আপনার স্ত্রীর সঙ্গে মনোমালিন্য ও ঝগড়াঝাঁটি এড়িয়ে
prot_0069_04,suspect,,0.584,english,"1The Penal Code, 1860",Cheating and dishonestly inducing deliver of property,‘পাত্রী চাই’ বিজ্ঞাপনের মাধ্যমে মেয়েটির সঙ্গে আমার পরিচয়। একপর্যায়ে প্রেমের সম্পর্ক হয়ে যায় মুঠোফোনে। তার সঙ্গে দেখা করা,চিঠির তথ্য অনুযায়ী আপনি প্রতারণার শিকার হয়েছেন। তবে আইনকে নিজের হাতে তুলে নিলে আপনি অপরাধী হবেন। আপনি মেয়েটির বিরুদ্ধে দ
prot_0086_03,middle,14,0.5846,english,"The Muslim Personal Law (Shariat) Application Act, 1937",Application of Personal Law to Muslims,২০০১ সালে আমি সরকারি চাকরিজীবী তালাকপ্রাপ্ত একজন মহিলাকে রেজিস্ট্রির মাধ্যমে বিয়ে করি। আমাদের বিবাহিত জীবনে কোনো সন্তান ,"আপনি চিঠিতে উল্লেখ করেছেন, আপনার স্ত্রীর উপার্জিত গ্রাচুইটি, পেনশন, ডিপিএস ও স্থাবর-অস্থাবর সম্পত্তি কন্যাকে নমিনি করেছে"
prot_0014_02,suspect,,0.585,bengali,"যৌতুক নিরোধ আইন, ২০১৮","মিথ্যা মামলা দায়ের, ইত্যাদির দণ্ড",আমি বিয়ে করি ২০০৮ সালের ১৬ ডিসেম্বর। বিয়ের এক মাস পার হওয়ার পর তার সঙ্গে আমার সমস্যার সৃষ্টি হয়। আমি তাকে ২০১০ সালের আগস,যৌতুক নিরোধ আইনের আওতায় কোনো রায়ের বিরুদ্ধে দুই মাসের মধ্যে আপিল করার বিধান আছে। নির্দিষ্ট কারণ দেখিয়ে দেরিতে আপিল ক
prot_0088_01,middle,26,0.5856,bengali,"জাতীয় পরিচয় নিবন্ধন আইন, ২০২৩",জাতীয় পরিচয়পত্র সংশোধন,"আমি যখন খুব ছোট, তখন আমার মা মারা যান। নিঃসন্তান ফুফু আমার লালন-পালন করেন। আমি এখন স্নাতক (সম্মান) পাস করেছি। সমস্যা হলো",চিঠিতে আপনার সমস্যা সুস্পষ্টভাবে উল্লেখ করায় আপনাকে ধন্যবাদ। আপনি জুডিশিয়াল ম্যাজিস্ট্রেট বা নোটারি পাবলিকের কাছে হলফনাম
prot_0073_01,good,4,0.5856,english,"The Muslim Family Laws Ordinance, 1961",Talaq,প্রেম করে বিয়ে করি। আমরা দুজনই প্রাপ্তবয়স্ক। আমাদের বিয়ের ব্যাপারটা কিছুদিন আগে জানাজানি হয়। একপর্যায়ে ওর বাবা ওকে ভয়ভীত,"চিঠির তথ্য অনুযায়ী আপনাদের তালাক কার্যকর হয়নি। সুতরাং আপনাদের বিয়ে এখনো বৈধ আছে। এখানে আরও উল্লেখ্য, তালাকের সঙ্গে দেনমো"
prot_0047_05,middle,69,0.5862,english,"1The Transfer of Property Act, 1882",“Gift” defined,আমার স্ত্রীর দুই বোন ও দুই ভাই আছে। তাদের মধ্যে এক বোন তার দুই মেয়ে রেখে মারা গেছেন। আমার শ্বশুর-শাশুড়ি জীবিত এবং তাদের ,আপনার শ্বশুর জীবিতকালে যে কাউকে তাঁর সম্পত্তি হস্তান্তর করতে পারেন। বর্তমানে যেকোনো ধরনের হস্তান্তরের ক্ষেত্রে রেজিস্ট্র
prot_0045_03,suspect,,0.5876,bengali,"বাংলাদেশ টেলিযোগাযোগ নিয়ন্ত্রণ আইন, ২০০১",1 [টেলিযোগাযোগ মাধ্যমে] বিরক্ত করার দণ্ড ইত্যাদি,সে ছিল আমার সহকর্মী। তার সঙ্গে এখন আমার কোনো সম্পর্ক নেই। আমিও সম্পর্ক রাখতে চাই না। কিন্তু আমাকে সে ফোন করে বারবার বিরক,মিথ্যা প্রতিশ্রুতি অথবা প্রতারণার মাধ্যমে দৈহিক সম্পর্ক স্থাপন আইনের দৃষ্টিতে দণ্ডনীয় অপরাধ। চিঠির তথ্য অনুযায়ী আপনার সহ
prot_0004_01,middle,41,0.5881,english,"The Specific Relief Act, 1877",Discretion of Court as to declaration of status or right. Ba,আমি হিন্দু ধর্মালম্বী। আমার মামা দুজন। বড় মামা ১৯৯৪ থেকে মালয়েশিয়ায় থাকেন। ছোট মামা ১৯৯৫ থেকে সপরিবারে ভারতে বসবাস করেন।,"হিন্দু আইনে মেয়েদের সম্পত্তিতে শুধু জীবনস্বত্বে অধিকার। তবে আপনার মামা যেহেতু সম্পত্তি বিক্রি করে দিয়েছেন, সেহেতু আপনার "
prot_0036_01,middle,73,0.5884,english,"1The Transfer of Property Act, 1882",Transfer how effected,গত ফেব্রুয়ারি মাসে আমার নানি অসুস্থ হওয়ার পর আমার মাকে তাঁর ১৬ শতাংশ জমি (হেবানামা) লিখে দেন। আমার মা নানিকে চিকিৎসা করা,সম্পত্তি হেবা করার ক্ষেত্রে দখল হস্তান্তর একটি গুরুত্বপূর্ণ উপাদান। দখল হস্তান্তর ছাড়া হেবা কার্যকরী হয় না। আপনার নানি য
prot_0091_03,good,3,0.5894,mixed,"ভূমি সংস্কার আইন, ২০২৩",স্থাবর সম্পত্তির বেনামি লেনদেন,"আমরা চার ভাই সাত বোন। আমাদের বাবা কিছু সম্পত্তি চার ছেলের নামে, কিছু মায়ের নামে এবং কিছু নিজের নামে কিনেছিলেন। কিন্তু মে","যদি আপনার বাবা ১৯৮৪ সালের ২৪ জানুয়ারির আগে বেনামিতে আপনার ভাইদের নামে সম্পত্তি কিনে থাকেন, তাহলে আপনি আদালতে মামলা করে প"
ajke_0186_01,middle,31,0.5897,english,"The Guardians and Wards Act, 1890",Matters to be considered by the Court in appointing guardian,প্রশ্ন: আমার স্বামীর সঙ্গে কয়েক মাসের মধ্যে ডিভোর্স হয়ে যাবে। আমরা এক বছর ধরে আলাদা থাকি এবং আমাদের মধ্যে যোগাযোগ নেই।,"আমাদের সমাজের প্রচলিত ধারণা হচ্ছে, সন্তানের অভিভাবকত্ব ও কাস্টডি–দুটিই বাবা পান। কিন্তু না। সন্তানের কল্যাণ বিবেচনা করে "
prot_0096_02,middle,43,0.5906,english,"The Specific Relief Act, 1877",Discretion of Court as to declaration of status or right. Ba,আমার দাদার সব জমি তাঁর তিন ছেলের নামে। জমিগুলোর মিউটেশন করানো হয়নি। তাঁর মৃত্যুর পর আমার এক চাচা জমির দলিল আটকে ফেলেন। আ,"আপনার দাদা যদি আপনার বাবা ও চাচাদের মধ্যে বণ্টন করে দিয়ে যান তাঁর জমি, সে ক্ষেত্রে নামজারি বা মিউটেশন করার ক্ষেত্রে কোনো"
prot_0135_01,middle,34,0.591,english,"The Specific Relief Act, 1877",Discretion of Court as to declaration of status or right. Ba,আমরা তিন ভাই ও এক বোন। ছোট ভাই স্ত্রী ও এক কন্যা রেখে মারা গেছেন। এখন আমরা কি ছোট ভাইয়ের সম্পত্তি পাব? এরই মধ্যে মেজ ভাই,"আপনার ছোট ভাইয়ের সম্পত্তিতে তাঁর স্ত্রী, কন্যা ও আপনারা ভাইবোনেরা অংশ পাবেন। আপনার মেজ ভাই যে সম্পত্তি কিনেছেন, তা কীভাব"
prot_0081_01,middle,26,0.591,english,"The Muslim Personal Law (Shariat) Application Act, 1937",Application of Personal Law to Muslims,আমরা তিন বোন। আমার বাবা জীবিত অবস্থায় আমাদের এবং আমার মাকে তাঁর কোনো সম্পত্তি লিখে দিতে চান না। এদিকে আমার তিন চাচা ও চা,মুসলিম আইন অনুযায়ী বাবার অবর্তমানে আপনার মা আপনার বাবার পুরো সম্পত্তির আট ভাগের এক ভাগের মালিক হবেন। অবশিষ্ট সম্পত্তির অ
prot_0084_03,middle,49,0.591,english,"1The Transfer of Property Act, 1882",Transfer how effected,"আমি একজন হিন্দু। আমার দাদুর (মায়ের বাবা) তিন মেয়ে, কোনো ছেলে নেই। প্রথম মেয়ে দুই ছেলের মধ্যে বড় ছেলে ১৯৭২ সাল থেকে ভারতব",বাংলাদেশে প্রযোজ্য হিন্দু আইনের দায়ভাগের মতবাদ অনুযায়ী কোনো হিন্দু তাঁর স্থাবর ও অস্থাবর সম্পত্তি দান করতে পারেন। দানের 
prot_0012_01,good,6,0.5915,english,"The Muslim Family Laws Ordinance, 1961",Succession,"আমার মায়ের দিকে তিন ভাই, তিন বোন। বোন একজন জীবিত এবং ভাই একজন জীবিত। আমার নানা তাঁর মায়ের কাছ থেকে উত্তরাধিকার সূত্রে ",মুসলিম আইন অনুযায়ী আপনার নানার জীবিত ছেলেমেয়েরা তাঁর সম্পত্তিতে অংশীদার হবেন। এ ছাড়া মুসলিম প্রতিনিধিত্ব আইন বলে মৃত ভাই
prot_0085_05,middle,22,0.5931,english,"The Muslim Personal Law (Shariat) Application Act, 1937",Application of Personal Law to Muslims,"আমি বাবার একমাত্র মেয়ে। আমার বাবার আরও চারটি ছোট ভাই আছেন। তাঁদের প্রত্যেকের ঘরে ছেলে ও মেয়ে আছে। এখন অনেকে বলে, আমার বা",মুসলিম উত্তরাধিকার আইন অনুযায়ী আপনার বাবার মৃত্যুর পর একমাত্র মেয়ে হিসেবে আপনি আপনার বাবার পুরো সম্পত্তির অর্ধেক অংশের হ
prot_0058_04,good,2,0.594,english,"The Muslim Family Laws Ordinance, 1961",Talaq,আমি স্নাতক প্রথম বর্ষে পড়ছি। দশম শ্রেণীতে পড়া অবস্থায় এক ছেলের সঙ্গে আমার সম্পর্ক হয়। মাধ্যমিক পরীক্ষার কিছুদিন আগে আমরা,"যেহেতু ২০১১ সালের আগস্ট মাসে আপনারা মুসলিম পারিবারিক আইনের ৭(১) ধারামতে তালাক দিয়েছেন, সে ক্ষেত্রে তালাকটি তিন মাস পর কা"
prot_0062_01,middle,31,0.594,english,"The Muslim Personal Law (Shariat) Application Act, 1937",Application of Personal Law to Muslims,আমার স্বামীর নামে ঢাকায় একটি ফ্ল্যাট আছে। তাঁরা দুই ভাই ও এক বোন। আর আমাদের এক কন্যাসন্তান। ভবিষ্যতে আমরা আর কোনো সন্তান,আপনার স্বামীর অবর্তমানে স্বামীর সম্পত্তির আট ভাগের এক ভাগ আপনার প্রাপ্য। বাকি সম্পত্তির অর্ধেক আপনার মেয়ে এবং আমার স্বাম
prot_0062_04,good,7,0.5941,mixed,"The Muslim Family Laws Ordinance, 1961",Polygamy,১৯৯৮ সালে আমার বিয়ে হয়। দুটি সন্তান আছে। প্রথম সন্তান হওয়ার পর থেকে আমার স্বামী প্রায়ই আমাকে মানসিক ও শারীরিকভাবে নির্যা,নোটারি করা স্ট্যাম্পের মাধ্যমে কোনো বৈবাহিক সম্পর্ক সৃষ্টি হয় না এবং তালাক কার্যকর করার ক্ষেত্রে মুসলিম আইনে নির্দিষ্ট ব
prot_0060_02,good,5,0.5944,bengali,"পর্নোগ্রাফি নিয়ন্ত্রণ আইন, ২০১২",দণ্ড,২০০৮ সালে একটি ছেলের সঙ্গে সম্পর্ক গড়ে ওঠে। এরপর আমাদের শারীরিক সম্পর্ক চলতে থাকে ২০১১ সালের মে মাস পর্যন্ত। হঠাৎ আমি ছে,"ছেলেটি আপনার বিরুদ্ধে আইনগত কোনো ব্যবস্থা নেয়ার অধিকার রাখে না। আপনার বর্ণনা মতে, সে ধরনের কোনো ভিডিওচিত্র প্রকাশ বা প্র"
prot_0091_04,good,5,0.5954,english,"The Muslim Personal Law (Shariat) Application Act, 1937",Application of Personal Law to Muslims,"আমার বয়স যখন মাত্র নয় মাস, তখনই আমার বাবার বিভিন্ন অসত্সঙ্গের কারণে আমার মাকে তালাক দেন। তাই আজ পর্যন্ত বাবার আদর কী জিন","মুসলিম আইনে ত্যাজ্য করার কোনো বিধান নেই। অতএব, আইন মোতাবেক আপনি আপনার বাবার সম্পত্তির হকদার। কিন্তু আপনার বাবা জীবিত অবস"
prot_0026_03,good,4,0.5955,english,"1The Penal Code, 1860",Marrying again during lifetime of husband or wife,"আমি ২০০৮ সালে একটি ছেলেকে ভালোবেসে বিয়ে করি। সংসারজীবন ভালোই চলছিল, মাঝেমধ্যে আমার স্বামীর সঙ্গে কথা-কাটাকাটি হতো। যখ",মেয়েটি বিবাহিত থাকাকালীন দ্বিতীয় বিয়ে বৈধ নয়। সুতরাং আপনার স্বামীর বন্ধুর স্ত্রীর সঙ্গে তাঁর বিয়েটি বাতিল বিয়ে। এ ছাড়া 
ajke_0178_01,good,10,0.5969,mixed,"পারিবারিক আদালত আইন, ২০২৩",পারিবারিক আদালতের এখতিয়ার,প্রশ্ন: আমার বোনের বিয়ের বয়স তিন বছর। দুলাভাই তাঁর ভরণপোষণ করেছেন মাত্র ছয় মাস। এর মধ্যে আমার বোন জরায়ুর টিউমারের কারণে,"স্বামী যদি স্ত্রীর ভরণপোষণ দিতে না চান, তাহলে স্ত্রী যেদিন থেকে ভরণপোষণের টাকা দাবি করবেন, সেদিন থেকে তিন বছরের মধ্যে পা"
prot_0066_03,suspect,,0.5976,english,"The Code of Criminal Procedure, 1898",Magistrate may dispense with personal attendance of accused,আমি ঢাকায় স্নাতক শ্রেণীতে পড়ছি। ২০১০ সালে আমাদের এলাকার একজন লোকের সঙ্গে আমার ঝগড়া হয়। পরে তিনি আমার নামে ৩২৬ ধারায় একটি,"আপনার বর্ণিত মামলাটি একটি ফৌজদারি মামলা। মামলাটি কোন পর্যায়ে আছে, তা চিঠি থেকে স্পষ্ট নয়। ফৌজদারি মামলায় হাজিরা দেওয়াই ন"
prot_0030_02,middle,14,0.5987,english,"1The Penal Code, 1860",Kidnapping or abducting or inducing woman to compel her marr,"আজ থেকে ছয় মাস আগে জোর করে আমার স্বামী আমাকে বিয়ে করে এবং সাদা স্ট্যাম্পে আমার সই নিয়ে এফিডেভিট করে যে আমি স্বেচ্ছায়, বি","বিবাহের প্রয়োজনীয় কাবিননামা যেহেতু আপনার কাছে নেই, সেহেতু আপনি বিবাহ বাতিলের/তালাকের জন্য আদালতে মামলা করতে পারেন। তালাক"
prot_0082_02,middle,29,0.6011,english,"The State Acquisition and Tenancy Act, 1950 (East Bengal Act",,আমার দাদি ১৯৯৪ সালে আমার ফুফুকে তাঁর সম্পত্তি আমার আব্বার সম্পূর্ণ অজান্তে দলিল নিবন্ধন করে দিয়ে দেন। প্রায় পাঁচ বছর পর ,"আপনার ফুফু তাঁর সম্পত্তি যে মাদ্রাসায় দান করে দিয়েছেন, তা কার্যকর হয়ে গেছে। এই দান করা সম্পত্তিতে অগ্রক্রয় (প্রিএম্পশন) "
prot_0071_05,middle,21,0.6019,english,"The Muslim Family Laws Ordinance, 1961",Talaq,২০০৮ সালে আমরা দুজন পরিবারের অনুমতি ছাড়া এফিডেভিট করে নোটারি পাবলিক কার্যালয়ের মাধ্যমে সরকারি কাজি দিয়ে রেজিস্ট্রির মাধ্,মুসলিম পারিবারিক আইন অধ্যাদেশ ১৯৬১-এর ৭(৬) ধারা অনুযায়ী হিল্লা বিয়ে বা অন্তর্বর্তী বিয়ের কোনো প্রয়োজন নেই। এ ধরনের বিয়ে 
prot_0012_02,middle,74,0.6028,mixed,"The Muslim Family Laws Ordinance, 1961",Talaq,আমার পরিবারকে না জানিয়ে আমরা বিয়ে করি। দুই মাসের মধ্যে জানতে পারি আমার স্ত্রীর আরেকজনের সঙ্গে পরকীয়ার সম্পর্ক আছে। এরপর ,নারী ও শিশু নির্যাতন আইনের আওতায় মামলাটিতে নির্যাতনের ঘটনাটির তারিখ যদি তালাকের তারিখের পরে দেখানো হয় সে ক্ষেত্রে মামলা
ajke_0197_01,good,9,0.6043,mixed,"The Muslim Family Laws Ordinance, 1961",Maintenance,প্রশ্ন: আমার বয়স ৩২ বছর। ২৫ বছর বয়সে নিজের পছন্দে বিয়ে করি। আমাদের পাঁচ বছর বয়সী একটি পুত্রসন্তান আছে। বিয়ের পর বাবার খর,"স্বামী যদি স্ত্রীর ভরণপোষণ দিতে না চান, তাহলে স্ত্রী যেদিন থেকে ভরণপোষণের টাকা দাবি করবেন, সেদিন থেকে তিন বছরের মধ্যে পা"
prot_0021_02,middle,23,0.6045,english,"The Muslim Personal Law (Shariat) Application Act, 1937",Application of Personal Law to Muslims,আপনার স্বামী তালাকের নির্দিষ্ট নিয়ম অনুযায়ী তাঁর দ্বিতীয় স্ত্রীকে তালাক দিতে পারেন। তবে আইন অনুযায়ী দ্বিতীয় স্ত্রী দেনমে,ইসলামী আইনে পুত্রসন্তানেরা কন্যাসন্তানের দ্বিগুণ সম্পত্তি পাবে। আপস-মীমাংসায় আপত্তি থাকলে আদালতে বণ্টন মামলার মাধ্যমে সম
prot_0071_01,good,5,0.6047,english,"The Muslim Family Laws Ordinance, 1961",Dissolution of marriage otherwise than by talaq,আমি বিবিএ তৃতীয় বর্ষে পড়ছি। ২০০৫ সালে এসএসসি পরীক্ষার পর আমার এক আত্মীয়র সঙ্গে প্রেমের সম্পর্ক হয়। একপর্যায়ে তার চাপে গো,কাবিননামায় আপনার তালাক দেওয়ার ক্ষমতা দেওয়া থাকলে আপনি কাজি অফিসের মাধ্যমে তালাক দিতে পারেন। এই তালাক তিন মাস পর কার্যকর 
prot_0058_02,good,2,0.6052,english,"1The Transfer of Property Act, 1882",Transfer how effected,"আমার বোনের সন্তান ছিল না, আত্মীয়স্বজনের পরামর্শে একটি মেয়েশিশু দত্তক নেওয়ার কয়েক বছর পর তাঁর একটি কন্যাসন্তান জন্ম নেয়। ",মুসলিম ধর্মে পালক বা দত্তক নেওয়ার কোনো সুযোগ নেই। সুতরাং ওই সম্পত্তিতে পালক সন্তানের কোনো অধিকারের প্রশ্নই ওঠে না। তবে আ
prot_0086_01,middle,20,0.6057,english,"The Hindu Women's Rights to Property Act, 1937",Devolution of property,"আমার বড় বোনের বিয়ে হয় ১৯৯৭ সালে। দুলাভাই প্রাথমিক বিদ্যালয়ের সহকারী শিক্ষক ছিলেন। তাঁদের সংসারে বাবা, তিন বোন, দুই ভাই। ","বাংলাদেশে হিন্দু ধর্মাবলম্বীদের উত্তরাধিকার নির্ধারিত হয় হিন্দু আইনের দায়ভাগা মতে। সেই অনুযায়ী, যেহেতু আপনার ভাগ্নেরা তা"
prot_0059_02,middle,11,0.6061,english,"The Muslim Family Laws Ordinance, 1961",Dissolution of marriage otherwise than by talaq,আমার বয়স ৪১ বছর এবং আমি তিন সন্তানের মা। ১৯৯৩ সালে পরিবারের কাউকে না জানিয়ে আমার সমবয়সী এক ছেলেকে কাজী অফিসে গিয়ে বিয়ে ক,"চিঠির তথ্য অনুযায়ী, আপনি কোর্টের মাধ্যমে ডিভোর্স লেটার পাঠিয়েছেন। তবে নোটিশটি পরে চেয়ারম্যানের কাছে পাঠানো হয়েছিল কি না "
ajke_0188_01,middle,17,0.6069,english,"The Muslim Personal Law (Shariat) Application Act, 1937",Application of Personal Law to Muslims,প্রশ্ন: বাবা মারা যাওয়ার পর ২০১৯ সাল থেকে আমরা চার ভাইবোন মিলে ব্যবসা দেখাশোনা শুরু করি। হঠাৎ মারা যাওয়ায় তিনি ব্যবসা বা,আপনার বাবা মারা যাওয়ার পর মুসলিম উত্তরাধিকার আইন অনুযায়ী তাঁর সম্পত্তি থেকে ৮ ভাগের ১ অংশ পাবেন আপনার মা। বাকি সম্পত্তি
prot_0036_06,good,2,0.6071,english,"The Muslim Family Laws Ordinance, 1961",Talaq,আমি এখন স্নাতকোত্তর পর্যায়ে পড়ছি। উচ্চমাধ্যমিক পরীক্ষার কিছুদিন আগে একটি মেয়েকে বিয়ে করি। আমাদের বিয়েটা আমার বাবা-মা মেন,নির্দিষ্ট নিয়মে দ্বিতীয় তালাক হলে আপনার চিন্তার কারণ নেই। মুসলিম আইনে তালাকের কিছু বাধ্যবাধকতা আছে এবং এই তালাক কার্যকরী
prot_0042_01,good,4,0.6076,mixed,"The Muslim Family Laws Ordinance, 1961",Talaq,"আমি ২০০৭ সালে বিয়ে করি, তখন আমার স্ত্রী ছিল অপ্রাপ্তবয়স্ক। এ জন্য আমার এক পরিচিত উকিলের পরামর্শ নিই। তিনি আমাকে জানান, এ",চিঠির তথ্য অনুযায়ী আপনার স্ত্রীকে তালাক প্রদান করার অধিকার দেওয়া হয়নি। সুতরাং আইনিভাবে তিনি এখনো আপনার স্ত্রী। নির্ধারিত
prot_0072_03,suspect,,0.6079,bengali,"নারী ও শিশু নির্যাতন দমন আইন, ২০০০","মিথ্যা মামলা, অভিযোগ দায়ের ইত্যাদির শাস্তি","২০০৮ সালের জুন মাসে আমাদের বাসার ভাড়াটিয়ার মেয়ে আমার ঘরে বাইরে থেকে তালা লাগিয়ে দেয়। এরপর সে বলতে থাকে, তাকে আমি নির্যাত","আপনার চিঠির তথ্য অনুযায়ী নারী ও শিশু নির্যাতন আইনের ১৭ ধারা অনুযায়ী বাদিনীর বিরুদ্ধে ব্যবস্থা নেওয়ার আবেদন করা হলে, সেই "
prot_0053_03,middle,14,0.6092,english,"The Code of Criminal Procedure, 1898",Security for keeping the peace in other cases,"আমার বাবার কোনো ভাইবোন নেই কিন্তু প্রতিবেশীরা ১৪ ভাই। লোকবল বেশি হওয়ায় তারা অযৌক্তিকভাবে লাঠিসোঁটা নিয়ে হুমকি দেয়, আমাদে",প্রকৃত পরিস্থিতির বিবরণ দিয়ে আপনি থানায় সাধারণ ডায়েরি (জিডি) করতে পারেন। এ ছাড়া নির্বাহী ম্যাজিস্ট্রেটের আদালতে শৃঙ্খলা 
prot_0074_02,middle,36,0.6093,english,"The Code of Criminal Procedure, 1898",Security for keeping the peace in other cases,আমার দাদা দুটি বিয়ে করেন। আমার বাবা প্রথম পক্ষের সন্তান। সৎ দাদির চার ছেলে ও এক মেয়ে। তাঁরাই আমার দাদার সম্পত্তি দেখাশোন,আপনি ভয়ভীতি ও হুমকির তথ্য দিয়ে আপনার নিটকস্থ থানায় সাধারণ ডায়েরি (জিডি) করতে পারেন। তা ছাড়া ফৌজদারি কার্যবিধির ১০৭ ধারা 
prot_0000_02,middle,24,0.6094,english,"1The Penal Code, 1860",Marrying again during lifetime of husband or wife,আমি স্নাতক (সম্মান) শেষ বর্ষের পরীক্ষা দেব। আমার সঙ্গে হিন্দুধর্মাবলম্বী একজন মেয়ের সম্পর্ক রয়েছে। আমরা দুজন দুজনকেই অনে,একজন বিবাহিত নারীকে বিবাহ করার কোনো বিধান আইনে নেই। নির্দিষ্ট নিয়মে বিবাহবিচ্ছেদ বা তালাকের পরই মেয়েটিকে পুনরায় বিবাহ 
prot_0087_01,middle,46,0.61,english,"1The Penal Code, 1860",Marrying again during lifetime of husband or wife,"১০ বছর প্রেম করার পর ২০০৪ সালে আমাদের বিয়ে হয়। বিয়ের শর্ত ছিল, ছয় মাসের মধ্যে তাকে আমার ঘরে আনতে হবে। পারিবারিক সমস্যার ",মুসলিম আইনে কিছু বিয়ে অবৈধ ও কিছু বিয়ে অনিয়মিত হিসেবে আখ্যায়িত করা হয়েছে। ইদ্দতকালে বিয়ে অনিয়মিত বিয়ের আওতায় পড়ে। অনিয়মি
prot_0065_03,middle,11,0.6107,english,"The Muslim Personal Law (Shariat) Application Act, 1937",Application of Personal Law to Muslims,"আমার বয়স ২২ বছর। আমি স্নাতক দ্বিতীয় বর্ষে পড়ছি। যার সঙ্গে সম্পর্ক, সে আমার দূরসম্পর্কের আত্মীয়। সম্পর্ক শুরু হয় ২০০৯ সাল","আপনার বিয়েটি মুসলিম শরিয়ত মোতাবেক হয়েছিল কি না, তা চিঠিতে স্পষ্ট নয়। স্ট্যাম্প পেপারের মাধ্যমে বিয়ের কোনো বিধান মুসলিম শ"
prot_0067_03,suspect,,0.6109,mixed,"পারিবারিক আদালত আইন, ২০২৩",পারিবারিক আদালতের এখতিয়ার,আমি একজন চাকরিজীবী নারী। গত ২০০৯ সালের ২৮ ফেব্রুয়ারি আমার স্বামীকে তালাক দিই। আমার তিন ছেলেমেয়ে এখন আমার কাছে আছে। ২০০৯ ,"প্রথমত, আপনি নির্দিষ্ট বারের সভাপতির কাছে ওই উকিলের বিরুদ্ধে পেশাগত অসদাচরণের অভিযোগ করতে পারেন। চিঠিতে আদালতের সিদ্ধান্"
prot_0083_03,middle,15,0.6115,english,"The Muslim Personal Law (Shariat) Application Act, 1937",Application of Personal Law to Muslims,প্রথম স্ত্রীর মৃত্যুর পর আমার স্বামী আমাকে বিয়ে করেন। তাঁর আগের ঘরে তিন ছেলে ও এক মেয়ে আছে। বর্তমানে আমাদের দেড় বছর বয়সে,আপনার স্বামীর অবর্তমানে আপনি ও আপনার কন্যাসন্তান মুসলিম উত্তরাধিকার আইন অনুযায়ী আপনাদের অংশ পাবেন। এ ক্ষেত্রে কন্যাসন্তা
prot_0026_01,good,2,0.6116,english,"The Muslim Personal Law (Shariat) Application Act, 1937",Application of Personal Law to Muslims,"আমার বাবা সাবেক সরকারি চাকরিজীবী। সারাজীবন দেখেছি সংসারে অভাব, কারণ বাবা বৈষয়িক ছিলেন না। আমি নিজের চেষ্টায় পড়াশোনা কর",মুসলিম আইনে ত্যাজ্য করার কোনো বিধান নেই। আপনার বাবার মৃত্যুর পর তাঁর ওয়ারিশ হিসেবে আপনি আপনার অংশ পেতে পারেন। তবে জীবি
prot_0062_06,good,2,0.6127,english,"The Muslim Personal Law (Shariat) Application Act, 1937",Application of Personal Law to Muslims,আমার নানা দুই ছেলে ও তিন মেয়ে রেখে মারা যান। নানার সম্পত্তি মুসলিম আইন অনুযায়ী ছেলেমেয়েদের মধ্যে ভাগ হয়। পরবর্তীকালে আমা,"মুসলিম আইনে দত্তক দেওয়ার কোনো বিধান নেই। অতএব, আপনার মামার পালিত মেয়েটি আপনার মামার সম্পত্তির কোনো অংশীদার নয়। মুসলিম আই"
ajke_0194_01,good,1,0.6129,english,"The Hindu Women's Rights to Property Act, 1937",Devolution of property,প্রশ্ন: আমি হিন্দু পরিবারের মানুষ। আমার জেঠিমা মারা গেছেন। জ্যাঠা মারা যাওয়ার আগে জেঠিমার নামে শহরের ও গ্রামের বাড়ির অ,হিন্দু সম্প্রদায়ের নারীরা সাধারণত উত্তরাধিকারসূত্রে এবং স্ত্রীধন হিসেবে সম্পত্তি অর্জন করে থাকেন। পিতা-মাতা কিংবা স্বামী
prot_0040_03,good,1,0.6131,english,"The Muslim Family Laws Ordinance, 1961",Dissolution of marriage otherwise than by talaq,আমার মামা প্রবাসী। মামার স্ত্রী দেশে থাকেন। তিনি বেড়ানোর নাম করে মামার বাড়ি থেকে তাঁর বাপের বাড়িতে চলে যান। কিছুদিন প,"কাবিননামায় তালাক প্রদানের ক্ষমতা অর্পিত হলে আপনার মামি তালাক দিতে পারেন। আপনার মামা যেহেতু প্রবাসী, সেহেতু নোটিশটি তাঁর"
prot_0084_04,good,2,0.6143,mixed,"ডিঅক্সিরাইবোনিউক্লিক এসিড (ডিএনএ) আইন, ২০১৪",আদালতের আদেশে ডিএনএ নমুনা সংগ্রহ,আড়াই বছর আগে পারিবারিকভাবে আমার বিয়ে হয়। বিয়ের পর থেকেই আমার স্বামী আমাকে শারীরিক ও মানসিকভাবে নির্যাতন করত। নির্যাতন সই,চিঠিতে উল্লিখিত মামলায় আপনার স্বামী বিবাদী হয়ে ডিএনএ পরীক্ষার দাবি জানাচ্ছেন। এ ক্ষেত্রে আপনার স্বামীকেই ডিএনএ পরীক্ষার 
prot_0002_03,good,4,0.6152,mixed,"The Muslim Family Laws Ordinance, 1961",Talaq,"আমি একজন সরকারি ব্যাংক কর্মকর্তা। আমার স্ত্রীর সঙ্গে বিবাদের কারণে দুই বছর ধরে আমরা আলাদা থাকছি। আমাদের এক সন্তান রয়েছে,",চিঠির তথ্য অনুযায়ী দুই বছর আলাদা বসবাস করলে নারী নির্যাতনের মামলা করা সম্ভব নয়। সুতরাং ডিভোর্স লেটার পাঠানোর পর নারী ন
prot_0000_05,middle,19,0.6153,mixed,"The Code of Criminal Procedure, 1898",When bail may be taken in case of non-bailable offence,আমার মা ১০ বছর আগে একটা মামলার শিকার হন সিরাজগঞ্জে। আমাদের বাসা রংপুরে হওয়ায় এবং তিনি নারী বলে এত দূর নির্দিষ্ট তারিখগুল,আপনার মা পলাতক অবস্থায় আইনের আশ্রয় নিতে পারেন না। তাঁকে আদালতে আত্মসমর্পণ করে জামিনের (বেইল) আবেদন করতে হবে। সামর্থ্য না
prot_0010_01,middle,16,0.6155,mixed,"1The Special Marriage Act, 1872",Conditions upon which marriages under Act may be celebrated,আমার বয়স ১৯ বছর। গত চার বছর ধরে আমার একটি মেয়ের সঙ্গে গভীর সম্পর্ক চলছে। আমাদের সম্পর্ক খুব ভালোভাবেই কাটছে। দুজনে সিদ্,আপনার বিশেষ বিবাহ আইনের (স্পেশাল ম্যারেজ অ্যাক্ট) আওতায় বিবাহ করতে পারেন। তবে বিবাহের আগে আপনাদের একধরনের ডিক্লারেকশন দে
prot_0070_01,middle,23,0.6158,english,"The Guardians and Wards Act, 1890",Matters to be considered by the Court in appointing guardian,আমি সরকারি চাকরি করি। ২০০২ সালে বিয়ে করি। ২০০৩ সালে স্ত্রী চাকরি পায়। একটি সন্তান আমাদের। দুজনেই বেশ সুখী ছিলাম। কিন্তু ,মুসলিম আইনে বাবা হচ্ছেন সন্তানের আইনানুগ অভিভাবক এবং মা হচ্ছেন সন্তানের হেফাজতকারী। একজন মা ছেলেসন্তানকে তার সাত বছর বয়স
prot_0001_01,good,1,0.6165,english,"The Muslim Family Laws Ordinance, 1961",Talaq,আমার ভাই ১৬ বছর বয়সে কাজি অফিসে গিয়ে বিয়ে করে। তখন সে তার বয়স বাড়িয়ে বলেছিল। কিন্তু অফিশিয়াল কাগজে তার এবং তার স্ত্রীর ব,কাজী অফিসে প্রয়োজনীয় স্বাক্ষীসহ বিয়ে সম্পন্ন হলে সেই বিয়েকে বৈধ বিয়ে হিসেবে ধরা হবে। পুনরায় বিবাহ করতে চাইলে আপনার ভাইক
ajke_0175_01,middle,13,0.6165,english,"The Muslim Personal Law (Shariat) Application Act, 1937",Application of Personal Law to Muslims,প্রশ্ন: আমি একজন মুসলিম নারী। আমার একটি ছেলেসন্তান রয়েছে। আমার স্বামী বিয়ের পর দেশের বাইরে কাজ করতে যান। গত বছর তিনি সেখ,একজন মুসলমানের মৃত্যুর পরমুহূর্তেই তাঁর সম্পত্তিতে ওয়ারিশদের অংশ সৃষ্টি হয়। কাজেই আপনার স্বামীর মৃত্যুর পর তাঁর স্থাবর-অ
prot_0029_01,good,5,0.619,mixed,"বাল্যবিবাহ নিরোধ আইন, ২০১৭",বাল্যবিবাহ সংশ্লিষ্ট পিতা-মাতাসহ অন্যান্য ব্যক্তির শাস্তি,"আমি সিএ পড়ি। যে মেয়েটির সঙ্গে আমার সম্পর্ক, সে উচ্চমাধ্যমিক পর্যায়ে পড়ছে। দুই বছর আগে তার পরিবার জোর করে তাকে বিয়ে দিয়ে ","মেয়েটির বয়স ১৮ বছর পূর্ণ হলে আপনি তালাকের পর তাকে বিয়ে করতে পারেন। চিঠির তথ্য অনুযায়ী, মেয়েটির বয়স এখনো ১৮ বছর হয়নি। উল্"
prot_0048_06,good,7,0.6212,mixed,"The Guardians and Wards Act, 1890",Matters to be considered by the Court in appointing guardian,"আমার বিয়ে হয় ২০০১ সালে। দুটি ছেলে আছে, বয়স পাঁচ ও আড়াই বছর। বিয়ের পর থেকেই স্বামীর সঙ্গে বনিবনা হচ্ছে না। আমার স্বামীর আ",সাত বছর না হওয়া পর্যন্ত আপনার ছেলেদের হেফাজতের অধিকার আপনার। তালাক প্রদানের পর দ্বিতীয় বিবাহ না করা পর্যন্ত আপনার সেই অধ
prot_0083_04,good,8,0.6214,english,"The Muslim Family Laws Ordinance, 1961",Talaq,আমার এক জ্ঞাতি ভাইয়ের সঙ্গে চার বছর প্রেম করার পর ২০০৮ সালের ২১ এপ্রিল তাকে কাজী অফিসে নিয়ে গিয়ে গোপনে পাঁচ লাখ টাকা দেন,"যেহেতু আপনি স্বইচ্ছায় গর্ভপাত ঘটিয়েছেন, সেহেতু আপনার ওপর ফৌজদারি দায় বর্তাবে না। সাধারণত গর্ভকালীন সময় অতিক্রান্ত না হওয়"
prot_0072_05,good,7,0.6221,mixed,The Hindu Married Women's Right to Separate Residence and Ma,Grounds for claiming separate residence and maintenance,"আমি হিন্দু ধর্মাবলম্বী, একটা বেসরকারি প্রতিষ্ঠানে চাকরি করি। আমি তিন বছর ধরে একটি বিবাহিত মেয়েকে ভালোবাসি, সেও আমাকে খুব",আমাদের দেশে হিন্দু আইনে বিবাহবিচ্ছেদের কোনো সুযোগ নেই। সুতরাং বিবাহিত মেয়েটি হিন্দু ধর্মাবলম্বী হলে তাকে আইনসম্মতভাবে বি
prot_0073_02,good,9,0.6225,english,"The Muslim Personal Law (Shariat) Application Act, 1937",Application of Personal Law to Muslims,আমার বড় বোন তাঁর এক ছেলে ও মেয়ে রেখে মারা যাওয়ার পর ওই বোনজামাইয়ের সঙ্গে আমার বিয়ে হয়। বর্তমানে আমারও এক ছেলে ও এক মেয়ে।,"প্রথমত, মুসলিম উত্তরাধিকার আইন অনুযায়ী আপনার স্বামী তাঁর প্রথম স্ত্রীর অর্থাৎ আপনার বোনের পুরো সম্পত্তির চার ভাগের এক ভা"
prot_0137_01,good,1,0.6227,bengali,"গ্রাম আদালত আইন, ২০০৬",গ্রাম আদালত কর্তৃক বিচারযোগ্য মামলা,পত্রপত্রিকায় প্রায়ই খবর আসে অমুক গ্রামে গ্রাম্য সালিসে কোনো ব্যক্তি বা পরিবারকে এই বা ওই শাস্তি দেওয়া হয়েছে। দেশের প্রচল,আমাদের দেশে গ্রাম্য আদালত থাকলেও এর বিচারিক কাজের অংশ। কিন্তু গ্রাম্য সালিসের নামে গ্রামের মাতবর-মুরুব্বিরা মিলে কোনো কি
prot_0078_03,good,2,0.625,english,"1The Penal Code, 1860",Marrying again during lifetime of husband or wife,আমার খালার চার মেয়ে। সবাই ছাত্রী। খালু সরকারি চাকরি করেন। প্রায় দুই বছর হয় খালা গৃহকর্মীর সঙ্গে পালিয়ে গিয়ে তাকে বিয়ে কর,"প্রথম স্বামীর সঙ্গে বৈবাহিক সম্পর্ক থাকা অবস্থায় অন্য কাউকে বিয়ে করা শুধু অবৈধই নয়, তা দণ্ডবিধি অনুযায়ী একটি শাস্তিযোগ্য"
prot_0054_03,good,10,0.6251,mixed,"1The Penal Code, 1860",Marrying again during lifetime of husband or wife,২০০৬ সালে আমার সঙ্গে এক মেয়ের সম্পর্ক গড়ে ওঠে। এই সম্পর্ক একসময় দৈহিক সম্পর্কে রূপ নেয় এবং মেয়েটি অন্তঃসত্ত্বা হয়ে পড়ে। ,বিবাহিত থাকাকালে আপনার স্ত্রীর দ্বিতীয় বিয়ে আইনগতভাবে বৈধ নয়। এ ধরনের বিয়ের আইনগত কোনো সিদ্ধতা নেই। সুতরাং মেয়েটি এখনো আ
prot_0088_03,middle,17,0.6252,bengali,"পারিবারিক আদালত আইন, ২০২৩",পারিবারিক আদালতের এখতিয়ার,আমার বয়স ২৫। আমি স্নাতক (সম্মান) দ্বিতীয় বর্ষে পড়ি। চার বছর ধরে একটি মেয়ের সঙ্গে আমার সম্পর্ক। তার বয়স ১৮। গত ৭ জুলাই আম,আপনি পারিবারিক আদালতে দাম্পত্য সম্পর্ক পুনরুদ্ধারের মামলা করতে পারেন। সে ক্ষেত্রে আপনাকে প্রমাণ করতে হবে যে আপনার স্ত্রী
prot_0073_07,middle,20,0.6266,mixed,"1The Transfer of Property Act, 1882",“Gift” defined,"আমরা চার ভাই ও পাঁচ বোন। সবাই বিবাহিত। বাবা ও মা দুজনই মারা গেছেন। সব ভাইয়েরই পুত্রসন্তান আছে। আমার একটিমাত্র কন্যা, বয়স",আপনি আপনার জীবদ্দশায় আপনার স্থাবর সম্পত্তি স্ত্রী ও কন্যাকে দান করতে পারেন। দানের ক্ষেত্রে দানপত্রটি লিখিত ও রেজিস্ট্রি 
prot_0036_02,good,3,0.6268,english,"The Muslim Family Laws Ordinance, 1961",Talaq,আমার বিয়ে হয় ২০১২ সালে। এরপর আমার পরিবারে নানা ধরনের সমস্যা দেখা দেয়। আমার কোনো সন্তান নেই। বিয়েতে দেনমোহর যা ছিল বিয়ের ,দেনমোহরের অর্থ পাওনা থাকলে তা আপনার স্ত্রীর প্রাপ্য। আপনি আইনের মাধ্যমে স্ত্রীকে তালাক দিতে পারেন
prot_0049_04,good,2,0.6273,english,"The Hindu Widow's Re-marriage Act, 1856",Marriage of Hindu widows legalized,আমার বন্ধুর বড় ভাই ১১ মাস আগে বিদেশে কর্মরত অবস্থায় মারা যান। তাঁর বউয়ের বয়স ২২ বছর এবং একমাত্র ছেলের বয়স দুই বছর। তিনি ,হিন্দু আইনে কোনো পুরুষ আত্মীয়তার বন্ধনে আবদ্ধ কোনো মেয়েকে বিয়ে করতে পারেন না। তাই এ আইনে ভাইয়ের বিধবা স্ত্রীকে বিয়ে করা 
prot_0080_01,middle,47,0.628,english,"1The Transfer of Property Act, 1882",“Gift” defined,আমরা চার ভাই। আমি মেজো। ছোটবেলায় আমার চাচা ও চাচি আমাকে মৌখিকভাবে দত্তক নেন ও লালন-পালন করেন । তাঁরা ছিলেন নিঃসন্তান। পর,বাংলাদেশে প্রযোজ্য হিন্দু আইনের দায়ভাগা মতবাদ অনুযায়ী কোনো হিন্দু ধর্মাবলম্বী তাঁর স্থাবর ও অস্থাবর সম্পত্তি দান করতে পা
prot_0052_04,good,1,0.6283,english,"The Hindu Inheritance (Removal of Disabilities) Act, 1928",Persons not to be excluded from inheritance or rights in joi,আমি বাবা-মায়ের একমাত্র পুত্রসন্তান। আমার ছোট দুটি বোন আছে। ২০০৫ সালে আমি ধর্মান্তরিত হয়ে পরিবার থেকে আলাদা বসবাস করছি। প,ধর্মান্তরিত হওয়ার ফলে আপনি আপনার বাবার সম্পত্তি পাওয়ার অধিকার হারিয়েছেন। হিন্দু আইনে বাবার সম্পত্তি আপনার মায়ের জীবন স্ব
prot_0086_02,good,6,0.6284,english,"The Muslim Family Laws Ordinance, 1961",Talaq,ছয় বছর আগে কলেজে পড়ার সময় এক হিন্দুধর্মের ছেলের সঙ্গে সম্পর্ক হয়। কিছুদিন পর কাজি অফিসে আমরা বিবাহ করি; কাগজে ছেলের ধর্ম,কোনো মুসলমান পুরুষ বা নারী কিতাবি ধর্মাবলম্বী ছাড়া অন্য কোনো ধর্মাবলম্বীকে বিবাহ করতে পারে না। আপনার চিঠির বক্তব্য অনুযা
prot_0003_03,good,1,0.6286,english,"The Muslim Family Laws Ordinance, 1961",Dissolution of marriage otherwise than by talaq,২০১৩ সালে আমার বোনের বিয়ে হয়। বোন এখন তাঁর স্বামীকে তালাক দিতে চান। বিয়ে কাজি অফিসে নিবন্ধিত হয়েছিল। বর্তমানে আমার বোন ক,কাবিননামায় স্ত্রীর তালাক দেওয়ার ক্ষমতা প্রদান করা থাকলে আপনার বোন স্বামীকে তালাক দিতে পারবেন। সে ক্ষেত্রে কাজি অফিসের মা
prot_0052_03,good,1,0.6294,bengali,"পারিবারিক আদালত আইন, ২০২৩",পারিবারিক আদালতের এখতিয়ার,আমি মাস্টার্স শেষ করে মা-বাবার অনুরোধে চার বছর আগে আমার এক ফুফাতো বোনকে বিয়ে করি। আমার প্রতি তার আকর্ষণ প্রথম থেকেই ছিল ,আপনি পারিবারিক আদালতে দাম্পত্য সম্পর্ক পুনরুদ্ধারের মামলা করতে পারেন। তবে মেয়েটি স্বেচ্ছায় বৈবাহিক সম্পর্ক রাখতে না চাইল
prot_0038_05,good,5,0.6299,english,"The Muslim Family Laws Ordinance, 1961",Talaq,আমার বিয়ে হয় ২০০৮ সালে। এর এক বছর পর আমার একটি ছেলে হয়। বিয়েতে দেনমোহর যা ছিল তার মধ্যে কিছু টাকা বিয়ের সময় পরিশোধ করা হ,তালাকের পর আপনার স্ত্রী আপনার বিরুদ্ধে ইদ্দত চলাকালে অর্থাৎ তিন মাসের ভরণপোষণ ও দেনমোহরের জন্য আবেদন করতে পারেন। এ ছাড়া 
prot_0044_04,good,1,0.6303,mixed,"বাল্যবিবাহ নিরোধ আইন, ২০১৭",বাল্যবিবাহ করিবার শাস্তি,পাঁচ বছর আগে আমার এক চাচাতো বোনের বিয়ে হয়। তখন তাঁর বয়স ছিল মাত্র ১৫ বছর। আমার চাচাতো বোন খুব মেধাবী ছিলেন এবং বিয়ের,যদি প্রথম বিয়েটি নিয়মমাফিক হয়ে থাকে তাহলে আত্মীয়দের দাবি ছেড়ে দেওয়া তালাক হিসেবে পরিগণিত হবে না। আপনার বোনকে তালাক
prot_0089_01,middle,11,0.6304,mixed,"The Muslim Personal Law (Shariat) Application Act, 1937",Application of Personal Law to Muslims,২০০৪ সালে একটি ছেলের সঙ্গে আমার সম্পর্ক হয়। ২০০৫ সালের মার্চে ওই ছেলের এবং তার পরিবারের চাপের মুখে বাধ্য হয়ে আমি একটি রে,মুসলিম বিবাহ সম্পন্ন হয় মুসলিম শরিয়ত আইনে। শরিয়ত আইন অনুযায়ী যেকোনো সাবালক বা সাবালিকা বিবাহবন্ধনে আবদ্ধ হতে পারে। শরিয়ত
ajke_0159_01,good,8,0.6306,bengali,"পারিবারিক সহিংসতা (প্রতিরোধ ও সুরক্ষা) আইন, ২০১০",সুরক্ষা আদেশ,প্রশ্ন: স্বামীসহ শ্বশুরবাড়ির সবাই আমাকে শারীরিকভাবে নির্যাতন করে। এখন আমি যৌতুক নিরোধ আইনে মামলা করেছি। আমার উকিল আমাকে ,"আপনি যেভাবে নির্যাতনের শিকার হয়েছেন এবং এখন আইনি সহায়তাও বিশ্বাসঘাতকতা অনুভব করছেন, সেটি খুবই দুঃখজনক। তবে ভয়ের কিছু নেই"
prot_0038_01,good,7,0.6311,english,"The Muslim Family Laws Ordinance, 1961",Succession,আমার এক আত্মীয়ার তিন মেয়ে। কোনো ছেলে নেই। তাঁর প্রথম মেয়েটি একটি ছেলেসন্তান রেখে মারা গেছেন। আমার আত্মীয়ার ঢাকা শহরে কিছ,তাঁর মৃত্যুর পর তাঁর জীবিত স্বামী এই সম্পত্তির চার ভাগের এক ভাগ পাবেন। বাকি চার ভাগের তিন ভাগ তাঁর সন্তানেরা পাবেন। যে ম
prot_0051_03,good,2,0.6316,bengali,"পারিবারিক আদালত আইন, ২০২৩",পারিবারিক আদালতের এখতিয়ার,বিয়ের পর আমার স্বামী আমার সঙ্গে নানা অদ্ভুত আচরণ করত। আমাদের বিয়েতে দেনাপাওনা বা যৌতুকের কোনো উল্লেখ ছিল না। তার পরও বিয়,"আপনি আপনার মোহরানা, গয়না, জিনিসপত্র দাবি করে পারিবারিক আদালতে মামলা করতে পারেন। যে কারণেই হোক, আপনার তালাক কার্যকর হয়ে গ"
prot_0026_02,good,5,0.6319,english,"The Muslim Family Laws Ordinance, 1961",Talaq,"আমার ছোট বোন ও তার স্বামীর তালাক হয়ে গেছে প্রায় আট মাস। তালাক আমার বোনই দেয়, তার স্বামীর কাছে তিনবার তালাকের নোটিশও ",১৯৬১ সালের মুসলিম পারিবারিক আইনে সংশোধনী আনার মাধ্যমে হিল্লা বা অন্তর্বর্তীকালীন বিবাহ বাতিল করা হয়েছে। এই আইন অনুযায়ী 
prot_0077_08,middle,16,0.6323,mixed,"রিয়েল এস্টেট উন্নয়ন ও ব্যবস্থাপনা আইন, ২০১০",ডেভেলপার কর্তৃক রিয়েল এস্টেট হস্তান্তরে ব্যর্থতা,এক ডেভেলপারের সঙ্গে মোহাম্মদপুরের আদাবর ১০ নম্বর রোডে আমার আট কাঠা জমির ওপর ফ্ল্যাট নির্মাণের চুক্তি হয়েছিল। চুক্তির শর্,"আপনি যে সমস্যার কথা উল্লেখ করেছেন, তা প্রায়ই শোনা যাচ্ছে। এ ক্ষেত্রে আপনি ক্ষতিপূরণসহ আপনার জমা দেওয়া অর্থ ফেরত পাওয়ার জ"
prot_0045_04,good,3,0.6324,bengali,"বাল্যবিবাহ নিরোধ আইন, ২০১৭",বাল্যবিবাহ করিবার শাস্তি,আমার বয়স ২৯। আমি ১৯ জানুয়ারি ২০১২ তারিখে বিয়ে করি। স্ত্রীর বয়স মাত্র ১৩ বছর। কিন্তু কাবিননামায় ১৮ বছর দেখানো হয়েছে। বর্ত,নাবালিকার সঙ্গে যে সম্পর্ক করেছেন তা আইনত সিদ্ধ নয় এবং কোনো কোনোক্ষেত্রে তা দণ্ডনীয় অপরাধ। এ ক্ষেত্রে পারিবারিকভাবে সমস্
prot_0034_03,good,5,0.6326,mixed,"1The Evidence Act, 1872",Birth during marriage conclusive proof of legitimacy,আমি একজন শিক্ষিকা। বিয়ে হয়েছে ২০০৩-এ। ২০০৭-এ সন্তান হয়েছে। আমার স্বামী দীর্ঘদিন ধরে বিশ্ববিদ্যালয়ের পড়াশোনা শেষ করার চেষ,আইন অনুযায়ী আপনার স্বামীর তাঁর সন্তানের পিতৃপরিচয় অস্বীকার করার কোনো সুযোগ নেই। আপনারা আইন অনুযায়ী বিবাহ করেছেন এবং ১০ ব
prot_0006_04,good,10,0.6332,english,"The Muslim Personal Law (Shariat) Application Act, 1937",Application of Personal Law to Muslims,আমরা দুই বোন ও এক ভাই। আমি শুনেছি মৃত পিতার বসতবাড়ির সম্পত্তিতে মেয়েদের কোনো অধিকার থাকে না। এটা কি সত্য? তানিয়া শার,মুসলিম আইনে নারীরা যেকোনো সম্পত্তির উত্তরাধিকার হবেন। সুতরাং মৃত পিতার বসতবাড়িতে আপনাদের অধিকার আছে। আপনার মা জীবিত থ
prot_0086_04,middle,11,0.6335,english,"The Guardians and Wards Act, 1890",Matters to be considered by the Court in appointing guardian,মাসখানেক পর আমার দ্বিতীয় বিয়ে হবে। প্রথম ঘরের আমার দুই মেয়ে আছে। বড় মেয়ের বয়স নয় বছর। মাদ্রাসায় লেখাপড়া করে এবং দ্বিতীয় ,মুসলিম আইনে একজন বাবা হচ্ছেন সন্তানের আইনানুগ অভিভাবক এবং মা হচ্ছেন সন্তানের হেফাজতকারী। সাধারণত একজন মা তাঁর কন্যাসন্তা
prot_0047_02,good,5,0.6336,bengali,"বাল্যবিবাহ নিরোধ আইন, ২০১৭",সংজ্ঞা,আমি ভিন্ন ধর্মের একটি মেয়েকে ভালোবাসি। মেয়েটিও আমাকে খুব ভালোবাসে। মেয়েটি ইসলাম ধর্মে ধর্মান্তরিত হয়ে আমাকে বিয়ে করতে চা,সার্টিফিকেট অনুযায়ী আপনার ২১ এবং মেয়েটির ১৮ বছর হওয়ার পর আপনারা দুজন বিবাহ করতে পারবেন। তবে বিবাহের আগে মেয়েটাকে ইসলাম ধ
prot_0064_02,good,1,0.6349,english,"The Muslim Family Laws Ordinance, 1961",Dower,আমি ২০০৭ সালে পারিবারিকভাবে বিয়ে করি। বিয়ের আগে থেকে আমার স্ত্রীর এক ছেলের সঙ্গে প্রেম ছিল। আমি জানতাম না। বিয়ের দিনই সে,"আপনি বা আপনার স্ত্রী যে পক্ষই তালাক দিক না কেন, দেনমোহর আপনাকে পরিশোধ করতে হবে। তালাক হোক বা না হোক, দেনমোহর আপনার স্ত্র"
prot_0047_03,good,1,0.6351,english,"The Muslim Family Laws Ordinance, 1961",Talaq,আমার বিয়ে হয়েছে প্রায় আট বছর। আমার একটি ছয় বছরের ছেলে আছে। কিন্তু বিয়ের পর থেকেই স্বামীর সঙ্গে বনিবনা হচ্ছে না। আজ থেকে ,আপনার স্বামী যেহেতু তালাক সম্বন্ধে অবগত নন সেহেতু তালাকটি কার্যকর হয়নি। আপনার দ্বিতীয় বিয়েটি বৈধ বিয়ে নয়। আপনাকে আইন মোত
prot_0072_04,good,2,0.6353,mixed,"The Muslim Family Laws Ordinance, 1961",Dower,আমার বয়স ২৪ বছর। আমি একটি ছেলেকে ভালোবেসে বিয়ে করি। বিয়ের দুই বছর পর স্বামী ও শাশুড়ি আমাকে শারীরিক নির্যাতন এবং প্রচণ্ড ,স্ত্রী তালাক দিলে দেনমোহর পরিশোধ করার ক্ষেত্রে স্বামী কোনো রকম সুবিধা লাভ করেন না। স্বামী বা স্ত্রী যে-ই তালাক প্রদান কর
prot_0006_02,good,1,0.637,english,"The Muslim Family Laws Ordinance, 1961",Dissolution of marriage otherwise than by talaq,আমার বিয়ে হয়েছে দুই বছর সাত মাস। স্বামী লন্ডনে থাকেন। তাঁর সঙ্গে আমার ফোনের মাধ্যমে বিয়ে হয়েছে। বিয়ের পর এখনো তাঁর সঙ্,আপনার বিয়ের কাবিননামায় তালাক প্রদানের ক্ষমতা দেওয়া থাকলে আপনি নির্ধারিত কাজির মাধ্যমে তালাক দিতে পারেন। এ ধরনের তালাক সা
prot_0084_01,good,3,0.6372,bengali,"জাতীয় পরিচয় নিবন্ধন আইন, ২০২৩",জাতীয় পরিচয়পত্র সংশোধন,আমি স্নাতক (সম্মান) শ্রেণীতে অধ্যয়নরত। গত সংসদ নির্বাচনের সময় আমি খুলনা সিটি করপোরেশন থেকে ভোটার হই। কিন্তু নিবন্ধনের সম,"জন্মতারিখ যদিও আইনগতভাবে গুরুত্বপূর্ণ নয়, কিন্তু বর্তমানে দৈনন্দিন জীবনে নানা কাজের সঙ্গে জন্মতারিখ সম্পৃক্ত হওয়ায় এটি গ"
prot_0003_02,good,6,0.639,mixed,"The Muslim Family Laws Ordinance, 1961",Maintenance,"আমার প্রশ্ন, স্ত্রীকে না জানিয়ে স্বামী যদি দ্বিতীয় বিয়ে করেন এবং প্রথম স্ত্রী ও সন্তানের ভরণপোষণ না দেন, তবে প্রথম স্ত্র",সন্তান ও স্ত্রীর ভরণপোষণ স্বামী দিতে বাধ্য। এই ভরণপোষণের জন্য একজন স্ত্রী পারিবারিক আদালতে মামলা করতে পারেন। স্বামী তাঁর
prot_0048_05,good,1,0.6396,english,"The Muslim Family Laws Ordinance, 1961",Succession,আমরা তিন ভাই এক বোন। আমার মা ১৯৮০ সালে মারা যান। তখন আমরা খুব ছোট ছিলাম। আমার নানা মারা যান ১৯৯৮ সালে। নানার ছেলেমেয়ে নয়,১৯৬১ সালের মুসলিম পারিবারিক আইন অধ্যাদেশের ৪ ধারা অনুযায়ী উত্তরাধিকার উন্মুক্ত হওয়ার আগেই কোনো পুত্র-কন্যার মৃত্যু হলে স
prot_0045_02,good,3,0.6405,english,"The Muslim Family Laws Ordinance, 1961",Dower,আমার বিয়ের পর স্বামীর সঙ্গে আমার কোনো রকম শারীরিক সম্পর্ক হয়নি। সে আমার বিয়ের পরের দিন বিদেশে চলে যায়। আমি তাকে স্বামী হ,বৈবাহিক সম্পর্ক সম্পূর্ণ না হলে আপনি অর্ধেক দেনমোহর পাওয়ার অধিকারী। কাবিননামায় তালাক প্রদানের ক্ষমতা থাকলে আপনি আপনার স্
prot_0077_02,good,1,0.641,mixed,"The Dissolution of Muslim Marriages Act, 1939",Grounds for decree for dissolution of marriage,আমি এমএসএস দ্বিতীয় বর্ষের ছাত্রী। ২০০৬ সালে আমার বিয়ে হয়। আমার স্বামী আমার বিয়ের আগে থেকেই বিদেশে ছিলেন। তিনি যখন ছুটিতে,আপনার স্বামীকে বিদেশ থেকে বাংলাদেশে আনার ক্ষেত্রে আইনগতভাবে কোনো কার্যকর ব্যবস্থা গ্রহণ করা সম্ভব নয়। আপনি মুসলিম বিবাহব
prot_0078_05,good,5,0.6455,bengali,"পারিবারিক আদালত আইন, ২০২৩",পারিবারিক আদালতের এখতিয়ার,আমি স্নাতক (সম্মান) চতুর্থ বর্ষের ছাত্রী। আমার বাড়িতে সব সময় ঝগড়া-বিবাদ লেগেই থাকে। আমার বাবা আমার প্রতি রেগে গেলেই বকাঝ,আপনি মুসলিম পারিবারিক আদালতে নির্দিষ্ট কোর্ট ফি দিয়ে আপনার বাবার বিরুদ্ধে ভরণ-পোষণ আদায়ের মামলা করতে পারেন। ভরণ-পোষণের প
prot_0003_01,good,10,0.6461,mixed,"আইনগত সহায়তা প্রদান আইন, ২০০০",,ঢাকার একটি পাবলিক বিশ্ববিদ্যালয় এলাকায় বর্তমানে মুঠোফোন সেট চুরির ঘটনা অনেক বেড়ে গেছে। হলের নিজ নিজ কক্ষ থেকে মুঠোফোন সে,প্রতিটি আদালত প্রাঙ্গণে লিগ্যাল এইডের অফিসে সরকারি সাহায্যে আইনগত সহায়তা প্রদান করা হয়। নির্দিষ্ট ফরমে আবেদনের মাধ্যমে এ
prot_0091_05,good,8,0.6463,bengali,"পারিবারিক আদালত আইন, ২০২৩",পারিবারিক আদালতের এখতিয়ার,আমার বয়স ৩০ বছর। আমি একটি টেক্সটাইল মিলে সহকারী প্রকৌশলী হিসেবে কর্মরত এবং ভালো বেতন পাই। একটি মেয়েকে পছন্দ করি এবং পারি,"আপনি পারিবারিক আদালতে দাম্পত্য সম্পর্ক পুনরুদ্ধারের মামলা করতে পারেন। সেই মামলায় আপনাকে প্রমাণ করতে হবে, আপনার স্ত্রীকে "
prot_0043_04,good,1,0.6466,mixed,"পারিবারিক আদালত আইন, ২০২৩",পারিবারিক আদালতের এখতিয়ার,আমার বয়স ২৩। ২০০২ সালে বিয়ে হওয়ার পর আমার একটি কন্যাসন্তান হয়। নানা সমস্যার কারণে ২০০৬ সাালে আমার তালাক হয়। আমার মে,আপনি দাম্পত্য সম্পর্ক পুনরুদ্ধার মামলা করতে পারেন। তবে ছেলেটি নিজের ইচ্ছায় আপনাকে তালাক প্রদান করলে আপনার বিশেষ কিছু কর
prot_0027_01,good,6,0.6469,english,"1The Special Marriage Act, 1872",Conditions upon which marriages under Act may be celebrated,"আমি হিন্দু, ইসলাম ধর্মের একটা ছেলেকে ভালোবাসি। ছেলেটাও আমাকে ভালোবাসে। আমার বয়স ২৬ আর ছেলেটার বয়স ২৮ বছর। আমাদের সম্পর",একজন ইসলাম ধর্মের ছেলে একজন হিন্দুধর্মের মেয়েকে নিজ নিজ ধর্ম বজায় রেখে বিয়ে করতে পারেন না। তবে আপনারা স্পেশাল ম্যারেজ অ্
prot_0066_05,good,1,0.647,english,"1The Penal Code, 1860",Adultery,"আমি যখন স্নাতক (সম্মান) শেষ বর্ষের ছাত্র, তখন আমাদের বাড়ির পাশের প্রাইমারি স্কুলের এক শিক্ষিকার সঙ্গে আমার বড় ভাইয়ের বিয়","অন্যের স্ত্রীর সঙ্গে সম্পর্ক স্থাপন ব্যভিচার ও অপরাধ। আপনি যদি মেয়েটির সঙ্গে আবার সম্পর্ক স্থাপন করতে চান, সে ক্ষেত্রে ম"
ajke_0198_01,good,2,0.6471,mixed,"The Muslim Family Laws Ordinance, 1961",Dissolution of marriage otherwise than by talaq,প্রশ্ন: আমার বান্ধবীর স্বামী একজন প্রবাসী এবং আট বছর ধরে দেশের বাইরে আছেন। আট বছরে তার স্বামী মাত্র দুইবার দেশে এসেছেন এ,আপনার বান্ধবীর ওপর যে নির্যাতন হচ্ছে তা শুনে খুব খারাপ লাগল। তাঁর স্বামী আট বছরে মাত্র দুইবার দেশে এসেছেন এবং তাঁর সন্তা
prot_0063_04,good,2,0.6472,english,"The Muslim Family Laws Ordinance, 1961",Talaq,আমার বয়স ২০ বছর। আমি অনার্স প্রথম বর্ষের ছাত্রী। প্রায় তিন বছর আগে আমার এক খালাতো ভাইয়ের সঙ্গে সম্পর্ক গড়ে ওঠে। কিন্তু প,সাধারণত তালাক দেওয়ার তিন মাসের মধ্যে তা কার্যকর হয়। চিঠির তথ্য অনুযায়ী আপনাদের তালাক কার্যকর হওয়ার কথা। সে ক্ষেত্রে পুনর
prot_0097_01,good,4,0.6479,english,"1The Transfer of Property Act, 1882",Transfer how effected,আমাদের সমাজে অপুত্রক ব্যক্তির মৃত্যুর পর তাঁর সম্পত্তি থেকে মেয়েদের বঞ্চিত করা হয়। কেউ জীবদ্দশায় মেয়েকে সম্পত্তি দিয়ে যে,পুত্রসন্তান না থাকলে ওই ব্যক্তির মৃত্যুর পর উত্তরাধিকার হিসেবে তাঁর ভাইয়েরা সম্পত্তির একটি অংশ পাবে। সে ক্ষেত্রে কেউ যদি
prot_0130_02,good,3,0.6486,mixed,"বাল্যবিবাহ নিরোধ আইন, ২০১৭",বাল্যবিবাহ সম্পাদন বা পরিচালনা করিবার শাস্তি,আমার বয়স ২৮ বছর আর মেয়েটির বয়স ১৪। আমরা দুজন দুজনকে ভালোবাসি। হঠাৎ দুর্ঘটনা ঘটে। আমি মেয়েপক্ষের সবার সঙ্গে দেখা করতে গেল,আপনি আপনার স্ত্রীকে তালাক দিতে পারেন আইন অনুযায়ী। তালাক দেওয়া হলেও কাবিননামার শর্ত অনুযায়ী দেনমোহরের টাকা প্রদান করতে হব
prot_0130_01,good,8,0.649,bengali,"হিন্দু বিবাহ নিবন্ধন আইন, ২০১২",হিন্দু বিবাহ নিবন্ধন,"আমি একজন চাকরিজীবী, সনাতন ধর্মের অনুসারী। আমি একটি মেয়েকে ভালোবাসি। আমরা দুজন প্রাপ্তবয়স্ক এবং বিবাহবন্ধনে আবদ্ধ হতে ইচ্",প্রচলিত আইনে কোর্ট ম্যারেজ বলে কোনো বিয়ে নেই। এটি আদালতে হলফনামার মাধ্যমে বিয়ের ঘোষণামাত্র। অনেককেই বলতে শোনা যায় যে কোর
prot_0070_03,good,7,0.649,mixed,"The Muslim Family Laws Ordinance, 1961",Talaq,আমি কিছুদিন আগে অভিভাবকের অসম্মতিতে বিয়ে করেছি। বিয়ের আগে ছেলের পরিবারের সবার সম্মতি ছিল। আমার বাড়ির কেউ রাজি ছিল না। আম,"স্বামী-স্ত্রী যদি নিজেদের সম্মতিতে বিয়ে করে থাকেন, সেখানে শুধু আপনারাই স্বইচ্ছায় আবার বিবাহবিচ্ছেদ ঘটাতে পারেন। মুসলিম আ"
prot_0048_02,good,1,0.651,english,"The Guardians and Wards Act, 1890",Matters to be considered by the Court in appointing guardian,আমার দুটি ছেলে আছে। তাদের বয়স সাত ও ১৩। আমার স্বামী দুই বছর আগে আরেকটি বিয়ে করেছে। তার পর থেকে আমি তার সঙ্গে থাকি না। যদ,সাধারণত মুসলিম আইনে সাত বছরের ঊর্ধ্বের ছেলেদের অভিভাবক হবেন তাদের বাবা। তবে নাবালকের পছন্দ করার মতো বয়স হলে আদালত তাদের 
prot_0024_01,good,5,0.653,mixed,"বাল্যবিবাহ নিরোধ আইন, ২০১৭",বাল্যবিবাহ করিবার শাস্তি,চার বছর আগে আমার সঙ্গে একটি মেয়ের সম্পর্ক হয়। গত বছর আমরা কোর্ট ম্যারেজ করি কিন্তু কাজী অফিসে নিবন্ধন করিনি মেয়ের আপত,"কাগজে-কলমে যেহেতু মেয়েটির বয়স ১৮ বছরের নিচে, সেহেতু মেয়েটির সম্মতি আইনের দৃষ্টিতে গ্রহণযোগ্য নয়। মেয়েটি আপনার কাছে "
ajke_0146_01,good,1,0.6534,mixed,"পারিবারিক সহিংসতা (প্রতিরোধ ও সুরক্ষা) আইন, ২০১০",পারিবারিক সহিংসতা,"প্রশ্ন: আমার ভাই বিশ্ববিদ্যালয়ের প্রথম বর্ষের শিক্ষার্থী। আমাদের বাবা নেই। মা, আমি আর ভাই থাকি। খুব সম্প্রতি মায়ের গায়ে ","আপনি বেশ কঠিন অবস্থার মধ্য দিয়ে যাচ্ছেন, সেটা বুঝতে পারছি। আমরা যা বলতে পারি— আইনগতভাবে এটি অপরাধ মাকে শারীরিকভাবে লাঞ্ছ"
prot_0036_04,good,1,0.6536,english,"1The Special Marriage Act, 1872",Conditions upon which marriages under Act may be celebrated,হিন্দুধর্মাবলম্বী একজনের সঙ্গে আমার প্রায় পাঁচ বছরের সম্পর্ক। আমরা দুজনই প্রাপ্তবয়স্ক এবং ধর্ম পরিবর্তন না করে বিয়ে করতে,মুসলিম হিসেবে একজন হিন্দুধর্মালম্বীকে বিয়ে করা মুসলিম আইনে গ্রহণযোগ্য নয়। তবে স্পেশাল ম্যারেজ অ্যাক্ট বা বিশেষ বিবাহ আইন
prot_0053_01,middle,65,0.6536,english,"The Muslim Family Laws Ordinance, 1961",Polygamy,আমার বিয়ে হয়েছে ১০ বছর। সংসারে দুটি মেয়ে আছে। আমার স্বামী ২০০৮ সালে বিদেশে যায়। সেখানে ফোনে একটি মেয়ের সঙ্গে তার সম্পর্ক,প্রথম স্ত্রীর অনুমতি ছাড়া দ্বিতীয় বিয়ের বিরুদ্ধে আইনি ব্যবস্থা নিলে এক বছর কারাদণ্ড এবং ১০ হাজার টাকা জরিমানা হতে পারে। 
prot_0087_04,good,2,0.6545,english,"The Muslim Family Laws Ordinance, 1961",Talaq,আমার বয়স ২৫ বছর। তিন বছর ধরে আমি বড় ভাইয়ের স্ত্রীকে ভালোবাসি। ভাইয়ের ঘরে তার এক বছর তিন মাস বয়সের একটি ছেলেসন্তান আছে। স,"আপনার প্রথম প্রশ্নের জবাবে জানাচ্ছি, তালাক কার্যকর হওয়ার পর পুনরায় বিবাহে আইনগত কোনো বাধা নেই। তবে তালাক কার্যকর হওয়ার ব"
prot_0061_02,good,4,0.6546,english,"The Muslim Personal Law (Shariat) Application Act, 1937",Application of Personal Law to Muslims,আমার মাত্র একজন কন্যাসন্তান। আমার নিজের কোনো ভাইবোন নেই। আমার নিজ নামে কোনো সম্পত্তি থাকলে আমার অবর্তমানে সেই সম্পত্তির ,একমাত্র কন্যাসন্তান হিসেবে মুসলিম উত্তরাধিকার আইন অনুযায়ী আপনার অবর্তমানে আপনার পুরো সম্পত্তির অর্ধেক তাঁর প্রাপ্য। বাকি
prot_0098_01,good,5,0.6556,english,"The Muslim Family Laws Ordinance, 1961",Succession,আমার দাদা মারা গেছেন অনেক আগে। দাদিও মারা গেলেন কিছুদিন আগে। আমার বাবা দাদির আগে মারা যান। দাদির নামে ছয় বিঘা জমি আছে। ত,আপনি জানিয়েছেন যে আপনার দাদি জীবিত অবস্থায় আপনার বাবা মারা গেছেন। মুসলিম পারিবারিক আইন অধ্যাদেশ ১৯৬১ অনুযায়ী সম্পত্তির উ
prot_0085_01,good,9,0.6574,mixed,"The Muslim Family Laws Ordinance, 1961",Polygamy,আমার ভাই তাঁর বিয়ের আগেই ডিভি ভিসা পেয়ে যুক্তরাষ্ট্রের নাগরিকত্ব পেয়েছেন। ভাই দেশে এলে আমরা পারিবারিকভাবে তাঁকে বিয়ে করা,দ্বিতীয় স্ত্রী থাকাকালে প্রথম স্ত্রীকে যুক্তরাষ্ট্রে নেওয়ার ক্ষেত্রে আইনগত জটিলতা আছে। তবে প্রথম স্ত্রী দাম্পত্যসম্পর্ক 
prot_0001_02,good,4,0.6579,english,"The Muslim Family Laws Ordinance, 1961",Succession,কোনো মেয়ে তার বাবা জীবিত থাকা অবস্থায় মারা গেলে মেয়ের ছেলে-মেয়ে কি তাদের মায়ের অংশ পাবে? পেলে কতটুকু অংশ পাবে? নাম প্রকা,১৯৬১ সালের মুসলিম পারিবারিক আইন অনুযায়ী বাবা জীবিত থাকাকালীন ছেলে অথবা মেয়ের মৃত্যু হলে তাদের প্রাপ্য অংশ তাদের ছেলেমেয়ে
prot_0049_05,good,4,0.6586,english,"1The Penal Code, 1860",Marrying again during lifetime of husband or wife,আমি একজন চাকরিজীবী। কাজের সূত্রে উচ্চপদস্থ কর্মকর্তার বাসায় রোজ বাজারখরচ পৌঁছে দিতে হয়। তাঁর স্ত্রী আমাকে জোরপূর্বক শারী,একজন মুসলিম নারীর স্বামী জীবিত থাকা অবস্থায় এবং স্বামী কর্তৃক তালাকপ্রাপ্ত না হয়ে অন্য কোনো পুরুষের সঙ্গে বিবাহবন্ধনে আব
prot_0082_03,good,3,0.6596,english,"The Muslim Family Laws Ordinance, 1961",Dissolution of marriage otherwise than by talaq,আমি একজন সরকারি প্রাথমিক বিদ্যালয়ের শিক্ষিকা। আমার বয়স ২১ বছর। পাঁচ বছর ধরে আমার একজনের সঙ্গে সম্পর্ক থাকলেও বাবা-মায়ের ,মুসলিম পারিবারিক আইন অনুযায়ী তালাক-ই তাউফিজ বা তালাকের অর্পিত ক্ষমতাপ্রাপ্ত স্ত্রী স্বামীকে তালাক প্রদানের অধিকার রাখেন।
prot_0044_03,good,1,0.6598,english,"1The Transfer of Property Act, 1882",Saving of donations mortis causa and Muhammadan law,"আমরা ছয় ভাই, আমি বড়। আমি ২০০৯ সালে আমার পছন্দের মেয়েকে আমার বাবার বিনা অনুমতিতে বিয়ে করি। চার বছর ধরে আমার সঙ্গে আমা",চিঠিতে আপনি কোন ধর্মাবলম্বী তার উল্লেখ নেই। মুসলিম আইনে দত্তক নেওয়ার কোনো বিধান নেই। সুতরাং সে ক্ষেত্রে কোনো অনুমতির অব
prot_0083_02,good,2,0.66,bengali,"বাল্যবিবাহ নিরোধ আইন, ২০১৭",বাল্যবিবাহ করিবার শাস্তি,আমি এ বছর উচ্চমাধ্যমিক পরীক্ষা দেব। আমার বয়স ১৭ বছর। একটি ছেলেকে খুব ভালো বাসতাম। কিন্তু তা সে বিশ্বাস করতে চাইত না। সে ,শিক্ষাগত সার্টিফিকেটে প্রদত্ত জন্মতারিখ অনুযায়ী আপনার বয়স ১৭ বছর হলে আপনি এখনো নাবালিকা। সুতরাং আইনগতভাবে ছেলেটি আপনাকে 
prot_0104_06,middle,65,0.6603,bengali,"অর্পিত সম্পত্তি প্রত্যর্পণ আইন, ২০০১",,ট্রাইব্যুনাল থেকে যদি তালিকাভুক্ত সম্পত্তি আবেদনকারীর অনুকূলে রায় দেন এবং তিনি যদি মূল মালিকের উত্তরাধিকারী বা উত্তরাধিক,জেলা জজ আদালত বা ট্রাইব্যুনালের মালিকানা দাবিদারের আবেদন যদি খারিজ হয় সে রায়ের বিরুদ্ধে অ্যাপিলেট ট্রাইব্যুনাল এবং অ্যাপ
prot_0084_05,good,8,0.6613,bengali,"জন্ম ও মৃত্যু নিবন্ধন আইন, ২০০৪",,আমার প্রকৃত জন্ম ১৯৯৪ সালে। এখন আমি নবম শ্রেণীতে পড়ি। সামনে আমার রেজিস্ট্রেশন। আমার মায়ের বাড়ি কুমিল্লায়। বাবার বাড়ি ময়ম,"জন্ম, মৃত্যু ও বিবাহ রেজিস্ট্রেশন আইন, ১৮৮৬ অনুযায়ী আপনি আপনার জন্মনিবন্ধন সংশোধন করতে পারেন। প্রাইমারি ও হাইস্কুলে কী ধ"
prot_0061_01,good,4,0.6615,english,"The Hindu Women's Rights to Property Act, 1937",Devolution of property,কোনো এক ব্যক্তির প্রথম স্ত্রী মারা গেলেন। সেই সংসারে রয়েছে একজন কন্যাসন্তান। আবার সেই ব্যক্তি বিয়ে করেন। কিছুদিন পর তিনি,ওই মৃত ব্যক্তির দ্বিতীয় স্ত্রী জীবনস্বত্বে তাঁর স্বামীর সম্পত্তিতে অধিকার অর্জন করবেন। দ্বিতীয় স্ত্রীর মৃত্যুর পর তাঁর প
prot_0096_03,good,4,0.6617,english,"The Muslim Family Laws Ordinance, 1961",Succession,"আমার নানা মারা যাওয়ার আগে আমার মা মারা যান, আমি কি আমার নানার সম্পতি পাব? ফয়সাল আহমেদ","আপনাকে অনেক ধন্যবাদ প্রশ্নটি করার জন্য। মুসলিম পারিবারিক আইন অধ্যাদেশ ১৯৬১ অনুযায়ী, সম্পত্তির উত্তরাধিকার উন্মুক্ত হওয়ার"
prot_0061_03,good,1,0.6639,bengali,"যৌতুক নিরোধ আইন, ২০১৮",যৌতুক দাবি করিবার দণ্ড,"২০০৬ সালে আমার বিয়ে হয় পারিবারিকভাবেই। বিয়ের পর জানতে পারলাম, আমার স্বামীর পাঁচ লাখ টাকা ঋণ আছে। সে এই টাকা শোধ দেওয়ার জ",আপনি পারিবারিক আদালতে আপনার ও আপনার মেয়ের ভরণপোষণ ও দেনমোহরের পাওনা অর্থ দাবি করে মামলা করতে পারেন। আইনগতভাবে আপনি আপনার
prot_0076_02,good,1,0.6642,english,"The Muslim Family Laws Ordinance, 1961",Talaq,আমার বাবা ক্যানসারে আক্রান্ত হলে তড়িঘড়ি আমাদের দুই বোনকে বিয়ে দিয়ে দেন। বড় বোনের বিয়ে হয় তাঁর পছন্দের ছেলের সঙ্গে। ভালোই,আপনার চিঠিতে আপনার স্বামী আপনাকে কবে তালাকনামা পাঠিয়েছেন অথবা তালাক কার্যকর হয়েছে কি না এ ব্যাপারটি পরিষ্কার নয়। আপনাদের
prot_0059_01,good,1,0.6642,bengali,"হিন্দু বিবাহ নিবন্ধন আইন, ২০১২",হিন্দু বিবাহ নিবন্ধন,আমি স্নাতক শেষ বর্ষে পড়ি। পাঁচ বছর আগে একটি ছেলের সঙ্গে আমার সম্পর্ক হয়। ছেলেটি ব্যাংকে চাকরি করে। হঠাৎ করে কিছুদিন আগে ,হিন্দু আইনে কোনো সেপারেশন বা পৃথক্করণের বিধান নেই। তবে ছেলেটি ও তাঁর স্ত্রী দুজনের সম্মতিতে আলাদা হতে পারেন। এফিডেভিটের 
prot_0050_02,good,3,0.6651,mixed,"The Muslim Family Laws Ordinance, 1961",Talaq,"একটি মেয়েকে অনেক ভালোবাসি। সেও আমাকে ভালোবাসে। সমস্যা হচ্ছে, মেয়েটি বিবাহিত, তার দুটি কন্যাসন্তান আছে। মেয়েটির স্বামী প্",নির্দিষ্ট নিয়মে তালাক হওয়ার পর মেয়েটিকে আপনি বিয়ে করতে পারেন। বিবাহিত থাকাকালে মেয়েটির সঙ্গে আপনার সম্পর্ক বৈধ নয়। নারী 
prot_0079_01,good,2,0.6669,mixed,"The Muslim Family Laws Ordinance, 1961",Polygamy,আমার বাবা পারিবারিক বিবাদের কারণে আমার ও মায়ের খোঁজখবর নিতেন না। তিনি আরও একটি বিয়ে করেছেন। আমি মামার সংসারে বড় হই। মামা,মুসলিম আইনে ত্যাজ্য করার কোনো বিধান নেই। এ ছাড়া প্রথম স্ত্রীর বিনা অনুমতিতে দ্বিতীয় বিবাহ মুসলিম আইনে একটি শাস্তিযোগ্য অ
prot_0043_01,good,1,0.6673,bengali,"বাল্যবিবাহ নিরোধ আইন, ২০১৭",সংজ্ঞা,আমি একটি মেয়েকে ভালোবাসি। মেয়েটিও আমাকে ভালোবাসে। মেয়েটি জাতিতে ত্রিপুরা। বর্তমানে ১০ম শ্রেণীতে পড়ে। বয়স ১৭ বছর। তা,মেয়েটির বয়স ১৮ বছর পূর্ণ হলে আপনারা স্বেচ্ছায় বিয়ে করতে পারেন এবং এ ক্ষেত্রে মা-বাবা আইনগত কোনো সমস্যার সৃষ্টি করতে 
prot_0041_01,good,2,0.6675,english,"1The Special Marriage Act, 1872",Conditions upon which marriages under Act may be celebrated,আমি একজন মেয়েকে ভালোবাসি কিন্তু আমাদের দুজনের ধর্ম ভিন্ন। আমি চাই যার যার ধর্ম বজায় রেখে বিয়ে করতে। কি এ ধরনের কোনো আ,নিজ নিজ ধর্ম বজায় রেখে এ ধরনের বিবাহ আইনগতভাবে সিদ্ধ নয়। তবে স্পেশাল ম্যারেজ অ্যাক্ট ১৮৭২ এর আওতায় একধরনের ঘোষণাপত্র 
prot_0080_02,good,1,0.669,mixed,"হিন্দু বিবাহ নিবন্ধন আইন, ২০১২",বিবাহ নিবন্ধিকরণ পদ্ধতি,আমি একটি মেয়েকে ভালোবাসি। মেয়েটি ভারতীয় নাগরিক। তাঁর বাবা-মা দুজনই ভারতীয় নাগরিক। কিন্তু মেয়েটির দাদা-দাদি ও নানা-নানি ব,আপনি মেয়েটিকে হিন্দুপ্রথা অনুযায়ী বিয়ে করতে পারেন। সে ক্ষেত্রে ভারতীয় পাসপোর্টধারী মেয়েটিকে বাংলাদেশের ভিসা নিয়ে আসতে হব
prot_0044_02,good,4,0.669,bengali,"নারী ও শিশু নির্যাতন দমন আইন, ২০০০",,আমি স্নাতক তৃতীয় বর্ষের ছাত্র। দুই বছর আগে আমার একটি মেয়ের সঙ্গে সম্পর্ক হয়। তাকে আমি অনেক ভালোবাসি। তার সঙ্গে আমার এ,নারী ও শিশু নির্যাতন আইন অনুযায়ী বিয়ের মিথ্যা প্রতিশ্রুতি দিয়ে কোনো মেয়ের সঙ্গে শারীরিক সম্পর্ক স্থাপন দণ্ডনীয় অপরা
prot_0062_08,good,3,0.6702,english,"1The Transfer of Property Act, 1882",Transfer how effected,আমার নানারা তিন ভাই। আমার নানা মেজো। আমার মা ছাড়া নানার আর কোনো সন্তান নেই। ইসলামি আইনে নানার মৃত্যুর পর অপর দুই ভাই তাঁ,সাধারণত হেবার মাধ্যমে কোনো সম্পত্তি হস্তান্তর করলে সেই সম্পত্তিতে অন্যের আর কোনো অধিকার বা দাবি থাকে না। হেবা কার্যকর কর
prot_0051_01,good,5,0.6702,english,"1The Evidence Act, 1872",Birth during marriage conclusive proof of legitimacy,আমার বড় বোনের বিয়ের কয়েক বছর পর দুলাভাইয়ের সঙ্গে তাঁর নানা সমস্যা তৈরি হয়। শ্বশুরবাড়ির অত্যাচার সইতে না পেরে তিনি বাপের ,মুসলিম আইন অনুযায়ী কোনো নারী বিবাহিত থাকাকালে সন্তানের জন্মদান করলে ধরে নেওয়া হবে সেই সন্তানের বাবা তাঁর স্বামী। সুতরাং 
prot_0006_01,good,3,0.6706,english,"1The Evidence Act, 1872",Birth during marriage conclusive proof of legitimacy,"আমার বয়স ৩০, অবিবাহিত। তিন বছর আগে বিবাহিত এক মুসলিম নারীর সঙ্গে আমার শারীরিক সম্পর্ক হয়েছিল। নিজের ভুল বুঝতে পেরে আমি দ","বিবাহিত থাকার সময় যদি একজন স্ত্রীর সন্তান হয় সে ক্ষেত্রে মুসলিম আইনে ধরে নেওয়া হবে, সেই শিশুটির পিতা তার স্বামী। বৈবাহিক"
prot_0073_03,good,3,0.6722,english,"The Muslim Family Laws Ordinance, 1961",Dissolution of marriage otherwise than by talaq,"আমার বয়স ২৫ বছর। আমি একটি মেয়েকে ভালোবাসি, যার বয়স ২১ বছর। ১৯ বছর বয়সে ওর পরিবার ওকে ইচ্ছার বিরুদ্ধে প্রবাসী এক লোকের সঙ",মুসলিম পারিবারিক আইনের আওতায় তালাক-এ তাওফিজ-এর ক্ষমতাবলে একজন মহিলা তালাকের নোটিশ পাঠাতে পারেন। কিন্তু কাবিননামায় এই ক্ষ
prot_0076_04,good,2,0.6726,english,"The Muslim Family Laws Ordinance, 1961",Talaq,"২০০৭ সালে হঠাৎ আমার বাড়িতে নানা সম্পর্কীয় এক আত্মীয় এলেন। তাঁর একটি মেয়ে ছিল, যাকে আমার খুবই পছন্দ হয়েছিল। তারপর আমার মে",আপনার পাঠানো কাগজটি একটি তালাকের নোটিশ এবং এটি কোনো বৈধ তালাকনামা নয়। মুসলিম আইন অনুযায়ী তালাকে নোটিশ পাঠালেই তালাক কার্
prot_0083_05,good,8,0.6741,english,"The Muslim Family Laws Ordinance, 1961",Polygamy,২০০১ সালে বিয়ে করি। এরপর অপরিকল্পিতভাবে একটি সন্তানের জন্ম হয়। বিয়ের পর বেশ টানাপোড়েনের মধ্য দিয়ে দীর্ঘ সময় কেটেছে। তার ,"মুসলিম পারিবারিক আইন ১৯৬১-এর ৬ ধারা অনুযায়ী, দ্বিতীয় বিয়ের ক্ষেত্রে একজন পুরুষের আরবিট্রেশন কাউন্সিলের অনুমতির প্রয়োজন। "
prot_0049_01,good,1,0.6749,english,"The Muslim Family Laws Ordinance, 1961",Dissolution of marriage otherwise than by talaq,পলিটেকনিক ইনস্টিটিউটে পড়ার সময় একটি ছেলের সঙ্গে আমার সম্পর্ক হয়। এর পরিপ্রেক্ষিতে ২০১১ সালে ওই ছেলের সঙ্গে প্রথমে মৌলভির,বিয়ের সময় কাবিননামায় স্ত্রীকে তালাকের ক্ষমতা দেওয়া থাকলে আপনি আপনার স্বামীকে তালাক দিতে পারেন। এ ক্ষেত্রে স্বামী কর্তৃক 
prot_0010_02,good,2,0.6767,english,"The Muslim Family Laws Ordinance, 1961",Talaq,আমার এক আত্মীয় ২০১৪ সালে মা-বাবার পছন্দে বিয়ে করেন। বিয়ের ছয়-সাত মাস পর স্বামী-স্ত্রীর ঝগড়া-বিবাদ ও মতের মিল না হওয়ায় এ,মুসলিম আইনে তালাক প্রদানের নির্দিষ্ট নিয়মকানুন আছে। সাধারণত কাজি অফিসের মাধ্যমে এই তালাক প্রদান করা হয় এবং তা কার্যকর হত
prot_0078_01,good,2,0.6775,mixed,"1The Penal Code, 1860",Marrying again during lifetime of husband or wife,একটি মেয়ের সঙ্গে আমার পরিচয় ২০০৬ সালে। সে একটি বিশ্ববিদ্যালয়ের ছাত্রী। দুজন দুজনকে প্রচণ্ড ভালোবাসতাম। ২০০৮ সালে আমরা ইস,বিবাহিত থাকাকালে আপনার স্ত্রীর দ্বিতীয় বিবাহ আইনের দৃষ্টিতে কোনো বিবাহ নয়। এ ধরনের বিবাহ আইনগতভাবে অবৈধ এবং তাতে কারও ওপ
prot_0007_02,good,1,0.6796,english,"The Hindu Women's Rights to Property Act, 1937",Devolution of property,একজন হিন্দুধর্মাবলম্বী ব্যক্তির কোনো পুত্র নেই। শুধু এক বিবাহিত কন্যা আছে। ওই কন্যার নাতি ও নাতনি আছে। এখন সেই ব্যক্তি,হিন্দু আইনে মহিলারা জীবনস্বত্বে (লাইফ ইন্টারেস্ট) সম্পত্তি ভোগ করতে পারেন। অর্থাৎ স্ত্রী ও কন্যা তাদের জীবদ্দশায় ওই সম্
prot_0002_01,good,2,0.6806,english,"The Muslim Marriages and Divorces (Registration) Act, 1974",Registration of marriages,আমি কলকাতার একটি হিন্দু মেয়েকে বিয়ে করতে যাচ্ছি। তার এবং আমার—দুই পরিবারই রাজি। ধর্ম পরিবর্তন করে মেয়েটি ইসলাম ধর্ম গ্রহ,"মেয়েটি ধর্ম পরিবর্তন করে যদি মুসলমান হয়, তবে মুসলিম আইন অনুযায়ী নির্দিষ্ট কাজির মাধ্যমে বিবাহ সম্পন্ন করতে হবে। কাবিননাম"
prot_0012_03,good,1,0.6849,english,"The Muslim Family Laws Ordinance, 1961",Talaq,"প্রথমে প্রেম হলেও পরে পারিবারিকভাবেই আমি ২০১১ সালে বিয়ে করি। মেয়েটি ঝগড়াটে, দুষ্টু ও একরোখা মনোভাবের কারণে প্রথমে কিছ",আপনি তালাকের নির্দিষ্ট নিয়ম অনুসরণ করে আপনার স্ত্রীকে তালাক দিতে পারেন। তালাক কার্যকরী হতে সাধারণত তিন মাস সময় প্রয়োজন।
prot_0026_05,good,1,0.6849,mixed,"The Muslim Family Laws Ordinance, 1961",Dower,আমার বয়স ২৮। গত ১ ফেব্রুয়ারি আমার বিয়ে হয় একজন সরকারি কর্মকর্তার সঙ্গে। বিয়ের ১০ দিনের মাথায় সে আমার কাছে মোটা অঙ্কের য,"মুসলিম আইনে দেনমোহর স্বামীর কাছে স্ত্রীর পাওনা। এই পাওনা চাহিবামাত্র পরিশোধযোগ্য। এই দেনমোহর তালাক হোক না হোক, স্ত"
prot_0064_04,good,2,0.6888,english,"The Muslim Family Laws Ordinance, 1961",Talaq,১৯৯৮ সালে খালাতো বোনকে বাবা-মায়ের অনুরোধে বিয়ে করি। বর্তমানে বেসরকারি সংস্থায় কর্মরত। আমার দুটি পুত্রসন্তান আছে—বয়স নয় ও,১৯৬১ সালের মুসলিম পারিবারিক আইনের ৭ ধারার আওতায় তালাকের ফরম কাজি অফিসে পাওয়া যায়। ৭ ধারা মোতাবেক ওই ফরম পূরণ করে ইউনিয়ন 
prot_0064_01,good,1,0.6888,mixed,"The Muslim Family Laws Ordinance, 1961",Dower,আমার বাবা একজন সরকারি চাকরিজীবী। তাঁর সঙ্গে ১৯৮৮ সালে আমার মায়ের বিয়ে হয়। বিয়ের পর কয়েক দিনের মধ্যেই যৌতুকের বিষয়কে কেন্,১৯৬১ সালের পারিবারিক আইনের ১০ ধারা মোতাবেক দেনমোহরের পদ্ধতি সম্পর্কে কাবিনে বিস্তারিত উল্লেখ না থাকলে স্ত্রী চাহিবামাত্র
prot_0028_01,good,4,0.6906,mixed,"The Muslim Family Laws Ordinance, 1961",Polygamy,২০১০ সালে আমার স্বামী তাঁর এক অধীনস্থ কর্মচারীকে বিয়ে করেন। তখন আমাদের দাম্পত্যজীবনের বয়স প্রায় ৩০ বছর। বিয়ের পর তিনি বা,প্রথম স্ত্রীর অনুমতি ছাড়া দ্বিতীয় বিয়ে একটি দণ্ডনীয় অপরাধ। এই অপরাধের শাস্তি এক বছরের জেল বা ১০ হাজার টাকা জরিমানা অথবা 
ajke_0151_01,good,1,0.6912,english,"The Muslim Family Laws Ordinance, 1961",Talaq,"প্রশ্ন: আমার বিয়ের বয়স প্রায় ৭ বছর। ৫ বছরের একটি মেয়ে আছে। তার জন্মের পর থেকে আমার স্বামী আমাদের খোঁজখবর নিত না, ভরণপোষণ","আপনার বিষয়টি সত্যিই খুব সংবেদনশীল ও কষ্টদায়ক। প্রথমত, আপনার উপস্থিতিতে তালাক বা বিবাহবিচ্ছেদ সম্ভব কি না। বাংলাদেশের আইন"
prot_0088_02,good,3,0.6924,english,"The Muslim Family Laws Ordinance, 1961",Talaq,"আমি যে মেয়েকে ভালোবাসতাম, ২০০৬ সালে সেই মেয়ের অভিভাবকের চাপে গোপনে বিয়ে করি। তারা আমাকে বলেছে, আমার পড়ালেখা শেষ না হওয়া ",মুসলিম আইনে বিয়ে এক ধরনের চুক্তি। বিয়ের ক্ষেত্রে অন্য চুক্তির মতোই ‘প্রস্তাব’ ও ‘গ্রহণ’ এ দুটি উপাদানের প্রয়োজন। এখানে চ
ajke_0187_01,good,1,0.6927,bengali,"সাইবার সুরক্ষা আইন, ২০২৬","যৌন হয়রানি, ব্ল্যাকমেইলিং বা অশ্লীল বিষয়বস্তু প্রকাশ সংক্রান",প্রশ্ন: আমার বয়স ২৩ বছর। ঢাকা বিশ্ববিদ্যালয় থেকে স্নাতক শেষ করে একটি বেসরকারি প্রতিষ্ঠানে শিক্ষানবিশ হিসেবে কাজ করছি মাস,"আপনার সঙ্গে আপনার কর্মক্ষেত্রের সিনিয়র যে অসদাচরণ করেছেন বা করছেন, তাতে বেশ কিছু অপরাধ সংঘটিত হয়েছে। প্রথমত, তিনি যে আপন"
prot_0095_01,good,1,0.6945,bengali,"কোম্পানী আইন, ১৯৯৪",নিগমিত কোম্পানীর গঠন পদ্ধতি,আমি একজন উদ্যোক্তা। প্রায় তিন বছর ধরে আমি একটি বুটিক হাউস চালাই। এই ব্যবসায় আমার সঙ্গে আরও দুজন অংশীদার (পার্টনার) যুক্ত,একজন নতুন বিনিয়োগকারীকে নির্দিষ্ট কিছু নিয়ম অনুসরণ করে ব্যবসা শুরু করতে হয়। প্রথমে রেজিস্ট্রার অব জয়েন্ট স্টক কোম্পানিস 
prot_0004_03,good,1,0.7008,english,"1The Special Marriage Act, 1872",Conditions upon which marriages under Act may be celebrated,"আমি একটি মেয়েকে চার বছর ধরে ভালোবাসি। সেও আমাকে ভালোবাসে। আমার বয়স ২৪ বছর, মেয়েটির বয়স ২০ বছর। আমি মুসলিম আর মেয়েটি হিন্",হিন্দু-মুসলিম বিবাহ আইনসিদ্ধ নয়। সুতরাং নিজ নিজ ধর্ম বহাল রেখে বিয়ে সম্ভব নয়। তবে আপনারা স্পেশাল ম্যারেজ অ্যাক্ট বা বিশে
prot_0138_02,good,9,0.7047,bengali,"বাংলাদেশ শ্রম আইন, ২০০৬",শ্রমিকের চূড়ান্ত পাওনা পরিশোধের মেয়াদ,"অবসর, ছাঁটাই, অপসারণ, বরখাস্ত, অবসান করার পর মজুরি এবং পাওনা পরিশোধ করা না হলে আদায় করার ক্ষেত্রে শ্রমিকের করণীয় কী?","এ ক্ষেত্রে যদি আইনে নির্ধারিত সময়ের মধ্যে শ্রমিকের পাওনা পরিশোধ না করা হয়, তাহলে শ্রমিক তাঁর বকেয়া পাওনা আদায়ের জন্য শ্র"
prot_0087_03,good,3,0.7053,mixed,"1The Penal Code, 1860",Punishment for extortion,"কয়েক মাস আগে আমি ভোটার পরিচয়পত্র হারিয়ে ফেলি। এ নিয়ে খুব চিন্তায় ছিলাম। কয়েকদিন পর জানতে পারলাম, এক বন্ধু সেটি খুঁজে পেয়","আপনি ভোটার পরিচয়পত্র হারিয়ে যাওয়ায় থানায় সাধারণ ডায়েরি করতে পারেন। এতে পরিচয়পত্র হারানোর সময়, তারিখ, স্থান ও পরিচয়পত্রের"
prot_0073_06,good,1,0.7087,english,"The Muslim Family Laws Ordinance, 1961",Talaq,আমি স্নাতক (সম্মান) তৃতীয় বর্ষের ছাত্র। সিলেটে এক আত্মীয়ের বাড়িতে থেকে পড়াশোনা করি। আমার গ্রামের বাড়ি ময়মনসিংহ। সেখানে এ,"যেহেতু আপনার বিরুদ্ধে মামলা দায়ের করা হয়েছে, সেহেতু আপনাকে আদালতে আত্মসমর্পণ করে জামিন চাইতে হবে। মামলা দায়েরের ফলে আপনা"
ajke_0190_01,good,1,0.7087,mixed,"The Muslim Family Laws Ordinance, 1961",Polygamy,প্রশ্ন: আমাদের বিয়ে হয়েছে প্রায় ছয় বছর আগে। দুটি ছেলেসন্তান রয়েছে। ২০২০ সালে আমার স্বামী না জানিয়ে দ্বিতীয় বিয়ে করে। পরে,"আইন অনুযায়ী, স্ত্রী জীবিত থাকা অবস্থায় আরেকটি বিয়ে করা যাবে না। এটি ফৌজদারি অপরাধ। তবে কোনো ব্যক্তির এক স্ত্রী বর্তমান থ"
prot_0091_01,good,1,0.71,english,"The Muslim Family Laws Ordinance, 1961",Dissolution of marriage otherwise than by talaq,আমার বয়স ২০ বছর। স্নাতক (সম্মান) দ্বিতীয় বর্ষের ছাত্রী। দুই বছর হলো আমার বিয়ে হয়েছে। স্বামী বেসরকারি প্রতিষ্ঠানের কর্মকর,মুসলিম আইনে নারীরা তালাক-ই-তাওফিজ বা ‘অর্পিত ক্ষমতা’ বলে ডিভোর্স ফাইল করতে পারেন। কিন্তু এই অর্পিত ক্ষমতা কাবিননামায় উল্
prot_0055_03,good,1,0.7116,english,"The Muslim Personal Law (Shariat) Application Act, 1937",Application of Personal Law to Muslims,দূরসম্পর্কের এক মামাতো ভাইয়ের সঙ্গে আমার খুব ভালো সম্পর্ক ছিল। এখন সেটা ভালোবাসার রূপ নিয়েছে। আমরা দুজন দুজনকে অনেক ভালো,"মুসলিম আইনে বিয়ে একধরনের চুক্তি। এ ক্ষেত্রে ‘প্রস্তাব’ এবং ‘গ্রহণ’ প্রয়োজনীয়। দুজন পুরুষ অথবা একজন পুরুষ, দুজন নারী সাক্"
prot_0043_02,good,2,0.7173,english,"The Muslim Marriages and Divorces (Registration) Act, 1974",,আমি একজনকে খুব ভালোবাসি। আমাদের সম্পর্কের দুই বছর হয়ে গেছে। সমস্যা হলো সে বিবাহিত। আমার সঙ্গে যখন তার প্রথম পরিচয় হয় ,"মুসলিম বিবাহ ও তালাক নিবন্ধন আইন ১৯৭৪ অনুযায়ী, কোনো কাজি বা নিকাহ রেজিস্ট্রার কোনো বিবাহ অনুষ্ঠান পরিচালনা করলে তাৎক্ষণ"
prot_0058_03,good,2,0.7176,english,"The Muslim Family Laws Ordinance, 1961",Talaq,অভিভাবকেরা বাসায় কাজি ডেকে আমার বিয়ে পড়ান ২৭ বছর আগে। তখন আমরা দুজনই শিক্ষার্থী ছিলাম। লেখাপড়া শেষ করার পর থেকে এখন পর্য,"মুসলিম পারিবারিক অধ্যাদেশ, ১৯৬১ অনুযায়ী তালাক প্রদানের নির্দিষ্ট বিধিবিধান রয়েছে। তালাকের নোটিশ চেয়ারম্যানের কাছে পাঠাতে"
prot_0062_03,good,1,0.7187,mixed,"The Muslim Family Laws Ordinance, 1961",Maintenance,২০০৭ সালে আমার বিয়ে হয়। আমার স্বামী বহুজাতিক প্রতিষ্ঠানে কর্মরত। আমাদের একটি সন্তানও আছে। আমি চাকরি খুঁজছি। বিয়ের পর থেক,আপনি মুসলিম পারিবারিক আইন অধ্যাদেশের আওতায় আপনার ও আপনার সন্তানের ভরণপোষণের জন্য মামলা করতে পারেন নির্দিষ্ট কোর্ট ফি দিয়
prot_0065_01,good,1,0.7188,mixed,"পারিবারিক আদালত আইন, ২০২৩",পারিবারিক আদালতের এখতিয়ার,"১৯৯৮ সালে যখন আমি মাধ্যমিক পর্যায়ের ছাত্রী ছিলাম, তখন একটি ছেলে আমার মা-বাবাকে বুঝিয়ে আমাকে বিয়ে করে। পরে দেখি সে দুশ্চর","প্রথমত, দেনমোহরের অর্থের জন্য আপনি মুসলিম পারিবারিক আদালতে মামলা করতে পারেন। সে ক্ষেত্রে দেনমোহর ও তিন মাসের ভরণ-পোষণের "
prot_0059_05,good,2,0.7197,english,"The Muslim Family Laws Ordinance, 1961",Talaq,আমার বয়স ২৬ বছর। ২০০৪ সালে একটা ছেলের সঙ্গে আমার সম্পর্ক হয়। বিয়ের কথা বললে ছেলেটি বিভিন্ন সমস্যার কথা বলে এবং অনেক দেরি,মুসলিম আইনে তালাক দেওয়ার নির্দিষ্ট বিধিবিধান আছে। সেসব বিধান সমঝোতার মাধ্যমে তালাক দেওয়ার ক্ষেত্রেও প্রযোজ্য। তালাকের এ-
prot_0066_04,good,1,0.7215,english,"The Muslim Marriages and Divorces (Registration) Act, 1974",Registration of marriages,আমার বয়স ২৩ বছর। ছোটবেলা থেকেই আমি আমাদের গ্রামের এক মেয়েকে ভালোবাসি এবং সে-ও আমাকে ভালোবাসে। সনদপত্র অনুযায়ী তার বয়স ১৮,"আমাদের দেশে একটি ভুল ধারণা প্রচলিত আছে যে, নোটারি পাবলিকের মাধ্যমে বিয়ে সম্পন্ন হয়। কিন্তু নোটারি পাবলিকের মাধ্যমে মুসলি"
prot_0023_01,good,1,0.7225,english,"The Muslim Marriages and Divorces (Registration) Act, 1974",Registration of marriages,বিয়ের কাবিননামা না থাকলে কি স্বামীর সম্পত্তিতে স্ত্রীর উত্তাধিকার থাকে? এ ক্ষেত্রে স্বামীর মৃত্যুর পর স্ত্রী কি স্বামীর,মুসলিম আইনে বিবাহের কিছু নিয়মকানুন আছে। মুসলিম বিবাহে প্রস্তাব গ্রহণ এবং সাক্ষীর প্রয়োজনীয়তা আছে। বৈবাহিক সম্পর্ক প্র
prot_0056_04,good,1,0.7273,english,"The Muslim Family Laws Ordinance, 1961",Talaq,"আমি একজন সরকারি চাকরিজীবী। এক বছর আগে আমার এক আত্মীয়ের মেয়েকে বিয়ে করি। কিন্তু বিয়ের কয়েক সপ্তাহ পরে জানতে পারি, বিয়ের আ",মুসলিম পারিবারিক আইন অনুযায়ী আপনি আপনার স্ত্রীকে তালাক দিতে পারেন। সংশ্লিষ্ট কাজি অফিসে তালাক প্রদানের পর তালাকের কপির এ
prot_0115_03,good,3,0.7279,bengali,"পারিবারিক সহিংসতা (প্রতিরোধ ও সুরক্ষা) আইন, ২০১০",সুরক্ষা আদেশ,আমার বয়স ২৬। বিয়ে হয়েছে প্রায় তিন বছর। ভালোবেসে নিজের পছন্দে বিয়ে করি। আমার স্বামী আমার চেয়ে প্রায় ছয় বছরের বড়। তাঁকে বি,"পারিবারিক সহিংসতা (প্রতিরোধ ও সুরক্ষা) আইন ২০১০-এ আপনি আদালতে আপনার স্বামীর বিরুদ্ধে মামলা করতে পারেন। আপনার যদি মনে হয়,"
prot_0067_02,good,1,0.7288,english,"The Muslim Family Laws Ordinance, 1961",Polygamy,পারিবারিকভাবেই আমাদের বিয়ে হয়েছিল। আমার স্বামী সে সময় সরকারি কর্মকর্তা ছিলেন। আমাদের ৩২ বছরের বিবাহিত জীবন চলছে। ২০০৫ সা,"মুসলিম পারিবারিক আইন, ১৯৬১-এর ৬ ধারা অনুযায়ী দ্বিতীয় বিয়ের ক্ষেত্রে একজন পুরুষের আরবিট্রেশন কাউন্সিলের লিখিত অনুমতির প্র"
prot_0096_01,good,2,0.7291,mixed,"The Muslim Family Laws Ordinance, 1961",Talaq,আমি একজন সরকারি চাকরিজীবী। ২০১৪ সালের ফেব্রুয়ারি মাসে বিয়ে করি। বিয়ের কিছুদিন পর থেকেই আমার স্ত্রীকে কোনো কিছু দিয়ে সন্ত,আপনার স্ত্রীর সঙ্গে যেহেতু আপনার বনিবনা হচ্ছে না সে ক্ষেত্রে তালাক প্রদান করতে কোনো বাধা নেই। তালাক প্রদানের ব্যাপারে আপ
prot_0074_01,good,2,0.7318,mixed,"The Muslim Family Laws Ordinance, 1961",Talaq,আট বছর আগে আমার বিয়ে হয়। আমার পাঁচ বছরের একটি সন্তান আছে। কয়েক দিন আগে আমার স্বামী ১৬ বছরের একটি মেয়েকে নিয়ে পালিয়ে যান।,"মুসলিম পারিবারিক আইন অনুযায়ী, একজন স্বামী তালাক প্রদানের জন্য সংশ্লিষ্ট এলাকার চেয়ারম্যানকে লিখিত নোটিশ দিয়ে একটি অনুলিপ"
prot_0079_03,good,1,0.7336,mixed,"বাল্যবিবাহ নিরোধ আইন, ২০১৭",বাল্যবিবাহ করিবার শাস্তি,আমি স্নাতকোত্তর পর্যায়ে পড়ছি। আমার বয়স ২৮ বছর। কিছুদিন আগে একজনের সঙ্গে আমার সম্পর্ক হয়। তাঁর বয়স ২৪। আমরা বিয়ে করার সিদ,বাল্যবিবাহ প্রতিরোধ আইন ১৯২৯ অনুযায়ী ছোটবেলায় ছেলেটির মা-বাবা যে বিয়েটি সম্পাদন করেছিলেন তা বৈধ বিয়ে নয়। সুতরাং ছেলেটি আ
prot_0046_03,good,1,0.7367,english,"The Dissolution of Muslim Marriages Act, 1939",Grounds for decree for dissolution of marriage,২০০৬ সালে প্রেম করে একটা ছেলের সঙ্গে কোর্টে গিয়ে আমাদের বিয়ে হয়। ২০০৭ সালে ও আমাদের বাড়ি থেকে চলে যায়। গিয়ে আমার অজান্তে,"মুসলিম আইনে কোর্টের মাধ্যমে বিয়ের কোনো বিধান নেই। শরিয়ত আইন অনুযায়ী, নির্দিষ্ট সাক্ষীর উপস্থিতিতে কাজির মাধ্যমে বিয়ে সম্"
prot_0064_03,good,1,0.7377,english,"The Muslim Family Laws Ordinance, 1961",Dissolution of marriage otherwise than by talaq,পারিবারিকভাবেই ২০০৭ সালে আমাদের বিয়ে হয়। তিন লাখ টাকায় কাবিন হয় এবং পাঁচ ভরি স্বর্ণ দেওয়ার শর্ত ছিল। কিন্তু বিয়ের কিছুদি,মুসলিম আইনে মহিলারা ‘তালাক এ তাওফিজ’-এর ক্ষমতাবলে তালাক দিতে পারেন। কিন্তু এই অর্পিত ক্ষমতার কথা কাবিননামায় উল্লেখ থাকতে
ajke_0166_01,good,2,0.7405,english,"The Muslim Family Laws Ordinance, 1961",Talaq,"প্রশ্ন: আমি বাবার বাসায় থাকা অবস্থায় স্বামী আরেকটি বিয়ে করে। সে জানায়, আমাকে ডিভোর্স দিয়েছে। কিন্তু আমি আজ এক বছরেও কোনো","আপনি এক অন্যায় পরিস্থিতির মধ্য দিয়ে যাচ্ছেন। আপনার বৈবাহিক অবস্থা এখনো বৈধ। মুসলিম পারিবারিক আইন, ১৯৬১, সেকশন ৭ অনুযায়ী "
prot_0030_01,good,1,0.7425,mixed,"The Muslim Family Laws Ordinance, 1961",Talaq,আমার বয়স পঁয়তাল্লিশ বছর। বিয়ের বয়স ২৭ বছর। বিয়ের পর থেকেই স্বামীর নানা রকম অত্যাচার সহ্য করে আসছি। কখনো মুখ খুলিনি সংসার,মুসলিম আইনে তালাকের নির্দিষ্ট নিয়ম আছে এবং তালাক কার্যকর হতে ৯০ দিন সময় প্রয়োজন। স্ত্রীকে নোটিশ প্রদান না করে তালাক প্রদ
prot_0078_04,good,1,0.7459,english,"The Muslim Family Laws Ordinance, 1961",Polygamy,আমার বিয়ে হয়েছে সাত বছর হলো। একটি সন্তান আছে। বয়স পাঁচ বছর। দুই মাস হলো আমার স্বামী দ্বিতীয় বিয়ে করেছে। এখন আমার স্বামীর,"মুসলিম পারিবারিক আইন, ১৯৬১-এর ৬ ধারা অনুযায়ী দ্বিতীয় বিয়ের ক্ষেত্রে একজন পুরুষের আরবিট্রেশন কাউন্সিলের লিখিত অনুমতির প্র"
prot_0069_01,good,1,0.7515,bengali,"বাল্যবিবাহ নিরোধ আইন, ২০১৭",বাল্যবিবাহ করিবার শাস্তি,নবম শ্রেণীতে পড়ার সময় একটি ছেলের সঙ্গে প্রেমের সম্পর্কে জড়িয়ে পড়ি। সে আমাকে বিয়ের প্রস্তাব দেয়। কিন্তু আমি রাজি হইনি। আম,হলফনামার মাধ্যমে বিয়ের কোনো বিধান হিন্দু আইনে নেই। হিন্দু আইনে বিয়ের ক্ষেত্রে বিভিন্ন আনুষ্ঠানিকতার প্রয়োজন রয়েছে। সুতরা
prot_0036_05,good,1,0.7562,bengali,"বাল্যবিবাহ নিরোধ আইন, ২০১৭",সংজ্ঞা,আমি চার বছর ধরে এক মেয়েকে ভালোবাসি। সেও আমাকে ভালোবাসে। একপর্যায়ে আমার পরিবার মেয়ের বাসায় বিয়ের প্রস্তাব নিয়ে যায়। কিন্ত,নাবালিকা অর্থাৎ ১৮ বছরের কম বয়সী মেয়েকে বিয়ে করা শাস্তিযোগ্য অপরাধ। মেয়েটি সাবালিকা হওয়ার পর তার বিয়েতে আইনগত কোনো বাধা 
prot_0068_04,good,2,0.7565,bengali,"হিন্দু বিবাহ নিবন্ধন আইন, ২০১২",হিন্দু বিবাহ নিবন্ধন,আমি একটি ছেলেকে ভালোবাসতাম। সে আমার ছোটবেলার খেলার সাথি। বড় হয়ে সম্পর্ক হয়। আমি স্কুলে চাকরি করি। ভাড়া বাসায় থাকি। বাড়িও,হিন্দু আইনে নোটারি পাবলিকের মাধ্যমে বিয়ের কোনো বিধান নেই। এই আইনে বিয়ের বিভিন্ন আনুষ্ঠানিকতা সম্পন্ন করার প্রয়োজন আছে। ন
prot_0094_01,good,1,0.7566,bengali,"সাইবার সুরক্ষা আইন, ২০২৬",সাইবার স্পেসে প্রতারণার অপরাধ ও দণ্ড,সম্প্রতি ফেসবুকে প্রত্যেক বিকাশ অ্যাকাউন্টধারীর করোনাকালীন প্রণোদনা দেওয়ার ঘোষণা দেখতে পাই। আমিও প্রণোদনা পাওয়ার জন্য ওয়,অনলাইনে নানা ধরনের প্রতারক চক্র সব সময় সক্রিয় থাকে। কাজেই যাচাই না করে এ ধরনের তথ্য দেওয়া অত্যন্ত বোকামির কাজ। সব সময় এ 
prot_0077_01,good,1,0.7593,mixed,"বাল্যবিবাহ নিরোধ আইন, ২০১৭",বাল্যবিবাহ করিবার শাস্তি,আমি বিশ্ববিদ্যালয়ের শিক্ষার্থী। তিন বছর ধরে আমি একটি মেয়েকে ভালোবাসি। সেও আমাকে খুবই ভালোবাসে। সে এবার এসএসসি পরীক্ষা দি,"বাল্যবিবাহ প্রতিরোধ আইন, ১৯২৯ অনুযায়ী বাংলাদেশে ২১ বছরের নিচে কোনো ছেলের অথবা ১৮ বছরের নিচে কোনো মেয়ের বিয়ে নিষিদ্ধ এবং "
prot_0070_05,good,1,0.7643,bengali,"হিন্দু বিবাহ নিবন্ধন আইন, ২০১২",হিন্দু বিবাহ নিবন্ধন,"আমি ২০০৯ সালে একটি ছেলেকে পছন্দ করে বিয়ে করি। বিয়ে হয় একজন উকিল ও নোটারি পাবলিকের অফিসে। বিয়ের আগে সে আমাকে কথা দেয়, বিয়",হিন্দু আইনে নোটারি পাবলিকের মাধ্যমে বিবাহের কোনো বিধান নেই। এই আইনে বিবাহের বিভিন্ন আনুষ্ঠানিকতার প্রয়োজন আছে। হলফনামার 
ajke_0189_01,good,1,0.7754,bengali,"পারিবারিক সহিংসতা (প্রতিরোধ ও সুরক্ষা) আইন, ২০১০",পারিবারিক সহিংসতা,প্রশ্ন: বিয়ের বয়স দেড় বছর চলছে। বিয়ের সময় শ্বশুরবাড়ি থেকে কোনো ধরনের যৌতুক চাওয়া হয়নি। মা-বাবা বিয়ের সময় খাট ও আলমারি উপ,"আপনার শ্বশুরবাড়ি থেকে যে মানসিক নির্যাতন করা হচ্ছে, স্বামীকে ডিভোর্স দেওয়ার জন্য তা যথেষ্ট। শারীরিক নির্যাতন না করলে ড"
prot_0036_03,good,1,0.7832,mixed,"বাল্যবিবাহ নিরোধ আইন, ২০১৭",বাল্যবিবাহ করিবার শাস্তি,দশম শ্রেণীতে আমি বাড়িতে একজন শিক্ষকের কাছে পড়তাম। একসময় তার সঙ্গে আমার ঘনিষ্ঠ সম্পর্ক হয়ে যায় এবং আমরা নানা জায়গায় একসঙ্,১৮ বছরের নিচে কোনো মেয়েকে বিয়ে করা দণ্ডনীয় অপরাধ। এ ক্ষেত্রে এক মাসের কারাদণ্ড ও এক হাজার টাকা জরিমানা হতে পারে। আপনার ব
prot_0042_02,good,1,0.8001,mixed,"বাল্যবিবাহ নিরোধ আইন, ২০১৭",বাল্যবিবাহ করিবার শাস্তি,আমি একটি মেয়েকে গত বছর মুঠোফোনের মাধ্যমে বিয়ে করি। বিয়ের সময় তার বয়স হয়েছিল ১৫ বছর সাত মাস। বিয়েতে নির্দিষ্ট অংকের দেনমো,বাল্যবিবাহ প্রতিরোধ আইন ১৯২৯ অনুযায়ী ২১ বয়সের কম কোনো পুরুষ বা ১৮ বছরের কম কোনো নারীকে বিয়ে করাটা দণ্ডনীয় অপরাধ। এ ছাড়া 
prot_0011_01,good,1,0.8061,bengali,"পর্নোগ্রাফি নিয়ন্ত্রণ আইন, ২০১২",দণ্ড,আমার বিয়ে হয়েছে প্রায় ছয় মাস। আমি আমার পরিবারসহ গ্রামে থাকি। একদিন আমার স্ত্রী গোসল করছিল। তখন একজন প্রতিবেশী যুবক গোপ,"এ ধরনের ভিডিও করা আইনে শাস্তিযোগ্য অপরাধ। আপনি তথ্যপ্রযুক্তি আইন, ২০০৬ অথবা পর্নোগ্রাফি আইন, ২০১২-এর আওতায় মামলা করতে "
prot_0004_04,good,1,0.8174,bengali,"ধূমপান ও তামাকজাত দ্রব্য ব্যবহার (নিয়ন্ত্রণ) আইন, ২০০৫",পাবলিক প্লেস এবং পাবলিক পরিবহণে 1 [ধূমপান ও তামাকজাত দ্রব্য ,"পাবলিক প্লেসে ধূমপানের অপরাধে কত দিনের সাজা হতে পারে? ধূমপানের কারণে কাউকে শাস্তি দিতে হলে, আমি কীভাবে পুলিশের সাহায্য প",পাবলিক প্লেসে ধূমপানের অপরাধে কোনো কারাদণ্ডের বিধান নেই। তবে আর্থিক জরিমানার বিধান রয়েছে। এ ছাড়া এই জরিমানা আরোপের অধিকা
prot_0087_02,good,1,0.8295,mixed,"যৌতুক নিরোধ আইন, ২০১৮",যৌতুক দাবি করিবার দণ্ড,"আমি বেসরকারি একটা চাকরি করি। পুরো পরিবার আমার ওপর নির্ভরশীল। ২০০৫ সালে পরিবারের মতে, অশিক্ষিত এক মেয়েকে বিয়ে করি। সে দেখ","যৌতুক নিরোধ আইন ১৯৮০ অনুযায়ী, যৌতুক নেওয়ার অপরাধে আপনার এক বছর থেকে সর্বোচ্চ পাঁচ বছর পর্যন্ত কারাদণ্ড বা জরিমানা অথবা ক"
prot_0138_01,good,2,0.8476,bengali,"বাংলাদেশ শ্রম আইন, ২০০৬",ছাঁটাই,শ্রমিকদের অনেক সময় কোনো পাওনাদি পরিশোধ না করে যখন-তখন কারখানা থেকে বের করে দেওয়া হয়। চাকরি সমাপ্তির পদ্ধতি এবং তাঁরা মাল,শ্রমিককে চাকরি অবসান দেওয়ার কয়েকটি নির্দিষ্ট পদ্ধতি আছে। যেমন:ছাঁটাই: কাজের প্রয়োজনের চেয়ে অতিরিক্ত শ্রমিক থাকার কারণে ম
prot_0046_02,good,1,0.8633,bengali,"বাল্যবিবাহ নিরোধ আইন, ২০১৭",বাল্যবিবাহ করিবার শাস্তি,"আমার জন্ম ১৯৯৭ সালে। তার মানে এখনো ১৮ বছর পূর্ণ হয়নি। কিন্তু আমি ভালোবেসে আমার খালাতো ভাইকে বিয়ে করেছি, যিনি একজন বিসিএস",বাল্যবিবাহ প্রতিরোধ আইন অনুযায়ী ২১ বছরের নিচে কোনো পুরুষ বা ১৮ বছরের নিচে কোনো নারীর বিবাহ শাস্তিযোগ্য অপরাধ। এ ক্ষেত্রে
