qid,annotator,n_words,question_bn,paraphrase,pii_removed,notes,merged_from
ajke_0146_01,Iftiaq,127,"প্রশ্ন: আমার ভাই বিশ্ববিদ্যালয়ের প্রথম বর্ষের শিক্ষার্থী। আমাদের বাবা নেই। মা, আমি আর ভাই থাকি। খুব সম্প্রতি মায়ের গায়ে হাত তুলেছে ভাই। বিশ্ববিদ্যালয়ে ভর্তির পর থেকে সে আত্মহত্যার চেষ্টাও করেছিল কয়েকবার। আমরা তার বন্ধুবান্ধবের সঙ্গে যোগাযোগ রাখার জন্য তাদের বাসায় দাওয়াত করি। সেখানে মায়ের সঙ্গে তার কথা-কাটাকাটি হয়। বন্ধুরা চলে যাওয়ার পর মা কথা বলতে গেলে একপর্যায়ে সে মাকে মারধর করে। আমি বাধা দিতে গেলে সে আমাকেও মারধর করে বাসা থেকে বের হয়ে যেতে বলে। সে কথায় কথায় বলে, ‘বাবা যা কিছু রেখে গেছে—সব আমার’। সম্পত্তি নিয়ে আমার কোনো আগ্রহ নেই। কিন্তু আমার ভাইকে এভাবে দেখতে চাই না। তবে সে সম্প্রতি কাউন্সেলিং নেওয়া শুরু করেছে। কিন্তু মায়ের গায়ে হাত তোলার পর থেকে আমি বেশি ভয়ে আছি। আইনগতভাবে কোনো ব্যবস্থা নিলে কি এ সমস্যা থেকে সমাধান পাওয়া সম্ভব?","আমার ছোট ভাই ভার্সিটিতে ফার্স্ট ইয়ারে পড়ে। আমাদের আব্বা মারা গেছেন, তাই আম্মা, আমি আর আমার ভাই একসাথে থাকি। ইদানীং ভাইটা আম্মার ওপর হাত তুলেছে। ভার্সিটিতে ওঠার পর থেকেই ও কয়েকবার আত্মহত্যার চেষ্টা করেছিল। ওর বন্ধুদের সাথে যাতে যোগাযোগ ভালো থাকে, সেজন্য আমরা ওদের বাসায় দাওয়াত দিয়েছিলাম। কিন্তু সেখানে আম্মার সাথে ওর কথা-কাটাকাটি লেগে যায়। ওর বন্ধুরা চলে যাওয়ার পর আম্মা ওর সাথে কথা বলতে গেলে হঠাৎ ও আম্মাকে মারধর শুরু করে। আমি থামাতে গেলে ও আমাকেও গায়ে হাত তোলে আর বাসা থেকে বের হয়ে যেতে বলে। কথায় কথায় সে দাবি করে, আব্বা যা রেখে গেছেন সবকিছুই নাকি একা ওর। সম্পত্তির প্রতি আমার কোনো লোভ বা আগ্রহ নেই, ভাইকে নিয়েই বেশি কষ্ট হচ্ছে। সম্প্রতি ও অবশ্য মানসিক কাউন্সেলিং নেওয়া শুরু করেছে, কিন্তু আম্মাকে মারার পর থেকে আমি খুব আতঙ্কে আছি। এ ব্যাপারে কোনো আইনি পদক্ষেপ নিলে কি কোনো সুরাহা হতে পারে?",no,,
ajke_0165_01,Iftiaq,86,"আমি কাবিনে ৫ লাখ টাকা মোহরানা উল্লেখ করে বিয়ে করি। তবে আমি জানতাম, তাঁর আগের স্ত্রীকে তিনি ডিভোর্স দিয়েছেন। এমনকি তিনি আমাকে একটা ডিভোর্স পেপারও দেখিয়েছিলেন। বিয়েটা কাজি অফিসে হয়। আমার পরিবারের কেউ বিষয়টি জানেন না। পরে আমি পরিবারকে জানাতে চেয়েছিলাম। কিন্তু বিয়ের এক মাসের মাথায় জানতে পারি, তাঁর আরও তিন স্ত্রী আছেন। এখন আমি তাঁকে ডিভোর্স দেওয়ার সিদ্ধান্ত নিয়েছি। সে ক্ষেত্রে কি কাবিনের টাকা আমি পাব? আর আমার পরিবার এখনো বিষয়টি সম্পর্কে কিছু জানে না। আসলে কীভাবে আমি তাঁকে ডিভোর্স দিলে কাবিনের টাকাটা পেতে পারি","বিয়ের সময় আমার দেনমোহর ধার্য হয়েছিল ৫ লাখ টাকা। বিয়ের আগে আমাকে জানানো হয়েছিল যে আগের বউকে তিনি তালাক দিয়েছেন, এমনকি একটা তালাকের কাগজপত্রও আমাকে দেখিয়েছিলেন। কাজি অফিসে গিয়ে আমাদের বিয়ে হয়, যার ব্যাপারে আমার পরিবারের কেউ কিছু জানত না। পরে ভেবেছিলাম পরিবারকে জানাব, কিন্তু বিয়ের এক মাস যেতে না যেতেই জানতে পারি যে তার ঘরে আরও তিনজন স্ত্রী রয়েছে। এ পরিস্থিতিতে আমি তাকে তালাক দেওয়ার সিদ্ধান্ত নিয়েছি। এখন আমি যদি ডিভোর্স দিই, তাহলে কি দেনমোহরের টাকা পাব? আমার বাসার কেউ এখনো এসবের কিছুই জানে না। আসলে কীভাবে আমি তাঁকে ডিভোর্স দিলে দেনমোহরের সম্পূর্ণ টাকাটা আদায় করতে পারব?",no,,
ajke_0173_01,Iftiaq,34,"সে যে কারণ দেখিয়েছে, তা মিথ্যা ও বানোয়াট। এর কোনো প্রমাণ তার কাছে নেই। সে বলছে, তার মা আমাকে মানবে না। অথচ বিয়ের সময় তার মাসহ পরিবারের সবাই ছিলেন। আমি এখন কী করতে পারি?","ও যেসব কারণের কথা বলছে সেগুলো সম্পূর্ণ মিথ্যা এবং মনগড়া, কোনো প্রমাণ ওর কাছে নেই। এখন দাবি করছে ওর মা নাকি আমাকে মেনে নেবেন না, অথচ বিয়ের দিনে ওর মা এবং পরিবারের প্রত্যেকেই সেখানে উপস্থিত ছিলেন। এই অবস্থায় আমার করণীয় কী হতে পারে?",no,,
ajke_0181_01,Iftiaq,60,আমার দাদা-দাদি মারা গেছেন প্রায় ১৫ বছর আগে। চাচা-জ্যাঠারা বেশি বেশি জায়গাজমি ভোগ করছেন। আমার বাবার উপযুক্ত ছেলে নেই। আমাদের ভাগ তাঁদের তুলনায় অর্ধেক। দুই দিন পরপর চাচা-জ্যাঠারা তাঁদের ছেলেদের নিয়ে বাবার দিকে তেড়ে আসেন। আমরা চার বোন। আমাদের বিয়ের সম্বন্ধ এলে বিয়ে ভেঙে দেওয়া হয়। তাঁরা জমি ভাগও করতে চান না। আমাদের আর্থিক অবস্থা খারাপ। আমরা কী করতে পারি?,"আমাদের দাদা-দাদি মারা গিয়েছেন প্রায় ১৫ বছর পেরিয়ে গেছে। চাচা আর জ্যাঠারা জোর করে বেশি জমিজমা দখল করে খাচ্ছেন। বাবার কোনো ছেলে সন্তান নেই বলে আমাদের ভাগ নাকি তাঁদের চেয়ে অর্ধেক। প্রায়ই চাচা-জ্যাঠারা তাঁদের ছেলেদের সাথে নিয়ে এসে আব্বাকে মারতে আসেন। আমরা চার বোন, বিয়ের কোনো প্রস্তাব এলে তাঁরা তা ভেঙে দেন। জমিজমার কোনো সুষ্ঠু বণ্টনও করতে চান না। আমাদের আর্থিক অবস্থাও খুব শোচনীয়। এখন আমরা কী ব্যবস্থা নিতে পারি?",no,,
ajke_0200_01,Iftiaq,76,"প্রশ্ন: আমার বয়স ৪০ বছর। স্বামী দুই বছর আগে মারা গেছে। দুই সন্তান—একটি ছেলে ও একটি মেয়ে। মেয়ের বয়স ২৫ আর ছেলের ১৪ বছর। স্বামী মারা যাওয়ার আগে তার বাবার সম্পত্তি ভাগাভাগি হয়নি। সম্প্রতি আমার দেবর ও ভাশুরেরা সম্পত্তি ভাগাভাগি করেছেন, যেখানে আমি উপস্থিত ছিলাম না। তাঁরা এমনভাবে সব করেছেন, যা স্বামীর অবর্তমানে আমি কিংবা আমার সন্তানেরা সম্পত্তির কোনো ভাগই পাব না। এ ক্ষেত্রে আমি কী করতে পারি। কেস করতে চাইলে সেটা কীভাবে করলে সুবিধা হবে?","আমার বয়স ৪০ বছর, বছর দুয়েক আগে স্বামী মারা গেছেন। আমাদের একটি ছেলে ও একটি মেয়ে আছে—মেয়ের বয়স ২৫ বছর এবং ছেলের বয়স ১৪ বছর। আমার স্বামী বেঁচে থাকতে তাঁর পৈতৃক সম্পত্তি বাটোয়ারা করা হয়নি। কিছুদিন আগে আমার দেবর আর ভাশুর মিলে নিজেদের মধ্যে জমি ভাগ করে নিয়েছেন, যেখানে আমাকে ডাকাও হয়নি। তাঁরা এমন চক্রান্ত করেছেন যাতে আমার স্বামীর মৃত্যুর পর আমি বা আমার ছেলেমেয়েরা সম্পত্তির কোনো অংশই না পাই। এখন আমি কী করতে পারি? যদি মামলা করতে হয় তবে কীভাবে মামলা করলে আমাদের সুবিধা হবে?",no,,
dail_0621_02,Iftiaq,11,"Further, is the ministry under any obligation to provide the data?",তাছাড়া মন্ত্রণালয় কি এই তথ্যগুলো সরবরাহ করতে আইনগতভাবে বাধ্য?,no,Original question was in English; translated and paraphrased into casual Bangla.,
lawy_0241_01,Iftiaq,8,ভূমি অধিগ্রহণে কোনো প্রশ্ন উত্থাপিত হলে কী করবেন?,সরকার জমি অধিগ্রহণ করার সময় কোনো বিরোধ বা আপত্তি দেখা দিলে কী পদক্ষেপ নেওয়া উচিত?,no,,
lawy_0299_01,Iftiaq,8,জমি-জমা সহায় সম্পত্তি রক্ষায় কিভাবে নিষেধাজ্ঞা জারি করবেন?,নিজের জমিজমা ও স্থাবর সম্পত্তি বেদখল হওয়া থেকে বাঁচাতে কীভাবে নিষেধাজ্ঞা চাইতে হয়?,no,,
lawy_0477_01,Iftiaq,8,"নাবালক ও পাগলের সম্পত্তি ক্রয়-বিক্রয়, আইন কি বলে?",নাবালক শিশু কিংবা মানসিক ভারসাম্যহীন ব্যক্তির জমিজমা কেনাবেচা করার ব্যাপারে আইনে কী নিয়ম রয়েছে?,no,,
prot_0000_03,Iftiaq,18,একটি কো-অপারেটিভ সংস্থার কাছে আমার অনেক টাকা আটকে আছে। আমি কোনোভাবে টাকা তুলতে পারিনি। কী করব? ইব্রাহীম খলিল,একটা সমবায় সমিতিতে আমার বেশ কিছু টাকা আটকে পড়েছে। কোনোভাবেই টাকাগুলো ফেরত পাচ্ছি না। এখন আমার কী করা উচিত?,yes,,
prot_0002_03,Iftiaq,81,"আমি একজন সরকারি ব্যাংক কর্মকর্তা। আমার স্ত্রীর সঙ্গে বিবাদের কারণে দুই বছর ধরে আমরা আলাদা থাকছি। আমাদের এক সন্তান রয়েছে, যার ভরণপোষণ খরচ আমি দিতে চাই। আমার স্ত্রী তালাক দিতে রাজি নয়, আমি ডিভোর্স লেটার পাঠালে নারী নির্যাতনের মামলা করার হুমকি দিয়ে রেখেছে। এ ক্ষেত্রে আমার জিজ্ঞাসা, আমি তালাকের কাগজ পাঠালে সে নারী নির্যাতন বা অন্য কোনো মামলা করতে পারে কি না? মামলা করলে রায় আমার বিপক্ষে যাবে কি না? এ ছাড়া আমার চাকরি যাওয়ার আশঙ্কা রয়েছে কি? নাম প্রকাশে অনিচ্ছুক","আমি রাষ্ট্রায়ত্ত একটি ব্যাংকে চাকরি করি। স্ত্রীর সাথে পারিবারিক ঝামেলার কারণে গত দুই বছর ধরে আমরা আলাদা বসবাস করছি। আমাদের একটি সন্তান আছে, যার যাবতীয় ভরণপোষণের দায়িত্ব আমি বহন করতে প্রস্তুত। কিন্তু স্ত্রী কোনোভাবেই ডিভোর্সে রাজি হচ্ছে না, আমি তালাকনামা পাঠালে সে নারী নির্যাতনের মিথ্যা কেস ঠুকে দেবে বলে হুমকি দিচ্ছে। আমার প্রশ্ন হলো, আমি যদি তালাকের নোটিশ পাঠাই তবে সে কি নারী নির্যাতন বা অন্য কোনো ধারায় মামলা করতে পারবে? আর মামলা করলে আদালত কি আমার বিরুদ্ধেই রায় দেবে? এছাড়া এতে আমার সরকারি চাকরির কোনো ক্ষতি বা চাকরি চলে যাওয়ার ঝুঁকি থাকবে কি?",no,,
prot_0004_03,Iftiaq,54,"আমি একটি মেয়েকে চার বছর ধরে ভালোবাসি। সেও আমাকে ভালোবাসে। আমার বয়স ২৪ বছর, মেয়েটির বয়স ২০ বছর। আমি মুসলিম আর মেয়েটি হিন্দু। তার পরিবার আমাদের প্রেমের কথা জানার পর থেকে তাকে ঘরে আটকে রেখেছে। কিন্তু আমরা দুজন বিয়ে করতে চাই। দুজনের ধর্ম ঠিক রেখে আমরা কি বিয়ে করতে পারব? পারলে কীভাবে? রিপন খান","চার বছর ধরে একটা মেয়ের সাথে আমার প্রেমের সম্পর্ক, সেও আমাকে খুব ভালোবাসে। আমার বয়স এখন ২৪ আর মেয়েটির বয়স ২০ বছর। আমি মুসলমান ধর্মের আর মেয়েটি হিন্দু। প্রেমের বিষয়টি জানতে পেরে মেয়েটির বাড়ির লোকজন তাকে ঘরে বন্দি করে রেখেছে। তবে আমরা দুজনই বিয়ে করতে চাই। নিজেদের ধর্ম পরিবর্তন না করেই কি আমাদের বিয়ে করা সম্ভব? যদি সম্ভব হয় তবে কীভাবে করতে হবে?",yes,,
prot_0006_02,Iftiaq,45,আমার বিয়ে হয়েছে দুই বছর সাত মাস। স্বামী লন্ডনে থাকেন। তাঁর সঙ্গে আমার ফোনের মাধ্যমে বিয়ে হয়েছে। বিয়ের পর এখনো তাঁর সঙ্গে আমার দেখা হয়নি। গত এক বছরে তিনি আমার ভরণপোষণ দেননি। আমি এখন তাঁকে ডিভোর্স দিতে চাই। কীভাবে আমি তাঁকে ডিভোর্স দেব? নসরাত মারজিয়া,বিয়ে হয়েছে প্রায় দুই বছর সাত মাস হলো। স্বামী বিলেতে থাকেন এবং ফোনের মাধ্যমেই আমাদের বিয়ে হয়েছিল। বিয়ের পর আজও তাঁর সাথে আমার সামনাসামনি দেখা হয়নি। গত এক বছর ধরে তিনি আমাকে কোনো প্রকার ভরণপোষণ বা খরচাপাতিও দিচ্ছেন না। এই অবস্থায় আমি তাঁকে তালাক দিতে চাচ্ছি। তাঁকে কীভাবে ডিভোর্স পাঠানো সম্ভব?,yes,,
prot_0009_01,Iftiaq,34,আমরা সাত ভাইবোন ছিলাম। ১১ বছর আগে মেজো বোন মারা গেছে। আর তিন বছর হলো মেজো ভাই মারা গেছেন। মেজো ভাইয়ের সম্পদ নিয়ে সমস্যা দেখা দিয়েছে। তাঁর জমি ও ব্যাংকের টাকার ওয়ারিশ কে হবে?,আমরা মোট সাত ভাইবোন ছিলাম। প্রায় ১১ বছর পূর্বে আমার মেজো বোন মারা যান এবং বছর তিনেক আগে মেজো ভাইও মারা গেছেন। এখন মেজো ভাইয়ের সম্পত্তি নিয়ে জটিলতা তৈরি হয়েছে। তাঁর রেখে যাওয়া জমি এবং ব্যাংকে জমা টাকার আসল ওয়ারিশ কে কে হবেন?,no,,
prot_0011_02,Iftiaq,106,"আমরা দুই ভাই, এক বোন। মা মারা গেছেন ২০০৬ সালে। ২০০৯ সালে আমাদের বাবা দ্বিতীয় বিয়ে করেন একজন বিধবাকে নারীকে। যাঁর আগের পক্ষের একটি সাবালক ছেলে আছে। বর্তমানে আমার বাবাই ওই ছেলের লেখাপড়া ও অন্যান্য খরচ বহন করে আসছেন। আমার বাবার ১৬০ শতাংশের মতো জমি আছে, যা তিনি তাঁর মৃত্যুর আগে আমাদের ভাগ করে দিতে ইচ্ছুক নন। প্রশ্ন হলো, বাবার মৃত্যুর পর আমরা তিন ভাইবোন ও সৎমা/ভাই এই সম্পত্তির কে কতটুকু অংশীদার হব? দ্বিতীয়ত, আমার মা উত্তরাধিকার সূত্রে আমার নানার কাছ থেকে ৬৬ শতাংশ সম্পত্তি পেয়েছেন। মায়ের অবর্তমানে এখন আমার বাবাই তা ভোগ করছেন। বাবার অবর্তমানে ওই সম্পত্তিরই বা কে কতটুকু অংশীদার হব, জানালে উপকৃত হব","আমরা দুই ভাই ও এক বোন। ২০০৬ সালে আমাদের মা মারা যাওয়ার পর ২০০৯ সালে বাবা একজন বিধবা নারীকে দ্বিতীয় বিয়ে করেন। সেই সৎমায়ের আগের ঘরের একটি প্রাপ্তবয়স্ক ছেলে রয়েছে এবং বর্তমানে আমার বাবাই তার পড়াশোনাসহ সব খরচ চালাচ্ছেন। বাবার প্রায় ১৬০ শতাংশের মতো জমি আছে, যা তিনি বেঁচে থাকতে আমাদের মধ্যে বণ্টন করতে চান না। আমার প্রশ্ন, বাবার মৃত্যুর পরে আমরা তিন ভাইবোন এবং আমাদের সৎমা ও সৎভাই এই জমিতে কে কতটা ভাগ পাব? এছাড়া আমার মা নানার বাড়ি থেকে উত্তরাধিকারসূত্রে ৬৬ শতাংশ জমি পেয়েছিলেন, যা এখন বাবার দখলেই আছে। বাবা না থাকলে মায়ের সেই সম্পত্তির অংশীদারই বা কে কতটুকু হবে?",no,,
prot_0012_03,Iftiaq,148,"প্রথমে প্রেম হলেও পরে পারিবারিকভাবেই আমি ২০১১ সালে বিয়ে করি। মেয়েটি ঝগড়াটে, দুষ্টু ও একরোখা মনোভাবের কারণে প্রথমে কিছুটা অসম্মত থাকলেও পরে আমার পরিবার মেনে নেয়। কিন্তু বিয়ের দেড় মাসের মাথায় ঘুমের অনেকগুলো ট্যাবলেট পানিতে গুলে শরবত বানিয়ে আমাকে খাওয়ায় এবং অনেক চিকিৎসার পর আমি সুস্থ হই। ঘটনাটি সবাই জানে। কিন্তু তারপরেও আমি আবার তাকে নিয়ে ঘর করা শুরু করি। এবারও সে কাওকে পাত্তা না দিয়ে মনমতো চলাফেরা শুরু করে। ফলে ঝগড়া ও বাগ্বিতণ্ডা শুরু হয়। অবশেষে গত ২০১৩ সালের জানুয়ারি মাসে বিতর্কের একপর্যায়ে বাড়ি থেকে মেয়েটি বের হয়ে ঢাকায় আসে। কিন্তু একবারও বাড়ি আসেনি। সমস্যাটি সমাধানের জন্য চেয়ারম্যানের মাধ্যমে কয়েকবার চেষ্টা করি। কিন্তু টালবাহানা ছাড়া আর কিছুই নির্দিষ্ট করে বলে না। এখন এই অবস্থায় ক) আমরা যদি মেয়েকে তালাক দিই তবে কোনো মামলা করতে পারবে কি না? খ) আমি নতুন কোনো বিয়ে করতে পারব কি না? গ) এই সমস্যা থেকে বের হয়ে আসার পথ কী? নজরুল ইসলাম","প্রেমের সম্পর্ক থাকলেও পারিবারিকভাবে ২০১১ সালে আমাদের বিয়ে হয়। মেয়ের স্বভাব ঝগড়াটে ও জেদি হওয়ায় শুরুতে পরিবার একটু অমত করলেও পরে মেনে নিয়েছিল। কিন্তু বিয়ের দেড় মাসের মাথায় সে আমাকে একগাদা ঘুমের ওষুধ শরবতের সাথে গুলিয়ে খাইয়ে দেয়, অনেক চিকিৎসার পর আমি কোনোমতে বেঁচে ফিরি। এই ঘটনা পরিবারের সবাই জানে। তবুও আমি সব ভুলে তাকে নিয়ে সংসার করতে চেয়েছিলাম। কিন্তু সে কাউকে পাত্তা না দিয়ে নিজের মতো চলতে থাকে, যার ফলে প্রতিদিন অশান্তি লেগেই থাকত। শেষ পর্যন্ত ২০১৩ সালের জানুয়ারিতে ঝগড়ার এক পর্যায়ে সে বাড়ি ছেড়ে ঢাকায় চলে যায়, আর কখনোই ফিরে আসেনি। স্থানীয় চেয়ারম্যানের মাধ্যমে বিষয়টি মীমাংসার চেষ্টা করেও কোনো ফল পাইনি, শুধু সময়ক্ষেপণ করেছে। এখন প্রশ্ন হলো: ১) আমি যদি তাকে তালাক দিই তবে সে কি আমার বিরুদ্ধে মামলা করতে পারবে? ২) আমি কি দ্বিতীয় বিয়ে করতে পারব? ৩) এই ঝামেলা থেকে আইনগতভাবে মুক্তি পাওয়ার উপায় কী?",yes,,
prot_0016_01,Iftiaq,32,"প্রথমে আমার বড় মামা মারা যান। তারপর আমার মা, এরপর খালা মারা যান। খালার স্বামী বড় মামার আগে মারা গেছেন। খালা নিঃসন্তান। আমার প্রশ্ন, খালার সম্পূর্ণ সম্পত্তি কি শুধু ছোট মামা পাবেন?","সবার আগে আমার বড় মামা মারা গিয়েছিলেন, তার কিছুদিন পর আমার মা এবং সর্বশেষে খালা মারা যান। খালার স্বামী বড় মামার আগেই মারা গিয়েছিলেন এবং খালার কোনো ছেলেমেয়ে ছিল না। এখন খালার পুরো সম্পত্তি কি একা ছোট মামাই ভোগ করবেন, নাকি অন্যরা অংশ পাবেন?",no,,
prot_0025_04,Iftiaq,9,"সন্তান কার সঙ্গে থাকবে, এ বিষয়ে আইনের বিধান কী?","দাম্পত্য বিচ্ছেদের পর নাবালক সন্তান মা নাকি বাবার হেফাজতে থাকবে, এ নিয়ে আইনে কী বলা আছে?",no,,
prot_0031_01,Iftiaq,40,"এরপর মেয়েটি আর সেই স্বামীর সংসারে যান না। আলাদা থেকে পড়াশোনা চালিয়ে যেতে থাকেন। একসময় তাঁর স্বামী পুলিশের কাছে ধরা পড়েন। এখন তাঁর বিচার চলছে। এ অবস্থায় এই স্ত্রী যদি স্বামীকে তালাক দিতে চান, সে ক্ষেত্রে কীভাবে এগোনো যেতে পারে?","পরবর্তীতে মেয়েটি আর স্বামীর সংসারে ফিরে যায়নি, বরং আলাদা থেকে নিজের পড়াশোনা চালিয়ে যায়। কিছুদিন পর স্বামী পুলিশের হাতে গ্রেপ্তার হয় এবং বর্তমানে তার বিচারিক কার্যক্রম চলছে। এমতাবস্থায় স্ত্রী যদি স্বামীকে ডিভোর্স দিতে চান, তবে আইনগতভাবে তিনি কীভাবে তা কার্যকর করবেন?",no,,
prot_0035_02,Iftiaq,91,"আমার বাবার দুই স্ত্রী। প্রথম পরিবারে তিন ছেলে। দ্বিতীয় পরিবারে তিন ছেলে, এক মেয়ে। আমি দ্বিতীয় পরিবারের ছেলে। আমার বাবা প্রথম পরিবার নিয়ে থাকেন। তিনি সেই পরিবারের সন্তানদের লেখাপড়া করিয়ে ভালো চাকরি দিয়েছেন। আমাদের কোনো টাকাপয়সা দেন না। অনেকবার সালিস হওয়ার পরও তিনি বলেন, ‘আমি কোনো টাকাপয়সা দিতে পারব না। আমার বিরুদ্ধে মামলা করলেও কোনো লাভ নেই। আমার টাকা আমি না দিলে কেউ কিছু করতে পারবে না।’ আমার বাবা সরকারি চাকরি করেন। মা আমাদের নিয়ে বাবার অফিসে গিয়ে অভিযোগ জানালে কি আমরা তাঁর ফান্ড থেকে কোনো টাকা পাব? নাম প্রকাশে অনিচ্ছুক","আমার বাবার দুটি বিয়ে। প্রথম সংসারে তিন ছেলে এবং দ্বিতীয় সংসারে আমরা তিন ভাই ও এক বোন। আমি দ্বিতীয় পক্ষের ছেলে। বাবা প্রথম পরিবারকে নিয়েই থাকেন এবং তাদের সন্তানদের ভালোভাবে পড়াশোনা শিখিয়ে প্রতিষ্ঠিত করেছেন, কিন্তু আমাদের কোনো খরচপাতি দেন না। পারিবারিকভাবে একাধিকবার সালিস বৈঠক হলেও বাবা সাফ জানিয়ে দিয়েছেন যে তিনি কোনো টাকা দেবেন না, এমনকি মামলা করলেও নাকি কিছু হবে না কারণ নিজের টাকা তিনি কাউকে দিতে বাধ্য নন। বাবা একটি সরকারি প্রতিষ্ঠানে চাকরি করেন। আম্মা যদি আমাদের নিয়ে বাবার কর্মস্থলে গিয়ে নালিশ করেন, তাহলে কি বাবার প্রভিডেন্ট ফান্ড বা বেতন থেকে আমাদের কোনো টাকা পাওয়ার ব্যবস্থা হবে?",no,,
prot_0037_05,Iftiaq,51,হিন্দুধর্মাবলম্বী একজনের সঙ্গে আমার প্রায় পাঁচ বছরের সম্পর্ক। আমরা দুজনই প্রাপ্তবয়স্ক এবং ধর্ম পরিবর্তন না করে বিয়ে করতে চাই। কিন্তু পরে উভয়ের প্রভাবশালী পরিবার আমাদের জীবনের জন্য বড় হুমকি হয়ে দাঁড়াবে। দুই পক্ষের মধ্যে ভয়ানক বিরোধের আশঙ্কাও রয়েছে। এই সমস্যাগুলো এড়িয়ে যাওয়ার জন্য আমরা আগে থেকে কীভাবে আইনি ব্যবস্থা নিতে পারি?,অন্য ধর্মের (হিন্দু) একজনের সাথে প্রায় পাঁচ বছর ধরে আমার সম্পর্ক চলছে। আমরা দুজনই প্রাপ্তবয়স্ক এবং নিজ নিজ ধর্ম বজায় রেখেই বিয়ে করতে আগ্রহী। তবে আমাদের দুজনের পরিবারই অত্যন্ত প্রভাবশালী হওয়ায় পরবর্তীতে আমাদের জীবনের ওপর ঝুঁকি আসতে পারে এবং দুই পরিবারের মধ্যে মারাত্মক বিবাদ সৃষ্টি হতে পারে। এই ধরনের ঝামেলা ও হুমকি এড়াতে বিয়ের আগে থেকেই আমরা কী ধরণের আইনি সুরক্ষামূলক পদক্ষেপ গ্রহণ করতে পারি?,no,,
prot_0039_04,Iftiaq,155,"আমার বিয়ে হয় ২০০৮ সালে। এর এক বছর পর আমার একটি ছেলে হয়। বিয়েতে দেনমোহর যা ছিল তার মধ্যে কিছু টাকা বিয়ের সময় পরিশোধ করা হয়। এটি কাবিনে উল্লেখ আছে। এখন আমি স্ত্রীকে তালাক দিলে আমাকে বাকি আর কত টাকা দিতে হবে এবং আমার স্ত্রী আমার বিরুদ্ধে কোনো আইনি ব্যবস্থা নিতে পারবে কি না? আমার বাচ্চাটি কার কাছে থাকবে? সুজন , দিনাজপুর। @ তালাকের পর আপনার স্ত্রী আপনার বিরুদ্ধে ইদ্দত চলাকালে অর্থাৎ তিন মাসের ভরণপোষণ ও দেনমোহরের জন্য আবেদন করতে পারেন। এ ছাড়া আপনার সন্তান সাত বছর বয়স পর্যন্ত মায়ের কাছে থাকবে এবং এ সময়ে তাঁর ভরণপোষণের ব্যয় আপনাকে বহন করতে হবে। জীবনে চলতে-ফিরতে যেসব আইনি জটিলতায় পড়তে হয়, বিভাগে তারই সমাধান পাওয়া যাবে।এ বিভাগে আইনি সমস্যার সমাধান দেবেন বাংলাদেশ সুপ্রিম কোর্টের আইনজীবী নাহিদ মাহতাব। স্পষ্ট করে নিজের সমস্যা লিখে পাঠান। প্রয়োজনীয় কাগজের অনুলিপি দিন। : , , , , ১০০ কাজী নজরুলইসলাম অ্যাভিনিউ, , ঢাকা। এ ছাড়া এই ঠিকানায় করেও সমস্যার কথা জানাতে পারেন","২০০৮ সালে আমার বিয়ে হয়েছিল এবং তার পরের বছর আমাদের একটি ছেলেসন্তান জন্ম নেয়। কাবিননামায় উল্লিখিত দেনমোহরের একটি অংশ বিয়ের সময়ই উসুল দেওয়া হয়েছিল, যা কাবিনে লেখাও আছে। এখন যদি আমি স্ত্রীকে ডিভোর্স দিই, তবে দেনমোহরের আর কত টাকা আমাকে শোধ করতে হবে? ডিভোর্সের পর স্ত্রী কি আমার বিরুদ্ধে কোনো মামলা বা আইনি ব্যবস্থা নিতে পারবে? আর আমাদের ছোট ছেলেটি কার হেফাজতে থাকবে?",yes,মূল প্রশ্নে সংবাদপত্রের আইনি পরামর্শ ও ঠিকানার অংশ যুক্ত ছিল; শুধুমাত্র নাগরিকের মূল প্রশ্নটি রেখে প্যারাফ্রেজ করা হয়েছে এবং ব্যক্তিগত তথ্য অপসারণ করা হয়েছে।,
prot_0044_02,Iftiaq,89,"আমি স্নাতক তৃতীয় বর্ষের ছাত্র। দুই বছর আগে আমার একটি মেয়ের সঙ্গে সম্পর্ক হয়। তাকে আমি অনেক ভালোবাসি। তার সঙ্গে আমার একাধিকবার শারীরিক সম্পর্ক হয়েছে। ছয় মাস ধরে এই মেয়ে আমাকে বিয়ে করার জন্য বলছে। আর আমিও বিয়ে করার জন্য মানসিকভাবে প্রস্তুতি নিচ্ছিলাম। হঠাৎ জানতে পারলাম, অন্য একটি ছেলের সঙ্গে তার সম্পর্ক আছে। আমি আমার ভালোবাসাকে সামাজিকভাবে স্বীকৃতি দিতে চেয়েছিলাম, কিন্তু এখন আমি কোনো সিদ্ধান্ত নিতে পারছি না। আমি যদি এ মেয়েকে বিয়ে না করি তাহলে সে আমাকে কোনো জটিলতায় ফেলতে পারবে কি?নাম প্রকাশে অনিচ্ছুকনোয়াখালী বিজ্ঞান ও প্রযুক্তি বিশ্ববিদ্যালয়","আমি অনার্সে তৃতীয় বর্ষে পড়ছি। বছর দুয়েক আগে একটি মেয়ের সাথে আমার ভালোবাসার সম্পর্ক গড়ে ওঠে। আমাদের মধ্যে একাধিকবার দৈহিক সম্পর্কও হয়েছে। বিগত ছয় মাস ধরে মেয়েটি আমাকে বিয়ে করতে তাগাদা দিচ্ছে এবং আমিও বিয়ের কথা ভাবছিলাম। কিন্তু হঠাৎ জানতে পারি যে অন্য আরেকটি ছেলের সাথেও তার সম্পর্ক রয়েছে। আমি তাকে বিয়ে করে সম্পর্কটাকে সামাজিক মর্যাদা দিতে চেয়েছিলাম, কিন্তু এখন কোনো কূলকিনারা পাচ্ছি না। এখন যদি আমি তাকে বিয়ে করতে অস্বীকার করি, তবে সে কি আমার বিরুদ্ধে কোনো আইনি মামলা বা হয়রানিমূলক জটিলতা তৈরি করতে পারবে?",yes,,
prot_0045_04,Iftiaq,88,আমার বয়স ২৯। আমি ১৯ জানুয়ারি ২০১২ তারিখে বিয়ে করি। স্ত্রীর বয়স মাত্র ১৩ বছর। কিন্তু কাবিননামায় ১৮ বছর দেখানো হয়েছে। বর্তমানে আমার স্ত্রীর বয়স ১৪ বছর। বিয়ের পর আমার শ্বশুরের পরিবার এবং আমার পরিবার বড় রকমের ঝগড়া-বিবাদ করে। আমার ও আমার স্ত্রীর মধ্যে সেটা বড় আকার ধারণ করে। বর্তমানে এমন পরিস্থিতিতে পৌঁছেছে যে আমার স্ত্রীকে আমার পরিবারও মেনে নেবে না এবং আমিও তাকে নিয়ে আর সংসার করব না। এ অবস্থায় আমি কী করতে পারি? আমার স্ত্রী কোনো দিনও আমাকে তালাক দেবে না। নাম ও ঠিকানা প্রকাশে অনিচ্ছুক,"আমার বয়স ২৯ বছর। ২০১২ সালের ১৯ জানুয়ারি আমি বিয়ে করি। বিয়ের সময় স্ত্রীর আসল বয়স ছিল মাত্র ১৩ বছর, অথচ কাবিনে ১৮ বছর লিখে বিয়ে রেজিস্ট্রি করা হয়। এখন তার বয়স ১৪ বছর। বিয়ের পর থেকেই শ্বশুরবাড়ি আর আমাদের পরিবারের মধ্যে প্রচণ্ড বিবাদ শুরু হয়, যা শেষ পর্যন্ত আমাদের দুজনের সম্পর্কেও মারাত্মক তিক্ততা ডেকে আনে। পরিস্থিতি এখন এমন যে আমার বাড়ির লোকজন তাকে আর মেনে নেবে না এবং আমিও তার সাথে ঘরসংসার করতে রাজি নই। এই জটিলতায় আমি এখন কী করতে পারি? কারণ আমার স্ত্রী নিজ থেকে কখনো আমাকে ডিভোর্স দেবে না।",no,,
prot_0047_01,Iftiaq,37,"আমার চাচা প্রচুর সম্পত্তির মালিক। তাঁর কিছু সম্পত্তি স্ত্রীর নামে আছে। চাচাকে লেখাপড়ার খরচ দিয়েছেন আমার বাবা। আমার বাপ-চাচারা চার ভাই, দুই বোন। চাচার কোনো সন্তান নেই। চাচার মৃত্যুর পর আমাদের কি তার সম্পত্তিতে কোনো অধিকার আছে?","আমার চাচার বেশ ধনসম্পত্তি আছে, যার কিছু অংশ তিনি নিজের স্ত্রীর নামে লিখে দিয়েছেন। চাচার পড়াশোনার সব খরচ আমার বাবা চালিয়েছিলেন। আমার বাবা-চাচারা মোট চার ভাই ও দুই বোন। চাচার নিজের কোনো সন্তান নেই। চাচা মারা যাওয়ার পর তাঁর সম্পত্তিতে কি আমাদের কোনো অংশ বা উত্তরাধিকার থাকবে?",no,,
prot_0048_06,Iftiaq,55,"আমার বিয়ে হয় ২০০১ সালে। দুটি ছেলে আছে, বয়স পাঁচ ও আড়াই বছর। বিয়ের পর থেকেই স্বামীর সঙ্গে বনিবনা হচ্ছে না। আমার স্বামীর আর্থিক অবস্থা বেশ ভালো। ছেলেদের নিজের কাছে রাখতে তিনি সব রকম চেষ্টা করবেন। আমি আর্থিকভাবে স্বাবলম্বী নই। কিন্তু স্বামীর কাছ থেকে আলাদা হতে চাই। আমি কি সন্তানদের নিজের কাছে রাখতে পারব?আয়রা তামান","২০০১ সালে আমাদের বিয়ে হয়েছিল। আমাদের পাঁচ বছর ও আড়াই বছর বয়সী দুটি ছেলে রয়েছে। কিন্তু বিয়ের শুরু থেকেই স্বামীর সাথে কোনোভাবেই মিলমিশ হচ্ছিল না। স্বামীর অর্থনৈতিক অবস্থা যথেষ্ট ভালো এবং তিনি যেকোনো মূল্যে সন্তানদের নিজের কাছে ছিনিয়ে রাখার চেষ্টা করবেন। এদিকে আমার আর্থিক সচ্ছলতা নেই, কিন্তু তবুও আমি স্বামীর কাছ থেকে বিচ্ছেদ চাই। এ অবস্থায় আমি কি আমার সন্তানদের নিজের জিম্মায় রাখতে পারব?",yes,,
prot_0050_04,Iftiaq,131,"আমার স্বামী ব্যাংকের কর্মকর্তা ছিলেন। তিনি ২০০৮ সালে চাকরিরত অবস্থায় মারা যান। স্বামীর ওয়ারিশ হিসেবে তাঁর চার কন্যাসন্তান ও আমি আছি। স্বামীর মৃত্যুর সময় তাঁর বাবা (আমার শ্বশুর) জীবিত ছিলেন। এখন মৃত। আমার স্বামীর ছয় ভাই ও চার বোন। এক ভাই স্বামীর মৃত্যুর আগে মারা যান। সবারই সন্তান আছে। আমার স্বামী নিজে কিছু সম্পত্তি কিনেছিলেন। সেটা স্বামীর নামেই রেকর্ড হয়েছে। এখন স্বামীর ভাইয়ের ছেলেরা জমি দাবি করছে। আমার স্বামীর সম্পত্তিতে এখন আমি, আমার চার মেয়ে ও অন্যরা কে কত অংশ পাবে?আমার স্বামী ব্যাংক কর্মকর্তা হিসেবে ৭ শতাংশ জমি ও বাড়ি বন্ধক দিয়ে ব্যাংক থেকে ঋণ নিয়েছিলেন। তাঁর মৃত্যুর পর আমার প্রাপ্য পারিবারিক মাসিক পেনশন থেকে ঋণ পরিশোধ হচ্ছে। এ অবস্থায় ঋণ পরিশোধ হওয়ার পর ওই জমি ও বাড়ির অংশে আমি এবং আমার চার মেয়ে ছাড়া অন্য কেউ ভাগ পাবে কি না","আমার স্বামী ব্যাংকে চাকরি করতেন এবং ২০০৮ সালে চাকরিরত অবস্থাতেই তিনি মারা যান। ওয়ারিশ হিসেবে আমরা চার মেয়ে ও আমি বিধবা স্ত্রী রয়েছি। স্বামী মারা যাওয়ার সময় আমার শ্বশুর বেঁচে ছিলেন, কিন্তু বর্তমানে তিনিও প্রয়াত। স্বামীর মোট ছয় ভাই ও চার বোন ছিলেন, যার মধ্যে এক ভাই স্বামীর আগেই মারা গিয়েছিলেন এবং তাঁদের প্রত্যেকেরই সন্তানসন্ততি রয়েছে। আমার স্বামী নিজের উপার্জনে কিছু জমি কিনেছিলেন যা তাঁর নামেই record করা। কিন্তু এখন তাঁর ভাইপোরা সেই জমির ভাগ দাবি করছে। এই পরিস্থিতিতে স্বামীর সম্পত্তিতে আমি, আমার চার মেয়ে এবং অন্য ওয়ারিশরা কে কতটা অংশ পাব? দ্বিতীয়ত, আমার স্বামী ব্যাংকে তাঁর ৭ শতক জমি ও বাড়ি বন্ধক রেখে লোন নিয়েছিলেন। তাঁর মৃত্যুর পর আমার পারিবারিক পেনশন থেকে সেই ঋণের কিস্তি কাটা হচ্ছে। ঋণ পুরোপুরি শোধ হয়ে গেলে ওই বাড়ি ও জমিতে আমি আর আমার চার মেয়ে ছাড়া অন্য কেউ কি কোনো ভাগ দাবি করতে পারবে?",no,,
prot_0055_02,Iftiaq,79,"আমার বাবার দুই স্ত্রী। আমি ছোট মায়ের সন্তান। আমার আরও দুটি ভাই আছে আমার মায়ের গর্ভের। এ ছাড়া বড় মায়ের ঘরের দুই ছেলে রয়েছে। আমি বিয়ে করিনি। আমার নিজের নামে কিছু জমি রয়েছে। আমার প্রশ্ন হলো, আমার মৃত্যুর পর এই সম্পত্তির অংশিদার কে কে হবেন? আমি চাই, আমার সম্পত্তি শুধু আমার দুই ভাই (নিজের মায়ের সন্তান) পাবে। আমি যদি কোনো অছিয়তনামা বা উইল করে যাই, তাহলে সেটা সম্ভব কি না। আমার পক্ষে এই মুহূর্তে রেজিস্ট্রি করে দেওয়া সম্ভব নয়","বাবার দুটি বিয়ে। আমি ছোট মায়ের ছেলে এবং আমার নিজের গর্ভজাত আরো দুই ভাই রয়েছে। তাছাড়া সৎমায়ের ঘরেরও দুটি ছেলে আছে। আমি অবিবাহিত এবং আমার নিজের নামে কিছু জমিজমা কেনা আছে। আমি জানতে চাই, আমার মৃত্যুর পর এই সম্পত্তির ভাগীদার কারা কারা হবে? আমার ইচ্ছা হলো আমার সম্পত্তি যেন শুধু আমার আপন দুই ভাই পায়। আমি কি কোনো উইল বা অসিয়ত করে যেতে পারব যাতে শুধু তারাই পায়? কারণ এই মুহূর্তে জমি রেজিস্ট্রেশন করে দলিল হস্তান্তর করা আমার পক্ষে সম্ভব নয়।",no,,
prot_0058_03,Iftiaq,98,অভিভাবকেরা বাসায় কাজি ডেকে আমার বিয়ে পড়ান ২৭ বছর আগে। তখন আমরা দুজনই শিক্ষার্থী ছিলাম। লেখাপড়া শেষ করার পর থেকে এখন পর্যন্ত আমার স্বামী বেকার। বিয়ের ১০ বছর পর আমাদের এক কন্যাসন্তানের জন্ম হয়। সন্তানের মুখ দেখেও তার কোনো দায়িত্ববোধ হলো না। তার বেকারত্ব ও বদমেজাজের কারণে একটা সময় সন্তান নিয়ে আলাদা হয়ে যাই। নয় বছর ধরে আমি আলাদা আছি। সন্তানের সব দায়িত্ব আমার ওপর। সে কোনো খরচ দেয় না।এ অবস্থায় আমাদের কি তালাক হয়ে গেছে? নাকি আইনি প্রক্রিয়ায় তালাক দিতে হবে। আমি ছয় বছর আগে হাতে লেখা তালাকনামা দিয়েছিলাম। আমাদের বিবাহ নিবন্ধন হয়নি। এখন আমার করণীয় কী?,"প্রায় ২৭ বছর আগে পারিবারিকভাবে বাসায় কাজি ডেকে আমাদের বিয়ে দেওয়া হয়। তখন আমরা দুজনেই পড়াশোনা করছিলাম। কিন্তু পড়াশোনা শেষ করার পরও আমার স্বামী কোনো কাজকর্ম না করে আজ পর্যন্ত বেকার বসে আছে। বিয়ের ১০ বছর পর আমাদের একটি মেয়ে হয়, কিন্তু সন্তানের প্রতিও তার কোনো দায়িত্ববোধ আসেনি। তার অলসতা, বেকারত্ব আর খিটখিটে মেজাজ সহ্য করতে না পেরে একপর্যায়ে মেয়েকে নিয়ে আমি আলাদা হয়ে যাই। গত নয় বছর ধরে আমরা আলাদাই থাকছি এবং একাই সব খরচ চালাচ্ছি, সে একটা পয়সাও দেয় না। আমাদের কাবিন রেজিস্ট্রি করা ছিল না। ছয় বছর আগে আমি নিজে হাতে লিখে একটি তালাকনামা পাঠিয়েছিলাম। এই পরিস্থিতিতে আমাদের তালাক কি কার্যকর হয়েছে, নাকি নতুন করে আইনিভাবে তালাক দিতে হবে? এখন আমার কী করা উচিত?",no,,
prot_0065_06,Iftiaq,142,"আমার বয়স ২৬ বছর। বিয়ে হয়েছে ২০০৯ সালে। বিয়ের ১০-১৫ দিন পরই আমার স্বামী বিদেশে চলে যান। বিয়েতে তাঁকে দেড় লাখ টাকা যৌতুক হিসেবে দেওয়া হয়েছিল। কাবিন করা হয়েছিল দুই লাখ টাকা। তাঁদের পক্ষ থেকে গয়না বাবদ এক লাখ টাকা উশুল করা হয়েছিল। এরপর ২০১০ সালের মে মাসে বিদেশে থাকা অবস্থাতেই আমার স্বামী দুর্ঘটনায় মারা যান। তাঁরা ছয় বোন ও এক ভাই ছিলেন। বিদেশের সব টাকা তাঁর এক বোনের নামেই পাঠাতেন। বিদেশে চলে যাওয়ার পর থেকেই তিনি আমার কোনো খোঁজখবর রাখেননি। তাঁর বোনেরা সব সময় আমার সঙ্গে খারাপ আচরণ করতেন। আমার সন্তান হয়নি। এখন আইনসম্মতভাবে আমি তাঁদের পরিবারের কাছ থেকে কী পাব?তাঁর বাবা নেই এবং মা জীবিত। তাঁরা তাঁদের পরিবার থেকে আমাকে এক লাখ টাকা দিতে চাইছেন। আমার স্বামীর অনেক টাকাপয়সা ও জায়গাজমি আছে। কিন্তু তাঁরা বলছেন, আমার স্বামী কিছুই রেখে যাননি। আমি যদি তাঁদের বিরুদ্ধে মামলা করি, তাহলে আমি কী পাব?","আমার বয়স ২৬ বছর, ২০০৯ সালে বিয়ে হয়। বিয়ের মাত্র ১০-১৫ দিন বাদেই স্বামী প্রবাসে পাড়ি জমান। বিয়েতে তাঁকে নগদ দেড় লাখ টাকা যৌতুক দেওয়া হয়েছিল আর দেনমোহর ধার্য হয় দুই লাখ টাকা, যার মধ্যে এক লাখ টাকার গয়না উসুল দেখানো হয়। এরপর ২০১০ সালের মে মাসে প্রবাসে এক দুর্ঘটনায় আমার স্বামী মারা যান। পরিবারে তাঁর ছয় বোন ও তিনি একা ভাই ছিলেন। বিদেশে উপার্জিত সব টাকা তিনি তাঁর এক বোনের নামে পাঠাতেন। সেখানে যাওয়ার পর থেকে আমার কোনো খবর নেননি এবং তাঁর বোনেরাও আমার সাথে দুর্ব্যবহার করতেন। আমাদের কোনো সন্তান হয়নি। স্বামীর বাবা মৃত কিন্তু মা জীবিত আছেন। এখন শ্বশুরবাড়ির লোকজন আমাকে মাত্র এক লাখ টাকা দিয়ে বিদায় করতে চাচ্ছে, অথচ স্বামীর প্রচুর জমিজমা ও ব্যাংক ব্যালেন্স রয়েছে যা তারা অস্বীকার করছে। আইনত স্বামীর সম্পত্তি ও দেনমোহর থেকে আমি কী কী পাওনা পাব এবং মামলা করলে কী প্রতিকার মিলবে?",no,,
prot_0068_02,Iftiaq,95,"আমার এক আত্মীয় তাঁর তিন মাস বয়সের একমাত্র ছেলেকে আট বিঘা সম্পত্তি দান করেছিলেন। সেই ছেলের বয়স এখন আট বছর। আমার সেই আত্মীয়ের এখন আর অবশিষ্ট কোনো জমি নেই। তিনি লিখিত বা নিবন্ধনের মাধ্যমে দান করেছিলেন। পারিবারিক প্রয়োজনে এখন সেই দানকৃত সম্পত্তি বিক্রি করতে চাইছেন আর আমরা সেই সম্পত্তি কিনতে চাইছি। প্রশ্ন হলো, সন্তানকে দান করা সম্পত্তি তিনি বিক্রি করতে পারবেন কি না? আর সেই সম্পত্তি যদি আমরা ক্রয় করি, তাহলে সন্তান সাবালক হওয়ার পর সম্পত্তি দখলে আনতে চাইলে আনতে পারবে কি না? আর দখলে এলেও আমরা তাঁর বিরুদ্ধে কোনো ব্যবস্থা নিতে পারব কি না?","আমার এক আত্মীয় তাঁর তিন মাস বয়সী একমাত্র শিশুপুত্রকে রেজিস্ট্রি দলিলের মাধ্যমে আট বিঘা জমি হেবা বা দান করে দিয়েছিলেন। ছেলেটির বর্তমান বয়স আট বছর। বর্তমানে ওই আত্মীয়ের নিজের নামে আর কোনো জমি অবশিষ্ট নেই। এখন সাংসারিক টানাপোড়েনের কারণে তিনি সেই দান করা জমি বিক্রি করতে চাচ্ছেন এবং আমরা তা কিনে নিতে আগ্রহী। আমার প্রশ্ন হলো, নাবালক সন্তানকে দান করা সম্পত্তি কি পিতা পুনরায় বিক্রি করতে পারেন? আর আমরা যদি জমিটি কিনে নিই, তবে ছেলেটি প্রাপ্তবয়স্ক হয়ে ভবিষ্যতে এই জমির মালিকানা বা দখল দাবি করতে পারবে কি না? সে দাবি করলে ক্রেতা হিসেবে আমাদের আইনি সুরক্ষার কী উপায় থাকবে?",no,,
prot_0070_03,Iftiaq,172,"আমি কিছুদিন আগে অভিভাবকের অসম্মতিতে বিয়ে করেছি। বিয়ের আগে ছেলের পরিবারের সবার সম্মতি ছিল। আমার বাড়ির কেউ রাজি ছিল না। আমাকে অন্য জায়গায় বিয়ে দেওয়ার কথা চলছিল। এ জন্য আমরা পালিয়ে বিয়ে করেছিলাম। কিন্তু এখন আমার শ্বশুরবাড়ির কেউ আমাকে মেনে নিতে চাইছে না। শুনেছি, অন্য জায়গায় অনেক টাকা যৌতুক নিয়ে ছেলেকে বিয়ে দেবে। আমার শ্বশুরবাড়ির লোকেরা আমাকে অনেক হুমকি দিচ্ছে, যাতে আমি আমার স্বামীকে তালাক দিয়ে দিই। এখন আমি আমার বাবার বাড়িতে আছি। আমি তালাক দেব না, এ কথা তাদের জানিয়ে দিই। তারপর আমার শ্বশুরবাড়ির লোকেরা মিলে আমাকে আমার স্বামীর এক বন্ধুর বাসায় ডেকে নিয়ে যায়। সেখানে আমাকে আটকে অনেক মারধর করে এবং তালাকনামায় সই দিতে বলে। কিন্তু আমি সই করিনি। এরপর তারা আমাকে অনেক মারধর করে এবং একপর্যায়ে আমি জ্ঞান হারিয়ে ফেলি। জ্ঞান ফেরার পর আমার স্বামীর বন্ধু আমাকে গাড়িতে উঠিয়ে দেয়। এখন তারা বলছে, আমাকে তালাক দিয়ে দেবে। উকিল নাকি এমনভাবে মামলা সাজাবে যে আমি আইনের সহযোগিতা নিয়েও কিছুই করতে পারব না। এদিকে আমার বাবা-মা এ ব্যাপারে কোনো সাহায্য করছেন না। এখন আমি কী করতে পারি?নাম ও ঠিকানা প্রকাশে অনিচ্ছুক","পরিবারের অমতে গিয়ে সম্প্রতি আমি ভালোবেসে বিয়ে করেছি। বিয়ের আগে ছেলের বাড়ির লোক রাজি থাকলেও আমার পরিবার একেবারেই বিপক্ষে ছিল এবং আমাকে অন্য জায়গায় বিয়ে দেওয়ার তোড়জোড় করছিল। তাই আমরা বাধ্য হয়ে পালিয়ে বিয়ে করি। কিন্তু বিয়ের পর ছেলের পরিবারের সবাই উল্টো ঘুরে গিয়ে আমাকে অস্বীকার করছে, শুনছি তারা নাকি মোটা অঙ্কের যৌতুক নিয়ে ছেলেকে অন্যত্র বিয়ে করাবে। শ্বশুরবাড়ির লোকজন প্রতিনিয়ত চাপ দিচ্ছে যাতে আমি স্বামীকে ডিভোর্স দিই। বর্তমানে আমি বাপের বাড়িতে আছি এবং তালাক দিতে সরাসরি অস্বীকৃতি জানিয়েছি। এরপর তারা আমাকে স্বামীর এক বন্ধুর বাসায় ডেকে নিয়ে আটকে রেখে বেধড়ক মারধর করে এবং জোর করে ডিভোর্স পেপারে সই নিতে চায়। আমি রাজি না হওয়ায় এত মেরেছে যে আমি অজ্ঞান হয়ে যাই। পরে জ্ঞান ফিরলে স্বামীর বন্ধুই আমাকে গাড়িতে তুলে বাড়ি পাঠিয়ে দেয়। এখন তারা হুমকি দিচ্ছে স্বামী আমাকে তালাক দিয়ে দেবে এবং উকিল দিয়ে এমন মিথ্যা মামলা সাজাবে যাতে আইনের কোনো সাহায্য না পাই। আমার বাবা-মাও পাশে দাঁড়াচ্ছেন না। এই অসহায় অবস্থায় আমার কী করা উচিত?",no,,
prot_0071_05,Iftiaq,186,"২০০৮ সালে আমরা দুজন পরিবারের অনুমতি ছাড়া এফিডেভিট করে নোটারি পাবলিক কার্যালয়ের মাধ্যমে সরকারি কাজি দিয়ে রেজিস্ট্রির মাধ্যমে বিয়ে করি। আমি ও আমার স্ত্রী এখন স্নাতকোত্তর পর্যায়ে পড়ছি। চার মাস পর মেয়েপক্ষ বিয়ের ঘটনা জানলে আমাকে ডেকে নিয়ে প্রতিষ্ঠিত হওয়ার পরামর্শ দেয় এবং তারপর মেয়ের সঙ্গে দেখা করতে বলে। আমি অনেক কষ্টে রাজি হই। কিন্তু তার এক দিন পর অন্য কাজির কাছ থেকে দুজন সাক্ষীর স্বাক্ষর দিয়ে অপূর্ণ ডিভোর্স পেপার তুলে আনে। এর সাত-আট দিন পর আমার স্ত্রীকে শারীরিক ও মানসিক চাপ দিয়ে স্বাক্ষর নেয়। কিন্তু তখন থেকে আজ পর্যন্ত এক দিনের জন্যও আমাদের সম্পর্ক বিচ্ছিন্ন হয়নি। এমনকি শারীরিক সম্পর্কও আছে। মেয়ের বক্তব্য, তাকে জোর করে ডিভোর্স করানো হয়েছে। আমরা দুজন দুজনকে চাই। এখন মেয়েপক্ষ অন্যত্র বিয়ের জন্য আমার স্ত্রীকে শারীরিক ও মানসিকভাবে নির্যাতন করছে। এ অবস্থায় আমি কি আইনের আশ্রয় নিতে পারি? তা কীভাবে? আর ডিভোর্স বৈধ হলে পুনরায় বিয়ে করতে হিল্লা বিয়ের প্রয়োজন আছে কি না?উল্লেখ্য, আমাকে তালাক নোটিশ পাঠিয়েছে ২০০৮ সালে, অর্থাৎ তিন মাস পর। নোটিশে উল্লেখ ছিল, চেয়ারম্যানকেও এক কপি দেওয়া হয়েছে। কিন্তু চেয়ারম্যানের কার্যালয়ে খোঁজ নিয়ে দেখি, সেখানে কোনো নোটিশ আসেনি এবং চেয়ারম্যান বা অন্য মাধ্যমে কোনো সমঝোতা হয়নি।নাম প্রকাশে অনিচ্ছুক","২০০৮ সালে পারিবারিকভাবে না জানিয়ে আমরা নোটারি পাবলিকের মাধ্যমে এফিডেভিট করে এবং সরকারি কাজি দিয়ে রেজিস্ট্রি করে বিয়ে করি। আমরা দুজনেই এখন মাস্টার্সে পড়ছি। বিয়ের চার মাস পর মেয়ের পরিবার বিষয়টি জানতে পেরে আমাকে ডেকে বুঝিয়ে বলে যে আগে ক্যারিয়ার গড়ো, তারপর দেখা কোরো। আমি কষ্টেসৃষ্টে তা মেনে নিই। কিন্তু এর পরদিনই তারা অন্য এক কাজি অফিস থেকে ভুয়া তালাকের কাগজ তৈরি করে এবং সাত-আট দিন পর মেয়েকে মানসিক ও শারীরিকভাবে নির্যাতন করে জোরপূর্বক সই করিয়ে নেয়। অথচ এরপরও আজ অবধি আমাদের ভালোবাসার বা শারীরিক সম্পর্কের কোনো ছেদ পড়েনি। মেয়েটি স্পষ্ট বলছে তাকে জোর করে সই করানো হয়েছে এবং আমরা একসঙ্গেই থাকতে চাই। এখন মেয়ের পরিবার তাকে অন্য পাত্রের সাথে জোর করে বিয়ে দেওয়ার জন্য নির্যাতন চালাচ্ছে। এই অবস্থায় আমি কীভাবে আইনি পদক্ষেপ নিতে পারি? তাছাড়া জোরপূর্বক নেওয়া তালাক যদি আইনিভাবে কার্যকর ধরা হয়, তবে পুনরায় বিয়ে করতে কি হিল্লা বিয়ের কোনো শর্ত থাকবে? উল্লেখ্য, ২০০৮ সালে তিন মাস পর আমাকে তালাকের একটি নোটিশ পাঠানো হয় যেখানে চেয়ারম্যানকে অনুলিপি দেওয়ার কথা লেখা ছিল, অথচ চেয়ারম্যানের অফিসে খোঁজ নিয়ে দেখেছি সেখানে কোনো নোটিশ যায়নি এবং কোনো আপস বৈঠকও হয়নি।",no,,
prot_0073_02,Iftiaq,78,"আমার বড় বোন তাঁর এক ছেলে ও মেয়ে রেখে মারা যাওয়ার পর ওই বোনজামাইয়ের সঙ্গে আমার বিয়ে হয়। বর্তমানে আমারও এক ছেলে ও এক মেয়ে। আমার স্বামী গত বছর মারা যান। আমি যে বাড়িতে বসবাস করছি, তা আমার বড় বোনের নামে। এখন সেই বাড়ি কি শুধু আগের দুই ছেলেমেয়েই পাবে? না আমার পরের দুই সন্তানেরও অংশ আছে? আর যদি তারা অংশ পায়, তবে কীভাবে তা ভাগ হবে। আমার সব সন্তানের মধ্যেই যথেষ্ট সদ্ভাব এবং বোঝাপড়া আছে।নাম প্রকাশে অনিচ্ছুকপাবনা","আমার বড় বোন একটি ছেলে ও একটি মেয়ে রেখে মারা যাওয়ার পর সেই দুলাভাইয়ের সাথেই পারিবারিকভাবে আমার বিয়ে হয়। আমাদের সংসারেও এখন একটি ছেলে ও একটি মেয়ে রয়েছে। গত বছর আমার স্বামীও মারা যান। আমরা বর্তমানে যে ভিটেবাড়িতে বাস করছি সেটি মূলত আমার প্রয়াত বড় বোনের নামে কেনা ছিল। এখন আমার জানার বিষয় হলো, এই বাড়ির মালিকানা কি কেবল বড় বোনের আগের দুই ছেলেমেয়েই পাবে, নাকি আমার গর্ভের দুই সন্তানেরও এতে অধিকার রয়েছে? যদি আমার সন্তানরাও অংশ পায়, তবে সেই সম্পত্তি কীভাবে বণ্টন হবে? উল্লেখ্য, সন্তানদের নিজেদের মধ্যে খুব ভালো সম্পর্ক রয়েছে।",yes,,
prot_0077_01,Iftiaq,112,"আমি বিশ্ববিদ্যালয়ের শিক্ষার্থী। তিন বছর ধরে আমি একটি মেয়েকে ভালোবাসি। সেও আমাকে খুবই ভালোবাসে। সে এবার এসএসসি পরীক্ষা দিয়েছে। আমাদের সম্পর্কের কথা ওর পরিবারের সবাই জানে। জোরপূর্বক ওর বাবা-মা ওকে আট মাস আগে এক প্রবাসী ছেলের সঙ্গে মোবাইল ফোনের মাধ্যমে বিয়ে দেন। বিয়ের পর ছেলেটি বাংলাদেশে আসেনি। আমরা সিদ্ধান্ত নিয়েছি, ছেলেটি বাংলাদেশে আসার এক মাস আগে বিয়ে করে পালিয়ে যাব। ছেলেটি আগামী জানুয়ারি মাসে বাংলাদেশে আসবে। আমাদের পরিবারও আমাদের সম্পর্ক মেনে নেবে না। বিয়ে করতে কোনো আইনি বাধা আছে কি? হয়তো আপনি বলবেন যে মেয়ের বিয়ের বয়স হয়নি। তাহলে আমি বলব মেয়ের বিয়ের বয়স না হলে আট মাস আগে কীভাবে মেয়ের বাবা-মা মেয়েকে বিয়ে দিলেন? আমরা কীভাবে পরস্পরকে পাব, সেই পরামর্শ চাই","আমি একটি বিশ্ববিদ্যালয়ে পড়াশোনা করছি। বিগত তিন বছর ধরে একটি মেয়ের সাথে আমার গভীর প্রেমের সম্পর্ক। মেয়েটি এবার কেবল এসএসসি পরীক্ষা শেষ করেছে। আমাদের সম্পর্কের কথা ওর বাড়ির সবাই জানত, তবুও প্রায় আট মাস আগে ওর বাবা-মা জোর করে ফোনে এক প্রবাসীর সাথে ওর বিয়ে দিয়ে দেয়। সেই প্রবাসী ছেলে এখনো দেশে ফেরেনি। আমরা ঠিক করেছি ছেলেটি দেশে আসার এক মাস আগেই আমরা নিজেরা বিয়ে করে পালিয়ে যাব। ছেলেটি আগামী জানুয়ারিতে দেশে আসার কথা রয়েছে। আমাদের পরিবারও আমাদের এই সম্পর্ক কিছুতেই মানবে না। এখন আমাদের বিয়ে করতে কি কোনো আইনি জটিলতা হবে? যদি বলা হয় যে মেয়েটির বিয়ের বয়স হয়নি, তবে আট মাস আগে ওর পরিবার কীভাবে ফোনে বিয়ে দিল? আইনগতভাবে আমরা কীভাবে একসাথে হতে পারি, সে বিষয়ে পরামর্শ চাই।",no,,
prot_0077_08,Iftiaq,134,"এক ডেভেলপারের সঙ্গে মোহাম্মদপুরের আদাবর ১০ নম্বর রোডে আমার আট কাঠা জমির ওপর ফ্ল্যাট নির্মাণের চুক্তি হয়েছিল। চুক্তির শর্ত অনুযায়ী (২০০৬-২০০৯) ডিসেম্বর এই ৩৬ মাস সময় এবং প্রয়োজনে আরও ছয় মাস বাড়তি সময় অর্থাৎ ২০১০ সালের জুলাই মাসে আমার অংশের ফ্ল্যাট তাদের হস্তান্তরের কথা। কিন্তু এই তিন বছর চার মাস সময়ের মধ্যে তারা যতটুকু কাজ করেছে, তাতে আগামী দুই বছরেও নির্মাণকাজ সম্পন্ন হবে না। চুক্তিপত্রে উল্লেখ ছিল সময়মতো তারা ফ্ল্যাট হস্তান্তর করতে না পারলে আমরা উভয়পক্ষ আলোচনার মাধ্যমে যেকোনো সিদ্ধান্ত নেব। কিছুদিন আগে তারা তাদের আগের অফিসের ঠিকানা পাল্টিয়ে অন্যত্র চলে গেছে এবং আমি মোবাইল ফোনে যোগাযোগ করার চেষ্টা করেও ব্যর্থ হচ্ছি। আমার মনে হয়, আমি একটা প্রতারণার ফাঁদে পড়েছি। তারা বলেছিল, তারা নাকি রিহ্যাবের সদস্য। এ ব্যাপারে আমি রিহ্যাবের কাছ থেকে কোনো সহযোগিতা পেতে পারি কি না বা আইনগত কী ব্যবস্থা নিতে পারি?","একটি রিয়েল এস্টেট ডেভেলপার কোম্পানির সাথে ঢাকায় আমার আট কাঠা জমিতে বহুতল ভবন নির্মাণের চুক্তি হয়েছিল। চুক্তি মোতাবেক ২০০৬ থেকে ২০০৯ সালের ডিসেম্বর অর্থাৎ ৩৬ মাসের মধ্যে এবং প্রয়োজনে অতিরিক্ত ছয় মাস বাড়িয়ে ২০১০ সালের জুলাইয়ের মধ্যে আমার ভাগের ফ্ল্যাটগুলো বুঝিয়ে দেওয়ার কথা ছিল। কিন্তু গত তিন বছর চার মাসে তারা যেটুকু কাজ করেছে, তাতে আগামী দুই বছরেও কাজ শেষ হওয়ার কোনো লক্ষণ নেই। চুক্তিতে বলা ছিল সময়মতো ফ্ল্যাট দিতে না পারলে উভয় পক্ষ বসে সিদ্ধান্ত নেবে। কিন্তু সম্প্রতি তারা অফিসের ঠিকানা বদলে অন্য কোথাও চলে গেছে এবং ফোনেও তাদের সাথে কোনো যোগাযোগ করা যাচ্ছে না। মনে হচ্ছে প্রতারকের খপ্পরে পড়েছি। তারা দাবি করেছিল যে তারা রিহ্যাবের মেম্বার। এখন রিহ্যাবের মাধ্যমে আমি কি কোনো প্রতিকার পেতে পারি, নাকি সরাসরি আদালতে আইনি মামলা করতে হবে?",yes,,
prot_0080_02,Iftiaq,73,আমি একটি মেয়েকে ভালোবাসি। মেয়েটি ভারতীয় নাগরিক। তাঁর বাবা-মা দুজনই ভারতীয় নাগরিক। কিন্তু মেয়েটির দাদা-দাদি ও নানা-নানি বাংলাদেশি। আমি মেয়েটিকে বিয়ে করে বাংলাদেশে আনতে চাই। সেও বাংলাদেশের নাগরিকত্ব দিতে চায়। এ ক্ষেত্রে আমাদের দুজনের করণীয় কী? বিয়েটা সামাজিক (হিন্দুপ্রথা) নিয়মানুসারে করতে পারব নাকি কোর্ট ম্যারেজ করতে হবে? নাগরিকত্বের জন্য বাংলাদেশে কোথায় যোগাযোগ করতে হবে? কীভাবে যোগাযোগ করতে হবে? কত দিন সময় লাগবে এবং কত টাকা খরচ হতে পারে? নাম ও ঠিকানা প্রকাশে অনিচ্ছুক,"আমি ভারতীয় নাগরিক এক তরুণীকে ভালোবাসি, যার বাবা-মাও ভারতীয় নাগরিক। তবে মেয়েটির দাদা-দাদি এবং নানা-নানি জন্মসূত্রে বাংলাদেশি ছিলেন। আমি তাকে বিয়ে করে বাংলাদেশে স্থায়ীভাবে নিয়ে আসতে আগ্রহী এবং সেও এদেশের নাগরিকত্ব নিতে চায়। এ ব্যাপারে আমাদের কী কী নিয়ম মানতে হবে? হিন্দু ধর্মীয় রীতিতে সামাজিকভাবে বিয়ে করলেই হবে নাকি কোর্টে বিশেষ বিয়ে করতে হবে? আর বিয়ের পর বাংলাদেশের নাগরিকত্বের আবেদন কোথায় এবং কীভাবে করতে হয়, এতে আনুমানিক কেমন সময় ও খরচ লাগবে?",no,,
prot_0084_04,Iftiaq,215,"আড়াই বছর আগে পারিবারিকভাবে আমার বিয়ে হয়। বিয়ের পর থেকেই আমার স্বামী আমাকে শারীরিক ও মানসিকভাবে নির্যাতন করত। নির্যাতন সইতে না পেরে ছয় মাসের অন্তঃসত্ত্বা অবস্থায় আমি আমার মায়ের কাছে চলে আসি এবং থানায় একটি জিডি করি। এর তিন মাস পর আমার একটি কন্যাসন্তান জন্ম নেয়। আমার স্বামী আমার এবং আমার বাচ্চার কোনো খোঁজখবর নিত না এবং কোনো খরচ দিত না। আমার মেয়ের যখন পাঁচ মাস বয়স, তখন পারিবারিক আদালতে একটি দেনমোহর আদায় ও ভরণপোষণের মামলা করি। এর কিছু দিন পর স্বামীর দেওয়া একটি তালাকের নোটিশ পাই। মামলার শুনানির সময় আমার মেয়ের বিয়ের আগ পর্যন্ত খরচ দাবি করে একটি আবেদন আরজির সঙ্গে সংযুক্ত করি। কিন্তু আমার স্বামী এই আবেদনের ওপর আপত্তি জানিয়ে বলে যে বাচ্চার ডিএনএ পরীক্ষা করা হোক। ডিএনএ পরীক্ষার ব্যাপারে আমার কোনো আপত্তি নেই। কারণ, আমার বাচ্চার জন্মের ব্যাপারে আমার কোনোই সন্দেহ নেই। আমি শুনেছি, ডিএনএ পরীক্ষা করতে অনেক টাকা লাগে। কিন্তু এখন আমার প্রশ্ন হলো, ডিএনএ পরীক্ষার খরচ কি আমাকেই বহন করতে হবে? আমি আমার সন্তান নিয়ে অনেক কষ্টে দিন যাপন করছি। আমি কী করে এই খরচ বহন করব? দ্বিতীয় প্রশ্ন হলো, আমার স্বামী কর্তৃক দেওয়া তালাকের নোটিশে বিয়ের সঠিক তারিখ ১৩-০৭-২০০৭ দেওয়া থাকলেও তালাক প্রদানের তারিখ ১৬-০৫-২০০৭ তারিখ দেওয়া আছে, যা বিয়েরও তিন মাস আগের তারিখ। আমার কাছে আমার কাবিননামা রয়েছে। এ ক্ষেত্রে এই তালাক কি কার্যকর হয়েছে? নাম প্রকাশে অনিচ্ছুক","প্রায় আড়াই বছর পূর্বে পরিবারের সম্মতিতে আমার বিয়ে হয়। তবে বিয়ের পর থেকেই স্বামী আমার ওপর অকথ্য শারীরিক ও মানসিক অত্যাচার চালাতে থাকে। সহ্য করতে না পেরে ছয় মাসের গর্ভবতী থাকা অবস্থায় বাপের বাড়ি চলে আসি এবং থানায় একটা জিডি করি। তিন মাস বাদেই আমার একটি কন্যাসন্তানের জন্ম হয়। স্বামী আমাদের কোনো খোঁজখবর নিত না এবং ভরণপোষণের কোনো টাকাও দিত না। মেয়ের বয়স যখন পাঁচ মাস, তখন বাধ্য হয়ে পারিবারিক আদালতে দেনমোহর ও ভরণপোষণের মামলা দায়ের করি। মামলার পরই স্বামী একটি তালাকের নোটিশ পাঠায়। শুনানির সময় মেয়ের বিয়ে না হওয়া পর্যন্ত খরচের আবেদন জানালে স্বামী তাতে আপত্তি তোলে এবং বাচ্চার পিতৃপরিচয় নিয়ে প্রশ্ন তুলে ডিএনএ টেস্টের দাবি করে। টেস্ট করাতে আমার কোনো দ্বিধা নেই, কারণ আমি সম্পূর্ণ নির্দোষ। কিন্তু শুনেছি এই টেস্টে অনেক খরচ হয়; সেই বিপুল টাকা কি আমাকেই দিতে হবে? সন্তান নিয়ে একাই অতি কষ্টে দিনাতিপাত করছি, এই খরচ জোগাব কীভাবে? আরেকটি বিষয়, স্বামীর পাঠানো তালাকের নোটিশে বিয়ের তারিখ সঠিক (১৩-০৭-২০০৭) লেখা হলেও তালাকের তারিখ লেখা হয়েছে ১৬-০৫-২০০৭, যা বিয়েরও তিন মাস আগের তারিখ! কাবিননামা আমার কাছেই আছে। ভুল তারিখে পাঠানো এমন তালাক কি আইনত কার্যকর হবে?",no,,
prot_0086_01,Iftiaq,58,"আমার বড় বোনের বিয়ে হয় ১৯৯৭ সালে। দুলাভাই প্রাথমিক বিদ্যালয়ের সহকারী শিক্ষক ছিলেন। তাঁদের সংসারে বাবা, তিন বোন, দুই ভাই। বোনদের বিয়ে হয়ে গেছে। দুই ভাইয়ের মধ্যে দুলাভাই ছোট। বড় ভাইয়ের সংসারে এক ছেলে ও দুই মেয়ে। দুলাভাইয়ের দুই ছেলে। গত বছর হূদরোগে মারা যান দুলাভাই।আমার প্রশ্ন, হিন্দু আইন অনুযায়ী, ভাগ্নেরা তাদের ঠাকুরদাদার সম্পত্তির উত্তরাধিকারী হবে কি না?","১৯৯৭ সালে আমার বড় বোনের বিয়ে হয়েছিল। দুলাভাই একটি সরকারি প্রাথমিক বিদ্যালয়ের সহকারী শিক্ষক ছিলেন। তাঁর পরিবারে শ্বশুর, তিন বোন ও দুই ভাই ছিলেন। বোনদের বিয়ে হয়ে গেছে এবং দুই ভাইয়ের মধ্যে দুলাভাই ছোট ছিলেন। বড় ভাইয়ের এক ছেলে ও দুই মেয়ে আছে, আর আমার বোনের দুই ছেলে। গত বছর হার্ট অ্যাটাকে দুলাভাই মারা গেছেন। আমার জানার বিষয় হলো, প্রচলিত হিন্দু আইন অনুযায়ী আমার বোনের ছেলেরা কি তাদের দাদার পৈতৃক সম্পত্তির ওয়ারিশ হবে?",no,,
prot_0092_01,Iftiaq,129,"আমরা দুই বোন। আমাদের কোনো ভাই নেই। চাচারা বাবাকে বলেছিলেন যে মেয়ে থাকলে সম্পত্তি আলাদা করা যাবে না। আমি বাবাকে বলেছি, জমি আলাদা করতে আইনের আশ্রয় নেন। কিন্তু বাবা নেননি, নেবেও না। আমাদের বলে দিয়েছেন যে তাঁর ভাইদের বিরুদ্ধে কিছু কাউকে বলবেন না। এক চাচা বাবার কাছ থেকে আড়াই লাখ টাকা ধার নিয়ে এখন কিছু টাকা ফেরত দিয়ে বাকি টাকাও আর দিতে চান না। বাবার ছোট দুই ভাই বাবার জমির দলিল ব্যাংকে রেখে ঋণ নিয়ে গ্রামে দোতলা বাড়ি করেছেন। এখন বাবাকে দলিলও দিচ্ছেন না। এসব কি সত্যিই এভাবে চলবে?আমরা দুই মেয়ে হওয়ার কারণে বাবা কোনো প্রতিবাদ করার সাহস পান না। সত্যিই কি মেয়ে হওয়ার কারণে নিজেদের প্রাপ্যটুকুও পাব না?চাচারা বাবাকে প্রাপ্য টাকা, জমির দলিল দিচ্ছেন না। এসব ন্যায্য অধিকার পাওয়ার জন্য কীভাবে আইনের আশ্রয় নিতে পারি? নাম প্রকাশে অনিচ্ছুক","আমরা পরিবারে কেবল দুই বোন, আমাদের কোনো ভাই নেই। চাচারা বাবাকে ভুল বুঝিয়েছেন যে ছেলেসন্তান না থাকলে নাকি সম্পত্তি বাটোয়ারা করা যায় না। বাবাকে অনেক বলেছি আইনি ব্যবস্থা নিয়ে জমি আলাদা করতে, কিন্তু তিনি ভাইদের ভয়ে কোনো পদক্ষেপ নেন না এবং কাউকে কিছু বলতেও নিষেধ করেন। এক চাচা বাবার থেকে আড়াই লাখ টাকা ধার নিয়ে কিছু ফেরত দিয়ে বাকিটা আর দিচ্ছেন না। আবার বাবার দুই ছোট ভাই বাবার অংশের জমির দলিল ব্যাংকে বন্ধক রেখে ঋণ নিয়ে গ্রামে পাকা দোতলা বাড়ি তুলেছেন, এখন দলিলও বাবাকে ফেরত দিচ্ছেন না। আমাদের শুধু মেয়ে দেখে বাবা কোনো অন্যায়ের প্রতিবাদ করার সাহস পাচ্ছেন না। কন্যা সন্তান হওয়ার কারণে কি আমরা বাবার ন্যায্য সম্পত্তি থেকে বঞ্চিত হব? চাচারা যে ধারের টাকা ও মূল দলিল আটকে রেখেছেন, এসব প্রতিকার পেতে আমরা কীভাবে আদালতে যেতে পারি?",no,,
prot_0098_01,Iftiaq,40,"আমার দাদা মারা গেছেন অনেক আগে। দাদিও মারা গেলেন কিছুদিন আগে। আমার বাবা দাদির আগে মারা যান। দাদির নামে ছয় বিঘা জমি আছে। তাঁর পাঁচ ছেলে, তিন মেয়ে। নাতি হিসেবে আমি কি দাদির সম্পত্তির ভাগ আমার চাচাদের সমান পাব? মেহেদী",দাদা অনেক আগেই মারা গিয়েছিলেন এবং কিছুদিন আগে আমার দাদিও মারা যান। দাদি মারা যাওয়ার আগেই আমার বাবা মারা গিয়েছিলেন। দাদির নিজস্ব ছয় বিঘা জমি ছিল এবং তাঁর পাঁচ ছেলে ও তিন মেয়ে সন্তান রয়েছেন। এতিম নাতি হিসেবে আমি কি আমার প্রয়াত বাবার অংশ বা চাচাদের সমান ভাগ দাদির সম্পত্তি থেকে পাব?,yes,,
prot_0102_03,Iftiaq,40,কিন্তু আমার স্ত্রী তালাকনামা গ্রহণ করতে অস্বীকৃতি জানালে এটি ফেরত আসে। সে জানায় যে সে এটি গ্রহণ করবে না। এবং সে আমাকে স্বামী হিসেবে মানে। আর আমিও তাকে গ্রহণ করতে চাই। এ অবস্থায় আমি কি তাকে স্বাভাবিকভাবে গ্রহণ করলেই হবে?,"স্ত্রীকে যে ডিভোর্স নোটিশ পাঠিয়েছিলাম, সে তা গ্রহণ করতে অস্বীকৃতি জানিয়ে ফেরত পাঠিয়েছে। সে জানিয়েছে সে তালাক মানবে না এবং আমাকেই নিজের স্বামী মনে করে। এদিকে আমিও তাকে আবার সংসারে ফিরিয়ে নিতে আগ্রহী। এমতাবস্থায় কোনো আইনি ঝামেলা ছাড়াই কি আমি তাকে আবার স্ত্রী হিসেবে সাধারণভাবে গ্রহণ করতে পারি?",no,,
prot_0106_03,Iftiaq,54,"এখানে বিক্রির বায়না দলিলটি না দেখে কিছু বলা যাচ্ছে না। তবে বিষয়টি হাউস বিল্ডিং কর্তৃপক্ষের সঙ্গে যোগাযোগ করে প্রকৃত তথ্য বের করার চেষ্টা করেন। আর আপনার বাবার করা বিক্রি দলিলটি কতটা আইনসম্মত তা যাচাই করতে হবে। যদি বিক্রিটি আইনসম্মত না হয়ে থাকে, তাহলে দেওয়ানি আদালতের আশ্রয় নেওয়া যেতে পারে।স্বামীর নির্যাতন থেকে বোনকে বাঁচাব কীভাবে?",আমার বোন স্বামীর নির্যাতনের শিকার। স্বামীর এই নির্যাতন থেকে তাকে বাঁচাতে আমরা কী আইনি ব্যবস্থা নিতে পারি?,no,মূল প্রশ্নে সংবাদপত্রের আইনি পরামর্শের খণ্ডাংশ যুক্ত ছিল; মূল নাগরিক প্রশ্নটি ('স্বামীর নির্যাতন থেকে বোনকে বাঁচাব কীভাবে?') রেখে প্যারাফ্রেজ করা হয়েছে।,
prot_0109_03,Iftiaq,54,চুরির অভিযোগে মিথ্যা মামলা করা হয়ে থাকলে আদালতেই তা প্রমাণ করতে হবে। তবে মিথ্যা মামলার অভিযোগে দণ্ডবিধি আইন অনুযায়ী প্রতিকার চাইতে পারেন। মেয়েটির স্বামী প্রথম স্ত্রীর অনুমতি না নিয়ে দ্বিতীয় বিয়ে করলে ১৯৬১ সালের মুসলিম পারিবারিক আইন অনুযায়ী মামলা করার সুযোগ আছে। এ আইন অনুযায়ী শাস্তিরও বিধান আছে।প্রাপ্য দাবি আদায়ে কী পদক্ষেপ নিতে পারি?,"আমার যে পাওনা বা প্রাপ্য দাবি আছে, সেটা আদায় করতে আমি কী পদক্ষেপ নিতে পারি?",no,মূল প্রশ্নে পূর্ববর্তী আইনি উত্তরের অংশ যুক্ত ছিল; নাগরিকের মূল প্রশ্নটি ('প্রাপ্য দাবি আদায়ে কী পদক্ষেপ নিতে পারি?') কেন্দ্র করে প্যারাফ্রেজ করা হয়েছে।,
prot_0111_06,Iftiaq,17,"বহির্ভূত ঝুঁকিপূর্ণ ভবন তৈরি করার জন্য রাজউক, রিহ্যাব কিংবা স্থানীয় থানায় আমার জন্য কি কোনো আইন নেই?","নিয়ম না মেনে ঝুঁকিপূর্ণ ভবন নির্মাণের বিরুদ্ধে সাধারণ নাগরিক হিসেবে রাজউক, রিহ্যাব কিংবা থানায় অভিযোগ করার কি কোনো আইনি ব্যবস্থা নেই?",no,,
prot_0113_02,Iftiaq,18,"একজন ভুক্তভোগী হিসেবে যদি এসব হাসপাতাল ও চিকিৎসকের বিরুদ্ধে আইনি ব্যবস্থা নিতে চাই, তাহলে কোন আইনে নিতে পারব?","চিকিৎসায় অবহেলার শিকার রোগী হিসেবে আমি যদি সংশ্লিষ্ট হাসপাতাল ও চিকিৎসকের বিরুদ্ধে প্রতিকার চেয়ে মামলা করতে চাই, তবে কোন আইনের আওতায় ব্যবস্থা নেওয়া যাবে?",no,,
prot_0114_04,Iftiaq,82,"এই আইনের ৯ নম্বর ধারা অনুসারে, অঙ্গ-প্রত্যঙ্গ ক্রয়-বিক্রয়, গ্রহণ, বিজ্ঞাপন বা প্রচারণা সম্পূর্ণ নিষিদ্ধ। কোনো ব্যক্তি এই আইন ভঙ্গ করলে তার সর্বোচ্চ সাত বছর এবং সর্বনিম্ন তিন বছর পর্যন্ত সশ্রম কারাদণ্ড হতে পারে অথবা অন্যূন তিন লাখ টাকা পর্যন্ত জরিমানা বা উভয় দণ্ড হতে পারে। এখানে উল্লেখ্য, ফৌজদারি কার্যবিধি অনুসারে এ অপরাধের বিচারপ্রক্রিয়া সম্পন্ন হবে। সুতরাং এটি স্পষ্ট যে কিডনি বা যেকোনো অঙ্গ-প্রত্যঙ্গ ক্রয়-বিক্রয় সম্পূর্ণ বেআইনি ও শাস্তিযোগ্য অপরাধ।কাজী জাহেদ ইকবাল, আইনজীবী, বাংলাদেশ সুপ্রিম কোর্ট অযথা মামলা বিলম্ব করার বিরুদ্ধে প্রতিকার কী?",অকারণে আমার মামলার কাজ পিছিয়ে দেওয়া হচ্ছে। এই বিলম্ব বন্ধ করে দ্রুত নিষ্পত্তি চাইতে আমি কী আইনি প্রতিকার নিতে পারি?,yes,মূল প্রশ্নে পূর্ববর্তী আইনি উত্তরের অংশ ও আইনজীবীর নাম যুক্ত ছিল; মূল নাগরিক প্রশ্নটি ('অযথা মামলা বিলম্ব করার বিরুদ্ধে প্রতিকার কী?') রেখে প্যারাফ্রেজ করা হয়েছে।,
prot_0119_03,Iftiaq,42,সন্তান হওয়ার পর আমরা শুনতে পারলাম যে আমাদের বাবা বিবাহ করেছেন। এ অবস্থায় গত ১৬ এপ্রিল আমার বাবা মারা যান। বাবা বেঁচে থাকতে এ ব্যাপারে কোনো সিদ্ধান্ত দেননি। এখন তৃতীয় স্ত্রী অধিকার আদায়ের জন্য আমাদের হুমকি-ধমকি দিচ্ছেন। এ ব্যাপারে আমাদের করণীয় কী?,আমাদের জন্মের পর জানতে পারি যে বাবা গোপনে আরেকটি বিয়ে করেছিলেন। এই পরিস্থিতিতে গত ১৬ এপ্রিল বাবা ইন্তেকাল করেন এবং বেঁচে থাকতে এ ব্যাপারে কোনো ফয়সালা দিয়ে যাননি। এখন সেই তৃতীয় স্ত্রী সম্পত্তির হিস্যা দাবি করে আমাদের হুমকি-ধমকি দিচ্ছে। এমতাবস্থায় আমাদের কী করা উচিত?,no,,
prot_0128_05,Iftiaq,116,"আমার বাবা জীবিত থাকাকালে মাকে ৩০ শতাংশ জমি একটি স্ট্যাম্পে লিখে দান করে দিয়ে যান। আমরা দুই ভাই ও তিন বোন। বাবার মৃত্যুর পর আমার অন্য ভাই মাকে দেখাশোনা করেন না। মা আমাকে মায়ের ৩০ শতাংশ জমি মৃত্যুর আগে দলিল করে দান করে দিয়ে যান। আমি এ সম্পত্তিতে দখল নিই সঙ্গে সঙ্গে। হস্তান্তর করার পরপরই মা যখন জীবিত ছিলেন মাকে নিয়ে রেজিস্ট্রি করার সময় দলিল লেখক বাবার অন্যান্য সম্পত্তির দাগ নম্বর ভুল করেছেন, যার মধ্যে মায়ের আগে প্রাপ্ত দলিলে উল্লিখিত জমির দাগ নম্বরটির উল্লেখ নেই। আমি এখন এ জমি নিয়ে খুব দুশ্চিন্তায় আছি। আমার ভাই ও বোনেরা বলছে এ সম্পত্তি তারাও নাকি পাবে।উল্লেখ্য, এ জমি আমার দখলেই আছে। এখন আমি কীভাবে আমার দলিলটি সংশোধন করতে পারি?","বাবা জীবিত থাকতে নন-জুডিশিয়াল স্ট্যাম্পে লিখে মাকে ৩০ শতক জমি দান করেছিলেন। আমরা পরিবারে দুই ভাই ও তিন বোন। বাবার মৃত্যুর পর আমার অন্য ভাই মায়ের কোনো ভরণপোষণ বা দেখভাল করেনি। তাই মা তাঁর মৃত্যুর আগে রেজিস্ট্রি দলিলের মাধ্যমে ওই ৩০ শতক জমি আমাকে দান করে দেন এবং আমি সাথে সাথে জমিতে দখল গ্রহণ করি। কিন্তু রেজিস্ট্রি করার সময় দলিল লেখক ভুলবশত বাবার অন্যান্য সম্পত্তির দাগ নম্বর বসিয়ে দেন, ফলে স্ট্যাম্পে পাওয়া মায়ের মূল দাগ নম্বরটি দলিলে বাদ পড়ে যায়। জমিটি সম্পূর্ণ আমার দখলে থাকলেও এখন ভাইবোনেরা দাবি করছে ওরাও এতে ভাগ পাবে। আমি এখন কীভাবে ভুল দাগযুক্ত দলিলটি আইনিভাবে সংশোধন (ভ্রম সংশোধন) করতে পারি?",no,,
prot_0137_02,Iftiaq,80,"আমার কাকি নিঃসন্তান অবস্থায় ২০০৩ সালে মৃত্যুবরণ করেন। হিন্দু শাস্ত্রমতে কাকির মুখাগ্নি করি আমি। মৃত্যুর আগে তিনি তাঁর নিজের নামে ক্রয় করা জমি রেখে যান। আমার কাকা বর্তমানে জীবিত। উত্তরাধিকার সূত্রে বর্তমানে এই জমির মালিক কাকা। কিন্তু কাকার মৃত্যুর পর এই সম্পত্তির মালিক কে হবে? উল্লেখ্য, কাকির শুধু এক ভাতিজা (ভাইয়ের ছেলে) জীবিত। আর কাকার দিকে কাকার ভাতিজা (ভাইয়ের ছেলে) একমাত্র আমি জীবিত। কাকার মৃত্যুর পর এই সম্পত্তির বৈধ উত্তরাধিকারী কে হবে? কাকার ভাতিজা নাকি কাকির ভাতিজা? নাম প্রকাশে অনিচ্ছুক","২০০৩ সালে আমার কাকি কোনো সন্তান না রেখে মারা যান। সনাতন ধর্মীয় শাস্ত্র অনুযায়ী আমিই কাকির মুখাগ্নি করেছিলাম। তিনি নিজের নামে কেনা কিছু স্থাবর সম্পত্তি রেখে গিয়েছিলেন। কাকা এখনো বেঁচে আছেন এবং তিনিই এখন সেই জমির ভোগদখলে আছেন। কিন্তু কাকা মারা যাওয়ার পর এই সম্পত্তির আসল মালিক কে হবে? কাকিমার পক্ষের ওয়ারিশ হিসেবে কেবল তাঁর ভাইয়ের এক ছেলে জীবিত আছেন, আর কাকার পক্ষে একমাত্র ভাতিজা হিসেবে আমি নিজে জীবিত আছি। কাকার মৃত্যুর পর কাকিমার স্বোপার্জিত সম্পত্তির উত্তরাধিকারী কে হবেন—কাকার ভাতিজা হিসেবে আমি নাকি কাকিমার নিজের ভাইপো?",no,,
ajke_0145_01,Iftiaq,48,"প্রশ্ন: বিয়ের পর থেকে আমি নানা জুলুমের শিকার। বলতে গেলে, সব ধরনের জুলুম হয়েছে ১৪ বছর ধরে। আমাদের ৮ বছরের একটি সন্তান আছে। ইশারা-ইঙ্গিতে সাহায্য চায়। অর্থাৎ যৌতুক। সেটা পায় না বলে নানা কারণে রাগ প্রকাশ করে এবং চাপ দেয়। এর থেকে রক্ষা পেতে আমি কী করতে পারি?",বিয়ের পর থেকেই গত ১৪ বছর ধরে আমি সব ধরণের পারিবারিক নির্যাতন সহ্য করে আসছি। আমাদের আট বছর বয়সী একটি সন্তানও আছে। স্বামী ও তাঁর বাড়ির লোক আকার-ইঙ্গিতে বাপের বাড়ি থেকে আর্থিক সাহায্য অর্থাৎ যৌতুকের টাকা দাবি করে। সেই দাবি পূরণ না করলেই সংসারে ক্ষোভ ঝাড়ে এবং নানান মানসিক ও শারীরিক চাপ দেয়। এই অবিরত নির্যাতন থেকে বাঁচতে আমি কী ধরণের আইনি সহায়তা পেতে পারি?,no,,
ajke_0155_01,Iftiaq,87,"আমার ছবি ও নাম ব্যবহার করে ফেসবুকে কেউ একজন ভুয়া অ্যাকাউন্ট খুলেছে। আমার পরিচিত সবাইকে ফ্রেন্ডস রিকোয়েস্ট পাঠাচ্ছে। সবাই আমাকে ভেবে অ্যাকসেপ্ট করছে। সবার কাছে আমার নামে খারাপ খারাপ কথা বলছে এবং টাকা ধার চাচ্ছে। আমার কয়েক বন্ধু অ্যাকাউন্টে যোগাযোগের চেষ্টা করলে তাদেরও অনেক বাজে কথা বলছে। আমার কাছের মানুষদের টেক্সট করে খারাপ কথা বলছে। এখন আমার কী করা উচিত? এই নিয়ে তৃতীয়বারের মতো এমন হলো। আমি প্রতিবার কিছু না কিছু করে আইডিটা বন্ধ করাই, আবার খুলে ফেলে। আমি এবার আইনের আশ্রয় নিতে চাচ্ছি। কীভাবে কী করব?","ফেসবুকে আমার আসল নাম ও ছবি ব্যবহার করে কে বা কারা একটি ফেক প্রোফাইল খুলেছে। আমার আত্মীয়স্বজন ও পরিচিত সবাইকে ফ্রেন্ড রিকোয়েস্ট পাঠাচ্ছে এবং সবাই আমাকে ভেবে যুক্তও হচ্ছে। এরপর সেখানে আমার নামে নোংরা কথা ছড়াচ্ছে এবং বিভিন্ন লোকের কাছে টাকা ধার চাইছে। আমার বন্ধুরা কথা বলতে গেলে তাদের সাথেও অশ্রাব্য ভাষায় গালিগালাজ করছে। এই নিয়ে টানা তিনবার এমন ঘটনা ঘটল। প্রতিবার রিপোর্ট করে আইডি বন্ধ করি, আবার নতুন করে খোলে। এবার আমি সরাসরি পুলিশের বা আইনের সাহায্য নিতে চাই; এর জন্য কোথায় এবং কীভাবে অভিযোগ করব?",no,,
ajke_0164_01,Iftiaq,42,মারা যাওয়ার আগে আমাদের দুই বোনের নামে পেনশন নমিনি লিখে দিয়েছিলেন বাবা। আইন অনুযায়ী সন্তানদের পেনশন ১৫ বছর পর্যন্ত দেওয়া হয়। কিন্তু সন্তানদের বিবাহ হলে পেনশন পাওয়ার অধিকার থাকে না। দুই বোনের বিবাহ হয়ে গেলে কি পেনশন মায়ের নামে ট্রান্সফার করা যাবে?,"বাবা মারা যাওয়ার পূর্বে তাঁর পেনশনের নমিনি হিসেবে আমাদের দুই বোনের নাম দিয়ে গিয়েছিলেন। সরকারি নিয়মানুযায়ী সন্তানরা ১৫ বছর পর্যন্ত পেনশন পায়, কিন্তু মেয়েদের বিয়ে হয়ে গেলে সেই সুবিধা বন্ধ হয়ে যায়। আমাদের দুই বোনের বিয়ে হয়ে যাওয়ার পর এই পেনশনের সুবিধা কি আমাদের জীবিত মায়ের নামে স্থানান্তর করা সম্ভব?",no,,
ajke_0175_01,Iftiaq,66,"প্রশ্ন: আমি একজন মুসলিম নারী। আমার একটি ছেলেসন্তান রয়েছে। আমার স্বামী বিয়ের পর দেশের বাইরে কাজ করতে যান। গত বছর তিনি সেখানে স্ট্রোকে মারা যান। তিনি মারা যাওয়ার পর থেকে আমি আমার সন্তানকে নিয়ে ভাইয়ের বাসায় থাকি। কারণ, স্বামীর মৃত্যুর পর আমার শ্বশুরবাড়ির লোকেরা আমার সঙ্গে যোগাযোগ রাখেননি। এমনকি আমাদের খোঁজখবরও নেননি। আমার জানার বিষয় হলো, স্বামী মারা যাওয়ার পর স্ত্রী আর সন্তানের সম্পত্তির অধিকার কতটুকু?","আমি এক মুসলিম গৃহবধূ এবং আমাদের একটি পুত্রসন্তান আছে। বিয়ের কিছুদিন পরেই স্বামী জীবিকার তাগিদে বিদেশে চলে গিয়েছিলেন এবং গত বছর সেখানে স্ট্রোকে আক্রান্ত হয়ে মারা যান। তাঁর মৃত্যুর পর শ্বশুরবাড়ির লোকজন আমাদের সাথে সব সম্পর্ক ছিন্ন করেছে এবং কোনো খোঁজখবর নেয় না, ফলে সন্তানকে নিয়ে ভাইয়ের বাসায় আশ্রয় নিয়েছি। এখন স্বামীর রেখে যাওয়া স্থাবর-অস্থাবর সম্পত্তিতে স্ত্রী ও সন্তানের আইনি অধিকার কতটুকু?",no,,
ajke_0187_01,Iftiaq,92,প্রশ্ন: আমার বয়স ২৩ বছর। ঢাকা বিশ্ববিদ্যালয় থেকে স্নাতক শেষ করে একটি বেসরকারি প্রতিষ্ঠানে শিক্ষানবিশ হিসেবে কাজ করছি মাসখানেক ধরে। কর্মস্থলে এক সিনিয়র ফেসবুক মেসেঞ্জারে বিরক্ত করে যাচ্ছেন। তিনি বিবাহিত। শুনতে না চাইলেও তাঁর পারিবারিক অশান্তির কথা আমাকে মেসেঞ্জারে লিখতেই থাকেন। স্ত্রীর সঙ্গে তাঁর শারীরিক কোনো সম্পর্ক নেই—এ ধরনের কথাও তিনি বলেন এবং কর্মস্থলের বাইরে আমার সঙ্গে দেখা করতে চান। সম্মতি না দেওয়ায় আকারে-ইঙ্গিতে নানান হুমকি দিচ্ছেন। যার মধ্যে অন্যতম হলো শিক্ষানবিশ পদ থেকে আমাকে সরিয়ে দেওয়া। তবে কর্মস্থলে তিনি আমাকে কখনো কিছু বলেন না। তাঁর বিরুদ্ধে কোন ধরনের ব্যবস্থা নিতে পারি?,"আমার বয়স ২৩ বছর। একটি বিশ্ববিদ্যালয় থেকে পড়াশোনা শেষ করে মাসখানেক আগে একটি বেসরকারি প্রতিষ্ঠানে ইন্টার্ন হিসেবে কাজ শুরু করেছি। অফিসের এক বিবাহিত সিনিয়র সহকর্মী ফেসবুক মেসেঞ্জারে প্রতিনিয়ত আমাকে যৌন হয়রানি ও বিরক্ত করছেন। আমি আগ্রহ না দেখালেও তিনি তাঁর দাম্পত্য কলহের কথা, স্ত্রীর সাথে শারীরিক সম্পর্ক না থাকার কথা লিখে পাঠান এবং অফিসের বাইরে একান্তে দেখা করার চাপ দেন। রাজি না হওয়ায় আকারে-ইঙ্গিতে ইন্টার্নশিপ বাতিল করে দেওয়ার হুমকি দিচ্ছেন, যদিও অফিসে সামনাসামনি কিছু বলেন না। তাঁর এই অনৈতিক আচরণের বিরুদ্ধে আমি কর্মক্ষেত্রে বা আইনে কী ব্যবস্থা নিতে পারি?",yes,,
ajke_0191_01,Iftiaq,57,"প্রশ্ন: আমরা চার বোন। কোনো ভাই নেই। কিছুদিন আগে বাবা মারা গেছেন। বাবা মারা যাওয়ার পরপরই চাচাতো ভাইয়েরা সম্পত্তি নিয়ে নানা রকম ঝামেলা বাধানোর চেষ্টা করছে। তারা বলছে, ভাই নেই বলে মা এবং আমরা বাবার সম্পত্তির কোনো অংশই পাব না। এটা কি সত্যি? যদি না হয়, তাহলে এই মুহূর্তে বাবার সম্পত্তি বুঝে নিতে আমরা কী করতে পারি?","আমাদের পরিবারে চার বোন, কোনো ভাই নেই। সম্প্রতি আমাদের বাবা ইন্তেকাল করেছেন। বাবা মারা যেতেই চাচাতো ভাইয়েরা সম্পত্তি নিয়ে নানা অশান্তি শুরু করেছে। তাদের দাবি, আমাদের ভাই না থাকায় নাকি মা কিংবা আমরা চার বোন বাবার সম্পত্তির কিছুই পাব না। তাদের এই দাবি কি শরিয়ত বা আইনসম্মত? যদি তা না হয়, তবে বাবার বৈধ সম্পত্তি নিজেদের কবজায় আনতে এই মুহূর্তে আমাদের কী পদক্ষেপ নেওয়া দরকার?",no,,
ajke_0198_01,Iftiaq,100,প্রশ্ন: আমার বান্ধবীর স্বামী একজন প্রবাসী এবং আট বছর ধরে দেশের বাইরে আছেন। আট বছরে তার স্বামী মাত্র দুইবার দেশে এসেছেন এক বা দুই মাসের জন্য। তারা নিঃসন্তান। এদিকে সন্তান হচ্ছে না বলে বান্ধবী শ্বশুরবাড়িতে প্রতিনিয়ত শারীরিক ও মানসিক নির্যাতনের সম্মুখীন হচ্ছে। পরিবার আর্থিকভাবে অতটা সচ্ছল নয়। তাই তারা মামলা-মোকদ্দমায় যেতে চাইছে না। মেয়েকে তারা আবারও বিয়ে দিতে চায়। কিন্তু বারবার বলার পরও বান্ধবীর স্বামী তাকে তালাক দিচ্ছে না। এ ক্ষেত্রে বান্ধবীর বা তার পরিবারের করণীয় কী? স্বামী বিদেশে থাকা অবস্থায় তাকে কি তালাক দিতে পারবে? তালাক দেওয়া গেলে কীভাবে দিতে হবে? সেক্ষেত্রে আমার বান্ধবী দেনমোহরের টাকা পাবে কি না?,"আমার বান্ধবীর স্বামী একজন প্রবাসী কর্মী, প্রায় আট বছর ধরে প্রবাসে থাকেন। এই আট বছরের মধ্যে মাত্র দুবার এক-দুই মাসের জন্য দেশে এসেছিলেন। তাঁদের কোনো সন্তানাদি নেই। সন্তান না হওয়ার অজুহাতে শ্বশুরবাড়ির লোকজন প্রতিনিয়ত আমার বান্ধবীকে শারীরিক ও মানসিক নির্যাতন করছে। বান্ধবীর পরিবারের আর্থিক অবস্থা ভালো না হওয়ায় তারা কোনো মামলা-মোকদ্দমায় জড়াতে চায় না, বরং মেয়েকে এনে অন্যত্র বিয়ে দিতে আগ্রহী। কিন্তু বারংবার অনুরোধ করা সত্ত্বেও স্বামী কোনোভাবেই তালাক দিচ্ছে না। এই অবস্থায় আমার বান্ধবী বা তার পরিবারের করণীয় কী? স্বামী প্রবাসে থাকা অবস্থায় স্ত্রী কি একতরফাভাবে তালাক পাঠাতে পারবে? তালাক দিতে হলে কীভাবে পাঠাতে হবে এবং সে ক্ষেত্রে আমার বান্ধবী কি তার দেনমোহরের সম্পূর্ণ টাকা পাবে?",no,,
ajke_0205_01,Iftiaq,186,"আমাদের বিয়ে হয়েছে পাঁচ বছর। এক বছর ধরে আমার স্বামীর কথাবার্তা আর আচরণে পরিবর্তন বুঝতে পারছি। হঠাৎ একদিন সে জানায়, আমাকে তার আর ভালো লাগছে না, এই সংসার ছেড়ে চলে যাবে। সত্যি সত্যি সে আমাদের ছেড়ে চলে গেছে! আমার সঙ্গে কোনো ধরনের যোগাযোগ রাখছে না। আমাদের একটা সন্তান আছে। সে তার দাদির কাছে থাকে। ওর বয়স এক বছর। আমি ছেলেকে আমার কাছে আনতে চাই। সন্তানকে ওখানে নিরাপদ মনে করি না। কীভাবে আনব সন্তানকে? এই পরিস্থিতিতে করণীয় কী? নাম প্রকাশে অনিচ্ছুক, কুড়িগ্রাম উওর: মুসলিম আইন অনুযায়ী বাবা হচ্ছেন নাবালক সন্তানের স্বাভাবিক ও আইনগত অভিভাবক এবং মা হচ্ছেন তার তত্ত্বাবধায়ক। নাবালক সন্তান ছেলে হলে, বয়স সাত বছর হওয়া পর্যন্ত মা থাকবেন তার তত্ত্বাবধায়ক বা জিম্মাদার। অতএব আপনার এক বছর বয়সের ছেলেসন্তানের আইনগত তত্ত্বাবধায়ক বা জিম্মাদার আপনি। দাদির কাছ থেকে আপনি আপনার সন্তান চান, না পেলে পারিবারিক আদালত আইনের ৫ ধারার অধীনে পারিবারিক আদালতে নাবালক সন্তানের অভিভাবকত্ব ও তত্ত্বাবধান চেয়ে মামলা করতে পারবেন। এ ছাড়া স্বামীকে বিবাদী করে আপনার দেনমোহর এবং আপনার ও সন্তানের জন্য ওই ৫ ধারার অধীনে ভরণপোষণ চাইতে পারেন। প্রয়োজনে যেকোনো জেলার জজ কোর্টের ‘ন্যাশনাল লিগ্যাল এইড সার্ভিসেস’ থেকে আপনি বিনা পয়সায় আইনি সহায়তা পেতে পারেন","আমাদের বিয়ের বয়স পাঁচ বছর। গত এক বছর ধরে স্বামীর আচরণ ও কথাবার্তায় অদ্ভুত পরিবর্তন লক্ষ করছিলাম। হঠাৎ একদিন সে সাফ জানিয়ে দেয় যে আমাকে আর তার ভালো লাগে না এবং সে সংসার ছেড়ে চলে যাবে। সত্যিই সে আমাদের ফেলে নিরুদ্দেশ হয়ে গেছে এবং কোনো ধরনের যোগাযোগ রাখছে না। আমাদের এক বছর বয়সী একটি দুধের সন্তান রয়েছে, যে বর্তমানে তার দাদির হেফাজতে আছে। কিন্তু সেখানে আমার বাচ্চা নিরাপদ নয় বলে আমি তাকে আমার কোলে ফিরিয়ে আনতে চাই। এই পরিস্থিতিতে সন্তানকে আইনিভাবে নিজের হেফাজতে ফেরত আনতে আমার কী করণীয়?",yes,মূল প্রশ্নে সংবাদপত্রের আইনি উত্তর যুক্ত ছিল; শুধুমাত্র নাগরিকের মূল প্রশ্নটি রেখে প্যারাফ্রেজ করা হয়েছে।,
dail_0628_02,Iftiaq,12,It is legal in Bangladesh to terminate a staff for becoming pregnant?,বাংলাদেশে কি কোনো নারী কর্মী গর্ভবতী হওয়ার কারণে তাঁকে চাকরি থেকে বরখাস্ত করা আইনগতভাবে বৈধ?,no,Original question was in English; translated and paraphrased into casual Bangla.,
lawy_0212_01,Iftiaq,12,কোম্পানির চেক ডিজঅনার হলে মামলা কার বিরুদ্ধে করবেন? কোম্পানি নাকি পরিচালকদের নামে?,কোনো লিমিটেড কোম্পানির দেওয়া চেক বাউন্স করলে কার বিরুদ্ধে মামলা দিতে হয়—কোম্পানি নাকি কোম্পানির পরিচালকদের নামে?,no,,
lawy_0262_01,Iftiaq,9,"বাপ, দাদা ও নানা বাড়ির সম্পত্তি কিভাবে উদ্ধার করবেন?","বাবা, দাদা কিংবা নানার রেখে যাওয়া বেদখলকৃত পৈতৃক জমি কীভাবে আইনগতভাবে উদ্ধার করতে হয়?",no,,
lawy_0321_01,Iftiaq,8,বোনেরা প্রাপ্য অংশ থেকে বঞ্চিত হলে কি করবেন?,পৈতৃক সম্পত্তিতে ভাইয়েরা বোনদের ন্যায্য অধিকার বা অংশ না দিলে কীভাবে প্রতিকার পাওয়া যায়?,no,,
lawy_0335_01,Iftiaq,8,তালাকের পর স্ত্রী কর্তৃক যৌতুকের মামলায় কি করবেন?,"বিবাহবিচ্ছেদের পর সাবেক স্ত্রী যদি যৌতুক নিরোধ আইনে মিথ্যা মামলা ঠুকে দেয়, তবে সেক্ষেত্রে কী পদক্ষেপ নেওয়া উচিত?",no,,
lawy_0362_01,Iftiaq,10,মামলাকৃত জমি বিক্রিতে আইনী বাধা : কি বলে আইন ?,আদালতে মামলা বিচারাধীন থাকা অবস্থায় কোনো জমি কেনাবেচা করার ব্যাপারে আইনের বিধান কী?,no,,
lawy_0382_01,Iftiaq,11,"মৃত ব্যক্তির ব্যাংক হিসাবে গচ্ছিত টাকা কে পাবে, নমিনী না ওয়ারিশ?",কোনো ব্যক্তি মারা গেলে ব্যাংকে রাখা তাঁর সঞ্চিত টাকার প্রকৃত মালিক কে হবে—নমিনী নাকি আইনগত ওয়ারিশরা?,no,,
lawy_0409_01,Iftiaq,9,নারী ও শিশু নির্যাতন দমন আইনে কিভাবে জামিন নিবেন,নারী ও শিশু নির্যাতন দমন আইনে দায়ের করা মামলায় কীভাবে আদালত থেকে জামিন পাওয়া যেতে পারে?,no,,
lawy_0432_01,Iftiaq,11,"মুসলিম, হিন্দু, বৌদ্ধ, খ্রিষ্টান, নৃ-গোষ্ঠী ও হিজড়াদের উত্তরাধিকার- আইন কি বলে?","মুসলিম, হিন্দু, বৌদ্ধ, খ্রিস্টান, ক্ষুদ্র নৃগোষ্ঠী এবং তৃতীয় লিঙ্গের (হিজড়া) ব্যক্তিদের সম্পত্তি উত্তরাধিকারের ক্ষেত্রে আইনের বিধান কী?",no,,
lawy_0464_01,Iftiaq,10,মালিকানা নির্ধারণের বিচার নিষ্পত্তিতে কি পূর্বের রেকর্ড ‘মৃত’ হতে পারে?,জমির স্বত্ব ও মালিকানা নির্ধারণের আদালতের রায়ে কি আগের খতিয়ান বা রেকর্ড বাতিল বলে গণ্য হতে পারে?,no,,
lawy_0568_01,Iftiaq,9,সাদা কাগজে সই নিলে কি জমি দখল করা সম্ভব?,খালি বা সাদা কাগজে কারো স্বাক্ষর বা টিপসই নিয়ে কি আইনত কোনো জমি দখল বা মালিকানা দাবি করা সম্ভব?,no,,
prot_0002_01,Iftiaq,41,আমি কলকাতার একটি হিন্দু মেয়েকে বিয়ে করতে যাচ্ছি। তার এবং আমার—দুই পরিবারই রাজি। ধর্ম পরিবর্তন করে মেয়েটি ইসলাম ধর্ম গ্রহণ করার জন্য প্রস্তুত। এখন আমরা কীভাবে এই বিয়ের কাজটি সম্পন্ন করতে পারি? বিয়ের পর সে বাংলাদেশেই থাকতে চায়। নাম প্রকাশে অনিচ্ছুক,"আমি ভারতের এক সনাতন ধর্মাবলম্বী নারীকে বিয়ে করতে যাচ্ছি। উভয় পরিবারেরই এই বিয়েতে পূর্ণ সম্মতি আছে। মেয়েটি স্বেচ্ছায় ধর্মান্তরিত হয়ে ইসলাম গ্রহণ করতে ইচ্ছুক। এখন আমরা আইনগতভাবে কীভাবে এই বিয়ে সম্পন্ন করব? বিয়ের পর সে স্থায়ীভাবে বাংলাদেশে বসবাস করতে চায়, তার নাগরিকত্ব ও ভিসার জন্য কী করণীয়?",yes,,
prot_0003_04,Iftiaq,52,"আমার স্বামী দুই বছর আগে বেকারত্বজনিত হতাশার শিকার হয়ে আমাকে তালাক দেন। আমাদের একটা তিন বছর বয়সী মেয়ে আছে। এখন আমার স্বামী তাঁর ভুল বুঝতে পেরে আবার আমাদের নিয়ে সংসার করতে চান। আমরা মুসলিম। যত দূর জানি, এটা নিয়ে বিতর্ক আছে। আমরা কি হিল্লা ছাড়া আবার বিয়ে করতে পারব? নাম প্রকাশে অনিচ্ছুক",চাকরি না পেয়ে চরম হতাশায় পড়ে প্রায় দুই বছর আগে আমার স্বামী আমাকে তালাক দিয়েছিলেন। আমাদের একটি তিন বছরের মেয়েসন্তান আছে। বর্তমানে আমার স্বামী নিজের ভুল বুঝতে পেরেছেন এবং সন্তানসহ আমাকে আবার সংসারে ফেরত নিতে চান। আমরা মুসলিম। যতটুকু শুনেছি এ নিয়ে নানারকম বিতর্ক আছে; এখন কোনো হিল্লা বিয়ে ছাড়াই কি আমরা নতুন করে নিকাহ করে সংসার শুরু করতে পারব?,no,,
prot_0006_03,Iftiaq,44,"আমার দুলাভাই পাটের একজন আড়তদার। তাঁর আড়তে একজন পাট বিক্রি করতে এলে শ্রমিকের সঙ্গে মারামারি হয়। লোকটি পরের দিন বাড়িতে গিয়ে মারা যান। পরে তাঁরা দুলাভাইয়ের নামে হত্যা মামলা করেন, অথচ তিনি ছিলেন আড়তের ভেতরে। এখন দুলাভাই হাজতে আছেন। কী করতে পারি? আজমল হোসেন",আমার দুলাভাই একজন পাটের আড়তদার। একদিন এক ব্যক্তি পাট বিক্রি করতে এলে আড়তের এক শ্রমিকের সাথে তার মারামারি বাধে। লোকটি পরদিন নিজ বাড়িতে গিয়ে মারা যায়। এরপর তারা অন্যায়ভাবে আড়তের ভেতরে বসে থাকা দুলাভাইয়ের নামে হত্যা মামলা দিয়ে দেয় এবং বর্তমানে তিনি জেলহাজতে আছেন। এই মিথ্যা মামলা থেকে তাঁকে মুক্ত করতে আমাদের কী করা উচিত?,yes,,
prot_0008_06,Iftiaq,8,এ পর্যায়ে নাম সংশোধনের ব্যবস্থা আছে কি না?,এই পরিস্থিতিতে এসে নথিপত্রে নিজের নাম সংশোধনের কোনো আইনি প্রক্রিয়া আছে কি?,no,,
prot_0009_05,Iftiaq,37,একসময় তিনি নানাবাড়িতে চলে আসেন। আমি বড় হওয়ার পর চাচাদের সঙ্গে মিলে ২৫ শতাংশ জমি কিনেছিলাম। আমার নামে সেই জমি সমহারে দলিল হয়েছে। কিন্তু চাচারা ওই জমি আমাদের দখলে দিতে চায় না। আইনগত কী ব্যবস্থা নিতে পারি?,"আমরা একপর্যায়ে নানাবাড়িতে চলে আসি। প্রাপ্তবয়স্ক হওয়ার পর চাচাদের সাথে যৌথভাবে ২৫ শতক জমি ক্রয় করেছিলাম, যার দলিলে আমার সমান অংশ রয়েছে। কিন্তু এখন চাচারা জোর করে জমিটি আটকে রেখে আমাদের দখলে দিচ্ছে না। এই জমি উদ্ধারে আমি কী আইনি প্রতিকার পেতে পারি?",no,,
prot_0013_02,Iftiaq,119,"আমার বাবা-চাচারা চার ভাই, এক বোন। মেজো চাচা নিঃসন্তান এবং আমার বাবা মেজো চাচার আগে মারা গেছেন। আমার অন্য দুই কাকা ও ফুফু জীবিত। আমার জীবিত দুই চাচা ও কয়েকজন আইনজীবীর মত অনুযায়ী আমার নিঃসন্তান চাচার আগে আমার বাবা মারা যাওয়ায় এবং এখনো দুই চাচা ও ফুফু জীবিত থাকায় আইন অনুযায়ী আমরা নাকি দূরবর্তী। তাই মৃত নিঃসন্তান কাকার সম্পত্তির কোনো অংশ আমাদের না দিয়ে চাচারা নিজেদের মধ্যে ভাগাভাগি করে নিয়েছেন এবং বিধবা চাচিকে কিছু অংশ দিয়েছেন। আমরা কি মৃত নিঃসন্তান চাচার সম্পত্তির অংশ পাব? যদি পাই, তাহলে কে কত অংশ পাবে এবং কীভাবে আমরা আইনগত পদক্ষেপ নিতে পারি? মো. মামুনুর রহমান মধুপুর, টাঙ্গাইল। l উত্তরাধিকারী হিসেবে আপনারা আপনার বাবার সম্পত্তি পাবেন। আপনার নিঃসন্তান চাচার সম্পত্তি তাঁর জীবিত ভাইবোনেরা পাবেন","আমার বাবা-চাচারা চার ভাই ও এক বোন ছিলেন। আমার মেজো চাচা নিঃসন্তান ছিলেন এবং আমার বাবা মেজো চাচার মৃত্যুর আগেই ইন্তেকাল করেন। আমার অন্য দুই চাচা ও এক ফুফু এখনো জীবিত। জীবিত চাচারা এবং কয়েকজন উকিল বলছেন যে বাবা আগে মারা যাওয়ায় এবং অন্য চাচা-ফুফু বেঁচে থাকায় আমরা দূরবর্তী ওয়ারিশ, তাই নিঃসন্তান চাচার সম্পত্তিতে আমাদের কোনো অংশ নেই। চাচারা বিধবা চাচিকে নামমাত্র কিছু অংশ দিয়ে বাকি সব নিজেদের মধ্যে ভাগ করে নিয়েছেন। নিঃসন্তান চাচার সম্পত্তিতে কি আমরা বাবার উত্তরাধিকার হিসেবে কোনো হিস্যা পাব? পেলে কে কতটুকু পাব এবং অধিকার আদায়ে কীভাবে মামলা করব?",yes,মূল প্রশ্নে সংবাদপত্রের আইনি উত্তর ও নাম-ঠিকানা যুক্ত ছিল; ব্যক্তিগত তথ্য বাদ দিয়ে নাগরিকের মূল প্রশ্নটি প্যারাফ্রেজ করা হয়েছে।,
prot_0015_03,Iftiaq,156,"আমি যখন স্কুলে পড়ি, তখন আমার পাশের বাড়ির একটি ছেলের সঙ্গে সম্পর্কে জড়িয়ে পড়ি। ছেলেটির সঙ্গে আমার শারীরিক সম্পর্ক হয়। কিন্তু কিছুদিন পর ছেলেটি আমার সঙ্গে আর যোগাযোগ রাখেনি। ছেলেটির সঙ্গে যোগাযোগের চেষ্টা করলে সে আমাকে এড়িয়ে চলে। ছেলেটির ব্যবহারে আমি অনেক কষ্ট পাই। আমি ছেলেটিকে ভুলে গিয়েছিলাম; কিন্তু সমস্যা হলো আমাদের সম্পর্কের কিছু প্রমাণ তার কাছে আছে। সে আমাকে পরবর্তী সময়ে কোনো সমস্যা করবে কি না, তা নিয়ে আমি দুশ্চিন্তায় আছি। এসএসসি পরীক্ষার কিছুদিন আগে আমার দূর সম্পর্কের এক আত্মীয়ের ছেলের সঙ্গে আমি আবার সম্পর্কে জড়িয়ে পড়ি। আমি ছেলেটিকে অনেক ভালোবাসি। সেও আমাকে ভালোবাসে। আমাদের মধ্যে অনেকবার শারীরিক সম্পর্ক হয়। আমি ছেলেটিকে বিয়ে করব বলে স্থির করেছিলাম। কিন্তু যখন জানতে পারলাম সে অন্য আরেকটি মেয়ের সঙ্গেও শারীরিক সম্পর্ক করেছে, তখন আমি তাকে আর গ্রহণ করতে পারছি না। আমি এখন মানসিক অশান্তিতে আছি। আমার ভয় হয়, আমি যে ছেলেটির সঙ্গে সম্পর্ক করেছি, সে যদি আমার কোনো ক্ষতি করে। এখন আমি কী করব? মনি ঠিকানা প্রকাশে অনিচ্ছুক","স্কুলে পড়ার সময় প্রতিবেশী এক ছেলের সাথে আমার প্রেমের সূত্রে দৈহিক সম্পর্ক গড়ে ওঠে। কিছুদিন পরই সে যোগাযোগ বন্ধ করে আমাকে এড়িয়ে চলতে থাকে, যা আমাকে খুব কষ্ট দেয়। পরে নিজেকে সামলে নিলেও আমাদের সম্পর্কের কিছু আপত্তিকর প্রমাণ বা ছবি তার কাছে থাকায় ভবিষ্যতে কোনো ব্ল্যাকমেইল বা ক্ষতির আশঙ্কায় আমি সবসময় দুশ্চিন্তায় থাকি। পরবর্তীতে এসএসসি পরীক্ষার পূর্বে দূরসম্পর্কের এক আত্মীয়ের সাথে ভালোবাসায় জড়িয়ে আবারও শারীরিক সম্পর্কে যাই এবং বিয়ে করার সিদ্ধান্ত নিই। কিন্তু সম্প্রতি জানতে পারি যে সে অন্য এক মেয়ের সাথেও একই সম্পর্ক রেখেছে, ফলে তাকে আর বিয়ে করতে মন চাইছে না। এখন তীব্র মানসিক যন্ত্রণায় ভুগছি এবং ভয় হচ্ছে যে এই দুই ছেলের কেউ আমার বিরুদ্ধে কোনো ছবি বা তথ্য ফাঁস করে ক্ষতিসাধন করবে কি না। এই অবস্থায় আমার আইনি বা সামাজিক সুরক্ষার কী পথ আছে?",yes,,
prot_0017_04,Iftiaq,45,"আর এ বিষয়টি মেয়েপক্ষের লোক ছাড়া কেউ জানে না। নিবন্ধনের সময় আমার পক্ষের কোনো সাক্ষী ছিল না। এরপর আমি মেয়েটিকে বিয়ে বাতিলের কথা বলে। মেয়েটি রাজি হয় কিন্তু বলে, দেড় দুই মাসের আগে সই করবে না। এ ক্ষেত্রে মেয়েটি কি কোন আইনি ব্যবস্থা নিতে পারে?","বিয়ের ঘটনাটি মেয়ের পরিবারের লোকজন ছাড়া আমার পক্ষের কেউ জানে না, এমনকি রেজিস্ট্রির সময়ও আমার দিক থেকে কোনো সাক্ষী ছিল না। পরবর্তীতে আমি বিয়ের এই চুক্তি বাতিলের কথা বললে মেয়েটি রাজি হয়, তবে জানায় যে দেড়-দুই মাসের আগে কোনো সই দেবে না। এই পরিস্থিতিতে মেয়েটি কি পরবর্তীতে আমার বিরুদ্ধে কোনো মামলা বা আইনি ব্যবস্থা নিতে পারবে?",no,,
prot_0020_01,Iftiaq,176,"আমি স্নাতকোত্তর শেষ করে চাকরি খুঁজছি। পাশের বাসার এক নারী তাঁর স্বামী ও দুই সন্তানসহ থাকেন। প্রতিবেশী হিসেবে তাঁর বাসায় মাঝেমধ্যে যেতাম। সম্পর্কে তিনি আমার চাচি। তিনি একদিন বললেন, আমাকে নাকি পছন্দ করেন এবং তাঁর সঙ্গে শারীরিক সম্পর্কের প্রস্তাব দিলেন। আমি রাজি হয়ে যাই। একপর্যায়ে তিনি সন্তানসম্ভবা হয়ে পড়েন। তাঁকে সন্তান নষ্ট করার কথা বললেও তিনি তা করেননি। সেসব কথা তাঁর কাছে মুঠোফোনে রেকর্ড করা আছে। এ সম্পর্ক থেকে আমি বেরিয়ে আসতে চাইলেও তিনি রাজি হন না। বরং আমাকে বিয়ের জন্য চাপ দেন ও নানা হুমকি দেন। এখন তাঁর স্বামীও বিষয়টি জেনে ফেলে আমাকে ভয় দেখাচ্ছেন। আমার পক্ষে তাঁকে বিয়ে করা অসম্ভব। আমি জানতে চাই, ফোনের ওই রেকর্ড দিয়ে তিনি আমার কোনো ক্ষতি করতে পারবেন কিনা। তথ্যপ্রযুক্তি আইনে আমি তাঁর বিরুদ্ধে আইনি কোনো ব্যবস্থা নিতে পারব কিনা? কাজল রাজশাহী দৈহিক সম্পর্ক থাকুক বা না-থাকুক ফৌজদারি আইনে আপনাকে হেনস্তা করা সম্ভব। তিনি আপনার বিরুদ্ধে দণ্ডবিধি, নারী ও শিশু নির্যাতন দমন আইন ছাড়াও অন্যান্য ফৌজদারি বিধিতে মামলা করতে পারেন। তথ্যপ্রযুক্তি আইনে আপনার মামলা করার কোনো সুযোগ নেই। তবে আলোচনার মাধ্যমে আপনি এ ধরনের সম্পর্ক থেকে পরিত্রাণ পেতে পারেন","মাস্টার্স শেষ করে আমি চাকরির চেষ্টা করছি। প্রতিবেশী এক বিবাহিত নারীর (সম্পর্কে চাচি) সাথে পরিচয়ের সূত্রে ঘনিষ্ঠতা হয় এবং তাঁর প্রস্তাবে আমরা শারীরিক সম্পর্কে জড়িয়ে পড়ি। একপর্যায়ে তিনি গর্ভবতী হয়ে পড়েন। আমি গর্ভপাতের অনুরোধ করলেও তিনি তা না করে আমাদের কথোপকথন গোপনে ফোনে রেকর্ড করে রাখেন। এখন এই সম্পর্ক ছিন্ন করতে চাইলে তিনি উল্টো আমাকে বিয়ের জন্য চাপ দিচ্ছেন ও নানা হুমকি দিচ্ছেন, এমনকি তাঁর স্বামীও জেনে ফেলে আমাকে প্রাণনাশের ভয় দেখাচ্ছেন। দুই সন্তানের জননী ওই নারীকে বিয়ে করা আমার পক্ষে কিছুতেই সম্ভব নয়। ফোনে সংরক্ষিত ওই অডিও রেকর্ড দিয়ে কি তিনি আমার বিরুদ্ধে আইনি কোনো ক্ষতি করতে পারবেন? আর এই ব্ল্যাকমেইল বা হুমকির বিরুদ্ধে আমি কি সাইবার বা তথ্যপ্রযুক্তি আইনে কোনো ব্যবস্থা নিতে পারি?",yes,মূল প্রশ্নে সংবাদপত্রের আইনি পরামর্শ এবং নাম ও জেলার নাম যুক্ত ছিল; ব্যক্তিগত তথ্য বাদ দিয়ে নাগরিকের মূল প্রশ্নটি প্যারাফ্রেজ করা হয়েছে।,
prot_0024_01,Iftiaq,169,"চার বছর আগে আমার সঙ্গে একটি মেয়ের সম্পর্ক হয়। গত বছর আমরা কোর্ট ম্যারেজ করি কিন্তু কাজী অফিসে নিবন্ধন করিনি মেয়ের আপত্তির কারণে। তার ধারণা, এর ফলে বিয়ের কথা জানাজানি হয়ে যাবে আর তার পরিবার বিয়ের কাগজ তুলে আমাকে তালাক দিতে বাধ্য করাবে। এবং সে ২০১৪ সালে এসএসসি পরীক্ষা দেয়। সমস্যা হলো, মাধ্যমিক পরীক্ষার সনদপত্র অনুযায়ী এখন তার বয়স ১৬ বছর। কিন্তু সে বলে তার বয়স আরও দুই-তিন বছর বেশি হবে। কারণ সে কেজি স্কুলে লেখাপড়া করেছে। আমাদের বিয়ের বিষয়টা জানাজানি হওয়াতে তার পরিবার তাকে সব সময় শারীরিক ও মানসিক নির্যাতন করে। ওকে আমার পরিবার বউ হিসেবে গ্রহণ করতে রাজি। মেয়েটা অনেক দিন যাবৎ বাসা থেকে বের হয়ে যেতে যাচ্ছে। আমি ওকে অপেক্ষা করতে বলি। এ অবস্থায় আমি কী করব বুঝতে পারছি না। সে দুই মাসের অন্তঃসত্ত্বা। এ অবস্থায় সে যদি আমার বাসায় চলে আসে এবং সে যদি থানায় আমার পক্ষে সাক্ষ্য দেয়, তাহলে কি প্রশাসন আমাকে কোনো সমস্যা করবে? ও চলে এলে ওর পরিবার হয়তো বা অপহরণ মামলা দিতেও পারে। এই ক্ষেত্রে আমার করণীয় কী? নাম প্রকাশে অনিচ্ছুক","চার বছর আগে একটি মেয়ের সাথে আমার ভালোবাসার সূত্রপাত। গত বছর আমরা নোটারি করে বিয়ে করলেও মেয়ের আপত্তিতে কাজি অফিসে রেজিস্ট্রি করিনি, কারণ ওর ভয় ছিল পরিবার জানলে জোর করে ডিভোর্স করিয়ে দেবে। মেয়েটি ২০১৪ সালে এসএসসি পাস করেছে। সনদে তার বয়স ১৬ বছর দেখালেও সে জানায় ছোটবেলায় দেরিতে স্কুলে যাওয়ায় তার আসল বয়স আরও দুই-তিন বছর বেশি। আমাদের সম্পর্কের কথা জেনে ওর পরিবার ওর ওপর মারাত্মক শারীরিক ও মানসিক নির্যাতন চালাচ্ছে। আমার পরিবার ওকে মেনে নিতে পুরোপুরি প্রস্তুত। মেয়েটি বাসা ছেড়ে আমার কাছে চলে আসতে চায় এবং সে বর্তমানে দুই মাসের অন্তঃসত্ত্বা। সে যদি নিজের ইচ্ছায় আমার কাছে চলে আসে এবং থানায় গিয়ে আমার পক্ষে জবানবন্দি দেয়, তবে পুলিশ কি আমাকে গ্রেপ্তার বা হয়রানি করতে পারবে? ওর পরিবার যদি ক্ষুব্ধ হয়ে আমার নামে নারী ও শিশু নির্যাতন আইনে মিথ্যা অপহরণ মামলা ঠুকে দেয়, তবে সেক্ষেত্রে আমার আত্মরক্ষার আইনি উপায় কী?",no,,
prot_0026_01,Iftiaq,65,"আমার বাবা সাবেক সরকারি চাকরিজীবী। সারাজীবন দেখেছি সংসারে অভাব, কারণ বাবা বৈষয়িক ছিলেন না। আমি নিজের চেষ্টায় পড়াশোনা করে চাকরি পাই। এখন বিদেশে গিয়ে ব্যবসা করতে চাইছি, কিন্তু বাবা আমাকে কোনো টাকা দেবেন না। আমি আমার স্ত্রী-সন্তান নিয়ে আলাদা হয়ে যেতে চাই। আইনত এখন কীভাবে বাবার কাছ থেকে সম্পত্তির ভাগ পাব? তিনি যদি আমাকে ত্যাজ্যপুত্র করেন, তাহলে আমি কীভাবে সম্পত্তি পেতে পারি? তৌহিদ বাপ্পি ঢাকা","আমার বাবা একজন অবসরপ্রাপ্ত সরকারি কর্মচারী। বাবার অদূরদর্শিতার কারণে সংসারে আজীবন অভাব দেখেছি। নিজের চেষ্টায় কষ্ট করে পড়াশোনা শেষ করে একটি চাকরি করছি। বর্তমানে প্রবাসে গিয়ে ব্যবসা করার পরিকল্পনা করছি, কিন্তু বাবা আমাকে কোনো মূলধন বা আর্থিক সাহায্য দিতে চান না। তাই আমি পরিবার নিয়ে আলাদা হয়ে যেতে চাই। বাবা বেঁচে থাকা অবস্থায় আইনগতভাবে কি তাঁর সম্পত্তির ভাগ দাবি করা যায়? আর বাবা যদি রাগ করে আমাকে ত্যাজ্যপুত্র ঘোষণা করেন, তবে ভবিষ্যতে কি আমি তাঁর সম্পত্তির অংশ পাব?",yes,,
prot_0027_01,Iftiaq,66,"আমি হিন্দু, ইসলাম ধর্মের একটা ছেলেকে ভালোবাসি। ছেলেটাও আমাকে ভালোবাসে। আমার বয়স ২৬ আর ছেলেটার বয়স ২৮ বছর। আমাদের সম্পর্কের বয়স চার বছর। আমরা বিয়ে করব সিদ্ধান্ত নিয়েছি। যেহেতু আমরা দুজন ভিন্ন ধর্মের, তাই বুঝতে পারছি না কীভাবে বিয়ে করলে দুই ধর্মই ঠিক থাকবে। এতে আমরা দুজনই রাজি। বিয়ের ব্যাপারে দুই পরিবারের কেউই রাজি নয়। সে ক্ষেত্রে আমরা কী করতে পারি? নাম ও ঠিকানা প্রকাশে অনিচ্ছুক",আমি সনাতন ধর্মের একজন নারী এবং ইসলাম ধর্মাবলম্বী একটি ছেলের সাথে চার বছর ধরে আমার ভালোবাসার সম্পর্ক। আমার বয়স ২৬ এবং ছেলেটির বয়স ২৮ বছর। আমরা নিজেদের ধর্ম পরিবর্তন না করেই পরস্পরকে বিয়ে করার সিদ্ধান্ত নিয়েছি এবং এতে আমাদের দুজনেরই সম্মতি আছে। কিন্তু ভিন্ন ধর্মের হওয়ার কারণে উভয় পরিবারের কেউই আমাদের বিয়েতে রাজি নয়। এখন ধর্ম ত্যাগ না করে আইনি বৈধতা নিয়ে বিয়ে করতে আমাদের কী করণীয়?,no,,
prot_0030_03,Iftiaq,98,১৯৮২ সালে পঞ্চাশ হাজার টাকা দেনমোহরে আমার বিয়ে হয়। উশুল ছিল ১৫ হাজার টাকা ও ৪ ভরি সোনার গহনা। ১৯৮৪ সালে সেই গহনা বিক্রি করে আমার নামে জমি কেনা হয়। ২০০৮ সালে সেই জমি বিক্রি করা হয়। জমি বিক্রি করা টাকা আমাকে দেওয়া হয়নি। সেই টাকা ব্যাংক ও পোস্ট অফিসে রেখে মুনাফা অর্জন করা হচ্ছে। সেই মুনাফাও আমাকে দেওয়া হয় না। আমি যদি এখন আমার মোহরানা দাবি করি তাহলে কত টাকা পাব? মোহরানা আদায় না করে আমাদের বিবাহিত জীবন কি অবৈধ হচ্ছে? আমরা একসঙ্গে আছি এবং থাকব। তার পরও কি মোহরানা আদায় করা উচিত না। নাম-ঠিকানা প্রকাশে অনিচ্ছুক,"১৯৮২ সালে ৫০ হাজার টাকা দেনমোহরে আমার বিয়ে হয়েছিল, যেখানে ১৫ হাজার টাকা ও ৪ ভরি স্বর্ণালঙ্কার উসুল দেখানো হয়। ১৯৮৪ সালে সেই স্বর্ণ বিক্রি করে আমার নামে জমি কেনা হয়েছিল, যা আবার ২০০৮ সালে বিক্রি করে দেওয়া হয়। কিন্তু সেই বিক্রির টাকা বা তা ব্যাংকে ও পোস্ট অফিসে রেখে যে সুদ ও মুনাফা পাওয়া যাচ্ছে, তার কিছুই আমাকে দেওয়া হচ্ছে না। এখন যদি আমি দেনমোহর ও জমির টাকার দাবি জানাই তবে কত টাকা পাব? মোহরানা শোধ না করে সংসার চালিয়ে গেলে কি আমাদের বৈবাহিক সম্পর্ক ধর্মীয় বা আইনগতভাবে অবৈধ হয়ে যায়? আমরা একসাথেই সংসার করছি, তবুও কি দেনমোহর আদায় করে নেওয়া উচিত?",no,,
prot_0032_05,Iftiaq,15,"আমার সৎমা যদি দ্বিতীয় বিয়ে করেন, তবে সে কী আমার বাবার বাড়িতে থাকার অধিকার রাখেন?","আমার বিধবা সৎমা যদি অন্যত্র পুনরায় বিয়ে করেন, তাহলে কি তিনি আমার বাবার ভিটেবাড়িতে বসবাস করার কোনো অধিকার বজায় রাখবেন?",no,,
prot_0036_02,Iftiaq,69,"আমার বিয়ে হয় ২০১২ সালে। এরপর আমার পরিবারে নানা ধরনের সমস্যা দেখা দেয়। আমার কোনো সন্তান নেই। বিয়েতে দেনমোহর যা ছিল বিয়ের সময় কিছু পরিশোধ করা হয়, যা কাবিনে উল্লেখ আছে। আমি আমার স্ত্রীকে তালাক দিলে আর কত টাকা ফেরত দিতে হবে। আইনের মাধ্যমে তালাক দিলে আমার কোনো সমস্যা হবে কি না। আমার স্ত্রী আমার বিরুদ্ধে আইনি ব্যবস্থা নিতে পারবে কি না? সে আমাকে মুখেমুখে অনেক বার তালাক দিয়েছে","২০১২ সালে আমার বিয়ে হয় এবং এরপর থেকেই দাম্পত্য জীবনে নানা কলহ দেখা দেয়। আমাদের কোনো সন্তান নেই। কাবিননামার দেনমোহরের কিছু অংশ বিয়ের সময়ই শোধ করা হয়েছিল। এখন আমি যদি স্ত্রীকে আইনিভাবে তালাক দিই, তবে দেনমোহরের বাকি কত টাকা আমাকে পরিশোধ করতে হবে? আইনি নোটিশ পাঠিয়ে তালাক দিলে আমার ওপর কোনো আইনি জটিলতা আসবে কি না বা স্ত্রী কোনো মামলা করতে পারবে কি না? উল্লেখ্য, সে নিজেও আমাকে মুখে মুখে বহুবার তালাক দিয়েছে।",no,,
prot_0036_07,Iftiaq,46,আমি একজন গৃহিণী এবং তিন সন্তানের মা। আমার স্বামী আমাকে না জানিয়ে ঢাকায় বিয়ে করেছেন। এখন আমাদের ভরণপোষণ দেওয়া বন্ধ করে দিয়েছেন। আমি গ্রামের চেয়ারম্যানকে বিষয়টি জানাই।তিনি আমাদের স্বামী-স্ত্রীর সই একটি সাদা স্ট্যাম্পে রেখে তিন মাস পর সিদ্ধান্ত নেবেন বলে জানিয়েছেন। এখন আমার কী করা উচিত?,আমি একজন গৃহবধূ এবং আমার তিনটি সন্তান আছে। আমার স্বামী গোপনে আমাকে না জানিয়ে দ্বিতীয় বিয়ে করেছেন এবং বর্তমানে আমাদের কোনো ভরণপোষণ ও খরচাপাতি দিচ্ছেন না। বিষয়টি নিয়ে স্থানীয় চেয়ারম্যানের কাছে গেলে তিনি একটি খালি স্ট্যাম্পে আমাদের স্বামী-স্ত্রীর স্বাক্ষর নিয়ে তিন মাস পর ফয়সালা দেবেন বলে জানিয়েছেন। এমন অবস্থায় আমার কী আইনি পদক্ষেপ নেওয়া উচিত?,no,,
prot_0037_04,Iftiaq,43,আমি তার কথায় রাজি না থাকায় সে আমাকে তুলে নিয়ে যাওয়ার হুমকি দেয়। এ নিয়ে আমি ও আমার পরিবার খুব চিন্তিত। আমার বয়স এখনো ১৮ হয়নি। সে আমার ছবি ও স্বাক্ষর সংগ্রহ করেছে এবং কোর্ট ম্যারেজের কাগজ তৈরি করেছে। আমি এখন কী করব?,"ওর অনৈতিক প্রস্তাবে রাজি না হওয়ায় সে আমাকে জোরপূর্বক অপহরণ করে তুলে নিয়ে যাওয়ার হুমকি দিচ্ছে, যা নিয়ে আমি ও আমার পরিবার চরম নিরাপত্তাহীনতায় আছি। আমার বয়স এখনও ১৮ বছর পার হয়নি। ইতিমধ্যে সে প্রতারণা করে আমার ছবি ও স্বাক্ষর জোগাড় করে ভুয়া কোর্ট ম্যারেজের কাগজপত্র বানিয়ে রেখেছে। এই বিপদ থেকে বাঁচতে আমি এখন কী করতে পারি?",no,,
prot_0038_05,Iftiaq,59,আমার বিয়ে হয় ২০০৮ সালে। এর এক বছর পর আমার একটি ছেলে হয়। বিয়েতে দেনমোহর যা ছিল তার মধ্যে কিছু টাকা বিয়ের সময় পরিশোধ করা হয়। এটি কাবিনে উল্লেখ আছে। এখন আমি স্ত্রীকে তালাক দিলে আমাকে বাকি আর কত টাকা দিতে হবে এবং আমার স্ত্রী আমার বিরুদ্ধে কোনো আইনি ব্যবস্থা নিতে পারবে কি না? আমার বাচ্চাটি কার কাছে থাকবে?,"২০০৮ সালে আমার বিয়ে হয় এবং এক বছর পর আমাদের একটি ছেলে সন্তানের জন্ম হয়। বিয়ের সময় দেনমোহরের কিছু টাকা পরিশোধ করে কাবিননামায় তা উসুল দেখানো হয়েছিল। এখন যদি আমি স্ত্রীকে ডিভোর্স দিই, তবে দেনমোহরের বাকি কত টাকা আমাকে পরিশোধ করতে হবে? এছাড়া তালাকের পর আমার স্ত্রী কি আমার বিরুদ্ধে কোনো আইনি পদক্ষেপ নিতে পারবে? আর আমাদের নাবালক সন্তানটি কার জিম্মায় থাকবে?",no,,
prot_0041_01,Iftiaq,26,আমি একজন মেয়েকে ভালোবাসি কিন্তু আমাদের দুজনের ধর্ম ভিন্ন। আমি চাই যার যার ধর্ম বজায় রেখে বিয়ে করতে। কি এ ধরনের কোনো আইন আছে? সুনিপুণ কর,আমি ভিন্ন ধর্মের একটি মেয়েকে ভালোবাসি এবং সেও আমাকে ভালোবাসে। আমরা কেউই নিজেদের ধর্ম পরিবর্তন না করে বিয়ে করতে চাই। প্রচলিত আইনে কি এমন কোনো বিধান বা বিশেষ বিয়ের ব্যবস্থা রয়েছে?,yes,,
prot_0043_02,Iftiaq,102,"আমি একজনকে খুব ভালোবাসি। আমাদের সম্পর্কের দুই বছর হয়ে গেছে। সমস্যা হলো সে বিবাহিত। আমার সঙ্গে যখন তার প্রথম পরিচয় হয় তখন তার স্ত্রী পাঁচ মাসের অন্তঃসত্ত্বা। আমার কাছে সে কখনো কিছু লুকায়নি। এক বছর আগে আমরা বিয়ে করেছি। কিন্তু বিয়েতে কোনো কাবিন হয়নি। আমরা কাজি ডেকে তিনজন সাক্ষী রেখে বিয়ে করেছি। তার আগের স্ত্রী থাকায় আমরা তার ভয়ে কাবিন করিনি। দুই মাস আগে সে তার স্ত্রীকে তালাকের চিঠি পাঠায়। তার স্ত্রী কোনো মামলা করেনি। কিন্তু গত দুই মাস ধরে সে আমাকে বলছে, আমার সঙ্গে থাকা তার পক্ষে আর সম্ভব না। এখন আমার প্রশ্ন হলো, আমাদের বিয়েটা কি বৈধ? নাম প্রকাশে অনিচ্ছুক","প্রায় দুই বছর ধরে একটি ছেলের সাথে আমার প্রেমের সম্পর্ক। তবে ছেলেটি আগে থেকেই বিবাহিত ছিল এবং যখন আমাদের পরিচয় হয় তখন তার প্রথম স্ত্রী পাঁচ মাসের গর্ভবতী ছিল। সে আমার কাছে কোনো তথ্য গোপন করেনি। বছরখানেক আগে কাজি ডেকে তিনজন সাক্ষীর উপস্থিতিতে আমরা বিয়ে করি, কিন্তু আগের স্ত্রীর ভয়ে কোনো কাবিন রেজিস্ট্রি করিনি। মাস দুয়েক আগে সে তার প্রথম স্ত্রীকে তালাকের নোটিশ পাঠায় এবং স্ত্রীও কোনো মামলা করেনি। কিন্তু এখন গত দুই মাস ধরে সে উল্টো আমাকেই বলছে যে আমার সাথে আর সংসার করা সম্ভব নয়। আমার জানার বিষয় হলো, কাবিন ছাড়া কেবল কাজি ও সাক্ষীর উপস্থিতিতে হওয়া আমাদের এই বিয়ে কি আইনত বৈধ?",no,,
prot_0045_03,Iftiaq,75,"সে ছিল আমার সহকর্মী। তার সঙ্গে এখন আমার কোনো সম্পর্ক নেই। আমিও সম্পর্ক রাখতে চাই না। কিন্তু আমাকে সে ফোন করে বারবার বিরক্ত করে, অশালীন মেসেজ পাঠায়। সে আমাকে ভালোবাসে কিন্তু বিয়ে করতে পারবে না। সে চায় অন্য কাউকে বিয়ে করে সুখী হই। তার কথা হচ্ছে বিয়ে ছাড়া আমি কোনো বন্ধুর সঙ্গে মিশতে পারব না। সে মাঝে মাঝে এমনভাবে খারাপ আচরণ করে, ইচ্ছে হয় থানায় অভিযোগ করি। কিছুই বুঝতে পারছি না কী করব?নাম প্রকাশে অনিচ্ছুকঢাকা","আমার এক প্রাক্তন সহকর্মীর সাথে আগে পরিচয় থাকলেও বর্তমানে তার সাথে আমার কোনো সম্পর্ক নেই এবং আমিও কোনো যোগাযোগ রাখতে চাই না। কিন্তু সে অনবরত ফোনে কল দিয়ে আমাকে হয়রান করছে এবং নোংরা বার্তা পাঠাচ্ছে। সে দাবি করে সে আমাকে ভালোবাসে কিন্তু বিয়ে করতে পারবে না, আবার আমি কোনো বন্ধুবান্ধবের সাথে মিশলে বাজে ব্যবহার করে বাধা দেয়। তার এই উত্যক্ত করার মাত্রা এতটাই বেড়েছে যে থানায় যেতে ইচ্ছে করে। এমন মানসিক নির্যাতনের হাত থেকে বাঁচতে আমি আইনিভাবে কী পদক্ষেপ নিতে পারি?",yes,,
prot_0047_03,Iftiaq,107,আমার বিয়ে হয়েছে প্রায় আট বছর। আমার একটি ছয় বছরের ছেলে আছে। কিন্তু বিয়ের পর থেকেই স্বামীর সঙ্গে বনিবনা হচ্ছে না। আজ থেকে প্রায় সাত মাস আগে একটি ছেলের সঙ্গে আমার সম্পর্ক হয়। একপর্যায়ে আমি তার সঙ্গে পালিয়ে গিয়ে আমার আগের স্বামীকে তালাক দিয়ে তাকে বিয়ে করি। কিন্তু আমার আগের স্বামী এখনো পর্যন্ত জানে না যে তাকে আমি তালাক দিয়েছি। এখন নিজে থেকেই আমাকে তালাক দিতে চায়। আমি আমার বিয়ের ১০-১২ দিনের মধ্যেই আমার বাবার বাসায় ফিরে আসি। অন্যদিকে আমি যাকে বিয়ে করেছি তার সঙ্গেও আমার সম্পর্ক ভালো যাচ্ছে না। আমি জানতে চাচ্ছি যে আগের স্বামীকে তালাক দিয়ে যে বিয়ে করেছি সেটা বৈধ কি না?নাম প্রকাশে অনিচ্ছুক,"আট বছর আগে আমার বিয়ে হয়েছিল এবং আমাদের ছয় বছরের একটি ছেলেসন্তান আছে। স্বামীর সাথে বনিবনা না হওয়ায় প্রায় সাত মাস আগে অন্য একটি ছেলের সাথে সম্পর্কে জড়িয়ে আমি পালিয়ে যাই এবং প্রথম স্বামীকে তালাক পাঠিয়ে সেই ছেলেটিকে বিয়ে করি। কিন্তু আমার আগের স্বামী আজও জানে না যে আমি তাকে তালাক দিয়েছি এবং এখন সে নিজে থেকেই আমাকে ডিভোর্স দিতে চাচ্ছে। এদিকে পালিয়ে বিয়ের ১০-১২ দিন পরই আমি বাপের বাড়িতে ফিরে এসেছি এবং দ্বিতীয় স্বামীর সাথেও আমার বনিবনা হচ্ছে না। এখন আমার প্রথম স্বামীকে ডিভোর্স না পৌঁছানো অবস্থায় যে দ্বিতীয় বিয়েটি করেছিলাম, তা কি আইনত বৈধ হয়েছে?",no,,
prot_0048_04,Iftiaq,51,আমার বাবা মারা গেছেন ২০০৫ সালে। আমার দাদা-দাদি এখনো জীবিত আছেন। আমার বাবা কিছু সম্পত্তি কিনে নিজ নামে নিবন্ধন করেছিলেন। তাঁর নামেই নামজারি আছে। এখন আমার দাদা-দাদি সেই সম্পত্তির তিন ভাগের এক ভাগ দাবি করছেন। বাবার ওয়ারিশ হিসেবে আমার মা এবং আমরা দুই ভাই আছি। সেই সম্পত্তি কি আমার দাদি পাবেন?হাসানুলনাটোর,"২০০৫ সালে আমার বাবা ইন্তেকাল করেছেন, তবে আমার দাদা ও দাদি দুজনেই এখনো জীবিত। বাবা জীবিত থাকাকালে নিজের উপার্জনে কিছু জমি কিনে নিজ নামে রেজিস্ট্রি ও নামজারি করিয়েছিলেন। বাবার মৃত্যুর পর ওয়ারিশ হিসেবে মা এবং আমরা দুই ভাই আছি। কিন্তু এখন দাদা-দাদি বাবার সেই স্বোপার্জিত সম্পত্তির এক-তৃতীয়াংশ দাবি করছেন। বাবার কেনা ওই সম্পত্তিতে কি আমার দাদি আইন বা শরিয়ত মোতাবেক কোনো অংশ পাবেন?",yes,,
prot_0050_02,Iftiaq,118,"একটি মেয়েকে অনেক ভালোবাসি। সেও আমাকে ভালোবাসে। সমস্যা হচ্ছে, মেয়েটি বিবাহিত, তার দুটি কন্যাসন্তান আছে। মেয়েটির স্বামী প্রবাসী। তিন বছর হয় তার কোনো খোঁজখবর নেননি। আমাদের সম্পর্ক প্রায় তিন-চার বছরের। একসময় সবাই আমাদের সম্পর্কের কথা জেনে যায়। একপ্রকার পারিবারিক সালিসও বসে। তখন মেয়েটির স্বামী ফোনে বলেছেন, তাকে তালাক দেবেন। দুই মাস পর বিদেশ থেকে এসে যা করার, তা-ই করবেন, বলেছেন। আমি একটি চাকরি করি। অবিবাহিত। মেয়েটির পরিবার থেকে আমাকে একপ্রকার হুমকি দেওয়া হয়েছে। আমি মেয়েটিকে বিয়ে করতে চাই। কিন্তু সে আমাকে জানিয়েছে, ওর স্বামী না আসা পর্যন্ত কিছুই বলতে পারবে না। ভবিষ্যতে আমি যদি ওকে বিয়ে করি, তা হলে কোনো সমস্যায় পড়ব কি? মেয়েটি আমাকে বিয়ে করতে না চাইলে ওর পরিবার কি আমাকে কোনো আইনি ঝামেলায় ফেলতে পারবে?","আমি একটি মেয়েকে গভীরভাবে ভালোবাসি এবং সেও আমাকে ভালোবাসে। মেয়েটি দুই কন্যাসন্তানের মা এবং তার স্বামী একজন প্রবাসী, যিনি বিগত তিন বছর ধরে স্ত্রীর কোনো খোঁজখবর নেন না। আমাদের তিন-চার বছরের সম্পর্কের বিষয়টি জানাজানি হলে পারিবারিক সালিস বসে। তখন মেয়েটির স্বামী ফোনে জানান যে তিনি দেশে ফিরে স্ত্রীকে তালাক দেবেন এবং দেখে নেবেন। আমি অবিবাহিত এবং একটি চাকরি করি। মেয়েটির পরিবার থেকে আমাকে হুমকি দেওয়া হচ্ছে। আমি তাকে বিয়ে করতে সম্পূর্ণ প্রস্তুত, কিন্তু মেয়েটি বলছে তার স্বামী দেশে না ফেরা পর্যন্ত সে কোনো সিদ্ধান্ত নিতে পারবে না। আমি যদি পরবর্তীতে আগের স্বামীর বিচ্ছেদের পর তাকে বিয়ে করি তবে কি কোনো আইনি সমস্যা হবে? আর মেয়েটি যদি শেষ পর্যন্ত বিয়ে না করতে চায়, তবে তার পরিবার কি আমার বিরুদ্ধে কোনো মামলা বা আইনি হয়রানি করতে পারবে?",no,,
prot_0052_02,Iftiaq,99,"আমরা এক ভাই, এক বোন। আমার বয়স ২৩, বোনের ১৪। বছর খানেক আগে আমার মা মারা যাওয়ার পর আমার বাবা দ্বিতীয় বিয়ে করেন। দ্বিতীয় বিয়ের সময় বাবাকে আমি বলেছি, আমার ও আমার বোনের নামে তাঁর তিনতলা বাড়িটি লিখে দিতে। এতে তিনি অজুহাত দেন যে বাড়ি নিবন্ধন করতে অনেক টাকার প্রয়োজন। তিনি বলেন, একটি স্ট্যাম্পে সবকিছু লিখে আমার ও তাঁর স্বাক্ষর নিয়ে দুজন সাক্ষী রাখলে তিনি এ বাড়ি আর কারও নামে দিতে পারবেন না। এখন কি এ পদ্ধতিতে আমি ও আমার বোন আমাদের প্রাপ্য পাব? উল্লেখ্য, বাড়ির জায়গার কাগজপত্র সব আমার কাছে আছে, যা আমার বাবাই আমার কাছে রাখতে দিয়েছেন।মাসুদকুমিল্লা","আমরা এক ভাই ও এক বোন; আমার বয়স ২৩ আর বোনের বয়স ১৪ বছর। বছরখানেক আগে মা মারা যাওয়ার পর বাবা দ্বিতীয় বিয়ে করেছেন। সৎমা আসার সময় বাবাকে অনুরোধ করেছিলাম তাঁর তিনতলা বাড়িটি আমাদের দুই ভাইবোনের নামে লিখে দিতে। কিন্তু বাবা রেজিস্ট্রেশন খরচের অজুহাত দেখিয়ে বলেন যে নন-জুডিশিয়াল স্ট্যাম্পে লিখে দুজনের সই ও সাক্ষী রাখলেই নাকি বাড়িটি অন্য কাউকে দেওয়া যাবে না। জমির সমস্ত মূল কাগজপত্র বাবার সম্মতিতেই আমার কাছে রাখা আছে। স্ট্যাম্পে এভাবে লিখে দিলে কি আইনগতভাবে আমরা বাড়ির নিরঙ্কুশ মালিকানা পাব, নাকি রেজিস্ট্রি দলিল ছাড়া এর কোনো মূল্য নেই?",yes,,
prot_0053_01,Iftiaq,81,আমার বিয়ে হয়েছে ১০ বছর। সংসারে দুটি মেয়ে আছে। আমার স্বামী ২০০৮ সালে বিদেশে যায়। সেখানে ফোনে একটি মেয়ের সঙ্গে তার সম্পর্ক হয়। ২০১০ সালে সে এক মাসের ছুটিতে দেশে আসে। তখন তাকে জিজ্ঞেস করলে সে এই সম্পর্কের কথা অস্বীকার করে। কিন্তু আবার বিদেশ যাওয়ার আগে কাউকে না জানিয়ে সেই মেয়েকে বিয়ে করে। আমার স্বামী এখনো বিদেশে থাকে। শ্বশুরবাড়ির কেউ এ নিয়ে কিছু বলছে না। সে ওই মেয়েকে তালাকও দেবে না; বরং আমাকে নানা হুমকি দিচ্ছে। এখন কী করতে পারি?সখিনা চাঁদপুর,আমাদের বিয়ের ১০ বছর পেরিয়ে গেছে এবং আমাদের দুটি কন্যাসন্তান রয়েছে। স্বামী ২০০৮ সালে বিদেশে যান এবং সেখানে ফোনে এক মেয়ের সাথে সম্পর্কে জড়ান। ২০১০ সালে দেশে ছুটিতে এলে অস্বীকার করলেও বিদেশে ফেরার পূর্বে তিনি গোপনে কাউকে না জানিয়ে ওই মেয়েকে দ্বিতীয় বিয়ে করেন। স্বামী এখনো প্রবাসেই আছেন এবং শ্বশুরবাড়ির লোকজনও কোনো পদক্ষেপ নিচ্ছে না। তিনি দ্বিতীয় স্ত্রীকে তালাক দিতে অস্বীকার করে উল্টো আমাকে নানা হুমকি দিচ্ছেন। এই পরিস্থিতিতে প্রথম স্ত্রী হিসেবে আমার আইনগত করণীয় কী?,yes,,
prot_0054_02,Iftiaq,110,"আমরা পাঁচ বোন এক ভাই। আমার ভাই ১৯৯৯ সালে ক্যানসারে আক্রান্ত হয়ে মারা যান। তিনি দুই নাবালক ছেলে ও এক বিবাহিত মেয়ে রেখে যান। আমার বাবার ১৭২ শতাংশ জমি আছে। এ ছাড়া বাকি সব জমি নদীর ভাঙনে নিয়ে যায়। ভাই মারা যাওয়ার পর আমার বাবা ৬২ শতাংশ জমি ভাইয়ের সন্তানদের নামে লিখে দেন। তখন ভাইয়ের ছেলেরা নাবালক ছিল। এরপর ২০০৭ সালে বাবা মারা যান, তখন অবশিষ্ট ১১০ শতাংশ জমি নিয়ে কথা হলে জানতে পারি যে সেই সম্পত্তি ভাইয়ের স্ত্রী ও সন্তানদের নামে লিখে দেওয়া হয়েছে। আমার প্রশ্ন, মেয়েরা কি এ কারণে বাবার সম্পত্তি থেকে বঞ্চিত হবে? যদি আইনের আশ্রয় নেওয়া হয়, তাহলে কি বাবার সম্পত্তি আমরা পাব? নাম প্রকাশে অনিচ্ছুক","আমরা পাঁচ বোন ও এক ভাই ছিলাম। ১৯৯৯ সালে আমার ভাই ক্যানসারে মারা যান এবং দুটি অপ্রাপ্তবয়স্ক ছেলে ও এক বিবাহিত মেয়ে রেখে যান। বাবার মোট ১৭২ শতক জমি ছিল, বাকি সব নদীগর্ভে বিলীন হয়ে গেছে। ভাইয়ের মৃত্যুর পর বাবা ৬২ শতক জমি ওই নাবালক নাতিদের নামে লিখে দেন। পরবর্তীতে ২০০৭ সালে বাবাও মারা যান। তখন অবশিষ্ট ১১০ শতক জমির ব্যাপারে জানতে পারি যে বাবা নাকি তাও গোপনে মৃত ভাইয়ের স্ত্রী ও সন্তানদের নামে হেবা বা লিখে দিয়ে গেছেন। কন্যা সন্তান হওয়ার কারণে কি আমরা বাবার সম্পত্তি থেকে পুরোপুরি বঞ্চিত হব? আমরা যদি দলিল বাতিলের জন্য আদালতে মামলা করি তবে কি আমাদের ন্যায্য অংশ ফিরে পাব?",no,,
prot_0055_04,Iftiaq,119,"আমার বাবার দুই ভাই এক বোন। বোন সবার বড়। বাবা তাঁর বড় বোনের স্বামীর কাছ থেকে ২০ বছর আগে ৫০ কাঠা জমি ৪০ হাজার টাকায় কিনেছিলেন। তা অবশ্য কিনেছিল বিশ্বাসের ওপর ভিত্তি করে। কিন্তু কোনো কাগজে লিখিত হয়নি বা কোনো ডিড সম্পাদন করা হয়নি। আমাদের কাছে প্রমাণ বলতে ফুফুর হাতে লেখা তিনটি চিঠি রেখেছি। সেই চিঠিতে এমন লেখা আছে যে তুমি আমার কাছ থেকে ৪০ হাজার টাকা দিয়ে জমিটি ক্রয় করো, পরে সময় করে এসে তোমাকে জমি লিখে দেব। কিন্তু বাবার বড় বোনের স্বামী কাউকে কিছু না বলে সেই জমিটি আমার ছোট চাচার কাছে নামমাত্র মূল্যে বিক্রি করে দিয়েছেন। ছোট চাচা সেই জমি বিক্রির জন্য পাঁয়তারা করছেন। এ অবস্থায় আমরা কি মামলা বা আইনের আশ্রয় নিতে পারি?মো. প্রিন্স হায়দারঢাকা","আমার বাবার দুই ভাই ও এক বোন, ফুফুই সবার বড়। প্রায় ২০ বছর আগে বাবা তাঁর বড় বোনের স্বামীর (ফুফা) কাছ থেকে বিশ্বাসের ভিত্তিতে ৪০ হাজার টাকায় ৫০ কাঠা জমি কিনেছিলেন। তবে তখন কোনো বায়না দলিল বা রেজিস্ট্রি করা হয়নি। আমাদের কাছে প্রমাণ হিসেবে ফুফুর নিজের হাতে লেখা তিনটি চিঠি আছে, যাতে স্পষ্ট বলা ছিল টাকা নিয়ে জমি ভোগ করতে এবং পরবর্তীতে সুবিধাজনক সময়ে রেজিস্ট্রি করে দেওয়া হবে। কিন্তু ফুফা কাউকে কিছু না জানিয়ে সম্প্রতি সেই জমিটি আমার ছোট চাচার কাছে নামমাত্র মূল্যে রেজিস্ট্রি করে দিয়েছেন এবং ছোট চাচা তা অন্যের কাছে বিক্রির চেষ্টা করছেন। এই অবস্থায় আমরা কি দেওয়ানি আদালতে মামলা করে জমিটি উদ্ধার করতে পারব?",yes,,
prot_0056_05,Iftiaq,165,"আমি স্নাতক পর্যায়ে পড়াশোনা করছি। আমার বাবা একটি ব্যাংকে কর্মরত। তিনি প্রথম স্ত্রী থাকা সত্ত্বেও আমার মাকে জোরপূর্বক বিয়ে করেন। তার এক বছর পর আমার জন্ম হয়। আমার জন্মের কিছুদিন পর থেকেই আব্বু এবং তাঁর প্রথম স্ত্রী মিলে আমাকে মেরে ফেলার চেষ্টা করলে এক রাতে মা আমাকে নিয়ে পালিয়ে নানার বাসায় চলে আসেন। এরপর বাবা কাউকে না জানিয়ে মাকে তালাক দেন। কিন্তু মা আজ পর্যন্ত এ বিষয়ে কোনো কাগজপত্র পাননি। বাবা অনেক ক্ষমতাবান এবং অর্থসম্পদের মালিক। তাঁর প্রথম স্ত্রীর দুই ছেলে ও এক মেয়ে। আমার মায়ের সন্তান আমি একাই। কিছুদিন আগে শুনেছি, বাবার সব সম্পত্তি তাঁর দুই ছেলে এবং এক মেয়ের নামে লিখে দিয়েছেন। বাবার সঙ্গে আমি অনেকবার যোগাযোগ করার চেষ্টা করেছি, কিন্তু কোনো লাভ হয়নি। তিনি ও তাঁর স্ত্রী মিলে আমাকে মেরে ফেলার হুমকি দেন। আম্মুর আর্থিক অবস্থা ভালো না। তিনি অনেক কষ্ট করে আমাকে পড়াশোনা করাচ্ছেন। তিনি অসুস্থ থাকায় আমার পড়াশোনা বন্ধ হয়ে গেছে। আমি কি আইনসম্মতভাবে বাবার কোনো সম্পদের অংশ পেতে পারি? তাঁর পেনশনের টাকার অংশ আমি পাব কি? নাম প্রকাশে অনিচ্ছুক","আমি অনার্সে পড়ছি। আমার বাবা একটি ব্যাংকের পদস্থ কর্মকর্তা। প্রথম স্ত্রী থাকা সত্ত্বেও তিনি আমার মাকে জোর করে বিয়ে করেছিলেন এবং এর এক বছর পর আমার জন্ম হয়। জন্মের পর থেকেই বাবা ও তাঁর প্রথম স্ত্রী আমাকে হত্যার চেষ্টা করায় মা এক রাতে আমাকে নিয়ে নানাবাড়িতে পালিয়ে আসেন। এরপর বাবা গোপনে মাকে তালাক দেন যার কোনো কাগজপত্র মা পাননি। বাবা অত্যন্ত বিত্তবান ও প্রভাবশালী; তাঁর প্রথম সংসারে দুই ছেলে ও এক মেয়ে রয়েছে, আর মায়ের ঘরে আমি একমাত্র সন্তান। সম্প্রতি জানতে পেরেছি বাবা তাঁর সমুদয় সম্পত্তি প্রথম পক্ষের সন্তানদের নামে রেজিস্ট্রি করে লিখে দিয়েছেন। বাবার সাথে দেখা করতে গেলে তিনি ও তাঁর স্ত্রী আমাকে প্রাণনাশের হুমকি দেন। মায়ের আর্থিক অবস্থা খুবই খারাপ এবং অসুস্থতার কারণে আমার পড়াশোনাও বন্ধের উপক্রম। আইনত আমি কি বাবার সম্পত্তির কোনো অংশ বা ভরণপোষণ দাবি করতে পারি? আর বাবার অবসরের পর তাঁর পেনশনের টাকায় কি আমার কোনো আইনি অধিকার থাকবে?",no,,
prot_0059_01,Iftiaq,111,"আমি স্নাতক শেষ বর্ষে পড়ি। পাঁচ বছর আগে একটি ছেলের সঙ্গে আমার সম্পর্ক হয়। ছেলেটি ব্যাংকে চাকরি করে। হঠাৎ করে কিছুদিন আগে ছেলেটি বিয়ে করে এবং বিয়ের এক মাস পরই তার স্ত্রী তাকে ছেড়ে চলে যায়। এভাবে প্রায় সাত মাস চলে গেছে। এখন তার স্ত্রী তার কাছে আসতে চায় না। ইদানীং ছেলেটি আমার সঙ্গে প্রায়ই কথা বলে এবং আমাকে নিয়ে সংসার করতে চায়। পারিবারিক চাপেই সে নাকি বিয়ে করতে পারেনি এবং এটা নাকি তার জীবনের সবচেয়ে বড় ভুল। এখন আমার পক্ষে কি এ বিয়ে করা ঠিক হবে? আমি অবিবাহিত। হিন্দু আইন অনুযায়ী বিবাহিত ছেলেকে কি বিয়ে করা যায়? ছেলেটি চায়, তার স্ত্রী থেকে আলাদা হয়ে যেতে। এটা কি সম্ভব?নাম প্রকাশে অনিচ্ছুকহবিগঞ্জ","আমি ডিগ্রির ফাইনাল ইয়ারে পড়ি। পাঁচ বছর ধরে ব্যাংক কর্মকর্তা একটি ছেলের সাথে আমার প্রেমের সম্পর্ক ছিল। কিন্তু পারিবারিক চাপে পড়ে কিছুদিন আগে সে অন্য এক মেয়েকে বিয়ে করে, যদিও বিয়ের এক মাসের মাথাতেই তার স্ত্রী তাকে ছেড়ে চলে যায়। এভাবে সাত মাস কেটে গেছে এবং স্ত্রী আর ফিরতে নারাজ। এখন ছেলেটি অনুতপ্ত হয়ে আমাকে বলছে বিয়ে করাটাই ওর জীবনের সবচেয়ে বড় ভুল ছিল এবং সে আমাকে নিয়েই ঘর বাঁধতে চায়। সনাতন (হিন্দু) ধর্মীয় আইন অনুযায়ী প্রথম স্ত্রী বর্তমান থাকা অবস্থায় কি কোনো হিন্দু পুরুষ দ্বিতীয় বিয়ে করতে পারেন? আর ছেলেটি যদি প্রথম স্ত্রীর সাথে আইনি বিচ্ছেদ ঘটাতে চায়, তবে হিন্দু আইনে তা কি সম্ভব?",yes,,
prot_0060_02,Iftiaq,112,"২০০৮ সালে একটি ছেলের সঙ্গে সম্পর্ক গড়ে ওঠে। এরপর আমাদের শারীরিক সম্পর্ক চলতে থাকে ২০১১ সালের মে মাস পর্যন্ত। হঠাৎ আমি ছেলেটিকে না জানিয়ে ২০১১ সালের জুলাই মাসে সামাজিকভাবে অন্য এক ছেলেকে বিয়ে করি। সে সরকারি চাকরি করে এবং ঢাকায় বাড়ি আছে। আগের ছেলেটি আমাকে বিয়ে করতে রাজি ছিল। কিন্তু আমি করিনি। কারণ, সে তখনো প্রতিষ্ঠিত হয়নি। তার কাছে আমাদের শারীরিক সম্পর্কের ভিডিওচিত্রসহ অনেক প্রমাণ আছে। এখন নাকি সে ওই ভিডিওচিত্র আমার স্বামীকে দেখাবে। কারণ, আমি নাকি তাকে খুব কষ্ট দিয়েছি এবং আর্থিক ও মানসিক ক্ষতি করেছি। তাকে যত বোঝানো হয় সে কিছুই বোঝে না। এখন আমি কী করতে পারি? ছেলেটি কি আমার বিরুদ্ধে কোনো আইনগত ব্যবস্থা নিতে পারবে? নাম প্রকাশে অনিচ্ছুক",২০০৮ সাল থেকে ২০১১ সালের মে মাস পর্যন্ত একটি ছেলের সাথে আমার গভীর সম্পর্ক ও মেলামেশা ছিল। কিন্তু ছেলেটি আর্থিকভাবে প্রতিষ্ঠিত না হওয়ায় ২০১১ সালের জুলাইয়ে তাকে কিছু না জানিয়ে পারিবারিকভাবে সরকারি চাকরিজীবী এক বিত্তবান পাত্রের সাথে আমার বিয়ে হয়ে যায়। এখন আগের ছেলেটি দাবি করছে আমি তার সাথে প্রতারণা করেছি এবং তার কাছে আমাদের অন্তরঙ্গ মুহূর্তের গোপন ভিডিও ও ছবি রয়েছে যা সে আমার স্বামীকে দেখিয়ে সংসার ভেঙে দেবে বলে ব্ল্যাকমেইল করছে। তাকে অনেক বুঝিয়েও লাভ হচ্ছে না। এই গোপন ভিডিও ফাঁসের ভয় দেখিয়ে সে কি আমার বিরুদ্ধে কোনো মামলা করতে পারে? আর তার এই হয়রানি ও ব্ল্যাকমেইল ঠেকাতে আমি কীভাবে আইনের আশ্রয় নেব?,no,,
prot_0062_01,Iftiaq,94,"আমার স্বামীর নামে ঢাকায় একটি ফ্ল্যাট আছে। তাঁরা দুই ভাই ও এক বোন। আর আমাদের এক কন্যাসন্তান। ভবিষ্যতে আমরা আর কোনো সন্তান না নেওয়ার সিদ্ধান্ত নিয়েছি। এখন আমার প্রশ্ন হলো, আমার স্বামীর অবর্তমানে এই ফ্ল্যাটটির অংশীদার কে হবে? আমরা চাই, আমাদের কন্যা সব সম্পত্তির মালিক হোক। এ ব্যাপারে আমাদের করণীয় কী হতে পারে? আমি আমার মা-বাবার একমাত্র সন্তান। আমার নিজ নামে সম্পত্তি থাকলে আমার অবর্তমানে তার মালিক কে হবে? আমার মায়ের নামে ঢাকার অদূরে একটি জমি আছে। এ ক্ষেত্রে তাঁর অবর্তমানে ওই জমির ওয়ারিশ কে হবে? আমার মায়ের ভাইবোনেরা কি ওই জমির অংশীদার হবেন?সোনিয়াঢাকা","আমার স্বামীর নামে শহরে একটি ফ্ল্যাট রয়েছে। স্বামীর পরিবারে দুই ভাই ও এক বোন আছেন, আর আমাদের একমাত্র সন্তান একটি মেয়ে। আমরা আর কোনো সন্তান নেব না বলে স্থির করেছি। স্বামীর অবর্তমানে এই ফ্ল্যাটের মালিকানা কে কে পাবে? আমরা চাই পুরো ফ্ল্যাটটি যেন আমাদের একমাত্র মেয়েই পায়, এজন্য জীবিতাবস্থায় কী আইনি ব্যবস্থা করা দরকার? দ্বিতীয়ত, আমি বাবা-মায়ের একমাত্র সন্তান হওয়ায় আমার নিজের সম্পত্তির মালিক আমার অবর্তমানে কারা হবে? তৃতীয়ত, আমার মায়ের নামে যে জমি রয়েছে, মা মারা গেলে কি কেবল আমিই পাব নাকি মায়ের ভাইবোনেরাও (মামা-খালা) তাতে অংশীদার হবেন?",yes,,
prot_0062_06,Iftiaq,119,"আমার নানা দুই ছেলে ও তিন মেয়ে রেখে মারা যান। নানার সম্পত্তি মুসলিম আইন অনুযায়ী ছেলেমেয়েদের মধ্যে ভাগ হয়। পরবর্তীকালে আমার বড় মামা ও মামি নিঃসন্তান অবস্থায় মারা যান। আমার বড় মামার একজন পালিত মেয়ে আছে। সেই মেয়ের সনদ ও বিয়ের কাবিননামায় বাবা হিসেবে আমার বড় মামার নাম উল্লেখ আছে। এখন পালিত মেয়েটি বড় মামার মেয়ে হিসেবে সম্পত্তি দাবি করছে। অনেকে বলছে, পালিত মেয়েটি যদি নিজেকে আমার বড় মামার আপন মেয়ে হিসেবে প্রমাণ করতে পারে, তবে শুধু আমার ছোট মামা ও মেয়েটি ওই সম্পত্তির উত্তরাধিকারী হবে এবং আমার মা ও আপন দুই খালা সে সম্পত্তি পাবেন না। এটা কি ঠিক? উল্লেখ্য, আমার এক খালা ভারতের নাগরিক। শুধু সনদ দিয়ে মেয়েটি কি নিজের মেয়ে হিসেবে প্রমাণ করতে পারবে?নাম প্রকাশে অনিচ্ছুক","আমার নানা দুই ছেলে ও তিন মেয়ে রেখে ইন্তেকাল করেন এবং সম্পত্তি সন্তানদের মধ্যে বাটোয়ারা হয়। পরবর্তীতে আমার বড় মামা ও মামি নিঃসন্তান অবস্থায় মারা যান। তবে বড় মামার একটি দত্তক বা পালিত মেয়ে ছিল, যার সার্টিফিকেটে ও কাবিনে মামার নাম বাবার স্থানে লেখা রয়েছে। এখন সেই পালিত মেয়েটি বড় মামার রেখে যাওয়া সম্পত্তির ওয়ারিশ দাবি করছে। অনেকে রটাচ্ছে যে মেয়েটি যদি নিজেকে মামার ঔরসজাত প্রমাণ করে তবে কেবল ছোট মামা আর সে-ই সম্পত্তি পাবে, আমার মা ও অন্য দুই খালা নাকি বঞ্চিত হবেন। মুসলিম আইনে পালিত সন্তান কি সম্পত্তির উত্তরাধিকারী হতে পারে? শুধু জন্মসনদ বা সার্টিফিকেটে নাম থাকলেই কি সে নিজেকে ঔরসজাত কন্যা হিসেবে দাবি করতে পারবে?",no,,
prot_0063_02,Iftiaq,66,"আমি আমার বাবা-মায়ের একমাত্র কন্যাসন্তান। আমার মায়েরা তিন বোন ও দুই ভাই। অন্য দুই খালা আমার নানার সম্পত্তির অংশ বুঝে নিয়েছেন। উল্লেখ্য, দুই খালা প্রত্যেকে সাড়ে চার বিঘা করে জমি পেয়েছেন। কিন্তু আমার মা জীবিত থাকা অবস্থায় তাঁর সম্পত্তি নেননি। আমার বড় মামা মায়ের আগে মারা গেছেন এবং ছোট মামা মায়ের মৃত্যুর পর মারা গেছেন। প্রশ্ন হলো, নানার সম্পত্তির অংশ কীভাবে, কতটুকু পাব? নাম-ঠিকানা পাওয়া যায়নি",আমি বাবা-মায়ের একমাত্র কন্যা। আমার নানার পরিবারে তিন মেয়ে ও দুই ছেলে ছিলেন। নানার মৃত্যুর পর অন্য দুই খালা প্রত্যেকে সাড়ে চার বিঘা করে তাঁদের অংশের জমি বুঝে নিয়েছেন। কিন্তু মা বেঁচে থাকতে তাঁর জমি বুঝে নেননি। বড় মামা মায়ের আগেই মারা যান এবং ছোট মামা মায়ের মৃত্যুর পরে মারা যান। এখন মায়ের একমাত্র ওয়ারিশ হিসেবে নানার সম্পত্তিতে আমি কীভাবে এবং কতটুকু জমি দাবি করতে পারব?,no,,
prot_0064_04,Iftiaq,152,"১৯৯৮ সালে খালাতো বোনকে বাবা-মায়ের অনুরোধে বিয়ে করি। বর্তমানে বেসরকারি সংস্থায় কর্মরত। আমার দুটি পুত্রসন্তান আছে—বয়স নয় ও তিন বছর। বিয়ের পর থেকেই শ্বশুরবাড়ি ও আমার স্ত্রীর পক্ষ থেকে আমার লেখাপড়া বন্ধ করে কর্মজীবনে প্রবেশের পরামর্শ ছিল। বাবা দিনমজুর ছিলেন। তবু আমি আমার বাবা-মায়ের বড় সন্তান হিসেবে বহু ত্যাগের বিনিময়ে পড়া শেষ করেছি। শ্বশুর সরকারি চাকরি করেন। শ্বশুরবাড়ি আমার বাড়ি থেকে ১০০ গজ দূরে। আমার স্ত্রী আমার সঙ্গে সর্বদাই গালমন্দ ও মেজাজ দেখিয়ে আচরণ করে। সাংসারিক ভালো-মন্দ বা বাচ্চাদের লেখাপড়া নিয়ে খোঁজখবর জানতে চাইলেও তার কাছে শান্তি পাই না। আমার নামে মানুষের কাছে বিভিন্ন রকমের বদনাম রটায়। আমাকে বিভিন্ন সময় শারীরিক নির্যাতনও করেছে। তার প্রতিকার পাইনি। তার মা-বাবাকে অভিযোগ করলে বরং উল্টো বুঝে আমার বিরুদ্ধে সালিস ডাকেন। এর পরিপ্রেক্ষিতে প্রতিবাদ করলে সে আত্মহত্যার চেষ্টা করে। দিন দিন অশান্তি বৃদ্ধি পাচ্ছে। এখন আমি কী করব জানালে উপকৃত হব। যদি আমি বিবাহবিচ্ছেদ ঘটাতে চাই, তাহলে আইনি কোন প্রক্রিয়ায় গেলে আমার কোনো সমস্যা হবে না?","১৯৯৮ সালে পরিবারের পছন্দে আমার খালাতো বোনকে বিয়ে করি। বর্তমানে একটি বেসরকারি সংস্থায় চাকরি করছি এবং আমাদের নয় ও তিন বছর বয়সী দুটি ছেলে রয়েছে। আমি অসচ্ছল পরিবারের বড় ছেলে হওয়ায় বহু কষ্টে নিজের পড়াশোনা শেষ করে প্রতিষ্ঠিত হয়েছি। শ্বশুরবাড়ি কাছে হওয়ায় স্ত্রী প্রতিনিয়ত আমার সাথে দুর্ব্যবহার, গালাগালি ও শারীরিক নির্যাতন পর্যন্ত করে থাকে। সংসারে কোনো শান্তি নেই, বরং পাড়া-প্রতিবেশীর কাছে সে আমার নামে নানা মিথ্যা অপবাদ ছড়ায়। তার বাবা-মায়ের কাছে অভিযোগ জানালে উল্টো আমার বিরুদ্ধেই সালিস বসায় এবং সামান্য প্রতিবাদ করলেই সে আত্মহত্যার নাটক করে আমাকে ফাঁসানোর চেষ্টা করে। এই অসহনীয় অশান্তি থেকে মুক্তি পেতে আমি যদি আইনিভাবে ডিভোর্স দিতে চাই, তবে কোন প্রক্রিয়ায় এগোলে আমার কোনো আইনি ঝামেলা বা হয়রানি হবে না?",no,,
prot_0065_04,Iftiaq,45,স্বামী ও দুই মেয়ে নিয়ে আমার পরিবার। আমি একটি ফ্ল্যাট কিনে বসবাস করছি এবং আমার কিছু ‘পরিবার সঞ্চয়পত্র’ আছে। আমার অবর্তমানে ফ্ল্যাটের মালিকানা দুই মেয়েকে দিয়ে যেতে চাই। সে ক্ষেত্রে উইল করতে পারব কি? সঞ্চয়পত্রে নমিনি ছাড়া আর কেউ বৈধ মালিকানা দাবি করতে পারে কি?,"স্বামী ও দুই কন্যাকে নিয়ে আমার সংসার। নিজের উপার্জনে কেনা একটি ফ্ল্যাটে বসবাস করি এবং আমার কিছু সঞ্চয়পত্র কেনা রয়েছে। আমার মৃত্যুর পর ফ্ল্যাটের সম্পূর্ণ মালিকানা যেন শুধু আমার দুই মেয়ে পায়, সেজন্য কি আমি তাদের অনুকূলে উইল বা অসিয়ত করে যেতে পারি? আর সঞ্চয়পত্রে যাকে নমিনি করা থাকবে, তার বাইরে কি অন্য কোনো ওয়ারিশ এর মালিকানা দাবি করতে পারবে?",no,,
prot_0066_05,Iftiaq,157,"আমি যখন স্নাতক (সম্মান) শেষ বর্ষের ছাত্র, তখন আমাদের বাড়ির পাশের প্রাইমারি স্কুলের এক শিক্ষিকার সঙ্গে আমার বড় ভাইয়ের বিয়ের কথা চলছিল। এরপর হঠাৎ একদিন আমার বড় ভাই অসুস্থ হয়ে মারা যান। আমি মানসিকভাবে একেবারে ভেঙে পড়ি। মেয়েটিও খুব কষ্ট পায়। সেই থেকে মেয়েটি প্রায়ই আমাদের বাড়িতে আসত, সবার খোঁজখবর নিত। এভাবে মেয়েটির সঙ্গে আমার ঘনিষ্ঠতা বাড়তে থাকে। একপর্যায়ে আমরা পরস্পরকে ভালোবেসে ফেলি। কিন্তু কিছুদিন যেতে না-যেতেই এক প্রবাসী ছেলের সঙ্গে তার বিয়ে হয়ে যায়। অনেক দিন পর মুঠোফোনের মাধ্যমে মেয়েটির সঙ্গে আমি যোগাযোগ করলে সে তার ভুল স্বীকার করে। এরপর আবার তার সঙ্গে সম্পর্ক হয়। বিয়ের পর মেয়েটি এক দিনের জন্যও সুখী হতে পারেনি। মেয়েটির স্বামী প্রায় সময়ই দেশের বাইরে অবস্থান করেন। মেয়েটি তার শিক্ষকতার স্বল্প আয়ে দুটি অবুঝ সন্তান নিয়ে কোনোভাবে দিন যাপন করছে। মেয়েটির স্বামী আমাদের ব্যাপারে সবকিছুই জানেন। আমাকে তিনি কয়েকবার এই ব্যাপারে হুমকিও দিয়েছেন। এখন আমরা পেছনের সবকিছু ভুলে যদি আবার নতুন করে জীবন শুরু করি, তাহলে কি কেনো আইনি জটিলতায় পড়ব?","অনার্স শেষ বর্ষে পড়ার সময় প্রতিবেশী এক স্কুল শিক্ষিকার সাথে আমার বড় ভাইয়ের বিয়ের কথা চলছিল। কিন্তু ভাই হঠাৎ অসুস্থ হয়ে মারা যান। এর পর থেকে মেয়েটি নিয়মিত আমাদের বাসায় এসে খোঁজখবর নিত এবং একপর্যায়ে আমাদের মধ্যে প্রেমের সম্পর্ক গড়ে ওঠে। কিন্তু পারিবারিক চাপে এক প্রবাসীর সাথে মেয়েটির বিয়ে হয়ে যায়। দীর্ঘদিন পর ফোনে আবার তার সাথে যোগাযোগ হলে সে ভুল স্বীকার করে এবং আমাদের সম্পর্ক পুনরায় শুরু হয়। প্রবাসী স্বামীর সাথে সে কখনোই সুখী হতে পারেনি এবং দুটি ছোট বাচ্চা নিয়ে শিক্ষকতার স্বল্প আয়ে কষ্টে দিন কাটাচ্ছে। তার স্বামী আমাদের সম্পর্কের কথা জেনে আমাকে বেশ কয়েকবার হুমকিও দিয়েছেন। এখন মেয়েটি যদি আগের স্বামীকে ডিভোর্স দিয়ে আমার সাথে নতুন করে সংসার শুরু করতে চায়, তবে আমরা কি কোনো আইনি জটিলতা বা মামলার মুখে পড়ব?",no,,
prot_0067_02,Iftiaq,175,"পারিবারিকভাবেই আমাদের বিয়ে হয়েছিল। আমার স্বামী সে সময় সরকারি কর্মকর্তা ছিলেন। আমাদের ৩২ বছরের বিবাহিত জীবন চলছে। ২০০৫ সালে থেকে আমি ধীরে ধীরে অসুস্থ হয়ে পড়ি। এখন পঙ্গু অবস্থায় জীবন যাপন করছি। বিয়ের কিছুদিন পর লোকমুখে জানতে পারি, আমার স্বামীর সঙ্গে তাঁর এক ভাবি ও ফুফাতো বোনের অবৈধ সম্পর্ক গড়ে উঠেছিল। এসব শুনে আমি আমার বাবার বাড়ি ফিরে আসি এবং এ বিষয়ে তাঁদের জানাই। বাবা ধৈর্য ধরতে বললেন। বাবা একটা সমাধানে আসতে চেয়েছিলেন। ইতিমধ্যে আমার স্বামী নিজের ভুল বুঝতে পেরে আমাকে আবার নিতে আসেন। তিনি বাবা ও অন্য মুরব্বিদের সামনে ক্ষমা চান। আমার পরিবারের সবার সম্মতিতে আমি আবার স্বামীর সঙ্গে ফিরে আসি। কিন্তু ২০০৮ সালে গৃহকর্মীর সঙ্গে তাঁর সম্পর্ক থাকার প্রমাণ পাই। তাঁর জন্য বাসায় কোনো গৃহকর্মী রাখা যেত না। আমার পঙ্গু অবস্থায় তিনি আমাকে না জানিয়ে বাড়ি ছেড়ে চলে যান। এখন আমি একা এবং অসহায়। আমি জানতে চাই, প্রথম স্ত্রীর বিনা অনুমতিতে দ্বিতীয় বিয়ে করা যায় কি না?এমনকি তিনি তাঁর এক ভাতিজিকে তাঁর টাকা-পয়সার নমিনি করে রেখেছেন। জানতে পারি, তিনি আমাদের সেই গৃহকর্মীকে নিয়েই এখন বাস করছেন। আমি আর তাঁর সংসার করতে চাই না","পারিবারিকভাবে বিয়ের পর ৩২ বছর ধরে আমাদের দাম্পত্য জীবন চলছে। স্বামী সাবেক সরকারি কর্মকর্তা। ২০০৫ সাল থেকে মারাত্মক অসুস্থ হয়ে বর্তমানে আমি প্রায় পঙ্গু অবস্থায় দিন কাটাচ্ছি। বিয়ের পর থেকেই স্বামীর চারিত্রিক সমস্যা ছিল; আত্মীয়দের সাথে অনৈতিক সম্পর্কের কারণে শুরুতে বাপের বাড়ি চলে গেলেও মুরব্বিদের মধ্যস্থতায় ক্ষমা চেয়ে সে আমাকে ফিরিয়ে আনে। কিন্তু ২০০৮ সালে আমাদের কাজের মেয়ের সাথে তার অনৈতিক সম্পর্কের অকাট্য প্রমাণ পাই। শেষ পর্যন্ত আমার এই পঙ্গু অবস্থায় সে আমাকে সম্পূর্ণ ফেলে রেখে চলে যায় এবং শুনছি সেই গৃহকর্মীকে নিয়েই বসবাস করছে। এমনকি ব্যাংক ব্যালেন্সে নিজের ভাতিজিকে নমিনি করে রেখেছে। প্রথম স্ত্রীর লিখিত অনুমতি বা সালিসি পরিষদের অনুমতি ছাড়া কি স্বামী দ্বিতীয় বিয়ে করতে পারে? আমি আর তার সাথে কোনো সম্পর্ক রাখতে চাই না, এমতাবস্থায় আইনি বিচ্ছেদ ও আমার আজীবনের দেনমোহর ও ভরণপোষণ কীভাবে আদায় করব?",no,,
prot_0068_06,Iftiaq,81,"আমার মায়েরা চার বোন। কোনো ভাই নেই। ২০০৪ সালে আমার ছোট খালার বিয়ের পর থেকে খালু ঘরজামাই হিসেবে থাকেন। নানা জমি বণ্টন করেন। কিন্তু পাঁচ ভাগের মধ্যে আমার ছোট খালাকে চার ভাগ দেওয়া হয়। আর এক ভাগ মাসহ অন্য খালারা পান। এতে মা ও খালারা একত্র হয় জমির সুষম বণ্টনের কথা বললে নানা ও নানি উভয়েই অসম্মতি দেন। ফলে নানা ও খালাদের মধ্যে সম্পর্কের দূরত্ব সৃষ্টি হচ্ছে। প্রশ্ন হচ্ছে, আমার খালুরা কি আইনি কোনো ব্যবস্থা নিতে পারবেন? ডি জে মাসুম দিনাজপুর","আমার মা-খালারা মোট চার বোন, তাঁদের কোনো ভাই নেই। ২০০৪ সালে ছোট খালার বিয়ের পর থেকে খালু ঘরজামাই হিসেবে নানাবাড়িতেই থাকেন। নানা জীবিতাবস্থায় সম্পত্তি বণ্টন করতে গিয়ে মোট পাঁচ ভাগের চার ভাগই ছোট খালাকে লিখে দেন, আর বাকি মাত্র এক ভাগ আমার মা ও অন্য দুই খালার মধ্যে ভাগ করে দেন। মা ও অন্য খালারা জমির সমবণ্টনের দাবি জানালে নানা-নানি তা নাকচ করে দেন। নানার এই অন্যায্য সিদ্ধান্তের বিরুদ্ধে অন্য খালু বা কন্যারা কি আদালতে কোনো আইনি প্রতিকার চাইতে পারেন?",yes,,
prot_0071_01,Iftiaq,217,"আমি বিবিএ তৃতীয় বর্ষে পড়ছি। ২০০৫ সালে এসএসসি পরীক্ষার পর আমার এক আত্মীয়র সঙ্গে প্রেমের সম্পর্ক হয়। একপর্যায়ে তার চাপে গোপনে তাকে বিয়ে করি। কিন্তু বিয়ের পর জানতে পারি, সে উচ্চমাধ্যমিকের পর আর পড়ালেখা করেনি। তখন আমি ভালো একটি কলেজে পড়ছিলাম। বিয়ের সময় আমার বয়স ১৮ হয়নি। সে একটা কাগজ এনেছিল এবং ওখানে বয়স বাড়িয়ে দেওয়া হয়েছিল। সম্ভবত বিয়েটা রেজিস্ট্রি হয়েছে। এর কিছুদিন পর উচ্চমাধ্যমিকে জিপিএ-৫ পেয়ে উত্তীর্ণ হই এবং পাবলিক বিশ্ববিদ্যালয়ে ভর্তি হতে চাই। তখন থেকে তার সঙ্গে আমার সম্পর্ক খারাপ হতে থাকে। সে সামান্য বিষয়ে অকথ্য ভাষায় বকাবকি করত। গায়ে হাত তুলত। আমি কাউকে কিছু বলতে পারতাম না। তাই আত্মহত্যার পথ বেছে নিই, কিন্তু বেঁচে যাই। প্রতিবাদ করলে বা তালাক দেওয়ার কথা বললে সে বলত, পত্রিকায় আমার নামে আজেবাজে কথা লিখবে। আরও নানাভাবে সে হুমকি দিত। বিশ্ববিদ্যালয়ে ভর্তির পর আর সহ্য করতে না পেরে পরিবারের সবাইকে সবকিছু জানাই। ২০০৮ সালের শেষে তার সঙ্গে আমার সব সম্পর্ক শেষ হয়ে যায়। এখন কোনো যোগাযোগ নেই। তবে সে ও তার বন্ধুবান্ধব ফোন করে আজেবাজে কথা বলে। আমাকে ও আমার পরিবারকে নানাভাবে হুমকি দেয়। আমি বেশ ভালো ফল করছি। আমার ইচ্ছা, বিদেশে উচ্চশিক্ষা নেব। কিন্তু এসব চিন্তা সবকিছু ওলটপালট করে দেয়। আমি পাসপোর্টে অবিবাহিত লিখতে চাইছি, এতে কি কোনো সমস্যা হবে? আমার যাতে ক্ষতি না হয়, সে জন্য কী ব্যবস্থা নিতে পারি বা ডিভোর্স কীভাবে দেওয়া যায়।নাম প্রকাশে অনিচ্ছুকচট্টগ্রাম",আমি বিবিএ তৃতীয় বর্ষের ছাত্রী। ২০০৫ সালে এসএসসির পর এক আত্মীয়ের ফাঁদে পড়ে অপ্রাপ্তবয়স্ক অবস্থায় জাল নথিতে বয়স বাড়িয়ে গোপনে বিয়ে করতে বাধ্য হই। পরবর্তীতে এইচএসসিতে জিপিএ-৫ পেয়ে ভালো পাবলিক বিশ্ববিদ্যালয়ে ভর্তি হলে ছেলেটি আমার ওপর চরম মানসিক ও শারীরিক নির্যাতন শুরু করে এবং আত্মহত্যার পথ বেছে নিয়েও বেঁচে ফিরি। ডিভোর্সের কথা বললেই সে কুৎসা রটানোর হুমকি দিত। শেষমেশ ২০০৮ সালে পরিবারের সবাইকে জানিয়ে তার সাথে সমস্ত সম্পর্ক ছিন্ন করি। বর্তমানে তার বা তার বন্ধুদের হুমকি সত্ত্বেও আমি ভালো রেজাল্ট করে বিদেশে উচ্চশিক্ষার স্বপ্ন দেখছি। এখন পাসপোর্টে বৈবাহিক অবস্থা 'অবিবাহিত' উল্লেখ করলে কি ভবিষ্যতে কোনো আইনি সমস্যা হবে? আর ওই ছেলের কোনো ধরনের ক্ষতিসাধন বা ব্ল্যাকমেইল এড়িয়ে আইনিভাবে তাকে পুরোপুরি ডিভোর্স দেওয়ার সঠিক প্রক্রিয়া কী?,yes,,
prot_0073_04,Iftiaq,75,"আমি স্নাতক (সম্মান) চতুর্থ বষের শিক্ষার্থী। আমরা তিন ভাই। আমার দুটি নাম। একটি ডাক নাম, অন্যটি সার্টিফিকেট বা জাতীয় পরিচয়পত্রের নাম। আমার বাবা যে জমি কিনেছেন, সেগুলো আমাদের তিন ভাইয়ের নামে রেজিস্ট্রেশন করেছেন এবং তাতে আমার দুটি নামই ব্যবহার করা হয়েছে। অর্থাৎ কোনো জমি রেজিস্ট্রেশনে ডাকনাম; আবার কোনোটিতে সার্টিফিকেটের নাম ব্যবহার করা হয়েছে। এতে কি আমার কোনো সমস্যা হবে? যদি নাম সংশোধন করতে হয়, তা কি আমার লেখাপড়া শেষে করা যাবে? নাকি এখনই করতে হবে?","আমি অনার্সের শেষ বর্ষে পড়ছি। আমরা তিন ভাই। আমার দুটি নাম প্রচলিত—একটি পারিবারিক ডাকনাম এবং অন্যটি একাডেমিক সনদ ও জাতীয় পরিচয়পত্রের নাম। বাবা জমি কেনার সময় আমাদের তিন ভাইয়ের নামে রেজিস্ট্রি করেছিলেন, কিন্তু কিছু দলিলে আমার ডাকনাম আর কিছু দলিলে অফিসিয়াল সার্টিফিকেটের নাম লেখা হয়েছে। ভবিষ্যতে মালিকানা নিয়ে এতে কি কোনো জটিলতা হতে পারে? আর দলিলগুলোতে নাম সংশোধন করতে হলে তা কি এখনই এফিডেভিট করে ঠিক করতে হবে নাকি পড়াশোনা শেষ করেও করা যাবে?",no,,
prot_0075_03,Iftiaq,142,"আমার স্বামী আমাকে যৌতুকের দাবিতে প্রায়ই নির্যাতন করত। আমার বাবার আর্থিক অবস্থা মোটেও ভালো ছিল না। আমার স্বামী আমাকে একদিন মারাত্মকভাবে আহত করে। আমার বাবা আমাকে বাদী করে কোর্টে নারী ও শিশু নির্যাতন দমন আইনে মামলা করেন। আমার স্বামী এখন জেলহাজতে। সে নাকি এখন তার ভুল বুঝতে পেরেছে। আমাকে পরে আর নির্যাতন করবে না এবং আমাকে নিয়ে সংসার করতে আগ্রহী। তার পরিবারের লোকজনও আমাকে মানসিকভাবে আঘাত করবে না বলে কথা দিয়েছে। কিন্তু আমার নিরাপত্তা নিয়ে আমার মা-বাবা চিন্তিত। আমার উকিল বলেছেন, স্ট্যাম্পে তার ও তার পরিবারের সদস্যদের স্বাক্ষর নিয়ে শর্তারোপ করে মীমাংসা করতে হবে। ওই মীমাংসানামার মেয়াদ কত দিন থাকবে? মীমাংসানামাটি কি উকিল সাহেব নিজে ব্যক্তিগতভাবে করে দিতে চাচ্ছেন, নাকি আদালত থেকে? আমি আপসনামায় কী ধরনের শর্ত দিতে পারি? আমি কি কোর্ট থেকে মামলার নকলটি উঠিয়ে রাখব? থানায় একটি সাধারণ ডায়েরি করার প্রয়োজন আছে কি? ইত্যাদি বিস্তারিত জানালে উপকৃত হব।নাম প্রকাশে অনিচ্ছুকচুয়াডাঙ্গা",যৌতুকের দাবিতে স্বামী আমাকে প্রায়ই মারধর করত। একদিন মারাত্মকভাবে আহত করায় বাবা কোর্টে গিয়ে নারী ও শিশু নির্যাতন দমন ট্রাইব্যুনালে মামলা করেন এবং স্বামী বর্তমানে হাজতে রয়েছে। এখন সে ভুল স্বীকার করে আর নির্যাতন করবে না মর্মে সংসার করার প্রস্তাব দিচ্ছে এবং তার পরিবারও ভালো আচরণের প্রতিশ্রুতি দিচ্ছে। কিন্তু বাবা-মা আমার নিরাপত্তা নিয়ে শঙ্কিত। আমাদের আইনজীবী বলেছেন স্ট্যাম্পে শর্ত লিখে আপসনামা করে জামিন করাতে। এই আপসনামার আইনি গ্রহণযোগ্যতা ও মেয়াদ কতদিন থাকবে? এটি কি আদালত কর্তৃক অনুমোদিত হতে হবে? আপসে আমি নিজের নিরাপত্তার জন্য কী কী শর্ত যুক্ত করতে পারি? মামলার সার্টিফাইড কপি তুলে রাখা বা থানায় জিডি করার কি প্রয়োজন আছে?,yes,,
prot_0076_04,Iftiaq,152,"২০০৭ সালে হঠাৎ আমার বাড়িতে নানা সম্পর্কীয় এক আত্মীয় এলেন। তাঁর একটি মেয়ে ছিল, যাকে আমার খুবই পছন্দ হয়েছিল। তারপর আমার মেজো মামার জন্য বিয়ের প্রস্তাব দিই। মেয়ের পরিবার প্রস্তাব গ্রহণ করল এবং পর দিন মোবাইল ফোনে বিয়ে হবে বলে সিদ্ধান্ত নিল। মামা সৌদি আরবে অবস্থানরত। মামাকে মোবাইল ফোনে মেয়ে সম্পর্কে বিস্তারিত বললাম। মামা আমার ওপর ভার দিল, তোমার পছন্দ আমার পছন্দ। আমার কোনো আপত্তি নেই। একদিন পরই আমি বিয়ের আয়োজন করলাম। পারিবারিক অনুষ্ঠানের মাধ্যমে বিয়ে হলো। রেজিস্ট্রি খাতায় বর ব্যতীত সবার স্বাক্ষর হয়েছিল। দুই বছর পর মেয়েটির কিছু আচরণ আমাদের পরিবার মেনে নিতে পারছিল না। আমার পরিবারের সবাই মেয়েটির ওপর অসন্তুষ্ট হয়ে যায়। কিছুদিন পর মেয়েটি তালাকনামা পাঠিয়েছে। আমাদের কাছে কোনো সতর্কমূলক নোটিশ আসেনি। তালাকনামার নোটিশ পেশ করলাম। এটা কি মূল তালাকনামা, না ভুয়া নোটিশ? মামা দেশে আসার পর মেয়ে যাতে মামাকে স্বামীর দাবিদার না করতে পারে, সেটার জন্য কী করতে পারি? তালাকনামা নোটিশের মধ্যে কোনো রেজিস্ট্রি অফিসারের স্বাক্ষর নেই। আলমময়মনসিংহ","২০০৭ সালে নানার সম্পর্কের এক আত্মীয়ের মেয়েকে দেখে পছন্দ হলে বিদেশে (সৌদি আরব) থাকা আমার মেজো মামার জন্য বিয়ের সম্বন্ধ করি। মামার সম্মতিতে ফোনে কথা বলে পরদিনই বিয়ের আয়োজন করা হয় এবং নিকাহ রেজিস্ট্রারের বালাম বইয়ে বর ছাড়া উপস্থিত সবার স্বাক্ষর নেওয়া হয়। দুই বছর পর মেয়েটির চালচলন খারাপ হওয়ায় পারিবারিক অসন্তোষ তৈরি হয় এবং একপর্যায়ে মেয়েটি একটি তালাকনামার নোটিশ পাঠায়। তবে সেই নোটিশে কোনো নিকাহ রেজিস্ট্রারের স্বাক্ষর নেই এবং পূর্বে কোনো নোটিশও আসেনি। এই তালাকনামা কি আসলেই বৈধ নাকি ভুয়া? মামা দেশে ফেরার পর মেয়েটি যাতে নতুন করে দেনমোহর বা স্বামী দাবি করে মামলা করতে না পারে, সেজন্য আমাদের কী আইনগত পদক্ষেপ নেওয়া দরকার?",yes,,
prot_0078_01,Iftiaq,173,"একটি মেয়ের সঙ্গে আমার পরিচয় ২০০৬ সালে। সে একটি বিশ্ববিদ্যালয়ের ছাত্রী। দুজন দুজনকে প্রচণ্ড ভালোবাসতাম। ২০০৮ সালে আমরা ইসলামি শরিয়ত মতে কাবিন করে বিয়ে করি। আমিও চাকরির কারণে চট্টগ্রাম শহরে বাসা নিয়ে থাকতাম। তাই বিয়ের পর আমরা দুজন স্বামী-স্ত্রী হিসেবে প্রায়ই একসঙ্গে ছিলাম। বিয়ের বিষয়টি আমার পরিবার ও বন্ধু মহল জানলেও মেয়েটি তার পরিবারকে কিছুই জানায়নি। আমি বরাবরই বিয়ের বিষয়টি আনুষ্ঠানিকভাবে তার পরিবারকে জানাতে চাইলে সে বলত, আর কিছুদিন পর। এভাবে দেখতে দেখতে ২০১০ সালের শুরুতে সে অন্তঃসত্ত্বা হয়ে পড়ে। বিষয়টি তার মা জানতে পারেন। এরপর আমিও তার পরিবারের কাছে আমাদের সম্পর্ক ও বিয়ের বিষয়টি জানাই। মেয়েটি পরিবারের চাপে আমার সঙ্গে যোগাযাগ একটু কমিয়ে দেয়। পরে আমি জানতে পারি, তার গর্ভপাত করানো হয়েছে।কয়েক দিন পর ওরা বাসা পরিবর্তন করে ফেলে। আমি অনেক চেষ্টা করেও তার সঙ্গে যোগাযোগ করতে পারছিলাম না। তার পরিবার তাকে এক প্রবাসী ছেলের সঙ্গে বিয়ে দেয়। এ অবস্থায় আমি আইনানুগ কী ব্যবস্থা নিতে পারি? মেয়েটির দ্বিতীয় বিয়ে কি শরিয়ত ও আইনগতভাবে বৈধ হয়েছে? উল্লেখ্য, আমাদের একসঙ্গে বিদেশে পড়তে যাওয়ার কথা ছিল। তার পাসপোর্টে স্বামী হিসেবে আমার নাম আছে।নাম প্রকাশে অনিচ্ছুক",২০০৬ সালে বিশ্ববিদ্যালয়ে পড়ুয়া একটি মেয়ের সাথে আমার পরিচয় ও গভীর ভালোবাসা গড়ে ওঠে। ২০০৮ সালে আমরা রেজিস্ট্রি কাবিনমূলে বিয়ে করি। চাকরির সুবাদে শহরে আমার আলাদা বাসা থাকায় বিয়ের পর আমরা প্রায়ই স্বামী-স্ত্রীর মতো একসাথে সময় কাটাতাম। আমার পরিবার ও বন্ধুরা জানলেও মেয়েটি তার পরিবারকে ভয়ে কিছু জানায়নি। ২০১০ সালের শুরুতে সে গর্ভবতী হয়ে পড়লে তার মা বিষয়টি জেনে যান এবং আমিও তাদের সবকিছু খুলে বলি। কিন্তু মেয়ের পরিবার চাপ সৃষ্টি করে যোগাযোগ বন্ধ করিয়ে দেয় এবং জোরপূর্বক গর্ভপাত করায়। এরপর তারা বাসা বদলে ফেলে এবং আমার সাথে সব যোগাযোগ বিচ্ছিন্ন করে এক প্রবাসী ছেলের সাথে মেয়েটির দ্বিতীয় বিয়ে দেয়। প্রথম স্বামী হিসেবে আমাকে ডিভোর্স না দিয়ে করা তার এই দ্বিতীয় বিয়ে কি আইন ও শরিয়তে বৈধ? তার পাসপোর্টে স্বামী হিসেবে আমার নাম রয়েছে; এমতাবস্থায় আমি স্ত্রীর বিরুদ্ধে কী আইনি পদক্ষেপ নিতে পারি?,no,,
prot_0078_05,Iftiaq,56,আমি স্নাতক (সম্মান) চতুর্থ বর্ষের ছাত্রী। আমার বাড়িতে সব সময় ঝগড়া-বিবাদ লেগেই থাকে। আমার বাবা আমার প্রতি রেগে গেলেই বকাঝকা ও মারধর করেন এবং সব খরচ বন্ধ করে দেন। বাবা একজন সামর্থ্যবান ব্যক্তি। আমি কি আইনত তার কাছ থেকে আমার প্রয়োজনীয় খরচ পাওয়ার অধিকারী? আমি কীভাবে তাঁর কাছ থেকে আমার খরচ আদায় করতে পারব?নাম-ঠিকানা প্রকাশে অনিচ্ছুক,আমি অনার্সের শেষ বর্ষের ছাত্রী। পারিবারিকভাবে আমাদের সংসারে সবসময় অশান্তি লেগেই থাকে। বাবা যখন-তখন রেগে গিয়ে আমার ওপর শারীরিক ও মানসিক অত্যাচার করেন এবং পড়াশোনাসহ সব ধরনের হাতখরচ বন্ধ করে দেন। অথচ বাবা আর্থিকভাবে অত্যন্ত সচ্ছল। প্রাপ্তবয়স্ক মেয়ে হিসেবে বাবার কাছ থেকে পড়াশোনা ও জীবনধারণের খরচ বা ভরণপোষণ পাওয়ার আইনগত অধিকার কি আমার আছে? আমি কীভাবে আইনানুগভাবে এই খরচ দাবি করতে পারি?,no,,
prot_0082_01,Iftiaq,152,"আমি একজন ছাত্র। বয়স ২৫ বছর। ছয় মাস আগে আমাদের প্রতিবেশী ২১ বছর বয়সী অবিবাহিত বাকপ্রতিবন্ধী একটি মেয়ে গর্ভপাত করে। মেয়েটির পরিবারের লোকজন পূর্বশত্রুতার জের ধরে আমার ওপর এর দায়ভার চাপানোর চেষ্টা চালায় এবং মেয়েটিকেও আমার কথা ইশারায় শিখিয়ে দেয়। এলাকায় তারা প্রভাবশালী বিধায় মেয়েটির সঙ্গে জোরপূর্বক আমার বিয়ে নিবন্ধন করানোর পাঁয়তারা করলে ভয়ে আমি নিরাপদ আশ্রয়ে চলে যাই। তারা আমাকে না পেয়ে আমার মা-বাবাকে বিভিন্ন ধরনের হুমকি দিয়ে মেয়েটির নামে আমার মায়ের নিজ নামের ১৫ শতাংশ জমি কেনা হিসেবে নিবন্ধন করিয়ে নেয়। পরিস্থিতি স্বাভাবিক হলে আমি চার মাস পরে বাড়িতে ফিরে আসি এবং দুই মাস হলো বাড়িতেই থাকছি। এই দুই মাসে তারা আমাকে বিভিন্ন ধরনের হুমকি দিয়ে আসছে। শুধু তা-ই নয়, এখন তারা আমার বিরুদ্ধে মামলার পাঁয়তারা করছে। মামলা করার জন্য যদিও তাদের কাছে ডাক্তারি পরীক্ষার কাগজপত্র নেই। তবু তারা বিভিন্ন মিথ্যা সাক্ষীর মাধ্যমে মামলা করবে বলে জানায়। এ অবস্থায় আমি কী করব? যদি মামলা করে, তবে সেটি কার্যকর হবে কি?","আমি ২৫ বছর বয়সী একজন ছাত্র। ছয় মাস পূর্বে আমাদের প্রতিবেশী ২১ বছর বয়সী এক বাকপ্রতিবন্ধী অবিবাহিত তরুণীর গর্ভপাত ঘটে। পূর্বশত্রুতার কারণে মেয়েটির প্রভাবশালী পরিবার চক্রান্ত করে এর দায়ভার আমার ওপর চাপায় এবং মেয়েটিকে দিয়ে আমার বিরুদ্ধে ইশারা করিয়ে নেয়। আমাকে জোর করে বিয়ের ফাঁদে ফেলার চেষ্টা করলে ভয়ে আমি এলাকা ছেড়ে আত্মগোপনে চলে যাই। আমাকে না পেয়ে তারা ভয়ভীতি দেখিয়ে আমার মায়ের নিজস্ব ১৫ শতক জমি মেয়েটির নামে জোরপূর্বক রেজিস্ট্রি করিয়ে নেয়। চার মাস পর বাড়ি ফিরে এসে গত দুই মাস ধরে আতঙ্কে দিন কাটাচ্ছি। এখন তারা ভুয়া সাক্ষী দাঁড় করিয়ে আমার বিরুদ্ধে মিথ্যা ধর্ষণ বা নারী নির্যাতনের মামলার পাঁয়তারা করছে, যদিও তাদের কাছে কোনো মেডিকেল প্রমাণ নেই। এই অন্যায় ও জোরপূর্বক লিখে নেওয়া জমির প্রতিকার এবং সম্ভাব্য মিথ্যা মামলা ঠেকাতে আমি কী আইনি ব্যবস্থা নিতে পারি?",no,,
prot_0083_01,Iftiaq,121,"পরিবারের প্রধান মা-বাবা চার ছেলে ও তিন মেয়ে রেখে মারা যান। পরবর্তী সময়ে বড় ছেলেও মারা যায়। মায়ের নামে ছয় কাঠা জমির ওপর একটি মার্কেট আছে। মা মারা যাওয়ার আগে ওই মার্কেট দুই ছেলের নামে লিখে দেন এওয়াজ বদল দলিলে। মায়ের নামে ছেলেরা যে এওয়াজ বদলে জমি দেয়, সেই জমি মা ছেলেমেয়েদের গৃহশিক্ষকের নামে আমমোক্তার করে দেন তাঁর অজান্তে। এই দলিল সম্পর্কে ওই শিক্ষক কিছুই জানতেন না এবং তিনি জমিটি দান, বিক্রি বা ভোগদখল কিছুই করেননি। ওই জমি ছেলেমেয়েদের দখলে আছে। মা মারা যাওয়ার পর আমমোক্তারনামা দলিল আইনত বাতিল হয়ে গেছে।ছোট মেয়ে তাদের পারিবারিক কলহের কারণে যে দুই ভাই মায়ের সঙ্গে এওয়াজ বদল দলিল করেছেন, সেই দুই ভাই এবং ওই গৃহশিক্ষকের বিরুদ্ধে মামলা করেছে। এ মামলায় শিক্ষকের কী করণীয়?নাম প্রকাশে অনিচ্ছুক","বাবা-মা চার ছেলে ও তিন মেয়ে রেখে ইন্তেকাল করেন এবং পরে বড় ছেলেও মারা যান। মায়ের নিজস্ব ছয় কাঠা জমির ওপর একটি মার্কেট ছিল, যা মা মৃত্যুর আগে এওয়াজ-বদল দলিলের মাধ্যমে দুই ছেলের নামে হস্তান্তর করেন। এর বদলে ছেলেরা যে জমি মাকে দিয়েছিল, মা তা ছেলেমেয়েদের গৃহশিক্ষকের অজান্তেই তাঁর নামে পাওয়ার অব অ্যাটর্নি (আমমোক্তারনামা) করে দেন। ওই শিক্ষক এই দলিলের কিছুই জানতেন না এবং জমিও কখনো ভোগদখল বা হস্তান্তর করেননি। মা মারা যাওয়ায় সেই আমমোক্তারনামা স্বাভাবিকভাবেই বাতিল হয়ে গেছে। কিন্তু পারিবারিক বিরোধের জেরে ছোট বোন এখন ওই দুই ভাইসহ সম্পূর্ণ নির্দোষ গৃহশিক্ষকের নামেও মামলা ঠুকে দিয়েছে। এই মামলায় অহেতুক জড়ানো গৃহশিক্ষকের আইনি প্রতিকার ও করণীয় কী?",no,,
prot_0084_01,Iftiaq,50,"আমি স্নাতক (সম্মান) শ্রেণীতে অধ্যয়নরত। গত সংসদ নির্বাচনের সময় আমি খুলনা সিটি করপোরেশন থেকে ভোটার হই। কিন্তু নিবন্ধনের সময় ‘জন্মতারিখ’ সম্পর্কিত তথ্যটি দিতে আমি ভুল করি। পরে আমি জানতে পারি, আমার শিক্ষাগত যোগ্যতার সনদপত্রের সঙ্গে জাতীয় পরিচয়পত্রের জন্মতারিখে অমিল থেকে গেছে। এ ভুলের জন্য আমাকে কী সমস্যার সম্মুখীন হতে হবে?","আমি অনার্স শ্রেণীতে পড়াশোনা করছি। গত জাতীয় নির্বাচনের সময় সিটি করপোরেশন এলাকায় ভোটার হিসেবে নাম অন্তর্ভুক্ত করি। কিন্তু ভোটার তালিকায় অসাবধানতাবশত ভুল জন্মতারিখ দিয়ে ফেলি, যার ফলে শিক্ষাগত যোগ্যতার সার্টিফিকেটের সাথে জাতীয় পরিচয়পত্রের (NID) জন্মতারিখে গরমিল দেখা দিয়েছে। এই অমিলের কারণে ভবিষ্যতে কী ধরনের সমস্যা হতে পারে এবং এনআইডির জন্মতারিখ কীভাবে সংশোধন করতে পারি?",yes,,
prot_0084_07,Iftiaq,180,"আমি এক ব্যক্তিকে হ্যান্ডনোটের মাধ্যমে আট লাখ টাকা ধার দিয়েছিলাম। তিনি ওই টাকা ফেরত না দেওয়ার কারণে আমি তাঁর নামে ৪০৬ ও ৪২০ ধারায় মামলা করি। মামলা শুনানি পর্যায়ে পৌঁছালে তিনি তাঁর উকিলের মাধ্যমে ১৫০ টাকার ননজুডিশিয়াল স্ট্যাম্পে আমার সঙ্গে একটা আপসরফা (কপি সংযুক্ত) সম্পাদন করেন, যাতে তাঁকে কিছু টাকা ছাড় দিয়ে কয়েক কিস্তিতে টাকা প্রদানের সুযোগ দেওয়া হয়। ওই আপসরফা দলিলে তাঁর উকিল দুই নম্বর সাক্ষী থাকেন, যা নোটারি করানো হয়। এরপর আপসরফার ভিত্তিতে আমাকে প্রথম কিস্তির টাকা দিলে মামলাটি তুলে নিই। কিন্তু পরবর্তী সময় তিনি আর কোনো টাকা না দেওয়ায় আমি তাঁর বিরুদ্ধে জজ কোর্টে অর্থ আদায়ের মামলা করি। উল্লেখ্য, আমার বিবাদীর উকিল যিনি ওই আপসরফার দুই নম্বর সাক্ষী ছিলেন, তিনি জজ কোর্টে বিবাদীর পক্ষে ওই মামলা পরিচালনা করছেন এবং আমার উকিলের আরজির জবাবে তিনি ওই আপসরফা দলিলে তাঁর মক্কেলের সইয়ের বিষয়টি সম্পূর্ণ অস্বীকার করেছেন। আমার প্রশ্ন, যেহেতু তিনি ওই আপসরফা দলিলের একজন সাক্ষী, সেহেতু তিনি নিজে এ মামলা পরিচালনা করতে পারেন কিনা এবং এটা তাঁর পেশাগত অসদাচরণের মধ্যে পড়ে কিনা? যদি উত্তর ইতিবাচক হয়, তবে এ বিষয়ে তাঁর বিরুদ্ধে আমি কোনো আইনি ব্যবস্থা নিতে পারি কিনা?খোন্দকার আসাদুজ্জামানখুলনা","হ্যান্ডনোটের মাধ্যমে এক ব্যক্তিকে আট লাখ টাকা ধার দিয়েছিলাম। টাকা ফেরত না দেওয়ায় তাঁর বিরুদ্ধে দণ্ডবিধির ৪০৬ ও ৪২০ ধারায় মামলা করি। শুনানিকালে তাঁর আইনজীবীর মধ্যস্থতায় দেড়শত টাকার স্ট্যাম্পে নোটারি করে একটি আপসনামা হয়, যেখানে কিছু ছাড় দিয়ে কিস্তিতে টাকা দেওয়ার শর্তে আপস হয় এবং ওই আইনজীবী নিজে আপস দলিলের ২ নম্বর সাক্ষী হন। প্রথম কিস্তির টাকা পেয়ে আমি মামলা প্রত্যাহার করি। কিন্তু পরবর্তীতে আর কোনো কিস্তি না দেওয়ায় আমি জজ কোর্টে অর্থ জারির মামলা দায়ের করি। বিবাদী পক্ষে সেই সাক্ষী আইনজীবীই ওকালতনামা দাখিল করে মামলা পরিচালনা করছেন এবং জবাবে নিজের মক্কেলের সই অস্বীকার করেছেন। যিনি আপস দলিলের সাক্ষী ছিলেন, তিনি কি আইনত একই মামলায় বিবাদীর আইনজীবী হতে পারেন? এটি বার কাউন্সিলের দৃষ্টিতে পেশাগত অসদাচরণ কি না এবং এর বিরুদ্ধে আমি বার কাউন্সিলে কী প্রতিকার চাইতে পারি?",yes,,
prot_0085_06,Iftiaq,108,"চার বছর ধরে আমার একজন সহকর্মীর সঙ্গে সম্পর্ক তৈরি হয়। আমার সহকর্মী হিন্দু। এই সম্পর্কের মধ্যে তিন বছর আগেই ও আর আমি হিন্দুধর্মমতে বিয়ে করি। আমি নিজেকে ওর স্ত্রী বলে দাবি করি। শাঁখা ও সিঁদুর পরিধান করি। তবে আমি আমার ধর্ম ত্যাগ করিনি। ও নিজেও করেনি। এ সময়ে আমরা দুজন একত্রে এক বাসায় অবস্থান করছি। এখন আমার বাসায় আমার বিয়ের জন্য খুব চাপ দিচ্ছে। আপনার কাছে আমার জিজ্ঞাসা, আমাদের বিয়ে কি আইনগত বৈধ? যদি না হয় তবে নিজেদের ধর্ম ঠিক রেখে আমরা কীভাবে স্বামী-স্ত্রীর মতো আইনত বসবাস করতে পারি? আমি কি হিন্দুধর্ম গ্রহণ করে ওকে বিয়ে করতে পারি? আমার বাড়িতে খুব তাড়াতাড়ি আমার বিয়ের ব্যবস্থা হচ্ছে। জিসা ঢাকা","চার বছর ধরে আমার এক হিন্দু সহকর্মীর সাথে ভালোবাসার সম্পর্ক। প্রায় তিন বছর আগে আমরা সনাতন রীতিতে বিয়ে করি এবং আমি শাঁখা-সিঁদুর পরে নিজেকে তাঁর স্ত্রী দাবি করে একই বাসায় একসাথে বসবাস করছি। কিন্তু আমরা কেউই নিজ নিজ ধর্ম আনুষ্ঠানিকভাবে পরিবর্তন করিনি। বর্তমানে আমার পরিবার থেকে অন্যত্র বিয়ে দেওয়ার জন্য প্রচণ্ড চাপ সৃষ্টি করা হচ্ছে। আমাদের এই ধর্ম না বদলে করা বিয়ে কি দেশের আইনে বৈধ? যদি বৈধ না হয়, তবে নিজেদের ধর্ম অক্ষুণ্ণ রেখে আমরা কীভাবে আইনসিদ্ধভাবে স্বামী-স্ত্রী হিসেবে বসবাস করতে পারি? ধর্ম পরিবর্তন না করে বিশেষ বিবাহ আইনে বিয়ে করার প্রক্রিয়া কী?",yes,,
prot_0087_01,Iftiaq,86,"১০ বছর প্রেম করার পর ২০০৪ সালে আমাদের বিয়ে হয়। বিয়ের শর্ত ছিল, ছয় মাসের মধ্যে তাকে আমার ঘরে আনতে হবে। পারিবারিক সমস্যার কারণে স্ত্রী ঘরে তুলতে পারিনি। কিন্তু তার সঙ্গে আমার সম্পর্ক ভালো ছিল। তার যাবতীয় ভরণপোষণ আমি বহন করেছি। বিয়ের আট মাসের মধ্যে হঠাত্ করে পালিয়ে সে অন্য একটি ছেলেকে বিয়ে করে এবং ওই বিয়ের দিনই আমাকে তালাক দেয়। সাত দিন পর আমি তালাকের চিঠি পাই। আমার প্রশ্ন, ইদ্দতকাল শেষ না হতেই অন্য ছেলেকে সে বিয়ে করল কীভাবে? তার বিবাহ বৈধ হয়েছে কি না","দশ বছর প্রেমের সম্পর্কের পর ২০০৪ সালে আমাদের বিয়ে রেজিস্ট্রি হয়। পারিবারিক ঝামেলার কারণে বিয়ের পর আট মাস স্ত্রীকে ঘরে তুলতে পারিনি, তবে আমাদের যোগাযোগ খুব ভালো ছিল এবং নিয়মিত সব ভরণপোষণ চালিয়ে গেছি। হঠাৎ করে বিয়ের আট মাসের মাথায় সে অন্য এক ছেলের সাথে পালিয়ে গিয়ে বিয়ে করে এবং ঠিক ওইদিনই ডাকযোগে আমাকে তালাকের চিঠি পাঠায় যা আমি সাত দিন বাদে পাই। মুসলিম আইন অনুযায়ী ইদ্দত পালন না করে ডিভোর্সের সাথে সাথেই অন্য কাউকে বিয়ে করা কি আইনত ও ধর্মীয়ভাবে বৈধ? ওই দ্বিতীয় বিয়ের বিরুদ্ধে আমি কি ব্যবস্থা নিতে পারি?",no,,
prot_0088_01,Iftiaq,106,"আমি যখন খুব ছোট, তখন আমার মা মারা যান। নিঃসন্তান ফুফু আমার লালন-পালন করেন। আমি এখন স্নাতক (সম্মান) পাস করেছি। সমস্যা হলো, স্নাতকের সনদপত্রে আমার মায়ের নাম হিসেবে ফুফুর নাম রয়েছে। এ ছাড়া অন্য সব দলিলপত্রে আমার প্রকৃত মায়ের নাম রয়েছে। ভোটার পরিচয়পত্রে আমার মায়ের নাম হিসেবে ফুফুর নামটিই আছে। এ কারণে আমার সনদপত্রে কোনো সমস্যা হবে কি না। আমার পৈতৃক সম্পত্তি ভোগ করার ক্ষেত্রে এটা কোনো বাধা হবে কি না। আমরা দুই ভাই, এক বোন। আমার মায়ের নামের এই ত্রুটির কারণে বড় ভাই আমাকে কোনো সমস্যায় ফেলতে পারবে কি? ভবিষ্যতে আমি সমস্যায় পড়লে কোনো আইনি ব্যবস্থা নিতে পারব কি না। উল্লেখ্য, আমার বাবা জীবিত নেই","শৈশবে মা মারা যাওয়ার পর নিঃসন্তান ফুফুই আমাকে সন্তানের মতো লালন-পালন করেন। সম্প্রতি আমি অনার্স পাস করেছি। সমস্যা হলো, আমার অনার্সের সার্টিফিকেট ও ভোটার আইডিতে মায়ের নামের জায়গায় পালক ফুফুর নাম চলে এসেছে, যদিও বাকি সব একাডেমিক সনদে আসল মায়ের নামই লেখা আছে। বাবা মারা গেছেন এবং পরিবারে আমরা দুই ভাই ও এক বোন। মায়ের নামের এই ভুলের কারণে কি চাকরিক্ষেত্রে বা পৈতৃক সম্পত্তি ভাগাভাগির সময় আমার বড় ভাই কোনো আইনগত বাধা তৈরি করতে পারবে? আর এই অসঙ্গতি দূর করতে কীভাবে সার্টিফিকেট ও জাতীয় পরিচয়পত্রে মায়ের নাম সংশোধন করব?",no,,
prot_0089_01,Iftiaq,178,"২০০৪ সালে একটি ছেলের সঙ্গে আমার সম্পর্ক হয়। ২০০৫ সালের মার্চে ওই ছেলের এবং তার পরিবারের চাপের মুখে বাধ্য হয়ে আমি একটি রেজিস্ট্রেশন ফরমে সই করি। তখন ছেলের পরিবারের কয়েকজন আত্মীয়স্বজন উপস্থিত ছিল কিন্তু আমার পক্ষে কেউ ছিল না। এর কিছুদিন পর থেকে ওই ছেলে স্বেচ্ছায় আমার সঙ্গে সম্পর্ক ত্যাগ করে। কয়েক বছর পর ওই ছেলে আবার আমাকে বিরক্ত করা শুরু করেছে, কিন্তু এখন আমি তাকে ঘৃণা করি মনেপ্রাণে। আমি স্নাতক প্রথম বর্ষে পড়ি। যখন আমি রেজিস্ট্রি ফরমে স্বাক্ষর করি, তখন সার্টিফিকেট অনুযায়ী আমার বয়স ১৪ বছর ২ মাস, জন্ম নিবন্ধন অনুযায়ীও তাই। আমার প্রশ্ন হচ্ছে, আমি ওই সময়ে যে সই করেছিলাম তাকে কি বিয়ে বলা হয় আইন অনুযায়ী? যদি বিয়েই হয়, তাহলে তা বাতিল করার জন্য কি তালাকনামা পাঠাতে হবে? পরিবার থেকে আমার জন্য ছেলে দেখা হচ্ছে। আমি তালাকনামা পাঠিয়ে দ্বিধাদ্বন্দ্বহীন হয়ে বিয়ে করতে পারব? তবে ওই ছেলে স্বীকার করেছে রেজিস্ট্রেশনে যাদের নাম লিখা, তারা ভুয়া মানুষ। সই করার সময় তারা ছবি তুলেছিল, তা কি ভবিষ্যতে সমস্যা সৃষ্টি করবে?’সামাজিক মর্যাদার কারণে আমি বা পরিবারের কেউই কোনো উকিলের সঙ্গে কথা বলিনি। আমি ব্যক্তিগতভাবে খুবই মানসিক দুঃশ্চিন্তার মধ্যে আছি","২০০৪ সালে একটি ছেলের সাথে পরিচয়ের পর ২০০৫ সালের মার্চে ছেলেটি ও তার পরিবারের চাপে একা থাকা অবস্থায় একটি বিয়ের রেজিস্ট্রি ফর্মে সই করতে বাধ্য হই। তখন সার্টিফিকেটে ও জন্মনিবন্ধনে আমার বয়স ছিল মাত্র ১৪ বছর ২ মাস। কিছুদিন পরই ছেলেটি নিজ থেকেই সব সম্পর্ক ছিন্ন করে। কিন্তু বর্তমানে অনার্স প্রথম বর্ষে পড়ার সময় সে আবার এসে নানাভাবে উত্যক্ত করছে, অথচ তার প্রতি আমার কোনো অনুভূতি নেই। এখন পরিবার থেকে আমার বিয়ের প্রস্তাব দেখা হচ্ছে। অপ্রাপ্তবয়স্ক অবস্থায় জোর করে নেওয়া সেই সইকে কি আইনত বৈধ বিয়ে ধরা হবে? নতুন বিয়ে করার আগে কি আমাকে সেই বিয়ে বাতিলের জন্য আনুষ্ঠানিকভাবে ডিভোর্স পাঠাতে হবে? সইয়ের সময় তোলা ছবি বা ভুয়া সাক্ষীদের দিয়ে ছেলেটি ভবিষ্যতে আমার কোনো ক্ষতি বা ব্ল্যাকমেইল করতে পারবে কি?",no,,
prot_0091_06,Iftiaq,104,"আমার নাম বৃষ্টি। উচ্চমাধ্যমিকে পড়ছি। বয়স ১৯-২০ বছর। যখন আমার বয়স চার-পাঁচ বছর, তখন আমার বাবা মারা যান। আমার বাবার বড় ভাইয়ের হিংসাত্মক আচরণের জন্য আমার মা আমাকে নিয়ে মামার বাড়ি আশ্রয় নেন। আমি আমার বাবার একমাত্র সন্তান। আমার মা এখন দ্বিতীয় সংসার করছেন। আমার বাবা মারা যাওয়ার আগে সম্পত্তির বিপরীতে ব্যাংক থেকে ঋণ নেন। এখনো সেই ঋণ শোধ করতে পারেননি। আমাদের ঘর ও সম্পত্তিতে বর্তমানে আমার বাবার বড় ভাই বসবাস করছেন। আমি হিন্দু মেয়ে। শুনেছি, হিন্দু মেয়েরা পৈতৃক সম্পত্তির অধিকার পায় না। আমার সম্পত্তি বিক্রি করে ঋণ পরিশোধ করলে আমার বাবার বড় ভাই আইনগত কোনো বাধা সৃষ্টি করতে পারবেন কি না?ঠিকানা প্রকাশে অনিচ্ছুক","আমি উচ্চমাধ্যমিকে পড়ছি, বয়স ১৯-২০ বছর। চার-পাঁচ বছর বয়সে বাবা মারা যাওয়ার পর জ্যাঠার অত্যাচারে অতিষ্ঠ হয়ে মা আমাকে নিয়ে মামার বাড়িতে আশ্রয় নেন। আমি বাবার একমাত্র সন্তান এবং মা পরবর্তীতে অন্যত্র বিয়ে করেছেন। বাবা মৃত্যুর আগে স্থাবর সম্পত্তি বন্ধক রেখে ব্যাংক লোন নিয়েছিলেন যা এখনো বকেয়া রয়েছে, আর আমাদের ভিটেবাড়িতে জ্যাঠা জোরপূর্বক দখল করে আছেন। সনাতন হিন্দু আইনে কি একমাত্র অবিবাহিত কন্যা হিসেবে বাবার সম্পত্তির কোনো অধিকার আমি পাব? বাবার রেখে যাওয়া সম্পত্তি বিক্রি করে ব্যাংকের দায়দেনা শোধ করতে গেলে আমার জ্যাঠা কি কোনো আইনি বাধা দিতে পারবেন?",yes,,
prot_0096_02,Iftiaq,61,আমার দাদার সব জমি তাঁর তিন ছেলের নামে। জমিগুলোর মিউটেশন করানো হয়নি। তাঁর মৃত্যুর পর আমার এক চাচা জমির দলিল আটকে ফেলেন। আমার বাবার কোনো ছেলেসন্তান না থাকার কারণে তিনি জমি বুঝে পাচ্ছেন না। এখন তিনি যদি তাঁর ভাগের কোনো অংশ বিক্রি করতে চান তাহলে কী করতে হবে? আর আমাদের বোনদের নামে লিখে দিতে চাইলেই–বা কী করতে হবে? নাম প্রকাশে অনিচ্ছুক,"দাদার সমস্ত জমিজমা তাঁর তিন ছেলের নামেই ছিল, তবে কোনো খারিজ বা নামজারি করা হয়নি। দাদা মারা যাওয়ার পর এক চাচা সব মূল দলিল আটকে রেখেছেন। বাবার কোনো ছেলেসন্তান না থাকার দুর্বলতার সুযোগ নিয়ে চাচারা বাবাকে তাঁর জমির অংশ দিচ্ছেন না। এখন বাবা যদি নিজের ভাগের জমি বিক্রি করতে চান তবে কী নিয়ম মানতে হবে? আর বেঁচে থাকতেই বাবা যদি সেই জমি আমাদের বোনদের নামে হেবা বা রেজিস্ট্রি করে দিতে চান, তবে দলিল ছাড়া কীভাবে তা করবেন?",no,,
prot_0100_04,Iftiaq,16,৩. এবং অন্য কোনো ব্যক্তির কাছে যদি জমি বিক্রি করেন তাহলে বিক্রি করতে পারবেন কি না?,"তৃতীয়ত, শরিকদের না জানিয়ে কোনো অংশীদার কি তৃতীয় কোনো বহিরাগত ব্যক্তির নিকট নিজের জমি বিক্রি করতে পারেন?",no,,
prot_0102_02,Iftiaq,55,"রহিমা বেগম, ফেনী।পরামর্শ: আপনার স্বামীর কাছ থেকে আপনার ও মেয়েদের ভরণ-পোষণ পেতে আপনি আইনিভাবে দাবিদার। সালিসের মীমাংসায় আপনার স্বামী রাজি না হলে আপনার ও মেয়েদের ভরণ-পোষণ দাবি করে পারিবারিক আদালতে মোকদ্দমা করতে পারেন। আপনার স্বামী কোনো ধরনের মিথ্যা অপবাদ ও হুমকি দিলে সংশ্লিষ্ট থানায় একটি সাধারণ ডায়েরি করে রাখতে পারেন।তালাকের পর আবার সংসার করা যায়?","স্বামী-স্ত্রীর মধ্যে একবার আইনত তালাক বা বিবাহবিচ্ছেদ সম্পন্ন হয়ে যাওয়ার পর, উভয় পক্ষ চাইলে কি পুনরায় একসাথে সংসার বা নতুন করে বিয়ে করতে পারে?",yes,মূল প্রশ্নে সংবাদপত্রের আইনি উত্তর ও নাম-ঠিকানা যুক্ত ছিল; ব্যক্তিগত তথ্য বাদ দিয়ে নাগরিকের মূল প্রশ্নটি ('তালাকের পর আবার সংসার করা যায়?') প্যারাফ্রেজ করা হয়েছে।,
prot_0104_02,Iftiaq,69,"আপনার পিতা জীবিত থাকলে যে সম্পত্তি দাবি করতে পারতেন, বর্তমান তালিকাভুক্ত সম্পত্তি আপনি উত্তরাধিকার সূত্রে দাবি করতে পারেন।৩. যেহেতু প্রত্যর্পণ ‘ক’ তে মৃত নৃপেন্দ্র চন্দ্র দেব ও জীবিত কৃপেশ চন্দ্র দেবের সম্পত্তি তাঁরা এই দেশ ত্যাগ করেন বিধায় তালিকায় এসেছে এবং ১৯৬৫ সালের আগে দেশ ত্যাগ করেন সেই সূত্রে তাঁরা যে উভয়ই এই দেশ ত্যাগ করেছেন অথবা জীবিত বা মৃত, এরূপ কোনো নিদর্শন ট্রাইব্যুনালে প্রদর্শন করতে হবে কি না?","অর্পিত সম্পত্তি প্রত্যর্পণ আইনের 'ক' তালিকাভুক্ত জমি ফেরত পেতে ট্রাইব্যুনালে আবেদন করার ক্ষেত্রে, মূল মালিক ১৯৬৫ সালের পূর্বে দেশত্যাগ করেছেন কি না কিংবা বর্তমানে জীবিত বা মৃত—এ সংক্রান্ত কোনো প্রাতিষ্ঠানিক প্রমাণ বা নিদর্শন কি ট্রাইব্যুনালে দাখিল করা বাধ্যতামূলক?",yes,মূল প্রশ্নে অর্পিত সম্পত্তি প্রত্যর্পণ ট্রাইব্যুনালের মামলার প্রেক্ষাপট ও সংশ্লিষ্ট ব্যক্তির নাম ছিল; নাম বাদ দিয়ে প্যারাফ্রেজ করা হয়েছে।,
prot_0105_03,Iftiaq,27,"দ্বিতীয় প্রশ্ন হচ্ছে, কোনো কোনো বইয়ে স্বত্ব প্রথম সংস্করণ অনুযায়ী করা আছে অথবা নির্দিষ্ট কয়েকটি সংস্করণ পর্যন্ত দেওয়া আছে। সেগুলোর পুনঃসংস্করণের ক্ষেত্রে এর স্বত্ব কার নামে হবে?","বইয়ের কপিরাইট চুক্তিতে যদি কেবল প্রথম সংস্করণ বা নির্দিষ্ট কয়েকটি সংস্করণের কথা উল্লেখ থাকে, তবে পরবর্তীতে নতুন সংস্করণ প্রকাশের ক্ষেত্রে বইয়ের মেধাস্বত্ব কার অনুকূলে থাকবে?",no,,
prot_0107_03,Iftiaq,33,"আমি সমাজের সবচেয়ে হতাশাগ্রস্ত একজন যুবকে পরিণত হয়েছি। ছোটবেলা থেকে আমার স্বপ্ন ছিল, সরকারি চাকরি করব। আজ কৃষি ডিপ্লোমার সামান্য একটি সনদ হাতে। আমি তো কোনো দোষ করিনি। তবে কেন মামলার আসামি হলাম?","ছোটবেলা থেকেই স্বপ্ন ছিল একটি সরকারি চাকরি করার, কৃষি ডিপ্লোমা শেষ করে সেই আশায় ছিলাম। অথচ কোনো অন্যায় বা অপরাধ না করেও আমি আজ একটি ফৌজদারি মামলার আসামি হয়ে চরম হতাশায় দিন কাটাচ্ছি; এই মিথ্যা মামলা থেকে রেহাই পাওয়ার আইনি পথ কী?",no,,
prot_0108_03,Iftiaq,52,"আসাদ, দিনাজপুর। পরামর্শ: হেবা দলিলের মাধ্যমে জমি দান করে দিয়ে থাকলে তা অবশ্যই হস্তান্তর করতে হবে এবং রেজিস্ট্রি করতে হবে। যেহেতু এই হেবাকৃত সম্পত্তি আপনার দখলেই আছে বেশির ভাগ অংশ, তাই এই হেবা দলিল কার্যকর হয়েছে বলে ধরে নেওয়া যায়। আপনারা হেবানামা অনুযায়ী আপনাদের অংশের নামজারি করিয়ে নিতে পারেন।অগ্রক্রয়ের দাবি কীভাবে করব?","সহ-শরিক বা প্রতিবেশীকে না জানিয়ে অন্য কারো কাছে জমি বিক্রি করে দিলে, শরিক হিসেবে আমি কীভাবে আদালতে অগ্রাধিকার ভিত্তিতে অগ্রক্রয় বা প্রিয়েমশন (Pre-emption) দাবি করতে পারি?",yes,মূল প্রশ্নে সংবাদপত্রের আইনি উত্তর ও নাম-ঠিকানা যুক্ত ছিল; নাগরিকের মূল প্রশ্নটি ('অগ্রক্রয়ের দাবি কীভাবে করব?') কেন্দ্র করে প্যারাফ্রেজ করা হয়েছে।,
prot_0111_01,Iftiaq,34,বিষয়টি আমি আমার পরিবারকে জানিয়েছি। আমি আমার বাবার বাড়িতে চলে এসেছি। এখন আমি তার বিরুদ্ধে আইনের আশ্রয় নিতে চাই। সে আমার আর আমার সন্তানের সঙ্গে ছিনিমিনি খেলেছে। আমি কি তার বিরুদ্ধে মামলা করতে পারব?,স্বামীর চরম প্রতারণার কথা পরিবারকে জানিয়ে আমি সন্তানসহ বাপের বাড়িতে ফিরে এসেছি। সে আমাদের জীবন নিয়ে ছিনিমিনি খেলেছে। এখন এই বিশ্বাসঘাতকতা ও অন্যায়ের প্রতিকার চেয়ে আমি কি স্বামীর বিরুদ্ধে ফৌজদারি বা পারিবারিক আদালতে মামলা করতে পারব?,no,,
prot_0112_03,Iftiaq,46,তাই কোনো দেশে বসবাস করতে হলে সেই দেশের আইনকানুন মানতে হবে। অজ্ঞতার কারণে একশ্রেণীর সুবিধাভোগী আপনার মতো সহজসরল মানুষগুলোর দুর্বলতার সুযোগ নিচ্ছে। আত্মহত্যার চেষ্টা করা একটি অপরাধ। এর জন্য দণ্ডবিধিতে শাস্তির ব্যবস্থা আছে। এ জন্য আপনি বলতে পারেন না যে আমার জান আমি নেব কার কী?,"চরম পারিবারিক অশান্তি বা হতাশা সহ্য করতে না পেরে কেউ যদি আত্মহত্যার চেষ্টা করে ব্যর্থ হয়, তবে বাংলাদেশের আইন বা দণ্ডবিধি অনুযায়ী কি তার বিরুদ্ধে কোনো অপরাধমূলক শাস্তির বিধান রয়েছে?",no,মূল প্রশ্নে মূলত সংবাদপত্রের কলামিস্টের আইনি নীতিবাক্য/পরামর্শের অংশ যুক্ত ছিল; নাগরিকের আইনি সংশয় অনুযায়ী প্যারাফ্রেজ করা হয়েছে।,
prot_0114_10,Iftiaq,24,"কোনো ব্যক্তি তার একমাত্র কন্যাসন্তান ও স্ত্রী রেখে মারা গেলেন। ওই ব্যক্তির সম্পত্তির সম্পূর্ণ মালিকানা কন্যা ও স্ত্রী পাবে, নাকি আরও কেউ অংশ পাবে?","কোনো মুসলিম পুরুষ যদি শুধু তাঁর স্ত্রী ও একটিমাত্র কন্যাসন্তান রেখে মারা যান, তবে তাঁর রেখে যাওয়া সম্পত্তির পুরোটা কি স্ত্রী ও মেয়ে পাবে, নাকি অন্যান্য আত্মীয়-স্বজনও (ভাই-বোন) ভাগ পাবে?",no,,
prot_0120_02,Iftiaq,55,"আইনের কোনো ব্যবস্থায় রেকর্ড থেকে চাচাদের নাম বাদ এবং ০.৪০ শতাংশ পুরো জায়গা আমাদের নামে রেকর্ডভুক্ত করতে পারি, সে বিষয় পরামর্শ দিলে উপকার হবে। রিক্তা বেগম, কিশোরগঞ্জ। পরামর্শ: আপনারা দাগ নম্বর সংশোধনের জন্য দেওয়ানি আদালতের আশ্রয় নিতে পারেন। আপনি দেওয়ানি আদালতে রেকর্ড সংশোধনের জন্য ঘোষণামূলক মোকদ্দমা দায়ের করতে পারেন। জমা খারিজের কারণে মামলার ক্ষতি হবে?",আমাদের কেনা চল্লিশ শতক জমি থেকে ভুলবশত রেকর্ডভুক্ত হওয়া চাচাদের নাম বাদ দিয়ে পুরো জমি নিজেদের নামে খতিয়ানভুক্ত করতে কোন আদালতে মামলা করতে হবে? আর বিচারাধীন অবস্থায় জমা-খারিজ বা মিউটেশন করা হলে কি মূল মামলার কোনো ক্ষতি হওয়ার আশঙ্কা থাকে?,yes,মূল প্রশ্নে সংবাদপত্রের আইনি উত্তর ও নাম-ঠিকানা যুক্ত ছিল; ব্যক্তিগত তথ্য বাদ দিয়ে নাগরিকের মূল প্রশ্নটি প্যারাফ্রেজ করা হয়েছে।,
prot_0122_02,Iftiaq,52,আপনার স্বামী আপনার ও আপনার মেয়েকে ভরণপোষণ না দিলে মুসলিম পারিবারিক আদালত অধ্যাদেশ অনুযায়ী পারিবারিক আদালতে প্রতিকার চাওয়ার সুযোগ আছে। পারিবারিক আদালতে আপনার ও মেয়ের ভরণপোষণ চেয়ে পারিবারিক আদালতে মোকদ্দমা করতে পারেন। প্রথমে বিষয়টি পারিবারিকভাবে নিষ্পত্তির চেষ্টা করতে পারেন। এতে কাজ না হলে পারিবারিক আদালতের আশ্রয় নিতে পারেন। বাবার প্রাপ্য কীভাবে পাব?,"আমার বাবার যে প্রাপ্য পাওনা আছে, আমরা সেটা কীভাবে বুঝে পেতে পারি?",no,মূল প্রশ্নে সংবাদপত্রের আইনি উত্তরের অংশ যুক্ত ছিল; নাগরিকের মূল প্রশ্নটি ('বাবার প্রাপ্য কীভাবে পাব?') কেন্দ্র করে প্যারাফ্রেজ করা হয়েছে।,
prot_0128_01,Iftiaq,123,আমার চেয়ে প্রায় সাত বছর বড় একটি ছেলের সঙ্গে আমার প্রেমের সম্পর্ক ছিল। প্রায় দুই বছর এ সম্পর্ক স্থায়ী ছিল। আমাদের সম্পর্কের কথা কেউ জানত না। ছেলেটি প্রায় সময় আমাকে বিয়ে করার আশ্বাস দিত। একদিন এক কাজিকে ডেকে এনে আমাদের বিয়ে পড়ানো হয়। এর পর থেকে আমরা প্রায়ই দাম্পত্য সম্পর্কে জড়িত হই। কয়েক মাস যেতে না যেতেই সে বদলে যেতে থাকে। আমার পরিবারের মধ্যে জানাজানি হয় বিষয়টি। পরিবার থেকে চাপ দিলে আমি তাকে কাবিননামা আনতে বলি। কিন্তু সে কাবিননামা দেখাচ্ছে না। আমার যে বাসায় কাজি এসেছিল ওই এলাকার কাজি অফিসে খোঁজ নিয়ে জানি যে এ নামে কোনো কাবিননামা হয়নি। ছেলেটি এখন নিরুদ্দেশ। কোনো ঠিকানা পাচ্ছি না। আমি খুব কষ্টে দিন পার করছি। আমি তার বিরুদ্ধে আইনি ব্যবস্থা কীভাবে নেব? নাম ঠিকানা প্রকাশে অনিচ্ছুক,"আমার চেয়ে সাত বছরের বড় একটি ছেলের সাথে দুই বছর ধরে প্রেমের সম্পর্ক ছিল যা কেউ জানত না। বিয়ের প্রতিশ্রুতি দিয়ে সে একদিন এক ভুয়া কাজি ডেকে বিয়ে পড়ায় এবং এরপর আমরা নিয়মিত স্বামী-স্ত্রী হিসেবে মেলামেশা করি। কিন্তু কয়েকমাস পর সে দূরে সরে যেতে থাকে। পরিবার জেনে চাপ দিলে তাকে কাবিনের কপি আনতে বলি, কিন্তু সে তা দেখায় না। কাজি অফিসে খোঁজ নিয়ে দেখি কোনো বিয়েই রেজিস্ট্রি হয়নি। এখন ছেলেটি সম্পূর্ণ উধাও হয়ে গেছে এবং তার কোনো হদিস পাচ্ছি না। বিয়ের নামে শারীরিক সম্পর্ক করে প্রতারণা করার অপরাধে তার বিরুদ্ধে আমি কীভাবে আইনি বা ফৌজদারি মামলা করতে পারি?",no,,
prot_0136_01,Iftiaq,19,"সমস্যা: মা জীবিত থাকতে একছেলের মৃত্যু হয়। মায়ের কবলাভুক্ত জায়গা-জমি মায়ের অবর্তমানে মৃত ছেলে ওয়ারিশ, না জীবিত ছেলে ওয়ারিশ?","মা বেঁচে থাকাকালে তাঁর এক ছেলে মারা যান। পরবর্তীতে মা মারা গেলে মায়ের কবলা দলিলের জমির মালিকানা কি কেবল জীবিত ছেলেরাই পাবে, নাকি মৃত ছেলের সন্তানেরাও হিস্যা পাবে?",no,,
prot_0138_02,Iftiaq,20,"অবসর, ছাঁটাই, অপসারণ, বরখাস্ত, অবসান করার পর মজুরি এবং পাওনা পরিশোধ করা না হলে আদায় করার ক্ষেত্রে শ্রমিকের করণীয় কী?","চাকরি থেকে অবসর, বরখাস্ত বা ছাঁটাইয়ের পর মালিকপক্ষ যদি বকেয়া বেতন ও অন্যান্য আইনগত পাওনা পরিশোধ না করে, তবে একজন শ্রমিকের শ্রম আইনে কী করণীয়?",no,,
ajke_0142_01,Iftiaq,73,"আমার বয়স ১৭ বছর। মা, দুই ভাইসহ আমি একসঙ্গে থাকি। মা-বাবা আলাদা থাকেন সাত বছর ধরে। আমার বাবা কোনোভাবেই আমার মাকে ডিভোর্স দিচ্ছেন না। আমরা বোঝানোর চেষ্টা করেছি। মা আমাদের তিন ভাইবোনের খরচ বহন করেন। তিনি কোনো কিছুই অপূর্ণ রাখেন না। কিন্তু বাবা আমাদের খোঁজ রাখেন না। আমার মা মানসিক ও শারীরিকভাবে অসুস্থ হয়ে পড়ছেন দিন দিন। সন্তান হিসেবে আমরা এমন কোনো আইনি পদক্ষেপ নিতে পারি কি, যাতে আমার মা-বাবার ডিভোর্স হয়ে যায়?","আমি ১৭ বছরের। মা আর আমার দুই ভাইয়ের সঙ্গে থাকি। সাত বছর হলো বাবা-মা আলাদা আছেন। বাবা কিছুতেই মাকে ডিভোর্স দিতে রাজি হচ্ছেন না, আমরা অনেক বুঝিয়েছি। আমাদের তিন ভাইবোনের সব খরচ মা-ই চালান, কোনো কিছুর অভাব রাখেন না। অথচ বাবা আমাদের কোনো খবরই নেন না। দিনকে দিন মায়ের শরীর আর মন দুটোই ভেঙে পড়ছে। ছেলেমেয়ে হিসেবে আমরা কি আইনিভাবে এমন কিছু করতে পারি, যাতে বাবা-মায়ের ডিভোর্সটা হয়ে যায়?",no,,Sifat
ajke_0157_01,Iftiaq,90,"প্রশ্ন: আমি হিন্দুধর্মাবলম্বী একজন বিবাহিত মেয়ে। কিছুদিন আগে আমার বাবা মারা গেছেন। আমার বাবা ব্যাংকে কিছু টাকা রেখে গেছেন, যার নমিনি আমার মা। আমি আমার বাবা-মায়ের একমাত্র সন্তান। আমার দাদু অর্থাৎ বাবার বাবা, মা, ভাই জীবিত আছেন। আমার বাবা মারা যাওয়ার পর আমার কাকা ও দাদু দাবি করছেন, তাঁরা আমার বাবার টাকার ওয়ারিশ; যেহেতু আমি একমাত্র মেয়ে। তাঁরা টাকা দাবি করছেন। তাঁরা ব্যাংককে এ কথা জানিয়েছেন। ব্যাংক থেকে ওয়ারিশান সার্টিফিকেট চাওয়া হচ্ছে। আমার প্রশ্ন, তাঁরা কি হিন্দু আইনমতে এই টাকার ওয়ারিশ হবেন? যেহেতু নমিনি আমার মা এবং তিনি জীবিত আছেন","আমি হিন্দু পরিবারের বিবাহিত মেয়ে। কয়েক দিন আগে বাবা মারা গেছেন। ব্যাংকে বাবার কিছু টাকা আছে, সেখানে নমিনি করা আছে আমার মাকে। বাবা-মায়ের আমি একমাত্র সন্তান। বাবার বাবা মানে আমার দাদু, বাবার মা আর বাবার ভাই এখনো বেঁচে আছেন। বাবা মারা যাওয়ার পর কাকা আর দাদু বলছেন, আমি যেহেতু একটাই মেয়ে, তাই বাবার টাকার ওয়ারিশ তাঁরাও। তাঁরা টাকার ভাগ চাইছেন এবং ব্যাংককেও সেটা জানিয়ে দিয়েছেন। এখন ব্যাংক ওয়ারিশান সার্টিফিকেট চাইছে। আমি জানতে চাই, হিন্দু আইন অনুযায়ী তাঁরা কি এই টাকার ওয়ারিশ হবেন, যখন নমিনি আমার মা এবং তিনি বেঁচে আছেন?",no,,Sifat
ajke_0169_01,Iftiaq,89,"আমি এইচএসসি পরীক্ষার্থী। আমার বাবা-মা প্রায় চার বছর ধরে আলাদা থাকছেন। বাবা একাধিক নারীতে আসক্ত ছিলেন। সে কারণে মাকে মারধর করতেন। শেষমেশ মা বাড়ি ছেড়ে চলে আসেন। এর পর থেকে বাবা আমার খরচ দেওয়া বন্ধ করে দেন। তবে কখনো কখনো পারিবারিক চাপের কারণে কিছু দেন, আবার বন্ধ করে দেন। এখন মাকে ডিভোর্সের নোটিশ পাঠিয়েছেন বাবা। যদি সত্যি তাঁদের ডিভোর্স হয়ে যায়, তাহলে আমার করণীয় কী? আমি কীভাবে আমার ন্যায্য অধিকার পাব? তিনি যথেষ্ট সচ্ছল মানুষ। আমি চাই আমার পড়ালেখা চালিয়ে যাওয়ার মতো খরচটা তিনি দিন। আমাদের কী করা উচিত?","এবার এইচএসসি দেব। প্রায় চার বছর হলো আমার বাবা-মা আলাদা থাকেন। বাবার একাধিক নারীর প্রতি ঝোঁক ছিল, আর সে জন্য তিনি মাকে মারধর করতেন। শেষে মা বাড়ি ছেড়ে চলে আসেন। তারপর থেকে বাবা আমার খরচ দেওয়া বন্ধ করে দিয়েছেন। মাঝেমধ্যে পরিবারের লোকজনের চাপে কিছু টাকা দেন, আবার বন্ধ করে দেন। এখন বাবা মায়ের কাছে ডিভোর্সের নোটিশ পাঠিয়েছেন। সত্যিই যদি ওঁদের ডিভোর্স হয়ে যায়, তখন আমি কী করব? আমার ন্যায্য পাওনা কীভাবে আদায় করব? বাবার টাকাপয়সার অভাব নেই। আমি চাই অন্তত পড়াশোনা চালিয়ে যাওয়ার খরচটা তিনি দিন। এখন আমাদের কী করা দরকার?",no,,Sifat
ajke_0179_02,Iftiaq,8,আমি ডিভোর্সের জন্য আইনিভাবে এগোতে চাই। করণীয় কী?,আইনের পথে গিয়ে ডিভোর্স নিতে চাই। কী করতে হবে?,no,Short follow-up fragment; the story is in an earlier part of the letter.,Sifat
ajke_0194_01,Iftiaq,35,প্রশ্ন: আমি হিন্দু পরিবারের মানুষ। আমার জেঠিমা মারা গেছেন। জ্যাঠা মারা যাওয়ার আগে জেঠিমার নামে শহরের ও গ্রামের বাড়ির অংশ দানপত্র করে যান। এখন জেঠিমার সম্পত্তির ওয়ারিশ কে হবে? তাঁর দেবরের ছেলে-মেয়ে নাকি তাঁর ভাই?,"আমরা হিন্দু। আমার জেঠিমা মারা গেছেন। জ্যাঠা মারা যাওয়ার আগে শহরের বাড়ি আর গ্রামের বাড়ির অংশ জেঠিমার নামে দানপত্র করে দিয়ে গিয়েছিলেন। এখন জেঠিমার এই সম্পত্তি কারা পাবে—তাঁর দেবরের ছেলেমেয়েরা, নাকি তাঁর নিজের ভাই?",no,,Sifat
ajke_0207_01,Iftiaq,90,"আমার বড় বোনের বিয়ে হয়েছে দুই বছর হলো। গত মাসে বোনজামাই বড় অঙ্কের টাকা নিয়ে বিদেশে পালিয়ে গেছেন। বোনের সঙ্গে তিনি কোনো ধরনের যোগাযোগ করছেন না। তাঁকে দেশে ফেরত আনব কীভাবে? বিদেশে যাওয়ার পর তাঁকে কি দেশে ফেরত আনতে পারব? আমাদের এখন কী করণীয়? ঝুমুর, পটিয়া উওর: আপনার বোনজামাই কোন দেশে গেছেন, সেটা যদি জানতে পারেন, তবে সেই দেশের বাংলাদেশ দূতাবাসে অভিযোগ করতে পারবেন। এর আগে অবশ্যই থানায় তাঁর বিরুদ্ধে মামলা করতে হবে। পুলিশ তাঁকে খুঁজে বের করতে পারবে। বাংলাদেশ দূতাবাস ফৌজদারি অপরাধের আসামিকে ফেরত পাঠানোর জন্য পদক্ষেপ নিতে পারে",দুই বছর আগে আমার বড় বোনের বিয়ে হয়েছে। গত মাসে দুলাভাই মোটা অঙ্কের টাকা নিয়ে বিদেশে পালিয়ে গেছেন। বোনের সঙ্গে তিনি কোনো রকম যোগাযোগই রাখছেন না। কীভাবে তাঁকে দেশে ফিরিয়ে আনা যায়? একবার বিদেশে চলে যাওয়ার পর কি আর তাঁকে ফেরত আনা সম্ভব? আমরা এখন কী করব? উত্তর: দুলাভাই কোন দেশে গেছেন জানতে পারলে সে দেশের বাংলাদেশ দূতাবাসে অভিযোগ দিতে পারবেন। তবে তার আগে থানায় তাঁর নামে অবশ্যই মামলা করতে হবে। পুলিশ তাঁকে খুঁজে বের করতে পারবে। ফৌজদারি মামলার আসামিকে দেশে ফেরত পাঠাতে বাংলাদেশ দূতাবাস ব্যবস্থা নিতে পারে।,yes,"Removed signature (name, place). The columnist's reply is glued after the question; kept it after 'উত্তর:' so it can be cut.",Sifat
lawy_0219_01,Iftiaq,10,জমি কিনেছেন দাগে দাগে কিন্তু ভোগদখল একদাগে- আইনি সমাধান কী?,"বিভিন্ন দাগে জমি কিনেছেন, অথচ দখলে আছেন শুধু একটা দাগে—এর আইনি সমাধান কী?",no,"Headline-style (article title), not a personal letter.",Sifat
lawy_0258_01,Iftiaq,11,ভূমি অপরাধ প্রতিরোধ ও প্রতিকার আইনানুযায়ী ভূমি রেজিস্ট্রেশনে জটিলতা আছে কিনা?,ভূমি অপরাধ প্রতিরোধ ও প্রতিকার আইন অনুসারে জমি রেজিস্ট্রি করাতে গেলে কোনো জটিলতা হয় কি?,no,Headline-style (article title); the Act's name is kept as is.,Sifat
lawy_0380_01,Iftiaq,9,জমির দলিলে ভুল হলে সেই দলিল সংশোধনের উপায় কী?,জমির দলিলে কোনো ভুল থাকলে কীভাবে সেটা ঠিক করানো যায়?,no,Headline-style (article title).,Sifat
lawy_0588_01,Iftiaq,8,মামলা দায়েরের পর প্রত্যাহার করার সুযোগ আছে কি?,একবার মামলা করে ফেলার পর কি সেটা তুলে নেওয়া যায়?,no,Headline-style (article title).,Sifat
prot_0001_01,Iftiaq,78,"আমার ভাই ১৬ বছর বয়সে কাজি অফিসে গিয়ে বিয়ে করে। তখন সে তার বয়স বাড়িয়ে বলেছিল। কিন্তু অফিশিয়াল কাগজে তার এবং তার স্ত্রীর বয়স ১৬ তখন। সাত-আট বছর ধরে তাদের মধ্যে কোনো যোগাযোগ নেই। যে কাজী অফিসে তাদের বিয়ে হয়েছিল, সেখানে তাদের বিয়ের কোনো কাবিননামাও খুঁজে পাওয়া যাচ্ছে না। আমার ভাই বর্তমানে আরেক মেয়েকে বিয়ে করতে চায়। এ জন্য সে আগের স্ত্রীকে তালাক দিতে চায়। কিন্তু যেহেতু কোনো কাগজ পাওয়া যায়নি আগের বিয়ের, তালাক দেওয়ার প্রয়োজনীয়তা কি আছে?","আমার ভাই যখন ১৬ বছরের, তখন কাজি অফিসে গিয়ে বিয়ে করেছিল। সে সময় নিজের বয়স বাড়িয়ে বলেছিল, অথচ অফিসের কাগজে তখন তার আর তার বউয়ের দুজনেরই বয়স লেখা ১৬। গত সাত-আট বছর ধরে ওদের মধ্যে কোনো যোগাযোগ নেই। যে কাজি অফিসে বিয়েটা হয়েছিল, সেখানে খুঁজেও ওদের কাবিননামা পাওয়া যাচ্ছে না। এখন ভাই আরেকটা মেয়েকে বিয়ে করতে চায়, তাই আগের বউকে তালাক দিতে চাইছে। কিন্তু আগের বিয়ের কোনো কাগজই যখন পাওয়া যাচ্ছে না, তখন কি তালাক দেওয়ার আদৌ দরকার আছে?",no,,Sifat
prot_0003_05,Iftiaq,79,আমি ও আমার স্ত্রী দুজনই সরকারি চাকরিজীবী। আমরা আমাদের এক দরিদ্র দূরসম্পর্কের আত্মীয়ের এক মাস বয়সী কন্যাকে তাঁদের পূর্ণ সম্মতিতে এককালীন নিয়ে নিয়েছি। সে এখন আমাদের সন্তান হিসেবে বড় হচ্ছে। নাম রেখেছি ছালছাবিল। বয়স এখন এক বছর। আমি আমার সম্পত্তি আমার একমাত্র কন্যা হিসেবে ছালছাবিলকে উইল করে দিতে চাই। এতে কোনো আইনগত বাধা আছে কি না? কিংবা আমার অবর্তমানে ভবিষ্যতে আমার ভাই-ভাতিজারা ছালছাবিল আমার কন্যা নয় বলে ওই সম্পত্তিতে কোনো দাবি বা হস্তক্ষেপ করতে পারবে কি না? বাবলু কুড়িগ্রাম,"আমি আর আমার স্ত্রী দুজনেই সরকারি চাকরি করি। আমাদের এক গরিব দূরসম্পর্কের আত্মীয়ের এক মাস বয়সী মেয়েকে তাঁদের পুরো সম্মতি নিয়ে একেবারে আমাদের কাছে নিয়ে এসেছি। মেয়েটি এখন আমাদের সন্তান হিসেবেই বড় হচ্ছে। ওর একটা নাম রেখেছি, এখন ওর বয়স এক বছর। আমার সম্পত্তি আমার একমাত্র মেয়ে হিসেবে ওর নামে উইল করে দিতে চাই। এতে আইনে কোনো বাধা আছে কি? নাকি আমি না থাকলে পরে আমার ভাই-ভাতিজারা ‘ও তো তোমার মেয়ে না’ বলে ওই সম্পত্তিতে দাবি তুলতে বা হস্তক্ষেপ করতে পারবে?",yes,"Removed the child's name and the signature (name, district).",Sifat
prot_0005_01,Iftiaq,38,"আমি ব্যবসায়ী, আমার স্ত্রী সরকারি কর্মকর্তা। মুসলিম। আমার স্ত্রীর বড় ভাইয়ের প্রথম স্ত্রীর (তালাকপ্রাপ্ত) আট বছর বয়সী মেয়েকে আমরা দত্তক হিসেবে নিতে চাই। মেয়েটি অবশ্য এখন আমাদের সঙ্গেই থাকে। দত্তক সন্তানের মা-বাবার নাম কি আমাদের নামে করতে পারি?","আমি ব্যবসা করি, আমার স্ত্রী সরকারি অফিসার। আমরা মুসলমান। আমার স্ত্রীর বড় ভাইয়ের প্রথম স্ত্রীর (যাঁর সঙ্গে তালাক হয়ে গেছে) আট বছরের মেয়েকে আমরা দত্তক নিতে চাই। মেয়েটা এখন আমাদের কাছেই থাকে। দত্তক নেওয়া মেয়ের কাগজে মা-বাবার নাম হিসেবে কি আমাদের নাম দেওয়া যাবে?",no,,Sifat
prot_0007_02,Iftiaq,33,"একজন হিন্দুধর্মাবলম্বী ব্যক্তির কোনো পুত্র নেই। শুধু এক বিবাহিত কন্যা আছে। ওই কন্যার নাতি ও নাতনি আছে। এখন সেই ব্যক্তির মৃত্যুর পর কে হবে তাঁর সম্পত্তির উত্তরাধিকারী—তাঁর বিধবা স্ত্রী, নাকি বিবাহিত কন্যার নাতি-নাতনি?","এক হিন্দু ভদ্রলোকের কোনো ছেলে নেই, আছে কেবল একজন বিবাহিত মেয়ে। সেই মেয়ের নাতি-নাতনিও আছে। লোকটি মারা গেলে তাঁর সম্পত্তির ওয়ারিশ কে হবে—তাঁর বিধবা স্ত্রী, নাকি বিবাহিত মেয়েটির নাতি-নাতনিরা?",no,,Sifat
prot_0010_04,Iftiaq,76,"আমরা এক ভাই, চার বোন। আমাদের বাবা ২০১০ সালে এবং মা ২০১৪ সালে মারা যান। বাবার নামে সম্পত্তি ছিল। আমার বাবার মৃত্যুর আগে ২০০৯ সালে ডেভেলপারের সঙ্গে চুক্তি হয়। পৌনে দুই কাঠার সম্পত্তি। চুক্তি মোতাবেক আমরা পাব পাঁচটি ফ্ল্যাট ও ডেভেলপার পাবে পাঁচটি ফ্ল্যাট। বাড়ির কাজ সম্পন্ন হওয়ার পথে। কিন্তু এক ভাই হিসাবে পাঁচটি ফ্ল্যাটের মধ্যে চার বোনকে কী নিয়মে বণ্টন করব? মুসলিম ফারায়েজ অনুযায়ী বাবা ও মায়ের অবর্তমানে ওই সম্পত্তির (ফ্ল্যাটের) কে কতটুকু অংশীদার হবে?","আমরা এক ভাই আর চার বোন। বাবা মারা গেছেন ২০১০ সালে, মা ২০১৪ সালে। সম্পত্তিটা ছিল বাবার নামে। মারা যাওয়ার আগে ২০০৯ সালে বাবা একটা ডেভেলপারের সঙ্গে চুক্তি করেছিলেন। জমির পরিমাণ পৌনে দুই কাঠা। চুক্তি অনুযায়ী পাঁচটা ফ্ল্যাট আমাদের, আর পাঁচটা ডেভেলপারের। বাড়ির কাজ প্রায় শেষের দিকে। এখন একমাত্র ভাই হিসেবে আমি এই পাঁচটা ফ্ল্যাট চার বোনের সঙ্গে কোন নিয়মে ভাগ করব? বাবা-মা দুজনেই যখন নেই, তখন মুসলিম ফারায়েজ মতে এই ফ্ল্যাটগুলোর কে কত ভাগ পাবে?",no,,Sifat
prot_0012_01,Iftiaq,98,"আমার মায়ের দিকে তিন ভাই, তিন বোন। বোন একজন জীবিত এবং ভাই একজন জীবিত। আমার নানা তাঁর মায়ের কাছ থেকে উত্তরাধিকার সূত্রে কিছু জমি পেয়েছেন, যেটা আগে কেউ জানতেন না। এক দূরসম্পর্কের মামা সম্পত্তির খোঁজ বের করে আমাদের জানান। এখন আমার মায়ের দিকের যে ভাইবোনেরা জীবিত নেই, তাঁরা এবং তাঁদের ছেলেমেয়েরা কি এই সম্পত্তির উত্তরাধিকার হবেন? যিনি এই সম্পত্তির খোঁজ এনেছেন, তাঁর ভাষ্যমতে সবাই জীবিত অবস্থায় এই সম্পত্তির কথা জানতেন না। সুতরাং এখন যাঁরা জীবিত আছেন, তাঁরাই শুধু এই সম্পত্তির উত্তরাধিকার। কারণ, মৃত মানুষ সম্পত্তির উত্তরাধিকার হতে পারেন না। সঠিক আইনটি জানালে অনেক উপকৃত হতাম। নাম প্রকাশে অনিচ্ছুক","মায়ের দিকে ভাই ছিলেন তিনজন, বোনও তিনজন। এখন তাঁদের মধ্যে একজন বোন আর একজন ভাই বেঁচে আছেন। আমার নানা তাঁর মায়ের কাছ থেকে ওয়ারিশ সূত্রে কিছু জমি পেয়েছিলেন, যেটার কথা আগে কারও জানা ছিল না। দূরসম্পর্কের এক মামা খোঁজখবর করে জমিটার কথা আমাদের জানিয়েছেন। এখন প্রশ্ন হলো, মায়ের যে ভাইবোনেরা মারা গেছেন, তাঁরা বা তাঁদের ছেলেমেয়েরা কি এই জমির ওয়ারিশ হবেন? যে মামা খোঁজটা এনেছেন, তিনি বলছেন—বেঁচে থাকতে তো কেউ এই জমির কথা জানতেনই না, তাই এখন যাঁরা বেঁচে আছেন শুধু তাঁরাই ওয়ারিশ; কারণ মরা মানুষ তো আর সম্পত্তির ওয়ারিশ হতে পারে না। আসল আইনটা কী, জানালে খুব উপকার হতো।",no,Dropped the 'name withheld' sign-off.,Sifat
prot_0014_02,Iftiaq,91,"আমি বিয়ে করি ২০০৮ সালের ১৬ ডিসেম্বর। বিয়ের এক মাস পার হওয়ার পর তার সঙ্গে আমার সমস্যার সৃষ্টি হয়। আমি তাকে ২০১০ সালের আগস্টে তালাক দিই। সে তালাকের চিঠি পাওয়ার পরে, আমার নামে একটি যৌতুকের মামলা করে। আদালত এই মামলায় গত মার্চ মাসে আমার পক্ষে রায় দেন। কিন্তু এখন পর্যন্ত সে আমার নামে কোনো পারিবারিক মামলা করেনি। আমার কাছে তার পক্ষ থেকে কোনো কাবিনের টাকা চাওয়া হয়নি। যৌতুকের মামলার রায়ের কত দিন, মাস বা বছর পর্যন্ত সময় থাকে? এই পারিবারিক মামলা করতে আমাকে সঠিক পরামর্শ দিলে আমি আপনার কাছে উপকৃত থাকবে","২০০৮ সালের ১৬ ডিসেম্বর আমার বিয়ে হয়। বিয়ের মাস খানেক পার হতেই ওর সঙ্গে ঝামেলা শুরু হয়। ২০১০ সালের আগস্টে আমি ওকে তালাক দিই। তালাকের চিঠি হাতে পেয়ে সে আমার বিরুদ্ধে একটা যৌতুকের মামলা করে দেয়। গত মার্চে আদালত সেই মামলার রায় আমার পক্ষে দিয়েছেন। তবে এখনো পর্যন্ত সে আমার নামে কোনো পারিবারিক মামলা করেনি, আর তার দিক থেকে কাবিনের টাকাও চাওয়া হয়নি। যৌতুকের মামলার রায়ের পর কত দিন, কত মাস বা কত বছর পর্যন্ত সময় থাকে? এই পারিবারিক মামলার ব্যাপারে ঠিক পরামর্শটা দিলে আপনার কাছে কৃতজ্ঞ থাকব।",no,,Sifat
prot_0018_04,Iftiaq,66,"আমার এক আত্মীয় ১৯৬০ সালে পরিবারের কাউকে না জানিয়ে দ্বিতীয় বিয়ে করেন। পরে প্রথম স্ত্রীর ছেলেমেয়েরা দ্বিতীয় স্ত্রীর চার ছেলেমেয়ের লেখাপড়া শেখায় ও প্রতিষ্ঠিত করে। ২০০৮ সালে প্রথম স্ত্রী ও ২০১১ সালে সেই ব্যক্তি মারা যান। এখন দ্বিতীয় স্ত্রীর ছেলেমেয়েরা বলছে, স্বামীর আগে স্ত্রী মারা গেছে বলে স্বামীর সম্পত্তির অংশ প্রথম স্ত্রীর ছেলেমেয়েরা পাবে না। প্রশ্ন হলো, প্রথম স্ত্রীর ফারায়েজ অংশ তাঁর সন্তানেরা পাবে কি না?","আমার এক আত্মীয় ১৯৬০ সালে বাড়ির কাউকে কিছু না জানিয়ে দ্বিতীয় বিয়ে করেছিলেন। পরে তাঁর প্রথম স্ত্রীর ছেলেমেয়েরাই দ্বিতীয় স্ত্রীর চার ছেলেমেয়েকে পড়াশোনা করিয়ে দাঁড় করিয়ে দেয়। প্রথম স্ত্রী মারা যান ২০০৮ সালে, আর ওই আত্মীয় মারা যান ২০১১ সালে। এখন দ্বিতীয় স্ত্রীর ছেলেমেয়েরা বলছে, স্বামীর আগেই যেহেতু প্রথম স্ত্রী মারা গেছেন, তাই স্বামীর সম্পত্তিতে প্রথম স্ত্রীর ছেলেমেয়েদের কোনো ভাগ নেই। আমার প্রশ্ন, প্রথম স্ত্রীর ফারায়েজের অংশটা কি তাঁর সন্তানেরা পাবে?",no,,Sifat
prot_0028_01,Iftiaq,97,"২০১০ সালে আমার স্বামী তাঁর এক অধীনস্থ কর্মচারীকে বিয়ে করেন। তখন আমাদের দাম্পত্যজীবনের বয়স প্রায় ৩০ বছর। বিয়ের পর তিনি বাসা থেকে বেরিয়ে যান। তিনি আমার অনুমতি ছাড়াই দ্বিতীয় বিয়ে করেন, আমার সঙ্গে খারাপ ব্যবহার করেন এবং বিভিন্ন সময়ে তালাকের হুমকি দেন। আমার আর্থিক অবস্থা ভালো নয় বলে আমার স্বামী বুঝে নিয়েছেন যে আমি তাঁকে কোনো শাস্তি দিতে পারব না। তিনি আমার খরচ বহন তো দূরে থাক, আমার সঙ্গে কোনো যোগাযোগই রাখেন না। সন্তানদেরও খোঁজ নেন না ঠিকভাবে। এ অবস্থায় আমার স্বামীর সঙ্গে কি আমার এখনো সম্পর্ক আছে বলে মনে করেন? আমি এখন কী ব্যবস্থা নিতে পারি?","২০১০ সালে আমার স্বামী তাঁর অফিসের এক অধস্তন কর্মীকে বিয়ে করেন। তখন আমাদের সংসারের বয়স প্রায় ৩০ বছর। ওই বিয়ের পর তিনি বাসা ছেড়ে চলে যান। আমার অনুমতি না নিয়েই দ্বিতীয় বিয়েটা করেছেন, আমার সঙ্গে দুর্ব্যবহার করেন, মাঝেমধ্যেই তালাক দেওয়ার ভয় দেখান। আমার টাকাপয়সার অবস্থা ভালো না, তাই তিনি ধরে নিয়েছেন যে আমি তাঁর কোনো শাস্তির ব্যবস্থা করতে পারব না। আমার খরচ দেওয়া তো দূরের কথা, আমার সঙ্গে কোনো যোগাযোগই রাখেন না। ছেলেমেয়েদের খোঁজখবরও ঠিকমতো নেন না। এই অবস্থায় আপনার কী মনে হয়, তাঁর সঙ্গে কি আমার এখনো স্বামী-স্ত্রীর সম্পর্ক আছে? এখন আমি কী ব্যবস্থা নিতে পারি?",no,,Sifat
prot_0032_04,Iftiaq,50,"দাদা যখন সুস্থ ছিলেন, তখন তিনি আমার চাচাদের বলেন বাবার ভিটা আমাদের মধ্যে ভাগ করে দিতে। এমনকি তিনি জায়গাও নির্দিষ্ট করে দেন। জমি মেপে দিতে বললে চাচারা বলেন, আমরা নাকি জমি পাব না। কিন্তু এখন আমাদের একটা বাড়ি জরুরি হয়ে পড়েছে। এ পরিস্থিতিতে জমি পাওয়ার জন্য আমরা কী করতে পারি?","দাদা যখন ভালো ছিলেন, তখন চাচাদের বলেছিলেন বাবার ভিটেটা আমাদের মধ্যে ভাগ করে দিতে। কোন জায়গাটা দিতে হবে, সেটাও ঠিক করে দিয়েছিলেন। কিন্তু জমিটা মেপে দিতে বললে চাচারা বলছেন, আমরা নাকি কোনো জমিই পাব না। অথচ এখন আমাদের একটা বাড়ি খুবই জরুরি দরকার। এ অবস্থায় জমিটা পেতে আমরা কী করতে পারি?",no,Text starts mid-story; the earlier part of the letter is not included.,Sifat
prot_0036_01,Iftiaq,65,গত ফেব্রুয়ারি মাসে আমার নানি অসুস্থ হওয়ার পর আমার মাকে তাঁর ১৬ শতাংশ জমি (হেবানামা) লিখে দেন। আমার মা নানিকে চিকিৎসা করান।এখন তিনি পুরোপুরি সুস্থ। এখন আমার মা ও নানির মধ্যে সম্পর্কের অবনতি হওয়ায় নানি হুমকি দিয়ে জমিটা ফেরত চাচ্ছেন। এখন আইনগতভাবে আমার মা জমির মালিক কি না? আর আমার মা জমিটা না দিলে নানি কি তা নিতে পারবেন? জমিটুকু এখন নানিই ভোগ করছেন।ইমাম হোসাইনগাজীপুর,"গত ফেব্রুয়ারিতে আমার নানি অসুস্থ হওয়ার পর তাঁর ১৬ শতাংশ জমি হেবানামা করে আমার মায়ের নামে লিখে দেন। মা-ই নানির চিকিৎসা করিয়েছেন, এখন তিনি একদম সুস্থ। কিন্তু এখন মা আর নানির সম্পর্ক খারাপ হয়ে যাওয়ায় নানি হুমকি দিয়ে জমিটা ফেরত চাইছেন। আইন অনুযায়ী এখন কি জমিটার মালিক আমার মা? আর মা যদি জমি ফেরত না দেন, তাহলে কি নানি সেটা নিয়ে নিতে পারবেন? জমিটা অবশ্য এখনো নানিই ভোগ করছেন।",yes,"Removed signature (name, district).",Sifat
prot_0037_07,Iftiaq,47,"এখন আমি তাকে কোনোভাবেই মেনে নিতে পারছি না। যার কারণে আমি মেয়েটিকে আবার কাজির মাধ্যমে তালাক দিয়েছি। মেয়ে আমাকে বিভিন্ন সময়ে ভয়ভীতি দেখায়। সে নাকি আমাকে ছাড়া অন্য কোথাও বিয়ে করবে না। এখন আমি যদি তার সঙ্গে সংসার না করতে চাই, তাহলে সে কোনো ব্যবস্থা নিতে পারবে?","এখন ওকে আমি কিছুতেই মেনে নিতে পারছি না। সে কারণেই মেয়েটিকে আবারও কাজির মাধ্যমে তালাক দিয়েছি। মেয়েটি নানা সময়ে আমাকে ভয়ভীতি দেখায়, বলে—আমাকে ছাড়া সে আর কোথাও বিয়ে করবে না। এখন আমি যদি ওর সঙ্গে সংসার করতে না চাই, তাহলে কি সে কোনো ব্যবস্থা নিতে পারবে?",no,Text starts mid-story; the earlier part of the letter is not included.,Sifat
prot_0043_01,Iftiaq,66,"আমি একটি মেয়েকে ভালোবাসি। মেয়েটিও আমাকে ভালোবাসে। মেয়েটি জাতিতে ত্রিপুরা। বর্তমানে ১০ম শ্রেণীতে পড়ে। বয়স ১৭ বছর। তাকে আমি দুই বছর পর বিয়ে করতে চাই। আমি কি তাকে সাধারণভাবে বিয়ে করতে পারব? বিয়ের পর তার পরিবার আইনি ব্যবস্থা নিলে আমার কোনো সমস্যা হবে না তো? বিয়ের পর তার লেখাপড়ার সনদ কি আগের নামেই হবে, নাকি আমার দেওয়া নতুন নামে হতে পারে? মো. হূদয় ইসলাম (ছদ্মনাম) দিনাজপুর","একটা মেয়েকে আমি ভালোবাসি, মেয়েটিও আমাকে ভালোবাসে। ও ত্রিপুরা জনগোষ্ঠীর মেয়ে। এখন ১০ম শ্রেণিতে পড়ে, বয়স ১৭। দুই বছর পর ওকে বিয়ে করতে চাই। আমি কি সাধারণ নিয়মে ওকে বিয়ে করতে পারব? বিয়ের পর ওর পরিবার যদি আইনি ব্যবস্থা নেয়, তাহলে আমার কোনো বিপদ হবে না তো? আর বিয়ের পর ওর পড়াশোনার সার্টিফিকেটে কি আগের নামই থাকবে, নাকি আমার দেওয়া নতুন নামে করা যাবে?",yes,"Removed signature (pseudonym, district).",Sifat
prot_0044_04,Iftiaq,96,পাঁচ বছর আগে আমার এক চাচাতো বোনের বিয়ে হয়। তখন তাঁর বয়স ছিল মাত্র ১৫ বছর। আমার চাচাতো বোন খুব মেধাবী ছিলেন এবং বিয়ের পর পড়তে দেবে এমন শর্তে তাঁকে বিয়ে দেওয়া হয়। কিন্তু পড়ার সুযোগ না পাওয়ায় তিনি পালিয়ে চলে আসেন। পরে আমার চাচাতো বোন তাঁর স্বামীকে তালাক দিতে চেয়েছিলেন কিন্তু আমার চাচা তাতে বাধা দেন। অবশেষে কাগজে-কলমে কোনো সমাধান না হলেও ছেলেপক্ষের আত্মীয়রা দাবি ছেড়ে দেন এবং ছেলেটি বিয়ে করেন। আমার বোনেরও বর্তমানে আবার বিয়ে হয়েছে। আমার বোনের দ্বিতীয় বিয়েটি বৈধ কি না? ভবিষ্যতে এটি নিয়ে কোনো আইনি সমস্যা হবে কি না?নাম প্রকাশে অনিচ্ছুক,"পাঁচ বছর আগে আমার এক চাচাতো বোনের বিয়ে হয়, তখন ওর বয়স মাত্র ১৫। বোনটা পড়াশোনায় খুব ভালো ছিল, বিয়ের পর পড়তে দেওয়া হবে—এই শর্তেই ওকে বিয়ে দেওয়া হয়েছিল। কিন্তু পড়ার সুযোগ না পেয়ে ও পালিয়ে চলে আসে। পরে ও স্বামীকে তালাক দিতে চেয়েছিল, কিন্তু চাচা তাতে বাধা দেন। শেষ পর্যন্ত কাগজে-কলমে কোনো ফয়সালা হয়নি, তবে ছেলের পক্ষের আত্মীয়রা দাবি ছেড়ে দেন আর ছেলেটিও অন্য জায়গায় বিয়ে করেছে। আমার বোনেরও এখন আবার বিয়ে হয়েছে। বোনের এই দ্বিতীয় বিয়েটা কি বৈধ? পরে এটা নিয়ে কোনো আইনি ঝামেলা হতে পারে কি?",no,Dropped the 'name withheld' sign-off.,Sifat
prot_0046_02,Iftiaq,48,"আমার জন্ম ১৯৯৭ সালে। তার মানে এখনো ১৮ বছর পূর্ণ হয়নি। কিন্তু আমি ভালোবেসে আমার খালাতো ভাইকে বিয়ে করেছি, যিনি একজন বিসিএস (কর) ক্যাডারে যোগদান করেছেন। আমার বিয়ের খবর মা-বাবা জানেন না। আমার বাবা অত্যন্ত গোঁয়ার প্রকৃতির। বাবা মামলা করলে আমার স্বামীর চাকরির কোনো ক্ষতি হবে কি? রাকাগোপালগঞ্জ","আমার জন্ম ১৯৯৭ সালে, মানে এখনো ১৮ পূর্ণ হয়নি। তবু আমি আমার খালাতো ভাইকে ভালোবেসে বিয়ে করে ফেলেছি। উনি বিসিএস (কর) ক্যাডারে চাকরিতে যোগ দিয়েছেন। আমাদের বিয়ের কথা বাবা-মা এখনো জানেন না। আমার বাবা ভীষণ একরোখা মানুষ। বাবা যদি মামলা করে দেন, তাহলে কি আমার স্বামীর চাকরির কোনো ক্ষতি হবে?",yes,"Removed signature (name, district).",Sifat
prot_0047_05,Iftiaq,57,আমার স্ত্রীর দুই বোন ও দুই ভাই আছে। তাদের মধ্যে এক বোন তার দুই মেয়ে রেখে মারা গেছেন। আমার শ্বশুর-শাশুড়ি জীবিত এবং তাদের সম্পত্তি ভাগ-বাঁটোয়ারা হয়নি। এমতাবস্থায় আমার শ্বশুর আমার স্ত্রীর নামে কিছু জমি লিখে দিতে চাচ্ছেন। এ ক্ষেত্রে কী কী ধরনের রেজিস্ট্রি করা যায়? কী ধরনের রেজিস্ট্রি করলে ভালো হবে? খরচই বা কত পড়বে?নাম প্রকাশে অনিচ্ছুক,"আমার স্ত্রীর দুই বোন আর দুই ভাই। এর মধ্যে এক বোন দুটি মেয়ে রেখে মারা গেছেন। শ্বশুর-শাশুড়ি দুজনেই বেঁচে আছেন, তাঁদের সম্পত্তি এখনো ভাগাভাগি হয়নি। এর মধ্যে শ্বশুর আমার স্ত্রীর নামে কিছু জমি লিখে দিতে চাইছেন। এমন ক্ষেত্রে কোন কোন ধরনের রেজিস্ট্রি করা যায়? কোনটা করলে সবচেয়ে ভালো হয়? আর খরচই বা কত লাগবে?",no,Dropped the 'name withheld' sign-off.,Sifat
prot_0049_05,Iftiaq,71,আমি একজন চাকরিজীবী। কাজের সূত্রে উচ্চপদস্থ কর্মকর্তার বাসায় রোজ বাজারখরচ পৌঁছে দিতে হয়। তাঁর স্ত্রী আমাকে জোরপূর্বক শারীরিক সম্পর্ক করাতে চান। আমি একপর্যায়ে সম্মতি দিই। এক বছর যাবৎ এ সম্পর্ক চলছে। আমি আপত্তি করলে তিনি আমাকে মেরে ফেলার হুমকি দেন। তিনি আমাকে বিয়ে করতে বলেন। আইনি ঝামেলা তিনি মেটাবেন বলে প্রতিশ্রুতি দেন। কিন্তু আমি তাঁর তুলনায় অতি নগণ্য। চাকরিটা আমার খুব প্রয়োজন। এ ব্যাপারে আমি কী করব?নাম ও ঠিকানা প্রকাশে অনিচ্ছুক,"আমি চাকরি করি। কাজের অংশ হিসেবে প্রতিদিন এক বড় কর্মকর্তার বাসায় বাজার পৌঁছে দিতে হয়। ওনার স্ত্রী জোর করে আমার সঙ্গে শারীরিক সম্পর্ক করতে চাইতেন, একসময় আমি রাজি হয়ে যাই। এক বছর ধরে এই সম্পর্ক চলছে। এখন আমি আপত্তি করলে তিনি আমাকে মেরে ফেলার হুমকি দেন। তিনি আমাকে বিয়ে করতে বলছেন, আর কথা দিচ্ছেন আইনি ঝামেলা যা হবে তিনিই মিটিয়ে দেবেন। কিন্তু ওনার তুলনায় আমি খুবই সামান্য মানুষ, আর চাকরিটা আমার ভীষণ দরকার। এখন আমি কী করব?",no,Dropped the 'name and address withheld' sign-off.,Sifat
prot_0051_03,Iftiaq,182,"বিয়ের পর আমার স্বামী আমার সঙ্গে নানা অদ্ভুত আচরণ করত। আমাদের বিয়েতে দেনাপাওনা বা যৌতুকের কোনো উল্লেখ ছিল না। তার পরও বিয়ের পর দেনাপাওনা নিয়ে আমাকে নানা কথা শোনায়। আমি এই বিষয়টি আমার পরিবারের কাছে গোপন রাখি। এরপর হঠাৎ সে আমার বাপের বাড়ি যাওয়া বন্ধ করে দেয়। একসময় এটার মীমাংসা হয়ে যায় এবং উভয়ের মধ্যে সম্পর্ক স্বাভাবিক হয়। একদিন সে আমাকে বাপের বাড়ি বেড়াতে পাঠায় এবং হঠাৎই তার মধ্যে পরিবর্তন দেখা যায়। সে আমাকে অবিশ্বাস করে এবং আমার সঙ্গে ফোনে খারাপ আচরণ করে। সে আমার সঙ্গে কথা বলা বন্ধ করে দেয় এবং কয়েক মাস পর সে আমাকে কোনো কিছু না জানিয়ে তালাক দিয়ে দেয়। এমনকি সে আমাকে আমার ন্যায্য পাওনা অর্থাৎ মোহরানা, গয়না ও জিনিসপত্র থেকে সম্পূর্ণ বঞ্চিত করে। এটি জানতে পেরে আমার বাবা তাদের সঙ্গে যোগাযোগ করলে তারা তাকে খুব অপমান করে এবং মীমাংসায় বসতে অস্বীকার করে। পরে তারা আমাকে সবকিছু ফেরত দিতে রাজি হয়, তবে আইনের মাধ্যমে। আমি এখনো কোনো আইনি ব্যবস্থা নিইনি। তা ছাড়া আমাদের মধ্যে সম্পর্ক ভাঙার মতো তেমন কিছুই হয়নি। সে আমাকে তালাক দিয়েছে রাগ ও জেদের বশে। এই পরিস্থিতিতে আমি এখন কী করতে পারি?নাম প্রকাশে অনিচ্ছুক","বিয়ের পর থেকেই আমার স্বামী আমার সঙ্গে নানা রকম অদ্ভুত ব্যবহার করত। বিয়েতে দেনাপাওনা বা যৌতুক নিয়ে কোনো কথাই হয়নি, তবু বিয়ের পর সে এসব নিয়ে আমাকে নানা কথা শোনাত। ব্যাপারটা আমি বাপের বাড়িতে কাউকে জানাইনি। তারপর হঠাৎ সে আমার বাপের বাড়ি যাওয়া বন্ধ করে দেয়। একসময় বিষয়টা মিটমাট হয়ে যায়, আমাদের সম্পর্কও আবার স্বাভাবিক হয়। একদিন সে নিজেই আমাকে বাপের বাড়ি বেড়াতে পাঠায়, আর তারপরই হঠাৎ তার আচরণ বদলে যায়। সে আমাকে সন্দেহ করতে শুরু করে, ফোনে খারাপ ব্যবহার করে, একপর্যায়ে কথা বলাই বন্ধ করে দেয়। কয়েক মাস পর আমাকে কিছু না জানিয়েই সে তালাক দিয়ে দেয়। শুধু তা-ই নয়, আমার ন্যায্য পাওনা—মোহরানা, গয়না আর জিনিসপত্র—সবকিছু থেকেই আমাকে বঞ্চিত করেছে। এসব জেনে আমার বাবা ওদের সঙ্গে যোগাযোগ করলে ওরা বাবাকে খুব অপমান করে এবং মীমাংসায় বসতে রাজি হয়নি। পরে অবশ্য ওরা সবকিছু ফেরত দিতে রাজি হয়েছে, তবে আইনের মাধ্যমে। আমি এখনো কোনো আইনি পদক্ষেপ নিইনি। তা ছাড়া আমাদের মধ্যে সম্পর্ক ভেঙে যাওয়ার মতো বড় কিছু ঘটেনি; রাগ আর জেদের মাথায় সে তালাক দিয়েছে। এ অবস্থায় আমি এখন কী করতে পারি?",no,Dropped the 'name withheld' sign-off.,Sifat
prot_0057_03,Iftiaq,95,আমি একটি বেসরকারি কোম্পানিতে চাকরি করি। কিছুদিন আগে এক সহকর্মীর চাচাতো বোনের সঙ্গে আমার পরিচয় হয়। একপর্যায়ে আমি ও ওই সহকর্মী দুজনই তার সঙ্গে শারীরিক সম্পর্কে জড়িয়ে পড়ি। মেয়েটি ওই সহকর্মীর সঙ্গে একই বাড়িতে ভাড়া থাকত। একপর্যায়ে তাদের সেই বাড়ি থেকে বের করে দেওয়া হয় অশালীন আচরণের কারণে। কিছুদিন পর মেয়েটি এক সন্ধ্যায় আমাকে ডেকে নিয়ে জোর করে বিয়ে করে। এতে তিন লাখ টাকার দেনমোহর হয়। আমি আত্মসম্মানের ভয়ে সব নীরবে সহ্য করে ওখান থেকে বেরিয়ে আসি।আমি মেয়েটিকে কোনোভাবেই মেনে নিতে পারি না। আমি তার সঙ্গে সম্পর্ক বিচ্ছিন্ন করতে চাই। সে ক্ষেত্রে আমার কী করণীয়?রতনঢাকা,"একটা বেসরকারি কোম্পানিতে চাকরি করি। কিছুদিন আগে অফিসের এক সহকর্মীর চাচাতো বোনের সঙ্গে পরিচয় হয়। একসময় আমি আর ওই সহকর্মী দুজনেই মেয়েটির সঙ্গে শারীরিক সম্পর্কে জড়িয়ে যাই। মেয়েটি ওই সহকর্মীর সঙ্গে একই বাসায় ভাড়া থাকত। পরে অশালীন আচরণের কারণে ওদের সেই বাসা থেকে বের করে দেওয়া হয়। কয়েক দিন পর এক সন্ধ্যায় মেয়েটি আমাকে ডেকে নিয়ে জোর করে বিয়ে করে, দেনমোহর ধরা হয় তিন লাখ টাকা। মানসম্মানের ভয়ে আমি চুপচাপ সব সহ্য করে সেখান থেকে চলে আসি। কিন্তু মেয়েটিকে আমি কোনোভাবেই মেনে নিতে পারছি না, ওর সঙ্গে সম্পর্ক শেষ করে দিতে চাই। এ অবস্থায় আমার কী করা উচিত?",yes,"Removed signature (name, city).",Sifat
prot_0063_04,Iftiaq,214,"আমার বয়স ২০ বছর। আমি অনার্স প্রথম বর্ষের ছাত্রী। প্রায় তিন বছর আগে আমার এক খালাতো ভাইয়ের সঙ্গে সম্পর্ক গড়ে ওঠে। কিন্তু পারিবারিক কলহের জের ধরে আমাদের সম্পর্ক কেউ মেনে নিতে চায়নি। ছেলেটি বিবিএ পাস। প্রায় ছয়-সাত মাস আগে সে একটি চাকরি পায়। আমরা চলতি বছরের ১৮ মে গোপনে কাজি অফিসে গিয়ে বিয়ে করি। কিন্তু কিছুদিন পর বিষয়টা জানাজানি হয়ে যায় এবং তাকে তালাক দেওয়ার জন্য আমার ওপর অকথ্য শারীরিক ও মানসিক নির্যাতন চালানো হয়। এমনকি জোর করে আমাকে পুনরায় কাজি অফিসে নিয়ে যাওয়া হয় তালাক দেওয়ার জন্য। কিন্তু আমি তালাক দিইনি এবং বাড়ি ফিরে আসি। অবশেষে গত ১৯ জুন জোর করে ইচ্ছার বিরুদ্ধে আমাকে তালাকের কাগজে সই করায়। কিন্তু ছেলেটি আমাকে আগের মতোই ভালোবাসে এবং আমিও তাকে অনেক ভালোবাসি। এক মুহূর্তের জন্যও মনে হয় না, আমি তাকে তালাক দিয়েছি। প্রতিটি মুহূর্ত আমি খুব কষ্ট পাই এবং কখনো মানসিক শান্তি পাই না। এমনকি এখন ওই ছেলের সঙ্গে আমার নিয়মিত কথা হয়। ছেলেটি জানলেও তার বাড়ির লোকজন কেউ জানে না এই তালাকের কথা। তাদের সঙ্গেও আমার কথা হয়। আমার প্রশ্ন, যেহেতু আমার ইচ্ছার বিরুদ্ধে কাজটি করা হয়েছে, তাই এ ক্ষেত্রে কি আমাদের শারীরিক মেলামেশা নিষিদ্ধ? যেহেতু ছেলেটি আমাকে তালাক দেয়নি। এ ক্ষেত্রে বৈধভাবে তার স্ত্রী হতে হলে আমার করণীয় কী? উল্লেখ্য, আমাদের বিয়ে রেজিস্ট্রি করা হয়নি। রেজিস্ট্রি হওয়ার আগেই এ ঘটনা ঘটে। নাম প্রকাশে অনিচ্ছুকযশোর","আমি ২০ বছরের, অনার্স প্রথম বর্ষে পড়ি। প্রায় তিন বছর আগে আমার এক খালাতো ভাইয়ের সঙ্গে সম্পর্ক হয়। কিন্তু পারিবারিক ঝগড়াঝাঁটির জেরে কেউই সম্পর্কটা মেনে নিতে চায়নি। ছেলেটি বিবিএ পাস করেছে, ছয়-সাত মাস আগে একটা চাকরিও পেয়েছে। এ বছরের ১৮ মে আমরা লুকিয়ে কাজি অফিসে গিয়ে বিয়ে করি। কিছুদিন পর কথাটা জানাজানি হয়ে যায়, আর ওকে তালাক দেওয়ার জন্য আমার ওপর ভয়ংকর শারীরিক আর মানসিক নির্যাতন চালানো হয়। তালাক দেওয়াতে জোর করে আবার আমাকে কাজি অফিসেও নিয়ে যাওয়া হয়, কিন্তু আমি তালাক না দিয়েই বাড়ি ফিরে আসি। শেষমেশ গত ১৯ জুন জোর করে, আমার ইচ্ছার বিরুদ্ধে আমাকে দিয়ে তালাকের কাগজে সই করিয়ে নেয়। অথচ ছেলেটি আমাকে আগের মতোই ভালোবাসে, আমিও ওকে খুব ভালোবাসি। এক মুহূর্তের জন্যও মনে হয় না যে আমি ওকে তালাক দিয়েছি। সারাক্ষণ ভীষণ কষ্টে থাকি, মনে একটুও শান্তি পাই না। এখনো ওর সঙ্গে আমার নিয়মিত কথা হয়। তালাকের ব্যাপারটা ছেলেটি জানে, কিন্তু ওর বাড়ির কেউ জানে না; ওদের সঙ্গেও আমার কথা হয়। আমার প্রশ্ন হলো, কাজটা যেহেতু আমার ইচ্ছার বিরুদ্ধে করানো হয়েছে, তাহলে কি এখন আমাদের শারীরিক মেলামেশা নিষিদ্ধ? ছেলেটি তো আমাকে তালাক দেয়নি। এ অবস্থায় বৈধভাবে ওর স্ত্রী হতে হলে আমাকে কী করতে হবে? বলে রাখি, আমাদের বিয়েটা রেজিস্ট্রি হয়নি; রেজিস্ট্রির আগেই এসব ঘটে যায়।",yes,Removed district in the sign-off ('name withheld' + district).,Sifat
prot_0066_04,Iftiaq,123,"আমার বয়স ২৩ বছর। ছোটবেলা থেকেই আমি আমাদের গ্রামের এক মেয়েকে ভালোবাসি এবং সে-ও আমাকে ভালোবাসে। সনদপত্র অনুযায়ী তার বয়স ১৮ বছর পূর্ণ হলে আমরা নোটারি পাবলিকের মাধ্যমে আমাদের বিয়ের ঘোষণা দিয়ে একটি অ্যাফিডেভিট করি। তাতে আমরা আমাদের এই বিয়ে সামাজিক প্রথা অনুযায়ীও বলবৎ হওয়ার কথা উল্লেখ করি এবং সময়মতো কাজি অফিসে গিয়ে বিয়ে নিবন্ধন করে নেওয়ার কথা বলি। কিন্তু পরবর্তী সময়ে এ বিষয়টি তাদের বাসায় জানাজানি হলে তাকে বাসায় আটকে রাখা হয়। এ জন্য আমাদের আর বিয়ের নিবন্ধন করা সম্ভব হয়নি। এখন তার মা-বাবা ধরেই নিচ্ছেন, আমাদের মধ্যে কোনো বিয়ে সম্পন্ন হয়নি। তাই তাঁরা জোর করে তাকে অন্য জায়গায় বিয়ে দেওয়ার চেষ্টা করছেন এবং সে রাজি না হওয়ায় তার ওপর বিভিন্ন রকম অত্যাচার করছেন। এ অবস্থায় আমার করণীয় কী? নাম প্রকাশে অনিচ্ছুক","আমার বয়স ২৩। ছোটবেলা থেকেই গ্রামের একটা মেয়েকে ভালোবাসি, মেয়েটিও আমাকে ভালোবাসে। সার্টিফিকেট অনুযায়ী ওর বয়স ১৮ বছর পূর্ণ হওয়ার পর আমরা নোটারি পাবলিকের কাছে গিয়ে বিয়ের ঘোষণা দিয়ে একটা অ্যাফিডেভিট করি। সেখানে লিখেছিলাম যে সামাজিক রীতি অনুযায়ীও এই বিয়ে কার্যকর হবে, আর সময়মতো কাজি অফিসে গিয়ে বিয়েটা নিবন্ধন করিয়ে নেব। কিন্তু পরে ওদের বাসায় বিষয়টা জানাজানি হয়ে গেলে ওকে ঘরে আটকে রাখা হয়। ফলে আমাদের আর বিয়ের নিবন্ধন করা হয়ে ওঠেনি। এখন ওর বাবা-মা ধরে নিয়েছেন যে আমাদের কোনো বিয়েই হয়নি। তাই তাঁরা জোর করে ওকে অন্য জায়গায় বিয়ে দিতে চাইছেন, আর ও রাজি না হওয়ায় ওর ওপর নানাভাবে অত্যাচার চালাচ্ছেন। এ অবস্থায় আমি কী করব?",no,Dropped the 'name withheld' sign-off.,Sifat
prot_0069_04,Iftiaq,97,"‘পাত্রী চাই’ বিজ্ঞাপনের মাধ্যমে মেয়েটির সঙ্গে আমার পরিচয়। একপর্যায়ে প্রেমের সম্পর্ক হয়ে যায় মুঠোফোনে। তার সঙ্গে দেখা করার জন্য দীর্ঘ পথ পাড়ি দিয়ে তার বাসার কাছে গেলেও সে নানা অজুহাতে দেখা করেনি। সম্পর্ক চলাকালে সে আমার কাছ থেকে একটি ল্যাপটপ, একটি মোবাইল ফোনসেট, দুই ভরি ওজনের সোনার হার এবং অন্যান্য উপহারসহ প্রায় দেড় লাখ টাকার মালামাল আদায় করে, যা কুরিয়ারের মাধ্যমে পাঠিয়ে দিই। বিয়ের দিনও ঠিক হয়ে যায়। কিন্তু গত দুই মাস ধরে তার সঙ্গে যোগাযোগ করতে পারছি না। ফোন করলে ধরে না। বুঝেছি, প্রতারণার শিকার হয়েছি। ইচ্ছে হয় প্রতিশোধ নিই। এখন কী করতে পারি?নাম প্রকাশে অনিচ্ছুকচট্টগ্রাম","‘পাত্রী চাই’ বিজ্ঞাপন দেখে মেয়েটির সঙ্গে আমার পরিচয় হয়। একসময় মোবাইল ফোনেই আমাদের প্রেম হয়ে যায়। দেখা করতে অনেক দূরের পথ পাড়ি দিয়ে ওর বাসার কাছাকাছি গিয়েছিলাম, কিন্তু নানা বাহানা দেখিয়ে সে দেখা করেনি। সম্পর্ক চলার সময় সে আমার কাছ থেকে একটা ল্যাপটপ, একটা মোবাইল সেট, দুই ভরি ওজনের সোনার হার আর আরও কিছু উপহার মিলিয়ে প্রায় দেড় লাখ টাকার জিনিস আদায় করেছে; এসব আমি কুরিয়ারে পাঠিয়ে দিয়েছিলাম। বিয়ের তারিখও ঠিক হয়ে গিয়েছিল। কিন্তু গত দুই মাস ধরে ওর সঙ্গে কোনোভাবেই যোগাযোগ করতে পারছি না, ফোন দিলে ধরে না। বুঝতে পারছি, আমি প্রতারণার শিকার হয়েছি। মনে হয় প্রতিশোধ নিই। এখন আমি কী করতে পারি?",yes,Removed district in the sign-off ('name withheld' + district).,Sifat
prot_0071_02,Iftiaq,114,"আমার বাবারা আট ভাইবোন। আমার দাদার স্থাবর-অস্থাবর সব সম্পত্তি তিনি জীবিত থাকাকালে সন্তানদের নামে একই দলিলে (অংশ উল্লেখ না করে) দলিল করে দেন। এখন আমার দাদা, বাবা ও একমাত্র ফুপু জীবিত নেই। দাদা মারা যাওয়ার তিন-চার বছর আগেই আমার বাবা মারা যান। এ অবস্থায় আমার চাচারা এবং আমার বাবার সন্তান হিসেবে আমরা দুই ভাই দাদার দলিল করা সম্পত্তিগুলো যার যার সুবিধামতো ভোগ করে আসছি। কিন্তু এখন বাবা মারা যাওয়ার আগে তিনি তাঁর নিজের নামে যেসব সম্পত্তি কিনেছিলেন এবং অংশীদার হিসেবে বাবা সম্পত্তির যে অংশ পাবেন, আমার চাচারা সেসব সম্পত্তির দুই আনা অংশ দাবি করছেন।এ অবস্থায় আমরা দুই ভাই (বোন নেই) ও মা-ই সব সম্পত্তির মালিক, না চাচারাও এর কোনো অংশ পাবেন? মো. সোহাগ হোসেননওগাঁ","আমার বাবারা ছিলেন আট ভাইবোন। দাদা বেঁচে থাকতেই তাঁর স্থাবর-অস্থাবর সব সম্পত্তি একটাই দলিলে ছেলেমেয়েদের নামে লিখে দিয়েছিলেন, তবে কার কত অংশ তা দলিলে উল্লেখ ছিল না। এখন দাদা, বাবা আর আমার একমাত্র ফুপু—কেউই বেঁচে নেই। দাদার মৃত্যুর তিন-চার বছর আগেই বাবা মারা গিয়েছিলেন। এর মধ্যে চাচারা আর বাবার ছেলে হিসেবে আমরা দুই ভাই দাদার দলিল করা জমিজমা যে যার সুবিধামতো ভোগ করে আসছি। কিন্তু এখন বাবা মারা যাওয়ার আগে নিজের নামে যেসব সম্পত্তি কিনেছিলেন, আর অংশীদার হিসেবে বাবার যে ভাগ পাওনা, সেগুলোর দুই আনা অংশ চাচারা দাবি করছেন। এ অবস্থায় সব সম্পত্তির মালিক কি শুধু আমরা দুই ভাই (আমাদের কোনো বোন নেই) আর মা, নাকি চাচারাও এর কিছু ভাগ পাবেন?",yes,"Removed signature (name, district).",Sifat
prot_0072_04,Iftiaq,71,"আমার বয়স ২৪ বছর। আমি একটি ছেলেকে ভালোবেসে বিয়ে করি। বিয়ের দুই বছর পর স্বামী ও শাশুড়ি আমাকে শারীরিক নির্যাতন এবং প্রচণ্ড মারধর করেন। তারপর আমি আমার বাপের বাড়ি চলে আসি। এখন আমি অন্তঃসত্ত্বা, পাঁচ মাস ধরে স্বামী আমার কোনো খরচ বহন করেন না। তিনি তাঁর মাকে দিয়ে আমাকে চাপ দিচ্ছেন, যেন আমি নিজেই তাঁকে তালাক দিই। আমার বিয়েতে কাবিন হয়েছিল ১০ লাখ টাকা। আইনের সাহায্য নিতে হলে আমার করণীয় কী?","আমার বয়স ২৪। ভালোবেসে একটা ছেলেকে বিয়ে করেছিলাম। বিয়ের দুই বছরের মাথায় স্বামী আর শাশুড়ি মিলে আমার ওপর শারীরিক নির্যাতন করেন, খুব মারধরও করেন। এরপর আমি বাপের বাড়ি চলে আসি। এখন আমি অন্তঃসত্ত্বা, অথচ পাঁচ মাস ধরে স্বামী আমার কোনো খরচ দিচ্ছেন না। উল্টো নিজের মাকে দিয়ে চাপ দিচ্ছেন, যাতে আমি নিজে থেকেই তাঁকে তালাক দিই। আমাদের বিয়ের কাবিন ছিল ১০ লাখ টাকা। আইনের সাহায্য নিতে চাইলে আমাকে কী করতে হবে?",no,,Sifat
prot_0073_06,Iftiaq,143,"আমি স্নাতক (সম্মান) তৃতীয় বর্ষের ছাত্র। সিলেটে এক আত্মীয়ের বাড়িতে থেকে পড়াশোনা করি। আমার গ্রামের বাড়ি ময়মনসিংহ। সেখানে এক মেয়ের সঙ্গে আমার প্রেমের সম্পর্ক ছিল। হঠাৎ মেয়েটি আমাকে না জানিয়ে সিলেট চলে আসে। এক বন্ধু তাকে আমার ঠিকানা দেয়। তারপর মেয়েটি আমাকে বাধ্য করে বিয়ে করতে। যদিও তখন আমার বয়স ২১ বছর হয়নি। নোটারি পাবলিকে আমাদের বিয়ে সম্পন্ন হয়। বিয়ের দু-তিন দিন পর মেয়েটির স্বীকারোক্তিসহ আমি প্রমাণ পাই, মেয়েটির আগে অন্য ছেলের সঙ্গে সম্পর্ক ছিল। এমন সম্পর্ক আমি কোনো দিন মেনে নিতে পারব না। সেজন্য আমি বিয়ের পর তাকে তালাক দিই। কিছুদিন পর মেয়ের বাবা আমার বিরুদ্ধে যৌতুকের অভিযোগে মামলা দায়ের করেন। এরপর মেয়ে বাদী হয়ে আমার পরিবারের সবাইকে বিবাদী করে নারী নির্যাতন মামলা করে। নারী নির্যাতন মামলায় সবার জামিন হলেও আমার হয়নি। আমি মানসিকভাবে খুব দুর্বল হয়ে পড়েছি। একদিকে আমার পড়াশোনা, অন্যদিকে মামলা। কীভাবে এ বিপদ থেকে পরিত্রাণ পাওয়া যাবে?নাম প্রকাশে অনিচ্ছুক","আমি স্নাতক (সম্মান) তৃতীয় বর্ষে পড়ি। এক আত্মীয়ের বাসায় থেকে একটা বিভাগীয় শহরে পড়াশোনা করি; আমার গ্রামের বাড়ি অন্য জেলায়। গ্রামে একটা মেয়ের সঙ্গে আমার প্রেম ছিল। হঠাৎ একদিন মেয়েটি আমাকে কিছু না জানিয়েই আমি যে শহরে থাকি সেখানে চলে আসে। আমার এক বন্ধু ওকে আমার ঠিকানা দিয়ে দেয়। তারপর মেয়েটি আমাকে বিয়ে করতে বাধ্য করে, যদিও তখন আমার বয়স ২১ হয়নি। নোটারি পাবলিকের মাধ্যমে আমাদের বিয়ে হয়। বিয়ের দু-তিন দিন পর মেয়েটির নিজের স্বীকারোক্তিসহ প্রমাণ পাই যে আগে অন্য একটা ছেলের সঙ্গে ওর সম্পর্ক ছিল। এমন সম্পর্ক আমি কোনো দিনও মেনে নিতে পারব না, তাই বিয়ের পর ওকে তালাক দিয়ে দিই। কিছুদিন পর মেয়ের বাবা আমার নামে যৌতুকের মামলা করেন। তারপর মেয়েটি নিজে বাদী হয়ে আমার পরিবারের সবার বিরুদ্ধে নারী নির্যাতনের মামলা করে। সেই মামলায় সবাই জামিন পেলেও আমি পাইনি। মানসিকভাবে আমি একেবারে ভেঙে পড়েছি। একদিকে পড়াশোনা, অন্যদিকে মামলা। এই বিপদ থেকে কীভাবে উদ্ধার পাব?",yes,Generalised the city where he studies and his home district. Dropped the 'name withheld' sign-off.,Sifat
prot_0077_05,Iftiaq,88,"চিঠিপত্র, পার্সেল ইত্যাদি যথাস্থানে পৌঁছে দেওয়ার জন্য প্রচুর কুরিয়ার সেবাদানকারী প্রতিষ্ঠান রয়েছে দেশে। যথাসময়ে পৌঁছে দেওয়ার প্রতিশ্রুতি দিলেও কিছু কিছু প্রতিষ্ঠান জিনিসপত্র প্রাপকের কাছে পৌঁছাল কি না, সেই খবরটাও রাখেন না। এই বিষয়ে কিছু জানতে চাওয়া হলে এটা-সেটা বলে পাশ কাটিয়ে যান। এ রকম এক তিক্ত অভিজ্ঞতা আমার হয়েছে মাসখানেক আগে। সিলেটে বই পাঠিয়েছিলাম জরুরি প্রয়োজনে। আজও সেটা প্রাপকের হাতে পৌঁছায়নি। জিনিসটা বই না হয়ে অনেক গুরুত্বপূর্ণ কিছুও হতে পারত। নির্দিষ্ট সময়ের মধ্যে না পেলে বড় ধরনের ক্ষতি হতে পারত প্রাপকের।এসব ক্ষেত্রে কী ধরনের আইনগত ব্যবস্থা নেওয়া যায়?","দেশে এখন চিঠিপত্র, পার্সেল জায়গামতো পৌঁছে দেওয়ার অনেক কুরিয়ার সার্ভিস আছে। সময়মতো পৌঁছে দেওয়ার কথা দিলেও কোনো কোনো প্রতিষ্ঠান মালটা প্রাপকের হাতে পৌঁছাল কি না, সেই খোঁজটুকুও রাখে না। কিছু জানতে চাইলে এটা-ওটা বলে এড়িয়ে যায়। মাসখানেক আগে আমারও এমন একটা তেতো অভিজ্ঞতা হয়েছে। জরুরি দরকারে সিলেটে কিছু বই পাঠিয়েছিলাম, আজ পর্যন্ত সেগুলো প্রাপকের হাতে পৌঁছায়নি। বই না হয়ে এটা খুব দরকারি অন্য কিছুও তো হতে পারত; নির্দিষ্ট সময়ে না পেলে প্রাপকের বড় রকমের ক্ষতি হয়ে যেত। এমন ক্ষেত্রে আইনগতভাবে কী ব্যবস্থা নেওয়া যায়?",no,,Sifat
prot_0079_02,Iftiaq,84,"আমার বাবা মারা যান ১৯৮৮ সালে। তিনি জানতেন না যে, আমাদের গ্রামের বাড়িতে তাঁর নামে ১৪ শতাংশ জায়গা আছে। কিছুদিন আগে আমার বড় চাচা স্বীকার করেন, আমার বাবার মৃত্যুর চার-পাঁচ বছর পর তিনি ওই জায়গা অন্য এক ব্যক্তির কাছে বিক্রি করেন। তবে আজ অবধি তাঁর কোনো বৈধ কাগজপত্র ক্রেতাকে দিতে পারেননি। পুরো জায়গা এখন ওই ক্রেতার দখলে আছে। আমরা জায়গার ব্যাপারে কিছুই জানতাম না বলে এর কোনো প্রতিবাদ করতে পারিনি। আমার বাবার এই জায়গাটি পৈতৃক সূত্রে পাওয়া। আমরা এখন কীভাবে আইনের সাহায্য পেতে পারি?","১৯৮৮ সালে আমার বাবা মারা যান। গ্রামের বাড়িতে যে তাঁর নামে ১৪ শতাংশ জায়গা আছে, সেটা তিনি জানতেনই না। কিছুদিন আগে আমার বড় চাচা নিজেই স্বীকার করেছেন যে বাবা মারা যাওয়ার চার-পাঁচ বছর পর তিনি জায়গাটা আরেকজনের কাছে বেচে দিয়েছেন। তবে আজ পর্যন্ত ক্রেতাকে কোনো বৈধ কাগজপত্র দিতে পারেননি। পুরো জায়গাটা এখন সেই ক্রেতার দখলে। জায়গার কথা আমরা কিছুই জানতাম না, তাই কোনো আপত্তিও তুলতে পারিনি। বাবা এই জায়গা পৈতৃক সূত্রে পেয়েছিলেন। এখন আমরা কীভাবে আইনের সাহায্য নিতে পারি?",no,,Sifat
prot_0080_04,Iftiaq,156,"আমার বয়স ৩১ বছর। ২০০৬ সালের অক্টোবরে প্রবাসী এক ছেলের সঙ্গে টেলিফোনে আমার বিয়ে হয়। অনুষ্ঠানে ছেলের এক বন্ধু ছাড়া তার পরিবারের কেউ উপস্থিত ছিল না। ছেলেটার সঙ্গে ২০০৫ সালে ইন্টারনেটের মাধ্যমে আমার পরিচয় হয়। আমরা কখনো সামনাসামনি একে অপরকে দেখিনি। ওয়েবক্যামের মাধ্যমে কথা হতো। বিয়ের তিন বছর পার হয়ে গেছে। সে একবারও দেশে আসেনি আর আমাকেও নিতে চায় না। বলেছিল, ২০১০ সালের জানুয়ারি মাসে দেশে আসবে। এখন বলছে, ২০১১ সালে আসবে। সে নিয়মিত ফোন করে এবং আমার সব খরচ বহন করে। কিন্তু তার পরিবারের কারও সঙ্গে যোগাযোগ করতে দেয় না এবং বাড়িতে বলেনি সে বিয়ে করেছে। তার পরিবারের লোকজন জানে, সে একটা মেয়েকে পছন্দ করে, দেশে এসে বিয়ে করবে। আমি আর অপেক্ষা করতে পারছি না। আমি কি তাকে তালাক দিতে পারব? আর তালাক দিলে এত দিন আমার জন্য প্রতি মাসে যে খরচ পাঠিয়েছে, সেটা কি ফেরত দিতে হবে? আমি কখনো তার সঙ্গে থাকিনি। তাই তালাক দিলে কি তিন মাস ইদ্দত পালন করতে হবে?নাম প্রকাশে অনিচ্ছুক","আমার বয়স ৩১। ২০০৬ সালের অক্টোবরে বিদেশে থাকা এক ছেলের সঙ্গে ফোনে আমার বিয়ে হয়। বিয়ের সময় ছেলের এক বন্ধু ছাড়া ওর পরিবারের কেউ ছিল না। ২০০৫ সালে ইন্টারনেটে ওর সঙ্গে আমার পরিচয়। আমরা কখনো সামনাসামনি একজন আরেকজনকে দেখিনি, ওয়েবক্যামে কথা হতো। বিয়ের তিন বছর পেরিয়ে গেছে, এর মধ্যে সে একবারও দেশে আসেনি, আমাকেও নিয়ে যেতে চায় না। বলেছিল ২০১০ সালের জানুয়ারিতে আসবে, এখন বলছে ২০১১ সালে আসবে। নিয়মিত ফোন করে, আমার সব খরচও দেয়। কিন্তু ওর পরিবারের কারও সঙ্গে আমাকে যোগাযোগ করতে দেয় না, বাড়িতেও জানায়নি যে বিয়ে করেছে। ওর বাড়ির লোকজন জানে, সে একটা মেয়েকে পছন্দ করে, দেশে ফিরে বিয়ে করবে। আমি আর অপেক্ষা করতে পারছি না। আমি কি ওকে তালাক দিতে পারব? তালাক দিলে এত দিন ধরে প্রতি মাসে যে খরচ পাঠিয়েছে, সেটা কি ফেরত দিতে হবে? আমি তো কখনো ওর সঙ্গে থাকিনি; তাহলে তালাক দিলেও কি তিন মাস ইদ্দত পালন করতে হবে?",no,Dropped the 'name withheld' sign-off.,Sifat
prot_0085_03,Iftiaq,159,"আমি হিন্দু ধর্মাবলম্বী। আমাদের জমি ক্রয়-বিক্রয়ে সরকারের কোনো অনুমতি লাগে না। আমার বাবার দাদার নামে ১৯৬২ সালে ২৬ বিঘা জমি রেকর্ড করা হয়। স্বাধীনতাযুদ্ধের আগে আমাদের পরিবার ভারত চলে যায়। যুদ্ধ চলাকালে বাবার দাদা মারা যান। জমির ওয়ারিশ বলতে আমার বাবা ‘ক’ এবং বাবার ভাই ‘খ’ বেঁচে আছেন। আমার বাবার ভাই ‘খ’ ভারতে থেকে যান আর বাবা স্বাধীনতার পরে বাংলাদেশে চলে আসেন। ১৯৭২ সালে আমার বাবার নামে ১৮ বিঘা জমি রেকর্ড করা হয়। বাকি আট বিঘা জমি সংশ্লিষ্ট কর্মকর্তা ঘুষ খেয়ে অন্য এক ব্যক্তির নামে রেকর্ড করে দেন। উল্লেখ্য, ভারতবাসী বাবার ভাইরের নামে জমি রেকর্ড হয়নি। কিন্তু ‘খ’ নামের ভারতবাসী ভাই ১৯৮০-৮১ সালে বাংলাদেশে এসে ১৮ বিঘার মধ্যে নয় বিঘা জমি বিক্রি করে দেন। বাবার নামে জমি ১৯৭২ সালে রেকর্ড হয়ে যাওয়ার পরও কি জমির ওয়ারিশ ‘খ’ নামের ব্যক্তির জমি বিক্রি আইনে বৈধ? নাকি আমার বাবা ১৮ বিঘা জমির ১৯৭২ সালের রেকর্ডমতে মালিক? বাকি আট বিঘা যে অন্য মুসলিম নামে ১৯৭২ সালে রেকর্ড হলো, এর কী ব্যবস্থা নিতে পারি?","আমরা হিন্দু। আমাদের জমি কেনাবেচায় সরকারের কোনো অনুমতি লাগে না। ১৯৬২ সালে আমার বাবার দাদার নামে ২৬ বিঘা জমি রেকর্ড হয়। মুক্তিযুদ্ধের আগে আমাদের পরিবার ভারতে চলে যায়, যুদ্ধের সময় বাবার দাদা মারা যান। জমির ওয়ারিশ হিসেবে বেঁচে আছেন আমার বাবা ‘ক’ আর বাবার ভাই ‘খ’। ‘খ’ ভারতেই থেকে গেছেন, আর বাবা স্বাধীনতার পর বাংলাদেশে চলে আসেন। ১৯৭২ সালে বাবার নামে ১৮ বিঘা জমি রেকর্ড হয়। বাকি আট বিঘা সংশ্লিষ্ট কর্মকর্তা ঘুষ নিয়ে আরেকজনের নামে রেকর্ড করে দেন। বলে রাখি, ভারতে থাকা ভাইয়ের নামে কোনো জমি রেকর্ড হয়নি। অথচ ‘খ’ ১৯৮০-৮১ সালে বাংলাদেশে এসে ওই ১৮ বিঘার মধ্যে নয় বিঘা বেচে দিয়ে যান। ১৯৭২ সালেই যখন জমি বাবার নামে রেকর্ড হয়ে গেছে, তখনো কি ওয়ারিশ ‘খ’-এর এই বিক্রি আইনত বৈধ? নাকি ১৯৭২ সালের রেকর্ড অনুযায়ী পুরো ১৮ বিঘার মালিক আমার বাবা? আর বাকি আট বিঘা যে ১৯৭২ সালে অন্য এক মুসলমানের নামে রেকর্ড হয়ে গেল, সেটার ব্যাপারে কী করতে পারি?",no,,Sifat
prot_0090_04,Iftiaq,139,"আজ থেকে দেড় বছর আগে আমার একটি ছেলের সঙ্গে বন্ধুত্ব হয়। সে আমাকে ভালোবাসতে শুরু করে, আমিও দুর্বল হয়ে পড়ি। কিছুদিন পর আমি অনেক ভেবে-চিন্তে তাকে বুঝিয়ে ফিরে আসি। আমার ফিরে আসাটা মেনে না নিয়ে সে আমাকে, আমার পরিবারের সবাইকে এমনকি আত্মীয়স্বজনকে মোবাইলফোনে মিসডকল, অশ্লীল এসএমএস এবং সরাসরি ফোন করে বিরক্ত করছে। বিরক্তি সইতে না পেরে পরিবারের সবাই আমার মতামত চান। আমি বলি, আমি মরে যাব তবুও এই ছেলেকে বিয়ে করব না। ছেলের মোবাইল ফোনে আমার ছবি ছিল, সেগুলো বিকৃত করে আমার সব আত্মীয়স্বজনের কাছে পাঠিয়েছে। এতে করে আমি পারিবারিক নির্যাতনে আছি। এখনো বিরক্ত করে। এখন আমার মনে হয়, মরে যাওয়া ছাড়া কোনো পথ নেই। আমি কি নিজেকে, পরিবারকে, আত্মীয়স্বজনকে ওই ছেলের হাত থেকে রক্ষা করতে পারব না?এ ব্যাপারে আমার পরিবারের কেউই আমাকে সাহায্য করতে চায় না। আমি মেয়ে, তাই কোনো ব্যবস্থা নিতে পারছি না পরামর্শের অভাবে।নাম প্রকাশে অনিচ্ছুকদিনাজপুর","দেড় বছর আগে একটা ছেলের সঙ্গে আমার বন্ধুত্ব হয়। সে আমাকে ভালোবাসতে শুরু করে, আমিও ওর প্রতি দুর্বল হয়ে পড়ি। কিছুদিন পর অনেক ভেবেচিন্তে ওকে বুঝিয়ে-শুনিয়ে আমি সম্পর্ক থেকে সরে আসি। আমার সরে আসাটা সে মেনে নিতে পারেনি; আমাকে, আমার পরিবারের সবাইকে, এমনকি আত্মীয়স্বজনদেরও মোবাইলে মিসডকল দিয়ে, অশ্লীল এসএমএস পাঠিয়ে আর সরাসরি ফোন করে জ্বালাতন করছে। জ্বালাতন সহ্য করতে না পেরে বাড়ির সবাই আমার মত জানতে চাইলে বলেছি, মরে গেলেও এই ছেলেকে বিয়ে করব না। ওর মোবাইলে আমার কিছু ছবি ছিল, সেগুলো বিকৃত করে আমার সব আত্মীয়ের কাছে পাঠিয়ে দিয়েছে। এ কারণে আমি এখন পরিবারের ভেতরেই নির্যাতনের মধ্যে আছি। সে এখনো জ্বালাতন করে যাচ্ছে। এখন মনে হয় মরে যাওয়া ছাড়া আর কোনো রাস্তা নেই। নিজেকে, পরিবারকে আর আত্মীয়স্বজনকে কি ওই ছেলের হাত থেকে বাঁচাতে পারব না? পরিবারের কেউই এ ব্যাপারে আমাকে সাহায্য করতে চাইছে না। মেয়ে বলে, আর ঠিক পরামর্শ না পাওয়ায়, কোনো ব্যবস্থা নিতে পারছি না।",yes,Removed district in the sign-off ('name withheld' + district).,Sifat
prot_0095_01,Iftiaq,63,"আমি একজন উদ্যোক্তা। প্রায় তিন বছর ধরে আমি একটি বুটিক হাউস চালাই। এই ব্যবসায় আমার সঙ্গে আরও দুজন অংশীদার (পার্টনার) যুক্ত হতে চাইছেন। আমরা সবাই মিলে বুটিক হাউসটিকে একটি ব্যবসায়িক প্রতিষ্ঠানে রূপ দিতে চাচ্ছি। আমাদের একজন কোম্পানি গঠনের কথা বলছেন। আমরা জেনেছি, কোম্পানি গঠন করা নাকি খুব ঝক্কির কাজ। এ ক্ষেত্রে আমার প্রশ্ন, কোম্পানি গঠনের জন্য কী কী আইনি পদ্ধতি মেনে চলতে হবে?","আমি একজন উদ্যোক্তা, প্রায় তিন বছর ধরে একটা বুটিক হাউস চালাচ্ছি। এখন আরও দুজন এই ব্যবসায় অংশীদার হিসেবে যোগ দিতে চান। আমরা সবাই মিলে বুটিক হাউসটাকে একটা ব্যবসা প্রতিষ্ঠান হিসেবে দাঁড় করাতে চাই। আমাদের একজন বলছেন কোম্পানি খুলতে। শুনেছি, কোম্পানি গঠন করাটা নাকি বেশ ঝামেলার কাজ। তাই জানতে চাই, কোম্পানি করতে হলে কোন কোন আইনি প্রক্রিয়া মানতে হবে?",no,,Sifat
prot_0100_05,Iftiaq,22,ওই জমিতে এখন যারা ভোগদখলে রয়েছে তাদের সঙ্গে আলোচনার মাধ্যমে সমাধান করে রেজিস্ট্রেশন করে যদি দলিল দেয় তাহলে করতে পারবে কি না?,"জমিটা এখন যারা দখল করে ভোগ করছে, তাদের সঙ্গে কথাবার্তা বলে মিটমাট করে যদি রেজিস্ট্রি দলিল করে দেওয়া হয়, তাহলে কি সেটা করা যাবে?",no,Follow-up fragment from a numbered multi-question letter; context missing.,Sifat
prot_0104_05,Iftiaq,79,"অর্পিত সম্পত্তি বাংলাদেশের মালিক বা বংলাদেশে উত্তরাধিকার বা বাংলাদেশে স্বত্বাধিকারী বা বাংলাদেশি উত্তরাধিকার সূত্রে সহ-অংশীদার ছাড়া অন্য কোনো তৃতীয় পক্ষ তালিকাভুক্ত অর্পিত সম্পত্তি ইজারাভুক্ত করলেও নতুন আইনে সম্পত্তি ফেরত পাওয়ার কোনো সুযোগ নেই। তবে কোনো তৃতীয় পক্ষ যদি আদালত বা অন্য কোনোভাবে ওই সম্পত্তিতে মালিকানা দাবিদার হয় তবে সেই বিষয়টি ট্রাইব্যুনাল বিবেচনা করতে পারবেন।৬. বর্তমানে দখলদাররা অত্যন্ত প্রভাবশালী, তারা প্রত্যক্ষ বা পরোক্ষভাবে আমি ও আমার পরিবারের সদস্যদের বর্তমানে বা ভবিষ্যতে নিশ্চিহ্ন করতে পারে। এমতাবস্থায় আমাদের নিরাপত্তার জন্য করণীয় কী?","তালিকায় ওঠা অর্পিত সম্পত্তি বাংলাদেশি মালিক, বাংলাদেশে থাকা উত্তরাধিকারী, বাংলাদেশে স্বত্বাধিকারী বা উত্তরাধিকার সূত্রে বাংলাদেশি সহ-অংশীদার ছাড়া অন্য কোনো তৃতীয় পক্ষ ইজারা নিয়ে থাকলেও নতুন আইনে সম্পত্তি ফেরত পাওয়ার কোনো সুযোগ নেই। তবে কোনো তৃতীয় পক্ষ আদালতের মাধ্যমে বা অন্য কোনো উপায়ে ওই সম্পত্তির মালিকানা দাবি করলে ট্রাইব্যুনাল বিষয়টি বিবেচনা করতে পারবে। ৬. এখন যারা জমি দখল করে আছে তারা খুবই প্রভাবশালী; সরাসরি হোক বা ঘুরিয়ে, আমাকে আর আমার পরিবারের লোকজনকে এখন বা ভবিষ্যতে তারা শেষ করে দিতে পারে। এ অবস্থায় নিজেদের নিরাপত্তার জন্য আমাদের কী করা উচিত?",no,Starts with the columnist's reply to an earlier item; the actual question is item 6 at the end.,Sifat
prot_0108_04,Iftiaq,52,"আমার ভাই তাঁর অংশ ১৪-১১-১১ তারিখে সাব-কবলা করে বিক্রি করেন। বাড়িটি আমাদের দুই ভাইয়ের নামে রেকর্ড হয় এবং দলিল-পর্চায় বাড়ি-বাগান হিসেবে এখনো রেকর্ড হয়েছে এবং বর্তমানে আছে। ১৯৫২ সালের আগেও বাড়ি-বাগান বলেই রেকর্ড। আমি ‘প্রিয়েমশন’ বা অগ্রক্রয় মামলা করতে চাই। আমার জানতে ইচ্ছে করে, আমি প্রিয়েমশন করে ওই বাড়িটি পাব কি না?","১৪-১১-১১ তারিখে আমার ভাই সাফ-কবলা দলিল করে তাঁর ভাগটা বিক্রি করে দিয়েছেন। বাড়িটা আমাদের দুই ভাইয়ের নামে রেকর্ড করা, আর দলিল ও পর্চায় এখনো এটা বাড়ি-বাগান হিসেবেই লেখা আছে। ১৯৫২ সালের আগের রেকর্ডেও এটা বাড়ি-বাগানই ছিল। আমি ‘প্রিয়েমশন’ অর্থাৎ অগ্রক্রয়ের মামলা করতে চাই। জানতে চাই, প্রিয়েমশন মামলা করলে কি বাড়িটা আমি পাব?",no,,Sifat
prot_0110_03,Iftiaq,64,"কিন্তু বিমান সদর Application of The Provision of Rule 191 (15) (C) of AF Act Rules 1957 অধীনে আমাকে ডিসচার্জ করে ২৭ জুন ২০০৯ সালে। আমাকে তিন মাস অবসরকালীন ছুটি দেওয়া হয়। উল্লেখ্য, আমি ছয় মাস ট্রেনিং ও তিন মাস প্রমোশন কোর্স সফলভাবে শেষ করি। ভর্তির সময় এসএসসি সনদ অনুযায়ী চাকরির বয়স ছিল। এখন কি আমি শ্রম আদালতে মামলা করে চাকরি ফিরে পেতে পারব?","কিন্তু ২০০৯ সালের ২৭ জুন বিমান সদর Application of The Provision of Rule 191 (15) (C) of AF Act Rules 1957 অনুযায়ী আমাকে চাকরি থেকে ডিসচার্জ করে দেয়। তিন মাসের অবসরকালীন ছুটিও দেওয়া হয়। বলে রাখি, আমি ছয় মাসের ট্রেনিং আর তিন মাসের প্রমোশন কোর্স ভালোভাবেই শেষ করেছিলাম। যোগ দেওয়ার সময় এসএসসি সার্টিফিকেট অনুযায়ী চাকরির বয়সও ঠিক ছিল। এখন শ্রম আদালতে মামলা করলে কি আমি চাকরিটা ফেরত পাব?",no,Text starts mid-story. Kept the Air Force rule citation because the question turns on it.,Sifat
prot_0112_04,Iftiaq,58,"আপনার মতো যাঁরা এ রকম চিন্তা করছেন তাঁদের কাছে একটা অনুরোধ, নিজের ওপর আত্মঘাতী হওয়ার আগে নিজের জীবনের মূল্য উপলব্ধি করুন। আপনার জীবনের সঙ্গে জড়িত আছে আপনার বাবা-মা কিংবা সন্তানের জীবনও। সামান্য ঋণ থেকে মুক্তি পেতে এভাবে কিডনি বিক্রির চিন্তা থেকে সরে আসুন। আপনি কি ভেবে দেখেছেন আপনার একটি কিডনি নিয়ে পাচারকারী দল দেশের কত বড় সর্বনাশ করছে?","আপনার মতো যাঁরা এমন কথা ভাবছেন, তাঁদের প্রতি একটাই অনুরোধ—নিজের ক্ষতি করে বসার আগে নিজের জীবনের দামটা বুঝুন। আপনার জীবনের সঙ্গে মা-বাবা বা সন্তানের জীবনও জড়িয়ে আছে। অল্প কিছু ঋণ শোধ করার জন্য এভাবে কিডনি বেচে দেওয়ার ভাবনা থেকে ফিরে আসুন। ভেবে দেখেছেন কি, আপনার একটা কিডনি নিয়ে পাচারকারী চক্র দেশের কত বড় সর্বনাশ করছে?",no,Not a question: this is the columnist's advice text; paraphrased as is.,Sifat
prot_0114_01,Iftiaq,53,আবার মাঝেমধ্যে রাতে নেশা করে বাড়ি ফিরে আমার সঙ্গে খারাপ ব্যবহার করে। পরে এসব কারণে আমাদের মধ্যে ছাড়াছাড়ি হয়ে যায়। অনেক কষ্ট করে দেনমোহরের কিছু টাকা আদায় করতে পারলেও আমার ছেলের ভরণপোষণের কোনো খরচ সে দিচ্ছে না। আমার ছেলের বয়স এখন পাঁচ বছর। এ অবস্থায় আমি কি আমার সন্তানের ভরণপোষণের খরচ পেতে পারি?,"তা ছাড়া মাঝেমধ্যে রাতে নেশা করে বাসায় ফিরে আমার সঙ্গে খারাপ ব্যবহার করত। এসব কারণেই পরে আমাদের ছাড়াছাড়ি হয়ে যায়। অনেক কষ্টে দেনমোহরের কিছু টাকা আদায় করতে পেরেছি, কিন্তু ছেলের ভরণপোষণের কোনো খরচ সে দিচ্ছে না। ছেলের বয়স এখন পাঁচ বছর। এ অবস্থায় আমি কি ছেলের ভরণপোষণের খরচ আদায় করতে পারব?",no,Text starts mid-story; the earlier part of the letter is not included.,Sifat
prot_0114_09,Iftiaq,60,এ ধারা অনুযায়ী বাদী আদালতে উপস্থিত না হলে তাহলে আদালত মামলা খারিজ করে দিতে পারেন এবং অভিযুক্ত ব্যক্তিকে খালাস দিতে পারেন। আপনি এ ধারা উল্লেখ করে আইনজীবীর মাধ্যমে আদালতে আবেদন করতে পারেন। অথবা আদালত বদলির জন্য জেলা ম্যাজিস্ট্রেটের কাছে আবেদন করতে পারেন। আপনার আবেদন না মঞ্জুর হলে এ আদেশের বিরুদ্ধে দায়রা আদালতে রিভিশন করতে পারেন।কন্যা ও স্ত্রী কতটুকু সম্পত্তি পায়?,"এই ধারা অনুযায়ী বাদী আদালতে হাজির না হলে আদালত মামলাটি খারিজ করে আসামিকে খালাস দিতে পারেন। আপনি এই ধারার কথা উল্লেখ করে আইনজীবীর মাধ্যমে আদালতে আবেদন করতে পারেন, কিংবা আদালত বদলের জন্য জেলা ম্যাজিস্ট্রেটের কাছে আবেদন করতে পারেন। আবেদন নামঞ্জুর হলে সেই আদেশের বিরুদ্ধে দায়রা আদালতে রিভিশন করা যায়। মেয়ে আর স্ত্রী কতখানি সম্পত্তি পায়?",no,"Columnist's reply to an earlier question, with the next question's title ('how much property do a daughter and wife get?') glued at the end.",Sifat
prot_0128_02,Iftiaq,67,"আপনার সঙ্গে ছেলেটি বিয়ের নামে প্রতারণা করেছে বলে মনে হচ্ছে। আপনি ফৌজদারি আদালতে প্রতারণার মামলা করতে পারেন। এ ছাড়া দণ্ডবিধির ৪৯৩ ও ৪৯৬ ধারা অনুযায়ী প্রতিকার চাইতে পারেন। এ ধারাগুলো অনুযায়ী আইনসম্মত বিয়ে না করে প্রতারণামূলক বিয়ে করলে সাত বছর, ক্ষেত্রবিশেষ দশ বছর পর্যন্ত সশ্রম কারাদণ্ড ও অর্থদণ্ডে দণ্ডিত হতে পারে। তবে এক্ষেত্রে আপনার পক্ষে উপযুক্ত সাক্ষ্যপ্রমাণ থাকতে হবে।তৌহিদুল ইসলামআইনজীবী, বাংলাদেশ সুপ্রিম কোর্টখ্রিষ্টান নারীরা সম্পত্তি কতটুকু পায়?","মনে হচ্ছে, ছেলেটি বিয়ের নাম করে আপনার সঙ্গে প্রতারণা করেছে। আপনি ফৌজদারি আদালতে প্রতারণার মামলা করতে পারেন। পাশাপাশি দণ্ডবিধির ৪৯৩ ও ৪৯৬ ধারাতেও প্রতিকার চাইতে পারেন। এই ধারাগুলো অনুযায়ী আইনসম্মত বিয়ে না করে প্রতারণা করে বিয়ে করলে সাত বছর, কোনো কোনো ক্ষেত্রে দশ বছর পর্যন্ত সশ্রম কারাদণ্ড আর অর্থদণ্ড হতে পারে। তবে এর জন্য আপনার হাতে উপযুক্ত সাক্ষ্যপ্রমাণ থাকতে হবে। খ্রিষ্টান নারীরা সম্পত্তির কতটুকু ভাগ পান?",yes,"Columnist's reply to an earlier question; removed the lawyer's name and designation, and the next question's title ('how much property do Christian women get?') is glued at the end.",Sifat
prot_0135_02,Iftiaq,43,"এক ভাই ও চার বোন রেখে আমার মা মারা যান। আমার বাবা জীবিত আছেন। বাবা আরেকটি বিয়ে করেছেন। ওই পক্ষে দুই ভাই ও এক বোন আছে। প্রশ্ন হচ্ছে, আমার মায়ের সম্পত্তির ভাগ আমরা পাব কি না। আমার সৎভাইবোন আমার মায়ের সম্পত্তি পাবে কি?","আমার মা মারা গেছেন, রেখে গেছেন এক ছেলে আর চার মেয়ে। বাবা বেঁচে আছেন এবং আবার বিয়ে করেছেন; সেই ঘরে দুই ছেলে আর এক মেয়ে আছে। আমার জানার বিষয়, মায়ের সম্পত্তিতে কি আমরা ভাগ পাব? আর আমার সৎভাইবোনেরা কি মায়ের সম্পত্তির ভাগ পাবে?",no,,Sifat
ajke_0143_01,Iftiaq,97,"আমি একটি করপোরেট প্রতিষ্ঠানে চাকরি করি। স্বামীর সঙ্গে বিচ্ছেদ হয়েছে প্রায় তিন বছর। সম্প্রতি একটি মোবাইল ফোন নম্বর থেকে আমাকে বিভিন্নভাবে হয়রানি করা হচ্ছে। কখনো ছবি আবার কখনো মেসেজের স্ক্রিনশট ফাঁস করে দেওয়ার হুমকি দিয়ে ইতিমধ্যে আমার কাছ থেকে টাকাপয়সাও হাতিয়ে নিয়েছে নম্বরটির ব্যবহারকারী। আমি ডিভোর্সি উল্লেখ করলাম; কারণ, ডিভোর্সের পর আমাকে নিয়ে নানা মহলে নানা কথা হয়। আমি এসব নিয়ে মানসিক যন্ত্রণায় আছি। আমি টাকাপয়সা না দিয়ে আইনগত পদক্ষেপ নিতে চাই। নির্দিষ্টভাবে কাউকে যদি সন্দেহের তালিকায় না রাখি, তাহলে পদক্ষেপ নেব কীভাবে? যদিও সেই নম্বর আমার কাছে আছে। শুধু নম্বরের ভিত্তিতে কি আইনি ব্যবস্থা নেওয়া সম্ভব?","একটা করপোরেট অফিসে চাকরি করি। প্রায় তিন বছর হলো স্বামীর সঙ্গে ছাড়াছাড়ি হয়ে গেছে। ইদানীং একটা মোবাইল নম্বর থেকে আমাকে নানাভাবে হয়রানি করা হচ্ছে। কখনো ছবি, কখনো মেসেজের স্ক্রিনশট ছড়িয়ে দেওয়ার ভয় দেখিয়ে ওই নম্বরের লোকটা এর মধ্যেই আমার কাছ থেকে টাকাও হাতিয়ে নিয়েছে। ডিভোর্সের কথা বললাম এ কারণে যে ডিভোর্সের পর থেকে আমাকে নিয়ে নানা জায়গায় নানা কথা ওঠে। এসব নিয়ে আমি ভীষণ মানসিক কষ্টে আছি। টাকা না দিয়ে আমি এবার আইনের পথে যেতে চাই। কিন্তু নির্দিষ্ট কাউকে যদি সন্দেহ করতে না পারি, তাহলে ব্যবস্থা নেব কীভাবে? নম্বরটা অবশ্য আমার কাছে আছে। শুধু নম্বর দিয়েই কি আইনি ব্যবস্থা নেওয়া যায়?",no,,Sifat
ajke_0151_01,Iftiaq,143,"প্রশ্ন: আমার বিয়ের বয়স প্রায় ৭ বছর। ৫ বছরের একটি মেয়ে আছে। তার জন্মের পর থেকে আমার স্বামী আমাদের খোঁজখবর নিত না, ভরণপোষণ দিত না। সে লুকিয়ে বিদেশ থেকে দেশে যাতায়াত করত। আমাদের তার বাড়িতে নিয়ে যেত না। এসব কারণে বাধ্য হয়ে আমি কোর্টে মামলা করি। কোর্টে মামলা চলাকালে স্বামী আমার সঙ্গে সংসার করা এবং আমাদের ভরণপোষণ দেওয়ার কথা বলে আপস করে জামিনে বের হয়ে বিদেশে চলে যায়। আমি মেয়েকে নিয়ে বাবার বাড়িতে থাকি এবং মামলা স্থগিত রাখি। এখন সে বিদেশ থেকে কোনো যোগাযোগ করছে না, ভরণপোষণও দিচ্ছে না। এক আইনজীবী আমাকে জানিয়েছেন, আমার শ্বশুর কোর্টে গিয়েছিলেন ডিভোর্সের ব্যবস্থা করতে। কিন্তু আমার কাছে কোনো নোটিশ আসেনি এখনো। শুনেছি, আমার অনুপস্থিতিতে তালাক বিষয়ে কোর্ট নতুন করে শুনানি করেছেন। আমার প্রশ্ন, তারা আমার ইচ্ছার বিরুদ্ধে, আমার ও আমার স্বামীর উপস্থিতি ছাড়া মামলার কাগজপত্রে থাকা আমার স্বাক্ষর জাল করে আমার শ্বশুর কি আমাদের বিবাহবিচ্ছেদ করাতে পারেন?","প্রায় ৭ বছর হলো আমার বিয়ে হয়েছে, ৫ বছরের একটা মেয়ে আছে। মেয়ে হওয়ার পর থেকেই স্বামী আমাদের কোনো খোঁজ নিত না, খরচও দিত না। বিদেশ থেকে লুকিয়ে দেশে আসা-যাওয়া করত, কিন্তু আমাদের নিজের বাড়িতে নিয়ে যেত না। এসব কারণে বাধ্য হয়ে আদালতে মামলা করি। মামলা চলার সময় সে আমার সঙ্গে সংসার করবে আর আমাদের খরচ দেবে—এই কথা দিয়ে আপস করে জামিনে বেরিয়ে আবার বিদেশে চলে যায়। আমি মেয়েকে নিয়ে বাবার বাড়িতে থাকি, মামলাটাও স্থগিত রেখেছি। এখন সে বিদেশ থেকে কোনো যোগাযোগ করে না, খরচও পাঠায় না। এক আইনজীবী জানালেন, আমার শ্বশুর নাকি ডিভোর্সের ব্যবস্থা করতে আদালতে গিয়েছিলেন। কিন্তু এখনো আমার কাছে কোনো নোটিশ আসেনি। শুনেছি, আমার অনুপস্থিতিতেই আদালত তালাকের ব্যাপারে নতুন করে শুনানি করেছেন। আমার প্রশ্ন, আমার ইচ্ছার বিরুদ্ধে, আমি বা আমার স্বামী কেউ হাজির না থাকলেও, মামলার কাগজে থাকা আমার সই জাল করে কি শ্বশুর আমাদের ডিভোর্স করিয়ে দিতে পারেন?",no,,Sifat
ajke_0159_01,Iftiaq,53,"প্রশ্ন: স্বামীসহ শ্বশুরবাড়ির সবাই আমাকে শারীরিকভাবে নির্যাতন করে। এখন আমি যৌতুক নিরোধ আইনে মামলা করেছি। আমার উকিল আমাকে ভুল বুঝিয়ে স্বামীকে অস্থায়ী জামিন করিয়ে দিয়েছেন। এখন আমাকে ধমক দেওয়া হচ্ছে। মামলা খারিজ করে ফেলবে কি না, সে বিষয়ে এখন আমার ভয় হচ্ছে। উকিল এখন আমার হয়ে আদালতে মুভ করেন না। আমার করণীয় কী?","স্বামী আর শ্বশুরবাড়ির সবাই মিলে আমার ওপর শারীরিক নির্যাতন করে। এখন আমি যৌতুক নিরোধ আইনে মামলা করেছি। কিন্তু আমার উকিল আমাকে ভুল বুঝিয়ে স্বামীর অস্থায়ী জামিন করিয়ে দিয়েছেন। এখন উল্টো আমাকে ধমকানো হচ্ছে। মামলাটা খারিজ হয়ে যাবে কি না, সেই ভয়ে আছি। উকিলও এখন আর আমার হয়ে আদালতে কিছু বলেন না। আমি এখন কী করব?",no,,Sifat
ajke_0166_01,Iftiaq,104,"প্রশ্ন: আমি বাবার বাসায় থাকা অবস্থায় স্বামী আরেকটি বিয়ে করে। সে জানায়, আমাকে ডিভোর্স দিয়েছে। কিন্তু আমি আজ এক বছরেও কোনো নোটিশ পাইনি। তার বিয়ের পরপরই এক পারিবারিক আইনজীবীর সাহায্যে তার বিরুদ্ধে যৌতুকের মামলা করি। আইন ও মামলা বিষয়ে আমার ধারণা না থাকায় আইনজীবী যা বলেছেন, তা-ই করেছি। কোর্ট থেকে ওয়ারেন্ট বের হওয়ার পর তারা আগাম জামিন নিয়েছে, সেটা দুই মাস পর আমি জানতে পেরেছি। সে আমার দেড় বছরের সন্তানের কোনো ভরণপোষণ দেয় না, কোনো খোঁজখবরও রাখে না। আমি এই বয়সে মেয়েটাকে নিয়ে চাকরি করছি। কোথায় যাব, কী করব বুঝতে পারছি না। আমাদের আইনজীবী কি কোনো ধরনের ছলচাতুরী করেছে? এখন আমাদের কী করা উচিত?","আমি বাবার বাসায় থাকার সময় স্বামী আরেকটা বিয়ে করে। সে বলছে আমাকে ডিভোর্স দিয়ে দিয়েছে, অথচ এক বছর হয়ে গেল আমি কোনো নোটিশ পাইনি। ওর বিয়ের পরপরই একজন পারিবারিক আইনজীবীর সাহায্য নিয়ে ওর বিরুদ্ধে যৌতুকের মামলা করি। আইন-আদালত সম্পর্কে আমার কোনো ধারণা ছিল না, তাই আইনজীবী যা বলেছেন তা-ই করেছি। আদালত থেকে ওয়ারেন্ট বের হওয়ার পর ওরা আগাম জামিন নিয়ে নেয়, সেটা আমি জানতে পারি দুই মাস পরে। আমার দেড় বছরের বাচ্চার সে কোনো খরচ দেয় না, খোঁজখবরও রাখে না। এই বয়সে মেয়েকে নিয়ে আমি চাকরি করে চলছি। কোথায় যাব, কী করব কিছুই বুঝতে পারছি না। আমাদের আইনজীবী কি কোনো চালাকি করেছেন? এখন আমাদের কী করা উচিত?",no,,Sifat
ajke_0179_01,Iftiaq,34,আমি জোর করে যাই। এরপর আর ফেরত যাইনি। অকথ্য ভাষায় কথা বলাসহ আমাকে বিবাহবহির্ভূত সম্পর্কের অপবাদও দেয় তারা। স্বামী ও ননদ ফোনে আমার মা-বাবাকে খারাপ ভাষায় গালমন্দ করেছে। এ জন্য কি জিডি করতে পারি?,"জোর করেই আমি সেখানে গিয়েছিলাম। তারপর আর ফিরে যাইনি। ওরা আমাকে অশ্রাব্য ভাষায় গালাগাল করে, এমনকি বিয়ের বাইরে সম্পর্ক আছে বলে বদনামও দেয়। স্বামী আর ননদ ফোনে আমার বাবা-মাকে নোংরা ভাষায় গালমন্দ করেছে। এর জন্য কি জিডি করা যায়?",no,Text starts mid-story; the earlier part of the letter is not included.,Sifat
ajke_0189_01,Iftiaq,119,"প্রশ্ন: বিয়ের বয়স দেড় বছর চলছে। বিয়ের সময় শ্বশুরবাড়ি থেকে কোনো ধরনের যৌতুক চাওয়া হয়নি। মা-বাবা বিয়ের সময় খাট ও আলমারি উপহার দিয়েছিলেন। বিয়ের দু-তিন মাস পর থেকে শাশুড়ি তাঁর আত্মীয়দের কাছে বলে বেড়াতে থাকেন, আমার পরিবার বিয়েতে কিছু দেয়নি। শ্বশুরবাড়ির সবাই আমার সঙ্গে খুব খারাপ ব্যবহার করে। মানসিক অত্যাচার করে। কিন্তু নিজেরা কখনো সরাসরি বলে না যে তাদের আসবাব বা টাকা লাগবে। দিন দিন ব্যাপারটা অসহনীয় পর্যায়ে চলে যাচ্ছে। তারা আমার গর্ভপাত করিয়েছে এই বলে যে স্বামীর এখনো সন্তান লালনপালন করার ক্ষমতা হয়নি। আমার স্বামী এসব ব্যাপারে কিছুই বলে না। আমার সন্দেহ, তার অন্য কোনো মেয়ের সঙ্গে সম্পর্ক আছে। একমুহূর্ত এই সংসারে থাকতে চাই না। যেহেতু তারা শারীরিকভাবে অত্যাচার করছে না, আমি ডিভোর্স দিতে চাইলে কি দিতে পারব?","দেড় বছর হলো বিয়ে হয়েছে। বিয়ের সময় শ্বশুরবাড়ি থেকে কোনো যৌতুক চাওয়া হয়নি। বাবা-মা নিজেরাই উপহার হিসেবে খাট আর আলমারি দিয়েছিলেন। বিয়ের দু-তিন মাস পর থেকে শাশুড়ি আত্মীয়দের কাছে বলে বেড়াতে থাকেন যে আমার বাড়ি থেকে বিয়েতে কিছুই দেয়নি। শ্বশুরবাড়ির সবাই আমার সঙ্গে খুব খারাপ ব্যবহার করে, মানসিকভাবে অত্যাচার করে। তবে নিজেরা কখনো মুখ ফুটে বলে না যে ওদের আসবাব বা টাকা চাই। দিন দিন ব্যাপারটা সহ্যের বাইরে চলে যাচ্ছে। স্বামীর নাকি এখনো সন্তান মানুষ করার সামর্থ্য হয়নি—এই বলে ওরা আমার গর্ভপাত করিয়েছে। আমার স্বামী এসব নিয়ে কিছুই বলে না। আমার সন্দেহ, অন্য কোনো মেয়ের সঙ্গে ওর সম্পর্ক আছে। এই সংসারে আমি আর এক মুহূর্তও থাকতে চাই না। ওরা যেহেতু শারীরিকভাবে নির্যাতন করছে না, তাহলে আমি ডিভোর্স দিতে চাইলে কি দিতে পারব?",no,,Sifat
ajke_0193_01,Iftiaq,45,আমরা তখন ছোট ছিলাম। তাই বাবা মারা যাওয়ার আগে প্রথম সংসারের বড় ছেলেকে বলে যান আমাদের দেখাশোনা করতে। তখন থেকে তিনি আমাদের খোঁজখবর রাখতেন। চাচাদের সঙ্গে কথা বলার পর ওই পক্ষের দুই ভাই আমাদের সম্পত্তির ভাগ দিতে নারাজ। আমরা এখন কীভাবে আইনি সহায়তা পেতে পারি?,"তখন আমরা ছোট ছিলাম, তাই মারা যাওয়ার আগে বাবা তাঁর প্রথম সংসারের বড় ছেলেকে বলে গিয়েছিলেন আমাদের দেখেশুনে রাখতে। সেই থেকে তিনিই আমাদের খোঁজখবর রাখতেন। কিন্তু চাচাদের সঙ্গে কথা বলার পর ওই ঘরের দুই ভাই এখন আমাদের সম্পত্তির ভাগ দিতে রাজি হচ্ছেন না। এখন আমরা কীভাবে আইনি সাহায্য পেতে পারি?",no,Text starts mid-story; the earlier part of the letter is not included.,Sifat
ajke_0201_01,Iftiaq,44,"এরই পরিপ্রেক্ষিতে কিছুদিন আগে এক বান্ধবীর বাড়িতে গিয়ে উঠেছিলাম। আমার মা-বাবা পুলিশ সঙ্গে করে সেখান থেকে আমাকে বাসায় নিয়ে এসেছেন। তারপর থেকে তাঁরা নানাভাবে শারীরিক-মানসিক নির্যাতন করে যাচ্ছেন। আমি এখান থেকে বের হতে চাই। এমন কোনো আইনি ব্যবস্থা আছে কি, যাতে আলাদা থাকতে পারব?","এর জেরেই কিছুদিন আগে আমি এক বান্ধবীর বাসায় গিয়ে উঠেছিলাম। বাবা-মা পুলিশ নিয়ে গিয়ে সেখান থেকে আমাকে বাসায় ফিরিয়ে এনেছেন। তারপর থেকে নানাভাবে আমার ওপর শারীরিক আর মানসিক নির্যাতন চালাচ্ছেন। আমি এখান থেকে বেরিয়ে যেতে চাই। এমন কোনো আইনি উপায় কি আছে, যাতে আমি আলাদা থাকতে পারি?",no,Text starts mid-story; the earlier part of the letter is not included.,Sifat
dail_0613_02,Iftiaq,41,"The points that I ponder as follows: If Banks are not exempted from the Labor Act 2006 and its subsequent amendments and everyone [except mentioned in the amended regulation] is eligible, then why private and foreign banks have not declared WPPF?","Here is what puzzles me: if banks are not excluded from the Labour Act 2006 and its later amendments, and everyone (apart from those listed in the amended rules) qualifies, then why haven't private and foreign banks declared WPPF?",no,English follow-up fragment from a Daily Star query; paraphrased in English.,Sifat
dail_0631_02,Iftiaq,11,"If we do not register, will it affect our marriage anyhow?",Would not registering our marriage cause any problem for the marriage itself?,no,Short English follow-up fragment; context is in an earlier part of the query.,Sifat
lawy_0223_01,Iftiaq,10,মিথ্যা মামলাকারী বাদী ও সাক্ষীর বিরুদ্ধে কিভাবে মানহানি মামলা করবেন?,"যে বাদী আর সাক্ষীরা মিথ্যা মামলা সাজিয়েছে, তাদের বিরুদ্ধে মানহানির মামলা করবেন কীভাবে?",no,Headline-style (article title).,Sifat
lawy_0303_01,Iftiaq,11,"জমির দলিলে দাগ, খতিয়ান, মৌজা, চৌহদ্দি, নামের ভুল কিভাবে সংশোধন করবেন?","জমির দলিলে দাগ নম্বর, খতিয়ান, মৌজা, চৌহদ্দি বা নাম ভুল লেখা হলে সেটা কীভাবে ঠিক করাবেন?",no,Headline-style (article title).,Sifat
lawy_0323_01,Iftiaq,9,"মায়ের সম্পত্তিতে মেয়ে, ছেলে ও বাবার অংশ অংশ কতটুকু?","মায়ের রেখে যাওয়া সম্পত্তিতে মেয়ে, ছেলে আর বাবার ভাগ কতখানি?",no,Headline-style (article title).,Sifat
lawy_0354_01,Iftiaq,10,১৬৪ ও ২২ ধারায় জবানবন্দির কপি আসামির পেতে বাঁধা কোথায়?,আসামি ১৬৪ ও ২২ ধারায় নেওয়া জবানবন্দির কপি পেতে চাইলে বাধাটা কোথায়?,no,Headline-style (article title).,Sifat
lawy_0371_01,Iftiaq,9,"একই বিষয় নিয়ে কি একাধিক মামলা, কি বলে আইন?",একই ঘটনা নিয়ে কি একাধিক মামলা করা যায়? আইন কী বলে?,no,Headline-style (article title).,Sifat
lawy_0387_01,Iftiaq,9,স্ত্রী কর্তৃক মিথ্যা নারী নির্যাতন মামলা হলে কি করবেন!,"বউ যদি মিথ্যা নারী নির্যাতনের মামলা দেয়, তাহলে কী করবেন?",no,Headline-style (article title).,Sifat
lawy_0420_01,Iftiaq,10,তালাক হয়ে গেলে কিভাবে তালাক প্রত্যাহার ও পুনরায় সংসার গড়বেন,তালাক হয়ে যাওয়ার পর কীভাবে তা ফিরিয়ে নিয়ে আবার সংসার শুরু করবেন?,no,Headline-style (article title).,Sifat
lawy_0443_01,Iftiaq,9,ধর্ষণের ফলে জন্ম নেয়া সন্তানের ভরণপোষণ ও দায়দায়িত্ব কার?,"ধর্ষণের কারণে যে শিশুর জন্ম হয়, তার ভরণপোষণ আর দেখাশোনার দায় কার?",no,Headline-style (article title).,Sifat
lawy_0563_01,Iftiaq,8,স্বামী কি স্ত্রীর বিরুদ্ধে যৌতুকের মামলা করতে পারেন?,স্বামীর পক্ষে কি বউয়ের নামে যৌতুক-মামলা দায়ের করা সম্ভব?,no,Headline-style (article title).,Sifat
prot_0000_05,Iftiaq,79,"আমার মা ১০ বছর আগে একটা মামলার শিকার হন সিরাজগঞ্জে। আমাদের বাসা রংপুরে হওয়ায় এবং তিনি নারী বলে এত দূর নির্দিষ্ট তারিখগুলোতে যেতে পারেননি। একপর্যায়ে মামলার পরোয়ানা জারি হয়। যিনি উকিলের সহকারী ছিলেন, তিনি মোটা অঙ্কের টাকা দাবি করে মামলার কাজ করতে চান। সামর্থ্য না থাকায় আমরা তা দিতে পারিনি। ফলে আমার মা ১০ বছর ধরে পলাতক আছেন। আর সেই উকিল বা তাঁর সহকারী কোনো রকম সহযোগিতা করতে বা কাগজপত্র দিতে রাজি নয়। আমরা কী করতে পারি? আল-অয়ন রাসেল","আমার মা ১০ বছর আগে দূরের এক জেলায় একটা মামলার আসামি হন। আমাদের বাসা অন্য এক জেলায়, তার ওপর তিনি মহিলা মানুষ—তাই মামলার নির্দিষ্ট তারিখগুলোতে অত দূরে গিয়ে হাজিরা দিতে পারেননি। একসময় মামলায় পরোয়ানা জারি হয়ে যায়। উকিলের যিনি সহকারী ছিলেন, তিনি মামলা চালানোর জন্য মোটা টাকা চেয়ে বসেন। সামর্থ্য না থাকায় আমরা সেটা দিতে পারিনি। ফলে ১০ বছর ধরে আমার মা পালিয়ে বেড়াচ্ছেন। আর সেই উকিল বা তাঁর সহকারী কোনো সাহায্য করতে বা কাগজপত্র দিতে রাজি হচ্ছেন না। আমরা এখন কী করতে পারি?",yes,"Removed signature (name) and generalised the two district names (where the case is, where the family lives).",Sifat
prot_0003_01,Iftiaq,118,"ঢাকার একটি পাবলিক বিশ্ববিদ্যালয় এলাকায় বর্তমানে মুঠোফোন সেট চুরির ঘটনা অনেক বেড়ে গেছে। হলের নিজ নিজ কক্ষ থেকে মুঠোফোন সেট চুরি যাচ্ছে। ফলে ছাত্ররা অনিরাপদ বোধ করছেন। থানায় সাধারণ ডায়েরি করলেও কোনো প্রতিকার পাওয়া যায় না। মুঠোফোন সেট চুরির ঘটনাকে পুলিশ ও বিশ্ববিদ্যালয় প্রশাসন ছোটখাটো ঘটনা হিসেবে দেখে পাত্তা দিচ্ছে না। ফলে প্রতি মাসেই অসংখ্য মুঠোফোন সেট চুরির ঘটনা ঘটে। মুঠোফোন সেটে অনেক গুরুত্বপূর্ণ তথ্য থাকে, তাই এই চুরির ঘটনাকে খাটো করে না দেখে একই সঙ্গে নিম্ন ও নিম্নমধ্যবিত্ত শিক্ষার্থীদের কথা মাথায় রেখে আমরা এ বিষয়ের একটি প্রতিকার চাই। আমরা এই চুরির ঘটনায় মামলা করতে চাই। আমরা কীভাবে সরকারি উকিলের সাহায্য নিতে পারি এবং কীভাবে এ মামলা নিয়ে লড়তে পারি? পরামর্শ দিলে কৃতজ্ঞ থাকব। সাইফুল ইসলাম খান ঢাকা","ঢাকার একটা পাবলিক বিশ্ববিদ্যালয়ের এলাকায় এখন মোবাইল ফোন চুরির ঘটনা খুব বেড়ে গেছে। হলের নিজেদের রুম থেকেই ফোন চুরি হয়ে যাচ্ছে, তাই ছাত্ররা নিরাপদ বোধ করছে না। থানায় জিডি করেও কোনো লাভ হয় না। পুলিশ আর বিশ্ববিদ্যালয় কর্তৃপক্ষ মোবাইল চুরিকে ছোটখাটো ব্যাপার ভেবে গুরুত্বই দিচ্ছে না। ফলে প্রতি মাসে অনেক ফোন চুরি হচ্ছে। মোবাইলে অনেক জরুরি তথ্য থাকে, তাই এই চুরিকে হালকাভাবে না নিয়ে, সঙ্গে নিম্ন আর নিম্নমধ্যবিত্ত ছাত্রছাত্রীদের কথা ভেবে, আমরা এর একটা বিহিত চাই। এসব চুরির ঘটনায় আমরা মামলা করতে চাই। সরকারি উকিলের সাহায্য কীভাবে পেতে পারি, আর মামলাটা কীভাবে লড়তে পারি? পরামর্শ দিলে কৃতজ্ঞ থাকব।",yes,"Removed signature (name, city).",Sifat
prot_0005_03,Iftiaq,10,আমরা কীভাবে তাকে আমাদের সন্তানের মতো আমাদের সঙ্গে রাখতে পারি?,কী করলে ওকে নিজেদের সন্তানের মতো আমাদের কাছে রাখতে পারব?,no,Short follow-up fragment of the adoption letter; context in an earlier part.,Sifat
prot_0008_04,Iftiaq,55,"একদিন একপর্যায় অনেক ঝগড়া হয় এবং আমি আমার বাপের বাড়ি চলে আসি মাস খানেক আগে। আমি আলাদা থাকার সিদ্ধান্ত নিয়েছি। তাই আমার শ্বশুরবাড়ির লোকেরা এবং আমার স্বামী আমাকে হুমকি দেন—আমার ছেলেকে নিয়ে যাবেন। তাঁরা বলেন, যদি আমি আইনের আশ্রয় নিই, তাহলেও আমি আমার সন্তানকে পাঁচ বছরের বেশি কাছে রাখতে পারব না। এখন আমার করণীয় কী?","একদিন খুব ঝগড়াঝাঁটি হওয়ার পর মাসখানেক আগে আমি বাপের বাড়ি চলে আসি। আলাদা থাকার সিদ্ধান্ত নিয়েছি। এ কারণে শ্বশুরবাড়ির লোকজন আর আমার স্বামী হুমকি দিচ্ছেন যে আমার ছেলেকে নিয়ে যাবেন। তাঁরা বলছেন, আমি আইনের আশ্রয় নিলেও ছেলেকে পাঁচ বছরের বেশি নিজের কাছে রাখতে পারব না। এখন আমার কী করা উচিত?",no,Text starts mid-story; the earlier part of the letter is not included.,Sifat
prot_0009_03,Iftiaq,63,"পরে আমার স্বামী নিজ চেষ্টায় খরিদসূত্রে আরও কিছু সম্পত্তির মালিক হয়। এ অবস্থায় আমার দেবরেরা বিভিন্ন কথা লোকমুখে ছড়াতে থাকে। যেমন, আমাদের পুত্রসন্তান না থাকায় তারা সম্পত্তির ভাগ পাবে। কিন্তু পরে আমার স্বামী তার সব সম্পত্তি আমাকে ও তিন কন্যাকে রেজিস্ট্রি করে দেয়। আমার দেবর ও ননদেরা যদি আমার স্বামীর সম্পত্তির জন্য বাঁটোয়ারা মামলা করে, সে ক্ষেত্রে তারা কি সেই সম্পত্তির ভাগ পাবে?","পরে আমার স্বামী নিজের চেষ্টায় কিনে আরও কিছু সম্পত্তির মালিক হয়। এর মধ্যে আমার দেবরেরা লোকজনের কাছে নানা কথা ছড়াতে থাকে—যেমন, আমাদের কোনো ছেলে নেই, তাই সম্পত্তিতে ওরাও ভাগ পাবে। কিন্তু পরে আমার স্বামী তার সব সম্পত্তি আমার আর আমাদের তিন মেয়ের নামে রেজিস্ট্রি করে দেয়। এখন দেবর আর ননদেরা যদি স্বামীর সম্পত্তি নিয়ে বাটোয়ারা মামলা করে, তাহলে কি ওরা ওই সম্পত্তির ভাগ পাবে?",no,Text starts mid-story; the earlier part of the letter is not included.,Sifat
prot_0010_03,Iftiaq,8,বাংলাদেশে হিন্দু মেয়েদের বাবার সম্পত্তিতে অধিকার আছে কি?,বাংলাদেশে হিন্দু মেয়েরা কি বাবার সম্পত্তির ভাগ পায়?,no,Short follow-up question from a multi-part letter.,Sifat
prot_0014_01,Iftiaq,61,"আমরা দুই বোন মায়ের ৩০ ডেসিমেল জমি কিনি। এক দাগে ছিল ১৯, আরেক দাগে ছিল ১১ ডেসিমেল। আমি ১১ ডেসিমেল জমি আমার স্বামীর নামে দানপত্র করে দিই। ১০ বছর পর স্বামী আবার আমাকে ১১ ডেসিমেল ফেরত দেয়। আমি ওই ১১ ডেসিমেল বিক্রি করে দিয়েছি। আমার প্রশ্ন হলো, আমি ১১ ডেসিমেল বিক্রি করতে পারি কি না? উল্লেখ্য, স্বামীর নামে নামজারি করা আছে","আমরা দুই বোন মিলে মায়ের ৩০ ডেসিমেল জমি কিনেছিলাম—এক দাগে ১৯ আর আরেক দাগে ১১ ডেসিমেল। ১১ ডেসিমেলের অংশটা আমি দানপত্র করে স্বামীর নামে দিয়ে দিই। ১০ বছর পর স্বামী সেই ১১ ডেসিমেল আবার আমাকে ফিরিয়ে দেয়। তারপর আমি ওই ১১ ডেসিমেল বিক্রি করে দিয়েছি। আমার জানার বিষয়, ওই ১১ ডেসিমেল বিক্রি করার অধিকার কি আমার আছে? বলে রাখি, জমিটা স্বামীর নামে নামজারি করা আছে।",no,,Sifat
prot_0017_02,Iftiaq,14,"আমি ও আমার ছোট ভাই কীভাবে, কোন প্রক্রিয়ায় আইনগতভাবে বাবার সম্পদের ওয়ারিশ হতে পারি?","আমি আর আমার ছোট ভাই কোন নিয়মে, কী প্রক্রিয়ায় আইন মেনে বাবার সম্পত্তির ওয়ারিশ হতে পারি?",no,Short follow-up question from a multi-part letter.,Sifat
prot_0018_02,Iftiaq,9,আমাদের ছেলেরা কি তার নানার সম্পত্তির কোনো অংশ পাবে?,আমাদের ছেলেরা কি ওদের নানার সম্পত্তি থেকে কোনো ভাগ পাবে?,no,Short follow-up question from a multi-part letter.,Sifat
prot_0021_02,Iftiaq,69,"আপনার স্বামী তালাকের নির্দিষ্ট নিয়ম অনুযায়ী তাঁর দ্বিতীয় স্ত্রীকে তালাক দিতে পারেন। তবে আইন অনুযায়ী দ্বিতীয় স্ত্রী দেনমোহর ও নির্দিষ্ট সময়ের ভরণপোষণ পাবেন। আমাদের মা-বাবা জীবিত নেই। আমিই তাঁদের একমাত্র ছেলেসন্তান। আমার চার বোন আছেন, সবাই বিবাহিত। আমাদের সম্পত্তির পরিমাণ পৌনে দুই কাঠা (১ দশমিক ৭৫ কাঠা)। ইসলাম ধর্ম আইনে কীভাবে এই সম্পত্তি বণ্টন করার বিধান রয়েছে? ইসলামধর্মের আইনমতে, উত্তরাধিকারেরা নিজেরা আপস-মীমাংসা করলেও বোনেরা তা মানতে নারাজ, করণীয় কী?","আপনার স্বামী নিয়ম মেনে তালাকের প্রক্রিয়া অনুসরণ করে দ্বিতীয় স্ত্রীকে তালাক দিতে পারেন। তবে আইন অনুযায়ী দ্বিতীয় স্ত্রী দেনমোহর আর নির্দিষ্ট সময় পর্যন্ত ভরণপোষণ পাবেন। আমাদের বাবা-মা কেউ বেঁচে নেই। তাঁদের একমাত্র ছেলে আমি, আমার চার বোন আছেন, সবার বিয়ে হয়ে গেছে। আমাদের সম্পত্তি বলতে পৌনে দুই কাঠা (১ দশমিক ৭৫ কাঠা) জমি। ইসলামি আইনে এই সম্পত্তি কীভাবে ভাগ হওয়ার কথা? ওয়ারিশরা নিজেরা আপসে একটা ভাগাভাগি ঠিক করলেও বোনেরা সেটা মানতে চাইছেন না—এখন কী করব?",no,Starts with the columnist's reply to an earlier question; the new question begins at 'আমাদের বাবা-মা কেউ বেঁচে নেই'.,Sifat
prot_0025_05,Iftiaq,12,"মাকেও সন্তানের সান্নিধ্য থেকে বঞ্চিত করতে চাই না, এ ক্ষেত্রে কী করণীয়?",বাচ্চাকে কাছে পাওয়া থেকে মাকেও বঞ্চিত করতে চাই না—এ অবস্থায় কী করা উচিত?,no,Short follow-up fragment; context in an earlier part of the letter.,Sifat
prot_0026_04,Iftiaq,63,"১৫-১৬ বছর ধরে আমার ভাই মানসিক রোগে আক্রান্ত। সে ছয় বছর ধরে পাবনা মানসিক হাসপাতালে চিকিৎসা নিচ্ছে। সে বিবাহিত এবং তার একটি ১২ বছর বয়সী মেয়েও আছে। কিন্তু সাত বছর ধরে স্ত্রীর সঙ্গে তার কোনো দাম্পত্য সম্পর্ক নেই। আবার তাদের তালাকও হয়নি। আমি জানতে চাই, তারা কি এখনো বিবাহিত দম্পতি হিসেবে বিবেচিত হবে? তাদের বিয়েটা কি বৈধ আছে? নাম ও ঠিকানা প্রকাশে অনিচ্ছুক","১৫-১৬ বছর ধরে আমার ভাই মানসিক রোগে ভুগছে। ছয় বছর ধরে একটা সরকারি মানসিক হাসপাতালে তার চিকিৎসা চলছে। সে বিবাহিত, ১২ বছরের একটা মেয়েও আছে। কিন্তু সাত বছর ধরে বউয়ের সঙ্গে তার কোনো দাম্পত্য সম্পর্ক নেই, আবার তালাকও হয়নি। আমি জানতে চাই, ওরা কি এখনো স্বামী-স্ত্রী হিসেবে গণ্য হবে? ওদের বিয়েটা কি এখনো বৈধ আছে?",yes,Generalised the named hospital; dropped the 'name and address withheld' sign-off.,Sifat
prot_0030_01,Iftiaq,105,আমার বয়স পঁয়তাল্লিশ বছর। বিয়ের বয়স ২৭ বছর। বিয়ের পর থেকেই স্বামীর নানা রকম অত্যাচার সহ্য করে আসছি। কখনো মুখ খুলিনি সংসার ভাঙার ভয়ে। গত বছর অক্টোবর মাসে সে আমাকে মেরে বাড়ি থেকে তাড়িয়ে দেয়। আমি আমার বাবার সংসারে ফিরে আসি। এরপর এক বছরেরও বেশি সময় পার হয়ে গেছে আমার কোনো খোঁজখবর নেয়নি এবং ভরণপোষণ দেয়নি। ইতিমধ্যে শুনতে পাই সে নাকি আমাকে আদালতে তালাক দিয়েছে এবং টাকাপয়সা আদালতে জমা দিয়েছে। কিন্তু আমার হাতে কোনো কাগজপত্র আসেনি। সে অন্যত্র বিয়েও করেছে। এ মুহূর্তে আমি কী করব? আমার অজান্তে কি কোর্ট আমার টাকাপয়সা জমা রাখতে পারেন? কাবিননামা গায়েব করেছে সে। কাবিননামা ছাড়া কি আদালতে মামলা করতে পারব,"আমার বয়স পঁয়তাল্লিশ, বিয়ে হয়েছে ২৭ বছর আগে। বিয়ের পর থেকেই স্বামীর নানা রকম অত্যাচার মুখ বুজে সয়ে এসেছি, সংসার ভেঙে যাবে এই ভয়ে কখনো কিছু বলিনি। গত বছরের অক্টোবরে সে আমাকে মারধর করে বাড়ি থেকে বের করে দেয়। আমি বাবার সংসারে ফিরে আসি। এরপর এক বছরের বেশি সময় কেটে গেছে, সে আমার কোনো খোঁজ নেয়নি, খরচও দেয়নি। এর মধ্যে শুনছি, সে নাকি আদালতে আমাকে তালাক দিয়েছে আর টাকাপয়সা আদালতে জমা রেখেছে। কিন্তু আমার হাতে কোনো কাগজ আসেনি। সে অন্য জায়গায় বিয়েও করেছে। এখন আমি কী করব? আমাকে না জানিয়ে কি আদালত আমার টাকাপয়সা জমা রাখতে পারে? কাবিননামাটাও সে গায়েব করে দিয়েছে। কাবিননামা ছাড়া কি আদালতে মামলা করতে পারব?",no,,Sifat
prot_0032_01,Iftiaq,37,এ কথা বলে শারীরিক সম্পর্ক চালিয়ে যায়। কিন্তু এখন বিয়ে করতে অস্বীকৃতি জানাচ্ছে। গ্রামে তার মাকে বলেছে মেয়ে দেখতে। আমি ওকে ছাড়া বাঁচতে পারব না। আমি হিন্দু হয়ে মুসলিম ছেলের বিরুদ্ধে কি আইনি কোনো ব্যবস্থা নিতে পারব?,"এসব বলে সে শারীরিক সম্পর্ক চালিয়ে গেছে। কিন্তু এখন বিয়ে করতে রাজি হচ্ছে না। গ্রামে ওর মাকে বলেছে পাত্রী খুঁজতে। ওকে ছাড়া আমি বাঁচব না। আমি হিন্দু, একজন মুসলমান ছেলের বিরুদ্ধে কি আমি কোনো আইনি ব্যবস্থা নিতে পারব?",no,Text starts mid-story; the earlier part of the letter is not included.,Sifat
prot_0035_01,Iftiaq,47,আমি একজন গৃহিণী এবং তিন সন্তানের মা। আমার স্বামী আমাকে না জানিয়ে ঢাকায় বিয়ে করেছেন। এখন আমাদের ভরণপোষণ দেওয়া বন্ধ করে দিয়েছেন। আমি গ্রামের চেয়ারম্যানকে বিষয়টি জানালে তিনি আমাদের স্বামী-স্ত্রীর সই একটি সাদা স্ট্যাম্পে রেখে তিন মাস পর সিদ্ধান্ত নেবেন বলে জানিয়েছেন। এখন আমার কী করা উচিত?,"আমি গৃহিণী, তিন ছেলেমেয়ের মা। আমাকে কিছু না জানিয়ে আমার স্বামী ঢাকায় আরেকটা বিয়ে করেছেন। এখন আমাদের খরচ দেওয়াও বন্ধ করে দিয়েছেন। গ্রামের চেয়ারম্যানকে ব্যাপারটা জানালে তিনি আমাদের স্বামী-স্ত্রী দুজনের সই একটা সাদা স্ট্যাম্পে নিয়ে রেখেছেন, বলেছেন তিন মাস পর সিদ্ধান্ত দেবেন। এখন আমার কী করা উচিত?",no,,Sifat
prot_0036_05,Iftiaq,62,আমি চার বছর ধরে এক মেয়েকে ভালোবাসি। সেও আমাকে ভালোবাসে। একপর্যায়ে আমার পরিবার মেয়ের বাসায় বিয়ের প্রস্তাব নিয়ে যায়। কিন্তু তার পরিবার রাজি হয়নি। এখন আমরা বিয়ে করতে চাই। কিন্তু মেয়েটির বয়স ১৮ বছর হয়নি। জন্মনিবন্ধন অনুযায়ী তার বয়স ১৭ বছর আট মাস। আমি কি তার ১৮ বছর বয়স হলে বিয়ে করতে পারব। পরে মেয়েটির পরিবার আমাদের কোনো ক্ষতি করতে পারবে কি?রহমতদিনাজপুর,"চার বছর ধরে একটা মেয়েকে ভালোবাসি, সেও আমাকে ভালোবাসে। একসময় আমার বাড়ির লোকজন মেয়ের বাসায় বিয়ের প্রস্তাব নিয়ে যায়, কিন্তু ওর পরিবার রাজি হয়নি। এখন আমরা নিজেরা বিয়ে করতে চাই। সমস্যা হলো, মেয়েটির বয়স এখনো ১৮ হয়নি; জন্মনিবন্ধন অনুযায়ী ওর বয়স ১৭ বছর আট মাস। ওর বয়স ১৮ হলে কি আমি ওকে বিয়ে করতে পারব? পরে মেয়ের পরিবার কি আমাদের কোনো ক্ষতি করতে পারবে?",yes,"Removed signature (name, district).",Sifat
prot_0037_02,Iftiaq,11,আর আমার মা জমিটা না দিলে নানি কি তা নিতে পারবেন?,"আর মা যদি জমিটা ফেরত না দেন, তাহলে কি নানি সেটা নিয়ে নিতে পারবেন?",no,Short follow-up fragment; context in an earlier part of the letter.,Sifat
prot_0038_02,Iftiaq,69,আমার খালার দুই মেয়ে ও এক ছেলে। সাত বছর আগে খালু আমার খালার অনুমতি ছাড়াই দ্বিতীয় বিয়ে করেন। বিষয়টি সালিসের মাধ্যমে সমাধানের চেষ্টা করা হয়েছিল; কিন্তু খালুর অপকৌশলের কারণে হয়নি। পরে এটি আদালত পর্যন্ত গড়ায়। সেখানেও মামলাটি শিথিল হয়ে যায়। এখন খালু খালাকে ভরণপোষণ দিচ্ছেন না। তিনি তাঁর দ্বিতীয় স্ত্রীর সঙ্গে থাকছেন। আইনি জটিলতা ছাড়া (মামলা-মোকদ্দমা) এ ধরনের লোকদের শাস্তি এবং ভরণপোষণ দিতে বাধ্য করার জন্য কী করা যায়?,"আমার খালার দুই মেয়ে আর এক ছেলে। সাত বছর আগে খালু খালার অনুমতি না নিয়েই আরেকটা বিয়ে করেন। সালিস বসিয়ে ব্যাপারটা মেটানোর চেষ্টা হয়েছিল, কিন্তু খালুর চালাকির কারণে তা হয়নি। পরে বিষয়টা আদালত পর্যন্ত যায়, সেখানেও মামলাটা ঢিলেঢালা হয়ে পড়ে। এখন খালু খালাকে কোনো খরচ দিচ্ছেন না, দ্বিতীয় বউকে নিয়ে থাকছেন। মামলা-মোকদ্দমার ঝামেলায় না গিয়ে এমন লোকদের শাস্তি দেওয়া আর খরচ দিতে বাধ্য করার জন্য কী করা যায়?",no,,Sifat
prot_0039_03,Iftiaq,102,"আমার বড় ভাই প্রথম স্ত্রী মারা যাওয়ার পর আবার বিয়ে করেন। যাঁকে বিয়ে করেন, তিনি তালাকপ্রাপ্তা ছিলেন। সেই সময় তাঁর গর্ভে তিন মাসের সন্তান ছিল। বিয়ের সময় তিনি এসব গোপন করেছিলেন। বিয়ের কিছুদিন পর আমার ভাই জানতে পারেন এসব কথা। তখন ভাবিকে তালাক দিতে চাইলে তিনি আমাদের নামে যৌতুক ও নারী নির্যাতন মামলা করেন। বিয়ের সাত মাস পর তিনি একটি পুত্রসন্তান প্রসব করেন। এখন মামলা চলাকালীন সময়ে তাঁকে তালাক দিলে আমাদের কোনো রকম অসুবিধা হবে কি? দেনমোহরের পুরো এক লাখ টাকা দিতে হবে কি? নাম প্রকাশে অনিচ্ছুক @ মামলা চলাকালে তালাক প্রদানে আইনগত কোনো বাধা নেই। তবে দেনমোহরের পুরো অর্থ মহিলার প্রাপ্য","আমার বড় ভাইয়ের প্রথম স্ত্রী মারা যাওয়ার পর তিনি আবার বিয়ে করেন। যাঁকে বিয়ে করেন, তাঁর আগে তালাক হয়েছিল, আর তখন তিনি তিন মাসের অন্তঃসত্ত্বা ছিলেন। বিয়ের সময় এসব কথা তিনি লুকিয়েছিলেন। বিয়ের কিছুদিন পর ভাই সব জানতে পারেন। তখন ভাই ভাবিকে তালাক দিতে চাইলে ভাবি আমাদের নামে যৌতুক আর নারী নির্যাতনের মামলা করে দেন। বিয়ের সাত মাসের মাথায় তিনি একটি ছেলের জন্ম দেন। এখন মামলা চলার মধ্যে তাঁকে তালাক দিলে কি আমাদের কোনো সমস্যা হবে? দেনমোহরের পুরো এক লাখ টাকাই কি দিতে হবে? উত্তর: মামলা চলার সময় তালাক দিতে আইনে কোনো বাধা নেই। তবে দেনমোহরের পুরো টাকাটাই মহিলার পাওনা।",no,The columnist's short reply is glued after the question; kept it after 'উত্তর:' so it can be cut. Dropped the 'name withheld' sign-off.,Sifat
prot_0042_01,Iftiaq,170,"আমি ২০০৭ সালে বিয়ে করি, তখন আমার স্ত্রী ছিল অপ্রাপ্তবয়স্ক। এ জন্য আমার এক পরিচিত উকিলের পরামর্শ নিই। তিনি আমাকে জানান, এখন বিয়ে করলে বাল্যবিবাহ হবে, এটা শাস্তিযোগ্য অপরাধ। তবে বিয়ে নিবন্ধন হলে তা বাতিল হবে না।যেহেতু বাতিল হবে না, তাই আমরা বিয়ে করি। এর পর থেকে আমরা গোপনে দাম্পত্য জীবনযাপন করতে থাকি। বছর দুয়েক পর বিষয়টি জানাজানি হয় এবং আমার স্ত্রীকে তার অভিভাবকেরা তালাক দেওয়ার জন্য শারীরিক ও মানসিক নির্যাতন শুরু করে। ২০০৯ সালে সে আমাকে একটি তালাকের নোটিশ পাঠায় ও আমার সঙ্গে যোগাযোগ বন্ধ করে দেয়। আমি তালাকের নোটিশ নিয়ে আমার পরিচিত সেই উকিলের কাছে গেলে তিনি আমাকে বলেন, ‘কাবিনের ১৮ নম্বর কলামের শর্ত অনুযায়ী আপনার স্ত্রীকে তালাকের ক্ষমতা প্রদান করা হয়নি। তাই আমি যদি রাজি না থাকি, তাহলে তালাক কার্যকর করা যাবে না। এ ক্ষেত্রে আপনার স্ত্রীকে তালাকের জন্য আদালতে মামলা করতে হবে।’আমার প্রশ্ন, আদৌ তালাক হয়েছে কি না? ভবিষ্যতে তার আমাকে স্বামী হিসেবে দাবি করার আইনি অধিকার আছে কি না? যেহেতু তার সঙ্গে সম্পর্ক নেই, তাই আমি এখনই আবার বিয়ে করতে পারি কি না?নাম প্রকাশে অনিচ্ছুক","২০০৭ সালে আমি বিয়ে করি, তখন আমার বউ ছিল নাবালিকা। তাই চেনা এক উকিলের পরামর্শ নিয়েছিলাম। তিনি বলেছিলেন, এখন বিয়ে করলে সেটা বাল্যবিবাহ হবে, যা শাস্তিযোগ্য অপরাধ; তবে বিয়ে নিবন্ধন হয়ে গেলে সেটা বাতিল হবে না। বাতিল হবে না জেনে আমরা বিয়ে করে ফেলি। তারপর থেকে লুকিয়ে স্বামী-স্ত্রী হিসেবে সংসার করতে থাকি। বছর দুয়েক পর ব্যাপারটা জানাজানি হয়ে যায়, আর আমাকে তালাক দেওয়ানোর জন্য ওর অভিভাবকেরা ওর ওপর শারীরিক ও মানসিক নির্যাতন শুরু করে। ২০০৯ সালে সে আমাকে একটা তালাকের নোটিশ পাঠায় আর আমার সঙ্গে যোগাযোগ বন্ধ করে দেয়। নোটিশটা নিয়ে সেই চেনা উকিলের কাছে গেলে তিনি বলেন, ‘কাবিনের ১৮ নম্বর কলামের শর্তে আপনার স্ত্রীকে তালাক দেওয়ার ক্ষমতা দেওয়া হয়নি। তাই আপনি রাজি না থাকলে এই তালাক কার্যকর হবে না; তালাক চাইলে আপনার স্ত্রীকে আদালতে মামলা করতে হবে।’ আমার প্রশ্ন, আসলে কি তালাক হয়েছে? ভবিষ্যতে সে কি আমাকে স্বামী হিসেবে দাবি করার আইনগত অধিকার রাখে? ওর সঙ্গে যেহেতু এখন কোনো সম্পর্ক নেই, আমি কি এখনই আবার বিয়ে করতে পারি?",no,Dropped the 'name withheld' sign-off.,Sifat
prot_0044_01,Iftiaq,88,"আমার শ্বশুরের তিন মেয়ে। কোনো ছেলে নেই। তিনি পালক হিসেবে একটি ছেলে নেন। এখন ছেলেটি একটি চাকরি করেন, স্ত্রী-সন্তান নিয়ে আলাদা থাকেন। তিনি আমার শ্বশুর-শাশুড়ির দেখাশোনা করেন না। কয়েক বছর আগে আমার শ্বশুর তাঁর নামে কিছু জমি দলিল করে দিয়েছেন। কিন্তু দলিলে তাঁর পিতার নামের জায়গায় আমার শ্বশুরের নাম দেওয়া হয়েছে। কিন্তু আমার শ্বশুর তো তাঁর জন্মদাতা পিতা নন। তাহলে সেই দলিল বৈধ হয়েছে কি না, যদি হয়ে থাকে তাহলে তা কীভাবে প্রত্যাহার করা যায়? আমার শ্বশুর সিদ্ধান্ত নিয়েছেন সেই জমি ফেরত আনার জন্য। মো. নাসির উদ্দিন আহমেদ","আমার শ্বশুরের তিন মেয়ে, কোনো ছেলে নেই। তিনি একটা ছেলেকে পালক হিসেবে নিয়েছিলেন। ছেলেটি এখন চাকরি করেন, বউ-বাচ্চা নিয়ে আলাদা থাকেন, আমার শ্বশুর-শাশুড়ির কোনো দেখাশোনা করেন না। কয়েক বছর আগে শ্বশুর ওনার নামে কিছু জমি দলিল করে দিয়েছিলেন। দলিলে ওনার বাবার নামের জায়গায় আমার শ্বশুরের নাম লেখা হয়েছে, অথচ শ্বশুর তো ওনার জন্মদাতা বাবা নন। তাহলে সেই দলিল কি বৈধ হয়েছে? বৈধ হয়ে থাকলে সেটা ফিরিয়ে নেওয়া যায় কীভাবে? শ্বশুর ঠিক করেছেন, জমিটা তিনি ফেরত নেবেন।",yes,Removed signature (name).,Sifat
prot_0046_03,Iftiaq,74,"২০০৬ সালে প্রেম করে একটা ছেলের সঙ্গে কোর্টে গিয়ে আমাদের বিয়ে হয়। ২০০৭ সালে ও আমাদের বাড়ি থেকে চলে যায়। গিয়ে আমার অজান্তে আবার বিয়ে করে। সেখানে ওর একটি ছেলে হয়। এ পর্যন্ত আমার কোনো খোঁজখবর নেয়নি। আমার জন্য আমার মা-বাবা বিয়ে ঠিক করেছেন। কিন্তু ওই ছেলের সঙ্গে আমার এখনো ছাড়াছাড়ি হয়নি। আমি এখন কী করব? মা-বাবার পছন্দের ছেলেকে বিয়ে করতে পারব, না ওকে ডিভোর্স দিয়ে করতে হবে। এ ব্যাপারে পরামর্শ চাই। আঁখি আক্তারনারায়ণগঞ্জ","২০০৬ সালে প্রেম করে একটা ছেলের সঙ্গে আদালতে গিয়ে বিয়ে করি। ২০০৭ সালে সে আমাদের বাড়ি ছেড়ে চলে যায়, আর গিয়ে আমাকে না জানিয়ে আবার বিয়ে করে। সেই ঘরে ওর একটা ছেলেও হয়েছে। এত দিনে সে আমার কোনো খোঁজই নেয়নি। এখন মা-বাবা আমার বিয়ে ঠিক করেছেন। কিন্তু ওই ছেলের সঙ্গে আমার এখনো ছাড়াছাড়ি হয়নি। আমি এখন কী করব? মা-বাবার পছন্দের ছেলেকে কি এমনিই বিয়ে করতে পারব, নাকি আগে ওকে ডিভোর্স দিয়ে তারপর করতে হবে? এ ব্যাপারে পরামর্শ চাই।",yes,"Removed signature (name, district).",Sifat
prot_0048_01,Iftiaq,98,"আমি বিদেশে চাকরি করছি। দেশের বাইরে থাকাকালীন আমার মা-বাবা বাংলাদেশে আমার জন্য মেয়ে দেখেন এবং মোবাইল ফোনের মাধ্যমে আমাদের আকদ হয়। এর কিছুদিন পরে মেয়ে জানায় সে আমার সঙ্গে সংসার করবে না। তখনো আমি বিদেশে। এরপর আমি বাংলাদেশে এসে মেয়ের সঙ্গে যোগাযোগ করি এবং মেয়েকে বোঝানোর চেষ্টা করি। কিন্তু সে সংসার করতে রাজি নয়। সে আমাকে তালাক দেবে। কিন্তু তাকে ঘরে তুলে নিয়ে যাওয়া হয়নি এবং তার সঙ্গে আমার শারীরিক সম্পর্কও হয়নি। কাবিনের কাগজে আমি কোনো সইও করিনি। এ ক্ষেত্রে মেয়ে যদি আমাকে তালাক দেয়, তাহলে আমাকে কি মোহরানা দিতে হবে? এবং আমাদের আকদ হয়েছে কি?মো. নূর ইসলামচট্টগ্রাম","আমি বিদেশে চাকরি করি। আমি দেশের বাইরে থাকার সময় মা-বাবা বাংলাদেশে আমার জন্য মেয়ে দেখেন, আর মোবাইল ফোনেই আমাদের আকদ হয়ে যায়। কিছুদিন পর মেয়েটি জানায়, সে আমার সঙ্গে সংসার করবে না। তখনো আমি বিদেশে। পরে দেশে এসে মেয়েটির সঙ্গে যোগাযোগ করে ওকে বোঝানোর চেষ্টা করি, কিন্তু সে সংসার করতে রাজি না, আমাকে তালাক দেবে বলছে। অথচ ওকে এখনো ঘরে তুলে আনা হয়নি, ওর সঙ্গে আমার শারীরিক সম্পর্কও হয়নি। কাবিনের কাগজে আমি কোনো সইও দিইনি। এমন অবস্থায় মেয়েটি আমাকে তালাক দিলে কি আমাকে মোহরানা দিতে হবে? আর আমাদের আকদটা কি আসলে হয়েছে?",yes,"Removed signature (name, district).",Sifat
prot_0049_03,Iftiaq,93,"আমি একজন ব্যবসায়ী। ২০০২ সালে আমার চাচাতো বোনকে বিয়ে করি। আমাদের প্রায় আট বছর বয়সী একটি ছেলে আছে। আজ থেকে প্রায় চার মাস আগে স্ত্রী আমার সঙ্গে ঝগড়া করে বাবার বাড়ি চলে যায়। আমি পরিবারের সবাইকে নিয়ে অনেকবার তাকে আনতে যাই। এতে কোনো লাভ হয়নি। সে আমাকে তালাক দেবে। এ জন্য উকিল নোটিশ পাঠিয়েছে। স্ত্রী আমাকে ফোন করে বলে, তালাকের পর নাকি ছেলেকে আমার কাছ থেকে নিয়ে যাবে। আমি জানতে চাই, আমার স্ত্রী তো ছেলেকে রেখে চলে গেল; তালাক হয়ে গেলে ছেলেকে কি ও পাবে, না আমি পাব? জানালে উপকৃত হব।নাম প্রকাশে অনিচ্ছুক","আমি ব্যবসা করি। ২০০২ সালে আমার চাচাতো বোনকে বিয়ে করি। আমাদের প্রায় আট বছরের একটা ছেলে আছে। মাস চারেক আগে স্ত্রী আমার সঙ্গে ঝগড়া করে বাবার বাড়ি চলে যায়। পরিবারের সবাইকে নিয়ে অনেকবার ওকে ফিরিয়ে আনতে গিয়েছি, কোনো লাভ হয়নি। সে আমাকে তালাক দেবে বলে উকিল নোটিশ পাঠিয়েছে। ফোন করে বলছে, তালাকের পর ছেলেকে নাকি আমার কাছ থেকে নিয়ে যাবে। আমি জানতে চাই, ছেলেকে তো ও রেখেই চলে গেছে; তালাক হয়ে গেলে ছেলে কার কাছে থাকবে—ওর কাছে, না আমার কাছে? জানালে উপকার হবে।",no,Dropped the 'name withheld' sign-off.,Sifat
prot_0051_01,Iftiaq,124,"আমার বড় বোনের বিয়ের কয়েক বছর পর দুলাভাইয়ের সঙ্গে তাঁর নানা সমস্যা তৈরি হয়। শ্বশুরবাড়ির অত্যাচার সইতে না পেরে তিনি বাপের বাড়ি চলে আসেন। তখন সন্তানসম্ভবা। কয়েক দিন পর তাঁর একটি মেয়ে হয়। বোন খুবই অসুস্থ ছিলেন। ছয় দিন পর আমার বোন মারা যান। তাঁর শ্বশুরবাড়ির লোকেরা তাঁকে দেখতে বা তাঁর জানাজাতেও আসেনি। এখন দুলাভাই বলেন, এই সন্তান নাকি তাঁর না, এই সন্তান নাকি অবৈধ সন্তান, এই সন্তানের পরিচয় তাঁরা কোনো দিন দেবেন না। আমাদের সঙ্গে কোনো যোগাযোগ তাঁরা করেননি। বিভিন্ন লোকের কাছে বলে বেড়ান এসব কথা। আমাদের বদনাম করেন। আমার বোনের একটি ছেলে আছে ১৩ বছরের। মেয়েটির বয়স এখন ২০ মাস, এই ২০ মাসে তাঁদের কোনো লোকজন মেয়েটিকে দেখতেও আসেনি। তা হলে এই মেয়েটির বাবা কে? কোন পরিচয়ে সে বড় হবে।মো. আশরাফুল হক","বিয়ের কয়েক বছর পর থেকে দুলাভাইয়ের সঙ্গে আমার বড় বোনের নানা ঝামেলা শুরু হয়। শ্বশুরবাড়ির অত্যাচার সহ্য করতে না পেরে বোন বাপের বাড়ি চলে আসেন, তখন তিনি অন্তঃসত্ত্বা। কয়েক দিন পর তাঁর একটা মেয়ে হয়। বোনের শরীর খুব খারাপ ছিল, ছয় দিনের মাথায় তিনি মারা যান। শ্বশুরবাড়ির কেউ তাঁকে দেখতে আসেনি, জানাজাতেও আসেনি। এখন দুলাভাই বলছেন, এই বাচ্চা নাকি তাঁর না, এটা নাকি অবৈধ সন্তান, এর পরিচয় তাঁরা কোনো দিনও দেবেন না। আমাদের সঙ্গে ওঁরা কোনো যোগাযোগই করেননি, উল্টো নানা লোকের কাছে এসব কথা বলে আমাদের বদনাম করে বেড়াচ্ছেন। আমার বোনের ১৩ বছরের একটা ছেলেও আছে। মেয়েটির বয়স এখন ২০ মাস, এই ২০ মাসে ওদের বাড়ির কেউ বাচ্চাটাকে একবার দেখতেও আসেনি। তাহলে এই মেয়ের বাবা কে? কোন পরিচয়ে সে বড় হবে?",yes,Removed signature (name).,Sifat
prot_0052_04,Iftiaq,46,"আমি বাবা-মায়ের একমাত্র পুত্রসন্তান। আমার ছোট দুটি বোন আছে। ২০০৫ সালে আমি ধর্মান্তরিত হয়ে পরিবার থেকে আলাদা বসবাস করছি। পরিবারের কারও সঙ্গে যোগাযোগ নেই। কিছুদিন আগে আমার বাবা মারা গেছেন। শুনেছি, বাবার অবর্তমানে যে সম্পত্তি আছে, সেটা নাকি তাঁর ভাতিজারা পাবেন। এটা কতটুকু সত্যি?নাম প্রকাশে অনিচ্ছুকপাবনা","আমি বাবা-মায়ের একমাত্র ছেলে, আমার দুটি ছোট বোন আছে। ২০০৫ সালে ধর্ম বদলানোর পর থেকে পরিবার ছেড়ে আলাদা থাকি, বাড়ির কারও সঙ্গে যোগাযোগ নেই। কিছুদিন আগে বাবা মারা গেছেন। শুনছি, বাবার রেখে যাওয়া সম্পত্তি নাকি তাঁর ভাতিজারা পাবে। কথাটা কতখানি ঠিক?",yes,Removed district in the sign-off ('name withheld' + district).,Sifat
prot_0053_04,Iftiaq,70,আমার স্বামী মারা গেছেন ১৯৯১ সালে। তখন তাঁর মা-বাবা জীবিত ছিলেন। এখন আমার স্বামীর মা-বাবা দুজনই মৃত। আমার স্বামী কিছু সম্পত্তি কিনে নিজ নামে নিবন্ধন করেছিলেন। তাঁর নামেই নামজারি আছে। মা-বাবা মারা যাওয়ার পর স্বামীর ভাইয়েরা তাঁর সম্পত্তির তিন ভাগের এক ভাগ দাবি করছেন।আমার স্বামীর ওয়ারিশ হিসেবে আমি এবং আমার দুই ছেলে ও দুই মেয়ে রয়েছে। এখন এই সম্পত্তি কি শুধু আমরা পাব? না তাঁর ভাইয়েরাও আংশিক পাবে?নাম প্রকাশে অনিচ্ছুক,"আমার স্বামী মারা গেছেন ১৯৯১ সালে, তখন তাঁর বাবা-মা বেঁচে ছিলেন। এখন শ্বশুর-শাশুড়ি দুজনেই মারা গেছেন। আমার স্বামী নিজে কিছু সম্পত্তি কিনে নিজের নামে রেজিস্ট্রি করেছিলেন, নামজারিও তাঁর নামেই আছে। শ্বশুর-শাশুড়ি মারা যাওয়ার পর স্বামীর ভাইয়েরা সেই সম্পত্তির তিন ভাগের এক ভাগ দাবি করছেন। স্বামীর ওয়ারিশ বলতে আছি আমি, আমার দুই ছেলে আর দুই মেয়ে। এখন কি এই সম্পত্তি শুধু আমরাই পাব, নাকি তাঁর ভাইয়েরাও কিছু অংশ পাবেন?",no,Dropped the 'name withheld' sign-off.,Sifat
prot_0054_04,Iftiaq,102,"পরিবারের সদস্যদের মধ্যে আমি ছোট এবং শিক্ষাগত যোগ্যতার (স্নাতকোত্তর) দিক দিয়ে এগিয়ে। আর আমার বাবা, মা ও ভাই গোঁড়ামির দিক দিয়ে এগিয়ে। তাঁরা বলেন, মেয়েদের বাবা, ভাই বা স্বামী ছাড়া চলাফেরা করা উচিত নয়। তাঁরা আমার বন্ধুদের সঙ্গে মেশাকে অস্বাভাবিক চোখে দেখেন এবং বন্ধুবান্ধবদের সঙ্গে চাকরির পরীক্ষা দিতে যেতে দেন না। এমনকি চাকরি পছন্দের ক্ষেত্রেও আমার মতামতের মূল্য দেওয়া হয় না। বিভিন্ন কারণে আমি স্বাধীনতাহীনতা, অধিকারহীনতা ও নিরাপত্তাহীনতা অনুভব করছি, যা একজন প্রাপ্তবয়স্ক হিসেবে আমার পক্ষে মেনে নেওয়া অসম্ভব। আমি তাঁদের বিরুদ্ধে আইনি সহায়তায় যেতে চাই। দেশে কি কোনো কার্যকর আইন আছে অভিভাবকের বিরুদ্ধে লড়ার? কীভাবে এগোলে আমি আমার প্রাপ্য অধিকার পাব?আরিফুনরাজশাহী","পরিবারে আমি সবার ছোট, আর পড়াশোনায় (স্নাতকোত্তর) সবার চেয়ে এগিয়ে। অন্যদিকে আমার বাবা, মা আর ভাই গোঁড়ামিতে এগিয়ে। তাঁদের কথা, মেয়েদের বাবা, ভাই বা স্বামী ছাড়া বাইরে চলাফেরা করা ঠিক না। বন্ধুদের সঙ্গে মেলামেশাকে তাঁরা খারাপ চোখে দেখেন, বন্ধুদের সঙ্গে চাকরির পরীক্ষা দিতে যেতেও দেন না। এমনকি কোন চাকরি করব, সেখানেও আমার মতের কোনো দাম দেওয়া হয় না। নানা কারণে নিজেকে স্বাধীনতাহীন, অধিকারহীন আর অনিরাপদ মনে হচ্ছে, যা একজন প্রাপ্তবয়স্ক মানুষ হিসেবে মেনে নেওয়া আমার পক্ষে অসম্ভব। আমি তাঁদের বিরুদ্ধে আইনের সাহায্য নিতে চাই। অভিভাবকের বিরুদ্ধে লড়ার মতো কোনো কার্যকর আইন কি দেশে আছে? কীভাবে এগোলে আমার প্রাপ্য অধিকার আদায় করতে পারব?",yes,"Removed signature (name, district).",Sifat
prot_0056_02,Iftiaq,53,একটি সরকারি নির্মাণ অধিদপ্তরের তালিকাভুক্ত ঠিকাদার গত বছর মারা যান। তিনি তাঁর ছেলেকে এফিডেভিটের মাধ্যমে প্রতিষ্ঠানের ব্যবস্থাপনা পরিচালক হিসেবে মনোনীত করে গেছেন। কিন্তু অধিদপ্তরের ঊর্ধ্বতন কর্তৃপক্ষকে বিষয়টি না জানিয়ে অথবা আইনানুগ অনুমতি ছাড়াই তাঁর ছেলে ঠিকাদারি প্রতিষ্ঠানটি চালাচ্ছেন। চুক্তি সম্পাদনে বা মৃত ঠিকাদারের নামে চেক ইস্যুতে কোনো আইনি বাধা আছে কি?নাম প্রকাশে অনিচ্ছুক,"সরকারের একটা নির্মাণ অধিদপ্তরে নাম লেখানো এক ঠিকাদার গত বছর মারা গেছেন। হলফনামা দিয়ে তিনি তাঁর ছেলেকে প্রতিষ্ঠানের এমডি (ব্যবস্থাপনা পরিচালক) করে গেছেন। কিন্তু অধিদপ্তরের বড় কর্তাদের কিছু না জানিয়ে, বা আইন মেনে অনুমতি না নিয়েই ছেলে ঠিকাদারি ব্যবসাটা চালাচ্ছেন। এ অবস্থায় চুক্তি সই করা বা মারা যাওয়া ঠিকাদারের নামে চেক ইস্যু করায় কি আইনের কোনো বাধা আছে?",no,Dropped the 'name withheld' sign-off.,Sifat
prot_0058_02,Iftiaq,85,"আমার বোনের সন্তান ছিল না, আত্মীয়স্বজনের পরামর্শে একটি মেয়েশিশু দত্তক নেওয়ার কয়েক বছর পর তাঁর একটি কন্যাসন্তান জন্ম নেয়। দত্তক নেওয়া মেয়েটিকে তিনি নিজের মেয়ের মতো আদর, ভালোবাসা ও অধিকার দিয়ে বড় করেছেন। ধুমধাম করে পালিত মেয়েটির বিয়ে দিয়েছেন এবং তার দুই মেয়ে হয়েছে। বোন সরকারি চাকরি করেন, আর পাঁচ-ছয় বছর পর অবসরে যাবেন। তিনি চান, তাঁর সব অর্থ, সম্পদ দুই মেয়ের মধ্যে সমানভাবে দিয়ে যেতে, যাতে তাঁর অবর্তমানে পালিত মেয়ে কোনো অংশ থেকে বঞ্চিত না হয়। তাঁর পুত্রসন্তান নেই। এ জন্য কী করতে হবে?","আমার বোনের কোনো সন্তান ছিল না। আত্মীয়স্বজনের পরামর্শে তিনি একটা মেয়েশিশু দত্তক নেন, আর তার কয়েক বছর পর তাঁর নিজের একটা মেয়ে হয়। দত্তক নেওয়া মেয়েটিকে তিনি নিজের মেয়ের মতোই আদর-ভালোবাসা আর অধিকার দিয়ে মানুষ করেছেন। বেশ ধুমধাম করে পালিত মেয়ের বিয়েও দিয়েছেন, তার এখন দুটি মেয়ে। বোন সরকারি চাকরি করেন, আর পাঁচ-ছয় বছর পর অবসরে যাবেন। তিনি চান তাঁর সব টাকাপয়সা আর সম্পদ দুই মেয়ের মধ্যে সমান ভাগ করে দিয়ে যেতে, যাতে তিনি না থাকলে পালিত মেয়ে কোনো ভাগ থেকে বঞ্চিত না হয়। তাঁর কোনো ছেলে নেই। এর জন্য কী করতে হবে?",no,,Sifat
prot_0059_04,Iftiaq,114,"আমরা তিন ভাই ও এক বোন। আমরা যখন ছোট ছিলাম, আমার বাবা আমাদের বাড়ির এক কাজের মেয়েকে বিয়ে করেছিলেন। ওই পক্ষের একটি পুত্রসন্তানও হয়েছিল আমাদের বাড়িতেই। এর কিছুদিন পরই একদিন গ্রাম্য সালিসের মাধ্যমে আমার বাবা ওই মেয়েটিকে তালাক দেন। সালিসে আমার বাবার ১০ হাজার টাকা জরিমানা হয়, যা তিনি মেয়েটির অভিভাবকের হাতে দেন এবং শিশুপুত্রকে তার মা অর্থাৎ মেয়েটির কাছে দিয়ে দেন। সেই সন্তানের বয়স এখন আনুমানিক ১৬-১৭ বছর। আমার প্রশ্ন, বাবার ওই সন্তান বাবার সম্পত্তির কোনো অংশ পাবে কি না? আমার বাবা যদি আমাদের তিন ভাইয়ের নামে বাবার স্থাবর-অস্থাবর সম্পত্তি দানপত্র করে দলিল করে দেন, তাহলে ভবিষ্যতে ওই ছেলে কি (বাবা মারা যাওয়ার পর) আমাদের কাছ থেকে আইনের মাধ্যমে সম্পত্তির কোনো অংশীদার হবে?","আমরা তিন ভাই আর এক বোন। আমরা যখন ছোট, তখন বাবা আমাদের বাড়ির এক কাজের মেয়েকে বিয়ে করেছিলেন। আমাদের বাড়িতেই ওই ঘরে একটা ছেলের জন্ম হয়। এর কিছুদিন পরই গ্রামের সালিসে বাবা মেয়েটিকে তালাক দেন। সালিসে বাবার ১০ হাজার টাকা জরিমানা হয়; টাকাটা তিনি মেয়েটির অভিভাবকের হাতে তুলে দেন, আর শিশু ছেলেটিকে তার মায়ের কাছে দিয়ে দেন। সেই ছেলের বয়স এখন আনুমানিক ১৬-১৭ বছর। আমার প্রশ্ন, বাবার ওই ছেলে কি বাবার সম্পত্তির কোনো ভাগ পাবে? বাবা যদি তাঁর স্থাবর-অস্থাবর সব সম্পত্তি আমাদের তিন ভাইয়ের নামে দানপত্র দলিল করে দেন, তাহলেও কি ভবিষ্যতে (বাবার মৃত্যুর পর) ওই ছেলে আইনের পথে গিয়ে আমাদের কাছ থেকে সম্পত্তির ভাগ নিতে পারবে?",no,,Sifat
prot_0061_02,Iftiaq,51,আমার মাত্র একজন কন্যাসন্তান। আমার নিজের কোনো ভাইবোন নেই। আমার নিজ নামে কোনো সম্পত্তি থাকলে আমার অবর্তমানে সেই সম্পত্তির মালিক কে হবে? আমার চাচাতো ভাইবোনেরা কি সেই সম্পত্তির মালিক হবে? হেবা দলিল মানে কি উইল করা? অপ্রাপ্তবয়স্ক কারও নামে হেবা দলিল করা যায় কি? প্রয়োজনে হেবা বাতিল করা যায়?নাম প্রকাশে অনিচ্ছুক,"আমার কেবল একটাই মেয়ে, আর আমার নিজের কোনো ভাইবোন নেই। আমার নিজের নামে যদি কোনো সম্পত্তি থাকে, আমি না থাকলে সেটার মালিক কে হবে? চাচাতো ভাইবোনেরা কি সেই সম্পত্তির মালিক হয়ে যাবে? হেবা দলিল করা মানে কি উইল করা? নাবালক কারও নামে কি হেবা দলিল করা যায়? দরকার পড়লে কি হেবা বাতিলও করা যায়?",no,Dropped the 'name withheld' sign-off.,Sifat
prot_0062_04,Iftiaq,141,"১৯৯৮ সালে আমার বিয়ে হয়। দুটি সন্তান আছে। প্রথম সন্তান হওয়ার পর থেকে আমার স্বামী প্রায়ই আমাকে মানসিক ও শারীরিকভাবে নির্যাতন করতে থাকে। এর কারণহলো তার অন্য নারীর সঙ্গে সম্পর্ক। হঠাৎ একদিন অন্যের স্ত্রীকে বাড়িতে নিয়ে এসে ওই নারীকে বিয়ে করেছে বলে লিখিত নোটারি করা স্ট্যাম্প দেখায় এবং ওই নারী তার আগের স্বামীকে তালাক দিয়েছে বলে নোটারি করা তালাকের হলফনামা দেখায়।এ ঘটনার পর আমি আমার সন্তানদের নিয়ে বাবার বাড়িতে আশ্রয় নিই। পরে সামাজিকভাবে তার ওই বিয়ে কেউ মেনে নেয়নি বলে আমার স্বামী সেই নারীকে অন্যত্র পাঠিয়ে দেয়। সমাজের চাপে ১৫০ টাকার সরকারি স্ট্যাম্পে কিছু শর্তের অঙ্গীকারনামায় সই করে এবংআমাকে তার বাড়িতে নিয়ে যায়। কিন্তু সাত মাস পার হলেও সে অঙ্গীকারনামার কোনো শর্ত পূরণ করেনি বা মানেনি। আমার প্রশ্ন, আমার স্বামী এবং ওই নারীর বিয়ে বৈধ হয়েছে কি? অঙ্গীকারনামার শর্ত না মানার কারণে তার বিরুদ্ধে আমি আইনগত কোনো ব্যবস্থা নিতে পারব কি?","১৯৯৮ সালে আমার বিয়ে হয়, দুটি সন্তান আছে। প্রথম বাচ্চা হওয়ার পর থেকেই স্বামী প্রায়ই আমাকে মানসিক আর শারীরিকভাবে নির্যাতন করত; কারণ, অন্য এক নারীর সঙ্গে ওর সম্পর্ক। হঠাৎ একদিন সে আরেকজনের স্ত্রীকে বাড়িতে এনে হাজির করে, নোটারি করা স্ট্যাম্প দেখিয়ে বলে ওই নারীকে সে বিয়ে করেছে, আর ওই নারী যে তার আগের স্বামীকে তালাক দিয়েছে তার নোটারি করা হলফনামাও দেখায়। এ ঘটনার পর আমি বাচ্চাদের নিয়ে বাবার বাড়িতে আশ্রয় নিই। পরে সমাজের কেউ ওই বিয়ে মেনে না নেওয়ায় স্বামী ওই নারীকে অন্য জায়গায় পাঠিয়ে দেয়। সমাজের চাপে পড়ে ১৫০ টাকার সরকারি স্ট্যাম্পে কিছু শর্ত দিয়ে একটা অঙ্গীকারনামায় সই করে সে আমাকে আবার নিজের বাড়িতে নিয়ে যায়। কিন্তু সাত মাস পেরিয়ে গেলেও অঙ্গীকারনামার একটা শর্তও সে মানেনি বা পূরণ করেনি। আমার প্রশ্ন, আমার স্বামী আর ওই নারীর বিয়ে কি বৈধ হয়েছে? অঙ্গীকারনামার শর্ত না মানার জন্য আমি কি ওর বিরুদ্ধে আইনি ব্যবস্থা নিতে পারব?",no,,Sifat
prot_0062_08,Iftiaq,135,"আমার নানারা তিন ভাই। আমার নানা মেজো। আমার মা ছাড়া নানার আর কোনো সন্তান নেই। ইসলামি আইনে নানার মৃত্যুর পর অপর দুই ভাই তাঁর সম্পত্তির অংশীদার। তাঁরা যাতে অংশীদার না হন, সে জন্য আমার বাবা ১৯৮৮ সালে হেবা করে সব সম্পত্তি আমার মায়ের নামে নিয়ে নেন। এখন কেউ কেউ বলেন, হেবা করাতে নানার মৃত্যুর পর তাঁর অপর ভাইয়েরা বা ভাইয়ের সন্তানেরা যদি আদালতে মামলা করে, তাহলে তাঁরা তাঁদের প্রাপ্য অংশ পাবেন এবং ভোগদখল করতে পারবেন। আবার কেউ কেউ বলেন, হেবাকৃত জায়গাজমি কেউ কিনতে চায় না এবং বিক্রি করতেও নাকি অনেক ঝামেলা পোহাতে হয়। আমার নানা এখনো জীবিত। আমি শুনেছি, বাংলাদেশ সরকার পিতা-মাতা, সন্তান, স্ত্রীর জন্য নতুন একটি হেবার পদ্ধতি চালু করেছে, যাতে হেবাটি খুব শক্তপোক্ত হয় এবং প্রতিপক্ষ দ্বারা হয়রানি হওয়ার আশঙ্কা থাকে না। এখন কি এই নিয়মে নতুন হেবা করতে হবে? নাম প্রকাশে অনিচ্ছুক","আমার নানারা তিন ভাই, নানা মেজো। মা ছাড়া নানার আর কোনো সন্তান নেই। ইসলামি আইনে নানা মারা গেলে তাঁর বাকি দুই ভাইও সম্পত্তির ভাগ পাবেন। তাঁরা যাতে ভাগ না পান, সে জন্য ১৯৮৮ সালে আমার বাবা হেবা করিয়ে সব সম্পত্তি মায়ের নামে নিয়ে নেন। এখন কেউ কেউ বলছেন, হেবা করা হলেও নানার মৃত্যুর পর তাঁর ভাইয়েরা বা ভাইয়ের ছেলেমেয়েরা আদালতে মামলা করলে নিজেদের পাওনা ভাগ পাবেন, দখলও নিতে পারবেন। আবার কেউ বলছেন, হেবা করা জমি কেউ কিনতে চায় না, বেচতে গেলেও নাকি অনেক ঝামেলা। নানা এখনো বেঁচে আছেন। শুনেছি, সরকার বাবা-মা, সন্তান আর স্ত্রীর জন্য হেবার একটা নতুন পদ্ধতি চালু করেছে, যাতে হেবা খুব পাকাপোক্ত হয় আর প্রতিপক্ষের হয়রানির ভয় থাকে না। তাহলে কি এখন এই নিয়মে নতুন করে হেবা করতে হবে?",no,Dropped the 'name withheld' sign-off.,Sifat
prot_0064_02,Iftiaq,208,"আমি ২০০৭ সালে পারিবারিকভাবে বিয়ে করি। বিয়ের আগে থেকে আমার স্ত্রীর এক ছেলের সঙ্গে প্রেম ছিল। আমি জানতাম না। বিয়ের দিনই সে বলে দেয়, সে ওই ছেলেকে বিয়ে করবে। সে ওই ছেলের সঙ্গে সব সময় যোগাযোগ করত। ইচ্ছামতো বাসা থেকে চলে যেত। বাধা দেওয়ার চেষ্টা করলে নারী নির্যাতনের মামলার ভয় দেখাত। একদিন আমি অফিসে থাকাকালীন আমার সব জিনিসপত্র নিয়ে তাদের বাসায় চলে যায়। তাদের বাসায় যাওয়ার পর আমার বিরুদ্ধে নারীনির্যাতন ও যৌতুক আইনে মামলা করে। মামলায় আদালত আমার জামিন মঞ্জুর করেন। আদালত আমার স্ত্রীকে জিজ্ঞেস করেন, সে এখন সংসার করবে কি না। সে সরাসরি না করে দেয়। আদালত উভয় পক্ষকে বসে মীমাংসা করে আদালতকে জানাতে বলেন। একদিন উভয় পক্ষের উকিলসহ দুই পক্ষ বসে মীমাংসা করার জন্য। কিন্তু ব্যর্থ হয়। আমার মোহরানা ছিল ছয় লাখ টাকা। দুই লাখ টাকা উসুল ছিল। আমার স্ত্রী চার লাখ টাকা এককালীন আদায় করতে চায়। আমার সামর্থ্য না থাকায় আমি এককালীন পরিশোধ করতে পারব না বলে সরাসরি জানিয়ে দিই। আমার ইচ্ছা ছিল আমি কিস্তিতে শোধ করব। কিন্তু আমি আমার স্ত্রীকে তালাক দেব না। সে আমাকে স্বেচ্ছায় তালাক দেবে।আমার প্রশ্ন, আমার স্ত্রী স্বেচ্ছায় আমাকে তালাক দিলে কি আমাকে সব টাকা দিতে হবে, নাকি অন্য কোনো নিয়ম আছে? আর আমাকে তালাক দিলে সব মোহরানার টাকা কি একসঙ্গে শোধ করতে হবে, নাকি কিস্তির মাধ্যমে শোধ করতে হবে?","২০০৭ সালে পারিবারিকভাবে আমার বিয়ে হয়। বিয়ের আগে থেকেই যে আমার বউয়ের এক ছেলের সঙ্গে প্রেম ছিল, আমি জানতাম না। বিয়ের দিনই সে জানিয়ে দেয়, সে ওই ছেলেকেই বিয়ে করবে। ওই ছেলের সঙ্গে সারাক্ষণ যোগাযোগ রাখত, যখন খুশি বাসা থেকে বেরিয়ে যেত। বাধা দিতে গেলে নারী নির্যাতনের মামলার ভয় দেখাত। একদিন আমি অফিসে থাকার সময় সে আমার সব জিনিসপত্র নিয়ে ওদের বাসায় চলে যায়। সেখানে গিয়ে আমার বিরুদ্ধে নারী নির্যাতন আর যৌতুক আইনে মামলা করে। মামলায় আদালত আমার জামিন মঞ্জুর করেন। আদালত বউকে জিজ্ঞেস করেন, সে সংসার করবে কি না; সে সোজা না বলে দেয়। তখন আদালত দুই পক্ষকে বসে মীমাংসা করে জানাতে বলেন। একদিন দুই পক্ষের উকিলসহ আমরা মীমাংসার জন্য বসি, কিন্তু কোনো ফল হয়নি। আমার মোহরানা ছিল ছয় লাখ টাকা, তার মধ্যে দুই লাখ উসুল ছিল। বউ বাকি চার লাখ টাকা একবারে আদায় করতে চায়। সামর্থ্য নেই বলে আমি পরিষ্কার জানিয়ে দিয়েছি যে একসঙ্গে দিতে পারব না; আমার ইচ্ছা ছিল কিস্তিতে শোধ করব। তবে আমি নিজে তাকে তালাক দেব না, সে নিজের ইচ্ছায় আমাকে তালাক দেবে। আমার প্রশ্ন, বউ নিজে থেকে তালাক দিলে কি আমাকে সব টাকা দিতে হবে, নাকি অন্য কোনো নিয়ম আছে? আর তালাক দিলে পুরো মোহরানার টাকা কি একসঙ্গে দিতে হবে, নাকি কিস্তিতে দেওয়া যাবে?",no,,Sifat
prot_0065_02,Iftiaq,83,"আমার বাবা একজন সরকারি চাকরিজীবী। আমরা তিন বোন। আমার কোনো ভাই নেই। বাবা কিছুদিন পর চাকরি থেকে অবসর নেবেন। আমার বাবার দুই ভাই ও দুই বোন। আমার দাদি এখনও বেঁচে আছেন। আমার চাচা, ফুফু ও দাদি বাবার পেনশনের টাকার অংশীদার হতে চান।প্রশ্ন হচ্ছে, তাঁরা আইনগতভাবে কি এই টাকার অংশীদার হবেন? পেনশনের পুরো টাকা কি আমাদের তিন বোনের প্রাপ্য? আমার বাবা যদি নিজ ইচ্ছায় এই টাকা থেকে কিছু তাঁদের দিয়ে দেন, তবে আইনগতভাবে আমাদের, মানে তিন বোনের ও আমার মায়ের করণীয় কী?নাম প্রকাশে অনিচ্ছুক","আমার বাবা সরকারি চাকরি করেন। আমরা তিন বোন, কোনো ভাই নেই। কিছুদিন পরই বাবা চাকরি থেকে অবসরে যাবেন। বাবার দুই ভাই আর দুই বোন আছেন, আর আমার দাদি এখনো বেঁচে আছেন। চাচা, ফুফু আর দাদি বাবার পেনশনের টাকার ভাগ চাইছেন। প্রশ্ন হলো, আইন অনুযায়ী তাঁরা কি এই টাকার ভাগ পাবেন? পেনশনের পুরো টাকাটা কি আমাদের তিন বোনের পাওনা? আর বাবা যদি নিজের ইচ্ছায় এই টাকা থেকে কিছু তাঁদের দিয়ে দেন, তখন আইনগতভাবে আমাদের—মানে তিন বোন আর মায়ের—কী করার আছে?",no,Dropped the 'name withheld' sign-off.,Sifat
prot_0066_01,Iftiaq,48,"আমি বিয়ে করেছি ১৬ বছর আগে। বিয়ে হয়েছিল ঢাকায় এবং আমার ইচ্ছার বিরুদ্ধে। তাই চালাকি করে বিয়ে নিবন্ধনের সময় মা-বাবার নাম সঠিক রেখে ভুল ঠিকানা দিয়েছিলাম। বর্তমানে আমার স্ত্রী ও ছেলেমেয়ে আমার সঙ্গে আছে। এখন প্রশ্ন হচ্ছে, মুসলিম বিবাহ আইনে কোনো এই বিয়েতে প্রকার সমস্যা আছে কি না?","১৬ বছর আগে ঢাকায় আমার বিয়ে হয়, আর বিয়েটা হয়েছিল আমার অমতে। তাই কৌশল করে বিয়ে নিবন্ধনের সময় বাবা-মায়ের নাম ঠিক রাখলেও ঠিকানা ভুল দিয়েছিলাম। এখন বউ আর ছেলেমেয়েরা আমার সঙ্গেই থাকে। প্রশ্ন হলো, মুসলিম বিবাহ আইনে এই বিয়েতে কি কোনো ধরনের সমস্যা আছে?",no,,Sifat
prot_0066_07,Iftiaq,117,"আমার দাদা মারা যাওয়ার সময় তাঁর তিন ছেলে ও তিন মেয়ে রেখে যান। আমার বড় চাচা মানসিক ভারসাম্যহীন এবং অবিবাহিত অবস্থায় মারা যান। বড় চাচা মারা যাওয়ার কয়েক বছর আগে আমার বাবা নিখোঁজ হন, ১৮-১৯ বছর পরও তাঁর খোঁজ পাইনি। আমার বাবার সংসারে মা, আমরা দুই ভাই ও এক বোন। আমার ছোট চাচার সংসারে চাচা, চাচি, চাচার দুই ছেলে ও তিন মেয়ে।বড় চাচা মারা যাওয়ার আগে আমার বাবা নিখোঁজ হওয়ার কারণে কিংবা খোঁজাখুঁজির পরও না পাওয়ায় তাঁকে মৃত বলে মনে করি। বড় চাচা মারা যাওয়ার আগে আমার বাবা (পরিবারের মেজ ছেলে) হারিয়ে যাওয়া কিংবা মারা যাওয়াতে আমরা বড় চাচার সম্পত্তি থেকে বঞ্চিত হব কি? যদি না হই, বড় চাচার সম্পত্তি আমাদের মধ্যে কীভাবে বণ্টন হবে? মঞ্জুর আলমচট্টগ্রাম","দাদা মারা যাওয়ার সময় তিন ছেলে আর তিন মেয়ে রেখে যান। আমার বড় চাচা মানসিক ভারসাম্যহীন ছিলেন, অবিবাহিত অবস্থাতেই মারা যান। বড় চাচা মারা যাওয়ার কয়েক বছর আগে আমার বাবা নিখোঁজ হন; ১৮-১৯ বছর পেরিয়ে গেলেও তাঁর কোনো খোঁজ পাইনি। বাবার সংসারে আছেন মা, আমরা দুই ভাই আর এক বোন। ছোট চাচার সংসারে চাচা, চাচি, তাঁদের দুই ছেলে আর তিন মেয়ে। বড় চাচার মৃত্যুর আগেই বাবা নিখোঁজ হওয়ায়, আর এত খোঁজাখুঁজির পরও না পাওয়ায়, আমরা তাঁকে মৃত বলেই ধরে নিয়েছি। বড় চাচার মৃত্যুর আগে বাবা (পরিবারের মেজো ছেলে) হারিয়ে যাওয়ায় বা মারা যাওয়ায় কি আমরা বড় চাচার সম্পত্তি থেকে বঞ্চিত হব? যদি না হই, তাহলে বড় চাচার সম্পত্তি আমাদের মধ্যে কীভাবে ভাগ হবে?",yes,"Removed signature (name, district).",Sifat
prot_0068_04,Iftiaq,203,"আমি একটি ছেলেকে ভালোবাসতাম। সে আমার ছোটবেলার খেলার সাথি। বড় হয়ে সম্পর্ক হয়। আমি স্কুলে চাকরি করি। ভাড়া বাসায় থাকি। বাড়িওয়ালা আমাদের সম্পর্কের কথা জানতেন। ছেলেটি আমাকে না জানিয়ে অন্য মেয়েকে বিয়ের সিদ্ধান্ত নেয়। এ কথা শুনে বাড়িওয়ালা আমাদের বিয়ে দেন। নোটারি পাবলিকের মাধ্যমে বিয়ে হয়। বিয়ের সময় উভয় পক্ষের দু-একজন আত্মীয়স্বজন ছিলেন। ছেলে আমাকে এক সপ্তাহ পর নিয়ে যাবে বলে আমার এক আত্মীয়ের বাসায় রেখে যায়। কিন্তু সে আর আসে না। তার বাসায় গেলে সে আমাকে অস্বীকার করে। আমি তার বাসায় থেকে গেলাম। কিন্তু সে আমাকে অত্যাচার করা শুরু করল। শুধু তা-ই নয়, বাসার কাজের লোকেরাও আমাকে অপমান করে। সে বলে, আমার সঙ্গে তার সংসার করা সম্ভব নয়। আমি প্রায় দুই মাস থেকেছি। এর মধ্যেও কিন্তু তার সঙ্গে দৈহিক সম্পর্ক হয়েছে। আমি চাকরির জন্য আবার ঢাকায় চলে আসি। পরেরবার গিয়ে দেখি সে বাসা বদল করেছে আমাকে না জানিয়ে। আমি কোনো উপায় না পেয়ে আইন ও সালিশ কেন্দ্রের মাধ্যমে মামলা করি। কিন্তু সে মোটা অঙ্কের টাকা খরচ করে হাইকোর্ট থেকে আগাম জামিন পায়। সে বিত্তশালী। হিন্দু আইনে কি তালাকের ব্যবস্থা নেই? মামলা চলাকালে সে কি বিয়ে করতে পারবে? সে ইদানীং বিয়ে করার জন্য মেয়ে দেখে বেড়াচ্ছে। এ জন্য আমাদের বিয়েটাকেও অস্বীকার করছে। এমনি যদি করবে, তাহলে আমাকে বিয়ে করল কেন? সঠিক পরামর্শ চাই","একটা ছেলেকে আমি ভালোবাসতাম, ছোটবেলার খেলার সাথি। বড় হয়ে আমাদের সম্পর্ক হয়। আমি একটা স্কুলে চাকরি করি, ভাড়া বাসায় থাকি। বাড়িওয়ালা আমাদের সম্পর্কের কথা জানতেন। ছেলেটি আমাকে না জানিয়ে অন্য একটা মেয়েকে বিয়ে করার সিদ্ধান্ত নেয়। এটা শুনে বাড়িওয়ালাই আমাদের বিয়ে দিয়ে দেন। নোটারি পাবলিকের মাধ্যমে বিয়ে হয়, দুই পক্ষের দু-একজন আত্মীয়ও উপস্থিত ছিলেন। এক সপ্তাহ পর নিয়ে যাবে বলে ছেলেটি আমাকে আমার এক আত্মীয়ের বাসায় রেখে যায়, কিন্তু আর ফিরে আসে না। ওর বাসায় গেলে সে আমাকে অস্বীকার করে। আমি তবু ওর বাসাতেই থেকে যাই, কিন্তু সে আমার ওপর অত্যাচার শুরু করে। শুধু তা-ই না, বাসার কাজের লোকেরাও আমাকে অপমান করত। সে বলত, আমার সঙ্গে সংসার করা ওর পক্ষে সম্ভব না। প্রায় দুই মাস ওখানে ছিলাম, এর মধ্যে ওর সঙ্গে দৈহিক সম্পর্কও হয়েছে। চাকরির জন্য আবার ঢাকায় ফিরে আসি। পরেরবার গিয়ে দেখি, আমাকে না জানিয়ে সে বাসা বদলে ফেলেছে। কোনো উপায় না দেখে আইন ও সালিশ কেন্দ্রের মাধ্যমে মামলা করি। কিন্তু সে অনেক টাকা খরচ করে হাইকোর্ট থেকে আগাম জামিন নিয়ে নেয়; ওর টাকাপয়সার অভাব নেই। হিন্দু আইনে কি তালাকের কোনো ব্যবস্থা নেই? মামলা চলার মধ্যে কি সে আরেকটা বিয়ে করতে পারবে? ইদানীং সে বিয়ের জন্য মেয়ে দেখে বেড়াচ্ছে, আর সে জন্যই আমাদের বিয়েটাও অস্বীকার করছে। এমনই যদি করবে, তাহলে আমাকে বিয়ে করল কেন? সঠিক পরামর্শ চাই।",no,,Sifat
prot_0069_05,Iftiaq,125,"আমার বয়স ২৯ বছর। প্রায় তিন বছর আগে পরিবারের অমতে কোর্টে গিয়ে বিয়ে করেছিলাম। বিয়ের কিছুদিন পর বিভিন্ন কারণে আমার পরিবারের সদস্যরা চায়নি, আমি আমার সংসার করি। সব সময় তারা বলত, আমি যেন আমার স্বামীকে তালাক দিয়ে দিই। বাবার বাড়ি এলে আমাকে স্বামীর বাড়ি যেতে মানা করত। তারা মনে করত, আমাদের সঙ্গে আমার স্বামীর পরিবারের আভিজাত্যের বিরাট অমিল। আসলে আমার স্বামীকেই তারা পছন্দ করত না। একসময় আমিও পরিবারের কথায় আমার স্বামীকে তালাক দিই। এখন আমি বুঝতে পারছি, ভুল করেছি। আমার আত্মীয়রা এখন আমার ভবিষ্যৎ নিয়ে ভাবে না। আমি টিউশনি করে আমার খরচ চালাই। এখন আমি আমার স্বামীর সংসারে পুনরায় ফিরে যেতে চাই। আমার স্বামীরও সমর্থন আছে। কিন্তু আমাদের দুই পরিবারের কোনো সম্মতি নেই। আমরা কি এখন কোর্টে গিয়ে নিজেরাই বিবাহবন্ধনে আবদ্ধ হতে পারব?নাম প্রকাশে অনিচ্ছুক","আমার বয়স ২৯। প্রায় তিন বছর আগে পরিবারের অমতে আদালতে গিয়ে বিয়ে করেছিলাম। বিয়ের কিছুদিন পর নানা কারণে পরিবারের লোকজন চাইত না যে আমি সংসার করি। সারাক্ষণ বলত, আমি যেন স্বামীকে তালাক দিয়ে দিই। বাবার বাড়িতে এলে আর শ্বশুরবাড়ি যেতে দিত না। ওদের ধারণা, স্বামীর পরিবারের সঙ্গে আমাদের বংশমর্যাদার বিরাট তফাত। আসলে আমার স্বামীকেই ওরা পছন্দ করত না। শেষে একসময় পরিবারের কথায় আমিও স্বামীকে তালাক দিয়ে দিই। এখন বুঝতে পারছি, ভুল করেছি। আত্মীয়স্বজন এখন আর আমার ভবিষ্যৎ নিয়ে মাথা ঘামায় না। টিউশনি করে নিজের খরচ চালাই। এখন আমি আবার স্বামীর সংসারে ফিরে যেতে চাই, আমার স্বামীও তাতে রাজি। কিন্তু দুই পরিবারের কেউই রাজি না। আমরা কি এখন নিজেরাই আদালতে গিয়ে আবার বিয়ে করতে পারব?",no,Dropped the 'name withheld' sign-off.,Sifat
prot_0072_02,Iftiaq,98,"আমার বয়স যখন দশ মাস, তখন আমার বাবা মারা যান। আমি নবম শ্রেণীতে ওঠার পর থেকে আমার বাবার রেখে যাওয়া সম্পত্তি দেখাশোনা করছি। আমার বাবার নামে কতটুকু জমি, তার হিসাব আমি জানি না। আমার আত্মীয়স্বজন, পাড়া-প্রতিবেশীরা বলে, আমি যতটুকু জমি ভোগ করছি, আমার বাবার জমির পরিমাণ নাকি তার চেয়ে বেশি। প্রসঙ্গত, আমার বাবাকে তাঁর নানা জমি লিখে দিয়েছিলেন। জমি লিখে দেওয়ার কয়েক বছর পর আমাদের বাড়িতে আগুন লেগে সব দলিলপত্র পুড়ে যায়।এখন আমার প্রশ্ন হলো, আমি কীভাবে আমার বাবার জমির পরিমাণ জানব?আমার আরেকটি প্রশ্ন হলো, আমার বাবার সম্পত্তিতে আমার দাদির কোনো অংশ আছে কি?আমি আমার বাবার একমাত্র সন্তান","আমার বয়স যখন দশ মাস, তখন বাবা মারা যান। নবম শ্রেণিতে ওঠার পর থেকে বাবার রেখে যাওয়া জমিজমা আমিই দেখাশোনা করছি। বাবার নামে ঠিক কতটা জমি ছিল, সেই হিসাব আমার জানা নেই। আত্মীয়স্বজন আর পাড়াপড়শিরা বলে, আমি যতটুকু জমি ভোগ করছি, বাবার জমি নাকি তার চেয়ে বেশি। বলে রাখি, বাবাকে তাঁর নানা জমি লিখে দিয়েছিলেন। জমি লিখে দেওয়ার কয়েক বছর পর আমাদের বাড়িতে আগুন লেগে সব দলিলপত্র পুড়ে যায়। এখন আমার প্রশ্ন, বাবার জমির পরিমাণ আমি কীভাবে জানব? আরেকটা প্রশ্ন, বাবার সম্পত্তিতে কি আমার দাদির কোনো ভাগ আছে? আমি বাবার একমাত্র সন্তান।",no,,Sifat
prot_0074_01,Iftiaq,85,"আট বছর আগে আমার বিয়ে হয়। আমার পাঁচ বছরের একটি সন্তান আছে। কয়েক দিন আগে আমার স্বামী ১৬ বছরের একটি মেয়েকে নিয়ে পালিয়ে যান। ওই মেয়েকে তিনি বিয়ে করেছেন কি না, জানি না। ওই মেয়ের বাবা আমার স্বামীকে অভিযুক্ত করে থানায় অপহরণের মামলা করেছেন। আমার স্বামী পলাতক। লোকমুখে শুনতে পাচ্ছি, আমাকে নাকি তিনি তালাক দিয়েছেন। কিন্তু আমি তালাকের নোটিশ পাইনি। এ ব্যাপারে কোথায় খোঁজ নিয়ে জানতে পারব। আমাকে যদি তিনি তালাক দিয়ে থাকেন বা না-ও দিয়ে থাকে, তাহলে আমি কী ধরনের আইনি ব্যবস্থা গ্রহণ করব?","আট বছর আগে আমার বিয়ে হয়, পাঁচ বছরের একটা বাচ্চা আছে। কয়েক দিন আগে আমার স্বামী ১৬ বছরের একটা মেয়েকে নিয়ে পালিয়ে গেছেন। মেয়েটাকে তিনি বিয়ে করেছেন কি না, জানি না। মেয়ের বাবা আমার স্বামীর বিরুদ্ধে থানায় অপহরণের মামলা করেছেন, স্বামী এখন পলাতক। লোকের মুখে শুনছি, তিনি নাকি আমাকে তালাক দিয়েছেন, অথচ আমি কোনো তালাকের নোটিশ পাইনি। কোথায় খোঁজ নিলে ব্যাপারটা জানতে পারব? তিনি আমাকে তালাক দিয়ে থাকুন বা না-ই দিয়ে থাকুন, আমি কী ধরনের আইনি ব্যবস্থা নিতে পারি?",no,,Sifat
prot_0076_02,Iftiaq,212,"আমার বাবা ক্যানসারে আক্রান্ত হলে তড়িঘড়ি আমাদের দুই বোনকে বিয়ে দিয়ে দেন। বড় বোনের বিয়ে হয় তাঁর পছন্দের ছেলের সঙ্গে। ভালোই আছেন তাঁরা। আমার স্বামী যুক্তরাজ্যে লেখাপড়া করে। ঢাকায় বাড়ি আছে। আমি দেখতে খুব সুশ্রী বলে শ্বশুরবাড়িতে বেশ আদর পাচ্ছিলাম। কিন্তু আমার বাবা জুন মাসে মারা যাওয়ার পরই নির্যাতন শুরু হয় আমার ওপর। ঢাকায় আমার পরিবারের সঙ্গে থেকে স্নাতক (সম্মান) শ্রেণীতে পড়ছিলাম। আমার শ্বশুর আমাকে দনিয়া কলেজে ভর্তি করিয়ে স্নাতক (সম্মান) কোর্সকরায় বাদ সাধেন। স্বামী এখানে না থাকায় মা চাইছিলেন না আমি শ্বশুরবাড়ি থাকি। কিন্তু শ্বশুরের পীড়াপীড়িতে একসময় যেতে বাধ্য হই। তারপর নানা অজুহাতে শ্বশুর শারীরিক ও মানসিক নির্যাতন চালান আমার ওপর। স্বামীর কাছেও আমার সম্পর্কে অবান্তর কথাবার্তা বলেন। আমার বক্তব্য না শুনেই বিদেশ থেকে ক্ষিপ্ত হয়ে এসএমএস করতে থাকে স্বামী। এসব ঘটনা আমার মাকে জানাইনি। তিনি একদিন আমাকে দেখতে আসেন। তাঁর সঙ্গে আমার শ্বশুর এত নোংরা ব্যবহার করেন, ফলে মা বুঝতে পারেন তাঁর মেয়ে কী অবস্থায় আছে। তাৎক্ষণিকভাবেই মা আমাকে বাড়িতে নিয়ে আসেন। আমার স্বামীকে এসব জানানো হলে তালাকনামা পাঠিয়ে দেয় আমাদের ঠিকানায়। আমি জানি সে চরম বিভ্রান্ত, এ কারণে নীরবেই দিনাতিপাত করছি। কিন্তু তার কোনো সুমতি যেমন দেখছি না। তালাকনামা পাঠানোর পরও আমার মোহরানা, খোরপোশ কিছুই পরিশোধ করেনি। এ অবস্থায় আমার করণীয় কী? সে যদি সত্য উদ্ঘাটিত করে আমার সঙ্গে সংসার করতে চায়, তাহলে কীভাবে তা সম্ভব? নাম প্রকাশে অনিচ্ছুকঢাকা","বাবা ক্যানসারে আক্রান্ত হওয়ার পর তাড়াহুড়ো করে আমাদের দুই বোনের বিয়ে দিয়ে দেন। বড় বোনের বিয়ে হয় তাঁর পছন্দের ছেলের সঙ্গে, তাঁরা ভালোই আছেন। আমার স্বামী যুক্তরাজ্যে পড়াশোনা করে, ঢাকায় ওদের বাড়ি আছে। দেখতে সুন্দর বলে শ্বশুরবাড়িতে বেশ আদরই পাচ্ছিলাম। কিন্তু জুন মাসে বাবা মারা যাওয়ার পরপরই আমার ওপর নির্যাতন শুরু হয়। ঢাকায় নিজের পরিবারের সঙ্গে থেকে স্নাতক (সম্মান) পড়ছিলাম। শ্বশুর আমাকে একটা কলেজে ভর্তি করিয়ে দিয়ে আমার স্নাতক (সম্মান) পড়ায় বাধা দেন। স্বামী দেশে না থাকায় মা চাইছিলেন না যে আমি শ্বশুরবাড়িতে থাকি। কিন্তু শ্বশুরের জোরাজুরিতে একসময় যেতে বাধ্য হই। তারপর নানা ছুতোয় শ্বশুর আমার ওপর শারীরিক আর মানসিক নির্যাতন চালাতে থাকেন, স্বামীর কাছেও আমার নামে আজেবাজে কথা বলেন। আমার কথা না শুনেই স্বামী বিদেশ থেকে রেগে গিয়ে একের পর এক এসএমএস পাঠাতে থাকে। এসব কথা আমি মাকে জানাইনি। একদিন মা আমাকে দেখতে এলে শ্বশুর তাঁর সঙ্গে এমন নোংরা ব্যবহার করেন যে মা বুঝে যান তাঁর মেয়ে কী অবস্থায় আছে। সঙ্গে সঙ্গেই মা আমাকে বাড়ি নিয়ে আসেন। স্বামীকে এসব জানানো হলে সে আমাদের ঠিকানায় তালাকনামা পাঠিয়ে দেয়। আমি জানি সে ভীষণ বিভ্রান্ত, তাই চুপচাপ দিন কাটাচ্ছি। কিন্তু তার সুবুদ্ধি ফেরার কোনো লক্ষণও দেখছি না। তালাকনামা পাঠানোর পরও মোহরানা বা খোরপোশ কিছুই দেয়নি। এ অবস্থায় আমার কী করা উচিত? আর সে যদি আসল সত্যটা বুঝে আমার সঙ্গে সংসার করতে চায়, তাহলে সেটা কীভাবে সম্ভব?",yes,Generalised the named college; removed city in the sign-off ('name withheld' + city).,Sifat
prot_0077_02,Iftiaq,138,"আমি এমএসএস দ্বিতীয় বর্ষের ছাত্রী। ২০০৬ সালে আমার বিয়ে হয়। আমার স্বামী আমার বিয়ের আগে থেকেই বিদেশে ছিলেন। তিনি যখন ছুটিতে আসেন, তখন আমাদের বিয়ে হয়। এই বিয়েতে তাঁর পরিবারের কেউ রাজি ছিলেন না। কিন্তু আমার পরিবারের সম্মতিতে আমাদের বাসায় বিয়ে হয়। বিয়ের এক মাস পর তিনি আবার বিদেশে চলে যান। কিন্তু তাঁর পরিবার আমাকে লোক দেখানো মেনে নেয়। এবং বিদেশে তাঁর কাছে নানা রকম মিথ্যা কথা বলতে থাকে। দুই বছর আমাদের সম্পর্ক ভালোই ছিল। কিন্তু এখন প্রায় ৮-১০ মাস ধরে আমার সঙ্গে কোনো যোগাযোগ করেন না এবং চার বছরে তিনি একবারও দেশে আসেননি। তাঁর কোনো ঠিকানা আমাকে কখনো দেননি এবং ফোন নম্বর পরিবর্তন করেছেন। তাঁর পরিবারের সঙ্গে আমার কোনো যোগাযোগ নেই। এখন আমি তাঁকে দেশে আনতে কোনো ব্যবস্থা গ্রহণ করতে পারি কি না। তাঁর পরিবারের বিরুদ্ধে আমি কী করতে পারি? আমার স্বামীর পাসপোর্টের ফটোকপি আমার কাছে আছে","আমি এমএসএস দ্বিতীয় বর্ষের ছাত্রী। ২০০৬ সালে আমার বিয়ে হয়। বিয়ের আগে থেকেই আমার স্বামী বিদেশে থাকতেন, ছুটিতে দেশে এলে তখন আমাদের বিয়ে হয়। তাঁর পরিবারের কেউ এই বিয়েতে রাজি ছিলেন না, তবে আমার পরিবারের সম্মতিতে আমাদের বাসাতেই বিয়েটা হয়। বিয়ের এক মাস পর তিনি আবার বিদেশে চলে যান। তাঁর পরিবার লোক দেখানোভাবে আমাকে মেনে নেয়, আর বিদেশে তাঁর কাছে নানা রকম মিথ্যা কথা বলতে থাকে। দুই বছর আমাদের সম্পর্ক ভালোই ছিল। কিন্তু এখন প্রায় ৮-১০ মাস হলো তিনি আমার সঙ্গে কোনো যোগাযোগ করেন না, আর এই চার বছরে একবারও দেশে আসেননি। নিজের ঠিকানা কখনো আমাকে দেননি, ফোন নম্বরও বদলে ফেলেছেন। তাঁর পরিবারের সঙ্গেও আমার কোনো যোগাযোগ নেই। এখন তাঁকে দেশে ফিরিয়ে আনতে আমি কোনো ব্যবস্থা নিতে পারি কি? তাঁর পরিবারের বিরুদ্ধেই বা কী করতে পারি? আমার কাছে স্বামীর পাসপোর্টের একটা ফটোকপি আছে।",no,,Sifat
prot_0078_03,Iftiaq,92,"আমার খালার চার মেয়ে। সবাই ছাত্রী। খালু সরকারি চাকরি করেন। প্রায় দুই বছর হয় খালা গৃহকর্মীর সঙ্গে পালিয়ে গিয়ে তাকে বিয়ে করেন। খালু তাঁর সংসারের কথা চিন্তা করে খালাকে ফিরিয়ে আনার অনেক চেষ্টা করেন। একপর্যায়ে তিনি বাধ্য হয়ে ওই ছেলেকে আদালতের মাধ্যমে তালাক দেওয়ার ব্যবস্থা করেন। কিন্তু কিছুদিন পর খালা আবার ওই ছেলের কাছে চলে যান। আর স্পষ্ট জানিয়ে দেন, তিনি কখনোই খালুর সঙ্গে সংসার করবেন না। এখন খালু ও তাঁর পরিবারের কেউই খালাকে আনতে চান না। আইনগতভাবে খালা কি এখনো খালুর স্ত্রী আছেন? খালুর মৃত্যুর পর তিনি কি সম্পত্তির অংশীদার হবেন?","আমার খালার চার মেয়ে, সবাই পড়াশোনা করে। খালু সরকারি চাকরি করেন। প্রায় দুই বছর আগে খালা বাসার কাজের ছেলের সঙ্গে পালিয়ে গিয়ে তাকে বিয়ে করেন। সংসারের কথা ভেবে খালু অনেকবার খালাকে ফিরিয়ে আনার চেষ্টা করেন। একপর্যায়ে তিনি বাধ্য হয়ে আদালতের মাধ্যমে ওই ছেলেকে তালাক দেওয়ানোর ব্যবস্থা করেন। কিন্তু কিছুদিন পর খালা আবার ওই ছেলের কাছে চলে যান, আর পরিষ্কার জানিয়ে দেন যে খালুর সঙ্গে আর কখনো সংসার করবেন না। এখন খালু বা তাঁর পরিবারের কেউই খালাকে ফিরিয়ে আনতে চান না। আইনের চোখে খালা কি এখনো খালুর স্ত্রী? খালু মারা গেলে কি তিনি সম্পত্তির ভাগ পাবেন?",no,,Sifat
prot_0081_01,Iftiaq,65,"আমরা তিন বোন। আমার বাবা জীবিত অবস্থায় আমাদের এবং আমার মাকে তাঁর কোনো সম্পত্তি লিখে দিতে চান না। এদিকে আমার তিন চাচা ও চার ফুফু আছেন। চাচাদেরও কোনো ছেলে নেই। প্রত্যেক চাচার একটি করে মেয়ে আছে। ফুফুদের ছেলেমেয়ে আছে।বাবার অবর্তমানে মুসলিম আইন অনুযায়ী আমরা তিন বোন ও মা কী পরিমাণ সম্পত্তি পাব? বাবার সব সম্পত্তি আমরা পেতে চাইলে তা সম্ভব কি না, জানালে উপকৃত হব","আমরা তিন বোন। বাবা বেঁচে থাকতে আমাদের বা মায়ের নামে তাঁর কোনো সম্পত্তি লিখে দিতে চান না। অন্যদিকে আমার তিন চাচা আর চার ফুফু আছেন। চাচাদেরও কারও ছেলে নেই, প্রত্যেক চাচার একটা করে মেয়ে। ফুফুদের ছেলেমেয়ে আছে। বাবা মারা গেলে মুসলিম আইন অনুযায়ী আমরা তিন বোন আর মা কতটুকু সম্পত্তি পাব? আর বাবার পুরো সম্পত্তিটাই আমরা পেতে চাইলে সেটা কি সম্ভব? জানালে উপকার হয়।",no,,Sifat
prot_0082_03,Iftiaq,116,"আমি একজন সরকারি প্রাথমিক বিদ্যালয়ের শিক্ষিকা। আমার বয়স ২১ বছর। পাঁচ বছর ধরে আমার একজনের সঙ্গে সম্পর্ক থাকলেও বাবা-মায়ের ইচ্ছায় আমার চেয়েও ১৬ বছরের বড় অন্য একটি ছেলেকে বিয়ে করতে বাধ্য হই। কিন্তু আমি আমার স্বামীকে মন থেকে মেনে নিতে পারিনি। কারণ, তার মেজাজ সব সময় খিটখিটে থাকে, প্রবল সন্দেহপ্রবণ এবং কারণে-অকারণে খারাপ ব্যবহার করে ইত্যাদি। এখন আমি তাকে তালাক দিতে মানসিকভাবে প্রস্তুত। এ জন্য আমাকে কী করতে হবে? সে আমার বিরুদ্ধে কোনো আইনগত ব্যবস্থা নিতে পারবে কি? তাতে আমার সরকারি চাকরিতে কোনো সমস্যা হবে কি? উল্লেখ্য, দেনমোহরের টাকার প্রতি আমার কোনো দাবি নেই এবং তার দেওয়া ১০ ভরি স্বর্ণও তাকে ফিরিয়ে দেব। আমার কাছে বিয়ের কোনো কাগজপত্র নেই। আর এর মধ্যে আমি অন্তঃসত্ত্বা হয়ে পড়েছি","আমি একটা সরকারি প্রাথমিক বিদ্যালয়ে শিক্ষকতা করি, বয়স ২১। পাঁচ বছর ধরে একজনের সঙ্গে সম্পর্ক থাকলেও বাবা-মায়ের ইচ্ছায় আমার চেয়ে ১৬ বছরের বড় আরেকজনকে বিয়ে করতে বাধ্য হয়েছি। কিন্তু স্বামীকে আমি মন থেকে মেনে নিতে পারিনি; ওর মেজাজ সারাক্ষণ খিটখিটে, ভীষণ সন্দেহপ্রবণ, কারণে-অকারণে খারাপ ব্যবহার করে—এমন আরও অনেক কিছু। এখন আমি ওকে তালাক দিতে মনে মনে তৈরি। এর জন্য আমাকে কী করতে হবে? ও কি আমার বিরুদ্ধে কোনো আইনি ব্যবস্থা নিতে পারবে? এতে কি আমার সরকারি চাকরিতে কোনো সমস্যা হবে? বলে রাখি, দেনমোহরের টাকা আমি চাই না, আর ওর দেওয়া ১০ ভরি সোনাও ওকে ফেরত দিয়ে দেব। আমার কাছে বিয়ের কোনো কাগজপত্র নেই। আর এর মধ্যে আমি অন্তঃসত্ত্বা হয়ে পড়েছি।",no,,Sifat
prot_0083_04,Iftiaq,189,"আমার এক জ্ঞাতি ভাইয়ের সঙ্গে চার বছর প্রেম করার পর ২০০৮ সালের ২১ এপ্রিল তাকে কাজী অফিসে নিয়ে গিয়ে গোপনে পাঁচ লাখ টাকা দেনমোহরে বিয়ে করি। বিয়ের দুই দিন পর আমার মাকে আমি সব কথা জানাই। মা আমাদের বিয়েটা সহজে মেনে নিয়েছেন। এরপর আমরা স্বামী-স্ত্রীর হিসেবে চলাফেরা করতে থাকি। আমার দায়দায়িত্ব ও যাবতীয় ভরণপোষণ বহন করে আসছিল সে। এর মধ্যে মা টেলিফোনে একটি ছেলের সঙ্গে আমার পরিচয় করিয়ে দেন। সে বিদেশে থাকে। তার নাকি অনেক টাকা-পয়সা। আমিও মায়ের কথামতো বিদেশি ওই ছেলের সঙ্গে সম্পর্কে জড়িয়ে পড়ি। আগের স্বামীর সঙ্গে ঝগড়া-বিবাদ করতে থাকি। আমি মায়ের কথামতো গত বছরের ৫ জুলাই আগের স্বামীকে তালাক দিই। তালাক দেওয়ার সময় আমি তার কাছে কোনো কিছু দাবি করিনি। তালাক যখন দিই, তখন আমি তিন মাস ১০ দিনের অন্তঃসত্ত্বা ছিলাম। পেটে বাচ্চা থাকা অবস্থায় তালাক দিলে সেটি কার্যকর হবে? বর্তমানে বিদেশি ওই ছেলের সঙ্গে আমার গোপনে বিয়ে হয়। বিয়ের সময় আমার পেটে বাচ্চা ছিল জানত না সে। আগের স্বামী তার বাচ্চার জন্য আমার বিরুদ্ধে মামলা করার হুমকি দিচ্ছে। তার কাছে চিকিৎসা প্রতিবেদন, আল্ট্রাসনোগ্রাফি ইত্যাদি আছে। আমি গর্ভপাত করিয়েছি। এখন আমি কী করতে পারি? আমি আগের স্বামীর সঙ্গে সংসার করতে চাই। মা তা করতে দিচ্ছেন না","এক জ্ঞাতি ভাইয়ের সঙ্গে চার বছর প্রেমের পর ২০০৮ সালের ২১ এপ্রিল ওকে কাজি অফিসে নিয়ে গিয়ে পাঁচ লাখ টাকা দেনমোহরে গোপনে বিয়ে করি। বিয়ের দুই দিন পর মাকে সব খুলে বলি, মা-ও সহজেই বিয়েটা মেনে নেন। তারপর থেকে আমরা স্বামী-স্ত্রী হিসেবেই চলাফেরা করতে থাকি, আমার সব দায়দায়িত্ব আর খরচ ও-ই বহন করত। এর মধ্যে মা ফোনে বিদেশে থাকা একটা ছেলের সঙ্গে আমার পরিচয় করিয়ে দেন, ছেলেটার নাকি অনেক টাকাপয়সা। মায়ের কথামতো আমিও ওই ছেলের সঙ্গে সম্পর্কে জড়িয়ে পড়ি, আর আগের স্বামীর সঙ্গে ঝগড়াঝাঁটি করতে থাকি। মায়ের কথাতেই গত বছরের ৫ জুলাই আগের স্বামীকে তালাক দিই, তখন ওর কাছে কিছুই দাবি করিনি। তালাক দেওয়ার সময় আমি তিন মাস ১০ দিনের অন্তঃসত্ত্বা ছিলাম। পেটে বাচ্চা থাকা অবস্থায় তালাক দিলে কি সেটা কার্যকর হয়? এখন বিদেশে থাকা ওই ছেলের সঙ্গে আমার গোপনে বিয়ে হয়েছে; বিয়ের সময় আমি যে অন্তঃসত্ত্বা, সেটা সে জানত না। আগের স্বামী তার বাচ্চার জন্য আমার বিরুদ্ধে মামলা করবে বলে হুমকি দিচ্ছে, ওর কাছে ডাক্তারি রিপোর্ট, আল্ট্রাসনোগ্রাফির কাগজ এসব আছে। আমি গর্ভপাত করিয়ে ফেলেছি। এখন আমি কী করতে পারি? আমি আগের স্বামীর সঙ্গেই সংসার করতে চাই, কিন্তু মা তা করতে দিচ্ছেন না।",no,,Sifat
prot_0084_03,Iftiaq,184,"আমি একজন হিন্দু। আমার দাদুর (মায়ের বাবা) তিন মেয়ে, কোনো ছেলে নেই। প্রথম মেয়ে দুই ছেলের মধ্যে বড় ছেলে ১৯৭২ সাল থেকে ভারতবাসী। ছোট ছেলে বাংলাদেশে আছেন। দ্বিতীয় মেয়ের দুই ছেলেসহ প্রত্যেকে অভিবাসন করে ভারতে বসবাস করছেন। ছোট মেয়ের একমাত্র ছেলে আমি। দাদু মারা যাওয়ার আগে, আমার মায়ের বিয়েরও আগে তাঁর বড় মেয়ে মারা যান। আমার মা দাদুর পরিবারের ভরণপোষণের দায়িত্ব নেন। তাই দাদু তাঁর সব সম্পত্তি ১৯৬৫ সালে আমার মায়ের নামে ইউপি চেয়ারম্যান ও স্থানীয় মাতব্বরদের সইসহ দানপত্র করে যান। কিন্তু দানপত্র রেজিস্ট্রি করা নয়। তত্কালীন চেয়ারম্যান মারা গেছেন। কিন্তু মাতব্বরদের একজন জীবিত এবং তাঁর স্বাক্ষর আছে। দানপত্রের দুটি জমি ছাড়া সব জমিই মায়ের নামে খারিজ করা হয়। দাদুর মৃত্যুর পর থেকে সব জমি আমরাই ভোগদখল করছি। কয়েক মাস আগে মা মারা যাওয়ার পর থেকে ওই বড় মেয়ের ছোট ছেলে সব জমির অর্ধেক দাবি করছে। আমি মানবিক কারণে কিছু টাকা দিতে চাই। কিন্তু সে রাজি নয় এবং জোর করে দখলে নেওয়ার হুমকি দিচ্ছে। আবার মামলা করারও হুমকি দিচ্ছে। আইনত সে কি জমি পাবে? পেলে কত ভাগ পাবে? যদি না পায় তবে সে ক্ষেত্রে আমার করণীয় কী? তবে মামলায় জড়ানোর তেমন ইচ্ছা নেই আমার","আমি হিন্দু। আমার দাদুর (মায়ের বাবা) তিন মেয়ে, কোনো ছেলে নেই। বড় মেয়ের দুই ছেলের মধ্যে বড়জন ১৯৭২ সাল থেকে ভারতে থাকেন, ছোটজন বাংলাদেশে। মেজো মেয়ে তাঁর দুই ছেলেসহ সবাই ভারতে চলে গিয়ে সেখানেই থাকছেন। ছোট মেয়ের একমাত্র ছেলে আমি। দাদু মারা যাওয়ার আগে, এমনকি আমার মায়ের বিয়েরও আগে, তাঁর বড় মেয়ে মারা যান। দাদুর পরিবারের খরচ চালানোর দায়িত্ব নেন আমার মা। সে জন্য ১৯৬৫ সালে দাদু তাঁর সব সম্পত্তি ইউপি চেয়ারম্যান আর স্থানীয় মাতব্বরদের সই রেখে আমার মায়ের নামে দানপত্র করে দেন। তবে দানপত্রটা রেজিস্ট্রি করা হয়নি। তখনকার চেয়ারম্যান মারা গেছেন, তবে সই করা মাতব্বরদের একজন এখনো বেঁচে আছেন। দানপত্রের দুটি জমি বাদে বাকি সব জমি মায়ের নামে খারিজ হয়েছে। দাদুর মৃত্যুর পর থেকে সব জমি আমরাই ভোগদখল করে আসছি। কয়েক মাস আগে মা মারা যাওয়ার পর থেকে ওই বড় মেয়ের ছোট ছেলে সব জমির অর্ধেক দাবি করছেন। মানবিক কারণে আমি তাঁকে কিছু টাকা দিতে চাই, কিন্তু তিনি রাজি নন; জোর করে দখল নেওয়ার আর মামলা করার হুমকিও দিচ্ছেন। আইনত তিনি কি জমি পাবেন? পেলে কত ভাগ পাবেন? আর না পেলে আমার কী করা উচিত? তবে মামলা-মোকদ্দমায় জড়ানোর তেমন ইচ্ছে আমার নেই।",no,,Sifat
prot_0085_02,Iftiaq,216,"আমার ছোট ভাই স্নাতক দ্বিতীয় বর্ষে পড়ত। প্রায় দুই বছর হলো সে সিঙ্গাপুরে আছে। সিঙ্গাপুর যাওয়ার দুই মাস পর আমরা জানতে পারি, সে দেশে থাকতে একটি মেয়েকে পছন্দ করত। তখন থেকে আমরা তাকে বোঝানোর চেষ্টা করি। কিন্তু সে অন্য পথে যায়। ফোন করে অন্য একজনের কাছে। দুজন লোক মেয়েটিকে পাইয়ে দেওয়ার আশ্বাস দেয়। বিনিময়ে তারা টাকা নিচ্ছে আমার ছোট ভাইয়ের কাছ থেকে। এখন সমস্যা হচ্ছে, সে বাড়িতে ফোন করে উল্টাপাল্টা কথা বলে। মেয়েকে ফোনে বিয়ে করতে চায়। আরও বলে, এই মেয়েকে না পেলে কোনো টাকাও দেবে না, মরে যাওয়ার ভয়ও দেখাচ্ছে। আমার আরেকটি ছোট ভাই ও ভাতিজা রয়েছে সিঙ্গাপুরে। তারা বলছে, ওকে দেখে ভারসাম্যহীন মনে হচ্ছে। ওর পছন্দের মেয়েটি নিতান্ত গরিব ঘরের। সে একসময় আমাদের বাসায় কাজ করত। এখন সে ঢাকায় একটি বাসায় কাজ করে। তাকে দুটি মোবাইল ফোনসেটও কিনে দিয়েছে আমার ছোট ভাই। একটি মেয়ের মা, অন্যটি মেয়ে ব্যবহার করে। মেয়েটি দেখতে ভালো নয়। তাদের পরিবারের সদস্যদের সম্পর্কে সবার ধারণাও ভালো না। মেয়েটির বাবা অনেক আগেই ওদের ফেলে চলে গেছে। এসব কারণে এ সম্পর্ক মেনে নেওয়া আমাদের পক্ষে সম্ভব নয়। মেয়েটির সঙ্গে আমার ছোট ভাইয়ের কোনো শারীরিক সম্পর্ক হয়নি। কারণ, সে বিদেশ যাওয়ার সময় মেয়েটির বয়স কম ছিল। দুই মাস পর ভাই দেশে ফিরবে। আমার বাবা একজন সহজ-সরল মানুষ। তিনি বলছেন, এই মেয়েকে বিয়ে করলে তিনি আত্মহত্যা করবেন। এ সমস্যা থেকে মুক্তির পথ আছে কি?","আমার ছোট ভাই স্নাতক দ্বিতীয় বর্ষে পড়ত, প্রায় দুই বছর হলো সিঙ্গাপুরে আছে। সিঙ্গাপুর যাওয়ার দুই মাস পর আমরা জানতে পারি, দেশে থাকতে সে একটা মেয়েকে পছন্দ করত। তখন থেকেই আমরা ওকে বোঝানোর চেষ্টা করছি, কিন্তু সে উল্টো পথে হাঁটছে। অন্য একজনকে ফোন করে; দুজন লোক মেয়েটাকে পাইয়ে দেওয়ার আশ্বাস দিয়ে বিনিময়ে ভাইয়ের কাছ থেকে টাকা নিচ্ছে। এখন সমস্যা হলো, সে বাড়িতে ফোন করে আবোলতাবোল কথা বলে, ফোনেই মেয়েটাকে বিয়ে করতে চায়। বলে, এই মেয়েকে না পেলে কোনো টাকাও দেবে না, মরে যাওয়ার ভয়ও দেখায়। সিঙ্গাপুরে আমার আরেক ছোট ভাই আর এক ভাতিজাও আছে; ওরা বলছে, ওকে দেখে মানসিক ভারসাম্যহীন মনে হচ্ছে। ওর পছন্দের মেয়েটা খুবই গরিব ঘরের, একসময় আমাদের বাসায় কাজ করত, এখন ঢাকায় অন্য একটা বাসায় কাজ করে। ছোট ভাই ওকে দুটো মোবাইল ফোনও কিনে দিয়েছে—একটা মেয়েটার মা চালায়, আরেকটা মেয়েটা নিজে। মেয়েটা দেখতেও ভালো না, আর ওদের পরিবারের লোকজন সম্পর্কেও কারও ধারণা ভালো না। মেয়েটার বাবা অনেক আগেই ওদের ফেলে চলে গেছে। এসব কারণে এই সম্পর্ক মেনে নেওয়া আমাদের পক্ষে অসম্ভব। মেয়েটার সঙ্গে ভাইয়ের কোনো শারীরিক সম্পর্ক হয়নি, কারণ ভাই যখন বিদেশে যায় তখন মেয়েটার বয়স কম ছিল। দুই মাস পর ভাই দেশে ফিরবে। আমার বাবা খুব সহজ-সরল মানুষ; তিনি বলছেন, ভাই এই মেয়েকে বিয়ে করলে তিনি আত্মহত্যা করবেন। এই ঝামেলা থেকে বের হওয়ার কি কোনো উপায় আছে?",no,,Sifat
prot_0086_03,Iftiaq,83,"২০০১ সালে আমি সরকারি চাকরিজীবী তালাকপ্রাপ্ত একজন মহিলাকে রেজিস্ট্রির মাধ্যমে বিয়ে করি। আমাদের বিবাহিত জীবনে কোনো সন্তান হয়নি। স্ত্রীর আগের স্বামীর ঘরে এক মেয়ে আছে এবং ওই মেয়ের বাবা অর্থাত্ আমার স্ত্রীর আগের স্বামী জীবিত। তার মেয়েটি বিবাহিত ও দুই সন্তানের জননী। গত বছর আমার স্ত্রী অসুস্থজনিত কারণে মারা যান। মারা যাওয়ার তিন/চার মাস আগেই আমার অজান্তে তার গ্রাচুইটি, পেনশন, ডিপিএস ও স্থাবর-অস্থাবর সম্পত্তি নমিনি হিসেবে তার মেয়েকে নির্ধারণ করে যান। আমি বেঁচে থাকা অবস্থায় এই নমিনি আইনগতভাবে কতটুকু কার্যকর? নূরুল ইসলাম ময়মনসিংহ","২০০১ সালে আমি সরকারি চাকরি করা এক তালাকপ্রাপ্ত মহিলাকে রেজিস্ট্রি করে বিয়ে করি। আমাদের বিবাহিত জীবনে কোনো সন্তান হয়নি। আগের স্বামীর ঘরে আমার স্ত্রীর একটা মেয়ে আছে, আর সেই মেয়ের বাবা, মানে আমার স্ত্রীর আগের স্বামী, এখনো বেঁচে আছেন। মেয়েটি বিবাহিত, দুই সন্তানের মা। গত বছর অসুস্থ হয়ে আমার স্ত্রী মারা যান। মারা যাওয়ার তিন-চার মাস আগে আমাকে না জানিয়ে তিনি তাঁর গ্র্যাচুইটি, পেনশন, ডিপিএস আর স্থাবর-অস্থাবর সম্পত্তিতে নমিনি হিসেবে তাঁর মেয়েকে ঠিক করে যান। আমি বেঁচে থাকতে এই নমিনি আইনের চোখে কতটা কার্যকর?",yes,"Removed signature (name, district).",Sifat
prot_0087_03,Iftiaq,124,"কয়েক মাস আগে আমি ভোটার পরিচয়পত্র হারিয়ে ফেলি। এ নিয়ে খুব চিন্তায় ছিলাম। কয়েকদিন পর জানতে পারলাম, এক বন্ধু সেটি খুঁজে পেয়েছে। শুনে নিশ্চিন্ত হলাম। কিন্তু তার কাছে পরিচয়পত্রটি চাইলে তা দিতে সে অস্বীকার করে। জানায় টাকা না দিলে সে কার্ডটি ফেরত দেবে না। ভেবেছিলাম সে বোধহয় মজা করছে। তিন হাজার ৫০০ টাকা ছাড়া পরিচয়পত্রটি দেবে না বলে জানায়। এমনকি নানা ভয়ও দেখায়। এ ঘটনায় আমাদের বন্ধুত্ব নষ্ট হয়ে গেল। এখন আমি তার বিরুদ্ধে থানায় সাধারণ ডায়েরি (জিডি) করতে চাই। এ জন্য পুলিশ আমার কাছ থেকে কী কী তথ্য চাইবে। আর জিডি করার পর আমার বন্ধুটি যদি জানতে পারে বা জানার পর সে যদি আমার বিরুদ্ধে উল্টো আইনানুগ ব্যবস্থা নিতে চায়, তাহলে সেটা কীভাবে মোকাবিলা করা সম্ভব? আমার পরিচয়পত্রটি আমি কীভাবে উদ্ধার করতে পারি—জানাবেন","কয়েক মাস আগে আমার ভোটার আইডি কার্ড হারিয়ে যায়, এ নিয়ে খুব দুশ্চিন্তায় ছিলাম। কয়েক দিন পর জানলাম, আমার এক বন্ধু সেটা খুঁজে পেয়েছে। শুনে স্বস্তি পেলাম। কিন্তু ওর কাছে কার্ডটা চাইতেই সে দিতে অস্বীকার করে, বলে টাকা না দিলে ফেরত দেবে না। প্রথমে ভেবেছিলাম মজা করছে। কিন্তু সে জানিয়ে দেয়, তিন হাজার ৫০০ টাকা না দিলে কার্ড দেবে না, নানা রকম ভয়ও দেখায়। এই ঘটনায় আমাদের বন্ধুত্বটাই নষ্ট হয়ে গেল। এখন আমি ওর বিরুদ্ধে থানায় একটা সাধারণ ডায়েরি (জিডি) করতে চাই। এর জন্য পুলিশ আমার কাছে কী কী তথ্য চাইবে? আর জিডির কথা বন্ধুটা জেনে গেলে, বা জানার পর যদি উল্টো আমার বিরুদ্ধে আইনি ব্যবস্থা নিতে চায়, সেটা কীভাবে সামলাব? আমার আইডি কার্ডটা কীভাবে ফেরত পেতে পারি—জানালে উপকার হবে।",no,,Sifat
prot_0088_03,Iftiaq,132,"আমার বয়স ২৫। আমি স্নাতক (সম্মান) দ্বিতীয় বর্ষে পড়ি। চার বছর ধরে একটি মেয়ের সঙ্গে আমার সম্পর্ক। তার বয়স ১৮। গত ৭ জুলাই আমরা কোর্ট ম্যারেজ করে ফেলি। সবার অজান্তে আমি রাতে বাসায় গিয়ে ওর সঙ্গে শারীরিকভাবে মিলিত হতাম। হঠাত্ এক রাতে ওর মায়ের চোখে ধরা পড়ে গেলাম। তখন আমাদের বিয়ের ব্যাপারটি জানাজানি হয়ে যায়। মেয়েটি দশম শ্রেণীতে পড়ত। ঘটনা জানার পর তার স্কুলে যাওয়া বন্ধ। আমি খবর পেয়েছি, তার বাবা ও ভাই তাকে অনেক অত্যাচার করছে। আমাকে প্রাণনাশের হুমকি দিচ্ছে। এখন ভয়ে আমি দিন কাটাচ্ছি। আমাকে তালাক দিতে বাধ্য করবে বলে শুনছি। এখন আমি তার সঙ্গে যোগাযোগ করতে পারছি না। সে অন্তঃসত্ত্বা কি না তাও জানি না। যদি অন্তঃসত্ত্বা হয়ে থাকে, আমি কী করতে পারি? আমি তাকে ছাড়া বাঁচব না। আমি কীভাবে তাকে নিয়ে সংসার করতে পারি সে ব্যাপারে পরামর্শ চাই","আমার বয়স ২৫, স্নাতক (সম্মান) দ্বিতীয় বর্ষে পড়ি। চার বছর ধরে একটা মেয়ের সঙ্গে সম্পর্ক, ওর বয়স ১৮। গত ৭ জুলাই আমরা কোর্ট ম্যারেজ করে ফেলি। সবাইকে লুকিয়ে রাতে ওদের বাসায় গিয়ে ওর সঙ্গে শারীরিকভাবে মিলিত হতাম। হঠাৎ এক রাতে ওর মায়ের কাছে ধরা পড়ে যাই, তখন আমাদের বিয়ের কথা জানাজানি হয়ে যায়। মেয়েটি দশম শ্রেণিতে পড়ত; ঘটনা জানাজানির পর থেকে ওর স্কুলে যাওয়া বন্ধ। খবর পেয়েছি, ওর বাবা আর ভাই ওর ওপর খুব অত্যাচার করছে, আর আমাকে মেরে ফেলার হুমকি দিচ্ছে। এখন ভয়ে ভয়ে দিন কাটাচ্ছি। শুনছি, আমাকে তালাক দিতে ওকে বাধ্য করবে। এখন ওর সঙ্গে কোনো যোগাযোগই করতে পারছি না, ও অন্তঃসত্ত্বা কি না তা-ও জানি না। যদি অন্তঃসত্ত্বা হয়ে থাকে, তাহলে আমি কী করতে পারি? ওকে ছাড়া আমি বাঁচব না। কীভাবে ওকে নিয়ে সংসার করতে পারি, সে ব্যাপারে পরামর্শ চাই।",no,,Sifat
prot_0091_04,Iftiaq,180,"আমার বয়স যখন মাত্র নয় মাস, তখনই আমার বাবার বিভিন্ন অসত্সঙ্গের কারণে আমার মাকে তালাক দেন। তাই আজ পর্যন্ত বাবার আদর কী জিনিস তা আমি জানি না। পরে আমার বাবা আবারও বিয়ে করেন এবং ওই সংসারে এখন তাঁর তিন ছেলে ও এক মেয়ে রয়েছে। আজ পর্যন্ত আমি নানাবাড়িতেই আছি। আমার বয়স এখন ৩০ বছর। আমি বিবাহিত ও তিন বছরের একটি ছেলে আছে। আমি ছোটখাটো একজন স্বর্ণকার এবং বাবার সম্পত্তি থাকার পরও ভোগ করতে না পারার কারণে আর্থিক সংকটে ভুগছি। আমার বাবা বর্তমানে জীবিত। তিন-চার বিঘা জমি ও ভিটেবাড়ি আছে। বাবা আমাকে বলেছেন, আমি যদি স্ত্রী-সন্তানসহ তাঁর কাছে এখনো ফিরে যাই, তাহলে আমাকে তাঁর সম্পত্তির ভাগসহ বাড়ি বানিয়ে দেবেন। তিনি আমাকে খুব ভালোবাসেন, কিন্তু আমার মায়ের সঙ্গে অন্যায় আচরণের কারণে বর্তমানে তাঁর সঙ্গে আমার ভালো সম্পর্ক নেই। যখন আমি বুঝতে শিখেছি, তখন থেকেই বাবার প্রতি আমার একটা ঘৃণাবোধ কাজ করে। তাই আমি শেষ পর্যন্ত আমার নানাবাড়িতেই থাকতে চাই।আমি বাবার সম্পত্তির ভাগ চাই; কিন্তু তাঁর কাছে যেতে চাই না। এ অবস্থায় আমি কি বাবার সম্পত্তির ভাগ পাব না? তিনি যদি আমাকে ত্যাজ্যপুত্র ঘোষণা করেন, তাহলে সম্পত্তির ভাগ পাওয়ার উপায় কী?মো. মাহাবুবার রহমানদিনাজপুর","আমার বয়স যখন মাত্র নয় মাস, তখনই বাবা নানা খারাপ সঙ্গে জড়িয়ে পড়ে মাকে তালাক দেন। তাই বাবার আদর কাকে বলে, আজও জানি না। পরে বাবা আবার বিয়ে করেন; সেই সংসারে এখন তাঁর তিন ছেলে আর এক মেয়ে। আমি আজ পর্যন্ত নানাবাড়িতেই থাকি। এখন আমার বয়স ৩০, বিয়ে করেছি, তিন বছরের একটা ছেলে আছে। আমি ছোটখাটো একজন স্বর্ণকার; বাবার সম্পত্তি থাকা সত্ত্বেও ভোগ করতে না পারায় টাকার টানাটানিতে আছি। বাবা এখনো বেঁচে আছেন, তাঁর তিন-চার বিঘা জমি আর ভিটেবাড়ি আছে। বাবা বলেছেন, আমি যদি এখনো বউ-বাচ্চা নিয়ে তাঁর কাছে ফিরে যাই, তাহলে সম্পত্তির ভাগ তো দেবেনই, বাড়িও বানিয়ে দেবেন। তিনি আমাকে খুব ভালোবাসেন, কিন্তু মায়ের সঙ্গে অন্যায় করার কারণে এখন তাঁর সঙ্গে আমার সম্পর্ক ভালো না। বুঝতে শেখার পর থেকেই বাবার প্রতি একটা ঘৃণা কাজ করে, তাই শেষ পর্যন্ত নানাবাড়িতেই থাকতে চাই। আমি বাবার সম্পত্তির ভাগ চাই, কিন্তু তাঁর কাছে যেতে চাই না। এ অবস্থায় কি আমি বাবার সম্পত্তির ভাগ পাব না? আর তিনি যদি আমাকে ত্যাজ্যপুত্র ঘোষণা করেন, তাহলে ভাগ পাওয়ার উপায় কী?",yes,"Removed signature (name, district).",Sifat
prot_0093_01,Iftiaq,38,বিবাহিত জীবনে আমাদের কোনো সন্তান নেই। তাঁর সঙ্গে আমি আর সংসার করতে চাচ্ছি না। তিনিও আমার সঙ্গে থাকতে চাচ্ছেন না। কিন্তু আমাদের ধর্মমতে বিবাহবিচ্ছেদের কোনো বিধান নেই বলে জানি। এ বিষয়ে আমরা কী ধরনের আইনি পদক্ষেপ নিতে পারি?,"আমাদের সংসারে কোনো সন্তান নেই। ওনার সঙ্গে আমি আর ঘর করতে চাই না, উনিও আমার সঙ্গে থাকতে রাজি নন। কিন্তু আমার জানামতে, আমাদের ধর্মে ডিভোর্সের কোনো ব্যবস্থা নেই। তাহলে আইনের দিক থেকে আমরা কী করতে পারি?",no,,Sifat
prot_0100_01,Iftiaq,29,"যেকোনো আইনি সমস্যা ও প্রশ্ন থাকলে লিখুন। বিজ্ঞ আইনজীবীরা পরামর্শ দেবেন। ঠিকানা: আইন অধিকার, প্রথম আলো, ১০০ কাজী নজরুল ইসলাম এভিনিউ, কারওয়ান বাজার, ঢাকা-১২১৫। ্পিত সম্পত্তির মালিক হবেন কে?","আইনি যেকোনো সমস্যা বা প্রশ্ন থাকলে লিখে পাঠান, অভিজ্ঞ আইনজীবীরা পরামর্শ দেবেন। ঠিকানা: পত্রিকার আইন বিষয়ক পাতার দপ্তর। অর্পিত সম্পত্তির মালিক কে হবেন?",yes,"Broken text: newspaper boilerplate (call for letters with the paper's postal address, generalised) glued before a truncated question fragment about who owns vested property.",Sifat
prot_0100_07,Iftiaq,8,৫. এবং ওই অর্পিত সম্পত্তির মালিক হবেন কে?,৫. আর ওই অর্পিত সম্পত্তির মালিক শেষ পর্যন্ত কে হবেন?,no,Numbered follow-up fragment from a multi-question letter.,Sifat
prot_0103_03,Iftiaq,12,আর তালাকের পর আমার সন্তানের ভরণপোষণ ও দেনমোহরের টাকা কি পাব আমি?,আর তালাক হয়ে গেলে কি আমি বাচ্চার ভরণপোষণের খরচ আর দেনমোহরের টাকা পাব?,no,Short follow-up fragment; context in an earlier part of the letter.,Sifat
prot_0104_04,Iftiaq,89,"ভারতীয় নাগরিকদের সম্পত্তি অর্পিত সম্পত্তির তালিকাভুক্ত হয়েছে। সুতরাং তাঁদের পুত্র, সন্তান বা নাতি পুতি তাঁরাও যদি ভারতীয় নাগরিক হন তালিকাভুক্ত অর্পিত সম্পত্তির উত্তরাধিকার তাঁরা দাবি করতে পারবেন না। শুধু বাংলাদেশি নাগরিকেরা তাঁরা যদি দূরবর্তী উত্তরাধিকারীও হন, শুধু তাঁদের জন্যই অর্পিত সম্পত্তি প্রত্যর্পণ আইন প্রযোজ্য হবে। ৫. বর্তমানে ওই সম্পত্তি ভোগদখলকারী ব্যক্তি আমার জানামতে বন্দোবস্ত এনেছিলেন বা সেই বন্দোবস্ত এখনো হয়তো চলমান আছে (আমি নিশ্চিত নই)। সেই সুযোগ নিয়ে দখলকারী ব্যক্তি এই সম্পত্তির ওপর ট্রাইব্যুনালে দাবি পেশসহ জাল দলিল, বন্দোবস্তের কাগজ, স্মরণলিপি দাখিল করলে তা এই ট্রাইব্যুনালে কতটুকু গৃহীত হবে?","ভারতীয় নাগরিকদের সম্পত্তি অর্পিত সম্পত্তির তালিকায় উঠেছে। কাজেই তাঁদের ছেলেমেয়ে বা নাতি-পুতিরাও যদি ভারতীয় নাগরিক হন, তাহলে তালিকাভুক্ত অর্পিত সম্পত্তির উত্তরাধিকার তাঁরা দাবি করতে পারবেন না। দূরসম্পর্কের উত্তরাধিকারী হলেও কেবল বাংলাদেশি নাগরিকদের ক্ষেত্রেই অর্পিত সম্পত্তি প্রত্যর্পণ আইন খাটবে। ৫. আমি যত দূর জানি, এখন যিনি ওই সম্পত্তি ভোগদখল করছেন তিনি একসময় বন্দোবস্ত নিয়েছিলেন, আর সেই বন্দোবস্ত হয়তো এখনো চালু আছে (নিশ্চিত নই)। এই সুযোগে দখলদার যদি ট্রাইব্যুনালে দাবি জানিয়ে জাল দলিল, বন্দোবস্তের কাগজ আর স্মরণলিপি জমা দেন, তাহলে ট্রাইব্যুনাল সেগুলো কতটা গ্রহণ করবে?",no,Starts with the columnist's reply to an earlier item; the actual question is item 5 at the end.,Sifat
prot_0106_02,Iftiaq,61,"ওই আইনজীবী আমার মায়ের কাছ থেকে কিংবা হাউস বিল্ডিং কর্তৃপক্ষের কাছ থেকে কোনো প্রকার দলিল বা কাগজ বুঝে নেননি। কিন্তু সেই জমিতে তিনি বসবাস করছেন। উল্লেখ্য, সেই চার শতাংশ জমির সঙ্গে এখনো আট শতাংশ জমি আমাদের নামে। যেখানে আমরা বাস করছি। এ অবস্থায় আমরা কি হাউস বিল্ডিংয়ের ঋণের টাকা এবং ওই লোকের বায়নার টাকা পরিশোধ করে সেই জায়গা ফেরত পেতে পারি?","ওই আইনজীবী আমার মা বা হাউস বিল্ডিং কর্তৃপক্ষ—কারও কাছ থেকেই কোনো দলিল বা কাগজপত্র বুঝে নেননি, অথচ ওই জমিতে তিনি থাকছেন। বলে রাখি, ওই চার শতাংশের সঙ্গে আরও আট শতাংশ জমি এখনো আমাদের নামে আছে, সেখানেই আমরা থাকি। এ অবস্থায় হাউস বিল্ডিংয়ের ঋণের টাকা আর ওই লোকের দেওয়া বায়নার টাকা শোধ করে দিলে কি আমরা জায়গাটা ফেরত পেতে পারি?",no,Text starts mid-story; the earlier part of the letter is not included.,Sifat
prot_0107_06,Iftiaq,45,"৩. সমাজের কিছু ব্যক্তি বলে থাকে, ১৪-১৫ বছর ধরে কোনো মামলার আসামি যদি পলাতক থাকে, তার আর কোনো ভয় নেই। সে দেশে এসে নির্ভয়ে স্বাভাবিক জীবন যাপন করতে পারবে। তাদের ধারণা, মামলার বয়স বেশি হলে মামলাটি আপনা-আপনি ফাইলবন্দী হয়ে খারিজ হয়ে যায়। কথাটি কি ঠিক?","৩. সমাজের কেউ কেউ বলে, কোনো মামলার আসামি যদি ১৪-১৫ বছর পালিয়ে থাকে, তাহলে তার আর কোনো ভয় থাকে না; দেশে ফিরে নিশ্চিন্তে স্বাভাবিক জীবন কাটাতে পারে। ওদের ধারণা, মামলা পুরোনো হয়ে গেলে সেটা নিজে থেকেই ফাইলচাপা পড়ে খারিজ হয়ে যায়। কথাটা কি সত্যি?",no,Numbered follow-up item from a multi-question letter.,Sifat
prot_0109_04,Iftiaq,45,বাংলাদেশ রেলওয়ের পক্ষে পূর্বাঞ্চল জোনের জিএম (জেনারেল ম্যানেজার) স্বাক্ষর করেন। প্রতিশ্রুতি ও আনুষঙ্গিক বিষয়সমূহ তৎকালীন সব দৈনিক পত্রিকায় প্রকাশিত হয়। সেই সময় আমি একজন স্কুলবালক ছিলাম। তাই এ ব্যাপারে কী করণীয় তা ঠিক করতে পারিনি। এই মুহূর্তে প্রাপ্য দাবি আদায়ে আমি কী পদক্ষেপ নিতে পারি?,"বাংলাদেশ রেলওয়ের পক্ষ থেকে পূর্বাঞ্চলের জিএম (জেনারেল ম্যানেজার) তাতে সই করেছিলেন। সেই প্রতিশ্রুতি আর সংশ্লিষ্ট বিষয়গুলো তখনকার সব দৈনিক পত্রিকায় ছাপা হয়েছিল। তখন আমি স্কুলে পড়া ছোট ছেলে, তাই কী করা উচিত বুঝে উঠতে পারিনি। এখন আমার পাওনা আদায়ের জন্য কী পদক্ষেপ নিতে পারি?",no,Text starts mid-story; the earlier part (what was promised) is not included.,Sifat
prot_0111_04,Iftiaq,75,"আমি প্রায় তিন মাস বাংলাদেশে অবস্থান করব। চুক্তিতে উল্লেখ থাকা সত্ত্বেও তারা আমাকে এক বছরের মধ্যে কোনো ভাড়া দেয়নি। উপরন্তু, পানি, গ্যাস, বিদ্যুতের জন্য চুক্তিতে উল্লেখিত দুই লাখ টাকা দেওয়া সত্ত্বেও ডেভেলপার প্রায় এক সপ্তাহ আগে অবৈধভাবে বিল্ডিংয়ে গ্যাসের সংযোগ দেয়। আমি গ্যাসের ডিমান্ড নোট চাইলে আমার অংশের গ্যাস-সংযোগ বিচ্ছিন্ন করার হুমকি দেয় এবং বিদ্যুতের সোলার সিস্টেমের জন্য আমার কাছে আরও অর্থ দাবি করে। চুক্তিতে উল্লেখ না থাকা সত্ত্বেও আমি কি এই টাকা দিতে বাধ্য?","আমি মোটামুটি তিন মাস বাংলাদেশে থাকব। চুক্তিতে লেখা থাকলেও এক বছরে ওরা আমাকে কোনো ভাড়াই দেয়নি। তার ওপর পানি, গ্যাস আর বিদ্যুতের জন্য চুক্তিতে যে দুই লাখ টাকার কথা ছিল, সেটা দেওয়ার পরও ডেভেলপার সপ্তাহখানেক আগে বিল্ডিংয়ে অবৈধভাবে গ্যাসের লাইন দিয়েছে। আমি গ্যাসের ডিমান্ড নোট দেখতে চাইলে আমার অংশের গ্যাস লাইন কেটে দেওয়ার হুমকি দেয়, আর বিদ্যুতের সোলার সিস্টেমের জন্য আমার কাছে আরও টাকা চায়। চুক্তিতে এর কোনো উল্লেখ না থাকলেও কি এই টাকা দিতে আমি বাধ্য?",no,Text starts mid-story; the earlier part describing the developer agreement is not included.,Sifat
prot_0114_06,Iftiaq,49,"উল্লিখিত আইনত বাধ্যবাধকতা না থাকার সুযোগে আর্থিক ও মানসিকভাবে ক্ষতিগ্রস্ত করে অন্যায় চাপ সৃষ্টি করার মাধ্যমে প্রথম পক্ষ অন্যায়ভাবে লাভবান হওয়ার অপচেষ্টা করছে। অপরদিকে, দ্বিতীয় পক্ষ নিজের স্বত্বদখলীয় জমি থেকে ভোগদখলে মামলার হয়রানির শিকার হয়ে বসতভিটাতে বসবাস করা দুরূহ হচ্ছে। এমতাবস্থায় উল্লিখিত হয়রানি থেকে আমি কীভাবে রেহাই পেতে পারি?","ওপরে বলা আইনি বাধ্যবাধকতা না থাকার সুযোগ নিয়ে প্রথম পক্ষ আর্থিক ও মানসিকভাবে ক্ষতি করে অন্যায় চাপ দিয়ে নিজেরা অন্যায়ভাবে লাভবান হতে চাইছে। অন্যদিকে দ্বিতীয় পক্ষ নিজের মালিকানা ও দখলে থাকা জমি ভোগ করতে গিয়ে মামলার হয়রানিতে পড়ছে, ফলে নিজের বসতভিটায় থাকাটাই কঠিন হয়ে গেছে। এ অবস্থায় এই হয়রানি থেকে আমি কীভাবে মুক্তি পেতে পারি?",no,Text starts mid-story; 'first party' and 'second party' refer to details given earlier in the letter.,Sifat
prot_0115_03,Iftiaq,126,"আমার বয়স ২৬। বিয়ে হয়েছে প্রায় তিন বছর। ভালোবেসে নিজের পছন্দে বিয়ে করি। আমার স্বামী আমার চেয়ে প্রায় ছয় বছরের বড়। তাঁকে বিয়ে করার পর থেকে তিনি আমার মা-বাবার সঙ্গে যোগাযোগ করতে বাধা দিয়েছেন। আমি তাঁর কোনো কথার অবাধ্য হলে প্রায়ই আমাকে গালাগাল করেন এবং আমার গায়ে হাত তোলেন। আমি ইতিমধ্যে দুবার গর্ভবতী হলে তিনি আমাকে এমআর করে বাচ্চা নষ্ট করতে বাধ্য করেন। এতে আমার প্রজনন স্বাস্থ্যের ক্ষতি হচ্ছে। মাঝেমধ্যে আমার ইচ্ছা না থাকলেও আমাকে শারীরিক মেলামেশায় বাধ্য করেন। তাঁর এত সব নির্যাতন সত্ত্বেও আমি সব মেনে নিয়ে তাঁর সংসার করছি। কিন্তু আমি আর এ নির্যাতন সহ্য করতে পারছি না। আমি আমার স্বামীকে প্রচণ্ড ভালোবাসি, তাঁকে ত্যাগ করতে চাচ্ছি না। এমতাবস্থায় এসব নির্যাতন থেকে রেহাই পেতে আমার স্বামীর বিরুদ্ধে আমি কি কোনো আইনি ব্যবস্থা নিতে পারি?","আমার বয়স ২৬, বিয়ে হয়েছে প্রায় তিন বছর। ভালোবেসে নিজের পছন্দেই বিয়ে করেছি। স্বামী আমার চেয়ে প্রায় ছয় বছরের বড়। বিয়ের পর থেকেই তিনি আমাকে বাবা-মায়ের সঙ্গে যোগাযোগ রাখতে দেন না। তাঁর কোনো কথা না শুনলেই প্রায়ই গালাগাল করেন, গায়ে হাত তোলেন। এর মধ্যে দুবার আমি অন্তঃসত্ত্বা হয়েছিলাম, দুবারই তিনি জোর করে এমআর করিয়ে বাচ্চা নষ্ট করিয়েছেন। এতে আমার প্রজনন স্বাস্থ্যের ক্ষতি হচ্ছে। মাঝে মাঝে আমার ইচ্ছা না থাকলেও জোর করে শারীরিক সম্পর্ক করেন। এত নির্যাতনের পরও সব মুখ বুজে মেনে নিয়ে সংসার করে যাচ্ছি। কিন্তু এই অত্যাচার আর সহ্য করতে পারছি না। স্বামীকে আমি ভীষণ ভালোবাসি, তাঁকে ছেড়ে যেতে চাই না। এ অবস্থায় এসব নির্যাতন থেকে বাঁচতে স্বামীর বিরুদ্ধে কি কোনো আইনি ব্যবস্থা নিতে পারি?",no,,Sifat
prot_0121_02,Iftiaq,35,"মুকুল সাহেব নাটোর। পরামর্শ: নানা যদি তাঁর সম্পত্তি ছেলেদের দান করে দিয়ে থাকেন এবং এই সম্পত্তি যদি ছেলেদের নামে হস্তান্তর করে থাকেন, তাহলে এই সম্পত্তির মালিক নানার ছেলেরা। এখানে লিখে দেওয়া বলতে কী দান বোঝাচ্ছেন?","পরামর্শ: নানা যদি তাঁর সম্পত্তি ছেলেদের দান করে থাকেন এবং সেই সম্পত্তি ছেলেদের নামে হস্তান্তরও করে থাকেন, তাহলে ওই সম্পত্তির মালিক নানার ছেলেরাই। এখানে ‘লিখে দেওয়া’ বলতে কি আপনি দান করার কথা বোঝাতে চেয়েছেন?",yes,"Not a question: the letter-writer's signature (name, district; removed) followed by the columnist's reply.",Sifat
prot_0126_02,Iftiaq,8,আমরা মামলা করে কি ওই জায়গা পেতে পারি?,মামলা করে কি জায়গাটা আমাদের হাতে আসবে?,no,Short follow-up fragment; context in an earlier part of the letter.,Sifat
prot_0135_01,Iftiaq,57,আমরা তিন ভাই ও এক বোন। ছোট ভাই স্ত্রী ও এক কন্যা রেখে মারা গেছেন। এখন আমরা কি ছোট ভাইয়ের সম্পত্তি পাব? এরই মধ্যে মেজ ভাই ছোট ভাইয়ের সম্পত্তি কিনে নিয়েছেন। এই দলিলে আমার আর বোনের সাক্ষী হিসেবে স্বাক্ষর নিয়েছেন। এতে করে আমাদের প্রাপ্য স্বত্ব কি নষ্ট হয়ে গেছে? আমরা কী করে প্রাপ্য স্বত্ব প্রতিষ্ঠিত করতে পারি?,"আমরা তিন ভাই আর এক বোন। আমাদের ছোট ভাই বউ আর একটা মেয়ে রেখে মারা গেছেন। এখন কি ছোট ভাইয়ের সম্পত্তিতে আমরা ভাগ পাব? এর মধ্যেই মেজো ভাই ছোট ভাইয়ের সম্পত্তি কিনে নিয়েছেন, আর সেই দলিলে আমার আর বোনের সই নিয়েছেন সাক্ষী হিসেবে। এতে কি আমাদের পাওনা অধিকার নষ্ট হয়ে গেল? কীভাবে আমরা আমাদের প্রাপ্য স্বত্ব প্রতিষ্ঠা করতে পারি?",no,,Sifat
prot_0137_01,Iftiaq,151,"পত্রপত্রিকায় প্রায়ই খবর আসে অমুক গ্রামে গ্রাম্য সালিসে কোনো ব্যক্তি বা পরিবারকে এই বা ওই শাস্তি দেওয়া হয়েছে। দেশের প্রচলিত আইনে গ্রাম্য সালিস বৈধ কি না? বৈধ হলে এর এখতিয়ার কতটুকু? গ্রাম্য সালিসে শাস্তি দেওয়া গেলে তার সর্বোচ্চ মাত্রা কত? সমাজের বা গ্রামের কোনো প্রচলিত নিয়মকে চরমভাবে উপেক্ষা করলে কিংবা গ্রামের শৃঙ্খলা বিঘ্নিত হয় এমন কোনো কাজে জড়িত থাকার অভিযোগে গ্রামের সব মানুষের সিদ্ধান্তক্রমে অভিযুক্ত ব্যক্তিকে সমাজচ্যুত বা একঘরে করে রাখা যায় কি? একঘরে করা আইনের সঙ্গে সামঞ্জস্য কি না? কোনো কারণে সমাজচ্যুত করা যায় কি? উল্লেখ্য, সমাজচ্যুত করার অর্থ হলো অভিযুক্ত ব্যক্তির সঙ্গে সামগ্রিকভাবে সব লেনদেন, কথাবার্তা, মেলামেশা বন্ধ করে দিয়ে তাকে গ্রামের সিদ্ধান্ত মেনে নিতে বাধ্য করা হয়। যখন ওই ব্যক্তি তার ভুল গ্রামের মানুষের সামনে স্বীকার করে এবং এ মর্মে প্রতিশ্রুতি দেয় যে আর এ রকম করবে না, তখন তাকে আবার সমাজে স্বাভাবিকভাবে মেনে নেওয়া হয়। বিষয়টির আইনি দিক সম্পর্কে বিস্তারিত জানতে চাই। মো. সরফরাজ আলম ঢাকা বিশ্ববিদ্যালয়","পত্রপত্রিকায় প্রায়ই খবর আসে, অমুক গ্রামে গ্রাম্য সালিসে কোনো মানুষ বা পরিবারকে এই-সেই শাস্তি দেওয়া হয়েছে। দেশের প্রচলিত আইনে গ্রাম্য সালিস কি বৈধ? বৈধ হলে তার ক্ষমতা কতখানি? গ্রাম্য সালিসে শাস্তি দেওয়া গেলে সর্বোচ্চ কতটা শাস্তি দেওয়া যায়? সমাজ বা গ্রামের কোনো প্রচলিত নিয়ম একেবারে অমান্য করলে, কিংবা গ্রামের শৃঙ্খলা নষ্ট হয় এমন কাজে জড়ানোর অভিযোগে, গ্রামের সবার সিদ্ধান্তে অভিযুক্ত লোককে কি সমাজচ্যুত বা একঘরে করে রাখা যায়? একঘরে করা কি আইনের সঙ্গে মেলে? কোনো কারণে কাউকে সমাজচ্যুত করা কি যায়? বলে রাখি, সমাজচ্যুত করা মানে অভিযুক্ত লোকটার সঙ্গে সব ধরনের লেনদেন, কথাবার্তা আর মেলামেশা পুরোপুরি বন্ধ করে দিয়ে তাকে গ্রামের সিদ্ধান্ত মানতে বাধ্য করা। লোকটা যখন গ্রামের মানুষের সামনে নিজের ভুল স্বীকার করে আর কথা দেয় যে আর এমন করবে না, তখন আবার তাকে স্বাভাবিকভাবে সমাজে ফিরিয়ে নেওয়া হয়। বিষয়টার আইনি দিক নিয়ে বিস্তারিত জানতে চাই।",yes,"Removed signature (name, university).",Sifat
