qid,annotator,n_words,question_bn,paraphrase,pii_removed,notes,merged_from
ajke_0139_01,Sarwad,22,আমি একজন উদ্যোক্তা। ছয় বছর ধরে রেজিনের পণ্য তৈরি ও বিপণন করছি। পণ্যের ডিজাইন নিজেই করি। সেগুলো কীভাবে কপিরাইট করে নিতে পারি?,আমি ছয় বছর ধরে নিজের নকশায় রেজিনের জিনিস বানিয়ে বিক্রি করছি। আমার তৈরি ডিজাইনগুলো কপিরাইটের আওতায় আনতে কী করতে হবে?,no,,
ajke_0147_01,Sarwad,53,"সবাই মিলে কিছুটা জোর করে আমাদের ওই পরিবারে যুক্ত করতে চাচ্ছেন। তবে আমি সেই বিষয়ে অনিচ্ছা প্রকাশ করলে তাঁরা আমার সঙ্গে দুর্ব্যবহার করেন। আমার ধারণা, জমিজমার কারণে তাঁরা আমার ছেলেকে কোনোভাবে তাঁদের পক্ষে করার চেষ্টা চালাচ্ছেন। আমি এ ধরনের কোনো সমস্যায় পড়তে চাই না। এর বিরুদ্ধে কি আমি কোনো আইনি পদক্ষেপ নিতে পারি?",জমিজমার স্বার্থে আত্মীয়েরা জোর করে আমাদের ওই পরিবারের সঙ্গে যুক্ত করতে চাইছেন। আমি আপত্তি করায় দুর্ব্যবহার করছেন এবং আমার ছেলেকে নিজেদের পক্ষে টানছেন। এর বিরুদ্ধে আইনি ব্যবস্থা নিতে পারি কি?,no,,
ajke_0168_01,Sarwad,28,পরে আমি মামলা তুলে নিই। দীর্ঘদিন আমরা ঘর-সংসার করে আসছি। কিন্তু হঠাৎ সে তালাকের নোটিশ পাঠিয়েছে। কিন্তু আমি সংসার করতে চাই। তার বিরুদ্ধে কি আইনি পদক্ষেপ নিতে পারব?,"আগের মামলা তুলে নেওয়ার পর আমরা অনেক দিন সংসার করেছি। হঠাৎ স্বামী তালাকের নোটিশ পাঠিয়ে যোগাযোগ বন্ধ করেছে, কিন্তু আমি সংসার রাখতে চাই। আমি কি আইনি পদক্ষেপ নিতে পারি?",no,,
ajke_0174_01,Sarwad,62,"সম্প্রতি কোনো একটি ফেক ফেসবুক আইডি দিয়ে আমার আপত্তিকর কিছু ডিপফেক ছবি আমার স্বামীর কলিগদের কাছে পাঠানো হয়েছে। এরপর স্বামী বিষয়টি আমাকে জানালে আমিও বুঝে উঠতে পারছি না, এটা আসলে কে করছে। আইডিটা লন্ডনের লোকেশনে খোলা হয়েছে। এরপর সেই আইডি থেকে আমার ভাই ও বাবার নামে আপত্তিকর কথা লিখে বিভিন্ন পোস্ট করা হয়। সাইবার ক্রাইমে কীভাবে মামলা করলে আমি সর্বোচ্চ সাহায্য পাব?",ভুয়া ফেসবুক আইডি থেকে আমার ডিপফেক আপত্তিকর ছবি স্বামীর সহকর্মীদের পাঠানো হয়েছে। বিদেশি লোকেশন দেখানো ওই আইডি দিয়ে ভাই ও বাবাকে নিয়েও কুরুচিকর পোস্ট হচ্ছে। সাইবার আইনে সর্বোচ্চ সহায়তা পেতে কীভাবে মামলা করব?,no,,
ajke_0184_01,Sarwad,63,আমার এক কাজিনের মেয়ে দ্বাদশ শ্রেণিতে পড়েন। একদিন কলেজ শেষে বাড়ি ফেরার সময় এক লোক তাঁকে ভয় দেখিয়ে বাসায় নিয়ে গিয়ে যৌন হেনস্তা করেন। তারপর তাঁর কাছে টাকা দাবি করেন। ওই মেয়ে টাকা দেওয়ার কথা বলে বাড়ি এসে মানসিকভাবে ভেঙে পড়েন। এখন কলেজে যেতে ভয় পাচ্ছেন। তাঁর মা মানসম্মানের ভয়ে কিছু করতে বা কারও কাছে সাহায্য চাইতে পারছেন না। এখন কী করা উচিত?,"আমার এক আত্মীয়ের দ্বাদশ শ্রেণিপড়ুয়া মেয়েকে কলেজ থেকে ফেরার পথে ভয় দেখিয়ে বাসায় নিয়ে যৌন হেনস্তা করা হয় এবং টাকা চাওয়া হয়। সে ভেঙে পড়েছে, কলেজে যেতে ভয় পাচ্ছে; মা লোকলজ্জায় চুপ। এখন কী করা উচিত?",no,,
ajke_0202_01,Sarwad,73,"প্রশ্ন: আমি একজন সরকারি চাকরিজীবী। ২০১৬ সালে আমার বিয়ে হয়। চার বছর বয়সী একটি কন্যাসন্তান রয়েছে। স্বামীর সঙ্গে অনেক দিন ধরেই বনিবনা হচ্ছে না। ছয় মাস ধরে আমার বাবার বাড়িতে আছি। স্বামীকে তালাক দিতে চাই। কিন্তু এ কথা বললেই তিনি সন্তানকে আমার কাছ থেকে নিয়ে যাওয়ার ভয় দেখাচ্ছেন। আমি জানতে চাই, যদি স্বামীকে তালাক দিই, তাহলে আসলেই কি তিনি আমার সন্তানকে নিয়ে যেতে পারবেন? সন্তানের কাস্টডি নিজের কাছে রাখতে আমার কী করতে হবে?","আমার বিয়ে ২০১৬ সালে, চার বছরের একটি মেয়ে আছে। ছয় মাস ধরে বাবার বাড়িতে আছি এবং স্বামীকে তালাক দিতে চাই। তিনি সন্তান কেড়ে নেওয়ার ভয় দেখান। তালাকের পর মেয়েকে নিজের কাছে রাখতে কী করতে হবে?",no,,
lawy_0218_01,Sarwad,9,"বার বার আমিন দিয়ে জমি মেপে হয়রান, করণীয় কী?",বারবার আমিন এনে জমি মাপিয়ে আমাকে হয়রানি করা হচ্ছে। এটা বন্ধ করতে কী ব্যবস্থা নিতে পারি?,no,,
lawy_0242_01,Sarwad,11,গোপনে ধারণকৃত ভিডিও ও ছবি দিয়ে প্রতারণার শিকার হলে কী করবেন?,গোপনে তোলা ছবি বা ভিডিও ব্যবহার করে কেউ প্রতারণা করলে ভুক্তভোগীর কী আইনি করণীয় আছে?,no,,
lawy_0314_01,Sarwad,10,দানপত্র দলিল রেজিস্ট্রেশনের পরে সেটি পুনরায় বাতিল করা যায় কি?,দানপত্রের দলিল একবার রেজিস্ট্রি হয়ে গেলে পরে কি সেটি বাতিল করার সুযোগ আছে?,no,,
lawy_0533_01,Sarwad,8,বিজ্ঞাপনে মিথ্যাচার ও বর্ণবাদ : আইনি প্রতিকার কী?,কোনো বিজ্ঞাপনে মিথ্যা তথ্য ও বর্ণবাদী বক্তব্য থাকলে তার বিরুদ্ধে কী আইনি প্রতিকার পাওয়া যায়?,no,,
prot_0000_04,Sarwad,88,"আমার সমস্যা হচ্ছে, আমার মায়েরা চার বোন ও এক ভাই। নানা মারা গেছেন। নানি জীবিত। নানার সম্পত্তি তিন বোন নিয়েছেন। ছোট খালা এখনো নেননি। অনেক ঘোরাঘুরি করছেন কিন্তু মামা বিভিন্ন অজুহাত দেখাচ্ছেন। আমার নানির দুই আনা সম্পত্তিসহ নিজের নামে ৯৯ শতাংশ জমি ছিল, যা মায়েরা চার বোন এবং এক মামা উত্তরাধিকারসূত্রে পাওনাদার ছিল। কিন্তু গত ১০ জুলাই তারিখে আমার মামা, মামাতো ভাই, বোন এবং মামি চাপ দিয়ে মামার নামে রেজিস্ট্রি করে নিছে। রেজিস্ট্রি করার পর ঘটনাটি জানাজানি হয়। এখন আদৌ কি আমার মায়ের প্রাপ্য অংশ ফিরে পাওয়া সম্ভব?","আমার মা-খালারা চার বোন ও এক ভাই। নানা মারা গেছেন, নানি জীবিত। নানার জমিতে ছোট খালা এখনো অংশ পাননি। নানির দুই আনা অংশসহ নিজের ৯৯ শতাংশ জমি পাঁচ সন্তানের পাওয়ার কথা ছিল, কিন্তু গত ১০ জুলাই মামা পরিবারকে চাপ দিয়ে সব নিজের নামে রেজিস্ট্রি করিয়েছেন। আমার মা কি তাঁর অংশ ফেরত পেতে পারেন?",no,,
prot_0003_03,Sarwad,114,"২০১৩ সালে আমার বোনের বিয়ে হয়। বোন এখন তাঁর স্বামীকে তালাক দিতে চান। বিয়ে কাজি অফিসে নিবন্ধিত হয়েছিল। বর্তমানে আমার বোন কানাডায় থাকেন এবং সে দেশের স্থায়ী বাসিন্দা। তাঁর স্বামী থাকেন বগুড়ায়। তিনি কানাডা যাওয়ার জন্য চেষ্টা করেছেন কিন্তু প্রয়োজনীয় কাগজপত্র পাননি। আমি ঢাকায় থাকি। বোনের তালাকের আইনি প্রক্রিয়া কি আমরা ঢাকা থেকেই করতে পারব, নাকি বগুড়ায় যেতে হবে? তালাকের প্রক্রিয়া কি কাজি অফিসের মাধ্যমেই করতে হবে? আরেকটি বিষয়। আমরা তিন ভাই, তিন বোন। একই ভবনে আমাদের সাতটা ফ্ল্যাট রয়েছে। এর একটি আমার মায়ের। এখন আমার মা চাচ্ছেন ফ্ল্যাটটি তাঁর ছেলেমেয়েদের উইল করে দিয়ে দিতে। তিনি কি মুসলিম আইন অনুযায়ী এটা করতে পারেন? আমরা ভাই ও বোনেরা কি সমান অংশ পাব? নাম প্রকাশে অনিচ্ছুক","আমার বোনের বিয়ে ২০১৩ সালে কাজি অফিসে নিবন্ধিত হয়। তিনি এখন কানাডার স্থায়ী বাসিন্দা, স্বামী অন্য জেলায় থাকেন। বাংলাদেশে থাকা আমরা কি ঢাকা থেকে তালাকের প্রক্রিয়া করতে পারব, নাকি স্বামীর জেলায় বা কাজি অফিসে যেতে হবে? আবার আমাদের মায়ের সাতটি ফ্ল্যাটের একটি তিনি তিন ছেলে ও তিন মেয়েকে উইল করতে চান। মুসলিম আইনে তা সম্ভব হলে সবাই কি সমান ভাগ পাব?",yes,,
prot_0004_04,Sarwad,23,"পাবলিক প্লেসে ধূমপানের অপরাধে কত দিনের সাজা হতে পারে? ধূমপানের কারণে কাউকে শাস্তি দিতে হলে, আমি কীভাবে পুলিশের সাহায্য পাব? মেরিনা বুশরা কুমিল্লা",প্রকাশ্য স্থানে ধূমপান করলে জেল বা অন্য কী শাস্তি হয়? কাউকে এ অপরাধে শাস্তি দিতে পুলিশের সহায়তা চাইলে কীভাবে এগোতে হবে?,yes,,
prot_0006_04,Sarwad,22,আমরা দুই বোন ও এক ভাই। আমি শুনেছি মৃত পিতার বসতবাড়ির সম্পত্তিতে মেয়েদের কোনো অধিকার থাকে না। এটা কি সত্য? তানিয়া শারমীন,আমরা দুই বোন ও এক ভাই। বাবা মারা যাওয়ার পর শুনছি তাঁর বসতবাড়িতে মেয়েদের কোনো অধিকার নেই। কথাটা কি আইনে সত্য?,yes,,
prot_0010_01,Sarwad,85,"আমার বয়স ১৯ বছর। গত চার বছর ধরে আমার একটি মেয়ের সঙ্গে গভীর সম্পর্ক চলছে। আমাদের সম্পর্ক খুব ভালোভাবেই কাটছে। দুজনে সিদ্ধান্ত নিয়েছি, আমরা বিয়ে করব। কিন্তু মেয়েটির বয়স ১৬ বছর। তাই আমরা আগামী দুই বছর অপেক্ষা করেই বিয়ের কাজ সম্পন্ন করতে চাচ্ছি। কিন্তু আমাদের দুজনের ধর্ম আলাদা। বিষয়টি মেয়ের পরিবারে জানাজানির পর তারা সাফ জানিয়ে দিয়েছে, তারা কোনোভাবেই মেনে নেবে না। তাই আমরা সিদ্ধান্ত নিয়েছি বিয়ের সময় হলে, পালিয়ে গিয়ে বিয়ে করব। আমরা কীভাবে আমাদের বিয়ে সম্পন্ন করতে পারি? নাম ও ঠিকানা প্রকাশে অনিচ্ছুক","আমার বয়স ১৯, আর চার বছর ধরে ১৬ বছরের এক মেয়ের সঙ্গে সম্পর্ক। আমরা তার ১৮ বছর হওয়া পর্যন্ত অপেক্ষা করে বিয়ে করতে চাই, কিন্তু ধর্ম আলাদা বলে পরিবার মানছে না। বয়স হলে পালিয়ে গিয়ে আইনিভাবে কীভাবে বিয়ে করতে পারি?",no,,
prot_0011_05,Sarwad,178,"আমি আমার বাবার দ্বিতীয় পক্ষের মেয়েসন্তান। আমরা দুই বোন এক ভাই। বড় বোন বিবাহিত। আমি স্নাতক (সম্মান) চতুর্থ বর্ষে আর আমার ভাই প্রথম বর্ষে পড়াশোনা করে। এক সপ্তাহ আগে আমার বাবা গোপনে তাঁর সমস্ত সম্পত্তি (২ একর ৬৭ শতক) তাঁর প্রথম পক্ষের দুই ছেলেকে দলিল করে দিয়েছেন। আমার ভাইকে কোনো সম্পত্তি না দিয়ে, তাঁকে উত্তরাধিকার থেকে বঞ্চিত করেছেন। আমার বাবা আমাদের দুই ভাইবোনের পড়াশোনার কোনো খরচ বহন করেন না এবং মাসহ আমাদের কোনো ভরণপোষণ দেন না। তাতে আমরা মৌখিকভাবে অনেক অভিযোগ করলেও কোনো লাভ হয়নি। কিন্তু শেষ পর্যন্ত বাবার সম্পত্তি থেকে বঞ্চিত হব, এটা কোনোভাবেই আমরা মেনে নিতে পারছি না। এমনকি তিনি আমাদের বসতবাড়িটাও তাঁর দুই ছেলের নামে লিখে দিয়েছেন। আমাদের বাড়ি থেকে তাড়িয়ে দিয়েছেন। তবে এখনো তাঁর ৬৯ শতক জমি ব্যাংকের কাছে দায়বদ্ধ (মর্টগেজ) আছে। এখন প্রশ্ন হলো, আমরা বাবার এই অন্যায় কাজের বিরুদ্ধে কী ধরনের পদক্ষেপ নিতে পারি এবং উত্তরাধিকার সূত্রে কীভাবে তাঁর সম্পত্তির অংশ পেতে পারি। সঠিক আইনটি জানালে আমরা অনেক উপকৃত হব। বাংলাদেশে কি এমন আইন করা যায় না, যেখানে কোনো বাবাই তাঁর কোনো সন্তানকে তার ন্যায্য পাওনা থেকে বঞ্চিত করতে পারবেন না? সুলতানা","আমি বাবার দ্বিতীয় স্ত্রীর মেয়ে; আমরা দুই বোন ও এক ভাই, দুজন এখনো পড়ি। বাবা আমাদের খরচ বা ভরণপোষণ দেন না এবং ২ একর ৬৭ শতকসহ বসতবাড়ি প্রথম পক্ষের দুই ছেলেকে গোপনে লিখে দিয়ে আমাদের বের করেছেন। শুধু ব্যাংকে বন্ধক থাকা ৬৯ শতক বাকি। এই হস্তান্তরের বিরুদ্ধে কী করতে পারি, এবং বাবার সম্পত্তিতে উত্তরাধিকার কীভাবে পাব?",yes,,
prot_0012_04,Sarwad,81,"আমার বয়স ২২ বছর। আমার বাবা প্রথম পক্ষের স্ত্রীর গর্ভে বাচ্চা থাকা অবস্থায় তাঁকে তালাক দেন। সেটা ১৯৯০ সালে। এখন পর্যন্ত তাঁদের সঙ্গে কোনো যোগাযোগ নেই। আমার মা দ্বিতীয় পক্ষ। আমাদের ভিটাবাড়ি ছাড়া আর কোনো জমি নেই। আমাদের আর্থিক অবস্থা ভালো না। আমি এখন সংসার চালাই, বাবার বয়স হয়েছে। তিনি এখন আর কাজ করতে পারেন না। এখন কি প্রথম পক্ষের সন্তান আমার বাবার সম্পত্তির ভাগ পাবে। আমার বাবা আমার নামে সম্পত্তি দলিল করে দিলে কি আইনিভাবে বৈধ হবে? নাম প্রকাশে অনিচ্ছুক","আমার বয়স ২২। বাবা ১৯৯০ সালে প্রথম স্ত্রীকে গর্ভাবস্থায় তালাক দেন; তাঁদের সঙ্গে আর যোগাযোগ নেই। আমি দ্বিতীয় স্ত্রীর সন্তান, আমাদের শুধু ভিটাবাড়ি আছে এবং এখন আমিই সংসার চালাই। প্রথম পক্ষের সন্তান কি বাবার সম্পত্তি পাবে? বাবা আমার নামে দলিল করলে তা বৈধ হবে?",no,,
prot_0018_03,Sarwad,47,"আমি বড় হওয়ার পর দাদার কাছে আমাদের প্রাপ্য সম্পত্তি চাইতে গেলে দাদা ও চাচারা বলেন, আমার বাবা দাদার আগে মারা গেছেন। সে জন্য আমরা কোনো সম্পত্তি পাব না। এর কিছুদিন পর দাদা মারা যান। তিনি কারও নামে কোনো দলিল করে দিয়ে যাননি। আইনগতভাবে আমরা কি সম্পত্তি পাব?",বাবা দাদার আগেই মারা যাওয়ায় দাদা-চাচারা বলেছিলেন আমরা কোনো সম্পত্তি পাব না। পরে দাদাও কোনো দলিল না করে মারা গেছেন। বাবার সন্তান হিসেবে আমরা কি দাদার সম্পত্তিতে অংশ পাব?,no,,
prot_0026_02,Sarwad,60,"আমার ছোট বোন ও তার স্বামীর তালাক হয়ে গেছে প্রায় আট মাস। তালাক আমার বোনই দেয়, তার স্বামীর কাছে তিনবার তালাকের নোটিশও গিয়েছে। এখন তারা নিজেরা ভুল বুঝতে পেরেছে এবং আবার সংসার করতে চায়। ইসলামের দৃষ্টিতে তারা কি আবার বিয়ে করতে পারে? এখন কি আমার বোনকে হিল্লা বিয়ে করতে হবে? বাংলাদেশের প্রেক্ষাপটে এভাবে বিয়ে করাটা কি যুক্তিসংগত হবে? মেহজাবিন রহমান","আমার ছোট বোন আট মাস আগে স্বামীকে তালাক দিয়েছে এবং তিনবার নোটিশ গেছে। এখন দুজন ভুল বুঝে আবার সংসার করতে চায়। তারা কি পুনরায় বিয়ে করতে পারবে, নাকি হিল্লা বিয়ে লাগবে? বাংলাদেশে এমন বিয়ে আইনসম্মত কি?",yes,,
prot_0032_03,Sarwad,45,"বাবা আমার মায়ের নামে জমি ও বাড়ি দানপত্র রেজিস্ট্রি করে গেছেন। আমি বিবাহিত, তাই হিন্দু আইনে কোনো সম্পত্তি পাব না। মা আমাকে বিয়ের খরচ বাবদ কিছু জমি ও বাড়ি দিতে চান। দলিলটি কীভাবে লিখলে তা গ্রহণযোগ্য হবে। ভাই মামলা করলে আইন কি আমার পক্ষে থাকবে?",বাবা জমি-বাড়ি মায়ের নামে দানপত্রে রেজিস্ট্রি করে গেছেন। বিবাহিত হিন্দু মেয়ে বলে আমি উত্তরাধিকার পাব না শুনেছি। মা বিয়ের খরচ হিসেবে আমাকে কিছু সম্পত্তি দিতে চান। কোন দলিলে দিলে তা টিকবে এবং ভাই মামলা করলে আইন কি আমার পক্ষে থাকবে?,no,,
prot_0035_04,Sarwad,43,"আমরা দুই ভাই, এক বোন। বাবা মারা গেছেন। আমাদের একমাত্র চাচা এখন আমাদের পৈতৃক সূত্রে পাওয়া জমির ভোগদখল করছেন। আমরা আমাদের বাবার ভাগ চাইতে গেলে তিনি হুমকি দেন। স্থানীয় মানুষও তাতে সমর্থন দেন। আমরা কীভাবে আমাদের পাওনা অংশটুকু পেতে পারি? নাম প্রকাশে অনিচ্ছুক","আমরা দুই ভাই ও এক বোন; বাবা মারা গেছেন। একমাত্র চাচা বাবার পৈতৃক জমির অংশ দখল করে আছেন এবং চাইলে হুমকি দেন, স্থানীয়রাও তাঁকে সমর্থন করে। নিজেদের অংশ কীভাবে উদ্ধার করব?",no,,
prot_0037_06,Sarwad,38,এখন আমরা বিয়ে করতে চাই। কিন্তু মেয়েটির বয়স ১৮ বছর হয়নি। জন্মনিবন্ধন অনুযায়ী তার বয়স ১৭ বছর আট মাস। আমি কি তার ১৮ বছর বয়স হলে বিয়ে করতে পারব। পরে মেয়েটির পরিবার আমাদের কোনো ক্ষতি করতে পারবে কি?,"আমরা বিয়ে করতে চাই, কিন্তু জন্মনিবন্ধনে মেয়েটির বয়স এখন ১৭ বছর ৮ মাস। সে ১৮ হলে কি আমরা আইনিভাবে বিয়ে করতে পারব? পরে তার পরিবার আমাদের বিরুদ্ধে কিছু করতে পারবে?",no,,
prot_0040_03,Sarwad,79,"আমার মামা প্রবাসী। মামার স্ত্রী দেশে থাকেন। তিনি বেড়ানোর নাম করে মামার বাড়ি থেকে তাঁর বাপের বাড়িতে চলে যান। কিছুদিন পর আমরা অর্থাৎ মামার আত্মীয় স্বজন শুনতে পাই (ইউনিয়ন পরিষদের মাধ্যমে) যে, তিনি মামাকে তালাক দিয়েছেন। তবে আমার মামা এখনো প্রায় ১৩-১৪ মাস হলো কোনো কাগজপত্র পাননি। প্রশ্ন হলো ইসলামি আইনে স্ত্রীর তালাক দেওয়া বৈধ কি না? এবং আমার মামা যদি দেশে ফিরে তাঁর স্ত্রীকে আবার ঘরে আনতে চান (স্ত্রীর ইচ্ছায়), তাহলে কীভাবে আনতে পারবেন। নাম প্রকাশে অনিচ্ছুক ঢাকা","প্রবাসী মামার স্ত্রী বেড়ানোর কথা বলে বাবার বাড়ি গিয়ে ইউনিয়ন পরিষদের মাধ্যমে তালাক দিয়েছেন বলে শুনেছি, কিন্তু ১৩-১৪ মাসেও মামা কোনো কাগজ পাননি। স্ত্রী কি ইসলামি আইনে এভাবে তালাক দিতে পারেন? দুজন চাইলে মামা দেশে ফিরে কীভাবে আবার সংসার করবেন?",yes,,
prot_0044_03,Sarwad,126,"আমরা ছয় ভাই, আমি বড়। আমি ২০০৯ সালে আমার পছন্দের মেয়েকে আমার বাবার বিনা অনুমতিতে বিয়ে করি। চার বছর ধরে আমার সঙ্গে আমার বাবার যোগাযোগ নেই। আমি যোগাযোগ করার অনেকবার চেষ্টা করেছি, তিনি আমাদের মেনে নেননি। বর্তমানে আমার বাবা একটা মেয়েকে দত্তক নিতে চান। মাকে জোর করে রাজি করাতে চান। তিনি আমাদের ও মায়ের বিনা অনুমতিতে ওই মেয়েকে দত্তক নিতে পারবেন কি না? আমার মা রাজি না হলে তালাক দেওয়ার হুমকি দিচ্ছেন। এ নিয়ে বাবার বিরুদ্ধে আইনগত ব্যবস্থা নিতে পারব কি না। আমাদের অগোচরে বাবা সেই মেয়েকে বিভিন্ন জিনিস ও পড়ালেখার খরচ দেন। এখন আমাকে ও আমার স্ত্রীকে যেহেতু তিনি মেনে নেবেন না, সেহেতু তিনি আমাকে ত্যাজ্যপুত্র করলে বা আমি ত্যাজপুত্র হতে চাইলে আমি আমার বাবার অর্থ ও সম্পত্তির ভাগ পাব কি না? নাম প্রকাশে অনিচ্ছুকসাতক্ষীরা","বাবার অমতে ২০০৯ সালে বিয়ে করায় চার বছর ধরে তিনি যোগাযোগ রাখেন না। এখন মাকে জোর করে রাজি করিয়ে একটি মেয়েকে দত্তক নিতে চান এবং আপত্তি করলে তালাকের হুমকি দেন। তিনি কি পরিবারের অনুমতি ছাড়া দত্তক নিতে পারেন, আর আমরা কী ব্যবস্থা নিতে পারি? বাবা আমাকে ত্যাজ্য করলে বা আমি সম্পর্ক ছাড়লে তাঁর সম্পত্তির ভাগ পাব কি?",yes,,
prot_0046_01,Sarwad,104,"প্রায় চার বছর সম্পর্কের পর আমি বিয়ে করি। বিয়ের শর্ত ছিল, যেহেতু আমার দুই ভাই বিদেশে অবস্থান করছেন, তাই আপাতত শুধু কাবিন হয়ে থাকুক। দুই বছর পর তাঁরা একসঙ্গে দেশে এলে আনুষ্ঠানিকভাবে স্ত্রীকে আমার বাড়িতে নিয়ে আসব। আমাদের মধ্যে পারিবারিকভাবেই বিয়ে হয় এবং ওপরে উল্লিখিত সিদ্ধান্ত হয়। আমিও নিয়মিত শ্বশুরবাড়িতে যাওয়া-আসা করি। কিন্তু আমার স্ত্রীকে এখন খুবই হতাশাগ্রস্ত মনে হয়। সে আমাকে সব সময় চাপ দেয় তাকে আমার বাড়িতে নিয়ে আসার জন্য। আমি তাকে বলি, যেহেতু আগামী মাসে দুই ভাই দেশে আসবেন, তাই একটু ধৈর্য ধারণ করো, অক্টোবর মাসেই তোমাকে আমার বাড়িতে নিয়ে আসব। কিন্তু সে মানতে নারাজ। এ অবস্থায় আমি কী করতে পারি?নাছিমব্রাহ্মণবাড়িয়া","চার বছরের সম্পর্কের পর পারিবারিকভাবে আমাদের কাবিন হয়। কথা ছিল, বিদেশে থাকা দুই ভাই দুই বছর পর একসঙ্গে ফিরলে স্ত্রীকে অনুষ্ঠান করে বাড়ি আনব; আমি নিয়মিত শ্বশুরবাড়ি যাই। এখন ভাইরা আগামী মাসে ফিরবে এবং অক্টোবরে তাকে আনব বললেও স্ত্রী হতাশ হয়ে এখনই যেতে চাপ দিচ্ছে। এ অবস্থায় কী করব?",yes,,
prot_0047_04,Sarwad,109,"আমাদের দাম্পত্য জীবন ১৬ বছরের। আমার দুটি কন্যাসন্তান আছে। বড় মেয়ে পড়ে পঞ্চম শ্রেণীতে, আর ছোট মেয়ে পড়ে তৃতীয় শ্রেণীতে। আমার সাবেক স্বামী সরকারি চাকরিজীবী। পাঁচ মাস আগে আমাদের খোলা তালাক হয়ে যায়। তালাকের পর থেকে মেয়ে দুটি আমার কাছে থাকে। আমি বর্তমানে বেকার। আমার বাবা সংসার চালাচ্ছে এবং সাবেক স্বামী ১৫ হাজার টাকা দিচ্ছে প্রতি মাসে দুই কন্যার খরচ বাবদ।এখন আমার পরিবারের ইচ্ছায় আমি চাইছি অন্য কোথাও বিয়ে করতে। আমার প্রশ্ন হচ্ছে, আমি বিয়ে করলে বাচ্চা দুটি কি আমি আমার কাছে রাখতে পারব? তাদের বাবা তাদের নিয়ে যেতে প্রস্তুত। কিন্তু সে নেশাগ্রস্ত মানুষ। তাই একজন নেশাগ্রস্ত মানুষের কাছে আমার সন্তানদের ভবিষ্যৎ নষ্ট করতে চাই না।সাদিয়া আক্তারঠিকানা প্রকাশে অনিচ্ছুক","১৬ বছরের সংসারের পর পাঁচ মাস আগে খোলা তালাক হয়েছে। পঞ্চম ও তৃতীয় শ্রেণিপড়ুয়া দুই মেয়ে আমার কাছে থাকে; বেকার হওয়ায় বাবা সংসার চালান, আর সাবেক স্বামী মাসে ১৫ হাজার টাকা দেন। আমি আবার বিয়ে করলে কি মেয়েদের রাখতে পারব? তাদের বাবা নিতে চান, কিন্তু তিনি নেশাগ্রস্ত বলে সন্তানদের নিরাপত্তা নিয়ে ভয় পাচ্ছি।",yes,,
prot_0049_01,Sarwad,98,"পলিটেকনিক ইনস্টিটিউটে পড়ার সময় একটি ছেলের সঙ্গে আমার সম্পর্ক হয়। এর পরিপ্রেক্ষিতে ২০১১ সালে ওই ছেলের সঙ্গে প্রথমে মৌলভির সামনে বিয়ে হয় এবং পরবর্তী সময়ে নোটারি পাবলিকের মাধ্যমে বিয়ের এফিডেভিট করি, যা আমার পরিবারের কেউ জানে না। পড়া শেষ করে এখন আমি চাকরি করি এবং সে তার বাড়িতে থাকে। বর্তমানে সে আমাকে সন্দেহ করে এবং তালাক পর্যন্ত দিতে চায়। আমার মনে হচ্ছে, যার মধ্যে সন্দেহ ঢুকে গেছে, তার সঙ্গে সম্পর্ক রাখা ঠিক হবে না। আমিও তাকে তালাক দিতে ইচ্ছুক। তালাক দিতে চাইলে কী করতে হবে? আমি তাকে তালাক দিলে কি মোহরানা পাব? উল্লেখ্য, বিয়ের সব কাগজপত্র তার কাছে।সুমাচট্টগ্রাম","পড়ার সময় পরিচিত এক ছেলেকে ২০১১ সালে গোপনে প্রথমে মৌলভির সামনে বিয়ে করি, পরে নোটারি দিয়ে এফিডেভিট করি। এখন সে সন্দেহ করে এবং তালাক চায়; আমিও সম্পর্ক শেষ করতে চাই। স্ত্রী হিসেবে কীভাবে তালাক দেব, দেনমোহর পাব কি, আর সব কাগজ তার কাছে থাকলে কী করব?",yes,,
prot_0051_02,Sarwad,72,"আমার বয়স যখন তিন বছর, তখন আমার মা আমাকে একাকী রেখে মারা যান। তারপর আমার বাবা দ্বিতীয় বিয়ে করেন। সেই সংসারে পাঁচ মেয়ে ও তিন ছেলে রেখে আমার বাবা মারা যান। কিছুদিন পর আমার দ্বিতীয় মায়ের ছোট ছেলে মারা যায়। তা হলে ওই ছোট ভাইয়ের সম্পত্তির অংশ আমি পাব কি না? অথবা কে কে তার সম্পত্তির অংশীদার তা জানালে উপকৃত হব। আমার ছোট ভাই বিয়ে করেনি, তার কোনো সন্তান নেই।এ এস সরকারপাবনা","আমি তিন বছর বয়সে মাকে হারাই। বাবার দ্বিতীয় সংসারে পাঁচ মেয়ে ও তিন ছেলে ছিল; বাবা মারা যাওয়ার পর সেই পক্ষের ছোট ছেলে মারা গেছে। সে অবিবাহিত ও নিঃসন্তান ছিল। তার সম্পত্তিতে আমি অংশ পাব কি, আর অন্য উত্তরাধিকারী কারা?",yes,,
prot_0056_04,Sarwad,86,"আমি একজন সরকারি চাকরিজীবী। এক বছর আগে আমার এক আত্মীয়ের মেয়েকে বিয়ে করি। কিন্তু বিয়ের কয়েক সপ্তাহ পরে জানতে পারি, বিয়ের আগে তার অন্য এক ছেলের সঙ্গে সম্পর্ক ছিল। আমি তাকে খুব ভালোবাসতাম। কিন্তু এ কথা জানার পর তাকে আর মেনে নিতে পারছি না। মেয়েটি তার সম্পর্কের কথা স্বীকার করে না। কিন্তু তার আত্মীয়স্বজন, বন্ধুবান্ধব আমাকে বলেছে। তার সঙ্গে আমার দু-একদিন পরপর ঝগড়া হয়। আমি তাঁকে তালাকের কথা বললে সে রাজি হয় না। কিন্তু আমি আর সংসার করতে চাই না। তাঁকে কীভাবে তালাক দেব?নাম প্রকাশে অনিচ্ছুক","এক বছর আগে এক আত্মীয়ের মেয়েকে বিয়ে করি। কয়েক সপ্তাহ পর শুনি, বিয়ের আগে তার অন্য কারও সঙ্গে সম্পর্ক ছিল; সে অস্বীকার করলেও আত্মীয়-বন্ধুরা বলেছে। এ নিয়ে প্রায়ই ঝগড়া হয়। সে রাজি না হলেও আমি আর সংসার করতে চাই না—কীভাবে তালাক দেব?",no,,
prot_0059_02,Sarwad,154,"আমার বয়স ৪১ বছর এবং আমি তিন সন্তানের মা। ১৯৯৩ সালে পরিবারের কাউকে না জানিয়ে আমার সমবয়সী এক ছেলেকে কাজী অফিসে গিয়ে বিয়ে করে ফেলি। বিয়েতে সাক্ষী ছিল তার বন্ধুরা। বিয়ের পর তার বা আমার পরিবারের কাউকে এ খবর জানাইনি। কয়েক মাস পর সে বিদেশে চলে যায়। প্রথম দেড় বছর যোগাযোগ থাকলেও পরে একটানা পাঁচ মাস সে কোনো যোগাযোগ না করাতে আমি আদালত থেকে একটা তালাকনামা জোগাড় করে পাঠিয়ে দিই (১৯৯৫ সালে)। এর প্রায় ৩ সপ্তাহ পর পারিবারিকভাবে আমার বাবা-মায়ের পছন্দের ছেলের সঙ্গে আমার বিয়ে হয়। তালাকনামা পেয়ে সেই প্রবাসী ছেলে আমাকে ফোন করে কিন্তু তারপর ১৬ বছরের মধ্যে আর কোনো যোগাযোগ হয়নি। বর্তমানে আমি স্বামী ও তিন সন্তান নিয়ে সুখে আছি। আমার স্বামী এবং বাবা-মাকে আমার অতীত কিছু জানাইনি, জানাতেও চাই না। কিন্তু সব সময় আমার মনে হচ্ছে, কোথায় যেন ভুল হয়েছে বা হচ্ছে। ইসলামি আইন মোতাবেক আমার কি কোথাও ভুল হয়েছে? ভুল হয়ে থাকলে এ মুহূর্তে শোধরানোর উপায় কী? নাম প্রকাশে অনিচ্ছুকঢাকা","আমার বয়স এখন ৪১। ১৯৯৩ সালে পরিবারের অজান্তে সমবয়সী একজনকে কাজি অফিসে বিয়ে করেছিলাম। সে বিদেশে গিয়ে প্রথম দেড় বছর যোগাযোগ রাখে, পরে পাঁচ মাস চুপ থাকায় ১৯৯৫ সালে আদালত থেকে তালাকনামা পাঠাই। তিন সপ্তাহ পর পরিবারের পছন্দে আবার বিয়ে করি। প্রথম ব্যক্তি একবার ফোন করলেও ১৬ বছরে আর যোগাযোগ করেনি। বর্তমান স্বামী ও তিন সন্তান কিছু জানে না। ইসলামি আইনে ভুল হয়ে থাকলে এখন কীভাবে ঠিক করব?",yes,,
prot_0066_03,Sarwad,105,"আমি ঢাকায় স্নাতক শ্রেণীতে পড়ছি। ২০১০ সালে আমাদের এলাকার একজন লোকের সঙ্গে আমার ঝগড়া হয়। পরে তিনি আমার নামে ৩২৬ ধারায় একটি মিথ্যা মামলা করেন, যার প্রধান আসামি আমাকে করা হয়। মামলা করার কিছুদিন পরেই আমার নামে হুলিয়া জারি হয় এবং ওই মামলায় আমাকে ২১ দিন জেল খাটতে হয়। এখন আমি জামিনে আছি। জামিনের হাজিরা দিতে প্রতি মাসে আমাকে ঢাকা থেকে কুমিল্লায় যেতে হয়, যা আমার কাছে মানসিক দুশ্চিন্তা ও পড়ালেখায় অসুবিধার কারণ। যেহেতু এটি একটি মিথ্যা মামলা, যদি বাদী মামলা না ওঠান, তাহলে অন্য কোনো উপায়ে সহজে এ থেকে খালাস পাওয়া যাবে কি না? আর ভবিষ্যতে সরকারি চাকরি পেতে কোনো অসুবিধা হবে কি না?","স্নাতকে পড়ার সময় ২০১০ সালের ঝগড়ার পর একজন আমার বিরুদ্ধে ৩২৬ ধারায় মিথ্যা মামলা করে, আমাকে প্রধান আসামি বানায়। হুলিয়া জারি হয়ে ২১ দিন জেল খেটেছি; এখন জামিনে থেকে প্রতি মাসে অন্য জেলায় হাজিরা দিতে গিয়ে পড়াশোনা ও মানসিক অবস্থা ক্ষতিগ্রস্ত হচ্ছে। বাদী মামলা না তুললে দ্রুত খালাসের উপায় কী, আর সরকারি চাকরিতে সমস্যা হবে কি?",yes,,
prot_0069_03,Sarwad,57,"আমার দাদারা দুই ভাই চার বোন। আমার দাদার প্রাপ্ত সম্পত্তি ৩০ বিঘা। আমার দাদার কোনো ছেলেসন্তান নেই। একটি মাত্র মেয়ে। আমার দাদা চান, তাঁর সব সম্পত্তি ইসলামি শরিয়ত মোতাবেক সুষ্ঠুভাবে বণ্টন করে দিতে। প্রশ্ন হচ্ছে, তাঁর মেয়ে কতটুকু পাবে এবং তার ভাই ও বোনেরা কতটুকু পাবে?দাদার দুই বোন মারা গেছেন। তাঁদের ছেলেমেয়েরা কি দাদার সম্পত্তির ভাগ পাবেন?কবিররাজশাহী","দাদারা দুই ভাই ও চার বোন; দাদার সম্পত্তি ৩০ বিঘা। তাঁর ছেলে নেই, এক মেয়ে আছে। শরিয়ত অনুযায়ী জীবদ্দশায় বণ্টন করলে মেয়ে ও জীবিত ভাইবোনেরা কতটা পাবেন? মারা যাওয়া দুই বোনের সন্তানেরা কি কোনো অংশ পাবে?",yes,,
prot_0070_04,Sarwad,53,"২০০৬ সালে আমার এক আত্মীয়কে তিন লাখ টাকা দিয়েছিলাম ব্যবসার জন্য। সে বলেছিল আমাকে কিছু লাভ দেবে। কিন্তু সে লাভের টাকা দেওয়া দূরের কথা, আসল টাকাই দিচ্ছে না। কীভাবে আমি আমার টাকা পাব? টাকা দেওয়ার কোনো প্রমাণপত্র আমার কাছে নেই। সে শুধু আমাকে ঘোরাচ্ছে টাকা দেওয়ার কথা বলে। কীভাবে আমার টাকা পেতে পারি?","২০০৬ সালে ব্যবসার জন্য এক আত্মীয়কে তিন লাখ টাকা দিয়েছিলাম, লাভ দেওয়ার কথা ছিল। লাভ তো দেয়ইনি, মূল টাকাও ফেরত দিচ্ছে না; কোনো লিখিত প্রমাণ নেই, শুধু ঘোরাচ্ছে। টাকা উদ্ধারের উপায় কী?",no,,
prot_0072_03,Sarwad,92,"২০০৮ সালের জুন মাসে আমাদের বাসার ভাড়াটিয়ার মেয়ে আমার ঘরে বাইরে থেকে তালা লাগিয়ে দেয়। এরপর সে বলতে থাকে, তাকে আমি নির্যাতন করেছি। এ অবস্থায় পুলিশ এসে আমাকে উদ্ধার করে থানায় নিয়ে যায়। এতে আমাকে ৩৪ দিন কারাবাস করতে হয়। পরবর্তী সময়ে পুলিশি তদন্ত রিপোর্টে অভিযোগ মিথ্যা প্রমাণিত হয় এবং ১৭ ধারায় বাদিনীর বিরুদ্ধে ব্যবস্থা নেওয়ার কথা বলা হয়। আমি স্নাতক শেষ করেছি। এখন আমার চাকরি পাওয়ার ক্ষেত্রে কোনো সমস্যা হবে কি? মামলা কত দিন চলতে পারে এবং পরে বাদিনীর বিরুদ্ধে কী ব্যবস্থা নিতে পারব? আদালতে সাক্ষ্য গ্রহণ হয়নি। নাম প্রকাশে অনিচ্ছুকসিলেট","২০০৮ সালের জুনে বাসার ভাড়াটিয়ার মেয়ে বাইরে থেকে ঘরে তালা দিয়ে আমার বিরুদ্ধে নির্যাতনের মিথ্যা অভিযোগ তোলে। পুলিশ উদ্ধার করলেও আমাকে ৩৪ দিন জেলে থাকতে হয়। পরে তদন্তে অভিযোগ মিথ্যা পাওয়া যায় এবং ১৭ ধারায় বাদিনীর বিরুদ্ধে ব্যবস্থার কথা আসে। এখন চাকরিতে বাধা হবে কি, মামলা কত দিন চলবে, আর সাক্ষ্য শুরুর আগে তার বিরুদ্ধে কী ব্যবস্থা নিতে পারি?",yes,,
prot_0073_03,Sarwad,159,"আমার বয়স ২৫ বছর। আমি একটি মেয়েকে ভালোবাসি, যার বয়স ২১ বছর। ১৯ বছর বয়সে ওর পরিবার ওকে ইচ্ছার বিরুদ্ধে প্রবাসী এক লোকের সঙ্গে বিয়ে দেয়। তখন আমি কিছু করতে পারিনি শুধু কাঁদা ছাড়া। কারণ, আমার কোনো চাকরি ছিল না। এখন পরিবারের প্রতি সম্মান রেখে আমরা দুজনেই চাচ্ছি আমাদের জীবনটা নতুন করে গড়ে তুলতে। কিন্তু স্বাভাবিকভাবেই ওর বা আমার পরিবার কিছুতেই এটা মেনে নেবে না। ও তালাক দিলে বাসায় থাকতে পারবে না। আমি সব দিক থেকেই প্রস্তুত। আমার প্রশ্ন, যেহেতু ওকে কাবিননামা দিচ্ছে না বা কোথা থেকে রেজিস্ট্রি করা হয়েছে, তা-ও বলছে না, তাই কাবিননামা না পাওয়া গেলে কী করব? অথবা কাবিননামা ছাড়া কি তালাক সম্ভব? ওই লোকটা বিদেশে থাকা অবস্থায় কি তালাক দেওয়া যাবে? কাবিননামায় যদি ওর তালাক দেওয়ার অধিকার না থাকে, তাহলে আইন অনুসারে কী করতে পারি? যেহেতু তালাক কার্যকর হতে ৯০ দিন সময় লাগে এবং ওই সময়টা আমরা নিরাপত্তাহীন অবস্থায় থাকব, তাই ওই সময়টা আমরা একই ছাদের নিচে থাকলে কি কোনো ধরনের আইনি জটিলতার সৃষ্টি হবে?","আমার বয়স ২৫, মেয়েটির ২১; তাকে ১৯ বছর বয়সে জোর করে প্রবাসী একজনের সঙ্গে বিয়ে দেওয়া হয়। এখন আমরা নতুন জীবন চাই, কিন্তু পরিবার মানবে না। স্বামী কাবিননামা বা নিবন্ধনের তথ্য দিচ্ছে না—কাগজ ছাড়া এবং স্বামী বিদেশে থাকতেই কি তালাক সম্ভব? কাবিনে স্ত্রীর তালাকের ক্ষমতা না থাকলে কী করতে হবে? কার্যকর হওয়ার ৯০ দিন নিরাপত্তার জন্য একসঙ্গে থাকলে আইনি সমস্যা হবে কি?",no,,
prot_0077_04,Sarwad,171,"আমি ১৫ বছর আগে একটি নামকরা প্রতিষ্ঠানের মার্কেট থেকে একটি দোকান কিনি আমার নামে। দোকানের কাগজপত্র আমার কাছে আছে। আমার এক আত্মীয়কে দোকানটি দেখাশোনা করতে দিয়েছিলাম।তিনি তখন দোকান থেকে আমাকেও টাকা-পয়সা দিতেন। প্রতিষ্ঠানটি প্রতিটি দোকান থেকে মাসের শেষে কিছু টাকা ভাড়া নেয়। ছয় বছর আগে আবার প্রতিষ্ঠানের সঙ্গে দোকানের চুক্তি করার সময় আত্মীয়টা ওই প্রতিষ্ঠানের চেয়ারম্যানের কাছে একটি দরখাস্ত করেন, যেন তাঁর আর আমার নামে দোকানটির চুক্তি করা হয়। চেয়ারম্যানও তাঁর কথামতো দুজনের নামে দোকানটি একটি কাগজে চুক্তি করে দিয়েছেন। সেই কাগজটাও আমার কাছে আছে। এর কিছুদিন পর আমি চেয়ারম্যানের সঙ্গে যোগাযোগ করি। আমি বলেছি এখন নতুন করে আবার শুধু আমার নামে চুক্তি করে দেন। তিনি একজন প্রভাবশালী লোক, আমার কথা শুনছেন না। দুজনের নামে দুটি উকিল নোটিশও পাঠিয়েছি। কিন্তু কোনো জবাব দেননি। এর পর থেকে আমাকে আর কোনো টাকা-পয়সাও দিচ্ছেন না। এখন আমি দোকানটি বন্ধ করতেও পারছি না। লোকটিকে দোকান থেকে ওঠাতেও পারছি না। আমার ছেলেমেয়ে এখনো স্কুল-কলেজে পড়ে। আমি আমার ছেলেমেয়েদের নিয়ে খুবই কষ্টে আছি।ওই আত্মীয় ও চেয়ারম্যানের বিরুদ্ধে কী করতে পারব, দোকানটি কীভাবে উদ্ধার করব? নাম প্রকাশে অনিচ্ছুক","১৫ বছর আগে একটি মার্কেটের দোকান নিজের নামে কিনে আত্মীয়কে দেখাশোনায় দিই। ছয় বছর আগে সে চেয়ারম্যানকে বলে নতুন চুক্তিতে আমাদের দুজনের নাম ঢোকায়; দুই কাগজই আমার কাছে। শুধু আমার নামে ফেরাতে দুইবার আইনি নোটিশ দিলেও চেয়ারম্যান জবাব দেননি, আর আত্মীয় টাকা দেওয়া বন্ধ করেছে। দোকান বন্ধ বা তাকে সরাতেও পারছি না। তাদের বিরুদ্ধে কী করে দোকান উদ্ধার করব?",no,,
prot_0079_01,Sarwad,154,"আমার বাবা পারিবারিক বিবাদের কারণে আমার ও মায়ের খোঁজখবর নিতেন না। তিনি আরও একটি বিয়ে করেছেন। আমি মামার সংসারে বড় হই। মামা মারা গেলে আর্থিক অনটনে পড়ে লেখাপড়া চালিয়ে যেতে না পেরে আমি ১৪ বছর বয়সে একা একাই বাবার কাছে যাই। বাবা ও তাঁর দ্বিতীয় স্ত্রী প্রথম দিকে আমার সঙ্গে ভালো ব্যবহার করলেও পরে তাঁরা আমাকে মানসিক ও শারীরিকভাবে নির্যাতন করেন। আমার লেখাপড়ায় বাধা দেন। ওই সংসারে টিকে থাকতে না পেরে আমি আবার মায়ের কাছে ফিরে আসি। মা অনেক কষ্টে আমার লেখাপড়ার খরচ বহন করছেন। এখন আমি দশম শ্রেণীতে পড়ছি। বাবার কাছ থেকে কোনো আর্থিক সহযোগিতা পাচ্ছি না। বরং তিনি বলেন, আমার মাকে তালাক দেবেন এবং আমাকে নাকি ত্যাজ্য করে দেবেন। তা ছাড়া তিনি সব সম্পত্তি তাঁর বর্তমান স্ত্রী ও ছেলের নামে লিখে দেবেন বলে হুমকি দেন। এখন আমি জানতে চাই, তিনি ইচ্ছে করলেই কি আমাকে ত্যাজ্য করতে পারবেন? বাবা যদি কোনো সম্পত্তি আমাকে না লিখে দেন, তাহলে আমি কোনো আইনি ব্যবস্থা নিতে পারব?","পারিবারিক বিবাদের পর বাবা আমাকে ও মাকে ছেড়ে আরেকটি বিয়ে করেন। মামার কাছে বড় হলেও ১৪ বছরে বাবার কাছে গিয়ে তাঁর ও সৎমায়ের মানসিক-শারীরিক নির্যাতনে আবার মায়ের কাছে ফিরি। এখন দশম শ্রেণিতে পড়ি; বাবা কোনো খরচ দেন না, বরং মাকে তালাক, আমাকে ত্যাজ্য এবং সব সম্পত্তি বর্তমান স্ত্রী-ছেলেকে দেওয়ার হুমকি দেন। তিনি কি আমাকে উত্তরাধিকার থেকে বাদ দিতে পারেন, আর আমি কী ব্যবস্থা নিতে পারি?",no,,
prot_0080_03,Sarwad,64,"আমার বাবা-চাচারা চার ভাই, তিন বোন। আমি যখন সাত বছরের ছিলাম, তখন আমার বাবা মারা যান। দাদা এখনো জীবিত। লোকমুখে শুনেছি, বাবার আগে ছেলে মারা গেলে সেই মৃত ছেলের ওয়ারিশরা নাকি সম্পত্তি পায় না। আসলে কি তাই? দাদা বলেন, সব সম্পত্তি তাঁর ছেলেদের মধ্যে সমান ভাগ হবে। দাদা যদি সম্পত্তি আমার নামে লিখে না দেন, তাহলে কি দাদার মুখের কথা দ্বারা আমি সম্পত্তি পাব?","বাবা-চাচারা চার ভাই ও তিন বোন। আমি সাত বছরের সময় বাবা মারা যান, দাদা এখনো জীবিত। শুনছি দাদার আগে ছেলে মারা গেলে তার সন্তানরা সম্পত্তি পায় না, আর দাদা বলেন শুধু জীবিত ছেলেদের সমান ভাগ দেবেন। তিনি আমার নামে দলিল না করলে আমি কি কোনো অংশ পাব?",no,,
prot_0084_06,Sarwad,89,আমার দাদার বাবারা তিন ভাই। দাদা তাঁর ছোট চাচার একমাত্র মেয়েকে বিয়ে করেছেন। আমার দাদির কোনো ভাইবোন নেই। দাদি তাঁর বাবার কাছ থেকে প্রাপ্ত অংশটুকু বিক্রি করে দিয়েছেন। সব সম্পত্তি হিন্দু জমিদারের কাছে বন্ধক ছিল। আমার দাদা ও দাদির বাবা সব সম্পত্তি বন্ধকমুক্ত করার বিনিময়ে দাদির বাবা জমির এক-তৃতীয়াংশের মালিক হয়েছেন। ওই জমি দাদির বাবা আমার দাদির নামে দানপত্র দলিল করে দিয়েছেন। বর্তমানে আরএস ও বিএস জরিপেও আমরা মালিক। এখন আমার দাদার বড় দুই চাচার ওয়ারিশেরা এর বিরোধিতা করছে। এখন আইনগতভাবে আমরা কী করতে পারি? আমরা এর মালিক কিনা?,"দাদার বাবা ও চাচারা তিন ভাই ছিলেন। দাদা তাঁর নিঃসহোদর ছোট চাচাতো বোনকে বিয়ে করেন। বন্ধক ছাড়ানোর বিনিময়ে দাদির বাবা জমির এক-তৃতীয়াংশ পান এবং দাদির নামে দানপত্র করেন; দাদি নিজের আগের অংশ বিক্রি করেছিলেন। আরএস ও বিএস রেকর্ডে এখন আমরা মালিক, কিন্তু বড় দুই চাচার ওয়ারিশেরা আপত্তি করছে। মালিকানা রক্ষায় কী করতে পারি?",no,,
prot_0087_04,Sarwad,128,"আমার বয়স ২৫ বছর। তিন বছর ধরে আমি বড় ভাইয়ের স্ত্রীকে ভালোবাসি। ভাইয়ের ঘরে তার এক বছর তিন মাস বয়সের একটি ছেলেসন্তান আছে। স্বামীর সঙ্গে তার আন্তরিকতা না থাকায় সম্প্রতি উভয়পক্ষের সম্মতিতে কাজির মাধ্যমে তালাক সম্পন্ন করে। দেনমোহর, খোরপোশ ও সন্তানের খরচ বাবদ যাবতীয় পাওনা স্বামীর কাছ থেকে আদায়ও করে নেয়। এখন আমরা বিয়ে করতে চাই। তার ছেলেকে আমি খুব স্নেহ করি। ছেলেটিকে কাছে রেখে আমার আদর্শে বড় করতে চাই। আর্থিকভাবে আমি সামর্থ্যবান নই। এ জন্য আমার ইচ্ছা থাকলেও বেশি পরিমাণ টাকা দেনমোহর ধার্য করতে পারি না। উভয়ের বাবা-মা আমাদের এই সম্পর্ক ও ইচ্ছাকে সমর্থন করছেন না।এ অবস্থায় তাকে বিয়ে করার আইনগত কোনো বাধা আছে কি না। ছেলেকে আমার কাছে রেখে বড় করতে চাইলে আইনগত কোনো বাধা আছে কি না। আইনমতে, ন্যূনতম কত টাকা দেনমোহর ধার্য করা যায়?","আমার বয়স ২৫; তিন বছর ধরে বড় ভাইয়ের স্ত্রীকে ভালোবাসি। তাঁর এক বছর তিন মাসের ছেলে আছে এবং সম্প্রতি পারস্পরিক সম্মতিতে কাজির মাধ্যমে তালাক হয়ে দেনমোহর, খোরপোশ ও সন্তানের খরচ মিটেছে। আমরা বিয়ে করতে চাই, শিশুটিকেও কাছে রাখতে চাই, কিন্তু পরিবার রাজি নয় এবং আমার সামর্থ্য কম। এই বিয়ে ও শিশুকে লালন করতে আইনি বাধা আছে কি, আর ন্যূনতম দেনমোহর কত?",no,,
prot_0094_01,Sarwad,79,"সম্প্রতি ফেসবুকে প্রত্যেক বিকাশ অ্যাকাউন্টধারীর করোনাকালীন প্রণোদনা দেওয়ার ঘোষণা দেখতে পাই। আমিও প্রণোদনা পাওয়ার জন্য ওয়েবসাইটে অ্যাকাউন্টের সব তথ্য দিই। কিন্তু এটি ছিল আসলে প্রতারণা। ওই ভুয়া ওয়েবসাইটের মাধ্যমে আমার অ্যাকাউন্টের সব টাকা হাতিয়ে নেওয়া হয়। টাকাগুলো ফিরে পাওয়া আমার জন্য খুবই দরকার। কারণ, আমার মেয়েদের সারা জীবনের বৃত্তি, পুরস্কার ও উপহারের টাকা ওই অ্যাকাউন্টে ছিল। অনলাইনে প্রতারণার ব্যাপারে আইন কী বলে? আইনের সাহায্যে কি আমি টাকাগুলো ফিরে পাব? ওই প্রতারকের বিকাশ নম্বর আমার কাছে আছে। নাম প্রকাশে অনিচ্ছুক","ফেসবুকে বিকাশ গ্রাহকদের করোনাকালীন প্রণোদনার ভুয়া ঘোষণা দেখে একটি ওয়েবসাইটে অ্যাকাউন্টের সব তথ্য দিয়েছিলাম। প্রতারকেরা পুরো টাকা নিয়ে গেছে; সেখানে মেয়েদের বৃত্তি, পুরস্কার ও উপহারের সঞ্চয় ছিল। প্রতারকের বিকাশ নম্বর আমার কাছে আছে। অনলাইন প্রতারণার আইনে কি টাকা ফেরত পেতে পারি?",yes,,
prot_0100_03,Sarwad,37,"২. অর্পিত সম্পত্তির তালিকা-সম্পর্কিত গেজেট প্রকাশের পরবর্তী ৩০০ দিনের মধ্যে জমির মালিককে বা তাদের দাবির সমর্থনে আবেদন করতে পারবেন, কিন্তু জমির মালিক বা উত্তরাধিকার যদি ৩০০ দিন পরে আবেদন করেন তাহলে ট্রাইব্যুনালে আবেদন করতে পারবেন কি না?",অর্পিত সম্পত্তির তালিকার গেজেট হওয়ার পর দাবির পক্ষে আবেদন করতে মালিক বা উত্তরাধিকারীদের ৩০০ দিন সময় থাকে। এই সময় পেরিয়ে গেলে কি ট্রাইব্যুনালে আবেদন করা যাবে?,no,,
prot_0103_04,Sarwad,10,"আমি যদি আরেকটি বিয়ে করতে চাই, সেটাও কি করতে পারব?",বর্তমান পরিস্থিতিতে আমি চাইলে কি আইন মেনে আরেকটি বিয়ে করতে পারব?,no,,
prot_0107_04,Sarwad,24,"আমার কিছু প্রশ্ন: ১. কোনো মামলায় যাকে ১ নম্বর আসামি করা হয় এবং সে যদি পলাতক হয়, তার ঘাড়ে দোষের চাপ বেড়ে যায় কি?",কোনো মামলার এক নম্বর আসামি পলাতক থাকলে কি শুধু পালিয়ে থাকার কারণে তার ওপর অপরাধের দায় বা দোষ বেশি পড়ে?,no,,
prot_0110_01,Sarwad,62,"প্রতিটি মামলা শুনানি শেষে মিথ্যা প্রমাণিত হওয়ায় বাবা তা থেকে অব্যাহতি পান। ২০০৮ সালে মামলার রায় এবং সরকারিভাবে গঠিত তদন্ত কমিটির তদন্তে নির্দোষ প্রমাণিত হওয়ায় চার্জ ফিরে পান। এই সাড়ে চার বছর পরিচালনা পর্ষদ বেআইনিভাবে তাঁর নামে বরাদ্দকৃত খোরপোশ ভাতার অর্থ উত্তোলন করতে দেয়নি। উল্লেখ্য, বাবার এমপিও বন্ধ হয়নি। আমার প্রশ্ন, এই ৪৮ মাসের বকেয়া বেতন-ভাতাদি পেতে হলে কী করা যেতে পারে?",বাবার বিরুদ্ধে প্রতিটি মামলা মিথ্যা প্রমাণিত হয়ে তিনি অব্যাহতি পান। ২০০৮ সালের রায় ও সরকারি তদন্তে নির্দোষ প্রমাণিত হয়ে চাকরির চার্জও ফিরে পেয়েছেন; এমপিও বন্ধ হয়নি। তবু পরিচালনা পর্ষদ সাড়ে চার বছর বা ৪৮ মাসের খোরপোশ ও বেতন-ভাতা তুলতে দেয়নি। এই বকেয়া কীভাবে পাওয়া যাবে?,yes,,
prot_0112_01,Sarwad,51,"এরপর দেখলাম, দালাল গ্রেপ্তারের খবর। পরে জয়পুরহাটের পুলিশ এসে ঢাকার বিভিন্ন হাসপাতালের ডাক্তার ও কর্মকর্তাদের জিজ্ঞাসাবাদ করছে। শেষের দিকে হাইকোর্টের নির্দেশ, ডাক্তারদের লাইসেন্স বাতিল, যারা বেচাকেনায় জড়িত। সম্পাদকীয় ও উপসম্পাদকীয় বিভিন্ন কলামে বিস্তারিত লেখা হয়েছে।গত ১৮ সেপ্টেম্বর আইন অধিকার পাতায় পাঠকের প্রশ্ন বিভাগে একজন পাঠকের প্রশ্ন, ‘অবৈধভাবে কিডনি বিক্রির শাস্তি কী?","দালাল গ্রেপ্তার, হাসপাতালের চিকিৎসক-কর্মকর্তাদের জিজ্ঞাসাবাদ, হাইকোর্টের নির্দেশ ও জড়িত চিকিৎসকদের লাইসেন্স বাতিলের খবর দেখেছি। অবৈধভাবে কিডনি বিক্রি করলে আইনে কী শাস্তি হয়?",no,,
prot_0113_03,Sarwad,8,আদৌ কি কোনো বিচার চাওয়ার পথ খোলা আছে?,এই ঘটনার জন্য বিচার বা আইনি প্রতিকার চাওয়ার কোনো পথ কি এখনো খোলা আছে?,no,,
prot_0114_07,Sarwad,20,বা সংশ্লিষ্ট আদালতকে দ্রুত সাক্ষ্য সমাপ্ত করে সুনির্দিষ্ট তারিখের মধ্যে মামলা নিষ্পত্তি করতে আমি কি উচ্চ আদালতে শরণাপন্ন হতে পারি?,সংশ্লিষ্ট আদালতকে দ্রুত সাক্ষ্য শেষ করে নির্দিষ্ট সময়ের মধ্যে মামলা নিষ্পত্তির নির্দেশ চাইতে আমি কি উচ্চ আদালতে যেতে পারি?,no,,
prot_0122_01,Sarwad,56,"নিষেধ করা সত্ত্বেও আসে, কিন্তু কোনো দায়িত্ব পালন করে না। বরং বিভিন্নভাবে বিরক্ত করে। বর্তমানে ঋণ ও অন্যান্য কারণে সমস্ত দায়িত্ব পালনে অক্ষম হওয়ায় তাকে বলেছি মেয়ের ভরণপোষণের জন্য কিছু টাকা দিতে, কিন্তু সে বলে যে তার কোনো টাকা নেই। তাই সে দিতে পারবে না। আমি ও আমার মেয়ে কীভাবে তার কাছ থেকে ভরণপোষণ পেতে পারি?","নিষেধ করলেও সে আসে, দায়িত্ব নেয় না, বরং বিরক্ত করে। ঋণসহ নানা কারণে আমি সব খরচ চালাতে পারছি না। মেয়ের ভরণপোষণের টাকা চাইলে সে বলে তার সামর্থ্য নেই। আমি ও আমার মেয়ে কীভাবে তার কাছ থেকে ভরণপোষণ আদায় করব?",no,,
prot_0130_02,Sarwad,149,"আমার বয়স ২৮ বছর আর মেয়েটির বয়স ১৪। আমরা দুজন দুজনকে ভালোবাসি। হঠাৎ দুর্ঘটনা ঘটে। আমি মেয়েপক্ষের সবার সঙ্গে দেখা করতে গেলে মেয়ের মা, বোন ও দূর সম্পর্কের এক মামা আমাকে জোর করে কাবিননামায় সই করান এবং বিয়ের কাজও সম্পন্ন হয়। আমি তাঁদের কাছে সময় চাইলে জোর করে বিয়ে দেন। আমার বিয়ের রেজিস্ট্রি এখনো হয়নি। আমি মেয়ের বাসায় আসা-যাওয়া করছি। বিয়ের কাবিন তিন লাখ টাকা এবং উসুল ১০ হাজার টাকা। আমার বিয়ের রেজিস্ট্রি করাতে হলে নাকি ভোটার আইডি কার্ড লাগবে। আমি কিছুই দিইনি। মেয়েপক্ষ আমার নতুন জন্মনিবন্ধন ২৬ বছর দেখিয়ে বিয়ে দেয়। কিন্তু ভোটার আইডি কার্ড অনুযায়ী আমার বয়স আরও বেশি। আমি এখন তাঁদের সবকিছু জেনে মেয়েকে নিতে রাজি নই। এই অবস্থায় কোনো আইনগত ব্যবস্থা নিতে পারব কি না, পরামর্শ দিলে উপকৃত হব। আর আমি কয়েক দিনের মধ্যে সামরিক বাহিনী থেকে বিদেশে যাচ্ছি। ওদের কাছে আমার একটি ডায়েরি ও ছবি আছে। সমস্যা হবে কি? এ ব্যাপারে আমার কী করণীয়?","আমার বয়স ২৮, মেয়েটির ১৪। দেখা করতে গেলে তার মা, বোন ও এক আত্মীয় জোর করে কাবিনে সই করিয়ে বিয়ে দেন; রেজিস্ট্রি হয়নি। কাবিন তিন লাখ, উসুল ১০ হাজার। আমার কাগজ না নিয়ে নতুন জন্মনিবন্ধনে বয়স ২৬ দেখানো হয়েছে, যদিও ভোটার আইডিতে বেশি। সব জেনে এখন মেয়েকে নিতে চাই না। শিগগির কাজের জন্য বিদেশে যাব; তাদের কাছে আমার ডায়েরি ও ছবি আছে। কী আইনি ব্যবস্থা নেব?",yes,,
ajke_0140_01,Sarwad,119,"একটি ছেলের সঙ্গে ফেসবুকে আমার পরিচয় হয়েছিল। দীর্ঘ দুই বছর সম্পর্ক করার পর দুই বছর আগে পারিবারিকভাবে আমাদের বিয়ে হয়। ছেলের বাসা অন্য জেলায়। গত অক্টোবর মাসে সে আমার সঙ্গে ঝামেলা বাধায়। এরপর সে আমাকে এমন এক পরিস্থিতিতে ফেলে যে আমি আমার বাড়িতে জানাতে বাধ্য হই। এরপর আমার বাবা এসে আমাকে তার কাছে নিয়ে যায়। চার মাস ধরে সে আমার কোনো খোঁজখবর রাখছে না। আমি ঢাকাতেই থাকি। সে আমাকে সামাজিকযোগাযোগের মাধ্যমসহ সব জায়গায় ব্লক করে রেখেছে। আমি বিভিন্নভাবে অনেকবার তার সঙ্গে যোগাযোগ করার চেষ্টা করেও সফল হইনি। এখন আমি তাকে ডিভোর্স দিতে চাই। ডিভোর্স দেওয়ার পর কোনো ঝামেলা যাতে না হয়, তার জন্য আমি কীভাবে আইনি পদক্ষেপ নিতে পারি? সে কি আমার ওপর উল্টো মামলা করে হয়রানি করতে পারে?","ফেসবুকে এক ছেলের সঙ্গে আলাপ হয়েছিল আমার। তার সঙ্গে দুই বছর সম্পর্ক থাকার পর দুই বছর আগে দুই পরিবারের আয়োজনেই বিয়ে করি। ওদের বাড়ি অন্য জেলায়। গত অক্টোবর থেকে সে আমার সঙ্গে ঝগড়াঝামেলা শুরু করে। পরিস্থিতি এমন করে তোলে যে নিজের বাড়িতে সব জানানো ছাড়া আমার উপায় ছিল না। বাবা এসে আমাকে তাঁর কাছে নিয়ে যান। এরপর চার মাস হয়ে গেল, সে আমার খোঁজ নেয় না। আমি এখনো একই শহরে থাকি। সামাজিক যোগাযোগমাধ্যম থেকে শুরু করে সবখানে আমাকে ব্লক করেছে। নানাভাবে বারবার যোগাযোগ করতে চেয়েছি, কিন্তু পারিনি। এখন তার সঙ্গে ডিভোর্স চাই। পরে যাতে কোনো ঝামেলায় না পড়ি, সে জন্য আইনের দিক থেকে কী কী করতে হবে? সে কি উল্টো আমার নামে মামলা দিয়ে আমাকে হয়রানিতে ফেলতে পারবে?",yes,,
ajke_0149_01,Sarwad,132,"আমি একটি ফুড শপ ব্যবসা শুরু করেছিলাম। কিন্তু দুর্ভাগ্যবশত ব্যবসার হিসাব এবং পরিস্থিতি ধরে রাখতে পারিনি। বিনিয়োগকারীদের কাছ থেকে নেওয়া প্রতিটি টাকা ব্যবসার পেছনে খরচ করেছি। একপর্যায়ে দৈনিক পরিচালন খরচ চালাতে হিমশিম খেয়ে দোকানটি বন্ধ করে দিতে বাধ্য হই। দোকানটি বিক্রি করার পর যে সামান্য টাকা পেয়েছিলাম, প্রচণ্ড চাপের মুখে পড়ে তা বিনিয়োগকারীদের একজনকে দিয়ে দিই। কিন্তু বাকি বিনিয়োগকারীরা এখন আমার ওপর মানসিক নির্যাতন চালাচ্ছেন। একজন আমাকে উকিল নোটিশ পাঠিয়েছেন এবং বাকিরা আমার বিরুদ্ধে প্রতারণা এবং চেক বাউন্সের মামলা করার হুমকি দিচ্ছেন। এই পুরো পরিস্থিতিতে মানসিকভাবে আমি সম্পূর্ণ ভেঙে পড়েছি। আমার শারীরিক অবস্থাও এখন খুব সংকটাপন্ন। আমার কাছে সব মেডিকেল ডকুমেন্ট রয়েছে এবং চিকিৎসক আমাকে অবিলম্বে হাসপাতালে ভর্তি হওয়ার পরামর্শ দিয়েছেন। চেক বাউন্স কিংবা প্রতারণার মামলার এই হুমকি থেকে বাঁচতে চাই। এ ছাড়া আইনি উপায়ে সময় আদায় করার কোনো পথ আছে কি?","খাবারের একটা দোকান দিয়ে ব্যবসা শুরু করেছিলাম। দুর্ভাগ্যজনকভাবে ব্যবসার হিসাব আর সার্বিক অবস্থা সামলে রাখতে পারিনি। বিনিয়োগকারীরা যত টাকা দিয়েছিলেন, সবটাই ব্যবসায় লাগিয়েছি। শেষে রোজকার দোকান চালানোর খরচ জোগাড় করাও এত কঠিন হয়ে গেল যে বন্ধ করে দিতে হলো। দোকান বেচে অল্প কিছু টাকা পাই। খুব চাপ দেওয়ায় সেই টাকা একজন বিনিয়োগকারীকে দিয়ে দিই। অন্য বিনিয়োগকারীরা এখন আমাকে মানসিকভাবে অত্যাচার করছেন। তাঁদের একজনের উকিল নোটিশ এসেছে। অন্যরাও প্রতারণা আর চেক বাউন্সের মামলা দেবেন বলে ভয় দেখাচ্ছেন। এসবের মধ্যে মন একেবারে ভেঙে গেছে। শরীরের অবস্থাও খুব খারাপ। চিকিৎসার সব কাগজ আমার কাছে আছে, ডাক্তার দেরি না করে হাসপাতালে ভর্তি হতে বলেছেন। চেক বাউন্স ও প্রতারণার মামলা করার এসব হুমকি থেকে কীভাবে রেহাই পাব? আইনের মাধ্যমে কিছুটা সময় পাওয়ার ব্যবস্থা কি করা যায়?",no,,
ajke_0156_01,Sarwad,31,আমার মামারা মায়ের সম্পত্তি দিচ্ছেন না। দিই-দিচ্ছি করে ঘোরাচ্ছেন অনেক বছর ধরে। এই কাজ কীভাবে করা সম্ভব? মায়ের নামে জমি খারিজ করতে গেলে মামাদের এনআইডি লাগবে। কীভাবে সেটা বের করতে পারি?,মায়ের প্রাপ্য সম্পত্তি মামারা বুঝিয়ে দিচ্ছেন না। দেবেন বলে বছরের পর বছর ঘুরিয়ে যাচ্ছেন। কীভাবে কাজটা এগোব? মায়ের নামে জমি খারিজ করতে মামাদের এনআইডি দরকার হবে। সেটা আমি কোথা থেকে সংগ্রহ করব?,no,,
ajke_0164_02,Sarwad,8,সে ক্ষেত্রে মা কি সারা জীবন পেনশন পাবেন?,তাহলে কি আমৃত্যু মায়ের এই পেনশন পাওয়ার অধিকার থাকবে?,no,আগের পরিস্থিতির বিবরণ নেই; শুধু পেনশন-সংক্রান্ত শেষ প্রশ্নটি আছে।,
ajke_0178_01,Sarwad,83,"প্রশ্ন: আমার বোনের বিয়ের বয়স তিন বছর। দুলাভাই তাঁর ভরণপোষণ করেছেন মাত্র ছয় মাস। এর মধ্যে আমার বোন জরায়ুর টিউমারের কারণে অসুস্থ হয়ে যান। অসুস্থতার কথা শুনে তিনি যোগাযোগ বন্ধ করে দিয়েছেন এবং চিকিৎসা না করিয়ে ডিভোর্স দিতে চাইছেন। দেড় বছর ধরে বাবা তাঁর চিকিৎসা করাতে গিয়ে ঋণগ্রস্ত হয়ে পড়েছেন। চিকিৎসার খরচ বহন করা বাবার পক্ষে সম্ভব হচ্ছে না। এত দিনের ভরণপোষণের টাকা, চিকিৎসার খরচ, এমনকি দেনমোহরের টাকাও দিতে চাইছেন না দুলাভাই। এ ক্ষেত্রে আপুর পক্ষ থেকে কী আইনি পদক্ষেপ নেওয়া যেতে পারে?","আমার আপুর বিয়ে হয়েছে তিন বছর হলো। দুলাভাই খরচ দিয়েছেন শুধু ছয় মাস। এরই মধ্যে জরায়ুতে টিউমার হয়ে আপু অসুস্থ হয়ে পড়েন। সেটা জানার পর দুলাভাই আর যোগাযোগ করেন না। চিকিৎসা করানোর বদলে এখন তালাক দিতে চান। গত দেড় বছর আপুর চিকিৎসা চালাতে গিয়ে বাবা ঋণে পড়ে গেছেন। এখন আর তাঁর পক্ষে চিকিৎসার টাকা জোগানো সম্ভব হচ্ছে না। দুলাভাই আগের এত দিনের সংসারের খরচ, চিকিৎসার টাকা বা দেনমোহর—কিছুই দিতে রাজি নন। এই অবস্থায় আপুর হয়ে আমরা আইনের সাহায্য কীভাবে নিতে পারি?",no,,
ajke_0188_01,Sarwad,98,"প্রশ্ন: বাবা মারা যাওয়ার পর ২০১৯ সাল থেকে আমরা চার ভাইবোন মিলে ব্যবসা দেখাশোনা শুরু করি। হঠাৎ মারা যাওয়ায় তিনি ব্যবসা বা অন্যান্য সম্পত্তি ভাগাভাগি করে দিয়ে যেতে পারেননি। প্রথম দিকে ভাইয়েরা আমাকে ব্যবসা সামলাতে দিয়ে নিজেদের কাজ করতে থাকে। ব্যবসা ঘুরে দাঁড়ানোর পর তারা এখন খাতা-কলমে নিজেদের ভাগ বুঝে নিতে চাইছে। আমি আমার ন্যায্য পাওনা পেতে চাই। আমি আসলে কতটুকু সম্পত্তি পাব? সম্পত্তি আমার বাবার নামেই আছে। ব্যবসা আমার মায়ের নামে। তিনিও গত মাসে মারা গেছেন। আমি বুঝতে চাইছি, ভাগাভাগির ক্ষেত্রে হিসাবটা কেমন হবে? ব্যবসাটা আমার নিজের হাতে দাঁড় করানো। এখান থেকে কি সবাই সমান বেনিফিট পাবে?","২০১৯ সালে বাবা মারা যাওয়ার পর আমরা চার ভাইবোন একসঙ্গে ব্যবসার দায়িত্ব নিই। হঠাৎ মৃত্যু হওয়ায় ব্যবসা কিংবা অন্য সম্পত্তির ভাগ বাবা ঠিক করে যেতে পারেননি। শুরুতে ভাইয়েরা নিজেদের কাজ নিয়ে থাকত, ব্যবসা চালানোর ভার আমার ওপরই দিয়েছিল। এখন ব্যবসা ভালো অবস্থায় আসায় তারা কাগজে-কলমে নিজেদের অংশ নিতে চাইছে। আমার ন্যায্য পাওনাটা বুঝে নিতে চাই। সম্পত্তির কতটা আমার হবে? জমিজমা এখনো বাবার নামে, আর ব্যবসাটা মায়ের নামে রয়েছে। গত মাসে মাও মারা গেছেন। তাই ভাগের হিসাব কীভাবে হবে বুঝতে পারছি না। নিজের হাতে ব্যবসাটাকে এই জায়গায় এনেছি। এর সুফলও কি সবাই একই রকম পাবে?",no,,
ajke_0192_01,Sarwad,65,প্রশ্ন: আমার বাবা একজন ব্যাংক কর্মকর্তা ছিলেন। তিনি সম্প্রতি মারা গেছেন। বাবা বেঁচে থাকা অবস্থায় আমাদের দেশের বাড়িতে দাদার জমির ওপরে একটা বাড়ি করেছিলেন। বাবা মারা যাওয়ার পর আমার চাচাতো ভাইয়েরা বাড়িটিতে উঠতে চাইছেন। জমি আমার দাদার নামে হওয়ায় কোনো কাগজপত্র আমাদের নামে নেই। কিন্তু বাড়ি পুরোটাই আমার বাবা বানিয়েছেন। এ ক্ষেত্রে আমি আর আমার ভাই (বয়স ২৮) কি বাড়ির কোনো কাগজ তৈরি করতে পারব?,আমার বাবা ব্যাংকে কর্মকর্তা হিসেবে কাজ করতেন। কিছুদিন হলো তিনি মারা গেছেন। জীবিত থাকতে গ্রামের বাড়িতে দাদার জমিতে একটা বাড়ি বানিয়েছিলেন। বাবার মৃত্যুর পর চাচাতো ভাইয়েরা সেখানে থাকতে উঠতে চাইছেন। জমির মালিক হিসেবে দাদার নাম থাকায় আমাদের নামে কোনো দলিল নেই। অথচ বাড়ির পুরো নির্মাণ বাবাই করেছেন। আমি আর আমার ২৮ বছর বয়সী ভাই কি এখন ওই বাড়ির জন্য নিজেদের নামে কোনো কাগজপত্র করতে পারব?,no,,
ajke_0199_01,Sarwad,38,আমি দেশের বাইরে পড়তে যেতে চাই। ছোট বোনের লেখাপড়া বাকি। আমরা চাইলেও আমাদের বাবার বাড়িতে যেতে পারছি না। বাবার নামের জমিজমা থেকে কোনো ফসলও আমাদের দেওয়া হয় না। জমি কিংবা বাড়ির জন্য কীভাবে আমরা আইনি সহায়তা পেতে পারি?,বিদেশে গিয়ে পড়াশোনা করতে চাই আমি। আমার ছোট বোনেরও পড়া এখনো শেষ হয়নি। ইচ্ছা থাকলেও বাবার বাড়িতে ঢুকতে পারছি না। তাঁর নামে থাকা জমির ফসলও আমাদের দেয় না। ওই বাড়ি বা জমির অধিকার পেতে আইনের সাহায্য নেব কীভাবে?,no,,
ajke_0208_01,Sarwad,169,"প্রশ্ন: আমি বিবাহিত এবং একটি বেসরকারি প্রতিষ্ঠানে কর্মরত। আমার বড় ভাই আছেন। মা-বাবা মারা যাওয়ার পর বড় ভাইয়ের পরিবার আমার সঙ্গে যোগাযোগ করছে না। এমনকি বড় ভাই ফোন ধরেন না। আমার জানার বিষয় ছিল, বাবার সম্পত্তিতে আমি কত অংশ পাব? আমি কীভাবে এই সম্পত্তি পেতে পারি? নাবিলা, বগুড়া উওর: আপনার দাদা-দাদি জীবিত আছেন কি না, সেটা বলেননি। যদি দাদা-দাদি জীবিত না থাকেন, তাহলে বাবার সম্পত্তিতে আপনি তিন ভাগের এক ভাগ পাবেন। আর দাদা-দাদি জীবিত থাকলে আপনি পুরো সম্পত্তির ১৮ ভাগের ৪ ভাগ পাবেন। সম্পত্তি পাওয়ার জন্য নিজেদের মধ্যে আপস বণ্টন করে নিতে পারেন। সেটা সম্ভব না হলে বাঁটোয়ারা মোকদ্দমা করতে হবে। প্রশ্ন: মা-বাবা মারা যাওয়ার আগে আমাদের জায়গাজমি, ভিটেমাটি সমান অংশে ভাগ করে দিয়ে গেছেন। ভিটেমাটি ভাগ করার পর আমার বড় ভাই তাঁর এক সন্তান রেখে মারা যান। কয়েক মাস পর আমার ভাবি তাঁদের অংশে বাড়ি নির্মাণ করেন। কিন্তু তিনি এমনভাবে বাড়ি তৈরি করেছেন, তাতে আমার চলাচলে অসুবিধা হচ্ছে। চলাচলের জন্য তিনি রাস্তা দিচ্ছেন না। আমি একজন কর্মজীবী নারী। এখন কী করতে পারি? জমির অংশ পরিবর্তন করতে পারব কি?","প্রশ্ন: আমি বিয়ে করেছি, একটি বেসরকারি প্রতিষ্ঠানে চাকরিও করি। আমার একজন বড় ভাই আছেন। বাবা-মায়ের মৃত্যুর পর তাঁর পরিবারের কেউ আর যোগাযোগ করে না, ভাইও ফোন ধরেন না। বাবার রেখে যাওয়া সম্পত্তির কতটুকু আমার প্রাপ্য? সেই অংশ বুঝে পেতে কী করব? উত্তর: দাদা-দাদি বেঁচে আছেন কি না জানাননি। তাঁরা না থাকলে বাবার সম্পত্তির তিন ভাগের এক ভাগ আপনার হবে। তাঁরা জীবিত থাকলে মোট সম্পত্তির ১৮ ভাগের ৪ ভাগ পাবেন। নিজেদের মধ্যে মিটমাট করে ভাগ করে নিতে পারেন। তা না হলে বাঁটোয়ারার মামলা করতে হবে। প্রশ্ন: মৃত্যুর আগেই মা-বাবা আমাদের জমি আর বসতভিটা সমান ভাগে দিয়ে গিয়েছিলেন। ভিটা ভাগ হওয়ার পরে বড় ভাই এক সন্তান রেখে মারা যান। কয়েক মাসের মাথায় ভাবি তাঁদের জমিতে বাড়ি তোলেন। কিন্তু বাড়িটা যেভাবে বানিয়েছেন, তাতে আমার যাতায়াতে সমস্যা হচ্ছে। যাওয়ার রাস্তা তিনি ছাড়ছেন না। আমি চাকরি করা একজন নারী। এমন অবস্থায় কী উপায় আছে? জমির ভাগ কি বদলে নেওয়া সম্ভব?",yes,একই ঘরে দুটি প্রশ্ন ও প্রথম প্রশ্নের উত্তর জোড়া আছে; সব উপস্থিত অংশ পুনর্লিখন করা হয়েছে।,
dail_0629_02,Sarwad,117,"Nurullah Dhaka Response Thank you very much for your query. Upon receipt of the query I have understood that you are desirous to know about your right to receive information from Government offices and Private authorities. According to the Right to Information Act 2009 (hereinafter referred as “the Act”) every citizen of Bangladesh has a right to information from the Authority and the Authority shall, on demand from a citizen, be bound to provide such information. Hence, you, as the citizen of Bangladesh, have the right to receive any information from the Authority. However, the law has set down certain procedures for getting such information. However, at the very outset let us understand who is the “Authority”?","Response: Many thanks for writing with your question. From what you have asked, I understand that you want to know whether you can obtain information from government offices and private bodies. The Right to Information Act 2009, which I will call ‘the Act’, gives every Bangladeshi citizen the right to information held by an Authority. When a citizen requests that information, the Authority is required to supply it. As a citizen of Bangladesh, you therefore have the right to ask the Authority for any information. There are, however, steps laid down in the law that you must follow to obtain it. Before looking at those steps, what exactly does the term ‘Authority’ mean?",yes,"এটি মূল প্রশ্ন নয়, পরিচয়-ঠিকানার পর জোড়া দেওয়া ইংরেজি উত্তরের অংশ; মূল ভাষা ও উপস্থিত বক্তব্য রাখা হয়েছে।",
lawy_0220_01,Sarwad,8,বোনেরা বাবার সম্পত্তির ভিটেবাড়ি থেকে কেন বঞ্চিত হবেন?,বাবার রেখে যাওয়া বসতভিটায় বোনদের ভাগ দেওয়া হবে না কেন?,no,,
lawy_0290_01,Sarwad,8,"কেনার আগে জেনে নিন, জমি কিনছেন নাকি হয়রানি?",জমি কিনতে গিয়ে ঝামেলা কিনছেন না তো? আগেই খোঁজ নিন।,no,,
lawy_0322_01,Sarwad,8,হিন্দু নারীর জীবন ও সম্পদে এতো বৈষম্য কেন?,জীবন আর সম্পত্তির বেলায় হিন্দু মেয়েদের এত অসমতা সইতে হয় কেন?,no,,
lawy_0350_01,Sarwad,10,"উত্তরাধিকার না নমিনি, কে পাবে মৃত ব্যক্তির ব্যাংকের গচ্ছিত অর্থ?","ব্যাংকে মৃতের জমা টাকা কার প্রাপ্য—নমিনির, না তাঁর ওয়ারিশদের?",no,,
lawy_0363_01,Sarwad,8,ব্যাংকে রেখে যাওয়া মৃত ব্যাক্তির আমানত কে পাবে?,কেউ মারা গেলে ব্যাংকে তাঁর জমানো টাকাটা কে পাবেন?,no,,
lawy_0386_01,Sarwad,11,ফৌজদারি মামলায় সরকারি কর্মকর্তা কর্মচারী দণ্ডিত হলেই কি তিনি চাকরি হারাবেন?,সরকারি কোনো কর্মকর্তা বা কর্মচারী ফৌজদারি মামলায় সাজা পেলেই কি তাঁর চাকরি চলে যায়?,no,,
lawy_0413_01,Sarwad,11,"মুসলিমরা কি ‘বিশেষ বিবাহ আইনে’ বিয়ে করতে পারে, আইন কি বলে?",বিশেষ বিবাহ আইনের আওতায় মুসলমানদের বিয়ে করা যায় কি? আইনে কী আছে?,no,,
lawy_0437_01,Sarwad,10,"বিবাহ, মোহরানা ও তালাক নিয়ে ভ্রান্ত ধারণায় আইন কি বলে?","বিয়ে, দেনমোহর আর তালাক নিয়ে যে ভুল ধারণাগুলো আছে, আইন সেগুলো সম্পর্কে কী জানায়?",no,,
lawy_0500_01,Sarwad,9,জেনে নিন বিদেশে অবস্থানকালে কিভাবে পাওয়ার অব এ্যাটর্নি করবেন,বিদেশে থাকলে পাওয়ার অব অ্যাটর্নি করার উপায়টা জেনে নিন।,no,,
prot_0000_02,Sarwad,76,"আমি স্নাতক (সম্মান) শেষ বর্ষের পরীক্ষা দেব। আমার সঙ্গে হিন্দুধর্মাবলম্বী একজন মেয়ের সম্পর্ক রয়েছে। আমরা দুজন দুজনকেই অনেক বেশি ভালোবাসি। কিছুদিন আগে ওর পরিবার সব বুঝতে পারে। ওকে এক মাস ঘরে আটকে রেখে জোর করে বিয়ে দেয়। আজ বিয়ে হওয়ার প্রায় দুই মাস হয়ে গেল। ও আমার কাছে ফিরে আসতে চায়। আমার জন্য সব করতে পারবে। আমিও চাই। আসলে আইন কী বলছে, আমি তা জানতে চাই। আমরা কি বিয়ে করতে পারব? আর আমাদের কী করা উচিত?","সামনে আমার অনার্স শেষ বর্ষের পরীক্ষা। একটি হিন্দু মেয়ের সঙ্গে আমার প্রেমের সম্পর্ক আছে। আমরা একে অন্যকে খুব ভালোবাসি। কিছুদিন আগে ওর বাড়ির লোকজন আমাদের ব্যাপারটা জেনে যায়। তারপর এক মাস ঘরে বন্দী করে রেখে জোর করে ওকে বিয়ে দেয়। সেই বিয়ের পর এখন প্রায় দুই মাস কেটে গেছে। মেয়েটি আবার আমার কাছে আসতে চাইছে, আমার জন্য সবকিছু করতে রাজি। আমিও ওকে ফিরে পেতে চাই। এ ব্যাপারে আইনে কী আছে জানতে চাইছি। আমাদের কি বিয়ে করা সম্ভব? এখন দুজনের কী করা দরকার?",no,,
prot_0002_02,Sarwad,34,"আমরা তিন বোন, আমাদের কোনো ভাই নেই। আমার বাবা মানসিকভাবে অসুস্থ। আইন অনুযায়ী বাবা উইল না করলে কি আমরা বাবার সব সম্পত্তির মালিক হতে পারব? যেহেতু তিনি মানসিকভাবে অসুস্থ, সে ক্ষেত্রে আমাদের কী করণীয়?","আমরা তিন বোন, ভাই কেউ নেই। বাবা মানসিক অসুস্থতায় ভুগছেন। তিনি উইল করে না গেলে কি আইনের হিসাবে তাঁর পুরো সম্পত্তি আমাদের হবে? বাবার এই অসুস্থতার কথা বিবেচনায় এখন আমাদের কী করতে হবে?",no,,
prot_0004_02,Sarwad,78,"আমরা পাঁচ ভাই, এক বোন। আমি দ্বিতীয়। আমার বড় ভাই আমার মেজো চাচার মেয়েকে বিয়ে করেছিলেন। তাঁর দুই মেয়ে (চার ও তিন বছর বয়সী)। ভাই ও ভাবির সম্পর্ক বেশি ভালো ছিল না। ভাবির বাবা-মাসহ পুরো পরিবার চট্টগ্রাম থাকেন, বিধায় ভাবি বেশির ভাগ সময় ওখানেই থাকতেন। দু-তিন আগে আমাদের পাশের গ্রামের এক মহিলাকে নিয়ে ভাই বাড়ি থেকে পালিয়ে গেছেন। এখন ভাবি ও তাঁর পরিবার থেকে আমাদের দেনাপাওনা বুঝিয়ে দিতে বলছে। এখন এ অবস্থায় আমরা কী করতে পারি? মো. সাইফুল","আমরা পাঁচ ভাই আর এক বোন, ভাইদের মধ্যে আমি দ্বিতীয়। বড় ভাই মেজো চাচার মেয়েকে বিয়ে করেন। তাঁদের দুই মেয়ের বয়স চার ও তিন বছর। ভাই-ভাবির মধ্যে তেমন বনিবনা ছিল না। ভাবির মা-বাবা ও পরিবারের সবাই অন্য এক শহরে থাকেন বলে ভাবিও বেশির ভাগ সময় সেখানেই থাকতেন। দু-তিন আগে পাশের গ্রামের এক নারীকে নিয়ে ভাই পালিয়ে গেছেন। এখন ভাবি এবং তাঁর বাড়ির লোকজন আমাদের কাছে দেনাপাওনা মিটিয়ে দেওয়ার কথা বলছেন। এই পরিস্থিতিতে আমরা কী করতে পারি?",yes,মূলের ‘দু-তিন আগে’ কথায় সময়ের একক নেই; দিন/মাস অনুমান করে যোগ করা হয়নি।,
prot_0008_03,Sarwad,14,আর আমার কোনো সাজা হলে সরকারি চাকরির ক্ষেত্রে তার কোন প্রভাব পড়বে কি না?,"আর যদি আমার শাস্তি হয়, তাহলে সরকারি চাকরির ওপর কি সেটার কোনো প্রভাব পড়বে?",no,আগের প্রসঙ্গ অনুপস্থিত; কোন অপরাধ বা শাস্তির কথা বলা হচ্ছে জানা যায় না।,
prot_0008_07,Sarwad,39,"এখন বোন আমাদের কাছে আছেন। আমরা খুব গরিব, মামলা করার মতো অবস্থা নেই। আবার বোনকে রাখার মতো অবস্থাও নেই। আমরা তাঁদের ছাড়াছাড়িও চাই না। এই অবস্থায় আমরা কোথায় যাব, কীভাবে সম্পর্কটা টিকিয়ে রাখতে পারি বা আইনি সাহায্য পেতে পারি?","বোন এখন আমাদের সঙ্গেই থাকে। এত অভাব যে মামলা চালানোর সামর্থ্য নেই, তাকে নিজেদের কাছে রাখার ব্যবস্থাও করতে পারছি না। আবার তার সংসার ভেঙে যাক, সেটাও চাই না। কোথায় গেলে সাহায্য পাব? সম্পর্কটা বাঁচাতে বা আইনি সহায়তা নিতে আমরা কী করতে পারি?",no,শুরুর ঘটনার বিবরণ নেই; উপস্থিত শেষ অংশটুকু পুনর্লিখন করা হয়েছে।,
prot_0010_02,Sarwad,66,আমার এক আত্মীয় ২০১৪ সালে মা-বাবার পছন্দে বিয়ে করেন। বিয়ের ছয়-সাত মাস পর স্বামী-স্ত্রীর ঝগড়া-বিবাদ ও মতের মিল না হওয়ায় এবং অভিভাবকদের মনোমালিন্যের কারণে তাঁরা আলাদা হয়ে যান। স্ত্রী বর্তমানে বাবার বাড়িতে আছেন। কাবিনের অর্ধেক টাকা স্ত্রীকে পরিশোধ করা হয়েছে। স্ত্রী স্বামীর ঘরে ফিরে যেতে চান না। এ অবস্থায় কীভাবে আইনসিদ্ধভাবে তালাক দেওয়া যায়? দীর্ঘদিন যাবৎ স্বামী-স্ত্রী বা দুই পরিবারের কোনো যোগাযোগ নেই। দীন মোহাম্মদ সিলেট,২০১৪ সালে আমার এক আত্মীয় বাবা-মায়ের পছন্দ করা মেয়েকে বিয়ে করেন। ছয়-সাত মাস যেতে না যেতেই স্বামী-স্ত্রীর ঝগড়া আর মতের অমিল শুরু হয়। দুই পক্ষের অভিভাবকদেরও মনোমালিন্য হওয়ায় তাঁরা আলাদা থাকেন। স্ত্রী এখন বাবার বাড়িতে। দেনমোহরের অর্ধেক তাঁকে দেওয়া হয়েছে। তিনি আর স্বামীর কাছে ফিরতে চান না। এমন অবস্থায় আইনের নিয়ম মেনে তালাক দেওয়ার উপায় কী? বহুদিন ধরে স্বামী-স্ত্রী কিংবা দুই পরিবারের কারও মধ্যে যোগাযোগ নেই।,yes,,
prot_0013_03,Sarwad,133,"বছর। আমি একটি মেয়ের সঙ্গে ফোনে কথা বলতাম। দেখাও করেছি। কথা বলতে বলতে একদিন মেয়েটা আমাকে ওর বাসায় ডেকে নিয়ে যায়। সেখানে আমাকে আটকে রাখে। জোর করে মেয়েটির সঙ্গে আমার বিয়ে দেওয়া হয়। ওখানে আমাদের কেউ ছিল না। তখন আমি ভুল ঠিকানা দিই। আর আমার বিয়ের দেনমোহর ছয় লাখ টাকা ধার্য করা হয়। বিয়ের পর তিন মাস পার হয়েছে। এখন আমার পরিবার এবং আমিও তাকে মেনে নিতে পারছি না। আর কোনো দিনও মেনে নেব না। আমার ঠিকানা ভুল দেওয়া আছে। মেয়ের বয়সও ১৮ বছর হয়নি। এখন কী করতে পারি? আর মেয়েটা কি কিছু করতে পারবে? কামাল l ১৮ বছরের নিচে মেয়ের বিবাহ প্রদান দণ্ডনীয় অপরাধ। আপনার বিয়ে কীভাবে হয়েছে, তা চিঠিতে উল্লেখ নেই। আইনগতভাবে বিবাহ হয়ে থাকলে আপনি তালাক দিতে পারেন। জোর করে বিবাহ হলে এ ব্যাপারে নিকটস্থ থানায় জিডি করে রাখতে পারেন","বছর। এক মেয়ের সঙ্গে ফোনে আলাপ করতাম, দেখাও হয়েছিল। একদিন কথা বলার সময় সে আমাকে ওদের বাসায় আসতে বলে। সেখানে যাওয়ার পর আমাকে আটকে ফেলে তার সঙ্গে জোর করে বিয়ে দেওয়া হয়। আমার পক্ষের কেউ সেখানে ছিল না। তখন নিজের ঠিকানা ভুল বলেছিলাম। দেনমোহর ঠিক হয় ছয় লাখ টাকা। বিয়ের পর এখন তিন মাস গেছে। আমি বা আমার পরিবারের কেউ তাকে গ্রহণ করতে পারছি না, ভবিষ্যতেও করব না। কাগজে আমার ঠিকানা ভুল, আর মেয়েটির বয়সও ১৮ হয়নি। এখন আমার উপায় কী? মেয়েটি কি আমার বিরুদ্ধে কিছু করতে পারবে? উত্তর: ১৮ বছরের কম বয়সী মেয়েকে বিয়ে দেওয়া শাস্তি হওয়ার মতো অপরাধ। চিঠিতে বিয়েটা কীভাবে সম্পন্ন হয়েছে তা জানাননি। আইন মেনে বিয়ে হয়ে থাকলে তালাক দেওয়া যায়। বিয়ে জোর করে দেওয়া হলে কাছের থানায় বিষয়টি জানিয়ে জিডি রাখতে পারেন।",yes,"শুরুতে শুধু ‘বছর’ আছে, বয়সের সংখ্যা নেই। প্রশ্নের সঙ্গে উত্তরও জোড়া আছে; উভয় অংশ রাখা হয়েছে।",
prot_0017_01,Sarwad,56,"তাঁর স্ত্রী ও তিন মেয়ে আছে, কোনো ছেলে নেই। তবে বড় মেয়ের বিয়ে হয়েছে এবং বাকিরা এখনো আমাদের সঙ্গে যৌথ পরিবারে থাকেন। বড় ভাইয়ের নামে বেশ কিছু সম্পত্তি আছে। ২০০৮ সালে আমাদের বাবা মারা যান। আমার প্রশ্ন, বড় ভাই, বাবার আগেই মারা যাওয়ায় ‘হিন্দু আইনে’ তিনি বা তাঁর তিন মেয়ে আমার বাবার সম্পত্তির ওয়ারিশ কি না?","তাঁর স্ত্রী এবং তিন মেয়ে রয়েছেন, ছেলে নেই। বড় মেয়ের বিয়ে হয়ে গেছে, অন্যরা এখনো আমাদের যৌথ সংসারেই থাকেন। বড় ভাইয়ের নিজের নামে বেশ কিছু জমিজমা আছে। আমাদের বাবা ২০০৮ সালে মারা গেছেন। জানতে চাই, বড় ভাই যেহেতু বাবার আগে মারা গেছেন, হিন্দু আইন অনুসারে তিনি কিংবা তাঁর তিন মেয়ে কি বাবার সম্পত্তিতে ওয়ারিশ হিসেবে ভাগ পাবেন?",no,শুরুর বিবরণ কাটা; পরের অংশে বড় ভাইয়ের পরিচয় পাওয়া যায়।,
prot_0018_01,Sarwad,38,"আমরা দুই বোন। কোনো ভাই নেই। আমাদের বাবা মারা গেছেন। আইন অনুযায়ী, আমার চাচা আমার বাবার সম্পত্তির অংশ পাবেন। এ ক্ষেত্রে আমার প্রশ্ন হলো, আমাদের দুই বোনের যদি ছেলেসন্তান থাকে, তাহলে কি আমার চাচা তাঁর অংশ পাবেন না?","আমরা শুধু দুই বোন, আমাদের কোনো ভাই নেই। বাবা আর বেঁচে নেই। আইনের হিসাবে চাচা বাবার সম্পত্তির একটা ভাগ পাবেন। আমার জানতে ইচ্ছা করছে, আমাদের দুই বোনের যদি ছেলে থাকে, সে ক্ষেত্রে কি চাচার ওই ভাগ আর থাকবে না?",no,,
prot_0021_01,Sarwad,93,"সাধারণভাবে একজন মুসলিম পুরুষ ও হিন্দু নারীর মুসলিম আইনে বিবাহ গ্রহণযোগ্য নয়। এ ক্ষেত্রে আপনারা স্পেশাল ম্যারেজ অ্যাক্টের অধীনে বিবাহবন্ধনে আবদ্ধ হতে পারেন। এই আইনের আওতায় আপনারা বৈধভাবে বিয়ে করতে পারেন। ভবিষ্যতে সম্পত্তি বণ্টনের ক্ষেত্রে আপনাদের উত্তরাধিকার আইন, ১৬২৫ অনুসরণ করতে হবে। আমাদের বিবাহিত জীবন ৪৫ বছরের। ছেলেমেয়ে সবাই প্রাপ্তবয়স্ক, বিবাহিত। কিছুদিন আগে আমার স্বামী গোপনে একটি বিয়ে করেন। আমি এ জন্য কোনো মামলা করিনি তাঁর বিরুদ্ধে। এখন আমার স্বামী সেই স্ত্রীকে তালাক দিতে চান। কিন্তু মেয়েটি রাজি হচ্ছে না, আত্মহত্যার হুমকি দিচ্ছে। এ ক্ষেত্রে আমাদের করণীয় কী? নাম ও ঠিকানা প্রকাশে অনিচ্ছুক","সাধারণ নিয়মে মুসলিম আইন মুসলমান পুরুষের সঙ্গে হিন্দু নারীর বিয়ে মেনে নেয় না। আপনারা এ অবস্থায় বিশেষ বিবাহ আইনের মাধ্যমে বিয়ে করতে পারেন। এই আইনের অধীনে বিয়েটি বৈধভাবে করা যায়। পরে সম্পত্তি ভাগের সময় উত্তরাধিকার আইন, ১৬২৫ মেনে চলতে হবে। আমাদের সংসার হয়েছে ৪৫ বছর। সব ছেলেমেয়ে বড় হয়েছে, তাদের বিয়েও হয়েছে। কিছুদিন আগে স্বামী কাউকে না জানিয়ে আরেকটি বিয়ে করেছেন। আমি তাঁর নামে এ নিয়ে মামলা দিইনি। এখন তিনি ওই স্ত্রীকে তালাক দিতে চাইছেন। কিন্তু মেয়েটি মানছে না, নিজেকে মেরে ফেলবে বলে ভয় দেখাচ্ছে। আমরা এই অবস্থায় কী করব? নাম-ঠিকানা জানাতে চাই না।",no,"অন্য প্রশ্নের উত্তর শুরুতে জোড়া আছে। মূলের ‘উত্তরাধিকার আইন, ১৬২৫’ সালটি অপরিবর্তিত রাখা হয়েছে; বক্তব্যের আইনি সংশোধন করা হয়নি।",
prot_0025_01,Sarwad,59,তাঁর মৃত্যুর পর আমরা মৌখিকভাবে বাবার জমি ভাগ করে ব্যবহার করতে থাকি। আজ প্রায় আট বছর পর আমি আমার ভাগের জমিতে নিজ খরচেই একটি মার্কেট তৈরি করি। এ ক্ষেত্রে ব্যাংক থেকেও ঋণ নিতে হয়। তবে আজও জমির দলিল তৈরি করা হয়নি। এখন আমার ভাইয়েরা যদি আমার জমিতে তাদের অধিকার দাবি করে তাহলে কি তারা এর অংশীদার হওয়ার অধিকার রাখে?,"বাবার মৃত্যুর পরে তাঁর জমি কথায় কথায় নিজেদের মধ্যে ভাগ করে নিই এবং সেভাবেই ব্যবহার করতে থাকি। প্রায় আট বছর পেরিয়ে এখন নিজের ভাগে পাওয়া জমিতে আমার টাকায় একটা মার্কেট করেছি। এর জন্য ব্যাংকের ঋণও নিতে হয়েছে। কিন্তু জমি ভাগের দলিল এখনো হয়নি। এই অবস্থায় ভাইয়েরা যদি আমার এই জমির ভাগ চান, আইনত কি তাঁরা এর অংশীদার হতে পারবেন?",no,আগের প্রসঙ্গ কাটা; বাবার মৃত্যুর পরের ঘটনাটুকু আছে।,
prot_0026_03,Sarwad,84,"আমি ২০০৮ সালে একটি ছেলেকে ভালোবেসে বিয়ে করি। সংসারজীবন ভালোই চলছিল, মাঝেমধ্যে আমার স্বামীর সঙ্গে কথা-কাটাকাটি হতো। যখন আমার স্বামীর সঙ্গে ঝগড়া হতো, তখন সে তার এক বন্ধুর বাড়িতে গিয়ে থাকত। এভাবে সেই বন্ধুর স্ত্রীর সঙ্গে আমার স্বামীর ঘনিষ্ঠ সম্পর্ক হয় এবং তাদের বিয়েও হয়। এর কিছুদিন পর আমার স্বামী তার বন্ধুর বউকে তালাকও দিয়েছে। আমার স্বামী যখন বিয়েটা করে, তখন ওই মেয়েটির স্বামীর সঙ্গে তার কোনো তালাক হয়নি। প্রথম স্বামী থাকা অবস্থায় ওই মেয়েটির আবার বিয়ে করাটা কি বৈধ হয়েছে? নাম প্রকাশে অনিচ্ছুক","ভালোবেসে ২০০৮ সালে বিয়ে করেছিলাম। মোটামুটি ভালোই সংসার হচ্ছিল, তবে মাঝে মাঝে স্বামীর সঙ্গে ঝগড়া লাগত। তখন সে এক বন্ধুর বাসায় গিয়ে থাকত। সেখানে থাকতে থাকতে বন্ধুর স্ত্রীর সঙ্গে তার ঘনিষ্ঠতা হয়, পরে তারা বিয়েও করে। আবার কিছুদিনের মধ্যেই আমার স্বামী ওই নারীকে তালাক দিয়েছে। কিন্তু আমার স্বামীর সঙ্গে বিয়ের সময় মেয়েটির আগের স্বামীর সঙ্গে বিচ্ছেদ হয়নি। প্রথম স্বামীর সঙ্গে বিয়ে বহাল থাকতেই মেয়েটি যে আরেকবার বিয়ে করল, তা কি আইনমতো হয়েছে? পরিচয় প্রকাশ করতে চাই না।",no,,
prot_0028_02,Sarwad,73,"আমরা দুই বোন, ভাই নেই। মা-বাবা বেঁচে আছেন। আমার দুই চাচা এবং পাঁচ ফুফু সবাই বেঁচে আছেন। দাদা-দাদি মারা গেছেন। দুই চাচা আমার বাবার সব সম্পত্তি দখল করতে চান। তাঁরা বলেন, আমার বাবার ছেলে নেই, তাই তাঁরা আমার বাবার মৃত্যুর পর সব স্থাবর-অস্থাবর সম্পত্তির মালিক হবেন। আমি জানতে চাই, বাবার মৃত্যুর পর তাঁর সব সম্পত্তির মালিক কারা হবে? কে কত অংশ করে পাবে? ইসলামের রীতি অনুযায়ী সমাধান চাই। নাম ও ঠিকানা প্রকাশে অনিচ্ছুক","ভাই নেই, আমরা দুই বোন। বাবা-মা দুজনই জীবিত। বাবার দুই ভাই আর পাঁচ বোনও বেঁচে আছেন, তবে দাদা-দাদি নেই। চাচা দুজন বাবার সব জমিজমা নিয়ে নিতে চান। তাঁদের কথা, বাবার কোনো ছেলে না থাকায় বাবা মারা গেলে তাঁর স্থাবর-অস্থাবর সবকিছুর মালিক তাঁরা হবেন। আমি জানতে চাই, বাবার মৃত্যুর পরে আসলে কারা তাঁর সম্পত্তি পাবেন? প্রত্যেকের ভাগ কত হবে? ইসলামি নিয়মে বিষয়টা বুঝিয়ে দিলে ভালো হয়। নাম-ঠিকানা প্রকাশ করতে চাই না।",no,,
prot_0031_02,Sarwad,44,কিন্তু আমাদের মধ্যে বিবাহবিচ্ছেদ হয়নি। এখন সে সংসার করছে এবং তার একটি সন্তানও আছে। আমিও আরেকটি মেয়েকে বিয়ে করেছি। আমাদের আগের বিয়ের কাবিনে নগদ দুই লাখ টাকা ও ৪ শতাংশ জমি স্ত্রীকে দেওয়া হয়েছে। এখন আমার আগের স্ত্রী কি সেই জমি ও টাকা পাবে?,"অথচ আমাদের তালাক হয়নি। সে এখন অন্য সংসার করছে, একটি সন্তানও হয়েছে তার। আমিও অন্য একটি মেয়েকে বিয়ে করেছি। আগের বিয়ের কাবিনে স্ত্রীকে নগদ দুই লাখ টাকা এবং ৪ শতাংশ জমি দেওয়া হয়েছিল। এখন কি আমার সেই স্ত্রী ওই টাকা আর জমি পাওয়ার অধিকার রাখে?",no,প্রথম অংশ নেই; আগের সম্পর্কের বিস্তারিত না জুড়ে উপস্থিত তথ্য রাখা হয়েছে।,
prot_0034_03,Sarwad,96,"আমি একজন শিক্ষিকা। বিয়ে হয়েছে ২০০৩-এ। ২০০৭-এ সন্তান হয়েছে। আমার স্বামী দীর্ঘদিন ধরে বিশ্ববিদ্যালয়ের পড়াশোনা শেষ করার চেষ্টা করছেন। তিনি কিছু ছাত্র পড়ান, কোনো চাকরি করেন না। একসময় তিনি বললেন, বাড়িতে নাকি তাঁর পড়া হচ্ছে না। এ জন্য তিনি চলে যান মেসে। এ বছর হঠাত্ একদিন এসে বলেন, আমাকে তালাক দেবেন। খোঁজ নিয়ে শুনি তিনি অন্য এক মেয়ের সঙ্গে প্রেম করছেন। তিনি এখন বলে বেড়াচ্ছেন আমার সন্তান নাকি তাঁর নয়। ১০ বছর সংসার করার পর আজ শুনি এই কথা! প্রেম ও বিয়ে করলাম দুজনের মতে আর তালাক কেন একজনের মতে হবে? এর কি কোনো শাস্তি নেই?","আমি শিক্ষকতা করি। ২০০৩ সালে বিয়ে করি, সন্তান হয় ২০০৭ সালে। স্বামী অনেক দিন ধরে বিশ্ববিদ্যালয়ের পড়া শেষ করতে চেষ্টা করছেন। চাকরি করেন না, কয়েকজন ছাত্রকে পড়ান। একসময় বললেন, বাসায় থাকলে তাঁর পড়াশোনা হয় না। তাই মেসে থাকতে চলে গেলেন। এ বছর একদিন হঠাৎ এসে জানালেন, আমাকে তালাক দেবেন। পরে খোঁজ করে শুনলাম অন্য এক মেয়ের সঙ্গে তাঁর প্রেম চলছে। এখন আবার লোকজনকে বলছেন, আমার বাচ্চা তাঁর সন্তান নয়। দশ বছরের সংসারের পরে আমাকে এমন কথা শুনতে হচ্ছে! ভালোবাসা আর বিয়েতে দুজনই রাজি ছিলাম, তবে বিচ্ছেদ শুধু একজনের ইচ্ছায় হবে কেন? এর জন্য কোনো শাস্তির ব্যবস্থা নেই?",no,,
prot_0036_03,Sarwad,91,দশম শ্রেণীতে আমি বাড়িতে একজন শিক্ষকের কাছে পড়তাম। একসময় তার সঙ্গে আমার ঘনিষ্ঠ সম্পর্ক হয়ে যায় এবং আমরা নানা জায়গায় একসঙ্গে যেতে শুরু করি। এভাবে দুই বছর চলে। কিছুদিন আগে সে আমাকে বলে যে তার সঙ্গে আমার নাকি বিয়ে হয়েছে এবং কোর্ট ম্যারেজের কাগজও দেখায়। আমি তার কথায় রাজি না থাকায় সে আমাকে তুলে নিয়ে যাওয়ার হুমকি দেয়। এ নিয়ে আমি ও আমার পরিবার খুব চিন্তিত। আমার বয়স এখনো ১৮ হয়নি। সে আমার ছবি ও স্বাক্ষর সংগ্রহ করেছে এবং কোর্ট ম্যারেজের কাগজ তৈরি করেছে। আমি এখন কী করব? নাম প্রকাশে অনিচ্ছুকচট্টগ্রাম,"দশম শ্রেণিতে থাকার সময় এক শিক্ষক বাসায় এসে আমাকে পড়াতেন। পরে তাঁর সঙ্গে ঘনিষ্ঠতা হয়, আমরা একসঙ্গে বিভিন্ন জায়গায় ঘুরতেও যেতাম। এভাবে দুই বছর কেটে যায়। কিছুদিন আগে তিনি হঠাৎ বলেন, আমার সঙ্গে নাকি তাঁর বিয়ে হয়ে গেছে। কোর্ট ম্যারেজের কাগজও দেখান। আমি সেটা মানতে না চাইলে তুলে নিয়ে যাবেন বলে হুমকি দেন। এতে আমি আর বাড়ির সবাই খুব চিন্তায় আছি। আমার বয়স এখনো ১৮ হয়নি। আমার ছবি ও সই জোগাড় করে তিনি ওই কোর্ট ম্যারেজের কাগজ বানিয়েছেন। এখন কী করা উচিত? নিজের নাম জানাতে চাই না।",yes,,
prot_0037_01,Sarwad,48,গত ফেব্রুয়ারি মাসে আমার নানি অসুস্থ হওয়ার পর আমার মাকে তাঁর ১৬ শতাংশ জমি (হেবানামা) লিখে দেন। আমার মা নানিকে চিকিৎসা করান।এখন তিনি পুরোপুরি সুস্থ। এখন আমার মা ও নানির মধ্যে সম্পর্কের অবনতি হওয়ায় নানি হুমকি দিয়ে জমিটা ফেরত চাচ্ছেন। এখন আইনগতভাবে আমার মা জমির মালিক কি না?,"গত ফেব্রুয়ারিতে নানি অসুস্থ হয়ে পড়লে তাঁর ১৬ শতাংশ জমি হেবানামা করে আমার মাকে দেন। মা তাঁর চিকিৎসার ব্যবস্থা করেন, এখন নানি সম্পূর্ণ ভালো আছেন। কিন্তু মা আর নানির সম্পর্ক এখন খারাপ হয়ে যাওয়ায় নানি ভয় দেখিয়ে জমিটা ফিরিয়ে দিতে বলছেন। এই অবস্থায় আইন অনুসারে জমিটার মালিক কি আমার মা?",no,,
prot_0038_01,Sarwad,52,আমার এক আত্মীয়ার তিন মেয়ে। কোনো ছেলে নেই। তাঁর প্রথম মেয়েটি একটি ছেলেসন্তান রেখে মারা গেছেন। আমার আত্মীয়ার ঢাকা শহরে কিছু সম্পত্তি আছে। তাঁর স্বামী ও ভাইবোনেরা বেঁচে আছেন। তাঁর মৃত্যুর পর এই সম্পত্তির অংশীদার কে কে হবেন? তাঁর মৃত মেয়ের ছেলেটি অর্থাৎ নাতি নানির সম্পত্তির অংশীদার হবে কি না? আবুল কালামঢাকা,"আমার এক নারী আত্মীয়ের তিন মেয়ে আছে, ছেলে নেই। তাঁর বড় মেয়েটি একটি ছেলে রেখে মারা গেছে। ওই আত্মীয়ের শহরে কিছু সম্পত্তি রয়েছে। তাঁর স্বামী এবং ভাইবোন সবাই বেঁচে আছেন। তিনি মারা গেলে সম্পত্তি কার কার মধ্যে যাবে? যে মেয়েটি মারা গেছে, তার ছেলে কি নানির সম্পত্তির ভাগ পাবে?",yes,,
prot_0039_01,Sarwad,101,"আমার খালার দুই মেয়ে ও এক ছেলে। সাত বছর আগে খালু আমার খালার অনুমতি ছাড়াই দ্বিতীয় বিয়ে করেন। বিষয়টি সালিসের মাধ্যমে সমাধানের চেষ্টা করা হয়েছিল; কিন্তু খালুর অপকৌশলের কারণে হয়নি। পরে এটি আদালত পর্যন্ত গড়ায়। সেখানেও মামলাটি শিথিল হয়ে যায়। এখন খালু খালাকে ভরণপোষণ দিচ্ছেন না। তিনি তাঁর দ্বিতীয় স্ত্রীর সঙ্গে থাকছেন। আইনি জটিলতা ছাড়া (মামলা-মোকদ্দমা) এ ধরনের লোকদের শাস্তি এবং ভরণপোষণ দিতে বাধ্য করার জন্য কী করা যায়? নিলুফা , ঢাকা। @ আপনি মহিলাবিষয়ক অধিদপ্তরের অধীন নারী নির্যাতন প্রতিরোধ সেলে অভিযোগ করতে পারেন। এ ছাড়া জাতীয় মহিলা আইনজীবী সমিতি অথবা আইন ও সালিশ কেন্দ্রে আইনগত সহায়তার জন্য যোগাযোগ করতে পারেন","খালার দুই মেয়ে আর এক ছেলে। সাত বছর আগে খালার সম্মতি না নিয়েই খালু আবার বিয়ে করেন। সালিস বসিয়ে ব্যাপারটা মেটানোর চেষ্টা হয়েছিল, কিন্তু খালুর চালাকিতে তা মেটেনি। পরে আদালতে মামলা হয়, সেখানেও মামলার গতি কমে যায়। খালু এখন দ্বিতীয় স্ত্রীর সঙ্গে থাকেন, খালাকে সংসারের খরচ দেন না। মামলা-মোকদ্দমার ঝামেলা এড়িয়ে এমন মানুষকে শাস্তি দেওয়া এবং খরচ দিতে বাধ্য করার কোনো উপায় আছে? উত্তর: মহিলাবিষয়ক অধিদপ্তরের নারী নির্যাতন প্রতিরোধ সেলে আপনার অভিযোগ জানাতে পারেন। আইনি সাহায্যের জন্য জাতীয় মহিলা আইনজীবী সমিতি বা আইন ও সালিশ কেন্দ্রের সঙ্গেও যোগাযোগ করতে পারেন।",yes,প্রশ্নের শেষে পরামর্শমূলক উত্তর জোড়া আছে; উভয় অংশ পুনর্লিখন করা হয়েছে। সহায়তা সংস্থার নাম ব্যক্তিগত পরিচয় নয় বলে রাখা হয়েছে।,
prot_0041_02,Sarwad,55,আমি একজনকে খুব ভালোবাসি। দীর্ঘদিন ধরে আমাদের সম্পর্ক চলছে। নানা বাধা-বিপত্তিও আমাদের আলাদা করতে পারেনি। কিছুদিন আগে আমার বাবা তাকে মিথ্যা কথা বলে ডেকে এনে অপমান করেন এবং সাদা কাগজে স্বাক্ষর করিয়ে নেন। সেই স্বাক্ষরকে কেন্দ্র করে আমার বাবা কোনো আইনি সমস্যা করলে তা সমাধানে আমাদের কী করা উচিত? আমার বয়স ১৯ বছর।নাম প্রকাশে অনিচ্ছুকখুলনা,"একজনের সঙ্গে আমার অনেক দিনের প্রেম। তাকে খুব ভালোবাসি। নানা বাধা এলেও আমরা আলাদা হইনি। কিছুদিন আগে বাবা মিথ্যা কথা বলে তাকে ডেকে আনেন। তারপর অপমান করে খালি কাগজে তার সই নেন। বাবা যদি সেই সই ব্যবহার করে কোনো আইনি ঝামেলা করেন, আমরা তার মোকাবিলা করব কীভাবে? আমার বয়স ১৯। নিজের পরিচয় গোপন রাখতে চাই।",yes,,
prot_0043_05,Sarwad,80,"আমার তালাক হয়েছে ২০১১ সালে। এখন আমার সাবেক স্বামী আবার আমাকে বিয়ে করতে চাইছে। এই বিয়ে কি ইসলামি আইনে হতে পারে? আমার মা-বাবা সব সময় এই বিয়ের জন্য আমাকে মানসিক চাপের মধ্যে ফেলে দেয়। আমার একটা মেয়ে আছে। আমার সাবেক স্বামীর সঙ্গে যখন থাকতাম তখন সে আমাকে শারীরিক ও মানসিকভাবে খুবই অত্যাচার করত। কিন্তু আমার পরিবারের সবাই তার অন্যায় আচরণগুলো মেনে নিত, এখনো পর্যন্ত সবাই ওকেই সমর্থন করে। নিজেকে বড় অসহায় লাগে। এ মুহূর্তে আমি কী করতে পারি? তানহা নাটোর","২০১১ সালে আমার বিচ্ছেদ হয়। সেই স্বামী এখন আবার আমাকে বিয়ে করতে চায়। ইসলামি আইন কি এভাবে আবার বিয়ে করার সুযোগ দেয়? বাবা-মা সারাক্ষণ এই বিয়েতে রাজি হতে বলে মানসিক চাপ দিচ্ছেন। আমার একটি মেয়ে আছে। আগে ওই স্বামীর সংসারে থাকতে সে আমাকে শরীরেও নির্যাতন করত, মনেও কষ্ট দিত। তখন বাড়ির সবাই তার অন্যায় মেনে নিত, এখনো তার পক্ষেই কথা বলে। খুব অসহায় লাগছে। এই পরিস্থিতিতে আমি কী করতে পারি?",yes,,
prot_0045_05,Sarwad,71,"আমার প্রথম স্ত্রী মারা যাওয়ার পর দ্বিতীয় বিয়ে করি। আমার প্রথম স্ত্রীর ঘরে একজন ছেলে ও একজন মেয়ে আছে আর দ্বিতীয় স্ত্রীর ঘরেও একজন ছেলে ও একজন মেয়ে আছে। কিছুদিন আগে আমার প্রথম স্ত্রীর ছেলে মারা যায়, তার এক ছেলে এবং এক মেয়ে আছে। এখন আইন অনুযায়ী সে কি আমার সম্পত্তির মালিক হবে? আমি যদি আমার স্থাবর-অস্থাবর সব সম্পত্তি দ্বিতীয় স্ত্রীর ছেলেকে দিয়ে দিতে চাই, তাহলে কীভাবে দিতে পারব?মোজাহের আহমদ চৌধুরীচট্টগ্রাম","প্রথম স্ত্রী মারা গেলে আমি আবার বিয়ে করি। প্রথম সংসারে আমার এক ছেলে ও এক মেয়ে, দ্বিতীয় সংসারেও এক ছেলে আর এক মেয়ে। সম্প্রতি প্রথম ঘরের ছেলেটি মারা গেছে। তারও একটি ছেলে ও একটি মেয়ে রয়েছে। এখন আইন অনুযায়ী সে কি আমার সম্পত্তির ভাগ পাবে? যদি আমার সব স্থাবর ও অস্থাবর সম্পত্তি দ্বিতীয় ঘরের ছেলেকে দিতে চাই, সেটা কীভাবে করতে হবে?",yes,মৃত ছেলের পর ‘সে’ কাকে বোঝায় মূলেও অস্পষ্ট; নিজে থেকে উত্তরাধিকারীর পরিচয় বদলানো হয়নি।,
prot_0047_06,Sarwad,141,"আমি একজন সরকারি চাকরিজীবী। তিন বছর আগে ভালোবেসে একটি মেয়েকে বিয়ে করি। আমার একটি ছেলেসন্তান আছে, তার বয়স ১৮ মাস। সন্তান হওয়ার পর জানতে পারি আমার স্ত্রীর সঙ্গে অন্য একজনের সম্পর্ক আছে। মাঝেমধ্যে আমার স্ত্রী তার বাবার বাড়িতে গিয়ে সেই লোকের সঙ্গে শারীরিক সম্পর্ক করে। বিষয়টি আমি নিজের চোখে দেখি এবং আমার শাশুড়িকে জানাই। আমার শাশুড়ি মানসম্মানের ভয় দেখিয়ে বিষয়টি আমাকে গোপন রাখতে বলেন এবং গোপন রাখার শর্তে আমার শ্বশুরের নামে ক্রয় করা তিন শতাংশ জমি আমার নামে লিখে দেন সাফকবলা দলিল হিসেবে। দলিলে উল্লেখ আছে আমি শ্বশুরের কাছ থেকে ৫০ হাজার টাকা মূল্যে জমিটি কিনেছি। কিন্তু এখন শ্বশুরবাড়ির লোকেরা আমাকে বাধ্য করছেন মেয়েকে তালাক দেওয়ার জন্য। তাঁদের উদ্দেশ্য হলো দেনমোহর আদায় করা। এখন আমি যদি তাকে তালাক দিই তাহলে আমাকে কী কী ব্যবস্থা নিতে হবে? তালাকের পর সেই জমি তারা দাবি করতে পারবে কি না? সেই সঙ্গে সন্তানটির কী হবে?","সরকারি চাকরি করি আমি। তিন বছর আগে ভালোবেসে বিয়ে করেছিলাম। আমাদের ১৮ মাস বয়সী একটি ছেলে আছে। বাচ্চা হওয়ার পরে জানতে পারি, স্ত্রীর অন্য একজনের সঙ্গে সম্পর্ক চলছে। বাবার বাড়ি যাওয়ার সময় মাঝেমধ্যে সে ওই লোকটির সঙ্গে শারীরিক সম্পর্ক করে। নিজের চোখে দেখে আমি শাশুড়িকে সব বলি। তিনি পরিবারের সম্মানের ভয় দেখিয়ে আমাকে চুপ থাকতে বলেন। কাউকে না বলার শর্তে শ্বশুরের নামে কেনা তিন শতাংশ জমি সাফকবলা করে আমার নামে লিখে দেন। দলিলে বলা আছে, ৫০ হাজার টাকা দিয়ে আমি শ্বশুরের কাছ থেকে জমি কিনেছি। এখন কিন্তু শ্বশুরবাড়ির লোকজন মেয়েকে তালাক দিতে আমাকে চাপ দিচ্ছেন। তাঁদের লক্ষ্য দেনমোহর নেওয়া। আমি তালাক দিলে কী কী নিয়ম মানতে হবে? বিচ্ছেদের পরে তাঁরা কি ওই জমি ফেরত চাইতে পারবেন? আমাদের ছেলের ব্যাপারেই বা কী হবে?",no,,
prot_0048_05,Sarwad,50,"আমরা তিন ভাই এক বোন। আমার মা ১৯৮০ সালে মারা যান। তখন আমরা খুব ছোট ছিলাম। আমার নানা মারা যান ১৯৯৮ সালে। নানার ছেলেমেয়ে নয়জন। চারজন ছেলে ও পাঁচজন মেয়ে। আমার প্রশ্ন হচ্ছে, নানার আগে যেহেতু আমার মা মারা যান, সেহেতু আমার মায়ের সম্পদের অংশ কি আমরা পাব?মো. মিজানুর রহমানঢাকা","আমরা এক বোন ও তিন ভাই। ১৯৮০ সালে মা যখন মারা যান, আমরা তখন ছোট। নানা মারা গেছেন ১৯৯৮ সালে। তাঁর মোট নয় সন্তান—চার ছেলে, পাঁচ মেয়ে। আমার প্রশ্ন, নানা বেঁচে থাকতেই যেহেতু মায়ের মৃত্যু হয়েছে, মায়ের পাওয়ার কথা ছিল যে সম্পত্তি, তার ভাগ কি আমরা পাব?",yes,,
prot_0050_03,Sarwad,138,"আমরা দুই ভাইবোন। প্রায় ১৫ বছর আগে আমাদের মা-বাবার তালাক হয়ে যায়। এখন আমি, মা, ভাই ও নানিকে নিয়ে আমাদের সংসার। নানা মারা যাওয়ার পর নানি আমাদের সঙ্গেই থাকেন। ৪ শতাংশ জমির ওপর আমাদের বাড়ি। আমার মা জমিটা নিজের টাকায় কিনে ২ শতাংশ নিজের নামে ও ২ শতাংশ তাঁর মায়ের (আমার নানি) নামে নিবন্ধন করে দেন। আমার ভাইয়ের বয়স ২০। সে দশম শ্রেণীতে পড়ার সময় অসৎ সঙ্গে জড়িয়ে পড়ে। এখন সে নেশা করে এবং আমাদের তিনজনকে প্রতিদিন মানসিক ও শারীরিকভাবে নির্যাতন করে। সে আমার নানির ২ শতাংশ জমি দাবি করে। নানি এখন আমার মাকে ২ শতাংশ জমি দানপত্র করে দিতে চাইছেন। দানপত্র করা হয়ে গেলে পরে যদি আমার মা এই জমি বিক্রি করতে চান, তা হলে কি আমার ভাই এই জমি নিয়ে কোনো সমস্যা করতে পারবে? কীভাবে আইনি ব্যবস্থা নিয়ে তার কাছ থেকে মুক্তি পাওয়া যায়?নাম প্রকাশে অনিচ্ছুক","আমরা এক ভাই আর এক বোন। বাবা-মায়ের বিচ্ছেদ হয়েছে প্রায় ১৫ বছর আগে। মা, ভাই, নানি আর আমাকে নিয়ে এখন পরিবার। নানা মারা যাওয়ার পর থেকেই নানি আমাদের কাছে থাকেন। আমাদের বাড়িটি ৪ শতাংশ জমিতে। মা নিজের পয়সায় সেই জমি কিনে ২ শতাংশ নিজের আর ২ শতাংশ নানির নামে রেজিস্ট্রি করেন। ভাই এখন ২০ বছরের। দশম শ্রেণিতে পড়তে গিয়ে খারাপ সঙ্গ পায়। এখন নেশা করে, প্রতিদিন আমাদের তিনজনকে মারধর ও মানসিক অত্যাচার করে। নানির নামে থাকা ২ শতাংশ জমি সে নিতে চায়। নানি ওই জমি মাকে দান করে দিতে চাইছেন। দানপত্র হয়ে গেলে মা পরে জমি বিক্রি করতে চাইলে ভাই কি বাধা বা ঝামেলা করতে পারবে? তার অত্যাচার থেকে রেহাই পেতে কী আইনি ব্যবস্থা নিতে পারি? নাম জানাতে চাই না।",no,,
prot_0052_03,Sarwad,63,আমি মাস্টার্স শেষ করে মা-বাবার অনুরোধে চার বছর আগে আমার এক ফুফাতো বোনকে বিয়ে করি। আমার প্রতি তার আকর্ষণ প্রথম থেকেই ছিল না। ডিগ্রি পরীক্ষার্থী থাকায় তার বাবার বাড়িতেই বেশি সময় থাকত। এখন তার পরীক্ষা শেষ হয়েছে। তবু বাবার বাড়িতে থাকতেই বেশি পছন্দ করে। আমার সঙ্গে কথা বলে না। ফোনও ধরে না। এই অবস্থায় দাম্পত্য সম্পর্ক স্বাভাবিক করার জন্য আমি কী করতে পারি?,"মাস্টার্সের পরে মা-বাবার কথায় চার বছর আগে ফুফুর এক মেয়েকে বিয়ে করি। শুরু থেকেই আমার প্রতি তার তেমন টান ছিল না। ডিগ্রি পরীক্ষা দেবে বলে বেশির ভাগ সময় বাবার বাড়ি থাকত। পরীক্ষা এখন হয়ে গেছে, তবু সেখানেই থাকতে চায় বেশি। আমার সঙ্গে কথাও বলে না, ফোন ধরেও না। আমাদের স্বামী-স্ত্রীর সম্পর্কটা ঠিক করতে এখন আমার কী করা উচিত?",no,,
prot_0053_03,Sarwad,92,"আমার বাবার কোনো ভাইবোন নেই কিন্তু প্রতিবেশীরা ১৪ ভাই। লোকবল বেশি হওয়ায় তারা অযৌক্তিকভাবে লাঠিসোঁটা নিয়ে হুমকি দেয়, আমাদের জমি দখল করতে যায়। আমরা লোকবলে দুর্বল হওয়ায় অনেক ভোগান্তির শিকার হই। জমির যাবতীয় কাগজ আমাদের ঠিক আছে। আমি নিশ্চিত, তারা কোনো জমি পাবে না। ওরা ফসলি জমিতে হাঁটাচলা করে ফসল নষ্ট করে। চাষাবাদ করতে না পেরে বাবা প্রায় নিঃস্ব হয়ে গেছে। মা-বাবা বাড়িতে একা থাকেন। আমরা চার ভাইবোন বাইরে দুশ্চিন্তায় থাকি—কখন বাড়িতে মা-বাবাকে মারতে আসে! আমাদের লেখাপড়ার অনেক ক্ষতি হচ্ছে। অযৌক্তিকভাবে জমিজমা দখল ও মারার হুমকির ব্যাপারে কী ব্যবস্থা নিতে পারে?সুপ্ত (ছদ্মনাম)","বাবার কোনো ভাই বা বোন নেই। কিন্তু পাশের বাড়ির লোকেরা ১৪ ভাই। লোক বেশি বলে লাঠিসোঁটা হাতে অকারণ ভয় দেখায়, আমাদের জমি নিয়ে নিতে চায়। আমরা সংখ্যায় কম, তাই খুব ভুগছি। জমির সব কাগজপত্র আমাদের ঠিকঠাক আছে। আমি জানি, ওদের কোনো জমি পাওয়ার কথা নয়। তবু ফসলের ওপর দিয়ে হাঁটাহাঁটি করে নষ্ট করে দেয়। চাষ করতে না পেরে বাবা প্রায় সর্বস্ব হারিয়েছেন। বাড়িতে বাবা-মা দুজন থাকেন। আমরা চার ভাইবোন বাইরে থেকে সবসময় ভাবি, কখন ওরা গিয়ে তাঁদের মারধর করে! পড়াশোনারও খুব ক্ষতি হচ্ছে। এভাবে অন্যায় দখলের চেষ্টা আর মারার হুমকির বিরুদ্ধে কী করা যায়?",yes,,
prot_0054_03,Sarwad,99,"২০০৬ সালে আমার সঙ্গে এক মেয়ের সম্পর্ক গড়ে ওঠে। এই সম্পর্ক একসময় দৈহিক সম্পর্কে রূপ নেয় এবং মেয়েটি অন্তঃসত্ত্বা হয়ে পড়ে। সেটা জানার পরই আমি তার সঙ্গে বিয়ে নিবন্ধন করি। মেয়েটি আমাকে বলে, ‘লেখাপড়া যেহেতু চলছে তাই গর্ভের সন্তানটি নষ্ট করে ফেলি।’ আমি কিছু না বললেও সে নিজের ইচ্ছায় তা করে ফেলে। সে আরও বলে যে মাস্টার্স পরীক্ষা দিয়ে পরিবারকে আমাদের বিয়ের ব্যাপারটা জানাবে। ইতিমধ্যে তার বিয়ের প্রস্তাব আসতে থাকে। সব বিয়ে মেয়েটি ভেঙে দেয়, একপর্যায়ে পরিবার তার কথা না শুনে হঠাৎ করে গত ১০ এপ্রিল তাকে পরিবার থেকে বিয়ে দিয়ে দেয়। এই দ্বিতীয় বিয়ের কোনো বৈধতা আছে কি?","এক মেয়ের সঙ্গে ২০০৬ সালে আমার প্রেম হয়। পরে আমাদের শারীরিক সম্পর্কও হয় এবং সে গর্ভবতী হয়ে পড়ে। খবরটা পেয়েই তার সঙ্গে বিয়ে রেজিস্ট্রি করি। সে বলেছিল, পড়া এখনো চলছে, তাই সন্তানটি রাখবে না। আমি কিছু বলিনি, কিন্তু সে নিজের সিদ্ধান্তে গর্ভপাত করে। আরও জানিয়েছিল, মাস্টার্সের পরীক্ষা শেষ করে বাড়িতে আমাদের বিয়ের কথা বলবে। এর মধ্যে ওর জন্য বিয়ের সম্বন্ধ আসতে থাকে। প্রতিবারই সে তা আটকে দেয়। শেষে বাড়ির লোক তার কথা না মেনে গত ১০ এপ্রিল হঠাৎ অন্য জায়গায় বিয়ে দিয়ে দেয়। এই দ্বিতীয় বিয়েটা কি আইনসিদ্ধ?",no,,
prot_0056_01,Sarwad,84,কিছুদিন আগে আমি আমার এক পরিচিত ব্যক্তিকে একটি বিশেষ কাজ করার জন্য ৫০ হাজার টাকা দিয়েছিলাম। টাকা দেওয়ার সময় একটি ১৫০ টাকার স্ট্যাম্পে চুক্তি করেছিলাম যে সঠিক সময়ে কাজ সম্পূর্ণ করতে না পারলে আমার টাকা ফেরত দিতে হবে। নির্ধারিত সময়ে তিনি আমার কাজ করতে পারেননি। এখন শর্ত অনুুযায়ী তাঁর কাছে টাকা ফেরত চাইলে তিনি আমাকে এড়িয়ে যান। এমনকি তিনি আমাকে ধমক দিয়ে বলেন যে ১৫০ টাকার স্ট্যাম্পের আজকাল কোনো মূল্য নেই। এই পরিস্থিতিতে তাঁর কাছ থেকে টাকা আদায় করার ক্ষেত্রে আমার করণীয় কী?মো. সুমনঠাকুরগাঁও,"কিছুদিন আগে পরিচিত একজনকে বিশেষ একটা কাজের জন্য ৫০ হাজার টাকা দিই। তখন ১৫০ টাকার স্ট্যাম্পে লিখে চুক্তি হয়েছিল, সময়মতো কাজ শেষ না হলে টাকা ফেরত দিতে হবে। তিনি ঠিক করা সময়ের মধ্যে কাজটি করতে পারেননি। তাই চুক্তির কথা বলে টাকা ফেরত চাইছি। কিন্তু এখন আমাকে দেখলেই এড়িয়ে চলেন। উল্টো ধমক দিয়ে বলেন, এসব ১৫০ টাকার স্ট্যাম্পের নাকি এখন আর দাম নেই। এমন অবস্থায় তাঁর কাছ থেকে আমার টাকা ফেরত পেতে কী করতে হবে?",yes,,
prot_0056_06,Sarwad,81,"আমার খালু এক ছেলে, এক মেয়ে ও স্ত্রীকে রেখে মারা যান। কিছুদিন পর খালার দেবরের সঙ্গে খালার দ্বিতীয় বিয়ে হয়। প্রথম সংসারের ছেলেমেয়ে নিয়ে দ্বিতীয় স্বামীর ঘরে তাঁর সুখের সংসার ছিল। ১৯৭০ সালের জলোচ্ছ্বাসে আমার খালার পুরো পরিবার নিহত হয়। শুধু খালার মেয়ের স্বামী বেঁচে যান। এখন তাঁদের সম্পত্তির উত্তরাধিকারী হিসেবে আছি আমি অর্থাৎ তাঁর আপন বোনের মেয়ে, আর তাঁর মেয়ের জামাই। কিন্তু খালার শ্বশুরবাড়ির এক দূর সম্পর্কের আত্মীয় ওই জমি দখল করে আছে। এ অবস্থায় প্রকৃত উত্তরাধিকারী কে হবেন?আমেনা খাতুন","খালু মারা যাওয়ার সময় স্ত্রী, এক ছেলে ও এক মেয়ে রেখে যান। পরে খালা তাঁর দেবরকে বিয়ে করেন। আগের ঘরের দুই সন্তানকে নিয়ে নতুন স্বামীর সঙ্গে ভালোই ছিলেন। ১৯৭০ সালের জলোচ্ছ্বাসে খালার পরিবারের সবাই মারা যান। বেঁচে ছিলেন শুধু তাঁর মেয়ের স্বামী। এখন উত্তরাধিকারী হিসেবে রয়েছি আমি, তাঁর নিজের বোনের মেয়ে, আর তাঁর মেয়ের জামাই। অথচ শ্বশুরবাড়ির দিকের এক দূরসম্পর্কের আত্মীয় জমিটা দখল করে রেখেছে। আসলে এই সম্পত্তির ওয়ারিশ কারা হবে?",yes,মূলে একই প্রসঙ্গে ‘মেয়ের স্বামী’ ও ‘মেয়ের জামাই’ বলা হয়েছে; সম্পর্কের এই অসামঞ্জস্য অনুমান করে সংশোধন করা হয়নি।,
prot_0059_03,Sarwad,79,"আমার বয়স ৩৫। মা-বাবা আমাকে ছয় মাস বয়স থেকে লালনপালন করছেন এবং সন্তানের স্বীকৃতি দিয়ে আসছেন। এমনকি আমার জাতীয় পরিচয়পত্রেও তাঁদের নামই আছে। বাবা মারা গেছেন চার বছর আগে। মারা যাওয়ার পর জানতে পারলাম, আমি তাঁদের সন্তান নই, পালিত পুত্র। আমার বাবার এক ভাই ও তিন বোন। আমার প্রশ্ন, আমি কি বাবার সম্পত্তির অংশ থেকে কিছুই পাব না? আর এখন এ সম্পত্তির আইনগত কে কে মালিক হবেন? মৃত্যুর আগে বাবা কাউকে কোনো দান, অছিয়ত বা হেবা কিছুই করে যাননি","আমার বয়স এখন ৩৫। ছয় মাস বয়স থেকে যাঁদের মা-বাবা বলে জানি, তাঁরাই আমাকে বড় করেছেন, নিজের সন্তান হিসেবে পরিচয় দিয়েছেন। জাতীয় পরিচয়পত্রেও তাঁদের নাম লেখা। চার বছর আগে বাবা মারা যান। এরপর জানতে পারি, আমি তাঁদের জন্ম দেওয়া সন্তান নই, পালিত ছেলে। বাবার এক ভাই আর তিন বোন আছেন। তাহলে কি তাঁর সম্পত্তি থেকে আমার একেবারেই কিছু পাওয়ার নেই? আইনমতো এই সম্পত্তির মালিক এখন কারা? বাবা মৃত্যুর আগে কাউকে দান, অছিয়ত বা হেবা করে যাননি।",no,,
prot_0061_01,Sarwad,66,"কোনো এক ব্যক্তির প্রথম স্ত্রী মারা গেলেন। সেই সংসারে রয়েছে একজন কন্যাসন্তান। আবার সেই ব্যক্তি বিয়ে করেন। কিছুদিন পর তিনি মারা গেলেন। মারা যাওয়ার আগে তিনি সম্পত্তি দলিল বা লিখিতভাবে নিবন্ধন করে দেননি তাঁর প্রথম স্ত্রীর কন্যা ও দ্বিতীয় স্ত্রীকে। ওই ব্যক্তির সম্পত্তির সম্পূর্ণ মালিকানা প্রথম স্ত্রীর কন্যা ও দ্বিতীয় স্ত্রী পাবেন, নাকি আরও কেউ অংশ পাবে? হিন্দু উত্তরাধিকার আইনমতে জানতে চাই। উজ্জ্বল কুমার রায় চট্টগ্রাম","এক ব্যক্তির প্রথম স্ত্রী মারা যান, তাঁদের একটি মেয়ে রয়েছে। তিনি পরে আরেকটি বিয়ে করেন। কিছুদিন পর ওই ব্যক্তিও মারা যান। জীবিত থাকতে প্রথম ঘরের মেয়ে বা দ্বিতীয় স্ত্রীর নামে দলিল কিংবা লিখিত রেজিস্ট্রি করে সম্পত্তি দিয়ে যাননি। এখন কি দ্বিতীয় স্ত্রী আর প্রথম ঘরের মেয়েই সব সম্পত্তি পাবেন, না অন্য কারও ভাগ থাকবে? হিন্দু উত্তরাধিকার আইন অনুযায়ী ব্যাপারটা জানতে চাই।",yes,,
prot_0062_03,Sarwad,61,২০০৭ সালে আমার বিয়ে হয়। আমার স্বামী বহুজাতিক প্রতিষ্ঠানে কর্মরত। আমাদের একটি সন্তানও আছে। আমি চাকরি খুঁজছি। বিয়ের পর থেকে এখন পর্যন্ত স্বামী আমাদের ভরণপোষণ দেয় না। আমাকে সে সন্দেহ করে। আমার নামে কুৎসা রটায়। এখন আমি বাবার বাড়িতে আছি। ভরণপোষণ চাইলে সে উল্টো ধমক দেয়। আমার মা-বাবাও কোনো সাহায্য করছেন না। কীভাবে আমি আমার দেনমোহর ও ভরণপোষণের টাকা পেতে পারি?,"আমার বিয়ে হয় ২০০৭ সালে। স্বামী একটি বহুজাতিক প্রতিষ্ঠানে চাকরি করেন। আমাদের এক সন্তান আছে, আমিও কাজ খুঁজছি। বিয়ের পর থেকে তিনি আমাদের খরচ দেননি। আমাকে সন্দেহ করেন আর লোকজনের কাছে আমার বদনাম করেন। এখন আমি বাবার বাড়ি থাকি। খরচের কথা তুললে উল্টো ধমক দেন। মা-বাবার কাছ থেকেও সাহায্য পাচ্ছি না। দেনমোহর আর ভরণপোষণের টাকা আদায় করব কীভাবে?",no,,
prot_0062_07,Sarwad,97,"আমার বাবা একজন অবসরপ্রাপ্ত সরকারি কর্মকর্তা। বয়স ৭৪ বছর। মা জীবিত নেই। আমরা তিন ভাইবোন। সবাই ভিন্ন ভিন্ন জায়গায় থাকি। আমার বাবা মাঝেমধ্যে গ্রামের বাড়িতে একা থাকেন। সেখানে এক গৃহকর্মী আছে, বয়স ৩৮। সে কৌশলে আমার বাবাকে গোপনে বিয়ে করে। বিয়ের কোনো লিখিত কাগজপত্র নেই। বিয়ের আসরে আমার বাবা ও মেয়েটি ছাড়া আরও দুজন উপস্থিত ছিলেন। প্রশ্ন হচ্ছে, মুসলিম আইন অনুযায়ী বিয়ে হয়েছে কি? পরবর্তীকালে আমার বাবা ভুল বুঝতে পেরেছেন এবং সম্পর্কটি এখন আর রাখতে চান না। বর্তমানে আমাদের কাছে আছেন। মেয়েটি এখন আমাদের বাড়িতে ঢুকে আত্মহত্যার হুমকি দিচ্ছে। সে ক্ষেত্রে আমাদের করণীয় কী? মো. লাবলু হোসেনপাবনা","বাবার বয়স ৭৪, তিনি সরকারি চাকরি থেকে অবসর নিয়েছেন। মা বেঁচে নেই। আমরা তিন ভাইবোন আলাদা আলাদা জায়গায় থাকি। বাবা কখনো কখনো গ্রামের বাড়িতে একাই থাকেন। সেখানে ৩৮ বছর বয়সী এক গৃহকর্মী আছে। মেয়েটি কৌশল করে গোপনে বাবাকে বিয়ে করেছে। লিখিত কোনো বিয়ের কাগজ নেই। বিয়ের সময় বাবা ও মেয়েটি ছাড়াও দুজন লোক ছিলেন। মুসলিম আইনে কি এভাবে বিয়ে হয়েছে? পরে বাবা নিজের ভুল বুঝেছেন, সম্পর্কটা আর চালাতে চান না। এখন তিনি আমাদের কাছে আছেন। মেয়েটি বাড়িতে এসে নিজেকে মেরে ফেলবে বলে হুমকি দিচ্ছে। আমরা এখন কী করতে পারি?",yes,,
prot_0063_05,Sarwad,99,"আমার বয়স ২১। স্নাতক পর্যায়ে পড়ছি। বাবা-মা আমাকে অনিচ্ছা সত্ত্বেও জোরপূর্বক বিয়ে দেওয়ার চেষ্টা করছেন। আমি এখন বিয়েতে রাজি না, এটা তাঁদের বুঝিয়েও পারছি না। আমি মাধ্যমিক ও উচ্চমাধ্যমিকে ভালো ফল করে ভালো বিষয়ে পড়ছি। আমার ছোটবেলা থেকে স্বপ্ন একজন চার্টার্ড অ্যাকাউনটেন্ট হওয়ার। কিন্তু বাবা-মা আমার স্বপ্নপূরণে ইচ্ছুক নন। আমার বাবা খুব ক্ষমতাশালী ব্যক্তি। এখন আমি খুব চিন্তায় আছি এবং অসহায় বোধ করছি। আমার কাছে পর্যাপ্ত টাকা নেই এবং কোনো পরিচিত উকিলও নেই। এ মুহূর্তে আমি কী করতে পারি? আমি কি কোনো আইনানুগ সহায়তা পাব? একজন প্রাপ্তবয়স্ক মেয়েকে জোরপূর্বক বিয়ে দেওয়ার বিরুদ্ধে আইন কি কোনো সহায়তা করবে?নাম প্রকাশে অনিচ্ছুকদিনাজপুর","আমি ২১ বছরের মেয়ে, স্নাতকে পড়ছি। বাবা-মা আমার ইচ্ছার বিরুদ্ধে বিয়ে দিতে উঠেপড়ে লেগেছেন। এখন বিয়ে করতে চাই না, কিন্তু অনেক বলেও তাঁদের বোঝাতে পারছি না। এসএসসি আর এইচএসসিতে ভালো রেজাল্ট করে ভালো বিষয় নিয়ে পড়ছি। ছোট থেকেই ইচ্ছা চার্টার্ড অ্যাকাউনটেন্ট হব। বাবা-মা সেই ইচ্ছা পূরণ করতে দিতে চান না। বাবা খুব প্রভাবশালী। এসব নিয়ে ভীষণ দুশ্চিন্তা হচ্ছে, নিজেকে অসহায় মনে হচ্ছে। হাতে তেমন টাকা নেই, পরিচিত কোনো আইনজীবীও নেই। এই মুহূর্তে কী করতে পারি আমি? আইনি সাহায্য পাওয়ার উপায় আছে? প্রাপ্তবয়স্ক মেয়েকে জোর করে বিয়ে দেওয়ার চেষ্টা হলে আইন কি তাকে রক্ষা করবে? নাম প্রকাশ করতে চাই না।",yes,,
prot_0065_01,Sarwad,151,"১৯৯৮ সালে যখন আমি মাধ্যমিক পর্যায়ের ছাত্রী ছিলাম, তখন একটি ছেলে আমার মা-বাবাকে বুঝিয়ে আমাকে বিয়ে করে। পরে দেখি সে দুশ্চরিত্রের লোক। এক বছরের মধ্যেই আমাদের তালাক হয়ে যায়। আমি পড়াশোনা চালিয়ে যাই এবং স্নাতকোত্তর ডিগ্রি অর্জন করি। স্নাতক পরীক্ষা দেওয়ার পর পরিবারিকভাবে অন্য একটি ছেলের সঙ্গে আমার আবার বিয়ে হয়। কিন্তু প্রথম স্বামী এসে দ্বিতীয় স্বামীকে অনেক মন্ত্রণা দিতে থাকে। দ্বিতীয় স্বামীর কিন্তু শারীরিক সমস্যাও ছিল। এ জন্য সেও আমাকে আর বিশ্বাস করতে পারেনি, আবারও তালাক হয়ে যায়।আমি এখন ঢাকায় চাকরি করি। আমার মনে হয়, আমি আবারও বিয়ে করলে প্রথম স্বামী দ্বিতীয় স্বামীকে নিয়ে সেটা ভেঙে দেওয়ার চেষ্টা করবে। প্রথম স্বামীর বিরুদ্ধে আজ পর্যন্ত কোনো ধরনের আইনি ব্যবস্থা নিইনি। দেনমোহরের ৬০ হাজার টাকাও নিইনি।এখন আমার প্রশ্ন, প্রথম স্বামীর বিরুদ্ধে আমি কী ব্যবস্থা নিতে পারি এবং দেনমোহরের এই ৬০ হাজার টাকা উদ্ধার করা কি সম্ভব? বিয়ে এবং তালাক সবই কাজি অফিসে লিখিত দলিলের মাধ্যমে হয়, যেখানে আমার সই ছিল।নাম প্রকাশে অনিচ্ছুকযশোর","১৯৯৮ সালে মাধ্যমিকে পড়তাম। তখন এক ছেলে বাবা-মাকে রাজি করিয়ে আমাকে বিয়ে করে। পরে তার খারাপ চরিত্রের কথা বুঝতে পারি। এক বছর না যেতেই তালাক হয়। তারপরও পড়া ছাড়িনি, শেষ পর্যন্ত মাস্টার্স করেছি। স্নাতকের পরীক্ষা দেওয়ার পর পরিবারের ব্যবস্থায় দ্বিতীয়বার বিয়ে করি। কিন্তু আগের স্বামী এসে নতুন স্বামীর কানে নানা কথা দিতে থাকে। দ্বিতীয় স্বামীর শারীরিক সমস্যাও ছিল। সেও আমাকে বিশ্বাস করতে পারেনি, সেই বিয়েটাও ভেঙে যায়। এখন একটি শহরে চাকরি করছি। আমার ভয়, আবার বিয়ে করলে প্রথম স্বামী দ্বিতীয়জনকে সঙ্গে নিয়ে সেটাও ভাঙতে চাইবে। প্রথম স্বামীর বিরুদ্ধে কখনো আইনগত কোনো পদক্ষেপ নিইনি। তার কাছে পাওনা ৬০ হাজার টাকা দেনমোহরও আদায় করিনি। এখন তার বিরুদ্ধে কী করতে পারব? ওই ৬০ হাজার টাকা কি এখনো পাওয়া সম্ভব? প্রতিটি বিয়ে ও তালাক কাজি অফিসে লিখিত কাগজে হয়েছে এবং তাতে আমার সই রয়েছে। নিজের পরিচয় জানাতে চাই না।",yes,,
prot_0065_05,Sarwad,91,"আমার বাবার নামে ঢাকা ক্যান্টনমেন্টের কাছে সাড়ে চার শতাংশ জমি ছিল। তাঁরা দুই ভাই। বাবার ওই জমি বুঝিয়ে-শুনিয়ে বড় চাচা নিজের নামে মুখে মুখে নিয়ে নেন। জমির দাম ছিল দুই লাখ টাকা (১৯৭৮ সাল)। আমার বাবা ছিলেন সবার ছোট; এতিম ও অবুঝ। বাবা স্বেচ্ছায় তাঁর বড় ভাইকে জমি দেননি। বড় চাচা আমার বাবার দুর্বলতার সুযোগ নিয়ে জমি নিজের নামে নিয়ে নেন। বাবা জমিটা দলিল বা লিখিতভাবে নিবন্ধন করে দেননি। বাবার বড় ভাই বেঁচে নেই। তাঁর স্ত্রী ও সন্তান আছে। প্রশ্ন হলো, ওয়ারিশ হিসেবে এর দাবিদার হয়ে আমি কি মামলা করতে পারব?তাসনিম","একটি সেনানিবাসের কাছাকাছি বাবার নামে সাড়ে চার শতাংশ জমি ছিল। বাবা আর চাচা দুই ভাই। বড় চাচা বাবাকে বুঝিয়ে ওই জমি শুধু মুখের কথায় নিজের করে নেন। ১৯৭৮ সালে জমিটির দাম ছিল দুই লাখ টাকা। বাবা ছোট ছিলেন, এতিম এবং সহজ-সরল। তিনি খুশিমনে ভাইকে জমি দেননি। তাঁর অসহায় অবস্থার সুযোগ নিয়েই চাচা জমিটা নিয়ে নেন। তবে বাবা দলিল করে বা লিখিতভাবে রেজিস্ট্রি করে দেননি। চাচা এখন মৃত, তাঁর স্ত্রী-সন্তান আছে। বাবার ওয়ারিশ হিসেবে জমিটা দাবি করে আমি কি মামলা করতে পারব?",yes,,
prot_0066_06,Sarwad,142,"আমরা দুই ভাই ও এক বোন বাবার দ্বিতীয় সংসারের সন্তান। পারিবারিক কলহে বাবার সঙ্গে মায়ের ছাড়াছাড়ি হয়ে গেছে। প্রথম পক্ষের ভাইবোনেরা বাবার ঢাকার বাড়িতে থাকে, যেখানে আমাদের কোনো ঠাঁই নেই। ওই বাড়ির তিন ভাগের এক ভাগ বড় মায়ের নামে। কিন্তু বড় মা এখন বেঁচে নেই। বাবা ঢাকার বাড়িতে উঠতে পারেন না, কারণ ওরা জায়গা দেয় না। তাই তিনি এখন গ্রামের বাড়ি থাকেন। গ্রামেও বাবার অনেক সম্পদ। ছাড়াছাড়ির সময় মায়ের পক্ষ নেওয়ায় আমরা বাবার চোখের কাঁটা হই। তা ছাড়া তিনি কখনো আমাদের ঠিকমতো ভরণপোষণ দিতেন না। এখন বাবা আমাদের গ্রামের বাড়িতে উঠতে দেন না। বড় মায়ের মৃত্যুর পর বাবা আবার বিয়ে করেন। তৃতীয় সংসারে তিন বোন। খবর নিয়ে জানতে পারি, বাবা তৃতীয় মা ও ওই পক্ষের সন্তানদের গ্রামের সব সম্পদ লিখে দেবেন। আমরা আগেও কিছু পাইনি, পরেও না। তাই বাবা সম্পত্তি লিখে দেওয়ার আগে কীভাবে আমরা আমাদের অধিকার প্রতিষ্ঠা করতে পারি?মো. ইসমাইল হো","বাবার দ্বিতীয় ঘরে আমরা দুই ভাই ও এক বোন। সংসারের ঝগড়ার কারণে বাবা-মায়ের বিচ্ছেদ হয়েছে। প্রথম ঘরের ভাইবোনেরা শহরে বাবার বাড়িতে থাকে, আমাদের সেখানে থাকতে দেয় না। বাড়ির এক-তৃতীয়াংশ বড় মায়ের নামে, কিন্তু তিনি মারা গেছেন। বাবাকেও ওরা সেখানে জায়গা দেয় না, তাই বাবা গ্রামের বাড়ি থাকেন। গ্রামেও তাঁর অনেক সম্পত্তি আছে। বিচ্ছেদের সময় মায়ের পাশে ছিলাম বলে বাবা আমাদের সহ্য করেন না। আগে থেকেই ঠিকমতো খরচ দিতেন না। এখন গ্রামের বাড়িতেও আমাদের ঢুকতে দেন না। বড় মা মারা গেলে বাবা আবার বিয়ে করেন। সেই সংসারে তিন মেয়ে আছে। শুনেছি, গ্রামের সব সম্পত্তি তিনি তৃতীয় স্ত্রী আর ওই ঘরের সন্তানদের দিয়ে দেবেন। আগে কিছুই পাইনি, পরেও পাব না। বাবা সব লিখে দেওয়ার আগেই আমরা নিজেদের অধিকার কীভাবে আদায় করতে পারি?",yes,,
prot_0068_01,Sarwad,135,"আমার বাবা ও চাচা দুই ভাই। আমার দাদি জীবিত থাকা অবস্থায় বাবা ও চাচা মারা যান। এর আরও ২০ বছর পর আমার দাদি মারা যান। মারা যাওয়ার সময় আমার দাদির অনেক পৈতৃক সম্পত্তি তাঁর নামে ছিল। তাঁর কোনো ভাইবোন জীবিত নেই। মারা যাওয়ার আগ পর্যন্ত দাদি আমার চাচি ও চাচাতো ভাইদের সঙ্গে থাকতেন। দাদি মারা যাওয়ার দুই বছর পর চাচি বলেন, দাদি তাঁর সব সম্পত্তি তাঁকে টিপসই দিয়ে নিবন্ধন করে দানপত্র করে গেছেন এবং সেই হিসেবে ওই সম্পত্তি বর্তমানে সিডিএ অধিগ্রহণ করায় ওই সম্পত্তির মূল্য বাবদ তাঁরা টাকাও বুঝে নিয়েছেন। আমার প্রশ্ন হলো, আমার দাদি কি কোনো নাতি-নাতনি ছাড়া শুধু তাঁর এক পুত্রবধূকে (চাচি) সব সম্পত্তি দানপত্র করতে পারেন? এটা কি আইনত বৈধ? এ ব্যাপারে আমার বাবার ওয়ারিশ হিসেবে আমরা কি এর দাবিদার হয়ে কোনো মামলা করতে পারব? করতে পারলে চট্টগ্রামের কোথায় মামলা করা যাবে","বাবা ও চাচা ছিলেন দুই ভাই। দাদি বেঁচে থাকতেই দুজন মারা যান। আরও ২০ বছর পরে দাদির মৃত্যু হয়। তখন তাঁর নামে বাবার কাছ থেকে পাওয়া অনেক সম্পত্তি ছিল। তাঁর কোনো ভাইবোনও আর জীবিত ছিলেন না। জীবনের শেষ পর্যন্ত তিনি চাচি আর চাচাতো ভাইদের সঙ্গেই ছিলেন। দাদি মারা যাওয়ার দুই বছর পর চাচি জানান, দাদি টিপসই দিয়ে রেজিস্ট্রি করে সব সম্পত্তি তাঁকে দান করেছেন। সেই মালিকানার ভিত্তিতে একটি উন্নয়ন কর্তৃপক্ষ জমি অধিগ্রহণ করলে তাঁরা ক্ষতিপূরণের টাকাও নিয়েছেন। দাদি কি নাতি-নাতনিদের কাউকে কিছু না দিয়ে শুধু এক পুত্রবধূকে সব দান করতে পারেন? আইন কি সেটা মেনে নেয়? বাবার ওয়ারিশ হিসেবে আমরা কি ওই সম্পত্তি চেয়ে মামলা করতে পারব? পারলে সংশ্লিষ্ট শহরের কোথায় মামলা দিতে হবে?",yes,,
prot_0069_01,Sarwad,181,"নবম শ্রেণীতে পড়ার সময় একটি ছেলের সঙ্গে প্রেমের সম্পর্কে জড়িয়ে পড়ি। সে আমাকে বিয়ের প্রস্তাব দেয়। কিন্তু আমি রাজি হইনি। আমি বলেছি, পড়াশোনা শেষ করে বিয়ে করব। সে তখনই আমাকে একটা কাগজ দেয়। কাগজের ওপর লেখা ছিল হলফনামা। মাঝখানে আমাদের দুজনের পরিচিতি, অবশেষে দুজনের স্বাক্ষর। বিয়েসংক্রান্ত কিছু কথা লেখা ছিল। তবে আমার বয়স ১৪ থেকে বাড়িয়ে ২০ লেখা হয়েছিল, ওর প্রকৃত বয়স ২৮ থেকে কমিয়ে ২৫ লেখা হয়েছিল। আমি এখন পড়াশোনার প্রায় শেষ পর্যায়ে আছি। মা-বাবা বিয়ের জন্য বলছেন। আমি মা-বাবাকে কিছু বলতে পারছি না ভয়ে। তাঁরা এ সম্পর্ক মেনে নেবেন না। মূল কাগজটি ছেলের কাছে আছে। তার কাছে আমার কিছু ছবিও আছে। আমরা দুজনই হিন্দু ধর্মাবলম্বী। আমি যে স্বাক্ষর দিয়েছি তা আমি ছাড়া কেউ দেখেনি। আবার তার স্বাক্ষর দেওয়াও আমি দেখিনি। আমার প্রশ্ন, ওই হলফনামায় স্বাক্ষর দেওয়ার মাধ্যমে কি আমার বিয়ে হয়েছে? ভবিষ্যতে কি এ কাগজ দিয়ে সে আমাকে আইনি সমস্যায় ফেলতে পারবে? স্বাক্ষর দেওয়ার মাধ্যমে বিয়ে হয়ে থাকলে আমার আইনি কী ব্যবস্থা গ্রহণ করা উচিত? আর বিয়ে না হয়ে থাকলে কী ব্যবস্থা গ্রহণ করা উচিত, বিস্তারিত জানালে কৃতজ্ঞ থাকব। উল্লেখ্য, আমি ছেলেটার সঙ্গে সংসার করতে চাচ্ছি না।নাম প্রকাশে অনিচ্ছুক","নবম শ্রেণিতে পড়তে এক ছেলের সঙ্গে প্রেম হয়। সে বিয়ে করতে চেয়েছিল, কিন্তু আমি বলি পড়া শেষ না হলে বিয়ে করব না। তখন সে একটা কাগজ দেয়। ওপরে ‘হলফনামা’, মাঝে আমাদের দুজনের পরিচয় আর শেষে দুজনের সই ছিল। বিয়ে নিয়েও কিছু কথা লেখা ছিল। সেখানে আমার ১৪ বছর বয়স বাড়িয়ে ২০ করা হয়, আর তার আসল বয়স ২৮ হলেও লেখা হয় ২৫। এখন আমার পড়া প্রায় শেষ। বাবা-মা বিয়ের কথা বলছেন। ভয়ে তাঁদের কিছু বলতে পারি না, এই সম্পর্ক তাঁরা মানবেন না। আসল কাগজটা ছেলেটির কাছে, আমার কয়েকটা ছবিও তার কাছে রয়েছে। আমরা দুজনই হিন্দু। আমি যখন সই করি, তখন কেউ তা দেখেনি। তার সই করাটাও আমি দেখিনি। ওই হলফনামায় সই করায় কি আমাদের বিয়ে হয়ে গেছে? পরে কাগজটা দেখিয়ে সে কি আমাকে আইনি বিপদে ফেলতে পারে? যদি বিয়ে হয়ে থাকে তাহলে কী ব্যবস্থা নেব? আর বিয়ে না হলে কী করা উচিত? একটু খুলে বললে উপকার হয়। আমি তার সঙ্গে ঘর করতে চাই না। পরিচয় প্রকাশ করতে চাই না।",no,,
prot_0071_04,Sarwad,93,"১৯৬৬ সালে আমার দাদা মারা যান। তখন আমার বাবার বয়স ছয় মাস। সে সময় আমার দাদি আমার দাদার সব জমি বিক্রি করে তাঁর ভাইয়ের কাছে চলে আসেন। ১৯৬৯ সালে আমার দাদির আবার বিয়ে হয়। তখন বাবার সঙ্গে দাদির দূরত্ব বেড়ে যায়। বাবা পরের বাড়িতে মানুষ হন। দাদার জমির পরিমাণ ছিল ২০ বিঘা। বাবা ও ফুপু দুজনই ওই সম্পত্তি থেকে বঞ্চিত হন। ২০০৩ সালে বাবা মারা যান। আমরা এক ভাই, এক বোন। বাবা ও ফুপু কেউ কোনো জমি বিক্রি করেননি। তাহলে কি আমরা ওই জমির অংশ পাব? যদি পাই, তাহলে আমাদের কী করতে হবে?","দাদা মারা গেছেন ১৯৬৬ সালে। বাবা তখন মাত্র ছয় মাসের শিশু। সেই সময় দাদি দাদার সব জমি বেচে নিজের ভাইয়ের কাছে চলে যান। ১৯৬৯ সালে দাদি আবার বিয়ে করলে বাবার সঙ্গে তাঁর যোগাযোগ আরও কমে যায়। বাবা অন্যের বাড়িতে বড় হয়েছেন। দাদার জমি ছিল ২০ বিঘা, কিন্তু বাবা আর ফুফু দুজনই তা থেকে বঞ্চিত হন। ২০০৩ সালে বাবাও মারা গেছেন। আমরা এক ভাই ও এক বোন। বাবা বা ফুফু তো কোনো জমি বিক্রি করেননি। তাহলে ওই জমিতে আমাদের কোনো অংশ থাকবে? থাকলে সেটা পেতে কী করতে হবে?",no,,
prot_0073_07,Sarwad,92,"আমরা চার ভাই ও পাঁচ বোন। সবাই বিবাহিত। বাবা ও মা দুজনই মারা গেছেন। সব ভাইয়েরই পুত্রসন্তান আছে। আমার একটিমাত্র কন্যা, বয়স পাঁচ বছর। আমার মৃত্যুর পর আমার স্ত্রী ও কন্যা কীভাবে আমার সম্পত্তির মালিক হতে পারে? সমস্যা হলো, আমার বাবার রেখে যাওয়া সম্পত্তি অর্পিত হিসাবে আছে, যা ১৯৬৩-৬৪ সালে রেজিস্ট্রেশন করা অবস্থায় কেনা ছিল। এই সম্পত্তিতে আমরা চার ভাই ভোগদখলে আছি। আমাদের চার ভাইয়ের নামে আলাদা একটি বাড়ি কেনা আছে, যার নাম খারিজ করা হয়নি। কারণ, সেই সম্পত্তি অর্ধেক অর্পিত হিসেবে আছে, যা রেজিস্ট্রেশন দলিলমূলে কেনা ১৯৯০ সালে। নাম প্রকাশে অনিচ্ছুকমুন্সিগঞ্জ","আমরা চার ভাই, পাঁচ বোন; সবার বিয়ে হয়েছে। বাবা-মা কেউ বেঁচে নেই। অন্য ভাইদের ছেলে আছে, আমার শুধু পাঁচ বছরের এক মেয়ে। আমি মারা গেলে স্ত্রী আর মেয়েকে আমার সম্পত্তি পাওয়ানোর উপায় কী? অসুবিধা হচ্ছে, বাবার যে সম্পত্তি আমরা পেয়েছি তা অর্পিত হিসেবে রয়েছে। অথচ সেটি ১৯৬৩-৬৪ সালে দলিল রেজিস্ট্রি করেই কেনা হয়েছিল। এখন আমরা চার ভাই তা দখলে রেখে ব্যবহার করছি। আমাদের চারজনের নামে আরও একটা বাড়ি কেনা আছে, সেটার নাম খারিজ হয়নি। কারণ তার অর্ধেক অর্পিত সম্পত্তি হিসেবে আছে, যদিও ১৯৯০ সালে রেজিস্ট্রি দলিলেই কেনা। নাম জানাতে চাই না।",yes,,
prot_0076_01,Sarwad,49,"আমার নানার চার ছেলে দুই মেয়ে। নানা ও নানি মারা গেছেন। নানার সম্পত্তি ছেলেমেয়েদের মধ্যে কী অনুপাতে ভাগ করা হবে? তাঁর ২০ বিঘা জমি আছে। আমার মা সেই সম্পত্তির কতটুকু পাবেন? নানার সম্পত্তি যদি তাঁর মেয়েদের সঠিকভাবে না দেওয়া হয়, তাহলে কী করণীয়? মায়ের সম্পত্তি কি তাঁর ছেলেমেয়েরা পাবে?নিরবমানিকগঞ্জ",নানার চার ছেলে আর দুই মেয়ে। নানা-নানি দুজনই মারা গেছেন। তাঁর ২০ বিঘা জমি সন্তানদের মধ্যে কী হিসাবে ভাগ হবে? আমার মায়ের ভাগে কতটা পড়বে? মেয়েদের ঠিকমতো অংশ না দেওয়া হলে কী করা যায়? আবার মায়ের পাওয়া সম্পত্তি কি তাঁর ছেলেমেয়েরা পাবে?,yes,,
prot_0076_05,Sarwad,85,"আমাদের পরিবারে নয়জন সদস্য। নয় বছর আগে আমার বাবা মারা যান। ইতিমধ্যে আমাদের পরিবারের খুবই কষ্টকর অবস্থা, তার মধ্যে আমার ছোট একটি বোন বিয়ে দেওয়া বাকি। আমার নানাবাড়ির অবস্থা ভালো। তবে আমরা কি নানাবাড়ির ওয়ারিশ হতে পারব? আমার মা একটু সহজ-সরল প্রকৃতির, তাই আমার মা কিছুতেই রাজি নয়, মামাদের কাছে ওয়ারিশ চাইতে। আমার অন্য খালাদের ওয়ারিশ আনার প্রতি কোনো আগ্রহ নেই। আমার নানি বেঁচে আছেন কিন্তু নানা বেঁচে নেই। মামারাও খুব ভালো মানুষ। এখন আমরা আমাদের মায়ের ইচ্ছা ছাড়া কোনোভাবে কি নানাবাড়ির ওয়ারিশ আনতে পারব?","আমাদের পরিবার নয়জনের। বাবা মারা গেছেন নয় বছর হলো। এখন সংসারে খুব অভাব, তার ওপর ছোট এক বোনের বিয়ে দেওয়া হয়নি। নানাবাড়ির আর্থিক অবস্থা ভালো। সেখানে কি আমরা ওয়ারিশের অংশ পাব? মা খুব সহজ-সরল, মামাদের কাছে নিজের ভাগ চাইতে কিছুতেই রাজি হন না। অন্য খালারাও তাঁদের ভাগ নেওয়ার ব্যাপারে আগ্রহী নন। নানা মারা গেছেন, নানি এখনো আছেন। মামারাও ভালো মানুষ। মায়ের সম্মতি ছাড়াই কি কোনোভাবে তাঁর নানাবাড়ির প্রাপ্য অংশ আমরা নিয়ে আসতে পারব?",no,,
prot_0078_02,Sarwad,168,"আমার বাবা একজন বাসচালক ছিলেন। আমার মায়ের সঙ্গে খুব সুন্দর সংসার চলছিল, কিন্তু এক বাস দুর্ঘটনায় আমার বাবার মস্তিষ্কে সমস্যা হয়। এরপর আমার মা আমাকে নিয়ে আমার নানার বাড়িতে চলে আসেন। তখন আমার বয়স ছয় মাস। আমার বাবা আমাকে ও আমার মাকে চিনতেন। কিন্তু কিছু সময় পর আবার আমাকে চিনতেন না। আমার কথা মনে পড়লে আমার নানা বাড়িতে আসতেন, আমাকে আদর করতেন। আমি যখন বুঝতে শিখি, তখন দেখি যে আমার বাবা আমার জন্য অনেক কিছু নিয়ে আসেন। এবং কিছুদিন পর আমার বাবা মারা যান। আমি এখন বড় হয়েছি, এসএসসি পাস করেছি। আমি আমার মাকে নিয়ে আমার দাদার বাড়ি যেতে চাই। কিন্তু পারি না। কারণ আমার মা আমাকে নিয়ে চলে এসেছেন আর আমার বাবা মারা গেছেন। ওখানে আমার কিছু নেই—বলেন আমার চাচারা। আমার মা দ্বিতীয় কোনো বিয়ে করেননি। আমাকে নিয়ে বেঁচে আছেন। দুই বছর হলো আমার বড় চাচা মারা গেছেন। তাঁর ছেলেমেয়ে ও বউ আছেন। ছোট চাচা বেঁচে আছেন, তাঁর সংসারও আছে। আমি আমার বাবার একমাত্র সন্তান। এখন আমার দাদার সম্পত্তি পাব কি না? আমার দাদা-দাদি মারা গেছেন।মো. রাসেলমানিকগঞ্জ","বাবা বাস চালাতেন। মায়ের সঙ্গে ভালোই সংসার চলছিল। একদিন বাস দুর্ঘটনায় তাঁর মস্তিষ্কে সমস্যা দেখা দেয়। তখন মা আমাকে নিয়ে নানাবাড়ি চলে আসেন; আমার বয়স ছিল ছয় মাস। বাবা আমাকে আর মাকে চিনতে পারতেন, আবার কিছুক্ষণ পর আমাকে চিনতেন না। আমার কথা মনে এলে নানাবাড়িতে এসে আদর করতেন। বড় হয়ে বুঝতে শুরু করার পর দেখতাম, বাবা আমার জন্য কত কিছু আনছেন। এর কিছুদিন পরে তিনি মারা যান। এখন আমি বড় হয়েছি, এসএসসি পাস করেছি। মাকে সঙ্গে নিয়ে দাদার বাড়ি যেতে ইচ্ছা করে, কিন্তু যেতে পারি না। চাচারা বলেন, মা আমাকে নিয়ে চলে গেছেন আর বাবা নেই, তাই সেখানে আমার কিছুই নেই। মা আর বিয়ে করেননি, আমাকে নিয়েই আছেন। দুই বছর আগে বড় চাচা মারা গেছেন, তাঁর স্ত্রী ও ছেলেমেয়ে আছে। ছোট চাচা জীবিত, তাঁরও পরিবার আছে। আমি বাবার একমাত্র সন্তান। দাদা-দাদি দুজনই মৃত। তাঁদের সম্পত্তিতে কি আমি ভাগ পাব?",yes,,
prot_0079_03,Sarwad,121,"আমি স্নাতকোত্তর পর্যায়ে পড়ছি। আমার বয়স ২৮ বছর। কিছুদিন আগে একজনের সঙ্গে আমার সম্পর্ক হয়। তাঁর বয়স ২৪। আমরা বিয়ে করার সিদ্ধান্ত নিই। কিন্তু সমস্যা হলো, ওই ছেলে বাড়িতে আমার ব্যাপারে কথা বললে জানতে পারে তার বাবা-মা তাকে তিন বছর বয়সে দুই বছর বয়সী এক মেয়ের সঙ্গে বিয়ে দেন। কিন্তু এ কথা ছেলেমেয়ে কেউ জানে না। পড়ালেখার ক্ষতি হবে বলে তাকে জানানো হয়নি। ছেলেটি বিয়ের কথা জানার সঙ্গে সঙ্গে ওই মেয়েকে তালাকনামা পাঠায়। কিন্তু তার মা-বাবা আমাকে মেনে নিচ্ছেন না। এখন ছেলেটি মানসিকভাবে ভেঙে পড়েছে, সঙ্গে আমিও। ওই মেয়েটি কি আইনগতভাবে তার স্ত্রী হওয়ার অধিকার পেতে পারে? উল্লেখ্য, তাদের বিয়ের আইনসম্মত কোনো দলিল নেই। আর এ পর্যায়ে আমি কী করতে পারি? আমি ছেলেটিকে বিয়ে করতে চাই, সেটি কীভাবে সম্ভব?নাম প্রকাশে অনিচ্ছুক","আমি মাস্টার্সে পড়ছি, বয়স ২৮। কিছুদিন আগে ২৪ বছর বয়সী একটি ছেলের সঙ্গে সম্পর্ক হয়। দুজনে বিয়ে করব ঠিক করি। বাড়িতে আমার কথা বলতে গিয়ে সে জানতে পারে, তার বয়স যখন তিন, তখন বাবা-মা তাকে দুই বছরের এক মেয়ের সঙ্গে বিয়ে দিয়েছিলেন। কিন্তু ছেলে-মেয়ে কেউই বিষয়টা জানত না। পড়াশোনায় ক্ষতি হবে বলে তাকে এতদিন বলেননি। শোনামাত্র ছেলেটি ওই মেয়েকে তালাকের কাগজ পাঠায়। তবু তার বাবা-মা আমাকে গ্রহণ করতে চান না। সে খুব ভেঙে পড়েছে, আমিও কষ্টে আছি। মেয়েটি কি আইনত তার স্ত্রী বলে দাবি করতে পারবে? সেই বিয়ের আইনি কোনো কাগজ নেই। এখন আমার কী করণীয়? ছেলেটিকে বিয়ে করতে চাই, কীভাবে সেটা করতে পারব? পরিচয় গোপন রাখতে চাই।",no,,
prot_0082_02,Sarwad,121,"আমার দাদি ১৯৯৪ সালে আমার ফুফুকে তাঁর সম্পত্তি আমার আব্বার সম্পূর্ণ অজান্তে দলিল নিবন্ধন করে দিয়ে দেন। প্রায় পাঁচ বছর পর আমরা এ কথা জানতে পারি। এ হিসাবে ফুফু তাঁর নিজের ও দাদির সম্পত্তির মালিক। ফুফু আমাদের বাড়িতে স্থায়ীভাবে বসবাস করতে চাইলে আমাদের আপত্তিতে তা পারেননি। ফলে ক্ষিপ্ত হয়ে তিনি তাঁর জায়গা স্থানীয় এক মাদ্রাসায় ২০০৮ সালের জুন/জুলাই মাসে (বিক্রি নয়, মূল্য ধার্য করে) দান করে দেন। তখনই আমরা দান করা জায়গাটি ফেরত আনার জন্য চেষ্টা করি। কিন্তু মাদ্রাসা কর্তৃপক্ষ জায়গাটির উচ্চমূল্য দাবি করায় আমরা তা ফেরত আনতে পারিনি। উল্লেখ্য, দান করা জায়গাটিই আমাদের বসতভিটা। আমার প্রশ্ন, শফি বা অন্য কোনো আইনি প্রক্রিয়ায় আমরা জায়গাটি ফেরত পাব কি? (আমরা জানতাম, শফির মেয়াদ তিন মাস। আর দানপত্রে কোনো শফি নেই। ঠিক কি?","১৯৯৪ সালে দাদি বাবাকে কিছু না জানিয়ে নিজের সম্পত্তি ফুফুকে রেজিস্ট্রি করে দেন। প্রায় পাঁচ বছর পরে আমরা জানতে পারি। ফলে ফুফু নিজের সম্পত্তির পাশাপাশি দাদিরটাও পান। তিনি আমাদের বাড়িতে স্থায়ী থাকতে চেয়েছিলেন, কিন্তু আমরা আপত্তি করায় পারেননি। এতে রেগে গিয়ে ২০০৮ সালের জুন/জুলাইয়ে স্থানীয় এক মাদ্রাসাকে জমিটা দান করেন, বিক্রি নয়, তবে দাম ঠিক করে। আমরা তখনই জমি ফেরত নিতে চেয়েছিলাম। মাদ্রাসার লোকজন অনেক দাম চাওয়ায় আর নেওয়া হয়নি। ওই জমিটাই আসলে আমাদের বসতভিটা। শফি করে কিংবা অন্য কোনো আইনের সাহায্যে কি এটা ফেরত পাওয়া যাবে? আমরা তো জানতাম শফি করার সময় তিন মাস, আর দানপত্রে শফি চলে না। কথাগুলো কি ঠিক?",no,"মূলে শেষ বন্ধনী অসমাপ্ত; ‘বিক্রি নয়, মূল্য ধার্য করে’ কথাটির অস্পষ্টতাও অপরিবর্তিত রাখা হয়েছে।",
prot_0083_03,Sarwad,119,"প্রথম স্ত্রীর মৃত্যুর পর আমার স্বামী আমাকে বিয়ে করেন। তাঁর আগের ঘরে তিন ছেলে ও এক মেয়ে আছে। বর্তমানে আমাদের দেড় বছর বয়সের একটি কন্যাসন্তান রয়েছে। আমার স্বামী তাঁর পাঁচ ছেলেমেয়েকে ভীষণ ভালোবাসেন। আমার বিয়ের আগেই তাঁর গার্মেন্টসের ১০০ শেয়ারের মালিক তিনি এবং বাকি ১০০ শেয়ার তাঁর আগের চার ছেলেমেয়ের নামে। স্বামীর অবর্তমানে আমার সন্তান ও আমি কি শেয়ারের অংশ পাব? আমার স্বামী তাঁর সম্পত্তি কোনো সন্তানের নামে লিখে দেননি। আমার কাছে তাঁর সম্পত্তির কোনো কাগজপত্র নেই। তাঁর অবর্তমানে আমার মেয়ে ও আমি কি সম্পত্তি পাব? যদি তাঁর অবর্তমানে আগের ঘরের সন্তানেরা আমাকে অংশ দিতে রাজি না হয়, তাহলে আমার করণীয় কী? স্বামীর অবর্তমানে আমি কি আমার দেনমোহর পাব, নাকি শুধু জীবিত অবস্থায় দেনমোহর পাওয়ার অধিকার থাকে?নাম প্রকাশে অনিচ্ছুক","আমাকে বিয়ে করার আগে স্বামীর প্রথম স্ত্রী মারা যান। আগের সংসারে তাঁর তিন ছেলে ও এক মেয়ে আছে। আমাদেরও এখন দেড় বছরের একটি মেয়ে। তিনি পাঁচ সন্তানকেই খুব স্নেহ করেন। আমাদের বিয়ের আগে থেকেই গার্মেন্টসের ১০০ শেয়ার তাঁর নিজের নামে, আর বাকি ১০০ শেয়ার আগের ঘরের চার সন্তানের নামে রয়েছে। স্বামী মারা গেলে আমি আর আমার সন্তান কি শেয়ারের ভাগ পাব? তিনি নিজের সম্পত্তি কোনো সন্তানের নামে দিয়ে যাননি। সেই সম্পত্তির কোনো কাগজও আমার কাছে নেই। তাঁর মৃত্যুর পরে আমি আর মেয়ে কি সম্পত্তির অংশ পাব? আগের ঘরের ছেলেমেয়েরা যদি ভাগ দিতে না চায়, তখন কী করতে হবে? স্বামী মারা যাওয়ার পরও কি আমার দেনমোহর পাওনা থাকবে, নাকি তিনি বেঁচে থাকলেই শুধু তা আদায় করতে হয়? নাম প্রকাশ করতে চাই না।",no,,
prot_0084_02,Sarwad,149,"আমার বাবার জমি উত্তর-দক্ষিণ রাস্তার পূর্ব পাশে। তার পূর্ব পাশে আমার বাবা আমার নামে ৩৩ শতাংশ জমি ক্রয় করেন আমার এক চাচার কাছ থেকে। একই দাগে আরও জমি থাকায় আরেক চাচাতো বোন ১৫ শতাংশ জমি ক্রয় করেন, যা আমার জমির পূর্ব পাশে। চাচাতো বোন কেনা জমি রেজিস্ট্রি করার সময় পশ্চিম পাশ উল্লেখ করেন। এতে দেখা যায়, প্রথমে আমার বাবার পৈতৃক সম্পত্তি, তারপর তাদের সম্পত্তি, তারপর আমার সম্পত্তি। তখন আমার বাবা তাদের জায়গার বিপরীতে টাকা আমানত করেন। কারণ, চাচাতো বোন তখনো ওয়ারিশ হননি। ওই জায়গাটি আমাদের দখলে ছিল, কিন্তু এলাকার কিছু প্রভাবশালী লোক তাঁদের জায়গা দখল করে দিয়ে ঘর তুলে দেন। সেই সময় ডিসেম্বর মাসে জজ কোর্ট বন্ধ থাকায় আমরা কিছুই করতে পারিনি। আমানতি নোটিশ থানায় দেখানো হলেও কোনো সাহায্য পাইনি। আমার বাবার একমাত্র ছেলে আমি। আমাকে এবং আমার বাবাকে হুমকি দেওয়া হচ্ছে আমানতি টাকা তুলে নেওয়ার জন্য। এখন আমার করণীয় কী এবং ওই জায়গা কি কখনো আমরা ফিরে পাব?","উত্তর-দক্ষিণ দিকে যাওয়া রাস্তার পূর্বদিকে বাবার জমি। তারও পূর্বে এক চাচার কাছ থেকে বাবা আমার নামে ৩৩ শতাংশ জমি কিনেছিলেন। একই দাগে আরও জমি ছিল। সেখান থেকে এক চাচাতো বোন ১৫ শতাংশ কেনে, সেটা আমার জমির পূর্বে। কিন্তু রেজিস্ট্রি করার সময় সে পশ্চিম দিক লিখিয়েছে। তাতে হিসাব দাঁড়ায়, আগে বাবার পৈতৃক জমি, পরে ওদের, শেষে আমার জমি। বাবা তখন তাদের জমির বিপরীতে টাকা আমানত করেন, কারণ চাচাতো বোন তখনো ওয়ারিশ হয়নি। জায়গাটা আমাদের দখলেই ছিল। কিন্তু এলাকার প্রভাবশালী কয়েকজন ওদের দখল পাইয়ে দিয়ে ঘর বানিয়ে দেন। ডিসেম্বর মাসে জজ কোর্ট বন্ধ ছিল বলে তখন কিছু করতে পারিনি। থানায় আমানতের নোটিশ দেখিয়েও সাহায্য মেলেনি। আমি বাবার একমাত্র ছেলে। আমানতের টাকা তুলে নিতে এখন বাবা আর আমাকে হুমকি দিচ্ছে। কী করতে পারি? ওই জমি ফেরত পাওয়ার আশা কি আছে?",no,,
prot_0085_01,Sarwad,152,"আমার ভাই তাঁর বিয়ের আগেই ডিভি ভিসা পেয়ে যুক্তরাষ্ট্রের নাগরিকত্ব পেয়েছেন। ভাই দেশে এলে আমরা পারিবারিকভাবে তাঁকে বিয়ে করাই। বিয়ের কিছুদিন পর আমার ভাই স্ত্রীকে দেশে রেখে যুক্তরাষ্ট্রে চলে যান। বছরখানেক পর আমরা শুনি, ভাই গোপনে ঢাকায় দ্বিতীয় বিয়ে করে ওই স্ত্রীকে যুক্তরাষ্ট্রে নিয়ে গেছেন। আমরা শোনার পর পারিবারিকভাবে সবাই ভাইকে চাপ দিচ্ছি তাঁর দ্বিতীয় স্ত্রীকে বাদ দেওয়ার এবং প্রথম স্ত্রীকে দ্রুত যুক্তরাষ্ট্রে তাঁর কাছে নিয়ে যাওয়ার জন্য। এখন ভাই বলছেন, প্রথম স্ত্রীকে যুক্তরাষ্ট্রে নেওয়ার ব্যবস্থা করবেন। আমার প্রশ্ন, আইনত একজনের দুই স্ত্রীকে যুক্তরাষ্ট্রে নেওয়া যাবে? আমার ভাই তাঁর প্রথম স্ত্রীর অনুমতি ছাড়া দ্বিতীয় বিয়ে করেন। ভাইয়ের দ্বিতীয় স্ত্রীর যুক্তরাষ্ট্রে থাকা ও নাগরিকত্ব পাওয়ার বৈধতা কতটুকু? ভাইয়ের দ্বিতীয় স্ত্রী এখন যুক্তরাষ্ট্রে আছেন। তবে নাগরিকত্ব পাননি। আমার ভাই তাঁর দ্বিতীয় স্ত্রীকে বাদ দিলে তিনি কি আইনি সমস্যায় পড়বেন? আমার ভাইয়ের প্রথম স্ত্রী কি ভাইয়ের দ্বিতীয় স্ত্রীর বিরুদ্ধে বা তাঁর স্বামীর বিরুদ্ধে আইনের আশ্রয় নিলে তিনি কি তাঁর স্বামীর কাছে আমেরিকা যেতে পারবেন?তানিয়া খানকুমিল্লা","বিয়ের আগে আমার ভাই ডিভি ভিসা পান, পরে যুক্তরাষ্ট্রের নাগরিক হন। দেশে এলে পরিবারের সবাই মিলে তাঁর বিয়ে দিই। অল্পদিন পরে স্ত্রীকে দেশে রেখেই তিনি যুক্তরাষ্ট্রে ফিরে যান। প্রায় এক বছর পর জানতে পারি, তিনি গোপনে দেশের একটি শহরে আরেকটি বিয়ে করে সেই স্ত্রীকে যুক্তরাষ্ট্রে নিয়ে গেছেন। জানার পর সবাই মিলে ভাইকে বলছি, দ্বিতীয় স্ত্রীকে ছেড়ে প্রথমজনকে তাড়াতাড়ি নিজের কাছে নিয়ে যেতে। ভাই এখন বলছেন, প্রথম স্ত্রীকে নেওয়ার ব্যবস্থা করবেন। কিন্তু আইনমতো কি একই লোক দুই স্ত্রীকে যুক্তরাষ্ট্রে নিতে পারেন? প্রথম স্ত্রীর সম্মতি ছাড়াই তিনি দ্বিতীয় বিয়ে করেছিলেন। দ্বিতীয় স্ত্রীর যুক্তরাষ্ট্রে থাকা ও নাগরিকত্ব নেওয়া কতটা আইনসিদ্ধ? তিনি এখন সেখানেই আছেন, তবে নাগরিকত্ব এখনো হয়নি। ভাই তাঁকে ছেড়ে দিলে কি আইনি ঝামেলায় পড়বেন? প্রথম স্ত্রী যদি স্বামী বা তাঁর দ্বিতীয় স্ত্রীর বিরুদ্ধে আইনের সাহায্য নেন, তাতে কি স্বামীর কাছে যুক্তরাষ্ট্রে যেতে পারবেন?",yes,,
prot_0086_02,Sarwad,62,"ছয় বছর আগে কলেজে পড়ার সময় এক হিন্দুধর্মের ছেলের সঙ্গে সম্পর্ক হয়। কিছুদিন পর কাজি অফিসে আমরা বিবাহ করি; কাগজে ছেলের ধর্ম ইসলাম, ছেলের ডাকনাম এবং বাবার অন্য একটি নাম লেখা হয়। কিছুদিন পর ছেলেটা বলে, এ বিয়ের কোনো আইনগত ভিত্তি নেই। এরপর থেকে আমাদের কোনো যোগাযোগ নেই। এখন আমি অন্য কাউকে বিয়ে করতে চাইলে কি কোনো সমস্যা হবে? নাম প্রকাশে অনিচ্ছুক","ছয় বছর আগে কলেজে থাকতে একটি হিন্দু ছেলের সঙ্গে প্রেম হয়। পরে কাজি অফিসে বিয়ে করি। কাগজে তার ধর্ম ইসলাম লেখা হয়, নামের জায়গায় ডাকনাম আর বাবার জায়গায় অন্য নাম দেওয়া হয়। কিছুদিনের মধ্যেই সে বলে, এই বিয়ে নাকি আইনমতো হয়নি। তারপর আর আমাদের যোগাযোগ হয়নি। এখন অন্য কাউকে বিয়ে করতে গেলে কি কোনো ঝামেলা হবে? নিজের নাম জানাতে চাই না।",no,,
prot_0087_02,Sarwad,109,"আমি বেসরকারি একটা চাকরি করি। পুরো পরিবার আমার ওপর নির্ভরশীল। ২০০৫ সালে পরিবারের মতে, অশিক্ষিত এক মেয়েকে বিয়ে করি। সে দেখতেও ভালো নয়। শর্ত ছিল একটা সরকারি চাকরি, না হলে ৫০ হাজার টাকা দেবে আমাকে। আমি যৌতুককে খুবই ঘৃণা করি। তারপরও এই শর্তে রাজি ছিলাম। কারণ, আমি নিতান্তই গরিব ঘরের ছেলে। আমার বাবা ও ছোট ভাই দিনমজুর। আমিও ছাত্রজীবনে অন্যের বাড়িতে কাজ করে, লজিং থেকে পড়াশোনা করেছি। বিয়ে করার পর শ্বশুরবাড়ি থেকে কিছুই পাইনি। আমাদের একটি মেয়ে আছে। চাকরির কারণে আমি দূরে থাকায় আমার স্ত্রী পরকীয়ায় জড়িয়ে পড়ে। এখন স্ত্রী চাপ দিচ্ছে, তার দেনমোহর পরিশোধ না করলে মামলা করবে। এখন দেনমোহর পরিশোধ করার ক্ষমতা আমার নেই। কী করতে পারি?","বেসরকারি চাকরি করে সংসারের সবাইকে চালাই। পরিবারের পছন্দে ২০০৫ সালে এক মেয়েকে বিয়ে করি, যার লেখাপড়া নেই, দেখতেও তেমন ভালো নয়। কথা ছিল আমাকে সরকারি চাকরি দেওয়া হবে, তা না হলে ৫০ হাজার টাকা। যৌতুক পছন্দ করি না একেবারেই, তবু এতে রাজি হয়েছিলাম। কারণ আমরা খুব গরিব। বাবা ও ছোট ভাই দিনমজুরি করেন। আমিও পড়ার সময় মানুষের বাড়িতে কাজ করে আর লজিং থেকে পড়েছি। বিয়ের পরে শ্বশুরবাড়ি থেকে কিছুই পাইনি। আমাদের একটি মেয়ে আছে। কাজের জন্য দূরে থাকি বলে স্ত্রী অন্য সম্পর্কে জড়িয়েছে। এখন সে বলছে, দেনমোহর না দিলে মামলা করবে। এই মুহূর্তে ওই টাকা দেওয়ার সামর্থ্য আমার নেই। আমি কী করতে পারি?",no,,
prot_0088_02,Sarwad,176,"আমি যে মেয়েকে ভালোবাসতাম, ২০০৬ সালে সেই মেয়ের অভিভাবকের চাপে গোপনে বিয়ে করি। তারা আমাকে বলেছে, আমার পড়ালেখা শেষ না হওয়া পর্যন্ত বিয়ের কথা গোপন রাখবে। কিন্তু এক বছর যেতে না যেতেই তারা আমাকে তাদের বাড়িতে আটকে আমার মাকে খবর দেয়। আটকে রাখার সময় তারা আমার সঙ্গে এমন ব্যবহার করে যেন আমি চোর। পরে আমার মা ইউনিয়নের মেম্বার, চেয়ারম্যানকে সঙ্গে নিয়ে মেয়েসহ আমাকে বাড়িতে নিয়ে যান। আমাদের বিয়ে হয় মেয়ের নানার বাড়িতে। তখন আমার সঙ্গে শুধু আমার এক বন্ধু ছিল। বিয়েতে দুই লাখ টাকা দেনমোহর ধার্য করা হয়। কোনো উশুল দেওয়া হয়নি। তাদের বাড়িতে আটকে রাখার ঘটনার কথা মনে হলে এখনো আমার দম বন্ধ হয়ে আসে। স্ত্রীকে আমি মোটেও সহ্য করতে পারি না। মনে মনে তাকে কয়েকবার তালাক দিয়েছি। এখন আমি স্নাতক (সম্মান) তৃতীয় বর্ষে পড়ি। আমার আগের ফল ভালো। তাই আশা করি ভালো চাকরি পাব। আমার পড়ালেখা শেষ হলে তাকে আনুষ্ঠানিকভাবে তালাক দিতে চাই। স্ত্রীপক্ষের মামলা করার আশঙ্কা আছে। মামলা যদি হয়, আমার চাকরি নেওয়ার ক্ষেত্রে কোনো অসুবিধা হবে কি না। তাকে কীভাবে আইনের মাধ্যমে তালাক দেব পরামর্শ চাই। দেনমোহরের সম্পূর্ণ টাকা কি দেওয়া লাগবে?মাহমুদচাঁদপুর","যে মেয়েটিকে ভালোবাসতাম, ২০০৬ সালে তার বাড়ির লোকের চাপে গোপনে বিয়ে করি। তারা বলেছিল, আমার লেখাপড়া শেষ না হওয়া পর্যন্ত কাউকে জানাবে না। অথচ এক বছরের মধ্যেই তাদের বাড়িতে আমাকে আটকে মাকে খবর পাঠায়। এমনভাবে ব্যবহার করে, মনে হচ্ছিল আমি চোর। পরে মা ইউনিয়নের মেম্বার আর চেয়ারম্যানকে নিয়ে এসে মেয়েটিসহ আমাকে বাড়ি নিয়ে যান। বিয়েটা হয়েছিল মেয়ের নানাবাড়িতে। আমার সঙ্গে সেদিন শুধু এক বন্ধু ছিল। দেনমোহর দুই লাখ টাকা ঠিক হয়, কিছুই উশুল দেওয়া হয়নি। ওদের বাড়িতে বন্দী থাকার কথা ভাবলে এখনো শ্বাস বন্ধ হয়ে আসে। স্ত্রীকে একদম সহ্য হয় না। মনে মনে বেশ কয়েকবার তাকে তালাক দিয়েছি। এখন অনার্স তৃতীয় বর্ষে পড়ি। আগের পরীক্ষায় ভালো করেছি বলে আশা আছে ভালো চাকরি পাব। পড়া শেষ করে নিয়মমতো তালাক দিতে চাই। কিন্তু তার পক্ষ থেকে মামলা হতে পারে। মামলা হলে কি চাকরি পেতে সমস্যা হবে? আইনি নিয়মে তালাক দিতে কী করব, জানতে চাই। দেনমোহরের পুরো দুই লাখই কি পরিশোধ করতে হবে?",yes,,
prot_0091_01,Sarwad,91,"আমার বয়স ২০ বছর। স্নাতক (সম্মান) দ্বিতীয় বর্ষের ছাত্রী। দুই বছর হলো আমার বিয়ে হয়েছে। স্বামী বেসরকারি প্রতিষ্ঠানের কর্মকর্তা। আমার বিয়ে মা-বাবার সম্মতিতে হয়েছে। আমার মত ছিল না, কিন্তু আমি তাঁদের মুখের দিকে তাকিয়ে তখন কিছু বলতে পারিনি। আমি তাঁর কাছে সুখী নই। তাঁর সঙ্গে আমার অনেক কিছুতেই মিল হয় না, সে জন্য মানসিক যন্ত্রণায় আছি। আমি আমার পড়ালেখা চালিয়ে যেতে চাই। আমি ডিভোর্স চাই। কিন্তু আমার পরিবার জানলে অনেক সমস্যা হবে। পরিবারকে না জানিয়ে কি তা সম্ভব? যদি তাঁর কাছে আমি ডিভোর্স চাই, তবে কি সে রাজি হবে?নাম প্রকাশে অনিচ্ছুকচট্টগ্রাম","আমি অনার্স দ্বিতীয় বর্ষে পড়ি, বয়স ২০। দুই বছর আগে বিয়ে হয়েছে। স্বামী একটি বেসরকারি প্রতিষ্ঠানে কর্মকর্তা। বাবা-মা রাজি থাকলেও বিয়েতে আমার ইচ্ছা ছিল না। তাঁদের কথা ভেবে তখন মুখ খুলিনি। তাঁর সঙ্গে সংসার করে সুখ পাচ্ছি না। অনেক ব্যাপারেই আমাদের মেলে না, তা নিয়ে মানসিক কষ্টে আছি। পড়াশোনাটা চালিয়ে যেতে চাই। আমি বিচ্ছেদ চাই, কিন্তু পরিবার জানতে পারলে অনেক ঝামেলা হবে। তাঁদের না জানিয়ে কি ডিভোর্স করা যায়? স্বামীকে ডিভোর্সের কথা বললে তিনি কি রাজি হবেন? পরিচয় গোপন রাখতে চাই।",yes,,
prot_0091_07,Sarwad,149,"আমার বাবা তিনটা বিয়ে করেছেন। আমরা প্রথম ঘরের সন্তান। আমরা এক ভাই ও এক বোন। দ্বিতীয় ঘরে এক ভাই এবং তৃতীয় ঘরে এক বোন। আমি নতুন বিয়ে করেছি। সংসারে সব সময় অশান্তি লেগেই আছে। আমি ছোট্ট একটি বেসরকারি প্রতিষ্ঠানে চাকরি করি। মাসে পাঁচ হাজার টাকা বেতন পাই। এখন বাবা আমাকে আমার মাসহ আমার স্ত্রীকে আলাদা খেতে বলছেন। আমার বাবা মাসে ২০ হাজার টাকা বেতন পান। তাঁর দ্বিতীয় স্ত্রী বর্তমানে বিদেশে আছেন। সেই ঘরের সন্তানকে সাত মাস বয়স থেকে আমার মা লালন-পালন করছেন। আমার বোনটি এসএসসি পরীক্ষার্থী। আমার দাদা-দাদি বর্তমানে বেঁচে আছেন। আমার বাবাও তাঁদের খোঁজখবর নেন না। এ অবস্থায় আমার পক্ষে মা, বোন ও দাদা-দাদি— সবাইকে ভরণ-পোষণ দেওয়া সম্ভব নয়। কারণ আমার বেতন অল্প। আমি ঢাকায় থাকি। মাসে আমার প্রায় আড়াই হাজার টাকা খরচ হয়। আমাদের বাড়ি থেকে বের করে দেওয়া হয়েছে। এখন যাওয়ার কোনো জায়গা নেই। এ অবস্থায় আমি কী করব? তার নামে কি কোনো মামলা করব?জাহিদ হাসান","বাবার তিনটি বিয়ে। আমরা প্রথম স্ত্রীর সন্তান—এক ভাই, এক বোন। দ্বিতীয় সংসারে এক ছেলে, তৃতীয় সংসারে এক মেয়ে। আমি সম্প্রতি বিয়ে করেছি। ঘরে সবসময় অশান্তি। ছোট একটি বেসরকারি প্রতিষ্ঠানে মাসে পাঁচ হাজার টাকা বেতন পাই। বাবা বলছেন, আমাকে মা আর স্ত্রীকে নিয়ে আলাদা থাকতে হবে। অথচ বাবার নিজের মাসিক আয় ২০ হাজার টাকা। দ্বিতীয় স্ত্রী বিদেশে থাকেন, আর সেই ঘরের সন্তানকে সাত মাস বয়স থেকে আমার মা মানুষ করছেন। আমার বোন এসএসসি পরীক্ষার্থী। দাদা-দাদি বেঁচে থাকলেও বাবা তাঁদের খোঁজ নেন না। এত কম আয় দিয়ে মা, বোন আর দাদা-দাদির সবার খরচ চালানো আমার পক্ষে অসম্ভব। শহরে থাকতে মাসে প্রায় আড়াই হাজার টাকা খরচ হয়, উপরন্তু বাড়ি থেকেও বের করে দেওয়া হয়েছে। এখন কোথায় যাব? বাবার বিরুদ্ধে কি মামলা করা উচিত?",yes,,
prot_0097_01,Sarwad,81,"আমাদের সমাজে অপুত্রক ব্যক্তির মৃত্যুর পর তাঁর সম্পত্তি থেকে মেয়েদের বঞ্চিত করা হয়। কেউ জীবদ্দশায় মেয়েকে সম্পত্তি দিয়ে যেতে চাইলে কী করতে হবে? কোনো জমি হস্তান্তর বা বিক্রির জন্য দলিল কি দলিল লেখক দিয়ে লেখানো বাধ্যতামূলক? এমন দলিলে কেবল গৎবাঁধা কিছু বিষয় লেখা হয়। ব্যক্তি কেন তাঁর সম্পত্তি সন্তানকে কিংবা অন্য কাউকে দান করে যেতে চান, দলিলে সে বিষয় উল্লেখ করার সুযোগ আছে কি? ব্যক্তি মারা যাওয়ার পর অনেক আলোচনা–সমালোচনা হয়। এ ধরনের বিবরণ লিপিবদ্ধ থাকলে হয়তো অন্যায় সমালোচনা অনেকাংশে কমবে","আমাদের সমাজে ছেলে না থাকা মানুষের মৃত্যুর পর মেয়েদের সম্পত্তি থেকে সরিয়ে দেওয়া হয়। কেউ জীবিত থাকতেই মেয়েকে সম্পত্তি দিয়ে যেতে চাইলে কীভাবে করতে হবে? জমি হস্তান্তর বা বিক্রির দলিল কি অবশ্যই দলিল লেখক দিয়ে লেখাতে হয়? সাধারণ দলিলে তো শুধু বাঁধাধরা কথাই থাকে। কেউ কেন নিজের সম্পত্তি সন্তান বা অন্য কাউকে দান করছেন, সেই কারণটাও কি দলিলে লেখার সুযোগ আছে? মানুষটি মারা গেলে যে নানা কথা ওঠে, এই বিবরণ লিখে রাখলে হয়তো অকারণ সমালোচনা কমবে।",no,,
prot_0100_06,Sarwad,12,৪. এবং উত্তরাধিকার প্রমাণের জন্য বাংলাদেশের উত্তরাধিকারের কী কী ডকুমেন্টের প্রয়োজন হবে?,উত্তরাধিকারী প্রমাণ করতে বাংলাদেশে কী কী কাগজপত্র লাগবে?,no,,
prot_0103_02,Sarwad,48,"কিন্তু আমার ছোট ছেলের বয়স মাত্র চার বছর। তাই ওর মুখের দিকে তাকিয়ে সবকিছু সহ্য করি। কিন্তু আর পারছি না। তাই এসব নির্যাতন সহ্য করতে না পেরে আমি সিদ্ধান্ত নিয়েছি, আমি আমার স্বামীকে তালাক দেব। সে ক্ষেত্রে আমি যদি আমার স্বামীকে তালাক দিতে চাই, কী করা লাগবে আমাকে?",আমার ছোট ছেলের বয়স মাত্র চার বছর বলে এত দিন সব নির্যাতন সহ্য করেছি। কিন্তু আর পারছি না। তাই স্বামীকে তালাক দেওয়ার সিদ্ধান্ত নিয়েছি। আমি তাঁকে তালাক দিতে চাইলে আমাকে কী কী করতে হবে?,no,,
prot_0104_03,Sarwad,124,"অর্পিত সম্পত্তির হিসাবে গেজেট প্রকাশিত হলে ওই সম্পত্তি কোনো ভারতীয় নাগরিক মালিকানা দাবি করতে পারবেন না। শুধু বাংলাদেশে বসবাসকারী ভারতীয় নাগরিকদের ‘উত্তরাধিকারী’ বা ‘উত্তরাধিকারীর স্বার্থাধিকারী’ ও সহ-অংশীদারেরা ট্রাইব্যুনালে আবেদন করতে পারবেন। ৪. যেহেতু মৃত নৃপেন্দ্র চন্দ্র দেব ও জীবিত কৃপেশ চন্দ্র দেব এই দেশ ১৯৬৫ সালের আগে ত্যাগ করেছেন (অব্যাহতভাবে বাংলাদেশের নাগরিক নন) সেহেতু তাঁদের ‘উত্তরাধিকারী’ বা ‘উত্তরাধিকারীর স্বার্থাধিকারী’ হিসেবে আমার পিতা হওয়াতে কোনো আইনগত বাধা আছে কি না? কারণ, সরকার তো তাঁদের নামীয় সম্পত্তি প্রত্যর্পণ তালিকায় প্রকাশ করেছে। এর পরও মৃত নৃপেন্দ্র চন্দ্র দেবের উত্তরাধিকারী ও কৃপেশ চন্দ্র দেব উভয় পক্ষদ্বয়, আমার পিতার সূত্রে বর্তমানে আমিই তাঁদের এই সম্পত্তির একমাত্র উত্তরাধিকারী এরূপ স্বীকৃতিপত্র উভয় পক্ষই দিতে সম্মত আছে। তবে ভারত থেকে তাঁদের পাঠানো ডকুমেন্ট রাষ্ট্রীয়ভাবে বাংলাদেশে অর্থাৎ এই ট্রাইব্যুনালে গৃহীত হবে কি না?","অর্পিত সম্পত্তির গেজেট বের হলে কোনো ভারতীয় নাগরিক ওই সম্পত্তির মালিকানা দাবি করতে পারবেন না। শুধু বাংলাদেশে থাকা ভারতীয় নাগরিকদের উত্তরাধিকারী, উত্তরাধিকারসূত্রে স্বার্থ পাওয়া ব্যক্তি বা সহ-অংশীদাররা ট্রাইব্যুনালে আবেদন করতে পারবেন। মৃত ব্যক্তি ও জীবিত ব্যক্তিরা ১৯৬৫ সালের আগে দেশ ছাড়ায় তাঁদের উত্তরাধিকারী হিসেবে আমার বাবার নাম থাকলে কোনো আইনি বাধা আছে কি? সরকার তাঁদের নামে সম্পত্তি প্রত্যর্পণের তালিকা প্রকাশ করেছে। তাঁদের পক্ষগুলোও রাজি যে বাবার সূত্রে আমি তাঁদের সম্পত্তির একমাত্র উত্তরাধিকারী—এমন স্বীকৃতিপত্র দেবে। কিন্তু ভারত থেকে পাঠানো কাগজ কি বাংলাদেশে, অর্থাৎ এই ট্রাইব্যুনালে, সরকারি ভাবে গ্রহণ করা হবে?",yes,মূলের শুরুতে আইনসংক্রান্ত বক্তব্য ও পরের প্রশ্ন একসঙ্গে আছে; উভয় অংশ রাখা হয়েছে। ব্যক্তিনাম বাদ দেওয়া হয়েছে।,
prot_0105_04,Sarwad,26,"তৃতীয় প্রশ্ন হচ্ছে, লেখকের প্রথম দিকের কিছু বই গুলতেকিনের নামে করা হলেও পরের সংস্করণে শাওন বা অন্যদের নামে দেওয়া হয়েছে। এ ক্ষেত্রে কে এই স্বত্ব পাবে?",তৃতীয় প্রশ্ন: লেখকের প্রথম দিকের কয়েকটি বই এক ব্যক্তির নামে প্রকাশিত হলেও পরের সংস্করণগুলো আরেকজন বা অন্যদের নামে বের হয়েছে। সে ক্ষেত্রে বইগুলোর স্বত্ব কার হবে?,yes,,
prot_0107_05,Sarwad,20,"২. মামলার রায় যখন দোরগোড়ায় পৌঁছায়, ওই মুহূর্তে পলাতক আসামি আদালতে আত্মসমর্পণ করলে তার আদালত অবমাননার দায়-কলঙ্ক মুছে যাবে কি?","মামলার রায় প্রায় হয়ে যাওয়ার সময় কোনো পলাতক আসামি আদালতে এসে আত্মসমর্পণ করলে, তার বিরুদ্ধে থাকা আদালত অবমাননার দায় বা কলঙ্ক কি মুছে যাবে?",no,,
prot_0109_02,Sarwad,62,"এতে কাজ না হওয়ায় ২২-১১-১১ তারিখে কুমিল্লায় একটি যৌতুকের মামলা করেন। এ জন্য আমার ছোট ভাইকে হুমকি দেওয়ায় সে ১৭-১১-১১ তারিখে থানায় একটি জিডি করে। কিন্তু পুলিশের ভূমিকা রহস্যজনক। স্বামীর হুমকি অব্যাহত। প্রতিবন্ধী মেয়েটির কী হবে, দ্বিতীয় বিয়ের কোনো শাস্তি হবে কি না, বোনটি কীভাবে অধিকার ফিরে পাবে, থানায় ওয়ারেন্ট আসার পরও পুলিশের টনক নড়ছে না কেন, মিথ্যা চুরির অভিযোগের কী হবে?","কাজ না হওয়ায় ২২-১১-১১ তারিখে একটি শহরে যৌতুকের মামলা করা হয়। আমার ছোট ভাইকে হুমকি দেওয়ার কারণে সে ১৭-১১-১১ তারিখে থানায় জিডি করে। কিন্তু পুলিশের আচরণ রহস্যজনক, স্বামীর হুমকিও থামছে না। প্রতিবন্ধী মেয়েটির কী হবে? দ্বিতীয় বিয়ের জন্য কোনো শাস্তি হবে? বোন কীভাবে নিজের অধিকার ফিরে পাবে? থানায় ওয়ারেন্ট থাকার পরও পুলিশ নড়ছে না কেন? আর মিথ্যা চুরির অভিযোগের কী হবে?",yes,মূলের স্থাননাম বাদ দিয়ে শহর বলা হয়েছে; একাধিক প্রশ্ন ও সময়রেখা অক্ষুণ্ণ রাখা হয়েছে।,
prot_0111_02,Sarwad,20,তবে তার দ্বিতীয় বিয়ের কোনো কাবিন বা প্রমাণ আমার কাছে নেই। তার দ্বিতীয় বিয়ের কাবিননামা না পেলে কীভাবে মামলা করব?,তার দ্বিতীয় বিয়ের কাবিননামা বা অন্য কোনো প্রমাণ আমার কাছে নেই। ওই কাবিননামা না পেলে কীভাবে মামলা করব?,no,,
prot_0114_03,Sarwad,81,"যত দিন পর্যন্ত আপনার ছেলে নিজে সাবালক না হবে এবং উপার্জন করতে না পারবে কিংবা সক্ষম না হবে কোনো কাজ করার, তত দিন পর্যন্ত তার ভরণপোষণের খরচ তার বাবাকে দিতে হবে। সে ক্ষেত্রে তিনি যদি ভরণপোষণের খরচ দিতে না চান, তাহলে তাঁর বিরুদ্ধে মামলা করতে পারেন পারিবারিক আদালতে। আইন অনুযায়ী সাত বছর পর্যন্ত ছেলেসন্তান মায়ের কাছে থাকবে। তবে আদালতে প্রতিকার চাইলে আদালত সন্তানের কল্যাণের কথা বিবেচনা করে সাত বছর বয়সের পরও মায়ের কাছে থাকার আদেশ দিতে পারেন।অবৈধভাবে কিডনি বিক্রির শাস্তি কী?","আপনার ছেলে নিজে সাবালক হয়ে কাজ করে আয় করতে না পারা পর্যন্ত তার বাবা ভরণপোষণের খরচ দেবেন। তিনি দিতে না চাইলে পারিবারিক আদালতে মামলা করতে পারেন। আইনে ছেলেসন্তান সাত বছর পর্যন্ত মায়ের কাছে থাকে, তবে সন্তানের মঙ্গল হলে আদালত সাত বছরের পরও মায়ের তত্ত্বাবধানে রাখার আদেশ দিতে পারেন। অবৈধভাবে কিডনি বিক্রি করলে কী শাস্তি হয়?",no,ভরণপোষণ/হেফাজত বিষয়ে পরামর্শের সঙ্গে শেষে আলাদা কিডনি-বিক্রির প্রশ্ন জোড়া আছে; দুটোই রাখা হয়েছে।,
prot_0115_01,Sarwad,60,"আমরা কয়েক দিন আগে আমিনবাজারে গণপিটুনিতে ছয় ছাত্রের হত্যাকাণ্ড দেখেছি। আবার নোয়াখালীতে পুলিশের আদেশে মিলনকে গণপিটুনিতে মেরে ফেলা হয়েছে। প্রায়ই দেখা যায়, ছিনতাইকারী সন্দেহে কিংবা নানা অজুহাতে এমন গণপিটুনিতে মানুষ মারা হচ্ছে। কিন্তু এই গণপিটুনি আইনের চোখে কতটা অপরাধ? এর জন্য দায়ী ব্যক্তিদের বিরুদ্ধে কোনো আইনি ব্যবস্থা নেওয়া সম্ভব কি না, আমাদের প্রচলিত আইন কী বলে? বিস্তারিত জানালে উপকৃত হব","কয়েক দিন আগে একটি এলাকায় গণপিটুনিতে ছয় ছাত্রকে হত্যা করতে দেখেছি। আরেক জায়গায় পুলিশের নির্দেশে একজনকে পিটিয়ে মেরে ফেলা হয়েছে। প্রায়ই ছিনতাইকারী সন্দেহে বা অন্য অজুহাতে মানুষকে এভাবে পিটিয়ে মারা হয়। আইন অনুযায়ী গণপিটুনি কতটা অপরাধ? যারা এর জন্য দায়ী, তাদের বিরুদ্ধে কি আইনি ব্যবস্থা নেওয়া যায়? আমাদের প্রচলিত আইন এ বিষয়ে কী বলে? বিস্তারিত জানতে চাই।",yes,,
prot_0121_01,Sarwad,66,"তিনি বেঁচে থাকতে নানা আমার নানির সব জমি বিক্রি করে দেন। কিন্তু নানার ২০ বিঘার মতো জমি ঠিকই রেখে দেন।তিনি যখন বুঝতে পারলেন তাঁর মেয়েদের জমির অংশ দিলে ছেলেদের অংশ কমে যাচ্ছে, তখন নানা সব জমি তাঁর দুই ছেলের নামে লিখে দেন। এবং তাঁর সাত মেয়েকে সম্পত্তির অধিকার থেকে বঞ্চিত করেন। তাই আমি জানতে চাই, আমার নানার সম্পত্তিতে মায়ের অধিকার ফিরিয়ে আনার কোনো রাস্তা আছে কি?","নানা জীবিত থাকতে নানির সব জমি বিক্রি করে দিয়েছিলেন, তবে নিজের প্রায় ২০ বিঘা জমি রেখে দেন। পরে মেয়েদের ভাগ দিলে ছেলেদের অংশ কমবে বুঝে তিনি সব জমি দুই ছেলের নামে লিখে দেন এবং সাত মেয়েকে বঞ্চিত করেন। এখন জানতে চাই, নানার সম্পত্তিতে আমার মায়ের অধিকার ফিরিয়ে আনার কোনো উপায় আছে কি?",no,,
prot_0126_01,Sarwad,34,"তিনি বলেন, ‘তোরা জায়গা পাবি না।’ আমরা মোট চার ভাইবোন, আমরা সবাই হিন্দু পরিবারের সদস্য। আমাদের মা-বাবা জীবিত নেই, ভাইয়ের কোনো ওয়ারিশ নেই। আমরা সবাই বিবাহিত। আমি জানতে চাই, কেন এই জায়গা পাব না?","তিনি বলেন, ‘তোমরা জায়গা পাবে না।’ আমরা চার ভাইবোন, সবাই হিন্দু পরিবারের। মা-বাবা কেউ বেঁচে নেই, আর ভাইয়ের কোনো ওয়ারিশও নেই। আমরা সবাই বিবাহিত। তাহলে আমাদের ওই জায়গা পাওয়ার কথা নয় কেন?",no,,
prot_0130_01,Sarwad,46,"আমি একজন চাকরিজীবী, সনাতন ধর্মের অনুসারী। আমি একটি মেয়েকে ভালোবাসি। আমরা দুজন প্রাপ্তবয়স্ক এবং বিবাহবন্ধনে আবদ্ধ হতে ইচ্ছুক। আমরা কি কোর্ট ম্যারেজের মাধ্যমে আইন অনুযায়ী বিবাহবন্ধনে আবদ্ধ হতে পারব? কোর্ট ম্যারেজের মাধ্যমে বিয়ের বৈধতা কতটুকু? আর অন্য কোনো প্রক্রিয়ায় আমরা বিয়ে করতে পারি? জানালে কৃতজ্ঞ হব",আমি চাকরি করি এবং সনাতন ধর্ম মানি। একটি মেয়েকে ভালোবাসি। আমরা দুজনই প্রাপ্তবয়স্ক এবং বিয়ে করতে চাই। কোর্ট ম্যারেজ করলে কি আইনমতো আমাদের বিয়ে হবে? এইভাবে বিয়ের বৈধতা কতটা? আর কোনো পদ্ধতিতে কি আমরা বিয়ে করতে পারি?,no,,
prot_0136_02,Sarwad,32,মা জীবিত অবস্থায় জায়গা-জমি নিজের নামে বিএস জরিপ না হয়ে ছেলের নামে হতে পারে। কিন্তু এক ছেলের নামে বিএস জরিপ হলে অন্য ছেলের কী করা প্রয়োজন। আইনে কি কোনো প্রতিকার পাওয়া যায়?,"মা জীবিত থাকতেই কি তাঁর জমিজমা নিজের নামে বিএস জরিপ না হয়ে এক ছেলের নামে হতে পারে? যদি এক ছেলের নামে বিএস জরিপ হয়ে যায়, অন্য ছেলেকে তখন কী করতে হবে? আইনে কি তার কোনো প্রতিকার আছে?",no,,
ajke_0144_02,Sarwad,14,"৯০ দিন পর যদি আমরা আবার সংসার করতে চাই, তাহলে কি হিল্লা করাতে হবে?","৯০ দিন পার হওয়ার পর আমরা যদি আবার একসাথে ঘর-সংসার শুরু করতে চাই, তখন কি হিল্লা বিয়ে করাতেই হবে?",no,Follow-up fragment: the earlier context (the talaq) is not in the text,Sorup
ajke_0160_01,Sarwad,34,"কিন্তু স্বামী আমাকে কিছু বলেনি এবং ডিভোর্সও দিচ্ছে না। আমি বলেছি, আমার কোনো দাবি নেই। তবু আমার শ্বশুরবাড়ির লোকজন চায়, আমি ডিভোর্স পেপার দিই। কিন্তু আমি দিতে চাই না। এমন অবস্থায় কী করতে পারি?","কিন্তু আমার স্বামী নিজে আমাকে কিছুই জানায়নি, ডিভোর্সও দিচ্ছে না। আমি তো বলেই দিয়েছি, আমার কিছু চাওয়ার নেই। তারপরও শ্বশুরবাড়ির লোকেরা চাইছে আমিই ডিভোর্সের কাগজ পাঠাই। আমি সেটা দিতে রাজি না। এই অবস্থায় আমার কী করার আছে?",no,Text starts mid-story (beginning cut off),Sorup
ajke_0170_01,Sarwad,64,"নিরাপদ এবং নিশ্চিত কর্মপরিবেশ পাওয়া যেকোনো কর্মজীবী মানুষের একটি মৌলিক চাহিদা। কর্মপরিবেশ ও কর্মস্থল নিরাপদ যদি না হয়, সেখানে নারী কিংবা পুরুষ—কেউ নিরাপদ নন। আর এ বিষয়টি শুধু চাকরিজীবনে নয়, ব্যক্তিগত জীবনেও মানসিক চাপ সৃষ্টি করে। হেঁটে গেলে অন্য সহকর্মীরা আপনার দিকে কীভাবে তাকাচ্ছেন, কিংবা দুজন সহকর্মী দাঁড়িয়ে আপনাকে নিয়ে কী ধরনের মন্তব্য করছেন, এটা ভেবেই যদি সময় চলে যায়, তাহলে কাজ করবেন কখন?","যে কোনো চাকরিজীবী মানুষের জন্য নিরাপদ আর নিশ্চিন্ত একটা কাজের জায়গা থাকা খুব দরকারি। অফিস বা কাজের পরিবেশ যদি নিরাপদ না হয়, তাহলে মেয়ে হোক বা ছেলে, কেউই সেখানে নিরাপদ না। আর এর চাপ শুধু চাকরিতেই থাকে না, ব্যক্তিগত জীবনেও মনের ওপর পড়ে। হাঁটার সময় সহকর্মীরা কীভাবে তাকাচ্ছে, বা দুজন দাঁড়িয়ে আপনাকে নিয়ে কী বলাবলি করছে, এসব ভাবতে ভাবতেই যদি দিন চলে যায়, তাহলে কাজটা করবেন কখন?",no,No explicit question; reads like a column intro about workplace harassment,Sorup
ajke_0180_01,Sarwad,8,স্বামীর শারীরিক নির্যাতন থেকে বাঁচতে কী করা যায়?,"স্বামী গায়ে হাত তোলে, এই মারধর থেকে বাঁচার উপায় কী?",no,,Sorup
ajke_0195_01,Sarwad,75,"প্রশ্ন: আমি একজন গ্রাফিকস ডিজাইনার। অনলাইনে বিভিন্ন ক্লায়েন্টের কাজ করে থাকি। কিন্তু অনেক সময় দেখা যায়, কিছু অসভ্য মানুষ প্রচুর পরিমাণে কাজ করিয়ে নিয়ে আইডি ব্লক করে দেয় অথবা কথা ঘোরানোসহ বিভিন্ন ধরনের ঝামেলা করে থাকে। এগুলো কোনো নতুন ঘটনা নয়। অনেকের সঙ্গেই এ ধরনের প্রতারণা হয়ে থাকে। আমি যে ক্লায়েন্টের কাজ করেছিলাম, তিনি দুবাইপ্রবাসী সিলেটের বাসিন্দা। এই মুহূর্তে আমি তাঁর কাছ থেকে কীভাবে টাকা আদায় করতে পারি অথবা কী ব্যবস্থা নিতে পারি তাঁর বিরুদ্ধে?","আমি গ্রাফিক ডিজাইনের কাজ করি। অনলাইনে নানা ক্লায়েন্টের হয়ে কাজ করে থাকি। কিন্তু প্রায়ই দেখি, কিছু বাজে লোক একগাদা কাজ করিয়ে নিয়ে তারপর আইডি ব্লক করে দেয়, নয়তো কথা ঘুরিয়ে নানা রকম ঝামেলা বাধায়। এসব নতুন কিছু না, অনেকের সাথেই এমন ঠকবাজি হয়। আমি যে ক্লায়েন্টের কাজ করেছিলাম, তিনি দুবাইতে থাকেন, তবে দেশের বাড়ি বাংলাদেশেই। এখন তাঁর কাছ থেকে আমার পাওনা টাকা কীভাবে আদায় করব, বা তাঁর বিরুদ্ধে কী ব্যবস্থা নিতে পারি?",yes,Removed client's home district,Sorup
dail_0594_01,Sarwad,80,Copyright: Any unauthorized use or reproduction of The Daily Star content for commercial purposes is strictly prohibited and constitutes copyright infringement liable to legal action. One of my Muslim friends is in love with a Hindu girl for quite a long time. Now they have decided to marry each other. Their family members do not want them to be married. They are adults and have already left their parents’ houses. Can they marry as they belong to two separate religions?,"A friend of mine who is Muslim has been in a relationship with a Hindu girl for a long time, and now the two of them have made up their minds to get married. Both families are against it. They are both adults and have already moved out of their parents' homes. Since they follow two different religions, is it possible for them to marry each other?",no,Daily Star copyright boilerplate glued at the start; dropped. Kept in English like the original,Sorup
lawy_0221_01,Sarwad,12,"নারী ও শিশু নির্যাতন দমন আইনের মামলায় কখন, কীভাবে জামিন পেতে পারেন?","নারী ও শিশু নির্যাতন দমন আইনে মামলা হলে জামিন কখন পাওয়া যায়, আর পেতে হলে কী করতে হয়?",no,"Headline-style (article title), not a citizen's letter",Sorup
lawy_0287_01,Sarwad,9,নাবালকের বৈধ অভিভাবকত্ব ও সম্পদ বিক্রয়: আইন কি বলে?,"নাবালকের আসল অভিভাবক কে, আর তার সম্পত্তি বেচা যায় কি: আইনে কী আছে?",no,Headline-style (article title),Sorup
lawy_0456_01,Sarwad,10,করোনার ছুটিতে চেক ডিজঅনার মামলার মেয়াদ উত্তীর্ণ হলে কি হবে?,করোনার ছুটির মধ্যে চেক ডিসঅনারের মামলা করার সময়টা পার হয়ে গেলে এখন কী হবে?,no,Headline-style (article title),Sorup
prot_0000_01,Sarwad,44,"আমি একজনকে ভালোবাসি, সেও আমাকে ভালোবাসে। আমাদের সম্পর্ক চার বছরের। তাকে বাড়ি থেকে বিয়ে দিতে চাচ্ছে। আর আমিও এখনো কিছু করছি না। আমাদের সম্পর্কও মানছে না দুই পরিবার। আমরা আমাদের সম্পর্ককে এফিডেভিট করে রাখতে চাচ্ছি। এফিডেভিট করলে কি আমরা আমাদের সম্পর্ককে ধরে রাখতে পারব?","একজনকে আমি ভালোবাসি, সেও আমাকে ভালোবাসে। চার বছর ধরে আমাদের সম্পর্ক। এখন তার বাড়ি থেকে তাকে অন্য জায়গায় বিয়ে দিতে চাইছে। আমিও এখন পর্যন্ত কিছু করে উঠতে পারিনি। দুই পরিবারের কেউই আমাদের সম্পর্ক মানছে না। আমরা ভাবছি এফিডেভিট করে সম্পর্কটা কাগজে লিখে রাখব। এফিডেভিট করলে কি আমরা সম্পর্কটা টিকিয়ে রাখতে পারব?",no,,Sorup
prot_0001_03,Sarwad,73,আমি হিন্দু ধর্মাবলম্বী। আমার মামা একজন এবং মায়েরা দুই বোন। আমার প্রশ্ন হলো— ১. আমার দিদিমা (মায়ের মা) ২০১৩ সালে আমার মায়ের কাছে সাড়ে ৫ শতাংশ জমি সাব-রেজিস্ট্রি মূলে বিক্রয় করেন এবং দিদিমা ২০১৬ সালে মারা যান। ওই জমি খারিজ করা হয়নি। এখন আমার মামা কি ওই জমি ফেরত নিতে পারবেন? ২. আমার দিদিমা দুই বিঘা জমি রেখে মারা যান। এখন কি আমার মায়েরা দুই বোন ওই জমির অংশীদার হবেন? সুশান্ত কুমার নাটোর,"আমরা হিন্দু। আমার মামা একজনই, আর মা ও মাসি মিলে ওঁরা দুই বোন। দুটো বিষয় জানতে চাই— ১. আমার দিদিমা (মায়ের মা) ২০১৩ সালে সাব-রেজিস্ট্রি অফিসে দলিল করে আমার মায়ের কাছে সাড়ে ৫ শতাংশ জমি বেচে দেন। ২০১৬ সালে দিদিমা মারা যান। ওই জমির খারিজ এখনো করানো হয়নি। এখন কি মামা ওই জমি আবার ফেরত নিতে পারবেন? ২. দিদিমা মারা যাওয়ার সময় দুই বিঘা জমি রেখে গেছেন। সেই জমিতে কি মা আর মাসি, এই দুই বোনও ভাগ পাবেন?",yes,Removed signature (name and district),Sorup
prot_0004_01,Sarwad,192,"আমি হিন্দু ধর্মালম্বী। আমার মামা দুজন। বড় মামা ১৯৯৪ থেকে মালয়েশিয়ায় থাকেন। ছোট মামা ১৯৯৫ থেকে সপরিবারে ভারতে বসবাস করেন। আমার ছোট মামা ১৯৯৪ সালে আমার মায়ের কাছে ২৪ শতাংশ জমি সাব-রেজিস্ট্রি মূলে বিক্রয় করে নিঃস্বত্ববান হন। পরে তিনি ১৯৯৭ সালে বেড়াতে এসে গোপনে এক মুসলিম লোকের কাছে ওই ২৪ শতাংশ ভূমি বিক্রয় করেন। এখন সেই ক্রেতা আমাদের জায়গা দখল করতে এলে আমরা এলাকার গণ্যমান্য ব্যক্তিদের নিয়ে সালিসে বসি। সালিস বৈঠকের সিদ্ধান্ত অনুযায়ী আদালতে বণ্টনের মোকদ্দমা করি। বণ্টনের মোকদ্দমায় সিদ্ধান্ত হয়, আমার ছোট মামা বাস্তবে সাড়ে ১৪ শতাংশ ভূমির মালিক। আমার প্রশ্ন হলো— ১. আমার মা কি সাড়ে ১৪ শতাংশের মালিকানা পাবেন এবং ওই ক্রেতা কি কোনো জায়গা পাবেন না? এদিকে আমার দিদিমা (মায়ের মা) ১৪ শতাংশ ভূমির মালিক ছিলেন। তিনি ২০০৮ সালে মারা যান। যার ফলে আমরা জানি যে, তাঁর সম্পত্তিতে আমার দুই মামা অংশীদার হবেন। ২. আমার ছোট মামা (যেহেতু তিনি আমাদের কাছে ২৪ শতাংশ জমি রেজিস্ট্রি করে বিক্রি করেছেন) তাঁর মায়ের সম্পত্তির থেকে যে ৭ শতাংশ জমির মালিক হবেন, সেই জমির মালিকানা কি আমরা পাব? ৩. আমার মামারা যেহেতু দেশ আসেন না (তাঁদের সাথে ফোনে কথা হয়েছে, তাঁরা আসবেন না) তাই তাঁদের সম্পত্তিতে মালিক হবেন কারা? নাম প্রকাশে অনিচ্ছুক","আমরা হিন্দু পরিবারের। আমার দুই মামা। বড় মামা ১৯৯৪ সাল থেকে মালয়েশিয়ায় থাকেন, আর ছোট মামা ১৯৯৫ থেকে বউ-বাচ্চা নিয়ে ভারতে থাকেন। ১৯৯৪ সালে ছোট মামা সাব-রেজিস্ট্রি অফিসে দলিল করে আমার মায়ের কাছে ২৪ শতাংশ জমি বিক্রি করে দেন, ফলে ওই জমিতে তাঁর আর কোনো স্বত্ব থাকে না। এরপর ১৯৯৭ সালে দেশে বেড়াতে এসে তিনি চুপিচুপি ওই একই ২৪ শতাংশ জমি এক মুসলিম লোকের কাছে আবার বেচে দেন। এখন সেই ক্রেতা আমাদের জায়গা দখল করতে এলে আমরা এলাকার মাতব্বরদের নিয়ে সালিসে বসি। সালিসের সিদ্ধান্ত মেনে আদালতে বাঁটোয়ারার মামলা করি। সেই মামলায় রায় আসে, ছোট মামা আসলে সাড়ে ১৪ শতাংশ জমির মালিক। আমার প্রশ্নগুলো হলো— ১. মা কি ওই সাড়ে ১৪ শতাংশের মালিক হবেন, আর ওই ক্রেতা কি কোনো জমিই পাবেন না? ওদিকে আমার দিদিমা (মায়ের মা) ১৪ শতাংশ জমির মালিক ছিলেন, ২০০৮ সালে তিনি মারা যান। তাই আমরা যতদূর জানি, তাঁর সম্পত্তিতে দুই মামা ভাগ পাবেন। ২. ছোট মামা যেহেতু আমাদের কাছে ২৪ শতাংশ জমি রেজিস্ট্রি দলিলে বেচেছেন, তাই মায়ের সম্পত্তি থেকে তিনি যে ৭ শতাংশ পাবেন, সেই জমির মালিকানা কি আমরা পাব? ৩. মামারা তো দেশে আসেন না (ফোনে কথা হয়েছে, বলেছেন আসবেন না), তাহলে তাঁদের ভাগের সম্পত্তির মালিক হবে কারা?",no,,Sorup
prot_0006_01,Sarwad,116,"আমার বয়স ৩০, অবিবাহিত। তিন বছর আগে বিবাহিত এক মুসলিম নারীর সঙ্গে আমার শারীরিক সম্পর্ক হয়েছিল। নিজের ভুল বুঝতে পেরে আমি দ্রুত ওই স্থান ত্যাগ করে অন্যত্র বদলি হই। কিছুদিন পর ওই নারী মোবাইল ফোনে জানায় যে তার একটি ছেলেসন্তান হয়েছে এবং সেটি আমারই, তার স্বামীর নয়। সন্তান জন্মের পর তার ডিভোর্স হয়ে গেছে নিজের ইচ্ছাতেই। এরপর সে বিভিন্ন সময় ভয়ভীতি দেখিয়ে আমার কাছ থেকে টাকা নিত। বর্তমানে তার ব্ল্যাকমেলে আমি অতিষ্ঠ। আমার প্রশ্ন হলো, পরীক্ষার মাধ্যমে ওই সন্তান যদি আমার বলে প্রমাণিত হয়, সে ক্ষেত্রে আমি আইনের আশ্রয় নিলে কি বিচার হবে? ওই সন্তান ভবিষ্যতে আমার সম্পত্তির অংশীদার হবে কি? উল্লেখ্য, আমি তার সঙ্গে আর কখনো দেখা করিনি, সে মোবাইলে টাকাপয়সা নিত। নাম প্রকাশে অনিচ্ছুক","আমার বয়স ৩০, বিয়ে করিনি। তিন বছর আগে একজন বিবাহিত মুসলিম মহিলার সঙ্গে আমার শারীরিক সম্পর্ক হয়ে যায়। পরে ভুলটা বুঝতে পেরে আমি তাড়াতাড়ি ওই জায়গা ছেড়ে অন্য জায়গায় বদলি হয়ে যাই। কিছুদিন পর মহিলাটি মোবাইলে ফোন করে বলে, তার একটা ছেলে হয়েছে আর ছেলেটা নাকি আমার, তার স্বামীর না। বাচ্চা হওয়ার পর সে নিজের ইচ্ছাতেই ডিভোর্স নিয়ে নেয়। তারপর থেকে নানা সময় ভয় দেখিয়ে সে আমার কাছ থেকে টাকা নিত। এখন তার এই ব্ল্যাকমেইলে আমি একেবারে অতিষ্ঠ। আমার জানার বিষয়, টেস্ট করে যদি প্রমাণ হয় বাচ্চাটা আমারই, তখন আমি আইনের কাছে গেলে কি এর কোনো বিচার হবে? আর ওই বাচ্চা কি ভবিষ্যতে আমার সম্পত্তির ভাগ পাবে? বলে রাখি, এরপর আমি আর কখনো তার সঙ্গে দেখা করিনি, টাকাপয়সা সে মোবাইলেই নিত।",no,,Sorup
prot_0008_02,Sarwad,11,আমি কি যৌতুক ও দেনমোহর—মোট আট লাখ টাকাই তাকে দিতে বাধ্য?,যৌতুক আর দেনমোহর মিলিয়ে পুরো আট লাখ টাকাই কি তাকে দিতে আমি বাধ্য?,no,Follow-up fragment: earlier context is missing,Sorup
prot_0011_01,Sarwad,92,আমার বিয়ে হয়েছে প্রায় ছয় মাস। আমি আমার পরিবারসহ গ্রামে থাকি। একদিন আমার স্ত্রী গোসল করছিল। তখন একজন প্রতিবেশী যুবক গোপনে এবং আমার স্ত্রীর অজান্তে তা মোবাইল ফোনের ক্যামেরায় ভিডিও করে নেয়। কয়েক দিন পর ওই যুবকসহ দুজন ভিডিওটি আমাকে দেখায়। তারা আমার কাছে টাকার বিনিময়ে ভিডিওটি ফেরত দেওয়ার কথা বলে। অন্যথায় ভিডিও ইন্টারনেটে ছেড়ে দেওয়া হবে বলে হুমকি দেয়। ব্যাপারটি আমার স্ত্রী এখনো জানে না। এমতাবস্থায় পরিবারের সম্মান রক্ষার্থে আমার কী করা উচিত? আর যদি আইনের আশ্রয় নিতে হয় সে ক্ষেত্রে এটি কোন ধরনের মামলার অন্তর্ভুক্ত হবে? নাম প্রকাশে অনিচ্ছুক বাগেরহাট,"প্রায় ছয় মাস হলো বিয়ে করেছি। পরিবারের সবার সঙ্গে গ্রামেই থাকি। একদিন আমার বউ গোসল করছিল, তখন পাশের বাড়ির এক ছেলে লুকিয়ে, বউয়ের অজান্তেই মোবাইল ক্যামেরায় সেটা ভিডিও করে ফেলে। কয়েক দিন পর ওই ছেলেসহ দুজন ভিডিওটা আমাকে দেখায়। তারা বলে, টাকা দিলে ভিডিওটা ফেরত দেবে, আর না দিলে ইন্টারনেটে ছেড়ে দেবে বলে হুমকি দেয়। আমার বউ এখনো ব্যাপারটা জানে না। এই অবস্থায় পরিবারের মান-সম্মান বাঁচাতে আমার কী করা উচিত? আর যদি আইনের পথে যেতেই হয়, তাহলে এটা কোন ধরনের মামলার মধ্যে পড়বে?",yes,Removed district in signature,Sorup
prot_0012_02,Sarwad,133,"আমার পরিবারকে না জানিয়ে আমরা বিয়ে করি। দুই মাসের মধ্যে জানতে পারি আমার স্ত্রীর আরেকজনের সঙ্গে পরকীয়ার সম্পর্ক আছে। এরপর বিয়ের তিন মাসের মধ্যেই আমার স্ত্রীকে আইনিভাবে তালাক দিই। তালাকের নোটিশ আমি আমার স্ত্রীকে, স্ত্রীর ভাইকে ও অত্র এলাকার চেয়ারম্যানকে পাঠাই। কিন্তু চেয়ারম্যান নোটিশ পাওয়ার বিষয়টি গোপন করেন। এখন এত দিন পর ২০/১২/২০১৪ থেকে ১৪/০২/২০১৬ আমাকে ও আমার পরিবারকে আসামি করে নারী ও শিশু নির্যাতন দমন আইনের ১১-এর (গ) ধারায় যৌতুকের জন্য নির্যাতন, হত্যাচেষ্টার অভিযোগ এনে থানায় মামলা দায়ের করে। মামলায় আমাকে ও আমার মাকে বিবাদী করা হয়েছে। আর এ ঘটনার দিন-তারিখ নোটিশে উল্লেখ করা আছে। আমি এখন কীভাবে এ রকম পরিস্থিতি মোকাবিলা করব? মামলাটি আদালতে গেলে কি আমরা জামিন পাব? মিথ্যা মামলা দায়ের করার জন্য কি আমরা আইনি ব্যবস্থা নিতে পারব? আর আমি কি আমার তালাক রেজিস্ট্রি করতে পারব? নাম প্রকাশে অনিচ্ছুক","আমরা আমার পরিবারকে না জানিয়ে বিয়ে করেছিলাম। দুই মাসের মাথায় জানতে পারি, আমার বউয়ের অন্য একজনের সঙ্গে পরকীয়া চলছে। তাই বিয়ের তিন মাস যেতে না যেতেই আইন মেনে তাকে তালাক দিই। তালাকের নোটিশ পাঠাই বউকে, তার ভাইকে আর এলাকার চেয়ারম্যানকে। কিন্তু চেয়ারম্যান নোটিশ পাওয়ার কথা চেপে যান। এখন এত দিন পর ২০/১২/২০১৪ থেকে ১৪/০২/২০১৬ সময়ের কথা বলে আমাকে আর আমার পরিবারকে আসামি বানিয়ে থানায় মামলা করেছে, নারী ও শিশু নির্যাতন দমন আইনের ১১(গ) ধারায়, অভিযোগ যৌতুকের জন্য নির্যাতন আর খুনের চেষ্টা। মামলায় আমাকে আর আমার মাকে আসামি করা হয়েছে। আর এই ঘটনার দিন-তারিখ নোটিশেই লেখা আছে। এখন আমি এই পরিস্থিতি কীভাবে সামলাব? মামলা আদালতে উঠলে কি আমরা জামিন পাব? মিথ্যা মামলা দেওয়ার জন্য কি আমরা আইনি ব্যবস্থা নিতে পারব? আর আমার তালাকটা কি আমি রেজিস্ট্রি করাতে পারব?",no,The date range in the original sentence is garbled; kept as written,Sorup
prot_0015_01,Sarwad,124,বিয়ের এক বছর আগেই আমার স্বামী কোনো কারণে তাঁর পরিবার ছাড়তে বাধ্য হন। আমার সম্মতি ছাড়াই অভিভাবকেরা তাঁর সঙ্গে আমার বিয়ে দেন। কিন্তু বিয়ের ছয় বছর হলো আমি শ্বশুরবাড়ি যেতে পারিনি। শহর থেকে দূরে আমরা ভাড়া বাড়িতে থাকি। আমার স্বামী তিন ভাইয়ের মধ্যে ছোট। তাঁর একটি বোন ছিল। আমার শাশুড়ি তিন বছর আগে মারা গেলে শ্বশুর দ্বিতীয় বিয়ে করেন এবং সেই পক্ষের একটি মেয়ে হয়। শাশুড়ির মৃত্যুর পর বাড়ির দোতলার অর্ধেকটা আমাদের দেবেন বললেও বিভিন্ন টালবাহানায় কাটিয়ে দিচ্ছেন এত দিন। এখন পর্যন্ত দোতলাটা দখল করে আছে স্বামীর অন্য দুই ভাইবোন। শ্বশুরের তাতে কোনো মাথাব্যথাও নেই। আমার স্বামী সাহস করে কিছু বলতেও পারেন না। আমার তিন বছরের একটি মেয়ে আছে। এখন মেয়ের ভবিষ্যতের কথা চিন্তা করে শ্বশুরবাড়িতে উঠতে চাই। কী করতে পারি? জেসমিন আরা রাজশাহী,"বিয়ের এক বছর আগেই কোনো একটা কারণে আমার স্বামীকে তার পরিবার ছেড়ে চলে আসতে হয়েছিল। আমার মত না নিয়েই বাড়ির মুরব্বিরা তার সঙ্গে আমার বিয়ে দিয়ে দেন। বিয়ের ছয় বছর হয়ে গেল, অথচ আমি একবারও শ্বশুরবাড়িতে যেতে পারিনি। শহর থেকে অনেক দূরে একটা ভাড়া বাসায় আমরা থাকি। তিন ভাইয়ের মধ্যে আমার স্বামী সবার ছোট, আর তার একটা বোনও ছিল। তিন বছর আগে আমার শাশুড়ি মারা যাওয়ার পর শ্বশুর আবার বিয়ে করেন, সেই ঘরে একটা মেয়ে হয়েছে। শাশুড়ি মারা যাওয়ার পর শ্বশুর বলেছিলেন বাড়ির দোতলার অর্ধেকটা আমাদের দেবেন, কিন্তু নানা বাহানায় এত দিন ঝুলিয়ে রেখেছেন। দোতলাটা এখনো স্বামীর অন্য দুই ভাইবোন দখল করে আছে। এ নিয়ে শ্বশুরের কোনো মাথাব্যথাই নেই। আমার স্বামীও সাহস করে কিছু বলতে পারে না। আমাদের তিন বছরের একটা মেয়ে আছে। মেয়েটার ভবিষ্যৎ ভেবে এখন আমি শ্বশুরবাড়িতে গিয়ে উঠতে চাই। কী করতে পারি?",yes,Removed signature (name and district),Sorup
prot_0025_03,Sarwad,34,"একমাত্র পুত্রসন্তানের বয়স সাড়ে পাঁচ বছর। আমরা দুজনেই সরকারি চাকরিজীবী। আমাদের সম্পর্কটা ক্রমেই বিবাহবিচ্ছেদের দিকে মোড় নিচ্ছে। আমি মনেপ্রাণে চাই না আমাদের কারণে সন্তানের জীবনটা ক্ষতিগ্রস্ত হোক। আমার জিজ্ঞাসা, বিবাহবিচ্ছেদের পদ্ধতি বা নিয়মকানুন কী?","আমাদের একটাই ছেলে, বয়স সাড়ে পাঁচ বছর। আমরা স্বামী-স্ত্রী দুজনেই সরকারি চাকরি করি। আমাদের সম্পর্কটা দিন দিন ডিভোর্সের দিকেই যাচ্ছে। মন থেকে চাই না আমাদের ঝামেলার কারণে বাচ্চাটার জীবন নষ্ট হোক। জানতে চাই, ডিভোর্স করতে হলে নিয়মকানুন বা প্রক্রিয়াটা কী?",no,,Sorup
prot_0029_01,Sarwad,93,"আমি সিএ পড়ি। যে মেয়েটির সঙ্গে আমার সম্পর্ক, সে উচ্চমাধ্যমিক পর্যায়ে পড়ছে। দুই বছর আগে তার পরিবার জোর করে তাকে বিয়ে দিয়ে দেয়। তখন তার বয়স মাত্র ১৫, আর তার স্বামীর বয়স ৩৫ বছর। মেয়েটি তার স্বামীর সঙ্গে সংসার করতে চায় না। আমরা ঠিক করেছি, আগামী বছর তার উচ্চমাধ্যমিক পরীক্ষা শেষ হলে বিয়ে করব। তার পক্ষে পরিবারে থাকা অবস্থায় স্বামীকে তালাক দেওয়া সম্ভব নয়। তাই সে সিদ্ধান্ত নিয়েছে, পরীক্ষার পরই আমার কাছে চলে আসবে। এ ক্ষেত্রে আমাদের করণীয় কী? ও চলে এলে আমাদের কী কী আইনগত সমস্যা হতে পারে এবং এর প্রতিকার কী?","আমি সিএ পড়ছি। যে মেয়েটার সঙ্গে আমার সম্পর্ক, সে এখন ইন্টারমিডিয়েটে পড়ে। দুই বছর আগে তার বাড়ির লোকজন জোর করে তাকে বিয়ে দিয়ে দেয়। তখন তার বয়স মাত্র ১৫, আর বরের বয়স ৩৫। মেয়েটা ওই স্বামীর সঙ্গে সংসার করতে চায় না। আমরা ঠিক করেছি, সামনের বছর ওর এইচএসসি পরীক্ষা শেষ হলে বিয়ে করব। বাড়িতে থেকে ওর পক্ষে স্বামীকে তালাক দেওয়া সম্ভব না। তাই ও ঠিক করেছে, পরীক্ষা শেষ হলেই সোজা আমার কাছে চলে আসবে। এই অবস্থায় আমাদের কী করা উচিত? ও চলে এলে আমরা কী কী আইনি ঝামেলায় পড়তে পারি, আর সেগুলোর প্রতিকার কী?",no,,Sorup
prot_0033_01,Sarwad,92,"এক ব্যক্তি তিন মেয়ে ও এক ছেলে রেখে মারা যান। তাঁর স্ত্রী আবার বিয়ে করেন। এরই মধ্যে তাঁর আগের পক্ষের ছেলেটি মারা যায় এবং দ্বিতীয় ঘরে এক ছেলে সন্তান জন্ম নেয়। মৃত ব্যক্তি ও মৃত ছেলের অবর্তমানে সম্পত্তির মালিক হয় তিন কন্যা ও স্ত্রী। দ্বিতীয় ঘরের ছেলে তার মায়ের সম্পত্তির অংশ পাবে। কিন্তু প্রশ্ন হলো, প্রথম ঘরের মৃত ভাইয়ের সম্পত্তিরও অংশ পাবে কি না? সেই ছেলেটি তার সৎবোনদের হয়রানি করছে এই বলে যে, ভাইটি তার জন্ম হওয়ার পর মারা গেছে। তাই তিনি তার ভাইয়ের সম্পত্তির অংশ পাবেন। নাম ও ঠিকানা প্রকাশে অনিচ্ছুক","এক লোক মারা যাওয়ার সময় তিন মেয়ে আর এক ছেলে রেখে যান। পরে তাঁর বউ আবার বিয়ে করেন। এর মধ্যে আগের ঘরের ছেলেটা মারা যায়, আর দ্বিতীয় সংসারে একটা ছেলে জন্ম নেয়। মৃত লোকটি আর মৃত ছেলেটি না থাকায় সম্পত্তির মালিক হয় তিন মেয়ে আর ওই স্ত্রী। দ্বিতীয় ঘরের ছেলেটা তার মায়ের সম্পত্তি থেকে ভাগ পাবে, সেটা ঠিক আছে। কিন্তু প্রশ্ন হলো, আগের ঘরের যে ভাই মারা গেছে, তার সম্পত্তিতেও কি সে ভাগ পাবে? ওই ছেলে এখন তার সৎবোনদের হয়রানি করছে, বলছে ভাইটা তো তার জন্মের পরে মারা গেছে, তাই ভাইয়ের সম্পত্তিতে তারও ভাগ আছে।",no,,Sorup
prot_0036_04,Sarwad,55,হিন্দুধর্মাবলম্বী একজনের সঙ্গে আমার প্রায় পাঁচ বছরের সম্পর্ক। আমরা দুজনই প্রাপ্তবয়স্ক এবং ধর্ম পরিবর্তন না করে বিয়ে করতে চাই। কিন্তু পরে উভয়ের প্রভাবশালী পরিবার আমাদের জীবনের জন্য বড় হুমকি হয়ে দাঁড়াবে। দুই পক্ষের মধ্যে ভয়ানক বিরোধের আশঙ্কাও রয়েছে। এই সমস্যাগুলো এড়িয়ে যাওয়ার জন্য আমরা আগে থেকে কীভাবে আইনি ব্যবস্থা নিতে পারি?নাম ও ঠিকানা প্রকাশে অনিচ্ছুক,"হিন্দু ধর্মের একজনের সঙ্গে আমার প্রায় পাঁচ বছরের সম্পর্ক। আমরা দুজনেই প্রাপ্তবয়স্ক, আর কেউ ধর্ম না বদলিয়েই বিয়ে করতে চাই। কিন্তু বিয়ের পরে দুই পক্ষের প্রভাবশালী পরিবার আমাদের জানের জন্য বড় হুমকি হয়ে উঠবে। দুই পরিবারের মধ্যে ভয়ংকর ঝগড়া-বিবাদ লাগার ভয়ও আছে। এসব ঝামেলা এড়াতে আগেভাগেই আমরা কীভাবে আইনি ব্যবস্থা নিয়ে রাখতে পারি?",no,,Sorup
prot_0037_08,Sarwad,39,আমার স্বামী আমাকে না জানিয়ে ঢাকায় বিয়ে করেছেন। এখন আমাদের ভরণপোষণ দেওয়া বন্ধ করে দিয়েছেন। আমি গ্রামের চেয়ারম্যানকে বিষয়টি জানাই।তিনি আমাদের স্বামী-স্ত্রীর সই একটি সাদা স্ট্যাম্পে রেখে তিন মাস পর সিদ্ধান্ত নেবেন বলে জানিয়েছেন। এখন আমার কী করা উচিত?,"আমার স্বামী আমাকে না জানিয়ে ঢাকায় আরেকটা বিয়ে করেছে। এখন আমাদের খরচপাতি দেওয়াও বন্ধ করে দিয়েছে। বিষয়টা আমি গ্রামের চেয়ারম্যানকে জানাই। তিনি আমাদের স্বামী-স্ত্রী দুজনের সই একটা সাদা স্ট্যাম্পে নিয়ে রেখে দিয়েছেন, বলেছেন তিন মাস পরে সিদ্ধান্ত দেবেন। এখন আমার কী করা উচিত?",no,,Sorup
prot_0043_04,Sarwad,108,আমার বয়স ২৩। ২০০২ সালে বিয়ে হওয়ার পর আমার একটি কন্যাসন্তান হয়। নানা সমস্যার কারণে ২০০৬ সাালে আমার তালাক হয়। আমার মেয়ে তার বাবার কাছে আছে। সম্প্রতি একটি ছেলেকে পছন্দ হওয়ায় দুই মাস আগে আমরা বিয়ে করি। কাবিননামায় ছেলেটির কথামতো আমি এটি প্রথম বিয়ে উল্লেখ করি। বিয়ের কথা জানাজানি হয়ে গেলে ছেলেটির পরিবার তাকে আটকে রেখেছে। তার সঙ্গে আমার এখন কোনো রকম যোগাযোগ নেই। তার পরিবার আমার নামে মিথ্যা কথা লিখেছে কাগজে যে সে জানত না আমার আগে বিয়ে হয়েছে। এখন তারা চাইছে ছেলেকে দিয়ে জোর করে তালাক দেওয়াতে। কিন্তু আমি সেটা চাইছি না। সে ক্ষেত্রে আমি কোথায় গেলে বা কী করলে এর সমাধান পাব? নাম প্রকাশে অনিচ্ছুক,"আমার বয়স ২৩। ২০০২ সালে বিয়ের পর আমার একটা মেয়ে হয়। নানা ঝামেলার কারণে ২০০৬ সালে আমাদের তালাক হয়ে যায়। মেয়ে এখন তার বাবার কাছে থাকে। কিছুদিন আগে একটা ছেলেকে ভালো লাগে, দুই মাস আগে আমরা বিয়ে করি। ছেলেটা যেভাবে বলেছিল, সেভাবেই কাবিননামায় আমি লিখি যে এটা আমার প্রথম বিয়ে। বিয়ের কথা জানাজানি হওয়ার পর ছেলের পরিবার তাকে আটকে রেখেছে। এখন তার সঙ্গে আমার কোনো যোগাযোগই নেই। তার পরিবার কাগজে আমার নামে মিথ্যা লিখেছে যে, আমার আগে বিয়ে হয়েছিল সেটা নাকি সে জানত না। এখন তারা ছেলেটাকে দিয়ে জোর করে আমাকে তালাক দেওয়াতে চাইছে। কিন্তু আমি সেটা চাই না। এখন কোথায় গেলে বা কী করলে এর একটা সমাধান পাব?",no,Age 23 with a 2002 marriage looks inconsistent in the original; kept as written,Sorup
prot_0045_02,Sarwad,86,"আমার বিয়ের পর স্বামীর সঙ্গে আমার কোনো রকম শারীরিক সম্পর্ক হয়নি। সে আমার বিয়ের পরের দিন বিদেশে চলে যায়। আমি তাকে স্বামী হিসেবে মানি না। কারণ, আমি তাকে আমার পছন্দে বিয়ে করিনি। আমার পরিবারের পছন্দমতো বিয়েটা হয়। আমার ইচ্ছা না থাকা সত্বেও তারা বিয়েটা দেয়। আমার বিয়ের দেনমোহর হয় তিন লাখ ৫০ হাজার টাকা। তার মাঝে ৫০ হাজার টাকা সোনার গয়নার জন্য ধরা হয়। এখন আমার কথা হচ্ছে, আমি তাকে তালাক দিতে চাই। যদি তাকে আমি তালাক দিই তাহলে তাকে কি মোহরানা দিতে হবে? সুরাইয়া জান্নাতচট্টগ্রাম","বিয়ের পর স্বামীর সঙ্গে আমার কোনো শারীরিক সম্পর্ক হয়নি। বিয়ের পরদিনই সে বিদেশ চলে যায়। তাকে আমি স্বামী বলে মানি না, কারণ বিয়েটা আমার পছন্দে হয়নি। বিয়েটা হয়েছে পরিবারের পছন্দমতো। আমার একদম ইচ্ছা ছিল না, তবুও তারা বিয়ে দিয়ে দেয়। বিয়েতে দেনমোহর ধরা হয় তিন লাখ ৫০ হাজার টাকা, যার মধ্যে ৫০ হাজার টাকা ধরা হয় সোনার গয়না বাবদ। এখন আমি তাকে তালাক দিতে চাই। আমি যদি তালাক দিই, তাহলে কি তাকে মোহরানা দিতে হবে?",yes,Removed signature (name and district). Original is ambiguous about who pays the mohrana; ambiguity kept,Sorup
prot_0046_04,Sarwad,114,"ছয় মাস আগে একটি ছেলের সঙ্গে মাত্র ১১ দিনের পরিচয়ে গোপনে বিয়ে হয়। আবেগের বশবর্তী হয়েই এ কাজটি করি। আমাদের বিয়ের ব্যাপারটা জানাজানি হলে আমার মা-বাবা আমাকে শ্বশুরবাড়ি পাঠিয়ে দেন। কিন্তু শ্বশুরবাড়ির লোকজন আমাকে নানাভাবে মানসিক অত্যাচার করে। মাস দুয়েক যেতে না-যেতেই আমি জানতে পারি, আমার স্বামীর বিয়ের আগে অনেক মেয়ের সঙ্গে শারীরিক সম্পর্ক ছিল। সে যে আমার শরীরটাকে ভালোবেসে আমাকে বিয়ে করেছিল, এ কথা সে নিজের মুখে স্বীকার করেছে। রাগ করে আমি তাকে মৌখিকভাবে তালাক দিয়ে বাবার বাসায় চলে আসি। তাকে আইনগতভাবে তালাক দিলে কি আমি দেনমোহরের টাকা পাব? তালাক দেওয়ার কথা সে ফোনে রেকর্ড করে রেখেছে। তার ধারণা, আমি তালাক দিলে তাকে আর দেনমোহরের টাকা পরিশোধ করতে হবে না। নাম প্রকাশে অনিচ্ছুক","ছয় মাস আগে একটা ছেলের সঙ্গে মাত্র ১১ দিনের চেনাজানায় লুকিয়ে বিয়ে করে ফেলি। আবেগের মাথায়ই কাজটা করেছিলাম। বিয়ের কথা জানাজানি হলে মা-বাবা আমাকে শ্বশুরবাড়ি পাঠিয়ে দেন। কিন্তু শ্বশুরবাড়ির লোকেরা নানাভাবে আমাকে মানসিক যন্ত্রণা দিতে থাকে। দুই মাস যেতে না যেতেই জানতে পারি, বিয়ের আগে আমার স্বামীর অনেক মেয়ের সঙ্গে শারীরিক সম্পর্ক ছিল। সে নিজের মুখেই স্বীকার করেছে, শুধু আমার শরীরটার জন্যই সে আমাকে বিয়ে করেছিল। রাগের মাথায় আমি মুখে মুখে তাকে তালাক দিয়ে বাবার বাসায় চলে আসি। এখন আইন মেনে তাকে তালাক দিলে কি আমি দেনমোহরের টাকা পাব? তালাক দেওয়ার কথাগুলো সে ফোনে রেকর্ড করে রেখেছে। তার ধারণা, তালাকটা আমি দিলে তাকে আর দেনমোহর দিতে হবে না।",no,,Sorup
prot_0048_03,Sarwad,166,"১০ বছর আগে আমার বিয়ে হয়, সাত বছরের একটি ছেলে আছে। বিয়ের পর থেকেই স্বামীর সঙ্গে আমার বনিবনা হচ্ছে না। তার পরও সংসার করছিলাম। হঠাৎ করে আমার সঙ্গে একজনের সম্পর্ক হয়। নানা কারণে সাত মাস আগে আমি অসুস্থ হয়ে আবার বাবার বাসায় চলে আসি। এর মধ্যে একবার এতটাই অসুস্থ হয়ে পড়ি যে বাড়ি থেকে বেরিয়ে গিয়েছিলাম। প্রায় সাত দিন কোথায় ছিলাম, কী করেছি কিছুই মনে নেই। এই সময়ে আমার স্বামী আমার বাবা-মায়ের কাছে এসে তালাক চায় এবং নানা ধরনের বাজে কথা বলে। সে আমাদের সব আত্মীয়স্বজনকে বলে বেড়ায় যে আমি নাকি ওই ছেলের সঙ্গে চলে গিয়েছি। এখন সে আমাকে আর তার সংসারে তো নেবেই না বরং বাড়িতে আমার ও আমার বাবার দেওয়া যেসব মালামাল রয়েছে, সেগুলো দিতে নারাজ। সে বলে বেড়াচ্ছে যে তার এই ১০ বছরের বিবাহিত জীবনের সব ক্ষতিপূরণ নাকি আমাকেই বহন করতে হবে। আজ প্রায় সাত-আট মাস যাবৎ আমার ও আমার ছেলের কোনো ভরণপোষণ দেয়নি। এমনকি সে এখন আমার ছেলেকেও আমার কাছ থেকে নিয়ে যেতে চাইছে। এ অবস্থায় আমি কী করতে পারি?নাম প্রকাশে অনিচ্ছুক","১০ বছর আগে আমার বিয়ে হয়, সাত বছরের একটা ছেলে আছে। বিয়ের পর থেকেই স্বামীর সঙ্গে আমার মিলমিশ হয় না। তবুও সংসার করে যাচ্ছিলাম। হঠাৎ করেই একজনের সঙ্গে আমার সম্পর্ক হয়ে যায়। নানা কারণে সাত মাস আগে অসুস্থ হয়ে আমি আবার বাবার বাসায় চলে আসি। এর মধ্যে একবার এতই অসুস্থ হয়ে পড়ি যে বাসা থেকে বের হয়ে গিয়েছিলাম। প্রায় সাত দিন কোথায় ছিলাম, কী করেছি, কিছুই মনে নেই। ওই সময়টাতেই আমার স্বামী আমার মা-বাবার কাছে এসে তালাক চায় আর অনেক বাজে কথা বলে। সব আত্মীয়স্বজনকে সে বলে বেড়াচ্ছে, আমি নাকি ওই ছেলের সঙ্গে চলে গিয়েছিলাম। এখন সে আমাকে তো সংসারে ফিরিয়ে নেবেই না, উল্টো তার বাড়িতে আমার আর আমার বাবার দেওয়া যত জিনিসপত্র আছে, সেগুলোও ফেরত দিতে চাইছে না। বলে বেড়াচ্ছে, এই ১০ বছরের সংসারে তার যত ক্ষতি হয়েছে, সব ক্ষতিপূরণ নাকি আমাকেই দিতে হবে। প্রায় সাত-আট মাস ধরে সে আমার আর ছেলের কোনো ভরণপোষণ দেয়নি। এখন আবার ছেলেকেও আমার কাছ থেকে নিয়ে যেতে চাইছে। এই অবস্থায় আমি কী করতে পারি?",no,,Sorup
prot_0050_01,Sarwad,127,"আমি দ্বাদশ শ্রেণীতে পড়ছি। বয়স ১৮ বছর। সহপাঠী এক মেয়েকে ভালোবাসি। সেও আমাকে ভালোবাসে। মাধ্যমিক পরীক্ষার পর থেকে শুরু হয় আমাদের সম্পর্ক। একাদশ শ্রেণীতে ভর্তি হওয়ার পর জানতে পারলাম, মামাতো ভাইয়ের সঙ্গে পারিবারিকভাবে মেয়েটির বাগ্দান হবে। আমরা একজন অন্যজনকে খুব ভালোবাসি এবং একজন অন্যজনকে ছাড়া বাঁচব না। কিন্তু ওই মুহূর্তে পরিবারকে কিছু জানানো সম্ভব ছিল না। তখন আমরা কলেমা পড়ে কবুল বলে বিয়ে করি। আমাদের বিয়েতে কেউ সাক্ষী ছিল না। কিন্তু আমরা দুজন দুজনকে স্বামী-স্ত্রী হিসেবে মেনে নিয়েছি। তারপর আমাদের মধ্যে কয়েকবার শারীরিক সম্পর্ক হয়। সামনে আমাদের উচ্চমাধ্যমিক পরীক্ষা। পরিকল্পনামতো, দুজন ভালো কোনো বিশ্ববিদ্যালয়ে ভর্তি হয়ে পরিবারকে বিয়ের ব্যাপারে জানাব। কিন্তু আমাদের বিয়ে এবং শারীরিক সম্পর্ক বৈধ কি না—এ কথা ভেবে মেয়েটি মানসিকভাবে ভেঙে পড়েছে। আমাদের বিয়েটি কি বৈধ? আইনগত কোনো ভিত্তি আছে এই বিয়ের?অপরাজিতঠিকানা প্রকাশে অনিচ্ছুক","আমি ক্লাস টুয়েলভে পড়ি, বয়স ১৮। ক্লাসের এক মেয়েকে ভালোবাসি, সেও আমাকে ভালোবাসে। এসএসসি পরীক্ষার পর থেকে আমাদের সম্পর্ক শুরু। ইলেভেনে ভর্তি হওয়ার পর জানতে পারি, পরিবার থেকে ওর মামাতো ভাইয়ের সঙ্গে ওর বাগদান ঠিক করা হবে। আমরা একজন আরেকজনকে খুব ভালোবাসি, একে অন্যকে ছাড়া বাঁচব না। কিন্তু তখন বাড়িতে কিছু বলার মতো অবস্থা ছিল না। তাই আমরা কলেমা পড়ে, কবুল বলে বিয়ে করে ফেলি। আমাদের বিয়েতে কোনো সাক্ষী ছিল না। তবে আমরা দুজন দুজনকে স্বামী-স্ত্রী হিসেবে মেনে নিয়েছি। এরপর আমাদের মধ্যে কয়েকবার শারীরিক সম্পর্কও হয়। সামনে আমাদের এইচএসসি পরীক্ষা। প্ল্যান হলো, দুজনে ভালো কোনো ইউনিভার্সিটিতে ভর্তি হয়ে তারপর পরিবারকে বিয়ের কথা জানাব। কিন্তু আমাদের বিয়ে আর শারীরিক সম্পর্ক জায়েজ কি না, এটা ভেবে ভেবে মেয়েটা মানসিকভাবে একদম ভেঙে পড়েছে। আমাদের এই বিয়েটা কি বৈধ? এই বিয়ের কি কোনো আইনি ভিত্তি আছে?",yes,Removed signature name,Sorup
prot_0055_01,Sarwad,70,"এক বছর আগে রাজশাহীতে আমার ফুফুর বাড়ি বেড়াতে যাই। সেখানে গিয়ে একটি মেয়েকে আমার খুব ভালো লেগে যায়। সেও আমাকে পছন্দ করে। আমাদের সম্পর্ক চলতে থাকে। গত জানুয়ারিতে আমার ফুফুর বাড়িতে বেড়াতে গিয়ে জানতে পারি, সে আমার দাদির বোনের মেয়ে। এখন খুব চিন্তায় আছি। আমার প্রশ্ন, ইসলাম ধর্ম অনুযায়ী আমি কি তাকে বিয়ে করতে পারি? আমার পরিবার কখনো এ বিয়েতে রাজি হবে না। এখন আমি কী করব। নাম প্রকাশে অনিচ্ছুক","এক বছর আগে আমার ফুফুর বাড়িতে বেড়াতে যাই। সেখানে একটা মেয়েকে আমার খুব ভালো লেগে যায়, সেও আমাকে পছন্দ করে। এরপর থেকে আমাদের সম্পর্ক চলছে। গত জানুয়ারিতে আবার ফুফুর বাড়ি বেড়াতে গিয়ে জানতে পারি, মেয়েটা আসলে আমার দাদির বোনের মেয়ে। এখন খুব দুশ্চিন্তায় আছি। আমার প্রশ্ন, ইসলাম ধর্মের নিয়মে আমি কি তাকে বিয়ে করতে পারব? আমার পরিবার তো কখনোই এই বিয়েতে রাজি হবে না। এখন আমি কী করব?",yes,Removed the district of the aunt's house,Sorup
prot_0058_01,Sarwad,110,"আমি দ্বাদশ শ্রেণীতে পড়ি। মেজো দুলাভাই বিদেশে থাকেন। ছয় মাস আগে তিনি আমাকে স্বামীসহ বিদেশে নিয়ে যেতে চেয়েছিলেন। তখন আমি অবিবাহিত ছিলাম। তারপর আমার বড় বোনের দূর-সম্পর্কের এক দেবরের সঙ্গে বিয়ে ঠিক হয়। আমাদের পরিবারের সম্মতিতে একটি নকল কাবিননামা তৈরি করা হয়, যা বিদেশে কাগজপত্র পাঠানোর জন্য দরকার ছিল। কাবিনে শুধু আমার সই ছিল। ছেলেদের পরিবারের সঙ্গে কথা ছিল দুজন বিদেশে যেতে পারলে বিয়ে হবে, অন্যথায় বিয়ে হবে না। আমরা ভিসা পাইনি। কিন্তু এই সময়ে আমাদের মধ্যে একটা সম্পর্ক গড়ে ওঠে। এখন পরিবার থেকে বলছে, আমি যেন তার সঙ্গে যোগাযোগ না রাখি। কিন্তু আমরা বিয়ে করে সংসার করতে চাই। আমার প্রশ্ন, আমাদের আগের কাবিননামা কি গ্রহণযোগ্য?ঠিকানা ও নাম প্রকাশে অনিচ্ছুক","আমি ক্লাস টুয়েলভে পড়ি। আমার মেজো দুলাভাই বিদেশে থাকেন। ছয় মাস আগে তিনি আমাকে স্বামীসহ বিদেশে নিয়ে যেতে চেয়েছিলেন। তখনো আমার বিয়ে হয়নি। এরপর আমার বড় বোনের দূরসম্পর্কের এক দেবরের সঙ্গে আমার বিয়ের কথা পাকা হয়। বিদেশে কাগজপত্র পাঠাতে লাগবে বলে আমাদের পরিবারের সম্মতিতেই একটা নকল কাবিননামা বানানো হয়। কাবিনে শুধু আমার সই ছিল। ছেলের পরিবারের সঙ্গে কথা হয়েছিল, দুজন বিদেশে যেতে পারলে তবেই বিয়ে হবে, না পারলে হবে না। শেষে আমরা ভিসা পাইনি। কিন্তু এর মধ্যেই আমাদের দুজনের মধ্যে একটা সম্পর্ক তৈরি হয়ে যায়। এখন বাড়ি থেকে বলছে, আমি যেন তার সঙ্গে আর যোগাযোগ না রাখি। কিন্তু আমরা বিয়ে করে সংসার করতে চাই। আমার প্রশ্ন, আগের সেই কাবিননামাটা কি গ্রহণযোগ্য?",no,,Sorup
prot_0064_01,Sarwad,162,"আমার বাবা একজন সরকারি চাকরিজীবী। তাঁর সঙ্গে ১৯৮৮ সালে আমার মায়ের বিয়ে হয়। বিয়ের পর কয়েক দিনের মধ্যেই যৌতুকের বিষয়কে কেন্দ্র করে মা-বাবার মধ্যে বনিবনায় দারুণ অভাব দেখা দেয়। ক্রমেই তা এমন পর্যায়ে পৌঁছায় যে মা তাঁকে বিয়ের এক বছর পরই তালাক দিতে বাধ্য হন। সে সময় আমি মাত্র আড়াই মাসের শিশু। জন্ম থেকেই আমি নানার বাড়িতে আছি। আমি এখন স্নাতক (সম্মান) দ্বিতীয় বর্ষের ছাত্রী। আমার ভবিষ্যতের কথা ভেবে মা আর বিয়ে করেননি। তিনি চাকরি করেন না। শুনেছি, স্ত্রী স্বামীকে তালাক দিলেও নাকি আইনত স্বামীর কর্তব্য স্ত্রীর দেনমোহরের টাকা ও খোরপোশ দেওয়া এবং আনুষঙ্গিক কর্তব্যগুলো পালন করা। কিন্তু বাবা তার কোনোটাই করেননি। আমার জন্ম থেকে আজ পর্যন্ত তিনি আমাদের কোনো টাকা-পয়সা দিচ্ছেন না। মৌখিক বা লিখিতভাবে অনেকবার তাঁকে অনুরোধ করা সত্ত্বেও তিনি তা আমলেই নিচ্ছেন না। উল্লেখ্য, আমার কোনো মামা নেই। নানা ’৯৬ সালে অবসর নিয়েছেন। বর্তমানে তিনি অসুস্থ। তাঁর সংসার পেনশনের টাকায় কোনোমতে চলে। আমার ক্যারিয়ার গড়তে টাকার খুবই প্রয়োজন। এখন মায়ের দেনমোহর এবং আমাদের ভরণপোষণ আদায়ের জন্য কী করা উচিত?","আমার বাবা সরকারি চাকরি করেন। ১৯৮৮ সালে মায়ের সঙ্গে তাঁর বিয়ে হয়। বিয়ের কয়েক দিনের মধ্যেই যৌতুক নিয়ে মা-বাবার মধ্যে ভীষণ অশান্তি শুরু হয়। আস্তে আস্তে অবস্থা এমন জায়গায় যায় যে বিয়ের এক বছরের মাথায় মা বাধ্য হয়ে বাবাকে তালাক দেন। আমি তখন মাত্র আড়াই মাসের বাচ্চা। জন্মের পর থেকেই আমি নানাবাড়িতে আছি। এখন আমি অনার্স সেকেন্ড ইয়ারে পড়ি। আমার ভবিষ্যতের কথা ভেবে মা আর বিয়ে করেননি। তিনি কোনো চাকরিও করেন না। শুনেছি, বউ নিজে তালাক দিলেও আইন অনুযায়ী স্বামীকে বউয়ের দেনমোহর আর খোরপোশ দিতে হয়, অন্য দায়িত্বগুলোও পালন করতে হয়। কিন্তু বাবা এর কোনোটাই করেননি। আমার জন্মের পর থেকে আজ পর্যন্ত তিনি আমাদের কোনো টাকাপয়সা দেননি। মুখে বলে, লিখে জানিয়ে অনেকবার অনুরোধ করেছি, কিন্তু তিনি গায়েই মাখছেন না। বলে রাখি, আমার কোনো মামা নেই। নানা ’৯৬ সালে রিটায়ার করেছেন, এখন অসুস্থ। পেনশনের টাকায় কোনোমতে তাঁর সংসার চলে। ক্যারিয়ার গড়তে আমার এখন টাকার খুব দরকার। এখন মায়ের দেনমোহর আর আমাদের ভরণপোষণের টাকা আদায় করতে কী করা উচিত?",no,,Sorup
prot_0067_03,Sarwad,189,"আমি একজন চাকরিজীবী নারী। গত ২০০৯ সালের ২৮ ফেব্রুয়ারি আমার স্বামীকে তালাক দিই। আমার তিন ছেলেমেয়ে এখন আমার কাছে আছে। ২০০৯ সালের সেপ্টেম্বর মাসে আমি বাচ্চাদের ভরণপোষণ ও মোহরানার টাকার জন্য মামলা করি। আমার উকিলকে চার হাজার টাকা দিয়েছি। তিনি বলেছেন, আর কোনো টাকা লাগবে না। শুধু আমাকে একবার আদালতে যেতে হবে। কিন্তু আমি তিনবার আদালতে উপস্থিত হই বাচ্চাদের নিয়ে। শেষবার সিদ্ধান্ত হয়, বাচ্চারা আমার কাছে থাকবে এবং ২৩-৯-০৯ তারিখ থেকে প্রতি মাসে বাচ্চাদের জন্য ছয় হাজার টাকা ও মোহরানার ৬০ হাজার টাকা এবং আমার তিন মাসের খোরপোষ বাবদ ১৫০০ টাকাসহ মোট ১ লাখ৩ হাজার ৫০০ টাকা আমাকে দিতে হবে।এরপর আমার উকিল ৯৮ হাজার ৫০০ টাকা আমার আগের স্বামীর কাছে থেকে গ্রহণ করেন। কিন্তু আমাকে দেন ৭৮ হাজার টাকা এবং আমাকে মামলা তুলে নেওয়ার কথা বলেন। পরের মাস থেকে আমার প্রাপ্য টাকা ওঠানোর কথা। কিন্তু কোর্টের সিদ্ধান্তের পর ১০ মাস চলে গেলেও আমি টাকা পেয়েছি ছয় মাসের।প্রশ্ন হলো, আমার চার মাসের টাকা কীভাবে পাব? উকিল ৯৮ হাজার ৫০০ টাকার জায়গায় আমাকে ৭৮ হাজার টাকা দিয়েছে, বাকি ২৫ হাজার টাকা তিনি রেখেছেন। এই ২৫ হাজার টাকা কোন হিসেবে রেখেছেন?প্রতি মাসে ঠিকমতো টাকা না দিলে আমি কোথায় অভিযোগ করব?নাম প্রকাশে অনিচ্ছুক","আমি চাকরি করি। ২০০৯ সালের ২৮ ফেব্রুয়ারি আমি স্বামীকে তালাক দিই। তিন ছেলেমেয়ে এখন আমার কাছেই থাকে। ২০০৯ সালের সেপ্টেম্বরে বাচ্চাদের ভরণপোষণ আর মোহরানার টাকার জন্য মামলা করি। উকিলকে চার হাজার টাকা দিয়েছিলাম। তিনি বলেছিলেন, আর কোনো টাকা লাগবে না, আমাকে শুধু একবার কোর্টে যেতে হবে। কিন্তু বাচ্চাদের নিয়ে আমাকে তিনবার কোর্টে হাজির হতে হয়। শেষবার সিদ্ধান্ত হয়, বাচ্চারা আমার কাছে থাকবে, আর ২৩-৯-০৯ তারিখ থেকে বাচ্চাদের জন্য মাসে ছয় হাজার টাকা, মোহরানার ৬০ হাজার টাকা আর আমার তিন মাসের খোরপোশ বাবদ ১৫০০ টাকা মিলিয়ে মোট ১ লাখ ৩ হাজার ৫০০ টাকা আমাকে দিতে হবে। এরপর আমার উকিল আমার আগের স্বামীর কাছ থেকে ৯৮ হাজার ৫০০ টাকা নেন। কিন্তু আমাকে দেন ৭৮ হাজার টাকা, আর বলেন মামলা তুলে নিতে। পরের মাস থেকে আমার পাওনা টাকা তোলার কথা। কিন্তু কোর্টের সিদ্ধান্তের পর ১০ মাস পার হয়ে গেলেও আমি টাকা পেয়েছি ছয় মাসের। এখন প্রশ্ন হলো, বাকি চার মাসের টাকা কীভাবে পাব? উকিল ৯৮ হাজার ৫০০ টাকার জায়গায় আমাকে দিয়েছেন ৭৮ হাজার, বাকি ২৫ হাজার টাকা তিনি রেখে দিয়েছেন। এই ২৫ হাজার টাকা তিনি কিসের হিসাবে রাখলেন? প্রতি মাসের টাকা ঠিকমতো না দিলে আমি কোথায় গিয়ে অভিযোগ করব?",no,"Amounts in the original do not add up (98,500 - 78,000 = 20,500, not 25,000); kept as written",Sorup
prot_0070_01,Sarwad,192,"আমি সরকারি চাকরি করি। ২০০২ সালে বিয়ে করি। ২০০৩ সালে স্ত্রী চাকরি পায়। একটি সন্তান আমাদের। দুজনেই বেশ সুখী ছিলাম। কিন্তু স্ত্রী চাকরি পাওয়ার পর থেকে সাংসারিক ঝামেলা বেড়েই চলছিল। কখনো ওর কাছে টাকা-পয়সা চাইনি। স্ত্রীর চাহিদার ব্যাপারে যথেষ্ট আন্তরিক ছিলাম। একদিন হঠাৎ সে বাসার আলমারি থেকে কিছু টাকা নিয়ে যায়। সে কথা তার পরিবারে জানাই। সে এটি ভালোভাবে নেয়নি। পরদিন আমাকে বাড়িতেও ঢুকতে দেয়নি। স্থানীয় গণ্যমান্য ব্যক্তিদের মাধ্যমে সমাধান করার চেষ্টা করেছি। কিন্তু কোনো সুরাহা হয়নি। এক মাস পর আমি আইনজীবীর মাধ্যমে তাকে তালাক দিই। এর ১৫ দিন পর সে নারী ও শিশু নির্যাতন আইনে মামলা করে। বর্তমানে মামলাটি হাইকোর্টে স্থগিত অবস্থায় আছে। পরে সে ২০ লাখ টাকা দাবি করে পারিবারিক আদালতে মামলা করে। আদালত এক লাখ ৩০ হাজার টাকা দিতে ঘোষণা করেন। ইতিমধ্যে ৩০ হাজার টাকা দিয়েছি। দ্বিতীয় বিয়ে করেছি বলে আবার মামলা করে, যা খারিজ হয়ে যায়। বাসার সব মালামাল সে নিয়ে যায়। হাইকোর্টে পারিবারিক মামলার সব কাগজপত্র পাঠিয়েছি, এখনো আমার চাকরিতে কোনো রকম প্রভাব পড়েনি। ছেলে মায়ের কাছে আছে। আমি দেখতে পারি না। ছেলের বয়স সাত পেরিয়ে গেছে। আমি কন্যাসন্তানের বাবা হয়েছি। তার পরও ছেলেটির জন্য প্রাণ কাঁদে। এখন মামলা ও সন্তানের কী ব্যবস্থা হতে পারে? মনোয়ার হোসেনচট্টগ্রাম","আমি সরকারি চাকরি করি। ২০০২ সালে বিয়ে করি, ২০০৩ সালে আমার বউও চাকরি পায়। আমাদের একটা বাচ্চা। দুজনে বেশ সুখেই ছিলাম। কিন্তু বউ চাকরি পাওয়ার পর থেকে সংসারে ঝামেলা বাড়তেই থাকে। আমি কখনো তার কাছে টাকাপয়সা চাইনি, তার কী লাগবে না লাগবে সেদিকেও যথেষ্ট খেয়াল রাখতাম। একদিন হঠাৎ সে বাসার আলমারি থেকে কিছু টাকা নিয়ে যায়। কথাটা আমি তার বাড়ির লোকদের জানাই। সে এটা ভালোভাবে নেয়নি। পরদিন আমাকে বাসায়ই ঢুকতে দেয়নি। এলাকার গণ্যমান্য লোকদের দিয়ে মিটমাটের চেষ্টা করেছি, কিন্তু কোনো লাভ হয়নি। এক মাস পর উকিলের মাধ্যমে তাকে তালাক দিই। তার ১৫ দিন পর সে নারী ও শিশু নির্যাতন আইনে মামলা করে। মামলাটা এখন হাইকোর্টে স্থগিত হয়ে আছে। পরে সে ২০ লাখ টাকা দাবি করে পারিবারিক আদালতে মামলা করে। আদালত এক লাখ ৩০ হাজার টাকা দেওয়ার রায় দেন, এর মধ্যে ৩০ হাজার টাকা দিয়ে দিয়েছি। আমি দ্বিতীয় বিয়ে করেছি বলে সে আবার মামলা করে, সেটা খারিজ হয়ে যায়। বাসার সব জিনিসপত্র সে নিয়ে গেছে। পারিবারিক মামলার সব কাগজপত্র হাইকোর্টে পাঠিয়েছি, এখন পর্যন্ত আমার চাকরিতে কোনো প্রভাব পড়েনি। ছেলে তার মায়ের কাছে থাকে, আমি দেখতে পারি না। ছেলের বয়স সাত পার হয়ে গেছে। এর মধ্যে আমার একটা মেয়েও হয়েছে। তবুও ছেলেটার জন্য মনটা কাঁদে। এখন মামলাগুলো আর ছেলের ব্যাপারে কী ব্যবস্থা হতে পারে?",yes,Removed signature (name and district),Sorup
prot_0071_03,Sarwad,74,আমার চাচার কোনো সন্তান নেই। তিনি মারা যাওয়ার আগে তাঁর সব সম্পত্তি পালিত পুত্র ও তার পরিবারকে লিখে দিয়েছেন। চাচার বাড়ি ও আমাদের বাড়ি একই দাগে। রাস্তায় বেরোতে হলে তাঁর বাড়ির ওপর দিয়ে যেতে হয়। চাচার পালক পুত্র বাড়ির ওপর দিয়ে যাতায়াত নিষেধ করে। আমার বাবা চাচাকে বণ্টননামা দলিল করে দেননি। বাবাও মারা গেছেন। এখন কি কোনো আইনে আমাদের বাড়ির ভাগ বদল করতে পারব? আর চাচার সম্পত্তির অংশ কি আমরা পাব? নাম প্রকাশে অনিচ্ছুক,আমার চাচার কোনো ছেলেমেয়ে ছিল না। মারা যাওয়ার আগে তিনি তাঁর সব সম্পত্তি তাঁর পালক ছেলে আর ছেলের পরিবারের নামে লিখে দিয়ে গেছেন। চাচার বাড়ি আর আমাদের বাড়ি একই দাগে। রাস্তায় বের হতে গেলে চাচার বাড়ির ওপর দিয়েই যেতে হয়। এখন চাচার পালক ছেলে তার বাড়ির ওপর দিয়ে যাওয়া-আসা করতে মানা করে দিয়েছে। আমার বাবা চাচাকে কোনো বণ্টননামা দলিল করে দেননি। বাবাও এখন মারা গেছেন। এখন কোনো আইনে কি আমরা বাড়ির ভাগটা বদলাতে পারব? আর চাচার সম্পত্তিতে কি আমরা কোনো ভাগ পাব?,no,,Sorup
prot_0073_01,Sarwad,67,"প্রেম করে বিয়ে করি। আমরা দুজনই প্রাপ্তবয়স্ক। আমাদের বিয়ের ব্যাপারটা কিছুদিন আগে জানাজানি হয়। একপর্যায়ে ওর বাবা ওকে ভয়ভীতি দেখিয়ে জোরপূর্বক কাজি অফিসে নিয়ে তালাকনামায় সই করান। প্রায় এক মাস হয়ে গেল তালাকনামায় সই করিয়েছেন; কিন্তু এর মধ্যে আমার কাছে কোনো তালাকের নোটিশ বা তালাকনামা বা অন্য কোনো কাগজ পাঠাননি। আমার জিজ্ঞাসা, এতে কি তালাক কার্যকর হয়েছে? হয়ে থাকলে কাবিননামায় উল্লিখিত দেনমোহর কি আমাকে পরিশোধ করতে হবে?স্বপনসিলেট","ভালোবেসে বিয়ে করেছি, আমরা দুজনেই প্রাপ্তবয়স্ক। কিছুদিন আগে আমাদের বিয়ের কথা জানাজানি হয়ে যায়। শেষমেশ ওর বাবা ওকে ভয় দেখিয়ে জোর করে কাজি অফিসে নিয়ে গিয়ে তালাকনামায় সই করিয়ে নেন। প্রায় এক মাস হয়ে গেল সই করানো হয়েছে, কিন্তু এর মধ্যে আমার কাছে কোনো তালাকের নোটিশ, তালাকনামা বা অন্য কোনো কাগজ পাঠানো হয়নি। আমার জানার বিষয়, এতে কি তালাক কার্যকর হয়ে গেছে? যদি হয়ে থাকে, তাহলে কাবিননামায় যে দেনমোহর লেখা আছে, সেটা কি আমাকে দিতে হবে?",yes,Removed signature (name and district),Sorup
prot_0074_02,Sarwad,64,আমার দাদা দুটি বিয়ে করেন। আমার বাবা প্রথম পক্ষের সন্তান। সৎ দাদির চার ছেলে ও এক মেয়ে। তাঁরাই আমার দাদার সম্পত্তি দেখাশোনা করেন। কিন্তু তাঁরা আমার বাবাকে তাঁর পৈতৃক সম্পত্তি থেকে বঞ্চিত করতে চান। আমি আমার মা-বাবার একমাত্র সন্তান। তাঁরা সম্পত্তির জন্য আমাকে মেরে ফেলার হুমকি দিচ্ছেন। বাবাকেও ধরে নিয়ে যাওয়ার হুমকি দিচ্ছেন। নিরাপত্তার জন্য আমাদের আইনি কী ব্যবস্থা নিলে ভালো হয়?নাম প্রকাশে অনিচ্ছুকগাজীপুর,"আমার দাদা দুটো বিয়ে করেছিলেন। আমার বাবা প্রথম ঘরের ছেলে। সৎদাদির ঘরে চার ছেলে আর এক মেয়ে। দাদার সম্পত্তি এখন তাঁরাই দেখাশোনা করেন। কিন্তু তাঁরা আমার বাবাকে তাঁর বাপের সম্পত্তি থেকে বঞ্চিত করতে চাইছেন। আমি মা-বাবার একমাত্র সন্তান। সম্পত্তির জন্য তাঁরা আমাকে মেরে ফেলার হুমকি দিচ্ছেন, বাবাকেও তুলে নিয়ে যাওয়ার হুমকি দিচ্ছেন। নিজেদের নিরাপত্তার জন্য কী আইনি ব্যবস্থা নিলে আমাদের ভালো হবে?",yes,Removed district in signature,Sorup
prot_0077_06,Sarwad,109,"কিছুদিন আগে স্বাস্থ্য খাতে লোক নিয়োগের পরীক্ষা হয়। এ সময় একজন নেতা আমাকে স্বাস্থ্য খাতে চাকরি দেবে বলে লিখিত পরীক্ষার আগেই ৫০ হাজার টাকা হাতিয়ে নেন। তিনি বলেন আমাকে লিখিত পরীক্ষায় পাস করাবেন। কিন্তু লিখিত পরীক্ষায় পাস করাতে পারেননি। এখন ওই নেতা আমাকে টাকা ফেরত দিচ্ছেন না। টাকা নেওয়ার আগে কথা ছিল, চাকরি না দিতে পারলে টাকা ফেরত দিয়ে দেবেন। আজ টাকা দেবেন, কাল দেবেন—এই বলে তিনি তিন মাস সময় পার করেন। কিন্তু টাকা দিচ্ছেন না। এখন আমি কি তাঁর বিরুদ্ধে আইনি ব্যবস্থা নিতে পারব? টাকা দেওয়ার সময় দলিল করা হয়নি। দু-তিনজন লোক সাক্ষী ছিল। এখন টাকা ফেরত পাওয়ার উপায় কী? আমি কি তাঁর বিরুদ্ধে প্রতারণার মামলা করতে পারব?","কিছুদিন আগে স্বাস্থ্য বিভাগে লোক নেওয়ার পরীক্ষা হয়। তখন এক নেতা আমাকে স্বাস্থ্য বিভাগে চাকরি পাইয়ে দেবে বলে লিখিত পরীক্ষার আগেই ৫০ হাজার টাকা হাতিয়ে নেন। বলেছিলেন, লিখিত পরীক্ষায় আমাকে পাস করিয়ে দেবেন। কিন্তু পাস করাতে পারেননি। এখন ওই নেতা আমার টাকা ফেরত দিচ্ছেন না। টাকা নেওয়ার আগে কথা হয়েছিল, চাকরি দিতে না পারলে টাকা ফিরিয়ে দেবেন। আজ দেব, কাল দেব বলে বলে তিন মাস কাটিয়ে দিয়েছেন, কিন্তু টাকা দিচ্ছেন না। এখন কি আমি তাঁর বিরুদ্ধে আইনি ব্যবস্থা নিতে পারব? টাকা দেওয়ার সময় কোনো দলিল করা হয়নি, তবে দু-তিনজন সাক্ষী ছিলেন। এখন টাকাটা ফেরত পাওয়ার উপায় কী? তাঁর বিরুদ্ধে কি আমি প্রতারণার মামলা করতে পারব?",no,,Sorup
prot_0080_01,Sarwad,113,"আমরা চার ভাই। আমি মেজো। ছোটবেলায় আমার চাচা ও চাচি আমাকে মৌখিকভাবে দত্তক নেন ও লালন-পালন করেন । তাঁরা ছিলেন নিঃসন্তান। পরে আমি তাঁদের ভরণপোষণের দায়িত্ব পালন করি। আমার চাচা-চাচিকে ১৪ শতাংশ জমি কিনে দেন। এই জমি কেনার আগেই চাচির বাবা-মা ও ভাই মৃত ছিলেন। চাচির পরিবারেও আর কোনো অংশীদারের খবর জানা নেই। আমার চাচা আমাকে তাঁর সব স্থাবর ও অস্থাবর সম্পত্তি দানকবলা দিয়ে যান এবং চাচির নামে কেনা ১৪ শতাংশ জমি উল্লেখ করে কবলা দেন।আমার প্রশ্ন, হিন্দু আইনে আমি কি ওই ১৪ শতাংশ জমির অধিকারী হতে পারব? দানকবলা থেকে প্রাপ্ত সব সম্পত্তি আমি কি বিক্রি করতে পারব? আমার মৃত্যুর পর আমার ছেলেরা কি ওই সব সম্পত্তির প্রকৃত উত্তরাধিকারী হতে পারবে? ফটিক হালদারমাদারীপুর","আমরা চার ভাই, আমি মেজো। ছোটবেলায় আমার চাচা-চাচি মুখে মুখে আমাকে দত্তক নেন আর মানুষ করেন। তাঁদের নিজেদের কোনো সন্তান ছিল না। পরে আমিই তাঁদের ভরণপোষণের দায়িত্ব নিই। চাচা চাচিকে ১৪ শতাংশ জমি কিনে দেন। জমিটা কেনার আগেই চাচির মা-বাবা আর ভাই মারা গিয়েছিলেন। চাচির পরিবারের দিকে আর কোনো ভাগীদার আছে বলেও জানা নেই। চাচা তাঁর সব স্থাবর-অস্থাবর সম্পত্তি দানকবলা করে আমাকে দিয়ে যান, আর চাচির নামে কেনা ওই ১৪ শতাংশ জমির কথাও উল্লেখ করে কবলা দেন। আমার প্রশ্ন, হিন্দু আইনে আমি কি ওই ১৪ শতাংশ জমির মালিক হতে পারব? দানকবলায় পাওয়া সব সম্পত্তি কি আমি বিক্রি করতে পারব? আমি মারা যাওয়ার পর আমার ছেলেরা কি ওই সব সম্পত্তির আসল ওয়ারিশ হবে?",yes,"Removed signature (name and district). Original sentence about who bought the 14 decimals is ambiguous; read as the uncle bought it in the aunt's name, matching the later text",Sorup
prot_0083_02,Sarwad,162,"আমি এ বছর উচ্চমাধ্যমিক পরীক্ষা দেব। আমার বয়স ১৭ বছর। একটি ছেলেকে খুব ভালো বাসতাম। কিন্তু তা সে বিশ্বাস করতে চাইত না। সে বলত, তোমাকে ভালোবাসার প্রমাণ দিতে হবে। সে আমাকে একটা দলিলের মতো কাগজ দেয়। ওই কাগজে আমার ও তার জীবনবৃত্তান্ত লেখা ছিল। আমার বয়স লেখা ছিল ১৯, ওর বয়স ২৬ (ওর প্রকৃত বয়স ৩০)। আরও লেখা ছিল, আমরা পাঁচ বছর ধরে স্বামী-স্ত্রী হিসেবে বসবাস করে আসছি। কেউ যদি পরবর্তী সময়ে কিছু বলে, তবে সেটা মিথ্যা বলে গণ্য হবে। সবশেষে দুজনের সই। তবে সে আমাকে বলেছে, ‘এটা শুধু কাগজ, যা তুমি চাইলেই ফেরত পাবে। তুমি রাজি থাকলে আমাদের সামাজিকভাবে বিয়ে হবে, নতুবা নয়।’কিন্তু এখন কোনো এক বিশেষ কারণে তার সঙ্গে আমার সম্পর্ক নেই। এমনকি তাকে বিয়ে করাও সম্ভব নয়। একদিন ফোন করে তার কাছে ওই কাগজটা চাইলাম, সে তা দিতে অসম্মতি জানাল। বলল, আমি নাকি তার বিবাহিত স্ত্রী। আমার প্রশ্ন, এই কাগজে সই করার মাধ্যমে কি সত্যিই আমাদের বিয়ে হয়েছে? ভবিষ্যতে ওই কাগজ দিয়ে কি সে আমাকে আইনি সমস্যায় ফেলতে পারবে?","এ বছর আমি এইচএসসি পরীক্ষা দেব, বয়স ১৭। একটা ছেলেকে খুব ভালোবাসতাম। কিন্তু সে সেটা বিশ্বাস করতে চাইত না। বলত, ভালোবাসো তার প্রমাণ দিতে হবে। এরপর সে আমাকে দলিলের মতো দেখতে একটা কাগজ দেয়। ওই কাগজে আমার আর তার জীবনবৃত্তান্ত লেখা ছিল। আমার বয়স লেখা ছিল ১৯, ওর ২৬ (যদিও ওর আসল বয়স ৩০)। আরও লেখা ছিল, আমরা পাঁচ বছর ধরে স্বামী-স্ত্রী হিসেবে একসঙ্গে থাকছি, পরে কেউ অন্য কিছু বললে সেটা মিথ্যা বলে ধরা হবে। একদম নিচে দুজনের সই। তবে সে আমাকে বলেছিল, ‘এটা স্রেফ একটা কাগজ, তুমি চাইলেই ফেরত পাবে। তুমি রাজি হলে আমাদের সামাজিকভাবে বিয়ে হবে, না হলে হবে না।’ কিন্তু একটা বিশেষ কারণে এখন তার সঙ্গে আমার আর কোনো সম্পর্ক নেই, তাকে বিয়ে করাও আর সম্ভব না। একদিন ফোন করে ওই কাগজটা ফেরত চাইলাম, সে দিতে রাজি হলো না। বলল, আমি নাকি তার বিয়ে করা বউ। আমার প্রশ্ন, ওই কাগজে সই করায় কি সত্যিই আমাদের বিয়ে হয়ে গেছে? ভবিষ্যতে ওই কাগজ দেখিয়ে কি সে আমাকে আইনি ঝামেলায় ফেলতে পারবে?",no,,Sorup
prot_0085_05,Sarwad,61,"আমি বাবার একমাত্র মেয়ে। আমার বাবার আরও চারটি ছোট ভাই আছেন। তাঁদের প্রত্যেকের ঘরে ছেলে ও মেয়ে আছে। এখন অনেকে বলে, আমার বাবার সম্পত্তি নাকি আমি একা পাব না, আমার বাবার অন্য ভাইয়েরাও পাবেন। এ অবস্থায় আমার বাবার কি কিছু করার আছে? যা করলে সব সম্পত্তি আমি পাব। অথবা কোনো কিছু করার না থাকলে আমাদের সম্পত্তি কীভাবে বণ্টন হবে? খালেদা আক্তাররংপুর","আমি বাবার একমাত্র মেয়ে। বাবার আরও চারজন ছোট ভাই আছেন, তাঁদের সবারই ছেলেমেয়ে আছে। এখন অনেকেই বলছে, বাবার সম্পত্তি নাকি আমি একা পাব না, বাবার ভাইয়েরাও ভাগ পাবেন। এই অবস্থায় বাবার কি এমন কিছু করার আছে, যাতে সব সম্পত্তি আমিই পাই? আর যদি কিছুই করার না থাকে, তাহলে আমাদের সম্পত্তি কীভাবে ভাগ হবে?",yes,Removed signature (name and district),Sorup
prot_0091_03,Sarwad,113,"আমরা চার ভাই সাত বোন। আমাদের বাবা কিছু সম্পত্তি চার ছেলের নামে, কিছু মায়ের নামে এবং কিছু নিজের নামে কিনেছিলেন। কিন্তু মেয়েদের নামে কোনো সম্পত্তি কেনেননি এবং টাকাপয়সা দিয়ে যাননি। বাবা-মা দুজনই মারা গেছেন। আমরা ভাই ও বোনেরা বাবা ও মায়ের রেখে যাওয়া সম্পত্তি ভাগাভাগি করতে বসলে ভাইয়েরা শুধু বাবা ও মায়ের নামে যে সম্পত্তি আছে তা-ই ইসলামি আইনমতে (এক ছেলে যা যাবে এক বোন তার অর্ধেক) দিতে চায় এবং বাবার কেনা তাদের নামে যে সম্পত্তি তার ভাগ বোনেরা পাবে না বলে জানাচ্ছে। যদিও আমার ভাইয়েরা ছোট থাকতে এই সম্পত্তি বাবা তাদের নামে কিনেছিলেন, যা আইনত বেনামি ক্রয়ের মধ্যে পড়ে। বাবার কেনা ভাইদের নামের সম্পত্তির ভাগ বোনেরা পাবে কি না? নাম প্রকাশে অনিচ্ছুকখুলনা","আমরা চার ভাই, সাত বোন। বাবা কিছু সম্পত্তি চার ছেলের নামে, কিছু মায়ের নামে আর কিছু নিজের নামে কিনেছিলেন। কিন্তু মেয়েদের নামে কোনো সম্পত্তি কেনেননি, টাকাপয়সাও দিয়ে যাননি। বাবা-মা দুজনেই মারা গেছেন। বাবা-মায়ের রেখে যাওয়া সম্পত্তি ভাগ করতে আমরা ভাইবোনেরা বসলে ভাইয়েরা শুধু বাবা আর মায়ের নামে থাকা সম্পত্তিটুকুই ইসলামি নিয়মে (এক ছেলে যা পাবে, এক বোন পাবে তার অর্ধেক) দিতে চায়। আর বাবা তাদের নামে যে সম্পত্তি কিনেছিলেন, সেটার ভাগ বোনেরা পাবে না বলে জানিয়ে দিয়েছে। অথচ ভাইয়েরা যখন ছোট ছিল, তখনই বাবা এসব সম্পত্তি তাদের নামে কিনেছিলেন, আইনের চোখে যেটা বেনামি কেনার মধ্যে পড়ে। বাবা ভাইদের নামে যে সম্পত্তি কিনেছিলেন, সেটাতে কি বোনেরা ভাগ পাবে?",yes,Removed district in signature,Sorup
prot_0096_03,Sarwad,17,"আমার নানা মারা যাওয়ার আগে আমার মা মারা যান, আমি কি আমার নানার সম্পতি পাব? ফয়সাল আহমেদ",নানা মারা যাওয়ার আগেই আমার মা মারা গেছেন। এখন নানার সম্পত্তি থেকে কি আমি কোনো ভাগ পাব?,yes,Removed signature name,Sorup
prot_0101_03,Sarwad,20,ইসলামি ফরায়েজ মতে আমার পাওনা ও ছেলের দায়দায়িত্ব এবং তার ভরণপোষণ ও ভবিষ্যৎ জিম্মাদারি সম্পর্কে বিস্তারিত আইনি ব্যাখ্যা দেবেন কি?,"ইসলামি ফরায়েজের হিসাবে আমার কী পাওনা, ছেলের দায়িত্ব কার, তার ভরণপোষণ কে দেবে আর ভবিষ্যতে সে কার জিম্মায় থাকবে, এসব নিয়ে আইনে কী আছে একটু বিস্তারিত বুঝিয়ে বলবেন?",no,Follow-up fragment: earlier context is missing,Sorup
prot_0105_02,Sarwad,57,"আইন অধিকারের গত সংখ্যা থেকে হুমায়ূন আহমেদের সৃষ্টকর্মের কপিরাইট নিয়ে জানতে পেরেছি। তবু কিছু বিষয় স্পষ্ট করে জানতে চাইছি। হুমায়ূন আহমেদের প্রকাশনাগুলোর কিছু তাঁর প্রথম স্ত্রী গুলতেকিনের নামে করা আছে, আবার কিছু শাওনের নামে দেওয়া আছে। এখন এই বইগুলোর স্বত্ব কি গুলতেকিন ও শাওনই ভোগ করবেন, নাকি হুমায়ূন আহমেদের উত্তরাধিকারীরা মুসলিম আইন অনুযায়ী এর স্বত্ব ভোগ করবে?","আপনাদের আইনের পাতার গত সংখ্যায় একজন প্রয়াত জনপ্রিয় লেখকের লেখার কপিরাইট নিয়ে পড়েছি। তবুও কয়েকটা ব্যাপার পরিষ্কার করে জানতে চাই। ওই লেখকের কিছু বই তাঁর প্রথম স্ত্রীর নামে করা আছে, আবার কিছু বই দ্বিতীয় স্ত্রীর নামে দেওয়া আছে। এখন এই বইগুলোর স্বত্ব কি ওই দুই স্ত্রীই ভোগ করবেন, নাকি মুসলিম আইন অনুযায়ী লেখকের ওয়ারিশরা এর স্বত্ব পাবেন?",yes,"Replaced the names of a well-known author and his two wives, and the column name; the question is about a real public figure",Sorup
prot_0108_05,Sarwad,16,"দয়া করে জানাবেন, কী করে আমি বাড়িটি পাব এবং প্রিয়েমশনের মামলা করে ফল পাব কি না?","একটু জানাবেন, বাড়িটা আমি কীভাবে পেতে পারি, আর অগ্রক্রয়ের (প্রিয়েমশন) মামলা করলে কোনো লাভ হবে কি না?",no,Follow-up fragment: earlier context is missing,Sorup
prot_0111_03,Sarwad,46,তবে দ্বিতীয় বিয়ে প্রমাণ করার ক্ষেত্রে বিয়ের কাবিননামা দেখাতে হবে।বিয়ের বৈধ কাগজপত্র ছাড়া দ্বিতীয় বিয়ে প্রমাণ করা দুরূহ ব্যাপার। আপনি সংশ্লিষ্ট রেজিস্ট্রারের কাছে আপনার স্বামীর দ্বিতীয় বিয়ের তথ্যের জন্য আবেদন করতে পারেন। এরপর মুখ্য বিচারিক হাকিমের আদালতে আইনজীবীর মাধ্যমে মামলা করতে পারেন।চুক্তি না মানলে প্রতিকার কী?,তবে দ্বিতীয় বিয়ে প্রমাণ করতে হলে সেই বিয়ের কাবিননামা দেখাতে হবে। বিয়ের বৈধ কাগজপত্র ছাড়া দ্বিতীয় বিয়ে প্রমাণ করা বেশ কঠিন। আপনার স্বামীর দ্বিতীয় বিয়ের তথ্য চেয়ে আপনি সংশ্লিষ্ট রেজিস্ট্রারের কাছে আবেদন করতে পারেন। তারপর আইনজীবীর মাধ্যমে মুখ্য বিচারিক হাকিমের আদালতে মামলা করতে পারেন। কেউ চুক্তি না মানলে তার প্রতিকার কী?,no,Broken: the start is the tail of a lawyer's answer to an earlier question; the only new question is the last line (remedy when a contract is not honoured),Sorup
prot_0113_01,Sarwad,54,"চিকিৎসায় অবহেলা কিংবা চিকিৎসকদের অবহেলায় রোগীর মৃত্যুর খবর আমরা প্রায়ই জানতে পারছি। বড় বড় হাসপাতালেও এ ঘটনা ঘটছে। সম্প্রতি ঢাকার একটি বেসরকারি হাসপাতালে চিকিৎসকের অবহেলায় এক শিক্ষকের মৃত্যুর ঘটনা ঘটেছে। আমরা সাধারণ মানুষ তো সরকারি হাসপাতালগুলোর ওপর ভরসা রাখতেই পারছি না, আবার প্রাইভেট ক্লিনিকগুলোর ওপরও আস্থা হারিয়ে ফেলছি। কিন্তু এসব দেখার কি কেউ নেই?","চিকিৎসায় গাফিলতি বা ডাক্তারের অবহেলায় রোগী মারা যাওয়ার খবর আজকাল প্রায়ই শুনি। বড় বড় হাসপাতালেও এমন হচ্ছে। কিছুদিন আগে ঢাকার একটা প্রাইভেট হাসপাতালে ডাক্তারের অবহেলায় একজন শিক্ষক মারা গেছেন। আমরা সাধারণ মানুষ সরকারি হাসপাতালের ওপর তো ভরসা করতেই পারি না, এখন প্রাইভেট ক্লিনিকগুলোর ওপরও বিশ্বাস উঠে যাচ্ছে। এসব দেখার কি কেউই নেই?",no,,Sorup
prot_0114_02,Sarwad,14,"ভরণপোষণের খরচ যদি দেওয়াও হয়, তাহলে আমার ছেলের কত বয়স পর্যন্ত আমি পেতে পারি?","খরচপাতি যদি দেওয়াও হয়, তাহলে ছেলের কত বছর বয়স পর্যন্ত আমি পেতে পারব?",no,Follow-up fragment. Original is ambiguous (keeping the son vs receiving maintenance until what age); ambiguity kept,Sorup
prot_0115_02,Sarwad,184,"যেকোনো হত্যাকাণ্ডই ঘৃণিত ও জঘন্য অপরাধ এবং ফৌজদারি আইনে সর্বোচ্চ শাস্তিযোগ্য অপরাধ। সম্প্রতি আমিনবাজার, নোয়াখালীসহ দেশের বিভিন্ন স্থানে গণপিটুনিতে যে মানুষ হত্যার প্রবণতা দেখা গেছে, তা রীতিমতো ভয়াবহ এবং সামাজিক ও রাষ্ট্রীয় অসুস্থতার লক্ষণ। হত্যাকাণ্ড তা যেকোনোভাবেই এবং যার বা যাদের দিয়েই সংঘটিত হোক না কেন, তা ফৌজদারি আইনে বিচারযোগ্য।আমিনবাজার হত্যাকাণ্ড এবং সেখানে পুলিশের নিষ্ক্রিয়তার অভিযোগ শাস্তিযোগ্য অপরাধ। হত্যাকাণ্ডের অপরাধটি দণ্ডবিধির ৩০২ ও ৩৪ ধারায় আমলযোগ্য ও বিচার্য এবং সেখানে প্রত্যক্ষ বা পরোক্ষভাবে সহায়তাকারীরাও সমান অপরাধী, তা তারা যে-ই হোক না কেন এবং সংখ্যা যা-ই হোক। একই সঙ্গে বলা দরকার, পুলিশের নিষ্ক্রিয়তার বিষয়টি তাদের বিভাগীয় তদন্ত ও শাস্তির আওতাধীন।নোয়াখালীর হত্যাকাণ্ডে পুলিশের অংশগ্রহণের অভিযোগ পাওয়া গেছে, যা খুবই আতঙ্কজনক। কেননা, কোনোভাবেই কোনো বিচারবহির্ভূত হত্যাকাণ্ডই সমর্থনযোগ্য নয়। সবচেয়ে ঘৃণ্য অপরাধীরও বিচার পাওয়ার অধিকার আছে। নোয়াখালী হত্যাকাণ্ডে পুলিশের যেসব সদস্যের বিরুদ্ধে সম্পৃক্ততার অভিযোগ আছে, তাঁরা অন্য হত্যাকারীদের সঙ্গে সমানভাবে দায়ী হবেন এবং অপরাধ ফৌজদারি আইনে বিচার্য হবে। পুলিশের সদস্য বলে ফৌজদারি বিচারের আওতাবহির্ভূত থাকার সুযোগ নেই। সাধারণ তদন্তের পর প্রকাশ্য আদালতে অভিযুক্ত অন্য ব্যক্তিদের সঙ্গেই তাঁদের বিচার হবে। উপরন্তু, পুলিশের বিভাগীয় শাস্তিও তাঁদের ওপর বর্তাবে।কাজী জাহেদ ইকবালআইনজীবী, বাংলাদেশ সুপ্রিম কোর্ট।স্বামীর দৈহিক ও মানসিক নির্যাতনের প্রতিকার কীভাবে পাব?","যে কোনো খুনই ঘৃণ্য আর জঘন্য অপরাধ, ফৌজদারি আইনে এর জন্য সবচেয়ে কঠিন শাস্তির বিধান আছে। কিছুদিন হলো আমিনবাজার, নোয়াখালীসহ দেশের নানা জায়গায় গণপিটুনি দিয়ে মানুষ মেরে ফেলার যে প্রবণতা দেখা যাচ্ছে, সেটা সত্যিই ভয়াবহ, আর সমাজ ও রাষ্ট্র যে অসুস্থ হয়ে পড়েছে তার লক্ষণ। খুন যেভাবেই হোক, আর যে বা যারাই করুক, ফৌজদারি আইনে তার বিচার হবে। আমিনবাজারের হত্যাকাণ্ড আর সেখানে পুলিশের নিষ্ক্রিয় থাকার অভিযোগ, দুটোই শাস্তিযোগ্য অপরাধ। দণ্ডবিধির ৩০২ ও ৩৪ ধারায় এই খুনের অপরাধ আমলযোগ্য ও বিচারযোগ্য, আর যারা সরাসরি বা পরোক্ষভাবে সাহায্য করেছে, তারা যে-ই হোক আর সংখ্যায় যত জনই হোক, সমান অপরাধী। পাশাপাশি এটাও বলা দরকার, পুলিশের নিষ্ক্রিয়তার বিষয়টি তাদের বিভাগীয় তদন্ত ও শাস্তির আওতায় পড়ে। নোয়াখালীর হত্যাকাণ্ডে পুলিশ নিজেই জড়িত ছিল বলে অভিযোগ এসেছে, যা খুবই আতঙ্কের কথা। কারণ বিচারের বাইরে কোনো খুনই কোনোভাবে মেনে নেওয়া যায় না। সবচেয়ে জঘন্য অপরাধীরও বিচার পাওয়ার অধিকার আছে। নোয়াখালীর ঘটনায় যেসব পুলিশ সদস্যের বিরুদ্ধে জড়িত থাকার অভিযোগ আছে, তাঁরাও অন্য খুনিদের মতোই সমান দায়ী, আর তাঁদের অপরাধের বিচারও ফৌজদারি আইনেই হবে। পুলিশ বলে ফৌজদারি বিচার এড়ানোর কোনো সুযোগ নেই। স্বাভাবিক তদন্ত শেষে অন্য আসামিদের সঙ্গেই প্রকাশ্য আদালতে তাঁদের বিচার হবে। তার ওপর বিভাগীয় শাস্তিও তাঁদের ভোগ করতে হবে। স্বামী শারীরিক আর মানসিকভাবে নির্যাতন করলে তার প্রতিকার কীভাবে পাব?",yes,Broken: almost all of the text is a lawyer's opinion piece on mob lynching (lawyer's name and signature dropped); the actual citizen question is only the last line (remedy for a husband's physical and mental abuse),Sorup
prot_0128_03,Sarwad,28,"অনেকে মনে করেন যে খ্রিষ্টান নারীরা পুরুষের চেয়ে সম্পত্তি বেশি পান। কারণ, তাঁরা স্বামীর বাড়ির সম্পত্তি পান এবং বাবার বাড়ির সম্পত্তিও পান, এ সম্পর্কে আপনি কী মনে করেন?","অনেকের ধারণা, খ্রিষ্টান মেয়েরা ছেলেদের চেয়ে বেশি সম্পত্তি পায়, কারণ তারা স্বামীর বাড়ির সম্পত্তিও পায়, আবার বাবার বাড়ির সম্পত্তিও পায়। এ ব্যাপারে আপনার কী মনে হয়?",no,,Sorup
prot_0136_03,Sarwad,58,"মাঝখানে আমাকে আশ্বাস দেওয়া হয়, পুরো টাকা ফেরতদেবে। এর কয়েক দিন পর আমাকে সত্তর হাজার টাকার একটা চেক দেয়। কিন্তু চেকটি নিয়ে ব্যাংকে গেলে ব্যাংক থেকে বলা হয়, এ হিসাব নম্বরে টাকা জমা নেই। পরবর্তী সময় তাদের সঙ্গে যোগাযোগ করা হলে তারা বারবার সময় নিয়েও টাকা ফেরত দিচ্ছে না। আমি এখন প্রতিষ্ঠানটির বিরুদ্ধে কীভাবে অইনি পদক্ষেপ নিতে পারি?","এর মধ্যে আমাকে ভরসা দেওয়া হয় যে পুরো টাকাই ফেরত দেবে। কয়েক দিন পর আমাকে সত্তর হাজার টাকার একটা চেক দেয়। কিন্তু চেক নিয়ে ব্যাংকে গেলে ব্যাংক জানায়, ওই অ্যাকাউন্টে কোনো টাকা জমা নেই। এরপর তাদের সঙ্গে যোগাযোগ করলে তারা বারবার সময় নেয়, কিন্তু টাকা আর ফেরত দেয় না। এখন ওই প্রতিষ্ঠানের বিরুদ্ধে আমি কীভাবে আইনি ব্যবস্থা নিতে পারি?",no,Text starts mid-story (beginning cut off),Sorup
ajke_0144_01,Sarwad,23,আমার স্বামী ডিভোর্স লেটার দিয়েছে ১ মাস আগে। সেখানে ‘তিন তালাক এ বাইন’ লেখা ছিল। এতে আইন অনুযায়ী কি আমাদের তালাক হয়ে গেছে?,১ মাস আগে আমার স্বামী আমাকে ডিভোর্স লেটার পাঠিয়েছে। তাতে লেখা ছিল ‘তিন তালাক এ বাইন’। আইন অনুযায়ী কি এতে আমাদের তালাক হয়ে গেছে?,no,,Sorup
ajke_0153_01,Sarwad,58,আমি একজন শিল্পী। বিভিন্ন ইলাস্ট্রেশনের কাজ করি। আমি সাধারণত অনলাইনে নানা মাধ্যমে প্রকাশিত গল্পের অলংকরণের কাজ করেছি বেশি। তবে আমার আঁকা ছবিগুলোর স্বত্ব নিয়ে বিভিন্ন ঝামেলায় পড়তে হয়। এর আগেও সমস্যায় পড়েছি। সব সময় মিউচুয়াল করতে হয়েছে। আমি এই সমস্যার সমাধান কীভাবে পেতে পারি? কাজটা তো আমি বন্ধ করতে চাই না। সে ক্ষেত্রে আইনি ধাপগুলো কীভাবে নিতে পারি?,"আমি আঁকাআঁকি করি, নানা রকম ইলাস্ট্রেশনের কাজ করি। বেশির ভাগ কাজ করেছি অনলাইনে বিভিন্ন জায়গায় ছাপা হওয়া গল্পের ছবি আঁকার। কিন্তু আমার আঁকা ছবিগুলোর স্বত্ব নিয়ে প্রায়ই নানা ঝামেলায় পড়তে হয়। আগেও এমন সমস্যায় পড়েছি, প্রতিবারই মিটমাট করে নিতে হয়েছে। এই সমস্যার সমাধান কীভাবে পাব? কাজটা তো আমি ছাড়তে চাই না। তাহলে আইনিভাবে ধাপে ধাপে কী করতে পারি?",no,,Sorup
ajke_0162_01,Sarwad,192,"রাফির (ছদ্মনাম) সঙ্গে আমি ২৩-০২-২০২৪ তারিখে বিবাহবন্ধনে আবদ্ধ হই। কিন্তু বিয়ের পরপরই তার চরিত্রের বিভিন্ন জঘন্য দিক আমার সামনে চলে আসে। বিয়ের পরে তার সঙ্গে আরও অনেক নারীর সম্পর্কের কথা আমি জানতে পারি। এ ছাড়া কথায় কথায় সে আমার গায়ে হাত তুলত। একপর্যায়ে রাফি আমাকে মৌখিকভাবে তালাক দেয়। এসব সহ্য করতে না পেরে বিয়ের এক মাস না যেতেই আমি তার থেকে সেপারেশনে চলে যাই। পরবর্তী সময়ে আরেকজন নারী আমাকে জানায় যে রাফি আমাকে ডিভোর্স করেছে। আমি প্রমাণ দেখতে চাইলে সে আমাকে একটি অসম্পূর্ণ তালাকনামা পাঠায়। ওই তালাকনামায় আমাদের বিবাহের তারিখ উল্লেখ ছিল না। এমনকি তালাকের তারিখের স্থানে আমাদের বিয়ের তারিখের আগের একটি তারিখ দেওয়া হয়। পরে রাফির সঙ্গে বিয়ের কথা গোপন করে পুনরায় বিয়ে করে ফেলি। যেহেতু আমি ভেবেছিলাম রাফি আমাকে মৌখিকভাবে তালাক দিয়েছে এবং সেই অসম্পূর্ণ তালাকনামাটিও আমার কাছে ছিল। প্রায় এক বছর পর রাফি পুনরায় আমাকে তার স্ত্রী হিসেবে দাবি করছে, যখন আমি আমার বর্তমান স্বামীকে নিয়ে সুখের সংসার করছি। সে আমাকে বিভিন্ন মামলার ভয় দেখাচ্ছে। রাফিকে মেনে নেওয়া আমার পক্ষে সম্ভব নয়। আর আমার বর্তমান স্বামীর কাছে আমি এখন সব জানিয়েছি, তারপরও সে আমাকে মেনে নিয়েছে এবং আমার সঙ্গে সংসার করতে চাচ্ছে। এখন আমার কী করণীয়? নাম প্রকাশে অনিচ্ছুক","২৩-০২-২০২৪ তারিখে একজনের সঙ্গে আমার বিয়ে হয়। কিন্তু বিয়ের পরপরই তার চরিত্রের নানা জঘন্য দিক আমার সামনে আসতে থাকে। বিয়ের পরে জানতে পারি, আরও অনেক মেয়ের সঙ্গে তার সম্পর্ক আছে। তার ওপর কথায় কথায় সে আমার গায়ে হাত তুলত। একসময় সে মুখে মুখে আমাকে তালাক দেয়। এসব আর সহ্য করতে না পেরে বিয়ের এক মাস না যেতেই আমি তার কাছ থেকে আলাদা হয়ে যাই। পরে অন্য এক মেয়ে আমাকে জানায় যে সে আমাকে ডিভোর্স দিয়েছে। প্রমাণ দেখতে চাইলে সে আমাকে একটা অসম্পূর্ণ তালাকনামা পাঠায়। ওই তালাকনামায় আমাদের বিয়ের তারিখ লেখা ছিল না, এমনকি তালাকের তারিখের জায়গায় আমাদের বিয়ের আগের একটা তারিখ বসানো ছিল। পরে আগের বিয়ের কথা লুকিয়ে আমি আবার বিয়ে করে ফেলি, কারণ ভেবেছিলাম সে তো মুখে তালাক দিয়েছেই, আর ওই অসম্পূর্ণ তালাকনামাটাও আমার কাছে ছিল। প্রায় এক বছর পর এখন সে আবার আমাকে তার বউ বলে দাবি করছে, অথচ আমি আমার এখনকার স্বামীকে নিয়ে সুখে সংসার করছি। সে আমাকে নানা মামলার ভয় দেখাচ্ছে। তাকে আবার মেনে নেওয়া আমার পক্ষে কোনোভাবেই সম্ভব না। আমার বর্তমান স্বামীকে আমি এখন সবকিছু খুলে বলেছি, তারপরও সে আমাকে মেনে নিয়েছে আর আমার সঙ্গেই সংসার করতে চায়। এখন আমার কী করা উচিত?",yes,Replaced the ex-husband's pseudonym,Sorup
ajke_0172_01,Sarwad,117,"প্রশ্ন: মা-বাবা যার সঙ্গে আমাকে বিয়ে দিয়েছিল, তাকে আমার পছন্দ ছিল না বলে গাজীপুর কোর্ট থেকে ডিভোর্স দিই। পরে সেখানেই পছন্দের ছেলেকে বিয়ে করি। সে সময় আমার জন্মনিবন্ধন কার্ড ছিল হাতে লেখা। ভোটার আইডি কার্ড হয়নি। দ্বিতীয় বিয়ে করলে আমার মা-বাবা ও প্রথম স্বামী দ্বিতীয় স্বামীর বিরুদ্ধে মামলা করে। তবে আইনগতভাবে সবকিছু মিটমাট হয়ে গেছে। বর্তমান সংসারে আমার তিন বছরের একটি কন্যাসন্তান আছে। মা-বাবার অনলাইন জন্মনিবন্ধন বা ভোটার আইডি কার্ড আমার কাছে না থাকায় আমার ও মেয়ের অনলাইনে জন্মনিবন্ধন করতে পারছি না। মা-বাবা সেগুলো আমাকে দিচ্ছে না। কোনো রকম যোগাযোগ করলে তারা আমার মোবাইল ফোন নম্বর ব্লক করে দেয়। নিজের পছন্দে বিয়ে করেছি বলে তারা আমাকে কোনো কাগজপত্র দিয়ে সহায়তা করছে না। আমি এখন কী করতে পারি?","মা-বাবা যার সঙ্গে আমার বিয়ে দিয়েছিলেন, তাকে আমার পছন্দ ছিল না, তাই কোর্টে গিয়ে তাকে ডিভোর্স দিই। পরে ওই কোর্টেই নিজের পছন্দের ছেলেকে বিয়ে করি। তখন আমার জন্মনিবন্ধনের কার্ডটা ছিল হাতে লেখা, ভোটার আইডি কার্ডও হয়নি। দ্বিতীয় বিয়ের পর আমার মা-বাবা আর প্রথম স্বামী মিলে দ্বিতীয় স্বামীর নামে মামলা করে। তবে আইনিভাবে সব মিটমাট হয়ে গেছে। এখনকার সংসারে আমার তিন বছরের একটা মেয়ে আছে। মা-বাবার অনলাইন জন্মনিবন্ধন বা ভোটার আইডি কার্ড আমার কাছে না থাকায় আমি নিজের আর মেয়ের অনলাইন জন্মনিবন্ধন করাতে পারছি না। মা-বাবা সেগুলো দিচ্ছেন না। যোগাযোগ করতে গেলেই তাঁরা আমার মোবাইল নম্বর ব্লক করে দেন। নিজের পছন্দে বিয়ে করেছি বলে তাঁরা কোনো কাগজপত্র দিয়েই সাহায্য করছেন না। এখন আমি কী করতে পারি?",yes,Removed the district name of the court,Sorup
ajke_0186_01,Sarwad,69,"প্রশ্ন: আমার স্বামীর সঙ্গে কয়েক মাসের মধ্যে ডিভোর্স হয়ে যাবে। আমরা এক বছর ধরে আলাদা থাকি এবং আমাদের মধ্যে যোগাযোগ নেই। আমার একটি ৯ বছরের ছেলেসন্তান আছে। ডিভোর্স হয়ে গেলে আমার ছেলেকে সে পাবে আইন অনুসারে। কিন্তু সে বিদেশে থাকে বলে সন্তানের দেখাশোনা করতে পারবে না। হয়তো তার পরিবারের মানুষেরা দেখবে কিংবা হোস্টেলে রাখবে। আমি জানতে চাই, সন্তানকে আমার কাছে রাখার কোনো উপায় কি আছে, যেহেতু সে বিদেশে থাকে?","কয়েক মাসের মধ্যেই স্বামীর সঙ্গে আমার ডিভোর্স হয়ে যাবে। এক বছর ধরে আমরা আলাদা থাকি, কোনো যোগাযোগও নেই। আমার ৯ বছরের একটা ছেলে আছে। ডিভোর্স হয়ে গেলে আইন অনুযায়ী ছেলেকে সে পাবে। কিন্তু সে তো বিদেশে থাকে, বাচ্চার দেখাশোনা করতে পারবে না। হয়তো তার বাড়ির লোকজন দেখবে, নয়তো হোস্টেলে রেখে দেবে। আমি জানতে চাই, সে যেহেতু বিদেশে থাকে, ছেলেকে আমার কাছে রাখার কি কোনো উপায় আছে?",no,,Sorup
ajke_0190_01,Sarwad,68,প্রশ্ন: আমাদের বিয়ে হয়েছে প্রায় ছয় বছর আগে। দুটি ছেলেসন্তান রয়েছে। ২০২০ সালে আমার স্বামী না জানিয়ে দ্বিতীয় বিয়ে করে। পরে গ্রাম্য সালিসে তাঁর দ্বিতীয় স্ত্রীকে আলাদা জায়গায় রাখার শর্তে আমি সংসারে ফিরে আসি। প্রায় সাত মাস আগে আমাকে না জানিয়ে গোপনে তৃতীয় বিয়ে করেছে। এই বিয়ে নিয়ে কথা বললে আমাকে প্রায় প্রতিদিনই মারধর করে। আমি আর সংসার করতে চাইছি না। তার বিরুদ্ধে আইনি কী পদক্ষেপ নিতে পারি?,"প্রায় ছয় বছর আগে আমাদের বিয়ে হয়, দুটো ছেলে আছে। ২০২০ সালে আমার স্বামী আমাকে না জানিয়ে দ্বিতীয় বিয়ে করে। পরে গ্রামের সালিসে ঠিক হয়, দ্বিতীয় বউকে সে আলাদা জায়গায় রাখবে, এই শর্তে আমি আবার সংসারে ফিরি। মাস সাতেক আগে সে আবার আমাকে না জানিয়ে লুকিয়ে তৃতীয় বিয়ে করেছে। এই বিয়ে নিয়ে কিছু বললেই সে প্রায় রোজই আমাকে মারধর করে। আমি আর তার সংসার করতে চাই না। তার বিরুদ্ধে আমি কী আইনি ব্যবস্থা নিতে পারি?",no,,Sorup
ajke_0197_01,Sarwad,123,প্রশ্ন: আমার বয়স ৩২ বছর। ২৫ বছর বয়সে নিজের পছন্দে বিয়ে করি। আমাদের পাঁচ বছর বয়সী একটি পুত্রসন্তান আছে। বিয়ের পর বাবার খরচে এমবিএ করি। স্বামী চাননি চাকরি করি। সে জন্য এখন আমি গৃহিণী। প্রথমে মন খারাপ হলেও এখন সে জীবনে অভ্যস্ত হয়ে উঠেছি। কিছুদিন ধরে স্বামীর সঙ্গে অকারণেই সম্পর্কের অবনতি হচ্ছে। সে সংসারের প্রতি পুরোপুরি উদাসীন। সংসার খরচ এবং সন্তানের পড়াশোনার খরচ ঠিকমতো দেয় না বলে বাসাভাড়া ও স্কুলের বকেয়া বেড়েই চলেছে। বাবার বাড়ি থেকে অর্থ সাহায্য নিয়ে কোনোমতে চলছি। সে আমার বা তার মা-বাবা কারও কথাই মানছে না। এখন তার সংসার করাটা কষ্টসাধ্য হয়ে উঠছে। আমি তাকে তালাক দিতে চাই না। আবার আমার পক্ষে এখন চাকরি করাও সম্ভব নয়। আমি কি স্বামীর বিরুদ্ধে নিজের এবং সন্তানের ভরণপোষণের আইনি ব্যবস্থা নিতে পারি?,"আমার বয়স ৩২। ২৫ বছর বয়সে নিজের পছন্দে বিয়ে করি। আমাদের পাঁচ বছরের একটা ছেলে আছে। বিয়ের পর বাবার টাকায় এমবিএ করেছি। স্বামী চাননি আমি চাকরি করি, তাই এখন ঘরেই থাকি। প্রথম প্রথম মন খারাপ লাগলেও এখন এই জীবনে অভ্যস্ত হয়ে গেছি। কিছুদিন ধরে কোনো কারণ ছাড়াই স্বামীর সঙ্গে সম্পর্কটা খারাপ হচ্ছে। সংসারের দিকে তার কোনো খেয়ালই নেই। সংসারের খরচ, ছেলের পড়াশোনার খরচ ঠিকমতো দেয় না, ফলে বাসাভাড়া আর স্কুলের বকেয়া বাড়তেই আছে। বাবার বাড়ি থেকে টাকা নিয়ে কোনোরকমে চলছি। সে আমার কথা তো শোনেই না, তার নিজের মা-বাবার কথাও শোনে না। এখন তার সঙ্গে সংসার করাটা খুব কষ্টের হয়ে যাচ্ছে। আমি তাকে তালাক দিতে চাই না। আবার এই মুহূর্তে আমার পক্ষে চাকরি করাও সম্ভব না। নিজের আর ছেলের ভরণপোষণের জন্য কি আমি স্বামীর বিরুদ্ধে আইনি ব্যবস্থা নিতে পারি?",no,,Sorup
ajke_0203_01,Sarwad,43,"গত বছর তিনি সেখানে স্ট্রোক করে মারা যান। তাঁর মৃত্যুর পর সন্তানকে নিয়ে ভাইয়ের বাসায় থাকি। কারণ, স্বামীর মৃত্যুর পর শ্বশুরবাড়ির লোকজন আমার সঙ্গে যোগাযোগ রাখেননি। এমনকি আমাদের খোঁজখবরও নেননি। জানার বিষয় হলো, স্বামী মারা যাওয়ার পর স্ত্রী আর সন্তানের সম্পত্তির অধিকার কতটুকু?","গত বছর সেখানেই স্ট্রোক করে তিনি মারা যান। তাঁর মৃত্যুর পর বাচ্চাকে নিয়ে আমি ভাইয়ের বাসায় থাকি। কারণ স্বামী মারা যাওয়ার পর শ্বশুরবাড়ির কেউ আমার সঙ্গে আর যোগাযোগ রাখেনি, আমরা কেমন আছি সেই খোঁজটুকুও নেয়নি। আমি জানতে চাই, স্বামী মারা গেলে তাঁর সম্পত্তিতে বউ আর বাচ্চার অধিকার কতখানি?",no,Text starts mid-story (where the husband was is cut off),Sorup
dail_0613_04,Sarwad,23,"Since the claim is passed through Law and amended further to clarify, are banks in breach, in view of legal and ethical grounds?","Given that the claim has been made law and later amended to make it clearer, are the banks in breach, on both legal and ethical grounds?",no,Fragment: which claim and which law is not in the text. Kept in English like the original,Sorup
lawy_0210_01,Sarwad,13,"হঠাৎ দুর্ঘটনা, আত্মহত্যা নাকি রহস্যময় মৃত্যু: থানায় ‘ইউডি কেস’ কেন এবং কখন হয়?","হঠাৎ দুর্ঘটনা, আত্মহত্যা, নাকি রহস্যজনক মৃত্যু: থানায় ‘ইউডি কেস’ কেন করা হয়, আর কখন করা হয়?",no,Headline-style (article title),Sorup
lawy_0224_01,Sarwad,10,দেনমোহর আদায়ে সময়সীমা: তালাকের পরও কি নারীর দাবি থেকে থাকে?,দেনমোহর আদায়ের সময়সীমা কত: তালাক হয়ে গেলেও কি মেয়েটা দেনমোহর দাবি করতে পারে?,no,Headline-style (article title),Sorup
lawy_0317_01,Sarwad,9,একই জমি একাধিক ব্যক্তির কাছে বিক্রিতে কোন দলিলটি টিকবে?,একই জমি একজনের বেশি লোকের কাছে বেচে দিলে কার দলিলটা টিকবে?,no,Headline-style (article title),Sorup
lawy_0326_01,Sarwad,8,সারা জীবনের অর্জন দিয়ে ভুল জমি কিনছেন না-তো?,সারা জীবনের জমানো টাকায় ভুল জমি কিনে ফেলছেন না তো?,no,"Headline-style teaser (article title), not a concrete question",Sorup
lawy_0361_01,Sarwad,11,নদী ভাঙন সিকস্তি ও চর জাগা পয়স্তি জমি কিভাবে ফিরে পাবেন,নদীভাঙনে তলিয়ে যাওয়া (সিকস্তি) জমি আর নতুন চর জেগে ওঠা (পয়স্তি) জমি কীভাবে ফেরত পাওয়া যায়,no,Headline-style (article title),Sorup
lawy_0376_01,Sarwad,11,"নারী ও শিশু নির্যাতনের মামলা কখন, কোথায়, কেন এবং কিভাবে করবেন?","নারী ও শিশু নির্যাতনের মামলা কখন করবেন, কোথায় করবেন, কেন আর কীভাবে করবেন?",no,Headline-style (article title),Sorup
lawy_0403_01,Sarwad,9,"একজন নারী কখন, কিভাবে তার স্বামীকে তালাক দিতে পারে!",একজন মেয়ে কখন আর কীভাবে নিজের স্বামীকে তালাক দিতে পারে!,no,Headline-style (article title),Sorup
lawy_0424_01,Sarwad,9,আপনার স্ত্রী কর্তৃক মিথ্যা মামলার শিকার হলে কি করবেন?,"বউ যদি আপনার নামে মিথ্যা মামলা দেয়, তখন কী করবেন?",no,Headline-style (article title),Sorup
lawy_0445_01,Sarwad,9,চেক ডিসঅনার মামলা : কখন ও কিভাবে করতে হয়?,"চেক ডিসঅনারের মামলা: কখন করতে হয়, আর কীভাবে করতে হয়?",no,Headline-style (article title),Sorup
lawy_0567_01,Sarwad,8,"ছেলে নেই, মেয়ে কি বাবার সব সম্পত্তি পাবে?",কোনো ছেলে না থাকলে মেয়েই কি বাবার পুরো সম্পত্তি পাবে?,no,Headline-style (article title),Sorup
prot_0001_02,Sarwad,24,কোনো মেয়ে তার বাবা জীবিত থাকা অবস্থায় মারা গেলে মেয়ের ছেলে-মেয়ে কি তাদের মায়ের অংশ পাবে? পেলে কতটুকু অংশ পাবে? নাম প্রকাশে অনিচ্ছুক ঢাকা,"বাবা বেঁচে থাকতেই যদি কোনো মেয়ে মারা যায়, তাহলে ওই মেয়ের ছেলেমেয়েরা কি তাদের মায়ের ভাগটা পাবে? পেলে কতখানি পাবে?",yes,Removed district in signature,Sorup
prot_0003_02,Sarwad,47,"আমার প্রশ্ন, স্ত্রীকে না জানিয়ে স্বামী যদি দ্বিতীয় বিয়ে করেন এবং প্রথম স্ত্রী ও সন্তানের ভরণপোষণ না দেন, তবে প্রথম স্ত্রী কীভাবে আইনি সহায়তা পেতে পারেন? যদি প্রথম স্ত্রী স্বামীকে তালাক দিতে চান, তাহলে সন্তান কে পাবেন? তালাকের পর সন্তানের ভরণপোষণ কে বহন করবেন? নাম প্রকাশে অনিচ্ছুক","আমার জানার বিষয়, বউকে না জানিয়ে স্বামী যদি আরেকটা বিয়ে করে, আর প্রথম বউ ও বাচ্চার খরচপাতি না দেয়, তাহলে প্রথম বউ কীভাবে আইনের সাহায্য পাবে? প্রথম বউ যদি স্বামীকে তালাক দিতে চায়, তাহলে বাচ্চা কার কাছে থাকবে? আর তালাকের পর বাচ্চার ভরণপোষণের খরচ কে দেবে?",no,,Sorup
prot_0005_04,Sarwad,34,"কিন্তু দুজনের পরিবারই রাজি নয়। তাই আমরা দুজন-দুজনকে কলমা পড়িয়ে বিয়ে করেছি, বিয়ের সময় কোনো সাক্ষী ছিল না। শুধু আমরা দুজন দুজনকে পড়িয়েছি। আমরা এখন স্বামী-স্ত্রী হিসেবেই বসবাস করছি। আমাদের বিয়ে কি বৈধ হবে?","কিন্তু দুজনের কারও পরিবারই রাজি না। তাই আমরা দুজন দুজনকে কলেমা পড়িয়ে বিয়ে করে নিয়েছি, তখন কোনো সাক্ষী ছিল না। শুধু আমরা দুজনেই একে অন্যকে পড়িয়েছি। এখন আমরা স্বামী-স্ত্রী হিসেবেই থাকছি। আমাদের এই বিয়ে কি বৈধ হবে?",no,Text starts mid-story (beginning cut off),Sorup
prot_0008_05,Sarwad,68,"এখন আমার সব সনদ ও জাতীয় পরিচয়পত্র আমার বাবার পরিবর্তিত নামেই আছে। এখন কাগজপত্রের হিসেবে আমার বাবার সন্তান নই। এই সমস্যার কারণে আমি কোনো চাকরিতে আবেদন করলে আমার ঠিকানায় পাঠানো ফেরত খাম আমার ঠিকানায় আসে না। কারণ, ডাকপিয়ন আমার বাবার সঠিক নামেই আমার ঠিকানার সন্ধান করেন। এমতাবস্থায় আমার সরকারি কিংবা বেসরকারি চাকরি পেতে কোনো সমস্যা হবে কি না এবং বাবার সম্পত্তির উত্তরাধিকারী হতে কোনো সমস্যা আছে কি না?","এখন আমার সব সার্টিফিকেট আর জাতীয় পরিচয়পত্রে বাবার বদলে যাওয়া নামটাই আছে। ফলে কাগজে-কলমে আমি আমার বাবার সন্তান না। এই ঝামেলার কারণে কোনো চাকরির আবেদন করলে আমার ঠিকানায় যে ফিরতি খাম পাঠানো হয়, সেটা আমার কাছে পৌঁছায় না। কারণ ডাকপিয়ন বাবার আসল নাম ধরেই আমার ঠিকানা খোঁজেন। এই অবস্থায় সরকারি বা বেসরকারি চাকরি পেতে কি আমার কোনো সমস্যা হবে? আর বাবার সম্পত্তির ওয়ারিশ হতেও কি কোনো ঝামেলা হবে?",no,Text starts mid-story (how the father's name changed is cut off),Sorup
prot_0009_04,Sarwad,48,কিন্তু আমার বয়স ১৯ বছর। আমার পরিবারের সদস্যরা আমাদের সম্পর্ক কিছুতেই মানবে না। এটা তারা জানিয়ে দিয়েছে। এখন আমরা দুজনে হিন্দুধর্ম মতে রেজিস্ট্রি করতে এবং রেজিস্ট্রির এক বছর পর বিয়ে করতে চাচ্ছি। যেহেতু আমার বয়স ১৯ বছর তাই আমরা কি এখন রেজিস্ট্রি করতে পারব এবং তা কীভাবে করব?,"কিন্তু আমার বয়স ১৯ বছর। আমার বাড়ির লোকজন আমাদের সম্পর্ক কিছুতেই মেনে নেবে না, সেটা তারা সাফ জানিয়ে দিয়েছে। তাই আমরা দুজন চাইছি, আগে হিন্দু ধর্মমতে রেজিস্ট্রি করে রাখব, আর রেজিস্ট্রির এক বছর পরে বিয়ে করব। আমার বয়স যেহেতু ১৯, আমরা কি এখনই রেজিস্ট্রি করতে পারব? আর পারলে কীভাবে করব?",no,Text starts mid-story (beginning cut off),Sorup
prot_0011_04,Sarwad,11,দত্তক নেওয়া সন্তানকে কীভাবে নিজের সম্পত্তির উত্তরাধিকার বানাব? নাম প্রকাশে অনিচ্ছুক,দত্তক নেওয়া বাচ্চাকে কীভাবে আমার সম্পত্তির ওয়ারিশ বানাতে পারি?,no,,Sorup
prot_0015_02,Sarwad,71,"আমার দাদা-দাদির পাঁচ ছেলে ও দুই মেয়ে। ১৯৭৭ সালে আমার বয়স যখন দুই বছর, তখন আমার বাবা মারা যান। আমি আমার বাবার একমাত্র মেয়ে। আমার দাদা-দাদি তখন জীবিত ছিলেন। তারপর আমার দাদা ১৯৮২ ও দাদি ২০১০ সালে মারা যান। আমার বাবার নামে কোনো সম্পত্তি ছিল না, সবই দাদা ও দাদির। এখন প্রশ্ন হলো, দাদা ও দাদির রেখে যাওয়া সম্পত্তির কতটুকু অংশ আমি পাব? আমার মাও কি সম্পত্তি পাবেন? কানিজ ফারহানা ময়মনসিংহ","আমার দাদা-দাদির পাঁচ ছেলে আর দুই মেয়ে। ১৯৭৭ সালে, আমার বয়স যখন দুই বছর, তখন আমার বাবা মারা যান। আমি বাবার একমাত্র মেয়ে। দাদা-দাদি তখনো বেঁচে ছিলেন। পরে ১৯৮২ সালে দাদা আর ২০১০ সালে দাদি মারা যান। বাবার নামে কোনো সম্পত্তি ছিল না, যা ছিল সব দাদা আর দাদির নামে। এখন প্রশ্ন হলো, দাদা-দাদির রেখে যাওয়া সম্পত্তি থেকে আমি কতটুকু পাব? আমার মা-ও কি কোনো ভাগ পাবেন?",yes,Removed signature (name and district),Sorup
prot_0017_03,Sarwad,39,"২০১১ সালে আমার বোন মারা যায়। আমার বাবা ও মা এখনো জীবিত। আমার বোনের একটি মেয়ে আছে, যার দেখাশোনা আমরা করি। আমার বাবা ও মার নামে সম্পত্তি আছে। আমার বাবা ও মা মারা গেলে ওই সম্পত্তির অংশীদার কে হবে?","২০১১ সালে আমার বোন মারা যায়। আমার মা-বাবা এখনো বেঁচে আছেন। বোনের একটা মেয়ে আছে, ওকে আমরাই দেখাশোনা করি। মা-বাবার নামে সম্পত্তি আছে। মা-বাবা মারা গেলে ওই সম্পত্তির ভাগ কারা কারা পাবে?",no,,Sorup
prot_0019_01,Sarwad,63,"প্রথম স্ত্রীর সঙ্গে ২০০৮ সালে বিচ্ছেদ হয়। আমার প্রথম স্ত্রীর দুটি সন্তান আছে বলে দ্বিতীয় স্ত্রী সন্তান নেয়নি। বিশেষ করে আমার পুত্রসন্তানটি ছোট থেকে দ্বিতীয় স্ত্রীর কাছেই লালিত হচ্ছে। এ কারণে সে সব ক্ষেত্রে আমার দ্বিতীয় স্ত্রীর নাম ব্যবহার করে, এমনকি জন্মনিবন্ধন ও পঞ্চম শ্রেণির সনদও দ্বিতীয় মায়ের নামে করা হয়। আমার প্রশ্ন, এই নাম ব্যবহারের কারণে ভবিষ্যতে কোনো সমস্যা হবে কি না?","২০০৮ সালে প্রথম বউয়ের সঙ্গে আমার ছাড়াছাড়ি হয়ে যায়। প্রথম ঘরে দুটো বাচ্চা আছে বলে দ্বিতীয় বউ আর বাচ্চা নেয়নি। বিশেষ করে আমার ছেলেটা ছোটবেলা থেকেই দ্বিতীয় বউয়ের কাছে মানুষ হচ্ছে। এই কারণে সব জায়গায় সে মায়ের নাম হিসেবে আমার দ্বিতীয় বউয়ের নামই দেয়, এমনকি জন্মনিবন্ধন আর ক্লাস ফাইভের সার্টিফিকেটও দ্বিতীয় মায়ের নামে করা। আমার প্রশ্ন, এভাবে নাম ব্যবহার করায় ভবিষ্যতে কি কোনো ঝামেলা হবে?",no,,Sorup
prot_0023_01,Sarwad,21,বিয়ের কাবিননামা না থাকলে কি স্বামীর সম্পত্তিতে স্ত্রীর উত্তাধিকার থাকে? এ ক্ষেত্রে স্বামীর মৃত্যুর পর স্ত্রী কি স্বামীর সম্পত্তিতে অংশীদার হবে?,বিয়ের কাবিননামা না থাকলে কি স্বামীর সম্পত্তিতে বউয়ের ওয়ারিশি হক থাকে? মানে স্বামী মারা গেলে বউ কি তার সম্পত্তির ভাগ পাবে?,no,,Sorup
prot_0025_06,Sarwad,33,এখন সে আমার বোনকে ছেড়ে দিতে চাচ্ছে। তার দুই মেয়ে ও এক ছেলে। বর্তমানে আমার বোনের কোনো খোঁজখবর নেয় না। অবশ্য তার সন্তানদের খরচ দেয়। এমতাবস্থায় আমরা কী ধরনের আইনি পদক্ষেপ নিতে পারি?,"এখন সে আমার বোনকে ছেড়ে দিতে চাইছে। তার দুই মেয়ে আর এক ছেলে। আজকাল সে আমার বোনের কোনো খোঁজখবরই নেয় না, তবে বাচ্চাদের খরচটা দেয়। এই অবস্থায় আমরা কী আইনি ব্যবস্থা নিতে পারি?",no,Text starts mid-story (beginning cut off),Sorup
prot_0026_05,Sarwad,125,"আমার বয়স ২৮। গত ১ ফেব্রুয়ারি আমার বিয়ে হয় একজন সরকারি কর্মকর্তার সঙ্গে। বিয়ের ১০ দিনের মাথায় সে আমার কাছে মোটা অঙ্কের যৌতুক দাবি করে। আমি যৌতুক দিতে রাজি না হওয়ায় কিছুদিন পর সে আমাকে তালাকের নোটিশ পাঠায়। আমি যাতে মামলা না করি, সে জন্য প্রথমে আমার পরিবারকে সে বলে তার ভুল হয়েছে, আমাকে সে নিতে চায়। এভাবে তিন মাস পার হওয়ার পর সে আমাকে ও আমার পরিবারকে বিভিন্নভাবে হুমকি দেয় এবং আমার সম্পর্কে অশালীন কথা বলে। একইভাবে সে আমাকে দেনমোহরের টাকা থেকে বঞ্চিত করছে। আমি মামলা করতে চাইলেও আমার পরিবার রাজি হচ্ছে না। আর আমার একার পক্ষে বেসরকারিভাবে মামলা চালানোর টাকাও নেই। আমি কী করতে পরি? আমি আমার দেনমোহরের টাকা নিতে চাই। আর আমি কোথায় গেলে এই সুবিধা পাব জানাবেন? নাম প্রকাশে অনিচ্ছুক ঢাকা","আমার বয়স ২৮। গত ১ ফেব্রুয়ারি এক সরকারি কর্মকর্তার সঙ্গে আমার বিয়ে হয়। বিয়ের ১০ দিনের মাথায় সে আমার কাছে মোটা টাকার যৌতুক চায়। আমি যৌতুক দিতে রাজি না হওয়ায় কিছুদিন পর সে আমাকে তালাকের নোটিশ পাঠায়। আমি যেন মামলা না করি, সেজন্য প্রথমে সে আমার বাড়ির লোকদের বলে, তার ভুল হয়ে গেছে, সে আমাকে ফিরিয়ে নিতে চায়। এভাবে তিন মাস পার করার পর সে আমাকে আর আমার পরিবারকে নানাভাবে হুমকি দিতে থাকে, আমার নামে নোংরা কথা বলে বেড়ায়। একইভাবে আমাকে দেনমোহরের টাকা থেকেও বঞ্চিত করছে। আমি মামলা করতে চাইলেও আমার পরিবার রাজি হচ্ছে না। আর একা নিজের টাকায় মামলা চালানোর সামর্থ্যও আমার নেই। আমি কী করতে পারি? আমি আমার দেনমোহরের টাকাটা চাই। কোথায় গেলে এই সুবিধা পাব, একটু জানাবেন?",yes,Removed district in signature,Sorup
prot_0030_02,Sarwad,113,"আজ থেকে ছয় মাস আগে জোর করে আমার স্বামী আমাকে বিয়ে করে এবং সাদা স্ট্যাম্পে আমার সই নিয়ে এফিডেভিট করে যে আমি স্বেচ্ছায়, বিনা প্ররোচনায় তাকে বিয়ে করেছি, যা সম্পূর্ণ মিথ্যা। এতে আমার পরিবার আমাকে বর্জন করে। তাকে তো আমি স্বামী হিসেবে মানতে পারছি না। প্রথমত, আমি স্নাতক (সম্মান) ইংরেজির ছাত্রী ছিলাম আর সে বলতে গেলে নিরক্ষর। এ ছাড়া তার পরিবার, বাড়ির লোক, পরিবেশ, জীবনধারা, আদর্শ কিছুই আমার সঙ্গে সামঞ্জস্যপূর্ণ নয়। আমি চাচ্ছি তাকে তালাক দিয়ে নতুন করে জীবন সাজাতে। কিন্তু সে আমাকে শাসাচ্ছে যে আমি তালাক দিলে সে আত্মহত্যা করবে এবং তার বাড়ির লোকেরা আমার নামে মামলা দেবে। বিয়ের কোনো কাগজও আমার কাছে নেই। আমি কীভাবে তালাক দিতে পারি? নাম-ঠিকানা প্রকাশে অনিচ্ছুক","ছয় মাস আগে আমার স্বামী জোর করে আমাকে বিয়ে করে, আর সাদা স্ট্যাম্পে আমার সই নিয়ে এফিডেভিট করে যে আমি নিজের ইচ্ছায়, কারও প্ররোচনা ছাড়াই তাকে বিয়ে করেছি, যা পুরোপুরি মিথ্যা। এর ফলে আমার পরিবার আমাকে ত্যাগ করেছে। তাকে তো আমি স্বামী হিসেবে মেনে নিতে পারছি না। প্রথম কথা, আমি ইংরেজিতে অনার্স পড়তাম, আর সে বলতে গেলে লেখাপড়াই জানে না। তার ওপর তার পরিবার, বাড়ির লোকজন, পরিবেশ, চলাফেরা, আদর্শ, কোনো কিছুর সঙ্গেই আমার মেলে না। আমি চাই তাকে তালাক দিয়ে নতুন করে জীবনটা গুছিয়ে নিতে। কিন্তু সে আমাকে শাসাচ্ছে, আমি তালাক দিলে সে আত্মহত্যা করবে, আর তার বাড়ির লোকেরা আমার নামে মামলা করবে। বিয়ের কোনো কাগজও আমার কাছে নেই। আমি কীভাবে তালাক দিতে পারি?",no,,Sorup
prot_0032_02,Sarwad,42,আমি স্নাতক (সম্মান) শেষ বর্ষে পড়ি। বয়স ২৩ বছর। আট বছর ধরে একটা ছেলের সঙ্গে আমার সম্পর্ক। আমার চেয়ে ও কয়েক মাসের ছোট। এখন আমরা যদি বিয়ে করতে চাই অর্থাৎ কোর্টে গিয়ে বিয়ে করতে চাইলে বয়সের জন্য কি কোনো রকম অসুবিধা হবে?,"আমি অনার্স ফাইনাল ইয়ারে পড়ি, বয়স ২৩। আট বছর ধরে একটা ছেলের সঙ্গে আমার সম্পর্ক। ও আমার চেয়ে কয়েক মাসের ছোট। এখন আমরা যদি বিয়ে করতে চাই, মানে কোর্টে গিয়ে বিয়ে করতে চাই, তাহলে বয়সের কারণে কি কোনো ঝামেলা হবে?",no,,Sorup
prot_0035_03,Sarwad,67,"আমরা পাঁচ ভাই, পাঁচ বোন। আমার বাবা গত বছর মারা যান। তিনি তাঁর বড় সন্তানের নামে তুলনামূলক বেশি সম্পত্তি রেখে গেছেন। মৃত্যুর আগে তিনি বলেছেন, আমি তো সবাইকে সমান ভাগ দিতে পারলাম না, তোমরা সবাই সমানভাবে ভাগ-বাঁটোয়ারা করে নিয়ো। আমার প্রশ্ন, বাবার নামে যে সম্পত্তি আছে তা তো আমরা সমান ভাগে ভাগ পাব। কিন্তু বড় ভাইয়ের নামে যা আছে, তারও কি সমান ভাগ হবে? নাম প্রকাশে অনিচ্ছুক","আমরা পাঁচ ভাই, পাঁচ বোন। গত বছর আমার বাবা মারা গেছেন। তিনি তাঁর বড় সন্তানের নামে অন্যদের চেয়ে বেশি সম্পত্তি রেখে গেছেন। মারা যাওয়ার আগে বলে গেছেন, ‘আমি তো সবাইকে সমান ভাগ দিয়ে যেতে পারলাম না, তোমরা সবাই মিলে সমান করে ভাগ করে নিয়ো।’ আমার প্রশ্ন, বাবার নামে যে সম্পত্তি আছে সেটা তো আমরা সমান ভাগেই পাব। কিন্তু বড় ভাইয়ের নামে যা আছে, সেটাও কি সমান ভাগ হবে?",no,,Sorup
prot_0036_06,Sarwad,120,"আমি এখন স্নাতকোত্তর পর্যায়ে পড়ছি। উচ্চমাধ্যমিক পরীক্ষার কিছুদিন আগে একটি মেয়েকে বিয়ে করি। আমাদের বিয়েটা আমার বাবা-মা মেনে নিলেও মেয়ের বাবা-মা মেনে নেয়নি। তার সঙ্গে আমার বিবাহবিচ্ছেদ হয়। সবাই জানে আমাদের তালাক হয়ে গেছে। কিন্তু আমরা আলাদা থাকতে পারিনি। আমি তার কথামতো মাঝেমধ্যে তার বাসায় যেতাম। হঠাৎ একদিন মেয়েটি আমাকে তার বাসায় যেতে বলে। আমি তার বাসায় গেলে আশপাশের লোকজন জড়ো করে আমাকে আবার বিয়ে করতে বাধ্য করে। সে আমার বিশ্বাস ভেঙে দিয়েছে। এখন আমি তাকে কোনোভাবেই মেনে নিতে পারছি না। যার কারণে আমি মেয়েটিকে আবার কাজির মাধ্যমে তালাক দিয়েছি। মেয়ে আমাকে বিভিন্ন সময়ে ভয়ভীতি দেখায়। সে নাকি আমাকে ছাড়া অন্য কোথাও বিয়ে করবে না। এখন আমি যদি তার সঙ্গে সংসার না করতে চাই, তাহলে সে কোনো ব্যবস্থা নিতে পারবে?শান্তঢাকা","আমি এখন মাস্টার্সে পড়ছি। এইচএসসি পরীক্ষার কিছুদিন আগে একটা মেয়েকে বিয়ে করেছিলাম। আমার মা-বাবা বিয়েটা মেনে নিলেও মেয়ের মা-বাবা মানেনি। পরে তার সঙ্গে আমার ছাড়াছাড়ি হয়ে যায়। সবাই জানে আমাদের তালাক হয়ে গেছে। কিন্তু আমরা আলাদা থাকতে পারিনি। ওর কথামতো আমি মাঝেমধ্যে ওর বাসায় যেতাম। হঠাৎ একদিন মেয়েটা আমাকে তার বাসায় আসতে বলে। আমি যাওয়ার পর আশপাশের লোকজন জড়ো করে আমাকে আবার বিয়ে করতে বাধ্য করে। সে আমার বিশ্বাসটা ভেঙে দিয়েছে। এখন আমি তাকে কোনোভাবেই মেনে নিতে পারছি না। তাই কাজির মাধ্যমে আমি আবার তাকে তালাক দিয়েছি। মেয়েটা এখন নানা সময় আমাকে ভয়ভীতি দেখায়। বলে, আমাকে ছাড়া সে আর কোথাও বিয়ে করবে না। এখন আমি যদি তার সঙ্গে সংসার করতে না চাই, তাহলে কি সে কোনো ব্যবস্থা নিতে পারবে?",yes,Removed signature (name and district),Sorup
prot_0037_03,Sarwad,49,"আমার কোনো সন্তান নেই। বিয়েতে দেনমোহর যা ছিল বিয়ের সময় কিছু পরিশোধ করা হয়, যা কাবিনে উল্লেখ আছে। আমি আমার স্ত্রীকে তালাক দিলে আর কত টাকা ফেরত দিতে হবে। আইনের মাধ্যমে তালাক দিলে আমার কোনো সমস্যা হবে কি না। আমার স্ত্রী আমার বিরুদ্ধে আইনি ব্যবস্থা নিতে পারবে কি না?","আমার কোনো ছেলেমেয়ে নেই। বিয়েতে যে দেনমোহর ধরা হয়েছিল, তার কিছুটা বিয়ের সময়ই দিয়ে দেওয়া হয়, কাবিনে সেটা লেখা আছে। এখন বউকে তালাক দিলে আমাকে আর কত টাকা দিতে হবে? আইন মেনে তালাক দিলে কি আমার কোনো ঝামেলা হবে? বউ কি আমার বিরুদ্ধে কোনো আইনি ব্যবস্থা নিতে পারবে?",no,,Sorup
prot_0038_03,Sarwad,55,"আমার বাবা মারা গেছেন চার বছর আগে। আমরা দুই ভাই ও দুই বোন। বাবার রেখে যাওয়া কোনো সম্পত্তি এখন পর্যন্ত খারিজ করা হয়নি। আমার দাদি জীবিত আছেন এবং তাঁর ছেলেমেয়েরাও জীবিত। এখন আমার বাবার কেনা সম্পত্তিতে দাদির অংশীদারত্ব আছে কি? উল্লেখ্য, আমরা মুসলিম। আইন অনুসারে দাদি কি আমার বাবার কেনা সম্পত্তির ভাগ পাবেন?নাম প্রকাশে অনিচ্ছুক","চার বছর আগে আমার বাবা মারা গেছেন। আমরা দুই ভাই, দুই বোন। বাবার রেখে যাওয়া কোনো সম্পত্তিরই এখনো খারিজ করানো হয়নি। আমার দাদি এখনো বেঁচে আছেন, তাঁর ছেলেমেয়েরাও বেঁচে আছেন। এখন বাবা যে সম্পত্তি কিনেছিলেন, তাতে কি দাদির কোনো ভাগ আছে? বলে রাখি, আমরা মুসলমান। আইন অনুযায়ী বাবার কেনা সম্পত্তিতে কি দাদি ভাগ পাবেন?",no,,Sorup
prot_0040_01,Sarwad,56,সরকারি কর্মচারীদের পেনশনের বিষয়টি নির্ধারিত বিধি দ্বারা পরিচালিত হয়। যথাযথ কর্তৃপক্ষের কাছে দেরিতে নমিনি করার কারণ উল্লেখ করে আপনি আপনার কন্যাকে নমিনি করতে পারেন। নতুন নমিনি নিয়োগে আইনগত কোনো বাধা নেই।আমি একজন মেয়েকে ভালোবাসি কিন্তু আমাদের দুজনের ধর্ম ভিন্ন। আমি চাই যার যার ধর্ম বজায় রেখে বিয়ে করতে। কি এ ধরনের কোনো আইন আছে? সুনিপুণ কর,"সরকারি কর্মচারীদের পেনশনের ব্যাপারটা নির্দিষ্ট বিধিমালা মেনে চলে। দেরিতে নমিনি করার কারণ জানিয়ে উপযুক্ত কর্তৃপক্ষের কাছে আবেদন করে আপনি আপনার মেয়েকে নমিনি করতে পারেন। নতুন করে নমিনি করায় আইনে কোনো বাধা নেই। আমি একটা মেয়েকে ভালোবাসি, কিন্তু আমাদের দুজনের ধর্ম আলাদা। আমি চাই দুজনেই নিজের নিজের ধর্ম ঠিক রেখে বিয়ে করতে। এমন কোনো আইন কি আছে?",yes,Broken: starts with the tail of a lawyer's answer about pension nominees; the citizen question is interfaith marriage without conversion. Removed signature name,Sorup
prot_0042_02,Sarwad,50,"আমি একটি মেয়েকে গত বছর মুঠোফোনের মাধ্যমে বিয়ে করি। বিয়ের সময় তার বয়স হয়েছিল ১৫ বছর সাত মাস। বিয়েতে নির্দিষ্ট অংকের দেনমোহর ধার্য ছিল। কিন্তু এ বিয়ের খবর দুজনের পরিবারের কেউ জানে না। বিয়ের কাগজ-কলমে কোনো প্রমাণ বা স্বাক্ষর আমাদের কাছে নেই। আমাদের যে বিয়ে হয়েছে, তা বৈধ নাকি অবৈধ?আমিনকক্সবাজার","গত বছর মোবাইল ফোনে একটা মেয়েকে বিয়ে করেছি। বিয়ের সময় ওর বয়স ছিল ১৫ বছর সাত মাস। বিয়েতে একটা নির্দিষ্ট অঙ্কের দেনমোহরও ঠিক করা হয়েছিল। কিন্তু এই বিয়ের কথা দুজনের বাড়ির কেউ জানে না। বিয়ের কোনো কাগজপত্র, প্রমাণ বা সই আমাদের কাছে নেই। আমাদের যে বিয়েটা হয়েছে, সেটা বৈধ না অবৈধ?",yes,Removed signature (name and district),Sorup
prot_0045_01,Sarwad,63,"আমার বাবার তিন স্ত্রী। প্রথম স্ত্রীর ঘরে তিন মেয়ে। দ্বিতীয় স্ত্রীর (আমার মা) ঘরে দুই ছেলে ও এক মেয়ে। তৃতীয় স্ত্রীর ঘরে কোনো সন্তান নেই। বাবার তৃতীয় স্ত্রী প্রথমে মারা যান, তারপর বাবা এবং বাবার পর তাঁর প্রথম স্ত্রী মারা যান। আমার মা জীবিত আছেন। মুসলিম আইন অনুযায়ী বাবার প্রথম স্ত্রীর সম্পত্তি কি আমরা পাব? যদি পাই তাহলে কী পরিমাণ পাব?নাম প্রকাশে অনিচ্ছুককুড়িগ্রাম","আমার বাবার তিন বউ। প্রথম বউয়ের ঘরে তিন মেয়ে। দ্বিতীয় বউয়ের (আমার মা) ঘরে দুই ছেলে আর এক মেয়ে। তৃতীয় বউয়ের কোনো সন্তান নেই। প্রথমে বাবার তৃতীয় বউ মারা যান, তারপর বাবা, আর বাবার পরে তাঁর প্রথম বউ মারা যান। আমার মা এখনো বেঁচে আছেন। মুসলিম আইন অনুযায়ী বাবার প্রথম বউয়ের সম্পত্তি থেকে কি আমরা কিছু পাব? পেলে কতখানি পাব?",yes,Removed district in signature,Sorup
prot_0047_02,Sarwad,59,আমি ভিন্ন ধর্মের একটি মেয়েকে ভালোবাসি। মেয়েটিও আমাকে খুব ভালোবাসে। মেয়েটি ইসলাম ধর্মে ধর্মান্তরিত হয়ে আমাকে বিয়ে করতে চায়। আমার আসল বয়স ১৯ বছর। কিন্তু জন্মনিবন্ধনে এবং সার্টিফিকেটে বয়স ১৭ বছর। মেয়েটির আসল ও জন্মনিবন্ধনে বয়স ১৬ বছর। আগামী দুই বছর পর আমরা বিয়ে করতে পারব কি? বিয়ের পর মেয়ের পরিবারের পক্ষ থেকে আমাদের কোনো জটিলতায় ফেলতে পারবে কি?,"আমি অন্য ধর্মের একটা মেয়েকে ভালোবাসি, মেয়েটাও আমাকে খুব ভালোবাসে। ও ইসলাম ধর্ম গ্রহণ করে আমাকে বিয়ে করতে চায়। আমার আসল বয়স ১৯, কিন্তু জন্মনিবন্ধন আর সার্টিফিকেটে বয়স ১৭। মেয়েটার আসল বয়স আর জন্মনিবন্ধনের বয়স, দুটোই ১৬। দুই বছর পরে কি আমরা বিয়ে করতে পারব? বিয়ের পর মেয়ের বাড়ির লোকেরা কি আমাদের কোনো ঝামেলায় ফেলতে পারবে?",no,,Sorup
prot_0048_02,Sarwad,65,আমার দুটি ছেলে আছে। তাদের বয়স সাত ও ১৩। আমার স্বামী দুই বছর আগে আরেকটি বিয়ে করেছে। তার পর থেকে আমি তার সঙ্গে থাকি না। যদিও তার সঙ্গে আমার তালাক হয়নি। এখন আমি তাকে তালাক দিয়ে নতুন জীবন শুরু করতে চাই। সে ক্ষেত্রে সন্তানদের কি আমার কাছে রাখতে পারব? দুই বছর ধরে ওরা আমার কাছেই থাকে। ওরা ওদের বাবার কাছে থাকতে চায় না।নাম প্রকাশে অনিচ্ছুক,"আমার দুই ছেলে, একজনের বয়স সাত, আরেকজনের ১৩। দুই বছর আগে আমার স্বামী আরেকটা বিয়ে করেছে। তারপর থেকে আমি আর তার সঙ্গে থাকি না, যদিও আমাদের তালাক হয়নি। এখন আমি তাকে তালাক দিয়ে নতুন করে জীবন শুরু করতে চাই। সেক্ষেত্রে ছেলেদের কি আমি আমার কাছে রাখতে পারব? দুই বছর ধরে ওরা আমার কাছেই থাকে, আর ওরা বাবার কাছে থাকতে চায় না।",no,,Sorup
prot_0049_04,Sarwad,108,"আমার বন্ধুর বড় ভাই ১১ মাস আগে বিদেশে কর্মরত অবস্থায় মারা যান। তাঁর বউয়ের বয়স ২২ বছর এবং একমাত্র ছেলের বয়স দুই বছর। তিনি যখন বিদেশে যান, তখন তাঁর স্ত্রী পাঁচ মাসের গর্ভবতী ছিলেন। এ কারণে তিনি ছেলের মুখ দেখতে পারেননি। ইসলাম ধর্মে বড় ভাই মারা গেলে তাঁর বউকে ছোট ভাই বিয়ে করতে পারে। হিন্দুধর্মে কি এমন কোনো বিধান নেই যে বড় ভাই মারা যাওয়ার পর ছোট ভাই তাঁর বউকে বিয়ে করতে পারবে? যদি থাকে, তা হলে দুটি প্রাণ বেঁচে যায়। অসহায় একটি নারী পাবে আশ্রয় এবং নাবালক ছেলে পাবে তার ভবিষ্যতের ঠিকানা। কয়েকজন হিন্দু সমাজপতি বলেন, বড় ভাইয়ের বউ মায়ের সমান, তাকে বিয়ে করলে পাপ হবে।সুমন কর্মকারসিলেট","আমার এক বন্ধুর বড় ভাই ১১ মাস আগে বিদেশে কাজ করার সময় মারা যান। তাঁর বউয়ের বয়স ২২, আর একমাত্র ছেলের বয়স দুই বছর। তিনি যখন বিদেশে যান, তখন তাঁর বউ পাঁচ মাসের অন্তঃসত্ত্বা ছিলেন। তাই ছেলের মুখটাও তিনি দেখে যেতে পারেননি। ইসলামে তো বড় ভাই মারা গেলে ছোট ভাই তাঁর বউকে বিয়ে করতে পারে। হিন্দু ধর্মে কি এমন কোনো বিধান নেই, যাতে বড় ভাই মারা যাওয়ার পর ছোট ভাই তাঁর বউকে বিয়ে করতে পারে? যদি থাকে, তাহলে দুটো জীবন বেঁচে যায়। অসহায় মেয়েটা একটা আশ্রয় পাবে, আর নাবালক ছেলেটা ভবিষ্যতের একটা ঠিকানা পাবে। কয়েকজন হিন্দু সমাজপতি বলছেন, বড় ভাইয়ের বউ মায়ের সমান, তাকে বিয়ে করলে পাপ হবে।",yes,Removed signature (name and district),Sorup
prot_0052_01,Sarwad,132,"আমার বয়স ২৮ বছর। আট বছর ধরে একটা মেয়ের সঙ্গে আমার সম্পর্ক ছিল। তার বয়স এখন ২৩ বছর। সে আমার ভাবির বড় বোনের মেয়ে। বছর তিনেক আগে আমরা পরস্পরকে স্বামী-স্ত্রী হিসেবে গ্রহণ করি। এর কোনো সাক্ষী কিংবা কাগজপত্র নেই। এর পর থেকে আমরা স্বামী-স্ত্রীর মতো সময় কাটাই। তার কথামতো আমি সবাইকে জানাই, আমরা বিয়ে করেছি। সবাই জানে, আমরা স্বামী-স্ত্রী। চার মাস আগে তার নানিবাড়ির সবাই মিলে জোর করে তালাকের কাগজে সই নেয় এবং আমার গ্রামের বাড়িতে উকিল নোটিশ পাঠায়। উল্লেখ্য, আমি চার মাস পর একটি উকিল নোটিশ পেয়েছি। কিছুদিন আগে সবকিছু গোপন করে তাকে অন্যত্র বিয়ে দেওয়া হয়। আমাদের এই বিয়েতে আইন অনুযায়ী কোনো বাধা ছিল কি? আমাদের সম্পর্ককে কি বিয়ের সম্পর্ক বলা যায়? যদি ‘হ্যাঁ’ হয়, তাহলে এভাবে কি ডিভোর্স সম্ভব? সবকিছু গোপন করে তাকে বিয়ে দেওয়া হয়েছে, তা কি বৈধ?","আমার বয়স ২৮। আট বছর ধরে একটা মেয়ের সঙ্গে আমার সম্পর্ক ছিল, ওর বয়স এখন ২৩। ও আমার ভাবির বড় বোনের মেয়ে। বছর তিনেক আগে আমরা একে অন্যকে স্বামী-স্ত্রী হিসেবে মেনে নিই। এর কোনো সাক্ষী বা কাগজপত্র নেই। তারপর থেকে আমরা স্বামী-স্ত্রীর মতোই সময় কাটাতাম। ওর কথামতো আমি সবাইকে জানিয়ে দিই যে আমরা বিয়ে করেছি। সবাই জানে আমরা স্বামী-স্ত্রী। চার মাস আগে ওর নানাবাড়ির সবাই মিলে জোর করে তালাকের কাগজে সই নেয়, আর আমার গ্রামের বাড়িতে উকিল নোটিশ পাঠায়। বলে রাখি, চার মাস পরে আমি একটা উকিল নোটিশ হাতে পেয়েছি। কিছুদিন আগে সব কিছু লুকিয়ে ওকে অন্য জায়গায় বিয়ে দিয়ে দেওয়া হয়েছে। আমাদের এই বিয়েতে আইনের দিক থেকে কি কোনো বাধা ছিল? আমাদের সম্পর্কটাকে কি বিয়ে বলা যায়? যদি ‘হ্যাঁ’ হয়, তাহলে এভাবে কি ডিভোর্স হতে পারে? আর সব লুকিয়ে ওকে যে বিয়ে দেওয়া হলো, সেটা কি বৈধ?",no,,Sorup
prot_0052_05,Sarwad,177,"এক বছর আগে একটি ছেলের সঙ্গে টেলিফোনে আমার পরিচয় হয়। তারপর কথা বলার একপর্যায়ে তার সঙ্গে আমার ভালো বন্ধুত্ব হয়। এর মধ্যে দুবার আমাদের দেখা হয়েছিল। এ ছাড়া অন্য কিছু নয়। আমি তাকে প্রথমে বলেছিলাম আমাদের মধ্যে শুধু বন্ধুত্ব ছাড়া অন্য কোনো সম্পর্ক গড়া সম্ভব নয়। আমি এখনো পড়ালেখা করছি। সামনে আমার পরীক্ষা। সেও পড়ালেখা শেষ করে একটি চাকরি করে। সে গত দু-তিন মাস থেকে আমাকে তার সঙ্গে শারীরিক সম্পর্ক স্থাপনের জন্য প্রস্তাব দিচ্ছে। আমি এ সম্পর্কে রাজি হইনি বলে সে আমাকে গালমন্দ করছে ও হুমকি দিচ্ছে। আমার বাবা-মাকে ফোন করে আমার নামে আজেবাজে কথা বলছে। তারপর থেকে আমি তার সঙ্গে ফোনে কথা বলা বন্ধ করে দিয়েছি। সে এখন আমার বাবা-মাকে ফোন করে বলছে, আমার নাকি অন্য ছেলের সঙ্গে সম্পর্ক আছে। সে জন্য আমার বাবা-মা আমাকে বিয়ে দেওয়ার জন্য চেষ্টা করছে। কিন্তু আমি এত তাড়াতাড়ি বিয়ে করব না। এর মধ্যে সে আমাকে তাকে বিয়ে করার জন্য চাপ দিচ্ছে, যা আমার পক্ষে কখনো সম্ভব নয়। তার কথামতো যদি রাজি না থাকি তাহলে সে আমার ক্ষতি করবে বলে হুমকি দিচ্ছে। এখন আমি কীভাবে এর থেকে মুক্তি পাব? শান্তা সীতাকুণ্ড","এক বছর আগে ফোনে একটা ছেলের সঙ্গে আমার পরিচয় হয়। কথা বলতে বলতে একসময় তার সঙ্গে ভালো বন্ধুত্ব হয়ে যায়। এর মধ্যে দুবার আমাদের দেখা হয়েছিল, এর বেশি কিছু না। শুরুতেই তাকে বলে দিয়েছিলাম, আমাদের মধ্যে বন্ধুত্ব ছাড়া আর কোনো সম্পর্ক হওয়া সম্ভব না। আমি এখনো পড়াশোনা করছি, সামনে পরীক্ষা। সে পড়াশোনা শেষ করে একটা চাকরি করে। গত দু-তিন মাস ধরে সে আমাকে তার সঙ্গে শারীরিক সম্পর্কের প্রস্তাব দিয়ে যাচ্ছে। রাজি হইনি বলে সে আমাকে গালাগাল করছে, হুমকি দিচ্ছে। আমার মা-বাবাকে ফোন করে আমার নামে আজেবাজে কথা বলছে। তারপর থেকে আমি তার সঙ্গে ফোনে কথা বলা বন্ধ করে দিয়েছি। এখন সে মা-বাবাকে ফোন করে বলছে, আমার নাকি অন্য ছেলের সঙ্গে সম্পর্ক আছে। এই কারণে মা-বাবা আমাকে বিয়ে দেওয়ার চেষ্টা করছেন। কিন্তু আমি এত তাড়াতাড়ি বিয়ে করব না। এর মধ্যে সে আবার তাকে বিয়ে করার জন্য আমাকে চাপ দিচ্ছে, যেটা আমার পক্ষে কখনোই সম্ভব না। তার কথামতো রাজি না হলে সে আমার ক্ষতি করবে বলে হুমকি দিচ্ছে। এখন আমি কীভাবে এর হাত থেকে রেহাই পাব?",yes,Removed signature (name and place),Sorup
prot_0054_01,Sarwad,59,"আমি মা-বাবার একমাত্র সন্তান। বাবা মারা গেছেন। আমি যে বাড়িতে বসবাস করছি, আমার বাবা ক্রয়সূত্রে সেটির মালিক ছিলেন, যা ২০০১ সালে কেনা। এর অর্ধেক আমার বাবার নামে আর বাকি অর্ধেক মায়ের নামে নিবন্ধন করা হয়েছিল। লোকমুখে শুনেছি যে মায়ের অবর্তমানে যে অংশটুকু মায়ের, তা থেকে আমার মামা বা খালারা নাকি পাবেন। আমি জানতে চাই, এ কথাটা কি সত্য?মো. নুরুজ্জামাননারায়ণগঞ্জ","আমি মা-বাবার একমাত্র সন্তান। বাবা মারা গেছেন। যে বাড়িতে আমি থাকি, সেটা বাবা ২০০১ সালে কিনেছিলেন। বাড়ির অর্ধেক বাবার নামে আর বাকি অর্ধেক মায়ের নামে রেজিস্ট্রি করা হয়েছিল। লোকের মুখে শুনেছি, মা মারা গেলে মায়ের ভাগের অংশ থেকে নাকি আমার মামা বা খালারা ভাগ পাবেন। আমি জানতে চাই, এই কথা কি সত্যি?",yes,Removed signature (name and district),Sorup
prot_0055_03,Sarwad,77,"দূরসম্পর্কের এক মামাতো ভাইয়ের সঙ্গে আমার খুব ভালো সম্পর্ক ছিল। এখন সেটা ভালোবাসার রূপ নিয়েছে। আমরা দুজন দুজনকে অনেক ভালোবাসি, কিন্তু আমাদের পরিবার এই সম্পর্ক মানবে না। এ অবস্থায় আমরা দুজন কাজি অফিস বা কাজির মাধ্যমে বিয়ে করতে চাইছি। আইনগতভাবে আমাদের বিয়ের বয়স হয়েছে। কাজি অফিস বা কাজির মাধ্যমে বিয়ে করতে কি কাগজপত্র লাগে এবং বিবাহ আইন অনুযায়ী এই বিয়ে সঠিক হবে কি না, যদি কোনো সমস্যা দেখা দেয়, তবে বিয়ে আইনত টিকবে কি না?নাম প্রকাশে অনিচ্ছুক","দূরসম্পর্কের এক মামাতো ভাইয়ের সঙ্গে আমার খুব ভালো সম্পর্ক ছিল। সেটা এখন ভালোবাসায় গড়িয়েছে। আমরা দুজন দুজনকে খুব ভালোবাসি, কিন্তু আমাদের পরিবার এই সম্পর্ক মেনে নেবে না। তাই আমরা কাজি অফিসে গিয়ে বা কাজির মাধ্যমে বিয়ে করতে চাইছি। আইন অনুযায়ী আমাদের বিয়ের বয়স হয়েছে। কাজি অফিসে বা কাজির মাধ্যমে বিয়ে করতে কী কী কাগজপত্র লাগে? বিয়ের আইন অনুযায়ী এই বিয়েটা ঠিক হবে কি না? আর পরে কোনো ঝামেলা হলে বিয়েটা আইনের চোখে টিকবে তো?",no,,Sorup
prot_0056_03,Sarwad,102,"আমার দাদা ২০০৪ সালে ফুফুর বিয়েতে খরচের জন্য দেড় বিঘা জমি পাশের গ্রামের এক লোকের কাছে বিক্রি করেন। তাঁর কাছে দাদা ৫০ হাজার টাকা পেতেন কিন্তু তখন তিনি মাত্র ৩০ হাজার টাকা ফেরত দেন। বাকি টাকা দিতে অসমর্থ হন। পরে দাদা আরও আড়াই বিঘা জমি বন্ধক রেখে টাকা জোগান। এই বছর লোকটি জমির দলিল নেওয়ার জন্য দাদার ওপর চাপ দিচ্ছেন কিন্তু আমার দাদা এখন তাঁকে জমি দিতে চান না। উল্লেখ্য, লোকটি ২০০৪ থেকে ২০১১ সাল পর্যন্ত জমিটি ভোগ করেন এবং বাকি টাকা না দেওয়ায় তাঁকে জমির দলিল বা অন্যান্য কাগজপত্র দেওয়া হয়নি। এখন লোকটি যদি মামলা করেন, তাহলে দাদা কী করতে পারেন?","২০০৪ সালে আমার দাদা ফুফুর বিয়ের খরচ জোগাতে পাশের গ্রামের এক লোকের কাছে দেড় বিঘা জমি বিক্রি করেন। ওই লোকের কাছ থেকে দাদার ৫০ হাজার টাকা পাওয়ার কথা, কিন্তু তখন তিনি দেন মাত্র ৩০ হাজার। বাকি টাকা আর দিতে পারেননি। পরে দাদাকে আরও আড়াই বিঘা জমি বন্ধক রেখে টাকা জোগাড় করতে হয়। এ বছর ওই লোক জমির দলিল নেওয়ার জন্য দাদাকে চাপ দিচ্ছেন, কিন্তু দাদা এখন আর তাঁকে জমি দিতে চান না। বলে রাখি, ২০০৪ থেকে ২০১১ সাল পর্যন্ত লোকটি জমিটা ভোগদখল করেছেন, আর বাকি টাকা না দেওয়ায় তাঁকে জমির দলিল বা অন্য কোনো কাগজ দেওয়া হয়নি। এখন লোকটি যদি মামলা করেন, তাহলে দাদা কী করতে পারেন?",no,,Sorup
prot_0058_04,Sarwad,129,"আমি স্নাতক প্রথম বর্ষে পড়ছি। দশম শ্রেণীতে পড়া অবস্থায় এক ছেলের সঙ্গে আমার সম্পর্ক হয়। মাধ্যমিক পরীক্ষার কিছুদিন আগে আমরা বিয়ে করি এবং এ কথা দুই পরিবারের কাছে গোপন রাখি। বিয়ের পরও ছেলেটির একাধিক মেয়ের সঙ্গে প্রেমের সম্পর্ক ছিল। অবশেষে আমি বাধ্য হয়ে ২০১০ সালের ডিসেম্বর মাসে তাকে তালাকনামা পাঠাই। তালাকনামায় আদালতের কোনো স্বাক্ষর ছিল না কিংবা কোনো নির্দেশনা ছিল না। দুর্ভাগ্যবশত, তালাকনামাটি তার বাসায় পৌঁছালেও ছেলেটি বাসায় না থাকায় তালাকনামাটি কাজি অফিসে ফেরত আসে। ২০১১ সালের আগস্ট মাসে তাকে জোর করে কাজি অফিসে নিয়ে সই করাই। উল্লেখ্য, ১৯৬১ সালের মুসলিম পারিবারিক আইনের ৭(১) ধারামতে, তালাকনামায় শুধু ইউপি-থানা কর্তৃক মুসলিম বিবাহ নিবন্ধকের সিল ছিল।কাজি আমাকে বলেছেন, তালাক হয়ে গেছে। কিন্তু ছেলেটি বলছে, তালাক দেওয়ার তিন মাসের মধ্যে তালাকনামায় স্বাক্ষর না করলে তালাক হয় না। কথাটি কি ঠিক?উত্তরানাম প্রকাশে অনিচ্ছুক","আমি অনার্স ফার্স্ট ইয়ারে পড়ি। ক্লাস টেনে পড়ার সময় একটা ছেলের সঙ্গে আমার সম্পর্ক হয়। এসএসসি পরীক্ষার কিছুদিন আগে আমরা বিয়ে করি, আর দুই পরিবারের কাছেই কথাটা লুকিয়ে রাখি। বিয়ের পরও ছেলেটা একাধিক মেয়ের সঙ্গে প্রেম করে বেড়াত। শেষে বাধ্য হয়ে ২০১০ সালের ডিসেম্বরে আমি তাকে তালাকনামা পাঠাই। তালাকনামায় আদালতের কোনো সই বা নির্দেশনা ছিল না। দুর্ভাগ্যক্রমে তালাকনামাটা তার বাসায় পৌঁছালেও সে বাসায় না থাকায় সেটা কাজি অফিসে ফেরত চলে আসে। ২০১১ সালের আগস্টে আমি তাকে জোর করে কাজি অফিসে নিয়ে গিয়ে সই করাই। উল্লেখ্য, ১৯৬১ সালের মুসলিম পারিবারিক আইনের ৭(১) ধারা অনুযায়ী তালাকনামায় শুধু ইউপি-থানার মুসলিম বিবাহ নিবন্ধকের সিল ছিল। কাজি আমাকে বলেছেন, তালাক হয়ে গেছে। কিন্তু ছেলেটা বলছে, তালাক দেওয়ার তিন মাসের মধ্যে তালাকনামায় সই না করলে নাকি তালাক হয় না। তার কথা কি ঠিক?",yes,Removed area name in signature,Sorup
prot_0059_05,Sarwad,184,"আমার বয়স ২৬ বছর। ২০০৪ সালে একটা ছেলের সঙ্গে আমার সম্পর্ক হয়। বিয়ের কথা বললে ছেলেটি বিভিন্ন সমস্যার কথা বলে এবং অনেক দেরিতে বিয়ে করবে বলে জানায়। একপর্যায়ে ২০০৭ সালের দিকে আমি তার সঙ্গে যোগাযোগ পুরোপুরি বন্ধ করে দিই। ২০১১ সালের ফেব্রুয়ারি মাসে তার সঙ্গে আমি যোগাযোগ করি। সে আমাকে জানায়, আজও সে আমাকে ভালোবাসে। আরও জানায়, সে এখনো বিয়ে করেনি। এর এক দিন পর একটি মেয়ে আমাকে ফোন করে তার স্ত্রীর পরিচয় দিয়ে বলে, আমি যেন ছেলেটির সঙ্গে আর কথা না বলি। এপ্রিল মাসের শেষের দিকে ছেলেটি আমাকে জানায়, স্ত্রীর সঙ্গে তার ডিভোর্স হয়ে গেছে। এর পর থেকে সে আবার নিয়মিত যোগাযোগ করে। আমার পরিবার থেকে বিয়ের জন্য জোরাজুরি করলে ব্যাপারটি আমি তাকে জানাই। সে জানায়, তার বিরুদ্ধে তার স্ত্রীর পক্ষ থেকে মামলা করা হয়েছে, যদিও সে আমাকে জানায়, দুই পক্ষ বসে দেনমোহরের টাকা ও ভরণপোষণের টাকা দিয়ে সমঝোতার মাধ্যমে ডিভোর্স হয়। আমার প্রশ্ন, সমঝোতার পরও কি মামলা করা যায়? ছেলেটি জানায়, তার পরিবার মামলাটি দেখছে এবং সে এক দিনও কোর্টে হাজিরা দেয়নি। আমি জানতে চাই, একটি মামলা শেষ হতে কত দিন সময় লাগে? মামলা চলাকালে কি আরেকটি বিয়ে করা সম্ভব?নাম প্রকাশে অনিচ্ছুক","আমার বয়স ২৬। ২০০৪ সালে একটা ছেলের সঙ্গে আমার সম্পর্ক হয়। বিয়ের কথা তুললেই সে নানা সমস্যার কথা বলত, আর বলত অনেক দেরিতে বিয়ে করবে। শেষে ২০০৭ সালের দিকে আমি তার সঙ্গে সব যোগাযোগ বন্ধ করে দিই। ২০১১ সালের ফেব্রুয়ারিতে আমি আবার তার সঙ্গে যোগাযোগ করি। সে জানায়, এখনো সে আমাকে ভালোবাসে, আর এখনো বিয়ে করেনি। এর এক দিন পরেই একটা মেয়ে আমাকে ফোন করে নিজেকে তার বউ বলে পরিচয় দেয়, আর বলে আমি যেন ছেলেটার সঙ্গে আর কথা না বলি। এপ্রিলের শেষ দিকে ছেলেটা জানায়, বউয়ের সঙ্গে তার ডিভোর্স হয়ে গেছে। তারপর থেকে সে আবার নিয়মিত যোগাযোগ রাখছে। বাড়ি থেকে বিয়ের জন্য চাপ দিলে আমি তাকে ব্যাপারটা জানাই। তখন সে বলে, তার বউয়ের পক্ষ থেকে তার নামে মামলা করা হয়েছে। অথচ সে আমাকে বলেছিল, দুই পক্ষ বসে দেনমোহর আর ভরণপোষণের টাকা দিয়ে মিটমাট করেই ডিভোর্স হয়েছে। আমার প্রশ্ন, মিটমাট হয়ে যাওয়ার পরও কি মামলা করা যায়? ছেলেটা বলছে, মামলাটা তার পরিবার দেখছে, সে নিজে একদিনও কোর্টে হাজিরা দেয়নি। আমি জানতে চাই, একটা মামলা শেষ হতে কত দিন লাগে? আর মামলা চলার সময় কি আরেকটা বিয়ে করা যায়?",no,,Sorup
prot_0061_03,Sarwad,147,"২০০৬ সালে আমার বিয়ে হয় পারিবারিকভাবেই। বিয়ের পর জানতে পারলাম, আমার স্বামীর পাঁচ লাখ টাকা ঋণ আছে। সে এই টাকা শোধ দেওয়ার জন্য আমার পরিবারকে চাপ দেয়। আমার পরিবারের পক্ষে এত টাকা দেওয়া অসম্ভব, এটা জানতে পারার পর সে এবং তার পরিবার মিলে আমাকে শারীরিক ও মানসিক নির্যাতন শুরু করে। আমার তিন বছরের একটি মেয়ে আছে। ওদের যন্ত্রণায় শ্বশুরবাড়িতে থাকা আমার পক্ষে অসম্ভব হয়ে ওঠে। আমি মেয়েকে নিয়ে বাবার বাসায় চলে এসেছি। এক বছর যাবৎ স্বামী আমাকে কোনো ভরণপোষণ দেয় না। আমি কোনো কাজে বের হলে তার পালিত কিছু বখাটে ছেলে খুব বিরক্ত করে। আমার নামে কুৎসা রটায়। আমি আর তার সংসার করতে চাই না। ভরণপোষণ চাইলে উল্টো ধমক দেয়। কীভাবে আমি আমার দেনমোহর ও ভরণপোষণের টাকা পেতে পারি? আইনগত কী উপায়ে আমি আমার মেয়েকে আমার কাছে রাখতে পারি, যাতে সে কখনো দাবি না করতে পারে? আমি কোথায় গেলে কম খরচে আইনগত সহায়তা পাব? নাম প্রকাশে অনিচ্ছুকচট্টগ্রাম","২০০৬ সালে পারিবারিকভাবে আমার বিয়ে হয়। বিয়ের পরে জানতে পারি, আমার স্বামীর পাঁচ লাখ টাকা দেনা আছে। সেই টাকা শোধ করার জন্য সে আমার পরিবারকে চাপ দিতে থাকে। আমার পরিবারের পক্ষে এত টাকা দেওয়া অসম্ভব, এটা জানার পর সে আর তার পরিবার মিলে আমার ওপর শারীরিক আর মানসিক নির্যাতন শুরু করে। আমার তিন বছরের একটা মেয়ে আছে। ওদের অত্যাচারে শ্বশুরবাড়িতে থাকা আমার পক্ষে অসম্ভব হয়ে যায়। তাই মেয়েকে নিয়ে বাবার বাসায় চলে এসেছি। এক বছর ধরে স্বামী আমাকে কোনো ভরণপোষণ দেয় না। কোনো কাজে বাইরে বের হলে তার পোষা কিছু বখাটে ছেলে আমাকে খুব জ্বালাতন করে, আমার নামে বদনাম ছড়ায়। আমি আর তার সংসার করতে চাই না। খরচ চাইলে উল্টো ধমক দেয়। আমার দেনমোহর আর ভরণপোষণের টাকা কীভাবে পেতে পারি? আইনের কোন পথে গেলে মেয়েকে আমার কাছে রাখতে পারব, যাতে সে কখনো মেয়েকে দাবি করতে না পারে? আর কম খরচে আইনি সাহায্য কোথায় গেলে পাব?",yes,Removed district in signature,Sorup
prot_0062_05,Sarwad,93,আমি একজন সরকারি চাকরিজীবী। ১৪ বছরের বিবাহিত জীবনে স্ত্রীকে নিয়ে খুব কষ্টে আছি। সে একরোখা এবং ঝগড়াটে। তিনবার সে আমাকে ও সন্তানদের ছেড়ে চলে যেতে চেয়েছে। উভয়ের পরিবার মিলে পারিবারিকভাবে সমাধান দিলেও তার মনঃপূত হয়নি। সামান্য কলহে সে আমাকে ও আমার মৃত মা-বাবাকে নিয়ে মন্দ কথা বলতে দ্বিধা করে না; যা আমার পক্ষে মেনে নেওয়া কঠিন। গত বছর ঈদের ছুটিতে বাড়িতে গিয়ে আগের কলহের জের ধরে সে বাপের বাড়িতে গিয়ে আর আসতে চায়নি। চাকরি ও সন্তানদের ভবিষ্যতের কথা চিন্তা করে কোনো সিদ্ধান্তে আসতে পারছি না। আমি কি তাকে কোনো উকিল নোটিশ পাঠাতে পারি?,"আমি সরকারি চাকরি করি। ১৪ বছরের বিবাহিত জীবনে বউকে নিয়ে খুব কষ্টে আছি। সে ভীষণ জেদি আর ঝগড়াটে। তিনবার সে আমাকে আর বাচ্চাদের ছেড়ে চলে যেতে চেয়েছে। দুই পরিবার মিলে বসে মিটমাট করে দিলেও তার মন ভরেনি। একটু ঝগড়া হলেই সে আমাকে আর আমার মৃত মা-বাবাকে নিয়ে বাজে কথা বলতে দ্বিধা করে না, যেটা মেনে নেওয়া আমার জন্য খুব কঠিন। গত বছর ঈদের ছুটিতে বাড়ি গেলে আগের ঝগড়ার জের ধরে সে বাপের বাড়ি চলে যায়, আর ফিরতে চায়নি। চাকরি আর বাচ্চাদের ভবিষ্যতের কথা ভেবে আমি কোনো সিদ্ধান্ত নিতে পারছি না। আমি কি তাকে একটা উকিল নোটিশ পাঠাতে পারি?",no,,Sorup
prot_0063_01,Sarwad,211,"আমার বয়স ২৩। একটি মেয়ের সঙ্গে আমার সম্পর্ক ছিল। আমাকে খুব ভালোবাসত। হঠাৎ একদিন আমার অজান্তে মেয়েটির এক প্রবাসী ছেলের সঙ্গে বিয়ে হয়। বিয়ের কিছুদিন পর তার স্বামী বিদেশ চলে যায়। মেয়েটির সঙ্গে আবার আমার সম্পর্ক হয়, শারীরিক সম্পর্কও হয়। মেয়েটির ইচ্ছে, সবার অজান্তে তাকে বিয়ে করি। কিন্তু আমি একমত ছিলাম না। আমি তাকে বলি, তুমি প্রথম স্বামীকে তালাক দাও, তারপর আমাদের বিয়ে। দুই বছর পর তার স্বামী ফিরে আসে। স্বামীর সঙ্গে শারীরিক কোনো সম্পর্ক না হওয়ায় পারিবারিক কলহ লেগেই থাকত। একপর্যায়ে সে বাপের বাড়িতে চলে যায়। আবার সে শ্বশুরবাড়িতে ফিরে আসে এবং সে স্বামীর ঘর করবে না বলে আমাকে কিছুদিন অপেক্ষায় থাকার জন্য বলে। আবার এক মাস পর আমাকে সে ফোন করে জানায়, সে অন্তঃসত্ত্বা, আমার সন্তান তার গর্ভে। সে বলে তাকে ভুলে যেতে, আমার সন্তান নিয়ে সে বেঁচে থাকতে চায়। আমি কথাটি তার মাকে জানাই। প্রথমে তিনি তা অস্বীকার করেন। পরে মেয়েকে জিজ্ঞেস করায় সে স্বীকার করে এবং ঘটনাটা কাউকে না জানানোর জন্য অনুরোধ করে। এ বছর জানুয়ারি মাসে তার একটি কন্যাসন্তান পৃথিবীতে আসে। বর্তমানে মেয়েটির বয়স আট মাস। শিশুটিকে দেখার জন্য আমার মন কাঁদে। কিন্তু তার মা শিশুটিকে ভুলে থাকতে বলেন এবং তার সঙ্গে কোনো যোগাযোগ না রাখার জন্য অনুরোধ জানান। এ বিষয়ে আমি কি কোনো আইনি ব্যবস্থা নিতে পারব? আমি কি শিশুটির বাবার অধিকার পাব?নাম প্রকাশে অনিচ্ছুককিশোরগঞ্জ","আমার বয়স ২৩। একটা মেয়ের সঙ্গে আমার সম্পর্ক ছিল, ও আমাকে খুব ভালোবাসত। হঠাৎ একদিন আমাকে না জানিয়েই এক প্রবাসী ছেলের সঙ্গে মেয়েটার বিয়ে হয়ে যায়। বিয়ের কিছুদিন পর তার স্বামী বিদেশে চলে যায়। তখন মেয়েটার সঙ্গে আমার আবার সম্পর্ক হয়, শারীরিক সম্পর্কও হয়। মেয়েটা চাইত, সবাইকে লুকিয়ে আমি তাকে বিয়ে করি। কিন্তু আমি তাতে রাজি ছিলাম না। তাকে বলেছিলাম, আগে প্রথম স্বামীকে তালাক দাও, তারপর আমরা বিয়ে করব। দুই বছর পর তার স্বামী দেশে ফিরে আসে। স্বামীর সঙ্গে কোনো শারীরিক সম্পর্ক না হওয়ায় সংসারে ঝগড়াঝাঁটি লেগেই থাকত। একপর্যায়ে সে বাপের বাড়ি চলে যায়। পরে আবার শ্বশুরবাড়িতে ফিরে এসে আমাকে বলে, সে স্বামীর ঘর করবে না, আমি যেন কিছুদিন অপেক্ষা করি। এক মাস পর সে ফোন করে জানায়, সে অন্তঃসত্ত্বা, পেটের বাচ্চাটা আমার। আর বলে, আমি যেন তাকে ভুলে যাই, আমার বাচ্চাকে নিয়েই সে বাঁচতে চায়। কথাটা আমি তার মাকে জানাই। প্রথমে তিনি মানতে চাননি। পরে মেয়েকে জিজ্ঞেস করলে সে স্বীকার করে, আর কাউকে না জানানোর জন্য অনুরোধ করে। এ বছরের জানুয়ারিতে তার একটা মেয়ে হয়েছে। বাচ্চাটার বয়স এখন আট মাস। বাচ্চাটাকে দেখার জন্য আমার মন কাঁদে। কিন্তু তার মা বাচ্চাটাকে ভুলে থাকতে বলেন, আর কোনো যোগাযোগ না রাখার অনুরোধ করেন। এ ব্যাপারে কি আমি কোনো আইনি ব্যবস্থা নিতে পারব? বাচ্চাটার বাবা হিসেবে কি আমি কোনো অধিকার পাব?",yes,Removed district in signature,Sorup
prot_0064_03,Sarwad,207,"পারিবারিকভাবেই ২০০৭ সালে আমাদের বিয়ে হয়। তিন লাখ টাকায় কাবিন হয় এবং পাঁচ ভরি স্বর্ণ দেওয়ার শর্ত ছিল। কিন্তু বিয়ের কিছুদিন যাওয়ার পর আমার স্বামী, শাশুড়ি ও পাশের বাড়িতে বিয়ে দেওয়া আমার ননদের অত্যাচারে আমার জীবন অতিষ্ঠ হয়ে উঠল। স্বর্ণ না দিয়ে আমার বাবার কাছ থেকে ২৫ হাজার টাকা উল্টো ধার নিল, যা এখনো শোধ করেনি। আমার একটা মেয়েও আছে। কিন্তু সম্প্রতি আমার স্বামীর অত্যাচার সীমা ছাড়িয়ে গেছে। সামান্য কথায় সে আমাকে মারধর করে। আমার দেবরও আমার গায়ে হাত তুলেছে। আমার শাশুড়ি ও ননদ সর্বদা আমার স্বামীকে খ্যাপায় এবং মিথ্যা বলে আমার থেকে দূরে রাখে। তবু আমার স্বামী-সন্তানকে আমি ভালোবাসি। কিন্তু এখন মনে হচ্ছে এটা আর সম্ভব নয়। কারণ, আমার স্বামী কিছুদিন আগে আমাকে বেদম পেটায়। বলে, ‘তোকে শুধু মারব, কিন্তু তালাক দেব না। পারলে নিজে তালাক দিয়ে যা।’ মুসলিম আইনে আমি যদি তালাক দিই, তাহলে কি মোহরানা পাব? উল্লেখ্য, আমার স্বামীর পক্ষ স্বর্ণ দেবে বলে এক লাখ টাকা উসুল নিয়েছে কিন্তু স্বর্ণ দেয়নি। আমার মেয়ের বর্তমান বয়স চার বছরের কাছাকাছি। আমার বাবা-মা তো আমাকে অন্যত্র বিয়ে দেবেন বলছেন এবং আমার মেয়েকে তাঁরা কিছুতেই আনবেন না। এ ক্ষেত্রে মেয়ে রেখে এলে আমি কি কোনো আইনি জটিলতায় পড়ব? এ ছাড়া যদি স্বামীর ঘরে থেকেই যাই, তবে আমার ওপর অত্যাচারের প্রতি কী ধরনের আইনি সহায়তা পেতে পারি? জোবেদা খাতুনকুমিল্লা","২০০৭ সালে পারিবারিকভাবে আমাদের বিয়ে হয়। তিন লাখ টাকার কাবিন হয়, আর শর্ত ছিল পাঁচ ভরি সোনা দেওয়া হবে। কিন্তু বিয়ের কিছুদিন পর থেকেই স্বামী, শাশুড়ি আর পাশের বাড়িতে বিয়ে হওয়া ননদের অত্যাচারে আমার জীবন অতিষ্ঠ হয়ে ওঠে। সোনা তো দেয়ইনি, উল্টো আমার বাবার কাছ থেকে ২৫ হাজার টাকা ধার নিয়েছে, যা এখনো শোধ করেনি। আমার একটা মেয়েও আছে। কিছুদিন হলো স্বামীর অত্যাচার সব সীমা ছাড়িয়ে গেছে। ছোটখাটো কথাতেই সে আমাকে মারধর করে। আমার দেবরও আমার গায়ে হাত তুলেছে। শাশুড়ি আর ননদ সবসময় স্বামীকে খেপিয়ে দেয়, মিথ্যা বলে তাকে আমার কাছ থেকে দূরে সরিয়ে রাখে। তবুও আমি স্বামী আর মেয়েকে ভালোবাসি। কিন্তু এখন মনে হচ্ছে আর সম্ভব না। কারণ কিছুদিন আগে স্বামী আমাকে বেধড়ক পিটিয়েছে। বলে, ‘তোকে শুধু মারব, কিন্তু তালাক দেব না। পারলে নিজেই তালাক দিয়ে চলে যা।’ মুসলিম আইনে আমি যদি তালাক দিই, তাহলে কি মোহরানা পাব? বলে রাখি, সোনা দেবে বলে স্বামীর পক্ষ এক লাখ টাকা উসুল ধরে নিয়েছে, কিন্তু সোনা দেয়নি। আমার মেয়ের বয়স এখন চার বছরের কাছাকাছি। আমার মা-বাবা বলছেন আমাকে অন্য জায়গায় বিয়ে দেবেন, আর মেয়েকে কিছুতেই সঙ্গে আনবেন না। এক্ষেত্রে মেয়েকে রেখে চলে এলে কি আমি কোনো আইনি ঝামেলায় পড়ব? আর যদি স্বামীর ঘরেই থেকে যাই, তাহলে আমার ওপর এই অত্যাচারের বিরুদ্ধে কী ধরনের আইনি সাহায্য পেতে পারি?",yes,Removed signature (name and district),Sorup
prot_0065_03,Sarwad,193,"আমার বয়স ২২ বছর। আমি স্নাতক দ্বিতীয় বর্ষে পড়ছি। যার সঙ্গে সম্পর্ক, সে আমার দূরসম্পর্কের আত্মীয়। সম্পর্ক শুরু হয় ২০০৯ সালে। কিছুদিনের মধ্যে তা জানাজানি হয়ে যায়। তখনই বুঝতে পারি, আমার পরিবার কখনোই এই সম্পর্ক মেনে নেবে না। ওর বাড়ি থেকে বিয়ের চাপ আসতে থাকে। তাই আমরা দুজনে লুকিয়ে বিয়ের সিদ্ধান্ত নিই। বিয়ে হয় ২০১০ সালের সেপ্টেম্বর মাসে একটা কাজি অফিসে। কাজি আমাদের ৫০ টাকার দুটি স্ট্যাম্পে দুজনের সই করিয়ে এবং সই দিয়ে দেন। স্ট্যাম্পে কোর্টের সিল দেওয়া ও লেখা ছিল। কিন্তু কোনো কাবিননামা দেননি। কাগজ দুটি আমি ওর কাছে রেখে দিই। বিয়ের এক দিন পরেই জানাজানি হয়ে যায় এবং আমাকে বাড়ি থেকে বের করে দেয়। আমি ওদের বাসায় ওকে রেখে আসি এবং বলে আসি, কিছুদিনের মধ্যে একটা ব্যবস্থা হয়ে যাবে। এর চার-পাঁচ মাস পরে ওদের বাড়ি থেকে আমাকে চাপ দেয়, ওকে ওখান থেকে নিয়ে আসতে হবে। আমি কোনো কাজ করি না, তাই ওকে ওখানেই থাকতে বলি। কিন্তু ও রাজি হচ্ছে না বরং ওর কাছে যে কাগজ আছে, ওটা দিয়ে আমাকে মামলা করার হুমকি দিচ্ছে। আমার বাড়ি থেকে মামলার কথা শুনে আমাকে বলেছে, মামলা করলে ওকে তালাক দিতে হবে।তারা যদি মামলা করে, তাহলে কি আমি মামলা চলাকালীন ওকে তালাক দিতে পারব?নাম প্রকাশে অনিচ্ছুক","আমার বয়স ২২, অনার্স সেকেন্ড ইয়ারে পড়ি। যার সঙ্গে আমার সম্পর্ক, সে আমার দূরসম্পর্কের আত্মীয়। ২০০৯ সালে সম্পর্ক শুরু হয়। কিছুদিনের মধ্যেই ব্যাপারটা জানাজানি হয়ে যায়। তখনই বুঝে যাই, আমার পরিবার কোনোদিন এই সম্পর্ক মেনে নেবে না। এদিকে ওর বাড়ি থেকে বিয়ের চাপ আসতে থাকে। তাই আমরা দুজন লুকিয়ে বিয়ে করার সিদ্ধান্ত নিই। ২০১০ সালের সেপ্টেম্বরে একটা কাজি অফিসে বিয়ে হয়। কাজি ৫০ টাকার দুটো স্ট্যাম্পে আমাদের দুজনের সই নেন, নিজেও সই করে দেন। স্ট্যাম্পে কোর্টের সিল মারা ছিল, লেখাও ছিল। কিন্তু কোনো কাবিননামা দেননি। কাগজ দুটো আমি ওর কাছেই রেখে দিই। বিয়ের এক দিন পরেই জানাজানি হয়ে যায়, আর আমাকে বাড়ি থেকে বের করে দেওয়া হয়। আমি ওকে ওদের বাসায় রেখে আসি, বলে আসি কিছুদিনের মধ্যেই একটা ব্যবস্থা হয়ে যাবে। এর চার-পাঁচ মাস পর ওদের বাড়ি থেকে আমাকে চাপ দিতে থাকে, ওকে ওখান থেকে নিয়ে আসতে হবে। আমি কোনো কাজ করি না, তাই ওকে ওখানেই থাকতে বলি। কিন্তু ও রাজি হচ্ছে না, উল্টো ওর কাছে যে কাগজ আছে সেটা দিয়ে আমার নামে মামলা করার হুমকি দিচ্ছে। মামলার কথা শুনে আমার বাড়ি থেকে বলেছে, মামলা করলে ওকে তালাক দিতে হবে। ওরা যদি মামলা করে, তাহলে মামলা চলার মধ্যেই কি আমি ওকে তালাক দিতে পারব?",no,,Sorup
prot_0066_02,Sarwad,106,"আমার এক আত্মীয় সরকারি চাকরি করতেন, বর্তমানে পেনশন পাচ্ছেন। আমার কাছ থেকে কয়েক দফায় দুই লাখ ৮৮ হাজার টাকা নেন ভারতে ব্যবসা করবেন বলে; পরে এক দফায় ৩৫ হাজার টাকা দেন। বাকি টাকা আর ফেরত দিচ্ছেন না। তিনি ভারতের নাগরিকত্ব নিয়েছেন। বেশির ভাগ সময় সেখানেই থাকেন। শুধু পেনশনের টাকা ওঠানোর জন্য বাংলাদেশে আসেন। দেখাও করেন না। এখন আমি এই টাকার জন্য কীভাবে আইনি ব্যবস্থা নিতে পারি। দ্বৈত নাগরিকত্ব নিয়েও তিনি বাংলাদেশ সরকারের পেনশন নিচ্ছেন। নিজের সব অর্থসম্পদ ভারত নিয়ে গেছেন। এ অবস্থায় দেশের অর্থসম্পদ ভিন্ন দেশে স্থানান্তরের জন্য কোনো শাস্তি হবে কি না? তিনি আইনগতভাবে সরকারি পেনশন পান কি না? তিনি সোনালী ব্যাংকের মাধ্যমে পেনশন তুলছেন","আমার এক আত্মীয় সরকারি চাকরি করতেন, এখন পেনশন পান। ভারতে ব্যবসা করবেন বলে কয়েক দফায় তিনি আমার কাছ থেকে দুই লাখ ৮৮ হাজার টাকা নেন, পরে এক দফায় ৩৫ হাজার টাকা ফেরত দেন। বাকি টাকা আর দিচ্ছেন না। তিনি ভারতের নাগরিকত্ব নিয়ে নিয়েছেন, বেশির ভাগ সময় সেখানেই থাকেন। শুধু পেনশনের টাকা তুলতে বাংলাদেশে আসেন, দেখাও করেন না। এখন এই টাকার জন্য আমি কীভাবে আইনি ব্যবস্থা নিতে পারি? দ্বৈত নাগরিকত্ব নিয়েও তিনি বাংলাদেশ সরকারের পেনশন নিচ্ছেন। নিজের সব টাকাপয়সা-সম্পদ ভারতে নিয়ে গেছেন। এভাবে দেশের টাকা-সম্পদ অন্য দেশে সরিয়ে নেওয়ার জন্য কি কোনো শাস্তি হবে? আইন অনুযায়ী কি তিনি সরকারি পেনশন পেতে পারেন? তিনি একটা সরকারি ব্যাংক থেকে পেনশন তুলছেন",yes,Replaced the bank's name with a generic stand-in,Sorup
prot_0067_01,Sarwad,158,"স্বামীর দ্বিতীয় বিয়ে এবং দাম্পত্য কলহের কারণে আমি গত বছরের ১৮ মে নোটারি পাবলিকের মাধ্যমে আমার স্বামীকে তালাক দিই। আমাদের এক ছেলে ও এক মেয়ে। তালাক দেওয়ার পর থেকে আমার স্বামী আমাকে আমার সন্তানদের সঙ্গে যোগাযোগ করতে দিচ্ছে না। আমার ছেলের বয়স ১১ বছর এবং মেয়ের বয়স ৯ বছর। বর্তমানে আমি একটি পোশাক প্রস্তুতকারক প্রতিষ্ঠানে কর্মরত। অন্য একজনের সঙ্গে বিবাহবন্ধনে আবদ্ধ হয়েছি। আমি চাই, সন্তানেরা আমার কাছে থেকে ভালোভাবে পড়ালেখা করুক। এ ব্যাপারে আমার বর্তমান স্বামীও একমত। কিন্তু আমার প্রথম স্বামী কোনোভাবেই ছেলেমেয়ের সঙ্গে আমাকে যোগাযোগ করতে দিচ্ছেন না। একবার আমি আমার সন্তানদের সঙ্গে দেখা করতে গেলে তিনি আমার সঙ্গে খারাপ ব্যবহার করেন। এমনকি অপহরণকারী বলে আমার নামে স্থানীয় থানায় সাধারণ ডায়েরি করেছেন এবং আমার মা-বাবাকেও শারীরিকভাবে লাঞ্ছনা এবং তাঁদের নামে থানায় মামলা করবে বলে হুমকি দিয়েছেন। আমার প্রথম স্বামীর একটাই কথা, সন্তানদের কোনো দিন আমার সঙ্গে কোনোরকম যোগাযোগ ও সম্পর্ক রাখতে দেবেন না। সন্তানদের পড়ালেখা ও দেখাশোনার দায়িত্ব নিতে কীভাবে আইনগত ব্যবস্থা নেওয়া যায়? নাম প্রকাশে অনিচ্ছুক","স্বামী দ্বিতীয় বিয়ে করায় আর সংসারে অশান্তির কারণে গত বছরের ১৮ মে আমি নোটারি পাবলিকের মাধ্যমে তাকে তালাক দিই। আমাদের এক ছেলে আর এক মেয়ে। তালাকের পর থেকে আমার স্বামী বাচ্চাদের সঙ্গে আমাকে যোগাযোগ করতে দিচ্ছে না। ছেলের বয়স ১১, মেয়ের ৯। এখন আমি একটা পোশাক তৈরির কারখানায় চাকরি করি। আরেকজনকে বিয়েও করেছি। আমি চাই বাচ্চারা আমার কাছে থেকে ভালোভাবে পড়াশোনা করুক। আমার এখনকার স্বামীও এতে একমত। কিন্তু আগের স্বামী কোনোভাবেই বাচ্চাদের সঙ্গে আমাকে যোগাযোগ করতে দিচ্ছে না। একবার বাচ্চাদের দেখতে গেলে সে আমার সঙ্গে খুব খারাপ ব্যবহার করে। এমনকি আমাকে অপহরণকারী বলে থানায় আমার নামে জিডি করেছে, আর আমার মা-বাবাকেও শারীরিকভাবে লাঞ্ছিত করা আর তাঁদের নামে থানায় মামলা করার হুমকি দিয়েছে। আগের স্বামীর এক কথা, বাচ্চাদের সে কোনোদিন আমার সঙ্গে কোনো যোগাযোগ বা সম্পর্ক রাখতে দেবে না। বাচ্চাদের পড়াশোনা আর দেখাশোনার দায়িত্ব নিতে আমি আইনিভাবে কী ব্যবস্থা নিতে পারি?",no,,Sorup
prot_0068_05,Sarwad,126,"আমি বিবাহিত। একটি মেয়ে আছে। আমি আমার ছোট দেবরকে ভালোবাসি। কিছুদিন আগে আমার স্বামী বিষয়টি জেনে যায়। বিষয়টি নিয়ে অনেকবার তার সঙ্গে আমার ঝগড়াঝাঁটি হয়েছে। সে প্রথমে আমাকে তালাক দিতে চেয়েছিল। আমি ক্ষমা চাইলে সম্পর্ক স্বাভাবিক হয়। কিন্তু এখন কথায় কথায় আমার সঙ্গে পুরোনো কথা নিয়ে ঝগড়া করে, সন্দেহ করে। এখন আমি তালাক চাইলেও সে আমাকে তালাক দিতে চায় না। পারলে নিজে তালাক নিয়ে চলে যেতে বলে। আমি আমার দেবরকে ভুলতে পারছি না। তাকে খুব ভালোবাসি। তাকে সবকিছু খুলে বলেছি। সে বলে, বড় ভাই বেঁচে থাকতে আমাদের বিয়ে করা সম্ভব নয়। এখন আমি কী করব সিদ্ধান্ত নিতে পারছি না। প্রতিনিয়ত সে সন্দেহ করে। ছোটখাটো বিষয় নিয়ে ঝগড়া হয়। তালাক দিলে আমার মেয়েকে কাছে পাব কি? আমার স্বামী মেয়েকে আমার কাছে দিতে চায় না। নাম প্রকাশে অনিচ্ছুকনাটোর","আমি বিবাহিত, একটা মেয়ে আছে। আমি আমার ছোট দেবরকে ভালোবাসি। কিছুদিন আগে আমার স্বামী ব্যাপারটা জেনে যায়। এ নিয়ে তার সঙ্গে আমার অনেকবার ঝগড়াঝাঁটি হয়েছে। প্রথমে সে আমাকে তালাক দিতে চেয়েছিল। আমি মাফ চাওয়ার পর সম্পর্কটা আবার স্বাভাবিক হয়। কিন্তু এখন কথায় কথায় পুরোনো কথা তুলে ঝগড়া করে, সন্দেহ করে। এখন আমি তালাক চাইলেও সে তালাক দিতে চায় না। বলে, পারলে নিজে তালাক নিয়ে চলে যাও। আমি দেবরকে ভুলতে পারছি না, তাকে খুব ভালোবাসি। তাকে সব খুলে বলেছি। সে বলে, বড় ভাই বেঁচে থাকতে আমাদের বিয়ে করা সম্ভব না। এখন কী করব, কিছুই ঠিক করতে পারছি না। স্বামী সারাক্ষণ সন্দেহ করে, ছোটখাটো বিষয় নিয়ে ঝগড়া হয়। তালাক দিলে কি আমি মেয়েকে আমার কাছে পাব? আমার স্বামী মেয়েকে আমার কাছে দিতে চায় না।",yes,Removed district in signature,Sorup
prot_0070_05,Sarwad,175,"আমি ২০০৯ সালে একটি ছেলেকে পছন্দ করে বিয়ে করি। বিয়ে হয় একজন উকিল ও নোটারি পাবলিকের অফিসে। বিয়ের আগে সে আমাকে কথা দেয়, বিয়ের ব্যাপারটা কেউ জানবে না। যেহেতু সে শিক্ষিত, তাই ভালো একটা চাকরি করবে, যাতে আমার পরিবার তাকে মেনে নেয়। কারণ, আমি একজন সরকারি চাকরিজীবী। কিন্তু বিয়ের দুই দিন পরই তার পক্ষ থেকে বিয়ের কথা সবাইকে জানানো হয়। সে আমাকে অন্য একটি ছেলেকে নিয়ে মিথ্যা সন্দেহ করে হুমকি দিচ্ছে এবং পরিচিত সবার কাছে বাজে কথা বলে বেড়াচ্ছে। আমার পরিবার এমনিতেই তার কাছে বিয়ে দিতে রাজি নয়। তার মধ্যে ওর এই ব্যবহার দেখে আইনের আশ্রয় নিতে চাইছে। যেহেতু সে আমার সঙ্গে প্রতারণা করেছে এবং চাকরিও করছে না। সব চেয়ে বড় কথা, আমাকে হুমকি দিচ্ছে। তাই আমি আর তার সঙ্গে সম্পর্ক রাখতে চাইছি না। আমার পরিবার আমাকে অন্যত্র বিয়ে দিতে চাইছে। আমিও রাজি। আমি হিন্দু ধর্মাবলম্বী। তাকে কীভাবে তালাক দিতে পারি? বিয়ের মূল কাগজ আমার কাছে, তার কাছে কোনো কপি আছে কি না, জানি না। থাকলে কি সে কোনো ক্ষতি করতে পারবে? তালাক না দিয়ে কি আমি অন্য জায়গায় বিয়ে করতে পারব? নাম প্রকাশে অনিচ্ছুকসিলেট","২০০৯ সালে আমি নিজের পছন্দে একটা ছেলেকে বিয়ে করি। বিয়েটা হয় এক উকিল ও নোটারি পাবলিকের অফিসে। বিয়ের আগে সে কথা দিয়েছিল, বিয়ের কথা কেউ জানবে না। সে শিক্ষিত, তাই একটা ভালো চাকরি জোগাড় করবে, যাতে আমার পরিবার তাকে মেনে নেয়। কারণ আমি নিজে সরকারি চাকরি করি। কিন্তু বিয়ের দুই দিন পরেই তার দিক থেকে সবাইকে বিয়ের কথা জানিয়ে দেওয়া হয়। অন্য একটা ছেলেকে জড়িয়ে সে আমাকে মিথ্যা সন্দেহ করে হুমকি দিচ্ছে, আর চেনাজানা সবার কাছে আমার নামে বাজে কথা বলে বেড়াচ্ছে। আমার পরিবার এমনিতেই তার সঙ্গে বিয়েতে রাজি ছিল না। তার ওপর ওর এই আচরণ দেখে তারা আইনের আশ্রয় নিতে চাইছে। কারণ সে আমাকে ঠকিয়েছে, চাকরিও করছে না। সবচেয়ে বড় কথা, আমাকে হুমকি দিচ্ছে। তাই আমি আর তার সঙ্গে সম্পর্ক রাখতে চাই না। আমার পরিবার আমাকে অন্য জায়গায় বিয়ে দিতে চাইছে, আমিও রাজি। আমি হিন্দু। তাকে আমি কীভাবে তালাক দিতে পারি? বিয়ের আসল কাগজ আমার কাছে আছে, তার কাছে কোনো কপি আছে কি না জানি না। থাকলে কি সে আমার কোনো ক্ষতি করতে পারবে? তালাক না দিয়ে কি আমি অন্য জায়গায় বিয়ে করতে পারব?",yes,Removed district in signature,Sorup
prot_0072_05,Sarwad,94,"আমি হিন্দু ধর্মাবলম্বী, একটা বেসরকারি প্রতিষ্ঠানে চাকরি করি। আমি তিন বছর ধরে একটি বিবাহিত মেয়েকে ভালোবাসি, সেও আমাকে খুব ভালোবাসে। তার স্বামী মাদকাসক্ত। প্রায়ই তাকে নির্যাতন করে, কিছুদিন আগে আমাদের সম্পর্কের কথা দুই পরিবারে জেনে যায়। তার পর থেকে তার স্বামীর নির্যাতন আরও বেড়ে গেছে। এখন মেয়েটি আমাকে চাপ দিচ্ছে তাকে বিয়ে করার জন্য, কিন্তু কোনোমতেই রাজি করাতে পারছি না আমার মা-বাবাকে। এখন সে আমাকে বলছে পালিয়ে গিয়ে বিয়ে করার জন্য। নতুবা স্বামীর ঘর ছেড়ে সরাসরি আমার ঘরে চলে আসবে। আমিও তাকে জীবনসঙ্গী হিসেবে পেতে চাই। এমন অবস্থায় আমার করণীয় কী? নাম প্রকাশে অনিচ্ছুককিশোরগঞ্জ","আমি হিন্দু, একটা বেসরকারি অফিসে চাকরি করি। তিন বছর ধরে আমি এক বিবাহিত মেয়েকে ভালোবাসি, সেও আমাকে খুব ভালোবাসে। তার স্বামী নেশাখোর, প্রায়ই তার ওপর অত্যাচার করে। কিছুদিন আগে আমাদের সম্পর্কের কথা দুই পরিবারই জেনে গেছে। তারপর থেকে স্বামীর অত্যাচার আরও বেড়ে গেছে। এখন মেয়েটা তাকে বিয়ে করার জন্য আমাকে চাপ দিচ্ছে, কিন্তু আমি কিছুতেই আমার মা-বাবাকে রাজি করাতে পারছি না। এখন সে বলছে পালিয়ে গিয়ে বিয়ে করতে, না হলে স্বামীর ঘর ছেড়ে সোজা আমার ঘরে চলে আসবে। আমিও তাকে জীবনসঙ্গী হিসেবে পেতে চাই। এই অবস্থায় আমার কী করা উচিত?",yes,Removed district in signature,Sorup
prot_0075_02,Sarwad,110,"আমার দাদার সঙ্গে বিয়ে হওয়ার আগে দাদির আর একটি বিয়ে হয়েছিল। সেখানে একটা ছেলের জন্ম হয়েছিল। ছেলেটির জন্মের পর দাদির তালাক হয়ে যায়। তারপর আমার দাদার সঙ্গে বিয়ে হয়। বিয়ে হওয়ার পর আমার বাবা এবং পাঁচ ফুপুর জন্ম হয়। এবং দাদির আগের পক্ষের ছেলেটাও দাদির বিয়ের সময় দাদির সঙ্গে চলে আসে। আমার দাদা আপন ছেলের মতো তার ভরণপোষণ করেন। সেই ছেলেটি তাঁর তিন ছেলে ও এক মেয়ে রেখে ১৯৮৮ সালে মারা যান। তারপর আমার দাদা ২০০০ সালে ৩০ শতাংশ জমি দাদিকে লিখে দেন। দাদি গত ফেব্রুয়ারি মাসে মারা যান। আমার প্রশ্ন হলো, দাদির নামে থাকা ৩০ শতাংশ জমির বণ্টন কীভাবে হবে? দাদির আগের পক্ষের ছেলের উত্তরাধিকারীরা কি এই জমি পাবে?","দাদার সঙ্গে বিয়ের আগে আমার দাদির আরেকটা বিয়ে হয়েছিল। সেই ঘরে একটা ছেলে হয়। ছেলেটা জন্মানোর পর দাদির তালাক হয়ে যায়। তারপর দাদার সঙ্গে দাদির বিয়ে হয়। বিয়ের পর আমার বাবা আর পাঁচ ফুপুর জন্ম হয়। দাদির আগের ঘরের ছেলেটাও বিয়ের সময় দাদির সঙ্গে চলে এসেছিল। দাদা তাকে নিজের ছেলের মতোই লালনপালন করেন। সেই ছেলে ১৯৮৮ সালে তিন ছেলে আর এক মেয়ে রেখে মারা যান। এরপর ২০০০ সালে দাদা ৩০ শতাংশ জমি দাদির নামে লিখে দেন। দাদি গত ফেব্রুয়ারিতে মারা গেছেন। আমার প্রশ্ন, দাদির নামে থাকা ওই ৩০ শতাংশ জমি কীভাবে ভাগ হবে? দাদির আগের ঘরের ছেলের ওয়ারিশরা কি এই জমির ভাগ পাবে?",no,,Sorup
prot_0076_03,Sarwad,170,"আমি বর্তমানে একটা চার্টার্ড অ্যাকাউনট্যান্সি (সিএ) প্রতিষ্ঠানে শিক্ষানবিশ হিসেবে কাজ করছি। আমরা দুই ভাই ও পাঁচ বোন। আমার বাবা মারা যাওয়ার আগে তাঁর ভাতিজা মানে আমার চাচাতো ভাইয়ের সঙ্গে সম্পত্তির এক জটিল হিসাব রেখে যান। চাচাতো ভাইয়ের সম্পত্তির দুই পাশে আমাদের সম্পত্তি ছিল। কিন্তু তিনি তাঁর সম্পত্তি বিক্রি করে দেন। ওই ক্রেতা দুই দিকে আমাদের সম্পত্তি থাকায়, তা কিনতে অসম্মতি জানান। আমার বাবা তাঁর ভাতিজাকে ছোটবেলা থেকে খুবই ভালোবাসতেন। তাই তিনি তাঁর ভাতিজাকে নিজের সম্পত্তি অর্থাৎ এক পাশের আড়াই শতাংশ তাঁকে লিখে দেন কিন্তু ভাতিজার কাছ থেকে আড়াই শতাংশ লিখে নেননি। কথা ছিল, সম্পত্তি এজবদল করা হবে। কিন্তু বাবার ভাতিজা আমাদের সম্পত্তি আড়াই শতাংশ বিক্রি করে দিয়েছেন। কিন্তু এজবদলের আড়াই শতাংশ এখনো তিনি দেননি। ওই আড়াই শতাংশ জমি বিক্রির বায়না বাবদ দাম ধরা ছিল ৫০ হাজার টাকা, কিন্তু বর্তমানে জমির মূল্য বেশি হওয়ায় তিনি জমি না দিয়ে বায়না টাকা ফেরত দিতে চান। বিভিন্ন সময় তিনি ভয়ভীতি প্রদর্শন করেন এবং বলেন, তিনি আমাদের সম্পত্তি নেননি। দখল করা জায়গায় তিনি ঘর নির্মাণ করে আছেন। এ ব্যাপারে আমরা আইনের কী সহায়তা পেতে পারি?","আমি এখন একটা চার্টার্ড অ্যাকাউন্ট্যান্সি (সিএ) ফার্মে শিক্ষানবিশ হিসেবে কাজ করছি। আমরা দুই ভাই, পাঁচ বোন। বাবা মারা যাওয়ার আগে তাঁর ভাতিজা, মানে আমার চাচাতো ভাইয়ের সঙ্গে সম্পত্তির একটা জটিল হিসাব রেখে গেছেন। চাচাতো ভাইয়ের জমির দুই পাশে আমাদের জমি ছিল। কিন্তু তিনি তাঁর জমি বিক্রি করে দেন। দুই দিকে আমাদের জমি থাকায় ওই ক্রেতা সেটা কিনতে রাজি হননি। বাবা ছোটবেলা থেকেই ভাতিজাকে খুব ভালোবাসতেন। তাই তিনি নিজের এক পাশের আড়াই শতাংশ জমি ভাতিজার নামে লিখে দেন, কিন্তু ভাতিজার কাছ থেকে আড়াই শতাংশ লিখে নেননি। কথা ছিল, জমি এওয়াজ বদল করা হবে। কিন্তু বাবার ভাতিজা আমাদের ওই আড়াই শতাংশ জমি বেচে দিয়েছেন, অথচ বদলের আড়াই শতাংশ এখনো দেননি। ওই আড়াই শতাংশ জমি বিক্রির বায়না বাবদ দাম ধরা হয়েছিল ৫০ হাজার টাকা, কিন্তু এখন জমির দাম বেড়ে যাওয়ায় তিনি জমি না দিয়ে বায়নার টাকা ফেরত দিতে চাইছেন। মাঝেমধ্যেই তিনি ভয়ভীতি দেখান, আর বলেন তিনি নাকি আমাদের কোনো সম্পত্তি নেননি। দখল করা জায়গায় তিনি ঘর তুলে আছেন। এ ব্যাপারে আমরা আইনের কী সাহায্য পেতে পারি?",no,The land-swap story is confusing in the original; paraphrased closely without resolving it,Sorup
prot_0077_07,Sarwad,144,"আমার বাবার দুই ভাই। আমরাও দুই ভাই। আমি ফেনী সরকারি বিশ্ববিদ্যালয়ে পড়ছি। আমাদের পদবি আমার দাদুর (বাবার বাবা) পদবি থেকে ভিন্ন হয়েছে। যখন মাধ্যমিক বিদ্যালয়ে পড়াশোনা করি, তখন সনদপত্রে ভুলের কারণে এটা হয়েছিল। তারপর জাতীয় পরিচয়পত্র ও সনদপত্র অনুসারে করা হয়েছে এবং মা-বাবারও আমাদের অনুসারে পরিচয়পত্র করা হয়েছে। কিন্তু দাদুদের আগের পদবি অনুসারে জাতীয় পরিচয়পত্র হয়েছে। এখন প্রশ্ন হলো—পড়াশোনা শেষে চাকরির জন্য জীবনবৃত্তান্তসংক্রান্ত কোনো সমস্যা হবে কি না? দাদুর মৃত্যুর পর জমির ভাগবাটোয়ারা সম্পর্কে কোনো সমস্যা হবে কি না? আমার বাবা নতুন জাতীয় পরিচয়পত্র হওয়ার আগে অর্থাৎ আগের পদবি অনুসারে সামান্য পরিমাণ জমি কিনেছিলেন এবং বর্তমান পদবি অনুসারে কিছুটা জমি কিনতে যাচ্ছেন। এমন পরিস্থিতির জন্য পরবর্তী সময় ওই দুই ধরনের জমি নিয়ে কোনো সমস্যা হবে কি না? আমাকে অনেকে বলেছে, কোর্টে এফিডেভিট করতে। এটি করলে কি সব সমস্যার সমাধান হবে? এটির সুবিধা বা কী? আর এটি করতে কেমন খরচ হতে পারে? নাম প্রকাশে অনিচ্ছুক","আমার বাবার দুই ভাই। আমরাও দুই ভাই। আমি একটা সরকারি বিশ্ববিদ্যালয়ে পড়ি। আমাদের পদবি আমার দাদুর (বাবার বাবা) পদবি থেকে আলাদা হয়ে গেছে। মাধ্যমিক স্কুলে পড়ার সময় সার্টিফিকেটে ভুল হওয়ায় এমনটা হয়েছে। পরে জাতীয় পরিচয়পত্রও সার্টিফিকেট অনুযায়ী করা হয়েছে, আর মা-বাবার পরিচয়পত্রও আমাদের পদবি মিলিয়ে করা হয়েছে। কিন্তু দাদুদের পরিচয়পত্র হয়েছে আগের পদবিতেই। এখন প্রশ্ন হলো, পড়াশোনা শেষে চাকরির জন্য বায়োডাটা দিতে গেলে কি কোনো সমস্যা হবে? দাদু মারা যাওয়ার পর জমি ভাগাভাগিতে কি কোনো ঝামেলা হবে? নতুন জাতীয় পরিচয়পত্র হওয়ার আগে, মানে আগের পদবিতে বাবা অল্প কিছু জমি কিনেছিলেন, আর এখনকার পদবিতে আরও কিছু জমি কিনতে যাচ্ছেন। এমন অবস্থায় পরে ওই দুই রকম জমি নিয়ে কি কোনো সমস্যা হবে? অনেকে বলছে কোর্টে গিয়ে এফিডেভিট করে নিতে। এটা করলে কি সব সমস্যা মিটে যাবে? এর সুবিধাটা কী? আর এটা করতে খরচ কেমন পড়তে পারে?",yes,Replaced the university's name with a generic stand-in,Sorup
prot_0078_04,Sarwad,148,"আমার বিয়ে হয়েছে সাত বছর হলো। একটি সন্তান আছে। বয়স পাঁচ বছর। দুই মাস হলো আমার স্বামী দ্বিতীয় বিয়ে করেছে। এখন আমার স্বামীর কথাবার্তা, চালচলন আগের মতো নেই। তাকে আমি অনেকবার জিজ্ঞেস করেছি দ্বিতীয় বিয়ের ব্যাপারে। কিন্তু সে স্বীকার করেনি। আমাদের গ্রামে এলাকাবাসীর মুখে মুখে রটে গেছে তার দ্বিতীয় বিয়ের কথা। আমার স্বামী অস্বীকার করলেও বিষয়টি সত্য। বিশ্বস্ত সূত্রে তার দ্বিতীয় স্ত্রীর বাবার বাড়ি খুঁজে বের করা হয়েছে। সে বর্তমানে তার বাবার বাড়িতে থাকে। আমার স্বামী দ্বিতীয় বিয়ে করেছে, এটা মেনে নেওয়া আমার পক্ষে অসম্ভব। তার সঙ্গে সংসার করার কোনো ইচ্ছে আমার নেই। বিষয়টি আমি আমার বাবাকে জানিয়েছি। এক সপ্তাহ হলো আমি আমার বাবার বাড়িতে এসেছি। এখন আমি তার বিরুদ্ধে মামলা করতে চাই। তাকে এর পরিণাম বুঝিয়ে দিতে চাই। মামলা করব, তা করতে পারছি না। আমার কাছে কোনো প্রমাণ নেই। তার দ্বিতীয় বিয়ের কাবিননামা না পেলে কীভাবে মামলা করব? এখন আমি কীভাবে আইনের আশ্রয় নিতে পারি?নাম-ঠিকানা প্রকাশে অনিচ্ছুক","সাত বছর হলো আমার বিয়ে হয়েছে, পাঁচ বছরের একটা বাচ্চা আছে। দুই মাস আগে আমার স্বামী দ্বিতীয় বিয়ে করেছে। এখন তার কথাবার্তা, চালচলন আগের মতো নেই। দ্বিতীয় বিয়ের কথা তাকে অনেকবার জিজ্ঞেস করেছি, কিন্তু সে স্বীকার করেনি। অথচ আমাদের গ্রামে লোকের মুখে মুখে তার দ্বিতীয় বিয়ের কথা ছড়িয়ে গেছে। স্বামী অস্বীকার করলেও ঘটনা সত্যি। বিশ্বস্ত একজনের মাধ্যমে তার দ্বিতীয় বউয়ের বাপের বাড়ি খুঁজে বের করা হয়েছে, মেয়েটা এখন সেখানেই থাকে। স্বামী আরেকটা বিয়ে করেছে, এটা মেনে নেওয়া আমার পক্ষে অসম্ভব। তার সঙ্গে সংসার করার আর কোনো ইচ্ছা আমার নেই। ব্যাপারটা আমি বাবাকে জানিয়েছি। এক সপ্তাহ হলো বাবার বাড়িতে চলে এসেছি। এখন আমি তার বিরুদ্ধে মামলা করতে চাই, তাকে এর ফল বুঝিয়ে দিতে চাই। মামলা করব ভাবছি, কিন্তু পারছি না, কারণ আমার হাতে কোনো প্রমাণ নেই। দ্বিতীয় বিয়ের কাবিননামা না পেলে মামলা করব কীভাবে? এখন আমি কীভাবে আইনের আশ্রয় নিতে পারি?",no,,Sorup
prot_0081_02,Sarwad,111,"আমার ছোট বোন বিদেশে থাকেন। রাজশাহী শহরে তাঁর ০.০৭৪২৫ একর জমি আছে। এ জমিতে বাড়ি তৈরির যাবতীয় কাজ করার জন্য সে আমাকে লিখিতভাবে ক্ষমতা দিয়েছে। সে অনুযায়ী আমি কাজ করছি। বাড়িটিতে কয়েক দিনের মধ্যে প্রথম তলার ছাদের কাজ শেষ হবে। বাড়িটি পূর্ব-পশ্চিমে লম্বা। এর দক্ষিণ দিকে ফাঁকা দুটি বাড়ি আছে। সমস্যা হলো, এ দুটি বাড়ির মধ্যে একটি বাড়ির দেয়ালের ভেতর লাগানো একটি নারকেলগাছ বাঁকা হয়ে আমাদের জমির ভেতরে এসে গেছে। এ কারণে আমাদের বাড়ির একতলা ছাদ কোনো রকম দেওয়া গেলেও দোতলা পর্যন্ত ওঠানো যাবে না। গাছে ঠেকে যাবে। বাড়ির মালিকদের গাছ সরানোর কথা বললে, তাঁরা সরাবেন না বলে জানিয়ে দিয়েছেন। আমার বোনের অনুপস্থিতিতে এর সমাধান আমি কীভাবে করতে পারি?মোহাম্মদ শাজাহান আলীরাজশাহী","আমার ছোট বোন বিদেশে থাকে। শহরে তার ০.০৭৪২৫ একর জমি আছে। ওই জমিতে বাড়ি বানানোর সব কাজ করার জন্য সে আমাকে লিখিতভাবে ক্ষমতা দিয়েছে। সেই মতোই আমি কাজ করাচ্ছি। কয়েক দিনের মধ্যেই বাড়ির একতলার ছাদের কাজ শেষ হবে। বাড়িটা পূর্ব-পশ্চিমে লম্বা। এর দক্ষিণ পাশে ফাঁকা দুটো বাড়ি আছে। সমস্যা হলো, ওই দুটো বাড়ির একটার দেয়ালের ভেতরে লাগানো একটা নারকেলগাছ বাঁকা হয়ে আমাদের জমির ভেতরে ঢুকে এসেছে। এজন্য আমাদের একতলার ছাদ কোনোরকমে দেওয়া গেলেও দোতলা পর্যন্ত তোলা যাবে না, গাছে গিয়ে ঠেকবে। বাড়ির মালিকদের গাছটা সরাতে বললে তাঁরা সাফ জানিয়ে দিয়েছেন, সরাবেন না। বোন দেশে না থাকায় এর সমাধান আমি কীভাবে করতে পারি?",yes,Removed signature (name and district) and the city name,Sorup
prot_0082_04,Sarwad,88,"ছয় বছর বয়সে আমার মা মারা যাওয়ার পর বাবা আমার খালাকে বিয়ে করেন। আমি অনার্স তৃতীয় বর্ষে পড়ি। কিছুদিন আগে আমার বাবা মারা যান। তিনি সরকারি চাকরি করতেন। তাঁর মৃত্যুর পর পেনশন, এককালীন, কল্যাণ তহবিল—সবকিছুই খালা পাচ্ছেন। আমরা দুই ভাই চাচার কথামতো অফিসের কাগজপত্রে সই করেছিলাম। কিন্তু এখন আমাদের কিছুই দেওয়া হয় না। আব্বার একজন সহকর্মী বলছিলেন, তোমরাও এর সবকিছু আইনগতভাবে পাবে। কারণ তোমার বাবা তোমার খালার নামে নমিনি করে যাননি। কিন্তু খালা দেওয়া তো দূরের কথা, স্বাক্ষর দেওয়ার পরে বিভিন্নভাবে ভয় দেখান। এখন আমরা কী করতে পারি?সাব্বিরনাটোর","আমার ছয় বছর বয়সে মা মারা যাওয়ার পর বাবা আমার খালাকে বিয়ে করেন। আমি এখন অনার্স থার্ড ইয়ারে পড়ি। কিছুদিন আগে বাবা মারা গেছেন। তিনি সরকারি চাকরি করতেন। তাঁর মৃত্যুর পর পেনশন, এককালীন টাকা, কল্যাণ তহবিল, সবকিছুই খালা পাচ্ছেন। চাচার কথামতো আমরা দুই ভাই অফিসের কাগজপত্রে সই করে দিয়েছিলাম। কিন্তু এখন আমাদের কিছুই দেওয়া হচ্ছে না। বাবার এক সহকর্মী বলছিলেন, আইন অনুযায়ী তোমরাও এসব কিছু পাবে, কারণ তোমার বাবা খালার নামে নমিনি করে যাননি। কিন্তু খালা দেওয়া তো দূরের কথা, সই নেওয়ার পর থেকে নানাভাবে ভয় দেখাচ্ছেন। এখন আমরা কী করতে পারি?",yes,Removed signature (name and district),Sorup
prot_0083_05,Sarwad,140,"২০০১ সালে বিয়ে করি। এরপর অপরিকল্পিতভাবে একটি সন্তানের জন্ম হয়। বিয়ের পর বেশ টানাপোড়েনের মধ্য দিয়ে দীর্ঘ সময় কেটেছে। তার সঙ্গে শুরু থেকেই আমার মনের মিল ছিল না। তাই সম্পর্কের উন্নতি কখনোই ঘটেনি। অবশেষে ২০০৯ সালে তার অনুমতি ছাড়াই আদালতের মাধ্যমে দ্বিতীয় বিয়ে করি। ওই সময় প্রথম স্ত্রী সন্তানদের নিয়ে আমাদের বাড়িতে অবস্থান করছিল। আর আমি কাজের জন্য দূরে ছিলাম। কিন্তু সে আমার দ্বিতীয় বিয়ের খবর পেয়ে স্বাভাবিক নিয়মেই আমার কাছে চলে আসে। একপর্যায়ে তাকে সন্তানসহ আমার গ্রামের বাড়ি পাঠিয়ে দিই। সে গত ফেব্রুয়ারি মাসে সেখান থেকে আমার অজান্তে দুই সন্তানকে নিয়ে চলে যায়। কিছুদিন ফোনে যোগাযোগ ছিল এবং টাকা-পয়সাও পাঠিয়েছি। বর্তমানে সে যোগাযোগ বন্ধ করে দিয়েছে। তার বক্তব্য, সে ওই দুই সন্তান আমাকে দেবে না এবং সে ফিরেও আসবে না। আমি শুধু আমার সন্তানদের ফেরত চাই। কীভাবে আইনের সহায়তায় তা সম্ভব? আমি তালাকনামা পাঠাতে পারব কি না।নাম প্রকাশে অনিচ্ছুক","২০০১ সালে বিয়ে করি। এরপর পরিকল্পনা ছাড়াই একটা বাচ্চা হয়ে যায়। বিয়ের পর অনেকটা সময় বেশ টানাপোড়েনের মধ্যে কেটেছে। শুরু থেকেই তার সঙ্গে আমার মনের মিল ছিল না, তাই সম্পর্কটা কখনো ভালো হয়নি। শেষে ২০০৯ সালে তার অনুমতি না নিয়েই কোর্টের মাধ্যমে আমি দ্বিতীয় বিয়ে করি। তখন প্রথম বউ বাচ্চাদের নিয়ে আমাদের বাড়িতেই থাকত, আর আমি কাজের জন্য দূরে ছিলাম। কিন্তু আমার দ্বিতীয় বিয়ের খবর পেয়ে স্বাভাবিকভাবেই সে আমার কাছে চলে আসে। একপর্যায়ে আমি তাকে বাচ্চাসহ গ্রামের বাড়িতে পাঠিয়ে দিই। গত ফেব্রুয়ারিতে আমাকে না জানিয়ে সে সেখান থেকে দুই বাচ্চাকে নিয়ে চলে যায়। কিছুদিন ফোনে যোগাযোগ ছিল, টাকাপয়সাও পাঠিয়েছি। এখন সে যোগাযোগ বন্ধ করে দিয়েছে। তার কথা, দুই বাচ্চাকে সে আমাকে দেবে না, আর নিজেও ফিরে আসবে না। আমি শুধু আমার বাচ্চাদের ফেরত চাই। আইনের সাহায্যে সেটা কীভাবে সম্ভব? আর আমি কি তাকে তালাকনামা পাঠাতে পারব?",no,"Original says one child was born, later mentions two children; kept as written",Sorup
prot_0084_05,Sarwad,68,"আমার প্রকৃত জন্ম ১৯৯৪ সালে। এখন আমি নবম শ্রেণীতে পড়ি। সামনে আমার রেজিস্ট্রেশন। আমার মায়ের বাড়ি কুমিল্লায়। বাবার বাড়ি ময়মনসিংহে। আমরা সপরিবারে চট্টগ্রামে থাকি। আমার মামা আমার জন্মনিবন্ধন কুমিল্লায় করে দেন। যে কারণে তিনি প্রকৃত জন্মসাল না জেনে ১৯৯৭ লিখে দেন। প্রাথমিক বিদ্যালয় থেকে উচ্চবিদ্যালয়ে যে ভর্তি সনদপত্র জমা দিয়েছিলাম তাতে ১৯৯৪ সালই লেখা আছে। এখন আমি কি রেজিস্ট্রেশনের সময় ১৯৯৪ সাল উল্লেখ করব, নাকি জন্মনিবন্ধন ১৯৯৭ লিখব?","আমার আসল জন্ম ১৯৯৪ সালে। এখন ক্লাস নাইনে পড়ি, সামনে রেজিস্ট্রেশন। মায়ের বাড়ি এক জেলায়, বাবার বাড়ি আরেক জেলায়, আর আমরা পুরো পরিবার থাকি অন্য একটা শহরে। মামা আমার জন্মনিবন্ধনটা মায়ের বাড়ির জেলায় করে দিয়েছিলেন। আসল জন্মসাল না জানায় তিনি সেখানে লিখে দেন ১৯৯৭। অথচ প্রাইমারি স্কুল থেকে হাইস্কুলে ভর্তির সময় যে সার্টিফিকেট জমা দিয়েছিলাম, তাতে ১৯৯৪ সালই লেখা আছে। এখন রেজিস্ট্রেশনের সময় আমি ১৯৯৪ লিখব, নাকি জন্মনিবন্ধনের ১৯৯৭ লিখব?",yes,Replaced three district/city names with generic stand-ins,Sorup
prot_0085_04,Sarwad,108,"আমার বয়স ১৬। আমরা দুই ভাই এক বোন। আমার বাবা দুটি বিয়ে করেছেন। আমার মা তাঁর দ্বিতীয় স্ত্রী। আমি আমার মায়ের প্রথম সন্তান। আমার মায়ের কাছে শোনা—আমার জন্মের পর আমার বাবা তাঁর সব সম্পত্তি প্রথম স্ত্রীর নামে হেবা দলিল করে দিয়েছেন। এখন আমার বাবার নামে কোনো সম্পত্তি নেই। আমার বাবাকে মা আমাদের সম্পত্তির কথা বললে তিনি বলেন, ‘আমার কাছ থেকে কিছু পাওয়ার আশা করো না। আমার কাছ থেকে খাওয়া-পরা ছাড়া আর কিছুই পাবে না।’ আমরা কি বাবার কোনো সম্পত্তিই পাব না? বাবার মৃত্যুর পর কি কোনো সম্পত্তি পাওয়ার সম্ভাবনা আছে? বা আমার জন্মের পর যে হেবা দলিল করা হয়েছে, তার কি কোনো মূল্য থাকবে আমার বাবার মৃত্যুর পর?","আমার বয়স ১৬। আমরা দুই ভাই, এক বোন। বাবা দুটো বিয়ে করেছেন, আমার মা তাঁর দ্বিতীয় বউ। আমি মায়ের প্রথম সন্তান। মায়ের কাছে শুনেছি, আমার জন্মের পর বাবা তাঁর সব সম্পত্তি হেবা দলিল করে প্রথম বউয়ের নামে দিয়ে দিয়েছেন। এখন বাবার নামে আর কোনো সম্পত্তি নেই। মা আমাদের সম্পত্তির কথা তুললে বাবা বলেন, ‘আমার কাছে কিছু পাওয়ার আশা কোরো না। খাওয়া-পরা ছাড়া আমার কাছ থেকে আর কিছুই পাবে না।’ তাহলে কি আমরা বাবার কোনো সম্পত্তিই পাব না? বাবা মারা যাওয়ার পর কি কিছু পাওয়ার সুযোগ আছে? আর আমার জন্মের পর যে হেবা দলিল করা হয়েছে, বাবার মৃত্যুর পর কি সেটার কোনো দাম থাকবে?",no,,Sorup
prot_0086_04,Sarwad,142,"মাসখানেক পর আমার দ্বিতীয় বিয়ে হবে। প্রথম ঘরের আমার দুই মেয়ে আছে। বড় মেয়ের বয়স নয় বছর। মাদ্রাসায় লেখাপড়া করে এবং দ্বিতীয় মেয়ের বয়স দেড় বছর। আমার আগের স্বামী সম্পর্কে আমার ফুফাতো ভাই ছিল। আমি শ্বশুরবাড়ির মানুষের কাছে লাঞ্ছিত ও হেয়প্রতিপন্ন হতাম। ছোটখাটো বিষয় নিয়ে আমাকে মানসিক নির্যাতন করত। ছোট মেয়ের বয়স ছয় মাস পূর্ণ হওয়ার পর পরিবারের সঙ্গে ঝগড়া হয়। এরপর থেকে আমার সঙ্গে আমার আগের স্বামী যোগাযোগ রাখেনি। মেয়েদের জন্য মানুষের মাধ্যমে খাবার পাঠাত। আমি আর ওই পরিবারে ফিরে যেতে চাই না এবং দ্বিতীয় বিয়ে করতে চাইছি। আমার দ্বিতীয় বিয়ে যার সঙ্গে হবে, সে দুই মেয়ের ভরণপোষণ দিতে চায়। আমার প্রথম স্বামীর পরিবারে আমার দুই মেয়েকে দেখাশোনা করার মতো কেউ নেই। মেয়েদের বাবা মেয়েদের খুবই ভালোবাসে। কিন্তু ভরণপোষণ দিতে পারবে না, দেখাশোনাও করতে পারবে না। আমার দুই মেয়েকে আমার কাছে রাখতে চায়। কীভাবে আমার দুই মেয়েকে আমার কাছে রাখতে পারব?","মাসখানেক পরে আমার দ্বিতীয় বিয়ে। প্রথম সংসারের দুটো মেয়ে আছে আমার। বড় মেয়ের বয়স নয়, মাদ্রাসায় পড়ে, আর ছোটটার বয়স দেড় বছর। আমার আগের স্বামী সম্পর্কে আমার ফুফাতো ভাই ছিল। শ্বশুরবাড়ির লোকজনের কাছে আমি অপমান আর অবহেলার শিকার হতাম। ছোটখাটো ব্যাপারেও তারা আমাকে মানসিক যন্ত্রণা দিত। ছোট মেয়ের বয়স ছয় মাস হওয়ার পর ওই পরিবারের সঙ্গে ঝগড়া হয়। তারপর থেকে আগের স্বামী আমার সঙ্গে আর যোগাযোগ রাখেনি, শুধু লোক মারফত মেয়েদের জন্য খাবার পাঠাত। আমি আর ওই সংসারে ফিরতে চাই না, দ্বিতীয় বিয়ে করতে চাই। যার সঙ্গে আমার বিয়ে হবে, সে দুই মেয়ের ভরণপোষণ দিতে রাজি। আগের স্বামীর পরিবারে আমার দুই মেয়েকে দেখাশোনা করার মতো কেউ নেই। মেয়েদের বাবা মেয়েদের খুব ভালোবাসে, কিন্তু খরচও দিতে পারবে না, দেখাশোনাও করতে পারবে না। দুই মেয়েকে আমার কাছে রাখতে চায়। আমি কীভাবে দুই মেয়েকে আমার কাছে রাখতে পারব?",no,One sentence has no clear subject (who wants to keep the daughters with the mother); kept ambiguous as in the original,Sorup
prot_0087_05,Sarwad,65,"একটি বাড়িতে চার ভাই আলাদাভাবে বসবাস করতেন। তাঁদের নাম যথাক্রমে ক, খ, গ ও ঘ। একসময় ‘খ’ তাঁর স্ত্রী ও এক মেয়ে রেখে মারা যান। পরবর্তী সময়ে তাঁর বিধবা স্ত্রী অবিবাহিত দেবর ‘গ’-এর সঙ্গে বিবাহবন্ধনে আবদ্ধ হন। প্রশ্ন হলো, প্রয়াত ‘খ’-এর অন্য ওয়ারিশ তথা ভাই-ভাতিজারা তাঁর রেখে যাওয়া সম্পদের কোনো অংশ ইসলামি শরিয়া মোতাবেক পাবেন কি না, পেলে কী হারে পাবেন? এ সংক্রান্ত বিধিবিধান কী?","একই বাড়িতে চার ভাই আলাদা আলাদা থাকতেন, তাঁদের নাম ধরা যাক ক, খ, গ আর ঘ। একসময় ‘খ’ তাঁর বউ আর এক মেয়ে রেখে মারা যান। পরে তাঁর বিধবা বউ অবিবাহিত দেবর ‘গ’-কে বিয়ে করেন। প্রশ্ন হলো, মারা যাওয়া ‘খ’-এর রেখে যাওয়া সম্পত্তিতে তাঁর অন্য ওয়ারিশরা, মানে ভাই-ভাতিজারা, ইসলামি শরিয়া অনুযায়ী কোনো ভাগ পাবেন কি না? পেলে কী হারে পাবেন? এ ব্যাপারে নিয়মকানুন কী?",no,,Sorup
prot_0088_04,Sarwad,113,"আমার বয়স ২৫ বছর। আমার আব্বা দুই বিয়ে করেন। প্রথম স্ত্রী মারা যাওয়ার পর দ্বিতীয় বিয়ে করেন। আমি দ্বিতীয় পক্ষের ছেলে। আমরা তিন ভাই, তিন বোন। আমার বাবা ১৯৯৮ সালে তিন বোনের নামে ৭২ শতাংশ জমি দেন। তারপর ২০০৮ সালে ওই জমি খারিজ করে আমার বোনদের নাবালক দেখিয়ে, অর্থাত্ বোনদের বয়স তখন ১৬ বছর, ১২ বছর ও ১০ বছর দেখিয়ে এই জমির ৫৪ শতাংশ আমাদের তিন ভাইয়ের নামে বিক্রি করে দেন। ভবিষ্যতে আমার বোনেরা বিয়ের পর তাদের স্বামীরা এই দলিলের ব্যাপারে আইনগত ব্যবস্থা নিতে পারবেন কি? আর আমার বাবা আরও বেশ কিছু জমি আমাদের হেবা দলিল করে দেন। এই হেবা দলিলের বিপক্ষে ভবিষ্যতে তাঁর আগের সংসারের ছেলেরা কোনো দাবি করতে পারবে কি?মো. হাসানগাজীপুর","আমার বয়স ২৫। আমার আব্বা দুটো বিয়ে করেছেন। প্রথম বউ মারা যাওয়ার পর তিনি দ্বিতীয় বিয়ে করেন। আমি দ্বিতীয় ঘরের ছেলে। আমরা তিন ভাই, তিন বোন। ১৯৯৮ সালে বাবা তিন বোনের নামে ৭২ শতাংশ জমি দেন। তারপর ২০০৮ সালে ওই জমির খারিজ করিয়ে বোনদের নাবালক দেখিয়ে, মানে তখন বোনদের বয়স ১৬, ১২ আর ১০ বছর দেখিয়ে, সেখান থেকে ৫৪ শতাংশ জমি আমাদের তিন ভাইয়ের নামে বিক্রি করে দেন। ভবিষ্যতে বোনদের বিয়ে হলে তাদের স্বামীরা কি এই দলিল নিয়ে আইনি ব্যবস্থা নিতে পারবে? এছাড়া বাবা আরও বেশ কিছু জমি হেবা দলিল করে আমাদের দিয়েছেন। ভবিষ্যতে তাঁর আগের সংসারের ছেলেরা কি এই হেবা দলিলের বিরুদ্ধে কোনো দাবি তুলতে পারবে?",yes,Removed signature (name and district),Sorup
prot_0091_05,Sarwad,189,"আমার বয়স ৩০ বছর। আমি একটি টেক্সটাইল মিলে সহকারী প্রকৌশলী হিসেবে কর্মরত এবং ভালো বেতন পাই। একটি মেয়েকে পছন্দ করি এবং পারিবারিকভাবে ২০০৮ সালের ১৮ জানুয়ারি বিয়ে করি। বিয়ের সময় চার লাখ টাকা দেনমোহর ধার্য করা হয়। এর মধ্যে ১০-১২ হাজার টাকা উশুল করা হয়। বিয়ের পর আমি জানতে পারি, একটি ছেলের সঙ্গে তার সম্পর্ক ছিল। তিন মাস ভালোই চলছিল। হঠাত্ আমার চাকরি চলে যায়। কিছুদিন পর একটি কম বেতনের চাকরি পাই। এর পর থেকেই আমার স্ত্রী ও শ্বশুর-শাশুড়ি আমার সঙ্গে খারাপ ব্যবহার করতে থাকেন। আমার স্ত্রী বিকম প্রথম বর্ষে পড়ে। সে আমার কাছে দামি অলংকার চাইত, কিন্তু আমি দিতে পারতাম না। এসব নিয়ে প্রায়ই ঝগড়া হতো। একদিন শ্বশুর-শাশুড়ির সঙ্গে আমার ঝগড়া হয় এবং তাঁরা বলেন, তাঁদের মেয়েকে আমার কাছে আর থাকতে দেবেন না। সময়মতো তালাকনামা পাঠিয়ে দেবেন। গত মে মাস থেকে তাঁরা আমাকে স্ত্রীর সঙ্গে দেখা করতে দেন না। বলেন, সে তোমার সামনে আসবে না। তখন আমি তালাকনামা চাইলে শ্বশুর বলেন, সময় হলে পাঠিয়ে দেব। তারপর অনেক দিন হলো, এখন পর্যন্ত তালাকনামা পাঠায়নি। আমার বাবা-মা গিয়েছিলেন বউকে আনার জন্য, কিন্তু তাঁরা আমার স্ত্রীকে আসতে দেননি, বরং আমার বাবা-মায়ের সঙ্গে খারাপ ব্যবহার করেছেন। এখন আমি কী করব?নাম প্রকাশে অনিচ্ছুক","আমার বয়স ৩০। একটা টেক্সটাইল মিলে সহকারী প্রকৌশলী হিসেবে কাজ করি, বেতনও ভালো পাই। একটা মেয়েকে পছন্দ করতাম, পরে পারিবারিকভাবে ২০০৮ সালের ১৮ জানুয়ারি তাকে বিয়ে করি। বিয়েতে দেনমোহর ধরা হয় চার লাখ টাকা, যার মধ্যে ১০-১২ হাজার টাকা উশুল দেখানো হয়। বিয়ের পরে জানতে পারি, একটা ছেলের সঙ্গে তার সম্পর্ক ছিল। তিন মাস ভালোই কাটছিল। হঠাৎ আমার চাকরিটা চলে যায়। কিছুদিন পর কম বেতনের একটা চাকরি পাই। তারপর থেকেই বউ আর শ্বশুর-শাশুড়ি আমার সঙ্গে খারাপ ব্যবহার শুরু করেন। আমার বউ বিকম ফার্স্ট ইয়ারে পড়ে। সে আমার কাছে দামি গয়না চাইত, কিন্তু আমি দিতে পারতাম না। এসব নিয়ে প্রায়ই ঝগড়া হতো। একদিন শ্বশুর-শাশুড়ির সঙ্গে আমার ঝগড়া হয়, তখন তাঁরা বলেন, তাঁদের মেয়েকে আর আমার কাছে থাকতে দেবেন না, সময়মতো তালাকনামা পাঠিয়ে দেবেন। গত মে মাস থেকে তাঁরা আমাকে বউয়ের সঙ্গে দেখা করতে দেন না। বলেন, সে তোমার সামনে আসবে না। তখন আমি তালাকনামা চাইলে শ্বশুর বলেন, সময় হলে পাঠিয়ে দেব। তারপর অনেক দিন পার হয়ে গেছে, এখনো তালাকনামা পাঠাননি। আমার মা-বাবা বউকে আনতে গিয়েছিলেন, কিন্তু তাঁরা আমার বউকে আসতে দেননি, উল্টো আমার মা-বাবার সঙ্গে খারাপ ব্যবহার করেছেন। এখন আমি কী করব?",no,,Sorup
prot_0096_01,Sarwad,67,আমি একজন সরকারি চাকরিজীবী। ২০১৪ সালের ফেব্রুয়ারি মাসে বিয়ে করি। বিয়ের কিছুদিন পর থেকেই আমার স্ত্রীকে কোনো কিছু দিয়ে সন্তুষ্ট করতে পারিনি। এই নেই সেই নেই কত কিছু। অথচ আমার সাধ্যের মধ্যে সংসার চালাচ্ছি। এরপর সে কোনো কথা শুনতে চায় না। আমাদের দুই মেয়ে আছে। স্ত্রীর যন্ত্রণায় একেবারে অতিষ্ট। তাই আমি তাঁকে তালাক দিতে চাই। সরকারি চাকরিজীবী হওয়ায় মামলা করলে আমার চাকরির কোনো সমস্যা হবে কি? মিলন,"আমি সরকারি চাকরি করি। ২০১৪ সালের ফেব্রুয়ারিতে বিয়ে করি। বিয়ের কিছুদিন পর থেকেই বউকে কোনো কিছু দিয়েই খুশি করতে পারিনি। এটা নেই, ওটা নেই, হাজারটা অভিযোগ। অথচ আমার সাধ্যের মধ্যে থেকেই সংসার চালাচ্ছি। এরপর থেকে সে কোনো কথাই শুনতে চায় না। আমাদের দুটো মেয়ে আছে। বউয়ের যন্ত্রণায় একেবারে অতিষ্ঠ হয়ে গেছি। তাই তাকে তালাক দিতে চাই। সরকারি চাকরি করি বলে, মামলা হলে কি আমার চাকরিতে কোনো সমস্যা হবে?",yes,Removed signature name,Sorup
prot_0100_02,Sarwad,34,১. “ক” তফসিলভুক্ত তালিকায় বিকল্প পদ্ধতিতে বিরোধ নিষ্পত্তির জন্য কোর্ট অব সিভিল প্রসিডিউর (সংশোধন) বিল ২০১২এবং অর্পিত সম্পত্তির দাবির সমর্থনে আবেদনের সময়সীমা বাড়াতে অর্পিত সম্পত্তি প্রত্যর্পণ (সংশোধন) বিল জাতীয় সংসদে পাস হয়েছে কি না?,"১. ‘ক’ তফসিলের তালিকার বিরোধ বিকল্প পদ্ধতিতে মেটানোর জন্য দেওয়ানি কার্যবিধি (সংশোধন) বিল ২০১২, আর অর্পিত সম্পত্তির দাবির পক্ষে আবেদনের সময়সীমা বাড়ানোর জন্য অর্পিত সম্পত্তি প্রত্যর্পণ (সংশোধন) বিল, এগুলো কি জাতীয় সংসদে পাস হয়েছে?",no,"Numbered item from a multi-part letter; asks whether bills were passed (factual, formal register in the original)",Sorup
prot_0101_02,Sarwad,60,"এদিকে ঘরে আছেন সৎশাশুড়ি। তাঁর অধীনে সংসারজীবন চালাতে গিয়েও আমি বাড়তি আরেকটি সমস্যা ও জ্বালায় আছি। সবকিছু মিলে আমি স্বামী, সৎশাশুড়ি ও শ্বশুরকে নিয়ে মহা দুর্যোগে আছি। ফলে উপায়ন্তর না দেখে আমি শেষ পর্যন্ত বাবার বাড়িতে চলে আসি এবং তার সঙ্গে আর ঘর-সংসার না করে তাকে ত্যাগ করারও নীতিগত সিদ্ধান্ত নিয়েছি। এখন আমার প্রশ্ন, এ সিদ্ধান্ত কার্যকরে সহজ পথ কী?","এদিকে বাড়িতে আছেন সৎশাশুড়ি। তাঁর অধীনে থেকে সংসার করতে গিয়ে আমি আরেকটা বাড়তি ঝামেলা আর যন্ত্রণার মধ্যে আছি। সব মিলিয়ে স্বামী, সৎশাশুড়ি আর শ্বশুরকে নিয়ে আমি মহাবিপদে পড়েছি। তাই আর কোনো উপায় না দেখে শেষমেশ বাবার বাড়িতে চলে এসেছি, আর ঠিক করে ফেলেছি তার সঙ্গে আর সংসার করব না, তাকে ছেড়ে দেব। এখন আমার প্রশ্ন, এই সিদ্ধান্তটা কাজে পরিণত করার সহজ উপায় কী?",no,Text starts mid-story (beginning cut off),Sorup
prot_0104_01,Sarwad,103,"মৃত সুবোধ চন্দ্র দেব তাঁর ত্যাজ্য বিত্তে বা সম্পত্তিতে উত্তরাধিকার সূত্রে দুই সন্তান নৃপেন্দ্র চন্দ্র দেব ও কৃপেশ চন্দ্র দেব মালিকসূত্রে উত্তরাধিকারী হন। তাঁদের অবর্তমানে ওই সম্পত্তিতে উত্তরাধিকার সূত্রে সুবোধ চন্দ্র দেবের একমাত্র ভাগনে রাজেন্দ্র চন্দ্র দেব মালিক হবেন। পরবর্তী সময়ে রাজেন্দ্র চন্দ্র দেব মারা গেলে তাঁর একমাত্র পুত্রের ওপর মালিকানা বর্তায়। ‘ক’ তালিকাভুক্ত অর্পিত সম্পত্তি ভারতবাসী নৃপেন্দ্র চন্দ্র দেব ও কৃপেশ চন্দ্র দেবের সব ত্যাজ্য বিত্তে বাংলাদেশে বসবাসকারী মৃত রাজেন্দ্র চন্দ্র দেবের পুত্র উত্তরাধিকারী হিসেবে দাবি করতে পারবেন।২. যদি আমার পিতা তাঁদের ‘উত্তরাধিকারী’ বা ‘উত্তরাধিকারীর স্বার্থাধিকারী’ হতে পারেন, তবে আমার পিতার একমাত্র উত্তরাধিকারী হিসেবে আমি এই সম্পত্তির দাবিদার হতে পারি কি না?","প্রয়াত এক ব্যক্তির রেখে যাওয়া সম্পত্তিতে ওয়ারিশসূত্রে মালিক হন তাঁর দুই ছেলে। তাঁরা না থাকলে ওই সম্পত্তিতে ওয়ারিশসূত্রে মালিক হবেন ওই ব্যক্তির একমাত্র ভাগনে। পরে সেই ভাগনে মারা গেলে মালিকানা চলে যায় তাঁর একমাত্র ছেলের হাতে। ভারতে থাকা ওই দুই ছেলের রেখে যাওয়া সব সম্পত্তি ‘ক’ তালিকার অর্পিত সম্পত্তি, আর তাতে বাংলাদেশে থাকা প্রয়াত ভাগনের ছেলে ওয়ারিশ হিসেবে দাবি জানাতে পারবেন। ২. আমার বাবা যদি তাঁদের ‘উত্তরাধিকারী’ বা ‘উত্তরাধিকারীর স্বার্থাধিকারী’ হতে পারেন, তাহলে বাবার একমাত্র ওয়ারিশ হিসেবে আমি কি এই সম্পত্তির দাবিদার হতে পারি?",yes,Replaced four personal names with relationship terms. Broken: the first part reads as a statement (possibly an answer to item 1); only item 2 is clearly a question,Sorup
prot_0104_06,Sarwad,53,"ট্রাইব্যুনাল থেকে যদি তালিকাভুক্ত সম্পত্তি আবেদনকারীর অনুকূলে রায় দেন এবং তিনি যদি মূল মালিকের উত্তরাধিকারী বা উত্তরাধিকারীর স্বার্থাধিকারী হন, তবে তিনি দখলে না থাকলেও ওই রায় কার্যকর করার জন্য জেলা প্রশাসকের মাধ্যমে ডিক্রি জারি মামলা করা যাবে। ৭. ট্রাইব্যুনালের রায় আমার পক্ষে গ্রহণযোগ্য না হলে পরবর্তী সময়ে আমি কি আবার আপিল করতে পারব?","ট্রাইব্যুনাল যদি তালিকাভুক্ত সম্পত্তির ব্যাপারে আবেদনকারীর পক্ষে রায় দেয়, আর তিনি যদি আসল মালিকের ওয়ারিশ বা ওয়ারিশের স্বার্থাধিকারী হন, তাহলে সম্পত্তি তাঁর দখলে না থাকলেও রায়টা কার্যকর করতে জেলা প্রশাসকের মাধ্যমে ডিক্রি জারির মামলা করা যাবে। ৭. ট্রাইব্যুনালের রায় আমার পক্ষে মেনে নেওয়ার মতো না হলে পরে কি আমি আবার আপিল করতে পারব?",no,Broken: starts with a lawyer's answer to an earlier item; the question is item 7 (appeal against the tribunal's verdict),Sorup
prot_0107_02,Sarwad,43,সন্তানের মা অন্যত্র বিয়ে করেছেন কি না তা উল্লেখ করেননি। তবে সন্তানকে দেখতে পাওয়ার অধিকার আপনার আছে। এ জন্য আপনি চাইলে পারিবারিক আদালতের আশ্রয় নিতে পারেন। ছেলেসন্তানকে ফেরত পেতে সন্তানের সাত বছর পূর্ণ হওয়া পর্যন্ত অপেক্ষা করতে হবে। আসামি পলাতক থাকলে পরিণাম কী?,"বাচ্চার মা অন্য কোথাও বিয়ে করেছেন কি না, সেটা আপনি বলেননি। তবে বাচ্চাকে দেখতে পাওয়ার অধিকার আপনার আছে। চাইলে এর জন্য আপনি পারিবারিক আদালতে যেতে পারেন। ছেলে বাচ্চাকে ফেরত পেতে হলে তার সাত বছর পূর্ণ হওয়া পর্যন্ত অপেক্ষা করতে হবে। আসামি পালিয়ে থাকলে তার ফল কী হয়?",no,Broken: a lawyer's answer about child custody with a new headline question glued at the end (consequence when the accused absconds),Sorup
prot_0108_02,Sarwad,66,"উকিল বলেছিলেন, হেবা দলিল অপরিবর্তনীয়। এই জমি যাদের নামে আছে তারাই পাবে, অন্য কেউ অংশীদার হতে পারবে না। কিন্তু আমার ভাই তা মানতে রাজি নয়। সে বিভিন্নজনের বুদ্ধি ধরে আমাদের মারধর, জমি দখল করাসহ নানা হুমকি দিয়ে আসছে। এ অবস্থায় এই হেবা ঘোষণা দলিল কার্যকর হবে কি না, হলে কতটুকু হবে এবং কার্যকর হলে সেই জমি আমরা কীভাবে তার খারিজ বাতিল করে আমাদের নামে খারিজ করব?","উকিল বলেছিলেন, হেবা দলিল আর ফেরানো যায় না। জমি যাদের নামে আছে তারাই পাবে, অন্য কেউ ভাগ বসাতে পারবে না। কিন্তু আমার ভাই সেটা মানতে নারাজ। নানা জনের বুদ্ধি নিয়ে সে আমাদের মারধর করা, জমি দখল করাসহ নানা রকম হুমকি দিয়ে যাচ্ছে। এই অবস্থায় এই হেবা ঘোষণা দলিলটা কি কার্যকর হবে? হলে কতখানি হবে? আর কার্যকর হলে তার খারিজ বাতিল করে জমিটা আমাদের নামে কীভাবে খারিজ করাব?",no,Text starts mid-story (beginning cut off),Sorup
prot_0110_02,Sarwad,41,"আমজাদ হোসাইন, ঢাকা।পরামর্শ: আপনার প্রশ্ন থেকে পরিষ্কার বোঝা যাচ্ছে না, আপনার বাবা কোন অংশের জন্য প্রতিকার চান। বিদ্যালয়টি যদি এমপিওভুক্ত হয়ে থাকে, সেক্ষেত্রে হাইকোর্ট বিভাগে রিট দায়ের করতে পারেন। অন্যথায় দেওয়ানি মোকদ্দমা দায়ের করে প্রতিকার চাইতে পারেন।চাকরি ফিরে পেতে কী করণীয়?","পরামর্শ: আপনার প্রশ্ন থেকে ঠিক বোঝা যাচ্ছে না, আপনার বাবা কোন অংশের জন্য প্রতিকার চান। স্কুলটা যদি এমপিওভুক্ত হয়, তাহলে হাইকোর্ট বিভাগে রিট করতে পারেন। না হলে দেওয়ানি মামলা করে প্রতিকার চাইতে পারেন। চাকরি ফিরে পেতে কী করতে হবে?",yes,"Broken: a reader's name/city, then a lawyer's advice, then a new headline question (getting a job back). Removed the name and city",Sorup
prot_0112_02,Sarwad,33,’ প্রশ্নের উত্তর দেওয়া হয়েছে। তাতে বিভিন্ন মেয়াদে শাস্তি জেল-জরিমানার উল্লেখ রয়েছে। এ অবস্থায় আমি শঙ্কিত হয়ে পড়েছি। তাহলে আমি কি ঋণ থেকে মুক্তি পেতে এবং মানসম্মানের হাত থেকে বাঁচতে আত্মহত্যাই বেছে নেব?,ওই প্রশ্নটার উত্তর দেওয়া হয়েছে। সেখানে নানা মেয়াদের জেল-জরিমানার শাস্তির কথা বলা আছে। এসব দেখে আমি খুব ভয় পেয়ে গেছি। তাহলে কি দেনা থেকে রেহাই পেতে আর মান-সম্মান বাঁচাতে আমাকে আত্মহত্যার পথই বেছে নিতে হবে?,no,Broken: starts mid-sentence (the quoted question title is cut off). Mentions suicide,Sorup
prot_0114_08,Sarwad,27,এখানে দ্বিতীয় পক্ষের নিযুক্তীয় বিজ্ঞ কৌঁসুলি উল্লিখিত হয়রানির বিরুদ্ধে আইনগত কোনো প্রতিকার না থাকায় মামলা জেলা ম্যাজিস্ট্রেটের কাছে মামলা হস্তান্তর করার পরামর্শ প্রদান করছে। তা সঠিক কি?,"এখানে দ্বিতীয় পক্ষের নিয়োগ করা উকিল পরামর্শ দিচ্ছেন, উল্লেখ করা হয়রানির বিরুদ্ধে আইনে কোনো প্রতিকার নেই বলে মামলাটা জেলা ম্যাজিস্ট্রেটের কাছে পাঠিয়ে দেওয়া হোক। তাঁর এই পরামর্শ কি ঠিক?",no,Fragment: the case and the harassment it refers to are not in the text,Sorup
prot_0119_02,Sarwad,37,আপনার নাম দেখে মনে হচ্ছে আপনি হিন্দু সম্প্রদায়ের। এ ক্ষেত্রে আপনার স্ত্রীর সঙ্গে বিবাহবিচ্ছেদ ঘটানো সম্ভব নয়। তবে আপনি পৃথক থাকতে পারেন। এ ক্ষেত্রে আপনার স্ত্রীর আইনিভাবে প্রাপ্য ভরণ-পোষণ দিয়ে যেতে হবে।বাবার তৃতীয় স্ত্রী কি সম্পত্তি পাবে?,"আপনার নাম দেখে মনে হচ্ছে আপনি হিন্দু। সেক্ষেত্রে স্ত্রীর সঙ্গে আপনার বিবাহবিচ্ছেদ করা সম্ভব না। তবে আপনি আলাদা থাকতে পারেন। সেক্ষেত্রে আইন অনুযায়ী স্ত্রীর যে ভরণপোষণ পাওনা, সেটা আপনাকে দিয়ে যেতে হবে। বাবার তৃতীয় বউ কি সম্পত্তি পাবেন?",no,Broken: a lawyer's answer about Hindu divorce with a new headline question glued at the end (does the father's third wife inherit),Sorup
prot_0121_03,Sarwad,55,"আপনি যদি মনে করেন যে আপনার স্পষ্টত মৌলিক অধিকার লঙ্ঘিত হচ্ছে, তাহলে হাইকোর্টে রিট দায়ের করতে পারেন।জমির অংশ কীভাবে পাববাবা আমাদের তিন ভাইকে দানপত্রের মাধ্যমে সম্পত্তি লিখে দেন। আমি আমার অংশের নাম খারিজ করিয়েছি। কিন্তু আমার ভাইয়েরা আমাকে না জানিয়ে বণ্টননামা দলিল করে এবং আমার প্রাপ্য অংশ থেকে বঞ্চিত করে। আমি এখন কী করতে পারি?","যদি আপনার মনে হয় আপনার মৌলিক অধিকার স্পষ্টভাবে লঙ্ঘন করা হচ্ছে, তাহলে হাইকোর্টে রিট করতে পারেন। জমির ভাগ কীভাবে পাব। বাবা দানপত্র করে আমাদের তিন ভাইকে সম্পত্তি লিখে দিয়েছিলেন। আমি আমার ভাগের খারিজ করিয়ে নিয়েছি। কিন্তু আমার ভাইয়েরা আমাকে না জানিয়ে বণ্টননামা দলিল করেছে, আর আমার পাওনা ভাগ থেকে আমাকে বঞ্চিত করেছে। এখন আমি কী করতে পারি?",no,Broken: a lawyer's closing sentence and a headline are glued before the question. The question is the same as prot_0135_03 in this sheet,Sorup
prot_0127_01,Sarwad,37,"আর আমার পরিবারে মা-বাবা কেউ বেঁচে নেই। এক বোন আছে, কিন্তু কারও কোনো কথাই আমার স্বামী শুনছেন না। আমি এ তালাক মানি না। আমি আমার স্বামীর সংসারে সন্তানদের কাছে ফিরে যেতে চাই। সে ক্ষেত্রে আমার কী করণীয়?","আর আমার মা-বাবা কেউই বেঁচে নেই। একটা বোন আছে, কিন্তু কারও কথাই আমার স্বামী শুনছে না। আমি এই তালাক মানি না। আমি স্বামীর সংসারে বাচ্চাদের কাছে ফিরে যেতে চাই। এক্ষেত্রে আমার কী করা উচিত?",no,Text starts mid-story (beginning cut off),Sorup
prot_0135_03,Sarwad,36,বাবা আমাদের তিন ভাইকে দানপত্রের মাধ্যমে সম্পত্তি লিখে দেন। আমি আমার অংশের নাম খারিজ করিয়েছি। কিন্তু আমার ভাইয়েরা আমাকে না জানিয়ে বণ্টননামা দলিল করে এবং আমার প্রাপ্য অংশ থেকে বঞ্চিত করে। আমি এখন কী করতে পারি?,"বাবা দানপত্রের মাধ্যমে আমাদের তিন ভাইকে সম্পত্তি লিখে দেন। আমি নিজের ভাগের খারিজ করিয়ে নিয়েছি। কিন্তু ভাইয়েরা আমাকে না জানিয়েই বণ্টননামা দলিল করে ফেলেছে, আমার পাওনা অংশ থেকে আমাকে বঞ্চিত করেছে। এখন আমি কী করতে পারি?",no,Same question as the tail of prot_0121_03 in this sheet,Sorup
prot_0138_01,Sarwad,28,শ্রমিকদের অনেক সময় কোনো পাওনাদি পরিশোধ না করে যখন-তখন কারখানা থেকে বের করে দেওয়া হয়। চাকরি সমাপ্তির পদ্ধতি এবং তাঁরা মালিকের কাছ থেকে কখন কী সুবিধা পেতে পারেন?,"অনেক সময় শ্রমিকদের কোনো পাওনা না মিটিয়েই যখন-তখন কারখানা থেকে বের করে দেওয়া হয়। চাকরি শেষ করার নিয়মটা কী, আর শ্রমিকেরা মালিকের কাছ থেকে কখন কী সুবিধা পেতে পারেন?",no,,Sorup
