qid,annotator,block,question_bn,candidates,answer,answer_source,verdict,confidence,merged_from
prot_0047_04,Sarwad,,"আমাদের দাম্পত্য জীবন ১৬ বছরের। আমার দুটি কন্যাসন্তান আছে। বড় মেয়ে পড়ে পঞ্চম শ্রেণীতে, আর ছোট মেয়ে পড়ে তৃতীয় শ্রেণীতে। আমার সাবেক স্বামী সরকারি চাকরিজীবী। পাঁচ মাস আগে আমাদের খোলা তালাক হয়ে যায়। তালাকের পর থেকে মেয়ে দুটি আমার কাছে থাকে। আমি বর্তমানে বেকার। আমার বাবা সংসার চালাচ্ছে এবং সাবেক স্বামী ১৫ হাজার টাকা দিচ্ছে প্রতি মাসে দুই কন্যার খরচ বাবদ।এখন আমার পরিবারের ইচ্ছায় আমি চাইছি অন্য কোথাও বিয়ে করতে। আমার প্রশ্ন হচ্ছে, আমি বিয়ে করলে বাচ্চা দুটি কি আমি আমার কাছে রাখতে পারব? তাদের বাবা তাদের নিয়ে যেতে প্রস্তুত। কিন্তু সে নেশাগ্রস্ত মানুষ। তাই একজন নেশাগ্রস্ত মানুষের কাছে আমার সন্তানদের ভবিষ্যৎ নষ্ট করতে চাই না।সাদিয়া আক্তারঠিকানা প্রকাশে অনিচ্ছুক","1. <other_822_s10> [পার্বত্য চট্টগ্রাম আঞ্চলিক পরিষদ আইন, ১৯৯৮, ধারা ১০] সম্পত্তি সম্পর্কিত ঘোষণা — চেয়ারম্যান ও প্রত্যেক সদস্য তাহার কার্যভার গ্রহণের পূর্বে তাহার এবং তাঁহার পরিবারের কোন সদস্যের স্বত্ব, দখল ব
2. <local_government_1027_s41> [স্থানীয় সরকার (ইউনিয়ন পরিষদ) আইন, ২০০৯, ধারা ৪১] সম্পত্তি সম্পর্কিত ঘোষণা — চেয়ারম্যান ও সদস্য তাঁহার কার্যভার গ্রহণের পূর্বে তাঁহার এবং তাঁহার পরিবারের কোন সদস্যের স্বত্ব, দখল বা স্বার
3. <local_government_827_s10> [উপজেলা পরিষদ আইন, ১৯৯৮, ধারা ১০] সম্পত্তি সম্পর্কিত ঘোষণা — 14[চেয়ারম্যান ও ভাইস চেয়ারম্যান ] তাঁহার কার্যভার গ্রহণের পূর্বে তাঁহার এবং তাঁহার পরিবারের কোন সদস্যের স্বত
4. <women_children_1119_s72> [শিশু আইন, ২০১৩, ধারা ৭২] শিশুর দায়িত্বে থাকাকালে নেশাগ্রস্ত হইবার দণ্ড — শিশুর দেখাশুনার দায়িত্বে থাকাকালে কোন ব্যক্তিকে যদি প্রকাশ্য স্থানে নেশাগ্রস্ত অবস্থায় পাওয়া যায় এবং এই কা
5. <criminal_procedure_1239_s87> [রংপুর মহানগরী পুলিশ আইন, ২০১৮, ধারা ৮৭] সূর্যাস্ত হইতে সূর্যোদয় পর্যন্ত সময়ের মধ্যে সন্দেহজনক চলাফেরার দণ্ড — কোনো ব্যক্তিকে সূর্যাস্ত ও সূর্যোদয়ের মধ্যবর্তী সময়ে সন্তোষজনক কারণ ব্যতীত নিম্নবর্ণিত অবস্থায় পাওয়া গেলে,
6. <criminal_procedure_1238_s87> [গাজীপুর মহানগরী পুলিশ আইন, ২০১৮, ধারা ৮৭] সূর্যাস্ত হইতে সূর্যোদয় পর্যন্ত সময়ের মধ্যে সন্দেহজনক চলাফেরার দণ্ড — কোনো ব্যক্তিকে সূর্যাস্ত ও সূর্যোদয়ের মধ্যবর্তী সময়ে সন্তোষজনক কারণ ব্যতীত নিম্নবর্ণিত অবস্থায় পাওয়া গেলে,
7. <money_recovery_876_s53> [সমবায় সমিতি আইন, ২০০১, ধারা ৫৩] সমবায় সমিতির অবসায়নের আদেশ প্রদান — নিম্নবর্ণিত ক্ষেত্রে নিবন্ধক বিধি দ্বারা নির্ধারিত পদ্ধতিতে কোন সমবায় সমিতির কার্যক্রম অবসায়নের জন্য সংশ্লিষ
8. <other_1485_s9> [বাংলাদেশ পুলিশ কল্যাণ তহবিল আইন, ২০২৩, ধারা ৯] মৃত্যু এবং অক্ষমতাজনিত কারণে এককালীন এবং মাসিক কল্যাণ অনুদান — (১) কোনো কর্মচারী বা তাহার মৃত্যু হইলে তাহার স্ত্রী বা, ক্ষেত্রমত, স্বামী, বিধি দ্বারা নির্ধারিত পদ্ধতিতে, নিম
9. <local_government_1027_s2_p1> [স্থানীয় সরকার (ইউনিয়ন পরিষদ) আইন, ২০০৯, ধারা ২] সংজ্ঞা — শহর হিসাবে ঘোষিত নয় এইরূপ এলাকা;(১৩) 'চেয়ারম্যান' অর্থ ইউনিয়ন পরিষদের চেয়ারম্যান;(১৪) 'জনপথ' অর্থ সর্বসাধা
10. <other_788_s342> [কোম্পানী আইন, ১৯৯৪, ধারা ৩৪২] লিকুইডেটর কর্তৃক ব্যাংকে টাকা জমাদান — (১) আদালত কর্তৃক অবলুপ্ত হইতেছে এইরূপ কোম্পানীর প্রত্যেক লিকুইডেটর তত্কর্তৃক গৃহীত সকল টাকা নির্ধারিত পদ্ধতিতে",family_64_s17,own_search,answered,3,
prot_0072_03,Sarwad,,"২০০৮ সালের জুন মাসে আমাদের বাসার ভাড়াটিয়ার মেয়ে আমার ঘরে বাইরে থেকে তালা লাগিয়ে দেয়। এরপর সে বলতে থাকে, তাকে আমি নির্যাতন করেছি। এ অবস্থায় পুলিশ এসে আমাকে উদ্ধার করে থানায় নিয়ে যায়। এতে আমাকে ৩৪ দিন কারাবাস করতে হয়। পরবর্তী সময়ে পুলিশি তদন্ত রিপোর্টে অভিযোগ মিথ্যা প্রমাণিত হয় এবং ১৭ ধারায় বাদিনীর বিরুদ্ধে ব্যবস্থা নেওয়ার কথা বলা হয়। আমি স্নাতক শেষ করেছি। এখন আমার চাকরি পাওয়ার ক্ষেত্রে কোনো সমস্যা হবে কি? মামলা কত দিন চলতে পারে এবং পরে বাদিনীর বিরুদ্ধে কী ব্যবস্থা নিতে পারব? আদালতে সাক্ষ্য গ্রহণ হয়নি। নাম প্রকাশে অনিচ্ছুকসিলেট","1. <other_1133_s7> [নির্যাতন এবং হেফাজতে মৃত্যু (নিবারণ) আইন, ২০, ধারা ৭] অভিযোগের অপরাপর ধরন — (১) ধারা ৫ ও ৬ এ বর্ণিত প্রক্রিয়া ছাড়াও কোন ব্যক্তি ক্ষতিগ্রস্ত না হওয়া সত্ত্বে তৃতীয় কোন ব্যক্তি দায়রা জ
2. <other_1589_s13_p0> [পুলিশ কমিশন অধ্যাদেশ, ২০২৫, ধারা ১৩] কমিশনের কার্যাবলি — কমিশন নিম্নবর্ণিত কার্যাবলি সম্পাদন করিবে, যথা:- (১) পুলিশি কার্যক্রমে দক্ষতা ও উৎকর্ষ আনয়ন, শৃঙ্খলা এবং স্বচ
3. <other_1586_s15> [গুম প্রতিরোধ ও প্রতিকার অধ্যাদেশ, ২০২৫, ধারা ১৫] মিথ্যা মামলার বিরুদ্ধে ব্যবস্থা — এই আইনের অধীন কোনো অপরাধের বিচার সম্পন্ন হওয়ার পর রায় প্রদানকালে যদি ট্রাইব্যুনালের নিকট সন্তোষজনকভাবে প্রমা
4. <women_children_1119_s14> [শিশু আইন, ২০১৩, ধারা ১৪] শিশুবিষয়ক পুলিশ কর্মকর্তার দায়িত্ব ও কার্যাবলি — শিশুবিষয়ক পুলিশ কর্মকর্তার দায়িত্ব ও কার্যাবলি হইবে নিম্নরূপ, যথা:(ক) শিশুবিষয়ক মামলার জন্য পৃথক নথি ও রেজি
5. <other_1133_s18> [নির্যাতন এবং হেফাজতে মৃত্যু (নিবারণ) আইন, ২০, ধারা ১৮] প্রত্যর্পণ — (১) এই আইনের অধীনে কৃত কোন অপরাধের জন্য যদি বাংলাদেশের নাগরিক নয় এমন কাউকে গ্রেফতার করা হয় সেক্ষেত্রে পররাষ্
6. <other_1658_s5> [জুলাই গণঅভ্যুত্থান (সুরক্ষা ও দায় নির্ধারণ) , ধারা ৫] কতিপয় কার্য সংক্রান্ত অভিযোগ ও তদন্ত — (১) ধারা ৪ এর বিধান সত্ত্বেও, কোনো গণঅভ্যুত্থানকারীর বিরুদ্ধে জুলাই গণঅভ্যুত্থানকালে হত্যাকাণ্ড সংঘটনের অভিযোগ
7. <other_1476_s193> [কাস্টমস আইন, ২০২৩, ধারা ১৯৩] পুলিশ কর্তৃক সন্দেহবশত জব্দকৃত পণ্যের ক্ষেত্রে পদ্ধতি — (১) এই আইনের অধীনে বাজেয়াপ্তযোগ্য কোনো জিনিসপত্র যখন কোনো পুলিশ কর্মকর্তা কর্তৃক চোরাই মাল সন্দেহে জব্দ করা হ
8. <other_1023_s20> [জাতীয় মানবাধিকার কমিশন আইন, ২০০৯, ধারা ২০] কমিশনের নিকট সাক্ষ্য প্রদানকারী ব্যক্তির সুযোগ-সুবিধা — (১) কমিশনের নিকট সাক্ষ্য প্রদানকারী ব্যক্তি আদালতে সাক্ষ্য প্রদানকারী ব্যক্তির ন্যায় সকল সুযোগ-সুবিধার অধিকার
9. <other_1271_s24> [সরকারি চাকরি আইন, ২০১৮, ধারা ২৪] আইনি সহায়তা — (১) কোনো কর্মচারীর বিরুদ্ধে, সরকারি দায়িত্ব পালনের সহিত সম্পর্কিত কোনো বিষয়ে তাহাকে ব্যক্তিগতভাবে দায়ী করিয
10. <women_children_1119_s54> [শিশু আইন, ২০১৩, ধারা ৫৪] আইনের সংস্পর্শে আসা শিশুর ক্ষেত্রে বিশেষ ব্যবস্থা ও সুরক্ষা — (১)21[ ***]আইনের সংস্পর্শে আসা শিশুর মর্যাদার প্রতি শ্রদ্ধা প্রদর্শন, পারিপার্শ্বিক অবস্থা, বয়স, লিঙ্গ এবং অক","women_children_835_s17, women_children_835_s20",own_search,answered,2,
lawy_0241_01,Sarwad,,ভূমি অধিগ্রহণে কোনো প্রশ্ন উত্থাপিত হলে কী করবেন?,"1. <other_1713_s18> [মহেশখালী সমন্বিত উন্নয়ন কর্তৃপক্ষ আইন, ২০২৬, ধারা ১৮] কর্তৃপক্ষের নিকট স্থানীয় কর্তৃপক্ষের নিয়ন্ত্রণাধীন ভূমি, ইমারত ইত্যাদি ন্যস্তকরণ ও রক্ষণাবেক্ষণ — (১) স্থানীয় কর্তৃপক্ষের নিয়ন্ত্রণাধীন কোনো ভূমি, ইমারত, রাস্তা, চত্বর বা উহার কোনো অংশবিশেষ কর্তৃপক্ষের কোনো
2. <other_1246_s95> [ক্যান্টনমেন্ট আইন, ২০১৮, ধারা ৯৫] স্থাবর সম্পত্তি অধিগ্রহণ — (১) এই আইনের উদ্দেশ্য পূরণকল্পে, অর্থ পরিশোধের মাধ্যমে বোর্ডের জন্য প্রয়োজনীয় ভূমি, স্থায়ী বা অস্থায়ীভাবে 
3. <other_1713_s17> [মহেশখালী সমন্বিত উন্নয়ন কর্তৃপক্ষ আইন, ২০২৬, ধারা ১৭] ভূমি অধিগ্রহণে সমন্বয়, অনাপত্তি প্রদান, ভূমি বরাদ্দ প্রদান ও প্রতিষ্ঠানের শ্রেণি নির্ধারণ — (১) কর্তৃপক্ষের অধিক্ষেত্রাধীন এলাকায় কোনো মন্ত্রণালয়, বিভাগ, ব্যক্তি, প্রতিষ্ঠান কর্তৃক কোনো প্রকল্প বাস্তব
4. <other_948_s17> [রাসায়নিক অস্ত্র (নিষিদ্ধকরণ) আইন, ২০০৬, ধারা ১৭] পরিদর্শন দলের কোন সদস্যের মর্যাদা সম্পর্কে উত্থাপিত প্রশ্ন নিরসন — কোন ব্যক্তি কোন নৈমিত্তিক পরিদর্শন, চ্যালেঞ্জ পরিদর্শন বা সহায়তা পরিদর্শন কার্য পরিচালনায় নিয়োজিত ছিলেন কি 
5. <other_1179_s21> [কক্সবাজার উন্নয়ন কর্তৃপক্ষ আইন, ২০১৬, ধারা ২১] স্থানীয় কর্তৃপক্ষের মালিকানাধীন ভূমি ও ইমারত ন্যস্তকরণ — (১) স্থানীয় কর্তৃপক্ষের মালিকানাধীন কোন ভূমি, ইমারত, রাস্তা, চত্বর বা উহার কোন অংশবিশেষ কর্তৃপক্ষের কোন উন্নয
6. <other_1225_s21> [রাজশাহী উন্নয়ন কর্তৃপক্ষ আইন, ২০১৮, ধারা ২১] স্থানীয় কর্তৃপক্ষের মালিকানাধীন ভূমি ও ইমারত ন্যস্তকরণ — (১) স্থানীয় কর্তৃপক্ষের মালিকানাধীন কোন ভূমি, ইমারত, রাস্তা, চত্বর বা উহার কোন অংশবিশেষ কর্তৃপক্ষের কোন উন্নয
7. <other_1250_s25> [খুলনা উন্নয়ন কর্তৃপক্ষ আইন, ২০১৮, ধারা ২৫] স্থানীয় কর্তৃপক্ষের মালিকানাধীন ভূমি ও ইমারত ন্যস্তকরণ — (১) স্থানীয় কর্তৃপক্ষের মালিকানাধীন কোনো ভূমি, ইমারত, রাস্তা, চত্বর বা উহার কোনো অংশবিশেষ কর্তৃপক্ষের কোনো উন
8. <other_1697_s25> [নারায়ণগঞ্জ উন্নয়ন কর্তৃপক্ষ আইন, ২০২৬, ধারা ২৫] স্থানীয় কর্তৃপক্ষের মালিকানাধীন ভূমি ও ইমারত ন্যস্তকরণ — (১) স্থানীয় কর্তৃপক্ষের মালিকানাধীন কোনো ভূমি, ইমারত, রাস্তা, চত্বর বা উহার কোনো অংশবিশেষ কর্তৃপক্ষের কোনো উন
9. <other_1701_s25> [কুমিল্লা উন্নয়ন কর্তৃপক্ষ আইন, ২০২৬, ধারা ২৫] স্থানীয় কর্তৃপক্ষের মালিকানাধীন ভূমি ও ইমারত ন্যস্তকরণ — (১) স্থানীয় কর্তৃপক্ষের মালিকানাধীন কোনো ভূমি, ইমারত, রাস্তা, চত্বর বা উহার কোনো অংশবিশেষ কর্তৃপক্ষের কোনো উন
10. <other_1702_s24> [রংপুর উন্নয়ন কর্তৃপক্ষ আইন, ২০২৬, ধারা ২৪] স্থানীয় কর্তৃপক্ষের মালিকানাধীন ভূমি ও ইমারত ন্যস্তকরণ — (১) স্থানীয় কর্তৃপক্ষের মালিকানাধীন কোনো ভূমি, ইমারত, রাস্তা, চত্বর বা উহার কোনো অংশবিশেষ কর্তৃপক্ষের কোনো উন","land_1220_s5, land_1220_s30",own_search,answered,2,
prot_0066_04,Sarwad,,"আমার বয়স ২৩ বছর। ছোটবেলা থেকেই আমি আমাদের গ্রামের এক মেয়েকে ভালোবাসি এবং সে-ও আমাকে ভালোবাসে। সনদপত্র অনুযায়ী তার বয়স ১৮ বছর পূর্ণ হলে আমরা নোটারি পাবলিকের মাধ্যমে আমাদের বিয়ের ঘোষণা দিয়ে একটি অ্যাফিডেভিট করি। তাতে আমরা আমাদের এই বিয়ে সামাজিক প্রথা অনুযায়ীও বলবৎ হওয়ার কথা উল্লেখ করি এবং সময়মতো কাজি অফিসে গিয়ে বিয়ে নিবন্ধন করে নেওয়ার কথা বলি। কিন্তু পরবর্তী সময়ে এ বিষয়টি তাদের বাসায় জানাজানি হলে তাকে বাসায় আটকে রাখা হয়। এ জন্য আমাদের আর বিয়ের নিবন্ধন করা সম্ভব হয়নি। এখন তার মা-বাবা ধরেই নিচ্ছেন, আমাদের মধ্যে কোনো বিয়ে সম্পন্ন হয়নি। তাই তাঁরা জোর করে তাকে অন্য জায়গায় বিয়ে দেওয়ার চেষ্টা করছেন এবং সে রাজি না হওয়ায় তার ওপর বিভিন্ন রকম অত্যাচার করছেন। এ অবস্থায় আমার করণীয় কী? নাম প্রকাশে অনিচ্ছুক","1. <other_788_s346_p0> [কোম্পানী আইন, ১৯৯৪, ধারা ৩৪৬] নিষ্ক্রিয় (defunct) কোম্পানীর নাম নিবন্ধন বহি হইতে কাটিয়া দেওয়া — (১) যেক্ষেত্রে রেজিষ্ট্রারের এইরূপ বিশ্বাস করিবার যুক্তিসংগত কারণ থাকে যে, কোন একটি কোম্পানী ব্যবসা করিতেছে না
2. <family_1105_s3> [হিন্দু বিবাহ নিবন্ধন আইন, ২০১২, ধারা ৩] হিন্দু বিবাহ নিবন্ধন — (১) অন্য কোন আইন, প্রথা ও রীতি-নীতিতে যাহা কিছুই থাকুক না কেন, হিন্দু বিবাহের দালিলিক প্রমাণ সুরক্ষার উদ্দেশ্য
3. <other_1287_s22> [উদ্ভিদের জাত সংরক্ষণ আইন, ২০১৯, ধারা ২২] প্রজননবিদের অধিকারের মেয়াদ, অধিকার স্থগিত, বাতিল, ইত্যাদি — (১) ধারা ২১ এরউপ-ধারা (১) অনুযায়ী সংরক্ষিত জাত ব্যবহারের জন্য সংশ্লিষ্ট প্রজননবিদের অনুমোদন গ্রহণের মেয়াদ হই
4. <other_1124_s7> [মাতৃদুগ্ধ বিকল্প, শিশু খাদ্য, বাণিজ্যিকভাবে , ধারা ৭] শিক্ষামূলক বা অন্যান্য তথ্যাদি — জন্ম-পূর্ববর্তী বা জন্ম-পরবর্তী সেবা দানের উদ্দেশ্যে কোন গর্ভবতী মহিলা বা মাতৃদুগ্ধদানকারী বা শিশুর মায়েদের স
5. <other_1375_s2> [শিশু দিবাযত্ন কেন্দ্র আইন, ২০২১, ধারা ২] সংজ্ঞা — বিষয় বা প্রসঙ্গের পরিপন্থি কোনো কিছু না থাকিলে, এই আইনে,-(১) ‘অভিভাবক’ অর্থ শিশুর পিতা, মাতা বা এমন কোনো ব্যক
6. <women_children_1119_s21> [শিশু আইন, ২০১৩, ধারা ২১] 1 [***] বয়স অনুমান ও নির্ধারণ — (১) অভিযুক্ত হউক বা না হউক, এমন কোন শিশুকে কোন অপরাধের দায়ে বা কোন শিশুকে অন্য কোন কারণে শিশু-আদালতে সাক্ষ্য 
7. <labour_952_s36> [বাংলাদেশ শ্রম আইন, ২০০৬, ধারা ৩৬] যদি কোন ব্যক্তি শিশু নাকি কিশোর এ সম্পর্কে কোন প্রশ্ন উত্থাপিত হয়, তাহা হইলে উক্ত ব্যক্তির জন্ম নিবন্ধন সনদ, 
8. <tenancy_748_s18_p2> [বাড়ী ভাড়া নিয়ন্ত্রণ আইন, ১৯৯১, ধারা ১৮] অনুমোদনযোগ্য ভাড়া প্রদান করা হইলে সাধারণতঃ উচ্ছেদের আদেশ দেওয়া হইবে না — জন্য প্রকৃতই প্রয়োজন হওয়ায় বাড়ী-মালিক বাড়ীর দখল পাইয়াছেন কিন্তু বাড়ীর প্রাক্তন ভাড়াটিয়া কর্তৃক বাড়ী 
9. <other_1005_s11> [ভোটার তালিকা আইন, ২০০৯, ধারা ১১] ভোটার তালিকা হালনাগাদকরণ — (১) কম্পিউটার ডাটাবেজ সংরক্ষিত বিদ্যমান সকল ভোটার তালিকা, প্রতি বৎসর6[২ জানুয়ারি হইতে ২ মার্চ] পর্যন্ত সময়কা
10. <other_1280_s19> [বাংলাদেশ স্ট্যান্ডার্ডস এন্ড টেস্টিং ইনস্টিট, ধারা ১৯] কতিপয় ক্ষেত্রে নিবন্ধন নিষিদ্ধ — (১) আপাতত বলবৎ অন্য কোনো আইনে ভিন্নতর যাহা কিছুই থাকুক না কেন, কোনো নিবন্ধন কর্তৃপক্ষ কোনো নাম বা মার্ক ব্যবহা","criminal_procedure_75_s100, family_476_s5, other_308_s8",own_search,answered,2,
prot_0046_02,Sarwad,,"আমার জন্ম ১৯৯৭ সালে। তার মানে এখনো ১৮ বছর পূর্ণ হয়নি। কিন্তু আমি ভালোবেসে আমার খালাতো ভাইকে বিয়ে করেছি, যিনি একজন বিসিএস (কর) ক্যাডারে যোগদান করেছেন। আমার বিয়ের খবর মা-বাবা জানেন না। আমার বাবা অত্যন্ত গোঁয়ার প্রকৃতির। বাবা মামলা করলে আমার স্বামীর চাকরির কোনো ক্ষতি হবে কি? রাকাগোপালগঞ্জ","1. <labour_1285_s24> [বাংলাদেশ ইপিজেড শ্রম আইন, ২০১৯, ধারা ২৪] চাকরি হইতে অবসর গ্রহণ — (১) এই অধ্যায়ের অন্যত্র যাহা কিছুই উল্লে­খ থাকুক না কেন, কোনো প্রতিষ্ঠানে নিয়োজিত কোনো শ্রমিকের বয়স ৬০ (ষাট
2. <other_1124_s7> [মাতৃদুগ্ধ বিকল্প, শিশু খাদ্য, বাণিজ্যিকভাবে , ধারা ৭] শিক্ষামূলক বা অন্যান্য তথ্যাদি — জন্ম-পূর্ববর্তী বা জন্ম-পরবর্তী সেবা দানের উদ্দেশ্যে কোন গর্ভবতী মহিলা বা মাতৃদুগ্ধদানকারী বা শিশুর মায়েদের স
3. <other_1696_s14> [রাজধানী উন্নয়ন কর্তৃপক্ষ আইন, ২০২৬, ধারা ১৪] কর্মচারীর অবসর গ্রহণ বা কর্তৃপক্ষ কর্তৃক অবসর প্রদান — (১) কর্তৃপক্ষের একজন কর্মচারী তাহার বয়স ৫৯ (ঊনষাট) বৎসর পূর্ণ হইলে এবং কর্তৃপক্ষের একজন মুক্তিযোদ্ধা কর্মচারী
4. <other_1702_s54> [রংপুর উন্নয়ন কর্তৃপক্ষ আইন, ২০২৬, ধারা ৫৪] কর্মচারীর অবসর গ্রহণ বা কর্তৃপক্ষ কর্তৃক অবসর প্রদান — (১) কর্তৃপক্ষের একজন কর্মচারী তাহার বয়স ৫৯ (ঊনষাট) বৎসর পূর্ণ হইলে এবং কর্তৃপক্ষের একজন মুক্তিযোদ্ধা কর্মচারী
5. <other_1699_s54> [ময়মনসিংহ উন্নয়ন কর্তৃপক্ষ আইন, ২০২৬, ধারা ৫৪] কর্মচারীর অবসর গ্রহণ বা কর্তৃপক্ষ কর্তৃক অবসর প্রদান — (১) কর্তৃপক্ষের একজন কর্মচারী তাহার বয়স ৫৯ (ঊনষাট) বৎসর পূর্ণ হইলে এবং কর্তৃপক্ষের একজন মুক্তিযোদ্ধা কর্মচারী
6. <other_1698_s54> [বরিশাল উন্নয়ন কর্তৃপক্ষ আইন, ২০২৬, ধারা ৫৪] কর্মচারীর অবসর গ্রহণ বা কর্তৃপক্ষ কর্তৃক অবসর প্রদান — (১) কর্তৃপক্ষের একজন কর্মচারী তাহার বয়স ৫৯ (ঊনষাট) বৎসর পূর্ণ হইলে এবং কর্তৃপক্ষের একজন মুক্তিযোদ্ধা কর্মচারী
7. <other_1697_s55> [নারায়ণগঞ্জ উন্নয়ন কর্তৃপক্ষ আইন, ২০২৬, ধারা ৫৫] কর্মচারীর অবসর গ্রহণ বা কর্তৃপক্ষ কর্তৃক অবসর প্রদান — (১) কর্তৃপক্ষের একজন কর্মচারী তাহার বয়স ৫৯ (উনষাট) বৎসর পূর্ণ হইলে এবং কর্তৃপক্ষের একজন মুক্তিযোদ্ধা কর্মচারী
8. <other_1701_s55> [কুমিল্লা উন্নয়ন কর্তৃপক্ষ আইন, ২০২৬, ধারা ৫৫] কর্মচারীর অবসর গ্রহণ বা কর্তৃপক্ষ কর্তৃক অবসর প্রদান — (১) কর্তৃপক্ষের একজন কর্মচারী তাহার বয়স ৫৯ (উনষাট) বৎসর পূর্ণ হইলে এবং কর্তৃপক্ষের একজন মুক্তিযোদ্ধা কর্মচারী
9. <other_1380_s8> [গান্ধী আশ্রম (ট্রাস্টি বোর্ড) আইন, ২০২১, ধারা ৮] সচিব — (১) বোর্ডের একজন সচিব থাকিবেন।(২) সচিব বোর্ড কর্তৃক নিযুক্ত হইবেন এবং তাহার চাকরির মেয়াদ ও শর্তাবলি বোর্ড কর্
10. <other_1271_s44> [সরকারি চাকরি আইন, ২০১৮, ধারা ৪৪] ঐচ্ছিক অবসর গ্রহণ — (১) চাকরির মেয়াদ ২৫ (পঁচিশ) বৎসর পূর্ণ হইবার পর যে কোনো সময় একজন সরকারি কর্মচারী অবসর গ্রহণের অভিপ্রেত তারিখ",none,none,not_found,1,
prot_0003_03,Sarwad,,"২০১৩ সালে আমার বোনের বিয়ে হয়। বোন এখন তাঁর স্বামীকে তালাক দিতে চান। বিয়ে কাজি অফিসে নিবন্ধিত হয়েছিল। বর্তমানে আমার বোন কানাডায় থাকেন এবং সে দেশের স্থায়ী বাসিন্দা। তাঁর স্বামী থাকেন বগুড়ায়। তিনি কানাডা যাওয়ার জন্য চেষ্টা করেছেন কিন্তু প্রয়োজনীয় কাগজপত্র পাননি। আমি ঢাকায় থাকি। বোনের তালাকের আইনি প্রক্রিয়া কি আমরা ঢাকা থেকেই করতে পারব, নাকি বগুড়ায় যেতে হবে? তালাকের প্রক্রিয়া কি কাজি অফিসের মাধ্যমেই করতে হবে? আরেকটি বিষয়। আমরা তিন ভাই, তিন বোন। একই ভবনে আমাদের সাতটা ফ্ল্যাট রয়েছে। এর একটি আমার মায়ের। এখন আমার মা চাচ্ছেন ফ্ল্যাটটি তাঁর ছেলেমেয়েদের উইল করে দিয়ে দিতে। তিনি কি মুসলিম আইন অনুযায়ী এটা করতে পারেন? আমরা ভাই ও বোনেরা কি সমান অংশ পাব? নাম প্রকাশে অনিচ্ছুক","1. <other_1682_s2_p0> [মানবদেহে অঙ্গ-প্রত্যঙ্গ সংযোজন আইন, ২০২৬, ধারা ২] সংজ্ঞা — বিষয় বা প্রসঙ্গের পরিপন্থি কোনো কিছু না থাকিলে, এই আইনে- (১) “অঙ্গ-প্রত্যঙ্গ” অর্থ মানবদেহের কিডনি, হৃৎপিণ্ড,
2. <other_1266_s2_p3> [বাংলাদেশ মুক্তিযোদ্ধা কল্যাণ ট্রাস্ট আইন, ২০, ধারা ২] সংজ্ঞা — বা স্বামী এবং পিতা-মাতার অবর্তমানে খেতাবপ্রাপ্ত বীর মুক্তিযোদ্ধার সন্তান; বা(উ) (অ)-(ঈ) পর্যন্ত বর্ণিত ব্যক্তি
3. <other_1148_s2> [বাংলাদেশ সাংবাদিক কল্যাণ ট্রাস্ট আইন, ২০১৪, ধারা ২] সংজ্ঞা — বিষয় বা প্রসঙ্গের পরিপন্থী কোন কিছু না থাকিলে, এই আইনে-(১) ‘‘চেয়ারম্যান’’ অর্থ বোর্ডের চেয়ারম্যান;(২) ‘‘ট্র
4. <other_943_s2> [বাংলাদেশ শ্রমিক কল্যাণ ফাউন্ডেশন আইন, ২০০৬, ধারা ২] সংজ্ঞা — বিষয় বা প্রসঙ্গের পরিপন্থী কিছু না থাকিলে, এই আইনে-(ক) “অপ্রাতিষ্ঠানিক খাত” অর্থ এইরূপ বেসরকারী খাত যেখানে কর
5. <other_1378_s2> [বাংলাদেশ চলচ্চিত্র শিল্পী কল্যাণ ট্রাস্ট আইন, ধারা ২] সংজ্ঞা — বিষয় বা প্রসঙ্গের পরিপন্থি কোনো কিছু না থাকিলে, এই আইনে-(ক) “চলচ্চিত্র” অর্থ সেলুলয়েড, অ্যানালগ, ডিজিটাল বা 
6. <other_1349_s2> [আকাশপথে পরিবহণ (মন্ট্রিল কনভেনশন) আইন, ২০২০, ধারা ২] বিষয়বাপ্রসঙ্গেরপরিপন্থিকোনোকিছুনাথাকিলে,এইআইনে-(ক)‘অভ্যন্তরীণপরিবহণ’অর্থআকাশপথে পরিবহণেপক্ষসমূহেরমধ্যেসম্পাদি
7. <other_1485_s2> [বাংলাদেশ পুলিশ কল্যাণ তহবিল আইন, ২০২৩, ধারা ২] সংজ্ঞা — বিষয় বা প্রসঙ্গের পরিপন্থি কোনো কিছু না থাকিলে, এই আইনে,-(১) ""কর্মচারী"" অর্থ-(ক) পুলিশ ইন্সপেক্টরের নিম্ন পদম
8. <other_1718_s83> [অর্থ (২০২৫-২০২৬ অর্থ বৎসর) আইন, ২০২৬, ধারা ৮৩] ২০২৩ সনের ১২ নং আইনের ধারা ১৩৫ এর সংশোধন — উক্ত আইনের ধারা ১৩৫ এর- (ক) উপ-ধারা (১) এ উল্লিখিত “১০% (দশ শতাংশ)” সংখ্যা, চিহ্ন, বন্ধনী ও শব্দগুলির পরিবর্তে
9. <other_1248_s2> [ওয়েজ আর্নার্স কল্যাণ বোর্ড আইন, ২০১৮, ধারা ২] সংজ্ঞা — বিষয় বা প্রসঙ্গের পরিপন্থি কোনো কিছু না থাকিলে, এই আইনে -(১) ‘‘অভিবাসী’’ অর্থ বাংলাদেশের কোনো নাগরিক যিনি কোন
10. <other_1271_s22> [সরকারি চাকরি আইন, ২০১৮, ধারা ২২] কল্যাণমূলক ব্যবস্থা — (১) সরকার বা, ক্ষেত্রমত, উপযুক্ত কর্তৃপক্ষ সরকারি কর্মচারী ও তাহার পরিবারের সদস্যগণের কল্যাণে শিক্ষা, চিকিৎসা,","family_305_s8, family_476_s6, family_1444_s6_p0",own_search,answered,1,
ajke_0179_02,Sarwad,,আমি ডিভোর্সের জন্য আইনিভাবে এগোতে চাই। করণীয় কী?,"1. <other_724_s56> [রাংগামাটি পার্বত্য জেলা পরিষদ আইন, ১৯৮৯, ধারা ৫৬] অপরাধ — তৃতীয় তফসিলে বর্ণিত কোন করণীয় কাজ না করা এবং করণীয় নয় এই প্রকার কাজ করা এই আইনের অধীন দণ্ডনীয় অপরাধ হইবে।
2. <local_government_827_s56> [উপজেলা পরিষদ আইন, ১৯৯৮, ধারা ৫৬] অপরাধ — পঞ্চম তফসিলে বর্ণিত কোন করণীয় কাজ না করা এবং করণীয় নয় এই প্রকার কাজ করা এই আইনের অধীন দণ্ডনীয় অপরাধ হইবে।
3. <other_725_s56> [খাগড়াছড়ি পার্বত্য জেলা পরিষদ আইন, ১৯৮৯, ধারা ৫৬] অপরাধ — তৃতীয় তফসিলে বর্ণিত কোন করণীয় কাজ না করা এবং করণীয় নয় এই প্রকার কাজ করা এই আইনের অধীন দণ্ডনীয় অপরাধ হইবে।
4. <other_726_s56> [বান্দরবান পার্বত্য জেলা পরিষদ আইন, ১৯৮৯, ধারা ৫৬] অপরাধ — তৃতীয় তফসিলে বর্ণিত কোন করণীয় কাজ না করা এবং করণীয় নয় এই প্রকার কাজ করা এই আইনের অধীন দণ্ডনীয় অপরাধ হইবে।
5. <other_817_s7> [বিমান-নিরাপত্তা বিরোধী অপরাধ দমন আইন, ১৯৯৭, ধারা ৭] ফৌজদারী আইনের প্রয়োগ — কোন বাংলাদেশী বিমান বাংলাদেশের রাষ্ট্রীয় সীমানায় বাহিরে উড্ডয়নে থাকাকালে বিমানের আরোহী কোন ব্যক্তি যদি এমন 
6. <other_1103_s35> [দুর্যোগ ব্যবস্থাপনা আইন, ২০১২, ধারা ৩৫] দুর্যোগ ব্যবস্থাপনায় জরুরি করণীয় — (১) তফসিলে উল্লিখিত দুর্যোগ ব্যবস্থাপনায় জরুরি করণীয় সংক্রান্ত নির্দেশাবলী সংশ্লিষ্ট সকলকে মানিয়া চলিতে হইব
7. <local_government_1024_s60> [স্থানীয় সরকার (পৌরসভা) আইন, ২০০৯, ধারা ৬০] পূর্ত কাজ — সরকার বিধি দ্বারা পৌরসভা কর্তৃক করণীয় পূর্ত কাজের পরিকল্পনা, প্রাক্কলন, অনুমোদন প্রক্রিয়া, বাস্তবায়ন ইত্যাদ
8. <other_1110_s5> [১৯৭৫ সালের ১৫ আগস্ট  হইতে ১৯৭৯ সালের ৯ এপ্রি, ধারা ৫] হেফাজতকরণ — (১) অধ্যাদেশসমূহ ও উহাদের অধীন প্রণীত বিধি, প্রবিধান বা আদেশবলে কৃত কাজ-কর্ম, গৃহীত ব্যবস্থা বা কার্যধারাসমূহ,
9. <other_1111_s5> [১৯৮২ সালের ২৪ মার্চ হইতে ১৯৮৬ সালের ১১ নভেম্, ধারা ৫] হেফাজতকরণ — (১) অধ্যাদেশসমূহ ও উহাদের অধীন প্রণীত বিধি, প্রবিধান বা আদেশবলে কৃত কাজ-কর্ম, গৃহীত ব্যবস্থা বা কার্যধারাসমূহ,
10. <labour_1285_s182> [বাংলাদেশ ইপিজেড শ্রম আইন, ২০১৯, ধারা ১৮২] নির্বাহী চেয়ারম্যান কর্তৃক সময় বর্ধিতকরণ — এইআইনেরকোনো বিধানের অধীন করণীয় কোনো কাজ বা পালনীয় কোনো কর্তব্য নির্ধারিত সময়সীমার মধ্যে করা বা পালন করা সম্",family_1444_s5,own_search,answered,1,
prot_0050_01,Sarwad,,"আমি দ্বাদশ শ্রেণীতে পড়ছি। বয়স ১৮ বছর। সহপাঠী এক মেয়েকে ভালোবাসি। সেও আমাকে ভালোবাসে। মাধ্যমিক পরীক্ষার পর থেকে শুরু হয় আমাদের সম্পর্ক। একাদশ শ্রেণীতে ভর্তি হওয়ার পর জানতে পারলাম, মামাতো ভাইয়ের সঙ্গে পারিবারিকভাবে মেয়েটির বাগ্দান হবে। আমরা একজন অন্যজনকে খুব ভালোবাসি এবং একজন অন্যজনকে ছাড়া বাঁচব না। কিন্তু ওই মুহূর্তে পরিবারকে কিছু জানানো সম্ভব ছিল না। তখন আমরা কলেমা পড়ে কবুল বলে বিয়ে করি। আমাদের বিয়েতে কেউ সাক্ষী ছিল না। কিন্তু আমরা দুজন দুজনকে স্বামী-স্ত্রী হিসেবে মেনে নিয়েছি। তারপর আমাদের মধ্যে কয়েকবার শারীরিক সম্পর্ক হয়। সামনে আমাদের উচ্চমাধ্যমিক পরীক্ষা। পরিকল্পনামতো, দুজন ভালো কোনো বিশ্ববিদ্যালয়ে ভর্তি হয়ে পরিবারকে বিয়ের ব্যাপারে জানাব। কিন্তু আমাদের বিয়ে এবং শারীরিক সম্পর্ক বৈধ কি না—এ কথা ভেবে মেয়েটি মানসিকভাবে ভেঙে পড়েছে। আমাদের বিয়েটি কি বৈধ? আইনগত কোনো ভিত্তি আছে এই বিয়ের?অপরাজিতঠিকানা প্রকাশে অনিচ্ছুক","1. <other_1469_s41> [ঠাকুরগাঁও বিশ্ববিদ্যালয় আইন, ২০২৩, ধারা ৪১] বিশ্ববিদ্যালয়ের পাঠক্রমে ভর্তি — (১) এই আইন ও সংবিধির বিধান সাপেক্ষে, বিশ্ববিদ্যালয়ের ডিগ্রি, ডিপ্লোমা, সার্টিফিকেট ও অন্যান্য পাঠক্রমে শিক্ষা
2. <other_1707_s44> [ঢাকা সেন্ট্রাল ইউনিভার্সিটি আইন, ২০২৬, ধারা ৪৪] বিশ্ববিদ্যালয় পাঠ্যক্রমে ভর্তি — (১) এই আইন ও সংবিধির বিধানসাপেক্ষে, বিশ্ববিদ্যালয়ের স্নাতক ও স্নাতকোত্তর শিক্ষার্থী ভর্তি একাডেমিক কাউন্সিল ক
3. <other_1425_s40> [1[মেহেরপুর বিশ্ববিদ্যালয়] আইন, ২০২৩, ধারা ৪০] বিশ্ববিদ্যালয়ের পাঠক্রমে ভর্তি — (১) এই আইন ও সংবিধির বিধান সাপেক্ষে, বিশ্ববিদ্যালয়ের ডিগ্রি, ডিপ্লোমা, সার্টিফিকেট ও অন্যান্য পাঠক্রমে শিক্ষা
4. <other_609_s51> [ইসলামী বিশ্ববিদ্যালয় আইন, ১৯৮০, ধারা ৫১] (১) বাংলাদেশ মাদ্রাসা শিক্ষা বোর্ডের আওতাধীন ২০০৫-২০০৬ শিক্ষাবর্ষে ফাজিল ও কামিল মাদ্রাসায়-(ক) যে সকল ছাত্র-ছ
5. <other_1286_s53> [1[অ্যাভিয়েশন অ্যান্ড অ্যারোস্পেস বিশ্ববিদ্যা, ধারা ৫৩] বিশ্ববিদ্যালয়ের পাঠ্যক্রমে ভর্তি — (১) এই আইন এবং সংবিধির বিধান সাপেক্ষে, বিশ্ববিদ্যালয়ের ডিগ্রি, ডিপ্লোমা,সার্টিফিকেটও অন্যান্য পাঠ্যক্রমে শিক্
6. <women_children_1256_s2> [যৌতুক নিরোধ আইন, ২০১৮, ধারা ২] সংজ্ঞা — বিষয় বা প্রসঙ্গের পরিপন্থি কোনো কিছু না থাকিলে,-(ক) ‘‘পক্ষ’’ অর্থ এই আইনের উদ্দেশ্য পূরণকল্পে, বিবাহের বর বা 
7. <other_1223_s36> [1[জামালপুর বিজ্ঞান ও প্রযুক্তি বিশ্ববিদ্যালয়, ধারা ৩৬] বিশ্ববিদ্যালয়ের পাঠক্রমে ভর্তি — (১) এই আইন এবং সংবিধির বিধান সাপেক্ষে, বিশ্ববিদ্যালয়ের ডিগ্রি, ডিপ্লোমা, সার্টিফিকেট ও অন্যান্য পাঠক্রমে শিক্
8. <other_907_s42> [চট্টগ্রাম প্রকৌশল ও প্রযুক্তি বিশ্ববিদ্যালয় , ধারা ৪২] বিশ্ববিদ্যালয়ের পাঠ্যক্রমে ভর্তি — (১) এই আইন এবং সংবিধির বিধান সাপেক্ষে, বিশ্ববিদ্যালয়ের স্নাতক, স্নাতকোত্তর ও অন্যান্য পাঠ্যক্রমে ছাত্র ভর্তি 
9. <other_933_s40> [জগন্নাথ বিশ্ববিদ্যালয় আইন, ২০০৫, ধারা ৪০] বিশ্ববিদ্যালয়ে ছাত্র ভর্তি — (১) এই আইন এবং সংবিধির বিধান সাপেক্ষে, বিশ্ববিদ্যালয়ের স্নাতক, স্নাতকোত্তর ও অন্যান্য পাঠ্যক্রমে ছাত্র ভর্তি 
10. <other_1426_s40> [1[নওগাঁ বিশ্ববিদ্যালয়] আইন, ২০২৩, ধারা ৪০] বিশ্ববিদ্যালয়ের পাঠক্রমে ভর্তি — (১) এই আইন ও সংবিধির বিধান সাপেক্ষে, বিশ্ববিদ্যালয়ের ডিগ্রি, ডিপ্লোমা, সার্টিফিকেট ও অন্যান্য পাঠক্রমে শিক্ষা",none,none,not_found,2,
prot_0106_03,Sarwad,,"এখানে বিক্রির বায়না দলিলটি না দেখে কিছু বলা যাচ্ছে না। তবে বিষয়টি হাউস বিল্ডিং কর্তৃপক্ষের সঙ্গে যোগাযোগ করে প্রকৃত তথ্য বের করার চেষ্টা করেন। আর আপনার বাবার করা বিক্রি দলিলটি কতটা আইনসম্মত তা যাচাই করতে হবে। যদি বিক্রিটি আইনসম্মত না হয়ে থাকে, তাহলে দেওয়ানি আদালতের আশ্রয় নেওয়া যেতে পারে।স্বামীর নির্যাতন থেকে বোনকে বাঁচাব কীভাবে?","1. <other_1246_s128> [ক্যান্টনমেন্ট আইন, ২০১৮, ধারা ১২৮] আইনসম্মত নোটিশের শর্তাবলি — (১) ধারা ১২৭ এর অধীন নোটিশ প্রদানকারী ব্যক্তি সংশ্লিষ্ট ইমারতটি যে উদ্দেশ্যে ব্যবহৃত হইবে উহা নির্দিষ্ট করিবেন
2. <other_788_s39> [কোম্পানী আইন, ১৯৯৪, ধারা ৩৯] হস্তান্তর প্রত্যয়ন — (১) কোম্পানীর শেয়ার বা ডিবেঞ্চার হস্তান্তর-দলিল কোম্পানী কর্তৃক প্রত্যয়নকৃত হইলে, তৎসম্পর্কে যে কোন ব্যক্তির
3. <family_1444_s6_p1> [পারিবারিক আদালত আইন, ২০২৩, ধারা ৬] মোকদ্দমা দায়ের — এবং(ছ) বাদীর প্রার্থীত প্রতিকার।(৫) যেক্ষেত্রে বাদী তাহার দাবির সমর্থনে সাক্ষ্য হিসাবে তাহার দখলে বা ক্ষমতাধীন
4. <other_1246_s175> [ক্যান্টনমেন্ট আইন, ২০১৮, ধারা ১৭৫] অন্তর্ঘাতি ব্যক্তিগণের বহিষ্কার — (১) যদি ক্যান্টনমেন্টের অভ্যন্তরে অবস্থান বা বসবাস করিয়া কোনো ব্যক্তি এইরূপ কোনো কিছু ঘটান বা ঘটানোর চেষ্টা ক
5. <other_1072_s4> [জনস্বার্থ সংশ্লিষ্ট তথ্য প্রকাশ (সুরক্ষা প্র, ধারা ৪] (১) কোন তথ্য প্রকাশকারী উপযুক্ত কর্তৃপক্ষের নিকট, যুক্তিযুক্ত বিবেচনায়, জনস্বার্থ সংশ্লিষ্ট সঠিক তথ্য প্রকাশ 
6. <other_914_s28খ> [দুর্নীতি দমন কমিশন আইন, ২০০৪, ধারা ২৮খ] তথ্য প্রদানকারীর পরিচয় গোপন রাখা — (১) এই আইনের অধীন ও উহার তফসিলে বর্ণিত কোন অপরাধের বিষয়ে কোন ব্যক্তি কর্তৃক প্রদত্ত কোন তথ্য (information) কো
7. <other_1652_s5> [বাণিজ্যিক আদালত আইন, ২০২৬, ধারা ৫] এখতিয়ারে বাধা — এই আইনে যাহা কিছু থাকুক না কেন, যেক্ষেত্রে কোনো আইন দ্বারা দেওয়ানি আদালতের এখতিয়ার সীমাবদ্ধ বা রহিত করা হয়,
8. <other_788_s333_p0> [কোম্পানী আইন, ১৯৯৪, ধারা ৩৩৩] অপরাধী পরিচালক ইত্যাদিকে ফৌজদারীতে সোপর্দ করা — (১) আদালত কর্তৃক কিংবা আদালতের তত্ত্বাবধান সাপেক্ষে কোন কোম্পানীর অবলুপ্তির চলাকালে আদালতের নিকট যদি প্রতীয়মা
9. <women_children_835_s11> [নারী ও শিশু নির্যাতন দমন আইন, ২০০০, ধারা ১১] যৌতুকের জন্য মৃত্যু ঘটানো, ইত্যাদির শাস্তি — যদি কোন নারীর স্বামী অথবা স্বামীর পিতা, মাতা, অভিভাবক, আত্মীয় বা স্বামীর পক্ষে অন্য কোন ব্যক্তি যৌতুকের জন্য 
10. <other_812_s84_p1> [দেউলিয়া বিষয়ক আইন, ১৯৯৭, ধারা ৮৪] দেনাদারের অপরাধ ও উহাদের দণ্ড — ও অন্যান্য দলিল-পত্র তাহার হেফাজতে বা নিয়ন্ত্রণে আছে তাহা যদি তিনি, রিসিভারের নির্দেশ মোতাবেক, রিসিভারের নিকট","women_children_1063_s11, women_children_1063_s13, women_children_1063_s14",own_search,answered,2,
prot_0100_03,Sarwad,,"২. অর্পিত সম্পত্তির তালিকা-সম্পর্কিত গেজেট প্রকাশের পরবর্তী ৩০০ দিনের মধ্যে জমির মালিককে বা তাদের দাবির সমর্থনে আবেদন করতে পারবেন, কিন্তু জমির মালিক বা উত্তরাধিকার যদি ৩০০ দিন পরে আবেদন করেন তাহলে ট্রাইব্যুনালে আবেদন করতে পারবেন কি না?","1. <land_856_s10_p0> [অর্পিত সম্পত্তি প্রত্যর্পণ আইন, ২০০১, ধারা ১০] 1 [প্রত্যর্পণযোগ্য] সম্পত্তি প্রত্যর্পণ বা অবমুক্তির আবেদন, রেজিষ্ট্রি, রায় ও রায়ের অনুলিপি — (১)38[ধারা ৯ এর অধীন গেজেটে প্রকাশিত ক তফসিলভুক্ত অর্পিত] সম্পত্তির মালিক উক্ত সম্পত্তি তাহার অনুকূলে প্রত্যর্
2. <land_856_s9> [অর্পিত সম্পত্তি প্রত্যর্পণ আইন, ২০০১, ধারা ৯] 1 [প্রত্যর্পণযোগ্য ]সম্পত্তির তালিকা প্রকাশ — 21[ (১) অর্পিত সম্পত্তি প্রত্যর্পণ (সংশোধন) আইন, ২০১১ কার্যকর হইবার22[ ৩০০ (তিনশত)] দিনের মধ্যে সরকার এই ধারার
3. <land_856_s13> [অর্পিত সম্পত্তি প্রত্যর্পণ আইন, ২০০১, ধারা ১৩] 1 [প্রত্যর্পণযোগ্য] সম্পত্তি সংক্রান্ত মামলার abatement, কার্যধারা বন্ধ ও ট্রাইব্যুনালে দাবী উত্থাপন — (১)57[প্রত্যর্পণযোগ্য সম্পত্তির তালিকা] সরকারী গেজেটে প্রকাশের তারিখে যদি কোন আদালতে এমন দেওয়ানী মামলা অনিষ্প
4. <land_856_s15> [অর্পিত সম্পত্তি প্রত্যর্পণ আইন, ২০০১, ধারা ১৫] প্রত্যর্পণযোগ্য জনহিতকর সম্পত্তি সম্পর্কিত বিধান — (১) কোন প্রত্যর্পণযোগ্য জনহিতকর সম্পত্তি দেবোত্তর সম্পত্তি হইলে উহার সেবায়েত, বা উহা মঠ হইলে উহার মোহন্ত, বা 
5. <other_1439_s10> [বাংলাদেশ শিল্প-নকশা আইন, ২০২৩, ধারা ১০] আবেদন প্রকাশনা — (১) কোনো শিল্প নকশা নিবন্ধন আবেদন গৃহীত হইবার পর নির্ধারিত পদ্ধতিতে ও সময়ের মধ্যে মহাপরিচালক উক্ত আবেদন ই-গেজ
6. <other_1429_s333> [আয়কর আইন, ২০২৩, ধারা ৩৩৩] তামাদির মেয়াদ গণনা — (১) এই আইনের অধীন আপিল বা আবেদন দাখিলের জন্য নির্ধারিত তামাদির মেয়াদ গণনার ক্ষেত্রে, যেই তারিখে অভিযোগীয় বিষ
7. <land_1449_s16> [ভূমি উন্নয়ন কর আইন, ২০২৩, ধারা ১৬] পুনরীক্ষণ — (১) ধারা ১৫ অনুযায়ী ভূমি উন্নয়ন কর নির্ধারণী তালিকা প্রকাশ, প্রচার ও খুদে বার্তা সেবা (SMS) এর মাধ্যমে অবহিত
8. <land_856_s18> [অর্পিত সম্পত্তি প্রত্যর্পণ আইন, ২০০১, ধারা ১৮] আপীল — (১) উপ-ধারা (২) এ উল্লিখিত ট্রাইব্যুনালের সিদ্ধান্তসমূহের বিরুদ্ধে শুধুমাত্র আপীল ট্রাইব্যুনালে আপীল দায়ের কর
9. <other_1429_s303> [আয়কর আইন, ২০২৩, ধারা ৩০৩] আপিল ট্রাইব্যুনাল বা হাইকোর্ট বিভাগে নিষ্পন্নাধীন আপিল বা রেফারেন্স সম্পর্কিত কার্যক্রম সাময়িক স্থগিতকরণ — যেইক্ষেত্রে কোনো করদাতা কোনো আয়বর্ষে বিকল্প বিরোধ নিষ্পত্তির জন্য আবেদন করেন এবং উক্ত আয়বর্ষের জন্য উপকর কমি
10. <other_1472_s15> [বাংলাদেশ পেটেন্ট আইন, ২০২৩, ধারা ১৫] বিদেশি পেটেন্ট আবেদনের দলিলাদি সংক্রান্ত তথ্য — (১) যদি কোনো আবেদনকারী, এককভাবে বা অন্য কোনো ব্যক্তির সহিত যৌথভাবে, বাংলাদেশ ব্যতীত অন্য কোনো দেশে আবেদন করেন,",1,candidate,answered,3,
ajke_0195_01,Sarwad,,"প্রশ্ন: আমি একজন গ্রাফিকস ডিজাইনার। অনলাইনে বিভিন্ন ক্লায়েন্টের কাজ করে থাকি। কিন্তু অনেক সময় দেখা যায়, কিছু অসভ্য মানুষ প্রচুর পরিমাণে কাজ করিয়ে নিয়ে আইডি ব্লক করে দেয় অথবা কথা ঘোরানোসহ বিভিন্ন ধরনের ঝামেলা করে থাকে। এগুলো কোনো নতুন ঘটনা নয়। অনেকের সঙ্গেই এ ধরনের প্রতারণা হয়ে থাকে। আমি যে ক্লায়েন্টের কাজ করেছিলাম, তিনি দুবাইপ্রবাসী সিলেটের বাসিন্দা। এই মুহূর্তে আমি তাঁর কাছ থেকে কীভাবে টাকা আদায় করতে পারি অথবা কী ব্যবস্থা নিতে পারি তাঁর বিরুদ্ধে?","1. <other_1096_s2_p1> [বাংলাদেশ পরমাণু শক্তি নিয়ন্ত্রণ আইন, ২০১২, ধারা ২] সংজ্ঞা — দ্বারা নির্ধারিত গাঢ়ত্ব এবং পরিমাণ অপেক্ষা অধিক গাঢ়ত্ব বা পরিমাণে উপ-দফা (ক), (খ) ও (গ) এ উল্লিখিত এক বা একা
2. <other_822_s26> [পার্বত্য চট্টগ্রাম আঞ্চলিক পরিষদ আইন, ১৯৯৮, ধারা ২৬] চুক্তি — (১) পরিষদ কতর্ৃক বা উহার পক্ষে সম্পাদিত সকল চুক্তি-(ক) লিখিত হইতে হইবে এবং পরিষদের নামে সম্পাদিত হইয়াছে বলিয়
3. <local_government_827_s30> [উপজেলা পরিষদ আইন, ১৯৯৮, ধারা ৩০] চুক্তি — (১) পরিষদ কর্তৃক বা উহার পক্ষে সম্পাদিত সকল চুক্তি-(ক) লিখিত হইতে হইবে এবং পরিষদের নামে সম্পাদিত হইবে;(খ) বিধি
4. <consumer_1447_s41> [ঔষধ ও কসমেটিকস্ আইন, ২০২৩, ধারা ৪১] ঔষধ আমদানির উপর বিধি-নিষেধ — (১) লাইসেন্স ব্যতীত বা লাইসেন্সে আরোপিত শর্ত বহির্ভূতভাবে কোনো ধরনের ঔষধ আমদানি করা যাইবে না।(২) লাইসেন্সিং কর
5. <labour_952_s111> [বাংলাদেশ শ্রম আইন, ২০০৬, ধারা ১১১] প্রাপ্তবয়স্ক শ্রমিকের কাজের সময়ের নোটিশ এবং উহার প্রস্তুতি — (১) প্রত্যেক প্রতিষ্ঠানে উহাতে কর্মরত প্রাপ্তবয়স্ক শ্রমিকগণ কোন্ কোন্ সময় কাজ করিবেন ইহা পরিষ্কারভাবে লিখিয়
6. <other_857_s44> [বাংলাদেশ টেলিযোগাযোগ নিয়ন্ত্রণ আইন, ২০০১, ধারা ৪৪] ক্ষতিপূরণ — (১) পরিচালনাকারী কর্তৃক ৪২ ধারার অধীনে তাহার পথাধিকার প্রয়োগ বা ৪৩ ধারার অধীনে তাহার প্রয়োজনে কৃত কোন কিছুর 
7. <other_1198_s5> [বাংলাদেশ ন্যাশনাল ক্যাডেট কোর আইন, ২০১৬, ধারা ৫] বাংলাদেশ ন্যাশনাল ক্যাডেট কোরের দায়িত্ব ও কর্তব্য — (১) বাংলাদেশ ন্যাশনাল ক্যাডেট কোরের প্রত্যেক তালিকাভুক্ত সদস্য এবং কর্মচারীর দায়িত্ব ও কর্তব্য হইবে নিম্নরূপ,
8. <other_1443_s55> [বাংলাদেশ ক্ষুদ্র ও কুটির শিল্প কর্পোরেশন আইন, ধারা ৫৫] নোটিশ অগ্রাহ্যে কর্পোরেশন কর্তৃক ব্যবস্থা গ্রহণ — কর্পোরেশন, এই আইনের অধীন কোনো ব্যক্তিকে নির্দিষ্ট সময়ের মধ্যে কোনো কার্য সম্পাদন করিতে অথবা কোনো কাজ করা হইতে
9. <labour_952_s198> [বাংলাদেশ শ্রম আইন, ২০০৬, ধারা ১৯৮] কতিপয় ক্ষেত্রে দেওয়ানী মোকদ্দমা হইতে অব্যাহতি — (১) কোন ট্রেড ইউনিয়ন বা যৌথ দরকষাকষি প্রতিনিধি অথবা উহার কোন কর্মকর্তা বা সদস্যের বিরুদ্ধে, ট্রেড ইউনিয়নটি জ
10. <labour_952_s214_p2> [বাংলাদেশ শ্রম আইন, ২০০৬, ধারা ২১৪] শ্রম আদালত — শ্রম আদালতের কোন কাজ, কার্যধারা সিদ্ধান্ত অথবা রোয়েদাদ কেবলমাত্র উক্তরূপ অনুপস্থিতির কারণে অথবা শ্রম আদালতের ","other_26_s37, other_26_s73",own_search,answered,2,
prot_0001_03,Sarwad,,আমি হিন্দু ধর্মাবলম্বী। আমার মামা একজন এবং মায়েরা দুই বোন। আমার প্রশ্ন হলো— ১. আমার দিদিমা (মায়ের মা) ২০১৩ সালে আমার মায়ের কাছে সাড়ে ৫ শতাংশ জমি সাব-রেজিস্ট্রি মূলে বিক্রয় করেন এবং দিদিমা ২০১৬ সালে মারা যান। ওই জমি খারিজ করা হয়নি। এখন আমার মামা কি ওই জমি ফেরত নিতে পারবেন? ২. আমার দিদিমা দুই বিঘা জমি রেখে মারা যান। এখন কি আমার মায়েরা দুই বোন ওই জমির অংশীদার হবেন? সুশান্ত কুমার নাটোর,"1. <other_721_s7> [বাংলাদেশ ঋণ সালিসি আইন, ১৯৮৯, ধারা ৭] কতিপয় বিক্রয় বাতিল — (১) এই আইন বলবত্ হইবার পর অনধিক দুই একর কৃষি জমির মালিক কোন কৃষক প্রাকৃতিক দুর্যোগে তগতিগ্রস্ত হওয়ার বা জীবন 
2. <other_722_s15> [পার্বত্য জেলাসমূহ (আইন রহিত ও প্রয়োগ এবং বিশ, ধারা ১৫] বসতবাড়ীর জন্য গ্রামীণ জমি দখল — (১) কোন পাহাড়ী ব্যক্তি পৌর এলাকা-বহির্ভূত অনধিক ত্রিশ শতাংশ পর্যন্ত খাস জমি তাহার নিজ বসতবাড়ীর জন্য হেডম্যান
3. <other_857_s45> [বাংলাদেশ টেলিযোগাযোগ নিয়ন্ত্রণ আইন, ২০০১, ধারা ৪৫] লাইসেন্সধারীর প্রয়োজনে বাধ্যতামূলকভাবে বেসরকারী জমি অধিগ্রহণ — (১) লাইসেন্সের অধীন কাজকর্ম সম্পাদন বা পরিচালনার জন্য প্রয়োজনীয় কোন জমি ব্যবহারের ক্ষেত্রে লাইসেন্সধারী বাধা
4. <other_721_s6_p1> [বাংলাদেশ ঋণ সালিসি আইন, ১৯৮৯, ধারা ৬] কতিপয় জমির বিক্রয় খায়খালাসী বন্ধক ঘোষণা — যদি উপ-ধারা (২) এর অধীন নির্ধারিত সময়ের মধ্যে ক্রেতা জমি প্রত্যর্পণ না করেন বা করিতে ব্যর্থ হন, তাহা হইলে ধার
5. <other_1427_s6> [হাট ও বাজার (স্থাপন ও ব্যবস্থাপনা) আইন, ২০২৩, ধারা ৬] হাট ও বাজারের জমি বন্দোবস্ত প্রদান এবং হাট ও বাজার ইজারা প্রদান — (১) হাট ও বাজারের কোনো জমি স্থায়ী বন্দোবস্ত প্রদান করা যাইবে না।(২) উপ-ধারা (১) এর বিধান সাপেক্ষে, জেলা প্রশা
6. <other_721_s8> [বাংলাদেশ ঋণ সালিসি আইন, ১৯৮৯, ধারা ৮] জমি প্রত্যর্পণের নির্দেশ কার্যকরকরণ — ক্রেতা বোর্ডের নির্দেশানুসারে জমির দখল প্রত্যর্পণ না করিলে বা করিতে ব্যর্থ হইলে, জমির দখল পাওয়ার জন্য বিক্রেত
7. <money_recovery_876_s42> [সমবায় সমিতি আইন, ২০০১, ধারা ৪২] সমিতির ধারণকৃত কতিপয় জমির দখল এবং জমির স্বার্থ হস্তান্তরে বাধা-নিষেধ — এই আইনের অন্য কোন ধারায় কিংবা আপাততঃ বলবত্ অন্য কোন আইনে যাহাই থাকুক না কেন-(ক) যেই সমবায় সমিতির উদ্দেশ্য হই
8. <other_724_s64> [রাংগামাটি পার্বত্য জেলা পরিষদ আইন, ১৯৮৯, ধারা ৬৪] (১) আপাততঃ বলবত্ অন্য কোন আইনে যাহা কিছুই থাকুক না কেন-(ক) রাংগামাটি পার্বত্য জেলার এলাকাধীন বন্দোবস্তযোগ্য খা
9. <other_726_s64> [বান্দরবান পার্বত্য জেলা পরিষদ আইন, ১৯৮৯, ধারা ৬৪] (১) আপাততঃ বলবত্ অন্য কোন আইনে যাহা কিছুই থাকুক না কেন-(ক) বান্দরবন পার্বত্য জেলার এলাকাধীন বন্দোবস্তযোগ্য খাস
10. <other_725_s64> [খাগড়াছড়ি পার্বত্য জেলা পরিষদ আইন, ১৯৮৯, ধারা ৬৪] (১) আপাততঃ বলবত্ অন্য কোন আইনে যাহা কিছুই থাকুক না কেন-(ক) খাগড়াছড়ি পার্বত্য জেলার এলাকাধীন বন্দোবস্তযোগ্য খ","other_48_s7, other_48_s8",own_search,answered,1,
prot_0094_01,Sarwad,,"সম্প্রতি ফেসবুকে প্রত্যেক বিকাশ অ্যাকাউন্টধারীর করোনাকালীন প্রণোদনা দেওয়ার ঘোষণা দেখতে পাই। আমিও প্রণোদনা পাওয়ার জন্য ওয়েবসাইটে অ্যাকাউন্টের সব তথ্য দিই। কিন্তু এটি ছিল আসলে প্রতারণা। ওই ভুয়া ওয়েবসাইটের মাধ্যমে আমার অ্যাকাউন্টের সব টাকা হাতিয়ে নেওয়া হয়। টাকাগুলো ফিরে পাওয়া আমার জন্য খুবই দরকার। কারণ, আমার মেয়েদের সারা জীবনের বৃত্তি, পুরস্কার ও উপহারের টাকা ওই অ্যাকাউন্টে ছিল। অনলাইনে প্রতারণার ব্যাপারে আইন কী বলে? আইনের সাহায্যে কি আমি টাকাগুলো ফিরে পাব? ওই প্রতারকের বিকাশ নম্বর আমার কাছে আছে। নাম প্রকাশে অনিচ্ছুক","1. <other_1476_s255> [কাস্টমস আইন, ২০২৩, ধারা ২৫৫] কাস্টমস কর্মকর্তা এবং কর্মচারীগণকে আর্থিক প্রণোদনা পুরস্কার — এই আইন বা অন্য কোনো আইনে ভিন্নরূপ যাহা কিছুই থাকুক না কেন, বোর্ড, আমদানি পর্যায়ে উদ্বৃত্ত রাজস্ব আদায়ের একটি
2. <other_1271_s27> [সরকারি চাকরি আইন, ২০১৮, ধারা ২৭] প্রণোদনা, পুরস্কার, স্বীকৃতি ইত্যাদি — সরকার, সরকারি সেবা প্রদান নিশ্চিতকরণে কর্মচারীগণের বিশেষ সাফল্য, উদ্যোগ, উদ্ভাবনী প্রয়াস বা অবদানের জন্য প্রণ
3. <other_1076_s78> [অর্থ আইন, ২০১১, ধারা ৭৮] ১৯৯১ সনের ২২ নং আইনে নুতন ধারা ৭১গ এর সন্নিবেশ — উক্ত আইনের ধারা ৭১খ এর পর নিম্নরূপ নূতন ধারা ৭১গ সন্নিবেশিত হইবে, যথাঃ‘‘৭১গ। কর ফেরত প্রদান এবং পুরস্কার ও আর্
4. <other_1254_s7> [বস্ত্র আইন, ২০১৮, ধারা ৭] প্রণোদনা ও পুরস্কার — (১) এই আইনের উদ্দেশ্য পূরণকল্পে, সরকার প্রয়োজনে, বিধি দ্বারা নির্ধারিত পদ্ধতিতে ও শর্তে, কোনো বস্ত্রশিল্পকে প
5. <other_1170_s17> [বাংলাদেশ  সরকারি-বেসরকারি অংশীদারিত্ব আইন, ২, ধারা ১৭] প্রণোদনা প্রদানে সরকারের ক্ষমতা — পিপিপি প্রকল্পে বেসরকারি বিনিয়োগ উৎসাহিত করিবার জন্য সরকার, বোর্ড অব গভর্নরস এর সুপারিশের ভিত্তিতে, সরকারি গে
6. <women_children_835_s14> [নারী ও শিশু নির্যাতন দমন আইন, ২০০০, ধারা ১৪] সংবাদ মাধ্যমে 1 [নির্যাতনের শিকার] নারী ও শিশুর পরিচয় প্রকাশের ব্যাপারে বাধা-নিষেধ — (১) এই আইনে বর্ণিত অপরাধের শিকার হইয়াছেন এইরূপ নারী বা শিশুর ব্যাপারে সংঘটিত অপরাধ বা তত্সম্পর্কিত আইনগত কার্
7. <other_1725_s97_p2> [অর্থ আইন, ২০২৬, ধারা ৯৭] ২০২৩ সনের ১২ নং আইনের ধারা ১৭০ এর সংশোধন — রিটার্ন দাখিলের জন্য করদাতা ধারা ১৭৩ এর উপ -ধারা (২) এ উল্লিখিত পরিশোধযোগ্য করের ৫% (পাঁচ শতাংশ) অথবা ২৫ (পঁচি
8. <other_1200_s28> [বাংলাদেশ নার্সিং ও মিডওয়াইফারি কাউন্সিল আইন,, ধারা ২৮] প্রতারণামূলক প্রতিনিধিত্ব বা নিবন্ধনের দণ্ড — (১) যদি কোন ব্যক্তি প্রতারণার আশ্রয় লইয়া ইচ্ছাকৃতভাবে নিজেকে একজন স্বীকৃত নার্স বা মিডওয়াইফ হিসাবে এই আইনের
9. <other_1065_s28> [বাংলাদেশ মেডিকেল ও ডেন্টাল কাউন্সিল আইন, ২০১, ধারা ২৮] প্রতারণামূলক প্রতিনিধিত্ব বা নিবন্ধনের দন্ড — (১) যদি কোন ব্যক্তি প্রতারণার আশ্রয় লইয়া ইচ্ছাকৃতভাবে নিজেকে একজন স্বীকৃত মেডিকেল চিকিৎসক বা স্বীকৃত ডেন্টাল
10. <criminal_procedure_765_s89> [রাজশাহী মহানগরী পুলিশ আইন, ১৯৯২, ধারা ৮৯] সূর্যাস্ত হইতে সূর্যোদয় পর্যন্ত সময়ের মধ্যে সন্দেহজনক চলাফেরার দণ্ড — কোন ব্যক্তিকে সূর্যাস্ত ও সূর্যোদয়ের মধ্যবর্তী সময়ে নিম্নবর্ণিত অবস্থায় পাওয়া গেলে, সেই ব্যক্তি এক বত্সর প","criminal_procedure_11_s420, criminal_procedure_75_s545",own_search,answered,2,
prot_0016_01,Sarwad,,"প্রথমে আমার বড় মামা মারা যান। তারপর আমার মা, এরপর খালা মারা যান। খালার স্বামী বড় মামার আগে মারা গেছেন। খালা নিঃসন্তান। আমার প্রশ্ন, খালার সম্পূর্ণ সম্পত্তি কি শুধু ছোট মামা পাবেন?","1. <other_1156_s25> [মেট্রোরেল আইন, ২০১৫, ধারা ২৫] ক্ষতিপূরণ প্রদান — মেট্রোরেল পরিচালনাকালে উহা হইতে উদ্ভূত দুর্ঘটনার ফলে যদি কোন ব্যক্তি আঘাতপ্রাপ্ত বা ক্ষতিগ্রস্ত হন বা আঘাতপ্রা
2. <other_1201_s27> [বাস র‍্যাপিড ট্রানজিট (বিআরটি) আইন, ২০১৬, ধারা ২৭] ক্ষতিপূরণ প্রদান — বিআরটি পরিচালনাকালে উহা হইতে উদ্ভূত দুর্ঘটনার ফলে যদি কোনো ব্যক্তি আঘাতপ্রাপ্ত বা ক্ষতিগ্রস্ত হন বা আঘাতপ্রাপ্
3. <consumer_1010_s92> [ট্রেডমার্ক আইন, ২০০৯, ধারা ৯২] মামলার কোন পক্ষের মৃত্যু — যদি এই আইনের অধীন কোন কার্যধারা বিচারাধীন থাকা অবস্থায় কোন পক্ষ মারা যান, তাহা হইলে নিবন্ধক সংশ্লিষ্ট কোন পক্
4. <land_1455_s10> [ভূমি সংস্কার আইন, ২০২৩, ধারা ১০] বর্গাদারের মৃত্যুর পর বর্গাভূমির চাষ — (১) কোনো বর্গাদার বর্গাচুক্তির মেয়াদ শেষ হইবার পূর্বে মারা গেলে, উহার মেয়াদ শেষ না হওয়া পর্যন্ত অথবা এই আইন
5. <labour_952_s157> [বাংলাদেশ শ্রম আইন, ২০০৬, ধারা ১৫৭] নোটিশ ও দাবী — (১) কোন শ্রম আদালত ৰতিপূরণের কোন দাবী বিবেচনায় আনিবে না যদি না দুর্ঘটনা ঘটিবার পর যতশীঘ্র সম্ভব এতদ্নিম্নে বর
6. <labour_1285_s33> [বাংলাদেশ ইপিজেড শ্রম আইন, ২০১৯, ধারা ৩৩] মহিলা শ্রমিকের মৃত্যুর ক্ষেত্রে প্রসূতি কল্যাণ সুবিধা প্রদান — (১) এই অধ্যায়ের অধীন প্রসূতি কল্যাণ সুবিধা পাইবার অধিকারী কোনো মহিলা শ্রমিক সন্তান প্রসবকালে অথবা উহার পরবর্ত
7. <labour_952_s49> [বাংলাদেশ শ্রম আইন, ২০০৬, ধারা ৪৯] 1 [***] মৃত্যুর ক্ষেত্রে প্রসূতি কল্যাণ সুবিধা প্রদান — (১) এই অধ্যায়ের অধীন প্রসূতি কল্যাণ সুবিধা পাওয়ার অধিকারী কোন মহিলা সন্ত্মান প্রসবকালে অথবা উহার পরবর্তী আট 
8. <labour_952_s160_p1> [বাংলাদেশ শ্রম আইন, ২০০৬, ধারা ১৬০] চিকিৎসা পরীক্ষা — অস্বীকৃতির ৰেত্রে, নিজেকে উক্তরূপ হাজির করার ব্যাপারে তিনি পর্যাপ্ত কারণ দ্বারা বাধাপ্রাপ্ত হইয়া থাকেন।(৬) যদ
9. <other_1037_s144> [বীমা আইন, ২০১০, ধারা ১৪৪] দলিলাদি স্বাক্ষর৷ — এই আইন বা ইহার অধীন প্রণীত বিধি অনুয়ায়ী কর্তৃপক্ষের চেয়ারম্যান বা তাহার অধীনস্থ কোন ব্যক্তি বা ধারা ১২৫ এর 
10. <other_1682_s2_p0> [মানবদেহে অঙ্গ-প্রত্যঙ্গ সংযোজন আইন, ২০২৬, ধারা ২] সংজ্ঞা — বিষয় বা প্রসঙ্গের পরিপন্থি কোনো কিছু না থাকিলে, এই আইনে- (১) “অঙ্গ-প্রত্যঙ্গ” অর্থ মানবদেহের কিডনি, হৃৎপিণ্ড,",none,none,not_found,1,
prot_0114_09,Sarwad,,এ ধারা অনুযায়ী বাদী আদালতে উপস্থিত না হলে তাহলে আদালত মামলা খারিজ করে দিতে পারেন এবং অভিযুক্ত ব্যক্তিকে খালাস দিতে পারেন। আপনি এ ধারা উল্লেখ করে আইনজীবীর মাধ্যমে আদালতে আবেদন করতে পারেন। অথবা আদালত বদলির জন্য জেলা ম্যাজিস্ট্রেটের কাছে আবেদন করতে পারেন। আপনার আবেদন না মঞ্জুর হলে এ আদেশের বিরুদ্ধে দায়রা আদালতে রিভিশন করতে পারেন।কন্যা ও স্ত্রী কতটুকু সম্পত্তি পায়?,"1. <other_812_s30> [দেউলিয়া বিষয়ক আইন, ১৯৯৭, ধারা ৩০] দেউলিয়া ঘোষণাদেশ — (১) কোন আর্জি খারিজ করা না হইলে আদালত- (ক) একটি দেউলিয়া ঘোষণাদেশ প্রদান করিবে; এবং (খ) একক দেনাদারের ক্ষেত্রে
2. <other_788_s396> [কোম্পানী আইন, ১৯৯৪, ধারা ৩৯৬] কতিপয় ক্ষেত্রে অব্যাহতি প্রদানে আদালতের ক্ষমতা — (১) উপ-ধারা (৩) এ উল্লেখিত কোন ব্যক্তির বিরুদ্ধে যদি কর্তব্যে অবহেলা অথবা উহা পালনে ব্যর্থতা, বরখেলাপ, ত্রুটিব
3. <other_1061_s19> [পরিবেশ আদালত আইন, ২০১০, ধারা ১৯] আপীল — (১) দেওয়ানী কার্যবিধি বা ফৌজদারী কার্যবিধিতে ভিন্নতর যাহা কিছুই থাকুক না কেন, এই আইনের বিধান অনুযায়ী ব্যতীত 
4. <consumer_1010_s102> [ট্রেডমার্ক আইন, ২০০৯, ধারা ১০২] ট্রেডমার্কের বৈধতা অথবা নিবন্ধন প্রশ্নাধীন হইলে কার্যধারা স্থগিত রাখা — (১) যেক্ষেত্রে ট্রেডমার্ক লঙ্ঘনজনিত মামলায় বিবাদী যুক্তি দেখান যে, বাদীর ট্রেডমার্ক অবৈধ বা বাদী বিবাদীর ট্রে
5. <other_857_s65_p0> [বাংলাদেশ টেলিযোগাযোগ নিয়ন্ত্রণ আইন, ২০০১, ধারা ৬৫] (১) এই আইনের যে সকল বিধানে প্রশাসনিক জরিমানা আরোপের ব্যবস্থা রহিয়াছে, উহার অতিরিক্ত হিসাবে কমিশন প্রবিধান দ্ব
6. <money_recovery_901_s50> [অর্থ ঋণ আদালত আইন, ২০০৩, ধারা ৫০] সুদ, মুনাফা সম্পর্কিত বিধান — (১) ধারা ৪৭ এর বিধান সাপেক্ষে, এই আইনের অধীন কোন আদালত, ঋণ প্রদানের দিবস হইতে মামলা দায়েরের দিবস পর্যন্ত সময়
7. <family_938_s4> [গ্রাম আদালত আইন, ২০০৬, ধারা ৪] গ্রাম আদালত গঠনের আবেদন — (১) যেক্ষেত্রে এই আইনের অধীন কোন মামলা গ্রাম আদালত কর্তৃক বিচারযোগ্য হয সেইক্ষেত্রে বিরোধের যে কোন পক্ষ উক্ত ম
8. <family_1444_s10_p1> [পারিবারিক আদালত আইন, ২০২৩, ধারা ১০] পক্ষগণের অনুপস্থিতির ফলাফল — হইলে বিবাদী উপস্থিত হন, তবে বাদী অনুপস্থিত থাকেন, সেইক্ষেত্রে আদালত মোকদ্দমা খারিজ করিবে, তবে বিবাদী যদি দাবির
9. <consumer_1010_s81> [ট্রেডমার্ক আইন, ২০০৯, ধারা ৮১] অভিযুক্ত ব্যক্তি কর্তৃক নিবন্ধনের অবৈধতাকে আত্মপক্ষ সমর্থনের যুক্তি হিসাবে দাবি করিবার পদ্ধতি — (১) ধারা ৭৩ বা ধারা ৭৪ এর অধীন কোন অপরাধে অভিযুক্ত ব্যক্তি যদি আত্মপক্ষ সমর্থন করিয়া দাবী করেন যে, সংশ্লিষ্ট 
10. <other_1037_s48_p3> [বীমা আইন, ২০১০, ধারা ৪৮] বীমাকারীর কার্যক্রম তদন্ত ৷ — ব্যক্তিকে বীমাকারীর অবসায়নের জন্য আদালতে আবেদন করিতে নির্দেশ প্রদান করিবে।(৮) কর্তৃপক্ষ প্রয়োজন মনে করিলে বী",none,none,not_found,1,
ajke_0144_02,Sarwad,,"৯০ দিন পর যদি আমরা আবার সংসার করতে চাই, তাহলে কি হিল্লা করাতে হবে?","1. <other_1718_s29_p2> [অর্থ (২০২৫-২০২৬ অর্থ বৎসর) আইন, ২০২৬, ধারা ২৯] ২০২৩ সনের ১২ নং আইনের ধারা ২ এর সংশোধন — অথবা যেইক্ষেত্রে উক্ত পনেরোতম দিন সেপ্টেম্বর মাসের পনেরোতম দিনের পূর্বের তারিখে পড়ে, সেইক্ষেত্রে আয়বর্ষ সমাপ
2. <consumer_1447_s15> [ঔষধ ও কসমেটিকস্ আইন, ২০২৩, ধারা ১৫] লাইসেন্সের মেয়াদ ও নবায়ন — (১) লাইসেন্সের মেয়াদ হইবে প্রদানের তারিখ হইতে ২ (দুই) বৎসর এবং ইহা নবায়নযোগ্য হইবে।(২) লাইসেন্সের মেয়াদ উত্
3. <labour_952_s103> [বাংলাদেশ শ্রম আইন, ২০০৬, ধারা ১০৩] সাপ্তাহিক ছুটি — কোন প্রতিষ্ঠানে কর্মরত কোন শ্রমিক-89[ (ক) প্রতি সপ্তাহে কারখানা ও শিল্পের ক্ষেত্রে একদিন এবং দোকান ও প্রতিষ্ঠা
4. <other_1181_s58> [বাংলাদেশ কোস্ট গার্ড আইন, ২০১৬, ধারা ৫৮] দণ্ড সম্পর্কিত বিশেষ বিধান — (১) কোস্ট গার্ড আদালত চাকরি হইতে বরখাস্তের সহিত ধারা ৫৬ এ উল্লিখিত অন্য যে কোন দণ্ড একত্রে প্রদান করিতে পারিবে
5. <local_government_1027_s36> [স্থানীয় সরকার (ইউনিয়ন পরিষদ) আইন, ২০০৯, ধারা ৩৬] শূন্য পদ পূরণ — যদি কোন পরিষদের চেয়ারম্যান বা সদস্যের পদ তাঁহার মৃত্যু, পদত্যাগ, অপসারণ বা অন্যবিধ কারণে তাঁহার মেয়াদ পূর্তি
6. <other_1718_s159> [অর্থ (২০২৫-২০২৬ অর্থ বৎসর) আইন, ২০২৬, ধারা ১৫৯] ২০২৩ সনের ৫৭ নং আইনের ধারা ২২৬ এর সংশোধন — উক্ত আইনের ধারা ২২৬ এর- (ক) উপ-ধারা (৩) এ উল্লিখিত “৩ (তিন) মাসের” সংখ্যা, বন্ধনী ও শব্দগুলির পরিবর্তে “৯০ (নব
7. <consumer_1447_s23> [ঔষধ ও কসমেটিকস্ আইন, ২০২৩, ধারা ২৩] নিবন্ধন এবং মার্কেটিং অথরাইজেশন সনদের মেয়াদ — (১) ঔষধের নিবন্ধন ৫ (পাঁচ) বছরের জন্য বহাল ও কার্যকর থাকিবে।(২) নিবন্ধন নবায়নযোগ্য হইবে এবং মেয়াদ উত্তীর্ণ হ
8. <labour_952_s216_p2> [বাংলাদেশ শ্রম আইন, ২০০৬, ধারা ২১৬] অপরাধ বিচার ছাড়া অন্য কোন বিষয়ে শ্রম আদালতের ক্ষমতা ওকার্যক্রম — পক্ষকে দেওয়া হইবে।172[ (১২) শ্রম আদালতের রায়, সিদ্ধান্ত বা রোয়েদাদ, প্রত্যেক ক্ষেত্রে মামলা দায়ের করিবার ত
9. <other_1429_s2_p4> [আয়কর আইন, ২০২৩, ধারা ২] সংজ্ঞা — পরবর্তী সেপ্টেম্বর মাসের পনেরোতম দিন;(গ) পূর্বে কখনোই রিটার্ন দাখিল করেন নাই এইরূপ স্বাভাবিক ব্যক্তি করদাতার ক
10. <other_1476_s22> [কাস্টমস আইন, ২০২৩, ধারা ২২] কাউন্টারভেইলিং অথবা অ্যান্টি- ডাম্পিং শুল্ক আরোপের বিরুদ্ধে আপিল — (১) কোনো পণ্য আমদানির সহিত সম্পর্কিত কোনো ভর্তুকি বা ডাম্পিং এর অস্তিত্ব, মাত্রা এবং প্রভাব বিষয়ে নির্ধারণী আ",family_305_s7,own_search,answered,3,
prot_0068_02,Sarwad,,"আমার এক আত্মীয় তাঁর তিন মাস বয়সের একমাত্র ছেলেকে আট বিঘা সম্পত্তি দান করেছিলেন। সেই ছেলের বয়স এখন আট বছর। আমার সেই আত্মীয়ের এখন আর অবশিষ্ট কোনো জমি নেই। তিনি লিখিত বা নিবন্ধনের মাধ্যমে দান করেছিলেন। পারিবারিক প্রয়োজনে এখন সেই দানকৃত সম্পত্তি বিক্রি করতে চাইছেন আর আমরা সেই সম্পত্তি কিনতে চাইছি। প্রশ্ন হলো, সন্তানকে দান করা সম্পত্তি তিনি বিক্রি করতে পারবেন কি না? আর সেই সম্পত্তি যদি আমরা ক্রয় করি, তাহলে সন্তান সাবালক হওয়ার পর সম্পত্তি দখলে আনতে চাইলে আনতে পারবে কি না? আর দখলে এলেও আমরা তাঁর বিরুদ্ধে কোনো ব্যবস্থা নিতে পারব কি না?","1. <other_818_s57> [বাংলাদেশ মেডিক্যাল বিশ্ববিদ্যালয় আইন, ১৯৯৮, ধারা ৫৭] আইপিজিএম এন্ড আর এর রূপান্তর — (১) আইপিজিএম এন্ড আরকে উন্নীত ও রূপান্তরক্রমে বিশ্ববিদ্যালয় স্থাপিত হইবার সংগে সংগে-(ক) আইপিজিএম এন্ড আর এর হ
2. <land_1109_s11> [ওয়াক্‌ফ (সম্পত্তি হস্তান্তর ও উন্নয়ন) বিশেষ , ধারা ১১] দানের মাধ্যমে হস্তান্তর — (১) ধারা ৫ এ ভিন্নতর যাহা কিছুই থাকুক না কেন, কোন ওয়াক্ফ সম্পত্তি অন্য কোন ওয়াক্ফ এস্টেট বা, মুনাফার ভিত্তিত
3. <land_856_s8> [অর্পিত সম্পত্তি প্রত্যর্পণ আইন, ২০০১, ধারা ৮] এই আইনের অধীন অবমুক্তি বা প্রত্যর্পণ সম্পন্ন হওয়ার পূর্বে কোন ব্যক্তি19[প্রত্যর্পণযোগ্য] সম্পত্তি বিক্রয়, দা
4. <women_children_1063_s15_p1> [পারিবারিক সহিংসতা (প্রতিরোধ ও সুরক্ষা) আইন, , ধারা ১৫] বসবাস আদেশ — অংশ বিশেষ সংক্ষুব্ধ ব্যক্তির অনুকূলে দখলে রাখিবার আদেশ প্রদান করা হইলেও উক্ত আদেশ উক্ত বাসগৃহে প্রতিপক্ষের স্ব
5. <other_804_s42> [পানি সরবরাহ ও পয়ঃনিষ্কাশন কর্তৃপক্ষ আইন, ১৯৯, ধারা ৪২] বোর্ডের অপসারণ — (১) যদি কোন কর্র্তৃপক্ষ বা বোর্ড সরকার কর্তৃক প্রদত্ত নীতি-বিবৃতির অধীন কোন নির্দেশ মানিয়া চলিতে ব্যর্থ হয় অ
6. <other_1037_s136_p3> [বীমা আইন, ২০১০, ধারা ১৩৬] কতিপয় ক্ষেত্রে বীমাকারীর সম্পত্তি পুনরুদ্ধার বা ক্ষতিপূরণ দানের আদেশ প্রদানে আদালতের ক্ষমতা৷ — ও ন্যায় সঙ্গত ভিত্তি রহিয়াছে তাহা হইলে আদালত নিম্নরূপ ক্রোক করিবার আদেশ প্রদান করিবেন যথা:-(ক) অভিযুক্ত ব্যক
7. <local_government_1027_s51> [স্থানীয় সরকার (ইউনিয়ন পরিষদ) আইন, ২০০৯, ধারা ৫১] পরিষদের সম্পত্তি অর্জন, দখলে রাখিবার ও নিষ্পত্তি করিবার ক্ষমতা — (১) প্রত্যেক পরিষদের সম্পত্তি অর্জনের, দখলে রাখিবার ও নিষ্পত্তি করিবার এবং চুক্তিবদ্ধ হইবার ক্ষমতা থাকিবে; তবে
8. <local_government_1024_s44> [স্থানীয় সরকার (পৌরসভা) আইন, ২০০৯, ধারা ৪৪] পৌরসভার সম্পত্তি — (১) সরকার বিধি দ্বারা-(ক) পৌরসভার মালিকানাধীন অথবা উহার উপর ন্যস্ত সম্পত্তির ব্যবস্থাপনা, রক্ষণাবেক্ষণ, উন্নয়
9. <other_833_s30> [পল্লী দারিদ্র বিমোচন ফাউন্ডেশন আইন, ১৯৯৯, ধারা ৩০] বিআরডিবি এবং কতিপয় বিলুপ্ত প্রকল্প ও কর্মসূচীর নিকট হইতে সম্পদ, দায়-দেনা, ইত্যাদি হস্তান্তর — আপাততঃ বলবত্ কোন আইন অথবা কোন চুক্তি বা অন্য কোন দলিল-দস্তাবেজে যাহা কিছুই থাকুক না কেন, ফাউন্ডেশন প্রতিষ্ঠার 
10. <other_1246_s81> [ক্যান্টনমেন্ট আইন, ২০১৮, ধারা ৮১] ক্রোককৃত সম্পত্তির নিষ্পত্তি — (১) যখন ক্রোককৃত সম্পত্তি দ্রুত এবং স্বাভাবিকভাবে বিনষ্ট হওয়ার প্রকৃতির হয় বা উহা হেফাজতে রাখিবার ব্যয় আদায",none,none,not_found,2,
ajke_0207_01,Sarwad,,"আমার বড় বোনের বিয়ে হয়েছে দুই বছর হলো। গত মাসে বোনজামাই বড় অঙ্কের টাকা নিয়ে বিদেশে পালিয়ে গেছেন। বোনের সঙ্গে তিনি কোনো ধরনের যোগাযোগ করছেন না। তাঁকে দেশে ফেরত আনব কীভাবে? বিদেশে যাওয়ার পর তাঁকে কি দেশে ফেরত আনতে পারব? আমাদের এখন কী করণীয়? ঝুমুর, পটিয়া উওর: আপনার বোনজামাই কোন দেশে গেছেন, সেটা যদি জানতে পারেন, তবে সেই দেশের বাংলাদেশ দূতাবাসে অভিযোগ করতে পারবেন। এর আগে অবশ্যই থানায় তাঁর বিরুদ্ধে মামলা করতে হবে। পুলিশ তাঁকে খুঁজে বের করতে পারবে। বাংলাদেশ দূতাবাস ফৌজদারি অপরাধের আসামিকে ফেরত পাঠানোর জন্য পদক্ষেপ নিতে পারে","1. <other_1684_s50> [মানব পাচার ও অভিবাসী চোরাচালান প্রতিরোধ ও দম, ধারা ৫০] ভিকটিম বা মানব পাচার কিংবা অভিবাসী চোরাচালানের শিকার ব্যক্তিগণের প্রত্যাবাসন (repatriation) ও প্রত্যাবর্তন (return) — (১) কোনো বাংলাদেশি নাগরিক অন্য কোনো দেশে মানব পাচার কিংবা অভিবাসী চোরাচালানের শিকার ব্যক্তি হিসাবে চিহ্নিত হইল
2. <other_1131_s29> [বৈদেশিক কর্মসংস্থান ও অভিবাসী আইন, ২০১৩, ধারা ২৯] দেশে ফিরিয়া আসিবার অধিকার — (১) কোন অভিবাসী কর্মীর, বিশেষত বিদেশে আটককৃত কিংবা আটকেপড়া বা বিপদগ্রস্ত কর্মীর দেশে ফিরিয়া আসিবার এবং বিদেশ
3. <other_1131_s23> [বৈদেশিক কর্মসংস্থান ও অভিবাসী আইন, ২০১৩, ধারা ২৩] শ্রম কল্যাণ উইং — বিদেশে শ্রমবাজার সম্প্রসারণ ও অভিবাসীদের স্বার্থ সংরক্ষণের উদ্দ্যেশে কোন দেশে শ্রম কল্যাণ উইং প্রতিষ্ঠা করিবার
4. <other_1131_s22> [বৈদেশিক কর্মসংস্থান ও অভিবাসী আইন, ২০১৩, ধারা ২২] কর্মসংস্থান চুক্তি — (১) রিক্রুটিং এজেন্ট নির্বাচিত কর্মী এবং তাহার নিয়োগকারীর মধ্যে একটি কর্মসংস্থান চুক্তি সম্পাদন করিবে, যাহাতে
5. <other_1176_s6> [বিজ্ঞান ও প্রযুক্তি ফেলোশিপ ট্রাস্ট আইন, ২০১, ধারা ৬] ট্রাস্টের লক্ষ্য ও উদ্দেশ্য — ট্রাস্টের লক্ষ্য ও উদ্দেশ্য হইবে নিম্নরূপ, যথা :-(ক) বিজ্ঞান ও প্রযুক্তি ক্ষেত্রে বিভিন্ন বিষয়ে দেশে-বিদেশে এ
6. <other_817_s3_p2> [বিমান-নিরাপত্তা বিরোধী অপরাধ দমন আইন, ১৯৯৭, ধারা ৩] বিমান-অধিনায়কের ক্ষমতা ও দায়িত্ব — দেশের এখতিয়ার সম্পন্ন বা যথাযথ কর্তৃপক্ষকে;(খ) সমর্পণের ক্ষেত্রে, টোকিও কনভেনশনভুক্ত যে দেশে সমর্পণ করা হইবে 
7. <other_1131_s24> [বৈদেশিক কর্মসংস্থান ও অভিবাসী আইন, ২০১৩, ধারা ২৪] শ্রম কল্যাণ উইং এর দায়িত্ব — (১) শ্রম কল্যাণ উইং এর দায়িত্বপ্রাপ্ত কর্মকর্তা সংশ্লিষ্ট দেশে কর্মরত বাংলাদেশী অভিবাসী কর্মীদের কর্মস্থল পরি
8. <other_1167_s9> [রপ্তানি উন্নয়ন ব্যুরো আইন, ২০১৫, ধারা ৯] ব্যুরোর দায়িত্ব ও কার্যাবলি — (১) ব্যুরোর দায়িত্ব ও কার্যাবলি হইবে নিম্নরূপ, যথা:-(ক) দেশের রপ্তানি উন্নয়নের লক্ষ্যে সরকারি এবং বেসরকারি উ
9. <other_751_s107> [ব্যাংক-কোম্পানী আইন, ১৯৯১, ধারা ১০৭] নিরাপদ লকারে রক্ষিত সামগ্রী ফেরত্ প্রদান — (১) কোন ব্যাংক-কোম্পানীর নিরাপদ ভল্ট বা অন্য কোথাও রত্মিগত কোন লকার যদি কোন ব্যক্তি এককভাবে ভাড়া করেন, তাহা হ
10. <other_1133_s17> [নির্যাতন এবং হেফাজতে মৃত্যু (নিবারণ) আইন, ২০, ধারা ১৭] অ-নাগরিক — এই আইনের অধীনে কৃত কোনো অপরাধের জন্য যদি বাংলাদেশের নাগরিক নয় এমন কাউকে গ্রেফতার করা হয় সে ক্ষেত্রে উক্ত ব্য",other_479_s15,own_search,answered,2,
prot_0098_01,Sarwad,,"আমার দাদা মারা গেছেন অনেক আগে। দাদিও মারা গেলেন কিছুদিন আগে। আমার বাবা দাদির আগে মারা যান। দাদির নামে ছয় বিঘা জমি আছে। তাঁর পাঁচ ছেলে, তিন মেয়ে। নাতি হিসেবে আমি কি দাদির সম্পত্তির ভাগ আমার চাচাদের সমান পাব? মেহেদী","1. <other_1156_s25> [মেট্রোরেল আইন, ২০১৫, ধারা ২৫] ক্ষতিপূরণ প্রদান — মেট্রোরেল পরিচালনাকালে উহা হইতে উদ্ভূত দুর্ঘটনার ফলে যদি কোন ব্যক্তি আঘাতপ্রাপ্ত বা ক্ষতিগ্রস্ত হন বা আঘাতপ্রা
2. <other_1201_s27> [বাস র‍্যাপিড ট্রানজিট (বিআরটি) আইন, ২০১৬, ধারা ২৭] ক্ষতিপূরণ প্রদান — বিআরটি পরিচালনাকালে উহা হইতে উদ্ভূত দুর্ঘটনার ফলে যদি কোনো ব্যক্তি আঘাতপ্রাপ্ত বা ক্ষতিগ্রস্ত হন বা আঘাতপ্রাপ্
3. <land_1455_s10> [ভূমি সংস্কার আইন, ২০২৩, ধারা ১০] বর্গাদারের মৃত্যুর পর বর্গাভূমির চাষ — (১) কোনো বর্গাদার বর্গাচুক্তির মেয়াদ শেষ হইবার পূর্বে মারা গেলে, উহার মেয়াদ শেষ না হওয়া পর্যন্ত অথবা এই আইন
4. <consumer_1010_s92> [ট্রেডমার্ক আইন, ২০০৯, ধারা ৯২] মামলার কোন পক্ষের মৃত্যু — যদি এই আইনের অধীন কোন কার্যধারা বিচারাধীন থাকা অবস্থায় কোন পক্ষ মারা যান, তাহা হইলে নিবন্ধক সংশ্লিষ্ট কোন পক্
5. <labour_952_s157> [বাংলাদেশ শ্রম আইন, ২০০৬, ধারা ১৫৭] নোটিশ ও দাবী — (১) কোন শ্রম আদালত ৰতিপূরণের কোন দাবী বিবেচনায় আনিবে না যদি না দুর্ঘটনা ঘটিবার পর যতশীঘ্র সম্ভব এতদ্নিম্নে বর
6. <other_1037_s144> [বীমা আইন, ২০১০, ধারা ১৪৪] দলিলাদি স্বাক্ষর৷ — এই আইন বা ইহার অধীন প্রণীত বিধি অনুয়ায়ী কর্তৃপক্ষের চেয়ারম্যান বা তাহার অধীনস্থ কোন ব্যক্তি বা ধারা ১২৫ এর 
7. <labour_1285_s33> [বাংলাদেশ ইপিজেড শ্রম আইন, ২০১৯, ধারা ৩৩] মহিলা শ্রমিকের মৃত্যুর ক্ষেত্রে প্রসূতি কল্যাণ সুবিধা প্রদান — (১) এই অধ্যায়ের অধীন প্রসূতি কল্যাণ সুবিধা পাইবার অধিকারী কোনো মহিলা শ্রমিক সন্তান প্রসবকালে অথবা উহার পরবর্ত
8. <other_822_s10> [পার্বত্য চট্টগ্রাম আঞ্চলিক পরিষদ আইন, ১৯৯৮, ধারা ১০] সম্পত্তি সম্পর্কিত ঘোষণা — চেয়ারম্যান ও প্রত্যেক সদস্য তাহার কার্যভার গ্রহণের পূর্বে তাহার এবং তাঁহার পরিবারের কোন সদস্যের স্বত্ব, দখল ব
9. <local_government_1027_s41> [স্থানীয় সরকার (ইউনিয়ন পরিষদ) আইন, ২০০৯, ধারা ৪১] সম্পত্তি সম্পর্কিত ঘোষণা — চেয়ারম্যান ও সদস্য তাঁহার কার্যভার গ্রহণের পূর্বে তাঁহার এবং তাঁহার পরিবারের কোন সদস্যের স্বত্ব, দখল বা স্বার
10. <labour_952_s49> [বাংলাদেশ শ্রম আইন, ২০০৬, ধারা ৪৯] 1 [***] মৃত্যুর ক্ষেত্রে প্রসূতি কল্যাণ সুবিধা প্রদান — (১) এই অধ্যায়ের অধীন প্রসূতি কল্যাণ সুবিধা পাওয়ার অধিকারী কোন মহিলা সন্ত্মান প্রসবকালে অথবা উহার পরবর্তী আট ",family_305_s4,own_search,answered,3,
prot_0011_01,Sarwad,,আমার বিয়ে হয়েছে প্রায় ছয় মাস। আমি আমার পরিবারসহ গ্রামে থাকি। একদিন আমার স্ত্রী গোসল করছিল। তখন একজন প্রতিবেশী যুবক গোপনে এবং আমার স্ত্রীর অজান্তে তা মোবাইল ফোনের ক্যামেরায় ভিডিও করে নেয়। কয়েক দিন পর ওই যুবকসহ দুজন ভিডিওটি আমাকে দেখায়। তারা আমার কাছে টাকার বিনিময়ে ভিডিওটি ফেরত দেওয়ার কথা বলে। অন্যথায় ভিডিও ইন্টারনেটে ছেড়ে দেওয়া হবে বলে হুমকি দেয়। ব্যাপারটি আমার স্ত্রী এখনো জানে না। এমতাবস্থায় পরিবারের সম্মান রক্ষার্থে আমার কী করা উচিত? আর যদি আইনের আশ্রয় নিতে হয় সে ক্ষেত্রে এটি কোন ধরনের মামলার অন্তর্ভুক্ত হবে? নাম প্রকাশে অনিচ্ছুক বাগেরহাট,"1. <other_1375_s27> [শিশু দিবাযত্ন কেন্দ্র আইন, ২০২১, ধারা ২৭] ক্যামেরায় গৃহীত ছবি, রেকর্ডকৃত কথাবার্তার সাক্ষ্য মূল্য — Evidence Act, 1872(Act No. I of 1872) এ যাহা কিছুই থাকুক না কেন, কেন্দ্রে সংঘটিত কোনো অপরাধের ভিডিও, স্থিরচিত্
2. <local_government_827_s8_p1> [উপজেলা পরিষদ আইন, ১৯৯৮, ধারা ৮] বা ব্যক্তিবর্গের নামে বা তাঁহার সুবিধার্থে বা তাঁহার উপলক্ষে বা কোন হিন্দু যৌথ পরিবারের সদস্য হিসাবে তাঁহার কো
3. <consumer_1452_s75> [কপিরাইট আইন, ২০২৩, ধারা ৭৫] শব্দ-ধ্বনি রেকর্ডিং ও ভিডিও ডিজিটাল কর্মে অন্তর্ভুক্ত তথ্যাদি — এতদুদ্দেশ্যে বিধি দ্বারা নির্ধারিত শর্ত ও পদ্ধতি মোতাবেক তথ্যাদি ও বিবরণী অন্তর্ভুক্ত না করিয়া, কোনো শব্দ-ধ্ব
4. <labour_952_s117> [বাংলাদেশ শ্রম আইন, ২০০৬, ধারা ১১৭] মজুরীসহ বাৎসরিক ছুটি — (১) কোন প্রতিষ্ঠানে অবিচ্ছিন্নভাবে এক বৎসর চাকুরী পূর্ণ করিয়াছেন এমন প্রত্যেক প্রাপ্ত বয়স্ক শ্রমিককে পরবর্তী
5. <consumer_1452_s104> [কপিরাইট আইন, ২০২৩, ধারা ১০৪] শব্দধ্বনি রেকর্ডিং, ভিডিও চিত্র ও ডিজিটাল কর্মে অন্তর্ভুক্তিযোগ্য তথ্যাদি অন্তর্ভুক্ত না করিবার জন্য দণ্ড — যদি কোনো ব্যক্তি শব্দধ্বনি রেকর্ডিং, ভিডিও চিত্র ও ডিজিটাল কর্মে, বিধি দ্বারা নির্ধারিত তথ্যাদি অন্তর্ভুক্ত না
6. <criminal_procedure_1276_s56> [মাদকদ্রব্য নিয়ন্ত্রণ আইন, ২০১৮, ধারা ৫৬] ক্যামেরায় গৃহীত ছবি, রেকর্ডকৃত কথাবার্তা, ইত্যাদির সাক্ষ্য মূল্য — Evidence Act, 1872(Act No.I of 1872) তে যাহা কিছুই থাকুক না কেন, কোনো ব্যক্তি বা তদন্তকারী সংস্থার কোনো সদস্য 
7. <consumer_1127_s72> [নিরাপদ খাদ্য আইন, ২০১৩, ধারা ৭২] ক্যামেরায় গৃহীত ছবি, রেকর্ডকৃত কথাবার্তা ইত্যাদির সাক্ষ্য মূল্য — Evidence Act, 1872(Act No. I of 1872) তে ভিন্নরূপ যাহা কিছুই থাকুক না কেন, নিরাপদ খাদ্য ব্যবস্থার সহিত জড়িত ক
8. <other_1485_s9> [বাংলাদেশ পুলিশ কল্যাণ তহবিল আইন, ২০২৩, ধারা ৯] মৃত্যু এবং অক্ষমতাজনিত কারণে এককালীন এবং মাসিক কল্যাণ অনুদান — (১) কোনো কর্মচারী বা তাহার মৃত্যু হইলে তাহার স্ত্রী বা, ক্ষেত্রমত, স্বামী, বিধি দ্বারা নির্ধারিত পদ্ধতিতে, নিম
9. <other_1103_s50> [দুর্যোগ ব্যবস্থাপনা আইন, ২০১২, ধারা ৫০] ক্যামেরায় গৃহীত ছবি, রেকর্ডকৃত কথাবার্তা ইত্যাদির সাক্ষ্য মূল্য — Evidence Act, 1872(Act No.I of 1872) তে যাহা কিছুই থাকুক না কেন, দুর্যোগ ব্যবস্থাপনার সহিত জড়িত কোন ব্যক্তি ব
10. <other_923_s6> [বেসরকারী শিক্ষক নিবন্ধন ও প্রত্যয়ন কর্তৃপক্ষ, ধারা ৬] নির্বাহী বোর্ড গঠন — (১) নিম্নবর্ণিত সদস্যদের সমন্বয়ে নির্বাহী বোর্ড গঠিত হইবে, যথা:-(ক) চেয়ারম্যান, (পদাধিকার বলে);(খ) সদস্য (প্",other_1091_s8,own_search,answered,3,
prot_0032_04,Sarwad,,"দাদা যখন সুস্থ ছিলেন, তখন তিনি আমার চাচাদের বলেন বাবার ভিটা আমাদের মধ্যে ভাগ করে দিতে। এমনকি তিনি জায়গাও নির্দিষ্ট করে দেন। জমি মেপে দিতে বললে চাচারা বলেন, আমরা নাকি জমি পাব না। কিন্তু এখন আমাদের একটা বাড়ি জরুরি হয়ে পড়েছে। এ পরিস্থিতিতে জমি পাওয়ার জন্য আমরা কী করতে পারি?","1. <other_721_s8> [বাংলাদেশ ঋণ সালিসি আইন, ১৯৮৯, ধারা ৮] জমি প্রত্যর্পণের নির্দেশ কার্যকরকরণ — ক্রেতা বোর্ডের নির্দেশানুসারে জমির দখল প্রত্যর্পণ না করিলে বা করিতে ব্যর্থ হইলে, জমির দখল পাওয়ার জন্য বিক্রেত
2. <other_857_s45> [বাংলাদেশ টেলিযোগাযোগ নিয়ন্ত্রণ আইন, ২০০১, ধারা ৪৫] লাইসেন্সধারীর প্রয়োজনে বাধ্যতামূলকভাবে বেসরকারী জমি অধিগ্রহণ — (১) লাইসেন্সের অধীন কাজকর্ম সম্পাদন বা পরিচালনার জন্য প্রয়োজনীয় কোন জমি ব্যবহারের ক্ষেত্রে লাইসেন্সধারী বাধা
3. <other_1158_s25> [ফরমালিন নিয়ন্ত্রণ আইন, ২০১৫, ধারা ২৫] অপরাধ সংঘটনে গৃহ বা যানবাহন, ইত্যাদি ব্যবহার করিতে দেওয়ার দণ্ড — কোন ব্যক্তি যদি জ্ঞাতসারে এই আইনের অধীন কোন অপরাধ সংঘটনের জন্য তাহার মালিকানাধীন বা দখলীয় কোন বাড়ি-ঘর, জায়গ
4. <other_1066_s7ক> [বালুমহাল ও মাটি ব্যবস্থাপনা আইন, ২০১০, ধারা ৭ক] ব্যক্তি মালিকানাধীন জমির বালু বা মাটি উত্তোলন — কোনো ব্যক্তি মালিকানাধীন জমি হইতে বালু বা মাটি উত্তোলন করা যাইবে না, যদি-(ক) উহা উর্বর কৃষি জমি হয়;(খ) বাণিজ্
5. <other_722_s15> [পার্বত্য জেলাসমূহ (আইন রহিত ও প্রয়োগ এবং বিশ, ধারা ১৫] বসতবাড়ীর জন্য গ্রামীণ জমি দখল — (১) কোন পাহাড়ী ব্যক্তি পৌর এলাকা-বহির্ভূত অনধিক ত্রিশ শতাংশ পর্যন্ত খাস জমি তাহার নিজ বসতবাড়ীর জন্য হেডম্যান
6. <other_721_s9> [বাংলাদেশ ঋণ সালিসি আইন, ১৯৮৯, ধারা ৯] প্রত্যর্পিত জমি হস্ত্মান্ত্মরের উপর বিধি নিষেধ — কোন কৃষক ধারা ৬ বা ধারা ৭ এর অধীন তাঁহার নিকট প্রত্যর্পিত কোন কৃষি জমি প্রত্যর্পণের তারিখ হইতে তিন বত্সরের মধ্
7. <other_1427_s6> [হাট ও বাজার (স্থাপন ও ব্যবস্থাপনা) আইন, ২০২৩, ধারা ৬] হাট ও বাজারের জমি বন্দোবস্ত প্রদান এবং হাট ও বাজার ইজারা প্রদান — (১) হাট ও বাজারের কোনো জমি স্থায়ী বন্দোবস্ত প্রদান করা যাইবে না।(২) উপ-ধারা (১) এর বিধান সাপেক্ষে, জেলা প্রশা
8. <other_845_s20> [জাতীয় গৃহায়ন কর্তৃপক্ষ আইন, ২০০০, ধারা ২০] জমি হুকুমদখল বা অধিগ্রহণ, ইত্যাদি — (১) কর্তৃপক্ষের কার্যাবলী সম্পাদনের জন্য কোন জমি প্রয়োজন হইলে উহা জনস্বার্থে প্রয়োজনীয় বলিয়া বিবেচিত হইবে 
9. <other_1070_s20> [উদ্ভিদ সংগনিরোধ আইন, ২০১১, ধারা ২০] সংগনিরোধ বালাই সম্বন্ধে ঘোষণা — (১) কোন সংগনিরোধ বালাই বিরাজমান থাকিলে বা বিরাজমান থাকিবার আশঙ্কা থাকিলে অথবা কোন বালাই যদি ফসল উৎপাদন, উদ্ভিদ
10. <other_882_s38> [এসিড নিয়ন্ত্রণ আইন, ২০০২, ধারা ৩৮] অপরাধ সংঘটনে গৃহ বা যানবাহন ইত্যাদি ব্যবহার করিতে দেওয়ার দণ্ড — কোন ব্যক্তি যদি সজ্ঞানে এই আইনের অধীন কোন অপরাধ সংঘটনের জন্য তাহার মালিকানাধীন বা দখলীয় কোন বাড়ী-ঘর, জায়গা-","other_36_s42_p0, other_36_s8",own_search,answered,1,
prot_0137_02,Sarwad,,"আমার কাকি নিঃসন্তান অবস্থায় ২০০৩ সালে মৃত্যুবরণ করেন। হিন্দু শাস্ত্রমতে কাকির মুখাগ্নি করি আমি। মৃত্যুর আগে তিনি তাঁর নিজের নামে ক্রয় করা জমি রেখে যান। আমার কাকা বর্তমানে জীবিত। উত্তরাধিকার সূত্রে বর্তমানে এই জমির মালিক কাকা। কিন্তু কাকার মৃত্যুর পর এই সম্পত্তির মালিক কে হবে? উল্লেখ্য, কাকির শুধু এক ভাতিজা (ভাইয়ের ছেলে) জীবিত। আর কাকার দিকে কাকার ভাতিজা (ভাইয়ের ছেলে) একমাত্র আমি জীবিত। কাকার মৃত্যুর পর এই সম্পত্তির বৈধ উত্তরাধিকারী কে হবে? কাকার ভাতিজা নাকি কাকির ভাতিজা? নাম প্রকাশে অনিচ্ছুক","1. <labour_952_s49> [বাংলাদেশ শ্রম আইন, ২০০৬, ধারা ৪৯] 1 [***] মৃত্যুর ক্ষেত্রে প্রসূতি কল্যাণ সুবিধা প্রদান — (১) এই অধ্যায়ের অধীন প্রসূতি কল্যাণ সুবিধা পাওয়ার অধিকারী কোন মহিলা সন্ত্মান প্রসবকালে অথবা উহার পরবর্তী আট 
2. <other_1413_s14> [সরকারি ঋণ আইন, ২০২২, ধারা ১৪] ধারক মৃত্যুবরণ করিলে প্রযোজ্য বিধান — (১) এই ধারার অন্যান্য বিধানসাপেক্ষে, সরকারি সিকিউরিটি বা জাতীয় সঞ্চয় স্কীমের আওতায় ইস্যুকৃত সার্টিফিকেটের ধ
3. <labour_1285_s33> [বাংলাদেশ ইপিজেড শ্রম আইন, ২০১৯, ধারা ৩৩] মহিলা শ্রমিকের মৃত্যুর ক্ষেত্রে প্রসূতি কল্যাণ সুবিধা প্রদান — (১) এই অধ্যায়ের অধীন প্রসূতি কল্যাণ সুবিধা পাইবার অধিকারী কোনো মহিলা শ্রমিক সন্তান প্রসবকালে অথবা উহার পরবর্ত
4. <other_1104_s9> [পাওয়ার অব অ্যাটর্নি আইন, ২০১২, ধারা ৯] যৌথগ্রহীতার একজনের মৃত্যুর পরিণাম — অপ্রত্যাহারযোগ্য পাওয়ারগ্রহীতা একাধিক হইলে, উহাদের কোন একজনের মৃত্যুতে, উক্ত পাওয়ার অব অ্যাটর্নি বাতিল হইবে 
5. <other_1682_s2_p0> [মানবদেহে অঙ্গ-প্রত্যঙ্গ সংযোজন আইন, ২০২৬, ধারা ২] সংজ্ঞা — বিষয় বা প্রসঙ্গের পরিপন্থি কোনো কিছু না থাকিলে, এই আইনে- (১) “অঙ্গ-প্রত্যঙ্গ” অর্থ মানবদেহের কিডনি, হৃৎপিণ্ড,
6. <land_1455_s10> [ভূমি সংস্কার আইন, ২০২৩, ধারা ১০] বর্গাদারের মৃত্যুর পর বর্গাভূমির চাষ — (১) কোনো বর্গাদার বর্গাচুক্তির মেয়াদ শেষ হইবার পূর্বে মারা গেলে, উহার মেয়াদ শেষ না হওয়া পর্যন্ত অথবা এই আইন
7. <labour_1285_s18> [বাংলাদেশ ইপিজেড শ্রম আইন, ২০১৯, ধারা ১৮] মৃত্যুজনিত ক্ষতিপূরণ — যদি কোনো শ্রমিক কোনো মালিকের অধীন অবিচ্ছিন্নভাবে অন্তত ১ (এক) বৎসরের অধিককাল চাকরিরত থাকা অবস্থায় মৃত্যুবরণ ক
8. <labour_952_s2_p5> [বাংলাদেশ শ্রম আইন, ২০০৬, ধারা ২] সংজ্ঞাসমূহ — ব্যবহার করা হয় বা ব্যবহারযোগ্য, এবং কোন টাগ বা ফ্লাট এবং বার্জও ইহার অর্ন্তভুক্ত হইবে;(২৮) ""প্রশাসনিক শ্রমিক""
9. <civil_registration_921_s13> [জন্ম ও মৃত্যু নিবন্ধন আইন, ২০০৪, ধারা ১৩] বিলম্বিত নিবন্ধন — ধারা ৮ এ উল্লিখিত নির্দিষ্ট সময়ের মধ্যে জন্ম বা মৃত্যুর তথ্য নিবন্ধকের নিকট প্রেরণ করা না হইলে পরবর্তী সময় উ
10. <other_751_s107> [ব্যাংক-কোম্পানী আইন, ১৯৯১, ধারা ১০৭] নিরাপদ লকারে রক্ষিত সামগ্রী ফেরত্ প্রদান — (১) কোন ব্যাংক-কোম্পানীর নিরাপদ ভল্ট বা অন্য কোথাও রত্মিগত কোন লকার যদি কোন ব্যক্তি এককভাবে ভাড়া করেন, তাহা হ",none,none,not_found,2,
ajke_0200_01,Sarwad,,"প্রশ্ন: আমার বয়স ৪০ বছর। স্বামী দুই বছর আগে মারা গেছে। দুই সন্তান—একটি ছেলে ও একটি মেয়ে। মেয়ের বয়স ২৫ আর ছেলের ১৪ বছর। স্বামী মারা যাওয়ার আগে তার বাবার সম্পত্তি ভাগাভাগি হয়নি। সম্প্রতি আমার দেবর ও ভাশুরেরা সম্পত্তি ভাগাভাগি করেছেন, যেখানে আমি উপস্থিত ছিলাম না। তাঁরা এমনভাবে সব করেছেন, যা স্বামীর অবর্তমানে আমি কিংবা আমার সন্তানেরা সম্পত্তির কোনো ভাগই পাব না। এ ক্ষেত্রে আমি কী করতে পারি। কেস করতে চাইলে সেটা কীভাবে করলে সুবিধা হবে?","1. <other_1266_s2_p3> [বাংলাদেশ মুক্তিযোদ্ধা কল্যাণ ট্রাস্ট আইন, ২০, ধারা ২] সংজ্ঞা — বা স্বামী এবং পিতা-মাতার অবর্তমানে খেতাবপ্রাপ্ত বীর মুক্তিযোদ্ধার সন্তান; বা(উ) (অ)-(ঈ) পর্যন্ত বর্ণিত ব্যক্তি
2. <local_government_827_s10> [উপজেলা পরিষদ আইন, ১৯৯৮, ধারা ১০] সম্পত্তি সম্পর্কিত ঘোষণা — 14[চেয়ারম্যান ও ভাইস চেয়ারম্যান ] তাঁহার কার্যভার গ্রহণের পূর্বে তাঁহার এবং তাঁহার পরিবারের কোন সদস্যের স্বত
3. <other_822_s10> [পার্বত্য চট্টগ্রাম আঞ্চলিক পরিষদ আইন, ১৯৯৮, ধারা ১০] সম্পত্তি সম্পর্কিত ঘোষণা — চেয়ারম্যান ও প্রত্যেক সদস্য তাহার কার্যভার গ্রহণের পূর্বে তাহার এবং তাঁহার পরিবারের কোন সদস্যের স্বত্ব, দখল ব
4. <local_government_1027_s41> [স্থানীয় সরকার (ইউনিয়ন পরিষদ) আইন, ২০০৯, ধারা ৪১] সম্পত্তি সম্পর্কিত ঘোষণা — চেয়ারম্যান ও সদস্য তাঁহার কার্যভার গ্রহণের পূর্বে তাঁহার এবং তাঁহার পরিবারের কোন সদস্যের স্বত্ব, দখল বা স্বার
5. <labour_1285_s24> [বাংলাদেশ ইপিজেড শ্রম আইন, ২০১৯, ধারা ২৪] চাকরি হইতে অবসর গ্রহণ — (১) এই অধ্যায়ের অন্যত্র যাহা কিছুই উল্লে­খ থাকুক না কেন, কোনো প্রতিষ্ঠানে নিয়োজিত কোনো শ্রমিকের বয়স ৬০ (ষাট
6. <labour_952_s2_p5> [বাংলাদেশ শ্রম আইন, ২০০৬, ধারা ২] সংজ্ঞাসমূহ — ব্যবহার করা হয় বা ব্যবহারযোগ্য, এবং কোন টাগ বা ফ্লাট এবং বার্জও ইহার অর্ন্তভুক্ত হইবে;(২৮) ""প্রশাসনিক শ্রমিক""
7. <labour_1285_s33> [বাংলাদেশ ইপিজেড শ্রম আইন, ২০১৯, ধারা ৩৩] মহিলা শ্রমিকের মৃত্যুর ক্ষেত্রে প্রসূতি কল্যাণ সুবিধা প্রদান — (১) এই অধ্যায়ের অধীন প্রসূতি কল্যাণ সুবিধা পাইবার অধিকারী কোনো মহিলা শ্রমিক সন্তান প্রসবকালে অথবা উহার পরবর্ত
8. <other_1403_s40> [মোংলা বন্দর কর্তৃপক্ষ আইন, ২০২২, ধারা ৪০] দণ্ড — কোনো ব্যক্তি যদি এই আইন ও বিধির কোনো বিধান লঙ্ঘন করেন তাহা হইলে উক্ত লঙ্ঘন হইবে একটি অপরাধ এবং তজ্জন্য তিনি অন
9. <labour_1285_s2_p2> [বাংলাদেশ ইপিজেড শ্রম আইন, ২০১৯, ধারা ২] সংজ্ঞা — সময়ে দুই বা ততোধিক শ্রমিক দ্বারা সম্পাদিত হয় সেই ক্ষেত্রে উক্তরূপ প্রত্যেক সময়;(25)‘‘পোষ্য’’ অর্থ কোনো মৃত 
10. <other_1487_s10> [অফশোর ব্যাংকিং আইন, ২০২৪, ধারা ১০] অফশোর ব্যাংকিং কার্যক্রম পরিচালনার জন্য প্রদত্ত লাইসেন্স ধারা ৯ এর অধীন বাতিল বা সমর্পণ কার্যকর হইবার ২ (দুই) ","other_36_s42_p0, other_36_s8",own_search,answered,2,
prot_0083_02,Sarwad,,"আমি এ বছর উচ্চমাধ্যমিক পরীক্ষা দেব। আমার বয়স ১৭ বছর। একটি ছেলেকে খুব ভালো বাসতাম। কিন্তু তা সে বিশ্বাস করতে চাইত না। সে বলত, তোমাকে ভালোবাসার প্রমাণ দিতে হবে। সে আমাকে একটা দলিলের মতো কাগজ দেয়। ওই কাগজে আমার ও তার জীবনবৃত্তান্ত লেখা ছিল। আমার বয়স লেখা ছিল ১৯, ওর বয়স ২৬ (ওর প্রকৃত বয়স ৩০)। আরও লেখা ছিল, আমরা পাঁচ বছর ধরে স্বামী-স্ত্রী হিসেবে বসবাস করে আসছি। কেউ যদি পরবর্তী সময়ে কিছু বলে, তবে সেটা মিথ্যা বলে গণ্য হবে। সবশেষে দুজনের সই। তবে সে আমাকে বলেছে, ‘এটা শুধু কাগজ, যা তুমি চাইলেই ফেরত পাবে। তুমি রাজি থাকলে আমাদের সামাজিকভাবে বিয়ে হবে, নতুবা নয়।’কিন্তু এখন কোনো এক বিশেষ কারণে তার সঙ্গে আমার সম্পর্ক নেই। এমনকি তাকে বিয়ে করাও সম্ভব নয়। একদিন ফোন করে তার কাছে ওই কাগজটা চাইলাম, সে তা দিতে অসম্মতি জানাল। বলল, আমি নাকি তার বিবাহিত স্ত্রী। আমার প্রশ্ন, এই কাগজে সই করার মাধ্যমে কি সত্যিই আমাদের বিয়ে হয়েছে? ভবিষ্যতে ওই কাগজ দিয়ে কি সে আমাকে আইনি সমস্যায় ফেলতে পারবে?","1. <women_children_1119_s21> [শিশু আইন, ২০১৩, ধারা ২১] 1 [***] বয়স অনুমান ও নির্ধারণ — (১) অভিযুক্ত হউক বা না হউক, এমন কোন শিশুকে কোন অপরাধের দায়ে বা কোন শিশুকে অন্য কোন কারণে শিশু-আদালতে সাক্ষ্য 
2. <labour_952_s311> [বাংলাদেশ শ্রম আইন, ২০০৬, ধারা ৩১১] বয়স প্রমাণের দায়িত্ব — (১) কোন ব্যক্তি কোন নির্দিষ্ট বয়সের কম বা বেশী বয়সী হওয়ার কারণে তাহার কোন কাজ যদি এই আইনের অধীনে দণ্ডযোগ্য 
3. <labour_1285_s24> [বাংলাদেশ ইপিজেড শ্রম আইন, ২০১৯, ধারা ২৪] চাকরি হইতে অবসর গ্রহণ — (১) এই অধ্যায়ের অন্যত্র যাহা কিছুই উল্লে­খ থাকুক না কেন, কোনো প্রতিষ্ঠানে নিয়োজিত কোনো শ্রমিকের বয়স ৬০ (ষাট
4. <labour_952_s36> [বাংলাদেশ শ্রম আইন, ২০০৬, ধারা ৩৬] যদি কোন ব্যক্তি শিশু নাকি কিশোর এ সম্পর্কে কোন প্রশ্ন উত্থাপিত হয়, তাহা হইলে উক্ত ব্যক্তির জন্ম নিবন্ধন সনদ, 
5. <other_1419_s11> [বাংলাদেশ সরকারী কর্ম কমিশন আইন, ২০২৩, ধারা ১১] পরীক্ষার পূর্বে প্রশ্নপত্র প্রকাশ বা বিতরণ ও উহার দণ্ড — কোনো ব্যক্তি পরীক্ষা অনুষ্ঠিত হওয়ার পূর্বে এইরূপ পরীক্ষার জন্য প্রণীত কোনো প্রশ্ন সংবলিত কাগজ বা তথ্য, পরীক্ষ
6. <other_721_s12> [বাংলাদেশ ঋণ সালিসি আইন, ১৯৮৯, ধারা ১২] দস্তখত বা টিপসহিযুক্ত অলিখিত ষ্ট্যাম্প কাগজ প্রত্যর্পণ — (১) কোন মহাজনী ঋণগ্রহীতা ঋণের জামানত হিসাবে তাঁহার দস্ত্মখত বা টিপসহিযুক্ত অলিখিত ষ্ট্যাম্প কাগজ ঋণদাতার নিকট 
7. <labour_952_s28> [বাংলাদেশ শ্রম আইন, ২০০৬, ধারা ২৮] শ্রমিকের অবসর গ্রহণ — (১) এ অধ্যায়ের অন্যত্র যাহা কিছুই উল্লেখ থাকুক না কেন, কোন প্রতিষ্ঠানে নিয়োজিত কোন শ্রমিকের বয়স47[ ৬০ (ষাট)
8. <labour_952_s112> [বাংলাদেশ শ্রম আইন, ২০০৬, ধারা ১১২] সড়ক পরিবহন শ্রমিকের জন্য বিশেষ বয়সসীমা — (১) একুশ বৎসর বয়স পূর্ণ না হইলে কোন সড়ক পরিবহন প্রতিষ্ঠানে কোন ব্যক্তিকে গাড়ী চালক হিসাবে নিয়োগ করা যাইবে 
9. <women_children_1119_s44> [শিশু আইন, ২০১৩, ধারা ৪৪] গ্রেফতার, ইত্যাদি — (১) এই ধারায় যাহা কিছুই থাকুক না কেন, ৯ (নয়) বৎসরের নিম্নের কোন শিশুকে কোন অবস্থাতেই গ্রেফতার করা বা, ক্ষেত্
10. <other_1352_s23> [বাংলাদেশ মাদ্রাসা শিক্ষা বোর্ড আইন, ২০২০, ধারা ২৩] অবসর গ্রহণের বয়স — আপাতত বলবৎ অন্য কোনো আইনে ভিন্নরূপ যাহা কিছুই থাকুক না কেন, বোর্ডের স্থায়ী কর্মচারীগণের অবসর গ্রহণের বয়স ৬০ ","other_36_s39, other_36_s42_p0",own_search,answered,2,
prot_0102_03,Sarwad,,কিন্তু আমার স্ত্রী তালাকনামা গ্রহণ করতে অস্বীকৃতি জানালে এটি ফেরত আসে। সে জানায় যে সে এটি গ্রহণ করবে না। এবং সে আমাকে স্বামী হিসেবে মানে। আর আমিও তাকে গ্রহণ করতে চাই। এ অবস্থায় আমি কি তাকে স্বাভাবিকভাবে গ্রহণ করলেই হবে?,"1. <other_1070_s25> [উদ্ভিদ সংগনিরোধ আইন, ২০১১, ধারা ২৫] আটকের ক্ষেত্রে মালিককে অবহিতকরণ — উদ্ভিদ সংগনিরোধ কর্মকর্তা কর্তৃক কোন উদ্ভিদ বা উদ্ভিদজাত দ্রব্যাদি আটক, অপেক্ষারত অবস্থায় রাখা, প্রবেশাধিকার 
2. <other_1485_s9> [বাংলাদেশ পুলিশ কল্যাণ তহবিল আইন, ২০২৩, ধারা ৯] মৃত্যু এবং অক্ষমতাজনিত কারণে এককালীন এবং মাসিক কল্যাণ অনুদান — (১) কোনো কর্মচারী বা তাহার মৃত্যু হইলে তাহার স্ত্রী বা, ক্ষেত্রমত, স্বামী, বিধি দ্বারা নির্ধারিত পদ্ধতিতে, নিম
3. <other_1266_s2_p3> [বাংলাদেশ মুক্তিযোদ্ধা কল্যাণ ট্রাস্ট আইন, ২০, ধারা ২] সংজ্ঞা — বা স্বামী এবং পিতা-মাতার অবর্তমানে খেতাবপ্রাপ্ত বীর মুক্তিযোদ্ধার সন্তান; বা(উ) (অ)-(ঈ) পর্যন্ত বর্ণিত ব্যক্তি
4. <other_1196_s4> [রাষ্ট্রপতির অবসরভাতা, আনুতোষিক ও অন্যান্য সু, ধারা ৪] আনুতোষিক — (১) অবসরভাতা গ্রহণের প্রাধিকার অর্জন করিয়াছেন এমন কোন সাবেক রাষ্ট্রপতি, অবসরভাতার পরিবর্তে এই ধারার বিধান অনু
5. <other_1108_s11> [আদালত অবমাননা আইন, ২০১৩, ধারা ১১] আদালত অবমাননার অভিযোগ দায়ের ও নিষ্পত্তির বিধান — (১) কোন ব্যক্তির বিরুদ্ধে আদালত অবমাননার অভিযোগ উত্থাপিত বা কার্যধারা রুজু করা হইলে, অভিযোগের বিষয়ে তাহাকে কা
6. <other_1196_s3> [রাষ্ট্রপতির অবসরভাতা, আনুতোষিক ও অন্যান্য সু, ধারা ৩] অবসরভাতা — (১) কোন ব্যক্তি রাষ্ট্রপতি পদে, ধারা ৬-এর বিধান সাপেক্ষে, অন্যূন ৬ (ছয়) মাস অধিষ্ঠিত থাকিয়া পদত্যাগ করিলে অথ
7. <other_1429_s31> [আয়কর আইন, ২০২৩, ধারা ৩১] আয় একীভূতকরণ — (১) এই আইনে ভিন্নরূপ কিছু না থাকিলে, নিম্নবর্ণিত আয়সমূহ কোনো ব্যক্তির মোট আয়ের অন্তর্ভুক্ত হইবে, যথা:-(ক) উক
8. <local_government_1024_s28> [স্থানীয় সরকার (পৌরসভা) আইন, ২০০৯, ধারা ২৮] সম্পত্তি সম্পর্কিত ঘোষণা — (১) মেয়র এবং প্রত্যেক কাউন্সিলরকে, শপথ বা দৃঢ়ভাবে ঘোষণা প্রদানের সময় ট্যাক্সপেয়ার’স আইডেন্টিফিকেশন নম্বরসহ
9. <other_857_s11> [বাংলাদেশ টেলিযোগাযোগ নিয়ন্ত্রণ আইন, ২০০১, ধারা ১১] পরিবারের সদস্যের কতিপয় স্বার্থ সম্পর্কে কমিশনারের দায়িত্ব — (১) কোন কমিশনারের পরিবারের কোন সদস্য যদি ধারা ১০(২)(ছ)- েত উলিস্্নখিত স্বার্থ অর্জন বা ধারণ করেন, তাহা হইলে তি
10. <other_1271_s22> [সরকারি চাকরি আইন, ২০১৮, ধারা ২২] কল্যাণমূলক ব্যবস্থা — (১) সরকার বা, ক্ষেত্রমত, উপযুক্ত কর্তৃপক্ষ সরকারি কর্মচারী ও তাহার পরিবারের সদস্যগণের কল্যাণে শিক্ষা, চিকিৎসা,",family_305_s7,own_search,answered,3,
prot_0080_04,Sarwad,,"আমার বয়স ৩১ বছর। ২০০৬ সালের অক্টোবরে প্রবাসী এক ছেলের সঙ্গে টেলিফোনে আমার বিয়ে হয়। অনুষ্ঠানে ছেলের এক বন্ধু ছাড়া তার পরিবারের কেউ উপস্থিত ছিল না। ছেলেটার সঙ্গে ২০০৫ সালে ইন্টারনেটের মাধ্যমে আমার পরিচয় হয়। আমরা কখনো সামনাসামনি একে অপরকে দেখিনি। ওয়েবক্যামের মাধ্যমে কথা হতো। বিয়ের তিন বছর পার হয়ে গেছে। সে একবারও দেশে আসেনি আর আমাকেও নিতে চায় না। বলেছিল, ২০১০ সালের জানুয়ারি মাসে দেশে আসবে। এখন বলছে, ২০১১ সালে আসবে। সে নিয়মিত ফোন করে এবং আমার সব খরচ বহন করে। কিন্তু তার পরিবারের কারও সঙ্গে যোগাযোগ করতে দেয় না এবং বাড়িতে বলেনি সে বিয়ে করেছে। তার পরিবারের লোকজন জানে, সে একটা মেয়েকে পছন্দ করে, দেশে এসে বিয়ে করবে। আমি আর অপেক্ষা করতে পারছি না। আমি কি তাকে তালাক দিতে পারব? আর তালাক দিলে এত দিন আমার জন্য প্রতি মাসে যে খরচ পাঠিয়েছে, সেটা কি ফেরত দিতে হবে? আমি কখনো তার সঙ্গে থাকিনি। তাই তালাক দিলে কি তিন মাস ইদ্দত পালন করতে হবে?নাম প্রকাশে অনিচ্ছুক","1. <women_children_1063_s26> [পারিবারিক সহিংসতা (প্রতিরোধ ও সুরক্ষা) আইন, , ধারা ২৬] প্রতিপক্ষের অনুপস্থিতিতে বিচার — (১) প্রতিপক্ষের প্রতি উপস্থিতির জন্য নোটিশ জারী করা হইলেও প্রতিপক্ষ যদি আদালতে উপস্থিত না হন বা একবার উপস্থিত 
2. <other_751_s27_p1> [ব্যাংক-কোম্পানী আইন, ১৯৯১, ধারা ২৭] ঋণ ও অগ্রিম প্রদানের উপর বাধা-নিষেধ — সাপেক্ষে, কোন ব্যাংক-কোম্পানী নিম্নবর্ণিত ক্ষেত্রে, সংশ্লিষ্ট পরিচালক ব্যতীত অন্যান্য পরিচালকগণের সংখ্যাগরিষ্ঠ
3. <other_1131_s29> [বৈদেশিক কর্মসংস্থান ও অভিবাসী আইন, ২০১৩, ধারা ২৯] দেশে ফিরিয়া আসিবার অধিকার — (১) কোন অভিবাসী কর্মীর, বিশেষত বিদেশে আটককৃত কিংবা আটকেপড়া বা বিপদগ্রস্ত কর্মীর দেশে ফিরিয়া আসিবার এবং বিদেশ
4. <women_children_1063_s15_p1> [পারিবারিক সহিংসতা (প্রতিরোধ ও সুরক্ষা) আইন, , ধারা ১৫] বসবাস আদেশ — অংশ বিশেষ সংক্ষুব্ধ ব্যক্তির অনুকূলে দখলে রাখিবার আদেশ প্রদান করা হইলেও উক্ত আদেশ উক্ত বাসগৃহে প্রতিপক্ষের স্ব
5. <other_1586_s23> [গুম প্রতিরোধ ও প্রতিকার অধ্যাদেশ, ২০২৫, ধারা ২৩] স্ত্রী বা সন্তান কর্তৃক গুম হওয়া ব্যক্তির সম্পত্তি ব্যবহারের অনুমতি — (১) গুম হওয়া ব্যক্তির দায় পরিশোধ, তাহার স্ত্রী বা তাহার উপর নির্ভরশীল পরিবারের সদস্যদের ভরণপোষণের বা অন্য কো
6. <other_857_s11> [বাংলাদেশ টেলিযোগাযোগ নিয়ন্ত্রণ আইন, ২০০১, ধারা ১১] পরিবারের সদস্যের কতিপয় স্বার্থ সম্পর্কে কমিশনারের দায়িত্ব — (১) কোন কমিশনারের পরিবারের কোন সদস্য যদি ধারা ১০(২)(ছ)- েত উলিস্্নখিত স্বার্থ অর্জন বা ধারণ করেন, তাহা হইলে তি
7. <other_788_s111_p1> [কোম্পানী আইন, ১৯৯৪, ধারা ১১১] কতিপয় নির্দিষ্ট ক্ষেত্রে ব্যতিরেকে অন্যান্য ক্ষেত্রে পদ হারানোর জন্য ক্ষতিপূরণ নিষিদ্ধ — অবহেলা বা গুরম্্নতর অব্যবস্থার জন্য দোষী সাব্যস্ত হইয়াছেন;(চ) যেক্ষেত্রে উক্ত পরিচালক তাহার পদের অবসান ঘটানোর
8. <local_government_1024_s28> [স্থানীয় সরকার (পৌরসভা) আইন, ২০০৯, ধারা ২৮] সম্পত্তি সম্পর্কিত ঘোষণা — (১) মেয়র এবং প্রত্যেক কাউন্সিলরকে, শপথ বা দৃঢ়ভাবে ঘোষণা প্রদানের সময় ট্যাক্সপেয়ার’স আইডেন্টিফিকেশন নম্বরসহ
9. <labour_952_s174> [বাংলাদেশ শ্রম আইন, ২০০৬, ধারা ১৭৪] ক্ষতিপূরণ হিসাবে প্রদত্ত কোন অর্থ হস্তান্তর করা সম্পর্কে অন্য কোন রাষ্ট্রের সংগে ব্যবস্থা কার্যকর করার জন্য বিধি — (১) সরকার, সরকারী গেজেটে প্রজ্ঞাপন দ্বারা-(ক) এই অধ্যায়ের অধীন শ্রম আদালতে জমাকৃত কোন অর্থ, যাহা অন্য কোন দেশ
10. <other_1126_s10> [প্রতিবন্ধী ব্যক্তির অধিকার ও সুরক্ষা আইন, ২০, ধারা ১০] শ্রবণপ্রতিবন্ধিতা (hearing disability) — (১) শব্দের তীব্রতা ৬০ ডেসিবল এর নিম্নে হইলে শুনিতে না পাওয়া ব্যক্তি ‘শ্রবণপ্রতিবন্ধী ব্যক্তি’ বলিয়া বিবেচিত ","family_180_s2_p0, family_305_s8, family_305_s7",own_search,answered,2,
prot_0065_06,Sarwad,,"আমার বয়স ২৬ বছর। বিয়ে হয়েছে ২০০৯ সালে। বিয়ের ১০-১৫ দিন পরই আমার স্বামী বিদেশে চলে যান। বিয়েতে তাঁকে দেড় লাখ টাকা যৌতুক হিসেবে দেওয়া হয়েছিল। কাবিন করা হয়েছিল দুই লাখ টাকা। তাঁদের পক্ষ থেকে গয়না বাবদ এক লাখ টাকা উশুল করা হয়েছিল। এরপর ২০১০ সালের মে মাসে বিদেশে থাকা অবস্থাতেই আমার স্বামী দুর্ঘটনায় মারা যান। তাঁরা ছয় বোন ও এক ভাই ছিলেন। বিদেশের সব টাকা তাঁর এক বোনের নামেই পাঠাতেন। বিদেশে চলে যাওয়ার পর থেকেই তিনি আমার কোনো খোঁজখবর রাখেননি। তাঁর বোনেরা সব সময় আমার সঙ্গে খারাপ আচরণ করতেন। আমার সন্তান হয়নি। এখন আইনসম্মতভাবে আমি তাঁদের পরিবারের কাছ থেকে কী পাব?তাঁর বাবা নেই এবং মা জীবিত। তাঁরা তাঁদের পরিবার থেকে আমাকে এক লাখ টাকা দিতে চাইছেন। আমার স্বামীর অনেক টাকাপয়সা ও জায়গাজমি আছে। কিন্তু তাঁরা বলছেন, আমার স্বামী কিছুই রেখে যাননি। আমি যদি তাঁদের বিরুদ্ধে মামলা করি, তাহলে আমি কী পাব?","1. <other_831_s7_p2> [অর্থ আইন, ১৯৯৯, ধারা ৭] ১৯৯১ সনের ২২ নং আইন সংশোধন — কিছুই থাকুক না কেন, প্রতিষ্ঠিত নিবন্ধিত ব্যক্তির তেগত্রে, প্রতিষ্ঠিত নিবন্ধিত ব্যক্তি বিবেচিত হওয়ার বত্সরে এই
2. <other_1266_s2_p2> [বাংলাদেশ মুক্তিযোদ্ধা কল্যাণ ট্রাস্ট আইন, ২০, ধারা ২] সংজ্ঞা — জামায়াতে ইসলামী এবং তাহাদের সহযোগী রাজাকার, আলবদর, আলশামস বাহিনীর বিরুদ্ধে গণপ্রজাতন্ত্রী বাংলাদেশের স্বাধীনত
3. <other_1476_s171_p11> [কাস্টমস আইন, ২০২৩, ধারা ১৭১] অপরাধসমূহের জরিমানা বা দণ্ড — সামগ্রীর ক্ষেত্রে এই আইন বা তদধীন প্রণীত বিধি দ্বারা নির্ধারিত কোনো শর্ত বা বিধি- নিষেধ পরিপালন করিতে ব্যর্থ হ
4. <other_1096_s53_p4> [বাংলাদেশ পরমাণু শক্তি নিয়ন্ত্রণ আইন, ২০১২, ধারা ৫৩] অপরাধ ও দণ্ড — উভয়দণ্ডে দণ্ডিত হইবেন।(৯) কোন ব্যক্তি এই আইনের অধীন ক্ষমতা প্রয়োগকালে কর্তৃপক্ষ বা তৎকর্তৃক অনুমোদিত ব্যক্তি
5. <women_children_1256_s4> [যৌতুক নিরোধ আইন, ২০১৮, ধারা ৪] যৌতুক প্রদান বা গ্রহণ, ইত্যাদির দণ্ড — যদি বিবাহের কোনো এক পক্ষ যৌতুক প্রদান বা গ্রহণ করেন অথবা যৌতুক প্রদান বা গ্রহণে সহায়তা করেন বা যৌতুক প্রদান ব
6. <women_children_1256_s3> [যৌতুক নিরোধ আইন, ২০১৮, ধারা ৩] যৌতুক দাবি করিবার দণ্ড — যদি বিবাহের কোনো এক পক্ষ, প্রত্যক্ষ বা পরোক্ষভাবে, বিবাহের অন্য কোনো পক্ষের নিকট কোনো যৌতুক দাবি করেন, তাহা হই
7. <other_1395_s3> [বাংলাদেশ সুপ্রীম কোর্টের বিচারক (পারিতোষিক ও, ধারা ৩] বেতন — বিচারকগণ প্রতি মাসে নিম্নবর্ণিত হারে বেতন প্রাপ্য হইবেন, যথা:-(ক) প্রধান বিচারপতি- ১,১০,০০০ (এক লক্ষ দশ হাজার)
8. <other_1052_s10_p1> [বাংলাদেশ গ্যাস আইন, ২০১০, ধারা ১০] কতিপয় অপরাধের দণ্ড — গ্রাহক দোষী সাব্যস্ত হইলে, তিনি অনধিক ৩ (তিন) মাস কারাদন্ডে বাঅনধিক ১০ (দশ) হাজার টাকা অর্থদন্ডে বা উভয় দন্ডে
9. <other_1715_s44_p4> [বন্যপ্রাণী (সংরক্ষণ ও নিরাপত্তা) আইন, ২০২৬, ধারা ৪৪] জরিমানা বা দণ্ড — ) লক্ষ টাকা অর্থদণ্ড অথবা উভয় দণ্ডে দণ্ডিত হইবেন । (১) (২) ( ৩ ) ৪২ ( ১ ) কোনো ব্যক্তি লাইসেন্স বা পারমিট ব্য
10. <other_1485_s9> [বাংলাদেশ পুলিশ কল্যাণ তহবিল আইন, ২০২৩, ধারা ৯] মৃত্যু এবং অক্ষমতাজনিত কারণে এককালীন এবং মাসিক কল্যাণ অনুদান — (১) কোনো কর্মচারী বা তাহার মৃত্যু হইলে তাহার স্ত্রী বা, ক্ষেত্রমত, স্বামী, বিধি দ্বারা নির্ধারিত পদ্ধতিতে, নিম",none,none,not_found,1,
prot_0009_01,Sarwad,,আমরা সাত ভাইবোন ছিলাম। ১১ বছর আগে মেজো বোন মারা গেছে। আর তিন বছর হলো মেজো ভাই মারা গেছেন। মেজো ভাইয়ের সম্পদ নিয়ে সমস্যা দেখা দিয়েছে। তাঁর জমি ও ব্যাংকের টাকার ওয়ারিশ কে হবে?,"1. <other_1717_s18ক_p1> [ব্যাংক রেজল্যুশন আইন, ২০২৬, ধারা ১৮ক] রেজল্যুশন কার্যক্রম হইতে শেয়ার, সম্পদ-দায়, পুনঃধারণ বা ধারণ — বা পক্ষ ক্ষতিগ্রস্থ হইলে তাহাদের প্রাপ্য ক্ষতিপূরণ প্রদান করিবে; ছ) বাংলাদেশ ব্যাংক, আবেদনকারীর নিকট হস্তান্তর
2. <other_775_s26> [বাংলাদেশ সিকিউরিটিজ অ্যান্ড এক্সচেঞ্জ কমিশন , ধারা ২৬] জটিলতার নিরসনের ক্ষমতা — (১) এই আইনের বিধানাবলী কার্যকর করার ক্ষেত্রে কোন অসুবিধা দেখা দিলে সরকার উক্ত অসুবিধা দূরীকরণার্থে, আদেশ দ্বার
3. <road_transport_1262_s84> [সড়ক পরিবহণ আইন, ২০১৮, ধারা ৮৪] কর্তৃপক্ষ কর্তৃক নির্ধারিত কোনো মোটরযানের কারিগরি বিনির্দেশ অমান্য সংক্রান্ত ধারা ৪০ এর বিধান লঙ্ঘনের দণ্ড — যদি কোনো ব্যক্তি ধারা ৪০ এর বিধান লঙ্ঘন করেন, তাহা হইলে উক্ত লঙ্ঘন হইবে একটি অপরাধ, এবং তজ্জন্য তিনি অনধিক ৩ (
4. <other_813_s20> [বাংলাদেশ কমার্স এন্ড ইনভেষ্টমেন্ট লিমিটেড (প, ধারা ২০] জটিলতা নিরসনের ক্ষমতা — (১) এই আইনের বিধানাবলী কার্যকর করার ক্ষেত্রে কোন অসুবিধা দেখা দিলে সরকার উক্ত অসুবিধা দূরীকরণার্থে, আদেশ দ্বার
5. <land_1455_s10> [ভূমি সংস্কার আইন, ২০২৩, ধারা ১০] বর্গাদারের মৃত্যুর পর বর্গাভূমির চাষ — (১) কোনো বর্গাদার বর্গাচুক্তির মেয়াদ শেষ হইবার পূর্বে মারা গেলে, উহার মেয়াদ শেষ না হওয়া পর্যন্ত অথবা এই আইন
6. <other_889_s12> [নিরাপদ রক্ত পরিসঞ্চালন আইন, ২০০২, ধারা ১২] লাইসেন্সের মেয়াদ ও নবায়ন — (১) বেসরকারী রক্ত পরিসঞ্চালন কেন্দ্র স্থাপন ও পরিচালনার জন্য প্রদত্ত লাইসেন্সের মেয়াদ হইবে লাইসেন্স ইস্যুর তা
7. <other_1156_s25> [মেট্রোরেল আইন, ২০১৫, ধারা ২৫] ক্ষতিপূরণ প্রদান — মেট্রোরেল পরিচালনাকালে উহা হইতে উদ্ভূত দুর্ঘটনার ফলে যদি কোন ব্যক্তি আঘাতপ্রাপ্ত বা ক্ষতিগ্রস্ত হন বা আঘাতপ্রা
8. <other_1201_s27> [বাস র‍্যাপিড ট্রানজিট (বিআরটি) আইন, ২০১৬, ধারা ২৭] ক্ষতিপূরণ প্রদান — বিআরটি পরিচালনাকালে উহা হইতে উদ্ভূত দুর্ঘটনার ফলে যদি কোনো ব্যক্তি আঘাতপ্রাপ্ত বা ক্ষতিগ্রস্ত হন বা আঘাতপ্রাপ্
9. <other_1217_s19> [বাংলাদেশ সড়ক পরিবহণ কর্তৃপক্ষ আইন, ২০১৭, ধারা ১৯] বার্ষিক বাজেট বিবরণী — কর্তৃপক্ষ, প্রতি অর্থ বছর সরকার কর্তৃক নির্দিষ্ট সময়ের মধ্যে পরবর্তী অর্থবৎসরের বার্ষিক বাজেট প্রস্তুত করিয়া
10. <other_1589_s23> [পুলিশ কমিশন অধ্যাদেশ, ২০২৫, ধারা ২৩] কমিশনের জনবল — (১) কমিশন ইহার কার্যাবলি সুষ্ঠুভাবে সম্পাদনের উদ্দেশ্যে, সরকারের পূর্বানুমোদনক্রমে, প্রয়োজনীয় সংখ্যক কর্মচার",none,none,not_found,1,
prot_0012_02,Sarwad,,"আমার পরিবারকে না জানিয়ে আমরা বিয়ে করি। দুই মাসের মধ্যে জানতে পারি আমার স্ত্রীর আরেকজনের সঙ্গে পরকীয়ার সম্পর্ক আছে। এরপর বিয়ের তিন মাসের মধ্যেই আমার স্ত্রীকে আইনিভাবে তালাক দিই। তালাকের নোটিশ আমি আমার স্ত্রীকে, স্ত্রীর ভাইকে ও অত্র এলাকার চেয়ারম্যানকে পাঠাই। কিন্তু চেয়ারম্যান নোটিশ পাওয়ার বিষয়টি গোপন করেন। এখন এত দিন পর ২০/১২/২০১৪ থেকে ১৪/০২/২০১৬ আমাকে ও আমার পরিবারকে আসামি করে নারী ও শিশু নির্যাতন দমন আইনের ১১-এর (গ) ধারায় যৌতুকের জন্য নির্যাতন, হত্যাচেষ্টার অভিযোগ এনে থানায় মামলা দায়ের করে। মামলায় আমাকে ও আমার মাকে বিবাদী করা হয়েছে। আর এ ঘটনার দিন-তারিখ নোটিশে উল্লেখ করা আছে। আমি এখন কীভাবে এ রকম পরিস্থিতি মোকাবিলা করব? মামলাটি আদালতে গেলে কি আমরা জামিন পাব? মিথ্যা মামলা দায়ের করার জন্য কি আমরা আইনি ব্যবস্থা নিতে পারব? আর আমি কি আমার তালাক রেজিস্ট্রি করতে পারব? নাম প্রকাশে অনিচ্ছুক","1. <women_children_835_s35> [নারী ও শিশু নির্যাতন দমন আইন, ২০০০, ধারা ৩৫] (১) এই আইনে যাহা কিছু থাকুক না কেন,নারী ও শিশু নির্যাতন দমন (সংশোধন) অধ্যাদেশ, ২০২৫বলবৎ হওয়ার তারিখ হইতে ধারা
2. <other_1696_s63> [রাজধানী উন্নয়ন কর্তৃপক্ষ আইন, ২০২৬, ধারা ৬৩] কর্তৃপক্ষের বিরুদ্ধে মামলার নোটিশ, ইত্যাদি — (১) এই আইন বা তদ্ধীন প্রণীত বিধি বা প্রবিধানের অধীন কর্তৃপক্ষ, চেয়ারম্যান, সদস্য বা কর্মচারীর বিরুদ্ধে কোনো ম
3. <women_children_835_s34> [নারী ও শিশু নির্যাতন দমন আইন, ২০০০, ধারা ৩৪] ১৯৯৫ সনের ১৮ নং আইনের রহিতকরণ ও হেফাজত — (১) নারী ও শিশু নির্যাতন (বিশেষ বিধান) আইন, ১৯৯৫ (১৯৯৫ সনের ১৮ নং আইন), অতঃপর উক্ত আইন বলিয়া উল্লিখিত, এতদ্বা
4. <other_1246_s204> [ক্যান্টনমেন্ট আইন, ২০১৮, ধারা ২০৪] মামলার নোটিশ প্রদান — (১) কোনো ব্যক্তি বোর্ডের কোনো আদেশ দ্বারা সংক্ষুব্ধ হইয়া কোনো দেওয়ানি মামলা দায়ের করিতে চাহিলে, তিনি তামাদি
5. <women_children_1119_s16> [শিশু আইন, ২০১৩, ধারা ১৬] (১) আইনের সহিত সংঘাত জড়িত শিশু কর্তৃক সংঘটিত যে কোনো অপরাধের বিচার করিবার জন্য, প্রত্যেক জেলা সদরে শিশু-আদালত
6. <labour_952_s216_p1> [বাংলাদেশ শ্রম আইন, ২০০৬, ধারা ২১৬] অপরাধ বিচার ছাড়া অন্য কোন বিষয়ে শ্রম আদালতের ক্ষমতা ওকার্যক্রম — বা আপত্তি পেশ করিতে ব্যর্থ হয়, তাহা হইলে মামলাটি একতরফা শুনানীক্রমে নিষ্পত্তি করা হইবে।(৬) কোন পক্ষের আবেদনক্
7. <other_1404_s56> [চট্টগ্রাম বন্দর কর্তৃপক্ষ আইন, ২০২২, ধারা ৫৬] মামলা দায়েরের সীমাবদ্ধতা — (১) কর্তৃপক্ষের বিরুদ্ধে কোনো আদালতে মামলা দায়েরে ইচ্ছুক ব্যক্তি, তাহার নাম ঠিকানাসহ মামলা দায়েরের কারণ সংবল
8. <other_1403_s56> [মোংলা বন্দর কর্তৃপক্ষ আইন, ২০২২, ধারা ৫৬] মামলা দায়েরের সীমাবদ্ধতা — (১) কর্তৃপক্ষের বিরুদ্ধে মামলা দায়েরে ইচ্ছুক ব্যক্তি, তাহার নাম ঠিকানাসহ মামলা দায়েরের কারণ সংবলিত লিখিত নোট
9. <other_841_s76> [জেলা পরিষদ আইন, ২০০০, ধারা ৭৬] পরিষদের পক্ষে ও বিরুদ্ধে মামলা — (১) পরিষদের বিরুদ্ধে বা পরিষদ সংক্রান্ত কোন কাজের জন্য উহার কোন সদস্য বা কর্মকর্তা বা কর্মচারীর বিরুদ্ধে কোন ম
10. <other_726_s71> [বান্দরবান পার্বত্য জেলা পরিষদ আইন, ১৯৮৯, ধারা ৭১] পরিষদের পক্ষে ও বিপক্ষে মামলা — (১) পরিষদের বিরুদ্ধে বা পরিষদ সংক্রান্ত কোন কাজের জন্য উহার কোন সদস্য বা কর্মকর্তা বা কর্মচারীর বিরুদ্ধে কোন ম","women_children_835_s19, women_children_835_s17, family_476_s6",own_search,answered,2,
prot_0031_01,Sarwad,,"এরপর মেয়েটি আর সেই স্বামীর সংসারে যান না। আলাদা থেকে পড়াশোনা চালিয়ে যেতে থাকেন। একসময় তাঁর স্বামী পুলিশের কাছে ধরা পড়েন। এখন তাঁর বিচার চলছে। এ অবস্থায় এই স্ত্রী যদি স্বামীকে তালাক দিতে চান, সে ক্ষেত্রে কীভাবে এগোনো যেতে পারে?","1. <other_1266_s2_p2> [বাংলাদেশ মুক্তিযোদ্ধা কল্যাণ ট্রাস্ট আইন, ২০, ধারা ২] সংজ্ঞা — জামায়াতে ইসলামী এবং তাহাদের সহযোগী রাজাকার, আলবদর, আলশামস বাহিনীর বিরুদ্ধে গণপ্রজাতন্ত্রী বাংলাদেশের স্বাধীনত
2. <other_1485_s9> [বাংলাদেশ পুলিশ কল্যাণ তহবিল আইন, ২০২৩, ধারা ৯] মৃত্যু এবং অক্ষমতাজনিত কারণে এককালীন এবং মাসিক কল্যাণ অনুদান — (১) কোনো কর্মচারী বা তাহার মৃত্যু হইলে তাহার স্ত্রী বা, ক্ষেত্রমত, স্বামী, বিধি দ্বারা নির্ধারিত পদ্ধতিতে, নিম
3. <other_1173_s8> [বাংলাদেশ চা শ্রমিক কল্যাণ তহবিল আইন, ২০১৬, ধারা ৮] মৃত্যু ও স্থায়ী অক্ষমতার ক্ষেত্রে এককালীন অনুদান সহায়তা প্রদান — যদি কোন শ্রমিক-(ক) নিজ দায়িত্ব পালনকালে শারীরিক বা মানসিকভাবে প্রবিধান দ্বারা নির্ধারিত চিকিৎসা কর্তৃপক্ষ কর্
4. <other_857_s47_p1> [বাংলাদেশ টেলিযোগাযোগ নিয়ন্ত্রণ আইন, ২০০১, ধারা ৪৭] আন্তঃসংযোগ (Interconnection) — ক্ষেত্রে, বৈষম্যমূলক আচরণ পরিহার করিবেন, স্বচ্ছতাসহকারে কাজ করিবেন এবং এই সকল শর্ত সদৃশ ক্ষেত্রে সদৃশভাবে প্রয
5. <other_924_s2> [ব্যক্তি মালিকানাধীন সড়ক পরিবহন শ্রমিক কল্যাণ, ধারা ২] সংজ্ঞা — বিষয় বা প্রসঙ্গের পরিপন্থী কিছু না থাকিলে, এই আইনে-(ক) “কল্যাণ তহবিল” অর্থ ধারা ৪ এর অধীন গঠিত কল্যাণ তহবিল;(
6. <other_1429_s31> [আয়কর আইন, ২০২৩, ধারা ৩১] আয় একীভূতকরণ — (১) এই আইনে ভিন্নরূপ কিছু না থাকিলে, নিম্নবর্ণিত আয়সমূহ কোনো ব্যক্তির মোট আয়ের অন্তর্ভুক্ত হইবে, যথা:-(ক) উক
7. <women_children_835_s11> [নারী ও শিশু নির্যাতন দমন আইন, ২০০০, ধারা ১১] যৌতুকের জন্য মৃত্যু ঘটানো, ইত্যাদির শাস্তি — যদি কোন নারীর স্বামী অথবা স্বামীর পিতা, মাতা, অভিভাবক, আত্মীয় বা স্বামীর পক্ষে অন্য কোন ব্যক্তি যৌতুকের জন্য 
8. <other_1170_s25> [বাংলাদেশ  সরকারি-বেসরকারি অংশীদারিত্ব আইন, ২, ধারা ২৫] স্বার্থের সংঘাত — বেসরকারি অংশীদার নির্বাচন প্রক্রিয়ায় দরপত্র মূল্যায়নের সহিত জড়িত কোন ব্যক্তির নিকট যদি প্রতীয়মান হয় যে, 
9. <other_1586_s23> [গুম প্রতিরোধ ও প্রতিকার অধ্যাদেশ, ২০২৫, ধারা ২৩] স্ত্রী বা সন্তান কর্তৃক গুম হওয়া ব্যক্তির সম্পত্তি ব্যবহারের অনুমতি — (১) গুম হওয়া ব্যক্তির দায় পরিশোধ, তাহার স্ত্রী বা তাহার উপর নির্ভরশীল পরিবারের সদস্যদের ভরণপোষণের বা অন্য কো
10. <other_788_s342> [কোম্পানী আইন, ১৯৯৪, ধারা ৩৪২] লিকুইডেটর কর্তৃক ব্যাংকে টাকা জমাদান — (১) আদালত কর্তৃক অবলুপ্ত হইতেছে এইরূপ কোম্পানীর প্রত্যেক লিকুইডেটর তত্কর্তৃক গৃহীত সকল টাকা নির্ধারিত পদ্ধতিতে","family_305_s8, family_305_s7, family_180_s2_p0",own_search,answered,2,
ajke_0157_01,Sarwad,,"প্রশ্ন: আমি হিন্দুধর্মাবলম্বী একজন বিবাহিত মেয়ে। কিছুদিন আগে আমার বাবা মারা গেছেন। আমার বাবা ব্যাংকে কিছু টাকা রেখে গেছেন, যার নমিনি আমার মা। আমি আমার বাবা-মায়ের একমাত্র সন্তান। আমার দাদু অর্থাৎ বাবার বাবা, মা, ভাই জীবিত আছেন। আমার বাবা মারা যাওয়ার পর আমার কাকা ও দাদু দাবি করছেন, তাঁরা আমার বাবার টাকার ওয়ারিশ; যেহেতু আমি একমাত্র মেয়ে। তাঁরা টাকা দাবি করছেন। তাঁরা ব্যাংককে এ কথা জানিয়েছেন। ব্যাংক থেকে ওয়ারিশান সার্টিফিকেট চাওয়া হচ্ছে। আমার প্রশ্ন, তাঁরা কি হিন্দু আইনমতে এই টাকার ওয়ারিশ হবেন? যেহেতু নমিনি আমার মা এবং তিনি জীবিত আছেন","1. <other_1413_s14> [সরকারি ঋণ আইন, ২০২২, ধারা ১৪] ধারক মৃত্যুবরণ করিলে প্রযোজ্য বিধান — (১) এই ধারার অন্যান্য বিধানসাপেক্ষে, সরকারি সিকিউরিটি বা জাতীয় সঞ্চয় স্কীমের আওতায় ইস্যুকৃত সার্টিফিকেটের ধ
2. <other_1725_s21_p29> [অর্থ আইন, ২০২৬, ধারা ২১] ২০১২ সনের ৪৭ নং আইনের দ্বিতীয় তফসিলের সংশোধন — ডলার পর্যন্ত ৪৫ (ঘ) মূল্যসীমা ১০০০০০ মা. ডলার এর ঊর্ধ্ব হইতে ২০০০০০ মা. ডলার পর্যন্ত ৬০ (ঙ) মূল্যসীমা ২০০০০০ ম
3. <land_1455_s10> [ভূমি সংস্কার আইন, ২০২৩, ধারা ১০] বর্গাদারের মৃত্যুর পর বর্গাভূমির চাষ — (১) কোনো বর্গাদার বর্গাচুক্তির মেয়াদ শেষ হইবার পূর্বে মারা গেলে, উহার মেয়াদ শেষ না হওয়া পর্যন্ত অথবা এই আইন
4. <other_1413_s18> [সরকারি ঋণ আইন, ২০২২, ধারা ১৮] ধারকের মৃত্যুর পর সরকারি সিকিউরিটি বা জাতীয় সঞ্চয় স্কীমের আওতায় ইস্যুকৃত সার্টিফিকেটের অর্থ প্রদান — (১) সরকারি সিকিউরিটি বা জাতীয় সঞ্চয় স্কীমের আওতায় ইস্যুকৃত সার্টিফিকেটের ধারক নমিনি প্রদানপূর্বক মৃত্যুবরণ 
5. <other_1413_s17> [সরকারি ঋণ আইন, ২০২২, ধারা ১৭] ধারক কর্তৃক নমিনি মনোনয়ন প্রদান — (১) আপাতত বলবৎ অন্য কোনো আইনে ভিন্নরূপ যাহা কিছুই থাকুক না কেন,-(ক) সরকারি সিকিউরিটি বা জাতীয় সঞ্চয় স্কীমের 
6. <other_1148_s2> [বাংলাদেশ সাংবাদিক কল্যাণ ট্রাস্ট আইন, ২০১৪, ধারা ২] সংজ্ঞা — বিষয় বা প্রসঙ্গের পরিপন্থী কোন কিছু না থাকিলে, এই আইনে-(১) ‘‘চেয়ারম্যান’’ অর্থ বোর্ডের চেয়ারম্যান;(২) ‘‘ট্র
7. <other_1413_s15> [সরকারি ঋণ আইন, ২০২২, ধারা ১৫] সরকারি সিকিউরিটি বা জাতীয় সঞ্চয় স্কীমের আওতায় ইস্যুকৃত সার্টিফিকেটের যৌথ ধারক বা প্রাপক মৃত্যুবরণ করিলে — Contract Act, 1872(Act No. IX of 1872) এ যাহা কিছুই থাকুক না কেন,-(ক) সরকারি সিকিউরিটি বা জাতীয় সঞ্চয় স্কীমে
8. <land_1449_s12> [ভূমি উন্নয়ন কর আইন, ২০২৩, ধারা ১২] টাকার অঙ্ক — জমাবন্দি ভিত্তিক ভূমি উন্নয়ন করের দাবি ও বকেয়ার জন্য প্রদেয় জরিমানার পরিমাণ, উভয় ক্ষেত্রে, টাকার ভগ্নাংশ থ
9. <labour_952_s98> [বাংলাদেশ শ্রম আইন, ২০০৬, ধারা ৯৮] সংবাদপত্র শ্রমিকের জন্য চিকিৎসা পরিচর্যা — প্রত্যেক সংবাদপত্র শ্রমিক এবং তাহার উপর নির্ভরশীলগণ সংবাদপত্র প্রতিষ্ঠানের খরচে বিধি দ্বারা নির্ধারিত পন্থায় 
10. <other_822_s10> [পার্বত্য চট্টগ্রাম আঞ্চলিক পরিষদ আইন, ১৯৯৮, ধারা ১০] সম্পত্তি সম্পর্কিত ঘোষণা — চেয়ারম্যান ও প্রত্যেক সদস্য তাহার কার্যভার গ্রহণের পূর্বে তাহার এবং তাঁহার পরিবারের কোন সদস্যের স্বত্ব, দখল ব","other_171_s3, other_751_s103",own_search,answered,2,
prot_0004_04,Sarwad,,"পাবলিক প্লেসে ধূমপানের অপরাধে কত দিনের সাজা হতে পারে? ধূমপানের কারণে কাউকে শাস্তি দিতে হলে, আমি কীভাবে পুলিশের সাহায্য পাব? মেরিনা বুশরা কুমিল্লা","1. <consumer_927_s7> [ধূমপান ও তামাকজাত দ্রব্য ব্যবহার (নিয়ন্ত্রণ), ধারা ৭] (১) কোন পাবলিক প্লেসের মালিক, তত্ত্বাবধায়ক বা নিয়ন্ত্রণকারী ব্যক্তি বা ব্যবস্থাপক উহাতে এবং কোন পাবলিক পরিবহ
2. <consumer_927_s10> [ধূমপান ও তামাকজাত দ্রব্য ব্যবহার (নিয়ন্ত্রণ), ধারা ১০] (১) তামাকজাত দ্রব্যের প্যাকেট, মোড়ক, কার্টন বা কৌটার উভয় পার্শ্বে মূল প্রদর্শনী তল বা যে সকল প্যাকেটে দুইটি 
3. <consumer_927_s2> [ধূমপান ও তামাকজাত দ্রব্য ব্যবহার (নিয়ন্ত্রণ), ধারা ২] সংজ্ঞা — বিষয় বা প্রসংগের পরিপন্থী কোন কিছু না থাকিলে, এই আইনে-1[(ক) “কর্তৃত্বপ্রাপ্ত কর্মকর্তা” অর্থ উপজেলা নির্বাহী 
4. <other_829_s15> [ডিপজিটরি আইন, ১৯৯৯, ধারা ১৫] শাস্তি — (১) কোন ব্যক্তি এই আইনের কোন বিধান লংঘন করিলে বা করার চেষ্টা করিলে বা করিতে সাহায্য করিলে তিনি অনধিক পাঁচ বত্স
5. <other_1284_s22> [বাংলাদেশ রিহ্যাবিলিটেশন কাউন্সিল আইন, ২০১৮, ধারা ২২] নিবন্ধন বহি (Register) হইতে নাম কর্তন অথবা নিবন্ধন বাতিল — (১) যদি কাউন্সিলের নিকট প্রতীয়মান হয় যে-(ক) কোনো নিবন্ধিত রিহ্যাবিলিটেশন পেশাজীবী কর্তৃক দাখিলকৃত সনদ মিথ্যা
6. <road_transport_1262_s77> [সড়ক পরিবহণ আইন, ২০১৮, ধারা ৭৭] রুট পারমিট ব্যতীত পাবলিক প্লেসে পরিবহন যান ব্যবহার সংক্রান্ত ধারা ২৮ এর বিধান লঙ্ঘনের দণ্ড — যদি কোনো ব্যক্তি ধারা ২৮ এর উপ-ধারা (১) এর বিধান লঙ্ঘন করেন, তাহা হইলে উক্ত লঙ্ঘন হইবে একটি অপরাধ, এবং তজ্জন্য
7. <other_1136_s36> [ভৌগোলিক নির্দেশক পণ্য (নিবন্ধন ও সুরক্ষা) আই, ধারা ৩৬] পণ্য বাজেয়াপ্তকরণ — (১) এই আইনের অধীন জব্দকৃত মালামাল দখলে রাখিবার বা ব্যবহার করিবার বৈধ্যতা প্রমাণ করিতে ব্যর্থ হইলে, সংশ্লিষ্ট আ
8. <other_1009_s26> [সন্ত্রাস বিরোধী আইন, ২০০৯, ধারা ২৬] পুনঃসমর্পণ (Remand) — (১) যেক্ষেত্রে কোন ব্যক্তিকে গ্রেপ্তার করা হয় এবং তদন্তের জন্য আটক রাখা হয়, সেইক্ষেত্রে তদন্ত কর্মকর্তা অভিয
9. <labour_952_s267> [বাংলাদেশ শ্রম আইন, ২০০৬, ধারা ২৬৭] প্রশাসন ব্যয় — (১) ট্রাস্টি বোর্ড চাঁদার ভিত্তিতে একটি প্রশাসনিক খরচ আরোপ করিতে পারিবে।(২) সরকার, বোর্ডের সহিত পরামর্শক্রমে, 
10. <other_1589_s14> [পুলিশ কমিশন অধ্যাদেশ, ২০২৫, ধারা ১৪] পুলিশের নিজস্ব অভিযোগ নিষ্পত্তি ব্যবস্থা — নাগরিক অভিযোগ ও পুলিশের অভ্যন্তরীণ সংক্ষোভ নিষ্পত্তির নিমিত্ত পুলিশের একটি নিজস্ব ব্যবস্থা থাকিবে, যাহা এই অধ্","consumer_927_s4, consumer_927_s9, consumer_927_s14",own_search,answered,2,
prot_0000_01,Sarwad,,"আমি একজনকে ভালোবাসি, সেও আমাকে ভালোবাসে। আমাদের সম্পর্ক চার বছরের। তাকে বাড়ি থেকে বিয়ে দিতে চাচ্ছে। আর আমিও এখনো কিছু করছি না। আমাদের সম্পর্কও মানছে না দুই পরিবার। আমরা আমাদের সম্পর্ককে এফিডেভিট করে রাখতে চাচ্ছি। এফিডেভিট করলে কি আমরা আমাদের সম্পর্ককে ধরে রাখতে পারব?","1. <other_788_s344> [কোম্পানী আইন, ১৯৯৪, ধারা ৩৪৪] আদালত এবং কতিপয় ব্যক্তির সমীপে এফিডেভিট সম্পাদন — (১) এই খণ্ডের বিধানানুযায়ী বা ঐ সব বিধানের উদ্দেশ্য পূরণকল্পে, এভিডেভিট সম্পাদন করার প্রয়োজন হইলে, বাংলাদেশে
2. <other_850_s34> [সালিস আইন, ২০০১, ধারা ৩৪] সালিসী ট্রাইব্যুনালে সাক্ষ্য প্রদান — পক্ষগণ ভিন্নভাবে সম্মত না হইলে-(ক) সালিসী ট্রাইব্যুনালে মৌখিক বা লিখিতভাবে বা এফিডেভিট দ্বারা সাক্ষ্য প্রদান ক
3. <other_788_s336> [কোম্পানী আইন, ১৯৯৪, ধারা ৩৩৬] পাওনাদার অথবা প্রদায়কের অভিপ্রায় জানিবার উদ্দেশ্যে সভা আহ্বান — (১) যেক্ষেত্রে এই আইনের কোন বিধান অনুসারে, কোম্পানীর অবলুপ্তিকালে, পর্যাপ্ত প্রমাণ সাপেক্ষে আদালতকে পাওনাদার ক
4. <other_812_s56> [দেউলিয়া বিষয়ক আইন, ১৯৯৭, ধারা ৫৬] প্রমাণের পদ্ধতি — (১) কোন দেনার সত্যতা প্রতিপাদন করতঃ (verify) একটি এফিডেভিট আদালতে দাখিল করিয়া বা রেজিষ্টার্ড ডাকযোগে প্রেরণ ক
5. <tenancy_748_s17> [বাড়ী ভাড়া নিয়ন্ত্রণ আইন, ১৯৯১, ধারা ১৭] কতিপয় ক্ষেত্রে ক্রোক, পরোয়ানা ইত্যাদি — কোন বাড়ীর ভাড়া আদায়ের জন্য Civil Procedure Code, 1908 (V of 1908) এর অধীন প্রদত্ত কোন এক তরফা ডিক্রি কার্যক
6. <other_1413_s28> [সরকারি ঋণ আইন, ২০২২, ধারা ২৮] আদেশের আইনগত গ্রহণযোগ্যতা — (১) এই আইনের অধীন বাংলাদেশ ব্যাংক বা, ক্ষেত্রমত, জাতীয় সঞ্চয় অধিদপ্তর যে কোনো ব্যক্তিকে সরকারি সিকিউরিটি বা 
7. <other_770_s12> [বাংলাদেশ উন্মুক্ত বিশ্ববিদ্যালয় আইন, ১৯৯২, ধারা ১২] ভাইস-চ্যান্সেলর — (১) ভাইস-চ্যান্সেলর চার বত্সর মেয়াদে চ্যান্সেলর কর্তৃক নিযুক্ত হইবেন এবং তিনি পরবর্তী আর একটি মেয়াদে নিযুক্ত
8. <other_812_s95> [দেউলিয়া বিষয়ক আইন, ১৯৯৭, ধারা ৯৫] কার্যধারায় বণ্টনযোগ্য সম্পদের সংক্ষিপ্ত নিষ্পত্তি — দেনাদার কর্তৃক বা তাহার বিরুদ্ধে আর্জি দাখিল হওয়ার পর, এফিডেভিট বা অন্য কোন কিছুর ভিত্তিতে, আদালতের নিকট যদি 
9. <other_769_s11> [জাতীয় বিশ্ববিদ্যালয় আইন, ১৯৯২, ধারা ১১] ভাইস-চ্যান্সেলর — (১) ভাইস-চ্যান্সেলর চার বত্সর মেয়াদে চ্যান্সেলর কর্তৃক নিযুক্ত হইবেন এবং তিনি পরবর্তী আর একটি মেয়াদে নিযুক্ত
10. <other_1707_s11> [ঢাকা সেন্ট্রাল ইউনিভার্সিটি আইন, ২০২৬, ধারা ১১] উপাচার্য — (১) সিনেট কর্তৃক মনোনীত ৩ (তিন) সদস্যবিশিষ্ট প্যানেল হইতে আচার্য, তদ্কর্তৃক নির্ধারিত শর্তে, একজনকে ৪ (চার) বৎ",other_308_s8,own_search,answered,2,
prot_0113_03,Sarwad,,আদৌ কি কোনো বিচার চাওয়ার পথ খোলা আছে?,"1. <labour_952_s62_p0> [বাংলাদেশ শ্রম আইন, ২০০৬, ধারা ৬২] অগ্নিকান্ড সম্পর্কে সতর্কতা অবলম্বন — (১) প্রত্যেক প্রতিষ্ঠানে বিধি দ্বারা নির্ধারিতভাবে অগ্নিকান্ডের সময় প্রত্যেক তলার সাথে সংযোগ রক্ষাকারী অন্ততঃ
2. <other_1476_s114> [কাস্টমস আইন, ২০২৩, ধারা ১১৪] ওয়্যারহাউসে রক্ষিত প্যাকেজ খোলা এবং পরীক্ষা করিবার ক্ষমতা।- — (১) যথাযথ কর্মকর্তা যে কোনো সময়ে লিখিত আদেশ দ্বারা নির্দেশ প্রদান করিতে পারিবেন যে, কোনো ওয়্যারহাউসে সংরক্ষি
3. <other_1700_s21> [বাংলাদেশ বনশিল্প উন্নয়ন কর্পোরেশন আইন, ২০২৬, ধারা ২১] ব্যাংক হিসাব খোলা ও পরিচালনা — কর্পোরেশন সরকার কর্তৃক অনুমোদিত যেকোনো তফসিলি ব্যাংকে হিসাব খোলা ও পরিচালনা করিতে পারিবে।
4. <labour_952_s72> [বাংলাদেশ শ্রম আইন, ২০০৬, ধারা ৭২] মেঝে, সিঁড়ি এবং যাতায়াত পথ — প্রত্যেক প্রতিষ্ঠানে-(ক) সকল মেঝে, সিঁড়ি, চলাচল পথ মজবুতভাবে নির্মাণ করিতে এবং যথাযথভাবে সংরক্ষণ করিতে হইবে এ
5. <other_1246_s147> [ক্যান্টনমেন্ট আইন, ২০১৮, ধারা ১৪৭] লাইসেন্স ব্যতীত বাজার বা কসাইখানা খোলা রাখিবার দণ্ড — (১) যদি কোনো ব্যক্তি জনগণের ব্যবহারের জন্য কোনো বাজার বা কসাইখানা, যাহার জন্য এই আইন দ্বারা বা তদধীন লাইসেন্সে
6. <other_743_s5> [দানকর আইন, ১৯৯০, ধারা ৫] দানের মূল্য নিরূপণ পদ্ধতি — (১) এই আইনের অধীন কর নির্ধারণের জন্য নগদ অর্থ ব্যতীত দান হিসাবে হস্তান্তরিত অন্যান্য সম্পত্তির মূল্য দানের তার
7. <other_1490_s38> [অর্থ আইন, ২০২৪, ধারা ৩৮] ২০২৩ সনের ১২ নং আইনের ধারা ৯৭ এর সংশোধন — উক্ত আইনের ধারা ৯৭ এর—(ক) উপান্তটীকা “স্থানীয় ঋণপত্রের কমিশন হিসাবে প্রাপ্ত অর্থ হইতে কর্তন” এর পরিবর্তে “স্থ
8. <other_1725_s169_p4> [অর্থ আইন, ২০২৬, ধারা ১৬৯] ২০২৩ সনের ৫৭ নং আইনে ষোড়শ-ক অধ্যায় এর সন্নিবেশ — রিটেইল ব্যবসা পরিচালনাকারী প্রতিষ্ঠানের কার্যক্রম তত্ত্বাবধান করিবে। ১৩৪ঝ। মুক্ত বাণিজ্য অঞ্চলে রক্ষিত প্যাকেজ
9. <other_732_s13> [অর্থ আইন, ১৯৮৯, ধারা ১৩] Ordinance XLII of 1984 এর সংশোধন — (১) TheFinance Ordinance, 1984(XLII of 1984) এর section 11 বিলুপ্ত হইবে।(২) উপ-ধারা (১) এর অধীন বিলুপ্তকরণ সত্
10. <other_1472_s66> [বাংলাদেশ পেটেন্ট আইন, ২০২৩, ধারা ৬৬] পেটেন্ট স্বত্বাধিকারীর নিকট তথ্য চাওয়ার ক্ষেত্রে মহাপরিচালকের ক্ষমতা — (১) মহাপরিচালক, পেটেন্ট কার্যকর থাকাকালীন যে কোনো সময়, লিখিত নোটিশের মাধ্যমে, পেটেন্ট স্বত্বাধিকারী বা লাইসেন",unanswerable,none,unanswerable,3,
prot_0048_03,Sarwad,,"১০ বছর আগে আমার বিয়ে হয়, সাত বছরের একটি ছেলে আছে। বিয়ের পর থেকেই স্বামীর সঙ্গে আমার বনিবনা হচ্ছে না। তার পরও সংসার করছিলাম। হঠাৎ করে আমার সঙ্গে একজনের সম্পর্ক হয়। নানা কারণে সাত মাস আগে আমি অসুস্থ হয়ে আবার বাবার বাসায় চলে আসি। এর মধ্যে একবার এতটাই অসুস্থ হয়ে পড়ি যে বাড়ি থেকে বেরিয়ে গিয়েছিলাম। প্রায় সাত দিন কোথায় ছিলাম, কী করেছি কিছুই মনে নেই। এই সময়ে আমার স্বামী আমার বাবা-মায়ের কাছে এসে তালাক চায় এবং নানা ধরনের বাজে কথা বলে। সে আমাদের সব আত্মীয়স্বজনকে বলে বেড়ায় যে আমি নাকি ওই ছেলের সঙ্গে চলে গিয়েছি। এখন সে আমাকে আর তার সংসারে তো নেবেই না বরং বাড়িতে আমার ও আমার বাবার দেওয়া যেসব মালামাল রয়েছে, সেগুলো দিতে নারাজ। সে বলে বেড়াচ্ছে যে তার এই ১০ বছরের বিবাহিত জীবনের সব ক্ষতিপূরণ নাকি আমাকেই বহন করতে হবে। আজ প্রায় সাত-আট মাস যাবৎ আমার ও আমার ছেলের কোনো ভরণপোষণ দেয়নি। এমনকি সে এখন আমার ছেলেকেও আমার কাছ থেকে নিয়ে যেতে চাইছে। এ অবস্থায় আমি কী করতে পারি?নাম প্রকাশে অনিচ্ছুক","1. <other_1132_s5> [পিতা-মাতার ভরণ-পোষণ আইন, ২০১৩, ধারা ৫] পিতা-মাতার ভরণ-পোষণ না করিবার দণ্ড — (১) কোন সন্তান কর্তৃক ধারা ৩ এর যে কোন উপ-ধারার বিধান কিংবা ধারা ৪ এর বিধান লংঘন অপরাধ বলিয়া গণ্য হইবে এবং উক
2. <other_1133_s11> [নির্যাতন এবং হেফাজতে মৃত্যু (নিবারণ) আইন, ২০, ধারা ১১] নিরাপত্তা বিধান — (১) অভিযোগকারী কোনো ব্যক্তি এই আইনে অভিযুক্ত কোনো ব্যক্তির বিরুদ্ধে নিরাপত্তা বিধানকল্পে দায়রা জজ আদালতে পিটি
3. <local_government_1026_s49_p0> [স্থানীয় সরকার (সিটি কর্পোরেশন) আইন, ২০০৯, ধারা ৪৯] কর্পোরেশনের সভা — (১) মেয়র ও অন্যান্য কাউন্সিলরগণের শপথ গ্রহণের ত্রিশ দিনের মধ্যে, অথবা কর্পোরেশন পুনর্গঠনের ক্ষেত্রে, বিদ্যমান
4. <other_1246_s71> [ক্যান্টনমেন্ট আইন, ২০১৮, ধারা ৭১] খালি ইমারত বা বাড়িতে বসবাসের ক্ষেত্রে নোটিশ প্রদান — (১) ধারা ৬৭ বা ৬৮ এর অধীন কর মওকুফ বা প্রত্যর্পণকৃত যে কোনো ইমারত, ফ্ল্যাট বা ভূমির মালিক উক্ত ইমারত, ফ্ল্যাট 
5. <other_1586_s4_p0> [গুম প্রতিরোধ ও প্রতিকার অধ্যাদেশ, ২০২৫, ধারা ৪] গুম, ইত্যাদি ও উহার সাজা — (১) কোনো সরকারি কর্মচারী বা শৃঙ্খলা-বাহিনীর কোনো সদস্য উক্তরূপ পরিচয়ের বলে নিজে, অথবা শৃঙ্খলা-বাহিনী বা সরকার
6. <other_788_s222> [কোম্পানী আইন, ১৯৯৪, ধারা ২২২] সাতজন বা দুইজন অপেক্ষা কম সদস্যের সহযোগে কার্যাবলী পরিচালনার দায়-দায়িত্ব — যদি কোন সময়ে কোন কোম্পানীর সদস্য-সংখ্যা হ্রাসপ্রাপ্ত হইয়া প্রাইভেট কোম্পানীর ত্মেগত্রে, দুই এর নীচে অথবা, অন
7. <labour_952_s216_p1> [বাংলাদেশ শ্রম আইন, ২০০৬, ধারা ২১৬] অপরাধ বিচার ছাড়া অন্য কোন বিষয়ে শ্রম আদালতের ক্ষমতা ওকার্যক্রম — বা আপত্তি পেশ করিতে ব্যর্থ হয়, তাহা হইলে মামলাটি একতরফা শুনানীক্রমে নিষ্পত্তি করা হইবে।(৬) কোন পক্ষের আবেদনক্
8. <other_888_s11> [আইন-শৃঙ্খলা বিঘ্নকারী অপরাধ (দ্রুত বিচার) আই, ধারা ১১] আসামীর অনুপস্থিতিতে বিচার — যদি আদালতের এ মর্মে বিশ্বাস করিবার যুক্তিসংগত কারণ থাকে যে,-(ক) অভিযুক্ত ব্যক্তি তাহার গ্রেফতার বা তাহাকে বিচা
9. <other_923_s6> [বেসরকারী শিক্ষক নিবন্ধন ও প্রত্যয়ন কর্তৃপক্ষ, ধারা ৬] নির্বাহী বোর্ড গঠন — (১) নিম্নবর্ণিত সদস্যদের সমন্বয়ে নির্বাহী বোর্ড গঠিত হইবে, যথা:-(ক) চেয়ারম্যান, (পদাধিকার বলে);(খ) সদস্য (প্
10. <other_758_s5> [রাষ্ট্রপতি নির্বাচন আইন, ১৯৯১, ধারা ৫] মনোনয়নপত্র আহ্বান ইত্যাদি — (১) রাষ্ট্রপতি নির্বাচন অনুষ্ঠানের জন্য কমিশন সংসদ-সদস্যগণকে আহ্বান জানাইয়া সরকারী গেজেটে একটি প্রজ্ঞাপন জারী","women_children_1063_s16, women_children_1063_s15_p1, family_64_s17",own_search,answered,2,
prot_0000_03,Sarwad,,একটি কো-অপারেটিভ সংস্থার কাছে আমার অনেক টাকা আটকে আছে। আমি কোনোভাবে টাকা তুলতে পারিনি। কী করব? ইব্রাহীম খলিল,"1. <other_1037_s123> [বীমা আইন, ২০১০, ধারা ১২৩] সদস্যগণকে দলিলাদি সরবরাহকরণ৷ — কোম্পানী আইন এর অধীন রেজিস্ট্রার অব কোম্পানীজ বা রেজিস্ট্রার অব কো-অপারেটিভ সোসাইটিজ এর নিকট প্রেরিত দলিলাদি ত
2. <other_788_s342> [কোম্পানী আইন, ১৯৯৪, ধারা ৩৪২] লিকুইডেটর কর্তৃক ব্যাংকে টাকা জমাদান — (১) আদালত কর্তৃক অবলুপ্ত হইতেছে এইরূপ কোম্পানীর প্রত্যেক লিকুইডেটর তত্কর্তৃক গৃহীত সকল টাকা নির্ধারিত পদ্ধতিতে
3. <labour_1285_s155> [বাংলাদেশ ইপিজেড শ্রম আইন, ২০১৯, ধারা ১৫৫] বেআইনী ধর্মঘট বা লক-আউটের জন্য দণ্ড — (১) কোনো শ্রমিক কোনো বেআইনী ধর্মঘট আরম্ভ করিলে, অব্যাহত রাখিলে অথবা উহার সমর্থনে অন্য কোনোভাবে কোনো কার্য করিল
4. <criminal_procedure_1238_s87> [গাজীপুর মহানগরী পুলিশ আইন, ২০১৮, ধারা ৮৭] সূর্যাস্ত হইতে সূর্যোদয় পর্যন্ত সময়ের মধ্যে সন্দেহজনক চলাফেরার দণ্ড — কোনো ব্যক্তিকে সূর্যাস্ত ও সূর্যোদয়ের মধ্যবর্তী সময়ে সন্তোষজনক কারণ ব্যতীত নিম্নবর্ণিত অবস্থায় পাওয়া গেলে,
5. <criminal_procedure_1239_s87> [রংপুর মহানগরী পুলিশ আইন, ২০১৮, ধারা ৮৭] সূর্যাস্ত হইতে সূর্যোদয় পর্যন্ত সময়ের মধ্যে সন্দেহজনক চলাফেরার দণ্ড — কোনো ব্যক্তিকে সূর্যাস্ত ও সূর্যোদয়ের মধ্যবর্তী সময়ে সন্তোষজনক কারণ ব্যতীত নিম্নবর্ণিত অবস্থায় পাওয়া গেলে,
6. <criminal_procedure_1238_s78> [গাজীপুর মহানগরী পুলিশ আইন, ২০১৮, ধারা ৭৮] রাস্তায় যাত্রীদের বাধাদান বা উত্যক্ত করিবার দণ্ড — কোনো ব্যক্তি কোনো রাস্তায় বা প্রকাশ্য কোনো স্থানে কোনো যাত্রীকে ইচ্ছাকৃতভাবে বাধা প্রদান করিলে বা উত্যক্ত করি
7. <criminal_procedure_1239_s78> [রংপুর মহানগরী পুলিশ আইন, ২০১৮, ধারা ৭৮] রাস্তায় যাত্রীদের বাধাদান বা উত্যক্ত করিবার দণ্ড — কোনো ব্যক্তি কোনো রাস্তায় বা প্রকাশ্য কোনো স্থানে কোনো যাত্রীকে ইচ্ছাকৃতভাবে বাধা প্রদান করিলে বা উত্যক্ত করি
8. <consumer_1270_s53> [ওজন ও পরিমাপ মানদণ্ড আইন, ২০১৮, ধারা ৫৩] কর্মচারীর ছদ্মবেশ গ্রহণের দণ্ড — কোনো ব্যক্তি যদি কোনোভাবে পরিদর্শক, ক্ষমতাপ্রাপ্ত ব্যক্তি বা অন্য কোনো কর্মচারীর ছদ্মবেশ গ্রহণ করেন, তাহা হইলে
9. <other_1465_s21> [চিড়িয়াখানা আইন, ২০২৩, ধারা ২১] অপরাধ ও দণ্ড — কোনো দর্শনার্থী চিড়িয়াখানার কোনো প্রাণিকে কোনোভাবে আঘাত বা জখম করিলে অথবা কিউরেটরের নির্দেশনা অমান্য করিয়া 
10. <labour_1285_s156> [বাংলাদেশ ইপিজেড শ্রম আইন, ২০১৯, ধারা ১৫৬] বেআইনী ধর্মঘট বা লক-আউট করিতে প্ররোচনা দানের দণ্ড — কোনো ব্যক্তি বেআইনী ধর্মঘট বা বেআইনী লক-আউটে অংশগ্রহণ করিবার জন্য কোনো ব্যক্তিকে প্ররোচিত বা উত্তেজিত করিলে কি",money_recovery_876_s50,own_search,answered,3,
prot_0077_05,Sarwad,,"চিঠিপত্র, পার্সেল ইত্যাদি যথাস্থানে পৌঁছে দেওয়ার জন্য প্রচুর কুরিয়ার সেবাদানকারী প্রতিষ্ঠান রয়েছে দেশে। যথাসময়ে পৌঁছে দেওয়ার প্রতিশ্রুতি দিলেও কিছু কিছু প্রতিষ্ঠান জিনিসপত্র প্রাপকের কাছে পৌঁছাল কি না, সেই খবরটাও রাখেন না। এই বিষয়ে কিছু জানতে চাওয়া হলে এটা-সেটা বলে পাশ কাটিয়ে যান। এ রকম এক তিক্ত অভিজ্ঞতা আমার হয়েছে মাসখানেক আগে। সিলেটে বই পাঠিয়েছিলাম জরুরি প্রয়োজনে। আজও সেটা প্রাপকের হাতে পৌঁছায়নি। জিনিসটা বই না হয়ে অনেক গুরুত্বপূর্ণ কিছুও হতে পারত। নির্দিষ্ট সময়ের মধ্যে না পেলে বড় ধরনের ক্ষতি হতে পারত প্রাপকের।এসব ক্ষেত্রে কী ধরনের আইনগত ব্যবস্থা নেওয়া যায়?","1. <cybercrime_950_s13_p0> [তথ্য ও যোগাযোগ প্রযুক্তি আইন, ২০০৬, ধারা ১৩] স্বীকৃতি — (১) কোন প্রেরক স্বয়ং কোন ইলেক্ট্রনিক রেকর্ড প্রেরণ করিয়া থাকিলে উক্ত রেকর্ডটি প্রেরকের হইবে।(২) প্রেরক এবং প
2. <cybercrime_950_s14> [তথ্য ও যোগাযোগ প্রযুক্তি আইন, ২০০৬, ধারা ১৪] প্রাপ্তি স্বীকার — (১) যেইক্ষেত্রে কোন ইলেক্ট্রনিক রেকর্ড প্রেরণের সময় বা উহা প্রেরণের পূর্বে বা উক্ত ইলেক্ট্রনিক রেকর্ডের মাধ্য
3. <consumer_1447_s41> [ঔষধ ও কসমেটিকস্ আইন, ২০২৩, ধারা ৪১] ঔষধ আমদানির উপর বিধি-নিষেধ — (১) লাইসেন্স ব্যতীত বা লাইসেন্সে আরোপিত শর্ত বহির্ভূতভাবে কোনো ধরনের ঔষধ আমদানি করা যাইবে না।(২) লাইসেন্সিং কর
4. <other_788_s84> [কোম্পানী আইন, ১৯৯৪, ধারা ৮৪] রিকুইজিশনজনিত বিশেষ সাধারণ সভা আহ্বান (Extraordinary General Meeting) — (১) সংঘবিধিতে যাহা কিছুই থাকুক না কেন, শেয়ার-মূলধন বিশিষ্ট কোম্পানীর তেগত্রে উহার ইস্যুকৃত শেয়ার-মূলধনের অন্
5. <other_1478_s62_p0> [ফাইন্যান্স কোম্পানি আইন, ২০২৩, ধারা ৬২] অদাবিকৃত অর্থ বা আমানত সংক্রান্ত বিধান — (১) কোনো ফাইন্যান্স কোম্পানির কোনো কেন্দ্র বা শাখায় সরকার, নাবালক বা আদালতের অর্থ ব্যতীত অন্য কাহারো পরিশোধযো
6. <other_1429_s2_p15> [আয়কর আইন, ২০২৩, ধারা ২] সংজ্ঞা — চার্জ, শুল্ক-করাদি বা অন্য কোনো অর্থ সরকার বা সরকারের কোনো কর্তৃপক্ষের অনুকূলে পরিশোধ;(৭৩) “মজুদ” অর্থ ব্যবসায
7. <other_1586_s9> [গুম প্রতিরোধ ও প্রতিকার অধ্যাদেশ, ২০২৫, ধারা ৯] কতিপয় ক্ষেত্রে অন্তর্বর্তীকালীন তদন্ত প্রতিবেদন — (১) ধারা ৮ এ যাহা কিছু থাকুক না কেন, যেক্ষেত্রে কোনো অভিযোগে উল্লেখ থাকে যে, কোনো ঊর্ধ্বতন ব্যক্তি ধারা ৪ এর উ
8. <other_1718_s67> [অর্থ (২০২৫-২০২৬ অর্থ বৎসর) আইন, ২০২৬, ধারা ৬৭] ২০২৩ সনের ১২ নং আইনের ধারা ১০২ এর সংশোধন — উক্ত আইনের ধারা ১০২ এর- (ক) উপ-ধারা (১) এ উল্লিখিত সারণী নিম্নরূপে প্রতিস্থাপিত হইবে, যথা:- "" ক্রমিক নং প্রাপক
9. <other_1228_s17> [বিদ্যুৎ আইন, ২০১৮, ধারা ১৭] মিটার স্থাপন, সংরক্ষণ, ইত্যাদি — (১) কোন গ্রাহককে বিদ্যুৎ সরবরাহের পরিমাণ নিরুপণের জন্য লাইসেন্সি গ্রাহকপ্রান্তে মিটার স্থাপন করিবে।(২) মিটার স
10. <other_1429_s128> [আয়কর আইন, ২০২৩, ধারা ১২৮] সম্পত্তির ইজারা হইতে কর সংগ্রহ — Registration Act, 1908(Act No. XVI of 1908) এর অধীন নিবন্ধনের জন্য দায়িত্বপ্রাপ্ত কর্মকর্তা অন্যূন ১০ (দশ) বৎ","consumer_1014_s45, consumer_1014_s76, consumer_1014_s60",own_search,answered,3,
lawy_0287_01,Sarwad,,নাবালকের বৈধ অভিভাবকত্ব ও সম্পদ বিক্রয়: আইন কি বলে?,"1. <women_children_1063_s3> [পারিবারিক সহিংসতা (প্রতিরোধ ও সুরক্ষা) আইন, , ধারা ৩] পারিবারিক সহিংসতা — - এই আইনের উদ্দেশ্য পূরণকল্পে পারিবারিক সহিংসতা বলিতে পারিবারিক সম্পর্ক রহিয়াছে এমন কোন ব্যক্তি কতৃর্ক পরিবার
2. <money_recovery_876_s38> [সমবায় সমিতি আইন, ২০০১, ধারা ৩৮] শেয়ার অথবা 1 [মুনাফা] ক্রোকযোগ্য হইবে না — অন্য কোন আইনে ভিন্নরূপ যাহা কিছু্ই থাকুক না কেন, ধারা ৩১ এর বিধান সাপেক্ষে, সমবায় সমিতির কোন সদস্যের নিকট উক্
3. <other_1725_s132> [অর্থ আইন, ২০২৬, ধারা ১৩২] ২০২৩ সনের ১২ নং আইনের ধারা ২৫২ এর সংশোধন — উক্ত আইনের ধারা ২৫২ এর উপ-ধারা (৪) এর- (ক) দফা (ক) এর পরিবর্তে নিম্নরূপ দফা (ক) প্রতিস্থাপিত হইবে, যথা:- ‍“(ক)
4. <other_739_s11> [বেসরকারী শিক্ষা প্রতিষ্ঠান শিক্ষক ও কর্মচারী, ধারা ১১] [বিলুপ্ত] — [ছাত্র-ছাত্রীগণ কর্তৃক চাঁদা প্রদান- বেসরকারী শিক্ষা প্রতিষ্ঠান শিক্ষক ও কর্মচারী কল্যাণ ট্রাষ্ট (সংশোধন) আইন,
5. <other_1445_s15> [পল্লী উন্নয়ন একাডেমি, জামালপুর আইন, ২০২৩, ধারা ১৫] তহবিল — (১) একাডেমির একটি তহবিল থাকিবে এবং উহাতে নিম্নবর্ণিত উৎস হইতে প্রাপ্ত অর্থ জমা হইবে, যথা:-(ক) সরকার কর্তৃক প্র
6. <other_1440_s15> [পল্লী উন্নয়ন একাডেমি, রংপুর আইন, ২০২৩, ধারা ১৫] তহবিল — (১) একাডেমির একটি তহবিল থাকিবে এবং উহাতে নিম্নবর্ণিত উৎস হইতে প্রাপ্ত অর্থ জমা হইবে, যথা:-(ক) সরকার কর্তৃক প্র
7. <other_923_s6> [বেসরকারী শিক্ষক নিবন্ধন ও প্রত্যয়ন কর্তৃপক্ষ, ধারা ৬] নির্বাহী বোর্ড গঠন — (১) নিম্নবর্ণিত সদস্যদের সমন্বয়ে নির্বাহী বোর্ড গঠিত হইবে, যথা:-(ক) চেয়ারম্যান, (পদাধিকার বলে);(খ) সদস্য (প্
8. <family_1444_s5> [পারিবারিক আদালত আইন, ২০২৩, ধারা ৫] পারিবারিক আদালতের এখতিয়ার — মুসলিম পারিবারিক আইনের বিধানাবলি সাপেক্ষে, পারিবারিক আদালতে নিম্নরূপ সকল বা যেকোনো বিষয় সম্পর্কিত বা উহা হইতে
9. <other_888_s7> [আইন-শৃঙ্খলা বিঘ্নকারী অপরাধ (দ্রুত বিচার) আই, ধারা ৭] অপরাধ সংঘটনে ব্যবহৃত যন্ত্রপাতি, অস্ত্র, ইত্যাদি — আদালত উপযুক্ত বিবেচনা করিলে, কোন অপরাধ সংঘটনের জন্য ব্যবহৃত কোন যন্ত্রপাতি, অস্ত্র বা যানবাহন, এবং উক্ত অপরাধে
10. <other_1134_s23> [নিউরো-ডেভেলপমেন্টাল প্রতিবন্ধী  সুরক্ষা  ট্র, ধারা ২৩] অভিভাবকত্বের জন্য আবেদন, অভিভাবক নিয়োগ, ইত্যাদি — (১) আপাততঃ বলবৎ অন্য কোনো আইনে যাহা কিছুই থাকুক না কেন, যে কোনো প্রতিবন্ধীবান্ধব ব্যক্তি বা নিবন্ধিত সংগঠন, এই","family_64_s7, family_64_s29, family_64_s31",own_search,answered,3,
prot_0045_04,Sarwad,,আমার বয়স ২৯। আমি ১৯ জানুয়ারি ২০১২ তারিখে বিয়ে করি। স্ত্রীর বয়স মাত্র ১৩ বছর। কিন্তু কাবিননামায় ১৮ বছর দেখানো হয়েছে। বর্তমানে আমার স্ত্রীর বয়স ১৪ বছর। বিয়ের পর আমার শ্বশুরের পরিবার এবং আমার পরিবার বড় রকমের ঝগড়া-বিবাদ করে। আমার ও আমার স্ত্রীর মধ্যে সেটা বড় আকার ধারণ করে। বর্তমানে এমন পরিস্থিতিতে পৌঁছেছে যে আমার স্ত্রীকে আমার পরিবারও মেনে নেবে না এবং আমিও তাকে নিয়ে আর সংসার করব না। এ অবস্থায় আমি কী করতে পারি? আমার স্ত্রী কোনো দিনও আমাকে তালাক দেবে না। নাম ও ঠিকানা প্রকাশে অনিচ্ছুক,"1. <other_1037_s57_p2> [বীমা আইন, ২০১০, ধারা ৫৭] বীমা পলিসি গ্রাহক কর্তৃক মনোনয়ন৷ — বলবৎ হইবার পূর্বে কোন ব্যক্তি তাহার নিজের বা তাহার স্ত্রীর বা সন্তানদের বা তাহাদের যে কোন এক জনের লাইফ ইন্স্যু
2. <labour_1285_s24> [বাংলাদেশ ইপিজেড শ্রম আইন, ২০১৯, ধারা ২৪] চাকরি হইতে অবসর গ্রহণ — (১) এই অধ্যায়ের অন্যত্র যাহা কিছুই উল্লে­খ থাকুক না কেন, কোনো প্রতিষ্ঠানে নিয়োজিত কোনো শ্রমিকের বয়স ৬০ (ষাট
3. <other_1045_s18> [চার্টার্ড সেক্রেটারীজ আইন, ২০১০, ধারা ১৮] রেজিস্টার — (১) সচিব, নিম্নবর্ণিত তথ্যাদি উল্লেখপূর্বক, নির্ধারিত পদ্ধতিতে, সদস্যগণের নাম রেজিস্টারে অন্তর্ভুক্ত ও সংরক্ষণ
4. <labour_952_s7> [বাংলাদেশ শ্রম আইন, ২০০৬, ধারা ৭] সার্ভিস বইয়ের ফরম — (১) সার্ভিস বই বিধি দ্বারা নির্ধারিত মাপে ও ফরমে রৰিত হইবে, এবং উহাতে শ্রমিকের একটি ফটো সংযোজিত থাকিবে।(২) সার
5. <women_children_1119_s21> [শিশু আইন, ২০১৩, ধারা ২১] 1 [***] বয়স অনুমান ও নির্ধারণ — (১) অভিযুক্ত হউক বা না হউক, এমন কোন শিশুকে কোন অপরাধের দায়ে বা কোন শিশুকে অন্য কোন কারণে শিশু-আদালতে সাক্ষ্য 
6. <labour_952_s202_p1> [বাংলাদেশ শ্রম আইন, ২০০৬, ধারা ২০২] যৌথ দরকষাকষি প্রতিনিধি — শ্রমিক উহার সদস্য থাকে।(৬) শ্রম পরিচালক কর্তৃক অনুরোদ্ধ হইলে প্রত্যেক মালিক তাহার প্রতিষ্ঠানে, বদলী ও সাময়িক 
7. <other_1352_s23> [বাংলাদেশ মাদ্রাসা শিক্ষা বোর্ড আইন, ২০২০, ধারা ২৩] অবসর গ্রহণের বয়স — আপাতত বলবৎ অন্য কোনো আইনে ভিন্নরূপ যাহা কিছুই থাকুক না কেন, বোর্ডের স্থায়ী কর্মচারীগণের অবসর গ্রহণের বয়স ৬০ 
8. <women_children_1119_s4> [শিশু আইন, ২০১৩, ধারা ৪] শিশু — বিদ্যমান অন্য কোন আইনে ভিন্নতর যাহা কিছুই থাকুক না কেন, এই আইনের উদ্দেশ্যপূরণকল্পে, অনুর্ধ্ব ১৮ (আঠার) বৎসর বয
9. <labour_952_s112> [বাংলাদেশ শ্রম আইন, ২০০৬, ধারা ১১২] সড়ক পরিবহন শ্রমিকের জন্য বিশেষ বয়সসীমা — (১) একুশ বৎসর বয়স পূর্ণ না হইলে কোন সড়ক পরিবহন প্রতিষ্ঠানে কোন ব্যক্তিকে গাড়ী চালক হিসাবে নিয়োগ করা যাইবে 
10. <women_children_1119_s20> [শিশু আইন, ২০১৩, ধারা ২০] শিশুর বয়স নির্ধারণে প্রাসঙ্গিক তারিখ — আপাততঃ বলবৎ অন্য কোন আইন, আদালতের রায় বা আদেশে ভিন্নরূপ যাহা কিছুই থাকুক না কেন, এই আইনের উদ্দেশ্যপূরণকল্পে, ",family_305_s7,own_search,answered,3,
prot_0006_01,Sarwad,,"আমার বয়স ৩০, অবিবাহিত। তিন বছর আগে বিবাহিত এক মুসলিম নারীর সঙ্গে আমার শারীরিক সম্পর্ক হয়েছিল। নিজের ভুল বুঝতে পেরে আমি দ্রুত ওই স্থান ত্যাগ করে অন্যত্র বদলি হই। কিছুদিন পর ওই নারী মোবাইল ফোনে জানায় যে তার একটি ছেলেসন্তান হয়েছে এবং সেটি আমারই, তার স্বামীর নয়। সন্তান জন্মের পর তার ডিভোর্স হয়ে গেছে নিজের ইচ্ছাতেই। এরপর সে বিভিন্ন সময় ভয়ভীতি দেখিয়ে আমার কাছ থেকে টাকা নিত। বর্তমানে তার ব্ল্যাকমেলে আমি অতিষ্ঠ। আমার প্রশ্ন হলো, পরীক্ষার মাধ্যমে ওই সন্তান যদি আমার বলে প্রমাণিত হয়, সে ক্ষেত্রে আমি আইনের আশ্রয় নিলে কি বিচার হবে? ওই সন্তান ভবিষ্যতে আমার সম্পত্তির অংশীদার হবে কি? উল্লেখ্য, আমি তার সঙ্গে আর কখনো দেখা করিনি, সে মোবাইলে টাকাপয়সা নিত। নাম প্রকাশে অনিচ্ছুক","1. <other_1418_s21_p2> [বাংলাদেশ সুপ্রীম কোর্টের বিচারক (ছুটি, পেনশন, ধারা ২১] আনুতোষিক ও পারিবারিক পেনশন — হিসাবে প্রাপ্য হইতেন।(৩) কোনো বিচারক, অবসর গ্রহণের পর তাহার গ্রস-পেনশনের সম্পূর্ণ অংশ সমর্পণ করিতে পারিবেন এবং
2. <labour_1285_s30> [বাংলাদেশ ইপিজেড শ্রম আইন, ২০১৯, ধারা ৩০] প্রসূতি কল্যাণ সুবিধা প্রাপ্তির অধিকার এবং প্রদানের দায়িত্ব — (১) প্রত্যেক মহিলা শ্রমিক তাহার মালিকের নিকট হইতে তাহার সন্তান প্রসবের সম্ভাব্য তারিখের অব্যবহিত পূর্ববর্তী ৮ 
3. <other_1266_s2_p2> [বাংলাদেশ মুক্তিযোদ্ধা কল্যাণ ট্রাস্ট আইন, ২০, ধারা ২] সংজ্ঞা — জামায়াতে ইসলামী এবং তাহাদের সহযোগী রাজাকার, আলবদর, আলশামস বাহিনীর বিরুদ্ধে গণপ্রজাতন্ত্রী বাংলাদেশের স্বাধীনত
4. <women_children_835_s13> [নারী ও শিশু নির্যাতন দমন আইন, ২০০০, ধারা ১৩] (১) অন্য কোন আইনে ভিন্নতর যাহা কিছুই থাকুক না কেন, ধর্ষণের কারণে কোন সন্তান জন্মলাভ করিলে-(ক) উক্ত সন্তানকে তা
5. <other_1078_s12> [ভবঘুরে ও নিরাশ্রয় ব্যক্তি (পুনর্বাসন) আইন, ২, ধারা ১২] গর্ভবতী মহিলার ক্ষেত্রে বিশেষ বিধান — কোন মহিলা ভবঘুরে বা নিরাশ্রয় ব্যক্তিকে গর্ভবতী অবস্থায় আশ্রয় কেন্দ্রে পাঠানো হইলে, সন্তান জন্মলাভ করিবার পর
6. <labour_1285_s33> [বাংলাদেশ ইপিজেড শ্রম আইন, ২০১৯, ধারা ৩৩] মহিলা শ্রমিকের মৃত্যুর ক্ষেত্রে প্রসূতি কল্যাণ সুবিধা প্রদান — (১) এই অধ্যায়ের অধীন প্রসূতি কল্যাণ সুবিধা পাইবার অধিকারী কোনো মহিলা শ্রমিক সন্তান প্রসবকালে অথবা উহার পরবর্ত
7. <other_1132_s3> [পিতা-মাতার ভরণ-পোষণ আইন, ২০১৩, ধারা ৩] পিতা-মাতার ভরণ-পোষণ — (১) প্রত্যেক সন্তানকে তাহার পিতা-মাতার ভরণ-পোষণ নিশ্চিত করিতে হইবে।(২) কোন পিতা-মাতার একাধিক সন্তান থাকিলে সেই
8. <labour_1285_s29> [বাংলাদেশ ইপিজেড শ্রম আইন, ২০১৯, ধারা ২৯] প্রসূতিকালীন মহিলা শ্রমিকের কর্মে নিয়োগ নিষিদ্ধ — (১) কোনো মালিক তাহার প্রতিষ্ঠানে কোনো মহিলা শ্রমিককে তাহার সন্তান প্রসবের অব্যবহিত পরবর্তী ৮ (আট) সপ্তাহের মধ্
9. <other_1349_s2> [আকাশপথে পরিবহণ (মন্ট্রিল কনভেনশন) আইন, ২০২০, ধারা ২] বিষয়বাপ্রসঙ্গেরপরিপন্থিকোনোকিছুনাথাকিলে,এইআইনে-(ক)‘অভ্যন্তরীণপরিবহণ’অর্থআকাশপথে পরিবহণেপক্ষসমূহেরমধ্যেসম্পাদি
10. <labour_952_s2_p5> [বাংলাদেশ শ্রম আইন, ২০০৬, ধারা ২] সংজ্ঞাসমূহ — ব্যবহার করা হয় বা ব্যবহারযোগ্য, এবং কোন টাগ বা ফ্লাট এবং বার্জও ইহার অর্ন্তভুক্ত হইবে;(২৮) ""প্রশাসনিক শ্রমিক""","criminal_procedure_11_s384, criminal_procedure_11_s497, other_24_s112",own_search,answered,2,
prot_0108_05,Sarwad,,"দয়া করে জানাবেন, কী করে আমি বাড়িটি পাব এবং প্রিয়েমশনের মামলা করে ফল পাব কি না?","1. <other_1483_s5> [পরিত্যক্ত বাড়ি (সম্পূরক বিধানাবলি) আইন, ২০২৩, ধারা ৫] পরিত্যক্ত বাড়ির তালিকা হইবার পর স্বার্থ দাবি করিয়া আবেদন — ধারা ৪ এর উপ-ধারা (১) এর দফা (ক) ও (খ) এ বর্ণিত ক্ষেত্র ব্যতীত অন্যান্য ক্ষেত্রে কোনো বাড়ির উপর কোনো অধিকার ব
2. <labour_952_s171> [বাংলাদেশ শ্রম আইন, ২০০৬, ধারা ১৭১] চুক্তি রেজিস্ট্রি করিতে ব্যর্থতার ফল — যে ৰেত্রে ধারা ১৭০ এর অধীন রেজিস্ট্রিকরণ প্রয়োজন এরূপ কোন চুক্তির স্মারকলিপি উক্ত ধারার বিধান অনুযায়ী শ্রম আ
3. <money_recovery_901_s28> [অর্থ ঋণ আদালত আইন, ২০০৩, ধারা ২৮] জারীর জন্য মামলা দাখিলের সময়সীমা — (১) TheLimitation Act, 1908এবং TheCode of Civil Procedure, 1908এ ভিন্নতর যে বিধানই থাকুক না কেন, ডিক্রীদার, আদ
4. <other_1135_s53> [পায়রা বন্দর কর্তৃপক্ষ আইন, ২০১৩, ধারা ৫৩] মামলা দায়েরের সীমাবদ্ধতা — (১) কর্তৃপক্ষের বিরুদ্ধে মামলা দায়েরে ইচ্ছুক ব্যক্তির নাম ঠিকানাসহ মামলা দায়েরের কারণ সংবলিত লিখিত নোটিশ কর্
5. <other_1403_s56> [মোংলা বন্দর কর্তৃপক্ষ আইন, ২০২২, ধারা ৫৬] মামলা দায়েরের সীমাবদ্ধতা — (১) কর্তৃপক্ষের বিরুদ্ধে মামলা দায়েরে ইচ্ছুক ব্যক্তি, তাহার নাম ঠিকানাসহ মামলা দায়েরের কারণ সংবলিত লিখিত নোট
6. <other_1404_s56> [চট্টগ্রাম বন্দর কর্তৃপক্ষ আইন, ২০২২, ধারা ৫৬] মামলা দায়েরের সীমাবদ্ধতা — (১) কর্তৃপক্ষের বিরুদ্ধে কোনো আদালতে মামলা দায়েরে ইচ্ছুক ব্যক্তি, তাহার নাম ঠিকানাসহ মামলা দায়েরের কারণ সংবল
7. <consumer_1010_s86> [ট্রেডমার্ক আইন, ২০০৯, ধারা ৮৬] মামলা দায়েরের সময়সীমা — এই আইনের অধীন কোন অপরাধের জন্য মামলা দায়ের করা যাইবে না, যদি না অপরাধ সংঘটিত হইবার অনধিক ৩ (তিন) বৎসরের মধ্যে
8. <other_1106_s118> [মূল্য সংযোজন কর ও সম্পূরক শুল্ক আইন, ২০১২, ধারা ১১৮] মামলা দায়েরের পূর্বানুমোদন। — কমিশনারের পূর্বানুমোদন ব্যতীত, কোন অপরাধের জন্য কোন আদালতে মামলা দায়ের করা যাইবে না।
9. <labour_952_s316> [বাংলাদেশ শ্রম আইন, ২০০৬, ধারা ৩১৬] মামলা প্রত্যাহার — যে ব্যক্তির অভিযোগে এই আইন বা কোন বিধি, প্রবিধান বা স্কীমের অধীন কোন মামলা শুরু হইয়াছে সে ব্যক্তির দরখাস্ত ব্
10. <money_recovery_901_s18> [অর্থ ঋণ আদালত আইন, ২০০৩, ধারা ১৮] মামলা দায়ের ও শুনানী সম্পর্কিত বিশেষ বিধান — (১) কোন আর্থিক প্রতিষ্ঠানের কোন কর্মকর্তা বা কর্মচারী কর্তৃক আত্মসাত্কৃত কোন অর্থ ঋণ গণ্যে এই আইনের অধীন আদালত",none,none,not_found,1,
prot_0007_02,Sarwad,,"একজন হিন্দুধর্মাবলম্বী ব্যক্তির কোনো পুত্র নেই। শুধু এক বিবাহিত কন্যা আছে। ওই কন্যার নাতি ও নাতনি আছে। এখন সেই ব্যক্তির মৃত্যুর পর কে হবে তাঁর সম্পত্তির উত্তরাধিকারী—তাঁর বিধবা স্ত্রী, নাকি বিবাহিত কন্যার নাতি-নাতনি?","1. <land_1449_s2_p1> [ভূমি উন্নয়ন কর আইন, ২০২৩, ধারা ২] সংজ্ঞা — অর্থ শুধু কৃষিকার্য বা চাষাবাদ করিয়া জীবন ও জীবিকা নির্বাহ করিয়া থাকেন এইরূপ কোনো ব্যক্তি বা পরিবার;(৭) ‘কৃষ
2. <other_1682_s2_p0> [মানবদেহে অঙ্গ-প্রত্যঙ্গ সংযোজন আইন, ২০২৬, ধারা ২] সংজ্ঞা — বিষয় বা প্রসঙ্গের পরিপন্থি কোনো কিছু না থাকিলে, এই আইনে- (১) “অঙ্গ-প্রত্যঙ্গ” অর্থ মানবদেহের কিডনি, হৃৎপিণ্ড,
3. <other_1349_s2> [আকাশপথে পরিবহণ (মন্ট্রিল কনভেনশন) আইন, ২০২০, ধারা ২] বিষয়বাপ্রসঙ্গেরপরিপন্থিকোনোকিছুনাথাকিলে,এইআইনে-(ক)‘অভ্যন্তরীণপরিবহণ’অর্থআকাশপথে পরিবহণেপক্ষসমূহেরমধ্যেসম্পাদি
4. <other_1418_s21_p1> [বাংলাদেশ সুপ্রীম কোর্টের বিচারক (ছুটি, পেনশন, ধারা ২১] আনুতোষিক ও পারিবারিক পেনশন — পেনশন।(২) উপ-ধারা (৪) ও (৫) এর বিধানাবলি সাপেক্ষে, যদি-(ক) কোনো বিচারক, যাহার ক্ষেত্রে ধারা ১৪ এর দফা (ক) এর ব
5. <other_1170_s25> [বাংলাদেশ  সরকারি-বেসরকারি অংশীদারিত্ব আইন, ২, ধারা ২৫] স্বার্থের সংঘাত — বেসরকারি অংশীদার নির্বাচন প্রক্রিয়ায় দরপত্র মূল্যায়নের সহিত জড়িত কোন ব্যক্তির নিকট যদি প্রতীয়মান হয় যে, 
6. <land_1455_s2_p1> [ভূমি সংস্কার আইন, ২০২৩, ধারা ২] সংজ্ঞা — পরিমাণ ভূমি অব্যবহার্য থাকিবার কারণে সরকার পুনগ্রহণ করিয়াছে; এবং(ছ) ধারা ৪ অনুযায়ী সরকারের নিকট সমর্পিত বা স
7. <civil_registration_921_s7> [জন্ম ও মৃত্যু নিবন্ধন আইন, ২০০৪, ধারা ৭] নিবন্ধকের ক্ষমতা — (১) কোন ব্যক্তির নিবন্ধন করার জন্য তথ্যের সত্যতা যাচাই এর প্রয়োজনে নিবন্ধক নিজে অথবা তত্কর্তৃক ক্ষমতাপ্রাপ্ত 
8. <other_812_s9> [দেউলিয়া বিষয়ক আইন, ১৯৯৭, ধারা ৯] দেউলিয়া কর্ম — (১) কোন দেনাদারের নিম্্নবর্ণিত যেকোন একটি কাজই হইবে দেউলিয়া কর্ম, যথা :- (ক) যদি তিনি বাংলাদেশ বা অন্যত্র তাহ
9. <labour_1285_s2_p2> [বাংলাদেশ ইপিজেড শ্রম আইন, ২০১৯, ধারা ২] সংজ্ঞা — সময়ে দুই বা ততোধিক শ্রমিক দ্বারা সম্পাদিত হয় সেই ক্ষেত্রে উক্তরূপ প্রত্যেক সময়;(25)‘‘পোষ্য’’ অর্থ কোনো মৃত 
10. <other_841_s8> [জেলা পরিষদ আইন, ২০০০, ধারা ৮] সম্পত্তি সম্পর্কিত ঘোষণা — চেয়ারম্যান এবং প্রত্যেক সদস্য তাঁহার দায়িত্বভার গ্রহণের পূর্বে তাঁহার এবং তাঁহার পরিবারের যে কোন সদস্যের স্ব",other_171_s3,own_search,answered,2,
prot_0055_01,Sarwad,,"এক বছর আগে রাজশাহীতে আমার ফুফুর বাড়ি বেড়াতে যাই। সেখানে গিয়ে একটি মেয়েকে আমার খুব ভালো লেগে যায়। সেও আমাকে পছন্দ করে। আমাদের সম্পর্ক চলতে থাকে। গত জানুয়ারিতে আমার ফুফুর বাড়িতে বেড়াতে গিয়ে জানতে পারি, সে আমার দাদির বোনের মেয়ে। এখন খুব চিন্তায় আছি। আমার প্রশ্ন, ইসলাম ধর্ম অনুযায়ী আমি কি তাকে বিয়ে করতে পারি? আমার পরিবার কখনো এ বিয়েতে রাজি হবে না। এখন আমি কী করব। নাম প্রকাশে অনিচ্ছুক","1. <constitutional_957_s2ক> [গণপ্রজাতন্ত্রী বাংলাদেশের সংবিধান, অনুচ্ছেদ ২ক] প্রজাতন্ত্রের রাষ্ট্রধর্ম ইসলাম, তবে হিন্দু, বৌদ্ধ, খ্রীষ্টানসহ অন্যান্য ধর্ম পালনে রাষ্ট্র সমমর্যাদা ও সমঅধিক
2. <other_1126_s10> [প্রতিবন্ধী ব্যক্তির অধিকার ও সুরক্ষা আইন, ২০, ধারা ১০] শ্রবণপ্রতিবন্ধিতা (hearing disability) — (১) শব্দের তীব্রতা ৬০ ডেসিবল এর নিম্নে হইলে শুনিতে না পাওয়া ব্যক্তি ‘শ্রবণপ্রতিবন্ধী ব্যক্তি’ বলিয়া বিবেচিত 
3. <other_1483_s7> [পরিত্যক্ত বাড়ি (সম্পূরক বিধানাবলি) আইন, ২০২৩, ধারা ৭] মামলা দায়েরে নিষেধাজ্ঞা, ইত্যাদি — (১) রাষ্ট্রপতির ১৯৭২ সনের ১৬ নং আদেশ বা এই আইনের অধীন কৃত, গৃহীত বা চলমান কোনো কার্যক্রম, সিদ্ধান্ত বা জারীকৃত
4. <other_1273_s14> [মানসিক স্বাস্থ্য আইন, ২০১৮, ধারা ১৪] অনিচ্ছুক রোগীর ভর্তি প্রক্রিয়া — (১) উপ-ধারা (৪) এর বিধান সাপেক্ষে মানসিক রোগে আক্রান্ত ব্যক্তির অভিভাবক বা আত্মীয় বা স্থানীয় অধিক্ষেত্রে কর্
5. <other_1273_s16> [মানসিক স্বাস্থ্য আইন, ২০১৮, ধারা ১৬] ভর্তিকৃত রোগীর ছাড়পত্র প্রদান প্রক্রিয়া — (১) স্বেচ্ছায়, অপ্রতিবাদী এবং অনিচ্ছুক ভর্তি মানসিক রোগীকে সুস্থ হইবার পর দায়িত্বপ্রাপ্ত মেডিক্যাল অফিসারের 
6. <women_children_1119_s54> [শিশু আইন, ২০১৩, ধারা ৫৪] আইনের সংস্পর্শে আসা শিশুর ক্ষেত্রে বিশেষ ব্যবস্থা ও সুরক্ষা — (১)21[ ***]আইনের সংস্পর্শে আসা শিশুর মর্যাদার প্রতি শ্রদ্ধা প্রদর্শন, পারিপার্শ্বিক অবস্থা, বয়স, লিঙ্গ এবং অক
7. <labour_952_s16> [বাংলাদেশ শ্রম আইন, ২০০৬, ধারা ১৬] লে-অফকৃত শ্রমিকগণের ক্ষতিপূরণের অধিকার — (১) যে ক্ষেত্রে বদলী বা সাময়িক শ্রমিক নহেন এরূপ কোন শ্রমিককে, যাহার নাম কোন প্রতিষ্ঠানের মাস্টার রোলে অন্তর্ভ
8. <other_1429_s126> [আয়কর আইন, ২০২৩, ধারা ১২৬] (১)Registration Act, 1908(Act No. XVI of 1908) এর অধীন কোনো ভূমি, স্থাপনা, বাড়ি, ফ্ল্যাট, অ্যাপার্টমেন্ট অথবা
9. <labour_1285_s15> [বাংলাদেশ ইপিজেড শ্রম আইন, ২০১৯, ধারা ১৫] লে-অফকৃত শ্রমিকগণের ক্ষতিপূরণের অধিকার — (১) যেক্ষেত্রে সাময়িক শ্রমিক নহেন এইরূপ কোনো শ্রমিককে, যাহার নাম কোনো প্রতিষ্ঠানের মাস্টার রোলে অন্তর্ভুক্ত আ
10. <other_1490_s46> [অর্থ আইন, ২০২৪, ধারা ৪৬] ২০২৩ সনের ১২ নং আইনের ধারা ১২৬ এর প্রতিস্থাপন — উক্ত আইনের ধারা ১২৬ এর পরিবর্তে নিম্নরূপ ধারা ১২৬ প্রতিস্থাপিত হইবে, যথা:-“১২৬। ডেভেলপার বা রিয়েল এস্টেট ডেভে",none,none,not_found,2,
prot_0112_01,Sarwad,,"এরপর দেখলাম, দালাল গ্রেপ্তারের খবর। পরে জয়পুরহাটের পুলিশ এসে ঢাকার বিভিন্ন হাসপাতালের ডাক্তার ও কর্মকর্তাদের জিজ্ঞাসাবাদ করছে। শেষের দিকে হাইকোর্টের নির্দেশ, ডাক্তারদের লাইসেন্স বাতিল, যারা বেচাকেনায় জড়িত। সম্পাদকীয় ও উপসম্পাদকীয় বিভিন্ন কলামে বিস্তারিত লেখা হয়েছে।গত ১৮ সেপ্টেম্বর আইন অধিকার পাতায় পাঠকের প্রশ্ন বিভাগে একজন পাঠকের প্রশ্ন, ‘অবৈধভাবে কিডনি বিক্রির শাস্তি কী?","1. <other_831_s7_p8> [অর্থ আইন, ১৯৯৯, ধারা ৭] ১৯৯১ সনের ২২ নং আইন সংশোধন — এন্ট্রিসমূহ প্রতিস্থাপিত হইবে:-“S০৩৯S০৩৯.০০স্যাটেলাইটক্যাবলঅপারেটরওস্যাটেলাইটচ্যানেলডিস্ট্রিবিউটর:S০৩৯.১০স্যাট
2. <consumer_1010_s51> [ট্রেডমার্ক আইন, ২০০৯, ধারা ৫১] নিবন্ধন বাতিল, পরিবর্তন বা সংশোধনের ক্ষমতা — (১) কোন সংক্ষুব্ধ ব্যক্তি, নির্ধারিত পদ্ধতিতে, হাইকোর্ট বিভাগে বা নিবন্ধকের নিকট আবেদন করিলে, ট্রাইব্যুনাল, নি
3. <criminal_procedure_1012_s104> [সিলেট মহানগরী পুলিশ আইন, ২০০৯, ধারা ১০৪] বিনা পরোয়ানায় গ্রেপ্তারের ক্ষমতা — কোন ব্যক্তি এই আইন বা আপাততঃ বলবৎ অন্য কোন আইনের অধীন দন্ডযোগ্য কোন অপরাধ কোন পুলিশ কর্মকর্তার উপস্থিতিতে বা ত
4. <land_1449_s18> [ভূমি উন্নয়ন কর আইন, ২০২৩, ধারা ১৮] দেওয়ানি আদালতের এখতিয়ার বারিত — এই আইনের অধীন সরকার কর্তৃক নির্ধারিত বিভিন্ন শ্রেণির ভূমির ভূমি উন্নয়ন কর হারের বিরুদ্ধে কোনো দেওয়ানি আদালতে
5. <criminal_procedure_1012_s19> [সিলেট মহানগরী পুলিশ আইন, ২০০৯, ধারা ১৯] নির্দেশ কার্যকরকরণে পুলিশ কর্মকর্তার ক্ষমতা — ধারা ১৮ এ উল্লিখিত নির্দেশ পালনে বাধা প্রদান, অস্বীকার করা বা অপারগতার জন্য পুলিশ কর্মকর্তা সংশ্লিষ্ট ব্যক্তিক
6. <criminal_procedure_1013_s19> [বরিশাল মহানগরী পুলিশ আইন, ২০০৯, ধারা ১৯] নির্দেশ কার্যকরকরণে পুলিশ কর্মকর্তার ক্ষমতা — ধারা ১৮ তে উল্লিখিত নির্দেশ পালনে বাধা প্রদান, অস্বীকার করা বা অপারগতার জন্য পুলিশ কর্মকর্তা সংশ্লিষ্ট ব্যক্তি
7. <criminal_procedure_1013_s104> [বরিশাল মহানগরী পুলিশ আইন, ২০০৯, ধারা ১০৪] বিনা পরোয়ানায় গ্রেপ্তারের ক্ষমতা — কোন ব্যক্তি এই আইন বা আপাততঃ বলবৎ অন্য কোন আইনের অধীন দণ্ডযোগ্য কোন অপরাধ কোন পুলিশ কর্মকর্তার উপস্থিতিতে বা ত
8. <constitutional_957_s110> [গণপ্রজাতন্ত্রী বাংলাদেশের সংবিধান, অনুচ্ছেদ ১১০] অধস্তন আদালত হইতে হাইকোর্ট বিভাগে মামলা স্থানান্তর — হাইকোর্ট বিভাগের নিকট যদি সন্তোষজনকভাবে প্রতীয়মান হয় যে, উক্ত বিভাগের কোন অধস্তন আদালতে বিচারাধীন কোন মামলায
9. <other_894_s4> [পুলিশ ষ্টাফ কলেজ আইন, ২০০২, ধারা ৪] পুলিশ ষ্টাফ কলেজের দায়িত্ব ও কার্যাবলী — এই আইন ও বিধির বিধান সাপেক্ষে পুলিশ ষ্টাফ কলেজের দায়িত্ব ও কার্যাবলী হইবে নিম্নরূপ, যথা:-(ক) পুলিশ কর্ম বিভাগ
10. <other_1472_s51> [বাংলাদেশ পেটেন্ট আইন, ২০২৩, ধারা ৫১] (বৈজ্ঞানিক উপদেষ্টা (Scientific adviser) — (১) পেটেন্টের অধিকার লঙ্ঘনের মামলায় বা এই আইনের অধীন কোনো কার্যধারায় আদালত, যে কোনো সময়, এবং এইরূপ উদ্দেশ্য",other_1682_s19,own_search,answered,2,
ajke_0147_01,Sarwad,,"সবাই মিলে কিছুটা জোর করে আমাদের ওই পরিবারে যুক্ত করতে চাচ্ছেন। তবে আমি সেই বিষয়ে অনিচ্ছা প্রকাশ করলে তাঁরা আমার সঙ্গে দুর্ব্যবহার করেন। আমার ধারণা, জমিজমার কারণে তাঁরা আমার ছেলেকে কোনোভাবে তাঁদের পক্ষে করার চেষ্টা চালাচ্ছেন। আমি এ ধরনের কোনো সমস্যায় পড়তে চাই না। এর বিরুদ্ধে কি আমি কোনো আইনি পদক্ষেপ নিতে পারি?","1. <other_1586_s4_p3> [গুম প্রতিরোধ ও প্রতিকার অধ্যাদেশ, ২০২৫, ধারা ৪] গুম, ইত্যাদি ও উহার সাজা — অধস্তনদের আদেশ দেওয়ার ক্ষমতা এবং এই ধরনের আদেশ পালনের নিশ্চয়তা বিধানের সক্ষমতা; এবং (আ) ভিন্নরূপ সাক্ষ্যপ্রম
2. <other_812_s13> [দেউলিয়া বিষয়ক আইন, ১৯৯৭, ধারা ১৩] দেনাদার কর্তৃক আর্জি পেশ করার শর্তাবলী — (১) একজন দেনাদার আর্জি পেশ করার অধিকারী হইবেন না, যদি তিনি আর্জিতে সুনির্দিষ্টভাবে উল্লেখ না করেন যে, তিনি তাহ
3. <cybercrime_1710_s17> [সাইবার সুরক্ষা আইন, ২০২৬, ধারা ১৭] গুরুত্বপূর্ণ তথ্য পরিকাঠামোতে বে-আইনি প্রবেশ বা হ্যাকিং, ইত্যাদির দণ্ড — (১) যদি কোনো ব্যক্তি বা সফটওয়্যার ডেভেলপার বা কৃত্রিম বুদ্ধিমত্তা টুলস্ ব্যবহারকারী ইচ্ছাকৃতভাবে বা জ্ঞাতসারে
4. <other_788_s79> [কোম্পানী আইন, ১৯৯৪, ধারা ৭৯] নাম প্রকাশ না করার দণ্ড — (১) কোন সীমিতদায় কোম্পানী ধারা ৭৮(ক) এর বিধান পালনে ব্যর্থ হইলে, যতদিন উক্ত ব্যর্থতা অব্যাহত থাকে, ততদিনের প্
5. <other_1476_s171_p19> [কাস্টমস আইন, ২০২৩, ধারা ১৭১] অপরাধসমূহের জরিমানা বা দণ্ড — হইলে, সংশ্লিষ্ট ব্যক্তি অন্যূন ৬ (ছয়) মাস কিন্তু অনধিক ৩ (তিন) বৎসর মেয়াদের কারাদণ্ড এবং অন্যূন ১ (এক) লক্ষ 
6. <criminal_procedure_1276_s36_p11> [মাদকদ্রব্য নিয়ন্ত্রণ আইন, ২০১৮, ধারা ৩৬] ধারা ৯ এবং ১০ এর বিধান লঙ্ঘনের দণ্ড — উক্ত অপরাধের জন্য এই আইনে সর্বোচ্চ যে দণ্ড রহিয়াছে উহার দ্বিগুণ দণ্ডে দণ্ডিত হইবে।(৩) কোনো মাদকদ্রব্য অপরাধের
7. <other_1136_s28_p0> [ভৌগোলিক নির্দেশক পণ্য (নিবন্ধন ও সুরক্ষা) আই, ধারা ২৮] নিবন্ধিত ভৌগোলিক নির্দেশক লঙ্ঘন — (১) কোন নিবন্ধিত ভৌগোলিক নির্দেশক লঙ্ঘিত হইবে, যদি অনুমোদিত ব্যবহারকারী না হওয়া সত্ত্বেও, কোন ব্যক্তি-(ক) কোন
8. <other_829_s15> [ডিপজিটরি আইন, ১৯৯৯, ধারা ১৫] শাস্তি — (১) কোন ব্যক্তি এই আইনের কোন বিধান লংঘন করিলে বা করার চেষ্টা করিলে বা করিতে সাহায্য করিলে তিনি অনধিক পাঁচ বত্স
9. <other_1301_s16> [বাংলাদেশ বাতিঘর আইন, ২০২০, ধারা ১৬] বাতিঘর মাশুল প্রদান না করিবার জরিমানা — (১) কোনো জাহাজের মাস্টার বা মালিক যদি এই আইনের অধীন জাহাজের বাতিঘর মাশুল, পাওনাদি এবং অন্যান্য খরচের অর্থ পরিশ
10. <labour_952_s195_p0> [বাংলাদেশ শ্রম আইন, ২০০৬, ধারা ১৯৫] মালিকের পক্ষে অসৎ শ্রম আচরণ — 147[ (১)] কোন মালিক অথবা মালিকগণের ট্রেড ইউনিয়ন অথবা তাহাদের পক্ষে ভারপ্রাপ্ত কোন ব্যক্তি-(ক) কোন চাকুরী চুক্",unanswerable,none,unanswerable,2,
prot_0077_06,Sarwad,,"কিছুদিন আগে স্বাস্থ্য খাতে লোক নিয়োগের পরীক্ষা হয়। এ সময় একজন নেতা আমাকে স্বাস্থ্য খাতে চাকরি দেবে বলে লিখিত পরীক্ষার আগেই ৫০ হাজার টাকা হাতিয়ে নেন। তিনি বলেন আমাকে লিখিত পরীক্ষায় পাস করাবেন। কিন্তু লিখিত পরীক্ষায় পাস করাতে পারেননি। এখন ওই নেতা আমাকে টাকা ফেরত দিচ্ছেন না। টাকা নেওয়ার আগে কথা ছিল, চাকরি না দিতে পারলে টাকা ফেরত দিয়ে দেবেন। আজ টাকা দেবেন, কাল দেবেন—এই বলে তিনি তিন মাস সময় পার করেন। কিন্তু টাকা দিচ্ছেন না। এখন আমি কি তাঁর বিরুদ্ধে আইনি ব্যবস্থা নিতে পারব? টাকা দেওয়ার সময় দলিল করা হয়নি। দু-তিনজন লোক সাক্ষী ছিল। এখন টাকা ফেরত পাওয়ার উপায় কী? আমি কি তাঁর বিরুদ্ধে প্রতারণার মামলা করতে পারব?","1. <other_1476_s171_p5> [কাস্টমস আইন, ২০২৩, ধারা ১৭১] অপরাধসমূহের জরিমানা বা দণ্ড — পণ্য পুনরায় বাংলাদেশে নামান বা অবতরণ করান।সংশ্লিষ্ট ব্যক্তির বিরুদ্ধে, প্রযোজ্য ক্ষেত্রে, সংশ্লিষ্ট প্রত্যর্প
2. <criminal_procedure_1239_s50> [রংপুর মহানগরী পুলিশ আইন, ২০১৮, ধারা ৫০] সনদপত্র, প্রভৃতি ফেরত প্রদানে গাফিলতি বা অস্বীকৃতি জ্ঞাপনের দণ্ড — কোনো পুলিশ অফিসার বাহিনীর সহিত সম্পর্ক ছিন্ন হইবার অব্যবহিত পরে তাহার সনদপত্র, অস্ত্র, পোশাক ও অন্যান্য দ্রব্য
3. <criminal_procedure_1238_s50> [গাজীপুর মহানগরী পুলিশ আইন, ২০১৮, ধারা ৫০] সনদপত্র, প্রভৃতি ফেরত প্রদানে গাফিলতি বা অস্বীকৃতি জ্ঞাপনের দণ্ড — কোনো পুলিশ অফিসার বাহিনীর সহিত সম্পর্ক ছিন্ন হইবার অব্যবহিত পরে তাহার সনদপত্র, অস্ত্র, পোশাক ও অন্যান্য দ্রব্য
4. <criminal_procedure_1239_s47> [রংপুর মহানগরী পুলিশ আইন, ২০১৮, ধারা ৪৭] মিথ্যা বিবৃতি, ইত্যাদির জন্য দণ্ড — কোনো ব্যক্তি পুলিশ অফিসার হিসাবে চাকরি লাভের অথবা চাকরি হইতে অব্যাহতি লাভের জন্য কোনো মিথ্যা বিবৃতিদান বা মিথ্
5. <criminal_procedure_1238_s47> [গাজীপুর মহানগরী পুলিশ আইন, ২০১৮, ধারা ৪৭] মিথ্যা বিবৃতি, ইত্যাদির জন্য দণ্ড — কোনো ব্যক্তি পুলিশ অফিসার হিসাবে চাকরি লাভের অথবা চাকরি হইতে অব্যাহতি লাভের জন্য কোনো মিথ্যা বিবৃতিদান বা মিথ্
6. <criminal_procedure_1013_s52> [বরিশাল মহানগরী পুলিশ আইন, ২০০৯, ধারা ৫২] নিয়োগপত্র, প্রভৃতি ফেরত দিতে গাফিলতি বা অস্বীকৃতি জ্ঞাপনের দণ্ড — কোন পুলিশ কর্মকর্তা বাহিনীর সহিত সম্পর্ক ছিন্ন হওয়ার অব্যবহিত পরে তাহার নিয়োগপত্র, অস্ত্র, পোশাক ও অন্যান্য 
7. <other_1478_s55_p3> [ফাইন্যান্স কোম্পানি আইন, ২০২৩, ধারা ৫৫] জরিমানা — বা অন্য কোনো দলিল দাখিল করিতে অথবা কোনো বিবরণ বা তথ্য সরবরাহ করিতে, অথবা ফাইন্যান্স কোম্পানির ব্যবসা সংক্রান্ত
8. <tenancy_748_s19_p3> [বাড়ী ভাড়া নিয়ন্ত্রণ আইন, ১৯৯১, ধারা ১৯] কতিপয় পরিস্থিততে ভাড়াটিয়া কর্তৃক ভাড়া জমা — যতক্ষণ পর্যন্ত না বাড়ী-মালিক নিয়ন্ত্রকের নিকট হাজির হইয়া তাহার পরিচয়, অবস্থান এবং বর্তমান ঠিকানা নিয়ন্ত্র
9. <other_1715_s44_p4> [বন্যপ্রাণী (সংরক্ষণ ও নিরাপত্তা) আইন, ২০২৬, ধারা ৪৪] জরিমানা বা দণ্ড — ) লক্ষ টাকা অর্থদণ্ড অথবা উভয় দণ্ডে দণ্ডিত হইবেন । (১) (২) ( ৩ ) ৪২ ( ১ ) কোনো ব্যক্তি লাইসেন্স বা পারমিট ব্য
10. <other_1149_s33> [পল্লী  সঞ্চয় ব্যাংক আইন, ২০১৪, ধারা ৩৩] দণ্ড, ইত্যাদি — (১) যদি কোন ব্যক্তি এই আইনের অধীন প্রার্থিত বা মঞ্জুরীকৃত কোন ঋণ বা সুবিধার জন্য ব্যাংককে প্রদত্ত কোন মালিকানা","criminal_procedure_11_s420, other_26_s23_p0, criminal_procedure_75_s545",own_search,answered,2,
prot_0114_01,Sarwad,,আবার মাঝেমধ্যে রাতে নেশা করে বাড়ি ফিরে আমার সঙ্গে খারাপ ব্যবহার করে। পরে এসব কারণে আমাদের মধ্যে ছাড়াছাড়ি হয়ে যায়। অনেক কষ্ট করে দেনমোহরের কিছু টাকা আদায় করতে পারলেও আমার ছেলের ভরণপোষণের কোনো খরচ সে দিচ্ছে না। আমার ছেলের বয়স এখন পাঁচ বছর। এ অবস্থায় আমি কি আমার সন্তানের ভরণপোষণের খরচ পেতে পারি?,"1. <women_children_835_s13> [নারী ও শিশু নির্যাতন দমন আইন, ২০০০, ধারা ১৩] (১) অন্য কোন আইনে ভিন্নতর যাহা কিছুই থাকুক না কেন, ধর্ষণের কারণে কোন সন্তান জন্মলাভ করিলে-(ক) উক্ত সন্তানকে তা
2. <other_850_s50> [সালিস আইন, ২০০১, ধারা ৫০] সালিসকারীর পারিশ্রমিক ও খরচ সম্পর্কে বিরোধ — (১) যদি কোন সালিসী ট্রাইব্যুনাল তদ্কর্তৃক দাবীকৃত খরচ পরিশোধ ব্যতীত উহার রোয়েদাদ প্রদান করিতে অস্বীকার করে, ত
3. <other_1246_s99_p4> [ক্যান্টনমেন্ট আইন, ২০১৮, ধারা ৯৯] উপদ্রব সৃষ্টির শাস্তি — গ্রহণ না করেন, তাহা হইলে তিনি অনধিক ১৫ (পনের) হাজার টাকা অর্থদণ্ডে দণ্ডিত হইবেন।(৬) যদি কোনো পশুকে ক্যান্টনমেন
4. <other_788_s206_p2> [কোম্পানী আইন, ১৯৯৪, ধারা ২০৬] তদন্তের খরচ — (গ) দফার অধীনে কোন অর্থ পরিশোধের জন্য যে ব্যক্তি দায়ী হন তিনি এতদুদ্দেশ্যে অন্যান্য সকল ব্যক্তির নিকট হইতে উক
5. <other_751_s113> [ব্যাংক-কোম্পানী আইন, ১৯৯১, ধারা ১১৩] আদায়কৃত অর্থ ব্যবহার — এই আইনের অধীন অর্থদণ্ড আরোপকারী কোন আদালত এই মর্মে নির্দেশ দিতে পারে যে, উক্ত অর্থদণ্ড সম্পূর্ণ বা উহার কোন নি
6. <other_1392_s12> [ব্যাংকার বহি সাক্ষ্য আইন, ২০২১, ধারা ১২] খরচাদি — (১) এই আইনের অধীন বা উহার উদ্দেশ্য পূরণকল্পে, আদালতের নিকট দাখিলকৃত কোনো আবেদনের খরচ এবং আদালত কর্তৃক প্রদত্ত 
7. <other_1246_s74> [ক্যান্টনমেন্ট আইন, ২০১৮, ধারা ৭৪] বোর্ড হইতে খরচ আদায় — কোনো আপিলকারীকে সালিসকৃত খরচ প্রদানের জন্য আদেশ করা হইলে, বোর্ড যদি আদেশ প্রদানের তারিখ হইতে ১০ (দশ) দিনের মধ্
8. <other_1586_s23> [গুম প্রতিরোধ ও প্রতিকার অধ্যাদেশ, ২০২৫, ধারা ২৩] স্ত্রী বা সন্তান কর্তৃক গুম হওয়া ব্যক্তির সম্পত্তি ব্যবহারের অনুমতি — (১) গুম হওয়া ব্যক্তির দায় পরিশোধ, তাহার স্ত্রী বা তাহার উপর নির্ভরশীল পরিবারের সদস্যদের ভরণপোষণের বা অন্য কো
9. <other_812_s29> [দেউলিয়া বিষয়ক আইন, ১৯৯৭, ধারা ২৯] ক্ষতিপূরণ প্রদান — (১) কোন পাওনাদার কর্তৃক দাখিলকৃত দরখাস্ত যদি ২৮(১) ধারার অধীনে খারিজ হইয়া যায় এবং আদালত যদি এই মর্মে সন্তুষ্
10. <labour_952_s295> [বাংলাদেশ শ্রম আইন, ২০০৬, ধারা ২৯৫] কোন ব্যক্তি কোন বেআইনী ধর্মঘট বা লক-আউটে অংশ গ্রহণের জন্য অথবা উহার জন্য অর্থ খরচ বা সরবরাহের জন্য অথবা অন্য ক","family_1444_s5, women_children_1063_s16",own_search,answered,2,
prot_0100_05,Sarwad,,ওই জমিতে এখন যারা ভোগদখলে রয়েছে তাদের সঙ্গে আলোচনার মাধ্যমে সমাধান করে রেজিস্ট্রেশন করে যদি দলিল দেয় তাহলে করতে পারবে কি না?,"1. <labour_952_s179_p2> [বাংলাদেশ শ্রম আইন, ২০০৬, ধারা ১৭৯] রেজিস্ট্রিকরণের জন্য প্রয়োজনীয় বিষয়াদি — সম্পর্কযুক্ত কি না এইরূপ কোন সন্দেহ বা বিরোধ দেখা দেয় সে ক্ষেত্রে বিষয়টি নিষ্পত্তির জন্য শ্রম পরিচালকের নিকট
2. <other_1104_s6> [পাওয়ার অব অ্যাটর্নি আইন, ২০১২, ধারা ৬] পাওয়ার অব অ্যাটর্নি সম্পাদন — (১) রেজিস্ট্রেশন আইনে যাহা কিছুই থাকুক না কেন, এই আইনের অধীন সম্পাদিত অপ্রত্যাহারযোগ্য পাওয়ার অব অ্যাটর্নির র
3. <other_1055_s9> [রিয়েল এস্টেট উন্নয়ন ও ব্যবস্থাপনা আইন, ২০১০, ধারা ৯] হস্তান্তর দলিল সম্পাদন ও রেজিস্ট্রেশন — (১) রিয়েল এস্টেটের সমুদয় মূল্য পরিশোধের পর ডেভেলপার অনূর্ধ্ব ৩ (তিন) মাসের মধ্যে ক্রেতাকে রিয়েল এস্টেটের দখ
4. <other_1004_s19> [নির্বাচন কমিশন সচিবালয় আইন, ২০০৯, ধারা ১৯] বিধি প্রণয়নের ক্ষমতা — নির্বাচন কমিশন, এই আইনের উদ্দেশ্য পূরণকল্পে, রাষ্ট্রপতির পূর্বানুমোদনক্রমে এবং সরকারী গেজেটে প্রজ্ঞাপন দ্বারা,
5. <other_1066_s7খ> [বালুমহাল ও মাটি ব্যবস্থাপনা আইন, ২০১০, ধারা ৭খ] উত্তোলিত বালু রক্ষণাবেক্ষণে নিয়ন্ত্রণ আরোপ — এই আইনের অন্য কোনো ধারায় যাহা কিছুই থাকুক না কেন,-(ক)ইজারা গ্রহীতা কোনো ব্যক্তি বা প্রতিষ্ঠান উত্তোলিত বালু ব
6. <other_850_s26> [সালিস আইন, ২০০১, ধারা ২৬] সালিসের স্থান — (১) পক্ষগণ সালিসের স্থান নির্ধারণের লক্ষ্যে মতৈক্যে উপনীত হইতে পারিবে।(২) উপ-ধারা (১) এর অধীন মতৈক্য না হইলে, 
7. <land_1454_s6> [ভূমি অপরাধ প্রতিরোধ ও প্রতিকার আইন, ২০২৩, ধারা ৬] ভূমি বিষয়ক প্রতারণা ও জালিয়াতি সংক্রান্ত অপরাধ রোধে ব্যবস্থা — (১) এই আইন বা আপাতত বলবৎ অন্য কোনো আইনের অধীন দায়েরকৃত মামলায় কোনো দলিল প্রতারণা বা জালিয়াতির মাধ্যমে সৃজিত
8. <road_transport_1262_s17> [সড়ক পরিবহণ আইন, ২০১৮, ধারা ১৭] ভুয়া রেজিস্ট্রেশন নম্বর ব্যবহার ও প্রদর্শনে বিধি-নিষেধ — কোনো ব্যক্তি তাহার অনুকূলে প্রদত্ত রেজিস্ট্রেশন সনদ বিকৃত বা পরিবর্তন করিতে পারিবেন না, বা কোনোরূপ নকল, ভুয়া 
9. <other_942_s45> [পাবলিক প্রকিউরমেন্ট আইন, ২০০৬, ধারা ৪৫] দরপত্র দলিলের সংশোধন — (১) ক্রয়কারী, উহার স্বীয় বিবেচনায় বা দরপত্র ক্রয় করিয়াছেন এমন কোন দরপত্রদাতার অনুসন্ধান বা প্রাক-দরপত্র স
10. <other_1467_s33> [সিলেট উন্নয়ন কর্তৃপক্ষ আইন, ২০২৩, ধারা ৩৩] বার্ষিক বা¬জেট — সরকার কর্তৃক নির্দিষ্টকৃত সময়ের মধ্যে সম্ভাব্য আয়-ব্যয়সহ পরবর্তী অর্থবৎসরের বার্ষিক বাজেট বিবরণী সরকারের নি",other_48_s7,own_search,answered,1,
prot_0043_01,Sarwad,,"আমি একটি মেয়েকে ভালোবাসি। মেয়েটিও আমাকে ভালোবাসে। মেয়েটি জাতিতে ত্রিপুরা। বর্তমানে ১০ম শ্রেণীতে পড়ে। বয়স ১৭ বছর। তাকে আমি দুই বছর পর বিয়ে করতে চাই। আমি কি তাকে সাধারণভাবে বিয়ে করতে পারব? বিয়ের পর তার পরিবার আইনি ব্যবস্থা নিলে আমার কোনো সমস্যা হবে না তো? বিয়ের পর তার লেখাপড়ার সনদ কি আগের নামেই হবে, নাকি আমার দেওয়া নতুন নামে হতে পারে? মো. হূদয় ইসলাম (ছদ্মনাম) দিনাজপুর","1. <labour_952_s36> [বাংলাদেশ শ্রম আইন, ২০০৬, ধারা ৩৬] যদি কোন ব্যক্তি শিশু নাকি কিশোর এ সম্পর্কে কোন প্রশ্ন উত্থাপিত হয়, তাহা হইলে উক্ত ব্যক্তির জন্ম নিবন্ধন সনদ, 
2. <other_863_s7> [বাংলাদেশ শিল্পী কল্যাণ ট্রাস্ট আইন, ২০০১, ধারা ৭] ট্রাস্টের কার্যাবলী — ট্রাস্টের কার্যাবলী হইবে নিম্নরূপ, যথা:-(ক) সাধারণভাবে অসচ্ছল শিল্পীদের কল্যাণ সাধন;(খ) শিল্পীদের কল্যাণার্থে 
3. <other_1403_s40> [মোংলা বন্দর কর্তৃপক্ষ আইন, ২০২২, ধারা ৪০] দণ্ড — কোনো ব্যক্তি যদি এই আইন ও বিধির কোনো বিধান লঙ্ঘন করেন তাহা হইলে উক্ত লঙ্ঘন হইবে একটি অপরাধ এবং তজ্জন্য তিনি অন
4. <other_857_s10_p0> [বাংলাদেশ টেলিযোগাযোগ নিয়ন্ত্রণ আইন, ২০০১, ধারা ১০] কমিশনারগণের যোগ্যতা ও অযোগ্যতা — (১) কমিশনার হইবেন এমন একজন ব্যক্তি যিনি-(ক) টেলিযোগাযোগের ক্ষেত্রে অন্ততঃ ১৫ বত্সরের বাস্তব অভিজ্ঞতাসম্পন্ন প্
5. <other_1487_s10> [অফশোর ব্যাংকিং আইন, ২০২৪, ধারা ১০] অফশোর ব্যাংকিং কার্যক্রম পরিচালনার জন্য প্রদত্ত লাইসেন্স ধারা ৯ এর অধীন বাতিল বা সমর্পণ কার্যকর হইবার ২ (দুই) 
6. <other_1717_s18ক_p2> [ব্যাংক রেজল্যুশন আইন, ২০২৬, ধারা ১৮ক] রেজল্যুশন কার্যক্রম হইতে শেয়ার, সম্পদ-দায়, পুনঃধারণ বা ধারণ — কার্যক্রম তদারকি করিবে এবং দুই বছর পর একটি বিশেষ কমিটি গঠনপূর্বক উল্লিখিত শর্ত এবং আইনী অন্যান্য বাধ্যবাধকতা প
7. <other_775_s26> [বাংলাদেশ সিকিউরিটিজ অ্যান্ড এক্সচেঞ্জ কমিশন , ধারা ২৬] জটিলতার নিরসনের ক্ষমতা — (১) এই আইনের বিধানাবলী কার্যকর করার ক্ষেত্রে কোন অসুবিধা দেখা দিলে সরকার উক্ত অসুবিধা দূরীকরণার্থে, আদেশ দ্বার
8. <other_813_s20> [বাংলাদেশ কমার্স এন্ড ইনভেষ্টমেন্ট লিমিটেড (প, ধারা ২০] জটিলতা নিরসনের ক্ষমতা — (১) এই আইনের বিধানাবলী কার্যকর করার ক্ষেত্রে কোন অসুবিধা দেখা দিলে সরকার উক্ত অসুবিধা দূরীকরণার্থে, আদেশ দ্বার
9. <other_935_s15> [বেসরকারী নিরাপত্তা সেবা আইন, ২০০৬, ধারা ১৫] লাইসেন্সের মেয়াদ, নবায়ন, স্থগিতকরণ ও বাতিল — (১) বেসরকারী নিরাপত্তা সেবা প্রতিষ্ঠান স্থাপন ও পরিচালনার জন্য প্রদত্ত লাইসেন্সের মেয়াদ হইবে লাইসেন্স ইস্যুর 
10. <labour_1285_s24> [বাংলাদেশ ইপিজেড শ্রম আইন, ২০১৯, ধারা ২৪] চাকরি হইতে অবসর গ্রহণ — (১) এই অধ্যায়ের অন্যত্র যাহা কিছুই উল্লে­খ থাকুক না কেন, কোনো প্রতিষ্ঠানে নিয়োজিত কোনো শ্রমিকের বয়স ৬০ (ষাট",none,none,not_found,1,
prot_0045_02,Sarwad,,"আমার বিয়ের পর স্বামীর সঙ্গে আমার কোনো রকম শারীরিক সম্পর্ক হয়নি। সে আমার বিয়ের পরের দিন বিদেশে চলে যায়। আমি তাকে স্বামী হিসেবে মানি না। কারণ, আমি তাকে আমার পছন্দে বিয়ে করিনি। আমার পরিবারের পছন্দমতো বিয়েটা হয়। আমার ইচ্ছা না থাকা সত্বেও তারা বিয়েটা দেয়। আমার বিয়ের দেনমোহর হয় তিন লাখ ৫০ হাজার টাকা। তার মাঝে ৫০ হাজার টাকা সোনার গয়নার জন্য ধরা হয়। এখন আমার কথা হচ্ছে, আমি তাকে তালাক দিতে চাই। যদি তাকে আমি তালাক দিই তাহলে তাকে কি মোহরানা দিতে হবে? সুরাইয়া জান্নাতচট্টগ্রাম","1. <other_1476_s171_p5> [কাস্টমস আইন, ২০২৩, ধারা ১৭১] অপরাধসমূহের জরিমানা বা দণ্ড — পণ্য পুনরায় বাংলাদেশে নামান বা অবতরণ করান।সংশ্লিষ্ট ব্যক্তির বিরুদ্ধে, প্রযোজ্য ক্ষেত্রে, সংশ্লিষ্ট প্রত্যর্প
2. <labour_952_s290> [বাংলাদেশ শ্রম আইন, ২০০৬, ধারা ২৯০] 1 [দুর্ঘটনার এবং পেশাগত ব্যাধিসমূহের বিষয়ে নোটিশ প্রদানে ব্যর্থতার দণ্ড] — কোন ব্যক্তি এই আইনের বিধান লঙ্ঘন করিয়া কোন দুর্ঘটনা সম্পর্কে নোটিশ দিতে ব্যর্থ হইলে তিনি, যদি দুর্ঘটনার কারণে
3. <criminal_procedure_1013_s52> [বরিশাল মহানগরী পুলিশ আইন, ২০০৯, ধারা ৫২] নিয়োগপত্র, প্রভৃতি ফেরত দিতে গাফিলতি বা অস্বীকৃতি জ্ঞাপনের দণ্ড — কোন পুলিশ কর্মকর্তা বাহিনীর সহিত সম্পর্ক ছিন্ন হওয়ার অব্যবহিত পরে তাহার নিয়োগপত্র, অস্ত্র, পোশাক ও অন্যান্য 
4. <criminal_procedure_1012_s52> [সিলেট মহানগরী পুলিশ আইন, ২০০৯, ধারা ৫২] নিয়োগপত্র, প্রভৃতি ফেরৎ দিতে গাফিলতি বা অস্বীকৃতি জ্ঞাপনের দণ্ড — কোন পুলিশ কর্মকর্তা বাহিনীর সহিত সম্পর্ক ছিন্ন হওয়ার অব্যবহিত পরে তাহার নিয়োগপত্র, অস্ত্র, পোশাক ও অন্যান্য 
5. <other_1226_s10> [কৃষি কাজে ভূগর্ভস্থ পানি ব্যবস্থাপনা আইন, ২০, ধারা ১০] অপরাধ ও দণ্ড — কোন ব্যক্তি এই আইনের কোন বিধান লঙ্ঘন করিলে অনধিক ৫০(পঞ্চাশ) হাজার টাকা জরিমানা, অনাদায়ে ৩০(ত্রিশ) দিন বিনাশ্র
6. <other_1200_s27> [বাংলাদেশ নার্সিং ও মিডওয়াইফারি কাউন্সিল আইন,, ধারা ২৭] ভূয়া পদবী, ইত্যাদি ব্যবহার নিষিদ্ধ — (১) কোন ব্যক্তি এই আইনের অধীন নিবন্ধনকৃত কোন নার্স বা মিডওয়াইফ বা সহযোগী পেশার কোন নাম, পদবী, বিবরণ বা প্রতীক
7. <other_1429_s266> [আয়কর আইন, ২০২৩, ধারা ২৬৬] রিটার্ন, ইত্যাদি দাখিলে ব্যর্থতার জন্য জরিমানা — (১) যেইক্ষেত্রে কোনো ব্যক্তি যুক্তিসঙ্গত কারণ ব্যতীত, ধারা ১৬৬, ১৭২, ১৯১, ১৯৩ বা ২১২ এর অধীন কোনো ব্যক্তি রিটা
8. <other_1478_s55_p3> [ফাইন্যান্স কোম্পানি আইন, ২০২৩, ধারা ৫৫] জরিমানা — বা অন্য কোনো দলিল দাখিল করিতে অথবা কোনো বিবরণ বা তথ্য সরবরাহ করিতে, অথবা ফাইন্যান্স কোম্পানির ব্যবসা সংক্রান্ত
9. <other_1228_s36> [বিদ্যুৎ আইন, ২০১৮, ধারা ৩৬] চুরিকৃত মালামাল দখলে রাখিবার দণ্ড — কোন ব্যক্তি ধারা ৩৫ এ উল্লিখিত যন্ত্রপাতি বা বিদ্যুৎ লাইন সামগ্রী চুরি হইয়াছে বলিয়া বিশ্বাস করিবার যুক্তিসঙ্
10. <other_949_s28> [কেবল টেলিভিশন নেটওয়ার্ক পরিচালনা আইন, ২০০৬, ধারা ২৮] শাস্তি — (১) এই আইনের অধীন ধারা ৩, ৪, ৭(৩) ও (৪), ১৬, ১৭(২), ১৭(৩), ১৭(৫), ১৯, ২১, ২২, ২৩, ও ২৫ এর কোন বিধান লঙ্ঘন হইবে","family_305_s8, family_180_s5",own_search,answered,2,
prot_0037_06,Sarwad,,এখন আমরা বিয়ে করতে চাই। কিন্তু মেয়েটির বয়স ১৮ বছর হয়নি। জন্মনিবন্ধন অনুযায়ী তার বয়স ১৭ বছর আট মাস। আমি কি তার ১৮ বছর বয়স হলে বিয়ে করতে পারব। পরে মেয়েটির পরিবার আমাদের কোনো ক্ষতি করতে পারবে কি?,"1. <labour_1285_s24> [বাংলাদেশ ইপিজেড শ্রম আইন, ২০১৯, ধারা ২৪] চাকরি হইতে অবসর গ্রহণ — (১) এই অধ্যায়ের অন্যত্র যাহা কিছুই উল্লে­খ থাকুক না কেন, কোনো প্রতিষ্ঠানে নিয়োজিত কোনো শ্রমিকের বয়স ৬০ (ষাট
2. <women_children_1119_s4> [শিশু আইন, ২০১৩, ধারা ৪] শিশু — বিদ্যমান অন্য কোন আইনে ভিন্নতর যাহা কিছুই থাকুক না কেন, এই আইনের উদ্দেশ্যপূরণকল্পে, অনুর্ধ্ব ১৮ (আঠার) বৎসর বয
3. <women_children_1119_s34_p0> [শিশু আইন, ২০১৩, ধারা ৩৪] শিশু-আদালত কর্তৃক প্রদত্ত আটকাদেশ, ইত্যাদি — (১) কোন শিশু মৃত্যুদণ্ড বা যাবজ্জীবন কারাদণ্ডে দণ্ডনীয় কোন অপরাধে দোষী প্রমাণিত হইলে শিশু-আদালত তাহাকে অনুর্ধ
4. <women_children_1119_s21> [শিশু আইন, ২০১৩, ধারা ২১] 1 [***] বয়স অনুমান ও নির্ধারণ — (১) অভিযুক্ত হউক বা না হউক, এমন কোন শিশুকে কোন অপরাধের দায়ে বা কোন শিশুকে অন্য কোন কারণে শিশু-আদালতে সাক্ষ্য 
5. <other_1279_s23> [বাংলাদেশ কারিগরি শিক্ষা বোর্ড আইন, ২০১৮, ধারা ২৩] অবসর গ্রহণের বয়স — আপাতত বলবৎ অন্য কোনো আইনে ভিন্নরূপ যাহা কিছুই থাকুন কেন, বোর্ডের স্থায়ী কর্মচারীগণের অবসর গ্রহণের বয়স হইবে ৬
6. <other_1352_s23> [বাংলাদেশ মাদ্রাসা শিক্ষা বোর্ড আইন, ২০২০, ধারা ২৩] অবসর গ্রহণের বয়স — আপাতত বলবৎ অন্য কোনো আইনে ভিন্নরূপ যাহা কিছুই থাকুক না কেন, বোর্ডের স্থায়ী কর্মচারীগণের অবসর গ্রহণের বয়স ৬০ 
7. <civil_registration_1030_s7> [জাতীয় পরিচয় নিবন্ধন আইন, ২০১০, ধারা ৭] জাতীয় পরিচয়পত্রের মেয়াদ ও 1 [নবায়ন] — (১) এই আইনের অধীন কোন নাগরিককে প্রদত্ত জাতীয় পরিচয়পত্রের মেয়াদ হইবে উহা প্রদানের তারিখ হইতে পনের বছর।3[(২) 
8. <women_children_1119_s20> [শিশু আইন, ২০১৩, ধারা ২০] শিশুর বয়স নির্ধারণে প্রাসঙ্গিক তারিখ — আপাততঃ বলবৎ অন্য কোন আইন, আদালতের রায় বা আদেশে ভিন্নরূপ যাহা কিছুই থাকুক না কেন, এই আইনের উদ্দেশ্যপূরণকল্পে, 
9. <other_1217_s19> [বাংলাদেশ সড়ক পরিবহণ কর্তৃপক্ষ আইন, ২০১৭, ধারা ১৯] বার্ষিক বাজেট বিবরণী — কর্তৃপক্ষ, প্রতি অর্থ বছর সরকার কর্তৃক নির্দিষ্ট সময়ের মধ্যে পরবর্তী অর্থবৎসরের বার্ষিক বাজেট প্রস্তুত করিয়া
10. <labour_952_s311> [বাংলাদেশ শ্রম আইন, ২০০৬, ধারা ৩১১] বয়স প্রমাণের দায়িত্ব — (১) কোন ব্যক্তি কোন নির্দিষ্ট বয়সের কম বা বেশী বয়সী হওয়ার কারণে তাহার কোন কাজ যদি এই আইনের অধীনে দণ্ডযোগ্য ","women_children_1207_s2, women_children_1207_s12",own_search,answered,3,
prot_0128_03,Sarwad,,"অনেকে মনে করেন যে খ্রিষ্টান নারীরা পুরুষের চেয়ে সম্পত্তি বেশি পান। কারণ, তাঁরা স্বামীর বাড়ির সম্পত্তি পান এবং বাবার বাড়ির সম্পত্তিও পান, এ সম্পর্কে আপনি কী মনে করেন?","1. <criminal_procedure_1276_s11> [মাদকদ্রব্য নিয়ন্ত্রণ আইন, ২০১৮, ধারা ১১] অ্যালকোহল পান, ইত্যাদি সম্পর্কে বিধি-নিষেধ — (১) পারমিট ব্যতীত কোনো ব্যক্তি অ্যালকোহল পান করিতে পারিবেন না এবং চিকিৎসার প্রয়োজনে সিভিল সার্জন অথবা সরকারি 
2. <labour_952_s58> [বাংলাদেশ শ্রম আইন, ২০০৬, ধারা ৫৮] পান করার পানি — (১) প্রত্যেক প্রতিষ্ঠানে, উহাতে কর্মরত সকল শ্রমিকের পান করার জন্য উহার কোন সুবিধাজনক স্থানে পর্যাপ্ত বিশুদ্ধ প
3. <criminal_procedure_1012_s25> [সিলেট মহানগরী পুলিশ আইন, ২০০৯, ধারা ২৫] অসুস্থ ও অক্ষম জীবজন্তু নিধন — কোন পুলিশ কর্মকর্তা যদি কোন রাস্তা বা প্রকাশ্য স্থানে কোন অসুস্থ জখমপ্রাপ্ত বা দৈহিকভাবে অক্ষম জীবজন্তু দেখিতে
4. <criminal_procedure_1239_s25> [রংপুর মহানগরী পুলিশ আইন, ২০১৮, ধারা ২৫] অসুস্থ ও অক্ষম জীবজন্তু নিধন — কোনো পুলিশ অফিসার যদি কোনো রাস্তা বা প্রকাশ্য স্থানে কোনো অসুস্থ, জখমপ্রাপ্ত বা দৈহিকভাবে অক্ষম জীবজন্তু দেখিত
5. <criminal_procedure_1013_s25> [বরিশাল মহানগরী পুলিশ আইন, ২০০৯, ধারা ২৫] অসুস্থ ও অক্ষম জীবজন্তু নিধন — কোন পুলিশ কর্মকর্তা যদি কোন রাস্তা বা প্রকাশ্য স্থানে কোন অসুস্থ জখমপ্রাপ্ত বা দৈহিকভাবে অক্ষম জীবজন্তু দেখিতে
6. <criminal_procedure_1238_s25> [গাজীপুর মহানগরী পুলিশ আইন, ২০১৮, ধারা ২৫] অসুস্থ ও অক্ষম জীবজন্তু নিধন — কোনো পুলিশ অফিসার যদি কোনো রাস্তা বা প্রকাশ্য স্থানে কোনো অসুস্থ, জখমপ্রাপ্ত বা দৈহিকভাবে অক্ষম জীবজন্তু দেখিত
7. <criminal_procedure_765_s37> [রাজশাহী মহানগরী পুলিশ আইন, ১৯৯২, ধারা ৩৭] অসুস্থ ও অক্ষম জীবজন্তু নিধন — কোন পুলিশ কর্মকর্তা যদি কোন রাস্তা বা প্রকাশ্য স্থানে কোন অসুস্থ, জখমপ্রাপ্ত বা দৈহিকভাবে অক্ষম জীবজন্তু দেখিত
8. <other_1483_s5> [পরিত্যক্ত বাড়ি (সম্পূরক বিধানাবলি) আইন, ২০২৩, ধারা ৫] পরিত্যক্ত বাড়ির তালিকা হইবার পর স্বার্থ দাবি করিয়া আবেদন — ধারা ৪ এর উপ-ধারা (১) এর দফা (ক) ও (খ) এ বর্ণিত ক্ষেত্র ব্যতীত অন্যান্য ক্ষেত্রে কোনো বাড়ির উপর কোনো অধিকার ব
9. <other_1476_s29> [কাস্টমস আইন, ২০২৩, ধারা ২৯] আমদানিকৃত স্পিরিট পরীক্ষা এবং পান করিবার অনুপযোগী (denature) করিবার ক্ষমতা — আপাতত বলবৎ কোনো আইন দ্বারা যদি পান করিবার অনুপযোগী করা স্পিরিটের উপর এই আইনে নির্ধারিত শুল্ক হইতে কম শুল্ক আরো
10. <labour_952_s86> [বাংলাদেশ শ্রম আইন, ২০০৬, ধারা ৮৬] বিপজ্জনক ভবন এবং যন্ত্রপাতি সম্বন্ধে তথ্য প্রদান — (১) যে ক্ষেত্রে কোন প্রতিষ্ঠানের শ্রমিক দেখিতে পান যে, উহার কোন ভবন বা যন্ত্রপাতি, যাহা শ্রমিকেরা সাধারণতঃ ব্য","family_138_s33, family_138_s35, family_138_s37",own_search,answered,3,
prot_0128_02,Sarwad,,"আপনার সঙ্গে ছেলেটি বিয়ের নামে প্রতারণা করেছে বলে মনে হচ্ছে। আপনি ফৌজদারি আদালতে প্রতারণার মামলা করতে পারেন। এ ছাড়া দণ্ডবিধির ৪৯৩ ও ৪৯৬ ধারা অনুযায়ী প্রতিকার চাইতে পারেন। এ ধারাগুলো অনুযায়ী আইনসম্মত বিয়ে না করে প্রতারণামূলক বিয়ে করলে সাত বছর, ক্ষেত্রবিশেষ দশ বছর পর্যন্ত সশ্রম কারাদণ্ড ও অর্থদণ্ডে দণ্ডিত হতে পারে। তবে এক্ষেত্রে আপনার পক্ষে উপযুক্ত সাক্ষ্যপ্রমাণ থাকতে হবে।তৌহিদুল ইসলামআইনজীবী, বাংলাদেশ সুপ্রিম কোর্টখ্রিষ্টান নারীরা সম্পত্তি কতটুকু পায়?","1. <other_914_s27> [দুর্নীতি দমন কমিশন আইন, ২০০৪, ধারা ২৭] জ্ঞাত আয়ের উৎস বহির্ভূত সম্পত্তির দখল — (১) কোন ব্যক্তি তাহার নিজ নামে, বা তাহার পক্ষে অন্য কোন ব্যক্তির নামে, এমন কোন স্থাবর বা অস্থাবর সম্পত্তির দখল
2. <other_1096_s53_p0> [বাংলাদেশ পরমাণু শক্তি নিয়ন্ত্রণ আইন, ২০১২, ধারা ৫৩] অপরাধ ও দণ্ড — (১) এই আইন বা তদ্ধীন প্রণীত প্রবিধানের অধীন কর্তৃপক্ষের অনুমোদন গ্রহণ না করিয়া কোন ব্যক্তি ধারা ১৮ এর উপ-ধারা
3. <other_1715_s44_p2> [বন্যপ্রাণী (সংরক্ষণ ও নিরাপত্তা) আইন, ২০২৬, ধারা ৪৪] জরিমানা বা দণ্ড — দণ্ডে দণ্ডিত হইবেন । ৪১ ( ১ ) কোনো ব্যক্তি তফসিল ১ ( ক ) এ উল্লিখিত বাঘ বা হাতি শিকার করেন সর্বনিম্ন ২ ( দুই )
4. <other_1091_s8> [পর্নোগ্রাফি নিয়ন্ত্রণ আইন, ২০১২, ধারা ৮] দণ্ড — (১) কোন ব্যক্তি পর্নোগ্রাফি উৎপাদন করিলে বা উৎপাদন করিবার জন্য অংশগ্রহণকারী সংগ্রহ করিয়া চুক্তিপত্র করিলে অথব
5. <consumer_1127_s76> [নিরাপদ খাদ্য আইন, ২০১৩, ধারা ৭৬] দেওয়ানী প্রতিকার — (১) এই আইন বিরোধী কার্যকলাপের জন্য কোন ব্যক্তির বিরুদ্ধে ফৌজদারি কার্যক্রম দায়ের ও তদ্কারণে সংঘটিত ফৌজদারি অপ
6. <other_1009_s6_p2> [সন্ত্রাস বিরোধী আইন, ২০০৯, ধারা ৬] (চৌদ্দ) বৎসর ও অন্যূন ৪ (চার) বৎসরের সশ্রম কারাদণ্ড এবং অর্থদণ্ডে দণ্ডিত হইবেন;(ই) উপ-দফা (ই) এর অধীন কোন অপরা
7. <other_857_s83> [বাংলাদেশ টেলিযোগাযোগ নিয়ন্ত্রণ আইন, ২০০১, ধারা ৮৩] বার্তার অবৈধ প্রকাশ সম্পর্কে দেওয়ানী মামলা ও অন্যান্য প্রতিকার লাভের অধিকার — (১) যদি কোন ব্যক্তি যুক্তিসঙ্গত কারণে বিশ্বাস করেন যে, তত্কর্তৃক প্রেরিত বা গৃহীত বার্তা অবৈধভাবে প্রকাশ করা হ
8. <other_1067_s36> [বর্ডার গার্ড বাংলাদেশ আইন, ২০১০, ধারা ৩৬] সম্পত্তি সংক্রান্ত প্রতারণামূলক অপরাধ — অধিভুক্ত কোন ব্যক্তি যদি-(ক) সরকারি বা বাহিনীর কোন সম্পত্তি বা অধিভুক্ত কোন ব্যক্তির বা শৃঙ্খলা বাহিনীর কোন সদ
9. <other_831_s7_p2> [অর্থ আইন, ১৯৯৯, ধারা ৭] ১৯৯১ সনের ২২ নং আইন সংশোধন — কিছুই থাকুক না কেন, প্রতিষ্ঠিত নিবন্ধিত ব্যক্তির তেগত্রে, প্রতিষ্ঠিত নিবন্ধিত ব্যক্তি বিবেচিত হওয়ার বত্সরে এই
10. <other_1091_s13> [পর্নোগ্রাফি নিয়ন্ত্রণ আইন, ২০১২, ধারা ১৩] মিথ্যা মামলা, অভিযোগ দায়ের ইত্যাদির দণ্ড — (১) এই আইনের অধীন ক্ষমতাপ্রাপ্ত কোন ব্যক্তি, কর্মকর্তা বা কর্তৃপক্ষ কোন ব্যক্তির ক্ষতিসাধনের অভিপ্রায়ে এই আইন","family_138_s33, family_138_s37",own_search,answered,2,
prot_0006_02,Sarwad,,আমার বিয়ে হয়েছে দুই বছর সাত মাস। স্বামী লন্ডনে থাকেন। তাঁর সঙ্গে আমার ফোনের মাধ্যমে বিয়ে হয়েছে। বিয়ের পর এখনো তাঁর সঙ্গে আমার দেখা হয়নি। গত এক বছরে তিনি আমার ভরণপোষণ দেননি। আমি এখন তাঁকে ডিভোর্স দিতে চাই। কীভাবে আমি তাঁকে ডিভোর্স দেব? নসরাত মারজিয়া,"1. <other_788_s222> [কোম্পানী আইন, ১৯৯৪, ধারা ২২২] সাতজন বা দুইজন অপেক্ষা কম সদস্যের সহযোগে কার্যাবলী পরিচালনার দায়-দায়িত্ব — যদি কোন সময়ে কোন কোম্পানীর সদস্য-সংখ্যা হ্রাসপ্রাপ্ত হইয়া প্রাইভেট কোম্পানীর ত্মেগত্রে, দুই এর নীচে অথবা, অন
2. <other_1037_s85> [বীমা আইন, ২০১০, ধারা ৮৫] পলিসি তামাদির ক্ষেত্রে বীমাকৃতের প্রাপ্তব্য সুবিধাদি সম্পর্কে নোটিশ প্রদান৷ — কোন বীমাকারী যে তারিখে লাইফ ইন্স্যুরেন্স পলিসির প্রিমিয়াম প্রদেয় ছিল, কিন্তু পরিশোধ করা হয়নি ঐ তারিখ হইতে ৩
3. <other_1717_s18ক_p2> [ব্যাংক রেজল্যুশন আইন, ২০২৬, ধারা ১৮ক] রেজল্যুশন কার্যক্রম হইতে শেয়ার, সম্পদ-দায়, পুনঃধারণ বা ধারণ — কার্যক্রম তদারকি করিবে এবং দুই বছর পর একটি বিশেষ কমিটি গঠনপূর্বক উল্লিখিত শর্ত এবং আইনী অন্যান্য বাধ্যবাধকতা প
4. <other_862_s2> [নির্দিষ্টকরণ আইন, ২০০১, ধারা ২] ২০০১-২০০২ অর্থ-বত্সরের জন্য সংযুক্ত তহবিল হইতে ৫৬৬০৭,৫২,২০,০০০ টাকা উত্তোলন — ২০০২ সালের ৩০শে জুন তারিখে সমাপ্য অর্থ বছরে যে সকল ব্যয় হইতে পারে সেই সকল ব্যয় নির্বাহের জন্য এই আইনের তফসিল
5. <other_1339_s21> [1[কিশোরগঞ্জ বিশ্ববিদ্যালয়] আইন, ২০২০, ধারা ২১] অ্যাকাডেমিক কাউন্সিল — (১)নিম্নবর্ণিতসদস্যসমন্বয়েঅ্যাকাডেমিককাউন্সিলগঠিতহইবে,যথা:-(ক)উপাচার্য,যিনিউহারসভাপতিওহইবেন;(খ)উপউপাচার্য;(গ)
6. <other_1052_s10_p1> [বাংলাদেশ গ্যাস আইন, ২০১০, ধারা ১০] কতিপয় অপরাধের দণ্ড — গ্রাহক দোষী সাব্যস্ত হইলে, তিনি অনধিক ৩ (তিন) মাস কারাদন্ডে বাঅনধিক ১০ (দশ) হাজার টাকা অর্থদন্ডে বা উভয় দন্ডে
7. <criminal_procedure_1012_s52> [সিলেট মহানগরী পুলিশ আইন, ২০০৯, ধারা ৫২] নিয়োগপত্র, প্রভৃতি ফেরৎ দিতে গাফিলতি বা অস্বীকৃতি জ্ঞাপনের দণ্ড — কোন পুলিশ কর্মকর্তা বাহিনীর সহিত সম্পর্ক ছিন্ন হওয়ার অব্যবহিত পরে তাহার নিয়োগপত্র, অস্ত্র, পোশাক ও অন্যান্য 
8. <criminal_procedure_1013_s52> [বরিশাল মহানগরী পুলিশ আইন, ২০০৯, ধারা ৫২] নিয়োগপত্র, প্রভৃতি ফেরত দিতে গাফিলতি বা অস্বীকৃতি জ্ঞাপনের দণ্ড — কোন পুলিশ কর্মকর্তা বাহিনীর সহিত সম্পর্ক ছিন্ন হওয়ার অব্যবহিত পরে তাহার নিয়োগপত্র, অস্ত্র, পোশাক ও অন্যান্য 
9. <other_1403_s40> [মোংলা বন্দর কর্তৃপক্ষ আইন, ২০২২, ধারা ৪০] দণ্ড — কোনো ব্যক্তি যদি এই আইন ও বিধির কোনো বিধান লঙ্ঘন করেন তাহা হইলে উক্ত লঙ্ঘন হইবে একটি অপরাধ এবং তজ্জন্য তিনি অন
10. <other_1348_s13> [মৎস্য ও মৎস্যপণ্য (পরিদর্শন ও মান নিয়ন্ত্রণ), ধারা ১৩] লাইসেন্স বাতিল, স্থগিত, ইত্যাদি — (১)আঞ্চলিক উপযুক্ত কর্তৃপক্ষ নিম্নলিখিত যে কোনো কারণে লাইসেন্স বাতিল, প্রযোজ্য ক্ষেত্রে স্থগিত করিতে পারিবে, য","family_305_s8, family_305_s7, family_180_s2_p0",own_search,answered,2,
prot_0122_01,Sarwad,,"নিষেধ করা সত্ত্বেও আসে, কিন্তু কোনো দায়িত্ব পালন করে না। বরং বিভিন্নভাবে বিরক্ত করে। বর্তমানে ঋণ ও অন্যান্য কারণে সমস্ত দায়িত্ব পালনে অক্ষম হওয়ায় তাকে বলেছি মেয়ের ভরণপোষণের জন্য কিছু টাকা দিতে, কিন্তু সে বলে যে তার কোনো টাকা নেই। তাই সে দিতে পারবে না। আমি ও আমার মেয়ে কীভাবে তার কাছ থেকে ভরণপোষণ পেতে পারি?","1. <other_914_s12> [দুর্নীতি দমন কমিশন আইন, ২০০৪, ধারা ১২] প্রধান নির্বাহী — (১) চেয়ারম্যান কমিশনের প্রধান নির্বাহী হইবেন; এবং তাঁহার পদত্যাগ, অপসারণ, অনুপস্থিতি, অসুস্থতা বা অন্য কোন কা
2. <consumer_1452_s9> [কপিরাইট আইন, ২০২৩, ধারা ৯] রেজিস্ট্রার ও অন্যান্য কর্মচারী নিয়োগ, ইত্যাদি — (১) এই আইনের উদ্দেশ্যপূরণকল্পে, সরকার, একজন কপিরাইট রেজিস্ট্রার এবং প্রয়োজনীয় সংখ্যক অতিরিক্ত কপিরাইট রেজিস্
3. <money_recovery_876_s84> [সমবায় সমিতি আইন, ২০০১, ধারা ৮৪] নিবন্ধকের দায়িত্ব সম্পাদনের ক্ষমতা — (১) এই আইনের অন্যান্য ধারায় ভিন্নতর যাহা কিছুই থাকুক না কেন, এই আইন, বিধিমালা বা উপ-আইনের অধীনে কোন সমবায় সম
4. <other_857_s14> [বাংলাদেশ টেলিযোগাযোগ নিয়ন্ত্রণ আইন, ২০০১, ধারা ১৪] প্রধান নির্বাহী — চেয়ারম্যান কমিশনের প্রধান নির্বাহী হইবেন; এবং তাহার পদত্যাগ, অপসারণ, অনুপস্থিতি, অসুস্থতা বা অন্য কোন কারণে দ
5. <other_875_s48> [শেরেবাংলা কৃষি বিশ্ববিদ্যালয় আইন, ২০০১, ধারা ৪৮] কর্তৃপক্ষের সদস্য হওয়ার ক্ষেত্রে বাধা-নিষেধ — কোন ব্যক্তি বিশ্ববিদ্যালয় বা ইনস্টিটিউটের কোন পদে অধিষ্ঠিত থাকার বা বিশ্ববিদ্যালয় বা কোন ইনস্টিটিউটের কোন কর
6. <women_children_835_s13> [নারী ও শিশু নির্যাতন দমন আইন, ২০০০, ধারা ১৩] (১) অন্য কোন আইনে ভিন্নতর যাহা কিছুই থাকুক না কেন, ধর্ষণের কারণে কোন সন্তান জন্মলাভ করিলে-(ক) উক্ত সন্তানকে তা
7. <other_1056_s50> [বাংলাদেশ টেক্সটাইল বিশ্ববিদ্যালয় আইন, ২০১০, ধারা ৫০] কর্তৃপক্ষের সদস্য হওয়ার ক্ষেত্রে বাধা নিষেধ — কোন ব্যক্তি বিশ্ববিদ্যালয় বা ইনস্টিটিউটের কোন পদে অধিষ্ঠিত থাকিবার বা বিশ্ববিদ্যালয় বা কোন ইনস্টিটিউটের কোন 
8. <other_907_s47> [চট্টগ্রাম প্রকৌশল ও প্রযুক্তি বিশ্ববিদ্যালয় , ধারা ৪৭] কর্তৃপক্ষের সদস্য হওয়ার ক্ষেত্রে বিধি-নিষেধ — কোন ব্যক্তি বিশ্ববিদ্যালয় বা ইনস্টিটিউটের কোন পদে অধিষ্ঠিত থাকার বা বিশ্ববিদ্যালয় বা কোন ইনস্টিটিউটের কোন কর
9. <other_909_s47> [খুলনা প্রকৌশল ও প্রযুক্তি বিশ্ববিদ্যালয় আইন,, ধারা ৪৭] কর্তৃপক্ষের সদস্য হওয়ার ক্ষেত্রে বিধি নিষেধ — কোন ব্যক্তি বিশ্ববিদ্যালয় বা ইনস্টিটিউটের কোন পদে অধিষ্ঠিত থাকার বা বিশ্ববিদ্যালয় বা কোন ইনস্টিটিউটের কোন কর
10. <other_908_s47> [রাজশাহী প্রকৌশল ও প্রযুক্তি বিশ্ববিদ্যালয় আই, ধারা ৪৭] কর্তৃপক্ষের সদস্য হওয়ার ক্ষেত্রে বিধি-নিষেধ — কোন ব্যক্তি বিশ্ববিদ্যালয় বা ইনস্টিটিউটের কোন পদে অধিষ্ঠিত থাকার বা বিশ্ববিদ্যালয় বা কোন ইনস্টিটিউটের কোন কর","family_1444_s5, women_children_1063_s16",own_search,answered,2,
prot_0114_04,Sarwad,,"এই আইনের ৯ নম্বর ধারা অনুসারে, অঙ্গ-প্রত্যঙ্গ ক্রয়-বিক্রয়, গ্রহণ, বিজ্ঞাপন বা প্রচারণা সম্পূর্ণ নিষিদ্ধ। কোনো ব্যক্তি এই আইন ভঙ্গ করলে তার সর্বোচ্চ সাত বছর এবং সর্বনিম্ন তিন বছর পর্যন্ত সশ্রম কারাদণ্ড হতে পারে অথবা অন্যূন তিন লাখ টাকা পর্যন্ত জরিমানা বা উভয় দণ্ড হতে পারে। এখানে উল্লেখ্য, ফৌজদারি কার্যবিধি অনুসারে এ অপরাধের বিচারপ্রক্রিয়া সম্পন্ন হবে। সুতরাং এটি স্পষ্ট যে কিডনি বা যেকোনো অঙ্গ-প্রত্যঙ্গ ক্রয়-বিক্রয় সম্পূর্ণ বেআইনি ও শাস্তিযোগ্য অপরাধ।কাজী জাহেদ ইকবাল, আইনজীবী, বাংলাদেশ সুপ্রিম কোর্ট অযথা মামলা বিলম্ব করার বিরুদ্ধে প্রতিকার কী?","1. <other_1682_s18> [মানবদেহে অঙ্গ-প্রত্যঙ্গ সংযোজন আইন, ২০২৬, ধারা ১৮] অঙ্গ-প্রত্যঙ্গ ক্রয়বিক্রয় ইত্যাদি নিষিদ্ধ — মানব দেহের যেকোনো অঙ্গ-প্রত্যঙ্গ ক্রয়বিক্রয় বা উহার বিনিময়ে কোনো প্রকার সুবিধা লাভ এবং সেই উদ্দেশ্যে কোনো প
2. <other_1715_s44_p2> [বন্যপ্রাণী (সংরক্ষণ ও নিরাপত্তা) আইন, ২০২৬, ধারা ৪৪] জরিমানা বা দণ্ড — দণ্ডে দণ্ডিত হইবেন । ৪১ ( ১ ) কোনো ব্যক্তি তফসিল ১ ( ক ) এ উল্লিখিত বাঘ বা হাতি শিকার করেন সর্বনিম্ন ২ ( দুই )
3. <other_1096_s53_p3> [বাংলাদেশ পরমাণু শক্তি নিয়ন্ত্রণ আইন, ২০১২, ধারা ৫৩] অপরাধ ও দণ্ড — তিনি অন্যূন ৫ (পাঁচ) বৎসর হইতে অনধিক ১০ (দশ) বৎসরের সশ্রম কারাদণ্ড বা অন্যূন ১৫ (পনের) লক্ষ টাকা হইতে অনধিক ২৫
4. <other_1131_s33> [বৈদেশিক কর্মসংস্থান ও অভিবাসী আইন, ২০১৩, ধারা ৩৩] বৈদেশিক কর্মসংস্থান সম্পর্কিত চাহিদাপত্র, ভিসা বা কার্যানুমতিপত্র সংগ্রহে অবৈধ পন্থা গ্রহণ বা ক্রয়-বিক্রয়ের দণ্ড — কোন ব্যক্তি বা রিক্রুটিং এজেন্ট কর্তৃক বৈদেশিক কর্মসংস্থানের উদ্দেশ্যে নিয়োগকারী বা বিদেশ হইতে চাহিদাপত্র, ভি
5. <other_1682_s9> [মানবদেহে অঙ্গ-প্রত্যঙ্গ সংযোজন আইন, ২০২৬, ধারা ৯] মেডিকেল বোর্ড গঠন ও উহার কার্যাবলি — (১) মানবদেহে অঙ্গ-প্রত্যঙ্গ সংযোজন কার্যক্রম পরিচালনার জন্য সংশ্লিষ্ট হাসপাতালে নিম্নবর্ণিত ব্যক্তিগণের সমন্বয
6. <other_1091_s8> [পর্নোগ্রাফি নিয়ন্ত্রণ আইন, ২০১২, ধারা ৮] দণ্ড — (১) কোন ব্যক্তি পর্নোগ্রাফি উৎপাদন করিলে বা উৎপাদন করিবার জন্য অংশগ্রহণকারী সংগ্রহ করিয়া চুক্তিপত্র করিলে অথব
7. <other_1682_s7> [মানবদেহে অঙ্গ-প্রত্যঙ্গ সংযোজন আইন, ২০২৬, ধারা ৭] অঙ্গ-প্রত্যঙ্গ দাতা (Donor) ও গ্রহীতার (Recipient) যোগ্যতা — (১) অঙ্গ-প্রত্যঙ্গ দাতা হিসাবে কোনো ব্যক্তি উপযুক্ত বলিয়া বিবেচিত হইবেন, যদি- (ক) ব্রেইন ডেথ ঘোষিত ব্যক্তির, 
8. <other_1042_s18> [মৎস্য হ্যাচারি আইন, ২০১০, ধারা ১৮] দণ্ড — (১) কোন ব্যক্তি এই আইনের ধারা ৫, ৬, ৭ এবং ৯ এর বিধান লঙ্ঘন করিলে তাহা শাস্তিযোগ্য অপরাধ হিসাবে গণ্য হইবে এবং অ
9. <criminal_procedure_765_s97> [রাজশাহী মহানগরী পুলিশ আইন, ১৯৯২, ধারা ৯৭] প্রবেশ টিকেট অতিরিক্ত মূল্যে বিক্রয়ের দণ্ড — কোন ব্যক্তি বিক্রিত কোন প্রমোদাগারের টিকেট যে মূল্যে ক্রয় করা হইয়াছে উহার অধিক মূল্যে বিক্রয় করিলে বা বিক্র
10. <criminal_procedure_1239_s95> [রংপুর মহানগরী পুলিশ আইন, ২০১৮, ধারা ৯৫] প্রবেশ টিকেট অতিরিক্ত মূল্যে বিক্রয়ের দণ্ড — কোনো ব্যক্তি জনসাধারণের প্রমোদাগারের বিক্রিত টিকেট যে মূল্যে ক্রয় করিয়াছেন, উহার অধিক মূল্যে বিক্রয় বা বিক্","criminal_procedure_75_s344, other_86_s151",own_search,answered,2,
prot_0063_04,Sarwad,,"আমার বয়স ২০ বছর। আমি অনার্স প্রথম বর্ষের ছাত্রী। প্রায় তিন বছর আগে আমার এক খালাতো ভাইয়ের সঙ্গে সম্পর্ক গড়ে ওঠে। কিন্তু পারিবারিক কলহের জের ধরে আমাদের সম্পর্ক কেউ মেনে নিতে চায়নি। ছেলেটি বিবিএ পাস। প্রায় ছয়-সাত মাস আগে সে একটি চাকরি পায়। আমরা চলতি বছরের ১৮ মে গোপনে কাজি অফিসে গিয়ে বিয়ে করি। কিন্তু কিছুদিন পর বিষয়টা জানাজানি হয়ে যায় এবং তাকে তালাক দেওয়ার জন্য আমার ওপর অকথ্য শারীরিক ও মানসিক নির্যাতন চালানো হয়। এমনকি জোর করে আমাকে পুনরায় কাজি অফিসে নিয়ে যাওয়া হয় তালাক দেওয়ার জন্য। কিন্তু আমি তালাক দিইনি এবং বাড়ি ফিরে আসি। অবশেষে গত ১৯ জুন জোর করে ইচ্ছার বিরুদ্ধে আমাকে তালাকের কাগজে সই করায়। কিন্তু ছেলেটি আমাকে আগের মতোই ভালোবাসে এবং আমিও তাকে অনেক ভালোবাসি। এক মুহূর্তের জন্যও মনে হয় না, আমি তাকে তালাক দিয়েছি। প্রতিটি মুহূর্ত আমি খুব কষ্ট পাই এবং কখনো মানসিক শান্তি পাই না। এমনকি এখন ওই ছেলের সঙ্গে আমার নিয়মিত কথা হয়। ছেলেটি জানলেও তার বাড়ির লোকজন কেউ জানে না এই তালাকের কথা। তাদের সঙ্গেও আমার কথা হয়। আমার প্রশ্ন, যেহেতু আমার ইচ্ছার বিরুদ্ধে কাজটি করা হয়েছে, তাই এ ক্ষেত্রে কি আমাদের শারীরিক মেলামেশা নিষিদ্ধ? যেহেতু ছেলেটি আমাকে তালাক দেয়নি। এ ক্ষেত্রে বৈধভাবে তার স্ত্রী হতে হলে আমার করণীয় কী? উল্লেখ্য, আমাদের বিয়ে রেজিস্ট্রি করা হয়নি। রেজিস্ট্রি হওয়ার আগেই এ ঘটনা ঘটে। নাম প্রকাশে অনিচ্ছুকযশোর","1. <family_1444_s26> [পারিবারিক আদালত আইন, ২০২৩, ধারা ২৬] মুসলিম পারিবারিক আইনের বিধানকে প্রভাবিত না করা — (১) এই আইনের কোনো কিছুই মুসলিম পরিবারিক আইন অথবা তদধীন প্রণীত বিধিমালার কোনো বিধানকে প্রভাবিত করিবে না।(২) যেক
2. <women_children_1063_s3> [পারিবারিক সহিংসতা (প্রতিরোধ ও সুরক্ষা) আইন, , ধারা ৩] পারিবারিক সহিংসতা — - এই আইনের উদ্দেশ্য পূরণকল্পে পারিবারিক সহিংসতা বলিতে পারিবারিক সম্পর্ক রহিয়াছে এমন কোন ব্যক্তি কতৃর্ক পরিবার
3. <other_1271_s46> [সরকারি চাকরি আইন, ২০১৮, ধারা ৪৬] অক্ষমতাজনিত অবসর — (১) কোনো সরকারি কর্মচারী শারীরিক অথবা মানসিক অসামর্থ্য বা বৈকল্যের কারণে সরকারি কর্ম সম্পাদনে নিজেকে অক্ষম মনে
4. <other_1273_s2_p1> [মানসিক স্বাস্থ্য আইন, ২০১৮, ধারা ২] সংজ্ঞা — জন্য আদালত কর্তৃক নিযুক্ত ব্যক্তি;(১২) ‘বিধি’ অর্থ আইনের অধীন প্রণীত বিধি;(১৩) ‘ম্যাজিস্ট্রেট’ অর্থ মেট্রোপলিট
5. <other_788_s346_p0> [কোম্পানী আইন, ১৯৯৪, ধারা ৩৪৬] নিষ্ক্রিয় (defunct) কোম্পানীর নাম নিবন্ধন বহি হইতে কাটিয়া দেওয়া — (১) যেক্ষেত্রে রেজিষ্ট্রারের এইরূপ বিশ্বাস করিবার যুক্তিসংগত কারণ থাকে যে, কোন একটি কোম্পানী ব্যবসা করিতেছে না
6. <other_1273_s23> [মানসিক স্বাস্থ্য আইন, ২০১৮, ধারা ২৩] অপরাধ ও দণ্ড — (১) মানসিক স্বাস্থ্য সেবায় নিয়োজিত পেশাজীবী হিসাবে কোনো ব্যক্তি মানসিক অসুস্থতা সম্পর্কিত বিষয়ে উদ্দেশ্য প্
7. <local_government_1027_s104> [স্থানীয় সরকার (ইউনিয়ন পরিষদ) আইন, ২০০৯, ধারা ১০৪] পরিষদের বিরুদ্ধে মোকদ্দমা দায়ের — সরকারিভাবে দায়িত্ব পালনকালে কোন পরিষদ কিংবা কোন সদস্য, কর্মকর্তা বা কর্মচারী দ্বারা কৃত কোন কাজ, বা কাজ করা হ
8. <labour_952_s81> [বাংলাদেশ শ্রম আইন, ২০০৬, ধারা ৮১] যে ক্ষেত্রে কোন প্রতিষ্ঠানে বিধি দ্বারা নির্ধারিত প্রকৃতির কোন বিপজ্জনক ঘটনা ঘটে সে ক্ষেত্রে, উহাতে কোন শারীরি
9. <labour_1285_s2_p1> [বাংলাদেশ ইপিজেড শ্রম আইন, ২০১৯, ধারা ২] সংজ্ঞা — (১৯৯৪ সনের ১৮ নং আইন) এর অধীন নিবন্ধিত কোনো কোম্পানি, যাহার অধীন কোনোজোনেএক বা একাধিক শিল্প প্রতিষ্ঠান রহিয়াছ
10. <labour_952_s80> [বাংলাদেশ শ্রম আইন, ২০০৬, ধারা ৮০] দুর্ঘটনা সম্পর্কে নোটিশ প্রদান — (১) যদি কোন প্রতিষ্ঠানে কোন দুর্ঘটনা ঘটে, যাহাতে প্রাণহানি বা শারীরিক জখম হয়, অথবা যদি কোন প্রতিষ্ঠানে দুর্ঘট","family_305_s8, family_305_s7, family_476_s5",own_search,answered,2,
ajke_0170_01,Sarwad,,"নিরাপদ এবং নিশ্চিত কর্মপরিবেশ পাওয়া যেকোনো কর্মজীবী মানুষের একটি মৌলিক চাহিদা। কর্মপরিবেশ ও কর্মস্থল নিরাপদ যদি না হয়, সেখানে নারী কিংবা পুরুষ—কেউ নিরাপদ নন। আর এ বিষয়টি শুধু চাকরিজীবনে নয়, ব্যক্তিগত জীবনেও মানসিক চাপ সৃষ্টি করে। হেঁটে গেলে অন্য সহকর্মীরা আপনার দিকে কীভাবে তাকাচ্ছেন, কিংবা দুজন সহকর্মী দাঁড়িয়ে আপনাকে নিয়ে কী ধরনের মন্তব্য করছেন, এটা ভেবেই যদি সময় চলে যায়, তাহলে কাজ করবেন কখন?","1. <other_1153_s6> [উপানুষ্ঠানিক শিক্ষা আইন, ২০১৪, ধারা ৬] উপানুষ্ঠানিক শিক্ষার পরিধি — উপানুষ্ঠানিক শিক্ষার পরিধি হইবে নিম্নরূপ, যথা:-(ক) যে সকল শিশু বিভিন্ন কারণে প্রাথমিক বিদ্যালয়ে আনুষ্ঠানিক শি
2. <labour_952_s71> [বাংলাদেশ শ্রম আইন, ২০০৬, ধারা ৭১] প্রেসার প্ল্যান্ট — যে ক্ষেত্রে কোন প্রতিষ্ঠানের উৎপাদন প্রক্রিয়ায় নিয়োজিত কোন প্ল্যান্ট বা যন্ত্রপাতির কোন অংশ স্বাভাবিক বায়ু
3. <women_children_1119_s44> [শিশু আইন, ২০১৩, ধারা ৪৪] গ্রেফতার, ইত্যাদি — (১) এই ধারায় যাহা কিছুই থাকুক না কেন, ৯ (নয়) বৎসরের নিম্নের কোন শিশুকে কোন অবস্থাতেই গ্রেফতার করা বা, ক্ষেত্
4. <women_children_1063_s17> [পারিবারিক সহিংসতা (প্রতিরোধ ও সুরক্ষা) আইন, , ধারা ১৭] নিরাপদ হেফাজত আদেশ — আপাততঃ বলবৎ অন্য কোন আইনে যাহা কিছুই থাকুক না কেন, আদালত এই আইনের অধীন আবেদন বিবেচনার যে কোন পর্যায়ে সংক্ষুব্
5. <other_1114_s19> [বাংলাদেশ পানি আইন, ২০১৩, ধারা ১৯] ভূগর্ভস্থ পানিধারক স্তরের সর্বনিম্ন সীমা নির্ধারণ ও ভূগর্ভস্থ পানি আহরণে বিধি-নিষেধ — (১) আপাততঃ বলবৎ অন্য কোন আইনে ভিন্নতর যাহা কিছুই থাকুক না কেন, নির্বাহী কমিটি, যথাযথ অনুসন্ধান, পরীক্ষা-নিরীক্
6. <women_children_1063_s15_p1> [পারিবারিক সহিংসতা (প্রতিরোধ ও সুরক্ষা) আইন, , ধারা ১৫] বসবাস আদেশ — অংশ বিশেষ সংক্ষুব্ধ ব্যক্তির অনুকূলে দখলে রাখিবার আদেশ প্রদান করা হইলেও উক্ত আদেশ উক্ত বাসগৃহে প্রতিপক্ষের স্ব
7. <other_1103_s2_p2> [দুর্যোগ ব্যবস্থাপনা আইন, ২০১২, ধারা ২] সংজ্ঞা — প্রতিরোধ অবকাঠামোর অকার্যকারিতা বা ক্ষতিসাধন; এবং(ঊ) ব্যাপক প্রাণহানি ও ক্ষয়ক্ষতি সৃষ্টিকারী কোন অস্বাভাবিক ঘ
8. <labour_952_s67> [বাংলাদেশ শ্রম আইন, ২০০৬, ধারা ৬৭] নতুন যন্ত্রপাতি আবৃত করা — এই আইন বলবৎ হইবার পর কোন প্রতিষ্ঠানে স্থাপিত শক্তি চালিত প্রত্যেকটি যন্ত্রপাতির-(ক) সেট-স্ক্রু, বেল্ট অথবা চাব
9. <consumer_1127_s51> [নিরাপদ খাদ্য আইন, ২০১৩, ধারা ৫১] পরিদর্শক নিয়োগ ও দায়িত্ব প্রদান — (১) কর্তৃপক্ষ, এই আইনের অধীন নির্দিষ্ট দায়িত্ব পালনের জন্য প্রয়োজনীয় সংখ্যক নিরাপদ খাদ্য পরিদর্শক নিয়োগ কর
10. <women_children_1119_s26> [শিশু আইন, ২০১৩, ধারা ২৬] 1 [***] শিশুকে নিরাপদ হেফাজতে রাখা — (১)12[***] শিশুকে নিরাপদ হেফাজতে রাখার বিষয়টি সর্বশেষ পন্থা হিসাবে বিবেচনা করিতে হইবে, যাহার মেয়াদ হইবে যথাস",unanswerable,none,unanswerable,3,
prot_0113_02,Sarwad,,"একজন ভুক্তভোগী হিসেবে যদি এসব হাসপাতাল ও চিকিৎসকের বিরুদ্ধে আইনি ব্যবস্থা নিতে চাই, তাহলে কোন আইনে নিতে পারব?","1. <other_833_s22> [পল্লী দারিদ্র বিমোচন ফাউন্ডেশন আইন, ১৯৯৯, ধারা ২২] ফাউন্ডেশনের পাওনা আদায় — ফাউন্ডেশনের সকল পাওনা বকেয়া ভূমি রাজস্ব হিসাবে আদায়যোগ্য হইবে:তবে শর্ত থাকে যে, ঋণগ্রহীতাকে বা অর্থ পরিশোধের
2. <other_751_s112> [ব্যাংক-কোম্পানী আইন, ১৯৯১, ধারা ১১২] (১) বাংলাদেশ ব্যাংক যদি এই আইনের কোন ধারা অথবা তদধীন কোন আদেশ বা নির্দেশ বা আরোপিত শর্ত বা প্রণীত কোন বিধি লংঘ
3. <other_1271_s24> [সরকারি চাকরি আইন, ২০১৮, ধারা ২৪] আইনি সহায়তা — (১) কোনো কর্মচারীর বিরুদ্ধে, সরকারি দায়িত্ব পালনের সহিত সম্পর্কিত কোনো বিষয়ে তাহাকে ব্যক্তিগতভাবে দায়ী করিয
4. <other_1429_s149> [আয়কর আইন, ২০২৩, ধারা ১৪৯] উৎসে কর কর্তন বা সংগ্রহের ক্ষেত্রে দায়মুক্তি — যেইক্ষেত্রে এই অংশের অধীন কর হিসাবে কোনো অর্থ সংগ্রহ বা কর্তন করা হয় এবং সরকারের অনুকূলে জমা প্রদান করা হয়, 
5. <other_1586_s21> [গুম প্রতিরোধ ও প্রতিকার অধ্যাদেশ, ২০২৫, ধারা ২১] ভুক্তভোগী, তথ্য প্রকাশকারী ও সাক্ষীর গোপনীয়তা ও সুরক্ষা — (১) কোনো ব্যক্তি যুক্তিসংগত তথ্যের ভিত্তিতে কোনো গুমের ঘটনার তথ্যপ্রমাণ আদালত, কমিশন বা, ক্ষেত্রমত, তদন্তকারী 
6. <other_857_s46> [বাংলাদেশ টেলিযোগাযোগ নিয়ন্ত্রণ আইন, ২০০১, ধারা ৪৬] (১) সরকার নিম্নবর্ণিত যে কোন কারণে যুক্তিসঙ্গত মনে করিলে কোন লাইসেন্স বাতিলের সিদ্ধান্ত গ্রহণ করিতে পারিবে এবং
7. <other_1271_s55> [সরকারি চাকরি আইন, ২০১৮, ধারা ৫৫] সীমাবদ্ধতা — এই আইনের অন্যান্য বিধান ও আপাতত বলবৎ অন্য কোনো আইনে যাহা কিছুই থাকুক না কেন, ধারা ৫, ১৪, ১৫, ২৯, ৪০, ৪২ ও ৪৫ এ
8. <other_1482_s21> [বাংলাদেশ হোমিওপ্যাথিক চিকিৎসা শিক্ষা আইন, ২০, ধারা ২১] হোমিওপ্যাথিক চিকিৎসকের তালিকা প্রকাশ — (১) কাউন্সিল, প্রতি ২ (দুই) বৎসর অন্তর, প্রবিধান দ্বারা নির্ধারিত পদ্ধতিতে নাম, ঠিকানা, নিবন্ধনের তারিখ বা, অন
9. <other_1384_s13> [বাংলাদেশ শিশু হাসপাতাল ও ইনস্টিটিউট আইন, ২০২, ধারা ১৩] হাসপাতাল পরিচালনা কমিটি — (১) বোর্ড, আদেশ দ্বারা, হাসপাতাল পরিচালনার জন্য নিম্নবর্ণিত সদস্য সমন্বয়ে একটি পরিচালনা কমিটি গঠন করিবে, যথা 
10. <other_1684_s61> [মানব পাচার ও অভিবাসী চোরাচালান প্রতিরোধ ও দম, ধারা ৬১] সমতার নীতির প্রয়োগ ও ক্ষমতার অপব্যবহার রোধে বিধান — (১) এই আইনের অধীন অভিযুক্ত ব্যক্তি কিংবা মানব পাচার বা অভিবাসী চোরাচালানের শিকার ব্যক্তি বা সাক্ষী লইয়া কাজ ক",unanswerable,none,unanswerable,2,
dail_0594_01,Sarwad,,Copyright: Any unauthorized use or reproduction of The Daily Star content for commercial purposes is strictly prohibited and constitutes copyright infringement liable to legal action. One of my Muslim friends is in love with a Hindu girl for quite a long time. Now they have decided to marry each other. Their family members do not want them to be married. They are adults and have already left their parents’ houses. Can they marry as they belong to two separate religions?,"1. <land_90_s21> [The Registration Act, 1908, ধারা 21] Description of property and maps or plans — (1) No non-testamentary document relating to immoveable property shall be accepted for registration unless it 
2. <family_138_s160> [The Succession Act, 1925, ধারা 160] Non-ademption of specific bequest of goods described as connected with certain place, by reason of removal — A specific bequest of goods under a description connecting them with a certain place is not adeemed by reason 
3. <other_48_s45> [1The Transfer of Property Act, 1882, ধারা 45] Joint transfer for consideration — Where immoveable property is transferred for consideration to two or more persons, and such consideration is p
4. <other_26_s148> [1The Contract Act, 1872, ধারা 148] ""Bailment"", ""bailor"", and ""bailee"" defined — A ""bailment"" is the delivery of goods by one person to another for some purpose, upon a contract that they sha
5. <other_126_s22B> [The Mines Act, 1923, ধারা 22B] Hours of work above ground — (1) A person employed above ground in a mine shall not be allowed to work for more than fifty-four hours in an
6. <other_24_s50> [1The Evidence Act, 1872, ধারা 50] Opinion on relationship, when relevant — When the Court has to form an opinion as to the relationship of one person to another the opinion, expressed b
7. <other_24_s10> [1The Evidence Act, 1872, ধারা 10] Things said or done by conspirator in reference to common design — Where there is reasonable ground to believe that two or more persons have conspired together to commit an offe
8. <criminal_procedure_11_s485> [1The Penal Code, 1860, ধারা 485] Making or possession of any instrument for counterfeiting a trade mark or property mark — Whoever makes or has in his possession any die, plate or other instrument for the purpose of counterfeiting a 
9. <other_24_s109> [1The Evidence Act, 1872, ধারা 109] Burden of proof as to relationship in the cases of partners, landlord and tenant, principal and agent — When the question is whether persons are partners, landlord and tenant, or principal and agent, and it has bee
10. <other_36_s42_p0> [The Specific Relief Act, 1877, ধারা 42] Discretion of Court as to declaration of status or right. Bar to such declaration — Any person entitled to any legal character, or to any right as to any property, may institute a suit against a",other_25_s2,own_search,answered,3,
prot_0052_05,Sarwad,VERIFY,"এক বছর আগে একটি ছেলের সঙ্গে টেলিফোনে আমার পরিচয় হয়। তারপর কথা বলার একপর্যায়ে তার সঙ্গে আমার ভালো বন্ধুত্ব হয়। এর মধ্যে দুবার আমাদের দেখা হয়েছিল। এ ছাড়া অন্য কিছু নয়। আমি তাকে প্রথমে বলেছিলাম আমাদের মধ্যে শুধু বন্ধুত্ব ছাড়া অন্য কোনো সম্পর্ক গড়া সম্ভব নয়। আমি এখনো পড়ালেখা করছি। সামনে আমার পরীক্ষা। সেও পড়ালেখা শেষ করে একটি চাকরি করে। সে গত দু-তিন মাস থেকে আমাকে তার সঙ্গে শারীরিক সম্পর্ক স্থাপনের জন্য প্রস্তাব দিচ্ছে। আমি এ সম্পর্কে রাজি হইনি বলে সে আমাকে গালমন্দ করছে ও হুমকি দিচ্ছে। আমার বাবা-মাকে ফোন করে আমার নামে আজেবাজে কথা বলছে। তারপর থেকে আমি তার সঙ্গে ফোনে কথা বলা বন্ধ করে দিয়েছি। সে এখন আমার বাবা-মাকে ফোন করে বলছে, আমার নাকি অন্য ছেলের সঙ্গে সম্পর্ক আছে। সে জন্য আমার বাবা-মা আমাকে বিয়ে দেওয়ার জন্য চেষ্টা করছে। কিন্তু আমি এত তাড়াতাড়ি বিয়ে করব না। এর মধ্যে সে আমাকে তাকে বিয়ে করার জন্য চাপ দিচ্ছে, যা আমার পক্ষে কখনো সম্ভব নয়। তার কথামতো যদি রাজি না থাকি তাহলে সে আমার ক্ষতি করবে বলে হুমকি দিচ্ছে। এখন আমি কীভাবে এর থেকে মুক্তি পাব? শান্তা সীতাকুণ্ড","1. <cybercrime_1710_s2_p11> [সাইবার সুরক্ষা আইন, ২০২৬, ধারা ২] সংজ্ঞা — দ্বারা কোন ব্যক্তির অন্তরঙ্গ অথবা ব্যক্তিগত ছবি, ভিডিও সংরক্ষণ বা সংরক্ষনের দাবি করিবার মাধ্যমে তাহা প্রকাশ কর
2. <labour_952_s196> [বাংলাদেশ শ্রম আইন, ২০০৬, ধারা ১৯৬] শ্রমিকের পক্ষে অসৎ শ্রম আচরণ — (১) মালিকের বিনা অনুমতিতে কোন শ্রমিক তাহার কর্মসময়ে কোন ট্রেড ইউনিয়নের কর্মকান্ডে নিয়োজিত থাকিবেন নাঃতবে শর
3. <labour_952_s195_p0> [বাংলাদেশ শ্রম আইন, ২০০৬, ধারা ১৯৫] মালিকের পক্ষে অসৎ শ্রম আচরণ — 147[ (১)] কোন মালিক অথবা মালিকগণের ট্রেড ইউনিয়ন অথবা তাহাদের পক্ষে ভারপ্রাপ্ত কোন ব্যক্তি-(ক) কোন চাকুরী চুক্
4. <women_children_1256_s2> [যৌতুক নিরোধ আইন, ২০১৮, ধারা ২] সংজ্ঞা — বিষয় বা প্রসঙ্গের পরিপন্থি কোনো কিছু না থাকিলে,-(ক) ‘‘পক্ষ’’ অর্থ এই আইনের উদ্দেশ্য পূরণকল্পে, বিবাহের বর বা 
5. <other_1684_s2_p2> [মানব পাচার ও অভিবাসী চোরাচালান প্রতিরোধ ও দম, ধারা ২] সংজ্ঞা — করিয়া কোনো ব্যক্তিকে যৌন শোষণ; (১২) “পতিতালয়” অর্থ পতিতাবৃত্তি পরিচালনার উদ্দেশ্যে ব্যবহৃত কোনো বাড়ি, যানবা
6. <labour_1285_s115> [বাংলাদেশ ইপিজেড শ্রম আইন, ২০১৯, ধারা ১১৫] মালিকের তরফে অন্যায় আচরণ — (১) কোনো মালিক বা মালিক কর্তৃক ক্ষমতাপ্রাপ্ত বা মালিকের দায়িত্ব পালনকারী কোনো ব্যক্তি নিম্নবর্ণিত কোনো কাজ কর
7. <other_1072_s5> [জনস্বার্থ সংশ্লিষ্ট তথ্য প্রকাশ (সুরক্ষা প্র, ধারা ৫] (১) কোন তথ্য প্রকাশকারী ধারা ৪ এর উপ-ধারা (১) এর অধীন জনস্বার্থ সংশ্লিষ্ট কোন সঠিক তথ্য প্রকাশ করিলে, উক্ত ব্য
8. <other_914_s28খ> [দুর্নীতি দমন কমিশন আইন, ২০০৪, ধারা ২৮খ] তথ্য প্রদানকারীর পরিচয় গোপন রাখা — (১) এই আইনের অধীন ও উহার তফসিলে বর্ণিত কোন অপরাধের বিষয়ে কোন ব্যক্তি কর্তৃক প্রদত্ত কোন তথ্য (information) কো
9. <labour_1285_s167> [বাংলাদেশ ইপিজেড শ্রম আইন, ২০১৯, ধারা ১৬৭] (১)এইআইনেরউদ্দেশ্য পূরণকল্পে নির্বাহী পরিচালক (শ্রম ও শিল্প সম্পর্ক),অতিরিক্ত নির্বাহী পরিচালক (শ্রম ও শিল্প স
10. <other_1126_s8> [প্রতিবন্ধী ব্যক্তির অধিকার ও সুরক্ষা আইন, ২০, ধারা ৮] বাকপ্রতিবন্ধিতা (speech disability) — নিম্নবর্ণিত দফাসমূহে উল্লিখিত বৈশিষ্ট্যসমূহের মধ্যে এক বা একাধিক বৈশিষ্ট্যের অধিকারী ব্যক্তি ‘বাকপ্রতিবন্ধী ব্","criminal_procedure_11_s503, criminal_procedure_11_s506, criminal_procedure_11_s499",own_search,answered,2,
prot_0065_04,Sarwad,VERIFY,স্বামী ও দুই মেয়ে নিয়ে আমার পরিবার। আমি একটি ফ্ল্যাট কিনে বসবাস করছি এবং আমার কিছু ‘পরিবার সঞ্চয়পত্র’ আছে। আমার অবর্তমানে ফ্ল্যাটের মালিকানা দুই মেয়েকে দিয়ে যেতে চাই। সে ক্ষেত্রে উইল করতে পারব কি? সঞ্চয়পত্রে নমিনি ছাড়া আর কেউ বৈধ মালিকানা দাবি করতে পারে কি?,"1. <other_1138_s2> [গ্রামীণ ব্যাংক আইন, ২০১৩, ধারা ২] সংজ্ঞা — বিষয় বা প্রসংগের পরিপন্থি কোন কিছু না থাকিলে, এই আইনে,-1[(১) “ঋণ” অর্থ এইরূপ কোনো ব্যক্তির পক্ষে ব্যাংক কর্তৃ
2. <other_1173_s2> [বাংলাদেশ চা শ্রমিক কল্যাণ তহবিল আইন, ২০১৬, ধারা ২] সংজ্ঞা — বিষয় বা প্রসঙ্গের পরিপন্থী কোন কিছু না থাকিলে, এই আইনে,(১) ‘‘চেয়ারম্যান’’ অর্থ বোর্ডের চেয়ারম্যান;(২) ‘‘তহব
3. <other_863_s7> [বাংলাদেশ শিল্পী কল্যাণ ট্রাস্ট আইন, ২০০১, ধারা ৭] ট্রাস্টের কার্যাবলী — ট্রাস্টের কার্যাবলী হইবে নিম্নরূপ, যথা:-(ক) সাধারণভাবে অসচ্ছল শিল্পীদের কল্যাণ সাধন;(খ) শিল্পীদের কল্যাণার্থে 
4. <land_1449_s2_p0> [ভূমি উন্নয়ন কর আইন, ২০২৩, ধারা ২] সংজ্ঞা — বিষয় বা প্রসঙ্গের পরিপন্থি কোনো কিছু না থাকিলে, এই আইনে,-(১) ‘অকৃষি ভূমি’ অর্থNon-Agricultural Tenancy Act, 1
5. <other_1266_s2_p3> [বাংলাদেশ মুক্তিযোদ্ধা কল্যাণ ট্রাস্ট আইন, ২০, ধারা ২] সংজ্ঞা — বা স্বামী এবং পিতা-মাতার অবর্তমানে খেতাবপ্রাপ্ত বীর মুক্তিযোদ্ধার সন্তান; বা(উ) (অ)-(ঈ) পর্যন্ত বর্ণিত ব্যক্তি
6. <other_1246_s213_p1> [ক্যান্টনমেন্ট আইন, ২০১৮, ধারা ২১৩] সামরিক আবাসিক প্রকল্প — উত্তরাধিকারীকে বরাদ্দপ্রাপ্ত প্লট বা ফ্ল্যাট হস্তান্তর করা হইলে কিংবা মূল গ্রহীতার মৃত্যুর কারণে বরাদ্দপ্রাপ্ত
7. <other_1347_s10> [সামুদ্রিক মৎস্য (Marine Fisheries) আইন, ২০২০, ধারা ১০] লাইসেন্স হস্তান্তর নিষিদ্ধ, ইত্যাদি — লাইসেন্স হস্তান্তরযোগ্য বা বিক্রয়যোগ্য হইবে না :তবে শর্ত থাকে যে, ব্যক্তিমালিকানার ক্ষেত্রে লাইসেন্স গ্রহীতার
8. <land_1455_s2_p0> [ভূমি সংস্কার আইন, ২০২৩, ধারা ২] সংজ্ঞা — বিষয় বা প্রসঙ্গের পরিপন্থি কোনো কিছু না থাকিলে, এই আইনে,-(১) ‘আপিল কর্তৃপক্ষ' অর্থ এই আইনের উদ্দেশ্য পূরণকল্প
9. <labour_1285_s101> [বাংলাদেশ ইপিজেড শ্রম আইন, ২০১৯, ধারা ১০১] শিল্প ইউনিটের মালিকানা নির্ধারণ — একইজোনে২ (দুই) বা ততোধিক শিল্প ইউনিট একই মালিকের অধীন কিনাঅথবা একই শিল্প পরিচালনার উদ্দেশ্যে উহারা পরস্পর সংশ্
10. <constitutional_957_s13> [গণপ্রজাতন্ত্রী বাংলাদেশের সংবিধান, অনুচ্ছেদ ১৩] মালিকানার নীতি — উৎপাদনযন্ত্র, উৎপাদনব্যবস্থা ও বন্টনপ্রণালীসমূহের মালিক বা নিয়ন্ত্রক হইবেন জনগণ এবং এই উদ্দেশ্যে মালিকানা-ব্য",other_751_s103,own_search,answered,2,
prot_0073_04,Sarwad,VERIFY,"আমি স্নাতক (সম্মান) চতুর্থ বষের শিক্ষার্থী। আমরা তিন ভাই। আমার দুটি নাম। একটি ডাক নাম, অন্যটি সার্টিফিকেট বা জাতীয় পরিচয়পত্রের নাম। আমার বাবা যে জমি কিনেছেন, সেগুলো আমাদের তিন ভাইয়ের নামে রেজিস্ট্রেশন করেছেন এবং তাতে আমার দুটি নামই ব্যবহার করা হয়েছে। অর্থাৎ কোনো জমি রেজিস্ট্রেশনে ডাকনাম; আবার কোনোটিতে সার্টিফিকেটের নাম ব্যবহার করা হয়েছে। এতে কি আমার কোনো সমস্যা হবে? যদি নাম সংশোধন করতে হয়, তা কি আমার লেখাপড়া শেষে করা যাবে? নাকি এখনই করতে হবে?","1. <money_recovery_876_s9> [সমবায় সমিতি আইন, ২০০১, ধারা ৯] (১) এই আইনের অধীন সমবায় সমিতি হিসাবে নিবন্ধিত না হইলে কোন ব্যক্তি, ব্যক্তিসংঘ, সংগঠন বা সমিতি উহার নামের অংশ 
2. <other_1287_s20> [উদ্ভিদের জাত সংরক্ষণ আইন, ২০১৯, ধারা ২০] সংরক্ষিত জাতের নামকরণ, ইত্যাদি — (১) প্রতিটি সংরক্ষিত জাত একটি গোষ্ঠীগত নাম দ্বারা চিহ্নিত হইবে।(২) সংরক্ষিত জাত কোনো নামে নিবন্ধিত হইলে উহা স্
3. <other_758_s10> [রাষ্ট্রপতি নির্বাচন আইন, ১৯৯১, ধারা ১০] ভোটগ্রহণ — (১) রাষ্ট্রপতি সংসদ-সদস্যগণের প্রকাশ্য ভোটে নির্বাচিত হইবেন।(২) এই আইনের অধীনে কোন নির্বাচনে প্রত্যেক সংসদ-সদস
4. <other_1045_s28> [চার্টার্ড সেক্রেটারীজ আইন, ২০১০, ধারা ২৮] ইনস্টিটিউটের নাম ব্যবহার ও চার্টার্ড সেক্রেটারী ডিগ্রী প্রদানের দন্ড — (১) এই আইনে ভিন্নতর কিছু না থাকিলে, কোন ব্যক্তি বা প্রতিষ্ঠান-(ক) এমন কোন নাম বা সীলমোহর ব্যবহার করিবেন না যাহ
5. <other_1283_s19> [কস্ট এন্ড ম্যানেজমেন্ট অ্যাকাউন্ট্যান্টস আইন, ধারা ১৯] সদস্য-রেজিস্টার হইতে নাম অপসারণ — (১) কাউন্সিল নিম্নবর্ণিত কারণে কোনো সদস্যের নাম সদস্য-রেজিস্টার হইতে অপসারণ করিতে পারিবে, যথা:-যদি তিনি-(ক) মৃ
6. <other_1045_s14> [চার্টার্ড সেক্রেটারীজ আইন, ২০১০, ধারা ১৪] সদস্যপদ — (১) সদস্যপদ নিম্নরূপ দুই শ্রেণীতে বিভক্ত থাকিবে, যথা :-(ক) ফেলো; এবং(খ) এসোসিয়েট।(২) বিলুপ্ত ইনস্টিটিউটের ফেল
7. <other_1045_s18> [চার্টার্ড সেক্রেটারীজ আইন, ২০১০, ধারা ১৮] রেজিস্টার — (১) সচিব, নিম্নবর্ণিত তথ্যাদি উল্লেখপূর্বক, নির্ধারিত পদ্ধতিতে, সদস্যগণের নাম রেজিস্টারে অন্তর্ভুক্ত ও সংরক্ষণ
8. <money_recovery_876_s28> [সমবায় সমিতি আইন, ২০০১, ধারা ২৮] নাম পরিবর্তন ও উহার প্রভাব — কোন সমবায় সমিতির নাম পরিবর্তন উক্ত সমিতি বা কোন সদস্য বা সাবেক সদস্য বা মৃত সদস্যের কোন অধিকার বা দায় কে প্র
9. <other_945_s22> [বাংলাদেশ এ্যাক্রেডিটেশন আইন, ২০০৬, ধারা ২২] কতিপয় নির্দিষ্ট নাম, ইত্যাদি ব্যবহার নিষিদ্ধকরণ — (১) উপ-ধারা (২) এ বর্ণিত শর্ত সাপেক্ষে কোন ব্যক্তি এই আইনের অধীন বোর্ডের জন্য প্রদত্ত কোন নাম বা উহার এক্রোনিম
10. <other_1005_s15> [ভোটার তালিকা আইন, ২০০৯, ধারা ১৫] কমিশনের ভোটার তালিকায় কোন নাম অন্তর্ভুক্তকরণ বা উহা বিলোপন, ইত্যাদি ক্ষমতা — কমিশন যে কোন সময় -(ক) কোন ভোটার তালিকায় উহাতে অন্তর্ভুক্ত হইবার অধিকারী কোন ব্যক্তির নাম অন্তর্ভুক্ত করিতে ;",other_36_s31,own_search,answered,2,
prot_0130_01,Sarwad,VERIFY,"আমি একজন চাকরিজীবী, সনাতন ধর্মের অনুসারী। আমি একটি মেয়েকে ভালোবাসি। আমরা দুজন প্রাপ্তবয়স্ক এবং বিবাহবন্ধনে আবদ্ধ হতে ইচ্ছুক। আমরা কি কোর্ট ম্যারেজের মাধ্যমে আইন অনুযায়ী বিবাহবন্ধনে আবদ্ধ হতে পারব? কোর্ট ম্যারেজের মাধ্যমে বিয়ের বৈধতা কতটুকু? আর অন্য কোনো প্রক্রিয়ায় আমরা বিয়ে করতে পারি? জানালে কৃতজ্ঞ হব","1. <women_children_1207_s12> [বাল্যবিবাহ নিরোধ আইন, ২০১৭, ধারা ১২] বয়স প্রমাণের দলিল — বিবাহ বন্ধনে আবদ্ধ বা আবদ্ধ হইতে ইচ্ছুক নারী বা পুরুষের বয়স প্রমাণের জন্য জন্ম নিবন্ধন সনদ, জাতীয় পরিচয় পত্
2. <other_1348_s39> [মৎস্য ও মৎস্যপণ্য (পরিদর্শন ও মান নিয়ন্ত্রণ), ধারা ৩৯] মোবাইল কোর্ট আইন, ২০০৯ এর প্রয়োগ — এই আইন বা আপাতত বলবৎ অন্য কোনো আইনে যাহা কিছু থাকুক না কেন, এই আইনের অধীন সংঘটিত অপরাধের ক্ষেত্রে,মোবাইল কোর্ট
3. <other_1293_s44> [বাংলাদেশ ভেটেরিনারি কাউন্সিল আইন, ২০১৯, ধারা ৪৪] মোবাইল কোর্ট আইন, ২০০৯ এর প্রয়োগ — আপাতত বলবৎ অন্য কোনো আইনে যাহাকিছুই থাকুক না কেন, এই আইনের অধীন সংঘটিত অপরাধের ক্ষেত্রে,মোবাইল কোর্ট আইন, ২০০৯
4. <other_1284_s31> [বাংলাদেশ রিহ্যাবিলিটেশন কাউন্সিল আইন, ২০১৮, ধারা ৩১] মোবাইল কোর্ট আইন, ২০০৯ এর প্রয়োগ — আপাতত বলবৎ অন্য কোনো আইনে যাহা কিছুই থাকুক না কেন, এই আইনের অধীন সংঘটিত অপরাধের ক্ষেত্রে,মোবাইল কোর্ট আইন, ২০০
5. <women_children_1207_s17> [বাল্যবিবাহ নিরোধ আইন, ২০১৭, ধারা ১৭] মোবাইল কোর্ট আইন, ২০০৯ এর প্রয়োগ — আপাতত বলবৎ অন্য কোন আইনে যাহা কিছুই থাকুক না কেন, এই আইনের অধীন সংঘটিত অপরাধের ক্ষেত্রে,মোবাইল কোর্ট আইন, ২০০৯
6. <other_1347_s59> [সামুদ্রিক মৎস্য (Marine Fisheries) আইন, ২০২০, ধারা ৫৯] মোবাইল কোর্ট আইন, ২০০৯ এর প্রয়োগ — আপাতত বলবৎ অন্য কোনো আইনে যাহা কিছুই থাকুক না কেন, এই আইনের অধীন দণ্ডনীয় অপরাধের ক্ষেত্রে,মোবাইল কোর্ট আইন, ২
7. <consumer_1447_s63> [ঔষধ ও কসমেটিকস্ আইন, ২০২৩, ধারা ৬৩] মোবাইল কোর্ট আইন, ২০০৯ এর প্রয়োগ — আপাতত বলবৎ অন্য কোনো আইনে যাহা কিছুই থাকুক না কেন, এই আইনের অধীন সংঘটিত অপরাধের ক্ষেত্রে,মোবাইল কোর্ট আইন, ২০০
8. <other_1465_s24> [চিড়িয়াখানা আইন, ২০২৩, ধারা ২৪] মোবাইল কোর্ট কর্তৃক বিচার্য — আপাতত বলবৎ অন্য কোনো আইনে যাহা কিছুই থাকুক না কেন, ধারা ২১ এর অধীন সংঘটিত অপরাধমোবাইল কোর্ট আইন, ২০০৯(২০০৯ সনে
9. <consumer_1270_s59> [ওজন ও পরিমাপ মানদণ্ড আইন, ২০১৮, ধারা ৫৯] মোবাইল কোর্ট আইন, ২০০৯ এর প্রয়োগ — আপাতত বলবৎ অন্য কোনো আইনে যাহা কিছুই থাকুক না কেন, এই আইনের অধীন সংঘটিত অপরাধের ক্ষেত্রে,মোবাইল কোর্ট আইন, ২০০
10. <other_1228_s51> [বিদ্যুৎ আইন, ২০১৮, ধারা ৫১] মোবাইল কোর্ট আইন, ২০০৯ এর প্রয়োগ — আপাতত বলবৎ অন্য কোন আইনে যাহা কিছুই থাকুক না কেন,মোবাইল কোর্ট আইন, ২০০৯(২০০৯ সনের ৫৯ নং আইন) এর উদ্দেশ্য পূরণক","other_25_s2, other_25_s11",own_search,answered,3,
prot_0065_01,Sarwad,VERIFY,"১৯৯৮ সালে যখন আমি মাধ্যমিক পর্যায়ের ছাত্রী ছিলাম, তখন একটি ছেলে আমার মা-বাবাকে বুঝিয়ে আমাকে বিয়ে করে। পরে দেখি সে দুশ্চরিত্রের লোক। এক বছরের মধ্যেই আমাদের তালাক হয়ে যায়। আমি পড়াশোনা চালিয়ে যাই এবং স্নাতকোত্তর ডিগ্রি অর্জন করি। স্নাতক পরীক্ষা দেওয়ার পর পরিবারিকভাবে অন্য একটি ছেলের সঙ্গে আমার আবার বিয়ে হয়। কিন্তু প্রথম স্বামী এসে দ্বিতীয় স্বামীকে অনেক মন্ত্রণা দিতে থাকে। দ্বিতীয় স্বামীর কিন্তু শারীরিক সমস্যাও ছিল। এ জন্য সেও আমাকে আর বিশ্বাস করতে পারেনি, আবারও তালাক হয়ে যায়।আমি এখন ঢাকায় চাকরি করি। আমার মনে হয়, আমি আবারও বিয়ে করলে প্রথম স্বামী দ্বিতীয় স্বামীকে নিয়ে সেটা ভেঙে দেওয়ার চেষ্টা করবে। প্রথম স্বামীর বিরুদ্ধে আজ পর্যন্ত কোনো ধরনের আইনি ব্যবস্থা নিইনি। দেনমোহরের ৬০ হাজার টাকাও নিইনি।এখন আমার প্রশ্ন, প্রথম স্বামীর বিরুদ্ধে আমি কী ব্যবস্থা নিতে পারি এবং দেনমোহরের এই ৬০ হাজার টাকা উদ্ধার করা কি সম্ভব? বিয়ে এবং তালাক সবই কাজি অফিসে লিখিত দলিলের মাধ্যমে হয়, যেখানে আমার সই ছিল।নাম প্রকাশে অনিচ্ছুকযশোর","1. <other_1266_s2_p2> [বাংলাদেশ মুক্তিযোদ্ধা কল্যাণ ট্রাস্ট আইন, ২০, ধারা ২] সংজ্ঞা — জামায়াতে ইসলামী এবং তাহাদের সহযোগী রাজাকার, আলবদর, আলশামস বাহিনীর বিরুদ্ধে গণপ্রজাতন্ত্রী বাংলাদেশের স্বাধীনত
2. <women_children_835_s11> [নারী ও শিশু নির্যাতন দমন আইন, ২০০০, ধারা ১১] যৌতুকের জন্য মৃত্যু ঘটানো, ইত্যাদির শাস্তি — যদি কোন নারীর স্বামী অথবা স্বামীর পিতা, মাতা, অভিভাবক, আত্মীয় বা স্বামীর পক্ষে অন্য কোন ব্যক্তি যৌতুকের জন্য 
3. <other_1485_s9> [বাংলাদেশ পুলিশ কল্যাণ তহবিল আইন, ২০২৩, ধারা ৯] মৃত্যু এবং অক্ষমতাজনিত কারণে এককালীন এবং মাসিক কল্যাণ অনুদান — (১) কোনো কর্মচারী বা তাহার মৃত্যু হইলে তাহার স্ত্রী বা, ক্ষেত্রমত, স্বামী, বিধি দ্বারা নির্ধারিত পদ্ধতিতে, নিম
4. <other_1037_s128> [বীমা আইন, ২০১০, ধারা ১২৮] দ্বিতীয় জরিপ৷ — (১) কর্তৃপক্ষের নিকট যদি এইরূপ বিশ্বাস করিবার কারণ থাকে, কোন বীমা জরিপকারী মিথ্যা প্রতিবেদন দাখিল করিয়াছে বা 
5. <criminal_procedure_1239_s76> [রংপুর মহানগরী পুলিশ আইন, ২০১৮, ধারা ৭৬] প্রকাশ্যে অশালীন ব্যবহারের দণ্ড — কোনো ব্যক্তি রাস্তায় বা সর্বসাধারণের ব্যবহার্য প্রকাশ্য স্থানে, অথবা রাস্তা বা অনুরূপ স্থান হইতে দেখা যায় এই
6. <criminal_procedure_1238_s76> [গাজীপুর মহানগরী পুলিশ আইন, ২০১৮, ধারা ৭৬] প্রকাশ্যে অশালীন ব্যবহারের দণ্ড — কোনো ব্যক্তি রাস্তায় বা সর্বসাধারণের ব্যবহার্য কোন প্রকাশ্য স্থানে, অথবা রাস্তা বা অনুরূপ স্থান হইতে দেখা যায
7. <other_788_s231> [কোম্পানী আইন, ১৯৯৪, ধারা ২৩১] প্রাইভেট কোম্পানীকে পাবলিক কোম্পানীতে রূপান্তর — (১) সদস্য-সংখ্যা সাতের নীচে নহে এইরূপ কোন প্রাইভেট কোম্পানী যদি উহার সংঘবিধি, এমনভাবে পরিবর্তন করে যে, প্রাইভে
8. <road_transport_1262_s92> [সড়ক পরিবহণ আইন, ২০১৮, ধারা ৯২] মোটরযান চলাচলের সাধারণ নির্দেশাবলী সংক্রান্ত ধারা ৪৯ এর বিধান লঙ্ঘনের দণ্ড — (১) যদি কোনো ব্যক্তি ধারা ৪৯ এর উপ-ধারা (১) এ উল্লিখিত সাধারণ নির্দেশাবলির প্রথম অংশের কোনো বিধান লঙ্ঘন করেন, 
9. <other_1065_s12> [বাংলাদেশ মেডিকেল ও ডেন্টাল কাউন্সিল আইন, ২০১, ধারা ১২] মেডিকেল প্রতিষ্ঠানের মেডিকেল চিকিৎসা-শিক্ষা যোগ্যতার স্বীকৃতি — (১)বাংলাদেশে অবস্থিত বা বাংলাদেশের বাহিরে অবস্থিত কোন মেডিকেল প্রতিষ্ঠান কর্তৃক প্রদত্ত মেডিকেল চিকিৎসা-শিক্ষা
10. <family_938_s6ক> [গ্রাম আদালত আইন, ২০০৬, ধারা ৬ক] Limitation Act, 1908(Act No IX of 1908) এ যাহা কিছুই থাকুক না কেন, তফসিলের-(ক) প্রথম অংশে বর্ণিত ফৌজদারী মামলা","family_1444_s5, family_305_s7",own_search,answered,2,
prot_0128_01,Sarwad,VERIFY,আমার চেয়ে প্রায় সাত বছর বড় একটি ছেলের সঙ্গে আমার প্রেমের সম্পর্ক ছিল। প্রায় দুই বছর এ সম্পর্ক স্থায়ী ছিল। আমাদের সম্পর্কের কথা কেউ জানত না। ছেলেটি প্রায় সময় আমাকে বিয়ে করার আশ্বাস দিত। একদিন এক কাজিকে ডেকে এনে আমাদের বিয়ে পড়ানো হয়। এর পর থেকে আমরা প্রায়ই দাম্পত্য সম্পর্কে জড়িত হই। কয়েক মাস যেতে না যেতেই সে বদলে যেতে থাকে। আমার পরিবারের মধ্যে জানাজানি হয় বিষয়টি। পরিবার থেকে চাপ দিলে আমি তাকে কাবিননামা আনতে বলি। কিন্তু সে কাবিননামা দেখাচ্ছে না। আমার যে বাসায় কাজি এসেছিল ওই এলাকার কাজি অফিসে খোঁজ নিয়ে জানি যে এ নামে কোনো কাবিননামা হয়নি। ছেলেটি এখন নিরুদ্দেশ। কোনো ঠিকানা পাচ্ছি না। আমি খুব কষ্টে দিন পার করছি। আমি তার বিরুদ্ধে আইনি ব্যবস্থা কীভাবে নেব? নাম ঠিকানা প্রকাশে অনিচ্ছুক,"1. <other_1246_s204> [ক্যান্টনমেন্ট আইন, ২০১৮, ধারা ২০৪] মামলার নোটিশ প্রদান — (১) কোনো ব্যক্তি বোর্ডের কোনো আদেশ দ্বারা সংক্ষুব্ধ হইয়া কোনো দেওয়ানি মামলা দায়ের করিতে চাহিলে, তিনি তামাদি
2. <consumer_1010_s10_p0> [ট্রেডমার্ক আইন, ২০০৯, ধারা ১০] সাদৃশ্যপূর্ণ বা প্রতারণামূলকভাবে সাদৃশ্যপূর্ণ ট্রেডমার্ক নিবন্ধনে বাধা-নিষেধ — (১) উপ-ধারা (২) এর বিধান সাপেক্ষে, ভিন্ন কোন স্বত্বাধিকারীর নামে কোন পণ্য বা সেবা অথবা, পণ্য বা সেবার বর্ণনা ন
3. <other_1715_s11> [বন্যপ্রাণী (সংরক্ষণ ও নিরাপত্তা) আইন, ২০২৬, ধারা ১১] বিপদাপন্ন (Threatened), প্রায়-বিপদাপন্ন (Near Threatened), ন্যূনতম বিপদাপন্ন (Least Concern) প্রজাতি নির্ধারণ — বৈজ্ঞানিক উপাত্ত এবং আন্তর্জাতিকভাবে গ্রহণযোগ্য বিধান বা প্রথা অনুসরণপূর্বক, প্রধান বন্যপ্রাণী ওয়ার্ডেন, বৈজ্
4. <local_government_1027_s104> [স্থানীয় সরকার (ইউনিয়ন পরিষদ) আইন, ২০০৯, ধারা ১০৪] পরিষদের বিরুদ্ধে মোকদ্দমা দায়ের — সরকারিভাবে দায়িত্ব পালনকালে কোন পরিষদ কিংবা কোন সদস্য, কর্মকর্তা বা কর্মচারী দ্বারা কৃত কোন কাজ, বা কাজ করা হ
5. <labour_952_s117> [বাংলাদেশ শ্রম আইন, ২০০৬, ধারা ১১৭] মজুরীসহ বাৎসরিক ছুটি — (১) কোন প্রতিষ্ঠানে অবিচ্ছিন্নভাবে এক বৎসর চাকুরী পূর্ণ করিয়াছেন এমন প্রত্যেক প্রাপ্ত বয়স্ক শ্রমিককে পরবর্তী
6. <labour_952_s325> [বাংলাদেশ শ্রম আইন, ২০০৬, ধারা ৩২৫] কাজ শুরু করিবার পূর্বে প্রধান পরিদর্শককে নোটিশ প্রদান — (১) কোন মালিক তাহার প্রতিষ্ঠানে কাজ বা ব্যবসা-বাণিজ্য শুরু করিবার অন্যুন পনর দিন পূর্বে প্রধান পরিদর্শকের নিকট
7. <other_1696_s63> [রাজধানী উন্নয়ন কর্তৃপক্ষ আইন, ২০২৬, ধারা ৬৩] কর্তৃপক্ষের বিরুদ্ধে মামলার নোটিশ, ইত্যাদি — (১) এই আইন বা তদ্ধীন প্রণীত বিধি বা প্রবিধানের অধীন কর্তৃপক্ষ, চেয়ারম্যান, সদস্য বা কর্মচারীর বিরুদ্ধে কোনো ম
8. <labour_952_s16> [বাংলাদেশ শ্রম আইন, ২০০৬, ধারা ১৬] লে-অফকৃত শ্রমিকগণের ক্ষতিপূরণের অধিকার — (১) যে ক্ষেত্রে বদলী বা সাময়িক শ্রমিক নহেন এরূপ কোন শ্রমিককে, যাহার নাম কোন প্রতিষ্ঠানের মাস্টার রোলে অন্তর্ভ
9. <other_788_s115> [কোম্পানী আইন, ১৯৯৪, ধারা ১১৫] পরিচালক, ম্যানেজার ও ম্যানেজিং এজেন্ট সম্পর্কিত বহি — (১) প্রত্যেক কোম্পানী উহার নিবন্ধিকৃত কার্যালয়ে উহার পরিচালক, ম্যানেজার এবং ম্যানেজিং এজেন্টগণের প্রত্যেকের ন
10. <other_775_s26> [বাংলাদেশ সিকিউরিটিজ অ্যান্ড এক্সচেঞ্জ কমিশন , ধারা ২৬] জটিলতার নিরসনের ক্ষমতা — (১) এই আইনের বিধানাবলী কার্যকর করার ক্ষেত্রে কোন অসুবিধা দেখা দিলে সরকার উক্ত অসুবিধা দূরীকরণার্থে, আদেশ দ্বার","family_476_s3, family_180_s2_p0",own_search,answered,2,
prot_0086_04,Sarwad,VERIFY,"মাসখানেক পর আমার দ্বিতীয় বিয়ে হবে। প্রথম ঘরের আমার দুই মেয়ে আছে। বড় মেয়ের বয়স নয় বছর। মাদ্রাসায় লেখাপড়া করে এবং দ্বিতীয় মেয়ের বয়স দেড় বছর। আমার আগের স্বামী সম্পর্কে আমার ফুফাতো ভাই ছিল। আমি শ্বশুরবাড়ির মানুষের কাছে লাঞ্ছিত ও হেয়প্রতিপন্ন হতাম। ছোটখাটো বিষয় নিয়ে আমাকে মানসিক নির্যাতন করত। ছোট মেয়ের বয়স ছয় মাস পূর্ণ হওয়ার পর পরিবারের সঙ্গে ঝগড়া হয়। এরপর থেকে আমার সঙ্গে আমার আগের স্বামী যোগাযোগ রাখেনি। মেয়েদের জন্য মানুষের মাধ্যমে খাবার পাঠাত। আমি আর ওই পরিবারে ফিরে যেতে চাই না এবং দ্বিতীয় বিয়ে করতে চাইছি। আমার দ্বিতীয় বিয়ে যার সঙ্গে হবে, সে দুই মেয়ের ভরণপোষণ দিতে চায়। আমার প্রথম স্বামীর পরিবারে আমার দুই মেয়েকে দেখাশোনা করার মতো কেউ নেই। মেয়েদের বাবা মেয়েদের খুবই ভালোবাসে। কিন্তু ভরণপোষণ দিতে পারবে না, দেখাশোনাও করতে পারবে না। আমার দুই মেয়েকে আমার কাছে রাখতে চায়। কীভাবে আমার দুই মেয়েকে আমার কাছে রাখতে পারব?","1. <labour_952_s308> [বাংলাদেশ শ্রম আইন, ২০০৬, ধারা ৩০৮] পূর্ব দণ্ডাজ্ঞার পর বর্ধিত দণ্ড — এই আইন বা কোন বিধি, প্রবিধান বা স্কীমের অধীন কোন অপরাধের জন্য দণ্ডাজ্ঞা প্রাপ্ত কোন ব্যক্তি পুনরায় উক্তরূপ কো
2. <other_1124_s7> [মাতৃদুগ্ধ বিকল্প, শিশু খাদ্য, বাণিজ্যিকভাবে , ধারা ৭] শিক্ষামূলক বা অন্যান্য তথ্যাদি — জন্ম-পূর্ববর্তী বা জন্ম-পরবর্তী সেবা দানের উদ্দেশ্যে কোন গর্ভবতী মহিলা বা মাতৃদুগ্ধদানকারী বা শিশুর মায়েদের স
3. <other_1136_s35> [ভৌগোলিক নির্দেশক পণ্য (নিবন্ধন ও সুরক্ষা) আই, ধারা ৩৫] দ্বিতীয় বা পরবর্তী অপরাধের ক্ষেত্রে দণ্ড — যদি কোন ব্যক্তি এই আইনের অধীন একই অপরাধ দ্বিতীয় বা পরবর্তীতে সংঘটন করেন, তাহা হইলে তিনি অনূর্ধ্ব ৫ (পাঁচ) বৎস
4. <other_841_s27> [জেলা পরিষদ আইন, ২০০০, ধারা ২৭] পরিষদের কার্যাবলী — (১) পরিষদের কার্যাবলী দুই প্রকারের হইবে, আবশ্যিক ও ঐচ্ছিক।(২) প্রথম তফসিলের প্রথম অংশে উল্লেখিত কার্যাবলী পরিষ
5. <other_842_s4> [ক্যাডার বহির্ভূত প্রথম ও দ্বিতীয় শ্রেণীর গেজ, ধারা ৪] নিয়োগ পদ্ধতি — (১) তফসিলে বর্ণিত বিধান সাপেক্ষে, কোন পদে নিম্্নলিখিত পদ্ধতিতে নিয়োগ করা যাইবে, যথা:-(ক) সরাসরি নিয়োগের মাধ্
6. <labour_952_s2_p5> [বাংলাদেশ শ্রম আইন, ২০০৬, ধারা ২] সংজ্ঞাসমূহ — ব্যবহার করা হয় বা ব্যবহারযোগ্য, এবং কোন টাগ বা ফ্লাট এবং বার্জও ইহার অর্ন্তভুক্ত হইবে;(২৮) ""প্রশাসনিক শ্রমিক""
7. <local_government_1024_s38_p1> [স্থানীয় সরকার (পৌরসভা) আইন, ২০০৯, ধারা ৩৮] অনাস্থা প্রস্তাব — উদ্দেশ্যে আহুত সভাটি নিয়ন্ত্রণ বর্হিভূত কোন কারণ ব্যতীত স্থগিত করা যাইবে না এবং মোট নির্বাচিত সদস্য সংখ্যার অ
8. <other_1037_s68> [বীমা আইন, ২০১০, ধারা ৬৮] দুই বৎসর উত্তর পলিসি অসত্য তথ্য প্রদানের কারণে প্রশ্নসাপেক্ষ না করা৷ — এই আইন প্রবর্তিত হইবার পূর্বে বলবৎ কোন লাইফ ইন্স্যুরেন্স পলিসি এই আইন প্রবর্তিত হইবার তারিখ হইতে ২ (দুই) বৎসর 
9. <other_788_s231> [কোম্পানী আইন, ১৯৯৪, ধারা ২৩১] প্রাইভেট কোম্পানীকে পাবলিক কোম্পানীতে রূপান্তর — (১) সদস্য-সংখ্যা সাতের নীচে নহে এইরূপ কোন প্রাইভেট কোম্পানী যদি উহার সংঘবিধি, এমনভাবে পরিবর্তন করে যে, প্রাইভে
10. <other_916_s9> [বিরোধ মীমাংসা (পৌর এলাকা) বোর্ড আইন, ২০০৪, ধারা ৯] বোর্ড কর্তৃক প্রদেয় প্রতিকার — (১) তফসিলের প্রথম অংশে উল্লিখিত অপরাধসমূহের ব্যাপারে বোর্ড কোন কারাদণ্ড বা অর্থদণ্ড আরোপ করিতে পারিবে না, শুধু","family_64_s17, family_1444_s5",own_search,answered,2,
prot_0063_02,Sarwad,VERIFY,"আমি আমার বাবা-মায়ের একমাত্র কন্যাসন্তান। আমার মায়েরা তিন বোন ও দুই ভাই। অন্য দুই খালা আমার নানার সম্পত্তির অংশ বুঝে নিয়েছেন। উল্লেখ্য, দুই খালা প্রত্যেকে সাড়ে চার বিঘা করে জমি পেয়েছেন। কিন্তু আমার মা জীবিত থাকা অবস্থায় তাঁর সম্পত্তি নেননি। আমার বড় মামা মায়ের আগে মারা গেছেন এবং ছোট মামা মায়ের মৃত্যুর পর মারা গেছেন। প্রশ্ন হলো, নানার সম্পত্তির অংশ কীভাবে, কতটুকু পাব? নাম-ঠিকানা পাওয়া যায়নি","1. <other_893_s7> [শিশু-মাতৃ স্বাস্থ্য ইনস্‌টিটিউট আইন, ২০০২, ধারা ৭] ইনস্‌টিটিউটের দায়িত্ব ও কার্যাবলী — ইনস্টিটিউটের দায়িত্ব ও কার্যাবলী হইবে নিম্নরূপ, যথা:-(১) শিশু ও মায়ের স্বাস্থ্য ও পুষ্টি বিষয়ে শিক্ষা, প্রশ
2. <other_1682_s2_p0> [মানবদেহে অঙ্গ-প্রত্যঙ্গ সংযোজন আইন, ২০২৬, ধারা ২] সংজ্ঞা — বিষয় বা প্রসঙ্গের পরিপন্থি কোনো কিছু না থাকিলে, এই আইনে- (১) “অঙ্গ-প্রত্যঙ্গ” অর্থ মানবদেহের কিডনি, হৃৎপিণ্ড,
3. <land_1455_s10> [ভূমি সংস্কার আইন, ২০২৩, ধারা ১০] বর্গাদারের মৃত্যুর পর বর্গাভূমির চাষ — (১) কোনো বর্গাদার বর্গাচুক্তির মেয়াদ শেষ হইবার পূর্বে মারা গেলে, উহার মেয়াদ শেষ না হওয়া পর্যন্ত অথবা এই আইন
4. <other_1088_s14> [মানিলন্ডারিং প্রতিরোধ আইন, ২০১২, ধারা ১৪] সম্পত্তির অবরুদ্ধকরণ (Freezing) বা ক্রোক (Attachment) আদেশ — 14[(১) তদন্তকারী সংস্থার লিখিত আবেদনের ভিত্তিতে আদালত বাংলাদেশে বা বাংলাদেশের বাহিরে অবস্থিত মানিলন্ডারিং অপরা
5. <other_1490_s22_p0> [অর্থ আইন, ২০২৪, ধারা ২২] ২০২৩ সনের ১২ নং আইনের অংশ ৫ এর তৃতীয় অধ্যায় এর প্রতিস্থাপন — উক্ত আইনের অংশ ৫ এর তৃতীয় অধ্যায় এর পরিবর্তে নিম্নরূপ তৃতীয় অধ্যায় প্রতিস্থাপিত হইবে, যথা:—“তৃতীয় অধ্যায়
6. <money_recovery_1468_s21> [সুরক্ষিত লেনদেন (অস্থাবর সম্পত্তি) আইন, ২০২৩, ধারা ২১] সুরক্ষিত পক্ষের দায়-দায়িত্ব — (১) দেনাদার তাহার দখলে থাকা অস্থাবর সম্পত্তি সুরক্ষিত পক্ষের অনুমতি গ্রহণ ব্যতীত বিক্রয় বা অন্য কোনোভাবে হস্ত
7. <other_1124_s7> [মাতৃদুগ্ধ বিকল্প, শিশু খাদ্য, বাণিজ্যিকভাবে , ধারা ৭] শিক্ষামূলক বা অন্যান্য তথ্যাদি — জন্ম-পূর্ববর্তী বা জন্ম-পরবর্তী সেবা দানের উদ্দেশ্যে কোন গর্ভবতী মহিলা বা মাতৃদুগ্ধদানকারী বা শিশুর মায়েদের স
8. <other_1246_s99_p3> [ক্যান্টনমেন্ট আইন, ২০১৮, ধারা ৯৯] উপদ্রব সৃষ্টির শাস্তি — জন্তু অবাধে ছাড়িয়া দেন বা অবহেলাক্রমে এইরূপ করিতে দেন;তাহা হইলে তিনি অন্যূন ৩ (তিন) হাজার এবং অনধিক ২৫ (পঁচি
9. <criminal_procedure_765_s23> [রাজশাহী মহানগরী পুলিশ আইন, ১৯৯২, ধারা ২৩] বেওয়ারিশ সম্পত্তির দায়িত্ব গ্রহণ ও বিলিবন্টন — (১) নিম্নবর্ণিত জিনিসের সাময়িকভাবে দায়িত্ব গ্রহণ করা পুলিশ কর্মকর্তার কর্তব্য হইবে, যথা:-(ক) তাঁহার নজরে আসি
10. <consumer_1010_s92> [ট্রেডমার্ক আইন, ২০০৯, ধারা ৯২] মামলার কোন পক্ষের মৃত্যু — যদি এই আইনের অধীন কোন কার্যধারা বিচারাধীন থাকা অবস্থায় কোন পক্ষ মারা যান, তাহা হইলে নিবন্ধক সংশ্লিষ্ট কোন পক্","family_305_s4, other_173_s2",own_search,answered,2,
prot_0076_03,Sarwad,VERIFY,"আমি বর্তমানে একটা চার্টার্ড অ্যাকাউনট্যান্সি (সিএ) প্রতিষ্ঠানে শিক্ষানবিশ হিসেবে কাজ করছি। আমরা দুই ভাই ও পাঁচ বোন। আমার বাবা মারা যাওয়ার আগে তাঁর ভাতিজা মানে আমার চাচাতো ভাইয়ের সঙ্গে সম্পত্তির এক জটিল হিসাব রেখে যান। চাচাতো ভাইয়ের সম্পত্তির দুই পাশে আমাদের সম্পত্তি ছিল। কিন্তু তিনি তাঁর সম্পত্তি বিক্রি করে দেন। ওই ক্রেতা দুই দিকে আমাদের সম্পত্তি থাকায়, তা কিনতে অসম্মতি জানান। আমার বাবা তাঁর ভাতিজাকে ছোটবেলা থেকে খুবই ভালোবাসতেন। তাই তিনি তাঁর ভাতিজাকে নিজের সম্পত্তি অর্থাৎ এক পাশের আড়াই শতাংশ তাঁকে লিখে দেন কিন্তু ভাতিজার কাছ থেকে আড়াই শতাংশ লিখে নেননি। কথা ছিল, সম্পত্তি এজবদল করা হবে। কিন্তু বাবার ভাতিজা আমাদের সম্পত্তি আড়াই শতাংশ বিক্রি করে দিয়েছেন। কিন্তু এজবদলের আড়াই শতাংশ এখনো তিনি দেননি। ওই আড়াই শতাংশ জমি বিক্রির বায়না বাবদ দাম ধরা ছিল ৫০ হাজার টাকা, কিন্তু বর্তমানে জমির মূল্য বেশি হওয়ায় তিনি জমি না দিয়ে বায়না টাকা ফেরত দিতে চান। বিভিন্ন সময় তিনি ভয়ভীতি প্রদর্শন করেন এবং বলেন, তিনি আমাদের সম্পত্তি নেননি। দখল করা জায়গায় তিনি ঘর নির্মাণ করে আছেন। এ ব্যাপারে আমরা আইনের কী সহায়তা পেতে পারি?","1. <other_1429_s133> [আয়কর আইন, ২০২৩, ধারা ১৩৩] প্রকাশ্য নিলামের বিক্রি হইতে কর সংগ্র — (১) কোনো ব্যক্তি কোনো নির্দিষ্ট মালিকের কোনো পণ্য বা সম্পত্তি সীলমোহরযুক্ত দরপত্রের মাধ্যমে প্রকাশ্য নিলামে বি
2. <other_831_s7_p2> [অর্থ আইন, ১৯৯৯, ধারা ৭] ১৯৯১ সনের ২২ নং আইন সংশোধন — কিছুই থাকুক না কেন, প্রতিষ্ঠিত নিবন্ধিত ব্যক্তির তেগত্রে, প্রতিষ্ঠিত নিবন্ধিত ব্যক্তি বিবেচিত হওয়ার বত্সরে এই
3. <other_838_s95> [অর্থ আইন, ২০০০, ধারা ৯৫] ১৯৯১ সনের ২২ নং আইনের ধারা ৩৭ এর সংশোধন — মূল্য সংযোজন কর আইন এর ধারা ৩৭ এর-(ক) উপ-ধারা (১) এ “অনধিক পঁচিশ হাজার” শব্দগুলির পরিবর্তে “অন্যুন পঁচিশ হাজার
4. <other_788_s398> [কোম্পানী আইন, ১৯৯৪, ধারা ৩৯৮] অন্যায়ভাবে সম্পত্তি আটক রাখার দণ্ড — কোম্পানীর কোন পরিচালক, ম্যানেজিং এজেন্ট, ম্যানেজার অথবা অন্য কোন কর্মকর্তা বা কর্মচারী যদি অবৈধভাবে কোম্পানীর 
5. <other_1429_s125> [আয়কর আইন, ২০২৩, ধারা ১২৫] সম্পত্তি হস্তান্তর, ইত্যাদি হইতে কর সংগ্রহ — 140[(১)Registration Act, 1908(Act No. XVI of 1908) এর section 17 এর sub-section (1) এর clauses (b), (c) বা (e)
6. <other_940_s37> [অর্থ আইন, ২০০৬, ধারা ৩৭] ১৯৯১ সনের ২২নং আইনের ধারা ৩৭ এর সংশোধন — মূল্য সংযোজন কর আইনের ধারা ৩৭ এর-(ক) উপ-ধারা (১) এর “অন্যুন দশ হাজার টাকা'‘ শব্দগুলির পরিবর্তে “অন্যূন পাঁচ হা
7. <other_1429_s111> [আয়কর আইন, ২০২৩, ধারা ১১১] সম্পত্তি অধিগ্রহণের ক্ষতিপূরণ হইতে উৎসে কর কর্তন — কোনো স্থাবর সম্পত্তি অধিগ্রহণের জন্য উহার মালিককে কোনো ক্ষতিপূরণ প্রদানের জন্য দায়িত্বপ্রাপ্ত ব্যক্তি, ক্ষতিপ
8. <other_1429_s267> [আয়কর আইন, ২০২৩, ধারা ২৬৭] বিধি দ্বারা নির্ধারিত পদ্ধতিতে হিসাব রক্ষণাবেক্ষণ না করিবার জরিমানা — (১) যেইক্ষেত্রে স্পর্শযোগ্য (tangible) সম্পত্তি ভাড়া হইতে আয় নাই এইরূপ কোনো ব্যক্তি, যুক্তিসঙ্গত কারণ ব্যতীত
9. <other_838_s96> [অর্থ আইন, ২০০০, ধারা ৯৬] ১৯৯১ সনের ২২ নং আইনের ধারা ৩৮ এর সংশোধন — মূল্য সংযোজন কর আইন এর ধারা ৩৮ এর উপ-ধারা (২) এর দফা (খ) এ উল্লিখিত “আড়াই গুণ” শব্দগুলির পরিবর্তে “অন্যুন সমপ
10. <other_1429_s55_p1> [আয়কর আইন, ২০২৩, ধারা ৫৫] কতিপয় ক্ষেত্রে বিয়োজন অনুমোদনযোগ্য না হওয়া — আর্থিক বিবরণীতে প্রদর্শিত ব্যবসায়িক টার্নওভারের ০.৫% (শূন্য দশমিক পাঁচ শতাংশ) এর অতিরিক্ত অঙ্ক:তবে শর্ত থাকে ","other_36_s27_p0, other_48_s118",own_search,answered,2,
ajke_0190_01,Sarwad,VERIFY,প্রশ্ন: আমাদের বিয়ে হয়েছে প্রায় ছয় বছর আগে। দুটি ছেলেসন্তান রয়েছে। ২০২০ সালে আমার স্বামী না জানিয়ে দ্বিতীয় বিয়ে করে। পরে গ্রাম্য সালিসে তাঁর দ্বিতীয় স্ত্রীকে আলাদা জায়গায় রাখার শর্তে আমি সংসারে ফিরে আসি। প্রায় সাত মাস আগে আমাকে না জানিয়ে গোপনে তৃতীয় বিয়ে করেছে। এই বিয়ে নিয়ে কথা বললে আমাকে প্রায় প্রতিদিনই মারধর করে। আমি আর সংসার করতে চাইছি না। তার বিরুদ্ধে আইনি কী পদক্ষেপ নিতে পারি?,"1. <other_1715_s11> [বন্যপ্রাণী (সংরক্ষণ ও নিরাপত্তা) আইন, ২০২৬, ধারা ১১] বিপদাপন্ন (Threatened), প্রায়-বিপদাপন্ন (Near Threatened), ন্যূনতম বিপদাপন্ন (Least Concern) প্রজাতি নির্ধারণ — বৈজ্ঞানিক উপাত্ত এবং আন্তর্জাতিকভাবে গ্রহণযোগ্য বিধান বা প্রথা অনুসরণপূর্বক, প্রধান বন্যপ্রাণী ওয়ার্ডেন, বৈজ্
2. <consumer_1010_s30> [ট্রেডমার্ক আইন, ২০০৯, ধারা ৩০] অর্পিত অধিকারের হেফাজত — এই আইনের কোন কিছুই নিবন্ধিত ট্রেডমার্ক বা সুপরিচিত মার্কের স্বত্বাধিকারী বা নিবন্ধিত ব্যবহারকারীকে উক্তরূপ ট্র
3. <consumer_1010_s10_p0> [ট্রেডমার্ক আইন, ২০০৯, ধারা ১০] সাদৃশ্যপূর্ণ বা প্রতারণামূলকভাবে সাদৃশ্যপূর্ণ ট্রেডমার্ক নিবন্ধনে বাধা-নিষেধ — (১) উপ-ধারা (২) এর বিধান সাপেক্ষে, ভিন্ন কোন স্বত্বাধিকারীর নামে কোন পণ্য বা সেবা অথবা, পণ্য বা সেবার বর্ণনা ন
4. <consumer_1010_s42> [ট্রেডমার্ক আইন, ২০০৯, ধারা ৪২] ট্রেডমার্ক ব্যবহার না করিবার কারণে নিবন্ধন বহি হইতে কর্তন এবং সীমাবদ্ধতা আরোপ — (১) যদি কোন সংক্ষুব্ধ ব্যক্তি নিম্নবর্ণিত কোন কারণে হাইকোর্ট বিভাগে বা নিবন্ধকের নিকট, নির্ধারিত পদ্ধতিতে, আবে
5. <other_1190_s18> [পেট্রোলিয়াম আইন, ২০১৬, ধারা ১৮] পরীক্ষণ সনদ — (১) পেট্রোলিয়ামের নমুনা পরীক্ষণ করিবার পর, পরীক্ষণ কর্মকর্তা সরকার কর্তৃক, সরকারি গেজেটে প্রজ্ঞাপন দ্বারা, নি
6. <consumer_1010_s25> [ট্রেডমার্ক আইন, ২০০৯, ধারা ২৫] নিবন্ধনের ফলে অর্জিত অধিকার — (১) কোন ব্যক্তি কোন পণ্য বা সেবার জন্য ট্রেডমার্কের স্বত্বাধিকারী হিসাবে নিবন্ধিত হইলে, তিনি, এই আইনের অন্যান্
7. <other_1271_s55> [সরকারি চাকরি আইন, ২০১৮, ধারা ৫৫] সীমাবদ্ধতা — এই আইনের অন্যান্য বিধান ও আপাতত বলবৎ অন্য কোনো আইনে যাহা কিছুই থাকুক না কেন, ধারা ৫, ১৪, ১৫, ২৯, ৪০, ৪২ ও ৪৫ এ
8. <local_government_827_s13ক_p2> [উপজেলা পরিষদ আইন, ১৯৯৮, ধারা ১৩ক] শূন্য বলিয়া ঘোষণা করিবে।(১৪) অনাস্থা প্রস্তাবটি প্রয়োজনীয় সংখ্যক ভোটে গৃহীত না হইলে অথবা কোরামের অভাবে সভা 
9. <other_1715_s2_p4> [বন্যপ্রাণী (সংরক্ষণ ও নিরাপত্তা) আইন, ২০২৬, ধারা ২] সংজ্ঞা — তাহাদের প্রাকৃতিক আচরণ, আবাসস্থল, প্রজনন ও জীবনধারা বিঘ্নিত হয়; (২৫) “ন্যূনতম বিপদাপন্ন (Least Concern; LC) প
10. <money_recovery_901_s28> [অর্থ ঋণ আদালত আইন, ২০০৩, ধারা ২৮] জারীর জন্য মামলা দাখিলের সময়সীমা — (১) TheLimitation Act, 1908এবং TheCode of Civil Procedure, 1908এ ভিন্নতর যে বিধানই থাকুক না কেন, ডিক্রীদার, আদ","family_305_s6, women_children_1063_s3, women_children_1063_s11",own_search,answered,3,
prot_0021_01,Sarwad,VERIFY,"সাধারণভাবে একজন মুসলিম পুরুষ ও হিন্দু নারীর মুসলিম আইনে বিবাহ গ্রহণযোগ্য নয়। এ ক্ষেত্রে আপনারা স্পেশাল ম্যারেজ অ্যাক্টের অধীনে বিবাহবন্ধনে আবদ্ধ হতে পারেন। এই আইনের আওতায় আপনারা বৈধভাবে বিয়ে করতে পারেন। ভবিষ্যতে সম্পত্তি বণ্টনের ক্ষেত্রে আপনাদের উত্তরাধিকার আইন, ১৬২৫ অনুসরণ করতে হবে। আমাদের বিবাহিত জীবন ৪৫ বছরের। ছেলেমেয়ে সবাই প্রাপ্তবয়স্ক, বিবাহিত। কিছুদিন আগে আমার স্বামী গোপনে একটি বিয়ে করেন। আমি এ জন্য কোনো মামলা করিনি তাঁর বিরুদ্ধে। এখন আমার স্বামী সেই স্ত্রীকে তালাক দিতে চান। কিন্তু মেয়েটি রাজি হচ্ছে না, আত্মহত্যার হুমকি দিচ্ছে। এ ক্ষেত্রে আমাদের করণীয় কী? নাম ও ঠিকানা প্রকাশে অনিচ্ছুক","1. <family_1105_s5> [হিন্দু বিবাহ নিবন্ধন আইন, ২০১২, ধারা ৫] হিন্দু বিবাহ নিবন্ধনের ক্ষেত্রে বিধি-নিষেধ — অন্য কোন আইনে যাহা কিছুই থাকুক না কেন, ২১ (একুশ) বৎসরের কম বয়স্ক কোন হিন্দু পুরুষ বা ১৮ (আঠার) বৎসরের কম বয়স
2. <land_1449_s2_p0> [ভূমি উন্নয়ন কর আইন, ২০২৩, ধারা ২] সংজ্ঞা — বিষয় বা প্রসঙ্গের পরিপন্থি কোনো কিছু না থাকিলে, এই আইনে,-(১) ‘অকৃষি ভূমি’ অর্থNon-Agricultural Tenancy Act, 1
3. <family_1444_s26> [পারিবারিক আদালত আইন, ২০২৩, ধারা ২৬] মুসলিম পারিবারিক আইনের বিধানকে প্রভাবিত না করা — (১) এই আইনের কোনো কিছুই মুসলিম পরিবারিক আইন অথবা তদধীন প্রণীত বিধিমালার কোনো বিধানকে প্রভাবিত করিবে না।(২) যেক
4. <other_857_s61_p1> [বাংলাদেশ টেলিযোগাযোগ নিয়ন্ত্রণ আইন, ২০০১, ধারা ৬১] পরিদর্শকের ক্ষমতা — সুপারিশ করিতে পারেন।(২) উপ-ধারা (১)(ঙ) অনুযায়ী প্রাপ্ত সুপারিশ বিবেচনান্তে কমিশন উক্ত যন্ত্রপাতি আটক করিতে পা
5. <other_857_s65_p0> [বাংলাদেশ টেলিযোগাযোগ নিয়ন্ত্রণ আইন, ২০০১, ধারা ৬৫] (১) এই আইনের যে সকল বিধানে প্রশাসনিক জরিমানা আরোপের ব্যবস্থা রহিয়াছে, উহার অতিরিক্ত হিসাবে কমিশন প্রবিধান দ্ব
6. <family_1105_s4> [হিন্দু বিবাহ নিবন্ধন আইন, ২০১২, ধারা ৪] বিবাহ নিবন্ধক নিয়োগ — (১) এই আইনের অধীন হিন্দু বিবাহ নিবন্ধনের উদ্দেশ্যে, সরকার, সিটি কর্পোরেশন এলাকার ক্ষেত্রে তদ্কর্তৃক সময় সময় 
7. <family_1105_s3> [হিন্দু বিবাহ নিবন্ধন আইন, ২০১২, ধারা ৩] হিন্দু বিবাহ নিবন্ধন — (১) অন্য কোন আইন, প্রথা ও রীতি-নীতিতে যাহা কিছুই থাকুক না কেন, হিন্দু বিবাহের দালিলিক প্রমাণ সুরক্ষার উদ্দেশ্য
8. <other_1485_s9> [বাংলাদেশ পুলিশ কল্যাণ তহবিল আইন, ২০২৩, ধারা ৯] মৃত্যু এবং অক্ষমতাজনিত কারণে এককালীন এবং মাসিক কল্যাণ অনুদান — (১) কোনো কর্মচারী বা তাহার মৃত্যু হইলে তাহার স্ত্রী বা, ক্ষেত্রমত, স্বামী, বিধি দ্বারা নির্ধারিত পদ্ধতিতে, নিম
9. <other_1266_s2_p3> [বাংলাদেশ মুক্তিযোদ্ধা কল্যাণ ট্রাস্ট আইন, ২০, ধারা ২] সংজ্ঞা — বা স্বামী এবং পিতা-মাতার অবর্তমানে খেতাবপ্রাপ্ত বীর মুক্তিযোদ্ধার সন্তান; বা(উ) (অ)-(ঈ) পর্যন্ত বর্ণিত ব্যক্তি
10. <criminal_procedure_1013_s110> [বরিশাল মহানগরী পুলিশ আইন, ২০০৯, ধারা ১১০] পুলিশ কর্মকর্তার বিরুদ্ধে আইনগত ব্যবস্থা গ্রহণ — আপাতত বলবৎ অন্য কোন আইনে যাহা কিছুই থাকুক না কেন, এই আইন, বিধি, প্রবিধান বা তদধীন প্রদত্ত কোন আদেশ এর অধীনে কো",family_305_s7,own_search,answered,3,
prot_0104_02,Sarwad,VERIFY,"আপনার পিতা জীবিত থাকলে যে সম্পত্তি দাবি করতে পারতেন, বর্তমান তালিকাভুক্ত সম্পত্তি আপনি উত্তরাধিকার সূত্রে দাবি করতে পারেন।৩. যেহেতু প্রত্যর্পণ ‘ক’ তে মৃত নৃপেন্দ্র চন্দ্র দেব ও জীবিত কৃপেশ চন্দ্র দেবের সম্পত্তি তাঁরা এই দেশ ত্যাগ করেন বিধায় তালিকায় এসেছে এবং ১৯৬৫ সালের আগে দেশ ত্যাগ করেন সেই সূত্রে তাঁরা যে উভয়ই এই দেশ ত্যাগ করেছেন অথবা জীবিত বা মৃত, এরূপ কোনো নিদর্শন ট্রাইব্যুনালে প্রদর্শন করতে হবে কি না?","1. <consumer_1010_s11> [ট্রেডমার্ক আইন, ২০০৯, ধারা ১১] জীবিত বা মৃত ব্যক্তির নাম ব্যবহার — কোন ট্রেডমার্ক নিবন্ধনের আবেদনের সহিত কোন জীবিত ব্যক্তি বা আবেদন দাখিলের পূর্ববর্তী ২০ (বিশ) বৎসরের মধ্যে মৃত 
2. <other_788_s239> [কোম্পানী আইন, ১৯৯৪, ধারা ২৩৯] প্রদায়কের উত্তরাধিকারী ইত্যাদির দায়-দায়িত্ব — (১) প্রদায়কের তালিকায় নাম লিপিবদ্ধ হওয়ার পূর্বে বা পরে কোন প্রদায়কের মৃত্যু ঘটিলে, তাহার আইনানুগ প্রতিনিধি
3. <other_1413_s15> [সরকারি ঋণ আইন, ২০২২, ধারা ১৫] সরকারি সিকিউরিটি বা জাতীয় সঞ্চয় স্কীমের আওতায় ইস্যুকৃত সার্টিফিকেটের যৌথ ধারক বা প্রাপক মৃত্যুবরণ করিলে — Contract Act, 1872(Act No. IX of 1872) এ যাহা কিছুই থাকুক না কেন,-(ক) সরকারি সিকিউরিটি বা জাতীয় সঞ্চয় স্কীমে
4. <other_1087_s33> [অপরাধ সম্পর্কিত বিষয়ে পারস্পরিক সহায়তা আইন, , ধারা ৩৩] সহায়তার অনুরোধ অনুসারে বাংলাদেশে অবস্থানকারী ব্যক্তির প্রতি নিরাপদ আচরণ — (১) এই আইনের অধীন সহায়তা লাভের অনুরোধ অনুসারে কোন ব্যক্তির উপস্থিতি যাচনা করা হইলে, এবং তাহার প্রতি নিরাপদ আচ
5. <other_1429_s194> [আয়কর আইন, ২০২৩, ধারা ১৯৪] মৃত ব্যক্তির ক্ষেত্রে আয়কর নির্ধারণ — (১) কোনো ব্যক্তি মৃত্যুবরণ করিলে, তাহার আইনগত প্রতিনিধি এই আইনের অধীন প্রদেয় কোনো কর বা অন্য কোনো অর্থ প্রদান
6. <other_1465_s11> [চিড়িয়াখানা আইন, ২০২৩, ধারা ১১] প্রাণিজসম্পদ সংরক্ষণ — (১) কিউরেটর চিড়িয়াখানায় প্রাণিজসম্পদ সংরক্ষণ ও ব্যবহার করিতে পারিবেন।(২) কিউরেটর মৃত প্রাণির ট্রফি প্রস্তুত
7. <land_856_s10_p0> [অর্পিত সম্পত্তি প্রত্যর্পণ আইন, ২০০১, ধারা ১০] 1 [প্রত্যর্পণযোগ্য] সম্পত্তি প্রত্যর্পণ বা অবমুক্তির আবেদন, রেজিষ্ট্রি, রায় ও রায়ের অনুলিপি — (১)38[ধারা ৯ এর অধীন গেজেটে প্রকাশিত ক তফসিলভুক্ত অর্পিত] সম্পত্তির মালিক উক্ত সম্পত্তি তাহার অনুকূলে প্রত্যর্
8. <labour_952_s2_p5> [বাংলাদেশ শ্রম আইন, ২০০৬, ধারা ২] সংজ্ঞাসমূহ — ব্যবহার করা হয় বা ব্যবহারযোগ্য, এবং কোন টাগ বা ফ্লাট এবং বার্জও ইহার অর্ন্তভুক্ত হইবে;(২৮) ""প্রশাসনিক শ্রমিক""
9. <land_1455_s10> [ভূমি সংস্কার আইন, ২০২৩, ধারা ১০] বর্গাদারের মৃত্যুর পর বর্গাভূমির চাষ — (১) কোনো বর্গাদার বর্গাচুক্তির মেয়াদ শেষ হইবার পূর্বে মারা গেলে, উহার মেয়াদ শেষ না হওয়া পর্যন্ত অথবা এই আইন
10. <labour_1285_s2_p2> [বাংলাদেশ ইপিজেড শ্রম আইন, ২০১৯, ধারা ২] সংজ্ঞা — সময়ে দুই বা ততোধিক শ্রমিক দ্বারা সম্পাদিত হয় সেই ক্ষেত্রে উক্তরূপ প্রত্যেক সময়;(25)‘‘পোষ্য’’ অর্থ কোনো মৃত ",3,candidate,answered,2,
prot_0046_03,Sarwad,VERIFY,"২০০৬ সালে প্রেম করে একটা ছেলের সঙ্গে কোর্টে গিয়ে আমাদের বিয়ে হয়। ২০০৭ সালে ও আমাদের বাড়ি থেকে চলে যায়। গিয়ে আমার অজান্তে আবার বিয়ে করে। সেখানে ওর একটি ছেলে হয়। এ পর্যন্ত আমার কোনো খোঁজখবর নেয়নি। আমার জন্য আমার মা-বাবা বিয়ে ঠিক করেছেন। কিন্তু ওই ছেলের সঙ্গে আমার এখনো ছাড়াছাড়ি হয়নি। আমি এখন কী করব? মা-বাবার পছন্দের ছেলেকে বিয়ে করতে পারব, না ওকে ডিভোর্স দিয়ে করতে হবে। এ ব্যাপারে পরামর্শ চাই। আঁখি আক্তারনারায়ণগঞ্জ","1. <other_1725_s21_p29> [অর্থ আইন, ২০২৬, ধারা ২১] ২০১২ সনের ৪৭ নং আইনের দ্বিতীয় তফসিলের সংশোধন — ডলার পর্যন্ত ৪৫ (ঘ) মূল্যসীমা ১০০০০০ মা. ডলার এর ঊর্ধ্ব হইতে ২০০০০০ মা. ডলার পর্যন্ত ৬০ (ঙ) মূল্যসীমা ২০০০০০ ম
2. <other_609_s51> [ইসলামী বিশ্ববিদ্যালয় আইন, ১৯৮০, ধারা ৫১] (১) বাংলাদেশ মাদ্রাসা শিক্ষা বোর্ডের আওতাধীন ২০০৫-২০০৬ শিক্ষাবর্ষে ফাজিল ও কামিল মাদ্রাসায়-(ক) যে সকল ছাত্র-ছ
3. <other_1007_s57> [অর্থ (২০০৭-২০০৮ অর্থ বৎসর) আইন, ২০০৯, ধারা ৫৭] আয়কর৷ — (১)অর্থ আইন, ২০০৬(২০০৬ সনের ২২ নং আইন) এর ধারা ৩০ এ যাহা কিছুই থাকুক না কেন, উপ-ধারা (৩) এর বিধানাবলী সাপেক্ষে
4. <other_941_s2> [নির্দিষ্টকরণ (সম্পূরক) আইন, ২০০৬, ধারা ২] ২০০৬-০৭ অর্থ-বত্সরের জন্য সংযুক্ত তহবিল হইতে ৮৮৭৩২,০৮,৩৭,০০০ টাকা প্রদান — ২০০৭ সালের ৩০ জুন তারিখে সমাপ্য অর্থ-বত্সরে যেই সকল ব্যয় হইতে পারে সেই সকল ব্যয় নির্বাহের জন্য এই আইনের তফসি
5. <other_1000_s2> [নির্দিষ্টকরণ (সম্পূরক) (২০০৬-০৭ অর্থ বৎসর) আ, ধারা ২] ২০০৬-০৭ অর্থ বৎসরের জন্য সংযুক্ত তহবিল হইতে ৪৯৮৬,৪১,০৪,০০০ টাকা প্রদান — এই আইনের সহিত সংযু্ক্ত তফসিলের কলাম ২ এ বর্ণিত কার্যাদি নির্বাহের উদ্দেশ্যে ২০০৭ সালের ৩০শে জুন তারিখে সমাপ্য 
6. <other_940_s30> [অর্থ আইন, ২০০৬, ধারা ৩০] আয়কর — (১) উপ-ধারা (৩) এর বিধানাবলী সাপেক্ষে, ২০০৭ সালের ১ জুলাই তারিখে আরব্ধ কর বত্সরের জন্য কোন কর নির্ধারণের ক্ষেত
7. <other_1124_s6> [মাতৃদুগ্ধ বিকল্প, শিশু খাদ্য, বাণিজ্যিকভাবে , ধারা ৬] মাতৃদুগ্ধ বিকল্প, শিশু খাদ্য, ইত্যাদি ধারণপাত্র ও মোড়কে প্রদেয় তথ্যাদি — (১) আপাততঃ বলবৎ অন্য কোন আইনের বিধানাবলী ক্ষুণ্ণ না করিয়া, কোন ব্যক্তি মাতৃদুগ্ধ বিকল্প, শিশু খাদ্য, বাণিজ্যি
8. <labour_952_s98> [বাংলাদেশ শ্রম আইন, ২০০৬, ধারা ৯৮] সংবাদপত্র শ্রমিকের জন্য চিকিৎসা পরিচর্যা — প্রত্যেক সংবাদপত্র শ্রমিক এবং তাহার উপর নির্ভরশীলগণ সংবাদপত্র প্রতিষ্ঠানের খরচে বিধি দ্বারা নির্ধারিত পন্থায় 
9. <other_1000_s1> [নির্দিষ্টকরণ (সম্পূরক) (২০০৬-০৭ অর্থ বৎসর) আ, ধারা ১] সংক্ষিপ্ত শিরোনাম — (১) এই আইননির্দিষ্টকরণ (সম্পূরক) (২০০৬-০৭ অর্থ বৎসর) আইন, ২০০৯নামে অভিহিত হইবে।(২) এই আইন ১৬ আষাঢ়, ১৪১৪ বঙ্গা
10. <other_812_s96_p2> [দেউলিয়া বিষয়ক আইন, ১৯৯৭, ধারা ৯৬] আপীল — মোতাবেক প্রদত্ত আদেশ, যাহা দ্বারা নিরুপিত শর্তাধীনে দেনাদারের নিকট কোন সম্পত্তি ফিরিয়া যায়; (ট) ধারা ৪৬ এর ব","family_305_s7, family_1444_s5",own_search,answered,3,
lawy_0386_01,Sarwad,VERIFY,ফৌজদারি মামলায় সরকারি কর্মকর্তা কর্মচারী দণ্ডিত হলেই কি তিনি চাকরি হারাবেন?,"1. <other_1271_s42> [সরকারি চাকরি আইন, ২০১৮, ধারা ৪২] ফৌজদারি মামলায় দণ্ডিত কর্মচারীর ক্ষেত্রে ব্যবস্থা — (১) কোনো সরকারি কর্মচারী ফৌজদারি মামলায় আদালত কর্তৃক মৃত্যুদণ্ড বা ১ (এক) বৎসর মেয়াদের অধিক মেয়াদের কারাদন্
2. <other_1271_s41> [সরকারি চাকরি আইন, ২০১৮, ধারা ৪১] ফৌজদারি অপরাধে অভিযুক্ত কর্মচারীর ক্ষেত্রে ব্যবস্থাদি — (১) কোনো সরকারি কর্মচারীর দায়িত্ব পালনের সহিত সম্পর্কিত অভিযোগে দায়েরকৃত ফৌজদারি মামলায় আদালত কর্তৃক অভিযোগ
3. <other_1271_s53> [সরকারি চাকরি আইন, ২০১৮, ধারা ৫৩] চাকরি হইতে ইস্তফা — কোনো সরকারি কর্মচারী, চাকরিকালীন যে কোনো সময়ে, চাকরি হইতে স্বেচ্ছায় ইস্তফা প্রদান করিবার আবেদন করিতে পারিবেন
4. <other_1732_s44> [বগুড়া বিশ্ববিদ্যালয় আইন, ২০২৬, ধারা ৪৪] চাকরির শর্তাবলি — (১) বিশ্ববিদ্যালয়ের প্রত্যেক বেতনভোগী শিক্ষক ও কর্মকর্তা লিখিত চুক্তির ভিত্তিতে নিযুক্ত হইবেন এবং চুক্তিটি বি
5. <other_1188_s43> [রবীন্দ্র বিশ্ববিদ্যালয়, বাংলাদেশ আইন, ২০১৬, ধারা ৪৩] চাকরির শর্তাবলি — (১) বিশ্ববিদ্যালয়ের প্রত্যেক শিক্ষক ও কর্মকর্তা লিখিত চুক্তির ভিত্তিতে নিযুক্ত হইবেন এবং চুক্তিটি বিশ্ববিদ্যা
6. <other_1429_s308> [আয়কর আইন, ২০২৩, ধারা ৩০৮] দেওয়ানি বা ফৌজদারি মামলায় বাধা — বিকল্প বিরোধ নিষ্পত্তি প্রক্রিয়ায় জড়িত কোনো ব্যক্তি কর্তৃক সরল বিশ্বাসে গৃহীত ব্যবস্থা বা মতৈক্যের বিরুদ্ধে
7. <other_1271_s39> [সরকারি চাকরি আইন, ২০১৮, ধারা ৩৯] সাময়িক বরখাস্ত — (১) কোনো কর্মচারীর বিরুদ্ধে বিভাগীয় কার্যধারা গ্রহণের প্রস্তাব বা বিভাগীয় কার্যধারা রুজু করা হইলে, সরকার বা 
8. <other_1271_s46> [সরকারি চাকরি আইন, ২০১৮, ধারা ৪৬] অক্ষমতাজনিত অবসর — (১) কোনো সরকারি কর্মচারী শারীরিক অথবা মানসিক অসামর্থ্য বা বৈকল্যের কারণে সরকারি কর্ম সম্পাদনে নিজেকে অক্ষম মনে
9. <other_1707_s46> [ঢাকা সেন্ট্রাল ইউনিভার্সিটি আইন, ২০২৬, ধারা ৪৬] চাকরির শর্তাবলি — (১) বিশ্ববিদ্যালয়ের প্রত্যেক বেতনভোগী শিক্ষক ও কর্মকর্তা-কর্মচারী লিখিত চুক্তির ভিত্তিতে, সরকার কর্তৃক জারিকৃ
10. <other_1189_s42> [[গাজীপুর ডিজিটাল ইউনিভার্সিটি] আইন, ২০১৬, ধারা ৪২] চাকরির শর্তাবলি — (১) বিশ্ববিদ্যালয়ের প্রত্যেক বেতনভোগী শিক্ষক, গবেষক, কর্মকর্তা ও কর্মচারী নিয়োগ বিধি বা চুক্তির ভিত্তিতে নিয",1,candidate,answered,3,
prot_0088_02,Sarwad,VERIFY,"আমি যে মেয়েকে ভালোবাসতাম, ২০০৬ সালে সেই মেয়ের অভিভাবকের চাপে গোপনে বিয়ে করি। তারা আমাকে বলেছে, আমার পড়ালেখা শেষ না হওয়া পর্যন্ত বিয়ের কথা গোপন রাখবে। কিন্তু এক বছর যেতে না যেতেই তারা আমাকে তাদের বাড়িতে আটকে আমার মাকে খবর দেয়। আটকে রাখার সময় তারা আমার সঙ্গে এমন ব্যবহার করে যেন আমি চোর। পরে আমার মা ইউনিয়নের মেম্বার, চেয়ারম্যানকে সঙ্গে নিয়ে মেয়েসহ আমাকে বাড়িতে নিয়ে যান। আমাদের বিয়ে হয় মেয়ের নানার বাড়িতে। তখন আমার সঙ্গে শুধু আমার এক বন্ধু ছিল। বিয়েতে দুই লাখ টাকা দেনমোহর ধার্য করা হয়। কোনো উশুল দেওয়া হয়নি। তাদের বাড়িতে আটকে রাখার ঘটনার কথা মনে হলে এখনো আমার দম বন্ধ হয়ে আসে। স্ত্রীকে আমি মোটেও সহ্য করতে পারি না। মনে মনে তাকে কয়েকবার তালাক দিয়েছি। এখন আমি স্নাতক (সম্মান) তৃতীয় বর্ষে পড়ি। আমার আগের ফল ভালো। তাই আশা করি ভালো চাকরি পাব। আমার পড়ালেখা শেষ হলে তাকে আনুষ্ঠানিকভাবে তালাক দিতে চাই। স্ত্রীপক্ষের মামলা করার আশঙ্কা আছে। মামলা যদি হয়, আমার চাকরি নেওয়ার ক্ষেত্রে কোনো অসুবিধা হবে কি না। তাকে কীভাবে আইনের মাধ্যমে তালাক দেব পরামর্শ চাই। দেনমোহরের সম্পূর্ণ টাকা কি দেওয়া লাগবে?মাহমুদচাঁদপুর","1. <criminal_procedure_765_s87> [রাজশাহী মহানগরী পুলিশ আইন, ১৯৯২, ধারা ৮৭] ইচ্ছাকৃতভাবে অনধিকার প্রবেশের দণ্ড — কোন ব্যক্তি সন্তোষজনক কারণ ছাড়া কোন বসত বাড়িতে বা উহার প্রাংগণে বা উহার সংলগ্ন জমিতে বা মাঠে অথবা সরকারী জমি
2. <women_children_835_s20> [নারী ও শিশু নির্যাতন দমন আইন, ২০০০, ধারা ২০] বিচার পদ্ধতি — 57[(১) ধারা ৩৫ এর বিধান সাপেক্ষে এই আইনের অধীন কোন অপরাধের বিচার ধারা ২৬ বা, ক্ষেত্রমত, ধারা ২৬ক এর অধীন গঠিত 
3. <other_751_s82> [ব্যাংক-কোম্পানী আইন, ১৯৯১, ধারা ৮২] প্রদায়ক কর্তৃক (Contributaries) টাকা প্রদানের বিশেষ বিধান — কোম্পানী আইনের302[ধারা ২৬৭] এর অধীন প্রদায়কগণের তালিকা চূড়ান্ত্ম না হওয়া সত্বেও, অবসায়ন আদেশ প্রদানের পরে 
4. <women_children_883_s16> [এসিড অপরাধ দমন আইন, ২০০২, ধারা ১৬] বিচার পদ্ধতি — (১) এই আইনের অধীন কোন অপরাধের বিচার কেবলমাত্র ধারা ২৩ এর অধীন গঠিত এসিড অপরাধ দমন ট্রাইব্যুনালে বিচারযোগ্য হইব
5. <labour_952_s78> [বাংলাদেশ শ্রম আইন, ২০০৬, ধারা ৭৮] বিষ্ফোরক বা দাহ্য গ্যাস, ধুলা ইত্যাদি — (১) যে ক্ষেত্রে কোন প্রতিষ্ঠানে কোন উত্পাদন প্রক্রিয়ার কারণে উত্থিত গ্যাস, ধোঁয়া, বাষ্প বা ধুলা এমন প্রকৃতির
6. <other_1271_s46> [সরকারি চাকরি আইন, ২০১৮, ধারা ৪৬] অক্ষমতাজনিত অবসর — (১) কোনো সরকারি কর্মচারী শারীরিক অথবা মানসিক অসামর্থ্য বা বৈকল্যের কারণে সরকারি কর্ম সম্পাদনে নিজেকে অক্ষম মনে
7. <other_831_s7_p2> [অর্থ আইন, ১৯৯৯, ধারা ৭] ১৯৯১ সনের ২২ নং আইন সংশোধন — কিছুই থাকুক না কেন, প্রতিষ্ঠিত নিবন্ধিত ব্যক্তির তেগত্রে, প্রতিষ্ঠিত নিবন্ধিত ব্যক্তি বিবেচিত হওয়ার বত্সরে এই
8. <other_788_s333_p2> [কোম্পানী আইন, ১৯৯৪, ধারা ৩৩৩] অপরাধী পরিচালক ইত্যাদিকে ফৌজদারীতে সোপর্দ করা — দরকার, তাহা হইলে তিনি এতদ্বিষয়ে পরামর্শ চাহিয়া সংশ্লিষ্ট সকল কাগজপত্র এটর্নি জেনারেল বা ক্ষেত্রমত পাবলিক প্র
9. <labour_952_s194> [বাংলাদেশ শ্রম আইন, ২০০৬, ধারা ১৯৪] রেজিস্ট্রিকৃত ট্রেড ইউনিয়নের সংবিধিবদ্ধ হওয়া — (১) প্রত্যেক রেজিস্ট্রিকৃত ট্রেড ইউনিয়ন উহার রেজিস্ট্রিকৃত নামে একটি সংবিধিবদ্ধ সংস্থা হইবে, এবং ইহার স্থায়ী
10. <other_1483_s7> [পরিত্যক্ত বাড়ি (সম্পূরক বিধানাবলি) আইন, ২০২৩, ধারা ৭] মামলা দায়েরে নিষেধাজ্ঞা, ইত্যাদি — (১) রাষ্ট্রপতির ১৯৭২ সনের ১৬ নং আদেশ বা এই আইনের অধীন কৃত, গৃহীত বা চলমান কোনো কার্যক্রম, সিদ্ধান্ত বা জারীকৃত","family_305_s7, family_1444_s5",own_search,answered,2,
prot_0048_04,Sarwad,VERIFY,আমার বাবা মারা গেছেন ২০০৫ সালে। আমার দাদা-দাদি এখনো জীবিত আছেন। আমার বাবা কিছু সম্পত্তি কিনে নিজ নামে নিবন্ধন করেছিলেন। তাঁর নামেই নামজারি আছে। এখন আমার দাদা-দাদি সেই সম্পত্তির তিন ভাগের এক ভাগ দাবি করছেন। বাবার ওয়ারিশ হিসেবে আমার মা এবং আমরা দুই ভাই আছি। সেই সম্পত্তি কি আমার দাদি পাবেন?হাসানুলনাটোর,"1. <other_1349_s2> [আকাশপথে পরিবহণ (মন্ট্রিল কনভেনশন) আইন, ২০২০, ধারা ২] বিষয়বাপ্রসঙ্গেরপরিপন্থিকোনোকিছুনাথাকিলে,এইআইনে-(ক)‘অভ্যন্তরীণপরিবহণ’অর্থআকাশপথে পরিবহণেপক্ষসমূহেরমধ্যেসম্পাদি
2. <other_1682_s2_p0> [মানবদেহে অঙ্গ-প্রত্যঙ্গ সংযোজন আইন, ২০২৬, ধারা ২] সংজ্ঞা — বিষয় বা প্রসঙ্গের পরিপন্থি কোনো কিছু না থাকিলে, এই আইনে- (১) “অঙ্গ-প্রত্যঙ্গ” অর্থ মানবদেহের কিডনি, হৃৎপিণ্ড,
3. <other_1132_s5> [পিতা-মাতার ভরণ-পোষণ আইন, ২০১৩, ধারা ৫] পিতা-মাতার ভরণ-পোষণ না করিবার দণ্ড — (১) কোন সন্তান কর্তৃক ধারা ৩ এর যে কোন উপ-ধারার বিধান কিংবা ধারা ৪ এর বিধান লংঘন অপরাধ বলিয়া গণ্য হইবে এবং উক
4. <other_1268_s19> [বাংলাদেশ প্রাণিসম্পদ গবেষণা ইনস্টিটিউট আইন, , ধারা ১৯] বুদ্ধিবৃত্তিক সম্পত্তি — (১) ইনস্টিটিউট কর্তৃক বা ইনস্টিটিউটের অর্থায়নে পরিচালিত গবেষণা কর্মধারা প্রকাশিত প্রবন্ধ বা আর্টিকেল বা গবেষণ
5. <other_1132_s4> [পিতা-মাতার ভরণ-পোষণ আইন, ২০১৩, ধারা ৪] পিতা-মাতার অবর্তমানে দাদা-দাদী, নানা-নানীর ভরণ-পোষণ — প্রত্যেক সন্তান তাহার—(ক) পিতার অবর্তমানে দাদা-দাদীকে; এবং(খ) মাতার অবর্তমানে নানা-নানীকে—ধারা ৩ এ বর্ণিত ভরণ-
6. <other_914_s27> [দুর্নীতি দমন কমিশন আইন, ২০০৪, ধারা ২৭] জ্ঞাত আয়ের উৎস বহির্ভূত সম্পত্তির দখল — (১) কোন ব্যক্তি তাহার নিজ নামে, বা তাহার পক্ষে অন্য কোন ব্যক্তির নামে, এমন কোন স্থাবর বা অস্থাবর সম্পত্তির দখল
7. <other_1246_s81> [ক্যান্টনমেন্ট আইন, ২০১৮, ধারা ৮১] ক্রোককৃত সম্পত্তির নিষ্পত্তি — (১) যখন ক্রোককৃত সম্পত্তি দ্রুত এবং স্বাভাবিকভাবে বিনষ্ট হওয়ার প্রকৃতির হয় বা উহা হেফাজতে রাখিবার ব্যয় আদায
8. <other_1236_s3> [বৌদ্ধ ধর্মীয় কল্যাণ ট্রাস্ট আইন, ২০১৮, ধারা ৩] ট্রাস্ট প্রতিষ্ঠা — (১)Buddhist Religious Welfare Trust Ordinance, 1983(Ordinance No. LXIX of 1983) এর অধীন প্রতিষ্ঠিত Buddhist Re
9. <labour_952_s2_p5> [বাংলাদেশ শ্রম আইন, ২০০৬, ধারা ২] সংজ্ঞাসমূহ — ব্যবহার করা হয় বা ব্যবহারযোগ্য, এবং কোন টাগ বা ফ্লাট এবং বার্জও ইহার অর্ন্তভুক্ত হইবে;(২৮) ""প্রশাসনিক শ্রমিক""
10. <criminal_procedure_765_s91> [রাজশাহী মহানগরী পুলিশ আইন, ১৯৯২, ধারা ৯১] সন্তোষজনক কারণ প্রদর্শন ব্যতিরেকে সম্পত্তি দখলে রাখার দণ্ড — কোন ব্যক্তি চোরাই বলিয়া সন্দেহকৃত কোন সম্পত্তি বা জিনিস নিজ দখলে রাখিলে অথবা বিক্রয় করিলে বা বিক্রয়ের চেষ্ট",other_173_s2,own_search,answered,2,
prot_0018_01,Sarwad,VERIFY,"আমরা দুই বোন। কোনো ভাই নেই। আমাদের বাবা মারা গেছেন। আইন অনুযায়ী, আমার চাচা আমার বাবার সম্পত্তির অংশ পাবেন। এ ক্ষেত্রে আমার প্রশ্ন হলো, আমাদের দুই বোনের যদি ছেলেসন্তান থাকে, তাহলে কি আমার চাচা তাঁর অংশ পাবেন না?","1. <other_1682_s2_p0> [মানবদেহে অঙ্গ-প্রত্যঙ্গ সংযোজন আইন, ২০২৬, ধারা ২] সংজ্ঞা — বিষয় বা প্রসঙ্গের পরিপন্থি কোনো কিছু না থাকিলে, এই আইনে- (১) “অঙ্গ-প্রত্যঙ্গ” অর্থ মানবদেহের কিডনি, হৃৎপিণ্ড,
2. <local_government_827_s8_p1> [উপজেলা পরিষদ আইন, ১৯৯৮, ধারা ৮] বা ব্যক্তিবর্গের নামে বা তাঁহার সুবিধার্থে বা তাঁহার উপলক্ষে বা কোন হিন্দু যৌথ পরিবারের সদস্য হিসাবে তাঁহার কো
3. <other_1429_s67_p4> [আয়কর আইন, ২০২৩, ধারা ৬৭] অন্যান্য উৎস হইতে আয়ের বিশেষ ক্ষেত্র — স্বামী-স্ত্রী89[আপন ভাই বা বোন,], পিতা-মাতা বা সন্তানের নিকট হইতে এইরূপ অর্থ গ্রহণ করা হইলে এবং উহা90[দাতা ও গ
4. <other_1266_s2_p3> [বাংলাদেশ মুক্তিযোদ্ধা কল্যাণ ট্রাস্ট আইন, ২০, ধারা ২] সংজ্ঞা — বা স্বামী এবং পিতা-মাতার অবর্তমানে খেতাবপ্রাপ্ত বীর মুক্তিযোদ্ধার সন্তান; বা(উ) (অ)-(ঈ) পর্যন্ত বর্ণিত ব্যক্তি
5. <other_1715_s36> [বন্যপ্রাণী (সংরক্ষণ ও নিরাপত্তা) আইন, ২০২৬, ধারা ৩৬] জব্দকরণ — (১) এই আইনের অধীন কর্মকর্তা, সাব-ইন্সপেক্টর পদমর্যাদার নিম্নে নহে এমন কোনো পুলিশ কর্মকর্তা, সহকারী রাজস্ব কর্ম
6. <land_1109_s15> [ওয়াক্‌ফ (সম্পত্তি হস্তান্তর ও উন্নয়ন) বিশেষ , ধারা ১৫] স্বীয় উদ্যোগে ওয়াক্‌ফ সম্পত্তির উন্নয়ন — কোন ওয়াক্ফ সম্পত্তি অংশীদারিত্বের ভিত্তিতে উন্নয়নের জন্য কোন রিয়েল এস্টট ডেভেলপার এ সাথে কোন চুক্তি না করিয
7. <other_1055_s30> [রিয়েল এস্টেট উন্নয়ন ও ব্যবস্থাপনা আইন, ২০১০, ধারা ৩০] ডেভেলপার কর্তৃক ভূমির মালিকের অংশ বুঝাইয়া না দেওয়ার দন্ড — কোন ভুমির মালিকের সহিত কোন ডেভেলপার কোন রিয়েল এস্টেট উন্নয়ন ও ব্যবস্থাপনার জন্য চুক্তিবদ্ধ হইবার পর চুক্তির 
8. <other_788_s335_p0> [কোম্পানী আইন, ১৯৯৪, ধারা ৩৩৫] দণ্ড — (১) যে কোন পদ্ধতিতে কোম্পানীর অবলুপ্তি চলিতে থাকাকালে কোম্পানীর সাবেক বা বর্তমান কোন পরিচালক, ম্যানেজিং এজেন্ট
9. <other_1429_s2_p0> [আয়কর আইন, ২০২৩, ধারা ২] সংজ্ঞা — বিষয় বা প্রসঙ্গের পরিপন্থি কোনো কিছু না থাকিলে, এই আইনে,-(১) “অবলোপিত মূল্য” অর্থ তৃতীয় তফসিলের অংশ ১ এ সংজ্
10. <other_1128_s35> [মাল্টি-লেভেল মার্কেটিং কার্যক্রম (নিয়ন্ত্রণ), ধারা ৩৫] এই আইনে সুনির্দিষ্টভাবে দণ্ডের উল্লেখ নেই এইরূপ কোন বিধান লংঘনের দণ্ড — কোন ব্যক্তি যদি এই আইনে সুনির্দিষ্টভাবে দণ্ডের বিধান উল্লেখ নাই এইরূপ কোন বিধান লংঘন করেন, তাহা হইলে উক্ত লংঘন",other_173_s2,own_search,answered,1,
ajke_0164_01,Sarwad,VERIFY,মারা যাওয়ার আগে আমাদের দুই বোনের নামে পেনশন নমিনি লিখে দিয়েছিলেন বাবা। আইন অনুযায়ী সন্তানদের পেনশন ১৫ বছর পর্যন্ত দেওয়া হয়। কিন্তু সন্তানদের বিবাহ হলে পেনশন পাওয়ার অধিকার থাকে না। দুই বোনের বিবাহ হয়ে গেলে কি পেনশন মায়ের নামে ট্রান্সফার করা যাবে?,"1. <other_1421_s21> [সর্বজনীন পেনশন ব্যবস্থাপনা আইন, ২০২৩, ধারা ২১] সর্বজনীন পেনশন বিতরণ পরিকাঠামো — কর্তৃপক্ষ ইলেক্ট্রনিক ফান্ড ট্রান্সফার প্রক্রিয়ায় মাসিক পেনশন পেনশনারের নিকট নির্দিষ্ট সময়ে পৌছানো নিশ্চিত 
2. <other_1421_s14_p1> [সর্বজনীন পেনশন ব্যবস্থাপনা আইন, ২০২৩, ধারা ১৪] সর্বজনীন পেনশন ব্যবস্থাপনা — হইবে;(জ) মাসিক অথবা ত্রৈমাসিক ভিত্তিতে চাঁদা প্রদান করা যাইবে এবং অগ্রিম ও কিস্তিতে জমা প্রদানের সুযোগ থাকিবে;
3. <other_1418_s19> [বাংলাদেশ সুপ্রীম কোর্টের বিচারক (ছুটি, পেনশন, ধারা ১৯] পেনশন পুনঃস্থাপন — শতভাগ পেনশন সমর্পণকারী অবসরপ্রাপ্ত বিচারকগণ, কেবল জীবিত থাকা সাপেক্ষে, চূড়ান্ত অবসর গ্রহণের তারিখ হইতে ১৫ (পন
4. <other_1421_s4> [সর্বজনীন পেনশন ব্যবস্থাপনা আইন, ২০২৩, ধারা ৪] জাতীয় পেনশন কর্তৃপক্ষ প্রতিষ্ঠা — (১) এই আইন কার্যকর হইবার পর সরকার, যথাশীঘ্র সম্ভব, এই আইনের উদ্দেশ্য পূরণকল্পে, সরকারি গেজেটে প্রজ্ঞাপন দ্বারা
5. <other_1421_s2> [সর্বজনীন পেনশন ব্যবস্থাপনা আইন, ২০২৩, ধারা ২] সংজ্ঞা — বিষয় বা প্রসঙ্গের পরিপন্থি কোনো কিছু না থাকিলে, এই আইনে-(১) “অস্বচ্ছল চাঁদাদাতা” অর্থ পেনশন স্কিমে চাঁদা প্রদ
6. <other_1418_s18> [বাংলাদেশ সুপ্রীম কোর্টের বিচারক (ছুটি, পেনশন, ধারা ১৮] পেনশন মঞ্জুরকারী কর্তৃপক্ষ — এই আইন অনুযায়ী, রাষ্ট্রপতি, বিচারকগণের পেনশন ও আনুতোষিক মঞ্জুরকারী কর্তৃপক্ষ হইবেন।
7. <other_1418_s14> [বাংলাদেশ সুপ্রীম কোর্টের বিচারক (ছুটি, পেনশন, ধারা ১৪] ধারা ১৩ এর আওতাভুক্ত বিচারকদের পেনশন নির্ধারণ — ধারা ১৩ এর অধীন পেনশন প্রাপ্তির অধিকারী কোনো বিচারকের পেনশনের পরিমাণ নিম্নরূপে নির্ধারিত হইবে, যথা :-(ক) যিনি 
8. <other_1421_s16> [সর্বজনীন পেনশন ব্যবস্থাপনা আইন, ২০২৩, ধারা ১৬] সর্বজনীন পেনশন তহবিল — (১) এই আইনের আওতায় পেনশন বাবদ জমাকৃত অর্থ সুষ্ঠু ব্যবস্থাপনার লক্ষ্যে সর্বজনীন পেনশন তহবিল গঠিত হইবে; সর্বজনী
9. <other_1421_s7> [সর্বজনীন পেনশন ব্যবস্থাপনা আইন, ২০২৩, ধারা ৭] কর্তৃপক্ষের দায়িত্ব ও কার্যাবলি — এই আইনের উদ্দেশ্য পূরণকল্পে, কর্তৃপক্ষের দায়িত্ব ও কার্যাবলি হইবে নিম্নরূপ, যথাঃ-(ক) সর্বজনীন পেনশন পদ্ধতি চা
10. <other_1421_s22> [সর্বজনীন পেনশন ব্যবস্থাপনা আইন, ২০২৩, ধারা ২২] সর্বজনীন পেনশন তহবিল ব্যবস্থাপনা কমিটি — (১) জাতীয় পেনশন কর্তৃপক্ষের একজন সদস্যকে সভাপতি এবং উক্ত বিষয়ে অভিজ্ঞ ব্যক্তিদের সদস্য করিয়া পেনশন তহবিল ব্",none,none,not_found,1,
prot_0064_04,Sarwad,VERIFY,"১৯৯৮ সালে খালাতো বোনকে বাবা-মায়ের অনুরোধে বিয়ে করি। বর্তমানে বেসরকারি সংস্থায় কর্মরত। আমার দুটি পুত্রসন্তান আছে—বয়স নয় ও তিন বছর। বিয়ের পর থেকেই শ্বশুরবাড়ি ও আমার স্ত্রীর পক্ষ থেকে আমার লেখাপড়া বন্ধ করে কর্মজীবনে প্রবেশের পরামর্শ ছিল। বাবা দিনমজুর ছিলেন। তবু আমি আমার বাবা-মায়ের বড় সন্তান হিসেবে বহু ত্যাগের বিনিময়ে পড়া শেষ করেছি। শ্বশুর সরকারি চাকরি করেন। শ্বশুরবাড়ি আমার বাড়ি থেকে ১০০ গজ দূরে। আমার স্ত্রী আমার সঙ্গে সর্বদাই গালমন্দ ও মেজাজ দেখিয়ে আচরণ করে। সাংসারিক ভালো-মন্দ বা বাচ্চাদের লেখাপড়া নিয়ে খোঁজখবর জানতে চাইলেও তার কাছে শান্তি পাই না। আমার নামে মানুষের কাছে বিভিন্ন রকমের বদনাম রটায়। আমাকে বিভিন্ন সময় শারীরিক নির্যাতনও করেছে। তার প্রতিকার পাইনি। তার মা-বাবাকে অভিযোগ করলে বরং উল্টো বুঝে আমার বিরুদ্ধে সালিস ডাকেন। এর পরিপ্রেক্ষিতে প্রতিবাদ করলে সে আত্মহত্যার চেষ্টা করে। দিন দিন অশান্তি বৃদ্ধি পাচ্ছে। এখন আমি কী করব জানালে উপকৃত হব। যদি আমি বিবাহবিচ্ছেদ ঘটাতে চাই, তাহলে আইনি কোন প্রক্রিয়ায় গেলে আমার কোনো সমস্যা হবে না?","1. <labour_952_s223> [বাংলাদেশ শ্রম আইন, ২০০৬, ধারা ২২৩] নিষ্পত্তি, ইত্যাদি বলবৎ এর তারিখ — (১) কোন নিষ্পত্তি-(ক) যদি কোন বিরোধের পক্ষগণের মধ্যে কোন সম্মত দিন থাকে, উক্ত দিন হইতে, এবং(খ) যদি উক্তরূপ কোন
2. <other_893_s7> [শিশু-মাতৃ স্বাস্থ্য ইনস্‌টিটিউট আইন, ২০০২, ধারা ৭] ইনস্‌টিটিউটের দায়িত্ব ও কার্যাবলী — ইনস্টিটিউটের দায়িত্ব ও কার্যাবলী হইবে নিম্নরূপ, যথা:-(১) শিশু ও মায়ের স্বাস্থ্য ও পুষ্টি বিষয়ে শিক্ষা, প্রশ
3. <other_1134_s6> [নিউরো-ডেভেলপমেন্টাল প্রতিবন্ধী  সুরক্ষা  ট্র, ধারা ৬] বুদ্ধিপ্রতিবন্ধিতা — নিম্নবর্ণিত বৈশিষ্ট্যসমূহের মধ্যে এক বা একাধিক বৈশিষ্ট্যের অধিকারী কোনো ব্যক্তি বুদ্ধিপ্রতিবন্ধি ব্যক্তি বলিয়
4. <labour_1285_s24> [বাংলাদেশ ইপিজেড শ্রম আইন, ২০১৯, ধারা ২৪] চাকরি হইতে অবসর গ্রহণ — (১) এই অধ্যায়ের অন্যত্র যাহা কিছুই উল্লে­খ থাকুক না কেন, কোনো প্রতিষ্ঠানে নিয়োজিত কোনো শ্রমিকের বয়স ৬০ (ষাট
5. <other_1126_s9> [প্রতিবন্ধী ব্যক্তির অধিকার ও সুরক্ষা আইন, ২০, ধারা ৯] বুদ্ধিপ্রতিবন্ধিতা (intellectual disability) — নিম্নবর্ণিত দফাসমূহে উল্লিখিত বৈশিষ্ট্যসমূহের মধ্যে এক বা একাধিক বৈশিষ্ট্যের অধিকারী ব্যক্তি ‘বুদ্ধিপ্রতিবন্ধী
6. <other_1169_s13> [ফাইনান্সিয়াল রিপোর্টিং আইন, ২০১৫, ধারা ১৩] চেয়ারম্যান ও নির্বাহী পরিচালকগণের অযোগ্যতা — কোন ব্যক্তি কাউন্সিলের চেয়ারম্যান বা নির্বাহী পরিচালক হিসাবে নিযুক্ত হইবার বা থাকিবার যোগ্য হইবেন না, যদি তিন
7. <other_1124_s2> [মাতৃদুগ্ধ বিকল্প, শিশু খাদ্য, বাণিজ্যিকভাবে , ধারা ২] সংজ্ঞা — বিষয় বা প্রসঙ্গের পরিপন্থী কোন কিছু না থাকিলে, এই আইনে,-(ক) ‘‘জাতীয় উপদেষ্টা কমিটি’’ অর্থ ধারা ৮ এর অধীন গঠি
8. <other_850_s7> [সালিস আইন, ২০০১, ধারা ৭] সালিস চুক্তির আওতাভুক্ত বিষয়ে আদালতের এখতিয়ার — সালিস চুক্তির কোন পক্ষ অপর কোন পক্ষের বিরুদ্ধে উক্ত চুক্তির অধীনে সালিসে অর্পণে সম্মত কোন বিষয়ে আইনগত কার্যধা
9. <other_1429_s2_p4> [আয়কর আইন, ২০২৩, ধারা ২] সংজ্ঞা — পরবর্তী সেপ্টেম্বর মাসের পনেরোতম দিন;(গ) পূর্বে কখনোই রিটার্ন দাখিল করেন নাই এইরূপ স্বাভাবিক ব্যক্তি করদাতার ক
10. <other_1087_s33> [অপরাধ সম্পর্কিত বিষয়ে পারস্পরিক সহায়তা আইন, , ধারা ৩৩] সহায়তার অনুরোধ অনুসারে বাংলাদেশে অবস্থানকারী ব্যক্তির প্রতি নিরাপদ আচরণ — (১) এই আইনের অধীন সহায়তা লাভের অনুরোধ অনুসারে কোন ব্যক্তির উপস্থিতি যাচনা করা হইলে, এবং তাহার প্রতি নিরাপদ আচ","family_305_s7, family_1444_s5",own_search,answered,2,
prot_0082_02,Sarwad,VERIFY,"আমার দাদি ১৯৯৪ সালে আমার ফুফুকে তাঁর সম্পত্তি আমার আব্বার সম্পূর্ণ অজান্তে দলিল নিবন্ধন করে দিয়ে দেন। প্রায় পাঁচ বছর পর আমরা এ কথা জানতে পারি। এ হিসাবে ফুফু তাঁর নিজের ও দাদির সম্পত্তির মালিক। ফুফু আমাদের বাড়িতে স্থায়ীভাবে বসবাস করতে চাইলে আমাদের আপত্তিতে তা পারেননি। ফলে ক্ষিপ্ত হয়ে তিনি তাঁর জায়গা স্থানীয় এক মাদ্রাসায় ২০০৮ সালের জুন/জুলাই মাসে (বিক্রি নয়, মূল্য ধার্য করে) দান করে দেন। তখনই আমরা দান করা জায়গাটি ফেরত আনার জন্য চেষ্টা করি। কিন্তু মাদ্রাসা কর্তৃপক্ষ জায়গাটির উচ্চমূল্য দাবি করায় আমরা তা ফেরত আনতে পারিনি। উল্লেখ্য, দান করা জায়গাটিই আমাদের বসতভিটা। আমার প্রশ্ন, শফি বা অন্য কোনো আইনি প্রক্রিয়ায় আমরা জায়গাটি ফেরত পাব কি? (আমরা জানতাম, শফির মেয়াদ তিন মাস। আর দানপত্রে কোনো শফি নেই। ঠিক কি?","1. <other_717_s2> [নির্দিষ্টকরণ আইন, ১৯৮৮, ধারা ২] ১৯৮৮-৮৯ অর্থ বত্সরের জন্য সংযুক্ত তহবিল হইতে উত্তোলনকৃত অর্থের অতিরিক্ত ১৩৭১৫,৯১,৯৫,০০০ টাকা উত্তোলন — নির্দিষ্টকরণ (অগ্রিম মঞ্জুরী দান) আইন, ১৯৮৮(১৯৮৮ সালের ৩২ নং আইন) দ্বারা সংযুক্ত তহবিল হইতে উত্তোলনকৃত দুই হাজ
2. <other_743_s4> [দানকর আইন, ১৯৯০, ধারা ৪] কতিপয় দানের ক্ষেত্রে অব্যাহতি — (১) নিম্নবর্ণিত ক্ষেত্রসমূহে কোন ব্যক্তির কৃত দানের উপর এই আইনের অধীন কোন দানকর আরোপযোগ্য হইবে না, যথা :-(ক) দ
3. <land_1455_s5> [ভূমি সংস্কার আইন, ২০২৩, ধারা ৫] স্থাবর সম্পত্তির বেনামি লেনদেন — (১) কোনো ব্যক্তি নিজের উপকারার্থে কোনো স্থাবর সম্পত্তির বেনামি লেনদেন করিতে পারিবেন না।ব্যাখ্যা।-এই ধারায় ‘বে
4. <women_children_1063_s15_p2> [পারিবারিক সহিংসতা (প্রতিরোধ ও সুরক্ষা) আইন, , ধারা ১৫] বসবাস আদেশ — বিবাহের সময় অর্জিত যে কোন সম্পদ এবং অস্থাবর সম্পত্তি, মূল্যবান দলিল, সনদ এবং অন্য কোন সম্পদ বা মূল্যবান জামান
5. <criminal_procedure_1239_s23> [রংপুর মহানগরী পুলিশ আইন, ২০১৮, ধারা ২৩] বেওয়ারিশ সম্পত্তির দায়িত্ব গ্রহণ ও বিলিবণ্টন — (১) নিম্নবর্ণিত সম্পত্তির সাময়িকভাবে দায়িত্ব গ্রহণ করা পুলিশ অফিসারের কর্তব্য হইবে, যথা :-(ক) তাহার গোচরীভূত
6. <criminal_procedure_1238_s23> [গাজীপুর মহানগরী পুলিশ আইন, ২০১৮, ধারা ২৩] বেওয়ারিশ সম্পত্তির দায়িত্ব গ্রহণ ও বিলিবণ্টন — (১) নিম্নবর্ণিত সম্পত্তির সাময়িকভাবে দায়িত্ব গ্রহণ করা পুলিশ অফিসারের কর্তব্য হইবে, যথা :-(ক) তাহার গোচরীভূত
7. <other_1476_s34> [কাস্টমস আইন, ২০২৩, ধারা ৩৪] তিন বৎসরের মধ্যে ফেরত প্রদান দাবি করা — (১) অসাবধানতা, ভুলবশত, ভুল ব্যাখ্যা বা অন্য কোনোভাবে পরিশোধিত বা অতিরিক্ত পরিশোধিত বলিয়া দাবিকৃত কোনো কাস্টমস
8. <money_recovery_876_s42> [সমবায় সমিতি আইন, ২০০১, ধারা ৪২] সমিতির ধারণকৃত কতিপয় জমির দখল এবং জমির স্বার্থ হস্তান্তরে বাধা-নিষেধ — এই আইনের অন্য কোন ধারায় কিংবা আপাততঃ বলবত্ অন্য কোন আইনে যাহাই থাকুক না কেন-(ক) যেই সমবায় সমিতির উদ্দেশ্য হই
9. <other_1303_s52> [অর্থ আইন, ২০২০, ধারা ৫২] আয়কর — (১) উপ-ধারা (৩) এর বিধানাবলি সাপেক্ষে, ২০২০ সালের ১ জুলাই তারিখে আরদ্ধ কর বৎসরের জন্য কোনো কর নির্ধারণের ক্ষেত
10. <other_1076_s78> [অর্থ আইন, ২০১১, ধারা ৭৮] ১৯৯১ সনের ২২ নং আইনে নুতন ধারা ৭১গ এর সন্নিবেশ — উক্ত আইনের ধারা ৭১খ এর পর নিম্নরূপ নূতন ধারা ৭১গ সন্নিবেশিত হইবে, যথাঃ‘‘৭১গ। কর ফেরত প্রদান এবং পুরস্কার ও আর্","other_48_s122, other_48_s123, other_48_s126",own_search,answered,2,
ajke_0159_01,Sarwad,VERIFY,"প্রশ্ন: স্বামীসহ শ্বশুরবাড়ির সবাই আমাকে শারীরিকভাবে নির্যাতন করে। এখন আমি যৌতুক নিরোধ আইনে মামলা করেছি। আমার উকিল আমাকে ভুল বুঝিয়ে স্বামীকে অস্থায়ী জামিন করিয়ে দিয়েছেন। এখন আমাকে ধমক দেওয়া হচ্ছে। মামলা খারিজ করে ফেলবে কি না, সে বিষয়ে এখন আমার ভয় হচ্ছে। উকিল এখন আমার হয়ে আদালতে মুভ করেন না। আমার করণীয় কী?","1. <money_recovery_901_s28> [অর্থ ঋণ আদালত আইন, ২০০৩, ধারা ২৮] জারীর জন্য মামলা দাখিলের সময়সীমা — (১) TheLimitation Act, 1908এবং TheCode of Civil Procedure, 1908এ ভিন্নতর যে বিধানই থাকুক না কেন, ডিক্রীদার, আদ
2. <labour_952_s216_p1> [বাংলাদেশ শ্রম আইন, ২০০৬, ধারা ২১৬] অপরাধ বিচার ছাড়া অন্য কোন বিষয়ে শ্রম আদালতের ক্ষমতা ওকার্যক্রম — বা আপত্তি পেশ করিতে ব্যর্থ হয়, তাহা হইলে মামলাটি একতরফা শুনানীক্রমে নিষ্পত্তি করা হইবে।(৬) কোন পক্ষের আবেদনক্
3. <other_1061_s19> [পরিবেশ আদালত আইন, ২০১০, ধারা ১৯] আপীল — (১) দেওয়ানী কার্যবিধি বা ফৌজদারী কার্যবিধিতে ভিন্নতর যাহা কিছুই থাকুক না কেন, এই আইনের বিধান অনুযায়ী ব্যতীত 
4. <other_1088_s13> [মানিলন্ডারিং প্রতিরোধ আইন, ২০১২, ধারা ১৩] জামিন সংক্রান্ত বিধান — এই আইনের অধীন অভিযুক্ত কোন ব্যক্তিকে জামিনে মুক্তি দেওয়া যাইবে, যদি—(ক) তাহাকে জামিনে মুক্তি দেওয়ার আবেদনের 
5. <consumer_1011_s29> [তথ্য অধিকার আইন, ২০০৯, ধারা ২৯] মামলা দায়েরের ক্ষেত্রে প্রতিবন্ধকতা — এই আইনের অধীন কৃত বা কৃত বলিয়া গণ্য কোন কার্য, গৃহীত কোন ব্যবস্থা, প্রদত্ত কোন আদেশ বা নির্দেশের বৈধতা সম্পর্
6. <other_812_s33> [দেউলিয়া বিষয়ক আইন, ১৯৯৭, ধারা ৩৩] নিষ্পন্নাধীন মামলা ইত্যাদির স্থানান্তর — (১) আপাততঃ বলবত্ অন্য কোন আইনে যাহা কিছুই থাকুক না কেন, কোন দেনাদারের বিরুদ্ধে অর্থ বা অন্য কোন সম্পত্তির দাবী
7. <other_1271_s55> [সরকারি চাকরি আইন, ২০১৮, ধারা ৫৫] সীমাবদ্ধতা — এই আইনের অন্যান্য বিধান ও আপাতত বলবৎ অন্য কোনো আইনে যাহা কিছুই থাকুক না কেন, ধারা ৫, ১৪, ১৫, ২৯, ৪০, ৪২ ও ৪৫ এ
8. <family_938_s16> [গ্রাম আদালত আইন, ২০০৬, ধারা ১৬] কতিপয় মামলার স্থানান্তর — (১) যেক্ষেত্রে24[চীফ জুডিসিয়াল ম্যাজিস্ট্রেট] মনে করেন যে, তফসিলের ১ম অংশে বর্ণিত25[ফৌজদারী মামলা] সম্পর্কিত 
9. <money_recovery_901_s19> [অর্থ ঋণ আদালত আইন, ২০০৩, ধারা ১৯] একতরফা ডিক্রী সম্পর্কিত বিধান — (১) মামলার শুনানীর জন্য ধার্য কোন তারিখে বিবাদী আদালতে অনুপস্থিত থাকিলে, কিংবা মামলা শুনানীর জন্য গৃহীত হইবার 
10. <other_1586_s18> [গুম প্রতিরোধ ও প্রতিকার অধ্যাদেশ, ২০২৫, ধারা ১৮] অপরাধের আমলযোগ্যতা, জামিনঅযোগ্যতা ইত্যাদি — (১) এই অধ্যাদেশের অধীন সংঘটিত অপরাধ আমলযোগ্য, জামিন-অযোগ্য এবং আপস-অযোগ্য হইবে। (২) এই অধ্যাদেশের অধীন শাস্তিয","women_children_1063_s11, women_children_1063_s13",own_search,answered,2,
lawy_0323_01,Sarwad,VERIFY,"মায়ের সম্পত্তিতে মেয়ে, ছেলে ও বাবার অংশ অংশ কতটুকু?","1. <other_822_s10> [পার্বত্য চট্টগ্রাম আঞ্চলিক পরিষদ আইন, ১৯৯৮, ধারা ১০] সম্পত্তি সম্পর্কিত ঘোষণা — চেয়ারম্যান ও প্রত্যেক সদস্য তাহার কার্যভার গ্রহণের পূর্বে তাহার এবং তাঁহার পরিবারের কোন সদস্যের স্বত্ব, দখল ব
2. <local_government_1027_s41> [স্থানীয় সরকার (ইউনিয়ন পরিষদ) আইন, ২০০৯, ধারা ৪১] সম্পত্তি সম্পর্কিত ঘোষণা — চেয়ারম্যান ও সদস্য তাঁহার কার্যভার গ্রহণের পূর্বে তাঁহার এবং তাঁহার পরিবারের কোন সদস্যের স্বত্ব, দখল বা স্বার
3. <local_government_827_s10> [উপজেলা পরিষদ আইন, ১৯৯৮, ধারা ১০] সম্পত্তি সম্পর্কিত ঘোষণা — 14[চেয়ারম্যান ও ভাইস চেয়ারম্যান ] তাঁহার কার্যভার গ্রহণের পূর্বে তাঁহার এবং তাঁহার পরিবারের কোন সদস্যের স্বত
4. <other_1429_s2_p0> [আয়কর আইন, ২০২৩, ধারা ২] সংজ্ঞা — বিষয় বা প্রসঙ্গের পরিপন্থি কোনো কিছু না থাকিলে, এই আইনে,-(১) “অবলোপিত মূল্য” অর্থ তৃতীয় তফসিলের অংশ ১ এ সংজ্
5. <other_893_s7> [শিশু-মাতৃ স্বাস্থ্য ইনস্‌টিটিউট আইন, ২০০২, ধারা ৭] ইনস্‌টিটিউটের দায়িত্ব ও কার্যাবলী — ইনস্টিটিউটের দায়িত্ব ও কার্যাবলী হইবে নিম্নরূপ, যথা:-(১) শিশু ও মায়ের স্বাস্থ্য ও পুষ্টি বিষয়ে শিক্ষা, প্রশ
6. <other_812_s78> [দেউলিয়া বিষয়ক আইন, ১৯৯৭, ধারা ৭৮] বণ্টনযোগ্য অংশ ঘোষণার পূর্বে পাওনা প্রদান করেন নাই এইরূপ পাওনাদারের অধিকার — বণ্টনযোগ্য অংশ ঘোষিত হওয়ার পূর্বে কোন পাওনাদার তাহার পাওনা প্রমাণ না করিয়া থাকিলে আপাততঃ রিসিভারের হাতে যে অ
7. <local_government_1027_s2_p1> [স্থানীয় সরকার (ইউনিয়ন পরিষদ) আইন, ২০০৯, ধারা ২] সংজ্ঞা — শহর হিসাবে ঘোষিত নয় এইরূপ এলাকা;(১৩) 'চেয়ারম্যান' অর্থ ইউনিয়ন পরিষদের চেয়ারম্যান;(১৪) 'জনপথ' অর্থ সর্বসাধা
8. <other_951_s5> [এশিয়ান ইউনিভার্সিটি ফর উইমেন আইন, ২০০৬, ধারা ৫] চার্টার আইনের অংশ — চার্টার এই আইনের অংশ হইবে।
9. <money_recovery_876_s64> [সমবায় সমিতি আইন, ২০০১, ধারা ৬৪] স্বার্থসংশ্লিষ্ট ব্যক্তিদের প্রতি নোটিশ প্রদান — ধারা ৬২ তে অর্পিত ক্ষমতাবলে88[সমবায় ভূমি উন্নয়ন ব্যাংক, কেন্দ্রীয় সমবায় ভূমি উন্নয়ন ব্যাংক] বা জাতীয় সমব
10. <other_1725_s156> [অর্থ আইন, ২০২৬, ধারা ১৫৬] ২০২৩ সনের ১২ নং আইনের পঞ্চম তফসিলের সংশোধন — উক্ত আইনের পঞ্চম তফসিলের- (ক) শিরোনামে উল্লিখিত “খনিজ সম্পদের” শব্দগুলি বিলুপ্ত হইবে; (খ) অংশ ১ এর অনুচ্ছেদ (২",other_173_s2,own_search,answered,1,
prot_0014_01,Sarwad,VERIFY,"আমরা দুই বোন মায়ের ৩০ ডেসিমেল জমি কিনি। এক দাগে ছিল ১৯, আরেক দাগে ছিল ১১ ডেসিমেল। আমি ১১ ডেসিমেল জমি আমার স্বামীর নামে দানপত্র করে দিই। ১০ বছর পর স্বামী আবার আমাকে ১১ ডেসিমেল ফেরত দেয়। আমি ওই ১১ ডেসিমেল বিক্রি করে দিয়েছি। আমার প্রশ্ন হলো, আমি ১১ ডেসিমেল বিক্রি করতে পারি কি না? উল্লেখ্য, স্বামীর নামে নামজারি করা আছে","1. <other_1266_s2_p2> [বাংলাদেশ মুক্তিযোদ্ধা কল্যাণ ট্রাস্ট আইন, ২০, ধারা ২] সংজ্ঞা — জামায়াতে ইসলামী এবং তাহাদের সহযোগী রাজাকার, আলবদর, আলশামস বাহিনীর বিরুদ্ধে গণপ্রজাতন্ত্রী বাংলাদেশের স্বাধীনত
2. <other_1725_s21_p2> [অর্থ আইন, ২০২৬, ধারা ২১] ২০১২ সনের ৪৭ নং আইনের দ্বিতীয় তফসিলের সংশোধন — সকল এইচ,এস,কোড Other vegetables, fresh or chilled. ২০ ০৮.০১ এবং ০৮.০২ ০৮০১.১১.১০ ০৮০১.১২.১০ ০৮০১.১৯.১০ ০৮০১.২১
3. <women_children_835_s11> [নারী ও শিশু নির্যাতন দমন আইন, ২০০০, ধারা ১১] যৌতুকের জন্য মৃত্যু ঘটানো, ইত্যাদির শাস্তি — যদি কোন নারীর স্বামী অথবা স্বামীর পিতা, মাতা, অভিভাবক, আত্মীয় বা স্বামীর পক্ষে অন্য কোন ব্যক্তি যৌতুকের জন্য 
4. <other_1718_s27_p2> [অর্থ (২০২৫-২০২৬ অর্থ বৎসর) আইন, ২০২৬, ধারা ২৭] ২০১২ সনের ৪৭ নং আইনের দ্বিতীয় তফসিলের সংশোধন — ০৮০২.৬১.১০ ০৮০২.৬২.১০ ০৮০২.৭০.১০ ০৮০২.৯৯.৯১ Coconuts, Brazil nuts, cashew nuts and other nuts, fresh or dried 
5. <other_1443_s2_p1> [বাংলাদেশ ক্ষুদ্র ও কুটির শিল্প কর্পোরেশন আইন, ধারা ২] সংজ্ঞা — (Bangladesh Small and Cottage Industries Corporation);(৬) ‘ক্ষুদ্র শিল্প’ অর্থ-(ক) পণ্য উৎপাদনের ক্ষেত্রে সেই 
6. <other_1412_s6_p0> [বেসরকারি মেডিকেল কলেজ ও ডেন্টাল কলেজ আইন, ২০, ধারা ৬] বেসরকারি মেডিকেল কলেজ বা ডেন্টাল কলেজ স্থাপনের শর্তাবলি — এই আইনের অধীন বেসরকারি মেডিকেল কলেজ বা ডেন্টাল কলেজ স্থাপনের লক্ষ্যে নিম্নবর্ণিত শর্তাবলি পূরণ করিতে হইবে, যথা
7. <other_1302_s2> [নির্দিষ্টকরণ (সম্পূরক) আইন, ২০২০, ধারা ২] ২০১৯-২০২০ অর্থবৎসরের জন্য সংযুক্ত তহবিল হইতে ৪৬৫১৬,১১,১০,০০০ (ছেচল্লিশ হাজার পাঁচশত ষোল কোটি এগারো লক্ষ দশ হাজার) টাকা প্রদান — ২০২০ সনের ৩০ জুন তারিখে সমাপ্য অর্থবৎসরে যেই সকল ব্যয় উক্ত বৎসরের অর্থ পরিশোধের আওতাধীন হইতে পারে সেই সকল ব্য
8. <other_1429_s133> [আয়কর আইন, ২০২৩, ধারা ১৩৩] প্রকাশ্য নিলামের বিক্রি হইতে কর সংগ্র — (১) কোনো ব্যক্তি কোনো নির্দিষ্ট মালিকের কোনো পণ্য বা সম্পত্তি সীলমোহরযুক্ত দরপত্রের মাধ্যমে প্রকাশ্য নিলামে বি
9. <land_90_s13> [The Registration Act, 1908, ধারা 13] Report to Government of appointments under sections 10, 11 and 12 — (1) All appointments made under section 10, section 11 or section 12 shall be reported to the Government by th
10. <other_838_s57> [অর্থ আইন, ২০০০, ধারা ৫৭] ৫৭৷ Ordinance No. XXXVI of 1984 এর section 32 এর সংশোধন — Income-tax Ordinance এর section 32 এর(ক) sub-sections (6), (8) ও (9) বিলুপ্ত হইবে;(খ) sub-section (12) এ “sub-","other_48_s122, other_48_s123",own_search,answered,2,
prot_0091_05,Sarwad,VERIFY,"আমার বয়স ৩০ বছর। আমি একটি টেক্সটাইল মিলে সহকারী প্রকৌশলী হিসেবে কর্মরত এবং ভালো বেতন পাই। একটি মেয়েকে পছন্দ করি এবং পারিবারিকভাবে ২০০৮ সালের ১৮ জানুয়ারি বিয়ে করি। বিয়ের সময় চার লাখ টাকা দেনমোহর ধার্য করা হয়। এর মধ্যে ১০-১২ হাজার টাকা উশুল করা হয়। বিয়ের পর আমি জানতে পারি, একটি ছেলের সঙ্গে তার সম্পর্ক ছিল। তিন মাস ভালোই চলছিল। হঠাত্ আমার চাকরি চলে যায়। কিছুদিন পর একটি কম বেতনের চাকরি পাই। এর পর থেকেই আমার স্ত্রী ও শ্বশুর-শাশুড়ি আমার সঙ্গে খারাপ ব্যবহার করতে থাকেন। আমার স্ত্রী বিকম প্রথম বর্ষে পড়ে। সে আমার কাছে দামি অলংকার চাইত, কিন্তু আমি দিতে পারতাম না। এসব নিয়ে প্রায়ই ঝগড়া হতো। একদিন শ্বশুর-শাশুড়ির সঙ্গে আমার ঝগড়া হয় এবং তাঁরা বলেন, তাঁদের মেয়েকে আমার কাছে আর থাকতে দেবেন না। সময়মতো তালাকনামা পাঠিয়ে দেবেন। গত মে মাস থেকে তাঁরা আমাকে স্ত্রীর সঙ্গে দেখা করতে দেন না। বলেন, সে তোমার সামনে আসবে না। তখন আমি তালাকনামা চাইলে শ্বশুর বলেন, সময় হলে পাঠিয়ে দেব। তারপর অনেক দিন হলো, এখন পর্যন্ত তালাকনামা পাঠায়নি। আমার বাবা-মা গিয়েছিলেন বউকে আনার জন্য, কিন্তু তাঁরা আমার স্ত্রীকে আসতে দেননি, বরং আমার বাবা-মায়ের সঙ্গে খারাপ ব্যবহার করেছেন। এখন আমি কী করব?নাম প্রকাশে অনিচ্ছুক","1. <criminal_procedure_1239_s47> [রংপুর মহানগরী পুলিশ আইন, ২০১৮, ধারা ৪৭] মিথ্যা বিবৃতি, ইত্যাদির জন্য দণ্ড — কোনো ব্যক্তি পুলিশ অফিসার হিসাবে চাকরি লাভের অথবা চাকরি হইতে অব্যাহতি লাভের জন্য কোনো মিথ্যা বিবৃতিদান বা মিথ্
2. <criminal_procedure_1238_s47> [গাজীপুর মহানগরী পুলিশ আইন, ২০১৮, ধারা ৪৭] মিথ্যা বিবৃতি, ইত্যাদির জন্য দণ্ড — কোনো ব্যক্তি পুলিশ অফিসার হিসাবে চাকরি লাভের অথবা চাকরি হইতে অব্যাহতি লাভের জন্য কোনো মিথ্যা বিবৃতিদান বা মিথ্
3. <criminal_procedure_1239_s76> [রংপুর মহানগরী পুলিশ আইন, ২০১৮, ধারা ৭৬] প্রকাশ্যে অশালীন ব্যবহারের দণ্ড — কোনো ব্যক্তি রাস্তায় বা সর্বসাধারণের ব্যবহার্য প্রকাশ্য স্থানে, অথবা রাস্তা বা অনুরূপ স্থান হইতে দেখা যায় এই
4. <criminal_procedure_1238_s76> [গাজীপুর মহানগরী পুলিশ আইন, ২০১৮, ধারা ৭৬] প্রকাশ্যে অশালীন ব্যবহারের দণ্ড — কোনো ব্যক্তি রাস্তায় বা সর্বসাধারণের ব্যবহার্য কোন প্রকাশ্য স্থানে, অথবা রাস্তা বা অনুরূপ স্থান হইতে দেখা যায
5. <labour_1285_s24> [বাংলাদেশ ইপিজেড শ্রম আইন, ২০১৯, ধারা ২৪] চাকরি হইতে অবসর গ্রহণ — (১) এই অধ্যায়ের অন্যত্র যাহা কিছুই উল্লে­খ থাকুক না কেন, কোনো প্রতিষ্ঠানে নিয়োজিত কোনো শ্রমিকের বয়স ৬০ (ষাট
6. <labour_1285_s52> [বাংলাদেশ ইপিজেড শ্রম আইন, ২০১৯, ধারা ৫২] অর্জিত ছুটি — (১) কোনো প্রতিষ্ঠানে অবিচ্ছিন্নভাবে ১ (এক) বৎসর চাকরি সম্পূর্ণ করিয়াছেন এমন প্রত্যেক শ্রমিক পরবর্তী ১২ (বারো)
7. <other_1155_s32> [রাজশাহী কৃষি উন্নয়ন ব্যাংক আইন, ২০১৪, ধারা ৩২] অননুমোদিতভাবে ব্যাংকের নাম ব্যবহারের দন্ড — (১) ব্যাংকের লিখিত সম্মতি ব্যতীত কোন প্রসপেকটাস, বিজ্ঞাপন বা অন্য কোথাও ব্যাংকের নাম ব্যবহার করা যাইবে না।(২) 
8. <other_1246_s99_p3> [ক্যান্টনমেন্ট আইন, ২০১৮, ধারা ৯৯] উপদ্রব সৃষ্টির শাস্তি — জন্তু অবাধে ছাড়িয়া দেন বা অবহেলাক্রমে এইরূপ করিতে দেন;তাহা হইলে তিনি অন্যূন ৩ (তিন) হাজার এবং অনধিক ২৫ (পঁচি
9. <labour_1285_s2_p1> [বাংলাদেশ ইপিজেড শ্রম আইন, ২০১৯, ধারা ২] সংজ্ঞা — (১৯৯৪ সনের ১৮ নং আইন) এর অধীন নিবন্ধিত কোনো কোম্পানি, যাহার অধীন কোনোজোনেএক বা একাধিক শিল্প প্রতিষ্ঠান রহিয়াছ
10. <criminal_procedure_1012_s52> [সিলেট মহানগরী পুলিশ আইন, ২০০৯, ধারা ৫২] নিয়োগপত্র, প্রভৃতি ফেরৎ দিতে গাফিলতি বা অস্বীকৃতি জ্ঞাপনের দণ্ড — কোন পুলিশ কর্মকর্তা বাহিনীর সহিত সম্পর্ক ছিন্ন হওয়ার অব্যবহিত পরে তাহার নিয়োগপত্র, অস্ত্র, পোশাক ও অন্যান্য ","family_305_s7, family_1444_s5",own_search,answered,2,
ajke_0162_01,Sarwad,VERIFY,"রাফির (ছদ্মনাম) সঙ্গে আমি ২৩-০২-২০২৪ তারিখে বিবাহবন্ধনে আবদ্ধ হই। কিন্তু বিয়ের পরপরই তার চরিত্রের বিভিন্ন জঘন্য দিক আমার সামনে চলে আসে। বিয়ের পরে তার সঙ্গে আরও অনেক নারীর সম্পর্কের কথা আমি জানতে পারি। এ ছাড়া কথায় কথায় সে আমার গায়ে হাত তুলত। একপর্যায়ে রাফি আমাকে মৌখিকভাবে তালাক দেয়। এসব সহ্য করতে না পেরে বিয়ের এক মাস না যেতেই আমি তার থেকে সেপারেশনে চলে যাই। পরবর্তী সময়ে আরেকজন নারী আমাকে জানায় যে রাফি আমাকে ডিভোর্স করেছে। আমি প্রমাণ দেখতে চাইলে সে আমাকে একটি অসম্পূর্ণ তালাকনামা পাঠায়। ওই তালাকনামায় আমাদের বিবাহের তারিখ উল্লেখ ছিল না। এমনকি তালাকের তারিখের স্থানে আমাদের বিয়ের তারিখের আগের একটি তারিখ দেওয়া হয়। পরে রাফির সঙ্গে বিয়ের কথা গোপন করে পুনরায় বিয়ে করে ফেলি। যেহেতু আমি ভেবেছিলাম রাফি আমাকে মৌখিকভাবে তালাক দিয়েছে এবং সেই অসম্পূর্ণ তালাকনামাটিও আমার কাছে ছিল। প্রায় এক বছর পর রাফি পুনরায় আমাকে তার স্ত্রী হিসেবে দাবি করছে, যখন আমি আমার বর্তমান স্বামীকে নিয়ে সুখের সংসার করছি। সে আমাকে বিভিন্ন মামলার ভয় দেখাচ্ছে। রাফিকে মেনে নেওয়া আমার পক্ষে সম্ভব নয়। আর আমার বর্তমান স্বামীর কাছে আমি এখন সব জানিয়েছি, তারপরও সে আমাকে মেনে নিয়েছে এবং আমার সঙ্গে সংসার করতে চাচ্ছে। এখন আমার কী করণীয়? নাম প্রকাশে অনিচ্ছুক","1. <labour_952_s223> [বাংলাদেশ শ্রম আইন, ২০০৬, ধারা ২২৩] নিষ্পত্তি, ইত্যাদি বলবৎ এর তারিখ — (১) কোন নিষ্পত্তি-(ক) যদি কোন বিরোধের পক্ষগণের মধ্যে কোন সম্মত দিন থাকে, উক্ত দিন হইতে, এবং(খ) যদি উক্তরূপ কোন
2. <labour_1285_s139> [বাংলাদেশ ইপিজেড শ্রম আইন, ২০১৯, ধারা ১৩৯] মীমাংসা, রোয়েদাদ, ইত্যাদি কার্যকর হইবার তারিখ । - — (১) মীমাংসা কার্যকর হইবে-(ক) বিরোধীয় পক্ষগণ সর্বসম্মতভাবে কোনো তারিখ তদুদ্দেশ্যে নির্দিষ্ট করিয়া থাকিলে, ঐ ত
3. <local_government_1024_s8> [স্থানীয় সরকার (পৌরসভা) আইন, ২০০৯, ধারা ৮] পৌরসভার মেয়াদ, ইত্যাদি — (১) ধারা ৬ এর বিধান সাপেক্ষে, পৌরসভা গঠনের পর প্রথম সভার তারিখ হইতে পরবর্তী পাঁচ বৎসর পর্যন্ত উক্ত পৌরসভার মেয
4. <local_government_827_s17> [উপজেলা পরিষদ আইন, ১৯৯৮, ধারা ১৭] নির্বাচন অনুষ্ঠানের সময় — নিম্নবর্ণিত সময়ে28[চেয়ারম্যান, ভাইস চেয়ারম্যান] ও মহিলা সদস্যগণের নির্বাচন অনুষ্ঠিত হইবে, যথা:-29[(ক) প্রথম
5. <other_1448_s1> [বাংলাদেশ চিকিৎসা শিক্ষা অ্যাক্রেডিটেশন আইন, , ধারা ১] সংক্ষিপ্ত শিরোনাম ও প্রবর্তন — (১) এই আইনবাংলাদেশ চিকিৎসা শিক্ষা অ্যাক্রেডিটেশন আইন, ২০২৩নামে অভিহিত হইবে।(২) সরকার, সরকারি গেজেটে প্রজ্ঞাপন 
6. <other_788_s183> [কোম্পানী আইন, ১৯৯৪, ধারা ১৮৩] বার্ষিক ব্যালান্স শীট — (১) ধারা ৮১ অনুযায়ী অনুষ্ঠিত প্রত্যেক বার্ষিক সাধারণ সভায় কোম্পানীর পরিচালক পরিষদ, এই ধারার উপ-ধারা (২) অনুস
7. <tenancy_748_s19_p0> [বাড়ী ভাড়া নিয়ন্ত্রণ আইন, ১৯৯১, ধারা ১৯] কতিপয় পরিস্থিততে ভাড়াটিয়া কর্তৃক ভাড়া জমা — (১) যেক্ষেত্রে কোন বাড়ী-মালিক ভাড়াটিয়া কর্তৃক ডাক মনি অর্ডার যোগে প্রেরিত ধারা ১৮ এ উল্লিখিত কোন ভাড়া গ্রহ
8. <other_1472_s33_p0> [বাংলাদেশ পেটেন্ট আইন, ২০২৩, ধারা ৩৩] পেটেন্ট রদ (Revocation) — (১) এই আইনের বিধানাবলি সাপেক্ষে, এই আইন প্রবর্তিত হইবার পূর্বে হউক বা পরে, কোনো ব্যক্তি বা সরকার কর্তৃক পিটিশন
9. <other_788_s36_p0> [কোম্পানী আইন, ১৯৯৪, ধারা ৩৬] সদস্যগণের বার্ষিক তালিকা ও সার-সংক্ষেপ — (১) শেয়ার-মূলধন বিশিষ্ট প্রত্যেক কোম্পানী, নিগমিত হওয়ার আঠার মাসের মধ্যে, এবং উহার পর প্রতি বত্সর অন্ত্মতঃ এ
10. <other_1045_s18> [চার্টার্ড সেক্রেটারীজ আইন, ২০১০, ধারা ১৮] রেজিস্টার — (১) সচিব, নিম্নবর্ণিত তথ্যাদি উল্লেখপূর্বক, নির্ধারিত পদ্ধতিতে, সদস্যগণের নাম রেজিস্টারে অন্তর্ভুক্ত ও সংরক্ষণ","family_305_s7, family_476_s6, family_1444_s5",own_search,answered,3,
prot_0056_05,Sarwad,VERIFY,"আমি স্নাতক পর্যায়ে পড়াশোনা করছি। আমার বাবা একটি ব্যাংকে কর্মরত। তিনি প্রথম স্ত্রী থাকা সত্ত্বেও আমার মাকে জোরপূর্বক বিয়ে করেন। তার এক বছর পর আমার জন্ম হয়। আমার জন্মের কিছুদিন পর থেকেই আব্বু এবং তাঁর প্রথম স্ত্রী মিলে আমাকে মেরে ফেলার চেষ্টা করলে এক রাতে মা আমাকে নিয়ে পালিয়ে নানার বাসায় চলে আসেন। এরপর বাবা কাউকে না জানিয়ে মাকে তালাক দেন। কিন্তু মা আজ পর্যন্ত এ বিষয়ে কোনো কাগজপত্র পাননি। বাবা অনেক ক্ষমতাবান এবং অর্থসম্পদের মালিক। তাঁর প্রথম স্ত্রীর দুই ছেলে ও এক মেয়ে। আমার মায়ের সন্তান আমি একাই। কিছুদিন আগে শুনেছি, বাবার সব সম্পত্তি তাঁর দুই ছেলে এবং এক মেয়ের নামে লিখে দিয়েছেন। বাবার সঙ্গে আমি অনেকবার যোগাযোগ করার চেষ্টা করেছি, কিন্তু কোনো লাভ হয়নি। তিনি ও তাঁর স্ত্রী মিলে আমাকে মেরে ফেলার হুমকি দেন। আম্মুর আর্থিক অবস্থা ভালো না। তিনি অনেক কষ্ট করে আমাকে পড়াশোনা করাচ্ছেন। তিনি অসুস্থ থাকায় আমার পড়াশোনা বন্ধ হয়ে গেছে। আমি কি আইনসম্মতভাবে বাবার কোনো সম্পদের অংশ পেতে পারি? তাঁর পেনশনের টাকার অংশ আমি পাব কি? নাম প্রকাশে অনিচ্ছুক","1. <other_1418_s21_p2> [বাংলাদেশ সুপ্রীম কোর্টের বিচারক (ছুটি, পেনশন, ধারা ২১] আনুতোষিক ও পারিবারিক পেনশন — হিসাবে প্রাপ্য হইতেন।(৩) কোনো বিচারক, অবসর গ্রহণের পর তাহার গ্রস-পেনশনের সম্পূর্ণ অংশ সমর্পণ করিতে পারিবেন এবং
2. <other_822_s10> [পার্বত্য চট্টগ্রাম আঞ্চলিক পরিষদ আইন, ১৯৯৮, ধারা ১০] সম্পত্তি সম্পর্কিত ঘোষণা — চেয়ারম্যান ও প্রত্যেক সদস্য তাহার কার্যভার গ্রহণের পূর্বে তাহার এবং তাঁহার পরিবারের কোন সদস্যের স্বত্ব, দখল ব
3. <other_788_s335_p1> [কোম্পানী আইন, ১৯৯৪, ধারা ৩৩৫] দণ্ড — বার মাসের মধ্যে অথবা পরবর্তী যে কোন সময়ে একশত বা ততোধিক টাকা মূল্যের কোম্পানীর সম্পত্তির কোন অংশ প্রতারণামূলক
4. <local_government_1027_s41> [স্থানীয় সরকার (ইউনিয়ন পরিষদ) আইন, ২০০৯, ধারা ৪১] সম্পত্তি সম্পর্কিত ঘোষণা — চেয়ারম্যান ও সদস্য তাঁহার কার্যভার গ্রহণের পূর্বে তাঁহার এবং তাঁহার পরিবারের কোন সদস্যের স্বত্ব, দখল বা স্বার
5. <local_government_827_s10> [উপজেলা পরিষদ আইন, ১৯৯৮, ধারা ১০] সম্পত্তি সম্পর্কিত ঘোষণা — 14[চেয়ারম্যান ও ভাইস চেয়ারম্যান ] তাঁহার কার্যভার গ্রহণের পূর্বে তাঁহার এবং তাঁহার পরিবারের কোন সদস্যের স্বত
6. <other_1124_s7> [মাতৃদুগ্ধ বিকল্প, শিশু খাদ্য, বাণিজ্যিকভাবে , ধারা ৭] শিক্ষামূলক বা অন্যান্য তথ্যাদি — জন্ম-পূর্ববর্তী বা জন্ম-পরবর্তী সেবা দানের উদ্দেশ্যে কোন গর্ভবতী মহিলা বা মাতৃদুগ্ধদানকারী বা শিশুর মায়েদের স
7. <other_812_s91> [দেউলিয়া বিষয়ক আইন, ১৯৯৭, ধারা ৯১] পাওনাদার ইত্যাদির অপরাধ — (১) এই ধারার অধীন কোন কার্যধারায়, কোন পাওনাদার যদি এমন কোন দাবী উত্থাপন, ঘোষণা বা হিসাব প্রদান করেন যাহার গুর
8. <other_812_s9> [দেউলিয়া বিষয়ক আইন, ১৯৯৭, ধারা ৯] দেউলিয়া কর্ম — (১) কোন দেনাদারের নিম্্নবর্ণিত যেকোন একটি কাজই হইবে দেউলিয়া কর্ম, যথা :- (ক) যদি তিনি বাংলাদেশ বা অন্যত্র তাহ
9. <other_1266_s2_p2> [বাংলাদেশ মুক্তিযোদ্ধা কল্যাণ ট্রাস্ট আইন, ২০, ধারা ২] সংজ্ঞা — জামায়াতে ইসলামী এবং তাহাদের সহযোগী রাজাকার, আলবদর, আলশামস বাহিনীর বিরুদ্ধে গণপ্রজাতন্ত্রী বাংলাদেশের স্বাধীনত
10. <other_812_s32> [দেউলিয়া বিষয়ক আইন, ১৯৯৭, ধারা ৩২] অব্যাহতিপ্রাপ্ত সম্পত্তি — এই আইনের অন্য কোন বিধানে যাহা কিছুই থাকুক না কেন, একক দেনাদারের নিম্্নবর্ণিত সম্পত্তির দখল ২৩ ধারার অধীনে গ্রহ",other_173_s2,own_search,answered,2,
prot_0137_01,Sarwad,VERIFY,"পত্রপত্রিকায় প্রায়ই খবর আসে অমুক গ্রামে গ্রাম্য সালিসে কোনো ব্যক্তি বা পরিবারকে এই বা ওই শাস্তি দেওয়া হয়েছে। দেশের প্রচলিত আইনে গ্রাম্য সালিস বৈধ কি না? বৈধ হলে এর এখতিয়ার কতটুকু? গ্রাম্য সালিসে শাস্তি দেওয়া গেলে তার সর্বোচ্চ মাত্রা কত? সমাজের বা গ্রামের কোনো প্রচলিত নিয়মকে চরমভাবে উপেক্ষা করলে কিংবা গ্রামের শৃঙ্খলা বিঘ্নিত হয় এমন কোনো কাজে জড়িত থাকার অভিযোগে গ্রামের সব মানুষের সিদ্ধান্তক্রমে অভিযুক্ত ব্যক্তিকে সমাজচ্যুত বা একঘরে করে রাখা যায় কি? একঘরে করা আইনের সঙ্গে সামঞ্জস্য কি না? কোনো কারণে সমাজচ্যুত করা যায় কি? উল্লেখ্য, সমাজচ্যুত করার অর্থ হলো অভিযুক্ত ব্যক্তির সঙ্গে সামগ্রিকভাবে সব লেনদেন, কথাবার্তা, মেলামেশা বন্ধ করে দিয়ে তাকে গ্রামের সিদ্ধান্ত মেনে নিতে বাধ্য করা হয়। যখন ওই ব্যক্তি তার ভুল গ্রামের মানুষের সামনে স্বীকার করে এবং এ মর্মে প্রতিশ্রুতি দেয় যে আর এ রকম করবে না, তখন তাকে আবার সমাজে স্বাভাবিকভাবে মেনে নেওয়া হয়। বিষয়টির আইনি দিক সম্পর্কে বিস্তারিত জানতে চাই। মো. সরফরাজ আলম ঢাকা বিশ্ববিদ্যালয়","1. <other_1133_s10> [নির্যাতন এবং হেফাজতে মৃত্যু (নিবারণ) আইন, ২০, ধারা ১০] অপরাধ বিচারার্থ গ্রহণ, ইত্যাদি — (১) এই আইনের অধীন দণ্ডনীয় সকল অপরাধ বিচারার্থ গ্রহণীয় (Cognizable), অ-আপোষযোগ্য (non-compoundable) ও জামিন অ
2. <women_children_835_s19> [নারী ও শিশু নির্যাতন দমন আইন, ২০০০, ধারা ১৯] 51[(১) এই আইনের অধীন সকল অপরাধ বিচারার্থ গ্রহণীয় হইবে52[***]।](২) উপ-ধারা (৩) এর বিধান সাপেক্ষে, এই আইনের অধী
3. <other_850_s46> [সালিস আইন, ২০০১, ধারা ৪৬] বিদেশী সালিসী রোয়েদাদ বাস্তবায়ন অস্বীকৃতির কারণসমূহ — (১) কেবলমাত্র নিম্নোক্ত কারণে বিদেশী সালিসী রোয়েদাদ কার্যকর করিতে অস্বীকার করা যাইতে পারে, যথা:-(ক) যে পক্ষের
4. <other_850_s7> [সালিস আইন, ২০০১, ধারা ৭] সালিস চুক্তির আওতাভুক্ত বিষয়ে আদালতের এখতিয়ার — সালিস চুক্তির কোন পক্ষ অপর কোন পক্ষের বিরুদ্ধে উক্ত চুক্তির অধীনে সালিসে অর্পণে সম্মত কোন বিষয়ে আইনগত কার্যধা
5. <other_850_s43> [সালিস আইন, ২০০১, ধারা ৪৩] সালিসী রোয়েদাদ বাতিলের কারণসমূহ — (১) কোন সালিসী রোয়েদাদ বাতিল করা যাইতে পারে, যদি-(ক) কোন পক্ষ আবেদন দাখিল করিয়া এই মর্মে প্রমাণ উপস্থাপন করে
6. <other_1586_s18> [গুম প্রতিরোধ ও প্রতিকার অধ্যাদেশ, ২০২৫, ধারা ১৮] অপরাধের আমলযোগ্যতা, জামিনঅযোগ্যতা ইত্যাদি — (১) এই অধ্যাদেশের অধীন সংঘটিত অপরাধ আমলযোগ্য, জামিন-অযোগ্য এবং আপস-অযোগ্য হইবে। (২) এই অধ্যাদেশের অধীন শাস্তিয
7. <other_1088_s13> [মানিলন্ডারিং প্রতিরোধ আইন, ২০১২, ধারা ১৩] জামিন সংক্রান্ত বিধান — এই আইনের অধীন অভিযুক্ত কোন ব্যক্তিকে জামিনে মুক্তি দেওয়া যাইবে, যদি—(ক) তাহাকে জামিনে মুক্তি দেওয়ার আবেদনের 
8. <women_children_883_s15> [এসিড অপরাধ দমন আইন, ২০০২, ধারা ১৫] জামিন সংক্রান্ত বিধান — (১) এই আইনের অন্যান্য বিধান সাপেক্ষে, অভিযুক্ত বা শাস্তিযোগ্য কোন ব্যক্তিকে জামিনে মুক্তি দেওয়া হইবে না, যদি-
9. <constitutional_957_s35> [গণপ্রজাতন্ত্রী বাংলাদেশের সংবিধান, অনুচ্ছেদ ৩৫] বিচার ও দন্ড সম্পর্কে রক্ষণ — (১) অপরাধের দায়যুক্ত কার্যসংঘটনকালে বলবৎ ছিল, এইরূপ আইন ভঙ্গ করিবার অপরাধ ব্যতীত কোন ব্যক্তিকে দোষী সাব্যস্ত 
10. <other_850_s17> [সালিস আইন, ২০০১, ধারা ১৭] সালিসী ট্রাইব্যুনালের স্বীয় এখতিয়ার বিষয়ে সিদ্ধান্ত প্রদানের ক্ষমতা — পক্ষগণ ভিন্নভাবে সম্মত না হওয়ার ক্ষেত্রে, নিম্নোক্ত বিষয়সহ যে কোন প্রশ্নে সালিসী ট্রাইব্যুনাল স্বীয় এখতিয়া","family_938_s3, family_938_s6, family_938_s7",own_search,answered,2,
prot_0104_04,Sarwad,VERIFY,"ভারতীয় নাগরিকদের সম্পত্তি অর্পিত সম্পত্তির তালিকাভুক্ত হয়েছে। সুতরাং তাঁদের পুত্র, সন্তান বা নাতি পুতি তাঁরাও যদি ভারতীয় নাগরিক হন তালিকাভুক্ত অর্পিত সম্পত্তির উত্তরাধিকার তাঁরা দাবি করতে পারবেন না। শুধু বাংলাদেশি নাগরিকেরা তাঁরা যদি দূরবর্তী উত্তরাধিকারীও হন, শুধু তাঁদের জন্যই অর্পিত সম্পত্তি প্রত্যর্পণ আইন প্রযোজ্য হবে। ৫. বর্তমানে ওই সম্পত্তি ভোগদখলকারী ব্যক্তি আমার জানামতে বন্দোবস্ত এনেছিলেন বা সেই বন্দোবস্ত এখনো হয়তো চলমান আছে (আমি নিশ্চিত নই)। সেই সুযোগ নিয়ে দখলকারী ব্যক্তি এই সম্পত্তির ওপর ট্রাইব্যুনালে দাবি পেশসহ জাল দলিল, বন্দোবস্তের কাগজ, স্মরণলিপি দাখিল করলে তা এই ট্রাইব্যুনালে কতটুকু গৃহীত হবে?","1. <land_856_s28> [অর্পিত সম্পত্তি প্রত্যর্পণ আইন, ২০০১, ধারা ২৮] অর্পিত সম্পত্তি বাবদ ক্ষতিপূরণ বা অন্যবিধ দাবী নিষিদ্ধ — এই আইন প্রবর্তনের পূর্বে অর্পিত সম্পত্তি হিসাবে তালিকাভুক্ত কোন সম্পত্তি উক্তরূপে তালিকাভুক্ত হওয়ার কারণে, বা
2. <land_856_s2_p1> [অর্পিত সম্পত্তি প্রত্যর্পণ আইন, ২০০১, ধারা ২] সংজ্ঞা — “জেলা প্রশাসক” বলিতে, এই আইনের উদ্দেশ্য পূরণকল্পে, তত্কর্তৃক ক্ষমতা প্রদত্ত অন্য কোন কর্মকর্তাও অন্তর্ভুক্ত;(চ
3. <land_856_s10_p0> [অর্পিত সম্পত্তি প্রত্যর্পণ আইন, ২০০১, ধারা ১০] 1 [প্রত্যর্পণযোগ্য] সম্পত্তি প্রত্যর্পণ বা অবমুক্তির আবেদন, রেজিষ্ট্রি, রায় ও রায়ের অনুলিপি — (১)38[ধারা ৯ এর অধীন গেজেটে প্রকাশিত ক তফসিলভুক্ত অর্পিত] সম্পত্তির মালিক উক্ত সম্পত্তি তাহার অনুকূলে প্রত্যর্
4. <land_856_s28ক> [অর্পিত সম্পত্তি প্রত্যর্পণ আইন, ২০০১, ধারা ২৮ক] (১) অর্পিত সম্পত্তি প্রত্যর্পণ (দ্বিতীয় সংশোধন) আইন, ২০১৩ কার্যকর হইবার সঙ্গে সঙ্গে অর্পিত সম্পত্তি সম্পর্কিত
5. <land_856_s6> [অর্পিত সম্পত্তি প্রত্যর্পণ আইন, ২০০১, ধারা ৬] কতিপয় সম্পত্তি 1 [প্রত্যর্পণযোগ্য সম্পত্তির তালিকায়] অন্তর্ভুক্তি নিষিদ্ধ — 13[প্রত্যর্পণযোগ্য সম্পত্তির তালিকায়] নিম্নবর্ণিত সম্পত্তি অন্তর্ভুক্ত করা যাইবে না, যথা:-(ক) কোন সম্পত্তি অর
6. <land_856_s13> [অর্পিত সম্পত্তি প্রত্যর্পণ আইন, ২০০১, ধারা ১৩] 1 [প্রত্যর্পণযোগ্য] সম্পত্তি সংক্রান্ত মামলার abatement, কার্যধারা বন্ধ ও ট্রাইব্যুনালে দাবী উত্থাপন — (১)57[প্রত্যর্পণযোগ্য সম্পত্তির তালিকা] সরকারী গেজেটে প্রকাশের তারিখে যদি কোন আদালতে এমন দেওয়ানী মামলা অনিষ্প
7. <land_856_s9> [অর্পিত সম্পত্তি প্রত্যর্পণ আইন, ২০০১, ধারা ৯] 1 [প্রত্যর্পণযোগ্য ]সম্পত্তির তালিকা প্রকাশ — 21[ (১) অর্পিত সম্পত্তি প্রত্যর্পণ (সংশোধন) আইন, ২০১১ কার্যকর হইবার22[ ৩০০ (তিনশত)] দিনের মধ্যে সরকার এই ধারার
8. <land_856_s19> [অর্পিত সম্পত্তি প্রত্যর্পণ আইন, ২০০১, ধারা ১৯] (১) এই আইনের অধীনে আপীল আবেদনসমূহ নিস্পত্তির উদ্দেশ্যে সরকার, সরকারি গেজেটে প্রজ্ঞাপন দ্বারা, প্রত্যেক জেলার জ
9. <land_856_s5> [অর্পিত সম্পত্তি প্রত্যর্পণ আইন, ২০০১, ধারা ৫] মালিক, প্রমুখের নিকট প্রত্যর্পণযোগ্য সম্পত্তি প্রত্যর্পণ এবং ইহার ফলাফল — (১) এই আইনের বিধানাবলী অনুসারে প্রত্যর্পণযোগ্য সম্পত্তির তালিকায় অন্তর্ভুক্ত সম্পত্তি উহার মালিকের নিকট বা, ক
10. <criminal_procedure_1239_s23> [রংপুর মহানগরী পুলিশ আইন, ২০১৮, ধারা ২৩] বেওয়ারিশ সম্পত্তির দায়িত্ব গ্রহণ ও বিলিবণ্টন — (১) নিম্নবর্ণিত সম্পত্তির সাময়িকভাবে দায়িত্ব গ্রহণ করা পুলিশ অফিসারের কর্তব্য হইবে, যথা :-(ক) তাহার গোচরীভূত",3,candidate,answered,2,
prot_0062_05,Sarwad,VERIFY,আমি একজন সরকারি চাকরিজীবী। ১৪ বছরের বিবাহিত জীবনে স্ত্রীকে নিয়ে খুব কষ্টে আছি। সে একরোখা এবং ঝগড়াটে। তিনবার সে আমাকে ও সন্তানদের ছেড়ে চলে যেতে চেয়েছে। উভয়ের পরিবার মিলে পারিবারিকভাবে সমাধান দিলেও তার মনঃপূত হয়নি। সামান্য কলহে সে আমাকে ও আমার মৃত মা-বাবাকে নিয়ে মন্দ কথা বলতে দ্বিধা করে না; যা আমার পক্ষে মেনে নেওয়া কঠিন। গত বছর ঈদের ছুটিতে বাড়িতে গিয়ে আগের কলহের জের ধরে সে বাপের বাড়িতে গিয়ে আর আসতে চায়নি। চাকরি ও সন্তানদের ভবিষ্যতের কথা চিন্তা করে কোনো সিদ্ধান্তে আসতে পারছি না। আমি কি তাকে কোনো উকিল নোটিশ পাঠাতে পারি?,"1. <other_1413_s16> [সরকারি ঋণ আইন, ২০২২, ধারা ১৬] মৃত ধারকের জন্য প্রযোজ্য সংক্ষিপ্ত প্রক্রিয়া — ধারা ১৪ এ যাহা কিছুই থাকুক না কেন, সর্বমোট প্রদেয় মূল্যমান ১ (এক) লক্ষ টাকার ঊর্ধ্বে নয় এইরূপ সরকারি সিকিউরি
2. <other_1173_s10> [বাংলাদেশ চা শ্রমিক কল্যাণ তহবিল আইন, ২০১৬, ধারা ১০] শিক্ষা অনুদান — (১) চাকুরীরত, মৃত বা স্থায়ীভাবে অক্ষম কোন শ্রমিকের সন্তানদের শিক্ষার জন্য বোর্ড মাসিক ভিত্তিতে ১ (এক) বৎসর মে
3. <other_1126_s8> [প্রতিবন্ধী ব্যক্তির অধিকার ও সুরক্ষা আইন, ২০, ধারা ৮] বাকপ্রতিবন্ধিতা (speech disability) — নিম্নবর্ণিত দফাসমূহে উল্লিখিত বৈশিষ্ট্যসমূহের মধ্যে এক বা একাধিক বৈশিষ্ট্যের অধিকারী ব্যক্তি ‘বাকপ্রতিবন্ধী ব্
4. <labour_952_s95> [বাংলাদেশ শ্রম আইন, ২০০৬, ধারা ৯৫] চা-বাগানে বিনোদন ও শিক্ষার সুবিধা — সরকার চা বাগান সম্পর্কে-(ক) বিধি প্রণয়ন করিয়া উহার প্রত্যেক মালিককে সেখানে নিযুক্ত শ্রমিকগণ এবং তাহাদের শিশু
5. <other_1037_s57_p2> [বীমা আইন, ২০১০, ধারা ৫৭] বীমা পলিসি গ্রাহক কর্তৃক মনোনয়ন৷ — বলবৎ হইবার পূর্বে কোন ব্যক্তি তাহার নিজের বা তাহার স্ত্রীর বা সন্তানদের বা তাহাদের যে কোন এক জনের লাইফ ইন্স্যু
6. <other_1246_s71> [ক্যান্টনমেন্ট আইন, ২০১৮, ধারা ৭১] খালি ইমারত বা বাড়িতে বসবাসের ক্ষেত্রে নোটিশ প্রদান — (১) ধারা ৬৭ বা ৬৮ এর অধীন কর মওকুফ বা প্রত্যর্পণকৃত যে কোনো ইমারত, ফ্ল্যাট বা ভূমির মালিক উক্ত ইমারত, ফ্ল্যাট 
7. <criminal_procedure_765_s87> [রাজশাহী মহানগরী পুলিশ আইন, ১৯৯২, ধারা ৮৭] ইচ্ছাকৃতভাবে অনধিকার প্রবেশের দণ্ড — কোন ব্যক্তি সন্তোষজনক কারণ ছাড়া কোন বসত বাড়িতে বা উহার প্রাংগণে বা উহার সংলগ্ন জমিতে বা মাঠে অথবা সরকারী জমি
8. <other_1200_s4> [বাংলাদেশ নার্সিং ও মিডওয়াইফারি কাউন্সিল আইন,, ধারা ৪] কাউন্সিলের গঠন — (১) কাউন্সিল নিম্নবর্ণিত সদস্য সমন্বয়ে গঠিত হইবে, যথা:-(ক) সচিব,2[স্বাস্থ্য শিক্ষা ও পরিবার কল্যাণ বিভাগ], পদ
9. <criminal_procedure_1239_s104> [রংপুর মহানগরী পুলিশ আইন, ২০১৮, ধারা ১০৪] কতিপয় ক্ষেত্রে পুলিশ অফিসারের দণ্ড প্রদানের ক্ষমতা — (১) পুলিশ কমিশনার কর্তৃক সাধারণ বিজ্ঞপ্তি মারফত নির্ধারিত পদের কোনো পুলিশ অফিসার যদি অবলোকন করেন যে, কোনো ব্যক
10. <criminal_procedure_1238_s104> [গাজীপুর মহানগরী পুলিশ আইন, ২০১৮, ধারা ১০৪] কতিক্রয় ক্ষেত্রে পুলিশ অফিসারের দণ্ড প্রদানের ক্ষমতা — (১) পুলিশ কমিশনার কর্তৃক সাধারণ বিজ্ঞপ্তি মারফত নির্ধারিত পদের কোনো পুলিশ অফিসার যদি অবলোকন করেন যে, কোনো ব্যক","family_1444_s5, family_180_s2_p1",own_search,answered,2,
ajke_0145_01,Sarwad,VERIFY,"প্রশ্ন: বিয়ের পর থেকে আমি নানা জুলুমের শিকার। বলতে গেলে, সব ধরনের জুলুম হয়েছে ১৪ বছর ধরে। আমাদের ৮ বছরের একটি সন্তান আছে। ইশারা-ইঙ্গিতে সাহায্য চায়। অর্থাৎ যৌতুক। সেটা পায় না বলে নানা কারণে রাগ প্রকাশ করে এবং চাপ দেয়। এর থেকে রক্ষা পেতে আমি কী করতে পারি?","1. <other_1132_s4> [পিতা-মাতার ভরণ-পোষণ আইন, ২০১৩, ধারা ৪] পিতা-মাতার অবর্তমানে দাদা-দাদী, নানা-নানীর ভরণ-পোষণ — প্রত্যেক সন্তান তাহার—(ক) পিতার অবর্তমানে দাদা-দাদীকে; এবং(খ) মাতার অবর্তমানে নানা-নানীকে—ধারা ৩ এ বর্ণিত ভরণ-
2. <other_1132_s5> [পিতা-মাতার ভরণ-পোষণ আইন, ২০১৩, ধারা ৫] পিতা-মাতার ভরণ-পোষণ না করিবার দণ্ড — (১) কোন সন্তান কর্তৃক ধারা ৩ এর যে কোন উপ-ধারার বিধান কিংবা ধারা ৪ এর বিধান লংঘন অপরাধ বলিয়া গণ্য হইবে এবং উক
3. <women_children_835_s14> [নারী ও শিশু নির্যাতন দমন আইন, ২০০০, ধারা ১৪] সংবাদ মাধ্যমে 1 [নির্যাতনের শিকার] নারী ও শিশুর পরিচয় প্রকাশের ব্যাপারে বাধা-নিষেধ — (১) এই আইনে বর্ণিত অপরাধের শিকার হইয়াছেন এইরূপ নারী বা শিশুর ব্যাপারে সংঘটিত অপরাধ বা তত্সম্পর্কিত আইনগত কার্
4. <other_857_s44> [বাংলাদেশ টেলিযোগাযোগ নিয়ন্ত্রণ আইন, ২০০১, ধারা ৪৪] ক্ষতিপূরণ — (১) পরিচালনাকারী কর্তৃক ৪২ ধারার অধীনে তাহার পথাধিকার প্রয়োগ বা ৪৩ ধারার অধীনে তাহার প্রয়োজনে কৃত কোন কিছুর 
5. <other_1684_s45> [মানব পাচার ও অভিবাসী চোরাচালান প্রতিরোধ ও দম, ধারা ৪৫] দোভাষী নিয়োগ — এই আইনের অধীন কোনো অপরাধের বিচারের যেকোনো পর্যায়ে পাচার বা চোরাচালানের শিকার ব্যক্তি বা কোনো সাক্ষী প্রয়োজনে
6. <other_609_s43> [ইসলামী বিশ্ববিদ্যালয় আইন, ১৯৮০, ধারা ৪৩] কর্তৃপক্ষ এবং সংস্থাসমূহের গঠন সম্পর্কিত মতবিরোধ — এই আইনে অথবা সংবিধিতে অথবা অধ্যাদেশসমূহে এমন কোন বিধান বিদ্যমান না থাকার কারণে যদি কোন কর্তৃপক্ষের বা বিশ্ববিদ
7. <other_1682_s2_p0> [মানবদেহে অঙ্গ-প্রত্যঙ্গ সংযোজন আইন, ২০২৬, ধারা ২] সংজ্ঞা — বিষয় বা প্রসঙ্গের পরিপন্থি কোনো কিছু না থাকিলে, এই আইনে- (১) “অঙ্গ-প্রত্যঙ্গ” অর্থ মানবদেহের কিডনি, হৃৎপিণ্ড,
8. <labour_1285_s30> [বাংলাদেশ ইপিজেড শ্রম আইন, ২০১৯, ধারা ৩০] প্রসূতি কল্যাণ সুবিধা প্রাপ্তির অধিকার এবং প্রদানের দায়িত্ব — (১) প্রত্যেক মহিলা শ্রমিক তাহার মালিকের নিকট হইতে তাহার সন্তান প্রসবের সম্ভাব্য তারিখের অব্যবহিত পূর্ববর্তী ৮ 
9. <women_children_1119_s2_p0> [শিশু আইন, ২০১৩, ধারা ২] সংজ্ঞা — বিষয় বা প্রসঙ্গের পরিপন্থী কিছু না থাকিলে, এই আইনে-(১) ‘অধিদপ্তর’ অর্থ সমাজসেবা অধিদপ্তর;(২) ‘আইনানুগ বা বৈধ 
10. <other_1684_s24> [মানব পাচার ও অভিবাসী চোরাচালান প্রতিরোধ ও দম, ধারা ২৪] আপসের উদ্দেশ্যে ভিকটিম বা সাক্ষীকে চাপ প্রয়োগ, প্রভাবিত ও ভয়-ভীতি প্রদর্শন করিবার অপরাধ ও উহার দণ্ড — (১) যদি কোনো ব্যক্তি এই আইনের অধীন সংঘটিত কোনো অপরাধের আপস করিবার উদ্দেশ্যে মামলার তদন্ত পর্যায়ে অথবা বিচার চ","women_children_1063_s3, women_children_1063_s11",own_search,answered,3,
prot_0109_04,Sarwad,VERIFY,বাংলাদেশ রেলওয়ের পক্ষে পূর্বাঞ্চল জোনের জিএম (জেনারেল ম্যানেজার) স্বাক্ষর করেন। প্রতিশ্রুতি ও আনুষঙ্গিক বিষয়সমূহ তৎকালীন সব দৈনিক পত্রিকায় প্রকাশিত হয়। সেই সময় আমি একজন স্কুলবালক ছিলাম। তাই এ ব্যাপারে কী করণীয় তা ঠিক করতে পারিনি। এই মুহূর্তে প্রাপ্য দাবি আদায়ে আমি কী পদক্ষেপ নিতে পারি?,"1. <other_788_s181_p1> [কোম্পানী আইন, ১৯৯৪, ধারা ১৮১] রক্ষণীয় হিসাব-বহি এবং উহা রতগণ না করার দণ্ড — অনধিক তিন মাস পর পর হাল নাগাদ হিসাবের একটি সংক্ষিপ্তসার শাখা কার্যালয় কর্তৃক কোম্পানীর নিবন্ধিকৃত কার্যালয়ে 
2. <other_857_s54> [বাংলাদেশ টেলিযোগাযোগ নিয়ন্ত্রণ আইন, ২০০১, ধারা ৫৪] টেলিযোগাযোগ সেবার মান নির্ধারণ — (১) কমিশন প্রবিধান দ্বারা, বা ঢাকা হইতে প্রকাশিত এবং বহুল প্রচারিত অন্ততঃ দুইটি জাতীয় দৈনিক পত্রিকায় সময় সম
3. <other_1717_s36> [ব্যাংক রেজল্যুশন আইন, ২০২৬, ধারা ৩৬] রেজল্যুশন প্রক্রিয়া আরম্ভ ও ক্ষমতা প্রয়োগের বিষয়ে অবহিতকরণ — (১) বাংলাদেশ ব্যাংক, রেজল্যুশন প্রক্রিয়া আরম্ভের সময় সরকারকে অবহিত করিবে। (২) বাংলাদেশ ব্যাংক, সময় সময়, প্
4. <other_857_s59> [বাংলাদেশ টেলিযোগাযোগ নিয়ন্ত্রণ আইন, ২০০১, ধারা ৫৯] গ্রাহকদের অভিযোগ গ্রহণ ও নিষ্পত্তি সংক্রান্ত বিধান — 38[(১) এই আইনের অধীন টেলিযোগাযোগ সেবা বা সংশ্লিষ্ট বিষয়ে গ্রাহকগণের অসুবিধা বা অভিযোগ সম্পর্কে অবহিত হওয়ার জ
5. <money_recovery_901_s7> [অর্থ ঋণ আদালত আইন, ২০০৩, ধারা ৭] সমন জারী সম্পর্কিত বিধান — (১) আপাততঃ বলবৎ অন্য কোন আইনে যাহা কিছুই থাকুক না কেন, বাদী আদালতের জারীকারক কর্তৃক এবং প্রাপ্তি স্বীকারসহ রেজ
6. <other_751_s52> [ব্যাংক-কোম্পানী আইন, ১৯৯১, ধারা ৫২] ঘোষণা প্রদানের ক্ষমতা — (১) বাংলাদেশ ব্যাংক, এতদুদ্দেশ্যে যেইরূপ সংগত মনে করে (সেইরূপ তদন্তের পর, যদি এইরূপ অভিমত পোষণ করে) যে, কোন233
7. <other_1478_s43> [ফাইন্যান্স কোম্পানি আইন, ২০২৩, ধারা ৪৩] ঘোষণা প্রদানের ক্ষমতা — (১) বাংলাদেশ ব্যাংকের নিকট ধারা ৪২ এর অধীন তদন্তের পর যদি প্রতীয়মান হয় যে, কোনো ব্যক্তি ধারা ৪ এর উপ-ধারা (১
8. <other_857_s57> [বাংলাদেশ টেলিযোগাযোগ নিয়ন্ত্রণ আইন, ২০০১, ধারা ৫৭] কারিগরী গ্রহণযোগ্যতা সনদ — (১) যে বেতার যন্ত্রপাতি বা প্রতিবন্ধকতা সৃষ্টিকারী যন্ত্রপাতি ব্যবহারের জন্য কারিগরী গ্রহণযোগ্যতা সনদের প্রয়ো
9. <other_1169_s67> [ফাইনান্সিয়াল রিপোর্টিং আইন, ২০১৫, ধারা ৬৭] প্রকাশনা — (১) কাউন্সিল উহার কার্যপরিধিভুক্ত বিষয়ে পেশাদার একাউন্টেন্সি প্রতিষ্ঠান, তালিকাভুক্ত নিরীক্ষক, জনস্বার্থ সংস্
10. <other_1115_s7> [এক্সচেঞ্জেস ডিমিউচ্যুয়ালাইজেশন আইন, ২০১৩, ধারা ৭] অনুমোদিত স্কীম প্রকাশনা — বিদ্যমান এক্সচেঞ্জ স্কীম অনুমোদন প্রাপ্তির ৭ (সাত) দিনের মধ্যে অনুমোদিত স্কীম-(ক) সকল সদস্যের নিকট বণ্টন করিবে",other_88_s3,own_search,answered,1,
prot_0026_04,Sarwad,VERIFY,"১৫-১৬ বছর ধরে আমার ভাই মানসিক রোগে আক্রান্ত। সে ছয় বছর ধরে পাবনা মানসিক হাসপাতালে চিকিৎসা নিচ্ছে। সে বিবাহিত এবং তার একটি ১২ বছর বয়সী মেয়েও আছে। কিন্তু সাত বছর ধরে স্ত্রীর সঙ্গে তার কোনো দাম্পত্য সম্পর্ক নেই। আবার তাদের তালাকও হয়নি। আমি জানতে চাই, তারা কি এখনো বিবাহিত দম্পতি হিসেবে বিবেচিত হবে? তাদের বিয়েটা কি বৈধ আছে? নাম ও ঠিকানা প্রকাশে অনিচ্ছুক","1. <other_1273_s14> [মানসিক স্বাস্থ্য আইন, ২০১৮, ধারা ১৪] অনিচ্ছুক রোগীর ভর্তি প্রক্রিয়া — (১) উপ-ধারা (৪) এর বিধান সাপেক্ষে মানসিক রোগে আক্রান্ত ব্যক্তির অভিভাবক বা আত্মীয় বা স্থানীয় অধিক্ষেত্রে কর্
2. <other_1273_s11> [মানসিক স্বাস্থ্য আইন, ২০১৮, ধারা ১১] মানসিক রোগে আক্রান্ত ব্যক্তির চিকিৎসার্থে ভর্তি — (১) মানসিক রোগে আক্রান্ত ব্যক্তির চিকিৎসা প্রদানের ক্ষেত্রে স্বেচ্ছায় ভর্তি, অপ্রতিবাদী রোগী ভর্তি এবং অনিচ্ছ
3. <other_1273_s17> [মানসিক স্বাস্থ্য আইন, ২০১৮, ধারা ১৭] মানসিক অসুস্থতায় আক্রান্ত ব্যক্তির চিকিৎসার অধিকার — (১) অভিভাবক বা আত্মীয়বিহীন বা ঠিকানাবিহীন মানসিক অসুস্থতায় আক্রান্ত ব্যক্তিকে সংশ্লিষ্ট এলাকার এখতিয়ার- সম্
4. <labour_952_s95> [বাংলাদেশ শ্রম আইন, ২০০৬, ধারা ৯৫] চা-বাগানে বিনোদন ও শিক্ষার সুবিধা — সরকার চা বাগান সম্পর্কে-(ক) বিধি প্রণয়ন করিয়া উহার প্রত্যেক মালিককে সেখানে নিযুক্ত শ্রমিকগণ এবং তাহাদের শিশু
5. <other_1273_s22_p0> [মানসিক স্বাস্থ্য আইন, ২০১৮, ধারা ২২] মানসিক অসুস্থতায় আক্রান্ত ব্যক্তির সম্পত্তি রক্ষণাবেক্ষণ — (১) যেই ক্ষেত্রে মানসিক হাসপাতালে ভর্তির পর কোনো মানসিক অসুস্থতায় আক্রান্ত ব্যক্তির মানসিক অক্ষমতার কারণে অথব
6. <other_1217_s19> [বাংলাদেশ সড়ক পরিবহণ কর্তৃপক্ষ আইন, ২০১৭, ধারা ১৯] বার্ষিক বাজেট বিবরণী — কর্তৃপক্ষ, প্রতি অর্থ বছর সরকার কর্তৃক নির্দিষ্ট সময়ের মধ্যে পরবর্তী অর্থবৎসরের বার্ষিক বাজেট প্রস্তুত করিয়া
7. <other_1403_s40> [মোংলা বন্দর কর্তৃপক্ষ আইন, ২০২২, ধারা ৪০] দণ্ড — কোনো ব্যক্তি যদি এই আইন ও বিধির কোনো বিধান লঙ্ঘন করেন তাহা হইলে উক্ত লঙ্ঘন হইবে একটি অপরাধ এবং তজ্জন্য তিনি অন
8. <other_1487_s10> [অফশোর ব্যাংকিং আইন, ২০২৪, ধারা ১০] অফশোর ব্যাংকিং কার্যক্রম পরিচালনার জন্য প্রদত্ত লাইসেন্স ধারা ৯ এর অধীন বাতিল বা সমর্পণ কার্যকর হইবার ২ (দুই) 
9. <other_1273_s2_p0> [মানসিক স্বাস্থ্য আইন, ২০১৮, ধারা ২] সংজ্ঞা — বিষয় বা প্রসঙ্গের পরিপন্থি কোনো কিছু না থাকিলে, এই আইনে-(১) ‘অপ্রতিবাদী রোগী (Nonprotesting patient)’ অর্থ মা
10. <other_1273_s18> [মানসিক স্বাস্থ্য আইন, ২০১৮, ধারা ১৮] মানসিক অসুস্থতায় আক্রান্ত ব্যক্তির পুনর্বাসন — (১) অভিভাবক বা আত্মীয়বিহীন বা ঠিকানাবিহীন মানসিক অসুস্থতায় আক্রান্ত ব্যক্তির সুস্থতার পর সংশ্লিষ্ট মানসিক হা",other_173_s2,own_search,answered,1,
prot_0003_04,Sarwad,VERIFY,"আমার স্বামী দুই বছর আগে বেকারত্বজনিত হতাশার শিকার হয়ে আমাকে তালাক দেন। আমাদের একটা তিন বছর বয়সী মেয়ে আছে। এখন আমার স্বামী তাঁর ভুল বুঝতে পেরে আবার আমাদের নিয়ে সংসার করতে চান। আমরা মুসলিম। যত দূর জানি, এটা নিয়ে বিতর্ক আছে। আমরা কি হিল্লা ছাড়া আবার বিয়ে করতে পারব? নাম প্রকাশে অনিচ্ছুক","1. <other_813_s20> [বাংলাদেশ কমার্স এন্ড ইনভেষ্টমেন্ট লিমিটেড (প, ধারা ২০] জটিলতা নিরসনের ক্ষমতা — (১) এই আইনের বিধানাবলী কার্যকর করার ক্ষেত্রে কোন অসুবিধা দেখা দিলে সরকার উক্ত অসুবিধা দূরীকরণার্থে, আদেশ দ্বার
2. <other_822_s10> [পার্বত্য চট্টগ্রাম আঞ্চলিক পরিষদ আইন, ১৯৯৮, ধারা ১০] সম্পত্তি সম্পর্কিত ঘোষণা — চেয়ারম্যান ও প্রত্যেক সদস্য তাহার কার্যভার গ্রহণের পূর্বে তাহার এবং তাঁহার পরিবারের কোন সদস্যের স্বত্ব, দখল ব
3. <local_government_1027_s41> [স্থানীয় সরকার (ইউনিয়ন পরিষদ) আইন, ২০০৯, ধারা ৪১] সম্পত্তি সম্পর্কিত ঘোষণা — চেয়ারম্যান ও সদস্য তাঁহার কার্যভার গ্রহণের পূর্বে তাঁহার এবং তাঁহার পরিবারের কোন সদস্যের স্বত্ব, দখল বা স্বার
4. <other_1403_s40> [মোংলা বন্দর কর্তৃপক্ষ আইন, ২০২২, ধারা ৪০] দণ্ড — কোনো ব্যক্তি যদি এই আইন ও বিধির কোনো বিধান লঙ্ঘন করেন তাহা হইলে উক্ত লঙ্ঘন হইবে একটি অপরাধ এবং তজ্জন্য তিনি অন
5. <local_government_827_s10> [উপজেলা পরিষদ আইন, ১৯৯৮, ধারা ১০] সম্পত্তি সম্পর্কিত ঘোষণা — 14[চেয়ারম্যান ও ভাইস চেয়ারম্যান ] তাঁহার কার্যভার গ্রহণের পূর্বে তাঁহার এবং তাঁহার পরিবারের কোন সদস্যের স্বত
6. <labour_952_s95> [বাংলাদেশ শ্রম আইন, ২০০৬, ধারা ৯৫] চা-বাগানে বিনোদন ও শিক্ষার সুবিধা — সরকার চা বাগান সম্পর্কে-(ক) বিধি প্রণয়ন করিয়া উহার প্রত্যেক মালিককে সেখানে নিযুক্ত শ্রমিকগণ এবং তাহাদের শিশু
7. <other_1487_s10> [অফশোর ব্যাংকিং আইন, ২০২৪, ধারা ১০] অফশোর ব্যাংকিং কার্যক্রম পরিচালনার জন্য প্রদত্ত লাইসেন্স ধারা ৯ এর অধীন বাতিল বা সমর্পণ কার্যকর হইবার ২ (দুই) 
8. <road_transport_1262_s84> [সড়ক পরিবহণ আইন, ২০১৮, ধারা ৮৪] কর্তৃপক্ষ কর্তৃক নির্ধারিত কোনো মোটরযানের কারিগরি বিনির্দেশ অমান্য সংক্রান্ত ধারা ৪০ এর বিধান লঙ্ঘনের দণ্ড — যদি কোনো ব্যক্তি ধারা ৪০ এর বিধান লঙ্ঘন করেন, তাহা হইলে উক্ত লঙ্ঘন হইবে একটি অপরাধ, এবং তজ্জন্য তিনি অনধিক ৩ (
9. <other_889_s12> [নিরাপদ রক্ত পরিসঞ্চালন আইন, ২০০২, ধারা ১২] লাইসেন্সের মেয়াদ ও নবায়ন — (১) বেসরকারী রক্ত পরিসঞ্চালন কেন্দ্র স্থাপন ও পরিচালনার জন্য প্রদত্ত লাইসেন্সের মেয়াদ হইবে লাইসেন্স ইস্যুর তা
10. <labour_952_s7> [বাংলাদেশ শ্রম আইন, ২০০৬, ধারা ৭] সার্ভিস বইয়ের ফরম — (১) সার্ভিস বই বিধি দ্বারা নির্ধারিত মাপে ও ফরমে রৰিত হইবে, এবং উহাতে শ্রমিকের একটি ফটো সংযোজিত থাকিবে।(২) সার",family_305_s7,own_search,answered,3,
prot_0077_02,Sarwad,VERIFY,"আমি এমএসএস দ্বিতীয় বর্ষের ছাত্রী। ২০০৬ সালে আমার বিয়ে হয়। আমার স্বামী আমার বিয়ের আগে থেকেই বিদেশে ছিলেন। তিনি যখন ছুটিতে আসেন, তখন আমাদের বিয়ে হয়। এই বিয়েতে তাঁর পরিবারের কেউ রাজি ছিলেন না। কিন্তু আমার পরিবারের সম্মতিতে আমাদের বাসায় বিয়ে হয়। বিয়ের এক মাস পর তিনি আবার বিদেশে চলে যান। কিন্তু তাঁর পরিবার আমাকে লোক দেখানো মেনে নেয়। এবং বিদেশে তাঁর কাছে নানা রকম মিথ্যা কথা বলতে থাকে। দুই বছর আমাদের সম্পর্ক ভালোই ছিল। কিন্তু এখন প্রায় ৮-১০ মাস ধরে আমার সঙ্গে কোনো যোগাযোগ করেন না এবং চার বছরে তিনি একবারও দেশে আসেননি। তাঁর কোনো ঠিকানা আমাকে কখনো দেননি এবং ফোন নম্বর পরিবর্তন করেছেন। তাঁর পরিবারের সঙ্গে আমার কোনো যোগাযোগ নেই। এখন আমি তাঁকে দেশে আনতে কোনো ব্যবস্থা গ্রহণ করতে পারি কি না। তাঁর পরিবারের বিরুদ্ধে আমি কী করতে পারি? আমার স্বামীর পাসপোর্টের ফটোকপি আমার কাছে আছে","1. <local_government_1026_s8> [স্থানীয় সরকার (সিটি কর্পোরেশন) আইন, ২০০৯, ধারা ৮] সম্পত্তি সম্পর্কিত ঘোষণা — (১) মেয়র এবং প্রত্যেক কাউন্সিলরকে, শপথ গ্রহণ বা ঘোষণা প্রদানের সময় ট্যাক্স আইডেন্টিফিকেশন নম্বরসহ (যদি থাকে)
2. <local_government_1024_s28> [স্থানীয় সরকার (পৌরসভা) আইন, ২০০৯, ধারা ২৮] সম্পত্তি সম্পর্কিত ঘোষণা — (১) মেয়র এবং প্রত্যেক কাউন্সিলরকে, শপথ বা দৃঢ়ভাবে ঘোষণা প্রদানের সময় ট্যাক্সপেয়ার’স আইডেন্টিফিকেশন নম্বরসহ
3. <other_857_s11> [বাংলাদেশ টেলিযোগাযোগ নিয়ন্ত্রণ আইন, ২০০১, ধারা ১১] পরিবারের সদস্যের কতিপয় স্বার্থ সম্পর্কে কমিশনারের দায়িত্ব — (১) কোন কমিশনারের পরিবারের কোন সদস্য যদি ধারা ১০(২)(ছ)- েত উলিস্্নখিত স্বার্থ অর্জন বা ধারণ করেন, তাহা হইলে তি
4. <other_1429_s192> [আয়কর আইন, ২০২৩, ধারা ১৯২] হিন্দু অবিভক্ত পরিবারের বিভাজনের ক্ষেত্রে কর নির্ধারণ — (১) এই আইনের উদ্দেশ্যপূরণকল্পে, হিন্দু অবিভক্ত পরিবার হিসাবে নির্ধারিত কোনো হিন্দু পরিবারকে সেই পর্যন্ত হিন্দু
5. <other_1429_s335> [আয়কর আইন, ২০২৩, ধারা ৩৩৫] নোটিশ জারি — (১) কোনো নোটিশ, কর নির্ধারণ আদেশ, কর বা প্রত্যর্পণ পরিগণনার ফরম, বা অন্য কোনো দলিল তদোল্লিখিত নামীয় ব্যক্তিকে
6. <other_1131_s25> [বৈদেশিক কর্মসংস্থান ও অভিবাসী আইন, ২০১৩, ধারা ২৫] অভিবাসন বিষয়ক দ্বিপাক্ষিক চুক্তি — (১) সরকার বৈদেশিক কর্মসংস্থানের উদ্দেশ্যে বাংলাদেশী নাগরিকের অভিবাসনের সুযোগ বৃদ্ধি, শ্রম অভিবাসন ব্যবস্থাপনার
7. <other_1716_s15> [জুলাই গণঅভ্যুত্থানে শহিদ পরিবার এবং জুলাই যো, ধারা ১৫] অপরাধ ও দণ্ড — (১) যদি কোনো ব্যক্তি জুলাই গণঅভ্যুত্থানে শহিদ পরিবারের সদস্য বা যে কোনো শ্রেণির আহত জুলাই যোদ্ধা না হওয়া সত্ত
8. <other_1485_s9> [বাংলাদেশ পুলিশ কল্যাণ তহবিল আইন, ২০২৩, ধারা ৯] মৃত্যু এবং অক্ষমতাজনিত কারণে এককালীন এবং মাসিক কল্যাণ অনুদান — (১) কোনো কর্মচারী বা তাহার মৃত্যু হইলে তাহার স্ত্রী বা, ক্ষেত্রমত, স্বামী, বিধি দ্বারা নির্ধারিত পদ্ধতিতে, নিম
9. <other_1176_s6> [বিজ্ঞান ও প্রযুক্তি ফেলোশিপ ট্রাস্ট আইন, ২০১, ধারা ৬] ট্রাস্টের লক্ষ্য ও উদ্দেশ্য — ট্রাস্টের লক্ষ্য ও উদ্দেশ্য হইবে নিম্নরূপ, যথা :-(ক) বিজ্ঞান ও প্রযুক্তি ক্ষেত্রে বিভিন্ন বিষয়ে দেশে-বিদেশে এ
10. <other_912_s6> [বাংলাদেশ কর্মচারী কল্যাণ বোর্ড আইন, ২০০৪, ধারা ৬] বোর্ডের কার্যাবলী — বোর্ডের কার্যাবলী হইবে নিম্নরূপ, যথা:-(ক) কল্যাণ তহবিল ও বীমা তহবিল এর যথাযথ পরিচালনা, ব্যবস্থাপনা ও হিসাব সংর","family_180_s2_p0, family_180_s3",own_search,answered,2,
prot_0038_02,Sarwad,VERIFY,আমার খালার দুই মেয়ে ও এক ছেলে। সাত বছর আগে খালু আমার খালার অনুমতি ছাড়াই দ্বিতীয় বিয়ে করেন। বিষয়টি সালিসের মাধ্যমে সমাধানের চেষ্টা করা হয়েছিল; কিন্তু খালুর অপকৌশলের কারণে হয়নি। পরে এটি আদালত পর্যন্ত গড়ায়। সেখানেও মামলাটি শিথিল হয়ে যায়। এখন খালু খালাকে ভরণপোষণ দিচ্ছেন না। তিনি তাঁর দ্বিতীয় স্ত্রীর সঙ্গে থাকছেন। আইনি জটিলতা ছাড়া (মামলা-মোকদ্দমা) এ ধরনের লোকদের শাস্তি এবং ভরণপোষণ দিতে বাধ্য করার জন্য কী করা যায়?,"1. <labour_952_s216_p1> [বাংলাদেশ শ্রম আইন, ২০০৬, ধারা ২১৬] অপরাধ বিচার ছাড়া অন্য কোন বিষয়ে শ্রম আদালতের ক্ষমতা ওকার্যক্রম — বা আপত্তি পেশ করিতে ব্যর্থ হয়, তাহা হইলে মামলাটি একতরফা শুনানীক্রমে নিষ্পত্তি করা হইবে।(৬) কোন পক্ষের আবেদনক্
2. <other_788_s278> [কোম্পানী আইন, ১৯৯৪, ধারা ২৭৮] কোম্পানীর সম্পত্তির দখলদার হিসাবে সন্দেহভাজন ও অন্যান্য ব্যক্তির উপর সমনজারীর ক্ষমতা — (১) কোম্পানীর অবলুপ্তির আদেশদানের পর, যদি উহার কোন কর্মকর্তা কিংবা অন্য কোন ব্যক্তি, যাহার নিকট কোম্পানীর কোন 
3. <family_938_s16> [গ্রাম আদালত আইন, ২০০৬, ধারা ১৬] কতিপয় মামলার স্থানান্তর — (১) যেক্ষেত্রে24[চীফ জুডিসিয়াল ম্যাজিস্ট্রেট] মনে করেন যে, তফসিলের ১ম অংশে বর্ণিত25[ফৌজদারী মামলা] সম্পর্কিত 
4. <consumer_1010_s107> [ট্রেডমার্ক আইন, ২০০৯, ধারা ১০৭] নিবন্ধক এবং অন্যান্য কর্মকর্তাকে নিবন্ধন বহি পেশ করিতে বাধ্য করা যাইবে না — নিবন্ধক বা ট্রেডমার্ক রেজিস্ট্রির অন্য কোন কর্মকর্তা কোন মামলা বা কার্যধারায় পক্ষ না হইলে, উক্ত মামলা বা কার্
5. <family_1444_s5> [পারিবারিক আদালত আইন, ২০২৩, ধারা ৫] পারিবারিক আদালতের এখতিয়ার — মুসলিম পারিবারিক আইনের বিধানাবলি সাপেক্ষে, পারিবারিক আদালতে নিম্নরূপ সকল বা যেকোনো বিষয় সম্পর্কিত বা উহা হইতে
6. <money_recovery_901_s28> [অর্থ ঋণ আদালত আইন, ২০০৩, ধারা ২৮] জারীর জন্য মামলা দাখিলের সময়সীমা — (১) TheLimitation Act, 1908এবং TheCode of Civil Procedure, 1908এ ভিন্নতর যে বিধানই থাকুক না কেন, ডিক্রীদার, আদ
7. <criminal_procedure_765_s47> [রাজশাহী মহানগরী পুলিশ আইন, ১৯৯২, ধারা ৪৭] মহানগরী এলাকা ত্যাগ করিতে ব্যর্থতা এবং অপসারণের পর পুনঃপ্রবেশ সম্পর্কে অনুসরণীয় কর্মপন্থা — (১) ধারা ৪০, ৪১ বা ৪২ এর অধীন যে ব্যক্তিকে মহানগরী এলাকা হইতে অপসারণের আদেশ দেওয়া হইয়াছে তিনি যদি-(ক) আদেশ ম
8. <women_children_883_s6> [এসিড অপরাধ দমন আইন, ২০০২, ধারা ৬] এসিড নিক্ষেপ করা বা নিক্ষেপের চেষ্টা করার শাস্তি — যদি কোন ব্যক্তি অন্য কোন ব্যক্তির উপর এসিড নিক্ষেপ করেন বা করিবার চেষ্ট করেন, তাহা হইলে তাহার উক্তরূপ কার্যের 
9. <labour_952_s223> [বাংলাদেশ শ্রম আইন, ২০০৬, ধারা ২২৩] নিষ্পত্তি, ইত্যাদি বলবৎ এর তারিখ — (১) কোন নিষ্পত্তি-(ক) যদি কোন বিরোধের পক্ষগণের মধ্যে কোন সম্মত দিন থাকে, উক্ত দিন হইতে, এবং(খ) যদি উক্তরূপ কোন
10. <other_1246_s99_p4> [ক্যান্টনমেন্ট আইন, ২০১৮, ধারা ৯৯] উপদ্রব সৃষ্টির শাস্তি — গ্রহণ না করেন, তাহা হইলে তিনি অনধিক ১৫ (পনের) হাজার টাকা অর্থদণ্ডে দণ্ডিত হইবেন।(৬) যদি কোনো পশুকে ক্যান্টনমেন",5,candidate,answered,3,
prot_0067_01,Sarwad,VERIFY,"স্বামীর দ্বিতীয় বিয়ে এবং দাম্পত্য কলহের কারণে আমি গত বছরের ১৮ মে নোটারি পাবলিকের মাধ্যমে আমার স্বামীকে তালাক দিই। আমাদের এক ছেলে ও এক মেয়ে। তালাক দেওয়ার পর থেকে আমার স্বামী আমাকে আমার সন্তানদের সঙ্গে যোগাযোগ করতে দিচ্ছে না। আমার ছেলের বয়স ১১ বছর এবং মেয়ের বয়স ৯ বছর। বর্তমানে আমি একটি পোশাক প্রস্তুতকারক প্রতিষ্ঠানে কর্মরত। অন্য একজনের সঙ্গে বিবাহবন্ধনে আবদ্ধ হয়েছি। আমি চাই, সন্তানেরা আমার কাছে থেকে ভালোভাবে পড়ালেখা করুক। এ ব্যাপারে আমার বর্তমান স্বামীও একমত। কিন্তু আমার প্রথম স্বামী কোনোভাবেই ছেলেমেয়ের সঙ্গে আমাকে যোগাযোগ করতে দিচ্ছেন না। একবার আমি আমার সন্তানদের সঙ্গে দেখা করতে গেলে তিনি আমার সঙ্গে খারাপ ব্যবহার করেন। এমনকি অপহরণকারী বলে আমার নামে স্থানীয় থানায় সাধারণ ডায়েরি করেছেন এবং আমার মা-বাবাকেও শারীরিকভাবে লাঞ্ছনা এবং তাঁদের নামে থানায় মামলা করবে বলে হুমকি দিয়েছেন। আমার প্রথম স্বামীর একটাই কথা, সন্তানদের কোনো দিন আমার সঙ্গে কোনোরকম যোগাযোগ ও সম্পর্ক রাখতে দেবেন না। সন্তানদের পড়ালেখা ও দেখাশোনার দায়িত্ব নিতে কীভাবে আইনগত ব্যবস্থা নেওয়া যায়? নাম প্রকাশে অনিচ্ছুক","1. <women_children_1119_s6_p0> [শিশু আইন, ২০১৩, ধারা ৬] প্রবেশন কর্মকর্তার দায়িত্ব ও কর্তব্য — প্রবেশন কর্মকর্তার দায়িত্ব ও কর্তব্য হইবে নিম্নরূপ, যথা :-(ক) আইনের সংস্পর্শে আসা শিশু বা আইনের সহিত সংঘাতে জ
2. <family_1444_s5> [পারিবারিক আদালত আইন, ২০২৩, ধারা ৫] পারিবারিক আদালতের এখতিয়ার — মুসলিম পারিবারিক আইনের বিধানাবলি সাপেক্ষে, পারিবারিক আদালতে নিম্নরূপ সকল বা যেকোনো বিষয় সম্পর্কিত বা উহা হইতে
3. <other_1037_s57_p2> [বীমা আইন, ২০১০, ধারা ৫৭] বীমা পলিসি গ্রাহক কর্তৃক মনোনয়ন৷ — বলবৎ হইবার পূর্বে কোন ব্যক্তি তাহার নিজের বা তাহার স্ত্রীর বা সন্তানদের বা তাহাদের যে কোন এক জনের লাইফ ইন্স্যু
4. <other_1248_s8> [ওয়েজ আর্নার্স কল্যাণ বোর্ড আইন, ২০১৮, ধারা ৮] বোর্ডের কার্যাবলি — এই আইনের উদ্দেশ্য পূরণকল্পে, বোর্ডের কার্যাবলি হইবে নিম্নরূপ, যথা :-(১) প্রবাসীদের কল্যাণার্থে প্রকল্প গ্রহণ এ
5. <labour_952_s95> [বাংলাদেশ শ্রম আইন, ২০০৬, ধারা ৯৫] চা-বাগানে বিনোদন ও শিক্ষার সুবিধা — সরকার চা বাগান সম্পর্কে-(ক) বিধি প্রণয়ন করিয়া উহার প্রত্যেক মালিককে সেখানে নিযুক্ত শ্রমিকগণ এবং তাহাদের শিশু
6. <women_children_835_s11> [নারী ও শিশু নির্যাতন দমন আইন, ২০০০, ধারা ১১] যৌতুকের জন্য মৃত্যু ঘটানো, ইত্যাদির শাস্তি — যদি কোন নারীর স্বামী অথবা স্বামীর পিতা, মাতা, অভিভাবক, আত্মীয় বা স্বামীর পক্ষে অন্য কোন ব্যক্তি যৌতুকের জন্য 
7. <other_1173_s10> [বাংলাদেশ চা শ্রমিক কল্যাণ তহবিল আইন, ২০১৬, ধারা ১০] শিক্ষা অনুদান — (১) চাকুরীরত, মৃত বা স্থায়ীভাবে অক্ষম কোন শ্রমিকের সন্তানদের শিক্ষার জন্য বোর্ড মাসিক ভিত্তিতে ১ (এক) বৎসর মে
8. <other_1266_s2_p2> [বাংলাদেশ মুক্তিযোদ্ধা কল্যাণ ট্রাস্ট আইন, ২০, ধারা ২] সংজ্ঞা — জামায়াতে ইসলামী এবং তাহাদের সহযোগী রাজাকার, আলবদর, আলশামস বাহিনীর বিরুদ্ধে গণপ্রজাতন্ত্রী বাংলাদেশের স্বাধীনত
9. <women_children_1119_s14> [শিশু আইন, ২০১৩, ধারা ১৪] শিশুবিষয়ক পুলিশ কর্মকর্তার দায়িত্ব ও কার্যাবলি — শিশুবিষয়ক পুলিশ কর্মকর্তার দায়িত্ব ও কার্যাবলি হইবে নিম্নরূপ, যথা:(ক) শিশুবিষয়ক মামলার জন্য পৃথক নথি ও রেজি
10. <other_1126_s9> [প্রতিবন্ধী ব্যক্তির অধিকার ও সুরক্ষা আইন, ২০, ধারা ৯] বুদ্ধিপ্রতিবন্ধিতা (intellectual disability) — নিম্নবর্ণিত দফাসমূহে উল্লিখিত বৈশিষ্ট্যসমূহের মধ্যে এক বা একাধিক বৈশিষ্ট্যের অধিকারী ব্যক্তি ‘বুদ্ধিপ্রতিবন্ধী",2,candidate,answered,3,
prot_0091_04,Sarwad,VERIFY,"আমার বয়স যখন মাত্র নয় মাস, তখনই আমার বাবার বিভিন্ন অসত্সঙ্গের কারণে আমার মাকে তালাক দেন। তাই আজ পর্যন্ত বাবার আদর কী জিনিস তা আমি জানি না। পরে আমার বাবা আবারও বিয়ে করেন এবং ওই সংসারে এখন তাঁর তিন ছেলে ও এক মেয়ে রয়েছে। আজ পর্যন্ত আমি নানাবাড়িতেই আছি। আমার বয়স এখন ৩০ বছর। আমি বিবাহিত ও তিন বছরের একটি ছেলে আছে। আমি ছোটখাটো একজন স্বর্ণকার এবং বাবার সম্পত্তি থাকার পরও ভোগ করতে না পারার কারণে আর্থিক সংকটে ভুগছি। আমার বাবা বর্তমানে জীবিত। তিন-চার বিঘা জমি ও ভিটেবাড়ি আছে। বাবা আমাকে বলেছেন, আমি যদি স্ত্রী-সন্তানসহ তাঁর কাছে এখনো ফিরে যাই, তাহলে আমাকে তাঁর সম্পত্তির ভাগসহ বাড়ি বানিয়ে দেবেন। তিনি আমাকে খুব ভালোবাসেন, কিন্তু আমার মায়ের সঙ্গে অন্যায় আচরণের কারণে বর্তমানে তাঁর সঙ্গে আমার ভালো সম্পর্ক নেই। যখন আমি বুঝতে শিখেছি, তখন থেকেই বাবার প্রতি আমার একটা ঘৃণাবোধ কাজ করে। তাই আমি শেষ পর্যন্ত আমার নানাবাড়িতেই থাকতে চাই।আমি বাবার সম্পত্তির ভাগ চাই; কিন্তু তাঁর কাছে যেতে চাই না। এ অবস্থায় আমি কি বাবার সম্পত্তির ভাগ পাব না? তিনি যদি আমাকে ত্যাজ্যপুত্র ঘোষণা করেন, তাহলে সম্পত্তির ভাগ পাওয়ার উপায় কী?মো. মাহাবুবার রহমানদিনাজপুর","1. <other_822_s10> [পার্বত্য চট্টগ্রাম আঞ্চলিক পরিষদ আইন, ১৯৯৮, ধারা ১০] সম্পত্তি সম্পর্কিত ঘোষণা — চেয়ারম্যান ও প্রত্যেক সদস্য তাহার কার্যভার গ্রহণের পূর্বে তাহার এবং তাঁহার পরিবারের কোন সদস্যের স্বত্ব, দখল ব
2. <criminal_procedure_1276_s34> [মাদকদ্রব্য নিয়ন্ত্রণ আইন, ২০১৮, ধারা ৩৪] সম্পত্তি হস্তান্তর, ইত্যাদি নিষিদ্ধ — (১) কোনো মাদকদ্রব্য অপরাধের তদন্তকালে যদি তদন্তকারী অফিসারের এইরূপ বিশ্বাস করিবার যথেষ্ট কারণ থাকে যে, কোনো ব্
3. <local_government_1027_s41> [স্থানীয় সরকার (ইউনিয়ন পরিষদ) আইন, ২০০৯, ধারা ৪১] সম্পত্তি সম্পর্কিত ঘোষণা — চেয়ারম্যান ও সদস্য তাঁহার কার্যভার গ্রহণের পূর্বে তাঁহার এবং তাঁহার পরিবারের কোন সদস্যের স্বত্ব, দখল বা স্বার
4. <land_1220_s9> [স্থাবর সম্পত্তি অধিগ্রহণ ও হুকুমদখল আইন, ২০১, ধারা ৯] ক্ষতিপূরণ নির্ধারণের ক্ষেত্রে বিবেচ্য বিষয়াবলি — (১) এই আইনের অধীনে অধিগ্রহণযোগ্য কোনো স্থাবর সম্পত্তির ক্ষতিপূরণের পরিমাণ নির্ধারণ করিবার সময় জেলা প্রশাসক নি
5. <local_government_827_s10> [উপজেলা পরিষদ আইন, ১৯৯৮, ধারা ১০] সম্পত্তি সম্পর্কিত ঘোষণা — 14[চেয়ারম্যান ও ভাইস চেয়ারম্যান ] তাঁহার কার্যভার গ্রহণের পূর্বে তাঁহার এবং তাঁহার পরিবারের কোন সদস্যের স্বত
6. <other_812_s32> [দেউলিয়া বিষয়ক আইন, ১৯৯৭, ধারা ৩২] অব্যাহতিপ্রাপ্ত সম্পত্তি — এই আইনের অন্য কোন বিধানে যাহা কিছুই থাকুক না কেন, একক দেনাদারের নিম্্নবর্ণিত সম্পত্তির দখল ২৩ ধারার অধীনে গ্রহ
7. <other_902_s8> [বাংলাদেশ এনার্জি রেগুলেটরী কমিশন আইন, ২০০৩, ধারা ৮] চেয়ারম্যান ও সদস্যদের চাকুরীর মেয়াদ, পদত্যাগ, ইত্যাদি — (১) চেয়ারম্যান ও সদস্যগণ কার্যভার গ্রহণের তারিখ হইতে ৩ (তিন) বত্সর মেয়াদে স্বীয় পদে অধিষ্ঠিত থাকিবেন এবং অন
8. <other_788_s326_p0> [কোম্পানী আইন, ১৯৯৪, ধারা ৩২৬] কতিপয় সম্পদের দাবী পরিত্যাগ — (১) অবলুপ্তির কার্যক্রম চলিতেছে এমন কোন কোম্পানীর সম্পদের কোন অংশের মধ্যে যদি দূর্বহ চুক্তির (onerous covenant
9. <labour_952_s223> [বাংলাদেশ শ্রম আইন, ২০০৬, ধারা ২২৩] নিষ্পত্তি, ইত্যাদি বলবৎ এর তারিখ — (১) কোন নিষ্পত্তি-(ক) যদি কোন বিরোধের পক্ষগণের মধ্যে কোন সম্মত দিন থাকে, উক্ত দিন হইতে, এবং(খ) যদি উক্তরূপ কোন
10. <criminal_procedure_1239_s23> [রংপুর মহানগরী পুলিশ আইন, ২০১৮, ধারা ২৩] বেওয়ারিশ সম্পত্তির দায়িত্ব গ্রহণ ও বিলিবণ্টন — (১) নিম্নবর্ণিত সম্পত্তির সাময়িকভাবে দায়িত্ব গ্রহণ করা পুলিশ অফিসারের কর্তব্য হইবে, যথা :-(ক) তাহার গোচরীভূত",other_173_s2,own_search,answered,2,
prot_0082_04,Sarwad,VERIFY,"ছয় বছর বয়সে আমার মা মারা যাওয়ার পর বাবা আমার খালাকে বিয়ে করেন। আমি অনার্স তৃতীয় বর্ষে পড়ি। কিছুদিন আগে আমার বাবা মারা যান। তিনি সরকারি চাকরি করতেন। তাঁর মৃত্যুর পর পেনশন, এককালীন, কল্যাণ তহবিল—সবকিছুই খালা পাচ্ছেন। আমরা দুই ভাই চাচার কথামতো অফিসের কাগজপত্রে সই করেছিলাম। কিন্তু এখন আমাদের কিছুই দেওয়া হয় না। আব্বার একজন সহকর্মী বলছিলেন, তোমরাও এর সবকিছু আইনগতভাবে পাবে। কারণ তোমার বাবা তোমার খালার নামে নমিনি করে যাননি। কিন্তু খালা দেওয়া তো দূরের কথা, স্বাক্ষর দেওয়ার পরে বিভিন্নভাবে ভয় দেখান। এখন আমরা কী করতে পারি?সাব্বিরনাটোর","1. <labour_952_s49> [বাংলাদেশ শ্রম আইন, ২০০৬, ধারা ৪৯] 1 [***] মৃত্যুর ক্ষেত্রে প্রসূতি কল্যাণ সুবিধা প্রদান — (১) এই অধ্যায়ের অধীন প্রসূতি কল্যাণ সুবিধা পাওয়ার অধিকারী কোন মহিলা সন্ত্মান প্রসবকালে অথবা উহার পরবর্তী আট 
2. <labour_1285_s33> [বাংলাদেশ ইপিজেড শ্রম আইন, ২০১৯, ধারা ৩৩] মহিলা শ্রমিকের মৃত্যুর ক্ষেত্রে প্রসূতি কল্যাণ সুবিধা প্রদান — (১) এই অধ্যায়ের অধীন প্রসূতি কল্যাণ সুবিধা পাইবার অধিকারী কোনো মহিলা শ্রমিক সন্তান প্রসবকালে অথবা উহার পরবর্ত
3. <other_1421_s14_p1> [সর্বজনীন পেনশন ব্যবস্থাপনা আইন, ২০২৩, ধারা ১৪] সর্বজনীন পেনশন ব্যবস্থাপনা — হইবে;(জ) মাসিক অথবা ত্রৈমাসিক ভিত্তিতে চাঁদা প্রদান করা যাইবে এবং অগ্রিম ও কিস্তিতে জমা প্রদানের সুযোগ থাকিবে;
4. <labour_1285_s73_p0> [বাংলাদেশ ইপিজেড শ্রম আইন, ২০১৯, ধারা ৭৩] ক্ষতিপূরণ প্রদানের জন্য মালিকের দায়িত্ব — (১) চাকরি চলাকালে উহা হইতে উদ্ভূত দুর্ঘটনার ফলে যদি কোনো শ্রমিক শরীরে জখমপ্রাপ্ত হন তাহা হইলে মালিক তাহাকে এই 
5. <other_1485_s3> [বাংলাদেশ পুলিশ কল্যাণ তহবিল আইন, ২০২৩, ধারা ৩] আইনের প্রাধান্য — আপাতত বলবৎ অন্য কোনো আইনে যাহা কিছুই থাকুক না কেন, এই আইনের বিধানাবলি প্রাধান্য পাইবে, তবে এই আইনের কোনো কিছুই
6. <other_1413_s18> [সরকারি ঋণ আইন, ২০২২, ধারা ১৮] ধারকের মৃত্যুর পর সরকারি সিকিউরিটি বা জাতীয় সঞ্চয় স্কীমের আওতায় ইস্যুকৃত সার্টিফিকেটের অর্থ প্রদান — (১) সরকারি সিকিউরিটি বা জাতীয় সঞ্চয় স্কীমের আওতায় ইস্যুকৃত সার্টিফিকেটের ধারক নমিনি প্রদানপূর্বক মৃত্যুবরণ 
7. <other_1413_s17> [সরকারি ঋণ আইন, ২০২২, ধারা ১৭] ধারক কর্তৃক নমিনি মনোনয়ন প্রদান — (১) আপাতত বলবৎ অন্য কোনো আইনে ভিন্নরূপ যাহা কিছুই থাকুক না কেন,-(ক) সরকারি সিকিউরিটি বা জাতীয় সঞ্চয় স্কীমের 
8. <labour_952_s160_p1> [বাংলাদেশ শ্রম আইন, ২০০৬, ধারা ১৬০] চিকিৎসা পরীক্ষা — অস্বীকৃতির ৰেত্রে, নিজেকে উক্তরূপ হাজির করার ব্যাপারে তিনি পর্যাপ্ত কারণ দ্বারা বাধাপ্রাপ্ত হইয়া থাকেন।(৬) যদ
9. <labour_952_s157> [বাংলাদেশ শ্রম আইন, ২০০৬, ধারা ১৫৭] নোটিশ ও দাবী — (১) কোন শ্রম আদালত ৰতিপূরণের কোন দাবী বিবেচনায় আনিবে না যদি না দুর্ঘটনা ঘটিবার পর যতশীঘ্র সম্ভব এতদ্নিম্নে বর
10. <labour_1285_s80> [বাংলাদেশ ইপিজেড শ্রম আইন, ২০১৯, ধারা ৮০] মারাত্মক দুর্ঘটনা সম্পর্কে মালিকের নিকট হইতে বিবৃতি তলবের ক্ষমতা — (১) যেক্ষেত্রে কোনো ইপিজেড শ্রম আদালত কোনো সূত্র হইতে এই খবর পায় যে, কোনো শ্রমিক তাহার চাকরি চলাকালে উহা হইতে",none,none,not_found,1,
prot_0054_01,Sarwad,VERIFY,"আমি মা-বাবার একমাত্র সন্তান। বাবা মারা গেছেন। আমি যে বাড়িতে বসবাস করছি, আমার বাবা ক্রয়সূত্রে সেটির মালিক ছিলেন, যা ২০০১ সালে কেনা। এর অর্ধেক আমার বাবার নামে আর বাকি অর্ধেক মায়ের নামে নিবন্ধন করা হয়েছিল। লোকমুখে শুনেছি যে মায়ের অবর্তমানে যে অংশটুকু মায়ের, তা থেকে আমার মামা বা খালারা নাকি পাবেন। আমি জানতে চাই, এ কথাটা কি সত্য?মো. নুরুজ্জামাননারায়ণগঞ্জ","1. <other_893_s7> [শিশু-মাতৃ স্বাস্থ্য ইনস্‌টিটিউট আইন, ২০০২, ধারা ৭] ইনস্‌টিটিউটের দায়িত্ব ও কার্যাবলী — ইনস্টিটিউটের দায়িত্ব ও কার্যাবলী হইবে নিম্নরূপ, যথা:-(১) শিশু ও মায়ের স্বাস্থ্য ও পুষ্টি বিষয়ে শিক্ষা, প্রশ
2. <other_1124_s7> [মাতৃদুগ্ধ বিকল্প, শিশু খাদ্য, বাণিজ্যিকভাবে , ধারা ৭] শিক্ষামূলক বা অন্যান্য তথ্যাদি — জন্ম-পূর্ববর্তী বা জন্ম-পরবর্তী সেবা দানের উদ্দেশ্যে কোন গর্ভবতী মহিলা বা মাতৃদুগ্ধদানকারী বা শিশুর মায়েদের স
3. <other_1124_s6> [মাতৃদুগ্ধ বিকল্প, শিশু খাদ্য, বাণিজ্যিকভাবে , ধারা ৬] মাতৃদুগ্ধ বিকল্প, শিশু খাদ্য, ইত্যাদি ধারণপাত্র ও মোড়কে প্রদেয় তথ্যাদি — (১) আপাততঃ বলবৎ অন্য কোন আইনের বিধানাবলী ক্ষুণ্ণ না করিয়া, কোন ব্যক্তি মাতৃদুগ্ধ বিকল্প, শিশু খাদ্য, বাণিজ্যি
4. <labour_1285_s33> [বাংলাদেশ ইপিজেড শ্রম আইন, ২০১৯, ধারা ৩৩] মহিলা শ্রমিকের মৃত্যুর ক্ষেত্রে প্রসূতি কল্যাণ সুবিধা প্রদান — (১) এই অধ্যায়ের অধীন প্রসূতি কল্যাণ সুবিধা পাইবার অধিকারী কোনো মহিলা শ্রমিক সন্তান প্রসবকালে অথবা উহার পরবর্ত
5. <other_866_s1> [1[গোপালগঞ্জ বিজ্ঞান ও প্রযুক্তি বিশ্ববিদ্যাল, ধারা ১] সংক্ষিপ্ত শিরোনামা ও প্রবর্তন — (১) এই আইন4[গোপালগঞ্জ বিজ্ঞান ও প্রযুক্তি বিশ্ববিদ্যালয়] আইন, ২০০১ নামে অভিহিত হইবে।(২) সরকার, সরকারী গেজেটে 
6. <other_1132_s4> [পিতা-মাতার ভরণ-পোষণ আইন, ২০১৩, ধারা ৪] পিতা-মাতার অবর্তমানে দাদা-দাদী, নানা-নানীর ভরণ-পোষণ — প্রত্যেক সন্তান তাহার—(ক) পিতার অবর্তমানে দাদা-দাদীকে; এবং(খ) মাতার অবর্তমানে নানা-নানীকে—ধারা ৩ এ বর্ণিত ভরণ-
7. <labour_952_s36> [বাংলাদেশ শ্রম আইন, ২০০৬, ধারা ৩৬] যদি কোন ব্যক্তি শিশু নাকি কিশোর এ সম্পর্কে কোন প্রশ্ন উত্থাপিত হয়, তাহা হইলে উক্ত ব্যক্তির জন্ম নিবন্ধন সনদ, 
8. <other_1132_s3> [পিতা-মাতার ভরণ-পোষণ আইন, ২০১৩, ধারা ৩] পিতা-মাতার ভরণ-পোষণ — (১) প্রত্যেক সন্তানকে তাহার পিতা-মাতার ভরণ-পোষণ নিশ্চিত করিতে হইবে।(২) কোন পিতা-মাতার একাধিক সন্তান থাকিলে সেই
9. <other_1266_s2_p3> [বাংলাদেশ মুক্তিযোদ্ধা কল্যাণ ট্রাস্ট আইন, ২০, ধারা ২] সংজ্ঞা — বা স্বামী এবং পিতা-মাতার অবর্তমানে খেতাবপ্রাপ্ত বীর মুক্তিযোদ্ধার সন্তান; বা(উ) (অ)-(ঈ) পর্যন্ত বর্ণিত ব্যক্তি
10. <constitutional_957_s138> [গণপ্রজাতন্ত্রী বাংলাদেশের সংবিধান, অনুচ্ছেদ ১৩৮] সদস্য-নিয়োগ — (১) প্রত্যেক সরকারী কর্ম কমিশনের সভাপতি ও অন্যান্য সদস্য রাষ্ট্রপতি কর্তৃক নিযুক্ত হইবেন:তবে শর্ত থাকে যে, প্র",other_173_s2,own_search,answered,1,
lawy_0210_01,Sarwad,VERIFY,"হঠাৎ দুর্ঘটনা, আত্মহত্যা নাকি রহস্যময় মৃত্যু: থানায় ‘ইউডি কেস’ কেন এবং কখন হয়?","1. <women_children_835_s25ক> [নারী ও শিশু নির্যাতন দমন আইন, ২০০০, ধারা ২৫ক] (১) এই আইনের অধীন সংঘটিত কোন অপরাধের প্রাথমিক সাক্ষ্যপ্রমাণসহ কোনো অভিযোগকারী থানায় হাজির হইলে অফিসার ইনচার্জ
2. <other_1190_s24> [পেট্রোলিয়াম আইন, ২০১৬, ধারা ২৪] পেট্রোলিয়ামজনিত দুর্ঘটনা সম্পর্কিত প্রতিবেদন — কোনো পেট্রোলিয়াম বা উহার বাষ্পের প্রজ্জ্বলনে, বা সম্ভাব্য বিপজ্জনক অবস্থায় কোনো স্থান বা উহার নিকটবর্তী কোনো
3. <women_children_835_s9ক> [নারী ও শিশু নির্যাতন দমন আইন, ২০০০, ধারা ৯ক] কোন নারীর সম্মতি ছাড়া বা ইচ্ছার বিরুদ্ধে কোন ব্যক্তির ইচ্ছাকৃত (Wilful) কোন কার্য দ্বারা সম্ভ্রমহানি হইবার প্
4. <other_1190_s25> [পেট্রোলিয়াম আইন, ২০১৬, ধারা ২৫] পেট্রোলিয়ামজনিত গুরুতর দুর্ঘটনার অনুসন্ধান — (১) যদি কোনো ম্যাজিস্ট্রেটের এইরূপ বিশ্বাস করিবার যুক্তিসঙ্গত কারণ থাকে যে, পেট্রোলিয়াম বা পেট্রোলিয়াম বাষ্প
5. <labour_952_s36> [বাংলাদেশ শ্রম আইন, ২০০৬, ধারা ৩৬] যদি কোন ব্যক্তি শিশু নাকি কিশোর এ সম্পর্কে কোন প্রশ্ন উত্থাপিত হয়, তাহা হইলে উক্ত ব্যক্তির জন্ম নিবন্ধন সনদ, 
6. <other_1201_s29> [বাস র‍্যাপিড ট্রানজিট (বিআরটি) আইন, ২০১৬, ধারা ২৯] মারাত্মক দুর্ঘটনার রিপোর্ট — বিআরটি পরিচালনাকালে কোনো মারাত্নক দুর্ঘটনা সংঘটিত হইলে লাইসেন্স গ্রহীতা উক্ত দুর্ঘটনা সম্পর্কে তাৎক্ষণিকভাবে জ
7. <other_1374_s17> [হজ ও ওমরাহ ব্যবস্থাপনা আইন, ২০২১, ধারা ১৭] আপৎকালীন তহবিল — (১) সরকার, কোনো দৈব-দুর্বিপাক, মৃত্যু, দুর্ঘটনা, হজযাত্রীদের সেবা প্রদানের জন্য উদ্ভূত আকস্মিক চাহিদা পূরণ বা 
8. <other_788_s318> [কোম্পানী আইন, ১৯৯৪, ধারা ৩১৮] আদালত কর্তৃক পাওনাদার ও প্রদায়কগণের অভিপ্রায় বিবেচনাপূর্বক সিদ্ধান্ত গ্রহণ — কোন কোম্পানী আদালত কর্তৃক অবলুপ্ত হইবে, নাকি আদালতের তত্ত্বাবধান সাপেক্ষে অবলুপ্ত হইবে ইহা স্থির করা এবং লিকুই
9. <other_1067_s115> [বর্ডার গার্ড বাংলাদেশ আইন, ২০১০, ধারা ১১৫] মৃত্যু দণ্ডাদেশ কার্যকর করিবার পদ্ধতি — মৃত্যু দণ্ডাদেশ কার্যকর করিবার ক্ষেত্রে অপরাধীকে গলায় ফাঁস লাগাইয়া মৃত্যু না হওয়া পর্যন্ত ঝুলাইয়া মৃত্যু দ
10. <other_1156_s27> [মেট্রোরেল আইন, ২০১৫, ধারা ২৭] মারাত্মক দুর্ঘটনার রিপোর্ট — লাইসেন্সী মেট্রোরেল পরিচালনাকালে উহা হইতে উদ্ভূত মারাত্মক দুর্ঘটনা সম্পর্কে তাৎক্ষণিকভাবে জরুরী সেবা প্রদানকার","criminal_procedure_75_s174, criminal_procedure_75_s176",own_search,answered,3,
prot_0037_01,Sarwad,VERIFY,গত ফেব্রুয়ারি মাসে আমার নানি অসুস্থ হওয়ার পর আমার মাকে তাঁর ১৬ শতাংশ জমি (হেবানামা) লিখে দেন। আমার মা নানিকে চিকিৎসা করান।এখন তিনি পুরোপুরি সুস্থ। এখন আমার মা ও নানির মধ্যে সম্পর্কের অবনতি হওয়ায় নানি হুমকি দিয়ে জমিটা ফেরত চাচ্ছেন। এখন আইনগতভাবে আমার মা জমির মালিক কি না?,"1. <other_1725_s21_p29> [অর্থ আইন, ২০২৬, ধারা ২১] ২০১২ সনের ৪৭ নং আইনের দ্বিতীয় তফসিলের সংশোধন — ডলার পর্যন্ত ৪৫ (ঘ) মূল্যসীমা ১০০০০০ মা. ডলার এর ঊর্ধ্ব হইতে ২০০০০০ মা. ডলার পর্যন্ত ৬০ (ঙ) মূল্যসীমা ২০০০০০ ম
2. <labour_952_s98> [বাংলাদেশ শ্রম আইন, ২০০৬, ধারা ৯৮] সংবাদপত্র শ্রমিকের জন্য চিকিৎসা পরিচর্যা — প্রত্যেক সংবাদপত্র শ্রমিক এবং তাহার উপর নির্ভরশীলগণ সংবাদপত্র প্রতিষ্ঠানের খরচে বিধি দ্বারা নির্ধারিত পন্থায় 
3. <other_1384_s5> [বাংলাদেশ শিশু হাসপাতাল ও ইনস্টিটিউট আইন, ২০২, ধারা ৫] হাসপাতাল ও ইনস্টিটিউটের কার্যাবলি — হাসপাতাল ও ইনস্টিটিউটের কার্যাবলি হইবে নিম্নরূপ, যথা:¾(ক) হাসপাতালের বহির্বিভাগ ও অন্তঃবিভাগ পরিচালনা, রক্ষণাব
4. <other_721_s7> [বাংলাদেশ ঋণ সালিসি আইন, ১৯৮৯, ধারা ৭] কতিপয় বিক্রয় বাতিল — (১) এই আইন বলবত্ হইবার পর অনধিক দুই একর কৃষি জমির মালিক কোন কৃষক প্রাকৃতিক দুর্যোগে তগতিগ্রস্ত হওয়ার বা জীবন 
5. <other_721_s6_p0> [বাংলাদেশ ঋণ সালিসি আইন, ১৯৮৯, ধারা ৬] কতিপয় জমির বিক্রয় খায়খালাসী বন্ধক ঘোষণা — (১) এই আইন বলবত্ হইবার পর অনধিক তিন একর কৃষি জমির মালিক কোন কৃষক প্রাকৃতিক দুর্যোগে তগতিগ্রস্ত হওয়ার বা জীবন 
6. <other_857_s45> [বাংলাদেশ টেলিযোগাযোগ নিয়ন্ত্রণ আইন, ২০০১, ধারা ৪৫] লাইসেন্সধারীর প্রয়োজনে বাধ্যতামূলকভাবে বেসরকারী জমি অধিগ্রহণ — (১) লাইসেন্সের অধীন কাজকর্ম সম্পাদন বা পরিচালনার জন্য প্রয়োজনীয় কোন জমি ব্যবহারের ক্ষেত্রে লাইসেন্সধারী বাধা
7. <money_recovery_876_s42> [সমবায় সমিতি আইন, ২০০১, ধারা ৪২] সমিতির ধারণকৃত কতিপয় জমির দখল এবং জমির স্বার্থ হস্তান্তরে বাধা-নিষেধ — এই আইনের অন্য কোন ধারায় কিংবা আপাততঃ বলবত্ অন্য কোন আইনে যাহাই থাকুক না কেন-(ক) যেই সমবায় সমিতির উদ্দেশ্য হই
8. <other_1124_s2> [মাতৃদুগ্ধ বিকল্প, শিশু খাদ্য, বাণিজ্যিকভাবে , ধারা ২] সংজ্ঞা — বিষয় বা প্রসঙ্গের পরিপন্থী কোন কিছু না থাকিলে, এই আইনে,-(ক) ‘‘জাতীয় উপদেষ্টা কমিটি’’ অর্থ ধারা ৮ এর অধীন গঠি
9. <other_721_s8> [বাংলাদেশ ঋণ সালিসি আইন, ১৯৮৯, ধারা ৮] জমি প্রত্যর্পণের নির্দেশ কার্যকরকরণ — ক্রেতা বোর্ডের নির্দেশানুসারে জমির দখল প্রত্যর্পণ না করিলে বা করিতে ব্যর্থ হইলে, জমির দখল পাওয়ার জন্য বিক্রেত
10. <other_1292_s2_p0> [প্রাণিকল্যাণ আইন, ২০১৯, ধারা ২] সংজ্ঞা — বিষয় বা প্রসঙ্গের পরিপন্থি কোনো কিছু না থাকিলে, এই আইনে -(১) ‘‘অনিরাময়যোগ্য অসুস্থ প্রাণি’’ অর্থ এমন অসুস্থ ","other_48_s126, other_48_s123",own_search,answered,2,
prot_0087_05,Sarwad,VERIFY,"একটি বাড়িতে চার ভাই আলাদাভাবে বসবাস করতেন। তাঁদের নাম যথাক্রমে ক, খ, গ ও ঘ। একসময় ‘খ’ তাঁর স্ত্রী ও এক মেয়ে রেখে মারা যান। পরবর্তী সময়ে তাঁর বিধবা স্ত্রী অবিবাহিত দেবর ‘গ’-এর সঙ্গে বিবাহবন্ধনে আবদ্ধ হন। প্রশ্ন হলো, প্রয়াত ‘খ’-এর অন্য ওয়ারিশ তথা ভাই-ভাতিজারা তাঁর রেখে যাওয়া সম্পদের কোনো অংশ ইসলামি শরিয়া মোতাবেক পাবেন কি না, পেলে কী হারে পাবেন? এ সংক্রান্ত বিধিবিধান কী?","1. <other_1266_s2_p2> [বাংলাদেশ মুক্তিযোদ্ধা কল্যাণ ট্রাস্ট আইন, ২০, ধারা ২] সংজ্ঞা — জামায়াতে ইসলামী এবং তাহাদের সহযোগী রাজাকার, আলবদর, আলশামস বাহিনীর বিরুদ্ধে গণপ্রজাতন্ত্রী বাংলাদেশের স্বাধীনত
2. <other_895_s2> [বেসরকারী শিক্ষা প্রতিষ্ঠান শিক্ষক ও কর্মচারী, ধারা ২] সংজ্ঞা — বিষয় বা প্রসঙ্গের পরিপন্থী কোন কিছু না থাকিলে, এই আইনে,-(ক) “অবসরপ্রাপ্ত” অর্থ কোন আইন বা সরকারী নীতি অনুযায়
3. <other_1485_s2> [বাংলাদেশ পুলিশ কল্যাণ তহবিল আইন, ২০২৩, ধারা ২] সংজ্ঞা — বিষয় বা প্রসঙ্গের পরিপন্থি কোনো কিছু না থাকিলে, এই আইনে,-(১) ""কর্মচারী"" অর্থ-(ক) পুলিশ ইন্সপেক্টরের নিম্ন পদম
4. <other_822_s10> [পার্বত্য চট্টগ্রাম আঞ্চলিক পরিষদ আইন, ১৯৯৮, ধারা ১০] সম্পত্তি সম্পর্কিত ঘোষণা — চেয়ারম্যান ও প্রত্যেক সদস্য তাহার কার্যভার গ্রহণের পূর্বে তাহার এবং তাঁহার পরিবারের কোন সদস্যের স্বত্ব, দখল ব
5. <other_1378_s2> [বাংলাদেশ চলচ্চিত্র শিল্পী কল্যাণ ট্রাস্ট আইন, ধারা ২] সংজ্ঞা — বিষয় বা প্রসঙ্গের পরিপন্থি কোনো কিছু না থাকিলে, এই আইনে-(ক) “চলচ্চিত্র” অর্থ সেলুলয়েড, অ্যানালগ, ডিজিটাল বা 
6. <other_924_s2> [ব্যক্তি মালিকানাধীন সড়ক পরিবহন শ্রমিক কল্যাণ, ধারা ২] সংজ্ঞা — বিষয় বা প্রসঙ্গের পরিপন্থী কিছু না থাকিলে, এই আইনে-(ক) “কল্যাণ তহবিল” অর্থ ধারা ৪ এর অধীন গঠিত কল্যাণ তহবিল;(
7. <local_government_1027_s41> [স্থানীয় সরকার (ইউনিয়ন পরিষদ) আইন, ২০০৯, ধারা ৪১] সম্পত্তি সম্পর্কিত ঘোষণা — চেয়ারম্যান ও সদস্য তাঁহার কার্যভার গ্রহণের পূর্বে তাঁহার এবং তাঁহার পরিবারের কোন সদস্যের স্বত্ব, দখল বা স্বার
8. <other_1718_s54> [অর্থ (২০২৫-২০২৬ অর্থ বৎসর) আইন, ২০২৬, ধারা ৫৪] ২০২৩ সনের ১২ নং আইনের ধারা ৬৭ এর সংশোধন — উক্ত আইনের ধারা ৬৭ এর- (ক) উপ-ধারা (১১) এ উল্লিখিত “যেইক্ষেত্রে কোনো কোম্পানি করদাতা অন্য কোনো ব্যক্তির নিকট হ
9. <local_government_827_s10> [উপজেলা পরিষদ আইন, ১৯৯৮, ধারা ১০] সম্পত্তি সম্পর্কিত ঘোষণা — 14[চেয়ারম্যান ও ভাইস চেয়ারম্যান ] তাঁহার কার্যভার গ্রহণের পূর্বে তাঁহার এবং তাঁহার পরিবারের কোন সদস্যের স্বত
10. <labour_1285_s2_p2> [বাংলাদেশ ইপিজেড শ্রম আইন, ২০১৯, ধারা ২] সংজ্ঞা — সময়ে দুই বা ততোধিক শ্রমিক দ্বারা সম্পাদিত হয় সেই ক্ষেত্রে উক্তরূপ প্রত্যেক সময়;(25)‘‘পোষ্য’’ অর্থ কোনো মৃত ",other_173_s2,own_search,answered,1,
prot_0059_04,Sarwad,VERIFY,"আমরা তিন ভাই ও এক বোন। আমরা যখন ছোট ছিলাম, আমার বাবা আমাদের বাড়ির এক কাজের মেয়েকে বিয়ে করেছিলেন। ওই পক্ষের একটি পুত্রসন্তানও হয়েছিল আমাদের বাড়িতেই। এর কিছুদিন পরই একদিন গ্রাম্য সালিসের মাধ্যমে আমার বাবা ওই মেয়েটিকে তালাক দেন। সালিসে আমার বাবার ১০ হাজার টাকা জরিমানা হয়, যা তিনি মেয়েটির অভিভাবকের হাতে দেন এবং শিশুপুত্রকে তার মা অর্থাৎ মেয়েটির কাছে দিয়ে দেন। সেই সন্তানের বয়স এখন আনুমানিক ১৬-১৭ বছর। আমার প্রশ্ন, বাবার ওই সন্তান বাবার সম্পত্তির কোনো অংশ পাবে কি না? আমার বাবা যদি আমাদের তিন ভাইয়ের নামে বাবার স্থাবর-অস্থাবর সম্পত্তি দানপত্র করে দলিল করে দেন, তাহলে ভবিষ্যতে ওই ছেলে কি (বাবা মারা যাওয়ার পর) আমাদের কাছ থেকে আইনের মাধ্যমে সম্পত্তির কোনো অংশীদার হবে?","1. <other_812_s53> [দেউলিয়া বিষয়ক আইন, ১৯৯৭, ধারা ৫৩] পারষ্পরিক লেন-দেন এবং সমন্বয় সাধন — যে ক্ষেত্রে দেনাদার এবং এই আইনের অধীনে দেনা প্রমাণকারী বা প্রমাণের দাবীকারী কোন পাওনাদারের মধ্যে পারস্পরিক লেন
2. <other_788_s335_p1> [কোম্পানী আইন, ১৯৯৪, ধারা ৩৩৫] দণ্ড — বার মাসের মধ্যে অথবা পরবর্তী যে কোন সময়ে একশত বা ততোধিক টাকা মূল্যের কোম্পানীর সম্পত্তির কোন অংশ প্রতারণামূলক
3. <criminal_procedure_1012_s72> [সিলেট মহানগরী পুলিশ আইন, ২০০৯, ধারা ৭২] রাস্তায় বা সর্বসাধারেণর ব্যবহার্য স্থানে জন্তু ছাড়িয়া রাখার দণ্ড — কোন ব্যক্তি যদি কোন রাস্তায় বা সর্বসাধারণের ব্যবহার্য্য স্থানে -(ক) গাফিলতি করিয়া কোন জন্তু এমন ভাবে রাখেন য
4. <criminal_procedure_1013_s72> [বরিশাল মহানগরী পুলিশ আইন, ২০০৯, ধারা ৭২] রাস্তায় বা সর্বসাধারণের ব্যবহার্য স্থানে জন্তু ছাড়িয়া রাখার দণ্ড — কোন ব্যক্তি যদি কোন রাস্তায় বা সর্বসাধারণের ব্যবহার্য্য স্থানে -(ক) গাফিলতি করিয়া কোন জন্তু এমন ভাবে রাখেন য
5. <other_812_s91> [দেউলিয়া বিষয়ক আইন, ১৯৯৭, ধারা ৯১] পাওনাদার ইত্যাদির অপরাধ — (১) এই ধারার অধীন কোন কার্যধারায়, কোন পাওনাদার যদি এমন কোন দাবী উত্থাপন, ঘোষণা বা হিসাব প্রদান করেন যাহার গুর
6. <other_1246_s99_p2> [ক্যান্টনমেন্ট আইন, ২০১৮, ধারা ৯৯] উপদ্রব সৃষ্টির শাস্তি — ক্যান্টনমেন্টের অভ্যন্তরে কোনো সড়ক বা গণস্থানে,-(ক) বোর্ড কর্তৃক গণ-বিজ্ঞপ্তি দ্বারা এতদুদ্দেশ্যে জারিকৃত নিষ
7. <other_1138_s30> [গ্রামীণ ব্যাংক আইন, ২০১৩, ধারা ৩০] দণ্ড, ইত্যাদি — (১) যদি কোন ব্যক্তি এই আইনের অধীন প্রার্থিত বা মঞ্জুরীকৃত কোন ঋণ বা সুবিধার জন্য ব্যাংককে প্রদত্ত কোন মালিকানা
8. <other_812_s72> [দেউলিয়া বিষয়ক আইন, ১৯৯৭, ধারা ৭২] দেউলিয়ার সম্পত্তির ব্যাপারে তথ্য তলবের ক্ষমতা — (১) দেউলিয়া ঘোষণাদেশ প্রদত্ত হওয়ার পরে যেকোন সময় পাওনাদার কমিটি কিংবা পাওনা প্রমাণকারী কোন পাওনাদারের আবেদন
9. <labour_1285_s17> [বাংলাদেশ ইপিজেড শ্রম আইন, ২০১৯, ধারা ১৭] কতিপয় ক্ষেত্রে লে-অফকৃত শ্রমিকগণ ক্ষতিপূরণ পাইবার অধিকারী হইবেন না — (১) এই অধ্যায়ের অন্যত্র যাহা কিছুই থাকুক না কেন, কোনো লে-অফকৃত শ্রমিককে ক্ষতিপূরণ প্রদেয় হইবে না, যদি-(ক) তি
10. <criminal_procedure_1238_s70> [গাজীপুর মহানগরী পুলিশ আইন, ২০১৮, ধারা ৭০] রাস্তায় বা সর্বসাধারণের ব্যবহার্য স্থানে জন্তু ছাড়িয়া রাখিবার দণ্ড — কোনো ব্যক্তি যদি কোনো রাস্তায় বা সর্বসাধারণের ব্যবহার্য কোনো স্থানে -(ক) গাফিলতি করিয়া কোনো জন্তু এমনভাবে রা","other_173_s2, other_48_s123",own_search,answered,2,
prot_0038_01,Sarwad,VERIFY,আমার এক আত্মীয়ার তিন মেয়ে। কোনো ছেলে নেই। তাঁর প্রথম মেয়েটি একটি ছেলেসন্তান রেখে মারা গেছেন। আমার আত্মীয়ার ঢাকা শহরে কিছু সম্পত্তি আছে। তাঁর স্বামী ও ভাইবোনেরা বেঁচে আছেন। তাঁর মৃত্যুর পর এই সম্পত্তির অংশীদার কে কে হবেন? তাঁর মৃত মেয়ের ছেলেটি অর্থাৎ নাতি নানির সম্পত্তির অংশীদার হবে কি না? আবুল কালামঢাকা,"1. <other_822_s10> [পার্বত্য চট্টগ্রাম আঞ্চলিক পরিষদ আইন, ১৯৯৮, ধারা ১০] সম্পত্তি সম্পর্কিত ঘোষণা — চেয়ারম্যান ও প্রত্যেক সদস্য তাহার কার্যভার গ্রহণের পূর্বে তাহার এবং তাঁহার পরিবারের কোন সদস্যের স্বত্ব, দখল ব
2. <local_government_1027_s41> [স্থানীয় সরকার (ইউনিয়ন পরিষদ) আইন, ২০০৯, ধারা ৪১] সম্পত্তি সম্পর্কিত ঘোষণা — চেয়ারম্যান ও সদস্য তাঁহার কার্যভার গ্রহণের পূর্বে তাঁহার এবং তাঁহার পরিবারের কোন সদস্যের স্বত্ব, দখল বা স্বার
3. <local_government_827_s10> [উপজেলা পরিষদ আইন, ১৯৯৮, ধারা ১০] সম্পত্তি সম্পর্কিত ঘোষণা — 14[চেয়ারম্যান ও ভাইস চেয়ারম্যান ] তাঁহার কার্যভার গ্রহণের পূর্বে তাঁহার এবং তাঁহার পরিবারের কোন সদস্যের স্বত
4. <labour_952_s2_p5> [বাংলাদেশ শ্রম আইন, ২০০৬, ধারা ২] সংজ্ঞাসমূহ — ব্যবহার করা হয় বা ব্যবহারযোগ্য, এবং কোন টাগ বা ফ্লাট এবং বার্জও ইহার অর্ন্তভুক্ত হইবে;(২৮) ""প্রশাসনিক শ্রমিক""
5. <other_1413_s16> [সরকারি ঋণ আইন, ২০২২, ধারা ১৬] মৃত ধারকের জন্য প্রযোজ্য সংক্ষিপ্ত প্রক্রিয়া — ধারা ১৪ এ যাহা কিছুই থাকুক না কেন, সর্বমোট প্রদেয় মূল্যমান ১ (এক) লক্ষ টাকার ঊর্ধ্বে নয় এইরূপ সরকারি সিকিউরি
6. <other_1429_s2_p0> [আয়কর আইন, ২০২৩, ধারা ২] সংজ্ঞা — বিষয় বা প্রসঙ্গের পরিপন্থি কোনো কিছু না থাকিলে, এই আইনে,-(১) “অবলোপিত মূল্য” অর্থ তৃতীয় তফসিলের অংশ ১ এ সংজ্
7. <labour_1285_s2_p2> [বাংলাদেশ ইপিজেড শ্রম আইন, ২০১৯, ধারা ২] সংজ্ঞা — সময়ে দুই বা ততোধিক শ্রমিক দ্বারা সম্পাদিত হয় সেই ক্ষেত্রে উক্তরূপ প্রত্যেক সময়;(25)‘‘পোষ্য’’ অর্থ কোনো মৃত 
8. <other_812_s32> [দেউলিয়া বিষয়ক আইন, ১৯৯৭, ধারা ৩২] অব্যাহতিপ্রাপ্ত সম্পত্তি — এই আইনের অন্য কোন বিধানে যাহা কিছুই থাকুক না কেন, একক দেনাদারের নিম্্নবর্ণিত সম্পত্তির দখল ২৩ ধারার অধীনে গ্রহ
9. <land_1455_s10> [ভূমি সংস্কার আইন, ২০২৩, ধারা ১০] বর্গাদারের মৃত্যুর পর বর্গাভূমির চাষ — (১) কোনো বর্গাদার বর্গাচুক্তির মেয়াদ শেষ হইবার পূর্বে মারা গেলে, উহার মেয়াদ শেষ না হওয়া পর্যন্ত অথবা এই আইন
10. <money_recovery_876_s39> [সমবায় সমিতি আইন, ২০০১, ধারা ৩৯] সাবেক ও মৃত সদস্যের দায় — কোন সদস্যের সদস্য পদের অবসান হইলে বা মৃত্যু হইলে এবং অবসান বা মৃত্যুর তারিখে সমবায় সমিতির নিকট তাঁহার কোন দায",family_305_s4,own_search,answered,2,
prot_0032_02,Sarwad,VERIFY,আমি স্নাতক (সম্মান) শেষ বর্ষে পড়ি। বয়স ২৩ বছর। আট বছর ধরে একটা ছেলের সঙ্গে আমার সম্পর্ক। আমার চেয়ে ও কয়েক মাসের ছোট। এখন আমরা যদি বিয়ে করতে চাই অর্থাৎ কোর্টে গিয়ে বিয়ে করতে চাইলে বয়সের জন্য কি কোনো রকম অসুবিধা হবে?,"1. <other_1153_s4> [উপানুষ্ঠানিক শিক্ষা আইন, ২০১৪, ধারা ৪] উপানুষ্ঠানিক শিক্ষার শ্রেণীবিভাগ ও বয়স-সীমা — (১) প্রকৃতি ও ধরন অনুযায়ী উপানুষ্ঠানিক শিক্ষার শ্রেণীবিভাগ হইবে নিম্নরূপ, যথা :-(ক) উপানুষ্ঠানিক প্রাথমিক শিক
2. <other_775_s26> [বাংলাদেশ সিকিউরিটিজ অ্যান্ড এক্সচেঞ্জ কমিশন , ধারা ২৬] জটিলতার নিরসনের ক্ষমতা — (১) এই আইনের বিধানাবলী কার্যকর করার ক্ষেত্রে কোন অসুবিধা দেখা দিলে সরকার উক্ত অসুবিধা দূরীকরণার্থে, আদেশ দ্বার
3. <other_813_s20> [বাংলাদেশ কমার্স এন্ড ইনভেষ্টমেন্ট লিমিটেড (প, ধারা ২০] জটিলতা নিরসনের ক্ষমতা — (১) এই আইনের বিধানাবলী কার্যকর করার ক্ষেত্রে কোন অসুবিধা দেখা দিলে সরকার উক্ত অসুবিধা দূরীকরণার্থে, আদেশ দ্বার
4. <other_1064_s17> [আন্তজার্তিক মাতৃভাষা ইনস্টিটিউট  আইন, ২০১০, ধারা ১৭] প্রতিবেদন — (১) প্রতি পঞ্জিকা বছর শেষ হইবার সঙ্গে সঙ্গে ইনস্টিটিউট উক্ত বৎসরে সম্পাদিত কার্যাবলীর খতিয়ান-সম্বলিত বার্ষিক 
5. <labour_952_s311> [বাংলাদেশ শ্রম আইন, ২০০৬, ধারা ৩১১] বয়স প্রমাণের দায়িত্ব — (১) কোন ব্যক্তি কোন নির্দিষ্ট বয়সের কম বা বেশী বয়সী হওয়ার কারণে তাহার কোন কাজ যদি এই আইনের অধীনে দণ্ডযোগ্য 
6. <other_889_s12> [নিরাপদ রক্ত পরিসঞ্চালন আইন, ২০০২, ধারা ১২] লাইসেন্সের মেয়াদ ও নবায়ন — (১) বেসরকারী রক্ত পরিসঞ্চালন কেন্দ্র স্থাপন ও পরিচালনার জন্য প্রদত্ত লাইসেন্সের মেয়াদ হইবে লাইসেন্স ইস্যুর তা
7. <other_1217_s19> [বাংলাদেশ সড়ক পরিবহণ কর্তৃপক্ষ আইন, ২০১৭, ধারা ১৯] বার্ষিক বাজেট বিবরণী — কর্তৃপক্ষ, প্রতি অর্থ বছর সরকার কর্তৃক নির্দিষ্ট সময়ের মধ্যে পরবর্তী অর্থবৎসরের বার্ষিক বাজেট প্রস্তুত করিয়া
8. <labour_1285_s24> [বাংলাদেশ ইপিজেড শ্রম আইন, ২০১৯, ধারা ২৪] চাকরি হইতে অবসর গ্রহণ — (১) এই অধ্যায়ের অন্যত্র যাহা কিছুই উল্লে­খ থাকুক না কেন, কোনো প্রতিষ্ঠানে নিয়োজিত কোনো শ্রমিকের বয়স ৬০ (ষাট
9. <other_918_s66> [অর্থ আইন, ২০০৪, ধারা ৬৬] ২০০৩ সনের ৫নং আইনের ধারা ৪ এর সংশোধন — ভ্রমণ কর আইন, ২০০৩(২০০৩ সনের ৫ নং আইন) এর ধারা ৪ এর উপ-ধারা (২) এর দফা (ক) এর পরিবর্তে নিম্নরূপ দফা (ক) প্রতিস
10. <other_1403_s40> [মোংলা বন্দর কর্তৃপক্ষ আইন, ২০২২, ধারা ৪০] দণ্ড — কোনো ব্যক্তি যদি এই আইন ও বিধির কোনো বিধান লঙ্ঘন করেন তাহা হইলে উক্ত লঙ্ঘন হইবে একটি অপরাধ এবং তজ্জন্য তিনি অন","other_25_s2, other_25_s11",own_search,answered,2,
prot_0111_02,Sarwad,VERIFY,তবে তার দ্বিতীয় বিয়ের কোনো কাবিন বা প্রমাণ আমার কাছে নেই। তার দ্বিতীয় বিয়ের কাবিননামা না পেলে কীভাবে মামলা করব?,"1. <other_1190_s18> [পেট্রোলিয়াম আইন, ২০১৬, ধারা ১৮] পরীক্ষণ সনদ — (১) পেট্রোলিয়ামের নমুনা পরীক্ষণ করিবার পর, পরীক্ষণ কর্মকর্তা সরকার কর্তৃক, সরকারি গেজেটে প্রজ্ঞাপন দ্বারা, নি
2. <family_938_s3> [গ্রাম আদালত আইন, ২০০৬, ধারা ৩] গ্রাম আদালত কর্তৃক বিচারযোগ্য মামলা — (১) ফৌজদারী কার্যবিধি এবং দেওয়ানী কার্যবিধিতে যাহা কিছুই থাকুক না কেন তফসিলের প্রথম অংশে বর্ণিত বিষয়াবলী সম্
3. <family_938_s6ক> [গ্রাম আদালত আইন, ২০০৬, ধারা ৬ক] Limitation Act, 1908(Act No IX of 1908) এ যাহা কিছুই থাকুক না কেন, তফসিলের-(ক) প্রথম অংশে বর্ণিত ফৌজদারী মামলা
4. <other_751_s99> [ব্যাংক-কোম্পানী আইন, ১৯৯১, ধারা ৯৯] অবসায়নাধীন কোন ব্যাংক-কোম্পানীর ক্ষেত্রে দ্বিতীয় খণ্ডের অপ্রযোজ্যতা — দ্বিতীয় খণ্ডের কোন কিছুই অবসায়নাধীন কোন ব্যাংক-কোম্পানীর ত্মেগত্রে প্রযোজ্য হইবে না।
5. <other_918_s62> [অর্থ আইন, ২০০৪, ধারা ৬২] ১৯৯১ সনের ২২নং আইনের দ্বিতীয় তফসিলের প্রতিস্থাপন — মূল্য সংযোজন কর আইনের দ্বিতীয় তফসিলের পরিবর্তে এই আইনের তফসিল ৫ এ বর্ণিত দ্বিতীয় তফসিল প্রতিস্থাপিত হইবে।
6. <other_838_s105> [অর্থ আইন, ২০০০, ধারা ১০৫] ১৯৯১ সনের ২২ নং আইনের দ্বিতীয় তফসিলের প্রতিস্থাপন — মূল্য সংযোজন কর আইন এর দ্বিতীয় তফসিলের পরিবর্তে এই আইনের তফসিল-৫ এ বর্ণিত দ্বিতীয় তফসিল প্রতিস্থাপিত হইবে।
7. <labour_952_s84> [বাংলাদেশ শ্রম আইন, ২০০৬, ধারা ৮৪] নমুনা সংগ্রহের ক্ষমতা — (১) কোন পরিদর্শক, কোন প্রতিষ্ঠানের স্বাভাবিক কর্ম সময়ে, মালিককে সংবাদ দিয়া প্রতিষ্ঠানে ব্যবহৃত বা ব্যবহারের 
8. <other_1490_s12> [অর্থ আইন, ২০২৪, ধারা ১২] ২০১২ সনের ৪৭ নং আইনের দ্বিতীয় তফসিল এর সংশোধন — উক্ত আইনের দ্বিতীয় তফসিল এর—
9. <money_recovery_901_s28> [অর্থ ঋণ আদালত আইন, ২০০৩, ধারা ২৮] জারীর জন্য মামলা দাখিলের সময়সীমা — (১) TheLimitation Act, 1908এবং TheCode of Civil Procedure, 1908এ ভিন্নতর যে বিধানই থাকুক না কেন, ডিক্রীদার, আদ
10. <other_1409_s82> [অর্থ আইন, ২০২২, ধারা ৮২] ২০১২ সনের ৪৭ নং আইনের দ্বিতীয় তফসিলের সংশোধন — উক্ত আইনের দ্বিতীয় তফসিল এর-(ক) টেবিল-১ এর পরিবর্তে নিম্নরূপ টেবিল-১ প্রতিস্থাপিত হইবে, যথা:-",family_305_s6,own_search,answered,2,
prot_0041_02,Sarwad,VERIFY,আমি একজনকে খুব ভালোবাসি। দীর্ঘদিন ধরে আমাদের সম্পর্ক চলছে। নানা বাধা-বিপত্তিও আমাদের আলাদা করতে পারেনি। কিছুদিন আগে আমার বাবা তাকে মিথ্যা কথা বলে ডেকে এনে অপমান করেন এবং সাদা কাগজে স্বাক্ষর করিয়ে নেন। সেই স্বাক্ষরকে কেন্দ্র করে আমার বাবা কোনো আইনি সমস্যা করলে তা সমাধানে আমাদের কী করা উচিত? আমার বয়স ১৯ বছর।নাম প্রকাশে অনিচ্ছুকখুলনা,"1. <other_1181_s45> [বাংলাদেশ কোস্ট গার্ড আইন, ২০১৬, ধারা ৪৫] সাদা কাগজে স্বাক্ষর ও প্রতিবেদন উপস্থাপনে ব্যর্থতা — অধিভুক্ত কোন ব্যক্তি যদি -(ক) বেতন, অস্ত্র, গোলাবারুদ, সরঞ্জাম, পোশাক-পরিচ্ছদ বা ভাণ্ডার সম্পর্কিত কোন সরকারি 
2. <other_1067_s44> [বর্ডার গার্ড বাংলাদেশ আইন, ২০১০, ধারা ৪৪] সাদা কাগজে স্বাক্ষর এবং প্রতিবেদন উপস্থাপনে ব্যর্থতা — অধিভুক্ত কোন ব্যক্তি যদি-(ক) বেতন, অস্ত্র, গোলাবারুদ, সরঞ্জাম, পোষাক-পরিচ্ছদ বা ভাতার সম্পর্কিত কোন সরকারি বা 
3. <other_1103_s36> [দুর্যোগ ব্যবস্থাপনা আইন, ২০১২, ধারা ৩৬] দায়িত্ব পালনে বাধা প্রদান বা বাধা প্রদানের প্রচেষ্টার দন্ড — (১) কোন ব্যক্তি যদি দুর্যোগ ব্যবস্থাপনার দায়িত্ব পালনরত বা ক্ষমতাপ্রাপ্ত কোন কর্মকর্তা বা ব্যক্তিকে অন্যায়ভা
4. <family_938_s11> [গ্রাম আদালত আইন, ২০০৬, ধারা ১১] গ্রাম আদালতের অবমাননা — (১) কোন ব্যক্তি আইনসংগত কারণ ব্যতীত যদি-(ক) গ্রাম আদালত বা উহার কোন সদস্যকে আদালতের কার্যক্রম চলাকালে অশালীন ক
5. <other_1126_s8> [প্রতিবন্ধী ব্যক্তির অধিকার ও সুরক্ষা আইন, ২০, ধারা ৮] বাকপ্রতিবন্ধিতা (speech disability) — নিম্নবর্ণিত দফাসমূহে উল্লিখিত বৈশিষ্ট্যসমূহের মধ্যে এক বা একাধিক বৈশিষ্ট্যের অধিকারী ব্যক্তি ‘বাকপ্রতিবন্ধী ব্
6. <other_1429_s314> [আয়কর আইন, ২০২৩, ধারা ৩১৪] মিথ্যা সনদপত্রের দণ্ড — যদি কোনো ব্যক্তি এই আইনের অধীন এইরূপ কোনো সনদপত্র স্বাক্ষর বা জারি করেন, যাহা তিনি মিথ্যা বলিয়া জানেন বা বিশ্
7. <other_1476_s171_p13> [কাস্টমস আইন, ২০২৩, ধারা ১৭১] অপরাধসমূহের জরিমানা বা দণ্ড — সংশ্লিষ্ট পণ্য বাজেয়াপ্তযোগ্য হইবে।৩৩।সাধারণযদি কোনো ব্যক্তি জ্ঞাতসারে-(ক) এই আইনের দ্বারা বা অধীন অর্পিত বা 
8. <other_916_s8> [বিরোধ মীমাংসা (পৌর এলাকা) বোর্ড আইন, ২০০৪, ধারা ৮] বোর্ডে মামলা দায়ের পদ্ধতি — (১) এই আইনের অধীনে তফসিলে বর্ণিত অপরাধ বা বিষয়সমূহ সম্পর্কে সকল মামলার বিচার ও নিষ্পত্তির জন্য সংশ্লিষ্ট ব্যক
9. <other_1156_s38> [মেট্রোরেল আইন, ২০১৫, ধারা ৩৮] পরিদর্শককে দায়িত্ব পালনে বাধা প্রদান বা মিথ্যা ও বিভ্রান্তিকর তথ্য পদানের দণ্ড — কোন ব্যক্তি যদি পরিদর্শককে, তাহার দায়িত্ব পালনে, বাধা প্রদান বা প্রতিবন্ধকতা সৃষ্টি করেন বা মিথ্যা বা বিভ্রান
10. <other_877_s9> [পার্বত্য চট্টগ্রাম ভূমি-বিরোধ নিষ্পত্তি কমিশ, ধারা ৯] 1 [ কমিশনের নিকট আবেদন দাখিল] — 11[ (১)] এই আইনের অধীনে ভূমি বিরোধ নিষ্পত্তির জন্য সংশ্লিষ্ট আবেদনকারী তাহার দস্তখত বা টিপসহিযুক্ত দরখাস্ত সাদ","other_26_s15, other_26_s19, other_36_s39",own_search,answered,3,
dail_0613_04,Sarwad,VERIFY,"Since the claim is passed through Law and amended further to clarify, are banks in breach, in view of legal and ethical grounds?","1. <other_86_s13> [The Code of Civil Procedure, 1908, ধারা 13] When foreign judgment not conclusive. — A foreign judgment shall be conclusive as to any matter thereby directly adjudicated upon between the same par
2. <other_372_s3> [The Bangladesh (Legal Proceedings) Order, 19, ধারা 3] Notwithstanding anything contained in any other law for the time being in force, all judgments, decrees or ord
3. <other_596_s2> [The Banks and Financial Institutions Laws Am, ধারা 2] Amendment of certain laws relating to Banks and Financial Institutions — The laws mentioned in column 1 of the Schedule shall be amended in the manner indicated in column 2 thereof.
4. <criminal_procedure_75_s248> [The Code of Criminal Procedure, 1898, ধারা 248] Withdrawal of complaint — If a complainant, at any time before a final order is passed in any case under this Chapter, satisfies the Mag
5. <other_181_s19A> [The Tanks Improvement Act, 1939 (Bengal Act), ধারা 19A] Notwithstanding anything contained in the20[State Acquisition and Tenancy Act, 1950] no person shall acquire a
6. <other_26_s226> [1The Contract Act, 1872, ধারা 226] Enforcement and consequences of agent's contracts — Contracts entered into through an agent, and obligations arising from acts done by an agent, may be enforced i
7. <other_408_s2> [The Bangladesh (Legal Proceedings) (Third) O, ধারা 2] Notwithstanding anything contained in any other law for the time being in force, on the commencement of this O
8. <family_180_s2_p1> [The Dissolution of Muslim Marriages Act, 193, ধারা 2] Grounds for decree for dissolution of marriage — is to say,-(a) habitually assaults her or makes her life miserable by cruelty of conduct even if such conduct 
9. <other_367_s13> [The Constitution of the People‌‌‍’s Republic, ধারা 13] Principles of ownership — The people shall own or control the instruments and means of production and distribution, and with this end in
10. <land_241_s144B> [The State Acquisition and Tenancy Act, 1950 , ধারা 144B] Bar to jurisdiction of civil court — (1) When an order has been made under sub-section (1) of section 144 directing the preparation or revision of ",unanswerable,none,unanswerable,2,
prot_0037_04,Sarwad,VERIFY,আমি তার কথায় রাজি না থাকায় সে আমাকে তুলে নিয়ে যাওয়ার হুমকি দেয়। এ নিয়ে আমি ও আমার পরিবার খুব চিন্তিত। আমার বয়স এখনো ১৮ হয়নি। সে আমার ছবি ও স্বাক্ষর সংগ্রহ করেছে এবং কোর্ট ম্যারেজের কাগজ তৈরি করেছে। আমি এখন কী করব?,"1. <cybercrime_1710_s2_p11> [সাইবার সুরক্ষা আইন, ২০২৬, ধারা ২] সংজ্ঞা — দ্বারা কোন ব্যক্তির অন্তরঙ্গ অথবা ব্যক্তিগত ছবি, ভিডিও সংরক্ষণ বা সংরক্ষনের দাবি করিবার মাধ্যমে তাহা প্রকাশ কর
2. <other_1684_s54> [মানব পাচার ও অভিবাসী চোরাচালান প্রতিরোধ ও দম, ধারা ৫৪] ফৌজদারি বিচারের ক্ষেত্রে ভিকটিম ও সাক্ষীর সুরক্ষা বিধান — (১) গন্তব্য দেশে (destination state) বা ট্রানজিট দেশে (transit state) কোনো মানব পাচারের শিকার ব্যক্তির অবৈধ প্
3. <other_1025_s7> [মোবাইল কোর্ট আইন, ২০০৯, ধারা ৭] মোবাইল কোর্টের পরিচালনা পদ্ধতি — (১) এই আইনের অধীন মোবাইল কোর্ট পরিচালনা করিবার সময় কোন ব্যক্তির বিরুদ্ধে অপরাধ আমলে গৃহীত হইবার পরপরই মোবাইল 
4. <other_1009_s25> [সন্ত্রাস বিরোধী আইন, ২০০৯, ধারা ২৫] কতিপয় মামলার তদন্তের ক্ষেত্রে সময়সীমা বৃদ্ধি — (১)59[ধারা ২৪] এর উপ-ধারা (৩) এ নির্ধারিত অতিরিক্ত সময়সীমার মধ্যে এজাহার (FIR) এ উল্লিখিত অপরাধীর পরিচয় অনুদ
5. <other_1124_s7> [মাতৃদুগ্ধ বিকল্প, শিশু খাদ্য, বাণিজ্যিকভাবে , ধারা ৭] শিক্ষামূলক বা অন্যান্য তথ্যাদি — জন্ম-পূর্ববর্তী বা জন্ম-পরবর্তী সেবা দানের উদ্দেশ্যে কোন গর্ভবতী মহিলা বা মাতৃদুগ্ধদানকারী বা শিশুর মায়েদের স
6. <other_1136_s34> [ভৌগোলিক নির্দেশক পণ্য (নিবন্ধন ও সুরক্ষা) আই, ধারা ৩৪] নিবন্ধনবহির এন্ট্রি জালকরণের দণ্ড — যদি কোন ব্যক্তি নিবন্ধন বহিতে কোন মিথ্যা এন্ট্রি করেন বা করান অথবা মিথ্যাভাবে এমন কোন লিখিত কাগজ তৈরি করেন বা 
7. <other_1429_s337> [আয়কর আইন, ২০২৩, ধারা ৩৩৭] কোম্পানি অবসায়নের ক্ষেত্রে গৃহীত ব্যবস্থাদি — কোম্পানী আইন, ১৯৯৪(১৯৯৪ সনের ১৮ নং আইন) এ যাহা কিছুই থাকুক না কেন, অবসায়নের আদেশপ্রাপ্ত বা সাময়িকভাবে অবসায়
8. <women_children_1119_s4> [শিশু আইন, ২০১৩, ধারা ৪] শিশু — বিদ্যমান অন্য কোন আইনে ভিন্নতর যাহা কিছুই থাকুক না কেন, এই আইনের উদ্দেশ্যপূরণকল্পে, অনুর্ধ্ব ১৮ (আঠার) বৎসর বয
9. <women_children_1119_s28> [শিশু আইন, ২০১৩, ধারা ২৮] শিশু-আদালতের কার্যক্রমের গোপনীয়তা — (১) শিশু-আদালতে বিচারাধীন কোন মামলায় জড়িত বা সাক্ষ্য প্রদানকারী কোন শিশুর ছবি বা এমন কোন বর্ণনা, সংবাদ বা রি
10. <other_1429_s127> [আয়কর আইন, ২০২৩, ধারা ১২৭] সরকারি স্ট্যাম্প, কোর্ট ফি, কার্টিজ পেপার বাবদ পরিশোধিত কমিশন হইতে কর সংগ্রহ — সরকারি স্ট্যাম্প, কোর্ট ফি, কার্টিজ পেপার বা অনুরূপ প্রকৃতির অন্য কোনো কিছু বিক্রয়ের বিপরীতে কোনো কমিশন, বাট্","criminal_procedure_11_s366, women_children_1207_s7, women_children_1207_s8",own_search,answered,3,
prot_0100_07,Sarwad,VERIFY,৫. এবং ওই অর্পিত সম্পত্তির মালিক হবেন কে?,"1. <land_856_s2_p1> [অর্পিত সম্পত্তি প্রত্যর্পণ আইন, ২০০১, ধারা ২] সংজ্ঞা — “জেলা প্রশাসক” বলিতে, এই আইনের উদ্দেশ্য পূরণকল্পে, তত্কর্তৃক ক্ষমতা প্রদত্ত অন্য কোন কর্মকর্তাও অন্তর্ভুক্ত;(চ
2. <land_856_s6> [অর্পিত সম্পত্তি প্রত্যর্পণ আইন, ২০০১, ধারা ৬] কতিপয় সম্পত্তি 1 [প্রত্যর্পণযোগ্য সম্পত্তির তালিকায়] অন্তর্ভুক্তি নিষিদ্ধ — 13[প্রত্যর্পণযোগ্য সম্পত্তির তালিকায়] নিম্নবর্ণিত সম্পত্তি অন্তর্ভুক্ত করা যাইবে না, যথা:-(ক) কোন সম্পত্তি অর
3. <land_856_s9> [অর্পিত সম্পত্তি প্রত্যর্পণ আইন, ২০০১, ধারা ৯] 1 [প্রত্যর্পণযোগ্য ]সম্পত্তির তালিকা প্রকাশ — 21[ (১) অর্পিত সম্পত্তি প্রত্যর্পণ (সংশোধন) আইন, ২০১১ কার্যকর হইবার22[ ৩০০ (তিনশত)] দিনের মধ্যে সরকার এই ধারার
4. <other_713_s7> [অস্থাবর সম্পত্তি হুকুমদখল আইন, ১৯৮৮, ধারা ৭] হুকুমদখল আদেশ কার্যকরকরণ — এই আইনের অধীন প্রদত্ত আদেশ দ্বারা হুকুমদখলকৃত কোন অস্থাবর সম্পত্তির মালিক উক্ত আদেশ অনুযায়ী সম্পত্তির দখল বুঝ
5. <land_856_s13> [অর্পিত সম্পত্তি প্রত্যর্পণ আইন, ২০০১, ধারা ১৩] 1 [প্রত্যর্পণযোগ্য] সম্পত্তি সংক্রান্ত মামলার abatement, কার্যধারা বন্ধ ও ট্রাইব্যুনালে দাবী উত্থাপন — (১)57[প্রত্যর্পণযোগ্য সম্পত্তির তালিকা] সরকারী গেজেটে প্রকাশের তারিখে যদি কোন আদালতে এমন দেওয়ানী মামলা অনিষ্প
6. <land_856_s5> [অর্পিত সম্পত্তি প্রত্যর্পণ আইন, ২০০১, ধারা ৫] মালিক, প্রমুখের নিকট প্রত্যর্পণযোগ্য সম্পত্তি প্রত্যর্পণ এবং ইহার ফলাফল — (১) এই আইনের বিধানাবলী অনুসারে প্রত্যর্পণযোগ্য সম্পত্তির তালিকায় অন্তর্ভুক্ত সম্পত্তি উহার মালিকের নিকট বা, ক
7. <land_856_s10_p0> [অর্পিত সম্পত্তি প্রত্যর্পণ আইন, ২০০১, ধারা ১০] 1 [প্রত্যর্পণযোগ্য] সম্পত্তি প্রত্যর্পণ বা অবমুক্তির আবেদন, রেজিষ্ট্রি, রায় ও রায়ের অনুলিপি — (১)38[ধারা ৯ এর অধীন গেজেটে প্রকাশিত ক তফসিলভুক্ত অর্পিত] সম্পত্তির মালিক উক্ত সম্পত্তি তাহার অনুকূলে প্রত্যর্
8. <land_1109_s12> [ওয়াক্‌ফ (সম্পত্তি হস্তান্তর ও উন্নয়ন) বিশেষ , ধারা ১২] অংশীদারিত্বের ভিত্তিতে উন্নয়নের জন্য হস্তান্তর — (১) কোন ওয়াক্ফ সম্পত্তি অংশীদারিত্বের ভিত্তিতে উন্নয়নের জন্য হস্তান্তর করা যাইবে।(২) এই আইনের অধীন ওয়াক্ফ স
9. <money_recovery_901_s33_p4> [অর্থ ঋণ আদালত আইন, ২০০৩, ধারা ৩৩] নিলাম বিক্রয় — (৫) বা (৭) এর অধীন সম্পত্তির দখল আদালতযোগে প্রাপ্ত হওয়া আবশ্যক হইলে, ডিক্রীদারের লিখিত আবেদনের ভিত্তিতে আদালত
10. <other_1065_s9> [বাংলাদেশ মেডিকেল ও ডেন্টাল কাউন্সিল আইন, ২০১, ধারা ৯] কার্যনির্বাহী কমিটি, ইত্যাদি — (১) কাউন্সিলের একটি কার্যনির্বাহী কমিটি থাকিবে।(২) কাউন্সিলের প্রেসিডেন্ট, ভাইস-প্রেসিডেন্ট এবং কাউন্সিল কর্তৃ",6,candidate,answered,3,
prot_0066_06,Sarwad,VERIFY,"আমরা দুই ভাই ও এক বোন বাবার দ্বিতীয় সংসারের সন্তান। পারিবারিক কলহে বাবার সঙ্গে মায়ের ছাড়াছাড়ি হয়ে গেছে। প্রথম পক্ষের ভাইবোনেরা বাবার ঢাকার বাড়িতে থাকে, যেখানে আমাদের কোনো ঠাঁই নেই। ওই বাড়ির তিন ভাগের এক ভাগ বড় মায়ের নামে। কিন্তু বড় মা এখন বেঁচে নেই। বাবা ঢাকার বাড়িতে উঠতে পারেন না, কারণ ওরা জায়গা দেয় না। তাই তিনি এখন গ্রামের বাড়ি থাকেন। গ্রামেও বাবার অনেক সম্পদ। ছাড়াছাড়ির সময় মায়ের পক্ষ নেওয়ায় আমরা বাবার চোখের কাঁটা হই। তা ছাড়া তিনি কখনো আমাদের ঠিকমতো ভরণপোষণ দিতেন না। এখন বাবা আমাদের গ্রামের বাড়িতে উঠতে দেন না। বড় মায়ের মৃত্যুর পর বাবা আবার বিয়ে করেন। তৃতীয় সংসারে তিন বোন। খবর নিয়ে জানতে পারি, বাবা তৃতীয় মা ও ওই পক্ষের সন্তানদের গ্রামের সব সম্পদ লিখে দেবেন। আমরা আগেও কিছু পাইনি, পরেও না। তাই বাবা সম্পত্তি লিখে দেওয়ার আগে কীভাবে আমরা আমাদের অধিকার প্রতিষ্ঠা করতে পারি?মো. ইসমাইল হো","1. <other_893_s7> [শিশু-মাতৃ স্বাস্থ্য ইনস্‌টিটিউট আইন, ২০০২, ধারা ৭] ইনস্‌টিটিউটের দায়িত্ব ও কার্যাবলী — ইনস্টিটিউটের দায়িত্ব ও কার্যাবলী হইবে নিম্নরূপ, যথা:-(১) শিশু ও মায়ের স্বাস্থ্য ও পুষ্টি বিষয়ে শিক্ষা, প্রশ
2. <other_1124_s7> [মাতৃদুগ্ধ বিকল্প, শিশু খাদ্য, বাণিজ্যিকভাবে , ধারা ৭] শিক্ষামূলক বা অন্যান্য তথ্যাদি — জন্ম-পূর্ববর্তী বা জন্ম-পরবর্তী সেবা দানের উদ্দেশ্যে কোন গর্ভবতী মহিলা বা মাতৃদুগ্ধদানকারী বা শিশুর মায়েদের স
3. <other_1087_s24> [অপরাধ সম্পর্কিত বিষয়ে পারস্পরিক সহায়তা আইন, , ধারা ২৪] তৃতীয় পক্ষের অধিকার — (১) ফ্রিজিং বা আটক বা বাজেয়াপ্তির আদেশ কার্যকরকরণের পদক্ষেপ গ্রহণের পূর্বে সংশ্লিষ্ট সম্পত্তিতে স্বার্থ সংশ্ল
4. <women_children_1256_s2> [যৌতুক নিরোধ আইন, ২০১৮, ধারা ২] সংজ্ঞা — বিষয় বা প্রসঙ্গের পরিপন্থি কোনো কিছু না থাকিলে,-(ক) ‘‘পক্ষ’’ অর্থ এই আইনের উদ্দেশ্য পূরণকল্পে, বিবাহের বর বা 
5. <other_1266_s2_p3> [বাংলাদেশ মুক্তিযোদ্ধা কল্যাণ ট্রাস্ট আইন, ২০, ধারা ২] সংজ্ঞা — বা স্বামী এবং পিতা-মাতার অবর্তমানে খেতাবপ্রাপ্ত বীর মুক্তিযোদ্ধার সন্তান; বা(উ) (অ)-(ঈ) পর্যন্ত বর্ণিত ব্যক্তি
6. <other_751_s81_p2> [ব্যাংক-কোম্পানী আইন, ১৯৯১, ধারা ৮১] দেনাদারগণের তালিকা — বিবেচিত হয়, সেইরূপ আদেশ প্রদান করিতে পারিবে :তবে শর্ত থাকে যে, হাইকোর্ট বিভাগ, যথাযথ বিবেচনা করিলে, উক্ত ত্রি
7. <other_1483_s7> [পরিত্যক্ত বাড়ি (সম্পূরক বিধানাবলি) আইন, ২০২৩, ধারা ৭] মামলা দায়েরে নিষেধাজ্ঞা, ইত্যাদি — (১) রাষ্ট্রপতির ১৯৭২ সনের ১৬ নং আদেশ বা এই আইনের অধীন কৃত, গৃহীত বা চলমান কোনো কার্যক্রম, সিদ্ধান্ত বা জারীকৃত
8. <family_1444_s20> [পারিবারিক আদালত আইন, ২০২৩, ধারা ২০] মোকদ্দমা এবং আপিল স্থানান্তর ও স্থগিতকরণ — (১) হাইকোর্ট বিভাগ, কোনো পক্ষের আবেদনক্রমে বা স্বীয় উদ্যোগে, লিখিত আদেশ দ্বারা, দায়েরকৃত যেকোনো-(ক) মোকদ্দমা
9. <criminal_procedure_765_s87> [রাজশাহী মহানগরী পুলিশ আইন, ১৯৯২, ধারা ৮৭] ইচ্ছাকৃতভাবে অনধিকার প্রবেশের দণ্ড — কোন ব্যক্তি সন্তোষজনক কারণ ছাড়া কোন বসত বাড়িতে বা উহার প্রাংগণে বা উহার সংলগ্ন জমিতে বা মাঠে অথবা সরকারী জমি
10. <other_1717_s57> [ব্যাংক রেজল্যুশন আইন, ২০২৬, ধারা ৫৭] ব্যাংক রেজল্যুশন ও অবসায়নে প্রাপ্য আদায়ের ক্ষমতা — (১) বাংলাদেশ ব্যাংক, উহার ব্যাংক পুনর্গঠন ও রেজল্যুশন তহবিল বা রেজল্যুশনের অধীন বা অবসায়নাধীন তফসিলি ব্যাংকের","other_173_s2, other_48_s122, other_48_s123",own_search,answered,2,
prot_0096_01,Sarwad,VERIFY,আমি একজন সরকারি চাকরিজীবী। ২০১৪ সালের ফেব্রুয়ারি মাসে বিয়ে করি। বিয়ের কিছুদিন পর থেকেই আমার স্ত্রীকে কোনো কিছু দিয়ে সন্তুষ্ট করতে পারিনি। এই নেই সেই নেই কত কিছু। অথচ আমার সাধ্যের মধ্যে সংসার চালাচ্ছি। এরপর সে কোনো কথা শুনতে চায় না। আমাদের দুই মেয়ে আছে। স্ত্রীর যন্ত্রণায় একেবারে অতিষ্ট। তাই আমি তাঁকে তালাক দিতে চাই। সরকারি চাকরিজীবী হওয়ায় মামলা করলে আমার চাকরির কোনো সমস্যা হবে কি? মিলন,"1. <other_1482_s31> [বাংলাদেশ হোমিওপ্যাথিক চিকিৎসা শিক্ষা আইন, ২০, ধারা ৩১] ব্যবস্থাপত্রে অ-অনুমোদিত ঔষধ লিখিবার দণ্ড — (১) কোনো হোমিওপ্যাথিক চিকিৎসক হোমিওপ্যাথিক ফার্মাকোপিয়াতে অন্তর্ভুক্ত নেই এমন কোনো ঔষধ হোমিওপ্যাথিক চিকিৎসা ব
2. <other_1128_s35> [মাল্টি-লেভেল মার্কেটিং কার্যক্রম (নিয়ন্ত্রণ), ধারা ৩৫] এই আইনে সুনির্দিষ্টভাবে দণ্ডের উল্লেখ নেই এইরূপ কোন বিধান লংঘনের দণ্ড — কোন ব্যক্তি যদি এই আইনে সুনির্দিষ্টভাবে দণ্ডের বিধান উল্লেখ নাই এইরূপ কোন বিধান লংঘন করেন, তাহা হইলে উক্ত লংঘন
3. <other_1126_s8> [প্রতিবন্ধী ব্যক্তির অধিকার ও সুরক্ষা আইন, ২০, ধারা ৮] বাকপ্রতিবন্ধিতা (speech disability) — নিম্নবর্ণিত দফাসমূহে উল্লিখিত বৈশিষ্ট্যসমূহের মধ্যে এক বা একাধিক বৈশিষ্ট্যের অধিকারী ব্যক্তি ‘বাকপ্রতিবন্ধী ব্
4. <other_1727_s35> [জুয়া প্রতিরোধ আইন, ২০২৬, ধারা ৩৫] ফৌজদারি কার্যবিধির প্রযোজ্যতা — এই আইনের যে সকল ক্ষেত্রে সুনির্দিষ্ট কোনো বিধান নেই সেইক্ষেত্রে অপরাধের তদন্ত, বিচার, তল্লাশি, জব্দ, গ্রেপ্তার
5. <other_1395_s9> [বাংলাদেশ সুপ্রীম কোর্টের বিচারক (পারিতোষিক ও, ধারা ৯] যানবাহন সুবিধা — (১) সরকারের সচিব পদমর্যাদার কর্মকর্তা যেইরূপ শর্তে সরকারি যানবাহন সুবিধা প্রাপ্য হন সেইরূপ শর্তে বিচারকগণ সরকা
6. <other_1658_s2> [জুলাই গণঅভ্যুত্থান (সুরক্ষা ও দায় নির্ধারণ) , ধারা ২] সংজ্ঞা — বিষয় বা প্রসঙ্গের পরিপন্থি কোনো কিছু না থাকিলে, এই আইনে— (ক) “গণঅভ্যুত্থানকারী” অর্থ জুলাই গণঅভ্যুত্থানের পক্
7. <other_1091_s2> [পর্নোগ্রাফি নিয়ন্ত্রণ আইন, ২০১২, ধারা ২] সংজ্ঞা — বিষয় বা প্রসঙ্গের পরিপন্থী কোন কিছু না থাকিলে এই আইনে—(ক) ‘‘অপরাধ’’ অর্থ এই আইনের অধীন সংঘটিত কোন অপরাধ;(খ) ‘
8. <other_1477_s2> [নিউ ডেভেলপমেন্ট ব্যাংক আইন, ২০২৩, ধারা ২] সংজ্ঞা — বিষয় বা প্রসঙ্গের পরিপন্থি কোনো কিছু না থাকিলে, এই আইনে-(১) “চুক্তি” অর্থ নিউ ডেভেলপমেন্ট ব্যাংক প্রতিষ্ঠার উ
9. <other_1110_s2> [১৯৭৫ সালের ১৫ আগস্ট  হইতে ১৯৭৯ সালের ৯ এপ্রি, ধারা ২] সংজ্ঞা — বিষয় বা প্রসঙ্গের পরিপন্থী কোন কিছু না থাকিলে, এই আইনে -(ক) ‘‘অধ্যাদেশ’’ অর্থ ১৯৭৫ সালের ১৫ আগস্ট হইতে ১৯৭৯ স
10. <other_1111_s2> [১৯৮২ সালের ২৪ মার্চ হইতে ১৯৮৬ সালের ১১ নভেম্, ধারা ২] সংজ্ঞা — বিষয় বা প্রসঙ্গের পরিপন্থী কোন কিছু না থাকিলে, এই আইনে -(ক) ‘‘অধ্যাদেশ’’ অর্থ ১৯৮২ সালের ২৪ মার্চ হইতে ১৯৮৬ স",family_305_s7,own_search,answered,3,
prot_0087_03,Sarwad,VERIFY,"কয়েক মাস আগে আমি ভোটার পরিচয়পত্র হারিয়ে ফেলি। এ নিয়ে খুব চিন্তায় ছিলাম। কয়েকদিন পর জানতে পারলাম, এক বন্ধু সেটি খুঁজে পেয়েছে। শুনে নিশ্চিন্ত হলাম। কিন্তু তার কাছে পরিচয়পত্রটি চাইলে তা দিতে সে অস্বীকার করে। জানায় টাকা না দিলে সে কার্ডটি ফেরত দেবে না। ভেবেছিলাম সে বোধহয় মজা করছে। তিন হাজার ৫০০ টাকা ছাড়া পরিচয়পত্রটি দেবে না বলে জানায়। এমনকি নানা ভয়ও দেখায়। এ ঘটনায় আমাদের বন্ধুত্ব নষ্ট হয়ে গেল। এখন আমি তার বিরুদ্ধে থানায় সাধারণ ডায়েরি (জিডি) করতে চাই। এ জন্য পুলিশ আমার কাছ থেকে কী কী তথ্য চাইবে। আর জিডি করার পর আমার বন্ধুটি যদি জানতে পারে বা জানার পর সে যদি আমার বিরুদ্ধে উল্টো আইনানুগ ব্যবস্থা নিতে চায়, তাহলে সেটা কীভাবে মোকাবিলা করা সম্ভব? আমার পরিচয়পত্রটি আমি কীভাবে উদ্ধার করতে পারি—জানাবেন","1. <criminal_procedure_1013_s52> [বরিশাল মহানগরী পুলিশ আইন, ২০০৯, ধারা ৫২] নিয়োগপত্র, প্রভৃতি ফেরত দিতে গাফিলতি বা অস্বীকৃতি জ্ঞাপনের দণ্ড — কোন পুলিশ কর্মকর্তা বাহিনীর সহিত সম্পর্ক ছিন্ন হওয়ার অব্যবহিত পরে তাহার নিয়োগপত্র, অস্ত্র, পোশাক ও অন্যান্য 
2. <criminal_procedure_1239_s50> [রংপুর মহানগরী পুলিশ আইন, ২০১৮, ধারা ৫০] সনদপত্র, প্রভৃতি ফেরত প্রদানে গাফিলতি বা অস্বীকৃতি জ্ঞাপনের দণ্ড — কোনো পুলিশ অফিসার বাহিনীর সহিত সম্পর্ক ছিন্ন হইবার অব্যবহিত পরে তাহার সনদপত্র, অস্ত্র, পোশাক ও অন্যান্য দ্রব্য
3. <criminal_procedure_1238_s50> [গাজীপুর মহানগরী পুলিশ আইন, ২০১৮, ধারা ৫০] সনদপত্র, প্রভৃতি ফেরত প্রদানে গাফিলতি বা অস্বীকৃতি জ্ঞাপনের দণ্ড — কোনো পুলিশ অফিসার বাহিনীর সহিত সম্পর্ক ছিন্ন হইবার অব্যবহিত পরে তাহার সনদপত্র, অস্ত্র, পোশাক ও অন্যান্য দ্রব্য
4. <criminal_procedure_1012_s52> [সিলেট মহানগরী পুলিশ আইন, ২০০৯, ধারা ৫২] নিয়োগপত্র, প্রভৃতি ফেরৎ দিতে গাফিলতি বা অস্বীকৃতি জ্ঞাপনের দণ্ড — কোন পুলিশ কর্মকর্তা বাহিনীর সহিত সম্পর্ক ছিন্ন হওয়ার অব্যবহিত পরে তাহার নিয়োগপত্র, অস্ত্র, পোশাক ও অন্যান্য 
5. <other_751_s112> [ব্যাংক-কোম্পানী আইন, ১৯৯১, ধারা ১১২] (১) বাংলাদেশ ব্যাংক যদি এই আইনের কোন ধারা অথবা তদধীন কোন আদেশ বা নির্দেশ বা আরোপিত শর্ত বা প্রণীত কোন বিধি লংঘ
6. <criminal_procedure_765_s52> [রাজশাহী মহানগরী পুলিশ আইন, ১৯৯২, ধারা ৫২] নিয়োগপত্র, প্রভৃতি ফেরত্ দিতে গাফিলতি বা অস্বীকৃতি জ্ঞাপনের দণ্ড — কোন পুলিশ কর্মকর্তা বাহিনীর সহিত সম্পর্ক ছিন্ন হওয়ার অব্যবহিত পরে তাহার নিয়োগপত্র, অস্ত্র, পোশাক ও অন্যান্য 
7. <criminal_procedure_765_s90> [রাজশাহী মহানগরী পুলিশ আইন, ১৯৯২, ধারা ৯০] কর্তৃত্ব ছাড়া অস্ত্র বহনের দণ্ড — পুলিশ অফিসার না হইয়া অথবা প্রতিরক্ষা বাহিনী বা বাংলাদেশ রাইফেলস্ এর সদস্য না হইয়া অনুরূপ দায়িত্বে রত না থাক
8. <criminal_procedure_1012_s90> [সিলেট মহানগরী পুলিশ আইন, ২০০৯, ধারা ৯০] কর্তৃত্ব ছাড়া অস্ত্র বহনের দন্ড — পুলিশ অফিসার না হইয়া, অথবা প্রতিরক্ষা বাহিনী বা বাংলাদেশ রাইফেলস এর সদস্য না হইয়া অনুরূপ দায়িত্বে রত না থাক
9. <labour_952_s306> [বাংলাদেশ শ্রম আইন, ২০০৬, ধারা ৩০৬] বাধা প্রদানের দণ্ড — (১) কোন ব্যক্তি এই আইন বা বিধি, প্রবিধান বা স্কীমের অধীন দায়িত্ব পালনরত কোন কর্মকর্তাকে উহার অধীন তাহার দায়ি
10. <criminal_procedure_1013_s90> [বরিশাল মহানগরী পুলিশ আইন, ২০০৯, ধারা ৯০] কর্তৃত্ব ছাড়া অস্ত্র বহনের দণ্ড — পুলিশ অফিসার না হইয়া, অথবা প্রতিরক্ষা বাহিনী বা বাংলাদেশ রাইফেলস্ এর সদস্য না হইয়া অনুরূপ দায়িত্বে রত না থা","criminal_procedure_11_s384, criminal_procedure_11_s503",own_search,answered,3,
ajke_0191_01,Sarwad,VERIFY,"প্রশ্ন: আমরা চার বোন। কোনো ভাই নেই। কিছুদিন আগে বাবা মারা গেছেন। বাবা মারা যাওয়ার পরপরই চাচাতো ভাইয়েরা সম্পত্তি নিয়ে নানা রকম ঝামেলা বাধানোর চেষ্টা করছে। তারা বলছে, ভাই নেই বলে মা এবং আমরা বাবার সম্পত্তির কোনো অংশই পাব না। এটা কি সত্যি? যদি না হয়, তাহলে এই মুহূর্তে বাবার সম্পত্তি বুঝে নিতে আমরা কী করতে পারি?","1. <other_1682_s2_p0> [মানবদেহে অঙ্গ-প্রত্যঙ্গ সংযোজন আইন, ২০২৬, ধারা ২] সংজ্ঞা — বিষয় বা প্রসঙ্গের পরিপন্থি কোনো কিছু না থাকিলে, এই আইনে- (১) “অঙ্গ-প্রত্যঙ্গ” অর্থ মানবদেহের কিডনি, হৃৎপিণ্ড,
2. <other_1266_s2_p3> [বাংলাদেশ মুক্তিযোদ্ধা কল্যাণ ট্রাস্ট আইন, ২০, ধারা ২] সংজ্ঞা — বা স্বামী এবং পিতা-মাতার অবর্তমানে খেতাবপ্রাপ্ত বীর মুক্তিযোদ্ধার সন্তান; বা(উ) (অ)-(ঈ) পর্যন্ত বর্ণিত ব্যক্তি
3. <other_724_s8> [রাংগামাটি পার্বত্য জেলা পরিষদ আইন, ১৯৮৯, ধারা ৮] সম্পত্তি সম্পর্কিত ঘোষণা — চেয়ারম্যান ও প্রত্যেক সদস্য তাঁহার কার্যভার গ্রহণের পূর্বে তাঁহার এবং তাঁহার পরিবারের কোন সদস্যের স্বত্ব, দখল
4. <other_822_s10> [পার্বত্য চট্টগ্রাম আঞ্চলিক পরিষদ আইন, ১৯৯৮, ধারা ১০] সম্পত্তি সম্পর্কিত ঘোষণা — চেয়ারম্যান ও প্রত্যেক সদস্য তাহার কার্যভার গ্রহণের পূর্বে তাহার এবং তাঁহার পরিবারের কোন সদস্যের স্বত্ব, দখল ব
5. <local_government_1027_s41> [স্থানীয় সরকার (ইউনিয়ন পরিষদ) আইন, ২০০৯, ধারা ৪১] সম্পত্তি সম্পর্কিত ঘোষণা — চেয়ারম্যান ও সদস্য তাঁহার কার্যভার গ্রহণের পূর্বে তাঁহার এবং তাঁহার পরিবারের কোন সদস্যের স্বত্ব, দখল বা স্বার
6. <other_1482_s31> [বাংলাদেশ হোমিওপ্যাথিক চিকিৎসা শিক্ষা আইন, ২০, ধারা ৩১] ব্যবস্থাপত্রে অ-অনুমোদিত ঔষধ লিখিবার দণ্ড — (১) কোনো হোমিওপ্যাথিক চিকিৎসক হোমিওপ্যাথিক ফার্মাকোপিয়াতে অন্তর্ভুক্ত নেই এমন কোনো ঔষধ হোমিওপ্যাথিক চিকিৎসা ব
7. <local_government_827_s10> [উপজেলা পরিষদ আইন, ১৯৯৮, ধারা ১০] সম্পত্তি সম্পর্কিত ঘোষণা — 14[চেয়ারম্যান ও ভাইস চেয়ারম্যান ] তাঁহার কার্যভার গ্রহণের পূর্বে তাঁহার এবং তাঁহার পরিবারের কোন সদস্যের স্বত
8. <other_1148_s2> [বাংলাদেশ সাংবাদিক কল্যাণ ট্রাস্ট আইন, ২০১৪, ধারা ২] সংজ্ঞা — বিষয় বা প্রসঙ্গের পরিপন্থী কোন কিছু না থাকিলে, এই আইনে-(১) ‘‘চেয়ারম্যান’’ অর্থ বোর্ডের চেয়ারম্যান;(২) ‘‘ট্র
9. <land_1455_s10> [ভূমি সংস্কার আইন, ২০২৩, ধারা ১০] বর্গাদারের মৃত্যুর পর বর্গাভূমির চাষ — (১) কোনো বর্গাদার বর্গাচুক্তির মেয়াদ শেষ হইবার পূর্বে মারা গেলে, উহার মেয়াদ শেষ না হওয়া পর্যন্ত অথবা এই আইন
10. <other_1378_s2> [বাংলাদেশ চলচ্চিত্র শিল্পী কল্যাণ ট্রাস্ট আইন, ধারা ২] সংজ্ঞা — বিষয় বা প্রসঙ্গের পরিপন্থি কোনো কিছু না থাকিলে, এই আইনে-(ক) “চলচ্চিত্র” অর্থ সেলুলয়েড, অ্যানালগ, ডিজিটাল বা ",other_173_s2,own_search,answered,2,
lawy_0303_01,Sarwad,VERIFY,"জমির দলিলে দাগ, খতিয়ান, মৌজা, চৌহদ্দি, নামের ভুল কিভাবে সংশোধন করবেন?","1. <other_1713_s10> [মহেশখালী সমন্বিত উন্নয়ন কর্তৃপক্ষ আইন, ২০২৬, ধারা ১০] কর্তৃপক্ষের অধিক্ষেত্রাধীন এলাকা চিহ্নিতকরণ, বিস্তারিত বিবরণ প্রকাশ; সংরক্ষিত এলাকা ঘোষণা, দখল, নিয়ন্ত্রণ, ইত্যাদি — (১) কর্তৃপক্ষ, সরকারের পূর্বানুমতি গ্রহণ সাপেক্ষে, তফসিলে বর্ণিত অধিক্ষেত্রের এলাকার মৌজা, খতিয়ান, দাগ ও মালি
2. <land_1449_s6> [ভূমি উন্নয়ন কর আইন, ২০২৩, ধারা ৬] অবিভক্ত দাগ, খতিয়ান, ইত্যাদি — (১) উত্তরাধিকার বা অন্য যেকোনো মাধ্যমে হস্তান্তরের ক্ষেত্রে একটি দাগ বিভিন্ন ভাগ বা খন্ডে বিভক্ত হইলে এবং এইরূ
3. <land_856_s9> [অর্পিত সম্পত্তি প্রত্যর্পণ আইন, ২০০১, ধারা ৯] 1 [প্রত্যর্পণযোগ্য ]সম্পত্তির তালিকা প্রকাশ — 21[ (১) অর্পিত সম্পত্তি প্রত্যর্পণ (সংশোধন) আইন, ২০১১ কার্যকর হইবার22[ ৩০০ (তিনশত)] দিনের মধ্যে সরকার এই ধারার
4. <other_1114_s17> [বাংলাদেশ পানি আইন, ২০১৩, ধারা ১৭] পানি সংকটাপন্ন এলাকা ঘোষণা ও উহার ব্যবস্থাপনা — (১) সরকার নির্বাহী কমিটির সুপারিশের ভিত্তিতে জলাধার বা পানিধারক স্তরের সুরক্ষার জন্য, যথাযথ অনুসন্ধান, পরীক্ষা
5. <other_679_s16> [ভূমি-খতিয়ান (পার্বত্য চট্টগ্রাম) অধ্যাদেশ, ১, ধারা ১৬] আদালতের এখতিয়ারের প্রতিবন্ধক — ভূমি-খতিয়ান প্রস্তুত বা সংশোধনের নির্েদশ সংক্রান্ত কোন আদেশ বা ভূমি-খতিয়ান প্রস্তুত বা সংশোধন সম্পর্িকত কোন 
6. <other_1114_s25> [বাংলাদেশ পানি আইন, ২০১৩, ধারা ২৫] বন্যা নিয়ন্ত্রণ অঞ্চল ঘোষণা ও উহার ব্যবস্থাপনা — (১) বন্যার জলস্রোতের প্রবাহ নির্বিঘ্ন করিবার লক্ষ্যে যথাযথ অনুসন্ধান ও জরীপের ফলাফলের ভিত্তিতে নির্বাহী কমিটি,
7. <money_recovery_1468_s15> [সুরক্ষিত লেনদেন (অস্থাবর সম্পত্তি) আইন, ২০২৩, ধারা ১৫] নিবন্ধিত তথ্য সংশোধন — (১) এই আইনের অধীন নিবন্ধিত কোনো তথ্যে ভুল থাকিলে বা কোনো কারণে তথ্য সংশোধন করিবার প্রয়োজন হইলে, সুরক্ষিত পক্ষ
8. <other_679_s3> [ভূমি-খতিয়ান (পার্বত্য চট্টগ্রাম) অধ্যাদেশ, ১, ধারা ৩] ভূমি-খতিয়ান প্রস্তুত — সরকার, যথোচিত মনে করিলে, এই অধ্যাদেশের বিধানাবলী মোতাবেক রাজস্ব অফিসার দ্বারা পার্বত্য চট্টগ্রাম এলাকা বা উহার
9. <other_812_s111> [দেউলিয়া বিষয়ক আইন, ১৯৯৭, ধারা ১১১] কতিপয় ভুলত্রুটি সংশোধনে আদালতের ক্ষমতা — যে কোন সময় আদালত- (ক) উহার কোন আদেশে পরিলক্ষিত কোন করণিক বা গাণিতিক ভুল, অথবা অসাবধানতার কারণে সংঘটিত কোন ভুল
10. <other_1106_s131> [মূল্য সংযোজন কর ও সম্পূরক শুল্ক আইন, ২০১২, ধারা ১৩১] করণিক ত্রুটি, ইত্যাদির সংশোধন — এই আইন বা তদধীন প্রণীত বিধিমালার অধীন কৃত কোন কর্মকাণ্ডে কোন করণিক বা গাণিতিক ভুল-ত্রুটি থাকিলে মূসক কর্মকর্তা",other_36_s31,own_search,answered,2,
prot_0070_05,Sarwad,VERIFY,"আমি ২০০৯ সালে একটি ছেলেকে পছন্দ করে বিয়ে করি। বিয়ে হয় একজন উকিল ও নোটারি পাবলিকের অফিসে। বিয়ের আগে সে আমাকে কথা দেয়, বিয়ের ব্যাপারটা কেউ জানবে না। যেহেতু সে শিক্ষিত, তাই ভালো একটা চাকরি করবে, যাতে আমার পরিবার তাকে মেনে নেয়। কারণ, আমি একজন সরকারি চাকরিজীবী। কিন্তু বিয়ের দুই দিন পরই তার পক্ষ থেকে বিয়ের কথা সবাইকে জানানো হয়। সে আমাকে অন্য একটি ছেলেকে নিয়ে মিথ্যা সন্দেহ করে হুমকি দিচ্ছে এবং পরিচিত সবার কাছে বাজে কথা বলে বেড়াচ্ছে। আমার পরিবার এমনিতেই তার কাছে বিয়ে দিতে রাজি নয়। তার মধ্যে ওর এই ব্যবহার দেখে আইনের আশ্রয় নিতে চাইছে। যেহেতু সে আমার সঙ্গে প্রতারণা করেছে এবং চাকরিও করছে না। সব চেয়ে বড় কথা, আমাকে হুমকি দিচ্ছে। তাই আমি আর তার সঙ্গে সম্পর্ক রাখতে চাইছি না। আমার পরিবার আমাকে অন্যত্র বিয়ে দিতে চাইছে। আমিও রাজি। আমি হিন্দু ধর্মাবলম্বী। তাকে কীভাবে তালাক দিতে পারি? বিয়ের মূল কাগজ আমার কাছে, তার কাছে কোনো কপি আছে কি না, জানি না। থাকলে কি সে কোনো ক্ষতি করতে পারবে? তালাক না দিয়ে কি আমি অন্য জায়গায় বিয়ে করতে পারব? নাম প্রকাশে অনিচ্ছুকসিলেট","1. <other_1126_s8> [প্রতিবন্ধী ব্যক্তির অধিকার ও সুরক্ষা আইন, ২০, ধারা ৮] বাকপ্রতিবন্ধিতা (speech disability) — নিম্নবর্ণিত দফাসমূহে উল্লিখিত বৈশিষ্ট্যসমূহের মধ্যে এক বা একাধিক বৈশিষ্ট্যের অধিকারী ব্যক্তি ‘বাকপ্রতিবন্ধী ব্
2. <other_1181_s29> [বাংলাদেশ কোস্ট গার্ড আইন, ২০১৬, ধারা ২৯] বিদ্রোহ — এই আইনের বিধানাবলী সাপেক্ষে, অধিভুক্ত কোন ব্যক্তি যদি -(ক) বাহিনীর অভ্যন্তরে বা অন্য কোন শৃঙ্খলা বাহিনীতে কোন 
3. <other_788_s342> [কোম্পানী আইন, ১৯৯৪, ধারা ৩৪২] লিকুইডেটর কর্তৃক ব্যাংকে টাকা জমাদান — (১) আদালত কর্তৃক অবলুপ্ত হইতেছে এইরূপ কোম্পানীর প্রত্যেক লিকুইডেটর তত্কর্তৃক গৃহীত সকল টাকা নির্ধারিত পদ্ধতিতে
4. <other_1067_s28> [বর্ডার গার্ড বাংলাদেশ আইন, ২০১০, ধারা ২৮] বিদ্রোহ — অধিভুক্ত কোন ব্যক্তি যদি-(ক) বাহিনীর অভ্যন্তরে অথবা শৃঙ্খলা বাহিনীতে কোন বিদ্রোহ সংঘটনের সূচনা করেন, বিদ্রোহের
5. <other_1200_s4> [বাংলাদেশ নার্সিং ও মিডওয়াইফারি কাউন্সিল আইন,, ধারা ৪] কাউন্সিলের গঠন — (১) কাউন্সিল নিম্নবর্ণিত সদস্য সমন্বয়ে গঠিত হইবে, যথা:-(ক) সচিব,2[স্বাস্থ্য শিক্ষা ও পরিবার কল্যাণ বিভাগ], পদ
6. <other_788_s346_p0> [কোম্পানী আইন, ১৯৯৪, ধারা ৩৪৬] নিষ্ক্রিয় (defunct) কোম্পানীর নাম নিবন্ধন বহি হইতে কাটিয়া দেওয়া — (১) যেক্ষেত্রে রেজিষ্ট্রারের এইরূপ বিশ্বাস করিবার যুক্তিসংগত কারণ থাকে যে, কোন একটি কোম্পানী ব্যবসা করিতেছে না
7. <other_1133_s5> [নির্যাতন এবং হেফাজতে মৃত্যু (নিবারণ) আইন, ২০, ধারা ৫] আদালত কর্তৃক মামলা দায়েরের নির্দেশ দান — (১) ধারা ৪ এর উপ-ধারা (১) (ক) অনুযায়ী বিবৃতি লিপিবদ্ধ করিবার পর আদালত অনতিবিলম্বে বিবৃতির একটি কপি সংশ্লিষ্ট 
8. <family_938_s11> [গ্রাম আদালত আইন, ২০০৬, ধারা ১১] গ্রাম আদালতের অবমাননা — (১) কোন ব্যক্তি আইনসংগত কারণ ব্যতীত যদি-(ক) গ্রাম আদালত বা উহার কোন সদস্যকে আদালতের কার্যক্রম চলাকালে অশালীন ক
9. <other_1684_s2_p1> [মানব পাচার ও অভিবাসী চোরাচালান প্রতিরোধ ও দম, ধারা ২] সংজ্ঞা — বা অন্য কোনোভাবে সহায়তা করা এবং Penal Code, 1860 এর section 52A-তে Harbour অভিব্যক্তিটি যে অর্থে ব্যবহৃত হইয়
10. <land_1449_s2_p0> [ভূমি উন্নয়ন কর আইন, ২০২৩, ধারা ২] সংজ্ঞা — বিষয় বা প্রসঙ্গের পরিপন্থি কোনো কিছু না থাকিলে, এই আইনে,-(১) ‘অকৃষি ভূমি’ অর্থNon-Agricultural Tenancy Act, 1",unanswerable,none,unanswerable,2,
prot_0005_03,Sarwad,VERIFY,আমরা কীভাবে তাকে আমাদের সন্তানের মতো আমাদের সঙ্গে রাখতে পারি?,"1. <women_children_835_s13> [নারী ও শিশু নির্যাতন দমন আইন, ২০০০, ধারা ১৩] (১) অন্য কোন আইনে ভিন্নতর যাহা কিছুই থাকুক না কেন, ধর্ষণের কারণে কোন সন্তান জন্মলাভ করিলে-(ক) উক্ত সন্তানকে তা
2. <other_1132_s2> [পিতা-মাতার ভরণ-পোষণ আইন, ২০১৩, ধারা ২] সংজ্ঞা — বিষয় বা প্রসঙ্গের পরিপন্থী কোন কিছু না থাকিলে, এই আইনে—(ক) “পিতা” অর্থ এমন ব্যক্তি যিনি সন্তানের জনক;(খ) “ভরণ
3. <other_1429_s31> [আয়কর আইন, ২০২৩, ধারা ৩১] আয় একীভূতকরণ — (১) এই আইনে ভিন্নরূপ কিছু না থাকিলে, নিম্নবর্ণিত আয়সমূহ কোনো ব্যক্তির মোট আয়ের অন্তর্ভুক্ত হইবে, যথা:-(ক) উক
4. <other_1485_s10> [বাংলাদেশ পুলিশ কল্যাণ তহবিল আইন, ২০২৩, ধারা ১০] বিবাহের জন্য কল্যাণ অনুদান — বোর্ড মৃত, স্থায়ীভাবে অক্ষম, বিকলাঙ্গ বা অন্য কোনোভাবে চরম দুর্দশাগ্রস্ত কোনো কর্মচারীর সন্তানের বিবাহের জন্য
5. <other_788_s336> [কোম্পানী আইন, ১৯৯৪, ধারা ৩৩৬] পাওনাদার অথবা প্রদায়কের অভিপ্রায় জানিবার উদ্দেশ্যে সভা আহ্বান — (১) যেক্ষেত্রে এই আইনের কোন বিধান অনুসারে, কোম্পানীর অবলুপ্তিকালে, পর্যাপ্ত প্রমাণ সাপেক্ষে আদালতকে পাওনাদার ক
6. <other_1485_s11> [বাংলাদেশ পুলিশ কল্যাণ তহবিল আইন, ২০২৩, ধারা ১১] শিক্ষার জন্য কল্যাণ অনুদান — (১) বোর্ড কোনো কর্মচারীর বা মৃত, স্থায়ীভাবে অক্ষম, বিকলাঙ্গ কর্মচারীর সন্তানের শিক্ষার জন্য তহবিল হইতে ১ (এক)
7. <women_children_1063_s17> [পারিবারিক সহিংসতা (প্রতিরোধ ও সুরক্ষা) আইন, , ধারা ১৭] নিরাপদ হেফাজত আদেশ — আপাততঃ বলবৎ অন্য কোন আইনে যাহা কিছুই থাকুক না কেন, আদালত এই আইনের অধীন আবেদন বিবেচনার যে কোন পর্যায়ে সংক্ষুব্
8. <other_1132_s7> [পিতা-মাতার ভরণ-পোষণ আইন, ২০১৩, ধারা ৭] অপরাধ বিচারার্থ গ্রহণ ও বিচার — (১)Code of Criminal Procedure, 1898(Act V of 1898) এ যাহা কিছুই থাকুক না কেন, এই আইনের অধীন সংঘটিত অপরাধ ১ম শ্
9. <consumer_927_s10> [ধূমপান ও তামাকজাত দ্রব্য ব্যবহার (নিয়ন্ত্রণ), ধারা ১০] (১) তামাকজাত দ্রব্যের প্যাকেট, মোড়ক, কার্টন বা কৌটার উভয় পার্শ্বে মূল প্রদর্শনী তল বা যে সকল প্যাকেটে দুইটি 
10. <other_1132_s5> [পিতা-মাতার ভরণ-পোষণ আইন, ২০১৩, ধারা ৫] পিতা-মাতার ভরণ-পোষণ না করিবার দণ্ড — (১) কোন সন্তান কর্তৃক ধারা ৩ এর যে কোন উপ-ধারার বিধান কিংবা ধারা ৪ এর বিধান লংঘন অপরাধ বলিয়া গণ্য হইবে এবং উক",family_64_s7,own_search,answered,1,
prot_0076_04,Sarwad,VERIFY,"২০০৭ সালে হঠাৎ আমার বাড়িতে নানা সম্পর্কীয় এক আত্মীয় এলেন। তাঁর একটি মেয়ে ছিল, যাকে আমার খুবই পছন্দ হয়েছিল। তারপর আমার মেজো মামার জন্য বিয়ের প্রস্তাব দিই। মেয়ের পরিবার প্রস্তাব গ্রহণ করল এবং পর দিন মোবাইল ফোনে বিয়ে হবে বলে সিদ্ধান্ত নিল। মামা সৌদি আরবে অবস্থানরত। মামাকে মোবাইল ফোনে মেয়ে সম্পর্কে বিস্তারিত বললাম। মামা আমার ওপর ভার দিল, তোমার পছন্দ আমার পছন্দ। আমার কোনো আপত্তি নেই। একদিন পরই আমি বিয়ের আয়োজন করলাম। পারিবারিক অনুষ্ঠানের মাধ্যমে বিয়ে হলো। রেজিস্ট্রি খাতায় বর ব্যতীত সবার স্বাক্ষর হয়েছিল। দুই বছর পর মেয়েটির কিছু আচরণ আমাদের পরিবার মেনে নিতে পারছিল না। আমার পরিবারের সবাই মেয়েটির ওপর অসন্তুষ্ট হয়ে যায়। কিছুদিন পর মেয়েটি তালাকনামা পাঠিয়েছে। আমাদের কাছে কোনো সতর্কমূলক নোটিশ আসেনি। তালাকনামার নোটিশ পেশ করলাম। এটা কি মূল তালাকনামা, না ভুয়া নোটিশ? মামা দেশে আসার পর মেয়ে যাতে মামাকে স্বামীর দাবিদার না করতে পারে, সেটার জন্য কী করতে পারি? তালাকনামা নোটিশের মধ্যে কোনো রেজিস্ট্রি অফিসারের স্বাক্ষর নেই। আলমময়মনসিংহ","1. <other_788_s87> [কোম্পানী আইন, ১৯৯৪, ধারা ৮৭] অসাধারণ (extraordinary) এবং বিশেষ (special) সিদ্ধান্ত — (১) কোন সিদ্ধান্ত্ম তখনই অসাধারণ সিদ্ধান্ত হইবে যখন উহা, সভায় ভোটদানের অধিকারী সদস্যের ব্যক্তিগত উপস্থিতিতে অ
2. <land_1220_s42> [স্থাবর সম্পত্তি অধিগ্রহণ ও হুকুমদখল আইন, ২০১, ধারা ৪২] নোটিশ ও আদেশ জারি — (১) এই আইন ও তদধীন প্রণীত বিধিতে ভিন্নরূপ কোনো কিছু না থাকিলে, এই আইনের অধীন জারীকৃত বা প্রস্তুতকৃত সকল নোটিশ 
3. <family_1444_s7> [পারিবারিক আদালত আইন, ২০২৩, ধারা ৭] সমন ও নোটিশ জারিকরণ — (১) পারিবারিক আদালতে আরজি দাখিল করিবার পর আদালত নিম্নরূপ উদ্যোগ গ্রহণ করিবে, যথা:-(ক) বিবাদীর উপস্থিতির জন্য স
4. <other_1025_s7> [মোবাইল কোর্ট আইন, ২০০৯, ধারা ৭] মোবাইল কোর্টের পরিচালনা পদ্ধতি — (১) এই আইনের অধীন মোবাইল কোর্ট পরিচালনা করিবার সময় কোন ব্যক্তির বিরুদ্ধে অপরাধ আমলে গৃহীত হইবার পরপরই মোবাইল 
5. <other_922_s17> [জাতীয় সংসদ (সংরক্ষিত মহিলা আসন) নির্বাচন আইন, ধারা ১৭] ভগ্নাংশ অগ্রাহ্য এবং কতিপয় ক্ষেত্রে পরবর্তী পছন্দ আমলে না নেওয়া — (১) কোটা নির্ধারণ এবং ভোট গণনাকালে কোন ভগ্নাংশ দেখা দিলে রিটার্ণিং অফিসার উহা অগ্রাহ্য করিবেন।(২) ভোট গণনাকালে
6. <labour_952_s190> [বাংলাদেশ শ্রম আইন, ২০০৬, ধারা ১৯০] রেজিস্ট্রি বাতিলকরণ — (১) এই ধারার অন্য বিধান সাপেক্ষে, শ্রম পরিচালক কোন ট্রেড ইউনিয়নের রেজিস্ট্রি বাতিল করিতে পারিবেন, যদি-145[ (ক
7. <other_1246_s53> [ক্যান্টনমেন্ট আইন, ২০১৮, ধারা ৫৩] আপত্তি এবং উহার নিষ্পত্তি — (১) ক্যান্টনমেন্টের যে কোনো বাসিন্দা ধারা ৬৯ এর অধীন নোটিশ প্রদানের ৩০ (ত্রিশ) দিনের মধ্যে, নোটিশে উল্লিখিত সক
8. <other_1246_s187> [ক্যান্টনমেন্ট আইন, ২০১৮, ধারা ১৮৭] নোটিশ, ইত্যাদি জারি — (১) এই আইন বা তদধীন প্রণীত যে কোনো বিধি বা উপ-আইনের অধীন প্রদত্ত প্রত্যেক নোটিশ, আদেশ বা লিখিত দাবি, যদি না উহ
9. <other_1106_s110> [মূল্য সংযোজন কর ও সম্পূরক শুল্ক আইন, ২০১২, ধারা ১১০] দলিলপত্রের বৈধতা — (১) এই আইন বা তদধীন প্রণীত বিধিমালার অধীন জারিকৃত বা ক্ষমতাপ্রাপ্ত মূসক কর্মকর্তা কর্তৃক প্রদত্ত কোন নোটিশ বা 
10. <labour_952_s188> [বাংলাদেশ শ্রম আইন, ২০০৬, ধারা ১৮৮] গঠনতন্ত্র এবং নির্বাহী কমিটির কতিপয় পরিবর্তনের ৰেত্রে নোটিশ প্রদান — (১) কোন ট্রেড ইউনিয়নের গঠনতন্ত্রের প্রত্যেক সংশোধন, উহার কর্মকর্তার প্রত্যেক পরিবর্তন, এবং উহার নাম ও ঠিকানার","family_476_s3, family_476_s6, family_305_s7",own_search,answered,2,
prot_0054_04,Sarwad,VERIFY,"পরিবারের সদস্যদের মধ্যে আমি ছোট এবং শিক্ষাগত যোগ্যতার (স্নাতকোত্তর) দিক দিয়ে এগিয়ে। আর আমার বাবা, মা ও ভাই গোঁড়ামির দিক দিয়ে এগিয়ে। তাঁরা বলেন, মেয়েদের বাবা, ভাই বা স্বামী ছাড়া চলাফেরা করা উচিত নয়। তাঁরা আমার বন্ধুদের সঙ্গে মেশাকে অস্বাভাবিক চোখে দেখেন এবং বন্ধুবান্ধবদের সঙ্গে চাকরির পরীক্ষা দিতে যেতে দেন না। এমনকি চাকরি পছন্দের ক্ষেত্রেও আমার মতামতের মূল্য দেওয়া হয় না। বিভিন্ন কারণে আমি স্বাধীনতাহীনতা, অধিকারহীনতা ও নিরাপত্তাহীনতা অনুভব করছি, যা একজন প্রাপ্তবয়স্ক হিসেবে আমার পক্ষে মেনে নেওয়া অসম্ভব। আমি তাঁদের বিরুদ্ধে আইনি সহায়তায় যেতে চাই। দেশে কি কোনো কার্যকর আইন আছে অভিভাবকের বিরুদ্ধে লড়ার? কীভাবে এগোলে আমি আমার প্রাপ্য অধিকার পাব?আরিফুনরাজশাহী","1. <other_724_s8> [রাংগামাটি পার্বত্য জেলা পরিষদ আইন, ১৯৮৯, ধারা ৮] সম্পত্তি সম্পর্কিত ঘোষণা — চেয়ারম্যান ও প্রত্যেক সদস্য তাঁহার কার্যভার গ্রহণের পূর্বে তাঁহার এবং তাঁহার পরিবারের কোন সদস্যের স্বত্ব, দখল
2. <other_822_s10> [পার্বত্য চট্টগ্রাম আঞ্চলিক পরিষদ আইন, ১৯৯৮, ধারা ১০] সম্পত্তি সম্পর্কিত ঘোষণা — চেয়ারম্যান ও প্রত্যেক সদস্য তাহার কার্যভার গ্রহণের পূর্বে তাহার এবং তাঁহার পরিবারের কোন সদস্যের স্বত্ব, দখল ব
3. <local_government_1027_s41> [স্থানীয় সরকার (ইউনিয়ন পরিষদ) আইন, ২০০৯, ধারা ৪১] সম্পত্তি সম্পর্কিত ঘোষণা — চেয়ারম্যান ও সদস্য তাঁহার কার্যভার গ্রহণের পূর্বে তাঁহার এবং তাঁহার পরিবারের কোন সদস্যের স্বত্ব, দখল বা স্বার
4. <local_government_827_s10> [উপজেলা পরিষদ আইন, ১৯৯৮, ধারা ১০] সম্পত্তি সম্পর্কিত ঘোষণা — 14[চেয়ারম্যান ও ভাইস চেয়ারম্যান ] তাঁহার কার্যভার গ্রহণের পূর্বে তাঁহার এবং তাঁহার পরিবারের কোন সদস্যের স্বত
5. <other_1266_s2_p3> [বাংলাদেশ মুক্তিযোদ্ধা কল্যাণ ট্রাস্ট আইন, ২০, ধারা ২] সংজ্ঞা — বা স্বামী এবং পিতা-মাতার অবর্তমানে খেতাবপ্রাপ্ত বীর মুক্তিযোদ্ধার সন্তান; বা(উ) (অ)-(ঈ) পর্যন্ত বর্ণিত ব্যক্তি
6. <other_1371_s36> [খুলনা মেডিক্যাল বিশ্ববিদ্যালয়, আইন, ২০২১, ধারা ৩৬] চাকরির শর্তাবলি — (১) বিশ্ববিদ্যালয়ের প্রত্যেক বেতনভোগী শিক্ষক ও কর্মচারী মেধা ও যোগ্যতার ভিত্তিতে লিখিত চুক্তির মাধ্যমে নিযুক্
7. <local_government_1024_s87> [স্থানীয় সরকার (পৌরসভা) আইন, ২০০৯, ধারা ৮৭] সরকারের দিক নির্দেশনা প্রদান এবং তদন্ত করিবার ক্ষমতা — (১) এই আইনে যাহা কিছুই থাকুক না কেন, সরকার রাষ্ট্রীয় নীতিমালার সহিত সংগতি রাখিয়া যে কোন পৌরসভার আর্থিক ব্যবস
8. <local_government_1027_s73> [স্থানীয় সরকার (ইউনিয়ন পরিষদ) আইন, ২০০৯, ধারা ৭৩] সরকারের দিক নির্দেশনা প্রদান এবং তদন্ত করিবার ক্ষমতা — (১) এই আইনে যাহা কিছুই থাকুক না কেন, সরকার, সরকারের নীতির সাথে সঙ্গতি রাখিয়া যে কোন পরিষদকে আর্থিক ব্যবস্থাপন
9. <local_government_1026_s105> [স্থানীয় সরকার (সিটি কর্পোরেশন) আইন, ২০০৯, ধারা ১০৫] সরকারের দিক-নির্দেশনা প্রদান এবং তদন্ত করিবার ক্ষমতা — (১) এই আইনে যাহা কিছুই থাকুক না কেন, সরকার রাষ্ট্রীয় নীতিমালার সঙ্গে সংগতি রাখিয়া যে কোন সিটি কর্পোরেশনকে আর
10. <other_922_s24> [জাতীয় সংসদ (সংরক্ষিত মহিলা আসন) নির্বাচন আইন, ধারা ২৪] অসমর্থ ভোটারের ভোটদান পদ্ধতি — (১) অন্ধত্ব, পঙ্গুত্ব বা অন্য কোন শারীরিক অসমর্থতার কারণে ব্যালট পেপারে ভোটদানের জন্য কোন ভোটারের অন্য কোন ব্য","constitutional_957_s32, constitutional_957_s36, constitutional_957_s31",own_search,answered,2,
dail_0628_02,Sarwad,VERIFY,It is legal in Bangladesh to terminate a staff for becoming pregnant?,"1. <criminal_procedure_75_s382> [The Code of Criminal Procedure, 1898, ধারা 382] Postponement of capital sentence on pregnant woman — If a woman sentenced to death is found to be pregnant, the High Court Division shall order the execution of th
2. <other_331_s5> [The Diplomatic Immunities (Conferences with , ধারা 5] Diplomatic Immunities of Commonwealth Representatives attending Conferences in Bangladesh — (1) Every representative who is for the time being included in a list shall, subject to the provisions of sub-
3. <other_271_s4> [The Diplomatic Immunities (Commonwealth Coun, ধারা 4] Immunity of member of staff or family — (1) Subject to sub-section (2) a person who is,-(a) a member of the family of a chief representative,(b) a mem
4. <other_377_s22> [The Bangladesh Banks (Nationalisation) Order, ধারা 22] (1) A new bank shall not transact the following kinds of business, namely:-(a) it shall not make any advance o
5. <other_242_s15> [The Citizenship Act, 1951, ধারা 15] Persons becoming citizens to have the status of Commonwealth citizens — Every person becoming a citizen of Bangladesh under this Act shall have the status of a Commonwealth citizen.
6. <criminal_procedure_11_s316> [1The Penal Code, 1860, ধারা 316] Causing death of quick unborn child by act amounting to culpable homicide — Whoever does any act under such circumstances, that if he thereby caused death he would be guilty of culpable 
7. <other_47_s87> [The Trusts Act, 1882, ধারা 87] Debtor becoming creditor’s representative — Where a debtor becomes the executor or other legal representative of his creditor, he must hold the debt for t
8. <other_248_s8_p0> [The Army Act, 1952, ধারা 8] Definitions — In this Act, unless the context otherwise requires,-(1) “active service”, as applied to a person subject to th
9. <other_240_s4> [The National Guard Act, 1950, ধারা 4] The Chief of Army Staff may, subject to the control of the Government, constitute for any district one or more
10. <criminal_procedure_11_s68> [1The Penal Code, 1860, ধারা 68] Imprisonment to terminate on payment of fine — The imprisonment which is imposed in default of payment of a fine shall terminate whenever that fine is either",none,none,not_found,1,
prot_0039_03,Sarwad,VERIFY,"আমার বড় ভাই প্রথম স্ত্রী মারা যাওয়ার পর আবার বিয়ে করেন। যাঁকে বিয়ে করেন, তিনি তালাকপ্রাপ্তা ছিলেন। সেই সময় তাঁর গর্ভে তিন মাসের সন্তান ছিল। বিয়ের সময় তিনি এসব গোপন করেছিলেন। বিয়ের কিছুদিন পর আমার ভাই জানতে পারেন এসব কথা। তখন ভাবিকে তালাক দিতে চাইলে তিনি আমাদের নামে যৌতুক ও নারী নির্যাতন মামলা করেন। বিয়ের সাত মাস পর তিনি একটি পুত্রসন্তান প্রসব করেন। এখন মামলা চলাকালীন সময়ে তাঁকে তালাক দিলে আমাদের কোনো রকম অসুবিধা হবে কি? দেনমোহরের পুরো এক লাখ টাকা দিতে হবে কি? নাম প্রকাশে অনিচ্ছুক @ মামলা চলাকালে তালাক প্রদানে আইনগত কোনো বাধা নেই। তবে দেনমোহরের পুরো অর্থ মহিলার প্রাপ্য","1. <consumer_1010_s46> [ট্রেডমার্ক আইন, ২০০৯, ধারা ৪৬] ট্রেডমার্ক লঙ্ঘনের বিরুদ্ধে মামলা দায়ের করিবার ক্ষেত্রে নিবন্ধিত ব্যবহারকারীর ক্ষমতা — (১) পক্ষগণের মধ্যে চুক্তি বিদ্যমান থাকা সাপেক্ষে, ট্রেডমার্কের কোন নিবন্ধিত ব্যবহারকারী উক্ত ট্রেডমার্কের লঙ্ঘ
2. <labour_1285_s80> [বাংলাদেশ ইপিজেড শ্রম আইন, ২০১৯, ধারা ৮০] মারাত্মক দুর্ঘটনা সম্পর্কে মালিকের নিকট হইতে বিবৃতি তলবের ক্ষমতা — (১) যেক্ষেত্রে কোনো ইপিজেড শ্রম আদালত কোনো সূত্র হইতে এই খবর পায় যে, কোনো শ্রমিক তাহার চাকরি চলাকালে উহা হইতে
3. <other_775_s18> [বাংলাদেশ সিকিউরিটিজ অ্যান্ড এক্সচেঞ্জ কমিশন , ধারা ১৮] শাস্তি — 57[(১)] যদি কোন ব্যক্তি এই আইনের কোন বিধান লংঘন করেন বা লংঘন করার উদ্যোগ গ্রহণ করেন বা লংঘনে প্ররোচনা ও সহায়ত
4. <labour_952_s158> [বাংলাদেশ শ্রম আইন, ২০০৬, ধারা ১৫৮] মারাত্মক দুর্ঘটনা সম্পর্কে মালিকের নিকট হইতে বিবৃতি তলবের ক্ষমতা — (১) যে ৰেত্রে কোন শ্রম আদালত কোন সূত্র হইতে এই খবর পায় যে, কোন শ্রমিক তাহার চাকুরী চলাকালে উহা হইতে উদ্ভূত কো
5. <other_812_s84_p2> [দেউলিয়া বিষয়ক আইন, ১৯৯৭, ধারা ৮৪] দেনাদারের অপরাধ ও উহাদের দণ্ড — না, তাহা হইলে উক্তরূপ উল্লেখ না করা কোন অপরাধ হইবে না; (ছ) দেউলিয়া বিষয়ক কার্যধারায় কোন ব্যক্তি কর্তৃক কোন 
6. <other_1158_s26> [ফরমালিন নিয়ন্ত্রণ আইন, ২০১৫, ধারা ২৬] মিথ্যা বা হয়রানিমূলক মামলা দায়েরের দণ্ড — যদি কোন ব্যক্তি অপর কোন ব্যক্তির বিরুদ্ধে এই আইনের অধীন কোন অপরাধের বিষয়ে কোন মামলা দায়ের করেন এবং যদি তদন্ত
7. <family_938_s11> [গ্রাম আদালত আইন, ২০০৬, ধারা ১১] গ্রাম আদালতের অবমাননা — (১) কোন ব্যক্তি আইনসংগত কারণ ব্যতীত যদি-(ক) গ্রাম আদালত বা উহার কোন সদস্যকে আদালতের কার্যক্রম চলাকালে অশালীন ক
8. <women_children_1256_s4> [যৌতুক নিরোধ আইন, ২০১৮, ধারা ৪] যৌতুক প্রদান বা গ্রহণ, ইত্যাদির দণ্ড — যদি বিবাহের কোনো এক পক্ষ যৌতুক প্রদান বা গ্রহণ করেন অথবা যৌতুক প্রদান বা গ্রহণে সহায়তা করেন বা যৌতুক প্রদান ব
9. <other_924_s2> [ব্যক্তি মালিকানাধীন সড়ক পরিবহন শ্রমিক কল্যাণ, ধারা ২] সংজ্ঞা — বিষয় বা প্রসঙ্গের পরিপন্থী কিছু না থাকিলে, এই আইনে-(ক) “কল্যাণ তহবিল” অর্থ ধারা ৪ এর অধীন গঠিত কল্যাণ তহবিল;(
10. <other_788_s335_p1> [কোম্পানী আইন, ১৯৯৪, ধারা ৩৩৫] দণ্ড — বার মাসের মধ্যে অথবা পরবর্তী যে কোন সময়ে একশত বা ততোধিক টাকা মূল্যের কোম্পানীর সম্পত্তির কোন অংশ প্রতারণামূলক","family_305_s7, family_1444_s5",own_search,answered,3,
prot_0015_02,Sarwad,VERIFY,"আমার দাদা-দাদির পাঁচ ছেলে ও দুই মেয়ে। ১৯৭৭ সালে আমার বয়স যখন দুই বছর, তখন আমার বাবা মারা যান। আমি আমার বাবার একমাত্র মেয়ে। আমার দাদা-দাদি তখন জীবিত ছিলেন। তারপর আমার দাদা ১৯৮২ ও দাদি ২০১০ সালে মারা যান। আমার বাবার নামে কোনো সম্পত্তি ছিল না, সবই দাদা ও দাদির। এখন প্রশ্ন হলো, দাদা ও দাদির রেখে যাওয়া সম্পত্তির কতটুকু অংশ আমি পাব? আমার মাও কি সম্পত্তি পাবেন? কানিজ ফারহানা ময়মনসিংহ","1. <other_1132_s4> [পিতা-মাতার ভরণ-পোষণ আইন, ২০১৩, ধারা ৪] পিতা-মাতার অবর্তমানে দাদা-দাদী, নানা-নানীর ভরণ-পোষণ — প্রত্যেক সন্তান তাহার—(ক) পিতার অবর্তমানে দাদা-দাদীকে; এবং(খ) মাতার অবর্তমানে নানা-নানীকে—ধারা ৩ এ বর্ণিত ভরণ-
2. <other_1349_s2> [আকাশপথে পরিবহণ (মন্ট্রিল কনভেনশন) আইন, ২০২০, ধারা ২] বিষয়বাপ্রসঙ্গেরপরিপন্থিকোনোকিছুনাথাকিলে,এইআইনে-(ক)‘অভ্যন্তরীণপরিবহণ’অর্থআকাশপথে পরিবহণেপক্ষসমূহেরমধ্যেসম্পাদি
3. <other_1132_s5> [পিতা-মাতার ভরণ-পোষণ আইন, ২০১৩, ধারা ৫] পিতা-মাতার ভরণ-পোষণ না করিবার দণ্ড — (১) কোন সন্তান কর্তৃক ধারা ৩ এর যে কোন উপ-ধারার বিধান কিংবা ধারা ৪ এর বিধান লংঘন অপরাধ বলিয়া গণ্য হইবে এবং উক
4. <other_1682_s2_p0> [মানবদেহে অঙ্গ-প্রত্যঙ্গ সংযোজন আইন, ২০২৬, ধারা ২] সংজ্ঞা — বিষয় বা প্রসঙ্গের পরিপন্থি কোনো কিছু না থাকিলে, এই আইনে- (১) “অঙ্গ-প্রত্যঙ্গ” অর্থ মানবদেহের কিডনি, হৃৎপিণ্ড,
5. <labour_952_s2_p5> [বাংলাদেশ শ্রম আইন, ২০০৬, ধারা ২] সংজ্ঞাসমূহ — ব্যবহার করা হয় বা ব্যবহারযোগ্য, এবং কোন টাগ বা ফ্লাট এবং বার্জও ইহার অর্ন্তভুক্ত হইবে;(২৮) ""প্রশাসনিক শ্রমিক""
6. <other_822_s10> [পার্বত্য চট্টগ্রাম আঞ্চলিক পরিষদ আইন, ১৯৯৮, ধারা ১০] সম্পত্তি সম্পর্কিত ঘোষণা — চেয়ারম্যান ও প্রত্যেক সদস্য তাহার কার্যভার গ্রহণের পূর্বে তাহার এবং তাঁহার পরিবারের কোন সদস্যের স্বত্ব, দখল ব
7. <local_government_1027_s41> [স্থানীয় সরকার (ইউনিয়ন পরিষদ) আইন, ২০০৯, ধারা ৪১] সম্পত্তি সম্পর্কিত ঘোষণা — চেয়ারম্যান ও সদস্য তাঁহার কার্যভার গ্রহণের পূর্বে তাঁহার এবং তাঁহার পরিবারের কোন সদস্যের স্বত্ব, দখল বা স্বার
8. <local_government_827_s10> [উপজেলা পরিষদ আইন, ১৯৯৮, ধারা ১০] সম্পত্তি সম্পর্কিত ঘোষণা — 14[চেয়ারম্যান ও ভাইস চেয়ারম্যান ] তাঁহার কার্যভার গ্রহণের পূর্বে তাঁহার এবং তাঁহার পরিবারের কোন সদস্যের স্বত
9. <labour_1285_s2_p2> [বাংলাদেশ ইপিজেড শ্রম আইন, ২০১৯, ধারা ২] সংজ্ঞা — সময়ে দুই বা ততোধিক শ্রমিক দ্বারা সম্পাদিত হয় সেই ক্ষেত্রে উক্তরূপ প্রত্যেক সময়;(25)‘‘পোষ্য’’ অর্থ কোনো মৃত 
10. <labour_952_s157> [বাংলাদেশ শ্রম আইন, ২০০৬, ধারা ১৫৭] নোটিশ ও দাবী — (১) কোন শ্রম আদালত ৰতিপূরণের কোন দাবী বিবেচনায় আনিবে না যদি না দুর্ঘটনা ঘটিবার পর যতশীঘ্র সম্ভব এতদ্নিম্নে বর","family_305_s4, other_173_s2",own_search,answered,2,
prot_0008_05,Sarwad,VERIFY,"এখন আমার সব সনদ ও জাতীয় পরিচয়পত্র আমার বাবার পরিবর্তিত নামেই আছে। এখন কাগজপত্রের হিসেবে আমার বাবার সন্তান নই। এই সমস্যার কারণে আমি কোনো চাকরিতে আবেদন করলে আমার ঠিকানায় পাঠানো ফেরত খাম আমার ঠিকানায় আসে না। কারণ, ডাকপিয়ন আমার বাবার সঠিক নামেই আমার ঠিকানার সন্ধান করেন। এমতাবস্থায় আমার সরকারি কিংবা বেসরকারি চাকরি পেতে কোনো সমস্যা হবে কি না এবং বাবার সম্পত্তির উত্তরাধিকারী হতে কোনো সমস্যা আছে কি না?","1. <civil_registration_1030_s3> [জাতীয় পরিচয় নিবন্ধন আইন, ২০১০, ধারা ৩] পরিচয় নিবন্ধন — (১) জাতীয় পরিচয়পত্র প্রাপ্তির জন্য একজন নাগরিককে পরিচয় নিবন্ধন করিতে হইবে।(২) পরিচয় নিবন্ধনের জন্য নির্ধার
2. <civil_registration_1458_s3> [জাতীয় পরিচয় নিবন্ধন আইন, ২০২৩, ধারা ৩] পরিচয় নিবন্ধন, ইত্যাদি — (১) জাতীয় পরিচয়পত্র প্রাপ্তির জন্য প্রত্যেক নাগরিককে পরিচয় নিবন্ধন করিতে হইবে।(২) পরিচয় নিবন্ধনের জন্য নির
3. <other_1429_s109> [আয়কর আইন, ২০২৩, ধারা ১০৯] ভাড়া হইতে উৎসে কর কর্তন — (১) যেইক্ষেত্রে কোনো নির্দিষ্ট ব্যক্তি-(ক) কোনো গৃহ সম্পত্তি;(খ) হোটেল বা গেস্ট হাউজ;(গ) খালি স্থান বা প্ল্যান
4. <other_788_s382> [কোম্পানী আইন, ১৯৯৪, ধারা ৩৮২] বিদেশী কোম্পানীর উপর নোটিশ ইত্যাদি জারী — কোন বিদেশী কোম্পানীর উপর কোন পরোয়ানা, নোটিশ বা অন্য কোন দলিল জারী করিতে হইলে ৩৭৯(১)(ঘ) ধারায় উল্লেখিত ব্যক্ত
5. <labour_1285_s19> [বাংলাদেশ ইপিজেড শ্রম আইন, ২০১৯, ধারা ১৯] ছাঁটাই ও ছাঁটাইকৃত শ্রমিকের পুনঃনিয়োগ — (১) কোনো শ্রমিককে প্রয়োজনের অতিরিক্ততার কারণে কোনো প্রতিষ্ঠান হইতে ছাঁটাই করা যাইবে এবং উক্ত বিষয়ে কর্তৃপক্ষ
6. <labour_1285_s34> [বাংলাদেশ ইপিজেড শ্রম আইন, ২০১৯, ধারা ৩৪] কতিপয় ক্ষেত্রে মহিলা শ্রমিকের চাকরির অবসানে বাধা — যদি কোনো মহিলা শ্রমিকের সন্তান প্রসবের পূর্ববর্তী ৬ (ছয়) মাস এবং সন্তান প্রসবের পরবর্তী ৮ (আট) সপ্তাহ মেয়াদে
7. <other_1126_s8> [প্রতিবন্ধী ব্যক্তির অধিকার ও সুরক্ষা আইন, ২০, ধারা ৮] বাকপ্রতিবন্ধিতা (speech disability) — নিম্নবর্ণিত দফাসমূহে উল্লিখিত বৈশিষ্ট্যসমূহের মধ্যে এক বা একাধিক বৈশিষ্ট্যের অধিকারী ব্যক্তি ‘বাকপ্রতিবন্ধী ব্
8. <land_1220_s42> [স্থাবর সম্পত্তি অধিগ্রহণ ও হুকুমদখল আইন, ২০১, ধারা ৪২] নোটিশ ও আদেশ জারি — (১) এই আইন ও তদধীন প্রণীত বিধিতে ভিন্নরূপ কোনো কিছু না থাকিলে, এই আইনের অধীন জারীকৃত বা প্রস্তুতকৃত সকল নোটিশ 
9. <local_government_1027_s104> [স্থানীয় সরকার (ইউনিয়ন পরিষদ) আইন, ২০০৯, ধারা ১০৪] পরিষদের বিরুদ্ধে মোকদ্দমা দায়ের — সরকারিভাবে দায়িত্ব পালনকালে কোন পরিষদ কিংবা কোন সদস্য, কর্মকর্তা বা কর্মচারী দ্বারা কৃত কোন কাজ, বা কাজ করা হ
10. <other_1277_s6> [বাংলাদেশ লোক-প্রশাসন প্রশিক্ষণ কেন্দ্র আইন, , ধারা ৬] কেন্দ্রের কার্যাবলি — কেন্দ্রের কার্যাবলি হইবে নিম্নরূপ, যথা:-(ক) বাংলাদেশের ঊর্ধ্বতন সরকারি ও বেসরকারি নির্বাহীগণকে গতিশীল ও উন্নয়",other_173_s2,own_search,answered,1,
prot_0127_01,Sarwad,VERIFY,"আর আমার পরিবারে মা-বাবা কেউ বেঁচে নেই। এক বোন আছে, কিন্তু কারও কোনো কথাই আমার স্বামী শুনছেন না। আমি এ তালাক মানি না। আমি আমার স্বামীর সংসারে সন্তানদের কাছে ফিরে যেতে চাই। সে ক্ষেত্রে আমার কী করণীয়?","1. <other_1266_s2_p3> [বাংলাদেশ মুক্তিযোদ্ধা কল্যাণ ট্রাস্ট আইন, ২০, ধারা ২] সংজ্ঞা — বা স্বামী এবং পিতা-মাতার অবর্তমানে খেতাবপ্রাপ্ত বীর মুক্তিযোদ্ধার সন্তান; বা(উ) (অ)-(ঈ) পর্যন্ত বর্ণিত ব্যক্তি
2. <women_children_835_s11> [নারী ও শিশু নির্যাতন দমন আইন, ২০০০, ধারা ১১] যৌতুকের জন্য মৃত্যু ঘটানো, ইত্যাদির শাস্তি — যদি কোন নারীর স্বামী অথবা স্বামীর পিতা, মাতা, অভিভাবক, আত্মীয় বা স্বামীর পক্ষে অন্য কোন ব্যক্তি যৌতুকের জন্য 
3. <other_1482_s31> [বাংলাদেশ হোমিওপ্যাথিক চিকিৎসা শিক্ষা আইন, ২০, ধারা ৩১] ব্যবস্থাপত্রে অ-অনুমোদিত ঔষধ লিখিবার দণ্ড — (১) কোনো হোমিওপ্যাথিক চিকিৎসক হোমিওপ্যাথিক ফার্মাকোপিয়াতে অন্তর্ভুক্ত নেই এমন কোনো ঔষধ হোমিওপ্যাথিক চিকিৎসা ব
4. <other_943_s2> [বাংলাদেশ শ্রমিক কল্যাণ ফাউন্ডেশন আইন, ২০০৬, ধারা ২] সংজ্ঞা — বিষয় বা প্রসঙ্গের পরিপন্থী কিছু না থাকিলে, এই আইনে-(ক) “অপ্রাতিষ্ঠানিক খাত” অর্থ এইরূপ বেসরকারী খাত যেখানে কর
5. <other_924_s2> [ব্যক্তি মালিকানাধীন সড়ক পরিবহন শ্রমিক কল্যাণ, ধারা ২] সংজ্ঞা — বিষয় বা প্রসঙ্গের পরিপন্থী কিছু না থাকিলে, এই আইনে-(ক) “কল্যাণ তহবিল” অর্থ ধারা ৪ এর অধীন গঠিত কল্যাণ তহবিল;(
6. <other_1418_s21_p2> [বাংলাদেশ সুপ্রীম কোর্টের বিচারক (ছুটি, পেনশন, ধারা ২১] আনুতোষিক ও পারিবারিক পেনশন — হিসাবে প্রাপ্য হইতেন।(৩) কোনো বিচারক, অবসর গ্রহণের পর তাহার গ্রস-পেনশনের সম্পূর্ণ অংশ সমর্পণ করিতে পারিবেন এবং
7. <labour_952_s98> [বাংলাদেশ শ্রম আইন, ২০০৬, ধারা ৯৮] সংবাদপত্র শ্রমিকের জন্য চিকিৎসা পরিচর্যা — প্রত্যেক সংবাদপত্র শ্রমিক এবং তাহার উপর নির্ভরশীলগণ সংবাদপত্র প্রতিষ্ঠানের খরচে বিধি দ্বারা নির্ধারিত পন্থায় 
8. <other_1037_s57_p2> [বীমা আইন, ২০১০, ধারা ৫৭] বীমা পলিসি গ্রাহক কর্তৃক মনোনয়ন৷ — বলবৎ হইবার পূর্বে কোন ব্যক্তি তাহার নিজের বা তাহার স্ত্রীর বা সন্তানদের বা তাহাদের যে কোন এক জনের লাইফ ইন্স্যু
9. <other_912_s2> [বাংলাদেশ কর্মচারী কল্যাণ বোর্ড আইন, ২০০৪, ধারা ২] সংজ্ঞা — বিষয় বা প্রসংগের পরিপন্থী কোন কিছু না থাকিলে, এই আইনে,-(ক) “আঞ্চলিক কমিটি” অর্থ ধারা ৮ এর অধীন গঠিত বোর্ডের আ
10. <other_1485_s2> [বাংলাদেশ পুলিশ কল্যাণ তহবিল আইন, ২০২৩, ধারা ২] সংজ্ঞা — বিষয় বা প্রসঙ্গের পরিপন্থি কোনো কিছু না থাকিলে, এই আইনে,-(১) ""কর্মচারী"" অর্থ-(ক) পুলিশ ইন্সপেক্টরের নিম্ন পদম",family_305_s7,own_search,answered,2,
prot_0009_03,Sarwad,VERIFY,"পরে আমার স্বামী নিজ চেষ্টায় খরিদসূত্রে আরও কিছু সম্পত্তির মালিক হয়। এ অবস্থায় আমার দেবরেরা বিভিন্ন কথা লোকমুখে ছড়াতে থাকে। যেমন, আমাদের পুত্রসন্তান না থাকায় তারা সম্পত্তির ভাগ পাবে। কিন্তু পরে আমার স্বামী তার সব সম্পত্তি আমাকে ও তিন কন্যাকে রেজিস্ট্রি করে দেয়। আমার দেবর ও ননদেরা যদি আমার স্বামীর সম্পত্তির জন্য বাঁটোয়ারা মামলা করে, সে ক্ষেত্রে তারা কি সেই সম্পত্তির ভাগ পাবে?","1. <land_1220_s9> [স্থাবর সম্পত্তি অধিগ্রহণ ও হুকুমদখল আইন, ২০১, ধারা ৯] ক্ষতিপূরণ নির্ধারণের ক্ষেত্রে বিবেচ্য বিষয়াবলি — (১) এই আইনের অধীনে অধিগ্রহণযোগ্য কোনো স্থাবর সম্পত্তির ক্ষতিপূরণের পরিমাণ নির্ধারণ করিবার সময় জেলা প্রশাসক নি
2. <land_1109_s12> [ওয়াক্‌ফ (সম্পত্তি হস্তান্তর ও উন্নয়ন) বিশেষ , ধারা ১২] অংশীদারিত্বের ভিত্তিতে উন্নয়নের জন্য হস্তান্তর — (১) কোন ওয়াক্ফ সম্পত্তি অংশীদারিত্বের ভিত্তিতে উন্নয়নের জন্য হস্তান্তর করা যাইবে।(২) এই আইনের অধীন ওয়াক্ফ স
3. <land_856_s13> [অর্পিত সম্পত্তি প্রত্যর্পণ আইন, ২০০১, ধারা ১৩] 1 [প্রত্যর্পণযোগ্য] সম্পত্তি সংক্রান্ত মামলার abatement, কার্যধারা বন্ধ ও ট্রাইব্যুনালে দাবী উত্থাপন — (১)57[প্রত্যর্পণযোগ্য সম্পত্তির তালিকা] সরকারী গেজেটে প্রকাশের তারিখে যদি কোন আদালতে এমন দেওয়ানী মামলা অনিষ্প
4. <criminal_procedure_1239_s23> [রংপুর মহানগরী পুলিশ আইন, ২০১৮, ধারা ২৩] বেওয়ারিশ সম্পত্তির দায়িত্ব গ্রহণ ও বিলিবণ্টন — (১) নিম্নবর্ণিত সম্পত্তির সাময়িকভাবে দায়িত্ব গ্রহণ করা পুলিশ অফিসারের কর্তব্য হইবে, যথা :-(ক) তাহার গোচরীভূত
5. <criminal_procedure_1238_s23> [গাজীপুর মহানগরী পুলিশ আইন, ২০১৮, ধারা ২৩] বেওয়ারিশ সম্পত্তির দায়িত্ব গ্রহণ ও বিলিবণ্টন — (১) নিম্নবর্ণিত সম্পত্তির সাময়িকভাবে দায়িত্ব গ্রহণ করা পুলিশ অফিসারের কর্তব্য হইবে, যথা :-(ক) তাহার গোচরীভূত
6. <land_1455_s5> [ভূমি সংস্কার আইন, ২০২৩, ধারা ৫] স্থাবর সম্পত্তির বেনামি লেনদেন — (১) কোনো ব্যক্তি নিজের উপকারার্থে কোনো স্থাবর সম্পত্তির বেনামি লেনদেন করিতে পারিবেন না।ব্যাখ্যা।-এই ধারায় ‘বে
7. <other_788_s326_p0> [কোম্পানী আইন, ১৯৯৪, ধারা ৩২৬] কতিপয় সম্পদের দাবী পরিত্যাগ — (১) অবলুপ্তির কার্যক্রম চলিতেছে এমন কোন কোম্পানীর সম্পদের কোন অংশের মধ্যে যদি দূর্বহ চুক্তির (onerous covenant
8. <other_812_s59> [দেউলিয়া বিষয়ক আইন, ১৯৯৭, ধারা ৫৯] দেনাদারের সম্পত্তির ব্যাপারে ডিক্রী বাস্তবায়নকারী আদালতের কর্তব্য — যে ক্ষেত্রে কোন ডিক্রী বাস্তবায়ন প্রক্রিয়ায় দেনাদারের বিক্রয়যোগ্য সম্পত্তির বিরুদ্ধে ডিক্রী প্রদান করা হইয
9. <other_914_s27> [দুর্নীতি দমন কমিশন আইন, ২০০৪, ধারা ২৭] জ্ঞাত আয়ের উৎস বহির্ভূত সম্পত্তির দখল — (১) কোন ব্যক্তি তাহার নিজ নামে, বা তাহার পক্ষে অন্য কোন ব্যক্তির নামে, এমন কোন স্থাবর বা অস্থাবর সম্পত্তির দখল
10. <criminal_procedure_1013_s23> [বরিশাল মহানগরী পুলিশ আইন, ২০০৯, ধারা ২৩] বেওয়ারিশ সম্পত্তির দায়িত্ব গ্রহণ ও বিলিবন্টন — (১) নিম্নবর্ণিত জিনিসের সাময়িকভাবে দায়িত্ব গ্রহণ করা পুলিশ কর্মকর্তার কর্তব্য হইবে, যথাঃ-(ক) তাহার নজরে আসিয","other_173_s2, other_48_s123",own_search,answered,2,
prot_0056_02,Sarwad,VERIFY,একটি সরকারি নির্মাণ অধিদপ্তরের তালিকাভুক্ত ঠিকাদার গত বছর মারা যান। তিনি তাঁর ছেলেকে এফিডেভিটের মাধ্যমে প্রতিষ্ঠানের ব্যবস্থাপনা পরিচালক হিসেবে মনোনীত করে গেছেন। কিন্তু অধিদপ্তরের ঊর্ধ্বতন কর্তৃপক্ষকে বিষয়টি না জানিয়ে অথবা আইনানুগ অনুমতি ছাড়াই তাঁর ছেলে ঠিকাদারি প্রতিষ্ঠানটি চালাচ্ছেন। চুক্তি সম্পাদনে বা মৃত ঠিকাদারের নামে চেক ইস্যুতে কোনো আইনি বাধা আছে কি?নাম প্রকাশে অনিচ্ছুক,"1. <other_900_s19> [অগ্নি প্রতিরোধ ও নির্বাপণ  আইন, ২০০৩, ধারা ১৯] অধিদপ্তরের কর্মকর্তা ও কর্মচারী এবং ধারা ১৪ এ বর্ণিত সহায়তা প্রদানকারী সংস্থা বা কর্তৃপক্ষের কাজে বাধা প্রদানের শাস্তি — যদি কোন ব্যক্তি অধিদপ্তরের কোন কর্মকর্তা বা কর্মচারী এবং ধারা ১৪ তে বর্ণিত সহায়তা প্রদানকারী সংস্থা, প্রতিষ্ঠ
2. <consumer_1010_s92> [ট্রেডমার্ক আইন, ২০০৯, ধারা ৯২] মামলার কোন পক্ষের মৃত্যু — যদি এই আইনের অধীন কোন কার্যধারা বিচারাধীন থাকা অবস্থায় কোন পক্ষ মারা যান, তাহা হইলে নিবন্ধক সংশ্লিষ্ট কোন পক্
3. <other_1446_s7> [সরকারি প্রাথমিক বিদ্যালয় শিক্ষক কল্যাণ ট্রাস, ধারা ৭] ট্রাস্টি বোর্ড গঠন — (১) ট্রাস্টি বোর্ড নিম্নবর্ণিত সদস্য সমন্বয়ে গঠিত হইবে, যথা :-(ক) প্রাথমিক শিক্ষা অধিদপ্তরের মহাপরিচালক, যিনি
4. <other_1715_s39> [বন্যপ্রাণী (সংরক্ষণ ও নিরাপত্তা) আইন, ২০২৬, ধারা ৩৯] অপরাধ সংঘটনে বাধা প্রদানের ক্ষমতা — এই আইনের অধীন বন অধিদপ্তরের কোনো কর্মকর্তা এবং কোনো পুলিশ কর্মকর্তা, কাস্টমস কর্মকর্তা, বাংলাদেশ কোস্ট গার্ড ক
5. <other_1153_s16> [উপানুষ্ঠানিক শিক্ষা আইন, ২০১৪, ধারা ১৬] উপানুষ্ঠানিক শিক্ষা বোর্ড গঠন — (১) নিম্নবর্ণিত সদস্য সমন্বয়ে উপানুষ্ঠানিক শিক্ষা বোর্ড গঠিত হইবে, যথা :-(ক) ব্যুরোর মহাপরিচালক, পদাধিকার বলে
6. <consumer_1127_s15> [নিরাপদ খাদ্য আইন, ২০১৩, ধারা ১৫] কেন্দ্রীয় নিরাপদ খাদ্য ব্যবস্থাপনা সমন্বয় কমিটি গঠন, ইত্যাদি — (১) এই আইনের উদ্দেশ্যে পূরণকল্পে সরকার, নিরাপদ খাদ্য ব্যবস্থার সহিত প্রত্যক্ষ বা পরোক্ষভাবে জড়িত কর্তৃপক্ষ বা
7. <other_739_s6> [বেসরকারী শিক্ষা প্রতিষ্ঠান শিক্ষক ও কর্মচারী, ধারা ৬] ট্রাষ্টী বোর্ড — (১) ট্রাষ্টী বোর্ড নিম্নবর্ণিত সদস্য-সমন্বয়ে গঠিত হইবে, যথা :-(ক) শিক্ষা বিভাগের সচিব, যিনি উহার চেয়ারম্যানও
8. <other_1156_s33> [মেট্রোরেল আইন, ২০১৫, ধারা ৩৩] মেট্রোরেল নির্মাণ, উন্নয়ন, পরিচালনা ও রক্ষণাবেক্ষণসহ অন্য কোন কর্মকাণ্ড সম্পাদনে প্রতিবন্ধকতা সৃষ্টির দণ্ড — কোন ব্যক্তি যদি আইনানুগ কারণ ব্যতীত মেট্রোরেল নির্মাণ, উন্নয়ন, পরিচালনা ও রক্ষণাবেক্ষণসহ অন্য কোন কর্মকাণ্ড স
9. <other_1201_s35> [বাস র‍্যাপিড ট্রানজিট (বিআরটি) আইন, ২০১৬, ধারা ৩৫] বিআরটি নির্মাণ, উন্নয়ন, পরিচালনা ও রক্ষণাবেক্ষনসহ অন্য কোনো কর্মকাণ্ড সম্পাদনে প্রতিবন্ধকতা সৃষ্টির দণ্ড — কোনো ব্যক্তি যদি আইনানুগ কারণ ব্যতীত বিআরটি নির্মাণ, উন্নয়ন, পরিচালনা ও রক্ষণাবেক্ষনসহ অন্য কোনো কর্মকাণ্ড সম
10. <other_895_s6> [বেসরকারী শিক্ষা প্রতিষ্ঠান শিক্ষক ও কর্মচারী, ধারা ৬] পরিচালনা পরিষদের গঠন — (১) বোর্ডের একটি পরিচালনা পরিষদ থাকিবে যাহা নিম্নবর্ণিত সদস্য-সমন্বয়ে গঠিত হইবে, যথা:-(ক) শিক্ষা মন্ত্রণালয়ে","other_26_s201, other_26_s226",own_search,answered,2,
prot_0008_03,Sarwad,VERIFY,আর আমার কোনো সাজা হলে সরকারি চাকরির ক্ষেত্রে তার কোন প্রভাব পড়বে কি না?,"1. <other_1136_s36> [ভৌগোলিক নির্দেশক পণ্য (নিবন্ধন ও সুরক্ষা) আই, ধারা ৩৬] পণ্য বাজেয়াপ্তকরণ — (১) এই আইনের অধীন জব্দকৃত মালামাল দখলে রাখিবার বা ব্যবহার করিবার বৈধ্যতা প্রমাণ করিতে ব্যর্থ হইলে, সংশ্লিষ্ট আ
2. <other_833_s32> [পল্লী দারিদ্র বিমোচন ফাউন্ডেশন আইন, ১৯৯৯, ধারা ৩২] নির্দিষ্ট ক্ষমতা ও সম্মতি দান এবং নির্দিষ্ট বিধি-নিষেধ আরোপ — (১) আপাততঃ বলবত্ অন্য কোন আইন অথবা কোন চুক্তি বা অন্য কোন দলিল দস্তাবেজে যাহা কিছুই থাকুক না কেন, ফাউন্ডেশন প্
3. <other_1098_s21> [প্রতিযোগিতা আইন, ২০১২, ধারা ২১] জোটবদ্ধতা (Combination) নিষিদ্ধকরণ — –(১) পণ্য বা সেবার বাজারে এমন জোটবদ্ধতা যাহা প্রতিযোগিতাকে বিরূপভাবে প্রভাবিত করিবার কারণ ঘটায় সেইরূপ জোটবদ্ধ
4. <other_1045_s16> [চার্টার্ড সেক্রেটারীজ আইন, ২০১০, ধারা ১৬] সদস্য হইবার ক্ষেত্রে অযোগ্যতা — ধারা ১৫ তে যাহা কিছুই থাকুক না কেন, কোন ব্যক্তি সদস্য হইবার যোগ্য হইবেন না, যদি-(ক) তিনি কোন স্বীকৃত বিশ্ববিদ্
5. <other_1203_s33> [বাংলাদেশ জীববৈচিত্র্য আইন, ২০১৭, ধারা ৩৩] বিপন্ন প্রাণী বা জীবসম্পদের উপর বিরূপ প্রভাব সৃষ্টিকারী কার্যক্রম প্রহণ নিষিদ্ধকরণ, ইত্যাদি — (১) বিদ্যমান অন্য কোনো আইনের বিধানকে ক্ষুণ্ণ না করিয়া, সরকার, সরকারি গেজেটে প্রজ্ঞাপন দ্বারা, দেশের কোনো জীবস
6. <other_1181_s116> [বাংলাদেশ কোস্ট গার্ড আইন, ২০১৬, ধারা ১১৬] যাবজ্জীবন কারাদণ্ড অথবা সশ্রম কারাদণ্ড কার্যকরকরণ — যে ক্ষেত্রে এই আইনের অধীন কোন ব্যক্তিকে যাবজ্জীবন কারাদণ্ড বা সশ্রম কারাদণ্ড প্রদান করা হয় অথবা মৃত্যু দণ্ডাদ
7. <other_1271_s46> [সরকারি চাকরি আইন, ২০১৮, ধারা ৪৬] অক্ষমতাজনিত অবসর — (১) কোনো সরকারি কর্মচারী শারীরিক অথবা মানসিক অসামর্থ্য বা বৈকল্যের কারণে সরকারি কর্ম সম্পাদনে নিজেকে অক্ষম মনে
8. <women_children_1119_s15> [শিশু আইন, ২০১৩, ধারা ১৫] (১) ফৌজদারি কার্যবিধি বা আপাতত বলবৎ অন্য কোনো আইনে যাহা কিছুই থাকুক না কেন, কোনো অপরাধ সংঘটনে প্রাপ্তবয়স্ক ব্
9. <land_1449_s1> [ভূমি উন্নয়ন কর আইন, ২০২৩, ধারা ১] সংক্ষিপ্ত শিরোনাম, প্রয়োগ ও প্রবর্তন — (১) এই আইনভূমি উন্নয়ন কর আইন, ২০২৩নামে অভিহিত হইবে।(২) ইহা সমগ্র বাংলাদেশে প্রযোজ্য হইবে:তবে শর্ত থাকে যে, পা
10. <labour_952_s38> [বাংলাদেশ শ্রম আইন, ২০০৬, ধারা ৩৮] ডাক্তারী পরীক্ষার জন্য আদেশ প্রদানের ক্ষমতা — যে ক্ষেত্রে কোন পরিদর্শক এরূপ মত পোষণ করেন যে-(ক) কোন প্রতিষ্ঠানে কর্মরত কোন ব্যক্তি কিশোর, কিন্তু তাহার সক্ষম",other_1271_s42,own_search,answered,2,
lawy_0362_01,Sarwad,VERIFY,মামলাকৃত জমি বিক্রিতে আইনী বাধা : কি বলে আইন ?,"1. <other_1009_s2_p6> [সন্ত্রাস বিরোধী আইন, ২০০৯, ধারা ২] সংজ্ঞা — বা সত্তাকে অর্থ, সেবা বা অন্য কোন সম্পত্তি সরবরাহ করা বা অন্য কোন সহায়তা করা যাহা দ্বারা এই আইনের আওতায় বর্ণ
2. <money_recovery_876_s42> [সমবায় সমিতি আইন, ২০০১, ধারা ৪২] সমিতির ধারণকৃত কতিপয় জমির দখল এবং জমির স্বার্থ হস্তান্তরে বাধা-নিষেধ — এই আইনের অন্য কোন ধারায় কিংবা আপাততঃ বলবত্ অন্য কোন আইনে যাহাই থাকুক না কেন-(ক) যেই সমবায় সমিতির উদ্দেশ্য হই
3. <other_739_s11> [বেসরকারী শিক্ষা প্রতিষ্ঠান শিক্ষক ও কর্মচারী, ধারা ১১] [বিলুপ্ত] — [ছাত্র-ছাত্রীগণ কর্তৃক চাঁদা প্রদান- বেসরকারী শিক্ষা প্রতিষ্ঠান শিক্ষক ও কর্মচারী কল্যাণ ট্রাষ্ট (সংশোধন) আইন,
4. <other_751_s23_p2> [ব্যাংক-কোম্পানী আইন, ১৯৯১, ধারা ২৩] 1 [সাধারণ পরিচালক, ইত্যাদি নিয়োগে বাধা-নিষেধ] — ভোটের ২০% এর অধিক ভোট প্রদানের অধিকারী, তাহা হইলে তিনি অনুরূপ প্রবর্তনের পর বাংলাদেশ ব্যাংক কর্তৃক এতদুদ্দেশ্য
5. <labour_952_s227> [বাংলাদেশ শ্রম আইন, ২০০৬, ধারা ২২৭] বে-আইনী ধর্মঘট ও লক-আউট — (১) কোন ধর্মঘট বা লক-আউট বেআইনী হইবে, যদি-(ক) বিরোধে জড়িত অন্য পক্ষকে বিধি দ্বারা নির্ধারিত পন্থায় ধর্মঘট বা
6. <other_1126_s2_p3> [প্রতিবন্ধী ব্যক্তির অধিকার ও সুরক্ষা আইন, ২০, ধারা ২] সংজ্ঞা — ব্যক্তিকে সর্বত্রই ব্যক্তি হিসাবে সমান আইনী স্বীকৃতি এবং জীবনের সকল ক্ষেত্রে সমান আইনী কর্তৃত্ব (legal capacit
7. <local_government_1026_s101> [স্থানীয় সরকার (সিটি কর্পোরেশন) আইন, ২০০৯, ধারা ১০১] বে-আইনী কার্যক্রম বাতিল — সরকার কর্পোরেশন কর্তৃক গৃহীত কোন কার্যক্রম এই আইন বা বিধি বা প্রবিধান বা অন্য কোন আইন বা অধ্যাদেশের সহিত অসামঞ
8. <other_923_s6> [বেসরকারী শিক্ষক নিবন্ধন ও প্রত্যয়ন কর্তৃপক্ষ, ধারা ৬] নির্বাহী বোর্ড গঠন — (১) নিম্নবর্ণিত সদস্যদের সমন্বয়ে নির্বাহী বোর্ড গঠিত হইবে, যথা:-(ক) চেয়ারম্যান, (পদাধিকার বলে);(খ) সদস্য (প্
9. <local_government_1024_s45> [স্থানীয় সরকার (পৌরসভা) আইন, ২০০৯, ধারা ৪৫] রাস্তার নিকটবর্তী জমির অধিগ্রহণ — (১) জনস্বার্থে কোন রাস্তার নিকটবর্তী জমি অধিগ্রহণ করিবার প্রয়োজন অনুভূত হইলে পৌরসভা সরকারের অনুমোদন গ্রহণ করি
10. <other_1108_s8> [আদালত অবমাননা আইন, ২০১৩, ধারা ৮] আত্মপক্ষ সমর্থনে অন্য কোন যু্ক্তি প্রদানের ক্ষেত্রে এই আইন বাধা হইবে না — এই আইনের কোন কিছুই কোন আদালতে আদালত অবমাননা সংক্রান্ত মামলায় আত্মপক্ষ সমর্থনের জন্য অন্য কোন আইন অনুসারে যে য",other_48_s52,own_search,answered,3,
prot_0091_01,Sarwad,VERIFY,"আমার বয়স ২০ বছর। স্নাতক (সম্মান) দ্বিতীয় বর্ষের ছাত্রী। দুই বছর হলো আমার বিয়ে হয়েছে। স্বামী বেসরকারি প্রতিষ্ঠানের কর্মকর্তা। আমার বিয়ে মা-বাবার সম্মতিতে হয়েছে। আমার মত ছিল না, কিন্তু আমি তাঁদের মুখের দিকে তাকিয়ে তখন কিছু বলতে পারিনি। আমি তাঁর কাছে সুখী নই। তাঁর সঙ্গে আমার অনেক কিছুতেই মিল হয় না, সে জন্য মানসিক যন্ত্রণায় আছি। আমি আমার পড়ালেখা চালিয়ে যেতে চাই। আমি ডিভোর্স চাই। কিন্তু আমার পরিবার জানলে অনেক সমস্যা হবে। পরিবারকে না জানিয়ে কি তা সম্ভব? যদি তাঁর কাছে আমি ডিভোর্স চাই, তবে কি সে রাজি হবে?নাম প্রকাশে অনিচ্ছুকচট্টগ্রাম","1. <other_1045_s16> [চার্টার্ড সেক্রেটারীজ আইন, ২০১০, ধারা ১৬] সদস্য হইবার ক্ষেত্রে অযোগ্যতা — ধারা ১৫ তে যাহা কিছুই থাকুক না কেন, কোন ব্যক্তি সদস্য হইবার যোগ্য হইবেন না, যদি-(ক) তিনি কোন স্বীকৃত বিশ্ববিদ্
2. <labour_1285_s24> [বাংলাদেশ ইপিজেড শ্রম আইন, ২০১৯, ধারা ২৪] চাকরি হইতে অবসর গ্রহণ — (১) এই অধ্যায়ের অন্যত্র যাহা কিছুই উল্লে­খ থাকুক না কেন, কোনো প্রতিষ্ঠানে নিয়োজিত কোনো শ্রমিকের বয়স ৬০ (ষাট
3. <other_775_s26> [বাংলাদেশ সিকিউরিটিজ অ্যান্ড এক্সচেঞ্জ কমিশন , ধারা ২৬] জটিলতার নিরসনের ক্ষমতা — (১) এই আইনের বিধানাবলী কার্যকর করার ক্ষেত্রে কোন অসুবিধা দেখা দিলে সরকার উক্ত অসুবিধা দূরীকরণার্থে, আদেশ দ্বার
4. <other_813_s20> [বাংলাদেশ কমার্স এন্ড ইনভেষ্টমেন্ট লিমিটেড (প, ধারা ২০] জটিলতা নিরসনের ক্ষমতা — (১) এই আইনের বিধানাবলী কার্যকর করার ক্ষেত্রে কোন অসুবিধা দেখা দিলে সরকার উক্ত অসুবিধা দূরীকরণার্থে, আদেশ দ্বার
5. <other_1403_s40> [মোংলা বন্দর কর্তৃপক্ষ আইন, ২০২২, ধারা ৪০] দণ্ড — কোনো ব্যক্তি যদি এই আইন ও বিধির কোনো বিধান লঙ্ঘন করেন তাহা হইলে উক্ত লঙ্ঘন হইবে একটি অপরাধ এবং তজ্জন্য তিনি অন
6. <other_1725_s21_p29> [অর্থ আইন, ২০২৬, ধারা ২১] ২০১২ সনের ৪৭ নং আইনের দ্বিতীয় তফসিলের সংশোধন — ডলার পর্যন্ত ৪৫ (ঘ) মূল্যসীমা ১০০০০০ মা. ডলার এর ঊর্ধ্ব হইতে ২০০০০০ মা. ডলার পর্যন্ত ৬০ (ঙ) মূল্যসীমা ২০০০০০ ম
7. <other_1025_s8> [মোবাইল কোর্ট আইন, ২০০৯, ধারা ৮] দণ্ড আরোপের সীমাবদ্ধতা — (১) এই আইনের অধীন মোবাইল কোর্ট পরিচালনা করিয়া দণ্ড আরোপ করিবার ক্ষেত্রে, সংশ্লিষ্ট অপরাধের জন্য সংশ্লিষ্ট আইন
8. <labour_952_s16> [বাংলাদেশ শ্রম আইন, ২০০৬, ধারা ১৬] লে-অফকৃত শ্রমিকগণের ক্ষতিপূরণের অধিকার — (১) যে ক্ষেত্রে বদলী বা সাময়িক শ্রমিক নহেন এরূপ কোন শ্রমিককে, যাহার নাম কোন প্রতিষ্ঠানের মাস্টার রোলে অন্তর্ভ
9. <other_1065_s12> [বাংলাদেশ মেডিকেল ও ডেন্টাল কাউন্সিল আইন, ২০১, ধারা ১২] মেডিকেল প্রতিষ্ঠানের মেডিকেল চিকিৎসা-শিক্ষা যোগ্যতার স্বীকৃতি — (১)বাংলাদেশে অবস্থিত বা বাংলাদেশের বাহিরে অবস্থিত কোন মেডিকেল প্রতিষ্ঠান কর্তৃক প্রদত্ত মেডিকেল চিকিৎসা-শিক্ষা
10. <other_1043_s10> [ক্ষুদ্র নৃ-গোষ্ঠী সাংস্কৃতিক প্রতিষ্ঠান আইন,, ধারা ১০] নির্বাহী পরিষদের দায়িত্ব — নির্বাহী পরিষদের দায়িত্ব হইবে নিম্নরূপ, যথা :-(ক) ক্ষুদ্র নৃ-গোষ্ঠীর সাংস্কৃতিক প্রতিষ্ঠানের লক্ষ্য ও উদ্দেশ্","family_180_s2_p0, family_1444_s5",own_search,answered,2,
prot_0074_01,Sarwad,VERIFY,"আট বছর আগে আমার বিয়ে হয়। আমার পাঁচ বছরের একটি সন্তান আছে। কয়েক দিন আগে আমার স্বামী ১৬ বছরের একটি মেয়েকে নিয়ে পালিয়ে যান। ওই মেয়েকে তিনি বিয়ে করেছেন কি না, জানি না। ওই মেয়ের বাবা আমার স্বামীকে অভিযুক্ত করে থানায় অপহরণের মামলা করেছেন। আমার স্বামী পলাতক। লোকমুখে শুনতে পাচ্ছি, আমাকে নাকি তিনি তালাক দিয়েছেন। কিন্তু আমি তালাকের নোটিশ পাইনি। এ ব্যাপারে কোথায় খোঁজ নিয়ে জানতে পারব। আমাকে যদি তিনি তালাক দিয়ে থাকেন বা না-ও দিয়ে থাকে, তাহলে আমি কী ধরনের আইনি ব্যবস্থা গ্রহণ করব?","1. <other_863_s7> [বাংলাদেশ শিল্পী কল্যাণ ট্রাস্ট আইন, ২০০১, ধারা ৭] ট্রাস্টের কার্যাবলী — ট্রাস্টের কার্যাবলী হইবে নিম্নরূপ, যথা:-(ক) সাধারণভাবে অসচ্ছল শিল্পীদের কল্যাণ সাধন;(খ) শিল্পীদের কল্যাণার্থে 
2. <other_924_s2> [ব্যক্তি মালিকানাধীন সড়ক পরিবহন শ্রমিক কল্যাণ, ধারা ২] সংজ্ঞা — বিষয় বা প্রসঙ্গের পরিপন্থী কিছু না থাকিলে, এই আইনে-(ক) “কল্যাণ তহবিল” অর্থ ধারা ৪ এর অধীন গঠিত কল্যাণ তহবিল;(
3. <other_1266_s2_p3> [বাংলাদেশ মুক্তিযোদ্ধা কল্যাণ ট্রাস্ট আইন, ২০, ধারা ২] সংজ্ঞা — বা স্বামী এবং পিতা-মাতার অবর্তমানে খেতাবপ্রাপ্ত বীর মুক্তিযোদ্ধার সন্তান; বা(উ) (অ)-(ঈ) পর্যন্ত বর্ণিত ব্যক্তি
4. <other_1429_s31> [আয়কর আইন, ২০২৩, ধারা ৩১] আয় একীভূতকরণ — (১) এই আইনে ভিন্নরূপ কিছু না থাকিলে, নিম্নবর্ণিত আয়সমূহ কোনো ব্যক্তির মোট আয়ের অন্তর্ভুক্ত হইবে, যথা:-(ক) উক
5. <labour_1285_s30> [বাংলাদেশ ইপিজেড শ্রম আইন, ২০১৯, ধারা ৩০] প্রসূতি কল্যাণ সুবিধা প্রাপ্তির অধিকার এবং প্রদানের দায়িত্ব — (১) প্রত্যেক মহিলা শ্রমিক তাহার মালিকের নিকট হইতে তাহার সন্তান প্রসবের সম্ভাব্য তারিখের অব্যবহিত পূর্ববর্তী ৮ 
6. <labour_1285_s29> [বাংলাদেশ ইপিজেড শ্রম আইন, ২০১৯, ধারা ২৯] প্রসূতিকালীন মহিলা শ্রমিকের কর্মে নিয়োগ নিষিদ্ধ — (১) কোনো মালিক তাহার প্রতিষ্ঠানে কোনো মহিলা শ্রমিককে তাহার সন্তান প্রসবের অব্যবহিত পরবর্তী ৮ (আট) সপ্তাহের মধ্
7. <other_943_s2> [বাংলাদেশ শ্রমিক কল্যাণ ফাউন্ডেশন আইন, ২০০৬, ধারা ২] সংজ্ঞা — বিষয় বা প্রসঙ্গের পরিপন্থী কিছু না থাকিলে, এই আইনে-(ক) “অপ্রাতিষ্ঠানিক খাত” অর্থ এইরূপ বেসরকারী খাত যেখানে কর
8. <women_children_835_s21> [নারী ও শিশু নির্যাতন দমন আইন, ২০০০, ধারা ২১] ফৌজদারী কার্যবিধির Section 87, 88 ও 339B এ ভিন্নতর যাহা কিছুই থাকুক না কেন, যেক্ষেত্রে ট্রাইব্যুনালের এই মর্মে
9. <land_1109_s7> [ওয়াক্‌ফ (সম্পত্তি হস্তান্তর ও উন্নয়ন) বিশেষ , ধারা ৭] মোতাওয়াল্লী বা ওয়াক্‌ফ প্রশাসক কর্তৃক হস্তান্তর — (১) অধ্যাদেশের ধারা ৩৪ এর অধীন ওয়াক্ফ প্রশাসক নিজ নিয়ন্ত্রণে গ্রহণ করিয়াছেন এইরূপ ওয়াক্ফ সম্পত্তি ব্যতিরেক
10. <labour_1285_s34> [বাংলাদেশ ইপিজেড শ্রম আইন, ২০১৯, ধারা ৩৪] কতিপয় ক্ষেত্রে মহিলা শ্রমিকের চাকরির অবসানে বাধা — যদি কোনো মহিলা শ্রমিকের সন্তান প্রসবের পূর্ববর্তী ৬ (ছয়) মাস এবং সন্তান প্রসবের পরবর্তী ৮ (আট) সপ্তাহ মেয়াদে","family_305_s7, criminal_procedure_11_s366, women_children_1207_s7",own_search,answered,3,
prot_0061_03,Sarwad,VERIFY,"২০০৬ সালে আমার বিয়ে হয় পারিবারিকভাবেই। বিয়ের পর জানতে পারলাম, আমার স্বামীর পাঁচ লাখ টাকা ঋণ আছে। সে এই টাকা শোধ দেওয়ার জন্য আমার পরিবারকে চাপ দেয়। আমার পরিবারের পক্ষে এত টাকা দেওয়া অসম্ভব, এটা জানতে পারার পর সে এবং তার পরিবার মিলে আমাকে শারীরিক ও মানসিক নির্যাতন শুরু করে। আমার তিন বছরের একটি মেয়ে আছে। ওদের যন্ত্রণায় শ্বশুরবাড়িতে থাকা আমার পক্ষে অসম্ভব হয়ে ওঠে। আমি মেয়েকে নিয়ে বাবার বাসায় চলে এসেছি। এক বছর যাবৎ স্বামী আমাকে কোনো ভরণপোষণ দেয় না। আমি কোনো কাজে বের হলে তার পালিত কিছু বখাটে ছেলে খুব বিরক্ত করে। আমার নামে কুৎসা রটায়। আমি আর তার সংসার করতে চাই না। ভরণপোষণ চাইলে উল্টো ধমক দেয়। কীভাবে আমি আমার দেনমোহর ও ভরণপোষণের টাকা পেতে পারি? আইনগত কী উপায়ে আমি আমার মেয়েকে আমার কাছে রাখতে পারি, যাতে সে কখনো দাবি না করতে পারে? আমি কোথায় গেলে কম খরচে আইনগত সহায়তা পাব? নাম প্রকাশে অনিচ্ছুকচট্টগ্রাম","1. <other_1273_s23> [মানসিক স্বাস্থ্য আইন, ২০১৮, ধারা ২৩] অপরাধ ও দণ্ড — (১) মানসিক স্বাস্থ্য সেবায় নিয়োজিত পেশাজীবী হিসাবে কোনো ব্যক্তি মানসিক অসুস্থতা সম্পর্কিত বিষয়ে উদ্দেশ্য প্
2. <other_934_s16> [সার ব্যবস্থাপনা আইন, ২০০৬, ধারা ১৬] ব্রান্ডের অপ-ব্যবহার (Misbranding) — (১) কোন ব্যক্তি সারের নির্দিষ্ট কোন ব্রান্ডের পরিবর্তন ঘটাইয়া (Misbranding Fertilizer) উহা সরবরাহ, বিপণন বা ব
3. <criminal_procedure_1239_s91> [রংপুর মহানগরী পুলিশ আইন, ২০১৮, ধারা ৯১] বন্ধকগ্রহীতা বা অন্য কোনো ব্যক্তি কর্তৃক চোরাই সম্পত্তি সম্পর্কে পুলিশকে খবর না দেওয়ার দণ্ড — কোনো বন্ধকগ্রহীতা বা পুরাতন জিনিসের ব্যবসায়ী বা ধাতব কারখানার কর্মচারী কোনো দ্রব্য চুরি হইবার বিষয়ে পুলিশ অফ
4. <criminal_procedure_1238_s91> [গাজীপুর মহানগরী পুলিশ আইন, ২০১৮, ধারা ৯১] বন্ধকগ্রহীতা বা অন্য কোনো ব্যক্তি কর্তৃক চোরাই সম্পত্তি সম্পর্কে পুলিশকে খবর না দেওয়ার দণ্ড — কোনো বন্ধকগ্রহীতা বা পুরাতন জিনিসের ব্যবসায়ী বা ধাতব কারখানার কর্মচারী কোনো দ্রব্য চুরি হইবার বিষয়ে পুলিশ অফ
5. <other_788_s41> [কোম্পানী আইন, ১৯৯৪, ধারা ৪১] সদস্য-বহি পরিদর্শন — (১) কোম্পানী নিবন্ধনের তারিখ হইতে উহার নিবন্ধিকৃত কার্যালয়ে সদস্য-বহি এবং ধারা ৩৫ প্রযোজ্য হইলে সদস্য-সূচী রা
6. <labour_952_s294> [বাংলাদেশ শ্রম আইন, ২০০৬, ধারা ২৯৪] বেআইনী ধর্মঘট বা লক-আউটের দণ্ড — (১) কোন শ্রমিক কোন বেআইনী ধর্মঘট শুরু করিলে, অথবা চালাইয়া গেলে, অথবা উহাকে আগাইয়া নেওয়ার জন্য কোন কাজ করিলে
7. <tenancy_748_s19_p2> [বাড়ী ভাড়া নিয়ন্ত্রণ আইন, ১৯৯১, ধারা ১৯] কতিপয় পরিস্থিততে ভাড়াটিয়া কর্তৃক ভাড়া জমা — নিয়ন্ত্রকের নিকট দিতে হইবে এবং উহার সহিত একটি দরখাস্ত পেশ করিতে হইবে যাহাতে নিম্নবর্ণিত বিষয়গুলি উল্লেখ থাকি
8. <other_1684_s24> [মানব পাচার ও অভিবাসী চোরাচালান প্রতিরোধ ও দম, ধারা ২৪] আপসের উদ্দেশ্যে ভিকটিম বা সাক্ষীকে চাপ প্রয়োগ, প্রভাবিত ও ভয়-ভীতি প্রদর্শন করিবার অপরাধ ও উহার দণ্ড — (১) যদি কোনো ব্যক্তি এই আইনের অধীন সংঘটিত কোনো অপরাধের আপস করিবার উদ্দেশ্যে মামলার তদন্ত পর্যায়ে অথবা বিচার চ
9. <labour_952_s204> [বাংলাদেশ শ্রম আইন, ২০০৬, ধারা ২০৪] 1 [মজুরী হইতে চাঁদা কর্তন ( চেক-অফ)] — (১) যৌথ দরকষাকষি প্রতিনিধি অনুরোধ করিলে যে কোন মালিক তার প্রতিষ্ঠানে কর্মরত শ্রমিকগণের, যাহারা ঐ সিবিএ ইউনিয়ন
10. <other_791_s15_p3> [বাংলাদেশ পরিবেশ সংরক্ষণ আইন, ১৯৯৫, ধারা ১৫] (দশ) বৎসর কারাদণ্ড বা অন্যূন ২ (দুই) লক্ষ টাকা, অনধিক ১০ (দশ) লক্ষ টাকা অর্থদণ্ড বা উভয় দণ্ড।১১।ধারা ১০ এর উপ","women_children_1063_s3, women_children_1063_s11, family_1444_s5",own_search,answered,3,
prot_0049_04,Sarwad,VERIFY,"আমার বন্ধুর বড় ভাই ১১ মাস আগে বিদেশে কর্মরত অবস্থায় মারা যান। তাঁর বউয়ের বয়স ২২ বছর এবং একমাত্র ছেলের বয়স দুই বছর। তিনি যখন বিদেশে যান, তখন তাঁর স্ত্রী পাঁচ মাসের গর্ভবতী ছিলেন। এ কারণে তিনি ছেলের মুখ দেখতে পারেননি। ইসলাম ধর্মে বড় ভাই মারা গেলে তাঁর বউকে ছোট ভাই বিয়ে করতে পারে। হিন্দুধর্মে কি এমন কোনো বিধান নেই যে বড় ভাই মারা যাওয়ার পর ছোট ভাই তাঁর বউকে বিয়ে করতে পারবে? যদি থাকে, তা হলে দুটি প্রাণ বেঁচে যায়। অসহায় একটি নারী পাবে আশ্রয় এবং নাবালক ছেলে পাবে তার ভবিষ্যতের ঠিকানা। কয়েকজন হিন্দু সমাজপতি বলেন, বড় ভাইয়ের বউ মায়ের সমান, তাকে বিয়ে করলে পাপ হবে।সুমন কর্মকারসিলেট","1. <other_822_s10> [পার্বত্য চট্টগ্রাম আঞ্চলিক পরিষদ আইন, ১৯৯৮, ধারা ১০] সম্পত্তি সম্পর্কিত ঘোষণা — চেয়ারম্যান ও প্রত্যেক সদস্য তাহার কার্যভার গ্রহণের পূর্বে তাহার এবং তাঁহার পরিবারের কোন সদস্যের স্বত্ব, দখল ব
2. <other_1266_s2_p3> [বাংলাদেশ মুক্তিযোদ্ধা কল্যাণ ট্রাস্ট আইন, ২০, ধারা ২] সংজ্ঞা — বা স্বামী এবং পিতা-মাতার অবর্তমানে খেতাবপ্রাপ্ত বীর মুক্তিযোদ্ধার সন্তান; বা(উ) (অ)-(ঈ) পর্যন্ত বর্ণিত ব্যক্তি
3. <local_government_1027_s41> [স্থানীয় সরকার (ইউনিয়ন পরিষদ) আইন, ২০০৯, ধারা ৪১] সম্পত্তি সম্পর্কিত ঘোষণা — চেয়ারম্যান ও সদস্য তাঁহার কার্যভার গ্রহণের পূর্বে তাঁহার এবং তাঁহার পরিবারের কোন সদস্যের স্বত্ব, দখল বা স্বার
4. <other_1485_s2> [বাংলাদেশ পুলিশ কল্যাণ তহবিল আইন, ২০২৩, ধারা ২] সংজ্ঞা — বিষয় বা প্রসঙ্গের পরিপন্থি কোনো কিছু না থাকিলে, এই আইনে,-(১) ""কর্মচারী"" অর্থ-(ক) পুলিশ ইন্সপেক্টরের নিম্ন পদম
5. <local_government_827_s10> [উপজেলা পরিষদ আইন, ১৯৯৮, ধারা ১০] সম্পত্তি সম্পর্কিত ঘোষণা — 14[চেয়ারম্যান ও ভাইস চেয়ারম্যান ] তাঁহার কার্যভার গ্রহণের পূর্বে তাঁহার এবং তাঁহার পরিবারের কোন সদস্যের স্বত
6. <other_1148_s2> [বাংলাদেশ সাংবাদিক কল্যাণ ট্রাস্ট আইন, ২০১৪, ধারা ২] সংজ্ঞা — বিষয় বা প্রসঙ্গের পরিপন্থী কোন কিছু না থাকিলে, এই আইনে-(১) ‘‘চেয়ারম্যান’’ অর্থ বোর্ডের চেয়ারম্যান;(২) ‘‘ট্র
7. <labour_952_s157> [বাংলাদেশ শ্রম আইন, ২০০৬, ধারা ১৫৭] নোটিশ ও দাবী — (১) কোন শ্রম আদালত ৰতিপূরণের কোন দাবী বিবেচনায় আনিবে না যদি না দুর্ঘটনা ঘটিবার পর যতশীঘ্র সম্ভব এতদ্নিম্নে বর
8. <other_895_s2> [বেসরকারী শিক্ষা প্রতিষ্ঠান শিক্ষক ও কর্মচারী, ধারা ২] সংজ্ঞা — বিষয় বা প্রসঙ্গের পরিপন্থী কোন কিছু না থাকিলে, এই আইনে,-(ক) “অবসরপ্রাপ্ত” অর্থ কোন আইন বা সরকারী নীতি অনুযায়
9. <consumer_1010_s92> [ট্রেডমার্ক আইন, ২০০৯, ধারা ৯২] মামলার কোন পক্ষের মৃত্যু — যদি এই আইনের অধীন কোন কার্যধারা বিচারাধীন থাকা অবস্থায় কোন পক্ষ মারা যান, তাহা হইলে নিবন্ধক সংশ্লিষ্ট কোন পক্
10. <other_1378_s2> [বাংলাদেশ চলচ্চিত্র শিল্পী কল্যাণ ট্রাস্ট আইন, ধারা ২] সংজ্ঞা — বিষয় বা প্রসঙ্গের পরিপন্থি কোনো কিছু না থাকিলে, এই আইনে-(ক) “চলচ্চিত্র” অর্থ সেলুলয়েড, অ্যানালগ, ডিজিটাল বা ","other_9_s1, other_9_s3",own_search,answered,3,
ajke_0205_01,Sarwad,VERIFY,"আমাদের বিয়ে হয়েছে পাঁচ বছর। এক বছর ধরে আমার স্বামীর কথাবার্তা আর আচরণে পরিবর্তন বুঝতে পারছি। হঠাৎ একদিন সে জানায়, আমাকে তার আর ভালো লাগছে না, এই সংসার ছেড়ে চলে যাবে। সত্যি সত্যি সে আমাদের ছেড়ে চলে গেছে! আমার সঙ্গে কোনো ধরনের যোগাযোগ রাখছে না। আমাদের একটা সন্তান আছে। সে তার দাদির কাছে থাকে। ওর বয়স এক বছর। আমি ছেলেকে আমার কাছে আনতে চাই। সন্তানকে ওখানে নিরাপদ মনে করি না। কীভাবে আনব সন্তানকে? এই পরিস্থিতিতে করণীয় কী? নাম প্রকাশে অনিচ্ছুক, কুড়িগ্রাম উওর: মুসলিম আইন অনুযায়ী বাবা হচ্ছেন নাবালক সন্তানের স্বাভাবিক ও আইনগত অভিভাবক এবং মা হচ্ছেন তার তত্ত্বাবধায়ক। নাবালক সন্তান ছেলে হলে, বয়স সাত বছর হওয়া পর্যন্ত মা থাকবেন তার তত্ত্বাবধায়ক বা জিম্মাদার। অতএব আপনার এক বছর বয়সের ছেলেসন্তানের আইনগত তত্ত্বাবধায়ক বা জিম্মাদার আপনি। দাদির কাছ থেকে আপনি আপনার সন্তান চান, না পেলে পারিবারিক আদালত আইনের ৫ ধারার অধীনে পারিবারিক আদালতে নাবালক সন্তানের অভিভাবকত্ব ও তত্ত্বাবধান চেয়ে মামলা করতে পারবেন। এ ছাড়া স্বামীকে বিবাদী করে আপনার দেনমোহর এবং আপনার ও সন্তানের জন্য ওই ৫ ধারার অধীনে ভরণপোষণ চাইতে পারেন। প্রয়োজনে যেকোনো জেলার জজ কোর্টের ‘ন্যাশনাল লিগ্যাল এইড সার্ভিসেস’ থেকে আপনি বিনা পয়সায় আইনি সহায়তা পেতে পারেন","1. <women_children_835_s13> [নারী ও শিশু নির্যাতন দমন আইন, ২০০০, ধারা ১৩] (১) অন্য কোন আইনে ভিন্নতর যাহা কিছুই থাকুক না কেন, ধর্ষণের কারণে কোন সন্তান জন্মলাভ করিলে-(ক) উক্ত সন্তানকে তা
2. <family_1444_s5> [পারিবারিক আদালত আইন, ২০২৩, ধারা ৫] পারিবারিক আদালতের এখতিয়ার — মুসলিম পারিবারিক আইনের বিধানাবলি সাপেক্ষে, পারিবারিক আদালতে নিম্নরূপ সকল বা যেকোনো বিষয় সম্পর্কিত বা উহা হইতে
3. <family_1444_s20> [পারিবারিক আদালত আইন, ২০২৩, ধারা ২০] মোকদ্দমা এবং আপিল স্থানান্তর ও স্থগিতকরণ — (১) হাইকোর্ট বিভাগ, কোনো পক্ষের আবেদনক্রমে বা স্বীয় উদ্যোগে, লিখিত আদেশ দ্বারা, দায়েরকৃত যেকোনো-(ক) মোকদ্দমা
4. <women_children_1063_s17> [পারিবারিক সহিংসতা (প্রতিরোধ ও সুরক্ষা) আইন, , ধারা ১৭] নিরাপদ হেফাজত আদেশ — আপাততঃ বলবৎ অন্য কোন আইনে যাহা কিছুই থাকুক না কেন, আদালত এই আইনের অধীন আবেদন বিবেচনার যে কোন পর্যায়ে সংক্ষুব্
5. <other_775_s26> [বাংলাদেশ সিকিউরিটিজ অ্যান্ড এক্সচেঞ্জ কমিশন , ধারা ২৬] জটিলতার নিরসনের ক্ষমতা — (১) এই আইনের বিধানাবলী কার্যকর করার ক্ষেত্রে কোন অসুবিধা দেখা দিলে সরকার উক্ত অসুবিধা দূরীকরণার্থে, আদেশ দ্বার
6. <other_1132_s3> [পিতা-মাতার ভরণ-পোষণ আইন, ২০১৩, ধারা ৩] পিতা-মাতার ভরণ-পোষণ — (১) প্রত্যেক সন্তানকে তাহার পিতা-মাতার ভরণ-পোষণ নিশ্চিত করিতে হইবে।(২) কোন পিতা-মাতার একাধিক সন্তান থাকিলে সেই
7. <other_834_s2> [আইনগত সহায়তা প্রদান আইন, ২০০০, ধারা ২] বিষয় বা প্রসংগের পরিপন্থী কোন কিছু না থাকিলে, এই আইনে,-(ক) “আইনগত সহায়তা” অর্থ-(অ) আর্থিকভাবে অসচ্ছল, সহায়-
8. <other_1429_s31> [আয়কর আইন, ২০২৩, ধারা ৩১] আয় একীভূতকরণ — (১) এই আইনে ভিন্নরূপ কিছু না থাকিলে, নিম্নবর্ণিত আয়সমূহ কোনো ব্যক্তির মোট আয়ের অন্তর্ভুক্ত হইবে, যথা:-(ক) উক
9. <other_1586_s23> [গুম প্রতিরোধ ও প্রতিকার অধ্যাদেশ, ২০২৫, ধারা ২৩] স্ত্রী বা সন্তান কর্তৃক গুম হওয়া ব্যক্তির সম্পত্তি ব্যবহারের অনুমতি — (১) গুম হওয়া ব্যক্তির দায় পরিশোধ, তাহার স্ত্রী বা তাহার উপর নির্ভরশীল পরিবারের সদস্যদের ভরণপোষণের বা অন্য কো
10. <other_1418_s21_p2> [বাংলাদেশ সুপ্রীম কোর্টের বিচারক (ছুটি, পেনশন, ধারা ২১] আনুতোষিক ও পারিবারিক পেনশন — হিসাবে প্রাপ্য হইতেন।(৩) কোনো বিচারক, অবসর গ্রহণের পর তাহার গ্রস-পেনশনের সম্পূর্ণ অংশ সমর্পণ করিতে পারিবেন এবং",2,candidate,answered,3,
prot_0078_05,Sarwad,VERIFY,আমি স্নাতক (সম্মান) চতুর্থ বর্ষের ছাত্রী। আমার বাড়িতে সব সময় ঝগড়া-বিবাদ লেগেই থাকে। আমার বাবা আমার প্রতি রেগে গেলেই বকাঝকা ও মারধর করেন এবং সব খরচ বন্ধ করে দেন। বাবা একজন সামর্থ্যবান ব্যক্তি। আমি কি আইনত তার কাছ থেকে আমার প্রয়োজনীয় খরচ পাওয়ার অধিকারী? আমি কীভাবে তাঁর কাছ থেকে আমার খরচ আদায় করতে পারব?নাম-ঠিকানা প্রকাশে অনিচ্ছুক,"1. <other_788_s206_p2> [কোম্পানী আইন, ১৯৯৪, ধারা ২০৬] তদন্তের খরচ — (গ) দফার অধীনে কোন অর্থ পরিশোধের জন্য যে ব্যক্তি দায়ী হন তিনি এতদুদ্দেশ্যে অন্যান্য সকল ব্যক্তির নিকট হইতে উক
2. <money_recovery_876_s68> [সমবায় সমিতি আইন, ২০০১, ধারা ৬৮] বিক্রয়লব্ধ অর্থ বণ্টন এবং কতিপয় দাবীর ক্ষেত্রে বাধা — নিবন্ধক ৬৭ ধারার অধীনে আদেশ দ্বারা কোন বিক্রয় চূড়ান্ত করা কালে নির্দেশ দিবেন যে, বিক্রয়লব্ধ অর্থ নিম্নরূপে 
3. <other_850_s50> [সালিস আইন, ২০০১, ধারা ৫০] সালিসকারীর পারিশ্রমিক ও খরচ সম্পর্কে বিরোধ — (১) যদি কোন সালিসী ট্রাইব্যুনাল তদ্কর্তৃক দাবীকৃত খরচ পরিশোধ ব্যতীত উহার রোয়েদাদ প্রদান করিতে অস্বীকার করে, ত
4. <other_1246_s74> [ক্যান্টনমেন্ট আইন, ২০১৮, ধারা ৭৪] বোর্ড হইতে খরচ আদায় — কোনো আপিলকারীকে সালিসকৃত খরচ প্রদানের জন্য আদেশ করা হইলে, বোর্ড যদি আদেশ প্রদানের তারিখ হইতে ১০ (দশ) দিনের মধ্
5. <other_1652_s9_p3> [বাণিজ্যিক আদালত আইন, ২০২৬, ধারা ৯] দেওয়ানি কার্যবিধির প্রয়োগ ও কার্যধারা সম্পর্কিত বিশেষ বিধান — বা অংশের জন্য চুক্তিতে নির্ধারিত হারে বা, অনুরূপ হার না থাকিলে, বাণিজ্যিক আদালত কর্তৃক নির্ধারিত হারে সুদ যুক্
6. <other_850_s38> [সালিস আইন, ২০০১, ধারা ৩৮] সালিসী রোয়েদাদের নমুনা ও বিষয়বস্তু — (১) সালিসী ট্রাইব্যুনালের রোয়েদাদ লিখিত এবং সালিসকারী বা সালিসকারীগণ কর্তৃক স্বাক্ষরিত হইতে হইবে।(২) সালিসকার
7. <labour_952_s269> [বাংলাদেশ শ্রম আইন, ২০০৬, ধারা ২৬৯] ক্ষতি আদায় — যে ক্ষেত্রে কোন মালিক ভবিষ্য তহবিলে চাঁদা প্রদানে অথবা এই অধ্যায় বা কোন বিধির অধীন প্রদেয় কোন খরচ প্রদানে খে
8. <labour_952_s267> [বাংলাদেশ শ্রম আইন, ২০০৬, ধারা ২৬৭] প্রশাসন ব্যয় — (১) ট্রাস্টি বোর্ড চাঁদার ভিত্তিতে একটি প্রশাসনিক খরচ আরোপ করিতে পারিবে।(২) সরকার, বোর্ডের সহিত পরামর্শক্রমে, 
9. <other_1392_s12> [ব্যাংকার বহি সাক্ষ্য আইন, ২০২১, ধারা ১২] খরচাদি — (১) এই আইনের অধীন বা উহার উদ্দেশ্য পূরণকল্পে, আদালতের নিকট দাখিলকৃত কোনো আবেদনের খরচ এবং আদালত কর্তৃক প্রদত্ত 
10. <consumer_1010_s85> [ট্রেডমার্ক আইন, ২০০৯, ধারা ৮৫] মামলা খরচ — (১) এই আইনের অধীন কোন মামলায় আদালত, মামলার পরিস্থিতি ও পক্ষগণের আচরণ বিবেচনা করিয়া, যেরূপ যুক্তিসঙ্গত মনে কর",family_1444_s5,own_search,answered,2,
prot_0100_04,Sarwad,VERIFY,৩. এবং অন্য কোনো ব্যক্তির কাছে যদি জমি বিক্রি করেন তাহলে বিক্রি করতে পারবেন কি না?,"1. <criminal_procedure_1012_s73> [সিলেট মহানগরী পুলিশ আইন, ২০০৯, ধারা ৭৩] বিক্রি বা ভাড়ার উদ্দেশ্যে পশু বা যানবাহন রাস্তায় রাখার দণ্ড — কোন ব্যক্তি যদি পুলিশ কমিশনারের অনুমতি ছাড়া বিক্রি বা ভাড়া খাটাইবার উদ্দেশ্যে রাস্তায় বা সর্বসাধারণের ব্যবহ
2. <criminal_procedure_1013_s73> [বরিশাল মহানগরী পুলিশ আইন, ২০০৯, ধারা ৭৩] বিক্রি বা ভাড়ার উদ্দেশ্যে পশু বা যানবাহন রাস্তায় রাখার দণ্ড — কোন ব্যক্তি যদি পুলিশ কমিশনারের অনুমতি ছাড়া বিক্রি বা ভাড়া খাটাইবার উদ্দেশ্যে রাস্তায় বা সর্বসাধারণের ব্যবহ
3. <other_1472_s61> [বাংলাদেশ পেটেন্ট আইন, ২০২৩, ধারা ৬১] পেটেন্টের বিশেষ বিধান — উন্নয়নের সহিত সম্পর্কিত অথবা বাংলাদেশ বা অন্য কোনো দেশে বলবৎযোগ্য কোনো পণ্য উৎপাদন, ব্যবহার, বিক্রি, আমদানি ব
4. <other_804_s39> [পানি সরবরাহ ও পয়ঃনিষ্কাশন কর্তৃপক্ষ আইন, ১৯৯, ধারা ৩৯] কর্র্তৃপক্ষের পাওনা আদায় — (১) কোন ব্যক্তির নিকট হইতে কর্র্তৃপক্ষের পাওনা সরকারী দাবী হিসাবে আদায়যোগ্য হইবে।(২) উপ-ধারা (১) এ যাহা কিছুই
5. <labour_952_s288> [বাংলাদেশ শ্রম আইন, ২০০৬, ধারা ২৮৮] ধারা ৬৭ লঙ্ঘন করার দণ্ড — কোন ব্যক্তি ধারা ৬৭ এর বিধান মানা হয় নাই এরূপ শক্তি চালিত কোন যন্ত্রপাতি কোন প্রতিষ্ঠানে ব্যবহারের জন্য বিক্র
6. <criminal_procedure_765_s73> [রাজশাহী মহানগরী পুলিশ আইন, ১৯৯২, ধারা ৭৩] বিক্রি বা ভাড়ার উদ্দেশ্যে পশু বা যানবাহন রাস্তায় রাখার দণ্ড — কোন ব্যক্তি যদি পুলিশ কমিশনারের অনুমতি ছাড়া বিক্রয় বা ভাড়া খাটাইবার উদ্দেশ্যে রাস্তায় বা সর্বসাধারণের ব্যব
7. <other_1429_s133> [আয়কর আইন, ২০২৩, ধারা ১৩৩] প্রকাশ্য নিলামের বিক্রি হইতে কর সংগ্র — (১) কোনো ব্যক্তি কোনো নির্দিষ্ট মালিকের কোনো পণ্য বা সম্পত্তি সীলমোহরযুক্ত দরপত্রের মাধ্যমে প্রকাশ্য নিলামে বি
8. <other_751_s22> [ব্যাংক-কোম্পানী আইন, ১৯৯১, ধারা ২২] বিশেষায়িত ব্যাংক ব্যতীত অন্য কোন ব্যাংক-কোম্পানী উহার শেয়ারের উপর কোন লভ্যাংশ প্রদান করিবে না, যদি-(ক) উহার 
9. <labour_952_s199> [বাংলাদেশ শ্রম আইন, ২০০৬, ধারা ১৯৯] চুক্তির কার্যকরীকরণ যোগ্যতা — অন্য কোন আইনে যাহা কিছুই থাকুন না কেন, কোন ট্রেড ইউনিয়নের সদস্যগণের মধ্যে সম্পাদিত কোন চুক্তি কেবলমাত্র এই কা
10. <other_1037_s97_p0> [বীমা আইন, ২০১০, ধারা ৯৭] ক্রোকযোগ্য সম্পত্তির ক্ষেত্রে প্রশাসকের ক্ষমতা৷ — (১) প্রশাসক যদি এই মর্মে সন্তুষ্ট হন যে, কোন ব্যক্তি এই আইনের অধীন তাহার বিরুদ্ধে আইনী কার্যক্রম গ্রহণের আওতায",unanswerable,none,unanswerable,2,
prot_0078_03,Sarwad,VERIFY,"আমার খালার চার মেয়ে। সবাই ছাত্রী। খালু সরকারি চাকরি করেন। প্রায় দুই বছর হয় খালা গৃহকর্মীর সঙ্গে পালিয়ে গিয়ে তাকে বিয়ে করেন। খালু তাঁর সংসারের কথা চিন্তা করে খালাকে ফিরিয়ে আনার অনেক চেষ্টা করেন। একপর্যায়ে তিনি বাধ্য হয়ে ওই ছেলেকে আদালতের মাধ্যমে তালাক দেওয়ার ব্যবস্থা করেন। কিন্তু কিছুদিন পর খালা আবার ওই ছেলের কাছে চলে যান। আর স্পষ্ট জানিয়ে দেন, তিনি কখনোই খালুর সঙ্গে সংসার করবেন না। এখন খালু ও তাঁর পরিবারের কেউই খালাকে আনতে চান না। আইনগতভাবে খালা কি এখনো খালুর স্ত্রী আছেন? খালুর মৃত্যুর পর তিনি কি সম্পত্তির অংশীদার হবেন?","1. <other_812_s84_p0> [দেউলিয়া বিষয়ক আইন, ১৯৯৭, ধারা ৮৪] দেনাদারের অপরাধ ও উহাদের দণ্ড — (১) এই আইনের অধীনে কোন দেনাদার দেউলিয়া হইলে বা তাহার বিষয়াদি সম্পর্কে পুনর্গঠন আদেশ প্রদান করা হইলে, তাহার ন
2. <other_1045_s20_p0> [চার্টার্ড সেক্রেটারীজ আইন, ২০১০, ধারা ২০] পেশাগত অসদাচরণ — (১) কোন চার্টার্ড সেক্রেটারী পেশাগত অসদাচরণ করিয়াছেন বলিয়া গণ্য হইবে, যদি তিনি-(ক) অন্য কোন ব্যক্তিকে তাহার 
3. <other_1246_s99_p2> [ক্যান্টনমেন্ট আইন, ২০১৮, ধারা ৯৯] উপদ্রব সৃষ্টির শাস্তি — ক্যান্টনমেন্টের অভ্যন্তরে কোনো সড়ক বা গণস্থানে,-(ক) বোর্ড কর্তৃক গণ-বিজ্ঞপ্তি দ্বারা এতদুদ্দেশ্যে জারিকৃত নিষ
4. <family_938_s11> [গ্রাম আদালত আইন, ২০০৬, ধারা ১১] গ্রাম আদালতের অবমাননা — (১) কোন ব্যক্তি আইনসংগত কারণ ব্যতীত যদি-(ক) গ্রাম আদালত বা উহার কোন সদস্যকে আদালতের কার্যক্রম চলাকালে অশালীন ক
5. <other_812_s9> [দেউলিয়া বিষয়ক আইন, ১৯৯৭, ধারা ৯] দেউলিয়া কর্ম — (১) কোন দেনাদারের নিম্্নবর্ণিত যেকোন একটি কাজই হইবে দেউলিয়া কর্ম, যথা :- (ক) যদি তিনি বাংলাদেশ বা অন্যত্র তাহ
6. <women_children_1119_s2_p1> [শিশু আইন, ২০১৩, ধারা ২] সংজ্ঞা — অর্থ দাদা, দাদী, নানা, নানী, চাচা, চাচী, ফুফা, ফুফু, মামা, মামী, খালা, খালু, ভাই, ভাবী, ভগ্নি, ভগ্নিপতি বা এইর
7. <other_1684_s24> [মানব পাচার ও অভিবাসী চোরাচালান প্রতিরোধ ও দম, ধারা ২৪] আপসের উদ্দেশ্যে ভিকটিম বা সাক্ষীকে চাপ প্রয়োগ, প্রভাবিত ও ভয়-ভীতি প্রদর্শন করিবার অপরাধ ও উহার দণ্ড — (১) যদি কোনো ব্যক্তি এই আইনের অধীন সংঘটিত কোনো অপরাধের আপস করিবার উদ্দেশ্যে মামলার তদন্ত পর্যায়ে অথবা বিচার চ
8. <other_1485_s9> [বাংলাদেশ পুলিশ কল্যাণ তহবিল আইন, ২০২৩, ধারা ৯] মৃত্যু এবং অক্ষমতাজনিত কারণে এককালীন এবং মাসিক কল্যাণ অনুদান — (১) কোনো কর্মচারী বা তাহার মৃত্যু হইলে তাহার স্ত্রী বা, ক্ষেত্রমত, স্বামী, বিধি দ্বারা নির্ধারিত পদ্ধতিতে, নিম
9. <other_788_s335_p1> [কোম্পানী আইন, ১৯৯৪, ধারা ৩৩৫] দণ্ড — বার মাসের মধ্যে অথবা পরবর্তী যে কোন সময়ে একশত বা ততোধিক টাকা মূল্যের কোম্পানীর সম্পত্তির কোন অংশ প্রতারণামূলক
10. <other_1429_s2_p4> [আয়কর আইন, ২০২৩, ধারা ২] সংজ্ঞা — পরবর্তী সেপ্টেম্বর মাসের পনেরোতম দিন;(গ) পূর্বে কখনোই রিটার্ন দাখিল করেন নাই এইরূপ স্বাভাবিক ব্যক্তি করদাতার ক",family_305_s7,own_search,answered,2,
prot_0126_02,Sarwad,VERIFY,আমরা মামলা করে কি ওই জায়গা পেতে পারি?,"1. <other_1066_s7খ> [বালুমহাল ও মাটি ব্যবস্থাপনা আইন, ২০১০, ধারা ৭খ] উত্তোলিত বালু রক্ষণাবেক্ষণে নিয়ন্ত্রণ আরোপ — এই আইনের অন্য কোনো ধারায় যাহা কিছুই থাকুক না কেন,-(ক)ইজারা গ্রহীতা কোনো ব্যক্তি বা প্রতিষ্ঠান উত্তোলিত বালু ব
2. <other_1107_s23> [টেকসই ও নবায়নযোগ্য জ্বালানি উন্নয়ন কর্তৃপক্ষ, ধারা ২৩] পরিদর্শনের ক্ষমতা — কর্তৃপক্ষ, এই আইনের উদ্দেশ্য পুরণকল্পে, ডেজিগনেটেড কঞ্জুমার এর কোন জায়গা পরিদর্শন করিতে পারিবে।
3. <other_791_s6ঙ> [বাংলাদেশ পরিবেশ সংরক্ষণ আইন, ১৯৯৫, ধারা ৬ঙ] আপাততঃ বলবৎ অন্য কোন আইনে যাহা কিছুই থাকুক না কেন, জলাধার হিসাবে চিহ্নিত জায়গা ভরাট বা অন্য কোনভাবে শ্রেণী পর
4. <other_1228_s46> [বিদ্যুৎ আইন, ২০১৮, ধারা ৪৬] তল্লাশি — (১) এই আইনের অধীন সংঘটিত অপরাধের ক্ষেত্রে লাইসেন্সির নিকট হইতে ক্ষমতাপ্রাপ্ত অন্যূন সহকারী প্রকৌশলী, সহকারী জে
5. <other_882_s38> [এসিড নিয়ন্ত্রণ আইন, ২০০২, ধারা ৩৮] অপরাধ সংঘটনে গৃহ বা যানবাহন ইত্যাদি ব্যবহার করিতে দেওয়ার দণ্ড — কোন ব্যক্তি যদি সজ্ঞানে এই আইনের অধীন কোন অপরাধ সংঘটনের জন্য তাহার মালিকানাধীন বা দখলীয় কোন বাড়ী-ঘর, জায়গা-
6. <other_1660_s14> [স্থানিক পরিকল্পনা আইন, ২০২৬, ধারা ১৪] প্রবেশ, ইত্যাদির ক্ষমতা — কর্তৃপক্ষ কর্তৃক ক্ষমতাপ্রাপ্ত যেকোনো ব্যক্তি এই আইন, বিধি বা এতদ্সংক্রান্ত কোনো আদেশ বা ইস্যুকৃত কোনো নির্দেশ
7. <other_847_s2> [মহানগরী, বিভাগীয় শহর ও জেলা শহরের পৌর এলাকাস, ধারা ২] সংজ্ঞা — বিষয় বা প্রসংগের পরিপন্থী কোন কিছু না থাকিলে, এই আইনে,-(ক) “উদ্যান” অর্থ মাষ্টার প্লানে বা ভূমি জরিপ নক্সায় 
8. <other_1158_s25> [ফরমালিন নিয়ন্ত্রণ আইন, ২০১৫, ধারা ২৫] অপরাধ সংঘটনে গৃহ বা যানবাহন, ইত্যাদি ব্যবহার করিতে দেওয়ার দণ্ড — কোন ব্যক্তি যদি জ্ঞাতসারে এই আইনের অধীন কোন অপরাধ সংঘটনের জন্য তাহার মালিকানাধীন বা দখলীয় কোন বাড়ি-ঘর, জায়গ
9. <other_847_s5> [মহানগরী, বিভাগীয় শহর ও জেলা শহরের পৌর এলাকাস, ধারা ৫] খেলার মাঠ, উন্মুক্ত স্থান, উদ্যান ও প্রাকৃতিক জলাধারের শ্রেণী পরিবর্তনে বাধা-নিষেধ — এই আইনের বিধান অনুযায়ী ব্যতীত, খেলার মাঠ, উন্মুক্ত স্থান, উদ্যান এবং প্রাকৃতিক জলাধার হিসাবে চিহ্নিত জায়গার 
10. <other_847_s6> [মহানগরী, বিভাগীয় শহর ও জেলা শহরের পৌর এলাকাস, ধারা ৬] জায়গার শ্রেণী পরিবর্তনের আবেদন, ইত্যাদি — (১) ধারা ৫-এ বর্ণিত কোন জায়গা বা জায়গার অংশবিশেষের শ্রেণী পরিবর্তন করার প্রয়োজন হইলে উক্ত জায়গার মালিক, প্",unanswerable,none,unanswerable,2,
prot_0065_03,Sarwad,VERIFY,"আমার বয়স ২২ বছর। আমি স্নাতক দ্বিতীয় বর্ষে পড়ছি। যার সঙ্গে সম্পর্ক, সে আমার দূরসম্পর্কের আত্মীয়। সম্পর্ক শুরু হয় ২০০৯ সালে। কিছুদিনের মধ্যে তা জানাজানি হয়ে যায়। তখনই বুঝতে পারি, আমার পরিবার কখনোই এই সম্পর্ক মেনে নেবে না। ওর বাড়ি থেকে বিয়ের চাপ আসতে থাকে। তাই আমরা দুজনে লুকিয়ে বিয়ের সিদ্ধান্ত নিই। বিয়ে হয় ২০১০ সালের সেপ্টেম্বর মাসে একটা কাজি অফিসে। কাজি আমাদের ৫০ টাকার দুটি স্ট্যাম্পে দুজনের সই করিয়ে এবং সই দিয়ে দেন। স্ট্যাম্পে কোর্টের সিল দেওয়া ও লেখা ছিল। কিন্তু কোনো কাবিননামা দেননি। কাগজ দুটি আমি ওর কাছে রেখে দিই। বিয়ের এক দিন পরেই জানাজানি হয়ে যায় এবং আমাকে বাড়ি থেকে বের করে দেয়। আমি ওদের বাসায় ওকে রেখে আসি এবং বলে আসি, কিছুদিনের মধ্যে একটা ব্যবস্থা হয়ে যাবে। এর চার-পাঁচ মাস পরে ওদের বাড়ি থেকে আমাকে চাপ দেয়, ওকে ওখান থেকে নিয়ে আসতে হবে। আমি কোনো কাজ করি না, তাই ওকে ওখানেই থাকতে বলি। কিন্তু ও রাজি হচ্ছে না বরং ওর কাছে যে কাগজ আছে, ওটা দিয়ে আমাকে মামলা করার হুমকি দিচ্ছে। আমার বাড়ি থেকে মামলার কথা শুনে আমাকে বলেছে, মামলা করলে ওকে তালাক দিতে হবে।তারা যদি মামলা করে, তাহলে কি আমি মামলা চলাকালীন ওকে তালাক দিতে পারব?নাম প্রকাশে অনিচ্ছুক","1. <other_1483_s7> [পরিত্যক্ত বাড়ি (সম্পূরক বিধানাবলি) আইন, ২০২৩, ধারা ৭] মামলা দায়েরে নিষেধাজ্ঞা, ইত্যাদি — (১) রাষ্ট্রপতির ১৯৭২ সনের ১৬ নং আদেশ বা এই আইনের অধীন কৃত, গৃহীত বা চলমান কোনো কার্যক্রম, সিদ্ধান্ত বা জারীকৃত
2. <other_1429_s126> [আয়কর আইন, ২০২৩, ধারা ১২৬] (১)Registration Act, 1908(Act No. XVI of 1908) এর অধীন কোনো ভূমি, স্থাপনা, বাড়ি, ফ্ল্যাট, অ্যাপার্টমেন্ট অথবা
3. <other_1490_s46> [অর্থ আইন, ২০২৪, ধারা ৪৬] ২০২৩ সনের ১২ নং আইনের ধারা ১২৬ এর প্রতিস্থাপন — উক্ত আইনের ধারা ১২৬ এর পরিবর্তে নিম্নরূপ ধারা ১২৬ প্রতিস্থাপিত হইবে, যথা:-“১২৬। ডেভেলপার বা রিয়েল এস্টেট ডেভে
4. <other_841_s76> [জেলা পরিষদ আইন, ২০০০, ধারা ৭৬] পরিষদের পক্ষে ও বিরুদ্ধে মামলা — (১) পরিষদের বিরুদ্ধে বা পরিষদ সংক্রান্ত কোন কাজের জন্য উহার কোন সদস্য বা কর্মকর্তা বা কর্মচারীর বিরুদ্ধে কোন ম
5. <other_724_s71> [রাংগামাটি পার্বত্য জেলা পরিষদ আইন, ১৯৮৯, ধারা ৭১] পরিষদের পক্ষে ও বিপক্ষে মামলা — (১) পরিষদের বিরুদ্ধে বা পরিষদ সংক্রান্ত কোন কাজের জন্য উহার কোন সদস্য বা কর্মকর্তা বা কর্মচারীর বিরুদ্ধে কোন ম
6. <other_726_s71> [বান্দরবান পার্বত্য জেলা পরিষদ আইন, ১৯৮৯, ধারা ৭১] পরিষদের পক্ষে ও বিপক্ষে মামলা — (১) পরিষদের বিরুদ্ধে বা পরিষদ সংক্রান্ত কোন কাজের জন্য উহার কোন সদস্য বা কর্মকর্তা বা কর্মচারীর বিরুদ্ধে কোন ম
7. <other_725_s71> [খাগড়াছড়ি পার্বত্য জেলা পরিষদ আইন, ১৯৮৯, ধারা ৭১] পরিষদের পক্ষে ও বিপক্ষে মামলা — (১) পরিষদের বিরুদ্ধে বা পরিষদ সংক্রান্ত কোন কাজের জন্য উহার কোন সদস্য বা কর্মকর্তা বা কর্মচারীর বিরুদ্ধে কোন ম
8. <local_government_827_s66> [উপজেলা পরিষদ আইন, ১৯৯৮, ধারা ৬৬] পরিষদের পক্ষে ও বিপক্ষে মামলা — (১) পরিষদের বিরুদ্ধে বা পরিষদ সংক্রান্ত কোন কাজের সূত্রে উহার কোন সদস্য বা কর্মকর্তা বা কর্মচারীর বিরুদ্ধে মাম
9. <land_1220_s15> [স্থাবর সম্পত্তি অধিগ্রহণ ও হুকুমদখল আইন, ২০১, ধারা ১৫] ঘর-বাড়ি অথবা ইমারতের আংশিক অধিগ্রহণ — (১) কোনো মালিক তাহার বাড়ি, কারখানা বা ভবনের সম্পূর্ণ অংশ অধিগ্রহণ করিতে হইবে মর্মে শর্ত আরোপ করিলে, সংশ্লিষ্ট
10. <labour_952_s216_p1> [বাংলাদেশ শ্রম আইন, ২০০৬, ধারা ২১৬] অপরাধ বিচার ছাড়া অন্য কোন বিষয়ে শ্রম আদালতের ক্ষমতা ওকার্যক্রম — বা আপত্তি পেশ করিতে ব্যর্থ হয়, তাহা হইলে মামলাটি একতরফা শুনানীক্রমে নিষ্পত্তি করা হইবে।(৬) কোন পক্ষের আবেদনক্","family_476_s3, family_305_s7",own_search,answered,2,
lawy_0361_01,Sarwad,VERIFY,নদী ভাঙন সিকস্তি ও চর জাগা পয়স্তি জমি কিভাবে ফিরে পাবেন,"1. <land_1455_s2_p0> [ভূমি সংস্কার আইন, ২০২৩, ধারা ২] সংজ্ঞা — বিষয় বা প্রসঙ্গের পরিপন্থি কোনো কিছু না থাকিলে, এই আইনে,-(১) ‘আপিল কর্তৃপক্ষ' অর্থ এই আইনের উদ্দেশ্য পূরণকল্প
2. <other_1066_s6> [বালুমহাল ও মাটি ব্যবস্থাপনা আইন, ২০১০, ধারা ৬] একক কর্তৃপক্ষ — (১) দেশের যে কোন চর এলাকা অথবা যে কোন স্থলভাগ হইতে বালু বা মাটি সরকার কর্তৃক ইজারা প্রদানের ক্ষেত্রে এবং সরকার
3. <other_1403_s3> [মোংলা বন্দর কর্তৃপক্ষ আইন, ২০২২, ধারা ৩] বন্দরের সীমানা — (১) এই আইনের উদ্দেশ্য পূরণকল্পে,Mongla Port Authority Ordinance, 1976(Ordinance No. LIII of 1976) এর অধীন নির্
4. <other_1404_s3> [চট্টগ্রাম বন্দর কর্তৃপক্ষ আইন, ২০২২, ধারা ৩] বন্দর সীমানা — (১) এই আইনের উদ্দেশ্য পূরণকল্পে,Chittagong Port Authority Ordinance, 1976(Ordinance No. LII of 1976) এর অধীন, 
5. <other_1122_s6> [জাতীয় নদী রক্ষা কমিশন আইন, ২০১৩, ধারা ৬] চেয়ারম্যান ও সদস্যগণের যোগ্যতা, ইত্যাদি — (১) জনপ্রশাসন, আইন, মানবাধিকার, নদী ব্যবস্থাপনা, নদী প্রকৌশল, নদী জরিপ বা পরিবেশ কার্যক্রমে উল্লেখযোগ্য অবদান 
6. <other_1122_s12> [জাতীয় নদী রক্ষা কমিশন আইন, ২০১৩, ধারা ১২] কমিশনের কার্যাবলি — কমিশন নিম্নবর্ণিত সকল বা যে কোন কার্যাবলি সম্পাদন করিবে, যথাঃ—(ক) নদীর সাথে সংশ্লিষ্ট সকল মন্ত্রণালয় বা বিভাগ
7. <other_722_s15> [পার্বত্য জেলাসমূহ (আইন রহিত ও প্রয়োগ এবং বিশ, ধারা ১৫] বসতবাড়ীর জন্য গ্রামীণ জমি দখল — (১) কোন পাহাড়ী ব্যক্তি পৌর এলাকা-বহির্ভূত অনধিক ত্রিশ শতাংশ পর্যন্ত খাস জমি তাহার নিজ বসতবাড়ীর জন্য হেডম্যান
8. <other_857_s45> [বাংলাদেশ টেলিযোগাযোগ নিয়ন্ত্রণ আইন, ২০০১, ধারা ৪৫] লাইসেন্সধারীর প্রয়োজনে বাধ্যতামূলকভাবে বেসরকারী জমি অধিগ্রহণ — (১) লাইসেন্সের অধীন কাজকর্ম সম্পাদন বা পরিচালনার জন্য প্রয়োজনীয় কোন জমি ব্যবহারের ক্ষেত্রে লাইসেন্সধারী বাধা
9. <other_1135_s19> [পায়রা বন্দর কর্তৃপক্ষ আইন, ২০১৩, ধারা ১৯] নদী ব্যবহার কর আরোপের ক্ষমতা — কর্তৃপক্ষ, সরকারের পূর্বানুমোদনক্রমে এবং সরকারি গেজেটে প্রজ্ঞাপন দ্বারা, বন্দর সীমানায় আগত সমুদ্রগামী জাহাজ হ
10. <other_845_s20> [জাতীয় গৃহায়ন কর্তৃপক্ষ আইন, ২০০০, ধারা ২০] জমি হুকুমদখল বা অধিগ্রহণ, ইত্যাদি — (১) কর্তৃপক্ষের কার্যাবলী সম্পাদনের জন্য কোন জমি প্রয়োজন হইলে উহা জনস্বার্থে প্রয়োজনীয় বলিয়া বিবেচিত হইবে ","other_1319_s2, other_1319_s3, land_241_s86_p0",own_search,answered,3,
ajke_0208_01,Sarwad,VERIFY,"প্রশ্ন: আমি বিবাহিত এবং একটি বেসরকারি প্রতিষ্ঠানে কর্মরত। আমার বড় ভাই আছেন। মা-বাবা মারা যাওয়ার পর বড় ভাইয়ের পরিবার আমার সঙ্গে যোগাযোগ করছে না। এমনকি বড় ভাই ফোন ধরেন না। আমার জানার বিষয় ছিল, বাবার সম্পত্তিতে আমি কত অংশ পাব? আমি কীভাবে এই সম্পত্তি পেতে পারি? নাবিলা, বগুড়া উওর: আপনার দাদা-দাদি জীবিত আছেন কি না, সেটা বলেননি। যদি দাদা-দাদি জীবিত না থাকেন, তাহলে বাবার সম্পত্তিতে আপনি তিন ভাগের এক ভাগ পাবেন। আর দাদা-দাদি জীবিত থাকলে আপনি পুরো সম্পত্তির ১৮ ভাগের ৪ ভাগ পাবেন। সম্পত্তি পাওয়ার জন্য নিজেদের মধ্যে আপস বণ্টন করে নিতে পারেন। সেটা সম্ভব না হলে বাঁটোয়ারা মোকদ্দমা করতে হবে। প্রশ্ন: মা-বাবা মারা যাওয়ার আগে আমাদের জায়গাজমি, ভিটেমাটি সমান অংশে ভাগ করে দিয়ে গেছেন। ভিটেমাটি ভাগ করার পর আমার বড় ভাই তাঁর এক সন্তান রেখে মারা যান। কয়েক মাস পর আমার ভাবি তাঁদের অংশে বাড়ি নির্মাণ করেন। কিন্তু তিনি এমনভাবে বাড়ি তৈরি করেছেন, তাতে আমার চলাচলে অসুবিধা হচ্ছে। চলাচলের জন্য তিনি রাস্তা দিচ্ছেন না। আমি একজন কর্মজীবী নারী। এখন কী করতে পারি? জমির অংশ পরিবর্তন করতে পারব কি?","1. <other_1349_s2> [আকাশপথে পরিবহণ (মন্ট্রিল কনভেনশন) আইন, ২০২০, ধারা ২] বিষয়বাপ্রসঙ্গেরপরিপন্থিকোনোকিছুনাথাকিলে,এইআইনে-(ক)‘অভ্যন্তরীণপরিবহণ’অর্থআকাশপথে পরিবহণেপক্ষসমূহেরমধ্যেসম্পাদি
2. <other_1682_s2_p0> [মানবদেহে অঙ্গ-প্রত্যঙ্গ সংযোজন আইন, ২০২৬, ধারা ২] সংজ্ঞা — বিষয় বা প্রসঙ্গের পরিপন্থি কোনো কিছু না থাকিলে, এই আইনে- (১) “অঙ্গ-প্রত্যঙ্গ” অর্থ মানবদেহের কিডনি, হৃৎপিণ্ড,
3. <land_1455_s10> [ভূমি সংস্কার আইন, ২০২৩, ধারা ১০] বর্গাদারের মৃত্যুর পর বর্গাভূমির চাষ — (১) কোনো বর্গাদার বর্গাচুক্তির মেয়াদ শেষ হইবার পূর্বে মারা গেলে, উহার মেয়াদ শেষ না হওয়া পর্যন্ত অথবা এই আইন
4. <labour_952_s2_p5> [বাংলাদেশ শ্রম আইন, ২০০৬, ধারা ২] সংজ্ঞাসমূহ — ব্যবহার করা হয় বা ব্যবহারযোগ্য, এবং কোন টাগ বা ফ্লাট এবং বার্জও ইহার অর্ন্তভুক্ত হইবে;(২৮) ""প্রশাসনিক শ্রমিক""
5. <labour_952_s49> [বাংলাদেশ শ্রম আইন, ২০০৬, ধারা ৪৯] 1 [***] মৃত্যুর ক্ষেত্রে প্রসূতি কল্যাণ সুবিধা প্রদান — (১) এই অধ্যায়ের অধীন প্রসূতি কল্যাণ সুবিধা পাওয়ার অধিকারী কোন মহিলা সন্ত্মান প্রসবকালে অথবা উহার পরবর্তী আট 
6. <other_1132_s5> [পিতা-মাতার ভরণ-পোষণ আইন, ২০১৩, ধারা ৫] পিতা-মাতার ভরণ-পোষণ না করিবার দণ্ড — (১) কোন সন্তান কর্তৃক ধারা ৩ এর যে কোন উপ-ধারার বিধান কিংবা ধারা ৪ এর বিধান লংঘন অপরাধ বলিয়া গণ্য হইবে এবং উক
7. <land_1220_s36> [স্থাবর সম্পত্তি অধিগ্রহণ ও হুকুমদখল আইন, ২০১, ধারা ৩৬] আরবিট্রেটর কর্তৃক ধার্যকৃত রোয়েদাদের বিরুদ্ধে আপিল — (১) আরবিট্রেটর কর্তৃক ধার্যকৃত ক্ষতিপূরণের রোয়েদাদের বিরুদ্ধে উপ-ধারা (২) অনুযায়ী গঠিত আরবিট্রেশন আপিলেট ট্র
8. <land_1220_s12> [স্থাবর সম্পত্তি অধিগ্রহণ ও হুকুমদখল আইন, ২০১, ধারা ১২] বর্গাদারকে ক্ষতিপূরণ প্রদান — এই আইনে যাহা কিছুই থাকুক না কেন, বর্গাদার কর্তৃক আবাদকৃত বিদ্যমান ফসলসহ কোনো স্থাবর সম্পত্তি অধিগ্রহণ করা হইলে
9. <other_1148_s2> [বাংলাদেশ সাংবাদিক কল্যাণ ট্রাস্ট আইন, ২০১৪, ধারা ২] সংজ্ঞা — বিষয় বা প্রসঙ্গের পরিপন্থী কোন কিছু না থাকিলে, এই আইনে-(১) ‘‘চেয়ারম্যান’’ অর্থ বোর্ডের চেয়ারম্যান;(২) ‘‘ট্র
10. <other_774_s6> [চিংড়ি চাষ অভিকর আইন, ১৯৯২, ধারা ৬] অভিকর প্রদানের দায়িত্ব — আপাততঃ বলবত্ অন্য কোন আইন, রীতিনীতি, প্রথা বা চুক্তিতে যাহাই থাকুক না কেন, প্রজ্ঞাপিত এলাকায় আরোপিত অভিকর সংশ","other_173_s2, other_49_s13_p1",own_search,answered,2,
prot_0100_02,Sarwad,VERIFY,১. “ক” তফসিলভুক্ত তালিকায় বিকল্প পদ্ধতিতে বিরোধ নিষ্পত্তির জন্য কোর্ট অব সিভিল প্রসিডিউর (সংশোধন) বিল ২০১২এবং অর্পিত সম্পত্তির দাবির সমর্থনে আবেদনের সময়সীমা বাড়াতে অর্পিত সম্পত্তি প্রত্যর্পণ (সংশোধন) বিল জাতীয় সংসদে পাস হয়েছে কি না?,"1. <land_856_s10_p0> [অর্পিত সম্পত্তি প্রত্যর্পণ আইন, ২০০১, ধারা ১০] 1 [প্রত্যর্পণযোগ্য] সম্পত্তি প্রত্যর্পণ বা অবমুক্তির আবেদন, রেজিষ্ট্রি, রায় ও রায়ের অনুলিপি — (১)38[ধারা ৯ এর অধীন গেজেটে প্রকাশিত ক তফসিলভুক্ত অর্পিত] সম্পত্তির মালিক উক্ত সম্পত্তি তাহার অনুকূলে প্রত্যর্
2. <land_856_s9> [অর্পিত সম্পত্তি প্রত্যর্পণ আইন, ২০০১, ধারা ৯] 1 [প্রত্যর্পণযোগ্য ]সম্পত্তির তালিকা প্রকাশ — 21[ (১) অর্পিত সম্পত্তি প্রত্যর্পণ (সংশোধন) আইন, ২০১১ কার্যকর হইবার22[ ৩০০ (তিনশত)] দিনের মধ্যে সরকার এই ধারার
3. <land_856_s28ক> [অর্পিত সম্পত্তি প্রত্যর্পণ আইন, ২০০১, ধারা ২৮ক] (১) অর্পিত সম্পত্তি প্রত্যর্পণ (দ্বিতীয় সংশোধন) আইন, ২০১৩ কার্যকর হইবার সঙ্গে সঙ্গে অর্পিত সম্পত্তি সম্পর্কিত
4. <land_856_s19> [অর্পিত সম্পত্তি প্রত্যর্পণ আইন, ২০০১, ধারা ১৯] (১) এই আইনের অধীনে আপীল আবেদনসমূহ নিস্পত্তির উদ্দেশ্যে সরকার, সরকারি গেজেটে প্রজ্ঞাপন দ্বারা, প্রত্যেক জেলার জ
5. <land_856_s6> [অর্পিত সম্পত্তি প্রত্যর্পণ আইন, ২০০১, ধারা ৬] কতিপয় সম্পত্তি 1 [প্রত্যর্পণযোগ্য সম্পত্তির তালিকায়] অন্তর্ভুক্তি নিষিদ্ধ — 13[প্রত্যর্পণযোগ্য সম্পত্তির তালিকায়] নিম্নবর্ণিত সম্পত্তি অন্তর্ভুক্ত করা যাইবে না, যথা:-(ক) কোন সম্পত্তি অর
6. <other_1476_s219> [কাস্টমস আইন, ২০২৩, ধারা ২১৯] বিকল্প বিরোধ নিষ্পত্তি সংক্রান্ত কার্যক্রম ও পদ্ধতি — বিকল্প বিরোধ নিষ্পত্তির উদ্দেশ্যে সহায়তাকারী নিয়োগ, বিরোধ নিষ্পত্তির জন্য আবেদন প্রক্রিয়া ও নিষ্পত্তি, নেগো
7. <other_1076_s76_p3> [অর্থ আইন, ২০১১, ধারা ৭৬] ১৯৯১ সনের ২২ নং আইনের ধারা ৪১ এর পর নুতন ধারা ৪১ক, ৪১খ, ৪১গ, ৪১ঘ, ৪১ঙ, ৪১চ, ৪১ছ, ৪১জ, ৪১ঝ, ৪১ঞ এবং ৪১ট এর সন্নিবেশ — মাধ্যমে প্রাপ্ত অনুমতি সাপেক্ষে যথাযথ কর্তৃপক্ষের নিকট বিকল্প পদ্ধতিতে বিরোধ নিষ্পত্তির জন্য আবেদন করিতে পারিব
8. <other_1718_s5> [অর্থ (২০২৫-২০২৬ অর্থ বৎসর) আইন, ২০২৬, ধারা ৫] ২০১২ সনের ৪৭ নং আইনের ধারা ৪৬ এর সংশোধন — উক্ত আইনের ধারা ৪৬ এর- (ক) উপ-ধারা (১) এর- (অ) দফা (গ) এ উল্লিখিত “চারটি কর মেয়াদের” শব্দগুলির পরিবর্তে “ছয়ট
9. <land_856_s5> [অর্পিত সম্পত্তি প্রত্যর্পণ আইন, ২০০১, ধারা ৫] মালিক, প্রমুখের নিকট প্রত্যর্পণযোগ্য সম্পত্তি প্রত্যর্পণ এবং ইহার ফলাফল — (১) এই আইনের বিধানাবলী অনুসারে প্রত্যর্পণযোগ্য সম্পত্তির তালিকায় অন্তর্ভুক্ত সম্পত্তি উহার মালিকের নিকট বা, ক
10. <other_1106_s125> [মূল্য সংযোজন কর ও সম্পূরক শুল্ক আইন, ২০১২, ধারা ১২৫] বিকল্প উপায়ে বিরোধ নিষ্পত্তি — (১) এই আইনের অন্য কোন বিধানে যাহা কিছুই থাকুক না কেন, কোন করদাতা নির্ধারিত পদ্ধতি, শর্ত বা সময়ে কোন বিরোধ বিক",unanswerable,none,unanswerable,2,
lawy_0420_01,Sarwad,VERIFY,তালাক হয়ে গেলে কিভাবে তালাক প্রত্যাহার ও পুনরায় সংসার গড়বেন,"1. <other_1472_s10> [বাংলাদেশ পেটেন্ট আইন, ২০২৩, ধারা ১০] পেটেন্ট আবেদন প্রত্যাহার ও পুনরায় আবেদন — (১) আবেদনকারী তৎকর্তৃক দাখিলকৃত আবেদনটি মঞ্জুর হইবার পূর্ব পর্যন্ত যে কোনো সময় প্রত্যাহার করিতে পারিবেন।(২) য
2. <other_924_s2> [ব্যক্তি মালিকানাধীন সড়ক পরিবহন শ্রমিক কল্যাণ, ধারা ২] সংজ্ঞা — বিষয় বা প্রসঙ্গের পরিপন্থী কিছু না থাকিলে, এই আইনে-(ক) “কল্যাণ তহবিল” অর্থ ধারা ৪ এর অধীন গঠিত কল্যাণ তহবিল;(
3. <other_1200_s22> [বাংলাদেশ নার্সিং ও মিডওয়াইফারি কাউন্সিল আইন,, ধারা ২২] নিবন্ধন বাতিল ও রেজিস্টার হইতে নাম প্রত্যাহার — (১) এই আইনের অধীন নিবন্ধিত কোন পেশাদার নার্স, মিডওয়াইফ বা সহযোগী পেশাজীবী এই আইন বা বিধির কোন বিধান বা প্রবিধ
4. <other_1065_s23> [বাংলাদেশ মেডিকেল ও ডেন্টাল কাউন্সিল আইন, ২০১, ধারা ২৩] নিবন্ধন বাতিল ও রেজিস্টার হইতে নাম প্রত্যাহার — (১) এই আইনের অধীন নিবন্ধিত কোন পেশাদার মেডিকেল চিকিৎসক, ডেন্টাল চিকিৎসক বা মেডিকেল সহকারী এই আইনের কোন বিধান ল
5. <other_943_s2> [বাংলাদেশ শ্রমিক কল্যাণ ফাউন্ডেশন আইন, ২০০৬, ধারা ২] সংজ্ঞা — বিষয় বা প্রসঙ্গের পরিপন্থী কিছু না থাকিলে, এই আইনে-(ক) “অপ্রাতিষ্ঠানিক খাত” অর্থ এইরূপ বেসরকারী খাত যেখানে কর
6. <other_912_s2> [বাংলাদেশ কর্মচারী কল্যাণ বোর্ড আইন, ২০০৪, ধারা ২] সংজ্ঞা — বিষয় বা প্রসংগের পরিপন্থী কোন কিছু না থাকিলে, এই আইনে,-(ক) “আঞ্চলিক কমিটি” অর্থ ধারা ৮ এর অধীন গঠিত বোর্ডের আ
7. <other_1375_s9> [শিশু দিবাযত্ন কেন্দ্র আইন, ২০২১, ধারা ৯] নিবন্ধন স্থগিত, বাতিল, ইত্যাদি — (১) নিবন্ধন কর্তৃপক্ষ, নিম্নবর্ণিত কোনো কারণে, নির্ধারিত পদ্ধতিতে তদন্ত ও শুনানির সুযোগ প্রদান সাপেক্ষে, কোনো 
8. <other_758_s8> [রাষ্ট্রপতি নির্বাচন আইন, ১৯৯১, ধারা ৮] প্রার্থিতা প্রত্যাহার — (১) প্রার্থীপদ প্রত্যাহারের জন্য নির্ধারিত দিনে ও সময়ের মধ্যে কোন প্রার্থী নির্বাচনী কর্তার নিকট স্বাক্ষরযুক্
9. <other_1427_s9> [হাট ও বাজার (স্থাপন ও ব্যবস্থাপনা) আইন, ২০২৩, ধারা ৯] হাট ও বাজারের পরিসীমার মধ্যকার বিনষ্টযোগ্য সম্পত্তি ব্যবস্থাপনা — হাট ও বাজারের পরিসীমার মধ্যে কোনো সরকারি সম্পত্তি যেমন-ভবন, গাছ, ইত্যাদি নষ্ট হইয়া গেলে অথবা প্রাকৃতিক কারণে 
10. <other_812_s17> [দেউলিয়া বিষয়ক আইন, ১৯৯৭, ধারা ১৭] আর্জি প্রত্যাহার — দেনাদার বা পাওনাদার যিনিই দাখিল করিয়া থাকেন, আদালতের অনুমতি ব্যতীত কোন আর্জি প্রত্যাহার করা যাইবে না।",family_305_s7,own_search,answered,3,
lawy_0432_01,Sarwad,VERIFY,"মুসলিম, হিন্দু, বৌদ্ধ, খ্রিষ্টান, নৃ-গোষ্ঠী ও হিজড়াদের উত্তরাধিকার- আইন কি বলে?","1. <land_1449_s2_p0> [ভূমি উন্নয়ন কর আইন, ২০২৩, ধারা ২] সংজ্ঞা — বিষয় বা প্রসঙ্গের পরিপন্থি কোনো কিছু না থাকিলে, এই আইনে,-(১) ‘অকৃষি ভূমি’ অর্থNon-Agricultural Tenancy Act, 1
2. <other_1715_s2_p8> [বন্যপ্রাণী (সংরক্ষণ ও নিরাপত্তা) আইন, ২০২৬, ধারা ২] সংজ্ঞা — প্রকৃতিতে বিপন্ন হইয়া পড়িবার সমূহ সম্ভাবনা রহিয়াছে; (৫৯) “ক্ষুদ্র নৃ-গোষ্ঠী” অর্থ ক্ষুদ্র নৃ-গোষ্ঠী সাংস্কৃ
3. <constitutional_957_s2ক> [গণপ্রজাতন্ত্রী বাংলাদেশের সংবিধান, অনুচ্ছেদ ২ক] প্রজাতন্ত্রের রাষ্ট্রধর্ম ইসলাম, তবে হিন্দু, বৌদ্ধ, খ্রীষ্টানসহ অন্যান্য ধর্ম পালনে রাষ্ট্র সমমর্যাদা ও সমঅধিক
4. <other_1043_s1> [ক্ষুদ্র নৃ-গোষ্ঠী সাংস্কৃতিক প্রতিষ্ঠান আইন,, ধারা ১] সংক্ষিপ্ত শিরোনাম ও প্রবর্তন — (১) এই আইনক্ষুদ্র নৃ-গোষ্ঠী সাংস্কৃতিক প্রতিষ্ঠান আইন, ২০১০নামে অভিহিত হইবে।(২) ইহা অবিলম্বে কার্যকর হইবে।
5. <other_1043_s2> [ক্ষুদ্র নৃ-গোষ্ঠী সাংস্কৃতিক প্রতিষ্ঠান আইন,, ধারা ২] সংজ্ঞা — -বিষয় বা প্রসঙ্গের পরিপন্থী কিছু না থাকিলে, এই আইনে-(১) ""তফসিল"" অর্থ এই আইনের তফসিল;(২) ""ক্ষুদ্র নৃ-গোষ্ঠী"" অ
6. <other_1043_s9> [ক্ষুদ্র নৃ-গোষ্ঠী সাংস্কৃতিক প্রতিষ্ঠান আইন,, ধারা ৯] ক্ষুদ্র নৃ-গোষ্ঠীর সাংস্কৃতিক প্রতিষ্ঠানের কার্যাবলী — প্রত্যেক ক্ষুদ্র নৃ-গোষ্ঠীর সাংস্কৃতিক প্রতিষ্ঠানের কার্যাবলী হইবে নিম্নরূপ, যথা :-(ক) সংশ্লিষ্ট অঞ্চলে বসবাসর
7. <constitutional_957_s23ক> [গণপ্রজাতন্ত্রী বাংলাদেশের সংবিধান, অনুচ্ছেদ ২৩ক] রাষ্ট্র বিভিন্ন উপজাতি, ক্ষুদ্র জাতিসত্তা, নৃ-গোষ্ঠী ও সম্প্রদায়ের অনন্য বৈশিষ্ট্যপূর্ণ আঞ্চলিক সংস্কৃতি এবং 
8. <other_1131_s6> [বৈদেশিক কর্মসংস্থান ও অভিবাসী আইন, ২০১৩, ধারা ৬] সমতা নীতির প্রয়োগ — এই আইনের অধীন বৈদেশিক কর্ম সংস্থানের উদ্দেশ্যে কর্মী নির্বাচন বা কর্মী প্রেরণ, অভিবাসী কর্মীর দেশে প্রত্যাগমন 
9. <family_1444_s26> [পারিবারিক আদালত আইন, ২০২৩, ধারা ২৬] মুসলিম পারিবারিক আইনের বিধানকে প্রভাবিত না করা — (১) এই আইনের কোনো কিছুই মুসলিম পরিবারিক আইন অথবা তদধীন প্রণীত বিধিমালার কোনো বিধানকে প্রভাবিত করিবে না।(২) যেক
10. <other_1236_s8> [বৌদ্ধ ধর্মীয় কল্যাণ ট্রাস্ট আইন, ২০১৮, ধারা ৮] ট্রাস্টের কার্যাবলি — ট্রাস্টের কার্যাবলি হইবে নিম্নরূপ, যথা :-(ক) বৌদ্ধ ধর্মীয় শিক্ষা ও সংস্কৃতির প্রচার ও প্রসারসহ বাংলাদেশে বসবা",unanswerable,none,unanswerable,3,
prot_0005_04,Sarwad,VERIFY,"কিন্তু দুজনের পরিবারই রাজি নয়। তাই আমরা দুজন-দুজনকে কলমা পড়িয়ে বিয়ে করেছি, বিয়ের সময় কোনো সাক্ষী ছিল না। শুধু আমরা দুজন দুজনকে পড়িয়েছি। আমরা এখন স্বামী-স্ত্রী হিসেবেই বসবাস করছি। আমাদের বিয়ে কি বৈধ হবে?","1. <labour_952_s98> [বাংলাদেশ শ্রম আইন, ২০০৬, ধারা ৯৮] সংবাদপত্র শ্রমিকের জন্য চিকিৎসা পরিচর্যা — প্রত্যেক সংবাদপত্র শ্রমিক এবং তাহার উপর নির্ভরশীলগণ সংবাদপত্র প্রতিষ্ঠানের খরচে বিধি দ্বারা নির্ধারিত পন্থায় 
2. <other_1429_s31> [আয়কর আইন, ২০২৩, ধারা ৩১] আয় একীভূতকরণ — (১) এই আইনে ভিন্নরূপ কিছু না থাকিলে, নিম্নবর্ণিত আয়সমূহ কোনো ব্যক্তির মোট আয়ের অন্তর্ভুক্ত হইবে, যথা:-(ক) উক
3. <other_1266_s2_p2> [বাংলাদেশ মুক্তিযোদ্ধা কল্যাণ ট্রাস্ট আইন, ২০, ধারা ২] সংজ্ঞা — জামায়াতে ইসলামী এবং তাহাদের সহযোগী রাজাকার, আলবদর, আলশামস বাহিনীর বিরুদ্ধে গণপ্রজাতন্ত্রী বাংলাদেশের স্বাধীনত
4. <labour_1285_s130> [বাংলাদেশ ইপিজেড শ্রম আইন, ২০১৯, ধারা ১৩০] সালিশ — (১) যদি মীমাংসা কার্যক্রম ব্যর্থ হয়, তাহা হইলে মীমাংসাকারী উভয়পক্ষকে বিরোধটি নিষ্পত্তির লক্ষ্যে উহা কোনো সাল
5. <other_1485_s9> [বাংলাদেশ পুলিশ কল্যাণ তহবিল আইন, ২০২৩, ধারা ৯] মৃত্যু এবং অক্ষমতাজনিত কারণে এককালীন এবং মাসিক কল্যাণ অনুদান — (১) কোনো কর্মচারী বা তাহার মৃত্যু হইলে তাহার স্ত্রী বা, ক্ষেত্রমত, স্বামী, বিধি দ্বারা নির্ধারিত পদ্ধতিতে, নিম
6. <land_1449_s2_p1> [ভূমি উন্নয়ন কর আইন, ২০২৩, ধারা ২] সংজ্ঞা — অর্থ শুধু কৃষিকার্য বা চাষাবাদ করিয়া জীবন ও জীবিকা নির্বাহ করিয়া থাকেন এইরূপ কোনো ব্যক্তি বা পরিবার;(৭) ‘কৃষ
7. <other_1173_s2> [বাংলাদেশ চা শ্রমিক কল্যাণ তহবিল আইন, ২০১৬, ধারা ২] সংজ্ঞা — বিষয় বা প্রসঙ্গের পরিপন্থী কোন কিছু না থাকিলে, এই আইনে,(১) ‘‘চেয়ারম্যান’’ অর্থ বোর্ডের চেয়ারম্যান;(২) ‘‘তহব
8. <other_1005_s8> [ভোটার তালিকা আইন, ২০০৯, ধারা ৮] অধিবাসী অর্থ — (১) অতঃপর ইহাতে ব্যবস্থিত বিধান ব্যতিরেকে, কোন ব্যক্তি সচরাচর যে নির্বাচনী এলাকায় বা ভোটার এলাকায় বসবাস করেন
9. <other_812_s32> [দেউলিয়া বিষয়ক আইন, ১৯৯৭, ধারা ৩২] অব্যাহতিপ্রাপ্ত সম্পত্তি — এই আইনের অন্য কোন বিধানে যাহা কিছুই থাকুক না কেন, একক দেনাদারের নিম্্নবর্ণিত সম্পত্তির দখল ২৩ ধারার অধীনে গ্রহ
10. <other_1138_s2> [গ্রামীণ ব্যাংক আইন, ২০১৩, ধারা ২] সংজ্ঞা — বিষয় বা প্রসংগের পরিপন্থি কোন কিছু না থাকিলে, এই আইনে,-1[(১) “ঋণ” অর্থ এইরূপ কোনো ব্যক্তির পক্ষে ব্যাংক কর্তৃ",other_173_s2,own_search,answered,1,
prot_0042_01,Sarwad,VERIFY,"আমি ২০০৭ সালে বিয়ে করি, তখন আমার স্ত্রী ছিল অপ্রাপ্তবয়স্ক। এ জন্য আমার এক পরিচিত উকিলের পরামর্শ নিই। তিনি আমাকে জানান, এখন বিয়ে করলে বাল্যবিবাহ হবে, এটা শাস্তিযোগ্য অপরাধ। তবে বিয়ে নিবন্ধন হলে তা বাতিল হবে না।যেহেতু বাতিল হবে না, তাই আমরা বিয়ে করি। এর পর থেকে আমরা গোপনে দাম্পত্য জীবনযাপন করতে থাকি। বছর দুয়েক পর বিষয়টি জানাজানি হয় এবং আমার স্ত্রীকে তার অভিভাবকেরা তালাক দেওয়ার জন্য শারীরিক ও মানসিক নির্যাতন শুরু করে। ২০০৯ সালে সে আমাকে একটি তালাকের নোটিশ পাঠায় ও আমার সঙ্গে যোগাযোগ বন্ধ করে দেয়। আমি তালাকের নোটিশ নিয়ে আমার পরিচিত সেই উকিলের কাছে গেলে তিনি আমাকে বলেন, ‘কাবিনের ১৮ নম্বর কলামের শর্ত অনুযায়ী আপনার স্ত্রীকে তালাকের ক্ষমতা প্রদান করা হয়নি। তাই আমি যদি রাজি না থাকি, তাহলে তালাক কার্যকর করা যাবে না। এ ক্ষেত্রে আপনার স্ত্রীকে তালাকের জন্য আদালতে মামলা করতে হবে।’আমার প্রশ্ন, আদৌ তালাক হয়েছে কি না? ভবিষ্যতে তার আমাকে স্বামী হিসেবে দাবি করার আইনি অধিকার আছে কি না? যেহেতু তার সঙ্গে সম্পর্ক নেই, তাই আমি এখনই আবার বিয়ে করতে পারি কি না?নাম প্রকাশে অনিচ্ছুক","1. <family_1444_s26> [পারিবারিক আদালত আইন, ২০২৩, ধারা ২৬] মুসলিম পারিবারিক আইনের বিধানকে প্রভাবিত না করা — (১) এই আইনের কোনো কিছুই মুসলিম পরিবারিক আইন অথবা তদধীন প্রণীত বিধিমালার কোনো বিধানকে প্রভাবিত করিবে না।(২) যেক
2. <other_1287_s22> [উদ্ভিদের জাত সংরক্ষণ আইন, ২০১৯, ধারা ২২] প্রজননবিদের অধিকারের মেয়াদ, অধিকার স্থগিত, বাতিল, ইত্যাদি — (১) ধারা ২১ এরউপ-ধারা (১) অনুযায়ী সংরক্ষিত জাত ব্যবহারের জন্য সংশ্লিষ্ট প্রজননবিদের অনুমোদন গ্রহণের মেয়াদ হই
3. <other_1478_s7> [ফাইন্যান্স কোম্পানি আইন, ২০২৩, ধারা ৭] লাইসেন্স বাতিলকরণ — (১) ধারা ৪ এর অধীন প্রদত্ত লাইসেন্স বাংলাদেশ ব্যাংক নিম্নবর্ণিত কারণে বাতিল করিতে পারিবে, যথা:-(ক) লাইসেন্সের 
4. <other_1429_s31> [আয়কর আইন, ২০২৩, ধারা ৩১] আয় একীভূতকরণ — (১) এই আইনে ভিন্নরূপ কিছু না থাকিলে, নিম্নবর্ণিত আয়সমূহ কোনো ব্যক্তির মোট আয়ের অন্তর্ভুক্ত হইবে, যথা:-(ক) উক
5. <consumer_1447_s25> [ঔষধ ও কসমেটিকস্ আইন, ২০২৩, ধারা ২৫] নিবন্ধন বাতিল অথবা সাময়িকভাবে স্থগিতকরণ — (১) লাইসেন্সিং কর্তৃপক্ষ, ঔষধ নিয়ন্ত্রণ কমিটির সুপারিশের ভিত্তিতে, যে কোনো ঔষধের নিবন্ধন বাতিল করিতে পারিবে।(
6. <other_850_s46> [সালিস আইন, ২০০১, ধারা ৪৬] বিদেশী সালিসী রোয়েদাদ বাস্তবায়ন অস্বীকৃতির কারণসমূহ — (১) কেবলমাত্র নিম্নোক্ত কারণে বিদেশী সালিসী রোয়েদাদ কার্যকর করিতে অস্বীকার করা যাইতে পারে, যথা:-(ক) যে পক্ষের
7. <other_1246_s204> [ক্যান্টনমেন্ট আইন, ২০১৮, ধারা ২০৪] মামলার নোটিশ প্রদান — (১) কোনো ব্যক্তি বোর্ডের কোনো আদেশ দ্বারা সংক্ষুব্ধ হইয়া কোনো দেওয়ানি মামলা দায়ের করিতে চাহিলে, তিনি তামাদি
8. <women_children_1063_s3> [পারিবারিক সহিংসতা (প্রতিরোধ ও সুরক্ষা) আইন, , ধারা ৩] পারিবারিক সহিংসতা — - এই আইনের উদ্দেশ্য পূরণকল্পে পারিবারিক সহিংসতা বলিতে পারিবারিক সম্পর্ক রহিয়াছে এমন কোন ব্যক্তি কতৃর্ক পরিবার
9. <other_1246_s69> [ক্যান্টনমেন্ট আইন, ২০১৮, ধারা ৬৯] যে অবস্থার প্রেক্ষিতে কর মওকুফ বা প্রত্যর্পণ দাবি করা হইয়াছে তৎসম্পর্কিত নোটিশ প্রদান — ধারা ৬৭ বা ধারা ৬৮ এর অধীন কোনো মওকুফ বা প্রত্যর্পণ করা হইবে না, যদি না উক্ত ইমারত, ভূমি বা ইমারতের পৃথক ফ্ল্য
10. <other_1483_s7> [পরিত্যক্ত বাড়ি (সম্পূরক বিধানাবলি) আইন, ২০২৩, ধারা ৭] মামলা দায়েরে নিষেধাজ্ঞা, ইত্যাদি — (১) রাষ্ট্রপতির ১৯৭২ সনের ১৬ নং আদেশ বা এই আইনের অধীন কৃত, গৃহীত বা চলমান কোনো কার্যক্রম, সিদ্ধান্ত বা জারীকৃত","family_305_s7, family_305_s8, women_children_1207_s7",own_search,answered,3,
prot_0034_03,Sarwad,VERIFY,"আমি একজন শিক্ষিকা। বিয়ে হয়েছে ২০০৩-এ। ২০০৭-এ সন্তান হয়েছে। আমার স্বামী দীর্ঘদিন ধরে বিশ্ববিদ্যালয়ের পড়াশোনা শেষ করার চেষ্টা করছেন। তিনি কিছু ছাত্র পড়ান, কোনো চাকরি করেন না। একসময় তিনি বললেন, বাড়িতে নাকি তাঁর পড়া হচ্ছে না। এ জন্য তিনি চলে যান মেসে। এ বছর হঠাত্ একদিন এসে বলেন, আমাকে তালাক দেবেন। খোঁজ নিয়ে শুনি তিনি অন্য এক মেয়ের সঙ্গে প্রেম করছেন। তিনি এখন বলে বেড়াচ্ছেন আমার সন্তান নাকি তাঁর নয়। ১০ বছর সংসার করার পর আজ শুনি এই কথা! প্রেম ও বিয়ে করলাম দুজনের মতে আর তালাক কেন একজনের মতে হবে? এর কি কোনো শাস্তি নেই?","1. <other_924_s2> [ব্যক্তি মালিকানাধীন সড়ক পরিবহন শ্রমিক কল্যাণ, ধারা ২] সংজ্ঞা — বিষয় বা প্রসঙ্গের পরিপন্থী কিছু না থাকিলে, এই আইনে-(ক) “কল্যাণ তহবিল” অর্থ ধারা ৪ এর অধীন গঠিত কল্যাণ তহবিল;(
2. <other_1266_s2_p3> [বাংলাদেশ মুক্তিযোদ্ধা কল্যাণ ট্রাস্ট আইন, ২০, ধারা ২] সংজ্ঞা — বা স্বামী এবং পিতা-মাতার অবর্তমানে খেতাবপ্রাপ্ত বীর মুক্তিযোদ্ধার সন্তান; বা(উ) (অ)-(ঈ) পর্যন্ত বর্ণিত ব্যক্তি
3. <other_829_s15> [ডিপজিটরি আইন, ১৯৯৯, ধারা ১৫] শাস্তি — (১) কোন ব্যক্তি এই আইনের কোন বিধান লংঘন করিলে বা করার চেষ্টা করিলে বা করিতে সাহায্য করিলে তিনি অনধিক পাঁচ বত্স
4. <other_943_s2> [বাংলাদেশ শ্রমিক কল্যাণ ফাউন্ডেশন আইন, ২০০৬, ধারা ২] সংজ্ঞা — বিষয় বা প্রসঙ্গের পরিপন্থী কিছু না থাকিলে, এই আইনে-(ক) “অপ্রাতিষ্ঠানিক খাত” অর্থ এইরূপ বেসরকারী খাত যেখানে কর
5. <labour_952_s36> [বাংলাদেশ শ্রম আইন, ২০০৬, ধারা ৩৬] যদি কোন ব্যক্তি শিশু নাকি কিশোর এ সম্পর্কে কোন প্রশ্ন উত্থাপিত হয়, তাহা হইলে উক্ত ব্যক্তির জন্ম নিবন্ধন সনদ, 
6. <other_1446_s2> [সরকারি প্রাথমিক বিদ্যালয় শিক্ষক কল্যাণ ট্রাস, ধারা ২] সংজ্ঞা — বিষয় বা প্রসঙ্গের পরিপন্থি কোনো কিছু না থাকিলে, এই আইনে,-(১) “র্কমচারী” অর্থে কর্মকর্তাও অন্তর্ভুক্ত হইবে;(২)
7. <labour_1285_s34> [বাংলাদেশ ইপিজেড শ্রম আইন, ২০১৯, ধারা ৩৪] কতিপয় ক্ষেত্রে মহিলা শ্রমিকের চাকরির অবসানে বাধা — যদি কোনো মহিলা শ্রমিকের সন্তান প্রসবের পূর্ববর্তী ৬ (ছয়) মাস এবং সন্তান প্রসবের পরবর্তী ৮ (আট) সপ্তাহ মেয়াদে
8. <other_1418_s21_p2> [বাংলাদেশ সুপ্রীম কোর্টের বিচারক (ছুটি, পেনশন, ধারা ২১] আনুতোষিক ও পারিবারিক পেনশন — হিসাবে প্রাপ্য হইতেন।(৩) কোনো বিচারক, অবসর গ্রহণের পর তাহার গ্রস-পেনশনের সম্পূর্ণ অংশ সমর্পণ করিতে পারিবেন এবং
9. <other_1132_s3> [পিতা-মাতার ভরণ-পোষণ আইন, ২০১৩, ধারা ৩] পিতা-মাতার ভরণ-পোষণ — (১) প্রত্যেক সন্তানকে তাহার পিতা-মাতার ভরণ-পোষণ নিশ্চিত করিতে হইবে।(২) কোন পিতা-মাতার একাধিক সন্তান থাকিলে সেই
10. <labour_1285_s33> [বাংলাদেশ ইপিজেড শ্রম আইন, ২০১৯, ধারা ৩৩] মহিলা শ্রমিকের মৃত্যুর ক্ষেত্রে প্রসূতি কল্যাণ সুবিধা প্রদান — (১) এই অধ্যায়ের অধীন প্রসূতি কল্যাণ সুবিধা পাইবার অধিকারী কোনো মহিলা শ্রমিক সন্তান প্রসবকালে অথবা উহার পরবর্ত","other_24_s112, family_305_s7, criminal_procedure_11_s497",own_search,answered,2,
prot_0002_01,Sarwad,VERIFY,আমি কলকাতার একটি হিন্দু মেয়েকে বিয়ে করতে যাচ্ছি। তার এবং আমার—দুই পরিবারই রাজি। ধর্ম পরিবর্তন করে মেয়েটি ইসলাম ধর্ম গ্রহণ করার জন্য প্রস্তুত। এখন আমরা কীভাবে এই বিয়ের কাজটি সম্পন্ন করতে পারি? বিয়ের পর সে বাংলাদেশেই থাকতে চায়। নাম প্রকাশে অনিচ্ছুক,"1. <constitutional_957_s2ক> [গণপ্রজাতন্ত্রী বাংলাদেশের সংবিধান, অনুচ্ছেদ ২ক] প্রজাতন্ত্রের রাষ্ট্রধর্ম ইসলাম, তবে হিন্দু, বৌদ্ধ, খ্রীষ্টানসহ অন্যান্য ধর্ম পালনে রাষ্ট্র সমমর্যাদা ও সমঅধিক
2. <family_1105_s6> [হিন্দু বিবাহ নিবন্ধন আইন, ২০১২, ধারা ৬] বিবাহ নিবন্ধিকরণ পদ্ধতি — (১) হিন্দু ধর্ম, রীতি-নীতি ও আচার-অনুষ্ঠান অনুযায়ী হিন্দু বিবাহ সম্পন্ন হওয়ার পর উক্ত বিবাহের দালিলিক প্রমাণ
3. <other_770_s8> [বাংলাদেশ উন্মুক্ত বিশ্ববিদ্যালয় আইন, ১৯৯২, ধারা ৮] জাতি-ধর্ম-নির্বিশেষে সকলের জন্য বিশ্ববিদ্যালয় উন্মুক্ত — (১) যে কোন জাতি, ধর্ম, বর্ণ, গোত্র ও শ্রেণীর পুরুষ ও মহিলার জন্য বিশ্ববিদ্যালয় উন্মুক্ত থাকিবে।(২) উপ-ধারা (১
4. <other_865_s5> [হাজী মোহাম্মদ দানেশ বিজ্ঞান ও প্রযুক্তি বিশ্, ধারা ৫] জাতি-ধর্ম-ধর্ম নির্বিশেষে সকলের জন্য বিশ্ববিদ্যালয় উন্মুক্ত — যে কোন জাতি, ধর্ম, বর্ণ, গোত্র এবং শ্রেণীর পুরুষ ও নারীর জন্য বিশ্ববিদ্যালয় উন্মুক্ত থাকিবে।
5. <other_954_s5> [বরিশাল বিশ্ববিদ্যালয়  আইন, ২০০৬, ধারা ৫] জাতি-ধর্ম নির্বিশেষে সকলের জন্য বিশ্ববিদ্যালয় উন্মুক্ত — যে কোন ধর্ম, বর্ণ, গোত্র এবং শ্রেণীর পুরম্্নষ ও নারীর জন্য বিশ্ববিদ্যালয় উন্মুক্ত থাকিবে এবং ধর্ম, বর্ণ, গোত্
6. <other_937_s5> [জাতীয় কবি কাজী নজরুল ইসলাম বিশ্ববিদ্যালয় আইন, ধারা ৫] জাতি-ধর্ম নির্বিশেষে সকলের জন্য বিশ্ববিদ্যালয় উন্মুক্ত — যে কোন ধর্ম, বর্ণ, গোত্র এবং শ্রেণীর পুরুষ ও নারীর জন্য বিশ্ববিদ্যালয় উন্মুক্ত থাকিবে এবং ধর্ম, বর্ণ, গোত্র, 
7. <other_946_s5> [চট্টগ্রাম ভেটেরিনারি ও এনিম্যাল সাইন্সেস বিশ, ধারা ৫] জাতি-ধর্ম নির্বিশেষে সকলের জন্য বিশ্ববিদ্যালয় উন্মুক্ত — যে কোন জাতি, ধর্ম, বর্ণ, গোত্র এবং শ্রেণীর পুরুষ ও নারীর জন্য বিশ্ববিদ্যালয় উন্মুক্ত থাকিবে এবং ধর্ম, বর্ণ, গ
8. <other_936_s5> [কুমিল্লা বিশ্ববিদ্যালয় আইন, ২০০৬, ধারা ৫] জাতি-ধর্ম নির্বিশেষে সকলের জন্য বিশ্ববিদ্যালয় উন্মুক্ত — যে কোন ধর্ম, বর্ণ, গোত্র এবং শ্রেণীর পুরুষ ও নারীর জন্য বিশ্ববিদ্যালয় উন্মুক্ত থাকিবে এবং ধর্ম, বর্ণ, গোত্র, 
9. <other_909_s5> [খুলনা প্রকৌশল ও প্রযুক্তি বিশ্ববিদ্যালয় আইন,, ধারা ৫] জাতি-ধর্ম নির্বিশেষে সকলের জন্য বিশ্ববিদ্যালয় উন্মুক্ত — যে কোন জাতি, ধর্ম, বর্ণ, গোত্র এবং শ্রেণীর পুরুষ ও নারীর জন্য বিশ্ববিদ্যালয় উন্মুক্ত থাকিবে এবং ধর্ম, বর্ণ, গ
10. <other_953_s5> [রংপুর কারমাইকেল বিশ্ববিদ্যালয় আইন, ২০০৬, ধারা ৫] জাতি-ধর্ম নির্বিশেষে সকলের জন্য বিশ্ববিদ্যালয় উন্মুক্ত — যে কোন ধর্ম, বর্ণ, গোত্র এবং শ্রেণীর পুরুষ ও নারীর জন্য বিশ্ববিদ্যালয় উন্মুক্ত থাকিবে এবং ধর্ম, বর্ণ, গোত্র, ","other_25_s2, other_25_s11",own_search,answered,2,
prot_0086_03,Sarwad,VERIFY,"২০০১ সালে আমি সরকারি চাকরিজীবী তালাকপ্রাপ্ত একজন মহিলাকে রেজিস্ট্রির মাধ্যমে বিয়ে করি। আমাদের বিবাহিত জীবনে কোনো সন্তান হয়নি। স্ত্রীর আগের স্বামীর ঘরে এক মেয়ে আছে এবং ওই মেয়ের বাবা অর্থাত্ আমার স্ত্রীর আগের স্বামী জীবিত। তার মেয়েটি বিবাহিত ও দুই সন্তানের জননী। গত বছর আমার স্ত্রী অসুস্থজনিত কারণে মারা যান। মারা যাওয়ার তিন/চার মাস আগেই আমার অজান্তে তার গ্রাচুইটি, পেনশন, ডিপিএস ও স্থাবর-অস্থাবর সম্পত্তি নমিনি হিসেবে তার মেয়েকে নির্ধারণ করে যান। আমি বেঁচে থাকা অবস্থায় এই নমিনি আইনগতভাবে কতটুকু কার্যকর? নূরুল ইসলাম ময়মনসিংহ","1. <other_1413_s18> [সরকারি ঋণ আইন, ২০২২, ধারা ১৮] ধারকের মৃত্যুর পর সরকারি সিকিউরিটি বা জাতীয় সঞ্চয় স্কীমের আওতায় ইস্যুকৃত সার্টিফিকেটের অর্থ প্রদান — (১) সরকারি সিকিউরিটি বা জাতীয় সঞ্চয় স্কীমের আওতায় ইস্যুকৃত সার্টিফিকেটের ধারক নমিনি প্রদানপূর্বক মৃত্যুবরণ 
2. <consumer_1010_s92> [ট্রেডমার্ক আইন, ২০০৯, ধারা ৯২] মামলার কোন পক্ষের মৃত্যু — যদি এই আইনের অধীন কোন কার্যধারা বিচারাধীন থাকা অবস্থায় কোন পক্ষ মারা যান, তাহা হইলে নিবন্ধক সংশ্লিষ্ট কোন পক্
3. <other_1266_s2_p2> [বাংলাদেশ মুক্তিযোদ্ধা কল্যাণ ট্রাস্ট আইন, ২০, ধারা ২] সংজ্ঞা — জামায়াতে ইসলামী এবং তাহাদের সহযোগী রাজাকার, আলবদর, আলশামস বাহিনীর বিরুদ্ধে গণপ্রজাতন্ত্রী বাংলাদেশের স্বাধীনত
4. <other_1429_s31> [আয়কর আইন, ২০২৩, ধারা ৩১] আয় একীভূতকরণ — (১) এই আইনে ভিন্নরূপ কিছু না থাকিলে, নিম্নবর্ণিত আয়সমূহ কোনো ব্যক্তির মোট আয়ের অন্তর্ভুক্ত হইবে, যথা:-(ক) উক
5. <other_1413_s17> [সরকারি ঋণ আইন, ২০২২, ধারা ১৭] ধারক কর্তৃক নমিনি মনোনয়ন প্রদান — (১) আপাতত বলবৎ অন্য কোনো আইনে ভিন্নরূপ যাহা কিছুই থাকুক না কেন,-(ক) সরকারি সিকিউরিটি বা জাতীয় সঞ্চয় স্কীমের 
6. <other_822_s10> [পার্বত্য চট্টগ্রাম আঞ্চলিক পরিষদ আইন, ১৯৯৮, ধারা ১০] সম্পত্তি সম্পর্কিত ঘোষণা — চেয়ারম্যান ও প্রত্যেক সদস্য তাহার কার্যভার গ্রহণের পূর্বে তাহার এবং তাঁহার পরিবারের কোন সদস্যের স্বত্ব, দখল ব
7. <other_1418_s21_p1> [বাংলাদেশ সুপ্রীম কোর্টের বিচারক (ছুটি, পেনশন, ধারা ২১] আনুতোষিক ও পারিবারিক পেনশন — পেনশন।(২) উপ-ধারা (৪) ও (৫) এর বিধানাবলি সাপেক্ষে, যদি-(ক) কোনো বিচারক, যাহার ক্ষেত্রে ধারা ১৪ এর দফা (ক) এর ব
8. <other_1156_s25> [মেট্রোরেল আইন, ২০১৫, ধারা ২৫] ক্ষতিপূরণ প্রদান — মেট্রোরেল পরিচালনাকালে উহা হইতে উদ্ভূত দুর্ঘটনার ফলে যদি কোন ব্যক্তি আঘাতপ্রাপ্ত বা ক্ষতিগ্রস্ত হন বা আঘাতপ্রা
9. <local_government_1027_s41> [স্থানীয় সরকার (ইউনিয়ন পরিষদ) আইন, ২০০৯, ধারা ৪১] সম্পত্তি সম্পর্কিত ঘোষণা — চেয়ারম্যান ও সদস্য তাঁহার কার্যভার গ্রহণের পূর্বে তাঁহার এবং তাঁহার পরিবারের কোন সদস্যের স্বত্ব, দখল বা স্বার
10. <other_1201_s27> [বাস র‍্যাপিড ট্রানজিট (বিআরটি) আইন, ২০১৬, ধারা ২৭] ক্ষতিপূরণ প্রদান — বিআরটি পরিচালনাকালে উহা হইতে উদ্ভূত দুর্ঘটনার ফলে যদি কোনো ব্যক্তি আঘাতপ্রাপ্ত বা ক্ষতিগ্রস্ত হন বা আঘাতপ্রাপ্",other_751_s103,own_search,answered,3,
prot_0096_03,Sarwad,,"আমার নানা মারা যাওয়ার আগে আমার মা মারা যান, আমি কি আমার নানার সম্পতি পাব? ফয়সাল আহমেদ","1. <other_1156_s25> [মেট্রোরেল আইন, ২০১৫, ধারা ২৫] ক্ষতিপূরণ প্রদান — মেট্রোরেল পরিচালনাকালে উহা হইতে উদ্ভূত দুর্ঘটনার ফলে যদি কোন ব্যক্তি আঘাতপ্রাপ্ত বা ক্ষতিগ্রস্ত হন বা আঘাতপ্রা
2. <other_1201_s27> [বাস র‍্যাপিড ট্রানজিট (বিআরটি) আইন, ২০১৬, ধারা ২৭] ক্ষতিপূরণ প্রদান — বিআরটি পরিচালনাকালে উহা হইতে উদ্ভূত দুর্ঘটনার ফলে যদি কোনো ব্যক্তি আঘাতপ্রাপ্ত বা ক্ষতিগ্রস্ত হন বা আঘাতপ্রাপ্
3. <consumer_1010_s92> [ট্রেডমার্ক আইন, ২০০৯, ধারা ৯২] মামলার কোন পক্ষের মৃত্যু — যদি এই আইনের অধীন কোন কার্যধারা বিচারাধীন থাকা অবস্থায় কোন পক্ষ মারা যান, তাহা হইলে নিবন্ধক সংশ্লিষ্ট কোন পক্
4. <land_1455_s10> [ভূমি সংস্কার আইন, ২০২৩, ধারা ১০] বর্গাদারের মৃত্যুর পর বর্গাভূমির চাষ — (১) কোনো বর্গাদার বর্গাচুক্তির মেয়াদ শেষ হইবার পূর্বে মারা গেলে, উহার মেয়াদ শেষ না হওয়া পর্যন্ত অথবা এই আইন
5. <labour_952_s157> [বাংলাদেশ শ্রম আইন, ২০০৬, ধারা ১৫৭] নোটিশ ও দাবী — (১) কোন শ্রম আদালত ৰতিপূরণের কোন দাবী বিবেচনায় আনিবে না যদি না দুর্ঘটনা ঘটিবার পর যতশীঘ্র সম্ভব এতদ্নিম্নে বর
6. <labour_1285_s33> [বাংলাদেশ ইপিজেড শ্রম আইন, ২০১৯, ধারা ৩৩] মহিলা শ্রমিকের মৃত্যুর ক্ষেত্রে প্রসূতি কল্যাণ সুবিধা প্রদান — (১) এই অধ্যায়ের অধীন প্রসূতি কল্যাণ সুবিধা পাইবার অধিকারী কোনো মহিলা শ্রমিক সন্তান প্রসবকালে অথবা উহার পরবর্ত
7. <other_1725_s21_p29> [অর্থ আইন, ২০২৬, ধারা ২১] ২০১২ সনের ৪৭ নং আইনের দ্বিতীয় তফসিলের সংশোধন — ডলার পর্যন্ত ৪৫ (ঘ) মূল্যসীমা ১০০০০০ মা. ডলার এর ঊর্ধ্ব হইতে ২০০০০০ মা. ডলার পর্যন্ত ৬০ (ঙ) মূল্যসীমা ২০০০০০ ম
8. <labour_952_s49> [বাংলাদেশ শ্রম আইন, ২০০৬, ধারা ৪৯] 1 [***] মৃত্যুর ক্ষেত্রে প্রসূতি কল্যাণ সুবিধা প্রদান — (১) এই অধ্যায়ের অধীন প্রসূতি কল্যাণ সুবিধা পাওয়ার অধিকারী কোন মহিলা সন্ত্মান প্রসবকালে অথবা উহার পরবর্তী আট 
9. <other_1037_s144> [বীমা আইন, ২০১০, ধারা ১৪৪] দলিলাদি স্বাক্ষর৷ — এই আইন বা ইহার অধীন প্রণীত বিধি অনুয়ায়ী কর্তৃপক্ষের চেয়ারম্যান বা তাহার অধীনস্থ কোন ব্যক্তি বা ধারা ১২৫ এর 
10. <labour_952_s160_p1> [বাংলাদেশ শ্রম আইন, ২০০৬, ধারা ১৬০] চিকিৎসা পরীক্ষা — অস্বীকৃতির ৰেত্রে, নিজেকে উক্তরূপ হাজির করার ব্যাপারে তিনি পর্যাপ্ত কারণ দ্বারা বাধাপ্রাপ্ত হইয়া থাকেন।(৬) যদ",family_305_s4,own_search,answered,3,Sorup
prot_0046_04,Sarwad,,"ছয় মাস আগে একটি ছেলের সঙ্গে মাত্র ১১ দিনের পরিচয়ে গোপনে বিয়ে হয়। আবেগের বশবর্তী হয়েই এ কাজটি করি। আমাদের বিয়ের ব্যাপারটা জানাজানি হলে আমার মা-বাবা আমাকে শ্বশুরবাড়ি পাঠিয়ে দেন। কিন্তু শ্বশুরবাড়ির লোকজন আমাকে নানাভাবে মানসিক অত্যাচার করে। মাস দুয়েক যেতে না-যেতেই আমি জানতে পারি, আমার স্বামীর বিয়ের আগে অনেক মেয়ের সঙ্গে শারীরিক সম্পর্ক ছিল। সে যে আমার শরীরটাকে ভালোবেসে আমাকে বিয়ে করেছিল, এ কথা সে নিজের মুখে স্বীকার করেছে। রাগ করে আমি তাকে মৌখিকভাবে তালাক দিয়ে বাবার বাসায় চলে আসি। তাকে আইনগতভাবে তালাক দিলে কি আমি দেনমোহরের টাকা পাব? তালাক দেওয়ার কথা সে ফোনে রেকর্ড করে রেখেছে। তার ধারণা, আমি তালাক দিলে তাকে আর দেনমোহরের টাকা পরিশোধ করতে হবে না। নাম প্রকাশে অনিচ্ছুক","1. <criminal_procedure_1013_s98> [বরিশাল মহানগরী পুলিশ আইন, ২০০৯, ধারা ৯৮] রাস্তায় গবাদি পশু ছাড়িয়া দেওয়ার অথবা কাহারও সম্পত্তিতে অনধিকার প্রবেশ করিতে দেওয়ার দণ্ড — কোন ব্যক্তি নিজের অথবা স্বীয় দায়িত্বহীন গবাদি পশু রাস্তায় চরাইলে বা চরাইতে দিলে অথবা কাহারও সম্পত্তিতে অনধি
2. <criminal_procedure_765_s98> [রাজশাহী মহানগরী পুলিশ আইন, ১৯৯২, ধারা ৯৮] রাস্তায় গবাদি পশু ছাড়িয়া দেওয়ার অথবা কাহারও সম্পত্তিতে অনধিকার প্রবেশ করিতে দেওয়ার দণ্ড — কোন ব্যক্তি নিজের অথবা স্বীয় দায়িত্বাধীন গবাদি পশু রাস্তায় চরাইলে বা চরাইতে দিলে অথবা কাহারো সম্পত্তিতে অনধ
3. <criminal_procedure_1238_s96> [গাজীপুর মহানগরী পুলিশ আইন, ২০১৮, ধারা ৯৬] রাস্তায় গবাদি পশু ছাড়িয়া দেওয়ার অথবা কাহারও সম্পত্তিতে অনধিকার প্রবেশ করিতে দেওয়ার দণ্ড — কোনো ব্যক্তি নিজের অথবা স্বীয় দায়িত্বাধীন গবাদি পশু রাস্তায় চরাইলে বা চরাইতে দিলে অথবা কাহারও সম্পত্তিতে অন
4. <criminal_procedure_1239_s96> [রংপুর মহানগরী পুলিশ আইন, ২০১৮, ধারা ৯৬] রাস্তায় গবাদি পশু ছাড়িয়া দেওয়ার অথবা কাহারও সম্পত্তিতে অনধিকার প্রবেশ করিতে দেওয়ার দণ্ড — কোনো ব্যক্তি নিজের অথবা স্বীয় দায়িত্বাধীন গবাদি পশু রাস্তায় চরাইলে বা চরাইতে দিলে অথবা কাহারও সম্পত্তিতে অন
5. <other_813_s11> [বাংলাদেশ কমার্স এন্ড ইনভেষ্টমেন্ট লিমিটেড (প, ধারা ১১] দায় — (১) বিসিআই এর হিসাব বহিতে হিসাবায়িত সকল দায় এর শুধুমাত্র আসল (সুদ ব্যতীত) এই আইনের বিধানাবলী সাপেক্ষে এবং তদ
6. <criminal_procedure_1012_s98> [সিলেট মহানগরী পুলিশ আইন, ২০০৯, ধারা ৯৮] রাস্তায় গবাদি পশু ছাড়িয়া দেওয়ার অথবা কাহারও সম্পত্তিতে অনধিকার প্রবেশ করিতে দেওয়ার দন্ড — কোন ব্যক্তি নিজের অথবা স্বীয়দায়িত্বহীন গবাদি পশু রাস্তায় চরাইলে বা চরাইতে দিলে অথবা কাহারও সম্পত্তিতে অনধিক
7. <labour_952_s306> [বাংলাদেশ শ্রম আইন, ২০০৬, ধারা ৩০৬] বাধা প্রদানের দণ্ড — (১) কোন ব্যক্তি এই আইন বা বিধি, প্রবিধান বা স্কীমের অধীন দায়িত্ব পালনরত কোন কর্মকর্তাকে উহার অধীন তাহার দায়ি
8. <land_856_s32> [অর্পিত সম্পত্তি প্রত্যর্পণ আইন, ২০০১, ধারা ৩২] অপরাধ ও দণ্ড — কোন ব্যক্তি-(ক)121[ট্রাইব্যুনাল বা আপীল ট্রাইব্যুনালের] সম্মুখে ইচ্ছাকৃতভাবে মিথ্যা আবেদন বা আপীল করিলে, বা লি
9. <labour_1285_s151> [বাংলাদেশ ইপিজেড শ্রম আইন, ২০১৯, ধারা ১৫১] অন্যায় আচরণের জন্য দণ্ড — (১) কোনো ব্যক্তি ধারা ১১৫ এর উপ-ধারা (১) এ বর্ণিত কোনো কাজ করিলে, তিনি ৫০ (পঞ্চাশ) হাজার টাকা পর্যন্ত অর্থদণ্ড
10. <other_1403_s42> [মোংলা বন্দর কর্তৃপক্ষ আইন, ২০২২, ধারা ৪২] টোল, রেইট, ইত্যাদি ফাঁকির জন্য দণ্ড — যদি কোনো ব্যক্তি আইনগতভাবে প্রাপ্য বন্দরের কোনো ভাড়া, ফি, টোল, রেইট, মাশুল বা ক্ষতিপূরণ ফাঁকি দেওয়ার উদ্দেশ্","family_180_s5, family_305_s8",own_search,answered,1,Sorup
prot_0044_03,Sarwad,,"আমরা ছয় ভাই, আমি বড়। আমি ২০০৯ সালে আমার পছন্দের মেয়েকে আমার বাবার বিনা অনুমতিতে বিয়ে করি। চার বছর ধরে আমার সঙ্গে আমার বাবার যোগাযোগ নেই। আমি যোগাযোগ করার অনেকবার চেষ্টা করেছি, তিনি আমাদের মেনে নেননি। বর্তমানে আমার বাবা একটা মেয়েকে দত্তক নিতে চান। মাকে জোর করে রাজি করাতে চান। তিনি আমাদের ও মায়ের বিনা অনুমতিতে ওই মেয়েকে দত্তক নিতে পারবেন কি না? আমার মা রাজি না হলে তালাক দেওয়ার হুমকি দিচ্ছেন। এ নিয়ে বাবার বিরুদ্ধে আইনগত ব্যবস্থা নিতে পারব কি না। আমাদের অগোচরে বাবা সেই মেয়েকে বিভিন্ন জিনিস ও পড়ালেখার খরচ দেন। এখন আমাকে ও আমার স্ত্রীকে যেহেতু তিনি মেনে নেবেন না, সেহেতু তিনি আমাকে ত্যাজ্যপুত্র করলে বা আমি ত্যাজপুত্র হতে চাইলে আমি আমার বাবার অর্থ ও সম্পত্তির ভাগ পাব কি না? নাম প্রকাশে অনিচ্ছুকসাতক্ষীরা","1. <other_1246_s167> [ক্যান্টনমেন্ট আইন, ২০১৮, ধারা ১৬৭] বিনা অনুমতিতে প্রধান স্থাপনার সহিত সংযোগ না করা — কোনো ব্যক্তি, যে কোনো উদ্দেশ্যেই হউক না কেন, বোর্ডের বিনা অনুমতিতে, কোনো সময়ে, বোর্ড কর্তৃক নির্মিত এবং রক্ষণ
2. <labour_952_s109> [বাংলাদেশ শ্রম আইন, ২০০৬, ধারা ১০৯] নারী শ্রমিকের জন্য সীমিত কর্মঘণ্টা — কোন মহিলা শ্রমিককে তাহার বিনা অনুমতিতে কোন প্রতিষ্ঠানে রাত দশ ঘটিকা হইতে ভোর ছয় ঘটিকা পর্যনত্দ সময়ের মধ্যে ক
3. <labour_1285_s46> [বাংলাদেশ ইপিজেড শ্রম আইন, ২০১৯, ধারা ৪৬] মহিলা শ্রমিকের জন্য সীমিত কর্মঘণ্টা — কোনো মহিলা শ্রমিককে তাহার এবং সংশ্লিষ্ট জোনের অতিরিক্তমহাপরিদর্শকের বিনা অনুমতিতে কোনো প্রতিষ্ঠানে রাত ৮ (আট) 
4. <labour_952_s196> [বাংলাদেশ শ্রম আইন, ২০০৬, ধারা ১৯৬] শ্রমিকের পক্ষে অসৎ শ্রম আচরণ — (১) মালিকের বিনা অনুমতিতে কোন শ্রমিক তাহার কর্মসময়ে কোন ট্রেড ইউনিয়নের কর্মকান্ডে নিয়োজিত থাকিবেন নাঃতবে শর
5. <tenancy_748_s32> [বাড়ী ভাড়া নিয়ন্ত্রণ আইন, ১৯৯১, ধারা ৩২] বাড়ী-মালিকের বিনা অনুমতিতে বাড়ীতে বিদ্যুত্ সরবরাহ পাওয়ার অধিকারী — আপাততঃ বলবত্ অন্য কোন আইনে যাহা কিছুই থাকুক না কেন কোন ভাড়াটিয়া তাহার ভাড়া বাড়ীতে ভাড়া-মালিকের বিনা অনুমত
6. <other_1476_s54> [কাস্টমস আইন, ২০২৩, ধারা ৫৪] নৌযান ব্যতীত অন্য কোনো যানবাহন বিনা অনুমতিতে প্রস্থান না করা — যথাযথ কর্মকর্তা কর্তৃক লিখিত অনুমতি প্রদান না করা পর্যন্ত নৌযান ব্যতীত অন্য কোনো যানবাহন কাস্টমস স্টেশন অথবা ক
7. <other_863_s7> [বাংলাদেশ শিল্পী কল্যাণ ট্রাস্ট আইন, ২০০১, ধারা ৭] ট্রাস্টের কার্যাবলী — ট্রাস্টের কার্যাবলী হইবে নিম্নরূপ, যথা:-(ক) সাধারণভাবে অসচ্ছল শিল্পীদের কল্যাণ সাধন;(খ) শিল্পীদের কল্যাণার্থে 
8. <labour_1285_s47> [বাংলাদেশ ইপিজেড শ্রম আইন, ২০১৯, ধারা ৪৭] দ্বৈত চাকরির উপর বাধা — অতিরিক্তমহাপরিদর্শকের বিনা অনুমতিতে এবং তৎকর্তৃক আরোপিত শর্তের ব্যত্যয়ে, কোনো শ্রমিককে একই দিনে একাধিক প্রতিষ
9. <labour_952_s110> [বাংলাদেশ শ্রম আইন, ২০০৬, ধারা ১১০] দ্বৈত চাকুরীর উপর বাধা — প্রধান পরিদর্শকের বিনা অনুমতিতে এবং তৎকর্তৃক আরোপিত শর্ত ব্যতীত, কোন প্রাপ্ত বয়স্ক শ্রমিককে একই দিনে একাধিক প
10. <criminal_procedure_765_s65> [রাজশাহী মহানগরী পুলিশ আইন, ১৯৯২, ধারা ৬৫] বিনা অনুমতিতে প্রবেশের দণ্ড — কোন ব্যক্তি ধারা ৪০, ৪১ বা ৪২ এর অধীন প্রদত্ত আদেশ অমান্য করিয়া মহানগরী এলাকায় বিনা অনুমতিতে প্রবেশ বা প্রত্",other_173_s2,own_search,answered,1,Sorup
prot_0014_02,Sarwad,,"আমি বিয়ে করি ২০০৮ সালের ১৬ ডিসেম্বর। বিয়ের এক মাস পার হওয়ার পর তার সঙ্গে আমার সমস্যার সৃষ্টি হয়। আমি তাকে ২০১০ সালের আগস্টে তালাক দিই। সে তালাকের চিঠি পাওয়ার পরে, আমার নামে একটি যৌতুকের মামলা করে। আদালত এই মামলায় গত মার্চ মাসে আমার পক্ষে রায় দেন। কিন্তু এখন পর্যন্ত সে আমার নামে কোনো পারিবারিক মামলা করেনি। আমার কাছে তার পক্ষ থেকে কোনো কাবিনের টাকা চাওয়া হয়নি। যৌতুকের মামলার রায়ের কত দিন, মাস বা বছর পর্যন্ত সময় থাকে? এই পারিবারিক মামলা করতে আমাকে সঠিক পরামর্শ দিলে আমি আপনার কাছে উপকৃত থাকবে","1. <labour_952_s216_p1> [বাংলাদেশ শ্রম আইন, ২০০৬, ধারা ২১৬] অপরাধ বিচার ছাড়া অন্য কোন বিষয়ে শ্রম আদালতের ক্ষমতা ওকার্যক্রম — বা আপত্তি পেশ করিতে ব্যর্থ হয়, তাহা হইলে মামলাটি একতরফা শুনানীক্রমে নিষ্পত্তি করা হইবে।(৬) কোন পক্ষের আবেদনক্
2. <other_1246_s204> [ক্যান্টনমেন্ট আইন, ২০১৮, ধারা ২০৪] মামলার নোটিশ প্রদান — (১) কোনো ব্যক্তি বোর্ডের কোনো আদেশ দ্বারা সংক্ষুব্ধ হইয়া কোনো দেওয়ানি মামলা দায়ের করিতে চাহিলে, তিনি তামাদি
3. <money_recovery_901_s28> [অর্থ ঋণ আদালত আইন, ২০০৩, ধারা ২৮] জারীর জন্য মামলা দাখিলের সময়সীমা — (১) TheLimitation Act, 1908এবং TheCode of Civil Procedure, 1908এ ভিন্নতর যে বিধানই থাকুক না কেন, ডিক্রীদার, আদ
4. <family_1444_s26> [পারিবারিক আদালত আইন, ২০২৩, ধারা ২৬] মুসলিম পারিবারিক আইনের বিধানকে প্রভাবিত না করা — (১) এই আইনের কোনো কিছুই মুসলিম পরিবারিক আইন অথবা তদধীন প্রণীত বিধিমালার কোনো বিধানকে প্রভাবিত করিবে না।(২) যেক
5. <money_recovery_901_s14> [অর্থ ঋণ আদালত আইন, ২০০৩, ধারা ১৪] মামলার শুনানী মুলতবী — (১) ধারা ১৭ এর মামলা নিষ্পত্তির সময়সীমা সম্পর্কিত বিধান সাপেক্ষে অর্থ ঋণ আদালতের কোন মামলার চূড়ান্ত শুনানীর 
6. <other_1203_s44> [বাংলাদেশ জীববৈচিত্র্য আইন, ২০১৭, ধারা ৪৪] মিথ্যা বা হয়রানিমূলক মামলা দায়েরের দণ্ড — এই আইনের অধীন দায়েরকৃত কোন মামলায় আদালত শুনানী ও বিচারান্তে যদি কোন অভিযুক্ত ব্যক্তিকে খালাস প্রদান করে এবং 
7. <other_1246_s203> [ক্যান্টনমেন্ট আইন, ২০১৮, ধারা ২০৩] অভিযুক্তকরণের সীমাবদ্ধতা — (১) এই আইন বা উহার অধীন কোনো অপরাধ সংঘটিত হইবার ৬ (ছয়) মাস অতিক্রান্ত হইবার পর তৎসম্পর্কে কোনো অভিযোগ বা মামল
8. <constitutional_957_s150> [গণপ্রজাতন্ত্রী বাংলাদেশের সংবিধান, অনুচ্ছেদ ১৫০] (১) এই সংবিধানের অন্য কোন বিধান সত্ত্বেও ১৯৭২ সালের ১৬ই ডিসেম্বর তারিখে এই সংবিধান প্রবর্তনকালে সংবিধানের চতুর
9. <consumer_1010_s102> [ট্রেডমার্ক আইন, ২০০৯, ধারা ১০২] ট্রেডমার্কের বৈধতা অথবা নিবন্ধন প্রশ্নাধীন হইলে কার্যধারা স্থগিত রাখা — (১) যেক্ষেত্রে ট্রেডমার্ক লঙ্ঘনজনিত মামলায় বিবাদী যুক্তি দেখান যে, বাদীর ট্রেডমার্ক অবৈধ বা বাদী বিবাদীর ট্রে
10. <other_788_s395> [কোম্পানী আইন, ১৯৯৪, ধারা ৩৯৫] সীমিতদায় কোম্পানীকে মামলার খরচের জন্য জামানত দেওয়ার নির্দেশদানের ক্তমতা — যেক্ষেত্রে কোন মামলা বা অন্য কোন আইনগত কার্যধারায় কোন সীমিতদায় কোম্পানী বাদী বা আবেদনকারী হয়, সেক্ষেত্রে যদ",none,none,not_found,1,Sorup
prot_0049_05,Sarwad,,আমি একজন চাকরিজীবী। কাজের সূত্রে উচ্চপদস্থ কর্মকর্তার বাসায় রোজ বাজারখরচ পৌঁছে দিতে হয়। তাঁর স্ত্রী আমাকে জোরপূর্বক শারীরিক সম্পর্ক করাতে চান। আমি একপর্যায়ে সম্মতি দিই। এক বছর যাবৎ এ সম্পর্ক চলছে। আমি আপত্তি করলে তিনি আমাকে মেরে ফেলার হুমকি দেন। তিনি আমাকে বিয়ে করতে বলেন। আইনি ঝামেলা তিনি মেটাবেন বলে প্রতিশ্রুতি দেন। কিন্তু আমি তাঁর তুলনায় অতি নগণ্য। চাকরিটা আমার খুব প্রয়োজন। এ ব্যাপারে আমি কী করব?নাম ও ঠিকানা প্রকাশে অনিচ্ছুক,"1. <cybercrime_1710_s2_p11> [সাইবার সুরক্ষা আইন, ২০২৬, ধারা ২] সংজ্ঞা — দ্বারা কোন ব্যক্তির অন্তরঙ্গ অথবা ব্যক্তিগত ছবি, ভিডিও সংরক্ষণ বা সংরক্ষনের দাবি করিবার মাধ্যমে তাহা প্রকাশ কর
2. <labour_1285_s17> [বাংলাদেশ ইপিজেড শ্রম আইন, ২০১৯, ধারা ১৭] কতিপয় ক্ষেত্রে লে-অফকৃত শ্রমিকগণ ক্ষতিপূরণ পাইবার অধিকারী হইবেন না — (১) এই অধ্যায়ের অন্যত্র যাহা কিছুই থাকুক না কেন, কোনো লে-অফকৃত শ্রমিককে ক্ষতিপূরণ প্রদেয় হইবে না, যদি-(ক) তি
3. <labour_952_s18> [বাংলাদেশ শ্রম আইন, ২০০৬, ধারা ১৮] কতিপয় ক্ষেত্রে লে-অফকৃত শ্রমিকগণ ক্ষতিপূরণ পাইবার অধিকারী হইবেন না — (১) এই অধ্যায়ের অন্যত্র যাহা কিছুই থাকুক না কেন, কোন লে-অফকৃত শ্রমিককে ক্ষতিপূরণ প্রদেয় হইবে না, যদি-(ক) তিন
4. <criminal_procedure_1012_s19> [সিলেট মহানগরী পুলিশ আইন, ২০০৯, ধারা ১৯] নির্দেশ কার্যকরকরণে পুলিশ কর্মকর্তার ক্ষমতা — ধারা ১৮ এ উল্লিখিত নির্দেশ পালনে বাধা প্রদান, অস্বীকার করা বা অপারগতার জন্য পুলিশ কর্মকর্তা সংশ্লিষ্ট ব্যক্তিক
5. <local_government_827_s66> [উপজেলা পরিষদ আইন, ১৯৯৮, ধারা ৬৬] পরিষদের পক্ষে ও বিপক্ষে মামলা — (১) পরিষদের বিরুদ্ধে বা পরিষদ সংক্রান্ত কোন কাজের সূত্রে উহার কোন সদস্য বা কর্মকর্তা বা কর্মচারীর বিরুদ্ধে মাম
6. <other_812_s91> [দেউলিয়া বিষয়ক আইন, ১৯৯৭, ধারা ৯১] পাওনাদার ইত্যাদির অপরাধ — (১) এই ধারার অধীন কোন কার্যধারায়, কোন পাওনাদার যদি এমন কোন দাবী উত্থাপন, ঘোষণা বা হিসাব প্রদান করেন যাহার গুর
7. <other_1045_s20_p1> [চার্টার্ড সেক্রেটারীজ আইন, ২০১০, ধারা ২০] পেশাগত অসদাচরণ — চাকুরী বা দায়িত্ব পালনের সুবাদে জানা এমন কোন গোপন তথ্য, প্রচলিত কোন আইন অনুযায়ী বা নিয়োগকারী কর্তৃক অনুমতিপ
8. <other_751_s18> [ব্যাংক-কোম্পানী আইন, ১৯৯১, ধারা ১৮] 1 [ব্যাংক-কোম্পানীর পরিচালক, কর্মকর্তা ও কর্মচারীদের সহিত লেনদেন সম্পর্কিত বিধান।] — (১) অন্য কোন আইন বা সংঘ স্মারকে যাহা কিছুই থাকুক না কেন, ব্যাংক-কোম্পানীর কোন পরিচালক ব্যাংকের পরিচালনা পর্ষদে
9. <criminal_procedure_1012_s25> [সিলেট মহানগরী পুলিশ আইন, ২০০৯, ধারা ২৫] অসুস্থ ও অক্ষম জীবজন্তু নিধন — কোন পুলিশ কর্মকর্তা যদি কোন রাস্তা বা প্রকাশ্য স্থানে কোন অসুস্থ জখমপ্রাপ্ত বা দৈহিকভাবে অক্ষম জীবজন্তু দেখিতে
10. <criminal_procedure_1013_s25> [বরিশাল মহানগরী পুলিশ আইন, ২০০৯, ধারা ২৫] অসুস্থ ও অক্ষম জীবজন্তু নিধন — কোন পুলিশ কর্মকর্তা যদি কোন রাস্তা বা প্রকাশ্য স্থানে কোন অসুস্থ জখমপ্রাপ্ত বা দৈহিকভাবে অক্ষম জীবজন্তু দেখিতে",criminal_procedure_11_s506,own_search,answered,1,Sorup
lawy_0380_01,Sarwad,,জমির দলিলে ভুল হলে সেই দলিল সংশোধনের উপায় কী?,"1. <consumer_1010_s19> [ট্রেডমার্ক আইন, ২০০৯, ধারা ১৯] ভুল সংশোধন — নিবন্ধক যেরূপ উপযুক্ত মনে করেন সেইরূপ শর্তে, ধারা ১৫ এর অধীন নিবন্ধনের আবেদন গ্রহণের পূর্বে বা পরে আবেদনের কোন
2. <family_1444_s9> [পারিবারিক আদালত আইন, ২০২৩, ধারা ৯] আরজি ও লিখিত জবাব সংশোধন — এই আইনে যাহা কিছুই থাকুক না কেন, মোকদ্দমার যেকোনো পর্যায়ে আদালত, কোনো পক্ষের আবেদনের পরিপ্রেক্ষিতে, করণিক ভুল
3. <consumer_1010_s17> [ট্রেডমার্ক আইন, ২০০৯, ধারা ১৭] আবেদন গ্রহণের বিজ্ঞপ্তি (Advertisement) জারী — (১) কোন আবেদন, শর্তবিহীনভাবে অথবা শর্তযুক্ত বা সীমাবদ্ধতা সাপেক্ষে, গৃহীত হইলে নিবন্ধক আবেদন গ্রহণের পর অবিলম্
4. <other_1476_s222> [কাস্টমস আইন, ২০২৩, ধারা ২২২] বোর্ড কর্তৃক ভুল, ইত্যাদি সংশোধনের ক্ষমতা — বোর্ড এই আইন অথবা তদধীন প্রণীত বিধির কোনো বিধান অনুযায়ী প্রদত্ত কোনো আদেশের নথিপত্র হইতে দৃশ্যত প্রতীয়মান কো
5. <other_788_s161> [কোম্পানী আইন, ১৯৯৪, ধারা ১৬১] ধারকগণকে যুগপত্ (pari pasu) অধিকার দানকারী ডিবেঞ্চার-সিরিজের তথ্যাদি — (১) যেক্ষেত্রে কোন কোম্পানী এমন চার্জ সৃষ্টি করে যে, কোম্পানী কর্তৃক ইস্যুকতৃ ডিবেঞ্চারের সিরিজে উক্ত চার্জ সর
6. <other_1439_s29> [বাংলাদেশ শিল্প-নকশা আইন, ২০২৩, ধারা ২৯] মহাপরিচালক কর্তৃক ত্রুটি সংশোধন — (১) মহাপরিচালক, তাহার নিকট দাখিলকৃত কোনো দলিল বা আবেদনে অথবা এই আইন বা বিধির অধীন তৎকর্তৃক প্রস্তুতকৃত কোনো রে
7. <other_1429_s125> [আয়কর আইন, ২০২৩, ধারা ১২৫] সম্পত্তি হস্তান্তর, ইত্যাদি হইতে কর সংগ্রহ — 140[(১)Registration Act, 1908(Act No. XVI of 1908) এর section 17 এর sub-section (1) এর clauses (b), (c) বা (e)
8. <consumer_1452_s55> [কপিরাইট আইন, ২০২৩, ধারা ৫৫] কপিরাইট রেজিস্টারে অন্তর্ভুক্তি এবং ইনডেক্স, ইত্যাদি সংশোধন — (১) কপিরাইট রেজিস্টারে কোনো ভুল বা অসম্পূর্ণ তথ্য সন্নিবেশিত হইলে, রেজিস্ট্রার স্ব উদ্যোগে বা স্বার্থ সংশ্লিষ্
9. <other_1429_s336> [আয়কর আইন, ২০২৩, ধারা ৩৩৬] কতিপয় ক্রুটির জন্য কর নির্ধারণ, ইত্যাদি ত্রুটিপূর্ণ হিসাবে বিবেচিত না করা — এই আইনের অধীন প্রণীত, জারীকৃত বা নিষ্পন্নকৃত অথবা প্রণীত, জারীকৃত বা নিষ্পন্নকৃত মর্মে গণ্য হয় এইরূপ কোনো কর 
10. <other_788_s39> [কোম্পানী আইন, ১৯৯৪, ধারা ৩৯] হস্তান্তর প্রত্যয়ন — (১) কোম্পানীর শেয়ার বা ডিবেঞ্চার হস্তান্তর-দলিল কোম্পানী কর্তৃক প্রত্যয়নকৃত হইলে, তৎসম্পর্কে যে কোন ব্যক্তির",other_36_s31,own_search,answered,3,Sorup
prot_0004_01,Sarwad,,"আমি হিন্দু ধর্মালম্বী। আমার মামা দুজন। বড় মামা ১৯৯৪ থেকে মালয়েশিয়ায় থাকেন। ছোট মামা ১৯৯৫ থেকে সপরিবারে ভারতে বসবাস করেন। আমার ছোট মামা ১৯৯৪ সালে আমার মায়ের কাছে ২৪ শতাংশ জমি সাব-রেজিস্ট্রি মূলে বিক্রয় করে নিঃস্বত্ববান হন। পরে তিনি ১৯৯৭ সালে বেড়াতে এসে গোপনে এক মুসলিম লোকের কাছে ওই ২৪ শতাংশ ভূমি বিক্রয় করেন। এখন সেই ক্রেতা আমাদের জায়গা দখল করতে এলে আমরা এলাকার গণ্যমান্য ব্যক্তিদের নিয়ে সালিসে বসি। সালিস বৈঠকের সিদ্ধান্ত অনুযায়ী আদালতে বণ্টনের মোকদ্দমা করি। বণ্টনের মোকদ্দমায় সিদ্ধান্ত হয়, আমার ছোট মামা বাস্তবে সাড়ে ১৪ শতাংশ ভূমির মালিক। আমার প্রশ্ন হলো— ১. আমার মা কি সাড়ে ১৪ শতাংশের মালিকানা পাবেন এবং ওই ক্রেতা কি কোনো জায়গা পাবেন না? এদিকে আমার দিদিমা (মায়ের মা) ১৪ শতাংশ ভূমির মালিক ছিলেন। তিনি ২০০৮ সালে মারা যান। যার ফলে আমরা জানি যে, তাঁর সম্পত্তিতে আমার দুই মামা অংশীদার হবেন। ২. আমার ছোট মামা (যেহেতু তিনি আমাদের কাছে ২৪ শতাংশ জমি রেজিস্ট্রি করে বিক্রি করেছেন) তাঁর মায়ের সম্পত্তির থেকে যে ৭ শতাংশ জমির মালিক হবেন, সেই জমির মালিকানা কি আমরা পাব? ৩. আমার মামারা যেহেতু দেশ আসেন না (তাঁদের সাথে ফোনে কথা হয়েছে, তাঁরা আসবেন না) তাই তাঁদের সম্পত্তিতে মালিক হবেন কারা? নাম প্রকাশে অনিচ্ছুক","1. <other_1696_s33> [রাজধানী উন্নয়ন কর্তৃপক্ষ আইন, ২০২৬, ধারা ৩৩] ভূমি পুনর্বিন্যাস — (১) এই আইনের উদ্দেশ্য পূরণকল্পে, কর্তৃপক্ষের আওতাধীন এলাকায় অন্যূন ৬০% (ষাট শতাংশ) জমির মালিক একমত হইলে ভূমি 
2. <other_721_s7> [বাংলাদেশ ঋণ সালিসি আইন, ১৯৮৯, ধারা ৭] কতিপয় বিক্রয় বাতিল — (১) এই আইন বলবত্ হইবার পর অনধিক দুই একর কৃষি জমির মালিক কোন কৃষক প্রাকৃতিক দুর্যোগে তগতিগ্রস্ত হওয়ার বা জীবন 
3. <other_1429_s133> [আয়কর আইন, ২০২৩, ধারা ১৩৩] প্রকাশ্য নিলামের বিক্রি হইতে কর সংগ্র — (১) কোনো ব্যক্তি কোনো নির্দিষ্ট মালিকের কোনো পণ্য বা সম্পত্তি সীলমোহরযুক্ত দরপত্রের মাধ্যমে প্রকাশ্য নিলামে বি
4. <other_721_s6_p1> [বাংলাদেশ ঋণ সালিসি আইন, ১৯৮৯, ধারা ৬] কতিপয় জমির বিক্রয় খায়খালাসী বন্ধক ঘোষণা — যদি উপ-ধারা (২) এর অধীন নির্ধারিত সময়ের মধ্যে ক্রেতা জমি প্রত্যর্পণ না করেন বা করিতে ব্যর্থ হন, তাহা হইলে ধার
5. <other_721_s8> [বাংলাদেশ ঋণ সালিসি আইন, ১৯৮৯, ধারা ৮] জমি প্রত্যর্পণের নির্দেশ কার্যকরকরণ — ক্রেতা বোর্ডের নির্দেশানুসারে জমির দখল প্রত্যর্পণ না করিলে বা করিতে ব্যর্থ হইলে, জমির দখল পাওয়ার জন্য বিক্রেত
6. <other_1246_s104> [ক্যান্টনমেন্ট আইন, ২০১৮, ধারা ১০৪] অনুচিত উদ্দেশ্যে ব্যবহৃত পতিত জমি ঘের (enclosure) দেওয়া — (১) বোর্ড, লিখিত নোটিশ দ্বারা, ক্যান্টনমেন্টের কোনো ইমারত বা ভূমির মালিক বা আংশিক মালিককে, বা মালিক বা আংশিক ম
7. <other_722_s15> [পার্বত্য জেলাসমূহ (আইন রহিত ও প্রয়োগ এবং বিশ, ধারা ১৫] বসতবাড়ীর জন্য গ্রামীণ জমি দখল — (১) কোন পাহাড়ী ব্যক্তি পৌর এলাকা-বহির্ভূত অনধিক ত্রিশ শতাংশ পর্যন্ত খাস জমি তাহার নিজ বসতবাড়ীর জন্য হেডম্যান
8. <other_1138_s2> [গ্রামীণ ব্যাংক আইন, ২০১৩, ধারা ২] সংজ্ঞা — বিষয় বা প্রসংগের পরিপন্থি কোন কিছু না থাকিলে, এই আইনে,-1[(১) “ঋণ” অর্থ এইরূপ কোনো ব্যক্তির পক্ষে ব্যাংক কর্তৃ
9. <other_857_s45> [বাংলাদেশ টেলিযোগাযোগ নিয়ন্ত্রণ আইন, ২০০১, ধারা ৪৫] লাইসেন্সধারীর প্রয়োজনে বাধ্যতামূলকভাবে বেসরকারী জমি অধিগ্রহণ — (১) লাইসেন্সের অধীন কাজকর্ম সম্পাদন বা পরিচালনার জন্য প্রয়োজনীয় কোন জমি ব্যবহারের ক্ষেত্রে লাইসেন্সধারী বাধা
10. <labour_952_s234> [বাংলাদেশ শ্রম আইন, ২০০৬, ধারা ২৩৪] অংশগ্রহণ তহবিল ও কল্যাণ তহবিল স্থাপন — (১) এই অধ্যায় প্রযোজ্য হয় এরূপ প্রত্যেক কোম্পানী-(ক) এই অধ্যায় প্রযোজ্য হইবার তারিখ হইতে এক মাসের মধ্যে এই ","other_48_s48, other_48_s43",own_search,answered,2,Sorup
prot_0070_03,Sarwad,,"আমি কিছুদিন আগে অভিভাবকের অসম্মতিতে বিয়ে করেছি। বিয়ের আগে ছেলের পরিবারের সবার সম্মতি ছিল। আমার বাড়ির কেউ রাজি ছিল না। আমাকে অন্য জায়গায় বিয়ে দেওয়ার কথা চলছিল। এ জন্য আমরা পালিয়ে বিয়ে করেছিলাম। কিন্তু এখন আমার শ্বশুরবাড়ির কেউ আমাকে মেনে নিতে চাইছে না। শুনেছি, অন্য জায়গায় অনেক টাকা যৌতুক নিয়ে ছেলেকে বিয়ে দেবে। আমার শ্বশুরবাড়ির লোকেরা আমাকে অনেক হুমকি দিচ্ছে, যাতে আমি আমার স্বামীকে তালাক দিয়ে দিই। এখন আমি আমার বাবার বাড়িতে আছি। আমি তালাক দেব না, এ কথা তাদের জানিয়ে দিই। তারপর আমার শ্বশুরবাড়ির লোকেরা মিলে আমাকে আমার স্বামীর এক বন্ধুর বাসায় ডেকে নিয়ে যায়। সেখানে আমাকে আটকে অনেক মারধর করে এবং তালাকনামায় সই দিতে বলে। কিন্তু আমি সই করিনি। এরপর তারা আমাকে অনেক মারধর করে এবং একপর্যায়ে আমি জ্ঞান হারিয়ে ফেলি। জ্ঞান ফেরার পর আমার স্বামীর বন্ধু আমাকে গাড়িতে উঠিয়ে দেয়। এখন তারা বলছে, আমাকে তালাক দিয়ে দেবে। উকিল নাকি এমনভাবে মামলা সাজাবে যে আমি আইনের সহযোগিতা নিয়েও কিছুই করতে পারব না। এদিকে আমার বাবা-মা এ ব্যাপারে কোনো সাহায্য করছেন না। এখন আমি কী করতে পারি?নাম ও ঠিকানা প্রকাশে অনিচ্ছুক","1. <other_1717_s66> [ব্যাংক রেজল্যুশন আইন, ২০২৬, ধারা ৬৬] বাংলাদেশ ব্যাংকের রেজল্যুশন সম্পর্কিত সিদ্ধান্ত বাস্তবায়নের বিরুদ্ধে আদালতের রায় — (১) অন্য কোনো আইনে যাহা কিছুই থাকুক না কেন, যদি কেউ বাংলাদেশ ব্যাংক, উহার কোনো কর্মকর্তা, প্রতিনিধিত্বকারী বা 
2. <other_1104_s5> [পাওয়ার অব অ্যাটর্নি আইন, ২০১২, ধারা ৫] নোটিশ জারী, ইত্যাদি — (১) এই আইনের অধীন কোন নোটিশ কোন পক্ষ বা ব্যক্তির উপর জারী করা প্রয়োজন হইলে এবং জারীর বিষয়ে পক্ষগণ ভিন্নভাবে 
3. <other_1375_s27> [শিশু দিবাযত্ন কেন্দ্র আইন, ২০২১, ধারা ২৭] ক্যামেরায় গৃহীত ছবি, রেকর্ডকৃত কথাবার্তার সাক্ষ্য মূল্য — Evidence Act, 1872(Act No. I of 1872) এ যাহা কিছুই থাকুক না কেন, কেন্দ্রে সংঘটিত কোনো অপরাধের ভিডিও, স্থিরচিত্
4. <road_transport_1262_s37> [সড়ক পরিবহণ আইন, ২০১৮, ধারা ৩৭] মহাসড়কের পার্শ্ববর্তী অবৈধ স্থাপনা অপসারণ — (১) আপাতত বলবৎ অন্য কোনো আইনে ভিন্নরূপ যাহা কিছুই থাকুক না কেন, এই আইনের উদ্দেশ্য পূরণকল্পে, কোনো ব্যক্তি, ব্য
5. <labour_952_s341> [বাংলাদেশ শ্রম আইন, ২০০৬, ধারা ৩৪১] কতিপয় তথ্য প্রকাশে বাধা-নিষেধ — (১) এই আইন অথবা কোন বিধি, প্রবিধান বা স্কীমের অধীন কোন দায়িত্ব পালনকালে কোন উত্পাদন বা ব্যবসা-বাণিজ্য সম্পর্ক
6. <other_850_s5> [সালিস আইন, ২০০১, ধারা ৫] লিখিত যোগাযোগের প্রাপ্তি — (১) পক্ষগণ ভিন্নভাবে সম্মত না হইলে, এই আইনের অধীন কোন লিখিত যোগাযোগ, নোটিশ বা সমন কোন পক্ষ বা ব্যক্তির উপর জার
7. <other_740_s16> [ঢাকা বিদ্যুৎ বিতরণ কর্তৃপক্ষ আইন, ১৯৯০, ধারা ১৬] প্রবেশ ইত্যাদির ক্ষমতা — (১) কর্তৃপক্ষের কোন প্রকল্প প্রস্তুত বা বাস্তবায়নের জন্য প্রয়োজন হইলে চেয়ারম্যান বা কোন সদস্য বা চেয়ারম্যা
8. <other_1483_s5> [পরিত্যক্ত বাড়ি (সম্পূরক বিধানাবলি) আইন, ২০২৩, ধারা ৫] পরিত্যক্ত বাড়ির তালিকা হইবার পর স্বার্থ দাবি করিয়া আবেদন — ধারা ৪ এর উপ-ধারা (১) এর দফা (ক) ও (খ) এ বর্ণিত ক্ষেত্র ব্যতীত অন্যান্য ক্ষেত্রে কোনো বাড়ির উপর কোনো অধিকার ব
9. <other_788_s346_p0> [কোম্পানী আইন, ১৯৯৪, ধারা ৩৪৬] নিষ্ক্রিয় (defunct) কোম্পানীর নাম নিবন্ধন বহি হইতে কাটিয়া দেওয়া — (১) যেক্ষেত্রে রেজিষ্ট্রারের এইরূপ বিশ্বাস করিবার যুক্তিসংগত কারণ থাকে যে, কোন একটি কোম্পানী ব্যবসা করিতেছে না
10. <tenancy_748_s19_p2> [বাড়ী ভাড়া নিয়ন্ত্রণ আইন, ১৯৯১, ধারা ১৯] কতিপয় পরিস্থিততে ভাড়াটিয়া কর্তৃক ভাড়া জমা — নিয়ন্ত্রকের নিকট দিতে হইবে এবং উহার সহিত একটি দরখাস্ত পেশ করিতে হইবে যাহাতে নিম্নবর্ণিত বিষয়গুলি উল্লেখ থাকি","criminal_procedure_11_s342, criminal_procedure_11_s323",own_search,answered,2,Sorup
prot_0136_03,Sarwad,,"মাঝখানে আমাকে আশ্বাস দেওয়া হয়, পুরো টাকা ফেরতদেবে। এর কয়েক দিন পর আমাকে সত্তর হাজার টাকার একটা চেক দেয়। কিন্তু চেকটি নিয়ে ব্যাংকে গেলে ব্যাংক থেকে বলা হয়, এ হিসাব নম্বরে টাকা জমা নেই। পরবর্তী সময় তাদের সঙ্গে যোগাযোগ করা হলে তারা বারবার সময় নিয়েও টাকা ফেরত দিচ্ছে না। আমি এখন প্রতিষ্ঠানটির বিরুদ্ধে কীভাবে অইনি পদক্ষেপ নিতে পারি?","1. <other_788_s148_p1> [কোম্পানী আইন, ১৯৯৪, ধারা ১৪৮] বরাদ্দের ক্ষেত্রে বাধা-নিষেধ — এই আইনে ইহাকে ন্যুনতম চাঁদা হিসাবে উলেস্্নখ করা হইয়াছে।(৪) শেয়ারের আবেদনকারীগণের নিকট হইতে প্রাপ্ত সকল অর্থB
2. <other_788_s342> [কোম্পানী আইন, ১৯৯৪, ধারা ৩৪২] লিকুইডেটর কর্তৃক ব্যাংকে টাকা জমাদান — (১) আদালত কর্তৃক অবলুপ্ত হইতেছে এইরূপ কোম্পানীর প্রত্যেক লিকুইডেটর তত্কর্তৃক গৃহীত সকল টাকা নির্ধারিত পদ্ধতিতে
3. <other_1213_s2> [নির্দিষ্টকরণ (সম্পূরক) আইন, ২০১৭, ধারা ২] ২০১৬-২০১৭ অর্থবৎসরের জন্য সংযুক্ত তহবিল হইতে ১৮৩৭০,২২,৫০,০০০ (আঠারো হাজার তিনশত সত্তর কোটি বাইশ লক্ষ পঞ্চাশ হাজার) টাকা প্রদান — ২০১৭ সনের ৩০ জুন তারিখে সমাপ্য অর্থবৎসরে যেই সকল ব্যয় উক্ত বৎসরের অর্থ পরিশোধের আওতাধীন হইতে পারে সেই সকল ব্য
4. <other_1138_s6> [গ্রামীণ ব্যাংক আইন, ২০১৩, ধারা ৬] অনুমোদিত মূলধন — (১) ব্যাংকের অনুমোদিত মূলধন হইবে ১ (এক) হাজার কোটি টাকা।(২) অনুমোদিত মূলধন প্রতিটি ১০০ (একশত) টাকার ১০ (দশ) কো
5. <other_1478_s24> [ফাইন্যান্স কোম্পানি আইন, ২০২৩, ধারা ২৪] আমানত গ্রহণে বাধা-নিষেধ — (১) ফাইন্যান্স কোম্পানি এইরূপ কোনো আমানত গ্রহণ করিবে না যাহা চাহিবামাত্র চেক, ড্রাফট, ডেবিট কার্ড অথবা আমানতকা
6. <other_757_s2> [নির্দিষ্টকরণ (অগ্রিম মঞ্জুরী দান) আইন, ১৯৯১, ধারা ২] ১৯৯১-৯২ অর্থ বত্সরের জন্য সংযুক্ত তহবিল হইতে উত্তোলনকৃত অর্থের অতিরিক্ত ২০৪৫৯,৩৯,৭০,০০০ টাকা উত্তোলন — নির্দিষ্টকরণ (অগ্রিম মঞ্জুরী দান) আইন, ১৯৯১(১৯৯১ সনের ২০ নং আইন) দ্বারা সংযুক্ত তহবিল হইতে উত্তোলনকৃত চার হাজা
7. <tenancy_748_s23> [বাড়ী ভাড়া নিয়ন্ত্রণ আইন, ১৯৯১, ধারা ২৩] মানসম্মত ভাড়ার অতিরিক্ত ভাড়া আদায়ের দণ্ড — যদি কোন ব্যক্তি জ্ঞাতসারে-(ক) ধারা ৮ বা ধারা ৯ এ বিবৃত কারণ ব্যতিরেকে অন্য কোন কারণে মানসম্মত ভাড়া অপেক্ষা অধ
8. <labour_952_s204> [বাংলাদেশ শ্রম আইন, ২০০৬, ধারা ২০৪] 1 [মজুরী হইতে চাঁদা কর্তন ( চেক-অফ)] — (১) যৌথ দরকষাকষি প্রতিনিধি অনুরোধ করিলে যে কোন মালিক তার প্রতিষ্ঠানে কর্মরত শ্রমিকগণের, যাহারা ঐ সিবিএ ইউনিয়ন
9. <tenancy_748_s19_p2> [বাড়ী ভাড়া নিয়ন্ত্রণ আইন, ১৯৯১, ধারা ১৯] কতিপয় পরিস্থিততে ভাড়াটিয়া কর্তৃক ভাড়া জমা — নিয়ন্ত্রকের নিকট দিতে হইবে এবং উহার সহিত একটি দরখাস্ত পেশ করিতে হইবে যাহাতে নিম্নবর্ণিত বিষয়গুলি উল্লেখ থাকি
10. <criminal_procedure_1239_s68> [রংপুর মহানগরী পুলিশ আইন, ২০১৮, ধারা ৬৮] রাস্তায় বা সর্বসাধারণের ব্যবহার্য স্থানে বিঘ্ন সৃষ্টির দণ্ড — কোনো ব্যক্তি-(ক) মালামাল বোঝাই করিবার বা নামাইবার জন্য বা যাত্রী উঠানামার জন্য প্রয়োজনের অতিরিক্ত সময় কোনো স","money_recovery_46_s138_p0, money_recovery_46_s140",own_search,answered,3,Sorup
ajke_0165_01,Sarwad,,"আমি কাবিনে ৫ লাখ টাকা মোহরানা উল্লেখ করে বিয়ে করি। তবে আমি জানতাম, তাঁর আগের স্ত্রীকে তিনি ডিভোর্স দিয়েছেন। এমনকি তিনি আমাকে একটা ডিভোর্স পেপারও দেখিয়েছিলেন। বিয়েটা কাজি অফিসে হয়। আমার পরিবারের কেউ বিষয়টি জানেন না। পরে আমি পরিবারকে জানাতে চেয়েছিলাম। কিন্তু বিয়ের এক মাসের মাথায় জানতে পারি, তাঁর আরও তিন স্ত্রী আছেন। এখন আমি তাঁকে ডিভোর্স দেওয়ার সিদ্ধান্ত নিয়েছি। সে ক্ষেত্রে কি কাবিনের টাকা আমি পাব? আর আমার পরিবার এখনো বিষয়টি সম্পর্কে কিছু জানে না। আসলে কীভাবে আমি তাঁকে ডিভোর্স দিলে কাবিনের টাকাটা পেতে পারি","1. <other_857_s11> [বাংলাদেশ টেলিযোগাযোগ নিয়ন্ত্রণ আইন, ২০০১, ধারা ১১] পরিবারের সদস্যের কতিপয় স্বার্থ সম্পর্কে কমিশনারের দায়িত্ব — (১) কোন কমিশনারের পরিবারের কোন সদস্য যদি ধারা ১০(২)(ছ)- েত উলিস্্নখিত স্বার্থ অর্জন বা ধারণ করেন, তাহা হইলে তি
2. <criminal_procedure_1238_s96> [গাজীপুর মহানগরী পুলিশ আইন, ২০১৮, ধারা ৯৬] রাস্তায় গবাদি পশু ছাড়িয়া দেওয়ার অথবা কাহারও সম্পত্তিতে অনধিকার প্রবেশ করিতে দেওয়ার দণ্ড — কোনো ব্যক্তি নিজের অথবা স্বীয় দায়িত্বাধীন গবাদি পশু রাস্তায় চরাইলে বা চরাইতে দিলে অথবা কাহারও সম্পত্তিতে অন
3. <criminal_procedure_1239_s96> [রংপুর মহানগরী পুলিশ আইন, ২০১৮, ধারা ৯৬] রাস্তায় গবাদি পশু ছাড়িয়া দেওয়ার অথবা কাহারও সম্পত্তিতে অনধিকার প্রবেশ করিতে দেওয়ার দণ্ড — কোনো ব্যক্তি নিজের অথবা স্বীয় দায়িত্বাধীন গবাদি পশু রাস্তায় চরাইলে বা চরাইতে দিলে অথবা কাহারও সম্পত্তিতে অন
4. <other_1485_s9> [বাংলাদেশ পুলিশ কল্যাণ তহবিল আইন, ২০২৩, ধারা ৯] মৃত্যু এবং অক্ষমতাজনিত কারণে এককালীন এবং মাসিক কল্যাণ অনুদান — (১) কোনো কর্মচারী বা তাহার মৃত্যু হইলে তাহার স্ত্রী বা, ক্ষেত্রমত, স্বামী, বিধি দ্বারা নির্ধারিত পদ্ধতিতে, নিম
5. <other_812_s84_p1> [দেউলিয়া বিষয়ক আইন, ১৯৯৭, ধারা ৮৪] দেনাদারের অপরাধ ও উহাদের দণ্ড — ও অন্যান্য দলিল-পত্র তাহার হেফাজতে বা নিয়ন্ত্রণে আছে তাহা যদি তিনি, রিসিভারের নির্দেশ মোতাবেক, রিসিভারের নিকট
6. <criminal_procedure_765_s98> [রাজশাহী মহানগরী পুলিশ আইন, ১৯৯২, ধারা ৯৮] রাস্তায় গবাদি পশু ছাড়িয়া দেওয়ার অথবা কাহারও সম্পত্তিতে অনধিকার প্রবেশ করিতে দেওয়ার দণ্ড — কোন ব্যক্তি নিজের অথবা স্বীয় দায়িত্বাধীন গবাদি পশু রাস্তায় চরাইলে বা চরাইতে দিলে অথবা কাহারো সম্পত্তিতে অনধ
7. <criminal_procedure_1013_s98> [বরিশাল মহানগরী পুলিশ আইন, ২০০৯, ধারা ৯৮] রাস্তায় গবাদি পশু ছাড়িয়া দেওয়ার অথবা কাহারও সম্পত্তিতে অনধিকার প্রবেশ করিতে দেওয়ার দণ্ড — কোন ব্যক্তি নিজের অথবা স্বীয় দায়িত্বহীন গবাদি পশু রাস্তায় চরাইলে বা চরাইতে দিলে অথবা কাহারও সম্পত্তিতে অনধি
8. <other_1045_s27> [চার্টার্ড সেক্রেটারীজ আইন, ২০১০, ধারা ২৭] মিথ্যা দাবীর দন্ড — যদি কোন ব্যক্তি-(ক) সদস্য না হইয়াও সদস্য হিসাবে প্রতিনিধিত্ব করেন;(খ) চার্টার্ড সেক্রেটারী না হইয়াও চার্টার্
9. <labour_952_s288> [বাংলাদেশ শ্রম আইন, ২০০৬, ধারা ২৮৮] ধারা ৬৭ লঙ্ঘন করার দণ্ড — কোন ব্যক্তি ধারা ৬৭ এর বিধান মানা হয় নাই এরূপ শক্তি চালিত কোন যন্ত্রপাতি কোন প্রতিষ্ঠানে ব্যবহারের জন্য বিক্র
10. <labour_952_s218_p1> [বাংলাদেশ শ্রম আইন, ২০০৬, ধারা ২১৮] শ্রম আপীল ট্রাইব্যুনাল — উক্ত কার্যক্রম অনুসরণ করিবে।(৮) যদি কোন বিষয়ে সিদ্ধান্ত দেওয়ার ক্ষেত্রে বেঞ্চের সদস্যগণের মধ্যে মত পার্থক্য ","family_180_s2_p0, family_180_s5",own_search,answered,2,Sorup
prot_0074_02,Sarwad,,আমার দাদা দুটি বিয়ে করেন। আমার বাবা প্রথম পক্ষের সন্তান। সৎ দাদির চার ছেলে ও এক মেয়ে। তাঁরাই আমার দাদার সম্পত্তি দেখাশোনা করেন। কিন্তু তাঁরা আমার বাবাকে তাঁর পৈতৃক সম্পত্তি থেকে বঞ্চিত করতে চান। আমি আমার মা-বাবার একমাত্র সন্তান। তাঁরা সম্পত্তির জন্য আমাকে মেরে ফেলার হুমকি দিচ্ছেন। বাবাকেও ধরে নিয়ে যাওয়ার হুমকি দিচ্ছেন। নিরাপত্তার জন্য আমাদের আইনি কী ব্যবস্থা নিলে ভালো হয়?নাম প্রকাশে অনিচ্ছুকগাজীপুর,"1. <labour_1285_s34> [বাংলাদেশ ইপিজেড শ্রম আইন, ২০১৯, ধারা ৩৪] কতিপয় ক্ষেত্রে মহিলা শ্রমিকের চাকরির অবসানে বাধা — যদি কোনো মহিলা শ্রমিকের সন্তান প্রসবের পূর্ববর্তী ৬ (ছয়) মাস এবং সন্তান প্রসবের পরবর্তী ৮ (আট) সপ্তাহ মেয়াদে
2. <other_822_s10> [পার্বত্য চট্টগ্রাম আঞ্চলিক পরিষদ আইন, ১৯৯৮, ধারা ১০] সম্পত্তি সম্পর্কিত ঘোষণা — চেয়ারম্যান ও প্রত্যেক সদস্য তাহার কার্যভার গ্রহণের পূর্বে তাহার এবং তাঁহার পরিবারের কোন সদস্যের স্বত্ব, দখল ব
3. <other_1174_s17> [রেলওয়ে নিরাপত্তা বাহিনী আইন, ২০১৬, ধারা ১৭] দণ্ড — ধারা ৯ এ বর্ণিত বিধানের সামগ্রিকতাকে ক্ষুণ্ণ না করিয়া, বাহিনীর কোনো সদস্য যদি(ক) প্রহরাবস্থায় কোনো চৌকি, ইউন
4. <local_government_1027_s41> [স্থানীয় সরকার (ইউনিয়ন পরিষদ) আইন, ২০০৯, ধারা ৪১] সম্পত্তি সম্পর্কিত ঘোষণা — চেয়ারম্যান ও সদস্য তাঁহার কার্যভার গ্রহণের পূর্বে তাঁহার এবং তাঁহার পরিবারের কোন সদস্যের স্বত্ব, দখল বা স্বার
5. <other_1132_s4> [পিতা-মাতার ভরণ-পোষণ আইন, ২০১৩, ধারা ৪] পিতা-মাতার অবর্তমানে দাদা-দাদী, নানা-নানীর ভরণ-পোষণ — প্রত্যেক সন্তান তাহার—(ক) পিতার অবর্তমানে দাদা-দাদীকে; এবং(খ) মাতার অবর্তমানে নানা-নানীকে—ধারা ৩ এ বর্ণিত ভরণ-
6. <other_1349_s2> [আকাশপথে পরিবহণ (মন্ট্রিল কনভেনশন) আইন, ২০২০, ধারা ২] বিষয়বাপ্রসঙ্গেরপরিপন্থিকোনোকিছুনাথাকিলে,এইআইনে-(ক)‘অভ্যন্তরীণপরিবহণ’অর্থআকাশপথে পরিবহণেপক্ষসমূহেরমধ্যেসম্পাদি
7. <local_government_827_s10> [উপজেলা পরিষদ আইন, ১৯৯৮, ধারা ১০] সম্পত্তি সম্পর্কিত ঘোষণা — 14[চেয়ারম্যান ও ভাইস চেয়ারম্যান ] তাঁহার কার্যভার গ্রহণের পূর্বে তাঁহার এবং তাঁহার পরিবারের কোন সদস্যের স্বত
8. <other_1684_s23> [মানব পাচার ও অভিবাসী চোরাচালান প্রতিরোধ ও দম, ধারা ২৩] ভিকটিম বা সাক্ষীকে হুমকি, ইত্যাদি প্রদানপূর্বক তদন্ত বা বিচারকার্যে বিঘ্ন সৃষ্টি করিবার অপরাধ ও উহার দণ্ড — (১) যদি কোনো ব্যক্তি মানব পাচার বা অভিবাসী চোরাচালানের শিকার কোনো ব্যক্তি বা তাহার পরিবারের কোনো সদস্যকে বা মা
9. <other_1418_s21_p2> [বাংলাদেশ সুপ্রীম কোর্টের বিচারক (ছুটি, পেনশন, ধারা ২১] আনুতোষিক ও পারিবারিক পেনশন — হিসাবে প্রাপ্য হইতেন।(৩) কোনো বিচারক, অবসর গ্রহণের পর তাহার গ্রস-পেনশনের সম্পূর্ণ অংশ সমর্পণ করিতে পারিবেন এবং
10. <other_1067_s31> [বর্ডার গার্ড বাংলাদেশ আইন, ২০১০, ধারা ৩১] ঊর্ধ্বতন কর্মকর্তার প্রতি অপরাধজনক বল প্রয়োগ ও হুমকি প্রদর্শন — অধিভুক্ত কোন ব্যক্তি যদি-(ক) ঊর্ধ্বতন কর্মকর্তার উপর অপরাধজনক বল প্রয়োগ বা বল প্রয়োগের চেষ্টা করেন বা আক্রমণ","criminal_procedure_75_s107, criminal_procedure_11_s506",own_search,answered,2,Sorup
prot_0000_04,Sarwad,,"আমার সমস্যা হচ্ছে, আমার মায়েরা চার বোন ও এক ভাই। নানা মারা গেছেন। নানি জীবিত। নানার সম্পত্তি তিন বোন নিয়েছেন। ছোট খালা এখনো নেননি। অনেক ঘোরাঘুরি করছেন কিন্তু মামা বিভিন্ন অজুহাত দেখাচ্ছেন। আমার নানির দুই আনা সম্পত্তিসহ নিজের নামে ৯৯ শতাংশ জমি ছিল, যা মায়েরা চার বোন এবং এক মামা উত্তরাধিকারসূত্রে পাওনাদার ছিল। কিন্তু গত ১০ জুলাই তারিখে আমার মামা, মামাতো ভাই, বোন এবং মামি চাপ দিয়ে মামার নামে রেজিস্ট্রি করে নিছে। রেজিস্ট্রি করার পর ঘটনাটি জানাজানি হয়। এখন আদৌ কি আমার মায়ের প্রাপ্য অংশ ফিরে পাওয়া সম্ভব?","1. <other_1682_s2_p0> [মানবদেহে অঙ্গ-প্রত্যঙ্গ সংযোজন আইন, ২০২৬, ধারা ২] সংজ্ঞা — বিষয় বা প্রসঙ্গের পরিপন্থি কোনো কিছু না থাকিলে, এই আইনে- (১) “অঙ্গ-প্রত্যঙ্গ” অর্থ মানবদেহের কিডনি, হৃৎপিণ্ড,
2. <other_1718_s83> [অর্থ (২০২৫-২০২৬ অর্থ বৎসর) আইন, ২০২৬, ধারা ৮৩] ২০২৩ সনের ১২ নং আইনের ধারা ১৩৫ এর সংশোধন — উক্ত আইনের ধারা ১৩৫ এর- (ক) উপ-ধারা (১) এ উল্লিখিত “১০% (দশ শতাংশ)” সংখ্যা, চিহ্ন, বন্ধনী ও শব্দগুলির পরিবর্তে
3. <other_1349_s2> [আকাশপথে পরিবহণ (মন্ট্রিল কনভেনশন) আইন, ২০২০, ধারা ২] বিষয়বাপ্রসঙ্গেরপরিপন্থিকোনোকিছুনাথাকিলে,এইআইনে-(ক)‘অভ্যন্তরীণপরিবহণ’অর্থআকাশপথে পরিবহণেপক্ষসমূহেরমধ্যেসম্পাদি
4. <other_1266_s2_p3> [বাংলাদেশ মুক্তিযোদ্ধা কল্যাণ ট্রাস্ট আইন, ২০, ধারা ২] সংজ্ঞা — বা স্বামী এবং পিতা-মাতার অবর্তমানে খেতাবপ্রাপ্ত বীর মুক্তিযোদ্ধার সন্তান; বা(উ) (অ)-(ঈ) পর্যন্ত বর্ণিত ব্যক্তি
5. <other_1148_s2> [বাংলাদেশ সাংবাদিক কল্যাণ ট্রাস্ট আইন, ২০১৪, ধারা ২] সংজ্ঞা — বিষয় বা প্রসঙ্গের পরিপন্থী কোন কিছু না থাকিলে, এই আইনে-(১) ‘‘চেয়ারম্যান’’ অর্থ বোর্ডের চেয়ারম্যান;(২) ‘‘ট্র
6. <other_1378_s2> [বাংলাদেশ চলচ্চিত্র শিল্পী কল্যাণ ট্রাস্ট আইন, ধারা ২] সংজ্ঞা — বিষয় বা প্রসঙ্গের পরিপন্থি কোনো কিছু না থাকিলে, এই আইনে-(ক) “চলচ্চিত্র” অর্থ সেলুলয়েড, অ্যানালগ, ডিজিটাল বা 
7. <local_government_827_s8_p1> [উপজেলা পরিষদ আইন, ১৯৯৮, ধারা ৮] বা ব্যক্তিবর্গের নামে বা তাঁহার সুবিধার্থে বা তাঁহার উপলক্ষে বা কোন হিন্দু যৌথ পরিবারের সদস্য হিসাবে তাঁহার কো
8. <other_1485_s2> [বাংলাদেশ পুলিশ কল্যাণ তহবিল আইন, ২০২৩, ধারা ২] সংজ্ঞা — বিষয় বা প্রসঙ্গের পরিপন্থি কোনো কিছু না থাকিলে, এই আইনে,-(১) ""কর্মচারী"" অর্থ-(ক) পুলিশ ইন্সপেক্টরের নিম্ন পদম
9. <other_943_s2> [বাংলাদেশ শ্রমিক কল্যাণ ফাউন্ডেশন আইন, ২০০৬, ধারা ২] সংজ্ঞা — বিষয় বা প্রসঙ্গের পরিপন্থী কিছু না থাকিলে, এই আইনে-(ক) “অপ্রাতিষ্ঠানিক খাত” অর্থ এইরূপ বেসরকারী খাত যেখানে কর
10. <other_1412_s6_p0> [বেসরকারি মেডিকেল কলেজ ও ডেন্টাল কলেজ আইন, ২০, ধারা ৬] বেসরকারি মেডিকেল কলেজ বা ডেন্টাল কলেজ স্থাপনের শর্তাবলি — এই আইনের অধীন বেসরকারি মেডিকেল কলেজ বা ডেন্টাল কলেজ স্থাপনের লক্ষ্যে নিম্নবর্ণিত শর্তাবলি পূরণ করিতে হইবে, যথা",other_36_s39,own_search,answered,2,Sorup
prot_0114_02,Sarwad,,"ভরণপোষণের খরচ যদি দেওয়াও হয়, তাহলে আমার ছেলের কত বয়স পর্যন্ত আমি পেতে পারি?","1. <women_children_835_s13> [নারী ও শিশু নির্যাতন দমন আইন, ২০০০, ধারা ১৩] (১) অন্য কোন আইনে ভিন্নতর যাহা কিছুই থাকুক না কেন, ধর্ষণের কারণে কোন সন্তান জন্মলাভ করিলে-(ক) উক্ত সন্তানকে তা
2. <labour_952_s267> [বাংলাদেশ শ্রম আইন, ২০০৬, ধারা ২৬৭] প্রশাসন ব্যয় — (১) ট্রাস্টি বোর্ড চাঁদার ভিত্তিতে একটি প্রশাসনিক খরচ আরোপ করিতে পারিবে।(২) সরকার, বোর্ডের সহিত পরামর্শক্রমে, 
3. <other_751_s101> [ব্যাংক-কোম্পানী আইন, ১৯৯১, ধারা ১০১] নথিপত্র সংরক্ষণের বিষয়ে সরকারের বিধি প্রণয়নের ক্ষমতা — কোন ব্যাংক-কোম্পানীর হিসাবের খাতা, পরিশোধিত দাবী-সম্বলিত দলিল এবং অন্যান্য দলিলাদি কত দিন পর্যন্ত সংরক্ষণ করিত
4. <women_children_1119_s4> [শিশু আইন, ২০১৩, ধারা ৪] শিশু — বিদ্যমান অন্য কোন আইনে ভিন্নতর যাহা কিছুই থাকুক না কেন, এই আইনের উদ্দেশ্যপূরণকল্পে, অনুর্ধ্ব ১৮ (আঠার) বৎসর বয
5. <labour_952_s295> [বাংলাদেশ শ্রম আইন, ২০০৬, ধারা ২৯৫] কোন ব্যক্তি কোন বেআইনী ধর্মঘট বা লক-আউটে অংশ গ্রহণের জন্য অথবা উহার জন্য অর্থ খরচ বা সরবরাহের জন্য অথবা অন্য ক
6. <money_recovery_901_s10> [অর্থ ঋণ আদালত আইন, ২০০৩, ধারা ১০] লিখিত জবাব দাখিলের সময়সীমা — (১) উপ-ধারা (২) এর বিধান সাপেক্ষে, অর্থ ঋণ আদালত, বিবাদী উপস্থিত হওয়ার ৪০ (চল্লিশ) দিবসের পরবর্তীতে বিবাদী কর
7. <other_788_s395> [কোম্পানী আইন, ১৯৯৪, ধারা ৩৯৫] সীমিতদায় কোম্পানীকে মামলার খরচের জন্য জামানত দেওয়ার নির্দেশদানের ক্তমতা — যেক্ষেত্রে কোন মামলা বা অন্য কোন আইনগত কার্যধারায় কোন সীমিতদায় কোম্পানী বাদী বা আবেদনকারী হয়, সেক্ষেত্রে যদ
8. <other_743_s4> [দানকর আইন, ১৯৯০, ধারা ৪] কতিপয় দানের ক্ষেত্রে অব্যাহতি — (১) নিম্নবর্ণিত ক্ষেত্রসমূহে কোন ব্যক্তির কৃত দানের উপর এই আইনের অধীন কোন দানকর আরোপযোগ্য হইবে না, যথা :-(ক) দ
9. <other_788_s206_p0> [কোম্পানী আইন, ১৯৯৪, ধারা ২০৬] তদন্তের খরচ — (১) ধারা ১৯৫ অথবা ১৯৭ এর অধীনে সরকার কর্তৃক নিযুক্ত পরিদর্শক কর্তৃক তদন্ত্মের জন্য এবং উহার আনুষংগিক বিষয়াদির
10. <women_children_1119_s21> [শিশু আইন, ২০১৩, ধারা ২১] 1 [***] বয়স অনুমান ও নির্ধারণ — (১) অভিযুক্ত হউক বা না হউক, এমন কোন শিশুকে কোন অপরাধের দায়ে বা কোন শিশুকে অন্য কোন কারণে শিশু-আদালতে সাক্ষ্য ",none,none,not_found,1,Sorup
lawy_0533_01,Sarwad,,বিজ্ঞাপনে মিথ্যাচার ও বর্ণবাদ : আইনি প্রতিকার কী?,"1. <consumer_1127_s41> [নিরাপদ খাদ্য আইন, ২০১৩, ধারা ৪১] বিজ্ঞাপনে অসত্য বা বিভ্রান্তিকর তথ্য — কোন ব্যক্তি কোন খাদ্যদ্রব্য বা খাদ্যোপকরণ বিপণন বা বিক্রয়ের উদ্দেশ্যে, প্রবিধান দ্বারা নির্ধারিত বিজ্ঞাপনের শ
2. <other_1425_s35> [1[মেহেরপুর বিশ্ববিদ্যালয়] আইন, ২০২৩, ধারা ৩৫] অভিযোগ প্রতিকার কমিটি — (১) বিশ্ববিদ্যালয়ের একটি অভিযোগ প্রতিকার কমিটি থাকিবে।(২) অভিযোগ প্রতিকার কমিটির গঠন, ক্ষমতা ও কাঠামোবলি সংবি
3. <other_1426_s35> [1[নওগাঁ বিশ্ববিদ্যালয়] আইন, ২০২৩, ধারা ৩৫] অভিযোগ প্রতিকার কমিটি — (১) বিশ্ববিদ্যালয়ের একটি অভিযোগ প্রতিকার কমিটি থাকিবে।(২) অভিযোগ প্রতিকার কমিটির গঠন, ক্ষমতা ও কাঠামোবলি সংবি
4. <other_1469_s35> [ঠাকুরগাঁও বিশ্ববিদ্যালয় আইন, ২০২৩, ধারা ৩৫] অভিযোগ প্রতিকার কমিটি — (১) বিশ্ববিদ্যালয়ের একটি অভিযোগ প্রতিকার কমিটি থাকিবে।(২) অভিযোগ প্রতিকার কমিটির গঠন, ক্ষমতা ও কার্যাবলি সংবি
5. <other_1707_s38> [ঢাকা সেন্ট্রাল ইউনিভার্সিটি আইন, ২০২৬, ধারা ৩৮] অভিযোগ প্রতিকার ও সেক্সুয়াল হেরাসমেন্ট নিরোধ কমিটি — (১) বিশ্ববিদ্যালয়ের একটি অভিযোগ প্রতিকার কমিটি এবং সেক্সুয়াল হেরাসমেন্ট নিরোধ কমিটি থাকিবে। (২) অভিযোগ প্রতি
6. <other_1660_s10> [স্থানিক পরিকল্পনা আইন, ২০২৬, ধারা ১০] প্রতিকার — (১) এই আইনের অধীন কর্তৃপক্ষের কোনো কর্মচারীর সিদ্ধান্ত দ্বারা কোনো ব্যক্তি সংক্ষুব্ধ হইলে তিনি বা তাহার মনোনীত
7. <other_1271_s24> [সরকারি চাকরি আইন, ২০১৮, ধারা ২৪] আইনি সহায়তা — (১) কোনো কর্মচারীর বিরুদ্ধে, সরকারি দায়িত্ব পালনের সহিত সম্পর্কিত কোনো বিষয়ে তাহাকে ব্যক্তিগতভাবে দায়ী করিয
8. <other_1392_s5> [ব্যাংকার বহি সাক্ষ্য আইন, ২০২১, ধারা ৫] যেক্ষেত্রে ব্যাংকের কর্মকর্তা ব্যাংকার বহি উপস্থাপনে বা সাক্ষী হইতে বাধ্য নহেন — ধারা ৭ এর অধীন গ্রাহকতথ্য প্রকাশে বাধ্য না হইলে, কোনো ব্যাংকের কোনো কর্মকর্তা বা কর্মচারীকে কোনো আইনি কার্যক্র
9. <other_1429_s149> [আয়কর আইন, ২০২৩, ধারা ১৪৯] উৎসে কর কর্তন বা সংগ্রহের ক্ষেত্রে দায়মুক্তি — যেইক্ষেত্রে এই অংশের অধীন কর হিসাবে কোনো অর্থ সংগ্রহ বা কর্তন করা হয় এবং সরকারের অনুকূলে জমা প্রদান করা হয়, 
10. <other_1181_s108> [বাংলাদেশ কোস্ট গার্ড আইন, ২০১৬, ধারা ১০৮] কোস্ট গার্ড আদালতের রায় ও দণ্ডাদেশের বিরুদ্ধে প্রতিকার — (১) অধিভুক্ত কোন ব্যক্তি স্পেশাল কোস্ট গার্ড আদালত বা স্পেশাল সামারি কোস্ট গার্ড আদালতের রায় বা দণ্ডাদেশ দ্বা",consumer_1014_s44,own_search,answered,2,Sorup
prot_0047_01,Sarwad,,"আমার চাচা প্রচুর সম্পত্তির মালিক। তাঁর কিছু সম্পত্তি স্ত্রীর নামে আছে। চাচাকে লেখাপড়ার খরচ দিয়েছেন আমার বাবা। আমার বাপ-চাচারা চার ভাই, দুই বোন। চাচার কোনো সন্তান নেই। চাচার মৃত্যুর পর আমাদের কি তার সম্পত্তিতে কোনো অধিকার আছে?","1. <other_1266_s2_p3> [বাংলাদেশ মুক্তিযোদ্ধা কল্যাণ ট্রাস্ট আইন, ২০, ধারা ২] সংজ্ঞা — বা স্বামী এবং পিতা-মাতার অবর্তমানে খেতাবপ্রাপ্ত বীর মুক্তিযোদ্ধার সন্তান; বা(উ) (অ)-(ঈ) পর্যন্ত বর্ণিত ব্যক্তি
2. <other_1349_s2> [আকাশপথে পরিবহণ (মন্ট্রিল কনভেনশন) আইন, ২০২০, ধারা ২] বিষয়বাপ্রসঙ্গেরপরিপন্থিকোনোকিছুনাথাকিলে,এইআইনে-(ক)‘অভ্যন্তরীণপরিবহণ’অর্থআকাশপথে পরিবহণেপক্ষসমূহেরমধ্যেসম্পাদি
3. <labour_1285_s33> [বাংলাদেশ ইপিজেড শ্রম আইন, ২০১৯, ধারা ৩৩] মহিলা শ্রমিকের মৃত্যুর ক্ষেত্রে প্রসূতি কল্যাণ সুবিধা প্রদান — (১) এই অধ্যায়ের অধীন প্রসূতি কল্যাণ সুবিধা পাইবার অধিকারী কোনো মহিলা শ্রমিক সন্তান প্রসবকালে অথবা উহার পরবর্ত
4. <land_1455_s5> [ভূমি সংস্কার আইন, ২০২৩, ধারা ৫] স্থাবর সম্পত্তির বেনামি লেনদেন — (১) কোনো ব্যক্তি নিজের উপকারার্থে কোনো স্থাবর সম্পত্তির বেনামি লেনদেন করিতে পারিবেন না।ব্যাখ্যা।-এই ধারায় ‘বে
5. <other_1682_s2_p0> [মানবদেহে অঙ্গ-প্রত্যঙ্গ সংযোজন আইন, ২০২৬, ধারা ২] সংজ্ঞা — বিষয় বা প্রসঙ্গের পরিপন্থি কোনো কিছু না থাকিলে, এই আইনে- (১) “অঙ্গ-প্রত্যঙ্গ” অর্থ মানবদেহের কিডনি, হৃৎপিণ্ড,
6. <land_856_s5> [অর্পিত সম্পত্তি প্রত্যর্পণ আইন, ২০০১, ধারা ৫] মালিক, প্রমুখের নিকট প্রত্যর্পণযোগ্য সম্পত্তি প্রত্যর্পণ এবং ইহার ফলাফল — (১) এই আইনের বিধানাবলী অনুসারে প্রত্যর্পণযোগ্য সম্পত্তির তালিকায় অন্তর্ভুক্ত সম্পত্তি উহার মালিকের নিকট বা, ক
7. <other_1148_s2> [বাংলাদেশ সাংবাদিক কল্যাণ ট্রাস্ট আইন, ২০১৪, ধারা ২] সংজ্ঞা — বিষয় বা প্রসঙ্গের পরিপন্থী কোন কিছু না থাকিলে, এই আইনে-(১) ‘‘চেয়ারম্যান’’ অর্থ বোর্ডের চেয়ারম্যান;(২) ‘‘ট্র
8. <other_1718_s83> [অর্থ (২০২৫-২০২৬ অর্থ বৎসর) আইন, ২০২৬, ধারা ৮৩] ২০২৩ সনের ১২ নং আইনের ধারা ১৩৫ এর সংশোধন — উক্ত আইনের ধারা ১৩৫ এর- (ক) উপ-ধারা (১) এ উল্লিখিত “১০% (দশ শতাংশ)” সংখ্যা, চিহ্ন, বন্ধনী ও শব্দগুলির পরিবর্তে
9. <other_1446_s6> [সরকারি প্রাথমিক বিদ্যালয় শিক্ষক কল্যাণ ট্রাস, ধারা ৬] ট্রাস্টের কার্যাবলি — ট্রাস্টের কার্যাবলি হইবে নিম্নরূপ, যথা :-(ক) শিক্ষক ও পোষ্যদের চিকিৎসার জন্য আর্থিক সাহায্য প্রদান;(খ) পোষ্যদে
10. <other_788_s326_p0> [কোম্পানী আইন, ১৯৯৪, ধারা ৩২৬] কতিপয় সম্পদের দাবী পরিত্যাগ — (১) অবলুপ্তির কার্যক্রম চলিতেছে এমন কোন কোম্পানীর সম্পদের কোন অংশের মধ্যে যদি দূর্বহ চুক্তির (onerous covenant",other_173_s2,own_search,answered,1,Sorup
prot_0073_01,Sarwad,,"প্রেম করে বিয়ে করি। আমরা দুজনই প্রাপ্তবয়স্ক। আমাদের বিয়ের ব্যাপারটা কিছুদিন আগে জানাজানি হয়। একপর্যায়ে ওর বাবা ওকে ভয়ভীতি দেখিয়ে জোরপূর্বক কাজি অফিসে নিয়ে তালাকনামায় সই করান। প্রায় এক মাস হয়ে গেল তালাকনামায় সই করিয়েছেন; কিন্তু এর মধ্যে আমার কাছে কোনো তালাকের নোটিশ বা তালাকনামা বা অন্য কোনো কাগজ পাঠাননি। আমার জিজ্ঞাসা, এতে কি তালাক কার্যকর হয়েছে? হয়ে থাকলে কাবিননামায় উল্লিখিত দেনমোহর কি আমাকে পরিশোধ করতে হবে?স্বপনসিলেট","1. <other_1246_s204> [ক্যান্টনমেন্ট আইন, ২০১৮, ধারা ২০৪] মামলার নোটিশ প্রদান — (১) কোনো ব্যক্তি বোর্ডের কোনো আদেশ দ্বারা সংক্ষুব্ধ হইয়া কোনো দেওয়ানি মামলা দায়ের করিতে চাহিলে, তিনি তামাদি
2. <other_1136_s34> [ভৌগোলিক নির্দেশক পণ্য (নিবন্ধন ও সুরক্ষা) আই, ধারা ৩৪] নিবন্ধনবহির এন্ট্রি জালকরণের দণ্ড — যদি কোন ব্যক্তি নিবন্ধন বহিতে কোন মিথ্যা এন্ট্রি করেন বা করান অথবা মিথ্যাভাবে এমন কোন লিখিত কাগজ তৈরি করেন বা 
3. <other_1725_s97_p1> [অর্থ আইন, ২০২৬, ধারা ৯৭] ২০২৩ সনের ১২ নং আইনের ধারা ১৭০ এর সংশোধন — করের ৫% (পাঁচ শতাংশ) অথবা ৫ (পাঁচ) হাজার টাকা, যাহা অধিক সেই পরিমাণ অতিরিক্ত কর প্রযোজ্য হইবে । (খ) পূর্বে কখন
4. <other_1429_s2_p4> [আয়কর আইন, ২০২৩, ধারা ২] সংজ্ঞা — পরবর্তী সেপ্টেম্বর মাসের পনেরোতম দিন;(গ) পূর্বে কখনোই রিটার্ন দাখিল করেন নাই এইরূপ স্বাভাবিক ব্যক্তি করদাতার ক
5. <other_1478_s62_p0> [ফাইন্যান্স কোম্পানি আইন, ২০২৩, ধারা ৬২] অদাবিকৃত অর্থ বা আমানত সংক্রান্ত বিধান — (১) কোনো ফাইন্যান্স কোম্পানির কোনো কেন্দ্র বা শাখায় সরকার, নাবালক বা আদালতের অর্থ ব্যতীত অন্য কাহারো পরিশোধযো
6. <other_751_s35_p2> [ব্যাংক-কোম্পানী আইন, ১৯৯১, ধারা ৩৫] অদাবীকৃত আমানত এবং মূল্যবান সামগ্রী — প্রাপ্তবয়স্ক সদস্যের নিকট, এবং ব্যক্তি সমন্বয়ে গঠিত অন্য কোন সমিতির ক্ষেত্রে, উহার মূখ্য কর্মকর্তার নিকট, প্
7. <consumer_1270_s50> [ওজন ও পরিমাপ মানদণ্ড আইন, ২০১৮, ধারা ৫০] সীলমোহর জালকরণের দণ্ড, ইত্যাদি — কোনো ব্যক্তি যদি-(ক) কোনো সীলমোহর অথবা স্ট্যাম্প জাল করেন; বা(খ) জাল সীলমোহর অধিকারে রাখেন, বিক্রয় বা অন্য কো
8. <labour_952_s111> [বাংলাদেশ শ্রম আইন, ২০০৬, ধারা ১১১] প্রাপ্তবয়স্ক শ্রমিকের কাজের সময়ের নোটিশ এবং উহার প্রস্তুতি — (১) প্রত্যেক প্রতিষ্ঠানে উহাতে কর্মরত প্রাপ্তবয়স্ক শ্রমিকগণ কোন্ কোন্ সময় কাজ করিবেন ইহা পরিষ্কারভাবে লিখিয়
9. <other_1476_s171_p15> [কাস্টমস আইন, ২০২৩, ধারা ১৭১] অপরাধসমূহের জরিমানা বা দণ্ড — আরোপণীয় হইবে; অথবা(খ) আদালত কর্তৃক দোষী সাব্যস্ত হইলে, সংশ্লিষ্ট ব্যক্তি তিনি অনধিক ১ (এক) বৎসর মেয়াদের কারা
10. <other_1037_s85> [বীমা আইন, ২০১০, ধারা ৮৫] পলিসি তামাদির ক্ষেত্রে বীমাকৃতের প্রাপ্তব্য সুবিধাদি সম্পর্কে নোটিশ প্রদান৷ — কোন বীমাকারী যে তারিখে লাইফ ইন্স্যুরেন্স পলিসির প্রিমিয়াম প্রদেয় ছিল, কিন্তু পরিশোধ করা হয়নি ঐ তারিখ হইতে ৩","family_305_s8, family_305_s10",own_search,answered,2,Sorup
prot_0001_01,Sarwad,,"আমার ভাই ১৬ বছর বয়সে কাজি অফিসে গিয়ে বিয়ে করে। তখন সে তার বয়স বাড়িয়ে বলেছিল। কিন্তু অফিশিয়াল কাগজে তার এবং তার স্ত্রীর বয়স ১৬ তখন। সাত-আট বছর ধরে তাদের মধ্যে কোনো যোগাযোগ নেই। যে কাজী অফিসে তাদের বিয়ে হয়েছিল, সেখানে তাদের বিয়ের কোনো কাবিননামাও খুঁজে পাওয়া যাচ্ছে না। আমার ভাই বর্তমানে আরেক মেয়েকে বিয়ে করতে চায়। এ জন্য সে আগের স্ত্রীকে তালাক দিতে চায়। কিন্তু যেহেতু কোনো কাগজ পাওয়া যায়নি আগের বিয়ের, তালাক দেওয়ার প্রয়োজনীয়তা কি আছে?","1. <other_1153_s4> [উপানুষ্ঠানিক শিক্ষা আইন, ২০১৪, ধারা ৪] উপানুষ্ঠানিক শিক্ষার শ্রেণীবিভাগ ও বয়স-সীমা — (১) প্রকৃতি ও ধরন অনুযায়ী উপানুষ্ঠানিক শিক্ষার শ্রেণীবিভাগ হইবে নিম্নরূপ, যথা :-(ক) উপানুষ্ঠানিক প্রাথমিক শিক
2. <women_children_1119_s21> [শিশু আইন, ২০১৩, ধারা ২১] 1 [***] বয়স অনুমান ও নির্ধারণ — (১) অভিযুক্ত হউক বা না হউক, এমন কোন শিশুকে কোন অপরাধের দায়ে বা কোন শিশুকে অন্য কোন কারণে শিশু-আদালতে সাক্ষ্য 
3. <labour_1285_s24> [বাংলাদেশ ইপিজেড শ্রম আইন, ২০১৯, ধারা ২৪] চাকরি হইতে অবসর গ্রহণ — (১) এই অধ্যায়ের অন্যত্র যাহা কিছুই উল্লে­খ থাকুক না কেন, কোনো প্রতিষ্ঠানে নিয়োজিত কোনো শ্রমিকের বয়স ৬০ (ষাট
4. <labour_952_s95> [বাংলাদেশ শ্রম আইন, ২০০৬, ধারা ৯৫] চা-বাগানে বিনোদন ও শিক্ষার সুবিধা — সরকার চা বাগান সম্পর্কে-(ক) বিধি প্রণয়ন করিয়া উহার প্রত্যেক মালিককে সেখানে নিযুক্ত শ্রমিকগণ এবং তাহাদের শিশু
5. <other_943_s2> [বাংলাদেশ শ্রমিক কল্যাণ ফাউন্ডেশন আইন, ২০০৬, ধারা ২] সংজ্ঞা — বিষয় বা প্রসঙ্গের পরিপন্থী কিছু না থাকিলে, এই আইনে-(ক) “অপ্রাতিষ্ঠানিক খাত” অর্থ এইরূপ বেসরকারী খাত যেখানে কর
6. <other_924_s2> [ব্যক্তি মালিকানাধীন সড়ক পরিবহন শ্রমিক কল্যাণ, ধারা ২] সংজ্ঞা — বিষয় বা প্রসঙ্গের পরিপন্থী কিছু না থাকিলে, এই আইনে-(ক) “কল্যাণ তহবিল” অর্থ ধারা ৪ এর অধীন গঠিত কল্যাণ তহবিল;(
7. <other_888_s11> [আইন-শৃঙ্খলা বিঘ্নকারী অপরাধ (দ্রুত বিচার) আই, ধারা ১১] আসামীর অনুপস্থিতিতে বিচার — যদি আদালতের এ মর্মে বিশ্বাস করিবার যুক্তিসংগত কারণ থাকে যে,-(ক) অভিযুক্ত ব্যক্তি তাহার গ্রেফতার বা তাহাকে বিচা
8. <local_government_1024_s105> [স্থানীয় সরকার (পৌরসভা) আইন, ২০০৯, ধারা ১০৫] বেতনাদি হইতে কর কর্তন — পৌরসভা যদি কোন পেশা, ব্যবসা অথবা বৃত্তির উপর করারোপ করিতে চায়, তাহা হইলে এইরূপ কর প্রদানের জন্য দায়ী ব্যক্তি
9. <other_1266_s2_p2> [বাংলাদেশ মুক্তিযোদ্ধা কল্যাণ ট্রাস্ট আইন, ২০, ধারা ২] সংজ্ঞা — জামায়াতে ইসলামী এবং তাহাদের সহযোগী রাজাকার, আলবদর, আলশামস বাহিনীর বিরুদ্ধে গণপ্রজাতন্ত্রী বাংলাদেশের স্বাধীনত
10. <other_1352_s23> [বাংলাদেশ মাদ্রাসা শিক্ষা বোর্ড আইন, ২০২০, ধারা ২৩] অবসর গ্রহণের বয়স — আপাতত বলবৎ অন্য কোনো আইনে ভিন্নরূপ যাহা কিছুই থাকুক না কেন, বোর্ডের স্থায়ী কর্মচারীগণের অবসর গ্রহণের বয়স ৬০ ","family_305_s7, family_305_s6",own_search,answered,2,Sorup
prot_0113_01,Sarwad,,"চিকিৎসায় অবহেলা কিংবা চিকিৎসকদের অবহেলায় রোগীর মৃত্যুর খবর আমরা প্রায়ই জানতে পারছি। বড় বড় হাসপাতালেও এ ঘটনা ঘটছে। সম্প্রতি ঢাকার একটি বেসরকারি হাসপাতালে চিকিৎসকের অবহেলায় এক শিক্ষকের মৃত্যুর ঘটনা ঘটেছে। আমরা সাধারণ মানুষ তো সরকারি হাসপাতালগুলোর ওপর ভরসা রাখতেই পারছি না, আবার প্রাইভেট ক্লিনিকগুলোর ওপরও আস্থা হারিয়ে ফেলছি। কিন্তু এসব দেখার কি কেউ নেই?","1. <other_1273_s14> [মানসিক স্বাস্থ্য আইন, ২০১৮, ধারা ১৪] অনিচ্ছুক রোগীর ভর্তি প্রক্রিয়া — (১) উপ-ধারা (৪) এর বিধান সাপেক্ষে মানসিক রোগে আক্রান্ত ব্যক্তির অভিভাবক বা আত্মীয় বা স্থানীয় অধিক্ষেত্রে কর্
2. <other_1413_s17> [সরকারি ঋণ আইন, ২০২২, ধারা ১৭] ধারক কর্তৃক নমিনি মনোনয়ন প্রদান — (১) আপাতত বলবৎ অন্য কোনো আইনে ভিন্নরূপ যাহা কিছুই থাকুক না কেন,-(ক) সরকারি সিকিউরিটি বা জাতীয় সঞ্চয় স্কীমের 
3. <other_1273_s9> [মানসিক স্বাস্থ্য আইন, ২০১৮, ধারা ৯] মানসিক হাসপাতাল পরিদর্শন, তল্লাশি ও জব্দ — (১) সরকার কোনো মানসিক হাসপাতালে যে কোনো সময়ে প্রবেশ, পরিদর্শন, রেজিস্টার ও চিকিৎসা সেবা সংক্রান্ত যন্ত্রপাতি,
4. <other_1586_s22> [গুম প্রতিরোধ ও প্রতিকার অধ্যাদেশ, ২০২৫, ধারা ২২] ভুক্তভোগীর অধিকার — (১) ভুক্তভোগীর নিম্নবর্ণিত বিষয়ে সত্য জানিবার অধিকার থাকিবে, যথা:- (ক) গুম সম্পর্কিত বিস্তারিত ঘটনা ও পারিপার
5. <other_1103_s2_p1> [দুর্যোগ ব্যবস্থাপনা আইন, ২০১২, ধারা ২] সংজ্ঞা — ও শীত বস্ত্রসহ প্রয়োজনীয় অন্যান্য বস্ত্র, আশ্রয়, ঔষধ, নবজাতক ও শিশুদের জন্য অপরিহার্য দ্রব্যাদি, বিশুদ্ধ পা
6. <money_recovery_876_s29> [সমবায় সমিতি আইন, ২০০১, ধারা ২৯] Limitation Act, 1908(Act No. IX of 1908) এ ভিন্নতর যাহা কিছুই থাকুক না কেন,-(ক) কোন সদস্য বা সাবেক সদস্য বা বহ
7. <women_children_835_s32> [নারী ও শিশু নির্যাতন দমন আইন, ২০০০, ধারা ৩২] 80[(১) এই আইনের অধীন সংঘটিত অপরাধে অভিযুক্ত ব্যক্তি এবং অপরাধের শিকার ব্যক্তির মেডিক্যাল পরীক্ষা সর্বাধুনিক প্
8. <other_1170_s15> [বাংলাদেশ  সরকারি-বেসরকারি অংশীদারিত্ব আইন, ২, ধারা ১৫] জাতীয় অগ্রাধিকার প্রকল্প — (১) দেশের আর্থ-সামাজিক উন্নয়ন ত্বরান্বিত করিবার বা জনসাধারণের বড় ধরনের কোন দূর্ভোগ দ্রুত নিরসনের প্রয়োজনে চ
9. <other_1103_s41> [দুর্যোগ ব্যবস্থাপনা আইন, ২০১২, ধারা ৪১] লবণাক্ততা বা প্লাবন সৃষ্টি করা বা চলমান পানি প্রবাহে প্রতিবন্ধকতার সৃষ্টি করা বা বাধেঁর ক্ষতিসাধন, ইত্যাদির দণ্ড — কোন ব্যক্তি যদি ইচ্ছাকৃতভাবে নিজস্ব স্বার্থসিদ্ধির জন্য বা অবহেলায় কোন এলাকায় লবণাক্ততা বা প্লাবন সৃষ্টি করে
10. <other_849_s5> [এডমিরালটি কোর্ট আইন, ২০০০, ধারা ৫] সংঘর্ষ ও অনুরূপ মামলার ক্ষেত্রে কোর্টের in personam এখতিয়ার — (১) এই ধারা প্রযোজ্য হয় এমন কোন দাবী কার্যকর করণার্থ বাংলাদেশের কোন আদালত action in personam বিচারার্থ গ্রহণ ","criminal_procedure_11_s304A, consumer_1014_s53",own_search,answered,2,Sorup
prot_0037_08,Sarwad,,আমার স্বামী আমাকে না জানিয়ে ঢাকায় বিয়ে করেছেন। এখন আমাদের ভরণপোষণ দেওয়া বন্ধ করে দিয়েছেন। আমি গ্রামের চেয়ারম্যানকে বিষয়টি জানাই।তিনি আমাদের স্বামী-স্ত্রীর সই একটি সাদা স্ট্যাম্পে রেখে তিন মাস পর সিদ্ধান্ত নেবেন বলে জানিয়েছেন। এখন আমার কী করা উচিত?,"1. <other_857_s11> [বাংলাদেশ টেলিযোগাযোগ নিয়ন্ত্রণ আইন, ২০০১, ধারা ১১] পরিবারের সদস্যের কতিপয় স্বার্থ সম্পর্কে কমিশনারের দায়িত্ব — (১) কোন কমিশনারের পরিবারের কোন সদস্য যদি ধারা ১০(২)(ছ)- েত উলিস্্নখিত স্বার্থ অর্জন বা ধারণ করেন, তাহা হইলে তি
2. <other_1485_s9> [বাংলাদেশ পুলিশ কল্যাণ তহবিল আইন, ২০২৩, ধারা ৯] মৃত্যু এবং অক্ষমতাজনিত কারণে এককালীন এবং মাসিক কল্যাণ অনুদান — (১) কোনো কর্মচারী বা তাহার মৃত্যু হইলে তাহার স্ত্রী বা, ক্ষেত্রমত, স্বামী, বিধি দ্বারা নির্ধারিত পদ্ধতিতে, নিম
3. <labour_952_s7> [বাংলাদেশ শ্রম আইন, ২০০৬, ধারা ৭] সার্ভিস বইয়ের ফরম — (১) সার্ভিস বই বিধি দ্বারা নির্ধারিত মাপে ও ফরমে রৰিত হইবে, এবং উহাতে শ্রমিকের একটি ফটো সংযোজিত থাকিবে।(২) সার
4. <other_1429_s31> [আয়কর আইন, ২০২৩, ধারা ৩১] আয় একীভূতকরণ — (১) এই আইনে ভিন্নরূপ কিছু না থাকিলে, নিম্নবর্ণিত আয়সমূহ কোনো ব্যক্তির মোট আয়ের অন্তর্ভুক্ত হইবে, যথা:-(ক) উক
5. <other_1266_s2_p3> [বাংলাদেশ মুক্তিযোদ্ধা কল্যাণ ট্রাস্ট আইন, ২০, ধারা ২] সংজ্ঞা — বা স্বামী এবং পিতা-মাতার অবর্তমানে খেতাবপ্রাপ্ত বীর মুক্তিযোদ্ধার সন্তান; বা(উ) (অ)-(ঈ) পর্যন্ত বর্ণিত ব্যক্তি
6. <other_1132_s5> [পিতা-মাতার ভরণ-পোষণ আইন, ২০১৩, ধারা ৫] পিতা-মাতার ভরণ-পোষণ না করিবার দণ্ড — (১) কোন সন্তান কর্তৃক ধারা ৩ এর যে কোন উপ-ধারার বিধান কিংবা ধারা ৪ এর বিধান লংঘন অপরাধ বলিয়া গণ্য হইবে এবং উক
7. <other_1429_s272> [আয়কর আইন, ২০২৩, ধারা ২৭২] আয় গোপন করিবার জন্য জরিমানা — (১) এই আইনের অধীন কোনো কার্যক্রম চলাকালে, কার্যক্রম পরিচালনাকারী কর্তৃপক্ষ যদি এই মর্মে সন্তুষ্ট হয় যে, কোনো 
8. <labour_952_s13> [বাংলাদেশ শ্রম আইন, ২০০৬, ধারা ১৩] প্রতিষ্ঠান বন্ধ রাখা — (১) কোন প্রতিষ্ঠানের কোন শাখা বা বিভাগে বে-আইনী ধর্মঘটের কারণে মালিক উক্ত শাখা বা প্রতিষ্ঠান আংশিক বা সম্পূর্ণ
9. <labour_1285_s12> [বাংলাদেশ ইপিজেড শ্রম আইন, ২০১৯, ধারা ১২] প্রতিষ্ঠান বন্ধ রাখা — (১) কোনো প্রতিষ্ঠানের কোনো শাখা বা বিভাগে বে-আইনী ধর্মঘটের কারণে, কর্তৃপক্ষের পূর্বানুমোদনক্রমে, মালিক উক্ত শা
10. <other_1429_s135> [আয়কর আইন, ২০২৩, ধারা ১৩৫] (১) স্টক এক্সচেঞ্জে তালিকাভুক্ত কোনো কোম্পানি বা তহবিলের সিকিউরিটিজ হস্তান্তরের জন্য দায়িত্বপ্রাপ্ত কোনো ব্যক","family_305_s9, family_305_s6",own_search,answered,2,Sorup
prot_0029_01,Sarwad,,"আমি সিএ পড়ি। যে মেয়েটির সঙ্গে আমার সম্পর্ক, সে উচ্চমাধ্যমিক পর্যায়ে পড়ছে। দুই বছর আগে তার পরিবার জোর করে তাকে বিয়ে দিয়ে দেয়। তখন তার বয়স মাত্র ১৫, আর তার স্বামীর বয়স ৩৫ বছর। মেয়েটি তার স্বামীর সঙ্গে সংসার করতে চায় না। আমরা ঠিক করেছি, আগামী বছর তার উচ্চমাধ্যমিক পরীক্ষা শেষ হলে বিয়ে করব। তার পক্ষে পরিবারে থাকা অবস্থায় স্বামীকে তালাক দেওয়া সম্ভব নয়। তাই সে সিদ্ধান্ত নিয়েছে, পরীক্ষার পরই আমার কাছে চলে আসবে। এ ক্ষেত্রে আমাদের করণীয় কী? ও চলে এলে আমাদের কী কী আইনগত সমস্যা হতে পারে এবং এর প্রতিকার কী?","1. <labour_1285_s24> [বাংলাদেশ ইপিজেড শ্রম আইন, ২০১৯, ধারা ২৪] চাকরি হইতে অবসর গ্রহণ — (১) এই অধ্যায়ের অন্যত্র যাহা কিছুই উল্লে­খ থাকুক না কেন, কোনো প্রতিষ্ঠানে নিয়োজিত কোনো শ্রমিকের বয়স ৬০ (ষাট
2. <other_1103_s35> [দুর্যোগ ব্যবস্থাপনা আইন, ২০১২, ধারা ৩৫] দুর্যোগ ব্যবস্থাপনায় জরুরি করণীয় — (১) তফসিলে উল্লিখিত দুর্যোগ ব্যবস্থাপনায় জরুরি করণীয় সংক্রান্ত নির্দেশাবলী সংশ্লিষ্ট সকলকে মানিয়া চলিতে হইব
3. <other_775_s26> [বাংলাদেশ সিকিউরিটিজ অ্যান্ড এক্সচেঞ্জ কমিশন , ধারা ২৬] জটিলতার নিরসনের ক্ষমতা — (১) এই আইনের বিধানাবলী কার্যকর করার ক্ষেত্রে কোন অসুবিধা দেখা দিলে সরকার উক্ত অসুবিধা দূরীকরণার্থে, আদেশ দ্বার
4. <other_813_s20> [বাংলাদেশ কমার্স এন্ড ইনভেষ্টমেন্ট লিমিটেড (প, ধারা ২০] জটিলতা নিরসনের ক্ষমতা — (১) এই আইনের বিধানাবলী কার্যকর করার ক্ষেত্রে কোন অসুবিধা দেখা দিলে সরকার উক্ত অসুবিধা দূরীকরণার্থে, আদেশ দ্বার
5. <other_1403_s40> [মোংলা বন্দর কর্তৃপক্ষ আইন, ২০২২, ধারা ৪০] দণ্ড — কোনো ব্যক্তি যদি এই আইন ও বিধির কোনো বিধান লঙ্ঘন করেন তাহা হইলে উক্ত লঙ্ঘন হইবে একটি অপরাধ এবং তজ্জন্য তিনি অন
6. <other_935_s15> [বেসরকারী নিরাপত্তা সেবা আইন, ২০০৬, ধারা ১৫] লাইসেন্সের মেয়াদ, নবায়ন, স্থগিতকরণ ও বাতিল — (১) বেসরকারী নিরাপত্তা সেবা প্রতিষ্ঠান স্থাপন ও পরিচালনার জন্য প্রদত্ত লাইসেন্সের মেয়াদ হইবে লাইসেন্স ইস্যুর 
7. <other_1469_s41> [ঠাকুরগাঁও বিশ্ববিদ্যালয় আইন, ২০২৩, ধারা ৪১] বিশ্ববিদ্যালয়ের পাঠক্রমে ভর্তি — (১) এই আইন ও সংবিধির বিধান সাপেক্ষে, বিশ্ববিদ্যালয়ের ডিগ্রি, ডিপ্লোমা, সার্টিফিকেট ও অন্যান্য পাঠক্রমে শিক্ষা
8. <other_1487_s10> [অফশোর ব্যাংকিং আইন, ২০২৪, ধারা ১০] অফশোর ব্যাংকিং কার্যক্রম পরিচালনার জন্য প্রদত্ত লাইসেন্স ধারা ৯ এর অধীন বাতিল বা সমর্পণ কার্যকর হইবার ২ (দুই) 
9. <women_children_1207_s12> [বাল্যবিবাহ নিরোধ আইন, ২০১৭, ধারা ১২] বয়স প্রমাণের দলিল — বিবাহ বন্ধনে আবদ্ধ বা আবদ্ধ হইতে ইচ্ছুক নারী বা পুরুষের বয়স প্রমাণের জন্য জন্ম নিবন্ধন সনদ, জাতীয় পরিচয় পত্
10. <other_1064_s17> [আন্তজার্তিক মাতৃভাষা ইনস্টিটিউট  আইন, ২০১০, ধারা ১৭] প্রতিবেদন — (১) প্রতি পঞ্জিকা বছর শেষ হইবার সঙ্গে সঙ্গে ইনস্টিটিউট উক্ত বৎসরে সম্পাদিত কার্যাবলীর খতিয়ান-সম্বলিত বার্ষিক ","family_180_s2_p0, criminal_procedure_11_s498",own_search,answered,2,Sorup
prot_0110_03,Sarwad,,"কিন্তু বিমান সদর Application of The Provision of Rule 191 (15) (C) of AF Act Rules 1957 অধীনে আমাকে ডিসচার্জ করে ২৭ জুন ২০০৯ সালে। আমাকে তিন মাস অবসরকালীন ছুটি দেওয়া হয়। উল্লেখ্য, আমি ছয় মাস ট্রেনিং ও তিন মাস প্রমোশন কোর্স সফলভাবে শেষ করি। ভর্তির সময় এসএসসি সনদ অনুযায়ী চাকরির বয়স ছিল। এখন কি আমি শ্রম আদালতে মামলা করে চাকরি ফিরে পেতে পারব?","1. <labour_1285_s2_p1> [বাংলাদেশ ইপিজেড শ্রম আইন, ২০১৯, ধারা ২] সংজ্ঞা — (১৯৯৪ সনের ১৮ নং আইন) এর অধীন নিবন্ধিত কোনো কোম্পানি, যাহার অধীন কোনোজোনেএক বা একাধিক শিল্প প্রতিষ্ঠান রহিয়াছ
2. <other_1246_s203> [ক্যান্টনমেন্ট আইন, ২০১৮, ধারা ২০৩] অভিযুক্তকরণের সীমাবদ্ধতা — (১) এই আইন বা উহার অধীন কোনো অপরাধ সংঘটিত হইবার ৬ (ছয়) মাস অতিক্রান্ত হইবার পর তৎসম্পর্কে কোনো অভিযোগ বা মামল
3. <labour_1285_s34> [বাংলাদেশ ইপিজেড শ্রম আইন, ২০১৯, ধারা ৩৪] কতিপয় ক্ষেত্রে মহিলা শ্রমিকের চাকরির অবসানে বাধা — যদি কোনো মহিলা শ্রমিকের সন্তান প্রসবের পূর্ববর্তী ৬ (ছয়) মাস এবং সন্তান প্রসবের পরবর্তী ৮ (আট) সপ্তাহ মেয়াদে
4. <other_1009_s33> [সন্ত্রাস বিরোধী আইন, ২০০৯, ধারা ৩৩] বিশেষ ট্রাইব্যুনাল কর্তৃক মামলা নিষ্পত্তির নির্ধারিত সময়সীমা — (১) বিশেষ ট্রাইব্যুনালের বিচারক মামলার64[অভিযোগ গঠন (Charge frame) এর] তারিখ হইতে ছয় মাসের মধ্যে মামলার বিচার
5. <local_government_1027_s40> [স্থানীয় সরকার (ইউনিয়ন পরিষদ) আইন, ২০০৯, ধারা ৪০] চেয়ারম্যান ও সদস্যগণের ছুটি — কোন চেয়ারম্যান বা কোন সদস্যকে পরিষদ যুক্তিসঙ্গত কারণে ১ (এক) বৎসরে সর্বোচ্চ ৩ (তিন) মাস ছুটি মঞ্জুর করিতে পার
6. <labour_952_s216_p1> [বাংলাদেশ শ্রম আইন, ২০০৬, ধারা ২১৬] অপরাধ বিচার ছাড়া অন্য কোন বিষয়ে শ্রম আদালতের ক্ষমতা ওকার্যক্রম — বা আপত্তি পেশ করিতে ব্যর্থ হয়, তাহা হইলে মামলাটি একতরফা শুনানীক্রমে নিষ্পত্তি করা হইবে।(৬) কোন পক্ষের আবেদনক্
7. <criminal_procedure_1239_s47> [রংপুর মহানগরী পুলিশ আইন, ২০১৮, ধারা ৪৭] মিথ্যা বিবৃতি, ইত্যাদির জন্য দণ্ড — কোনো ব্যক্তি পুলিশ অফিসার হিসাবে চাকরি লাভের অথবা চাকরি হইতে অব্যাহতি লাভের জন্য কোনো মিথ্যা বিবৃতিদান বা মিথ্
8. <other_1052_s11> [বাংলাদেশ গ্যাস আইন, ২০১০, ধারা ১১] অননুমোদিত উদ্দেশ্যে গ্যাস ব্যবহারের দন্ড — (১) কোন গৃহস্থালী গ্রাহক তাহার গৃহস্থালী সংযোগ হইতে অননুমোদিত বা অবৈধভাবে বাণিজ্যিক কাজে বা শিল্প প্রতিষ্ঠানে 
9. <criminal_procedure_1238_s47> [গাজীপুর মহানগরী পুলিশ আইন, ২০১৮, ধারা ৪৭] মিথ্যা বিবৃতি, ইত্যাদির জন্য দণ্ড — কোনো ব্যক্তি পুলিশ অফিসার হিসাবে চাকরি লাভের অথবা চাকরি হইতে অব্যাহতি লাভের জন্য কোনো মিথ্যা বিবৃতিদান বা মিথ্
10. <women_children_1207_s9> [বাল্যবিবাহ নিরোধ আইন, ২০১৭, ধারা ৯] বাল্যবিবাহ সম্পাদন বা পরিচালনা করিবার শাস্তি — কোন ব্যক্তি বাল্যবিবাহ সম্পাদন বা পরিচালনা করিলে উহা হইবে একটি অপরাধ এবং তজ্জন্য তিনি অনধিক ২ (দুই) বৎসর ও অন্",labour_952_s1,own_search,answered,1,Sorup
prot_0011_05,Sarwad,,"আমি আমার বাবার দ্বিতীয় পক্ষের মেয়েসন্তান। আমরা দুই বোন এক ভাই। বড় বোন বিবাহিত। আমি স্নাতক (সম্মান) চতুর্থ বর্ষে আর আমার ভাই প্রথম বর্ষে পড়াশোনা করে। এক সপ্তাহ আগে আমার বাবা গোপনে তাঁর সমস্ত সম্পত্তি (২ একর ৬৭ শতক) তাঁর প্রথম পক্ষের দুই ছেলেকে দলিল করে দিয়েছেন। আমার ভাইকে কোনো সম্পত্তি না দিয়ে, তাঁকে উত্তরাধিকার থেকে বঞ্চিত করেছেন। আমার বাবা আমাদের দুই ভাইবোনের পড়াশোনার কোনো খরচ বহন করেন না এবং মাসহ আমাদের কোনো ভরণপোষণ দেন না। তাতে আমরা মৌখিকভাবে অনেক অভিযোগ করলেও কোনো লাভ হয়নি। কিন্তু শেষ পর্যন্ত বাবার সম্পত্তি থেকে বঞ্চিত হব, এটা কোনোভাবেই আমরা মেনে নিতে পারছি না। এমনকি তিনি আমাদের বসতবাড়িটাও তাঁর দুই ছেলের নামে লিখে দিয়েছেন। আমাদের বাড়ি থেকে তাড়িয়ে দিয়েছেন। তবে এখনো তাঁর ৬৯ শতক জমি ব্যাংকের কাছে দায়বদ্ধ (মর্টগেজ) আছে। এখন প্রশ্ন হলো, আমরা বাবার এই অন্যায় কাজের বিরুদ্ধে কী ধরনের পদক্ষেপ নিতে পারি এবং উত্তরাধিকার সূত্রে কীভাবে তাঁর সম্পত্তির অংশ পেতে পারি। সঠিক আইনটি জানালে আমরা অনেক উপকৃত হব। বাংলাদেশে কি এমন আইন করা যায় না, যেখানে কোনো বাবাই তাঁর কোনো সন্তানকে তার ন্যায্য পাওনা থেকে বঞ্চিত করতে পারবেন না? সুলতানা","1. <other_812_s9> [দেউলিয়া বিষয়ক আইন, ১৯৯৭, ধারা ৯] দেউলিয়া কর্ম — (১) কোন দেনাদারের নিম্্নবর্ণিত যেকোন একটি কাজই হইবে দেউলিয়া কর্ম, যথা :- (ক) যদি তিনি বাংলাদেশ বা অন্যত্র তাহ
2. <other_1682_s2_p0> [মানবদেহে অঙ্গ-প্রত্যঙ্গ সংযোজন আইন, ২০২৬, ধারা ২] সংজ্ঞা — বিষয় বা প্রসঙ্গের পরিপন্থি কোনো কিছু না থাকিলে, এই আইনে- (১) “অঙ্গ-প্রত্যঙ্গ” অর্থ মানবদেহের কিডনি, হৃৎপিণ্ড,
3. <other_812_s84_p0> [দেউলিয়া বিষয়ক আইন, ১৯৯৭, ধারা ৮৪] দেনাদারের অপরাধ ও উহাদের দণ্ড — (১) এই আইনের অধীনে কোন দেনাদার দেউলিয়া হইলে বা তাহার বিষয়াদি সম্পর্কে পুনর্গঠন আদেশ প্রদান করা হইলে, তাহার ন
4. <other_788_s335_p0> [কোম্পানী আইন, ১৯৯৪, ধারা ৩৩৫] দণ্ড — (১) যে কোন পদ্ধতিতে কোম্পানীর অবলুপ্তি চলিতে থাকাকালে কোম্পানীর সাবেক বা বর্তমান কোন পরিচালক, ম্যানেজিং এজেন্ট
5. <money_recovery_1468_s21> [সুরক্ষিত লেনদেন (অস্থাবর সম্পত্তি) আইন, ২০২৩, ধারা ২১] সুরক্ষিত পক্ষের দায়-দায়িত্ব — (১) দেনাদার তাহার দখলে থাকা অস্থাবর সম্পত্তি সুরক্ষিত পক্ষের অনুমতি গ্রহণ ব্যতীত বিক্রয় বা অন্য কোনোভাবে হস্ত
6. <land_856_s27> [অর্পিত সম্পত্তি প্রত্যর্পণ আইন, ২০০১, ধারা ২৭] (১) ধারা ২৬ এর অধীনে ‘ক’ তফসিলে বর্ণিত সম্পত্তি বিক্রয় বা স্থায়ী ইজারা প্রদানের ক্ষেত্রে, উক্ত সম্পত্তি যে হ
7. <other_1155_s16_p2> [রাজশাহী কৃষি উন্নয়ন ব্যাংক আইন, ২০১৪, ধারা ১৬] ব্যাংকের কার্যাবলী — (Agency) বা প্রতিসংগী (Correspondent) হিসাবে কাজ করা;(ণ) কেবল সাময়িক ব্যবস্থা হিসাবে সরকারি জামানতসমূহে উহার 
8. <other_1412_s6_p0> [বেসরকারি মেডিকেল কলেজ ও ডেন্টাল কলেজ আইন, ২০, ধারা ৬] বেসরকারি মেডিকেল কলেজ বা ডেন্টাল কলেজ স্থাপনের শর্তাবলি — এই আইনের অধীন বেসরকারি মেডিকেল কলেজ বা ডেন্টাল কলেজ স্থাপনের লক্ষ্যে নিম্নবর্ণিত শর্তাবলি পূরণ করিতে হইবে, যথা
9. <other_812_s60> [দেউলিয়া বিষয়ক আইন, ১৯৯৭, ধারা ৬০] কতিপয় হস্তান্তর রহিতকরণ — (১) দেউলিয়া ঘোষণাদেশ প্রদান তারিখের অব্যবহিত পূর্ববর্তী ১৫ (পনর) বত্সরের মধ্যে সম্পাদিত দেনাদারের কোন সম্পত্ত
10. <other_1429_s67_p4> [আয়কর আইন, ২০২৩, ধারা ৬৭] অন্যান্য উৎস হইতে আয়ের বিশেষ ক্ষেত্র — স্বামী-স্ত্রী89[আপন ভাই বা বোন,], পিতা-মাতা বা সন্তানের নিকট হইতে এইরূপ অর্থ গ্রহণ করা হইলে এবং উহা90[দাতা ও গ","family_1444_s5, other_173_s2",own_search,answered,1,Sorup
prot_0092_01,Sarwad,,"আমরা দুই বোন। আমাদের কোনো ভাই নেই। চাচারা বাবাকে বলেছিলেন যে মেয়ে থাকলে সম্পত্তি আলাদা করা যাবে না। আমি বাবাকে বলেছি, জমি আলাদা করতে আইনের আশ্রয় নেন। কিন্তু বাবা নেননি, নেবেও না। আমাদের বলে দিয়েছেন যে তাঁর ভাইদের বিরুদ্ধে কিছু কাউকে বলবেন না। এক চাচা বাবার কাছ থেকে আড়াই লাখ টাকা ধার নিয়ে এখন কিছু টাকা ফেরত দিয়ে বাকি টাকাও আর দিতে চান না। বাবার ছোট দুই ভাই বাবার জমির দলিল ব্যাংকে রেখে ঋণ নিয়ে গ্রামে দোতলা বাড়ি করেছেন। এখন বাবাকে দলিলও দিচ্ছেন না। এসব কি সত্যিই এভাবে চলবে?আমরা দুই মেয়ে হওয়ার কারণে বাবা কোনো প্রতিবাদ করার সাহস পান না। সত্যিই কি মেয়ে হওয়ার কারণে নিজেদের প্রাপ্যটুকুও পাব না?চাচারা বাবাকে প্রাপ্য টাকা, জমির দলিল দিচ্ছেন না। এসব ন্যায্য অধিকার পাওয়ার জন্য কীভাবে আইনের আশ্রয় নিতে পারি? নাম প্রকাশে অনিচ্ছুক","1. <other_721_s7> [বাংলাদেশ ঋণ সালিসি আইন, ১৯৮৯, ধারা ৭] কতিপয় বিক্রয় বাতিল — (১) এই আইন বলবত্ হইবার পর অনধিক দুই একর কৃষি জমির মালিক কোন কৃষক প্রাকৃতিক দুর্যোগে তগতিগ্রস্ত হওয়ার বা জীবন 
2. <other_721_s6_p0> [বাংলাদেশ ঋণ সালিসি আইন, ১৯৮৯, ধারা ৬] কতিপয় জমির বিক্রয় খায়খালাসী বন্ধক ঘোষণা — (১) এই আইন বলবত্ হইবার পর অনধিক তিন একর কৃষি জমির মালিক কোন কৃষক প্রাকৃতিক দুর্যোগে তগতিগ্রস্ত হওয়ার বা জীবন 
3. <other_812_s84_p3> [দেউলিয়া বিষয়ক আইন, ১৯৯৭, ধারা ৮৪] দেনাদারের অপরাধ ও উহাদের দণ্ড — উদ্দেশ্য ছিল না, তাহা হইলে উক্তরূপ কোন কাজ অথবা উহাতে তাহার জড়িত থাকা কোন অপরাধ হইবে না; (ঞ) দেনাদার কর্তৃক ব
4. <other_831_s7_p2> [অর্থ আইন, ১৯৯৯, ধারা ৭] ১৯৯১ সনের ২২ নং আইন সংশোধন — কিছুই থাকুক না কেন, প্রতিষ্ঠিত নিবন্ধিত ব্যক্তির তেগত্রে, প্রতিষ্ঠিত নিবন্ধিত ব্যক্তি বিবেচিত হওয়ার বত্সরে এই
5. <other_1429_s125> [আয়কর আইন, ২০২৩, ধারা ১২৫] সম্পত্তি হস্তান্তর, ইত্যাদি হইতে কর সংগ্রহ — 140[(১)Registration Act, 1908(Act No. XVI of 1908) এর section 17 এর sub-section (1) এর clauses (b), (c) বা (e)
6. <other_1138_s30> [গ্রামীণ ব্যাংক আইন, ২০১৩, ধারা ৩০] দণ্ড, ইত্যাদি — (১) যদি কোন ব্যক্তি এই আইনের অধীন প্রার্থিত বা মঞ্জুরীকৃত কোন ঋণ বা সুবিধার জন্য ব্যাংককে প্রদত্ত কোন মালিকানা
7. <other_822_s10> [পার্বত্য চট্টগ্রাম আঞ্চলিক পরিষদ আইন, ১৯৯৮, ধারা ১০] সম্পত্তি সম্পর্কিত ঘোষণা — চেয়ারম্যান ও প্রত্যেক সদস্য তাহার কার্যভার গ্রহণের পূর্বে তাহার এবং তাঁহার পরিবারের কোন সদস্যের স্বত্ব, দখল ব
8. <cybercrime_950_s63> [তথ্য ও যোগাযোগ প্রযুক্তি আইন, ২০০৬, ধারা ৬৩] গোপনীয়তা প্রকাশ সংক্রান্ত অপরাধ ও উহার দণ্ড — (১) এই আইন বা আপাততঃ বলবত্ অন্য কোন আইনে ভিন্নরূপ কোন কিছু না থাকিলে, কোন ব্যক্তি যদি এই আইন বা তদধীন প্রণীত ব
9. <other_857_s42_p1> [বাংলাদেশ টেলিযোগাযোগ নিয়ন্ত্রণ আইন, ২০০১, ধারা ৪২] পথাধিকার (Right of way) ইত্যাদি — বা স্থানীয় কর্তৃপক্ষ বা সংবিধিবদ্ধ সংস্থা সাধারণতঃ পথাধিকার প্রয়োগে বাধা দিবে না।(৪) উপ-ধারা (১) এর বিধানবলে
10. <other_812_s12> [দেউলিয়া বিষয়ক আইন, ১৯৯৭, ধারা ১২] পাওনাদার কর্তৃক আর্জি পেশ করার শর্তাবলী — (১) দেনাদারের বিরুদ্ধে কোন পাওনাদার আর্জি পেশ করার অধিকারী হইবেন না, যদি তিনি একজন যথাযোগ্য পাওনাদার না হন, এব","other_36_s10, other_173_s2",own_search,answered,1,Sorup
prot_0072_04,Sarwad,,"আমার বয়স ২৪ বছর। আমি একটি ছেলেকে ভালোবেসে বিয়ে করি। বিয়ের দুই বছর পর স্বামী ও শাশুড়ি আমাকে শারীরিক নির্যাতন এবং প্রচণ্ড মারধর করেন। তারপর আমি আমার বাপের বাড়ি চলে আসি। এখন আমি অন্তঃসত্ত্বা, পাঁচ মাস ধরে স্বামী আমার কোনো খরচ বহন করেন না। তিনি তাঁর মাকে দিয়ে আমাকে চাপ দিচ্ছেন, যেন আমি নিজেই তাঁকে তালাক দিই। আমার বিয়েতে কাবিন হয়েছিল ১০ লাখ টাকা। আইনের সাহায্য নিতে হলে আমার করণীয় কী?","1. <other_1403_s40> [মোংলা বন্দর কর্তৃপক্ষ আইন, ২০২২, ধারা ৪০] দণ্ড — কোনো ব্যক্তি যদি এই আইন ও বিধির কোনো বিধান লঙ্ঘন করেন তাহা হইলে উক্ত লঙ্ঘন হইবে একটি অপরাধ এবং তজ্জন্য তিনি অন
2. <other_1684_s24> [মানব পাচার ও অভিবাসী চোরাচালান প্রতিরোধ ও দম, ধারা ২৪] আপসের উদ্দেশ্যে ভিকটিম বা সাক্ষীকে চাপ প্রয়োগ, প্রভাবিত ও ভয়-ভীতি প্রদর্শন করিবার অপরাধ ও উহার দণ্ড — (১) যদি কোনো ব্যক্তি এই আইনের অধীন সংঘটিত কোনো অপরাধের আপস করিবার উদ্দেশ্যে মামলার তদন্ত পর্যায়ে অথবা বিচার চ
3. <other_1485_s9> [বাংলাদেশ পুলিশ কল্যাণ তহবিল আইন, ২০২৩, ধারা ৯] মৃত্যু এবং অক্ষমতাজনিত কারণে এককালীন এবং মাসিক কল্যাণ অনুদান — (১) কোনো কর্মচারী বা তাহার মৃত্যু হইলে তাহার স্ত্রী বা, ক্ষেত্রমত, স্বামী, বিধি দ্বারা নির্ধারিত পদ্ধতিতে, নিম
4. <other_1195_s29> [চা আইন, ২০১৬, ধারা ২৯] দণ্ড — যদি কোন ব্যক্তি-(ক) ধারা ১৬ ও ২১ ব্যতীত এই আইনের কোন বিধান লঙ্ঘন করেন, বা(খ) এই আইনের অধীন জারীকৃত কোন আদেশ বা
5. <other_1476_s171_p17> [কাস্টমস আইন, ২০২৩, ধারা ১৭১] অপরাধসমূহের জরিমানা বা দণ্ড — কোনো সংকেত বা সংবাদ পূর্বোল্লিখিত সংকেত বা সংবাদ কিনা, তাহা হইলে উহা প্রমাণ করিবার দায় বিবাদীর উপর বর্তাইবে।(
6. <other_831_s7_p2> [অর্থ আইন, ১৯৯৯, ধারা ৭] ১৯৯১ সনের ২২ নং আইন সংশোধন — কিছুই থাকুক না কেন, প্রতিষ্ঠিত নিবন্ধিত ব্যক্তির তেগত্রে, প্রতিষ্ঠিত নিবন্ধিত ব্যক্তি বিবেচিত হওয়ার বত্সরে এই
7. <women_children_835_s11> [নারী ও শিশু নির্যাতন দমন আইন, ২০০০, ধারা ১১] যৌতুকের জন্য মৃত্যু ঘটানো, ইত্যাদির শাস্তি — যদি কোন নারীর স্বামী অথবা স্বামীর পিতা, মাতা, অভিভাবক, আত্মীয় বা স্বামীর পক্ষে অন্য কোন ব্যক্তি যৌতুকের জন্য 
8. <road_transport_1262_s84> [সড়ক পরিবহণ আইন, ২০১৮, ধারা ৮৪] কর্তৃপক্ষ কর্তৃক নির্ধারিত কোনো মোটরযানের কারিগরি বিনির্দেশ অমান্য সংক্রান্ত ধারা ৪০ এর বিধান লঙ্ঘনের দণ্ড — যদি কোনো ব্যক্তি ধারা ৪০ এর বিধান লঙ্ঘন করেন, তাহা হইলে উক্ত লঙ্ঘন হইবে একটি অপরাধ, এবং তজ্জন্য তিনি অনধিক ৩ (
9. <other_1478_s55_p1> [ফাইন্যান্স কোম্পানি আইন, ২০২৩, ধারা ৫৫] জরিমানা — বাংলাদেশ ব্যাংক অন্যূন ৫ (পাঁচ) লক্ষ টাকা এবং অনধিক ২৫ (পঁচিশ) লক্ষ টাকা জরিমানা আরোপ করিতে পারিবে।(৫) কোনো ফা
10. <other_1106_s113> [মূল্য সংযোজন কর ও সম্পূরক শুল্ক আইন, ২০১২, ধারা ১১৩] প্রতিবন্ধকতা সৃষ্টির অপরাধ ও দণ্ড — মূসক কর্মকর্তাকে এই আইন বা তদধীন প্রণীত বিধিমালার অধীন দায়িত্ব পালনে যদি কোন ব্যক্তি অসৎ উদ্দেশ্যে প্রতিবন্ধক","family_1444_s5, women_children_1063_s11",own_search,answered,2,Sorup
prot_0039_04,Sarwad,,"আমার বিয়ে হয় ২০০৮ সালে। এর এক বছর পর আমার একটি ছেলে হয়। বিয়েতে দেনমোহর যা ছিল তার মধ্যে কিছু টাকা বিয়ের সময় পরিশোধ করা হয়। এটি কাবিনে উল্লেখ আছে। এখন আমি স্ত্রীকে তালাক দিলে আমাকে বাকি আর কত টাকা দিতে হবে এবং আমার স্ত্রী আমার বিরুদ্ধে কোনো আইনি ব্যবস্থা নিতে পারবে কি না? আমার বাচ্চাটি কার কাছে থাকবে? সুজন , দিনাজপুর। @ তালাকের পর আপনার স্ত্রী আপনার বিরুদ্ধে ইদ্দত চলাকালে অর্থাৎ তিন মাসের ভরণপোষণ ও দেনমোহরের জন্য আবেদন করতে পারেন। এ ছাড়া আপনার সন্তান সাত বছর বয়স পর্যন্ত মায়ের কাছে থাকবে এবং এ সময়ে তাঁর ভরণপোষণের ব্যয় আপনাকে বহন করতে হবে। জীবনে চলতে-ফিরতে যেসব আইনি জটিলতায় পড়তে হয়, বিভাগে তারই সমাধান পাওয়া যাবে।এ বিভাগে আইনি সমস্যার সমাধান দেবেন বাংলাদেশ সুপ্রিম কোর্টের আইনজীবী নাহিদ মাহতাব। স্পষ্ট করে নিজের সমস্যা লিখে পাঠান। প্রয়োজনীয় কাগজের অনুলিপি দিন। : , , , , ১০০ কাজী নজরুলইসলাম অ্যাভিনিউ, , ঢাকা। এ ছাড়া এই ঠিকানায় করেও সমস্যার কথা জানাতে পারেন","1. <criminal_procedure_765_s89> [রাজশাহী মহানগরী পুলিশ আইন, ১৯৯২, ধারা ৮৯] সূর্যাস্ত হইতে সূর্যোদয় পর্যন্ত সময়ের মধ্যে সন্দেহজনক চলাফেরার দণ্ড — কোন ব্যক্তিকে সূর্যাস্ত ও সূর্যোদয়ের মধ্যবর্তী সময়ে নিম্নবর্ণিত অবস্থায় পাওয়া গেলে, সেই ব্যক্তি এক বত্সর প
2. <criminal_procedure_1012_s89> [সিলেট মহানগরী পুলিশ আইন, ২০০৯, ধারা ৮৯] সূর্যাস্ত হইতে সূর্যোদয় পর্যন্ত সময়ের মধ্যে সন্দেহজনক চলাফেরার দণ্ড — কোন ব্যক্তিকে সূর্যাস্ত ও সূর্যোদয়ের মধ্যবর্তী সময়ে নিম্নবর্ণিত অবস্থায় পাওয়া গেলে সেই ব্যক্তি এক বৎসর পর্
3. <criminal_procedure_1013_s89> [বরিশাল মহানগরী পুলিশ আইন, ২০০৯, ধারা ৮৯] সূর্যাস্ত হইতে সূর্যোদয় পর্যন্ত সময়ের মধ্যে সন্দেহজনক চলাফেরার দণ্ড — কোন ব্যক্তিকে সূর্যাস্ত ও সূর্যোদয়ের মধ্যবর্তী সময়ে নিম্নবর্ণিত অবস্থায় পাওয়া গেলে সেই ব্যক্তি এক বৎসর পর্
4. <other_1429_s149> [আয়কর আইন, ২০২৩, ধারা ১৪৯] উৎসে কর কর্তন বা সংগ্রহের ক্ষেত্রে দায়মুক্তি — যেইক্ষেত্রে এই অংশের অধীন কর হিসাবে কোনো অর্থ সংগ্রহ বা কর্তন করা হয় এবং সরকারের অনুকূলে জমা প্রদান করা হয়, 
5. <other_788_s342> [কোম্পানী আইন, ১৯৯৪, ধারা ৩৪২] লিকুইডেটর কর্তৃক ব্যাংকে টাকা জমাদান — (১) আদালত কর্তৃক অবলুপ্ত হইতেছে এইরূপ কোম্পানীর প্রত্যেক লিকুইডেটর তত্কর্তৃক গৃহীত সকল টাকা নির্ধারিত পদ্ধতিতে
6. <other_1586_s23> [গুম প্রতিরোধ ও প্রতিকার অধ্যাদেশ, ২০২৫, ধারা ২৩] স্ত্রী বা সন্তান কর্তৃক গুম হওয়া ব্যক্তির সম্পত্তি ব্যবহারের অনুমতি — (১) গুম হওয়া ব্যক্তির দায় পরিশোধ, তাহার স্ত্রী বা তাহার উপর নির্ভরশীল পরিবারের সদস্যদের ভরণপোষণের বা অন্য কো
7. <women_children_835_s13> [নারী ও শিশু নির্যাতন দমন আইন, ২০০০, ধারা ১৩] (১) অন্য কোন আইনে ভিন্নতর যাহা কিছুই থাকুক না কেন, ধর্ষণের কারণে কোন সন্তান জন্মলাভ করিলে-(ক) উক্ত সন্তানকে তা
8. <other_1429_s293_p0> [আয়কর আইন, ২০২৩, ধারা ২৯৩] হাইকোর্ট বিভাগে রেফারেন্স — (১) ধারা ২৯২ এর অধীন করদাতা অথবা কমিশনার কর্তৃক আপিল ট্রাইব্যুনালের আদেশ প্রাপ্ত হইবার তারিখ হইতে পরবর্তী ৯০ (
9. <other_1472_s52> [বাংলাদেশ পেটেন্ট আইন, ২০২৩, ধারা ৫২] প্রশাসনিক আদেশের বিরুদ্ধে আপিল, ইত্যাদি — এই আইনের অধীন, মহাপরিচালক কর্তৃক, প্রদত্ত যে কোনো সিদ্ধান্ত, বিশেষত বাধ্যতামূলক লাইসেন্সের মঞ্জুরি এবং বাধ্যতা
10. <criminal_procedure_765_s105> [রাজশাহী মহানগরী পুলিশ আইন, ১৯৯২, ধারা ১০৫] কতিপয় মামলার নিষ্পত্তি — (১) ধারা ৫৮, ৫৯, ৬২, ৬৩, ৬৬, ৭১, ৭২, ৭৩, ৭৪, ৭৬, ৮০, ৮১, ৮২, ৮৩, ৮৫, ৮৬, ৮৯, ৯৫, ৯৬, ৯৭, ৯৯ বা ১০০ এর অধীন দণ্","family_305_s10, family_1444_s5",own_search,answered,2,Sorup
prot_0071_03,Sarwad,,আমার চাচার কোনো সন্তান নেই। তিনি মারা যাওয়ার আগে তাঁর সব সম্পত্তি পালিত পুত্র ও তার পরিবারকে লিখে দিয়েছেন। চাচার বাড়ি ও আমাদের বাড়ি একই দাগে। রাস্তায় বেরোতে হলে তাঁর বাড়ির ওপর দিয়ে যেতে হয়। চাচার পালক পুত্র বাড়ির ওপর দিয়ে যাতায়াত নিষেধ করে। আমার বাবা চাচাকে বণ্টননামা দলিল করে দেননি। বাবাও মারা গেছেন। এখন কি কোনো আইনে আমাদের বাড়ির ভাগ বদল করতে পারব? আর চাচার সম্পত্তির অংশ কি আমরা পাব? নাম প্রকাশে অনিচ্ছুক,"1. <other_1483_s10_p1> [পরিত্যক্ত বাড়ি (সম্পূরক বিধানাবলি) আইন, ২০২৩, ধারা ১০] পরিত্যক্ত বাড়ি নিয়ন্ত্রণ, ব্যবস্থাপনা এবং নিষ্পত্তি সংক্রান্ত বোর্ড — গণপূর্ত বিভাগ সদস্য-সচিব।(২) পরিত্যক্ত বাড়ি নিয়ন্ত্রণ, ব্যবস্থাপনা এবং নিষ্পত্তির জন্য বোর্ডের দায়িত্ব ও কা
2. <other_1483_s5ক> [পরিত্যক্ত বাড়ি (সম্পূরক বিধানাবলি) আইন, ২০২৩, ধারা ৫ক] পরিত্যক্ত সম্পত্তির ‘ক’ বা ‘খ’ তালিকার যে সকল বাড়ি সরকার কর্তৃক বিক্রয়মূল্যে হস্তান্তর করা হইয়াছে বা হইবে স
3. <other_1483_s4> [পরিত্যক্ত বাড়ি (সম্পূরক বিধানাবলি) আইন, ২০২৩, ধারা ৪] পরিত্যক্ত বাড়ি ঘোষণা ও তালিকা প্রণয়ন — (১) উপ-ধারা (২) এর বিধান সাপেক্ষে, সরকার, সরকারি গেজেটে প্রজ্ঞাপন দ্বারা, নিম্নবর্ণিত বাড়িসমূহকে পরিত্যক্ত বা
4. <other_1483_s5> [পরিত্যক্ত বাড়ি (সম্পূরক বিধানাবলি) আইন, ২০২৩, ধারা ৫] পরিত্যক্ত বাড়ির তালিকা হইবার পর স্বার্থ দাবি করিয়া আবেদন — ধারা ৪ এর উপ-ধারা (১) এর দফা (ক) ও (খ) এ বর্ণিত ক্ষেত্র ব্যতীত অন্যান্য ক্ষেত্রে কোনো বাড়ির উপর কোনো অধিকার ব
5. <other_1483_s7> [পরিত্যক্ত বাড়ি (সম্পূরক বিধানাবলি) আইন, ২০২৩, ধারা ৭] মামলা দায়েরে নিষেধাজ্ঞা, ইত্যাদি — (১) রাষ্ট্রপতির ১৯৭২ সনের ১৬ নং আদেশ বা এই আইনের অধীন কৃত, গৃহীত বা চলমান কোনো কার্যক্রম, সিদ্ধান্ত বা জারীকৃত
6. <land_1220_s15> [স্থাবর সম্পত্তি অধিগ্রহণ ও হুকুমদখল আইন, ২০১, ধারা ১৫] ঘর-বাড়ি অথবা ইমারতের আংশিক অধিগ্রহণ — (১) কোনো মালিক তাহার বাড়ি, কারখানা বা ভবনের সম্পূর্ণ অংশ অধিগ্রহণ করিতে হইবে মর্মে শর্ত আরোপ করিলে, সংশ্লিষ্ট
7. <other_1684_s12> [মানব পাচার ও অভিবাসী চোরাচালান প্রতিরোধ ও দম, ধারা ১২] পতিতালয় পরিচালনা করিবার বা কোনো স্থানকে পতিতালয় হিসাবে ব্যবহারের অনুমতি প্রদানের অপরাধ ও উহার দণ্ড — (১) যদি কোনো ব্যক্তি পতিতালয় স্থাপন বা পরিচালনা করেন অথবা উহা স্থাপন বা পরিচালনা করিতে অনুমতি প্রদান করেন কিং
8. <other_1483_s6> [পরিত্যক্ত বাড়ি (সম্পূরক বিধানাবলি) আইন, ২০২৩, ধারা ৬] সমর্পণ, নোটিশ প্রদান ও দখল গ্রহণ — এই আইনের অধীন ঘোষিত পরিত্যক্ত বাড়ি সরকারের নিকট অর্পণ করিতে হইবে, এবং সমর্পণ ও দখল গ্রহণের ক্ষেত্রে, এই আইনের
9. <other_1156_s25> [মেট্রোরেল আইন, ২০১৫, ধারা ২৫] ক্ষতিপূরণ প্রদান — মেট্রোরেল পরিচালনাকালে উহা হইতে উদ্ভূত দুর্ঘটনার ফলে যদি কোন ব্যক্তি আঘাতপ্রাপ্ত বা ক্ষতিগ্রস্ত হন বা আঘাতপ্রা
10. <other_1201_s27> [বাস র‍্যাপিড ট্রানজিট (বিআরটি) আইন, ২০১৬, ধারা ২৭] ক্ষতিপূরণ প্রদান — বিআরটি পরিচালনাকালে উহা হইতে উদ্ভূত দুর্ঘটনার ফলে যদি কোনো ব্যক্তি আঘাতপ্রাপ্ত বা ক্ষতিগ্রস্ত হন বা আঘাতপ্রাপ্","other_49_s13_p0, other_173_s2",own_search,answered,1,Sorup
prot_0115_02,Sarwad,,"যেকোনো হত্যাকাণ্ডই ঘৃণিত ও জঘন্য অপরাধ এবং ফৌজদারি আইনে সর্বোচ্চ শাস্তিযোগ্য অপরাধ। সম্প্রতি আমিনবাজার, নোয়াখালীসহ দেশের বিভিন্ন স্থানে গণপিটুনিতে যে মানুষ হত্যার প্রবণতা দেখা গেছে, তা রীতিমতো ভয়াবহ এবং সামাজিক ও রাষ্ট্রীয় অসুস্থতার লক্ষণ। হত্যাকাণ্ড তা যেকোনোভাবেই এবং যার বা যাদের দিয়েই সংঘটিত হোক না কেন, তা ফৌজদারি আইনে বিচারযোগ্য।আমিনবাজার হত্যাকাণ্ড এবং সেখানে পুলিশের নিষ্ক্রিয়তার অভিযোগ শাস্তিযোগ্য অপরাধ। হত্যাকাণ্ডের অপরাধটি দণ্ডবিধির ৩০২ ও ৩৪ ধারায় আমলযোগ্য ও বিচার্য এবং সেখানে প্রত্যক্ষ বা পরোক্ষভাবে সহায়তাকারীরাও সমান অপরাধী, তা তারা যে-ই হোক না কেন এবং সংখ্যা যা-ই হোক। একই সঙ্গে বলা দরকার, পুলিশের নিষ্ক্রিয়তার বিষয়টি তাদের বিভাগীয় তদন্ত ও শাস্তির আওতাধীন।নোয়াখালীর হত্যাকাণ্ডে পুলিশের অংশগ্রহণের অভিযোগ পাওয়া গেছে, যা খুবই আতঙ্কজনক। কেননা, কোনোভাবেই কোনো বিচারবহির্ভূত হত্যাকাণ্ডই সমর্থনযোগ্য নয়। সবচেয়ে ঘৃণ্য অপরাধীরও বিচার পাওয়ার অধিকার আছে। নোয়াখালী হত্যাকাণ্ডে পুলিশের যেসব সদস্যের বিরুদ্ধে সম্পৃক্ততার অভিযোগ আছে, তাঁরা অন্য হত্যাকারীদের সঙ্গে সমানভাবে দায়ী হবেন এবং অপরাধ ফৌজদারি আইনে বিচার্য হবে। পুলিশের সদস্য বলে ফৌজদারি বিচারের আওতাবহির্ভূত থাকার সুযোগ নেই। সাধারণ তদন্তের পর প্রকাশ্য আদালতে অভিযুক্ত অন্য ব্যক্তিদের সঙ্গেই তাঁদের বিচার হবে। উপরন্তু, পুলিশের বিভাগীয় শাস্তিও তাঁদের ওপর বর্তাবে।কাজী জাহেদ ইকবালআইনজীবী, বাংলাদেশ সুপ্রিম কোর্ট।স্বামীর দৈহিক ও মানসিক নির্যাতনের প্রতিকার কীভাবে পাব?","1. <other_1284_s29> [বাংলাদেশ রিহ্যাবিলিটেশন কাউন্সিল আইন, ২০১৮, ধারা ২৯] অপরাধ বিচারার্থ গ্রহণ ও বিচার — (১) অন্য কোনো আইনে যাহা কিছুই থাকুক না কেন, এই আইনের অধীন অপরাধ সংঘটনের বিষয়ে সরকার অথবা কাউন্সিল কর্তৃক এতদু
2. <other_888_s10> [আইন-শৃঙ্খলা বিঘ্নকারী অপরাধ (দ্রুত বিচার) আই, ধারা ১০] বিচার পদ্ধতি — (১) আদালত এই আইনের অধীন সংঘটিত অপরাধের বিচার সংক্ষিপ্ত পদ্ধতিতে সম্পন্ন করিবে এবং এতদুদ্দেশ্যে এই আইনে ভিন্নতর
3. <other_1427_s13> [হাট ও বাজার (স্থাপন ও ব্যবস্থাপনা) আইন, ২০২৩, ধারা ১৩] অপরাধের বিচার — (১) এই আইনের অধীন সংঘটিত কোনো অপরাধ জুডিসিয়াল ম্যাজিস্ট্রেট কর্তৃক বিচার্য হইবে।(২) এই আইনের অন্যান্য বিধানাব
4. <other_1589_s14> [পুলিশ কমিশন অধ্যাদেশ, ২০২৫, ধারা ১৪] পুলিশের নিজস্ব অভিযোগ নিষ্পত্তি ব্যবস্থা — নাগরিক অভিযোগ ও পুলিশের অভ্যন্তরীণ সংক্ষোভ নিষ্পত্তির নিমিত্ত পুলিশের একটি নিজস্ব ব্যবস্থা থাকিবে, যাহা এই অধ্
5. <other_1443_s49> [বাংলাদেশ ক্ষুদ্র ও কুটির শিল্প কর্পোরেশন আইন, ধারা ৪৯] অপরাধ বিচারার্থ গ্রহণ ও বিচার — (১) চেয়ারম্যান বা তৎকর্তৃক ক্ষমতাপ্রাপ্ত কোনো কর্মকর্তার লিখিত অভিযোগ ব্যতীত কোনো আদালত এই আইনের অধীন কোনো মা
6. <other_1136_s38> [ভৌগোলিক নির্দেশক পণ্য (নিবন্ধন ও সুরক্ষা) আই, ধারা ৩৮] অপরাধ বিচারার্থে গ্রহণ — (১) কোন আদালত এই আইনের অধীন সংঘটিত কোন অপরাধ বিচারার্থে গ্রহণ করিবে না, যদি না-(ক) রেজিস্ট্রার বা তৎকর্তৃক ক্ষ
7. <other_1243_s33> [বালাইনাশক (পেস্টিসাইডস) আইন, ২০১৮, ধারা ৩৩] অপরাধ বিচারার্থ গ্রহণ ও বিচার — (১) ফৌজদারি কার্যবিধিতে যাহা কিছুই থাকুক না কেন, পরিদর্শক বা উদ্ভিদ সংরক্ষণের দায়িত্বে নিয়োজিত সরকারি কর্মচা
8. <other_1280_s34> [বাংলাদেশ স্ট্যান্ডার্ডস এন্ড টেস্টিং ইনস্টিট, ধারা ৩৪] অপরাধের বিচার — (১) ফৌজদারি কার্যবিধিতে যাহা কিছুই থাকুক না কেন, এই আইনের অধীন অপরাধসমূহ, উপ-ধারা (২) এর বিধান সাপেক্ষে, প্রথম
9. <other_1140_s21> [ইট প্রস্তুত ও ভাটা স্থাপন (নিয়ন্ত্রণ) আইন, ২, ধারা ২১] মোবাইল কোর্ট আইন, পরিবেশ আদালত আইন, ও ফৌজদারি কার্যবিধির প্রয়োগ — এই আইনের বিধানাবলি সাপেক্ষে, এই আইনের অধীন শাস্তিযোগ্য অপরাধের অভিযোগ দায়ের, আমলে গ্রহণ, সমন বা ওয়ারেন্ট ইস্
10. <other_1373_s44> [আয়োডিনযুক্ত লবণ আইন, ২০২১, ধারা ৪৪] অপরাধের বিচার, ইত্যাদি — (১) এই আইনের অধীন অপরাধসমূহ অ-আমলযোগ্য (non-cognizable), জামিনযোগ্য (bailable) এবং আপোষযোগ্য (compoundable) হই","women_children_1063_s11, family_180_s2_p1",own_search,answered,2,Sorup
prot_0080_03,Sarwad,,"আমার বাবা-চাচারা চার ভাই, তিন বোন। আমি যখন সাত বছরের ছিলাম, তখন আমার বাবা মারা যান। দাদা এখনো জীবিত। লোকমুখে শুনেছি, বাবার আগে ছেলে মারা গেলে সেই মৃত ছেলের ওয়ারিশরা নাকি সম্পত্তি পায় না। আসলে কি তাই? দাদা বলেন, সব সম্পত্তি তাঁর ছেলেদের মধ্যে সমান ভাগ হবে। দাদা যদি সম্পত্তি আমার নামে লিখে না দেন, তাহলে কি দাদার মুখের কথা দ্বারা আমি সম্পত্তি পাব?","1. <land_1455_s10> [ভূমি সংস্কার আইন, ২০২৩, ধারা ১০] বর্গাদারের মৃত্যুর পর বর্গাভূমির চাষ — (১) কোনো বর্গাদার বর্গাচুক্তির মেয়াদ শেষ হইবার পূর্বে মারা গেলে, উহার মেয়াদ শেষ না হওয়া পর্যন্ত অথবা এই আইন
2. <other_1349_s2> [আকাশপথে পরিবহণ (মন্ট্রিল কনভেনশন) আইন, ২০২০, ধারা ২] বিষয়বাপ্রসঙ্গেরপরিপন্থিকোনোকিছুনাথাকিলে,এইআইনে-(ক)‘অভ্যন্তরীণপরিবহণ’অর্থআকাশপথে পরিবহণেপক্ষসমূহেরমধ্যেসম্পাদি
3. <other_1132_s4> [পিতা-মাতার ভরণ-পোষণ আইন, ২০১৩, ধারা ৪] পিতা-মাতার অবর্তমানে দাদা-দাদী, নানা-নানীর ভরণ-পোষণ — প্রত্যেক সন্তান তাহার—(ক) পিতার অবর্তমানে দাদা-দাদীকে; এবং(খ) মাতার অবর্তমানে নানা-নানীকে—ধারা ৩ এ বর্ণিত ভরণ-
4. <labour_952_s2_p5> [বাংলাদেশ শ্রম আইন, ২০০৬, ধারা ২] সংজ্ঞাসমূহ — ব্যবহার করা হয় বা ব্যবহারযোগ্য, এবং কোন টাগ বা ফ্লাট এবং বার্জও ইহার অর্ন্তভুক্ত হইবে;(২৮) ""প্রশাসনিক শ্রমিক""
5. <other_1682_s2_p0> [মানবদেহে অঙ্গ-প্রত্যঙ্গ সংযোজন আইন, ২০২৬, ধারা ২] সংজ্ঞা — বিষয় বা প্রসঙ্গের পরিপন্থি কোনো কিছু না থাকিলে, এই আইনে- (১) “অঙ্গ-প্রত্যঙ্গ” অর্থ মানবদেহের কিডনি, হৃৎপিণ্ড,
6. <other_1132_s5> [পিতা-মাতার ভরণ-পোষণ আইন, ২০১৩, ধারা ৫] পিতা-মাতার ভরণ-পোষণ না করিবার দণ্ড — (১) কোন সন্তান কর্তৃক ধারা ৩ এর যে কোন উপ-ধারার বিধান কিংবা ধারা ৪ এর বিধান লংঘন অপরাধ বলিয়া গণ্য হইবে এবং উক
7. <labour_1285_s2_p2> [বাংলাদেশ ইপিজেড শ্রম আইন, ২০১৯, ধারা ২] সংজ্ঞা — সময়ে দুই বা ততোধিক শ্রমিক দ্বারা সম্পাদিত হয় সেই ক্ষেত্রে উক্তরূপ প্রত্যেক সময়;(25)‘‘পোষ্য’’ অর্থ কোনো মৃত 
8. <consumer_1010_s92> [ট্রেডমার্ক আইন, ২০০৯, ধারা ৯২] মামলার কোন পক্ষের মৃত্যু — যদি এই আইনের অধীন কোন কার্যধারা বিচারাধীন থাকা অবস্থায় কোন পক্ষ মারা যান, তাহা হইলে নিবন্ধক সংশ্লিষ্ট কোন পক্
9. <other_822_s10> [পার্বত্য চট্টগ্রাম আঞ্চলিক পরিষদ আইন, ১৯৯৮, ধারা ১০] সম্পত্তি সম্পর্কিত ঘোষণা — চেয়ারম্যান ও প্রত্যেক সদস্য তাহার কার্যভার গ্রহণের পূর্বে তাহার এবং তাঁহার পরিবারের কোন সদস্যের স্বত্ব, দখল ব
10. <other_1427_s9> [হাট ও বাজার (স্থাপন ও ব্যবস্থাপনা) আইন, ২০২৩, ধারা ৯] হাট ও বাজারের পরিসীমার মধ্যকার বিনষ্টযোগ্য সম্পত্তি ব্যবস্থাপনা — হাট ও বাজারের পরিসীমার মধ্যে কোনো সরকারি সম্পত্তি যেমন-ভবন, গাছ, ইত্যাদি নষ্ট হইয়া গেলে অথবা প্রাকৃতিক কারণে ",family_305_s4,own_search,answered,3,Sorup
prot_0036_04,Sarwad,,হিন্দুধর্মাবলম্বী একজনের সঙ্গে আমার প্রায় পাঁচ বছরের সম্পর্ক। আমরা দুজনই প্রাপ্তবয়স্ক এবং ধর্ম পরিবর্তন না করে বিয়ে করতে চাই। কিন্তু পরে উভয়ের প্রভাবশালী পরিবার আমাদের জীবনের জন্য বড় হুমকি হয়ে দাঁড়াবে। দুই পক্ষের মধ্যে ভয়ানক বিরোধের আশঙ্কাও রয়েছে। এই সমস্যাগুলো এড়িয়ে যাওয়ার জন্য আমরা আগে থেকে কীভাবে আইনি ব্যবস্থা নিতে পারি?নাম ও ঠিকানা প্রকাশে অনিচ্ছুক,"1. <consumer_1011_s7_p0> [তথ্য অধিকার আইন, ২০০৯, ধারা ৭] কতিপয় তথ্য প্রকাশ বা প্রদান বাধ্যতামূলক নয় — এই আইনের অন্যান্য বিধানাবলীতে যাহা কিছুই থাকুক না কেন, কোন কর্তৃপক্ষ কোন নাগরিককে নিম্নলিখিত তথ্যসমূহ প্রদান ক
2. <other_1287_s26> [উদ্ভিদের জাত সংরক্ষণ আইন, ২০১৯, ধারা ২৬] অপরাধ ও দণ্ড — (১) কোনো ব্যক্তি সংরক্ষিত জাতের মিথ্যা নামকরণ করিলে, বানিবন্ধিত কোনো জাতের বাণিজ্যিক ব্যবহারকালে স্বেচ্ছায় কো
3. <other_1429_s233_p2> [আয়কর আইন, ২০২৩, ধারা ২৩৩] সংজ্ঞা — আর্টিকেল, সামগ্রী বা আইটেম, পেটেন্ট, ইনভেনশন, ফর্মুলা, প্রসেস, নকশা, প্যাটার্ন, বাস্তবজ্ঞান, কপিরাইট, ট্রেডমার
4. <women_children_1063_s2> [পারিবারিক সহিংসতা (প্রতিরোধ ও সুরক্ষা) আইন, , ধারা ২] সংজ্ঞা — - বিষয় বা প্রসঙ্গের পরিপন্থী কিছু না থাকিলে, এই আইনে-(১)""অর্ন্তব র্তীকালীন সুরক্ষা আদেশ""অর্থ ধারা ১৩ এর অধীন 
5. <consumer_1010_s52> [ট্রেডমার্ক আইন, ২০০৯, ধারা ৫২] নিবন্ধন বহির ভুল সংশোধন — (১) নিবন্ধিত স্বত্বাধিকারী কর্তৃক, নির্ধারিত পদ্ধতিতে, আবেদনের প্রেক্ষিতে নিবন্ধন বহিতে -(ক) ট্রেডমার্কের নিবন
6. <other_1392_s5> [ব্যাংকার বহি সাক্ষ্য আইন, ২০২১, ধারা ৫] যেক্ষেত্রে ব্যাংকের কর্মকর্তা ব্যাংকার বহি উপস্থাপনে বা সাক্ষী হইতে বাধ্য নহেন — ধারা ৭ এর অধীন গ্রাহকতথ্য প্রকাশে বাধ্য না হইলে, কোনো ব্যাংকের কোনো কর্মকর্তা বা কর্মচারীকে কোনো আইনি কার্যক্র
7. <other_935_s7> [বেসরকারী নিরাপত্তা সেবা আইন, ২০০৬, ধারা ৭] লাইসেন্সপ্রাপ্তির যোগ্যতা ও অযোগ্যতা — (১) কোন ব্যক্তি এই আইনের অধীন লাইসেন্স-প্রাপ্তির জন্য যোগ্য বলিয়া বিবেচিত হইবেন না, যদি-(ক) তিনি বাংলাদেশের ন
8. <labour_952_s10> [বাংলাদেশ শ্রম আইন, ২০০৬, ধারা ১০] ছুটির পদ্ধতি — (১) কোন শ্রমিক ছুটি নিতে ইচ্ছা করিলে তাহার মালিকের নিকট লিখিতভাবে দরখাস্ত করিতে হইবে এবং ইহাতে তাহার ছুটিতে অব
9. <other_1106_s14> [মূল্য সংযোজন কর ও সম্পূরক শুল্ক আইন, ২০১২, ধারা ১৪] নিবন্ধিত বা তালিকাভুক্তব্যক্তি অর্থনৈতিক কার্যক্রম সংশ্লিষ্ট নিম্নবর্ণিত তথ্যের পরিবর্তনের ক্ষেত্রে, নির্ধারিত
10. <consumer_1010_s73> [ট্রেডমার্ক আইন, ২০০৯, ধারা ৭৩] মিথ্যা ট্রেডমার্ক, ট্রেড বর্ণনা, ইত্যাদি ব্যবহারের দণ্ড — যদি কোন ব্যক্তি-(ক) কোন ট্রেডমার্ককে মিথ্যা প্রতিপন্ন করেন,(খ) কোন পণ্য বা সেবার ক্ষেত্রে ট্রেডমার্ক মিথ্যাভাব",other_25_s2,own_search,answered,2,Sorup
prot_0025_03,Sarwad,,"একমাত্র পুত্রসন্তানের বয়স সাড়ে পাঁচ বছর। আমরা দুজনেই সরকারি চাকরিজীবী। আমাদের সম্পর্কটা ক্রমেই বিবাহবিচ্ছেদের দিকে মোড় নিচ্ছে। আমি মনেপ্রাণে চাই না আমাদের কারণে সন্তানের জীবনটা ক্ষতিগ্রস্ত হোক। আমার জিজ্ঞাসা, বিবাহবিচ্ছেদের পদ্ধতি বা নিয়মকানুন কী?","1. <women_children_835_s13> [নারী ও শিশু নির্যাতন দমন আইন, ২০০০, ধারা ১৩] (১) অন্য কোন আইনে ভিন্নতর যাহা কিছুই থাকুক না কেন, ধর্ষণের কারণে কোন সন্তান জন্মলাভ করিলে-(ক) উক্ত সন্তানকে তা
2. <constitutional_957_s129> [গণপ্রজাতন্ত্রী বাংলাদেশের সংবিধান, অনুচ্ছেদ ১২৯] মহা হিসাব-নিরীক্ষকের কর্মের মেয়াদ — 86[(১) এই অনুচ্ছেদের বিধানাবলী-সাপেক্ষে মহা হিসাব-নিরীক্ষক তাঁহার দায়িত্ব গ্রহণের তারিখ হইতে পাঁচ বৎসর বা তাঁ
3. <other_1292_s2_p0> [প্রাণিকল্যাণ আইন, ২০১৯, ধারা ২] সংজ্ঞা — বিষয় বা প্রসঙ্গের পরিপন্থি কোনো কিছু না থাকিলে, এই আইনে -(১) ‘‘অনিরাময়যোগ্য অসুস্থ প্রাণি’’ অর্থ এমন অসুস্থ 
4. <consumer_927_s10> [ধূমপান ও তামাকজাত দ্রব্য ব্যবহার (নিয়ন্ত্রণ), ধারা ১০] (১) তামাকজাত দ্রব্যের প্যাকেট, মোড়ক, কার্টন বা কৌটার উভয় পার্শ্বে মূল প্রদর্শনী তল বা যে সকল প্যাকেটে দুইটি 
5. <constitutional_957_s139> [গণপ্রজাতন্ত্রী বাংলাদেশের সংবিধান, অনুচ্ছেদ ১৩৯] পদের মেয়াদ — (১) এই অনুচ্ছেদের বিধানাবলী-সাপেক্ষে কোন সরকারী কর্ম কমিশনের সভাপতি বা অন্য কোন সদস্য তাঁহার দায়িত্বগ্রহণের ত
6. <other_857_s75> [বাংলাদেশ টেলিযোগাযোগ নিয়ন্ত্রণ আইন, ২০০১, ধারা ৭৫] প্রবিধানে অপরাধ, দণ্ড, ক্ষতিপূরণ সম্পর্কিত বিধান — কমিশন নিম্নলিখিত বিষয়ে প্রবিধান প্রণয়ন করিতে পারিবে, যথা:-(ক) প্রবিধানে বা কমিশন কর্তৃক ইস্যুকৃত লাইসেন্স বা
7. <constitutional_957_s96> [গণপ্রজাতন্ত্রী বাংলাদেশের সংবিধান, অনুচ্ছেদ ৯৬] (১) এই অনুচ্ছেদের অন্যান্য বিধানাবলী সাপেক্ষে কোন বিচারক সাতষট্টি বৎসর বয়স পূর্ণ হওয়া পর্যন্ত স্বীয় পদে বহা
8. <women_children_1119_s21> [শিশু আইন, ২০১৩, ধারা ২১] 1 [***] বয়স অনুমান ও নির্ধারণ — (১) অভিযুক্ত হউক বা না হউক, এমন কোন শিশুকে কোন অপরাধের দায়ে বা কোন শিশুকে অন্য কোন কারণে শিশু-আদালতে সাক্ষ্য 
9. <other_1133_s19> [নির্যাতন এবং হেফাজতে মৃত্যু (নিবারণ) আইন, ২০, ধারা ১৯] ব্যক্তিগত দায়বদ্ধতা ও অপ্রত্যক্ষ প্রমাণ — কোন সরকারি কর্মকর্তা অথবা তাহার পক্ষে কর্তব্যরত কোন ব্যক্তির গাফিলতি বা অসতর্কতার কারণে অভিযোগকারী ক্ষতিগ্রস্ত
10. <labour_1285_s24> [বাংলাদেশ ইপিজেড শ্রম আইন, ২০১৯, ধারা ২৪] চাকরি হইতে অবসর গ্রহণ — (১) এই অধ্যায়ের অন্যত্র যাহা কিছুই উল্লে­খ থাকুক না কেন, কোনো প্রতিষ্ঠানে নিয়োজিত কোনো শ্রমিকের বয়স ৬০ (ষাট","family_305_s7, family_305_s8",own_search,answered,2,Sorup
prot_0070_04,Sarwad,,"২০০৬ সালে আমার এক আত্মীয়কে তিন লাখ টাকা দিয়েছিলাম ব্যবসার জন্য। সে বলেছিল আমাকে কিছু লাভ দেবে। কিন্তু সে লাভের টাকা দেওয়া দূরের কথা, আসল টাকাই দিচ্ছে না। কীভাবে আমি আমার টাকা পাব? টাকা দেওয়ার কোনো প্রমাণপত্র আমার কাছে নেই। সে শুধু আমাকে ঘোরাচ্ছে টাকা দেওয়ার কথা বলে। কীভাবে আমার টাকা পেতে পারি?","1. <criminal_procedure_1238_s96> [গাজীপুর মহানগরী পুলিশ আইন, ২০১৮, ধারা ৯৬] রাস্তায় গবাদি পশু ছাড়িয়া দেওয়ার অথবা কাহারও সম্পত্তিতে অনধিকার প্রবেশ করিতে দেওয়ার দণ্ড — কোনো ব্যক্তি নিজের অথবা স্বীয় দায়িত্বাধীন গবাদি পশু রাস্তায় চরাইলে বা চরাইতে দিলে অথবা কাহারও সম্পত্তিতে অন
2. <criminal_procedure_1239_s96> [রংপুর মহানগরী পুলিশ আইন, ২০১৮, ধারা ৯৬] রাস্তায় গবাদি পশু ছাড়িয়া দেওয়ার অথবা কাহারও সম্পত্তিতে অনধিকার প্রবেশ করিতে দেওয়ার দণ্ড — কোনো ব্যক্তি নিজের অথবা স্বীয় দায়িত্বাধীন গবাদি পশু রাস্তায় চরাইলে বা চরাইতে দিলে অথবা কাহারও সম্পত্তিতে অন
3. <tenancy_748_s19_p2> [বাড়ী ভাড়া নিয়ন্ত্রণ আইন, ১৯৯১, ধারা ১৯] কতিপয় পরিস্থিততে ভাড়াটিয়া কর্তৃক ভাড়া জমা — নিয়ন্ত্রকের নিকট দিতে হইবে এবং উহার সহিত একটি দরখাস্ত পেশ করিতে হইবে যাহাতে নিম্নবর্ণিত বিষয়গুলি উল্লেখ থাকি
4. <criminal_procedure_1013_s98> [বরিশাল মহানগরী পুলিশ আইন, ২০০৯, ধারা ৯৮] রাস্তায় গবাদি পশু ছাড়িয়া দেওয়ার অথবা কাহারও সম্পত্তিতে অনধিকার প্রবেশ করিতে দেওয়ার দণ্ড — কোন ব্যক্তি নিজের অথবা স্বীয় দায়িত্বহীন গবাদি পশু রাস্তায় চরাইলে বা চরাইতে দিলে অথবা কাহারও সম্পত্তিতে অনধি
5. <criminal_procedure_765_s98> [রাজশাহী মহানগরী পুলিশ আইন, ১৯৯২, ধারা ৯৮] রাস্তায় গবাদি পশু ছাড়িয়া দেওয়ার অথবা কাহারও সম্পত্তিতে অনধিকার প্রবেশ করিতে দেওয়ার দণ্ড — কোন ব্যক্তি নিজের অথবা স্বীয় দায়িত্বাধীন গবাদি পশু রাস্তায় চরাইলে বা চরাইতে দিলে অথবা কাহারো সম্পত্তিতে অনধ
6. <criminal_procedure_1238_s91> [গাজীপুর মহানগরী পুলিশ আইন, ২০১৮, ধারা ৯১] বন্ধকগ্রহীতা বা অন্য কোনো ব্যক্তি কর্তৃক চোরাই সম্পত্তি সম্পর্কে পুলিশকে খবর না দেওয়ার দণ্ড — কোনো বন্ধকগ্রহীতা বা পুরাতন জিনিসের ব্যবসায়ী বা ধাতব কারখানার কর্মচারী কোনো দ্রব্য চুরি হইবার বিষয়ে পুলিশ অফ
7. <criminal_procedure_1239_s91> [রংপুর মহানগরী পুলিশ আইন, ২০১৮, ধারা ৯১] বন্ধকগ্রহীতা বা অন্য কোনো ব্যক্তি কর্তৃক চোরাই সম্পত্তি সম্পর্কে পুলিশকে খবর না দেওয়ার দণ্ড — কোনো বন্ধকগ্রহীতা বা পুরাতন জিনিসের ব্যবসায়ী বা ধাতব কারখানার কর্মচারী কোনো দ্রব্য চুরি হইবার বিষয়ে পুলিশ অফ
8. <criminal_procedure_1239_s47> [রংপুর মহানগরী পুলিশ আইন, ২০১৮, ধারা ৪৭] মিথ্যা বিবৃতি, ইত্যাদির জন্য দণ্ড — কোনো ব্যক্তি পুলিশ অফিসার হিসাবে চাকরি লাভের অথবা চাকরি হইতে অব্যাহতি লাভের জন্য কোনো মিথ্যা বিবৃতিদান বা মিথ্
9. <women_children_1119_s80> [শিশু আইন, ২০১৩, ধারা ৮০] শিশুকে শোষণের দণ্ড — (১) শিশু-আদালত কর্তৃক শিশুর জিম্মাদার, রক্ষণাবেক্ষণকারী, প্রতিপালনের দায়িত্বপ্রাপ্ত ব্যক্তি বা অন্য কোন ব্যক্
10. <criminal_procedure_1238_s47> [গাজীপুর মহানগরী পুলিশ আইন, ২০১৮, ধারা ৪৭] মিথ্যা বিবৃতি, ইত্যাদির জন্য দণ্ড — কোনো ব্যক্তি পুলিশ অফিসার হিসাবে চাকরি লাভের অথবা চাকরি হইতে অব্যাহতি লাভের জন্য কোনো মিথ্যা বিবৃতিদান বা মিথ্","criminal_procedure_11_s406, other_26_s73",own_search,answered,1,Sorup
prot_0037_05,Sarwad,,হিন্দুধর্মাবলম্বী একজনের সঙ্গে আমার প্রায় পাঁচ বছরের সম্পর্ক। আমরা দুজনই প্রাপ্তবয়স্ক এবং ধর্ম পরিবর্তন না করে বিয়ে করতে চাই। কিন্তু পরে উভয়ের প্রভাবশালী পরিবার আমাদের জীবনের জন্য বড় হুমকি হয়ে দাঁড়াবে। দুই পক্ষের মধ্যে ভয়ানক বিরোধের আশঙ্কাও রয়েছে। এই সমস্যাগুলো এড়িয়ে যাওয়ার জন্য আমরা আগে থেকে কীভাবে আইনি ব্যবস্থা নিতে পারি?,"1. <women_children_1063_s2> [পারিবারিক সহিংসতা (প্রতিরোধ ও সুরক্ষা) আইন, , ধারা ২] সংজ্ঞা — - বিষয় বা প্রসঙ্গের পরিপন্থী কিছু না থাকিলে, এই আইনে-(১)""অর্ন্তব র্তীকালীন সুরক্ষা আদেশ""অর্থ ধারা ১৩ এর অধীন 
2. <other_1496_s9> [পরিশোধ ও নিষ্পত্তি ব্যবস্থা আইন, ২০২৪, ধারা ৯] আউটসোর্সিং (Outsourcing) — (১) পরিশোধ ব্যবস্থা পরিচালনাকারী, পরিশোধ ব্যবস্থায় অংশগ্রহণকারী বা পরিশোধ সেবাদানকারী বাংলাদেশ ব্যাংক কর্তৃক 
3. <consumer_1011_s7_p0> [তথ্য অধিকার আইন, ২০০৯, ধারা ৭] কতিপয় তথ্য প্রকাশ বা প্রদান বাধ্যতামূলক নয় — এই আইনের অন্যান্য বিধানাবলীতে যাহা কিছুই থাকুক না কেন, কোন কর্তৃপক্ষ কোন নাগরিককে নিম্নলিখিত তথ্যসমূহ প্রদান ক
4. <labour_952_s222> [বাংলাদেশ শ্রম আইন, ২০০৬, ধারা ২২২] নিষ্পত্তি ইত্যাদি কাহার উপর অবশ্য পালনীয় হইবে — (১) কোন সালিসী কার্য ধারায় উপনীত কোন নিষ্পত্তি, অথবা কোন মধ্যস্থতাকারীর প্রদত্ত রোয়েদাদ অথবা শ্রম আদালতের কো
5. <criminal_procedure_1238_s50> [গাজীপুর মহানগরী পুলিশ আইন, ২০১৮, ধারা ৫০] সনদপত্র, প্রভৃতি ফেরত প্রদানে গাফিলতি বা অস্বীকৃতি জ্ঞাপনের দণ্ড — কোনো পুলিশ অফিসার বাহিনীর সহিত সম্পর্ক ছিন্ন হইবার অব্যবহিত পরে তাহার সনদপত্র, অস্ত্র, পোশাক ও অন্যান্য দ্রব্য
6. <criminal_procedure_1239_s50> [রংপুর মহানগরী পুলিশ আইন, ২০১৮, ধারা ৫০] সনদপত্র, প্রভৃতি ফেরত প্রদানে গাফিলতি বা অস্বীকৃতি জ্ঞাপনের দণ্ড — কোনো পুলিশ অফিসার বাহিনীর সহিত সম্পর্ক ছিন্ন হইবার অব্যবহিত পরে তাহার সনদপত্র, অস্ত্র, পোশাক ও অন্যান্য দ্রব্য
7. <family_1105_s6> [হিন্দু বিবাহ নিবন্ধন আইন, ২০১২, ধারা ৬] বিবাহ নিবন্ধিকরণ পদ্ধতি — (১) হিন্দু ধর্ম, রীতি-নীতি ও আচার-অনুষ্ঠান অনুযায়ী হিন্দু বিবাহ সম্পন্ন হওয়ার পর উক্ত বিবাহের দালিলিক প্রমাণ
8. <labour_952_s111> [বাংলাদেশ শ্রম আইন, ২০০৬, ধারা ১১১] প্রাপ্তবয়স্ক শ্রমিকের কাজের সময়ের নোটিশ এবং উহার প্রস্তুতি — (১) প্রত্যেক প্রতিষ্ঠানে উহাতে কর্মরত প্রাপ্তবয়স্ক শ্রমিকগণ কোন্ কোন্ সময় কাজ করিবেন ইহা পরিষ্কারভাবে লিখিয়
9. <consumer_1010_s25> [ট্রেডমার্ক আইন, ২০০৯, ধারা ২৫] নিবন্ধনের ফলে অর্জিত অধিকার — (১) কোন ব্যক্তি কোন পণ্য বা সেবার জন্য ট্রেডমার্কের স্বত্বাধিকারী হিসাবে নিবন্ধিত হইলে, তিনি, এই আইনের অন্যান্
10. <cybercrime_1710_s18> [সাইবার সুরক্ষা আইন, ২০২৬, ধারা ১৮] কম্পিউটার, ডিজিটাল ডিভাইস, কম্পিউটার সিস্টেম ইত্যাদিতে বে-আইনি প্রবেশ ও দণ্ড — (১) যদি কোনো ব্যক্তি ইচ্ছাকৃতভাবে— (ক) কোনো কম্পিউটার, ডিজিটাল ডিভাইস, কম্পিউটার সিস্টেম, কম্পিউটার নেটওয়ার্ক",other_25_s2,own_search,answered,2,Sorup
ajke_0169_01,Sarwad,,"আমি এইচএসসি পরীক্ষার্থী। আমার বাবা-মা প্রায় চার বছর ধরে আলাদা থাকছেন। বাবা একাধিক নারীতে আসক্ত ছিলেন। সে কারণে মাকে মারধর করতেন। শেষমেশ মা বাড়ি ছেড়ে চলে আসেন। এর পর থেকে বাবা আমার খরচ দেওয়া বন্ধ করে দেন। তবে কখনো কখনো পারিবারিক চাপের কারণে কিছু দেন, আবার বন্ধ করে দেন। এখন মাকে ডিভোর্সের নোটিশ পাঠিয়েছেন বাবা। যদি সত্যি তাঁদের ডিভোর্স হয়ে যায়, তাহলে আমার করণীয় কী? আমি কীভাবে আমার ন্যায্য অধিকার পাব? তিনি যথেষ্ট সচ্ছল মানুষ। আমি চাই আমার পড়ালেখা চালিয়ে যাওয়ার মতো খরচটা তিনি দিন। আমাদের কী করা উচিত?","1. <labour_952_s18> [বাংলাদেশ শ্রম আইন, ২০০৬, ধারা ১৮] কতিপয় ক্ষেত্রে লে-অফকৃত শ্রমিকগণ ক্ষতিপূরণ পাইবার অধিকারী হইবেন না — (১) এই অধ্যায়ের অন্যত্র যাহা কিছুই থাকুক না কেন, কোন লে-অফকৃত শ্রমিককে ক্ষতিপূরণ প্রদেয় হইবে না, যদি-(ক) তিন
2. <labour_1285_s17> [বাংলাদেশ ইপিজেড শ্রম আইন, ২০১৯, ধারা ১৭] কতিপয় ক্ষেত্রে লে-অফকৃত শ্রমিকগণ ক্ষতিপূরণ পাইবার অধিকারী হইবেন না — (১) এই অধ্যায়ের অন্যত্র যাহা কিছুই থাকুক না কেন, কোনো লে-অফকৃত শ্রমিককে ক্ষতিপূরণ প্রদেয় হইবে না, যদি-(ক) তি
3. <labour_952_s13> [বাংলাদেশ শ্রম আইন, ২০০৬, ধারা ১৩] প্রতিষ্ঠান বন্ধ রাখা — (১) কোন প্রতিষ্ঠানের কোন শাখা বা বিভাগে বে-আইনী ধর্মঘটের কারণে মালিক উক্ত শাখা বা প্রতিষ্ঠান আংশিক বা সম্পূর্ণ
4. <tenancy_748_s24> [বাড়ী ভাড়া নিয়ন্ত্রণ আইন, ১৯৯১, ধারা ২৪] সুখাধিকার ইত্যাদিতে বাধা প্রদানের দণ্ড — যেক্ষেত্রে ধারা ১৮ এর অধীন কোন বাড়ীর দখল উদ্ধারের জন্য কোন আদেশ বা ডিক্রি প্রদান নিষিদ্ধ সেক্ষেত্রে যদি কোন ব
5. <labour_1285_s12> [বাংলাদেশ ইপিজেড শ্রম আইন, ২০১৯, ধারা ১২] প্রতিষ্ঠান বন্ধ রাখা — (১) কোনো প্রতিষ্ঠানের কোনো শাখা বা বিভাগে বে-আইনী ধর্মঘটের কারণে, কর্তৃপক্ষের পূর্বানুমোদনক্রমে, মালিক উক্ত শা
6. <other_1725_s5> [অর্থ আইন, ২০২৬, ধারা ৫] ২০১২ সনের ৪৭ নং আইনের ধারা ১১ এর সংশোধন — উক্ত আইনের ধারা ১১ এর উপ-ধারা (১) এর পরিবর্তে নিম্নরূপ উপ-ধারা (১) প্রতিস্থাপিত হইবে, যথা:- “(১) তালিকাভুক্ত ব
7. <other_812_s53> [দেউলিয়া বিষয়ক আইন, ১৯৯৭, ধারা ৫৩] পারষ্পরিক লেন-দেন এবং সমন্বয় সাধন — যে ক্ষেত্রে দেনাদার এবং এই আইনের অধীনে দেনা প্রমাণকারী বা প্রমাণের দাবীকারী কোন পাওনাদারের মধ্যে পারস্পরিক লেন
8. <other_1725_s21_p29> [অর্থ আইন, ২০২৬, ধারা ২১] ২০১২ সনের ৪৭ নং আইনের দ্বিতীয় তফসিলের সংশোধন — ডলার পর্যন্ত ৪৫ (ঘ) মূল্যসীমা ১০০০০০ মা. ডলার এর ঊর্ধ্ব হইতে ২০০০০০ মা. ডলার পর্যন্ত ৬০ (ঙ) মূল্যসীমা ২০০০০০ ম
9. <other_1136_s41> [ভৌগোলিক নির্দেশক পণ্য (নিবন্ধন ও সুরক্ষা) আই, ধারা ৪১] কতিপয় কার্যধারায় অনুমোদিত ব্যবহারকারীকে পক্ষভুক্ত করা — (১) এই আইনের অধীন প্রতিটি আইনগত কার্যধারায়, অনুরূপ কার্যধারার সহিত সম্পৃক্ত ভৌগোলিক নির্দেশক পণ্যের অনুমোদিত 
10. <other_1246_s99_p2> [ক্যান্টনমেন্ট আইন, ২০১৮, ধারা ৯৯] উপদ্রব সৃষ্টির শাস্তি — ক্যান্টনমেন্টের অভ্যন্তরে কোনো সড়ক বা গণস্থানে,-(ক) বোর্ড কর্তৃক গণ-বিজ্ঞপ্তি দ্বারা এতদুদ্দেশ্যে জারিকৃত নিষ",family_1444_s5,own_search,answered,2,Sorup
prot_0018_04,Sarwad,,"আমার এক আত্মীয় ১৯৬০ সালে পরিবারের কাউকে না জানিয়ে দ্বিতীয় বিয়ে করেন। পরে প্রথম স্ত্রীর ছেলেমেয়েরা দ্বিতীয় স্ত্রীর চার ছেলেমেয়ের লেখাপড়া শেখায় ও প্রতিষ্ঠিত করে। ২০০৮ সালে প্রথম স্ত্রী ও ২০১১ সালে সেই ব্যক্তি মারা যান। এখন দ্বিতীয় স্ত্রীর ছেলেমেয়েরা বলছে, স্বামীর আগে স্ত্রী মারা গেছে বলে স্বামীর সম্পত্তির অংশ প্রথম স্ত্রীর ছেলেমেয়েরা পাবে না। প্রশ্ন হলো, প্রথম স্ত্রীর ফারায়েজ অংশ তাঁর সন্তানেরা পাবে কি না?","1. <other_1037_s57_p2> [বীমা আইন, ২০১০, ধারা ৫৭] বীমা পলিসি গ্রাহক কর্তৃক মনোনয়ন৷ — বলবৎ হইবার পূর্বে কোন ব্যক্তি তাহার নিজের বা তাহার স্ত্রীর বা সন্তানদের বা তাহাদের যে কোন এক জনের লাইফ ইন্স্যু
2. <other_1045_s18> [চার্টার্ড সেক্রেটারীজ আইন, ২০১০, ধারা ১৮] রেজিস্টার — (১) সচিব, নিম্নবর্ণিত তথ্যাদি উল্লেখপূর্বক, নির্ধারিত পদ্ধতিতে, সদস্যগণের নাম রেজিস্টারে অন্তর্ভুক্ত ও সংরক্ষণ
3. <other_894_s7> [পুলিশ ষ্টাফ কলেজ আইন, ২০০২, ধারা ৭] বোর্ডের সভা — (১) এই আইনের অন্যান্য বিধানাবলী সাপেক্ষে, বোর্ড কর্তৃক উহার সভার কার্য পদ্ধতি নির্ধারিত হইবে।(২) বোর্ডের সভা উ
4. <other_1266_s2_p2> [বাংলাদেশ মুক্তিযোদ্ধা কল্যাণ ট্রাস্ট আইন, ২০, ধারা ২] সংজ্ঞা — জামায়াতে ইসলামী এবং তাহাদের সহযোগী রাজাকার, আলবদর, আলশামস বাহিনীর বিরুদ্ধে গণপ্রজাতন্ত্রী বাংলাদেশের স্বাধীনত
5. <labour_952_s308> [বাংলাদেশ শ্রম আইন, ২০০৬, ধারা ৩০৮] পূর্ব দণ্ডাজ্ঞার পর বর্ধিত দণ্ড — এই আইন বা কোন বিধি, প্রবিধান বা স্কীমের অধীন কোন অপরাধের জন্য দণ্ডাজ্ঞা প্রাপ্ত কোন ব্যক্তি পুনরায় উক্তরূপ কো
6. <other_1431_s23> [অর্থ আইন, ২০২৩, ধারা ২৩] ২০১২ সনের ৪৭ নং আইনের প্রথম তফসিলের সংশোধন — উক্ত আইনের প্রথম তফসিল এর দ্বিতীয় খন্ড এর অনুচ্ছেদ ৭ এর দফা (ঘ) বিলুপ্ত হইবে।
7. <labour_952_s7> [বাংলাদেশ শ্রম আইন, ২০০৬, ধারা ৭] সার্ভিস বইয়ের ফরম — (১) সার্ভিস বই বিধি দ্বারা নির্ধারিত মাপে ও ফরমে রৰিত হইবে, এবং উহাতে শ্রমিকের একটি ফটো সংযোজিত থাকিবে।(২) সার
8. <money_recovery_901_s28> [অর্থ ঋণ আদালত আইন, ২০০৩, ধারা ২৮] জারীর জন্য মামলা দাখিলের সময়সীমা — (১) TheLimitation Act, 1908এবং TheCode of Civil Procedure, 1908এ ভিন্নতর যে বিধানই থাকুক না কেন, ডিক্রীদার, আদ
9. <other_1418_s14> [বাংলাদেশ সুপ্রীম কোর্টের বিচারক (ছুটি, পেনশন, ধারা ১৪] ধারা ১৩ এর আওতাভুক্ত বিচারকদের পেনশন নির্ধারণ — ধারা ১৩ এর অধীন পেনশন প্রাপ্তির অধিকারী কোনো বিচারকের পেনশনের পরিমাণ নিম্নরূপে নির্ধারিত হইবে, যথা :-(ক) যিনি 
10. <other_1190_s18> [পেট্রোলিয়াম আইন, ২০১৬, ধারা ১৮] পরীক্ষণ সনদ — (১) পেট্রোলিয়ামের নমুনা পরীক্ষণ করিবার পর, পরীক্ষণ কর্মকর্তা সরকার কর্তৃক, সরকারি গেজেটে প্রজ্ঞাপন দ্বারা, নি",other_173_s2,own_search,answered,1,Sorup
prot_0003_05,Sarwad,,আমি ও আমার স্ত্রী দুজনই সরকারি চাকরিজীবী। আমরা আমাদের এক দরিদ্র দূরসম্পর্কের আত্মীয়ের এক মাস বয়সী কন্যাকে তাঁদের পূর্ণ সম্মতিতে এককালীন নিয়ে নিয়েছি। সে এখন আমাদের সন্তান হিসেবে বড় হচ্ছে। নাম রেখেছি ছালছাবিল। বয়স এখন এক বছর। আমি আমার সম্পত্তি আমার একমাত্র কন্যা হিসেবে ছালছাবিলকে উইল করে দিতে চাই। এতে কোনো আইনগত বাধা আছে কি না? কিংবা আমার অবর্তমানে ভবিষ্যতে আমার ভাই-ভাতিজারা ছালছাবিল আমার কন্যা নয় বলে ওই সম্পত্তিতে কোনো দাবি বা হস্তক্ষেপ করতে পারবে কি না? বাবলু কুড়িগ্রাম,"1. <other_1132_s5> [পিতা-মাতার ভরণ-পোষণ আইন, ২০১৩, ধারা ৫] পিতা-মাতার ভরণ-পোষণ না করিবার দণ্ড — (১) কোন সন্তান কর্তৃক ধারা ৩ এর যে কোন উপ-ধারার বিধান কিংবা ধারা ৪ এর বিধান লংঘন অপরাধ বলিয়া গণ্য হইবে এবং উক
2. <other_1266_s2_p2> [বাংলাদেশ মুক্তিযোদ্ধা কল্যাণ ট্রাস্ট আইন, ২০, ধারা ২] সংজ্ঞা — জামায়াতে ইসলামী এবং তাহাদের সহযোগী রাজাকার, আলবদর, আলশামস বাহিনীর বিরুদ্ধে গণপ্রজাতন্ত্রী বাংলাদেশের স্বাধীনত
3. <other_1446_s2> [সরকারি প্রাথমিক বিদ্যালয় শিক্ষক কল্যাণ ট্রাস, ধারা ২] সংজ্ঞা — বিষয় বা প্রসঙ্গের পরিপন্থি কোনো কিছু না থাকিলে, এই আইনে,-(১) “র্কমচারী” অর্থে কর্মকর্তাও অন্তর্ভুক্ত হইবে;(২)
4. <women_children_835_s13> [নারী ও শিশু নির্যাতন দমন আইন, ২০০০, ধারা ১৩] (১) অন্য কোন আইনে ভিন্নতর যাহা কিছুই থাকুক না কেন, ধর্ষণের কারণে কোন সন্তান জন্মলাভ করিলে-(ক) উক্ত সন্তানকে তা
5. <other_1418_s5> [বাংলাদেশ সুপ্রীম কোর্টের বিচারক (ছুটি, পেনশন, ধারা ৫] মোট ছুটির পরিমাণ — (১) কোনো বিচারককে তাহার মোট কর্মকালীন ছুটির শর্ত অনুযায়ী অর্ধ গড় বেতনে মোট ৩৬ (ছত্রিশ) মাসের অধিক ছুটি মঞ্জু
6. <other_743_s4> [দানকর আইন, ১৯৯০, ধারা ৪] কতিপয় দানের ক্ষেত্রে অব্যাহতি — (১) নিম্নবর্ণিত ক্ষেত্রসমূহে কোন ব্যক্তির কৃত দানের উপর এই আইনের অধীন কোন দানকর আরোপযোগ্য হইবে না, যথা :-(ক) দ
7. <other_1196_s4> [রাষ্ট্রপতির অবসরভাতা, আনুতোষিক ও অন্যান্য সু, ধারা ৪] আনুতোষিক — (১) অবসরভাতা গ্রহণের প্রাধিকার অর্জন করিয়াছেন এমন কোন সাবেক রাষ্ট্রপতি, অবসরভাতার পরিবর্তে এই ধারার বিধান অনু
8. <other_1246_s88> [ক্যান্টনমেন্ট আইন, ২০১৮, ধারা ৮৮] দরিদ্র ব্যক্তিদের অব্যাহতি — যদি বোর্ডের নিকট প্রতীয়মান হয় যে, কোনো ব্যক্তি দরিদ্রতার কারণে কর পরিশোধে অপারগ, তাহা হইলে উক্ত ব্যক্তিকে এক
9. <other_812_s32> [দেউলিয়া বিষয়ক আইন, ১৯৯৭, ধারা ৩২] অব্যাহতিপ্রাপ্ত সম্পত্তি — এই আইনের অন্য কোন বিধানে যাহা কিছুই থাকুক না কেন, একক দেনাদারের নিম্্নবর্ণিত সম্পত্তির দখল ২৩ ধারার অধীনে গ্রহ
10. <labour_1285_s2_p2> [বাংলাদেশ ইপিজেড শ্রম আইন, ২০১৯, ধারা ২] সংজ্ঞা — সময়ে দুই বা ততোধিক শ্রমিক দ্বারা সম্পাদিত হয় সেই ক্ষেত্রে উক্তরূপ প্রত্যেক সময়;(25)‘‘পোষ্য’’ অর্থ কোনো মৃত ","other_173_s2, other_48_s123",own_search,answered,1,Sorup
prot_0077_01,Sarwad,,"আমি বিশ্ববিদ্যালয়ের শিক্ষার্থী। তিন বছর ধরে আমি একটি মেয়েকে ভালোবাসি। সেও আমাকে খুবই ভালোবাসে। সে এবার এসএসসি পরীক্ষা দিয়েছে। আমাদের সম্পর্কের কথা ওর পরিবারের সবাই জানে। জোরপূর্বক ওর বাবা-মা ওকে আট মাস আগে এক প্রবাসী ছেলের সঙ্গে মোবাইল ফোনের মাধ্যমে বিয়ে দেন। বিয়ের পর ছেলেটি বাংলাদেশে আসেনি। আমরা সিদ্ধান্ত নিয়েছি, ছেলেটি বাংলাদেশে আসার এক মাস আগে বিয়ে করে পালিয়ে যাব। ছেলেটি আগামী জানুয়ারি মাসে বাংলাদেশে আসবে। আমাদের পরিবারও আমাদের সম্পর্ক মেনে নেবে না। বিয়ে করতে কোনো আইনি বাধা আছে কি? হয়তো আপনি বলবেন যে মেয়ের বিয়ের বয়স হয়নি। তাহলে আমি বলব মেয়ের বিয়ের বয়স না হলে আট মাস আগে কীভাবে মেয়ের বাবা-মা মেয়েকে বিয়ে দিলেন? আমরা কীভাবে পরস্পরকে পাব, সেই পরামর্শ চাই","1. <other_1124_s7> [মাতৃদুগ্ধ বিকল্প, শিশু খাদ্য, বাণিজ্যিকভাবে , ধারা ৭] শিক্ষামূলক বা অন্যান্য তথ্যাদি — জন্ম-পূর্ববর্তী বা জন্ম-পরবর্তী সেবা দানের উদ্দেশ্যে কোন গর্ভবতী মহিলা বা মাতৃদুগ্ধদানকারী বা শিশুর মায়েদের স
2. <labour_952_s50> [বাংলাদেশ শ্রম আইন, ২০০৬, ধারা ৫০] কতিপয় ক্ষেত্রে নারীর চাকুরীর অবসানে বাধা — যদি কোন মহিলার সন্ত্মান প্রসবের পূর্ববতী ছয় মাস এবং সন্ত্মান প্রসবের পরবর্তী আট সপ্তাহ মেয়াদের মধ্যে তাহাকে 
3. <other_1124_s2> [মাতৃদুগ্ধ বিকল্প, শিশু খাদ্য, বাণিজ্যিকভাবে , ধারা ২] সংজ্ঞা — বিষয় বা প্রসঙ্গের পরিপন্থী কোন কিছু না থাকিলে, এই আইনে,-(ক) ‘‘জাতীয় উপদেষ্টা কমিটি’’ অর্থ ধারা ৮ এর অধীন গঠি
4. <labour_1285_s34> [বাংলাদেশ ইপিজেড শ্রম আইন, ২০১৯, ধারা ৩৪] কতিপয় ক্ষেত্রে মহিলা শ্রমিকের চাকরির অবসানে বাধা — যদি কোনো মহিলা শ্রমিকের সন্তান প্রসবের পূর্ববর্তী ৬ (ছয়) মাস এবং সন্তান প্রসবের পরবর্তী ৮ (আট) সপ্তাহ মেয়াদে
5. <labour_952_s46> [বাংলাদেশ শ্রম আইন, ২০০৬, ধারা ৪৬] প্রসূতি কল্যাণ সুবিধা প্রাপ্তির অধিকার এবং প্রদানের দায়িত্ব — (১) প্রত্যেক মহিলা শ্রমিক তাহার মালিকের নিকট হইতে তাহার সন্ত্মান প্রসবের সম্ভাব্য তারিখের অব্যবহিত পূর্ববর্তী 
6. <other_1476_s171_p15> [কাস্টমস আইন, ২০২৩, ধারা ১৭১] অপরাধসমূহের জরিমানা বা দণ্ড — আরোপণীয় হইবে; অথবা(খ) আদালত কর্তৃক দোষী সাব্যস্ত হইলে, সংশ্লিষ্ট ব্যক্তি তিনি অনধিক ১ (এক) বৎসর মেয়াদের কারা
7. <labour_1285_s30> [বাংলাদেশ ইপিজেড শ্রম আইন, ২০১৯, ধারা ৩০] প্রসূতি কল্যাণ সুবিধা প্রাপ্তির অধিকার এবং প্রদানের দায়িত্ব — (১) প্রত্যেক মহিলা শ্রমিক তাহার মালিকের নিকট হইতে তাহার সন্তান প্রসবের সম্ভাব্য তারিখের অব্যবহিত পূর্ববর্তী ৮ 
8. <other_1037_s85> [বীমা আইন, ২০১০, ধারা ৮৫] পলিসি তামাদির ক্ষেত্রে বীমাকৃতের প্রাপ্তব্য সুবিধাদি সম্পর্কে নোটিশ প্রদান৷ — কোন বীমাকারী যে তারিখে লাইফ ইন্স্যুরেন্স পলিসির প্রিমিয়াম প্রদেয় ছিল, কিন্তু পরিশোধ করা হয়নি ঐ তারিখ হইতে ৩
9. <criminal_procedure_1013_s52> [বরিশাল মহানগরী পুলিশ আইন, ২০০৯, ধারা ৫২] নিয়োগপত্র, প্রভৃতি ফেরত দিতে গাফিলতি বা অস্বীকৃতি জ্ঞাপনের দণ্ড — কোন পুলিশ কর্মকর্তা বাহিনীর সহিত সম্পর্ক ছিন্ন হওয়ার অব্যবহিত পরে তাহার নিয়োগপত্র, অস্ত্র, পোশাক ও অন্যান্য 
10. <criminal_procedure_1012_s52> [সিলেট মহানগরী পুলিশ আইন, ২০০৯, ধারা ৫২] নিয়োগপত্র, প্রভৃতি ফেরৎ দিতে গাফিলতি বা অস্বীকৃতি জ্ঞাপনের দণ্ড — কোন পুলিশ কর্মকর্তা বাহিনীর সহিত সম্পর্ক ছিন্ন হওয়ার অব্যবহিত পরে তাহার নিয়োগপত্র, অস্ত্র, পোশাক ও অন্যান্য ","criminal_procedure_11_s494, women_children_1207_s7",own_search,answered,1,Sorup
prot_0058_01,Sarwad,,"আমি দ্বাদশ শ্রেণীতে পড়ি। মেজো দুলাভাই বিদেশে থাকেন। ছয় মাস আগে তিনি আমাকে স্বামীসহ বিদেশে নিয়ে যেতে চেয়েছিলেন। তখন আমি অবিবাহিত ছিলাম। তারপর আমার বড় বোনের দূর-সম্পর্কের এক দেবরের সঙ্গে বিয়ে ঠিক হয়। আমাদের পরিবারের সম্মতিতে একটি নকল কাবিননামা তৈরি করা হয়, যা বিদেশে কাগজপত্র পাঠানোর জন্য দরকার ছিল। কাবিনে শুধু আমার সই ছিল। ছেলেদের পরিবারের সঙ্গে কথা ছিল দুজন বিদেশে যেতে পারলে বিয়ে হবে, অন্যথায় বিয়ে হবে না। আমরা ভিসা পাইনি। কিন্তু এই সময়ে আমাদের মধ্যে একটা সম্পর্ক গড়ে ওঠে। এখন পরিবার থেকে বলছে, আমি যেন তার সঙ্গে যোগাযোগ না রাখি। কিন্তু আমরা বিয়ে করে সংসার করতে চাই। আমার প্রশ্ন, আমাদের আগের কাবিননামা কি গ্রহণযোগ্য?ঠিকানা ও নাম প্রকাশে অনিচ্ছুক","1. <other_1131_s31> [বৈদেশিক কর্মসংস্থান ও অভিবাসী আইন, ২০১৩, ধারা ৩১] অবৈধভাবে বিদেশে কর্মী প্রেরণ, অর্থ গ্রহণ, ইত্যাদির দণ্ড — কোন ব্যক্তি বা রিক্রুটিং এজেন্ট—(ক) এই আইন বা বিধির বিধান লঙ্ঘন করিয়া অপর কোন ব্যক্তিকে কর্মের উদ্দেশ্যে বিদে
2. <other_1131_s26> [বৈদেশিক কর্মসংস্থান ও অভিবাসী আইন, ২০১৩, ধারা ২৬] তথ্যের অধিকার — কোন অভিবাসী কর্মীর বিদেশে যাইবার পূর্বে অভিবাসন প্রক্রিয়া এবং কর্মসংস্থান চুক্তি বা বিদেশে কর্মের পরিবেশ সম্প
3. <other_1131_s30ক> [বৈদেশিক কর্মসংস্থান ও অভিবাসী আইন, ২০১৩, ধারা ৩০ক] (১) প্রত্যেক অভিবাসী কর্মী বৈদেশিক কর্মসংস্থানের জন্য প্রশিক্ষণ গ্রহণ ও বৈধ পন্থা অবলম্বন করিবেন এবং বিদেশে অব
4. <local_government_1024_s28> [স্থানীয় সরকার (পৌরসভা) আইন, ২০০৯, ধারা ২৮] সম্পত্তি সম্পর্কিত ঘোষণা — (১) মেয়র এবং প্রত্যেক কাউন্সিলরকে, শপথ বা দৃঢ়ভাবে ঘোষণা প্রদানের সময় ট্যাক্সপেয়ার’স আইডেন্টিফিকেশন নম্বরসহ
5. <other_1131_s5> [বৈদেশিক কর্মসংস্থান ও অভিবাসী আইন, ২০১৩, ধারা ৫] কতিপয় ব্যক্তির বহির্গমনের ক্ষেত্রে এই আইনের অপ্রযোজ্যতা — এই আইন নিম্নবর্ণিত ব্যক্তির বহির্গমনের ক্ষেত্রে প্রযোজ্য হইবে না, যথা:—(ক) প্রজাতন্ত্রের কর্ম বা সংবিধিবদ্ধ সর
6. <local_government_1026_s8> [স্থানীয় সরকার (সিটি কর্পোরেশন) আইন, ২০০৯, ধারা ৮] সম্পত্তি সম্পর্কিত ঘোষণা — (১) মেয়র এবং প্রত্যেক কাউন্সিলরকে, শপথ গ্রহণ বা ঘোষণা প্রদানের সময় ট্যাক্স আইডেন্টিফিকেশন নম্বরসহ (যদি থাকে)
7. <other_1167_s9> [রপ্তানি উন্নয়ন ব্যুরো আইন, ২০১৫, ধারা ৯] ব্যুরোর দায়িত্ব ও কার্যাবলি — (১) ব্যুরোর দায়িত্ব ও কার্যাবলি হইবে নিম্নরূপ, যথা:-(ক) দেশের রপ্তানি উন্নয়নের লক্ষ্যে সরকারি এবং বেসরকারি উ
8. <other_1131_s22> [বৈদেশিক কর্মসংস্থান ও অভিবাসী আইন, ২০১৩, ধারা ২২] কর্মসংস্থান চুক্তি — (১) রিক্রুটিং এজেন্ট নির্বাচিত কর্মী এবং তাহার নিয়োগকারীর মধ্যে একটি কর্মসংস্থান চুক্তি সম্পাদন করিবে, যাহাতে
9. <other_949_s22> [কেবল টেলিভিশন নেটওয়ার্ক পরিচালনা আইন, ২০০৬, ধারা ২২] চ্যানেলের মূল্য পরিশোধ, ইত্যাদি — কোন ডিসট্রিবিউটর, সরকারের পূর্বানুমোদন ব্যতিরেকে, বিদেশী পে-চ্যানেল ডাউন লিংক করিবার লক্ষ্যে পরিশোধিতব্য চ্যান
10. <other_1429_s192> [আয়কর আইন, ২০২৩, ধারা ১৯২] হিন্দু অবিভক্ত পরিবারের বিভাজনের ক্ষেত্রে কর নির্ধারণ — (১) এই আইনের উদ্দেশ্যপূরণকল্পে, হিন্দু অবিভক্ত পরিবার হিসাবে নির্ধারিত কোনো হিন্দু পরিবারকে সেই পর্যন্ত হিন্দু",family_476_s3,own_search,answered,1,Sorup
prot_0101_03,Sarwad,,ইসলামি ফরায়েজ মতে আমার পাওনা ও ছেলের দায়দায়িত্ব এবং তার ভরণপোষণ ও ভবিষ্যৎ জিম্মাদারি সম্পর্কে বিস্তারিত আইনি ব্যাখ্যা দেবেন কি?,"1. <consumer_1452_s45> [কপিরাইট আইন, ২০২৩, ধারা ৪৫] কপিরাইটের স্বত্বাধিকারী কর্তৃক প্রদত্ত লাইসেন্স, ইত্যাদি — (১) কোনো বিদ্যমান কর্মের কপিরাইটের স্বত্বাধিকারী বা কোনো ভবিষ্যৎ কর্মের কপিরাইটের সম্ভাব্য স্বত্বাধিকারী তাহার
2. <other_1717_s31> [ব্যাংক রেজল্যুশন আইন, ২০২৬, ধারা ৩১] ইসলামি ব্যাংকসমূহের ক্ষেত্রে রেজল্যুশন টুলের প্রয়োগ — বাংলাদেশ ব্যাংক, প্রয়োজনে, ইসলামি ব্যাংকসমূহের ক্ষেত্রে রেজল্যুশন টুল প্রয়োগ সুনির্দিষ্ট করিবার জন্য প্রবিধা
3. <other_1725_s148> [অর্থ আইন, ২০২৬, ধারা ১৪৮] ২০২৩ সনের ১২ নং আইনের ধারা ৩০৪ এর সংশোধন — উক্ত আইনের ধারা ৩০৪ এর- (ক) উপ-ধারা (১) উল্লিখিত “উক্তকমত্য” শব্দের পরিবর্তে “ঐকমত্য পোষণ করেন অথবা প্রয়োজনে 
4. <other_1125_s56> [ইসলামি আরবি বিশ্ববিদ্যালয় আইন, ২০১৩, ধারা ৫৬] ক্রান্তিকালীন বিধান — এই আইন বা বর্তমানে বলবৎ অন্য কোন আইনে যাহাই থাকুক না কেন, বিশ্ববিদ্যালয় যতদিন পর্যন্ত দেশের সকল মাদ্রাসার নিয
5. <money_recovery_901_s34_p1> [অর্থ ঋণ আদালত আইন, ২০০৩, ধারা ৩৪] দেওয়ানী আটকাদেশ — আটক দায়িক যদি ডিক্রীদারের অপরিশোধিত পাওনার ২৫% এর সমপরিমাণ অর্থ নগদ পরিশোধ করিয়া এই মর্মে বন্ড প্রদান করেন য
6. <family_1444_s5> [পারিবারিক আদালত আইন, ২০২৩, ধারা ৫] পারিবারিক আদালতের এখতিয়ার — মুসলিম পারিবারিক আইনের বিধানাবলি সাপেক্ষে, পারিবারিক আদালতে নিম্নরূপ সকল বা যেকোনো বিষয় সম্পর্কিত বা উহা হইতে
7. <other_1717_s27> [ব্যাংক রেজল্যুশন আইন, ২০২৬, ধারা ২৭] শেয়ার, সম্পদ ও দায় হস্তান্তরের প্রভাব — বাংলাদেশ ব্যাংক কর্তৃক ভিন্নরূপ কোনো সিদ্ধান্ত গৃহীত না হইলে, যেক্ষেত্রে ধারা ২৬ এর অধীন হস্তান্তরকারী ব্যাংকে
8. <other_788_s259> [কোম্পানী আইন, ১৯৯৪, ধারা ২৫৯] লিকুইডেটর কর্তৃক প্রতিবেদন দাখিল — (১) আদালত কোম্পানী-অবলুপ্তির আদেশ প্রদান করিলে সরকারী লিকুইডেটর, ২৫৮ ধারা অনুযায়ী দাখিলযোগ্য বিবরণী প্রাপ্তির
9. <other_1465_s7> [চিড়িয়াখানা আইন, ২০২৩, ধারা ৭] পরিচালক, কিউরেটর ও অন্যান্য কর্মচারি নিয়োগ — (১) সরকার জাতীয় চিড়িয়াখানা বা সরকারি ব্যবস্থাপনায় পরিচালিত কোনো চিড়িয়াখানা পরিচালনার জন্য একজন পরিচালক, 
10. <other_1717_s54_p1> [ব্যাংক রেজল্যুশন আইন, ২০২৬, ধারা ৫৪] প্রতারণামূলকভাবে ব্যাংকের সম্পদ অথবা তহবিলের অপব্যবহার — ভিত্তি করিয়া কর্ম সম্পাদনকারী, এবং তাহাদের দ্বারা প্রতিনিধিত্বকারী প্রকৃত এবং/অথবা আইনি সত্তাকে ঋণ প্রদান; অথ","other_173_s2, family_1444_s5",own_search,answered,1,Sorup
prot_0108_04,Sarwad,,"আমার ভাই তাঁর অংশ ১৪-১১-১১ তারিখে সাব-কবলা করে বিক্রি করেন। বাড়িটি আমাদের দুই ভাইয়ের নামে রেকর্ড হয় এবং দলিল-পর্চায় বাড়ি-বাগান হিসেবে এখনো রেকর্ড হয়েছে এবং বর্তমানে আছে। ১৯৫২ সালের আগেও বাড়ি-বাগান বলেই রেকর্ড। আমি ‘প্রিয়েমশন’ বা অগ্রক্রয় মামলা করতে চাই। আমার জানতে ইচ্ছে করে, আমি প্রিয়েমশন করে ওই বাড়িটি পাব কি না?","1. <other_1116_s18> [বাংলাদেশ রাবার বোর্ড আইন, ২০১৩, ধারা ১৮] তথ্য সংগ্রহ, প্রবেশ ইত্যাদির ক্ষমতা — (১) বোর্ড, এই আইনের উদ্দেশ্য পূরণকল্পে, আদেশ দ্বারা যে কোন ব্যক্তিকে রাবার চাষ, রাবার উৎপাদন এবং রাবার শিল্প স
2. <other_1429_s179> [আয়কর আইন, ২০২৩, ধারা ১৭৯] হিসাব, দলিলাদি ইত্যাদি উপস্থাপন — (১) উপকর কমিশনার লিখিত নোটিশের মাধ্যমে, ধারা ১৬৬, ১৭৫208[, ১৭৬ বা ২১২] এর অধীন যিনি রিটার্ন দাখিল করিয়াছেন বা
3. <cybercrime_950_s63> [তথ্য ও যোগাযোগ প্রযুক্তি আইন, ২০০৬, ধারা ৬৩] গোপনীয়তা প্রকাশ সংক্রান্ত অপরাধ ও উহার দণ্ড — (১) এই আইন বা আপাততঃ বলবত্ অন্য কোন আইনে ভিন্নরূপ কোন কিছু না থাকিলে, কোন ব্যক্তি যদি এই আইন বা তদধীন প্রণীত ব
4. <land_1220_s15> [স্থাবর সম্পত্তি অধিগ্রহণ ও হুকুমদখল আইন, ২০১, ধারা ১৫] ঘর-বাড়ি অথবা ইমারতের আংশিক অধিগ্রহণ — (১) কোনো মালিক তাহার বাড়ি, কারখানা বা ভবনের সম্পূর্ণ অংশ অধিগ্রহণ করিতে হইবে মর্মে শর্ত আরোপ করিলে, সংশ্লিষ্ট
5. <other_1429_s126> [আয়কর আইন, ২০২৩, ধারা ১২৬] (১)Registration Act, 1908(Act No. XVI of 1908) এর অধীন কোনো ভূমি, স্থাপনা, বাড়ি, ফ্ল্যাট, অ্যাপার্টমেন্ট অথবা
6. <other_1483_s10_p1> [পরিত্যক্ত বাড়ি (সম্পূরক বিধানাবলি) আইন, ২০২৩, ধারা ১০] পরিত্যক্ত বাড়ি নিয়ন্ত্রণ, ব্যবস্থাপনা এবং নিষ্পত্তি সংক্রান্ত বোর্ড — গণপূর্ত বিভাগ সদস্য-সচিব।(২) পরিত্যক্ত বাড়ি নিয়ন্ত্রণ, ব্যবস্থাপনা এবং নিষ্পত্তির জন্য বোর্ডের দায়িত্ব ও কা
7. <other_1483_s5> [পরিত্যক্ত বাড়ি (সম্পূরক বিধানাবলি) আইন, ২০২৩, ধারা ৫] পরিত্যক্ত বাড়ির তালিকা হইবার পর স্বার্থ দাবি করিয়া আবেদন — ধারা ৪ এর উপ-ধারা (১) এর দফা (ক) ও (খ) এ বর্ণিত ক্ষেত্র ব্যতীত অন্যান্য ক্ষেত্রে কোনো বাড়ির উপর কোনো অধিকার ব
8. <other_1490_s46> [অর্থ আইন, ২০২৪, ধারা ৪৬] ২০২৩ সনের ১২ নং আইনের ধারা ১২৬ এর প্রতিস্থাপন — উক্ত আইনের ধারা ১২৬ এর পরিবর্তে নিম্নরূপ ধারা ১২৬ প্রতিস্থাপিত হইবে, যথা:-“১২৬। ডেভেলপার বা রিয়েল এস্টেট ডেভে
9. <other_1195_s2> [চা আইন, ২০১৬, ধারা ২] সংজ্ঞা — বিষয় বা প্রসঙ্গের পরিপন্থি কোন কিছু না থাকিলে, এই আইনে-(১) ‘‘আমদানি বা রপ্তানি’’ অর্থImports and Exports (Con
10. <other_1386_s18> [বাংলাদেশ জাতীয় আরকাইভস আইন, ২০২১, ধারা ১৮] জাতীয় আরকাইভস হইতে সাময়িকভাবে রেকর্ড স্থানান্তর — জাতীয় আরকাইভস হইতে কোনো সরকারি আরকাইভস অন্য কোথাও স্থানান্তর করা যাইবে না :তবে শর্ত থাকে যে, যদি কোনো সরকারি ",land_241_s96_p0,own_search,answered,2,Sorup
prot_0111_06,Sarwad,,"বহির্ভূত ঝুঁকিপূর্ণ ভবন তৈরি করার জন্য রাজউক, রিহ্যাব কিংবা স্থানীয় থানায় আমার জন্য কি কোনো আইন নেই?","1. <other_1131_s30ক> [বৈদেশিক কর্মসংস্থান ও অভিবাসী আইন, ২০১৩, ধারা ৩০ক] (১) প্রত্যেক অভিবাসী কর্মী বৈদেশিক কর্মসংস্থানের জন্য প্রশিক্ষণ গ্রহণ ও বৈধ পন্থা অবলম্বন করিবেন এবং বিদেশে অব
2. <other_791_s10> [বাংলাদেশ পরিবেশ সংরক্ষণ আইন, ১৯৯৫, ধারা ১০] প্রবেশ ইত্যাদির ক্ষমতা — (১) এই ধারার বিধানাবলী সাপেক্ষে, মহাপরিচালক হইতে এতদুদ্দেশ্যে সাধারণ বা বিশেষভাবে ক্ষমতাপ্রাপ্ত, কোন ব্যক্তি স
3. <other_1246_s7> [ক্যান্টনমেন্ট আইন, ২০১৮, ধারা ৭] কোনো স্থানীয় এলাকার ক্যান্টনমেন্টের অংশ হিসাবে অন্তর্ভুক্তির অবসায়নে ক্যান্টনমেন্ট বোর্ড তহবিল ব্যবস্থাপনা — (১) যখন, ধারা ৪ এর অধীন প্রজ্ঞাপন দ্বারা, ক্যান্টনমেন্টের অংশ হিসাবে অন্তর্ভুক্ত কোনো স্থানীয় এলাকা, কোনো নির
4. <other_1179_s32> [কক্সবাজার উন্নয়ন কর্তৃপক্ষ আইন, ২০১৬, ধারা ৩২] স্থানীয় কর্তৃপক্ষ অথবা পৌরসভা কর্তৃক ইমারত নির্মাণের অনুমতি প্রদান নিষিদ্ধ — (১) অন্য কোন আইনে যাহা কিছুই থাকুক না কেন, এই আইন কার্যকর হইবার পর, কর্তৃপক্ষের আওতাধীন এলাকার মধ্যে ক্ষমতাপ্র
5. <other_1482_s31> [বাংলাদেশ হোমিওপ্যাথিক চিকিৎসা শিক্ষা আইন, ২০, ধারা ৩১] ব্যবস্থাপত্রে অ-অনুমোদিত ঔষধ লিখিবার দণ্ড — (১) কোনো হোমিওপ্যাথিক চিকিৎসক হোমিওপ্যাথিক ফার্মাকোপিয়াতে অন্তর্ভুক্ত নেই এমন কোনো ঔষধ হোমিওপ্যাথিক চিকিৎসা ব
6. <other_1701_s46> [কুমিল্লা উন্নয়ন কর্তৃপক্ষ আইন, ২০২৬, ধারা ৪৬] স্থানীয় কর্তৃপক্ষ কর্তৃক ইমারত নির্মাণের অনুমতি প্রদানে বিধি-নিষেধ — (১) অন্য কোনো আইনে যাহা কিছুই থাকুক না কেন, এই আইন কার্যকর হইবার পর, কর্তৃপক্ষের আওতাধীন এলাকার মধ্যে কোনো স্থ
7. <other_1698_s45> [বরিশাল উন্নয়ন কর্তৃপক্ষ আইন, ২০২৬, ধারা ৪৫] স্থানীয় কর্তৃপক্ষ কর্তৃক ইমারত নির্মাণের অনুমতি প্রদানে বিধি-নিষেধ। — (১) অন্য কোনো আইনে যাহা কিছুই থাকুক না কেন, এই আইন কার্যকর হইবার পর, কর্তৃপক্ষের আওতাধীন এলাকার মধ্যে কোনো স্থ
8. <other_1702_s45> [রংপুর উন্নয়ন কর্তৃপক্ষ আইন, ২০২৬, ধারা ৪৫] স্থানীয় কর্তৃপক্ষ কর্তৃক ইমারত নির্মাণের অনুমতি প্রদানে বিধি-নিষেধ — (১) অন্য কোনো আইনে যাহা কিছুই থাকুক না কেন, এই আইন কার্যকর হইবার পর, কর্তৃপক্ষের আওতাধীন এলাকার মধ্যে কোনো স্থ
9. <other_1697_s46> [নারায়ণগঞ্জ উন্নয়ন কর্তৃপক্ষ আইন, ২০২৬, ধারা ৪৬] স্থানীয় কর্তৃপক্ষ কর্তৃক ইমারত নির্মাণের অনুমতি প্রদানে বিধি-নিষেধ — (১) অন্য কোনো আইনে যাহা কিছুই থাকুক না কেন, এই আইন কার্যকর হইবার পর, কর্তৃপক্ষের আওতাধীন এলাকার মধ্যে কোনো স্থ
10. <other_1699_s45> [ময়মনসিংহ উন্নয়ন কর্তৃপক্ষ আইন, ২০২৬, ধারা ৪৫] স্থানীয় কর্তৃপক্ষ কর্তৃক ইমারত নির্মাণের অনুমতি প্রদানে বিধি-নিষেধ — (১) অন্য কোনো আইনে যাহা কিছুই থাকুক না কেন, এই আইন কার্যকর হইবার পর, কর্তৃপক্ষের আওতাধীন এলাকার মধ্যে কোনো স্থ","other_254_s3B_p0, other_254_s3",own_search,answered,1,Sorup
lawy_0299_01,Sarwad,,জমি-জমা সহায় সম্পত্তি রক্ষায় কিভাবে নিষেধাজ্ঞা জারি করবেন?,"1. <other_1471_s16> [বাংলাদেশ চলচ্চিত্র সার্টিফিকেশন আইন, ২০২৩, ধারা ১৬] নিষেধাজ্ঞা বা অন্তর্বর্তীকালীন আদেশ জারি — অন্য কোনো আইনে যাহা কিছুই থাকুক না কেন, বোর্ডের বক্তব্য শ্রবণ সাপেক্ষে, এই আইনের অধীন দায়েরকৃত মামলার ক্ষেত্র
2. <other_1472_s48> [বাংলাদেশ পেটেন্ট আইন, ২০২৩, ধারা ৪৮] নিষেধাজ্ঞা মঞ্জুরের ক্ষেত্রে আদালতের ক্ষমতার সীমাবদ্ধতা — এই আইনের ধারা ২৯, ৩৬, ৩৭, ৩৮, ৩৯, ৪০ এবং ৪১ এর অধীন কোনো কার্যের বিরুদ্ধে অস্থায়ী, অন্তর্বর্তীকালীন বা স্থায়
3. <other_1439_s24> [বাংলাদেশ শিল্প-নকশা আইন, ২০২৩, ধারা ২৪] অস্থায়ী বা অন্তর্বর্তীকালীন নিষেধাজ্ঞা জারি — (১) শিল্প-নকশার স্বত্বাধিকারী মামলা দায়ের করিলে আদালত, শিল্প-নকশা লঙ্ঘন প্রতিরোধ করিবার লক্ষ্যে, দেওয়ানি কার
4. <land_856_s33> [অর্পিত সম্পত্তি প্রত্যর্পণ আইন, ২০০১, ধারা ৩৩] রহিতকরণ — (১) এতদ্দ্বারা Enemy Property (Continuance of Emergency Provisions) (Repeal) Act, 1974 (XLV of 1974) রহিত করা 
5. <other_834_s14ক> [আইনগত সহায়তা প্রদান আইন, ২০০০, ধারা ১৪ক] (১) প্রতিটি বিশেষ কমিটির একটি তহবিল থাকিবে এবং উহাতে বোর্ড কর্তৃক বরাদ্দকৃত অর্থ কোন ব্যক্তি বা সংস্থা কর্তৃক 
6. <other_834_s14> [আইনগত সহায়তা প্রদান আইন, ২০০০, ধারা ১৪] (১) প্রতিটি জেলা কমিটির একটি তহবিল থাকিবে এবং উহাতে বোর্ড কর্তৃক বরাদ্দকৃত অর্থ কোন ব্যক্তি বা সংস্থা কর্তৃক প
7. <other_834_s13ক> [আইনগত সহায়তা প্রদান আইন, ২০০০, ধারা ১৩ক] (১) সুপ্রীম কোর্ট কমিটির একটি তহবিল থাকিবে এবং উহাতে বোর্ড কর্তৃর্ক বরাদ্দকৃত অর্থ, কোন ব্যক্তি বা সংস্থা কর্ত
8. <other_1195_s17> [চা আইন, ২০১৬, ধারা ১৭] জমির অবৈধ ব্যবহার রোধ করিবার ক্ষমতা — আপাতত বলবৎ অন্য কোন আইনে যাহা কিছুই থাকুক না কেন, বোর্ড এই আইনের উদ্দেশ্যের পরিপন্থি কোন কাজে বাগানের জমি ব্যব
9. <other_1472_s47> [বাংলাদেশ পেটেন্ট আইন, ২০২৩, ধারা ৪৭] নিষেধাজ্ঞা (Injunction) — (১) যদি চুক্তির লঙ্ঘন বা সুনির্দিষ্ট প্রতিপালন সংক্রান্ত কোনো মোকদ্দমা ধারা ৪৪ এর বিধান ভঙ্গের জন্য হয়, তাহা 
10. <other_845_s20> [জাতীয় গৃহায়ন কর্তৃপক্ষ আইন, ২০০০, ধারা ২০] জমি হুকুমদখল বা অধিগ্রহণ, ইত্যাদি — (১) কর্তৃপক্ষের কার্যাবলী সম্পাদনের জন্য কোন জমি প্রয়োজন হইলে উহা জনস্বার্থে প্রয়োজনীয় বলিয়া বিবেচিত হইবে ","other_36_s54_p0, criminal_procedure_75_s144",own_search,answered,2,Sorup
ajke_0168_01,Sarwad,,পরে আমি মামলা তুলে নিই। দীর্ঘদিন আমরা ঘর-সংসার করে আসছি। কিন্তু হঠাৎ সে তালাকের নোটিশ পাঠিয়েছে। কিন্তু আমি সংসার করতে চাই। তার বিরুদ্ধে কি আইনি পদক্ষেপ নিতে পারব?,"1. <other_1271_s24> [সরকারি চাকরি আইন, ২০১৮, ধারা ২৪] আইনি সহায়তা — (১) কোনো কর্মচারীর বিরুদ্ধে, সরকারি দায়িত্ব পালনের সহিত সম্পর্কিত কোনো বিষয়ে তাহাকে ব্যক্তিগতভাবে দায়ী করিয
2. <other_1483_s7> [পরিত্যক্ত বাড়ি (সম্পূরক বিধানাবলি) আইন, ২০২৩, ধারা ৭] মামলা দায়েরে নিষেধাজ্ঞা, ইত্যাদি — (১) রাষ্ট্রপতির ১৯৭২ সনের ১৬ নং আদেশ বা এই আইনের অধীন কৃত, গৃহীত বা চলমান কোনো কার্যক্রম, সিদ্ধান্ত বা জারীকৃত
3. <other_841_s76> [জেলা পরিষদ আইন, ২০০০, ধারা ৭৬] পরিষদের পক্ষে ও বিরুদ্ধে মামলা — (১) পরিষদের বিরুদ্ধে বা পরিষদ সংক্রান্ত কোন কাজের জন্য উহার কোন সদস্য বা কর্মকর্তা বা কর্মচারীর বিরুদ্ধে কোন ম
4. <other_1424_s4> [চট্টগ্রাম শাহী জামে মসজিদ আইন, ২০২৩, ধারা ৪] মসজিদের সম্পত্তির আইনি সুরক্ষা — আদালতের কোনো রায়, ডিক্রি, আদেশ অথবা ঘোষণায় যাহা কিছুই থাকুক না কেন, এই আইনের অধীন সরকার, কোনো কর্তৃপক্ষ বা ক
5. <other_1696_s63> [রাজধানী উন্নয়ন কর্তৃপক্ষ আইন, ২০২৬, ধারা ৬৩] কর্তৃপক্ষের বিরুদ্ধে মামলার নোটিশ, ইত্যাদি — (১) এই আইন বা তদ্ধীন প্রণীত বিধি বা প্রবিধানের অধীন কর্তৃপক্ষ, চেয়ারম্যান, সদস্য বা কর্মচারীর বিরুদ্ধে কোনো ম
6. <other_725_s71> [খাগড়াছড়ি পার্বত্য জেলা পরিষদ আইন, ১৯৮৯, ধারা ৭১] পরিষদের পক্ষে ও বিপক্ষে মামলা — (১) পরিষদের বিরুদ্ধে বা পরিষদ সংক্রান্ত কোন কাজের জন্য উহার কোন সদস্য বা কর্মকর্তা বা কর্মচারীর বিরুদ্ধে কোন ম
7. <other_724_s71> [রাংগামাটি পার্বত্য জেলা পরিষদ আইন, ১৯৮৯, ধারা ৭১] পরিষদের পক্ষে ও বিপক্ষে মামলা — (১) পরিষদের বিরুদ্ধে বা পরিষদ সংক্রান্ত কোন কাজের জন্য উহার কোন সদস্য বা কর্মকর্তা বা কর্মচারীর বিরুদ্ধে কোন ম
8. <other_726_s71> [বান্দরবান পার্বত্য জেলা পরিষদ আইন, ১৯৮৯, ধারা ৭১] পরিষদের পক্ষে ও বিপক্ষে মামলা — (১) পরিষদের বিরুদ্ধে বা পরিষদ সংক্রান্ত কোন কাজের জন্য উহার কোন সদস্য বা কর্মকর্তা বা কর্মচারীর বিরুদ্ধে কোন ম
9. <local_government_827_s66> [উপজেলা পরিষদ আইন, ১৯৯৮, ধারা ৬৬] পরিষদের পক্ষে ও বিপক্ষে মামলা — (১) পরিষদের বিরুদ্ধে বা পরিষদ সংক্রান্ত কোন কাজের সূত্রে উহার কোন সদস্য বা কর্মকর্তা বা কর্মচারীর বিরুদ্ধে মাম
10. <other_822_s47> [পার্বত্য চট্টগ্রাম আঞ্চলিক পরিষদ আইন, ১৯৯৮, ধারা ৪৭] পরিষদের পক্ষে বা বিপক্ষে মামলা — (১) পরিষদের বিরুদ্ধে বা পরিষদ সংক্রান্ত কোন কাজের জন্য উহার কোন সদস্য বা কর্মকর্তা বা কর্মচারীর বিরুদ্ধে কোন ম","family_305_s7, family_1444_s5",own_search,answered,2,Sorup
prot_0073_02,Sarwad,,"আমার বড় বোন তাঁর এক ছেলে ও মেয়ে রেখে মারা যাওয়ার পর ওই বোনজামাইয়ের সঙ্গে আমার বিয়ে হয়। বর্তমানে আমারও এক ছেলে ও এক মেয়ে। আমার স্বামী গত বছর মারা যান। আমি যে বাড়িতে বসবাস করছি, তা আমার বড় বোনের নামে। এখন সেই বাড়ি কি শুধু আগের দুই ছেলেমেয়েই পাবে? না আমার পরের দুই সন্তানেরও অংশ আছে? আর যদি তারা অংশ পায়, তবে কীভাবে তা ভাগ হবে। আমার সব সন্তানের মধ্যেই যথেষ্ট সদ্ভাব এবং বোঝাপড়া আছে।নাম প্রকাশে অনিচ্ছুকপাবনা","1. <other_822_s10> [পার্বত্য চট্টগ্রাম আঞ্চলিক পরিষদ আইন, ১৯৯৮, ধারা ১০] সম্পত্তি সম্পর্কিত ঘোষণা — চেয়ারম্যান ও প্রত্যেক সদস্য তাহার কার্যভার গ্রহণের পূর্বে তাহার এবং তাঁহার পরিবারের কোন সদস্যের স্বত্ব, দখল ব
2. <local_government_1027_s41> [স্থানীয় সরকার (ইউনিয়ন পরিষদ) আইন, ২০০৯, ধারা ৪১] সম্পত্তি সম্পর্কিত ঘোষণা — চেয়ারম্যান ও সদস্য তাঁহার কার্যভার গ্রহণের পূর্বে তাঁহার এবং তাঁহার পরিবারের কোন সদস্যের স্বত্ব, দখল বা স্বার
3. <local_government_827_s10> [উপজেলা পরিষদ আইন, ১৯৯৮, ধারা ১০] সম্পত্তি সম্পর্কিত ঘোষণা — 14[চেয়ারম্যান ও ভাইস চেয়ারম্যান ] তাঁহার কার্যভার গ্রহণের পূর্বে তাঁহার এবং তাঁহার পরিবারের কোন সদস্যের স্বত
4. <local_government_1027_s2_p1> [স্থানীয় সরকার (ইউনিয়ন পরিষদ) আইন, ২০০৯, ধারা ২] সংজ্ঞা — শহর হিসাবে ঘোষিত নয় এইরূপ এলাকা;(১৩) 'চেয়ারম্যান' অর্থ ইউনিয়ন পরিষদের চেয়ারম্যান;(১৪) 'জনপথ' অর্থ সর্বসাধা
5. <other_1429_s2_p0> [আয়কর আইন, ২০২৩, ধারা ২] সংজ্ঞা — বিষয় বা প্রসঙ্গের পরিপন্থি কোনো কিছু না থাকিলে, এই আইনে,-(১) “অবলোপিত মূল্য” অর্থ তৃতীয় তফসিলের অংশ ১ এ সংজ্
6. <criminal_procedure_765_s74> [রাজশাহী মহানগরী পুলিশ আইন, ১৯৯২, ধারা ৭৪] রাস্তায় বা সর্বসাধারণের ব্যবহার্য স্থানে গাড়ী তৈয়ার বা মেরামত করার দণ্ড — কোন ব্যক্তি রাস্তার উপরে বা সর্বসাধারণের ব্যবহার্য স্থানে গাড়ী নির্মাণ বা মেরামত করিলে বা গাড়ীর অংশ বিশেষ বা
7. <labour_952_s157> [বাংলাদেশ শ্রম আইন, ২০০৬, ধারা ১৫৭] নোটিশ ও দাবী — (১) কোন শ্রম আদালত ৰতিপূরণের কোন দাবী বিবেচনায় আনিবে না যদি না দুর্ঘটনা ঘটিবার পর যতশীঘ্র সম্ভব এতদ্নিম্নে বর
8. <other_1429_s31> [আয়কর আইন, ২০২৩, ধারা ৩১] আয় একীভূতকরণ — (১) এই আইনে ভিন্নরূপ কিছু না থাকিলে, নিম্নবর্ণিত আয়সমূহ কোনো ব্যক্তির মোট আয়ের অন্তর্ভুক্ত হইবে, যথা:-(ক) উক
9. <other_1156_s25> [মেট্রোরেল আইন, ২০১৫, ধারা ২৫] ক্ষতিপূরণ প্রদান — মেট্রোরেল পরিচালনাকালে উহা হইতে উদ্ভূত দুর্ঘটনার ফলে যদি কোন ব্যক্তি আঘাতপ্রাপ্ত বা ক্ষতিগ্রস্ত হন বা আঘাতপ্রা
10. <other_1201_s27> [বাস র‍্যাপিড ট্রানজিট (বিআরটি) আইন, ২০১৬, ধারা ২৭] ক্ষতিপূরণ প্রদান — বিআরটি পরিচালনাকালে উহা হইতে উদ্ভূত দুর্ঘটনার ফলে যদি কোনো ব্যক্তি আঘাতপ্রাপ্ত বা ক্ষতিগ্রস্ত হন বা আঘাতপ্রাপ্",other_173_s2,own_search,answered,1,Sorup
prot_0077_08,Sarwad,,"এক ডেভেলপারের সঙ্গে মোহাম্মদপুরের আদাবর ১০ নম্বর রোডে আমার আট কাঠা জমির ওপর ফ্ল্যাট নির্মাণের চুক্তি হয়েছিল। চুক্তির শর্ত অনুযায়ী (২০০৬-২০০৯) ডিসেম্বর এই ৩৬ মাস সময় এবং প্রয়োজনে আরও ছয় মাস বাড়তি সময় অর্থাৎ ২০১০ সালের জুলাই মাসে আমার অংশের ফ্ল্যাট তাদের হস্তান্তরের কথা। কিন্তু এই তিন বছর চার মাস সময়ের মধ্যে তারা যতটুকু কাজ করেছে, তাতে আগামী দুই বছরেও নির্মাণকাজ সম্পন্ন হবে না। চুক্তিপত্রে উল্লেখ ছিল সময়মতো তারা ফ্ল্যাট হস্তান্তর করতে না পারলে আমরা উভয়পক্ষ আলোচনার মাধ্যমে যেকোনো সিদ্ধান্ত নেব। কিছুদিন আগে তারা তাদের আগের অফিসের ঠিকানা পাল্টিয়ে অন্যত্র চলে গেছে এবং আমি মোবাইল ফোনে যোগাযোগ করার চেষ্টা করেও ব্যর্থ হচ্ছি। আমার মনে হয়, আমি একটা প্রতারণার ফাঁদে পড়েছি। তারা বলেছিল, তারা নাকি রিহ্যাবের সদস্য। এ ব্যাপারে আমি রিহ্যাবের কাছ থেকে কোনো সহযোগিতা পেতে পারি কি না বা আইনগত কী ব্যবস্থা নিতে পারি?","1. <other_1429_s126> [আয়কর আইন, ২০২৩, ধারা ১২৬] (১)Registration Act, 1908(Act No. XVI of 1908) এর অধীন কোনো ভূমি, স্থাপনা, বাড়ি, ফ্ল্যাট, অ্যাপার্টমেন্ট অথবা
2. <other_1490_s46> [অর্থ আইন, ২০২৪, ধারা ৪৬] ২০২৩ সনের ১২ নং আইনের ধারা ১২৬ এর প্রতিস্থাপন — উক্ত আইনের ধারা ১২৬ এর পরিবর্তে নিম্নরূপ ধারা ১২৬ প্রতিস্থাপিত হইবে, যথা:-“১২৬। ডেভেলপার বা রিয়েল এস্টেট ডেভে
3. <other_1246_s204> [ক্যান্টনমেন্ট আইন, ২০১৮, ধারা ২০৪] মামলার নোটিশ প্রদান — (১) কোনো ব্যক্তি বোর্ডের কোনো আদেশ দ্বারা সংক্ষুব্ধ হইয়া কোনো দেওয়ানি মামলা দায়ের করিতে চাহিলে, তিনি তামাদি
4. <other_1246_s213_p1> [ক্যান্টনমেন্ট আইন, ২০১৮, ধারা ২১৩] সামরিক আবাসিক প্রকল্প — উত্তরাধিকারীকে বরাদ্দপ্রাপ্ত প্লট বা ফ্ল্যাট হস্তান্তর করা হইলে কিংবা মূল গ্রহীতার মৃত্যুর কারণে বরাদ্দপ্রাপ্ত
5. <other_1725_s51> [অর্থ আইন, ২০২৬, ধারা ৫১] ২০২৩ সনের ১২ নং আইনের ধারা ৫৮ এর সংশোধন — উক্ত আইনের ধারা ৫৮ এর উপ-ধারা (২) এর পর নূতন উপ-ধারা (৩) ও (৪) সংযোজিত হইবে, যথা:- “(৩) ভূমি, ভূমিসহ স্থাপনা এ
6. <other_1405_s14> [বাণিজ্য সংগঠন আইন, ২০২২, ধারা ১৪] বাণিজ্য সংগঠনের নির্ধারিত সময়ের মধ্যে নির্বাচন অনুষ্ঠানের ব্যর্থতায় অতিরিক্ত সময় মঞ্জুর — এই আইন বা আপাতত বলবৎ অন্য কোনো আইন বা সংঘস্মারক বা সংঘবিধিতে যাহা কিছুই থাকুক না কেন, যদি দৈব-দুর্বিপাক বা সংগ
7. <other_788_s326_p0> [কোম্পানী আইন, ১৯৯৪, ধারা ৩২৬] কতিপয় সম্পদের দাবী পরিত্যাগ — (১) অবলুপ্তির কার্যক্রম চলিতেছে এমন কোন কোম্পানীর সম্পদের কোন অংশের মধ্যে যদি দূর্বহ চুক্তির (onerous covenant
8. <other_1055_s15> [রিয়েল এস্টেট উন্নয়ন ও ব্যবস্থাপনা আইন, ২০১০, ধারা ১৫] ডেভেলপার কর্তৃক রিয়েল এস্টেট হস্তান্তরে ব্যর্থতা — (১) চুক্তি অনুযায়ী নির্ধারিত সময়ের মধ্যে ডেভেলপার রিয়েল এস্টেট হস্তান্তরে ব্যর্থ হইলে রিয়েল এস্টেট এর মূল্
9. <other_1055_s10> [রিয়েল এস্টেট উন্নয়ন ও ব্যবস্থাপনা আইন, ২০১০, ধারা ১০] ভূমি মালিক ও ডেভেলপারের মধ্যে চুক্তি — (১) ভূমির মালিক রিয়েল এস্টেট উন্নয়নের লক্ষ্যে ডেভেলপারের সহিত লিখিত দ্বি-পাক্ষিক চুক্তি(Joint Venture Agreem
10. <other_1246_s71> [ক্যান্টনমেন্ট আইন, ২০১৮, ধারা ৭১] খালি ইমারত বা বাড়িতে বসবাসের ক্ষেত্রে নোটিশ প্রদান — (১) ধারা ৬৭ বা ৬৮ এর অধীন কর মওকুফ বা প্রত্যর্পণকৃত যে কোনো ইমারত, ফ্ল্যাট বা ভূমির মালিক উক্ত ইমারত, ফ্ল্যাট ",8,candidate,answered,3,Sorup
prot_0036_01,Sarwad,,গত ফেব্রুয়ারি মাসে আমার নানি অসুস্থ হওয়ার পর আমার মাকে তাঁর ১৬ শতাংশ জমি (হেবানামা) লিখে দেন। আমার মা নানিকে চিকিৎসা করান।এখন তিনি পুরোপুরি সুস্থ। এখন আমার মা ও নানির মধ্যে সম্পর্কের অবনতি হওয়ায় নানি হুমকি দিয়ে জমিটা ফেরত চাচ্ছেন। এখন আইনগতভাবে আমার মা জমির মালিক কি না? আর আমার মা জমিটা না দিলে নানি কি তা নিতে পারবেন? জমিটুকু এখন নানিই ভোগ করছেন।ইমাম হোসাইনগাজীপুর,"1. <other_1725_s21_p29> [অর্থ আইন, ২০২৬, ধারা ২১] ২০১২ সনের ৪৭ নং আইনের দ্বিতীয় তফসিলের সংশোধন — ডলার পর্যন্ত ৪৫ (ঘ) মূল্যসীমা ১০০০০০ মা. ডলার এর ঊর্ধ্ব হইতে ২০০০০০ মা. ডলার পর্যন্ত ৬০ (ঙ) মূল্যসীমা ২০০০০০ ম
2. <labour_952_s98> [বাংলাদেশ শ্রম আইন, ২০০৬, ধারা ৯৮] সংবাদপত্র শ্রমিকের জন্য চিকিৎসা পরিচর্যা — প্রত্যেক সংবাদপত্র শ্রমিক এবং তাহার উপর নির্ভরশীলগণ সংবাদপত্র প্রতিষ্ঠানের খরচে বিধি দ্বারা নির্ধারিত পন্থায় 
3. <other_1384_s5> [বাংলাদেশ শিশু হাসপাতাল ও ইনস্টিটিউট আইন, ২০২, ধারা ৫] হাসপাতাল ও ইনস্টিটিউটের কার্যাবলি — হাসপাতাল ও ইনস্টিটিউটের কার্যাবলি হইবে নিম্নরূপ, যথা:¾(ক) হাসপাতালের বহির্বিভাগ ও অন্তঃবিভাগ পরিচালনা, রক্ষণাব
4. <other_1263_s2> [‘আল-হাইআতুল উলয়া লিল-জামি’আতিল কওমিয়া বাংলাদ, ধারা ২] সংজ্ঞা — বিষয় বা প্রসঙ্গের পরিপন্থি কোনো কিছু না থাকিলে, এই আইনে,-(১) “কওমি মাদরাসা” অর্থ আহলুস সুন্নাহ ওয়াল জামা’আত 
5. <other_1124_s2> [মাতৃদুগ্ধ বিকল্প, শিশু খাদ্য, বাণিজ্যিকভাবে , ধারা ২] সংজ্ঞা — বিষয় বা প্রসঙ্গের পরিপন্থী কোন কিছু না থাকিলে, এই আইনে,-(ক) ‘‘জাতীয় উপদেষ্টা কমিটি’’ অর্থ ধারা ৮ এর অধীন গঠি
6. <other_893_s2> [শিশু-মাতৃ স্বাস্থ্য ইনস্‌টিটিউট আইন, ২০০২, ধারা ২] সংজ্ঞা — বিষয় বা প্রসঙ্গের পরিপন্থী কোন কিছু না থাকিলে, এই আইনে,-(ক) “ইনস্টিটিউট” অর্থ এই আইনের ধারা ৩ এর অধীন প্রতিষ্
7. <labour_1285_s51> [বাংলাদেশ ইপিজেড শ্রম আইন, ২০১৯, ধারা ৫১] পীঁড়া ছুটি — (১) প্রত্যেক শ্রমিক প্রতি পঞ্জিকা বৎসরে পূর্ণ মজুরিতে ১৪ (চৌদ্দো) দিনের পীঁড়া ছুটি পাইবার অধিকারী হইবেন।(২) উ
8. <other_721_s6_p1> [বাংলাদেশ ঋণ সালিসি আইন, ১৯৮৯, ধারা ৬] কতিপয় জমির বিক্রয় খায়খালাসী বন্ধক ঘোষণা — যদি উপ-ধারা (২) এর অধীন নির্ধারিত সময়ের মধ্যে ক্রেতা জমি প্রত্যর্পণ না করেন বা করিতে ব্যর্থ হন, তাহা হইলে ধার
9. <labour_952_s116> [বাংলাদেশ শ্রম আইন, ২০০৬, ধারা ১১৬] পীড়া-ছুটি — (১) সংবাদ পত্র শ্রমিক ব্যতীত, প্রত্যেক শ্রমিক প্রত্যেক পঞ্জিকা বৎসরে পূর্ণ মজুরীতে চৌদ্দ দিনের পীড়া ছুটি পাইব
10. <other_721_s7> [বাংলাদেশ ঋণ সালিসি আইন, ১৯৮৯, ধারা ৭] কতিপয় বিক্রয় বাতিল — (১) এই আইন বলবত্ হইবার পর অনধিক দুই একর কৃষি জমির মালিক কোন কৃষক প্রাকৃতিক দুর্যোগে তগতিগ্রস্ত হওয়ার বা জীবন ",other_48_s123,own_search,answered,1,Sorup
prot_0046_01,Sarwad,,"প্রায় চার বছর সম্পর্কের পর আমি বিয়ে করি। বিয়ের শর্ত ছিল, যেহেতু আমার দুই ভাই বিদেশে অবস্থান করছেন, তাই আপাতত শুধু কাবিন হয়ে থাকুক। দুই বছর পর তাঁরা একসঙ্গে দেশে এলে আনুষ্ঠানিকভাবে স্ত্রীকে আমার বাড়িতে নিয়ে আসব। আমাদের মধ্যে পারিবারিকভাবেই বিয়ে হয় এবং ওপরে উল্লিখিত সিদ্ধান্ত হয়। আমিও নিয়মিত শ্বশুরবাড়িতে যাওয়া-আসা করি। কিন্তু আমার স্ত্রীকে এখন খুবই হতাশাগ্রস্ত মনে হয়। সে আমাকে সব সময় চাপ দেয় তাকে আমার বাড়িতে নিয়ে আসার জন্য। আমি তাকে বলি, যেহেতু আগামী মাসে দুই ভাই দেশে আসবেন, তাই একটু ধৈর্য ধারণ করো, অক্টোবর মাসেই তোমাকে আমার বাড়িতে নিয়ে আসব। কিন্তু সে মানতে নারাজ। এ অবস্থায় আমি কী করতে পারি?নাছিমব্রাহ্মণবাড়িয়া","1. <other_1717_s18ক_p1> [ব্যাংক রেজল্যুশন আইন, ২০২৬, ধারা ১৮ক] রেজল্যুশন কার্যক্রম হইতে শেয়ার, সম্পদ-দায়, পুনঃধারণ বা ধারণ — বা পক্ষ ক্ষতিগ্রস্থ হইলে তাহাদের প্রাপ্য ক্ষতিপূরণ প্রদান করিবে; ছ) বাংলাদেশ ব্যাংক, আবেদনকারীর নিকট হস্তান্তর
2. <other_1396_s6> [বাংলাদেশ সুপ্রীম কোর্টের বিচারক (ভ্রমণ ভাতা), ধারা ৬] দায়িত্ব বহির্ভূত ভ্রমণ — কোনো বিচারক ছুটিতে যাওয়া বা ছুটি হইতে ফিরিয়া আসা বা বাংলাদেশের বাহিরে অবকাশ যাপন করিয়া দায়িত্ব পুনঃগ্রহণের
3. <other_1403_s40> [মোংলা বন্দর কর্তৃপক্ষ আইন, ২০২২, ধারা ৪০] দণ্ড — কোনো ব্যক্তি যদি এই আইন ও বিধির কোনো বিধান লঙ্ঘন করেন তাহা হইলে উক্ত লঙ্ঘন হইবে একটি অপরাধ এবং তজ্জন্য তিনি অন
4. <criminal_procedure_765_s87> [রাজশাহী মহানগরী পুলিশ আইন, ১৯৯২, ধারা ৮৭] ইচ্ছাকৃতভাবে অনধিকার প্রবেশের দণ্ড — কোন ব্যক্তি সন্তোষজনক কারণ ছাড়া কোন বসত বাড়িতে বা উহার প্রাংগণে বা উহার সংলগ্ন জমিতে বা মাঠে অথবা সরকারী জমি
5. <other_898_s3> [ভ্রমণ কর আইন, ২০০৩, ধারা ৩] (১) বাংলাদেশের অভ্যন্তরে ভ্রমণ এবং বাংলাদেশ হইতে আকাশ, স্থল কিংবা জল পথে অন্য কোনো দেশে গমনের ক্ষেত্রে যাত্রী 
6. <other_1016_s11> [বাংলাদেশ ইউনিভার্সিটি অব প্রফেশনালস আইন, ২০০, ধারা ১১] ভাইস-চ্যান্সেলর নিয়োগ — (১) চ্যান্সেলর, তদকর্তৃক নির্ধারিত শর্তে, মেজর জেনারেল বা তদূর্ধ্ব পদবীর, চাকুরীরত বা অবসরপ্রাপ্ত, কোন কর্মকর্
7. <other_1487_s10> [অফশোর ব্যাংকিং আইন, ২০২৪, ধারা ১০] অফশোর ব্যাংকিং কার্যক্রম পরিচালনার জন্য প্রদত্ত লাইসেন্স ধারা ৯ এর অধীন বাতিল বা সমর্পণ কার্যকর হইবার ২ (দুই) 
8. <other_1426_s12> [1[নওগাঁ বিশ্ববিদ্যালয়] আইন, ২০২৩, ধারা ১২] উপউপাচার্যের নিয়োগ ও ক্ষমতা — (১) আচার্য, প্রয়োজনবোধে, তৎকর্তৃক নির্ধারিত শর্তে, ৪ (চার) বৎসর মেয়াদের জন্য ০২ (দুই) জন উপউপাচার্য নিয়োগ ক
9. <other_1425_s12> [1[মেহেরপুর বিশ্ববিদ্যালয়] আইন, ২০২৩, ধারা ১২] উপউপাচার্যের নিয়োগ ও ক্ষমতা — (১) আচার্য, প্রয়োজনবোধে, তৎকর্তৃক নির্ধারিত শর্তে, ৪ (চার) বৎসর মেয়াদের জন্য ০২ (দুই) জন উপউপাচার্যের পদে নি
10. <other_1707_s13> [ঢাকা সেন্ট্রাল ইউনিভার্সিটি আইন, ২০২৬, ধারা ১৩] উপ-উপাচার্য — (১) আচার্য, তদ্কর্তৃক নির্ধারিত শর্তে ৪ (চার) বৎসর মেয়াদের জন্য ২ (দুই) জন উপ-উপাচার্য নিয়োগ করিবেন: তবে শর্",unanswerable,none,unanswerable,2,Sorup
prot_0004_03,Sarwad,,"আমি একটি মেয়েকে চার বছর ধরে ভালোবাসি। সেও আমাকে ভালোবাসে। আমার বয়স ২৪ বছর, মেয়েটির বয়স ২০ বছর। আমি মুসলিম আর মেয়েটি হিন্দু। তার পরিবার আমাদের প্রেমের কথা জানার পর থেকে তাকে ঘরে আটকে রেখেছে। কিন্তু আমরা দুজন বিয়ে করতে চাই। দুজনের ধর্ম ঠিক রেখে আমরা কি বিয়ে করতে পারব? পারলে কীভাবে? রিপন খান","1. <labour_1285_s24> [বাংলাদেশ ইপিজেড শ্রম আইন, ২০১৯, ধারা ২৪] চাকরি হইতে অবসর গ্রহণ — (১) এই অধ্যায়ের অন্যত্র যাহা কিছুই উল্লে­খ থাকুক না কেন, কোনো প্রতিষ্ঠানে নিয়োজিত কোনো শ্রমিকের বয়স ৬০ (ষাট
2. <other_1217_s19> [বাংলাদেশ সড়ক পরিবহণ কর্তৃপক্ষ আইন, ২০১৭, ধারা ১৯] বার্ষিক বাজেট বিবরণী — কর্তৃপক্ষ, প্রতি অর্থ বছর সরকার কর্তৃক নির্দিষ্ট সময়ের মধ্যে পরবর্তী অর্থবৎসরের বার্ষিক বাজেট প্রস্তুত করিয়া
3. <other_1403_s40> [মোংলা বন্দর কর্তৃপক্ষ আইন, ২০২২, ধারা ৪০] দণ্ড — কোনো ব্যক্তি যদি এই আইন ও বিধির কোনো বিধান লঙ্ঘন করেন তাহা হইলে উক্ত লঙ্ঘন হইবে একটি অপরাধ এবং তজ্জন্য তিনি অন
4. <other_1487_s10> [অফশোর ব্যাংকিং আইন, ২০২৪, ধারা ১০] অফশোর ব্যাংকিং কার্যক্রম পরিচালনার জন্য প্রদত্ত লাইসেন্স ধারা ৯ এর অধীন বাতিল বা সমর্পণ কার্যকর হইবার ২ (দুই) 
5. <other_1064_s17> [আন্তজার্তিক মাতৃভাষা ইনস্টিটিউট  আইন, ২০১০, ধারা ১৭] প্রতিবেদন — (১) প্রতি পঞ্জিকা বছর শেষ হইবার সঙ্গে সঙ্গে ইনস্টিটিউট উক্ত বৎসরে সম্পাদিত কার্যাবলীর খতিয়ান-সম্বলিত বার্ষিক 
6. <other_1282_s18> [বাংলাদেশ মৎস্য গবেষণা ইনস্টিটিউট আইন, ২০১৮, ধারা ১৮] বার্ষিক প্রতিবেদন — (১) ইনস্টিটিউট প্রতি বছর তদকর্তৃক সম্পাদিত কার্যাবলীর বিবরণ সম্বলিত একটি বার্ষিক প্রতিবেদন, যথাশীঘ্র সম্ভব, সর
7. <road_transport_1262_s84> [সড়ক পরিবহণ আইন, ২০১৮, ধারা ৮৪] কর্তৃপক্ষ কর্তৃক নির্ধারিত কোনো মোটরযানের কারিগরি বিনির্দেশ অমান্য সংক্রান্ত ধারা ৪০ এর বিধান লঙ্ঘনের দণ্ড — যদি কোনো ব্যক্তি ধারা ৪০ এর বিধান লঙ্ঘন করেন, তাহা হইলে উক্ত লঙ্ঘন হইবে একটি অপরাধ, এবং তজ্জন্য তিনি অনধিক ৩ (
8. <other_775_s26> [বাংলাদেশ সিকিউরিটিজ অ্যান্ড এক্সচেঞ্জ কমিশন , ধারা ২৬] জটিলতার নিরসনের ক্ষমতা — (১) এই আইনের বিধানাবলী কার্যকর করার ক্ষেত্রে কোন অসুবিধা দেখা দিলে সরকার উক্ত অসুবিধা দূরীকরণার্থে, আদেশ দ্বার
9. <other_889_s12> [নিরাপদ রক্ত পরিসঞ্চালন আইন, ২০০২, ধারা ১২] লাইসেন্সের মেয়াদ ও নবায়ন — (১) বেসরকারী রক্ত পরিসঞ্চালন কেন্দ্র স্থাপন ও পরিচালনার জন্য প্রদত্ত লাইসেন্সের মেয়াদ হইবে লাইসেন্স ইস্যুর তা
10. <other_813_s20> [বাংলাদেশ কমার্স এন্ড ইনভেষ্টমেন্ট লিমিটেড (প, ধারা ২০] জটিলতা নিরসনের ক্ষমতা — (১) এই আইনের বিধানাবলী কার্যকর করার ক্ষেত্রে কোন অসুবিধা দেখা দিলে সরকার উক্ত অসুবিধা দূরীকরণার্থে, আদেশ দ্বার",other_25_s2,own_search,answered,3,Sorup
lawy_0219_01,Sarwad,,জমি কিনেছেন দাগে দাগে কিন্তু ভোগদখল একদাগে- আইনি সমাধান কী?,"1. <land_1449_s11> [ভূমি উন্নয়ন কর আইন, ২০২৩, ধারা ১১] ভূমি উন্নয়ন কর নির্ধারণে সর্বনিম্ন ভূমির পরিমাণ — কোনো ভূমি মালিকের কোনো দাগে ভূমির পরিমাণ শতাংশের ভগ্নাংশ থাকিলে, উহা পরবর্তী পূর্ণ শতাংশে গণ্য করিয়া ভূমি উন্
2. <other_1685_s6> [বন ও বৃক্ষ সংরক্ষণ আইন, ২০২৬, ধারা ৬] বনভূমির জরিপ ও রেকর্ড — (১) বৃক্ষাচ্ছাদন থাকুক বা না-ই থাকুক, গেজেট দ্বারা ঘোষিত বনভূমি বন বিভাগের নামে রেকর্ড নিশ্চিত করিতে হইবে। (২)
3. <other_722_s15> [পার্বত্য জেলাসমূহ (আইন রহিত ও প্রয়োগ এবং বিশ, ধারা ১৫] বসতবাড়ীর জন্য গ্রামীণ জমি দখল — (১) কোন পাহাড়ী ব্যক্তি পৌর এলাকা-বহির্ভূত অনধিক ত্রিশ শতাংশ পর্যন্ত খাস জমি তাহার নিজ বসতবাড়ীর জন্য হেডম্যান
4. <other_857_s45> [বাংলাদেশ টেলিযোগাযোগ নিয়ন্ত্রণ আইন, ২০০১, ধারা ৪৫] লাইসেন্সধারীর প্রয়োজনে বাধ্যতামূলকভাবে বেসরকারী জমি অধিগ্রহণ — (১) লাইসেন্সের অধীন কাজকর্ম সম্পাদন বা পরিচালনার জন্য প্রয়োজনীয় কোন জমি ব্যবহারের ক্ষেত্রে লাইসেন্সধারী বাধা
5. <other_1271_s24> [সরকারি চাকরি আইন, ২০১৮, ধারা ২৪] আইনি সহায়তা — (১) কোনো কর্মচারীর বিরুদ্ধে, সরকারি দায়িত্ব পালনের সহিত সম্পর্কিত কোনো বিষয়ে তাহাকে ব্যক্তিগতভাবে দায়ী করিয
6. <other_845_s20> [জাতীয় গৃহায়ন কর্তৃপক্ষ আইন, ২০০০, ধারা ২০] জমি হুকুমদখল বা অধিগ্রহণ, ইত্যাদি — (১) কর্তৃপক্ষের কার্যাবলী সম্পাদনের জন্য কোন জমি প্রয়োজন হইলে উহা জনস্বার্থে প্রয়োজনীয় বলিয়া বিবেচিত হইবে 
7. <other_721_s9> [বাংলাদেশ ঋণ সালিসি আইন, ১৯৮৯, ধারা ৯] প্রত্যর্পিত জমি হস্ত্মান্ত্মরের উপর বিধি নিষেধ — কোন কৃষক ধারা ৬ বা ধারা ৭ এর অধীন তাঁহার নিকট প্রত্যর্পিত কোন কৃষি জমি প্রত্যর্পণের তারিখ হইতে তিন বত্সরের মধ্
8. <other_1427_s6> [হাট ও বাজার (স্থাপন ও ব্যবস্থাপনা) আইন, ২০২৩, ধারা ৬] হাট ও বাজারের জমি বন্দোবস্ত প্রদান এবং হাট ও বাজার ইজারা প্রদান — (১) হাট ও বাজারের কোনো জমি স্থায়ী বন্দোবস্ত প্রদান করা যাইবে না।(২) উপ-ধারা (১) এর বিধান সাপেক্ষে, জেলা প্রশা
9. <other_859_s19> [বাংলাদেশ স্থলবন্দর কর্তৃপক্ষ আইন, ২০০১, ধারা ১৯] কর্তৃপক্ষের জন্য জমি হুকুমদখল বা অধিগ্রহণ — কর্তৃপক্ষের কার্যাবলী সম্পাদনের জন্য কোন জমি প্রয়োজন হইলে উহা জনস্বার্থে প্রয়োজনীয় বলিয়া বিবেচিত হইবে এবং 
10. <other_740_s15> [ঢাকা বিদ্যুৎ বিতরণ কর্তৃপক্ষ আইন, ১৯৯০, ধারা ১৫] কর্তৃপক্ষের জন্য জমি অধিগ্রহণ — কর্তৃপক্ষের কার্যাবলী সম্পাদনের জন্য কোন জমি প্রয়োজন হইলে উহা জনস্বার্থে প্রয়োজনীয় বলিয়া বিবেচিত হইবে এবং ",none,none,not_found,1,Sorup
prot_0119_03,Sarwad,,সন্তান হওয়ার পর আমরা শুনতে পারলাম যে আমাদের বাবা বিবাহ করেছেন। এ অবস্থায় গত ১৬ এপ্রিল আমার বাবা মারা যান। বাবা বেঁচে থাকতে এ ব্যাপারে কোনো সিদ্ধান্ত দেননি। এখন তৃতীয় স্ত্রী অধিকার আদায়ের জন্য আমাদের হুমকি-ধমকি দিচ্ছেন। এ ব্যাপারে আমাদের করণীয় কী?,"1. <other_1485_s9> [বাংলাদেশ পুলিশ কল্যাণ তহবিল আইন, ২০২৩, ধারা ৯] মৃত্যু এবং অক্ষমতাজনিত কারণে এককালীন এবং মাসিক কল্যাণ অনুদান — (১) কোনো কর্মচারী বা তাহার মৃত্যু হইলে তাহার স্ত্রী বা, ক্ষেত্রমত, স্বামী, বিধি দ্বারা নির্ধারিত পদ্ধতিতে, নিম
2. <labour_952_s160_p1> [বাংলাদেশ শ্রম আইন, ২০০৬, ধারা ১৬০] চিকিৎসা পরীক্ষা — অস্বীকৃতির ৰেত্রে, নিজেকে উক্তরূপ হাজির করার ব্যাপারে তিনি পর্যাপ্ত কারণ দ্বারা বাধাপ্রাপ্ত হইয়া থাকেন।(৬) যদ
3. <land_856_s12> [অর্পিত সম্পত্তি প্রত্যর্পণ আইন, ২০০১, ধারা ১২] অবমুক্তির সিদ্ধান্তের আইনগত প্রকৃতি — এই আইনের অধীনে কোন সম্পত্তি54[55[প্রত্যর্পণযোগ্য] সম্পত্তির তালিকা] হইতে অবমুক্তির সিদ্ধান্ত প্রদান করা হইলে-(
4. <labour_1285_s33> [বাংলাদেশ ইপিজেড শ্রম আইন, ২০১৯, ধারা ৩৩] মহিলা শ্রমিকের মৃত্যুর ক্ষেত্রে প্রসূতি কল্যাণ সুবিধা প্রদান — (১) এই অধ্যায়ের অধীন প্রসূতি কল্যাণ সুবিধা পাইবার অধিকারী কোনো মহিলা শ্রমিক সন্তান প্রসবকালে অথবা উহার পরবর্ত
5. <other_1266_s2_p3> [বাংলাদেশ মুক্তিযোদ্ধা কল্যাণ ট্রাস্ট আইন, ২০, ধারা ২] সংজ্ঞা — বা স্বামী এবং পিতা-মাতার অবর্তমানে খেতাবপ্রাপ্ত বীর মুক্তিযোদ্ধার সন্তান; বা(উ) (অ)-(ঈ) পর্যন্ত বর্ণিত ব্যক্তি
6. <other_1717_s57> [ব্যাংক রেজল্যুশন আইন, ২০২৬, ধারা ৫৭] ব্যাংক রেজল্যুশন ও অবসায়নে প্রাপ্য আদায়ের ক্ষমতা — (১) বাংলাদেশ ব্যাংক, উহার ব্যাংক পুনর্গঠন ও রেজল্যুশন তহবিল বা রেজল্যুশনের অধীন বা অবসায়নাধীন তফসিলি ব্যাংকের
7. <other_1133_s7> [নির্যাতন এবং হেফাজতে মৃত্যু (নিবারণ) আইন, ২০, ধারা ৭] অভিযোগের অপরাপর ধরন — (১) ধারা ৫ ও ৬ এ বর্ণিত প্রক্রিয়া ছাড়াও কোন ব্যক্তি ক্ষতিগ্রস্ত না হওয়া সত্ত্বে তৃতীয় কোন ব্যক্তি দায়রা জ
8. <other_857_s83> [বাংলাদেশ টেলিযোগাযোগ নিয়ন্ত্রণ আইন, ২০০১, ধারা ৮৩] বার্তার অবৈধ প্রকাশ সম্পর্কে দেওয়ানী মামলা ও অন্যান্য প্রতিকার লাভের অধিকার — (১) যদি কোন ব্যক্তি যুক্তিসঙ্গত কারণে বিশ্বাস করেন যে, তত্কর্তৃক প্রেরিত বা গৃহীত বার্তা অবৈধভাবে প্রকাশ করা হ
9. <other_857_s11> [বাংলাদেশ টেলিযোগাযোগ নিয়ন্ত্রণ আইন, ২০০১, ধারা ১১] পরিবারের সদস্যের কতিপয় স্বার্থ সম্পর্কে কমিশনারের দায়িত্ব — (১) কোন কমিশনারের পরিবারের কোন সদস্য যদি ধারা ১০(২)(ছ)- েত উলিস্্নখিত স্বার্থ অর্জন বা ধারণ করেন, তাহা হইলে তি
10. <other_706_s43> [শাহ্‌জালাল বিজ্ঞান ও প্রযুক্তি বিশ্ববিদ্যালয়, ধারা ৪৩] মহাবিদ্যালয়ের অধিভূক্তি ও অধিভূক্তি বাতিল — (১) কোন মহাবিদ্যালয় এই আইনে বিধৃত শর্তাবলী পূরণ না করিলে উহাকে অধিভুক্ত করা হইবে না।(২) অধিভুক্তি ও অধিভুক্তি",other_173_s2,own_search,answered,1,Sorup
dail_0621_02,Sarwad,,"Further, is the ministry under any obligation to provide the data?","1. <other_373_s11> [The Bangladesh Abandoned Property (Control, , ধারা 11] (1) Any amount payable in respect of any abandoned property shall be paid to the Government by the person liab
2. <other_642_s364_p0> [The Bangladesh Merchant Shipping Ordinance, , ধারা 364] Obligation to render assistance on receiving signal of distress — (1) The master of a Bangladesh ship on receiving at sea a signal of distress or information from any source th
3. <other_701_s4> [The Public Corporations (Management Co-ordin, ধারা 4] The Council — (1) There shall be a Council to be called the Council for Public Corporation for carrying out the purposes by 
4. <other_246_s2_p2> [The Civil Defence Act, 1952, ধারা 2] Power to make rules — The rules made under sub-section (1) may further-(a) provide for the arrest and trial of persons contravening 
5. <other_35_s12> [The Irrigation Act, 1876, ধারা 12] Compensation for loss of drinking water — If any supply of drinking-water is substantially deteriorated or diminished by any works undertaken in accorda
6. <other_36_s5> [The Specific Relief Act, 1877, ধারা 5] Specific relief how given — Specific relief is given-(a) by taking possession of certain property and delivering it to a claimant;(b) by o
7. <other_701_s9> [The Public Corporations (Management Co-ordin, ধারা 9] Performance evaluation — (1) Every public corporation shall prepare an annual performance report in respect of itself and its enterpris
8. <other_367_s77> [The Constitution of the People‌‌‍’s Republic, ধারা 77] Ombudsman — (1) Parliament may, by law, provide for the establishment of the office of Ombudsman.(2) The Ombudsman shall e
9. <other_599_s7> [The Ombudsman Act, 1980, ধারা 7] Procedure in respect of investigations — (1) Where the Ombudsman proposes to conduct an investigation under this Act, he shall-(a) forward a copy of th
10. <other_48_s40> [1The Transfer of Property Act, 1882, ধারা 40] Burden of obligation imposing restriction on use of land, or of obligation annexed to ownership but not amounting to interest or easement — Where, for the more beneficial enjoyment of his own immoveable property, a third person has, independently of ",consumer_1011_s4,own_search,answered,1,Sorup
prot_0085_05,Sarwad,,"আমি বাবার একমাত্র মেয়ে। আমার বাবার আরও চারটি ছোট ভাই আছেন। তাঁদের প্রত্যেকের ঘরে ছেলে ও মেয়ে আছে। এখন অনেকে বলে, আমার বাবার সম্পত্তি নাকি আমি একা পাব না, আমার বাবার অন্য ভাইয়েরাও পাবেন। এ অবস্থায় আমার বাবার কি কিছু করার আছে? যা করলে সব সম্পত্তি আমি পাব। অথবা কোনো কিছু করার না থাকলে আমাদের সম্পত্তি কীভাবে বণ্টন হবে? খালেদা আক্তাররংপুর","1. <other_822_s10> [পার্বত্য চট্টগ্রাম আঞ্চলিক পরিষদ আইন, ১৯৯৮, ধারা ১০] সম্পত্তি সম্পর্কিত ঘোষণা — চেয়ারম্যান ও প্রত্যেক সদস্য তাহার কার্যভার গ্রহণের পূর্বে তাহার এবং তাঁহার পরিবারের কোন সদস্যের স্বত্ব, দখল ব
2. <local_government_1027_s41> [স্থানীয় সরকার (ইউনিয়ন পরিষদ) আইন, ২০০৯, ধারা ৪১] সম্পত্তি সম্পর্কিত ঘোষণা — চেয়ারম্যান ও সদস্য তাঁহার কার্যভার গ্রহণের পূর্বে তাঁহার এবং তাঁহার পরিবারের কোন সদস্যের স্বত্ব, দখল বা স্বার
3. <local_government_827_s10> [উপজেলা পরিষদ আইন, ১৯৯৮, ধারা ১০] সম্পত্তি সম্পর্কিত ঘোষণা — 14[চেয়ারম্যান ও ভাইস চেয়ারম্যান ] তাঁহার কার্যভার গ্রহণের পূর্বে তাঁহার এবং তাঁহার পরিবারের কোন সদস্যের স্বত
4. <local_government_1027_s2_p1> [স্থানীয় সরকার (ইউনিয়ন পরিষদ) আইন, ২০০৯, ধারা ২] সংজ্ঞা — শহর হিসাবে ঘোষিত নয় এইরূপ এলাকা;(১৩) 'চেয়ারম্যান' অর্থ ইউনিয়ন পরিষদের চেয়ারম্যান;(১৪) 'জনপথ' অর্থ সর্বসাধা
5. <other_812_s31> [দেউলিয়া বিষয়ক আইন, ১৯৯৭, ধারা ৩১] দেউলিয়া ঘোষণাদেশের ফলাফল — (১) দেউলিয়া ঘোষণাদেশ প্রদত্ত হইলে, দেউলিয়া ঘোষিত ব্যক্তি এই আইনের বিধান মোতাবেক তাহার বিষয়-সম্পত্তি উদ্ধার 
6. <other_788_s326_p2> [কোম্পানী আইন, ১৯৯৪, ধারা ৩২৬] কতিপয় সম্পদের দাবী পরিত্যাগ — পক্ষ কর্তৃক চুক্তি পালন না করায় ক্ষতিপূরণ দিতে বা লইতে হইবে অথবা আদালত যথাযথ মনে করিলে অন্য কোন আদেশও দিতে পা
7. <other_812_s95> [দেউলিয়া বিষয়ক আইন, ১৯৯৭, ধারা ৯৫] কার্যধারায় বণ্টনযোগ্য সম্পদের সংক্ষিপ্ত নিষ্পত্তি — দেনাদার কর্তৃক বা তাহার বিরুদ্ধে আর্জি দাখিল হওয়ার পর, এফিডেভিট বা অন্য কোন কিছুর ভিত্তিতে, আদালতের নিকট যদি 
8. <other_812_s41> [দেউলিয়া বিষয়ক আইন, ১৯৯৭, ধারা ৪১] একই দেনাদারের বিরুদ্ধে একাধিক সমগামী ঘোষণাদেশ রদ করার ক্ষমতা — কোন ক্ষেত্রে দেউলিয়া ঘোষণাদেশ প্রদানের পর উক্ত আদেশ প্রদানকারী আদালতে যদি প্রমাণিত হয় যে, একই দেনাদারের বিরু
9. <other_788_s376> [কোম্পানী আইন, ১৯৯৪, ধারা ৩৭৬] কতিপয় ক্ষেত্রে সম্পত্তির ব্যাপারে আদালত কর্তৃক নির্দেশদান — কোন অনিবন্ধিকৃত কোম্পানী উহার সাধারণ নামে মামলা করার বা মামলায় প্রতিদ্বন্দ্বিতা করার অধিকারী না হইলে, অথবা অন
10. <money_recovery_1468_s21> [সুরক্ষিত লেনদেন (অস্থাবর সম্পত্তি) আইন, ২০২৩, ধারা ২১] সুরক্ষিত পক্ষের দায়-দায়িত্ব — (১) দেনাদার তাহার দখলে থাকা অস্থাবর সম্পত্তি সুরক্ষিত পক্ষের অনুমতি গ্রহণ ব্যতীত বিক্রয় বা অন্য কোনোভাবে হস্ত","other_173_s2, other_48_s123",own_search,answered,2,Sorup
prot_0073_03,Sarwad,,"আমার বয়স ২৫ বছর। আমি একটি মেয়েকে ভালোবাসি, যার বয়স ২১ বছর। ১৯ বছর বয়সে ওর পরিবার ওকে ইচ্ছার বিরুদ্ধে প্রবাসী এক লোকের সঙ্গে বিয়ে দেয়। তখন আমি কিছু করতে পারিনি শুধু কাঁদা ছাড়া। কারণ, আমার কোনো চাকরি ছিল না। এখন পরিবারের প্রতি সম্মান রেখে আমরা দুজনেই চাচ্ছি আমাদের জীবনটা নতুন করে গড়ে তুলতে। কিন্তু স্বাভাবিকভাবেই ওর বা আমার পরিবার কিছুতেই এটা মেনে নেবে না। ও তালাক দিলে বাসায় থাকতে পারবে না। আমি সব দিক থেকেই প্রস্তুত। আমার প্রশ্ন, যেহেতু ওকে কাবিননামা দিচ্ছে না বা কোথা থেকে রেজিস্ট্রি করা হয়েছে, তা-ও বলছে না, তাই কাবিননামা না পাওয়া গেলে কী করব? অথবা কাবিননামা ছাড়া কি তালাক সম্ভব? ওই লোকটা বিদেশে থাকা অবস্থায় কি তালাক দেওয়া যাবে? কাবিননামায় যদি ওর তালাক দেওয়ার অধিকার না থাকে, তাহলে আইন অনুসারে কী করতে পারি? যেহেতু তালাক কার্যকর হতে ৯০ দিন সময় লাগে এবং ওই সময়টা আমরা নিরাপত্তাহীন অবস্থায় থাকব, তাই ওই সময়টা আমরা একই ছাদের নিচে থাকলে কি কোনো ধরনের আইনি জটিলতার সৃষ্টি হবে?","1. <other_775_s26> [বাংলাদেশ সিকিউরিটিজ অ্যান্ড এক্সচেঞ্জ কমিশন , ধারা ২৬] জটিলতার নিরসনের ক্ষমতা — (১) এই আইনের বিধানাবলী কার্যকর করার ক্ষেত্রে কোন অসুবিধা দেখা দিলে সরকার উক্ত অসুবিধা দূরীকরণার্থে, আদেশ দ্বার
2. <labour_1285_s24> [বাংলাদেশ ইপিজেড শ্রম আইন, ২০১৯, ধারা ২৪] চাকরি হইতে অবসর গ্রহণ — (১) এই অধ্যায়ের অন্যত্র যাহা কিছুই উল্লে­খ থাকুক না কেন, কোনো প্রতিষ্ঠানে নিয়োজিত কোনো শ্রমিকের বয়স ৬০ (ষাট
3. <criminal_procedure_1013_s89> [বরিশাল মহানগরী পুলিশ আইন, ২০০৯, ধারা ৮৯] সূর্যাস্ত হইতে সূর্যোদয় পর্যন্ত সময়ের মধ্যে সন্দেহজনক চলাফেরার দণ্ড — কোন ব্যক্তিকে সূর্যাস্ত ও সূর্যোদয়ের মধ্যবর্তী সময়ে নিম্নবর্ণিত অবস্থায় পাওয়া গেলে সেই ব্যক্তি এক বৎসর পর্
4. <criminal_procedure_1012_s89> [সিলেট মহানগরী পুলিশ আইন, ২০০৯, ধারা ৮৯] সূর্যাস্ত হইতে সূর্যোদয় পর্যন্ত সময়ের মধ্যে সন্দেহজনক চলাফেরার দণ্ড — কোন ব্যক্তিকে সূর্যাস্ত ও সূর্যোদয়ের মধ্যবর্তী সময়ে নিম্নবর্ণিত অবস্থায় পাওয়া গেলে সেই ব্যক্তি এক বৎসর পর্
5. <criminal_procedure_765_s89> [রাজশাহী মহানগরী পুলিশ আইন, ১৯৯২, ধারা ৮৯] সূর্যাস্ত হইতে সূর্যোদয় পর্যন্ত সময়ের মধ্যে সন্দেহজনক চলাফেরার দণ্ড — কোন ব্যক্তিকে সূর্যাস্ত ও সূর্যোদয়ের মধ্যবর্তী সময়ে নিম্নবর্ণিত অবস্থায় পাওয়া গেলে, সেই ব্যক্তি এক বত্সর প
6. <other_813_s20> [বাংলাদেশ কমার্স এন্ড ইনভেষ্টমেন্ট লিমিটেড (প, ধারা ২০] জটিলতা নিরসনের ক্ষমতা — (১) এই আইনের বিধানাবলী কার্যকর করার ক্ষেত্রে কোন অসুবিধা দেখা দিলে সরকার উক্ত অসুবিধা দূরীকরণার্থে, আদেশ দ্বার
7. <other_924_s2> [ব্যক্তি মালিকানাধীন সড়ক পরিবহন শ্রমিক কল্যাণ, ধারা ২] সংজ্ঞা — বিষয় বা প্রসঙ্গের পরিপন্থী কিছু না থাকিলে, এই আইনে-(ক) “কল্যাণ তহবিল” অর্থ ধারা ৪ এর অধীন গঠিত কল্যাণ তহবিল;(
8. <other_1696_s14> [রাজধানী উন্নয়ন কর্তৃপক্ষ আইন, ২০২৬, ধারা ১৪] কর্মচারীর অবসর গ্রহণ বা কর্তৃপক্ষ কর্তৃক অবসর প্রদান — (১) কর্তৃপক্ষের একজন কর্মচারী তাহার বয়স ৫৯ (ঊনষাট) বৎসর পূর্ণ হইলে এবং কর্তৃপক্ষের একজন মুক্তিযোদ্ধা কর্মচারী
9. <other_943_s2> [বাংলাদেশ শ্রমিক কল্যাণ ফাউন্ডেশন আইন, ২০০৬, ধারা ২] সংজ্ঞা — বিষয় বা প্রসঙ্গের পরিপন্থী কিছু না থাকিলে, এই আইনে-(ক) “অপ্রাতিষ্ঠানিক খাত” অর্থ এইরূপ বেসরকারী খাত যেখানে কর
10. <other_1699_s54> [ময়মনসিংহ উন্নয়ন কর্তৃপক্ষ আইন, ২০২৬, ধারা ৫৪] কর্মচারীর অবসর গ্রহণ বা কর্তৃপক্ষ কর্তৃক অবসর প্রদান — (১) কর্তৃপক্ষের একজন কর্মচারী তাহার বয়স ৫৯ (ঊনষাট) বৎসর পূর্ণ হইলে এবং কর্তৃপক্ষের একজন মুক্তিযোদ্ধা কর্মচারী","family_180_s2_p0, family_305_s8",own_search,answered,2,Sorup
prot_0035_02,Sarwad,,"আমার বাবার দুই স্ত্রী। প্রথম পরিবারে তিন ছেলে। দ্বিতীয় পরিবারে তিন ছেলে, এক মেয়ে। আমি দ্বিতীয় পরিবারের ছেলে। আমার বাবা প্রথম পরিবার নিয়ে থাকেন। তিনি সেই পরিবারের সন্তানদের লেখাপড়া করিয়ে ভালো চাকরি দিয়েছেন। আমাদের কোনো টাকাপয়সা দেন না। অনেকবার সালিস হওয়ার পরও তিনি বলেন, ‘আমি কোনো টাকাপয়সা দিতে পারব না। আমার বিরুদ্ধে মামলা করলেও কোনো লাভ নেই। আমার টাকা আমি না দিলে কেউ কিছু করতে পারবে না।’ আমার বাবা সরকারি চাকরি করেন। মা আমাদের নিয়ে বাবার অফিসে গিয়ে অভিযোগ জানালে কি আমরা তাঁর ফান্ড থেকে কোনো টাকা পাব? নাম প্রকাশে অনিচ্ছুক","1. <other_822_s10> [পার্বত্য চট্টগ্রাম আঞ্চলিক পরিষদ আইন, ১৯৯৮, ধারা ১০] সম্পত্তি সম্পর্কিত ঘোষণা — চেয়ারম্যান ও প্রত্যেক সদস্য তাহার কার্যভার গ্রহণের পূর্বে তাহার এবং তাঁহার পরিবারের কোন সদস্যের স্বত্ব, দখল ব
2. <local_government_1027_s41> [স্থানীয় সরকার (ইউনিয়ন পরিষদ) আইন, ২০০৯, ধারা ৪১] সম্পত্তি সম্পর্কিত ঘোষণা — চেয়ারম্যান ও সদস্য তাঁহার কার্যভার গ্রহণের পূর্বে তাঁহার এবং তাঁহার পরিবারের কোন সদস্যের স্বত্ব, দখল বা স্বার
3. <local_government_827_s10> [উপজেলা পরিষদ আইন, ১৯৯৮, ধারা ১০] সম্পত্তি সম্পর্কিত ঘোষণা — 14[চেয়ারম্যান ও ভাইস চেয়ারম্যান ] তাঁহার কার্যভার গ্রহণের পূর্বে তাঁহার এবং তাঁহার পরিবারের কোন সদস্যের স্বত
4. <other_857_s11> [বাংলাদেশ টেলিযোগাযোগ নিয়ন্ত্রণ আইন, ২০০১, ধারা ১১] পরিবারের সদস্যের কতিপয় স্বার্থ সম্পর্কে কমিশনারের দায়িত্ব — (১) কোন কমিশনারের পরিবারের কোন সদস্য যদি ধারা ১০(২)(ছ)- েত উলিস্্নখিত স্বার্থ অর্জন বা ধারণ করেন, তাহা হইলে তি
5. <other_1485_s9> [বাংলাদেশ পুলিশ কল্যাণ তহবিল আইন, ২০২৩, ধারা ৯] মৃত্যু এবং অক্ষমতাজনিত কারণে এককালীন এবং মাসিক কল্যাণ অনুদান — (১) কোনো কর্মচারী বা তাহার মৃত্যু হইলে তাহার স্ত্রী বা, ক্ষেত্রমত, স্বামী, বিধি দ্বারা নির্ধারিত পদ্ধতিতে, নিম
6. <other_1418_s21_p2> [বাংলাদেশ সুপ্রীম কোর্টের বিচারক (ছুটি, পেনশন, ধারা ২১] আনুতোষিক ও পারিবারিক পেনশন — হিসাবে প্রাপ্য হইতেন।(৩) কোনো বিচারক, অবসর গ্রহণের পর তাহার গ্রস-পেনশনের সম্পূর্ণ অংশ সমর্পণ করিতে পারিবেন এবং
7. <consumer_1010_s74> [ট্রেডমার্ক আইন, ২০০৯, ধারা ৭৪] মিথ্যা ট্রেডমার্ক বা ট্রেড বর্ণনাযুক্ত পণ্য বিক্রয় করিবার দণ্ড — (১) যদি কোন ব্যক্তি ধারা ১০৮ এর বিধান লঙ্ঘন করিয়া পণ্য উৎপাদনকারী প্রতিষ্ঠান বা রাষ্ট্র বা স্থানের নাম ব্যবহা
8. <other_812_s84_p4> [দেউলিয়া বিষয়ক আইন, ১৯৯৭, ধারা ৮৪] দেনাদারের অপরাধ ও উহাদের দণ্ড — হিসাব প্রদানের অপচেষ্টা করেন; (ড) একজন দায়গ্রস্ত দেউলিয়া হওয়া সত্ত্বেও- (অ) তাহার দায়গ্রস্ত দেউলিয়া থাকার
9. <other_848_s7> [বেসরকারী প্রাথমিক শিক্ষক কল্যাণ ট্রাস্ট আইন,, ধারা ৭] ট্রাস্টের কার্যাবলী — (১) ট্রাস্টের কার্যাবলী নিম্্নরূপ হইবে, যথা:-(ক) বেসরকারী প্রাথমিক শিক্ষকগণকে অবসরকালীন সুবিধাদি প্রদান;(খ) কো
10. <criminal_procedure_1239_s47> [রংপুর মহানগরী পুলিশ আইন, ২০১৮, ধারা ৪৭] মিথ্যা বিবৃতি, ইত্যাদির জন্য দণ্ড — কোনো ব্যক্তি পুলিশ অফিসার হিসাবে চাকরি লাভের অথবা চাকরি হইতে অব্যাহতি লাভের জন্য কোনো মিথ্যা বিবৃতিদান বা মিথ্","family_1444_s5, family_305_s9",own_search,answered,2,Sorup
prot_0056_04,Sarwad,,"আমি একজন সরকারি চাকরিজীবী। এক বছর আগে আমার এক আত্মীয়ের মেয়েকে বিয়ে করি। কিন্তু বিয়ের কয়েক সপ্তাহ পরে জানতে পারি, বিয়ের আগে তার অন্য এক ছেলের সঙ্গে সম্পর্ক ছিল। আমি তাকে খুব ভালোবাসতাম। কিন্তু এ কথা জানার পর তাকে আর মেনে নিতে পারছি না। মেয়েটি তার সম্পর্কের কথা স্বীকার করে না। কিন্তু তার আত্মীয়স্বজন, বন্ধুবান্ধব আমাকে বলেছে। তার সঙ্গে আমার দু-একদিন পরপর ঝগড়া হয়। আমি তাঁকে তালাকের কথা বললে সে রাজি হয় না। কিন্তু আমি আর সংসার করতে চাই না। তাঁকে কীভাবে তালাক দেব?নাম প্রকাশে অনিচ্ছুক","1. <other_1126_s8> [প্রতিবন্ধী ব্যক্তির অধিকার ও সুরক্ষা আইন, ২০, ধারা ৮] বাকপ্রতিবন্ধিতা (speech disability) — নিম্নবর্ণিত দফাসমূহে উল্লিখিত বৈশিষ্ট্যসমূহের মধ্যে এক বা একাধিক বৈশিষ্ট্যের অধিকারী ব্যক্তি ‘বাকপ্রতিবন্ধী ব্
2. <other_1375_s27> [শিশু দিবাযত্ন কেন্দ্র আইন, ২০২১, ধারা ২৭] ক্যামেরায় গৃহীত ছবি, রেকর্ডকৃত কথাবার্তার সাক্ষ্য মূল্য — Evidence Act, 1872(Act No. I of 1872) এ যাহা কিছুই থাকুক না কেন, কেন্দ্রে সংঘটিত কোনো অপরাধের ভিডিও, স্থিরচিত্
3. <other_788_s346_p0> [কোম্পানী আইন, ১৯৯৪, ধারা ৩৪৬] নিষ্ক্রিয় (defunct) কোম্পানীর নাম নিবন্ধন বহি হইতে কাটিয়া দেওয়া — (১) যেক্ষেত্রে রেজিষ্ট্রারের এইরূপ বিশ্বাস করিবার যুক্তিসংগত কারণ থাকে যে, কোন একটি কোম্পানী ব্যবসা করিতেছে না
4. <women_children_1063_s26> [পারিবারিক সহিংসতা (প্রতিরোধ ও সুরক্ষা) আইন, , ধারা ২৬] প্রতিপক্ষের অনুপস্থিতিতে বিচার — (১) প্রতিপক্ষের প্রতি উপস্থিতির জন্য নোটিশ জারী করা হইলেও প্রতিপক্ষ যদি আদালতে উপস্থিত না হন বা একবার উপস্থিত 
5. <women_children_1119_s80> [শিশু আইন, ২০১৩, ধারা ৮০] শিশুকে শোষণের দণ্ড — (১) শিশু-আদালত কর্তৃক শিশুর জিম্মাদার, রক্ষণাবেক্ষণকারী, প্রতিপালনের দায়িত্বপ্রাপ্ত ব্যক্তি বা অন্য কোন ব্যক্
6. <labour_952_s117> [বাংলাদেশ শ্রম আইন, ২০০৬, ধারা ১১৭] মজুরীসহ বাৎসরিক ছুটি — (১) কোন প্রতিষ্ঠানে অবিচ্ছিন্নভাবে এক বৎসর চাকুরী পূর্ণ করিয়াছেন এমন প্রত্যেক প্রাপ্ত বয়স্ক শ্রমিককে পরবর্তী
7. <labour_952_s116> [বাংলাদেশ শ্রম আইন, ২০০৬, ধারা ১১৬] পীড়া-ছুটি — (১) সংবাদ পত্র শ্রমিক ব্যতীত, প্রত্যেক শ্রমিক প্রত্যেক পঞ্জিকা বৎসরে পূর্ণ মজুরীতে চৌদ্দ দিনের পীড়া ছুটি পাইব
8. <labour_952_s223> [বাংলাদেশ শ্রম আইন, ২০০৬, ধারা ২২৩] নিষ্পত্তি, ইত্যাদি বলবৎ এর তারিখ — (১) কোন নিষ্পত্তি-(ক) যদি কোন বিরোধের পক্ষগণের মধ্যে কোন সম্মত দিন থাকে, উক্ত দিন হইতে, এবং(খ) যদি উক্তরূপ কোন
9. <labour_1285_s51> [বাংলাদেশ ইপিজেড শ্রম আইন, ২০১৯, ধারা ৫১] পীঁড়া ছুটি — (১) প্রত্যেক শ্রমিক প্রতি পঞ্জিকা বৎসরে পূর্ণ মজুরিতে ১৪ (চৌদ্দো) দিনের পীঁড়া ছুটি পাইবার অধিকারী হইবেন।(২) উ
10. <other_1181_s29> [বাংলাদেশ কোস্ট গার্ড আইন, ২০১৬, ধারা ২৯] বিদ্রোহ — এই আইনের বিধানাবলী সাপেক্ষে, অধিভুক্ত কোন ব্যক্তি যদি -(ক) বাহিনীর অভ্যন্তরে বা অন্য কোন শৃঙ্খলা বাহিনীতে কোন ",family_305_s7,own_search,answered,3,Sorup
prot_0085_01,Sarwad,VERIFY,"আমার ভাই তাঁর বিয়ের আগেই ডিভি ভিসা পেয়ে যুক্তরাষ্ট্রের নাগরিকত্ব পেয়েছেন। ভাই দেশে এলে আমরা পারিবারিকভাবে তাঁকে বিয়ে করাই। বিয়ের কিছুদিন পর আমার ভাই স্ত্রীকে দেশে রেখে যুক্তরাষ্ট্রে চলে যান। বছরখানেক পর আমরা শুনি, ভাই গোপনে ঢাকায় দ্বিতীয় বিয়ে করে ওই স্ত্রীকে যুক্তরাষ্ট্রে নিয়ে গেছেন। আমরা শোনার পর পারিবারিকভাবে সবাই ভাইকে চাপ দিচ্ছি তাঁর দ্বিতীয় স্ত্রীকে বাদ দেওয়ার এবং প্রথম স্ত্রীকে দ্রুত যুক্তরাষ্ট্রে তাঁর কাছে নিয়ে যাওয়ার জন্য। এখন ভাই বলছেন, প্রথম স্ত্রীকে যুক্তরাষ্ট্রে নেওয়ার ব্যবস্থা করবেন। আমার প্রশ্ন, আইনত একজনের দুই স্ত্রীকে যুক্তরাষ্ট্রে নেওয়া যাবে? আমার ভাই তাঁর প্রথম স্ত্রীর অনুমতি ছাড়া দ্বিতীয় বিয়ে করেন। ভাইয়ের দ্বিতীয় স্ত্রীর যুক্তরাষ্ট্রে থাকা ও নাগরিকত্ব পাওয়ার বৈধতা কতটুকু? ভাইয়ের দ্বিতীয় স্ত্রী এখন যুক্তরাষ্ট্রে আছেন। তবে নাগরিকত্ব পাননি। আমার ভাই তাঁর দ্বিতীয় স্ত্রীকে বাদ দিলে তিনি কি আইনি সমস্যায় পড়বেন? আমার ভাইয়ের প্রথম স্ত্রী কি ভাইয়ের দ্বিতীয় স্ত্রীর বিরুদ্ধে বা তাঁর স্বামীর বিরুদ্ধে আইনের আশ্রয় নিলে তিনি কি তাঁর স্বামীর কাছে আমেরিকা যেতে পারবেন?তানিয়া খানকুমিল্লা","1. <other_1266_s2_p2> [বাংলাদেশ মুক্তিযোদ্ধা কল্যাণ ট্রাস্ট আইন, ২০, ধারা ২] সংজ্ঞা — জামায়াতে ইসলামী এবং তাহাদের সহযোগী রাজাকার, আলবদর, আলশামস বাহিনীর বিরুদ্ধে গণপ্রজাতন্ত্রী বাংলাদেশের স্বাধীনত
2. <other_1431_s23> [অর্থ আইন, ২০২৩, ধারা ২৩] ২০১২ সনের ৪৭ নং আইনের প্রথম তফসিলের সংশোধন — উক্ত আইনের প্রথম তফসিল এর দ্বিতীয় খন্ড এর অনুচ্ছেদ ৭ এর দফা (ঘ) বিলুপ্ত হইবে।
3. <other_822_s10> [পার্বত্য চট্টগ্রাম আঞ্চলিক পরিষদ আইন, ১৯৯৮, ধারা ১০] সম্পত্তি সম্পর্কিত ঘোষণা — চেয়ারম্যান ও প্রত্যেক সদস্য তাহার কার্যভার গ্রহণের পূর্বে তাহার এবং তাঁহার পরিবারের কোন সদস্যের স্বত্ব, দখল ব
4. <other_724_s8> [রাংগামাটি পার্বত্য জেলা পরিষদ আইন, ১৯৮৯, ধারা ৮] সম্পত্তি সম্পর্কিত ঘোষণা — চেয়ারম্যান ও প্রত্যেক সদস্য তাঁহার কার্যভার গ্রহণের পূর্বে তাঁহার এবং তাঁহার পরিবারের কোন সদস্যের স্বত্ব, দখল
5. <other_1148_s2> [বাংলাদেশ সাংবাদিক কল্যাণ ট্রাস্ট আইন, ২০১৪, ধারা ২] সংজ্ঞা — বিষয় বা প্রসঙ্গের পরিপন্থী কোন কিছু না থাকিলে, এই আইনে-(১) ‘‘চেয়ারম্যান’’ অর্থ বোর্ডের চেয়ারম্যান;(২) ‘‘ট্র
6. <other_1303_s79> [অর্থ আইন, ২০২০, ধারা ৭৯] ২০১২ সনের ৪৭ নং আইনের প্রথম তফসিলের সংশোধন — উক্তআইনের প্রথম তফসিল এর—(ক) প্রথম খন্ডের টেবিলের প্রথম কলামে উল্লিখিত—(অ)শিরোনামা সংখ্যা ০২.০৭ এর বিপরীতে দ্ব
7. <other_1037_s128> [বীমা আইন, ২০১০, ধারা ১২৮] দ্বিতীয় জরিপ৷ — (১) কর্তৃপক্ষের নিকট যদি এইরূপ বিশ্বাস করিবার কারণ থাকে, কোন বীমা জরিপকারী মিথ্যা প্রতিবেদন দাখিল করিয়াছে বা 
8. <local_government_1027_s41> [স্থানীয় সরকার (ইউনিয়ন পরিষদ) আইন, ২০০৯, ধারা ৪১] সম্পত্তি সম্পর্কিত ঘোষণা — চেয়ারম্যান ও সদস্য তাঁহার কার্যভার গ্রহণের পূর্বে তাঁহার এবং তাঁহার পরিবারের কোন সদস্যের স্বত্ব, দখল বা স্বার
9. <other_1190_s26> [পেট্রোলিয়াম আইন, ২০১৬, ধারা ২৬] অপরাধের বিচার — এই আইনের অধীন সংঘটিত অপরাধসমূহ একজন মেট্রোপলিটন ম্যাজিস্ট্রেট বা প্রথম বা দ্বিতীয় শ্রেণির ম্যাজিস্ট্রেট কর্তৃ
10. <local_government_827_s10> [উপজেলা পরিষদ আইন, ১৯৯৮, ধারা ১০] সম্পত্তি সম্পর্কিত ঘোষণা — 14[চেয়ারম্যান ও ভাইস চেয়ারম্যান ] তাঁহার কার্যভার গ্রহণের পূর্বে তাঁহার এবং তাঁহার পরিবারের কোন সদস্যের স্বত",family_305_s6,own_search,answered,2,Sorup
prot_0107_05,Sarwad,VERIFY,"২. মামলার রায় যখন দোরগোড়ায় পৌঁছায়, ওই মুহূর্তে পলাতক আসামি আদালতে আত্মসমর্পণ করলে তার আদালত অবমাননার দায়-কলঙ্ক মুছে যাবে কি?","1. <other_1484_s26> [আনসার ব্যাটালিয়ন আইন, ২০২৩, ধারা ২৬] আদালতের এখতিয়ার বারিত — আনসার ব্যাটালিয়ন আদালতের কোনো কার্যধারা, রায়, আদেশ, আরোপিত দণ্ড বা সিদ্ধান্তের বিরুদ্ধে অন্য কোনো আদালতে কোন
2. <other_1108_s11> [আদালত অবমাননা আইন, ২০১৩, ধারা ১১] আদালত অবমাননার অভিযোগ দায়ের ও নিষ্পত্তির বিধান — (১) কোন ব্যক্তির বিরুদ্ধে আদালত অবমাননার অভিযোগ উত্থাপিত বা কার্যধারা রুজু করা হইলে, অভিযোগের বিষয়ে তাহাকে কা
3. <other_1108_s15> [আদালত অবমাননা আইন, ২০১৩, ধারা ১৫] সুপ্রীম কোর্টে সংঘটিত আদালত অবমাননার ক্ষেত্রে কার্যপদ্ধতি — (১) যেক্ষেত্রে আপীল বিভাগ বা হাইকোর্ট বিভাগের নিকট প্রতীয়মান হয় বা উহার নিকট অভিযোগ করা হয় যে, কোন ব্যক্তি 
4. <labour_952_s216_p1> [বাংলাদেশ শ্রম আইন, ২০০৬, ধারা ২১৬] অপরাধ বিচার ছাড়া অন্য কোন বিষয়ে শ্রম আদালতের ক্ষমতা ওকার্যক্রম — বা আপত্তি পেশ করিতে ব্যর্থ হয়, তাহা হইলে মামলাটি একতরফা শুনানীক্রমে নিষ্পত্তি করা হইবে।(৬) কোন পক্ষের আবেদনক্
5. <other_1181_s113> [বাংলাদেশ কোস্ট গার্ড আইন, ২০১৬, ধারা ১১৩] আদালতের এখতিয়ার বারিত — এই আইনের বিধান ব্যতীত কোস্ট গার্ড আদালত এবং কোস্ট গার্ড আপিল ট্রাইব্যুনালের কোন কার্যধারা, রায়, আদেশ বা সিদ্ধ
6. <money_recovery_901_s13> [অর্থ ঋণ আদালত আইন, ২০০৩, ধারা ১৩] মামলার বিচার্য বিষয় গঠন ও নিষ্পত্তি — (১) বিবাদী কর্তৃক লিখিত জবাব দাখিল হওয়ার পরবর্তীতে ধার্য একটি নির্ধারিত তারিখে আদালত উভয় পক্ষকে, যদি উপস্থিত
7. <other_1061_s19> [পরিবেশ আদালত আইন, ২০১০, ধারা ১৯] আপীল — (১) দেওয়ানী কার্যবিধি বা ফৌজদারী কার্যবিধিতে ভিন্নতর যাহা কিছুই থাকুক না কেন, এই আইনের বিধান অনুযায়ী ব্যতীত 
8. <other_1108_s10> [আদালত অবমাননা আইন, ২০১৩, ধারা ১০] কতিপয় কর্ম আদালত অবমাননা নহে — আপাতত বলবৎ অন্য কোন আইনে যাহা কিছুই থাকুক না কেন -(১) প্রজাতন্ত্রের কর্মে নিয়োজিত কোন ব্যক্তি কর্তৃক রাষ্ট্রে
9. <labour_952_s218_p2> [বাংলাদেশ শ্রম আইন, ২০০৬, ধারা ২১৮] শ্রম আপীল ট্রাইব্যুনাল — দায়ের করিবার ৬০(ষাট) দিনের মধ্যে প্রদান করা হইবে।(১১ক) উপ-ধারা (১১) এর বিধান সত্ত্বেও, ৬০ (ষাট) দিনের নির্ধার
10. <other_1088_s17_p0> [মানিলন্ডারিং প্রতিরোধ আইন, ২০১২, ধারা ১৭] সম্পত্তির বাজেয়াপ্তকরণ — (১) এই আইনের অধীন কোন ব্যক্তি বা সত্তা মানিলন্ডারিং অপরাধে দোষী সাব্যস্থ হইলে আদালত অপরাধের সহিত প্রত্যক্ষ বা ",none,none,not_found,1,Sorup
prot_0076_05,Sarwad,VERIFY,"আমাদের পরিবারে নয়জন সদস্য। নয় বছর আগে আমার বাবা মারা যান। ইতিমধ্যে আমাদের পরিবারের খুবই কষ্টকর অবস্থা, তার মধ্যে আমার ছোট একটি বোন বিয়ে দেওয়া বাকি। আমার নানাবাড়ির অবস্থা ভালো। তবে আমরা কি নানাবাড়ির ওয়ারিশ হতে পারব? আমার মা একটু সহজ-সরল প্রকৃতির, তাই আমার মা কিছুতেই রাজি নয়, মামাদের কাছে ওয়ারিশ চাইতে। আমার অন্য খালাদের ওয়ারিশ আনার প্রতি কোনো আগ্রহ নেই। আমার নানি বেঁচে আছেন কিন্তু নানা বেঁচে নেই। মামারাও খুব ভালো মানুষ। এখন আমরা আমাদের মায়ের ইচ্ছা ছাড়া কোনোভাবে কি নানাবাড়ির ওয়ারিশ আনতে পারব?","1. <other_1725_s21_p29> [অর্থ আইন, ২০২৬, ধারা ২১] ২০১২ সনের ৪৭ নং আইনের দ্বিতীয় তফসিলের সংশোধন — ডলার পর্যন্ত ৪৫ (ঘ) মূল্যসীমা ১০০০০০ মা. ডলার এর ঊর্ধ্ব হইতে ২০০০০০ মা. ডলার পর্যন্ত ৬০ (ঙ) মূল্যসীমা ২০০০০০ ম
2. <other_1482_s31> [বাংলাদেশ হোমিওপ্যাথিক চিকিৎসা শিক্ষা আইন, ২০, ধারা ৩১] ব্যবস্থাপত্রে অ-অনুমোদিত ঔষধ লিখিবার দণ্ড — (১) কোনো হোমিওপ্যাথিক চিকিৎসক হোমিওপ্যাথিক ফার্মাকোপিয়াতে অন্তর্ভুক্ত নেই এমন কোনো ঔষধ হোমিওপ্যাথিক চিকিৎসা ব
3. <women_children_1119_s30> [শিশু আইন, ২০১৩, ধারা ৩০] শিশু-আদালত কর্তৃক আদেশ প্রদানের ক্ষেত্রে বিবেচ্য বিষয় — এই আইনের অধীন কোন আদেশ প্রদানের ক্ষেত্রে শিশু-আদালত নিম্নবর্ণিত বিষয় বিবেচনা করিবে, যথা :-(ক) শিশুর বয়স ও লি
4. <other_1104_s4> [পাওয়ার অব অ্যাটর্নি আইন, ২০১২, ধারা ৪] অপ্রত্যাহারযোগ্য পাওয়ার অব অ্যাটর্নির মাধ্যমে ক্ষমতা অর্পণ, ইত্যাদি — (১) পণ মূল্য গ্রহণের বিনিময়ে ভূমি উন্নয়ন সংক্রান্ত অপ্রত্যাহারযোগ্য প্রতিটি পাওয়ার অব অ্যাটর্নির একটি নির্দ
5. <land_1455_s10> [ভূমি সংস্কার আইন, ২০২৩, ধারা ১০] বর্গাদারের মৃত্যুর পর বর্গাভূমির চাষ — (১) কোনো বর্গাদার বর্গাচুক্তির মেয়াদ শেষ হইবার পূর্বে মারা গেলে, উহার মেয়াদ শেষ না হওয়া পর্যন্ত অথবা এই আইন
6. <other_1727_s35> [জুয়া প্রতিরোধ আইন, ২০২৬, ধারা ৩৫] ফৌজদারি কার্যবিধির প্রযোজ্যতা — এই আইনের যে সকল ক্ষেত্রে সুনির্দিষ্ট কোনো বিধান নেই সেইক্ষেত্রে অপরাধের তদন্ত, বিচার, তল্লাশি, জব্দ, গ্রেপ্তার
7. <other_1070_s22> [উদ্ভিদ সংগনিরোধ আইন, ২০১১, ধারা ২২] লিখিত বিজ্ঞপ্তি — (১) যদি উদ্ভিদ সংগনিরোধ কর্মকর্তা এই মর্মে নিশ্চিত হন যে, কোন একটি স্থানে সংগনিরোধ বালাই রহিয়াছে, তাহা হইলে ত
8. <other_1108_s6> [আদালত অবমাননা আইন, ২০১৩, ধারা ৬] অধস্তন আদালতের সভাপতিত্বকারী বিচারকের বিরুদ্ধে অভিযোগ যখন আদালত অবমাননা নয় — কোন ব্যক্তি কোন অধস্তন আদালতের সভাপতিত্বকারী বিচারক সম্পর্কে সরল বিশ্বাসে যদি -(ক) অন্য কোন অধস্তন আদালতের নিক
9. <other_1682_s2_p0> [মানবদেহে অঙ্গ-প্রত্যঙ্গ সংযোজন আইন, ২০২৬, ধারা ২] সংজ্ঞা — বিষয় বা প্রসঙ্গের পরিপন্থি কোনো কিছু না থাকিলে, এই আইনে- (১) “অঙ্গ-প্রত্যঙ্গ” অর্থ মানবদেহের কিডনি, হৃৎপিণ্ড,
10. <labour_952_s159> [বাংলাদেশ শ্রম আইন, ২০০৬, ধারা ১৫৯] মারাত্মক দুর্ঘটনার রিপোর্ট — যে ৰেত্রে আপাততঃ বলবৎ কোন আইনের দ্বারা কোন মালিকের বাড়ীঘর বা আংগিনায় ঘটিত কোন দুর্ঘটনায় মৃতু্য সম্পর্কে কোন",other_173_s2,own_search,answered,1,Sorup
prot_0056_03,Sarwad,VERIFY,"আমার দাদা ২০০৪ সালে ফুফুর বিয়েতে খরচের জন্য দেড় বিঘা জমি পাশের গ্রামের এক লোকের কাছে বিক্রি করেন। তাঁর কাছে দাদা ৫০ হাজার টাকা পেতেন কিন্তু তখন তিনি মাত্র ৩০ হাজার টাকা ফেরত দেন। বাকি টাকা দিতে অসমর্থ হন। পরে দাদা আরও আড়াই বিঘা জমি বন্ধক রেখে টাকা জোগান। এই বছর লোকটি জমির দলিল নেওয়ার জন্য দাদার ওপর চাপ দিচ্ছেন কিন্তু আমার দাদা এখন তাঁকে জমি দিতে চান না। উল্লেখ্য, লোকটি ২০০৪ থেকে ২০১১ সাল পর্যন্ত জমিটি ভোগ করেন এবং বাকি টাকা না দেওয়ায় তাঁকে জমির দলিল বা অন্যান্য কাগজপত্র দেওয়া হয়নি। এখন লোকটি যদি মামলা করেন, তাহলে দাদা কী করতে পারেন?","1. <other_721_s6_p0> [বাংলাদেশ ঋণ সালিসি আইন, ১৯৮৯, ধারা ৬] কতিপয় জমির বিক্রয় খায়খালাসী বন্ধক ঘোষণা — (১) এই আইন বলবত্ হইবার পর অনধিক তিন একর কৃষি জমির মালিক কোন কৃষক প্রাকৃতিক দুর্যোগে তগতিগ্রস্ত হওয়ার বা জীবন 
2. <other_721_s7> [বাংলাদেশ ঋণ সালিসি আইন, ১৯৮৯, ধারা ৭] কতিপয় বিক্রয় বাতিল — (১) এই আইন বলবত্ হইবার পর অনধিক দুই একর কৃষি জমির মালিক কোন কৃষক প্রাকৃতিক দুর্যোগে তগতিগ্রস্ত হওয়ার বা জীবন 
3. <other_1132_s5> [পিতা-মাতার ভরণ-পোষণ আইন, ২০১৩, ধারা ৫] পিতা-মাতার ভরণ-পোষণ না করিবার দণ্ড — (১) কোন সন্তান কর্তৃক ধারা ৩ এর যে কোন উপ-ধারার বিধান কিংবা ধারা ৪ এর বিধান লংঘন অপরাধ বলিয়া গণ্য হইবে এবং উক
4. <other_1149_s33> [পল্লী  সঞ্চয় ব্যাংক আইন, ২০১৪, ধারা ৩৩] দণ্ড, ইত্যাদি — (১) যদি কোন ব্যক্তি এই আইনের অধীন প্রার্থিত বা মঞ্জুরীকৃত কোন ঋণ বা সুবিধার জন্য ব্যাংককে প্রদত্ত কোন মালিকানা
5. <other_1476_s171_p7> [কাস্টমস আইন, ২০২৩, ধারা ১৭১] অপরাধসমূহের জরিমানা বা দণ্ড — পণ্য বা সেবা সরবরাহ করিতে ব্যর্থ হন।সংশ্লিষ্ট ব্যক্তির বিরুদ্ধে অন্যূন ২৫ (পঁচিশ) হাজার টাকা কিন্তু অনধিক ৫০ (
6. <other_1138_s30> [গ্রামীণ ব্যাংক আইন, ২০১৩, ধারা ৩০] দণ্ড, ইত্যাদি — (১) যদি কোন ব্যক্তি এই আইনের অধীন প্রার্থিত বা মঞ্জুরীকৃত কোন ঋণ বা সুবিধার জন্য ব্যাংককে প্রদত্ত কোন মালিকানা
7. <other_1132_s4> [পিতা-মাতার ভরণ-পোষণ আইন, ২০১৩, ধারা ৪] পিতা-মাতার অবর্তমানে দাদা-দাদী, নানা-নানীর ভরণ-পোষণ — প্রত্যেক সন্তান তাহার—(ক) পিতার অবর্তমানে দাদা-দাদীকে; এবং(খ) মাতার অবর্তমানে নানা-নানীকে—ধারা ৩ এ বর্ণিত ভরণ-
8. <other_1684_s12> [মানব পাচার ও অভিবাসী চোরাচালান প্রতিরোধ ও দম, ধারা ১২] পতিতালয় পরিচালনা করিবার বা কোনো স্থানকে পতিতালয় হিসাবে ব্যবহারের অনুমতি প্রদানের অপরাধ ও উহার দণ্ড — (১) যদি কোনো ব্যক্তি পতিতালয় স্থাপন বা পরিচালনা করেন অথবা উহা স্থাপন বা পরিচালনা করিতে অনুমতি প্রদান করেন কিং
9. <other_1195_s29> [চা আইন, ২০১৬, ধারা ২৯] দণ্ড — যদি কোন ব্যক্তি-(ক) ধারা ১৬ ও ২১ ব্যতীত এই আইনের কোন বিধান লঙ্ঘন করেন, বা(খ) এই আইনের অধীন জারীকৃত কোন আদেশ বা
10. <other_1478_s55_p2> [ফাইন্যান্স কোম্পানি আইন, ২০২৩, ধারা ৫৫] জরিমানা — এর কোনো কিছু গোপন বা নষ্ট করেন; বা(গ) যাহা তলবকৃত বা দাখিলকৃত উহাতে ইচ্ছাকৃতভাবে মিথ্যা তথ্য প্রদান করেন বা কো","other_48_s53A, other_36_s12_p0",own_search,answered,2,Sorup
prot_0106_02,Sarwad,VERIFY,"ওই আইনজীবী আমার মায়ের কাছ থেকে কিংবা হাউস বিল্ডিং কর্তৃপক্ষের কাছ থেকে কোনো প্রকার দলিল বা কাগজ বুঝে নেননি। কিন্তু সেই জমিতে তিনি বসবাস করছেন। উল্লেখ্য, সেই চার শতাংশ জমির সঙ্গে এখনো আট শতাংশ জমি আমাদের নামে। যেখানে আমরা বাস করছি। এ অবস্থায় আমরা কি হাউস বিল্ডিংয়ের ঋণের টাকা এবং ওই লোকের বায়নার টাকা পরিশোধ করে সেই জায়গা ফেরত পেতে পারি?","1. <other_1429_s125> [আয়কর আইন, ২০২৩, ধারা ১২৫] সম্পত্তি হস্তান্তর, ইত্যাদি হইতে কর সংগ্রহ — 140[(১)Registration Act, 1908(Act No. XVI of 1908) এর section 17 এর sub-section (1) এর clauses (b), (c) বা (e)
2. <other_813_s6> [বাংলাদেশ কমার্স এন্ড ইনভেষ্টমেন্ট লিমিটেড (প, ধারা ৬] মূলধন বা শেয়ার মূল্য পরিশোধের পদ্ধতি — (১) “ক” শ্রেণীর শেয়ারহোল্ডার নগদ অর্থ প্রদানের মাধ্যমে শেয়ার মূল্য পরিশোধ করিবেন এবং উক্ত শ্রেণীর শেয়ারহোল্
3. <other_726_s64> [বান্দরবান পার্বত্য জেলা পরিষদ আইন, ১৯৮৯, ধারা ৬৪] (১) আপাততঃ বলবত্ অন্য কোন আইনে যাহা কিছুই থাকুক না কেন-(ক) বান্দরবন পার্বত্য জেলার এলাকাধীন বন্দোবস্তযোগ্য খাস
4. <other_1478_s55_p1> [ফাইন্যান্স কোম্পানি আইন, ২০২৩, ধারা ৫৫] জরিমানা — বাংলাদেশ ব্যাংক অন্যূন ৫ (পাঁচ) লক্ষ টাকা এবং অনধিক ২৫ (পঁচিশ) লক্ষ টাকা জরিমানা আরোপ করিতে পারিবে।(৫) কোনো ফা
5. <other_722_s15> [পার্বত্য জেলাসমূহ (আইন রহিত ও প্রয়োগ এবং বিশ, ধারা ১৫] বসতবাড়ীর জন্য গ্রামীণ জমি দখল — (১) কোন পাহাড়ী ব্যক্তি পৌর এলাকা-বহির্ভূত অনধিক ত্রিশ শতাংশ পর্যন্ত খাস জমি তাহার নিজ বসতবাড়ীর জন্য হেডম্যান
6. <other_1476_s171_p14> [কাস্টমস আইন, ২০২৩, ধারা ১৭১] অপরাধসমূহের জরিমানা বা দণ্ড — যে কোনো একটি করিতে সহায়তা বা সহযোগিতা করেন অথবা সহায়তা বা সহযোগিতা করিবার চেষ্টা করেন;৩৪।১৯৩যদি ধারা ১৯৩ এর 
7. <other_1412_s6_p0> [বেসরকারি মেডিকেল কলেজ ও ডেন্টাল কলেজ আইন, ২০, ধারা ৬] বেসরকারি মেডিকেল কলেজ বা ডেন্টাল কলেজ স্থাপনের শর্তাবলি — এই আইনের অধীন বেসরকারি মেডিকেল কলেজ বা ডেন্টাল কলেজ স্থাপনের লক্ষ্যে নিম্নবর্ণিত শর্তাবলি পূরণ করিতে হইবে, যথা
8. <other_1429_s55_p2> [আয়কর আইন, ২০২৩, ধারা ৫৫] কতিপয় ক্ষেত্রে বিয়োজন অনুমোদনযোগ্য না হওয়া — এইরূপ ক্ষেত্রে ০.২৫% (শূন্য দশমিক দুই পাঁচ শতাংশ) হারে;(ই) অন্যান্য শিল্পের ক্ষেত্রে-(১) ব্যবসায়িক টার্নওভারে
9. <other_1429_s133> [আয়কর আইন, ২০২৩, ধারা ১৩৩] প্রকাশ্য নিলামের বিক্রি হইতে কর সংগ্র — (১) কোনো ব্যক্তি কোনো নির্দিষ্ট মালিকের কোনো পণ্য বা সম্পত্তি সীলমোহরযুক্ত দরপত্রের মাধ্যমে প্রকাশ্য নিলামে বি
10. <other_721_s7> [বাংলাদেশ ঋণ সালিসি আইন, ১৯৮৯, ধারা ৭] কতিপয় বিক্রয় বাতিল — (১) এই আইন বলবত্ হইবার পর অনধিক দুই একর কৃষি জমির মালিক কোন কৃষক প্রাকৃতিক দুর্যোগে তগতিগ্রস্ত হওয়ার বা জীবন ",none,none,not_found,1,Sorup
prot_0115_03,Sarwad,VERIFY,"আমার বয়স ২৬। বিয়ে হয়েছে প্রায় তিন বছর। ভালোবেসে নিজের পছন্দে বিয়ে করি। আমার স্বামী আমার চেয়ে প্রায় ছয় বছরের বড়। তাঁকে বিয়ে করার পর থেকে তিনি আমার মা-বাবার সঙ্গে যোগাযোগ করতে বাধা দিয়েছেন। আমি তাঁর কোনো কথার অবাধ্য হলে প্রায়ই আমাকে গালাগাল করেন এবং আমার গায়ে হাত তোলেন। আমি ইতিমধ্যে দুবার গর্ভবতী হলে তিনি আমাকে এমআর করে বাচ্চা নষ্ট করতে বাধ্য করেন। এতে আমার প্রজনন স্বাস্থ্যের ক্ষতি হচ্ছে। মাঝেমধ্যে আমার ইচ্ছা না থাকলেও আমাকে শারীরিক মেলামেশায় বাধ্য করেন। তাঁর এত সব নির্যাতন সত্ত্বেও আমি সব মেনে নিয়ে তাঁর সংসার করছি। কিন্তু আমি আর এ নির্যাতন সহ্য করতে পারছি না। আমি আমার স্বামীকে প্রচণ্ড ভালোবাসি, তাঁকে ত্যাগ করতে চাচ্ছি না। এমতাবস্থায় এসব নির্যাতন থেকে রেহাই পেতে আমার স্বামীর বিরুদ্ধে আমি কি কোনো আইনি ব্যবস্থা নিতে পারি?","1. <women_children_1063_s3> [পারিবারিক সহিংসতা (প্রতিরোধ ও সুরক্ষা) আইন, , ধারা ৩] পারিবারিক সহিংসতা — - এই আইনের উদ্দেশ্য পূরণকল্পে পারিবারিক সহিংসতা বলিতে পারিবারিক সম্পর্ক রহিয়াছে এমন কোন ব্যক্তি কতৃর্ক পরিবার
2. <other_1181_s26> [বাংলাদেশ কোস্ট গার্ড আইন, ২০১৬, ধারা ২৬] শত্রু সম্পর্কিত গুরুতর অপরাধ — এই আইনের বিধানাবলী সাপেক্ষে, অধিভুক্ত কোন ব্যক্তি যদি -(ক) কোন জাহাজ, ঘাঁটি, স্থান অথবা প্রহরাস্থল শত্রুর নিকট
3. <other_1133_s13> [নির্যাতন এবং হেফাজতে মৃত্যু (নিবারণ) আইন, ২০, ধারা ১৩] অপরাধসমূহ — (১) কোনো ব্যক্তি অপর কোনো ব্যক্তিকে নির্যাতন করিলে তাহা ঐ ব্যক্তির কৃত একটি অপরাধ হিসাবে গণ্য হইবে।(২) কোনো ব্
4. <other_1067_s25> [বর্ডার গার্ড বাংলাদেশ আইন, ২০১০, ধারা ২৫] শত্রু সম্পর্কিত গুরূতর অপরাধ — অধিভুক্ত কোন ব্যক্তি যদি-(ক) কোন চৌকি, স্থান অথবা প্রহরাস্থল শত্রুর নিকট পরিত্যাগ বা অর্পণ করেন বা উক্ত কার্য 
5. <other_1429_s262> [আয়কর আইন, ২০২৩, ধারা ২৬২] করদাতার নিবন্ধন বাতিল — (১) একজন ব্যক্তি নিবন্ধন বাতিলের আবেদন করিবেন, যদি উক্ত ব্যক্তি-(ক) ধারা ২৬৪ এর অধীন রিটার্ন দাখিলের প্রমাণ উপ
6. <other_1133_s2> [নির্যাতন এবং হেফাজতে মৃত্যু (নিবারণ) আইন, ২০, ধারা ২] সংজ্ঞা — বিষয় বা প্রসঙ্গের পরিপন্থী কোন কিছু না থাকিলে, এই আইনে—(১) ‘অভিযোগকারী’ অর্থ এই আইনের অধীনে কোন অভিযোগ উত্থাপ
7. <women_children_883_s6> [এসিড অপরাধ দমন আইন, ২০০২, ধারা ৬] এসিড নিক্ষেপ করা বা নিক্ষেপের চেষ্টা করার শাস্তি — যদি কোন ব্যক্তি অন্য কোন ব্যক্তির উপর এসিড নিক্ষেপ করেন বা করিবার চেষ্ট করেন, তাহা হইলে তাহার উক্তরূপ কার্যের 
8. <other_1124_s7> [মাতৃদুগ্ধ বিকল্প, শিশু খাদ্য, বাণিজ্যিকভাবে , ধারা ৭] শিক্ষামূলক বা অন্যান্য তথ্যাদি — জন্ম-পূর্ববর্তী বা জন্ম-পরবর্তী সেবা দানের উদ্দেশ্যে কোন গর্ভবতী মহিলা বা মাতৃদুগ্ধদানকারী বা শিশুর মায়েদের স
9. <other_812_s87> [দেউলিয়া বিষয়ক আইন, ১৯৯৭, ধারা ৮৭] দেনাদারের বাংলাদেশ ত্যাগ — যদি কোন দেনাদার- (ক) আর্জি দাখিল হওয়ার পরবর্তী কোন সময়ে, আদালতের অনুমতি ব্যতীত, বাংলাদেশ ত্যাগ করেন; অথবা (খ
10. <women_children_1119_s16> [শিশু আইন, ২০১৩, ধারা ১৬] (১) আইনের সহিত সংঘাত জড়িত শিশু কর্তৃক সংঘটিত যে কোনো অপরাধের বিচার করিবার জন্য, প্রত্যেক জেলা সদরে শিশু-আদালত","women_children_1063_s11, women_children_1063_s14",own_search,answered,2,Sorup
prot_0048_02,Sarwad,VERIFY,আমার দুটি ছেলে আছে। তাদের বয়স সাত ও ১৩। আমার স্বামী দুই বছর আগে আরেকটি বিয়ে করেছে। তার পর থেকে আমি তার সঙ্গে থাকি না। যদিও তার সঙ্গে আমার তালাক হয়নি। এখন আমি তাকে তালাক দিয়ে নতুন জীবন শুরু করতে চাই। সে ক্ষেত্রে সন্তানদের কি আমার কাছে রাখতে পারব? দুই বছর ধরে ওরা আমার কাছেই থাকে। ওরা ওদের বাবার কাছে থাকতে চায় না।নাম প্রকাশে অনিচ্ছুক,"1. <other_1403_s40> [মোংলা বন্দর কর্তৃপক্ষ আইন, ২০২২, ধারা ৪০] দণ্ড — কোনো ব্যক্তি যদি এই আইন ও বিধির কোনো বিধান লঙ্ঘন করেন তাহা হইলে উক্ত লঙ্ঘন হইবে একটি অপরাধ এবং তজ্জন্য তিনি অন
2. <other_1025_s8> [মোবাইল কোর্ট আইন, ২০০৯, ধারা ৮] দণ্ড আরোপের সীমাবদ্ধতা — (১) এই আইনের অধীন মোবাইল কোর্ট পরিচালনা করিয়া দণ্ড আরোপ করিবার ক্ষেত্রে, সংশ্লিষ্ট অপরাধের জন্য সংশ্লিষ্ট আইন
3. <other_1487_s10> [অফশোর ব্যাংকিং আইন, ২০২৪, ধারা ১০] অফশোর ব্যাংকিং কার্যক্রম পরিচালনার জন্য প্রদত্ত লাইসেন্স ধারা ৯ এর অধীন বাতিল বা সমর্পণ কার্যকর হইবার ২ (দুই) 
4. <other_1045_s16> [চার্টার্ড সেক্রেটারীজ আইন, ২০১০, ধারা ১৬] সদস্য হইবার ক্ষেত্রে অযোগ্যতা — ধারা ১৫ তে যাহা কিছুই থাকুক না কেন, কোন ব্যক্তি সদস্য হইবার যোগ্য হইবেন না, যদি-(ক) তিনি কোন স্বীকৃত বিশ্ববিদ্
5. <labour_1285_s24> [বাংলাদেশ ইপিজেড শ্রম আইন, ২০১৯, ধারা ২৪] চাকরি হইতে অবসর গ্রহণ — (১) এই অধ্যায়ের অন্যত্র যাহা কিছুই উল্লে­খ থাকুক না কেন, কোনো প্রতিষ্ঠানে নিয়োজিত কোনো শ্রমিকের বয়স ৬০ (ষাট
6. <other_935_s15> [বেসরকারী নিরাপত্তা সেবা আইন, ২০০৬, ধারা ১৫] লাইসেন্সের মেয়াদ, নবায়ন, স্থগিতকরণ ও বাতিল — (১) বেসরকারী নিরাপত্তা সেবা প্রতিষ্ঠান স্থাপন ও পরিচালনার জন্য প্রদত্ত লাইসেন্সের মেয়াদ হইবে লাইসেন্স ইস্যুর 
7. <labour_952_s95> [বাংলাদেশ শ্রম আইন, ২০০৬, ধারা ৯৫] চা-বাগানে বিনোদন ও শিক্ষার সুবিধা — সরকার চা বাগান সম্পর্কে-(ক) বিধি প্রণয়ন করিয়া উহার প্রত্যেক মালিককে সেখানে নিযুক্ত শ্রমিকগণ এবং তাহাদের শিশু
8. <other_1717_s18ক_p2> [ব্যাংক রেজল্যুশন আইন, ২০২৬, ধারা ১৮ক] রেজল্যুশন কার্যক্রম হইতে শেয়ার, সম্পদ-দায়, পুনঃধারণ বা ধারণ — কার্যক্রম তদারকি করিবে এবং দুই বছর পর একটি বিশেষ কমিটি গঠনপূর্বক উল্লিখিত শর্ত এবং আইনী অন্যান্য বাধ্যবাধকতা প
9. <other_775_s26> [বাংলাদেশ সিকিউরিটিজ অ্যান্ড এক্সচেঞ্জ কমিশন , ধারা ২৬] জটিলতার নিরসনের ক্ষমতা — (১) এই আইনের বিধানাবলী কার্যকর করার ক্ষেত্রে কোন অসুবিধা দেখা দিলে সরকার উক্ত অসুবিধা দূরীকরণার্থে, আদেশ দ্বার
10. <other_813_s20> [বাংলাদেশ কমার্স এন্ড ইনভেষ্টমেন্ট লিমিটেড (প, ধারা ২০] জটিলতা নিরসনের ক্ষমতা — (১) এই আইনের বিধানাবলী কার্যকর করার ক্ষেত্রে কোন অসুবিধা দেখা দিলে সরকার উক্ত অসুবিধা দূরীকরণার্থে, আদেশ দ্বার","family_64_s17, family_180_s2_p0",own_search,answered,2,Sorup
prot_0121_03,Sarwad,VERIFY,"আপনি যদি মনে করেন যে আপনার স্পষ্টত মৌলিক অধিকার লঙ্ঘিত হচ্ছে, তাহলে হাইকোর্টে রিট দায়ের করতে পারেন।জমির অংশ কীভাবে পাববাবা আমাদের তিন ভাইকে দানপত্রের মাধ্যমে সম্পত্তি লিখে দেন। আমি আমার অংশের নাম খারিজ করিয়েছি। কিন্তু আমার ভাইয়েরা আমাকে না জানিয়ে বণ্টননামা দলিল করে এবং আমার প্রাপ্য অংশ থেকে বঞ্চিত করে। আমি এখন কী করতে পারি?","1. <other_812_s78> [দেউলিয়া বিষয়ক আইন, ১৯৯৭, ধারা ৭৮] বণ্টনযোগ্য অংশ ঘোষণার পূর্বে পাওনা প্রদান করেন নাই এইরূপ পাওনাদারের অধিকার — বণ্টনযোগ্য অংশ ঘোষিত হওয়ার পূর্বে কোন পাওনাদার তাহার পাওনা প্রমাণ না করিয়া থাকিলে আপাততঃ রিসিভারের হাতে যে অ
2. <land_1449_s6> [ভূমি উন্নয়ন কর আইন, ২০২৩, ধারা ৬] অবিভক্ত দাগ, খতিয়ান, ইত্যাদি — (১) উত্তরাধিকার বা অন্য যেকোনো মাধ্যমে হস্তান্তরের ক্ষেত্রে একটি দাগ বিভিন্ন ভাগ বা খন্ডে বিভক্ত হইলে এবং এইরূ
3. <other_812_s91> [দেউলিয়া বিষয়ক আইন, ১৯৯৭, ধারা ৯১] পাওনাদার ইত্যাদির অপরাধ — (১) এই ধারার অধীন কোন কার্যধারায়, কোন পাওনাদার যদি এমন কোন দাবী উত্থাপন, ঘোষণা বা হিসাব প্রদান করেন যাহার গুর
4. <other_1246_s190> [ক্যান্টনমেন্ট আইন, ২০১৮, ধারা ১৯০] মালিকের ব্যর্থতায় দখলদার কর্তৃক পরিশোধের দায় — (১) যদি ধারা ১৮৯ তে উল্লিখিত কোনো নোটিশ এমন কোনো সম্পত্তি বিষয়ে কোনো ব্যক্তির নিকট প্রেরণ করা হয় যে সম্পত্তি
5. <criminal_procedure_765_s23> [রাজশাহী মহানগরী পুলিশ আইন, ১৯৯২, ধারা ২৩] বেওয়ারিশ সম্পত্তির দায়িত্ব গ্রহণ ও বিলিবন্টন — (১) নিম্নবর্ণিত জিনিসের সাময়িকভাবে দায়িত্ব গ্রহণ করা পুলিশ কর্মকর্তার কর্তব্য হইবে, যথা:-(ক) তাঁহার নজরে আসি
6. <other_788_s335_p1> [কোম্পানী আইন, ১৯৯৪, ধারা ৩৩৫] দণ্ড — বার মাসের মধ্যে অথবা পরবর্তী যে কোন সময়ে একশত বা ততোধিক টাকা মূল্যের কোম্পানীর সম্পত্তির কোন অংশ প্রতারণামূলক
7. <other_722_s9> [পার্বত্য জেলাসমূহ (আইন রহিত ও প্রয়োগ এবং বিশ, ধারা ৯] ঝুম কর আদায় ইত্যাদি — (১) প্রত্যেক বত্সর শেষ হইবার পূর্বে ঝুম কর হেডম্যানের নিকট প্রদান করিতে হইবে এবং অনুরূপভাবে ঝুম কর প্রদান করা 
8. <other_812_s9> [দেউলিয়া বিষয়ক আইন, ১৯৯৭, ধারা ৯] দেউলিয়া কর্ম — (১) কোন দেনাদারের নিম্্নবর্ণিত যেকোন একটি কাজই হইবে দেউলিয়া কর্ম, যথা :- (ক) যদি তিনি বাংলাদেশ বা অন্যত্র তাহ
9. <other_788_s376> [কোম্পানী আইন, ১৯৯৪, ধারা ৩৭৬] কতিপয় ক্ষেত্রে সম্পত্তির ব্যাপারে আদালত কর্তৃক নির্দেশদান — কোন অনিবন্ধিকৃত কোম্পানী উহার সাধারণ নামে মামলা করার বা মামলায় প্রতিদ্বন্দ্বিতা করার অধিকারী না হইলে, অথবা অন
10. <criminal_procedure_1013_s23> [বরিশাল মহানগরী পুলিশ আইন, ২০০৯, ধারা ২৩] বেওয়ারিশ সম্পত্তির দায়িত্ব গ্রহণ ও বিলিবন্টন — (১) নিম্নবর্ণিত জিনিসের সাময়িকভাবে দায়িত্ব গ্রহণ করা পুলিশ কর্মকর্তার কর্তব্য হইবে, যথাঃ-(ক) তাহার নজরে আসিয","other_36_s39, other_36_s42_p0",own_search,answered,2,Sorup
prot_0026_05,Sarwad,VERIFY,"আমার বয়স ২৮। গত ১ ফেব্রুয়ারি আমার বিয়ে হয় একজন সরকারি কর্মকর্তার সঙ্গে। বিয়ের ১০ দিনের মাথায় সে আমার কাছে মোটা অঙ্কের যৌতুক দাবি করে। আমি যৌতুক দিতে রাজি না হওয়ায় কিছুদিন পর সে আমাকে তালাকের নোটিশ পাঠায়। আমি যাতে মামলা না করি, সে জন্য প্রথমে আমার পরিবারকে সে বলে তার ভুল হয়েছে, আমাকে সে নিতে চায়। এভাবে তিন মাস পার হওয়ার পর সে আমাকে ও আমার পরিবারকে বিভিন্নভাবে হুমকি দেয় এবং আমার সম্পর্কে অশালীন কথা বলে। একইভাবে সে আমাকে দেনমোহরের টাকা থেকে বঞ্চিত করছে। আমি মামলা করতে চাইলেও আমার পরিবার রাজি হচ্ছে না। আর আমার একার পক্ষে বেসরকারিভাবে মামলা চালানোর টাকাও নেই। আমি কী করতে পরি? আমি আমার দেনমোহরের টাকা নিতে চাই। আর আমি কোথায় গেলে এই সুবিধা পাব জানাবেন? নাম প্রকাশে অনিচ্ছুক ঢাকা","1. <other_841_s76> [জেলা পরিষদ আইন, ২০০০, ধারা ৭৬] পরিষদের পক্ষে ও বিরুদ্ধে মামলা — (১) পরিষদের বিরুদ্ধে বা পরিষদ সংক্রান্ত কোন কাজের জন্য উহার কোন সদস্য বা কর্মকর্তা বা কর্মচারীর বিরুদ্ধে কোন ম
2. <other_725_s71> [খাগড়াছড়ি পার্বত্য জেলা পরিষদ আইন, ১৯৮৯, ধারা ৭১] পরিষদের পক্ষে ও বিপক্ষে মামলা — (১) পরিষদের বিরুদ্ধে বা পরিষদ সংক্রান্ত কোন কাজের জন্য উহার কোন সদস্য বা কর্মকর্তা বা কর্মচারীর বিরুদ্ধে কোন ম
3. <other_726_s71> [বান্দরবান পার্বত্য জেলা পরিষদ আইন, ১৯৮৯, ধারা ৭১] পরিষদের পক্ষে ও বিপক্ষে মামলা — (১) পরিষদের বিরুদ্ধে বা পরিষদ সংক্রান্ত কোন কাজের জন্য উহার কোন সদস্য বা কর্মকর্তা বা কর্মচারীর বিরুদ্ধে কোন ম
4. <other_724_s71> [রাংগামাটি পার্বত্য জেলা পরিষদ আইন, ১৯৮৯, ধারা ৭১] পরিষদের পক্ষে ও বিপক্ষে মামলা — (১) পরিষদের বিরুদ্ধে বা পরিষদ সংক্রান্ত কোন কাজের জন্য উহার কোন সদস্য বা কর্মকর্তা বা কর্মচারীর বিরুদ্ধে কোন ম
5. <local_government_827_s66> [উপজেলা পরিষদ আইন, ১৯৯৮, ধারা ৬৬] পরিষদের পক্ষে ও বিপক্ষে মামলা — (১) পরিষদের বিরুদ্ধে বা পরিষদ সংক্রান্ত কোন কাজের সূত্রে উহার কোন সদস্য বা কর্মকর্তা বা কর্মচারীর বিরুদ্ধে মাম
6. <women_children_1256_s3> [যৌতুক নিরোধ আইন, ২০১৮, ধারা ৩] যৌতুক দাবি করিবার দণ্ড — যদি বিবাহের কোনো এক পক্ষ, প্রত্যক্ষ বা পরোক্ষভাবে, বিবাহের অন্য কোনো পক্ষের নিকট কোনো যৌতুক দাবি করেন, তাহা হই
7. <other_788_s372_p1> [কোম্পানী আইন, ১৯৯৪, ধারা ৩৭২] অনিবন্ধিকৃত কোম্পানীর অবলুপ্তি — হয়; অথবা(আ) কোম্পানীর নিকট হইতে বা উহার সদস্য হিসাবে কোন ব্যক্তির নিকট হইতে প্রাপ্য বা প্রাপ্য বলিয়া কথিত কো
8. <other_1135_s53> [পায়রা বন্দর কর্তৃপক্ষ আইন, ২০১৩, ধারা ৫৩] মামলা দায়েরের সীমাবদ্ধতা — (১) কর্তৃপক্ষের বিরুদ্ধে মামলা দায়েরে ইচ্ছুক ব্যক্তির নাম ঠিকানাসহ মামলা দায়েরের কারণ সংবলিত লিখিত নোটিশ কর্
9. <other_1403_s56> [মোংলা বন্দর কর্তৃপক্ষ আইন, ২০২২, ধারা ৫৬] মামলা দায়েরের সীমাবদ্ধতা — (১) কর্তৃপক্ষের বিরুদ্ধে মামলা দায়েরে ইচ্ছুক ব্যক্তি, তাহার নাম ঠিকানাসহ মামলা দায়েরের কারণ সংবলিত লিখিত নোট
10. <consumer_1010_s86> [ট্রেডমার্ক আইন, ২০০৯, ধারা ৮৬] মামলা দায়েরের সময়সীমা — এই আইনের অধীন কোন অপরাধের জন্য মামলা দায়ের করা যাইবে না, যদি না অপরাধ সংঘটিত হইবার অনধিক ৩ (তিন) বৎসরের মধ্যে","family_1444_s5, other_834_s16",own_search,answered,2,Sorup
ajke_0203_01,Sarwad,VERIFY,"গত বছর তিনি সেখানে স্ট্রোক করে মারা যান। তাঁর মৃত্যুর পর সন্তানকে নিয়ে ভাইয়ের বাসায় থাকি। কারণ, স্বামীর মৃত্যুর পর শ্বশুরবাড়ির লোকজন আমার সঙ্গে যোগাযোগ রাখেননি। এমনকি আমাদের খোঁজখবরও নেননি। জানার বিষয় হলো, স্বামী মারা যাওয়ার পর স্ত্রী আর সন্তানের সম্পত্তির অধিকার কতটুকু?","1. <labour_1285_s33> [বাংলাদেশ ইপিজেড শ্রম আইন, ২০১৯, ধারা ৩৩] মহিলা শ্রমিকের মৃত্যুর ক্ষেত্রে প্রসূতি কল্যাণ সুবিধা প্রদান — (১) এই অধ্যায়ের অধীন প্রসূতি কল্যাণ সুবিধা পাইবার অধিকারী কোনো মহিলা শ্রমিক সন্তান প্রসবকালে অথবা উহার পরবর্ত
2. <labour_952_s49> [বাংলাদেশ শ্রম আইন, ২০০৬, ধারা ৪৯] 1 [***] মৃত্যুর ক্ষেত্রে প্রসূতি কল্যাণ সুবিধা প্রদান — (১) এই অধ্যায়ের অধীন প্রসূতি কল্যাণ সুবিধা পাওয়ার অধিকারী কোন মহিলা সন্ত্মান প্রসবকালে অথবা উহার পরবর্তী আট 
3. <land_1455_s10> [ভূমি সংস্কার আইন, ২০২৩, ধারা ১০] বর্গাদারের মৃত্যুর পর বর্গাভূমির চাষ — (১) কোনো বর্গাদার বর্গাচুক্তির মেয়াদ শেষ হইবার পূর্বে মারা গেলে, উহার মেয়াদ শেষ না হওয়া পর্যন্ত অথবা এই আইন
4. <other_1266_s2_p2> [বাংলাদেশ মুক্তিযোদ্ধা কল্যাণ ট্রাস্ট আইন, ২০, ধারা ২] সংজ্ঞা — জামায়াতে ইসলামী এবং তাহাদের সহযোগী রাজাকার, আলবদর, আলশামস বাহিনীর বিরুদ্ধে গণপ্রজাতন্ত্রী বাংলাদেশের স্বাধীনত
5. <other_1429_s31> [আয়কর আইন, ২০২৩, ধারা ৩১] আয় একীভূতকরণ — (১) এই আইনে ভিন্নরূপ কিছু না থাকিলে, নিম্নবর্ণিত আয়সমূহ কোনো ব্যক্তির মোট আয়ের অন্তর্ভুক্ত হইবে, যথা:-(ক) উক
6. <labour_1285_s80> [বাংলাদেশ ইপিজেড শ্রম আইন, ২০১৯, ধারা ৮০] মারাত্মক দুর্ঘটনা সম্পর্কে মালিকের নিকট হইতে বিবৃতি তলবের ক্ষমতা — (১) যেক্ষেত্রে কোনো ইপিজেড শ্রম আদালত কোনো সূত্র হইতে এই খবর পায় যে, কোনো শ্রমিক তাহার চাকরি চলাকালে উহা হইতে
7. <other_1156_s25> [মেট্রোরেল আইন, ২০১৫, ধারা ২৫] ক্ষতিপূরণ প্রদান — মেট্রোরেল পরিচালনাকালে উহা হইতে উদ্ভূত দুর্ঘটনার ফলে যদি কোন ব্যক্তি আঘাতপ্রাপ্ত বা ক্ষতিগ্রস্ত হন বা আঘাতপ্রা
8. <other_1201_s27> [বাস র‍্যাপিড ট্রানজিট (বিআরটি) আইন, ২০১৬, ধারা ২৭] ক্ষতিপূরণ প্রদান — বিআরটি পরিচালনাকালে উহা হইতে উদ্ভূত দুর্ঘটনার ফলে যদি কোনো ব্যক্তি আঘাতপ্রাপ্ত বা ক্ষতিগ্রস্ত হন বা আঘাতপ্রাপ্
9. <labour_952_s157> [বাংলাদেশ শ্রম আইন, ২০০৬, ধারা ১৫৭] নোটিশ ও দাবী — (১) কোন শ্রম আদালত ৰতিপূরণের কোন দাবী বিবেচনায় আনিবে না যদি না দুর্ঘটনা ঘটিবার পর যতশীঘ্র সম্ভব এতদ্নিম্নে বর
10. <women_children_835_s13> [নারী ও শিশু নির্যাতন দমন আইন, ২০০০, ধারা ১৩] (১) অন্য কোন আইনে ভিন্নতর যাহা কিছুই থাকুক না কেন, ধর্ষণের কারণে কোন সন্তান জন্মলাভ করিলে-(ক) উক্ত সন্তানকে তা",other_173_s2,own_search,answered,1,Sorup
prot_0084_07,Sarwad,VERIFY,"আমি এক ব্যক্তিকে হ্যান্ডনোটের মাধ্যমে আট লাখ টাকা ধার দিয়েছিলাম। তিনি ওই টাকা ফেরত না দেওয়ার কারণে আমি তাঁর নামে ৪০৬ ও ৪২০ ধারায় মামলা করি। মামলা শুনানি পর্যায়ে পৌঁছালে তিনি তাঁর উকিলের মাধ্যমে ১৫০ টাকার ননজুডিশিয়াল স্ট্যাম্পে আমার সঙ্গে একটা আপসরফা (কপি সংযুক্ত) সম্পাদন করেন, যাতে তাঁকে কিছু টাকা ছাড় দিয়ে কয়েক কিস্তিতে টাকা প্রদানের সুযোগ দেওয়া হয়। ওই আপসরফা দলিলে তাঁর উকিল দুই নম্বর সাক্ষী থাকেন, যা নোটারি করানো হয়। এরপর আপসরফার ভিত্তিতে আমাকে প্রথম কিস্তির টাকা দিলে মামলাটি তুলে নিই। কিন্তু পরবর্তী সময় তিনি আর কোনো টাকা না দেওয়ায় আমি তাঁর বিরুদ্ধে জজ কোর্টে অর্থ আদায়ের মামলা করি। উল্লেখ্য, আমার বিবাদীর উকিল যিনি ওই আপসরফার দুই নম্বর সাক্ষী ছিলেন, তিনি জজ কোর্টে বিবাদীর পক্ষে ওই মামলা পরিচালনা করছেন এবং আমার উকিলের আরজির জবাবে তিনি ওই আপসরফা দলিলে তাঁর মক্কেলের সইয়ের বিষয়টি সম্পূর্ণ অস্বীকার করেছেন। আমার প্রশ্ন, যেহেতু তিনি ওই আপসরফা দলিলের একজন সাক্ষী, সেহেতু তিনি নিজে এ মামলা পরিচালনা করতে পারেন কিনা এবং এটা তাঁর পেশাগত অসদাচরণের মধ্যে পড়ে কিনা? যদি উত্তর ইতিবাচক হয়, তবে এ বিষয়ে তাঁর বিরুদ্ধে আমি কোনো আইনি ব্যবস্থা নিতে পারি কিনা?খোন্দকার আসাদুজ্জামানখুলনা","1. <other_1091_s13> [পর্নোগ্রাফি নিয়ন্ত্রণ আইন, ২০১২, ধারা ১৩] মিথ্যা মামলা, অভিযোগ দায়ের ইত্যাদির দণ্ড — (১) এই আইনের অধীন ক্ষমতাপ্রাপ্ত কোন ব্যক্তি, কর্মকর্তা বা কর্তৃপক্ষ কোন ব্যক্তির ক্ষতিসাধনের অভিপ্রায়ে এই আইন
2. <other_1158_s26> [ফরমালিন নিয়ন্ত্রণ আইন, ২০১৫, ধারা ২৬] মিথ্যা বা হয়রানিমূলক মামলা দায়েরের দণ্ড — যদি কোন ব্যক্তি অপর কোন ব্যক্তির বিরুদ্ধে এই আইনের অধীন কোন অপরাধের বিষয়ে কোন মামলা দায়ের করেন এবং যদি তদন্ত
3. <other_1476_s171_p17> [কাস্টমস আইন, ২০২৩, ধারা ১৭১] অপরাধসমূহের জরিমানা বা দণ্ড — কোনো সংকেত বা সংবাদ পূর্বোল্লিখিত সংকেত বা সংবাদ কিনা, তাহা হইলে উহা প্রমাণ করিবার দায় বিবাদীর উপর বর্তাইবে।(
4. <consumer_1010_s107> [ট্রেডমার্ক আইন, ২০০৯, ধারা ১০৭] নিবন্ধক এবং অন্যান্য কর্মকর্তাকে নিবন্ধন বহি পেশ করিতে বাধ্য করা যাইবে না — নিবন্ধক বা ট্রেডমার্ক রেজিস্ট্রির অন্য কোন কর্মকর্তা কোন মামলা বা কার্যধারায় পক্ষ না হইলে, উক্ত মামলা বা কার্
5. <family_938_s9ক> [গ্রাম আদালত আইন, ২০০৬, ধারা ৯ক] (১) যদি কোন ব্যক্তি অন্য কোন ব্যক্তির ক্ষতিসাধনের অভিপ্রায়ে উক্ত ব্যক্তির বিরুদ্ধে এই আইনের অধীন মামলা করিবার
6. <tenancy_748_s23> [বাড়ী ভাড়া নিয়ন্ত্রণ আইন, ১৯৯১, ধারা ২৩] মানসম্মত ভাড়ার অতিরিক্ত ভাড়া আদায়ের দণ্ড — যদি কোন ব্যক্তি জ্ঞাতসারে-(ক) ধারা ৮ বা ধারা ৯ এ বিবৃত কারণ ব্যতিরেকে অন্য কোন কারণে মানসম্মত ভাড়া অপেক্ষা অধ
7. <other_831_s7_p2> [অর্থ আইন, ১৯৯৯, ধারা ৭] ১৯৯১ সনের ২২ নং আইন সংশোধন — কিছুই থাকুক না কেন, প্রতিষ্ঠিত নিবন্ধিত ব্যক্তির তেগত্রে, প্রতিষ্ঠিত নিবন্ধিত ব্যক্তি বিবেচিত হওয়ার বত্সরে এই
8. <other_1192_s31> [বাংলাদেশ সেতু কর্তৃপক্ষ আইন, ২০১৬, ধারা ৩১] শুনানি ব্যতীত মামলা নিস্পত্তির জন্য বিশেষ কার্যধারা — (১) এই আইন অথবা বিধি বা প্রবিধানের অধীন সংঘটিত কোন অপরাধ কোন আদালত কর্তৃক বিচারার্থে গৃহীত হইলে উক্ত আদালত কর্
9. <other_916_s13> [বিরোধ মীমাংসা (পৌর এলাকা) বোর্ড আইন, ২০০৪, ধারা ১৩] বোর্ড কর্তৃক সমন জারীর ক্ষমতা, ইত্যাদি — (১) এই আইনে ভিন্নরূপ কিছু না থাকিলে, ধারা ৪(১) এ বর্ণিত মামলা নিষ্পত্তির উদ্দেশ্যে বোর্ডের কোন কার্যক্রমেEvide
10. <other_896_s10> [দ্রুত বিচার ট্রাইব্যুনাল আইন, ২০০২, ধারা ১০] মামলা নিষ্পত্তির মেয়াদ — (১) দ্রুত বিচার ট্রাইব্যুনালে স্থানান্তরিত কোন মামলা স্থানান্তরের তারিখ হইতে নব্বই কার্য দিবসের মধ্যে নিষ্পত্ত",other_387_s32,own_search,answered,2,Sorup
lawy_0376_01,Sarwad,VERIFY,"নারী ও শিশু নির্যাতনের মামলা কখন, কোথায়, কেন এবং কিভাবে করবেন?","1. <women_children_1119_s16> [শিশু আইন, ২০১৩, ধারা ১৬] (১) আইনের সহিত সংঘাত জড়িত শিশু কর্তৃক সংঘটিত যে কোনো অপরাধের বিচার করিবার জন্য, প্রত্যেক জেলা সদরে শিশু-আদালত
2. <other_1248_s9> [ওয়েজ আর্নার্স কল্যাণ বোর্ড আইন, ২০১৮, ধারা ৯] নারী অভিবাসী কর্মীদের কল্যাণে বিশেষ দায়িত্ব — নারী অভিবাসী কর্মীদের কল্যাণে বোর্ডের বিশেষ দায়িত্ব হইবে নিম্নরূপ, যথা :-(ক) বিদেশে কর্মরত কোনো নারী অভিবাসী 
3. <women_children_835_s34> [নারী ও শিশু নির্যাতন দমন আইন, ২০০০, ধারা ৩৪] ১৯৯৫ সনের ১৮ নং আইনের রহিতকরণ ও হেফাজত — (১) নারী ও শিশু নির্যাতন (বিশেষ বিধান) আইন, ১৯৯৫ (১৯৯৫ সনের ১৮ নং আইন), অতঃপর উক্ত আইন বলিয়া উল্লিখিত, এতদ্বা
4. <women_children_835_s14> [নারী ও শিশু নির্যাতন দমন আইন, ২০০০, ধারা ১৪] সংবাদ মাধ্যমে 1 [নির্যাতনের শিকার] নারী ও শিশুর পরিচয় প্রকাশের ব্যাপারে বাধা-নিষেধ — (১) এই আইনে বর্ণিত অপরাধের শিকার হইয়াছেন এইরূপ নারী বা শিশুর ব্যাপারে সংঘটিত অপরাধ বা তত্সম্পর্কিত আইনগত কার্
5. <women_children_835_s26> [নারী ও শিশু নির্যাতন দমন আইন, ২০০০, ধারা ২৬] নারী ও শিশু নির্যাতন দমন ট্রাইব্যুনাল — (১) এই আইনের অধীন অপরাধ বিচারের জন্য প্রত্যেক জেলা সদরে একটি করিয়া ট্রাইব্যুনাল থাকিবে এবং প্রয়োজনে সরকার উক
6. <women_children_835_s7> [নারী ও শিশু নির্যাতন দমন আইন, ২০০০, ধারা ৭] নারী ও শিশু অপহরণের শাস্তি — যদি কোন ব্যক্তি10[মানব পাচার প্রতিরোধ ও দমন আইন, ২০১২(২০১২ সনের ৩ নং আইন) এর ধারা ৩ ও ৬ এ উল্লিখিত] কোন অপরাধ 
7. <women_children_1119_s23> [শিশু আইন, ২০১৩, ধারা ২৩] শিশু-আদালতের অধিবেশনে উপস্থিতির অনুমতিপ্রাপ্ত ব্যক্তি — এই আইনের বিধান সাপেক্ষে, নিম্নবর্ণিত ব্যক্তিগণ ব্যতীত অন্য কোন ব্যক্তি শিশু-আদালতের অধিবেশনে উপস্থিত থাকিতে পা
8. <other_1153_s6> [উপানুষ্ঠানিক শিক্ষা আইন, ২০১৪, ধারা ৬] উপানুষ্ঠানিক শিক্ষার পরিধি — উপানুষ্ঠানিক শিক্ষার পরিধি হইবে নিম্নরূপ, যথা:-(ক) যে সকল শিশু বিভিন্ন কারণে প্রাথমিক বিদ্যালয়ে আনুষ্ঠানিক শি
9. <women_children_1119_s25> [শিশু আইন, ২০১৩, ধারা ২৫] শিশু ব্যতীত অন্য সকল ব্যক্তিকে শিশু-আদালত হইতে প্রত্যাহার — (১) শিশু-আদালত প্রয়োজন মনে করিলে, কোন মামলা শুনানিকালে, শিশুর সর্বোত্তম স্বার্থে সংশ্লিষ্ট শিশু ব্যতীত ধারা ২
10. <other_1684_s42> [মানব পাচার ও অভিবাসী চোরাচালান প্রতিরোধ ও দম, ধারা ৪২] রুদ্ধদ্বার কক্ষে বিচার — ন্যায় বিচারের স্বার্থে এবং নারী বা শিশু ভিকটিমের সুরক্ষার প্রয়োজনে ট্রাইব্যুনাল, কারণ উল্লেখ করিয়া এই আইনের","women_children_835_s27, women_children_835_s26",own_search,answered,2,Sorup
prot_0105_04,Sarwad,VERIFY,"তৃতীয় প্রশ্ন হচ্ছে, লেখকের প্রথম দিকের কিছু বই গুলতেকিনের নামে করা হলেও পরের সংস্করণে শাওন বা অন্যদের নামে দেওয়া হয়েছে। এ ক্ষেত্রে কে এই স্বত্ব পাবে?","1. <other_922_s28> [জাতীয় সংসদ (সংরক্ষিত মহিলা আসন) নির্বাচন আইন, ধারা ২৮] আসন বণ্টন ও ভোট গণনার পদ্ধতির নমুনা — (১) এই আইন অনুযায়ী রাজনৈতিক দল বা জোটের অনুকূলে আসন বণ্টনের পদ্ধতির নমুনা প্রথম তফসিলে দেওয়া হইয়াছে।(২) এই 
2. <other_770_s3> [বাংলাদেশ উন্মুক্ত বিশ্ববিদ্যালয় আইন, ১৯৯২, ধারা ৩] বিশ্ববিদ্যালয় — (১) এই আইনের বিধান অনুযায়ী বাংলাদেশ উন্মুক্ত বিশ্ববিদ্যালয় নামে একটি বিশ্ববিদ্যালয় স্থাপিত হইবে।(২) বিশ্ববি
3. <other_746_s3> [খুলনা বিশ্ববিদ্যালয় আইন, ১৯৯০, ধারা ৩] বিশ্ববিদ্যালয় — (১) এই আইনের বিধান অনুযায়ী খুলনায় খুলনা বিশ্ববিদ্যালয় নামে একটি বিশ্ববিদ্যালয় স্থাপিত হইবে।(২) বিশ্ববিদ্যা
4. <other_706_s3> [শাহ্‌জালাল বিজ্ঞান ও প্রযুক্তি বিশ্ববিদ্যালয়, ধারা ৩] বিশ্ববিদ্যালয় — (১) এই আইনের বিধান অনুসারে সিলেটে শাহ্জালাল বিজ্ঞান ও প্রযুক্তি বিশ্ববিদ্যালয় নামে একটি বিশ্ববিদ্যালয় স্থাপি
5. <other_609_s3> [ইসলামী বিশ্ববিদ্যালয় আইন, ১৯৮০, ধারা ৩] বিশ্ববিদ্যালয় — (১) এই আইনের বিধান অনুযায়ী7[ ***] একটি বিশ্ববিদ্যালয় স্থাপিত হইবে, যাহা ইসলামী বিশ্ববিদ্যালয় নামে অভিহিত হই
6. <other_1413_s21> [সরকারি ঋণ আইন, ২০২২, ধারা ২১] সরকারি সিকিউরিটি বা জাতীয় সঞ্চয় স্কীমের আওতায় ইস্যুকৃত সার্টিফিকেটের স্বত্ব লইয়া প্রশ্ন উত্থাপিত হইলে উহা নিরসনের সংক্ষিপ্ত প্রক্রিয়া — (১) একাধিক ব্যক্তি বাংলাদেশ ব্যাংক বা, ক্ষেত্রমত, জাতীয় সঞ্চয় অধিদপ্তরের নিকট সরকারি সিকিউরিটি বা জাতীয় সঞ্
7. <other_769_s5> [জাতীয় বিশ্ববিদ্যালয় আইন, ১৯৯২, ধারা ৫] বিশ্ববিদ্যালয় — (১) এই আইনের বিধান অনুযায়ী গাজীপুরে জাতীয় বিশ্ববিদ্যালয় (National University) নামে একটি বিশ্ববিদ্যালয় স্থা
8. <money_recovery_876_s72> [সমবায় সমিতি আইন, ২০০১, ধারা ৭২] ক্রেতার স্বত্ব সম্পর্কে প্রশ্ন উত্থাপন করা যাইবে না — ধারা ৬২ এর অধীনে কোন সম্পত্তি বিক্রয় করা হইলে এবং ধারা ৬৭ (২)(খ) এর অধীনে উক্ত বিক্রয় চূড়ান্ত করা হইলে বন্ধ
9. <other_1483_s5ক> [পরিত্যক্ত বাড়ি (সম্পূরক বিধানাবলি) আইন, ২০২৩, ধারা ৫ক] পরিত্যক্ত সম্পত্তির ‘ক’ বা ‘খ’ তালিকার যে সকল বাড়ি সরকার কর্তৃক বিক্রয়মূল্যে হস্তান্তর করা হইয়াছে বা হইবে স
10. <other_933_s3> [জগন্নাথ বিশ্ববিদ্যালয় আইন, ২০০৫, ধারা ৩] জগন্নাথ বিশ্ববিদ্যালয় স্থাপন — (১) এই আইনের বিধান অনুযায়ী জগন্নাথ সরকারী কলেজকে রূপান্তরপূর্বক উক্ত কলেজ ক্যাম্পাসে জগন্নাথ বিশ্ববিদ্যালয় (","consumer_1452_s16, consumer_1452_s15",own_search,answered,1,Sorup
prot_0058_04,Sarwad,VERIFY,"আমি স্নাতক প্রথম বর্ষে পড়ছি। দশম শ্রেণীতে পড়া অবস্থায় এক ছেলের সঙ্গে আমার সম্পর্ক হয়। মাধ্যমিক পরীক্ষার কিছুদিন আগে আমরা বিয়ে করি এবং এ কথা দুই পরিবারের কাছে গোপন রাখি। বিয়ের পরও ছেলেটির একাধিক মেয়ের সঙ্গে প্রেমের সম্পর্ক ছিল। অবশেষে আমি বাধ্য হয়ে ২০১০ সালের ডিসেম্বর মাসে তাকে তালাকনামা পাঠাই। তালাকনামায় আদালতের কোনো স্বাক্ষর ছিল না কিংবা কোনো নির্দেশনা ছিল না। দুর্ভাগ্যবশত, তালাকনামাটি তার বাসায় পৌঁছালেও ছেলেটি বাসায় না থাকায় তালাকনামাটি কাজি অফিসে ফেরত আসে। ২০১১ সালের আগস্ট মাসে তাকে জোর করে কাজি অফিসে নিয়ে সই করাই। উল্লেখ্য, ১৯৬১ সালের মুসলিম পারিবারিক আইনের ৭(১) ধারামতে, তালাকনামায় শুধু ইউপি-থানা কর্তৃক মুসলিম বিবাহ নিবন্ধকের সিল ছিল।কাজি আমাকে বলেছেন, তালাক হয়ে গেছে। কিন্তু ছেলেটি বলছে, তালাক দেওয়ার তিন মাসের মধ্যে তালাকনামায় স্বাক্ষর না করলে তালাক হয় না। কথাটি কি ঠিক?উত্তরানাম প্রকাশে অনিচ্ছুক","1. <family_1444_s26> [পারিবারিক আদালত আইন, ২০২৩, ধারা ২৬] মুসলিম পারিবারিক আইনের বিধানকে প্রভাবিত না করা — (১) এই আইনের কোনো কিছুই মুসলিম পরিবারিক আইন অথবা তদধীন প্রণীত বিধিমালার কোনো বিধানকে প্রভাবিত করিবে না।(২) যেক
2. <women_children_1256_s2> [যৌতুক নিরোধ আইন, ২০১৮, ধারা ২] সংজ্ঞা — বিষয় বা প্রসঙ্গের পরিপন্থি কোনো কিছু না থাকিলে,-(ক) ‘‘পক্ষ’’ অর্থ এই আইনের উদ্দেশ্য পূরণকল্পে, বিবাহের বর বা 
3. <family_1444_s5> [পারিবারিক আদালত আইন, ২০২৩, ধারা ৫] পারিবারিক আদালতের এখতিয়ার — মুসলিম পারিবারিক আইনের বিধানাবলি সাপেক্ষে, পারিবারিক আদালতে নিম্নরূপ সকল বা যেকোনো বিষয় সম্পর্কিত বা উহা হইতে
4. <other_1110_s2> [১৯৭৫ সালের ১৫ আগস্ট  হইতে ১৯৭৯ সালের ৯ এপ্রি, ধারা ২] সংজ্ঞা — বিষয় বা প্রসঙ্গের পরিপন্থী কোন কিছু না থাকিলে, এই আইনে -(ক) ‘‘অধ্যাদেশ’’ অর্থ ১৯৭৫ সালের ১৫ আগস্ট হইতে ১৯৭৯ স
5. <other_1048_s2> [নির্দিষ্টকরণ আইন, ২০১০, ধারা ২] ২০১০-২০১১ অর্থ বৎসরের জন্য সংযুক্ত তহবিল হইতে ১৯৯৮৭৩,৬৫,৩৮,০০০ টাকা প্রদান — ২০১১ সালের ৩০ জুন তারিখে সমাপ্য অর্থ বৎসরে যেই সকল ব্যয় হইতে পারে সেই সকল ব্যয় নির্বাহের জন্য এই আইনের তফসিল
6. <other_1110_s4> [১৯৭৫ সালের ১৫ আগস্ট  হইতে ১৯৭৯ সালের ৯ এপ্রি, ধারা ৪] কতিপয় অধ্যাদেশের কার্যকারিতা প্রদান — ১৯৭৫ সালের ১৫ আগস্ট হইতে ১৯৭৯ সালের ৯ এপ্রিল তারিখ পর্যন্ত (উভয় দিনসহ) সময়ের মধ্যে জারীকৃত -(ক) তফসিলভুক্ত অ
7. <other_1658_s2> [জুলাই গণঅভ্যুত্থান (সুরক্ষা ও দায় নির্ধারণ) , ধারা ২] সংজ্ঞা — বিষয় বা প্রসঙ্গের পরিপন্থি কোনো কিছু না থাকিলে, এই আইনে— (ক) “গণঅভ্যুত্থানকারী” অর্থ জুলাই গণঅভ্যুত্থানের পক্
8. <other_609_s51> [ইসলামী বিশ্ববিদ্যালয় আইন, ১৯৮০, ধারা ৫১] (১) বাংলাদেশ মাদ্রাসা শিক্ষা বোর্ডের আওতাধীন ২০০৫-২০০৬ শিক্ষাবর্ষে ফাজিল ও কামিল মাদ্রাসায়-(ক) যে সকল ছাত্র-ছ
9. <other_1429_s314> [আয়কর আইন, ২০২৩, ধারা ৩১৪] মিথ্যা সনদপত্রের দণ্ড — যদি কোনো ব্যক্তি এই আইনের অধীন এইরূপ কোনো সনদপত্র স্বাক্ষর বা জারি করেন, যাহা তিনি মিথ্যা বলিয়া জানেন বা বিশ্
10. <other_788_s346_p0> [কোম্পানী আইন, ১৯৯৪, ধারা ৩৪৬] নিষ্ক্রিয় (defunct) কোম্পানীর নাম নিবন্ধন বহি হইতে কাটিয়া দেওয়া — (১) যেক্ষেত্রে রেজিষ্ট্রারের এইরূপ বিশ্বাস করিবার যুক্তিসংগত কারণ থাকে যে, কোন একটি কোম্পানী ব্যবসা করিতেছে না","family_305_s8, family_305_s7",own_search,answered,2,Sorup
lawy_0382_01,Sarwad,VERIFY,"মৃত ব্যক্তির ব্যাংক হিসাবে গচ্ছিত টাকা কে পাবে, নমিনী না ওয়ারিশ?","1. <other_1429_s194> [আয়কর আইন, ২০২৩, ধারা ১৯৪] মৃত ব্যক্তির ক্ষেত্রে আয়কর নির্ধারণ — (১) কোনো ব্যক্তি মৃত্যুবরণ করিলে, তাহার আইনগত প্রতিনিধি এই আইনের অধীন প্রদেয় কোনো কর বা অন্য কোনো অর্থ প্রদান
2. <consumer_1010_s92> [ট্রেডমার্ক আইন, ২০০৯, ধারা ৯২] মামলার কোন পক্ষের মৃত্যু — যদি এই আইনের অধীন কোন কার্যধারা বিচারাধীন থাকা অবস্থায় কোন পক্ষ মারা যান, তাহা হইলে নিবন্ধক সংশ্লিষ্ট কোন পক্
3. <other_1413_s16> [সরকারি ঋণ আইন, ২০২২, ধারা ১৬] মৃত ধারকের জন্য প্রযোজ্য সংক্ষিপ্ত প্রক্রিয়া — ধারা ১৪ এ যাহা কিছুই থাকুক না কেন, সর্বমোট প্রদেয় মূল্যমান ১ (এক) লক্ষ টাকার ঊর্ধ্বে নয় এইরূপ সরকারি সিকিউরি
4. <consumer_1010_s11> [ট্রেডমার্ক আইন, ২০০৯, ধারা ১১] জীবিত বা মৃত ব্যক্তির নাম ব্যবহার — কোন ট্রেডমার্ক নিবন্ধনের আবেদনের সহিত কোন জীবিত ব্যক্তি বা আবেদন দাখিলের পূর্ববর্তী ২০ (বিশ) বৎসরের মধ্যে মৃত 
5. <other_1088_s8> [মানিলন্ডারিং প্রতিরোধ আইন, ২০১২, ধারা ৮] মিথ্যা তথ্য প্রদানের দণ্ড — (১) কোন ব্যক্তি জ্ঞাতসারে অর্থের উৎস বা নিজ পরিচিতি বা হিসাব ধারকের পরিচিতি সম্পর্কে বা কোন হিসাবের সুবিধাভোগী
6. <money_recovery_901_s36> [অর্থ ঋণ আদালত আইন, ২০০৩, ধারা ৩৬] তৃতীয় পক্ষ হইতে ডিক্রীর টাকা আদায় — (১) যদি ডিক্রীদার আদালতকে দরখাস্ত দ্বারা অবহিত করে যে, কোন একজন ব্যক্তির নিকট হইতে দায়িক টাকা পাওনা আছে, তাহা
7. <other_788_s360> [কোম্পানী আইন, ১৯৯৪, ধারা ৩৬০] কোন বিদ্যমান সীমিতদায় কোম্পানী হিসাবে নিবন্ধিকৃত হওয়ার জন্য বিদ্যমান ব্যাংক কোম্পানী কর্তৃক নোটিশ দান — (১) এই আইন প্রবর্তনের সময় বিদ্যমান ছিল এইরূপ কোন ব্যাংক কোম্পানী যদি একটি সীমিতদায় কোম্পানী হিসাবে নিবন্ধিকৃ
8. <other_1472_s2_p2> [বাংলাদেশ পেটেন্ট আইন, ২০২৩, ধারা ২] সংজ্ঞা — এবং(ঘ) যাহা এইরূপে প্রকাশিত হইয়াছে যে, সাধারণ দক্ষতাসম্পন্ন কোনো ব্যক্তি কোনোরূপ উদ্ভাবনী কার্যক্রমে নিয়োজিত
9. <labour_1285_s18> [বাংলাদেশ ইপিজেড শ্রম আইন, ২০১৯, ধারা ১৮] মৃত্যুজনিত ক্ষতিপূরণ — যদি কোনো শ্রমিক কোনো মালিকের অধীন অবিচ্ছিন্নভাবে অন্তত ১ (এক) বৎসরের অধিককাল চাকরিরত থাকা অবস্থায় মৃত্যুবরণ ক
10. <labour_952_s19> [বাংলাদেশ শ্রম আইন, ২০০৬, ধারা ১৯] যদি কোন শ্রমিক কোন মালিকের অধীন অবিচ্ছিন্নভাবে অন্ততঃ ০২(দুই) বৎসরের অধিককাল চাকুরীরত থাকা অবস্থায় মৃত্যুবরণ ",other_751_s103,own_search,answered,2,Sorup
prot_0069_01,Sarwad,VERIFY,"নবম শ্রেণীতে পড়ার সময় একটি ছেলের সঙ্গে প্রেমের সম্পর্কে জড়িয়ে পড়ি। সে আমাকে বিয়ের প্রস্তাব দেয়। কিন্তু আমি রাজি হইনি। আমি বলেছি, পড়াশোনা শেষ করে বিয়ে করব। সে তখনই আমাকে একটা কাগজ দেয়। কাগজের ওপর লেখা ছিল হলফনামা। মাঝখানে আমাদের দুজনের পরিচিতি, অবশেষে দুজনের স্বাক্ষর। বিয়েসংক্রান্ত কিছু কথা লেখা ছিল। তবে আমার বয়স ১৪ থেকে বাড়িয়ে ২০ লেখা হয়েছিল, ওর প্রকৃত বয়স ২৮ থেকে কমিয়ে ২৫ লেখা হয়েছিল। আমি এখন পড়াশোনার প্রায় শেষ পর্যায়ে আছি। মা-বাবা বিয়ের জন্য বলছেন। আমি মা-বাবাকে কিছু বলতে পারছি না ভয়ে। তাঁরা এ সম্পর্ক মেনে নেবেন না। মূল কাগজটি ছেলের কাছে আছে। তার কাছে আমার কিছু ছবিও আছে। আমরা দুজনই হিন্দু ধর্মাবলম্বী। আমি যে স্বাক্ষর দিয়েছি তা আমি ছাড়া কেউ দেখেনি। আবার তার স্বাক্ষর দেওয়াও আমি দেখিনি। আমার প্রশ্ন, ওই হলফনামায় স্বাক্ষর দেওয়ার মাধ্যমে কি আমার বিয়ে হয়েছে? ভবিষ্যতে কি এ কাগজ দিয়ে সে আমাকে আইনি সমস্যায় ফেলতে পারবে? স্বাক্ষর দেওয়ার মাধ্যমে বিয়ে হয়ে থাকলে আমার আইনি কী ব্যবস্থা গ্রহণ করা উচিত? আর বিয়ে না হয়ে থাকলে কী ব্যবস্থা গ্রহণ করা উচিত, বিস্তারিত জানালে কৃতজ্ঞ থাকব। উল্লেখ্য, আমি ছেলেটার সঙ্গে সংসার করতে চাচ্ছি না।নাম প্রকাশে অনিচ্ছুক","1. <other_1476_s212> [কাস্টমস আইন, ২০২৩, ধারা ২১২] কতিপয় ক্ষেত্রে দলিলপত্র সম্পর্কে পূর্বানুমান (presumption) — যে ক্ষেত্রে কোনো ব্যক্তি এই আইনের অধীন কোনো দলিলপত্র উপস্থাপন করেন অথবা কোনো ব্যক্তির তত্ত্বাবধান বা নিয়ন্ত্র
2. <other_788_s39> [কোম্পানী আইন, ১৯৯৪, ধারা ৩৯] হস্তান্তর প্রত্যয়ন — (১) কোম্পানীর শেয়ার বা ডিবেঞ্চার হস্তান্তর-দলিল কোম্পানী কর্তৃক প্রত্যয়নকৃত হইলে, তৎসম্পর্কে যে কোন ব্যক্তির
3. <family_1105_s11> [হিন্দু বিবাহ নিবন্ধন আইন, ২০১২, ধারা ১১] নিবন্ধন বহি সংরক্ষণ, ইত্যাদি — (১) প্রত্যেক হিন্দু বিবাহ নিবন্ধক নির্ধারিত ফরম ও পদ্ধতিতে নিবন্ধন বহি সংরক্ষণ করিবেন।(২) প্রত্যেক হিন্দু বিবা
4. <cybercrime_950_s44> [তথ্য ও যোগাযোগ প্রযুক্তি আইন, ২০০৬, ধারা ৪৪] গ্রাহকের নিরাপত্তা ব্যবস্থার নিয়ন্ত্রণ — (১) প্রত্যেক গ্রাহক তাহার ইলেক্ট্রনিক স্বাক্ষর সার্টিফিকেট প্রদান প্রক্রিয়ায় নিরাপত্তা বজায় রাখিতে যত্নবান 
5. <other_751_s35_p3> [ব্যাংক-কোম্পানী আইন, ১৯৯১, ধারা ৩৫] অদাবীকৃত আমানত এবং মূল্যবান সামগ্রী — লিখিত কোন চিঠির উপর ঠিকানা লেখা, ডাক টিকিট লাগানো এবং উহা ডাকযোগে প্রেরণের জন্য দায়িত্বসম্পন্ন কর্মচারীর দস্ত
6. <other_1392_s2_p0> [ব্যাংকার বহি সাক্ষ্য আইন, ২০২১, ধারা ২] সংজ্ঞা — (১) বিষয় বা প্রসঙ্গের পরিপন্থি কোনো কিছু না থাকিলে, এই আইনে-(ক) ‘আইনি কার্যক্রম (legal proceedings)’ অর্থ এই 
7. <other_788_s346_p0> [কোম্পানী আইন, ১৯৯৪, ধারা ৩৪৬] নিষ্ক্রিয় (defunct) কোম্পানীর নাম নিবন্ধন বহি হইতে কাটিয়া দেওয়া — (১) যেক্ষেত্রে রেজিষ্ট্রারের এইরূপ বিশ্বাস করিবার যুক্তিসংগত কারণ থাকে যে, কোন একটি কোম্পানী ব্যবসা করিতেছে না
8. <other_1169_s34> [ফাইনান্সিয়াল রিপোর্টিং আইন, ২০১৫, ধারা ৩৪] অননুমোদিত নিরীক্ষা চর্চা — (১) জনস্বার্থ সংস্থা এমন কোন ব্যক্তিকে নিরীক্ষা কার্যে নিয়োজিত করিবে না, যাহার তালিকাভুক্তি কাউন্সিল কর্তৃক স
9. <cybercrime_950_s17> [তথ্য ও যোগাযোগ প্রযুক্তি আইন, ২০০৬, ধারা ১৭] নিরাপদ ইলেক্ট্রনিক স্বাক্ষর — (১) সংশ্লিষ্ট পক্ষগণের সম্মতিতে কোন নিরাপত্তা ব্যবস্থা প্রয়োগের মাধ্যমে যদি যাচাই করা যায় যে, ইলেক্ট্রনিক স্
10. <cybercrime_950_s42> [তথ্য ও যোগাযোগ প্রযুক্তি আইন, ২০০৬, ধারা ৪২] ইলেক্ট্রনিক স্বাক্ষর সার্টিফিকেট গ্রহণ — (১) কোন গ্রাহক কর্তৃক কোন ইলেক্ট্রনিক স্বাক্ষর সার্টিফিকেট গৃহীত হইয়াছে বলিয়া গণ্য হইবে, যদি তিনি স্বয়ং বা ",family_1105_s3,own_search,answered,1,Sorup
prot_0078_04,Sarwad,VERIFY,"আমার বিয়ে হয়েছে সাত বছর হলো। একটি সন্তান আছে। বয়স পাঁচ বছর। দুই মাস হলো আমার স্বামী দ্বিতীয় বিয়ে করেছে। এখন আমার স্বামীর কথাবার্তা, চালচলন আগের মতো নেই। তাকে আমি অনেকবার জিজ্ঞেস করেছি দ্বিতীয় বিয়ের ব্যাপারে। কিন্তু সে স্বীকার করেনি। আমাদের গ্রামে এলাকাবাসীর মুখে মুখে রটে গেছে তার দ্বিতীয় বিয়ের কথা। আমার স্বামী অস্বীকার করলেও বিষয়টি সত্য। বিশ্বস্ত সূত্রে তার দ্বিতীয় স্ত্রীর বাবার বাড়ি খুঁজে বের করা হয়েছে। সে বর্তমানে তার বাবার বাড়িতে থাকে। আমার স্বামী দ্বিতীয় বিয়ে করেছে, এটা মেনে নেওয়া আমার পক্ষে অসম্ভব। তার সঙ্গে সংসার করার কোনো ইচ্ছে আমার নেই। বিষয়টি আমি আমার বাবাকে জানিয়েছি। এক সপ্তাহ হলো আমি আমার বাবার বাড়িতে এসেছি। এখন আমি তার বিরুদ্ধে মামলা করতে চাই। তাকে এর পরিণাম বুঝিয়ে দিতে চাই। মামলা করব, তা করতে পারছি না। আমার কাছে কোনো প্রমাণ নেই। তার দ্বিতীয় বিয়ের কাবিননামা না পেলে কীভাবে মামলা করব? এখন আমি কীভাবে আইনের আশ্রয় নিতে পারি?নাম-ঠিকানা প্রকাশে অনিচ্ছুক","1. <consumer_1452_s106> [কপিরাইট আইন, ২০২৩, ধারা ১০৬] দ্বিতীয় বা পরবর্তী অপরাধের জন্য দণ্ড — যদি কোনো ব্যক্তি এই আইনের অধীন দন্ডিত হইয়া পুনরায় অনুরূপ কোনো অপরাধে দোষী হন তা হইলে তিনি দ্বিতীয় এবং পরবর্
2. <labour_952_s82> [বাংলাদেশ শ্রম আইন, ২০০৬, ধারা ৮২] কতিপয় ব্যাধি সম্পর্কে নোটিশ — (১) যে ক্ষেত্রে দ্বিতীয় তফসিলে উল্লিখিত ব্যাধি দ্বারা কোন প্রতিষ্ঠানে কোন শ্রমিক আক্রান্ত হন, সে ক্ষেত্রে মাল
3. <other_1136_s35> [ভৌগোলিক নির্দেশক পণ্য (নিবন্ধন ও সুরক্ষা) আই, ধারা ৩৫] দ্বিতীয় বা পরবর্তী অপরাধের ক্ষেত্রে দণ্ড — যদি কোন ব্যক্তি এই আইনের অধীন একই অপরাধ দ্বিতীয় বা পরবর্তীতে সংঘটন করেন, তাহা হইলে তিনি অনূর্ধ্ব ৫ (পাঁচ) বৎস
4. <other_1266_s2_p2> [বাংলাদেশ মুক্তিযোদ্ধা কল্যাণ ট্রাস্ট আইন, ২০, ধারা ২] সংজ্ঞা — জামায়াতে ইসলামী এবং তাহাদের সহযোগী রাজাকার, আলবদর, আলশামস বাহিনীর বিরুদ্ধে গণপ্রজাতন্ত্রী বাংলাদেশের স্বাধীনত
5. <local_government_827_s66> [উপজেলা পরিষদ আইন, ১৯৯৮, ধারা ৬৬] পরিষদের পক্ষে ও বিপক্ষে মামলা — (১) পরিষদের বিরুদ্ধে বা পরিষদ সংক্রান্ত কোন কাজের সূত্রে উহার কোন সদস্য বা কর্মকর্তা বা কর্মচারীর বিরুদ্ধে মাম
6. <other_1037_s128> [বীমা আইন, ২০১০, ধারা ১২৮] দ্বিতীয় জরিপ৷ — (১) কর্তৃপক্ষের নিকট যদি এইরূপ বিশ্বাস করিবার কারণ থাকে, কোন বীমা জরিপকারী মিথ্যা প্রতিবেদন দাখিল করিয়াছে বা 
7. <other_918_s62> [অর্থ আইন, ২০০৪, ধারা ৬২] ১৯৯১ সনের ২২নং আইনের দ্বিতীয় তফসিলের প্রতিস্থাপন — মূল্য সংযোজন কর আইনের দ্বিতীয় তফসিলের পরিবর্তে এই আইনের তফসিল ৫ এ বর্ণিত দ্বিতীয় তফসিল প্রতিস্থাপিত হইবে।
8. <family_938_s3> [গ্রাম আদালত আইন, ২০০৬, ধারা ৩] গ্রাম আদালত কর্তৃক বিচারযোগ্য মামলা — (১) ফৌজদারী কার্যবিধি এবং দেওয়ানী কার্যবিধিতে যাহা কিছুই থাকুক না কেন তফসিলের প্রথম অংশে বর্ণিত বিষয়াবলী সম্
9. <other_838_s105> [অর্থ আইন, ২০০০, ধারা ১০৫] ১৯৯১ সনের ২২ নং আইনের দ্বিতীয় তফসিলের প্রতিস্থাপন — মূল্য সংযোজন কর আইন এর দ্বিতীয় তফসিলের পরিবর্তে এই আইনের তফসিল-৫ এ বর্ণিত দ্বিতীয় তফসিল প্রতিস্থাপিত হইবে।
10. <family_938_s6ক> [গ্রাম আদালত আইন, ২০০৬, ধারা ৬ক] Limitation Act, 1908(Act No IX of 1908) এ যাহা কিছুই থাকুক না কেন, তফসিলের-(ক) প্রথম অংশে বর্ণিত ফৌজদারী মামলা","family_305_s6, family_476_s13",own_search,answered,2,Sorup
prot_0075_02,Sarwad,VERIFY,"আমার দাদার সঙ্গে বিয়ে হওয়ার আগে দাদির আর একটি বিয়ে হয়েছিল। সেখানে একটা ছেলের জন্ম হয়েছিল। ছেলেটির জন্মের পর দাদির তালাক হয়ে যায়। তারপর আমার দাদার সঙ্গে বিয়ে হয়। বিয়ে হওয়ার পর আমার বাবা এবং পাঁচ ফুপুর জন্ম হয়। এবং দাদির আগের পক্ষের ছেলেটাও দাদির বিয়ের সময় দাদির সঙ্গে চলে আসে। আমার দাদা আপন ছেলের মতো তার ভরণপোষণ করেন। সেই ছেলেটি তাঁর তিন ছেলে ও এক মেয়ে রেখে ১৯৮৮ সালে মারা যান। তারপর আমার দাদা ২০০০ সালে ৩০ শতাংশ জমি দাদিকে লিখে দেন। দাদি গত ফেব্রুয়ারি মাসে মারা যান। আমার প্রশ্ন হলো, দাদির নামে থাকা ৩০ শতাংশ জমির বণ্টন কীভাবে হবে? দাদির আগের পক্ষের ছেলের উত্তরাধিকারীরা কি এই জমি পাবে?","1. <consumer_1010_s92> [ট্রেডমার্ক আইন, ২০০৯, ধারা ৯২] মামলার কোন পক্ষের মৃত্যু — যদি এই আইনের অধীন কোন কার্যধারা বিচারাধীন থাকা অবস্থায় কোন পক্ষ মারা যান, তাহা হইলে নিবন্ধক সংশ্লিষ্ট কোন পক্
2. <other_1037_s48_p0> [বীমা আইন, ২০১০, ধারা ৪৮] বীমাকারীর কার্যক্রম তদন্ত ৷ — (১) কর্তৃপক্ষ এই আইনের অধীনে নিবন্ধীকৃত কোন বীমাকারীর পরিচালিত ব্যবসার সম্পূর্ণ বা আংশিক তদন্ত শুরু করিতে পারি
3. <labour_952_s49> [বাংলাদেশ শ্রম আইন, ২০০৬, ধারা ৪৯] 1 [***] মৃত্যুর ক্ষেত্রে প্রসূতি কল্যাণ সুবিধা প্রদান — (১) এই অধ্যায়ের অধীন প্রসূতি কল্যাণ সুবিধা পাওয়ার অধিকারী কোন মহিলা সন্ত্মান প্রসবকালে অথবা উহার পরবর্তী আট 
4. <labour_1285_s33> [বাংলাদেশ ইপিজেড শ্রম আইন, ২০১৯, ধারা ৩৩] মহিলা শ্রমিকের মৃত্যুর ক্ষেত্রে প্রসূতি কল্যাণ সুবিধা প্রদান — (১) এই অধ্যায়ের অধীন প্রসূতি কল্যাণ সুবিধা পাইবার অধিকারী কোনো মহিলা শ্রমিক সন্তান প্রসবকালে অথবা উহার পরবর্ত
5. <other_721_s6_p0> [বাংলাদেশ ঋণ সালিসি আইন, ১৯৮৯, ধারা ৬] কতিপয় জমির বিক্রয় খায়খালাসী বন্ধক ঘোষণা — (১) এই আইন বলবত্ হইবার পর অনধিক তিন একর কৃষি জমির মালিক কোন কৃষক প্রাকৃতিক দুর্যোগে তগতিগ্রস্ত হওয়ার বা জীবন 
6. <other_1156_s25> [মেট্রোরেল আইন, ২০১৫, ধারা ২৫] ক্ষতিপূরণ প্রদান — মেট্রোরেল পরিচালনাকালে উহা হইতে উদ্ভূত দুর্ঘটনার ফলে যদি কোন ব্যক্তি আঘাতপ্রাপ্ত বা ক্ষতিগ্রস্ত হন বা আঘাতপ্রা
7. <other_1201_s27> [বাস র‍্যাপিড ট্রানজিট (বিআরটি) আইন, ২০১৬, ধারা ২৭] ক্ষতিপূরণ প্রদান — বিআরটি পরিচালনাকালে উহা হইতে উদ্ভূত দুর্ঘটনার ফলে যদি কোনো ব্যক্তি আঘাতপ্রাপ্ত বা ক্ষতিগ্রস্ত হন বা আঘাতপ্রাপ্
8. <other_722_s15> [পার্বত্য জেলাসমূহ (আইন রহিত ও প্রয়োগ এবং বিশ, ধারা ১৫] বসতবাড়ীর জন্য গ্রামীণ জমি দখল — (১) কোন পাহাড়ী ব্যক্তি পৌর এলাকা-বহির্ভূত অনধিক ত্রিশ শতাংশ পর্যন্ত খাস জমি তাহার নিজ বসতবাড়ীর জন্য হেডম্যান
9. <other_721_s7> [বাংলাদেশ ঋণ সালিসি আইন, ১৯৮৯, ধারা ৭] কতিপয় বিক্রয় বাতিল — (১) এই আইন বলবত্ হইবার পর অনধিক দুই একর কৃষি জমির মালিক কোন কৃষক প্রাকৃতিক দুর্যোগে তগতিগ্রস্ত হওয়ার বা জীবন 
10. <civil_registration_921_s21> [জন্ম ও মৃত্যু নিবন্ধন আইন, ২০০৪, ধারা ২১] (১) এই আইন বা তদধীন প্রণীত বিধির কোন বিধান লঙ্ঘনকারী ব্যক্তি অনধিক ৫ (পাঁচ) হাজার টাকা অর্থদণ্ডে দণ্ডনীয় হইবে",family_305_s4,own_search,answered,3,Sorup
prot_0136_02,Sarwad,VERIFY,মা জীবিত অবস্থায় জায়গা-জমি নিজের নামে বিএস জরিপ না হয়ে ছেলের নামে হতে পারে। কিন্তু এক ছেলের নামে বিএস জরিপ হলে অন্য ছেলের কী করা প্রয়োজন। আইনে কি কোনো প্রতিকার পাওয়া যায়?,"1. <other_724_s64> [রাংগামাটি পার্বত্য জেলা পরিষদ আইন, ১৯৮৯, ধারা ৬৪] (১) আপাততঃ বলবত্ অন্য কোন আইনে যাহা কিছুই থাকুক না কেন-(ক) রাংগামাটি পার্বত্য জেলার এলাকাধীন বন্দোবস্তযোগ্য খা
2. <other_726_s64> [বান্দরবান পার্বত্য জেলা পরিষদ আইন, ১৯৮৯, ধারা ৬৪] (১) আপাততঃ বলবত্ অন্য কোন আইনে যাহা কিছুই থাকুক না কেন-(ক) বান্দরবন পার্বত্য জেলার এলাকাধীন বন্দোবস্তযোগ্য খাস
3. <other_725_s64> [খাগড়াছড়ি পার্বত্য জেলা পরিষদ আইন, ১৯৮৯, ধারা ৬৪] (১) আপাততঃ বলবত্ অন্য কোন আইনে যাহা কিছুই থাকুক না কেন-(ক) খাগড়াছড়ি পার্বত্য জেলার এলাকাধীন বন্দোবস্তযোগ্য খ
4. <other_1685_s6> [বন ও বৃক্ষ সংরক্ষণ আইন, ২০২৬, ধারা ৬] বনভূমির জরিপ ও রেকর্ড — (১) বৃক্ষাচ্ছাদন থাকুক বা না-ই থাকুক, গেজেট দ্বারা ঘোষিত বনভূমি বন বিভাগের নামে রেকর্ড নিশ্চিত করিতে হইবে। (২)
5. <other_1412_s6_p0> [বেসরকারি মেডিকেল কলেজ ও ডেন্টাল কলেজ আইন, ২০, ধারা ৬] বেসরকারি মেডিকেল কলেজ বা ডেন্টাল কলেজ স্থাপনের শর্তাবলি — এই আইনের অধীন বেসরকারি মেডিকেল কলেজ বা ডেন্টাল কলেজ স্থাপনের লক্ষ্যে নিম্নবর্ণিত শর্তাবলি পূরণ করিতে হইবে, যথা
6. <other_1419_s10> [বাংলাদেশ সরকারী কর্ম কমিশন আইন, ২০২৩, ধারা ১০] ভুয়া পরিচয়ে পরীক্ষায় অংশগ্রহণ ও উহার দণ্ড — কোনো ব্যক্তি পরীক্ষার্থী না হওয়া সত্ত্বেও নিজেকে পরীক্ষার্থী হিসাবে হাজির করিয়া বা পরীক্ষার্থী বলিয়া ভান কর
7. <other_1246_s99_p4> [ক্যান্টনমেন্ট আইন, ২০১৮, ধারা ৯৯] উপদ্রব সৃষ্টির শাস্তি — গ্রহণ না করেন, তাহা হইলে তিনি অনধিক ১৫ (পনের) হাজার টাকা অর্থদণ্ডে দণ্ডিত হইবেন।(৬) যদি কোনো পশুকে ক্যান্টনমেন
8. <other_1037_s15> [বীমা আইন, ২০১০, ধারা ১৫] বীমাকারীর নাম সম্পর্কিত বিধি-নিষেধ৷ — (১) এই আইনের অধীন বা এই আইন কার্যকর হইবার অব্যবহিত পূর্বেInsurance Act, 1938এর অধীন নিবন্ধিত কোন বীমাকারীর একই
9. <other_922_s19_p1> [জাতীয় সংসদ (সংরক্ষিত মহিলা আসন) নির্বাচন আইন, ধারা ১৯] উদ্বৃত্ত ভোটমান হস্তান্তর পদ্ধতি — অনুযায়ী পৃথক সাব-প্যাকেটে বিভক্ত করিবেন এবং নিঃশেষিত ব্যালট পেপারগুলিকে অপর একটি পৃথক সাব-প্যাকেটে রাখিয়া দি
10. <consumer_1270_s66> [ওজন ও পরিমাপ মানদণ্ড আইন, ২০১৮, ধারা ৬৬] জরিপ ও পরিসংখ্যান — ওজন, পরিমাপন বা সংখ্যামানের মানদণ্ড যে কোনো এলাকায় বাস্তবায়ন নিশ্চিতকরণের উদ্দেশ্যে অথবা যে কোনো শ্রেণির শিল",land_241_s145A_p0,own_search,answered,2,Sorup
lawy_0335_01,Sarwad,VERIFY,তালাকের পর স্ত্রী কর্তৃক যৌতুকের মামলায় কি করবেন?,"1. <other_1586_s23> [গুম প্রতিরোধ ও প্রতিকার অধ্যাদেশ, ২০২৫, ধারা ২৩] স্ত্রী বা সন্তান কর্তৃক গুম হওয়া ব্যক্তির সম্পত্তি ব্যবহারের অনুমতি — (১) গুম হওয়া ব্যক্তির দায় পরিশোধ, তাহার স্ত্রী বা তাহার উপর নির্ভরশীল পরিবারের সদস্যদের ভরণপোষণের বা অন্য কো
2. <women_children_835_s11> [নারী ও শিশু নির্যাতন দমন আইন, ২০০০, ধারা ১১] যৌতুকের জন্য মৃত্যু ঘটানো, ইত্যাদির শাস্তি — যদি কোন নারীর স্বামী অথবা স্বামীর পিতা, মাতা, অভিভাবক, আত্মীয় বা স্বামীর পক্ষে অন্য কোন ব্যক্তি যৌতুকের জন্য 
3. <other_1266_s2_p2> [বাংলাদেশ মুক্তিযোদ্ধা কল্যাণ ট্রাস্ট আইন, ২০, ধারা ২] সংজ্ঞা — জামায়াতে ইসলামী এবং তাহাদের সহযোগী রাজাকার, আলবদর, আলশামস বাহিনীর বিরুদ্ধে গণপ্রজাতন্ত্রী বাংলাদেশের স্বাধীনত
4. <other_1485_s9> [বাংলাদেশ পুলিশ কল্যাণ তহবিল আইন, ২০২৩, ধারা ৯] মৃত্যু এবং অক্ষমতাজনিত কারণে এককালীন এবং মাসিক কল্যাণ অনুদান — (১) কোনো কর্মচারী বা তাহার মৃত্যু হইলে তাহার স্ত্রী বা, ক্ষেত্রমত, স্বামী, বিধি দ্বারা নির্ধারিত পদ্ধতিতে, নিম
5. <other_1429_s31> [আয়কর আইন, ২০২৩, ধারা ৩১] আয় একীভূতকরণ — (১) এই আইনে ভিন্নরূপ কিছু না থাকিলে, নিম্নবর্ণিত আয়সমূহ কোনো ব্যক্তির মোট আয়ের অন্তর্ভুক্ত হইবে, যথা:-(ক) উক
6. <other_788_s282> [কোম্পানী আইন, ১৯৯৪, ধারা ২৮২] আদেশ বলবৎ করার ক্ষমতা — এই আইনের অধীনে আদালত কর্তৃক প্রদত্ত আদেশ সেই একইভাবে বলবৎ করা যাইতে পারে যেভাবে কোন মামলায় উক্ত আদালত কর্তৃক 
7. <other_916_s4> [বিরোধ মীমাংসা (পৌর এলাকা) বোর্ড আইন, ২০০৪, ধারা ৪] বোর্ড কর্তৃক বিচারযোগ্য মামলাসমূহ — (১) এই আইনে ভিন্নরূপ কিছু না থাকিলে, তফসিলে বর্ণিত অপরাধ বা বিষয়সমূহ সম্পর্কে সকল মামলা কেবলমাত্র বিরোধ মীমাং
8. <consumer_1010_s105> [ট্রেডমার্ক আইন, ২০০৯, ধারা ১০৫] নিবন্ধিত ব্যবহারকারীকে মামলায় পক্ষভুক্তি — (১) এই আইনের সপ্তম অধ্যায় বা ধারা ১০০ এর অধীন কোন মামলায় বা আপীলে কোন ট্রেডমার্কের নিবন্ধিত ব্যবহারকারী পক্ষ
9. <other_1271_s42> [সরকারি চাকরি আইন, ২০১৮, ধারা ৪২] ফৌজদারি মামলায় দণ্ডিত কর্মচারীর ক্ষেত্রে ব্যবস্থা — (১) কোনো সরকারি কর্মচারী ফৌজদারি মামলায় আদালত কর্তৃক মৃত্যুদণ্ড বা ১ (এক) বৎসর মেয়াদের অধিক মেয়াদের কারাদন্
10. <other_1061_s9> [পরিবেশ আদালত আইন, ২০১০, ধারা ৯] স্পেশাল ম্যাজিষ্ট্রেট কর্তৃক অপরাধের বিচার — (১) ফৌজদারী কার্যবিধিতে যাহা কিছুই থাকুক না কেন, ধারা ৫ এর উপ-ধারা (২) অনুযায়ী নিযুক্ত স্পেশাল ম্যাজিষ্ট্রেট ","women_children_1256_s6, women_children_835_s17",own_search,answered,2,Sorup
prot_0071_01,Sarwad,VERIFY,"আমি বিবিএ তৃতীয় বর্ষে পড়ছি। ২০০৫ সালে এসএসসি পরীক্ষার পর আমার এক আত্মীয়র সঙ্গে প্রেমের সম্পর্ক হয়। একপর্যায়ে তার চাপে গোপনে তাকে বিয়ে করি। কিন্তু বিয়ের পর জানতে পারি, সে উচ্চমাধ্যমিকের পর আর পড়ালেখা করেনি। তখন আমি ভালো একটি কলেজে পড়ছিলাম। বিয়ের সময় আমার বয়স ১৮ হয়নি। সে একটা কাগজ এনেছিল এবং ওখানে বয়স বাড়িয়ে দেওয়া হয়েছিল। সম্ভবত বিয়েটা রেজিস্ট্রি হয়েছে। এর কিছুদিন পর উচ্চমাধ্যমিকে জিপিএ-৫ পেয়ে উত্তীর্ণ হই এবং পাবলিক বিশ্ববিদ্যালয়ে ভর্তি হতে চাই। তখন থেকে তার সঙ্গে আমার সম্পর্ক খারাপ হতে থাকে। সে সামান্য বিষয়ে অকথ্য ভাষায় বকাবকি করত। গায়ে হাত তুলত। আমি কাউকে কিছু বলতে পারতাম না। তাই আত্মহত্যার পথ বেছে নিই, কিন্তু বেঁচে যাই। প্রতিবাদ করলে বা তালাক দেওয়ার কথা বললে সে বলত, পত্রিকায় আমার নামে আজেবাজে কথা লিখবে। আরও নানাভাবে সে হুমকি দিত। বিশ্ববিদ্যালয়ে ভর্তির পর আর সহ্য করতে না পেরে পরিবারের সবাইকে সবকিছু জানাই। ২০০৮ সালের শেষে তার সঙ্গে আমার সব সম্পর্ক শেষ হয়ে যায়। এখন কোনো যোগাযোগ নেই। তবে সে ও তার বন্ধুবান্ধব ফোন করে আজেবাজে কথা বলে। আমাকে ও আমার পরিবারকে নানাভাবে হুমকি দেয়। আমি বেশ ভালো ফল করছি। আমার ইচ্ছা, বিদেশে উচ্চশিক্ষা নেব। কিন্তু এসব চিন্তা সবকিছু ওলটপালট করে দেয়। আমি পাসপোর্টে অবিবাহিত লিখতে চাইছি, এতে কি কোনো সমস্যা হবে? আমার যাতে ক্ষতি না হয়, সে জন্য কী ব্যবস্থা নিতে পারি বা ডিভোর্স কীভাবে দেওয়া যায়।নাম প্রকাশে অনিচ্ছুকচট্টগ্রাম","1. <other_788_s346_p0> [কোম্পানী আইন, ১৯৯৪, ধারা ৩৪৬] নিষ্ক্রিয় (defunct) কোম্পানীর নাম নিবন্ধন বহি হইতে কাটিয়া দেওয়া — (১) যেক্ষেত্রে রেজিষ্ট্রারের এইরূপ বিশ্বাস করিবার যুক্তিসংগত কারণ থাকে যে, কোন একটি কোম্পানী ব্যবসা করিতেছে না
2. <other_1126_s8> [প্রতিবন্ধী ব্যক্তির অধিকার ও সুরক্ষা আইন, ২০, ধারা ৮] বাকপ্রতিবন্ধিতা (speech disability) — নিম্নবর্ণিত দফাসমূহে উল্লিখিত বৈশিষ্ট্যসমূহের মধ্যে এক বা একাধিক বৈশিষ্ট্যের অধিকারী ব্যক্তি ‘বাকপ্রতিবন্ধী ব্
3. <other_609_s51> [ইসলামী বিশ্ববিদ্যালয় আইন, ১৯৮০, ধারা ৫১] (১) বাংলাদেশ মাদ্রাসা শিক্ষা বোর্ডের আওতাধীন ২০০৫-২০০৬ শিক্ষাবর্ষে ফাজিল ও কামিল মাদ্রাসায়-(ক) যে সকল ছাত্র-ছ
4. <other_933_s56_p1> [জগন্নাথ বিশ্ববিদ্যালয় আইন, ২০০৫, ধারা ৫৬] ৫৬৷ Act No. XVI of 1920 সহ সরকারী জগন্নাথ কলেজ-এর বিলোপ, ইত্যাদি — কোন ছাত্র-ছাত্রী ইচ্ছা করিলে জাতীয় বিশ্ববিদ্যালয় কর্তৃক প্রদত্ত রেজিস্ট্রেশন নম্বর বহাল রাখিয়া জাতীয় বিশ্ব
5. <other_1480_s37> [লক্ষ্মীপুর বিজ্ঞান ও প্রযুক্তি বিশ্ববিদ্যালয়, ধারা ৩৭] বিশ্ববিদ্যালয়ের পাঠক্রমে ভর্তি — (১) এই আইন ও সংবিধির বিধান সাপেক্ষে, বিশ্ববিদ্যালয়ের ডিগ্রি, ডিপ্লোমা, সার্টিফিকেট ও অন্যান্য পাঠক্রমে শিক্ষা
6. <other_1350_s37> [সুনামগঞ্জ বিজ্ঞান ও প্রযুক্তি বিশ্ববিদ্যালয় , ধারা ৩৭] বিশ্ববিদ্যালয়ের পাঠক্রমে ভর্তি — (১) এই আইন ও সংবিধির বিধান সাপেক্ষে, বিশ্ববিদ্যালয়ের ডিগ্রি, ডিপ্লোমা, সার্টিফিকেট ও অন্যান্য পাঠক্রমে শিক্ষা
7. <other_1425_s40> [1[মেহেরপুর বিশ্ববিদ্যালয়] আইন, ২০২৩, ধারা ৪০] বিশ্ববিদ্যালয়ের পাঠক্রমে ভর্তি — (১) এই আইন ও সংবিধির বিধান সাপেক্ষে, বিশ্ববিদ্যালয়ের ডিগ্রি, ডিপ্লোমা, সার্টিফিকেট ও অন্যান্য পাঠক্রমে শিক্ষা
8. <other_1230_s36> [1[নেত্রকোণা বিশ্ববিদ্যালয়] আইন, ২০১৮, ধারা ৩৬] বিশ্ববিদ্যালয়ের পাঠক্রমে ভর্তি — (১) এই আইন এবং সংবিধির বিধান সাপেক্ষে, বিশ্ববিদ্যালয়ের ডিগ্রি, ডিপ্লোমা, সার্টিফিকেট ও অন্যান্য পাঠক্রমে শিক্
9. <other_1469_s41> [ঠাকুরগাঁও বিশ্ববিদ্যালয় আইন, ২০২৩, ধারা ৪১] বিশ্ববিদ্যালয়ের পাঠক্রমে ভর্তি — (১) এই আইন ও সংবিধির বিধান সাপেক্ষে, বিশ্ববিদ্যালয়ের ডিগ্রি, ডিপ্লোমা, সার্টিফিকেট ও অন্যান্য পাঠক্রমে শিক্ষা
10. <other_1426_s40> [1[নওগাঁ বিশ্ববিদ্যালয়] আইন, ২০২৩, ধারা ৪০] বিশ্ববিদ্যালয়ের পাঠক্রমে ভর্তি — (১) এই আইন ও সংবিধির বিধান সাপেক্ষে, বিশ্ববিদ্যালয়ের ডিগ্রি, ডিপ্লোমা, সার্টিফিকেট ও অন্যান্য পাঠক্রমে শিক্ষা","family_180_s2_p1, family_305_s8, criminal_procedure_11_s506",own_search,answered,1,Sorup
lawy_0371_01,Sarwad,VERIFY,"একই বিষয় নিয়ে কি একাধিক মামলা, কি বলে আইন?","1. <other_749_s15> [জাতীয় মহিলা সংস্থা আইন, ১৯৯১, ধারা ১৫] কতিপয় ক্ষেত্রে একই ব্যক্তির একাধিক পদে থাকা নিষিদ্ধ — কোন ব্যক্তি পদাধিকার বলে ব্যতীত অন্য কোনভাবে একই সংগে পরিষদ, নির্বাহী কমিটি, জেলা কমিটি এবং উপজেলা কমিটির চেয়
2. <other_1061_s14_p0> [পরিবেশ আদালত আইন, ২০১০, ধারা ১৪] পরিবেশ আদালতের কার্যপদ্ধতি ও ক্ষমতা — (১) এই আইনে ভিন্নরূপ কিছু না থাকিলে, এই আইনের অধীন কোন অপরাধের অভিযোগ দায়ের ও বিচার নিষ্পত্তির ক্ষেত্রে, ফৌজদ
3. <other_849_s5> [এডমিরালটি কোর্ট আইন, ২০০০, ধারা ৫] সংঘর্ষ ও অনুরূপ মামলার ক্ষেত্রে কোর্টের in personam এখতিয়ার — (১) এই ধারা প্রযোজ্য হয় এমন কোন দাবী কার্যকর করণার্থ বাংলাদেশের কোন আদালত action in personam বিচারার্থ গ্রহণ 
4. <other_809_s6> [আইন কমিশন আইন, ১৯৯৬, ধারা ৬] কমিশনের কার্যাবলী — কমিশনের কার্যাবলী হইবে-(ক) বিভিন্ন স্তরের আদালতে দেওয়ানী ও ফৌজদারী মামলাসমূহ নিষ্পত্তিতে বিলম্বের কারণসমূহ চি
5. <other_1037_s75> [বীমা আইন, ২০১০, ধারা ৭৫] যুগপত্‍ভাবে একই শ্রেণীর একাধিক বীমাকারীর বা বীমাকারী ও ব্যাংক-কোম্পানীর বা আর্থিক প্রতিষ্ঠানের পরিচালক হওয়ার ক্ষেত্রে বিধিনিষেধ৷ — আপাততঃ বলবৎ অন্য কোন আইনে যাহা কিছুই থাকুক না কেন, কোন বীমাকারীর পরিচালক একই শ্রেণীর বীমা ব্যবসার জন্য নিবন্ধী
6. <labour_952_s193> [বাংলাদেশ শ্রম আইন, ২০০৬, ধারা ১৯৩] দ্বৈত সদস্য পদের উপর বাধা — একই সময়ে কোন মালিক অথবা কোন শ্রমিক একই প্রতিষ্ঠানের একাধিক ট্রেড ইউনিয়নের সদস্য হইতে বা থাকিতে পারিবেন না।
7. <local_government_1026_s10> [স্থানীয় সরকার (সিটি কর্পোরেশন) আইন, ২০০৯, ধারা ১০] একাধিক পদে প্রার্থিতায় বাধা — (১) কোন ব্যক্তি একই সাথে মেয়র ও কাউন্সিলর পদে প্রার্থী হইতে পারিবেন না।(২) যদি কোন ব্যক্তি একই সাথে কোন কর্পো
8. <other_739_s11> [বেসরকারী শিক্ষা প্রতিষ্ঠান শিক্ষক ও কর্মচারী, ধারা ১১] [বিলুপ্ত] — [ছাত্র-ছাত্রীগণ কর্তৃক চাঁদা প্রদান- বেসরকারী শিক্ষা প্রতিষ্ঠান শিক্ষক ও কর্মচারী কল্যাণ ট্রাষ্ট (সংশোধন) আইন,
9. <other_1586_s13> [গুম প্রতিরোধ ও প্রতিকার অধ্যাদেশ, ২০২৫, ধারা ১৩] গুম প্রতিরোধ ও প্রতিকার ট্রাইব্যুনাল — (১) এই অধ্যাদেশের অধীন অপরাধ আমলে গ্রহণ ও বিচারের জন্য সরকার প্রত্যেক বিভাগ বা জেলায় ভৌগোলিক অধিক্ষেত্র নির্ধ
10. <other_1106_s129> [মূল্য সংযোজন কর ও সম্পূরক শুল্ক আইন, ২০১২, ধারা ১২৯] আদালতে মামলা দায়েরের ক্ষেত্রে প্রতিবন্ধকতা — বোর্ড বা312[কোন মূসক কর্মকর্তা] কর্তৃক প্রদত্ত কোন আদেশ বা সিদ্ধান্ত বা গৃহীত কোন ব্যবস্থার (কর নিরূপণ, কর আরো","other_86_s11, criminal_procedure_75_s403_p0",own_search,answered,2,Sorup
prot_0025_05,Sarwad,VERIFY,"মাকেও সন্তানের সান্নিধ্য থেকে বঞ্চিত করতে চাই না, এ ক্ষেত্রে কী করণীয়?","1. <women_children_835_s13> [নারী ও শিশু নির্যাতন দমন আইন, ২০০০, ধারা ১৩] (১) অন্য কোন আইনে ভিন্নতর যাহা কিছুই থাকুক না কেন, ধর্ষণের কারণে কোন সন্তান জন্মলাভ করিলে-(ক) উক্ত সন্তানকে তা
2. <consumer_927_s10> [ধূমপান ও তামাকজাত দ্রব্য ব্যবহার (নিয়ন্ত্রণ), ধারা ১০] (১) তামাকজাত দ্রব্যের প্যাকেট, মোড়ক, কার্টন বা কৌটার উভয় পার্শ্বে মূল প্রদর্শনী তল বা যে সকল প্যাকেটে দুইটি 
3. <other_817_s7> [বিমান-নিরাপত্তা বিরোধী অপরাধ দমন আইন, ১৯৯৭, ধারা ৭] ফৌজদারী আইনের প্রয়োগ — কোন বাংলাদেশী বিমান বাংলাদেশের রাষ্ট্রীয় সীমানায় বাহিরে উড্ডয়নে থাকাকালে বিমানের আরোহী কোন ব্যক্তি যদি এমন 
4. <other_1132_s7> [পিতা-মাতার ভরণ-পোষণ আইন, ২০১৩, ধারা ৭] অপরাধ বিচারার্থ গ্রহণ ও বিচার — (১)Code of Criminal Procedure, 1898(Act V of 1898) এ যাহা কিছুই থাকুক না কেন, এই আইনের অধীন সংঘটিত অপরাধ ১ম শ্
5. <other_1132_s2> [পিতা-মাতার ভরণ-পোষণ আইন, ২০১৩, ধারা ২] সংজ্ঞা — বিষয় বা প্রসঙ্গের পরিপন্থী কোন কিছু না থাকিলে, এই আইনে—(ক) “পিতা” অর্থ এমন ব্যক্তি যিনি সন্তানের জনক;(খ) “ভরণ
6. <local_government_827_s56> [উপজেলা পরিষদ আইন, ১৯৯৮, ধারা ৫৬] অপরাধ — পঞ্চম তফসিলে বর্ণিত কোন করণীয় কাজ না করা এবং করণীয় নয় এই প্রকার কাজ করা এই আইনের অধীন দণ্ডনীয় অপরাধ হইবে।
7. <other_726_s56> [বান্দরবান পার্বত্য জেলা পরিষদ আইন, ১৯৮৯, ধারা ৫৬] অপরাধ — তৃতীয় তফসিলে বর্ণিত কোন করণীয় কাজ না করা এবং করণীয় নয় এই প্রকার কাজ করা এই আইনের অধীন দণ্ডনীয় অপরাধ হইবে।
8. <other_724_s56> [রাংগামাটি পার্বত্য জেলা পরিষদ আইন, ১৯৮৯, ধারা ৫৬] অপরাধ — তৃতীয় তফসিলে বর্ণিত কোন করণীয় কাজ না করা এবং করণীয় নয় এই প্রকার কাজ করা এই আইনের অধীন দণ্ডনীয় অপরাধ হইবে।
9. <other_725_s56> [খাগড়াছড়ি পার্বত্য জেলা পরিষদ আইন, ১৯৮৯, ধারা ৫৬] অপরাধ — তৃতীয় তফসিলে বর্ণিত কোন করণীয় কাজ না করা এবং করণীয় নয় এই প্রকার কাজ করা এই আইনের অধীন দণ্ডনীয় অপরাধ হইবে।
10. <other_1429_s31> [আয়কর আইন, ২০২৩, ধারা ৩১] আয় একীভূতকরণ — (১) এই আইনে ভিন্নরূপ কিছু না থাকিলে, নিম্নবর্ণিত আয়সমূহ কোনো ব্যক্তির মোট আয়ের অন্তর্ভুক্ত হইবে, যথা:-(ক) উক",family_1444_s5,own_search,answered,1,Sorup
prot_0066_02,Sarwad,VERIFY,"আমার এক আত্মীয় সরকারি চাকরি করতেন, বর্তমানে পেনশন পাচ্ছেন। আমার কাছ থেকে কয়েক দফায় দুই লাখ ৮৮ হাজার টাকা নেন ভারতে ব্যবসা করবেন বলে; পরে এক দফায় ৩৫ হাজার টাকা দেন। বাকি টাকা আর ফেরত দিচ্ছেন না। তিনি ভারতের নাগরিকত্ব নিয়েছেন। বেশির ভাগ সময় সেখানেই থাকেন। শুধু পেনশনের টাকা ওঠানোর জন্য বাংলাদেশে আসেন। দেখাও করেন না। এখন আমি এই টাকার জন্য কীভাবে আইনি ব্যবস্থা নিতে পারি। দ্বৈত নাগরিকত্ব নিয়েও তিনি বাংলাদেশ সরকারের পেনশন নিচ্ছেন। নিজের সব অর্থসম্পদ ভারত নিয়ে গেছেন। এ অবস্থায় দেশের অর্থসম্পদ ভিন্ন দেশে স্থানান্তরের জন্য কোনো শাস্তি হবে কি না? তিনি আইনগতভাবে সরকারি পেনশন পান কি না? তিনি সোনালী ব্যাংকের মাধ্যমে পেনশন তুলছেন","1. <other_1418_s15> [বাংলাদেশ সুপ্রীম কোর্টের বিচারক (ছুটি, পেনশন, ধারা ১৫] ধারা ১৩ এর আওতাবহির্ভূত বিচারকগণের পেনশন নির্ধারণ — কোনো বিচারক উক্ত পদে নিযুক্তির পূর্বে বাংলাদেশ জুডিসিয়াল সার্ভিসে কর্মরত থাকিলে এবং ধারা ১৩ তে উল্লিখিত শর্ত 
2. <other_1418_s14> [বাংলাদেশ সুপ্রীম কোর্টের বিচারক (ছুটি, পেনশন, ধারা ১৪] ধারা ১৩ এর আওতাভুক্ত বিচারকদের পেনশন নির্ধারণ — ধারা ১৩ এর অধীন পেনশন প্রাপ্তির অধিকারী কোনো বিচারকের পেনশনের পরিমাণ নিম্নরূপে নির্ধারিত হইবে, যথা :-(ক) যিনি 
3. <other_1418_s21_p2> [বাংলাদেশ সুপ্রীম কোর্টের বিচারক (ছুটি, পেনশন, ধারা ২১] আনুতোষিক ও পারিবারিক পেনশন — হিসাবে প্রাপ্য হইতেন।(৩) কোনো বিচারক, অবসর গ্রহণের পর তাহার গ্রস-পেনশনের সম্পূর্ণ অংশ সমর্পণ করিতে পারিবেন এবং
4. <other_1421_s15> [সর্বজনীন পেনশন ব্যবস্থাপনা আইন, ২০২৩, ধারা ১৫] পেনশন সহায়তাকারী অফিসসমূহ — (১) এই আইনের উদ্দেশ্য পূরণকল্পে, কর্তৃপক্ষ, সরকারের সহিত পরামর্শক্রমে, সর্বজনীন পেনশন ব্যবস্থা পরিচালনা, পেনশন
5. <other_1421_s14_p1> [সর্বজনীন পেনশন ব্যবস্থাপনা আইন, ২০২৩, ধারা ১৪] সর্বজনীন পেনশন ব্যবস্থাপনা — হইবে;(জ) মাসিক অথবা ত্রৈমাসিক ভিত্তিতে চাঁদা প্রদান করা যাইবে এবং অগ্রিম ও কিস্তিতে জমা প্রদানের সুযোগ থাকিবে;
6. <other_1421_s2> [সর্বজনীন পেনশন ব্যবস্থাপনা আইন, ২০২৩, ধারা ২] সংজ্ঞা — বিষয় বা প্রসঙ্গের পরিপন্থি কোনো কিছু না থাকিলে, এই আইনে-(১) “অস্বচ্ছল চাঁদাদাতা” অর্থ পেনশন স্কিমে চাঁদা প্রদ
7. <other_1138_s30> [গ্রামীণ ব্যাংক আইন, ২০১৩, ধারা ৩০] দণ্ড, ইত্যাদি — (১) যদি কোন ব্যক্তি এই আইনের অধীন প্রার্থিত বা মঞ্জুরীকৃত কোন ঋণ বা সুবিধার জন্য ব্যাংককে প্রদত্ত কোন মালিকানা
8. <other_1149_s33> [পল্লী  সঞ্চয় ব্যাংক আইন, ২০১৪, ধারা ৩৩] দণ্ড, ইত্যাদি — (১) যদি কোন ব্যক্তি এই আইনের অধীন প্রার্থিত বা মঞ্জুরীকৃত কোন ঋণ বা সুবিধার জন্য ব্যাংককে প্রদত্ত কোন মালিকানা
9. <other_1421_s7> [সর্বজনীন পেনশন ব্যবস্থাপনা আইন, ২০২৩, ধারা ৭] কর্তৃপক্ষের দায়িত্ব ও কার্যাবলি — এই আইনের উদ্দেশ্য পূরণকল্পে, কর্তৃপক্ষের দায়িত্ব ও কার্যাবলি হইবে নিম্নরূপ, যথাঃ-(ক) সর্বজনীন পেনশন পদ্ধতি চা
10. <constitutional_957_s66> [গণপ্রজাতন্ত্রী বাংলাদেশের সংবিধান, অনুচ্ছেদ ৬৬] সংসদে নির্বাচিত হইবার যোগ্যতা ও অযোগ্যতা — (১) কোন ব্যক্তি বাংলাদেশের নাগরিক হইলে এবং তাঁহার বয়স পঁচিশ বৎসর পূর্ণ হইলে এই অনুচ্ছেদের (২) দফায় বর্ণিত বি","criminal_procedure_11_s420, other_1088_s4, other_242_s14",own_search,answered,1,Sorup
prot_0030_02,Sarwad,VERIFY,"আজ থেকে ছয় মাস আগে জোর করে আমার স্বামী আমাকে বিয়ে করে এবং সাদা স্ট্যাম্পে আমার সই নিয়ে এফিডেভিট করে যে আমি স্বেচ্ছায়, বিনা প্ররোচনায় তাকে বিয়ে করেছি, যা সম্পূর্ণ মিথ্যা। এতে আমার পরিবার আমাকে বর্জন করে। তাকে তো আমি স্বামী হিসেবে মানতে পারছি না। প্রথমত, আমি স্নাতক (সম্মান) ইংরেজির ছাত্রী ছিলাম আর সে বলতে গেলে নিরক্ষর। এ ছাড়া তার পরিবার, বাড়ির লোক, পরিবেশ, জীবনধারা, আদর্শ কিছুই আমার সঙ্গে সামঞ্জস্যপূর্ণ নয়। আমি চাচ্ছি তাকে তালাক দিয়ে নতুন করে জীবন সাজাতে। কিন্তু সে আমাকে শাসাচ্ছে যে আমি তালাক দিলে সে আত্মহত্যা করবে এবং তার বাড়ির লোকেরা আমার নামে মামলা দেবে। বিয়ের কোনো কাগজও আমার কাছে নেই। আমি কীভাবে তালাক দিতে পারি? নাম-ঠিকানা প্রকাশে অনিচ্ছুক","1. <other_924_s2> [ব্যক্তি মালিকানাধীন সড়ক পরিবহন শ্রমিক কল্যাণ, ধারা ২] সংজ্ঞা — বিষয় বা প্রসঙ্গের পরিপন্থী কিছু না থাকিলে, এই আইনে-(ক) “কল্যাণ তহবিল” অর্থ ধারা ৪ এর অধীন গঠিত কল্যাণ তহবিল;(
2. <other_943_s2> [বাংলাদেশ শ্রমিক কল্যাণ ফাউন্ডেশন আইন, ২০০৬, ধারা ২] সংজ্ঞা — বিষয় বা প্রসঙ্গের পরিপন্থী কিছু না থাকিলে, এই আইনে-(ক) “অপ্রাতিষ্ঠানিক খাত” অর্থ এইরূপ বেসরকারী খাত যেখানে কর
3. <other_912_s2> [বাংলাদেশ কর্মচারী কল্যাণ বোর্ড আইন, ২০০৪, ধারা ২] সংজ্ঞা — বিষয় বা প্রসংগের পরিপন্থী কোন কিছু না থাকিলে, এই আইনে,-(ক) “আঞ্চলিক কমিটি” অর্থ ধারা ৮ এর অধীন গঠিত বোর্ডের আ
4. <other_1483_s5> [পরিত্যক্ত বাড়ি (সম্পূরক বিধানাবলি) আইন, ২০২৩, ধারা ৫] পরিত্যক্ত বাড়ির তালিকা হইবার পর স্বার্থ দাবি করিয়া আবেদন — ধারা ৪ এর উপ-ধারা (১) এর দফা (ক) ও (খ) এ বর্ণিত ক্ষেত্র ব্যতীত অন্যান্য ক্ষেত্রে কোনো বাড়ির উপর কোনো অধিকার ব
5. <other_1246_s204> [ক্যান্টনমেন্ট আইন, ২০১৮, ধারা ২০৪] মামলার নোটিশ প্রদান — (১) কোনো ব্যক্তি বোর্ডের কোনো আদেশ দ্বারা সংক্ষুব্ধ হইয়া কোনো দেওয়ানি মামলা দায়ের করিতে চাহিলে, তিনি তামাদি
6. <labour_952_s7> [বাংলাদেশ শ্রম আইন, ২০০৬, ধারা ৭] সার্ভিস বইয়ের ফরম — (১) সার্ভিস বই বিধি দ্বারা নির্ধারিত মাপে ও ফরমে রৰিত হইবে, এবং উহাতে শ্রমিকের একটি ফটো সংযোজিত থাকিবে।(২) সার
7. <other_1485_s2> [বাংলাদেশ পুলিশ কল্যাণ তহবিল আইন, ২০২৩, ধারা ২] সংজ্ঞা — বিষয় বা প্রসঙ্গের পরিপন্থি কোনো কিছু না থাকিলে, এই আইনে,-(১) ""কর্মচারী"" অর্থ-(ক) পুলিশ ইন্সপেক্টরের নিম্ন পদম
8. <other_1287_s26> [উদ্ভিদের জাত সংরক্ষণ আইন, ২০১৯, ধারা ২৬] অপরাধ ও দণ্ড — (১) কোনো ব্যক্তি সংরক্ষিত জাতের মিথ্যা নামকরণ করিলে, বানিবন্ধিত কোনো জাতের বাণিজ্যিক ব্যবহারকালে স্বেচ্ছায় কো
9. <land_1449_s2_p1> [ভূমি উন্নয়ন কর আইন, ২০২৩, ধারা ২] সংজ্ঞা — অর্থ শুধু কৃষিকার্য বা চাষাবাদ করিয়া জীবন ও জীবিকা নির্বাহ করিয়া থাকেন এইরূপ কোনো ব্যক্তি বা পরিবার;(৭) ‘কৃষ
10. <other_1483_s10_p1> [পরিত্যক্ত বাড়ি (সম্পূরক বিধানাবলি) আইন, ২০২৩, ধারা ১০] পরিত্যক্ত বাড়ি নিয়ন্ত্রণ, ব্যবস্থাপনা এবং নিষ্পত্তি সংক্রান্ত বোর্ড — গণপূর্ত বিভাগ সদস্য-সচিব।(২) পরিত্যক্ত বাড়ি নিয়ন্ত্রণ, ব্যবস্থাপনা এবং নিষ্পত্তির জন্য বোর্ডের দায়িত্ব ও কা","family_180_s2_p1, family_305_s8",own_search,answered,1,Sorup
prot_0120_02,Sarwad,VERIFY,"আইনের কোনো ব্যবস্থায় রেকর্ড থেকে চাচাদের নাম বাদ এবং ০.৪০ শতাংশ পুরো জায়গা আমাদের নামে রেকর্ডভুক্ত করতে পারি, সে বিষয় পরামর্শ দিলে উপকার হবে। রিক্তা বেগম, কিশোরগঞ্জ। পরামর্শ: আপনারা দাগ নম্বর সংশোধনের জন্য দেওয়ানি আদালতের আশ্রয় নিতে পারেন। আপনি দেওয়ানি আদালতে রেকর্ড সংশোধনের জন্য ঘোষণামূলক মোকদ্দমা দায়ের করতে পারেন। জমা খারিজের কারণে মামলার ক্ষতি হবে?","1. <other_679_s16> [ভূমি-খতিয়ান (পার্বত্য চট্টগ্রাম) অধ্যাদেশ, ১, ধারা ১৬] আদালতের এখতিয়ারের প্রতিবন্ধক — ভূমি-খতিয়ান প্রস্তুত বা সংশোধনের নির্েদশ সংক্রান্ত কোন আদেশ বা ভূমি-খতিয়ান প্রস্তুত বা সংশোধন সম্পর্িকত কোন 
2. <other_1472_s53> [বাংলাদেশ পেটেন্ট আইন, ২০২৩, ধারা ৫৩] দেওয়ানি কার্যবিধির প্রয়োগ — এই আইনের অন্যান্য বিধানাবলি সাপেক্ষে, এই আইনের অধীন মোকদ্দমা দায়ের এবং আইনগত কার্যধারা ও আদালতের কার্যপদ্ধতির
3. <land_1220_s39> [স্থাবর সম্পত্তি অধিগ্রহণ ও হুকুমদখল আইন, ২০১, ধারা ৩৯] জেলা প্রশাসক এবং আরবিট্রেটরের দেওয়ানি আদালতের কতিপয় ক্ষমতা — নিম্নবর্ণিত ক্ষেত্রে দেওয়ানি কার্যবিধির অধীন দেওয়ানি আদালতের যে ক্ষমতা রহিয়াছে এই আইনের অধীনে কোনো কার্যধার
4. <other_788_s43> [কোম্পানী আইন, ১৯৯৪, ধারা ৪৩] সদস্য-বহি সংশোধনের জন্য আদালতের ক্ষমতা — (১) যদি-(ক) পর্যাপ্ত কারণ ব্যতিরেকে কোন ব্যক্তির নাম কোন কোম্পানীর সদস্য-বহিতে লিপিবদ্ধ করা হয় কিংবা উহা হইতে
5. <other_1429_s338> [আয়কর আইন, ২০২৩, ধারা ৩৩৮] দায়মুক্তি — (১) কোনো ব্যক্তি এই আইনের ক্ষমতাবলে অপর কোনো ব্যক্তির আয় হইতে কোনো কর কর্তন, সংগ্রহ, ধারণ বা পরিশোধ করিলে, উক
6. <consumer_1452_s83> [কপিরাইট আইন, ২০২৩, ধারা ৮৩] দেওয়ানি প্রতিকারের জন্য মামলা দায়ের — কপিরাইট লঙ্ঘনজনিত প্রত্যেক দেওয়ানি মামলা বা অন্য কোনো দেওয়ানি কার্যধারা সংশ্লিষ্ট এলাকার এখতিয়ারসম্পন্ন জেল
7. <land_1449_s18> [ভূমি উন্নয়ন কর আইন, ২০২৩, ধারা ১৮] দেওয়ানি আদালতের এখতিয়ার বারিত — এই আইনের অধীন সরকার কর্তৃক নির্ধারিত বিভিন্ন শ্রেণির ভূমির ভূমি উন্নয়ন কর হারের বিরুদ্ধে কোনো দেওয়ানি আদালতে
8. <other_1476_s252> [কাস্টমস আইন, ২০২৩, ধারা ২৫২] দেওয়ানি আদালতে মামলা দায়ের বারিত — বোর্ড বা সরকার কর্তৃক কাস্টমস শুল্ক বা কর ধার্য, আরোপ, অব্যাহতি, শুল্কায়ন বা আদায় সম্পর্কিত কোনো আদেশ বা, ক্
9. <other_1685_s6> [বন ও বৃক্ষ সংরক্ষণ আইন, ২০২৬, ধারা ৬] বনভূমির জরিপ ও রেকর্ড — (১) বৃক্ষাচ্ছাদন থাকুক বা না-ই থাকুক, গেজেট দ্বারা ঘোষিত বনভূমি বন বিভাগের নামে রেকর্ড নিশ্চিত করিতে হইবে। (২)
10. <other_1684_s56> [মানব পাচার ও অভিবাসী চোরাচালান প্রতিরোধ ও দম, ধারা ৫৬] ক্ষতিপূরণ আদায়ে দেওয়ানি মামলা করিবার অধিকার — ফৌজদারি মামলা দায়ের করিবার অধিকার ক্ষুণ্ন না করিয়া মানব পাচার বা অভিবাসী চোরাচালানের শিকার কোনো ব্যক্তি বা ত","other_36_s42_p0, land_241_s143",own_search,answered,1,Sorup
ajke_0198_01,Sarwad,VERIFY,প্রশ্ন: আমার বান্ধবীর স্বামী একজন প্রবাসী এবং আট বছর ধরে দেশের বাইরে আছেন। আট বছরে তার স্বামী মাত্র দুইবার দেশে এসেছেন এক বা দুই মাসের জন্য। তারা নিঃসন্তান। এদিকে সন্তান হচ্ছে না বলে বান্ধবী শ্বশুরবাড়িতে প্রতিনিয়ত শারীরিক ও মানসিক নির্যাতনের সম্মুখীন হচ্ছে। পরিবার আর্থিকভাবে অতটা সচ্ছল নয়। তাই তারা মামলা-মোকদ্দমায় যেতে চাইছে না। মেয়েকে তারা আবারও বিয়ে দিতে চায়। কিন্তু বারবার বলার পরও বান্ধবীর স্বামী তাকে তালাক দিচ্ছে না। এ ক্ষেত্রে বান্ধবীর বা তার পরিবারের করণীয় কী? স্বামী বিদেশে থাকা অবস্থায় তাকে কি তালাক দিতে পারবে? তালাক দেওয়া গেলে কীভাবে দিতে হবে? সেক্ষেত্রে আমার বান্ধবী দেনমোহরের টাকা পাবে কি না?,"1. <other_1485_s9> [বাংলাদেশ পুলিশ কল্যাণ তহবিল আইন, ২০২৩, ধারা ৯] মৃত্যু এবং অক্ষমতাজনিত কারণে এককালীন এবং মাসিক কল্যাণ অনুদান — (১) কোনো কর্মচারী বা তাহার মৃত্যু হইলে তাহার স্ত্রী বা, ক্ষেত্রমত, স্বামী, বিধি দ্বারা নির্ধারিত পদ্ধতিতে, নিম
2. <other_1266_s2_p3> [বাংলাদেশ মুক্তিযোদ্ধা কল্যাণ ট্রাস্ট আইন, ২০, ধারা ২] সংজ্ঞা — বা স্বামী এবং পিতা-মাতার অবর্তমানে খেতাবপ্রাপ্ত বীর মুক্তিযোদ্ধার সন্তান; বা(উ) (অ)-(ঈ) পর্যন্ত বর্ণিত ব্যক্তি
3. <other_1418_s21_p2> [বাংলাদেশ সুপ্রীম কোর্টের বিচারক (ছুটি, পেনশন, ধারা ২১] আনুতোষিক ও পারিবারিক পেনশন — হিসাবে প্রাপ্য হইতেন।(৩) কোনো বিচারক, অবসর গ্রহণের পর তাহার গ্রস-পেনশনের সম্পূর্ণ অংশ সমর্পণ করিতে পারিবেন এবং
4. <other_1429_s31> [আয়কর আইন, ২০২৩, ধারা ৩১] আয় একীভূতকরণ — (১) এই আইনে ভিন্নরূপ কিছু না থাকিলে, নিম্নবর্ণিত আয়সমূহ কোনো ব্যক্তির মোট আয়ের অন্তর্ভুক্ত হইবে, যথা:-(ক) উক
5. <other_924_s2> [ব্যক্তি মালিকানাধীন সড়ক পরিবহন শ্রমিক কল্যাণ, ধারা ২] সংজ্ঞা — বিষয় বা প্রসঙ্গের পরিপন্থী কিছু না থাকিলে, এই আইনে-(ক) “কল্যাণ তহবিল” অর্থ ধারা ৪ এর অধীন গঠিত কল্যাণ তহবিল;(
6. <other_857_s11> [বাংলাদেশ টেলিযোগাযোগ নিয়ন্ত্রণ আইন, ২০০১, ধারা ১১] পরিবারের সদস্যের কতিপয় স্বার্থ সম্পর্কে কমিশনারের দায়িত্ব — (১) কোন কমিশনারের পরিবারের কোন সদস্য যদি ধারা ১০(২)(ছ)- েত উলিস্্নখিত স্বার্থ অর্জন বা ধারণ করেন, তাহা হইলে তি
7. <other_912_s2> [বাংলাদেশ কর্মচারী কল্যাণ বোর্ড আইন, ২০০৪, ধারা ২] সংজ্ঞা — বিষয় বা প্রসংগের পরিপন্থী কোন কিছু না থাকিলে, এই আইনে,-(ক) “আঞ্চলিক কমিটি” অর্থ ধারা ৮ এর অধীন গঠিত বোর্ডের আ
8. <other_943_s2> [বাংলাদেশ শ্রমিক কল্যাণ ফাউন্ডেশন আইন, ২০০৬, ধারা ২] সংজ্ঞা — বিষয় বা প্রসঙ্গের পরিপন্থী কিছু না থাকিলে, এই আইনে-(ক) “অপ্রাতিষ্ঠানিক খাত” অর্থ এইরূপ বেসরকারী খাত যেখানে কর
9. <other_863_s7> [বাংলাদেশ শিল্পী কল্যাণ ট্রাস্ট আইন, ২০০১, ধারা ৭] ট্রাস্টের কার্যাবলী — ট্রাস্টের কার্যাবলী হইবে নিম্নরূপ, যথা:-(ক) সাধারণভাবে অসচ্ছল শিল্পীদের কল্যাণ সাধন;(খ) শিল্পীদের কল্যাণার্থে 
10. <other_1417_s21> [আন্তর্জাতিক উদরাময় গবেষণা কেন্দ্র, বাংলাদেশ,, ধারা ২১] কর্মচারীগণের দায়মুক্তি ও অধিকারসমূহ — সভাপতি, সদস্য, নির্বাহী পরিচালক এবং কর্মচারী-(ক) তাহাদের দাপ্তরিক ক্ষমতার অধীন সরল বিশ্বাসে কৃত কোনো কার্যের জ","family_180_s2_p1, family_180_s5",own_search,answered,2,Sorup
prot_0066_05,Sarwad,VERIFY,"আমি যখন স্নাতক (সম্মান) শেষ বর্ষের ছাত্র, তখন আমাদের বাড়ির পাশের প্রাইমারি স্কুলের এক শিক্ষিকার সঙ্গে আমার বড় ভাইয়ের বিয়ের কথা চলছিল। এরপর হঠাৎ একদিন আমার বড় ভাই অসুস্থ হয়ে মারা যান। আমি মানসিকভাবে একেবারে ভেঙে পড়ি। মেয়েটিও খুব কষ্ট পায়। সেই থেকে মেয়েটি প্রায়ই আমাদের বাড়িতে আসত, সবার খোঁজখবর নিত। এভাবে মেয়েটির সঙ্গে আমার ঘনিষ্ঠতা বাড়তে থাকে। একপর্যায়ে আমরা পরস্পরকে ভালোবেসে ফেলি। কিন্তু কিছুদিন যেতে না-যেতেই এক প্রবাসী ছেলের সঙ্গে তার বিয়ে হয়ে যায়। অনেক দিন পর মুঠোফোনের মাধ্যমে মেয়েটির সঙ্গে আমি যোগাযোগ করলে সে তার ভুল স্বীকার করে। এরপর আবার তার সঙ্গে সম্পর্ক হয়। বিয়ের পর মেয়েটি এক দিনের জন্যও সুখী হতে পারেনি। মেয়েটির স্বামী প্রায় সময়ই দেশের বাইরে অবস্থান করেন। মেয়েটি তার শিক্ষকতার স্বল্প আয়ে দুটি অবুঝ সন্তান নিয়ে কোনোভাবে দিন যাপন করছে। মেয়েটির স্বামী আমাদের ব্যাপারে সবকিছুই জানেন। আমাকে তিনি কয়েকবার এই ব্যাপারে হুমকিও দিয়েছেন। এখন আমরা পেছনের সবকিছু ভুলে যদি আবার নতুন করে জীবন শুরু করি, তাহলে কি কেনো আইনি জটিলতায় পড়ব?","1. <other_1718_s29_p2> [অর্থ (২০২৫-২০২৬ অর্থ বৎসর) আইন, ২০২৬, ধারা ২৯] ২০২৩ সনের ১২ নং আইনের ধারা ২ এর সংশোধন — অথবা যেইক্ষেত্রে উক্ত পনেরোতম দিন সেপ্টেম্বর মাসের পনেরোতম দিনের পূর্বের তারিখে পড়ে, সেইক্ষেত্রে আয়বর্ষ সমাপ
2. <other_1429_s2_p4> [আয়কর আইন, ২০২৩, ধারা ২] সংজ্ঞা — পরবর্তী সেপ্টেম্বর মাসের পনেরোতম দিন;(গ) পূর্বে কখনোই রিটার্ন দাখিল করেন নাই এইরূপ স্বাভাবিক ব্যক্তি করদাতার ক
3. <other_1725_s97_p1> [অর্থ আইন, ২০২৬, ধারা ৯৭] ২০২৩ সনের ১২ নং আইনের ধারা ১৭০ এর সংশোধন — করের ৫% (পাঁচ শতাংশ) অথবা ৫ (পাঁচ) হাজার টাকা, যাহা অধিক সেই পরিমাণ অতিরিক্ত কর প্রযোজ্য হইবে । (খ) পূর্বে কখন
4. <other_1266_s2_p2> [বাংলাদেশ মুক্তিযোদ্ধা কল্যাণ ট্রাস্ট আইন, ২০, ধারা ২] সংজ্ঞা — জামায়াতে ইসলামী এবং তাহাদের সহযোগী রাজাকার, আলবদর, আলশামস বাহিনীর বিরুদ্ধে গণপ্রজাতন্ত্রী বাংলাদেশের স্বাধীনত
5. <labour_952_s117> [বাংলাদেশ শ্রম আইন, ২০০৬, ধারা ১১৭] মজুরীসহ বাৎসরিক ছুটি — (১) কোন প্রতিষ্ঠানে অবিচ্ছিন্নভাবে এক বৎসর চাকুরী পূর্ণ করিয়াছেন এমন প্রত্যেক প্রাপ্ত বয়স্ক শ্রমিককে পরবর্তী
6. <other_1417_s21> [আন্তর্জাতিক উদরাময় গবেষণা কেন্দ্র, বাংলাদেশ,, ধারা ২১] কর্মচারীগণের দায়মুক্তি ও অধিকারসমূহ — সভাপতি, সদস্য, নির্বাহী পরিচালক এবং কর্মচারী-(ক) তাহাদের দাপ্তরিক ক্ষমতার অধীন সরল বিশ্বাসে কৃত কোনো কার্যের জ
7. <other_1429_s31> [আয়কর আইন, ২০২৩, ধারা ৩১] আয় একীভূতকরণ — (১) এই আইনে ভিন্নরূপ কিছু না থাকিলে, নিম্নবর্ণিত আয়সমূহ কোনো ব্যক্তির মোট আয়ের অন্তর্ভুক্ত হইবে, যথা:-(ক) উক
8. <other_788_s77> [কোম্পানী আইন, ১৯৯৪, ধারা ৭৭] কোম্পানীর নিবন্ধিকৃত কার্যালয় ও নাম — (১) কোম্পানীর কার্যাবলী (business) আরম্ভ করার দিন অথবা উহা নিগমিত হওয়ার তারিখের পর অষ্টবিংশতিতম দিন, এই দুইয়
9. <women_children_835_s14> [নারী ও শিশু নির্যাতন দমন আইন, ২০০০, ধারা ১৪] সংবাদ মাধ্যমে 1 [নির্যাতনের শিকার] নারী ও শিশুর পরিচয় প্রকাশের ব্যাপারে বাধা-নিষেধ — (১) এই আইনে বর্ণিত অপরাধের শিকার হইয়াছেন এইরূপ নারী বা শিশুর ব্যাপারে সংঘটিত অপরাধ বা তত্সম্পর্কিত আইনগত কার্
10. <other_1485_s9> [বাংলাদেশ পুলিশ কল্যাণ তহবিল আইন, ২০২৩, ধারা ৯] মৃত্যু এবং অক্ষমতাজনিত কারণে এককালীন এবং মাসিক কল্যাণ অনুদান — (১) কোনো কর্মচারী বা তাহার মৃত্যু হইলে তাহার স্ত্রী বা, ক্ষেত্রমত, স্বামী, বিধি দ্বারা নির্ধারিত পদ্ধতিতে, নিম","criminal_procedure_11_s494, criminal_procedure_11_s497",own_search,answered,2,Sorup
prot_0107_02,Sarwad,VERIFY,সন্তানের মা অন্যত্র বিয়ে করেছেন কি না তা উল্লেখ করেননি। তবে সন্তানকে দেখতে পাওয়ার অধিকার আপনার আছে। এ জন্য আপনি চাইলে পারিবারিক আদালতের আশ্রয় নিতে পারেন। ছেলেসন্তানকে ফেরত পেতে সন্তানের সাত বছর পূর্ণ হওয়া পর্যন্ত অপেক্ষা করতে হবে। আসামি পলাতক থাকলে পরিণাম কী?,"1. <women_children_835_s13> [নারী ও শিশু নির্যাতন দমন আইন, ২০০০, ধারা ১৩] (১) অন্য কোন আইনে ভিন্নতর যাহা কিছুই থাকুক না কেন, ধর্ষণের কারণে কোন সন্তান জন্মলাভ করিলে-(ক) উক্ত সন্তানকে তা
2. <women_children_1063_s17> [পারিবারিক সহিংসতা (প্রতিরোধ ও সুরক্ষা) আইন, , ধারা ১৭] নিরাপদ হেফাজত আদেশ — আপাততঃ বলবৎ অন্য কোন আইনে যাহা কিছুই থাকুক না কেন, আদালত এই আইনের অধীন আবেদন বিবেচনার যে কোন পর্যায়ে সংক্ষুব্
3. <women_children_1063_s15_p1> [পারিবারিক সহিংসতা (প্রতিরোধ ও সুরক্ষা) আইন, , ধারা ১৫] বসবাস আদেশ — অংশ বিশেষ সংক্ষুব্ধ ব্যক্তির অনুকূলে দখলে রাখিবার আদেশ প্রদান করা হইলেও উক্ত আদেশ উক্ত বাসগৃহে প্রতিপক্ষের স্ব
4. <women_children_1063_s2> [পারিবারিক সহিংসতা (প্রতিরোধ ও সুরক্ষা) আইন, , ধারা ২] সংজ্ঞা — - বিষয় বা প্রসঙ্গের পরিপন্থী কিছু না থাকিলে, এই আইনে-(১)""অর্ন্তব র্তীকালীন সুরক্ষা আদেশ""অর্থ ধারা ১৩ এর অধীন 
5. <other_1132_s2> [পিতা-মাতার ভরণ-পোষণ আইন, ২০১৩, ধারা ২] সংজ্ঞা — বিষয় বা প্রসঙ্গের পরিপন্থী কোন কিছু না থাকিলে, এই আইনে—(ক) “পিতা” অর্থ এমন ব্যক্তি যিনি সন্তানের জনক;(খ) “ভরণ
6. <family_1444_s28> [পারিবারিক আদালত আইন, ২০২৩, ধারা ২৮] কতিপয় আইনের বিধানাবলির প্রযোজ্যতা ও অপ্রযোজ্যতা — (১) এই আইন বা তদধীন প্রণীত কোনো বিধিতে ভিন্নরূপ কিছু উল্লেখ না থাকিলে,Evidence Act, 1872(Act No.1 of 1872) এবং
7. <women_children_1119_s69> [শিশু আইন, ২০১৩, ধারা ৬৯] পলাতক শিশু সম্পর্কে করণীয় — (১) আপাতত বলবৎ অন্য কোন আইন এবং এই আইনের অন্যান্য বিধানে ভিন্নরূপ যাহা কিছুই থাকুক না কেন, কোন পুলিশ কর্মকর্তা
8. <family_1444_s26> [পারিবারিক আদালত আইন, ২০২৩, ধারা ২৬] মুসলিম পারিবারিক আইনের বিধানকে প্রভাবিত না করা — (১) এই আইনের কোনো কিছুই মুসলিম পরিবারিক আইন অথবা তদধীন প্রণীত বিধিমালার কোনো বিধানকে প্রভাবিত করিবে না।(২) যেক
9. <other_1429_s31> [আয়কর আইন, ২০২৩, ধারা ৩১] আয় একীভূতকরণ — (১) এই আইনে ভিন্নরূপ কিছু না থাকিলে, নিম্নবর্ণিত আয়সমূহ কোনো ব্যক্তির মোট আয়ের অন্তর্ভুক্ত হইবে, যথা:-(ক) উক
10. <other_1132_s7> [পিতা-মাতার ভরণ-পোষণ আইন, ২০১৩, ধারা ৭] অপরাধ বিচারার্থ গ্রহণ ও বিচার — (১)Code of Criminal Procedure, 1898(Act V of 1898) এ যাহা কিছুই থাকুক না কেন, এই আইনের অধীন সংঘটিত অপরাধ ১ম শ্","criminal_procedure_75_s87, criminal_procedure_75_s88_p0",own_search,answered,2,Sorup
prot_0017_01,Sarwad,VERIFY,"তাঁর স্ত্রী ও তিন মেয়ে আছে, কোনো ছেলে নেই। তবে বড় মেয়ের বিয়ে হয়েছে এবং বাকিরা এখনো আমাদের সঙ্গে যৌথ পরিবারে থাকেন। বড় ভাইয়ের নামে বেশ কিছু সম্পত্তি আছে। ২০০৮ সালে আমাদের বাবা মারা যান। আমার প্রশ্ন, বড় ভাই, বাবার আগেই মারা যাওয়ায় ‘হিন্দু আইনে’ তিনি বা তাঁর তিন মেয়ে আমার বাবার সম্পত্তির ওয়ারিশ কি না?","1. <other_822_s10> [পার্বত্য চট্টগ্রাম আঞ্চলিক পরিষদ আইন, ১৯৯৮, ধারা ১০] সম্পত্তি সম্পর্কিত ঘোষণা — চেয়ারম্যান ও প্রত্যেক সদস্য তাহার কার্যভার গ্রহণের পূর্বে তাহার এবং তাঁহার পরিবারের কোন সদস্যের স্বত্ব, দখল ব
2. <local_government_1027_s41> [স্থানীয় সরকার (ইউনিয়ন পরিষদ) আইন, ২০০৯, ধারা ৪১] সম্পত্তি সম্পর্কিত ঘোষণা — চেয়ারম্যান ও সদস্য তাঁহার কার্যভার গ্রহণের পূর্বে তাঁহার এবং তাঁহার পরিবারের কোন সদস্যের স্বত্ব, দখল বা স্বার
3. <local_government_827_s10> [উপজেলা পরিষদ আইন, ১৯৯৮, ধারা ১০] সম্পত্তি সম্পর্কিত ঘোষণা — 14[চেয়ারম্যান ও ভাইস চেয়ারম্যান ] তাঁহার কার্যভার গ্রহণের পূর্বে তাঁহার এবং তাঁহার পরিবারের কোন সদস্যের স্বত
4. <criminal_procedure_1012_s34> [সিলেট মহানগরী পুলিশ আইন, ২০০৯, ধারা ৩৪] জনস্বার্থে গান-বাজনা ইত্যাদি নিয়ন্ত্রণ — কোন এলাকার জনসাধারণ বা কোন ব্যক্তি বিশেষের অসুবিধা বা বিরক্তি দূরীকরণের জন্য প্রয়োজন মনে করিলে পুলিশ কমিশনার 
5. <local_government_1027_s2_p1> [স্থানীয় সরকার (ইউনিয়ন পরিষদ) আইন, ২০০৯, ধারা ২] সংজ্ঞা — শহর হিসাবে ঘোষিত নয় এইরূপ এলাকা;(১৩) 'চেয়ারম্যান' অর্থ ইউনিয়ন পরিষদের চেয়ারম্যান;(১৪) 'জনপথ' অর্থ সর্বসাধা
6. <criminal_procedure_765_s33> [রাজশাহী মহানগরী পুলিশ আইন, ১৯৯২, ধারা ৩৩] গান-বাজনা, ইত্যাদি নিষেধ বা নিয়ন্ত্রণ করার ব্যাপারে পুলিশ কমিশনারের ক্ষমতা — কোন এলাকার জনসাধারণ বা কোন ব্যক্তি বিশেষের অসুবিধা বা বিরক্তি দূরীকরণের জন্য প্রয়োজন মনে করিলে, পুলিশ কমিশনার
7. <other_1156_s25> [মেট্রোরেল আইন, ২০১৫, ধারা ২৫] ক্ষতিপূরণ প্রদান — মেট্রোরেল পরিচালনাকালে উহা হইতে উদ্ভূত দুর্ঘটনার ফলে যদি কোন ব্যক্তি আঘাতপ্রাপ্ত বা ক্ষতিগ্রস্ত হন বা আঘাতপ্রা
8. <other_1201_s27> [বাস র‍্যাপিড ট্রানজিট (বিআরটি) আইন, ২০১৬, ধারা ২৭] ক্ষতিপূরণ প্রদান — বিআরটি পরিচালনাকালে উহা হইতে উদ্ভূত দুর্ঘটনার ফলে যদি কোনো ব্যক্তি আঘাতপ্রাপ্ত বা ক্ষতিগ্রস্ত হন বা আঘাতপ্রাপ্
9. <other_1170_s15> [বাংলাদেশ  সরকারি-বেসরকারি অংশীদারিত্ব আইন, ২, ধারা ১৫] জাতীয় অগ্রাধিকার প্রকল্প — (১) দেশের আর্থ-সামাজিক উন্নয়ন ত্বরান্বিত করিবার বা জনসাধারণের বড় ধরনের কোন দূর্ভোগ দ্রুত নিরসনের প্রয়োজনে চ
10. <other_1143_s6> [ভোজ্যতেলে ভিটামিন ‘এ’ সমৃদ্ধকরণ আইন, ২০১৩, ধারা ৬] ভিটামিন ‘এ’ সমৃদ্ধ ভোজ্যতেলের বোতল, প্যাকেট, টিন বা অন্যান্য আধারের গায়ে ব্যবহার্য মোড়ক (label) — (১) ভোজ্যতেল সমৃদ্ধকারী বা পরিশোধনকারী কর্তৃক বিক্রয় বা সরবরাহের উদ্দেশ্যে সংরক্ষিত বা প্রদর্শিত ভোজ্যতেলের ব",other_171_s3,own_search,answered,1,Sorup
prot_0085_06,Sarwad,VERIFY,"চার বছর ধরে আমার একজন সহকর্মীর সঙ্গে সম্পর্ক তৈরি হয়। আমার সহকর্মী হিন্দু। এই সম্পর্কের মধ্যে তিন বছর আগেই ও আর আমি হিন্দুধর্মমতে বিয়ে করি। আমি নিজেকে ওর স্ত্রী বলে দাবি করি। শাঁখা ও সিঁদুর পরিধান করি। তবে আমি আমার ধর্ম ত্যাগ করিনি। ও নিজেও করেনি। এ সময়ে আমরা দুজন একত্রে এক বাসায় অবস্থান করছি। এখন আমার বাসায় আমার বিয়ের জন্য খুব চাপ দিচ্ছে। আপনার কাছে আমার জিজ্ঞাসা, আমাদের বিয়ে কি আইনগত বৈধ? যদি না হয় তবে নিজেদের ধর্ম ঠিক রেখে আমরা কীভাবে স্বামী-স্ত্রীর মতো আইনত বসবাস করতে পারি? আমি কি হিন্দুধর্ম গ্রহণ করে ওকে বিয়ে করতে পারি? আমার বাড়িতে খুব তাড়াতাড়ি আমার বিয়ের ব্যবস্থা হচ্ছে। জিসা ঢাকা","1. <land_1109_s8> [ওয়াক্‌ফ (সম্পত্তি হস্তান্তর ও উন্নয়ন) বিশেষ , ধারা ৮] হস্তান্তরের উদ্দেশ্যে বিশেষ কমিটি — (১) এই আইনের অধীন ওয়াক্ফ সম্পত্তি হস্তান্তরের বিষয়ে সুপারিশ প্রদানের লক্ষ্যে নিম্নবর্ণিত সদস্য সমন্বয়ে বিশে
2. <family_1105_s6> [হিন্দু বিবাহ নিবন্ধন আইন, ২০১২, ধারা ৬] বিবাহ নিবন্ধিকরণ পদ্ধতি — (১) হিন্দু ধর্ম, রীতি-নীতি ও আচার-অনুষ্ঠান অনুযায়ী হিন্দু বিবাহ সম্পন্ন হওয়ার পর উক্ত বিবাহের দালিলিক প্রমাণ
3. <other_1271_s22> [সরকারি চাকরি আইন, ২০১৮, ধারা ২২] কল্যাণমূলক ব্যবস্থা — (১) সরকার বা, ক্ষেত্রমত, উপযুক্ত কর্তৃপক্ষ সরকারি কর্মচারী ও তাহার পরিবারের সদস্যগণের কল্যাণে শিক্ষা, চিকিৎসা,
4. <other_880_s6> [ইমাম ও মুয়াজ্জিন কল্যাণ ট্রাস্ট আইন, ২০০১, ধারা ৬] ট্রাস্টী বোর্ডের গঠন — (১) ট্রাস্টী বোর্ড নিম্নবর্ণিত সদস্য সমন্বয়ে গঠিত হইবে, যথা:-(ক) সচিব, ধর্ম বিষয়ক মন্ত্রণালয়, পদাধিকারবলে, 
5. <other_1170_s25> [বাংলাদেশ  সরকারি-বেসরকারি অংশীদারিত্ব আইন, ২, ধারা ২৫] স্বার্থের সংঘাত — বেসরকারি অংশীদার নির্বাচন প্রক্রিয়ায় দরপত্র মূল্যায়নের সহিত জড়িত কোন ব্যক্তির নিকট যদি প্রতীয়মান হয় যে, 
6. <labour_952_s98> [বাংলাদেশ শ্রম আইন, ২০০৬, ধারা ৯৮] সংবাদপত্র শ্রমিকের জন্য চিকিৎসা পরিচর্যা — প্রত্যেক সংবাদপত্র শ্রমিক এবং তাহার উপর নির্ভরশীলগণ সংবাদপত্র প্রতিষ্ঠানের খরচে বিধি দ্বারা নির্ধারিত পন্থায় 
7. <constitutional_957_s2ক> [গণপ্রজাতন্ত্রী বাংলাদেশের সংবিধান, অনুচ্ছেদ ২ক] প্রজাতন্ত্রের রাষ্ট্রধর্ম ইসলাম, তবে হিন্দু, বৌদ্ধ, খ্রীষ্টানসহ অন্যান্য ধর্ম পালনে রাষ্ট্র সমমর্যাদা ও সমঅধিক
8. <other_1173_s2> [বাংলাদেশ চা শ্রমিক কল্যাণ তহবিল আইন, ২০১৬, ধারা ২] সংজ্ঞা — বিষয় বা প্রসঙ্গের পরিপন্থী কোন কিছু না থাকিলে, এই আইনে,(১) ‘‘চেয়ারম্যান’’ অর্থ বোর্ডের চেয়ারম্যান;(২) ‘‘তহব
9. <other_770_s8> [বাংলাদেশ উন্মুক্ত বিশ্ববিদ্যালয় আইন, ১৯৯২, ধারা ৮] জাতি-ধর্ম-নির্বিশেষে সকলের জন্য বিশ্ববিদ্যালয় উন্মুক্ত — (১) যে কোন জাতি, ধর্ম, বর্ণ, গোত্র ও শ্রেণীর পুরুষ ও মহিলার জন্য বিশ্ববিদ্যালয় উন্মুক্ত থাকিবে।(২) উপ-ধারা (১
10. <road_transport_1262_s84> [সড়ক পরিবহণ আইন, ২০১৮, ধারা ৮৪] কর্তৃপক্ষ কর্তৃক নির্ধারিত কোনো মোটরযানের কারিগরি বিনির্দেশ অমান্য সংক্রান্ত ধারা ৪০ এর বিধান লঙ্ঘনের দণ্ড — যদি কোনো ব্যক্তি ধারা ৪০ এর বিধান লঙ্ঘন করেন, তাহা হইলে উক্ত লঙ্ঘন হইবে একটি অপরাধ, এবং তজ্জন্য তিনি অনধিক ৩ (",other_25_s2,own_search,answered,2,Sorup
prot_0056_01,Sarwad,VERIFY,কিছুদিন আগে আমি আমার এক পরিচিত ব্যক্তিকে একটি বিশেষ কাজ করার জন্য ৫০ হাজার টাকা দিয়েছিলাম। টাকা দেওয়ার সময় একটি ১৫০ টাকার স্ট্যাম্পে চুক্তি করেছিলাম যে সঠিক সময়ে কাজ সম্পূর্ণ করতে না পারলে আমার টাকা ফেরত দিতে হবে। নির্ধারিত সময়ে তিনি আমার কাজ করতে পারেননি। এখন শর্ত অনুুযায়ী তাঁর কাছে টাকা ফেরত চাইলে তিনি আমাকে এড়িয়ে যান। এমনকি তিনি আমাকে ধমক দিয়ে বলেন যে ১৫০ টাকার স্ট্যাম্পের আজকাল কোনো মূল্য নেই। এই পরিস্থিতিতে তাঁর কাছ থেকে টাকা আদায় করার ক্ষেত্রে আমার করণীয় কী?মো. সুমনঠাকুরগাঁও,"1. <labour_952_s287> [বাংলাদেশ শ্রম আইন, ২০০৬, ধারা ২৮৭] অনুমোদিত অনুপস্থিতির সময়ে মঞ্জুরীরর বিনিময়ে কাজ করার দন্ড — কোন মহিলা, চতুর্থ অধ্যায়ের বিধি মোতাবেক তাহার মালিক কর্তৃক অনুমোদিত অনুপস্থিতিকালে, নগদ অর্থ অথবা জিনিসের বিন
2. <other_1443_s2_p2> [বাংলাদেশ ক্ষুদ্র ও কুটির শিল্প কর্পোরেশন আইন, ধারা ২] সংজ্ঞা — স্থায়ী সম্পদের মূল্য প্রতিস্থাপন ব্যয়সহ অন্যূন ১৫ (পনেরো) কোটি ১ (এক) টাকা হইতে অনধিক ৫০ (পঞ্চাশ) কোটি টাকা,
3. <other_1246_s176> [ক্যান্টনমেন্ট আইন, ২০১৮, ধারা ১৭৬] উপ-আইন ভঙ্গ করার ক্ষেত্রে দণ্ড — (১) যদি কোনো ব্যক্তি এই আইনের অধীনে প্রণীত কোনো উপ-আইন লঙ্ঘন করেন, তাহা হইলে, তিনি-(ক) অনধিক ১ (এক) হাজার টাকা
4. <other_891_s86> [অর্থ আইন, ২০০২, ধারা ৮৬] ১৯৯১ সনের ২২ নং আইনের ধারা ৪০ এর সংশোধন — মূল্য সংযোজন কর আইনের ধারা ৪০ এর দফা (খ) এর টেবিলের পরিবর্তে নিম্নরূপ টেবিল প্রতিস্থাপিত হইবে, যথা:-“টেবিলন্যা
5. <other_1149_s8> [পল্লী  সঞ্চয় ব্যাংক আইন, ২০১৪, ধারা ৮] অনুমোদিত মূলধন — (১) ব্যাংকের অনুমোদিত মূলধন হইবে এক হাজার কোটি টাকা।(২) অনুমোদিত মূলধন প্রতিটি ১০০ (একশত) টাকার ১০ (দশ) কোটি স
6. <other_788_s342> [কোম্পানী আইন, ১৯৯৪, ধারা ৩৪২] লিকুইডেটর কর্তৃক ব্যাংকে টাকা জমাদান — (১) আদালত কর্তৃক অবলুপ্ত হইতেছে এইরূপ কোম্পানীর প্রত্যেক লিকুইডেটর তত্কর্তৃক গৃহীত সকল টাকা নির্ধারিত পদ্ধতিতে
7. <other_813_s6> [বাংলাদেশ কমার্স এন্ড ইনভেষ্টমেন্ট লিমিটেড (প, ধারা ৬] মূলধন বা শেয়ার মূল্য পরিশোধের পদ্ধতি — (১) “ক” শ্রেণীর শেয়ারহোল্ডার নগদ অর্থ প্রদানের মাধ্যমে শেয়ার মূল্য পরিশোধ করিবেন এবং উক্ত শ্রেণীর শেয়ারহোল্
8. <other_1195_s29> [চা আইন, ২০১৬, ধারা ২৯] দণ্ড — যদি কোন ব্যক্তি-(ক) ধারা ১৬ ও ২১ ব্যতীত এই আইনের কোন বিধান লঙ্ঘন করেন, বা(খ) এই আইনের অধীন জারীকৃত কোন আদেশ বা
9. <other_1246_s132> [ক্যান্টনমেন্ট আইন, ২০১৮, ধারা ১৩২] নির্মাণ সমাপ্তিকরণের সময়সীমা — (১) বোর্ড, ইতঃপূর্বে উল্লিখিতরূপে কোনো ইমারতের নির্মাণ বা পুনঃনির্মাণ অনুমোদনের সময়, কাজ শুরু হইবার পর নির্মা
10. <labour_1285_s151> [বাংলাদেশ ইপিজেড শ্রম আইন, ২০১৯, ধারা ১৫১] অন্যায় আচরণের জন্য দণ্ড — (১) কোনো ব্যক্তি ধারা ১১৫ এর উপ-ধারা (১) এ বর্ণিত কোনো কাজ করিলে, তিনি ৫০ (পঞ্চাশ) হাজার টাকা পর্যন্ত অর্থদণ্ড",other_26_s73,own_search,answered,2,Sorup
prot_0065_02,Sarwad,VERIFY,"আমার বাবা একজন সরকারি চাকরিজীবী। আমরা তিন বোন। আমার কোনো ভাই নেই। বাবা কিছুদিন পর চাকরি থেকে অবসর নেবেন। আমার বাবার দুই ভাই ও দুই বোন। আমার দাদি এখনও বেঁচে আছেন। আমার চাচা, ফুফু ও দাদি বাবার পেনশনের টাকার অংশীদার হতে চান।প্রশ্ন হচ্ছে, তাঁরা আইনগতভাবে কি এই টাকার অংশীদার হবেন? পেনশনের পুরো টাকা কি আমাদের তিন বোনের প্রাপ্য? আমার বাবা যদি নিজ ইচ্ছায় এই টাকা থেকে কিছু তাঁদের দিয়ে দেন, তবে আইনগতভাবে আমাদের, মানে তিন বোনের ও আমার মায়ের করণীয় কী?নাম প্রকাশে অনিচ্ছুক","1. <other_1682_s2_p0> [মানবদেহে অঙ্গ-প্রত্যঙ্গ সংযোজন আইন, ২০২৬, ধারা ২] সংজ্ঞা — বিষয় বা প্রসঙ্গের পরিপন্থি কোনো কিছু না থাকিলে, এই আইনে- (১) “অঙ্গ-প্রত্যঙ্গ” অর্থ মানবদেহের কিডনি, হৃৎপিণ্ড,
2. <other_1418_s21_p0> [বাংলাদেশ সুপ্রীম কোর্টের বিচারক (ছুটি, পেনশন, ধারা ২১] আনুতোষিক ও পারিবারিক পেনশন — (১) ধারা ১৪ এর দফা (ক) এর বিধান অনুযায়ী কোনো বিচারক অবসরের পর বা তাহার মৃত্যুতে তাহার পরিবার যে পরিমাণ গ্রস-প
3. <other_1349_s2> [আকাশপথে পরিবহণ (মন্ট্রিল কনভেনশন) আইন, ২০২০, ধারা ২] বিষয়বাপ্রসঙ্গেরপরিপন্থিকোনোকিছুনাথাকিলে,এইআইনে-(ক)‘অভ্যন্তরীণপরিবহণ’অর্থআকাশপথে পরিবহণেপক্ষসমূহেরমধ্যেসম্পাদি
4. <other_1148_s2> [বাংলাদেশ সাংবাদিক কল্যাণ ট্রাস্ট আইন, ২০১৪, ধারা ২] সংজ্ঞা — বিষয় বা প্রসঙ্গের পরিপন্থী কোন কিছু না থাকিলে, এই আইনে-(১) ‘‘চেয়ারম্যান’’ অর্থ বোর্ডের চেয়ারম্যান;(২) ‘‘ট্র
5. <women_children_1207_s8> [বাল্যবিবাহ নিরোধ আইন, ২০১৭, ধারা ৮] বাল্যবিবাহ সংশ্লিষ্ট পিতা-মাতাসহ অন্যান্য ব্যক্তির শাস্তি — পিতা-মাতা, অভিভাবক অথবা অন্য কোন ব্যক্তি, আইনগতভাবে বা আইনবহির্ভূতভাবে কোন অপ্রাপ্ত বয়স্ক ব্যক্তির উপর কর্তৃত
6. <other_1158_s21> [ফরমালিন নিয়ন্ত্রণ আইন, ২০১৫, ধারা ২১] লাইসেন্সের শর্ত ভঙ্গ করার দণ্ড — কোন ব্যক্তি যদি এই আইনের অধীন প্রদত্ত লাইসেন্সের কোন শর্ত ভঙ্গ করেন, তাহা হইলে উক্ত ব্যক্তির উক্ত কার্য হইবে এ
7. <other_1266_s2_p3> [বাংলাদেশ মুক্তিযোদ্ধা কল্যাণ ট্রাস্ট আইন, ২০, ধারা ২] সংজ্ঞা — বা স্বামী এবং পিতা-মাতার অবর্তমানে খেতাবপ্রাপ্ত বীর মুক্তিযোদ্ধার সন্তান; বা(উ) (অ)-(ঈ) পর্যন্ত বর্ণিত ব্যক্তি
8. <other_1158_s23> [ফরমালিন নিয়ন্ত্রণ আইন, ২০১৫, ধারা ২৩] লাইসেন্স ব্যতীত ফরমালিন পরিবহন বা দখলে রাখার দণ্ড — কোন ব্যক্তি যদি লাইসেন্স ব্যতীত ফরমালিন পরিবহন করেন বা দখলে রাখেন, তাহা হইলে উক্ত ব্যক্তির উক্ত কার্য হইবে একট
9. <other_1158_s26> [ফরমালিন নিয়ন্ত্রণ আইন, ২০১৫, ধারা ২৬] মিথ্যা বা হয়রানিমূলক মামলা দায়েরের দণ্ড — যদি কোন ব্যক্তি অপর কোন ব্যক্তির বিরুদ্ধে এই আইনের অধীন কোন অপরাধের বিষয়ে কোন মামলা দায়ের করেন এবং যদি তদন্ত
10. <other_902_s42> [বাংলাদেশ এনার্জি রেগুলেটরী কমিশন আইন, ২০০৩, ধারা ৪২] শাস্তি — যদি কোন ব্যক্তি এই আইন, বিধি বা প্রবিধানের বিধান লঙ্ঘন করেন, তিনি অনধিক ৩ (তিন) বত্সরের কারাদণ্ড বা অন্যুন ৫,০",none,none,not_found,1,Sorup
prot_0062_03,Sarwad,VERIFY,২০০৭ সালে আমার বিয়ে হয়। আমার স্বামী বহুজাতিক প্রতিষ্ঠানে কর্মরত। আমাদের একটি সন্তানও আছে। আমি চাকরি খুঁজছি। বিয়ের পর থেকে এখন পর্যন্ত স্বামী আমাদের ভরণপোষণ দেয় না। আমাকে সে সন্দেহ করে। আমার নামে কুৎসা রটায়। এখন আমি বাবার বাড়িতে আছি। ভরণপোষণ চাইলে সে উল্টো ধমক দেয়। আমার মা-বাবাও কোনো সাহায্য করছেন না। কীভাবে আমি আমার দেনমোহর ও ভরণপোষণের টাকা পেতে পারি?,"1. <women_children_835_s13> [নারী ও শিশু নির্যাতন দমন আইন, ২০০০, ধারা ১৩] (১) অন্য কোন আইনে ভিন্নতর যাহা কিছুই থাকুক না কেন, ধর্ষণের কারণে কোন সন্তান জন্মলাভ করিলে-(ক) উক্ত সন্তানকে তা
2. <family_1444_s5> [পারিবারিক আদালত আইন, ২০২৩, ধারা ৫] পারিবারিক আদালতের এখতিয়ার — মুসলিম পারিবারিক আইনের বিধানাবলি সাপেক্ষে, পারিবারিক আদালতে নিম্নরূপ সকল বা যেকোনো বিষয় সম্পর্কিত বা উহা হইতে
3. <labour_952_s179_p2> [বাংলাদেশ শ্রম আইন, ২০০৬, ধারা ১৭৯] রেজিস্ট্রিকরণের জন্য প্রয়োজনীয় বিষয়াদি — সম্পর্কযুক্ত কি না এইরূপ কোন সন্দেহ বা বিরোধ দেখা দেয় সে ক্ষেত্রে বিষয়টি নিষ্পত্তির জন্য শ্রম পরিচালকের নিকট
4. <labour_952_s204> [বাংলাদেশ শ্রম আইন, ২০০৬, ধারা ২০৪] 1 [মজুরী হইতে চাঁদা কর্তন ( চেক-অফ)] — (১) যৌথ দরকষাকষি প্রতিনিধি অনুরোধ করিলে যে কোন মালিক তার প্রতিষ্ঠানে কর্মরত শ্রমিকগণের, যাহারা ঐ সিবিএ ইউনিয়ন
5. <other_1485_s9> [বাংলাদেশ পুলিশ কল্যাণ তহবিল আইন, ২০২৩, ধারা ৯] মৃত্যু এবং অক্ষমতাজনিত কারণে এককালীন এবং মাসিক কল্যাণ অনুদান — (১) কোনো কর্মচারী বা তাহার মৃত্যু হইলে তাহার স্ত্রী বা, ক্ষেত্রমত, স্বামী, বিধি দ্বারা নির্ধারিত পদ্ধতিতে, নিম
6. <other_1266_s2_p3> [বাংলাদেশ মুক্তিযোদ্ধা কল্যাণ ট্রাস্ট আইন, ২০, ধারা ২] সংজ্ঞা — বা স্বামী এবং পিতা-মাতার অবর্তমানে খেতাবপ্রাপ্ত বীর মুক্তিযোদ্ধার সন্তান; বা(উ) (অ)-(ঈ) পর্যন্ত বর্ণিত ব্যক্তি
7. <labour_952_s98> [বাংলাদেশ শ্রম আইন, ২০০৬, ধারা ৯৮] সংবাদপত্র শ্রমিকের জন্য চিকিৎসা পরিচর্যা — প্রত্যেক সংবাদপত্র শ্রমিক এবং তাহার উপর নির্ভরশীলগণ সংবাদপত্র প্রতিষ্ঠানের খরচে বিধি দ্বারা নির্ধারিত পন্থায় 
8. <other_743_s4> [দানকর আইন, ১৯৯০, ধারা ৪] কতিপয় দানের ক্ষেত্রে অব্যাহতি — (১) নিম্নবর্ণিত ক্ষেত্রসমূহে কোন ব্যক্তির কৃত দানের উপর এই আইনের অধীন কোন দানকর আরোপযোগ্য হইবে না, যথা :-(ক) দ
9. <other_934_s16> [সার ব্যবস্থাপনা আইন, ২০০৬, ধারা ১৬] ব্রান্ডের অপ-ব্যবহার (Misbranding) — (১) কোন ব্যক্তি সারের নির্দিষ্ট কোন ব্রান্ডের পরিবর্তন ঘটাইয়া (Misbranding Fertilizer) উহা সরবরাহ, বিপণন বা ব
10. <other_1429_s31> [আয়কর আইন, ২০২৩, ধারা ৩১] আয় একীভূতকরণ — (১) এই আইনে ভিন্নরূপ কিছু না থাকিলে, নিম্নবর্ণিত আয়সমূহ কোনো ব্যক্তির মোট আয়ের অন্তর্ভুক্ত হইবে, যথা:-(ক) উক","family_1444_s5, family_305_s9",own_search,answered,2,Sorup
prot_0079_03,Sarwad,VERIFY,"আমি স্নাতকোত্তর পর্যায়ে পড়ছি। আমার বয়স ২৮ বছর। কিছুদিন আগে একজনের সঙ্গে আমার সম্পর্ক হয়। তাঁর বয়স ২৪। আমরা বিয়ে করার সিদ্ধান্ত নিই। কিন্তু সমস্যা হলো, ওই ছেলে বাড়িতে আমার ব্যাপারে কথা বললে জানতে পারে তার বাবা-মা তাকে তিন বছর বয়সে দুই বছর বয়সী এক মেয়ের সঙ্গে বিয়ে দেন। কিন্তু এ কথা ছেলেমেয়ে কেউ জানে না। পড়ালেখার ক্ষতি হবে বলে তাকে জানানো হয়নি। ছেলেটি বিয়ের কথা জানার সঙ্গে সঙ্গে ওই মেয়েকে তালাকনামা পাঠায়। কিন্তু তার মা-বাবা আমাকে মেনে নিচ্ছেন না। এখন ছেলেটি মানসিকভাবে ভেঙে পড়েছে, সঙ্গে আমিও। ওই মেয়েটি কি আইনগতভাবে তার স্ত্রী হওয়ার অধিকার পেতে পারে? উল্লেখ্য, তাদের বিয়ের আইনসম্মত কোনো দলিল নেই। আর এ পর্যায়ে আমি কী করতে পারি? আমি ছেলেটিকে বিয়ে করতে চাই, সেটি কীভাবে সম্ভব?নাম প্রকাশে অনিচ্ছুক","1. <other_1126_s8> [প্রতিবন্ধী ব্যক্তির অধিকার ও সুরক্ষা আইন, ২০, ধারা ৮] বাকপ্রতিবন্ধিতা (speech disability) — নিম্নবর্ণিত দফাসমূহে উল্লিখিত বৈশিষ্ট্যসমূহের মধ্যে এক বা একাধিক বৈশিষ্ট্যের অধিকারী ব্যক্তি ‘বাকপ্রতিবন্ধী ব্
2. <other_1124_s7> [মাতৃদুগ্ধ বিকল্প, শিশু খাদ্য, বাণিজ্যিকভাবে , ধারা ৭] শিক্ষামূলক বা অন্যান্য তথ্যাদি — জন্ম-পূর্ববর্তী বা জন্ম-পরবর্তী সেবা দানের উদ্দেশ্যে কোন গর্ভবতী মহিলা বা মাতৃদুগ্ধদানকারী বা শিশুর মায়েদের স
3. <other_775_s26> [বাংলাদেশ সিকিউরিটিজ অ্যান্ড এক্সচেঞ্জ কমিশন , ধারা ২৬] জটিলতার নিরসনের ক্ষমতা — (১) এই আইনের বিধানাবলী কার্যকর করার ক্ষেত্রে কোন অসুবিধা দেখা দিলে সরকার উক্ত অসুবিধা দূরীকরণার্থে, আদেশ দ্বার
4. <other_813_s20> [বাংলাদেশ কমার্স এন্ড ইনভেষ্টমেন্ট লিমিটেড (প, ধারা ২০] জটিলতা নিরসনের ক্ষমতা — (১) এই আইনের বিধানাবলী কার্যকর করার ক্ষেত্রে কোন অসুবিধা দেখা দিলে সরকার উক্ত অসুবিধা দূরীকরণার্থে, আদেশ দ্বার
5. <labour_952_s311> [বাংলাদেশ শ্রম আইন, ২০০৬, ধারা ৩১১] বয়স প্রমাণের দায়িত্ব — (১) কোন ব্যক্তি কোন নির্দিষ্ট বয়সের কম বা বেশী বয়সী হওয়ার কারণে তাহার কোন কাজ যদি এই আইনের অধীনে দণ্ডযোগ্য 
6. <labour_1285_s24> [বাংলাদেশ ইপিজেড শ্রম আইন, ২০১৯, ধারা ২৪] চাকরি হইতে অবসর গ্রহণ — (১) এই অধ্যায়ের অন্যত্র যাহা কিছুই উল্লে­খ থাকুক না কেন, কোনো প্রতিষ্ঠানে নিয়োজিত কোনো শ্রমিকের বয়স ৬০ (ষাট
7. <labour_952_s95> [বাংলাদেশ শ্রম আইন, ২০০৬, ধারা ৯৫] চা-বাগানে বিনোদন ও শিক্ষার সুবিধা — সরকার চা বাগান সম্পর্কে-(ক) বিধি প্রণয়ন করিয়া উহার প্রত্যেক মালিককে সেখানে নিযুক্ত শ্রমিকগণ এবং তাহাদের শিশু
8. <road_transport_1262_s84> [সড়ক পরিবহণ আইন, ২০১৮, ধারা ৮৪] কর্তৃপক্ষ কর্তৃক নির্ধারিত কোনো মোটরযানের কারিগরি বিনির্দেশ অমান্য সংক্রান্ত ধারা ৪০ এর বিধান লঙ্ঘনের দণ্ড — যদি কোনো ব্যক্তি ধারা ৪০ এর বিধান লঙ্ঘন করেন, তাহা হইলে উক্ত লঙ্ঘন হইবে একটি অপরাধ, এবং তজ্জন্য তিনি অনধিক ৩ (
9. <other_1016_s11> [বাংলাদেশ ইউনিভার্সিটি অব প্রফেশনালস আইন, ২০০, ধারা ১১] ভাইস-চ্যান্সেলর নিয়োগ — (১) চ্যান্সেলর, তদকর্তৃক নির্ধারিত শর্তে, মেজর জেনারেল বা তদূর্ধ্ব পদবীর, চাকুরীরত বা অবসরপ্রাপ্ত, কোন কর্মকর্
10. <other_1403_s40> [মোংলা বন্দর কর্তৃপক্ষ আইন, ২০২২, ধারা ৪০] দণ্ড — কোনো ব্যক্তি যদি এই আইন ও বিধির কোনো বিধান লঙ্ঘন করেন তাহা হইলে উক্ত লঙ্ঘন হইবে একটি অপরাধ এবং তজ্জন্য তিনি অন",family_305_s7,own_search,answered,1,Sorup
prot_0053_04,Sarwad,VERIFY,আমার স্বামী মারা গেছেন ১৯৯১ সালে। তখন তাঁর মা-বাবা জীবিত ছিলেন। এখন আমার স্বামীর মা-বাবা দুজনই মৃত। আমার স্বামী কিছু সম্পত্তি কিনে নিজ নামে নিবন্ধন করেছিলেন। তাঁর নামেই নামজারি আছে। মা-বাবা মারা যাওয়ার পর স্বামীর ভাইয়েরা তাঁর সম্পত্তির তিন ভাগের এক ভাগ দাবি করছেন।আমার স্বামীর ওয়ারিশ হিসেবে আমি এবং আমার দুই ছেলে ও দুই মেয়ে রয়েছে। এখন এই সম্পত্তি কি শুধু আমরা পাব? না তাঁর ভাইয়েরাও আংশিক পাবে?নাম প্রকাশে অনিচ্ছুক,"1. <women_children_835_s11> [নারী ও শিশু নির্যাতন দমন আইন, ২০০০, ধারা ১১] যৌতুকের জন্য মৃত্যু ঘটানো, ইত্যাদির শাস্তি — যদি কোন নারীর স্বামী অথবা স্বামীর পিতা, মাতা, অভিভাবক, আত্মীয় বা স্বামীর পক্ষে অন্য কোন ব্যক্তি যৌতুকের জন্য 
2. <other_1266_s2_p2> [বাংলাদেশ মুক্তিযোদ্ধা কল্যাণ ট্রাস্ট আইন, ২০, ধারা ২] সংজ্ঞা — জামায়াতে ইসলামী এবং তাহাদের সহযোগী রাজাকার, আলবদর, আলশামস বাহিনীর বিরুদ্ধে গণপ্রজাতন্ত্রী বাংলাদেশের স্বাধীনত
3. <other_822_s10> [পার্বত্য চট্টগ্রাম আঞ্চলিক পরিষদ আইন, ১৯৯৮, ধারা ১০] সম্পত্তি সম্পর্কিত ঘোষণা — চেয়ারম্যান ও প্রত্যেক সদস্য তাহার কার্যভার গ্রহণের পূর্বে তাহার এবং তাঁহার পরিবারের কোন সদস্যের স্বত্ব, দখল ব
4. <other_1725_s21_p29> [অর্থ আইন, ২০২৬, ধারা ২১] ২০১২ সনের ৪৭ নং আইনের দ্বিতীয় তফসিলের সংশোধন — ডলার পর্যন্ত ৪৫ (ঘ) মূল্যসীমা ১০০০০০ মা. ডলার এর ঊর্ধ্ব হইতে ২০০০০০ মা. ডলার পর্যন্ত ৬০ (ঙ) মূল্যসীমা ২০০০০০ ম
5. <local_government_1027_s41> [স্থানীয় সরকার (ইউনিয়ন পরিষদ) আইন, ২০০৯, ধারা ৪১] সম্পত্তি সম্পর্কিত ঘোষণা — চেয়ারম্যান ও সদস্য তাঁহার কার্যভার গ্রহণের পূর্বে তাঁহার এবং তাঁহার পরিবারের কোন সদস্যের স্বত্ব, দখল বা স্বার
6. <local_government_827_s10> [উপজেলা পরিষদ আইন, ১৯৯৮, ধারা ১০] সম্পত্তি সম্পর্কিত ঘোষণা — 14[চেয়ারম্যান ও ভাইস চেয়ারম্যান ] তাঁহার কার্যভার গ্রহণের পূর্বে তাঁহার এবং তাঁহার পরিবারের কোন সদস্যের স্বত
7. <labour_952_s98> [বাংলাদেশ শ্রম আইন, ২০০৬, ধারা ৯৮] সংবাদপত্র শ্রমিকের জন্য চিকিৎসা পরিচর্যা — প্রত্যেক সংবাদপত্র শ্রমিক এবং তাহার উপর নির্ভরশীলগণ সংবাদপত্র প্রতিষ্ঠানের খরচে বিধি দ্বারা নির্ধারিত পন্থায় 
8. <land_1455_s10> [ভূমি সংস্কার আইন, ২০২৩, ধারা ১০] বর্গাদারের মৃত্যুর পর বর্গাভূমির চাষ — (১) কোনো বর্গাদার বর্গাচুক্তির মেয়াদ শেষ হইবার পূর্বে মারা গেলে, উহার মেয়াদ শেষ না হওয়া পর্যন্ত অথবা এই আইন
9. <other_812_s32> [দেউলিয়া বিষয়ক আইন, ১৯৯৭, ধারা ৩২] অব্যাহতিপ্রাপ্ত সম্পত্তি — এই আইনের অন্য কোন বিধানে যাহা কিছুই থাকুক না কেন, একক দেনাদারের নিম্্নবর্ণিত সম্পত্তির দখল ২৩ ধারার অধীনে গ্রহ
10. <labour_952_s2_p5> [বাংলাদেশ শ্রম আইন, ২০০৬, ধারা ২] সংজ্ঞাসমূহ — ব্যবহার করা হয় বা ব্যবহারযোগ্য, এবং কোন টাগ বা ফ্লাট এবং বার্জও ইহার অর্ন্তভুক্ত হইবে;(২৮) ""প্রশাসনিক শ্রমিক""",other_173_s2,own_search,answered,2,Sorup
prot_0010_03,Sarwad,VERIFY,বাংলাদেশে হিন্দু মেয়েদের বাবার সম্পত্তিতে অধিকার আছে কি?,"1. <other_812_s82> [দেউলিয়া বিষয়ক আইন, ১৯৯৭, ধারা ৮২] উদ্বৃত্ত সম্পত্তিতে দেউলিয়ার অধিকার — এই আইন দ্বারা আরোপিত হারে সুদ এবং তদধীন গৃহীত কার্যধারার ব্যয়সহ পাওনাদারগণের সম্পূর্ণ পাওনা পরিশোধের পর যদি ক
2. <other_817_s6> [বিমান-নিরাপত্তা বিরোধী অপরাধ দমন আইন, ১৯৯৭, ধারা ৬] বিমান হইতে নামাইয়া দেওয়া ইত্যাদি কারণে বাংলাদেশে প্রবেশের অধিকার না জন্মানো — ধারা ৩ এর অধীনে বিমানের কোন আরোহীকে বাংলাদেশে নামাইয়া দেওয়া হইয়াছে বা বাংলাদেশের যথাযথ কর্তৃপক্ষের নিকট তাহ
3. <family_1105_s2> [হিন্দু বিবাহ নিবন্ধন আইন, ২০১২, ধারা ২] সংজ্ঞা — বিষয় বা প্রসঙ্গের পরিপন্থী কোন কিছু না থাকিলে, এই আইনে,-(ক) ‘‘হিন্দু’’ অর্থ বাংলাদেশের হিন্দু ধর্মাবলম্বী কোন
4. <family_1105_s3> [হিন্দু বিবাহ নিবন্ধন আইন, ২০১২, ধারা ৩] হিন্দু বিবাহ নিবন্ধন — (১) অন্য কোন আইন, প্রথা ও রীতি-নীতিতে যাহা কিছুই থাকুক না কেন, হিন্দু বিবাহের দালিলিক প্রমাণ সুরক্ষার উদ্দেশ্য
5. <other_1087_s24> [অপরাধ সম্পর্কিত বিষয়ে পারস্পরিক সহায়তা আইন, , ধারা ২৪] তৃতীয় পক্ষের অধিকার — (১) ফ্রিজিং বা আটক বা বাজেয়াপ্তির আদেশ কার্যকরকরণের পদক্ষেপ গ্রহণের পূর্বে সংশ্লিষ্ট সম্পত্তিতে স্বার্থ সংশ্ল
6. <family_1105_s1> [হিন্দু বিবাহ নিবন্ধন আইন, ২০১২, ধারা ১] সংক্ষিপ্ত শিরোনাম, প্রয়োগ ও প্রবর্তন — (১) এই আইনহিন্দু বিবাহ নিবন্ধন আইন, ২০১২নামে অভিহিত হইবে।(২) ইহা নাগরিকত্ব নির্বিশেষে বাংলাদেশে বসবাসরত সকল হি
7. <money_recovery_1468_s3_p2> [সুরক্ষিত লেনদেন (অস্থাবর সম্পত্তি) আইন, ২০২৩, ধারা ৩] আইনের প্রযোজ্যতা ও অপ্রযোজ্যতা — চালানের অধীন কোনো চালান প্রাপকের নিকট পণ্য সরবরাহকারী; বা(উ) অস্থাবর সম্পত্তিতে যে কোনো সম্পত্তি সংক্রান্ত অধি
8. <family_1105_s4> [হিন্দু বিবাহ নিবন্ধন আইন, ২০১২, ধারা ৪] বিবাহ নিবন্ধক নিয়োগ — (১) এই আইনের অধীন হিন্দু বিবাহ নিবন্ধনের উদ্দেশ্যে, সরকার, সিটি কর্পোরেশন এলাকার ক্ষেত্রে তদ্কর্তৃক সময় সময় 
9. <family_1105_s5> [হিন্দু বিবাহ নিবন্ধন আইন, ২০১২, ধারা ৫] হিন্দু বিবাহ নিবন্ধনের ক্ষেত্রে বিধি-নিষেধ — অন্য কোন আইনে যাহা কিছুই থাকুক না কেন, ২১ (একুশ) বৎসরের কম বয়স্ক কোন হিন্দু পুরুষ বা ১৮ (আঠার) বৎসরের কম বয়স
10. <family_1105_s6> [হিন্দু বিবাহ নিবন্ধন আইন, ২০১২, ধারা ৬] বিবাহ নিবন্ধিকরণ পদ্ধতি — (১) হিন্দু ধর্ম, রীতি-নীতি ও আচার-অনুষ্ঠান অনুযায়ী হিন্দু বিবাহ সম্পন্ন হওয়ার পর উক্ত বিবাহের দালিলিক প্রমাণ",unanswerable,none,unanswerable,2,Sorup
prot_0027_01,Sarwad,VERIFY,"আমি হিন্দু, ইসলাম ধর্মের একটা ছেলেকে ভালোবাসি। ছেলেটাও আমাকে ভালোবাসে। আমার বয়স ২৬ আর ছেলেটার বয়স ২৮ বছর। আমাদের সম্পর্কের বয়স চার বছর। আমরা বিয়ে করব সিদ্ধান্ত নিয়েছি। যেহেতু আমরা দুজন ভিন্ন ধর্মের, তাই বুঝতে পারছি না কীভাবে বিয়ে করলে দুই ধর্মই ঠিক থাকবে। এতে আমরা দুজনই রাজি। বিয়ের ব্যাপারে দুই পরিবারের কেউই রাজি নয়। সে ক্ষেত্রে আমরা কী করতে পারি? নাম ও ঠিকানা প্রকাশে অনিচ্ছুক","1. <labour_1285_s24> [বাংলাদেশ ইপিজেড শ্রম আইন, ২০১৯, ধারা ২৪] চাকরি হইতে অবসর গ্রহণ — (১) এই অধ্যায়ের অন্যত্র যাহা কিছুই উল্লে­খ থাকুক না কেন, কোনো প্রতিষ্ঠানে নিয়োজিত কোনো শ্রমিকের বয়স ৬০ (ষাট
2. <women_children_1119_s21> [শিশু আইন, ২০১৩, ধারা ২১] 1 [***] বয়স অনুমান ও নির্ধারণ — (১) অভিযুক্ত হউক বা না হউক, এমন কোন শিশুকে কোন অপরাধের দায়ে বা কোন শিশুকে অন্য কোন কারণে শিশু-আদালতে সাক্ষ্য 
3. <other_1045_s16> [চার্টার্ড সেক্রেটারীজ আইন, ২০১০, ধারা ১৬] সদস্য হইবার ক্ষেত্রে অযোগ্যতা — ধারা ১৫ তে যাহা কিছুই থাকুক না কেন, কোন ব্যক্তি সদস্য হইবার যোগ্য হইবেন না, যদি-(ক) তিনি কোন স্বীকৃত বিশ্ববিদ্
4. <other_1682_s7> [মানবদেহে অঙ্গ-প্রত্যঙ্গ সংযোজন আইন, ২০২৬, ধারা ৭] অঙ্গ-প্রত্যঙ্গ দাতা (Donor) ও গ্রহীতার (Recipient) যোগ্যতা — (১) অঙ্গ-প্রত্যঙ্গ দাতা হিসাবে কোনো ব্যক্তি উপযুক্ত বলিয়া বিবেচিত হইবেন, যদি- (ক) ব্রেইন ডেথ ঘোষিত ব্যক্তির, 
5. <other_1352_s23> [বাংলাদেশ মাদ্রাসা শিক্ষা বোর্ড আইন, ২০২০, ধারা ২৩] অবসর গ্রহণের বয়স — আপাতত বলবৎ অন্য কোনো আইনে ভিন্নরূপ যাহা কিছুই থাকুক না কেন, বোর্ডের স্থায়ী কর্মচারীগণের অবসর গ্রহণের বয়স ৬০ 
6. <labour_1285_s130> [বাংলাদেশ ইপিজেড শ্রম আইন, ২০১৯, ধারা ১৩০] সালিশ — (১) যদি মীমাংসা কার্যক্রম ব্যর্থ হয়, তাহা হইলে মীমাংসাকারী উভয়পক্ষকে বিরোধটি নিষ্পত্তির লক্ষ্যে উহা কোনো সাল
7. <women_children_1119_s20> [শিশু আইন, ২০১৩, ধারা ২০] শিশুর বয়স নির্ধারণে প্রাসঙ্গিক তারিখ — আপাততঃ বলবৎ অন্য কোন আইন, আদালতের রায় বা আদেশে ভিন্নরূপ যাহা কিছুই থাকুক না কেন, এই আইনের উদ্দেশ্যপূরণকল্পে, 
8. <local_government_1026_s9_p0> [স্থানীয় সরকার (সিটি কর্পোরেশন) আইন, ২০০৯, ধারা ৯] মেয়র এবং কাউন্সিলরগণের যোগ্যতা ও অযোগ্যতা — (১) কোন ব্যক্তি মেয়র বা কাউন্সিলর নির্বাচিত হইবার যোগ্য হইবেন, যদি-(ক) তিনি বাংলাদেশের নাগরিক হন;(খ) তাহার বয
9. <labour_1285_s95> [বাংলাদেশ ইপিজেড শ্রম আইন, ২০১৯, ধারা ৯৫] শ্রমিক কল্যাণ সমিতি নিবন্ধনের জন্য আবেদন — (১) ধারা ৯৪ অনুযায়ী শ্রমিকগণ শ্রমিক কল্যাণ সমিতি গঠনের পক্ষে সমর্থন ব্যক্ত করিলে উহার নিবন্ধিকরণের জন্য একজন 
10. <other_1279_s23> [বাংলাদেশ কারিগরি শিক্ষা বোর্ড আইন, ২০১৮, ধারা ২৩] অবসর গ্রহণের বয়স — আপাতত বলবৎ অন্য কোনো আইনে ভিন্নরূপ যাহা কিছুই থাকুন কেন, বোর্ডের স্থায়ী কর্মচারীগণের অবসর গ্রহণের বয়স হইবে ৬",other_25_s2,own_search,answered,2,Sorup
prot_0025_06,Sarwad,VERIFY,এখন সে আমার বোনকে ছেড়ে দিতে চাচ্ছে। তার দুই মেয়ে ও এক ছেলে। বর্তমানে আমার বোনের কোনো খোঁজখবর নেয় না। অবশ্য তার সন্তানদের খরচ দেয়। এমতাবস্থায় আমরা কী ধরনের আইনি পদক্ষেপ নিতে পারি?,"1. <other_822_s10> [পার্বত্য চট্টগ্রাম আঞ্চলিক পরিষদ আইন, ১৯৯৮, ধারা ১০] সম্পত্তি সম্পর্কিত ঘোষণা — চেয়ারম্যান ও প্রত্যেক সদস্য তাহার কার্যভার গ্রহণের পূর্বে তাহার এবং তাঁহার পরিবারের কোন সদস্যের স্বত্ব, দখল ব
2. <local_government_1027_s41> [স্থানীয় সরকার (ইউনিয়ন পরিষদ) আইন, ২০০৯, ধারা ৪১] সম্পত্তি সম্পর্কিত ঘোষণা — চেয়ারম্যান ও সদস্য তাঁহার কার্যভার গ্রহণের পূর্বে তাঁহার এবং তাঁহার পরিবারের কোন সদস্যের স্বত্ব, দখল বা স্বার
3. <local_government_827_s10> [উপজেলা পরিষদ আইন, ১৯৯৮, ধারা ১০] সম্পত্তি সম্পর্কিত ঘোষণা — 14[চেয়ারম্যান ও ভাইস চেয়ারম্যান ] তাঁহার কার্যভার গ্রহণের পূর্বে তাঁহার এবং তাঁহার পরিবারের কোন সদস্যের স্বত
4. <labour_952_s222> [বাংলাদেশ শ্রম আইন, ২০০৬, ধারা ২২২] নিষ্পত্তি ইত্যাদি কাহার উপর অবশ্য পালনীয় হইবে — (১) কোন সালিসী কার্য ধারায় উপনীত কোন নিষ্পত্তি, অথবা কোন মধ্যস্থতাকারীর প্রদত্ত রোয়েদাদ অথবা শ্রম আদালতের কো
5. <other_1392_s12> [ব্যাংকার বহি সাক্ষ্য আইন, ২০২১, ধারা ১২] খরচাদি — (১) এই আইনের অধীন বা উহার উদ্দেশ্য পূরণকল্পে, আদালতের নিকট দাখিলকৃত কোনো আবেদনের খরচ এবং আদালত কর্তৃক প্রদত্ত 
6. <other_1137_s5> [এশিয়ান রি-ইন্স্যুরেন্স কর্পোরেশন আইন, ২০১৩, ধারা ৫] চুক্তিপত্রের বাধ্যবাধকতা, দায়িত্ব পালন, ইত্যাদি — সরকার, চুক্তি মোতাবেক কর্পোরেশনকে আর্থিক বাধ্যবাধকতা এবং অন্যান্য দায়িত্ব পালনে সক্ষম করিবার জন্য যে ধরনের পদ
7. <other_1037_s57_p2> [বীমা আইন, ২০১০, ধারা ৫৭] বীমা পলিসি গ্রাহক কর্তৃক মনোনয়ন৷ — বলবৎ হইবার পূর্বে কোন ব্যক্তি তাহার নিজের বা তাহার স্ত্রীর বা সন্তানদের বা তাহাদের যে কোন এক জনের লাইফ ইন্স্যু
8. <other_1684_s28> [মানব পাচার ও অভিবাসী চোরাচালান প্রতিরোধ ও দম, ধারা ২৮] অভিযোগ দায়ের — এই আইনের অধীন কোনো অপরাধ সংঘটিত হইলে কোনো ব্যক্তি থানায় অথবা ট্রাইব্যুনালে উক্ত অপরাধ সংঘটনের অভিযোগ দায়ের ক
9. <local_government_1027_s2_p1> [স্থানীয় সরকার (ইউনিয়ন পরিষদ) আইন, ২০০৯, ধারা ২] সংজ্ঞা — শহর হিসাবে ঘোষিত নয় এইরূপ এলাকা;(১৩) 'চেয়ারম্যান' অর্থ ইউনিয়ন পরিষদের চেয়ারম্যান;(১৪) 'জনপথ' অর্থ সর্বসাধা
10. <other_1177_s6> [এশিয়ান ইনফ্রাস্ট্রাকচার ইনভেস্টমেন্ট ব্যাংক , ধারা ৬] চুক্তির অধীন বাধ্যবাধকতা এবং দায়িত্ব পালনে পদক্ষেপ গ্রহণের ক্ষমতা — সরকার চুক্তির অধীন আর্থিক বাধ্যবাধকতা ও দায়িত্ব পালনে বিবেচ্য প্রয়োজনীয় সকল পদক্ষেপ এবং সব ধরনের ব্যবস্থা গ","family_305_s9, family_1444_s5",own_search,answered,2,Sorup
prot_0050_02,Sarwad,VERIFY,"একটি মেয়েকে অনেক ভালোবাসি। সেও আমাকে ভালোবাসে। সমস্যা হচ্ছে, মেয়েটি বিবাহিত, তার দুটি কন্যাসন্তান আছে। মেয়েটির স্বামী প্রবাসী। তিন বছর হয় তার কোনো খোঁজখবর নেননি। আমাদের সম্পর্ক প্রায় তিন-চার বছরের। একসময় সবাই আমাদের সম্পর্কের কথা জেনে যায়। একপ্রকার পারিবারিক সালিসও বসে। তখন মেয়েটির স্বামী ফোনে বলেছেন, তাকে তালাক দেবেন। দুই মাস পর বিদেশ থেকে এসে যা করার, তা-ই করবেন, বলেছেন। আমি একটি চাকরি করি। অবিবাহিত। মেয়েটির পরিবার থেকে আমাকে একপ্রকার হুমকি দেওয়া হয়েছে। আমি মেয়েটিকে বিয়ে করতে চাই। কিন্তু সে আমাকে জানিয়েছে, ওর স্বামী না আসা পর্যন্ত কিছুই বলতে পারবে না। ভবিষ্যতে আমি যদি ওকে বিয়ে করি, তা হলে কোনো সমস্যায় পড়ব কি? মেয়েটি আমাকে বিয়ে করতে না চাইলে ওর পরিবার কি আমাকে কোনো আইনি ঝামেলায় ফেলতে পারবে?","1. <other_1266_s2_p3> [বাংলাদেশ মুক্তিযোদ্ধা কল্যাণ ট্রাস্ট আইন, ২০, ধারা ২] সংজ্ঞা — বা স্বামী এবং পিতা-মাতার অবর্তমানে খেতাবপ্রাপ্ত বীর মুক্তিযোদ্ধার সন্তান; বা(উ) (অ)-(ঈ) পর্যন্ত বর্ণিত ব্যক্তি
2. <other_848_s2> [বেসরকারী প্রাথমিক শিক্ষক কল্যাণ ট্রাস্ট আইন,, ধারা ২] সংজ্ঞা — বিষয় বা প্রসংগের পরিপন্থী কোন কিছু না থাকিলে, এই আইনে,-(ক) “ট্রাস্ট” অর্থ এই আইনের অধীন স্থাপিত বেসরকারী প্রা
3. <other_857_s11> [বাংলাদেশ টেলিযোগাযোগ নিয়ন্ত্রণ আইন, ২০০১, ধারা ১১] পরিবারের সদস্যের কতিপয় স্বার্থ সম্পর্কে কমিশনারের দায়িত্ব — (১) কোন কমিশনারের পরিবারের কোন সদস্য যদি ধারা ১০(২)(ছ)- েত উলিস্্নখিত স্বার্থ অর্জন বা ধারণ করেন, তাহা হইলে তি
4. <other_1429_s31> [আয়কর আইন, ২০২৩, ধারা ৩১] আয় একীভূতকরণ — (১) এই আইনে ভিন্নরূপ কিছু না থাকিলে, নিম্নবর্ণিত আয়সমূহ কোনো ব্যক্তির মোট আয়ের অন্তর্ভুক্ত হইবে, যথা:-(ক) উক
5. <other_863_s7> [বাংলাদেশ শিল্পী কল্যাণ ট্রাস্ট আইন, ২০০১, ধারা ৭] ট্রাস্টের কার্যাবলী — ট্রাস্টের কার্যাবলী হইবে নিম্নরূপ, যথা:-(ক) সাধারণভাবে অসচ্ছল শিল্পীদের কল্যাণ সাধন;(খ) শিল্পীদের কল্যাণার্থে 
6. <other_1417_s21> [আন্তর্জাতিক উদরাময় গবেষণা কেন্দ্র, বাংলাদেশ,, ধারা ২১] কর্মচারীগণের দায়মুক্তি ও অধিকারসমূহ — সভাপতি, সদস্য, নির্বাহী পরিচালক এবং কর্মচারী-(ক) তাহাদের দাপ্তরিক ক্ষমতার অধীন সরল বিশ্বাসে কৃত কোনো কার্যের জ
7. <land_1449_s2_p1> [ভূমি উন্নয়ন কর আইন, ২০২৩, ধারা ২] সংজ্ঞা — অর্থ শুধু কৃষিকার্য বা চাষাবাদ করিয়া জীবন ও জীবিকা নির্বাহ করিয়া থাকেন এইরূপ কোনো ব্যক্তি বা পরিবার;(৭) ‘কৃষ
8. <other_1485_s9> [বাংলাদেশ পুলিশ কল্যাণ তহবিল আইন, ২০২৩, ধারা ৯] মৃত্যু এবং অক্ষমতাজনিত কারণে এককালীন এবং মাসিক কল্যাণ অনুদান — (১) কোনো কর্মচারী বা তাহার মৃত্যু হইলে তাহার স্ত্রী বা, ক্ষেত্রমত, স্বামী, বিধি দ্বারা নির্ধারিত পদ্ধতিতে, নিম
9. <labour_1285_s2_p1> [বাংলাদেশ ইপিজেড শ্রম আইন, ২০১৯, ধারা ২] সংজ্ঞা — (১৯৯৪ সনের ১৮ নং আইন) এর অধীন নিবন্ধিত কোনো কোম্পানি, যাহার অধীন কোনোজোনেএক বা একাধিক শিল্প প্রতিষ্ঠান রহিয়াছ
10. <other_1418_s21_p1> [বাংলাদেশ সুপ্রীম কোর্টের বিচারক (ছুটি, পেনশন, ধারা ২১] আনুতোষিক ও পারিবারিক পেনশন — পেনশন।(২) উপ-ধারা (৪) ও (৫) এর বিধানাবলি সাপেক্ষে, যদি-(ক) কোনো বিচারক, যাহার ক্ষেত্রে ধারা ১৪ এর দফা (ক) এর ব","family_305_s7, criminal_procedure_11_s494",own_search,answered,1,Sorup
prot_0059_05,Sarwad,VERIFY,"আমার বয়স ২৬ বছর। ২০০৪ সালে একটা ছেলের সঙ্গে আমার সম্পর্ক হয়। বিয়ের কথা বললে ছেলেটি বিভিন্ন সমস্যার কথা বলে এবং অনেক দেরিতে বিয়ে করবে বলে জানায়। একপর্যায়ে ২০০৭ সালের দিকে আমি তার সঙ্গে যোগাযোগ পুরোপুরি বন্ধ করে দিই। ২০১১ সালের ফেব্রুয়ারি মাসে তার সঙ্গে আমি যোগাযোগ করি। সে আমাকে জানায়, আজও সে আমাকে ভালোবাসে। আরও জানায়, সে এখনো বিয়ে করেনি। এর এক দিন পর একটি মেয়ে আমাকে ফোন করে তার স্ত্রীর পরিচয় দিয়ে বলে, আমি যেন ছেলেটির সঙ্গে আর কথা না বলি। এপ্রিল মাসের শেষের দিকে ছেলেটি আমাকে জানায়, স্ত্রীর সঙ্গে তার ডিভোর্স হয়ে গেছে। এর পর থেকে সে আবার নিয়মিত যোগাযোগ করে। আমার পরিবার থেকে বিয়ের জন্য জোরাজুরি করলে ব্যাপারটি আমি তাকে জানাই। সে জানায়, তার বিরুদ্ধে তার স্ত্রীর পক্ষ থেকে মামলা করা হয়েছে, যদিও সে আমাকে জানায়, দুই পক্ষ বসে দেনমোহরের টাকা ও ভরণপোষণের টাকা দিয়ে সমঝোতার মাধ্যমে ডিভোর্স হয়। আমার প্রশ্ন, সমঝোতার পরও কি মামলা করা যায়? ছেলেটি জানায়, তার পরিবার মামলাটি দেখছে এবং সে এক দিনও কোর্টে হাজিরা দেয়নি। আমি জানতে চাই, একটি মামলা শেষ হতে কত দিন সময় লাগে? মামলা চলাকালে কি আরেকটি বিয়ে করা সম্ভব?নাম প্রকাশে অনিচ্ছুক","1. <labour_952_s216_p1> [বাংলাদেশ শ্রম আইন, ২০০৬, ধারা ২১৬] অপরাধ বিচার ছাড়া অন্য কোন বিষয়ে শ্রম আদালতের ক্ষমতা ওকার্যক্রম — বা আপত্তি পেশ করিতে ব্যর্থ হয়, তাহা হইলে মামলাটি একতরফা শুনানীক্রমে নিষ্পত্তি করা হইবে।(৬) কোন পক্ষের আবেদনক্
2. <other_1403_s56> [মোংলা বন্দর কর্তৃপক্ষ আইন, ২০২২, ধারা ৫৬] মামলা দায়েরের সীমাবদ্ধতা — (১) কর্তৃপক্ষের বিরুদ্ধে মামলা দায়েরে ইচ্ছুক ব্যক্তি, তাহার নাম ঠিকানাসহ মামলা দায়েরের কারণ সংবলিত লিখিত নোট
3. <labour_952_s202_p0> [বাংলাদেশ শ্রম আইন, ২০০৬, ধারা ২০২] যৌথ দরকষাকষি প্রতিনিধি — (১) যে ৰেত্রে কোন প্রতিষ্ঠানে একটিমাত্র ট্রেড ইউনিয়ন থাকে সে ৰেত্রে উক্ত প্রতিষ্ঠানের জন্য উহা যৌথ দরকষাকষি প
4. <other_1404_s56> [চট্টগ্রাম বন্দর কর্তৃপক্ষ আইন, ২০২২, ধারা ৫৬] মামলা দায়েরের সীমাবদ্ধতা — (১) কর্তৃপক্ষের বিরুদ্ধে কোনো আদালতে মামলা দায়েরে ইচ্ছুক ব্যক্তি, তাহার নাম ঠিকানাসহ মামলা দায়েরের কারণ সংবল
5. <family_938_s6গ> [গ্রাম আদালত আইন, ২০০৬, ধারা ৬গ] মামলা নিষ্পত্তির সময়সীমা — (১) ধারা ৬খ এর অধীন কোন মামলা নিষ্পত্তি করা সম্ভব না হইলে, গ্রাম আদালত ১৫ (পনের) দিনের মধ্যে মামলাটির শুনানীর 
6. <other_850_s5> [সালিস আইন, ২০০১, ধারা ৫] লিখিত যোগাযোগের প্রাপ্তি — (১) পক্ষগণ ভিন্নভাবে সম্মত না হইলে, এই আইনের অধীন কোন লিখিত যোগাযোগ, নোটিশ বা সমন কোন পক্ষ বা ব্যক্তির উপর জার
7. <other_1037_s57_p2> [বীমা আইন, ২০১০, ধারা ৫৭] বীমা পলিসি গ্রাহক কর্তৃক মনোনয়ন৷ — বলবৎ হইবার পূর্বে কোন ব্যক্তি তাহার নিজের বা তাহার স্ত্রীর বা সন্তানদের বা তাহাদের যে কোন এক জনের লাইফ ইন্স্যু
8. <other_1135_s53> [পায়রা বন্দর কর্তৃপক্ষ আইন, ২০১৩, ধারা ৫৩] মামলা দায়েরের সীমাবদ্ধতা — (১) কর্তৃপক্ষের বিরুদ্ধে মামলা দায়েরে ইচ্ছুক ব্যক্তির নাম ঠিকানাসহ মামলা দায়েরের কারণ সংবলিত লিখিত নোটিশ কর্
9. <labour_952_s223> [বাংলাদেশ শ্রম আইন, ২০০৬, ধারা ২২৩] নিষ্পত্তি, ইত্যাদি বলবৎ এর তারিখ — (১) কোন নিষ্পত্তি-(ক) যদি কোন বিরোধের পক্ষগণের মধ্যে কোন সম্মত দিন থাকে, উক্ত দিন হইতে, এবং(খ) যদি উক্তরূপ কোন
10. <other_896_s10> [দ্রুত বিচার ট্রাইব্যুনাল আইন, ২০০২, ধারা ১০] মামলা নিষ্পত্তির মেয়াদ — (১) দ্রুত বিচার ট্রাইব্যুনালে স্থানান্তরিত কোন মামলা স্থানান্তরের তারিখ হইতে নব্বই কার্য দিবসের মধ্যে নিষ্পত্ত",none,none,not_found,1,Sorup
prot_0052_02,Sarwad,VERIFY,"আমরা এক ভাই, এক বোন। আমার বয়স ২৩, বোনের ১৪। বছর খানেক আগে আমার মা মারা যাওয়ার পর আমার বাবা দ্বিতীয় বিয়ে করেন। দ্বিতীয় বিয়ের সময় বাবাকে আমি বলেছি, আমার ও আমার বোনের নামে তাঁর তিনতলা বাড়িটি লিখে দিতে। এতে তিনি অজুহাত দেন যে বাড়ি নিবন্ধন করতে অনেক টাকার প্রয়োজন। তিনি বলেন, একটি স্ট্যাম্পে সবকিছু লিখে আমার ও তাঁর স্বাক্ষর নিয়ে দুজন সাক্ষী রাখলে তিনি এ বাড়ি আর কারও নামে দিতে পারবেন না। এখন কি এ পদ্ধতিতে আমি ও আমার বোন আমাদের প্রাপ্য পাব? উল্লেখ্য, বাড়ির জায়গার কাগজপত্র সব আমার কাছে আছে, যা আমার বাবাই আমার কাছে রাখতে দিয়েছেন।মাসুদকুমিল্লা","1. <other_1483_s10_p1> [পরিত্যক্ত বাড়ি (সম্পূরক বিধানাবলি) আইন, ২০২৩, ধারা ১০] পরিত্যক্ত বাড়ি নিয়ন্ত্রণ, ব্যবস্থাপনা এবং নিষ্পত্তি সংক্রান্ত বোর্ড — গণপূর্ত বিভাগ সদস্য-সচিব।(২) পরিত্যক্ত বাড়ি নিয়ন্ত্রণ, ব্যবস্থাপনা এবং নিষ্পত্তির জন্য বোর্ডের দায়িত্ব ও কা
2. <other_1429_s126> [আয়কর আইন, ২০২৩, ধারা ১২৬] (১)Registration Act, 1908(Act No. XVI of 1908) এর অধীন কোনো ভূমি, স্থাপনা, বাড়ি, ফ্ল্যাট, অ্যাপার্টমেন্ট অথবা
3. <other_1483_s5ক> [পরিত্যক্ত বাড়ি (সম্পূরক বিধানাবলি) আইন, ২০২৩, ধারা ৫ক] পরিত্যক্ত সম্পত্তির ‘ক’ বা ‘খ’ তালিকার যে সকল বাড়ি সরকার কর্তৃক বিক্রয়মূল্যে হস্তান্তর করা হইয়াছে বা হইবে স
4. <other_1490_s46> [অর্থ আইন, ২০২৪, ধারা ৪৬] ২০২৩ সনের ১২ নং আইনের ধারা ১২৬ এর প্রতিস্থাপন — উক্ত আইনের ধারা ১২৬ এর পরিবর্তে নিম্নরূপ ধারা ১২৬ প্রতিস্থাপিত হইবে, যথা:-“১২৬। ডেভেলপার বা রিয়েল এস্টেট ডেভে
5. <other_1483_s5> [পরিত্যক্ত বাড়ি (সম্পূরক বিধানাবলি) আইন, ২০২৩, ধারা ৫] পরিত্যক্ত বাড়ির তালিকা হইবার পর স্বার্থ দাবি করিয়া আবেদন — ধারা ৪ এর উপ-ধারা (১) এর দফা (ক) ও (খ) এ বর্ণিত ক্ষেত্র ব্যতীত অন্যান্য ক্ষেত্রে কোনো বাড়ির উপর কোনো অধিকার ব
6. <other_1483_s4> [পরিত্যক্ত বাড়ি (সম্পূরক বিধানাবলি) আইন, ২০২৩, ধারা ৪] পরিত্যক্ত বাড়ি ঘোষণা ও তালিকা প্রণয়ন — (১) উপ-ধারা (২) এর বিধান সাপেক্ষে, সরকার, সরকারি গেজেটে প্রজ্ঞাপন দ্বারা, নিম্নবর্ণিত বাড়িসমূহকে পরিত্যক্ত বা
7. <other_1266_s2_p3> [বাংলাদেশ মুক্তিযোদ্ধা কল্যাণ ট্রাস্ট আইন, ২০, ধারা ২] সংজ্ঞা — বা স্বামী এবং পিতা-মাতার অবর্তমানে খেতাবপ্রাপ্ত বীর মুক্তিযোদ্ধার সন্তান; বা(উ) (অ)-(ঈ) পর্যন্ত বর্ণিত ব্যক্তি
8. <other_815_s6_p5> [অর্থ আইন, ১৯৯৭, ধারা ৬] ১৯৯১ সনের ২২ নং আইনের সংশোধন — তারের মাধ্যমে বাণিজ্যিক ভিত্তিতে পণের বিনিময়ে অফিস, বাড়ি, ব্যবসায়স্থল বা অন্য কোন স্থানে বা অংগনে সংযোগদান 
9. <other_1037_s2_p2> [বীমা আইন, ২০১০, ধারা ২] সংজ্ঞা — স্বার্থ স্থানান্তর যাহা দ্বারা আইনানুগ ও লাভজনক মালিকানাস্বত্ব হ্রাস পায়;(১৭) ""নিবন্ধন"" অর্থ এই আইনের ধারা ৯ 
10. <other_1718_s83> [অর্থ (২০২৫-২০২৬ অর্থ বৎসর) আইন, ২০২৬, ধারা ৮৩] ২০২৩ সনের ১২ নং আইনের ধারা ১৩৫ এর সংশোধন — উক্ত আইনের ধারা ১৩৫ এর- (ক) উপ-ধারা (১) এ উল্লিখিত “১০% (দশ শতাংশ)” সংখ্যা, চিহ্ন, বন্ধনী ও শব্দগুলির পরিবর্তে","other_48_s123, land_90_s17_p0",own_search,answered,2,Sorup
prot_0103_02,Sarwad,VERIFY,"কিন্তু আমার ছোট ছেলের বয়স মাত্র চার বছর। তাই ওর মুখের দিকে তাকিয়ে সবকিছু সহ্য করি। কিন্তু আর পারছি না। তাই এসব নির্যাতন সহ্য করতে না পেরে আমি সিদ্ধান্ত নিয়েছি, আমি আমার স্বামীকে তালাক দেব। সে ক্ষেত্রে আমি যদি আমার স্বামীকে তালাক দিতে চাই, কী করা লাগবে আমাকে?","1. <other_1173_s8> [বাংলাদেশ চা শ্রমিক কল্যাণ তহবিল আইন, ২০১৬, ধারা ৮] মৃত্যু ও স্থায়ী অক্ষমতার ক্ষেত্রে এককালীন অনুদান সহায়তা প্রদান — যদি কোন শ্রমিক-(ক) নিজ দায়িত্ব পালনকালে শারীরিক বা মানসিকভাবে প্রবিধান দ্বারা নির্ধারিত চিকিৎসা কর্তৃপক্ষ কর্
2. <labour_952_s78> [বাংলাদেশ শ্রম আইন, ২০০৬, ধারা ৭৮] বিষ্ফোরক বা দাহ্য গ্যাস, ধুলা ইত্যাদি — (১) যে ক্ষেত্রে কোন প্রতিষ্ঠানে কোন উত্পাদন প্রক্রিয়ার কারণে উত্থিত গ্যাস, ধোঁয়া, বাষ্প বা ধুলা এমন প্রকৃতির
3. <other_1485_s9> [বাংলাদেশ পুলিশ কল্যাণ তহবিল আইন, ২০২৩, ধারা ৯] মৃত্যু এবং অক্ষমতাজনিত কারণে এককালীন এবং মাসিক কল্যাণ অনুদান — (১) কোনো কর্মচারী বা তাহার মৃত্যু হইলে তাহার স্ত্রী বা, ক্ষেত্রমত, স্বামী, বিধি দ্বারা নির্ধারিত পদ্ধতিতে, নিম
4. <labour_952_s38> [বাংলাদেশ শ্রম আইন, ২০০৬, ধারা ৩৮] ডাক্তারী পরীক্ষার জন্য আদেশ প্রদানের ক্ষমতা — যে ক্ষেত্রে কোন পরিদর্শক এরূপ মত পোষণ করেন যে-(ক) কোন প্রতিষ্ঠানে কর্মরত কোন ব্যক্তি কিশোর, কিন্তু তাহার সক্ষম
5. <money_recovery_876_s36> [সমবায় সমিতি আইন, ২০০১, ধারা ৩৬] সদস্যদের ভোট — (১) সকল শ্রেণীর সমবায় সমিতির প্রত্যেক সদস্য সমিতির কর্মকাণ্ডের সিদ্ধান্ত গ্রহণের ক্ষেত্রে একটি মাত্র ভোট প্রয
6. <other_1692_s9> [ব্যক্তিগত উপাত্ত সুরক্ষা আইন, ২০২৬, ধারা ৯] শিশু বা সম্মতি প্রদানে সক্ষম নহে এমন ব্যক্তিসম্পর্কিত ব্যক্তিগত উপাত্ত প্রক্রিয়াকরণ — (১) শিশু বা সম্মতি প্রদানে সক্ষম নহে এমন ব্যক্তির পক্ষে তাহার পিতামাতা বা আইনগত অভিভাবক বা সিদ্ধান্ত প্রদান কর
7. <labour_1285_s24> [বাংলাদেশ ইপিজেড শ্রম আইন, ২০১৯, ধারা ২৪] চাকরি হইতে অবসর গ্রহণ — (১) এই অধ্যায়ের অন্যত্র যাহা কিছুই উল্লে­খ থাকুক না কেন, কোনো প্রতিষ্ঠানে নিয়োজিত কোনো শ্রমিকের বয়স ৬০ (ষাট
8. <other_857_s9> [বাংলাদেশ টেলিযোগাযোগ নিয়ন্ত্রণ আইন, ২০০১, ধারা ৯] কমিশনারগণের নিয়োগ ও মেয়াদ — (১) কমিশনারগণ সরকার কর্তৃক নিযুক্ত হইবেন এবং তাহারা পূর্ণকালীন ভিত্তিতে কর্মরত থাকিবেন।(২) কমিশনারগণ, এই আইনের
9. <other_1106_s85_p0> [মূল্য সংযোজন কর ও সম্পূরক শুল্ক আইন, ২০১২, ধারা ৮৫] 1 [ব্যর্থতা, অনিয়ম বা কর ফাঁকির ক্ষেত্রে] জরিমানা আরোপ — (১) নিম্নবর্ণিত সারণীর কলাম (২) এ বর্ণিত216[ব্যর্থতা, অনিয়ম বা কর ফাঁকির ক্ষেত্রে]217[ধারা ৮৬ তে উল্লিখিত মূস
10. <labour_952_s289> [বাংলাদেশ শ্রম আইন, ২০০৬, ধারা ২৮৯] নিম্নতম মজুরী হারের কম হারে মজুরী প্রদানের দণ্ড — (১) কোন মালিক একাদশ অধ্যায়ের অধীন ঘোষিত নিম্নতম মজুরী হারের কম হারে কোন শ্রমিককে মজুরী প্রদান করিলে, তিনি এক ","family_180_s2_p1, family_305_s8",own_search,answered,2,Sorup
ajke_0189_01,Sarwad,VERIFY,"প্রশ্ন: বিয়ের বয়স দেড় বছর চলছে। বিয়ের সময় শ্বশুরবাড়ি থেকে কোনো ধরনের যৌতুক চাওয়া হয়নি। মা-বাবা বিয়ের সময় খাট ও আলমারি উপহার দিয়েছিলেন। বিয়ের দু-তিন মাস পর থেকে শাশুড়ি তাঁর আত্মীয়দের কাছে বলে বেড়াতে থাকেন, আমার পরিবার বিয়েতে কিছু দেয়নি। শ্বশুরবাড়ির সবাই আমার সঙ্গে খুব খারাপ ব্যবহার করে। মানসিক অত্যাচার করে। কিন্তু নিজেরা কখনো সরাসরি বলে না যে তাদের আসবাব বা টাকা লাগবে। দিন দিন ব্যাপারটা অসহনীয় পর্যায়ে চলে যাচ্ছে। তারা আমার গর্ভপাত করিয়েছে এই বলে যে স্বামীর এখনো সন্তান লালনপালন করার ক্ষমতা হয়নি। আমার স্বামী এসব ব্যাপারে কিছুই বলে না। আমার সন্দেহ, তার অন্য কোনো মেয়ের সঙ্গে সম্পর্ক আছে। একমুহূর্ত এই সংসারে থাকতে চাই না। যেহেতু তারা শারীরিকভাবে অত্যাচার করছে না, আমি ডিভোর্স দিতে চাইলে কি দিতে পারব?","1. <criminal_procedure_1013_s104> [বরিশাল মহানগরী পুলিশ আইন, ২০০৯, ধারা ১০৪] বিনা পরোয়ানায় গ্রেপ্তারের ক্ষমতা — কোন ব্যক্তি এই আইন বা আপাততঃ বলবৎ অন্য কোন আইনের অধীন দণ্ডযোগ্য কোন অপরাধ কোন পুলিশ কর্মকর্তার উপস্থিতিতে বা ত
2. <criminal_procedure_1012_s104> [সিলেট মহানগরী পুলিশ আইন, ২০০৯, ধারা ১০৪] বিনা পরোয়ানায় গ্রেপ্তারের ক্ষমতা — কোন ব্যক্তি এই আইন বা আপাততঃ বলবৎ অন্য কোন আইনের অধীন দন্ডযোগ্য কোন অপরাধ কোন পুলিশ কর্মকর্তার উপস্থিতিতে বা ত
3. <criminal_procedure_765_s104> [রাজশাহী মহানগরী পুলিশ আইন, ১৯৯২, ধারা ১০৪] বিনা পরোয়ানায় গ্রেফতারের ক্ষমতা — এই আইন বা আপাততঃ বলবত্ অন্য কোন আইনের অধীন দণ্ডযোগ্য কোন অপরাধ কোন ব্যক্তি পুলিশ কর্মকর্তার উপস্থিতিতে বা তাহা
4. <other_923_s6> [বেসরকারী শিক্ষক নিবন্ধন ও প্রত্যয়ন কর্তৃপক্ষ, ধারা ৬] নির্বাহী বোর্ড গঠন — (১) নিম্নবর্ণিত সদস্যদের সমন্বয়ে নির্বাহী বোর্ড গঠিত হইবে, যথা:-(ক) চেয়ারম্যান, (পদাধিকার বলে);(খ) সদস্য (প্
5. <other_749_s15> [জাতীয় মহিলা সংস্থা আইন, ১৯৯১, ধারা ১৫] কতিপয় ক্ষেত্রে একই ব্যক্তির একাধিক পদে থাকা নিষিদ্ধ — কোন ব্যক্তি পদাধিকার বলে ব্যতীত অন্য কোনভাবে একই সংগে পরিষদ, নির্বাহী কমিটি, জেলা কমিটি এবং উপজেলা কমিটির চেয়
6. <other_1037_s157> [বীমা আইন, ২০১০, ধারা ১৫৭] পরিসংখ্যান — (১) প্রবিধান দ্বারা নির্ধারিত পদ্ধতিতে কর্তৃপক্ষ নির্দিষ্ট সময় অন্তর বীমা সংশ্লিষ্ট বিষয়ে পরিসংখ্যান ভিত্তিক
7. <money_recovery_876_s38> [সমবায় সমিতি আইন, ২০০১, ধারা ৩৮] শেয়ার অথবা 1 [মুনাফা] ক্রোকযোগ্য হইবে না — অন্য কোন আইনে ভিন্নরূপ যাহা কিছু্ই থাকুক না কেন, ধারা ৩১ এর বিধান সাপেক্ষে, সমবায় সমিতির কোন সদস্যের নিকট উক্
8. <other_1586_s4_p0> [গুম প্রতিরোধ ও প্রতিকার অধ্যাদেশ, ২০২৫, ধারা ৪] গুম, ইত্যাদি ও উহার সাজা — (১) কোনো সরকারি কর্মচারী বা শৃঙ্খলা-বাহিনীর কোনো সদস্য উক্তরূপ পরিচয়ের বলে নিজে, অথবা শৃঙ্খলা-বাহিনী বা সরকার
9. <women_children_1256_s2> [যৌতুক নিরোধ আইন, ২০১৮, ধারা ২] সংজ্ঞা — বিষয় বা প্রসঙ্গের পরিপন্থি কোনো কিছু না থাকিলে,-(ক) ‘‘পক্ষ’’ অর্থ এই আইনের উদ্দেশ্য পূরণকল্পে, বিবাহের বর বা 
10. <other_1037_s85> [বীমা আইন, ২০১০, ধারা ৮৫] পলিসি তামাদির ক্ষেত্রে বীমাকৃতের প্রাপ্তব্য সুবিধাদি সম্পর্কে নোটিশ প্রদান৷ — কোন বীমাকারী যে তারিখে লাইফ ইন্স্যুরেন্স পলিসির প্রিমিয়াম প্রদেয় ছিল, কিন্তু পরিশোধ করা হয়নি ঐ তারিখ হইতে ৩","family_180_s2_p1, family_305_s8",own_search,answered,2,Sorup
prot_0138_01,Sarwad,VERIFY,শ্রমিকদের অনেক সময় কোনো পাওনাদি পরিশোধ না করে যখন-তখন কারখানা থেকে বের করে দেওয়া হয়। চাকরি সমাপ্তির পদ্ধতি এবং তাঁরা মালিকের কাছ থেকে কখন কী সুবিধা পেতে পারেন?,"1. <labour_1285_s25> [বাংলাদেশ ইপিজেড শ্রম আইন, ২০১৯, ধারা ২৫] ভবিষ্য তহবিল পরিশোধ — যদি কোনো শ্রমিক কোনো ভবিষ্য তহবিলের সদস্য হন এবং প্রবিধান দ্বারা নির্ধারিত পদ্ধতি অনুযায়ী তিনি মালিকের চাঁদাস
2. <labour_1285_s24> [বাংলাদেশ ইপিজেড শ্রম আইন, ২০১৯, ধারা ২৪] চাকরি হইতে অবসর গ্রহণ — (১) এই অধ্যায়ের অন্যত্র যাহা কিছুই উল্লে­খ থাকুক না কেন, কোনো প্রতিষ্ঠানে নিয়োজিত কোনো শ্রমিকের বয়স ৬০ (ষাট
3. <labour_1285_s57> [বাংলাদেশ ইপিজেড শ্রম আইন, ২০১৯, ধারা ৫৭] মজুরি পরিশোধের পদ্ধতি — (১) প্রবিধান দ্বারা নির্ধারিত পদ্ধতিতে মালিক কর্তৃক শ্রমিকদের মজুরি পরিশোধ করিতে হইবে।(২) মালিককে শ্রমিকের মজু
4. <labour_952_s47_p2> [বাংলাদেশ শ্রম আইন, ২০০৬, ধারা ৪৭] প্রসূতি কল্যাণ সুবিধা পরিশোধ সংক্রান্ত পদ্ধতি — ২০০৪(২০০৪ সনের ২৯ নং আইন) এর অধীন প্রদত্ত জন্ম রেজিস্টারের সত্যায়িত উদ্ধৃতি, অথবা কোন রেজিস্টার্ড চিকিত্সকের 
5. <labour_1285_s192> [বাংলাদেশ ইপিজেড শ্রম আইন, ২০১৯, ধারা ১৯২] কতিপয় ক্ষেত্রে চাকরির বর্তমান শর্তাবলী সংরক্ষণ — এইআইনপ্রবর্তনের সময় কোনো শ্রমিক যে মালিকের অধীন যে সকল অধিকার বা সুযোগ-সুবিধা ভোগ করিতেছিলেন সেই মালিকের অধীন
6. <labour_1285_s23> [বাংলাদেশ ইপিজেড শ্রম আইন, ২০১৯, ধারা ২৩] শ্রমিক কর্তৃক চাকরির ইস্তফা — (১) কোনো স্থায়ী শ্রমিক মালিককে ৩০ (ত্রিশ) দিনের লিখিত নোটিশ প্রদান করিয়া চাকরি হইতে ইস্তফা দিতে পারিবেন।(২) 
7. <labour_1285_s27> [বাংলাদেশ ইপিজেড শ্রম আইন, ২০১৯, ধারা ২৭] চাকরি সম্পর্কিত প্রত্যয়নপত্র — সাময়িক শ্রমিক ব্যতীত, অন্য কোনো শ্রমিক তাহার ছাঁটাই, ডিসচার্জ, বরখাস্ত, অপসারণ, অবসর গ্রহণ বা চাকরির অবসানের 
8. <labour_1285_s33> [বাংলাদেশ ইপিজেড শ্রম আইন, ২০১৯, ধারা ৩৩] মহিলা শ্রমিকের মৃত্যুর ক্ষেত্রে প্রসূতি কল্যাণ সুবিধা প্রদান — (১) এই অধ্যায়ের অধীন প্রসূতি কল্যাণ সুবিধা পাইবার অধিকারী কোনো মহিলা শ্রমিক সন্তান প্রসবকালে অথবা উহার পরবর্ত
9. <labour_952_s29> [বাংলাদেশ শ্রম আইন, ২০০৬, ধারা ২৯] ভবিষ্য তহবিল পরিশোধ — যদি কোন শ্রমিক কোন ভবিষ্য তহবিলের সদস্য হন এবং তহবিলের বিধি অনুযায়ী তিনি মালিকের চাঁদাসহ উক্ত তহবিল হইতে কোন 
10. <labour_952_s46> [বাংলাদেশ শ্রম আইন, ২০০৬, ধারা ৪৬] প্রসূতি কল্যাণ সুবিধা প্রাপ্তির অধিকার এবং প্রদানের দায়িত্ব — (১) প্রত্যেক মহিলা শ্রমিক তাহার মালিকের নিকট হইতে তাহার সন্ত্মান প্রসবের সম্ভাব্য তারিখের অব্যবহিত পূর্ববর্তী ","labour_952_s26, labour_952_s30",own_search,answered,2,Sorup
prot_0045_01,Sarwad,VERIFY,"আমার বাবার তিন স্ত্রী। প্রথম স্ত্রীর ঘরে তিন মেয়ে। দ্বিতীয় স্ত্রীর (আমার মা) ঘরে দুই ছেলে ও এক মেয়ে। তৃতীয় স্ত্রীর ঘরে কোনো সন্তান নেই। বাবার তৃতীয় স্ত্রী প্রথমে মারা যান, তারপর বাবা এবং বাবার পর তাঁর প্রথম স্ত্রী মারা যান। আমার মা জীবিত আছেন। মুসলিম আইন অনুযায়ী বাবার প্রথম স্ত্রীর সম্পত্তি কি আমরা পাব? যদি পাই তাহলে কী পরিমাণ পাব?নাম প্রকাশে অনিচ্ছুককুড়িগ্রাম","1. <other_1037_s57_p2> [বীমা আইন, ২০১০, ধারা ৫৭] বীমা পলিসি গ্রাহক কর্তৃক মনোনয়ন৷ — বলবৎ হইবার পূর্বে কোন ব্যক্তি তাহার নিজের বা তাহার স্ত্রীর বা সন্তানদের বা তাহাদের যে কোন এক জনের লাইফ ইন্স্যু
2. <other_822_s10> [পার্বত্য চট্টগ্রাম আঞ্চলিক পরিষদ আইন, ১৯৯৮, ধারা ১০] সম্পত্তি সম্পর্কিত ঘোষণা — চেয়ারম্যান ও প্রত্যেক সদস্য তাহার কার্যভার গ্রহণের পূর্বে তাহার এবং তাঁহার পরিবারের কোন সদস্যের স্বত্ব, দখল ব
3. <local_government_1027_s41> [স্থানীয় সরকার (ইউনিয়ন পরিষদ) আইন, ২০০৯, ধারা ৪১] সম্পত্তি সম্পর্কিত ঘোষণা — চেয়ারম্যান ও সদস্য তাঁহার কার্যভার গ্রহণের পূর্বে তাঁহার এবং তাঁহার পরিবারের কোন সদস্যের স্বত্ব, দখল বা স্বার
4. <local_government_827_s10> [উপজেলা পরিষদ আইন, ১৯৯৮, ধারা ১০] সম্পত্তি সম্পর্কিত ঘোষণা — 14[চেয়ারম্যান ও ভাইস চেয়ারম্যান ] তাঁহার কার্যভার গ্রহণের পূর্বে তাঁহার এবং তাঁহার পরিবারের কোন সদস্যের স্বত
5. <labour_952_s7> [বাংলাদেশ শ্রম আইন, ২০০৬, ধারা ৭] সার্ভিস বইয়ের ফরম — (১) সার্ভিস বই বিধি দ্বারা নির্ধারিত মাপে ও ফরমে রৰিত হইবে, এবং উহাতে শ্রমিকের একটি ফটো সংযোজিত থাকিবে।(২) সার
6. <labour_952_s98> [বাংলাদেশ শ্রম আইন, ২০০৬, ধারা ৯৮] সংবাদপত্র শ্রমিকের জন্য চিকিৎসা পরিচর্যা — প্রত্যেক সংবাদপত্র শ্রমিক এবং তাহার উপর নির্ভরশীলগণ সংবাদপত্র প্রতিষ্ঠানের খরচে বিধি দ্বারা নির্ধারিত পন্থায় 
7. <other_1266_s2_p2> [বাংলাদেশ মুক্তিযোদ্ধা কল্যাণ ট্রাস্ট আইন, ২০, ধারা ২] সংজ্ঞা — জামায়াতে ইসলামী এবং তাহাদের সহযোগী রাজাকার, আলবদর, আলশামস বাহিনীর বিরুদ্ধে গণপ্রজাতন্ত্রী বাংলাদেশের স্বাধীনত
8. <other_1725_s21_p29> [অর্থ আইন, ২০২৬, ধারা ২১] ২০১২ সনের ৪৭ নং আইনের দ্বিতীয় তফসিলের সংশোধন — ডলার পর্যন্ত ৪৫ (ঘ) মূল্যসীমা ১০০০০০ মা. ডলার এর ঊর্ধ্ব হইতে ২০০০০০ মা. ডলার পর্যন্ত ৬০ (ঙ) মূল্যসীমা ২০০০০০ ম
9. <other_1586_s23> [গুম প্রতিরোধ ও প্রতিকার অধ্যাদেশ, ২০২৫, ধারা ২৩] স্ত্রী বা সন্তান কর্তৃক গুম হওয়া ব্যক্তির সম্পত্তি ব্যবহারের অনুমতি — (১) গুম হওয়া ব্যক্তির দায় পরিশোধ, তাহার স্ত্রী বা তাহার উপর নির্ভরশীল পরিবারের সদস্যদের ভরণপোষণের বা অন্য কো
10. <other_1190_s18> [পেট্রোলিয়াম আইন, ২০১৬, ধারা ১৮] পরীক্ষণ সনদ — (১) পেট্রোলিয়ামের নমুনা পরীক্ষণ করিবার পর, পরীক্ষণ কর্মকর্তা সরকার কর্তৃক, সরকারি গেজেটে প্রজ্ঞাপন দ্বারা, নি",other_173_s2,own_search,answered,1,Sorup
prot_0017_02,Sarwad,VERIFY,"আমি ও আমার ছোট ভাই কীভাবে, কোন প্রক্রিয়ায় আইনগতভাবে বাবার সম্পদের ওয়ারিশ হতে পারি?","1. <other_1104_s4> [পাওয়ার অব অ্যাটর্নি আইন, ২০১২, ধারা ৪] অপ্রত্যাহারযোগ্য পাওয়ার অব অ্যাটর্নির মাধ্যমে ক্ষমতা অর্পণ, ইত্যাদি — (১) পণ মূল্য গ্রহণের বিনিময়ে ভূমি উন্নয়ন সংক্রান্ত অপ্রত্যাহারযোগ্য প্রতিটি পাওয়ার অব অ্যাটর্নির একটি নির্দ
2. <other_1021_s8> [সরকারি অর্থ ও বাজেট ব্যবস্থাপনা আইন, ২০০৯, ধারা ৮] সংযুক্ত তহবিল হইতে প্রত্যর্পণ ও ফেরতযোগ্য অর্থ উত্তোলন — রাজস্ব আহরণকারী কোন দপ্তর কর্তৃক কর, লেভী, শুল্ক অথবা এতদ্সম্পর্কিত অন্য কোন চার্জ বাবদ প্রাপ্ত অর্থ সংযুক্ত ত
3. <consumer_1014_s43> [ভোক্তা অধিকার সংরক্ষণ আইন, ২০০৯, ধারা ৪৩] অবৈধ প্রক্রিয়ায় পণ্য উৎ‍পাদন বা প্রক্রিয়াকরণের দণ্ড — কোন ব্যক্তি মানুষের জীবন বা স্বাস্থ্যের জন্য ক্ষতিকর হয় এমন কোন প্রক্রিয়ায়, যাহা কোন আইন বা বিধির অধীন নিষি
4. <other_751_s74_p0> [ব্যাংক-কোম্পানী আইন, ১৯৯১, ধারা ৭৪] আমানতকারীগণের অগ্রাধিকারভিত্তিক পাওনা প্রদান — 291[(১) কোন ব্যাংক-কোম্পানীর অবসায়নের কার্যধারায় অবসায়নের আদেশ এই আইন প্রবর্তনের পূর্বে প্রদত্ত হইয়া থাকিল
5. <other_1201_s31> [বাস র‍্যাপিড ট্রানজিট (বিআরটি) আইন, ২০১৬, ধারা ৩১] বিআরটি বাস দুর্ঘটনায় তৃতীয় পক্ষের ক্ষতিপূরণ — (১) বিআরটি বাস দুর্ঘটনায় পতিত হইবার কারণে যদি বিআরটি বাস ও উহার যাত্রী ব্যতীত অন্য কোনো ব্যক্তি বা সম্পদের ক্
6. <other_1266_s2_p3> [বাংলাদেশ মুক্তিযোদ্ধা কল্যাণ ট্রাস্ট আইন, ২০, ধারা ২] সংজ্ঞা — বা স্বামী এবং পিতা-মাতার অবর্তমানে খেতাবপ্রাপ্ত বীর মুক্তিযোদ্ধার সন্তান; বা(উ) (অ)-(ঈ) পর্যন্ত বর্ণিত ব্যক্তি
7. <other_1201_s10> [বাস র‍্যাপিড ট্রানজিট (বিআরটি) আইন, ২০১৬, ধারা ১০] লাইসেন্স হস্তান্তর — (১) কর্তৃপক্ষের পূর্বানুমোদন ব্যতিরেকে কোনো লাইসেন্স হস্তান্তরযোগ্য হইবে না।(২) উপ-ধারা (১) এর অধীন কোনো লাইসে
8. <consumer_1127_s33> [নিরাপদ খাদ্য আইন, ২০১৩, ধারা ৩৩] মানব স্বাস্থ্যের জন্য ক্ষতিকর বিবেচিত প্রক্রিয়ায় খাদ্যদ্রব্য উৎপাদন, বিক্রয়, ইত্যাদি — কোন ব্যক্তি বা তাহার পক্ষে নিয়োজিত অন্য কোন ব্যক্তি প্রবিধান দ্বারা বা আপাততঃ বলবৎ অন্য কোন আইনের অধীন নির্ধা
9. <other_1156_s29> [মেট্রোরেল আইন, ২০১৫, ধারা ২৯] মেট্রোরেলের দুর্ঘটনায় তৃতীয় পক্ষের ক্ষতিপূরণ — মেট্রোরেল দুর্ঘটনায় পতিত হওয়ার কারণে মেট্রোরেল ও উহার যাত্রী ব্যতীত অন্য কোন ব্যক্তি বা স্থাপনা ও সম্পদের ক্
10. <labour_952_s75> [বাংলাদেশ শ্রম আইন, ২০০৬, ধারা ৭৫] চোখের নিরাপত্তা — উৎপাদন প্রক্রিয়া পরিচালিত হয় এরূপ কোন প্রতিষ্ঠানের ক্ষেত্রে সরকার বিধি দ্বারা এই নির্দেশ দিতে পারিবে যে, উক্",none,none,not_found,1,Sorup
lawy_0290_01,Sarwad,VERIFY,"কেনার আগে জেনে নিন, জমি কিনছেন নাকি হয়রানি?","1. <labour_952_s36> [বাংলাদেশ শ্রম আইন, ২০০৬, ধারা ৩৬] যদি কোন ব্যক্তি শিশু নাকি কিশোর এ সম্পর্কে কোন প্রশ্ন উত্থাপিত হয়, তাহা হইলে উক্ত ব্যক্তির জন্ম নিবন্ধন সনদ, 
2. <other_788_s318> [কোম্পানী আইন, ১৯৯৪, ধারা ৩১৮] আদালত কর্তৃক পাওনাদার ও প্রদায়কগণের অভিপ্রায় বিবেচনাপূর্বক সিদ্ধান্ত গ্রহণ — কোন কোম্পানী আদালত কর্তৃক অবলুপ্ত হইবে, নাকি আদালতের তত্ত্বাবধান সাপেক্ষে অবলুপ্ত হইবে ইহা স্থির করা এবং লিকুই
3. <other_722_s15> [পার্বত্য জেলাসমূহ (আইন রহিত ও প্রয়োগ এবং বিশ, ধারা ১৫] বসতবাড়ীর জন্য গ্রামীণ জমি দখল — (১) কোন পাহাড়ী ব্যক্তি পৌর এলাকা-বহির্ভূত অনধিক ত্রিশ শতাংশ পর্যন্ত খাস জমি তাহার নিজ বসতবাড়ীর জন্য হেডম্যান
4. <other_857_s45> [বাংলাদেশ টেলিযোগাযোগ নিয়ন্ত্রণ আইন, ২০০১, ধারা ৪৫] লাইসেন্সধারীর প্রয়োজনে বাধ্যতামূলকভাবে বেসরকারী জমি অধিগ্রহণ — (১) লাইসেন্সের অধীন কাজকর্ম সম্পাদন বা পরিচালনার জন্য প্রয়োজনীয় কোন জমি ব্যবহারের ক্ষেত্রে লাইসেন্সধারী বাধা
5. <consumer_1014_s54> [ভোক্তা অধিকার সংরক্ষণ আইন, ২০০৯, ধারা ৫৪] মিথ্যা বা হয়রানিমূলক মামলা দায়েরের দণ্ড — কোন ব্যক্তি, কোন ব্যবসায়ী বা সেবা প্রদানকারীকে হয়রানি বা জনসমক্ষে হেয় করা বা তাহার ব্যবসায়িক ক্ষতি সাধনের 
6. <other_845_s20> [জাতীয় গৃহায়ন কর্তৃপক্ষ আইন, ২০০০, ধারা ২০] জমি হুকুমদখল বা অধিগ্রহণ, ইত্যাদি — (১) কর্তৃপক্ষের কার্যাবলী সম্পাদনের জন্য কোন জমি প্রয়োজন হইলে উহা জনস্বার্থে প্রয়োজনীয় বলিয়া বিবেচিত হইবে 
7. <other_721_s9> [বাংলাদেশ ঋণ সালিসি আইন, ১৯৮৯, ধারা ৯] প্রত্যর্পিত জমি হস্ত্মান্ত্মরের উপর বিধি নিষেধ — কোন কৃষক ধারা ৬ বা ধারা ৭ এর অধীন তাঁহার নিকট প্রত্যর্পিত কোন কৃষি জমি প্রত্যর্পণের তারিখ হইতে তিন বত্সরের মধ্
8. <other_1427_s6> [হাট ও বাজার (স্থাপন ও ব্যবস্থাপনা) আইন, ২০২৩, ধারা ৬] হাট ও বাজারের জমি বন্দোবস্ত প্রদান এবং হাট ও বাজার ইজারা প্রদান — (১) হাট ও বাজারের কোনো জমি স্থায়ী বন্দোবস্ত প্রদান করা যাইবে না।(২) উপ-ধারা (১) এর বিধান সাপেক্ষে, জেলা প্রশা
9. <other_740_s15> [ঢাকা বিদ্যুৎ বিতরণ কর্তৃপক্ষ আইন, ১৯৯০, ধারা ১৫] কর্তৃপক্ষের জন্য জমি অধিগ্রহণ — কর্তৃপক্ষের কার্যাবলী সম্পাদনের জন্য কোন জমি প্রয়োজন হইলে উহা জনস্বার্থে প্রয়োজনীয় বলিয়া বিবেচিত হইবে এবং 
10. <other_859_s19> [বাংলাদেশ স্থলবন্দর কর্তৃপক্ষ আইন, ২০০১, ধারা ১৯] কর্তৃপক্ষের জন্য জমি হুকুমদখল বা অধিগ্রহণ — কর্তৃপক্ষের কার্যাবলী সম্পাদনের জন্য কোন জমি প্রয়োজন হইলে উহা জনস্বার্থে প্রয়োজনীয় বলিয়া বিবেচিত হইবে এবং ",unanswerable,none,unanswerable,2,Sorup
prot_0072_05,Sarwad,VERIFY,"আমি হিন্দু ধর্মাবলম্বী, একটা বেসরকারি প্রতিষ্ঠানে চাকরি করি। আমি তিন বছর ধরে একটি বিবাহিত মেয়েকে ভালোবাসি, সেও আমাকে খুব ভালোবাসে। তার স্বামী মাদকাসক্ত। প্রায়ই তাকে নির্যাতন করে, কিছুদিন আগে আমাদের সম্পর্কের কথা দুই পরিবারে জেনে যায়। তার পর থেকে তার স্বামীর নির্যাতন আরও বেড়ে গেছে। এখন মেয়েটি আমাকে চাপ দিচ্ছে তাকে বিয়ে করার জন্য, কিন্তু কোনোমতেই রাজি করাতে পারছি না আমার মা-বাবাকে। এখন সে আমাকে বলছে পালিয়ে গিয়ে বিয়ে করার জন্য। নতুবা স্বামীর ঘর ছেড়ে সরাসরি আমার ঘরে চলে আসবে। আমিও তাকে জীবনসঙ্গী হিসেবে পেতে চাই। এমন অবস্থায় আমার করণীয় কী? নাম প্রকাশে অনিচ্ছুককিশোরগঞ্জ","1. <women_children_835_s11> [নারী ও শিশু নির্যাতন দমন আইন, ২০০০, ধারা ১১] যৌতুকের জন্য মৃত্যু ঘটানো, ইত্যাদির শাস্তি — যদি কোন নারীর স্বামী অথবা স্বামীর পিতা, মাতা, অভিভাবক, আত্মীয় বা স্বামীর পক্ষে অন্য কোন ব্যক্তি যৌতুকের জন্য 
2. <women_children_1063_s3> [পারিবারিক সহিংসতা (প্রতিরোধ ও সুরক্ষা) আইন, , ধারা ৩] পারিবারিক সহিংসতা — - এই আইনের উদ্দেশ্য পূরণকল্পে পারিবারিক সহিংসতা বলিতে পারিবারিক সম্পর্ক রহিয়াছে এমন কোন ব্যক্তি কতৃর্ক পরিবার
3. <other_1266_s2_p2> [বাংলাদেশ মুক্তিযোদ্ধা কল্যাণ ট্রাস্ট আইন, ২০, ধারা ২] সংজ্ঞা — জামায়াতে ইসলামী এবং তাহাদের সহযোগী রাজাকার, আলবদর, আলশামস বাহিনীর বিরুদ্ধে গণপ্রজাতন্ত্রী বাংলাদেশের স্বাধীনত
4. <labour_952_s78> [বাংলাদেশ শ্রম আইন, ২০০৬, ধারা ৭৮] বিষ্ফোরক বা দাহ্য গ্যাস, ধুলা ইত্যাদি — (১) যে ক্ষেত্রে কোন প্রতিষ্ঠানে কোন উত্পাদন প্রক্রিয়ার কারণে উত্থিত গ্যাস, ধোঁয়া, বাষ্প বা ধুলা এমন প্রকৃতির
5. <labour_952_s45> [বাংলাদেশ শ্রম আইন, ২০০৬, ধারা ৪৫] কতিপয় ক্ষেত্রে নারী শ্রমিকের কর্মে নিয়োগ নিষেধ — (১) কোন মালিক তাহার প্রতিষ্ঠানে সজ্ঞানে কোন মহিলাকে তাহার সন্ত্মান প্রসবের অব্যবহিত পরবর্তী আট সপ্তাহের মধ্যে 
6. <other_1133_s2> [নির্যাতন এবং হেফাজতে মৃত্যু (নিবারণ) আইন, ২০, ধারা ২] সংজ্ঞা — বিষয় বা প্রসঙ্গের পরিপন্থী কোন কিছু না থাকিলে, এই আইনে—(১) ‘অভিযোগকারী’ অর্থ এই আইনের অধীনে কোন অভিযোগ উত্থাপ
7. <labour_952_s62_p1> [বাংলাদেশ শ্রম আইন, ২০০৬, ধারা ৬২] অগ্নিকান্ড সম্পর্কে সতর্কতা অবলম্বন — উহা বাহিরের দিকে খোলা যায় এমনভাবে সকল দরজা তৈরী করিতে হইবে।(৩গ) যদি কোন দরজা দুইটি কক্ষের মাঝখানে হয়, তাহা হ
8. <labour_952_s65> [বাংলাদেশ শ্রম আইন, ২০০৬, ধারা ৬৫] স্ট্রাইকিং গিয়ার এবং শক্তি সরবরাহ বিচ্ছিন্ন করার পন্থা — (১) প্রত্যেক প্রতিষ্ঠানে-(ক) উপযুক্ত স্ট্রাইকিং গিয়ার এবং অন্যান্য কার্যকর যান্ত্রিক সরঞ্জাম সংরক্ষণ করা হইবে
9. <other_1078_s24> [ভবঘুরে ও নিরাশ্রয় ব্যক্তি (পুনর্বাসন) আইন, ২, ধারা ২৪] মানুষকে ভিক্ষাবৃত্তিতে নিয়োজিত করার ক্ষেত্রে কতিপয় আইনের প্রয়োগ — অন্য কোন ব্যক্তি দ্বারা প্রভাবিত বা প্ররোচিত হইয়া ভিক্ষাবৃত্তি কাজে নিয়োজিত এমন কোন ভবঘুরেকে এই আইনের অধীন আ
10. <labour_952_s67> [বাংলাদেশ শ্রম আইন, ২০০৬, ধারা ৬৭] নতুন যন্ত্রপাতি আবৃত করা — এই আইন বলবৎ হইবার পর কোন প্রতিষ্ঠানে স্থাপিত শক্তি চালিত প্রত্যেকটি যন্ত্রপাতির-(ক) সেট-স্ক্রু, বেল্ট অথবা চাব","criminal_procedure_11_s498, criminal_procedure_11_s494",own_search,answered,1,Sorup
ajke_0151_01,Sarwad,VERIFY,"প্রশ্ন: আমার বিয়ের বয়স প্রায় ৭ বছর। ৫ বছরের একটি মেয়ে আছে। তার জন্মের পর থেকে আমার স্বামী আমাদের খোঁজখবর নিত না, ভরণপোষণ দিত না। সে লুকিয়ে বিদেশ থেকে দেশে যাতায়াত করত। আমাদের তার বাড়িতে নিয়ে যেত না। এসব কারণে বাধ্য হয়ে আমি কোর্টে মামলা করি। কোর্টে মামলা চলাকালে স্বামী আমার সঙ্গে সংসার করা এবং আমাদের ভরণপোষণ দেওয়ার কথা বলে আপস করে জামিনে বের হয়ে বিদেশে চলে যায়। আমি মেয়েকে নিয়ে বাবার বাড়িতে থাকি এবং মামলা স্থগিত রাখি। এখন সে বিদেশ থেকে কোনো যোগাযোগ করছে না, ভরণপোষণও দিচ্ছে না। এক আইনজীবী আমাকে জানিয়েছেন, আমার শ্বশুর কোর্টে গিয়েছিলেন ডিভোর্সের ব্যবস্থা করতে। কিন্তু আমার কাছে কোনো নোটিশ আসেনি এখনো। শুনেছি, আমার অনুপস্থিতিতে তালাক বিষয়ে কোর্ট নতুন করে শুনানি করেছেন। আমার প্রশ্ন, তারা আমার ইচ্ছার বিরুদ্ধে, আমার ও আমার স্বামীর উপস্থিতি ছাড়া মামলার কাগজপত্রে থাকা আমার স্বাক্ষর জাল করে আমার শ্বশুর কি আমাদের বিবাহবিচ্ছেদ করাতে পারেন?","1. <other_849_s5> [এডমিরালটি কোর্ট আইন, ২০০০, ধারা ৫] সংঘর্ষ ও অনুরূপ মামলার ক্ষেত্রে কোর্টের in personam এখতিয়ার — (১) এই ধারা প্রযোজ্য হয় এমন কোন দাবী কার্যকর করণার্থ বাংলাদেশের কোন আদালত action in personam বিচারার্থ গ্রহণ 
2. <other_891_s72> [অর্থ আইন, ২০০২, ধারা ৭২] কতিপয় বত্সরের বকেয়া কর দাবী অবলোপন (write off) সংক্রান্ত বিধান — ১৯৮৫-৮৬ কর বত্সর এবং তত্পূর্ববর্তী কর বত্সর সংশ্লিষ্ট যে কোন বকেয়া কর দাবী অবলোপন করা (write off) হইয়াছে বলি
3. <other_1483_s7> [পরিত্যক্ত বাড়ি (সম্পূরক বিধানাবলি) আইন, ২০২৩, ধারা ৭] মামলা দায়েরে নিষেধাজ্ঞা, ইত্যাদি — (১) রাষ্ট্রপতির ১৯৭২ সনের ১৬ নং আদেশ বা এই আইনের অধীন কৃত, গৃহীত বা চলমান কোনো কার্যক্রম, সিদ্ধান্ত বা জারীকৃত
4. <other_896_s15> [দ্রুত বিচার ট্রাইব্যুনাল আইন, ২০০২, ধারা ১৫] দ্রুত বিচার ট্রাইব্যুনাল, ইত্যাদির জবাবদিহিতা — (১) কোন মামলা ধারা ১০ এর উপ-ধারা (৩) এ উল্লিখিত সময়ের মধ্যে নিষ্পত্তি না হইবার ক্ষেত্রে ট্রাইব্যুনালকে উহার ক
5. <other_1181_s113> [বাংলাদেশ কোস্ট গার্ড আইন, ২০১৬, ধারা ১১৩] আদালতের এখতিয়ার বারিত — এই আইনের বিধান ব্যতীত কোস্ট গার্ড আদালত এবং কোস্ট গার্ড আপিল ট্রাইব্যুনালের কোন কার্যধারা, রায়, আদেশ বা সিদ্ধ
6. <women_children_835_s31ক> [নারী ও শিশু নির্যাতন দমন আইন, ২০০০, ধারা ৩১ক] (১) কোন মামলা ধারা ২০ এর উপ-ধারা (৩) এ উল্লিখিত সময়ের মধ্যে নিষ্পত্তি না হইবার ক্ষেত্রে ট্রাইব্যুনালকে উহার ক
7. <labour_952_s216_p0> [বাংলাদেশ শ্রম আইন, ২০০৬, ধারা ২১৬] অপরাধ বিচার ছাড়া অন্য কোন বিষয়ে শ্রম আদালতের ক্ষমতা ওকার্যক্রম — (১) অপরাধ ব্যতীত এই আইনের অধীন অন্য কোন বিষয়, প্রশ্ন বা বিরোধের বিচার ও নিষ্পত্তির উদ্দেশ্যে, শ্রম আদালত একটি
8. <other_896_s19> [দ্রুত বিচার ট্রাইব্যুনাল আইন, ২০০২, ধারা ১৯] মামলার বিবরণী — প্রত্যেক দ্রুত বিচার ট্রাইব্যুনাল, প্রতি ইংরেজী মাসের পরবর্তী সাত দিনের মধ্যে ঐ মাসে যতগুলি মামলা বিচারাধীন ছি
9. <women_children_1119_s56> [শিশু আইন, ২০১৩, ধারা ৫৬] আইনগত প্রতিনিধির উপস্থিতি — (১) ধারা ৫৫ এর উপ-ধারা (৩) এর অধীন শিশুর পক্ষে নিযুক্ত আইনজীবীকে সংশ্লিষ্ট মামলার সকল শুনানীতে অবশ্যই হাজির থা
10. <other_822_s47> [পার্বত্য চট্টগ্রাম আঞ্চলিক পরিষদ আইন, ১৯৯৮, ধারা ৪৭] পরিষদের পক্ষে বা বিপক্ষে মামলা — (১) পরিষদের বিরুদ্ধে বা পরিষদ সংক্রান্ত কোন কাজের জন্য উহার কোন সদস্য বা কর্মকর্তা বা কর্মচারীর বিরুদ্ধে কোন ম","criminal_procedure_11_s465, family_305_s8",own_search,answered,1,Sorup
ajke_0156_01,Sarwad,VERIFY,আমার মামারা মায়ের সম্পত্তি দিচ্ছেন না। দিই-দিচ্ছি করে ঘোরাচ্ছেন অনেক বছর ধরে। এই কাজ কীভাবে করা সম্ভব? মায়ের নামে জমি খারিজ করতে গেলে মামাদের এনআইডি লাগবে। কীভাবে সেটা বের করতে পারি?,"1. <other_893_s7> [শিশু-মাতৃ স্বাস্থ্য ইনস্‌টিটিউট আইন, ২০০২, ধারা ৭] ইনস্‌টিটিউটের দায়িত্ব ও কার্যাবলী — ইনস্টিটিউটের দায়িত্ব ও কার্যাবলী হইবে নিম্নরূপ, যথা:-(১) শিশু ও মায়ের স্বাস্থ্য ও পুষ্টি বিষয়ে শিক্ষা, প্রশ
2. <other_857_s45> [বাংলাদেশ টেলিযোগাযোগ নিয়ন্ত্রণ আইন, ২০০১, ধারা ৪৫] লাইসেন্সধারীর প্রয়োজনে বাধ্যতামূলকভাবে বেসরকারী জমি অধিগ্রহণ — (১) লাইসেন্সের অধীন কাজকর্ম সম্পাদন বা পরিচালনার জন্য প্রয়োজনীয় কোন জমি ব্যবহারের ক্ষেত্রে লাইসেন্সধারী বাধা
3. <other_1427_s9> [হাট ও বাজার (স্থাপন ও ব্যবস্থাপনা) আইন, ২০২৩, ধারা ৯] হাট ও বাজারের পরিসীমার মধ্যকার বিনষ্টযোগ্য সম্পত্তি ব্যবস্থাপনা — হাট ও বাজারের পরিসীমার মধ্যে কোনো সরকারি সম্পত্তি যেমন-ভবন, গাছ, ইত্যাদি নষ্ট হইয়া গেলে অথবা প্রাকৃতিক কারণে 
4. <other_1727_s41> [জুয়া প্রতিরোধ আইন, ২০২৬, ধারা ৪১] এনআইডি-সিম-এমএফএস লিংকিং সিস্টেম (NID-SIM-MFS Linking System) বাস্তবায়ন — (১) সরকার জুয়া প্রতিরোধের উদ্দেশ্যে এনআইডি-সিম-এমএফএস লিংকিং সিস্টেম (NID-SIM-MFS Linking System) বাস্তবায়ন 
5. <other_1124_s7> [মাতৃদুগ্ধ বিকল্প, শিশু খাদ্য, বাণিজ্যিকভাবে , ধারা ৭] শিক্ষামূলক বা অন্যান্য তথ্যাদি — জন্ম-পূর্ববর্তী বা জন্ম-পরবর্তী সেবা দানের উদ্দেশ্যে কোন গর্ভবতী মহিলা বা মাতৃদুগ্ধদানকারী বা শিশুর মায়েদের স
6. <women_children_1063_s27> [পারিবারিক সহিংসতা (প্রতিরোধ ও সুরক্ষা) আইন, , ধারা ২৭] আবেদন খারিজ — আবেদনকারীর অনুপস্থিতির কারণে কোন আবেদন খারিজ হইলে যে আদালত কর্তৃক আবেদনটি খারিজ করা হইয়াছে সেই আদালত আবেদনকার
7. <other_775_s26> [বাংলাদেশ সিকিউরিটিজ অ্যান্ড এক্সচেঞ্জ কমিশন , ধারা ২৬] জটিলতার নিরসনের ক্ষমতা — (১) এই আইনের বিধানাবলী কার্যকর করার ক্ষেত্রে কোন অসুবিধা দেখা দিলে সরকার উক্ত অসুবিধা দূরীকরণার্থে, আদেশ দ্বার
8. <other_813_s20> [বাংলাদেশ কমার্স এন্ড ইনভেষ্টমেন্ট লিমিটেড (প, ধারা ২০] জটিলতা নিরসনের ক্ষমতা — (১) এই আইনের বিধানাবলী কার্যকর করার ক্ষেত্রে কোন অসুবিধা দেখা দিলে সরকার উক্ত অসুবিধা দূরীকরণার্থে, আদেশ দ্বার
9. <labour_952_s216_p1> [বাংলাদেশ শ্রম আইন, ২০০৬, ধারা ২১৬] অপরাধ বিচার ছাড়া অন্য কোন বিষয়ে শ্রম আদালতের ক্ষমতা ওকার্যক্রম — বা আপত্তি পেশ করিতে ব্যর্থ হয়, তাহা হইলে মামলাটি একতরফা শুনানীক্রমে নিষ্পত্তি করা হইবে।(৬) কোন পক্ষের আবেদনক্
10. <other_812_s24_p1> [দেউলিয়া বিষয়ক আইন, ১৯৯৭, ধারা ২৪] দেনাদারের বিরুদ্ধে অন্তর্বর্তী কার্যধারা — প্রদান; (ঘ) দেনাদারের দখলভুক্ত বা নিয়ন্ত্রণাধীন হিসাব বহিসহ সকল সম্পত্তি বা উহার অংশবিশেষ, অব্যাহতিপ্রাপ্ত সম","land_241_s143, civil_registration_1458_s14",own_search,answered,1,Sorup
prot_0045_05,Sarwad,VERIFY,"আমার প্রথম স্ত্রী মারা যাওয়ার পর দ্বিতীয় বিয়ে করি। আমার প্রথম স্ত্রীর ঘরে একজন ছেলে ও একজন মেয়ে আছে আর দ্বিতীয় স্ত্রীর ঘরেও একজন ছেলে ও একজন মেয়ে আছে। কিছুদিন আগে আমার প্রথম স্ত্রীর ছেলে মারা যায়, তার এক ছেলে এবং এক মেয়ে আছে। এখন আইন অনুযায়ী সে কি আমার সম্পত্তির মালিক হবে? আমি যদি আমার স্থাবর-অস্থাবর সব সম্পত্তি দ্বিতীয় স্ত্রীর ছেলেকে দিয়ে দিতে চাই, তাহলে কীভাবে দিতে পারব?মোজাহের আহমদ চৌধুরীচট্টগ্রাম","1. <other_822_s10> [পার্বত্য চট্টগ্রাম আঞ্চলিক পরিষদ আইন, ১৯৯৮, ধারা ১০] সম্পত্তি সম্পর্কিত ঘোষণা — চেয়ারম্যান ও প্রত্যেক সদস্য তাহার কার্যভার গ্রহণের পূর্বে তাহার এবং তাঁহার পরিবারের কোন সদস্যের স্বত্ব, দখল ব
2. <local_government_1027_s41> [স্থানীয় সরকার (ইউনিয়ন পরিষদ) আইন, ২০০৯, ধারা ৪১] সম্পত্তি সম্পর্কিত ঘোষণা — চেয়ারম্যান ও সদস্য তাঁহার কার্যভার গ্রহণের পূর্বে তাঁহার এবং তাঁহার পরিবারের কোন সদস্যের স্বত্ব, দখল বা স্বার
3. <local_government_827_s10> [উপজেলা পরিষদ আইন, ১৯৯৮, ধারা ১০] সম্পত্তি সম্পর্কিত ঘোষণা — 14[চেয়ারম্যান ও ভাইস চেয়ারম্যান ] তাঁহার কার্যভার গ্রহণের পূর্বে তাঁহার এবং তাঁহার পরিবারের কোন সদস্যের স্বত
4. <other_1037_s57_p2> [বীমা আইন, ২০১০, ধারা ৫৭] বীমা পলিসি গ্রাহক কর্তৃক মনোনয়ন৷ — বলবৎ হইবার পূর্বে কোন ব্যক্তি তাহার নিজের বা তাহার স্ত্রীর বা সন্তানদের বা তাহাদের যে কোন এক জনের লাইফ ইন্স্যু
5. <local_government_1027_s2_p1> [স্থানীয় সরকার (ইউনিয়ন পরিষদ) আইন, ২০০৯, ধারা ২] সংজ্ঞা — শহর হিসাবে ঘোষিত নয় এইরূপ এলাকা;(১৩) 'চেয়ারম্যান' অর্থ ইউনিয়ন পরিষদের চেয়ারম্যান;(১৪) 'জনপথ' অর্থ সর্বসাধা
6. <other_1190_s26> [পেট্রোলিয়াম আইন, ২০১৬, ধারা ২৬] অপরাধের বিচার — এই আইনের অধীন সংঘটিত অপরাধসমূহ একজন মেট্রোপলিটন ম্যাজিস্ট্রেট বা প্রথম বা দ্বিতীয় শ্রেণির ম্যাজিস্ট্রেট কর্তৃ
7. <other_1429_s2_p0> [আয়কর আইন, ২০২৩, ধারা ২] সংজ্ঞা — বিষয় বা প্রসঙ্গের পরিপন্থি কোনো কিছু না থাকিলে, এই আইনে,-(১) “অবলোপিত মূল্য” অর্থ তৃতীয় তফসিলের অংশ ১ এ সংজ্
8. <other_916_s9> [বিরোধ মীমাংসা (পৌর এলাকা) বোর্ড আইন, ২০০৪, ধারা ৯] বোর্ড কর্তৃক প্রদেয় প্রতিকার — (১) তফসিলের প্রথম অংশে উল্লিখিত অপরাধসমূহের ব্যাপারে বোর্ড কোন কারাদণ্ড বা অর্থদণ্ড আরোপ করিতে পারিবে না, শুধু
9. <other_888_s8> [আইন-শৃঙ্খলা বিঘ্নকারী অপরাধ (দ্রুত বিচার) আই, ধারা ৮] দ্রুত বিচার আদালত গঠন — (১) সরকার, সরকারী গেজেটে প্রজ্ঞাপন দ্বারা, এই আইনের উদ্দেশ্য পূরণকল্পে প্রত্যেক জেলায় এবং মেট্রোপলিটন এলাকায়
10. <other_1280_s9> [বাংলাদেশ স্ট্যান্ডার্ডস এন্ড টেস্টিং ইনস্টিট, ধারা ৯] পরিষদের সভা — (১) এই ধারার অন্যান্য বিধানাবলি সাপেক্ষে, পরিষদ উহার সভার কার্যপদ্ধতি নির্ধারণ করিতে পারিবে।(২) চেয়ারম্যানের ","family_305_s4, other_48_s123",own_search,answered,2,Sorup
prot_0084_05,Sarwad,VERIFY,"আমার প্রকৃত জন্ম ১৯৯৪ সালে। এখন আমি নবম শ্রেণীতে পড়ি। সামনে আমার রেজিস্ট্রেশন। আমার মায়ের বাড়ি কুমিল্লায়। বাবার বাড়ি ময়মনসিংহে। আমরা সপরিবারে চট্টগ্রামে থাকি। আমার মামা আমার জন্মনিবন্ধন কুমিল্লায় করে দেন। যে কারণে তিনি প্রকৃত জন্মসাল না জেনে ১৯৯৭ লিখে দেন। প্রাথমিক বিদ্যালয় থেকে উচ্চবিদ্যালয়ে যে ভর্তি সনদপত্র জমা দিয়েছিলাম তাতে ১৯৯৪ সালই লেখা আছে। এখন আমি কি রেজিস্ট্রেশনের সময় ১৯৯৪ সাল উল্লেখ করব, নাকি জন্মনিবন্ধন ১৯৯৭ লিখব?","1. <labour_1285_s166> [বাংলাদেশ ইপিজেড শ্রম আইন, ২০১৯, ধারা ১৬৬] অন্য কোনো কর্জের উপর চাঁদা প্রদান অগ্রাধিকার পাইবে — এই অধ্যায়ের অধীন কোনো চাঁদা অনাদায়ী থাকিলে উহা যদি মালিকের দেউলিয়া সাব্যস্ত হইবার পূর্বে প্রদেয় হয় অথবা গ
2. <money_recovery_1468_s25> [সুরক্ষিত লেনদেন (অস্থাবর সম্পত্তি) আইন, ২০২৩, ধারা ২৫] অসম্পূর্ণকৃত সুরক্ষা স্বার্থের উপর অগ্রাধিকার — (১) জামানতে কোনো অসম্পূর্ণকৃত সুরক্ষা স্বার্থ থাকিলে নিম্নবর্ণিত স্বার্থ উহার উপর অগ্রাধিকার পাইবে, যথা:-(ক) এ
3. <labour_1285_s165> [বাংলাদেশ ইপিজেড শ্রম আইন, ২০১৯, ধারা ১৬৫] ভবিষ্য তহবিল অক্রোকযোগ্য — (১) কোনো শ্রমিকের ভবিষ্য তহবিলের হিসাবে যে অর্থ জমা থাকে সে অর্থ কোনো ভাবেই হস্তান্তর যোগ্য বা দায়বদ্ধ যোগ্য 
4. <other_1088_s2_p0> [মানিলন্ডারিং প্রতিরোধ আইন, ২০১২, ধারা ২] বিষয় বা প্রসংগের পরিপন্থী কোন কিছু না থাকিলে, এই আইনে—(ক) ‘‘অর্থ বা সম্পত্তি পাচার’’ অর্থ—(১) দেশে বিদ্যমান আ
5. <other_1700_s26> [বাংলাদেশ বনশিল্প উন্নয়ন কর্পোরেশন আইন, ২০২৬, ধারা ২৬] কোম্পানি গঠন এবং সংঘস্মারক ও সংঘবিধির সংশোধন — (১) কর্পোরেশন, সরকারের পূর্বানুমোদনক্রমে, বনজশিল্পপণ্য, শিল্পপণ্য বা সামগ্রী উৎপাদনের লক্ষ্যে কোম্পানী আইন, ১৯
6. <money_recovery_876_s3> [সমবায় সমিতি আইন, ২০০১, ধারা ৩] সমবায় সমিতির ক্ষেত্রেকোম্পানী আইন, ১৯৯৪(১৯৯৪ সনের ১৮ নং আইন) এবং মাইক্রো ক্রেডিট রেগুলেটরি অথরিটি আইন, ২০০৬ (
7. <other_1180_s26> [বাংলাদেশ পেট্রোলিয়াম কর্পোরেশন আইন, ২০১৬, ধারা ২৬] কর্পোরেশনের অবসায়ন — কোম্পানী আইন, ১৯৯৪(১৯৯৪ সনের ১৮ নং আইন) এ উল্লিখিত অবসায়ন সংক্রান্ত সংশ্লিষ্ট বিধানাবলী কর্পোরেশনের ক্ষেত্রে 
8. <other_1700_s28> [বাংলাদেশ বনশিল্প উন্নয়ন কর্পোরেশন আইন, ২০২৬, ধারা ২৮] কর্পোরেশনের অবসায়ন। — কোম্পানী আইন, ১৯৯৪ (১৯৯৪ সনের ১৮ নং আইন)-এ উল্লিখিত অবসায়ন সংক্রান্ত সংশ্লিষ্ট বিধানাবলি কর্পোরেশনের ক্ষেত্রে
9. <other_1415_s32> [বাংলাদেশ তেল, গ্যাস ও খনিজসম্পদ কর্পোরেশন আ, ধারা ৩২] কর্পোরেশনের অবসায়ন — কোম্পানি আইন, ১৯৯৪ (১৯৯৪ সনের ১৮ নং আইন) এ উল্লিখিত অবসায়ন সংক্রান্ত সংশ্লিষ্ট বিধানাবলি কর্পোরেশনের ক্ষেত্রে
10. <other_1443_s59> [বাংলাদেশ ক্ষুদ্র ও কুটির শিল্প কর্পোরেশন আইন, ধারা ৫৯] কর্পোরেশনের অবসায়ন — কোম্পানী আইন, ১৯৯৪(১৯৯৪ সনের ১৮ নং আইন) এ উল্লিখিত অবসায়ন সংক্রান্ত সংশ্লিষ্ট বিধানাবলি কর্পোরেশনের ক্ষেত্রে ",civil_registration_921_s15,own_search,answered,2,Sorup
prot_0036_07,Sarwad,VERIFY,আমি একজন গৃহিণী এবং তিন সন্তানের মা। আমার স্বামী আমাকে না জানিয়ে ঢাকায় বিয়ে করেছেন। এখন আমাদের ভরণপোষণ দেওয়া বন্ধ করে দিয়েছেন। আমি গ্রামের চেয়ারম্যানকে বিষয়টি জানাই।তিনি আমাদের স্বামী-স্ত্রীর সই একটি সাদা স্ট্যাম্পে রেখে তিন মাস পর সিদ্ধান্ত নেবেন বলে জানিয়েছেন। এখন আমার কী করা উচিত?,"1. <other_1429_s31> [আয়কর আইন, ২০২৩, ধারা ৩১] আয় একীভূতকরণ — (১) এই আইনে ভিন্নরূপ কিছু না থাকিলে, নিম্নবর্ণিত আয়সমূহ কোনো ব্যক্তির মোট আয়ের অন্তর্ভুক্ত হইবে, যথা:-(ক) উক
2. <other_1132_s5> [পিতা-মাতার ভরণ-পোষণ আইন, ২০১৩, ধারা ৫] পিতা-মাতার ভরণ-পোষণ না করিবার দণ্ড — (১) কোন সন্তান কর্তৃক ধারা ৩ এর যে কোন উপ-ধারার বিধান কিংবা ধারা ৪ এর বিধান লংঘন অপরাধ বলিয়া গণ্য হইবে এবং উক
3. <other_857_s11> [বাংলাদেশ টেলিযোগাযোগ নিয়ন্ত্রণ আইন, ২০০১, ধারা ১১] পরিবারের সদস্যের কতিপয় স্বার্থ সম্পর্কে কমিশনারের দায়িত্ব — (১) কোন কমিশনারের পরিবারের কোন সদস্য যদি ধারা ১০(২)(ছ)- েত উলিস্্নখিত স্বার্থ অর্জন বা ধারণ করেন, তাহা হইলে তি
4. <labour_952_s98> [বাংলাদেশ শ্রম আইন, ২০০৬, ধারা ৯৮] সংবাদপত্র শ্রমিকের জন্য চিকিৎসা পরিচর্যা — প্রত্যেক সংবাদপত্র শ্রমিক এবং তাহার উপর নির্ভরশীলগণ সংবাদপত্র প্রতিষ্ঠানের খরচে বিধি দ্বারা নির্ধারিত পন্থায় 
5. <other_1485_s9> [বাংলাদেশ পুলিশ কল্যাণ তহবিল আইন, ২০২৩, ধারা ৯] মৃত্যু এবং অক্ষমতাজনিত কারণে এককালীন এবং মাসিক কল্যাণ অনুদান — (১) কোনো কর্মচারী বা তাহার মৃত্যু হইলে তাহার স্ত্রী বা, ক্ষেত্রমত, স্বামী, বিধি দ্বারা নির্ধারিত পদ্ধতিতে, নিম
6. <women_children_835_s13> [নারী ও শিশু নির্যাতন দমন আইন, ২০০০, ধারা ১৩] (১) অন্য কোন আইনে ভিন্নতর যাহা কিছুই থাকুক না কেন, ধর্ষণের কারণে কোন সন্তান জন্মলাভ করিলে-(ক) উক্ত সন্তানকে তা
7. <labour_952_s7> [বাংলাদেশ শ্রম আইন, ২০০৬, ধারা ৭] সার্ভিস বইয়ের ফরম — (১) সার্ভিস বই বিধি দ্বারা নির্ধারিত মাপে ও ফরমে রৰিত হইবে, এবং উহাতে শ্রমিকের একটি ফটো সংযোজিত থাকিবে।(২) সার
8. <labour_952_s13> [বাংলাদেশ শ্রম আইন, ২০০৬, ধারা ১৩] প্রতিষ্ঠান বন্ধ রাখা — (১) কোন প্রতিষ্ঠানের কোন শাখা বা বিভাগে বে-আইনী ধর্মঘটের কারণে মালিক উক্ত শাখা বা প্রতিষ্ঠান আংশিক বা সম্পূর্ণ
9. <other_914_s15> [দুর্নীতি দমন কমিশন আইন, ২০০৪, ধারা ১৫] কমিশনের সিদ্ধান্ত — (১) কমিশনের সকল সিদ্ধান্ত উহার সভায় গৃহীত হইতে হইবে।(২) কমিশন-(ক) উহার দায়িত্ব পালনের জন্য কমিশনের সভায় নিয
10. <labour_1285_s12> [বাংলাদেশ ইপিজেড শ্রম আইন, ২০১৯, ধারা ১২] প্রতিষ্ঠান বন্ধ রাখা — (১) কোনো প্রতিষ্ঠানের কোনো শাখা বা বিভাগে বে-আইনী ধর্মঘটের কারণে, কর্তৃপক্ষের পূর্বানুমোদনক্রমে, মালিক উক্ত শা","family_305_s9, family_305_s6",own_search,answered,2,Sorup
lawy_0413_01,Sarwad,VERIFY,"মুসলিমরা কি ‘বিশেষ বিবাহ আইনে’ বিয়ে করতে পারে, আইন কি বলে?","1. <other_1172_s3> [গণকর্মচারী (বিদেশি নাগরিকের সহিত বিবাহ) আইন,, ধারা ৩] বিদেশি নাগরিকের সহিত বিবাহে বাধানিষেধ — (১) উপ-ধারা (২) এর অধীন অনুমতিপ্রাপ্ত না হইলে কোন গণকর্মচারী কোন বিদেশি নাগরিককে বিবাহ করিবেন না বা বিবাহ করিব
2. <family_1105_s5> [হিন্দু বিবাহ নিবন্ধন আইন, ২০১২, ধারা ৫] হিন্দু বিবাহ নিবন্ধনের ক্ষেত্রে বিধি-নিষেধ — অন্য কোন আইনে যাহা কিছুই থাকুক না কেন, ২১ (একুশ) বৎসরের কম বয়স্ক কোন হিন্দু পুরুষ বা ১৮ (আঠার) বৎসরের কম বয়স
3. <family_1105_s2> [হিন্দু বিবাহ নিবন্ধন আইন, ২০১২, ধারা ২] সংজ্ঞা — বিষয় বা প্রসঙ্গের পরিপন্থী কোন কিছু না থাকিলে, এই আইনে,-(ক) ‘‘হিন্দু’’ অর্থ বাংলাদেশের হিন্দু ধর্মাবলম্বী কোন
4. <family_1105_s6> [হিন্দু বিবাহ নিবন্ধন আইন, ২০১২, ধারা ৬] বিবাহ নিবন্ধিকরণ পদ্ধতি — (১) হিন্দু ধর্ম, রীতি-নীতি ও আচার-অনুষ্ঠান অনুযায়ী হিন্দু বিবাহ সম্পন্ন হওয়ার পর উক্ত বিবাহের দালিলিক প্রমাণ
5. <women_children_1207_s11> [বাল্যবিবাহ নিরোধ আইন, ২০১৭, ধারা ১১] বাল্যবিবাহ নিবন্ধনের জন্য বিবাহ নিবন্ধনের শাস্তি, লাইসেন্স বাতিল — কোন বিবাহ নিবন্ধক বাল্যবিবাহ নিবন্ধন করিলে উহা হইবে একটি অপরাধ এবং তজ্জন্য তিনি অনধিক ২ (দুই) বৎসর ও অন্যূন ৬ 
6. <family_1105_s3> [হিন্দু বিবাহ নিবন্ধন আইন, ২০১২, ধারা ৩] হিন্দু বিবাহ নিবন্ধন — (১) অন্য কোন আইন, প্রথা ও রীতি-নীতিতে যাহা কিছুই থাকুক না কেন, হিন্দু বিবাহের দালিলিক প্রমাণ সুরক্ষার উদ্দেশ্য
7. <women_children_1207_s19> [বাল্যবিবাহ নিরোধ আইন, ২০১৭, ধারা ১৯] বিশেষ বিধান — এই আইনের অন্যান্য বিধানে যাহা কিছুই থাকুক না কেন, বিধি দ্বারা নির্ধারিত কোন বিশেষ প্রেক্ষাপটে অপ্রাপ্ত বয়স্কে
8. <family_1105_s12> [হিন্দু বিবাহ নিবন্ধন আইন, ২০১২, ধারা ১২] বিবাহ নিবন্ধনের প্রতিলিপি প্রদান — (১) এই আইনের অধীন হিন্দু বিবাহ নিবন্ধনের ক্ষেত্রে বিবাহের পক্ষদ্বয় বা তদ্কর্তৃক মনোনীত প্রতিনিধি কর্তৃক আবেদন
9. <family_1105_s4> [হিন্দু বিবাহ নিবন্ধন আইন, ২০১২, ধারা ৪] বিবাহ নিবন্ধক নিয়োগ — (১) এই আইনের অধীন হিন্দু বিবাহ নিবন্ধনের উদ্দেশ্যে, সরকার, সিটি কর্পোরেশন এলাকার ক্ষেত্রে তদ্কর্তৃক সময় সময় 
10. <other_1172_s1> [গণকর্মচারী (বিদেশি নাগরিকের সহিত বিবাহ) আইন,, ধারা ১] সংক্ষিপ্ত শিরোনাম ও পবর্তন — (১) এই আইনগণকর্মচারী (বিদেশি নাগরিকের সহিত বিবাহ) আইন, ২০১৫নামে অভিহিত হইবে।(২) ইহা অবিলম্বে কার্যকর হইবে।",other_25_s2,own_search,answered,3,Sorup
prot_0087_02,Sarwad,VERIFY,"আমি বেসরকারি একটা চাকরি করি। পুরো পরিবার আমার ওপর নির্ভরশীল। ২০০৫ সালে পরিবারের মতে, অশিক্ষিত এক মেয়েকে বিয়ে করি। সে দেখতেও ভালো নয়। শর্ত ছিল একটা সরকারি চাকরি, না হলে ৫০ হাজার টাকা দেবে আমাকে। আমি যৌতুককে খুবই ঘৃণা করি। তারপরও এই শর্তে রাজি ছিলাম। কারণ, আমি নিতান্তই গরিব ঘরের ছেলে। আমার বাবা ও ছোট ভাই দিনমজুর। আমিও ছাত্রজীবনে অন্যের বাড়িতে কাজ করে, লজিং থেকে পড়াশোনা করেছি। বিয়ে করার পর শ্বশুরবাড়ি থেকে কিছুই পাইনি। আমাদের একটি মেয়ে আছে। চাকরির কারণে আমি দূরে থাকায় আমার স্ত্রী পরকীয়ায় জড়িয়ে পড়ে। এখন স্ত্রী চাপ দিচ্ছে, তার দেনমোহর পরিশোধ না করলে মামলা করবে। এখন দেনমোহর পরিশোধ করার ক্ষমতা আমার নেই। কী করতে পারি?","1. <other_822_s10> [পার্বত্য চট্টগ্রাম আঞ্চলিক পরিষদ আইন, ১৯৯৮, ধারা ১০] সম্পত্তি সম্পর্কিত ঘোষণা — চেয়ারম্যান ও প্রত্যেক সদস্য তাহার কার্যভার গ্রহণের পূর্বে তাহার এবং তাঁহার পরিবারের কোন সদস্যের স্বত্ব, দখল ব
2. <local_government_1027_s41> [স্থানীয় সরকার (ইউনিয়ন পরিষদ) আইন, ২০০৯, ধারা ৪১] সম্পত্তি সম্পর্কিত ঘোষণা — চেয়ারম্যান ও সদস্য তাঁহার কার্যভার গ্রহণের পূর্বে তাঁহার এবং তাঁহার পরিবারের কোন সদস্যের স্বত্ব, দখল বা স্বার
3. <local_government_827_s10> [উপজেলা পরিষদ আইন, ১৯৯৮, ধারা ১০] সম্পত্তি সম্পর্কিত ঘোষণা — 14[চেয়ারম্যান ও ভাইস চেয়ারম্যান ] তাঁহার কার্যভার গ্রহণের পূর্বে তাঁহার এবং তাঁহার পরিবারের কোন সদস্যের স্বত
4. <other_1485_s9> [বাংলাদেশ পুলিশ কল্যাণ তহবিল আইন, ২০২৩, ধারা ৯] মৃত্যু এবং অক্ষমতাজনিত কারণে এককালীন এবং মাসিক কল্যাণ অনুদান — (১) কোনো কর্মচারী বা তাহার মৃত্যু হইলে তাহার স্ত্রী বা, ক্ষেত্রমত, স্বামী, বিধি দ্বারা নির্ধারিত পদ্ধতিতে, নিম
5. <other_863_s7> [বাংলাদেশ শিল্পী কল্যাণ ট্রাস্ট আইন, ২০০১, ধারা ৭] ট্রাস্টের কার্যাবলী — ট্রাস্টের কার্যাবলী হইবে নিম্নরূপ, যথা:-(ক) সাধারণভাবে অসচ্ছল শিল্পীদের কল্যাণ সাধন;(খ) শিল্পীদের কল্যাণার্থে 
6. <other_724_s8> [রাংগামাটি পার্বত্য জেলা পরিষদ আইন, ১৯৮৯, ধারা ৮] সম্পত্তি সম্পর্কিত ঘোষণা — চেয়ারম্যান ও প্রত্যেক সদস্য তাঁহার কার্যভার গ্রহণের পূর্বে তাঁহার এবং তাঁহার পরিবারের কোন সদস্যের স্বত্ব, দখল
7. <other_1271_s46> [সরকারি চাকরি আইন, ২০১৮, ধারা ৪৬] অক্ষমতাজনিত অবসর — (১) কোনো সরকারি কর্মচারী শারীরিক অথবা মানসিক অসামর্থ্য বা বৈকল্যের কারণে সরকারি কর্ম সম্পাদনে নিজেকে অক্ষম মনে
8. <local_government_1027_s2_p1> [স্থানীয় সরকার (ইউনিয়ন পরিষদ) আইন, ২০০৯, ধারা ২] সংজ্ঞা — শহর হিসাবে ঘোষিত নয় এইরূপ এলাকা;(১৩) 'চেয়ারম্যান' অর্থ ইউনিয়ন পরিষদের চেয়ারম্যান;(১৪) 'জনপথ' অর্থ সর্বসাধা
9. <labour_1285_s24> [বাংলাদেশ ইপিজেড শ্রম আইন, ২০১৯, ধারা ২৪] চাকরি হইতে অবসর গ্রহণ — (১) এই অধ্যায়ের অন্যত্র যাহা কিছুই উল্লে­খ থাকুক না কেন, কোনো প্রতিষ্ঠানে নিয়োজিত কোনো শ্রমিকের বয়স ৬০ (ষাট
10. <other_1586_s23> [গুম প্রতিরোধ ও প্রতিকার অধ্যাদেশ, ২০২৫, ধারা ২৩] স্ত্রী বা সন্তান কর্তৃক গুম হওয়া ব্যক্তির সম্পত্তি ব্যবহারের অনুমতি — (১) গুম হওয়া ব্যক্তির দায় পরিশোধ, তাহার স্ত্রী বা তাহার উপর নির্ভরশীল পরিবারের সদস্যদের ভরণপোষণের বা অন্য কো","family_305_s10, family_1444_s5",own_search,answered,2,Sorup
ajke_0143_01,Sarwad,VERIFY,"আমি একটি করপোরেট প্রতিষ্ঠানে চাকরি করি। স্বামীর সঙ্গে বিচ্ছেদ হয়েছে প্রায় তিন বছর। সম্প্রতি একটি মোবাইল ফোন নম্বর থেকে আমাকে বিভিন্নভাবে হয়রানি করা হচ্ছে। কখনো ছবি আবার কখনো মেসেজের স্ক্রিনশট ফাঁস করে দেওয়ার হুমকি দিয়ে ইতিমধ্যে আমার কাছ থেকে টাকাপয়সাও হাতিয়ে নিয়েছে নম্বরটির ব্যবহারকারী। আমি ডিভোর্সি উল্লেখ করলাম; কারণ, ডিভোর্সের পর আমাকে নিয়ে নানা মহলে নানা কথা হয়। আমি এসব নিয়ে মানসিক যন্ত্রণায় আছি। আমি টাকাপয়সা না দিয়ে আইনগত পদক্ষেপ নিতে চাই। নির্দিষ্টভাবে কাউকে যদি সন্দেহের তালিকায় না রাখি, তাহলে পদক্ষেপ নেব কীভাবে? যদিও সেই নম্বর আমার কাছে আছে। শুধু নম্বরের ভিত্তিতে কি আইনি ব্যবস্থা নেওয়া সম্ভব?","1. <other_1106_s110> [মূল্য সংযোজন কর ও সম্পূরক শুল্ক আইন, ২০১২, ধারা ১১০] দলিলপত্রের বৈধতা — (১) এই আইন বা তদধীন প্রণীত বিধিমালার অধীন জারিকৃত বা ক্ষমতাপ্রাপ্ত মূসক কর্মকর্তা কর্তৃক প্রদত্ত কোন নোটিশ বা 
2. <civil_registration_1458_s4> [জাতীয় পরিচয় নিবন্ধন আইন, ২০২৩, ধারা ৪] জাতীয় পরিচিতি নম্বর ও জাতীয় পরিচয়পত্র প্রদান, জাতীয় পরিচয় নিবন্ধন রেজিস্টার, ইত্যাদি — (১) একজন নাগরিককে নিবন্ধক কর্তৃক কেবল একটি জাতীয় পরিচিতি নম্বর প্রদান করা যাইবে, যাহা উক্ত নাগরিকের একক পরিচি
3. <other_1126_s10> [প্রতিবন্ধী ব্যক্তির অধিকার ও সুরক্ষা আইন, ২০, ধারা ১০] শ্রবণপ্রতিবন্ধিতা (hearing disability) — (১) শব্দের তীব্রতা ৬০ ডেসিবল এর নিম্নে হইলে শুনিতে না পাওয়া ব্যক্তি ‘শ্রবণপ্রতিবন্ধী ব্যক্তি’ বলিয়া বিবেচিত 
4. <other_1132_s5> [পিতা-মাতার ভরণ-পোষণ আইন, ২০১৩, ধারা ৫] পিতা-মাতার ভরণ-পোষণ না করিবার দণ্ড — (১) কোন সন্তান কর্তৃক ধারা ৩ এর যে কোন উপ-ধারার বিধান কিংবা ধারা ৪ এর বিধান লংঘন অপরাধ বলিয়া গণ্য হইবে এবং উক
5. <other_1132_s4> [পিতা-মাতার ভরণ-পোষণ আইন, ২০১৩, ধারা ৪] পিতা-মাতার অবর্তমানে দাদা-দাদী, নানা-নানীর ভরণ-পোষণ — প্রত্যেক সন্তান তাহার—(ক) পিতার অবর্তমানে দাদা-দাদীকে; এবং(খ) মাতার অবর্তমানে নানা-নানীকে—ধারা ৩ এ বর্ণিত ভরণ-
6. <other_746_s50> [খুলনা বিশ্ববিদ্যালয় আইন, ১৯৯০, ধারা ৫০] পরীক্ষা পদ্ধতি — (১) বিশ্ববিদ্যালয়ে কোর্স-কাম-ক্রেডিট পদ্ধতিতে পরীক্ষা গ্রহণ করা হইবে।(২) সম্পূর্ণ পাঠ্যসূচীকে কয়েকটি পাঠ্যক্
7. <other_706_s50> [শাহ্‌জালাল বিজ্ঞান ও প্রযুক্তি বিশ্ববিদ্যালয়, ধারা ৫০] পরীক্ষা পদ্ধতি — (১) বিশ্ববিদ্যালয়ে কোর্স-কাম-ক্রেডিট পদ্ধতিতে পরীক্ষা গ্রহণ করা হইবে।(২) সম্পূর্ণ পাঠ্যসূচীকে কয়েকটি পাঠ্যক্
8. <other_1045_s18> [চার্টার্ড সেক্রেটারীজ আইন, ২০১০, ধারা ১৮] রেজিস্টার — (১) সচিব, নিম্নবর্ণিত তথ্যাদি উল্লেখপূর্বক, নির্ধারিত পদ্ধতিতে, সদস্যগণের নাম রেজিস্টারে অন্তর্ভুক্ত ও সংরক্ষণ
9. <other_1218_s22> [বেসামরিক বিমান চলাচল আইন, ২০১৭, ধারা ২২] জন স্বাস্থ্য সুরক্ষায় জরুরি ব্যবস্থা — (১) ধারা ২১ এর বিধান সত্ত্বেও, সরকার যদি এই মর্মে সন্তুষ্ট হয় যে, বাংলাদেশ বা ইহার কোন অংশে কোন মারাত্মক মহাম
10. <other_1078_s13> [ভবঘুরে ও নিরাশ্রয় ব্যক্তি (পুনর্বাসন) আইন, ২, ধারা ১৩] নথি, রেজিস্টার সংরক্ষণ, ইত্যাদি — (১) বিশেষ ম্যাজিস্ট্রেট কর্তৃক ধারা ১০ এর উপ-ধারা (৩) এর দফা (খ) এর অধীন কোন আদেশ প্রদত্ত হইলে সংশ্লিষ্ট ভবঘূর","cybercrime_1710_s25, criminal_procedure_11_s384",own_search,answered,2,Sorup
prot_0010_02,Sarwad,VERIFY,আমার এক আত্মীয় ২০১৪ সালে মা-বাবার পছন্দে বিয়ে করেন। বিয়ের ছয়-সাত মাস পর স্বামী-স্ত্রীর ঝগড়া-বিবাদ ও মতের মিল না হওয়ায় এবং অভিভাবকদের মনোমালিন্যের কারণে তাঁরা আলাদা হয়ে যান। স্ত্রী বর্তমানে বাবার বাড়িতে আছেন। কাবিনের অর্ধেক টাকা স্ত্রীকে পরিশোধ করা হয়েছে। স্ত্রী স্বামীর ঘরে ফিরে যেতে চান না। এ অবস্থায় কীভাবে আইনসিদ্ধভাবে তালাক দেওয়া যায়? দীর্ঘদিন যাবৎ স্বামী-স্ত্রী বা দুই পরিবারের কোনো যোগাযোগ নেই। দীন মোহাম্মদ সিলেট,"1. <other_1485_s9> [বাংলাদেশ পুলিশ কল্যাণ তহবিল আইন, ২০২৩, ধারা ৯] মৃত্যু এবং অক্ষমতাজনিত কারণে এককালীন এবং মাসিক কল্যাণ অনুদান — (১) কোনো কর্মচারী বা তাহার মৃত্যু হইলে তাহার স্ত্রী বা, ক্ষেত্রমত, স্বামী, বিধি দ্বারা নির্ধারিত পদ্ধতিতে, নিম
2. <other_1266_s2_p2> [বাংলাদেশ মুক্তিযোদ্ধা কল্যাণ ট্রাস্ট আইন, ২০, ধারা ২] সংজ্ঞা — জামায়াতে ইসলামী এবং তাহাদের সহযোগী রাজাকার, আলবদর, আলশামস বাহিনীর বিরুদ্ধে গণপ্রজাতন্ত্রী বাংলাদেশের স্বাধীনত
3. <other_1429_s31> [আয়কর আইন, ২০২৩, ধারা ৩১] আয় একীভূতকরণ — (১) এই আইনে ভিন্নরূপ কিছু না থাকিলে, নিম্নবর্ণিত আয়সমূহ কোনো ব্যক্তির মোট আয়ের অন্তর্ভুক্ত হইবে, যথা:-(ক) উক
4. <labour_952_s98> [বাংলাদেশ শ্রম আইন, ২০০৬, ধারা ৯৮] সংবাদপত্র শ্রমিকের জন্য চিকিৎসা পরিচর্যা — প্রত্যেক সংবাদপত্র শ্রমিক এবং তাহার উপর নির্ভরশীলগণ সংবাদপত্র প্রতিষ্ঠানের খরচে বিধি দ্বারা নির্ধারিত পন্থায় 
5. <other_725_s8> [খাগড়াছড়ি পার্বত্য জেলা পরিষদ আইন, ১৯৮৯, ধারা ৮] সম্পত্তি সম্পর্কিত ঘোষনা — চেয়ারম্যান ও প্রত্যেক সদস্য তাঁহার কার্যভার গ্রহনের পূর্বে তাহার এবং তাঁহার পরিবারের কোন সদস্যের স্বত্ব, দখল 
6. <other_726_s8> [বান্দরবান পার্বত্য জেলা পরিষদ আইন, ১৯৮৯, ধারা ৮] সম্পত্তি সম্পর্কিত ঘোষণা — চেয়ারম্যান ও প্রত্যেক সদস্য তাঁহার কার্যভার গ্রহণের পূর্বে তাঁহার এবং তাঁহার পরিবারের কোন সদস্যের স্বত্ব, দখল
7. <other_724_s8> [রাংগামাটি পার্বত্য জেলা পরিষদ আইন, ১৯৮৯, ধারা ৮] সম্পত্তি সম্পর্কিত ঘোষণা — চেয়ারম্যান ও প্রত্যেক সদস্য তাঁহার কার্যভার গ্রহণের পূর্বে তাঁহার এবং তাঁহার পরিবারের কোন সদস্যের স্বত্ব, দখল
8. <other_822_s10> [পার্বত্য চট্টগ্রাম আঞ্চলিক পরিষদ আইন, ১৯৯৮, ধারা ১০] সম্পত্তি সম্পর্কিত ঘোষণা — চেয়ারম্যান ও প্রত্যেক সদস্য তাহার কার্যভার গ্রহণের পূর্বে তাহার এবং তাঁহার পরিবারের কোন সদস্যের স্বত্ব, দখল ব
9. <other_857_s11> [বাংলাদেশ টেলিযোগাযোগ নিয়ন্ত্রণ আইন, ২০০১, ধারা ১১] পরিবারের সদস্যের কতিপয় স্বার্থ সম্পর্কে কমিশনারের দায়িত্ব — (১) কোন কমিশনারের পরিবারের কোন সদস্য যদি ধারা ১০(২)(ছ)- েত উলিস্্নখিত স্বার্থ অর্জন বা ধারণ করেন, তাহা হইলে তি
10. <local_government_1027_s41> [স্থানীয় সরকার (ইউনিয়ন পরিষদ) আইন, ২০০৯, ধারা ৪১] সম্পত্তি সম্পর্কিত ঘোষণা — চেয়ারম্যান ও সদস্য তাঁহার কার্যভার গ্রহণের পূর্বে তাঁহার এবং তাঁহার পরিবারের কোন সদস্যের স্বত্ব, দখল বা স্বার",family_305_s7,own_search,answered,3,Sorup
prot_0088_04,Sarwad,VERIFY,"আমার বয়স ২৫ বছর। আমার আব্বা দুই বিয়ে করেন। প্রথম স্ত্রী মারা যাওয়ার পর দ্বিতীয় বিয়ে করেন। আমি দ্বিতীয় পক্ষের ছেলে। আমরা তিন ভাই, তিন বোন। আমার বাবা ১৯৯৮ সালে তিন বোনের নামে ৭২ শতাংশ জমি দেন। তারপর ২০০৮ সালে ওই জমি খারিজ করে আমার বোনদের নাবালক দেখিয়ে, অর্থাত্ বোনদের বয়স তখন ১৬ বছর, ১২ বছর ও ১০ বছর দেখিয়ে এই জমির ৫৪ শতাংশ আমাদের তিন ভাইয়ের নামে বিক্রি করে দেন। ভবিষ্যতে আমার বোনেরা বিয়ের পর তাদের স্বামীরা এই দলিলের ব্যাপারে আইনগত ব্যবস্থা নিতে পারবেন কি? আর আমার বাবা আরও বেশ কিছু জমি আমাদের হেবা দলিল করে দেন। এই হেবা দলিলের বিপক্ষে ভবিষ্যতে তাঁর আগের সংসারের ছেলেরা কোনো দাবি করতে পারবে কি?মো. হাসানগাজীপুর","1. <road_transport_1262_s84> [সড়ক পরিবহণ আইন, ২০১৮, ধারা ৮৪] কর্তৃপক্ষ কর্তৃক নির্ধারিত কোনো মোটরযানের কারিগরি বিনির্দেশ অমান্য সংক্রান্ত ধারা ৪০ এর বিধান লঙ্ঘনের দণ্ড — যদি কোনো ব্যক্তি ধারা ৪০ এর বিধান লঙ্ঘন করেন, তাহা হইলে উক্ত লঙ্ঘন হইবে একটি অপরাধ, এবং তজ্জন্য তিনি অনধিক ৩ (
2. <other_1246_s99_p2> [ক্যান্টনমেন্ট আইন, ২০১৮, ধারা ৯৯] উপদ্রব সৃষ্টির শাস্তি — ক্যান্টনমেন্টের অভ্যন্তরে কোনো সড়ক বা গণস্থানে,-(ক) বোর্ড কর্তৃক গণ-বিজ্ঞপ্তি দ্বারা এতদুদ্দেশ্যে জারিকৃত নিষ
3. <other_1403_s40> [মোংলা বন্দর কর্তৃপক্ষ আইন, ২০২২, ধারা ৪০] দণ্ড — কোনো ব্যক্তি যদি এই আইন ও বিধির কোনো বিধান লঙ্ঘন করেন তাহা হইলে উক্ত লঙ্ঘন হইবে একটি অপরাধ এবং তজ্জন্য তিনি অন
4. <other_1589_s23> [পুলিশ কমিশন অধ্যাদেশ, ২০২৫, ধারা ২৩] কমিশনের জনবল — (১) কমিশন ইহার কার্যাবলি সুষ্ঠুভাবে সম্পাদনের উদ্দেশ্যে, সরকারের পূর্বানুমোদনক্রমে, প্রয়োজনীয় সংখ্যক কর্মচার
5. <other_721_s6_p0> [বাংলাদেশ ঋণ সালিসি আইন, ১৯৮৯, ধারা ৬] কতিপয় জমির বিক্রয় খায়খালাসী বন্ধক ঘোষণা — (১) এই আইন বলবত্ হইবার পর অনধিক তিন একর কৃষি জমির মালিক কোন কৃষক প্রাকৃতিক দুর্যোগে তগতিগ্রস্ত হওয়ার বা জীবন 
6. <other_721_s9> [বাংলাদেশ ঋণ সালিসি আইন, ১৯৮৯, ধারা ৯] প্রত্যর্পিত জমি হস্ত্মান্ত্মরের উপর বিধি নিষেধ — কোন কৃষক ধারা ৬ বা ধারা ৭ এর অধীন তাঁহার নিকট প্রত্যর্পিত কোন কৃষি জমি প্রত্যর্পণের তারিখ হইতে তিন বত্সরের মধ্
7. <other_889_s12> [নিরাপদ রক্ত পরিসঞ্চালন আইন, ২০০২, ধারা ১২] লাইসেন্সের মেয়াদ ও নবায়ন — (১) বেসরকারী রক্ত পরিসঞ্চালন কেন্দ্র স্থাপন ও পরিচালনার জন্য প্রদত্ত লাইসেন্সের মেয়াদ হইবে লাইসেন্স ইস্যুর তা
8. <other_1412_s6_p0> [বেসরকারি মেডিকেল কলেজ ও ডেন্টাল কলেজ আইন, ২০, ধারা ৬] বেসরকারি মেডিকেল কলেজ বা ডেন্টাল কলেজ স্থাপনের শর্তাবলি — এই আইনের অধীন বেসরকারি মেডিকেল কলেজ বা ডেন্টাল কলেজ স্থাপনের লক্ষ্যে নিম্নবর্ণিত শর্তাবলি পূরণ করিতে হইবে, যথা
9. <other_721_s7> [বাংলাদেশ ঋণ সালিসি আইন, ১৯৮৯, ধারা ৭] কতিপয় বিক্রয় বাতিল — (১) এই আইন বলবত্ হইবার পর অনধিক দুই একর কৃষি জমির মালিক কোন কৃষক প্রাকৃতিক দুর্যোগে তগতিগ্রস্ত হওয়ার বা জীবন 
10. <other_722_s15> [পার্বত্য জেলাসমূহ (আইন রহিত ও প্রয়োগ এবং বিশ, ধারা ১৫] বসতবাড়ীর জন্য গ্রামীণ জমি দখল — (১) কোন পাহাড়ী ব্যক্তি পৌর এলাকা-বহির্ভূত অনধিক ত্রিশ শতাংশ পর্যন্ত খাস জমি তাহার নিজ বসতবাড়ীর জন্য হেডম্যান","other_36_s39, family_64_s29",own_search,answered,1,Sorup
prot_0037_02,Sarwad,VERIFY,আর আমার মা জমিটা না দিলে নানি কি তা নিতে পারবেন?,"1. <other_1725_s21_p29> [অর্থ আইন, ২০২৬, ধারা ২১] ২০১২ সনের ৪৭ নং আইনের দ্বিতীয় তফসিলের সংশোধন — ডলার পর্যন্ত ৪৫ (ঘ) মূল্যসীমা ১০০০০০ মা. ডলার এর ঊর্ধ্ব হইতে ২০০০০০ মা. ডলার পর্যন্ত ৬০ (ঙ) মূল্যসীমা ২০০০০০ ম
2. <other_1263_s2> [‘আল-হাইআতুল উলয়া লিল-জামি’আতিল কওমিয়া বাংলাদ, ধারা ২] সংজ্ঞা — বিষয় বা প্রসঙ্গের পরিপন্থি কোনো কিছু না থাকিলে, এই আইনে,-(১) “কওমি মাদরাসা” অর্থ আহলুস সুন্নাহ ওয়াল জামা’আত 
3. <other_609_s16> [ইসলামী বিশ্ববিদ্যালয় আইন, ১৯৮০, ধারা ১৬] হিসাব পরিচালক — (১) হিসাব পরিচালক কোষাধ্যাক্ষের তত্ত্বাবধানে বিশ্ববিদ্যালয়ের তহবিল পরিচালনার দায়িত্বে নিযুক্ত থাকিবেন এবং সং
4. <labour_1285_s163> [বাংলাদেশ ইপিজেড শ্রম আইন, ২০১৯, ধারা ১৬৩] এইআইনবা তদধীন কোনো বিধি বা প্রবিধানে ভিন্নরূপ কিছু না থাকিলে, ইহাদের অধীন কোনো অপরাধ কোনো শ্রম আদালত বিচারার্থ
5. <other_788_s383> [কোম্পানী আইন, ১৯৯৪, ধারা ৩৮৩] কোন কোম্পানীর ব্যবসাস্থল বন্ধের নোটিশ — যদি বাংলাদেশে কোন বিদেশী কোম্পানীর আর কোন ব্যবসাস্থল বা কর্মস্থল না থাকে, তাহা হইলে উক্ত কোম্পানী তত্সম্পর্কে 
6. <other_818_s57> [বাংলাদেশ মেডিক্যাল বিশ্ববিদ্যালয় আইন, ১৯৯৮, ধারা ৫৭] আইপিজিএম এন্ড আর এর রূপান্তর — (১) আইপিজিএম এন্ড আরকে উন্নীত ও রূপান্তরক্রমে বিশ্ববিদ্যালয় স্থাপিত হইবার সংগে সংগে-(ক) আইপিজিএম এন্ড আর এর হ
7. <consumer_1452_s106> [কপিরাইট আইন, ২০২৩, ধারা ১০৬] দ্বিতীয় বা পরবর্তী অপরাধের জন্য দণ্ড — যদি কোনো ব্যক্তি এই আইনের অধীন দন্ডিত হইয়া পুনরায় অনুরূপ কোনো অপরাধে দোষী হন তা হইলে তিনি দ্বিতীয় এবং পরবর্
8. <women_children_1063_s26> [পারিবারিক সহিংসতা (প্রতিরোধ ও সুরক্ষা) আইন, , ধারা ২৬] প্রতিপক্ষের অনুপস্থিতিতে বিচার — (১) প্রতিপক্ষের প্রতি উপস্থিতির জন্য নোটিশ জারী করা হইলেও প্রতিপক্ষ যদি আদালতে উপস্থিত না হন বা একবার উপস্থিত 
9. <other_833_s22> [পল্লী দারিদ্র বিমোচন ফাউন্ডেশন আইন, ১৯৯৯, ধারা ২২] ফাউন্ডেশনের পাওনা আদায় — ফাউন্ডেশনের সকল পাওনা বকেয়া ভূমি রাজস্ব হিসাবে আদায়যোগ্য হইবে:তবে শর্ত থাকে যে, ঋণগ্রহীতাকে বা অর্থ পরিশোধের
10. <labour_952_s98> [বাংলাদেশ শ্রম আইন, ২০০৬, ধারা ৯৮] সংবাদপত্র শ্রমিকের জন্য চিকিৎসা পরিচর্যা — প্রত্যেক সংবাদপত্র শ্রমিক এবং তাহার উপর নির্ভরশীলগণ সংবাদপত্র প্রতিষ্ঠানের খরচে বিধি দ্বারা নির্ধারিত পন্থায় ",other_48_s123,own_search,answered,1,Sorup
prot_0114_06,Sarwad,VERIFY,"উল্লিখিত আইনত বাধ্যবাধকতা না থাকার সুযোগে আর্থিক ও মানসিকভাবে ক্ষতিগ্রস্ত করে অন্যায় চাপ সৃষ্টি করার মাধ্যমে প্রথম পক্ষ অন্যায়ভাবে লাভবান হওয়ার অপচেষ্টা করছে। অপরদিকে, দ্বিতীয় পক্ষ নিজের স্বত্বদখলীয় জমি থেকে ভোগদখলে মামলার হয়রানির শিকার হয়ে বসতভিটাতে বসবাস করা দুরূহ হচ্ছে। এমতাবস্থায় উল্লিখিত হয়রানি থেকে আমি কীভাবে রেহাই পেতে পারি?","1. <other_916_s6> [বিরোধ মীমাংসা (পৌর এলাকা) বোর্ড আইন, ২০০৪, ধারা ৬] বোর্ডের এখ্‌তিয়ার — কোন বোর্ড তফসিলভুক্ত কোন অপরাধ বা বিষয় সম্পর্কে কোন মামলার বিচার করিতে পারিবে, যদি-(ক) উহা যে পৌর এলাকার জন্য
2. <money_recovery_901_s6> [অর্থ ঋণ আদালত আইন, ২০০৩, ধারা ৬] বিচার পদ্ধতি — (১) এই আইনের অধীন অর্থ ঋণ আদালতে দায়েরকৃত কোন মামলার বিচার বা নিষ্পত্তি সম্পর্কিত কার্যক্রমে, এই আইনের বিধানা
3. <other_916_s4> [বিরোধ মীমাংসা (পৌর এলাকা) বোর্ড আইন, ২০০৪, ধারা ৪] বোর্ড কর্তৃক বিচারযোগ্য মামলাসমূহ — (১) এই আইনে ভিন্নরূপ কিছু না থাকিলে, তফসিলে বর্ণিত অপরাধ বা বিষয়সমূহ সম্পর্কে সকল মামলা কেবলমাত্র বিরোধ মীমাং
4. <labour_952_s216_p1> [বাংলাদেশ শ্রম আইন, ২০০৬, ধারা ২১৬] অপরাধ বিচার ছাড়া অন্য কোন বিষয়ে শ্রম আদালতের ক্ষমতা ওকার্যক্রম — বা আপত্তি পেশ করিতে ব্যর্থ হয়, তাহা হইলে মামলাটি একতরফা শুনানীক্রমে নিষ্পত্তি করা হইবে।(৬) কোন পক্ষের আবেদনক্
5. <labour_952_s124ক> [বাংলাদেশ শ্রম আইন, ২০০৬, ধারা ১২৪ক] (১) কর্মরত থাকা বা অবসরে যাওয়া বা চাকুরীর অবসান বা বরখাস্তাধীন থাকা ইত্যাদিসহ চাকুরীর যে কোন পর্যায়ে কোন শ্র
6. <family_938_s5> [গ্রাম আদালত আইন, ২০০৬, ধারা ৫] গ্রাম আদালত গঠন, ইত্যাদি — 9[(১) উপ-ধারা (৫) এর বিধান সাপেক্ষে, একজন চেয়ারম্যান এবং উভয়পক্ষ কর্তৃক মনোনীত দুইজন করিয়া চারজন মোট পাঁচজন
7. <money_recovery_901_s12_p1> [অর্থ ঋণ আদালত আইন, ২০০৩, ধারা ১২] আর্থিক প্রতিষ্ঠান কর্তৃক কতিপয় জামানত বিক্রয় — অনুসরণ করিবে।7[(৫) কোন আর্থিক প্রতিষ্ঠান, যদি উহার অনুকূলে উপ-ধারা (৩) এর অধীন বন্ধকি বা দায়বদ্ধ কোন স্থাবর ব
8. <other_916_s11> [বিরোধ মীমাংসা (পৌর এলাকা) বোর্ড আইন, ২০০৪, ধারা ১১] বোর্ডের সিদ্ধান্তের চূড়ান্ততা ও আপীল — (১) বোর্ডের সিদ্ধান্ত উপস্থিত সকল সদস্যের সম্মতিতে বা পাঁচজন সদস্যের মধ্যে চারজনের সম্মতিতে প্রদত্ত হইলে, বা উ
9. <other_1472_s31_p2> [বাংলাদেশ পেটেন্ট আইন, ২০২৩, ধারা ৩১] মালিকানা (Ownership) পরিবর্তন বা স্বত্বনিয়োগ (Assignment), লাইসেন্স চুক্তি, ইত্যাদি — উল্লিখিত কোনো আইনগত দলিলে উপ-ধারা (৪) এ বর্ণিত শর্তাবলি বিদ্যমান রহিয়াছে, তাহা হইলে তিনি পেটেন্টের মালিকানা প
10. <money_recovery_901_s23> [অর্থ ঋণ আদালত আইন, ২০০৩, ধারা ২৩] (১) ধারা ২২ এর অধীন মধ্যস্থতার মাধ্যমে বিকল্প পদ্ধতিতে বিরোধ নিষ্পত্তি না হইলে ৪র্থ পরিচ্ছেদের বিধান অনুযায়ী ","criminal_procedure_11_s211, other_36_s54_p0",own_search,answered,1,Sorup
lawy_0326_01,Sarwad,VERIFY,সারা জীবনের অর্জন দিয়ে ভুল জমি কিনছেন না-তো?,"1. <other_845_s20> [জাতীয় গৃহায়ন কর্তৃপক্ষ আইন, ২০০০, ধারা ২০] জমি হুকুমদখল বা অধিগ্রহণ, ইত্যাদি — (১) কর্তৃপক্ষের কার্যাবলী সম্পাদনের জন্য কোন জমি প্রয়োজন হইলে উহা জনস্বার্থে প্রয়োজনীয় বলিয়া বিবেচিত হইবে 
2. <other_1057_s9> [বেসরকারী বিশ্ববিদ্যালয় আইন, ২০১০, ধারা ৯] সনদপত্রের শর্তাবলী — ধারা ৭ এর অধীন সাময়িক অনুমতিপ্রাপ্ত প্রত্যেক বেসরকারী বিশ্ববিদ্যালয়কে এই আইনের অধীন সনদপত্রের জন্য নিম্নবর্ণ
3. <other_788_s171> [কোম্পানী আইন, ১৯৯৪, ধারা ১৭১] বন্ধকের নিবন্ধন-বহি সংশোধনী — (১) আদালত যদি এই মর্মে সন্তুষ্ট হয় যে,-(ক) ধারা ১৫৯-এ উল্লিখিত সময়সীমার মধ্যে বন্ধক বা চার্জ নিবন্ধন না করান
4. <money_recovery_876_s42> [সমবায় সমিতি আইন, ২০০১, ধারা ৪২] সমিতির ধারণকৃত কতিপয় জমির দখল এবং জমির স্বার্থ হস্তান্তরে বাধা-নিষেধ — এই আইনের অন্য কোন ধারায় কিংবা আপাততঃ বলবত্ অন্য কোন আইনে যাহাই থাকুক না কেন-(ক) যেই সমবায় সমিতির উদ্দেশ্য হই
5. <other_857_s45> [বাংলাদেশ টেলিযোগাযোগ নিয়ন্ত্রণ আইন, ২০০১, ধারা ৪৫] লাইসেন্সধারীর প্রয়োজনে বাধ্যতামূলকভাবে বেসরকারী জমি অধিগ্রহণ — (১) লাইসেন্সের অধীন কাজকর্ম সম্পাদন বা পরিচালনার জন্য প্রয়োজনীয় কোন জমি ব্যবহারের ক্ষেত্রে লাইসেন্সধারী বাধা
6. <other_844_s17> [বাংলাদেশ পানি উন্নয়ন বোর্ড আইন, ২০০০, ধারা ১৭] বোর্ডের জন্য ভূমি হুকুমদখল, অধিগ্রহণ ইত্যাদি — (১) বোর্ডের কোন প্রকল্প বাস্তবায়নের স্বার্থে কোন ভূমি প্রয়োজন হইলে উহা জনস্বার্থে প্রয়োজন বলিয়া বিবেচিত হই
7. <other_1135_s51> [পায়রা বন্দর কর্তৃপক্ষ আইন, ২০১৩, ধারা ৫১] কর্তৃপক্ষের জন্য জমি হুকুমদখল বা অধিগ্রহণ — (১) কর্তৃপক্ষের কার্যাবলী সম্পাদনের জন্য কোন ভূমি প্রয়োজন হইলে উহা জনস্বার্থে প্রয়োজন বলিয়া বিবেচিত হইবে এব
8. <other_743_s15> [দানকর আইন, ১৯৯০, ধারা ১৫] ভুল সংশোধন — উপ-কর কমিশনার বা দানকর সংক্রান্ত আপীল বা রিভিশন শ্রবণকারী কোন কর্তৃপক্ষ তত্কর্তৃক প্রদত্ত কোন আদেশ প্রদানের তা
9. <other_1403_s55> [মোংলা বন্দর কর্তৃপক্ষ আইন, ২০২২, ধারা ৫৫] কর্তৃপক্ষের জন্য জমি হুকুমদখল বা অধিগ্রহণ — (১) এই আইনের উদ্দেশ্য পূরণকল্পে, কর্তৃপক্ষের কার্যাবলি সম্পাদনের জন্য কোনো ভূমি প্রয়োজন হইলে তাহা জনস্বার্থে 
10. <other_1427_s6> [হাট ও বাজার (স্থাপন ও ব্যবস্থাপনা) আইন, ২০২৩, ধারা ৬] হাট ও বাজারের জমি বন্দোবস্ত প্রদান এবং হাট ও বাজার ইজারা প্রদান — (১) হাট ও বাজারের কোনো জমি স্থায়ী বন্দোবস্ত প্রদান করা যাইবে না।(২) উপ-ধারা (১) এর বিধান সাপেক্ষে, জেলা প্রশা",unanswerable,none,unanswerable,2,Sorup
lawy_0424_01,Sarwad,VERIFY,আপনার স্ত্রী কর্তৃক মিথ্যা মামলার শিকার হলে কি করবেন?,"1. <other_1684_s51> [মানব পাচার ও অভিবাসী চোরাচালান প্রতিরোধ ও দম, ধারা ৫১] মানব পাচার কিংবা অভিবাসী চোরাচালানের শিকার ব্যক্তি ও জনসাধারণকে সাধারণভাবে তথ্য সরবরাহ — (১) মানব পাচার বা অভিবাসী চোরাচালানের শিকার ব্যক্তি সরকার, পুলিশ বা, ক্ষেত্রমত, সংশ্লিষ্ট বেসরকারি সংস্থাসমূহে
2. <other_1419_s10> [বাংলাদেশ সরকারী কর্ম কমিশন আইন, ২০২৩, ধারা ১০] ভুয়া পরিচয়ে পরীক্ষায় অংশগ্রহণ ও উহার দণ্ড — কোনো ব্যক্তি পরীক্ষার্থী না হওয়া সত্ত্বেও নিজেকে পরীক্ষার্থী হিসাবে হাজির করিয়া বা পরীক্ষার্থী বলিয়া ভান কর
3. <other_1684_s50> [মানব পাচার ও অভিবাসী চোরাচালান প্রতিরোধ ও দম, ধারা ৫০] ভিকটিম বা মানব পাচার কিংবা অভিবাসী চোরাচালানের শিকার ব্যক্তিগণের প্রত্যাবাসন (repatriation) ও প্রত্যাবর্তন (return) — (১) কোনো বাংলাদেশি নাগরিক অন্য কোনো দেশে মানব পাচার কিংবা অভিবাসী চোরাচালানের শিকার ব্যক্তি হিসাবে চিহ্নিত হইল
4. <other_1684_s23> [মানব পাচার ও অভিবাসী চোরাচালান প্রতিরোধ ও দম, ধারা ২৩] ভিকটিম বা সাক্ষীকে হুমকি, ইত্যাদি প্রদানপূর্বক তদন্ত বা বিচারকার্যে বিঘ্ন সৃষ্টি করিবার অপরাধ ও উহার দণ্ড — (১) যদি কোনো ব্যক্তি মানব পাচার বা অভিবাসী চোরাচালানের শিকার কোনো ব্যক্তি বা তাহার পরিবারের কোনো সদস্যকে বা মা
5. <other_1333_s39> [চাঁদপুর বিজ্ঞান ও প্রযুক্তি বিশ্ববিদ্যালয় আই, ধারা ৩৯] হল — (১) বিশ্ববিদ্যালয়ের শিক্ষার্থীদের হলসমূহ বিধি অনুযায়ী সিন্ডিকেট কর্তৃক অনুমোদিত হইবে।(২) হলে প্রভোস্ট এবং আব
6. <other_1684_s25> [মানব পাচার ও অভিবাসী চোরাচালান প্রতিরোধ ও দম, ধারা ২৫] মিথ্যা মামলা বা মিথ্যা অভিযোগ দায়ের, ইত্যাদি অপরাধ ও উহার দণ্ড — (১) যদি কোনো ব্যক্তি অন্য কোনো ব্যক্তির ক্ষতিসাধন করিবার উদ্দেশ্যে এই আইনের অধীন মিথ্যা বা হয়রানিমূলক মামলা ব
7. <other_1223_s35> [1[জামালপুর বিজ্ঞান ও প্রযুক্তি বিশ্ববিদ্যালয়, ধারা ৩৫] হল — (১) বিশ্ববিদ্যালয়ের শিক্ষার্থীদের হলসমূহ বিশ্ববিদ্যালয় বিধি অনুযায়ী সিন্ডিকেট কর্তৃক অনুমোদিত হইবে।(২) হলে 
8. <other_1230_s35> [1[নেত্রকোণা বিশ্ববিদ্যালয়] আইন, ২০১৮, ধারা ৩৫] হল — (১) বিশ্ববিদ্যালয়ের শিক্ষার্থীদের হলসমূহ বিশ্ববিদ্যালয় বিধি অনুযায়ী সিন্ডিকেট কর্তৃক অনুমোদিত হইবে।(২) হলে 
9. <women_children_835_s32খ> [নারী ও শিশু নির্যাতন দমন আইন, ২০০০, ধারা ৩২খ] (১) ট্রাইব্যুনাল বা, ক্ষেত্রমত, ম্যাজিস্ট্রেট সংক্ষুদ্ধ ব্যক্তির আবেদনের ভিত্তিত্তে বা স্বীয় বিবেচনায় তদন্তা
10. <other_1586_s15> [গুম প্রতিরোধ ও প্রতিকার অধ্যাদেশ, ২০২৫, ধারা ১৫] মিথ্যা মামলার বিরুদ্ধে ব্যবস্থা — এই আইনের অধীন কোনো অপরাধের বিচার সম্পন্ন হওয়ার পর রায় প্রদানকালে যদি ট্রাইব্যুনালের নিকট সন্তোষজনকভাবে প্রমা","women_children_835_s17, women_children_1256_s6, criminal_procedure_11_s211",own_search,answered,2,Sorup
prot_0054_02,Sarwad,VERIFY,"আমরা পাঁচ বোন এক ভাই। আমার ভাই ১৯৯৯ সালে ক্যানসারে আক্রান্ত হয়ে মারা যান। তিনি দুই নাবালক ছেলে ও এক বিবাহিত মেয়ে রেখে যান। আমার বাবার ১৭২ শতাংশ জমি আছে। এ ছাড়া বাকি সব জমি নদীর ভাঙনে নিয়ে যায়। ভাই মারা যাওয়ার পর আমার বাবা ৬২ শতাংশ জমি ভাইয়ের সন্তানদের নামে লিখে দেন। তখন ভাইয়ের ছেলেরা নাবালক ছিল। এরপর ২০০৭ সালে বাবা মারা যান, তখন অবশিষ্ট ১১০ শতাংশ জমি নিয়ে কথা হলে জানতে পারি যে সেই সম্পত্তি ভাইয়ের স্ত্রী ও সন্তানদের নামে লিখে দেওয়া হয়েছে। আমার প্রশ্ন, মেয়েরা কি এ কারণে বাবার সম্পত্তি থেকে বঞ্চিত হবে? যদি আইনের আশ্রয় নেওয়া হয়, তাহলে কি বাবার সম্পত্তি আমরা পাব? নাম প্রকাশে অনিচ্ছুক","1. <local_government_1027_s2_p1> [স্থানীয় সরকার (ইউনিয়ন পরিষদ) আইন, ২০০৯, ধারা ২] সংজ্ঞা — শহর হিসাবে ঘোষিত নয় এইরূপ এলাকা;(১৩) 'চেয়ারম্যান' অর্থ ইউনিয়ন পরিষদের চেয়ারম্যান;(১৪) 'জনপথ' অর্থ সর্বসাধা
2. <other_1718_s83> [অর্থ (২০২৫-২০২৬ অর্থ বৎসর) আইন, ২০২৬, ধারা ৮৩] ২০২৩ সনের ১২ নং আইনের ধারা ১৩৫ এর সংশোধন — উক্ত আইনের ধারা ১৩৫ এর- (ক) উপ-ধারা (১) এ উল্লিখিত “১০% (দশ শতাংশ)” সংখ্যা, চিহ্ন, বন্ধনী ও শব্দগুলির পরিবর্তে
3. <other_822_s10> [পার্বত্য চট্টগ্রাম আঞ্চলিক পরিষদ আইন, ১৯৯৮, ধারা ১০] সম্পত্তি সম্পর্কিত ঘোষণা — চেয়ারম্যান ও প্রত্যেক সদস্য তাহার কার্যভার গ্রহণের পূর্বে তাহার এবং তাঁহার পরিবারের কোন সদস্যের স্বত্ব, দখল ব
4. <local_government_1027_s41> [স্থানীয় সরকার (ইউনিয়ন পরিষদ) আইন, ২০০৯, ধারা ৪১] সম্পত্তি সম্পর্কিত ঘোষণা — চেয়ারম্যান ও সদস্য তাঁহার কার্যভার গ্রহণের পূর্বে তাঁহার এবং তাঁহার পরিবারের কোন সদস্যের স্বত্ব, দখল বা স্বার
5. <local_government_827_s10> [উপজেলা পরিষদ আইন, ১৯৯৮, ধারা ১০] সম্পত্তি সম্পর্কিত ঘোষণা — 14[চেয়ারম্যান ও ভাইস চেয়ারম্যান ] তাঁহার কার্যভার গ্রহণের পূর্বে তাঁহার এবং তাঁহার পরিবারের কোন সদস্যের স্বত
6. <other_1429_s133> [আয়কর আইন, ২০২৩, ধারা ১৩৩] প্রকাশ্য নিলামের বিক্রি হইতে কর সংগ্র — (১) কোনো ব্যক্তি কোনো নির্দিষ্ট মালিকের কোনো পণ্য বা সম্পত্তি সীলমোহরযুক্ত দরপত্রের মাধ্যমে প্রকাশ্য নিলামে বি
7. <other_722_s15> [পার্বত্য জেলাসমূহ (আইন রহিত ও প্রয়োগ এবং বিশ, ধারা ১৫] বসতবাড়ীর জন্য গ্রামীণ জমি দখল — (১) কোন পাহাড়ী ব্যক্তি পৌর এলাকা-বহির্ভূত অনধিক ত্রিশ শতাংশ পর্যন্ত খাস জমি তাহার নিজ বসতবাড়ীর জন্য হেডম্যান
8. <other_1156_s25> [মেট্রোরেল আইন, ২০১৫, ধারা ২৫] ক্ষতিপূরণ প্রদান — মেট্রোরেল পরিচালনাকালে উহা হইতে উদ্ভূত দুর্ঘটনার ফলে যদি কোন ব্যক্তি আঘাতপ্রাপ্ত বা ক্ষতিগ্রস্ত হন বা আঘাতপ্রা
9. <other_1201_s27> [বাস র‍্যাপিড ট্রানজিট (বিআরটি) আইন, ২০১৬, ধারা ২৭] ক্ষতিপূরণ প্রদান — বিআরটি পরিচালনাকালে উহা হইতে উদ্ভূত দুর্ঘটনার ফলে যদি কোনো ব্যক্তি আঘাতপ্রাপ্ত বা ক্ষতিগ্রস্ত হন বা আঘাতপ্রাপ্
10. <other_845_s20> [জাতীয় গৃহায়ন কর্তৃপক্ষ আইন, ২০০০, ধারা ২০] জমি হুকুমদখল বা অধিগ্রহণ, ইত্যাদি — (১) কর্তৃপক্ষের কার্যাবলী সম্পাদনের জন্য কোন জমি প্রয়োজন হইলে উহা জনস্বার্থে প্রয়োজনীয় বলিয়া বিবেচিত হইবে ","family_305_s4, other_48_s123",own_search,answered,1,Sorup
prot_0111_01,Sarwad,VERIFY,বিষয়টি আমি আমার পরিবারকে জানিয়েছি। আমি আমার বাবার বাড়িতে চলে এসেছি। এখন আমি তার বিরুদ্ধে আইনের আশ্রয় নিতে চাই। সে আমার আর আমার সন্তানের সঙ্গে ছিনিমিনি খেলেছে। আমি কি তার বিরুদ্ধে মামলা করতে পারব?,"1. <other_1658_s4> [জুলাই গণঅভ্যুত্থান (সুরক্ষা ও দায় নির্ধারণ) , ধারা ৪] মামলা প্রত্যাহার ও নূতন মামলা দায়ের বারিত — (১) জুলাই গণঅভ্যুত্থানে অংশগ্রহণের কারণে গণঅভ্যুত্থানকারীদের বিরুদ্ধে দায়েরকৃত সকল দেওয়ানি বা ফৌজদারি মামলা,
2. <other_1078_s30> [ভবঘুরে ও নিরাশ্রয় ব্যক্তি (পুনর্বাসন) আইন, ২, ধারা ৩০] রহিতকরণ ও হেফাজত, ইত্যাদি — (১)Vagrancy Act 1943 (Bengal Act VII of 1943),অতঃপর উক্তActবলিয়া উল্লিখিত, এতদ্দ্বারা রহিত করা হইল।(২) উক্তরু
3. <other_1483_s7> [পরিত্যক্ত বাড়ি (সম্পূরক বিধানাবলি) আইন, ২০২৩, ধারা ৭] মামলা দায়েরে নিষেধাজ্ঞা, ইত্যাদি — (১) রাষ্ট্রপতির ১৯৭২ সনের ১৬ নং আদেশ বা এই আইনের অধীন কৃত, গৃহীত বা চলমান কোনো কার্যক্রম, সিদ্ধান্ত বা জারীকৃত
4. <other_818_s57> [বাংলাদেশ মেডিক্যাল বিশ্ববিদ্যালয় আইন, ১৯৯৮, ধারা ৫৭] আইপিজিএম এন্ড আর এর রূপান্তর — (১) আইপিজিএম এন্ড আরকে উন্নীত ও রূপান্তরক্রমে বিশ্ববিদ্যালয় স্থাপিত হইবার সংগে সংগে-(ক) আইপিজিএম এন্ড আর এর হ
5. <other_813_s16> [বাংলাদেশ কমার্স এন্ড ইনভেষ্টমেন্ট লিমিটেড (প, ধারা ১৬] মামলা-মোকদ্দমা — (১) বিসিআই কর্তৃক বা উহার বিরুদ্ধে দায়েরকৃত সকল মামলা-মোকদ্দমা ব্যাংক কর্তৃক বা ব্যাংকের বিরুদ্ধে দায়েরকৃত ব
6. <other_1403_s56> [মোংলা বন্দর কর্তৃপক্ষ আইন, ২০২২, ধারা ৫৬] মামলা দায়েরের সীমাবদ্ধতা — (১) কর্তৃপক্ষের বিরুদ্ধে মামলা দায়েরে ইচ্ছুক ব্যক্তি, তাহার নাম ঠিকানাসহ মামলা দায়েরের কারণ সংবলিত লিখিত নোট
7. <other_1135_s53> [পায়রা বন্দর কর্তৃপক্ষ আইন, ২০১৩, ধারা ৫৩] মামলা দায়েরের সীমাবদ্ধতা — (১) কর্তৃপক্ষের বিরুদ্ধে মামলা দায়েরে ইচ্ছুক ব্যক্তির নাম ঠিকানাসহ মামলা দায়েরের কারণ সংবলিত লিখিত নোটিশ কর্
8. <other_1404_s56> [চট্টগ্রাম বন্দর কর্তৃপক্ষ আইন, ২০২২, ধারা ৫৬] মামলা দায়েরের সীমাবদ্ধতা — (১) কর্তৃপক্ষের বিরুদ্ধে কোনো আদালতে মামলা দায়েরে ইচ্ছুক ব্যক্তি, তাহার নাম ঠিকানাসহ মামলা দায়েরের কারণ সংবল
9. <other_788_s369> [কোম্পানী আইন, ১৯৯৪, ধারা ৩৬৯] আইনগত কার্যধারা স্থগিত অথবা নিয়ন্ত্রণ করার ব্যাপারে আদালতের ক্ষমতা — কোম্পানী অবলুপ্তির জন্য আবেদন পেশের পর এবং অবলুপ্তির আদেশ দানের পূর্বে, যে কোন সময়ে কোন কোম্পানীর বিরুদ্ধে মা
10. <other_1078_s18> [ভবঘুরে ও নিরাশ্রয় ব্যক্তি (পুনর্বাসন) আইন, ২, ধারা ১৮] ভবঘুরে ব্যক্তির পুনর্বাসন, ইত্যাদি — (১) আশ্রয় কেন্দ্রে অবস্থানরত ভবঘুরে ব্যক্তির পুনর্বাসনের লক্ষ্যে সরকার, নির্ধারিত পদ্ধতিতে, পরিকল্পনা প্রণয়ন",none,none,not_found,1,Sorup
prot_0053_03,Sarwad,VERIFY,"আমার বাবার কোনো ভাইবোন নেই কিন্তু প্রতিবেশীরা ১৪ ভাই। লোকবল বেশি হওয়ায় তারা অযৌক্তিকভাবে লাঠিসোঁটা নিয়ে হুমকি দেয়, আমাদের জমি দখল করতে যায়। আমরা লোকবলে দুর্বল হওয়ায় অনেক ভোগান্তির শিকার হই। জমির যাবতীয় কাগজ আমাদের ঠিক আছে। আমি নিশ্চিত, তারা কোনো জমি পাবে না। ওরা ফসলি জমিতে হাঁটাচলা করে ফসল নষ্ট করে। চাষাবাদ করতে না পেরে বাবা প্রায় নিঃস্ব হয়ে গেছে। মা-বাবা বাড়িতে একা থাকেন। আমরা চার ভাইবোন বাইরে দুশ্চিন্তায় থাকি—কখন বাড়িতে মা-বাবাকে মারতে আসে! আমাদের লেখাপড়ার অনেক ক্ষতি হচ্ছে। অযৌক্তিকভাবে জমিজমা দখল ও মারার হুমকির ব্যাপারে কী ব্যবস্থা নিতে পারে?সুপ্ত (ছদ্মনাম)","1. <other_721_s8> [বাংলাদেশ ঋণ সালিসি আইন, ১৯৮৯, ধারা ৮] জমি প্রত্যর্পণের নির্দেশ কার্যকরকরণ — ক্রেতা বোর্ডের নির্দেশানুসারে জমির দখল প্রত্যর্পণ না করিলে বা করিতে ব্যর্থ হইলে, জমির দখল পাওয়ার জন্য বিক্রেত
2. <criminal_procedure_765_s87> [রাজশাহী মহানগরী পুলিশ আইন, ১৯৯২, ধারা ৮৭] ইচ্ছাকৃতভাবে অনধিকার প্রবেশের দণ্ড — কোন ব্যক্তি সন্তোষজনক কারণ ছাড়া কোন বসত বাড়িতে বা উহার প্রাংগণে বা উহার সংলগ্ন জমিতে বা মাঠে অথবা সরকারী জমি
3. <other_1070_s22> [উদ্ভিদ সংগনিরোধ আইন, ২০১১, ধারা ২২] লিখিত বিজ্ঞপ্তি — (১) যদি উদ্ভিদ সংগনিরোধ কর্মকর্তা এই মর্মে নিশ্চিত হন যে, কোন একটি স্থানে সংগনিরোধ বালাই রহিয়াছে, তাহা হইলে ত
4. <other_722_s15> [পার্বত্য জেলাসমূহ (আইন রহিত ও প্রয়োগ এবং বিশ, ধারা ১৫] বসতবাড়ীর জন্য গ্রামীণ জমি দখল — (১) কোন পাহাড়ী ব্যক্তি পৌর এলাকা-বহির্ভূত অনধিক ত্রিশ শতাংশ পর্যন্ত খাস জমি তাহার নিজ বসতবাড়ীর জন্য হেডম্যান
5. <other_804_s43> [পানি সরবরাহ ও পয়ঃনিষ্কাশন কর্তৃপক্ষ আইন, ১৯৯, ধারা ৪৩] কর্র্তৃপক্ষের জন্য জমি হুকুম দখল বা অধিগ্রহণ — আপাততঃ বলবত্ অন্য কোন আইনে যাহা কিছুই থাকুক না কেন, কর্র্তৃপক্ষের কোন উদ্দেশ্যে কোন জমির প্রয়োজন হইলে উহা জনস
6. <other_1427_s10> [হাট ও বাজার (স্থাপন ও ব্যবস্থাপনা) আইন, ২০২৩, ধারা ১০] (১) কোনো ব্যক্তি হাট ও বাজারের সরকারি খাস জমি অবৈধভাবে দখলে রাখিতে অথবা উপযুক্ত কর্তৃপক্ষের পূর্বানুমতি ব্যতির
7. <money_recovery_876_s42> [সমবায় সমিতি আইন, ২০০১, ধারা ৪২] সমিতির ধারণকৃত কতিপয় জমির দখল এবং জমির স্বার্থ হস্তান্তরে বাধা-নিষেধ — এই আইনের অন্য কোন ধারায় কিংবা আপাততঃ বলবত্ অন্য কোন আইনে যাহাই থাকুক না কেন-(ক) যেই সমবায় সমিতির উদ্দেশ্য হই
8. <other_1066_s7ক> [বালুমহাল ও মাটি ব্যবস্থাপনা আইন, ২০১০, ধারা ৭ক] ব্যক্তি মালিকানাধীন জমির বালু বা মাটি উত্তোলন — কোনো ব্যক্তি মালিকানাধীন জমি হইতে বালু বা মাটি উত্তোলন করা যাইবে না, যদি-(ক) উহা উর্বর কৃষি জমি হয়;(খ) বাণিজ্
9. <other_857_s45> [বাংলাদেশ টেলিযোগাযোগ নিয়ন্ত্রণ আইন, ২০০১, ধারা ৪৫] লাইসেন্সধারীর প্রয়োজনে বাধ্যতামূলকভাবে বেসরকারী জমি অধিগ্রহণ — (১) লাইসেন্সের অধীন কাজকর্ম সম্পাদন বা পরিচালনার জন্য প্রয়োজনীয় কোন জমি ব্যবহারের ক্ষেত্রে লাইসেন্সধারী বাধা
10. <other_1679_s2_p0> [ভূমি ব্যবহার নিয়ন্ত্রণ ও কৃষিভূমি সুরক্ষা আই, ধারা ২] সংজ্ঞা — বিষয় বা প্রসঙ্গের পরিপন্থি কোনো কিছু না থাকিলে, এই আইনে,— (১) “অকৃষি ভূমি” অর্থ Non-Agricultural Tenancy Act,","land_1454_s7, criminal_procedure_75_s145_p0, criminal_procedure_11_s506",own_search,answered,2,Sorup
prot_0087_01,Sarwad,VERIFY,"১০ বছর প্রেম করার পর ২০০৪ সালে আমাদের বিয়ে হয়। বিয়ের শর্ত ছিল, ছয় মাসের মধ্যে তাকে আমার ঘরে আনতে হবে। পারিবারিক সমস্যার কারণে স্ত্রী ঘরে তুলতে পারিনি। কিন্তু তার সঙ্গে আমার সম্পর্ক ভালো ছিল। তার যাবতীয় ভরণপোষণ আমি বহন করেছি। বিয়ের আট মাসের মধ্যে হঠাত্ করে পালিয়ে সে অন্য একটি ছেলেকে বিয়ে করে এবং ওই বিয়ের দিনই আমাকে তালাক দেয়। সাত দিন পর আমি তালাকের চিঠি পাই। আমার প্রশ্ন, ইদ্দতকাল শেষ না হতেই অন্য ছেলেকে সে বিয়ে করল কীভাবে? তার বিবাহ বৈধ হয়েছে কি না","1. <family_1444_s26> [পারিবারিক আদালত আইন, ২০২৩, ধারা ২৬] মুসলিম পারিবারিক আইনের বিধানকে প্রভাবিত না করা — (১) এই আইনের কোনো কিছুই মুসলিম পরিবারিক আইন অথবা তদধীন প্রণীত বিধিমালার কোনো বিধানকে প্রভাবিত করিবে না।(২) যেক
2. <labour_952_s47_p1> [বাংলাদেশ শ্রম আইন, ২০০৬, ধারা ৪৭] প্রসূতি কল্যাণ সুবিধা পরিশোধ সংক্রান্ত পদ্ধতি — প্রদেয় উক্তরূপ সুবিধা প্রদান করিবেন; অথবা(খ) মালিকের নিকট সন্ত্মান প্রসবের প্রমাণ পেশ করার পরবর্তী তিন কর্ম দ
3. <family_1444_s5> [পারিবারিক আদালত আইন, ২০২৩, ধারা ৫] পারিবারিক আদালতের এখতিয়ার — মুসলিম পারিবারিক আইনের বিধানাবলি সাপেক্ষে, পারিবারিক আদালতে নিম্নরূপ সকল বা যেকোনো বিষয় সম্পর্কিত বা উহা হইতে
4. <other_1037_s77> [বীমা আইন, ২০১০, ধারা ৭৭] মনোনীত পরিচালক মনোনয়নে বিধি-নিষেধ৷ — (১) আপাততঃ বলবত্‍ অন্য কোন আইনে বা বীমাকারীর সংঘবিধিতে যাহা কিছই থাকুক না কেন, বীমাকারীর পরিচালনা পর্ষদের সদস্
5. <labour_952_s264_p1> [বাংলাদেশ শ্রম আইন, ২০০৬, ধারা ২৬৪] 1 [বেসরকারি খাতে প্রতিষ্ঠানের শ্রমিকগণের জন্য ভবিষ্য তহবিল অথবা সর্বজনীন পেনশন স্কীমে অংশগ্রহণ] — পর্যন্ত তাহারা স্বীয় পদে বহাল থাকিবেন।(৯) যে প্রতিষ্ঠানে ভবিষ্য তহবিল গঠন করা হইয়াছে সে প্রতিষ্ঠানের প্রত্যে
6. <labour_952_s216_p1> [বাংলাদেশ শ্রম আইন, ২০০৬, ধারা ২১৬] অপরাধ বিচার ছাড়া অন্য কোন বিষয়ে শ্রম আদালতের ক্ষমতা ওকার্যক্রম — বা আপত্তি পেশ করিতে ব্যর্থ হয়, তাহা হইলে মামলাটি একতরফা শুনানীক্রমে নিষ্পত্তি করা হইবে।(৬) কোন পক্ষের আবেদনক্
7. <other_900_s18> [অগ্নি প্রতিরোধ ও নির্বাপণ  আইন, ২০০৩, ধারা ১৮] লাইসেন্সের শর্ত পালন না করার শাস্তি — কোন ব্যক্তি এই আইনের অধীন প্রদত্ত লাইসেন্সের কোন শর্ত পালন করিতে ব্যর্থ হইলে তিনি, এই আইনের বিধান সাপেক্ষে, অন
8. <other_1580_s14> [গণভোট অধ্যাদেশ, ২০২৫, ধারা ১৪] ভোটগ্রহণ সমাপ্তির পর অনুসরণযোগ্য পদ্ধতি — (১) ভোটগ্রহণ সমাপ্ত হইবার অব্যবহিত পর প্রিজাইডিং অফিসার ভোটকেন্দ্রে ত্রয়োদশ জাতীয় সংসদ নির্বাচনের প্রার্থীদে
9. <other_1580_s11> [গণভোট অধ্যাদেশ, ২০২৫, ধারা ১১] ভোটদান পদ্ধতি — (১) এই অধ্যাদেশে বর্ণিত বিষয় ব্যতীত ভোট প্রদানের অন্যান্য পদ্ধতির বিষয়ে ত্রয়োদশ জাতীয় সংসদ নির্বাচনের জন্য
10. <labour_1285_s2_p5> [বাংলাদেশ ইপিজেড শ্রম আইন, ২০১৯, ধারা ২] সংজ্ঞা — দ্রব্য বা পণ্যপ্রস্ত্তত বা উৎপাদন বা সেবা প্রদান করিবার জন্যকর্তৃপক্ষ কর্তৃক অনুমোদন প্রাপ্তজোনেস্থাপিত কোনো শ","family_305_s8, criminal_procedure_11_s494",own_search,answered,2,Sorup
prot_0011_04,Sarwad,VERIFY,দত্তক নেওয়া সন্তানকে কীভাবে নিজের সম্পত্তির উত্তরাধিকার বানাব? নাম প্রকাশে অনিচ্ছুক,"1. <other_1273_s16> [মানসিক স্বাস্থ্য আইন, ২০১৮, ধারা ১৬] ভর্তিকৃত রোগীর ছাড়পত্র প্রদান প্রক্রিয়া — (১) স্বেচ্ছায়, অপ্রতিবাদী এবং অনিচ্ছুক ভর্তি মানসিক রোগীকে সুস্থ হইবার পর দায়িত্বপ্রাপ্ত মেডিক্যাল অফিসারের 
2. <other_1126_s9> [প্রতিবন্ধী ব্যক্তির অধিকার ও সুরক্ষা আইন, ২০, ধারা ৯] বুদ্ধিপ্রতিবন্ধিতা (intellectual disability) — নিম্নবর্ণিত দফাসমূহে উল্লিখিত বৈশিষ্ট্যসমূহের মধ্যে এক বা একাধিক বৈশিষ্ট্যের অধিকারী ব্যক্তি ‘বুদ্ধিপ্রতিবন্ধী
3. <other_1273_s14> [মানসিক স্বাস্থ্য আইন, ২০১৮, ধারা ১৪] অনিচ্ছুক রোগীর ভর্তি প্রক্রিয়া — (১) উপ-ধারা (৪) এর বিধান সাপেক্ষে মানসিক রোগে আক্রান্ত ব্যক্তির অভিভাবক বা আত্মীয় বা স্থানীয় অধিক্ষেত্রে কর্
4. <land_1455_s5> [ভূমি সংস্কার আইন, ২০২৩, ধারা ৫] স্থাবর সম্পত্তির বেনামি লেনদেন — (১) কোনো ব্যক্তি নিজের উপকারার্থে কোনো স্থাবর সম্পত্তির বেনামি লেনদেন করিতে পারিবেন না।ব্যাখ্যা।-এই ধারায় ‘বে
5. <other_1132_s3> [পিতা-মাতার ভরণ-পোষণ আইন, ২০১৩, ধারা ৩] পিতা-মাতার ভরণ-পোষণ — (১) প্রত্যেক সন্তানকে তাহার পিতা-মাতার ভরণ-পোষণ নিশ্চিত করিতে হইবে।(২) কোন পিতা-মাতার একাধিক সন্তান থাকিলে সেই
6. <other_812_s60> [দেউলিয়া বিষয়ক আইন, ১৯৯৭, ধারা ৬০] কতিপয় হস্তান্তর রহিতকরণ — (১) দেউলিয়া ঘোষণাদেশ প্রদান তারিখের অব্যবহিত পূর্ববর্তী ১৫ (পনর) বত্সরের মধ্যে সম্পাদিত দেনাদারের কোন সম্পত্ত
7. <other_1429_s190> [আয়কর আইন, ২০২৩, ধারা ১৯০] মৃত্যু ব্যতীত অন্য কোনোভাবে উত্তরাধীকারসূত্রে প্রাপ্ত ব্যবসায়ের কর নির্ধারণ — (১) যেইক্ষেত্রে কোনো আয়বর্ষে মৃত্যু ব্যতীত অন্য কোনোভাবে কোনো ব্যক্তি অন্য কোনো ব্যক্তির কোনো ব্যবসায়ের উত্ত
8. <other_800_s26> [আনসার-ভিডিপি উন্নয়ন ব্যাংক আইন, ১৯৯৫, ধারা ২৬] শাস্তি ইত্যাদি — (১) কোন ব্যক্তি এই আইনের অধীন ঋণ বা অন্য কোন সুবিধা নেওয়া বা মঞ্জুর করানোর জন্য ইচ্ছাকৃতভাবে মিথ্যা বিবরণ প্র
9. <other_820_s26> [কর্মসংস্থান ব্যাংক আইন, ১৯৯৮, ধারা ২৬] শাস্তি ইত্যাদি — (১) কোন ব্যক্তি এই আইনের অধীন ঋণ বা অন্য কোন সুবিধা নেওয়া বা মঞ্জুর করানোর জন্য ইচ্ছাকৃতভাবে মিথ্যা বিবরণ প্র
10. <women_children_835_s13> [নারী ও শিশু নির্যাতন দমন আইন, ২০০০, ধারা ১৩] (১) অন্য কোন আইনে ভিন্নতর যাহা কিছুই থাকুক না কেন, ধর্ষণের কারণে কোন সন্তান জন্মলাভ করিলে-(ক) উক্ত সন্তানকে তা","other_48_s123, other_173_s2",own_search,answered,1,Sorup
prot_0003_02,Sarwad,VERIFY,"আমার প্রশ্ন, স্ত্রীকে না জানিয়ে স্বামী যদি দ্বিতীয় বিয়ে করেন এবং প্রথম স্ত্রী ও সন্তানের ভরণপোষণ না দেন, তবে প্রথম স্ত্রী কীভাবে আইনি সহায়তা পেতে পারেন? যদি প্রথম স্ত্রী স্বামীকে তালাক দিতে চান, তাহলে সন্তান কে পাবেন? তালাকের পর সন্তানের ভরণপোষণ কে বহন করবেন? নাম প্রকাশে অনিচ্ছুক","1. <other_1429_s31> [আয়কর আইন, ২০২৩, ধারা ৩১] আয় একীভূতকরণ — (১) এই আইনে ভিন্নরূপ কিছু না থাকিলে, নিম্নবর্ণিত আয়সমূহ কোনো ব্যক্তির মোট আয়ের অন্তর্ভুক্ত হইবে, যথা:-(ক) উক
2. <women_children_835_s13> [নারী ও শিশু নির্যাতন দমন আইন, ২০০০, ধারা ১৩] (১) অন্য কোন আইনে ভিন্নতর যাহা কিছুই থাকুক না কেন, ধর্ষণের কারণে কোন সন্তান জন্মলাভ করিলে-(ক) উক্ত সন্তানকে তা
3. <other_1266_s2_p2> [বাংলাদেশ মুক্তিযোদ্ধা কল্যাণ ট্রাস্ট আইন, ২০, ধারা ২] সংজ্ঞা — জামায়াতে ইসলামী এবং তাহাদের সহযোগী রাজাকার, আলবদর, আলশামস বাহিনীর বিরুদ্ধে গণপ্রজাতন্ত্রী বাংলাদেশের স্বাধীনত
4. <other_1132_s5> [পিতা-মাতার ভরণ-পোষণ আইন, ২০১৩, ধারা ৫] পিতা-মাতার ভরণ-পোষণ না করিবার দণ্ড — (১) কোন সন্তান কর্তৃক ধারা ৩ এর যে কোন উপ-ধারার বিধান কিংবা ধারা ৪ এর বিধান লংঘন অপরাধ বলিয়া গণ্য হইবে এবং উক
5. <other_1485_s9> [বাংলাদেশ পুলিশ কল্যাণ তহবিল আইন, ২০২৩, ধারা ৯] মৃত্যু এবং অক্ষমতাজনিত কারণে এককালীন এবং মাসিক কল্যাণ অনুদান — (১) কোনো কর্মচারী বা তাহার মৃত্যু হইলে তাহার স্ত্রী বা, ক্ষেত্রমত, স্বামী, বিধি দ্বারা নির্ধারিত পদ্ধতিতে, নিম
6. <other_1173_s8> [বাংলাদেশ চা শ্রমিক কল্যাণ তহবিল আইন, ২০১৬, ধারা ৮] মৃত্যু ও স্থায়ী অক্ষমতার ক্ষেত্রে এককালীন অনুদান সহায়তা প্রদান — যদি কোন শ্রমিক-(ক) নিজ দায়িত্ব পালনকালে শারীরিক বা মানসিকভাবে প্রবিধান দ্বারা নির্ধারিত চিকিৎসা কর্তৃপক্ষ কর্
7. <other_1417_s21> [আন্তর্জাতিক উদরাময় গবেষণা কেন্দ্র, বাংলাদেশ,, ধারা ২১] কর্মচারীগণের দায়মুক্তি ও অধিকারসমূহ — সভাপতি, সদস্য, নির্বাহী পরিচালক এবং কর্মচারী-(ক) তাহাদের দাপ্তরিক ক্ষমতার অধীন সরল বিশ্বাসে কৃত কোনো কার্যের জ
8. <other_1418_s21_p2> [বাংলাদেশ সুপ্রীম কোর্টের বিচারক (ছুটি, পেনশন, ধারা ২১] আনুতোষিক ও পারিবারিক পেনশন — হিসাবে প্রাপ্য হইতেন।(৩) কোনো বিচারক, অবসর গ্রহণের পর তাহার গ্রস-পেনশনের সম্পূর্ণ অংশ সমর্পণ করিতে পারিবেন এবং
9. <other_1132_s2> [পিতা-মাতার ভরণ-পোষণ আইন, ২০১৩, ধারা ২] সংজ্ঞা — বিষয় বা প্রসঙ্গের পরিপন্থী কোন কিছু না থাকিলে, এই আইনে—(ক) “পিতা” অর্থ এমন ব্যক্তি যিনি সন্তানের জনক;(খ) “ভরণ
10. <labour_952_s98> [বাংলাদেশ শ্রম আইন, ২০০৬, ধারা ৯৮] সংবাদপত্র শ্রমিকের জন্য চিকিৎসা পরিচর্যা — প্রত্যেক সংবাদপত্র শ্রমিক এবং তাহার উপর নির্ভরশীলগণ সংবাদপত্র প্রতিষ্ঠানের খরচে বিধি দ্বারা নির্ধারিত পন্থায় ","family_305_s9, family_1444_s5, family_180_s2_p0",own_search,answered,2,Sorup
prot_0062_01,Sarwad,VERIFY,"আমার স্বামীর নামে ঢাকায় একটি ফ্ল্যাট আছে। তাঁরা দুই ভাই ও এক বোন। আর আমাদের এক কন্যাসন্তান। ভবিষ্যতে আমরা আর কোনো সন্তান না নেওয়ার সিদ্ধান্ত নিয়েছি। এখন আমার প্রশ্ন হলো, আমার স্বামীর অবর্তমানে এই ফ্ল্যাটটির অংশীদার কে হবে? আমরা চাই, আমাদের কন্যা সব সম্পত্তির মালিক হোক। এ ব্যাপারে আমাদের করণীয় কী হতে পারে? আমি আমার মা-বাবার একমাত্র সন্তান। আমার নিজ নামে সম্পত্তি থাকলে আমার অবর্তমানে তার মালিক কে হবে? আমার মায়ের নামে ঢাকার অদূরে একটি জমি আছে। এ ক্ষেত্রে তাঁর অবর্তমানে ওই জমির ওয়ারিশ কে হবে? আমার মায়ের ভাইবোনেরা কি ওই জমির অংশীদার হবেন?সোনিয়াঢাকা","1. <other_1266_s2_p2> [বাংলাদেশ মুক্তিযোদ্ধা কল্যাণ ট্রাস্ট আইন, ২০, ধারা ২] সংজ্ঞা — জামায়াতে ইসলামী এবং তাহাদের সহযোগী রাজাকার, আলবদর, আলশামস বাহিনীর বিরুদ্ধে গণপ্রজাতন্ত্রী বাংলাদেশের স্বাধীনত
2. <other_1132_s4> [পিতা-মাতার ভরণ-পোষণ আইন, ২০১৩, ধারা ৪] পিতা-মাতার অবর্তমানে দাদা-দাদী, নানা-নানীর ভরণ-পোষণ — প্রত্যেক সন্তান তাহার—(ক) পিতার অবর্তমানে দাদা-দাদীকে; এবং(খ) মাতার অবর্তমানে নানা-নানীকে—ধারা ৩ এ বর্ণিত ভরণ-
3. <other_1138_s2> [গ্রামীণ ব্যাংক আইন, ২০১৩, ধারা ২] সংজ্ঞা — বিষয় বা প্রসংগের পরিপন্থি কোন কিছু না থাকিলে, এই আইনে,-1[(১) “ঋণ” অর্থ এইরূপ কোনো ব্যক্তির পক্ষে ব্যাংক কর্তৃ
4. <other_857_s45> [বাংলাদেশ টেলিযোগাযোগ নিয়ন্ত্রণ আইন, ২০০১, ধারা ৪৫] লাইসেন্সধারীর প্রয়োজনে বাধ্যতামূলকভাবে বেসরকারী জমি অধিগ্রহণ — (১) লাইসেন্সের অধীন কাজকর্ম সম্পাদন বা পরিচালনার জন্য প্রয়োজনীয় কোন জমি ব্যবহারের ক্ষেত্রে লাইসেন্সধারী বাধা
5. <labour_1285_s51> [বাংলাদেশ ইপিজেড শ্রম আইন, ২০১৯, ধারা ৫১] পীঁড়া ছুটি — (১) প্রত্যেক শ্রমিক প্রতি পঞ্জিকা বৎসরে পূর্ণ মজুরিতে ১৪ (চৌদ্দো) দিনের পীঁড়া ছুটি পাইবার অধিকারী হইবেন।(২) উ
6. <other_1429_s133> [আয়কর আইন, ২০২৩, ধারা ১৩৩] প্রকাশ্য নিলামের বিক্রি হইতে কর সংগ্র — (১) কোনো ব্যক্তি কোনো নির্দিষ্ট মালিকের কোনো পণ্য বা সম্পত্তি সীলমোহরযুক্ত দরপত্রের মাধ্যমে প্রকাশ্য নিলামে বি
7. <land_856_s2_p2> [অর্পিত সম্পত্তি প্রত্যর্পণ আইন, ২০০১, ধারা ২] সংজ্ঞা — সম্পত্তি হিসাবে তালিকাভুক্ত হইয়াছে সেই মূল মালিক বা তাহার উত্তরাধিকারী, বা উক্ত মূল মালিক বা উত্তরাধিকারীর স্
8. <other_721_s6_p1> [বাংলাদেশ ঋণ সালিসি আইন, ১৯৮৯, ধারা ৬] কতিপয় জমির বিক্রয় খায়খালাসী বন্ধক ঘোষণা — যদি উপ-ধারা (২) এর অধীন নির্ধারিত সময়ের মধ্যে ক্রেতা জমি প্রত্যর্পণ না করেন বা করিতে ব্যর্থ হন, তাহা হইলে ধার
9. <other_721_s7> [বাংলাদেশ ঋণ সালিসি আইন, ১৯৮৯, ধারা ৭] কতিপয় বিক্রয় বাতিল — (১) এই আইন বলবত্ হইবার পর অনধিক দুই একর কৃষি জমির মালিক কোন কৃষক প্রাকৃতিক দুর্যোগে তগতিগ্রস্ত হওয়ার বা জীবন 
10. <labour_952_s116> [বাংলাদেশ শ্রম আইন, ২০০৬, ধারা ১১৬] পীড়া-ছুটি — (১) সংবাদ পত্র শ্রমিক ব্যতীত, প্রত্যেক শ্রমিক প্রত্যেক পঞ্জিকা বৎসরে পূর্ণ মজুরীতে চৌদ্দ দিনের পীড়া ছুটি পাইব","other_173_s2, other_48_s123",own_search,answered,1,Sorup
prot_0032_01,Sarwad,VERIFY,এ কথা বলে শারীরিক সম্পর্ক চালিয়ে যায়। কিন্তু এখন বিয়ে করতে অস্বীকৃতি জানাচ্ছে। গ্রামে তার মাকে বলেছে মেয়ে দেখতে। আমি ওকে ছাড়া বাঁচতে পারব না। আমি হিন্দু হয়ে মুসলিম ছেলের বিরুদ্ধে কি আইনি কোনো ব্যবস্থা নিতে পারব?,"1. <other_1429_s149> [আয়কর আইন, ২০২৩, ধারা ১৪৯] উৎসে কর কর্তন বা সংগ্রহের ক্ষেত্রে দায়মুক্তি — যেইক্ষেত্রে এই অংশের অধীন কর হিসাবে কোনো অর্থ সংগ্রহ বা কর্তন করা হয় এবং সরকারের অনুকূলে জমা প্রদান করা হয়, 
2. <family_1444_s26> [পারিবারিক আদালত আইন, ২০২৩, ধারা ২৬] মুসলিম পারিবারিক আইনের বিধানকে প্রভাবিত না করা — (১) এই আইনের কোনো কিছুই মুসলিম পরিবারিক আইন অথবা তদধীন প্রণীত বিধিমালার কোনো বিধানকে প্রভাবিত করিবে না।(২) যেক
3. <other_1271_s24> [সরকারি চাকরি আইন, ২০১৮, ধারা ২৪] আইনি সহায়তা — (১) কোনো কর্মচারীর বিরুদ্ধে, সরকারি দায়িত্ব পালনের সহিত সম্পর্কিত কোনো বিষয়ে তাহাকে ব্যক্তিগতভাবে দায়ী করিয
4. <family_1105_s3> [হিন্দু বিবাহ নিবন্ধন আইন, ২০১২, ধারা ৩] হিন্দু বিবাহ নিবন্ধন — (১) অন্য কোন আইন, প্রথা ও রীতি-নীতিতে যাহা কিছুই থাকুক না কেন, হিন্দু বিবাহের দালিলিক প্রমাণ সুরক্ষার উদ্দেশ্য
5. <other_1348_s11> [মৎস্য ও মৎস্যপণ্য (পরিদর্শন ও মান নিয়ন্ত্রণ), ধারা ১১] লাইসেন্স ইস্যু করিতে অস্বীকৃতি জ্ঞাপন — আঞ্চলিক উপযুক্ত কর্তৃপক্ষ লাইসেন্স ইস্যু করিতে অস্বীকৃতি জ্ঞাপন করিতে পারিবে, যদি-(ক) ধারা ১০ অনুযায়ী আবেদনপত
6. <other_751_s112> [ব্যাংক-কোম্পানী আইন, ১৯৯১, ধারা ১১২] (১) বাংলাদেশ ব্যাংক যদি এই আইনের কোন ধারা অথবা তদধীন কোন আদেশ বা নির্দেশ বা আরোপিত শর্ত বা প্রণীত কোন বিধি লংঘ
7. <labour_952_s328> [বাংলাদেশ শ্রম আইন, ২০০৬, ধারা ৩২৮] মৌসুমী কারখানা — সরকার, সরকারী গেজেটে প্রজ্ঞাপন দ্বারা, কোন বত্সরে সাধারণতঃ একশত আশি কর্মদিবরে অধিক কোন উত্পাদন প্রক্রিয়া চালু
8. <other_897_s3> [যৌথ অভিযান দায়মুক্তি আইন, ২০০৩, ধারা ৩] যৌথ অভিযানে কৃত যাবতীয় কার্যাদির জন্য দায়মুক্তি — শৃঙ্খলা বাহিনী ও উহার সদস্যগণ সম্পর্কিত সকল আইন ব্যতীত আপাততঃ বলবত্ অন্য কোন আইনে বা আদালতের কোন রায়ে যাহা কি
9. <cybercrime_1710_s2_p11> [সাইবার সুরক্ষা আইন, ২০২৬, ধারা ২] সংজ্ঞা — দ্বারা কোন ব্যক্তির অন্তরঙ্গ অথবা ব্যক্তিগত ছবি, ভিডিও সংরক্ষণ বা সংরক্ষনের দাবি করিবার মাধ্যমে তাহা প্রকাশ কর
10. <women_children_1256_s2> [যৌতুক নিরোধ আইন, ২০১৮, ধারা ২] সংজ্ঞা — বিষয় বা প্রসঙ্গের পরিপন্থি কোনো কিছু না থাকিলে,-(ক) ‘‘পক্ষ’’ অর্থ এই আইনের উদ্দেশ্য পূরণকল্পে, বিবাহের বর বা ",women_children_835_s9খ,own_search,answered,3,Sorup
prot_0032_05,Sarwad,VERIFY,"আমার সৎমা যদি দ্বিতীয় বিয়ে করেন, তবে সে কী আমার বাবার বাড়িতে থাকার অধিকার রাখেন?","1. <consumer_1452_s105> [কপিরাইট আইন, ২০২৩, ধারা ১০৫] অধিকার লঙ্ঘনকারী অনুলিপি দখলে রাখিবার দণ্ড — যদি কোনো ব্যক্তি ইচ্ছাকৃতভাবে কপিরাইট বিদ্যমান রহিয়াছে এইরূপ কোনো কর্মের অধিকার লঙ্ঘনকারী অনুলিপি তৈরি করিবার
2. <other_895_s10> [বেসরকারী শিক্ষা প্রতিষ্ঠান শিক্ষক ও কর্মচারী, ধারা ১০] শিক্ষক ও কর্মচারীগণ কর্তৃক চাঁদা প্রদান — (১) প্রত্যেক শিক্ষক ও কর্মচারী প্রবিধান দ্বারা নির্ধারিত হারে ও পদ্ধতিতে বোর্ডের তহবিলে বাধ্যতামূলক চাঁদা প্রদ
3. <consumer_1010_s71> [ট্রেডমার্ক আইন, ২০০৯, ধারা ৭১] ট্রেডমার্ক এবং ট্রেড বর্ণনা ব্যবহারের (apply) অর্থ — (১) কোন পণ্য বা সেবার ক্ষেত্রে, ট্রেডমার্ক, মার্ক বা ট্রেড বর্ণনা ব্যবহৃত হইয়াছে বলিয়া গণ্য হইবে, যদি কোন ব্
4. <consumer_1010_s75> [ট্রেডমার্ক আইন, ২০০৯, ধারা ৭৫] টুকরা পণ্য সরাইবার দণ্ড — যদি কোন ব্যক্তি ধারা ৬৮ এ উল্লিখিত কারখানা প্রাঙ্গণ হইতে মার্কযুক্ত নহে এমন কোন টুকরা পণ্য বা পাকানো তুলার সুত
5. <consumer_1270_s51> [ওজন ও পরিমাপ মানদণ্ড আইন, ২০১৮, ধারা ৫১] কতিপয় ক্ষেত্রে অনুমান করা — কোনো ব্যক্তি যদি কোনো প্রতারণামূলক (false) বা অপ্রতিপাদিত ওজন বা পরিমাপন তৈরি বা উৎপাদন করেন বা তাহার অধিকারে 
6. <other_1181_s47> [বাংলাদেশ কোস্ট গার্ড আইন, ২০১৬, ধারা ৪৭] অবৈধভাবে বেতন স্থগিতকরণ — অধিভুক্ত কোন ব্যক্তি যদি বাহিনীর সদস্যগণের বেতন-ভাতা গ্রহণ করিয়া উক্ত বেতন-ভাতা অবৈধভাবে আটক করেন বা নিজ হেফা
7. <other_818_s57> [বাংলাদেশ মেডিক্যাল বিশ্ববিদ্যালয় আইন, ১৯৯৮, ধারা ৫৭] আইপিজিএম এন্ড আর এর রূপান্তর — (১) আইপিজিএম এন্ড আরকে উন্নীত ও রূপান্তরক্রমে বিশ্ববিদ্যালয় স্থাপিত হইবার সংগে সংগে-(ক) আইপিজিএম এন্ড আর এর হ
8. <other_813_s8> [বাংলাদেশ কমার্স এন্ড ইনভেষ্টমেন্ট লিমিটেড (প, ধারা ৮] বিসিআই এর দায়গ্রস্তদের পরিচালক পর্ষদের সদস্য হওয়ার বা থাকার যোগ্যতা — বিসিআইতে ব্যক্তিগত দায় রহিয়াছে এমন কোন ব্যক্তি যদি তাহার দায় সম্পূর্ণ পরিশোধ করেন, তাহা হইলে তিনি পরিচালক প
9. <consumer_1270_s48> [ওজন ও পরিমাপ মানদণ্ড আইন, ২০১৮, ধারা ৪৮] ধারা ৩২ লঙ্ঘনের দণ্ড — কোনো ব্যক্তি যদি বিধি দ্বারা নির্ধারিত পদ্ধতিতে প্রতিপাদন ও স্ট্যাম্পযুক্ত না করিয়া বা বৈধ ভেরিফিকেশন বা, ক্ষ
10. <consumer_1270_s50> [ওজন ও পরিমাপ মানদণ্ড আইন, ২০১৮, ধারা ৫০] সীলমোহর জালকরণের দণ্ড, ইত্যাদি — কোনো ব্যক্তি যদি-(ক) কোনো সীলমোহর অথবা স্ট্যাম্প জাল করেন; বা(খ) জাল সীলমোহর অধিকারে রাখেন, বিক্রয় বা অন্য কো",other_173_s2,own_search,answered,1,Sorup
lawy_0437_01,Sarwad,VERIFY,"বিবাহ, মোহরানা ও তালাক নিয়ে ভ্রান্ত ধারণায় আইন কি বলে?","1. <women_children_1256_s2> [যৌতুক নিরোধ আইন, ২০১৮, ধারা ২] সংজ্ঞা — বিষয় বা প্রসঙ্গের পরিপন্থি কোনো কিছু না থাকিলে,-(ক) ‘‘পক্ষ’’ অর্থ এই আইনের উদ্দেশ্য পূরণকল্পে, বিবাহের বর বা 
2. <family_1105_s6> [হিন্দু বিবাহ নিবন্ধন আইন, ২০১২, ধারা ৬] বিবাহ নিবন্ধিকরণ পদ্ধতি — (১) হিন্দু ধর্ম, রীতি-নীতি ও আচার-অনুষ্ঠান অনুযায়ী হিন্দু বিবাহ সম্পন্ন হওয়ার পর উক্ত বিবাহের দালিলিক প্রমাণ
3. <women_children_1207_s11> [বাল্যবিবাহ নিরোধ আইন, ২০১৭, ধারা ১১] বাল্যবিবাহ নিবন্ধনের জন্য বিবাহ নিবন্ধনের শাস্তি, লাইসেন্স বাতিল — কোন বিবাহ নিবন্ধক বাল্যবিবাহ নিবন্ধন করিলে উহা হইবে একটি অপরাধ এবং তজ্জন্য তিনি অনধিক ২ (দুই) বৎসর ও অন্যূন ৬ 
4. <family_1105_s3> [হিন্দু বিবাহ নিবন্ধন আইন, ২০১২, ধারা ৩] হিন্দু বিবাহ নিবন্ধন — (১) অন্য কোন আইন, প্রথা ও রীতি-নীতিতে যাহা কিছুই থাকুক না কেন, হিন্দু বিবাহের দালিলিক প্রমাণ সুরক্ষার উদ্দেশ্য
5. <family_1105_s12> [হিন্দু বিবাহ নিবন্ধন আইন, ২০১২, ধারা ১২] বিবাহ নিবন্ধনের প্রতিলিপি প্রদান — (১) এই আইনের অধীন হিন্দু বিবাহ নিবন্ধনের ক্ষেত্রে বিবাহের পক্ষদ্বয় বা তদ্কর্তৃক মনোনীত প্রতিনিধি কর্তৃক আবেদন
6. <family_1105_s4> [হিন্দু বিবাহ নিবন্ধন আইন, ২০১২, ধারা ৪] বিবাহ নিবন্ধক নিয়োগ — (১) এই আইনের অধীন হিন্দু বিবাহ নিবন্ধনের উদ্দেশ্যে, সরকার, সিটি কর্পোরেশন এলাকার ক্ষেত্রে তদ্কর্তৃক সময় সময় 
7. <other_1172_s1> [গণকর্মচারী (বিদেশি নাগরিকের সহিত বিবাহ) আইন,, ধারা ১] সংক্ষিপ্ত শিরোনাম ও পবর্তন — (১) এই আইনগণকর্মচারী (বিদেশি নাগরিকের সহিত বিবাহ) আইন, ২০১৫নামে অভিহিত হইবে।(২) ইহা অবিলম্বে কার্যকর হইবে।
8. <family_1105_s8> [হিন্দু বিবাহ নিবন্ধন আইন, ২০১২, ধারা ৮] বিবাহ নিবন্ধকের দায়িত্ব পালন সরকারি চাকুরী নহে — ধারা ৪ এর অধীন হিন্দু বিবাহ নিবন্ধক হিসাবে নিয়োগ প্রাপ্তি বা হিন্দু বিবাহ নিবন্ধকের দায়িত্ব পালন সরকারি চাকর
9. <other_1172_s3> [গণকর্মচারী (বিদেশি নাগরিকের সহিত বিবাহ) আইন,, ধারা ৩] বিদেশি নাগরিকের সহিত বিবাহে বাধানিষেধ — (১) উপ-ধারা (২) এর অধীন অনুমতিপ্রাপ্ত না হইলে কোন গণকর্মচারী কোন বিদেশি নাগরিককে বিবাহ করিবেন না বা বিবাহ করিব
10. <family_1105_s2> [হিন্দু বিবাহ নিবন্ধন আইন, ২০১২, ধারা ২] সংজ্ঞা — বিষয় বা প্রসঙ্গের পরিপন্থী কোন কিছু না থাকিলে, এই আইনে,-(ক) ‘‘হিন্দু’’ অর্থ বাংলাদেশের হিন্দু ধর্মাবলম্বী কোন",unanswerable,none,unanswerable,2,Sorup
prot_0052_03,Sarwad,VERIFY,আমি মাস্টার্স শেষ করে মা-বাবার অনুরোধে চার বছর আগে আমার এক ফুফাতো বোনকে বিয়ে করি। আমার প্রতি তার আকর্ষণ প্রথম থেকেই ছিল না। ডিগ্রি পরীক্ষার্থী থাকায় তার বাবার বাড়িতেই বেশি সময় থাকত। এখন তার পরীক্ষা শেষ হয়েছে। তবু বাবার বাড়িতে থাকতেই বেশি পছন্দ করে। আমার সঙ্গে কথা বলে না। ফোনও ধরে না। এই অবস্থায় দাম্পত্য সম্পর্ক স্বাভাবিক করার জন্য আমি কী করতে পারি?,"1. <local_government_827_s17> [উপজেলা পরিষদ আইন, ১৯৯৮, ধারা ১৭] নির্বাচন অনুষ্ঠানের সময় — নিম্নবর্ণিত সময়ে28[চেয়ারম্যান, ভাইস চেয়ারম্যান] ও মহিলা সদস্যগণের নির্বাচন অনুষ্ঠিত হইবে, যথা:-29[(ক) প্রথম
2. <other_788_s346_p0> [কোম্পানী আইন, ১৯৯৪, ধারা ৩৪৬] নিষ্ক্রিয় (defunct) কোম্পানীর নাম নিবন্ধন বহি হইতে কাটিয়া দেওয়া — (১) যেক্ষেত্রে রেজিষ্ট্রারের এইরূপ বিশ্বাস করিবার যুক্তিসংগত কারণ থাকে যে, কোন একটি কোম্পানী ব্যবসা করিতেছে না
3. <other_1419_s10> [বাংলাদেশ সরকারী কর্ম কমিশন আইন, ২০২৩, ধারা ১০] ভুয়া পরিচয়ে পরীক্ষায় অংশগ্রহণ ও উহার দণ্ড — কোনো ব্যক্তি পরীক্ষার্থী না হওয়া সত্ত্বেও নিজেকে পরীক্ষার্থী হিসাবে হাজির করিয়া বা পরীক্ষার্থী বলিয়া ভান কর
4. <other_822_s12> [পার্বত্য চট্টগ্রাম আঞ্চলিক পরিষদ আইন, ১৯৯৮, ধারা ১২] পরিষদের মেয়াদ — ৪১ ধারার বিধান অনুসারে বাতিল না হইলে, পরিষদের মেয়াদ হইবে উহার প্রথম অধিবেশনের তারিখ হইতে পাঁচ বৎসর: তবে শর্ত 
5. <other_1064_s17> [আন্তজার্তিক মাতৃভাষা ইনস্টিটিউট  আইন, ২০১০, ধারা ১৭] প্রতিবেদন — (১) প্রতি পঞ্জিকা বছর শেষ হইবার সঙ্গে সঙ্গে ইনস্টিটিউট উক্ত বৎসরে সম্পাদিত কার্যাবলীর খতিয়ান-সম্বলিত বার্ষিক 
6. <other_1263_s2> [‘আল-হাইআতুল উলয়া লিল-জামি’আতিল কওমিয়া বাংলাদ, ধারা ২] সংজ্ঞা — বিষয় বা প্রসঙ্গের পরিপন্থি কোনো কিছু না থাকিলে, এই আইনে,-(১) “কওমি মাদরাসা” অর্থ আহলুস সুন্নাহ ওয়াল জামা’আত 
7. <other_726_s10> [বান্দরবান পার্বত্য জেলা পরিষদ আইন, ১৯৮৯, ধারা ১০] পরিষদের মেয়াদ — পরিষদের মেয়াদ হইবে উহার প্রথম অধিবেশনের তারিখ হইতে26[পাঁচ বত্সর] :তবে শর্ত থাকে যে, উক্ত মেয়াদ শেষ হওয়া সত্
8. <other_724_s10> [রাংগামাটি পার্বত্য জেলা পরিষদ আইন, ১৯৮৯, ধারা ১০] পরিষদের মেয়াদ — পরিষদের মেয়াদ হইবে উহার প্রথম অধিবেশনের তারিখ হইতে22[পাঁচ বত্সর] :তবে শর্ত থাকে যে, উক্ত মেয়াদ শেষ হওয়া সত্
9. <other_725_s10> [খাগড়াছড়ি পার্বত্য জেলা পরিষদ আইন, ১৯৮৯, ধারা ১০] পরিষদের মেয়াদ — পরিষদের মেয়াদ হইবে উহার প্রথম অধিবেশনের তারিখ হইতে18[পাঁচ বত্সর];তবে শর্ত থাকে যে, উক্ত মেয়াদ শেষ হওয়া সত্ত
10. <local_government_827_s7> [উপজেলা পরিষদ আইন, ১৯৯৮, ধারা ৭] পরিষদের মেয়াদ — ধারা ৫৩ এর বিধান সাপেক্ষে, পরিষদের মেয়াদ হইবে উহার প্রথম সভার তারিখ হইতে পাঁচ বৎসর:তবে শর্ত থাকে যে, উক্ত মেয",family_1444_s5,own_search,answered,2,Sorup
prot_0008_06,Sarwad,VERIFY,এ পর্যায়ে নাম সংশোধনের ব্যবস্থা আছে কি না?,"1. <other_1405_s9> [বাণিজ্য সংগঠন আইন, ২০২২, ধারা ৯] বাণিজ্য সংগঠনের নাম পরিবর্তন বা সংশোধন — (১) কোনো বাণিজ্য সংগঠন, মহাপরিচালকের পূর্বানুমোদন ব্যতীত উহার নাম পরিবর্তন বা সংশোধন করিতে পারিবে না।(২) কোনো 
2. <family_1444_s9> [পারিবারিক আদালত আইন, ২০২৩, ধারা ৯] আরজি ও লিখিত জবাব সংশোধন — এই আইনে যাহা কিছুই থাকুক না কেন, মোকদ্দমার যেকোনো পর্যায়ে আদালত, কোনো পক্ষের আবেদনের পরিপ্রেক্ষিতে, করণিক ভুল
3. <other_788_s43> [কোম্পানী আইন, ১৯৯৪, ধারা ৪৩] সদস্য-বহি সংশোধনের জন্য আদালতের ক্ষমতা — (১) যদি-(ক) পর্যাপ্ত কারণ ব্যতিরেকে কোন ব্যক্তির নাম কোন কোম্পানীর সদস্য-বহিতে লিপিবদ্ধ করা হয় কিংবা উহা হইতে
4. <other_751_s116> [ব্যাংক-কোম্পানী আইন, ১৯৯১, ধারা ১১৬] ব্যাংক-কোম্পানীর নাম পরিবর্তন — কোম্পানী আইনের348[ধারা ১১] এ যাহা কিছুই থাকুক না কেন, বাংলাদেশ ব্যাংকের কোন আপত্তি নাই এই মর্মে প্রত্যয়নপত্র 
5. <consumer_1010_s52> [ট্রেডমার্ক আইন, ২০০৯, ধারা ৫২] নিবন্ধন বহির ভুল সংশোধন — (১) নিবন্ধিত স্বত্বাধিকারী কর্তৃক, নির্ধারিত পদ্ধতিতে, আবেদনের প্রেক্ষিতে নিবন্ধন বহিতে -(ক) ট্রেডমার্কের নিবন
6. <other_1476_s86> [কাস্টমস আইন, ২০২৩, ধারা ৮৬] দাখিলকৃত পণ্য ঘোষণার সংশোধন ও 1 [বাতিল] — (১) কোনো আমদানিকারক বা রপ্তানিকারক কর্তৃক লিখিত অনুরোধের প্রেক্ষিতে ধারা ৮১ এর অধীন দাখিলকৃত পণ্য ঘোষণায় উল্ল
7. <other_1045_s12> [চার্টার্ড সেক্রেটারীজ আইন, ২০১০, ধারা ১২] কাউন্সিলের দায়িত্ব ও কার্যাবলী — কাউন্সিলের দায়িত্ব ও কার্যাবলী হইবে নিম্নরূপ, যথা ঃ-(১) চার্টার্ড সেক্রেটারী পেশার মান উন্নয়নে প্রয়োজনীয় প
8. <other_1070_s24> [উদ্ভিদ সংগনিরোধ আইন, ২০১১, ধারা ২৪] ক্ষতিপূরণ — (১) সরকার, উপ-ধারা (২) এ বর্ণিত বিধান সাপেক্ষে, প্রয়োজনীয় ব্যবস্থা গ্রহণ করিয়া সংগনিরোধ বালাই নির্মূল, সীমা
9. <other_1707_s57> [ঢাকা সেন্ট্রাল ইউনিভার্সিটি আইন, ২০২৬, ধারা ৫৭] স্নাতক ও স্নাতকোত্তর পর্যায়ে শিক্ষার মান সংরক্ষণ — (১) একাডেমিক কাউন্সিলের পরামর্শক্রমে সিন্ডিকেট কোনো কলেজকে যেসকল বিষয়ে ও যে পর্যায়ের শিক্ষাদানের ক্ষমতা দান 
10. <other_1125_s39> [ইসলামি আরবি বিশ্ববিদ্যালয় আইন, ২০১৩, ধারা ৩৯] মাদ্‌রাসায় শিক্ষাদান এবং বিশ্ববিদ্যালয় ও মাদ্‌রাসার মধ্যে সহযোগিতা, ইত্যাদি। — (১) একাডেমিক কাউন্সিলের পরামর্শক্রমে, সিন্ডিকেট কোন মাদ্রাসাকে যে সকল বিষয়ে ও যে পর্যায়ে শিক্ষাদানের অনুমতি ","civil_registration_1458_s9, civil_registration_921_s15",own_search,answered,2,Sorup
prot_0039_01,Sarwad,VERIFY,"আমার খালার দুই মেয়ে ও এক ছেলে। সাত বছর আগে খালু আমার খালার অনুমতি ছাড়াই দ্বিতীয় বিয়ে করেন। বিষয়টি সালিসের মাধ্যমে সমাধানের চেষ্টা করা হয়েছিল; কিন্তু খালুর অপকৌশলের কারণে হয়নি। পরে এটি আদালত পর্যন্ত গড়ায়। সেখানেও মামলাটি শিথিল হয়ে যায়। এখন খালু খালাকে ভরণপোষণ দিচ্ছেন না। তিনি তাঁর দ্বিতীয় স্ত্রীর সঙ্গে থাকছেন। আইনি জটিলতা ছাড়া (মামলা-মোকদ্দমা) এ ধরনের লোকদের শাস্তি এবং ভরণপোষণ দিতে বাধ্য করার জন্য কী করা যায়? নিলুফা , ঢাকা। @ আপনি মহিলাবিষয়ক অধিদপ্তরের অধীন নারী নির্যাতন প্রতিরোধ সেলে অভিযোগ করতে পারেন। এ ছাড়া জাতীয় মহিলা আইনজীবী সমিতি অথবা আইন ও সালিশ কেন্দ্রে আইনগত সহায়তার জন্য যোগাযোগ করতে পারেন","1. <labour_952_s216_p1> [বাংলাদেশ শ্রম আইন, ২০০৬, ধারা ২১৬] অপরাধ বিচার ছাড়া অন্য কোন বিষয়ে শ্রম আদালতের ক্ষমতা ওকার্যক্রম — বা আপত্তি পেশ করিতে ব্যর্থ হয়, তাহা হইলে মামলাটি একতরফা শুনানীক্রমে নিষ্পত্তি করা হইবে।(৬) কোন পক্ষের আবেদনক্
2. <other_1301_s16> [বাংলাদেশ বাতিঘর আইন, ২০২০, ধারা ১৬] বাতিঘর মাশুল প্রদান না করিবার জরিমানা — (১) কোনো জাহাজের মাস্টার বা মালিক যদি এই আইনের অধীন জাহাজের বাতিঘর মাশুল, পাওনাদি এবং অন্যান্য খরচের অর্থ পরিশ
3. <other_834_s19> [আইনগত সহায়তা প্রদান আইন, ২০০০, ধারা ১৯] দলিলপত্র, কাগজাদি, ইত্যাদির কপি সরবরাহ — আইনগত সহায়তার সাথে সংশিস্্নষ্ট আইনজীবী এবং বিচারপ্রার্থী বরাবরে আদালত, কোর্ট ফি ছাড়া, বিনামূল্যে মামলার সহিত
4. <other_788_s193_p1> [কোম্পানী আইন, ১৯৯৪, ধারা ১৯৩] রেজিষ্ট্রার কর্তৃক তথ্য বা ব্যাখ্যা তলব করার ক্ষমতা — অনুমতি দিতে পারিবে।(৪) রেজিষ্ট্রার পূর্বোক্ত তথ্য বা ব্যাখ্যা বা দলিল পাইবার পর উহা তাহার নিকট দাখিলকৃত দলিলের
5. <criminal_procedure_765_s47> [রাজশাহী মহানগরী পুলিশ আইন, ১৯৯২, ধারা ৪৭] মহানগরী এলাকা ত্যাগ করিতে ব্যর্থতা এবং অপসারণের পর পুনঃপ্রবেশ সম্পর্কে অনুসরণীয় কর্মপন্থা — (১) ধারা ৪০, ৪১ বা ৪২ এর অধীন যে ব্যক্তিকে মহানগরী এলাকা হইতে অপসারণের আদেশ দেওয়া হইয়াছে তিনি যদি-(ক) আদেশ ম
6. <women_children_1119_s16> [শিশু আইন, ২০১৩, ধারা ১৬] (১) আইনের সহিত সংঘাত জড়িত শিশু কর্তৃক সংঘটিত যে কোনো অপরাধের বিচার করিবার জন্য, প্রত্যেক জেলা সদরে শিশু-আদালত
7. <other_834_s15> [আইনগত সহায়তা প্রদান আইন, ২০০০, ধারা ১৫] আইনজীবীগণের তালিকা — (১)34[সুপ্রীমকোর্ট কমিটি] এই আইনের আওতায় প্রদত্ত আইনগত সহায়তার অধীনে বাংলাদেশ সুপ্রীমকোর্টে দায়েরযোগ্য বা দ
8. <women_children_835_s34> [নারী ও শিশু নির্যাতন দমন আইন, ২০০০, ধারা ৩৪] ১৯৯৫ সনের ১৮ নং আইনের রহিতকরণ ও হেফাজত — (১) নারী ও শিশু নির্যাতন (বিশেষ বিধান) আইন, ১৯৯৫ (১৯৯৫ সনের ১৮ নং আইন), অতঃপর উক্ত আইন বলিয়া উল্লিখিত, এতদ্বা
9. <criminal_procedure_765_s44> [রাজশাহী মহানগরী পুলিশ আইন, ১৯৯২, ধারা ৪৪] ধারা ৪০, ৪১, ও ৪২ এর অধীন আদেশ জারীর পূর্বে কৈফিয়ত দানের সুযোগ দেওয়া — (১) কোন ব্যক্তি সম্পর্কে ধারা ৪০, ৪১ বা ৪২ এর অধীন আদেশ জারীর পূর্বে পুলিশ কমিশনার ঐ ব্যক্তিকে তাহার বিরুদ্ধে 
10. <women_children_835_s17> [নারী ও শিশু নির্যাতন দমন আইন, ২০০০, ধারা ১৭] মিথ্যা মামলা, অভিযোগ দায়ের ইত্যাদির শাস্তি — (১) যদি কোন ব্যক্তি অন্য কোন ব্যক্তির37[মর্যাদাহানি বা] ক্ষতিসাধনের অভিপ্রায়ে উক্ত ব্যক্তির বিরুদ্ধে এই আইনের","family_305_s9, family_305_s6",own_search,answered,3,Sorup
lawy_0224_01,Sarwad,VERIFY,দেনমোহর আদায়ে সময়সীমা: তালাকের পরও কি নারীর দাবি থেকে থাকে?,"1. <other_788_s350> [কোম্পানী আইন, ১৯৯৪, ধারা ৩৫০] সময়সীমা অতিক্রমের পর দলিলপত্র ইত্যাদি দাখিলকরণ বা নিবন্ধন — যে সকল দলিল, রিটার্ণ, বিবরণী বা কোন তথ্য বা ঘটনা এই আইনের বিধান অনুসারে রেজিষ্ট্রারের নিকট নিবন্ধন, দাখিল, বা 
2. <consumer_1452_s117> [কপিরাইট আইন, ২০২৩, ধারা ১১৭] রেজিস্ট্রারের আদেশের বিরুদ্ধে আপিল — (১) রেজিস্ট্রারের কোনো সিদ্ধান্ত বা আদেশে সংক্ষুব্ধ যে কোনো ব্যক্তি উক্ত সিদ্ধান্ত বা আদেশ প্রদানের ৩ (তিন) মা
3. <family_1444_s5> [পারিবারিক আদালত আইন, ২০২৩, ধারা ৫] পারিবারিক আদালতের এখতিয়ার — মুসলিম পারিবারিক আইনের বিধানাবলি সাপেক্ষে, পারিবারিক আদালতে নিম্নরূপ সকল বা যেকোনো বিষয় সম্পর্কিত বা উহা হইতে
4. <other_1703_s25> [আমানত সুরক্ষা আইন, ২০২৬, ধারা ২৫] অ-দাবিকৃত সুরক্ষিত আমানত পরিশোধ — (১) সুরক্ষিত আমানত পরিশোধের পরও কোনো অ-দাবিকৃত সুরক্ষিত আমানত অবশিষ্ট থাকিলে, আমানত সুরক্ষা বিভাগ, গণবিজ্ঞপ্তি
5. <other_1429_s249> [আয়কর আইন, ২০২৩, ধারা ২৪৯] বৈদেশিক করের ক্রেডিট দাবির সীমাবদ্ধতা — (১) উপ-ধারা (২) এর বিধানাবলি সাপেক্ষে, কোনো আয়ের সূত্রে প্রদত্ত বৈদেশিক করের জন্য ক্রেডিট হিসাবে অনুমোদন প্রা
6. <women_children_835_s9খ> [নারী ও শিশু নির্যাতন দমন আইন, ২০০০, ধারা ৯খ] যদি কোন ব্যক্তি দৈহিক বলপ্রয়োগ ব্যতীত বিবাহের প্রলোভন দেখাইয়া ষোল বৎসরের অধিক বয়সের কোন নারীর সংগে যৌনকর্ম 
7. <consumer_1011_s24> [তথ্য অধিকার আইন, ২০০৯, ধারা ২৪] আপীল, নিস্পত্তি ইত্যাদি — (১) কোন ব্যক্তি ধারা ৯ এর উপ-ধারা (১), (২) বা (৪) এ নির্ধারিত সময়সীমার মধ্যে তথ্য লাভে ব্যর্থ হইলে কিংবা দায়
8. <other_1429_s222> [আয়কর আইন, ২০২৩, ধারা ২২২] কর আদায়ে যুগপৎ ব্যবস্থা গ্রহণ — আপাতত বলবৎ অন্য কোনো আইন বা এই আইনের কোনো ধারা বা বিধানানুসারে কর আদায় কার্যক্রম চলমান থাকিলে তাহা এই আইন বা 
9. <other_769_s7> [জাতীয় বিশ্ববিদ্যালয় আইন, ১৯৯২, ধারা ৭] জাতি-ধর্ম নির্বিশেষে সকলের জন্য বিশ্ববিদ্যালয় উন্মুক্ত — যে কোন ধর্ম, বর্ণ, গোত্র এবং শ্রেণীর পুরুষ ও নারীর জন্য বিশ্ববিদ্যালয় উন্মুক্ত থাকিবে।
10. <other_864_s5> [রংপুর বিজ্ঞান ও প্রযুক্তি বিশ্ববিদ্যালয় আইন,, ধারা ৫] জাতি-ধর্ম নির্বিশেষে সকলের জন্য বিশ্ববিদ্যালয় উন্মুক্ত — যে কোন জাতি, ধর্ম, বর্ণ, গোত্র এবং শ্রেণীর পুরুষ ও নারীর জন্য বিশ্ববিদ্যালয় উন্মুক্ত থাকিবে।",none,none,not_found,1,Sorup
prot_0059_01,Sarwad,VERIFY,"আমি স্নাতক শেষ বর্ষে পড়ি। পাঁচ বছর আগে একটি ছেলের সঙ্গে আমার সম্পর্ক হয়। ছেলেটি ব্যাংকে চাকরি করে। হঠাৎ করে কিছুদিন আগে ছেলেটি বিয়ে করে এবং বিয়ের এক মাস পরই তার স্ত্রী তাকে ছেড়ে চলে যায়। এভাবে প্রায় সাত মাস চলে গেছে। এখন তার স্ত্রী তার কাছে আসতে চায় না। ইদানীং ছেলেটি আমার সঙ্গে প্রায়ই কথা বলে এবং আমাকে নিয়ে সংসার করতে চায়। পারিবারিক চাপেই সে নাকি বিয়ে করতে পারেনি এবং এটা নাকি তার জীবনের সবচেয়ে বড় ভুল। এখন আমার পক্ষে কি এ বিয়ে করা ঠিক হবে? আমি অবিবাহিত। হিন্দু আইন অনুযায়ী বিবাহিত ছেলেকে কি বিয়ে করা যায়? ছেলেটি চায়, তার স্ত্রী থেকে আলাদা হয়ে যেতে। এটা কি সম্ভব?নাম প্রকাশে অনিচ্ছুকহবিগঞ্জ","1. <other_1153_s4> [উপানুষ্ঠানিক শিক্ষা আইন, ২০১৪, ধারা ৪] উপানুষ্ঠানিক শিক্ষার শ্রেণীবিভাগ ও বয়স-সীমা — (১) প্রকৃতি ও ধরন অনুযায়ী উপানুষ্ঠানিক শিক্ষার শ্রেণীবিভাগ হইবে নিম্নরূপ, যথা :-(ক) উপানুষ্ঠানিক প্রাথমিক শিক
2. <labour_1285_s2_p1> [বাংলাদেশ ইপিজেড শ্রম আইন, ২০১৯, ধারা ২] সংজ্ঞা — (১৯৯৪ সনের ১৮ নং আইন) এর অধীন নিবন্ধিত কোনো কোম্পানি, যাহার অধীন কোনোজোনেএক বা একাধিক শিল্প প্রতিষ্ঠান রহিয়াছ
3. <other_1485_s9> [বাংলাদেশ পুলিশ কল্যাণ তহবিল আইন, ২০২৩, ধারা ৯] মৃত্যু এবং অক্ষমতাজনিত কারণে এককালীন এবং মাসিক কল্যাণ অনুদান — (১) কোনো কর্মচারী বা তাহার মৃত্যু হইলে তাহার স্ত্রী বা, ক্ষেত্রমত, স্বামী, বিধি দ্বারা নির্ধারিত পদ্ধতিতে, নিম
4. <other_1266_s2_p2> [বাংলাদেশ মুক্তিযোদ্ধা কল্যাণ ট্রাস্ট আইন, ২০, ধারা ২] সংজ্ঞা — জামায়াতে ইসলামী এবং তাহাদের সহযোগী রাজাকার, আলবদর, আলশামস বাহিনীর বিরুদ্ধে গণপ্রজাতন্ত্রী বাংলাদেশের স্বাধীনত
5. <local_government_1024_s105> [স্থানীয় সরকার (পৌরসভা) আইন, ২০০৯, ধারা ১০৫] বেতনাদি হইতে কর কর্তন — পৌরসভা যদি কোন পেশা, ব্যবসা অথবা বৃত্তির উপর করারোপ করিতে চায়, তাহা হইলে এইরূপ কর প্রদানের জন্য দায়ী ব্যক্তি
6. <other_1586_s23> [গুম প্রতিরোধ ও প্রতিকার অধ্যাদেশ, ২০২৫, ধারা ২৩] স্ত্রী বা সন্তান কর্তৃক গুম হওয়া ব্যক্তির সম্পত্তি ব্যবহারের অনুমতি — (১) গুম হওয়া ব্যক্তির দায় পরিশোধ, তাহার স্ত্রী বা তাহার উপর নির্ভরশীল পরিবারের সদস্যদের ভরণপোষণের বা অন্য কো
7. <other_1132_s5> [পিতা-মাতার ভরণ-পোষণ আইন, ২০১৩, ধারা ৫] পিতা-মাতার ভরণ-পোষণ না করিবার দণ্ড — (১) কোন সন্তান কর্তৃক ধারা ৩ এর যে কোন উপ-ধারার বিধান কিংবা ধারা ৪ এর বিধান লংঘন অপরাধ বলিয়া গণ্য হইবে এবং উক
8. <other_1429_s31> [আয়কর আইন, ২০২৩, ধারা ৩১] আয় একীভূতকরণ — (১) এই আইনে ভিন্নরূপ কিছু না থাকিলে, নিম্নবর্ণিত আয়সমূহ কোনো ব্যক্তির মোট আয়ের অন্তর্ভুক্ত হইবে, যথা:-(ক) উক
9. <local_government_827_s8_p1> [উপজেলা পরিষদ আইন, ১৯৯৮, ধারা ৮] বা ব্যক্তিবর্গের নামে বা তাঁহার সুবিধার্থে বা তাঁহার উপলক্ষে বা কোন হিন্দু যৌথ পরিবারের সদস্য হিসাবে তাঁহার কো
10. <other_1418_s21_p1> [বাংলাদেশ সুপ্রীম কোর্টের বিচারক (ছুটি, পেনশন, ধারা ২১] আনুতোষিক ও পারিবারিক পেনশন — পেনশন।(২) উপ-ধারা (৪) ও (৫) এর বিধানাবলি সাপেক্ষে, যদি-(ক) কোনো বিচারক, যাহার ক্ষেত্রে ধারা ১৪ এর দফা (ক) এর ব",other_214_s2,own_search,answered,1,Sorup
prot_0018_02,Sarwad,VERIFY,আমাদের ছেলেরা কি তার নানার সম্পত্তির কোনো অংশ পাবে?,"1. <other_788_s335_p0> [কোম্পানী আইন, ১৯৯৪, ধারা ৩৩৫] দণ্ড — (১) যে কোন পদ্ধতিতে কোম্পানীর অবলুপ্তি চলিতে থাকাকালে কোম্পানীর সাবেক বা বর্তমান কোন পরিচালক, ম্যানেজিং এজেন্ট
2. <land_1109_s15> [ওয়াক্‌ফ (সম্পত্তি হস্তান্তর ও উন্নয়ন) বিশেষ , ধারা ১৫] স্বীয় উদ্যোগে ওয়াক্‌ফ সম্পত্তির উন্নয়ন — কোন ওয়াক্ফ সম্পত্তি অংশীদারিত্বের ভিত্তিতে উন্নয়নের জন্য কোন রিয়েল এস্টট ডেভেলপার এ সাথে কোন চুক্তি না করিয
3. <other_1490_s22_p0> [অর্থ আইন, ২০২৪, ধারা ২২] ২০২৩ সনের ১২ নং আইনের অংশ ৫ এর তৃতীয় অধ্যায় এর প্রতিস্থাপন — উক্ত আইনের অংশ ৫ এর তৃতীয় অধ্যায় এর পরিবর্তে নিম্নরূপ তৃতীয় অধ্যায় প্রতিস্থাপিত হইবে, যথা:—“তৃতীয় অধ্যায়
4. <other_812_s59> [দেউলিয়া বিষয়ক আইন, ১৯৯৭, ধারা ৫৯] দেনাদারের সম্পত্তির ব্যাপারে ডিক্রী বাস্তবায়নকারী আদালতের কর্তব্য — যে ক্ষেত্রে কোন ডিক্রী বাস্তবায়ন প্রক্রিয়ায় দেনাদারের বিক্রয়যোগ্য সম্পত্তির বিরুদ্ধে ডিক্রী প্রদান করা হইয
5. <other_1429_s36> [আয়কর আইন, ২০২৩, ধারা ৩৬] ভাড়া হইতে আয় — (১) কোনো ব্যক্তির কোনো সম্পত্তির ভাড়া প্রদান হইতে অর্জিত মোট ভাড়ামূল্য হইতে এই অধ্যায়ে বর্ণিত সর্বমোট অনুমো
6. <criminal_procedure_765_s23> [রাজশাহী মহানগরী পুলিশ আইন, ১৯৯২, ধারা ২৩] বেওয়ারিশ সম্পত্তির দায়িত্ব গ্রহণ ও বিলিবন্টন — (১) নিম্নবর্ণিত জিনিসের সাময়িকভাবে দায়িত্ব গ্রহণ করা পুলিশ কর্মকর্তার কর্তব্য হইবে, যথা:-(ক) তাঁহার নজরে আসি
7. <criminal_procedure_1013_s23> [বরিশাল মহানগরী পুলিশ আইন, ২০০৯, ধারা ২৩] বেওয়ারিশ সম্পত্তির দায়িত্ব গ্রহণ ও বিলিবন্টন — (১) নিম্নবর্ণিত জিনিসের সাময়িকভাবে দায়িত্ব গ্রহণ করা পুলিশ কর্মকর্তার কর্তব্য হইবে, যথাঃ-(ক) তাহার নজরে আসিয
8. <criminal_procedure_1012_s23> [সিলেট মহানগরী পুলিশ আইন, ২০০৯, ধারা ২৩] বেওয়ারিশ সম্পত্তির দায়িত্ব গ্রহণ ও বিলিবন্টন — (১) নিম্নবর্ণিত জিনিসের সাময়িকভাবে দায়িত্ব গ্রহণ করা পুলিশ কর্মকর্তার কর্তব্য হইবে, যথাঃ-(ক) তাহার নজরে আসিয
9. <other_1246_s8> [ক্যান্টনমেন্ট আইন, ২০১৮, ধারা ৮] হস্তান্তরিত তহবিল ও সম্পত্তির প্রয়োগ — ধারা ৬ বা ধারা ৭ এর বিধানাবলির অধীন সরকারের নিকট ন্যস্ত ক্যান্টনমেন্ট বোর্ড তহবিল বা উহার অংশবিশেষ বা বোর্ডের 
10. <money_recovery_876_s69> [সমবায় সমিতি আইন, ২০০১, ধারা ৬৯] ক্রেতাকে সার্টিফিকেট প্রদান এবং সাব-রেজিস্ট্রার কর্তৃক অন্তর্ভুক্তকরণ — (১) এই অধ্যায়ের অধীনে কোন বিক্রয় চূড়ান্ত হইলে, নিবন্ধক একটি নির্দিষ্ট ফরমে বিক্রিত সম্পত্তির বর্ণনা করিয়া ",family_305_s4,own_search,answered,1,Sorup
prot_0020_01,Sarwad,VERIFY,"আমি স্নাতকোত্তর শেষ করে চাকরি খুঁজছি। পাশের বাসার এক নারী তাঁর স্বামী ও দুই সন্তানসহ থাকেন। প্রতিবেশী হিসেবে তাঁর বাসায় মাঝেমধ্যে যেতাম। সম্পর্কে তিনি আমার চাচি। তিনি একদিন বললেন, আমাকে নাকি পছন্দ করেন এবং তাঁর সঙ্গে শারীরিক সম্পর্কের প্রস্তাব দিলেন। আমি রাজি হয়ে যাই। একপর্যায়ে তিনি সন্তানসম্ভবা হয়ে পড়েন। তাঁকে সন্তান নষ্ট করার কথা বললেও তিনি তা করেননি। সেসব কথা তাঁর কাছে মুঠোফোনে রেকর্ড করা আছে। এ সম্পর্ক থেকে আমি বেরিয়ে আসতে চাইলেও তিনি রাজি হন না। বরং আমাকে বিয়ের জন্য চাপ দেন ও নানা হুমকি দেন। এখন তাঁর স্বামীও বিষয়টি জেনে ফেলে আমাকে ভয় দেখাচ্ছেন। আমার পক্ষে তাঁকে বিয়ে করা অসম্ভব। আমি জানতে চাই, ফোনের ওই রেকর্ড দিয়ে তিনি আমার কোনো ক্ষতি করতে পারবেন কিনা। তথ্যপ্রযুক্তি আইনে আমি তাঁর বিরুদ্ধে আইনি কোনো ব্যবস্থা নিতে পারব কিনা? কাজল রাজশাহী দৈহিক সম্পর্ক থাকুক বা না-থাকুক ফৌজদারি আইনে আপনাকে হেনস্তা করা সম্ভব। তিনি আপনার বিরুদ্ধে দণ্ডবিধি, নারী ও শিশু নির্যাতন দমন আইন ছাড়াও অন্যান্য ফৌজদারি বিধিতে মামলা করতে পারেন। তথ্যপ্রযুক্তি আইনে আপনার মামলা করার কোনো সুযোগ নেই। তবে আলোচনার মাধ্যমে আপনি এ ধরনের সম্পর্ক থেকে পরিত্রাণ পেতে পারেন","1. <women_children_1119_s16> [শিশু আইন, ২০১৩, ধারা ১৬] (১) আইনের সহিত সংঘাত জড়িত শিশু কর্তৃক সংঘটিত যে কোনো অপরাধের বিচার করিবার জন্য, প্রত্যেক জেলা সদরে শিশু-আদালত
2. <women_children_835_s35> [নারী ও শিশু নির্যাতন দমন আইন, ২০০০, ধারা ৩৫] (১) এই আইনে যাহা কিছু থাকুক না কেন,নারী ও শিশু নির্যাতন দমন (সংশোধন) অধ্যাদেশ, ২০২৫বলবৎ হওয়ার তারিখ হইতে ধারা
3. <women_children_835_s34> [নারী ও শিশু নির্যাতন দমন আইন, ২০০০, ধারা ৩৪] ১৯৯৫ সনের ১৮ নং আইনের রহিতকরণ ও হেফাজত — (১) নারী ও শিশু নির্যাতন (বিশেষ বিধান) আইন, ১৯৯৫ (১৯৯৫ সনের ১৮ নং আইন), অতঃপর উক্ত আইন বলিয়া উল্লিখিত, এতদ্বা
4. <cybercrime_1710_s2_p11> [সাইবার সুরক্ষা আইন, ২০২৬, ধারা ২] সংজ্ঞা — দ্বারা কোন ব্যক্তির অন্তরঙ্গ অথবা ব্যক্তিগত ছবি, ভিডিও সংরক্ষণ বা সংরক্ষনের দাবি করিবার মাধ্যমে তাহা প্রকাশ কর
5. <women_children_1063_s2> [পারিবারিক সহিংসতা (প্রতিরোধ ও সুরক্ষা) আইন, , ধারা ২] সংজ্ঞা — - বিষয় বা প্রসঙ্গের পরিপন্থী কিছু না থাকিলে, এই আইনে-(১)""অর্ন্তব র্তীকালীন সুরক্ষা আদেশ""অর্থ ধারা ১৩ এর অধীন 
6. <labour_952_s195_p0> [বাংলাদেশ শ্রম আইন, ২০০৬, ধারা ১৯৫] মালিকের পক্ষে অসৎ শ্রম আচরণ — 147[ (১)] কোন মালিক অথবা মালিকগণের ট্রেড ইউনিয়ন অথবা তাহাদের পক্ষে ভারপ্রাপ্ত কোন ব্যক্তি-(ক) কোন চাকুরী চুক্
7. <criminal_procedure_1239_s108> [রংপুর মহানগরী পুলিশ আইন, ২০১৮, ধারা ১০৮] পুলিশ অফিসারের বিরুদ্ধে আইনগত ব্যবস্থা গ্রহণ — আপাতত বলবৎ অন্য কোনো আইনে যাহা কিছুই থাকুক না কেন, এই আইন, বিধি, প্রবিধান বা তদধীন প্রদত্ত কোনো আদেশের অধীন কো
8. <criminal_procedure_1238_s108> [গাজীপুর মহানগরী পুলিশ আইন, ২০১৮, ধারা ১০৮] পুলিশ অফিসারের বিরুদ্ধে আইনগত ব্যবস্থা গ্রহণ — আপাতত বলবৎ অন্য কোনো আইনে যাহা কিছুই থাকুক না কেন, এই আইন, বিধি, প্রবিধান বা তদধীন প্রদত্ত কোনো আদেশের অধীন কো
9. <women_children_1063_s3> [পারিবারিক সহিংসতা (প্রতিরোধ ও সুরক্ষা) আইন, , ধারা ৩] পারিবারিক সহিংসতা — - এই আইনের উদ্দেশ্য পূরণকল্পে পারিবারিক সহিংসতা বলিতে পারিবারিক সম্পর্ক রহিয়াছে এমন কোন ব্যক্তি কতৃর্ক পরিবার
10. <women_children_835_s20> [নারী ও শিশু নির্যাতন দমন আইন, ২০০০, ধারা ২০] বিচার পদ্ধতি — 57[(১) ধারা ৩৫ এর বিধান সাপেক্ষে এই আইনের অধীন কোন অপরাধের বিচার ধারা ২৬ বা, ক্ষেত্রমত, ধারা ২৬ক এর অধীন গঠিত ",criminal_procedure_11_s497,own_search,answered,1,Sorup
prot_0104_01,Sarwad,VERIFY,"মৃত সুবোধ চন্দ্র দেব তাঁর ত্যাজ্য বিত্তে বা সম্পত্তিতে উত্তরাধিকার সূত্রে দুই সন্তান নৃপেন্দ্র চন্দ্র দেব ও কৃপেশ চন্দ্র দেব মালিকসূত্রে উত্তরাধিকারী হন। তাঁদের অবর্তমানে ওই সম্পত্তিতে উত্তরাধিকার সূত্রে সুবোধ চন্দ্র দেবের একমাত্র ভাগনে রাজেন্দ্র চন্দ্র দেব মালিক হবেন। পরবর্তী সময়ে রাজেন্দ্র চন্দ্র দেব মারা গেলে তাঁর একমাত্র পুত্রের ওপর মালিকানা বর্তায়। ‘ক’ তালিকাভুক্ত অর্পিত সম্পত্তি ভারতবাসী নৃপেন্দ্র চন্দ্র দেব ও কৃপেশ চন্দ্র দেবের সব ত্যাজ্য বিত্তে বাংলাদেশে বসবাসকারী মৃত রাজেন্দ্র চন্দ্র দেবের পুত্র উত্তরাধিকারী হিসেবে দাবি করতে পারবেন।২. যদি আমার পিতা তাঁদের ‘উত্তরাধিকারী’ বা ‘উত্তরাধিকারীর স্বার্থাধিকারী’ হতে পারেন, তবে আমার পিতার একমাত্র উত্তরাধিকারী হিসেবে আমি এই সম্পত্তির দাবিদার হতে পারি কি না?","1. <land_856_s2_p2> [অর্পিত সম্পত্তি প্রত্যর্পণ আইন, ২০০১, ধারা ২] সংজ্ঞা — সম্পত্তি হিসাবে তালিকাভুক্ত হইয়াছে সেই মূল মালিক বা তাহার উত্তরাধিকারী, বা উক্ত মূল মালিক বা উত্তরাধিকারীর স্
2. <other_788_s239> [কোম্পানী আইন, ১৯৯৪, ধারা ২৩৯] প্রদায়কের উত্তরাধিকারী ইত্যাদির দায়-দায়িত্ব — (১) প্রদায়কের তালিকায় নাম লিপিবদ্ধ হওয়ার পূর্বে বা পরে কোন প্রদায়কের মৃত্যু ঘটিলে, তাহার আইনানুগ প্রতিনিধি
3. <labour_952_s131> [বাংলাদেশ শ্রম আইন, ২০০৬, ধারা ১৩১] (১) এই অধ্যায়ের অন্যান্য বিধান সাপেক্ষে, কোনো শ্রমিককে মজুরি হিসাবে প্রদেয় সকল অর্থ তাহার মৃত্যুজনিত কারণে অ
4. <other_1347_s10> [সামুদ্রিক মৎস্য (Marine Fisheries) আইন, ২০২০, ধারা ১০] লাইসেন্স হস্তান্তর নিষিদ্ধ, ইত্যাদি — লাইসেন্স হস্তান্তরযোগ্য বা বিক্রয়যোগ্য হইবে না :তবে শর্ত থাকে যে, ব্যক্তিমালিকানার ক্ষেত্রে লাইসেন্স গ্রহীতার
5. <other_1413_s14> [সরকারি ঋণ আইন, ২০২২, ধারা ১৪] ধারক মৃত্যুবরণ করিলে প্রযোজ্য বিধান — (১) এই ধারার অন্যান্য বিধানসাপেক্ষে, সরকারি সিকিউরিটি বা জাতীয় সঞ্চয় স্কীমের আওতায় ইস্যুকৃত সার্টিফিকেটের ধ
6. <consumer_1010_s92> [ট্রেডমার্ক আইন, ২০০৯, ধারা ৯২] মামলার কোন পক্ষের মৃত্যু — যদি এই আইনের অধীন কোন কার্যধারা বিচারাধীন থাকা অবস্থায় কোন পক্ষ মারা যান, তাহা হইলে নিবন্ধক সংশ্লিষ্ট কোন পক্
7. <land_856_s6> [অর্পিত সম্পত্তি প্রত্যর্পণ আইন, ২০০১, ধারা ৬] কতিপয় সম্পত্তি 1 [প্রত্যর্পণযোগ্য সম্পত্তির তালিকায়] অন্তর্ভুক্তি নিষিদ্ধ — 13[প্রত্যর্পণযোগ্য সম্পত্তির তালিকায়] নিম্নবর্ণিত সম্পত্তি অন্তর্ভুক্ত করা যাইবে না, যথা:-(ক) কোন সম্পত্তি অর
8. <other_812_s60> [দেউলিয়া বিষয়ক আইন, ১৯৯৭, ধারা ৬০] কতিপয় হস্তান্তর রহিতকরণ — (১) দেউলিয়া ঘোষণাদেশ প্রদান তারিখের অব্যবহিত পূর্ববর্তী ১৫ (পনর) বত্সরের মধ্যে সম্পাদিত দেনাদারের কোন সম্পত্ত
9. <other_1429_s190> [আয়কর আইন, ২০২৩, ধারা ১৯০] মৃত্যু ব্যতীত অন্য কোনোভাবে উত্তরাধীকারসূত্রে প্রাপ্ত ব্যবসায়ের কর নির্ধারণ — (১) যেইক্ষেত্রে কোনো আয়বর্ষে মৃত্যু ব্যতীত অন্য কোনোভাবে কোনো ব্যক্তি অন্য কোনো ব্যক্তির কোনো ব্যবসায়ের উত্ত
10. <labour_1285_s2_p2> [বাংলাদেশ ইপিজেড শ্রম আইন, ২০১৯, ধারা ২] সংজ্ঞা — সময়ে দুই বা ততোধিক শ্রমিক দ্বারা সম্পাদিত হয় সেই ক্ষেত্রে উক্তরূপ প্রত্যেক সময়;(25)‘‘পোষ্য’’ অর্থ কোনো মৃত ","land_856_s10_p0, land_856_s2_p2",own_search,answered,2,Sorup
ajke_0199_01,Sarwad,VERIFY,আমি দেশের বাইরে পড়তে যেতে চাই। ছোট বোনের লেখাপড়া বাকি। আমরা চাইলেও আমাদের বাবার বাড়িতে যেতে পারছি না। বাবার নামের জমিজমা থেকে কোনো ফসলও আমাদের দেওয়া হয় না। জমি কিংবা বাড়ির জন্য কীভাবে আমরা আইনি সহায়তা পেতে পারি?,"1. <other_1483_s7> [পরিত্যক্ত বাড়ি (সম্পূরক বিধানাবলি) আইন, ২০২৩, ধারা ৭] মামলা দায়েরে নিষেধাজ্ঞা, ইত্যাদি — (১) রাষ্ট্রপতির ১৯৭২ সনের ১৬ নং আদেশ বা এই আইনের অধীন কৃত, গৃহীত বা চলমান কোনো কার্যক্রম, সিদ্ধান্ত বা জারীকৃত
2. <criminal_procedure_765_s87> [রাজশাহী মহানগরী পুলিশ আইন, ১৯৯২, ধারা ৮৭] ইচ্ছাকৃতভাবে অনধিকার প্রবেশের দণ্ড — কোন ব্যক্তি সন্তোষজনক কারণ ছাড়া কোন বসত বাড়িতে বা উহার প্রাংগণে বা উহার সংলগ্ন জমিতে বা মাঠে অথবা সরকারী জমি
3. <other_817_s3_p2> [বিমান-নিরাপত্তা বিরোধী অপরাধ দমন আইন, ১৯৯৭, ধারা ৩] বিমান-অধিনায়কের ক্ষমতা ও দায়িত্ব — দেশের এখতিয়ার সম্পন্ন বা যথাযথ কর্তৃপক্ষকে;(খ) সমর্পণের ক্ষেত্রে, টোকিও কনভেনশনভুক্ত যে দেশে সমর্পণ করা হইবে 
4. <labour_1285_s49> [বাংলাদেশ ইপিজেড শ্রম আইন, ২০১৯, ধারা ৪৯] নোটিশ এবং রেজিস্টারের সহিত কর্মঘণ্টার মিল থাকা — ধারা ৪৮ (১) এর অধীন নোটিশ এবং ধারা ৮ এর অধীন রক্ষিত রেজিস্টারে কোনো শ্রমিকের নামের বিপরীতে পূর্ব লিপিবদ্ধ বিবর
5. <other_1684_s58> [মানব পাচার ও অভিবাসী চোরাচালান প্রতিরোধ ও দম, ধারা ৫৮] মানব পাচার ও অভিবাসী চোরাচালান দমন ও প্রতিরোধে যৌথ বা পারস্পরিক আইনি সহায়তা এবং সহযোগিতা — (১) এই আইনের অধীন সংঘটিত অপরাধের তদন্ত, বিচার এবং বিচারিক কার্যধারায় যৌথ বা পারস্পরিক আইনি সহায়তার ক্ষেত্র ত
6. <labour_952_s113> [বাংলাদেশ শ্রম আইন, ২০০৬, ধারা ১১৩] নোটিশ এবং রেজিস্টারের সহিত কর্মঘণ্টার মিল থাকা — ধারা ১১১ (১) এর অধীন নোটিশ এবং ধারা ৯ এর অধীন রৰিত রেজিস্টারে কোন প্রাপ্তবয়স্ক শ্রমিকের নামের বিপরীতে পূর্ব ল
7. <other_817_s5> [বিমান-নিরাপত্তা বিরোধী অপরাধ দমন আইন, ১৯৯৭, ধারা ৫] কোন আরোহীকে বিমান হইতে নামাইয়া দেওয়া ইত্যাদি ক্ষেত্রে যথাযথ কর্তৃপক্ষের দায়িত্ব — (১) কোন আরোহীকে ধারা ৩ এর উপ-ধারা (৫) এর অধীনে কোন বিমান হইতে বাংলাদেশে নামাইয়া দেওয়া বা সমর্পণ করা হইলে, যথ
8. <other_724_s64> [রাংগামাটি পার্বত্য জেলা পরিষদ আইন, ১৯৮৯, ধারা ৬৪] (১) আপাততঃ বলবত্ অন্য কোন আইনে যাহা কিছুই থাকুক না কেন-(ক) রাংগামাটি পার্বত্য জেলার এলাকাধীন বন্দোবস্তযোগ্য খা
9. <other_725_s64> [খাগড়াছড়ি পার্বত্য জেলা পরিষদ আইন, ১৯৮৯, ধারা ৬৪] (১) আপাততঃ বলবত্ অন্য কোন আইনে যাহা কিছুই থাকুক না কেন-(ক) খাগড়াছড়ি পার্বত্য জেলার এলাকাধীন বন্দোবস্তযোগ্য খ
10. <other_726_s64> [বান্দরবান পার্বত্য জেলা পরিষদ আইন, ১৯৮৯, ধারা ৬৪] (১) আপাততঃ বলবত্ অন্য কোন আইনে যাহা কিছুই থাকুক না কেন-(ক) বান্দরবন পার্বত্য জেলার এলাকাধীন বন্দোবস্তযোগ্য খাস",none,none,not_found,1,Sorup
prot_0052_01,Sarwad,VERIFY,"আমার বয়স ২৮ বছর। আট বছর ধরে একটা মেয়ের সঙ্গে আমার সম্পর্ক ছিল। তার বয়স এখন ২৩ বছর। সে আমার ভাবির বড় বোনের মেয়ে। বছর তিনেক আগে আমরা পরস্পরকে স্বামী-স্ত্রী হিসেবে গ্রহণ করি। এর কোনো সাক্ষী কিংবা কাগজপত্র নেই। এর পর থেকে আমরা স্বামী-স্ত্রীর মতো সময় কাটাই। তার কথামতো আমি সবাইকে জানাই, আমরা বিয়ে করেছি। সবাই জানে, আমরা স্বামী-স্ত্রী। চার মাস আগে তার নানিবাড়ির সবাই মিলে জোর করে তালাকের কাগজে সই নেয় এবং আমার গ্রামের বাড়িতে উকিল নোটিশ পাঠায়। উল্লেখ্য, আমি চার মাস পর একটি উকিল নোটিশ পেয়েছি। কিছুদিন আগে সবকিছু গোপন করে তাকে অন্যত্র বিয়ে দেওয়া হয়। আমাদের এই বিয়েতে আইন অনুযায়ী কোনো বাধা ছিল কি? আমাদের সম্পর্ককে কি বিয়ের সম্পর্ক বলা যায়? যদি ‘হ্যাঁ’ হয়, তাহলে এভাবে কি ডিভোর্স সম্ভব? সবকিছু গোপন করে তাকে বিয়ে দেওয়া হয়েছে, তা কি বৈধ?","1. <labour_1285_s24> [বাংলাদেশ ইপিজেড শ্রম আইন, ২০১৯, ধারা ২৪] চাকরি হইতে অবসর গ্রহণ — (১) এই অধ্যায়ের অন্যত্র যাহা কিছুই উল্লে­খ থাকুক না কেন, কোনো প্রতিষ্ঠানে নিয়োজিত কোনো শ্রমিকের বয়স ৬০ (ষাট
2. <other_1266_s2_p2> [বাংলাদেশ মুক্তিযোদ্ধা কল্যাণ ট্রাস্ট আইন, ২০, ধারা ২] সংজ্ঞা — জামায়াতে ইসলামী এবং তাহাদের সহযোগী রাজাকার, আলবদর, আলশামস বাহিনীর বিরুদ্ধে গণপ্রজাতন্ত্রী বাংলাদেশের স্বাধীনত
3. <labour_1285_s2_p1> [বাংলাদেশ ইপিজেড শ্রম আইন, ২০১৯, ধারা ২] সংজ্ঞা — (১৯৯৪ সনের ১৮ নং আইন) এর অধীন নিবন্ধিত কোনো কোম্পানি, যাহার অধীন কোনোজোনেএক বা একাধিক শিল্প প্রতিষ্ঠান রহিয়াছ
4. <other_1429_s31> [আয়কর আইন, ২০২৩, ধারা ৩১] আয় একীভূতকরণ — (১) এই আইনে ভিন্নরূপ কিছু না থাকিলে, নিম্নবর্ণিত আয়সমূহ কোনো ব্যক্তির মোট আয়ের অন্তর্ভুক্ত হইবে, যথা:-(ক) উক
5. <other_822_s10> [পার্বত্য চট্টগ্রাম আঞ্চলিক পরিষদ আইন, ১৯৯৮, ধারা ১০] সম্পত্তি সম্পর্কিত ঘোষণা — চেয়ারম্যান ও প্রত্যেক সদস্য তাহার কার্যভার গ্রহণের পূর্বে তাহার এবং তাঁহার পরিবারের কোন সদস্যের স্বত্ব, দখল ব
6. <local_government_1027_s41> [স্থানীয় সরকার (ইউনিয়ন পরিষদ) আইন, ২০০৯, ধারা ৪১] সম্পত্তি সম্পর্কিত ঘোষণা — চেয়ারম্যান ও সদস্য তাঁহার কার্যভার গ্রহণের পূর্বে তাঁহার এবং তাঁহার পরিবারের কোন সদস্যের স্বত্ব, দখল বা স্বার
7. <local_government_827_s10> [উপজেলা পরিষদ আইন, ১৯৯৮, ধারা ১০] সম্পত্তি সম্পর্কিত ঘোষণা — 14[চেয়ারম্যান ও ভাইস চেয়ারম্যান ] তাঁহার কার্যভার গ্রহণের পূর্বে তাঁহার এবং তাঁহার পরিবারের কোন সদস্যের স্বত
8. <other_1485_s9> [বাংলাদেশ পুলিশ কল্যাণ তহবিল আইন, ২০২৩, ধারা ৯] মৃত্যু এবং অক্ষমতাজনিত কারণে এককালীন এবং মাসিক কল্যাণ অনুদান — (১) কোনো কর্মচারী বা তাহার মৃত্যু হইলে তাহার স্ত্রী বা, ক্ষেত্রমত, স্বামী, বিধি দ্বারা নির্ধারিত পদ্ধতিতে, নিম
9. <other_775_s26> [বাংলাদেশ সিকিউরিটিজ অ্যান্ড এক্সচেঞ্জ কমিশন , ধারা ২৬] জটিলতার নিরসনের ক্ষমতা — (১) এই আইনের বিধানাবলী কার্যকর করার ক্ষেত্রে কোন অসুবিধা দেখা দিলে সরকার উক্ত অসুবিধা দূরীকরণার্থে, আদেশ দ্বার
10. <other_813_s20> [বাংলাদেশ কমার্স এন্ড ইনভেষ্টমেন্ট লিমিটেড (প, ধারা ২০] জটিলতা নিরসনের ক্ষমতা — (১) এই আইনের বিধানাবলী কার্যকর করার ক্ষেত্রে কোন অসুবিধা দেখা দিলে সরকার উক্ত অসুবিধা দূরীকরণার্থে, আদেশ দ্বার","family_476_s3, criminal_procedure_11_s494",own_search,answered,1,Sorup
prot_0055_04,Sarwad,VERIFY,"আমার বাবার দুই ভাই এক বোন। বোন সবার বড়। বাবা তাঁর বড় বোনের স্বামীর কাছ থেকে ২০ বছর আগে ৫০ কাঠা জমি ৪০ হাজার টাকায় কিনেছিলেন। তা অবশ্য কিনেছিল বিশ্বাসের ওপর ভিত্তি করে। কিন্তু কোনো কাগজে লিখিত হয়নি বা কোনো ডিড সম্পাদন করা হয়নি। আমাদের কাছে প্রমাণ বলতে ফুফুর হাতে লেখা তিনটি চিঠি রেখেছি। সেই চিঠিতে এমন লেখা আছে যে তুমি আমার কাছ থেকে ৪০ হাজার টাকা দিয়ে জমিটি ক্রয় করো, পরে সময় করে এসে তোমাকে জমি লিখে দেব। কিন্তু বাবার বড় বোনের স্বামী কাউকে কিছু না বলে সেই জমিটি আমার ছোট চাচার কাছে নামমাত্র মূল্যে বিক্রি করে দিয়েছেন। ছোট চাচা সেই জমি বিক্রির জন্য পাঁয়তারা করছেন। এ অবস্থায় আমরা কি মামলা বা আইনের আশ্রয় নিতে পারি?মো. প্রিন্স হায়দারঢাকা","1. <other_1266_s2_p3> [বাংলাদেশ মুক্তিযোদ্ধা কল্যাণ ট্রাস্ট আইন, ২০, ধারা ২] সংজ্ঞা — বা স্বামী এবং পিতা-মাতার অবর্তমানে খেতাবপ্রাপ্ত বীর মুক্তিযোদ্ধার সন্তান; বা(উ) (অ)-(ঈ) পর্যন্ত বর্ণিত ব্যক্তি
2. <other_721_s2> [বাংলাদেশ ঋণ সালিসি আইন, ১৯৮৯, ধারা ২] সংজ্ঞা — বিষয় বা প্রসংগের পরিপন্থী কোন কিছু না থাকিলে, এই আইনে,-(ক) “কৃষক” অর্থ এমন ব্যক্তি যিনি নিজের জমি ব্যক্তিগতভা
3. <other_1158_s25> [ফরমালিন নিয়ন্ত্রণ আইন, ২০১৫, ধারা ২৫] অপরাধ সংঘটনে গৃহ বা যানবাহন, ইত্যাদি ব্যবহার করিতে দেওয়ার দণ্ড — কোন ব্যক্তি যদি জ্ঞাতসারে এই আইনের অধীন কোন অপরাধ সংঘটনের জন্য তাহার মালিকানাধীন বা দখলীয় কোন বাড়ি-ঘর, জায়গ
4. <criminal_procedure_1239_s87> [রংপুর মহানগরী পুলিশ আইন, ২০১৮, ধারা ৮৭] সূর্যাস্ত হইতে সূর্যোদয় পর্যন্ত সময়ের মধ্যে সন্দেহজনক চলাফেরার দণ্ড — কোনো ব্যক্তিকে সূর্যাস্ত ও সূর্যোদয়ের মধ্যবর্তী সময়ে সন্তোষজনক কারণ ব্যতীত নিম্নবর্ণিত অবস্থায় পাওয়া গেলে,
5. <criminal_procedure_1238_s87> [গাজীপুর মহানগরী পুলিশ আইন, ২০১৮, ধারা ৮৭] সূর্যাস্ত হইতে সূর্যোদয় পর্যন্ত সময়ের মধ্যে সন্দেহজনক চলাফেরার দণ্ড — কোনো ব্যক্তিকে সূর্যাস্ত ও সূর্যোদয়ের মধ্যবর্তী সময়ে সন্তোষজনক কারণ ব্যতীত নিম্নবর্ণিত অবস্থায় পাওয়া গেলে,
6. <criminal_procedure_1239_s95> [রংপুর মহানগরী পুলিশ আইন, ২০১৮, ধারা ৯৫] প্রবেশ টিকেট অতিরিক্ত মূল্যে বিক্রয়ের দণ্ড — কোনো ব্যক্তি জনসাধারণের প্রমোদাগারের বিক্রিত টিকেট যে মূল্যে ক্রয় করিয়াছেন, উহার অধিক মূল্যে বিক্রয় বা বিক্
7. <criminal_procedure_1238_s95> [গাজীপুর মহানগরী পুলিশ আইন, ২০১৮, ধারা ৯৫] প্রবেশ টিকেট অতিরিক্ত মূল্যে বিক্রয়ের দণ্ড — কোনো ব্যক্তি জনসাধারণের প্রমোদাগারের বিক্রিত টিকেট যে মূল্যে ক্রয় করিয়াছেন, উহার অধিক মূল্যে বিক্রয় করিলে ব
8. <other_721_s7> [বাংলাদেশ ঋণ সালিসি আইন, ১৯৮৯, ধারা ৭] কতিপয় বিক্রয় বাতিল — (১) এই আইন বলবত্ হইবার পর অনধিক দুই একর কৃষি জমির মালিক কোন কৃষক প্রাকৃতিক দুর্যোগে তগতিগ্রস্ত হওয়ার বা জীবন 
9. <other_1682_s2_p0> [মানবদেহে অঙ্গ-প্রত্যঙ্গ সংযোজন আইন, ২০২৬, ধারা ২] সংজ্ঞা — বিষয় বা প্রসঙ্গের পরিপন্থি কোনো কিছু না থাকিলে, এই আইনে- (১) “অঙ্গ-প্রত্যঙ্গ” অর্থ মানবদেহের কিডনি, হৃৎপিণ্ড,
10. <other_715_s2> [নির্দিষ্টকরণ (অগ্রিম মঞ্জুরী দান) আইন, ১৯৮৮, ধারা ২] ১৯৮৮-৮৯ অর্থ বত্সরের কিছু অংশের জন্য সংযুক্ত তহবিল হইতে ২৭৪৩,১৮,৪০,০০০ টাকা অগ্রিম উত্তোলন — তফসিলের কলাম ২ এ বর্ণিত কার্যসমূহ নির্বাহ ও উদ্দেশ্যসমূহ পূরণকল্পে ১৯৮৮-৮৯ অর্থ বত্সরের কিছু অংশের ব্যয় বহনের","other_48_s54, other_36_s12_p0",own_search,answered,2,Sorup
ajke_0193_01,Sarwad,VERIFY,আমরা তখন ছোট ছিলাম। তাই বাবা মারা যাওয়ার আগে প্রথম সংসারের বড় ছেলেকে বলে যান আমাদের দেখাশোনা করতে। তখন থেকে তিনি আমাদের খোঁজখবর রাখতেন। চাচাদের সঙ্গে কথা বলার পর ওই পক্ষের দুই ভাই আমাদের সম্পত্তির ভাগ দিতে নারাজ। আমরা এখন কীভাবে আইনি সহায়তা পেতে পারি?,"1. <consumer_1010_s92> [ট্রেডমার্ক আইন, ২০০৯, ধারা ৯২] মামলার কোন পক্ষের মৃত্যু — যদি এই আইনের অধীন কোন কার্যধারা বিচারাধীন থাকা অবস্থায় কোন পক্ষ মারা যান, তাহা হইলে নিবন্ধক সংশ্লিষ্ট কোন পক্
2. <labour_952_s157> [বাংলাদেশ শ্রম আইন, ২০০৬, ধারা ১৫৭] নোটিশ ও দাবী — (১) কোন শ্রম আদালত ৰতিপূরণের কোন দাবী বিবেচনায় আনিবে না যদি না দুর্ঘটনা ঘটিবার পর যতশীঘ্র সম্ভব এতদ্নিম্নে বর
3. <other_1156_s25> [মেট্রোরেল আইন, ২০১৫, ধারা ২৫] ক্ষতিপূরণ প্রদান — মেট্রোরেল পরিচালনাকালে উহা হইতে উদ্ভূত দুর্ঘটনার ফলে যদি কোন ব্যক্তি আঘাতপ্রাপ্ত বা ক্ষতিগ্রস্ত হন বা আঘাতপ্রা
4. <other_1201_s27> [বাস র‍্যাপিড ট্রানজিট (বিআরটি) আইন, ২০১৬, ধারা ২৭] ক্ষতিপূরণ প্রদান — বিআরটি পরিচালনাকালে উহা হইতে উদ্ভূত দুর্ঘটনার ফলে যদি কোনো ব্যক্তি আঘাতপ্রাপ্ত বা ক্ষতিগ্রস্ত হন বা আঘাতপ্রাপ্
5. <labour_952_s160_p1> [বাংলাদেশ শ্রম আইন, ২০০৬, ধারা ১৬০] চিকিৎসা পরীক্ষা — অস্বীকৃতির ৰেত্রে, নিজেকে উক্তরূপ হাজির করার ব্যাপারে তিনি পর্যাপ্ত কারণ দ্বারা বাধাপ্রাপ্ত হইয়া থাকেন।(৬) যদ
6. <cybercrime_1710_s18> [সাইবার সুরক্ষা আইন, ২০২৬, ধারা ১৮] কম্পিউটার, ডিজিটাল ডিভাইস, কম্পিউটার সিস্টেম ইত্যাদিতে বে-আইনি প্রবেশ ও দণ্ড — (১) যদি কোনো ব্যক্তি ইচ্ছাকৃতভাবে— (ক) কোনো কম্পিউটার, ডিজিটাল ডিভাইস, কম্পিউটার সিস্টেম, কম্পিউটার নেটওয়ার্ক
7. <other_882_s18> [এসিড নিয়ন্ত্রণ আইন, ২০০২, ধারা ১৮] এসিড বিক্রয়ের দোকান বা এসিড বহনকারী যান চলাচল সাময়িকভাবে বন্ধ ঘোষণা করার ক্ষমতা — সরকারের নিকট হইতে এতদুদ্দেশ্যে ক্ষমতাপ্রাপ্ত কর্মকর্তা যদি এই মর্মে সন্তুষ্ট হন যে, কোন এসিড বিক্রয়ের দোকান ব
8. <labour_952_s214_p2> [বাংলাদেশ শ্রম আইন, ২০০৬, ধারা ২১৪] শ্রম আদালত — শ্রম আদালতের কোন কাজ, কার্যধারা সিদ্ধান্ত অথবা রোয়েদাদ কেবলমাত্র উক্তরূপ অনুপস্থিতির কারণে অথবা শ্রম আদালতের 
9. <other_850_s15> [সালিস আইন, ২০০১, ধারা ১৫] সালিসকারীর কর্তৃত্বের অবসান — (১) সালিসকারীর কর্তৃত্বের অবসান হইবে, যদি-(ক) তিনি স্বীয় পদ হইতে নিজকে প্রত্যাহার করিয়া নেন;(খ) তিনি মারা যা
10. <other_788_s174> [কোম্পানী আইন, ১৯৯৪, ধারা ১৭৪] বন্ধক-বহি — (১) প্রত্যেক কোম্পানী উহার নিবন্ধিকৃত কার্যালয়ে একটি বন্ধক-বহি রাখিবে এবং উহাতে কোম্পানীর সম্পত্তির সহিত সম্প",other_173_s2,own_search,answered,1,Sorup
prot_0085_04,Sarwad,VERIFY,"আমার বয়স ১৬। আমরা দুই ভাই এক বোন। আমার বাবা দুটি বিয়ে করেছেন। আমার মা তাঁর দ্বিতীয় স্ত্রী। আমি আমার মায়ের প্রথম সন্তান। আমার মায়ের কাছে শোনা—আমার জন্মের পর আমার বাবা তাঁর সব সম্পত্তি প্রথম স্ত্রীর নামে হেবা দলিল করে দিয়েছেন। এখন আমার বাবার নামে কোনো সম্পত্তি নেই। আমার বাবাকে মা আমাদের সম্পত্তির কথা বললে তিনি বলেন, ‘আমার কাছ থেকে কিছু পাওয়ার আশা করো না। আমার কাছ থেকে খাওয়া-পরা ছাড়া আর কিছুই পাবে না।’ আমরা কি বাবার কোনো সম্পত্তিই পাব না? বাবার মৃত্যুর পর কি কোনো সম্পত্তি পাওয়ার সম্ভাবনা আছে? বা আমার জন্মের পর যে হেবা দলিল করা হয়েছে, তার কি কোনো মূল্য থাকবে আমার বাবার মৃত্যুর পর?","1. <other_1104_s2> [পাওয়ার অব অ্যাটর্নি আইন, ২০১২, ধারা ২] সংজ্ঞা — বিষয় বা প্রসংগের পরিপন্থী কোন কিছু না থাকিলে, এই আইনে,-(১) “পাওয়ার অব অ্যাটর্নি” অর্থ এমন কোন দলিল যাহার মাধ
2. <labour_1285_s33> [বাংলাদেশ ইপিজেড শ্রম আইন, ২০১৯, ধারা ৩৩] মহিলা শ্রমিকের মৃত্যুর ক্ষেত্রে প্রসূতি কল্যাণ সুবিধা প্রদান — (১) এই অধ্যায়ের অধীন প্রসূতি কল্যাণ সুবিধা পাইবার অধিকারী কোনো মহিলা শ্রমিক সন্তান প্রসবকালে অথবা উহার পরবর্ত
3. <other_812_s32> [দেউলিয়া বিষয়ক আইন, ১৯৯৭, ধারা ৩২] অব্যাহতিপ্রাপ্ত সম্পত্তি — এই আইনের অন্য কোন বিধানে যাহা কিছুই থাকুক না কেন, একক দেনাদারের নিম্্নবর্ণিত সম্পত্তির দখল ২৩ ধারার অধীনে গ্রহ
4. <other_1124_s2> [মাতৃদুগ্ধ বিকল্প, শিশু খাদ্য, বাণিজ্যিকভাবে , ধারা ২] সংজ্ঞা — বিষয় বা প্রসঙ্গের পরিপন্থী কোন কিছু না থাকিলে, এই আইনে,-(ক) ‘‘জাতীয় উপদেষ্টা কমিটি’’ অর্থ ধারা ৮ এর অধীন গঠি
5. <other_1266_s2_p3> [বাংলাদেশ মুক্তিযোদ্ধা কল্যাণ ট্রাস্ট আইন, ২০, ধারা ২] সংজ্ঞা — বা স্বামী এবং পিতা-মাতার অবর্তমানে খেতাবপ্রাপ্ত বীর মুক্তিযোদ্ধার সন্তান; বা(উ) (অ)-(ঈ) পর্যন্ত বর্ণিত ব্যক্তি
6. <other_1124_s7> [মাতৃদুগ্ধ বিকল্প, শিশু খাদ্য, বাণিজ্যিকভাবে , ধারা ৭] শিক্ষামূলক বা অন্যান্য তথ্যাদি — জন্ম-পূর্ববর্তী বা জন্ম-পরবর্তী সেবা দানের উদ্দেশ্যে কোন গর্ভবতী মহিলা বা মাতৃদুগ্ধদানকারী বা শিশুর মায়েদের স
7. <labour_952_s49> [বাংলাদেশ শ্রম আইন, ২০০৬, ধারা ৪৯] 1 [***] মৃত্যুর ক্ষেত্রে প্রসূতি কল্যাণ সুবিধা প্রদান — (১) এই অধ্যায়ের অধীন প্রসূতি কল্যাণ সুবিধা পাওয়ার অধিকারী কোন মহিলা সন্ত্মান প্রসবকালে অথবা উহার পরবর্তী আট 
8. <other_1478_s45> [ফাইন্যান্স কোম্পানি আইন, ২০২৩, ধারা ৪৫] লাইসেন্সবিহীন অর্থায়ন ব্যবসায় জড়িত ব্যক্তির সম্পদের নিয়ন্ত্রণ — (১) ধারা ৪৪ এ যাহা কিছুই থাকুক না কেন, কোনো ব্যক্তি সম্পর্কে ধারা ৪৩ অনুযায়ী কোনো ঘোষণা প্রকাশিত হইলে উক্ত ব্
9. <other_1104_s6> [পাওয়ার অব অ্যাটর্নি আইন, ২০১২, ধারা ৬] পাওয়ার অব অ্যাটর্নি সম্পাদন — (১) রেজিস্ট্রেশন আইনে যাহা কিছুই থাকুক না কেন, এই আইনের অধীন সম্পাদিত অপ্রত্যাহারযোগ্য পাওয়ার অব অ্যাটর্নির র
10. <land_1454_s6> [ভূমি অপরাধ প্রতিরোধ ও প্রতিকার আইন, ২০২৩, ধারা ৬] ভূমি বিষয়ক প্রতারণা ও জালিয়াতি সংক্রান্ত অপরাধ রোধে ব্যবস্থা — (১) এই আইন বা আপাতত বলবৎ অন্য কোনো আইনের অধীন দায়েরকৃত মামলায় কোনো দলিল প্রতারণা বা জালিয়াতির মাধ্যমে সৃজিত","other_48_s123, other_173_s2",own_search,answered,1,Sorup
ajke_0201_01,Sarwad,VERIFY,"এরই পরিপ্রেক্ষিতে কিছুদিন আগে এক বান্ধবীর বাড়িতে গিয়ে উঠেছিলাম। আমার মা-বাবা পুলিশ সঙ্গে করে সেখান থেকে আমাকে বাসায় নিয়ে এসেছেন। তারপর থেকে তাঁরা নানাভাবে শারীরিক-মানসিক নির্যাতন করে যাচ্ছেন। আমি এখান থেকে বের হতে চাই। এমন কোনো আইনি ব্যবস্থা আছে কি, যাতে আলাদা থাকতে পারব?","1. <women_children_1063_s3> [পারিবারিক সহিংসতা (প্রতিরোধ ও সুরক্ষা) আইন, , ধারা ৩] পারিবারিক সহিংসতা — - এই আইনের উদ্দেশ্য পূরণকল্পে পারিবারিক সহিংসতা বলিতে পারিবারিক সম্পর্ক রহিয়াছে এমন কোন ব্যক্তি কতৃর্ক পরিবার
2. <other_1133_s2> [নির্যাতন এবং হেফাজতে মৃত্যু (নিবারণ) আইন, ২০, ধারা ২] সংজ্ঞা — বিষয় বা প্রসঙ্গের পরিপন্থী কোন কিছু না থাকিলে, এই আইনে—(১) ‘অভিযোগকারী’ অর্থ এই আইনের অধীনে কোন অভিযোগ উত্থাপ
3. <criminal_procedure_1013_s35> [বরিশাল মহানগরী পুলিশ আইন, ২০০৯, ধারা ৩৫] জনস্বার্থে দাংগা ইত্যাদি বন্ধ করা — (১) দাঙ্গা, হাঙ্গামা বা শান্তির পরিপন্থী কোন কাজ বন্ধ করার উদ্দেশ্যে পুলিশ কমিশনার লিখিত নির্দেশ জারী করিয়া অ
4. <criminal_procedure_1012_s35> [সিলেট মহানগরী পুলিশ আইন, ২০০৯, ধারা ৩৫] জনস্বার্থে দাংগা ইত্যাদি বন্ধ করা — (১) দাঙ্গা, হাঙ্গামা বা শান্তির পরিপন্থী কোন কাজ বন্ধ করার উদ্দেশ্যে পুলিশ কমিশনার লিখিত নির্দেশ জারি করিয়া অ
5. <criminal_procedure_765_s34> [রাজশাহী মহানগরী পুলিশ আইন, ১৯৯২, ধারা ৩৪] দাংগা প্রভৃতি বন্ধ করার আদেশ — (১) দাংগা হাংগামা বা শান্তির পরিপন্থী কোন কাজ বন্ধ করার উদ্দেশ্যে পুলিশ কমিশনার লিখিত নির্দেশ জারি করিয়া অস্থ
6. <other_1589_s13_p2> [পুলিশ কমিশন অধ্যাদেশ, ২০২৫, ধারা ১৩] কমিশনের কার্যাবলি — সুশৃঙ্খল ও সেবামুখী পুলিশ গঠনের লক্ষ্যে পুলিশ বাহিনীর তথ্যপ্রযুক্তি ব্যবহার প্রশিক্ষণ, নারীবান্ধব কর্মপরিবেশ, 
7. <criminal_procedure_1012_s76> [সিলেট মহানগরী পুলিশ আইন, ২০০৯, ধারা ৭৬] পশু জবাই বা পশুর মৃতদেহ পরিষ্কার করার দণ্ড — কোন ব্যক্তি পুলিশ কমিশনার কর্তৃক নির্ধারিত স্থান ছাড়া অন্য কোন স্থানে বা রাস্তায় বা প্রকাশ্য স্থানে বা উহার 
8. <criminal_procedure_765_s76> [রাজশাহী মহানগরী পুলিশ আইন, ১৯৯২, ধারা ৭৬] পশু জবাই বা পশুর মৃতদেহ পরিষ্কার করার দণ্ড — কোন ব্যক্তি পুলিশ কমিশনার কর্তৃক নির্ধারিত স্থান ছাড়া অন্য কোন স্থানে বা রাস্তায় বা প্রকাশ্য স্থানে বা উহার 
9. <criminal_procedure_1013_s76> [বরিশাল মহানগরী পুলিশ আইন, ২০০৯, ধারা ৭৬] পশু জবাই বা পশুর মৃতদেহ পরিষ্কার করার দণ্ড — কোন ব্যক্তি পুলিশ কমিশনার কর্তৃক নির্ধারিত স্থান ছাড়া অন্য কোন স্থানে বা রাস্তায় বা প্রকাশ্য স্থানে বা উহার 
10. <other_1684_s53> [মানব পাচার ও অভিবাসী চোরাচালান প্রতিরোধ ও দম, ধারা ৫৩] নিরাপত্তা বিধান, পুনর্বাসন ও সামাজিক একীভূতকরণ — (১) উদ্ধার হইবার পর মানব পাচার বা অভিবাসী চোরাচালান অপরাধের শিকার ব্যক্তিকে তাহার নিজ পরিবারে ফেরত পাঠানো সম্ভ","women_children_1063_s14, women_children_1063_s11",own_search,answered,2,Sorup
prot_0049_03,Sarwad,VERIFY,"আমি একজন ব্যবসায়ী। ২০০২ সালে আমার চাচাতো বোনকে বিয়ে করি। আমাদের প্রায় আট বছর বয়সী একটি ছেলে আছে। আজ থেকে প্রায় চার মাস আগে স্ত্রী আমার সঙ্গে ঝগড়া করে বাবার বাড়ি চলে যায়। আমি পরিবারের সবাইকে নিয়ে অনেকবার তাকে আনতে যাই। এতে কোনো লাভ হয়নি। সে আমাকে তালাক দেবে। এ জন্য উকিল নোটিশ পাঠিয়েছে। স্ত্রী আমাকে ফোন করে বলে, তালাকের পর নাকি ছেলেকে আমার কাছ থেকে নিয়ে যাবে। আমি জানতে চাই, আমার স্ত্রী তো ছেলেকে রেখে চলে গেল; তালাক হয়ে গেলে ছেলেকে কি ও পাবে, না আমি পাব? জানালে উপকৃত হব।নাম প্রকাশে অনিচ্ছুক","1. <other_822_s10> [পার্বত্য চট্টগ্রাম আঞ্চলিক পরিষদ আইন, ১৯৯৮, ধারা ১০] সম্পত্তি সম্পর্কিত ঘোষণা — চেয়ারম্যান ও প্রত্যেক সদস্য তাহার কার্যভার গ্রহণের পূর্বে তাহার এবং তাঁহার পরিবারের কোন সদস্যের স্বত্ব, দখল ব
2. <local_government_1027_s41> [স্থানীয় সরকার (ইউনিয়ন পরিষদ) আইন, ২০০৯, ধারা ৪১] সম্পত্তি সম্পর্কিত ঘোষণা — চেয়ারম্যান ও সদস্য তাঁহার কার্যভার গ্রহণের পূর্বে তাঁহার এবং তাঁহার পরিবারের কোন সদস্যের স্বত্ব, দখল বা স্বার
3. <local_government_827_s10> [উপজেলা পরিষদ আইন, ১৯৯৮, ধারা ১০] সম্পত্তি সম্পর্কিত ঘোষণা — 14[চেয়ারম্যান ও ভাইস চেয়ারম্যান ] তাঁহার কার্যভার গ্রহণের পূর্বে তাঁহার এবং তাঁহার পরিবারের কোন সদস্যের স্বত
4. <other_724_s8> [রাংগামাটি পার্বত্য জেলা পরিষদ আইন, ১৯৮৯, ধারা ৮] সম্পত্তি সম্পর্কিত ঘোষণা — চেয়ারম্যান ও প্রত্যেক সদস্য তাঁহার কার্যভার গ্রহণের পূর্বে তাঁহার এবং তাঁহার পরিবারের কোন সদস্যের স্বত্ব, দখল
5. <other_1485_s9> [বাংলাদেশ পুলিশ কল্যাণ তহবিল আইন, ২০২৩, ধারা ৯] মৃত্যু এবং অক্ষমতাজনিত কারণে এককালীন এবং মাসিক কল্যাণ অনুদান — (১) কোনো কর্মচারী বা তাহার মৃত্যু হইলে তাহার স্ত্রী বা, ক্ষেত্রমত, স্বামী, বিধি দ্বারা নির্ধারিত পদ্ধতিতে, নিম
6. <other_1586_s23> [গুম প্রতিরোধ ও প্রতিকার অধ্যাদেশ, ২০২৫, ধারা ২৩] স্ত্রী বা সন্তান কর্তৃক গুম হওয়া ব্যক্তির সম্পত্তি ব্যবহারের অনুমতি — (১) গুম হওয়া ব্যক্তির দায় পরিশোধ, তাহার স্ত্রী বা তাহার উপর নির্ভরশীল পরিবারের সদস্যদের ভরণপোষণের বা অন্য কো
7. <other_1266_s2_p2> [বাংলাদেশ মুক্তিযোদ্ধা কল্যাণ ট্রাস্ট আইন, ২০, ধারা ২] সংজ্ঞা — জামায়াতে ইসলামী এবং তাহাদের সহযোগী রাজাকার, আলবদর, আলশামস বাহিনীর বিরুদ্ধে গণপ্রজাতন্ত্রী বাংলাদেশের স্বাধীনত
8. <other_1429_s31> [আয়কর আইন, ২০২৩, ধারা ৩১] আয় একীভূতকরণ — (১) এই আইনে ভিন্নরূপ কিছু না থাকিলে, নিম্নবর্ণিত আয়সমূহ কোনো ব্যক্তির মোট আয়ের অন্তর্ভুক্ত হইবে, যথা:-(ক) উক
9. <other_848_s7> [বেসরকারী প্রাথমিক শিক্ষক কল্যাণ ট্রাস্ট আইন,, ধারা ৭] ট্রাস্টের কার্যাবলী — (১) ট্রাস্টের কার্যাবলী নিম্্নরূপ হইবে, যথা:-(ক) বেসরকারী প্রাথমিক শিক্ষকগণকে অবসরকালীন সুবিধাদি প্রদান;(খ) কো
10. <other_725_s8> [খাগড়াছড়ি পার্বত্য জেলা পরিষদ আইন, ১৯৮৯, ধারা ৮] সম্পত্তি সম্পর্কিত ঘোষনা — চেয়ারম্যান ও প্রত্যেক সদস্য তাঁহার কার্যভার গ্রহনের পূর্বে তাহার এবং তাঁহার পরিবারের কোন সদস্যের স্বত্ব, দখল ","family_64_s17, family_1444_s5",own_search,answered,2,Sorup
