qid,annotator,block,question_bn,candidates,answer,answer_source,verdict,confidence,merged_from
prot_0108_04,Iftiaq,,"আমার ভাই তাঁর অংশ ১৪-১১-১১ তারিখে সাব-কবলা করে বিক্রি করেন। বাড়িটি আমাদের দুই ভাইয়ের নামে রেকর্ড হয় এবং দলিল-পর্চায় বাড়ি-বাগান হিসেবে এখনো রেকর্ড হয়েছে এবং বর্তমানে আছে। ১৯৫২ সালের আগেও বাড়ি-বাগান বলেই রেকর্ড। আমি ‘প্রিয়েমশন’ বা অগ্রক্রয় মামলা করতে চাই। আমার জানতে ইচ্ছে করে, আমি প্রিয়েমশন করে ওই বাড়িটি পাব কি না?","1. <other_1116_s18> [বাংলাদেশ রাবার বোর্ড আইন, ২০১৩, ধারা ১৮] তথ্য সংগ্রহ, প্রবেশ ইত্যাদির ক্ষমতা — (১) বোর্ড, এই আইনের উদ্দেশ্য পূরণকল্পে, আদেশ দ্বারা যে কোন ব্যক্তিকে রাবার চাষ, রাবার উৎপাদন এবং রাবার শিল্প স
2. <other_1429_s179> [আয়কর আইন, ২০২৩, ধারা ১৭৯] হিসাব, দলিলাদি ইত্যাদি উপস্থাপন — (১) উপকর কমিশনার লিখিত নোটিশের মাধ্যমে, ধারা ১৬৬, ১৭৫208[, ১৭৬ বা ২১২] এর অধীন যিনি রিটার্ন দাখিল করিয়াছেন বা
3. <cybercrime_950_s63> [তথ্য ও যোগাযোগ প্রযুক্তি আইন, ২০০৬, ধারা ৬৩] গোপনীয়তা প্রকাশ সংক্রান্ত অপরাধ ও উহার দণ্ড — (১) এই আইন বা আপাততঃ বলবত্ অন্য কোন আইনে ভিন্নরূপ কোন কিছু না থাকিলে, কোন ব্যক্তি যদি এই আইন বা তদধীন প্রণীত ব
4. <land_1220_s15> [স্থাবর সম্পত্তি অধিগ্রহণ ও হুকুমদখল আইন, ২০১, ধারা ১৫] ঘর-বাড়ি অথবা ইমারতের আংশিক অধিগ্রহণ — (১) কোনো মালিক তাহার বাড়ি, কারখানা বা ভবনের সম্পূর্ণ অংশ অধিগ্রহণ করিতে হইবে মর্মে শর্ত আরোপ করিলে, সংশ্লিষ্ট
5. <other_1429_s126> [আয়কর আইন, ২০২৩, ধারা ১২৬] (১)Registration Act, 1908(Act No. XVI of 1908) এর অধীন কোনো ভূমি, স্থাপনা, বাড়ি, ফ্ল্যাট, অ্যাপার্টমেন্ট অথবা
6. <other_1483_s10_p1> [পরিত্যক্ত বাড়ি (সম্পূরক বিধানাবলি) আইন, ২০২৩, ধারা ১০] পরিত্যক্ত বাড়ি নিয়ন্ত্রণ, ব্যবস্থাপনা এবং নিষ্পত্তি সংক্রান্ত বোর্ড — গণপূর্ত বিভাগ সদস্য-সচিব।(২) পরিত্যক্ত বাড়ি নিয়ন্ত্রণ, ব্যবস্থাপনা এবং নিষ্পত্তির জন্য বোর্ডের দায়িত্ব ও কা
7. <other_1483_s5> [পরিত্যক্ত বাড়ি (সম্পূরক বিধানাবলি) আইন, ২০২৩, ধারা ৫] পরিত্যক্ত বাড়ির তালিকা হইবার পর স্বার্থ দাবি করিয়া আবেদন — ধারা ৪ এর উপ-ধারা (১) এর দফা (ক) ও (খ) এ বর্ণিত ক্ষেত্র ব্যতীত অন্যান্য ক্ষেত্রে কোনো বাড়ির উপর কোনো অধিকার ব
8. <other_1490_s46> [অর্থ আইন, ২০২৪, ধারা ৪৬] ২০২৩ সনের ১২ নং আইনের ধারা ১২৬ এর প্রতিস্থাপন — উক্ত আইনের ধারা ১২৬ এর পরিবর্তে নিম্নরূপ ধারা ১২৬ প্রতিস্থাপিত হইবে, যথা:-“১২৬। ডেভেলপার বা রিয়েল এস্টেট ডেভে
9. <other_1195_s2> [চা আইন, ২০১৬, ধারা ২] সংজ্ঞা — বিষয় বা প্রসঙ্গের পরিপন্থি কোন কিছু না থাকিলে, এই আইনে-(১) ‘‘আমদানি বা রপ্তানি’’ অর্থImports and Exports (Con
10. <other_1386_s18> [বাংলাদেশ জাতীয় আরকাইভস আইন, ২০২১, ধারা ১৮] জাতীয় আরকাইভস হইতে সাময়িকভাবে রেকর্ড স্থানান্তর — জাতীয় আরকাইভস হইতে কোনো সরকারি আরকাইভস অন্য কোথাও স্থানান্তর করা যাইবে না :তবে শর্ত থাকে যে, যদি কোনো সরকারি ",land_241_s96_p0,own_search,answered,3,
prot_0044_02,Iftiaq,,"আমি স্নাতক তৃতীয় বর্ষের ছাত্র। দুই বছর আগে আমার একটি মেয়ের সঙ্গে সম্পর্ক হয়। তাকে আমি অনেক ভালোবাসি। তার সঙ্গে আমার একাধিকবার শারীরিক সম্পর্ক হয়েছে। ছয় মাস ধরে এই মেয়ে আমাকে বিয়ে করার জন্য বলছে। আর আমিও বিয়ে করার জন্য মানসিকভাবে প্রস্তুতি নিচ্ছিলাম। হঠাৎ জানতে পারলাম, অন্য একটি ছেলের সঙ্গে তার সম্পর্ক আছে। আমি আমার ভালোবাসাকে সামাজিকভাবে স্বীকৃতি দিতে চেয়েছিলাম, কিন্তু এখন আমি কোনো সিদ্ধান্ত নিতে পারছি না। আমি যদি এ মেয়েকে বিয়ে না করি তাহলে সে আমাকে কোনো জটিলতায় ফেলতে পারবে কি?নাম প্রকাশে অনিচ্ছুকনোয়াখালী বিজ্ঞান ও প্রযুক্তি বিশ্ববিদ্যালয়","1. <labour_952_s176> [বাংলাদেশ শ্রম আইন, ২০০৬, ধারা ১৭৬] মালিক ও শ্রমিকের ট্রেড ইউনিয়ন 1 [অ্যাসোসিয়েশন বা সমিতি] — এই অধ্যায়ের বিধান সাপেক্ষে-(ক) মুখ্যতঃ শ্রমিক এবং মালিকের সম্পর্ক, অথবা শ্রমিক এবং শ্রমিকের সম্পর্ক নিয়ন্ত্র
2. <labour_1285_s167> [বাংলাদেশ ইপিজেড শ্রম আইন, ২০১৯, ধারা ১৬৭] (১)এইআইনেরউদ্দেশ্য পূরণকল্পে নির্বাহী পরিচালক (শ্রম ও শিল্প সম্পর্ক),অতিরিক্ত নির্বাহী পরিচালক (শ্রম ও শিল্প স
3. <cybercrime_1710_s2_p11> [সাইবার সুরক্ষা আইন, ২০২৬, ধারা ২] সংজ্ঞা — দ্বারা কোন ব্যক্তির অন্তরঙ্গ অথবা ব্যক্তিগত ছবি, ভিডিও সংরক্ষণ বা সংরক্ষনের দাবি করিবার মাধ্যমে তাহা প্রকাশ কর
4. <labour_1285_s2_p1> [বাংলাদেশ ইপিজেড শ্রম আইন, ২০১৯, ধারা ২] সংজ্ঞা — (১৯৯৪ সনের ১৮ নং আইন) এর অধীন নিবন্ধিত কোনো কোম্পানি, যাহার অধীন কোনোজোনেএক বা একাধিক শিল্প প্রতিষ্ঠান রহিয়াছ
5. <criminal_procedure_765_s52> [রাজশাহী মহানগরী পুলিশ আইন, ১৯৯২, ধারা ৫২] নিয়োগপত্র, প্রভৃতি ফেরত্ দিতে গাফিলতি বা অস্বীকৃতি জ্ঞাপনের দণ্ড — কোন পুলিশ কর্মকর্তা বাহিনীর সহিত সম্পর্ক ছিন্ন হওয়ার অব্যবহিত পরে তাহার নিয়োগপত্র, অস্ত্র, পোশাক ও অন্যান্য 
6. <labour_952_s285> [বাংলাদেশ শ্রম আইন, ২০০৬, ধারা ২৮৫] ধারা ৩৫ লঙ্ঘন করিয়া শিশু সম্পর্ক কোন চুক্তি করার দণ্ড — কোন শিশুর পিতা-মাতা বা অভিভাবক ধারা ৩৫-এর বিধান লঙ্ঘন করিয়া কোন শিশু সম্পর্কে চুক্তি সম্পাদন করিলে, তিনি এক হ
7. <criminal_procedure_1012_s52> [সিলেট মহানগরী পুলিশ আইন, ২০০৯, ধারা ৫২] নিয়োগপত্র, প্রভৃতি ফেরৎ দিতে গাফিলতি বা অস্বীকৃতি জ্ঞাপনের দণ্ড — কোন পুলিশ কর্মকর্তা বাহিনীর সহিত সম্পর্ক ছিন্ন হওয়ার অব্যবহিত পরে তাহার নিয়োগপত্র, অস্ত্র, পোশাক ও অন্যান্য 
8. <criminal_procedure_1013_s52> [বরিশাল মহানগরী পুলিশ আইন, ২০০৯, ধারা ৫২] নিয়োগপত্র, প্রভৃতি ফেরত দিতে গাফিলতি বা অস্বীকৃতি জ্ঞাপনের দণ্ড — কোন পুলিশ কর্মকর্তা বাহিনীর সহিত সম্পর্ক ছিন্ন হওয়ার অব্যবহিত পরে তাহার নিয়োগপত্র, অস্ত্র, পোশাক ও অন্যান্য 
9. <other_770_s34> [বাংলাদেশ উন্মুক্ত বিশ্ববিদ্যালয় আইন, ১৯৯২, ধারা ৩৪] বিশ্ববিদ্যালয় রেগুলেশন প্রণয়ন — (১) বিশ্ববিদ্যালয় রেগুলেশন বোর্ড কর্তৃক প্রণীত হইবে:তবে শর্ত থাকে যে,-(ক) ছাত্র-ভর্তি অথবা বিশ্ববিদ্যালয়ের প
10. <labour_952_s40> [বাংলাদেশ শ্রম আইন, ২০০৬, ধারা ৪০] বিপজ্জনক যন্ত্রপাতির কাজে 1 [অথবা ঝুঁকিপূর্ণ কাজে] কিশোর নিয়োগ — (১) কোন কিশোর যন্ত্রপাতির কোন কাজ করিবেন না, যদি না-(ক) তাহাকে উক্ত যন্ত্রপাতি সংক্রান্ত বিপদ সম্পর্কে এবং এই ","other_48_s122, other_48_s126",own_search,answered,3,
prot_0059_02,Iftiaq,,"আমার বয়স ৪১ বছর এবং আমি তিন সন্তানের মা। ১৯৯৩ সালে পরিবারের কাউকে না জানিয়ে আমার সমবয়সী এক ছেলেকে কাজী অফিসে গিয়ে বিয়ে করে ফেলি। বিয়েতে সাক্ষী ছিল তার বন্ধুরা। বিয়ের পর তার বা আমার পরিবারের কাউকে এ খবর জানাইনি। কয়েক মাস পর সে বিদেশে চলে যায়। প্রথম দেড় বছর যোগাযোগ থাকলেও পরে একটানা পাঁচ মাস সে কোনো যোগাযোগ না করাতে আমি আদালত থেকে একটা তালাকনামা জোগাড় করে পাঠিয়ে দিই (১৯৯৫ সালে)। এর প্রায় ৩ সপ্তাহ পর পারিবারিকভাবে আমার বাবা-মায়ের পছন্দের ছেলের সঙ্গে আমার বিয়ে হয়। তালাকনামা পেয়ে সেই প্রবাসী ছেলে আমাকে ফোন করে কিন্তু তারপর ১৬ বছরের মধ্যে আর কোনো যোগাযোগ হয়নি। বর্তমানে আমি স্বামী ও তিন সন্তান নিয়ে সুখে আছি। আমার স্বামী এবং বাবা-মাকে আমার অতীত কিছু জানাইনি, জানাতেও চাই না। কিন্তু সব সময় আমার মনে হচ্ছে, কোথায় যেন ভুল হয়েছে বা হচ্ছে। ইসলামি আইন মোতাবেক আমার কি কোথাও ভুল হয়েছে? ভুল হয়ে থাকলে এ মুহূর্তে শোধরানোর উপায় কী? নাম প্রকাশে অনিচ্ছুকঢাকা","1. <other_1132_s5> [পিতা-মাতার ভরণ-পোষণ আইন, ২০১৩, ধারা ৫] পিতা-মাতার ভরণ-পোষণ না করিবার দণ্ড — (১) কোন সন্তান কর্তৃক ধারা ৩ এর যে কোন উপ-ধারার বিধান কিংবা ধারা ৪ এর বিধান লংঘন অপরাধ বলিয়া গণ্য হইবে এবং উক
2. <other_1478_s62_p0> [ফাইন্যান্স কোম্পানি আইন, ২০২৩, ধারা ৬২] অদাবিকৃত অর্থ বা আমানত সংক্রান্ত বিধান — (১) কোনো ফাইন্যান্স কোম্পানির কোনো কেন্দ্র বা শাখায় সরকার, নাবালক বা আদালতের অর্থ ব্যতীত অন্য কাহারো পরিশোধযো
3. <local_government_1024_s28> [স্থানীয় সরকার (পৌরসভা) আইন, ২০০৯, ধারা ২৮] সম্পত্তি সম্পর্কিত ঘোষণা — (১) মেয়র এবং প্রত্যেক কাউন্সিলরকে, শপথ বা দৃঢ়ভাবে ঘোষণা প্রদানের সময় ট্যাক্সপেয়ার’স আইডেন্টিফিকেশন নম্বরসহ
4. <other_1429_s31> [আয়কর আইন, ২০২৩, ধারা ৩১] আয় একীভূতকরণ — (১) এই আইনে ভিন্নরূপ কিছু না থাকিলে, নিম্নবর্ণিত আয়সমূহ কোনো ব্যক্তির মোট আয়ের অন্তর্ভুক্ত হইবে, যথা:-(ক) উক
5. <local_government_1026_s8> [স্থানীয় সরকার (সিটি কর্পোরেশন) আইন, ২০০৯, ধারা ৮] সম্পত্তি সম্পর্কিত ঘোষণা — (১) মেয়র এবং প্রত্যেক কাউন্সিলরকে, শপথ গ্রহণ বা ঘোষণা প্রদানের সময় ট্যাক্স আইডেন্টিফিকেশন নম্বরসহ (যদি থাকে)
6. <consumer_1010_s19> [ট্রেডমার্ক আইন, ২০০৯, ধারা ১৯] ভুল সংশোধন — নিবন্ধক যেরূপ উপযুক্ত মনে করেন সেইরূপ শর্তে, ধারা ১৫ এর অধীন নিবন্ধনের আবেদন গ্রহণের পূর্বে বা পরে আবেদনের কোন
7. <other_812_s111> [দেউলিয়া বিষয়ক আইন, ১৯৯৭, ধারা ১১১] কতিপয় ভুলত্রুটি সংশোধনে আদালতের ক্ষমতা — যে কোন সময় আদালত- (ক) উহার কোন আদেশে পরিলক্ষিত কোন করণিক বা গাণিতিক ভুল, অথবা অসাবধানতার কারণে সংঘটিত কোন ভুল
8. <other_1418_s21_p2> [বাংলাদেশ সুপ্রীম কোর্টের বিচারক (ছুটি, পেনশন, ধারা ২১] আনুতোষিক ও পারিবারিক পেনশন — হিসাবে প্রাপ্য হইতেন।(৩) কোনো বিচারক, অবসর গ্রহণের পর তাহার গ্রস-পেনশনের সম্পূর্ণ অংশ সমর্পণ করিতে পারিবেন এবং
9. <other_788_s171> [কোম্পানী আইন, ১৯৯৪, ধারা ১৭১] বন্ধকের নিবন্ধন-বহি সংশোধনী — (১) আদালত যদি এই মর্মে সন্তুষ্ট হয় যে,-(ক) ধারা ১৫৯-এ উল্লিখিত সময়সীমার মধ্যে বন্ধক বা চার্জ নিবন্ধন না করান
10. <other_1254_s13> [বস্ত্র আইন, ২০১৮, ধারা ১৩] নিবন্ধন নবায়ন, স্থগিত, বাতিলকরণ, ইত্যাদি — (১) নিবন্ধন গ্রহীতা গৃহীত নিবন্ধনের মেয়াদ উত্তীর্ণের ৩ (তিন) মাস পূর্বে, বিধি দ্বারা নির্ধারিত পদ্ধতিতে, নিবন","women_children_1207_s2, women_children_1207_s8",own_search,answered,3,
prot_0112_04,Iftiaq,,"আপনার মতো যাঁরা এ রকম চিন্তা করছেন তাঁদের কাছে একটা অনুরোধ, নিজের ওপর আত্মঘাতী হওয়ার আগে নিজের জীবনের মূল্য উপলব্ধি করুন। আপনার জীবনের সঙ্গে জড়িত আছে আপনার বাবা-মা কিংবা সন্তানের জীবনও। সামান্য ঋণ থেকে মুক্তি পেতে এভাবে কিডনি বিক্রির চিন্তা থেকে সরে আসুন। আপনি কি ভেবে দেখেছেন আপনার একটি কিডনি নিয়ে পাচারকারী দল দেশের কত বড় সর্বনাশ করছে?","1. <other_1263_s2> [‘আল-হাইআতুল উলয়া লিল-জামি’আতিল কওমিয়া বাংলাদ, ধারা ২] সংজ্ঞা — বিষয় বা প্রসঙ্গের পরিপন্থি কোনো কিছু না থাকিলে, এই আইনে,-(১) “কওমি মাদরাসা” অর্থ আহলুস সুন্নাহ ওয়াল জামা’আত 
2. <constitutional_957_s39> [গণপ্রজাতন্ত্রী বাংলাদেশের সংবিধান, অনুচ্ছেদ ৩৯] চিন্তা ও বিবেকের স্বাধীনতা এবং বাক্-স্বাধীনতা — (১) চিন্তা ও বিবেকের স্বাধীনতার নিশ্চয়তাদান করা হইল।(২) রাষ্ট্রের নিরাপত্তা, বিদেশী রাষ্ট্রসমূহের সহিত বন্ধুত
3. <other_1037_s44_p1> [বীমা আইন, ২০১০, ধারা ৪৪] ঋণ, অগ্রিম ও আর্থিক সুবিধা প্রদানে বিধিনিষেধ৷ — ৩ (তিন) মাস অতিবাহিত হওয়ার পর ঋণ বা অগ্রিম প্রদানকারী বীমাকারীর চাকুরীতে থাকিবেন না।(৬) উপ-ধারা (১) বা (২) এর
4. <other_1133_s6> [নির্যাতন এবং হেফাজতে মৃত্যু (নিবারণ) আইন, ২০, ধারা ৬] তৃতীয় পক্ষ দ্বারা অভিযোগ — (১) কোনো ব্যক্তিকে অন্য কোন ব্যক্তি নির্যাতন করিয়াছে বা করিতেছে এইরূপ কোন তথ্য তৃতীয় কোন ব্যক্তি আদালতকে অবহ
5. <other_788_s342> [কোম্পানী আইন, ১৯৯৪, ধারা ৩৪২] লিকুইডেটর কর্তৃক ব্যাংকে টাকা জমাদান — (১) আদালত কর্তৃক অবলুপ্ত হইতেছে এইরূপ কোম্পানীর প্রত্যেক লিকুইডেটর তত্কর্তৃক গৃহীত সকল টাকা নির্ধারিত পদ্ধতিতে
6. <women_children_1119_s29> [শিশু আইন, ২০১৩, ধারা ২৯] শিশু-আদালত কর্তৃক আইনের সহিত সংঘাতে জড়িত শিশুর জামিনে মুক্তি প্রদান — (১) এই আইনসহ ফৌজদারী কার্যবিধি বা আপাততঃ বলবৎ অন্য কোন আইনে ভিন্নরূপ যাহা কিছুই থাকুক না কেন, শিশু-আদালতে হাজি
7. <other_1133_s10> [নির্যাতন এবং হেফাজতে মৃত্যু (নিবারণ) আইন, ২০, ধারা ১০] অপরাধ বিচারার্থ গ্রহণ, ইত্যাদি — (১) এই আইনের অধীন দণ্ডনীয় সকল অপরাধ বিচারার্থ গ্রহণীয় (Cognizable), অ-আপোষযোগ্য (non-compoundable) ও জামিন অ
8. <other_1078_s20> [ভবঘুরে ও নিরাশ্রয় ব্যক্তি (পুনর্বাসন) আইন, ২, ধারা ২০] ভবঘুরে বা নিরাশ্রয় ব্যক্তিকে মুক্তি প্রদান — (১) ব্যবস্থাপক আশ্রয় কেন্দ্রে অবস্থানরত ভবঘুরে বা নিরাশ্রয় ব্যক্তিকে নির্ধারিত পদ্ধতিতে নিম্নবর্ণিত বিষয়ে ত
9. <women_children_835_s19> [নারী ও শিশু নির্যাতন দমন আইন, ২০০০, ধারা ১৯] 51[(১) এই আইনের অধীন সকল অপরাধ বিচারার্থ গ্রহণীয় হইবে52[***]।](২) উপ-ধারা (৩) এর বিধান সাপেক্ষে, এই আইনের অধী
10. <other_1126_s2_p3> [প্রতিবন্ধী ব্যক্তির অধিকার ও সুরক্ষা আইন, ২০, ধারা ২] সংজ্ঞা — ব্যক্তিকে সর্বত্রই ব্যক্তি হিসাবে সমান আইনী স্বীকৃতি এবং জীবনের সকল ক্ষেত্রে সমান আইনী কর্তৃত্ব (legal capacit","family_1444_s5, family_305_s9",own_search,answered,3,
prot_0043_01,Iftiaq,,"আমি একটি মেয়েকে ভালোবাসি। মেয়েটিও আমাকে ভালোবাসে। মেয়েটি জাতিতে ত্রিপুরা। বর্তমানে ১০ম শ্রেণীতে পড়ে। বয়স ১৭ বছর। তাকে আমি দুই বছর পর বিয়ে করতে চাই। আমি কি তাকে সাধারণভাবে বিয়ে করতে পারব? বিয়ের পর তার পরিবার আইনি ব্যবস্থা নিলে আমার কোনো সমস্যা হবে না তো? বিয়ের পর তার লেখাপড়ার সনদ কি আগের নামেই হবে, নাকি আমার দেওয়া নতুন নামে হতে পারে? মো. হূদয় ইসলাম (ছদ্মনাম) দিনাজপুর","1. <labour_952_s36> [বাংলাদেশ শ্রম আইন, ২০০৬, ধারা ৩৬] যদি কোন ব্যক্তি শিশু নাকি কিশোর এ সম্পর্কে কোন প্রশ্ন উত্থাপিত হয়, তাহা হইলে উক্ত ব্যক্তির জন্ম নিবন্ধন সনদ, 
2. <other_863_s7> [বাংলাদেশ শিল্পী কল্যাণ ট্রাস্ট আইন, ২০০১, ধারা ৭] ট্রাস্টের কার্যাবলী — ট্রাস্টের কার্যাবলী হইবে নিম্নরূপ, যথা:-(ক) সাধারণভাবে অসচ্ছল শিল্পীদের কল্যাণ সাধন;(খ) শিল্পীদের কল্যাণার্থে 
3. <other_1403_s40> [মোংলা বন্দর কর্তৃপক্ষ আইন, ২০২২, ধারা ৪০] দণ্ড — কোনো ব্যক্তি যদি এই আইন ও বিধির কোনো বিধান লঙ্ঘন করেন তাহা হইলে উক্ত লঙ্ঘন হইবে একটি অপরাধ এবং তজ্জন্য তিনি অন
4. <other_857_s10_p0> [বাংলাদেশ টেলিযোগাযোগ নিয়ন্ত্রণ আইন, ২০০১, ধারা ১০] কমিশনারগণের যোগ্যতা ও অযোগ্যতা — (১) কমিশনার হইবেন এমন একজন ব্যক্তি যিনি-(ক) টেলিযোগাযোগের ক্ষেত্রে অন্ততঃ ১৫ বত্সরের বাস্তব অভিজ্ঞতাসম্পন্ন প্
5. <other_1487_s10> [অফশোর ব্যাংকিং আইন, ২০২৪, ধারা ১০] অফশোর ব্যাংকিং কার্যক্রম পরিচালনার জন্য প্রদত্ত লাইসেন্স ধারা ৯ এর অধীন বাতিল বা সমর্পণ কার্যকর হইবার ২ (দুই) 
6. <other_1717_s18ক_p2> [ব্যাংক রেজল্যুশন আইন, ২০২৬, ধারা ১৮ক] রেজল্যুশন কার্যক্রম হইতে শেয়ার, সম্পদ-দায়, পুনঃধারণ বা ধারণ — কার্যক্রম তদারকি করিবে এবং দুই বছর পর একটি বিশেষ কমিটি গঠনপূর্বক উল্লিখিত শর্ত এবং আইনী অন্যান্য বাধ্যবাধকতা প
7. <other_775_s26> [বাংলাদেশ সিকিউরিটিজ অ্যান্ড এক্সচেঞ্জ কমিশন , ধারা ২৬] জটিলতার নিরসনের ক্ষমতা — (১) এই আইনের বিধানাবলী কার্যকর করার ক্ষেত্রে কোন অসুবিধা দেখা দিলে সরকার উক্ত অসুবিধা দূরীকরণার্থে, আদেশ দ্বার
8. <other_813_s20> [বাংলাদেশ কমার্স এন্ড ইনভেষ্টমেন্ট লিমিটেড (প, ধারা ২০] জটিলতা নিরসনের ক্ষমতা — (১) এই আইনের বিধানাবলী কার্যকর করার ক্ষেত্রে কোন অসুবিধা দেখা দিলে সরকার উক্ত অসুবিধা দূরীকরণার্থে, আদেশ দ্বার
9. <other_935_s15> [বেসরকারী নিরাপত্তা সেবা আইন, ২০০৬, ধারা ১৫] লাইসেন্সের মেয়াদ, নবায়ন, স্থগিতকরণ ও বাতিল — (১) বেসরকারী নিরাপত্তা সেবা প্রতিষ্ঠান স্থাপন ও পরিচালনার জন্য প্রদত্ত লাইসেন্সের মেয়াদ হইবে লাইসেন্স ইস্যুর 
10. <labour_1285_s24> [বাংলাদেশ ইপিজেড শ্রম আইন, ২০১৯, ধারা ২৪] চাকরি হইতে অবসর গ্রহণ — (১) এই অধ্যায়ের অন্যত্র যাহা কিছুই উল্লে­খ থাকুক না কেন, কোনো প্রতিষ্ঠানে নিয়োজিত কোনো শ্রমিকের বয়স ৬০ (ষাট",family_305_s7,own_search,answered,3,
prot_0095_01,Iftiaq,,"আমি একজন উদ্যোক্তা। প্রায় তিন বছর ধরে আমি একটি বুটিক হাউস চালাই। এই ব্যবসায় আমার সঙ্গে আরও দুজন অংশীদার (পার্টনার) যুক্ত হতে চাইছেন। আমরা সবাই মিলে বুটিক হাউসটিকে একটি ব্যবসায়িক প্রতিষ্ঠানে রূপ দিতে চাচ্ছি। আমাদের একজন কোম্পানি গঠনের কথা বলছেন। আমরা জেনেছি, কোম্পানি গঠন করা নাকি খুব ঝক্কির কাজ। এ ক্ষেত্রে আমার প্রশ্ন, কোম্পানি গঠনের জন্য কী কী আইনি পদ্ধতি মেনে চলতে হবে?","1. <other_1437_s21> [এজেন্সি টু ইনোভেট (এটুআই) আইন,  ২০২৩, ধারা ২১] কোম্পানি গঠনের ক্ষমতা — এই আইনের উদ্দেশ্য পূরণকল্পে, এজেন্সি, প্রয়োজন অনুযায়ী কোম্পানি গঠন করিতে পারিবে।
2. <other_1217_s21> [বাংলাদেশ সড়ক পরিবহণ কর্তৃপক্ষ আইন, ২০১৭, ধারা ২১] কোম্পানি গঠনের ক্ষমতা — কর্তৃপক্ষ, সরকারের পূর্বানুমোদনক্রমে, কোম্পানি আইন, ১৯৯৪ (১৯৯৪ সনের ১৮ নং আইন) এর অধীন এক বা একাধিক কোম্পানি গ
3. <other_1300_s21> [বাংলাদেশ সড়ক পরিবহণ কর্পোরেশন আইন, ২০২০, ধারা ২১] কোম্পানি গঠনের ক্ষমতা — এই আইনের উদ্দেশ্য পূরণকল্পে, কর্পোরেশন সরকারের পূর্বানুমোদনক্রমে এক বা একাধিক কোম্পানি গঠন করিতে পারিবে।
4. <other_1700_s26> [বাংলাদেশ বনশিল্প উন্নয়ন কর্পোরেশন আইন, ২০২৬, ধারা ২৬] কোম্পানি গঠন এবং সংঘস্মারক ও সংঘবিধির সংশোধন — (১) কর্পোরেশন, সরকারের পূর্বানুমোদনক্রমে, বনজশিল্পপণ্য, শিল্পপণ্য বা সামগ্রী উৎপাদনের লক্ষ্যে কোম্পানী আইন, ১৯
5. <other_1227_s29> [বীজ আইন, ২০১৮, ধারা ২৯] কোম্পানি কর্তৃক সংঘটিত অপরাধ — কোন কোম্পানি কর্তৃক এই আইনের অধীন কোন অপরাধ সংঘটিত হইলে উক্ত কোম্পানির মালিক, পরিচালক, ম্যানেজার, সচিব বা অন্য
6. <other_1715_s49> [বন্যপ্রাণী (সংরক্ষণ ও নিরাপত্তা) আইন, ২০২৬, ধারা ৪৯] কোম্পানি, ইত্যাদি কর্তৃক অপরাধ সংঘটন — কোনো কোম্পানি কর্তৃক এই আইনের অধীন কোনো অপরাধ সংঘটিত হইলে উক্ত অপরাধের সহিত প্রত্যক্ষ সংশ্লিষ্টতা রহিয়াছে কোম
7. <other_1415_s15> [বাংলাদেশ তেল, গ্যাস ও খনিজসম্পদ কর্পোরেশন আ, ধারা ১৫] কোম্পানি গঠন — (১) কর্পোরেশন, সরকারের লিখিত অনুমোদন সাপেক্ষে, তেল, গ্যাস এবং খনিজসম্পদ অনুসন্ধান, আহরণ, উৎপাদন, প্রক্রিয়াকরণ
8. <other_1443_s34> [বাংলাদেশ ক্ষুদ্র ও কুটির শিল্প কর্পোরেশন আইন, ধারা ৩৪] কোম্পানি গঠন — (১) এই আইনের উদ্দেশ্য পূরণকল্পে কর্পোরেশন, সরকারের পূর্বানুমোদনক্রমে, কোম্পানি আইন, ১৯৯৪ (১৯৯৪ সনের ১৮ নং আইন)
9. <other_1170_s22> [বাংলাদেশ  সরকারি-বেসরকারি অংশীদারিত্ব আইন, ২, ধারা ২২] প্রকল্প কোম্পানি গঠন — (১) বেসরকারি অংশীদার চূড়ান্তভাবে নির্বাচিত হইবার পর, পিপিপি চুক্তি সম্পাদনের পূর্বে বা পরে, কোম্পানি গঠন সংক্
10. <other_1190_s22> [পেট্রোলিয়াম আইন, ২০১৬, ধারা ২২] কোম্পানি কর্তৃক অপরাধ সংঘটন — (১) কোন কোম্পানি কর্তৃক কোনো অপরাধ সংঘটনের ক্ষেত্রে, উক্ত অপরাধের সহিত প্রত্যক্ষ সংশ্লিষ্টতা রহিয়াছে কোম্পানি","other_48_s122, other_48_s126",own_search,answered,3,
prot_0032_04,Iftiaq,,"দাদা যখন সুস্থ ছিলেন, তখন তিনি আমার চাচাদের বলেন বাবার ভিটা আমাদের মধ্যে ভাগ করে দিতে। এমনকি তিনি জায়গাও নির্দিষ্ট করে দেন। জমি মেপে দিতে বললে চাচারা বলেন, আমরা নাকি জমি পাব না। কিন্তু এখন আমাদের একটা বাড়ি জরুরি হয়ে পড়েছে। এ পরিস্থিতিতে জমি পাওয়ার জন্য আমরা কী করতে পারি?","1. <other_721_s8> [বাংলাদেশ ঋণ সালিসি আইন, ১৯৮৯, ধারা ৮] জমি প্রত্যর্পণের নির্দেশ কার্যকরকরণ — ক্রেতা বোর্ডের নির্দেশানুসারে জমির দখল প্রত্যর্পণ না করিলে বা করিতে ব্যর্থ হইলে, জমির দখল পাওয়ার জন্য বিক্রেত
2. <other_857_s45> [বাংলাদেশ টেলিযোগাযোগ নিয়ন্ত্রণ আইন, ২০০১, ধারা ৪৫] লাইসেন্সধারীর প্রয়োজনে বাধ্যতামূলকভাবে বেসরকারী জমি অধিগ্রহণ — (১) লাইসেন্সের অধীন কাজকর্ম সম্পাদন বা পরিচালনার জন্য প্রয়োজনীয় কোন জমি ব্যবহারের ক্ষেত্রে লাইসেন্সধারী বাধা
3. <other_1158_s25> [ফরমালিন নিয়ন্ত্রণ আইন, ২০১৫, ধারা ২৫] অপরাধ সংঘটনে গৃহ বা যানবাহন, ইত্যাদি ব্যবহার করিতে দেওয়ার দণ্ড — কোন ব্যক্তি যদি জ্ঞাতসারে এই আইনের অধীন কোন অপরাধ সংঘটনের জন্য তাহার মালিকানাধীন বা দখলীয় কোন বাড়ি-ঘর, জায়গ
4. <other_1066_s7ক> [বালুমহাল ও মাটি ব্যবস্থাপনা আইন, ২০১০, ধারা ৭ক] ব্যক্তি মালিকানাধীন জমির বালু বা মাটি উত্তোলন — কোনো ব্যক্তি মালিকানাধীন জমি হইতে বালু বা মাটি উত্তোলন করা যাইবে না, যদি-(ক) উহা উর্বর কৃষি জমি হয়;(খ) বাণিজ্
5. <other_722_s15> [পার্বত্য জেলাসমূহ (আইন রহিত ও প্রয়োগ এবং বিশ, ধারা ১৫] বসতবাড়ীর জন্য গ্রামীণ জমি দখল — (১) কোন পাহাড়ী ব্যক্তি পৌর এলাকা-বহির্ভূত অনধিক ত্রিশ শতাংশ পর্যন্ত খাস জমি তাহার নিজ বসতবাড়ীর জন্য হেডম্যান
6. <other_721_s9> [বাংলাদেশ ঋণ সালিসি আইন, ১৯৮৯, ধারা ৯] প্রত্যর্পিত জমি হস্ত্মান্ত্মরের উপর বিধি নিষেধ — কোন কৃষক ধারা ৬ বা ধারা ৭ এর অধীন তাঁহার নিকট প্রত্যর্পিত কোন কৃষি জমি প্রত্যর্পণের তারিখ হইতে তিন বত্সরের মধ্
7. <other_1427_s6> [হাট ও বাজার (স্থাপন ও ব্যবস্থাপনা) আইন, ২০২৩, ধারা ৬] হাট ও বাজারের জমি বন্দোবস্ত প্রদান এবং হাট ও বাজার ইজারা প্রদান — (১) হাট ও বাজারের কোনো জমি স্থায়ী বন্দোবস্ত প্রদান করা যাইবে না।(২) উপ-ধারা (১) এর বিধান সাপেক্ষে, জেলা প্রশা
8. <other_845_s20> [জাতীয় গৃহায়ন কর্তৃপক্ষ আইন, ২০০০, ধারা ২০] জমি হুকুমদখল বা অধিগ্রহণ, ইত্যাদি — (১) কর্তৃপক্ষের কার্যাবলী সম্পাদনের জন্য কোন জমি প্রয়োজন হইলে উহা জনস্বার্থে প্রয়োজনীয় বলিয়া বিবেচিত হইবে 
9. <other_1070_s20> [উদ্ভিদ সংগনিরোধ আইন, ২০১১, ধারা ২০] সংগনিরোধ বালাই সম্বন্ধে ঘোষণা — (১) কোন সংগনিরোধ বালাই বিরাজমান থাকিলে বা বিরাজমান থাকিবার আশঙ্কা থাকিলে অথবা কোন বালাই যদি ফসল উৎপাদন, উদ্ভিদ
10. <other_882_s38> [এসিড নিয়ন্ত্রণ আইন, ২০০২, ধারা ৩৮] অপরাধ সংঘটনে গৃহ বা যানবাহন ইত্যাদি ব্যবহার করিতে দেওয়ার দণ্ড — কোন ব্যক্তি যদি সজ্ঞানে এই আইনের অধীন কোন অপরাধ সংঘটনের জন্য তাহার মালিকানাধীন বা দখলীয় কোন বাড়ী-ঘর, জায়গা-","other_36_s42_p0, other_36_s8",own_search,answered,3,
lawy_0258_01,Iftiaq,,ভূমি অপরাধ প্রতিরোধ ও প্রতিকার আইনানুযায়ী ভূমি রেজিস্ট্রেশনে জটিলতা আছে কিনা?,"1. <land_1454_s1> [ভূমি অপরাধ প্রতিরোধ ও প্রতিকার আইন, ২০২৩, ধারা ১] সংক্ষিপ্ত শিরোনাম ও প্রবর্তন — (১) এই আইনভূমি অপরাধ প্রতিরোধ ও প্রতিকার আইন, ২০২৩নামে অভিহিত হইবে।(২) ইহা অবিলম্বে কার্যকর হইবে।
2. <land_1454_s4> [ভূমি অপরাধ প্রতিরোধ ও প্রতিকার আইন, ২০২৩, ধারা ৪] ভূমি প্রতারণা সংক্রান্ত অপরাধ ও দণ্ড — (১) ভূমি হস্তান্তর, জরিপ, রেকর্ড হালনাগাদকরণ বা ব্যবস্থাপনা বিষয়ে নিম্নবর্ণিত কোনো কার্য ভূমি প্রতারণা সংক্রা
3. <other_1249_s43> [চট্টগ্রাম উন্নয়ন কর্তৃপক্ষ আইন, ২০১৮, ধারা ৪৩] মহাপরিকল্পনার পরিপন্থি ভূমি ব্যবহারের দণ্ড — যদি কোনো ব্যক্তি মহাপরিকল্পনায় চিহ্নিত বা উল্লিখিত উদ্দেশ্য ব্যতীত অন্য কোনো উদ্দেশ্যে কোনো ভূমি ব্যবহার করেন
4. <other_1250_s43> [খুলনা উন্নয়ন কর্তৃপক্ষ আইন, ২০১৮, ধারা ৪৩] মহাপরিকল্পনার পরিপন্থি ভূমি ব্যবহারের দণ্ড — যদি কোনো ব্যক্তি মহাপরিকল্পনায় চিহ্নিত বা উল্লিখিত উদ্দেশ্য ব্যতীত অন্য কোনো উদ্দেশ্যে কোনো ভূমি ব্যবহার করেন
5. <other_1323_s40> [গাজীপুর উন্নয়ন কর্তৃপক্ষ আইন, ২০২০, ধারা ৪০] মহাপরিকল্পনার পরিপন্থি ভূমি ব্যবহারের দণ্ড — যদি কোনো ব্যক্তি মহাপরিকল্পনায় চিহ্নিত বা উল্লিখিত উদ্দেশ্য ব্যতীত অন্য কোনো উদ্দেশ্যে ভূমি ব্যবহার করেন, তাহ
6. <land_1454_s7> [ভূমি অপরাধ প্রতিরোধ ও প্রতিকার আইন, ২০২৩, ধারা ৭] অবৈধ দখল প্রতিরোধ ও দণ্ড — (১)State Acquisition and Tenancy Act, 1950(Act No. XXVIII of 1951) এর section 143 বা 144 এর অধীন প্রণীত হালনাগ
7. <other_1225_s26> [রাজশাহী উন্নয়ন কর্তৃপক্ষ আইন, ২০১৮, ধারা ২৬] মহাপরিকল্পনা পরিপন্থি ভূমি ব্যবহারের দণ্ড — যদি কোন ব্যক্তি মহাপরিকল্পনায় চিহ্নিত বা উল্লিখিত উদ্দেশ্য ব্যতীত অন্য কোন উদ্দেশ্যে কোন ভূমি ব্যবহার করেন, ত
8. <other_1701_s33> [কুমিল্লা উন্নয়ন কর্তৃপক্ষ আইন, ২০২৬, ধারা ৩৩] মহাপরিকল্পনার পরিপন্থি ভূমি ব্যবহারে বিধি-নিষেধ — (১) মহাপরিকল্পনায় চিহ্নিত বা উল্লিখিত উদ্দেশ্য ব্যতীত অন্য কোনো উদ্দেশ্যে কোনো ভূমি ব্যবহার করা যাইবে না। (২)
9. <other_1250_s45> [খুলনা উন্নয়ন কর্তৃপক্ষ আইন, ২০১৮, ধারা ৪৫] নিচু ভূমি ভরাট বা প্রাকৃতিক জলাধারের পানি প্রবাহে বাধাগ্রস্তের উপর বিধি-নিষেধ — কোনো ব্যক্তি কর্তৃপক্ষের অনুমতি ব্যতীত উহার আওতাধীন কোনো এলাকার নিচু ভূমি ভরাট বা উঁচু করিলে অথবা কোনো প্রাকৃত
10. <other_1697_s33> [নারায়ণগঞ্জ উন্নয়ন কর্তৃপক্ষ আইন, ২০২৬, ধারা ৩৩] মহাপরিকল্পনার পরিপন্থি ভূমি ব্যবহারে বিধি-নিষে — (১) মহাপরিকল্পনায় চিহ্নিত বা উল্লিখিত উদ্দেশ্য ব্যতীত অন্য কোনো উদ্দেশ্যে কোনো ভূমি ব্যবহার করা যাইবে না। (২)",unanswerable,none,unanswerable,3,
prot_0135_02,Iftiaq,,"এক ভাই ও চার বোন রেখে আমার মা মারা যান। আমার বাবা জীবিত আছেন। বাবা আরেকটি বিয়ে করেছেন। ওই পক্ষে দুই ভাই ও এক বোন আছে। প্রশ্ন হচ্ছে, আমার মায়ের সম্পত্তির ভাগ আমরা পাব কি না। আমার সৎভাইবোন আমার মায়ের সম্পত্তি পাবে কি?","1. <other_1682_s2_p0> [মানবদেহে অঙ্গ-প্রত্যঙ্গ সংযোজন আইন, ২০২৬, ধারা ২] সংজ্ঞা — বিষয় বা প্রসঙ্গের পরিপন্থি কোনো কিছু না থাকিলে, এই আইনে- (১) “অঙ্গ-প্রত্যঙ্গ” অর্থ মানবদেহের কিডনি, হৃৎপিণ্ড,
2. <other_1148_s2> [বাংলাদেশ সাংবাদিক কল্যাণ ট্রাস্ট আইন, ২০১৪, ধারা ২] সংজ্ঞা — বিষয় বা প্রসঙ্গের পরিপন্থী কোন কিছু না থাকিলে, এই আইনে-(১) ‘‘চেয়ারম্যান’’ অর্থ বোর্ডের চেয়ারম্যান;(২) ‘‘ট্র
3. <other_1266_s2_p3> [বাংলাদেশ মুক্তিযোদ্ধা কল্যাণ ট্রাস্ট আইন, ২০, ধারা ২] সংজ্ঞা — বা স্বামী এবং পিতা-মাতার অবর্তমানে খেতাবপ্রাপ্ত বীর মুক্তিযোদ্ধার সন্তান; বা(উ) (অ)-(ঈ) পর্যন্ত বর্ণিত ব্যক্তি
4. <other_1349_s2> [আকাশপথে পরিবহণ (মন্ট্রিল কনভেনশন) আইন, ২০২০, ধারা ২] বিষয়বাপ্রসঙ্গেরপরিপন্থিকোনোকিছুনাথাকিলে,এইআইনে-(ক)‘অভ্যন্তরীণপরিবহণ’অর্থআকাশপথে পরিবহণেপক্ষসমূহেরমধ্যেসম্পাদি
5. <other_893_s7> [শিশু-মাতৃ স্বাস্থ্য ইনস্‌টিটিউট আইন, ২০০২, ধারা ৭] ইনস্‌টিটিউটের দায়িত্ব ও কার্যাবলী — ইনস্টিটিউটের দায়িত্ব ও কার্যাবলী হইবে নিম্নরূপ, যথা:-(১) শিশু ও মায়ের স্বাস্থ্য ও পুষ্টি বিষয়ে শিক্ষা, প্রশ
6. <other_1718_s83> [অর্থ (২০২৫-২০২৬ অর্থ বৎসর) আইন, ২০২৬, ধারা ৮৩] ২০২৩ সনের ১২ নং আইনের ধারা ১৩৫ এর সংশোধন — উক্ত আইনের ধারা ১৩৫ এর- (ক) উপ-ধারা (১) এ উল্লিখিত “১০% (দশ শতাংশ)” সংখ্যা, চিহ্ন, বন্ধনী ও শব্দগুলির পরিবর্তে
7. <other_1378_s2> [বাংলাদেশ চলচ্চিত্র শিল্পী কল্যাণ ট্রাস্ট আইন, ধারা ২] সংজ্ঞা — বিষয় বা প্রসঙ্গের পরিপন্থি কোনো কিছু না থাকিলে, এই আইনে-(ক) “চলচ্চিত্র” অর্থ সেলুলয়েড, অ্যানালগ, ডিজিটাল বা 
8. <other_1485_s2> [বাংলাদেশ পুলিশ কল্যাণ তহবিল আইন, ২০২৩, ধারা ২] সংজ্ঞা — বিষয় বা প্রসঙ্গের পরিপন্থি কোনো কিছু না থাকিলে, এই আইনে,-(১) ""কর্মচারী"" অর্থ-(ক) পুলিশ ইন্সপেক্টরের নিম্ন পদম
9. <other_1138_s2> [গ্রামীণ ব্যাংক আইন, ২০১৩, ধারা ২] সংজ্ঞা — বিষয় বা প্রসংগের পরিপন্থি কোন কিছু না থাকিলে, এই আইনে,-1[(১) “ঋণ” অর্থ এইরূপ কোনো ব্যক্তির পক্ষে ব্যাংক কর্তৃ
10. <other_943_s2> [বাংলাদেশ শ্রমিক কল্যাণ ফাউন্ডেশন আইন, ২০০৬, ধারা ২] সংজ্ঞা — বিষয় বা প্রসঙ্গের পরিপন্থী কিছু না থাকিলে, এই আইনে-(ক) “অপ্রাতিষ্ঠানিক খাত” অর্থ এইরূপ বেসরকারী খাত যেখানে কর",women_children_1256_s3,own_search,answered,3,
ajke_0194_01,Iftiaq,,প্রশ্ন: আমি হিন্দু পরিবারের মানুষ। আমার জেঠিমা মারা গেছেন। জ্যাঠা মারা যাওয়ার আগে জেঠিমার নামে শহরের ও গ্রামের বাড়ির অংশ দানপত্র করে যান। এখন জেঠিমার সম্পত্তির ওয়ারিশ কে হবে? তাঁর দেবরের ছেলে-মেয়ে নাকি তাঁর ভাই?,"1. <other_822_s10> [পার্বত্য চট্টগ্রাম আঞ্চলিক পরিষদ আইন, ১৯৯৮, ধারা ১০] সম্পত্তি সম্পর্কিত ঘোষণা — চেয়ারম্যান ও প্রত্যেক সদস্য তাহার কার্যভার গ্রহণের পূর্বে তাহার এবং তাঁহার পরিবারের কোন সদস্যের স্বত্ব, দখল ব
2. <local_government_1027_s41> [স্থানীয় সরকার (ইউনিয়ন পরিষদ) আইন, ২০০৯, ধারা ৪১] সম্পত্তি সম্পর্কিত ঘোষণা — চেয়ারম্যান ও সদস্য তাঁহার কার্যভার গ্রহণের পূর্বে তাঁহার এবং তাঁহার পরিবারের কোন সদস্যের স্বত্ব, দখল বা স্বার
3. <local_government_827_s10> [উপজেলা পরিষদ আইন, ১৯৯৮, ধারা ১০] সম্পত্তি সম্পর্কিত ঘোষণা — 14[চেয়ারম্যান ও ভাইস চেয়ারম্যান ] তাঁহার কার্যভার গ্রহণের পূর্বে তাঁহার এবং তাঁহার পরিবারের কোন সদস্যের স্বত
4. <land_1455_s10> [ভূমি সংস্কার আইন, ২০২৩, ধারা ১০] বর্গাদারের মৃত্যুর পর বর্গাভূমির চাষ — (১) কোনো বর্গাদার বর্গাচুক্তির মেয়াদ শেষ হইবার পূর্বে মারা গেলে, উহার মেয়াদ শেষ না হওয়া পর্যন্ত অথবা এই আইন
5. <other_1156_s25> [মেট্রোরেল আইন, ২০১৫, ধারা ২৫] ক্ষতিপূরণ প্রদান — মেট্রোরেল পরিচালনাকালে উহা হইতে উদ্ভূত দুর্ঘটনার ফলে যদি কোন ব্যক্তি আঘাতপ্রাপ্ত বা ক্ষতিগ্রস্ত হন বা আঘাতপ্রা
6. <other_1201_s27> [বাস র‍্যাপিড ট্রানজিট (বিআরটি) আইন, ২০১৬, ধারা ২৭] ক্ষতিপূরণ প্রদান — বিআরটি পরিচালনাকালে উহা হইতে উদ্ভূত দুর্ঘটনার ফলে যদি কোনো ব্যক্তি আঘাতপ্রাপ্ত বা ক্ষতিগ্রস্ত হন বা আঘাতপ্রাপ্
7. <local_government_827_s8_p1> [উপজেলা পরিষদ আইন, ১৯৯৮, ধারা ৮] বা ব্যক্তিবর্গের নামে বা তাঁহার সুবিধার্থে বা তাঁহার উপলক্ষে বা কোন হিন্দু যৌথ পরিবারের সদস্য হিসাবে তাঁহার কো
8. <other_1429_s192> [আয়কর আইন, ২০২৩, ধারা ১৯২] হিন্দু অবিভক্ত পরিবারের বিভাজনের ক্ষেত্রে কর নির্ধারণ — (১) এই আইনের উদ্দেশ্যপূরণকল্পে, হিন্দু অবিভক্ত পরিবার হিসাবে নির্ধারিত কোনো হিন্দু পরিবারকে সেই পর্যন্ত হিন্দু
9. <consumer_1010_s92> [ট্রেডমার্ক আইন, ২০০৯, ধারা ৯২] মামলার কোন পক্ষের মৃত্যু — যদি এই আইনের অধীন কোন কার্যধারা বিচারাধীন থাকা অবস্থায় কোন পক্ষ মারা যান, তাহা হইলে নিবন্ধক সংশ্লিষ্ট কোন পক্
10. <local_government_1026_s9_p1> [স্থানীয় সরকার (সিটি কর্পোরেশন) আইন, ২০০৯, ধারা ৯] মেয়র এবং কাউন্সিলরগণের যোগ্যতা ও অযোগ্যতা — তিনি তাহার নিজ নামে বা তাহার ট্রাস্টি হিসাবে কোন ব্যক্তি বা ব্যক্তিবর্গের নামে বা তাহার সুবিধার্থে বা তাহার উপ",criminal_procedure_11_s494,own_search,answered,3,
prot_0107_04,Iftiaq,,"আমার কিছু প্রশ্ন: ১. কোনো মামলায় যাকে ১ নম্বর আসামি করা হয় এবং সে যদি পলাতক হয়, তার ঘাড়ে দোষের চাপ বেড়ে যায় কি?","1. <other_1484_s26> [আনসার ব্যাটালিয়ন আইন, ২০২৩, ধারা ২৬] আদালতের এখতিয়ার বারিত — আনসার ব্যাটালিয়ন আদালতের কোনো কার্যধারা, রায়, আদেশ, আরোপিত দণ্ড বা সিদ্ধান্তের বিরুদ্ধে অন্য কোনো আদালতে কোন
2. <money_recovery_1468_s13> [সুরক্ষিত লেনদেন (অস্থাবর সম্পত্তি) আইন, ২০২৩, ধারা ১৩] নিবন্ধনের রেকর্ড সংরক্ষণ ও অনুসন্ধান — নিবন্ধনের রেকর্ড নিম্নবর্ণিত নম্বর অথবা মানদণ্ডের ভিত্তিতে অনলাইনে স্বতন্ত্র নিবন্ধন নম্বর (unique registratio
3. <other_1181_s113> [বাংলাদেশ কোস্ট গার্ড আইন, ২০১৬, ধারা ১১৩] আদালতের এখতিয়ার বারিত — এই আইনের বিধান ব্যতীত কোস্ট গার্ড আদালত এবং কোস্ট গার্ড আপিল ট্রাইব্যুনালের কোন কার্যধারা, রায়, আদেশ বা সিদ্ধ
4. <other_788_s282> [কোম্পানী আইন, ১৯৯৪, ধারা ২৮২] আদেশ বলবৎ করার ক্ষমতা — এই আইনের অধীনে আদালত কর্তৃক প্রদত্ত আদেশ সেই একইভাবে বলবৎ করা যাইতে পারে যেভাবে কোন মামলায় উক্ত আদালত কর্তৃক 
5. <other_1472_s50> [বাংলাদেশ পেটেন্ট আইন, ২০২৩, ধারা ৫০] অধিকার লঙ্ঘনের (Infringement) মামলায় আত্মপক্ষ সমর্থন — (১) পেটেন্টের অধিকার লঙ্ঘনের মামলায়, ধারা ৩৩ এর অধীন যেসকল কারণে পেটেন্ট রদ (Revocation) করা যায়, সেই সকল কা
6. <labour_952_s224> [বাংলাদেশ শ্রম আইন, ২০০৬, ধারা ২২৪] কার্যধারার শুরু ও শেষ — (১) কোন সালিসী কার্যধারা ধারা ২১০ (৪) এর অধীন সালিস কর্তৃক সালিশী করার অনুরোধ প্রাপ্তির তারিখ হইতে শুরু হইয়াছ
7. <money_recovery_1468_s11> [সুরক্ষিত লেনদেন (অস্থাবর সম্পত্তি) আইন, ২০২৩, ধারা ১১] অর্থায়ন বিবরণীতে প্রদত্ত তথ্য — (১) অর্থায়ন বিবরণীতে নিম্নবর্ণিত তথ্য থাকিতে হইবে, যথা:-(ক) জামিনদারের ঠিকানা এবং জাতীয় পরিচয়পত্র নম্বর;(খ)
8. <labour_952_s71> [বাংলাদেশ শ্রম আইন, ২০০৬, ধারা ৭১] প্রেসার প্ল্যান্ট — যে ক্ষেত্রে কোন প্রতিষ্ঠানের উৎপাদন প্রক্রিয়ায় নিয়োজিত কোন প্ল্যান্ট বা যন্ত্রপাতির কোন অংশ স্বাভাবিক বায়ু
9. <other_1484_s29> [আনসার ব্যাটালিয়ন আইন, ২০২৩, ধারা ২৯] পলাতক ব্যাটালিয়ন সদস্যের গ্রেপ্তার — কোনো ব্যাটালিয়ন সদস্য কর্মস্থল হইতে পলায়ন করিলে ব্যাটালিয়ন অধিনায়ক তাহাকে গ্রেপ্তার করিয়া আনসার ব্যাটালিয
10. <women_children_1119_s69> [শিশু আইন, ২০১৩, ধারা ৬৯] পলাতক শিশু সম্পর্কে করণীয় — (১) আপাতত বলবৎ অন্য কোন আইন এবং এই আইনের অন্যান্য বিধানে ভিন্নরূপ যাহা কিছুই থাকুক না কেন, কোন পুলিশ কর্মকর্তা","criminal_procedure_75_s145_p0, criminal_procedure_75_s107",own_search,answered,3,
prot_0004_04,Iftiaq,,"পাবলিক প্লেসে ধূমপানের অপরাধে কত দিনের সাজা হতে পারে? ধূমপানের কারণে কাউকে শাস্তি দিতে হলে, আমি কীভাবে পুলিশের সাহায্য পাব? মেরিনা বুশরা কুমিল্লা","1. <consumer_927_s7> [ধূমপান ও তামাকজাত দ্রব্য ব্যবহার (নিয়ন্ত্রণ), ধারা ৭] (১) কোন পাবলিক প্লেসের মালিক, তত্ত্বাবধায়ক বা নিয়ন্ত্রণকারী ব্যক্তি বা ব্যবস্থাপক উহাতে এবং কোন পাবলিক পরিবহ
2. <consumer_927_s10> [ধূমপান ও তামাকজাত দ্রব্য ব্যবহার (নিয়ন্ত্রণ), ধারা ১০] (১) তামাকজাত দ্রব্যের প্যাকেট, মোড়ক, কার্টন বা কৌটার উভয় পার্শ্বে মূল প্রদর্শনী তল বা যে সকল প্যাকেটে দুইটি 
3. <consumer_927_s2> [ধূমপান ও তামাকজাত দ্রব্য ব্যবহার (নিয়ন্ত্রণ), ধারা ২] সংজ্ঞা — বিষয় বা প্রসংগের পরিপন্থী কোন কিছু না থাকিলে, এই আইনে-1[(ক) “কর্তৃত্বপ্রাপ্ত কর্মকর্তা” অর্থ উপজেলা নির্বাহী 
4. <other_829_s15> [ডিপজিটরি আইন, ১৯৯৯, ধারা ১৫] শাস্তি — (১) কোন ব্যক্তি এই আইনের কোন বিধান লংঘন করিলে বা করার চেষ্টা করিলে বা করিতে সাহায্য করিলে তিনি অনধিক পাঁচ বত্স
5. <other_1284_s22> [বাংলাদেশ রিহ্যাবিলিটেশন কাউন্সিল আইন, ২০১৮, ধারা ২২] নিবন্ধন বহি (Register) হইতে নাম কর্তন অথবা নিবন্ধন বাতিল — (১) যদি কাউন্সিলের নিকট প্রতীয়মান হয় যে-(ক) কোনো নিবন্ধিত রিহ্যাবিলিটেশন পেশাজীবী কর্তৃক দাখিলকৃত সনদ মিথ্যা
6. <road_transport_1262_s77> [সড়ক পরিবহণ আইন, ২০১৮, ধারা ৭৭] রুট পারমিট ব্যতীত পাবলিক প্লেসে পরিবহন যান ব্যবহার সংক্রান্ত ধারা ২৮ এর বিধান লঙ্ঘনের দণ্ড — যদি কোনো ব্যক্তি ধারা ২৮ এর উপ-ধারা (১) এর বিধান লঙ্ঘন করেন, তাহা হইলে উক্ত লঙ্ঘন হইবে একটি অপরাধ, এবং তজ্জন্য
7. <other_1136_s36> [ভৌগোলিক নির্দেশক পণ্য (নিবন্ধন ও সুরক্ষা) আই, ধারা ৩৬] পণ্য বাজেয়াপ্তকরণ — (১) এই আইনের অধীন জব্দকৃত মালামাল দখলে রাখিবার বা ব্যবহার করিবার বৈধ্যতা প্রমাণ করিতে ব্যর্থ হইলে, সংশ্লিষ্ট আ
8. <other_1009_s26> [সন্ত্রাস বিরোধী আইন, ২০০৯, ধারা ২৬] পুনঃসমর্পণ (Remand) — (১) যেক্ষেত্রে কোন ব্যক্তিকে গ্রেপ্তার করা হয় এবং তদন্তের জন্য আটক রাখা হয়, সেইক্ষেত্রে তদন্ত কর্মকর্তা অভিয
9. <labour_952_s267> [বাংলাদেশ শ্রম আইন, ২০০৬, ধারা ২৬৭] প্রশাসন ব্যয় — (১) ট্রাস্টি বোর্ড চাঁদার ভিত্তিতে একটি প্রশাসনিক খরচ আরোপ করিতে পারিবে।(২) সরকার, বোর্ডের সহিত পরামর্শক্রমে, 
10. <other_1589_s14> [পুলিশ কমিশন অধ্যাদেশ, ২০২৫, ধারা ১৪] পুলিশের নিজস্ব অভিযোগ নিষ্পত্তি ব্যবস্থা — নাগরিক অভিযোগ ও পুলিশের অভ্যন্তরীণ সংক্ষোভ নিষ্পত্তির নিমিত্ত পুলিশের একটি নিজস্ব ব্যবস্থা থাকিবে, যাহা এই অধ্","women_children_1063_s11, women_children_1063_s14",own_search,answered,3,
ajke_0142_01,Iftiaq,,"আমার বয়স ১৭ বছর। মা, দুই ভাইসহ আমি একসঙ্গে থাকি। মা-বাবা আলাদা থাকেন সাত বছর ধরে। আমার বাবা কোনোভাবেই আমার মাকে ডিভোর্স দিচ্ছেন না। আমরা বোঝানোর চেষ্টা করেছি। মা আমাদের তিন ভাইবোনের খরচ বহন করেন। তিনি কোনো কিছুই অপূর্ণ রাখেন না। কিন্তু বাবা আমাদের খোঁজ রাখেন না। আমার মা মানসিক ও শারীরিকভাবে অসুস্থ হয়ে পড়ছেন দিন দিন। সন্তান হিসেবে আমরা এমন কোনো আইনি পদক্ষেপ নিতে পারি কি, যাতে আমার মা-বাবার ডিভোর্স হয়ে যায়?","1. <other_1725_s21_p29> [অর্থ আইন, ২০২৬, ধারা ২১] ২০১২ সনের ৪৭ নং আইনের দ্বিতীয় তফসিলের সংশোধন — ডলার পর্যন্ত ৪৫ (ঘ) মূল্যসীমা ১০০০০০ মা. ডলার এর ঊর্ধ্ব হইতে ২০০০০০ মা. ডলার পর্যন্ত ৬০ (ঙ) মূল্যসীমা ২০০০০০ ম
2. <labour_952_s98> [বাংলাদেশ শ্রম আইন, ২০০৬, ধারা ৯৮] সংবাদপত্র শ্রমিকের জন্য চিকিৎসা পরিচর্যা — প্রত্যেক সংবাদপত্র শ্রমিক এবং তাহার উপর নির্ভরশীলগণ সংবাদপত্র প্রতিষ্ঠানের খরচে বিধি দ্বারা নির্ধারিত পন্থায় 
3. <other_1124_s2> [মাতৃদুগ্ধ বিকল্প, শিশু খাদ্য, বাণিজ্যিকভাবে , ধারা ২] সংজ্ঞা — বিষয় বা প্রসঙ্গের পরিপন্থী কোন কিছু না থাকিলে, এই আইনে,-(ক) ‘‘জাতীয় উপদেষ্টা কমিটি’’ অর্থ ধারা ৮ এর অধীন গঠি
4. <other_893_s2> [শিশু-মাতৃ স্বাস্থ্য ইনস্‌টিটিউট আইন, ২০০২, ধারা ২] সংজ্ঞা — বিষয় বা প্রসঙ্গের পরিপন্থী কোন কিছু না থাকিলে, এই আইনে,-(ক) “ইনস্টিটিউট” অর্থ এই আইনের ধারা ৩ এর অধীন প্রতিষ্
5. <other_1124_s7> [মাতৃদুগ্ধ বিকল্প, শিশু খাদ্য, বাণিজ্যিকভাবে , ধারা ৭] শিক্ষামূলক বা অন্যান্য তথ্যাদি — জন্ম-পূর্ববর্তী বা জন্ম-পরবর্তী সেবা দানের উদ্দেশ্যে কোন গর্ভবতী মহিলা বা মাতৃদুগ্ধদানকারী বা শিশুর মায়েদের স
6. <other_1718_s29_p2> [অর্থ (২০২৫-২০২৬ অর্থ বৎসর) আইন, ২০২৬, ধারা ২৯] ২০২৩ সনের ১২ নং আইনের ধারা ২ এর সংশোধন — অথবা যেইক্ষেত্রে উক্ত পনেরোতম দিন সেপ্টেম্বর মাসের পনেরোতম দিনের পূর্বের তারিখে পড়ে, সেইক্ষেত্রে আয়বর্ষ সমাপ
7. <labour_1285_s24> [বাংলাদেশ ইপিজেড শ্রম আইন, ২০১৯, ধারা ২৪] চাকরি হইতে অবসর গ্রহণ — (১) এই অধ্যায়ের অন্যত্র যাহা কিছুই উল্লে­খ থাকুক না কেন, কোনো প্রতিষ্ঠানে নিয়োজিত কোনো শ্রমিকের বয়স ৬০ (ষাট
8. <other_1384_s5> [বাংলাদেশ শিশু হাসপাতাল ও ইনস্টিটিউট আইন, ২০২, ধারা ৫] হাসপাতাল ও ইনস্টিটিউটের কার্যাবলি — হাসপাতাল ও ইনস্টিটিউটের কার্যাবলি হইবে নিম্নরূপ, যথা:¾(ক) হাসপাতালের বহির্বিভাগ ও অন্তঃবিভাগ পরিচালনা, রক্ষণাব
9. <other_1124_s6> [মাতৃদুগ্ধ বিকল্প, শিশু খাদ্য, বাণিজ্যিকভাবে , ধারা ৬] মাতৃদুগ্ধ বিকল্প, শিশু খাদ্য, ইত্যাদি ধারণপাত্র ও মোড়কে প্রদেয় তথ্যাদি — (১) আপাততঃ বলবৎ অন্য কোন আইনের বিধানাবলী ক্ষুণ্ণ না করিয়া, কোন ব্যক্তি মাতৃদুগ্ধ বিকল্প, শিশু খাদ্য, বাণিজ্যি
10. <other_1429_s2_p4> [আয়কর আইন, ২০২৩, ধারা ২] সংজ্ঞা — পরবর্তী সেপ্টেম্বর মাসের পনেরোতম দিন;(গ) পূর্বে কখনোই রিটার্ন দাখিল করেন নাই এইরূপ স্বাভাবিক ব্যক্তি করদাতার ক","other_36_s39, other_36_s42_p0",own_search,answered,3,
prot_0015_01,Iftiaq,,বিয়ের এক বছর আগেই আমার স্বামী কোনো কারণে তাঁর পরিবার ছাড়তে বাধ্য হন। আমার সম্মতি ছাড়াই অভিভাবকেরা তাঁর সঙ্গে আমার বিয়ে দেন। কিন্তু বিয়ের ছয় বছর হলো আমি শ্বশুরবাড়ি যেতে পারিনি। শহর থেকে দূরে আমরা ভাড়া বাড়িতে থাকি। আমার স্বামী তিন ভাইয়ের মধ্যে ছোট। তাঁর একটি বোন ছিল। আমার শাশুড়ি তিন বছর আগে মারা গেলে শ্বশুর দ্বিতীয় বিয়ে করেন এবং সেই পক্ষের একটি মেয়ে হয়। শাশুড়ির মৃত্যুর পর বাড়ির দোতলার অর্ধেকটা আমাদের দেবেন বললেও বিভিন্ন টালবাহানায় কাটিয়ে দিচ্ছেন এত দিন। এখন পর্যন্ত দোতলাটা দখল করে আছে স্বামীর অন্য দুই ভাইবোন। শ্বশুরের তাতে কোনো মাথাব্যথাও নেই। আমার স্বামী সাহস করে কিছু বলতেও পারেন না। আমার তিন বছরের একটি মেয়ে আছে। এখন মেয়ের ভবিষ্যতের কথা চিন্তা করে শ্বশুরবাড়িতে উঠতে চাই। কী করতে পারি? জেসমিন আরা রাজশাহী,"1. <other_1266_s2_p2> [বাংলাদেশ মুক্তিযোদ্ধা কল্যাণ ট্রাস্ট আইন, ২০, ধারা ২] সংজ্ঞা — জামায়াতে ইসলামী এবং তাহাদের সহযোগী রাজাকার, আলবদর, আলশামস বাহিনীর বিরুদ্ধে গণপ্রজাতন্ত্রী বাংলাদেশের স্বাধীনত
2. <road_transport_1262_s84> [সড়ক পরিবহণ আইন, ২০১৮, ধারা ৮৪] কর্তৃপক্ষ কর্তৃক নির্ধারিত কোনো মোটরযানের কারিগরি বিনির্দেশ অমান্য সংক্রান্ত ধারা ৪০ এর বিধান লঙ্ঘনের দণ্ড — যদি কোনো ব্যক্তি ধারা ৪০ এর বিধান লঙ্ঘন করেন, তাহা হইলে উক্ত লঙ্ঘন হইবে একটি অপরাধ, এবং তজ্জন্য তিনি অনধিক ৩ (
3. <other_822_s10> [পার্বত্য চট্টগ্রাম আঞ্চলিক পরিষদ আইন, ১৯৯৮, ধারা ১০] সম্পত্তি সম্পর্কিত ঘোষণা — চেয়ারম্যান ও প্রত্যেক সদস্য তাহার কার্যভার গ্রহণের পূর্বে তাহার এবং তাঁহার পরিবারের কোন সদস্যের স্বত্ব, দখল ব
4. <local_government_1027_s41> [স্থানীয় সরকার (ইউনিয়ন পরিষদ) আইন, ২০০৯, ধারা ৪১] সম্পত্তি সম্পর্কিত ঘোষণা — চেয়ারম্যান ও সদস্য তাঁহার কার্যভার গ্রহণের পূর্বে তাঁহার এবং তাঁহার পরিবারের কোন সদস্যের স্বত্ব, দখল বা স্বার
5. <other_812_s32> [দেউলিয়া বিষয়ক আইন, ১৯৯৭, ধারা ৩২] অব্যাহতিপ্রাপ্ত সম্পত্তি — এই আইনের অন্য কোন বিধানে যাহা কিছুই থাকুক না কেন, একক দেনাদারের নিম্্নবর্ণিত সম্পত্তির দখল ২৩ ধারার অধীনে গ্রহ
6. <local_government_827_s10> [উপজেলা পরিষদ আইন, ১৯৯৮, ধারা ১০] সম্পত্তি সম্পর্কিত ঘোষণা — 14[চেয়ারম্যান ও ভাইস চেয়ারম্যান ] তাঁহার কার্যভার গ্রহণের পূর্বে তাঁহার এবং তাঁহার পরিবারের কোন সদস্যের স্বত
7. <other_1246_s99_p2> [ক্যান্টনমেন্ট আইন, ২০১৮, ধারা ৯৯] উপদ্রব সৃষ্টির শাস্তি — ক্যান্টনমেন্টের অভ্যন্তরে কোনো সড়ক বা গণস্থানে,-(ক) বোর্ড কর্তৃক গণ-বিজ্ঞপ্তি দ্বারা এতদুদ্দেশ্যে জারিকৃত নিষ
8. <other_889_s12> [নিরাপদ রক্ত পরিসঞ্চালন আইন, ২০০২, ধারা ১২] লাইসেন্সের মেয়াদ ও নবায়ন — (১) বেসরকারী রক্ত পরিসঞ্চালন কেন্দ্র স্থাপন ও পরিচালনার জন্য প্রদত্ত লাইসেন্সের মেয়াদ হইবে লাইসেন্স ইস্যুর তা
9. <other_1717_s18ক_p1> [ব্যাংক রেজল্যুশন আইন, ২০২৬, ধারা ১৮ক] রেজল্যুশন কার্যক্রম হইতে শেয়ার, সম্পদ-দায়, পুনঃধারণ বা ধারণ — বা পক্ষ ক্ষতিগ্রস্থ হইলে তাহাদের প্রাপ্য ক্ষতিপূরণ প্রদান করিবে; ছ) বাংলাদেশ ব্যাংক, আবেদনকারীর নিকট হস্তান্তর
10. <women_children_835_s11> [নারী ও শিশু নির্যাতন দমন আইন, ২০০০, ধারা ১১] যৌতুকের জন্য মৃত্যু ঘটানো, ইত্যাদির শাস্তি — যদি কোন নারীর স্বামী অথবা স্বামীর পিতা, মাতা, অভিভাবক, আত্মীয় বা স্বামীর পক্ষে অন্য কোন ব্যক্তি যৌতুকের জন্য ",unanswerable,none,unanswerable,3,
prot_0108_05,Iftiaq,,"দয়া করে জানাবেন, কী করে আমি বাড়িটি পাব এবং প্রিয়েমশনের মামলা করে ফল পাব কি না?","1. <other_1483_s5> [পরিত্যক্ত বাড়ি (সম্পূরক বিধানাবলি) আইন, ২০২৩, ধারা ৫] পরিত্যক্ত বাড়ির তালিকা হইবার পর স্বার্থ দাবি করিয়া আবেদন — ধারা ৪ এর উপ-ধারা (১) এর দফা (ক) ও (খ) এ বর্ণিত ক্ষেত্র ব্যতীত অন্যান্য ক্ষেত্রে কোনো বাড়ির উপর কোনো অধিকার ব
2. <labour_952_s171> [বাংলাদেশ শ্রম আইন, ২০০৬, ধারা ১৭১] চুক্তি রেজিস্ট্রি করিতে ব্যর্থতার ফল — যে ৰেত্রে ধারা ১৭০ এর অধীন রেজিস্ট্রিকরণ প্রয়োজন এরূপ কোন চুক্তির স্মারকলিপি উক্ত ধারার বিধান অনুযায়ী শ্রম আ
3. <money_recovery_901_s28> [অর্থ ঋণ আদালত আইন, ২০০৩, ধারা ২৮] জারীর জন্য মামলা দাখিলের সময়সীমা — (১) TheLimitation Act, 1908এবং TheCode of Civil Procedure, 1908এ ভিন্নতর যে বিধানই থাকুক না কেন, ডিক্রীদার, আদ
4. <other_1135_s53> [পায়রা বন্দর কর্তৃপক্ষ আইন, ২০১৩, ধারা ৫৩] মামলা দায়েরের সীমাবদ্ধতা — (১) কর্তৃপক্ষের বিরুদ্ধে মামলা দায়েরে ইচ্ছুক ব্যক্তির নাম ঠিকানাসহ মামলা দায়েরের কারণ সংবলিত লিখিত নোটিশ কর্
5. <other_1403_s56> [মোংলা বন্দর কর্তৃপক্ষ আইন, ২০২২, ধারা ৫৬] মামলা দায়েরের সীমাবদ্ধতা — (১) কর্তৃপক্ষের বিরুদ্ধে মামলা দায়েরে ইচ্ছুক ব্যক্তি, তাহার নাম ঠিকানাসহ মামলা দায়েরের কারণ সংবলিত লিখিত নোট
6. <other_1404_s56> [চট্টগ্রাম বন্দর কর্তৃপক্ষ আইন, ২০২২, ধারা ৫৬] মামলা দায়েরের সীমাবদ্ধতা — (১) কর্তৃপক্ষের বিরুদ্ধে কোনো আদালতে মামলা দায়েরে ইচ্ছুক ব্যক্তি, তাহার নাম ঠিকানাসহ মামলা দায়েরের কারণ সংবল
7. <consumer_1010_s86> [ট্রেডমার্ক আইন, ২০০৯, ধারা ৮৬] মামলা দায়েরের সময়সীমা — এই আইনের অধীন কোন অপরাধের জন্য মামলা দায়ের করা যাইবে না, যদি না অপরাধ সংঘটিত হইবার অনধিক ৩ (তিন) বৎসরের মধ্যে
8. <other_1106_s118> [মূল্য সংযোজন কর ও সম্পূরক শুল্ক আইন, ২০১২, ধারা ১১৮] মামলা দায়েরের পূর্বানুমোদন। — কমিশনারের পূর্বানুমোদন ব্যতীত, কোন অপরাধের জন্য কোন আদালতে মামলা দায়ের করা যাইবে না।
9. <labour_952_s316> [বাংলাদেশ শ্রম আইন, ২০০৬, ধারা ৩১৬] মামলা প্রত্যাহার — যে ব্যক্তির অভিযোগে এই আইন বা কোন বিধি, প্রবিধান বা স্কীমের অধীন কোন মামলা শুরু হইয়াছে সে ব্যক্তির দরখাস্ত ব্
10. <money_recovery_901_s18> [অর্থ ঋণ আদালত আইন, ২০০৩, ধারা ১৮] মামলা দায়ের ও শুনানী সম্পর্কিত বিশেষ বিধান — (১) কোন আর্থিক প্রতিষ্ঠানের কোন কর্মকর্তা বা কর্মচারী কর্তৃক আত্মসাত্কৃত কোন অর্থ ঋণ গণ্যে এই আইনের অধীন আদালত",other_24_s112,own_search,answered,3,
prot_0080_02,Iftiaq,,আমি একটি মেয়েকে ভালোবাসি। মেয়েটি ভারতীয় নাগরিক। তাঁর বাবা-মা দুজনই ভারতীয় নাগরিক। কিন্তু মেয়েটির দাদা-দাদি ও নানা-নানি বাংলাদেশি। আমি মেয়েটিকে বিয়ে করে বাংলাদেশে আনতে চাই। সেও বাংলাদেশের নাগরিকত্ব দিতে চায়। এ ক্ষেত্রে আমাদের দুজনের করণীয় কী? বিয়েটা সামাজিক (হিন্দুপ্রথা) নিয়মানুসারে করতে পারব নাকি কোর্ট ম্যারেজ করতে হবে? নাগরিকত্বের জন্য বাংলাদেশে কোথায় যোগাযোগ করতে হবে? কীভাবে যোগাযোগ করতে হবে? কত দিন সময় লাগবে এবং কত টাকা খরচ হতে পারে? নাম ও ঠিকানা প্রকাশে অনিচ্ছুক,"1. <other_1133_s17> [নির্যাতন এবং হেফাজতে মৃত্যু (নিবারণ) আইন, ২০, ধারা ১৭] অ-নাগরিক — এই আইনের অধীনে কৃত কোনো অপরাধের জন্য যদি বাংলাদেশের নাগরিক নয় এমন কাউকে গ্রেফতার করা হয় সে ক্ষেত্রে উক্ত ব্য
2. <other_1684_s50> [মানব পাচার ও অভিবাসী চোরাচালান প্রতিরোধ ও দম, ধারা ৫০] ভিকটিম বা মানব পাচার কিংবা অভিবাসী চোরাচালানের শিকার ব্যক্তিগণের প্রত্যাবাসন (repatriation) ও প্রত্যাবর্তন (return) — (১) কোনো বাংলাদেশি নাগরিক অন্য কোনো দেশে মানব পাচার কিংবা অভিবাসী চোরাচালানের শিকার ব্যক্তি হিসাবে চিহ্নিত হইল
3. <other_817_s5> [বিমান-নিরাপত্তা বিরোধী অপরাধ দমন আইন, ১৯৯৭, ধারা ৫] কোন আরোহীকে বিমান হইতে নামাইয়া দেওয়া ইত্যাদি ক্ষেত্রে যথাযথ কর্তৃপক্ষের দায়িত্ব — (১) কোন আরোহীকে ধারা ৩ এর উপ-ধারা (৫) এর অধীনে কোন বিমান হইতে বাংলাদেশে নামাইয়া দেওয়া বা সমর্পণ করা হইলে, যথ
4. <road_transport_1262_s78> [সড়ক পরিবহণ আইন, ২০১৮, ধারা ৭৮] বিদেশি নাগরিক কর্তৃক বাংলাদেশে প্রবেশের ক্ষেত্রে নিজ দেশের মোটরযান/ গণপরিবহণের রুট পারমিট গ্রহণ না করা সংক্রান্ত ধারা ২৯ এর বিধান লঙ্ঘনের দণ্ড — যদি কোনো বিদেশি নাগরিক ধারা ২৯ এর বিধান লঙ্ঘন করেন, তাহা হইলে উক্ত লঙ্ঘন হইবে একটি অপরাধ, এবং তজ্জন্য তিনি অনধ
5. <labour_952_s267> [বাংলাদেশ শ্রম আইন, ২০০৬, ধারা ২৬৭] প্রশাসন ব্যয় — (১) ট্রাস্টি বোর্ড চাঁদার ভিত্তিতে একটি প্রশাসনিক খরচ আরোপ করিতে পারিবে।(২) সরকার, বোর্ডের সহিত পরামর্শক্রমে, 
6. <other_1471_s18> [বাংলাদেশ চলচ্চিত্র সার্টিফিকেশন আইন, ২০২৩, ধারা ১৮] বাংলাদেশি চলচ্চিত্রে বিদেশি শিল্পী-কলাকুশলীদের অংশগ্রহণ এবং বিদেশে দৃশ্য ধারণ — (১) চলচ্চিত্র শিল্পের বিকাশ এবং অভিনয় শৈলী ও কারিগরি জ্ঞান আদান প্রদানের লক্ষ্যে কোনো বাংলাদেশি চলচ্চিত্রে বা
7. <other_1132_s4> [পিতা-মাতার ভরণ-পোষণ আইন, ২০১৩, ধারা ৪] পিতা-মাতার অবর্তমানে দাদা-দাদী, নানা-নানীর ভরণ-পোষণ — প্রত্যেক সন্তান তাহার—(ক) পিতার অবর্তমানে দাদা-দাদীকে; এবং(খ) মাতার অবর্তমানে নানা-নানীকে—ধারা ৩ এ বর্ণিত ভরণ-
8. <other_898_s4> [ভ্রমণ কর আইন, ২০০৩, ধারা ৪] (১) ধারা ৩ এ যাহা কিছুই থাকুক না কেন, নিম্নবর্ণিত যাত্রীগণ এই আইনের অধীন প্রদেয় ভ্রমণ কর হইতে অব্যাহতি পাইবেন
9. <other_1037_s114> [বীমা আইন, ২০১০, ধারা ১১৪] বাংলাদেশের বাহিরে স্থাপিত বীমাকারী কর্তৃক দাখিলযোগ্য তথ্যাদি৷ — বাংলাদেশের বাহিরে ব্যবসায়ের প্রধান স্থান কিংবা স্থায়ী আবাসধারী প্রত্যেক বীমাকারী বাংলাদেশে উহার ব্যবসায়ের স
10. <other_1684_s21> [মানব পাচার ও অভিবাসী চোরাচালান প্রতিরোধ ও দম, ধারা ২১] সংবাদ মাধ্যমে মানব পাচার বা চোরাচালানের শিকার ব্যক্তির পরিচয় প্রকাশের অপরাধ ও উহার দণ্ড — (১) যদি কোনো ব্যক্তি ট্রাইব্যুনালের অনুমতি ব্যতিরেকে মানব পাচার বা অভিবাসী চোরাচালানের শিকার কোনো ব্যক্তির নাম","family_1444_s5, family_305_s9",own_search,answered,3,
prot_0058_01,Iftiaq,,"আমি দ্বাদশ শ্রেণীতে পড়ি। মেজো দুলাভাই বিদেশে থাকেন। ছয় মাস আগে তিনি আমাকে স্বামীসহ বিদেশে নিয়ে যেতে চেয়েছিলেন। তখন আমি অবিবাহিত ছিলাম। তারপর আমার বড় বোনের দূর-সম্পর্কের এক দেবরের সঙ্গে বিয়ে ঠিক হয়। আমাদের পরিবারের সম্মতিতে একটি নকল কাবিননামা তৈরি করা হয়, যা বিদেশে কাগজপত্র পাঠানোর জন্য দরকার ছিল। কাবিনে শুধু আমার সই ছিল। ছেলেদের পরিবারের সঙ্গে কথা ছিল দুজন বিদেশে যেতে পারলে বিয়ে হবে, অন্যথায় বিয়ে হবে না। আমরা ভিসা পাইনি। কিন্তু এই সময়ে আমাদের মধ্যে একটা সম্পর্ক গড়ে ওঠে। এখন পরিবার থেকে বলছে, আমি যেন তার সঙ্গে যোগাযোগ না রাখি। কিন্তু আমরা বিয়ে করে সংসার করতে চাই। আমার প্রশ্ন, আমাদের আগের কাবিননামা কি গ্রহণযোগ্য?ঠিকানা ও নাম প্রকাশে অনিচ্ছুক","1. <other_1131_s31> [বৈদেশিক কর্মসংস্থান ও অভিবাসী আইন, ২০১৩, ধারা ৩১] অবৈধভাবে বিদেশে কর্মী প্রেরণ, অর্থ গ্রহণ, ইত্যাদির দণ্ড — কোন ব্যক্তি বা রিক্রুটিং এজেন্ট—(ক) এই আইন বা বিধির বিধান লঙ্ঘন করিয়া অপর কোন ব্যক্তিকে কর্মের উদ্দেশ্যে বিদে
2. <other_1131_s26> [বৈদেশিক কর্মসংস্থান ও অভিবাসী আইন, ২০১৩, ধারা ২৬] তথ্যের অধিকার — কোন অভিবাসী কর্মীর বিদেশে যাইবার পূর্বে অভিবাসন প্রক্রিয়া এবং কর্মসংস্থান চুক্তি বা বিদেশে কর্মের পরিবেশ সম্প
3. <other_1131_s30ক> [বৈদেশিক কর্মসংস্থান ও অভিবাসী আইন, ২০১৩, ধারা ৩০ক] (১) প্রত্যেক অভিবাসী কর্মী বৈদেশিক কর্মসংস্থানের জন্য প্রশিক্ষণ গ্রহণ ও বৈধ পন্থা অবলম্বন করিবেন এবং বিদেশে অব
4. <local_government_1024_s28> [স্থানীয় সরকার (পৌরসভা) আইন, ২০০৯, ধারা ২৮] সম্পত্তি সম্পর্কিত ঘোষণা — (১) মেয়র এবং প্রত্যেক কাউন্সিলরকে, শপথ বা দৃঢ়ভাবে ঘোষণা প্রদানের সময় ট্যাক্সপেয়ার’স আইডেন্টিফিকেশন নম্বরসহ
5. <other_1131_s5> [বৈদেশিক কর্মসংস্থান ও অভিবাসী আইন, ২০১৩, ধারা ৫] কতিপয় ব্যক্তির বহির্গমনের ক্ষেত্রে এই আইনের অপ্রযোজ্যতা — এই আইন নিম্নবর্ণিত ব্যক্তির বহির্গমনের ক্ষেত্রে প্রযোজ্য হইবে না, যথা:—(ক) প্রজাতন্ত্রের কর্ম বা সংবিধিবদ্ধ সর
6. <local_government_1026_s8> [স্থানীয় সরকার (সিটি কর্পোরেশন) আইন, ২০০৯, ধারা ৮] সম্পত্তি সম্পর্কিত ঘোষণা — (১) মেয়র এবং প্রত্যেক কাউন্সিলরকে, শপথ গ্রহণ বা ঘোষণা প্রদানের সময় ট্যাক্স আইডেন্টিফিকেশন নম্বরসহ (যদি থাকে)
7. <other_1167_s9> [রপ্তানি উন্নয়ন ব্যুরো আইন, ২০১৫, ধারা ৯] ব্যুরোর দায়িত্ব ও কার্যাবলি — (১) ব্যুরোর দায়িত্ব ও কার্যাবলি হইবে নিম্নরূপ, যথা:-(ক) দেশের রপ্তানি উন্নয়নের লক্ষ্যে সরকারি এবং বেসরকারি উ
8. <other_1131_s22> [বৈদেশিক কর্মসংস্থান ও অভিবাসী আইন, ২০১৩, ধারা ২২] কর্মসংস্থান চুক্তি — (১) রিক্রুটিং এজেন্ট নির্বাচিত কর্মী এবং তাহার নিয়োগকারীর মধ্যে একটি কর্মসংস্থান চুক্তি সম্পাদন করিবে, যাহাতে
9. <other_949_s22> [কেবল টেলিভিশন নেটওয়ার্ক পরিচালনা আইন, ২০০৬, ধারা ২২] চ্যানেলের মূল্য পরিশোধ, ইত্যাদি — কোন ডিসট্রিবিউটর, সরকারের পূর্বানুমোদন ব্যতিরেকে, বিদেশী পে-চ্যানেল ডাউন লিংক করিবার লক্ষ্যে পরিশোধিতব্য চ্যান
10. <other_1429_s192> [আয়কর আইন, ২০২৩, ধারা ১৯২] হিন্দু অবিভক্ত পরিবারের বিভাজনের ক্ষেত্রে কর নির্ধারণ — (১) এই আইনের উদ্দেশ্যপূরণকল্পে, হিন্দু অবিভক্ত পরিবার হিসাবে নির্ধারিত কোনো হিন্দু পরিবারকে সেই পর্যন্ত হিন্দু","other_36_s42_p0, other_36_s8",own_search,answered,3,
prot_0047_05,Iftiaq,,আমার স্ত্রীর দুই বোন ও দুই ভাই আছে। তাদের মধ্যে এক বোন তার দুই মেয়ে রেখে মারা গেছেন। আমার শ্বশুর-শাশুড়ি জীবিত এবং তাদের সম্পত্তি ভাগ-বাঁটোয়ারা হয়নি। এমতাবস্থায় আমার শ্বশুর আমার স্ত্রীর নামে কিছু জমি লিখে দিতে চাচ্ছেন। এ ক্ষেত্রে কী কী ধরনের রেজিস্ট্রি করা যায়? কী ধরনের রেজিস্ট্রি করলে ভালো হবে? খরচই বা কত পড়বে?নাম প্রকাশে অনিচ্ছুক,"1. <other_1682_s2_p0> [মানবদেহে অঙ্গ-প্রত্যঙ্গ সংযোজন আইন, ২০২৬, ধারা ২] সংজ্ঞা — বিষয় বা প্রসঙ্গের পরিপন্থি কোনো কিছু না থাকিলে, এই আইনে- (১) “অঙ্গ-প্রত্যঙ্গ” অর্থ মানবদেহের কিডনি, হৃৎপিণ্ড,
2. <other_1266_s2_p3> [বাংলাদেশ মুক্তিযোদ্ধা কল্যাণ ট্রাস্ট আইন, ২০, ধারা ২] সংজ্ঞা — বা স্বামী এবং পিতা-মাতার অবর্তমানে খেতাবপ্রাপ্ত বীর মুক্তিযোদ্ধার সন্তান; বা(উ) (অ)-(ঈ) পর্যন্ত বর্ণিত ব্যক্তি
3. <other_1037_s57_p1> [বীমা আইন, ২০১০, ধারা ৫৭] বীমা পলিসি গ্রাহক কর্তৃক মনোনয়ন৷ — মনোনয়ন স্বয়ংক্রিয়ভাবে বাতিল হইবেঃতবে শর্ত থাকে যে, স্বত্ব নিয়োগকালীন ঝুঁকি গ্রহণকারী বীমাকারী পলিসির জামান
4. <labour_952_s190> [বাংলাদেশ শ্রম আইন, ২০০৬, ধারা ১৯০] রেজিস্ট্রি বাতিলকরণ — (১) এই ধারার অন্য বিধান সাপেক্ষে, শ্রম পরিচালক কোন ট্রেড ইউনিয়নের রেজিস্ট্রি বাতিল করিতে পারিবেন, যদি-145[ (ক
5. <other_1412_s6_p0> [বেসরকারি মেডিকেল কলেজ ও ডেন্টাল কলেজ আইন, ২০, ধারা ৬] বেসরকারি মেডিকেল কলেজ বা ডেন্টাল কলেজ স্থাপনের শর্তাবলি — এই আইনের অধীন বেসরকারি মেডিকেল কলেজ বা ডেন্টাল কলেজ স্থাপনের লক্ষ্যে নিম্নবর্ণিত শর্তাবলি পূরণ করিতে হইবে, যথা
6. <local_government_1027_s2_p1> [স্থানীয় সরকার (ইউনিয়ন পরিষদ) আইন, ২০০৯, ধারা ২] সংজ্ঞা — শহর হিসাবে ঘোষিত নয় এইরূপ এলাকা;(১৩) 'চেয়ারম্যান' অর্থ ইউনিয়ন পরিষদের চেয়ারম্যান;(১৪) 'জনপথ' অর্থ সর্বসাধা
7. <other_1148_s2> [বাংলাদেশ সাংবাদিক কল্যাণ ট্রাস্ট আইন, ২০১৪, ধারা ২] সংজ্ঞা — বিষয় বা প্রসঙ্গের পরিপন্থী কোন কিছু না থাকিলে, এই আইনে-(১) ‘‘চেয়ারম্যান’’ অর্থ বোর্ডের চেয়ারম্যান;(২) ‘‘ট্র
8. <other_1682_s13> [মানবদেহে অঙ্গ-প্রত্যঙ্গ সংযোজন আইন, ২০২৬, ধারা ১৩] অসামঞ্জস্য জোড়া অঙ্গ-প্রত্যঙ্গ বিনিময় বা প্রতিস্থাপন (SWAP Transplant) এর পদ্ধতি — (১) জীবিত নিকট আত্মীয় অঙ্গ-প্রত্যঙ্গ দাতা-গ্রহীতা জুটি যখন চিকিৎসাগতভাবে অসামঞ্জস্যপূর্ণ (mismatch) হয়, তখন 
9. <other_1045_s18> [চার্টার্ড সেক্রেটারীজ আইন, ২০১০, ধারা ১৮] রেজিস্টার — (১) সচিব, নিম্নবর্ণিত তথ্যাদি উল্লেখপূর্বক, নির্ধারিত পদ্ধতিতে, সদস্যগণের নাম রেজিস্টারে অন্তর্ভুক্ত ও সংরক্ষণ
10. <labour_1285_s99> [বাংলাদেশ ইপিজেড শ্রম আইন, ২০১৯, ধারা ৯৯] গঠনতন্ত্র এবং নির্বাহী পরিষদের কতিপয় পরিবর্তনের ক্ষেত্রে নোটিশ প্রদান — (১) কোনো শ্রমিক কল্যাণ সমিতির গঠনতন্ত্রের প্রত্যেক সংশোধন, উহারপ্রতিনিধিরপ্রত্যেক পরিবর্তন, এবং উহার নাম ও ঠিক","other_48_s123, land_90_s17_p0",own_search,answered,3,
prot_0084_06,Iftiaq,,আমার দাদার বাবারা তিন ভাই। দাদা তাঁর ছোট চাচার একমাত্র মেয়েকে বিয়ে করেছেন। আমার দাদির কোনো ভাইবোন নেই। দাদি তাঁর বাবার কাছ থেকে প্রাপ্ত অংশটুকু বিক্রি করে দিয়েছেন। সব সম্পত্তি হিন্দু জমিদারের কাছে বন্ধক ছিল। আমার দাদা ও দাদির বাবা সব সম্পত্তি বন্ধকমুক্ত করার বিনিময়ে দাদির বাবা জমির এক-তৃতীয়াংশের মালিক হয়েছেন। ওই জমি দাদির বাবা আমার দাদির নামে দানপত্র দলিল করে দিয়েছেন। বর্তমানে আরএস ও বিএস জরিপেও আমরা মালিক। এখন আমার দাদার বড় দুই চাচার ওয়ারিশেরা এর বিরোধিতা করছে। এখন আইনগতভাবে আমরা কী করতে পারি? আমরা এর মালিক কিনা?,"1. <other_721_s6_p2> [বাংলাদেশ ঋণ সালিসি আইন, ১৯৮৯, ধারা ৬] কতিপয় জমির বিক্রয় খায়খালাসী বন্ধক ঘোষণা — একর জমির মালিক হন অথবা ক্রেতা যদি অনধিক তিন একর জমির মালিক হন এবং জীবন ধারণে অতগমতাজনিত অসহায় হন তবে উক্ত উক্
2. <other_1429_s133> [আয়কর আইন, ২০২৩, ধারা ১৩৩] প্রকাশ্য নিলামের বিক্রি হইতে কর সংগ্র — (১) কোনো ব্যক্তি কোনো নির্দিষ্ট মালিকের কোনো পণ্য বা সম্পত্তি সীলমোহরযুক্ত দরপত্রের মাধ্যমে প্রকাশ্য নিলামে বি
3. <other_721_s7> [বাংলাদেশ ঋণ সালিসি আইন, ১৯৮৯, ধারা ৭] কতিপয় বিক্রয় বাতিল — (১) এই আইন বলবত্ হইবার পর অনধিক দুই একর কৃষি জমির মালিক কোন কৃষক প্রাকৃতিক দুর্যোগে তগতিগ্রস্ত হওয়ার বা জীবন 
4. <other_1349_s2> [আকাশপথে পরিবহণ (মন্ট্রিল কনভেনশন) আইন, ২০২০, ধারা ২] বিষয়বাপ্রসঙ্গেরপরিপন্থিকোনোকিছুনাথাকিলে,এইআইনে-(ক)‘অভ্যন্তরীণপরিবহণ’অর্থআকাশপথে পরিবহণেপক্ষসমূহেরমধ্যেসম্পাদি
5. <other_1070_s22> [উদ্ভিদ সংগনিরোধ আইন, ২০১১, ধারা ২২] লিখিত বিজ্ঞপ্তি — (১) যদি উদ্ভিদ সংগনিরোধ কর্মকর্তা এই মর্মে নিশ্চিত হন যে, কোন একটি স্থানে সংগনিরোধ বালাই রহিয়াছে, তাহা হইলে ত
6. <other_1138_s2> [গ্রামীণ ব্যাংক আইন, ২০১৩, ধারা ২] সংজ্ঞা — বিষয় বা প্রসংগের পরিপন্থি কোন কিছু না থাকিলে, এই আইনে,-1[(১) “ঋণ” অর্থ এইরূপ কোনো ব্যক্তির পক্ষে ব্যাংক কর্তৃ
7. <labour_952_s287> [বাংলাদেশ শ্রম আইন, ২০০৬, ধারা ২৮৭] অনুমোদিত অনুপস্থিতির সময়ে মঞ্জুরীরর বিনিময়ে কাজ করার দন্ড — কোন মহিলা, চতুর্থ অধ্যায়ের বিধি মোতাবেক তাহার মালিক কর্তৃক অনুমোদিত অনুপস্থিতিকালে, নগদ অর্থ অথবা জিনিসের বিন
8. <other_774_s6> [চিংড়ি চাষ অভিকর আইন, ১৯৯২, ধারা ৬] অভিকর প্রদানের দায়িত্ব — আপাততঃ বলবত্ অন্য কোন আইন, রীতিনীতি, প্রথা বা চুক্তিতে যাহাই থাকুক না কেন, প্রজ্ঞাপিত এলাকায় আরোপিত অভিকর সংশ
9. <other_1055_s9> [রিয়েল এস্টেট উন্নয়ন ও ব্যবস্থাপনা আইন, ২০১০, ধারা ৯] হস্তান্তর দলিল সম্পাদন ও রেজিস্ট্রেশন — (১) রিয়েল এস্টেটের সমুদয় মূল্য পরিশোধের পর ডেভেলপার অনূর্ধ্ব ৩ (তিন) মাসের মধ্যে ক্রেতাকে রিয়েল এস্টেটের দখ
10. <other_1055_s7> [রিয়েল এস্টেট উন্নয়ন ও ব্যবস্থাপনা আইন, ২০১০, ধারা ৭] ভূমির মালিক কর্তৃক রিয়েল এস্টেট নির্মাণ — (১) কোন ডেভেলপার জমি খরিদ করিয়া উক্ত জমিতে মালিক নিয়ত হইয়া উক্ত জমির উপর বিক্রয়ের উদ্দেশ্যে রিয়েল এস্টেট ",women_children_835_s11,own_search,answered,3,
prot_0071_05,Iftiaq,,"২০০৮ সালে আমরা দুজন পরিবারের অনুমতি ছাড়া এফিডেভিট করে নোটারি পাবলিক কার্যালয়ের মাধ্যমে সরকারি কাজি দিয়ে রেজিস্ট্রির মাধ্যমে বিয়ে করি। আমি ও আমার স্ত্রী এখন স্নাতকোত্তর পর্যায়ে পড়ছি। চার মাস পর মেয়েপক্ষ বিয়ের ঘটনা জানলে আমাকে ডেকে নিয়ে প্রতিষ্ঠিত হওয়ার পরামর্শ দেয় এবং তারপর মেয়ের সঙ্গে দেখা করতে বলে। আমি অনেক কষ্টে রাজি হই। কিন্তু তার এক দিন পর অন্য কাজির কাছ থেকে দুজন সাক্ষীর স্বাক্ষর দিয়ে অপূর্ণ ডিভোর্স পেপার তুলে আনে। এর সাত-আট দিন পর আমার স্ত্রীকে শারীরিক ও মানসিক চাপ দিয়ে স্বাক্ষর নেয়। কিন্তু তখন থেকে আজ পর্যন্ত এক দিনের জন্যও আমাদের সম্পর্ক বিচ্ছিন্ন হয়নি। এমনকি শারীরিক সম্পর্কও আছে। মেয়ের বক্তব্য, তাকে জোর করে ডিভোর্স করানো হয়েছে। আমরা দুজন দুজনকে চাই। এখন মেয়েপক্ষ অন্যত্র বিয়ের জন্য আমার স্ত্রীকে শারীরিক ও মানসিকভাবে নির্যাতন করছে। এ অবস্থায় আমি কি আইনের আশ্রয় নিতে পারি? তা কীভাবে? আর ডিভোর্স বৈধ হলে পুনরায় বিয়ে করতে হিল্লা বিয়ের প্রয়োজন আছে কি না?উল্লেখ্য, আমাকে তালাক নোটিশ পাঠিয়েছে ২০০৮ সালে, অর্থাৎ তিন মাস পর। নোটিশে উল্লেখ ছিল, চেয়ারম্যানকেও এক কপি দেওয়া হয়েছে। কিন্তু চেয়ারম্যানের কার্যালয়ে খোঁজ নিয়ে দেখি, সেখানে কোনো নোটিশ আসেনি এবং চেয়ারম্যান বা অন্য মাধ্যমে কোনো সমঝোতা হয়নি।নাম প্রকাশে অনিচ্ছুক","1. <women_children_1063_s3> [পারিবারিক সহিংসতা (প্রতিরোধ ও সুরক্ষা) আইন, , ধারা ৩] পারিবারিক সহিংসতা — - এই আইনের উদ্দেশ্য পূরণকল্পে পারিবারিক সহিংসতা বলিতে পারিবারিক সম্পর্ক রহিয়াছে এমন কোন ব্যক্তি কতৃর্ক পরিবার
2. <labour_952_s290> [বাংলাদেশ শ্রম আইন, ২০০৬, ধারা ২৯০] 1 [দুর্ঘটনার এবং পেশাগত ব্যাধিসমূহের বিষয়ে নোটিশ প্রদানে ব্যর্থতার দণ্ড] — কোন ব্যক্তি এই আইনের বিধান লঙ্ঘন করিয়া কোন দুর্ঘটনা সম্পর্কে নোটিশ দিতে ব্যর্থ হইলে তিনি, যদি দুর্ঘটনার কারণে
3. <other_1037_s85> [বীমা আইন, ২০১০, ধারা ৮৫] পলিসি তামাদির ক্ষেত্রে বীমাকৃতের প্রাপ্তব্য সুবিধাদি সম্পর্কে নোটিশ প্রদান৷ — কোন বীমাকারী যে তারিখে লাইফ ইন্স্যুরেন্স পলিসির প্রিমিয়াম প্রদেয় ছিল, কিন্তু পরিশোধ করা হয়নি ঐ তারিখ হইতে ৩
4. <labour_952_s80> [বাংলাদেশ শ্রম আইন, ২০০৬, ধারা ৮০] দুর্ঘটনা সম্পর্কে নোটিশ প্রদান — (১) যদি কোন প্রতিষ্ঠানে কোন দুর্ঘটনা ঘটে, যাহাতে প্রাণহানি বা শারীরিক জখম হয়, অথবা যদি কোন প্রতিষ্ঠানে দুর্ঘট
5. <labour_952_s12> [বাংলাদেশ শ্রম আইন, ২০০৬, ধারা ১২] কাজ বন্ধ রাখা — (১) অগ্নিকান্ড, আকষ্মিক বিপত্তি, যন্ত্রপাতি বিকল, বিদু্যৎ সরবরাহ বন্ধ, মহামারী, ব্যাপক দাঙ্গা-হাঙ্গামা অথবা মা
6. <labour_952_s47_p0> [বাংলাদেশ শ্রম আইন, ২০০৬, ধারা ৪৭] প্রসূতি কল্যাণ সুবিধা পরিশোধ সংক্রান্ত পদ্ধতি — (১) কোন অন্ত্মঃসত্ত্বা মহিলা এই আইনের অধীন প্রসূতি কল্যাণ সুবিধা পাইবার অধিকারী হইলে তিনি যে কোন দিন মালিককে ল
7. <other_1096_s9> [বাংলাদেশ পরমাণু শক্তি নিয়ন্ত্রণ আইন, ২০১২, ধারা ৯] চেয়ারম্যান ও সদস্যদের পদত্যাগ, অপসারণ ও দায়িত্ব পালনে অসমর্থতা — (১) চেয়ারম্যান বা যে কোন সদস্য তাহার চাকুরীর নির্ধারিত মেয়াদ শেষ হইবার পূর্বে যেকোন সময়, এক মাসের নোটিশ প্র
8. <labour_1285_s11> [বাংলাদেশ ইপিজেড শ্রম আইন, ২০১৯, ধারা ১১] কাজ বন্ধ রাখা — (১) অগ্নিকাণ্ড, মারাত্নক দৈব দুর্ঘটনা, মহামারি, ব্যাপক দাঙ্গা-হাঙ্গামা এর জন্য প্রয়োজন হইলে কোনো মালিক যে কোন
9. <labour_952_s216_p1> [বাংলাদেশ শ্রম আইন, ২০০৬, ধারা ২১৬] অপরাধ বিচার ছাড়া অন্য কোন বিষয়ে শ্রম আদালতের ক্ষমতা ওকার্যক্রম — বা আপত্তি পেশ করিতে ব্যর্থ হয়, তাহা হইলে মামলাটি একতরফা শুনানীক্রমে নিষ্পত্তি করা হইবে।(৬) কোন পক্ষের আবেদনক্
10. <other_788_s77> [কোম্পানী আইন, ১৯৯৪, ধারা ৭৭] কোম্পানীর নিবন্ধিকৃত কার্যালয় ও নাম — (১) কোম্পানীর কার্যাবলী (business) আরম্ভ করার দিন অথবা উহা নিগমিত হওয়ার তারিখের পর অষ্টবিংশতিতম দিন, এই দুইয়",family_305_s7,own_search,answered,3,
prot_0122_01,Iftiaq,,"নিষেধ করা সত্ত্বেও আসে, কিন্তু কোনো দায়িত্ব পালন করে না। বরং বিভিন্নভাবে বিরক্ত করে। বর্তমানে ঋণ ও অন্যান্য কারণে সমস্ত দায়িত্ব পালনে অক্ষম হওয়ায় তাকে বলেছি মেয়ের ভরণপোষণের জন্য কিছু টাকা দিতে, কিন্তু সে বলে যে তার কোনো টাকা নেই। তাই সে দিতে পারবে না। আমি ও আমার মেয়ে কীভাবে তার কাছ থেকে ভরণপোষণ পেতে পারি?","1. <other_914_s12> [দুর্নীতি দমন কমিশন আইন, ২০০৪, ধারা ১২] প্রধান নির্বাহী — (১) চেয়ারম্যান কমিশনের প্রধান নির্বাহী হইবেন; এবং তাঁহার পদত্যাগ, অপসারণ, অনুপস্থিতি, অসুস্থতা বা অন্য কোন কা
2. <consumer_1452_s9> [কপিরাইট আইন, ২০২৩, ধারা ৯] রেজিস্ট্রার ও অন্যান্য কর্মচারী নিয়োগ, ইত্যাদি — (১) এই আইনের উদ্দেশ্যপূরণকল্পে, সরকার, একজন কপিরাইট রেজিস্ট্রার এবং প্রয়োজনীয় সংখ্যক অতিরিক্ত কপিরাইট রেজিস্
3. <money_recovery_876_s84> [সমবায় সমিতি আইন, ২০০১, ধারা ৮৪] নিবন্ধকের দায়িত্ব সম্পাদনের ক্ষমতা — (১) এই আইনের অন্যান্য ধারায় ভিন্নতর যাহা কিছুই থাকুক না কেন, এই আইন, বিধিমালা বা উপ-আইনের অধীনে কোন সমবায় সম
4. <other_857_s14> [বাংলাদেশ টেলিযোগাযোগ নিয়ন্ত্রণ আইন, ২০০১, ধারা ১৪] প্রধান নির্বাহী — চেয়ারম্যান কমিশনের প্রধান নির্বাহী হইবেন; এবং তাহার পদত্যাগ, অপসারণ, অনুপস্থিতি, অসুস্থতা বা অন্য কোন কারণে দ
5. <other_875_s48> [শেরেবাংলা কৃষি বিশ্ববিদ্যালয় আইন, ২০০১, ধারা ৪৮] কর্তৃপক্ষের সদস্য হওয়ার ক্ষেত্রে বাধা-নিষেধ — কোন ব্যক্তি বিশ্ববিদ্যালয় বা ইনস্টিটিউটের কোন পদে অধিষ্ঠিত থাকার বা বিশ্ববিদ্যালয় বা কোন ইনস্টিটিউটের কোন কর
6. <women_children_835_s13> [নারী ও শিশু নির্যাতন দমন আইন, ২০০০, ধারা ১৩] (১) অন্য কোন আইনে ভিন্নতর যাহা কিছুই থাকুক না কেন, ধর্ষণের কারণে কোন সন্তান জন্মলাভ করিলে-(ক) উক্ত সন্তানকে তা
7. <other_1056_s50> [বাংলাদেশ টেক্সটাইল বিশ্ববিদ্যালয় আইন, ২০১০, ধারা ৫০] কর্তৃপক্ষের সদস্য হওয়ার ক্ষেত্রে বাধা নিষেধ — কোন ব্যক্তি বিশ্ববিদ্যালয় বা ইনস্টিটিউটের কোন পদে অধিষ্ঠিত থাকিবার বা বিশ্ববিদ্যালয় বা কোন ইনস্টিটিউটের কোন 
8. <other_907_s47> [চট্টগ্রাম প্রকৌশল ও প্রযুক্তি বিশ্ববিদ্যালয় , ধারা ৪৭] কর্তৃপক্ষের সদস্য হওয়ার ক্ষেত্রে বিধি-নিষেধ — কোন ব্যক্তি বিশ্ববিদ্যালয় বা ইনস্টিটিউটের কোন পদে অধিষ্ঠিত থাকার বা বিশ্ববিদ্যালয় বা কোন ইনস্টিটিউটের কোন কর
9. <other_909_s47> [খুলনা প্রকৌশল ও প্রযুক্তি বিশ্ববিদ্যালয় আইন,, ধারা ৪৭] কর্তৃপক্ষের সদস্য হওয়ার ক্ষেত্রে বিধি নিষেধ — কোন ব্যক্তি বিশ্ববিদ্যালয় বা ইনস্টিটিউটের কোন পদে অধিষ্ঠিত থাকার বা বিশ্ববিদ্যালয় বা কোন ইনস্টিটিউটের কোন কর
10. <other_908_s47> [রাজশাহী প্রকৌশল ও প্রযুক্তি বিশ্ববিদ্যালয় আই, ধারা ৪৭] কর্তৃপক্ষের সদস্য হওয়ার ক্ষেত্রে বিধি-নিষেধ — কোন ব্যক্তি বিশ্ববিদ্যালয় বা ইনস্টিটিউটের কোন পদে অধিষ্ঠিত থাকার বা বিশ্ববিদ্যালয় বা কোন ইনস্টিটিউটের কোন কর","family_1444_s5, women_children_1063_s16",own_search,answered,3,
prot_0010_01,Iftiaq,,"আমার বয়স ১৯ বছর। গত চার বছর ধরে আমার একটি মেয়ের সঙ্গে গভীর সম্পর্ক চলছে। আমাদের সম্পর্ক খুব ভালোভাবেই কাটছে। দুজনে সিদ্ধান্ত নিয়েছি, আমরা বিয়ে করব। কিন্তু মেয়েটির বয়স ১৬ বছর। তাই আমরা আগামী দুই বছর অপেক্ষা করেই বিয়ের কাজ সম্পন্ন করতে চাচ্ছি। কিন্তু আমাদের দুজনের ধর্ম আলাদা। বিষয়টি মেয়ের পরিবারে জানাজানির পর তারা সাফ জানিয়ে দিয়েছে, তারা কোনোভাবেই মেনে নেবে না। তাই আমরা সিদ্ধান্ত নিয়েছি বিয়ের সময় হলে, পালিয়ে গিয়ে বিয়ে করব। আমরা কীভাবে আমাদের বিয়ে সম্পন্ন করতে পারি? নাম ও ঠিকানা প্রকাশে অনিচ্ছুক","1. <other_1016_s11> [বাংলাদেশ ইউনিভার্সিটি অব প্রফেশনালস আইন, ২০০, ধারা ১১] ভাইস-চ্যান্সেলর নিয়োগ — (১) চ্যান্সেলর, তদকর্তৃক নির্ধারিত শর্তে, মেজর জেনারেল বা তদূর্ধ্ব পদবীর, চাকুরীরত বা অবসরপ্রাপ্ত, কোন কর্মকর্
2. <labour_1285_s24> [বাংলাদেশ ইপিজেড শ্রম আইন, ২০১৯, ধারা ২৪] চাকরি হইতে অবসর গ্রহণ — (১) এই অধ্যায়ের অন্যত্র যাহা কিছুই উল্লে­খ থাকুক না কেন, কোনো প্রতিষ্ঠানে নিয়োজিত কোনো শ্রমিকের বয়স ৬০ (ষাট
3. <other_1403_s40> [মোংলা বন্দর কর্তৃপক্ষ আইন, ২০২২, ধারা ৪০] দণ্ড — কোনো ব্যক্তি যদি এই আইন ও বিধির কোনো বিধান লঙ্ঘন করেন তাহা হইলে উক্ত লঙ্ঘন হইবে একটি অপরাধ এবং তজ্জন্য তিনি অন
4. <other_1487_s10> [অফশোর ব্যাংকিং আইন, ২০২৪, ধারা ১০] অফশোর ব্যাংকিং কার্যক্রম পরিচালনার জন্য প্রদত্ত লাইসেন্স ধারা ৯ এর অধীন বাতিল বা সমর্পণ কার্যকর হইবার ২ (দুই) 
5. <other_1217_s19> [বাংলাদেশ সড়ক পরিবহণ কর্তৃপক্ষ আইন, ২০১৭, ধারা ১৯] বার্ষিক বাজেট বিবরণী — কর্তৃপক্ষ, প্রতি অর্থ বছর সরকার কর্তৃক নির্দিষ্ট সময়ের মধ্যে পরবর্তী অর্থবৎসরের বার্ষিক বাজেট প্রস্তুত করিয়া
6. <other_1064_s17> [আন্তজার্তিক মাতৃভাষা ইনস্টিটিউট  আইন, ২০১০, ধারা ১৭] প্রতিবেদন — (১) প্রতি পঞ্জিকা বছর শেষ হইবার সঙ্গে সঙ্গে ইনস্টিটিউট উক্ত বৎসরে সম্পাদিত কার্যাবলীর খতিয়ান-সম্বলিত বার্ষিক 
7. <other_1282_s18> [বাংলাদেশ মৎস্য গবেষণা ইনস্টিটিউট আইন, ২০১৮, ধারা ১৮] বার্ষিক প্রতিবেদন — (১) ইনস্টিটিউট প্রতি বছর তদকর্তৃক সম্পাদিত কার্যাবলীর বিবরণ সম্বলিত একটি বার্ষিক প্রতিবেদন, যথাশীঘ্র সম্ভব, সর
8. <other_1717_s18ক_p1> [ব্যাংক রেজল্যুশন আইন, ২০২৬, ধারা ১৮ক] রেজল্যুশন কার্যক্রম হইতে শেয়ার, সম্পদ-দায়, পুনঃধারণ বা ধারণ — বা পক্ষ ক্ষতিগ্রস্থ হইলে তাহাদের প্রাপ্য ক্ষতিপূরণ প্রদান করিবে; ছ) বাংলাদেশ ব্যাংক, আবেদনকারীর নিকট হস্তান্তর
9. <other_1485_s5> [বাংলাদেশ পুলিশ কল্যাণ তহবিল আইন, ২০২৩, ধারা ৫] বোর্ডের সভা — (১) এই ধারার অন্যান্য বিধান সাপেক্ষে, সভার কার্যপদ্ধতি বিধি দ্বারা নির্ধারিত হইবে।(২) বোর্ডের সভা চেয়ারম্যান 
10. <other_935_s15> [বেসরকারী নিরাপত্তা সেবা আইন, ২০০৬, ধারা ১৫] লাইসেন্সের মেয়াদ, নবায়ন, স্থগিতকরণ ও বাতিল — (১) বেসরকারী নিরাপত্তা সেবা প্রতিষ্ঠান স্থাপন ও পরিচালনার জন্য প্রদত্ত লাইসেন্সের মেয়াদ হইবে লাইসেন্স ইস্যুর ",women_children_835_s17,own_search,answered,3,
prot_0012_01,Iftiaq,,"আমার মায়ের দিকে তিন ভাই, তিন বোন। বোন একজন জীবিত এবং ভাই একজন জীবিত। আমার নানা তাঁর মায়ের কাছ থেকে উত্তরাধিকার সূত্রে কিছু জমি পেয়েছেন, যেটা আগে কেউ জানতেন না। এক দূরসম্পর্কের মামা সম্পত্তির খোঁজ বের করে আমাদের জানান। এখন আমার মায়ের দিকের যে ভাইবোনেরা জীবিত নেই, তাঁরা এবং তাঁদের ছেলেমেয়েরা কি এই সম্পত্তির উত্তরাধিকার হবেন? যিনি এই সম্পত্তির খোঁজ এনেছেন, তাঁর ভাষ্যমতে সবাই জীবিত অবস্থায় এই সম্পত্তির কথা জানতেন না। সুতরাং এখন যাঁরা জীবিত আছেন, তাঁরাই শুধু এই সম্পত্তির উত্তরাধিকার। কারণ, মৃত মানুষ সম্পত্তির উত্তরাধিকার হতে পারেন না। সঠিক আইনটি জানালে অনেক উপকৃত হতাম। নাম প্রকাশে অনিচ্ছুক","1. <other_1682_s2_p0> [মানবদেহে অঙ্গ-প্রত্যঙ্গ সংযোজন আইন, ২০২৬, ধারা ২] সংজ্ঞা — বিষয় বা প্রসঙ্গের পরিপন্থি কোনো কিছু না থাকিলে, এই আইনে- (১) “অঙ্গ-প্রত্যঙ্গ” অর্থ মানবদেহের কিডনি, হৃৎপিণ্ড,
2. <consumer_1010_s11> [ট্রেডমার্ক আইন, ২০০৯, ধারা ১১] জীবিত বা মৃত ব্যক্তির নাম ব্যবহার — কোন ট্রেডমার্ক নিবন্ধনের আবেদনের সহিত কোন জীবিত ব্যক্তি বা আবেদন দাখিলের পূর্ববর্তী ২০ (বিশ) বৎসরের মধ্যে মৃত 
3. <other_812_s60> [দেউলিয়া বিষয়ক আইন, ১৯৯৭, ধারা ৬০] কতিপয় হস্তান্তর রহিতকরণ — (১) দেউলিয়া ঘোষণাদেশ প্রদান তারিখের অব্যবহিত পূর্ববর্তী ১৫ (পনর) বত্সরের মধ্যে সম্পাদিত দেনাদারের কোন সম্পত্ত
4. <other_788_s239> [কোম্পানী আইন, ১৯৯৪, ধারা ২৩৯] প্রদায়কের উত্তরাধিকারী ইত্যাদির দায়-দায়িত্ব — (১) প্রদায়কের তালিকায় নাম লিপিবদ্ধ হওয়ার পূর্বে বা পরে কোন প্রদায়কের মৃত্যু ঘটিলে, তাহার আইনানুগ প্রতিনিধি
5. <land_856_s2_p1> [অর্পিত সম্পত্তি প্রত্যর্পণ আইন, ২০০১, ধারা ২] সংজ্ঞা — “জেলা প্রশাসক” বলিতে, এই আইনের উদ্দেশ্য পূরণকল্পে, তত্কর্তৃক ক্ষমতা প্রদত্ত অন্য কোন কর্মকর্তাও অন্তর্ভুক্ত;(চ
6. <land_1455_s10> [ভূমি সংস্কার আইন, ২০২৩, ধারা ১০] বর্গাদারের মৃত্যুর পর বর্গাভূমির চাষ — (১) কোনো বর্গাদার বর্গাচুক্তির মেয়াদ শেষ হইবার পূর্বে মারা গেলে, উহার মেয়াদ শেষ না হওয়া পর্যন্ত অথবা এই আইন
7. <land_1449_s2_p0> [ভূমি উন্নয়ন কর আইন, ২০২৩, ধারা ২] সংজ্ঞা — বিষয় বা প্রসঙ্গের পরিপন্থি কোনো কিছু না থাকিলে, এই আইনে,-(১) ‘অকৃষি ভূমি’ অর্থNon-Agricultural Tenancy Act, 1
8. <other_1413_s15> [সরকারি ঋণ আইন, ২০২২, ধারা ১৫] সরকারি সিকিউরিটি বা জাতীয় সঞ্চয় স্কীমের আওতায় ইস্যুকৃত সার্টিফিকেটের যৌথ ধারক বা প্রাপক মৃত্যুবরণ করিলে — Contract Act, 1872(Act No. IX of 1872) এ যাহা কিছুই থাকুক না কেন,-(ক) সরকারি সিকিউরিটি বা জাতীয় সঞ্চয় স্কীমে
9. <other_1037_s57_p1> [বীমা আইন, ২০১০, ধারা ৫৭] বীমা পলিসি গ্রাহক কর্তৃক মনোনয়ন৷ — মনোনয়ন স্বয়ংক্রিয়ভাবে বাতিল হইবেঃতবে শর্ত থাকে যে, স্বত্ব নিয়োগকালীন ঝুঁকি গ্রহণকারী বীমাকারী পলিসির জামান
10. <other_1273_s22_p0> [মানসিক স্বাস্থ্য আইন, ২০১৮, ধারা ২২] মানসিক অসুস্থতায় আক্রান্ত ব্যক্তির সম্পত্তি রক্ষণাবেক্ষণ — (১) যেই ক্ষেত্রে মানসিক হাসপাতালে ভর্তির পর কোনো মানসিক অসুস্থতায় আক্রান্ত ব্যক্তির মানসিক অক্ষমতার কারণে অথব",family_305_s6,own_search,answered,3,
prot_0063_04,Iftiaq,,"আমার বয়স ২০ বছর। আমি অনার্স প্রথম বর্ষের ছাত্রী। প্রায় তিন বছর আগে আমার এক খালাতো ভাইয়ের সঙ্গে সম্পর্ক গড়ে ওঠে। কিন্তু পারিবারিক কলহের জের ধরে আমাদের সম্পর্ক কেউ মেনে নিতে চায়নি। ছেলেটি বিবিএ পাস। প্রায় ছয়-সাত মাস আগে সে একটি চাকরি পায়। আমরা চলতি বছরের ১৮ মে গোপনে কাজি অফিসে গিয়ে বিয়ে করি। কিন্তু কিছুদিন পর বিষয়টা জানাজানি হয়ে যায় এবং তাকে তালাক দেওয়ার জন্য আমার ওপর অকথ্য শারীরিক ও মানসিক নির্যাতন চালানো হয়। এমনকি জোর করে আমাকে পুনরায় কাজি অফিসে নিয়ে যাওয়া হয় তালাক দেওয়ার জন্য। কিন্তু আমি তালাক দিইনি এবং বাড়ি ফিরে আসি। অবশেষে গত ১৯ জুন জোর করে ইচ্ছার বিরুদ্ধে আমাকে তালাকের কাগজে সই করায়। কিন্তু ছেলেটি আমাকে আগের মতোই ভালোবাসে এবং আমিও তাকে অনেক ভালোবাসি। এক মুহূর্তের জন্যও মনে হয় না, আমি তাকে তালাক দিয়েছি। প্রতিটি মুহূর্ত আমি খুব কষ্ট পাই এবং কখনো মানসিক শান্তি পাই না। এমনকি এখন ওই ছেলের সঙ্গে আমার নিয়মিত কথা হয়। ছেলেটি জানলেও তার বাড়ির লোকজন কেউ জানে না এই তালাকের কথা। তাদের সঙ্গেও আমার কথা হয়। আমার প্রশ্ন, যেহেতু আমার ইচ্ছার বিরুদ্ধে কাজটি করা হয়েছে, তাই এ ক্ষেত্রে কি আমাদের শারীরিক মেলামেশা নিষিদ্ধ? যেহেতু ছেলেটি আমাকে তালাক দেয়নি। এ ক্ষেত্রে বৈধভাবে তার স্ত্রী হতে হলে আমার করণীয় কী? উল্লেখ্য, আমাদের বিয়ে রেজিস্ট্রি করা হয়নি। রেজিস্ট্রি হওয়ার আগেই এ ঘটনা ঘটে। নাম প্রকাশে অনিচ্ছুকযশোর","1. <family_1444_s26> [পারিবারিক আদালত আইন, ২০২৩, ধারা ২৬] মুসলিম পারিবারিক আইনের বিধানকে প্রভাবিত না করা — (১) এই আইনের কোনো কিছুই মুসলিম পরিবারিক আইন অথবা তদধীন প্রণীত বিধিমালার কোনো বিধানকে প্রভাবিত করিবে না।(২) যেক
2. <women_children_1063_s3> [পারিবারিক সহিংসতা (প্রতিরোধ ও সুরক্ষা) আইন, , ধারা ৩] পারিবারিক সহিংসতা — - এই আইনের উদ্দেশ্য পূরণকল্পে পারিবারিক সহিংসতা বলিতে পারিবারিক সম্পর্ক রহিয়াছে এমন কোন ব্যক্তি কতৃর্ক পরিবার
3. <other_1271_s46> [সরকারি চাকরি আইন, ২০১৮, ধারা ৪৬] অক্ষমতাজনিত অবসর — (১) কোনো সরকারি কর্মচারী শারীরিক অথবা মানসিক অসামর্থ্য বা বৈকল্যের কারণে সরকারি কর্ম সম্পাদনে নিজেকে অক্ষম মনে
4. <other_1273_s2_p1> [মানসিক স্বাস্থ্য আইন, ২০১৮, ধারা ২] সংজ্ঞা — জন্য আদালত কর্তৃক নিযুক্ত ব্যক্তি;(১২) ‘বিধি’ অর্থ আইনের অধীন প্রণীত বিধি;(১৩) ‘ম্যাজিস্ট্রেট’ অর্থ মেট্রোপলিট
5. <other_788_s346_p0> [কোম্পানী আইন, ১৯৯৪, ধারা ৩৪৬] নিষ্ক্রিয় (defunct) কোম্পানীর নাম নিবন্ধন বহি হইতে কাটিয়া দেওয়া — (১) যেক্ষেত্রে রেজিষ্ট্রারের এইরূপ বিশ্বাস করিবার যুক্তিসংগত কারণ থাকে যে, কোন একটি কোম্পানী ব্যবসা করিতেছে না
6. <other_1273_s23> [মানসিক স্বাস্থ্য আইন, ২০১৮, ধারা ২৩] অপরাধ ও দণ্ড — (১) মানসিক স্বাস্থ্য সেবায় নিয়োজিত পেশাজীবী হিসাবে কোনো ব্যক্তি মানসিক অসুস্থতা সম্পর্কিত বিষয়ে উদ্দেশ্য প্
7. <local_government_1027_s104> [স্থানীয় সরকার (ইউনিয়ন পরিষদ) আইন, ২০০৯, ধারা ১০৪] পরিষদের বিরুদ্ধে মোকদ্দমা দায়ের — সরকারিভাবে দায়িত্ব পালনকালে কোন পরিষদ কিংবা কোন সদস্য, কর্মকর্তা বা কর্মচারী দ্বারা কৃত কোন কাজ, বা কাজ করা হ
8. <labour_952_s81> [বাংলাদেশ শ্রম আইন, ২০০৬, ধারা ৮১] যে ক্ষেত্রে কোন প্রতিষ্ঠানে বিধি দ্বারা নির্ধারিত প্রকৃতির কোন বিপজ্জনক ঘটনা ঘটে সে ক্ষেত্রে, উহাতে কোন শারীরি
9. <labour_1285_s2_p1> [বাংলাদেশ ইপিজেড শ্রম আইন, ২০১৯, ধারা ২] সংজ্ঞা — (১৯৯৪ সনের ১৮ নং আইন) এর অধীন নিবন্ধিত কোনো কোম্পানি, যাহার অধীন কোনোজোনেএক বা একাধিক শিল্প প্রতিষ্ঠান রহিয়াছ
10. <labour_952_s80> [বাংলাদেশ শ্রম আইন, ২০০৬, ধারা ৮০] দুর্ঘটনা সম্পর্কে নোটিশ প্রদান — (১) যদি কোন প্রতিষ্ঠানে কোন দুর্ঘটনা ঘটে, যাহাতে প্রাণহানি বা শারীরিক জখম হয়, অথবা যদি কোন প্রতিষ্ঠানে দুর্ঘট",family_305_s7,own_search,answered,3,
prot_0070_01,Iftiaq,,"আমি সরকারি চাকরি করি। ২০০২ সালে বিয়ে করি। ২০০৩ সালে স্ত্রী চাকরি পায়। একটি সন্তান আমাদের। দুজনেই বেশ সুখী ছিলাম। কিন্তু স্ত্রী চাকরি পাওয়ার পর থেকে সাংসারিক ঝামেলা বেড়েই চলছিল। কখনো ওর কাছে টাকা-পয়সা চাইনি। স্ত্রীর চাহিদার ব্যাপারে যথেষ্ট আন্তরিক ছিলাম। একদিন হঠাৎ সে বাসার আলমারি থেকে কিছু টাকা নিয়ে যায়। সে কথা তার পরিবারে জানাই। সে এটি ভালোভাবে নেয়নি। পরদিন আমাকে বাড়িতেও ঢুকতে দেয়নি। স্থানীয় গণ্যমান্য ব্যক্তিদের মাধ্যমে সমাধান করার চেষ্টা করেছি। কিন্তু কোনো সুরাহা হয়নি। এক মাস পর আমি আইনজীবীর মাধ্যমে তাকে তালাক দিই। এর ১৫ দিন পর সে নারী ও শিশু নির্যাতন আইনে মামলা করে। বর্তমানে মামলাটি হাইকোর্টে স্থগিত অবস্থায় আছে। পরে সে ২০ লাখ টাকা দাবি করে পারিবারিক আদালতে মামলা করে। আদালত এক লাখ ৩০ হাজার টাকা দিতে ঘোষণা করেন। ইতিমধ্যে ৩০ হাজার টাকা দিয়েছি। দ্বিতীয় বিয়ে করেছি বলে আবার মামলা করে, যা খারিজ হয়ে যায়। বাসার সব মালামাল সে নিয়ে যায়। হাইকোর্টে পারিবারিক মামলার সব কাগজপত্র পাঠিয়েছি, এখনো আমার চাকরিতে কোনো রকম প্রভাব পড়েনি। ছেলে মায়ের কাছে আছে। আমি দেখতে পারি না। ছেলের বয়স সাত পেরিয়ে গেছে। আমি কন্যাসন্তানের বাবা হয়েছি। তার পরও ছেলেটির জন্য প্রাণ কাঁদে। এখন মামলা ও সন্তানের কী ব্যবস্থা হতে পারে? মনোয়ার হোসেনচট্টগ্রাম","1. <other_1246_s99_p4> [ক্যান্টনমেন্ট আইন, ২০১৮, ধারা ৯৯] উপদ্রব সৃষ্টির শাস্তি — গ্রহণ না করেন, তাহা হইলে তিনি অনধিক ১৫ (পনের) হাজার টাকা অর্থদণ্ডে দণ্ডিত হইবেন।(৬) যদি কোনো পশুকে ক্যান্টনমেন
2. <labour_952_s216_p1> [বাংলাদেশ শ্রম আইন, ২০০৬, ধারা ২১৬] অপরাধ বিচার ছাড়া অন্য কোন বিষয়ে শ্রম আদালতের ক্ষমতা ওকার্যক্রম — বা আপত্তি পেশ করিতে ব্যর্থ হয়, তাহা হইলে মামলাটি একতরফা শুনানীক্রমে নিষ্পত্তি করা হইবে।(৬) কোন পক্ষের আবেদনক্
3. <money_recovery_901_s19> [অর্থ ঋণ আদালত আইন, ২০০৩, ধারা ১৯] একতরফা ডিক্রী সম্পর্কিত বিধান — (১) মামলার শুনানীর জন্য ধার্য কোন তারিখে বিবাদী আদালতে অনুপস্থিত থাকিলে, কিংবা মামলা শুনানীর জন্য গৃহীত হইবার 
4. <money_recovery_901_s14> [অর্থ ঋণ আদালত আইন, ২০০৩, ধারা ১৪] মামলার শুনানী মুলতবী — (১) ধারা ১৭ এর মামলা নিষ্পত্তির সময়সীমা সম্পর্কিত বিধান সাপেক্ষে অর্থ ঋণ আদালতের কোন মামলার চূড়ান্ত শুনানীর 
5. <other_831_s7_p2> [অর্থ আইন, ১৯৯৯, ধারা ৭] ১৯৯১ সনের ২২ নং আইন সংশোধন — কিছুই থাকুক না কেন, প্রতিষ্ঠিত নিবন্ধিত ব্যক্তির তেগত্রে, প্রতিষ্ঠিত নিবন্ধিত ব্যক্তি বিবেচিত হওয়ার বত্সরে এই
6. <criminal_procedure_1239_s47> [রংপুর মহানগরী পুলিশ আইন, ২০১৮, ধারা ৪৭] মিথ্যা বিবৃতি, ইত্যাদির জন্য দণ্ড — কোনো ব্যক্তি পুলিশ অফিসার হিসাবে চাকরি লাভের অথবা চাকরি হইতে অব্যাহতি লাভের জন্য কোনো মিথ্যা বিবৃতিদান বা মিথ্
7. <criminal_procedure_1238_s47> [গাজীপুর মহানগরী পুলিশ আইন, ২০১৮, ধারা ৪৭] মিথ্যা বিবৃতি, ইত্যাদির জন্য দণ্ড — কোনো ব্যক্তি পুলিশ অফিসার হিসাবে চাকরি লাভের অথবা চাকরি হইতে অব্যাহতি লাভের জন্য কোনো মিথ্যা বিবৃতিদান বা মিথ্
8. <money_recovery_901_s28> [অর্থ ঋণ আদালত আইন, ২০০৩, ধারা ২৮] জারীর জন্য মামলা দাখিলের সময়সীমা — (১) TheLimitation Act, 1908এবং TheCode of Civil Procedure, 1908এ ভিন্নতর যে বিধানই থাকুক না কেন, ডিক্রীদার, আদ
9. <other_1586_s4_p1> [গুম প্রতিরোধ ও প্রতিকার অধ্যাদেশ, ২০২৫, ধারা ৪] গুম, ইত্যাদি ও উহার সাজা — সম্মতি ব্যতিরেকে কোনো নির্দিষ্ট স্থানে আবদ্ধ রাখা। (২) যদি গুমের ফলে গুম হওয়া ব্যক্তির মৃত্যু ঘটে বা গুম হওয়
10. <other_1685_s10> [বন ও বৃক্ষ সংরক্ষণ আইন, ২০২৬, ধারা ১০] দণ্ড — (১) ধারা ৯ এর উপ-ধারা (৩) এর বিধান লঙ্ঘনের জন্য আদালত অপরাধীকে সর্বোচ্চ ১ (এক) লক্ষ টাকা অর্থদণ্ড প্রদান করিতে","women_children_1207_s7, women_children_1207_s8",own_search,answered,3,
prot_0115_02,Iftiaq,,"যেকোনো হত্যাকাণ্ডই ঘৃণিত ও জঘন্য অপরাধ এবং ফৌজদারি আইনে সর্বোচ্চ শাস্তিযোগ্য অপরাধ। সম্প্রতি আমিনবাজার, নোয়াখালীসহ দেশের বিভিন্ন স্থানে গণপিটুনিতে যে মানুষ হত্যার প্রবণতা দেখা গেছে, তা রীতিমতো ভয়াবহ এবং সামাজিক ও রাষ্ট্রীয় অসুস্থতার লক্ষণ। হত্যাকাণ্ড তা যেকোনোভাবেই এবং যার বা যাদের দিয়েই সংঘটিত হোক না কেন, তা ফৌজদারি আইনে বিচারযোগ্য।আমিনবাজার হত্যাকাণ্ড এবং সেখানে পুলিশের নিষ্ক্রিয়তার অভিযোগ শাস্তিযোগ্য অপরাধ। হত্যাকাণ্ডের অপরাধটি দণ্ডবিধির ৩০২ ও ৩৪ ধারায় আমলযোগ্য ও বিচার্য এবং সেখানে প্রত্যক্ষ বা পরোক্ষভাবে সহায়তাকারীরাও সমান অপরাধী, তা তারা যে-ই হোক না কেন এবং সংখ্যা যা-ই হোক। একই সঙ্গে বলা দরকার, পুলিশের নিষ্ক্রিয়তার বিষয়টি তাদের বিভাগীয় তদন্ত ও শাস্তির আওতাধীন।নোয়াখালীর হত্যাকাণ্ডে পুলিশের অংশগ্রহণের অভিযোগ পাওয়া গেছে, যা খুবই আতঙ্কজনক। কেননা, কোনোভাবেই কোনো বিচারবহির্ভূত হত্যাকাণ্ডই সমর্থনযোগ্য নয়। সবচেয়ে ঘৃণ্য অপরাধীরও বিচার পাওয়ার অধিকার আছে। নোয়াখালী হত্যাকাণ্ডে পুলিশের যেসব সদস্যের বিরুদ্ধে সম্পৃক্ততার অভিযোগ আছে, তাঁরা অন্য হত্যাকারীদের সঙ্গে সমানভাবে দায়ী হবেন এবং অপরাধ ফৌজদারি আইনে বিচার্য হবে। পুলিশের সদস্য বলে ফৌজদারি বিচারের আওতাবহির্ভূত থাকার সুযোগ নেই। সাধারণ তদন্তের পর প্রকাশ্য আদালতে অভিযুক্ত অন্য ব্যক্তিদের সঙ্গেই তাঁদের বিচার হবে। উপরন্তু, পুলিশের বিভাগীয় শাস্তিও তাঁদের ওপর বর্তাবে।কাজী জাহেদ ইকবালআইনজীবী, বাংলাদেশ সুপ্রিম কোর্ট।স্বামীর দৈহিক ও মানসিক নির্যাতনের প্রতিকার কীভাবে পাব?","1. <other_1284_s29> [বাংলাদেশ রিহ্যাবিলিটেশন কাউন্সিল আইন, ২০১৮, ধারা ২৯] অপরাধ বিচারার্থ গ্রহণ ও বিচার — (১) অন্য কোনো আইনে যাহা কিছুই থাকুক না কেন, এই আইনের অধীন অপরাধ সংঘটনের বিষয়ে সরকার অথবা কাউন্সিল কর্তৃক এতদু
2. <other_888_s10> [আইন-শৃঙ্খলা বিঘ্নকারী অপরাধ (দ্রুত বিচার) আই, ধারা ১০] বিচার পদ্ধতি — (১) আদালত এই আইনের অধীন সংঘটিত অপরাধের বিচার সংক্ষিপ্ত পদ্ধতিতে সম্পন্ন করিবে এবং এতদুদ্দেশ্যে এই আইনে ভিন্নতর
3. <other_1427_s13> [হাট ও বাজার (স্থাপন ও ব্যবস্থাপনা) আইন, ২০২৩, ধারা ১৩] অপরাধের বিচার — (১) এই আইনের অধীন সংঘটিত কোনো অপরাধ জুডিসিয়াল ম্যাজিস্ট্রেট কর্তৃক বিচার্য হইবে।(২) এই আইনের অন্যান্য বিধানাব
4. <other_1589_s14> [পুলিশ কমিশন অধ্যাদেশ, ২০২৫, ধারা ১৪] পুলিশের নিজস্ব অভিযোগ নিষ্পত্তি ব্যবস্থা — নাগরিক অভিযোগ ও পুলিশের অভ্যন্তরীণ সংক্ষোভ নিষ্পত্তির নিমিত্ত পুলিশের একটি নিজস্ব ব্যবস্থা থাকিবে, যাহা এই অধ্
5. <other_1443_s49> [বাংলাদেশ ক্ষুদ্র ও কুটির শিল্প কর্পোরেশন আইন, ধারা ৪৯] অপরাধ বিচারার্থ গ্রহণ ও বিচার — (১) চেয়ারম্যান বা তৎকর্তৃক ক্ষমতাপ্রাপ্ত কোনো কর্মকর্তার লিখিত অভিযোগ ব্যতীত কোনো আদালত এই আইনের অধীন কোনো মা
6. <other_1136_s38> [ভৌগোলিক নির্দেশক পণ্য (নিবন্ধন ও সুরক্ষা) আই, ধারা ৩৮] অপরাধ বিচারার্থে গ্রহণ — (১) কোন আদালত এই আইনের অধীন সংঘটিত কোন অপরাধ বিচারার্থে গ্রহণ করিবে না, যদি না-(ক) রেজিস্ট্রার বা তৎকর্তৃক ক্ষ
7. <other_1243_s33> [বালাইনাশক (পেস্টিসাইডস) আইন, ২০১৮, ধারা ৩৩] অপরাধ বিচারার্থ গ্রহণ ও বিচার — (১) ফৌজদারি কার্যবিধিতে যাহা কিছুই থাকুক না কেন, পরিদর্শক বা উদ্ভিদ সংরক্ষণের দায়িত্বে নিয়োজিত সরকারি কর্মচা
8. <other_1280_s34> [বাংলাদেশ স্ট্যান্ডার্ডস এন্ড টেস্টিং ইনস্টিট, ধারা ৩৪] অপরাধের বিচার — (১) ফৌজদারি কার্যবিধিতে যাহা কিছুই থাকুক না কেন, এই আইনের অধীন অপরাধসমূহ, উপ-ধারা (২) এর বিধান সাপেক্ষে, প্রথম
9. <other_1140_s21> [ইট প্রস্তুত ও ভাটা স্থাপন (নিয়ন্ত্রণ) আইন, ২, ধারা ২১] মোবাইল কোর্ট আইন, পরিবেশ আদালত আইন, ও ফৌজদারি কার্যবিধির প্রয়োগ — এই আইনের বিধানাবলি সাপেক্ষে, এই আইনের অধীন শাস্তিযোগ্য অপরাধের অভিযোগ দায়ের, আমলে গ্রহণ, সমন বা ওয়ারেন্ট ইস্
10. <other_1373_s44> [আয়োডিনযুক্ত লবণ আইন, ২০২১, ধারা ৪৪] অপরাধের বিচার, ইত্যাদি — (১) এই আইনের অধীন অপরাধসমূহ অ-আমলযোগ্য (non-cognizable), জামিনযোগ্য (bailable) এবং আপোষযোগ্য (compoundable) হই","family_1444_s5, family_305_s10",own_search,answered,3,
prot_0080_01,Iftiaq,,"আমরা চার ভাই। আমি মেজো। ছোটবেলায় আমার চাচা ও চাচি আমাকে মৌখিকভাবে দত্তক নেন ও লালন-পালন করেন । তাঁরা ছিলেন নিঃসন্তান। পরে আমি তাঁদের ভরণপোষণের দায়িত্ব পালন করি। আমার চাচা-চাচিকে ১৪ শতাংশ জমি কিনে দেন। এই জমি কেনার আগেই চাচির বাবা-মা ও ভাই মৃত ছিলেন। চাচির পরিবারেও আর কোনো অংশীদারের খবর জানা নেই। আমার চাচা আমাকে তাঁর সব স্থাবর ও অস্থাবর সম্পত্তি দানকবলা দিয়ে যান এবং চাচির নামে কেনা ১৪ শতাংশ জমি উল্লেখ করে কবলা দেন।আমার প্রশ্ন, হিন্দু আইনে আমি কি ওই ১৪ শতাংশ জমির অধিকারী হতে পারব? দানকবলা থেকে প্রাপ্ত সব সম্পত্তি আমি কি বিক্রি করতে পারব? আমার মৃত্যুর পর আমার ছেলেরা কি ওই সব সম্পত্তির প্রকৃত উত্তরাধিকারী হতে পারবে? ফটিক হালদারমাদারীপুর","1. <other_1429_s133> [আয়কর আইন, ২০২৩, ধারা ১৩৩] প্রকাশ্য নিলামের বিক্রি হইতে কর সংগ্র — (১) কোনো ব্যক্তি কোনো নির্দিষ্ট মালিকের কোনো পণ্য বা সম্পত্তি সীলমোহরযুক্ত দরপত্রের মাধ্যমে প্রকাশ্য নিলামে বি
2. <other_722_s15> [পার্বত্য জেলাসমূহ (আইন রহিত ও প্রয়োগ এবং বিশ, ধারা ১৫] বসতবাড়ীর জন্য গ্রামীণ জমি দখল — (১) কোন পাহাড়ী ব্যক্তি পৌর এলাকা-বহির্ভূত অনধিক ত্রিশ শতাংশ পর্যন্ত খাস জমি তাহার নিজ বসতবাড়ীর জন্য হেডম্যান
3. <local_government_827_s10> [উপজেলা পরিষদ আইন, ১৯৯৮, ধারা ১০] সম্পত্তি সম্পর্কিত ঘোষণা — 14[চেয়ারম্যান ও ভাইস চেয়ারম্যান ] তাঁহার কার্যভার গ্রহণের পূর্বে তাঁহার এবং তাঁহার পরিবারের কোন সদস্যের স্বত
4. <other_1138_s2> [গ্রামীণ ব্যাংক আইন, ২০১৩, ধারা ২] সংজ্ঞা — বিষয় বা প্রসংগের পরিপন্থি কোন কিছু না থাকিলে, এই আইনে,-1[(১) “ঋণ” অর্থ এইরূপ কোনো ব্যক্তির পক্ষে ব্যাংক কর্তৃ
5. <other_788_s239> [কোম্পানী আইন, ১৯৯৪, ধারা ২৩৯] প্রদায়কের উত্তরাধিকারী ইত্যাদির দায়-দায়িত্ব — (১) প্রদায়কের তালিকায় নাম লিপিবদ্ধ হওয়ার পূর্বে বা পরে কোন প্রদায়কের মৃত্যু ঘটিলে, তাহার আইনানুগ প্রতিনিধি
6. <other_1429_s111> [আয়কর আইন, ২০২৩, ধারা ১১১] সম্পত্তি অধিগ্রহণের ক্ষতিপূরণ হইতে উৎসে কর কর্তন — কোনো স্থাবর সম্পত্তি অধিগ্রহণের জন্য উহার মালিককে কোনো ক্ষতিপূরণ প্রদানের জন্য দায়িত্বপ্রাপ্ত ব্যক্তি, ক্ষতিপ
7. <other_1070_s22> [উদ্ভিদ সংগনিরোধ আইন, ২০১১, ধারা ২২] লিখিত বিজ্ঞপ্তি — (১) যদি উদ্ভিদ সংগনিরোধ কর্মকর্তা এই মর্মে নিশ্চিত হন যে, কোন একটি স্থানে সংগনিরোধ বালাই রহিয়াছে, তাহা হইলে ত
8. <other_1682_s2_p0> [মানবদেহে অঙ্গ-প্রত্যঙ্গ সংযোজন আইন, ২০২৬, ধারা ২] সংজ্ঞা — বিষয় বা প্রসঙ্গের পরিপন্থি কোনো কিছু না থাকিলে, এই আইনে- (১) “অঙ্গ-প্রত্যঙ্গ” অর্থ মানবদেহের কিডনি, হৃৎপিণ্ড,
9. <other_724_s64> [রাংগামাটি পার্বত্য জেলা পরিষদ আইন, ১৯৮৯, ধারা ৬৪] (১) আপাততঃ বলবত্ অন্য কোন আইনে যাহা কিছুই থাকুক না কেন-(ক) রাংগামাটি পার্বত্য জেলার এলাকাধীন বন্দোবস্তযোগ্য খা
10. <other_725_s64> [খাগড়াছড়ি পার্বত্য জেলা পরিষদ আইন, ১৯৮৯, ধারা ৬৪] (১) আপাততঃ বলবত্ অন্য কোন আইনে যাহা কিছুই থাকুক না কেন-(ক) খাগড়াছড়ি পার্বত্য জেলার এলাকাধীন বন্দোবস্তযোগ্য খ","other_36_s8, other_36_s42_p0",own_search,answered,3,
lawy_0456_01,Iftiaq,,করোনার ছুটিতে চেক ডিজঅনার মামলার মেয়াদ উত্তীর্ণ হলে কি হবে?,"1. <other_1233_s8> [প্রতিরক্ষা-বাহিনীসমূহের প্রধানদের (নিয়োগ, বে, ধারা ৮] বাহিনী প্রধানের অবসর — বাহিনী প্রধান, উক্ত পদে নিয়োগপ্রাপ্ত হইবার পর নিয়োগের মেয়াদ উত্তীর্ণ হইবার দিন হইতে নির্ধারিত পদ্ধতিতে অবসর
2. <other_789_s3> [সন্ত্রাসমূলক অপরাধ দমন (বিশেষ বিধান) আইন, ১৯, ধারা ৩] ১৯৯২ সনের ৪৪ নং আইনের অধীন কতিপয় কার্যধারা নিষ্পত্তিকরণ — উক্ত আইন এর ধারা ১(২) অনুযায়ী উহার মেয়াদ উত্তীর্ণ হওয়া সত্বেও-(ক) উক্ত আইনের মেয়াদ উত্তীর্ণ হওয়ার তারিখে 
3. <consumer_1014_s51> [ভোক্তা অধিকার সংরক্ষণ আইন, ২০০৯, ধারা ৫১] মেয়াদ উত্তীর্ণ কোন পণ্য বা ঔষধ বিক্রয় করিবার দণ্ড — কোন ব্যক্তি মেয়াদ উত্তীর্ণ কোন পণ্য বা ঔষধ বিক্রয় করিলে বা করিতে প্রস্তাব করিলে তিনি অনূর্ধ্ব এক বৎসর কারাদণ
4. <labour_1285_s106> [বাংলাদেশ ইপিজেড শ্রম আইন, ২০১৯, ধারা ১০৬] পরবর্তীতে নির্বাচন অনুষ্ঠান — (১) কোনো শ্রমিক কল্যাণ সমিতির নির্বাহী পরিষদের নির্বাচন উহার নির্ধারিত মেয়াদ উত্তীর্ণ হইবার পূর্ববর্তী ৯০ (নব
5. <consumer_1447_s15> [ঔষধ ও কসমেটিকস্ আইন, ২০২৩, ধারা ১৫] লাইসেন্সের মেয়াদ ও নবায়ন — (১) লাইসেন্সের মেয়াদ হইবে প্রদানের তারিখ হইতে ২ (দুই) বৎসর এবং ইহা নবায়নযোগ্য হইবে।(২) লাইসেন্সের মেয়াদ উত্
6. <other_1348_s12> [মৎস্য ও মৎস্যপণ্য (পরিদর্শন ও মান নিয়ন্ত্রণ), ধারা ১২] লাইসেন্স হস্তান্তর, লাইসেন্সের মেয়াদ ও নবায়ন — (১) লাইসেন্সের মেয়াদ হইবে ৩(তিন) বৎসর এবং উহা হস্তান্তরযোগ্য বা বিক্রয়যোগ্য হইবে না।(২) লাইসেন্সের মেয়াদ উত
7. <other_1347_s11> [সামুদ্রিক মৎস্য (Marine Fisheries) আইন, ২০২০, ধারা ১১] লাইসেন্সের মেয়াদ ও নবায়ন — (১) লাইসেন্সের মেয়াদ হইবে ২ (দুই) বৎসর।(২) লাইসেন্সের মেয়াদ উত্তীর্ণ হইবার ৩০ (ত্রিশ) দিন পূর্বে নবায়নের জন
8. <other_1154_s12> [বাংলাদেশ হোটেল ও রেস্তোরাঁ আইন, ২০১৪, ধারা ১২] লাইসেন্সের মেয়াদ, নবায়ন, ইত্যাদি — (১) লাইসেন্সের মেয়াদ হইবে তিন বৎসর এবং উহা নবায়নযোগ্য হইবে।(২) মেয়াদ উত্তীর্ণ হইবার পূর্বে নবায়নের জন্য নি
9. <consumer_1010_s22> [ট্রেডমার্ক আইন, ২০০৯, ধারা ২২] নিবন্ধনের মেয়াদ, নবায়ন ও পুনর্বহাল — (১) কোন ট্রেডমার্ক নিবন্ধনের মেয়াদ হইবে ৭ (সাত) বৎসর, তবে উক্ত মেয়াদ এই ধারার বিধান অনুসারে নবায়নযোগ্য হইবে
10. <other_1233_s4> [প্রতিরক্ষা-বাহিনীসমূহের প্রধানদের (নিয়োগ, বে, ধারা ৪] বাহিনী প্রধান পদে নিয়োগদান ও মেয়াদ — (১) রাষ্ট্রপতি, সংশ্লিষ্ট বাহিনীর কমিশন্ড অফিসারগণের মধ্য হইতে বাহিনী প্রধান পদে নিয়োগদান করিবেন।(২) উপ-ধারা ",unanswerable,none,unanswerable,3,
prot_0091_03,Iftiaq,,"আমরা চার ভাই সাত বোন। আমাদের বাবা কিছু সম্পত্তি চার ছেলের নামে, কিছু মায়ের নামে এবং কিছু নিজের নামে কিনেছিলেন। কিন্তু মেয়েদের নামে কোনো সম্পত্তি কেনেননি এবং টাকাপয়সা দিয়ে যাননি। বাবা-মা দুজনই মারা গেছেন। আমরা ভাই ও বোনেরা বাবা ও মায়ের রেখে যাওয়া সম্পত্তি ভাগাভাগি করতে বসলে ভাইয়েরা শুধু বাবা ও মায়ের নামে যে সম্পত্তি আছে তা-ই ইসলামি আইনমতে (এক ছেলে যা যাবে এক বোন তার অর্ধেক) দিতে চায় এবং বাবার কেনা তাদের নামে যে সম্পত্তি তার ভাগ বোনেরা পাবে না বলে জানাচ্ছে। যদিও আমার ভাইয়েরা ছোট থাকতে এই সম্পত্তি বাবা তাদের নামে কিনেছিলেন, যা আইনত বেনামি ক্রয়ের মধ্যে পড়ে। বাবার কেনা ভাইদের নামের সম্পত্তির ভাগ বোনেরা পাবে কি না? নাম প্রকাশে অনিচ্ছুকখুলনা","1. <land_1455_s5> [ভূমি সংস্কার আইন, ২০২৩, ধারা ৫] স্থাবর সম্পত্তির বেনামি লেনদেন — (১) কোনো ব্যক্তি নিজের উপকারার্থে কোনো স্থাবর সম্পত্তির বেনামি লেনদেন করিতে পারিবেন না।ব্যাখ্যা।-এই ধারায় ‘বে
2. <other_1246_s18> [ক্যান্টনমেন্ট আইন, ২০১৮, ধারা ১৮] ক্যান্টনমেন্ট বোর্ডের আইনগত মর্যাদা — বোর্ড যে নামে ক্যান্টনমেন্ট হিসাবে পরিচিত সেই নামে একটি সংবিধিবদ্ধ সংস্থা হইবে, যাহার স্থায়ী ধারাবাহিকতাসহ এক
3. <other_1125_s4> [ইসলামি আরবি বিশ্ববিদ্যালয় আইন, ২০১৩, ধারা ৪] বিশ্ববিদ্যালয় স্থাপন — (১) এই আইনের বিধান অনুযায়ী সরকার কর্তৃক নির্ধারিত স্থানে ইসলামি আরবি বিশ্ববিদ্যালয় (Islamic Arabic Universit
4. <other_902_s4> [বাংলাদেশ এনার্জি রেগুলেটরী কমিশন আইন, ২০০৩, ধারা ৪] কমিশন প্রতিষ্ঠা — (১) এই আইন কার্যকর হইবার সংগে সংগে বাংলাদেশ এনার্জি রেগুলেটরী কমিশন নামে একটি কমিশন প্রতিষ্ঠিত হইবে।(২) কমিশন 
5. <other_812_s32> [দেউলিয়া বিষয়ক আইন, ১৯৯৭, ধারা ৩২] অব্যাহতিপ্রাপ্ত সম্পত্তি — এই আইনের অন্য কোন বিধানে যাহা কিছুই থাকুক না কেন, একক দেনাদারের নিম্্নবর্ণিত সম্পত্তির দখল ২৩ ধারার অধীনে গ্রহ
6. <other_1036_s3> [বীমা উন্নয়ন ও নিয়ন্ত্রণ কর্তৃপক্ষ আইন,২০১০, ধারা ৩] কর্তৃপক্ষ প্রতিষ্ঠা — (১) এই আইন কার্যকর হইবার পর, যথা শীঘ্র সম্ভব, এই আইনের বিধান অনুযায়ী সরকার, সরকারী গেজেটে প্রজ্ঞাপন দ্বারা, ব
7. <other_1096_s4> [বাংলাদেশ পরমাণু শক্তি নিয়ন্ত্রণ আইন, ২০১২, ধারা ৪] কর্তৃপক্ষ প্রতিষ্ঠা — (১) এই আইন কার্যকর হইবার পর, এই আইনের উদ্দেশ্য পূরণকল্পে সরকার, যথাশীঘ্র সম্ভব, বাংলাদেশ পরমাণু শক্তি নিয়ন্ত্
8. <other_923_s3> [বেসরকারী শিক্ষক নিবন্ধন ও প্রত্যয়ন কর্তৃপক্ষ, ধারা ৩] কর্তৃপক্ষ প্রতিষ্ঠা — (১) এই আইন বলবত্ হইবার পর বেসরকারী শিক্ষক নিবন্ধন ও প্রত্যয়ন কর্তৃপক্ষ নামে একটি কর্তৃপক্ষ প্রতিষ্ঠিত হইবে।(২
9. <other_1482_s4> [বাংলাদেশ হোমিওপ্যাথিক চিকিৎসা শিক্ষা আইন, ২০, ধারা ৪] কাউন্সিল প্রতিষ্ঠা, ইত্যাদি — (১) এই আইন কার্যকর হইবার সঙ্গে সঙ্গে, এই আইনের উদ্দেশ্য পূরণকল্পে, বাংলাদেশ হোমিওপ্যাথিক চিকিৎসা শিক্ষা কাউন্স
10. <other_1200_s3> [বাংলাদেশ নার্সিং ও মিডওয়াইফারি কাউন্সিল আইন,, ধারা ৩] কাউন্সিল প্রতিষ্ঠা — (১) এই আইন কার্যকর হইবার সঙ্গে সঙ্গে বাংলাদেশ নার্সিং ও মিডওয়াইফারি কাউন্সিল নামে একটি কাউন্সিল প্রতিষ্ঠিত হই","family_305_s8, family_305_s7",own_search,answered,3,
prot_0035_04,Iftiaq,,"আমরা দুই ভাই, এক বোন। বাবা মারা গেছেন। আমাদের একমাত্র চাচা এখন আমাদের পৈতৃক সূত্রে পাওয়া জমির ভোগদখল করছেন। আমরা আমাদের বাবার ভাগ চাইতে গেলে তিনি হুমকি দেন। স্থানীয় মানুষও তাতে সমর্থন দেন। আমরা কীভাবে আমাদের পাওনা অংশটুকু পেতে পারি? নাম প্রকাশে অনিচ্ছুক","1. <other_812_s53> [দেউলিয়া বিষয়ক আইন, ১৯৯৭, ধারা ৫৩] পারষ্পরিক লেন-দেন এবং সমন্বয় সাধন — যে ক্ষেত্রে দেনাদার এবং এই আইনের অধীনে দেনা প্রমাণকারী বা প্রমাণের দাবীকারী কোন পাওনাদারের মধ্যে পারস্পরিক লেন
2. <other_1246_s99_p2> [ক্যান্টনমেন্ট আইন, ২০১৮, ধারা ৯৯] উপদ্রব সৃষ্টির শাস্তি — ক্যান্টনমেন্টের অভ্যন্তরে কোনো সড়ক বা গণস্থানে,-(ক) বোর্ড কর্তৃক গণ-বিজ্ঞপ্তি দ্বারা এতদুদ্দেশ্যে জারিকৃত নিষ
3. <other_722_s12> [পার্বত্য জেলাসমূহ (আইন রহিত ও প্রয়োগ এবং বিশ, ধারা ১২] অননুমোদিত পাওনা নিষিদ্ধ — হেডম্যান অথবা চীফ ঝুমিয়াগণ বা জমির কোন মালিক হইতে স্থানীয় প্রথা অনুযায়ী প্রদেয় অথচ অসন্তোষ সৃষ্টিকারী নহে 
4. <other_1682_s2_p0> [মানবদেহে অঙ্গ-প্রত্যঙ্গ সংযোজন আইন, ২০২৬, ধারা ২] সংজ্ঞা — বিষয় বা প্রসঙ্গের পরিপন্থি কোনো কিছু না থাকিলে, এই আইনে- (১) “অঙ্গ-প্রত্যঙ্গ” অর্থ মানবদেহের কিডনি, হৃৎপিণ্ড,
5. <other_812_s85> [দেউলিয়া বিষয়ক আইন, ১৯৯৭, ধারা ৮৫] যথাযথ হিসাব-বহি সংরক্ষণ না করার দণ্ড — (১) কোন দেউলিয়া অনধিক ২ (দুই) বত্সর সশ্রম কারাদণ্ডে বা অর্থদণ্ডে বা উভয়দণ্ডে দণ্ডনীয় হইবেন, যদি তিনি, আর্জি
6. <criminal_procedure_1013_s72> [বরিশাল মহানগরী পুলিশ আইন, ২০০৯, ধারা ৭২] রাস্তায় বা সর্বসাধারণের ব্যবহার্য স্থানে জন্তু ছাড়িয়া রাখার দণ্ড — কোন ব্যক্তি যদি কোন রাস্তায় বা সর্বসাধারণের ব্যবহার্য্য স্থানে -(ক) গাফিলতি করিয়া কোন জন্তু এমন ভাবে রাখেন য
7. <criminal_procedure_1012_s72> [সিলেট মহানগরী পুলিশ আইন, ২০০৯, ধারা ৭২] রাস্তায় বা সর্বসাধারেণর ব্যবহার্য স্থানে জন্তু ছাড়িয়া রাখার দণ্ড — কোন ব্যক্তি যদি কোন রাস্তায় বা সর্বসাধারণের ব্যবহার্য্য স্থানে -(ক) গাফিলতি করিয়া কোন জন্তু এমন ভাবে রাখেন য
8. <labour_1285_s17> [বাংলাদেশ ইপিজেড শ্রম আইন, ২০১৯, ধারা ১৭] কতিপয় ক্ষেত্রে লে-অফকৃত শ্রমিকগণ ক্ষতিপূরণ পাইবার অধিকারী হইবেন না — (১) এই অধ্যায়ের অন্যত্র যাহা কিছুই থাকুক না কেন, কোনো লে-অফকৃত শ্রমিককে ক্ষতিপূরণ প্রদেয় হইবে না, যদি-(ক) তি
9. <criminal_procedure_1238_s70> [গাজীপুর মহানগরী পুলিশ আইন, ২০১৮, ধারা ৭০] রাস্তায় বা সর্বসাধারণের ব্যবহার্য স্থানে জন্তু ছাড়িয়া রাখিবার দণ্ড — কোনো ব্যক্তি যদি কোনো রাস্তায় বা সর্বসাধারণের ব্যবহার্য কোনো স্থানে -(ক) গাফিলতি করিয়া কোনো জন্তু এমনভাবে রা
10. <criminal_procedure_1239_s70> [রংপুর মহানগরী পুলিশ আইন, ২০১৮, ধারা ৭০] রাস্তায় বা সর্বসাধারণের ব্যবহার্য স্থানে জন্তু ছাড়িয়া রাখিবার দণ্ড — কোনো ব্যক্তি যদি কোনো রাস্তায় বা সর্বসাধারণের ব্যবহার্য কোনো স্থানে-(ক) গাফিলতি করিয়া কোনো জন্তু এমনভাবে রাখ","other_48_s126, other_36_s39",own_search,answered,3,
prot_0085_05,Iftiaq,,"আমি বাবার একমাত্র মেয়ে। আমার বাবার আরও চারটি ছোট ভাই আছেন। তাঁদের প্রত্যেকের ঘরে ছেলে ও মেয়ে আছে। এখন অনেকে বলে, আমার বাবার সম্পত্তি নাকি আমি একা পাব না, আমার বাবার অন্য ভাইয়েরাও পাবেন। এ অবস্থায় আমার বাবার কি কিছু করার আছে? যা করলে সব সম্পত্তি আমি পাব। অথবা কোনো কিছু করার না থাকলে আমাদের সম্পত্তি কীভাবে বণ্টন হবে? খালেদা আক্তাররংপুর","1. <other_822_s10> [পার্বত্য চট্টগ্রাম আঞ্চলিক পরিষদ আইন, ১৯৯৮, ধারা ১০] সম্পত্তি সম্পর্কিত ঘোষণা — চেয়ারম্যান ও প্রত্যেক সদস্য তাহার কার্যভার গ্রহণের পূর্বে তাহার এবং তাঁহার পরিবারের কোন সদস্যের স্বত্ব, দখল ব
2. <local_government_1027_s41> [স্থানীয় সরকার (ইউনিয়ন পরিষদ) আইন, ২০০৯, ধারা ৪১] সম্পত্তি সম্পর্কিত ঘোষণা — চেয়ারম্যান ও সদস্য তাঁহার কার্যভার গ্রহণের পূর্বে তাঁহার এবং তাঁহার পরিবারের কোন সদস্যের স্বত্ব, দখল বা স্বার
3. <local_government_827_s10> [উপজেলা পরিষদ আইন, ১৯৯৮, ধারা ১০] সম্পত্তি সম্পর্কিত ঘোষণা — 14[চেয়ারম্যান ও ভাইস চেয়ারম্যান ] তাঁহার কার্যভার গ্রহণের পূর্বে তাঁহার এবং তাঁহার পরিবারের কোন সদস্যের স্বত
4. <local_government_1027_s2_p1> [স্থানীয় সরকার (ইউনিয়ন পরিষদ) আইন, ২০০৯, ধারা ২] সংজ্ঞা — শহর হিসাবে ঘোষিত নয় এইরূপ এলাকা;(১৩) 'চেয়ারম্যান' অর্থ ইউনিয়ন পরিষদের চেয়ারম্যান;(১৪) 'জনপথ' অর্থ সর্বসাধা
5. <other_812_s31> [দেউলিয়া বিষয়ক আইন, ১৯৯৭, ধারা ৩১] দেউলিয়া ঘোষণাদেশের ফলাফল — (১) দেউলিয়া ঘোষণাদেশ প্রদত্ত হইলে, দেউলিয়া ঘোষিত ব্যক্তি এই আইনের বিধান মোতাবেক তাহার বিষয়-সম্পত্তি উদ্ধার 
6. <other_788_s326_p2> [কোম্পানী আইন, ১৯৯৪, ধারা ৩২৬] কতিপয় সম্পদের দাবী পরিত্যাগ — পক্ষ কর্তৃক চুক্তি পালন না করায় ক্ষতিপূরণ দিতে বা লইতে হইবে অথবা আদালত যথাযথ মনে করিলে অন্য কোন আদেশও দিতে পা
7. <other_812_s95> [দেউলিয়া বিষয়ক আইন, ১৯৯৭, ধারা ৯৫] কার্যধারায় বণ্টনযোগ্য সম্পদের সংক্ষিপ্ত নিষ্পত্তি — দেনাদার কর্তৃক বা তাহার বিরুদ্ধে আর্জি দাখিল হওয়ার পর, এফিডেভিট বা অন্য কোন কিছুর ভিত্তিতে, আদালতের নিকট যদি 
8. <other_812_s41> [দেউলিয়া বিষয়ক আইন, ১৯৯৭, ধারা ৪১] একই দেনাদারের বিরুদ্ধে একাধিক সমগামী ঘোষণাদেশ রদ করার ক্ষমতা — কোন ক্ষেত্রে দেউলিয়া ঘোষণাদেশ প্রদানের পর উক্ত আদেশ প্রদানকারী আদালতে যদি প্রমাণিত হয় যে, একই দেনাদারের বিরু
9. <other_788_s376> [কোম্পানী আইন, ১৯৯৪, ধারা ৩৭৬] কতিপয় ক্ষেত্রে সম্পত্তির ব্যাপারে আদালত কর্তৃক নির্দেশদান — কোন অনিবন্ধিকৃত কোম্পানী উহার সাধারণ নামে মামলা করার বা মামলায় প্রতিদ্বন্দ্বিতা করার অধিকারী না হইলে, অথবা অন
10. <money_recovery_1468_s21> [সুরক্ষিত লেনদেন (অস্থাবর সম্পত্তি) আইন, ২০২৩, ধারা ২১] সুরক্ষিত পক্ষের দায়-দায়িত্ব — (১) দেনাদার তাহার দখলে থাকা অস্থাবর সম্পত্তি সুরক্ষিত পক্ষের অনুমতি গ্রহণ ব্যতীত বিক্রয় বা অন্য কোনোভাবে হস্ত",criminal_procedure_11_s494,own_search,answered,3,
prot_0045_04,Iftiaq,,আমার বয়স ২৯। আমি ১৯ জানুয়ারি ২০১২ তারিখে বিয়ে করি। স্ত্রীর বয়স মাত্র ১৩ বছর। কিন্তু কাবিননামায় ১৮ বছর দেখানো হয়েছে। বর্তমানে আমার স্ত্রীর বয়স ১৪ বছর। বিয়ের পর আমার শ্বশুরের পরিবার এবং আমার পরিবার বড় রকমের ঝগড়া-বিবাদ করে। আমার ও আমার স্ত্রীর মধ্যে সেটা বড় আকার ধারণ করে। বর্তমানে এমন পরিস্থিতিতে পৌঁছেছে যে আমার স্ত্রীকে আমার পরিবারও মেনে নেবে না এবং আমিও তাকে নিয়ে আর সংসার করব না। এ অবস্থায় আমি কী করতে পারি? আমার স্ত্রী কোনো দিনও আমাকে তালাক দেবে না। নাম ও ঠিকানা প্রকাশে অনিচ্ছুক,"1. <other_1037_s57_p2> [বীমা আইন, ২০১০, ধারা ৫৭] বীমা পলিসি গ্রাহক কর্তৃক মনোনয়ন৷ — বলবৎ হইবার পূর্বে কোন ব্যক্তি তাহার নিজের বা তাহার স্ত্রীর বা সন্তানদের বা তাহাদের যে কোন এক জনের লাইফ ইন্স্যু
2. <labour_1285_s24> [বাংলাদেশ ইপিজেড শ্রম আইন, ২০১৯, ধারা ২৪] চাকরি হইতে অবসর গ্রহণ — (১) এই অধ্যায়ের অন্যত্র যাহা কিছুই উল্লে­খ থাকুক না কেন, কোনো প্রতিষ্ঠানে নিয়োজিত কোনো শ্রমিকের বয়স ৬০ (ষাট
3. <other_1045_s18> [চার্টার্ড সেক্রেটারীজ আইন, ২০১০, ধারা ১৮] রেজিস্টার — (১) সচিব, নিম্নবর্ণিত তথ্যাদি উল্লেখপূর্বক, নির্ধারিত পদ্ধতিতে, সদস্যগণের নাম রেজিস্টারে অন্তর্ভুক্ত ও সংরক্ষণ
4. <labour_952_s7> [বাংলাদেশ শ্রম আইন, ২০০৬, ধারা ৭] সার্ভিস বইয়ের ফরম — (১) সার্ভিস বই বিধি দ্বারা নির্ধারিত মাপে ও ফরমে রৰিত হইবে, এবং উহাতে শ্রমিকের একটি ফটো সংযোজিত থাকিবে।(২) সার
5. <women_children_1119_s21> [শিশু আইন, ২০১৩, ধারা ২১] 1 [***] বয়স অনুমান ও নির্ধারণ — (১) অভিযুক্ত হউক বা না হউক, এমন কোন শিশুকে কোন অপরাধের দায়ে বা কোন শিশুকে অন্য কোন কারণে শিশু-আদালতে সাক্ষ্য 
6. <labour_952_s202_p1> [বাংলাদেশ শ্রম আইন, ২০০৬, ধারা ২০২] যৌথ দরকষাকষি প্রতিনিধি — শ্রমিক উহার সদস্য থাকে।(৬) শ্রম পরিচালক কর্তৃক অনুরোদ্ধ হইলে প্রত্যেক মালিক তাহার প্রতিষ্ঠানে, বদলী ও সাময়িক 
7. <other_1352_s23> [বাংলাদেশ মাদ্রাসা শিক্ষা বোর্ড আইন, ২০২০, ধারা ২৩] অবসর গ্রহণের বয়স — আপাতত বলবৎ অন্য কোনো আইনে ভিন্নরূপ যাহা কিছুই থাকুক না কেন, বোর্ডের স্থায়ী কর্মচারীগণের অবসর গ্রহণের বয়স ৬০ 
8. <women_children_1119_s4> [শিশু আইন, ২০১৩, ধারা ৪] শিশু — বিদ্যমান অন্য কোন আইনে ভিন্নতর যাহা কিছুই থাকুক না কেন, এই আইনের উদ্দেশ্যপূরণকল্পে, অনুর্ধ্ব ১৮ (আঠার) বৎসর বয
9. <labour_952_s112> [বাংলাদেশ শ্রম আইন, ২০০৬, ধারা ১১২] সড়ক পরিবহন শ্রমিকের জন্য বিশেষ বয়সসীমা — (১) একুশ বৎসর বয়স পূর্ণ না হইলে কোন সড়ক পরিবহন প্রতিষ্ঠানে কোন ব্যক্তিকে গাড়ী চালক হিসাবে নিয়োগ করা যাইবে 
10. <women_children_1119_s20> [শিশু আইন, ২০১৩, ধারা ২০] শিশুর বয়স নির্ধারণে প্রাসঙ্গিক তারিখ — আপাততঃ বলবৎ অন্য কোন আইন, আদালতের রায় বা আদেশে ভিন্নরূপ যাহা কিছুই থাকুক না কেন, এই আইনের উদ্দেশ্যপূরণকল্পে, ","family_1444_s5, family_64_s17",own_search,answered,3,
prot_0002_03,Iftiaq,,"আমি একজন সরকারি ব্যাংক কর্মকর্তা। আমার স্ত্রীর সঙ্গে বিবাদের কারণে দুই বছর ধরে আমরা আলাদা থাকছি। আমাদের এক সন্তান রয়েছে, যার ভরণপোষণ খরচ আমি দিতে চাই। আমার স্ত্রী তালাক দিতে রাজি নয়, আমি ডিভোর্স লেটার পাঠালে নারী নির্যাতনের মামলা করার হুমকি দিয়ে রেখেছে। এ ক্ষেত্রে আমার জিজ্ঞাসা, আমি তালাকের কাগজ পাঠালে সে নারী নির্যাতন বা অন্য কোনো মামলা করতে পারে কি না? মামলা করলে রায় আমার বিপক্ষে যাবে কি না? এ ছাড়া আমার চাকরি যাওয়ার আশঙ্কা রয়েছে কি? নাম প্রকাশে অনিচ্ছুক","1. <women_children_835_s34> [নারী ও শিশু নির্যাতন দমন আইন, ২০০০, ধারা ৩৪] ১৯৯৫ সনের ১৮ নং আইনের রহিতকরণ ও হেফাজত — (১) নারী ও শিশু নির্যাতন (বিশেষ বিধান) আইন, ১৯৯৫ (১৯৯৫ সনের ১৮ নং আইন), অতঃপর উক্ত আইন বলিয়া উল্লিখিত, এতদ্বা
2. <other_724_s71> [রাংগামাটি পার্বত্য জেলা পরিষদ আইন, ১৯৮৯, ধারা ৭১] পরিষদের পক্ষে ও বিপক্ষে মামলা — (১) পরিষদের বিরুদ্ধে বা পরিষদ সংক্রান্ত কোন কাজের জন্য উহার কোন সদস্য বা কর্মকর্তা বা কর্মচারীর বিরুদ্ধে কোন ম
3. <other_726_s71> [বান্দরবান পার্বত্য জেলা পরিষদ আইন, ১৯৮৯, ধারা ৭১] পরিষদের পক্ষে ও বিপক্ষে মামলা — (১) পরিষদের বিরুদ্ধে বা পরিষদ সংক্রান্ত কোন কাজের জন্য উহার কোন সদস্য বা কর্মকর্তা বা কর্মচারীর বিরুদ্ধে কোন ম
4. <local_government_827_s66> [উপজেলা পরিষদ আইন, ১৯৯৮, ধারা ৬৬] পরিষদের পক্ষে ও বিপক্ষে মামলা — (১) পরিষদের বিরুদ্ধে বা পরিষদ সংক্রান্ত কোন কাজের সূত্রে উহার কোন সদস্য বা কর্মকর্তা বা কর্মচারীর বিরুদ্ধে মাম
5. <women_children_1119_s16> [শিশু আইন, ২০১৩, ধারা ১৬] (১) আইনের সহিত সংঘাত জড়িত শিশু কর্তৃক সংঘটিত যে কোনো অপরাধের বিচার করিবার জন্য, প্রত্যেক জেলা সদরে শিশু-আদালত
6. <other_725_s71> [খাগড়াছড়ি পার্বত্য জেলা পরিষদ আইন, ১৯৮৯, ধারা ৭১] পরিষদের পক্ষে ও বিপক্ষে মামলা — (১) পরিষদের বিরুদ্ধে বা পরিষদ সংক্রান্ত কোন কাজের জন্য উহার কোন সদস্য বা কর্মকর্তা বা কর্মচারীর বিরুদ্ধে কোন ম
7. <other_812_s80> [দেউলিয়া বিষয়ক আইন, ১৯৯৭, ধারা ৮০] বণ্টনযোগ্য সম্পদের জন্য মামলা দায়ের নিষিদ্ধ — (১) বণ্টনযোগ্য সম্পদের দাবীতে অন্য কোন আদালতে কোন স্বতন্ত্র মামলা দায়ের করা চলিবে না, তবে এই আইনের অধীন এখ্তি
8. <labour_952_s216_p1> [বাংলাদেশ শ্রম আইন, ২০০৬, ধারা ২১৬] অপরাধ বিচার ছাড়া অন্য কোন বিষয়ে শ্রম আদালতের ক্ষমতা ওকার্যক্রম — বা আপত্তি পেশ করিতে ব্যর্থ হয়, তাহা হইলে মামলাটি একতরফা শুনানীক্রমে নিষ্পত্তি করা হইবে।(৬) কোন পক্ষের আবেদনক্
9. <other_1403_s56> [মোংলা বন্দর কর্তৃপক্ষ আইন, ২০২২, ধারা ৫৬] মামলা দায়েরের সীমাবদ্ধতা — (১) কর্তৃপক্ষের বিরুদ্ধে মামলা দায়েরে ইচ্ছুক ব্যক্তি, তাহার নাম ঠিকানাসহ মামলা দায়েরের কারণ সংবলিত লিখিত নোট
10. <other_841_s76> [জেলা পরিষদ আইন, ২০০০, ধারা ৭৬] পরিষদের পক্ষে ও বিরুদ্ধে মামলা — (১) পরিষদের বিরুদ্ধে বা পরিষদ সংক্রান্ত কোন কাজের জন্য উহার কোন সদস্য বা কর্মকর্তা বা কর্মচারীর বিরুদ্ধে কোন ম","family_305_s7, women_children_835_s17",own_search,answered,3,
prot_0012_03,Iftiaq,,"প্রথমে প্রেম হলেও পরে পারিবারিকভাবেই আমি ২০১১ সালে বিয়ে করি। মেয়েটি ঝগড়াটে, দুষ্টু ও একরোখা মনোভাবের কারণে প্রথমে কিছুটা অসম্মত থাকলেও পরে আমার পরিবার মেনে নেয়। কিন্তু বিয়ের দেড় মাসের মাথায় ঘুমের অনেকগুলো ট্যাবলেট পানিতে গুলে শরবত বানিয়ে আমাকে খাওয়ায় এবং অনেক চিকিৎসার পর আমি সুস্থ হই। ঘটনাটি সবাই জানে। কিন্তু তারপরেও আমি আবার তাকে নিয়ে ঘর করা শুরু করি। এবারও সে কাওকে পাত্তা না দিয়ে মনমতো চলাফেরা শুরু করে। ফলে ঝগড়া ও বাগ্বিতণ্ডা শুরু হয়। অবশেষে গত ২০১৩ সালের জানুয়ারি মাসে বিতর্কের একপর্যায়ে বাড়ি থেকে মেয়েটি বের হয়ে ঢাকায় আসে। কিন্তু একবারও বাড়ি আসেনি। সমস্যাটি সমাধানের জন্য চেয়ারম্যানের মাধ্যমে কয়েকবার চেষ্টা করি। কিন্তু টালবাহানা ছাড়া আর কিছুই নির্দিষ্ট করে বলে না। এখন এই অবস্থায় ক) আমরা যদি মেয়েকে তালাক দিই তবে কোনো মামলা করতে পারবে কি না? খ) আমি নতুন কোনো বিয়ে করতে পারব কি না? গ) এই সমস্যা থেকে বের হয়ে আসার পথ কী? নজরুল ইসলাম","1. <labour_952_s227> [বাংলাদেশ শ্রম আইন, ২০০৬, ধারা ২২৭] বে-আইনী ধর্মঘট ও লক-আউট — (১) কোন ধর্মঘট বা লক-আউট বেআইনী হইবে, যদি-(ক) বিরোধে জড়িত অন্য পক্ষকে বিধি দ্বারা নির্ধারিত পন্থায় ধর্মঘট বা
2. <labour_1285_s145> [বাংলাদেশ ইপিজেড শ্রম আইন, ২০১৯, ধারা ১৪৫] বেআইনী ধর্মঘট ও লক-আউট — (১) ধর্মঘট বা লক-আউট বেআইনী হইবে, যদি-(ক) উহা বিরোধে জড়িত অপর পক্ষের উপর প্রবিধান দ্বারা নির্ধারিত পদ্ধতিতে ধ
3. <family_938_s6গ> [গ্রাম আদালত আইন, ২০০৬, ধারা ৬গ] মামলা নিষ্পত্তির সময়সীমা — (১) ধারা ৬খ এর অধীন কোন মামলা নিষ্পত্তি করা সম্ভব না হইলে, গ্রাম আদালত ১৫ (পনের) দিনের মধ্যে মামলাটির শুনানীর 
4. <other_1201_s5_p0> [বাস র‍্যাপিড ট্রানজিট (বিআরটি) আইন, ২০১৬, ধারা ৫] বিশেষ বিধান — (১) বিআরটি নির্মাণ, পরিচালনা, রক্ষণাবেক্ষণ, উন্নয়ন ও নিয়ন্ত্রণ বা এতদ্সংশ্লিষ্ট উদ্দেশ্যে অধিগ্রহণাধীন বা অধ
5. <other_1483_s4> [পরিত্যক্ত বাড়ি (সম্পূরক বিধানাবলি) আইন, ২০২৩, ধারা ৪] পরিত্যক্ত বাড়ি ঘোষণা ও তালিকা প্রণয়ন — (১) উপ-ধারা (২) এর বিধান সাপেক্ষে, সরকার, সরকারি গেজেটে প্রজ্ঞাপন দ্বারা, নিম্নবর্ণিত বাড়িসমূহকে পরিত্যক্ত বা
6. <land_1220_s15> [স্থাবর সম্পত্তি অধিগ্রহণ ও হুকুমদখল আইন, ২০১, ধারা ১৫] ঘর-বাড়ি অথবা ইমারতের আংশিক অধিগ্রহণ — (১) কোনো মালিক তাহার বাড়ি, কারখানা বা ভবনের সম্পূর্ণ অংশ অধিগ্রহণ করিতে হইবে মর্মে শর্ত আরোপ করিলে, সংশ্লিষ্ট
7. <other_1156_s5_p0> [মেট্রোরেল আইন, ২০১৫, ধারা ৫] বিশেষ বিধান — (১) মেট্রোরেল নির্মাণ বা পরিচালনা বা রক্ষণাবেক্ষণ ও নিয়ন্ত্রণ বা এতদ্সংশ্লিষ্ট উদ্দেশ্যে অধিগ্রহণাধীন বা অধিগ
8. <other_788_s149> [কোম্পানী আইন, ১৯৯৪, ধারা ১৪৯] অনিয়মিত বরাদ্দকরণের ফলাফল — (১) ধারা ১৪১ অথবা ১৪৮ এর বিধান লংঘন করিয়া কোন কোম্পানী কোন আবেদনকারীকে কোন শেয়ার বা ডিবেঞ্চার বরাদ্দ করিলে, 
9. <other_1292_s2_p0> [প্রাণিকল্যাণ আইন, ২০১৯, ধারা ২] সংজ্ঞা — বিষয় বা প্রসঙ্গের পরিপন্থি কোনো কিছু না থাকিলে, এই আইনে -(১) ‘‘অনিরাময়যোগ্য অসুস্থ প্রাণি’’ অর্থ এমন অসুস্থ 
10. <labour_952_s12> [বাংলাদেশ শ্রম আইন, ২০০৬, ধারা ১২] কাজ বন্ধ রাখা — (১) অগ্নিকান্ড, আকষ্মিক বিপত্তি, যন্ত্রপাতি বিকল, বিদু্যৎ সরবরাহ বন্ধ, মহামারী, ব্যাপক দাঙ্গা-হাঙ্গামা অথবা মা","women_children_835_s11, women_children_1256_s3",own_search,answered,3,
prot_0069_04,Iftiaq,,"‘পাত্রী চাই’ বিজ্ঞাপনের মাধ্যমে মেয়েটির সঙ্গে আমার পরিচয়। একপর্যায়ে প্রেমের সম্পর্ক হয়ে যায় মুঠোফোনে। তার সঙ্গে দেখা করার জন্য দীর্ঘ পথ পাড়ি দিয়ে তার বাসার কাছে গেলেও সে নানা অজুহাতে দেখা করেনি। সম্পর্ক চলাকালে সে আমার কাছ থেকে একটি ল্যাপটপ, একটি মোবাইল ফোনসেট, দুই ভরি ওজনের সোনার হার এবং অন্যান্য উপহারসহ প্রায় দেড় লাখ টাকার মালামাল আদায় করে, যা কুরিয়ারের মাধ্যমে পাঠিয়ে দিই। বিয়ের দিনও ঠিক হয়ে যায়। কিন্তু গত দুই মাস ধরে তার সঙ্গে যোগাযোগ করতে পারছি না। ফোন করলে ধরে না। বুঝেছি, প্রতারণার শিকার হয়েছি। ইচ্ছে হয় প্রতিশোধ নিই। এখন কী করতে পারি?নাম প্রকাশে অনিচ্ছুকচট্টগ্রাম","1. <labour_952_s340> [বাংলাদেশ শ্রম আইন, ২০০৬, ধারা ৩৪০] নিয়োগ সম্পর্ক অনুমান — কোন ব্যক্তিকে কোন কারখানায় উহার কাজ চলাকালে, আহার বা বিশ্রামের জন্য বিরতির সময় ব্যতীত অন্য কোন সময়ে অথবা উহ
2. <women_children_835_s14> [নারী ও শিশু নির্যাতন দমন আইন, ২০০০, ধারা ১৪] সংবাদ মাধ্যমে 1 [নির্যাতনের শিকার] নারী ও শিশুর পরিচয় প্রকাশের ব্যাপারে বাধা-নিষেধ — (১) এই আইনে বর্ণিত অপরাধের শিকার হইয়াছেন এইরূপ নারী বা শিশুর ব্যাপারে সংঘটিত অপরাধ বা তত্সম্পর্কিত আইনগত কার্
3. <labour_952_s153> [বাংলাদেশ শ্রম আইন, ২০০৬, ধারা ১৫৩] পুনর্বিবেচনা — (১) এই অধ্যায়ের অধীন প্রদেয় কোন মাসিক ৰতিপূরণ, উহা পৰ- দ্বয়ের মধ্যে চুক্তির অধীন হউক অথবা শ্রম আদালতের আদেশ
4. <labour_1285_s76> [বাংলাদেশ ইপিজেড শ্রম আইন, ২০১৯, ধারা ৭৬] পুনর্বিবেচনা — এই অধ্যায়ের অধীন প্রদেয় কোনো মাসিক ক্ষতিপূরণ, উহা পক্ষদ্বয়ের মধ্যে চুক্তির অধীন হউক অথবা ইপিজেড শ্রম আদালতে
5. <other_1403_s27> [মোংলা বন্দর কর্তৃপক্ষ আইন, ২০২২, ধারা ২৭] পণ্য বিক্রয়ের মাধ্যমে অনাদায়ি টোল আদায় — (১) কর্তৃপক্ষের কোনো ভাড়া, টোল, রেইট, ফি, মাশুল বা অন্যান্য পাওনা বা পূর্বস্বত্ব (lien) অনাদায়ি থাকিলে এবং জ
6. <other_1404_s28> [চট্টগ্রাম বন্দর কর্তৃপক্ষ আইন, ২০২২, ধারা ২৮] পণ্য বিক্রয়ের মাধ্যমে অনাদায়ি টোল আদায় — (১) কর্তৃপক্ষের কোনো ভাড়া, টোল, রেইট, ফি, মাশুল, ক্ষতিপূরণ ও অন্যান্য পাওনা বা পূর্বস্বত্ব অনাদায়ি থাকিলে এব
7. <other_1717_s18ক_p2> [ব্যাংক রেজল্যুশন আইন, ২০২৬, ধারা ১৮ক] রেজল্যুশন কার্যক্রম হইতে শেয়ার, সম্পদ-দায়, পুনঃধারণ বা ধারণ — কার্যক্রম তদারকি করিবে এবং দুই বছর পর একটি বিশেষ কমিটি গঠনপূর্বক উল্লিখিত শর্ত এবং আইনী অন্যান্য বাধ্যবাধকতা প
8. <consumer_1452_s2_p4> [কপিরাইট আইন, ২০২৩, ধারা ২] সংজ্ঞা — প্রযুক্তি-ভিত্তিক ডিজিটাল কর্ম” অর্থ কোনো সুনির্দিষ্ট ফলাফল পাইবার উদ্দেশ্যে তথ্য ও উপাত্ত প্রক্রিয়াকরণ করিয়
9. <criminal_procedure_1239_s74> [রংপুর মহানগরী পুলিশ আইন, ২০১৮, ধারা ৭৪] অননুমোদিত স্থানে পশু জবাই বা পশুর মৃতদেহ পরিষ্কার করিবার দণ্ড — কোনো ব্যক্তি পুলিশ কমিশনার কর্তৃক নির্ধারিত স্থান ব্যতিরেকে অন্য কোনো স্থানে বা রাস্তায় বা প্রকাশ্য স্থানে বা
10. <criminal_procedure_1238_s74> [গাজীপুর মহানগরী পুলিশ আইন, ২০১৮, ধারা ৭৪] অননুমোদিত স্থানে পশু জবাই বা পশুর মৃতদেহ পরিষ্কার করিবার দণ্ড — কোনো ব্যক্তি পুলিশ কমিশনার কর্তৃক নির্ধারিত স্থান ব্যতিরেকে অন্য কোনো স্থানে বা রাস্তায় বা প্রকাশ্য স্থানে বা","other_36_s39, other_36_s42_p0",own_search,answered,3,
prot_0037_08,Iftiaq,,আমার স্বামী আমাকে না জানিয়ে ঢাকায় বিয়ে করেছেন। এখন আমাদের ভরণপোষণ দেওয়া বন্ধ করে দিয়েছেন। আমি গ্রামের চেয়ারম্যানকে বিষয়টি জানাই।তিনি আমাদের স্বামী-স্ত্রীর সই একটি সাদা স্ট্যাম্পে রেখে তিন মাস পর সিদ্ধান্ত নেবেন বলে জানিয়েছেন। এখন আমার কী করা উচিত?,"1. <other_857_s11> [বাংলাদেশ টেলিযোগাযোগ নিয়ন্ত্রণ আইন, ২০০১, ধারা ১১] পরিবারের সদস্যের কতিপয় স্বার্থ সম্পর্কে কমিশনারের দায়িত্ব — (১) কোন কমিশনারের পরিবারের কোন সদস্য যদি ধারা ১০(২)(ছ)- েত উলিস্্নখিত স্বার্থ অর্জন বা ধারণ করেন, তাহা হইলে তি
2. <other_1485_s9> [বাংলাদেশ পুলিশ কল্যাণ তহবিল আইন, ২০২৩, ধারা ৯] মৃত্যু এবং অক্ষমতাজনিত কারণে এককালীন এবং মাসিক কল্যাণ অনুদান — (১) কোনো কর্মচারী বা তাহার মৃত্যু হইলে তাহার স্ত্রী বা, ক্ষেত্রমত, স্বামী, বিধি দ্বারা নির্ধারিত পদ্ধতিতে, নিম
3. <labour_952_s7> [বাংলাদেশ শ্রম আইন, ২০০৬, ধারা ৭] সার্ভিস বইয়ের ফরম — (১) সার্ভিস বই বিধি দ্বারা নির্ধারিত মাপে ও ফরমে রৰিত হইবে, এবং উহাতে শ্রমিকের একটি ফটো সংযোজিত থাকিবে।(২) সার
4. <other_1429_s31> [আয়কর আইন, ২০২৩, ধারা ৩১] আয় একীভূতকরণ — (১) এই আইনে ভিন্নরূপ কিছু না থাকিলে, নিম্নবর্ণিত আয়সমূহ কোনো ব্যক্তির মোট আয়ের অন্তর্ভুক্ত হইবে, যথা:-(ক) উক
5. <other_1266_s2_p3> [বাংলাদেশ মুক্তিযোদ্ধা কল্যাণ ট্রাস্ট আইন, ২০, ধারা ২] সংজ্ঞা — বা স্বামী এবং পিতা-মাতার অবর্তমানে খেতাবপ্রাপ্ত বীর মুক্তিযোদ্ধার সন্তান; বা(উ) (অ)-(ঈ) পর্যন্ত বর্ণিত ব্যক্তি
6. <other_1132_s5> [পিতা-মাতার ভরণ-পোষণ আইন, ২০১৩, ধারা ৫] পিতা-মাতার ভরণ-পোষণ না করিবার দণ্ড — (১) কোন সন্তান কর্তৃক ধারা ৩ এর যে কোন উপ-ধারার বিধান কিংবা ধারা ৪ এর বিধান লংঘন অপরাধ বলিয়া গণ্য হইবে এবং উক
7. <other_1429_s272> [আয়কর আইন, ২০২৩, ধারা ২৭২] আয় গোপন করিবার জন্য জরিমানা — (১) এই আইনের অধীন কোনো কার্যক্রম চলাকালে, কার্যক্রম পরিচালনাকারী কর্তৃপক্ষ যদি এই মর্মে সন্তুষ্ট হয় যে, কোনো 
8. <labour_952_s13> [বাংলাদেশ শ্রম আইন, ২০০৬, ধারা ১৩] প্রতিষ্ঠান বন্ধ রাখা — (১) কোন প্রতিষ্ঠানের কোন শাখা বা বিভাগে বে-আইনী ধর্মঘটের কারণে মালিক উক্ত শাখা বা প্রতিষ্ঠান আংশিক বা সম্পূর্ণ
9. <labour_1285_s12> [বাংলাদেশ ইপিজেড শ্রম আইন, ২০১৯, ধারা ১২] প্রতিষ্ঠান বন্ধ রাখা — (১) কোনো প্রতিষ্ঠানের কোনো শাখা বা বিভাগে বে-আইনী ধর্মঘটের কারণে, কর্তৃপক্ষের পূর্বানুমোদনক্রমে, মালিক উক্ত শা
10. <other_1429_s135> [আয়কর আইন, ২০২৩, ধারা ১৩৫] (১) স্টক এক্সচেঞ্জে তালিকাভুক্ত কোনো কোম্পানি বা তহবিলের সিকিউরিটিজ হস্তান্তরের জন্য দায়িত্বপ্রাপ্ত কোনো ব্যক","family_305_s6, family_305_s9",own_search,answered,3,
prot_0084_04,Iftiaq,,"আড়াই বছর আগে পারিবারিকভাবে আমার বিয়ে হয়। বিয়ের পর থেকেই আমার স্বামী আমাকে শারীরিক ও মানসিকভাবে নির্যাতন করত। নির্যাতন সইতে না পেরে ছয় মাসের অন্তঃসত্ত্বা অবস্থায় আমি আমার মায়ের কাছে চলে আসি এবং থানায় একটি জিডি করি। এর তিন মাস পর আমার একটি কন্যাসন্তান জন্ম নেয়। আমার স্বামী আমার এবং আমার বাচ্চার কোনো খোঁজখবর নিত না এবং কোনো খরচ দিত না। আমার মেয়ের যখন পাঁচ মাস বয়স, তখন পারিবারিক আদালতে একটি দেনমোহর আদায় ও ভরণপোষণের মামলা করি। এর কিছু দিন পর স্বামীর দেওয়া একটি তালাকের নোটিশ পাই। মামলার শুনানির সময় আমার মেয়ের বিয়ের আগ পর্যন্ত খরচ দাবি করে একটি আবেদন আরজির সঙ্গে সংযুক্ত করি। কিন্তু আমার স্বামী এই আবেদনের ওপর আপত্তি জানিয়ে বলে যে বাচ্চার ডিএনএ পরীক্ষা করা হোক। ডিএনএ পরীক্ষার ব্যাপারে আমার কোনো আপত্তি নেই। কারণ, আমার বাচ্চার জন্মের ব্যাপারে আমার কোনোই সন্দেহ নেই। আমি শুনেছি, ডিএনএ পরীক্ষা করতে অনেক টাকা লাগে। কিন্তু এখন আমার প্রশ্ন হলো, ডিএনএ পরীক্ষার খরচ কি আমাকেই বহন করতে হবে? আমি আমার সন্তান নিয়ে অনেক কষ্টে দিন যাপন করছি। আমি কী করে এই খরচ বহন করব? দ্বিতীয় প্রশ্ন হলো, আমার স্বামী কর্তৃক দেওয়া তালাকের নোটিশে বিয়ের সঠিক তারিখ ১৩-০৭-২০০৭ দেওয়া থাকলেও তালাক প্রদানের তারিখ ১৬-০৫-২০০৭ তারিখ দেওয়া আছে, যা বিয়েরও তিন মাস আগের তারিখ। আমার কাছে আমার কাবিননামা রয়েছে। এ ক্ষেত্রে এই তালাক কি কার্যকর হয়েছে? নাম প্রকাশে অনিচ্ছুক","1. <labour_952_s216_p1> [বাংলাদেশ শ্রম আইন, ২০০৬, ধারা ২১৬] অপরাধ বিচার ছাড়া অন্য কোন বিষয়ে শ্রম আদালতের ক্ষমতা ওকার্যক্রম — বা আপত্তি পেশ করিতে ব্যর্থ হয়, তাহা হইলে মামলাটি একতরফা শুনানীক্রমে নিষ্পত্তি করা হইবে।(৬) কোন পক্ষের আবেদনক্
2. <other_788_s148_p1> [কোম্পানী আইন, ১৯৯৪, ধারা ১৪৮] বরাদ্দের ক্ষেত্রে বাধা-নিষেধ — এই আইনে ইহাকে ন্যুনতম চাঁদা হিসাবে উলেস্্নখ করা হইয়াছে।(৪) শেয়ারের আবেদনকারীগণের নিকট হইতে প্রাপ্ত সকল অর্থB
3. <consumer_1010_s104> [ট্রেডমার্ক আইন, ২০০৯, ধারা ১০৪] হাইকোর্ট বিভাগের কার্যধারায় নিবন্ধকের খরচ — এই আইনের অধীন হাইকোর্ট বিভাগের কার্যধারা পরিচালনায় নিবন্ধক কর্তৃক ব্যয়িত খরচ হাইকোর্ট বিভাগ নির্ধারণ করিতে প
4. <other_1246_s204> [ক্যান্টনমেন্ট আইন, ২০১৮, ধারা ২০৪] মামলার নোটিশ প্রদান — (১) কোনো ব্যক্তি বোর্ডের কোনো আদেশ দ্বারা সংক্ষুব্ধ হইয়া কোনো দেওয়ানি মামলা দায়ের করিতে চাহিলে, তিনি তামাদি
5. <other_788_s395> [কোম্পানী আইন, ১৯৯৪, ধারা ৩৯৫] সীমিতদায় কোম্পানীকে মামলার খরচের জন্য জামানত দেওয়ার নির্দেশদানের ক্তমতা — যেক্ষেত্রে কোন মামলা বা অন্য কোন আইনগত কার্যধারায় কোন সীমিতদায় কোম্পানী বাদী বা আবেদনকারী হয়, সেক্ষেত্রে যদ
6. <other_812_s69> [দেউলিয়া বিষয়ক আইন, ১৯৯৭, ধারা ৬৯] দেনাদারের নিকট ঋণী ব্যক্তিদের বিরুদ্ধে ব্যবস্থা গ্রহণ — (১) দেউলিয়া ঘোষণাদেশ প্রদত্ত হওয়ার পর যথাশীঘ্র সম্ভব, রিসিভার, দেউলিয়ার নিকট হইতে বা অন্য কোনভাবে প্রাপ্ত ত
7. <family_1444_s7> [পারিবারিক আদালত আইন, ২০২৩, ধারা ৭] সমন ও নোটিশ জারিকরণ — (১) পারিবারিক আদালতে আরজি দাখিল করিবার পর আদালত নিম্নরূপ উদ্যোগ গ্রহণ করিবে, যথা:-(ক) বিবাদীর উপস্থিতির জন্য স
8. <other_1266_s2_p3> [বাংলাদেশ মুক্তিযোদ্ধা কল্যাণ ট্রাস্ট আইন, ২০, ধারা ২] সংজ্ঞা — বা স্বামী এবং পিতা-মাতার অবর্তমানে খেতাবপ্রাপ্ত বীর মুক্তিযোদ্ধার সন্তান; বা(উ) (অ)-(ঈ) পর্যন্ত বর্ণিত ব্যক্তি
9. <labour_952_s160_p0> [বাংলাদেশ শ্রম আইন, ২০০৬, ধারা ১৬০] চিকিৎসা পরীক্ষা — (১) যে ক্ষেত্রে কোন শ্রমিক কোন দুর্ঘটনার নোটিশ প্রদান করেন সে ক্ষেত্রে মালিক নোটিশ জারীর তিন দিনের মধ্যে114[মা
10. <other_1652_s9_p1> [বাণিজ্যিক আদালত আইন, ২০২৬, ধারা ৯] দেওয়ানি কার্যবিধির প্রয়োগ ও কার্যধারা সম্পর্কিত বিশেষ বিধান — শর্ত থাকে যে, দেওয়ানি কার্যবিধিতে যাহা কিছুই থাকুক না কেন, মোকদ্দমা ব্যবস্থাপনা শুনানিতে কোনো পক্ষ অনুপস্থিত ","other_24_s112, family_305_s7",own_search,answered,3,
prot_0051_03,Iftiaq,,"বিয়ের পর আমার স্বামী আমার সঙ্গে নানা অদ্ভুত আচরণ করত। আমাদের বিয়েতে দেনাপাওনা বা যৌতুকের কোনো উল্লেখ ছিল না। তার পরও বিয়ের পর দেনাপাওনা নিয়ে আমাকে নানা কথা শোনায়। আমি এই বিষয়টি আমার পরিবারের কাছে গোপন রাখি। এরপর হঠাৎ সে আমার বাপের বাড়ি যাওয়া বন্ধ করে দেয়। একসময় এটার মীমাংসা হয়ে যায় এবং উভয়ের মধ্যে সম্পর্ক স্বাভাবিক হয়। একদিন সে আমাকে বাপের বাড়ি বেড়াতে পাঠায় এবং হঠাৎই তার মধ্যে পরিবর্তন দেখা যায়। সে আমাকে অবিশ্বাস করে এবং আমার সঙ্গে ফোনে খারাপ আচরণ করে। সে আমার সঙ্গে কথা বলা বন্ধ করে দেয় এবং কয়েক মাস পর সে আমাকে কোনো কিছু না জানিয়ে তালাক দিয়ে দেয়। এমনকি সে আমাকে আমার ন্যায্য পাওনা অর্থাৎ মোহরানা, গয়না ও জিনিসপত্র থেকে সম্পূর্ণ বঞ্চিত করে। এটি জানতে পেরে আমার বাবা তাদের সঙ্গে যোগাযোগ করলে তারা তাকে খুব অপমান করে এবং মীমাংসায় বসতে অস্বীকার করে। পরে তারা আমাকে সবকিছু ফেরত দিতে রাজি হয়, তবে আইনের মাধ্যমে। আমি এখনো কোনো আইনি ব্যবস্থা নিইনি। তা ছাড়া আমাদের মধ্যে সম্পর্ক ভাঙার মতো তেমন কিছুই হয়নি। সে আমাকে তালাক দিয়েছে রাগ ও জেদের বশে। এই পরিস্থিতিতে আমি এখন কী করতে পারি?নাম প্রকাশে অনিচ্ছুক","1. <criminal_procedure_1013_s52> [বরিশাল মহানগরী পুলিশ আইন, ২০০৯, ধারা ৫২] নিয়োগপত্র, প্রভৃতি ফেরত দিতে গাফিলতি বা অস্বীকৃতি জ্ঞাপনের দণ্ড — কোন পুলিশ কর্মকর্তা বাহিনীর সহিত সম্পর্ক ছিন্ন হওয়ার অব্যবহিত পরে তাহার নিয়োগপত্র, অস্ত্র, পোশাক ও অন্যান্য 
2. <women_children_1063_s3> [পারিবারিক সহিংসতা (প্রতিরোধ ও সুরক্ষা) আইন, , ধারা ৩] পারিবারিক সহিংসতা — - এই আইনের উদ্দেশ্য পূরণকল্পে পারিবারিক সহিংসতা বলিতে পারিবারিক সম্পর্ক রহিয়াছে এমন কোন ব্যক্তি কতৃর্ক পরিবার
3. <criminal_procedure_765_s52> [রাজশাহী মহানগরী পুলিশ আইন, ১৯৯২, ধারা ৫২] নিয়োগপত্র, প্রভৃতি ফেরত্ দিতে গাফিলতি বা অস্বীকৃতি জ্ঞাপনের দণ্ড — কোন পুলিশ কর্মকর্তা বাহিনীর সহিত সম্পর্ক ছিন্ন হওয়ার অব্যবহিত পরে তাহার নিয়োগপত্র, অস্ত্র, পোশাক ও অন্যান্য 
4. <family_938_s11> [গ্রাম আদালত আইন, ২০০৬, ধারা ১১] গ্রাম আদালতের অবমাননা — (১) কোন ব্যক্তি আইনসংগত কারণ ব্যতীত যদি-(ক) গ্রাম আদালত বা উহার কোন সদস্যকে আদালতের কার্যক্রম চলাকালে অশালীন ক
5. <labour_952_s117> [বাংলাদেশ শ্রম আইন, ২০০৬, ধারা ১১৭] মজুরীসহ বাৎসরিক ছুটি — (১) কোন প্রতিষ্ঠানে অবিচ্ছিন্নভাবে এক বৎসর চাকুরী পূর্ণ করিয়াছেন এমন প্রত্যেক প্রাপ্ত বয়স্ক শ্রমিককে পরবর্তী
6. <labour_952_s218_p1> [বাংলাদেশ শ্রম আইন, ২০০৬, ধারা ২১৮] শ্রম আপীল ট্রাইব্যুনাল — উক্ত কার্যক্রম অনুসরণ করিবে।(৮) যদি কোন বিষয়ে সিদ্ধান্ত দেওয়ার ক্ষেত্রে বেঞ্চের সদস্যগণের মধ্যে মত পার্থক্য 
7. <criminal_procedure_1012_s52> [সিলেট মহানগরী পুলিশ আইন, ২০০৯, ধারা ৫২] নিয়োগপত্র, প্রভৃতি ফেরৎ দিতে গাফিলতি বা অস্বীকৃতি জ্ঞাপনের দণ্ড — কোন পুলিশ কর্মকর্তা বাহিনীর সহিত সম্পর্ক ছিন্ন হওয়ার অব্যবহিত পরে তাহার নিয়োগপত্র, অস্ত্র, পোশাক ও অন্যান্য 
8. <criminal_procedure_1239_s50> [রংপুর মহানগরী পুলিশ আইন, ২০১৮, ধারা ৫০] সনদপত্র, প্রভৃতি ফেরত প্রদানে গাফিলতি বা অস্বীকৃতি জ্ঞাপনের দণ্ড — কোনো পুলিশ অফিসার বাহিনীর সহিত সম্পর্ক ছিন্ন হইবার অব্যবহিত পরে তাহার সনদপত্র, অস্ত্র, পোশাক ও অন্যান্য দ্রব্য
9. <criminal_procedure_1238_s50> [গাজীপুর মহানগরী পুলিশ আইন, ২০১৮, ধারা ৫০] সনদপত্র, প্রভৃতি ফেরত প্রদানে গাফিলতি বা অস্বীকৃতি জ্ঞাপনের দণ্ড — কোনো পুলিশ অফিসার বাহিনীর সহিত সম্পর্ক ছিন্ন হইবার অব্যবহিত পরে তাহার সনদপত্র, অস্ত্র, পোশাক ও অন্যান্য দ্রব্য
10. <other_609_s43> [ইসলামী বিশ্ববিদ্যালয় আইন, ১৯৮০, ধারা ৪৩] কর্তৃপক্ষ এবং সংস্থাসমূহের গঠন সম্পর্কিত মতবিরোধ — এই আইনে অথবা সংবিধিতে অথবা অধ্যাদেশসমূহে এমন কোন বিধান বিদ্যমান না থাকার কারণে যদি কোন কর্তৃপক্ষের বা বিশ্ববিদ","family_1444_s5, family_305_s10",own_search,answered,3,
lawy_0477_01,Iftiaq,,"নাবালক ও পাগলের সম্পত্তি ক্রয়-বিক্রয়, আইন কি বলে?","1. <money_recovery_876_s71> [সমবায় সমিতি আইন, ২০০১, ধারা ৭১] বন্ধকী জমি ক্রয়ে সমবায় 2 [সমবায় ভূমি উন্নয়ন ব্যাংক], কেন্দ্রীয় সমিতি ইত্যাদির অধিকার — এই অধ্যায়ের অধীনে বিক্রীত বন্ধকী সম্পত্তি93[সমবায় ভূমি উন্নয়ন ব্যাংক], কেন্দ্রীয় সমবায় সমিতি এবং জাতীয় স
2. <other_1725_s130> [অর্থ আইন, ২০২৬, ধারা ১৩০] ২০২৩ সনের ১২ নং আইনের ধারা ২৩৩ এর সংশোধন — উক্ত আইনের ধারা ২৩৩ এর­ দফা (৫) এর পরিবর্তে নিম্নরূপ দফা (৫) প্রতিস্থাপিত হইবে, যথা:- “(৫) “আন্তর্জাতিক লেনদেন
3. <other_751_s9> [ব্যাংক-কোম্পানী আইন, ১৯৯১, ধারা ৯] কতিপয় ব্যবসায় নিষিদ্ধ — ধারা ৭ এর অধীন অনুমোদিত ব্যবসা ব্যতীত, কোন ব্যাংক-কোম্পানী, উহাকে প্রদত্ত বা উহা কর্তৃক রক্ষিত জামানত আদায়ের 
4. <other_1210_s23> [বাংলাদেশ শিপিং কর্পোরেশন আইন, ২০১৭, ধারা ২৩] জাহাজ ক্রয়-বিক্রয়, ইত্যাদি — (১) কর্পোরেশনের জাহাজ বা অন্য কোনো নৌযান অর্জন বা ক্রয়সহ অন্যান্য সকল ক্রয়ের ক্ষেত্রেপাবলিক প্রকিউরমেন্ট আইন
5. <other_751_s7_p0> [ব্যাংক-কোম্পানী আইন, ১৯৯১, ধারা ৭] ব্যাংক-কোম্পানীর কার্যাবলী — (১) ব্যাংক-ব্যবসা ছাড়াও, কোন ব্যাংক-কোম্পানী নিম্নবর্ণিত সকল বা যে কোন ব্যবসায় নিয়োজিত হইতে পারিবে, যথা :-(
6. <other_1450_s9_p0> [বাংলাদেশ পাবলিক প্রকিউরমেন্ট অথরিটি আইন, ২০২, ধারা ৯] অথরিটি এর দায়িত্ব ও কার্যাবলি — অথরিটি এর দায়িত্ব ও কার্যাবলি হইবে নিম্নরূপ, যথা:-(১) সরকারি ক্রয় সংক্রান্ত নীতি, কৌশল ও আইনি কাঠামো প্রণয়ন
7. <other_1225_s22> [রাজশাহী উন্নয়ন কর্তৃপক্ষ আইন, ২০১৮, ধারা ২২] ব্যক্তি মালিকানাধীন ভূমি হস্তান্তর — (১) কর্তৃপক্ষ এই আইনের উদ্দেশ্য পূরণকল্পে যে কোন ব্যক্তি মালিকানাধীন ভূমি অথবা ভূমি সংশ্লিষ্ট স্বার্থ, ক্রয়, 
8. <other_1098_s3> [প্রতিযোগিতা আইন, ২০১২, ধারা ৩] প্রয়োগ — বাণিজ্যিক উদ্দেশ্যে কোন পণ্য বা সেবার ক্রয়-বিক্রয়, উৎপাদন, সরবরাহ, বিতরণ এবং ক্ষেত্রমত, পণ্যের গুদামজাতকরণের
9. <money_recovery_876_s76> [সমবায় সমিতি আইন, ২০০১, ধারা ৭৬] নিলাম ক্রয়ে 2 [সমবায় ভূমি উন্নয়ন ব্যাংক], কেন্দ্রীয় ও জাতীয় সমিতির কর্মকর্তাগণের অংশগ্রহণ নিষিদ্ধ — এই অধ্যায়ের অধীনে কোন স্থাবর অথবা অস্থাবর সম্পত্তি বিক্রয়ে, কোন99[সমবায় ভূমি উন্নয়ন ব্যাংক], কেন্দ্রীয় বা
10. <other_1206_s15> [পাট আইন, ২০১৭, ধারা ১৫] পাটখড়ি হইতে বাণিজ্যিক উদ্দেশ্যে পণ্য উৎপাদন, ক্রয় ও বিক্রয় সম্পর্কে নির্দেশনা প্রদানের ক্ষমতা — সরকার, আদেশ দ্বারা, পাটখড়ি হইতে বাণিজ্যিক উদ্দেশ্যে যে কোন বা বিশেষ শ্রেণির পণ্য উৎপাদন, ক্রয় ও বিক্রয় সম্প","other_48_s7, other_26_s11, family_64_s29",own_search,answered,3,
prot_0044_04,Iftiaq,,পাঁচ বছর আগে আমার এক চাচাতো বোনের বিয়ে হয়। তখন তাঁর বয়স ছিল মাত্র ১৫ বছর। আমার চাচাতো বোন খুব মেধাবী ছিলেন এবং বিয়ের পর পড়তে দেবে এমন শর্তে তাঁকে বিয়ে দেওয়া হয়। কিন্তু পড়ার সুযোগ না পাওয়ায় তিনি পালিয়ে চলে আসেন। পরে আমার চাচাতো বোন তাঁর স্বামীকে তালাক দিতে চেয়েছিলেন কিন্তু আমার চাচা তাতে বাধা দেন। অবশেষে কাগজে-কলমে কোনো সমাধান না হলেও ছেলেপক্ষের আত্মীয়রা দাবি ছেড়ে দেন এবং ছেলেটি বিয়ে করেন। আমার বোনেরও বর্তমানে আবার বিয়ে হয়েছে। আমার বোনের দ্বিতীয় বিয়েটি বৈধ কি না? ভবিষ্যতে এটি নিয়ে কোনো আইনি সমস্যা হবে কি না?নাম প্রকাশে অনিচ্ছুক,"1. <other_1682_s2_p0> [মানবদেহে অঙ্গ-প্রত্যঙ্গ সংযোজন আইন, ২০২৬, ধারা ২] সংজ্ঞা — বিষয় বা প্রসঙ্গের পরিপন্থি কোনো কিছু না থাকিলে, এই আইনে- (১) “অঙ্গ-প্রত্যঙ্গ” অর্থ মানবদেহের কিডনি, হৃৎপিণ্ড,
2. <labour_1285_s17> [বাংলাদেশ ইপিজেড শ্রম আইন, ২০১৯, ধারা ১৭] কতিপয় ক্ষেত্রে লে-অফকৃত শ্রমিকগণ ক্ষতিপূরণ পাইবার অধিকারী হইবেন না — (১) এই অধ্যায়ের অন্যত্র যাহা কিছুই থাকুক না কেন, কোনো লে-অফকৃত শ্রমিককে ক্ষতিপূরণ প্রদেয় হইবে না, যদি-(ক) তি
3. <labour_952_s18> [বাংলাদেশ শ্রম আইন, ২০০৬, ধারা ১৮] কতিপয় ক্ষেত্রে লে-অফকৃত শ্রমিকগণ ক্ষতিপূরণ পাইবার অধিকারী হইবেন না — (১) এই অধ্যায়ের অন্যত্র যাহা কিছুই থাকুক না কেন, কোন লে-অফকৃত শ্রমিককে ক্ষতিপূরণ প্রদেয় হইবে না, যদি-(ক) তিন
4. <other_1412_s28> [বেসরকারি মেডিকেল কলেজ ও ডেন্টাল কলেজ আইন, ২০, ধারা ২৮] ৫ (পাঁচ) শতাংশ আসন অসচ্ছল মেধাবী শিক্ষার্থীদের জন্য সংরক্ষিত না রাখিবার দণ্ড — যদি কোনো ব্যক্তি ধারা ১৫ এর উপ-ধারা (৫) অনুযায়ী বেসরকারি মেডিকেল কলেজ বা ডেন্টাল কলেজের ৫ (পাঁচ) শতাংশ আসন অস
5. <other_788_s79> [কোম্পানী আইন, ১৯৯৪, ধারা ৭৯] নাম প্রকাশ না করার দণ্ড — (১) কোন সীমিতদায় কোম্পানী ধারা ৭৮(ক) এর বিধান পালনে ব্যর্থ হইলে, যতদিন উক্ত ব্যর্থতা অব্যাহত থাকে, ততদিনের প্
6. <other_812_s91> [দেউলিয়া বিষয়ক আইন, ১৯৯৭, ধারা ৯১] পাওনাদার ইত্যাদির অপরাধ — (১) এই ধারার অধীন কোন কার্যধারায়, কোন পাওনাদার যদি এমন কোন দাবী উত্থাপন, ঘোষণা বা হিসাব প্রদান করেন যাহার গুর
7. <other_788_s258_p0> [কোম্পানী আইন, ১৯৯৪, ধারা ২৫৮] লিকুইডেটরের নিকট কোম্পানীর বিষয়াদির বিবরণ দাখিল — (১) যে ত্মেগত্রে আদালত অবলুপ্তির-আদেশ প্রদান করে কিংবা সাময়িকভাবে লিকুইডেটর নিয়োগ করে, সে ক্ষেত্রে আদালত ভিন
8. <other_1586_s23> [গুম প্রতিরোধ ও প্রতিকার অধ্যাদেশ, ২০২৫, ধারা ২৩] স্ত্রী বা সন্তান কর্তৃক গুম হওয়া ব্যক্তির সম্পত্তি ব্যবহারের অনুমতি — (১) গুম হওয়া ব্যক্তির দায় পরিশোধ, তাহার স্ত্রী বা তাহার উপর নির্ভরশীল পরিবারের সদস্যদের ভরণপোষণের বা অন্য কো
9. <other_1045_s20_p1> [চার্টার্ড সেক্রেটারীজ আইন, ২০১০, ধারা ২০] পেশাগত অসদাচরণ — চাকুরী বা দায়িত্ব পালনের সুবাদে জানা এমন কোন গোপন তথ্য, প্রচলিত কোন আইন অনুযায়ী বা নিয়োগকারী কর্তৃক অনুমতিপ
10. <other_857_s10_p0> [বাংলাদেশ টেলিযোগাযোগ নিয়ন্ত্রণ আইন, ২০০১, ধারা ১০] কমিশনারগণের যোগ্যতা ও অযোগ্যতা — (১) কমিশনার হইবেন এমন একজন ব্যক্তি যিনি-(ক) টেলিযোগাযোগের ক্ষেত্রে অন্ততঃ ১৫ বত্সরের বাস্তব অভিজ্ঞতাসম্পন্ন প্","criminal_procedure_11_s494, family_180_s2_p0",own_search,answered,3,
lawy_0314_01,Iftiaq,,দানপত্র দলিল রেজিস্ট্রেশনের পরে সেটি পুনরায় বাতিল করা যায় কি?,"1. <labour_952_s196ক> [বাংলাদেশ শ্রম আইন, ২০০৬, ধারা ১৯৬ক] (১) শ্রমিক কর্তৃক ট্রেড ইউনিয়ন প্রক্রিয়া চলাকালে অথবা রেজিস্ট্রেশন দরখাস্ত অনিষ্পন্ন থাকাকালে অথবা রেজিস্ট্র
2. <road_transport_1262_s23> [সড়ক পরিবহণ আইন, ২০১৮, ধারা ২৩] মোটরযানের রেজিস্ট্রেশনের সংখ্যা বা সীমা নির্ধারণের ক্ষমতা — সরকার, সরকারি গেজেটে প্রজ্ঞাপন দ্বারা, কোনো ব্যক্তি, পরিবার, প্রতিষ্ঠান বা কোনো এলাকার জন্য মোটরযান রেজিস্ট্রে
3. <other_788_s29> [কোম্পানী আইন, ১৯৯৪, ধারা ২৯] গ্যারান্টি দ্বারা সীমিতদায় কোম্পানী সংক্রান্ত বিধান — (১) কোন কোম্পানী গ্যারান্টি দ্বারা সীমিতদায় কোম্পানী হইলে এবং উহার কোন শেয়ার-মূলধন না থাকিলে এবং এই আইন প্রব
4. <road_transport_1262_s18> [সড়ক পরিবহণ আইন, ২০১৮, ধারা ১৮] অস্থায়ী রেজিস্ট্রেশন — (১) কোনো মোটরযান মালিক বা প্রতিষ্ঠান সংশ্লিষ্ট রেজিস্ট্রেশন কর্তৃপক্ষের নিকট অস্থায়ী রেজিস্ট্রেশনের জন্য ফি প
5. <road_transport_1262_s22> [সড়ক পরিবহণ আইন, ২০১৮, ধারা ২২] লীজ বা কিস্তিতে ক্রয়ের চুক্তি আবদ্ধ (Hire-purchase) মোটরযানসমূহের রেজিস্ট্রেশনের বিশেষ বিধান — (১) লীজ বা কিস্তিতে মূল্য পরিশোধের শর্ত সম্বলিত চুক্তির মাধ্যমে ক্রয়কৃত কোনো মোটরযান রেজিস্ট্রেশনের ক্ষেত্রে,
6. <other_721_s7> [বাংলাদেশ ঋণ সালিসি আইন, ১৯৮৯, ধারা ৭] কতিপয় বিক্রয় বাতিল — (১) এই আইন বলবত্ হইবার পর অনধিক দুই একর কৃষি জমির মালিক কোন কৃষক প্রাকৃতিক দুর্যোগে তগতিগ্রস্ত হওয়ার বা জীবন 
7. <other_1265_s5> [পণ্য উৎপাদনশীল রাষ্ট্রায়ত্ত শিল্প প্রতিষ্ঠান, ধারা ৫] কতিপয় চুক্তি, ইত্যাদি বাতিল — ধারা ৩-এর অধীন সরকার কর্তৃক নির্ধারিত কোনো সুযোগ-সুবিধা সম্পর্কে এই আইন প্রবর্তনের পূর্বে বা পরে সম্পাদিত চুক্
8. <labour_1285_s85> [বাংলাদেশ ইপিজেড শ্রম আইন, ২০১৯, ধারা ৮৫] দায়মুক্তি বা লাঘবের চুক্তি বাতিল — এইআইনবলবৎ হইবার পূর্বে বা পরে সম্পাদিত কোনো চুক্তি দ্বারা যদি কোনো শ্রমিক তাহার চাকরিকালে অথবা উহা হইতে উদ্ভূত
9. <labour_952_s165> [বাংলাদেশ শ্রম আইন, ২০০৬, ধারা ১৬৫] দায় মুক্তি বা লাঘবের চুক্তি বাতিল — এই আইন বলবৎ হওয়ার পূর্বে বা পরে সম্পাদিত কোন চুক্তি দ্বারা যদি কোন শ্রমিক তাহার চাকুরীকালে অথবা উহা হইতে উদ্ভ
10. <other_896_s11> [দ্রুত বিচার ট্রাইব্যুনাল আইন, ২০০২, ধারা ১১] বিচারকের বদলীর ক্ষেত্রে পদ্ধতি — যদি কোন মামলার বিচারকার্য চলাকালে দ্রুত বিচার ট্রাইব্যুনালের বিচারক কোন কারণে পরিবর্তিত হইয়া যায়, তাহা হইলে ","other_48_s126, other_36_s39",own_search,answered,3,
prot_0085_03,Iftiaq,,"আমি হিন্দু ধর্মাবলম্বী। আমাদের জমি ক্রয়-বিক্রয়ে সরকারের কোনো অনুমতি লাগে না। আমার বাবার দাদার নামে ১৯৬২ সালে ২৬ বিঘা জমি রেকর্ড করা হয়। স্বাধীনতাযুদ্ধের আগে আমাদের পরিবার ভারত চলে যায়। যুদ্ধ চলাকালে বাবার দাদা মারা যান। জমির ওয়ারিশ বলতে আমার বাবা ‘ক’ এবং বাবার ভাই ‘খ’ বেঁচে আছেন। আমার বাবার ভাই ‘খ’ ভারতে থেকে যান আর বাবা স্বাধীনতার পরে বাংলাদেশে চলে আসেন। ১৯৭২ সালে আমার বাবার নামে ১৮ বিঘা জমি রেকর্ড করা হয়। বাকি আট বিঘা জমি সংশ্লিষ্ট কর্মকর্তা ঘুষ খেয়ে অন্য এক ব্যক্তির নামে রেকর্ড করে দেন। উল্লেখ্য, ভারতবাসী বাবার ভাইরের নামে জমি রেকর্ড হয়নি। কিন্তু ‘খ’ নামের ভারতবাসী ভাই ১৯৮০-৮১ সালে বাংলাদেশে এসে ১৮ বিঘার মধ্যে নয় বিঘা জমি বিক্রি করে দেন। বাবার নামে জমি ১৯৭২ সালে রেকর্ড হয়ে যাওয়ার পরও কি জমির ওয়ারিশ ‘খ’ নামের ব্যক্তির জমি বিক্রি আইনে বৈধ? নাকি আমার বাবা ১৮ বিঘা জমির ১৯৭২ সালের রেকর্ডমতে মালিক? বাকি আট বিঘা যে অন্য মুসলিম নামে ১৯৭২ সালে রেকর্ড হলো, এর কী ব্যবস্থা নিতে পারি?","1. <other_724_s64> [রাংগামাটি পার্বত্য জেলা পরিষদ আইন, ১৯৮৯, ধারা ৬৪] (১) আপাততঃ বলবত্ অন্য কোন আইনে যাহা কিছুই থাকুক না কেন-(ক) রাংগামাটি পার্বত্য জেলার এলাকাধীন বন্দোবস্তযোগ্য খা
2. <other_726_s64> [বান্দরবান পার্বত্য জেলা পরিষদ আইন, ১৯৮৯, ধারা ৬৪] (১) আপাততঃ বলবত্ অন্য কোন আইনে যাহা কিছুই থাকুক না কেন-(ক) বান্দরবন পার্বত্য জেলার এলাকাধীন বন্দোবস্তযোগ্য খাস
3. <other_725_s64> [খাগড়াছড়ি পার্বত্য জেলা পরিষদ আইন, ১৯৮৯, ধারা ৬৪] (১) আপাততঃ বলবত্ অন্য কোন আইনে যাহা কিছুই থাকুক না কেন-(ক) খাগড়াছড়ি পার্বত্য জেলার এলাকাধীন বন্দোবস্তযোগ্য খ
4. <other_1066_s7ক> [বালুমহাল ও মাটি ব্যবস্থাপনা আইন, ২০১০, ধারা ৭ক] ব্যক্তি মালিকানাধীন জমির বালু বা মাটি উত্তোলন — কোনো ব্যক্তি মালিকানাধীন জমি হইতে বালু বা মাটি উত্তোলন করা যাইবে না, যদি-(ক) উহা উর্বর কৃষি জমি হয়;(খ) বাণিজ্
5. <other_857_s45> [বাংলাদেশ টেলিযোগাযোগ নিয়ন্ত্রণ আইন, ২০০১, ধারা ৪৫] লাইসেন্সধারীর প্রয়োজনে বাধ্যতামূলকভাবে বেসরকারী জমি অধিগ্রহণ — (১) লাইসেন্সের অধীন কাজকর্ম সম্পাদন বা পরিচালনার জন্য প্রয়োজনীয় কোন জমি ব্যবহারের ক্ষেত্রে লাইসেন্সধারী বাধা
6. <other_721_s8> [বাংলাদেশ ঋণ সালিসি আইন, ১৯৮৯, ধারা ৮] জমি প্রত্যর্পণের নির্দেশ কার্যকরকরণ — ক্রেতা বোর্ডের নির্দেশানুসারে জমির দখল প্রত্যর্পণ না করিলে বা করিতে ব্যর্থ হইলে, জমির দখল পাওয়ার জন্য বিক্রেত
7. <other_1427_s10> [হাট ও বাজার (স্থাপন ও ব্যবস্থাপনা) আইন, ২০২৩, ধারা ১০] (১) কোনো ব্যক্তি হাট ও বাজারের সরকারি খাস জমি অবৈধভাবে দখলে রাখিতে অথবা উপযুক্ত কর্তৃপক্ষের পূর্বানুমতি ব্যতির
8. <other_1429_s133> [আয়কর আইন, ২০২৩, ধারা ১৩৩] প্রকাশ্য নিলামের বিক্রি হইতে কর সংগ্র — (১) কোনো ব্যক্তি কোনো নির্দিষ্ট মালিকের কোনো পণ্য বা সম্পত্তি সীলমোহরযুক্ত দরপত্রের মাধ্যমে প্রকাশ্য নিলামে বি
9. <other_1427_s6> [হাট ও বাজার (স্থাপন ও ব্যবস্থাপনা) আইন, ২০২৩, ধারা ৬] হাট ও বাজারের জমি বন্দোবস্ত প্রদান এবং হাট ও বাজার ইজারা প্রদান — (১) হাট ও বাজারের কোনো জমি স্থায়ী বন্দোবস্ত প্রদান করা যাইবে না।(২) উপ-ধারা (১) এর বিধান সাপেক্ষে, জেলা প্রশা
10. <other_722_s15> [পার্বত্য জেলাসমূহ (আইন রহিত ও প্রয়োগ এবং বিশ, ধারা ১৫] বসতবাড়ীর জন্য গ্রামীণ জমি দখল — (১) কোন পাহাড়ী ব্যক্তি পৌর এলাকা-বহির্ভূত অনধিক ত্রিশ শতাংশ পর্যন্ত খাস জমি তাহার নিজ বসতবাড়ীর জন্য হেডম্যান","other_36_s42_p0, other_36_s39",own_search,answered,3,
prot_0037_07,Iftiaq,,"এখন আমি তাকে কোনোভাবেই মেনে নিতে পারছি না। যার কারণে আমি মেয়েটিকে আবার কাজির মাধ্যমে তালাক দিয়েছি। মেয়ে আমাকে বিভিন্ন সময়ে ভয়ভীতি দেখায়। সে নাকি আমাকে ছাড়া অন্য কোথাও বিয়ে করবে না। এখন আমি যদি তার সঙ্গে সংসার না করতে চাই, তাহলে সে কোনো ব্যবস্থা নিতে পারবে?","1. <other_833_s22> [পল্লী দারিদ্র বিমোচন ফাউন্ডেশন আইন, ১৯৯৯, ধারা ২২] ফাউন্ডেশনের পাওনা আদায় — ফাউন্ডেশনের সকল পাওনা বকেয়া ভূমি রাজস্ব হিসাবে আদায়যোগ্য হইবে:তবে শর্ত থাকে যে, ঋণগ্রহীতাকে বা অর্থ পরিশোধের
2. <other_751_s32> [ব্যাংক-কোম্পানী আইন, ১৯৯১, ধারা ৩২] নূতন ব্যবসা কেন্দ্র চালু বা বর্তমান ব্যবসা কেন্দ্র স্থানান্তরের উপর বাধা-নিষেধ — (১) বাংলাদেশ ব্যাংকের লিখিত পূর্ব অনুমোদন ব্যতিরেকে-(ক) কোন ব্যাংক-কোম্পানী বাংলাদেশের কোথাও কোন নূতন ব্যবসা ক
3. <other_1198_s5> [বাংলাদেশ ন্যাশনাল ক্যাডেট কোর আইন, ২০১৬, ধারা ৫] বাংলাদেশ ন্যাশনাল ক্যাডেট কোরের দায়িত্ব ও কর্তব্য — (১) বাংলাদেশ ন্যাশনাল ক্যাডেট কোরের প্রত্যেক তালিকাভুক্ত সদস্য এবং কর্মচারীর দায়িত্ব ও কর্তব্য হইবে নিম্নরূপ,
4. <other_751_s112> [ব্যাংক-কোম্পানী আইন, ১৯৯১, ধারা ১১২] (১) বাংলাদেশ ব্যাংক যদি এই আইনের কোন ধারা অথবা তদধীন কোন আদেশ বা নির্দেশ বা আরোপিত শর্ত বা প্রণীত কোন বিধি লংঘ
5. <other_896_s10> [দ্রুত বিচার ট্রাইব্যুনাল আইন, ২০০২, ধারা ১০] মামলা নিষ্পত্তির মেয়াদ — (১) দ্রুত বিচার ট্রাইব্যুনালে স্থানান্তরিত কোন মামলা স্থানান্তরের তারিখ হইতে নব্বই কার্য দিবসের মধ্যে নিষ্পত্ত
6. <other_857_s46> [বাংলাদেশ টেলিযোগাযোগ নিয়ন্ত্রণ আইন, ২০০১, ধারা ৪৬] (১) সরকার নিম্নবর্ণিত যে কোন কারণে যুক্তিসঙ্গত মনে করিলে কোন লাইসেন্স বাতিলের সিদ্ধান্ত গ্রহণ করিতে পারিবে এবং
7. <labour_952_s60> [বাংলাদেশ শ্রম আইন, ২০০৬, ধারা ৬০] আবর্জনা বাক্স ও পিকদানী — (১) প্রত্যেক প্রতিষ্ঠানের সুবিধাজনক স্থানে যথেষ্ট সংখ্যক আবর্জনা ফেলার বাক্স ও পিকদানীর ব্যবস্থা থাকিতে হইবে, 
8. <other_804_s17_p0> [পানি সরবরাহ ও পয়ঃনিষ্কাশন কর্তৃপক্ষ আইন, ১৯৯, ধারা ১৭] কর্তৃপক্ষের সাধারণ ক্ষমতা ও দায়িত্ব — (১) আপাততঃ বলবত্ অন্য কোন আইনে যাহা কিছুই থাকুক না কেন, কর্তৃপক্ষ উপ-ধারা (২) এ উল্লিখিত সকল বা যে কোন কাজ হাত
9. <women_children_1063_s20> [পারিবারিক সহিংসতা (প্রতিরোধ ও সুরক্ষা) আইন, , ধারা ২০] আবেদন নিষ্পত্তি — (১) এই আইনের অধীন প্রতিটি আবেদন, ধারা ১৬ এর অধীন ক্ষতিপূরণ আদেশের আবেদন ব্যতীত, নোটিশ জারীর তারিখ হইতে অনধিক ৬
10. <other_751_s107> [ব্যাংক-কোম্পানী আইন, ১৯৯১, ধারা ১০৭] নিরাপদ লকারে রক্ষিত সামগ্রী ফেরত্ প্রদান — (১) কোন ব্যাংক-কোম্পানীর নিরাপদ ভল্ট বা অন্য কোথাও রত্মিগত কোন লকার যদি কোন ব্যক্তি এককভাবে ভাড়া করেন, তাহা হ",family_305_s7,own_search,answered,3,
prot_0026_02,Iftiaq,,"আমার ছোট বোন ও তার স্বামীর তালাক হয়ে গেছে প্রায় আট মাস। তালাক আমার বোনই দেয়, তার স্বামীর কাছে তিনবার তালাকের নোটিশও গিয়েছে। এখন তারা নিজেরা ভুল বুঝতে পেরেছে এবং আবার সংসার করতে চায়। ইসলামের দৃষ্টিতে তারা কি আবার বিয়ে করতে পারে? এখন কি আমার বোনকে হিল্লা বিয়ে করতে হবে? বাংলাদেশের প্রেক্ষাপটে এভাবে বিয়ে করাটা কি যুক্তিসংগত হবে? মেহজাবিন রহমান","1. <other_1266_s2_p2> [বাংলাদেশ মুক্তিযোদ্ধা কল্যাণ ট্রাস্ট আইন, ২০, ধারা ২] সংজ্ঞা — জামায়াতে ইসলামী এবং তাহাদের সহযোগী রাজাকার, আলবদর, আলশামস বাহিনীর বিরুদ্ধে গণপ্রজাতন্ত্রী বাংলাদেশের স্বাধীনত
2. <women_children_835_s11> [নারী ও শিশু নির্যাতন দমন আইন, ২০০০, ধারা ১১] যৌতুকের জন্য মৃত্যু ঘটানো, ইত্যাদির শাস্তি — যদি কোন নারীর স্বামী অথবা স্বামীর পিতা, মাতা, অভিভাবক, আত্মীয় বা স্বামীর পক্ষে অন্য কোন ব্যক্তি যৌতুকের জন্য 
3. <other_943_s2> [বাংলাদেশ শ্রমিক কল্যাণ ফাউন্ডেশন আইন, ২০০৬, ধারা ২] সংজ্ঞা — বিষয় বা প্রসঙ্গের পরিপন্থী কিছু না থাকিলে, এই আইনে-(ক) “অপ্রাতিষ্ঠানিক খাত” অর্থ এইরূপ বেসরকারী খাত যেখানে কর
4. <other_924_s2> [ব্যক্তি মালিকানাধীন সড়ক পরিবহন শ্রমিক কল্যাণ, ধারা ২] সংজ্ঞা — বিষয় বা প্রসঙ্গের পরিপন্থী কিছু না থাকিলে, এই আইনে-(ক) “কল্যাণ তহবিল” অর্থ ধারা ৪ এর অধীন গঠিত কল্যাণ তহবিল;(
5. <other_912_s2> [বাংলাদেশ কর্মচারী কল্যাণ বোর্ড আইন, ২০০৪, ধারা ২] সংজ্ঞা — বিষয় বা প্রসংগের পরিপন্থী কোন কিছু না থাকিলে, এই আইনে,-(ক) “আঞ্চলিক কমিটি” অর্থ ধারা ৮ এর অধীন গঠিত বোর্ডের আ
6. <constitutional_957_s27> [গণপ্রজাতন্ত্রী বাংলাদেশের সংবিধান, অনুচ্ছেদ ২৭] আইনের দৃষ্টিতে সমতা — সকল নাগরিক আইনের দৃষ্টিতে সমান এবং আইনের সমান আশ্রয় লাভের অধিকারী।
7. <other_1153_s4> [উপানুষ্ঠানিক শিক্ষা আইন, ২০১৪, ধারা ৪] উপানুষ্ঠানিক শিক্ষার শ্রেণীবিভাগ ও বয়স-সীমা — (১) প্রকৃতি ও ধরন অনুযায়ী উপানুষ্ঠানিক শিক্ষার শ্রেণীবিভাগ হইবে নিম্নরূপ, যথা :-(ক) উপানুষ্ঠানিক প্রাথমিক শিক
8. <criminal_procedure_1013_s42> [বরিশাল মহানগরী পুলিশ আইন, ২০০৯, ধারা ৪২] কতিপয় অপরাধের জন্য দণ্ডপ্রাপ্ত ব্যক্তির অপসারণ — কোন ব্যক্তি নিম্নবর্ণিত যে কোন অপরাধে শাস্তিপ্রাপ্ত হইলে এবং যদি পুলিশ কমিশনারের বিশ্বাস করার যুক্তিসংগত কারণ 
9. <other_743_s15> [দানকর আইন, ১৯৯০, ধারা ১৫] ভুল সংশোধন — উপ-কর কমিশনার বা দানকর সংক্রান্ত আপীল বা রিভিশন শ্রবণকারী কোন কর্তৃপক্ষ তত্কর্তৃক প্রদত্ত কোন আদেশ প্রদানের তা
10. <other_1045_s18> [চার্টার্ড সেক্রেটারীজ আইন, ২০১০, ধারা ১৮] রেজিস্টার — (১) সচিব, নিম্নবর্ণিত তথ্যাদি উল্লেখপূর্বক, নির্ধারিত পদ্ধতিতে, সদস্যগণের নাম রেজিস্টারে অন্তর্ভুক্ত ও সংরক্ষণ",family_305_s7,own_search,answered,3,
prot_0079_02,Iftiaq,,"আমার বাবা মারা যান ১৯৮৮ সালে। তিনি জানতেন না যে, আমাদের গ্রামের বাড়িতে তাঁর নামে ১৪ শতাংশ জায়গা আছে। কিছুদিন আগে আমার বড় চাচা স্বীকার করেন, আমার বাবার মৃত্যুর চার-পাঁচ বছর পর তিনি ওই জায়গা অন্য এক ব্যক্তির কাছে বিক্রি করেন। তবে আজ অবধি তাঁর কোনো বৈধ কাগজপত্র ক্রেতাকে দিতে পারেননি। পুরো জায়গা এখন ওই ক্রেতার দখলে আছে। আমরা জায়গার ব্যাপারে কিছুই জানতাম না বলে এর কোনো প্রতিবাদ করতে পারিনি। আমার বাবার এই জায়গাটি পৈতৃক সূত্রে পাওয়া। আমরা এখন কীভাবে আইনের সাহায্য পেতে পারি?","1. <other_1066_s7খ> [বালুমহাল ও মাটি ব্যবস্থাপনা আইন, ২০১০, ধারা ৭খ] উত্তোলিত বালু রক্ষণাবেক্ষণে নিয়ন্ত্রণ আরোপ — এই আইনের অন্য কোনো ধারায় যাহা কিছুই থাকুক না কেন,-(ক)ইজারা গ্রহীতা কোনো ব্যক্তি বা প্রতিষ্ঠান উত্তোলিত বালু ব
2. <other_847_s8> [মহানগরী, বিভাগীয় শহর ও জেলা শহরের পৌর এলাকাস, ধারা ৮] শাস্তি, ইত্যাদি — (১) কোন ব্যক্তি এই আইনের কোন বিধান লঙ্ঘন করিলে তিনি অনধিক ৫ বত্সরের কারাদণ্ডে বা অনধিক ৫০ (পঞ্চাশ) হাজার টাকা 
3. <other_847_s5> [মহানগরী, বিভাগীয় শহর ও জেলা শহরের পৌর এলাকাস, ধারা ৫] খেলার মাঠ, উন্মুক্ত স্থান, উদ্যান ও প্রাকৃতিক জলাধারের শ্রেণী পরিবর্তনে বাধা-নিষেধ — এই আইনের বিধান অনুযায়ী ব্যতীত, খেলার মাঠ, উন্মুক্ত স্থান, উদ্যান এবং প্রাকৃতিক জলাধার হিসাবে চিহ্নিত জায়গার 
4. <other_847_s6> [মহানগরী, বিভাগীয় শহর ও জেলা শহরের পৌর এলাকাস, ধারা ৬] জায়গার শ্রেণী পরিবর্তনের আবেদন, ইত্যাদি — (১) ধারা ৫-এ বর্ণিত কোন জায়গা বা জায়গার অংশবিশেষের শ্রেণী পরিবর্তন করার প্রয়োজন হইলে উক্ত জায়গার মালিক, প্
5. <other_791_s6ঙ> [বাংলাদেশ পরিবেশ সংরক্ষণ আইন, ১৯৯৫, ধারা ৬ঙ] আপাততঃ বলবৎ অন্য কোন আইনে যাহা কিছুই থাকুক না কেন, জলাধার হিসাবে চিহ্নিত জায়গা ভরাট বা অন্য কোনভাবে শ্রেণী পর
6. <other_882_s38> [এসিড নিয়ন্ত্রণ আইন, ২০০২, ধারা ৩৮] অপরাধ সংঘটনে গৃহ বা যানবাহন ইত্যাদি ব্যবহার করিতে দেওয়ার দণ্ড — কোন ব্যক্তি যদি সজ্ঞানে এই আইনের অধীন কোন অপরাধ সংঘটনের জন্য তাহার মালিকানাধীন বা দখলীয় কোন বাড়ী-ঘর, জায়গা-
7. <other_740_s16> [ঢাকা বিদ্যুৎ বিতরণ কর্তৃপক্ষ আইন, ১৯৯০, ধারা ১৬] প্রবেশ ইত্যাদির ক্ষমতা — (১) কর্তৃপক্ষের কোন প্রকল্প প্রস্তুত বা বাস্তবায়নের জন্য প্রয়োজন হইলে চেয়ারম্যান বা কোন সদস্য বা চেয়ারম্যা
8. <other_1078_s2> [ভবঘুরে ও নিরাশ্রয় ব্যক্তি (পুনর্বাসন) আইন, ২, ধারা ২] সংজ্ঞা — বিষয় বা প্রসঙ্গের পরিপন্থী কোন কিছু না থাকিলে, এই আইনে-(১) ""অভ্যর্থনা কেন্দ্র"" অর্থ ধারা ৩ এর দফা (ক) এর অধীন
9. <local_government_1024_s117> [স্থানীয় সরকার (পৌরসভা) আইন, ২০০৯, ধারা ১১৭] সীমানা লংঘন — (১) কোন ব্যক্তি কোন পৌরসভার জায়গা, সড়ক রেখা, ইমারত রেখা অথবা নর্দমার উপর অথবা ভিতরে স্থায়ী বা অস্থায়ীভাবে 
10. <local_government_1027_s93> [স্থানীয় সরকার (ইউনিয়ন পরিষদ) আইন, ২০০৯, ধারা ৯৩] অবৈধ দখল — (১) কোন ব্যক্তি কোন পরিষদের জায়গা, সড়ক অথবা নর্দমার বা তার অংশ বিশেষ স্থায়ী বা অস্থায়ীভাবে অবৈধ দখল করিতে ","other_36_s8, other_36_s42_p0",own_search,answered,3,
ajke_0173_01,Iftiaq,,"সে যে কারণ দেখিয়েছে, তা মিথ্যা ও বানোয়াট। এর কোনো প্রমাণ তার কাছে নেই। সে বলছে, তার মা আমাকে মানবে না। অথচ বিয়ের সময় তার মাসহ পরিবারের সবাই ছিলেন। আমি এখন কী করতে পারি?","1. <other_1243_s30> [বালাইনাশক (পেস্টিসাইডস) আইন, ২০১৮, ধারা ৩০] উৎপাদনকারী কর্তৃক ডিলারকে মিথ্যা নিশ্চয়তা (wঅর্রন্ট্য্) প্রদানের দণ্ড — (১) কোনো উৎপাদনকারী যদি তদ্কর্তৃক উৎপাদনকৃত বালাইনাশক এই আইনের বিধানাবলি প্রতিপালন করিয়া উৎপাদন করা হইয়াছে ম
2. <other_788_s145_p3> [কোম্পানী আইন, ১৯৯৪, ধারা ১৪৫] প্রসপেক্টাসের ক্রুটিপূর্ণ বিবৃতি দানের জন্য দেওয়ানী দায়-দায়িত্ব — কোন অসত্য বিবৃতি, ধারা ১৩৭ এর বিধান মোতাবেক, তাহার সম্মতিক্রমে প্রসপেক্টাসে অন্ত্মর্ভুক্ত করিয়া উহা ইস্যুর জন
3. <other_1348_s11> [মৎস্য ও মৎস্যপণ্য (পরিদর্শন ও মান নিয়ন্ত্রণ), ধারা ১১] লাইসেন্স ইস্যু করিতে অস্বীকৃতি জ্ঞাপন — আঞ্চলিক উপযুক্ত কর্তৃপক্ষ লাইসেন্স ইস্যু করিতে অস্বীকৃতি জ্ঞাপন করিতে পারিবে, যদি-(ক) ধারা ১০ অনুযায়ী আবেদনপত
4. <other_1009_s36> [সন্ত্রাস বিরোধী আইন, ২০০৯, ধারা ৩৬] সন্ত্রাসী কর্মকাণ্ড-লব্ধ সম্পদ বাজেয়াপ্তকরণের পূর্বে কারণ দর্শাইবার নোটিশ জারী — (১) সন্ত্রাসী কর্মকাণ্ড-লব্ধ সম্পদ বাজেয়াপ্ত করিবার আদেশ প্রদানের পূর্বে, যে ব্যক্তির নিয়ন্ত্রণ অথবা দখলে উক
5. <other_812_s84_p5> [দেউলিয়া বিষয়ক আইন, ১৯৯৭, ধারা ৮৪] দেনাদারের অপরাধ ও উহাদের দণ্ড — যে, যদি তিনি আদালতের সন্তুষ্টি মোতাবেক প্রমাণ করেন যে, প্রতারণা করা তাহার উদ্দেশ্য ছিল না, তাহা হইলে উক্তরূপ ম
6. <other_1143_s15> [ভোজ্যতেলে ভিটামিন ‘এ’ সমৃদ্ধকরণ আইন, ২০১৩, ধারা ১৫] কোম্পানী কর্তৃক অপরাধ সংঘটন — এই আইনের অধীন কোনো অপরাধ কোনো কোম্পানি বা ফার্ম কর্তৃক সংঘটিত হইলে, তাহা বাংলাদেশে নিবন্ধিত (incorporated) হউক
7. <other_1717_s60> [ব্যাংক রেজল্যুশন আইন, ২০২৬, ধারা ৬০] কোম্পানি কর্তৃক অপরাধ সংঘটন — কোনো কোম্পানি কর্তৃক কোনো অপরাধ সংঘটনের ক্ষেত্রে উক্ত কোম্পানির সহিত সংশ্লিষ্ট প্রত্যেক ব্যক্তি যাহারা অপরাধ স
8. <consumer_1127_s42> [নিরাপদ খাদ্য আইন, ২০১৩, ধারা ৪২] মিথ্যা বিজ্ঞাপন প্রস্ত্তত, মুদ্রণ, বা প্রচার — (১) কোন ব্যক্তি কোন খাদ্যদ্রব্য বা খাদ্যোপকরণের গুণ, প্রকৃতি, মান, ইত্যাদি সম্পর্কে অসত্য বর্ণনাসম্বলিত কোন বি
9. <other_1206_s20> [পাট আইন, ২০১৭, ধারা ২০] মিথ্যা বিবৃতির জন্য দণ্ড — যদি কোন ব্যক্তি-(ক) এমন কোন বিবরণ তৈরি করেন বা কোন তথ্য সরবরাহ করেন, যাহা তিনি মিথ্যা বলিয়া অবগত বা মিথ্যা বল
10. <other_1429_s192> [আয়কর আইন, ২০২৩, ধারা ১৯২] হিন্দু অবিভক্ত পরিবারের বিভাজনের ক্ষেত্রে কর নির্ধারণ — (১) এই আইনের উদ্দেশ্যপূরণকল্পে, হিন্দু অবিভক্ত পরিবার হিসাবে নির্ধারিত কোনো হিন্দু পরিবারকে সেই পর্যন্ত হিন্দু",unanswerable,none,unanswerable,3,
prot_0057_03,Iftiaq,,আমি একটি বেসরকারি কোম্পানিতে চাকরি করি। কিছুদিন আগে এক সহকর্মীর চাচাতো বোনের সঙ্গে আমার পরিচয় হয়। একপর্যায়ে আমি ও ওই সহকর্মী দুজনই তার সঙ্গে শারীরিক সম্পর্কে জড়িয়ে পড়ি। মেয়েটি ওই সহকর্মীর সঙ্গে একই বাড়িতে ভাড়া থাকত। একপর্যায়ে তাদের সেই বাড়ি থেকে বের করে দেওয়া হয় অশালীন আচরণের কারণে। কিছুদিন পর মেয়েটি এক সন্ধ্যায় আমাকে ডেকে নিয়ে জোর করে বিয়ে করে। এতে তিন লাখ টাকার দেনমোহর হয়। আমি আত্মসম্মানের ভয়ে সব নীরবে সহ্য করে ওখান থেকে বেরিয়ে আসি।আমি মেয়েটিকে কোনোভাবেই মেনে নিতে পারি না। আমি তার সঙ্গে সম্পর্ক বিচ্ছিন্ন করতে চাই। সে ক্ষেত্রে আমার কী করণীয়?রতনঢাকা,"1. <criminal_procedure_1239_s94> [রংপুর মহানগরী পুলিশ আইন, ২০১৮, ধারা ৯৪] জনসাধারণের প্রমোদাগারে উচ্ছৃঙ্খল আচরণ করিবার সুযোগ প্রদানের দণ্ড — জনসাধারণের প্রমোদাগারের কোনো কর্তৃপক্ষ উক্ত স্থানে উহার কাহাকেও মাতলামি করিবার বা অন্য কোনোরূপ উচ্ছৃঙ্খল বা অশ
2. <criminal_procedure_1238_s94> [গাজীপুর মহানগরী পুলিশ আইন, ২০১৮, ধারা ৯৪] জনসাধারণের প্রমোদাগারে উচ্ছৃংখল আচরণ করিবার সুযোগ প্রদানের দণ্ড — জনসাধারণের প্রমোদাগারের কোনো কর্তৃপক্ষ উক্ত স্থানে উহার কাহাকেও মাতলামি করিবার বা অন্য কোনোরূপ উচ্ছৃঙ্খল বা অশ
3. <tenancy_748_s10> [বাড়ী ভাড়া নিয়ন্ত্রণ আইন, ১৯৯১, ধারা ১০] প্রিমিয়াম ইত্যাদির দাবী নিষিদ্ধ — ভাড়া দেওয়া বা ভাড়া নবায়ন করা বা ভাড়ার মেয়াদ বৃদ্ধি করার কারণে কোন ব্যক্তি-(ক) ভাড়ার অতিরিক্ত কোন প্রিমি
4. <other_1134_s4> [নিউরো-ডেভেলপমেন্টাল প্রতিবন্ধী  সুরক্ষা  ট্র, ধারা ৪] অটিজম বা অটিজম স্পেকট্রাম ডিসঅর্ডারস — যাহাদের মধ্যে নিম্নবর্ণিত দফাসমূহে উল্লিখিত লক্ষণসমূহের মধ্যে দফা (ক), (খ) ও (গ) এর উপস্থিতি নিশ্চিতভাবে এবং 
5. <women_children_1256_s2> [যৌতুক নিরোধ আইন, ২০১৮, ধারা ২] সংজ্ঞা — বিষয় বা প্রসঙ্গের পরিপন্থি কোনো কিছু না থাকিলে,-(ক) ‘‘পক্ষ’’ অর্থ এই আইনের উদ্দেশ্য পূরণকল্পে, বিবাহের বর বা 
6. <labour_1285_s20> [বাংলাদেশ ইপিজেড শ্রম আইন, ২০১৯, ধারা ২০] ডিসচার্জ — (১) কোনো শ্রমিককে, জোনের চিকিৎসা কেন্দ্রের চিকিৎসক অথবা কোনো রেজিস্টার্ড চিকিৎসক কর্তৃক প্রত্যায়িত, শারীরিক ব
7. <other_1126_s4> [প্রতিবন্ধী ব্যক্তির অধিকার ও সুরক্ষা আইন, ২০, ধারা ৪] অটিজম বা অটিজমস্পেকট্রাম ডিজঅর্ডারস (autism or autism spectrum disorders) — যাহাদের মধ্যে নিম্নবর্ণিত দফাসমূহে উল্লিখিত লক্ষণসমূহের মধ্যে দফা (ক), (খ) ও (গ) এর উপস্থিতি নিশ্চিতভাবে এবং দ
8. <other_1246_s55> [ক্যান্টনমেন্ট আইন, ২০১৮, ধারা ৫৫] বার্ষিক মূল্যায়নের সংজ্ঞা — (১)এই অধ্যায়ের উদ্দেশ্য পূরণকল্পে, ‘‘বার্ষিক মূল্যায়ন’’ অর্থ-(ক) রেল স্টেশন, হোটেল, কলেজ, স্কুল, হাসপাতাল, ক
9. <other_1412_s6_p0> [বেসরকারি মেডিকেল কলেজ ও ডেন্টাল কলেজ আইন, ২০, ধারা ৬] বেসরকারি মেডিকেল কলেজ বা ডেন্টাল কলেজ স্থাপনের শর্তাবলি — এই আইনের অধীন বেসরকারি মেডিকেল কলেজ বা ডেন্টাল কলেজ স্থাপনের লক্ষ্যে নিম্নবর্ণিত শর্তাবলি পূরণ করিতে হইবে, যথা
10. <tenancy_748_s23> [বাড়ী ভাড়া নিয়ন্ত্রণ আইন, ১৯৯১, ধারা ২৩] মানসম্মত ভাড়ার অতিরিক্ত ভাড়া আদায়ের দণ্ড — যদি কোন ব্যক্তি জ্ঞাতসারে-(ক) ধারা ৮ বা ধারা ৯ এ বিবৃত কারণ ব্যতিরেকে অন্য কোন কারণে মানসম্মত ভাড়া অপেক্ষা অধ","women_children_1063_s11, women_children_1063_s14",own_search,answered,3,
prot_0104_05,Iftiaq,,"অর্পিত সম্পত্তি বাংলাদেশের মালিক বা বংলাদেশে উত্তরাধিকার বা বাংলাদেশে স্বত্বাধিকারী বা বাংলাদেশি উত্তরাধিকার সূত্রে সহ-অংশীদার ছাড়া অন্য কোনো তৃতীয় পক্ষ তালিকাভুক্ত অর্পিত সম্পত্তি ইজারাভুক্ত করলেও নতুন আইনে সম্পত্তি ফেরত পাওয়ার কোনো সুযোগ নেই। তবে কোনো তৃতীয় পক্ষ যদি আদালত বা অন্য কোনোভাবে ওই সম্পত্তিতে মালিকানা দাবিদার হয় তবে সেই বিষয়টি ট্রাইব্যুনাল বিবেচনা করতে পারবেন।৬. বর্তমানে দখলদাররা অত্যন্ত প্রভাবশালী, তারা প্রত্যক্ষ বা পরোক্ষভাবে আমি ও আমার পরিবারের সদস্যদের বর্তমানে বা ভবিষ্যতে নিশ্চিহ্ন করতে পারে। এমতাবস্থায় আমাদের নিরাপত্তার জন্য করণীয় কী?","1. <land_856_s2_p1> [অর্পিত সম্পত্তি প্রত্যর্পণ আইন, ২০০১, ধারা ২] সংজ্ঞা — “জেলা প্রশাসক” বলিতে, এই আইনের উদ্দেশ্য পূরণকল্পে, তত্কর্তৃক ক্ষমতা প্রদত্ত অন্য কোন কর্মকর্তাও অন্তর্ভুক্ত;(চ
2. <other_1088_s15> [মানিলন্ডারিং প্রতিরোধ আইন, ২০১২, ধারা ১৫] অবরুদ্ধকৃত বা ক্রোককৃত সম্পত্তি ফেরত প্রদান — (১) ধারা ১৪ এর অধীন আদালত কোন সম্পত্তি অবরুদ্ধকরণ বা ক্রোক আদেশ প্রদান করিলে, অভিযুক্ত ব্যক্তি বা সত্তা ব্যতীত
3. <land_856_s27> [অর্পিত সম্পত্তি প্রত্যর্পণ আইন, ২০০১, ধারা ২৭] (১) ধারা ২৬ এর অধীনে ‘ক’ তফসিলে বর্ণিত সম্পত্তি বিক্রয় বা স্থায়ী ইজারা প্রদানের ক্ষেত্রে, উক্ত সম্পত্তি যে হ
4. <land_856_s28> [অর্পিত সম্পত্তি প্রত্যর্পণ আইন, ২০০১, ধারা ২৮] অর্পিত সম্পত্তি বাবদ ক্ষতিপূরণ বা অন্যবিধ দাবী নিষিদ্ধ — এই আইন প্রবর্তনের পূর্বে অর্পিত সম্পত্তি হিসাবে তালিকাভুক্ত কোন সম্পত্তি উক্তরূপে তালিকাভুক্ত হওয়ার কারণে, বা
5. <other_1429_s27_p0> [আয়কর আইন, ২০২৩, ধারা ২৭] বাংলাদেশে উপচিত বা উদ্ভূত বলিয়া গণ্য আয় — নিম্নবর্ণিত আয়সমূহ বাংলাদেশে উপচিত বা উদ্ভূত হইয়াছে বলিয়া গণ্য হইবে, যথা:-(ক) পরিশোধের স্থান নির্বিশেষে চাক
6. <other_1087_s24> [অপরাধ সম্পর্কিত বিষয়ে পারস্পরিক সহায়তা আইন, , ধারা ২৪] তৃতীয় পক্ষের অধিকার — (১) ফ্রিজিং বা আটক বা বাজেয়াপ্তির আদেশ কার্যকরকরণের পদক্ষেপ গ্রহণের পূর্বে সংশ্লিষ্ট সম্পত্তিতে স্বার্থ সংশ্ল
7. <land_856_s6> [অর্পিত সম্পত্তি প্রত্যর্পণ আইন, ২০০১, ধারা ৬] কতিপয় সম্পত্তি 1 [প্রত্যর্পণযোগ্য সম্পত্তির তালিকায়] অন্তর্ভুক্তি নিষিদ্ধ — 13[প্রত্যর্পণযোগ্য সম্পত্তির তালিকায়] নিম্নবর্ণিত সম্পত্তি অন্তর্ভুক্ত করা যাইবে না, যথা:-(ক) কোন সম্পত্তি অর
8. <land_856_s28ক> [অর্পিত সম্পত্তি প্রত্যর্পণ আইন, ২০০১, ধারা ২৮ক] (১) অর্পিত সম্পত্তি প্রত্যর্পণ (দ্বিতীয় সংশোধন) আইন, ২০১৩ কার্যকর হইবার সঙ্গে সঙ্গে অর্পিত সম্পত্তি সম্পর্কিত
9. <other_1717_s57> [ব্যাংক রেজল্যুশন আইন, ২০২৬, ধারা ৫৭] ব্যাংক রেজল্যুশন ও অবসায়নে প্রাপ্য আদায়ের ক্ষমতা — (১) বাংলাদেশ ব্যাংক, উহার ব্যাংক পুনর্গঠন ও রেজল্যুশন তহবিল বা রেজল্যুশনের অধীন বা অবসায়নাধীন তফসিলি ব্যাংকের
10. <land_856_s19> [অর্পিত সম্পত্তি প্রত্যর্পণ আইন, ২০০১, ধারা ১৯] (১) এই আইনের অধীনে আপীল আবেদনসমূহ নিস্পত্তির উদ্দেশ্যে সরকার, সরকারি গেজেটে প্রজ্ঞাপন দ্বারা, প্রত্যেক জেলার জ","criminal_procedure_75_s107, criminal_procedure_11_s506",own_search,answered,3,
lawy_0221_01,Iftiaq,,"নারী ও শিশু নির্যাতন দমন আইনের মামলায় কখন, কীভাবে জামিন পেতে পারেন?","1. <women_children_835_s35> [নারী ও শিশু নির্যাতন দমন আইন, ২০০০, ধারা ৩৫] (১) এই আইনে যাহা কিছু থাকুক না কেন,নারী ও শিশু নির্যাতন দমন (সংশোধন) অধ্যাদেশ, ২০২৫বলবৎ হওয়ার তারিখ হইতে ধারা
2. <women_children_1119_s16> [শিশু আইন, ২০১৩, ধারা ১৬] (১) আইনের সহিত সংঘাত জড়িত শিশু কর্তৃক সংঘটিত যে কোনো অপরাধের বিচার করিবার জন্য, প্রত্যেক জেলা সদরে শিশু-আদালত
3. <women_children_835_s26> [নারী ও শিশু নির্যাতন দমন আইন, ২০০০, ধারা ২৬] নারী ও শিশু নির্যাতন দমন ট্রাইব্যুনাল — (১) এই আইনের অধীন অপরাধ বিচারের জন্য প্রত্যেক জেলা সদরে একটি করিয়া ট্রাইব্যুনাল থাকিবে এবং প্রয়োজনে সরকার উক
4. <women_children_835_s34> [নারী ও শিশু নির্যাতন দমন আইন, ২০০০, ধারা ৩৪] ১৯৯৫ সনের ১৮ নং আইনের রহিতকরণ ও হেফাজত — (১) নারী ও শিশু নির্যাতন (বিশেষ বিধান) আইন, ১৯৯৫ (১৯৯৫ সনের ১৮ নং আইন), অতঃপর উক্ত আইন বলিয়া উল্লিখিত, এতদ্বা
5. <other_896_s3> [দ্রুত বিচার ট্রাইব্যুনাল আইন, ২০০২, ধারা ৩] সংজ্ঞা — বিষয় বা প্রসংগের পরিপন্থী কোন কিছু না থাকিলে, এই আইনে,-(ক) “আদালত” অর্থ দায়রা আদালত, বিশেষ আদালত ও ম্যাজিষ্ট
6. <women_children_835_s26ক> [নারী ও শিশু নির্যাতন দমন আইন, ২০০০, ধারা ২৬ক] (১) ধারা ২৬ এর উপ-ধারা (১) এর বিধান সত্ত্বেও সরকার এই আইনের অধীন শিশু ধর্ষণ সংক্রান্ত অপরাধ বিচারের নিমিত্ত প্
7. <other_1684_s36> [মানব পাচার ও অভিবাসী চোরাচালান প্রতিরোধ ও দম, ধারা ৩৬] মানব পাচার ও অভিবাসী চোরাচালান অপরাধ দমন ট্রাইব্যুনাল গঠন — (১) এই আইনের অধীন অপরাধসমূহের দ্রুত বিচারের উদ্দেশ্যে সরকার, সরকারি গেজেটে প্রজ্ঞাপন দ্বারা, জেলা ও দায়রা জজ 
8. <women_children_835_s1> [নারী ও শিশু নির্যাতন দমন আইন, ২০০০, ধারা ১] সংক্ষিপ্ত শিরোনামা — এই আইননারী ও শিশু নির্যাতন দমন আইন, ২০০০নামে অভিহিত হইবে।
9. <other_1078_s24> [ভবঘুরে ও নিরাশ্রয় ব্যক্তি (পুনর্বাসন) আইন, ২, ধারা ২৪] মানুষকে ভিক্ষাবৃত্তিতে নিয়োজিত করার ক্ষেত্রে কতিপয় আইনের প্রয়োগ — অন্য কোন ব্যক্তি দ্বারা প্রভাবিত বা প্ররোচিত হইয়া ভিক্ষাবৃত্তি কাজে নিয়োজিত এমন কোন ভবঘুরেকে এই আইনের অধীন আ
10. <other_914_s33> [দুর্নীতি দমন কমিশন আইন, ২০০৪, ধারা ৩৩] কমিশনের নিজস্ব প্রসিকিউশন ইউনিট — (১) এই আইনের অধীন কমিশন কর্তৃক তদন্তকৃত এবং স্পেশাল জজ কর্তৃক বিচারযোগ্য মামলাসমূহ পরিচালনার জন্য প্রয়োজনীয় ",women_children_835_s19,own_search,answered,3,
prot_0086_01,Iftiaq,,"আমার বড় বোনের বিয়ে হয় ১৯৯৭ সালে। দুলাভাই প্রাথমিক বিদ্যালয়ের সহকারী শিক্ষক ছিলেন। তাঁদের সংসারে বাবা, তিন বোন, দুই ভাই। বোনদের বিয়ে হয়ে গেছে। দুই ভাইয়ের মধ্যে দুলাভাই ছোট। বড় ভাইয়ের সংসারে এক ছেলে ও দুই মেয়ে। দুলাভাইয়ের দুই ছেলে। গত বছর হূদরোগে মারা যান দুলাভাই।আমার প্রশ্ন, হিন্দু আইন অনুযায়ী, ভাগ্নেরা তাদের ঠাকুরদাদার সম্পত্তির উত্তরাধিকারী হবে কি না?","1. <other_822_s10> [পার্বত্য চট্টগ্রাম আঞ্চলিক পরিষদ আইন, ১৯৯৮, ধারা ১০] সম্পত্তি সম্পর্কিত ঘোষণা — চেয়ারম্যান ও প্রত্যেক সদস্য তাহার কার্যভার গ্রহণের পূর্বে তাহার এবং তাঁহার পরিবারের কোন সদস্যের স্বত্ব, দখল ব
2. <local_government_1027_s41> [স্থানীয় সরকার (ইউনিয়ন পরিষদ) আইন, ২০০৯, ধারা ৪১] সম্পত্তি সম্পর্কিত ঘোষণা — চেয়ারম্যান ও সদস্য তাঁহার কার্যভার গ্রহণের পূর্বে তাঁহার এবং তাঁহার পরিবারের কোন সদস্যের স্বত্ব, দখল বা স্বার
3. <local_government_827_s10> [উপজেলা পরিষদ আইন, ১৯৯৮, ধারা ১০] সম্পত্তি সম্পর্কিত ঘোষণা — 14[চেয়ারম্যান ও ভাইস চেয়ারম্যান ] তাঁহার কার্যভার গ্রহণের পূর্বে তাঁহার এবং তাঁহার পরিবারের কোন সদস্যের স্বত
4. <other_1403_s40> [মোংলা বন্দর কর্তৃপক্ষ আইন, ২০২২, ধারা ৪০] দণ্ড — কোনো ব্যক্তি যদি এই আইন ও বিধির কোনো বিধান লঙ্ঘন করেন তাহা হইলে উক্ত লঙ্ঘন হইবে একটি অপরাধ এবং তজ্জন্য তিনি অন
5. <labour_952_s157> [বাংলাদেশ শ্রম আইন, ২০০৬, ধারা ১৫৭] নোটিশ ও দাবী — (১) কোন শ্রম আদালত ৰতিপূরণের কোন দাবী বিবেচনায় আনিবে না যদি না দুর্ঘটনা ঘটিবার পর যতশীঘ্র সম্ভব এতদ্নিম্নে বর
6. <local_government_1027_s2_p1> [স্থানীয় সরকার (ইউনিয়ন পরিষদ) আইন, ২০০৯, ধারা ২] সংজ্ঞা — শহর হিসাবে ঘোষিত নয় এইরূপ এলাকা;(১৩) 'চেয়ারম্যান' অর্থ ইউনিয়ন পরিষদের চেয়ারম্যান;(১৪) 'জনপথ' অর্থ সর্বসাধা
7. <other_1446_s7> [সরকারি প্রাথমিক বিদ্যালয় শিক্ষক কল্যাণ ট্রাস, ধারা ৭] ট্রাস্টি বোর্ড গঠন — (১) ট্রাস্টি বোর্ড নিম্নবর্ণিত সদস্য সমন্বয়ে গঠিত হইবে, যথা :-(ক) প্রাথমিক শিক্ষা অধিদপ্তরের মহাপরিচালক, যিনি
8. <other_1037_s68> [বীমা আইন, ২০১০, ধারা ৬৮] দুই বৎসর উত্তর পলিসি অসত্য তথ্য প্রদানের কারণে প্রশ্নসাপেক্ষ না করা৷ — এই আইন প্রবর্তিত হইবার পূর্বে বলবৎ কোন লাইফ ইন্স্যুরেন্স পলিসি এই আইন প্রবর্তিত হইবার তারিখ হইতে ২ (দুই) বৎসর 
9. <other_1339_s18> [1[কিশোরগঞ্জ বিশ্ববিদ্যালয়] আইন, ২০২০, ধারা ১৮] সিন্ডিকেট — (১)নিম্নবর্ণিতসদস্যগণেরসমন্বয়েসিন্ডিকেটগঠিতহইবে,যথা:-(ক)উপাচার্য,যিনিউহারসভাপতিওহইবেন;(খ)উপউপাচার্য;(গ)স্পীকা
10. <other_848_s7> [বেসরকারী প্রাথমিক শিক্ষক কল্যাণ ট্রাস্ট আইন,, ধারা ৭] ট্রাস্টের কার্যাবলী — (১) ট্রাস্টের কার্যাবলী নিম্্নরূপ হইবে, যথা:-(ক) বেসরকারী প্রাথমিক শিক্ষকগণকে অবসরকালীন সুবিধাদি প্রদান;(খ) কো",unanswerable,none,unanswerable,3,
lawy_0588_01,Iftiaq,,মামলা দায়েরের পর প্রত্যাহার করার সুযোগ আছে কি?,"1. <other_1403_s56> [মোংলা বন্দর কর্তৃপক্ষ আইন, ২০২২, ধারা ৫৬] মামলা দায়েরের সীমাবদ্ধতা — (১) কর্তৃপক্ষের বিরুদ্ধে মামলা দায়েরে ইচ্ছুক ব্যক্তি, তাহার নাম ঠিকানাসহ মামলা দায়েরের কারণ সংবলিত লিখিত নোট
2. <other_1135_s53> [পায়রা বন্দর কর্তৃপক্ষ আইন, ২০১৩, ধারা ৫৩] মামলা দায়েরের সীমাবদ্ধতা — (১) কর্তৃপক্ষের বিরুদ্ধে মামলা দায়েরে ইচ্ছুক ব্যক্তির নাম ঠিকানাসহ মামলা দায়েরের কারণ সংবলিত লিখিত নোটিশ কর্
3. <other_1131_s28> [বৈদেশিক কর্মসংস্থান ও অভিবাসী আইন, ২০১৩, ধারা ২৮] দেওয়ানী মামলা দায়েরের অধিকার — এই আইনের অধীন কোন অপরাধের জন্য ফৌজদারী মামলা দায়েরের অধিকারকে ক্ষুণ্ণ না করিয়া, কোন অভিবাসী কর্মী6[বা অন্য ক
4. <other_788_s333_p2> [কোম্পানী আইন, ১৯৯৪, ধারা ৩৩৩] অপরাধী পরিচালক ইত্যাদিকে ফৌজদারীতে সোপর্দ করা — দরকার, তাহা হইলে তিনি এতদ্বিষয়ে পরামর্শ চাহিয়া সংশ্লিষ্ট সকল কাগজপত্র এটর্নি জেনারেল বা ক্ষেত্রমত পাবলিক প্র
5. <labour_952_s316> [বাংলাদেশ শ্রম আইন, ২০০৬, ধারা ৩১৬] মামলা প্রত্যাহার — যে ব্যক্তির অভিযোগে এই আইন বা কোন বিধি, প্রবিধান বা স্কীমের অধীন কোন মামলা শুরু হইয়াছে সে ব্যক্তির দরখাস্ত ব্
6. <other_1404_s56> [চট্টগ্রাম বন্দর কর্তৃপক্ষ আইন, ২০২২, ধারা ৫৬] মামলা দায়েরের সীমাবদ্ধতা — (১) কর্তৃপক্ষের বিরুদ্ধে কোনো আদালতে মামলা দায়েরে ইচ্ছুক ব্যক্তি, তাহার নাম ঠিকানাসহ মামলা দায়েরের কারণ সংবল
7. <other_1106_s118> [মূল্য সংযোজন কর ও সম্পূরক শুল্ক আইন, ২০১২, ধারা ১১৮] মামলা দায়েরের পূর্বানুমোদন। — কমিশনারের পূর্বানুমোদন ব্যতীত, কোন অপরাধের জন্য কোন আদালতে মামলা দায়ের করা যাইবে না।
8. <family_938_s6ক> [গ্রাম আদালত আইন, ২০০৬, ধারা ৬ক] Limitation Act, 1908(Act No IX of 1908) এ যাহা কিছুই থাকুক না কেন, তফসিলের-(ক) প্রথম অংশে বর্ণিত ফৌজদারী মামলা
9. <other_914_s32> [দুর্নীতি দমন কমিশন আইন, ২০০৪, ধারা ৩২] (১) ফৌজদারী কার্যবিধি বা আপাততঃ বলবৎ অন্য কোন আইনে যাহা কিছুই থাকুক না কেন, নির্ধারিত পদ্ধতিতে কমিশনের অনুমোদন
10. <other_857_s83> [বাংলাদেশ টেলিযোগাযোগ নিয়ন্ত্রণ আইন, ২০০১, ধারা ৮৩] বার্তার অবৈধ প্রকাশ সম্পর্কে দেওয়ানী মামলা ও অন্যান্য প্রতিকার লাভের অধিকার — (১) যদি কোন ব্যক্তি যুক্তিসঙ্গত কারণে বিশ্বাস করেন যে, তত্কর্তৃক প্রেরিত বা গৃহীত বার্তা অবৈধভাবে প্রকাশ করা হ","criminal_procedure_75_s248, criminal_procedure_75_s494",own_search,answered,3,
prot_0077_04,Iftiaq,,"আমি ১৫ বছর আগে একটি নামকরা প্রতিষ্ঠানের মার্কেট থেকে একটি দোকান কিনি আমার নামে। দোকানের কাগজপত্র আমার কাছে আছে। আমার এক আত্মীয়কে দোকানটি দেখাশোনা করতে দিয়েছিলাম।তিনি তখন দোকান থেকে আমাকেও টাকা-পয়সা দিতেন। প্রতিষ্ঠানটি প্রতিটি দোকান থেকে মাসের শেষে কিছু টাকা ভাড়া নেয়। ছয় বছর আগে আবার প্রতিষ্ঠানের সঙ্গে দোকানের চুক্তি করার সময় আত্মীয়টা ওই প্রতিষ্ঠানের চেয়ারম্যানের কাছে একটি দরখাস্ত করেন, যেন তাঁর আর আমার নামে দোকানটির চুক্তি করা হয়। চেয়ারম্যানও তাঁর কথামতো দুজনের নামে দোকানটি একটি কাগজে চুক্তি করে দিয়েছেন। সেই কাগজটাও আমার কাছে আছে। এর কিছুদিন পর আমি চেয়ারম্যানের সঙ্গে যোগাযোগ করি। আমি বলেছি এখন নতুন করে আবার শুধু আমার নামে চুক্তি করে দেন। তিনি একজন প্রভাবশালী লোক, আমার কথা শুনছেন না। দুজনের নামে দুটি উকিল নোটিশও পাঠিয়েছি। কিন্তু কোনো জবাব দেননি। এর পর থেকে আমাকে আর কোনো টাকা-পয়সাও দিচ্ছেন না। এখন আমি দোকানটি বন্ধ করতেও পারছি না। লোকটিকে দোকান থেকে ওঠাতেও পারছি না। আমার ছেলেমেয়ে এখনো স্কুল-কলেজে পড়ে। আমি আমার ছেলেমেয়েদের নিয়ে খুবই কষ্টে আছি।ওই আত্মীয় ও চেয়ারম্যানের বিরুদ্ধে কী করতে পারব, দোকানটি কীভাবে উদ্ধার করব? নাম প্রকাশে অনিচ্ছুক","1. <labour_952_s114> [বাংলাদেশ শ্রম আইন, ২০০৬, ধারা ১১৪] দোকান, ইত্যাদি বন্ধ — (১) প্রত্যেক দোকান বা বাণিজ্য বা শিল্প প্রতিষ্ঠান প্রতি সপ্তাহে অন্ততঃ দেড় দিন সম্পূর্ণ বন্ধ থাকিবে।(২) কোন এ
2. <other_1152_s9> [ইনভেস্টমেন্ট কর্পোরেশন অব বাংলাদেশ আইন, ২০১৪, ধারা ৯] পরিচালকগণের যোগ্যতা ও অযোগ্যতা — (১) কোন ব্যক্তি পরিচালক হইবেন না বা পরিচালক থাকিবেন না, যিনি-(ক) বাংলাদেশের নাগরিক নহেন;(খ) এইরূপ কোন অপরাধের 
3. <consumer_1014_s38> [ভোক্তা অধিকার সংরক্ষণ আইন, ২০০৯, ধারা ৩৮] মূল্যের তালিকা প্রদর্শন না করিবার দণ্ড — কোন ব্যক্তি কোন আইন বা বিধি দ্বারা আরোপিত বাধ্যবাধকতা অমান্য করিয়া তাহার দোকান বা প্রতিষ্ঠানের সহজে দৃশ্যমান 
4. <consumer_1014_s39> [ভোক্তা অধিকার সংরক্ষণ আইন, ২০০৯, ধারা ৩৯] সেবার মূল্যের তালিকা সংরক্ষণ ও প্রদর্শন না করিবার দণ্ড — কোন ব্যক্তি আইন বা বিধি দ্বারা আরোপিত বাধ্যবাধকতা অমান্য করিয়া তাহার দোকান বা প্রতিষ্ঠানের সেবার মূল্যের তালি
5. <other_857_s6> [বাংলাদেশ টেলিযোগাযোগ নিয়ন্ত্রণ আইন, ২০০১, ধারা ৬] কমিশন প্রতিষ্ঠা, ইত্যাদি — (১) এই আইন প্রবর্তনের সংগে সংগে বাংলাদেশ টেলিযোগাযোগ নিয়ন্ত্রণ কমিশন নামে একটি কমিশন প্রতিষ্ঠিত হইবে।(২) কমিশ
6. <other_812_s84_p4> [দেউলিয়া বিষয়ক আইন, ১৯৯৭, ধারা ৮৪] দেনাদারের অপরাধ ও উহাদের দণ্ড — হিসাব প্রদানের অপচেষ্টা করেন; (ড) একজন দায়গ্রস্ত দেউলিয়া হওয়া সত্ত্বেও- (অ) তাহার দায়গ্রস্ত দেউলিয়া থাকার
7. <labour_952_s117> [বাংলাদেশ শ্রম আইন, ২০০৬, ধারা ১১৭] মজুরীসহ বাৎসরিক ছুটি — (১) কোন প্রতিষ্ঠানে অবিচ্ছিন্নভাবে এক বৎসর চাকুরী পূর্ণ করিয়াছেন এমন প্রত্যেক প্রাপ্ত বয়স্ক শ্রমিককে পরবর্তী
8. <other_788_s400> [কোম্পানী আইন, ১৯৯৪, ধারা ৪০০] ""লিমিটেড"" বা ""সীমিতদায়"" শব্দ অপপ্রয়োগের দণ্ড — যে প্রতিষ্ঠানের নাম বা শিরোনামের শেষ শব্দটি31[পাবলিক সীমিতদায় কোম্পানী বা PLC., বা সীমিতদায় বা LTD., বা এক ব
9. <other_882_s18> [এসিড নিয়ন্ত্রণ আইন, ২০০২, ধারা ১৮] এসিড বিক্রয়ের দোকান বা এসিড বহনকারী যান চলাচল সাময়িকভাবে বন্ধ ঘোষণা করার ক্ষমতা — সরকারের নিকট হইতে এতদুদ্দেশ্যে ক্ষমতাপ্রাপ্ত কর্মকর্তা যদি এই মর্মে সন্তুষ্ট হন যে, কোন এসিড বিক্রয়ের দোকান ব
10. <criminal_procedure_1276_s19> [মাদকদ্রব্য নিয়ন্ত্রণ আইন, ২০১৮, ধারা ১৯] মাদকদ্রব্যের দোকান অথবা পানশালা (Bar) সাময়িকভাবে বন্ধ ঘোষণা করিবার ক্ষমতা — (১) মহাপরিচালকের অনুমোদন ব্যতীত লাইসেন্স প্রাপ্ত কোনো মদের দোকান অথবা পানশালা বন্ধ করা যাইবে না:তবে শর্ত থাকে,","other_36_s8, other_36_s42_p0",own_search,answered,3,
prot_0109_03,Iftiaq,,চুরির অভিযোগে মিথ্যা মামলা করা হয়ে থাকলে আদালতেই তা প্রমাণ করতে হবে। তবে মিথ্যা মামলার অভিযোগে দণ্ডবিধি আইন অনুযায়ী প্রতিকার চাইতে পারেন। মেয়েটির স্বামী প্রথম স্ত্রীর অনুমতি না নিয়ে দ্বিতীয় বিয়ে করলে ১৯৬১ সালের মুসলিম পারিবারিক আইন অনুযায়ী মামলা করার সুযোগ আছে। এ আইন অনুযায়ী শাস্তিরও বিধান আছে।প্রাপ্য দাবি আদায়ে কী পদক্ষেপ নিতে পারি?,"1. <labour_952_s316> [বাংলাদেশ শ্রম আইন, ২০০৬, ধারা ৩১৬] মামলা প্রত্যাহার — যে ব্যক্তির অভিযোগে এই আইন বা কোন বিধি, প্রবিধান বা স্কীমের অধীন কোন মামলা শুরু হইয়াছে সে ব্যক্তির দরখাস্ত ব্
2. <other_1271_s24> [সরকারি চাকরি আইন, ২০১৮, ধারা ২৪] আইনি সহায়তা — (১) কোনো কর্মচারীর বিরুদ্ধে, সরকারি দায়িত্ব পালনের সহিত সম্পর্কিত কোনো বিষয়ে তাহাকে ব্যক্তিগতভাবে দায়ী করিয
3. <family_1444_s26> [পারিবারিক আদালত আইন, ২০২৩, ধারা ২৬] মুসলিম পারিবারিক আইনের বিধানকে প্রভাবিত না করা — (১) এই আইনের কোনো কিছুই মুসলিম পরিবারিক আইন অথবা তদধীন প্রণীত বিধিমালার কোনো বিধানকে প্রভাবিত করিবে না।(২) যেক
4. <other_1246_s204> [ক্যান্টনমেন্ট আইন, ২০১৮, ধারা ২০৪] মামলার নোটিশ প্রদান — (১) কোনো ব্যক্তি বোর্ডের কোনো আদেশ দ্বারা সংক্ষুব্ধ হইয়া কোনো দেওয়ানি মামলা দায়ের করিতে চাহিলে, তিনি তামাদি
5. <other_1715_s43> [বন্যপ্রাণী (সংরক্ষণ ও নিরাপত্তা) আইন, ২০২৬, ধারা ৪৩] মিথ্যা বা হয়রানিমূলক মামলা দায়ের — এই আইনের অধীন ক্ষমতাপ্রাপ্ত কোনো কর্মকর্তা এই আইনের বিধান লঙ্ঘন করিয়া মিথ্যা বা হয়রানিমূলক মামলা দায়ের করিত
6. <other_1061_s22> [পরিবেশ আদালত আইন, ২০১০, ধারা ২২] বিচারাধীন মামলা — এই আইন প্রবর্তনের অব্যবহিত পূর্বে কোন পরিবেশ আইনের অধীন কোন মামলা কোন আদালতে বিচারাধীন থাকিলে উহা উক্ত আদালতেই
7. <other_1103_s44> [দুর্যোগ ব্যবস্থাপনা আইন, ২০১২, ধারা ৪৪] সরকারি কর্মকর্তা ও কর্মচারী কর্তৃক দায়িত্ব পালনে ব্যর্থতা — (১) কোন সরকারি কর্মচারী এই আইন ও তদধীন প্রণীত বিধির অধীন কোন দায়িত্ব পালনে ব্যর্থ হইলে বা কোন বিধান লংঘন করিল
8. <other_1586_s15> [গুম প্রতিরোধ ও প্রতিকার অধ্যাদেশ, ২০২৫, ধারা ১৫] মিথ্যা মামলার বিরুদ্ধে ব্যবস্থা — এই আইনের অধীন কোনো অপরাধের বিচার সম্পন্ন হওয়ার পর রায় প্রদানকালে যদি ট্রাইব্যুনালের নিকট সন্তোষজনকভাবে প্রমা
9. <family_1444_s2> [পারিবারিক আদালত আইন, ২০২৩, ধারা ২] সংজ্ঞা — (১) বিষয় বা প্রসঙ্গের পরপিন্থি কোনো কিছু না থাকিলে, এই আইন,-(ক) “ইমেইল” অর্থ ইলেক্ট্রনিক, ডিজিটাল বা অন্য কোন
10. <other_1684_s25> [মানব পাচার ও অভিবাসী চোরাচালান প্রতিরোধ ও দম, ধারা ২৫] মিথ্যা মামলা বা মিথ্যা অভিযোগ দায়ের, ইত্যাদি অপরাধ ও উহার দণ্ড — (১) যদি কোনো ব্যক্তি অন্য কোনো ব্যক্তির ক্ষতিসাধন করিবার উদ্দেশ্যে এই আইনের অধীন মিথ্যা বা হয়রানিমূলক মামলা ব","family_305_s6, criminal_procedure_11_s211",own_search,answered,3,
prot_0046_04,Iftiaq,,"ছয় মাস আগে একটি ছেলের সঙ্গে মাত্র ১১ দিনের পরিচয়ে গোপনে বিয়ে হয়। আবেগের বশবর্তী হয়েই এ কাজটি করি। আমাদের বিয়ের ব্যাপারটা জানাজানি হলে আমার মা-বাবা আমাকে শ্বশুরবাড়ি পাঠিয়ে দেন। কিন্তু শ্বশুরবাড়ির লোকজন আমাকে নানাভাবে মানসিক অত্যাচার করে। মাস দুয়েক যেতে না-যেতেই আমি জানতে পারি, আমার স্বামীর বিয়ের আগে অনেক মেয়ের সঙ্গে শারীরিক সম্পর্ক ছিল। সে যে আমার শরীরটাকে ভালোবেসে আমাকে বিয়ে করেছিল, এ কথা সে নিজের মুখে স্বীকার করেছে। রাগ করে আমি তাকে মৌখিকভাবে তালাক দিয়ে বাবার বাসায় চলে আসি। তাকে আইনগতভাবে তালাক দিলে কি আমি দেনমোহরের টাকা পাব? তালাক দেওয়ার কথা সে ফোনে রেকর্ড করে রেখেছে। তার ধারণা, আমি তালাক দিলে তাকে আর দেনমোহরের টাকা পরিশোধ করতে হবে না। নাম প্রকাশে অনিচ্ছুক","1. <criminal_procedure_1013_s98> [বরিশাল মহানগরী পুলিশ আইন, ২০০৯, ধারা ৯৮] রাস্তায় গবাদি পশু ছাড়িয়া দেওয়ার অথবা কাহারও সম্পত্তিতে অনধিকার প্রবেশ করিতে দেওয়ার দণ্ড — কোন ব্যক্তি নিজের অথবা স্বীয় দায়িত্বহীন গবাদি পশু রাস্তায় চরাইলে বা চরাইতে দিলে অথবা কাহারও সম্পত্তিতে অনধি
2. <criminal_procedure_765_s98> [রাজশাহী মহানগরী পুলিশ আইন, ১৯৯২, ধারা ৯৮] রাস্তায় গবাদি পশু ছাড়িয়া দেওয়ার অথবা কাহারও সম্পত্তিতে অনধিকার প্রবেশ করিতে দেওয়ার দণ্ড — কোন ব্যক্তি নিজের অথবা স্বীয় দায়িত্বাধীন গবাদি পশু রাস্তায় চরাইলে বা চরাইতে দিলে অথবা কাহারো সম্পত্তিতে অনধ
3. <criminal_procedure_1238_s96> [গাজীপুর মহানগরী পুলিশ আইন, ২০১৮, ধারা ৯৬] রাস্তায় গবাদি পশু ছাড়িয়া দেওয়ার অথবা কাহারও সম্পত্তিতে অনধিকার প্রবেশ করিতে দেওয়ার দণ্ড — কোনো ব্যক্তি নিজের অথবা স্বীয় দায়িত্বাধীন গবাদি পশু রাস্তায় চরাইলে বা চরাইতে দিলে অথবা কাহারও সম্পত্তিতে অন
4. <criminal_procedure_1239_s96> [রংপুর মহানগরী পুলিশ আইন, ২০১৮, ধারা ৯৬] রাস্তায় গবাদি পশু ছাড়িয়া দেওয়ার অথবা কাহারও সম্পত্তিতে অনধিকার প্রবেশ করিতে দেওয়ার দণ্ড — কোনো ব্যক্তি নিজের অথবা স্বীয় দায়িত্বাধীন গবাদি পশু রাস্তায় চরাইলে বা চরাইতে দিলে অথবা কাহারও সম্পত্তিতে অন
5. <other_813_s11> [বাংলাদেশ কমার্স এন্ড ইনভেষ্টমেন্ট লিমিটেড (প, ধারা ১১] দায় — (১) বিসিআই এর হিসাব বহিতে হিসাবায়িত সকল দায় এর শুধুমাত্র আসল (সুদ ব্যতীত) এই আইনের বিধানাবলী সাপেক্ষে এবং তদ
6. <criminal_procedure_1012_s98> [সিলেট মহানগরী পুলিশ আইন, ২০০৯, ধারা ৯৮] রাস্তায় গবাদি পশু ছাড়িয়া দেওয়ার অথবা কাহারও সম্পত্তিতে অনধিকার প্রবেশ করিতে দেওয়ার দন্ড — কোন ব্যক্তি নিজের অথবা স্বীয়দায়িত্বহীন গবাদি পশু রাস্তায় চরাইলে বা চরাইতে দিলে অথবা কাহারও সম্পত্তিতে অনধিক
7. <labour_952_s306> [বাংলাদেশ শ্রম আইন, ২০০৬, ধারা ৩০৬] বাধা প্রদানের দণ্ড — (১) কোন ব্যক্তি এই আইন বা বিধি, প্রবিধান বা স্কীমের অধীন দায়িত্ব পালনরত কোন কর্মকর্তাকে উহার অধীন তাহার দায়ি
8. <land_856_s32> [অর্পিত সম্পত্তি প্রত্যর্পণ আইন, ২০০১, ধারা ৩২] অপরাধ ও দণ্ড — কোন ব্যক্তি-(ক)121[ট্রাইব্যুনাল বা আপীল ট্রাইব্যুনালের] সম্মুখে ইচ্ছাকৃতভাবে মিথ্যা আবেদন বা আপীল করিলে, বা লি
9. <labour_1285_s151> [বাংলাদেশ ইপিজেড শ্রম আইন, ২০১৯, ধারা ১৫১] অন্যায় আচরণের জন্য দণ্ড — (১) কোনো ব্যক্তি ধারা ১১৫ এর উপ-ধারা (১) এ বর্ণিত কোনো কাজ করিলে, তিনি ৫০ (পঞ্চাশ) হাজার টাকা পর্যন্ত অর্থদণ্ড
10. <other_1403_s42> [মোংলা বন্দর কর্তৃপক্ষ আইন, ২০২২, ধারা ৪২] টোল, রেইট, ইত্যাদি ফাঁকির জন্য দণ্ড — যদি কোনো ব্যক্তি আইনগতভাবে প্রাপ্য বন্দরের কোনো ভাড়া, ফি, টোল, রেইট, মাশুল বা ক্ষতিপূরণ ফাঁকি দেওয়ার উদ্দেশ্","family_305_s10, family_1444_s5, family_305_s7",own_search,answered,3,
prot_0049_01,Iftiaq,,"পলিটেকনিক ইনস্টিটিউটে পড়ার সময় একটি ছেলের সঙ্গে আমার সম্পর্ক হয়। এর পরিপ্রেক্ষিতে ২০১১ সালে ওই ছেলের সঙ্গে প্রথমে মৌলভির সামনে বিয়ে হয় এবং পরবর্তী সময়ে নোটারি পাবলিকের মাধ্যমে বিয়ের এফিডেভিট করি, যা আমার পরিবারের কেউ জানে না। পড়া শেষ করে এখন আমি চাকরি করি এবং সে তার বাড়িতে থাকে। বর্তমানে সে আমাকে সন্দেহ করে এবং তালাক পর্যন্ত দিতে চায়। আমার মনে হচ্ছে, যার মধ্যে সন্দেহ ঢুকে গেছে, তার সঙ্গে সম্পর্ক রাখা ঠিক হবে না। আমিও তাকে তালাক দিতে ইচ্ছুক। তালাক দিতে চাইলে কী করতে হবে? আমি তাকে তালাক দিলে কি মোহরানা পাব? উল্লেখ্য, বিয়ের সব কাগজপত্র তার কাছে।সুমাচট্টগ্রাম","1. <other_850_s13> [সালিস আইন, ২০০১, ধারা ১৩] আপত্তির কারণসমূহ — (১) সালিসকারী হিসাবে নিয়োগের অনুরোধপ্রাপ্ত প্রত্যেক ব্যক্তি প্রথমে তাহার নিরপেক্ষতা ও স্বাধীনতা সম্পর্কে সঙ্গ
2. <criminal_procedure_765_s52> [রাজশাহী মহানগরী পুলিশ আইন, ১৯৯২, ধারা ৫২] নিয়োগপত্র, প্রভৃতি ফেরত্ দিতে গাফিলতি বা অস্বীকৃতি জ্ঞাপনের দণ্ড — কোন পুলিশ কর্মকর্তা বাহিনীর সহিত সম্পর্ক ছিন্ন হওয়ার অব্যবহিত পরে তাহার নিয়োগপত্র, অস্ত্র, পোশাক ও অন্যান্য 
3. <criminal_procedure_1013_s52> [বরিশাল মহানগরী পুলিশ আইন, ২০০৯, ধারা ৫২] নিয়োগপত্র, প্রভৃতি ফেরত দিতে গাফিলতি বা অস্বীকৃতি জ্ঞাপনের দণ্ড — কোন পুলিশ কর্মকর্তা বাহিনীর সহিত সম্পর্ক ছিন্ন হওয়ার অব্যবহিত পরে তাহার নিয়োগপত্র, অস্ত্র, পোশাক ও অন্যান্য 
4. <criminal_procedure_1012_s52> [সিলেট মহানগরী পুলিশ আইন, ২০০৯, ধারা ৫২] নিয়োগপত্র, প্রভৃতি ফেরৎ দিতে গাফিলতি বা অস্বীকৃতি জ্ঞাপনের দণ্ড — কোন পুলিশ কর্মকর্তা বাহিনীর সহিত সম্পর্ক ছিন্ন হওয়ার অব্যবহিত পরে তাহার নিয়োগপত্র, অস্ত্র, পোশাক ও অন্যান্য 
5. <tenancy_748_s19_p0> [বাড়ী ভাড়া নিয়ন্ত্রণ আইন, ১৯৯১, ধারা ১৯] কতিপয় পরিস্থিততে ভাড়াটিয়া কর্তৃক ভাড়া জমা — (১) যেক্ষেত্রে কোন বাড়ী-মালিক ভাড়াটিয়া কর্তৃক ডাক মনি অর্ডার যোগে প্রেরিত ধারা ১৮ এ উল্লিখিত কোন ভাড়া গ্রহ
6. <other_788_s255> [কোম্পানী আইন, ১৯৯৪, ধারা ২৫৫] সরকারী লিকুইডেটর নিয়োগ — (১) কোন কোম্পানীর অবলুপ্তির কার্যধারা পরিচালনা এবং আদালত কর্তৃক আরোপিত তদসংশ্লিষ্ট দায়িত্ব পালনের জন্য আদালত 
7. <labour_952_s82> [বাংলাদেশ শ্রম আইন, ২০০৬, ধারা ৮২] কতিপয় ব্যাধি সম্পর্কে নোটিশ — (১) যে ক্ষেত্রে দ্বিতীয় তফসিলে উল্লিখিত ব্যাধি দ্বারা কোন প্রতিষ্ঠানে কোন শ্রমিক আক্রান্ত হন, সে ক্ষেত্রে মাল
8. <labour_952_s340> [বাংলাদেশ শ্রম আইন, ২০০৬, ধারা ৩৪০] নিয়োগ সম্পর্ক অনুমান — কোন ব্যক্তিকে কোন কারখানায় উহার কাজ চলাকালে, আহার বা বিশ্রামের জন্য বিরতির সময় ব্যতীত অন্য কোন সময়ে অথবা উহ
9. <women_children_1256_s2> [যৌতুক নিরোধ আইন, ২০১৮, ধারা ২] সংজ্ঞা — বিষয় বা প্রসঙ্গের পরিপন্থি কোনো কিছু না থাকিলে,-(ক) ‘‘পক্ষ’’ অর্থ এই আইনের উদ্দেশ্য পূরণকল্পে, বিবাহের বর বা 
10. <local_government_1027_s64> [স্থানীয় সরকার (ইউনিয়ন পরিষদ) আইন, ২০০৯, ধারা ৬৪] পরিষদের নির্বাচিত প্রতিনিধি ও কর্মকর্তা বা কর্মচারীগণের সম্পর্ক — (১) পরিষদের ব্যবস্থাপনাধীন কর্মকর্তা বা কর্মচারীগণের আইনগত অধিকার ও পেশাগত স্বাধীনতা নিশ্চিত করিবার লক্ষ্যে সর","family_305_s8, family_305_s7, family_305_s10",own_search,answered,3,
prot_0069_03,Iftiaq,,"আমার দাদারা দুই ভাই চার বোন। আমার দাদার প্রাপ্ত সম্পত্তি ৩০ বিঘা। আমার দাদার কোনো ছেলেসন্তান নেই। একটি মাত্র মেয়ে। আমার দাদা চান, তাঁর সব সম্পত্তি ইসলামি শরিয়ত মোতাবেক সুষ্ঠুভাবে বণ্টন করে দিতে। প্রশ্ন হচ্ছে, তাঁর মেয়ে কতটুকু পাবে এবং তার ভাই ও বোনেরা কতটুকু পাবে?দাদার দুই বোন মারা গেছেন। তাঁদের ছেলেমেয়েরা কি দাদার সম্পত্তির ভাগ পাবেন?কবিররাজশাহী","1. <other_822_s10> [পার্বত্য চট্টগ্রাম আঞ্চলিক পরিষদ আইন, ১৯৯৮, ধারা ১০] সম্পত্তি সম্পর্কিত ঘোষণা — চেয়ারম্যান ও প্রত্যেক সদস্য তাহার কার্যভার গ্রহণের পূর্বে তাহার এবং তাঁহার পরিবারের কোন সদস্যের স্বত্ব, দখল ব
2. <local_government_1027_s41> [স্থানীয় সরকার (ইউনিয়ন পরিষদ) আইন, ২০০৯, ধারা ৪১] সম্পত্তি সম্পর্কিত ঘোষণা — চেয়ারম্যান ও সদস্য তাঁহার কার্যভার গ্রহণের পূর্বে তাঁহার এবং তাঁহার পরিবারের কোন সদস্যের স্বত্ব, দখল বা স্বার
3. <local_government_827_s10> [উপজেলা পরিষদ আইন, ১৯৯৮, ধারা ১০] সম্পত্তি সম্পর্কিত ঘোষণা — 14[চেয়ারম্যান ও ভাইস চেয়ারম্যান ] তাঁহার কার্যভার গ্রহণের পূর্বে তাঁহার এবং তাঁহার পরিবারের কোন সদস্যের স্বত
4. <other_1349_s2> [আকাশপথে পরিবহণ (মন্ট্রিল কনভেনশন) আইন, ২০২০, ধারা ২] বিষয়বাপ্রসঙ্গেরপরিপন্থিকোনোকিছুনাথাকিলে,এইআইনে-(ক)‘অভ্যন্তরীণপরিবহণ’অর্থআকাশপথে পরিবহণেপক্ষসমূহেরমধ্যেসম্পাদি
5. <other_1682_s2_p0> [মানবদেহে অঙ্গ-প্রত্যঙ্গ সংযোজন আইন, ২০২৬, ধারা ২] সংজ্ঞা — বিষয় বা প্রসঙ্গের পরিপন্থি কোনো কিছু না থাকিলে, এই আইনে- (১) “অঙ্গ-প্রত্যঙ্গ” অর্থ মানবদেহের কিডনি, হৃৎপিণ্ড,
6. <local_government_1027_s2_p1> [স্থানীয় সরকার (ইউনিয়ন পরিষদ) আইন, ২০০৯, ধারা ২] সংজ্ঞা — শহর হিসাবে ঘোষিত নয় এইরূপ এলাকা;(১৩) 'চেয়ারম্যান' অর্থ ইউনিয়ন পরিষদের চেয়ারম্যান;(১৪) 'জনপথ' অর্থ সর্বসাধা
7. <other_1266_s2_p3> [বাংলাদেশ মুক্তিযোদ্ধা কল্যাণ ট্রাস্ট আইন, ২০, ধারা ২] সংজ্ঞা — বা স্বামী এবং পিতা-মাতার অবর্তমানে খেতাবপ্রাপ্ত বীর মুক্তিযোদ্ধার সন্তান; বা(উ) (অ)-(ঈ) পর্যন্ত বর্ণিত ব্যক্তি
8. <other_1148_s2> [বাংলাদেশ সাংবাদিক কল্যাণ ট্রাস্ট আইন, ২০১৪, ধারা ২] সংজ্ঞা — বিষয় বা প্রসঙ্গের পরিপন্থী কোন কিছু না থাকিলে, এই আইনে-(১) ‘‘চেয়ারম্যান’’ অর্থ বোর্ডের চেয়ারম্যান;(২) ‘‘ট্র
9. <other_1718_s83> [অর্থ (২০২৫-২০২৬ অর্থ বৎসর) আইন, ২০২৬, ধারা ৮৩] ২০২৩ সনের ১২ নং আইনের ধারা ১৩৫ এর সংশোধন — উক্ত আইনের ধারা ১৩৫ এর- (ক) উপ-ধারা (১) এ উল্লিখিত “১০% (দশ শতাংশ)” সংখ্যা, চিহ্ন, বন্ধনী ও শব্দগুলির পরিবর্তে
10. <other_1378_s2> [বাংলাদেশ চলচ্চিত্র শিল্পী কল্যাণ ট্রাস্ট আইন, ধারা ২] সংজ্ঞা — বিষয় বা প্রসঙ্গের পরিপন্থি কোনো কিছু না থাকিলে, এই আইনে-(ক) “চলচ্চিত্র” অর্থ সেলুলয়েড, অ্যানালগ, ডিজিটাল বা ",unanswerable,none,unanswerable,3,
prot_0040_03,Iftiaq,,"আমার মামা প্রবাসী। মামার স্ত্রী দেশে থাকেন। তিনি বেড়ানোর নাম করে মামার বাড়ি থেকে তাঁর বাপের বাড়িতে চলে যান। কিছুদিন পর আমরা অর্থাৎ মামার আত্মীয় স্বজন শুনতে পাই (ইউনিয়ন পরিষদের মাধ্যমে) যে, তিনি মামাকে তালাক দিয়েছেন। তবে আমার মামা এখনো প্রায় ১৩-১৪ মাস হলো কোনো কাগজপত্র পাননি। প্রশ্ন হলো ইসলামি আইনে স্ত্রীর তালাক দেওয়া বৈধ কি না? এবং আমার মামা যদি দেশে ফিরে তাঁর স্ত্রীকে আবার ঘরে আনতে চান (স্ত্রীর ইচ্ছায়), তাহলে কীভাবে আনতে পারবেন। নাম প্রকাশে অনিচ্ছুক ঢাকা","1. <labour_952_s7> [বাংলাদেশ শ্রম আইন, ২০০৬, ধারা ৭] সার্ভিস বইয়ের ফরম — (১) সার্ভিস বই বিধি দ্বারা নির্ধারিত মাপে ও ফরমে রৰিত হইবে, এবং উহাতে শ্রমিকের একটি ফটো সংযোজিত থাকিবে।(২) সার
2. <other_1045_s18> [চার্টার্ড সেক্রেটারীজ আইন, ২০১০, ধারা ১৮] রেজিস্টার — (১) সচিব, নিম্নবর্ণিত তথ্যাদি উল্লেখপূর্বক, নির্ধারিত পদ্ধতিতে, সদস্যগণের নাম রেজিস্টারে অন্তর্ভুক্ত ও সংরক্ষণ
3. <other_1037_s57_p2> [বীমা আইন, ২০১০, ধারা ৫৭] বীমা পলিসি গ্রাহক কর্তৃক মনোনয়ন৷ — বলবৎ হইবার পূর্বে কোন ব্যক্তি তাহার নিজের বা তাহার স্ত্রীর বা সন্তানদের বা তাহাদের যে কোন এক জনের লাইফ ইন্স্যু
4. <other_788_s381> [কোম্পানী আইন, ১৯৯৪, ধারা ৩৮১] বিদেশী কোম্পানীর নাম, ইত্যাদি উল্লেখ করার বাধ্যবাধকতা — প্রত্যেক বিদেশী কোম্পানী-(ক) বাংলাদেশে উহার শেয়ার বা ডিবেঞ্চারে চাঁদাদানের আহ্বান সম্বলিত প্রত্যেক প্রসপেক্টা
5. <other_758_s9> [রাষ্ট্রপতি নির্বাচন আইন, ১৯৯১, ধারা ৯] প্রার্থী, প্রস্তাবক ও সমর্থকদের নাম ঘোষণা — যদি কোন প্রার্থী প্রার্থিতা প্রত্যাহার না করিয়া থাকেন কিংবা প্রত্যাহারের পর দুই বা ততোধিক প্রার্থী থাকিয়া যা
6. <local_government_1027_s29> [স্থানীয় সরকার (ইউনিয়ন পরিষদ) আইন, ২০০৯, ধারা ২৯] পরিষদের চেয়ারম্যান ও সদস্যগণের কার্যকাল — (১) কোন পরিষদের চেয়ারম্যান ও সদস্যগণ, এই আইনের বিধানাবলী সাপেক্ষে, সংশ্লিষ্ট পরিষদের প্রথম সভা অনুষ্ঠানের তার
7. <other_1682_s2_p0> [মানবদেহে অঙ্গ-প্রত্যঙ্গ সংযোজন আইন, ২০২৬, ধারা ২] সংজ্ঞা — বিষয় বা প্রসঙ্গের পরিপন্থি কোনো কিছু না থাকিলে, এই আইনে- (১) “অঙ্গ-প্রত্যঙ্গ” অর্থ মানবদেহের কিডনি, হৃৎপিণ্ড,
8. <other_1029_s13> [মৎস্যখাদ্য ও পশুখাদ্য আইন, ২০১০, ধারা ১৩] পাত্র ও লেবেলিং — কোন মৎস্যখাদ্য ও পশুখাদ্য বাজারজাত করা যাইবে না, যদি-(ক) উক্ত খাদ্য অনুমোদিত পাত্র বা প্যাকেটে সংরক্ষিত এবং বা
9. <women_children_1119_s2_p0> [শিশু আইন, ২০১৩, ধারা ২] সংজ্ঞা — বিষয় বা প্রসঙ্গের পরিপন্থী কিছু না থাকিলে, এই আইনে-(১) ‘অধিদপ্তর’ অর্থ সমাজসেবা অধিদপ্তর;(২) ‘আইনানুগ বা বৈধ 
10. <other_822_s15> [পার্বত্য চট্টগ্রাম আঞ্চলিক পরিষদ আইন, ১৯৯৮, ধারা ১৫] চেয়ারম্যান ও সদস্য পদ শূন্য হওয়া — (১) চেয়ারম্যান বা কোন সদস্যের পদ শূন্য হইবে, যদি-(ক) তাঁহার নাম সরকারী গেজেট প্রকাশিত হইবার তারিখ হইতে ত্রিশ ","family_305_s8, family_305_s7",own_search,answered,3,
prot_0087_04,Iftiaq,,"আমার বয়স ২৫ বছর। তিন বছর ধরে আমি বড় ভাইয়ের স্ত্রীকে ভালোবাসি। ভাইয়ের ঘরে তার এক বছর তিন মাস বয়সের একটি ছেলেসন্তান আছে। স্বামীর সঙ্গে তার আন্তরিকতা না থাকায় সম্প্রতি উভয়পক্ষের সম্মতিতে কাজির মাধ্যমে তালাক সম্পন্ন করে। দেনমোহর, খোরপোশ ও সন্তানের খরচ বাবদ যাবতীয় পাওনা স্বামীর কাছ থেকে আদায়ও করে নেয়। এখন আমরা বিয়ে করতে চাই। তার ছেলেকে আমি খুব স্নেহ করি। ছেলেটিকে কাছে রেখে আমার আদর্শে বড় করতে চাই। আর্থিকভাবে আমি সামর্থ্যবান নই। এ জন্য আমার ইচ্ছা থাকলেও বেশি পরিমাণ টাকা দেনমোহর ধার্য করতে পারি না। উভয়ের বাবা-মা আমাদের এই সম্পর্ক ও ইচ্ছাকে সমর্থন করছেন না।এ অবস্থায় তাকে বিয়ে করার আইনগত কোনো বাধা আছে কি না। ছেলেকে আমার কাছে রেখে বড় করতে চাইলে আইনগত কোনো বাধা আছে কি না। আইনমতে, ন্যূনতম কত টাকা দেনমোহর ধার্য করা যায়?","1. <other_788_s342> [কোম্পানী আইন, ১৯৯৪, ধারা ৩৪২] লিকুইডেটর কর্তৃক ব্যাংকে টাকা জমাদান — (১) আদালত কর্তৃক অবলুপ্ত হইতেছে এইরূপ কোম্পানীর প্রত্যেক লিকুইডেটর তত্কর্তৃক গৃহীত সকল টাকা নির্ধারিত পদ্ধতিতে
2. <road_transport_1262_s84> [সড়ক পরিবহণ আইন, ২০১৮, ধারা ৮৪] কর্তৃপক্ষ কর্তৃক নির্ধারিত কোনো মোটরযানের কারিগরি বিনির্দেশ অমান্য সংক্রান্ত ধারা ৪০ এর বিধান লঙ্ঘনের দণ্ড — যদি কোনো ব্যক্তি ধারা ৪০ এর বিধান লঙ্ঘন করেন, তাহা হইলে উক্ত লঙ্ঘন হইবে একটি অপরাধ, এবং তজ্জন্য তিনি অনধিক ৩ (
3. <women_children_1256_s2> [যৌতুক নিরোধ আইন, ২০১৮, ধারা ২] সংজ্ঞা — বিষয় বা প্রসঙ্গের পরিপন্থি কোনো কিছু না থাকিলে,-(ক) ‘‘পক্ষ’’ অর্থ এই আইনের উদ্দেশ্য পূরণকল্পে, বিবাহের বর বা 
4. <other_1132_s5> [পিতা-মাতার ভরণ-পোষণ আইন, ২০১৩, ধারা ৫] পিতা-মাতার ভরণ-পোষণ না করিবার দণ্ড — (১) কোন সন্তান কর্তৃক ধারা ৩ এর যে কোন উপ-ধারার বিধান কিংবা ধারা ৪ এর বিধান লংঘন অপরাধ বলিয়া গণ্য হইবে এবং উক
5. <women_children_835_s13> [নারী ও শিশু নির্যাতন দমন আইন, ২০০০, ধারা ১৩] (১) অন্য কোন আইনে ভিন্নতর যাহা কিছুই থাকুক না কেন, ধর্ষণের কারণে কোন সন্তান জন্মলাভ করিলে-(ক) উক্ত সন্তানকে তা
6. <tenancy_748_s19_p3> [বাড়ী ভাড়া নিয়ন্ত্রণ আইন, ১৯৯১, ধারা ১৯] কতিপয় পরিস্থিততে ভাড়াটিয়া কর্তৃক ভাড়া জমা — যতক্ষণ পর্যন্ত না বাড়ী-মালিক নিয়ন্ত্রকের নিকট হাজির হইয়া তাহার পরিচয়, অবস্থান এবং বর্তমান ঠিকানা নিয়ন্ত্র
7. <other_1273_s23> [মানসিক স্বাস্থ্য আইন, ২০১৮, ধারা ২৩] অপরাধ ও দণ্ড — (১) মানসিক স্বাস্থ্য সেবায় নিয়োজিত পেশাজীবী হিসাবে কোনো ব্যক্তি মানসিক অসুস্থতা সম্পর্কিত বিষয়ে উদ্দেশ্য প্
8. <other_713_s6> [অস্থাবর সম্পত্তি হুকুমদখল আইন, ১৯৮৮, ধারা ৬] দণ্ড — কোন ব্যক্তি এই আইন বা বিধির অধীন প্রদত্ত কোন আদেশ লংঘন করিলে, বা লংঘনের চেষ্টা করিলে, বা উক্ত আদেশ কার্যকর করা
9. <other_1016_s11> [বাংলাদেশ ইউনিভার্সিটি অব প্রফেশনালস আইন, ২০০, ধারা ১১] ভাইস-চ্যান্সেলর নিয়োগ — (১) চ্যান্সেলর, তদকর্তৃক নির্ধারিত শর্তে, মেজর জেনারেল বা তদূর্ধ্ব পদবীর, চাকুরীরত বা অবসরপ্রাপ্ত, কোন কর্মকর্
10. <other_831_s7_p2> [অর্থ আইন, ১৯৯৯, ধারা ৭] ১৯৯১ সনের ২২ নং আইন সংশোধন — কিছুই থাকুক না কেন, প্রতিষ্ঠিত নিবন্ধিত ব্যক্তির তেগত্রে, প্রতিষ্ঠিত নিবন্ধিত ব্যক্তি বিবেচিত হওয়ার বত্সরে এই","family_64_s17, family_64_s25, family_305_s10",own_search,answered,3,
prot_0110_01,Iftiaq,,"প্রতিটি মামলা শুনানি শেষে মিথ্যা প্রমাণিত হওয়ায় বাবা তা থেকে অব্যাহতি পান। ২০০৮ সালে মামলার রায় এবং সরকারিভাবে গঠিত তদন্ত কমিটির তদন্তে নির্দোষ প্রমাণিত হওয়ায় চার্জ ফিরে পান। এই সাড়ে চার বছর পরিচালনা পর্ষদ বেআইনিভাবে তাঁর নামে বরাদ্দকৃত খোরপোশ ভাতার অর্থ উত্তোলন করতে দেয়নি। উল্লেখ্য, বাবার এমপিও বন্ধ হয়নি। আমার প্রশ্ন, এই ৪৮ মাসের বকেয়া বেতন-ভাতাদি পেতে হলে কী করা যেতে পারে?","1. <other_1293_s28> [বাংলাদেশ ভেটেরিনারি কাউন্সিল আইন, ২০১৯, ধারা ২৮] অভিযোগ তদন্ত, ইত্যাদি — (১) নিবন্ধিত কোনো ভেটেরিনারিয়ান বা প্যারাভেটের বিরুদ্ধে পেশাগত অসদাচরণের অভিযোগ পাওয়া গেলে কাউন্সিল সংশ্লিষ্
2. <other_1586_s15> [গুম প্রতিরোধ ও প্রতিকার অধ্যাদেশ, ২০২৫, ধারা ১৫] মিথ্যা মামলার বিরুদ্ধে ব্যবস্থা — এই আইনের অধীন কোনো অপরাধের বিচার সম্পন্ন হওয়ার পর রায় প্রদানকালে যদি ট্রাইব্যুনালের নিকট সন্তোষজনকভাবে প্রমা
3. <other_1131_s41> [বৈদেশিক কর্মসংস্থান ও অভিবাসী আইন, ২০১৩, ধারা ৪১] সরকারের নিকট অভিযোগ উত্থাপন — (১) এই আইনের অধীন মামলা দায়েরের অধিকারকে ক্ষুণ্ন না করিয়া, কোন ক্ষতিগ্রস্ত ব্যক্তি সরকারের নিকট রিক্রুটিং এজ
4. <other_912_s13> [বাংলাদেশ কর্মচারী কল্যাণ বোর্ড আইন, ২০০৪, ধারা ১৩] আঞ্চলিক কমিটির তহবিল — (১) প্রতিটি আঞ্চলিক কমিটির একটি নিজস্ব তহবিল থাকিবে এবং উহাতে বোর্ড কর্তৃক বরাদ্দকৃত অর্থ জমা হইবে।(২) বরাদ্দক
5. <other_1158_s26> [ফরমালিন নিয়ন্ত্রণ আইন, ২০১৫, ধারা ২৬] মিথ্যা বা হয়রানিমূলক মামলা দায়েরের দণ্ড — যদি কোন ব্যক্তি অপর কোন ব্যক্তির বিরুদ্ধে এই আইনের অধীন কোন অপরাধের বিষয়ে কোন মামলা দায়ের করেন এবং যদি তদন্ত
6. <other_882_s11> [এসিড নিয়ন্ত্রণ আইন, ২০০২, ধারা ১১] জেলা কমিটির তহবিল — (১) প্রতিটি জেলায় জেলা কমিটির একটি তহবিল থাকিবে এবং উহাতে5[সরকার] কর্তৃক বরাদ্দকৃত অর্থ, কোন ব্যক্তি বা সংস্থ
7. <family_938_s17> [গ্রাম আদালত আইন, ২০০৬, ধারা ১৭] পুলিশ কর্তৃক তদন্ত — এই আইনে যাহা কিছুই থাকুক না কেন, কোন মামলার বিষয়বস্তু তফসিলের প্রথম অংশে বর্ণিত অপরাধ সম্পর্কিত হওয়ার কারণে 
8. <other_834_s14> [আইনগত সহায়তা প্রদান আইন, ২০০০, ধারা ১৪] (১) প্রতিটি জেলা কমিটির একটি তহবিল থাকিবে এবং উহাতে বোর্ড কর্তৃক বরাদ্দকৃত অর্থ কোন ব্যক্তি বা সংস্থা কর্তৃক প
9. <other_834_s14ক> [আইনগত সহায়তা প্রদান আইন, ২০০০, ধারা ১৪ক] (১) প্রতিটি বিশেষ কমিটির একটি তহবিল থাকিবে এবং উহাতে বোর্ড কর্তৃক বরাদ্দকৃত অর্থ কোন ব্যক্তি বা সংস্থা কর্তৃক 
10. <other_1429_s313> [আয়কর আইন, ২০২৩, ধারা ৩১৩] যাচাই সাপেক্ষে প্রমাণিত মিথ্যা বিবৃতির দণ্ড — যদি কোনো ব্যক্তি এইরূপ কোনো হিসাব বা বিবৃতি প্রদান করেন যাহা মিথ্যা, এবং তিনি জানেন বা বিশ্বাস করেন যে, তাহা ম",unanswerable,none,unanswerable,3,
prot_0046_01,Iftiaq,,"প্রায় চার বছর সম্পর্কের পর আমি বিয়ে করি। বিয়ের শর্ত ছিল, যেহেতু আমার দুই ভাই বিদেশে অবস্থান করছেন, তাই আপাতত শুধু কাবিন হয়ে থাকুক। দুই বছর পর তাঁরা একসঙ্গে দেশে এলে আনুষ্ঠানিকভাবে স্ত্রীকে আমার বাড়িতে নিয়ে আসব। আমাদের মধ্যে পারিবারিকভাবেই বিয়ে হয় এবং ওপরে উল্লিখিত সিদ্ধান্ত হয়। আমিও নিয়মিত শ্বশুরবাড়িতে যাওয়া-আসা করি। কিন্তু আমার স্ত্রীকে এখন খুবই হতাশাগ্রস্ত মনে হয়। সে আমাকে সব সময় চাপ দেয় তাকে আমার বাড়িতে নিয়ে আসার জন্য। আমি তাকে বলি, যেহেতু আগামী মাসে দুই ভাই দেশে আসবেন, তাই একটু ধৈর্য ধারণ করো, অক্টোবর মাসেই তোমাকে আমার বাড়িতে নিয়ে আসব। কিন্তু সে মানতে নারাজ। এ অবস্থায় আমি কী করতে পারি?নাছিমব্রাহ্মণবাড়িয়া","1. <other_1717_s18ক_p1> [ব্যাংক রেজল্যুশন আইন, ২০২৬, ধারা ১৮ক] রেজল্যুশন কার্যক্রম হইতে শেয়ার, সম্পদ-দায়, পুনঃধারণ বা ধারণ — বা পক্ষ ক্ষতিগ্রস্থ হইলে তাহাদের প্রাপ্য ক্ষতিপূরণ প্রদান করিবে; ছ) বাংলাদেশ ব্যাংক, আবেদনকারীর নিকট হস্তান্তর
2. <other_1396_s6> [বাংলাদেশ সুপ্রীম কোর্টের বিচারক (ভ্রমণ ভাতা), ধারা ৬] দায়িত্ব বহির্ভূত ভ্রমণ — কোনো বিচারক ছুটিতে যাওয়া বা ছুটি হইতে ফিরিয়া আসা বা বাংলাদেশের বাহিরে অবকাশ যাপন করিয়া দায়িত্ব পুনঃগ্রহণের
3. <other_1403_s40> [মোংলা বন্দর কর্তৃপক্ষ আইন, ২০২২, ধারা ৪০] দণ্ড — কোনো ব্যক্তি যদি এই আইন ও বিধির কোনো বিধান লঙ্ঘন করেন তাহা হইলে উক্ত লঙ্ঘন হইবে একটি অপরাধ এবং তজ্জন্য তিনি অন
4. <criminal_procedure_765_s87> [রাজশাহী মহানগরী পুলিশ আইন, ১৯৯২, ধারা ৮৭] ইচ্ছাকৃতভাবে অনধিকার প্রবেশের দণ্ড — কোন ব্যক্তি সন্তোষজনক কারণ ছাড়া কোন বসত বাড়িতে বা উহার প্রাংগণে বা উহার সংলগ্ন জমিতে বা মাঠে অথবা সরকারী জমি
5. <other_898_s3> [ভ্রমণ কর আইন, ২০০৩, ধারা ৩] (১) বাংলাদেশের অভ্যন্তরে ভ্রমণ এবং বাংলাদেশ হইতে আকাশ, স্থল কিংবা জল পথে অন্য কোনো দেশে গমনের ক্ষেত্রে যাত্রী 
6. <other_1016_s11> [বাংলাদেশ ইউনিভার্সিটি অব প্রফেশনালস আইন, ২০০, ধারা ১১] ভাইস-চ্যান্সেলর নিয়োগ — (১) চ্যান্সেলর, তদকর্তৃক নির্ধারিত শর্তে, মেজর জেনারেল বা তদূর্ধ্ব পদবীর, চাকুরীরত বা অবসরপ্রাপ্ত, কোন কর্মকর্
7. <other_1487_s10> [অফশোর ব্যাংকিং আইন, ২০২৪, ধারা ১০] অফশোর ব্যাংকিং কার্যক্রম পরিচালনার জন্য প্রদত্ত লাইসেন্স ধারা ৯ এর অধীন বাতিল বা সমর্পণ কার্যকর হইবার ২ (দুই) 
8. <other_1426_s12> [1[নওগাঁ বিশ্ববিদ্যালয়] আইন, ২০২৩, ধারা ১২] উপউপাচার্যের নিয়োগ ও ক্ষমতা — (১) আচার্য, প্রয়োজনবোধে, তৎকর্তৃক নির্ধারিত শর্তে, ৪ (চার) বৎসর মেয়াদের জন্য ০২ (দুই) জন উপউপাচার্য নিয়োগ ক
9. <other_1425_s12> [1[মেহেরপুর বিশ্ববিদ্যালয়] আইন, ২০২৩, ধারা ১২] উপউপাচার্যের নিয়োগ ও ক্ষমতা — (১) আচার্য, প্রয়োজনবোধে, তৎকর্তৃক নির্ধারিত শর্তে, ৪ (চার) বৎসর মেয়াদের জন্য ০২ (দুই) জন উপউপাচার্যের পদে নি
10. <other_1707_s13> [ঢাকা সেন্ট্রাল ইউনিভার্সিটি আইন, ২০২৬, ধারা ১৩] উপ-উপাচার্য — (১) আচার্য, তদ্কর্তৃক নির্ধারিত শর্তে ৪ (চার) বৎসর মেয়াদের জন্য ২ (দুই) জন উপ-উপাচার্য নিয়োগ করিবেন: তবে শর্",unanswerable,none,unanswerable,3,
prot_0103_03,Iftiaq,VERIFY,আর তালাকের পর আমার সন্তানের ভরণপোষণ ও দেনমোহরের টাকা কি পাব আমি?,"1. <women_children_835_s13> [নারী ও শিশু নির্যাতন দমন আইন, ২০০০, ধারা ১৩] (১) অন্য কোন আইনে ভিন্নতর যাহা কিছুই থাকুক না কেন, ধর্ষণের কারণে কোন সন্তান জন্মলাভ করিলে-(ক) উক্ত সন্তানকে তা
2. <other_1132_s2> [পিতা-মাতার ভরণ-পোষণ আইন, ২০১৩, ধারা ২] সংজ্ঞা — বিষয় বা প্রসঙ্গের পরিপন্থী কোন কিছু না থাকিলে, এই আইনে—(ক) “পিতা” অর্থ এমন ব্যক্তি যিনি সন্তানের জনক;(খ) “ভরণ
3. <family_1444_s5> [পারিবারিক আদালত আইন, ২০২৩, ধারা ৫] পারিবারিক আদালতের এখতিয়ার — মুসলিম পারিবারিক আইনের বিধানাবলি সাপেক্ষে, পারিবারিক আদালতে নিম্নরূপ সকল বা যেকোনো বিষয় সম্পর্কিত বা উহা হইতে
4. <other_1429_s31> [আয়কর আইন, ২০২৩, ধারা ৩১] আয় একীভূতকরণ — (১) এই আইনে ভিন্নরূপ কিছু না থাকিলে, নিম্নবর্ণিত আয়সমূহ কোনো ব্যক্তির মোট আয়ের অন্তর্ভুক্ত হইবে, যথা:-(ক) উক
5. <consumer_927_s10> [ধূমপান ও তামাকজাত দ্রব্য ব্যবহার (নিয়ন্ত্রণ), ধারা ১০] (১) তামাকজাত দ্রব্যের প্যাকেট, মোড়ক, কার্টন বা কৌটার উভয় পার্শ্বে মূল প্রদর্শনী তল বা যে সকল প্যাকেটে দুইটি 
6. <other_1485_s10> [বাংলাদেশ পুলিশ কল্যাণ তহবিল আইন, ২০২৩, ধারা ১০] বিবাহের জন্য কল্যাণ অনুদান — বোর্ড মৃত, স্থায়ীভাবে অক্ষম, বিকলাঙ্গ বা অন্য কোনোভাবে চরম দুর্দশাগ্রস্ত কোনো কর্মচারীর সন্তানের বিবাহের জন্য
7. <other_1132_s5> [পিতা-মাতার ভরণ-পোষণ আইন, ২০১৩, ধারা ৫] পিতা-মাতার ভরণ-পোষণ না করিবার দণ্ড — (১) কোন সন্তান কর্তৃক ধারা ৩ এর যে কোন উপ-ধারার বিধান কিংবা ধারা ৪ এর বিধান লংঘন অপরাধ বলিয়া গণ্য হইবে এবং উক
8. <criminal_procedure_765_s105> [রাজশাহী মহানগরী পুলিশ আইন, ১৯৯২, ধারা ১০৫] কতিপয় মামলার নিষ্পত্তি — (১) ধারা ৫৮, ৫৯, ৬২, ৬৩, ৬৬, ৭১, ৭২, ৭৩, ৭৪, ৭৬, ৮০, ৮১, ৮২, ৮৩, ৮৫, ৮৬, ৮৯, ৯৫, ৯৬, ৯৭, ৯৯ বা ১০০ এর অধীন দণ্
9. <criminal_procedure_1013_s105> [বরিশাল মহানগরী পুলিশ আইন, ২০০৯, ধারা ১০৫] কতিপয় মামলার নিষ্পত্তি — (১) ধারা ৫৮, ৫৯, ৬২, ৬৩, ৬৬, ৭১,৭২, ৭৩, ৭৪, ৭৬, ৮০, ৮১, ৮২, ৮৩, ৮৫, ৮৬, ৮৯, ৯৫, ৯৬, ৯৭, ৯৯, বা ১০০ এর অধীন দণ্
10. <criminal_procedure_1012_s105> [সিলেট মহানগরী পুলিশ আইন, ২০০৯, ধারা ১০৫] কতিপয় মামলার নিষ্পত্তি — (১) ধারা ৫৮, ৫৯, ৬২, ৬৩, ৬৬, ৭১,৭২, ৭৩, ৭৪, ৭৬, ৮০, ৮১, ৮২, ৮৩, ৮৫, ৮৬, ৮৯, ৯৫, ৯৬, ৯৭, ৯৯, বা ১০০ এর অধীন দন্",3,candidate,answered,3,
lawy_0223_01,Iftiaq,VERIFY,মিথ্যা মামলাকারী বাদী ও সাক্ষীর বিরুদ্ধে কিভাবে মানহানি মামলা করবেন?,"1. <other_1271_s24> [সরকারি চাকরি আইন, ২০১৮, ধারা ২৪] আইনি সহায়তা — (১) কোনো কর্মচারীর বিরুদ্ধে, সরকারি দায়িত্ব পালনের সহিত সম্পর্কিত কোনো বিষয়ে তাহাকে ব্যক্তিগতভাবে দায়ী করিয
2. <land_1454_s21> [ভূমি অপরাধ প্রতিরোধ ও প্রতিকার আইন, ২০২৩, ধারা ২১] সাক্ষীর সুরক্ষা — ফৌজদারি আদালত সংক্ষুদ্ধ ব্যক্তির আবেদনের ভিত্তিত্তে বা স্থীয় বিবেচনায় বিচারাধীন মামলার বাদী বা কোনো সাক্ষীকে
3. <money_recovery_901_s18> [অর্থ ঋণ আদালত আইন, ২০০৩, ধারা ১৮] মামলা দায়ের ও শুনানী সম্পর্কিত বিশেষ বিধান — (১) কোন আর্থিক প্রতিষ্ঠানের কোন কর্মকর্তা বা কর্মচারী কর্তৃক আত্মসাত্কৃত কোন অর্থ ঋণ গণ্যে এই আইনের অধীন আদালত
4. <other_1586_s15> [গুম প্রতিরোধ ও প্রতিকার অধ্যাদেশ, ২০২৫, ধারা ১৫] মিথ্যা মামলার বিরুদ্ধে ব্যবস্থা — এই আইনের অধীন কোনো অপরাধের বিচার সম্পন্ন হওয়ার পর রায় প্রদানকালে যদি ট্রাইব্যুনালের নিকট সন্তোষজনকভাবে প্রমা
5. <other_1158_s26> [ফরমালিন নিয়ন্ত্রণ আইন, ২০১৫, ধারা ২৬] মিথ্যা বা হয়রানিমূলক মামলা দায়েরের দণ্ড — যদি কোন ব্যক্তি অপর কোন ব্যক্তির বিরুদ্ধে এই আইনের অধীন কোন অপরাধের বিষয়ে কোন মামলা দায়ের করেন এবং যদি তদন্ত
6. <other_888_s6> [আইন-শৃঙ্খলা বিঘ্নকারী অপরাধ (দ্রুত বিচার) আই, ধারা ৬] মিথ্যা মামলা, অভিযোগ দায়ের, ইত্যাদির শাস্তি — যদি কোন ব্যক্তি অন্য কোন ব্যক্তির ক্ষতিসাধনের অভিপ্রায়ে উক্ত ব্যক্তির বিরুদ্ধে আইন-শৃঙ্খলা বিঘ্নকারী অপরাধ সং
7. <other_1203_s44> [বাংলাদেশ জীববৈচিত্র্য আইন, ২০১৭, ধারা ৪৪] মিথ্যা বা হয়রানিমূলক মামলা দায়েরের দণ্ড — এই আইনের অধীন দায়েরকৃত কোন মামলায় আদালত শুনানী ও বিচারান্তে যদি কোন অভিযুক্ত ব্যক্তিকে খালাস প্রদান করে এবং 
8. <women_children_1256_s6> [যৌতুক নিরোধ আইন, ২০১৮, ধারা ৬] মিথ্যা মামলা দায়ের, ইত্যাদির দণ্ড — যদি কোনো ব্যক্তি অন্য কোনো ব্যক্তির ক্ষতিসাধনের অভিপ্রায়ে উক্ত ব্যক্তির বিরুদ্ধে এই আইনের অধীনে মামলা বা অভিয
9. <consumer_1010_s118> [ট্রেডমার্ক আইন, ২০০৯, ধারা ১১৮] অব্যাহতি, ইত্যাদি — (১) এই আইনে যাহা কিছুই থাকুক না কেন, বাংলাদেশে বসবাসকারী মালিকের কোন কর্মচারী মালিকের নির্দেশানুযায়ী সরল বিশ্
10. <other_1091_s13> [পর্নোগ্রাফি নিয়ন্ত্রণ আইন, ২০১২, ধারা ১৩] মিথ্যা মামলা, অভিযোগ দায়ের ইত্যাদির দণ্ড — (১) এই আইনের অধীন ক্ষমতাপ্রাপ্ত কোন ব্যক্তি, কর্মকর্তা বা কর্তৃপক্ষ কোন ব্যক্তির ক্ষতিসাধনের অভিপ্রায়ে এই আইন","criminal_procedure_11_s500, criminal_procedure_11_s211, criminal_procedure_11_s193",own_search,answered,3,
prot_0119_02,Iftiaq,VERIFY,আপনার নাম দেখে মনে হচ্ছে আপনি হিন্দু সম্প্রদায়ের। এ ক্ষেত্রে আপনার স্ত্রীর সঙ্গে বিবাহবিচ্ছেদ ঘটানো সম্ভব নয়। তবে আপনি পৃথক থাকতে পারেন। এ ক্ষেত্রে আপনার স্ত্রীর আইনিভাবে প্রাপ্য ভরণ-পোষণ দিয়ে যেতে হবে।বাবার তৃতীয় স্ত্রী কি সম্পত্তি পাবে?,"1. <other_1132_s5> [পিতা-মাতার ভরণ-পোষণ আইন, ২০১৩, ধারা ৫] পিতা-মাতার ভরণ-পোষণ না করিবার দণ্ড — (১) কোন সন্তান কর্তৃক ধারা ৩ এর যে কোন উপ-ধারার বিধান কিংবা ধারা ৪ এর বিধান লংঘন অপরাধ বলিয়া গণ্য হইবে এবং উক
2. <other_1132_s4> [পিতা-মাতার ভরণ-পোষণ আইন, ২০১৩, ধারা ৪] পিতা-মাতার অবর্তমানে দাদা-দাদী, নানা-নানীর ভরণ-পোষণ — প্রত্যেক সন্তান তাহার—(ক) পিতার অবর্তমানে দাদা-দাদীকে; এবং(খ) মাতার অবর্তমানে নানা-নানীকে—ধারা ৩ এ বর্ণিত ভরণ-
3. <other_1037_s57_p2> [বীমা আইন, ২০১০, ধারা ৫৭] বীমা পলিসি গ্রাহক কর্তৃক মনোনয়ন৷ — বলবৎ হইবার পূর্বে কোন ব্যক্তি তাহার নিজের বা তাহার স্ত্রীর বা সন্তানদের বা তাহাদের যে কোন এক জনের লাইফ ইন্স্যু
4. <other_788_s241> [কোম্পানী আইন, ১৯৯৪, ধারা ২৪১] আদালত কর্তৃক কোম্পানীর অবলুপ্তিযোগ্য পরিস্থিতি — আদালত কর্তৃক কোম্পানীর অবলুপ্তি ঘটানো যাইতে পারে, যদি -(ক) কোম্পানীটি বিশেষ সিদ্ধান্ত গ্রহণ করে যে, উহার অবলুপ
5. <labour_952_s7> [বাংলাদেশ শ্রম আইন, ২০০৬, ধারা ৭] সার্ভিস বইয়ের ফরম — (১) সার্ভিস বই বিধি দ্বারা নির্ধারিত মাপে ও ফরমে রৰিত হইবে, এবং উহাতে শ্রমিকের একটি ফটো সংযোজিত থাকিবে।(২) সার
6. <other_1045_s18> [চার্টার্ড সেক্রেটারীজ আইন, ২০১০, ধারা ১৮] রেজিস্টার — (১) সচিব, নিম্নবর্ণিত তথ্যাদি উল্লেখপূর্বক, নির্ধারিত পদ্ধতিতে, সদস্যগণের নাম রেজিস্টারে অন্তর্ভুক্ত ও সংরক্ষণ
7. <other_1088_s14> [মানিলন্ডারিং প্রতিরোধ আইন, ২০১২, ধারা ১৪] সম্পত্তির অবরুদ্ধকরণ (Freezing) বা ক্রোক (Attachment) আদেশ — 14[(১) তদন্তকারী সংস্থার লিখিত আবেদনের ভিত্তিতে আদালত বাংলাদেশে বা বাংলাদেশের বাহিরে অবস্থিত মানিলন্ডারিং অপরা
8. <other_1132_s3> [পিতা-মাতার ভরণ-পোষণ আইন, ২০১৩, ধারা ৩] পিতা-মাতার ভরণ-পোষণ — (১) প্রত্যেক সন্তানকে তাহার পিতা-মাতার ভরণ-পোষণ নিশ্চিত করিতে হইবে।(২) কোন পিতা-মাতার একাধিক সন্তান থাকিলে সেই
9. <other_1717_s57> [ব্যাংক রেজল্যুশন আইন, ২০২৬, ধারা ৫৭] ব্যাংক রেজল্যুশন ও অবসায়নে প্রাপ্য আদায়ের ক্ষমতা — (১) বাংলাদেশ ব্যাংক, উহার ব্যাংক পুনর্গঠন ও রেজল্যুশন তহবিল বা রেজল্যুশনের অধীন বা অবসায়নাধীন তফসিলি ব্যাংকের
10. <consumer_1010_s9> [ট্রেডমার্ক আইন, ২০০৯, ধারা ৯] রাসায়নিক উপাদানের নাম ব্যবহারের নিষেধাজ্ঞা — কোন রাসায়নিক পদার্থ বা উহা প্রস্তুতের ক্ষেত্রে, উহার ট্রেডমার্ক নিবন্ধনের জন্য সাধারণভাবে ব্যবহৃত বা গৃহীত এক",unanswerable,none,unanswerable,3,
prot_0121_01,Iftiaq,VERIFY,"তিনি বেঁচে থাকতে নানা আমার নানির সব জমি বিক্রি করে দেন। কিন্তু নানার ২০ বিঘার মতো জমি ঠিকই রেখে দেন।তিনি যখন বুঝতে পারলেন তাঁর মেয়েদের জমির অংশ দিলে ছেলেদের অংশ কমে যাচ্ছে, তখন নানা সব জমি তাঁর দুই ছেলের নামে লিখে দেন। এবং তাঁর সাত মেয়েকে সম্পত্তির অধিকার থেকে বঞ্চিত করেন। তাই আমি জানতে চাই, আমার নানার সম্পত্তিতে মায়ের অধিকার ফিরিয়ে আনার কোনো রাস্তা আছে কি?","1. <other_1158_s25> [ফরমালিন নিয়ন্ত্রণ আইন, ২০১৫, ধারা ২৫] অপরাধ সংঘটনে গৃহ বা যানবাহন, ইত্যাদি ব্যবহার করিতে দেওয়ার দণ্ড — কোন ব্যক্তি যদি জ্ঞাতসারে এই আইনের অধীন কোন অপরাধ সংঘটনের জন্য তাহার মালিকানাধীন বা দখলীয় কোন বাড়ি-ঘর, জায়গ
2. <other_882_s38> [এসিড নিয়ন্ত্রণ আইন, ২০০২, ধারা ৩৮] অপরাধ সংঘটনে গৃহ বা যানবাহন ইত্যাদি ব্যবহার করিতে দেওয়ার দণ্ড — কোন ব্যক্তি যদি সজ্ঞানে এই আইনের অধীন কোন অপরাধ সংঘটনের জন্য তাহার মালিকানাধীন বা দখলীয় কোন বাড়ী-ঘর, জায়গা-
3. <other_721_s6_p1> [বাংলাদেশ ঋণ সালিসি আইন, ১৯৮৯, ধারা ৬] কতিপয় জমির বিক্রয় খায়খালাসী বন্ধক ঘোষণা — যদি উপ-ধারা (২) এর অধীন নির্ধারিত সময়ের মধ্যে ক্রেতা জমি প্রত্যর্পণ না করেন বা করিতে ব্যর্থ হন, তাহা হইলে ধার
4. <other_857_s45> [বাংলাদেশ টেলিযোগাযোগ নিয়ন্ত্রণ আইন, ২০০১, ধারা ৪৫] লাইসেন্সধারীর প্রয়োজনে বাধ্যতামূলকভাবে বেসরকারী জমি অধিগ্রহণ — (১) লাইসেন্সের অধীন কাজকর্ম সম্পাদন বা পরিচালনার জন্য প্রয়োজনীয় কোন জমি ব্যবহারের ক্ষেত্রে লাইসেন্সধারী বাধা
5. <other_721_s8> [বাংলাদেশ ঋণ সালিসি আইন, ১৯৮৯, ধারা ৮] জমি প্রত্যর্পণের নির্দেশ কার্যকরকরণ — ক্রেতা বোর্ডের নির্দেশানুসারে জমির দখল প্রত্যর্পণ না করিলে বা করিতে ব্যর্থ হইলে, জমির দখল পাওয়ার জন্য বিক্রেত
6. <other_722_s15> [পার্বত্য জেলাসমূহ (আইন রহিত ও প্রয়োগ এবং বিশ, ধারা ১৫] বসতবাড়ীর জন্য গ্রামীণ জমি দখল — (১) কোন পাহাড়ী ব্যক্তি পৌর এলাকা-বহির্ভূত অনধিক ত্রিশ শতাংশ পর্যন্ত খাস জমি তাহার নিজ বসতবাড়ীর জন্য হেডম্যান
7. <other_1429_s133> [আয়কর আইন, ২০২৩, ধারা ১৩৩] প্রকাশ্য নিলামের বিক্রি হইতে কর সংগ্র — (১) কোনো ব্যক্তি কোনো নির্দিষ্ট মালিকের কোনো পণ্য বা সম্পত্তি সীলমোহরযুক্ত দরপত্রের মাধ্যমে প্রকাশ্য নিলামে বি
8. <other_724_s64> [রাংগামাটি পার্বত্য জেলা পরিষদ আইন, ১৯৮৯, ধারা ৬৪] (১) আপাততঃ বলবত্ অন্য কোন আইনে যাহা কিছুই থাকুক না কেন-(ক) রাংগামাটি পার্বত্য জেলার এলাকাধীন বন্দোবস্তযোগ্য খা
9. <other_726_s64> [বান্দরবান পার্বত্য জেলা পরিষদ আইন, ১৯৮৯, ধারা ৬৪] (১) আপাততঃ বলবত্ অন্য কোন আইনে যাহা কিছুই থাকুক না কেন-(ক) বান্দরবন পার্বত্য জেলার এলাকাধীন বন্দোবস্তযোগ্য খাস
10. <other_725_s64> [খাগড়াছড়ি পার্বত্য জেলা পরিষদ আইন, ১৯৮৯, ধারা ৬৪] (১) আপাততঃ বলবত্ অন্য কোন আইনে যাহা কিছুই থাকুক না কেন-(ক) খাগড়াছড়ি পার্বত্য জেলার এলাকাধীন বন্দোবস্তযোগ্য খ",other_36_s39,own_search,answered,3,
lawy_0464_01,Iftiaq,VERIFY,মালিকানা নির্ধারণের বিচার নিষ্পত্তিতে কি পূর্বের রেকর্ড ‘মৃত’ হতে পারে?,"1. <other_1429_s179> [আয়কর আইন, ২০২৩, ধারা ১৭৯] হিসাব, দলিলাদি ইত্যাদি উপস্থাপন — (১) উপকর কমিশনার লিখিত নোটিশের মাধ্যমে, ধারা ১৬৬, ১৭৫208[, ১৭৬ বা ২১২] এর অধীন যিনি রিটার্ন দাখিল করিয়াছেন বা
2. <other_1347_s10> [সামুদ্রিক মৎস্য (Marine Fisheries) আইন, ২০২০, ধারা ১০] লাইসেন্স হস্তান্তর নিষিদ্ধ, ইত্যাদি — লাইসেন্স হস্তান্তরযোগ্য বা বিক্রয়যোগ্য হইবে না :তবে শর্ত থাকে যে, ব্যক্তিমালিকানার ক্ষেত্রে লাইসেন্স গ্রহীতার
3. <consumer_1010_s92> [ট্রেডমার্ক আইন, ২০০৯, ধারা ৯২] মামলার কোন পক্ষের মৃত্যু — যদি এই আইনের অধীন কোন কার্যধারা বিচারাধীন থাকা অবস্থায় কোন পক্ষ মারা যান, তাহা হইলে নিবন্ধক সংশ্লিষ্ট কোন পক্
4. <other_829_s5> [ডিপজিটরি আইন, ১৯৯৯, ধারা ৫] ডিপজিটরি পদ্ধতি প্রবর্তন — (১) প্রত্যেক ডিপজিটরি উহার স্ব স্ব ডিপজিটরি পদ্ধতি প্রবর্তন ও পরিচালনা করিবে যাহাতে বা, ক্ষেত্রমত, যদ্বারা-(ক)
5. <other_1418_s15> [বাংলাদেশ সুপ্রীম কোর্টের বিচারক (ছুটি, পেনশন, ধারা ১৫] ধারা ১৩ এর আওতাবহির্ভূত বিচারকগণের পেনশন নির্ধারণ — কোনো বিচারক উক্ত পদে নিযুক্তির পূর্বে বাংলাদেশ জুডিসিয়াল সার্ভিসে কর্মরত থাকিলে এবং ধারা ১৩ তে উল্লিখিত শর্ত 
6. <other_1465_s11> [চিড়িয়াখানা আইন, ২০২৩, ধারা ১১] প্রাণিজসম্পদ সংরক্ষণ — (১) কিউরেটর চিড়িয়াখানায় প্রাণিজসম্পদ সংরক্ষণ ও ব্যবহার করিতে পারিবেন।(২) কিউরেটর মৃত প্রাণির ট্রফি প্রস্তুত
7. <other_1181_s92> [বাংলাদেশ কোস্ট গার্ড আইন, ২০১৬, ধারা ৯২] পূর্বের দণ্ড এবং সাধারণ চরিত্র সম্পর্কিত সাক্ষ্য — (১) অধিভুক্ত কোন ব্যক্তি কোন অপরাধে কোস্ট গার্ড আদালত কর্তৃক দোষী সাব্যস্ত হইলে, আদালত উক্ত ব্যক্তির পূর্বের ক
8. <other_1067_s93> [বর্ডার গার্ড বাংলাদেশ আইন, ২০১০, ধারা ৯৩] পূর্বের দণ্ড এবং সাধারণ চরিত্র সম্পর্কিত সাক্ষ্য — (১) অধিভুক্ত কোন ব্যক্তি কোন অপরাধে বর্ডার গার্ড আদালত কর্তৃক দোষী সাব্যস্ত হইলে, উক্ত বর্ডার গার্ড আদালত উক্ত
9. <labour_952_s155_p0> [বাংলাদেশ শ্রম আইন, ২০০৬, ধারা ১৫৫] ক্ষতিপূরণ বন্টন — (১) জখমের ফলে মৃত কোন শ্রমিক সম্পর্কে প্রদেয় কোন ৰতিপূরণ এবং আইনগত অৰমতার অধীন কোন ব্যক্তিকে ৰতিপূরণ বাবদ প্র
10. <other_1386_s18> [বাংলাদেশ জাতীয় আরকাইভস আইন, ২০২১, ধারা ১৮] জাতীয় আরকাইভস হইতে সাময়িকভাবে রেকর্ড স্থানান্তর — জাতীয় আরকাইভস হইতে কোনো সরকারি আরকাইভস অন্য কোথাও স্থানান্তর করা যাইবে না :তবে শর্ত থাকে যে, যদি কোনো সরকারি ",land_241_s144A,own_search,answered,3,
prot_0064_03,Iftiaq,VERIFY,"পারিবারিকভাবেই ২০০৭ সালে আমাদের বিয়ে হয়। তিন লাখ টাকায় কাবিন হয় এবং পাঁচ ভরি স্বর্ণ দেওয়ার শর্ত ছিল। কিন্তু বিয়ের কিছুদিন যাওয়ার পর আমার স্বামী, শাশুড়ি ও পাশের বাড়িতে বিয়ে দেওয়া আমার ননদের অত্যাচারে আমার জীবন অতিষ্ঠ হয়ে উঠল। স্বর্ণ না দিয়ে আমার বাবার কাছ থেকে ২৫ হাজার টাকা উল্টো ধার নিল, যা এখনো শোধ করেনি। আমার একটা মেয়েও আছে। কিন্তু সম্প্রতি আমার স্বামীর অত্যাচার সীমা ছাড়িয়ে গেছে। সামান্য কথায় সে আমাকে মারধর করে। আমার দেবরও আমার গায়ে হাত তুলেছে। আমার শাশুড়ি ও ননদ সর্বদা আমার স্বামীকে খ্যাপায় এবং মিথ্যা বলে আমার থেকে দূরে রাখে। তবু আমার স্বামী-সন্তানকে আমি ভালোবাসি। কিন্তু এখন মনে হচ্ছে এটা আর সম্ভব নয়। কারণ, আমার স্বামী কিছুদিন আগে আমাকে বেদম পেটায়। বলে, ‘তোকে শুধু মারব, কিন্তু তালাক দেব না। পারলে নিজে তালাক দিয়ে যা।’ মুসলিম আইনে আমি যদি তালাক দিই, তাহলে কি মোহরানা পাব? উল্লেখ্য, আমার স্বামীর পক্ষ স্বর্ণ দেবে বলে এক লাখ টাকা উসুল নিয়েছে কিন্তু স্বর্ণ দেয়নি। আমার মেয়ের বর্তমান বয়স চার বছরের কাছাকাছি। আমার বাবা-মা তো আমাকে অন্যত্র বিয়ে দেবেন বলছেন এবং আমার মেয়েকে তাঁরা কিছুতেই আনবেন না। এ ক্ষেত্রে মেয়ে রেখে এলে আমি কি কোনো আইনি জটিলতায় পড়ব? এ ছাড়া যদি স্বামীর ঘরে থেকেই যাই, তবে আমার ওপর অত্যাচারের প্রতি কী ধরনের আইনি সহায়তা পেতে পারি? জোবেদা খাতুনকুমিল্লা","1. <other_1266_s2_p2> [বাংলাদেশ মুক্তিযোদ্ধা কল্যাণ ট্রাস্ট আইন, ২০, ধারা ২] সংজ্ঞা — জামায়াতে ইসলামী এবং তাহাদের সহযোগী রাজাকার, আলবদর, আলশামস বাহিনীর বিরুদ্ধে গণপ্রজাতন্ত্রী বাংলাদেশের স্বাধীনত
2. <women_children_835_s11> [নারী ও শিশু নির্যাতন দমন আইন, ২০০০, ধারা ১১] যৌতুকের জন্য মৃত্যু ঘটানো, ইত্যাদির শাস্তি — যদি কোন নারীর স্বামী অথবা স্বামীর পিতা, মাতা, অভিভাবক, আত্মীয় বা স্বামীর পক্ষে অন্য কোন ব্যক্তি যৌতুকের জন্য 
3. <other_1725_s70> [অর্থ আইন, ২০২৬, ধারা ৭০] ২০২৩ সনের ১২ নং আইনে নূতন ধারা ১১২ক এর সন্নিবেশ। — উক্ত আইনের ধারা ১১২ এর পর নিম্নরূপ ধারা ১১২ক সন্নিবেশিত হইবে, যথা:- “১১২ক । স্বর্ণ, রৌপ্য, স্বর্ণালংকার, রৌপ্য
4. <other_764_s11_p7> [অর্থ আইন, ১৯৯২, ধারা ১১] ১৯৯১ সনের ২২ নং আইনের সংশোধন — যথা:-“S০২৫S০২৫.০০ওয়াসা:ব্যাখ্যা:“ওয়াসা” অর্থ Water Supply and Sewerage Authority Ordinance, 1963 (E.P. Ord. 
5. <other_1476_s171_p18> [কাস্টমস আইন, ২০২৩, ধারা ১৭১] অপরাধসমূহের জরিমানা বা দণ্ড — দণ্ডে দণ্ডনীয় হইবেন এবং সংশ্লিষ্ট পণ্য বাজেয়াপ্তযোগ্য হইবে।৪১।২৪৩যদি কোনো ব্যক্তি ধারা ২৪৩ এর বিধান অনুযায়ী
6. <other_1476_s247> [কাস্টমস আইন, ২০২৩, ধারা ২৪৭] স্বর্ণ, ইত্যাদির ব্যবসা নিয়ন্ত্রণ — সরকার, সরকারি গেজেটে প্রজ্ঞাপন দ্বারা, বাংলাদেশ সীমান্ত বা উপকূল- রেখা হইতে ২৪ (চব্বিশ) কিলোমিটারের মধ্যে স্বর
7. <other_751_s9> [ব্যাংক-কোম্পানী আইন, ১৯৯১, ধারা ৯] কতিপয় ব্যবসায় নিষিদ্ধ — ধারা ৭ এর অধীন অনুমোদিত ব্যবসা ব্যতীত, কোন ব্যাংক-কোম্পানী, উহাকে প্রদত্ত বা উহা কর্তৃক রক্ষিত জামানত আদায়ের 
8. <other_751_s5_p5> [ব্যাংক-কোম্পানী আইন, ১৯৯১, ধারা ৫] সংজ্ঞা — অন্য কোন পদ্ধতিতে প্রত্যাহারযোগ্য;(থ) “মেয়াদী দায়” অর্থ চাহিবামাত্র দায় ব্যতীত অন্যান্য আর্থিক দায়;28[ (থথ
9. <other_1725_s22> [অর্থ আইন, ২০২৬, ধারা ২২] ২০১২ সনের ৪৭ নং আইনের তৃতীয় তফসিল এর সংশোধন — উক্ত আইনের তৃতীয় তফসিলের- (১) টেবিল-১ (‘খণ্ড-খ’-মূসক আরোপযোগ্য সেবা) এর কলাম (১) এর শিরনামা সংখ্যা S০২৬ এবং উ
10. <other_1478_s22> [ফাইন্যান্স কোম্পানি আইন, ২০২৩, ধারা ২২] কতিপয় কার্যক্রমে বাধা-নিষেধ — কোনো ফাইন্যান্স কোম্পানি নিম্নবর্ণিত কার্যক্রম পরিচালনা করিতে পারিবে না, যথা:-(ক) স্বর্ণ বা বৈদেশিক মুদ্রার লে","2, family_305_s10",own_search,answered,3,
prot_0066_07,Iftiaq,VERIFY,"আমার দাদা মারা যাওয়ার সময় তাঁর তিন ছেলে ও তিন মেয়ে রেখে যান। আমার বড় চাচা মানসিক ভারসাম্যহীন এবং অবিবাহিত অবস্থায় মারা যান। বড় চাচা মারা যাওয়ার কয়েক বছর আগে আমার বাবা নিখোঁজ হন, ১৮-১৯ বছর পরও তাঁর খোঁজ পাইনি। আমার বাবার সংসারে মা, আমরা দুই ভাই ও এক বোন। আমার ছোট চাচার সংসারে চাচা, চাচি, চাচার দুই ছেলে ও তিন মেয়ে।বড় চাচা মারা যাওয়ার আগে আমার বাবা নিখোঁজ হওয়ার কারণে কিংবা খোঁজাখুঁজির পরও না পাওয়ায় তাঁকে মৃত বলে মনে করি। বড় চাচা মারা যাওয়ার আগে আমার বাবা (পরিবারের মেজ ছেলে) হারিয়ে যাওয়া কিংবা মারা যাওয়াতে আমরা বড় চাচার সম্পত্তি থেকে বঞ্চিত হব কি? যদি না হই, বড় চাচার সম্পত্তি আমাদের মধ্যে কীভাবে বণ্টন হবে? মঞ্জুর আলমচট্টগ্রাম","1. <land_1455_s10> [ভূমি সংস্কার আইন, ২০২৩, ধারা ১০] বর্গাদারের মৃত্যুর পর বর্গাভূমির চাষ — (১) কোনো বর্গাদার বর্গাচুক্তির মেয়াদ শেষ হইবার পূর্বে মারা গেলে, উহার মেয়াদ শেষ না হওয়া পর্যন্ত অথবা এই আইন
2. <other_1156_s25> [মেট্রোরেল আইন, ২০১৫, ধারা ২৫] ক্ষতিপূরণ প্রদান — মেট্রোরেল পরিচালনাকালে উহা হইতে উদ্ভূত দুর্ঘটনার ফলে যদি কোন ব্যক্তি আঘাতপ্রাপ্ত বা ক্ষতিগ্রস্ত হন বা আঘাতপ্রা
3. <other_1201_s27> [বাস র‍্যাপিড ট্রানজিট (বিআরটি) আইন, ২০১৬, ধারা ২৭] ক্ষতিপূরণ প্রদান — বিআরটি পরিচালনাকালে উহা হইতে উদ্ভূত দুর্ঘটনার ফলে যদি কোনো ব্যক্তি আঘাতপ্রাপ্ত বা ক্ষতিগ্রস্ত হন বা আঘাতপ্রাপ্
4. <consumer_1010_s92> [ট্রেডমার্ক আইন, ২০০৯, ধারা ৯২] মামলার কোন পক্ষের মৃত্যু — যদি এই আইনের অধীন কোন কার্যধারা বিচারাধীন থাকা অবস্থায় কোন পক্ষ মারা যান, তাহা হইলে নিবন্ধক সংশ্লিষ্ট কোন পক্
5. <other_822_s10> [পার্বত্য চট্টগ্রাম আঞ্চলিক পরিষদ আইন, ১৯৯৮, ধারা ১০] সম্পত্তি সম্পর্কিত ঘোষণা — চেয়ারম্যান ও প্রত্যেক সদস্য তাহার কার্যভার গ্রহণের পূর্বে তাহার এবং তাঁহার পরিবারের কোন সদস্যের স্বত্ব, দখল ব
6. <local_government_1027_s41> [স্থানীয় সরকার (ইউনিয়ন পরিষদ) আইন, ২০০৯, ধারা ৪১] সম্পত্তি সম্পর্কিত ঘোষণা — চেয়ারম্যান ও সদস্য তাঁহার কার্যভার গ্রহণের পূর্বে তাঁহার এবং তাঁহার পরিবারের কোন সদস্যের স্বত্ব, দখল বা স্বার
7. <local_government_827_s10> [উপজেলা পরিষদ আইন, ১৯৯৮, ধারা ১০] সম্পত্তি সম্পর্কিত ঘোষণা — 14[চেয়ারম্যান ও ভাইস চেয়ারম্যান ] তাঁহার কার্যভার গ্রহণের পূর্বে তাঁহার এবং তাঁহার পরিবারের কোন সদস্যের স্বত
8. <other_1375_s26> [শিশু দিবাযত্ন কেন্দ্র আইন, ২০২১, ধারা ২৬] কেন্দ্র হইতে শিশু নিখোঁজ বা হারাইয়া যাওয়ার দণ্ড — কোনো কেন্দ্র হইতে কোনো শিশু নিখোঁজ হইলে বা হারাইয়া গেলে উহা হইবে একটি অপরাধ, তজ্জন্য সংশ্লিষ্ট ব্যক্তি অনধিক 
9. <labour_952_s157> [বাংলাদেশ শ্রম আইন, ২০০৬, ধারা ১৫৭] নোটিশ ও দাবী — (১) কোন শ্রম আদালত ৰতিপূরণের কোন দাবী বিবেচনায় আনিবে না যদি না দুর্ঘটনা ঘটিবার পর যতশীঘ্র সম্ভব এতদ্নিম্নে বর
10. <labour_952_s49> [বাংলাদেশ শ্রম আইন, ২০০৬, ধারা ৪৯] 1 [***] মৃত্যুর ক্ষেত্রে প্রসূতি কল্যাণ সুবিধা প্রদান — (১) এই অধ্যায়ের অধীন প্রসূতি কল্যাণ সুবিধা পাওয়ার অধিকারী কোন মহিলা সন্ত্মান প্রসবকালে অথবা উহার পরবর্তী আট ",other_24_s108,own_search,answered,3,
prot_0036_05,Iftiaq,VERIFY,আমি চার বছর ধরে এক মেয়েকে ভালোবাসি। সেও আমাকে ভালোবাসে। একপর্যায়ে আমার পরিবার মেয়ের বাসায় বিয়ের প্রস্তাব নিয়ে যায়। কিন্তু তার পরিবার রাজি হয়নি। এখন আমরা বিয়ে করতে চাই। কিন্তু মেয়েটির বয়স ১৮ বছর হয়নি। জন্মনিবন্ধন অনুযায়ী তার বয়স ১৭ বছর আট মাস। আমি কি তার ১৮ বছর বয়স হলে বিয়ে করতে পারব। পরে মেয়েটির পরিবার আমাদের কোনো ক্ষতি করতে পারবে কি?রহমতদিনাজপুর,"1. <labour_1285_s24> [বাংলাদেশ ইপিজেড শ্রম আইন, ২০১৯, ধারা ২৪] চাকরি হইতে অবসর গ্রহণ — (১) এই অধ্যায়ের অন্যত্র যাহা কিছুই উল্লে­খ থাকুক না কেন, কোনো প্রতিষ্ঠানে নিয়োজিত কোনো শ্রমিকের বয়স ৬০ (ষাট
2. <other_1217_s19> [বাংলাদেশ সড়ক পরিবহণ কর্তৃপক্ষ আইন, ২০১৭, ধারা ১৯] বার্ষিক বাজেট বিবরণী — কর্তৃপক্ষ, প্রতি অর্থ বছর সরকার কর্তৃক নির্দিষ্ট সময়ের মধ্যে পরবর্তী অর্থবৎসরের বার্ষিক বাজেট প্রস্তুত করিয়া
3. <civil_registration_1030_s7> [জাতীয় পরিচয় নিবন্ধন আইন, ২০১০, ধারা ৭] জাতীয় পরিচয়পত্রের মেয়াদ ও 1 [নবায়ন] — (১) এই আইনের অধীন কোন নাগরিককে প্রদত্ত জাতীয় পরিচয়পত্রের মেয়াদ হইবে উহা প্রদানের তারিখ হইতে পনের বছর।3[(২) 
4. <other_1403_s40> [মোংলা বন্দর কর্তৃপক্ষ আইন, ২০২২, ধারা ৪০] দণ্ড — কোনো ব্যক্তি যদি এই আইন ও বিধির কোনো বিধান লঙ্ঘন করেন তাহা হইলে উক্ত লঙ্ঘন হইবে একটি অপরাধ এবং তজ্জন্য তিনি অন
5. <road_transport_1262_s84> [সড়ক পরিবহণ আইন, ২০১৮, ধারা ৮৪] কর্তৃপক্ষ কর্তৃক নির্ধারিত কোনো মোটরযানের কারিগরি বিনির্দেশ অমান্য সংক্রান্ত ধারা ৪০ এর বিধান লঙ্ঘনের দণ্ড — যদি কোনো ব্যক্তি ধারা ৪০ এর বিধান লঙ্ঘন করেন, তাহা হইলে উক্ত লঙ্ঘন হইবে একটি অপরাধ, এবং তজ্জন্য তিনি অনধিক ৩ (
6. <other_1487_s10> [অফশোর ব্যাংকিং আইন, ২০২৪, ধারা ১০] অফশোর ব্যাংকিং কার্যক্রম পরিচালনার জন্য প্রদত্ত লাইসেন্স ধারা ৯ এর অধীন বাতিল বা সমর্পণ কার্যকর হইবার ২ (দুই) 
7. <women_children_1119_s4> [শিশু আইন, ২০১৩, ধারা ৪] শিশু — বিদ্যমান অন্য কোন আইনে ভিন্নতর যাহা কিছুই থাকুক না কেন, এই আইনের উদ্দেশ্যপূরণকল্পে, অনুর্ধ্ব ১৮ (আঠার) বৎসর বয
8. <other_1717_s18ক_p2> [ব্যাংক রেজল্যুশন আইন, ২০২৬, ধারা ১৮ক] রেজল্যুশন কার্যক্রম হইতে শেয়ার, সম্পদ-দায়, পুনঃধারণ বা ধারণ — কার্যক্রম তদারকি করিবে এবং দুই বছর পর একটি বিশেষ কমিটি গঠনপূর্বক উল্লিখিত শর্ত এবং আইনী অন্যান্য বাধ্যবাধকতা প
9. <other_1064_s17> [আন্তজার্তিক মাতৃভাষা ইনস্টিটিউট  আইন, ২০১০, ধারা ১৭] প্রতিবেদন — (১) প্রতি পঞ্জিকা বছর শেষ হইবার সঙ্গে সঙ্গে ইনস্টিটিউট উক্ত বৎসরে সম্পাদিত কার্যাবলীর খতিয়ান-সম্বলিত বার্ষিক 
10. <other_1282_s18> [বাংলাদেশ মৎস্য গবেষণা ইনস্টিটিউট আইন, ২০১৮, ধারা ১৮] বার্ষিক প্রতিবেদন — (১) ইনস্টিটিউট প্রতি বছর তদকর্তৃক সম্পাদিত কার্যাবলীর বিবরণ সম্বলিত একটি বার্ষিক প্রতিবেদন, যথাশীঘ্র সম্ভব, সর","women_children_1207_s2, women_children_1207_s7",own_search,answered,3,
lawy_0322_01,Iftiaq,VERIFY,হিন্দু নারীর জীবন ও সম্পদে এতো বৈষম্য কেন?,"1. <other_910_s5> [ঢাকা প্রকৌশল ও প্রযুক্তি বিশ্ববিদ্যালয়, গাজী, ধারা ৫] জাতি-ধর্ম নির্বিশেষে সকলের জন্য বিশ্ববিদ্যালয় উন্মুক্ত — যে কোন জাতি, ধর্ম, বর্ণ, গোত্র এবং শ্রেণীর পুরুষ ও নারীর জন্য বিশ্ববিদ্যালয় উন্মুক্ত থাকিবে এবং ধর্ম, বর্ণ, গ
2. <other_936_s5> [কুমিল্লা বিশ্ববিদ্যালয় আইন, ২০০৬, ধারা ৫] জাতি-ধর্ম নির্বিশেষে সকলের জন্য বিশ্ববিদ্যালয় উন্মুক্ত — যে কোন ধর্ম, বর্ণ, গোত্র এবং শ্রেণীর পুরুষ ও নারীর জন্য বিশ্ববিদ্যালয় উন্মুক্ত থাকিবে এবং ধর্ম, বর্ণ, গোত্র, 
3. <other_937_s5> [জাতীয় কবি কাজী নজরুল ইসলাম বিশ্ববিদ্যালয় আইন, ধারা ৫] জাতি-ধর্ম নির্বিশেষে সকলের জন্য বিশ্ববিদ্যালয় উন্মুক্ত — যে কোন ধর্ম, বর্ণ, গোত্র এবং শ্রেণীর পুরুষ ও নারীর জন্য বিশ্ববিদ্যালয় উন্মুক্ত থাকিবে এবং ধর্ম, বর্ণ, গোত্র, 
4. <other_953_s5> [রংপুর কারমাইকেল বিশ্ববিদ্যালয় আইন, ২০০৬, ধারা ৫] জাতি-ধর্ম নির্বিশেষে সকলের জন্য বিশ্ববিদ্যালয় উন্মুক্ত — যে কোন ধর্ম, বর্ণ, গোত্র এবং শ্রেণীর পুরুষ ও নারীর জন্য বিশ্ববিদ্যালয় উন্মুক্ত থাকিবে এবং ধর্ম, বর্ণ, গোত্র, 
5. <other_908_s5> [রাজশাহী প্রকৌশল ও প্রযুক্তি বিশ্ববিদ্যালয় আই, ধারা ৫] জাতি-ধর্ম নির্বিশেষে সকলের জন্য বিশ্ববিদ্যালয় উন্মুক্ত — যে কোন জাতি, ধর্ম, বর্ণ, গোত্র এবং শ্রেণীর পুরুষ ও নারীর জন্য বিশ্ববিদ্যালয় উন্মুক্ত থাকিবে এবং ধর্ম, বর্ণ, গ
6. <other_946_s5> [চট্টগ্রাম ভেটেরিনারি ও এনিম্যাল সাইন্সেস বিশ, ধারা ৫] জাতি-ধর্ম নির্বিশেষে সকলের জন্য বিশ্ববিদ্যালয় উন্মুক্ত — যে কোন জাতি, ধর্ম, বর্ণ, গোত্র এবং শ্রেণীর পুরুষ ও নারীর জন্য বিশ্ববিদ্যালয় উন্মুক্ত থাকিবে এবং ধর্ম, বর্ণ, গ
7. <other_954_s5> [বরিশাল বিশ্ববিদ্যালয়  আইন, ২০০৬, ধারা ৫] জাতি-ধর্ম নির্বিশেষে সকলের জন্য বিশ্ববিদ্যালয় উন্মুক্ত — যে কোন ধর্ম, বর্ণ, গোত্র এবং শ্রেণীর পুরম্্নষ ও নারীর জন্য বিশ্ববিদ্যালয় উন্মুক্ত থাকিবে এবং ধর্ম, বর্ণ, গোত্
8. <other_909_s5> [খুলনা প্রকৌশল ও প্রযুক্তি বিশ্ববিদ্যালয় আইন,, ধারা ৫] জাতি-ধর্ম নির্বিশেষে সকলের জন্য বিশ্ববিদ্যালয় উন্মুক্ত — যে কোন জাতি, ধর্ম, বর্ণ, গোত্র এবং শ্রেণীর পুরুষ ও নারীর জন্য বিশ্ববিদ্যালয় উন্মুক্ত থাকিবে এবং ধর্ম, বর্ণ, গ
9. <other_907_s5> [চট্টগ্রাম প্রকৌশল ও প্রযুক্তি বিশ্ববিদ্যালয় , ধারা ৫] জাতি-ধর্ম নির্বিশেষে সকলের জন্য বিশ্ববিদ্যালয় উন্মুক্ত — যে কোন জাতি, ধর্ম, বর্ণ, গোত্র এবং শ্রেণীর পুরুষ ও নারীর জন্য বিশ্ববিদ্যালয় উন্মুক্ত থাকিবে এবং ধর্ম, বর্ণ, গ
10. <other_933_s5> [জগন্নাথ বিশ্ববিদ্যালয় আইন, ২০০৫, ধারা ৫] জাতি-ধর্ম নির্বিশেষে সকলের জন্য বিশ্ববিদ্যালয় উন্মুক্ত — যে কোন ধর্ম, বর্ণ, গোত্র এবং শ্রেণীর পুরুষ ও নারীর জন্য বিশ্ববিদ্যালয় উন্মুক্ত থাকিবে এবং ধর্ম, বর্ণ, গোত্র, ",unanswerable,none,unanswerable,3,
prot_0078_02,Iftiaq,VERIFY,"আমার বাবা একজন বাসচালক ছিলেন। আমার মায়ের সঙ্গে খুব সুন্দর সংসার চলছিল, কিন্তু এক বাস দুর্ঘটনায় আমার বাবার মস্তিষ্কে সমস্যা হয়। এরপর আমার মা আমাকে নিয়ে আমার নানার বাড়িতে চলে আসেন। তখন আমার বয়স ছয় মাস। আমার বাবা আমাকে ও আমার মাকে চিনতেন। কিন্তু কিছু সময় পর আবার আমাকে চিনতেন না। আমার কথা মনে পড়লে আমার নানা বাড়িতে আসতেন, আমাকে আদর করতেন। আমি যখন বুঝতে শিখি, তখন দেখি যে আমার বাবা আমার জন্য অনেক কিছু নিয়ে আসেন। এবং কিছুদিন পর আমার বাবা মারা যান। আমি এখন বড় হয়েছি, এসএসসি পাস করেছি। আমি আমার মাকে নিয়ে আমার দাদার বাড়ি যেতে চাই। কিন্তু পারি না। কারণ আমার মা আমাকে নিয়ে চলে এসেছেন আর আমার বাবা মারা গেছেন। ওখানে আমার কিছু নেই—বলেন আমার চাচারা। আমার মা দ্বিতীয় কোনো বিয়ে করেননি। আমাকে নিয়ে বেঁচে আছেন। দুই বছর হলো আমার বড় চাচা মারা গেছেন। তাঁর ছেলেমেয়ে ও বউ আছেন। ছোট চাচা বেঁচে আছেন, তাঁর সংসারও আছে। আমি আমার বাবার একমাত্র সন্তান। এখন আমার দাদার সম্পত্তি পাব কি না? আমার দাদা-দাদি মারা গেছেন।মো. রাসেলমানিকগঞ্জ","1. <labour_1285_s33> [বাংলাদেশ ইপিজেড শ্রম আইন, ২০১৯, ধারা ৩৩] মহিলা শ্রমিকের মৃত্যুর ক্ষেত্রে প্রসূতি কল্যাণ সুবিধা প্রদান — (১) এই অধ্যায়ের অধীন প্রসূতি কল্যাণ সুবিধা পাইবার অধিকারী কোনো মহিলা শ্রমিক সন্তান প্রসবকালে অথবা উহার পরবর্ত
2. <other_1124_s7> [মাতৃদুগ্ধ বিকল্প, শিশু খাদ্য, বাণিজ্যিকভাবে , ধারা ৭] শিক্ষামূলক বা অন্যান্য তথ্যাদি — জন্ম-পূর্ববর্তী বা জন্ম-পরবর্তী সেবা দানের উদ্দেশ্যে কোন গর্ভবতী মহিলা বা মাতৃদুগ্ধদানকারী বা শিশুর মায়েদের স
3. <labour_952_s49> [বাংলাদেশ শ্রম আইন, ২০০৬, ধারা ৪৯] 1 [***] মৃত্যুর ক্ষেত্রে প্রসূতি কল্যাণ সুবিধা প্রদান — (১) এই অধ্যায়ের অধীন প্রসূতি কল্যাণ সুবিধা পাওয়ার অধিকারী কোন মহিলা সন্ত্মান প্রসবকালে অথবা উহার পরবর্তী আট 
4. <other_1725_s21_p29> [অর্থ আইন, ২০২৬, ধারা ২১] ২০১২ সনের ৪৭ নং আইনের দ্বিতীয় তফসিলের সংশোধন — ডলার পর্যন্ত ৪৫ (ঘ) মূল্যসীমা ১০০০০০ মা. ডলার এর ঊর্ধ্ব হইতে ২০০০০০ মা. ডলার পর্যন্ত ৬০ (ঙ) মূল্যসীমা ২০০০০০ ম
5. <labour_952_s157> [বাংলাদেশ শ্রম আইন, ২০০৬, ধারা ১৫৭] নোটিশ ও দাবী — (১) কোন শ্রম আদালত ৰতিপূরণের কোন দাবী বিবেচনায় আনিবে না যদি না দুর্ঘটনা ঘটিবার পর যতশীঘ্র সম্ভব এতদ্নিম্নে বর
6. <land_1455_s10> [ভূমি সংস্কার আইন, ২০২৩, ধারা ১০] বর্গাদারের মৃত্যুর পর বর্গাভূমির চাষ — (১) কোনো বর্গাদার বর্গাচুক্তির মেয়াদ শেষ হইবার পূর্বে মারা গেলে, উহার মেয়াদ শেষ না হওয়া পর্যন্ত অথবা এই আইন
7. <other_1156_s25> [মেট্রোরেল আইন, ২০১৫, ধারা ২৫] ক্ষতিপূরণ প্রদান — মেট্রোরেল পরিচালনাকালে উহা হইতে উদ্ভূত দুর্ঘটনার ফলে যদি কোন ব্যক্তি আঘাতপ্রাপ্ত বা ক্ষতিগ্রস্ত হন বা আঘাতপ্রা
8. <other_1201_s27> [বাস র‍্যাপিড ট্রানজিট (বিআরটি) আইন, ২০১৬, ধারা ২৭] ক্ষতিপূরণ প্রদান — বিআরটি পরিচালনাকালে উহা হইতে উদ্ভূত দুর্ঘটনার ফলে যদি কোনো ব্যক্তি আঘাতপ্রাপ্ত বা ক্ষতিগ্রস্ত হন বা আঘাতপ্রাপ্
9. <labour_952_s150_p0> [বাংলাদেশ শ্রম আইন, ২০০৬, ধারা ১৫০] ক্ষতিপূরণ প্রদানের জন্য মালিকের দায়িত্ব — (১) চাকুরী চলাকালে উহা হইতে উদ্ভূত দুর্ঘটনার ফলে যদি কোন শ্রমিক শরীরে জখমপ্রাপ্ত হন তাহা হইলে মালিক তাহাকে এই 
10. <labour_1285_s73_p0> [বাংলাদেশ ইপিজেড শ্রম আইন, ২০১৯, ধারা ৭৩] ক্ষতিপূরণ প্রদানের জন্য মালিকের দায়িত্ব — (১) চাকরি চলাকালে উহা হইতে উদ্ভূত দুর্ঘটনার ফলে যদি কোনো শ্রমিক শরীরে জখমপ্রাপ্ত হন তাহা হইলে মালিক তাহাকে এই ",family_305_s4,own_search,answered,3,
prot_0036_06,Iftiaq,VERIFY,"আমি এখন স্নাতকোত্তর পর্যায়ে পড়ছি। উচ্চমাধ্যমিক পরীক্ষার কিছুদিন আগে একটি মেয়েকে বিয়ে করি। আমাদের বিয়েটা আমার বাবা-মা মেনে নিলেও মেয়ের বাবা-মা মেনে নেয়নি। তার সঙ্গে আমার বিবাহবিচ্ছেদ হয়। সবাই জানে আমাদের তালাক হয়ে গেছে। কিন্তু আমরা আলাদা থাকতে পারিনি। আমি তার কথামতো মাঝেমধ্যে তার বাসায় যেতাম। হঠাৎ একদিন মেয়েটি আমাকে তার বাসায় যেতে বলে। আমি তার বাসায় গেলে আশপাশের লোকজন জড়ো করে আমাকে আবার বিয়ে করতে বাধ্য করে। সে আমার বিশ্বাস ভেঙে দিয়েছে। এখন আমি তাকে কোনোভাবেই মেনে নিতে পারছি না। যার কারণে আমি মেয়েটিকে আবার কাজির মাধ্যমে তালাক দিয়েছি। মেয়ে আমাকে বিভিন্ন সময়ে ভয়ভীতি দেখায়। সে নাকি আমাকে ছাড়া অন্য কোথাও বিয়ে করবে না। এখন আমি যদি তার সঙ্গে সংসার না করতে চাই, তাহলে সে কোনো ব্যবস্থা নিতে পারবে?শান্তঢাকা","1. <labour_952_s157> [বাংলাদেশ শ্রম আইন, ২০০৬, ধারা ১৫৭] নোটিশ ও দাবী — (১) কোন শ্রম আদালত ৰতিপূরণের কোন দাবী বিবেচনায় আনিবে না যদি না দুর্ঘটনা ঘটিবার পর যতশীঘ্র সম্ভব এতদ্নিম্নে বর
2. <other_1725_s21_p29> [অর্থ আইন, ২০২৬, ধারা ২১] ২০১২ সনের ৪৭ নং আইনের দ্বিতীয় তফসিলের সংশোধন — ডলার পর্যন্ত ৪৫ (ঘ) মূল্যসীমা ১০০০০০ মা. ডলার এর ঊর্ধ্ব হইতে ২০০০০০ মা. ডলার পর্যন্ত ৬০ (ঙ) মূল্যসীমা ২০০০০০ ম
3. <other_1198_s5> [বাংলাদেশ ন্যাশনাল ক্যাডেট কোর আইন, ২০১৬, ধারা ৫] বাংলাদেশ ন্যাশনাল ক্যাডেট কোরের দায়িত্ব ও কর্তব্য — (১) বাংলাদেশ ন্যাশনাল ক্যাডেট কোরের প্রত্যেক তালিকাভুক্ত সদস্য এবং কর্মচারীর দায়িত্ব ও কর্তব্য হইবে নিম্নরূপ,
4. <labour_952_s117> [বাংলাদেশ শ্রম আইন, ২০০৬, ধারা ১১৭] মজুরীসহ বাৎসরিক ছুটি — (১) কোন প্রতিষ্ঠানে অবিচ্ছিন্নভাবে এক বৎসর চাকুরী পূর্ণ করিয়াছেন এমন প্রত্যেক প্রাপ্ত বয়স্ক শ্রমিককে পরবর্তী
5. <other_1707_s44> [ঢাকা সেন্ট্রাল ইউনিভার্সিটি আইন, ২০২৬, ধারা ৪৪] বিশ্ববিদ্যালয় পাঠ্যক্রমে ভর্তি — (১) এই আইন ও সংবিধির বিধানসাপেক্ষে, বিশ্ববিদ্যালয়ের স্নাতক ও স্নাতকোত্তর শিক্ষার্থী ভর্তি একাডেমিক কাউন্সিল ক
6. <other_833_s22> [পল্লী দারিদ্র বিমোচন ফাউন্ডেশন আইন, ১৯৯৯, ধারা ২২] ফাউন্ডেশনের পাওনা আদায় — ফাউন্ডেশনের সকল পাওনা বকেয়া ভূমি রাজস্ব হিসাবে আদায়যোগ্য হইবে:তবে শর্ত থাকে যে, ঋণগ্রহীতাকে বা অর্থ পরিশোধের
7. <other_955_s9> [সিলেট কৃষি বিশ্ববিদ্যালয় আইন, ২০০৬, ধারা ৯] চ্যান্সেলর — (১) গণপ্রজাতন্ত্রী1[বাংলাদেশের রাষ্ট্রপতি] বিশ্ববিদ্যালয়ের চ্যান্সেলর হইবেন।(২) চ্যান্সেলর একাডেমিক ডিগ্রী ও 
8. <other_925_s9> [পশুরোগ আইন, ২০০৫, ধারা ৯] পশু পরীক্ষা — (১) কোন ভেটেরিনারি কর্মকর্তার নিকট যদি এই মর্মে বিশ্বাস করিবার যুক্তিসঙ্গত কারণ থাকে যে, কোন পশু কোন রোগে আক্র
9. <other_751_s32> [ব্যাংক-কোম্পানী আইন, ১৯৯১, ধারা ৩২] নূতন ব্যবসা কেন্দ্র চালু বা বর্তমান ব্যবসা কেন্দ্র স্থানান্তরের উপর বাধা-নিষেধ — (১) বাংলাদেশ ব্যাংকের লিখিত পূর্ব অনুমোদন ব্যতিরেকে-(ক) কোন ব্যাংক-কোম্পানী বাংলাদেশের কোথাও কোন নূতন ব্যবসা ক
10. <other_896_s10> [দ্রুত বিচার ট্রাইব্যুনাল আইন, ২০০২, ধারা ১০] মামলা নিষ্পত্তির মেয়াদ — (১) দ্রুত বিচার ট্রাইব্যুনালে স্থানান্তরিত কোন মামলা স্থানান্তরের তারিখ হইতে নব্বই কার্য দিবসের মধ্যে নিষ্পত্ত",family_305_s7,own_search,answered,3,
lawy_0354_01,Iftiaq,VERIFY,১৬৪ ও ২২ ধারায় জবানবন্দির কপি আসামির পেতে বাঁধা কোথায়?,"1. <other_1725_s92> [অর্থ আইন, ২০২৬, ধারা ৯২] ২০২৩ সনের ১২ নং আইনের ধারা ১৬৪ এর বিলুপ্তি — উক্ত আইনের ধারা ১৬৪ বিলুপ্ত হইবে।
2. <other_1490_s55> [অর্থ আইন, ২০২৪, ধারা ৫৫] ২০২৩ সনের ১২ নং আইনের ধারা ১৬৪ এর সংশোধন — উক্ত আইনের ধারা ১৬৪—(ক) এর উপান্তটীকায় উল্লিখিত “অতিরিক্ত” শব্দটির পরিবর্তে “অধিক বা কম” শব্দগুলি প্রতিস্থাপি
3. <other_1076_s52> [অর্থ আইন, ২০১১, ধারা ৫২] Ordinance No. XXXVI of 1984 এর section 164 এর সংশোধন — উক্ত Ordinance এর section 164 এর-(ক) clause (c) এর পর নূতন clause (cc) সন্নিবেশিত হইবে, যথা:-””(cc) refuses to
4. <other_1725_s150> [অর্থ আইন, ২০২৬, ধারা ১৫০] ২০২৩ সনের ১২ নং আইনের ধারা ৩২৪ এর সংশোধন — উক্ত আইনের ধারা ৩২৪ এর প্রান্তস্থিত “।” চিহ্নের পরিবর্তে “:” চিহ্ন প্রতিস্থাপিত হইবে এবং অতঃপর নিম্নরূপ শর্তাং
5. <other_310_s166> [The Navy Ordinance, 1961, ধারা 166] Application of sections 164 and 165 to lunatics, etc. — The provisions of sections 164 and 165 shall, so far as they can be made applicable, apply in the case of a pe
6. <other_1246_s99_p4> [ক্যান্টনমেন্ট আইন, ২০১৮, ধারা ৯৯] উপদ্রব সৃষ্টির শাস্তি — গ্রহণ না করেন, তাহা হইলে তিনি অনধিক ১৫ (পনের) হাজার টাকা অর্থদণ্ডে দণ্ডিত হইবেন।(৬) যদি কোনো পশুকে ক্যান্টনমেন
7. <cybercrime_1710_s46> [সাইবার সুরক্ষা আইন, ২০২৬, ধারা ৪৬] অপরাধের আমলযোগ্যতা, জামিনযোগ্যতা ও আপোসযোগ্যতা ইত্যাদি — (১) এই আইনের ধারা ১৭, ধারা ১৮ এর উপ-ধারা (১) এর দফা (গ), ধারা ১৯, ২০, ২১, ২২, ২৩ ও ২৫ এ উল্লিখিত অপরাধসমূহ আমল
8. <consumer_1452_s92> [কপিরাইট আইন, ২০২৩, ধারা ৯২] পুস্তকের কপি, সাময়িকী বা সংবাদপত্রের কপি জাতীয় গ্রন্থাগারে জমাদান না করিবার জন্য দণ্ড — যদি কোনো প্রকাশক কোনো পুস্তক প্রকাশনার তারিখ হইতে ৬০(ষাট) দিনের মধ্যে অথবা কোনো সাময়িকী ও সংবাদপত্রের প্রকাশক
9. <other_1476_s165> [কাস্টমস আইন, ২০২৩, ধারা ১৬৫] উপকূলীয় নৌযানের বিদেশি বন্দর স্পর্শ করা সম্পর্কিত ঘোষণা — উপকূলীয় পণ্য বহনকারী নৌযান বাংলাদেশের কোনো বন্দরে পৌঁছাইবার অব্যবহিত পূর্বে কোনো বিদেশি বন্দর স্পর্শ করিয়া থ
10. <criminal_procedure_75_s533> [The Code of Criminal Procedure, 1898, ধারা 533] Non-compliance with provisions of section 164 or 364 — (1) If any Court, before which a confession or other statement of an accused person recorded or purporting to ","criminal_procedure_75_s164, women_children_835_s22",own_search,answered,3,
prot_0061_02,Iftiaq,VERIFY,আমার মাত্র একজন কন্যাসন্তান। আমার নিজের কোনো ভাইবোন নেই। আমার নিজ নামে কোনো সম্পত্তি থাকলে আমার অবর্তমানে সেই সম্পত্তির মালিক কে হবে? আমার চাচাতো ভাইবোনেরা কি সেই সম্পত্তির মালিক হবে? হেবা দলিল মানে কি উইল করা? অপ্রাপ্তবয়স্ক কারও নামে হেবা দলিল করা যায় কি? প্রয়োজনে হেবা বাতিল করা যায়?নাম প্রকাশে অনিচ্ছুক,"1. <land_1455_s5> [ভূমি সংস্কার আইন, ২০২৩, ধারা ৫] স্থাবর সম্পত্তির বেনামি লেনদেন — (১) কোনো ব্যক্তি নিজের উপকারার্থে কোনো স্থাবর সম্পত্তির বেনামি লেনদেন করিতে পারিবেন না।ব্যাখ্যা।-এই ধারায় ‘বে
2. <other_914_s21> [দুর্নীতি দমন কমিশন আইন, ২০০৪, ধারা ২১] গ্রেফতারের ক্ষমতা — এই আইনের অন্যান্য বিধানে যাহা কিছুই থাকুক না কেন, কমিশন হইতে এতদুদ্দেশ্যে ক্ষমতাপ্রাপ্ত কোন কর্মকর্তার বিশ্বাস
3. <land_1109_s12> [ওয়াক্‌ফ (সম্পত্তি হস্তান্তর ও উন্নয়ন) বিশেষ , ধারা ১২] অংশীদারিত্বের ভিত্তিতে উন্নয়নের জন্য হস্তান্তর — (১) কোন ওয়াক্ফ সম্পত্তি অংশীদারিত্বের ভিত্তিতে উন্নয়নের জন্য হস্তান্তর করা যাইবে।(২) এই আইনের অধীন ওয়াক্ফ স
4. <land_1454_s6> [ভূমি অপরাধ প্রতিরোধ ও প্রতিকার আইন, ২০২৩, ধারা ৬] ভূমি বিষয়ক প্রতারণা ও জালিয়াতি সংক্রান্ত অপরাধ রোধে ব্যবস্থা — (১) এই আইন বা আপাতত বলবৎ অন্য কোনো আইনের অধীন দায়েরকৃত মামলায় কোনো দলিল প্রতারণা বা জালিয়াতির মাধ্যমে সৃজিত
5. <labour_952_s138> [বাংলাদেশ শ্রম আইন, ২০০৬, ধারা ১৩৮] নিম্নতম মজুরী বোর্ড প্রতিষ্ঠা — (১) সরকার নিম্নতম মজুরী বোর্ড নামে একটি বোর্ড প্রতিষ্ঠা করিবে।(২) নিম্নতম মজুরী বোর্ড, অতঃপর এই অধ্যায়ে মজুরী
6. <other_788_s350> [কোম্পানী আইন, ১৯৯৪, ধারা ৩৫০] সময়সীমা অতিক্রমের পর দলিলপত্র ইত্যাদি দাখিলকরণ বা নিবন্ধন — যে সকল দলিল, রিটার্ণ, বিবরণী বা কোন তথ্য বা ঘটনা এই আইনের বিধান অনুসারে রেজিষ্ট্রারের নিকট নিবন্ধন, দাখিল, বা 
7. <other_914_s27> [দুর্নীতি দমন কমিশন আইন, ২০০৪, ধারা ২৭] জ্ঞাত আয়ের উৎস বহির্ভূত সম্পত্তির দখল — (১) কোন ব্যক্তি তাহার নিজ নামে, বা তাহার পক্ষে অন্য কোন ব্যক্তির নামে, এমন কোন স্থাবর বা অস্থাবর সম্পত্তির দখল
8. <other_713_s3> [অস্থাবর সম্পত্তি হুকুমদখল আইন, ১৯৮৮, ধারা ৩] অস্থাবর সম্পত্তি হুকুমদখল — (১) কোন অস্থাবর সম্পত্তি সরকারী কাজে বা জনস্বার্থে স্বল্পকালীন সময়ের জন্য আবশ্যক হইলে, ডেপুটি কমিশনার, লিখিত 
9. <other_1429_s133> [আয়কর আইন, ২০২৩, ধারা ১৩৩] প্রকাশ্য নিলামের বিক্রি হইতে কর সংগ্র — (১) কোনো ব্যক্তি কোনো নির্দিষ্ট মালিকের কোনো পণ্য বা সম্পত্তি সীলমোহরযুক্ত দরপত্রের মাধ্যমে প্রকাশ্য নিলামে বি
10. <other_1478_s45> [ফাইন্যান্স কোম্পানি আইন, ২০২৩, ধারা ৪৫] লাইসেন্সবিহীন অর্থায়ন ব্যবসায় জড়িত ব্যক্তির সম্পদের নিয়ন্ত্রণ — (১) ধারা ৪৪ এ যাহা কিছুই থাকুক না কেন, কোনো ব্যক্তি সম্পর্কে ধারা ৪৩ অনুযায়ী কোনো ঘোষণা প্রকাশিত হইলে উক্ত ব্","land_90_s78A, other_48_s122, other_48_s126",own_search,answered,3,
prot_0026_01,Iftiaq,VERIFY,"আমার বাবা সাবেক সরকারি চাকরিজীবী। সারাজীবন দেখেছি সংসারে অভাব, কারণ বাবা বৈষয়িক ছিলেন না। আমি নিজের চেষ্টায় পড়াশোনা করে চাকরি পাই। এখন বিদেশে গিয়ে ব্যবসা করতে চাইছি, কিন্তু বাবা আমাকে কোনো টাকা দেবেন না। আমি আমার স্ত্রী-সন্তান নিয়ে আলাদা হয়ে যেতে চাই। আইনত এখন কীভাবে বাবার কাছ থেকে সম্পত্তির ভাগ পাব? তিনি যদি আমাকে ত্যাজ্যপুত্র করেন, তাহলে আমি কীভাবে সম্পত্তি পেতে পারি? তৌহিদ বাপ্পি ঢাকা","1. <labour_1285_s34> [বাংলাদেশ ইপিজেড শ্রম আইন, ২০১৯, ধারা ৩৪] কতিপয় ক্ষেত্রে মহিলা শ্রমিকের চাকরির অবসানে বাধা — যদি কোনো মহিলা শ্রমিকের সন্তান প্রসবের পূর্ববর্তী ৬ (ছয়) মাস এবং সন্তান প্রসবের পরবর্তী ৮ (আট) সপ্তাহ মেয়াদে
2. <other_788_s335_p0> [কোম্পানী আইন, ১৯৯৪, ধারা ৩৩৫] দণ্ড — (১) যে কোন পদ্ধতিতে কোম্পানীর অবলুপ্তি চলিতে থাকাকালে কোম্পানীর সাবেক বা বর্তমান কোন পরিচালক, ম্যানেজিং এজেন্ট
3. <land_856_s9> [অর্পিত সম্পত্তি প্রত্যর্পণ আইন, ২০০১, ধারা ৯] 1 [প্রত্যর্পণযোগ্য ]সম্পত্তির তালিকা প্রকাশ — 21[ (১) অর্পিত সম্পত্তি প্রত্যর্পণ (সংশোধন) আইন, ২০১১ কার্যকর হইবার22[ ৩০০ (তিনশত)] দিনের মধ্যে সরকার এই ধারার
4. <other_1429_s21> [আয়কর আইন, ২০২৩, ধারা ২১] রিটার্নে অপ্রদর্শিত বিদেশস্থ সম্পত্তির উপর জরিমানা আরোপ — (১) যেইক্ষেত্রে কোনো নিবাসী বাংলাদেশি33[করদাতা বা জন্মসূত্রে বাংলাদেশী ছিলেন বা আছেন এইরূপ] করদাতার রিটার্নে প
5. <land_1455_s5> [ভূমি সংস্কার আইন, ২০২৩, ধারা ৫] স্থাবর সম্পত্তির বেনামি লেনদেন — (১) কোনো ব্যক্তি নিজের উপকারার্থে কোনো স্থাবর সম্পত্তির বেনামি লেনদেন করিতে পারিবেন না।ব্যাখ্যা।-এই ধারায় ‘বে
6. <land_1220_s26> [স্থাবর সম্পত্তি অধিগ্রহণ ও হুকুমদখল আইন, ২০১, ধারা ২৬] হুকুমদখল অবমুক্তকরণ — (১) কোনো হুকুমদখলকৃত স্থাবর সম্পত্তি হুকুমদখল মুক্ত করা হইলে জেলা প্রশাসক, যাহার নিকট হইতে উক্ত সম্পত্তি হুকুম
7. <other_1067_s36> [বর্ডার গার্ড বাংলাদেশ আইন, ২০১০, ধারা ৩৬] সম্পত্তি সংক্রান্ত প্রতারণামূলক অপরাধ — অধিভুক্ত কোন ব্যক্তি যদি-(ক) সরকারি বা বাহিনীর কোন সম্পত্তি বা অধিভুক্ত কোন ব্যক্তির বা শৃঙ্খলা বাহিনীর কোন সদ
8. <other_1181_s37> [বাংলাদেশ কোস্ট গার্ড আইন, ২০১৬, ধারা ৩৭] প্রতারণামূলক অপরাধ — ।- অধিভুক্ত কোন ব্যক্তি যদি -(ক) সরকারি বা বাহিনীর কোন সম্পত্তি বা অধিভুক্ত কোন ব্যক্তি বা শৃঙ্খলা বাহিনীর কোন
9. <other_1485_s9> [বাংলাদেশ পুলিশ কল্যাণ তহবিল আইন, ২০২৩, ধারা ৯] মৃত্যু এবং অক্ষমতাজনিত কারণে এককালীন এবং মাসিক কল্যাণ অনুদান — (১) কোনো কর্মচারী বা তাহার মৃত্যু হইলে তাহার স্ত্রী বা, ক্ষেত্রমত, স্বামী, বিধি দ্বারা নির্ধারিত পদ্ধতিতে, নিম
10. <land_1220_s9> [স্থাবর সম্পত্তি অধিগ্রহণ ও হুকুমদখল আইন, ২০১, ধারা ৯] ক্ষতিপূরণ নির্ধারণের ক্ষেত্রে বিবেচ্য বিষয়াবলি — (১) এই আইনের অধীনে অধিগ্রহণযোগ্য কোনো স্থাবর সম্পত্তির ক্ষতিপূরণের পরিমাণ নির্ধারণ করিবার সময় জেলা প্রশাসক নি",unanswerable,none,unanswerable,3,
prot_0122_02,Iftiaq,VERIFY,আপনার স্বামী আপনার ও আপনার মেয়েকে ভরণপোষণ না দিলে মুসলিম পারিবারিক আদালত অধ্যাদেশ অনুযায়ী পারিবারিক আদালতে প্রতিকার চাওয়ার সুযোগ আছে। পারিবারিক আদালতে আপনার ও মেয়ের ভরণপোষণ চেয়ে পারিবারিক আদালতে মোকদ্দমা করতে পারেন। প্রথমে বিষয়টি পারিবারিকভাবে নিষ্পত্তির চেষ্টা করতে পারেন। এতে কাজ না হলে পারিবারিক আদালতের আশ্রয় নিতে পারেন। বাবার প্রাপ্য কীভাবে পাব?,"1. <family_1444_s5> [পারিবারিক আদালত আইন, ২০২৩, ধারা ৫] পারিবারিক আদালতের এখতিয়ার — মুসলিম পারিবারিক আইনের বিধানাবলি সাপেক্ষে, পারিবারিক আদালতে নিম্নরূপ সকল বা যেকোনো বিষয় সম্পর্কিত বা উহা হইতে
2. <family_1444_s20> [পারিবারিক আদালত আইন, ২০২৩, ধারা ২০] মোকদ্দমা এবং আপিল স্থানান্তর ও স্থগিতকরণ — (১) হাইকোর্ট বিভাগ, কোনো পক্ষের আবেদনক্রমে বা স্বীয় উদ্যোগে, লিখিত আদেশ দ্বারা, দায়েরকৃত যেকোনো-(ক) মোকদ্দমা
3. <family_1444_s23> [পারিবারিক আদালত আইন, ২০২৩, ধারা ২৩] পারিবারিক আদালত বা পারিবারিক আপিল আদালত অবমাননা — (১) যদি কোনো ব্যক্তি আইনসংগত কারণ ব্যতিরেকে-(ক) পারিবারিক আদালত বা পারিবারিক আপিল আদালতের প্রতি অসম্মান প্রদর্
4. <family_1444_s22> [পারিবারিক আদালত আইন, ২০২৩, ধারা ২২] সমন জারির ক্ষমতা — (১) পারিবারিক আদালত বা পারিবারিক আপিল আদালত যেকোনো ব্যক্তিকে আদালতে হাজির হইতে এবং সাক্ষ্য প্রদানের জন্য অথবা 
5. <family_1444_s19> [পারিবারিক আদালত আইন, ২০২৩, ধারা ১৯] আপিল দায়ের ও নিষ্পত্তি — (১) পারিবারিক আদালতের রায়, ডিক্রি বা আদেশের বিরুদ্ধে পারিবারিক আপিল আদালতে আপিল দায়ের করা যাইবে:তবে শর্ত থাক
6. <family_1444_s26> [পারিবারিক আদালত আইন, ২০২৩, ধারা ২৬] মুসলিম পারিবারিক আইনের বিধানকে প্রভাবিত না করা — (১) এই আইনের কোনো কিছুই মুসলিম পরিবারিক আইন অথবা তদধীন প্রণীত বিধিমালার কোনো বিধানকে প্রভাবিত করিবে না।(২) যেক
7. <family_1444_s21> [পারিবারিক আদালত আইন, ২০২৩, ধারা ২১] পারিবারিক আদালত বা পারিবারিক আপিল আদালত কর্তৃক অন্তর্বর্তী আদেশ প্রদান — যদি মোকদ্দমা বা আপিলের যেকোনো পর্যায়ে, পারিবারিক আদালত বা পারিবারিক আপিল আদালত হলফনামা বা অন্য কিছু দ্বারা এই
8. <family_1444_s16> [পারিবারিক আদালত আইন, ২০২৩, ধারা ১৬] রায় লিখন — (১) পারিবারিক আদালতের প্রত্যেকটি রায় বা আদেশ মোকদ্দমা পরিচালনাকারী বিচারক কর্তৃক বা তৎকর্তৃক প্রদত্ত নির্দেশন
9. <family_1444_s27> [পারিবারিক আদালত আইন, ২০২৩, ধারা ২৭] Guardians and Wards Act, 1890 এর উদ্দেশ্য পূরণকল্পে পারিবারিক আদালতকে জেলা আদালতরূপে গণ্যকরণ — (১) পারিবারিক আদালত,Guardians and Wards Act, 1890(Act No. VIII of 1890) এর উদ্দেশ্য পূরণকল্পে, District Court 
10. <family_1444_s28> [পারিবারিক আদালত আইন, ২০২৩, ধারা ২৮] কতিপয় আইনের বিধানাবলির প্রযোজ্যতা ও অপ্রযোজ্যতা — (১) এই আইন বা তদধীন প্রণীত কোনো বিধিতে ভিন্নরূপ কিছু উল্লেখ না থাকিলে,Evidence Act, 1872(Act No.1 of 1872) এবং",1,candidate,answered,3,
prot_0041_01,Iftiaq,VERIFY,আমি একজন মেয়েকে ভালোবাসি কিন্তু আমাদের দুজনের ধর্ম ভিন্ন। আমি চাই যার যার ধর্ম বজায় রেখে বিয়ে করতে। কি এ ধরনের কোনো আইন আছে? সুনিপুণ কর,"1. <other_865_s5> [হাজী মোহাম্মদ দানেশ বিজ্ঞান ও প্রযুক্তি বিশ্, ধারা ৫] জাতি-ধর্ম-ধর্ম নির্বিশেষে সকলের জন্য বিশ্ববিদ্যালয় উন্মুক্ত — যে কোন জাতি, ধর্ম, বর্ণ, গোত্র এবং শ্রেণীর পুরুষ ও নারীর জন্য বিশ্ববিদ্যালয় উন্মুক্ত থাকিবে।
2. <other_909_s5> [খুলনা প্রকৌশল ও প্রযুক্তি বিশ্ববিদ্যালয় আইন,, ধারা ৫] জাতি-ধর্ম নির্বিশেষে সকলের জন্য বিশ্ববিদ্যালয় উন্মুক্ত — যে কোন জাতি, ধর্ম, বর্ণ, গোত্র এবং শ্রেণীর পুরুষ ও নারীর জন্য বিশ্ববিদ্যালয় উন্মুক্ত থাকিবে এবং ধর্ম, বর্ণ, গ
3. <other_953_s5> [রংপুর কারমাইকেল বিশ্ববিদ্যালয় আইন, ২০০৬, ধারা ৫] জাতি-ধর্ম নির্বিশেষে সকলের জন্য বিশ্ববিদ্যালয় উন্মুক্ত — যে কোন ধর্ম, বর্ণ, গোত্র এবং শ্রেণীর পুরুষ ও নারীর জন্য বিশ্ববিদ্যালয় উন্মুক্ত থাকিবে এবং ধর্ম, বর্ণ, গোত্র, 
4. <other_954_s5> [বরিশাল বিশ্ববিদ্যালয়  আইন, ২০০৬, ধারা ৫] জাতি-ধর্ম নির্বিশেষে সকলের জন্য বিশ্ববিদ্যালয় উন্মুক্ত — যে কোন ধর্ম, বর্ণ, গোত্র এবং শ্রেণীর পুরম্্নষ ও নারীর জন্য বিশ্ববিদ্যালয় উন্মুক্ত থাকিবে এবং ধর্ম, বর্ণ, গোত্
5. <other_907_s5> [চট্টগ্রাম প্রকৌশল ও প্রযুক্তি বিশ্ববিদ্যালয় , ধারা ৫] জাতি-ধর্ম নির্বিশেষে সকলের জন্য বিশ্ববিদ্যালয় উন্মুক্ত — যে কোন জাতি, ধর্ম, বর্ণ, গোত্র এবং শ্রেণীর পুরুষ ও নারীর জন্য বিশ্ববিদ্যালয় উন্মুক্ত থাকিবে এবং ধর্ম, বর্ণ, গ
6. <other_936_s5> [কুমিল্লা বিশ্ববিদ্যালয় আইন, ২০০৬, ধারা ৫] জাতি-ধর্ম নির্বিশেষে সকলের জন্য বিশ্ববিদ্যালয় উন্মুক্ত — যে কোন ধর্ম, বর্ণ, গোত্র এবং শ্রেণীর পুরুষ ও নারীর জন্য বিশ্ববিদ্যালয় উন্মুক্ত থাকিবে এবং ধর্ম, বর্ণ, গোত্র, 
7. <other_908_s5> [রাজশাহী প্রকৌশল ও প্রযুক্তি বিশ্ববিদ্যালয় আই, ধারা ৫] জাতি-ধর্ম নির্বিশেষে সকলের জন্য বিশ্ববিদ্যালয় উন্মুক্ত — যে কোন জাতি, ধর্ম, বর্ণ, গোত্র এবং শ্রেণীর পুরুষ ও নারীর জন্য বিশ্ববিদ্যালয় উন্মুক্ত থাকিবে এবং ধর্ম, বর্ণ, গ
8. <other_946_s5> [চট্টগ্রাম ভেটেরিনারি ও এনিম্যাল সাইন্সেস বিশ, ধারা ৫] জাতি-ধর্ম নির্বিশেষে সকলের জন্য বিশ্ববিদ্যালয় উন্মুক্ত — যে কোন জাতি, ধর্ম, বর্ণ, গোত্র এবং শ্রেণীর পুরুষ ও নারীর জন্য বিশ্ববিদ্যালয় উন্মুক্ত থাকিবে এবং ধর্ম, বর্ণ, গ
9. <other_937_s5> [জাতীয় কবি কাজী নজরুল ইসলাম বিশ্ববিদ্যালয় আইন, ধারা ৫] জাতি-ধর্ম নির্বিশেষে সকলের জন্য বিশ্ববিদ্যালয় উন্মুক্ত — যে কোন ধর্ম, বর্ণ, গোত্র এবং শ্রেণীর পুরুষ ও নারীর জন্য বিশ্ববিদ্যালয় উন্মুক্ত থাকিবে এবং ধর্ম, বর্ণ, গোত্র, 
10. <other_910_s5> [ঢাকা প্রকৌশল ও প্রযুক্তি বিশ্ববিদ্যালয়, গাজী, ধারা ৫] জাতি-ধর্ম নির্বিশেষে সকলের জন্য বিশ্ববিদ্যালয় উন্মুক্ত — যে কোন জাতি, ধর্ম, বর্ণ, গোত্র এবং শ্রেণীর পুরুষ ও নারীর জন্য বিশ্ববিদ্যালয় উন্মুক্ত থাকিবে এবং ধর্ম, বর্ণ, গ",other_25_s2,own_search,answered,3,
prot_0084_01,Iftiaq,VERIFY,"আমি স্নাতক (সম্মান) শ্রেণীতে অধ্যয়নরত। গত সংসদ নির্বাচনের সময় আমি খুলনা সিটি করপোরেশন থেকে ভোটার হই। কিন্তু নিবন্ধনের সময় ‘জন্মতারিখ’ সম্পর্কিত তথ্যটি দিতে আমি ভুল করি। পরে আমি জানতে পারি, আমার শিক্ষাগত যোগ্যতার সনদপত্রের সঙ্গে জাতীয় পরিচয়পত্রের জন্মতারিখে অমিল থেকে গেছে। এ ভুলের জন্য আমাকে কী সমস্যার সম্মুখীন হতে হবে?","1. <other_1580_s7> [গণভোট অধ্যাদেশ, ২০২৫, ধারা ৭] ভোটার ও ভোটার তালিকা — (১) ত্রয়োদশ জাতীয় সংসদ নির্বাচনের জন্য প্রস্তুতকৃত ভোটার তালিকা হইবে গণভোটের ভোটার তালিকা। (২) ত্রয়োদশ জাতী
2. <other_1580_s8> [গণভোট অধ্যাদেশ, ২০২৫, ধারা ৮] গণভোট গ্রহণের সময় — ত্রয়োদশ জাতীয় সংসদ নির্বাচনের ভোট গ্রহণের সময় হইবে গণভোটের ভোট গ্রহণের সময়।
3. <other_1580_s11> [গণভোট অধ্যাদেশ, ২০২৫, ধারা ১১] ভোটদান পদ্ধতি — (১) এই অধ্যাদেশে বর্ণিত বিষয় ব্যতীত ভোট প্রদানের অন্যান্য পদ্ধতির বিষয়ে ত্রয়োদশ জাতীয় সংসদ নির্বাচনের জন্য
4. <other_1429_s131> [আয়কর আইন, ২০২৩, ধারা ১৩১] ট্রেড লাইসেন্স 1 [***] নবায়নের সময় কর সংগ্রহ — 151[ট্রেড] লাইসেন্স নবায়নের জন্য দায়িত্বপ্রাপ্ত কোনো ব্যক্তি প্রতিটি152[ট্রেড] লাইসেন্স নবায়নের জন্য নিম্নব
5. <other_922_s5> [জাতীয় সংসদ (সংরক্ষিত মহিলা আসন) নির্বাচন আইন, ধারা ৫] ভোটার ও ভোটার তালিকা প্রস্তুত — (১) সংসদের সাধারণ আসনে নির্বাচিত সংসদ-সদস্য হিসাবে শপথ গ্রহণকারী সকল ব্যক্তি সংসদের সংরক্ষিত মহিলা আসনের নির্ব
6. <civil_registration_1030_s7> [জাতীয় পরিচয় নিবন্ধন আইন, ২০১০, ধারা ৭] জাতীয় পরিচয়পত্রের মেয়াদ ও 1 [নবায়ন] — (১) এই আইনের অধীন কোন নাগরিককে প্রদত্ত জাতীয় পরিচয়পত্রের মেয়াদ হইবে উহা প্রদানের তারিখ হইতে পনের বছর।3[(২) 
7. <other_788_s171> [কোম্পানী আইন, ১৯৯৪, ধারা ১৭১] বন্ধকের নিবন্ধন-বহি সংশোধনী — (১) আদালত যদি এই মর্মে সন্তুষ্ট হয় যে,-(ক) ধারা ১৫৯-এ উল্লিখিত সময়সীমার মধ্যে বন্ধক বা চার্জ নিবন্ধন না করান
8. <constitutional_957_s124> [গণপ্রজাতন্ত্রী বাংলাদেশের সংবিধান, অনুচ্ছেদ ১২৪] এই সংবিধানের বিধানাবলী-সাপেক্ষে সংসদ আইনের দ্বারা নির্বাচনী এলাকার সীমা নির্ধারণ, ভোটার-তালিকা প্রস্তুতকরণ, নি
9. <other_1580_s10> [গণভোট অধ্যাদেশ, ২০২৫, ধারা ১০] গোপন ব্যালটের মাধ্যমে গণভোট গ্রহণ — (১) গোপন ব্যালটের মাধ্যমে গণভোট অনুষ্ঠিত হইবে এবং ৩ ধারায় উল্লেখিত প্রশ্নটিতে জনমত যাচাইয়ের উদ্দেশ্যে কমিশন 
10. <other_1005_s5> [ভোটার তালিকা আইন, ২০০৯, ধারা ৫] ভোটার তালিকা প্রণয়ন — (১) বিভিন্ন নির্বাচিত সংস্থার নির্বাচনের জন্য কম্পিউটারভিত্তিক ডাটাবেজ সহযোগে ভোটারগণের নিবন্ধনের পর ছবিসহ ভোট",civil_registration_1030_s8,own_search,answered,3,
lawy_0409_01,Iftiaq,VERIFY,নারী ও শিশু নির্যাতন দমন আইনে কিভাবে জামিন নিবেন,"1. <women_children_835_s35> [নারী ও শিশু নির্যাতন দমন আইন, ২০০০, ধারা ৩৫] (১) এই আইনে যাহা কিছু থাকুক না কেন,নারী ও শিশু নির্যাতন দমন (সংশোধন) অধ্যাদেশ, ২০২৫বলবৎ হওয়ার তারিখ হইতে ধারা
2. <women_children_1119_s16> [শিশু আইন, ২০১৩, ধারা ১৬] (১) আইনের সহিত সংঘাত জড়িত শিশু কর্তৃক সংঘটিত যে কোনো অপরাধের বিচার করিবার জন্য, প্রত্যেক জেলা সদরে শিশু-আদালত
3. <women_children_835_s26> [নারী ও শিশু নির্যাতন দমন আইন, ২০০০, ধারা ২৬] নারী ও শিশু নির্যাতন দমন ট্রাইব্যুনাল — (১) এই আইনের অধীন অপরাধ বিচারের জন্য প্রত্যেক জেলা সদরে একটি করিয়া ট্রাইব্যুনাল থাকিবে এবং প্রয়োজনে সরকার উক
4. <other_896_s3> [দ্রুত বিচার ট্রাইব্যুনাল আইন, ২০০২, ধারা ৩] সংজ্ঞা — বিষয় বা প্রসংগের পরিপন্থী কোন কিছু না থাকিলে, এই আইনে,-(ক) “আদালত” অর্থ দায়রা আদালত, বিশেষ আদালত ও ম্যাজিষ্ট
5. <women_children_835_s1> [নারী ও শিশু নির্যাতন দমন আইন, ২০০০, ধারা ১] সংক্ষিপ্ত শিরোনামা — এই আইননারী ও শিশু নির্যাতন দমন আইন, ২০০০নামে অভিহিত হইবে।
6. <women_children_835_s26ক> [নারী ও শিশু নির্যাতন দমন আইন, ২০০০, ধারা ২৬ক] (১) ধারা ২৬ এর উপ-ধারা (১) এর বিধান সত্ত্বেও সরকার এই আইনের অধীন শিশু ধর্ষণ সংক্রান্ত অপরাধ বিচারের নিমিত্ত প্
7. <women_children_835_s34> [নারী ও শিশু নির্যাতন দমন আইন, ২০০০, ধারা ৩৪] ১৯৯৫ সনের ১৮ নং আইনের রহিতকরণ ও হেফাজত — (১) নারী ও শিশু নির্যাতন (বিশেষ বিধান) আইন, ১৯৯৫ (১৯৯৫ সনের ১৮ নং আইন), অতঃপর উক্ত আইন বলিয়া উল্লিখিত, এতদ্বা
8. <other_1684_s36> [মানব পাচার ও অভিবাসী চোরাচালান প্রতিরোধ ও দম, ধারা ৩৬] মানব পাচার ও অভিবাসী চোরাচালান অপরাধ দমন ট্রাইব্যুনাল গঠন — (১) এই আইনের অধীন অপরাধসমূহের দ্রুত বিচারের উদ্দেশ্যে সরকার, সরকারি গেজেটে প্রজ্ঞাপন দ্বারা, জেলা ও দায়রা জজ 
9. <other_1078_s24> [ভবঘুরে ও নিরাশ্রয় ব্যক্তি (পুনর্বাসন) আইন, ২, ধারা ২৪] মানুষকে ভিক্ষাবৃত্তিতে নিয়োজিত করার ক্ষেত্রে কতিপয় আইনের প্রয়োগ — অন্য কোন ব্যক্তি দ্বারা প্রভাবিত বা প্ররোচিত হইয়া ভিক্ষাবৃত্তি কাজে নিয়োজিত এমন কোন ভবঘুরেকে এই আইনের অধীন আ
10. <women_children_835_s7> [নারী ও শিশু নির্যাতন দমন আইন, ২০০০, ধারা ৭] নারী ও শিশু অপহরণের শাস্তি — যদি কোন ব্যক্তি10[মানব পাচার প্রতিরোধ ও দমন আইন, ২০১২(২০১২ সনের ৩ নং আইন) এর ধারা ৩ ও ৬ এ উল্লিখিত] কোন অপরাধ ",women_children_835_s19,own_search,answered,3,
ajke_0197_01,Iftiaq,VERIFY,প্রশ্ন: আমার বয়স ৩২ বছর। ২৫ বছর বয়সে নিজের পছন্দে বিয়ে করি। আমাদের পাঁচ বছর বয়সী একটি পুত্রসন্তান আছে। বিয়ের পর বাবার খরচে এমবিএ করি। স্বামী চাননি চাকরি করি। সে জন্য এখন আমি গৃহিণী। প্রথমে মন খারাপ হলেও এখন সে জীবনে অভ্যস্ত হয়ে উঠেছি। কিছুদিন ধরে স্বামীর সঙ্গে অকারণেই সম্পর্কের অবনতি হচ্ছে। সে সংসারের প্রতি পুরোপুরি উদাসীন। সংসার খরচ এবং সন্তানের পড়াশোনার খরচ ঠিকমতো দেয় না বলে বাসাভাড়া ও স্কুলের বকেয়া বেড়েই চলেছে। বাবার বাড়ি থেকে অর্থ সাহায্য নিয়ে কোনোমতে চলছি। সে আমার বা তার মা-বাবা কারও কথাই মানছে না। এখন তার সংসার করাটা কষ্টসাধ্য হয়ে উঠছে। আমি তাকে তালাক দিতে চাই না। আবার আমার পক্ষে এখন চাকরি করাও সম্ভব নয়। আমি কি স্বামীর বিরুদ্ধে নিজের এবং সন্তানের ভরণপোষণের আইনি ব্যবস্থা নিতে পারি?,"1. <women_children_835_s13> [নারী ও শিশু নির্যাতন দমন আইন, ২০০০, ধারা ১৩] (১) অন্য কোন আইনে ভিন্নতর যাহা কিছুই থাকুক না কেন, ধর্ষণের কারণে কোন সন্তান জন্মলাভ করিলে-(ক) উক্ত সন্তানকে তা
2. <labour_1285_s24> [বাংলাদেশ ইপিজেড শ্রম আইন, ২০১৯, ধারা ২৪] চাকরি হইতে অবসর গ্রহণ — (১) এই অধ্যায়ের অন্যত্র যাহা কিছুই উল্লে­খ থাকুক না কেন, কোনো প্রতিষ্ঠানে নিয়োজিত কোনো শ্রমিকের বয়স ৬০ (ষাট
3. <other_775_s26> [বাংলাদেশ সিকিউরিটিজ অ্যান্ড এক্সচেঞ্জ কমিশন , ধারা ২৬] জটিলতার নিরসনের ক্ষমতা — (১) এই আইনের বিধানাবলী কার্যকর করার ক্ষেত্রে কোন অসুবিধা দেখা দিলে সরকার উক্ত অসুবিধা দূরীকরণার্থে, আদেশ দ্বার
4. <other_813_s20> [বাংলাদেশ কমার্স এন্ড ইনভেষ্টমেন্ট লিমিটেড (প, ধারা ২০] জটিলতা নিরসনের ক্ষমতা — (১) এই আইনের বিধানাবলী কার্যকর করার ক্ষেত্রে কোন অসুবিধা দেখা দিলে সরকার উক্ত অসুবিধা দূরীকরণার্থে, আদেশ দ্বার
5. <women_children_835_s11> [নারী ও শিশু নির্যাতন দমন আইন, ২০০০, ধারা ১১] যৌতুকের জন্য মৃত্যু ঘটানো, ইত্যাদির শাস্তি — যদি কোন নারীর স্বামী অথবা স্বামীর পিতা, মাতা, অভিভাবক, আত্মীয় বা স্বামীর পক্ষে অন্য কোন ব্যক্তি যৌতুকের জন্য 
6. <labour_952_s95> [বাংলাদেশ শ্রম আইন, ২০০৬, ধারা ৯৫] চা-বাগানে বিনোদন ও শিক্ষার সুবিধা — সরকার চা বাগান সম্পর্কে-(ক) বিধি প্রণয়ন করিয়া উহার প্রত্যেক মালিককে সেখানে নিযুক্ত শ্রমিকগণ এবং তাহাদের শিশু
7. <other_1266_s2_p2> [বাংলাদেশ মুক্তিযোদ্ধা কল্যাণ ট্রাস্ট আইন, ২০, ধারা ২] সংজ্ঞা — জামায়াতে ইসলামী এবং তাহাদের সহযোগী রাজাকার, আলবদর, আলশামস বাহিনীর বিরুদ্ধে গণপ্রজাতন্ত্রী বাংলাদেশের স্বাধীনত
8. <other_1429_s31> [আয়কর আইন, ২০২৩, ধারা ৩১] আয় একীভূতকরণ — (১) এই আইনে ভিন্নরূপ কিছু না থাকিলে, নিম্নবর্ণিত আয়সমূহ কোনো ব্যক্তির মোট আয়ের অন্তর্ভুক্ত হইবে, যথা:-(ক) উক
9. <labour_952_s289> [বাংলাদেশ শ্রম আইন, ২০০৬, ধারা ২৮৯] নিম্নতম মজুরী হারের কম হারে মজুরী প্রদানের দণ্ড — (১) কোন মালিক একাদশ অধ্যায়ের অধীন ঘোষিত নিম্নতম মজুরী হারের কম হারে কোন শ্রমিককে মজুরী প্রদান করিলে, তিনি এক 
10. <other_833_s22> [পল্লী দারিদ্র বিমোচন ফাউন্ডেশন আইন, ১৯৯৯, ধারা ২২] ফাউন্ডেশনের পাওনা আদায় — ফাউন্ডেশনের সকল পাওনা বকেয়া ভূমি রাজস্ব হিসাবে আদায়যোগ্য হইবে:তবে শর্ত থাকে যে, ঋণগ্রহীতাকে বা অর্থ পরিশোধের","family_1444_s5, family_305_s9",own_search,answered,3,
prot_0109_02,Iftiaq,VERIFY,"এতে কাজ না হওয়ায় ২২-১১-১১ তারিখে কুমিল্লায় একটি যৌতুকের মামলা করেন। এ জন্য আমার ছোট ভাইকে হুমকি দেওয়ায় সে ১৭-১১-১১ তারিখে থানায় একটি জিডি করে। কিন্তু পুলিশের ভূমিকা রহস্যজনক। স্বামীর হুমকি অব্যাহত। প্রতিবন্ধী মেয়েটির কী হবে, দ্বিতীয় বিয়ের কোনো শাস্তি হবে কি না, বোনটি কীভাবে অধিকার ফিরে পাবে, থানায় ওয়ারেন্ট আসার পরও পুলিশের টনক নড়ছে না কেন, মিথ্যা চুরির অভিযোগের কী হবে?","1. <other_916_s5> [বিরোধ মীমাংসা (পৌর এলাকা) বোর্ড আইন, ২০০৪, ধারা ৫] কতিপয় মামলা হস্তান্তর — (১) ধারা ৪-এ যাহা কিছুই থাকুক না কেন, যদি কোন ক্ষেত্রে তফসিলের প্রথম অংশে বর্ণিত কোন অপরাধের সহিত তফসিল বহির্ভ
2. <labour_1285_s14> [বাংলাদেশ ইপিজেড শ্রম আইন, ২০১৯, ধারা ১৪] ধারা ১১, ১৫, ১৬ এবং ১৭ প্রয়োগের ক্ষেত্রে বাধা-নিষেধ — এই অধ্যায়ের অন্যত্র যাহা কিছুই থাকুক না কেন, অন্তত ৫ (পাঁচ) জন শ্রমিক নিযুক্ত নাই বা পূর্ববর্তী ১২ (বারো) মাস
3. <other_1067_s31> [বর্ডার গার্ড বাংলাদেশ আইন, ২০১০, ধারা ৩১] ঊর্ধ্বতন কর্মকর্তার প্রতি অপরাধজনক বল প্রয়োগ ও হুমকি প্রদর্শন — অধিভুক্ত কোন ব্যক্তি যদি-(ক) ঊর্ধ্বতন কর্মকর্তার উপর অপরাধজনক বল প্রয়োগ বা বল প্রয়োগের চেষ্টা করেন বা আক্রমণ
4. <other_796_s8_p5> [অর্থ আইন, ১৯৯৫, ধারা ৮] ১৯৯১ সনের ২২ নং আইনের সংশোধন — সংখ্যাটি প্রতিস্থাপিত হইবে;(১১) ধারা ৪৬ এ æsection 196A” শব্দটি, সংখ্যাটি ও অক্ষরটির পরিবর্তে æsection 196K” শ
5. <women_children_835_s11> [নারী ও শিশু নির্যাতন দমন আইন, ২০০০, ধারা ১১] যৌতুকের জন্য মৃত্যু ঘটানো, ইত্যাদির শাস্তি — যদি কোন নারীর স্বামী অথবা স্বামীর পিতা, মাতা, অভিভাবক, আত্মীয় বা স্বামীর পক্ষে অন্য কোন ব্যক্তি যৌতুকের জন্য 
6. <other_1126_s2_p0> [প্রতিবন্ধী ব্যক্তির অধিকার ও সুরক্ষা আইন, ২০, ধারা ২] সংজ্ঞা — বিষয় বা প্রসঙ্গের পরিপন্থী কোন কিছু না থাকিলে, এই আইনে—(১) ‘‘উপজেলা কমিটি’’ অর্থ ধারা ২৩ এর অধীন গঠিত প্রতিবন
7. <other_1009_s1> [সন্ত্রাস বিরোধী আইন, ২০০৯, ধারা ১] সংক্ষিপ্ত শিরোনাম, প্রয়োগ ও প্রবর্তন — (১) এই আইনসন্ত্রাস বিরোধী আইন, ২০০৯নামে অভিহিত হইবে।1[(২) সমগ্র বাংলাদেশে ইহার প্রয়োগ হইবে, এবং যেখানেই অবস্থ
8. <other_1117_s2> [নির্দিষ্টকরণ (সম্পূরক) আইন, ২০১৩, ধারা ২] ২০১২-২০১৩ অর্থ বৎসরের জন্য সংযুক্ত তহবিল হইতে ১১০০০,৫৫,১১,০০০ (এগার হাজার কোটি পঞ্চান্ন লক্ষ এগার হাজার) টাকা প্রদান — ২০১৩ সনের ৩০ জুন তারিখে সমাপ্য অর্থ বৎসরে যে সকল ব্যয় উক্ত বৎসরের অর্থ পরিশোধের আওতাধীন হইতে পারে সেই সকল ব্য
9. <other_1302_s2> [নির্দিষ্টকরণ (সম্পূরক) আইন, ২০২০, ধারা ২] ২০১৯-২০২০ অর্থবৎসরের জন্য সংযুক্ত তহবিল হইতে ৪৬৫১৬,১১,১০,০০০ (ছেচল্লিশ হাজার পাঁচশত ষোল কোটি এগারো লক্ষ দশ হাজার) টাকা প্রদান — ২০২০ সনের ৩০ জুন তারিখে সমাপ্য অর্থবৎসরে যেই সকল ব্যয় উক্ত বৎসরের অর্থ পরিশোধের আওতাধীন হইতে পারে সেই সকল ব্য
10. <other_1120_s2> [নির্দিষ্টকরণ আইন, ২০১৩, ধারা ২] ২০১৩-২০১৪ অর্থ বৎসরের জন্য সংযুক্ত তহবিল হইতে ৩৪৪৫৪৯,৮৬,১১,০০০ (তিন লক্ষ চুয়াল্লিশ হাজার পাঁচশত ঊনপঞ্চাশ কোটি ছিয়াশি লক্ষ এগার হাজার) টাকা প্রদান — ২০১৪ সালের ৩০ জুন তারিখে সমাপ্য অর্থ বৎসরে যেই সকল ব্যয় হইতে পারে সেই সকল ব্যয় নির্বাহের জন্য এই আইনের তফসিল","family_305_s6, criminal_procedure_11_s211",own_search,answered,3,
prot_0083_04,Iftiaq,VERIFY,"আমার এক জ্ঞাতি ভাইয়ের সঙ্গে চার বছর প্রেম করার পর ২০০৮ সালের ২১ এপ্রিল তাকে কাজী অফিসে নিয়ে গিয়ে গোপনে পাঁচ লাখ টাকা দেনমোহরে বিয়ে করি। বিয়ের দুই দিন পর আমার মাকে আমি সব কথা জানাই। মা আমাদের বিয়েটা সহজে মেনে নিয়েছেন। এরপর আমরা স্বামী-স্ত্রীর হিসেবে চলাফেরা করতে থাকি। আমার দায়দায়িত্ব ও যাবতীয় ভরণপোষণ বহন করে আসছিল সে। এর মধ্যে মা টেলিফোনে একটি ছেলের সঙ্গে আমার পরিচয় করিয়ে দেন। সে বিদেশে থাকে। তার নাকি অনেক টাকা-পয়সা। আমিও মায়ের কথামতো বিদেশি ওই ছেলের সঙ্গে সম্পর্কে জড়িয়ে পড়ি। আগের স্বামীর সঙ্গে ঝগড়া-বিবাদ করতে থাকি। আমি মায়ের কথামতো গত বছরের ৫ জুলাই আগের স্বামীকে তালাক দিই। তালাক দেওয়ার সময় আমি তার কাছে কোনো কিছু দাবি করিনি। তালাক যখন দিই, তখন আমি তিন মাস ১০ দিনের অন্তঃসত্ত্বা ছিলাম। পেটে বাচ্চা থাকা অবস্থায় তালাক দিলে সেটি কার্যকর হবে? বর্তমানে বিদেশি ওই ছেলের সঙ্গে আমার গোপনে বিয়ে হয়। বিয়ের সময় আমার পেটে বাচ্চা ছিল জানত না সে। আগের স্বামী তার বাচ্চার জন্য আমার বিরুদ্ধে মামলা করার হুমকি দিচ্ছে। তার কাছে চিকিৎসা প্রতিবেদন, আল্ট্রাসনোগ্রাফি ইত্যাদি আছে। আমি গর্ভপাত করিয়েছি। এখন আমি কী করতে পারি? আমি আগের স্বামীর সঙ্গে সংসার করতে চাই। মা তা করতে দিচ্ছেন না","1. <women_children_835_s11> [নারী ও শিশু নির্যাতন দমন আইন, ২০০০, ধারা ১১] যৌতুকের জন্য মৃত্যু ঘটানো, ইত্যাদির শাস্তি — যদি কোন নারীর স্বামী অথবা স্বামীর পিতা, মাতা, অভিভাবক, আত্মীয় বা স্বামীর পক্ষে অন্য কোন ব্যক্তি যৌতুকের জন্য 
2. <labour_952_s98> [বাংলাদেশ শ্রম আইন, ২০০৬, ধারা ৯৮] সংবাদপত্র শ্রমিকের জন্য চিকিৎসা পরিচর্যা — প্রত্যেক সংবাদপত্র শ্রমিক এবং তাহার উপর নির্ভরশীলগণ সংবাদপত্র প্রতিষ্ঠানের খরচে বিধি দ্বারা নির্ধারিত পন্থায় 
3. <other_1725_s21_p29> [অর্থ আইন, ২০২৬, ধারা ২১] ২০১২ সনের ৪৭ নং আইনের দ্বিতীয় তফসিলের সংশোধন — ডলার পর্যন্ত ৪৫ (ঘ) মূল্যসীমা ১০০০০০ মা. ডলার এর ঊর্ধ্ব হইতে ২০০০০০ মা. ডলার পর্যন্ত ৬০ (ঙ) মূল্যসীমা ২০০০০০ ম
4. <other_1124_s2> [মাতৃদুগ্ধ বিকল্প, শিশু খাদ্য, বাণিজ্যিকভাবে , ধারা ২] সংজ্ঞা — বিষয় বা প্রসঙ্গের পরিপন্থী কোন কিছু না থাকিলে, এই আইনে,-(ক) ‘‘জাতীয় উপদেষ্টা কমিটি’’ অর্থ ধারা ৮ এর অধীন গঠি
5. <other_1266_s2_p2> [বাংলাদেশ মুক্তিযোদ্ধা কল্যাণ ট্রাস্ট আইন, ২০, ধারা ২] সংজ্ঞা — জামায়াতে ইসলামী এবং তাহাদের সহযোগী রাজাকার, আলবদর, আলশামস বাহিনীর বিরুদ্ধে গণপ্রজাতন্ত্রী বাংলাদেশের স্বাধীনত
6. <tenancy_748_s19_p3> [বাড়ী ভাড়া নিয়ন্ত্রণ আইন, ১৯৯১, ধারা ১৯] কতিপয় পরিস্থিততে ভাড়াটিয়া কর্তৃক ভাড়া জমা — যতক্ষণ পর্যন্ত না বাড়ী-মালিক নিয়ন্ত্রকের নিকট হাজির হইয়া তাহার পরিচয়, অবস্থান এবং বর্তমান ঠিকানা নিয়ন্ত্র
7. <other_1476_s171_p17> [কাস্টমস আইন, ২০২৩, ধারা ১৭১] অপরাধসমূহের জরিমানা বা দণ্ড — কোনো সংকেত বা সংবাদ পূর্বোল্লিখিত সংকেত বা সংবাদ কিনা, তাহা হইলে উহা প্রমাণ করিবার দায় বিবাদীর উপর বর্তাইবে।(
8. <other_804_s52> [পানি সরবরাহ ও পয়ঃনিষ্কাশন কর্তৃপক্ষ আইন, ১৯৯, ধারা ৫২] দণ্ড — (১) কোন ব্যক্তি (কর্তৃপক্ষের কর্মকর্তা ও কর্মচারীসহ) তফসিলের দফা ১, ৬, ৯, ১০ বা ১৩ এর অধীন কোন অপরাধ করিলে বা 
9. <other_831_s7_p2> [অর্থ আইন, ১৯৯৯, ধারা ৭] ১৯৯১ সনের ২২ নং আইন সংশোধন — কিছুই থাকুক না কেন, প্রতিষ্ঠিত নিবন্ধিত ব্যক্তির তেগত্রে, প্রতিষ্ঠিত নিবন্ধিত ব্যক্তি বিবেচিত হওয়ার বত্সরে এই
10. <other_1124_s7> [মাতৃদুগ্ধ বিকল্প, শিশু খাদ্য, বাণিজ্যিকভাবে , ধারা ৭] শিক্ষামূলক বা অন্যান্য তথ্যাদি — জন্ম-পূর্ববর্তী বা জন্ম-পরবর্তী সেবা দানের উদ্দেশ্যে কোন গর্ভবতী মহিলা বা মাতৃদুগ্ধদানকারী বা শিশুর মায়েদের স","family_305_s7, criminal_procedure_11_s494",own_search,answered,3,
prot_0054_03,Iftiaq,VERIFY,"২০০৬ সালে আমার সঙ্গে এক মেয়ের সম্পর্ক গড়ে ওঠে। এই সম্পর্ক একসময় দৈহিক সম্পর্কে রূপ নেয় এবং মেয়েটি অন্তঃসত্ত্বা হয়ে পড়ে। সেটা জানার পরই আমি তার সঙ্গে বিয়ে নিবন্ধন করি। মেয়েটি আমাকে বলে, ‘লেখাপড়া যেহেতু চলছে তাই গর্ভের সন্তানটি নষ্ট করে ফেলি।’ আমি কিছু না বললেও সে নিজের ইচ্ছায় তা করে ফেলে। সে আরও বলে যে মাস্টার্স পরীক্ষা দিয়ে পরিবারকে আমাদের বিয়ের ব্যাপারটা জানাবে। ইতিমধ্যে তার বিয়ের প্রস্তাব আসতে থাকে। সব বিয়ে মেয়েটি ভেঙে দেয়, একপর্যায়ে পরিবার তার কথা না শুনে হঠাৎ করে গত ১০ এপ্রিল তাকে পরিবার থেকে বিয়ে দিয়ে দেয়। এই দ্বিতীয় বিয়ের কোনো বৈধতা আছে কি?","1. <other_923_s6> [বেসরকারী শিক্ষক নিবন্ধন ও প্রত্যয়ন কর্তৃপক্ষ, ধারা ৬] নির্বাহী বোর্ড গঠন — (১) নিম্নবর্ণিত সদস্যদের সমন্বয়ে নির্বাহী বোর্ড গঠিত হইবে, যথা:-(ক) চেয়ারম্যান, (পদাধিকার বলে);(খ) সদস্য (প্
2. <cybercrime_1710_s23> [সাইবার সুরক্ষা আইন, ২০২৬, ধারা ২৩] সাইবার সন্ত্রাসী কার্য সংঘটনের অপরাধ ও দণ্ড — (১) যদি কোনো ব্যক্তি— (ক) রাষ্ট্রীয় অখণ্ডতা, নিরাপত্তা ও সার্বভৌমত্ব বিপন্ন করেন এবং জনগণ বা উহার কোনো অংশের 
3. <consumer_1010_s40> [ট্রেডমার্ক আইন, ২০০৯, ধারা ৪০] স্বত্বনিয়োগ ও হস্তান্তর নিবন্ধন — (১) যেক্ষেত্রে কোন ব্যক্তি স্বত্বনিয়োগ বা হস্তান্তরের মাধ্যমে কোন নিবন্ধিত ট্রেডমার্কের স্বত্বাধিকারী হন, সেক
4. <other_1716_s4> [জুলাই গণঅভ্যুত্থানে শহিদ পরিবার এবং জুলাই যো, ধারা ৪] অধিদপ্তর প্রতিষ্ঠা — এই আইনের উদ্দেশ্য পূরণকল্পে, জুলাই গণঅভ্যুত্থানে শহিদ পরিবার এবং জুলাই যোদ্ধাদের কল্যাণ সাধন ও পুনর্বাসনের নিম
5. <women_children_1256_s2> [যৌতুক নিরোধ আইন, ২০১৮, ধারা ২] সংজ্ঞা — বিষয় বা প্রসঙ্গের পরিপন্থি কোনো কিছু না থাকিলে,-(ক) ‘‘পক্ষ’’ অর্থ এই আইনের উদ্দেশ্য পূরণকল্পে, বিবাহের বর বা 
6. <labour_1285_s167> [বাংলাদেশ ইপিজেড শ্রম আইন, ২০১৯, ধারা ১৬৭] (১)এইআইনেরউদ্দেশ্য পূরণকল্পে নির্বাহী পরিচালক (শ্রম ও শিল্প সম্পর্ক),অতিরিক্ত নির্বাহী পরিচালক (শ্রম ও শিল্প স
7. <women_children_835_s9খ> [নারী ও শিশু নির্যাতন দমন আইন, ২০০০, ধারা ৯খ] যদি কোন ব্যক্তি দৈহিক বলপ্রয়োগ ব্যতীত বিবাহের প্রলোভন দেখাইয়া ষোল বৎসরের অধিক বয়সের কোন নারীর সংগে যৌনকর্ম 
8. <criminal_procedure_1013_s104> [বরিশাল মহানগরী পুলিশ আইন, ২০০৯, ধারা ১০৪] বিনা পরোয়ানায় গ্রেপ্তারের ক্ষমতা — কোন ব্যক্তি এই আইন বা আপাততঃ বলবৎ অন্য কোন আইনের অধীন দণ্ডযোগ্য কোন অপরাধ কোন পুলিশ কর্মকর্তার উপস্থিতিতে বা ত
9. <criminal_procedure_1012_s104> [সিলেট মহানগরী পুলিশ আইন, ২০০৯, ধারা ১০৪] বিনা পরোয়ানায় গ্রেপ্তারের ক্ষমতা — কোন ব্যক্তি এই আইন বা আপাততঃ বলবৎ অন্য কোন আইনের অধীন দন্ডযোগ্য কোন অপরাধ কোন পুলিশ কর্মকর্তার উপস্থিতিতে বা ত
10. <other_1263_s2> [‘আল-হাইআতুল উলয়া লিল-জামি’আতিল কওমিয়া বাংলাদ, ধারা ২] সংজ্ঞা — বিষয় বা প্রসঙ্গের পরিপন্থি কোনো কিছু না থাকিলে, এই আইনে,-(১) “কওমি মাদরাসা” অর্থ আহলুস সুন্নাহ ওয়াল জামা’আত ",criminal_procedure_11_s494,own_search,answered,3,
prot_0023_01,Iftiaq,VERIFY,বিয়ের কাবিননামা না থাকলে কি স্বামীর সম্পত্তিতে স্ত্রীর উত্তাধিকার থাকে? এ ক্ষেত্রে স্বামীর মৃত্যুর পর স্ত্রী কি স্বামীর সম্পত্তিতে অংশীদার হবে?,"1. <other_1266_s2_p2> [বাংলাদেশ মুক্তিযোদ্ধা কল্যাণ ট্রাস্ট আইন, ২০, ধারা ২] সংজ্ঞা — জামায়াতে ইসলামী এবং তাহাদের সহযোগী রাজাকার, আলবদর, আলশামস বাহিনীর বিরুদ্ধে গণপ্রজাতন্ত্রী বাংলাদেশের স্বাধীনত
2. <women_children_835_s11> [নারী ও শিশু নির্যাতন দমন আইন, ২০০০, ধারা ১১] যৌতুকের জন্য মৃত্যু ঘটানো, ইত্যাদির শাস্তি — যদি কোন নারীর স্বামী অথবা স্বামীর পিতা, মাতা, অভিভাবক, আত্মীয় বা স্বামীর পক্ষে অন্য কোন ব্যক্তি যৌতুকের জন্য 
3. <other_1045_s18> [চার্টার্ড সেক্রেটারীজ আইন, ২০১০, ধারা ১৮] রেজিস্টার — (১) সচিব, নিম্নবর্ণিত তথ্যাদি উল্লেখপূর্বক, নির্ধারিত পদ্ধতিতে, সদস্যগণের নাম রেজিস্টারে অন্তর্ভুক্ত ও সংরক্ষণ
4. <land_1220_s40> [স্থাবর সম্পত্তি অধিগ্রহণ ও হুকুমদখল আইন, ২০১, ধারা ৪০] প্রবেশ এবং পরিদর্শনের ক্ষমতা — (১) কোনো স্থাবর সম্পত্তি অধিগ্রহণ অথবা হুকুমদখল করিবার অভিপ্রায়ে অথবা উক্ত সম্পত্তি অধিগ্রহণ বা হুকুমদখলের জন
5. <other_1087_s24> [অপরাধ সম্পর্কিত বিষয়ে পারস্পরিক সহায়তা আইন, , ধারা ২৪] তৃতীয় পক্ষের অধিকার — (১) ফ্রিজিং বা আটক বা বাজেয়াপ্তির আদেশ কার্যকরকরণের পদক্ষেপ গ্রহণের পূর্বে সংশ্লিষ্ট সম্পত্তিতে স্বার্থ সংশ্ল
6. <other_1088_s15> [মানিলন্ডারিং প্রতিরোধ আইন, ২০১২, ধারা ১৫] অবরুদ্ধকৃত বা ক্রোককৃত সম্পত্তি ফেরত প্রদান — (১) ধারা ১৪ এর অধীন আদালত কোন সম্পত্তি অবরুদ্ধকরণ বা ক্রোক আদেশ প্রদান করিলে, অভিযুক্ত ব্যক্তি বা সত্তা ব্যতীত
7. <other_788_s326_p1> [কোম্পানী আইন, ১৯৯৪, ধারা ৩২৬] কতিপয় সম্পদের দাবী পরিত্যাগ — জন্য যতটুকু প্রযোজ্য ততটুকু ব্যতীত, পরিত্যক্ত সম্পত্তিতে অন্য কোন ব্যক্তির অধিকার বা দায়-দেনা ক্ষুণ্ন করিবে ন
8. <criminal_procedure_1012_s98> [সিলেট মহানগরী পুলিশ আইন, ২০০৯, ধারা ৯৮] রাস্তায় গবাদি পশু ছাড়িয়া দেওয়ার অথবা কাহারও সম্পত্তিতে অনধিকার প্রবেশ করিতে দেওয়ার দন্ড — কোন ব্যক্তি নিজের অথবা স্বীয়দায়িত্বহীন গবাদি পশু রাস্তায় চরাইলে বা চরাইতে দিলে অথবা কাহারও সম্পত্তিতে অনধিক
9. <criminal_procedure_1013_s98> [বরিশাল মহানগরী পুলিশ আইন, ২০০৯, ধারা ৯৮] রাস্তায় গবাদি পশু ছাড়িয়া দেওয়ার অথবা কাহারও সম্পত্তিতে অনধিকার প্রবেশ করিতে দেওয়ার দণ্ড — কোন ব্যক্তি নিজের অথবা স্বীয় দায়িত্বহীন গবাদি পশু রাস্তায় চরাইলে বা চরাইতে দিলে অথবা কাহারও সম্পত্তিতে অনধি
10. <criminal_procedure_765_s98> [রাজশাহী মহানগরী পুলিশ আইন, ১৯৯২, ধারা ৯৮] রাস্তায় গবাদি পশু ছাড়িয়া দেওয়ার অথবা কাহারও সম্পত্তিতে অনধিকার প্রবেশ করিতে দেওয়ার দণ্ড — কোন ব্যক্তি নিজের অথবা স্বীয় দায়িত্বাধীন গবাদি পশু রাস্তায় চরাইলে বা চরাইতে দিলে অথবা কাহারো সম্পত্তিতে অনধ","family_476_s3, family_476_s5, other_24_s50",own_search,answered,3,
prot_0062_07,Iftiaq,VERIFY,"আমার বাবা একজন অবসরপ্রাপ্ত সরকারি কর্মকর্তা। বয়স ৭৪ বছর। মা জীবিত নেই। আমরা তিন ভাইবোন। সবাই ভিন্ন ভিন্ন জায়গায় থাকি। আমার বাবা মাঝেমধ্যে গ্রামের বাড়িতে একা থাকেন। সেখানে এক গৃহকর্মী আছে, বয়স ৩৮। সে কৌশলে আমার বাবাকে গোপনে বিয়ে করে। বিয়ের কোনো লিখিত কাগজপত্র নেই। বিয়ের আসরে আমার বাবা ও মেয়েটি ছাড়া আরও দুজন উপস্থিত ছিলেন। প্রশ্ন হচ্ছে, মুসলিম আইন অনুযায়ী বিয়ে হয়েছে কি? পরবর্তীকালে আমার বাবা ভুল বুঝতে পেরেছেন এবং সম্পর্কটি এখন আর রাখতে চান না। বর্তমানে আমাদের কাছে আছেন। মেয়েটি এখন আমাদের বাড়িতে ঢুকে আত্মহত্যার হুমকি দিচ্ছে। সে ক্ষেত্রে আমাদের করণীয় কী? মো. লাবলু হোসেনপাবনা","1. <other_1124_s7> [মাতৃদুগ্ধ বিকল্প, শিশু খাদ্য, বাণিজ্যিকভাবে , ধারা ৭] শিক্ষামূলক বা অন্যান্য তথ্যাদি — জন্ম-পূর্ববর্তী বা জন্ম-পরবর্তী সেবা দানের উদ্দেশ্যে কোন গর্ভবতী মহিলা বা মাতৃদুগ্ধদানকারী বা শিশুর মায়েদের স
2. <other_1472_s1> [বাংলাদেশ পেটেন্ট আইন, ২০২৩, ধারা ১] সংক্ষিপ্ত শিরোনাম ও প্রবর্তন — (১) এই আইনবাংলাদেশ পেটেন্ট আইন, ২০২৩নামে অভিহিত হইবে।(২) সরকার, সরকারি গেজেটে প্রজ্ঞাপন দ্বারা যে তারিখ নির্ধা
3. <other_1114_s1> [বাংলাদেশ পানি আইন, ২০১৩, ধারা ১] সংক্ষিপ্ত শিরোনাম, প্রবর্তন ও প্রয়োগ — (১) এই আইনবাংলাদেশ পানি আইন, ২০১৩নামে অভিহিত হইবে।(২) সরকার, সরকারি গেজেটে প্রজ্ঞাপন দ্বারা, যে তারিখ নির্ধারণ
4. <labour_952_s218_p0> [বাংলাদেশ শ্রম আইন, ২০০৬, ধারা ২১৮] শ্রম আপীল ট্রাইব্যুনাল — (১) এই আইনের উদ্দেশ্যে, বাংলাদেশে একটি শ্রম আপীল ট্রাইব্যুনাল থাকিবে, যাহা একজন চেয়ারম্যান সমন্বয়ে গঠিত হইবে
5. <other_1482_s31> [বাংলাদেশ হোমিওপ্যাথিক চিকিৎসা শিক্ষা আইন, ২০, ধারা ৩১] ব্যবস্থাপত্রে অ-অনুমোদিত ঔষধ লিখিবার দণ্ড — (১) কোনো হোমিওপ্যাথিক চিকিৎসক হোমিওপ্যাথিক ফার্মাকোপিয়াতে অন্তর্ভুক্ত নেই এমন কোনো ঔষধ হোমিওপ্যাথিক চিকিৎসা ব
6. <criminal_procedure_765_s87> [রাজশাহী মহানগরী পুলিশ আইন, ১৯৯২, ধারা ৮৭] ইচ্ছাকৃতভাবে অনধিকার প্রবেশের দণ্ড — কোন ব্যক্তি সন্তোষজনক কারণ ছাড়া কোন বসত বাড়িতে বা উহার প্রাংগণে বা উহার সংলগ্ন জমিতে বা মাঠে অথবা সরকারী জমি
7. <other_1682_s7> [মানবদেহে অঙ্গ-প্রত্যঙ্গ সংযোজন আইন, ২০২৬, ধারা ৭] অঙ্গ-প্রত্যঙ্গ দাতা (Donor) ও গ্রহীতার (Recipient) যোগ্যতা — (১) অঙ্গ-প্রত্যঙ্গ দাতা হিসাবে কোনো ব্যক্তি উপযুক্ত বলিয়া বিবেচিত হইবেন, যদি- (ক) ব্রেইন ডেথ ঘোষিত ব্যক্তির, 
8. <women_children_1119_s21> [শিশু আইন, ২০১৩, ধারা ২১] 1 [***] বয়স অনুমান ও নির্ধারণ — (১) অভিযুক্ত হউক বা না হউক, এমন কোন শিশুকে কোন অপরাধের দায়ে বা কোন শিশুকে অন্য কোন কারণে শিশু-আদালতে সাক্ষ্য 
9. <cybercrime_950_s82> [তথ্য ও যোগাযোগ প্রযুক্তি আইন, ২০০৬, ধারা ৮২] সাইবার আপীল ট্রাইব্যুনাল গঠন — (১) সরকার, সরকারী গেজেটে প্রজ্ঞাপন দ্বারা, এক বা একাধিক সাইবার আপীল ট্রাইব্যুনাল, অতঃপর সময় সময় আপীল ট্রাইব্
10. <consumer_927_s1> [ধূমপান ও তামাকজাত দ্রব্য ব্যবহার (নিয়ন্ত্রণ), ধারা ১] সংক্ষিপ্ত শিরোনামা ও প্রবর্তন — (১) এই আইনধূমপান ও তামাকজাত দ্রব্য ব্যবহার (নিয়ন্ত্রণ) আইন, ২০০৫নামে অভিহিত হইবে।(২) সরকার, সরকারী গেজেটে প্র","family_305_s7, criminal_procedure_11_s309, criminal_procedure_75_s107",own_search,answered,3,
prot_0017_03,Iftiaq,VERIFY,"২০১১ সালে আমার বোন মারা যায়। আমার বাবা ও মা এখনো জীবিত। আমার বোনের একটি মেয়ে আছে, যার দেখাশোনা আমরা করি। আমার বাবা ও মার নামে সম্পত্তি আছে। আমার বাবা ও মা মারা গেলে ওই সম্পত্তির অংশীদার কে হবে?","1. <land_1455_s10> [ভূমি সংস্কার আইন, ২০২৩, ধারা ১০] বর্গাদারের মৃত্যুর পর বর্গাভূমির চাষ — (১) কোনো বর্গাদার বর্গাচুক্তির মেয়াদ শেষ হইবার পূর্বে মারা গেলে, উহার মেয়াদ শেষ না হওয়া পর্যন্ত অথবা এই আইন
2. <other_1725_s21_p29> [অর্থ আইন, ২০২৬, ধারা ২১] ২০১২ সনের ৪৭ নং আইনের দ্বিতীয় তফসিলের সংশোধন — ডলার পর্যন্ত ৪৫ (ঘ) মূল্যসীমা ১০০০০০ মা. ডলার এর ঊর্ধ্ব হইতে ২০০০০০ মা. ডলার পর্যন্ত ৬০ (ঙ) মূল্যসীমা ২০০০০০ ম
3. <other_1156_s25> [মেট্রোরেল আইন, ২০১৫, ধারা ২৫] ক্ষতিপূরণ প্রদান — মেট্রোরেল পরিচালনাকালে উহা হইতে উদ্ভূত দুর্ঘটনার ফলে যদি কোন ব্যক্তি আঘাতপ্রাপ্ত বা ক্ষতিগ্রস্ত হন বা আঘাতপ্রা
4. <other_1201_s27> [বাস র‍্যাপিড ট্রানজিট (বিআরটি) আইন, ২০১৬, ধারা ২৭] ক্ষতিপূরণ প্রদান — বিআরটি পরিচালনাকালে উহা হইতে উদ্ভূত দুর্ঘটনার ফলে যদি কোনো ব্যক্তি আঘাতপ্রাপ্ত বা ক্ষতিগ্রস্ত হন বা আঘাতপ্রাপ্
5. <labour_952_s98> [বাংলাদেশ শ্রম আইন, ২০০৬, ধারা ৯৮] সংবাদপত্র শ্রমিকের জন্য চিকিৎসা পরিচর্যা — প্রত্যেক সংবাদপত্র শ্রমিক এবং তাহার উপর নির্ভরশীলগণ সংবাদপত্র প্রতিষ্ঠানের খরচে বিধি দ্বারা নির্ধারিত পন্থায় 
6. <other_1037_s57_p1> [বীমা আইন, ২০১০, ধারা ৫৭] বীমা পলিসি গ্রাহক কর্তৃক মনোনয়ন৷ — মনোনয়ন স্বয়ংক্রিয়ভাবে বাতিল হইবেঃতবে শর্ত থাকে যে, স্বত্ব নিয়োগকালীন ঝুঁকি গ্রহণকারী বীমাকারী পলিসির জামান
7. <other_822_s10> [পার্বত্য চট্টগ্রাম আঞ্চলিক পরিষদ আইন, ১৯৯৮, ধারা ১০] সম্পত্তি সম্পর্কিত ঘোষণা — চেয়ারম্যান ও প্রত্যেক সদস্য তাহার কার্যভার গ্রহণের পূর্বে তাহার এবং তাঁহার পরিবারের কোন সদস্যের স্বত্ব, দখল ব
8. <local_government_1027_s41> [স্থানীয় সরকার (ইউনিয়ন পরিষদ) আইন, ২০০৯, ধারা ৪১] সম্পত্তি সম্পর্কিত ঘোষণা — চেয়ারম্যান ও সদস্য তাঁহার কার্যভার গ্রহণের পূর্বে তাঁহার এবং তাঁহার পরিবারের কোন সদস্যের স্বত্ব, দখল বা স্বার
9. <labour_952_s150_p2> [বাংলাদেশ শ্রম আইন, ২০০৬, ধারা ১৫০] ক্ষতিপূরণ প্রদানের জন্য মালিকের দায়িত্ব — জখম সম্পর্কে ৰতিপূরণ প্রদানের জন্য কোন চুক্তি হইয়া থাকে।(৮) এই অধ্যায়ের উদ্দেশ্যে, ""শ্রমিক"" বলিতে মালিক কর্ত
10. <local_government_827_s10> [উপজেলা পরিষদ আইন, ১৯৯৮, ধারা ১০] সম্পত্তি সম্পর্কিত ঘোষণা — 14[চেয়ারম্যান ও ভাইস চেয়ারম্যান ] তাঁহার কার্যভার গ্রহণের পূর্বে তাঁহার এবং তাঁহার পরিবারের কোন সদস্যের স্বত",family_305_s4,own_search,answered,3,
prot_0009_04,Iftiaq,VERIFY,কিন্তু আমার বয়স ১৯ বছর। আমার পরিবারের সদস্যরা আমাদের সম্পর্ক কিছুতেই মানবে না। এটা তারা জানিয়ে দিয়েছে। এখন আমরা দুজনে হিন্দুধর্ম মতে রেজিস্ট্রি করতে এবং রেজিস্ট্রির এক বছর পর বিয়ে করতে চাচ্ছি। যেহেতু আমার বয়স ১৯ বছর তাই আমরা কি এখন রেজিস্ট্রি করতে পারব এবং তা কীভাবে করব?,"1. <labour_1285_s24> [বাংলাদেশ ইপিজেড শ্রম আইন, ২০১৯, ধারা ২৪] চাকরি হইতে অবসর গ্রহণ — (১) এই অধ্যায়ের অন্যত্র যাহা কিছুই উল্লে­খ থাকুক না কেন, কোনো প্রতিষ্ঠানে নিয়োজিত কোনো শ্রমিকের বয়স ৬০ (ষাট
2. <other_1217_s19> [বাংলাদেশ সড়ক পরিবহণ কর্তৃপক্ষ আইন, ২০১৭, ধারা ১৯] বার্ষিক বাজেট বিবরণী — কর্তৃপক্ষ, প্রতি অর্থ বছর সরকার কর্তৃক নির্দিষ্ট সময়ের মধ্যে পরবর্তী অর্থবৎসরের বার্ষিক বাজেট প্রস্তুত করিয়া
3. <road_transport_1262_s84> [সড়ক পরিবহণ আইন, ২০১৮, ধারা ৮৪] কর্তৃপক্ষ কর্তৃক নির্ধারিত কোনো মোটরযানের কারিগরি বিনির্দেশ অমান্য সংক্রান্ত ধারা ৪০ এর বিধান লঙ্ঘনের দণ্ড — যদি কোনো ব্যক্তি ধারা ৪০ এর বিধান লঙ্ঘন করেন, তাহা হইলে উক্ত লঙ্ঘন হইবে একটি অপরাধ, এবং তজ্জন্য তিনি অনধিক ৩ (
4. <other_1403_s40> [মোংলা বন্দর কর্তৃপক্ষ আইন, ২০২২, ধারা ৪০] দণ্ড — কোনো ব্যক্তি যদি এই আইন ও বিধির কোনো বিধান লঙ্ঘন করেন তাহা হইলে উক্ত লঙ্ঘন হইবে একটি অপরাধ এবং তজ্জন্য তিনি অন
5. <consumer_1010_s3> [ট্রেডমার্ক আইন, ২০০৯, ধারা ৩] 1 [মহাপরিচালক], ট্রেডমার্কস রেজিস্ট্রি, ইত্যাদি — (১) এই আইনের উদ্দেশ্য পূরণকল্পে-(ক)Patents And Designs Act, 1911(Act II of 1911), অতঃপর এই ধারায় উক্ত Act বলি
6. <other_1487_s10> [অফশোর ব্যাংকিং আইন, ২০২৪, ধারা ১০] অফশোর ব্যাংকিং কার্যক্রম পরিচালনার জন্য প্রদত্ত লাইসেন্স ধারা ৯ এর অধীন বাতিল বা সমর্পণ কার্যকর হইবার ২ (দুই) 
7. <labour_952_s190> [বাংলাদেশ শ্রম আইন, ২০০৬, ধারা ১৯০] রেজিস্ট্রি বাতিলকরণ — (১) এই ধারার অন্য বিধান সাপেক্ষে, শ্রম পরিচালক কোন ট্রেড ইউনিয়নের রেজিস্ট্রি বাতিল করিতে পারিবেন, যদি-145[ (ক
8. <other_775_s26> [বাংলাদেশ সিকিউরিটিজ অ্যান্ড এক্সচেঞ্জ কমিশন , ধারা ২৬] জটিলতার নিরসনের ক্ষমতা — (১) এই আইনের বিধানাবলী কার্যকর করার ক্ষেত্রে কোন অসুবিধা দেখা দিলে সরকার উক্ত অসুবিধা দূরীকরণার্থে, আদেশ দ্বার
9. <other_1064_s17> [আন্তজার্তিক মাতৃভাষা ইনস্টিটিউট  আইন, ২০১০, ধারা ১৭] প্রতিবেদন — (১) প্রতি পঞ্জিকা বছর শেষ হইবার সঙ্গে সঙ্গে ইনস্টিটিউট উক্ত বৎসরে সম্পাদিত কার্যাবলীর খতিয়ান-সম্বলিত বার্ষিক 
10. <other_813_s20> [বাংলাদেশ কমার্স এন্ড ইনভেষ্টমেন্ট লিমিটেড (প, ধারা ২০] জটিলতা নিরসনের ক্ষমতা — (১) এই আইনের বিধানাবলী কার্যকর করার ক্ষেত্রে কোন অসুবিধা দেখা দিলে সরকার উক্ত অসুবিধা দূরীকরণার্থে, আদেশ দ্বার","family_1105_s5, family_1105_s3",own_search,answered,3,
prot_0100_01,Iftiaq,VERIFY,"যেকোনো আইনি সমস্যা ও প্রশ্ন থাকলে লিখুন। বিজ্ঞ আইনজীবীরা পরামর্শ দেবেন। ঠিকানা: আইন অধিকার, প্রথম আলো, ১০০ কাজী নজরুল ইসলাম এভিনিউ, কারওয়ান বাজার, ঢাকা-১২১৫। ্পিত সম্পত্তির মালিক হবেন কে?","1. <other_937_s3> [জাতীয় কবি কাজী নজরুল ইসলাম বিশ্ববিদ্যালয় আইন, ধারা ৩] জাতীয় কবি কাজী নজরুল ইসলাম বিশ্ববিদ্যালয় স্থাপন — (১) এই আইনের বিধান অনুযায়ী “জাতীয় কবি কাজী নজরুল ইসলাম বিশ্ববিদ্যালয়” (Jatiya Kabi Kazi Nazrul Islam Univer
2. <other_937_s1> [জাতীয় কবি কাজী নজরুল ইসলাম বিশ্ববিদ্যালয় আইন, ধারা ১] সংক্ষিপ্ত শিরোনাম ও প্রবর্তন — (১) এই আইনজাতীয় কবি কাজী নজরুল ইসলাম বিশ্ববিদ্যালয় আইন, ২০০৬নামে অভিহিত হইবে।(২) সরকার, সরকারি গেজেটে প্রজ্ঞ
3. <other_1232_s2> [কবি নজরুল ইনস্টিটিউট আইন, ২০১৮, ধারা ২] সংজ্ঞা — বিষয় বা প্রসঙ্গের পরিপন্থি কোন কিছু না থাকিলে, এই আইনে,-(১) ‘অবিকৃত’ অর্থ সুস্থাবস্থায় কবি কর্তৃক লিখিত, সুর
4. <other_1707_s59> [ঢাকা সেন্ট্রাল ইউনিভার্সিটি আইন, ২০২৬, ধারা ৫৯] রহিতকরণ ও হেফাজত — (১) ঢাকা সেন্ট্রাল ইউনিভার্সিটি অধ্যাদেশ, ২০২৬ (২০২৬ সনের ২৬ নং অধ্যাদেশ) এতদ্দ্বারা রহিত করা হইল। (২) উপ-ধারা
5. <other_1469_s55> [ঠাকুরগাঁও বিশ্ববিদ্যালয় আইন, ২০২৩, ধারা ৫৫] অসুবিধা দূরীকরণ — বিশ্ববিদ্যালয়ের কার্যাবলি সম্পাদনের ক্ষেত্রে অথবা উহার কোনো কর্তৃপক্ষের, কার্যাবলি সংক্রান্ত সমস্যা বা অসুবিধ
6. <local_government_1026_s3ক> [স্থানীয় সরকার (সিটি কর্পোরেশন) আইন, ২০০৯, ধারা ৩ক] (১) এই আইনের অন্যান্য বিধানে যাহা কিছুই থাকুক না কেন, ধারা ৩(১) এর অধীন প্রতিষ্ঠিত ঢাকা সিটি কর্পোরেশন, ঢাকা উ
7. <constitutional_957_s42> [গণপ্রজাতন্ত্রী বাংলাদেশের সংবিধান, অনুচ্ছেদ ৪২] সম্পত্তির অধিকার — (১) আইনের দ্বারা আরোপিত বাধা নিষেধ-সাপেক্ষে প্রত্যেক নাগরিকের সম্পত্তি অর্জন, ধারণ, হস্তান্তর বা অন্যভাবে বিলি
8. <other_1429_s196> [আয়কর আইন, ২০২৩, ধারা ১৯৬] কর নির্ধারণ লইয়া প্রশ্ন উত্থাপনে বাধা — (১) এই আইন বা বাংলাদেশে বলবৎ অন্য কোনো আইনে যাহা কিছুই থাকুক না কেন, ধারা ৪ এ বর্ণিত আয়কর কর্তৃপক্ষ, এই আইনের
9. <other_1218_s26> [বেসামরিক বিমান চলাচল আইন, ২০১৭, ধারা ২৬] বিমানের নেভিগেশনে হস্তক্ষেপ করিবার দণ্ড — যদি কোন ব্যক্তি―(ক) বিমানের নেভিগেশনের সঠিক আলো অথবা সংকেতের কার্যক্রম বা পরিচালনায় হস্তক্ষেপ, অপসারণ বা ধ্বং
10. <labour_952_s162_p0> [বাংলাদেশ শ্রম আইন, ২০০৬, ধারা ১৬২] মালিকের দেউলিয়াত্ব — (১) যে ৰেত্রে কোন মালিক এই অধ্যায়ের অধীন শ্রমিকগণের প্রতি কোন দায় সম্পর্কে কোন বীমাকারীর সহিত চুক্তিবদ্ধ হন,",unanswerable,none,unanswerable,3,
prot_0068_06,Iftiaq,VERIFY,"আমার মায়েরা চার বোন। কোনো ভাই নেই। ২০০৪ সালে আমার ছোট খালার বিয়ের পর থেকে খালু ঘরজামাই হিসেবে থাকেন। নানা জমি বণ্টন করেন। কিন্তু পাঁচ ভাগের মধ্যে আমার ছোট খালাকে চার ভাগ দেওয়া হয়। আর এক ভাগ মাসহ অন্য খালারা পান। এতে মা ও খালারা একত্র হয় জমির সুষম বণ্টনের কথা বললে নানা ও নানি উভয়েই অসম্মতি দেন। ফলে নানা ও খালাদের মধ্যে সম্পর্কের দূরত্ব সৃষ্টি হচ্ছে। প্রশ্ন হচ্ছে, আমার খালুরা কি আইনি কোনো ব্যবস্থা নিতে পারবেন? ডি জে মাসুম দিনাজপুর","1. <other_1682_s2_p0> [মানবদেহে অঙ্গ-প্রত্যঙ্গ সংযোজন আইন, ২০২৬, ধারা ২] সংজ্ঞা — বিষয় বা প্রসঙ্গের পরিপন্থি কোনো কিছু না থাকিলে, এই আইনে- (১) “অঙ্গ-প্রত্যঙ্গ” অর্থ মানবদেহের কিডনি, হৃৎপিণ্ড,
2. <other_1132_s4> [পিতা-মাতার ভরণ-পোষণ আইন, ২০১৩, ধারা ৪] পিতা-মাতার অবর্তমানে দাদা-দাদী, নানা-নানীর ভরণ-পোষণ — প্রত্যেক সন্তান তাহার—(ক) পিতার অবর্তমানে দাদা-দাদীকে; এবং(খ) মাতার অবর্তমানে নানা-নানীকে—ধারা ৩ এ বর্ণিত ভরণ-
3. <other_1132_s5> [পিতা-মাতার ভরণ-পোষণ আইন, ২০১৩, ধারা ৫] পিতা-মাতার ভরণ-পোষণ না করিবার দণ্ড — (১) কোন সন্তান কর্তৃক ধারা ৩ এর যে কোন উপ-ধারার বিধান কিংবা ধারা ৪ এর বিধান লংঘন অপরাধ বলিয়া গণ্য হইবে এবং উক
4. <women_children_1119_s2_p1> [শিশু আইন, ২০১৩, ধারা ২] সংজ্ঞা — অর্থ দাদা, দাদী, নানা, নানী, চাচা, চাচী, ফুফা, ফুফু, মামা, মামী, খালা, খালু, ভাই, ভাবী, ভগ্নি, ভগ্নিপতি বা এইর
5. <other_819_s3> [মহা হিসাব নিরীক্ষক ও নিয়ন্ত্রক (পারিশ্রমিক ও, ধারা ৩] বেতন — (১) মহা হিসাব নিরীক্ষক প্রতি মাসে সরকারের একজন সচিব যে বেতন পান তদপেক্ষা শতকরা পাঁচ ভাগ অধিক বেতন প্রাপ্য হইবে
6. <other_1478_s26> [ফাইন্যান্স কোম্পানি আইন, ২০২৩, ধারা ২৬] পুঁজিবাজারে বিনিয়োগের ক্ষেত্রে বাধা-নিষেধ — (১) কোনো ফাইন্যান্স কোম্পানির পুঁজিবাজারে বিনিয়োগসীমা সমষ্টিগতভাবে উহার পরিশোধিত মূলধন ও রিজার্ভের মোট পরিমাণ
7. <other_774_s6> [চিংড়ি চাষ অভিকর আইন, ১৯৯২, ধারা ৬] অভিকর প্রদানের দায়িত্ব — আপাততঃ বলবত্ অন্য কোন আইন, রীতিনীতি, প্রথা বা চুক্তিতে যাহাই থাকুক না কেন, প্রজ্ঞাপিত এলাকায় আরোপিত অভিকর সংশ
8. <other_922_s4_p0> [জাতীয় সংসদ (সংরক্ষিত মহিলা আসন) নির্বাচন আইন, ধারা ৪] সংসদে আনুপাতিক প্রতিনিধিত্ব পদ্ধতির ভিত্তিতে রাজনৈতিক দল ও জোটের মধ্যে সংরক্ষিত মহিলা আসন বণ্টন পদ্ধতি — (১) সংরক্ষিত মহিলা আসনে নির্বাচনের উদ্দেশ্যে, নির্বাচন কমিশন, ধারা ৩ এর অধীন প্রকাশিত রাজনৈতিক দল ও জোটসমূহের 
9. <local_government_1024_s8> [স্থানীয় সরকার (পৌরসভা) আইন, ২০০৯, ধারা ৮] পৌরসভার মেয়াদ, ইত্যাদি — (১) ধারা ৬ এর বিধান সাপেক্ষে, পৌরসভা গঠনের পর প্রথম সভার তারিখ হইতে পরবর্তী পাঁচ বৎসর পর্যন্ত উক্ত পৌরসভার মেয
10. <other_922_s28> [জাতীয় সংসদ (সংরক্ষিত মহিলা আসন) নির্বাচন আইন, ধারা ২৮] আসন বণ্টন ও ভোট গণনার পদ্ধতির নমুনা — (১) এই আইন অনুযায়ী রাজনৈতিক দল বা জোটের অনুকূলে আসন বণ্টনের পদ্ধতির নমুনা প্রথম তফসিলে দেওয়া হইয়াছে।(২) এই ",other_36_s39,own_search,answered,2,
lawy_0317_01,Iftiaq,VERIFY,একই জমি একাধিক ব্যক্তির কাছে বিক্রিতে কোন দলিলটি টিকবে?,"1. <other_749_s15> [জাতীয় মহিলা সংস্থা আইন, ১৯৯১, ধারা ১৫] কতিপয় ক্ষেত্রে একই ব্যক্তির একাধিক পদে থাকা নিষিদ্ধ — কোন ব্যক্তি পদাধিকার বলে ব্যতীত অন্য কোনভাবে একই সংগে পরিষদ, নির্বাহী কমিটি, জেলা কমিটি এবং উপজেলা কমিটির চেয়
2. <labour_952_s193> [বাংলাদেশ শ্রম আইন, ২০০৬, ধারা ১৯৩] দ্বৈত সদস্য পদের উপর বাধা — একই সময়ে কোন মালিক অথবা কোন শ্রমিক একই প্রতিষ্ঠানের একাধিক ট্রেড ইউনিয়নের সদস্য হইতে বা থাকিতে পারিবেন না।
3. <other_1427_s6> [হাট ও বাজার (স্থাপন ও ব্যবস্থাপনা) আইন, ২০২৩, ধারা ৬] হাট ও বাজারের জমি বন্দোবস্ত প্রদান এবং হাট ও বাজার ইজারা প্রদান — (১) হাট ও বাজারের কোনো জমি স্থায়ী বন্দোবস্ত প্রদান করা যাইবে না।(২) উপ-ধারা (১) এর বিধান সাপেক্ষে, জেলা প্রশা
4. <local_government_1026_s10> [স্থানীয় সরকার (সিটি কর্পোরেশন) আইন, ২০০৯, ধারা ১০] একাধিক পদে প্রার্থিতায় বাধা — (১) কোন ব্যক্তি একই সাথে মেয়র ও কাউন্সিলর পদে প্রার্থী হইতে পারিবেন না।(২) যদি কোন ব্যক্তি একই সাথে কোন কর্পো
5. <other_1246_s2_p3> [ক্যান্টনমেন্ট আইন, ২০১৮, ধারা ২] সংজ্ঞা — এমন কোনো স্থান যাহা বিধি মোতাবেক বাজার হিসাবে ঘোষণা করা হইয়াছে;(২২) ‘‘বাহিনী” অর্থ বাংলাদেশ সেনাবাহিনী, বাংলা
6. <local_government_1027_s27> [স্থানীয় সরকার (ইউনিয়ন পরিষদ) আইন, ২০০৯, ধারা ২৭] একাধিক পদে প্রার্থীতায় বাঁধা — (১) কোন ব্যক্তি একই সাথে চেয়ারম্যান ও সদস্য পদে প্রার্থী হইতে পারিবেন না ।(২) যদি কোন ব্যক্তি একই সাথে কোন পর
7. <other_788_s39> [কোম্পানী আইন, ১৯৯৪, ধারা ৩৯] হস্তান্তর প্রত্যয়ন — (১) কোম্পানীর শেয়ার বা ডিবেঞ্চার হস্তান্তর-দলিল কোম্পানী কর্তৃক প্রত্যয়নকৃত হইলে, তৎসম্পর্কে যে কোন ব্যক্তির
8. <local_government_1024_s29> [স্থানীয় সরকার (পৌরসভা) আইন, ২০০৯, ধারা ২৯] একাধিক পদে প্রার্থিতায় বাধা — (১) কোন ব্যক্তি একই সাথে মেয়র ও কাউন্সিলর পদে প্রার্থী হইতে পারিবেন না।(২) যদি কোন ব্যক্তি একই সাথে কোন পৌরসভ
9. <civil_registration_921_s4> [জন্ম ও মৃত্যু নিবন্ধন আইন, ২০০৪, ধারা ৪] (১) উপ-ধারা (২) এর বিধান সাপেক্ষে, জন্ম ও মৃত্যু নিবন্ধনের জন্য নিম্নবর্ণিত ব্যক্তিগণ নিবন্ধক হিসাবে দায়িত্ব 
10. <other_788_s128> [কোম্পানী আইন, ১৯৯৪, ধারা ১২৮] কোম্পানী লিখিতভাবে যে কোন ব্যক্তিকে সাধারণভাবে অথবা যে কোন নির্দিষ্ট ক্ষেত্রে বাংলাদেশের ভিতর বা বাহিরে যে কোন","other_48_s48, land_90_s47",own_search,answered,3,
prot_0115_01,Iftiaq,VERIFY,"আমরা কয়েক দিন আগে আমিনবাজারে গণপিটুনিতে ছয় ছাত্রের হত্যাকাণ্ড দেখেছি। আবার নোয়াখালীতে পুলিশের আদেশে মিলনকে গণপিটুনিতে মেরে ফেলা হয়েছে। প্রায়ই দেখা যায়, ছিনতাইকারী সন্দেহে কিংবা নানা অজুহাতে এমন গণপিটুনিতে মানুষ মারা হচ্ছে। কিন্তু এই গণপিটুনি আইনের চোখে কতটা অপরাধ? এর জন্য দায়ী ব্যক্তিদের বিরুদ্ধে কোনো আইনি ব্যবস্থা নেওয়া সম্ভব কি না, আমাদের প্রচলিত আইন কী বলে? বিস্তারিত জানালে উপকৃত হব","1. <road_transport_1262_s50> [সড়ক পরিবহণ আইন, ২০১৮, ধারা ৫০] কতিপয় ক্ষেত্রে দায়ী কর্মচারীর বিরুদ্ধে ব্যবস্থা গ্রহণ — (১) এই আইন বা অন্য কোনো আইনের অধীন কোনো সরকারি কর্মচারী তাহার উপর অর্পিত দায়িত্ব বা সেবাপ্রদানে অবহেলা বা ত্র
2. <other_1271_s24> [সরকারি চাকরি আইন, ২০১৮, ধারা ২৪] আইনি সহায়তা — (১) কোনো কর্মচারীর বিরুদ্ধে, সরকারি দায়িত্ব পালনের সহিত সম্পর্কিত কোনো বিষয়ে তাহাকে ব্যক্তিগতভাবে দায়ী করিয
3. <other_788_s229_p1> [কোম্পানী আইন, ১৯৯৪, ধারা ২২৯] বন্দোবস্ত ও আপোষ-নিষ্পত্তি সহজ করার বিধানাবলী — দেওয়া (dissolution);(ঙ) যে সকল ব্যক্তি আদালতের নির্দেশিত সময়ের মধ্যে এবং পদ্ধতিতে আপোষ-নিষ্পত্তি বা বন্দোবস্
4. <criminal_procedure_1013_s94> [বরিশাল মহানগরী পুলিশ আইন, ২০০৯, ধারা ৯৪] গলাইয়া ফেলা ইত্যাদির দণ্ড — কোন ব্যক্তি ধারা ৯৩ এ উল্লেখিত প্রকারে সংবাদ প্রাপ্তির পর পুলিশের পূর্বানুমতি ছাড়া উক্ত ধারায় উল্লেখিত সম্পত
5. <criminal_procedure_1012_s94> [সিলেট মহানগরী পুলিশ আইন, ২০০৯, ধারা ৯৪] গলাইয়া ফেলা ইত্যাদির দন্ড৷ — কোন ব্যক্তি ধারা ৯৩ এ উল্লেখিত প্রকারে সংবাদ প্রাপ্তির পর পুলিশের পূর্বানুমতি ছাড়া উক্ত ধারায় উল্লেখিত সম্পত
6. <criminal_procedure_1238_s92> [গাজীপুর মহানগরী পুলিশ আইন, ২০১৮, ধারা ৯২] গলাইয়া ফেলা, ইত্যাদির দণ্ড — কোনো ব্যক্তি ধারা ৯১ এ উল্লিখিত প্রকারে সংবাদ প্রাপ্তির পর পুলিশের পূর্বানুমতি ব্যতিরেকে উক্ত ধারায় উল্লিখিত 
7. <criminal_procedure_1239_s92> [রংপুর মহানগরী পুলিশ আইন, ২০১৮, ধারা ৯২] গলাইয়া ফেলা, ইত্যাদির দণ্ড — কোনো ব্যক্তি ধারা ৯১ এ উল্লিখিত প্রকারে সংবাদ প্রাপ্তির পর পুলিশের পূর্বানুমতি ব্যতিরেকে উক্ত ধারায় উল্লিখিত 
8. <other_726_s62> [বান্দরবান পার্বত্য জেলা পরিষদ আইন, ১৯৮৯, ধারা ৬২] জেলা পুলিশ — (১) আপাততঃ বলবত্ অন্য কোন আইনে যাহা কিছুই থাকুক না কেন, বান্দরবান পার্বত্য জেলা পুলিশের59[* * *] সাব-ইন্সপেক্ট
9. <criminal_procedure_765_s35> [রাজশাহী মহানগরী পুলিশ আইন, ১৯৯২, ধারা ৩৫] চিত্তবিনোদনের স্থানে ও জনসভায় গোলযোগের বিরুদ্ধে পুলিশের ব্যবস্থা গ্রহণ — (১) জনসাধারণকে আহ্বান করা হইয়াছে বা জনসাধারণ এর জন্য উন্মুক্ত রাখা হইয়াছে এমন কোন চিত্তবিনোদনের স্থানে বা জন
10. <other_1198_s18> [বাংলাদেশ ন্যাশনাল ক্যাডেট কোর আইন, ২০১৬, ধারা ১৮] শৃঙ্খলা-পরিপন্থি ও অপরাধমূলক কার্য ও ব্যবস্থা — (১) যদি কোন কর্মচারী বা ক্যাডেট এই আইন, বিধি বা নির্দেশাবলীর অধীন শৃঙ্খলা-পরিপন্থি কার্য হিসাবে বিবেচিত কোন কা","criminal_procedure_11_s302, criminal_procedure_11_s149, criminal_procedure_11_s34",own_search,answered,3,
prot_0086_02,Iftiaq,VERIFY,"ছয় বছর আগে কলেজে পড়ার সময় এক হিন্দুধর্মের ছেলের সঙ্গে সম্পর্ক হয়। কিছুদিন পর কাজি অফিসে আমরা বিবাহ করি; কাগজে ছেলের ধর্ম ইসলাম, ছেলের ডাকনাম এবং বাবার অন্য একটি নাম লেখা হয়। কিছুদিন পর ছেলেটা বলে, এ বিয়ের কোনো আইনগত ভিত্তি নেই। এরপর থেকে আমাদের কোনো যোগাযোগ নেই। এখন আমি অন্য কাউকে বিয়ে করতে চাইলে কি কোনো সমস্যা হবে? নাম প্রকাশে অনিচ্ছুক","1. <other_1482_s31> [বাংলাদেশ হোমিওপ্যাথিক চিকিৎসা শিক্ষা আইন, ২০, ধারা ৩১] ব্যবস্থাপত্রে অ-অনুমোদিত ঔষধ লিখিবার দণ্ড — (১) কোনো হোমিওপ্যাথিক চিকিৎসক হোমিওপ্যাথিক ফার্মাকোপিয়াতে অন্তর্ভুক্ত নেই এমন কোনো ঔষধ হোমিওপ্যাথিক চিকিৎসা ব
2. <other_1155_s32> [রাজশাহী কৃষি উন্নয়ন ব্যাংক আইন, ২০১৪, ধারা ৩২] অননুমোদিতভাবে ব্যাংকের নাম ব্যবহারের দন্ড — (১) ব্যাংকের লিখিত সম্মতি ব্যতীত কোন প্রসপেকটাস, বিজ্ঞাপন বা অন্য কোথাও ব্যাংকের নাম ব্যবহার করা যাইবে না।(২) 
3. <other_1684_s21> [মানব পাচার ও অভিবাসী চোরাচালান প্রতিরোধ ও দম, ধারা ২১] সংবাদ মাধ্যমে মানব পাচার বা চোরাচালানের শিকার ব্যক্তির পরিচয় প্রকাশের অপরাধ ও উহার দণ্ড — (১) যদি কোনো ব্যক্তি ট্রাইব্যুনালের অনুমতি ব্যতিরেকে মানব পাচার বা অভিবাসী চোরাচালানের শিকার কোনো ব্যক্তির নাম
4. <women_children_1256_s2> [যৌতুক নিরোধ আইন, ২০১৮, ধারা ২] সংজ্ঞা — বিষয় বা প্রসঙ্গের পরিপন্থি কোনো কিছু না থাকিলে,-(ক) ‘‘পক্ষ’’ অর্থ এই আইনের উদ্দেশ্য পূরণকল্পে, বিবাহের বর বা 
5. <other_1106_s14> [মূল্য সংযোজন কর ও সম্পূরক শুল্ক আইন, ২০১২, ধারা ১৪] নিবন্ধিত বা তালিকাভুক্তব্যক্তি অর্থনৈতিক কার্যক্রম সংশ্লিষ্ট নিম্নবর্ণিত তথ্যের পরিবর্তনের ক্ষেত্রে, নির্ধারিত
6. <women_children_835_s14> [নারী ও শিশু নির্যাতন দমন আইন, ২০০০, ধারা ১৪] সংবাদ মাধ্যমে 1 [নির্যাতনের শিকার] নারী ও শিশুর পরিচয় প্রকাশের ব্যাপারে বাধা-নিষেধ — (১) এই আইনে বর্ণিত অপরাধের শিকার হইয়াছেন এইরূপ নারী বা শিশুর ব্যাপারে সংঘটিত অপরাধ বা তত্সম্পর্কিত আইনগত কার্
7. <other_1246_s204> [ক্যান্টনমেন্ট আইন, ২০১৮, ধারা ২০৪] মামলার নোটিশ প্রদান — (১) কোনো ব্যক্তি বোর্ডের কোনো আদেশ দ্বারা সংক্ষুব্ধ হইয়া কোনো দেওয়ানি মামলা দায়ের করিতে চাহিলে, তিনি তামাদি
8. <other_1709_s2_p3> [জাতীয় উপাত্ত ব্যবস্থাপনা আইন, ২০২৬, ধারা ২] সংজ্ঞা — ন্যূনতমতা, উদ্দেশ্য-সীমাবদ্ধতা ও নিরীক্ষা যোগ্যতার নীতি অনুসরণে প্রতিষ্ঠিত ও ব্যবহৃত হইবে; (১৬) “নির্বাহী চেয়
9. <other_1727_s35> [জুয়া প্রতিরোধ আইন, ২০২৬, ধারা ৩৫] ফৌজদারি কার্যবিধির প্রযোজ্যতা — এই আইনের যে সকল ক্ষেত্রে সুনির্দিষ্ট কোনো বিধান নেই সেইক্ষেত্রে অপরাধের তদন্ত, বিচার, তল্লাশি, জব্দ, গ্রেপ্তার
10. <family_1444_s6_p0> [পারিবারিক আদালত আইন, ২০২৩, ধারা ৬] মোকদ্দমা দায়ের — (১) এই আইনের অধীন কোনো মোকদ্দমা সেই পারিবারিক আদালতে আরজি দাখিলের মাধ্যমে দায়ের করিতে হইবে যাহার এখতিয়ারের স","criminal_procedure_11_s496, family_1444_s5",own_search,answered,3,
ajke_0188_01,Iftiaq,VERIFY,"প্রশ্ন: বাবা মারা যাওয়ার পর ২০১৯ সাল থেকে আমরা চার ভাইবোন মিলে ব্যবসা দেখাশোনা শুরু করি। হঠাৎ মারা যাওয়ায় তিনি ব্যবসা বা অন্যান্য সম্পত্তি ভাগাভাগি করে দিয়ে যেতে পারেননি। প্রথম দিকে ভাইয়েরা আমাকে ব্যবসা সামলাতে দিয়ে নিজেদের কাজ করতে থাকে। ব্যবসা ঘুরে দাঁড়ানোর পর তারা এখন খাতা-কলমে নিজেদের ভাগ বুঝে নিতে চাইছে। আমি আমার ন্যায্য পাওনা পেতে চাই। আমি আসলে কতটুকু সম্পত্তি পাব? সম্পত্তি আমার বাবার নামেই আছে। ব্যবসা আমার মায়ের নামে। তিনিও গত মাসে মারা গেছেন। আমি বুঝতে চাইছি, ভাগাভাগির ক্ষেত্রে হিসাবটা কেমন হবে? ব্যবসাটা আমার নিজের হাতে দাঁড় করানো। এখান থেকে কি সবাই সমান বেনিফিট পাবে?","1. <other_751_s7_p1> [ব্যাংক-কোম্পানী আইন, ১৯৯১, ধারা ৭] ব্যাংক-কোম্পানীর কার্যাবলী — উহাদিগকে নিরাপদ হেফাজতে বা অন্যভাবে রাখিবার জন্য গ্রহণ;(ট) গচ্ছিত বস্তুর নিরাপত্তার জন্য ভল্টের ব্যবস্থা গ্রহণ
2. <other_1429_s27_p1> [আয়কর আইন, ২০২৩, ধারা ২৭] বাংলাদেশে উপচিত বা উদ্ভূত বলিয়া গণ্য আয় — বাংলাদেশের বাহিরে পরিশোধিত কোনো লভ্যাংশ;(ঙ) সুদ হিসাবে প্রদেয় কোনো আয়, যদি তাহা-(অ) বাংলাদেশ সরকার কর্তৃক প্
3. <other_812_s84_p6> [দেউলিয়া বিষয়ক আইন, ১৯৯৭, ধারা ৮৪] দেনাদারের অপরাধ ও উহাদের দণ্ড — সম্পত্তি বাবদ তত্কর্তৃক প্রাপ্ত পণ্যের হিসাব প্রদান করিতে ব্যর্থ হন, তাহা হইলে, দেনাদার তাহার ব্যবসা-বাণিজ্যের
4. <other_751_s32> [ব্যাংক-কোম্পানী আইন, ১৯৯১, ধারা ৩২] নূতন ব্যবসা কেন্দ্র চালু বা বর্তমান ব্যবসা কেন্দ্র স্থানান্তরের উপর বাধা-নিষেধ — (১) বাংলাদেশ ব্যাংকের লিখিত পূর্ব অনুমোদন ব্যতিরেকে-(ক) কোন ব্যাংক-কোম্পানী বাংলাদেশের কোথাও কোন নূতন ব্যবসা ক
5. <other_1152_s17_p2> [ইনভেস্টমেন্ট কর্পোরেশন অব বাংলাদেশ আইন, ২০১৪, ধারা ১৭] কর্পোরেশনের ব্যবসা পরিচালনার ক্ষমতা — অনুমোদিত এই ধরনের অন্য কোন শর্তাধীনে ক্রয় বা অন্যভাবে অর্জন, মালিকানা গ্রহণ, বিক্রয়, হস্তান্তর এবং বিনিময়;(
6. <labour_952_s157> [বাংলাদেশ শ্রম আইন, ২০০৬, ধারা ১৫৭] নোটিশ ও দাবী — (১) কোন শ্রম আদালত ৰতিপূরণের কোন দাবী বিবেচনায় আনিবে না যদি না দুর্ঘটনা ঘটিবার পর যতশীঘ্র সম্ভব এতদ্নিম্নে বর
7. <other_1429_s36> [আয়কর আইন, ২০২৩, ধারা ৩৬] ভাড়া হইতে আয় — (১) কোনো ব্যক্তির কোনো সম্পত্তির ভাড়া প্রদান হইতে অর্জিত মোট ভাড়ামূল্য হইতে এই অধ্যায়ে বর্ণিত সর্বমোট অনুমো
8. <other_1429_s191> [আয়কর আইন, ২০২৩, ধারা ১৯১] বন্ধ ব্যবসার ক্ষেত্রে কর নির্ধারণ — (১) ধারা ১৮৯ এর বিধান ব্যতিরেকে, যেইক্ষেত্রে কোনো অর্থবর্ষে কোনো ব্যবসা বন্ধ হয়, সেইক্ষেত্রে উক্ত বৎসরের কর ন
9. <other_1478_s6> [ফাইন্যান্স কোম্পানি আইন, ২০২৩, ধারা ৬] ব্যবসা কেন্দ্র, শাখা বা বুথ স্থাপন ও বিদ্যমান ব্যবসা স্থানান্তরের ক্ষেত্রে বাধা-নিষেধ — (১) বাংলাদেশ ব্যাংকের লিখিত পূর্বানুমোদন ব্যতিরেকে কোনো ফাইন্যান্স কোম্পানি বাংলাদেশের অভ্যন্তরে বা বাংলাদেশের
10. <other_1037_s7> [বীমা আইন, ২০১০, ধারা ৭] ইসলামী বীমা ব্যবসা৷ — (১) এই আইন কার্যকর হইবার পূর্বেInsurance Act, 1938এর অধীন নিবন্ধিত যেই সকল বীমাকারী ইসলামী বীমা ব্যবসা পরিচালন",unanswerable,none,unanswerable,3,
prot_0100_06,Iftiaq,VERIFY,৪. এবং উত্তরাধিকার প্রমাণের জন্য বাংলাদেশের উত্তরাধিকারের কী কী ডকুমেন্টের প্রয়োজন হবে?,"1. <money_recovery_876_s29> [সমবায় সমিতি আইন, ২০০১, ধারা ২৯] Limitation Act, 1908(Act No. IX of 1908) এ ভিন্নতর যাহা কিছুই থাকুক না কেন,-(ক) কোন সদস্য বা সাবেক সদস্য বা বহ
2. <other_1429_s190> [আয়কর আইন, ২০২৩, ধারা ১৯০] মৃত্যু ব্যতীত অন্য কোনোভাবে উত্তরাধীকারসূত্রে প্রাপ্ত ব্যবসায়ের কর নির্ধারণ — (১) যেইক্ষেত্রে কোনো আয়বর্ষে মৃত্যু ব্যতীত অন্য কোনোভাবে কোনো ব্যক্তি অন্য কোনো ব্যক্তির কোনো ব্যবসায়ের উত্ত
3. <other_817_s9> [বিমান-নিরাপত্তা বিরোধী অপরাধ দমন আইন, ১৯৯৭, ধারা ৯] বিমানে সংঘটিত অপরাধের ব্যাপারে সাক্ষ্যগ্রহণ সংক্রান্ত বিধান — (১)Evidence Act, 1872(Act 1 of 1872) এ যাহা কিছুই থাকুক না কেন যে ক্ষেত্রে কোন বিমান উড্ডয়নে থাকাকালে উহাতে স
4. <women_children_1207_s12> [বাল্যবিবাহ নিরোধ আইন, ২০১৭, ধারা ১২] বয়স প্রমাণের দলিল — বিবাহ বন্ধনে আবদ্ধ বা আবদ্ধ হইতে ইচ্ছুক নারী বা পুরুষের বয়স প্রমাণের জন্য জন্ম নিবন্ধন সনদ, জাতীয় পরিচয় পত্
5. <other_1476_s211> [কাস্টমস আইন, ২০২৩, ধারা ২১১] বৈধ কর্তৃত্ব, ইত্যাদি প্রমাণের দায়ভার। — যখন কোনো ব্যক্তি এই আইনের অধীন কোনো অপরাধ সংঘটিত করিয়াছেন বলিয়া অভিযোগ করা হয় এবং প্রশ্ন উত্থাপিত হয় যে বৈ
6. <other_812_s56> [দেউলিয়া বিষয়ক আইন, ১৯৯৭, ধারা ৫৬] প্রমাণের পদ্ধতি — (১) কোন দেনার সত্যতা প্রতিপাদন করতঃ (verify) একটি এফিডেভিট আদালতে দাখিল করিয়া বা রেজিষ্টার্ড ডাকযোগে প্রেরণ ক
7. <land_1449_s2_p0> [ভূমি উন্নয়ন কর আইন, ২০২৩, ধারা ২] সংজ্ঞা — বিষয় বা প্রসঙ্গের পরিপন্থি কোনো কিছু না থাকিলে, এই আইনে,-(১) ‘অকৃষি ভূমি’ অর্থNon-Agricultural Tenancy Act, 1
8. <other_1246_s214> [ক্যান্টনমেন্ট আইন, ২০১৮, ধারা ২১৪] সামরিক আবাসিক প্রকল্পের সম্পত্তি হস্তান্তর — কোনো সামরিক আবাসিক প্রকল্পে কোনো প্লট বা উক্ত প্লটে নির্মিত কোনো ফ্ল্যাট, উত্তরাধিকার মূলে স্বত্ব হস্তান্তরিত 
9. <other_1106_s123> [মূল্য সংযোজন কর ও সম্পূরক শুল্ক আইন, ২০১২, ধারা ১২৩] কার্যধারায় সাক্ষ্য প্রমাণের দায় — (১) কমিশনার (আপীল) ও292[আপিল ট্রাইব্যুনালের] কোন কার্যধারায় বিচার্য বিষয় প্রমাণের ক্ষেত্রে নির্ধারিত পদ্ধতিত
10. <constitutional_957_s94> [গণপ্রজাতন্ত্রী বাংলাদেশের সংবিধান, অনুচ্ছেদ ৯৪] সুপ্রীম কোর্ট প্রতিষ্ঠা — (১) ""বাংলাদেশ সুপ্রীম কোর্ট"" নামে বাংলাদেশের একটি সর্বোচ্চ আদালত থাকিবে এবং আপীল বিভাগ ও হাইকোর্ট বিভাগ লইয়া ",family_138_s372,own_search,answered,3,
prot_0043_05,Iftiaq,VERIFY,"আমার তালাক হয়েছে ২০১১ সালে। এখন আমার সাবেক স্বামী আবার আমাকে বিয়ে করতে চাইছে। এই বিয়ে কি ইসলামি আইনে হতে পারে? আমার মা-বাবা সব সময় এই বিয়ের জন্য আমাকে মানসিক চাপের মধ্যে ফেলে দেয়। আমার একটা মেয়ে আছে। আমার সাবেক স্বামীর সঙ্গে যখন থাকতাম তখন সে আমাকে শারীরিক ও মানসিকভাবে খুবই অত্যাচার করত। কিন্তু আমার পরিবারের সবাই তার অন্যায় আচরণগুলো মেনে নিত, এখনো পর্যন্ত সবাই ওকেই সমর্থন করে। নিজেকে বড় অসহায় লাগে। এ মুহূর্তে আমি কী করতে পারি? তানহা নাটোর","1. <other_822_s10> [পার্বত্য চট্টগ্রাম আঞ্চলিক পরিষদ আইন, ১৯৯৮, ধারা ১০] সম্পত্তি সম্পর্কিত ঘোষণা — চেয়ারম্যান ও প্রত্যেক সদস্য তাহার কার্যভার গ্রহণের পূর্বে তাহার এবং তাঁহার পরিবারের কোন সদস্যের স্বত্ব, দখল ব
2. <local_government_1027_s41> [স্থানীয় সরকার (ইউনিয়ন পরিষদ) আইন, ২০০৯, ধারা ৪১] সম্পত্তি সম্পর্কিত ঘোষণা — চেয়ারম্যান ও সদস্য তাঁহার কার্যভার গ্রহণের পূর্বে তাঁহার এবং তাঁহার পরিবারের কোন সদস্যের স্বত্ব, দখল বা স্বার
3. <other_1485_s9> [বাংলাদেশ পুলিশ কল্যাণ তহবিল আইন, ২০২৩, ধারা ৯] মৃত্যু এবং অক্ষমতাজনিত কারণে এককালীন এবং মাসিক কল্যাণ অনুদান — (১) কোনো কর্মচারী বা তাহার মৃত্যু হইলে তাহার স্ত্রী বা, ক্ষেত্রমত, স্বামী, বিধি দ্বারা নির্ধারিত পদ্ধতিতে, নিম
4. <other_1196_s2> [রাষ্ট্রপতির অবসরভাতা, আনুতোষিক ও অন্যান্য সু, ধারা ২] সংজ্ঞা — বিষয় বা প্রসঙ্গের পরিপন্থি কোন কিছু না থাকিলে, এই আইনে-(১) ‘‘অবসরভাতা’’ অর্থ এইরূপ কোন ভাতা, যাহা কোন সাবেক র
5. <other_1266_s2_p2> [বাংলাদেশ মুক্তিযোদ্ধা কল্যাণ ট্রাস্ট আইন, ২০, ধারা ২] সংজ্ঞা — জামায়াতে ইসলামী এবং তাহাদের সহযোগী রাজাকার, আলবদর, আলশামস বাহিনীর বিরুদ্ধে গণপ্রজাতন্ত্রী বাংলাদেশের স্বাধীনত
6. <local_government_827_s10> [উপজেলা পরিষদ আইন, ১৯৯৮, ধারা ১০] সম্পত্তি সম্পর্কিত ঘোষণা — 14[চেয়ারম্যান ও ভাইস চেয়ারম্যান ] তাঁহার কার্যভার গ্রহণের পূর্বে তাঁহার এবং তাঁহার পরিবারের কোন সদস্যের স্বত
7. <other_1203_s41> [বাংলাদেশ জীববৈচিত্র্য আইন, ২০১৭, ধারা ৪১] বিপন্ন প্রাণী বা জীবসম্পদের উপর বিরূপ প্রভাব সৃষ্টিকারী কার্যক্রম গ্রহণের দণ্ড — যদি কোনো ব্যক্তি এইরূপ কোন কার্যক্রম গ্রহণ করেন, যাহা-(ক) বিপন্ন প্রজাতির উপর বিরূপ প্রভাব ফেলে বা ফেলিতে পারে
8. <other_1271_s46> [সরকারি চাকরি আইন, ২০১৮, ধারা ৪৬] অক্ষমতাজনিত অবসর — (১) কোনো সরকারি কর্মচারী শারীরিক অথবা মানসিক অসামর্থ্য বা বৈকল্যের কারণে সরকারি কর্ম সম্পাদনে নিজেকে অক্ষম মনে
9. <money_recovery_876_s29> [সমবায় সমিতি আইন, ২০০১, ধারা ২৯] Limitation Act, 1908(Act No. IX of 1908) এ ভিন্নতর যাহা কিছুই থাকুক না কেন,-(ক) কোন সদস্য বা সাবেক সদস্য বা বহ
10. <other_788_s235> [কোম্পানী আইন, ১৯৯৪, ধারা ২৩৫] প্রদায়ক হিসাবে বর্তমান ও সাবেক সদস্যদের দায়-দায়িত্ব — (১) কোন কোম্পানীর অবলুপ্তির ক্ষেত্রে, প্রত্যেক বর্তমান ও সাবেক-সদস্য, এই ধারার বিধানাবলী অনুসারে, কোম্পানীর ঋণ",family_305_s7,own_search,answered,3,
prot_0047_06,Iftiaq,VERIFY,"আমি একজন সরকারি চাকরিজীবী। তিন বছর আগে ভালোবেসে একটি মেয়েকে বিয়ে করি। আমার একটি ছেলেসন্তান আছে, তার বয়স ১৮ মাস। সন্তান হওয়ার পর জানতে পারি আমার স্ত্রীর সঙ্গে অন্য একজনের সম্পর্ক আছে। মাঝেমধ্যে আমার স্ত্রী তার বাবার বাড়িতে গিয়ে সেই লোকের সঙ্গে শারীরিক সম্পর্ক করে। বিষয়টি আমি নিজের চোখে দেখি এবং আমার শাশুড়িকে জানাই। আমার শাশুড়ি মানসম্মানের ভয় দেখিয়ে বিষয়টি আমাকে গোপন রাখতে বলেন এবং গোপন রাখার শর্তে আমার শ্বশুরের নামে ক্রয় করা তিন শতাংশ জমি আমার নামে লিখে দেন সাফকবলা দলিল হিসেবে। দলিলে উল্লেখ আছে আমি শ্বশুরের কাছ থেকে ৫০ হাজার টাকা মূল্যে জমিটি কিনেছি। কিন্তু এখন শ্বশুরবাড়ির লোকেরা আমাকে বাধ্য করছেন মেয়েকে তালাক দেওয়ার জন্য। তাঁদের উদ্দেশ্য হলো দেনমোহর আদায় করা। এখন আমি যদি তাকে তালাক দিই তাহলে আমাকে কী কী ব্যবস্থা নিতে হবে? তালাকের পর সেই জমি তারা দাবি করতে পারবে কি না? সেই সঙ্গে সন্তানটির কী হবে?","1. <other_812_s84_p3> [দেউলিয়া বিষয়ক আইন, ১৯৯৭, ধারা ৮৪] দেনাদারের অপরাধ ও উহাদের দণ্ড — উদ্দেশ্য ছিল না, তাহা হইলে উক্তরূপ কোন কাজ অথবা উহাতে তাহার জড়িত থাকা কোন অপরাধ হইবে না; (ঞ) দেনাদার কর্তৃক ব
2. <other_1412_s6_p0> [বেসরকারি মেডিকেল কলেজ ও ডেন্টাল কলেজ আইন, ২০, ধারা ৬] বেসরকারি মেডিকেল কলেজ বা ডেন্টাল কলেজ স্থাপনের শর্তাবলি — এই আইনের অধীন বেসরকারি মেডিকেল কলেজ বা ডেন্টাল কলেজ স্থাপনের লক্ষ্যে নিম্নবর্ণিত শর্তাবলি পূরণ করিতে হইবে, যথা
3. <criminal_procedure_1013_s52> [বরিশাল মহানগরী পুলিশ আইন, ২০০৯, ধারা ৫২] নিয়োগপত্র, প্রভৃতি ফেরত দিতে গাফিলতি বা অস্বীকৃতি জ্ঞাপনের দণ্ড — কোন পুলিশ কর্মকর্তা বাহিনীর সহিত সম্পর্ক ছিন্ন হওয়ার অব্যবহিত পরে তাহার নিয়োগপত্র, অস্ত্র, পোশাক ও অন্যান্য 
4. <criminal_procedure_1012_s52> [সিলেট মহানগরী পুলিশ আইন, ২০০৯, ধারা ৫২] নিয়োগপত্র, প্রভৃতি ফেরৎ দিতে গাফিলতি বা অস্বীকৃতি জ্ঞাপনের দণ্ড — কোন পুলিশ কর্মকর্তা বাহিনীর সহিত সম্পর্ক ছিন্ন হওয়ার অব্যবহিত পরে তাহার নিয়োগপত্র, অস্ত্র, পোশাক ও অন্যান্য 
5. <criminal_procedure_1239_s95> [রংপুর মহানগরী পুলিশ আইন, ২০১৮, ধারা ৯৫] প্রবেশ টিকেট অতিরিক্ত মূল্যে বিক্রয়ের দণ্ড — কোনো ব্যক্তি জনসাধারণের প্রমোদাগারের বিক্রিত টিকেট যে মূল্যে ক্রয় করিয়াছেন, উহার অধিক মূল্যে বিক্রয় বা বিক্
6. <criminal_procedure_1238_s95> [গাজীপুর মহানগরী পুলিশ আইন, ২০১৮, ধারা ৯৫] প্রবেশ টিকেট অতিরিক্ত মূল্যে বিক্রয়ের দণ্ড — কোনো ব্যক্তি জনসাধারণের প্রমোদাগারের বিক্রিত টিকেট যে মূল্যে ক্রয় করিয়াছেন, উহার অধিক মূল্যে বিক্রয় করিলে ব
7. <other_1375_s22> [শিশু দিবাযত্ন কেন্দ্র আইন, ২০২১, ধারা ২২] সংক্রামক রোগের বিস্তার এবং তথ্যগোপনের অপরাধ ও দণ্ড — যদি কোনো ব্যক্তি কোনো কেন্দ্রে-ক) সংক্রামক রোগের বিস্তার ঘটান বা বিস্তার ঘটিতে সহায়তা করেন, বা জ্ঞাত থাকা সত্
8. <criminal_procedure_1239_s50> [রংপুর মহানগরী পুলিশ আইন, ২০১৮, ধারা ৫০] সনদপত্র, প্রভৃতি ফেরত প্রদানে গাফিলতি বা অস্বীকৃতি জ্ঞাপনের দণ্ড — কোনো পুলিশ অফিসার বাহিনীর সহিত সম্পর্ক ছিন্ন হইবার অব্যবহিত পরে তাহার সনদপত্র, অস্ত্র, পোশাক ও অন্যান্য দ্রব্য
9. <criminal_procedure_1238_s50> [গাজীপুর মহানগরী পুলিশ আইন, ২০১৮, ধারা ৫০] সনদপত্র, প্রভৃতি ফেরত প্রদানে গাফিলতি বা অস্বীকৃতি জ্ঞাপনের দণ্ড — কোনো পুলিশ অফিসার বাহিনীর সহিত সম্পর্ক ছিন্ন হইবার অব্যবহিত পরে তাহার সনদপত্র, অস্ত্র, পোশাক ও অন্যান্য দ্রব্য
10. <criminal_procedure_1239_s96> [রংপুর মহানগরী পুলিশ আইন, ২০১৮, ধারা ৯৬] রাস্তায় গবাদি পশু ছাড়িয়া দেওয়ার অথবা কাহারও সম্পত্তিতে অনধিকার প্রবেশ করিতে দেওয়ার দণ্ড — কোনো ব্যক্তি নিজের অথবা স্বীয় দায়িত্বাধীন গবাদি পশু রাস্তায় চরাইলে বা চরাইতে দিলে অথবা কাহারও সম্পত্তিতে অন","family_305_s7, other_48_s54, family_64_s25",own_search,answered,3,
prot_0085_02,Iftiaq,VERIFY,"আমার ছোট ভাই স্নাতক দ্বিতীয় বর্ষে পড়ত। প্রায় দুই বছর হলো সে সিঙ্গাপুরে আছে। সিঙ্গাপুর যাওয়ার দুই মাস পর আমরা জানতে পারি, সে দেশে থাকতে একটি মেয়েকে পছন্দ করত। তখন থেকে আমরা তাকে বোঝানোর চেষ্টা করি। কিন্তু সে অন্য পথে যায়। ফোন করে অন্য একজনের কাছে। দুজন লোক মেয়েটিকে পাইয়ে দেওয়ার আশ্বাস দেয়। বিনিময়ে তারা টাকা নিচ্ছে আমার ছোট ভাইয়ের কাছ থেকে। এখন সমস্যা হচ্ছে, সে বাড়িতে ফোন করে উল্টাপাল্টা কথা বলে। মেয়েকে ফোনে বিয়ে করতে চায়। আরও বলে, এই মেয়েকে না পেলে কোনো টাকাও দেবে না, মরে যাওয়ার ভয়ও দেখাচ্ছে। আমার আরেকটি ছোট ভাই ও ভাতিজা রয়েছে সিঙ্গাপুরে। তারা বলছে, ওকে দেখে ভারসাম্যহীন মনে হচ্ছে। ওর পছন্দের মেয়েটি নিতান্ত গরিব ঘরের। সে একসময় আমাদের বাসায় কাজ করত। এখন সে ঢাকায় একটি বাসায় কাজ করে। তাকে দুটি মোবাইল ফোনসেটও কিনে দিয়েছে আমার ছোট ভাই। একটি মেয়ের মা, অন্যটি মেয়ে ব্যবহার করে। মেয়েটি দেখতে ভালো নয়। তাদের পরিবারের সদস্যদের সম্পর্কে সবার ধারণাও ভালো না। মেয়েটির বাবা অনেক আগেই ওদের ফেলে চলে গেছে। এসব কারণে এ সম্পর্ক মেনে নেওয়া আমাদের পক্ষে সম্ভব নয়। মেয়েটির সঙ্গে আমার ছোট ভাইয়ের কোনো শারীরিক সম্পর্ক হয়নি। কারণ, সে বিদেশ যাওয়ার সময় মেয়েটির বয়স কম ছিল। দুই মাস পর ভাই দেশে ফিরবে। আমার বাবা একজন সহজ-সরল মানুষ। তিনি বলছেন, এই মেয়েকে বিয়ে করলে তিনি আত্মহত্যা করবেন। এ সমস্যা থেকে মুক্তির পথ আছে কি?","1. <other_1124_s7> [মাতৃদুগ্ধ বিকল্প, শিশু খাদ্য, বাণিজ্যিকভাবে , ধারা ৭] শিক্ষামূলক বা অন্যান্য তথ্যাদি — জন্ম-পূর্ববর্তী বা জন্ম-পরবর্তী সেবা দানের উদ্দেশ্যে কোন গর্ভবতী মহিলা বা মাতৃদুগ্ধদানকারী বা শিশুর মায়েদের স
2. <other_1682_s2_p0> [মানবদেহে অঙ্গ-প্রত্যঙ্গ সংযোজন আইন, ২০২৬, ধারা ২] সংজ্ঞা — বিষয় বা প্রসঙ্গের পরিপন্থি কোনো কিছু না থাকিলে, এই আইনে- (১) “অঙ্গ-প্রত্যঙ্গ” অর্থ মানবদেহের কিডনি, হৃৎপিণ্ড,
3. <other_822_s10> [পার্বত্য চট্টগ্রাম আঞ্চলিক পরিষদ আইন, ১৯৯৮, ধারা ১০] সম্পত্তি সম্পর্কিত ঘোষণা — চেয়ারম্যান ও প্রত্যেক সদস্য তাহার কার্যভার গ্রহণের পূর্বে তাহার এবং তাঁহার পরিবারের কোন সদস্যের স্বত্ব, দখল ব
4. <other_1403_s27> [মোংলা বন্দর কর্তৃপক্ষ আইন, ২০২২, ধারা ২৭] পণ্য বিক্রয়ের মাধ্যমে অনাদায়ি টোল আদায় — (১) কর্তৃপক্ষের কোনো ভাড়া, টোল, রেইট, ফি, মাশুল বা অন্যান্য পাওনা বা পূর্বস্বত্ব (lien) অনাদায়ি থাকিলে এবং জ
5. <local_government_1027_s41> [স্থানীয় সরকার (ইউনিয়ন পরিষদ) আইন, ২০০৯, ধারা ৪১] সম্পত্তি সম্পর্কিত ঘোষণা — চেয়ারম্যান ও সদস্য তাঁহার কার্যভার গ্রহণের পূর্বে তাঁহার এবং তাঁহার পরিবারের কোন সদস্যের স্বত্ব, দখল বা স্বার
6. <local_government_827_s8_p1> [উপজেলা পরিষদ আইন, ১৯৯৮, ধারা ৮] বা ব্যক্তিবর্গের নামে বা তাঁহার সুবিধার্থে বা তাঁহার উপলক্ষে বা কোন হিন্দু যৌথ পরিবারের সদস্য হিসাবে তাঁহার কো
7. <labour_1285_s151> [বাংলাদেশ ইপিজেড শ্রম আইন, ২০১৯, ধারা ১৫১] অন্যায় আচরণের জন্য দণ্ড — (১) কোনো ব্যক্তি ধারা ১১৫ এর উপ-ধারা (১) এ বর্ণিত কোনো কাজ করিলে, তিনি ৫০ (পঞ্চাশ) হাজার টাকা পর্যন্ত অর্থদণ্ড
8. <other_863_s7> [বাংলাদেশ শিল্পী কল্যাণ ট্রাস্ট আইন, ২০০১, ধারা ৭] ট্রাস্টের কার্যাবলী — ট্রাস্টের কার্যাবলী হইবে নিম্নরূপ, যথা:-(ক) সাধারণভাবে অসচ্ছল শিল্পীদের কল্যাণ সাধন;(খ) শিল্পীদের কল্যাণার্থে 
9. <local_government_827_s10> [উপজেলা পরিষদ আইন, ১৯৯৮, ধারা ১০] সম্পত্তি সম্পর্কিত ঘোষণা — 14[চেয়ারম্যান ও ভাইস চেয়ারম্যান ] তাঁহার কার্যভার গ্রহণের পূর্বে তাঁহার এবং তাঁহার পরিবারের কোন সদস্যের স্বত
10. <other_922_s24> [জাতীয় সংসদ (সংরক্ষিত মহিলা আসন) নির্বাচন আইন, ধারা ২৪] অসমর্থ ভোটারের ভোটদান পদ্ধতি — (১) অন্ধত্ব, পঙ্গুত্ব বা অন্য কোন শারীরিক অসমর্থতার কারণে ব্যালট পেপারে ভোটদানের জন্য কোন ভোটারের অন্য কোন ব্য",unanswerable,none,unanswerable,3,
prot_0082_01,Iftiaq,VERIFY,"আমি একজন ছাত্র। বয়স ২৫ বছর। ছয় মাস আগে আমাদের প্রতিবেশী ২১ বছর বয়সী অবিবাহিত বাকপ্রতিবন্ধী একটি মেয়ে গর্ভপাত করে। মেয়েটির পরিবারের লোকজন পূর্বশত্রুতার জের ধরে আমার ওপর এর দায়ভার চাপানোর চেষ্টা চালায় এবং মেয়েটিকেও আমার কথা ইশারায় শিখিয়ে দেয়। এলাকায় তারা প্রভাবশালী বিধায় মেয়েটির সঙ্গে জোরপূর্বক আমার বিয়ে নিবন্ধন করানোর পাঁয়তারা করলে ভয়ে আমি নিরাপদ আশ্রয়ে চলে যাই। তারা আমাকে না পেয়ে আমার মা-বাবাকে বিভিন্ন ধরনের হুমকি দিয়ে মেয়েটির নামে আমার মায়ের নিজ নামের ১৫ শতাংশ জমি কেনা হিসেবে নিবন্ধন করিয়ে নেয়। পরিস্থিতি স্বাভাবিক হলে আমি চার মাস পরে বাড়িতে ফিরে আসি এবং দুই মাস হলো বাড়িতেই থাকছি। এই দুই মাসে তারা আমাকে বিভিন্ন ধরনের হুমকি দিয়ে আসছে। শুধু তা-ই নয়, এখন তারা আমার বিরুদ্ধে মামলার পাঁয়তারা করছে। মামলা করার জন্য যদিও তাদের কাছে ডাক্তারি পরীক্ষার কাগজপত্র নেই। তবু তারা বিভিন্ন মিথ্যা সাক্ষীর মাধ্যমে মামলা করবে বলে জানায়। এ অবস্থায় আমি কী করব? যদি মামলা করে, তবে সেটি কার্যকর হবে কি?","1. <other_1246_s204> [ক্যান্টনমেন্ট আইন, ২০১৮, ধারা ২০৪] মামলার নোটিশ প্রদান — (১) কোনো ব্যক্তি বোর্ডের কোনো আদেশ দ্বারা সংক্ষুব্ধ হইয়া কোনো দেওয়ানি মামলা দায়ের করিতে চাহিলে, তিনি তামাদি
2. <other_1124_s2> [মাতৃদুগ্ধ বিকল্প, শিশু খাদ্য, বাণিজ্যিকভাবে , ধারা ২] সংজ্ঞা — বিষয় বা প্রসঙ্গের পরিপন্থী কোন কিছু না থাকিলে, এই আইনে,-(ক) ‘‘জাতীয় উপদেষ্টা কমিটি’’ অর্থ ধারা ৮ এর অধীন গঠি
3. <criminal_procedure_1012_s110> [সিলেট মহানগরী পুলিশ আইন, ২০০৯, ধারা ১১০] পুলিশ কর্মকর্তার বিরুদ্ধে আইনগত ব্যবস্থা গ্রহণ — আপাতত: বলবৎ অন্য কোন আইনে যাহা কিছুই থাকুক না কেন, এই আইন, বিধি, প্রবিধান বা তদধীন প্রদত্ত কোন আদেশ এর অধীন কো
4. <criminal_procedure_1013_s110> [বরিশাল মহানগরী পুলিশ আইন, ২০০৯, ধারা ১১০] পুলিশ কর্মকর্তার বিরুদ্ধে আইনগত ব্যবস্থা গ্রহণ — আপাতত বলবৎ অন্য কোন আইনে যাহা কিছুই থাকুক না কেন, এই আইন, বিধি, প্রবিধান বা তদধীন প্রদত্ত কোন আদেশ এর অধীনে কো
5. <other_1403_s56> [মোংলা বন্দর কর্তৃপক্ষ আইন, ২০২২, ধারা ৫৬] মামলা দায়েরের সীমাবদ্ধতা — (১) কর্তৃপক্ষের বিরুদ্ধে মামলা দায়েরে ইচ্ছুক ব্যক্তি, তাহার নাম ঠিকানাসহ মামলা দায়েরের কারণ সংবলিত লিখিত নোট
6. <other_1124_s7> [মাতৃদুগ্ধ বিকল্প, শিশু খাদ্য, বাণিজ্যিকভাবে , ধারা ৭] শিক্ষামূলক বা অন্যান্য তথ্যাদি — জন্ম-পূর্ববর্তী বা জন্ম-পরবর্তী সেবা দানের উদ্দেশ্যে কোন গর্ভবতী মহিলা বা মাতৃদুগ্ধদানকারী বা শিশুর মায়েদের স
7. <criminal_procedure_1239_s108> [রংপুর মহানগরী পুলিশ আইন, ২০১৮, ধারা ১০৮] পুলিশ অফিসারের বিরুদ্ধে আইনগত ব্যবস্থা গ্রহণ — আপাতত বলবৎ অন্য কোনো আইনে যাহা কিছুই থাকুক না কেন, এই আইন, বিধি, প্রবিধান বা তদধীন প্রদত্ত কোনো আদেশের অধীন কো
8. <criminal_procedure_1238_s108> [গাজীপুর মহানগরী পুলিশ আইন, ২০১৮, ধারা ১০৮] পুলিশ অফিসারের বিরুদ্ধে আইনগত ব্যবস্থা গ্রহণ — আপাতত বলবৎ অন্য কোনো আইনে যাহা কিছুই থাকুক না কেন, এই আইন, বিধি, প্রবিধান বা তদধীন প্রদত্ত কোনো আদেশের অধীন কো
9. <other_1135_s53> [পায়রা বন্দর কর্তৃপক্ষ আইন, ২০১৩, ধারা ৫৩] মামলা দায়েরের সীমাবদ্ধতা — (১) কর্তৃপক্ষের বিরুদ্ধে মামলা দায়েরে ইচ্ছুক ব্যক্তির নাম ঠিকানাসহ মামলা দায়েরের কারণ সংবলিত লিখিত নোটিশ কর্
10. <other_1404_s56> [চট্টগ্রাম বন্দর কর্তৃপক্ষ আইন, ২০২২, ধারা ৫৬] মামলা দায়েরের সীমাবদ্ধতা — (১) কর্তৃপক্ষের বিরুদ্ধে কোনো আদালতে মামলা দায়েরে ইচ্ছুক ব্যক্তি, তাহার নাম ঠিকানাসহ মামলা দায়েরের কারণ সংবল","other_36_s39, women_children_835_s17",own_search,answered,3,
ajke_0140_01,Iftiaq,VERIFY,"একটি ছেলের সঙ্গে ফেসবুকে আমার পরিচয় হয়েছিল। দীর্ঘ দুই বছর সম্পর্ক করার পর দুই বছর আগে পারিবারিকভাবে আমাদের বিয়ে হয়। ছেলের বাসা অন্য জেলায়। গত অক্টোবর মাসে সে আমার সঙ্গে ঝামেলা বাধায়। এরপর সে আমাকে এমন এক পরিস্থিতিতে ফেলে যে আমি আমার বাড়িতে জানাতে বাধ্য হই। এরপর আমার বাবা এসে আমাকে তার কাছে নিয়ে যায়। চার মাস ধরে সে আমার কোনো খোঁজখবর রাখছে না। আমি ঢাকাতেই থাকি। সে আমাকে সামাজিকযোগাযোগের মাধ্যমসহ সব জায়গায় ব্লক করে রেখেছে। আমি বিভিন্নভাবে অনেকবার তার সঙ্গে যোগাযোগ করার চেষ্টা করেও সফল হইনি। এখন আমি তাকে ডিভোর্স দিতে চাই। ডিভোর্স দেওয়ার পর কোনো ঝামেলা যাতে না হয়, তার জন্য আমি কীভাবে আইনি পদক্ষেপ নিতে পারি? সে কি আমার ওপর উল্টো মামলা করে হয়রানি করতে পারে?","1. <labour_952_s196> [বাংলাদেশ শ্রম আইন, ২০০৬, ধারা ১৯৬] শ্রমিকের পক্ষে অসৎ শ্রম আচরণ — (১) মালিকের বিনা অনুমতিতে কোন শ্রমিক তাহার কর্মসময়ে কোন ট্রেড ইউনিয়নের কর্মকান্ডে নিয়োজিত থাকিবেন নাঃতবে শর
2. <other_1403_s56> [মোংলা বন্দর কর্তৃপক্ষ আইন, ২০২২, ধারা ৫৬] মামলা দায়েরের সীমাবদ্ধতা — (১) কর্তৃপক্ষের বিরুদ্ধে মামলা দায়েরে ইচ্ছুক ব্যক্তি, তাহার নাম ঠিকানাসহ মামলা দায়েরের কারণ সংবলিত লিখিত নোট
3. <other_1246_s204> [ক্যান্টনমেন্ট আইন, ২০১৮, ধারা ২০৪] মামলার নোটিশ প্রদান — (১) কোনো ব্যক্তি বোর্ডের কোনো আদেশ দ্বারা সংক্ষুব্ধ হইয়া কোনো দেওয়ানি মামলা দায়ের করিতে চাহিলে, তিনি তামাদি
4. <criminal_procedure_765_s15> [রাজশাহী মহানগরী পুলিশ আইন, ১৯৯২, ধারা ১৫] পুলিশ কর্মকর্তার সাধারণ দায়িত্ব — পুলিশ কর্মকর্তার দায়িত্ব হইবে-(ক) যথাযথ কর্তৃপক্ষ কর্তৃক তাহার নিকট প্রদত্ত আইনানুগ সমন জারী পরোয়ানা বা অন্য
5. <criminal_procedure_1013_s15> [বরিশাল মহানগরী পুলিশ আইন, ২০০৯, ধারা ১৫] পুলিশ কর্মকর্তার সাধারণ দায়িত্ব — পুলিশ কর্মকর্তার দায়িত্ব হইবে -(ক) যথাযথ কর্তৃপক্ষ কর্তৃক তাহার নিকট প্রদত্ত আইনানুগ সমন জারি, পরোয়ানা বা অন
6. <criminal_procedure_1012_s15> [সিলেট মহানগরী পুলিশ আইন, ২০০৯, ধারা ১৫] পুলিশ কর্মকর্তার সাধারণ দায়িত্ব — পুলিশ কর্মকর্তার দায়িত্ব হইবে -(ক) যথাযথ কর্তৃপক্ষ কর্তৃক তাহার নিকট প্রদত্ত আইনানুগ সমন জারি, পরোয়ানা বা অন
7. <other_804_s52> [পানি সরবরাহ ও পয়ঃনিষ্কাশন কর্তৃপক্ষ আইন, ১৯৯, ধারা ৫২] দণ্ড — (১) কোন ব্যক্তি (কর্তৃপক্ষের কর্মকর্তা ও কর্মচারীসহ) তফসিলের দফা ১, ৬, ৯, ১০ বা ১৩ এর অধীন কোন অপরাধ করিলে বা 
8. <other_788_s326_p0> [কোম্পানী আইন, ১৯৯৪, ধারা ৩২৬] কতিপয় সম্পদের দাবী পরিত্যাগ — (১) অবলুপ্তির কার্যক্রম চলিতেছে এমন কোন কোম্পানীর সম্পদের কোন অংশের মধ্যে যদি দূর্বহ চুক্তির (onerous covenant
9. <other_850_s5> [সালিস আইন, ২০০১, ধারা ৫] লিখিত যোগাযোগের প্রাপ্তি — (১) পক্ষগণ ভিন্নভাবে সম্মত না হইলে, এই আইনের অধীন কোন লিখিত যোগাযোগ, নোটিশ বা সমন কোন পক্ষ বা ব্যক্তির উপর জার
10. <other_788_s395> [কোম্পানী আইন, ১৯৯৪, ধারা ৩৯৫] সীমিতদায় কোম্পানীকে মামলার খরচের জন্য জামানত দেওয়ার নির্দেশদানের ক্তমতা — যেক্ষেত্রে কোন মামলা বা অন্য কোন আইনগত কার্যধারায় কোন সীমিতদায় কোম্পানী বাদী বা আবেদনকারী হয়, সেক্ষেত্রে যদ","family_305_s8, family_305_s7",own_search,answered,3,
prot_0121_02,Iftiaq,VERIFY,"মুকুল সাহেব নাটোর। পরামর্শ: নানা যদি তাঁর সম্পত্তি ছেলেদের দান করে দিয়ে থাকেন এবং এই সম্পত্তি যদি ছেলেদের নামে হস্তান্তর করে থাকেন, তাহলে এই সম্পত্তির মালিক নানার ছেলেরা। এখানে লিখে দেওয়া বলতে কী দান বোঝাচ্ছেন?","1. <other_812_s88> [দেউলিয়া বিষয়ক আইন, ১৯৯৭, ধারা ৮৮] দায়গ্রস্ত দেউলিয়ার অপরাধ — একজন দায়গ্রস্ত দেউলিয়ার নিম্্নবর্ণিত যে কোন কাজ অপরাধ হইবে এবং উক্ত অপরাধের জন্য তিনি অনধিক ১ (এক) বত্সর সশ্
2. <land_1455_s5> [ভূমি সংস্কার আইন, ২০২৩, ধারা ৫] স্থাবর সম্পত্তির বেনামি লেনদেন — (১) কোনো ব্যক্তি নিজের উপকারার্থে কোনো স্থাবর সম্পত্তির বেনামি লেনদেন করিতে পারিবেন না।ব্যাখ্যা।-এই ধারায় ‘বে
3. <other_822_s38> [পার্বত্য চট্টগ্রাম আঞ্চলিক পরিষদ আইন, ১৯৯৮, ধারা ৩৮] পরিষদের সম্পত্তি — (১) পরিষদ প্রবিধান দ্বারা-(ক) পরিষদের উপর ন্যস্ত বা উহার মালিকানাধীন সম্পত্তির ব্যবস্থাপনা, রক্ষণাবেক্ষণ ও উন্
4. <other_725_s41> [খাগড়াছড়ি পার্বত্য জেলা পরিষদ আইন, ১৯৮৯, ধারা ৪১] পরিষদের সম্পত্তি — (১) পরিষদ প্রবিধান দ্বারা-(ক) পরিষদের উপর ন্যস্ত বা উহার মালিকানাধিন সম্পত্তির ব্যবস্থাপনা, রতগনাবেতগন ও উন্নয
5. <other_726_s41> [বান্দরবান পার্বত্য জেলা পরিষদ আইন, ১৯৮৯, ধারা ৪১] পরিষদের সম্পত্তি — (১) পরিষদ প্রবিধান দ্বারা-(ক) পরিষদের উপর ন্যস্ত বা উহার মালিকানাধীন সম্পত্তির ব্যবস্থাপনা, রক্ষণাবেক্ষণ ও উন্
6. <other_724_s41> [রাংগামাটি পার্বত্য জেলা পরিষদ আইন, ১৯৮৯, ধারা ৪১] পরিষদের সম্পত্তি — (১) পরিষদ প্রবিধান দ্বারা-(ক) পরিষদের উপর ন্যস্ত বা উহার মালিকানাধীন সম্পত্তির ব্যবস্থাপনা, রক্ষণাবেক্ষণ ও উন্
7. <other_841_s48> [জেলা পরিষদ আইন, ২০০০, ধারা ৪৮] পরিষদের সম্পত্তি — (১) সরকার, বিধি দ্বারা,-(ক) পরিষদের উপর ন্যস্ত বা উহার মালিকানাধীন সম্পত্তির ব্যবস্থাপনা, রক্ষণাবেক্ষণ ও উন্নয
8. <local_government_827_s41> [উপজেলা পরিষদ আইন, ১৯৯৮, ধারা ৪১] পরিষদের সম্পত্তি — (১) সরকার বিধি দ্বারা-(ক) পরিষদের উপর বা উহার তত্ত্বাবধানে ন্যস্ত বা উহার মালিকানাধীন সম্পত্তির ব্যবস্থাপনা, র
9. <land_856_s8> [অর্পিত সম্পত্তি প্রত্যর্পণ আইন, ২০০১, ধারা ৮] এই আইনের অধীন অবমুক্তি বা প্রত্যর্পণ সম্পন্ন হওয়ার পূর্বে কোন ব্যক্তি19[প্রত্যর্পণযোগ্য] সম্পত্তি বিক্রয়, দা
10. <local_government_1026_s80> [স্থানীয় সরকার (সিটি কর্পোরেশন) আইন, ২০০৯, ধারা ৮০] কর্পোরেশনের সম্পত্তি — (১) সরকার বিধি দ্বারা-(ক) কর্পোরেশনের মালিকানাধীন বা উহার উপর ন্যস্ত সম্পত্তির ব্যবস্থাপনা, রক্ষণাবেক্ষণ ও উন্","other_48_s122, land_90_s78A",own_search,answered,3,
lawy_0363_01,Iftiaq,VERIFY,ব্যাংকে রেখে যাওয়া মৃত ব্যাক্তির আমানত কে পাবে?,"1. <money_recovery_876_s31> [সমবায় সমিতি আইন, ২০০১, ধারা ৩১] সদস্যদের শেয়ার ও সুদের উপর দাবী এবং সমন্বয় — কোন সদস্য, সাবেক সদস্য বা মৃত সদস্যের নিকট কোন সমবায় সমিতির কোন পাওনা অপরিশোধিত থাকিলে উক্ত সমিতি উক্ত সদস্যে
2. <other_1478_s62_p0> [ফাইন্যান্স কোম্পানি আইন, ২০২৩, ধারা ৬২] অদাবিকৃত অর্থ বা আমানত সংক্রান্ত বিধান — (১) কোনো ফাইন্যান্স কোম্পানির কোনো কেন্দ্র বা শাখায় সরকার, নাবালক বা আদালতের অর্থ ব্যতীত অন্য কাহারো পরিশোধযো
3. <money_recovery_876_s39> [সমবায় সমিতি আইন, ২০০১, ধারা ৩৯] সাবেক ও মৃত সদস্যের দায় — কোন সদস্যের সদস্য পদের অবসান হইলে বা মৃত্যু হইলে এবং অবসান বা মৃত্যুর তারিখে সমবায় সমিতির নিকট তাঁহার কোন দায
4. <other_1415_s21> [বাংলাদেশ তেল, গ্যাস ও খনিজসম্পদ কর্পোরেশন আ, ধারা ২১] বিনিয়োগ — কর্পোরেশন, উহার তহবিল, যে কোনো তপশিলি ব্যাংকে মেয়াদি আমানত হিসাবে অথবা সরকার অনুমোদিত সিকিউরিটিজ খাতে বিনিয়ো
5. <other_1246_s92> [ক্যান্টনমেন্ট আইন, ২০১৮, ধারা ৯২] ক্যান্টনমেন্ট বোর্ড তহবিল — (১) প্রত্যেকে ক্যান্টনমেন্ট বোর্ডের জন্য একটি বোর্ড তহবিল গঠন করা হইবে এবং বোর্ড দ্বারা বা উহার পক্ষে প্রাপ্ত 
6. <other_1703_s27> [আমানত সুরক্ষা আইন, ২০২৬, ধারা ২৭] প্রিমিয়াম পরিশোধে ব্যর্থতার জরিমানা — (১) যদি কোনো সদস্য প্রতিষ্ঠান, নির্ধারিত সময়ের মধ্যে, ধার্যকৃত প্রিমিয়াম পরিশোধ করিতে ব্যর্থ হয়, তাহা হইলে,
7. <other_1703_s10> [আমানত সুরক্ষা আইন, ২০২৬, ধারা ১০] আমানত সুরক্ষা তহবিল গঠন ও ব্যবস্থাপনা — (১) এই আইনের উদ্দেশ্য পূরণকল্পে, ব্যাংক কোম্পানি ও ফাইন্যান্স কোম্পানির আমানতকারীগণের সুরক্ষা প্রদানের জন্য নি
8. <money_recovery_876_s33> [সমবায় সমিতি আইন, ২০০১, ধারা ৩৩] সমবায় সমিতির তহবিল বিনিয়োগ — সমবায় সমিতি উহার তহবিল নিম্নবর্ণিতভাবে বিনিয়োগ বা জমা রাখিতে পারিবে:(ক) কোন তফসিলী ব্যাংক বা আর্থিক প্রতিষ্ঠ
9. <other_1703_s23> [আমানত সুরক্ষা আইন, ২০২৬, ধারা ২৩] সুরক্ষিত আমানত পরিশোধ পদ্ধতি — (১) এই আইনের ধারা ১৬ এর উপ-ধারা (১) এর অধীন সুরক্ষিত আমানত পরিশোধের উদ্দেশ্যে, অবসায়ক, অবসায়নের আদেশে উল্লিখ
10. <other_1429_s194> [আয়কর আইন, ২০২৩, ধারা ১৯৪] মৃত ব্যক্তির ক্ষেত্রে আয়কর নির্ধারণ — (১) কোনো ব্যক্তি মৃত্যুবরণ করিলে, তাহার আইনগত প্রতিনিধি এই আইনের অধীন প্রদেয় কোনো কর বা অন্য কোনো অর্থ প্রদান",other_751_s103,own_search,answered,3,
prot_0078_01,Iftiaq,VERIFY,"একটি মেয়ের সঙ্গে আমার পরিচয় ২০০৬ সালে। সে একটি বিশ্ববিদ্যালয়ের ছাত্রী। দুজন দুজনকে প্রচণ্ড ভালোবাসতাম। ২০০৮ সালে আমরা ইসলামি শরিয়ত মতে কাবিন করে বিয়ে করি। আমিও চাকরির কারণে চট্টগ্রাম শহরে বাসা নিয়ে থাকতাম। তাই বিয়ের পর আমরা দুজন স্বামী-স্ত্রী হিসেবে প্রায়ই একসঙ্গে ছিলাম। বিয়ের বিষয়টি আমার পরিবার ও বন্ধু মহল জানলেও মেয়েটি তার পরিবারকে কিছুই জানায়নি। আমি বরাবরই বিয়ের বিষয়টি আনুষ্ঠানিকভাবে তার পরিবারকে জানাতে চাইলে সে বলত, আর কিছুদিন পর। এভাবে দেখতে দেখতে ২০১০ সালের শুরুতে সে অন্তঃসত্ত্বা হয়ে পড়ে। বিষয়টি তার মা জানতে পারেন। এরপর আমিও তার পরিবারের কাছে আমাদের সম্পর্ক ও বিয়ের বিষয়টি জানাই। মেয়েটি পরিবারের চাপে আমার সঙ্গে যোগাযাগ একটু কমিয়ে দেয়। পরে আমি জানতে পারি, তার গর্ভপাত করানো হয়েছে।কয়েক দিন পর ওরা বাসা পরিবর্তন করে ফেলে। আমি অনেক চেষ্টা করেও তার সঙ্গে যোগাযোগ করতে পারছিলাম না। তার পরিবার তাকে এক প্রবাসী ছেলের সঙ্গে বিয়ে দেয়। এ অবস্থায় আমি আইনানুগ কী ব্যবস্থা নিতে পারি? মেয়েটির দ্বিতীয় বিয়ে কি শরিয়ত ও আইনগতভাবে বৈধ হয়েছে? উল্লেখ্য, আমাদের একসঙ্গে বিদেশে পড়তে যাওয়ার কথা ছিল। তার পাসপোর্টে স্বামী হিসেবে আমার নাম আছে।নাম প্রকাশে অনিচ্ছুক","1. <other_857_s11> [বাংলাদেশ টেলিযোগাযোগ নিয়ন্ত্রণ আইন, ২০০১, ধারা ১১] পরিবারের সদস্যের কতিপয় স্বার্থ সম্পর্কে কমিশনারের দায়িত্ব — (১) কোন কমিশনারের পরিবারের কোন সদস্য যদি ধারা ১০(২)(ছ)- েত উলিস্্নখিত স্বার্থ অর্জন বা ধারণ করেন, তাহা হইলে তি
2. <other_1485_s9> [বাংলাদেশ পুলিশ কল্যাণ তহবিল আইন, ২০২৩, ধারা ৯] মৃত্যু এবং অক্ষমতাজনিত কারণে এককালীন এবং মাসিক কল্যাণ অনুদান — (১) কোনো কর্মচারী বা তাহার মৃত্যু হইলে তাহার স্ত্রী বা, ক্ষেত্রমত, স্বামী, বিধি দ্বারা নির্ধারিত পদ্ধতিতে, নিম
3. <women_children_1119_s56> [শিশু আইন, ২০১৩, ধারা ৫৬] আইনগত প্রতিনিধির উপস্থিতি — (১) ধারা ৫৫ এর উপ-ধারা (৩) এর অধীন শিশুর পক্ষে নিযুক্ত আইনজীবীকে সংশ্লিষ্ট মামলার সকল শুনানীতে অবশ্যই হাজির থা
4. <other_609_s43> [ইসলামী বিশ্ববিদ্যালয় আইন, ১৯৮০, ধারা ৪৩] কর্তৃপক্ষ এবং সংস্থাসমূহের গঠন সম্পর্কিত মতবিরোধ — এই আইনে অথবা সংবিধিতে অথবা অধ্যাদেশসমূহে এমন কোন বিধান বিদ্যমান না থাকার কারণে যদি কোন কর্তৃপক্ষের বা বিশ্ববিদ
5. <other_848_s7> [বেসরকারী প্রাথমিক শিক্ষক কল্যাণ ট্রাস্ট আইন,, ধারা ৭] ট্রাস্টের কার্যাবলী — (১) ট্রাস্টের কার্যাবলী নিম্্নরূপ হইবে, যথা:-(ক) বেসরকারী প্রাথমিক শিক্ষকগণকে অবসরকালীন সুবিধাদি প্রদান;(খ) কো
6. <women_children_1119_s48> [শিশু আইন, ২০১৩, ধারা ৪৮] বিকল্প পন্থা (diversion) — (১) এই আইনের উদ্দেশ্য পূরণকল্পে আইনের সহিত সংঘাতে জড়িত শিশুকে গ্রেফতার বা আটকের পর হইতে বিচার কার্যক্রমের যেক
7. <other_1418_s21_p2> [বাংলাদেশ সুপ্রীম কোর্টের বিচারক (ছুটি, পেনশন, ধারা ২১] আনুতোষিক ও পারিবারিক পেনশন — হিসাবে প্রাপ্য হইতেন।(৩) কোনো বিচারক, অবসর গ্রহণের পর তাহার গ্রস-পেনশনের সম্পূর্ণ অংশ সমর্পণ করিতে পারিবেন এবং
8. <other_1405_s9> [বাণিজ্য সংগঠন আইন, ২০২২, ধারা ৯] বাণিজ্য সংগঠনের নাম পরিবর্তন বা সংশোধন — (১) কোনো বাণিজ্য সংগঠন, মহাপরিচালকের পূর্বানুমোদন ব্যতীত উহার নাম পরিবর্তন বা সংশোধন করিতে পারিবে না।(২) কোনো 
9. <other_1429_s192> [আয়কর আইন, ২০২৩, ধারা ১৯২] হিন্দু অবিভক্ত পরিবারের বিভাজনের ক্ষেত্রে কর নির্ধারণ — (১) এই আইনের উদ্দেশ্যপূরণকল্পে, হিন্দু অবিভক্ত পরিবার হিসাবে নির্ধারিত কোনো হিন্দু পরিবারকে সেই পর্যন্ত হিন্দু
10. <other_1478_s31> [ফাইন্যান্স কোম্পানি আইন, ২০২৩, ধারা ৩১] সুদ বা মুনাফা মওকুফে বাধা-নিষেধ — বাংলাদেশ ব্যাংকের পূর্বানুমোদন ব্যতিরেকে, কোনো ফাইন্যান্স কোম্পানি নিম্নবর্ণিত ব্যক্তি কর্তৃক গৃহীত ঋণের উপর আ","criminal_procedure_11_s494, family_1444_s5",own_search,answered,3,
lawy_0443_01,Iftiaq,VERIFY,ধর্ষণের ফলে জন্ম নেয়া সন্তানের ভরণপোষণ ও দায়দায়িত্ব কার?,"1. <women_children_835_s13> [নারী ও শিশু নির্যাতন দমন আইন, ২০০০, ধারা ১৩] (১) অন্য কোন আইনে ভিন্নতর যাহা কিছুই থাকুক না কেন, ধর্ষণের কারণে কোন সন্তান জন্মলাভ করিলে-(ক) উক্ত সন্তানকে তা
2. <other_1132_s2> [পিতা-মাতার ভরণ-পোষণ আইন, ২০১৩, ধারা ২] সংজ্ঞা — বিষয় বা প্রসঙ্গের পরিপন্থী কোন কিছু না থাকিলে, এই আইনে—(ক) “পিতা” অর্থ এমন ব্যক্তি যিনি সন্তানের জনক;(খ) “ভরণ
3. <women_children_835_s9> [নারী ও শিশু নির্যাতন দমন আইন, ২০০০, ধারা ৯] ধর্ষণ, ধর্ষণজনিত কারণে মৃত্যু, ইত্যাদির শাস্তি — 11[(১) যদি কোন ব্যক্তি কোন নারী বা শিশুকে ধর্ষণ করেন, তাহা হইলে তিনি মৃত্যুদণ্ডে বা যাবজ্জীবন সশ্রম কারাদণ্ডে 
4. <civil_registration_921_s5> [জন্ম ও মৃত্যু নিবন্ধন আইন, ২০০৪, ধারা ৫] নিবন্ধন — (১) জাতি, ধর্ম, বর্ণ, গোষ্ঠী, লিঙ্গ নির্বিশেষে নিবন্ধক সকল ব্যক্তির জন্ম ও মৃত্যু নিবন্ধন বহিতে নিবন্ধন করিবে।
5. <civil_registration_921_s11> [জন্ম ও মৃত্যু নিবন্ধন আইন, ২০০৪, ধারা ১১] জন্ম ও মৃত্যু সনদ প্রদান — কোন ব্যক্তির আবেদনক্রমে নিবন্ধক নির্ধারিত ফি ও পদ্ধতিতে নিবন্ধিত ব্যক্তির জন্ম বা মৃত্যু সনদ প্রদান করিবেন।
6. <family_1444_s5> [পারিবারিক আদালত আইন, ২০২৩, ধারা ৫] পারিবারিক আদালতের এখতিয়ার — মুসলিম পারিবারিক আইনের বিধানাবলি সাপেক্ষে, পারিবারিক আদালতে নিম্নরূপ সকল বা যেকোনো বিষয় সম্পর্কিত বা উহা হইতে
7. <civil_registration_921_s10> [জন্ম ও মৃত্যু নিবন্ধন আইন, ২০০৪, ধারা ১০] শিশুর নাম নির্ধারণ — জন্ম নিবন্ধনের পূর্বে শিশুর নাম নির্ধারণ করিতে হইবে:তবে শর্ত থাকে যে, কোন শিশুর নাম নির্ধারণ করা না হইলে উক্ত 
8. <other_1465_s7> [চিড়িয়াখানা আইন, ২০২৩, ধারা ৭] পরিচালক, কিউরেটর ও অন্যান্য কর্মচারি নিয়োগ — (১) সরকার জাতীয় চিড়িয়াখানা বা সরকারি ব্যবস্থাপনায় পরিচালিত কোনো চিড়িয়াখানা পরিচালনার জন্য একজন পরিচালক, 
9. <civil_registration_921_s15ক> [জন্ম ও মৃত্যু নিবন্ধন আইন, ২০০৪, ধারা ১৫ক] ভুল তথ্য প্রদান বা মিথ্যা ঘোষণার কারণে কোন জন্ম বা মৃত্যু সনদ প্রদান করা হইলে, উহা বাতিলের জন্য নির্ধারিত ফিসহ
10. <civil_registration_921_s6> [জন্ম ও মৃত্যু নিবন্ধন আইন, ২০০৪, ধারা ৬] নিবন্ধকের দায়িত্ব — নিবন্ধকের নিম্নবর্ণিত দায়িত্ব থাকিবে, যথা:-(ক) সকল ব্যক্তির জন্ম ও মৃত্যু নিবন্ধন নিশ্চিত করা;(খ) নিবন্ধনের জ",1,candidate,answered,3,
prot_0135_03,Iftiaq,VERIFY,বাবা আমাদের তিন ভাইকে দানপত্রের মাধ্যমে সম্পত্তি লিখে দেন। আমি আমার অংশের নাম খারিজ করিয়েছি। কিন্তু আমার ভাইয়েরা আমাকে না জানিয়ে বণ্টননামা দলিল করে এবং আমার প্রাপ্য অংশ থেকে বঞ্চিত করে। আমি এখন কী করতে পারি?,"1. <land_1449_s6> [ভূমি উন্নয়ন কর আইন, ২০২৩, ধারা ৬] অবিভক্ত দাগ, খতিয়ান, ইত্যাদি — (১) উত্তরাধিকার বা অন্য যেকোনো মাধ্যমে হস্তান্তরের ক্ষেত্রে একটি দাগ বিভিন্ন ভাগ বা খন্ডে বিভক্ত হইলে এবং এইরূ
2. <other_1246_s190> [ক্যান্টনমেন্ট আইন, ২০১৮, ধারা ১৯০] মালিকের ব্যর্থতায় দখলদার কর্তৃক পরিশোধের দায় — (১) যদি ধারা ১৮৯ তে উল্লিখিত কোনো নোটিশ এমন কোনো সম্পত্তি বিষয়ে কোনো ব্যক্তির নিকট প্রেরণ করা হয় যে সম্পত্তি
3. <other_812_s91> [দেউলিয়া বিষয়ক আইন, ১৯৯৭, ধারা ৯১] পাওনাদার ইত্যাদির অপরাধ — (১) এই ধারার অধীন কোন কার্যধারায়, কোন পাওনাদার যদি এমন কোন দাবী উত্থাপন, ঘোষণা বা হিসাব প্রদান করেন যাহার গুর
4. <other_788_s335_p1> [কোম্পানী আইন, ১৯৯৪, ধারা ৩৩৫] দণ্ড — বার মাসের মধ্যে অথবা পরবর্তী যে কোন সময়ে একশত বা ততোধিক টাকা মূল্যের কোম্পানীর সম্পত্তির কোন অংশ প্রতারণামূলক
5. <other_1246_s7> [ক্যান্টনমেন্ট আইন, ২০১৮, ধারা ৭] কোনো স্থানীয় এলাকার ক্যান্টনমেন্টের অংশ হিসাবে অন্তর্ভুক্তির অবসায়নে ক্যান্টনমেন্ট বোর্ড তহবিল ব্যবস্থাপনা — (১) যখন, ধারা ৪ এর অধীন প্রজ্ঞাপন দ্বারা, ক্যান্টনমেন্টের অংশ হিসাবে অন্তর্ভুক্ত কোনো স্থানীয় এলাকা, কোনো নির
6. <consumer_1452_s16> [কপিরাইট আইন, ২০২৩, ধারা ১৬] কপিরাইটের স্বত্ব নিয়োগ — (১) কোনো বিদ্যমান কর্মের কপিরাইটের স্বত্বাধিকারী বা ভবিষ্যৎ কর্মের কপিরাইটের স্বত্বাধিকারী যে কোনো ব্যক্তির অন
7. <other_1717_s59_p1> [ব্যাংক রেজল্যুশন আইন, ২০২৬, ধারা ৫৯] তফসিলি ব্যাংকের পরিচালক এবং কর্মকর্তাদের দ্বারা সংঘটিত অপরাধ — বহি, রেজিস্টার, রেকর্ড বা দলিলপত্রে কোনো মিথ্যা তথ্য অন্তর্ভুক্ত করিয়াছেন অথবা করিতে সহযোগিতা করিয়াছেন; (উ) 
8. <other_722_s9> [পার্বত্য জেলাসমূহ (আইন রহিত ও প্রয়োগ এবং বিশ, ধারা ৯] ঝুম কর আদায় ইত্যাদি — (১) প্রত্যেক বত্সর শেষ হইবার পূর্বে ঝুম কর হেডম্যানের নিকট প্রদান করিতে হইবে এবং অনুরূপভাবে ঝুম কর প্রদান করা 
9. <other_812_s72> [দেউলিয়া বিষয়ক আইন, ১৯৯৭, ধারা ৭২] দেউলিয়ার সম্পত্তির ব্যাপারে তথ্য তলবের ক্ষমতা — (১) দেউলিয়া ঘোষণাদেশ প্রদত্ত হওয়ার পরে যেকোন সময় পাওনাদার কমিটি কিংবা পাওনা প্রমাণকারী কোন পাওনাদারের আবেদন
10. <labour_1285_s25> [বাংলাদেশ ইপিজেড শ্রম আইন, ২০১৯, ধারা ২৫] ভবিষ্য তহবিল পরিশোধ — যদি কোনো শ্রমিক কোনো ভবিষ্য তহবিলের সদস্য হন এবং প্রবিধান দ্বারা নির্ধারিত পদ্ধতি অনুযায়ী তিনি মালিকের চাঁদাস","other_36_s39, other_36_s42_p0",own_search,answered,3,
prot_0051_01,Iftiaq,VERIFY,"আমার বড় বোনের বিয়ের কয়েক বছর পর দুলাভাইয়ের সঙ্গে তাঁর নানা সমস্যা তৈরি হয়। শ্বশুরবাড়ির অত্যাচার সইতে না পেরে তিনি বাপের বাড়ি চলে আসেন। তখন সন্তানসম্ভবা। কয়েক দিন পর তাঁর একটি মেয়ে হয়। বোন খুবই অসুস্থ ছিলেন। ছয় দিন পর আমার বোন মারা যান। তাঁর শ্বশুরবাড়ির লোকেরা তাঁকে দেখতে বা তাঁর জানাজাতেও আসেনি। এখন দুলাভাই বলেন, এই সন্তান নাকি তাঁর না, এই সন্তান নাকি অবৈধ সন্তান, এই সন্তানের পরিচয় তাঁরা কোনো দিন দেবেন না। আমাদের সঙ্গে কোনো যোগাযোগ তাঁরা করেননি। বিভিন্ন লোকের কাছে বলে বেড়ান এসব কথা। আমাদের বদনাম করেন। আমার বোনের একটি ছেলে আছে ১৩ বছরের। মেয়েটির বয়স এখন ২০ মাস, এই ২০ মাসে তাঁদের কোনো লোকজন মেয়েটিকে দেখতেও আসেনি। তা হলে এই মেয়েটির বাবা কে? কোন পরিচয়ে সে বড় হবে।মো. আশরাফুল হক","1. <women_children_835_s13> [নারী ও শিশু নির্যাতন দমন আইন, ২০০০, ধারা ১৩] (১) অন্য কোন আইনে ভিন্নতর যাহা কিছুই থাকুক না কেন, ধর্ষণের কারণে কোন সন্তান জন্মলাভ করিলে-(ক) উক্ত সন্তানকে তা
2. <other_1349_s2> [আকাশপথে পরিবহণ (মন্ট্রিল কনভেনশন) আইন, ২০২০, ধারা ২] বিষয়বাপ্রসঙ্গেরপরিপন্থিকোনোকিছুনাথাকিলে,এইআইনে-(ক)‘অভ্যন্তরীণপরিবহণ’অর্থআকাশপথে পরিবহণেপক্ষসমূহেরমধ্যেসম্পাদি
3. <labour_952_s14> [বাংলাদেশ শ্রম আইন, ২০০৬, ধারা ১৪] কতিপয় ক্ষেত্রে ""এক বৎসর"" , ""ছয় মাস"" এবং ""মজুরী"" গণনা — (১) এই অধ্যায়ের প্রয়োজনে, কোন শ্রমিক কোন প্রতিষ্ঠানে পূর্ববর্তী বার পঞ্জিকা মাসে বাস্তবে অন্ততঃ দুইশত চল্লিশ
4. <labour_1285_s13> [বাংলাদেশ ইপিজেড শ্রম আইন, ২০১৯, ধারা ১৩] কতিপয় ক্ষেত্রে ‘‘এক বৎসর’’, ‘‘ছয় মাস’’ এবং ‘‘মজুরি’’ গণনা — (১) এই অধ্যায়ের প্রয়োজনে, কোনো শ্রমিক কোনো প্রতিষ্ঠানে পূর্ববর্তী ১২ (বারো) পঞ্জিকা মাসে বাস্তবে অন্তত ২৪০ (
5. <labour_1285_s30> [বাংলাদেশ ইপিজেড শ্রম আইন, ২০১৯, ধারা ৩০] প্রসূতি কল্যাণ সুবিধা প্রাপ্তির অধিকার এবং প্রদানের দায়িত্ব — (১) প্রত্যেক মহিলা শ্রমিক তাহার মালিকের নিকট হইতে তাহার সন্তান প্রসবের সম্ভাব্য তারিখের অব্যবহিত পূর্ববর্তী ৮ 
6. <other_1266_s2_p3> [বাংলাদেশ মুক্তিযোদ্ধা কল্যাণ ট্রাস্ট আইন, ২০, ধারা ২] সংজ্ঞা — বা স্বামী এবং পিতা-মাতার অবর্তমানে খেতাবপ্রাপ্ত বীর মুক্তিযোদ্ধার সন্তান; বা(উ) (অ)-(ঈ) পর্যন্ত বর্ণিত ব্যক্তি
7. <labour_1285_s34> [বাংলাদেশ ইপিজেড শ্রম আইন, ২০১৯, ধারা ৩৪] কতিপয় ক্ষেত্রে মহিলা শ্রমিকের চাকরির অবসানে বাধা — যদি কোনো মহিলা শ্রমিকের সন্তান প্রসবের পূর্ববর্তী ৬ (ছয়) মাস এবং সন্তান প্রসবের পরবর্তী ৮ (আট) সপ্তাহ মেয়াদে
8. <other_1132_s5> [পিতা-মাতার ভরণ-পোষণ আইন, ২০১৩, ধারা ৫] পিতা-মাতার ভরণ-পোষণ না করিবার দণ্ড — (১) কোন সন্তান কর্তৃক ধারা ৩ এর যে কোন উপ-ধারার বিধান কিংবা ধারা ৪ এর বিধান লংঘন অপরাধ বলিয়া গণ্য হইবে এবং উক
9. <labour_1285_s33> [বাংলাদেশ ইপিজেড শ্রম আইন, ২০১৯, ধারা ৩৩] মহিলা শ্রমিকের মৃত্যুর ক্ষেত্রে প্রসূতি কল্যাণ সুবিধা প্রদান — (১) এই অধ্যায়ের অধীন প্রসূতি কল্যাণ সুবিধা পাইবার অধিকারী কোনো মহিলা শ্রমিক সন্তান প্রসবকালে অথবা উহার পরবর্ত
10. <labour_1285_s29> [বাংলাদেশ ইপিজেড শ্রম আইন, ২০১৯, ধারা ২৯] প্রসূতিকালীন মহিলা শ্রমিকের কর্মে নিয়োগ নিষিদ্ধ — (১) কোনো মালিক তাহার প্রতিষ্ঠানে কোনো মহিলা শ্রমিককে তাহার সন্তান প্রসবের অব্যবহিত পরবর্তী ৮ (আট) সপ্তাহের মধ্","other_24_s112, family_1444_s5",own_search,answered,3,
prot_0008_04,Iftiaq,VERIFY,"একদিন একপর্যায় অনেক ঝগড়া হয় এবং আমি আমার বাপের বাড়ি চলে আসি মাস খানেক আগে। আমি আলাদা থাকার সিদ্ধান্ত নিয়েছি। তাই আমার শ্বশুরবাড়ির লোকেরা এবং আমার স্বামী আমাকে হুমকি দেন—আমার ছেলেকে নিয়ে যাবেন। তাঁরা বলেন, যদি আমি আইনের আশ্রয় নিই, তাহলেও আমি আমার সন্তানকে পাঁচ বছরের বেশি কাছে রাখতে পারব না। এখন আমার করণীয় কী?","1. <other_1103_s35> [দুর্যোগ ব্যবস্থাপনা আইন, ২০১২, ধারা ৩৫] দুর্যোগ ব্যবস্থাপনায় জরুরি করণীয় — (১) তফসিলে উল্লিখিত দুর্যোগ ব্যবস্থাপনায় জরুরি করণীয় সংক্রান্ত নির্দেশাবলী সংশ্লিষ্ট সকলকে মানিয়া চলিতে হইব
2. <other_1132_s3> [পিতা-মাতার ভরণ-পোষণ আইন, ২০১৩, ধারা ৩] পিতা-মাতার ভরণ-পোষণ — (১) প্রত্যেক সন্তানকে তাহার পিতা-মাতার ভরণ-পোষণ নিশ্চিত করিতে হইবে।(২) কোন পিতা-মাতার একাধিক সন্তান থাকিলে সেই
3. <other_1156_s5_p0> [মেট্রোরেল আইন, ২০১৫, ধারা ৫] বিশেষ বিধান — (১) মেট্রোরেল নির্মাণ বা পরিচালনা বা রক্ষণাবেক্ষণ ও নিয়ন্ত্রণ বা এতদ্সংশ্লিষ্ট উদ্দেশ্যে অধিগ্রহণাধীন বা অধিগ
4. <other_817_s7> [বিমান-নিরাপত্তা বিরোধী অপরাধ দমন আইন, ১৯৯৭, ধারা ৭] ফৌজদারী আইনের প্রয়োগ — কোন বাংলাদেশী বিমান বাংলাদেশের রাষ্ট্রীয় সীমানায় বাহিরে উড্ডয়নে থাকাকালে বিমানের আরোহী কোন ব্যক্তি যদি এমন 
5. <other_1201_s5_p0> [বাস র‍্যাপিড ট্রানজিট (বিআরটি) আইন, ২০১৬, ধারা ৫] বিশেষ বিধান — (১) বিআরটি নির্মাণ, পরিচালনা, রক্ষণাবেক্ষণ, উন্নয়ন ও নিয়ন্ত্রণ বা এতদ্সংশ্লিষ্ট উদ্দেশ্যে অধিগ্রহণাধীন বা অধ
6. <labour_952_s117> [বাংলাদেশ শ্রম আইন, ২০০৬, ধারা ১১৭] মজুরীসহ বাৎসরিক ছুটি — (১) কোন প্রতিষ্ঠানে অবিচ্ছিন্নভাবে এক বৎসর চাকুরী পূর্ণ করিয়াছেন এমন প্রত্যেক প্রাপ্ত বয়স্ক শ্রমিককে পরবর্তী
7. <local_government_1026_s107> [স্থানীয় সরকার (সিটি কর্পোরেশন) আইন, ২০০৯, ধারা ১০৭] কর্পোরেশনের সিদ্ধান্ত, কার্যবিবরণী, ইত্যাদি বাতিল বা স্থগিতকরণ — (১) সরকার স্বয়ং অথবা কর্পোরেশনের মেয়র বা কাউন্সিলর বা দায়িত্বপ্রাপ্ত কর্মকর্তা বা অন্য কোন ব্যক্তির আবেদনের
8. <other_1009_s14> [সন্ত্রাস বিরোধী আইন, ২০০৯, ধারা ১৪] 1 [অপরাধীকে আশ্রয় প্রদানের শাস্তি] — (১) যদি কোন ব্যক্তি, অন্য কোন ব্যক্তি এই আইনের অধীন অপরাধ সংঘটন করিয়াছেন জানিয়াও বা উক্ত ব্যক্তি অপরাধী ইহা 
9. <land_1220_s15> [স্থাবর সম্পত্তি অধিগ্রহণ ও হুকুমদখল আইন, ২০১, ধারা ১৫] ঘর-বাড়ি অথবা ইমারতের আংশিক অধিগ্রহণ — (১) কোনো মালিক তাহার বাড়ি, কারখানা বা ভবনের সম্পূর্ণ অংশ অধিগ্রহণ করিতে হইবে মর্মে শর্ত আরোপ করিলে, সংশ্লিষ্ট
10. <local_government_1027_s75> [স্থানীয় সরকার (ইউনিয়ন পরিষদ) আইন, ২০০৯, ধারা ৭৫] পরিষদের সিদ্ধান্ত, কার্যবিবরণী, ইত্যাদি বাতিল বা স্থগিতকরণ — (১) সরকার স্বয়ং অথবা পরিষদের চেয়ারম্যান বা সদস্য বা দায়িত্বপ্রাপ্ত কর্মকর্তা বা অন্য কোন ব্যক্তির আবেদনের প","family_1444_s5, family_64_s17, family_64_s25",own_search,answered,3,
prot_0028_02,Iftiaq,VERIFY,"আমরা দুই বোন, ভাই নেই। মা-বাবা বেঁচে আছেন। আমার দুই চাচা এবং পাঁচ ফুফু সবাই বেঁচে আছেন। দাদা-দাদি মারা গেছেন। দুই চাচা আমার বাবার সব সম্পত্তি দখল করতে চান। তাঁরা বলেন, আমার বাবার ছেলে নেই, তাই তাঁরা আমার বাবার মৃত্যুর পর সব স্থাবর-অস্থাবর সম্পত্তির মালিক হবেন। আমি জানতে চাই, বাবার মৃত্যুর পর তাঁর সব সম্পত্তির মালিক কারা হবে? কে কত অংশ করে পাবে? ইসলামের রীতি অনুযায়ী সমাধান চাই। নাম ও ঠিকানা প্রকাশে অনিচ্ছুক","1. <other_822_s10> [পার্বত্য চট্টগ্রাম আঞ্চলিক পরিষদ আইন, ১৯৯৮, ধারা ১০] সম্পত্তি সম্পর্কিত ঘোষণা — চেয়ারম্যান ও প্রত্যেক সদস্য তাহার কার্যভার গ্রহণের পূর্বে তাহার এবং তাঁহার পরিবারের কোন সদস্যের স্বত্ব, দখল ব
2. <local_government_1027_s41> [স্থানীয় সরকার (ইউনিয়ন পরিষদ) আইন, ২০০৯, ধারা ৪১] সম্পত্তি সম্পর্কিত ঘোষণা — চেয়ারম্যান ও সদস্য তাঁহার কার্যভার গ্রহণের পূর্বে তাঁহার এবং তাঁহার পরিবারের কোন সদস্যের স্বত্ব, দখল বা স্বার
3. <local_government_827_s10> [উপজেলা পরিষদ আইন, ১৯৯৮, ধারা ১০] সম্পত্তি সম্পর্কিত ঘোষণা — 14[চেয়ারম্যান ও ভাইস চেয়ারম্যান ] তাঁহার কার্যভার গ্রহণের পূর্বে তাঁহার এবং তাঁহার পরিবারের কোন সদস্যের স্বত
4. <other_1682_s2_p0> [মানবদেহে অঙ্গ-প্রত্যঙ্গ সংযোজন আইন, ২০২৬, ধারা ২] সংজ্ঞা — বিষয় বা প্রসঙ্গের পরিপন্থি কোনো কিছু না থাকিলে, এই আইনে- (১) “অঙ্গ-প্রত্যঙ্গ” অর্থ মানবদেহের কিডনি, হৃৎপিণ্ড,
5. <other_713_s7> [অস্থাবর সম্পত্তি হুকুমদখল আইন, ১৯৮৮, ধারা ৭] হুকুমদখল আদেশ কার্যকরকরণ — এই আইনের অধীন প্রদত্ত আদেশ দ্বারা হুকুমদখলকৃত কোন অস্থাবর সম্পত্তির মালিক উক্ত আদেশ অনুযায়ী সম্পত্তির দখল বুঝ
6. <other_1128_s35> [মাল্টি-লেভেল মার্কেটিং কার্যক্রম (নিয়ন্ত্রণ), ধারা ৩৫] এই আইনে সুনির্দিষ্টভাবে দণ্ডের উল্লেখ নেই এইরূপ কোন বিধান লংঘনের দণ্ড — কোন ব্যক্তি যদি এই আইনে সুনির্দিষ্টভাবে দণ্ডের বিধান উল্লেখ নাই এইরূপ কোন বিধান লংঘন করেন, তাহা হইলে উক্ত লংঘন
7. <land_1220_s20> [স্থাবর সম্পত্তি অধিগ্রহণ ও হুকুমদখল আইন, ২০১, ধারা ২০] স্থাবর সম্পত্তি হুকুমদখল — (১) জেলা প্রশাসক, সরকারের পূর্বানুমোদনক্রমে, লিখিত আদেশ দ্বারা, জনপ্রয়োজন ও জনস্বার্থে, যে কোনো স্থাবর সম্পত্
8. <other_724_s8> [রাংগামাটি পার্বত্য জেলা পরিষদ আইন, ১৯৮৯, ধারা ৮] সম্পত্তি সম্পর্কিত ঘোষণা — চেয়ারম্যান ও প্রত্যেক সদস্য তাঁহার কার্যভার গ্রহণের পূর্বে তাঁহার এবং তাঁহার পরিবারের কোন সদস্যের স্বত্ব, দখল
9. <other_1478_s45> [ফাইন্যান্স কোম্পানি আইন, ২০২৩, ধারা ৪৫] লাইসেন্সবিহীন অর্থায়ন ব্যবসায় জড়িত ব্যক্তির সম্পদের নিয়ন্ত্রণ — (১) ধারা ৪৪ এ যাহা কিছুই থাকুক না কেন, কোনো ব্যক্তি সম্পর্কে ধারা ৪৩ অনুযায়ী কোনো ঘোষণা প্রকাশিত হইলে উক্ত ব্
10. <other_1246_s190> [ক্যান্টনমেন্ট আইন, ২০১৮, ধারা ১৯০] মালিকের ব্যর্থতায় দখলদার কর্তৃক পরিশোধের দায় — (১) যদি ধারা ১৮৯ তে উল্লিখিত কোনো নোটিশ এমন কোনো সম্পত্তি বিষয়ে কোনো ব্যক্তির নিকট প্রেরণ করা হয় যে সম্পত্তি",unanswerable,none,unanswerable,3,
prot_0089_01,Iftiaq,VERIFY,"২০০৪ সালে একটি ছেলের সঙ্গে আমার সম্পর্ক হয়। ২০০৫ সালের মার্চে ওই ছেলের এবং তার পরিবারের চাপের মুখে বাধ্য হয়ে আমি একটি রেজিস্ট্রেশন ফরমে সই করি। তখন ছেলের পরিবারের কয়েকজন আত্মীয়স্বজন উপস্থিত ছিল কিন্তু আমার পক্ষে কেউ ছিল না। এর কিছুদিন পর থেকে ওই ছেলে স্বেচ্ছায় আমার সঙ্গে সম্পর্ক ত্যাগ করে। কয়েক বছর পর ওই ছেলে আবার আমাকে বিরক্ত করা শুরু করেছে, কিন্তু এখন আমি তাকে ঘৃণা করি মনেপ্রাণে। আমি স্নাতক প্রথম বর্ষে পড়ি। যখন আমি রেজিস্ট্রি ফরমে স্বাক্ষর করি, তখন সার্টিফিকেট অনুযায়ী আমার বয়স ১৪ বছর ২ মাস, জন্ম নিবন্ধন অনুযায়ীও তাই। আমার প্রশ্ন হচ্ছে, আমি ওই সময়ে যে সই করেছিলাম তাকে কি বিয়ে বলা হয় আইন অনুযায়ী? যদি বিয়েই হয়, তাহলে তা বাতিল করার জন্য কি তালাকনামা পাঠাতে হবে? পরিবার থেকে আমার জন্য ছেলে দেখা হচ্ছে। আমি তালাকনামা পাঠিয়ে দ্বিধাদ্বন্দ্বহীন হয়ে বিয়ে করতে পারব? তবে ওই ছেলে স্বীকার করেছে রেজিস্ট্রেশনে যাদের নাম লিখা, তারা ভুয়া মানুষ। সই করার সময় তারা ছবি তুলেছিল, তা কি ভবিষ্যতে সমস্যা সৃষ্টি করবে?’সামাজিক মর্যাদার কারণে আমি বা পরিবারের কেউই কোনো উকিলের সঙ্গে কথা বলিনি। আমি ব্যক্তিগতভাবে খুবই মানসিক দুঃশ্চিন্তার মধ্যে আছি","1. <local_government_827_s10> [উপজেলা পরিষদ আইন, ১৯৯৮, ধারা ১০] সম্পত্তি সম্পর্কিত ঘোষণা — 14[চেয়ারম্যান ও ভাইস চেয়ারম্যান ] তাঁহার কার্যভার গ্রহণের পূর্বে তাঁহার এবং তাঁহার পরিবারের কোন সদস্যের স্বত
2. <other_822_s10> [পার্বত্য চট্টগ্রাম আঞ্চলিক পরিষদ আইন, ১৯৯৮, ধারা ১০] সম্পত্তি সম্পর্কিত ঘোষণা — চেয়ারম্যান ও প্রত্যেক সদস্য তাহার কার্যভার গ্রহণের পূর্বে তাহার এবং তাঁহার পরিবারের কোন সদস্যের স্বত্ব, দখল ব
3. <local_government_1027_s41> [স্থানীয় সরকার (ইউনিয়ন পরিষদ) আইন, ২০০৯, ধারা ৪১] সম্পত্তি সম্পর্কিত ঘোষণা — চেয়ারম্যান ও সদস্য তাঁহার কার্যভার গ্রহণের পূর্বে তাঁহার এবং তাঁহার পরিবারের কোন সদস্যের স্বত্ব, দখল বা স্বার
4. <other_880_s7> [ইমাম ও মুয়াজ্জিন কল্যাণ ট্রাস্ট আইন, ২০০১, ধারা ৭] ট্রাস্টের কার্যাবলী — ট্রাস্টের কার্যাবলী হইবে নিম্্নরূপ, যথা:-(ক) কোন ইমাম বা মুয়াজ্জিন মারাত্মক দুর্ঘটনা, পঙ্গুত্ব, দুরারোগ্য ব্য
5. <other_848_s7> [বেসরকারী প্রাথমিক শিক্ষক কল্যাণ ট্রাস্ট আইন,, ধারা ৭] ট্রাস্টের কার্যাবলী — (১) ট্রাস্টের কার্যাবলী নিম্্নরূপ হইবে, যথা:-(ক) বেসরকারী প্রাথমিক শিক্ষকগণকে অবসরকালীন সুবিধাদি প্রদান;(খ) কো
6. <other_1429_s169> [আয়কর আইন, ২০২৩, ধারা ১৬৯] রিটার্ন দাখিলের সাধারণ নিয়মাবলি — (১) বোর্ড কর্তৃক নির্ধারিত ফরমে প্রয়োজনীয় বিবরণ ও তথ্যাদি প্রদান করিয়া নির্ধারিত তফসিলসমূহ, বিবৃতি, হিসাব, 
7. <other_751_s27_p1> [ব্যাংক-কোম্পানী আইন, ১৯৯১, ধারা ২৭] ঋণ ও অগ্রিম প্রদানের উপর বাধা-নিষেধ — সাপেক্ষে, কোন ব্যাংক-কোম্পানী নিম্নবর্ণিত ক্ষেত্রে, সংশ্লিষ্ট পরিচালক ব্যতীত অন্যান্য পরিচালকগণের সংখ্যাগরিষ্ঠ
8. <women_children_1119_s30> [শিশু আইন, ২০১৩, ধারা ৩০] শিশু-আদালত কর্তৃক আদেশ প্রদানের ক্ষেত্রে বিবেচ্য বিষয় — এই আইনের অধীন কোন আদেশ প্রদানের ক্ষেত্রে শিশু-আদালত নিম্নবর্ণিত বিষয় বিবেচনা করিবে, যথা :-(ক) শিশুর বয়স ও লি
9. <other_1429_s192> [আয়কর আইন, ২০২৩, ধারা ১৯২] হিন্দু অবিভক্ত পরিবারের বিভাজনের ক্ষেত্রে কর নির্ধারণ — (১) এই আইনের উদ্দেশ্যপূরণকল্পে, হিন্দু অবিভক্ত পরিবার হিসাবে নির্ধারিত কোনো হিন্দু পরিবারকে সেই পর্যন্ত হিন্দু
10. <labour_952_s2_p5> [বাংলাদেশ শ্রম আইন, ২০০৬, ধারা ২] সংজ্ঞাসমূহ — ব্যবহার করা হয় বা ব্যবহারযোগ্য, এবং কোন টাগ বা ফ্লাট এবং বার্জও ইহার অর্ন্তভুক্ত হইবে;(২৮) ""প্রশাসনিক শ্রমিক""","family_180_s2_p0, family_1444_s5, criminal_procedure_11_s496",own_search,answered,3,
prot_0114_08,Iftiaq,VERIFY,এখানে দ্বিতীয় পক্ষের নিযুক্তীয় বিজ্ঞ কৌঁসুলি উল্লিখিত হয়রানির বিরুদ্ধে আইনগত কোনো প্রতিকার না থাকায় মামলা জেলা ম্যাজিস্ট্রেটের কাছে মামলা হস্তান্তর করার পরামর্শ প্রদান করছে। তা সঠিক কি?,"1. <consumer_1014_s66> [ভোক্তা অধিকার সংরক্ষণ আইন, ২০০৯, ধারা ৬৬] দেওয়ানী প্রতিকার — (১) ভোক্তা-অধিকার বিরোধী কার্যের জন্য কোন ব্যক্তির বিরুদ্ধে ফৌজদারী কার্যক্রম সূচীত হইবার কিংবা উক্ত ব্যক্তি অ
2. <other_911_s8> [বিশেষ আদালত (অতিরিক্ত দায়িত্ব) আইন, ২০০৩, ধারা ৮] মামলা, আপীল ও অন্যান্য আইনগত কার্যধারা স্থানান্তর — আপাততঃ বলবত্ অন্য কোন আইনে যাহা কিছুই থাকুক না কেন, কোন জেলা জজ বা দায়রা জজ, ন্যায় বিচারের স্বার্থে, স্ব-উদ্
3. <other_834_s15> [আইনগত সহায়তা প্রদান আইন, ২০০০, ধারা ১৫] আইনজীবীগণের তালিকা — (১)34[সুপ্রীমকোর্ট কমিটি] এই আইনের আওতায় প্রদত্ত আইনগত সহায়তার অধীনে বাংলাদেশ সুপ্রীমকোর্টে দায়েরযোগ্য বা দ
4. <other_1717_s58> [ব্যাংক রেজল্যুশন আইন, ২০২৬, ধারা ৫৮] দায়ী ব্যক্তিগণের দায় ও তাহাদের বিরুদ্ধে গৃহীতব্য ব্যবস্থা — (১) কোনো তফসিলি ব্যাংকের দায়ী ব্যক্তি তাহাদের কর্ম, নিষ্ক্রিয়তা ও সিদ্ধান্তের মাধ্যমে ব্যাংকটির ব্যর্থতায় ভ
5. <consumer_1127_s76> [নিরাপদ খাদ্য আইন, ২০১৩, ধারা ৭৬] দেওয়ানী প্রতিকার — (১) এই আইন বিরোধী কার্যকলাপের জন্য কোন ব্যক্তির বিরুদ্ধে ফৌজদারি কার্যক্রম দায়ের ও তদ্কারণে সংঘটিত ফৌজদারি অপ
6. <other_726_s3> [বান্দরবান পার্বত্য জেলা পরিষদ আইন, ১৯৮৯, ধারা ৩] বান্দরবান পার্বত্য জেলা 1 [***] পরিষদ স্থাপন — (১) এই আইন বলবত্ হইবার পর, যতশীঘ্র সম্ভব, বান্দরবান পার্বত্য জেলায় এই আইনের বিধান অনুযায়ী বান্দরবান পার্বত্য
7. <other_724_s3> [রাংগামাটি পার্বত্য জেলা পরিষদ আইন, ১৯৮৯, ধারা ৩] রাংগামাটি পার্বত্য জেলা 1 [***] পরিষদ স্থাপন — (১) এই আইন বলবত্ হইবার পর, যতশীঘ্র সম্ভব, রাংগামাটি পার্বত্য জেলায় এই আইনের বিধান অনুযায়ী রাংগামাটি পার্বত্য
8. <other_725_s3> [খাগড়াছড়ি পার্বত্য জেলা পরিষদ আইন, ১৯৮৯, ধারা ৩] খাগড়াছড়ি পার্বত্য জেলা 1 [***] পরিষদ স্থাপন — (১) এই আইন বলবত্ হইবার পর যতশ্রীঘ্র সম্ভব, খাগড়াছড়ি পার্বত্য জেলায় এই আইনের বিধান অনুযায়ী খাগড়াছড়ি পার্ব
9. <other_1439_s23> [বাংলাদেশ শিল্প-নকশা আইন, ২০২৩, ধারা ২৩] শিল্প-নকশা লঙ্ঘনের জন্য আদালতে মামলা দায়ের — (১) ধারা ২২ এর উপধারা (৩) এ উল্লিখিত সময়ের মধ্যে যদি ক্ষতিপূরণের অর্থ পরিশোধ করা না হয়, তাহা হইলে সংশ্লিষ্ট 
10. <other_1696_s63> [রাজধানী উন্নয়ন কর্তৃপক্ষ আইন, ২০২৬, ধারা ৬৩] কর্তৃপক্ষের বিরুদ্ধে মামলার নোটিশ, ইত্যাদি — (১) এই আইন বা তদ্ধীন প্রণীত বিধি বা প্রবিধানের অধীন কর্তৃপক্ষ, চেয়ারম্যান, সদস্য বা কর্মচারীর বিরুদ্ধে কোনো ম",unanswerable,none,unanswerable,3,
prot_0064_02,Iftiaq,VERIFY,"আমি ২০০৭ সালে পারিবারিকভাবে বিয়ে করি। বিয়ের আগে থেকে আমার স্ত্রীর এক ছেলের সঙ্গে প্রেম ছিল। আমি জানতাম না। বিয়ের দিনই সে বলে দেয়, সে ওই ছেলেকে বিয়ে করবে। সে ওই ছেলের সঙ্গে সব সময় যোগাযোগ করত। ইচ্ছামতো বাসা থেকে চলে যেত। বাধা দেওয়ার চেষ্টা করলে নারী নির্যাতনের মামলার ভয় দেখাত। একদিন আমি অফিসে থাকাকালীন আমার সব জিনিসপত্র নিয়ে তাদের বাসায় চলে যায়। তাদের বাসায় যাওয়ার পর আমার বিরুদ্ধে নারীনির্যাতন ও যৌতুক আইনে মামলা করে। মামলায় আদালত আমার জামিন মঞ্জুর করেন। আদালত আমার স্ত্রীকে জিজ্ঞেস করেন, সে এখন সংসার করবে কি না। সে সরাসরি না করে দেয়। আদালত উভয় পক্ষকে বসে মীমাংসা করে আদালতকে জানাতে বলেন। একদিন উভয় পক্ষের উকিলসহ দুই পক্ষ বসে মীমাংসা করার জন্য। কিন্তু ব্যর্থ হয়। আমার মোহরানা ছিল ছয় লাখ টাকা। দুই লাখ টাকা উসুল ছিল। আমার স্ত্রী চার লাখ টাকা এককালীন আদায় করতে চায়। আমার সামর্থ্য না থাকায় আমি এককালীন পরিশোধ করতে পারব না বলে সরাসরি জানিয়ে দিই। আমার ইচ্ছা ছিল আমি কিস্তিতে শোধ করব। কিন্তু আমি আমার স্ত্রীকে তালাক দেব না। সে আমাকে স্বেচ্ছায় তালাক দেবে।আমার প্রশ্ন, আমার স্ত্রী স্বেচ্ছায় আমাকে তালাক দিলে কি আমাকে সব টাকা দিতে হবে, নাকি অন্য কোনো নিয়ম আছে? আর আমাকে তালাক দিলে সব মোহরানার টাকা কি একসঙ্গে শোধ করতে হবে, নাকি কিস্তির মাধ্যমে শোধ করতে হবে?","1. <other_1476_s171_p11> [কাস্টমস আইন, ২০২৩, ধারা ১৭১] অপরাধসমূহের জরিমানা বা দণ্ড — সামগ্রীর ক্ষেত্রে এই আইন বা তদধীন প্রণীত বিধি দ্বারা নির্ধারিত কোনো শর্ত বা বিধি- নিষেধ পরিপালন করিতে ব্যর্থ হ
2. <labour_952_s32> [বাংলাদেশ শ্রম আইন, ২০০৬, ধারা ৩২] বাসস্থান হইতে উচ্ছেদ — (১) কোন শ্রমিকের চাকুরীর অবসান হইলে, তাহা যে কোন প্রকারেই হউক না কেন, তিনি তাহার চাকুরীর অবসানের ষাট দিনের মধ্
3. <money_recovery_901_s14> [অর্থ ঋণ আদালত আইন, ২০০৩, ধারা ১৪] মামলার শুনানী মুলতবী — (১) ধারা ১৭ এর মামলা নিষ্পত্তির সময়সীমা সম্পর্কিত বিধান সাপেক্ষে অর্থ ঋণ আদালতের কোন মামলার চূড়ান্ত শুনানীর 
4. <other_831_s7_p2> [অর্থ আইন, ১৯৯৯, ধারা ৭] ১৯৯১ সনের ২২ নং আইন সংশোধন — কিছুই থাকুক না কেন, প্রতিষ্ঠিত নিবন্ধিত ব্যক্তির তেগত্রে, প্রতিষ্ঠিত নিবন্ধিত ব্যক্তি বিবেচিত হওয়ার বত্সরে এই
5. <women_children_835_s14> [নারী ও শিশু নির্যাতন দমন আইন, ২০০০, ধারা ১৪] সংবাদ মাধ্যমে 1 [নির্যাতনের শিকার] নারী ও শিশুর পরিচয় প্রকাশের ব্যাপারে বাধা-নিষেধ — (১) এই আইনে বর্ণিত অপরাধের শিকার হইয়াছেন এইরূপ নারী বা শিশুর ব্যাপারে সংঘটিত অপরাধ বা তত্সম্পর্কিত আইনগত কার্
6. <other_1195_s29> [চা আইন, ২০১৬, ধারা ২৯] দণ্ড — যদি কোন ব্যক্তি-(ক) ধারা ১৬ ও ২১ ব্যতীত এই আইনের কোন বিধান লঙ্ঘন করেন, বা(খ) এই আইনের অধীন জারীকৃত কোন আদেশ বা
7. <labour_952_s309> [বাংলাদেশ শ্রম আইন, ২০০৬, ধারা ৩০৯] বিপজ্জনক পরিণতিসম্পন্ন আইন লংঘনের দন্ড — (১) এই অধ্যায়ের অন্যত্র যাহা কিছুই থাকুক না কেন, কোন ব্যক্তি এই আইন বা কোন বিধি, প্রবিধান বা স্কীমের কোন বিধা
8. <other_775_s18> [বাংলাদেশ সিকিউরিটিজ অ্যান্ড এক্সচেঞ্জ কমিশন , ধারা ১৮] শাস্তি — 57[(১)] যদি কোন ব্যক্তি এই আইনের কোন বিধান লংঘন করেন বা লংঘন করার উদ্যোগ গ্রহণ করেন বা লংঘনে প্ররোচনা ও সহায়ত
9. <criminal_procedure_765_s106> [রাজশাহী মহানগরী পুলিশ আইন, ১৯৯২, ধারা ১০৬] কতিপয় ক্ষেত্রে পুলিশ কর্মকর্তার দণ্ড দেওয়ার ক্ষমতা — (১) পুলিশ কমিশনার কর্তৃক সাধারণ বিজ্ঞপ্তি মারফত নির্ধারিত পদের পুলিশ কর্মকর্তা যদি দেখেন যে, ধারা ৬৭, ৬৮, ৬৯ ব
10. <money_recovery_901_s36> [অর্থ ঋণ আদালত আইন, ২০০৩, ধারা ৩৬] তৃতীয় পক্ষ হইতে ডিক্রীর টাকা আদায় — (১) যদি ডিক্রীদার আদালতকে দরখাস্ত দ্বারা অবহিত করে যে, কোন একজন ব্যক্তির নিকট হইতে দায়িক টাকা পাওনা আছে, তাহা","family_305_s10, family_1444_s5, women_children_835_s17",own_search,answered,3,
prot_0062_06,Iftiaq,VERIFY,"আমার নানা দুই ছেলে ও তিন মেয়ে রেখে মারা যান। নানার সম্পত্তি মুসলিম আইন অনুযায়ী ছেলেমেয়েদের মধ্যে ভাগ হয়। পরবর্তীকালে আমার বড় মামা ও মামি নিঃসন্তান অবস্থায় মারা যান। আমার বড় মামার একজন পালিত মেয়ে আছে। সেই মেয়ের সনদ ও বিয়ের কাবিননামায় বাবা হিসেবে আমার বড় মামার নাম উল্লেখ আছে। এখন পালিত মেয়েটি বড় মামার মেয়ে হিসেবে সম্পত্তি দাবি করছে। অনেকে বলছে, পালিত মেয়েটি যদি নিজেকে আমার বড় মামার আপন মেয়ে হিসেবে প্রমাণ করতে পারে, তবে শুধু আমার ছোট মামা ও মেয়েটি ওই সম্পত্তির উত্তরাধিকারী হবে এবং আমার মা ও আপন দুই খালা সে সম্পত্তি পাবেন না। এটা কি ঠিক? উল্লেখ্য, আমার এক খালা ভারতের নাগরিক। শুধু সনদ দিয়ে মেয়েটি কি নিজের মেয়ে হিসেবে প্রমাণ করতে পারবে?নাম প্রকাশে অনিচ্ছুক","1. <other_822_s10> [পার্বত্য চট্টগ্রাম আঞ্চলিক পরিষদ আইন, ১৯৯৮, ধারা ১০] সম্পত্তি সম্পর্কিত ঘোষণা — চেয়ারম্যান ও প্রত্যেক সদস্য তাহার কার্যভার গ্রহণের পূর্বে তাহার এবং তাঁহার পরিবারের কোন সদস্যের স্বত্ব, দখল ব
2. <local_government_1027_s41> [স্থানীয় সরকার (ইউনিয়ন পরিষদ) আইন, ২০০৯, ধারা ৪১] সম্পত্তি সম্পর্কিত ঘোষণা — চেয়ারম্যান ও সদস্য তাঁহার কার্যভার গ্রহণের পূর্বে তাঁহার এবং তাঁহার পরিবারের কোন সদস্যের স্বত্ব, দখল বা স্বার
3. <local_government_827_s10> [উপজেলা পরিষদ আইন, ১৯৯৮, ধারা ১০] সম্পত্তি সম্পর্কিত ঘোষণা — 14[চেয়ারম্যান ও ভাইস চেয়ারম্যান ] তাঁহার কার্যভার গ্রহণের পূর্বে তাঁহার এবং তাঁহার পরিবারের কোন সদস্যের স্বত
4. <other_1682_s2_p0> [মানবদেহে অঙ্গ-প্রত্যঙ্গ সংযোজন আইন, ২০২৬, ধারা ২] সংজ্ঞা — বিষয় বা প্রসঙ্গের পরিপন্থি কোনো কিছু না থাকিলে, এই আইনে- (১) “অঙ্গ-প্রত্যঙ্গ” অর্থ মানবদেহের কিডনি, হৃৎপিণ্ড,
5. <local_government_1027_s2_p1> [স্থানীয় সরকার (ইউনিয়ন পরিষদ) আইন, ২০০৯, ধারা ২] সংজ্ঞা — শহর হিসাবে ঘোষিত নয় এইরূপ এলাকা;(১৩) 'চেয়ারম্যান' অর্থ ইউনিয়ন পরিষদের চেয়ারম্যান;(১৪) 'জনপথ' অর্থ সর্বসাধা
6. <other_1268_s19> [বাংলাদেশ প্রাণিসম্পদ গবেষণা ইনস্টিটিউট আইন, , ধারা ১৯] বুদ্ধিবৃত্তিক সম্পত্তি — (১) ইনস্টিটিউট কর্তৃক বা ইনস্টিটিউটের অর্থায়নে পরিচালিত গবেষণা কর্মধারা প্রকাশিত প্রবন্ধ বা আর্টিকেল বা গবেষণ
7. <consumer_1010_s92> [ট্রেডমার্ক আইন, ২০০৯, ধারা ৯২] মামলার কোন পক্ষের মৃত্যু — যদি এই আইনের অধীন কোন কার্যধারা বিচারাধীন থাকা অবস্থায় কোন পক্ষ মারা যান, তাহা হইলে নিবন্ধক সংশ্লিষ্ট কোন পক্
8. <criminal_procedure_1012_s34> [সিলেট মহানগরী পুলিশ আইন, ২০০৯, ধারা ৩৪] জনস্বার্থে গান-বাজনা ইত্যাদি নিয়ন্ত্রণ — কোন এলাকার জনসাধারণ বা কোন ব্যক্তি বিশেষের অসুবিধা বা বিরক্তি দূরীকরণের জন্য প্রয়োজন মনে করিলে পুলিশ কমিশনার 
9. <other_1143_s6> [ভোজ্যতেলে ভিটামিন ‘এ’ সমৃদ্ধকরণ আইন, ২০১৩, ধারা ৬] ভিটামিন ‘এ’ সমৃদ্ধ ভোজ্যতেলের বোতল, প্যাকেট, টিন বা অন্যান্য আধারের গায়ে ব্যবহার্য মোড়ক (label) — (১) ভোজ্যতেল সমৃদ্ধকারী বা পরিশোধনকারী কর্তৃক বিক্রয় বা সরবরাহের উদ্দেশ্যে সংরক্ষিত বা প্রদর্শিত ভোজ্যতেলের ব
10. <criminal_procedure_765_s33> [রাজশাহী মহানগরী পুলিশ আইন, ১৯৯২, ধারা ৩৩] গান-বাজনা, ইত্যাদি নিষেধ বা নিয়ন্ত্রণ করার ব্যাপারে পুলিশ কমিশনারের ক্ষমতা — কোন এলাকার জনসাধারণ বা কোন ব্যক্তি বিশেষের অসুবিধা বা বিরক্তি দূরীকরণের জন্য প্রয়োজন মনে করিলে, পুলিশ কমিশনার",unanswerable,none,unanswerable,3,
ajke_0149_01,Iftiaq,VERIFY,"আমি একটি ফুড শপ ব্যবসা শুরু করেছিলাম। কিন্তু দুর্ভাগ্যবশত ব্যবসার হিসাব এবং পরিস্থিতি ধরে রাখতে পারিনি। বিনিয়োগকারীদের কাছ থেকে নেওয়া প্রতিটি টাকা ব্যবসার পেছনে খরচ করেছি। একপর্যায়ে দৈনিক পরিচালন খরচ চালাতে হিমশিম খেয়ে দোকানটি বন্ধ করে দিতে বাধ্য হই। দোকানটি বিক্রি করার পর যে সামান্য টাকা পেয়েছিলাম, প্রচণ্ড চাপের মুখে পড়ে তা বিনিয়োগকারীদের একজনকে দিয়ে দিই। কিন্তু বাকি বিনিয়োগকারীরা এখন আমার ওপর মানসিক নির্যাতন চালাচ্ছেন। একজন আমাকে উকিল নোটিশ পাঠিয়েছেন এবং বাকিরা আমার বিরুদ্ধে প্রতারণা এবং চেক বাউন্সের মামলা করার হুমকি দিচ্ছেন। এই পুরো পরিস্থিতিতে মানসিকভাবে আমি সম্পূর্ণ ভেঙে পড়েছি। আমার শারীরিক অবস্থাও এখন খুব সংকটাপন্ন। আমার কাছে সব মেডিকেল ডকুমেন্ট রয়েছে এবং চিকিৎসক আমাকে অবিলম্বে হাসপাতালে ভর্তি হওয়ার পরামর্শ দিয়েছেন। চেক বাউন্স কিংবা প্রতারণার মামলার এই হুমকি থেকে বাঁচতে চাই। এ ছাড়া আইনি উপায়ে সময় আদায় করার কোনো পথ আছে কি?","1. <other_812_s48_p1> [দেউলিয়া বিষয়ক আইন, ১৯৯৭, ধারা ৪৮] দায়মুক্তি প্রভাবিত করিতে পারে এমন বিষয়সমূহ — পদ্ধতিতে এবং শর্তসাপেক্ষে, উক্ত আদেশ বা পরবর্তী কোন আদেশ সংশোধন করিতে পারিবে। (৪) উপ-ধারা (২) (খ) তে উল্লিখিত 
2. <other_788_s395> [কোম্পানী আইন, ১৯৯৪, ধারা ৩৯৫] সীমিতদায় কোম্পানীকে মামলার খরচের জন্য জামানত দেওয়ার নির্দেশদানের ক্তমতা — যেক্ষেত্রে কোন মামলা বা অন্য কোন আইনগত কার্যধারায় কোন সীমিতদায় কোম্পানী বাদী বা আবেদনকারী হয়, সেক্ষেত্রে যদ
3. <other_812_s84_p4> [দেউলিয়া বিষয়ক আইন, ১৯৯৭, ধারা ৮৪] দেনাদারের অপরাধ ও উহাদের দণ্ড — হিসাব প্রদানের অপচেষ্টা করেন; (ড) একজন দায়গ্রস্ত দেউলিয়া হওয়া সত্ত্বেও- (অ) তাহার দায়গ্রস্ত দেউলিয়া থাকার
4. <labour_952_s195_p0> [বাংলাদেশ শ্রম আইন, ২০০৬, ধারা ১৯৫] মালিকের পক্ষে অসৎ শ্রম আচরণ — 147[ (১)] কোন মালিক অথবা মালিকগণের ট্রেড ইউনিয়ন অথবা তাহাদের পক্ষে ভারপ্রাপ্ত কোন ব্যক্তি-(ক) কোন চাকুরী চুক্
5. <other_812_s80> [দেউলিয়া বিষয়ক আইন, ১৯৯৭, ধারা ৮০] বণ্টনযোগ্য সম্পদের জন্য মামলা দায়ের নিষিদ্ধ — (১) বণ্টনযোগ্য সম্পদের দাবীতে অন্য কোন আদালতে কোন স্বতন্ত্র মামলা দায়ের করা চলিবে না, তবে এই আইনের অধীন এখ্তি
6. <other_1133_s4> [নির্যাতন এবং হেফাজতে মৃত্যু (নিবারণ) আইন, ২০, ধারা ৪] আদালতে অপরাধের অভিযোগ — (১) ফৌজদারী কার্যবিধি ১৮৯৮ (Code of Criminal Procedure 1898, Act V of 1898) এ যাহা কিছুই থাকুক না কেন, তাহা সত
7. <other_788_s79> [কোম্পানী আইন, ১৯৯৪, ধারা ৭৯] নাম প্রকাশ না করার দণ্ড — (১) কোন সীমিতদায় কোম্পানী ধারা ৭৮(ক) এর বিধান পালনে ব্যর্থ হইলে, যতদিন উক্ত ব্যর্থতা অব্যাহত থাকে, ততদিনের প্
8. <money_recovery_876_s55_p2> [সমবায় সমিতি আইন, ২০০১, ধারা ৫৫] অবসায়কের ক্ষমতা — সদস্য সমবায় সমিতি অবসায়নে ন্যস্ত হইলে সংশ্লিষ্ট সমবায় সমিতির সকল পাওনা অবসায়কের নিকট প্রদান করার জন্য কেন্
9. <other_788_s342> [কোম্পানী আইন, ১৯৯৪, ধারা ৩৪২] লিকুইডেটর কর্তৃক ব্যাংকে টাকা জমাদান — (১) আদালত কর্তৃক অবলুপ্ত হইতেছে এইরূপ কোম্পানীর প্রত্যেক লিকুইডেটর তত্কর্তৃক গৃহীত সকল টাকা নির্ধারিত পদ্ধতিতে
10. <labour_952_s196> [বাংলাদেশ শ্রম আইন, ২০০৬, ধারা ১৯৬] শ্রমিকের পক্ষে অসৎ শ্রম আচরণ — (১) মালিকের বিনা অনুমতিতে কোন শ্রমিক তাহার কর্মসময়ে কোন ট্রেড ইউনিয়নের কর্মকান্ডে নিয়োজিত থাকিবেন নাঃতবে শর","money_recovery_46_s138_p0, criminal_procedure_11_s420",own_search,answered,3,
prot_0004_02,Iftiaq,VERIFY,"আমরা পাঁচ ভাই, এক বোন। আমি দ্বিতীয়। আমার বড় ভাই আমার মেজো চাচার মেয়েকে বিয়ে করেছিলেন। তাঁর দুই মেয়ে (চার ও তিন বছর বয়সী)। ভাই ও ভাবির সম্পর্ক বেশি ভালো ছিল না। ভাবির বাবা-মাসহ পুরো পরিবার চট্টগ্রাম থাকেন, বিধায় ভাবি বেশির ভাগ সময় ওখানেই থাকতেন। দু-তিন আগে আমাদের পাশের গ্রামের এক মহিলাকে নিয়ে ভাই বাড়ি থেকে পালিয়ে গেছেন। এখন ভাবি ও তাঁর পরিবার থেকে আমাদের দেনাপাওনা বুঝিয়ে দিতে বলছে। এখন এ অবস্থায় আমরা কী করতে পারি? মো. সাইফুল","1. <other_1148_s2> [বাংলাদেশ সাংবাদিক কল্যাণ ট্রাস্ট আইন, ২০১৪, ধারা ২] সংজ্ঞা — বিষয় বা প্রসঙ্গের পরিপন্থী কোন কিছু না থাকিলে, এই আইনে-(১) ‘‘চেয়ারম্যান’’ অর্থ বোর্ডের চেয়ারম্যান;(২) ‘‘ট্র
2. <other_1266_s2_p3> [বাংলাদেশ মুক্তিযোদ্ধা কল্যাণ ট্রাস্ট আইন, ২০, ধারা ২] সংজ্ঞা — বা স্বামী এবং পিতা-মাতার অবর্তমানে খেতাবপ্রাপ্ত বীর মুক্তিযোদ্ধার সন্তান; বা(উ) (অ)-(ঈ) পর্যন্ত বর্ণিত ব্যক্তি
3. <other_1378_s2> [বাংলাদেশ চলচ্চিত্র শিল্পী কল্যাণ ট্রাস্ট আইন, ধারা ২] সংজ্ঞা — বিষয় বা প্রসঙ্গের পরিপন্থি কোনো কিছু না থাকিলে, এই আইনে-(ক) “চলচ্চিত্র” অর্থ সেলুলয়েড, অ্যানালগ, ডিজিটাল বা 
4. <other_1138_s2> [গ্রামীণ ব্যাংক আইন, ২০১৩, ধারা ২] সংজ্ঞা — বিষয় বা প্রসংগের পরিপন্থি কোন কিছু না থাকিলে, এই আইনে,-1[(১) “ঋণ” অর্থ এইরূপ কোনো ব্যক্তির পক্ষে ব্যাংক কর্তৃ
5. <other_1485_s2> [বাংলাদেশ পুলিশ কল্যাণ তহবিল আইন, ২০২৩, ধারা ২] সংজ্ঞা — বিষয় বা প্রসঙ্গের পরিপন্থি কোনো কিছু না থাকিলে, এই আইনে,-(১) ""কর্মচারী"" অর্থ-(ক) পুলিশ ইন্সপেক্টরের নিম্ন পদম
6. <other_1718_s83> [অর্থ (২০২৫-২০২৬ অর্থ বৎসর) আইন, ২০২৬, ধারা ৮৩] ২০২৩ সনের ১২ নং আইনের ধারা ১৩৫ এর সংশোধন — উক্ত আইনের ধারা ১৩৫ এর- (ক) উপ-ধারা (১) এ উল্লিখিত “১০% (দশ শতাংশ)” সংখ্যা, চিহ্ন, বন্ধনী ও শব্দগুলির পরিবর্তে
7. <other_822_s10> [পার্বত্য চট্টগ্রাম আঞ্চলিক পরিষদ আইন, ১৯৯৮, ধারা ১০] সম্পত্তি সম্পর্কিত ঘোষণা — চেয়ারম্যান ও প্রত্যেক সদস্য তাহার কার্যভার গ্রহণের পূর্বে তাহার এবং তাঁহার পরিবারের কোন সদস্যের স্বত্ব, দখল ব
8. <other_1682_s2_p0> [মানবদেহে অঙ্গ-প্রত্যঙ্গ সংযোজন আইন, ২০২৬, ধারা ২] সংজ্ঞা — বিষয় বা প্রসঙ্গের পরিপন্থি কোনো কিছু না থাকিলে, এই আইনে- (১) “অঙ্গ-প্রত্যঙ্গ” অর্থ মানবদেহের কিডনি, হৃৎপিণ্ড,
9. <other_943_s2> [বাংলাদেশ শ্রমিক কল্যাণ ফাউন্ডেশন আইন, ২০০৬, ধারা ২] সংজ্ঞা — বিষয় বা প্রসঙ্গের পরিপন্থী কিছু না থাকিলে, এই আইনে-(ক) “অপ্রাতিষ্ঠানিক খাত” অর্থ এইরূপ বেসরকারী খাত যেখানে কর
10. <local_government_1027_s41> [স্থানীয় সরকার (ইউনিয়ন পরিষদ) আইন, ২০০৯, ধারা ৪১] সম্পত্তি সম্পর্কিত ঘোষণা — চেয়ারম্যান ও সদস্য তাঁহার কার্যভার গ্রহণের পূর্বে তাঁহার এবং তাঁহার পরিবারের কোন সদস্যের স্বত্ব, দখল বা স্বার","family_305_s9, family_305_s10, women_children_835_s17",own_search,answered,3,
lawy_0403_01,Iftiaq,VERIFY,"একজন নারী কখন, কিভাবে তার স্বামীকে তালাক দিতে পারে!","1. <other_1138_s9> [গ্রামীণ ব্যাংক আইন, ২০১৩, ধারা ৯] (১) নিম্নবর্ণিত পরিচালক সমন্বয়ে বোর্ড গঠিত হইবে, যথা:-(ক) আর্থিক প্রতিষ্ঠান বিভাগ কর্তৃক মনোনীত উহার ১ (এক) জ
2. <other_857_s47_p2> [বাংলাদেশ টেলিযোগাযোগ নিয়ন্ত্রণ আইন, ২০০১, ধারা ৪৭] আন্তঃসংযোগ (Interconnection) — কোন আন্ত্মঃসংযোগ চুক্তির শর্তে প্রয়োজনীয় পরিবর্তনের জন্য সংশ্লিষ্ট পক্ষগণকে নির্দেশ দিতে পারে;(ই) প্রস্ত্মাব
3. <other_900_s9> [অগ্নি প্রতিরোধ ও নির্বাপণ  আইন, ২০০৩, ধারা ৯] অগ্নি নির্বাপণের সময় কতিপয় ক্ষমতা প্রয়োগ — কোন ভবন বা স্থানে আগুন লাগিলে বা লাগিয়াছে বলিয়া বিশ্বাস করার কারণ থাকিলে মহাপরিচালক বা ঘটনাস্থলে উপস্থিত ব্র
4. <women_children_835_s31> [নারী ও শিশু নির্যাতন দমন আইন, ২০০০, ধারা ৩১] এই আইনের অধীন কোন অপরাধের তদন্ত বা বিচার চলাকালে যদি ট্রাইব্যুনাল বা, ক্ষেত্রমত, ম্যাজিস্ট্রেট মনে করে যে, কোন
5. <women_children_835_s26> [নারী ও শিশু নির্যাতন দমন আইন, ২০০০, ধারা ২৬] নারী ও শিশু নির্যাতন দমন ট্রাইব্যুনাল — (১) এই আইনের অধীন অপরাধ বিচারের জন্য প্রত্যেক জেলা সদরে একটি করিয়া ট্রাইব্যুনাল থাকিবে এবং প্রয়োজনে সরকার উক
6. <other_857_s87> [বাংলাদেশ টেলিযোগাযোগ নিয়ন্ত্রণ আইন, ২০০১, ধারা ৮৭] গণশুনানী ও উহার পদ্ধতি — (১) কোন আবেদন বা অন্য কোনভাবে প্রাপ্ত তথ্যের ভিত্তিতে, কমিশন যদি মনে করে যে, জনস্বার্থ রতগার জন্য উহার কোন ক্ষ
7. <other_788_s43> [কোম্পানী আইন, ১৯৯৪, ধারা ৪৩] সদস্য-বহি সংশোধনের জন্য আদালতের ক্ষমতা — (১) যদি-(ক) পর্যাপ্ত কারণ ব্যতিরেকে কোন ব্যক্তির নাম কোন কোম্পানীর সদস্য-বহিতে লিপিবদ্ধ করা হয় কিংবা উহা হইতে
8. <other_773_s9> [আভ্যন্তরীণ নৌযান শ্রমিক (নিয়োগ-নিয়ন্ত্রণ) আই, ধারা ৯] অব্যাহতি প্রদানের ক্ষমতা — সরকার, সরকারী গেজেটে প্রজ্ঞাপন দ্বারা, কোন মালিক বা কোন শ্রেণীর মালিককে এই আইনের যে কোন বা সকল বিধান হইতে অব্য
9. <other_1485_s4> [বাংলাদেশ পুলিশ কল্যাণ তহবিল আইন, ২০২৩, ধারা ৪] বোর্ড — (১) এই আইন প্রবর্তনের সঙ্গে সঙ্গে বাংলাদেশ পুলিশ কল্যাণ তহবিল ব্যবস্থাপনা বোর্ড নামে একটি বোর্ড প্রতিষ্ঠিত হইব
10. <other_1248_s9> [ওয়েজ আর্নার্স কল্যাণ বোর্ড আইন, ২০১৮, ধারা ৯] নারী অভিবাসী কর্মীদের কল্যাণে বিশেষ দায়িত্ব — নারী অভিবাসী কর্মীদের কল্যাণে বোর্ডের বিশেষ দায়িত্ব হইবে নিম্নরূপ, যথা :-(ক) বিদেশে কর্মরত কোনো নারী অভিবাসী ","family_305_s8, family_180_s2_p0, family_305_s7",own_search,answered,3,
prot_0053_01,Iftiaq,VERIFY,আমার বিয়ে হয়েছে ১০ বছর। সংসারে দুটি মেয়ে আছে। আমার স্বামী ২০০৮ সালে বিদেশে যায়। সেখানে ফোনে একটি মেয়ের সঙ্গে তার সম্পর্ক হয়। ২০১০ সালে সে এক মাসের ছুটিতে দেশে আসে। তখন তাকে জিজ্ঞেস করলে সে এই সম্পর্কের কথা অস্বীকার করে। কিন্তু আবার বিদেশ যাওয়ার আগে কাউকে না জানিয়ে সেই মেয়েকে বিয়ে করে। আমার স্বামী এখনো বিদেশে থাকে। শ্বশুরবাড়ির কেউ এ নিয়ে কিছু বলছে না। সে ওই মেয়েকে তালাকও দেবে না; বরং আমাকে নানা হুমকি দিচ্ছে। এখন কী করতে পারি?সখিনা চাঁদপুর,"1. <other_1132_s5> [পিতা-মাতার ভরণ-পোষণ আইন, ২০১৩, ধারা ৫] পিতা-মাতার ভরণ-পোষণ না করিবার দণ্ড — (১) কোন সন্তান কর্তৃক ধারা ৩ এর যে কোন উপ-ধারার বিধান কিংবা ধারা ৪ এর বিধান লংঘন অপরাধ বলিয়া গণ্য হইবে এবং উক
2. <other_863_s7> [বাংলাদেশ শিল্পী কল্যাণ ট্রাস্ট আইন, ২০০১, ধারা ৭] ট্রাস্টের কার্যাবলী — ট্রাস্টের কার্যাবলী হইবে নিম্নরূপ, যথা:-(ক) সাধারণভাবে অসচ্ছল শিল্পীদের কল্যাণ সাধন;(খ) শিল্পীদের কল্যাণার্থে 
3. <other_1266_s2_p3> [বাংলাদেশ মুক্তিযোদ্ধা কল্যাণ ট্রাস্ট আইন, ২০, ধারা ২] সংজ্ঞা — বা স্বামী এবং পিতা-মাতার অবর্তমানে খেতাবপ্রাপ্ত বীর মুক্তিযোদ্ধার সন্তান; বা(উ) (অ)-(ঈ) পর্যন্ত বর্ণিত ব্যক্তি
4. <other_1429_s31> [আয়কর আইন, ২০২৩, ধারা ৩১] আয় একীভূতকরণ — (১) এই আইনে ভিন্নরূপ কিছু না থাকিলে, নিম্নবর্ণিত আয়সমূহ কোনো ব্যক্তির মোট আয়ের অন্তর্ভুক্ত হইবে, যথা:-(ক) উক
5. <other_1248_s9> [ওয়েজ আর্নার্স কল্যাণ বোর্ড আইন, ২০১৮, ধারা ৯] নারী অভিবাসী কর্মীদের কল্যাণে বিশেষ দায়িত্ব — নারী অভিবাসী কর্মীদের কল্যাণে বোর্ডের বিশেষ দায়িত্ব হইবে নিম্নরূপ, যথা :-(ক) বিদেশে কর্মরত কোনো নারী অভিবাসী 
6. <other_1131_s2> [বৈদেশিক কর্মসংস্থান ও অভিবাসী আইন, ২০১৩, ধারা ২] সংজ্ঞা — বিষয় বা প্রসঙ্গের পরিপন্থী কোন কিছু না থাকিলে, এই আইনে—(১) ‘‘অভিবাসন’’ অর্থ বাংলাদেশের বাহিরে যে কোন দেশে কোন
7. <local_government_1024_s28> [স্থানীয় সরকার (পৌরসভা) আইন, ২০০৯, ধারা ২৮] সম্পত্তি সম্পর্কিত ঘোষণা — (১) মেয়র এবং প্রত্যেক কাউন্সিলরকে, শপথ বা দৃঢ়ভাবে ঘোষণা প্রদানের সময় ট্যাক্সপেয়ার’স আইডেন্টিফিকেশন নম্বরসহ
8. <other_1682_s2_p0> [মানবদেহে অঙ্গ-প্রত্যঙ্গ সংযোজন আইন, ২০২৬, ধারা ২] সংজ্ঞা — বিষয় বা প্রসঙ্গের পরিপন্থি কোনো কিছু না থাকিলে, এই আইনে- (১) “অঙ্গ-প্রত্যঙ্গ” অর্থ মানবদেহের কিডনি, হৃৎপিণ্ড,
9. <local_government_1026_s8> [স্থানীয় সরকার (সিটি কর্পোরেশন) আইন, ২০০৯, ধারা ৮] সম্পত্তি সম্পর্কিত ঘোষণা — (১) মেয়র এবং প্রত্যেক কাউন্সিলরকে, শপথ গ্রহণ বা ঘোষণা প্রদানের সময় ট্যাক্স আইডেন্টিফিকেশন নম্বরসহ (যদি থাকে)
10. <other_1248_s8> [ওয়েজ আর্নার্স কল্যাণ বোর্ড আইন, ২০১৮, ধারা ৮] বোর্ডের কার্যাবলি — এই আইনের উদ্দেশ্য পূরণকল্পে, বোর্ডের কার্যাবলি হইবে নিম্নরূপ, যথা :-(১) প্রবাসীদের কল্যাণার্থে প্রকল্প গ্রহণ এ","family_305_s6, family_305_s9, family_180_s2_p0",own_search,answered,3,
prot_0105_03,Iftiaq,VERIFY,"দ্বিতীয় প্রশ্ন হচ্ছে, কোনো কোনো বইয়ে স্বত্ব প্রথম সংস্করণ অনুযায়ী করা আছে অথবা নির্দিষ্ট কয়েকটি সংস্করণ পর্যন্ত দেওয়া আছে। সেগুলোর পুনঃসংস্করণের ক্ষেত্রে এর স্বত্ব কার নামে হবে?","1. <consumer_1452_s32> [কপিরাইট আইন, ২০২৩, ধারা ৩২] মুদ্রণশৈলী সংরক্ষণ এবং উহার মেয়াদ — কোনো প্রকাশক বাণিজ্যিক উদ্দেশ্যে কোনো গ্রন্থের সংস্করণ প্রকাশের নিমিত্ত ফটোগ্রাফিক বা অনুরূপ কোনো প্রক্রিয়ায়
2. <consumer_1452_s33> [কপিরাইট আইন, ২০২৩, ধারা ৩৩] ফোনোগ্রাম সংরক্ষণ ও উহার মেয়াদ — (১) সংগীত প্রকাশক বাণিজ্যিক উদ্দেশ্যে কোনো সংগীত বা শব্দ-ধ্বনির সংস্করণ প্রকাশের নিমিত্ত, সুর সংযোজনপূর্বক বা 
3. <money_recovery_876_s72> [সমবায় সমিতি আইন, ২০০১, ধারা ৭২] ক্রেতার স্বত্ব সম্পর্কে প্রশ্ন উত্থাপন করা যাইবে না — ধারা ৬২ এর অধীনে কোন সম্পত্তি বিক্রয় করা হইলে এবং ধারা ৬৭ (২)(খ) এর অধীনে উক্ত বিক্রয় চূড়ান্ত করা হইলে বন্ধ
4. <other_1472_s36_p2> [বাংলাদেশ পেটেন্ট আইন, ২০২৩, ধারা ৩৬] বাধ্যতামূলক লাইসেন্স (Compulsory licensing) — উপ-ধারা (১) এর দফা (খ) এর অধীন উক্ত বাধ্যতামূলক লাইসেন্স মঞ্জুর করা হয় বা ধারা ৩৯ এর অধীন উৎপাদন-সামর্থহীন বা
5. <other_1037_s56_p1> [বীমা আইন, ২০১০, ধারা ৫৬] লাইফ ইন্স্যুরেন্স পলিসির স্বত্ব প্রদান ও হস্তান্তর৷ — নিয়োগের বিষয়ে উহার তারিখ, হস্তান্তরকারী ও হস্তান্তর গ্রহীতার নামসহ লিপিবদ্ধ করিবে এবং নোটিশ প্রদানকারীর বা হ
6. <consumer_1452_s16> [কপিরাইট আইন, ২০২৩, ধারা ১৬] কপিরাইটের স্বত্ব নিয়োগ — (১) কোনো বিদ্যমান কর্মের কপিরাইটের স্বত্বাধিকারী বা ভবিষ্যৎ কর্মের কপিরাইটের স্বত্বাধিকারী যে কোনো ব্যক্তির অন
7. <other_1413_s21> [সরকারি ঋণ আইন, ২০২২, ধারা ২১] সরকারি সিকিউরিটি বা জাতীয় সঞ্চয় স্কীমের আওতায় ইস্যুকৃত সার্টিফিকেটের স্বত্ব লইয়া প্রশ্ন উত্থাপিত হইলে উহা নিরসনের সংক্ষিপ্ত প্রক্রিয়া — (১) একাধিক ব্যক্তি বাংলাদেশ ব্যাংক বা, ক্ষেত্রমত, জাতীয় সঞ্চয় অধিদপ্তরের নিকট সরকারি সিকিউরিটি বা জাতীয় সঞ্
8. <consumer_1452_s17> [কপিরাইট আইন, ২০২৩, ধারা ১৭] স্বত্ব নিয়োগের শর্তাবলি — (১) কোনো কর্মের কপিরাইটের স্বত্ব নিয়োগ বৈধ হইবে না, যদি না উহা স্বত্ব প্রদানকারী বা তাহার নিকট হইতে যথাযথভাবে
9. <consumer_1452_s74> [কপিরাইট আইন, ২০২৩, ধারা ৭৪] প্রকাশকের অধিকার লঙ্ঘন, ইত্যাদি — প্রকাশকের নিকট হইতে ক্ষমতাপ্রাপ্ত ব্যক্তি ব্যতিরেকে অন্য কোনো ব্যক্তি বাণিজ্যিক ভিত্তিতে বিক্রয়ের উদ্দেশ্যে ফ
10. <consumer_1452_s18> [কপিরাইট আইন, ২০২৩, ধারা ১৮] কপিরাইটের স্বত্ব নিয়োগ বিষয়ক বিরোধ নিষ্পত্তি — (১) যদি কপিরাইটের কোনো স্বত্বের অথবা স্বত্ব নিয়োগের বিষয়ে কোনো বিরোধের উদ্ভব হয়, তাহা হইলে বোর্ড, সংক্ষুব্ধ","6, 8",candidate,answered,3,
lawy_0350_01,Iftiaq,VERIFY,"উত্তরাধিকার না নমিনি, কে পাবে মৃত ব্যক্তির ব্যাংকের গচ্ছিত অর্থ?","1. <other_1413_s18> [সরকারি ঋণ আইন, ২০২২, ধারা ১৮] ধারকের মৃত্যুর পর সরকারি সিকিউরিটি বা জাতীয় সঞ্চয় স্কীমের আওতায় ইস্যুকৃত সার্টিফিকেটের অর্থ প্রদান — (১) সরকারি সিকিউরিটি বা জাতীয় সঞ্চয় স্কীমের আওতায় ইস্যুকৃত সার্টিফিকেটের ধারক নমিনি প্রদানপূর্বক মৃত্যুবরণ 
2. <other_1413_s17> [সরকারি ঋণ আইন, ২০২২, ধারা ১৭] ধারক কর্তৃক নমিনি মনোনয়ন প্রদান — (১) আপাতত বলবৎ অন্য কোনো আইনে ভিন্নরূপ যাহা কিছুই থাকুক না কেন,-(ক) সরকারি সিকিউরিটি বা জাতীয় সঞ্চয় স্কীমের 
3. <other_1429_s194> [আয়কর আইন, ২০২৩, ধারা ১৯৪] মৃত ব্যক্তির ক্ষেত্রে আয়কর নির্ধারণ — (১) কোনো ব্যক্তি মৃত্যুবরণ করিলে, তাহার আইনগত প্রতিনিধি এই আইনের অধীন প্রদেয় কোনো কর বা অন্য কোনো অর্থ প্রদান
4. <consumer_1010_s11> [ট্রেডমার্ক আইন, ২০০৯, ধারা ১১] জীবিত বা মৃত ব্যক্তির নাম ব্যবহার — কোন ট্রেডমার্ক নিবন্ধনের আবেদনের সহিত কোন জীবিত ব্যক্তি বা আবেদন দাখিলের পূর্ববর্তী ২০ (বিশ) বৎসরের মধ্যে মৃত 
5. <other_1429_s190> [আয়কর আইন, ২০২৩, ধারা ১৯০] মৃত্যু ব্যতীত অন্য কোনোভাবে উত্তরাধীকারসূত্রে প্রাপ্ত ব্যবসায়ের কর নির্ধারণ — (১) যেইক্ষেত্রে কোনো আয়বর্ষে মৃত্যু ব্যতীত অন্য কোনোভাবে কোনো ব্যক্তি অন্য কোনো ব্যক্তির কোনো ব্যবসায়ের উত্ত
6. <labour_952_s155_p0> [বাংলাদেশ শ্রম আইন, ২০০৬, ধারা ১৫৫] ক্ষতিপূরণ বন্টন — (১) জখমের ফলে মৃত কোন শ্রমিক সম্পর্কে প্রদেয় কোন ৰতিপূরণ এবং আইনগত অৰমতার অধীন কোন ব্যক্তিকে ৰতিপূরণ বাবদ প্র
7. <other_1149_s21_p2> [পল্লী  সঞ্চয় ব্যাংক আইন, ২০১৪, ধারা ২১] ব্যাংকের কার্যাবলী — হিসাবে দায়িত্ব পালন;(ভ) সরকারি সিকিউরিটিতে তহবিল বিনিয়োগ;(ম) ব্যাংকের দাবীর সম্পূর্ণ বা আংশিক পূরণকল্পে যে ক
8. <consumer_1010_s92> [ট্রেডমার্ক আইন, ২০০৯, ধারা ৯২] মামলার কোন পক্ষের মৃত্যু — যদি এই আইনের অধীন কোন কার্যধারা বিচারাধীন থাকা অবস্থায় কোন পক্ষ মারা যান, তাহা হইলে নিবন্ধক সংশ্লিষ্ট কোন পক্
9. <other_1472_s2_p2> [বাংলাদেশ পেটেন্ট আইন, ২০২৩, ধারা ২] সংজ্ঞা — এবং(ঘ) যাহা এইরূপে প্রকাশিত হইয়াছে যে, সাধারণ দক্ষতাসম্পন্ন কোনো ব্যক্তি কোনোরূপ উদ্ভাবনী কার্যক্রমে নিয়োজিত
10. <other_1717_s55> [ব্যাংক রেজল্যুশন আইন, ২০২৬, ধারা ৫৫] প্রতারণামূলকভাবে ব্যবহৃত বা অপব্যবহৃত ব্যাংকের সম্পদ বা তহবিলের হিসাব — প্রতারণামূলকভাবে ব্যবহৃত বা অপব্যবহৃত ব্যাংকের সম্পদ বা তহবিলের পরিমাণ উক্তরূপে ব্যবহৃত মূল অর্থ এবং ইহার সহিত",other_751_s103,own_search,answered,3,
prot_0050_03,Iftiaq,VERIFY,"আমরা দুই ভাইবোন। প্রায় ১৫ বছর আগে আমাদের মা-বাবার তালাক হয়ে যায়। এখন আমি, মা, ভাই ও নানিকে নিয়ে আমাদের সংসার। নানা মারা যাওয়ার পর নানি আমাদের সঙ্গেই থাকেন। ৪ শতাংশ জমির ওপর আমাদের বাড়ি। আমার মা জমিটা নিজের টাকায় কিনে ২ শতাংশ নিজের নামে ও ২ শতাংশ তাঁর মায়ের (আমার নানি) নামে নিবন্ধন করে দেন। আমার ভাইয়ের বয়স ২০। সে দশম শ্রেণীতে পড়ার সময় অসৎ সঙ্গে জড়িয়ে পড়ে। এখন সে নেশা করে এবং আমাদের তিনজনকে প্রতিদিন মানসিক ও শারীরিকভাবে নির্যাতন করে। সে আমার নানির ২ শতাংশ জমি দাবি করে। নানি এখন আমার মাকে ২ শতাংশ জমি দানপত্র করে দিতে চাইছেন। দানপত্র করা হয়ে গেলে পরে যদি আমার মা এই জমি বিক্রি করতে চান, তা হলে কি আমার ভাই এই জমি নিয়ে কোনো সমস্যা করতে পারবে? কীভাবে আইনি ব্যবস্থা নিয়ে তার কাছ থেকে মুক্তি পাওয়া যায়?নাম প্রকাশে অনিচ্ছুক","1. <other_722_s15> [পার্বত্য জেলাসমূহ (আইন রহিত ও প্রয়োগ এবং বিশ, ধারা ১৫] বসতবাড়ীর জন্য গ্রামীণ জমি দখল — (১) কোন পাহাড়ী ব্যক্তি পৌর এলাকা-বহির্ভূত অনধিক ত্রিশ শতাংশ পর্যন্ত খাস জমি তাহার নিজ বসতবাড়ীর জন্য হেডম্যান
2. <other_1725_s21_p29> [অর্থ আইন, ২০২৬, ধারা ২১] ২০১২ সনের ৪৭ নং আইনের দ্বিতীয় তফসিলের সংশোধন — ডলার পর্যন্ত ৪৫ (ঘ) মূল্যসীমা ১০০০০০ মা. ডলার এর ঊর্ধ্ব হইতে ২০০০০০ মা. ডলার পর্যন্ত ৬০ (ঙ) মূল্যসীমা ২০০০০০ ম
3. <other_1429_s133> [আয়কর আইন, ২০২৩, ধারা ১৩৩] প্রকাশ্য নিলামের বিক্রি হইতে কর সংগ্র — (১) কোনো ব্যক্তি কোনো নির্দিষ্ট মালিকের কোনো পণ্য বা সম্পত্তি সীলমোহরযুক্ত দরপত্রের মাধ্যমে প্রকাশ্য নিলামে বি
4. <other_857_s45> [বাংলাদেশ টেলিযোগাযোগ নিয়ন্ত্রণ আইন, ২০০১, ধারা ৪৫] লাইসেন্সধারীর প্রয়োজনে বাধ্যতামূলকভাবে বেসরকারী জমি অধিগ্রহণ — (১) লাইসেন্সের অধীন কাজকর্ম সম্পাদন বা পরিচালনার জন্য প্রয়োজনীয় কোন জমি ব্যবহারের ক্ষেত্রে লাইসেন্সধারী বাধা
5. <other_1718_s83> [অর্থ (২০২৫-২০২৬ অর্থ বৎসর) আইন, ২০২৬, ধারা ৮৩] ২০২৩ সনের ১২ নং আইনের ধারা ১৩৫ এর সংশোধন — উক্ত আইনের ধারা ১৩৫ এর- (ক) উপ-ধারা (১) এ উল্লিখিত “১০% (দশ শতাংশ)” সংখ্যা, চিহ্ন, বন্ধনী ও শব্দগুলির পরিবর্তে
6. <other_1718_s136> [অর্থ (২০২৫-২০২৬ অর্থ বৎসর) আইন, ২০২৬, ধারা ১৩৬] ২০২৩ সনের ১২ নং আইনের সপ্তম তফসিলের সংশোধন — উক্ত আইনের সপ্তম তফসিলের- (ক) অনুচ্ছেদ (১) এর পরিবর্তে নিম্নরূপ অনুচ্ছেদ (১) প্রতিস্থাপিত হইবে, যথা:- “১। এই আ
7. <other_1066_s7ক> [বালুমহাল ও মাটি ব্যবস্থাপনা আইন, ২০১০, ধারা ৭ক] ব্যক্তি মালিকানাধীন জমির বালু বা মাটি উত্তোলন — কোনো ব্যক্তি মালিকানাধীন জমি হইতে বালু বা মাটি উত্তোলন করা যাইবে না, যদি-(ক) উহা উর্বর কৃষি জমি হয়;(খ) বাণিজ্
8. <other_724_s64> [রাংগামাটি পার্বত্য জেলা পরিষদ আইন, ১৯৮৯, ধারা ৬৪] (১) আপাততঃ বলবত্ অন্য কোন আইনে যাহা কিছুই থাকুক না কেন-(ক) রাংগামাটি পার্বত্য জেলার এলাকাধীন বন্দোবস্তযোগ্য খা
9. <other_725_s64> [খাগড়াছড়ি পার্বত্য জেলা পরিষদ আইন, ১৯৮৯, ধারা ৬৪] (১) আপাততঃ বলবত্ অন্য কোন আইনে যাহা কিছুই থাকুক না কেন-(ক) খাগড়াছড়ি পার্বত্য জেলার এলাকাধীন বন্দোবস্তযোগ্য খ
10. <other_726_s64> [বান্দরবান পার্বত্য জেলা পরিষদ আইন, ১৯৮৯, ধারা ৬৪] (১) আপাততঃ বলবত্ অন্য কোন আইনে যাহা কিছুই থাকুক না কেন-(ক) বান্দরবন পার্বত্য জেলার এলাকাধীন বন্দোবস্তযোগ্য খাস","other_48_s122, land_90_s78A, women_children_1063_s14",own_search,answered,3,
prot_0060_02,Iftiaq,VERIFY,"২০০৮ সালে একটি ছেলের সঙ্গে সম্পর্ক গড়ে ওঠে। এরপর আমাদের শারীরিক সম্পর্ক চলতে থাকে ২০১১ সালের মে মাস পর্যন্ত। হঠাৎ আমি ছেলেটিকে না জানিয়ে ২০১১ সালের জুলাই মাসে সামাজিকভাবে অন্য এক ছেলেকে বিয়ে করি। সে সরকারি চাকরি করে এবং ঢাকায় বাড়ি আছে। আগের ছেলেটি আমাকে বিয়ে করতে রাজি ছিল। কিন্তু আমি করিনি। কারণ, সে তখনো প্রতিষ্ঠিত হয়নি। তার কাছে আমাদের শারীরিক সম্পর্কের ভিডিওচিত্রসহ অনেক প্রমাণ আছে। এখন নাকি সে ওই ভিডিওচিত্র আমার স্বামীকে দেখাবে। কারণ, আমি নাকি তাকে খুব কষ্ট দিয়েছি এবং আর্থিক ও মানসিক ক্ষতি করেছি। তাকে যত বোঝানো হয় সে কিছুই বোঝে না। এখন আমি কী করতে পারি? ছেলেটি কি আমার বিরুদ্ধে কোনো আইনগত ব্যবস্থা নিতে পারবে? নাম প্রকাশে অনিচ্ছুক","1. <other_1271_s46> [সরকারি চাকরি আইন, ২০১৮, ধারা ৪৬] অক্ষমতাজনিত অবসর — (১) কোনো সরকারি কর্মচারী শারীরিক অথবা মানসিক অসামর্থ্য বা বৈকল্যের কারণে সরকারি কর্ম সম্পাদনে নিজেকে অক্ষম মনে
2. <other_1076_s61> [অর্থ আইন, ২০১১, ধারা ৬১] সারচার্জ — Income-tax Ordinance, 1984(XXXVI of 1984) এর আওতায় ২০১১ সালের ১ জুলাই হইতে আরব্ধ কর বৎসরের জন্য কোন কর নির্ধা
3. <other_1076_s60> [অর্থ আইন, ২০১১, ধারা ৬০] আয়কর — (১) উপ-ধারা (৩) এর বিধানাবলী সাপেক্ষে, ২০১১ সালের ১ জুলাই তারিখে আরব্ধ কর বৎসরের জন্য কোন কর নির্ধারণের ক্ষেত্
4. <women_children_1063_s3> [পারিবারিক সহিংসতা (প্রতিরোধ ও সুরক্ষা) আইন, , ধারা ৩] পারিবারিক সহিংসতা — - এই আইনের উদ্দেশ্য পূরণকল্পে পারিবারিক সহিংসতা বলিতে পারিবারিক সম্পর্ক রহিয়াছে এমন কোন ব্যক্তি কতৃর্ক পরিবার
5. <criminal_procedure_765_s110> [রাজশাহী মহানগরী পুলিশ আইন, ১৯৯২, ধারা ১১০] পুলিশ কর্মকর্তার বিরুদ্ধে আইনগত ব্যবস্থা গ্রহণের সময়সীমা — আপাততঃ বলবত্ অন্য কোন আইনে যাহা কিছুই থাকুক না কেন, এই আইন, বিধি, প্রবিধান বা তদধীন প্রদত্ত কোন আদেশ এর অধীন ক
6. <criminal_procedure_1238_s108> [গাজীপুর মহানগরী পুলিশ আইন, ২০১৮, ধারা ১০৮] পুলিশ অফিসারের বিরুদ্ধে আইনগত ব্যবস্থা গ্রহণ — আপাতত বলবৎ অন্য কোনো আইনে যাহা কিছুই থাকুক না কেন, এই আইন, বিধি, প্রবিধান বা তদধীন প্রদত্ত কোনো আদেশের অধীন কো
7. <criminal_procedure_1239_s108> [রংপুর মহানগরী পুলিশ আইন, ২০১৮, ধারা ১০৮] পুলিশ অফিসারের বিরুদ্ধে আইনগত ব্যবস্থা গ্রহণ — আপাতত বলবৎ অন্য কোনো আইনে যাহা কিছুই থাকুক না কেন, এই আইন, বিধি, প্রবিধান বা তদধীন প্রদত্ত কোনো আদেশের অধীন কো
8. <other_1048_s2> [নির্দিষ্টকরণ আইন, ২০১০, ধারা ২] ২০১০-২০১১ অর্থ বৎসরের জন্য সংযুক্ত তহবিল হইতে ১৯৯৮৭৩,৬৫,৩৮,০০০ টাকা প্রদান — ২০১১ সালের ৩০ জুন তারিখে সমাপ্য অর্থ বৎসরে যেই সকল ব্যয় হইতে পারে সেই সকল ব্যয় নির্বাহের জন্য এই আইনের তফসিল
9. <other_1682_s16> [মানবদেহে অঙ্গ-প্রত্যঙ্গ সংযোজন আইন, ২০২৬, ধারা ১৬] নিঃস্বার্থবাদী দাতা নির্ধারণ ও অনুমতি প্রদান কমিটি ও উহার কার্যাবলি — (১) নিঃস্বার্থবাদী দাতা নির্ধারণ ও অনুমতি প্রদানের জন্য একটি নিঃস্বার্থবাদী দাতা নির্ধারণ ও অনুমতি প্রদান কমিট
10. <other_1134_s10> [নিউরো-ডেভেলপমেন্টাল প্রতিবন্ধী  সুরক্ষা  ট্র, ধারা ১০] ট্রাস্টের লক্ষ্য ও উদ্দেশ্য — ট্রাস্টের লক্ষ্য ও উদ্দেশ্য হইবে, সমাজের অংশ হিসাবে মর্যাদার সহিত বসবাস করিবার উপযোগী করিয়া তুলিবার লক্ষ্যে, ","other_1091_s8, criminal_procedure_11_s506",own_search,answered,3,
prot_0104_06,Iftiaq,VERIFY,"ট্রাইব্যুনাল থেকে যদি তালিকাভুক্ত সম্পত্তি আবেদনকারীর অনুকূলে রায় দেন এবং তিনি যদি মূল মালিকের উত্তরাধিকারী বা উত্তরাধিকারীর স্বার্থাধিকারী হন, তবে তিনি দখলে না থাকলেও ওই রায় কার্যকর করার জন্য জেলা প্রশাসকের মাধ্যমে ডিক্রি জারি মামলা করা যাবে। ৭. ট্রাইব্যুনালের রায় আমার পক্ষে গ্রহণযোগ্য না হলে পরবর্তী সময়ে আমি কি আবার আপিল করতে পারব?","1. <land_856_s10_p1> [অর্পিত সম্পত্তি প্রত্যর্পণ আইন, ২০০১, ধারা ১০] 1 [প্রত্যর্পণযোগ্য] সম্পত্তি প্রত্যর্পণ বা অবমুক্তির আবেদন, রেজিষ্ট্রি, রায় ও রায়ের অনুলিপি — কোন সম্পত্তি অন্তর্ভুক্ত হইয়া থাকিলে সংশ্লিষ্ট স্বার্থবান ব্যক্তি ট্রাইব্যুনালের নিকট উক্ত সম্পত্তি প্রত্যর্প
2. <family_1444_s19> [পারিবারিক আদালত আইন, ২০২৩, ধারা ১৯] আপিল দায়ের ও নিষ্পত্তি — (১) পারিবারিক আদালতের রায়, ডিক্রি বা আদেশের বিরুদ্ধে পারিবারিক আপিল আদালতে আপিল দায়ের করা যাইবে:তবে শর্ত থাক
3. <land_856_s18> [অর্পিত সম্পত্তি প্রত্যর্পণ আইন, ২০০১, ধারা ১৮] আপীল — (১) উপ-ধারা (২) এ উল্লিখিত ট্রাইব্যুনালের সিদ্ধান্তসমূহের বিরুদ্ধে শুধুমাত্র আপীল ট্রাইব্যুনালে আপীল দায়ের কর
4. <local_government_1024_s24> [স্থানীয় সরকার (পৌরসভা) আইন, ২০০৯, ধারা ২৪] নির্বাচন ট্রাইব্যুনাল ও নির্বাচন আপিল ট্রাইব্যুনাল গঠন — (১) এই আইনের অধীন নিবার্চন সম্পর্কিত বিরোধ নিষ্পত্তির জন্য নিবার্চন কমিশন একজন উপযুক্ত পদমযার্দার বিচার বিভাগী
5. <land_856_s2_p2> [অর্পিত সম্পত্তি প্রত্যর্পণ আইন, ২০০১, ধারা ২] সংজ্ঞা — সম্পত্তি হিসাবে তালিকাভুক্ত হইয়াছে সেই মূল মালিক বা তাহার উত্তরাধিকারী, বা উক্ত মূল মালিক বা উত্তরাধিকারীর স্
6. <labour_952_s218_p1> [বাংলাদেশ শ্রম আইন, ২০০৬, ধারা ২১৮] শ্রম আপীল ট্রাইব্যুনাল — উক্ত কার্যক্রম অনুসরণ করিবে।(৮) যদি কোন বিষয়ে সিদ্ধান্ত দেওয়ার ক্ষেত্রে বেঞ্চের সদস্যগণের মধ্যে মত পার্থক্য 
7. <local_government_1026_s38> [স্থানীয় সরকার (সিটি কর্পোরেশন) আইন, ২০০৯, ধারা ৩৮] নির্বাচনী ট্রাইব্যুনাল ও নির্বাচনী আপিল ট্রাইব্যুনাল গঠন — (১) এই আইনের অধীন নির্বাচন সম্পর্কিত বিরোধ নিষ্পত্তির জন্য নির্বাচন কমিশন একজন উপযুক্ত পদমর্যাদার বিচার বিভাগী
8. <other_1061_s19> [পরিবেশ আদালত আইন, ২০১০, ধারা ১৯] আপীল — (১) দেওয়ানী কার্যবিধি বা ফৌজদারী কার্যবিধিতে ভিন্নতর যাহা কিছুই থাকুক না কেন, এই আইনের বিধান অনুযায়ী ব্যতীত 
9. <other_1684_s37> [মানব পাচার ও অভিবাসী চোরাচালান প্রতিরোধ ও দম, ধারা ৩৭] আপিল — ট্রাইব্যুনালের কোনো আদেশ, রায় বা দণ্ডের বিরুদ্ধে উক্ত আদেশ, রায় বা দণ্ডাদেশ প্রদানের তারিখ হইতে ৩০ (ত্রিশ) দ
10. <cybercrime_950_s72> [তথ্য ও যোগাযোগ প্রযুক্তি আইন, ২০০৬, ধারা ৭২] রায় প্রদানের সময়সীমা — (১) ট্রাইব্যুনালের বিচারক সাক্ষ্য অথবা যুক্তিতর্ক সমাপ্ত হইবার তারিখ হইতে, যাহা পরে ঘটে, দশ দিনের মধ্যে রায় প",3,candidate,answered,3,
prot_0084_02,Iftiaq,VERIFY,"আমার বাবার জমি উত্তর-দক্ষিণ রাস্তার পূর্ব পাশে। তার পূর্ব পাশে আমার বাবা আমার নামে ৩৩ শতাংশ জমি ক্রয় করেন আমার এক চাচার কাছ থেকে। একই দাগে আরও জমি থাকায় আরেক চাচাতো বোন ১৫ শতাংশ জমি ক্রয় করেন, যা আমার জমির পূর্ব পাশে। চাচাতো বোন কেনা জমি রেজিস্ট্রি করার সময় পশ্চিম পাশ উল্লেখ করেন। এতে দেখা যায়, প্রথমে আমার বাবার পৈতৃক সম্পত্তি, তারপর তাদের সম্পত্তি, তারপর আমার সম্পত্তি। তখন আমার বাবা তাদের জায়গার বিপরীতে টাকা আমানত করেন। কারণ, চাচাতো বোন তখনো ওয়ারিশ হননি। ওই জায়গাটি আমাদের দখলে ছিল, কিন্তু এলাকার কিছু প্রভাবশালী লোক তাঁদের জায়গা দখল করে দিয়ে ঘর তুলে দেন। সেই সময় ডিসেম্বর মাসে জজ কোর্ট বন্ধ থাকায় আমরা কিছুই করতে পারিনি। আমানতি নোটিশ থানায় দেখানো হলেও কোনো সাহায্য পাইনি। আমার বাবার একমাত্র ছেলে আমি। আমাকে এবং আমার বাবাকে হুমকি দেওয়া হচ্ছে আমানতি টাকা তুলে নেওয়ার জন্য। এখন আমার করণীয় কী এবং ওই জায়গা কি কখনো আমরা ফিরে পাব?","1. <other_724_s64> [রাংগামাটি পার্বত্য জেলা পরিষদ আইন, ১৯৮৯, ধারা ৬৪] (১) আপাততঃ বলবত্ অন্য কোন আইনে যাহা কিছুই থাকুক না কেন-(ক) রাংগামাটি পার্বত্য জেলার এলাকাধীন বন্দোবস্তযোগ্য খা
2. <other_725_s64> [খাগড়াছড়ি পার্বত্য জেলা পরিষদ আইন, ১৯৮৯, ধারা ৬৪] (১) আপাততঃ বলবত্ অন্য কোন আইনে যাহা কিছুই থাকুক না কেন-(ক) খাগড়াছড়ি পার্বত্য জেলার এলাকাধীন বন্দোবস্তযোগ্য খ
3. <other_726_s64> [বান্দরবান পার্বত্য জেলা পরিষদ আইন, ১৯৮৯, ধারা ৬৪] (১) আপাততঃ বলবত্ অন্য কোন আইনে যাহা কিছুই থাকুক না কেন-(ক) বান্দরবন পার্বত্য জেলার এলাকাধীন বন্দোবস্তযোগ্য খাস
4. <other_722_s15> [পার্বত্য জেলাসমূহ (আইন রহিত ও প্রয়োগ এবং বিশ, ধারা ১৫] বসতবাড়ীর জন্য গ্রামীণ জমি দখল — (১) কোন পাহাড়ী ব্যক্তি পৌর এলাকা-বহির্ভূত অনধিক ত্রিশ শতাংশ পর্যন্ত খাস জমি তাহার নিজ বসতবাড়ীর জন্য হেডম্যান
5. <other_882_s38> [এসিড নিয়ন্ত্রণ আইন, ২০০২, ধারা ৩৮] অপরাধ সংঘটনে গৃহ বা যানবাহন ইত্যাদি ব্যবহার করিতে দেওয়ার দণ্ড — কোন ব্যক্তি যদি সজ্ঞানে এই আইনের অধীন কোন অপরাধ সংঘটনের জন্য তাহার মালিকানাধীন বা দখলীয় কোন বাড়ী-ঘর, জায়গা-
6. <other_845_s20> [জাতীয় গৃহায়ন কর্তৃপক্ষ আইন, ২০০০, ধারা ২০] জমি হুকুমদখল বা অধিগ্রহণ, ইত্যাদি — (১) কর্তৃপক্ষের কার্যাবলী সম্পাদনের জন্য কোন জমি প্রয়োজন হইলে উহা জনস্বার্থে প্রয়োজনীয় বলিয়া বিবেচিত হইবে 
7. <other_721_s8> [বাংলাদেশ ঋণ সালিসি আইন, ১৯৮৯, ধারা ৮] জমি প্রত্যর্পণের নির্দেশ কার্যকরকরণ — ক্রেতা বোর্ডের নির্দেশানুসারে জমির দখল প্রত্যর্পণ না করিলে বা করিতে ব্যর্থ হইলে, জমির দখল পাওয়ার জন্য বিক্রেত
8. <other_1158_s25> [ফরমালিন নিয়ন্ত্রণ আইন, ২০১৫, ধারা ২৫] অপরাধ সংঘটনে গৃহ বা যানবাহন, ইত্যাদি ব্যবহার করিতে দেওয়ার দণ্ড — কোন ব্যক্তি যদি জ্ঞাতসারে এই আইনের অধীন কোন অপরাধ সংঘটনের জন্য তাহার মালিকানাধীন বা দখলীয় কোন বাড়ি-ঘর, জায়গ
9. <other_721_s2> [বাংলাদেশ ঋণ সালিসি আইন, ১৯৮৯, ধারা ২] সংজ্ঞা — বিষয় বা প্রসংগের পরিপন্থী কোন কিছু না থাকিলে, এই আইনে,-(ক) “কৃষক” অর্থ এমন ব্যক্তি যিনি নিজের জমি ব্যক্তিগতভা
10. <other_1427_s10> [হাট ও বাজার (স্থাপন ও ব্যবস্থাপনা) আইন, ২০২৩, ধারা ১০] (১) কোনো ব্যক্তি হাট ও বাজারের সরকারি খাস জমি অবৈধভাবে দখলে রাখিতে অথবা উপযুক্ত কর্তৃপক্ষের পূর্বানুমতি ব্যতির","other_36_s31, other_36_s8, criminal_procedure_75_s145_p0",own_search,answered,3,
prot_0067_02,Iftiaq,VERIFY,"পারিবারিকভাবেই আমাদের বিয়ে হয়েছিল। আমার স্বামী সে সময় সরকারি কর্মকর্তা ছিলেন। আমাদের ৩২ বছরের বিবাহিত জীবন চলছে। ২০০৫ সালে থেকে আমি ধীরে ধীরে অসুস্থ হয়ে পড়ি। এখন পঙ্গু অবস্থায় জীবন যাপন করছি। বিয়ের কিছুদিন পর লোকমুখে জানতে পারি, আমার স্বামীর সঙ্গে তাঁর এক ভাবি ও ফুফাতো বোনের অবৈধ সম্পর্ক গড়ে উঠেছিল। এসব শুনে আমি আমার বাবার বাড়ি ফিরে আসি এবং এ বিষয়ে তাঁদের জানাই। বাবা ধৈর্য ধরতে বললেন। বাবা একটা সমাধানে আসতে চেয়েছিলেন। ইতিমধ্যে আমার স্বামী নিজের ভুল বুঝতে পেরে আমাকে আবার নিতে আসেন। তিনি বাবা ও অন্য মুরব্বিদের সামনে ক্ষমা চান। আমার পরিবারের সবার সম্মতিতে আমি আবার স্বামীর সঙ্গে ফিরে আসি। কিন্তু ২০০৮ সালে গৃহকর্মীর সঙ্গে তাঁর সম্পর্ক থাকার প্রমাণ পাই। তাঁর জন্য বাসায় কোনো গৃহকর্মী রাখা যেত না। আমার পঙ্গু অবস্থায় তিনি আমাকে না জানিয়ে বাড়ি ছেড়ে চলে যান। এখন আমি একা এবং অসহায়। আমি জানতে চাই, প্রথম স্ত্রীর বিনা অনুমতিতে দ্বিতীয় বিয়ে করা যায় কি না?এমনকি তিনি তাঁর এক ভাতিজিকে তাঁর টাকা-পয়সার নমিনি করে রেখেছেন। জানতে পারি, তিনি আমাদের সেই গৃহকর্মীকে নিয়েই এখন বাস করছেন। আমি আর তাঁর সংসার করতে চাই না","1. <other_1266_s2_p2> [বাংলাদেশ মুক্তিযোদ্ধা কল্যাণ ট্রাস্ট আইন, ২০, ধারা ২] সংজ্ঞা — জামায়াতে ইসলামী এবং তাহাদের সহযোগী রাজাকার, আলবদর, আলশামস বাহিনীর বিরুদ্ধে গণপ্রজাতন্ত্রী বাংলাদেশের স্বাধীনত
2. <other_1485_s9> [বাংলাদেশ পুলিশ কল্যাণ তহবিল আইন, ২০২৩, ধারা ৯] মৃত্যু এবং অক্ষমতাজনিত কারণে এককালীন এবং মাসিক কল্যাণ অনুদান — (১) কোনো কর্মচারী বা তাহার মৃত্যু হইলে তাহার স্ত্রী বা, ক্ষেত্রমত, স্বামী, বিধি দ্বারা নির্ধারিত পদ্ধতিতে, নিম
3. <other_1429_s126> [আয়কর আইন, ২০২৩, ধারা ১২৬] (১)Registration Act, 1908(Act No. XVI of 1908) এর অধীন কোনো ভূমি, স্থাপনা, বাড়ি, ফ্ল্যাট, অ্যাপার্টমেন্ট অথবা
4. <women_children_835_s11> [নারী ও শিশু নির্যাতন দমন আইন, ২০০০, ধারা ১১] যৌতুকের জন্য মৃত্যু ঘটানো, ইত্যাদির শাস্তি — যদি কোন নারীর স্বামী অথবা স্বামীর পিতা, মাতা, অভিভাবক, আত্মীয় বা স্বামীর পক্ষে অন্য কোন ব্যক্তি যৌতুকের জন্য 
5. <other_1483_s4> [পরিত্যক্ত বাড়ি (সম্পূরক বিধানাবলি) আইন, ২০২৩, ধারা ৪] পরিত্যক্ত বাড়ি ঘোষণা ও তালিকা প্রণয়ন — (১) উপ-ধারা (২) এর বিধান সাপেক্ষে, সরকার, সরকারি গেজেটে প্রজ্ঞাপন দ্বারা, নিম্নবর্ণিত বাড়িসমূহকে পরিত্যক্ত বা
6. <other_1490_s46> [অর্থ আইন, ২০২৪, ধারা ৪৬] ২০২৩ সনের ১২ নং আইনের ধারা ১২৬ এর প্রতিস্থাপন — উক্ত আইনের ধারা ১২৬ এর পরিবর্তে নিম্নরূপ ধারা ১২৬ প্রতিস্থাপিত হইবে, যথা:-“১২৬। ডেভেলপার বা রিয়েল এস্টেট ডেভে
7. <other_898_s4> [ভ্রমণ কর আইন, ২০০৩, ধারা ৪] (১) ধারা ৩ এ যাহা কিছুই থাকুক না কেন, নিম্নবর্ণিত যাত্রীগণ এই আইনের অধীন প্রদেয় ভ্রমণ কর হইতে অব্যাহতি পাইবেন
8. <other_1431_s14> [অর্থ আইন, ২০২৩, ধারা ১৪] ২০০৩ সনের ৫ নং আইনের ধারা ৪ এর সংশোধন — উক্ত আইনের ধারা ৪ এর পরিবর্তে নিম্নরূপ ধারা ৪ প্রতিস্থাপিত হইবে, যথা:-“৪। অব্যাহতি।-(১) ধারা ৩ এ যাহা কিছুই থা
9. <other_1246_s99_p4> [ক্যান্টনমেন্ট আইন, ২০১৮, ধারা ৯৯] উপদ্রব সৃষ্টির শাস্তি — গ্রহণ না করেন, তাহা হইলে তিনি অনধিক ১৫ (পনের) হাজার টাকা অর্থদণ্ডে দণ্ডিত হইবেন।(৬) যদি কোনো পশুকে ক্যান্টনমেন
10. <labour_952_s340> [বাংলাদেশ শ্রম আইন, ২০০৬, ধারা ৩৪০] নিয়োগ সম্পর্ক অনুমান — কোন ব্যক্তিকে কোন কারখানায় উহার কাজ চলাকালে, আহার বা বিশ্রামের জন্য বিরতির সময় ব্যতীত অন্য কোন সময়ে অথবা উহ","family_305_s6, family_180_s2_p0, family_305_s9",own_search,answered,3,
prot_0110_02,Iftiaq,VERIFY,"আমজাদ হোসাইন, ঢাকা।পরামর্শ: আপনার প্রশ্ন থেকে পরিষ্কার বোঝা যাচ্ছে না, আপনার বাবা কোন অংশের জন্য প্রতিকার চান। বিদ্যালয়টি যদি এমপিওভুক্ত হয়ে থাকে, সেক্ষেত্রে হাইকোর্ট বিভাগে রিট দায়ের করতে পারেন। অন্যথায় দেওয়ানি মোকদ্দমা দায়ের করে প্রতিকার চাইতে পারেন।চাকরি ফিরে পেতে কী করণীয়?","1. <other_857_s83> [বাংলাদেশ টেলিযোগাযোগ নিয়ন্ত্রণ আইন, ২০০১, ধারা ৮৩] বার্তার অবৈধ প্রকাশ সম্পর্কে দেওয়ানী মামলা ও অন্যান্য প্রতিকার লাভের অধিকার — (১) যদি কোন ব্যক্তি যুক্তিসঙ্গত কারণে বিশ্বাস করেন যে, তত্কর্তৃক প্রেরিত বা গৃহীত বার্তা অবৈধভাবে প্রকাশ করা হ
2. <cybercrime_950_s84> [তথ্য ও যোগাযোগ প্রযুক্তি আইন, ২০০৬, ধারা ৮৪] সাইবার আপীল ট্রাইব্যুনাল গঠিত না হইবার ক্ষেত্রে আপীল পদ্ধতি — এই অংশের অধীন কোন সাইবার আপীল ট্রাইব্যুনাল গঠিত না হইয়া থাকিলে, ফৌজদারী কার্যবিধি আইনে যাহা কিছুই থাকুক না কে
3. <other_1472_s53> [বাংলাদেশ পেটেন্ট আইন, ২০২৩, ধারা ৫৩] দেওয়ানি কার্যবিধির প্রয়োগ — এই আইনের অন্যান্য বিধানাবলি সাপেক্ষে, এই আইনের অধীন মোকদ্দমা দায়ের এবং আইনগত কার্যধারা ও আদালতের কার্যপদ্ধতির
4. <consumer_1452_s79> [কপিরাইট আইন, ২০২৩, ধারা ৭৯] কোনো কর্মের অন্তর্ভুক্ত ভিন্ন ভিন্ন অধিকারের রক্ষণ — এই আইনের অন্যান্য বিধান সাপেক্ষে, যেক্ষেত্রে বিভিন্ন ব্যক্তি কোনো কর্মের কপিরাইটের অন্তর্ভুক্ত ভিন্ন ভিন্ন অধি
5. <other_1246_s204> [ক্যান্টনমেন্ট আইন, ২০১৮, ধারা ২০৪] মামলার নোটিশ প্রদান — (১) কোনো ব্যক্তি বোর্ডের কোনো আদেশ দ্বারা সংক্ষুব্ধ হইয়া কোনো দেওয়ানি মামলা দায়ের করিতে চাহিলে, তিনি তামাদি
6. <other_1652_s6> [বাণিজ্যিক আদালত আইন, ২০২৬, ধারা ৬] আপিল, রিভিশন ইত্যাদি — (১) প্রচলিত আইনে যাহা কিছু থাকুক না কেন, বাণিজ্যিক আদালতের চূড়ান্ত রায় ব্যতীত ইহার অন্য কোনো আদেশের বিরুদ্ধে
7. <consumer_1010_s98> [ট্রেডমার্ক আইন, ২০০৯, ধারা ৯৮] নিবন্ধন বহি সংশোধনের জন্য বিশেষ ক্ষেত্রে হাইকোর্ট বিভাগে আবেদন দাখিল — (১) যেক্ষেত্রে নিবন্ধিত ট্রেডমার্ক লঙ্ঘনের মামলায় বিবাদী বাদীর ট্রেডমার্ক নিবন্ধনের বৈধতা সম্পর্কে প্রশ্ন উত্
8. <other_1136_s28_p2> [ভৌগোলিক নির্দেশক পণ্য (নিবন্ধন ও সুরক্ষা) আই, ধারা ২৮] নিবন্ধিত ভৌগোলিক নির্দেশক লঙ্ঘন — ধারার অধীন মামলায় আদালত নিষেধাজ্ঞা জারীসহ ক্ষতিপূরণ প্রদান এবং উপযুক্ত মনে করিলে, অপর যে কোন দেওয়ানী প্রতিকা
9. <other_1009_s31> [সন্ত্রাস বিরোধী আইন, ২০০৯, ধারা ৩১] আপীল এবং মৃত্যুদণ্ড অনুমোদন — (১) বিশেষ ট্রাইব্যুনাল কর্তৃক প্রদত্ত কোন আদেশ, রায় অথবা দণ্ড প্রদানের তারিখ হইতে ত্রিশ দিনের মধ্যে উহার বিরু
10. <consumer_1452_s77> [কপিরাইট আইন, ২০২৩, ধারা ৭৭] কপিরাইট লঙ্ঘনের জন্য দেওয়ানি প্রতিকার।- — (১) যেক্ষেত্রে কোনো কর্মের কপিরাইট অথবা এই আইনের অধীন অর্পিত অন্য কোনো অধিকার লঙ্ঘন করা হয়, সেইক্ষেত্রে কপিরা",unanswerable,none,unanswerable,3,
dail_0631_02,Iftiaq,VERIFY,"If we do not register, will it affect our marriage anyhow?","1. <other_27_s54> [1The Christian Marriage Act, 1872, ধারা 54] Registration of marriage solemnized under Part V — After the solemnization of any marriage under this Part, the Marriage Registrar present at such solemnization 
2. <other_25_s19> [1The Special Marriage Act, 1872, ধারা 19] Saving of marriages solemnized otherwise than under Act — Nothing in this Act contained shall affect the validity of any marriage not solemnized under its provisions; n
3. <other_27_s34> [1The Christian Marriage Act, 1872, ধারা 34] Certificate to be forwarded to Marriage Registrar, copied and sent to Registrar General — The person solemnizing the marriage shall forthwith separate the certificate from the marriage-register-book a
4. <other_27_s60> [1The Christian Marriage Act, 1872, ধারা 60] On what conditions marriages of Native Christians may be certified — Every marriage between Native Christians applying for a certificate shall, without the preliminary notice requ
5. <other_642_s389> [The Bangladesh Merchant Shipping Ordinance, , ধারা 389] Effect of registration of fishing vessels — (1) In all proceedings under this Ordinance against the owner or skipper of, or any person belonging to, any v
6. <other_27_s37> [1The Christian Marriage Act, 1872, ধারা 37] Registration of marriages between Native Christians by persons referred to in clauses (1), (2) and (3) of section 5 — When any marriage between Native Christians is solemnized by any such person, Clergyman or Minister of Religio
7. <criminal_procedure_11_s508> [1The Penal Code, 1860, ধারা 508] Act caused by inducing person to believe that he will be rendered an object of the Divine displeasure — Whoever voluntarily causes or attempts to cause any person to do anything which that person is not legally bou
8. <other_27_s55> [1The Christian Marriage Act, 1872, ধারা 55] Certificates to be sent monthly to Registrar General. — The Marriage Registrar shall forthwith separate the certificate from the marriage-register-book and send it, a
9. <other_25_s6> [1The Special Marriage Act, 1872, ধারা 6] Objection to Marriage — Fourteen days after notice of an intended marriage has been given under section 4, such marriage may be solemn
10. <other_56_s32> [The Births, Deaths and Marriages Registratio, ধারা 32] Permission to persons having custody of certain records to send them within one year to Registrar General — If any person in Bangladesh6[* * *], has for the time being the custody of any register or record of birth, ba","family_1105_s3, family_476_s5",own_search,answered,3,
ajke_0178_01,Iftiaq,VERIFY,"প্রশ্ন: আমার বোনের বিয়ের বয়স তিন বছর। দুলাভাই তাঁর ভরণপোষণ করেছেন মাত্র ছয় মাস। এর মধ্যে আমার বোন জরায়ুর টিউমারের কারণে অসুস্থ হয়ে যান। অসুস্থতার কথা শুনে তিনি যোগাযোগ বন্ধ করে দিয়েছেন এবং চিকিৎসা না করিয়ে ডিভোর্স দিতে চাইছেন। দেড় বছর ধরে বাবা তাঁর চিকিৎসা করাতে গিয়ে ঋণগ্রস্ত হয়ে পড়েছেন। চিকিৎসার খরচ বহন করা বাবার পক্ষে সম্ভব হচ্ছে না। এত দিনের ভরণপোষণের টাকা, চিকিৎসার খরচ, এমনকি দেনমোহরের টাকাও দিতে চাইছেন না দুলাভাই। এ ক্ষেত্রে আপুর পক্ষ থেকে কী আইনি পদক্ষেপ নেওয়া যেতে পারে?","1. <other_1273_s2_p0> [মানসিক স্বাস্থ্য আইন, ২০১৮, ধারা ২] সংজ্ঞা — বিষয় বা প্রসঙ্গের পরিপন্থি কোনো কিছু না থাকিলে, এই আইনে-(১) ‘অপ্রতিবাদী রোগী (Nonprotesting patient)’ অর্থ মা
2. <other_1273_s14> [মানসিক স্বাস্থ্য আইন, ২০১৮, ধারা ১৪] অনিচ্ছুক রোগীর ভর্তি প্রক্রিয়া — (১) উপ-ধারা (৪) এর বিধান সাপেক্ষে মানসিক রোগে আক্রান্ত ব্যক্তির অভিভাবক বা আত্মীয় বা স্থানীয় অধিক্ষেত্রে কর্
3. <women_children_835_s13> [নারী ও শিশু নির্যাতন দমন আইন, ২০০০, ধারা ১৩] (১) অন্য কোন আইনে ভিন্নতর যাহা কিছুই থাকুক না কেন, ধর্ষণের কারণে কোন সন্তান জন্মলাভ করিলে-(ক) উক্ত সন্তানকে তা
4. <other_1292_s2_p0> [প্রাণিকল্যাণ আইন, ২০১৯, ধারা ২] সংজ্ঞা — বিষয় বা প্রসঙ্গের পরিপন্থি কোনো কিছু না থাকিলে, এই আইনে -(১) ‘‘অনিরাময়যোগ্য অসুস্থ প্রাণি’’ অর্থ এমন অসুস্থ 
5. <other_1392_s12> [ব্যাংকার বহি সাক্ষ্য আইন, ২০২১, ধারা ১২] খরচাদি — (১) এই আইনের অধীন বা উহার উদ্দেশ্য পূরণকল্পে, আদালতের নিকট দাখিলকৃত কোনো আবেদনের খরচ এবং আদালত কর্তৃক প্রদত্ত 
6. <other_857_s47_p1> [বাংলাদেশ টেলিযোগাযোগ নিয়ন্ত্রণ আইন, ২০০১, ধারা ৪৭] আন্তঃসংযোগ (Interconnection) — ক্ষেত্রে, বৈষম্যমূলক আচরণ পরিহার করিবেন, স্বচ্ছতাসহকারে কাজ করিবেন এবং এই সকল শর্ত সদৃশ ক্ষেত্রে সদৃশভাবে প্রয
7. <other_1156_s26> [মেট্রোরেল আইন, ২০১৫, ধারা ২৬] আঘাতপ্রাপ্ত ব্যক্তির চিকিৎসা, ইত্যাদি — (১) মেট্রোরেল পরিচালনাকালে উহা হইতে উদ্ভূত দুর্ঘটনার ফলে যদি কোন ব্যক্তি আঘাতপ্রাপ্ত হন তাহা হইলে লাইসেন্সী তা
8. <other_1395_s15> [বাংলাদেশ সুপ্রীম কোর্টের বিচারক (পারিতোষিক ও, ধারা ১৫] চিকিৎসা সুবিধা — (১) বিচারকগণ এবং তাঁহাদের পরিবারের সদস্যগণ Special Medical Attendance Rules, 1950 এর অধীন চিকিৎসার জন্য উপযুক্
9. <labour_952_s267> [বাংলাদেশ শ্রম আইন, ২০০৬, ধারা ২৬৭] প্রশাসন ব্যয় — (১) ট্রাস্টি বোর্ড চাঁদার ভিত্তিতে একটি প্রশাসনিক খরচ আরোপ করিতে পারিবে।(২) সরকার, বোর্ডের সহিত পরামর্শক্রমে, 
10. <tenancy_748_s4> [বাড়ী ভাড়া নিয়ন্ত্রণ আইন, ১৯৯১, ধারা ৪] কতিপয় দরখাস্তের চূড়ান্ত শুনানী — (১) এই আইনের অধীন নিয়ন্ত্রকের নিকট পেশকৃত প্রত্যেকটি দরখাস্তের শুনানী তিন মাসের মধ্যে সম্পন্ন করিতে হইবে।(২) ","family_1444_s5, family_305_s9, family_305_s10",own_search,answered,3,
prot_0013_02,Iftiaq,VERIFY,"আমার বাবা-চাচারা চার ভাই, এক বোন। মেজো চাচা নিঃসন্তান এবং আমার বাবা মেজো চাচার আগে মারা গেছেন। আমার অন্য দুই কাকা ও ফুফু জীবিত। আমার জীবিত দুই চাচা ও কয়েকজন আইনজীবীর মত অনুযায়ী আমার নিঃসন্তান চাচার আগে আমার বাবা মারা যাওয়ায় এবং এখনো দুই চাচা ও ফুফু জীবিত থাকায় আইন অনুযায়ী আমরা নাকি দূরবর্তী। তাই মৃত নিঃসন্তান কাকার সম্পত্তির কোনো অংশ আমাদের না দিয়ে চাচারা নিজেদের মধ্যে ভাগাভাগি করে নিয়েছেন এবং বিধবা চাচিকে কিছু অংশ দিয়েছেন। আমরা কি মৃত নিঃসন্তান চাচার সম্পত্তির অংশ পাব? যদি পাই, তাহলে কে কত অংশ পাবে এবং কীভাবে আমরা আইনগত পদক্ষেপ নিতে পারি? মো. মামুনুর রহমান মধুপুর, টাঙ্গাইল। l উত্তরাধিকারী হিসেবে আপনারা আপনার বাবার সম্পত্তি পাবেন। আপনার নিঃসন্তান চাচার সম্পত্তি তাঁর জীবিত ভাইবোনেরা পাবেন","1. <other_1682_s2_p0> [মানবদেহে অঙ্গ-প্রত্যঙ্গ সংযোজন আইন, ২০২৬, ধারা ২] সংজ্ঞা — বিষয় বা প্রসঙ্গের পরিপন্থি কোনো কিছু না থাকিলে, এই আইনে- (১) “অঙ্গ-প্রত্যঙ্গ” অর্থ মানবদেহের কিডনি, হৃৎপিণ্ড,
2. <other_1465_s11> [চিড়িয়াখানা আইন, ২০২৩, ধারা ১১] প্রাণিজসম্পদ সংরক্ষণ — (১) কিউরেটর চিড়িয়াখানায় প্রাণিজসম্পদ সংরক্ষণ ও ব্যবহার করিতে পারিবেন।(২) কিউরেটর মৃত প্রাণির ট্রফি প্রস্তুত
3. <land_1455_s10> [ভূমি সংস্কার আইন, ২০২৩, ধারা ১০] বর্গাদারের মৃত্যুর পর বর্গাভূমির চাষ — (১) কোনো বর্গাদার বর্গাচুক্তির মেয়াদ শেষ হইবার পূর্বে মারা গেলে, উহার মেয়াদ শেষ না হওয়া পর্যন্ত অথবা এই আইন
4. <consumer_1010_s11> [ট্রেডমার্ক আইন, ২০০৯, ধারা ১১] জীবিত বা মৃত ব্যক্তির নাম ব্যবহার — কোন ট্রেডমার্ক নিবন্ধনের আবেদনের সহিত কোন জীবিত ব্যক্তি বা আবেদন দাখিলের পূর্ববর্তী ২০ (বিশ) বৎসরের মধ্যে মৃত 
5. <other_788_s239> [কোম্পানী আইন, ১৯৯৪, ধারা ২৩৯] প্রদায়কের উত্তরাধিকারী ইত্যাদির দায়-দায়িত্ব — (১) প্রদায়কের তালিকায় নাম লিপিবদ্ধ হওয়ার পূর্বে বা পরে কোন প্রদায়কের মৃত্যু ঘটিলে, তাহার আইনানুগ প্রতিনিধি
6. <civil_registration_921_s13> [জন্ম ও মৃত্যু নিবন্ধন আইন, ২০০৪, ধারা ১৩] বিলম্বিত নিবন্ধন — ধারা ৮ এ উল্লিখিত নির্দিষ্ট সময়ের মধ্যে জন্ম বা মৃত্যুর তথ্য নিবন্ধকের নিকট প্রেরণ করা না হইলে পরবর্তী সময় উ
7. <labour_952_s2_p5> [বাংলাদেশ শ্রম আইন, ২০০৬, ধারা ২] সংজ্ঞাসমূহ — ব্যবহার করা হয় বা ব্যবহারযোগ্য, এবং কোন টাগ বা ফ্লাট এবং বার্জও ইহার অর্ন্তভুক্ত হইবে;(২৮) ""প্রশাসনিক শ্রমিক""
8. <labour_1285_s2_p2> [বাংলাদেশ ইপিজেড শ্রম আইন, ২০১৯, ধারা ২] সংজ্ঞা — সময়ে দুই বা ততোধিক শ্রমিক দ্বারা সম্পাদিত হয় সেই ক্ষেত্রে উক্তরূপ প্রত্যেক সময়;(25)‘‘পোষ্য’’ অর্থ কোনো মৃত 
9. <other_1429_s194> [আয়কর আইন, ২০২৩, ধারা ১৯৪] মৃত ব্যক্তির ক্ষেত্রে আয়কর নির্ধারণ — (১) কোনো ব্যক্তি মৃত্যুবরণ করিলে, তাহার আইনগত প্রতিনিধি এই আইনের অধীন প্রদেয় কোনো কর বা অন্য কোনো অর্থ প্রদান
10. <other_1413_s15> [সরকারি ঋণ আইন, ২০২২, ধারা ১৫] সরকারি সিকিউরিটি বা জাতীয় সঞ্চয় স্কীমের আওতায় ইস্যুকৃত সার্টিফিকেটের যৌথ ধারক বা প্রাপক মৃত্যুবরণ করিলে — Contract Act, 1872(Act No. IX of 1872) এ যাহা কিছুই থাকুক না কেন,-(ক) সরকারি সিকিউরিটি বা জাতীয় সঞ্চয় স্কীমে",unanswerable,none,unanswerable,3,
prot_0015_03,Iftiaq,VERIFY,"আমি যখন স্কুলে পড়ি, তখন আমার পাশের বাড়ির একটি ছেলের সঙ্গে সম্পর্কে জড়িয়ে পড়ি। ছেলেটির সঙ্গে আমার শারীরিক সম্পর্ক হয়। কিন্তু কিছুদিন পর ছেলেটি আমার সঙ্গে আর যোগাযোগ রাখেনি। ছেলেটির সঙ্গে যোগাযোগের চেষ্টা করলে সে আমাকে এড়িয়ে চলে। ছেলেটির ব্যবহারে আমি অনেক কষ্ট পাই। আমি ছেলেটিকে ভুলে গিয়েছিলাম; কিন্তু সমস্যা হলো আমাদের সম্পর্কের কিছু প্রমাণ তার কাছে আছে। সে আমাকে পরবর্তী সময়ে কোনো সমস্যা করবে কি না, তা নিয়ে আমি দুশ্চিন্তায় আছি। এসএসসি পরীক্ষার কিছুদিন আগে আমার দূর সম্পর্কের এক আত্মীয়ের ছেলের সঙ্গে আমি আবার সম্পর্কে জড়িয়ে পড়ি। আমি ছেলেটিকে অনেক ভালোবাসি। সেও আমাকে ভালোবাসে। আমাদের মধ্যে অনেকবার শারীরিক সম্পর্ক হয়। আমি ছেলেটিকে বিয়ে করব বলে স্থির করেছিলাম। কিন্তু যখন জানতে পারলাম সে অন্য আরেকটি মেয়ের সঙ্গেও শারীরিক সম্পর্ক করেছে, তখন আমি তাকে আর গ্রহণ করতে পারছি না। আমি এখন মানসিক অশান্তিতে আছি। আমার ভয় হয়, আমি যে ছেলেটির সঙ্গে সম্পর্ক করেছি, সে যদি আমার কোনো ক্ষতি করে। এখন আমি কী করব? মনি ঠিকানা প্রকাশে অনিচ্ছুক","1. <cybercrime_1710_s2_p11> [সাইবার সুরক্ষা আইন, ২০২৬, ধারা ২] সংজ্ঞা — দ্বারা কোন ব্যক্তির অন্তরঙ্গ অথবা ব্যক্তিগত ছবি, ভিডিও সংরক্ষণ বা সংরক্ষনের দাবি করিবার মাধ্যমে তাহা প্রকাশ কর
2. <women_children_1063_s3> [পারিবারিক সহিংসতা (প্রতিরোধ ও সুরক্ষা) আইন, , ধারা ৩] পারিবারিক সহিংসতা — - এই আইনের উদ্দেশ্য পূরণকল্পে পারিবারিক সহিংসতা বলিতে পারিবারিক সম্পর্ক রহিয়াছে এমন কোন ব্যক্তি কতৃর্ক পরিবার
3. <labour_1285_s167> [বাংলাদেশ ইপিজেড শ্রম আইন, ২০১৯, ধারা ১৬৭] (১)এইআইনেরউদ্দেশ্য পূরণকল্পে নির্বাহী পরিচালক (শ্রম ও শিল্প সম্পর্ক),অতিরিক্ত নির্বাহী পরিচালক (শ্রম ও শিল্প স
4. <other_1682_s16> [মানবদেহে অঙ্গ-প্রত্যঙ্গ সংযোজন আইন, ২০২৬, ধারা ১৬] নিঃস্বার্থবাদী দাতা নির্ধারণ ও অনুমতি প্রদান কমিটি ও উহার কার্যাবলি — (১) নিঃস্বার্থবাদী দাতা নির্ধারণ ও অনুমতি প্রদানের জন্য একটি নিঃস্বার্থবাদী দাতা নির্ধারণ ও অনুমতি প্রদান কমিট
5. <labour_1285_s2_p1> [বাংলাদেশ ইপিজেড শ্রম আইন, ২০১৯, ধারা ২] সংজ্ঞা — (১৯৯৪ সনের ১৮ নং আইন) এর অধীন নিবন্ধিত কোনো কোম্পানি, যাহার অধীন কোনোজোনেএক বা একাধিক শিল্প প্রতিষ্ঠান রহিয়াছ
6. <women_children_883_s6> [এসিড অপরাধ দমন আইন, ২০০২, ধারা ৬] এসিড নিক্ষেপ করা বা নিক্ষেপের চেষ্টা করার শাস্তি — যদি কোন ব্যক্তি অন্য কোন ব্যক্তির উপর এসিড নিক্ষেপ করেন বা করিবার চেষ্ট করেন, তাহা হইলে তাহার উক্তরূপ কার্যের 
7. <women_children_1256_s2> [যৌতুক নিরোধ আইন, ২০১৮, ধারা ২] সংজ্ঞা — বিষয় বা প্রসঙ্গের পরিপন্থি কোনো কিছু না থাকিলে,-(ক) ‘‘পক্ষ’’ অর্থ এই আইনের উদ্দেশ্য পূরণকল্পে, বিবাহের বর বা 
8. <labour_952_s340> [বাংলাদেশ শ্রম আইন, ২০০৬, ধারা ৩৪০] নিয়োগ সম্পর্ক অনুমান — কোন ব্যক্তিকে কোন কারখানায় উহার কাজ চলাকালে, আহার বা বিশ্রামের জন্য বিরতির সময় ব্যতীত অন্য কোন সময়ে অথবা উহ
9. <consumer_1010_s50> [ট্রেডমার্ক আইন, ২০০৯, ধারা ৫০] রপ্তানি বাণিজ্যে সম্পর্ক পরিবর্তন হওয়ার ক্ষেত্রে ট্রেডমার্কের ব্যবহার — (১) যদি বাংলাদেশ হইতে রপ্তানিযোগ্য পণ্য বা সেবায় বাংলাদেশে কোন ট্রেডমার্ক ব্যবহার করা হয় বা অনুরূপ রপ্তানিযো
10. <labour_1285_s177> [বাংলাদেশ ইপিজেড শ্রম আইন, ২০১৯, ধারা ১৭৭] নিয়ন্ত্রণ বহির্ভূত বিপর্যয় বা ক্ষতির কারণে মালিক-শ্রমিকের সম্পর্ক — কোনো আকষ্মিক প্রাকৃতিক বিপর্যয় বা মানুষের নিয়ন্ত্রণ বহির্ভূত বিপর্যয় বা জরুরি প্রয়োজনে কোনো শিল্প স্থানান্","other_1091_s8, criminal_procedure_11_s506",own_search,answered,3,
lawy_0212_01,Iftiaq,VERIFY,কোম্পানির চেক ডিজঅনার হলে মামলা কার বিরুদ্ধে করবেন? কোম্পানি নাকি পরিচালকদের নামে?,"1. <other_1478_s51> [ফাইন্যান্স কোম্পানি আইন, ২০২৩, ধারা ৫১] আদালতের মাধ্যমে অবসায়ন — (১) কোম্পানি আইন এ যাহা কিছই থাকুক না কেন কোনো ফাইন্যান্স কোম্পানি গৃহীত আমানত বা ঋণ বা কর্জ বা দেনা পরিশোধে অ
2. <other_1478_s24> [ফাইন্যান্স কোম্পানি আইন, ২০২৩, ধারা ২৪] আমানত গ্রহণে বাধা-নিষেধ — (১) ফাইন্যান্স কোম্পানি এইরূপ কোনো আমানত গ্রহণ করিবে না যাহা চাহিবামাত্র চেক, ড্রাফট, ডেবিট কার্ড অথবা আমানতকা
3. <other_1692_s36> [ব্যক্তিগত উপাত্ত সুরক্ষা আইন, ২০২৬, ধারা ৩৬] কোম্পানি কর্তৃক আইনের বিধান লঙ্ঘনের প্রতিকার — এই আইনের অধীন কোনো উপাত্তধারী যদি কোনো কোম্পানির বিরুদ্ধে তাহার অধিকার লঙ্ঘনের অভিযোগ উত্থাপন করেন, তাহা হইলে 
4. <other_1429_s257> [আয়কর আইন, ২০২৩, ধারা ২৫৭] প্রাইভেট কোম্পানির অপুনরুদ্ধারযোগ্য করের জন্য পরিচালকদের দায় — (১)কোম্পানী আইন, ১৯৯৪(১৯৯৪ সনের ১৮ নং আইন) এ যাহা কিছুই থাকুক না কেন, যেইক্ষেত্রে কোনো প্রাইভেট কোম্পানি অবলুপ
5. <other_1478_s30_p1> [ফাইন্যান্স কোম্পানি আইন, ২০২৩, ধারা ৩০] খেলাপী ঋণগ্রহীতা ও ইচ্ছাকৃত খেলাপী ঋণগ্রহীতা সম্পর্কিত বিধান — (RJSC) এর নিকট কোম্পানি নিবন্ধনে নিষেধাজ্ঞা আরোপের প্রয়োজনীয় ব্যবস্থা গ্রহণের জন্য অনুরোধ করিলে সরকারের সংশ্
6. <other_1478_s15_p2> [ফাইন্যান্স কোম্পানি আইন, ২০২৩, ধারা ১৫] পরিচালক নিয়োগ — বাতিল করা হইয়াছে;(চ) তিনি বা তাহার স্বার্থসংশ্লিষ্ট প্রতিষ্ঠান খেলাপী ঋণগ্রহীতা হন;(ছ) তিনি কোনো সময় উপযুক্ত
7. <other_1478_s49_p1> [ফাইন্যান্স কোম্পানি আইন, ২০২৩, ধারা ৪৯] ফাইন্যান্স কোম্পানির অর্থায়ন ব্যবসা সাময়িক স্থগিতকরণ, পুনর্গঠন ও একত্রীকরণ — পুনর্গঠন বা একত্রীকরণ কার্যকর করার উদ্দেশ্যে পুনর্গঠিত ফাইন্যান্স কোম্পানি বা, ক্ষেত্রমত, গ্রহীতা প্রতিষ্ঠানের
8. <constitutional_957_s146> [গণপ্রজাতন্ত্রী বাংলাদেশের সংবিধান, অনুচ্ছেদ ১৪৬] বাংলাদেশের নামে মামলা — ""বাংলাদেশ""-এই নামে বাংলাদেশ সরকার কর্তৃক বা বাংলাদেশ সরকারের বিরুদ্ধে মামলা দায়ের করা যাইতে পারিবে।
9. <other_1496_s42> [পরিশোধ ও নিষ্পত্তি ব্যবস্থা আইন, ২০২৪, ধারা ৪২] বাংলাদেশ ব্যাংক কর্তৃক পরিচালক, প্রধান নির্বাহী ও অন্যান্য কর্মকর্তাকে অপসারণের ক্ষমতা — (১) এই আইনের অধীন অনুমোদন বা, ক্ষেত্রমত, লাইসেন্সপ্রাপ্ত কোনো ব্যাংক-কোম্পানি বা কোম্পানি কর্তৃক এই আইনের অধীন
10. <other_880_s16> [ইমাম ও মুয়াজ্জিন কল্যাণ ট্রাস্ট আইন, ২০০১, ধারা ১৬] সরল বিশ্বাসে কৃত কাজকর্ম রক্ষণ — এই আইন বা প্রবিধানের অধীন সরল বিশ্বাসে কৃত কোন কাজকর্মের ফলে কোন ব্যক্তি ক্ষতিগ্রস্ত্ম হলে বা ক্ষতিগ্রস্ত্ম হব","money_recovery_46_s140, money_recovery_46_s138_p0",own_search,answered,3,
prot_0056_06,Iftiaq,VERIFY,"আমার খালু এক ছেলে, এক মেয়ে ও স্ত্রীকে রেখে মারা যান। কিছুদিন পর খালার দেবরের সঙ্গে খালার দ্বিতীয় বিয়ে হয়। প্রথম সংসারের ছেলেমেয়ে নিয়ে দ্বিতীয় স্বামীর ঘরে তাঁর সুখের সংসার ছিল। ১৯৭০ সালের জলোচ্ছ্বাসে আমার খালার পুরো পরিবার নিহত হয়। শুধু খালার মেয়ের স্বামী বেঁচে যান। এখন তাঁদের সম্পত্তির উত্তরাধিকারী হিসেবে আছি আমি অর্থাৎ তাঁর আপন বোনের মেয়ে, আর তাঁর মেয়ের জামাই। কিন্তু খালার শ্বশুরবাড়ির এক দূর সম্পর্কের আত্মীয় ওই জমি দখল করে আছে। এ অবস্থায় প্রকৃত উত্তরাধিকারী কে হবেন?আমেনা খাতুন","1. <other_822_s10> [পার্বত্য চট্টগ্রাম আঞ্চলিক পরিষদ আইন, ১৯৯৮, ধারা ১০] সম্পত্তি সম্পর্কিত ঘোষণা — চেয়ারম্যান ও প্রত্যেক সদস্য তাহার কার্যভার গ্রহণের পূর্বে তাহার এবং তাঁহার পরিবারের কোন সদস্যের স্বত্ব, দখল ব
2. <local_government_1027_s41> [স্থানীয় সরকার (ইউনিয়ন পরিষদ) আইন, ২০০৯, ধারা ৪১] সম্পত্তি সম্পর্কিত ঘোষণা — চেয়ারম্যান ও সদস্য তাঁহার কার্যভার গ্রহণের পূর্বে তাঁহার এবং তাঁহার পরিবারের কোন সদস্যের স্বত্ব, দখল বা স্বার
3. <local_government_827_s10> [উপজেলা পরিষদ আইন, ১৯৯৮, ধারা ১০] সম্পত্তি সম্পর্কিত ঘোষণা — 14[চেয়ারম্যান ও ভাইস চেয়ারম্যান ] তাঁহার কার্যভার গ্রহণের পূর্বে তাঁহার এবং তাঁহার পরিবারের কোন সদস্যের স্বত
4. <consumer_1010_s92> [ট্রেডমার্ক আইন, ২০০৯, ধারা ৯২] মামলার কোন পক্ষের মৃত্যু — যদি এই আইনের অধীন কোন কার্যধারা বিচারাধীন থাকা অবস্থায় কোন পক্ষ মারা যান, তাহা হইলে নিবন্ধক সংশ্লিষ্ট কোন পক্
5. <local_government_1027_s2_p1> [স্থানীয় সরকার (ইউনিয়ন পরিষদ) আইন, ২০০৯, ধারা ২] সংজ্ঞা — শহর হিসাবে ঘোষিত নয় এইরূপ এলাকা;(১৩) 'চেয়ারম্যান' অর্থ ইউনিয়ন পরিষদের চেয়ারম্যান;(১৪) 'জনপথ' অর্থ সর্বসাধা
6. <other_1429_s2_p0> [আয়কর আইন, ২০২৩, ধারা ২] সংজ্ঞা — বিষয় বা প্রসঙ্গের পরিপন্থি কোনো কিছু না থাকিলে, এই আইনে,-(১) “অবলোপিত মূল্য” অর্থ তৃতীয় তফসিলের অংশ ১ এ সংজ্
7. <family_938_s7> [গ্রাম আদালত আইন, ২০০৬, ধারা ৭] গ্রাম আদালতের ক্ষমতা — (১) এই আইনে ভিন্নরূপ কোন বিধান না থাকিলে, গ্রাম আদালত তফসিলের প্রথম অংশে বর্ণিত অপরাধসমূহের ক্ষেত্রে কোন ব্যক্
8. <other_1682_s2_p0> [মানবদেহে অঙ্গ-প্রত্যঙ্গ সংযোজন আইন, ২০২৬, ধারা ২] সংজ্ঞা — বিষয় বা প্রসঙ্গের পরিপন্থি কোনো কিছু না থাকিলে, এই আইনে- (১) “অঙ্গ-প্রত্যঙ্গ” অর্থ মানবদেহের কিডনি, হৃৎপিণ্ড,
9. <other_725_s8> [খাগড়াছড়ি পার্বত্য জেলা পরিষদ আইন, ১৯৮৯, ধারা ৮] সম্পত্তি সম্পর্কিত ঘোষনা — চেয়ারম্যান ও প্রত্যেক সদস্য তাঁহার কার্যভার গ্রহনের পূর্বে তাহার এবং তাঁহার পরিবারের কোন সদস্যের স্বত্ব, দখল 
10. <other_726_s8> [বান্দরবান পার্বত্য জেলা পরিষদ আইন, ১৯৮৯, ধারা ৮] সম্পত্তি সম্পর্কিত ঘোষণা — চেয়ারম্যান ও প্রত্যেক সদস্য তাঁহার কার্যভার গ্রহণের পূর্বে তাঁহার এবং তাঁহার পরিবারের কোন সদস্যের স্বত্ব, দখল",unanswerable,none,unanswerable,3,
prot_0042_02,Iftiaq,VERIFY,"আমি একটি মেয়েকে গত বছর মুঠোফোনের মাধ্যমে বিয়ে করি। বিয়ের সময় তার বয়স হয়েছিল ১৫ বছর সাত মাস। বিয়েতে নির্দিষ্ট অংকের দেনমোহর ধার্য ছিল। কিন্তু এ বিয়ের খবর দুজনের পরিবারের কেউ জানে না। বিয়ের কাগজ-কলমে কোনো প্রমাণ বা স্বাক্ষর আমাদের কাছে নেই। আমাদের যে বিয়ে হয়েছে, তা বৈধ নাকি অবৈধ?আমিনকক্সবাজার","1. <labour_1285_s24> [বাংলাদেশ ইপিজেড শ্রম আইন, ২০১৯, ধারা ২৪] চাকরি হইতে অবসর গ্রহণ — (১) এই অধ্যায়ের অন্যত্র যাহা কিছুই উল্লে­খ থাকুক না কেন, কোনো প্রতিষ্ঠানে নিয়োজিত কোনো শ্রমিকের বয়স ৬০ (ষাট
2. <other_1217_s19> [বাংলাদেশ সড়ক পরিবহণ কর্তৃপক্ষ আইন, ২০১৭, ধারা ১৯] বার্ষিক বাজেট বিবরণী — কর্তৃপক্ষ, প্রতি অর্থ বছর সরকার কর্তৃক নির্দিষ্ট সময়ের মধ্যে পরবর্তী অর্থবৎসরের বার্ষিক বাজেট প্রস্তুত করিয়া
3. <labour_952_s36> [বাংলাদেশ শ্রম আইন, ২০০৬, ধারা ৩৬] যদি কোন ব্যক্তি শিশু নাকি কিশোর এ সম্পর্কে কোন প্রশ্ন উত্থাপিত হয়, তাহা হইলে উক্ত ব্যক্তির জন্ম নিবন্ধন সনদ, 
4. <other_1586_s23> [গুম প্রতিরোধ ও প্রতিকার অধ্যাদেশ, ২০২৫, ধারা ২৩] স্ত্রী বা সন্তান কর্তৃক গুম হওয়া ব্যক্তির সম্পত্তি ব্যবহারের অনুমতি — (১) গুম হওয়া ব্যক্তির দায় পরিশোধ, তাহার স্ত্রী বা তাহার উপর নির্ভরশীল পরিবারের সদস্যদের ভরণপোষণের বা অন্য কো
5. <other_1485_s5> [বাংলাদেশ পুলিশ কল্যাণ তহবিল আইন, ২০২৩, ধারা ৫] বোর্ডের সভা — (১) এই ধারার অন্যান্য বিধান সাপেক্ষে, সভার কার্যপদ্ধতি বিধি দ্বারা নির্ধারিত হইবে।(২) বোর্ডের সভা চেয়ারম্যান 
6. <other_1064_s17> [আন্তজার্তিক মাতৃভাষা ইনস্টিটিউট  আইন, ২০১০, ধারা ১৭] প্রতিবেদন — (১) প্রতি পঞ্জিকা বছর শেষ হইবার সঙ্গে সঙ্গে ইনস্টিটিউট উক্ত বৎসরে সম্পাদিত কার্যাবলীর খতিয়ান-সম্বলিত বার্ষিক 
7. <women_children_1119_s21> [শিশু আইন, ২০১৩, ধারা ২১] 1 [***] বয়স অনুমান ও নির্ধারণ — (১) অভিযুক্ত হউক বা না হউক, এমন কোন শিশুকে কোন অপরাধের দায়ে বা কোন শিশুকে অন্য কোন কারণে শিশু-আদালতে সাক্ষ্য 
8. <local_government_1027_s93> [স্থানীয় সরকার (ইউনিয়ন পরিষদ) আইন, ২০০৯, ধারা ৯৩] অবৈধ দখল — (১) কোন ব্যক্তি কোন পরিষদের জায়গা, সড়ক অথবা নর্দমার বা তার অংশ বিশেষ স্থায়ী বা অস্থায়ীভাবে অবৈধ দখল করিতে 
9. <other_1282_s18> [বাংলাদেশ মৎস্য গবেষণা ইনস্টিটিউট আইন, ২০১৮, ধারা ১৮] বার্ষিক প্রতিবেদন — (১) ইনস্টিটিউট প্রতি বছর তদকর্তৃক সম্পাদিত কার্যাবলীর বিবরণ সম্বলিত একটি বার্ষিক প্রতিবেদন, যথাশীঘ্র সম্ভব, সর
10. <consumer_1010_s81> [ট্রেডমার্ক আইন, ২০০৯, ধারা ৮১] অভিযুক্ত ব্যক্তি কর্তৃক নিবন্ধনের অবৈধতাকে আত্মপক্ষ সমর্থনের যুক্তি হিসাবে দাবি করিবার পদ্ধতি — (১) ধারা ৭৩ বা ধারা ৭৪ এর অধীন কোন অপরাধে অভিযুক্ত ব্যক্তি যদি আত্মপক্ষ সমর্থন করিয়া দাবী করেন যে, সংশ্লিষ্ট ","women_children_1207_s2, women_children_1207_s7, family_476_s5",own_search,answered,3,
prot_0102_02,Iftiaq,VERIFY,"রহিমা বেগম, ফেনী।পরামর্শ: আপনার স্বামীর কাছ থেকে আপনার ও মেয়েদের ভরণ-পোষণ পেতে আপনি আইনিভাবে দাবিদার। সালিসের মীমাংসায় আপনার স্বামী রাজি না হলে আপনার ও মেয়েদের ভরণ-পোষণ দাবি করে পারিবারিক আদালতে মোকদ্দমা করতে পারেন। আপনার স্বামী কোনো ধরনের মিথ্যা অপবাদ ও হুমকি দিলে সংশ্লিষ্ট থানায় একটি সাধারণ ডায়েরি করে রাখতে পারেন।তালাকের পর আবার সংসার করা যায়?","1. <other_1132_s5> [পিতা-মাতার ভরণ-পোষণ আইন, ২০১৩, ধারা ৫] পিতা-মাতার ভরণ-পোষণ না করিবার দণ্ড — (১) কোন সন্তান কর্তৃক ধারা ৩ এর যে কোন উপ-ধারার বিধান কিংবা ধারা ৪ এর বিধান লংঘন অপরাধ বলিয়া গণ্য হইবে এবং উক
2. <other_1132_s4> [পিতা-মাতার ভরণ-পোষণ আইন, ২০১৩, ধারা ৪] পিতা-মাতার অবর্তমানে দাদা-দাদী, নানা-নানীর ভরণ-পোষণ — প্রত্যেক সন্তান তাহার—(ক) পিতার অবর্তমানে দাদা-দাদীকে; এবং(খ) মাতার অবর্তমানে নানা-নানীকে—ধারা ৩ এ বর্ণিত ভরণ-
3. <other_1132_s3> [পিতা-মাতার ভরণ-পোষণ আইন, ২০১৩, ধারা ৩] পিতা-মাতার ভরণ-পোষণ — (১) প্রত্যেক সন্তানকে তাহার পিতা-মাতার ভরণ-পোষণ নিশ্চিত করিতে হইবে।(২) কোন পিতা-মাতার একাধিক সন্তান থাকিলে সেই
4. <other_1132_s1> [পিতা-মাতার ভরণ-পোষণ আইন, ২০১৩, ধারা ১] সংক্ষিপ্ত শিরোনাম ও প্রবর্তন — (১) এই আইনপিতা-মাতার ভরণ-পোষণ আইন, ২০১৩নামে অভিহিত হইবে।(২) ইহা অবিলম্বে কার্যকর হইবে।
5. <other_1132_s2> [পিতা-মাতার ভরণ-পোষণ আইন, ২০১৩, ধারা ২] সংজ্ঞা — বিষয় বা প্রসঙ্গের পরিপন্থী কোন কিছু না থাকিলে, এই আইনে—(ক) “পিতা” অর্থ এমন ব্যক্তি যিনি সন্তানের জনক;(খ) “ভরণ
6. <family_1444_s20> [পারিবারিক আদালত আইন, ২০২৩, ধারা ২০] মোকদ্দমা এবং আপিল স্থানান্তর ও স্থগিতকরণ — (১) হাইকোর্ট বিভাগ, কোনো পক্ষের আবেদনক্রমে বা স্বীয় উদ্যোগে, লিখিত আদেশ দ্বারা, দায়েরকৃত যেকোনো-(ক) মোকদ্দমা
7. <other_1266_s2_p2> [বাংলাদেশ মুক্তিযোদ্ধা কল্যাণ ট্রাস্ট আইন, ২০, ধারা ২] সংজ্ঞা — জামায়াতে ইসলামী এবং তাহাদের সহযোগী রাজাকার, আলবদর, আলশামস বাহিনীর বিরুদ্ধে গণপ্রজাতন্ত্রী বাংলাদেশের স্বাধীনত
8. <women_children_835_s11> [নারী ও শিশু নির্যাতন দমন আইন, ২০০০, ধারা ১১] যৌতুকের জন্য মৃত্যু ঘটানো, ইত্যাদির শাস্তি — যদি কোন নারীর স্বামী অথবা স্বামীর পিতা, মাতা, অভিভাবক, আত্মীয় বা স্বামীর পক্ষে অন্য কোন ব্যক্তি যৌতুকের জন্য 
9. <women_children_1207_s2> [বাল্যবিবাহ নিরোধ আইন, ২০১৭, ধারা ২] সংজ্ঞা — বিষয় বা প্রসঙ্গের পরিপন্থি কিছু না থাকিলে, এই আইনে-(১) “অপ্রাপ্ত বয়স্ক” অর্থ বিবাহের ক্ষেত্রে ২১ (একুশ) বৎসর
10. <other_822_s9> [পার্বত্য চট্টগ্রাম আঞ্চলিক পরিষদ আইন, ১৯৯৮, ধারা ৯] চেয়ারম্যান ও সদস্যগণের শপথ — চেয়ারম্যান বা কোন সদস্য পদে নির্বাচিত ব্যক্তি তাহার কার্যভার গ্রহণের পূর্বে নিম্নলিখিত ফরমে রাষ্ট্রপতি কর্তৃক",family_305_s7,own_search,answered,3,
prot_0136_01,Iftiaq,VERIFY,"সমস্যা: মা জীবিত থাকতে একছেলের মৃত্যু হয়। মায়ের কবলাভুক্ত জায়গা-জমি মায়ের অবর্তমানে মৃত ছেলে ওয়ারিশ, না জীবিত ছেলে ওয়ারিশ?","1. <labour_952_s2_p5> [বাংলাদেশ শ্রম আইন, ২০০৬, ধারা ২] সংজ্ঞাসমূহ — ব্যবহার করা হয় বা ব্যবহারযোগ্য, এবং কোন টাগ বা ফ্লাট এবং বার্জও ইহার অর্ন্তভুক্ত হইবে;(২৮) ""প্রশাসনিক শ্রমিক""
2. <consumer_1010_s11> [ট্রেডমার্ক আইন, ২০০৯, ধারা ১১] জীবিত বা মৃত ব্যক্তির নাম ব্যবহার — কোন ট্রেডমার্ক নিবন্ধনের আবেদনের সহিত কোন জীবিত ব্যক্তি বা আবেদন দাখিলের পূর্ববর্তী ২০ (বিশ) বৎসরের মধ্যে মৃত 
3. <other_893_s7> [শিশু-মাতৃ স্বাস্থ্য ইনস্‌টিটিউট আইন, ২০০২, ধারা ৭] ইনস্‌টিটিউটের দায়িত্ব ও কার্যাবলী — ইনস্টিটিউটের দায়িত্ব ও কার্যাবলী হইবে নিম্নরূপ, যথা:-(১) শিশু ও মায়ের স্বাস্থ্য ও পুষ্টি বিষয়ে শিক্ষা, প্রশ
4. <labour_1285_s2_p2> [বাংলাদেশ ইপিজেড শ্রম আইন, ২০১৯, ধারা ২] সংজ্ঞা — সময়ে দুই বা ততোধিক শ্রমিক দ্বারা সম্পাদিত হয় সেই ক্ষেত্রে উক্তরূপ প্রত্যেক সময়;(25)‘‘পোষ্য’’ অর্থ কোনো মৃত 
5. <land_1455_s10> [ভূমি সংস্কার আইন, ২০২৩, ধারা ১০] বর্গাদারের মৃত্যুর পর বর্গাভূমির চাষ — (১) কোনো বর্গাদার বর্গাচুক্তির মেয়াদ শেষ হইবার পূর্বে মারা গেলে, উহার মেয়াদ শেষ না হওয়া পর্যন্ত অথবা এই আইন
6. <other_1465_s11> [চিড়িয়াখানা আইন, ২০২৩, ধারা ১১] প্রাণিজসম্পদ সংরক্ষণ — (১) কিউরেটর চিড়িয়াখানায় প্রাণিজসম্পদ সংরক্ষণ ও ব্যবহার করিতে পারিবেন।(২) কিউরেটর মৃত প্রাণির ট্রফি প্রস্তুত
7. <other_1413_s15> [সরকারি ঋণ আইন, ২০২২, ধারা ১৫] সরকারি সিকিউরিটি বা জাতীয় সঞ্চয় স্কীমের আওতায় ইস্যুকৃত সার্টিফিকেটের যৌথ ধারক বা প্রাপক মৃত্যুবরণ করিলে — Contract Act, 1872(Act No. IX of 1872) এ যাহা কিছুই থাকুক না কেন,-(ক) সরকারি সিকিউরিটি বা জাতীয় সঞ্চয় স্কীমে
8. <other_788_s239> [কোম্পানী আইন, ১৯৯৪, ধারা ২৩৯] প্রদায়কের উত্তরাধিকারী ইত্যাদির দায়-দায়িত্ব — (১) প্রদায়কের তালিকায় নাম লিপিবদ্ধ হওয়ার পূর্বে বা পরে কোন প্রদায়কের মৃত্যু ঘটিলে, তাহার আইনানুগ প্রতিনিধি
9. <civil_registration_921_s13> [জন্ম ও মৃত্যু নিবন্ধন আইন, ২০০৪, ধারা ১৩] বিলম্বিত নিবন্ধন — ধারা ৮ এ উল্লিখিত নির্দিষ্ট সময়ের মধ্যে জন্ম বা মৃত্যুর তথ্য নিবন্ধকের নিকট প্রেরণ করা না হইলে পরবর্তী সময় উ
10. <other_1429_s194> [আয়কর আইন, ২০২৩, ধারা ১৯৪] মৃত ব্যক্তির ক্ষেত্রে আয়কর নির্ধারণ — (১) কোনো ব্যক্তি মৃত্যুবরণ করিলে, তাহার আইনগত প্রতিনিধি এই আইনের অধীন প্রদেয় কোনো কর বা অন্য কোনো অর্থ প্রদান",family_305_s4,own_search,answered,3,
prot_0045_03,Iftiaq,VERIFY,"সে ছিল আমার সহকর্মী। তার সঙ্গে এখন আমার কোনো সম্পর্ক নেই। আমিও সম্পর্ক রাখতে চাই না। কিন্তু আমাকে সে ফোন করে বারবার বিরক্ত করে, অশালীন মেসেজ পাঠায়। সে আমাকে ভালোবাসে কিন্তু বিয়ে করতে পারবে না। সে চায় অন্য কাউকে বিয়ে করে সুখী হই। তার কথা হচ্ছে বিয়ে ছাড়া আমি কোনো বন্ধুর সঙ্গে মিশতে পারব না। সে মাঝে মাঝে এমনভাবে খারাপ আচরণ করে, ইচ্ছে হয় থানায় অভিযোগ করি। কিছুই বুঝতে পারছি না কী করব?নাম প্রকাশে অনিচ্ছুকঢাকা","1. <other_1682_s16> [মানবদেহে অঙ্গ-প্রত্যঙ্গ সংযোজন আইন, ২০২৬, ধারা ১৬] নিঃস্বার্থবাদী দাতা নির্ধারণ ও অনুমতি প্রদান কমিটি ও উহার কার্যাবলি — (১) নিঃস্বার্থবাদী দাতা নির্ধারণ ও অনুমতি প্রদানের জন্য একটি নিঃস্বার্থবাদী দাতা নির্ধারণ ও অনুমতি প্রদান কমিট
2. <local_government_1026_s69> [স্থানীয় সরকার (সিটি কর্পোরেশন) আইন, ২০০৯, ধারা ৬৯] কর্পোরেশনের নির্বাচিত জন প্রতিনিধি ও কর্মকর্তা বা কর্মচারীগণের সম্পর্ক — (১) সরকার কর্পোরেশনের কর্মকর্তা ও কর্মচারীগণের অধিকার ও পেশাগত স্বাধীনতা নিশ্চিত করিবার লক্ষ্যে নির্বাচিত জন প
3. <labour_1285_s167> [বাংলাদেশ ইপিজেড শ্রম আইন, ২০১৯, ধারা ১৬৭] (১)এইআইনেরউদ্দেশ্য পূরণকল্পে নির্বাহী পরিচালক (শ্রম ও শিল্প সম্পর্ক),অতিরিক্ত নির্বাহী পরিচালক (শ্রম ও শিল্প স
4. <other_857_s70> [বাংলাদেশ টেলিযোগাযোগ নিয়ন্ত্রণ আইন, ২০০১, ধারা ৭০] 1 [টেলিযোগাযোগ মাধ্যমে] বিরক্ত করার দণ্ড ইত্যাদি — (১) কোন ব্যক্তি যুক্তিসংগত কারণ ব্যতীত যদি অন্য কোন ব্যক্তির নিকট এইরূপে বারবার টেলিফোন করেন যে, উহা উক্ত অন্য
5. <other_1684_s28> [মানব পাচার ও অভিবাসী চোরাচালান প্রতিরোধ ও দম, ধারা ২৮] অভিযোগ দায়ের — এই আইনের অধীন কোনো অপরাধ সংঘটিত হইলে কোনো ব্যক্তি থানায় অথবা ট্রাইব্যুনালে উক্ত অপরাধ সংঘটনের অভিযোগ দায়ের ক
6. <local_government_1024_s78> [স্থানীয় সরকার (পৌরসভা) আইন, ২০০৯, ধারা ৭৮] পৌরসভার নির্বাচিত প্রতিনিধি ও পৌরসভার কর্মকর্তা কর্মচারীগণের সম্পর্ক — (১) পরিষদের নিয়ন্ত্রণাধীন কর্মকর্তা ও কর্মচারীগণের আইনগত অধিকার ও পেশাগত স্বাধীনতা নিশ্চিত করিবার লক্ষ্যে, সর
7. <other_900_s24> [অগ্নি প্রতিরোধ ও নির্বাপণ  আইন, ২০০৩, ধারা ২৪] অপরাধ বিচারার্থ গ্রহণ, ইত্যাদি — (১) মহাপরিচালক বা তাহার নিকট হইতে ক্ষমতাপ্রাপ্ত কোন ব্যক্তির লিখিত অভিযোগ ছাড়া কোন আদালত এই আইনের অধীন কোন অপ
8. <other_847_s12> [মহানগরী, বিভাগীয় শহর ও জেলা শহরের পৌর এলাকাস, ধারা ১২] অপরাধ বিচারার্থে গ্রহণ, ইত্যাদি — (১) কর্তৃপক্ষের চেয়ারম্যান বা প্রধান, যে নামেই অভিহিত হউক না কেন, বা তাহার নিকট হইতে ক্ষমতাপ্রাপ্ত কোন ব্যক্ত
9. <other_740_s7> [ঢাকা বিদ্যুৎ বিতরণ কর্তৃপক্ষ আইন, ১৯৯০, ধারা ৭] কর্তৃপক্ষের সহিত বোর্ডের সম্পর্ক — (১) অন্য কোন আইনে যাহা কিছুই থাকুক না কেন, কর্তৃপক্ষ বোর্ডের নিকট হইতে থোক গ্রাহক হিসাবে বিদ্যুৎ সরবরাহ পাইবে।
10. <labour_952_s28ক> [বাংলাদেশ শ্রম আইন, ২০০৬, ধারা ২৮ক] এই অধ্যায়ে যাহা কিছুই থাকুক না কেন, আকষ্মিক প্রাকৃতিক বিপর্যয় বা মানুষের নিয়ন্ত্রণ বহির্ভূত বিপর্যয় বা জরূ",4,candidate,answered,3,
dail_0613_02,Iftiaq,VERIFY,"The points that I ponder as follows: If Banks are not exempted from the Labor Act 2006 and its subsequent amendments and everyone [except mentioned in the amended regulation] is eligible, then why private and foreign banks have not declared WPPF?","1. <other_415_s16_p4> [The Bangladesh Bank Order, 1972 (President's, ধারা 16] or under any law for the time being in force as the Bank may from time to time approve in this behalf;(h) To g
2. <other_415_s37> [The Bangladesh Bank Order, 1972 (President's, ধারা 37] (1) The Bank shall maintain at all its offices and branches on up-to-date a list of banks declared by it to be
3. <other_608_s14> [The Bangladesh Export Processing Zones Autho, ধারা 14] The Authority may, with the approval of the Bangladesh Bank, permit banks, foreign and local, to operate withi
4. <other_377_s32> [The Bangladesh Banks (Nationalisation) Order, ধারা 32] (1) The existing banks shall stand dissolved in Bangladesh on such date as the Government may, by notification
5. <other_1186_s25> [অর্থ আইন, ২০১৬, ধারা ২৫] Ordinance No. XXXVI of 1984 এর section 44 এর সংশোধন — উক্ত Ordinance এর section 44 এর-(ক) sub-section (2) এর clause (b) এর পরিবর্তে নিম্নরূপ clauses (b) এবং (c) প্র
6. <other_596_s2> [The Banks and Financial Institutions Laws Am, ধারা 2] Amendment of certain laws relating to Banks and Financial Institutions — The laws mentioned in column 1 of the Schedule shall be amended in the manner indicated in column 2 thereof.
7. <other_522_s2_p13> [The Finance Ordinance, 1976, ধারা 2] Amendments of Act XI of 1922 — Board of Revenue may, by notification in the official Gazette, specify.(2D) The exemption under sub-section (2
8. <other_24_s3_p3> [1The Evidence Act, 1872, ধারা 3] Interpretation-clause — Signature"" means any electronic signature as defined in Information and Communication Technology Act, 2006 (Ac
9. <other_432_s4_p0> [The Finance Act, 1973, ধারা 4] Amendments of Act XI of 1922 — The following amendments shall be made in the Income Tax Act, 1922 (XI of 1922), namely:-(1) throughout the Ac
10. <other_496_s6> [The Nationalised Banks (Transfer of Business, ধারা 6] Transfer of possession of properties, etc., of the transferred branches — (1) As soon as may be after the commencement of this Act, each of the specified banks and the officers and emp","labour_952_s232, labour_952_s234",own_search,answered,3,
prot_0077_07,Iftiaq,VERIFY,"আমার বাবার দুই ভাই। আমরাও দুই ভাই। আমি ফেনী সরকারি বিশ্ববিদ্যালয়ে পড়ছি। আমাদের পদবি আমার দাদুর (বাবার বাবা) পদবি থেকে ভিন্ন হয়েছে। যখন মাধ্যমিক বিদ্যালয়ে পড়াশোনা করি, তখন সনদপত্রে ভুলের কারণে এটা হয়েছিল। তারপর জাতীয় পরিচয়পত্র ও সনদপত্র অনুসারে করা হয়েছে এবং মা-বাবারও আমাদের অনুসারে পরিচয়পত্র করা হয়েছে। কিন্তু দাদুদের আগের পদবি অনুসারে জাতীয় পরিচয়পত্র হয়েছে। এখন প্রশ্ন হলো—পড়াশোনা শেষে চাকরির জন্য জীবনবৃত্তান্তসংক্রান্ত কোনো সমস্যা হবে কি না? দাদুর মৃত্যুর পর জমির ভাগবাটোয়ারা সম্পর্কে কোনো সমস্যা হবে কি না? আমার বাবা নতুন জাতীয় পরিচয়পত্র হওয়ার আগে অর্থাৎ আগের পদবি অনুসারে সামান্য পরিমাণ জমি কিনেছিলেন এবং বর্তমান পদবি অনুসারে কিছুটা জমি কিনতে যাচ্ছেন। এমন পরিস্থিতির জন্য পরবর্তী সময় ওই দুই ধরনের জমি নিয়ে কোনো সমস্যা হবে কি না? আমাকে অনেকে বলেছে, কোর্টে এফিডেভিট করতে। এটি করলে কি সব সমস্যার সমাধান হবে? এটির সুবিধা বা কী? আর এটি করতে কেমন খরচ হতে পারে? নাম প্রকাশে অনিচ্ছুক","1. <civil_registration_1030_s11> [জাতীয় পরিচয় নিবন্ধন আইন, ২০১০, ধারা ১১] কতিপয় সেবা গ্রহণে জাতীয় পরিচয়পত্র প্রদর্শন — (১) সরকার, সরকারী গেজেটে এবং তদতিরিক্ত ঐচ্ছিকভাবে ইলেকট্রনিক গেজেটে প্রজ্ঞাপন দ্বারা, উহাতে উল্লিখিত যে কোন সে
2. <civil_registration_1458_s12> [জাতীয় পরিচয় নিবন্ধন আইন, ২০২৩, ধারা ১২] কতিপয় সেবা গ্রহণে জাতীয় পরিচয়পত্র প্রদর্শন — (১) সরকার, সরকারী গেজেটে এবং তদাতিরিক্ত ঐচ্ছিকভাবে ইলেকট্রনিক গেজেটে প্রজ্ঞাপন দ্বারা, উহাতে উল্লিখিত যে কোনো 
3. <civil_registration_1458_s11> [জাতীয় পরিচয় নিবন্ধন আইন, ২০২৩, ধারা ১১] জাতীয় পরিচয়পত্র বাতিল — কোনো নাগরিকের নাগরিকত্বের অবসান হইলে তাহার জাতীয় পরিচয়পত্র বাতিল বলিয়া গণ্য হইবে এবং উক্ত জাতীয় পরিচয়পত্র
4. <civil_registration_1030_s10> [জাতীয় পরিচয় নিবন্ধন আইন, ২০১০, ধারা ১০] জাতীয় পরিচয়পত্র বাতিল — কোন নাগরিকের নাগরিকত্ব অবসান হইলে তাহার জাতীয় পরিচয়পত্র বাতিল বলিয়া গণ্য হইবে এবং উক্ত জাতীয় পরিচয়পত্রে প
5. <civil_registration_1458_s5> [জাতীয় পরিচয় নিবন্ধন আইন, ২০২৩, ধারা ৫] জাতীয় পরিচয়পত্র ও জাতীয় পরিচিতি নম্বর পাইবার অধিকার, ইত্যাদি — প্রত্যেক নাগরিক নির্ধারিত পদ্ধতি ও শর্ত সাপেক্ষে, জাতীয় পরিচয়পত্র ও জাতীয় পরিচিতি নম্বর পাইবার অধিকারী হইবে
6. <civil_registration_1030_s3> [জাতীয় পরিচয় নিবন্ধন আইন, ২০১০, ধারা ৩] পরিচয় নিবন্ধন — (১) জাতীয় পরিচয়পত্র প্রাপ্তির জন্য একজন নাগরিককে পরিচয় নিবন্ধন করিতে হইবে।(২) পরিচয় নিবন্ধনের জন্য নির্ধার
7. <civil_registration_1030_s4> [জাতীয় পরিচয় নিবন্ধন আইন, ২০১০, ধারা ৪] জাতীয় পরিচয়পত্র প্রদান — একজন নাগরিককে কমিশন কর্তৃক কেবল একটি জাতীয় পরিচয়পত্র প্রদান করা যাইবে।
8. <civil_registration_1458_s10> [জাতীয় পরিচয় নিবন্ধন আইন, ২০২৩, ধারা ১০] নূতন জাতীয় পরিচয়পত্র প্রদান — (১) কোনো নাগরিকের জাতীয় পরিচয়পত্র হারাইয়া গেলে বা অন্যভাবে নষ্ট হইয়া গেলে তিনি নির্ধারিত পদ্ধতিতে ও ফি প্র
9. <civil_registration_1030_s18> [জাতীয় পরিচয় নিবন্ধন আইন, ২০১০, ধারা ১৮] জাতীয় পরিচয়পত্র জাল করিবার দন্ড — (১) কোন ব্যক্তি জাতীয় পরিচয়পত্র জাল করিলে বা জ্ঞাতসারে উক্তরূপ পরিচয়পত্র বহন করিলে তিনি এই আইনের অধীন অপরাধ
10. <civil_registration_1030_s9> [জাতীয় পরিচয় নিবন্ধন আইন, ২০১০, ধারা ৯] নূতন জাতীয় পরিচয়পত্র প্রদান — (১) কোন নাগরিকের জাতীয় পরিচয়পত্র হারাইয়া গেলে বা অন্যভাবে নষ্ট হইয়া গেলে তিনি নির্ধারিত পদ্ধতিতে ও ফি প্রদ","civil_registration_1030_s8, civil_registration_1458_s9",own_search,answered,3,
prot_0069_05,Iftiaq,VERIFY,"আমার বয়স ২৯ বছর। প্রায় তিন বছর আগে পরিবারের অমতে কোর্টে গিয়ে বিয়ে করেছিলাম। বিয়ের কিছুদিন পর বিভিন্ন কারণে আমার পরিবারের সদস্যরা চায়নি, আমি আমার সংসার করি। সব সময় তারা বলত, আমি যেন আমার স্বামীকে তালাক দিয়ে দিই। বাবার বাড়ি এলে আমাকে স্বামীর বাড়ি যেতে মানা করত। তারা মনে করত, আমাদের সঙ্গে আমার স্বামীর পরিবারের আভিজাত্যের বিরাট অমিল। আসলে আমার স্বামীকেই তারা পছন্দ করত না। একসময় আমিও পরিবারের কথায় আমার স্বামীকে তালাক দিই। এখন আমি বুঝতে পারছি, ভুল করেছি। আমার আত্মীয়রা এখন আমার ভবিষ্যৎ নিয়ে ভাবে না। আমি টিউশনি করে আমার খরচ চালাই। এখন আমি আমার স্বামীর সংসারে পুনরায় ফিরে যেতে চাই। আমার স্বামীরও সমর্থন আছে। কিন্তু আমাদের দুই পরিবারের কোনো সম্মতি নেই। আমরা কি এখন কোর্টে গিয়ে নিজেরাই বিবাহবন্ধনে আবদ্ধ হতে পারব?নাম প্রকাশে অনিচ্ছুক","1. <other_1429_s192> [আয়কর আইন, ২০২৩, ধারা ১৯২] হিন্দু অবিভক্ত পরিবারের বিভাজনের ক্ষেত্রে কর নির্ধারণ — (১) এই আইনের উদ্দেশ্যপূরণকল্পে, হিন্দু অবিভক্ত পরিবার হিসাবে নির্ধারিত কোনো হিন্দু পরিবারকে সেই পর্যন্ত হিন্দু
2. <other_1485_s9> [বাংলাদেশ পুলিশ কল্যাণ তহবিল আইন, ২০২৩, ধারা ৯] মৃত্যু এবং অক্ষমতাজনিত কারণে এককালীন এবং মাসিক কল্যাণ অনুদান — (১) কোনো কর্মচারী বা তাহার মৃত্যু হইলে তাহার স্ত্রী বা, ক্ষেত্রমত, স্বামী, বিধি দ্বারা নির্ধারিত পদ্ধতিতে, নিম
3. <other_857_s11> [বাংলাদেশ টেলিযোগাযোগ নিয়ন্ত্রণ আইন, ২০০১, ধারা ১১] পরিবারের সদস্যের কতিপয় স্বার্থ সম্পর্কে কমিশনারের দায়িত্ব — (১) কোন কমিশনারের পরিবারের কোন সদস্য যদি ধারা ১০(২)(ছ)- েত উলিস্্নখিত স্বার্থ অর্জন বা ধারণ করেন, তাহা হইলে তি
4. <other_751_s27_p0> [ব্যাংক-কোম্পানী আইন, ১৯৯১, ধারা ২৭] ঋণ ও অগ্রিম প্রদানের উপর বাধা-নিষেধ — 148[ (১) কোন ব্যাংক-কোম্পানী,-(ক) উহার নিজস্ব শেয়ারকে জামানত হিসাবে রাখিয়া কোন ঋণ, অগ্রিম, গ্যারান্টি বা অন্
5. <other_1478_s25_p0> [ফাইন্যান্স কোম্পানি আইন, ২০২৩, ধারা ২৫] ঋণ বা অন্য কোনো আর্থিক সুবিধা প্রদানের ক্ষেত্রে বাধা-নিষেধ — (১) কোনো ব্যক্তি বা স্বার্থসংশ্লিষ্ট পক্ষকে প্রদত্ত বা প্রদেয় মোট ঋণ সুবিধার আসলের পরিমাণ উক্ত ফাইন্যান্স কোম
6. <women_children_1119_s39> [শিশু আইন, ২০১৩, ধারা ৩৯] মাতা-পিতার ওপর ক্ষতিপূরণের অর্থ প্রদান করিবার আদেশ — (১) অপরাধের শিকার শিশুর বিরুদ্ধে কোন শিশু দোষী সাব্যস্ত হইলে ক্ষতিগ্রস্ত শিশুর প্রতি শিশু-আদালত কর্তৃক আর্থিক 
7. <local_government_1026_s9_p1> [স্থানীয় সরকার (সিটি কর্পোরেশন) আইন, ২০০৯, ধারা ৯] মেয়র এবং কাউন্সিলরগণের যোগ্যতা ও অযোগ্যতা — তিনি তাহার নিজ নামে বা তাহার ট্রাস্টি হিসাবে কোন ব্যক্তি বা ব্যক্তিবর্গের নামে বা তাহার সুবিধার্থে বা তাহার উপ
8. <other_943_s5> [বাংলাদেশ শ্রমিক কল্যাণ ফাউন্ডেশন আইন, ২০০৬, ধারা ৫] ফাউন্ডেশনের কার্যাবলী — ফাউন্ডেশনের কার্যাবলী হইবে নিম্নরূপ, যথাঃ-(ক) শ্রমিক ও তাহার পরিবারের কল্যাণ সাধন;(খ) শ্রমিক ও তাহার পরিবারের 
9. <other_751_s28> [ব্যাংক-কোম্পানী আইন, ১৯৯১, ধারা ২৮] (১) বাংলাদেশ ব্যাংকের পূর্বানুমোদন ব্যতিরেকে, কোন ব্যাংক-কোম্পানী উহার নিকট হইতে নিম্নবর্ণিত ব্যক্তি বা প্রতিষ
10. <other_924_s3> [ব্যক্তি মালিকানাধীন সড়ক পরিবহন শ্রমিক কল্যাণ, ধারা ৩] আইনের প্রাধান্য — আপাততঃ বলবত্ অন্য কোন আইনে যাহা কিছুই থাকুক না কেন, এই আইনের বিধানাবলী কার্যকর হইবে, তবে অন্য কোন আইনের অধীন শ","family_305_s7, family_476_s3",own_search,answered,3,
ajke_0164_02,Iftiaq,VERIFY,সে ক্ষেত্রে মা কি সারা জীবন পেনশন পাবেন?,"1. <other_1725_s21_p29> [অর্থ আইন, ২০২৬, ধারা ২১] ২০১২ সনের ৪৭ নং আইনের দ্বিতীয় তফসিলের সংশোধন — ডলার পর্যন্ত ৪৫ (ঘ) মূল্যসীমা ১০০০০০ মা. ডলার এর ঊর্ধ্ব হইতে ২০০০০০ মা. ডলার পর্যন্ত ৬০ (ঙ) মূল্যসীমা ২০০০০০ ম
2. <other_1418_s15> [বাংলাদেশ সুপ্রীম কোর্টের বিচারক (ছুটি, পেনশন, ধারা ১৫] ধারা ১৩ এর আওতাবহির্ভূত বিচারকগণের পেনশন নির্ধারণ — কোনো বিচারক উক্ত পদে নিযুক্তির পূর্বে বাংলাদেশ জুডিসিয়াল সার্ভিসে কর্মরত থাকিলে এবং ধারা ১৩ তে উল্লিখিত শর্ত 
3. <other_1418_s17> [বাংলাদেশ সুপ্রীম কোর্টের বিচারক (ছুটি, পেনশন, ধারা ১৭] অসাধারণ পেনশন — কোনো বিচারক কোনো সহিংস ঘটনায় আহত বা নিহত হইলে, উক্ত বিষয়ে প্রজাতন্ত্রের কর্মে নিযুক্ত কর্মচারীগণের জন্য প্রয
4. <other_1421_s7> [সর্বজনীন পেনশন ব্যবস্থাপনা আইন, ২০২৩, ধারা ৭] কর্তৃপক্ষের দায়িত্ব ও কার্যাবলি — এই আইনের উদ্দেশ্য পূরণকল্পে, কর্তৃপক্ষের দায়িত্ব ও কার্যাবলি হইবে নিম্নরূপ, যথাঃ-(ক) সর্বজনীন পেনশন পদ্ধতি চা
5. <other_1418_s21_p2> [বাংলাদেশ সুপ্রীম কোর্টের বিচারক (ছুটি, পেনশন, ধারা ২১] আনুতোষিক ও পারিবারিক পেনশন — হিসাবে প্রাপ্য হইতেন।(৩) কোনো বিচারক, অবসর গ্রহণের পর তাহার গ্রস-পেনশনের সম্পূর্ণ অংশ সমর্পণ করিতে পারিবেন এবং
6. <other_1490_s83> [অর্থ আইন, ২০২৪, ধারা ৮৩] ২০২৩ সনের ১২ নং আইনের চতুর্থ তফসিলের সংশোধন — উক্ত আইনের চতুর্থ তফসিলের—(ক) অনুচ্ছেদ ২ এর পরিবর্তে নিম্নরূপ অনুচ্ছেদ ২ প্রতিস্থাপিত হইবে, যথা:—“২। জীবন বিমা
7. <other_1421_s21> [সর্বজনীন পেনশন ব্যবস্থাপনা আইন, ২০২৩, ধারা ২১] সর্বজনীন পেনশন বিতরণ পরিকাঠামো — কর্তৃপক্ষ ইলেক্ট্রনিক ফান্ড ট্রান্সফার প্রক্রিয়ায় মাসিক পেনশন পেনশনারের নিকট নির্দিষ্ট সময়ে পৌছানো নিশ্চিত 
8. <other_740_s21ক_p1> [ঢাকা বিদ্যুৎ বিতরণ কর্তৃপক্ষ আইন, ১৯৯০, ধারা ২১ক] প্রস্তুতিমূলক ছুটি ভোগরত কর্মকর্তা ও কর্মচারীগণের ক্ষেত্রে ঢাকা বিদ্যুৎ বিতরণ কতৃর্পক্ষ আইন, ১৯৯০ এর বিধানাবলী
9. <other_1421_s14_p1> [সর্বজনীন পেনশন ব্যবস্থাপনা আইন, ২০২৩, ধারা ১৪] সর্বজনীন পেনশন ব্যবস্থাপনা — হইবে;(জ) মাসিক অথবা ত্রৈমাসিক ভিত্তিতে চাঁদা প্রদান করা যাইবে এবং অগ্রিম ও কিস্তিতে জমা প্রদানের সুযোগ থাকিবে;
10. <other_1421_s16> [সর্বজনীন পেনশন ব্যবস্থাপনা আইন, ২০২৩, ধারা ১৬] সর্বজনীন পেনশন তহবিল — (১) এই আইনের আওতায় পেনশন বাবদ জমাকৃত অর্থ সুষ্ঠু ব্যবস্থাপনার লক্ষ্যে সর্বজনীন পেনশন তহবিল গঠিত হইবে; সর্বজনী",9,candidate,answered,3,
prot_0044_01,Iftiaq,VERIFY,"আমার শ্বশুরের তিন মেয়ে। কোনো ছেলে নেই। তিনি পালক হিসেবে একটি ছেলে নেন। এখন ছেলেটি একটি চাকরি করেন, স্ত্রী-সন্তান নিয়ে আলাদা থাকেন। তিনি আমার শ্বশুর-শাশুড়ির দেখাশোনা করেন না। কয়েক বছর আগে আমার শ্বশুর তাঁর নামে কিছু জমি দলিল করে দিয়েছেন। কিন্তু দলিলে তাঁর পিতার নামের জায়গায় আমার শ্বশুরের নাম দেওয়া হয়েছে। কিন্তু আমার শ্বশুর তো তাঁর জন্মদাতা পিতা নন। তাহলে সেই দলিল বৈধ হয়েছে কি না, যদি হয়ে থাকে তাহলে তা কীভাবে প্রত্যাহার করা যায়? আমার শ্বশুর সিদ্ধান্ত নিয়েছেন সেই জমি ফেরত আনার জন্য। মো. নাসির উদ্দিন আহমেদ","1. <other_822_s10> [পার্বত্য চট্টগ্রাম আঞ্চলিক পরিষদ আইন, ১৯৯৮, ধারা ১০] সম্পত্তি সম্পর্কিত ঘোষণা — চেয়ারম্যান ও প্রত্যেক সদস্য তাহার কার্যভার গ্রহণের পূর্বে তাহার এবং তাঁহার পরিবারের কোন সদস্যের স্বত্ব, দখল ব
2. <local_government_1027_s41> [স্থানীয় সরকার (ইউনিয়ন পরিষদ) আইন, ২০০৯, ধারা ৪১] সম্পত্তি সম্পর্কিত ঘোষণা — চেয়ারম্যান ও সদস্য তাঁহার কার্যভার গ্রহণের পূর্বে তাঁহার এবং তাঁহার পরিবারের কোন সদস্যের স্বত্ব, দখল বা স্বার
3. <local_government_1027_s2_p1> [স্থানীয় সরকার (ইউনিয়ন পরিষদ) আইন, ২০০৯, ধারা ২] সংজ্ঞা — শহর হিসাবে ঘোষিত নয় এইরূপ এলাকা;(১৩) 'চেয়ারম্যান' অর্থ ইউনিয়ন পরিষদের চেয়ারম্যান;(১৪) 'জনপথ' অর্থ সর্বসাধা
4. <local_government_827_s10> [উপজেলা পরিষদ আইন, ১৯৯৮, ধারা ১০] সম্পত্তি সম্পর্কিত ঘোষণা — 14[চেয়ারম্যান ও ভাইস চেয়ারম্যান ] তাঁহার কার্যভার গ্রহণের পূর্বে তাঁহার এবং তাঁহার পরিবারের কোন সদস্যের স্বত
5. <other_1266_s2_p3> [বাংলাদেশ মুক্তিযোদ্ধা কল্যাণ ট্রাস্ট আইন, ২০, ধারা ২] সংজ্ঞা — বা স্বামী এবং পিতা-মাতার অবর্তমানে খেতাবপ্রাপ্ত বীর মুক্তিযোদ্ধার সন্তান; বা(উ) (অ)-(ঈ) পর্যন্ত বর্ণিত ব্যক্তি
6. <labour_1285_s2_p2> [বাংলাদেশ ইপিজেড শ্রম আইন, ২০১৯, ধারা ২] সংজ্ঞা — সময়ে দুই বা ততোধিক শ্রমিক দ্বারা সম্পাদিত হয় সেই ক্ষেত্রে উক্তরূপ প্রত্যেক সময়;(25)‘‘পোষ্য’’ অর্থ কোনো মৃত 
7. <labour_952_s2_p5> [বাংলাদেশ শ্রম আইন, ২০০৬, ধারা ২] সংজ্ঞাসমূহ — ব্যবহার করা হয় বা ব্যবহারযোগ্য, এবং কোন টাগ বা ফ্লাট এবং বার্জও ইহার অর্ন্তভুক্ত হইবে;(২৮) ""প্রশাসনিক শ্রমিক""
8. <family_1444_s6_p0> [পারিবারিক আদালত আইন, ২০২৩, ধারা ৬] মোকদ্দমা দায়ের — (১) এই আইনের অধীন কোনো মোকদ্দমা সেই পারিবারিক আদালতে আরজি দাখিলের মাধ্যমে দায়ের করিতে হইবে যাহার এখতিয়ারের স
9. <other_812_s84_p3> [দেউলিয়া বিষয়ক আইন, ১৯৯৭, ধারা ৮৪] দেনাদারের অপরাধ ও উহাদের দণ্ড — উদ্দেশ্য ছিল না, তাহা হইলে উক্তরূপ কোন কাজ অথবা উহাতে তাহার জড়িত থাকা কোন অপরাধ হইবে না; (ঞ) দেনাদার কর্তৃক ব
10. <other_1206_s20> [পাট আইন, ২০১৭, ধারা ২০] মিথ্যা বিবৃতির জন্য দণ্ড — যদি কোন ব্যক্তি-(ক) এমন কোন বিবরণ তৈরি করেন বা কোন তথ্য সরবরাহ করেন, যাহা তিনি মিথ্যা বলিয়া অবগত বা মিথ্যা বল","other_36_s39, other_48_s126",own_search,answered,3,
prot_0037_03,Iftiaq,VERIFY,"আমার কোনো সন্তান নেই। বিয়েতে দেনমোহর যা ছিল বিয়ের সময় কিছু পরিশোধ করা হয়, যা কাবিনে উল্লেখ আছে। আমি আমার স্ত্রীকে তালাক দিলে আর কত টাকা ফেরত দিতে হবে। আইনের মাধ্যমে তালাক দিলে আমার কোনো সমস্যা হবে কি না। আমার স্ত্রী আমার বিরুদ্ধে আইনি ব্যবস্থা নিতে পারবে কি না?","1. <other_924_s2> [ব্যক্তি মালিকানাধীন সড়ক পরিবহন শ্রমিক কল্যাণ, ধারা ২] সংজ্ঞা — বিষয় বা প্রসঙ্গের পরিপন্থী কিছু না থাকিলে, এই আইনে-(ক) “কল্যাণ তহবিল” অর্থ ধারা ৪ এর অধীন গঠিত কল্যাণ তহবিল;(
2. <criminal_procedure_1013_s106> [বরিশাল মহানগরী পুলিশ আইন, ২০০৯, ধারা ১০৬] কতিপয় ক্ষেত্রে পুলিশ কর্মকর্তার দণ্ড প্রদানের ক্ষমতা — (১) পুলিশ কমিশনার কর্তৃক সাধারণ বিজ্ঞপ্তি মারফত নির্ধারিত পদের পুলিশ কর্মকর্তা যদি দেখেন যে, ধারা ৬৭, ৬৮, ৬৯, 
3. <criminal_procedure_1012_s106> [সিলেট মহানগরী পুলিশ আইন, ২০০৯, ধারা ১০৬] কতিপয় ক্ষেত্রে পুলিশ কর্মকর্তার দন্ড দেওয়ার ক্ষমতা — (১) পুলিশ কমিশনার কর্তৃক সাধারণ বিজ্ঞপ্তি মারফত নির্ধারিত পদের পুলিশ কর্মকর্তা যদি দেখেন যে, ধারা ৬৭, ৬৮, ৬৯, 
4. <labour_1285_s33> [বাংলাদেশ ইপিজেড শ্রম আইন, ২০১৯, ধারা ৩৩] মহিলা শ্রমিকের মৃত্যুর ক্ষেত্রে প্রসূতি কল্যাণ সুবিধা প্রদান — (১) এই অধ্যায়ের অধীন প্রসূতি কল্যাণ সুবিধা পাইবার অধিকারী কোনো মহিলা শ্রমিক সন্তান প্রসবকালে অথবা উহার পরবর্ত
5. <other_943_s2> [বাংলাদেশ শ্রমিক কল্যাণ ফাউন্ডেশন আইন, ২০০৬, ধারা ২] সংজ্ঞা — বিষয় বা প্রসঙ্গের পরিপন্থী কিছু না থাকিলে, এই আইনে-(ক) “অপ্রাতিষ্ঠানিক খাত” অর্থ এইরূপ বেসরকারী খাত যেখানে কর
6. <labour_952_s32> [বাংলাদেশ শ্রম আইন, ২০০৬, ধারা ৩২] বাসস্থান হইতে উচ্ছেদ — (১) কোন শ্রমিকের চাকুরীর অবসান হইলে, তাহা যে কোন প্রকারেই হউক না কেন, তিনি তাহার চাকুরীর অবসানের ষাট দিনের মধ্
7. <other_1266_s2_p3> [বাংলাদেশ মুক্তিযোদ্ধা কল্যাণ ট্রাস্ট আইন, ২০, ধারা ২] সংজ্ঞা — বা স্বামী এবং পিতা-মাতার অবর্তমানে খেতাবপ্রাপ্ত বীর মুক্তিযোদ্ধার সন্তান; বা(উ) (অ)-(ঈ) পর্যন্ত বর্ণিত ব্যক্তি
8. <criminal_procedure_765_s106> [রাজশাহী মহানগরী পুলিশ আইন, ১৯৯২, ধারা ১০৬] কতিপয় ক্ষেত্রে পুলিশ কর্মকর্তার দণ্ড দেওয়ার ক্ষমতা — (১) পুলিশ কমিশনার কর্তৃক সাধারণ বিজ্ঞপ্তি মারফত নির্ধারিত পদের পুলিশ কর্মকর্তা যদি দেখেন যে, ধারা ৬৭, ৬৮, ৬৯ ব
9. <family_1444_s6_p0> [পারিবারিক আদালত আইন, ২০২৩, ধারা ৬] মোকদ্দমা দায়ের — (১) এই আইনের অধীন কোনো মোকদ্দমা সেই পারিবারিক আদালতে আরজি দাখিলের মাধ্যমে দায়ের করিতে হইবে যাহার এখতিয়ারের স
10. <other_1586_s23> [গুম প্রতিরোধ ও প্রতিকার অধ্যাদেশ, ২০২৫, ধারা ২৩] স্ত্রী বা সন্তান কর্তৃক গুম হওয়া ব্যক্তির সম্পত্তি ব্যবহারের অনুমতি — (১) গুম হওয়া ব্যক্তির দায় পরিশোধ, তাহার স্ত্রী বা তাহার উপর নির্ভরশীল পরিবারের সদস্যদের ভরণপোষণের বা অন্য কো","family_305_s7, family_305_s10, family_305_s9",own_search,answered,3,
prot_0017_04,Iftiaq,VERIFY,"আর এ বিষয়টি মেয়েপক্ষের লোক ছাড়া কেউ জানে না। নিবন্ধনের সময় আমার পক্ষের কোনো সাক্ষী ছিল না। এরপর আমি মেয়েটিকে বিয়ে বাতিলের কথা বলে। মেয়েটি রাজি হয় কিন্তু বলে, দেড় দুই মাসের আগে সই করবে না। এ ক্ষেত্রে মেয়েটি কি কোন আইনি ব্যবস্থা নিতে পারে?","1. <other_1439_s11> [বাংলাদেশ শিল্প-নকশা আইন, ২০২৩, ধারা ১১] শিল্প-নকশা নিবন্ধন আবেদন পরীক্ষা — (১) মহাপরিচালক বা তৎকর্তৃক ক্ষমতাপ্রাপ্ত কর্মকর্তা ধারা ৭ এর অধীন দাখিলকৃত কোনো শিল্প-নকশা নিবন্ধন আবেদন পরীক্
2. <civil_registration_921_s13> [জন্ম ও মৃত্যু নিবন্ধন আইন, ২০০৪, ধারা ১৩] বিলম্বিত নিবন্ধন — ধারা ৮ এ উল্লিখিত নির্দিষ্ট সময়ের মধ্যে জন্ম বা মৃত্যুর তথ্য নিবন্ধকের নিকট প্রেরণ করা না হইলে পরবর্তী সময় উ
3. <other_923_s6> [বেসরকারী শিক্ষক নিবন্ধন ও প্রত্যয়ন কর্তৃপক্ষ, ধারা ৬] নির্বাহী বোর্ড গঠন — (১) নিম্নবর্ণিত সদস্যদের সমন্বয়ে নির্বাহী বোর্ড গঠিত হইবে, যথা:-(ক) চেয়ারম্যান, (পদাধিকার বলে);(খ) সদস্য (প্
4. <consumer_1010_s120> [ট্রেডমার্ক আইন, ২০০৯, ধারা ১২০] কনভেনশন আবেদনের ক্ষেত্রে বিশেষ বিধান — (১) যদি প্যারিস কনভেনশন অথবা বিশ্ববাণিজ্য সংস্থাভুক্ত কোন রাষ্ট্রে ট্রেডমার্ক নিবন্ধনের জন্য আবেদনকারী কোন ব্য
5. <other_1037_s157> [বীমা আইন, ২০১০, ধারা ১৫৭] পরিসংখ্যান — (১) প্রবিধান দ্বারা নির্ধারিত পদ্ধতিতে কর্তৃপক্ষ নির্দিষ্ট সময় অন্তর বীমা সংশ্লিষ্ট বিষয়ে পরিসংখ্যান ভিত্তিক
6. <other_1684_s61> [মানব পাচার ও অভিবাসী চোরাচালান প্রতিরোধ ও দম, ধারা ৬১] সমতার নীতির প্রয়োগ ও ক্ষমতার অপব্যবহার রোধে বিধান — (১) এই আইনের অধীন অভিযুক্ত ব্যক্তি কিংবা মানব পাচার বা অভিবাসী চোরাচালানের শিকার ব্যক্তি বা সাক্ষী লইয়া কাজ ক
7. <other_1476_s38> [কাস্টমস আইন, ২০২৩, ধারা ৩৮] প্রত্যর্পণ মঞ্জুর না করিবার ক্ষেত্রসমূহ — ধারা ৩৬ এ যাহা কিছুই থাকুক না কেন, নিম্নবর্ণিত ক্ষেত্রে কোনো প্রত্যর্পণ মঞ্জুর করা যাইবে না, যথা:-(ক) যে সকল প
8. <other_749_s15> [জাতীয় মহিলা সংস্থা আইন, ১৯৯১, ধারা ১৫] কতিপয় ক্ষেত্রে একই ব্যক্তির একাধিক পদে থাকা নিষিদ্ধ — কোন ব্যক্তি পদাধিকার বলে ব্যতীত অন্য কোনভাবে একই সংগে পরিষদ, নির্বাহী কমিটি, জেলা কমিটি এবং উপজেলা কমিটির চেয়
9. <women_children_1119_s54> [শিশু আইন, ২০১৩, ধারা ৫৪] আইনের সংস্পর্শে আসা শিশুর ক্ষেত্রে বিশেষ ব্যবস্থা ও সুরক্ষা — (১)21[ ***]আইনের সংস্পর্শে আসা শিশুর মর্যাদার প্রতি শ্রদ্ধা প্রদর্শন, পারিপার্শ্বিক অবস্থা, বয়স, লিঙ্গ এবং অক
10. <other_1429_s149> [আয়কর আইন, ২০২৩, ধারা ১৪৯] উৎসে কর কর্তন বা সংগ্রহের ক্ষেত্রে দায়মুক্তি — যেইক্ষেত্রে এই অংশের অধীন কর হিসাবে কোনো অর্থ সংগ্রহ বা কর্তন করা হয় এবং সরকারের অনুকূলে জমা প্রদান করা হয়, ","family_305_s7, family_305_s10, family_1444_s5",own_search,answered,3,
prot_0002_02,Iftiaq,VERIFY,"আমরা তিন বোন, আমাদের কোনো ভাই নেই। আমার বাবা মানসিকভাবে অসুস্থ। আইন অনুযায়ী বাবা উইল না করলে কি আমরা বাবার সব সম্পত্তির মালিক হতে পারব? যেহেতু তিনি মানসিকভাবে অসুস্থ, সে ক্ষেত্রে আমাদের কী করণীয়?","1. <other_725_s17> [খাগড়াছড়ি পার্বত্য জেলা পরিষদ আইন, ১৯৮৯, ধারা ১৭] 26[(১)] পরিষদের নির্বাচনের জন্য কোন ব্যক্তি ভোটার তালিকাভূক্ত হইবার যোগ্য হইবেন, যদি তিনি-(ক) বাংলাদেশের নাগরি
2. <other_726_s17> [বান্দরবান পার্বত্য জেলা পরিষদ আইন, ১৯৮৯, ধারা ১৭] 34[(১)] পরিষদের নির্বাচনের জন্য কোন ব্যক্তি ভোটার তালিকাভূক্ত হইবার যোগ্য হইবেন, যদি তিনি-(ক) বাংলাদেশের নাগরি
3. <other_724_s17> [রাংগামাটি পার্বত্য জেলা পরিষদ আইন, ১৯৮৯, ধারা ১৭] 30[(১)] পরিষদের নির্বাচনের জন্য কোন ব্যক্তি ভোটার তালিকা-ভূক্ত হইবার যোগ্য হইবেন, যদি তিনি-(ক) বাংলাদেশের নাগর
4. <criminal_procedure_1012_s25> [সিলেট মহানগরী পুলিশ আইন, ২০০৯, ধারা ২৫] অসুস্থ ও অক্ষম জীবজন্তু নিধন — কোন পুলিশ কর্মকর্তা যদি কোন রাস্তা বা প্রকাশ্য স্থানে কোন অসুস্থ জখমপ্রাপ্ত বা দৈহিকভাবে অক্ষম জীবজন্তু দেখিতে
5. <criminal_procedure_1239_s25> [রংপুর মহানগরী পুলিশ আইন, ২০১৮, ধারা ২৫] অসুস্থ ও অক্ষম জীবজন্তু নিধন — কোনো পুলিশ অফিসার যদি কোনো রাস্তা বা প্রকাশ্য স্থানে কোনো অসুস্থ, জখমপ্রাপ্ত বা দৈহিকভাবে অক্ষম জীবজন্তু দেখিত
6. <criminal_procedure_1238_s25> [গাজীপুর মহানগরী পুলিশ আইন, ২০১৮, ধারা ২৫] অসুস্থ ও অক্ষম জীবজন্তু নিধন — কোনো পুলিশ অফিসার যদি কোনো রাস্তা বা প্রকাশ্য স্থানে কোনো অসুস্থ, জখমপ্রাপ্ত বা দৈহিকভাবে অক্ষম জীবজন্তু দেখিত
7. <criminal_procedure_1013_s25> [বরিশাল মহানগরী পুলিশ আইন, ২০০৯, ধারা ২৫] অসুস্থ ও অক্ষম জীবজন্তু নিধন — কোন পুলিশ কর্মকর্তা যদি কোন রাস্তা বা প্রকাশ্য স্থানে কোন অসুস্থ জখমপ্রাপ্ত বা দৈহিকভাবে অক্ষম জীবজন্তু দেখিতে
8. <criminal_procedure_765_s37> [রাজশাহী মহানগরী পুলিশ আইন, ১৯৯২, ধারা ৩৭] অসুস্থ ও অক্ষম জীবজন্তু নিধন — কোন পুলিশ কর্মকর্তা যদি কোন রাস্তা বা প্রকাশ্য স্থানে কোন অসুস্থ, জখমপ্রাপ্ত বা দৈহিকভাবে অক্ষম জীবজন্তু দেখিত
9. <other_1218_s18> [বেসামরিক বিমান চলাচল আইন, ২০১৭, ধারা ১৮] ফ্লাইট প্রতিরোধ ও বিমান আটক — (১) চেয়ারম্যান নিম্নবর্ণিত কোন কারণে কোন এয়ার অপারেটর বা এয়ারম্যানকে ফ্লাইট পরিচালনা করা যাইবে না মর্মে নির
10. <other_1292_s2_p0> [প্রাণিকল্যাণ আইন, ২০১৯, ধারা ২] সংজ্ঞা — বিষয় বা প্রসঙ্গের পরিপন্থি কোনো কিছু না থাকিলে, এই আইনে -(১) ‘‘অনিরাময়যোগ্য অসুস্থ প্রাণি’’ অর্থ এমন অসুস্থ ","other_1273_s21, other_1273_s22_p0, other_26_s12",own_search,answered,3,
ajke_0192_01,Iftiaq,VERIFY,প্রশ্ন: আমার বাবা একজন ব্যাংক কর্মকর্তা ছিলেন। তিনি সম্প্রতি মারা গেছেন। বাবা বেঁচে থাকা অবস্থায় আমাদের দেশের বাড়িতে দাদার জমির ওপরে একটা বাড়ি করেছিলেন। বাবা মারা যাওয়ার পর আমার চাচাতো ভাইয়েরা বাড়িটিতে উঠতে চাইছেন। জমি আমার দাদার নামে হওয়ায় কোনো কাগজপত্র আমাদের নামে নেই। কিন্তু বাড়ি পুরোটাই আমার বাবা বানিয়েছেন। এ ক্ষেত্রে আমি আর আমার ভাই (বয়স ২৮) কি বাড়ির কোনো কাগজ তৈরি করতে পারব?,"1. <other_1483_s10_p1> [পরিত্যক্ত বাড়ি (সম্পূরক বিধানাবলি) আইন, ২০২৩, ধারা ১০] পরিত্যক্ত বাড়ি নিয়ন্ত্রণ, ব্যবস্থাপনা এবং নিষ্পত্তি সংক্রান্ত বোর্ড — গণপূর্ত বিভাগ সদস্য-সচিব।(২) পরিত্যক্ত বাড়ি নিয়ন্ত্রণ, ব্যবস্থাপনা এবং নিষ্পত্তির জন্য বোর্ডের দায়িত্ব ও কা
2. <other_1483_s5ক> [পরিত্যক্ত বাড়ি (সম্পূরক বিধানাবলি) আইন, ২০২৩, ধারা ৫ক] পরিত্যক্ত সম্পত্তির ‘ক’ বা ‘খ’ তালিকার যে সকল বাড়ি সরকার কর্তৃক বিক্রয়মূল্যে হস্তান্তর করা হইয়াছে বা হইবে স
3. <other_1066_s7ক> [বালুমহাল ও মাটি ব্যবস্থাপনা আইন, ২০১০, ধারা ৭ক] ব্যক্তি মালিকানাধীন জমির বালু বা মাটি উত্তোলন — কোনো ব্যক্তি মালিকানাধীন জমি হইতে বালু বা মাটি উত্তোলন করা যাইবে না, যদি-(ক) উহা উর্বর কৃষি জমি হয়;(খ) বাণিজ্
4. <other_1483_s4> [পরিত্যক্ত বাড়ি (সম্পূরক বিধানাবলি) আইন, ২০২৩, ধারা ৪] পরিত্যক্ত বাড়ি ঘোষণা ও তালিকা প্রণয়ন — (১) উপ-ধারা (২) এর বিধান সাপেক্ষে, সরকার, সরকারি গেজেটে প্রজ্ঞাপন দ্বারা, নিম্নবর্ণিত বাড়িসমূহকে পরিত্যক্ত বা
5. <other_1483_s7> [পরিত্যক্ত বাড়ি (সম্পূরক বিধানাবলি) আইন, ২০২৩, ধারা ৭] মামলা দায়েরে নিষেধাজ্ঞা, ইত্যাদি — (১) রাষ্ট্রপতির ১৯৭২ সনের ১৬ নং আদেশ বা এই আইনের অধীন কৃত, গৃহীত বা চলমান কোনো কার্যক্রম, সিদ্ধান্ত বা জারীকৃত
6. <other_1684_s12> [মানব পাচার ও অভিবাসী চোরাচালান প্রতিরোধ ও দম, ধারা ১২] পতিতালয় পরিচালনা করিবার বা কোনো স্থানকে পতিতালয় হিসাবে ব্যবহারের অনুমতি প্রদানের অপরাধ ও উহার দণ্ড — (১) যদি কোনো ব্যক্তি পতিতালয় স্থাপন বা পরিচালনা করেন অথবা উহা স্থাপন বা পরিচালনা করিতে অনুমতি প্রদান করেন কিং
7. <other_1684_s32> [মানব পাচার ও অভিবাসী চোরাচালান প্রতিরোধ ও দম, ধারা ৩২] ব্যাংক হিসাব, ইত্যাদি নিরীক্ষা ও নিষ্ক্রিয়করণ — (১) যদি তদন্তকারী কর্মকর্তার এইরূপ বিশ্বাস করিবার যথেষ্ট কারণ থাকে যে, কোনো ব্যক্তি মানব পাচার বা অভিবাসী চোরা
8. <consumer_1010_s92> [ট্রেডমার্ক আইন, ২০০৯, ধারা ৯২] মামলার কোন পক্ষের মৃত্যু — যদি এই আইনের অধীন কোন কার্যধারা বিচারাধীন থাকা অবস্থায় কোন পক্ষ মারা যান, তাহা হইলে নিবন্ধক সংশ্লিষ্ট কোন পক্
9. <other_1483_s6> [পরিত্যক্ত বাড়ি (সম্পূরক বিধানাবলি) আইন, ২০২৩, ধারা ৬] সমর্পণ, নোটিশ প্রদান ও দখল গ্রহণ — এই আইনের অধীন ঘোষিত পরিত্যক্ত বাড়ি সরকারের নিকট অর্পণ করিতে হইবে, এবং সমর্পণ ও দখল গ্রহণের ক্ষেত্রে, এই আইনের
10. <other_1429_s126> [আয়কর আইন, ২০২৩, ধারা ১২৬] (১)Registration Act, 1908(Act No. XVI of 1908) এর অধীন কোনো ভূমি, স্থাপনা, বাড়ি, ফ্ল্যাট, অ্যাপার্টমেন্ট অথবা","other_36_s42_p0, other_68_s2",own_search,answered,3,
prot_0108_02,Iftiaq,VERIFY,"উকিল বলেছিলেন, হেবা দলিল অপরিবর্তনীয়। এই জমি যাদের নামে আছে তারাই পাবে, অন্য কেউ অংশীদার হতে পারবে না। কিন্তু আমার ভাই তা মানতে রাজি নয়। সে বিভিন্নজনের বুদ্ধি ধরে আমাদের মারধর, জমি দখল করাসহ নানা হুমকি দিয়ে আসছে। এ অবস্থায় এই হেবা ঘোষণা দলিল কার্যকর হবে কি না, হলে কতটুকু হবে এবং কার্যকর হলে সেই জমি আমরা কীভাবে তার খারিজ বাতিল করে আমাদের নামে খারিজ করব?","1. <other_721_s7> [বাংলাদেশ ঋণ সালিসি আইন, ১৯৮৯, ধারা ৭] কতিপয় বিক্রয় বাতিল — (১) এই আইন বলবত্ হইবার পর অনধিক দুই একর কৃষি জমির মালিক কোন কৃষক প্রাকৃতিক দুর্যোগে তগতিগ্রস্ত হওয়ার বা জীবন 
2. <other_721_s6_p0> [বাংলাদেশ ঋণ সালিসি আইন, ১৯৮৯, ধারা ৬] কতিপয় জমির বিক্রয় খায়খালাসী বন্ধক ঘোষণা — (১) এই আইন বলবত্ হইবার পর অনধিক তিন একর কৃষি জমির মালিক কোন কৃষক প্রাকৃতিক দুর্যোগে তগতিগ্রস্ত হওয়ার বা জীবন 
3. <other_722_s15> [পার্বত্য জেলাসমূহ (আইন রহিত ও প্রয়োগ এবং বিশ, ধারা ১৫] বসতবাড়ীর জন্য গ্রামীণ জমি দখল — (১) কোন পাহাড়ী ব্যক্তি পৌর এলাকা-বহির্ভূত অনধিক ত্রিশ শতাংশ পর্যন্ত খাস জমি তাহার নিজ বসতবাড়ীর জন্য হেডম্যান
4. <other_721_s8> [বাংলাদেশ ঋণ সালিসি আইন, ১৯৮৯, ধারা ৮] জমি প্রত্যর্পণের নির্দেশ কার্যকরকরণ — ক্রেতা বোর্ডের নির্দেশানুসারে জমির দখল প্রত্যর্পণ না করিলে বা করিতে ব্যর্থ হইলে, জমির দখল পাওয়ার জন্য বিক্রেত
5. <other_724_s64> [রাংগামাটি পার্বত্য জেলা পরিষদ আইন, ১৯৮৯, ধারা ৬৪] (১) আপাততঃ বলবত্ অন্য কোন আইনে যাহা কিছুই থাকুক না কেন-(ক) রাংগামাটি পার্বত্য জেলার এলাকাধীন বন্দোবস্তযোগ্য খা
6. <other_725_s64> [খাগড়াছড়ি পার্বত্য জেলা পরিষদ আইন, ১৯৮৯, ধারা ৬৪] (১) আপাততঃ বলবত্ অন্য কোন আইনে যাহা কিছুই থাকুক না কেন-(ক) খাগড়াছড়ি পার্বত্য জেলার এলাকাধীন বন্দোবস্তযোগ্য খ
7. <other_726_s64> [বান্দরবান পার্বত্য জেলা পরিষদ আইন, ১৯৮৯, ধারা ৬৪] (১) আপাততঃ বলবত্ অন্য কোন আইনে যাহা কিছুই থাকুক না কেন-(ক) বান্দরবন পার্বত্য জেলার এলাকাধীন বন্দোবস্তযোগ্য খাস
8. <other_857_s45> [বাংলাদেশ টেলিযোগাযোগ নিয়ন্ত্রণ আইন, ২০০১, ধারা ৪৫] লাইসেন্সধারীর প্রয়োজনে বাধ্যতামূলকভাবে বেসরকারী জমি অধিগ্রহণ — (১) লাইসেন্সের অধীন কাজকর্ম সম্পাদন বা পরিচালনার জন্য প্রয়োজনীয় কোন জমি ব্যবহারের ক্ষেত্রে লাইসেন্সধারী বাধা
9. <other_740_s15> [ঢাকা বিদ্যুৎ বিতরণ কর্তৃপক্ষ আইন, ১৯৯০, ধারা ১৫] কর্তৃপক্ষের জন্য জমি অধিগ্রহণ — কর্তৃপক্ষের কার্যাবলী সম্পাদনের জন্য কোন জমি প্রয়োজন হইলে উহা জনস্বার্থে প্রয়োজনীয় বলিয়া বিবেচিত হইবে এবং 
10. <other_804_s43> [পানি সরবরাহ ও পয়ঃনিষ্কাশন কর্তৃপক্ষ আইন, ১৯৯, ধারা ৪৩] কর্র্তৃপক্ষের জন্য জমি হুকুম দখল বা অধিগ্রহণ — আপাততঃ বলবত্ অন্য কোন আইনে যাহা কিছুই থাকুক না কেন, কর্র্তৃপক্ষের কোন উদ্দেশ্যে কোন জমির প্রয়োজন হইলে উহা জনস","land_90_s78A, land_241_s143, other_48_s126",own_search,answered,3,
ajke_0153_01,Iftiaq,VERIFY,আমি একজন শিল্পী। বিভিন্ন ইলাস্ট্রেশনের কাজ করি। আমি সাধারণত অনলাইনে নানা মাধ্যমে প্রকাশিত গল্পের অলংকরণের কাজ করেছি বেশি। তবে আমার আঁকা ছবিগুলোর স্বত্ব নিয়ে বিভিন্ন ঝামেলায় পড়তে হয়। এর আগেও সমস্যায় পড়েছি। সব সময় মিউচুয়াল করতে হয়েছে। আমি এই সমস্যার সমাধান কীভাবে পেতে পারি? কাজটা তো আমি বন্ধ করতে চাই না। সে ক্ষেত্রে আইনি ধাপগুলো কীভাবে নিতে পারি?,"1. <labour_1285_s38> [বাংলাদেশ ইপিজেড শ্রম আইন, ২০১৯, ধারা ৩৮] দৈনিক কর্মঘণ্টা — কোনো শ্রমিক কোনো প্রতিষ্ঠানে সাধারণত দৈনিক ৮ (আট) ঘন্টার অধিক সময় কাজ করিবেন না বা তাহাকে দিয়ে কাজ করানো যাই
2. <labour_952_s251> [বাংলাদেশ শ্রম আইন, ২০০৬, ধারা ২৫১] একাধিক শিল্পসম্পর্কিত কাজ-কর্মে নিয়োজিত কোম্পানীসমূহ — এই অধ্যায়ে যাহা কিছুই থাকুক না কেন, দেশের একাধিক স্থানে একাধিক শিল্পসম্পর্কিত কাজ-কর্মে নিয়োজিত কোন কোম্পানী
3. <labour_1285_s40> [বাংলাদেশ ইপিজেড শ্রম আইন, ২০১৯, ধারা ৪০] সাপ্তাহিক কর্মঘণ্টা — (১) কোনো শ্রমিক কোনো প্রতিষ্ঠানে সাধারণত সপ্তাহে৪৮ (আটচল্লিশ) ঘণ্টার অধিক সময় কাজ করিবেন না বা তাহাকে দিয়ে ক
4. <labour_952_s111> [বাংলাদেশ শ্রম আইন, ২০০৬, ধারা ১১১] প্রাপ্তবয়স্ক শ্রমিকের কাজের সময়ের নোটিশ এবং উহার প্রস্তুতি — (১) প্রত্যেক প্রতিষ্ঠানে উহাতে কর্মরত প্রাপ্তবয়স্ক শ্রমিকগণ কোন্ কোন্ সময় কাজ করিবেন ইহা পরিষ্কারভাবে লিখিয়
5. <labour_952_s12> [বাংলাদেশ শ্রম আইন, ২০০৬, ধারা ১২] কাজ বন্ধ রাখা — (১) অগ্নিকান্ড, আকষ্মিক বিপত্তি, যন্ত্রপাতি বিকল, বিদু্যৎ সরবরাহ বন্ধ, মহামারী, ব্যাপক দাঙ্গা-হাঙ্গামা অথবা মা
6. <other_1198_s5> [বাংলাদেশ ন্যাশনাল ক্যাডেট কোর আইন, ২০১৬, ধারা ৫] বাংলাদেশ ন্যাশনাল ক্যাডেট কোরের দায়িত্ব ও কর্তব্য — (১) বাংলাদেশ ন্যাশনাল ক্যাডেট কোরের প্রত্যেক তালিকাভুক্ত সদস্য এবং কর্মচারীর দায়িত্ব ও কর্তব্য হইবে নিম্নরূপ,
7. <other_1260_s12> [জাতীয় দক্ষতা উন্নয়ন কর্তৃপক্ষ আইন, ২০১৮, ধারা ১২] কার্যনির্বাহী কমিটির দায়িত্ব — (১) এই আইনের উদ্দেশ্য পূরণকল্পে, কার্যনির্বাহী কমিটির দায়িত্ব হইবে নিম্নরূপ, যথা:-(ক) কর্তৃপক্ষের উপর অর্পিত 
8. <labour_1285_s11> [বাংলাদেশ ইপিজেড শ্রম আইন, ২০১৯, ধারা ১১] কাজ বন্ধ রাখা — (১) অগ্নিকাণ্ড, মারাত্নক দৈব দুর্ঘটনা, মহামারি, ব্যাপক দাঙ্গা-হাঙ্গামা এর জন্য প্রয়োজন হইলে কোনো মালিক যে কোন
9. <other_726_s28> [বান্দরবান পার্বত্য জেলা পরিষদ আইন, ১৯৮৯, ধারা ২৮] চুক্তি — (১) পরিষদ কর্তৃক বা উহার পক্ষে সম্পাদিত সকল চুক্তি -(ক) লিখিত হইতে হইবে এবং পরিষদের নামে সম্পাদিত হইয়াছে বলিয
10. <other_822_s26> [পার্বত্য চট্টগ্রাম আঞ্চলিক পরিষদ আইন, ১৯৯৮, ধারা ২৬] চুক্তি — (১) পরিষদ কতর্ৃক বা উহার পক্ষে সম্পাদিত সকল চুক্তি-(ক) লিখিত হইতে হইবে এবং পরিষদের নামে সম্পাদিত হইয়াছে বলিয়","consumer_1452_s15, consumer_1452_s54, consumer_1452_s77",own_search,answered,3,
prot_0126_01,Iftiaq,VERIFY,"তিনি বলেন, ‘তোরা জায়গা পাবি না।’ আমরা মোট চার ভাইবোন, আমরা সবাই হিন্দু পরিবারের সদস্য। আমাদের মা-বাবা জীবিত নেই, ভাইয়ের কোনো ওয়ারিশ নেই। আমরা সবাই বিবাহিত। আমি জানতে চাই, কেন এই জায়গা পাব না?","1. <other_1429_s192> [আয়কর আইন, ২০২৩, ধারা ১৯২] হিন্দু অবিভক্ত পরিবারের বিভাজনের ক্ষেত্রে কর নির্ধারণ — (১) এই আইনের উদ্দেশ্যপূরণকল্পে, হিন্দু অবিভক্ত পরিবার হিসাবে নির্ধারিত কোনো হিন্দু পরিবারকে সেই পর্যন্ত হিন্দু
2. <other_1482_s31> [বাংলাদেশ হোমিওপ্যাথিক চিকিৎসা শিক্ষা আইন, ২০, ধারা ৩১] ব্যবস্থাপত্রে অ-অনুমোদিত ঔষধ লিখিবার দণ্ড — (১) কোনো হোমিওপ্যাথিক চিকিৎসক হোমিওপ্যাথিক ফার্মাকোপিয়াতে অন্তর্ভুক্ত নেই এমন কোনো ঔষধ হোমিওপ্যাথিক চিকিৎসা ব
3. <other_1066_s7খ> [বালুমহাল ও মাটি ব্যবস্থাপনা আইন, ২০১০, ধারা ৭খ] উত্তোলিত বালু রক্ষণাবেক্ষণে নিয়ন্ত্রণ আরোপ — এই আইনের অন্য কোনো ধারায় যাহা কিছুই থাকুক না কেন,-(ক)ইজারা গ্রহীতা কোনো ব্যক্তি বা প্রতিষ্ঠান উত্তোলিত বালু ব
4. <land_1455_s10> [ভূমি সংস্কার আইন, ২০২৩, ধারা ১০] বর্গাদারের মৃত্যুর পর বর্গাভূমির চাষ — (১) কোনো বর্গাদার বর্গাচুক্তির মেয়াদ শেষ হইবার পূর্বে মারা গেলে, উহার মেয়াদ শেষ না হওয়া পর্যন্ত অথবা এই আইন
5. <other_1413_s14> [সরকারি ঋণ আইন, ২০২২, ধারা ১৪] ধারক মৃত্যুবরণ করিলে প্রযোজ্য বিধান — (১) এই ধারার অন্যান্য বিধানসাপেক্ষে, সরকারি সিকিউরিটি বা জাতীয় সঞ্চয় স্কীমের আওতায় ইস্যুকৃত সার্টিফিকেটের ধ
6. <other_1727_s35> [জুয়া প্রতিরোধ আইন, ২০২৬, ধারা ৩৫] ফৌজদারি কার্যবিধির প্রযোজ্যতা — এই আইনের যে সকল ক্ষেত্রে সুনির্দিষ্ট কোনো বিধান নেই সেইক্ষেত্রে অপরাধের তদন্ত, বিচার, তল্লাশি, জব্দ, গ্রেপ্তার
7. <other_791_s6ঙ> [বাংলাদেশ পরিবেশ সংরক্ষণ আইন, ১৯৯৫, ধারা ৬ঙ] আপাততঃ বলবৎ অন্য কোন আইনে যাহা কিছুই থাকুক না কেন, জলাধার হিসাবে চিহ্নিত জায়গা ভরাট বা অন্য কোনভাবে শ্রেণী পর
8. <other_1107_s23> [টেকসই ও নবায়নযোগ্য জ্বালানি উন্নয়ন কর্তৃপক্ষ, ধারা ২৩] পরিদর্শনের ক্ষমতা — কর্তৃপক্ষ, এই আইনের উদ্দেশ্য পুরণকল্পে, ডেজিগনেটেড কঞ্জুমার এর কোন জায়গা পরিদর্শন করিতে পারিবে।
9. <local_government_1024_s19_p1> [স্থানীয় সরকার (পৌরসভা) আইন, ২০০৯, ধারা ১৯] মেয়র এবং কাউন্সিলরগণের যোগ্যতা ও অযোগ্যতা — কার্যক্রম সম্পাদনের জন্য, তাহার নিজ নামে বা তাহার ট্রাস্টি হিসাবে কোন ব্যক্তি বা ব্যক্তিবর্গের নামে বা তাহার স
10. <local_government_1026_s9_p1> [স্থানীয় সরকার (সিটি কর্পোরেশন) আইন, ২০০৯, ধারা ৯] মেয়র এবং কাউন্সিলরগণের যোগ্যতা ও অযোগ্যতা — তিনি তাহার নিজ নামে বা তাহার ট্রাস্টি হিসাবে কোন ব্যক্তি বা ব্যক্তিবর্গের নামে বা তাহার সুবিধার্থে বা তাহার উপ",unanswerable,none,unanswerable,3,
ajke_0175_01,Iftiaq,VERIFY,"প্রশ্ন: আমি একজন মুসলিম নারী। আমার একটি ছেলেসন্তান রয়েছে। আমার স্বামী বিয়ের পর দেশের বাইরে কাজ করতে যান। গত বছর তিনি সেখানে স্ট্রোকে মারা যান। তিনি মারা যাওয়ার পর থেকে আমি আমার সন্তানকে নিয়ে ভাইয়ের বাসায় থাকি। কারণ, স্বামীর মৃত্যুর পর আমার শ্বশুরবাড়ির লোকেরা আমার সঙ্গে যোগাযোগ রাখেননি। এমনকি আমাদের খোঁজখবরও নেননি। আমার জানার বিষয় হলো, স্বামী মারা যাওয়ার পর স্ত্রী আর সন্তানের সম্পত্তির অধিকার কতটুকু?","1. <other_1156_s25> [মেট্রোরেল আইন, ২০১৫, ধারা ২৫] ক্ষতিপূরণ প্রদান — মেট্রোরেল পরিচালনাকালে উহা হইতে উদ্ভূত দুর্ঘটনার ফলে যদি কোন ব্যক্তি আঘাতপ্রাপ্ত বা ক্ষতিগ্রস্ত হন বা আঘাতপ্রা
2. <other_1201_s27> [বাস র‍্যাপিড ট্রানজিট (বিআরটি) আইন, ২০১৬, ধারা ২৭] ক্ষতিপূরণ প্রদান — বিআরটি পরিচালনাকালে উহা হইতে উদ্ভূত দুর্ঘটনার ফলে যদি কোনো ব্যক্তি আঘাতপ্রাপ্ত বা ক্ষতিগ্রস্ত হন বা আঘাতপ্রাপ্
3. <labour_1285_s33> [বাংলাদেশ ইপিজেড শ্রম আইন, ২০১৯, ধারা ৩৩] মহিলা শ্রমিকের মৃত্যুর ক্ষেত্রে প্রসূতি কল্যাণ সুবিধা প্রদান — (১) এই অধ্যায়ের অধীন প্রসূতি কল্যাণ সুবিধা পাইবার অধিকারী কোনো মহিলা শ্রমিক সন্তান প্রসবকালে অথবা উহার পরবর্ত
4. <labour_952_s157> [বাংলাদেশ শ্রম আইন, ২০০৬, ধারা ১৫৭] নোটিশ ও দাবী — (১) কোন শ্রম আদালত ৰতিপূরণের কোন দাবী বিবেচনায় আনিবে না যদি না দুর্ঘটনা ঘটিবার পর যতশীঘ্র সম্ভব এতদ্নিম্নে বর
5. <other_1266_s2_p2> [বাংলাদেশ মুক্তিযোদ্ধা কল্যাণ ট্রাস্ট আইন, ২০, ধারা ২] সংজ্ঞা — জামায়াতে ইসলামী এবং তাহাদের সহযোগী রাজাকার, আলবদর, আলশামস বাহিনীর বিরুদ্ধে গণপ্রজাতন্ত্রী বাংলাদেশের স্বাধীনত
6. <labour_952_s49> [বাংলাদেশ শ্রম আইন, ২০০৬, ধারা ৪৯] 1 [***] মৃত্যুর ক্ষেত্রে প্রসূতি কল্যাণ সুবিধা প্রদান — (১) এই অধ্যায়ের অধীন প্রসূতি কল্যাণ সুবিধা পাওয়ার অধিকারী কোন মহিলা সন্ত্মান প্রসবকালে অথবা উহার পরবর্তী আট 
7. <other_1429_s31> [আয়কর আইন, ২০২৩, ধারা ৩১] আয় একীভূতকরণ — (১) এই আইনে ভিন্নরূপ কিছু না থাকিলে, নিম্নবর্ণিত আয়সমূহ কোনো ব্যক্তির মোট আয়ের অন্তর্ভুক্ত হইবে, যথা:-(ক) উক
8. <consumer_1010_s92> [ট্রেডমার্ক আইন, ২০০৯, ধারা ৯২] মামলার কোন পক্ষের মৃত্যু — যদি এই আইনের অধীন কোন কার্যধারা বিচারাধীন থাকা অবস্থায় কোন পক্ষ মারা যান, তাহা হইলে নিবন্ধক সংশ্লিষ্ট কোন পক্
9. <land_1455_s10> [ভূমি সংস্কার আইন, ২০২৩, ধারা ১০] বর্গাদারের মৃত্যুর পর বর্গাভূমির চাষ — (১) কোনো বর্গাদার বর্গাচুক্তির মেয়াদ শেষ হইবার পূর্বে মারা গেলে, উহার মেয়াদ শেষ না হওয়া পর্যন্ত অথবা এই আইন
10. <labour_952_s160_p1> [বাংলাদেশ শ্রম আইন, ২০০৬, ধারা ১৬০] চিকিৎসা পরীক্ষা — অস্বীকৃতির ৰেত্রে, নিজেকে উক্তরূপ হাজির করার ব্যাপারে তিনি পর্যাপ্ত কারণ দ্বারা বাধাপ্রাপ্ত হইয়া থাকেন।(৬) যদ",unanswerable,none,unanswerable,3,
lawy_0568_01,Iftiaq,VERIFY,সাদা কাগজে সই নিলে কি জমি দখল করা সম্ভব?,"1. <other_877_s9> [পার্বত্য চট্টগ্রাম ভূমি-বিরোধ নিষ্পত্তি কমিশ, ধারা ৯] 1 [ কমিশনের নিকট আবেদন দাখিল] — 11[ (১)] এই আইনের অধীনে ভূমি বিরোধ নিষ্পত্তির জন্য সংশ্লিষ্ট আবেদনকারী তাহার দস্তখত বা টিপসহিযুক্ত দরখাস্ত সাদ
2. <other_722_s15> [পার্বত্য জেলাসমূহ (আইন রহিত ও প্রয়োগ এবং বিশ, ধারা ১৫] বসতবাড়ীর জন্য গ্রামীণ জমি দখল — (১) কোন পাহাড়ী ব্যক্তি পৌর এলাকা-বহির্ভূত অনধিক ত্রিশ শতাংশ পর্যন্ত খাস জমি তাহার নিজ বসতবাড়ীর জন্য হেডম্যান
3. <other_721_s8> [বাংলাদেশ ঋণ সালিসি আইন, ১৯৮৯, ধারা ৮] জমি প্রত্যর্পণের নির্দেশ কার্যকরকরণ — ক্রেতা বোর্ডের নির্দেশানুসারে জমির দখল প্রত্যর্পণ না করিলে বা করিতে ব্যর্থ হইলে, জমির দখল পাওয়ার জন্য বিক্রেত
4. <other_1181_s45> [বাংলাদেশ কোস্ট গার্ড আইন, ২০১৬, ধারা ৪৫] সাদা কাগজে স্বাক্ষর ও প্রতিবেদন উপস্থাপনে ব্যর্থতা — অধিভুক্ত কোন ব্যক্তি যদি -(ক) বেতন, অস্ত্র, গোলাবারুদ, সরঞ্জাম, পোশাক-পরিচ্ছদ বা ভাণ্ডার সম্পর্কিত কোন সরকারি 
5. <other_1067_s44> [বর্ডার গার্ড বাংলাদেশ আইন, ২০১০, ধারা ৪৪] সাদা কাগজে স্বাক্ষর এবং প্রতিবেদন উপস্থাপনে ব্যর্থতা — অধিভুক্ত কোন ব্যক্তি যদি-(ক) বেতন, অস্ত্র, গোলাবারুদ, সরঞ্জাম, পোষাক-পরিচ্ছদ বা ভাতার সম্পর্কিত কোন সরকারি বা 
6. <other_740_s15> [ঢাকা বিদ্যুৎ বিতরণ কর্তৃপক্ষ আইন, ১৯৯০, ধারা ১৫] কর্তৃপক্ষের জন্য জমি অধিগ্রহণ — কর্তৃপক্ষের কার্যাবলী সম্পাদনের জন্য কোন জমি প্রয়োজন হইলে উহা জনস্বার্থে প্রয়োজনীয় বলিয়া বিবেচিত হইবে এবং 
7. <other_804_s43> [পানি সরবরাহ ও পয়ঃনিষ্কাশন কর্তৃপক্ষ আইন, ১৯৯, ধারা ৪৩] কর্র্তৃপক্ষের জন্য জমি হুকুম দখল বা অধিগ্রহণ — আপাততঃ বলবত্ অন্য কোন আইনে যাহা কিছুই থাকুক না কেন, কর্র্তৃপক্ষের কোন উদ্দেশ্যে কোন জমির প্রয়োজন হইলে উহা জনস
8. <other_1404_s54> [চট্টগ্রাম বন্দর কর্তৃপক্ষ আইন, ২০২২, ধারা ৫৪] কর্তৃপক্ষের জন্য জমি হুকুম দখল বা অধিগ্রহণ — (১) এই আইনের উদ্দেশ্য পূরণকল্পে, কর্তৃপক্ষের কার্যাবলি সম্পাদনের নিমিত্ত কোনো ভূমি প্রয়োজন হইলে তাহা জনস্বার্
9. <other_916_s8> [বিরোধ মীমাংসা (পৌর এলাকা) বোর্ড আইন, ২০০৪, ধারা ৮] বোর্ডে মামলা দায়ের পদ্ধতি — (১) এই আইনের অধীনে তফসিলে বর্ণিত অপরাধ বা বিষয়সমূহ সম্পর্কে সকল মামলার বিচার ও নিষ্পত্তির জন্য সংশ্লিষ্ট ব্যক
10. <other_1427_s10> [হাট ও বাজার (স্থাপন ও ব্যবস্থাপনা) আইন, ২০২৩, ধারা ১০] (১) কোনো ব্যক্তি হাট ও বাজারের সরকারি খাস জমি অবৈধভাবে দখলে রাখিতে অথবা উপযুক্ত কর্তৃপক্ষের পূর্বানুমতি ব্যতির","other_48_s54, land_90_s17_p0, other_36_s9",own_search,answered,3,
prot_0071_04,Iftiaq,VERIFY,"১৯৬৬ সালে আমার দাদা মারা যান। তখন আমার বাবার বয়স ছয় মাস। সে সময় আমার দাদি আমার দাদার সব জমি বিক্রি করে তাঁর ভাইয়ের কাছে চলে আসেন। ১৯৬৯ সালে আমার দাদির আবার বিয়ে হয়। তখন বাবার সঙ্গে দাদির দূরত্ব বেড়ে যায়। বাবা পরের বাড়িতে মানুষ হন। দাদার জমির পরিমাণ ছিল ২০ বিঘা। বাবা ও ফুপু দুজনই ওই সম্পত্তি থেকে বঞ্চিত হন। ২০০৩ সালে বাবা মারা যান। আমরা এক ভাই, এক বোন। বাবা ও ফুপু কেউ কোনো জমি বিক্রি করেননি। তাহলে কি আমরা ওই জমির অংশ পাব? যদি পাই, তাহলে আমাদের কী করতে হবে?","1. <other_721_s6_p1> [বাংলাদেশ ঋণ সালিসি আইন, ১৯৮৯, ধারা ৬] কতিপয় জমির বিক্রয় খায়খালাসী বন্ধক ঘোষণা — যদি উপ-ধারা (২) এর অধীন নির্ধারিত সময়ের মধ্যে ক্রেতা জমি প্রত্যর্পণ না করেন বা করিতে ব্যর্থ হন, তাহা হইলে ধার
2. <other_721_s7> [বাংলাদেশ ঋণ সালিসি আইন, ১৯৮৯, ধারা ৭] কতিপয় বিক্রয় বাতিল — (১) এই আইন বলবত্ হইবার পর অনধিক দুই একর কৃষি জমির মালিক কোন কৃষক প্রাকৃতিক দুর্যোগে তগতিগ্রস্ত হওয়ার বা জীবন 
3. <other_1156_s25> [মেট্রোরেল আইন, ২০১৫, ধারা ২৫] ক্ষতিপূরণ প্রদান — মেট্রোরেল পরিচালনাকালে উহা হইতে উদ্ভূত দুর্ঘটনার ফলে যদি কোন ব্যক্তি আঘাতপ্রাপ্ত বা ক্ষতিগ্রস্ত হন বা আঘাতপ্রা
4. <other_1201_s27> [বাস র‍্যাপিড ট্রানজিট (বিআরটি) আইন, ২০১৬, ধারা ২৭] ক্ষতিপূরণ প্রদান — বিআরটি পরিচালনাকালে উহা হইতে উদ্ভূত দুর্ঘটনার ফলে যদি কোনো ব্যক্তি আঘাতপ্রাপ্ত বা ক্ষতিগ্রস্ত হন বা আঘাতপ্রাপ্
5. <other_1138_s2> [গ্রামীণ ব্যাংক আইন, ২০১৩, ধারা ২] সংজ্ঞা — বিষয় বা প্রসংগের পরিপন্থি কোন কিছু না থাকিলে, এই আইনে,-1[(১) “ঋণ” অর্থ এইরূপ কোনো ব্যক্তির পক্ষে ব্যাংক কর্তৃ
6. <other_721_s8> [বাংলাদেশ ঋণ সালিসি আইন, ১৯৮৯, ধারা ৮] জমি প্রত্যর্পণের নির্দেশ কার্যকরকরণ — ক্রেতা বোর্ডের নির্দেশানুসারে জমির দখল প্রত্যর্পণ না করিলে বা করিতে ব্যর্থ হইলে, জমির দখল পাওয়ার জন্য বিক্রেত
7. <other_1427_s10> [হাট ও বাজার (স্থাপন ও ব্যবস্থাপনা) আইন, ২০২৩, ধারা ১০] (১) কোনো ব্যক্তি হাট ও বাজারের সরকারি খাস জমি অবৈধভাবে দখলে রাখিতে অথবা উপযুক্ত কর্তৃপক্ষের পূর্বানুমতি ব্যতির
8. <other_1429_s133> [আয়কর আইন, ২০২৩, ধারা ১৩৩] প্রকাশ্য নিলামের বিক্রি হইতে কর সংগ্র — (১) কোনো ব্যক্তি কোনো নির্দিষ্ট মালিকের কোনো পণ্য বা সম্পত্তি সীলমোহরযুক্ত দরপত্রের মাধ্যমে প্রকাশ্য নিলামে বি
9. <local_government_1024_s45> [স্থানীয় সরকার (পৌরসভা) আইন, ২০০৯, ধারা ৪৫] রাস্তার নিকটবর্তী জমির অধিগ্রহণ — (১) জনস্বার্থে কোন রাস্তার নিকটবর্তী জমি অধিগ্রহণ করিবার প্রয়োজন অনুভূত হইলে পৌরসভা সরকারের অনুমোদন গ্রহণ করি
10. <other_1066_s7ক> [বালুমহাল ও মাটি ব্যবস্থাপনা আইন, ২০১০, ধারা ৭ক] ব্যক্তি মালিকানাধীন জমির বালু বা মাটি উত্তোলন — কোনো ব্যক্তি মালিকানাধীন জমি হইতে বালু বা মাটি উত্তোলন করা যাইবে না, যদি-(ক) উহা উর্বর কৃষি জমি হয়;(খ) বাণিজ্","family_64_s29, other_36_s39, other_36_s42_p0",own_search,answered,3,
prot_0048_05,Iftiaq,VERIFY,"আমরা তিন ভাই এক বোন। আমার মা ১৯৮০ সালে মারা যান। তখন আমরা খুব ছোট ছিলাম। আমার নানা মারা যান ১৯৯৮ সালে। নানার ছেলেমেয়ে নয়জন। চারজন ছেলে ও পাঁচজন মেয়ে। আমার প্রশ্ন হচ্ছে, নানার আগে যেহেতু আমার মা মারা যান, সেহেতু আমার মায়ের সম্পদের অংশ কি আমরা পাব?মো. মিজানুর রহমানঢাকা","1. <other_1156_s25> [মেট্রোরেল আইন, ২০১৫, ধারা ২৫] ক্ষতিপূরণ প্রদান — মেট্রোরেল পরিচালনাকালে উহা হইতে উদ্ভূত দুর্ঘটনার ফলে যদি কোন ব্যক্তি আঘাতপ্রাপ্ত বা ক্ষতিগ্রস্ত হন বা আঘাতপ্রা
2. <other_1201_s27> [বাস র‍্যাপিড ট্রানজিট (বিআরটি) আইন, ২০১৬, ধারা ২৭] ক্ষতিপূরণ প্রদান — বিআরটি পরিচালনাকালে উহা হইতে উদ্ভূত দুর্ঘটনার ফলে যদি কোনো ব্যক্তি আঘাতপ্রাপ্ত বা ক্ষতিগ্রস্ত হন বা আঘাতপ্রাপ্
3. <consumer_1010_s92> [ট্রেডমার্ক আইন, ২০০৯, ধারা ৯২] মামলার কোন পক্ষের মৃত্যু — যদি এই আইনের অধীন কোন কার্যধারা বিচারাধীন থাকা অবস্থায় কোন পক্ষ মারা যান, তাহা হইলে নিবন্ধক সংশ্লিষ্ট কোন পক্
4. <other_1725_s21_p29> [অর্থ আইন, ২০২৬, ধারা ২১] ২০১২ সনের ৪৭ নং আইনের দ্বিতীয় তফসিলের সংশোধন — ডলার পর্যন্ত ৪৫ (ঘ) মূল্যসীমা ১০০০০০ মা. ডলার এর ঊর্ধ্ব হইতে ২০০০০০ মা. ডলার পর্যন্ত ৬০ (ঙ) মূল্যসীমা ২০০০০০ ম
5. <labour_952_s157> [বাংলাদেশ শ্রম আইন, ২০০৬, ধারা ১৫৭] নোটিশ ও দাবী — (১) কোন শ্রম আদালত ৰতিপূরণের কোন দাবী বিবেচনায় আনিবে না যদি না দুর্ঘটনা ঘটিবার পর যতশীঘ্র সম্ভব এতদ্নিম্নে বর
6. <labour_1285_s33> [বাংলাদেশ ইপিজেড শ্রম আইন, ২০১৯, ধারা ৩৩] মহিলা শ্রমিকের মৃত্যুর ক্ষেত্রে প্রসূতি কল্যাণ সুবিধা প্রদান — (১) এই অধ্যায়ের অধীন প্রসূতি কল্যাণ সুবিধা পাইবার অধিকারী কোনো মহিলা শ্রমিক সন্তান প্রসবকালে অথবা উহার পরবর্ত
7. <road_transport_1262_s2_p4> [সড়ক পরিবহণ আইন, ২০১৮, ধারা ২] সংজ্ঞা — অনুমোদিত লেডেন ওজন;(২৫) “নিরব এলাকা” অর্থ সংশ্লিষ্ট কর্তৃপক্ষ কর্তৃক ঘোষিত বা নির্দেশিত এলাকা বা স্থান যেখানে 
8. <labour_952_s49> [বাংলাদেশ শ্রম আইন, ২০০৬, ধারা ৪৯] 1 [***] মৃত্যুর ক্ষেত্রে প্রসূতি কল্যাণ সুবিধা প্রদান — (১) এই অধ্যায়ের অধীন প্রসূতি কল্যাণ সুবিধা পাওয়ার অধিকারী কোন মহিলা সন্ত্মান প্রসবকালে অথবা উহার পরবর্তী আট 
9. <labour_952_s160_p1> [বাংলাদেশ শ্রম আইন, ২০০৬, ধারা ১৬০] চিকিৎসা পরীক্ষা — অস্বীকৃতির ৰেত্রে, নিজেকে উক্তরূপ হাজির করার ব্যাপারে তিনি পর্যাপ্ত কারণ দ্বারা বাধাপ্রাপ্ত হইয়া থাকেন।(৬) যদ
10. <land_1455_s10> [ভূমি সংস্কার আইন, ২০২৩, ধারা ১০] বর্গাদারের মৃত্যুর পর বর্গাভূমির চাষ — (১) কোনো বর্গাদার বর্গাচুক্তির মেয়াদ শেষ হইবার পূর্বে মারা গেলে, উহার মেয়াদ শেষ না হওয়া পর্যন্ত অথবা এই আইন",family_305_s4,own_search,answered,3,
prot_0051_02,Iftiaq,,"আমার বয়স যখন তিন বছর, তখন আমার মা আমাকে একাকী রেখে মারা যান। তারপর আমার বাবা দ্বিতীয় বিয়ে করেন। সেই সংসারে পাঁচ মেয়ে ও তিন ছেলে রেখে আমার বাবা মারা যান। কিছুদিন পর আমার দ্বিতীয় মায়ের ছোট ছেলে মারা যায়। তা হলে ওই ছোট ভাইয়ের সম্পত্তির অংশ আমি পাব কি না? অথবা কে কে তার সম্পত্তির অংশীদার তা জানালে উপকৃত হব। আমার ছোট ভাই বিয়ে করেনি, তার কোনো সন্তান নেই।এ এস সরকারপাবনা","1. <other_822_s10> [পার্বত্য চট্টগ্রাম আঞ্চলিক পরিষদ আইন, ১৯৯৮, ধারা ১০] সম্পত্তি সম্পর্কিত ঘোষণা — চেয়ারম্যান ও প্রত্যেক সদস্য তাহার কার্যভার গ্রহণের পূর্বে তাহার এবং তাঁহার পরিবারের কোন সদস্যের স্বত্ব, দখল ব
2. <other_1156_s25> [মেট্রোরেল আইন, ২০১৫, ধারা ২৫] ক্ষতিপূরণ প্রদান — মেট্রোরেল পরিচালনাকালে উহা হইতে উদ্ভূত দুর্ঘটনার ফলে যদি কোন ব্যক্তি আঘাতপ্রাপ্ত বা ক্ষতিগ্রস্ত হন বা আঘাতপ্রা
3. <other_1201_s27> [বাস র‍্যাপিড ট্রানজিট (বিআরটি) আইন, ২০১৬, ধারা ২৭] ক্ষতিপূরণ প্রদান — বিআরটি পরিচালনাকালে উহা হইতে উদ্ভূত দুর্ঘটনার ফলে যদি কোনো ব্যক্তি আঘাতপ্রাপ্ত বা ক্ষতিগ্রস্ত হন বা আঘাতপ্রাপ্
4. <local_government_1027_s41> [স্থানীয় সরকার (ইউনিয়ন পরিষদ) আইন, ২০০৯, ধারা ৪১] সম্পত্তি সম্পর্কিত ঘোষণা — চেয়ারম্যান ও সদস্য তাঁহার কার্যভার গ্রহণের পূর্বে তাঁহার এবং তাঁহার পরিবারের কোন সদস্যের স্বত্ব, দখল বা স্বার
5. <local_government_827_s10> [উপজেলা পরিষদ আইন, ১৯৯৮, ধারা ১০] সম্পত্তি সম্পর্কিত ঘোষণা — 14[চেয়ারম্যান ও ভাইস চেয়ারম্যান ] তাঁহার কার্যভার গ্রহণের পূর্বে তাঁহার এবং তাঁহার পরিবারের কোন সদস্যের স্বত
6. <labour_1285_s33> [বাংলাদেশ ইপিজেড শ্রম আইন, ২০১৯, ধারা ৩৩] মহিলা শ্রমিকের মৃত্যুর ক্ষেত্রে প্রসূতি কল্যাণ সুবিধা প্রদান — (১) এই অধ্যায়ের অধীন প্রসূতি কল্যাণ সুবিধা পাইবার অধিকারী কোনো মহিলা শ্রমিক সন্তান প্রসবকালে অথবা উহার পরবর্ত
7. <consumer_1452_s106> [কপিরাইট আইন, ২০২৩, ধারা ১০৬] দ্বিতীয় বা পরবর্তী অপরাধের জন্য দণ্ড — যদি কোনো ব্যক্তি এই আইনের অধীন দন্ডিত হইয়া পুনরায় অনুরূপ কোনো অপরাধে দোষী হন তা হইলে তিনি দ্বিতীয় এবং পরবর্
8. <other_1429_s2_p0> [আয়কর আইন, ২০২৩, ধারা ২] সংজ্ঞা — বিষয় বা প্রসঙ্গের পরিপন্থি কোনো কিছু না থাকিলে, এই আইনে,-(১) “অবলোপিত মূল্য” অর্থ তৃতীয় তফসিলের অংশ ১ এ সংজ্
9. <consumer_1010_s92> [ট্রেডমার্ক আইন, ২০০৯, ধারা ৯২] মামলার কোন পক্ষের মৃত্যু — যদি এই আইনের অধীন কোন কার্যধারা বিচারাধীন থাকা অবস্থায় কোন পক্ষ মারা যান, তাহা হইলে নিবন্ধক সংশ্লিষ্ট কোন পক্
10. <land_1455_s10> [ভূমি সংস্কার আইন, ২০২৩, ধারা ১০] বর্গাদারের মৃত্যুর পর বর্গাভূমির চাষ — (১) কোনো বর্গাদার বর্গাচুক্তির মেয়াদ শেষ হইবার পূর্বে মারা গেলে, উহার মেয়াদ শেষ না হওয়া পর্যন্ত অথবা এই আইন",other_173_s2,own_search,answered,2,Sifat
prot_0064_01,Iftiaq,,"আমার বাবা একজন সরকারি চাকরিজীবী। তাঁর সঙ্গে ১৯৮৮ সালে আমার মায়ের বিয়ে হয়। বিয়ের পর কয়েক দিনের মধ্যেই যৌতুকের বিষয়কে কেন্দ্র করে মা-বাবার মধ্যে বনিবনায় দারুণ অভাব দেখা দেয়। ক্রমেই তা এমন পর্যায়ে পৌঁছায় যে মা তাঁকে বিয়ের এক বছর পরই তালাক দিতে বাধ্য হন। সে সময় আমি মাত্র আড়াই মাসের শিশু। জন্ম থেকেই আমি নানার বাড়িতে আছি। আমি এখন স্নাতক (সম্মান) দ্বিতীয় বর্ষের ছাত্রী। আমার ভবিষ্যতের কথা ভেবে মা আর বিয়ে করেননি। তিনি চাকরি করেন না। শুনেছি, স্ত্রী স্বামীকে তালাক দিলেও নাকি আইনত স্বামীর কর্তব্য স্ত্রীর দেনমোহরের টাকা ও খোরপোশ দেওয়া এবং আনুষঙ্গিক কর্তব্যগুলো পালন করা। কিন্তু বাবা তার কোনোটাই করেননি। আমার জন্ম থেকে আজ পর্যন্ত তিনি আমাদের কোনো টাকা-পয়সা দিচ্ছেন না। মৌখিক বা লিখিতভাবে অনেকবার তাঁকে অনুরোধ করা সত্ত্বেও তিনি তা আমলেই নিচ্ছেন না। উল্লেখ্য, আমার কোনো মামা নেই। নানা ’৯৬ সালে অবসর নিয়েছেন। বর্তমানে তিনি অসুস্থ। তাঁর সংসার পেনশনের টাকায় কোনোমতে চলে। আমার ক্যারিয়ার গড়তে টাকার খুবই প্রয়োজন। এখন মায়ের দেনমোহর এবং আমাদের ভরণপোষণ আদায়ের জন্য কী করা উচিত?","1. <other_1124_s7> [মাতৃদুগ্ধ বিকল্প, শিশু খাদ্য, বাণিজ্যিকভাবে , ধারা ৭] শিক্ষামূলক বা অন্যান্য তথ্যাদি — জন্ম-পূর্ববর্তী বা জন্ম-পরবর্তী সেবা দানের উদ্দেশ্যে কোন গর্ভবতী মহিলা বা মাতৃদুগ্ধদানকারী বা শিশুর মায়েদের স
2. <other_893_s7> [শিশু-মাতৃ স্বাস্থ্য ইনস্‌টিটিউট আইন, ২০০২, ধারা ৭] ইনস্‌টিটিউটের দায়িত্ব ও কার্যাবলী — ইনস্টিটিউটের দায়িত্ব ও কার্যাবলী হইবে নিম্নরূপ, যথা:-(১) শিশু ও মায়ের স্বাস্থ্য ও পুষ্টি বিষয়ে শিক্ষা, প্রশ
3. <other_1725_s21_p29> [অর্থ আইন, ২০২৬, ধারা ২১] ২০১২ সনের ৪৭ নং আইনের দ্বিতীয় তফসিলের সংশোধন — ডলার পর্যন্ত ৪৫ (ঘ) মূল্যসীমা ১০০০০০ মা. ডলার এর ঊর্ধ্ব হইতে ২০০০০০ মা. ডলার পর্যন্ত ৬০ (ঙ) মূল্যসীমা ২০০০০০ ম
4. <other_1124_s2> [মাতৃদুগ্ধ বিকল্প, শিশু খাদ্য, বাণিজ্যিকভাবে , ধারা ২] সংজ্ঞা — বিষয় বা প্রসঙ্গের পরিপন্থী কোন কিছু না থাকিলে, এই আইনে,-(ক) ‘‘জাতীয় উপদেষ্টা কমিটি’’ অর্থ ধারা ৮ এর অধীন গঠি
5. <civil_registration_921_s21> [জন্ম ও মৃত্যু নিবন্ধন আইন, ২০০৪, ধারা ২১] (১) এই আইন বা তদধীন প্রণীত বিধির কোন বিধান লঙ্ঘনকারী ব্যক্তি অনধিক ৫ (পাঁচ) হাজার টাকা অর্থদণ্ডে দণ্ডনীয় হইবে
6. <labour_1285_s24> [বাংলাদেশ ইপিজেড শ্রম আইন, ২০১৯, ধারা ২৪] চাকরি হইতে অবসর গ্রহণ — (১) এই অধ্যায়ের অন্যত্র যাহা কিছুই উল্লে­খ থাকুক না কেন, কোনো প্রতিষ্ঠানে নিয়োজিত কোনো শ্রমিকের বয়স ৬০ (ষাট
7. <other_1429_s331> [আয়কর আইন, ২০২৩, ধারা ৩৩১] নিকটতম টাকায় কর গণনা। — এই আইনের অধীন প্রদেয় অর্থ বা প্রত্যর্পণের পরিমাণ নির্ধারণে, টাকার কোনো ভগ্নাংশ ৫০ (পঞ্চাশ) পয়সা বা ততোধিক হই
8. <labour_952_s98> [বাংলাদেশ শ্রম আইন, ২০০৬, ধারা ৯৮] সংবাদপত্র শ্রমিকের জন্য চিকিৎসা পরিচর্যা — প্রত্যেক সংবাদপত্র শ্রমিক এবং তাহার উপর নির্ভরশীলগণ সংবাদপত্র প্রতিষ্ঠানের খরচে বিধি দ্বারা নির্ধারিত পন্থায় 
9. <consumer_1452_s106> [কপিরাইট আইন, ২০২৩, ধারা ১০৬] দ্বিতীয় বা পরবর্তী অপরাধের জন্য দণ্ড — যদি কোনো ব্যক্তি এই আইনের অধীন দন্ডিত হইয়া পুনরায় অনুরূপ কোনো অপরাধে দোষী হন তা হইলে তিনি দ্বিতীয় এবং পরবর্
10. <other_1485_s9> [বাংলাদেশ পুলিশ কল্যাণ তহবিল আইন, ২০২৩, ধারা ৯] মৃত্যু এবং অক্ষমতাজনিত কারণে এককালীন এবং মাসিক কল্যাণ অনুদান — (১) কোনো কর্মচারী বা তাহার মৃত্যু হইলে তাহার স্ত্রী বা, ক্ষেত্রমত, স্বামী, বিধি দ্বারা নির্ধারিত পদ্ধতিতে, নিম",family_1444_s5,own_search,answered,2,Sifat
prot_0018_03,Iftiaq,,"আমি বড় হওয়ার পর দাদার কাছে আমাদের প্রাপ্য সম্পত্তি চাইতে গেলে দাদা ও চাচারা বলেন, আমার বাবা দাদার আগে মারা গেছেন। সে জন্য আমরা কোনো সম্পত্তি পাব না। এর কিছুদিন পর দাদা মারা যান। তিনি কারও নামে কোনো দলিল করে দিয়ে যাননি। আইনগতভাবে আমরা কি সম্পত্তি পাব?","1. <land_1455_s10> [ভূমি সংস্কার আইন, ২০২৩, ধারা ১০] বর্গাদারের মৃত্যুর পর বর্গাভূমির চাষ — (১) কোনো বর্গাদার বর্গাচুক্তির মেয়াদ শেষ হইবার পূর্বে মারা গেলে, উহার মেয়াদ শেষ না হওয়া পর্যন্ত অথবা এই আইন
2. <other_1156_s25> [মেট্রোরেল আইন, ২০১৫, ধারা ২৫] ক্ষতিপূরণ প্রদান — মেট্রোরেল পরিচালনাকালে উহা হইতে উদ্ভূত দুর্ঘটনার ফলে যদি কোন ব্যক্তি আঘাতপ্রাপ্ত বা ক্ষতিগ্রস্ত হন বা আঘাতপ্রা
3. <other_1201_s27> [বাস র‍্যাপিড ট্রানজিট (বিআরটি) আইন, ২০১৬, ধারা ২৭] ক্ষতিপূরণ প্রদান — বিআরটি পরিচালনাকালে উহা হইতে উদ্ভূত দুর্ঘটনার ফলে যদি কোনো ব্যক্তি আঘাতপ্রাপ্ত বা ক্ষতিগ্রস্ত হন বা আঘাতপ্রাপ্
4. <other_1132_s4> [পিতা-মাতার ভরণ-পোষণ আইন, ২০১৩, ধারা ৪] পিতা-মাতার অবর্তমানে দাদা-দাদী, নানা-নানীর ভরণ-পোষণ — প্রত্যেক সন্তান তাহার—(ক) পিতার অবর্তমানে দাদা-দাদীকে; এবং(খ) মাতার অবর্তমানে নানা-নানীকে—ধারা ৩ এ বর্ণিত ভরণ-
5. <other_1427_s9> [হাট ও বাজার (স্থাপন ও ব্যবস্থাপনা) আইন, ২০২৩, ধারা ৯] হাট ও বাজারের পরিসীমার মধ্যকার বিনষ্টযোগ্য সম্পত্তি ব্যবস্থাপনা — হাট ও বাজারের পরিসীমার মধ্যে কোনো সরকারি সম্পত্তি যেমন-ভবন, গাছ, ইত্যাদি নষ্ট হইয়া গেলে অথবা প্রাকৃতিক কারণে 
6. <other_812_s84_p3> [দেউলিয়া বিষয়ক আইন, ১৯৯৭, ধারা ৮৪] দেনাদারের অপরাধ ও উহাদের দণ্ড — উদ্দেশ্য ছিল না, তাহা হইলে উক্তরূপ কোন কাজ অথবা উহাতে তাহার জড়িত থাকা কোন অপরাধ হইবে না; (ঞ) দেনাদার কর্তৃক ব
7. <other_1037_s48_p0> [বীমা আইন, ২০১০, ধারা ৪৮] বীমাকারীর কার্যক্রম তদন্ত ৷ — (১) কর্তৃপক্ষ এই আইনের অধীনে নিবন্ধীকৃত কোন বীমাকারীর পরিচালিত ব্যবসার সম্পূর্ণ বা আংশিক তদন্ত শুরু করিতে পারি
8. <consumer_1010_s92> [ট্রেডমার্ক আইন, ২০০৯, ধারা ৯২] মামলার কোন পক্ষের মৃত্যু — যদি এই আইনের অধীন কোন কার্যধারা বিচারাধীন থাকা অবস্থায় কোন পক্ষ মারা যান, তাহা হইলে নিবন্ধক সংশ্লিষ্ট কোন পক্
9. <other_788_s160> [কোম্পানী আইন, ১৯৯৪, ধারা ১৬০] চার্জযুক্ত সম্পত্তি অর্জনের ক্ষেত্রে চার্জের নিবন্ধন — (১) বাংলাদেশে নিবন্ধিকৃত কোন কোম্পানী যদি এইরূপ চার্জযুক্ত সম্পত্তি অর্জন করে যে, উক্ত সম্পত্তি অর্জনের পর কোম
10. <other_1132_s5> [পিতা-মাতার ভরণ-পোষণ আইন, ২০১৩, ধারা ৫] পিতা-মাতার ভরণ-পোষণ না করিবার দণ্ড — (১) কোন সন্তান কর্তৃক ধারা ৩ এর যে কোন উপ-ধারার বিধান কিংবা ধারা ৪ এর বিধান লংঘন অপরাধ বলিয়া গণ্য হইবে এবং উক",family_305_s4,own_search,answered,3,Sifat
prot_0006_04,Iftiaq,,আমরা দুই বোন ও এক ভাই। আমি শুনেছি মৃত পিতার বসতবাড়ির সম্পত্তিতে মেয়েদের কোনো অধিকার থাকে না। এটা কি সত্য? তানিয়া শারমীন,"1. <other_1266_s2_p3> [বাংলাদেশ মুক্তিযোদ্ধা কল্যাণ ট্রাস্ট আইন, ২০, ধারা ২] সংজ্ঞা — বা স্বামী এবং পিতা-মাতার অবর্তমানে খেতাবপ্রাপ্ত বীর মুক্তিযোদ্ধার সন্তান; বা(উ) (অ)-(ঈ) পর্যন্ত বর্ণিত ব্যক্তি
2. <other_1682_s2_p0> [মানবদেহে অঙ্গ-প্রত্যঙ্গ সংযোজন আইন, ২০২৬, ধারা ২] সংজ্ঞা — বিষয় বা প্রসঙ্গের পরিপন্থি কোনো কিছু না থাকিলে, এই আইনে- (১) “অঙ্গ-প্রত্যঙ্গ” অর্থ মানবদেহের কিডনি, হৃৎপিণ্ড,
3. <other_1349_s2> [আকাশপথে পরিবহণ (মন্ট্রিল কনভেনশন) আইন, ২০২০, ধারা ২] বিষয়বাপ্রসঙ্গেরপরিপন্থিকোনোকিছুনাথাকিলে,এইআইনে-(ক)‘অভ্যন্তরীণপরিবহণ’অর্থআকাশপথে পরিবহণেপক্ষসমূহেরমধ্যেসম্পাদি
4. <other_1148_s2> [বাংলাদেশ সাংবাদিক কল্যাণ ট্রাস্ট আইন, ২০১৪, ধারা ২] সংজ্ঞা — বিষয় বা প্রসঙ্গের পরিপন্থী কোন কিছু না থাকিলে, এই আইনে-(১) ‘‘চেয়ারম্যান’’ অর্থ বোর্ডের চেয়ারম্যান;(২) ‘‘ট্র
5. <other_1378_s2> [বাংলাদেশ চলচ্চিত্র শিল্পী কল্যাণ ট্রাস্ট আইন, ধারা ২] সংজ্ঞা — বিষয় বা প্রসঙ্গের পরিপন্থি কোনো কিছু না থাকিলে, এই আইনে-(ক) “চলচ্চিত্র” অর্থ সেলুলয়েড, অ্যানালগ, ডিজিটাল বা 
6. <other_895_s2> [বেসরকারী শিক্ষা প্রতিষ্ঠান শিক্ষক ও কর্মচারী, ধারা ২] সংজ্ঞা — বিষয় বা প্রসঙ্গের পরিপন্থী কোন কিছু না থাকিলে, এই আইনে,-(ক) “অবসরপ্রাপ্ত” অর্থ কোন আইন বা সরকারী নীতি অনুযায়
7. <criminal_procedure_1238_s96> [গাজীপুর মহানগরী পুলিশ আইন, ২০১৮, ধারা ৯৬] রাস্তায় গবাদি পশু ছাড়িয়া দেওয়ার অথবা কাহারও সম্পত্তিতে অনধিকার প্রবেশ করিতে দেওয়ার দণ্ড — কোনো ব্যক্তি নিজের অথবা স্বীয় দায়িত্বাধীন গবাদি পশু রাস্তায় চরাইলে বা চরাইতে দিলে অথবা কাহারও সম্পত্তিতে অন
8. <criminal_procedure_1239_s96> [রংপুর মহানগরী পুলিশ আইন, ২০১৮, ধারা ৯৬] রাস্তায় গবাদি পশু ছাড়িয়া দেওয়ার অথবা কাহারও সম্পত্তিতে অনধিকার প্রবেশ করিতে দেওয়ার দণ্ড — কোনো ব্যক্তি নিজের অথবা স্বীয় দায়িত্বাধীন গবাদি পশু রাস্তায় চরাইলে বা চরাইতে দিলে অথবা কাহারও সম্পত্তিতে অন
9. <other_1718_s83> [অর্থ (২০২৫-২০২৬ অর্থ বৎসর) আইন, ২০২৬, ধারা ৮৩] ২০২৩ সনের ১২ নং আইনের ধারা ১৩৫ এর সংশোধন — উক্ত আইনের ধারা ১৩৫ এর- (ক) উপ-ধারা (১) এ উল্লিখিত “১০% (দশ শতাংশ)” সংখ্যা, চিহ্ন, বন্ধনী ও শব্দগুলির পরিবর্তে
10. <other_1429_s194> [আয়কর আইন, ২০২৩, ধারা ১৯৪] মৃত ব্যক্তির ক্ষেত্রে আয়কর নির্ধারণ — (১) কোনো ব্যক্তি মৃত্যুবরণ করিলে, তাহার আইনগত প্রতিনিধি এই আইনের অধীন প্রদেয় কোনো কর বা অন্য কোনো অর্থ প্রদান",other_173_s2,own_search,answered,2,Sifat
ajke_0160_01,Iftiaq,,"কিন্তু স্বামী আমাকে কিছু বলেনি এবং ডিভোর্সও দিচ্ছে না। আমি বলেছি, আমার কোনো দাবি নেই। তবু আমার শ্বশুরবাড়ির লোকজন চায়, আমি ডিভোর্স পেপার দিই। কিন্তু আমি দিতে চাই না। এমন অবস্থায় কী করতে পারি?","1. <other_1482_s31> [বাংলাদেশ হোমিওপ্যাথিক চিকিৎসা শিক্ষা আইন, ২০, ধারা ৩১] ব্যবস্থাপত্রে অ-অনুমোদিত ঔষধ লিখিবার দণ্ড — (১) কোনো হোমিওপ্যাথিক চিকিৎসক হোমিওপ্যাথিক ফার্মাকোপিয়াতে অন্তর্ভুক্ত নেই এমন কোনো ঔষধ হোমিওপ্যাথিক চিকিৎসা ব
2. <local_government_1024_s105> [স্থানীয় সরকার (পৌরসভা) আইন, ২০০৯, ধারা ১০৫] বেতনাদি হইতে কর কর্তন — পৌরসভা যদি কোন পেশা, ব্যবসা অথবা বৃত্তির উপর করারোপ করিতে চায়, তাহা হইলে এইরূপ কর প্রদানের জন্য দায়ী ব্যক্তি
3. <other_1429_s127> [আয়কর আইন, ২০২৩, ধারা ১২৭] সরকারি স্ট্যাম্প, কোর্ট ফি, কার্টিজ পেপার বাবদ পরিশোধিত কমিশন হইতে কর সংগ্রহ — সরকারি স্ট্যাম্প, কোর্ট ফি, কার্টিজ পেপার বা অনুরূপ প্রকৃতির অন্য কোনো কিছু বিক্রয়ের বিপরীতে কোনো কমিশন, বাট্
4. <other_1429_s31> [আয়কর আইন, ২০২৩, ধারা ৩১] আয় একীভূতকরণ — (১) এই আইনে ভিন্নরূপ কিছু না থাকিলে, নিম্নবর্ণিত আয়সমূহ কোনো ব্যক্তির মোট আয়ের অন্তর্ভুক্ত হইবে, যথা:-(ক) উক
5. <other_1266_s2_p3> [বাংলাদেশ মুক্তিযোদ্ধা কল্যাণ ট্রাস্ট আইন, ২০, ধারা ২] সংজ্ঞা — বা স্বামী এবং পিতা-মাতার অবর্তমানে খেতাবপ্রাপ্ত বীর মুক্তিযোদ্ধার সন্তান; বা(উ) (অ)-(ঈ) পর্যন্ত বর্ণিত ব্যক্তি
6. <other_1246_s185> [ক্যান্টনমেন্ট আইন, ২০১৮, ধারা ১৮৫] যৌক্তিক সময় নির্ধারণ — যেক্ষেত্রে এই আইন বা তদধীন প্রণীত কোনো বিধি বা উপ-আইন অনুসারে প্রদত্ত কোনো নোটিশ, আদেশ বা লিখিত দাবি দ্বারা কো
7. <other_756_s14> [গণভোট আইন, ১৯৯১, ধারা ১৪] ভোটদান পদ্ধতি — (১) কোন ভোটার ভোট প্রদানের জন্য ভোটকেন্দ্রে উপস্থিত হইলে প্রিজাইডিং অফিসার ভোটদাতার পরিচিতি সম্পর্কে সন্তুষ্ট 
8. <consumer_1010_s14> [ট্রেডমার্ক আইন, ২০০৯, ধারা ১৪] দাবি পরিত্যাগ সাপেক্ষে ট্রেডমার্ক নিবন্ধন — যদি কোন ট্রেডমার্কে-(ক) এমন কোন অংশ থাকে, যাহা স্বত্বাধিকারীর নামে ট্রেডমার্ক হিসাবে পৃথকভাবে নিবন্ধিত হয় নাই
9. <labour_952_s76> [বাংলাদেশ শ্রম আইন, ২০০৬, ধারা ৭৬] ত্রুটিপূর্ণ যন্ত্রাংশ নির্ণয় অথবা উহার স্থায়িত্ব পরীক্ষার ক্ষমতা — যদি কোন পরিদর্শকের নিকট ইহা প্রতীয়মান হয় যে, কোন প্রতিষ্ঠানের কোন ভবন বা উহার অংশ বিশেষ, অথবা উহার কোন পথ, য
10. <other_756_s15> [গণভোট আইন, ১৯৯১, ধারা ১৫] নষ্ট ব্যালট পেপার — (১) যদি কোন ভোটার অসাবধানতাবশতঃ তাহার ব্যালট পেপার এইরূপভাবে নষ্ট করেন যে, উহা একটি বৈধ ব্যালট পেপার হিসাবে ব্",unanswerable,none,unanswerable,1,Sifat
prot_0005_01,Iftiaq,,"আমি ব্যবসায়ী, আমার স্ত্রী সরকারি কর্মকর্তা। মুসলিম। আমার স্ত্রীর বড় ভাইয়ের প্রথম স্ত্রীর (তালাকপ্রাপ্ত) আট বছর বয়সী মেয়েকে আমরা দত্তক হিসেবে নিতে চাই। মেয়েটি অবশ্য এখন আমাদের সঙ্গেই থাকে। দত্তক সন্তানের মা-বাবার নাম কি আমাদের নামে করতে পারি?","1. <other_1037_s57_p2> [বীমা আইন, ২০১০, ধারা ৫৭] বীমা পলিসি গ্রাহক কর্তৃক মনোনয়ন৷ — বলবৎ হইবার পূর্বে কোন ব্যক্তি তাহার নিজের বা তাহার স্ত্রীর বা সন্তানদের বা তাহাদের যে কোন এক জনের লাইফ ইন্স্যু
2. <labour_952_s7> [বাংলাদেশ শ্রম আইন, ২০০৬, ধারা ৭] সার্ভিস বইয়ের ফরম — (১) সার্ভিস বই বিধি দ্বারা নির্ধারিত মাপে ও ফরমে রৰিত হইবে, এবং উহাতে শ্রমিকের একটি ফটো সংযোজিত থাকিবে।(২) সার
3. <other_1045_s18> [চার্টার্ড সেক্রেটারীজ আইন, ২০১০, ধারা ১৮] রেজিস্টার — (১) সচিব, নিম্নবর্ণিত তথ্যাদি উল্লেখপূর্বক, নির্ধারিত পদ্ধতিতে, সদস্যগণের নাম রেজিস্টারে অন্তর্ভুক্ত ও সংরক্ষণ
4. <other_1378_s2> [বাংলাদেশ চলচ্চিত্র শিল্পী কল্যাণ ট্রাস্ট আইন, ধারা ২] সংজ্ঞা — বিষয় বা প্রসঙ্গের পরিপন্থি কোনো কিছু না থাকিলে, এই আইনে-(ক) “চলচ্চিত্র” অর্থ সেলুলয়েড, অ্যানালগ, ডিজিটাল বা 
5. <other_1271_s22> [সরকারি চাকরি আইন, ২০১৮, ধারা ২২] কল্যাণমূলক ব্যবস্থা — (১) সরকার বা, ক্ষেত্রমত, উপযুক্ত কর্তৃপক্ষ সরকারি কর্মচারী ও তাহার পরিবারের সদস্যগণের কল্যাণে শিক্ষা, চিকিৎসা,
6. <other_1485_s2> [বাংলাদেশ পুলিশ কল্যাণ তহবিল আইন, ২০২৩, ধারা ২] সংজ্ঞা — বিষয় বা প্রসঙ্গের পরিপন্থি কোনো কিছু না থাকিলে, এই আইনে,-(১) ""কর্মচারী"" অর্থ-(ক) পুলিশ ইন্সপেক্টরের নিম্ন পদম
7. <other_1429_s31> [আয়কর আইন, ২০২৩, ধারা ৩১] আয় একীভূতকরণ — (১) এই আইনে ভিন্নরূপ কিছু না থাকিলে, নিম্নবর্ণিত আয়সমূহ কোনো ব্যক্তির মোট আয়ের অন্তর্ভুক্ত হইবে, যথা:-(ক) উক
8. <other_895_s2> [বেসরকারী শিক্ষা প্রতিষ্ঠান শিক্ষক ও কর্মচারী, ধারা ২] সংজ্ঞা — বিষয় বা প্রসঙ্গের পরিপন্থী কোন কিছু না থাকিলে, এই আইনে,-(ক) “অবসরপ্রাপ্ত” অর্থ কোন আইন বা সরকারী নীতি অনুযায়
9. <other_1422_s7> [যাকাত তহবিল ব্যবস্থাপনা আইন, ২০২৩, ধারা ৭] যাকাত তহবিল — (১) এই আইনের উদ্দেশ্য পূরণকল্পে, যাকাত তহবিল নামে একটি তহবিল থাকিবে, যাহা নিম্নবর্ণিত উৎস হইতে প্রাপ্ত অর্থে গ
10. <other_1148_s2> [বাংলাদেশ সাংবাদিক কল্যাণ ট্রাস্ট আইন, ২০১৪, ধারা ২] সংজ্ঞা — বিষয় বা প্রসঙ্গের পরিপন্থী কোন কিছু না থাকিলে, এই আইনে-(১) ‘‘চেয়ারম্যান’’ অর্থ বোর্ডের চেয়ারম্যান;(২) ‘‘ট্র",family_64_s7,own_search,answered,2,Sifat
prot_0048_03,Iftiaq,,"১০ বছর আগে আমার বিয়ে হয়, সাত বছরের একটি ছেলে আছে। বিয়ের পর থেকেই স্বামীর সঙ্গে আমার বনিবনা হচ্ছে না। তার পরও সংসার করছিলাম। হঠাৎ করে আমার সঙ্গে একজনের সম্পর্ক হয়। নানা কারণে সাত মাস আগে আমি অসুস্থ হয়ে আবার বাবার বাসায় চলে আসি। এর মধ্যে একবার এতটাই অসুস্থ হয়ে পড়ি যে বাড়ি থেকে বেরিয়ে গিয়েছিলাম। প্রায় সাত দিন কোথায় ছিলাম, কী করেছি কিছুই মনে নেই। এই সময়ে আমার স্বামী আমার বাবা-মায়ের কাছে এসে তালাক চায় এবং নানা ধরনের বাজে কথা বলে। সে আমাদের সব আত্মীয়স্বজনকে বলে বেড়ায় যে আমি নাকি ওই ছেলের সঙ্গে চলে গিয়েছি। এখন সে আমাকে আর তার সংসারে তো নেবেই না বরং বাড়িতে আমার ও আমার বাবার দেওয়া যেসব মালামাল রয়েছে, সেগুলো দিতে নারাজ। সে বলে বেড়াচ্ছে যে তার এই ১০ বছরের বিবাহিত জীবনের সব ক্ষতিপূরণ নাকি আমাকেই বহন করতে হবে। আজ প্রায় সাত-আট মাস যাবৎ আমার ও আমার ছেলের কোনো ভরণপোষণ দেয়নি। এমনকি সে এখন আমার ছেলেকেও আমার কাছ থেকে নিয়ে যেতে চাইছে। এ অবস্থায় আমি কী করতে পারি?নাম প্রকাশে অনিচ্ছুক","1. <other_1132_s5> [পিতা-মাতার ভরণ-পোষণ আইন, ২০১৩, ধারা ৫] পিতা-মাতার ভরণ-পোষণ না করিবার দণ্ড — (১) কোন সন্তান কর্তৃক ধারা ৩ এর যে কোন উপ-ধারার বিধান কিংবা ধারা ৪ এর বিধান লংঘন অপরাধ বলিয়া গণ্য হইবে এবং উক
2. <other_1133_s11> [নির্যাতন এবং হেফাজতে মৃত্যু (নিবারণ) আইন, ২০, ধারা ১১] নিরাপত্তা বিধান — (১) অভিযোগকারী কোনো ব্যক্তি এই আইনে অভিযুক্ত কোনো ব্যক্তির বিরুদ্ধে নিরাপত্তা বিধানকল্পে দায়রা জজ আদালতে পিটি
3. <local_government_1026_s49_p0> [স্থানীয় সরকার (সিটি কর্পোরেশন) আইন, ২০০৯, ধারা ৪৯] কর্পোরেশনের সভা — (১) মেয়র ও অন্যান্য কাউন্সিলরগণের শপথ গ্রহণের ত্রিশ দিনের মধ্যে, অথবা কর্পোরেশন পুনর্গঠনের ক্ষেত্রে, বিদ্যমান
4. <other_1246_s71> [ক্যান্টনমেন্ট আইন, ২০১৮, ধারা ৭১] খালি ইমারত বা বাড়িতে বসবাসের ক্ষেত্রে নোটিশ প্রদান — (১) ধারা ৬৭ বা ৬৮ এর অধীন কর মওকুফ বা প্রত্যর্পণকৃত যে কোনো ইমারত, ফ্ল্যাট বা ভূমির মালিক উক্ত ইমারত, ফ্ল্যাট 
5. <other_1586_s4_p0> [গুম প্রতিরোধ ও প্রতিকার অধ্যাদেশ, ২০২৫, ধারা ৪] গুম, ইত্যাদি ও উহার সাজা — (১) কোনো সরকারি কর্মচারী বা শৃঙ্খলা-বাহিনীর কোনো সদস্য উক্তরূপ পরিচয়ের বলে নিজে, অথবা শৃঙ্খলা-বাহিনী বা সরকার
6. <other_788_s222> [কোম্পানী আইন, ১৯৯৪, ধারা ২২২] সাতজন বা দুইজন অপেক্ষা কম সদস্যের সহযোগে কার্যাবলী পরিচালনার দায়-দায়িত্ব — যদি কোন সময়ে কোন কোম্পানীর সদস্য-সংখ্যা হ্রাসপ্রাপ্ত হইয়া প্রাইভেট কোম্পানীর ত্মেগত্রে, দুই এর নীচে অথবা, অন
7. <labour_952_s216_p1> [বাংলাদেশ শ্রম আইন, ২০০৬, ধারা ২১৬] অপরাধ বিচার ছাড়া অন্য কোন বিষয়ে শ্রম আদালতের ক্ষমতা ওকার্যক্রম — বা আপত্তি পেশ করিতে ব্যর্থ হয়, তাহা হইলে মামলাটি একতরফা শুনানীক্রমে নিষ্পত্তি করা হইবে।(৬) কোন পক্ষের আবেদনক্
8. <other_888_s11> [আইন-শৃঙ্খলা বিঘ্নকারী অপরাধ (দ্রুত বিচার) আই, ধারা ১১] আসামীর অনুপস্থিতিতে বিচার — যদি আদালতের এ মর্মে বিশ্বাস করিবার যুক্তিসংগত কারণ থাকে যে,-(ক) অভিযুক্ত ব্যক্তি তাহার গ্রেফতার বা তাহাকে বিচা
9. <other_923_s6> [বেসরকারী শিক্ষক নিবন্ধন ও প্রত্যয়ন কর্তৃপক্ষ, ধারা ৬] নির্বাহী বোর্ড গঠন — (১) নিম্নবর্ণিত সদস্যদের সমন্বয়ে নির্বাহী বোর্ড গঠিত হইবে, যথা:-(ক) চেয়ারম্যান, (পদাধিকার বলে);(খ) সদস্য (প্
10. <other_758_s5> [রাষ্ট্রপতি নির্বাচন আইন, ১৯৯১, ধারা ৫] মনোনয়নপত্র আহ্বান ইত্যাদি — (১) রাষ্ট্রপতি নির্বাচন অনুষ্ঠানের জন্য কমিশন সংসদ-সদস্যগণকে আহ্বান জানাইয়া সরকারী গেজেটে একটি প্রজ্ঞাপন জারী",family_1444_s5,own_search,answered,2,Sifat
prot_0114_07,Iftiaq,,বা সংশ্লিষ্ট আদালতকে দ্রুত সাক্ষ্য সমাপ্ত করে সুনির্দিষ্ট তারিখের মধ্যে মামলা নিষ্পত্তি করতে আমি কি উচ্চ আদালতে শরণাপন্ন হতে পারি?,"1. <other_857_s77_p2> [বাংলাদেশ টেলিযোগাযোগ নিয়ন্ত্রণ আইন, ২০০১, ধারা ৭৭] পারিবে।(৬) ম্যাজিস্ট্রেট আদালতের তলব অনুসারে উপস্থিত কোন মামলার সাক্ষীকে তাহার সাক্ষ্য গ্রহণ ব্যতিরেকে ফেরত দে
2. <other_1061_s14_p1> [পরিবেশ আদালত আইন, ২০১০, ধারা ১৪] পরিবেশ আদালতের কার্যপদ্ধতি ও ক্ষমতা — পরিবেশ আদালত কর্তৃক বিচার্য হইবে।(৬) ক্ষতিপূরণ সংক্রান্ত মামলা বিচার ও নিষ্পত্তির ক্ষেত্রে এই আইনের বিধান সাপে
3. <other_1061_s10> [পরিবেশ আদালত আইন, ২০১০, ধারা ১০] স্পেশাল ম্যাজিষ্ট্রেট আদালতের বিচার পদ্ধতি — (১) স্পেশাল ম্যাজিস্ট্রেট আদালতের তলব অনুসারে উপস্থিত কোন মামলার সাক্ষীকে তাহার সাক্ষ্য গ্রহণ ব্যতিরেকে ফেরত ব
4. <other_896_s10> [দ্রুত বিচার ট্রাইব্যুনাল আইন, ২০০২, ধারা ১০] মামলা নিষ্পত্তির মেয়াদ — (১) দ্রুত বিচার ট্রাইব্যুনালে স্থানান্তরিত কোন মামলা স্থানান্তরের তারিখ হইতে নব্বই কার্য দিবসের মধ্যে নিষ্পত্ত
5. <other_896_s8> [দ্রুত বিচার ট্রাইব্যুনাল আইন, ২০০২, ধারা ৮] বিচার কার্যক্রম — (১) যে পর্যায়ে কোন একটি মামলা দ্রুত বিচার ট্রাইব্যুনালে স্থানান্তর করা হইবে সেই পর্যায় হইতে উক্ত মামলার বিচা
6. <other_1181_s96> [বাংলাদেশ কোস্ট গার্ড আইন, ২০১৬, ধারা ৯৬] মালামালের হেফাজত ও নিষ্পত্তি সম্পর্কে আদেশ — কোস্ট গার্ড আদালতের বিচারে যখন কোন মালামাল সংক্রান্ত অপরাধ সংঘটিত হয় বা যখন কোন অপরাধ সংঘটনে উহাকে ব্যবহার কর
7. <other_1067_s97> [বর্ডার গার্ড বাংলাদেশ আইন, ২০১০, ধারা ৯৭] বিচারাধীন অপরাধের সহিত সংশ্লিষ্ট মালামালের হেফাজত ও নিষ্পত্তি সম্পর্কে আদেশ — বর্ডার গার্ড আদালতে বিচারে যখন কোন মালামাল সংক্রান্ত অপরাধ সংঘটিত হয় বা যখন কোন অপরাধ সংঘটনে উহাকে ব্যবহার কর
8. <other_850_s23> [সালিস আইন, ২০০১, ধারা ২৩] সালিসী ট্রাইব্যুনালের সাধারণ দায়িত্ব — (১) সালিসী ট্রাইব্যুনাল উহার নিকট দাখিলকৃত যে কোন বিরোধ ন্যায়সংগত এবং পক্ষপাতহীনভাবে নিষ্পত্তি করিবে এবং এতদু
9. <money_recovery_901_s19> [অর্থ ঋণ আদালত আইন, ২০০৩, ধারা ১৯] একতরফা ডিক্রী সম্পর্কিত বিধান — (১) মামলার শুনানীর জন্য ধার্য কোন তারিখে বিবাদী আদালতে অনুপস্থিত থাকিলে, কিংবা মামলা শুনানীর জন্য গৃহীত হইবার 
10. <other_1131_s38> [বৈদেশিক কর্মসংস্থান ও অভিবাসী আইন, ২০১৩, ধারা ৩৮] বিচার — (১)Code of Criminal Procedure, 1898(Act No. V of 1898) এ যাহা কিছুই থাকুক না কেন, এই আইনের অধীন অপরাধসমূহ প্রথ","criminal_procedure_75_s561A, constitutional_957_s109",own_search,answered,1,Sifat
lawy_0218_01,Iftiaq,,"বার বার আমিন দিয়ে জমি মেপে হয়রান, করণীয় কী?","1. <other_788_s335_p1> [কোম্পানী আইন, ১৯৯৪, ধারা ৩৩৫] দণ্ড — বার মাসের মধ্যে অথবা পরবর্তী যে কোন সময়ে একশত বা ততোধিক টাকা মূল্যের কোম্পানীর সম্পত্তির কোন অংশ প্রতারণামূলক
2. <other_724_s64> [রাংগামাটি পার্বত্য জেলা পরিষদ আইন, ১৯৮৯, ধারা ৬৪] (১) আপাততঃ বলবত্ অন্য কোন আইনে যাহা কিছুই থাকুক না কেন-(ক) রাংগামাটি পার্বত্য জেলার এলাকাধীন বন্দোবস্তযোগ্য খা
3. <other_726_s64> [বান্দরবান পার্বত্য জেলা পরিষদ আইন, ১৯৮৯, ধারা ৬৪] (১) আপাততঃ বলবত্ অন্য কোন আইনে যাহা কিছুই থাকুক না কেন-(ক) বান্দরবন পার্বত্য জেলার এলাকাধীন বন্দোবস্তযোগ্য খাস
4. <other_725_s64> [খাগড়াছড়ি পার্বত্য জেলা পরিষদ আইন, ১৯৮৯, ধারা ৬৪] (১) আপাততঃ বলবত্ অন্য কোন আইনে যাহা কিছুই থাকুক না কেন-(ক) খাগড়াছড়ি পার্বত্য জেলার এলাকাধীন বন্দোবস্তযোগ্য খ
5. <other_1162_s2> [নির্দিষ্টকরণ (সম্পূরক) আইন, ২০১৫, ধারা ২] ২০১৪-২০১৫ অর্থবৎসরের জন্য সংযু্ক্ত তহবিল হইতে ৯৫০৮,৫৭,১২,০০০ (নয় হাজার পাঁচশত আট কোটি সাতান্ন লক্ষ বার হাজার) টাকা প্রদান — ২০১৫ সনের ৩০ জুন তারিখে সমাপ্য অর্থবৎসরে যেই সকল ব্যয় উক্ত বৎসরের অর্থ পরিশোধের আওতাধীন হইতে পারে সেই সকল ব্য
6. <other_1395_s7> [বাংলাদেশ সুপ্রীম কোর্টের বিচারক (পারিতোষিক ও, ধারা ৭] বাংলা নববর্ষ ভাতা — বিচারকগণ প্রতি বৎসর এক বার এক মাসের বেতনের শতকরা ২০ (বিশ) ভাগ হারে বাংলা নববর্ষ ভাতা প্রাপ্য হইবেন।
7. <other_1373_s41> [আয়োডিনযুক্ত লবণ আইন, ২০২১, ধারা ৪১] অপরাধপুনঃ সংঘটনের দণ্ড — এই আইনে উল্লিখিত কোনো অপরাধের জন্য দণ্ডিত কোনো ব্যক্তি দ্বিতীয় বার কিংবা পৌনঃপুনিক অপরাধ সংঘটন করিলে তিনি পর্
8. <other_940_s40> [অর্থ আইন, ২০০৬, ধারা ৪০] ১৯৯১ সনের ২২নং আইনের ধারা ৪২ এর সংশোধন — মূল্য সংযোজন কর আইনের ধারা ৪২ এর উপ-ধারা (৪) এর “বার” শব্দের পরিবর্তে “নয়” শব্দ প্রতিস্থাপিত হইবে।
9. <other_1124_s13> [মাতৃদুগ্ধ বিকল্প, শিশু খাদ্য, বাণিজ্যিকভাবে , ধারা ১৩] অপরাধ পুনঃ সংঘটনের দণ্ড — এই আইনে উল্লিখিত কোন অপরাধের জন্য কোন ব্যক্তি দ্বিতীয় বার বা পুনঃ পুনঃ একই ধরনের অপরাধ সংঘটন করিলে তিনি পর্যা
10. <other_732_s16> [অর্থ আইন, ১৯৮৯, ধারা ১৬] ১৯৮৮ সনের ৩৩ নং আইনের সংশোধন — অর্থ আইন, ১৯৮৮(১৯৮৮ সনের ৩৩ নং আইন) এর ধারা ১২ এর তফসিলে ‘৪' সংখ্যা, তিন বার উল্লেখিত, এর পরিবর্তে ‘৬'সংখ্যা প",none,none,not_found,1,Sifat
prot_0067_03,Iftiaq,,"আমি একজন চাকরিজীবী নারী। গত ২০০৯ সালের ২৮ ফেব্রুয়ারি আমার স্বামীকে তালাক দিই। আমার তিন ছেলেমেয়ে এখন আমার কাছে আছে। ২০০৯ সালের সেপ্টেম্বর মাসে আমি বাচ্চাদের ভরণপোষণ ও মোহরানার টাকার জন্য মামলা করি। আমার উকিলকে চার হাজার টাকা দিয়েছি। তিনি বলেছেন, আর কোনো টাকা লাগবে না। শুধু আমাকে একবার আদালতে যেতে হবে। কিন্তু আমি তিনবার আদালতে উপস্থিত হই বাচ্চাদের নিয়ে। শেষবার সিদ্ধান্ত হয়, বাচ্চারা আমার কাছে থাকবে এবং ২৩-৯-০৯ তারিখ থেকে প্রতি মাসে বাচ্চাদের জন্য ছয় হাজার টাকা ও মোহরানার ৬০ হাজার টাকা এবং আমার তিন মাসের খোরপোষ বাবদ ১৫০০ টাকাসহ মোট ১ লাখ৩ হাজার ৫০০ টাকা আমাকে দিতে হবে।এরপর আমার উকিল ৯৮ হাজার ৫০০ টাকা আমার আগের স্বামীর কাছে থেকে গ্রহণ করেন। কিন্তু আমাকে দেন ৭৮ হাজার টাকা এবং আমাকে মামলা তুলে নেওয়ার কথা বলেন। পরের মাস থেকে আমার প্রাপ্য টাকা ওঠানোর কথা। কিন্তু কোর্টের সিদ্ধান্তের পর ১০ মাস চলে গেলেও আমি টাকা পেয়েছি ছয় মাসের।প্রশ্ন হলো, আমার চার মাসের টাকা কীভাবে পাব? উকিল ৯৮ হাজার ৫০০ টাকার জায়গায় আমাকে ৭৮ হাজার টাকা দিয়েছে, বাকি ২৫ হাজার টাকা তিনি রেখেছেন। এই ২৫ হাজার টাকা কোন হিসেবে রেখেছেন?প্রতি মাসে ঠিকমতো টাকা না দিলে আমি কোথায় অভিযোগ করব?নাম প্রকাশে অনিচ্ছুক","1. <other_1395_s13> [বাংলাদেশ সুপ্রীম কোর্টের বিচারক (পারিতোষিক ও, ধারা ১৩] নিয়ামক ভাতা — বিচারকগণ প্রতি মাসে নিম্নবর্ণিত হারে নিয়ামক ভাতা (Sumptuary allowance) প্রাপ্য হইবেন, যথা:-(ক) প্রধান বিচারপত
2. <other_1395_s3> [বাংলাদেশ সুপ্রীম কোর্টের বিচারক (পারিতোষিক ও, ধারা ৩] বেতন — বিচারকগণ প্রতি মাসে নিম্নবর্ণিত হারে বেতন প্রাপ্য হইবেন, যথা:-(ক) প্রধান বিচারপতি- ১,১০,০০০ (এক লক্ষ দশ হাজার)
3. <other_1429_s131> [আয়কর আইন, ২০২৩, ধারা ১৩১] ট্রেড লাইসেন্স 1 [***] নবায়নের সময় কর সংগ্রহ — 151[ট্রেড] লাইসেন্স নবায়নের জন্য দায়িত্বপ্রাপ্ত কোনো ব্যক্তি প্রতিটি152[ট্রেড] লাইসেন্স নবায়নের জন্য নিম্নব
4. <other_1052_s10_p1> [বাংলাদেশ গ্যাস আইন, ২০১০, ধারা ১০] কতিপয় অপরাধের দণ্ড — গ্রাহক দোষী সাব্যস্ত হইলে, তিনি অনধিক ৩ (তিন) মাস কারাদন্ডে বাঅনধিক ১০ (দশ) হাজার টাকা অর্থদন্ডে বা উভয় দন্ডে
5. <other_1393_s14_p0> [মহাসড়ক আইন, ২০২১, ধারা ১৪] অপরাধ ও দণ্ড — (১) কোনো ব্যক্তি ধারা ৯ এর দফা (১) বা (২) এর বিধান লঙ্ঘন করিলে তাহার উক্ত কার্য হইবে একটি অপরাধ এবং উক্ত অপরাধ
6. <other_1429_s266> [আয়কর আইন, ২০২৩, ধারা ২৬৬] রিটার্ন, ইত্যাদি দাখিলে ব্যর্থতার জন্য জরিমানা — (১) যেইক্ষেত্রে কোনো ব্যক্তি যুক্তিসঙ্গত কারণ ব্যতীত, ধারা ১৬৬, ১৭২, ১৯১, ১৯৩ বা ২১২ এর অধীন কোনো ব্যক্তি রিটা
7. <other_1395_s9> [বাংলাদেশ সুপ্রীম কোর্টের বিচারক (পারিতোষিক ও, ধারা ৯] যানবাহন সুবিধা — (১) সরকারের সচিব পদমর্যাদার কর্মকর্তা যেইরূপ শর্তে সরকারি যানবাহন সুবিধা প্রাপ্য হন সেইরূপ শর্তে বিচারকগণ সরকা
8. <other_785_s2> [নির্দিষ্টকরণ (সম্পূরক) আইন, ১৯৯৪, ধারা ২] ১৯৯৩-৯৪ সালের জন্য সংযুক্ত তহবিল হইতে ৪৫৬৬,৯৮,৪২,০০০ টাকা প্রদান — তফসিলের কলাম ২ এ বর্ণিত কার্যাদি ও উদ্দেশ্যসমূহ সম্পর্কে ১৯৯৪ সালের ৩০শে জুন তারিখে সমাপ্য অর্থ বত্সর চলাকালীন
9. <other_766_s2> [নির্দিষ্টকরণ আইন, ১৯৯২, ধারা ২] ১৯৯২-৯৩ অর্থ বত্সরের জন্য সংযুক্ত তহবিল হইতে উত্তোলনকৃত অর্থের অতিরিক্ত ২১০১৮,৮৭,০০,০০০ টাকা উত্তোলন — নির্দিষ্টকরণ (অগ্রিম মঞ্জুরী দান) আইন, ১৯৯২(১৯৯২ সালের ২০ নং আইন) দ্বারা সংযুক্ত তহবিল হইতে উত্তোলনকৃত চার হাজ
10. <other_1007_s63> [অর্থ (২০০৭-২০০৮ অর্থ বৎসর) আইন, ২০০৯, ধারা ৬৩] ১৯৯১ সনের ২২ নং আইনের ধারা ৩৭ এর সংশোধন৷ — মূল্য সংযোজন কর আইনের ধারা ৩৭ এর-(ক) উপ-ধারা (১) এর 'অন্যূন পাঁচ হাজার টাকা এবং অনূর্ধ্ব পঞ্চাশ হাজার টাকা' শব","family_1444_s17, other_387_s32",own_search,answered,2,Sifat
prot_0077_06,Iftiaq,,"কিছুদিন আগে স্বাস্থ্য খাতে লোক নিয়োগের পরীক্ষা হয়। এ সময় একজন নেতা আমাকে স্বাস্থ্য খাতে চাকরি দেবে বলে লিখিত পরীক্ষার আগেই ৫০ হাজার টাকা হাতিয়ে নেন। তিনি বলেন আমাকে লিখিত পরীক্ষায় পাস করাবেন। কিন্তু লিখিত পরীক্ষায় পাস করাতে পারেননি। এখন ওই নেতা আমাকে টাকা ফেরত দিচ্ছেন না। টাকা নেওয়ার আগে কথা ছিল, চাকরি না দিতে পারলে টাকা ফেরত দিয়ে দেবেন। আজ টাকা দেবেন, কাল দেবেন—এই বলে তিনি তিন মাস সময় পার করেন। কিন্তু টাকা দিচ্ছেন না। এখন আমি কি তাঁর বিরুদ্ধে আইনি ব্যবস্থা নিতে পারব? টাকা দেওয়ার সময় দলিল করা হয়নি। দু-তিনজন লোক সাক্ষী ছিল। এখন টাকা ফেরত পাওয়ার উপায় কী? আমি কি তাঁর বিরুদ্ধে প্রতারণার মামলা করতে পারব?","1. <other_1476_s171_p5> [কাস্টমস আইন, ২০২৩, ধারা ১৭১] অপরাধসমূহের জরিমানা বা দণ্ড — পণ্য পুনরায় বাংলাদেশে নামান বা অবতরণ করান।সংশ্লিষ্ট ব্যক্তির বিরুদ্ধে, প্রযোজ্য ক্ষেত্রে, সংশ্লিষ্ট প্রত্যর্প
2. <criminal_procedure_1239_s50> [রংপুর মহানগরী পুলিশ আইন, ২০১৮, ধারা ৫০] সনদপত্র, প্রভৃতি ফেরত প্রদানে গাফিলতি বা অস্বীকৃতি জ্ঞাপনের দণ্ড — কোনো পুলিশ অফিসার বাহিনীর সহিত সম্পর্ক ছিন্ন হইবার অব্যবহিত পরে তাহার সনদপত্র, অস্ত্র, পোশাক ও অন্যান্য দ্রব্য
3. <criminal_procedure_1238_s50> [গাজীপুর মহানগরী পুলিশ আইন, ২০১৮, ধারা ৫০] সনদপত্র, প্রভৃতি ফেরত প্রদানে গাফিলতি বা অস্বীকৃতি জ্ঞাপনের দণ্ড — কোনো পুলিশ অফিসার বাহিনীর সহিত সম্পর্ক ছিন্ন হইবার অব্যবহিত পরে তাহার সনদপত্র, অস্ত্র, পোশাক ও অন্যান্য দ্রব্য
4. <criminal_procedure_1239_s47> [রংপুর মহানগরী পুলিশ আইন, ২০১৮, ধারা ৪৭] মিথ্যা বিবৃতি, ইত্যাদির জন্য দণ্ড — কোনো ব্যক্তি পুলিশ অফিসার হিসাবে চাকরি লাভের অথবা চাকরি হইতে অব্যাহতি লাভের জন্য কোনো মিথ্যা বিবৃতিদান বা মিথ্
5. <criminal_procedure_1238_s47> [গাজীপুর মহানগরী পুলিশ আইন, ২০১৮, ধারা ৪৭] মিথ্যা বিবৃতি, ইত্যাদির জন্য দণ্ড — কোনো ব্যক্তি পুলিশ অফিসার হিসাবে চাকরি লাভের অথবা চাকরি হইতে অব্যাহতি লাভের জন্য কোনো মিথ্যা বিবৃতিদান বা মিথ্
6. <criminal_procedure_1013_s52> [বরিশাল মহানগরী পুলিশ আইন, ২০০৯, ধারা ৫২] নিয়োগপত্র, প্রভৃতি ফেরত দিতে গাফিলতি বা অস্বীকৃতি জ্ঞাপনের দণ্ড — কোন পুলিশ কর্মকর্তা বাহিনীর সহিত সম্পর্ক ছিন্ন হওয়ার অব্যবহিত পরে তাহার নিয়োগপত্র, অস্ত্র, পোশাক ও অন্যান্য 
7. <other_1478_s55_p3> [ফাইন্যান্স কোম্পানি আইন, ২০২৩, ধারা ৫৫] জরিমানা — বা অন্য কোনো দলিল দাখিল করিতে অথবা কোনো বিবরণ বা তথ্য সরবরাহ করিতে, অথবা ফাইন্যান্স কোম্পানির ব্যবসা সংক্রান্ত
8. <tenancy_748_s19_p3> [বাড়ী ভাড়া নিয়ন্ত্রণ আইন, ১৯৯১, ধারা ১৯] কতিপয় পরিস্থিততে ভাড়াটিয়া কর্তৃক ভাড়া জমা — যতক্ষণ পর্যন্ত না বাড়ী-মালিক নিয়ন্ত্রকের নিকট হাজির হইয়া তাহার পরিচয়, অবস্থান এবং বর্তমান ঠিকানা নিয়ন্ত্র
9. <other_1715_s44_p4> [বন্যপ্রাণী (সংরক্ষণ ও নিরাপত্তা) আইন, ২০২৬, ধারা ৪৪] জরিমানা বা দণ্ড — ) লক্ষ টাকা অর্থদণ্ড অথবা উভয় দণ্ডে দণ্ডিত হইবেন । (১) (২) ( ৩ ) ৪২ ( ১ ) কোনো ব্যক্তি লাইসেন্স বা পারমিট ব্য
10. <other_1149_s33> [পল্লী  সঞ্চয় ব্যাংক আইন, ২০১৪, ধারা ৩৩] দণ্ড, ইত্যাদি — (১) যদি কোন ব্যক্তি এই আইনের অধীন প্রার্থিত বা মঞ্জুরীকৃত কোন ঋণ বা সুবিধার জন্য ব্যাংককে প্রদত্ত কোন মালিকানা",criminal_procedure_11_s420,own_search,answered,2,Sifat
dail_0594_01,Iftiaq,,Copyright: Any unauthorized use or reproduction of The Daily Star content for commercial purposes is strictly prohibited and constitutes copyright infringement liable to legal action. One of my Muslim friends is in love with a Hindu girl for quite a long time. Now they have decided to marry each other. Their family members do not want them to be married. They are adults and have already left their parents’ houses. Can they marry as they belong to two separate religions?,"1. <land_90_s21> [The Registration Act, 1908, ধারা 21] Description of property and maps or plans — (1) No non-testamentary document relating to immoveable property shall be accepted for registration unless it 
2. <family_138_s160> [The Succession Act, 1925, ধারা 160] Non-ademption of specific bequest of goods described as connected with certain place, by reason of removal — A specific bequest of goods under a description connecting them with a certain place is not adeemed by reason 
3. <other_48_s45> [1The Transfer of Property Act, 1882, ধারা 45] Joint transfer for consideration — Where immoveable property is transferred for consideration to two or more persons, and such consideration is p
4. <other_26_s148> [1The Contract Act, 1872, ধারা 148] ""Bailment"", ""bailor"", and ""bailee"" defined — A ""bailment"" is the delivery of goods by one person to another for some purpose, upon a contract that they sha
5. <other_126_s22B> [The Mines Act, 1923, ধারা 22B] Hours of work above ground — (1) A person employed above ground in a mine shall not be allowed to work for more than fifty-four hours in an
6. <other_24_s50> [1The Evidence Act, 1872, ধারা 50] Opinion on relationship, when relevant — When the Court has to form an opinion as to the relationship of one person to another the opinion, expressed b
7. <other_24_s10> [1The Evidence Act, 1872, ধারা 10] Things said or done by conspirator in reference to common design — Where there is reasonable ground to believe that two or more persons have conspired together to commit an offe
8. <criminal_procedure_11_s485> [1The Penal Code, 1860, ধারা 485] Making or possession of any instrument for counterfeiting a trade mark or property mark — Whoever makes or has in his possession any die, plate or other instrument for the purpose of counterfeiting a 
9. <other_24_s109> [1The Evidence Act, 1872, ধারা 109] Burden of proof as to relationship in the cases of partners, landlord and tenant, principal and agent — When the question is whether persons are partners, landlord and tenant, or principal and agent, and it has bee
10. <other_36_s42_p0> [The Specific Relief Act, 1877, ধারা 42] Discretion of Court as to declaration of status or right. Bar to such declaration — Any person entitled to any legal character, or to any right as to any property, may institute a suit against a",other_25_s2,own_search,answered,3,Sifat
prot_0130_02,Iftiaq,,"আমার বয়স ২৮ বছর আর মেয়েটির বয়স ১৪। আমরা দুজন দুজনকে ভালোবাসি। হঠাৎ দুর্ঘটনা ঘটে। আমি মেয়েপক্ষের সবার সঙ্গে দেখা করতে গেলে মেয়ের মা, বোন ও দূর সম্পর্কের এক মামা আমাকে জোর করে কাবিননামায় সই করান এবং বিয়ের কাজও সম্পন্ন হয়। আমি তাঁদের কাছে সময় চাইলে জোর করে বিয়ে দেন। আমার বিয়ের রেজিস্ট্রি এখনো হয়নি। আমি মেয়ের বাসায় আসা-যাওয়া করছি। বিয়ের কাবিন তিন লাখ টাকা এবং উসুল ১০ হাজার টাকা। আমার বিয়ের রেজিস্ট্রি করাতে হলে নাকি ভোটার আইডি কার্ড লাগবে। আমি কিছুই দিইনি। মেয়েপক্ষ আমার নতুন জন্মনিবন্ধন ২৬ বছর দেখিয়ে বিয়ে দেয়। কিন্তু ভোটার আইডি কার্ড অনুযায়ী আমার বয়স আরও বেশি। আমি এখন তাঁদের সবকিছু জেনে মেয়েকে নিতে রাজি নই। এই অবস্থায় কোনো আইনগত ব্যবস্থা নিতে পারব কি না, পরামর্শ দিলে উপকৃত হব। আর আমি কয়েক দিনের মধ্যে সামরিক বাহিনী থেকে বিদেশে যাচ্ছি। ওদের কাছে আমার একটি ডায়েরি ও ছবি আছে। সমস্যা হবে কি? এ ব্যাপারে আমার কী করণীয়?","1. <other_1005_s11> [ভোটার তালিকা আইন, ২০০৯, ধারা ১১] ভোটার তালিকা হালনাগাদকরণ — (১) কম্পিউটার ডাটাবেজ সংরক্ষিত বিদ্যমান সকল ভোটার তালিকা, প্রতি বৎসর6[২ জানুয়ারি হইতে ২ মার্চ] পর্যন্ত সময়কা
2. <labour_1285_s24> [বাংলাদেশ ইপিজেড শ্রম আইন, ২০১৯, ধারা ২৪] চাকরি হইতে অবসর গ্রহণ — (১) এই অধ্যায়ের অন্যত্র যাহা কিছুই উল্লে­খ থাকুক না কেন, কোনো প্রতিষ্ঠানে নিয়োজিত কোনো শ্রমিকের বয়স ৬০ (ষাট
3. <criminal_procedure_1238_s87> [গাজীপুর মহানগরী পুলিশ আইন, ২০১৮, ধারা ৮৭] সূর্যাস্ত হইতে সূর্যোদয় পর্যন্ত সময়ের মধ্যে সন্দেহজনক চলাফেরার দণ্ড — কোনো ব্যক্তিকে সূর্যাস্ত ও সূর্যোদয়ের মধ্যবর্তী সময়ে সন্তোষজনক কারণ ব্যতীত নিম্নবর্ণিত অবস্থায় পাওয়া গেলে,
4. <criminal_procedure_1239_s87> [রংপুর মহানগরী পুলিশ আইন, ২০১৮, ধারা ৮৭] সূর্যাস্ত হইতে সূর্যোদয় পর্যন্ত সময়ের মধ্যে সন্দেহজনক চলাফেরার দণ্ড — কোনো ব্যক্তিকে সূর্যাস্ত ও সূর্যোদয়ের মধ্যবর্তী সময়ে সন্তোষজনক কারণ ব্যতীত নিম্নবর্ণিত অবস্থায় পাওয়া গেলে,
5. <criminal_procedure_1012_s89> [সিলেট মহানগরী পুলিশ আইন, ২০০৯, ধারা ৮৯] সূর্যাস্ত হইতে সূর্যোদয় পর্যন্ত সময়ের মধ্যে সন্দেহজনক চলাফেরার দণ্ড — কোন ব্যক্তিকে সূর্যাস্ত ও সূর্যোদয়ের মধ্যবর্তী সময়ে নিম্নবর্ণিত অবস্থায় পাওয়া গেলে সেই ব্যক্তি এক বৎসর পর্
6. <criminal_procedure_1013_s89> [বরিশাল মহানগরী পুলিশ আইন, ২০০৯, ধারা ৮৯] সূর্যাস্ত হইতে সূর্যোদয় পর্যন্ত সময়ের মধ্যে সন্দেহজনক চলাফেরার দণ্ড — কোন ব্যক্তিকে সূর্যাস্ত ও সূর্যোদয়ের মধ্যবর্তী সময়ে নিম্নবর্ণিত অবস্থায় পাওয়া গেলে সেই ব্যক্তি এক বৎসর পর্
7. <criminal_procedure_765_s89> [রাজশাহী মহানগরী পুলিশ আইন, ১৯৯২, ধারা ৮৯] সূর্যাস্ত হইতে সূর্যোদয় পর্যন্ত সময়ের মধ্যে সন্দেহজনক চলাফেরার দণ্ড — কোন ব্যক্তিকে সূর্যাস্ত ও সূর্যোদয়ের মধ্যবর্তী সময়ে নিম্নবর্ণিত অবস্থায় পাওয়া গেলে, সেই ব্যক্তি এক বত্সর প
8. <other_831_s7_p2> [অর্থ আইন, ১৯৯৯, ধারা ৭] ১৯৯১ সনের ২২ নং আইন সংশোধন — কিছুই থাকুক না কেন, প্রতিষ্ঠিত নিবন্ধিত ব্যক্তির তেগত্রে, প্রতিষ্ঠিত নিবন্ধিত ব্যক্তি বিবেচিত হওয়ার বত্সরে এই
9. <labour_952_s36> [বাংলাদেশ শ্রম আইন, ২০০৬, ধারা ৩৬] যদি কোন ব্যক্তি শিশু নাকি কিশোর এ সম্পর্কে কোন প্রশ্ন উত্থাপিত হয়, তাহা হইলে উক্ত ব্যক্তির জন্ম নিবন্ধন সনদ, 
10. <criminal_procedure_1013_s105> [বরিশাল মহানগরী পুলিশ আইন, ২০০৯, ধারা ১০৫] কতিপয় মামলার নিষ্পত্তি — (১) ধারা ৫৮, ৫৯, ৬২, ৬৩, ৬৬, ৭১,৭২, ৭৩, ৭৪, ৭৬, ৮০, ৮১, ৮২, ৮৩, ৮৫, ৮৬, ৮৯, ৯৫, ৯৬, ৯৭, ৯৯, বা ১০০ এর অধীন দণ্","women_children_1207_s8, women_children_1207_s7",own_search,answered,2,Sifat
prot_0028_01,Iftiaq,,"২০১০ সালে আমার স্বামী তাঁর এক অধীনস্থ কর্মচারীকে বিয়ে করেন। তখন আমাদের দাম্পত্যজীবনের বয়স প্রায় ৩০ বছর। বিয়ের পর তিনি বাসা থেকে বেরিয়ে যান। তিনি আমার অনুমতি ছাড়াই দ্বিতীয় বিয়ে করেন, আমার সঙ্গে খারাপ ব্যবহার করেন এবং বিভিন্ন সময়ে তালাকের হুমকি দেন। আমার আর্থিক অবস্থা ভালো নয় বলে আমার স্বামী বুঝে নিয়েছেন যে আমি তাঁকে কোনো শাস্তি দিতে পারব না। তিনি আমার খরচ বহন তো দূরে থাক, আমার সঙ্গে কোনো যোগাযোগই রাখেন না। সন্তানদেরও খোঁজ নেন না ঠিকভাবে। এ অবস্থায় আমার স্বামীর সঙ্গে কি আমার এখনো সম্পর্ক আছে বলে মনে করেন? আমি এখন কী ব্যবস্থা নিতে পারি?","1. <other_1246_s99_p0> [ক্যান্টনমেন্ট আইন, ২০১৮, ধারা ৯৯] উপদ্রব সৃষ্টির শাস্তি — (১) যদি কোনো ব্যক্তি ক্যান্টনমেন্টের অভ্যন্তরে কোনো সড়ক বা গণস্থানে-(ক) মাতলামি করেন, অসংযত বা মাতাল হন এবং ন
2. <women_children_835_s11> [নারী ও শিশু নির্যাতন দমন আইন, ২০০০, ধারা ১১] যৌতুকের জন্য মৃত্যু ঘটানো, ইত্যাদির শাস্তি — যদি কোন নারীর স্বামী অথবা স্বামীর পিতা, মাতা, অভিভাবক, আত্মীয় বা স্বামীর পক্ষে অন্য কোন ব্যক্তি যৌতুকের জন্য 
3. <other_1045_s20_p0> [চার্টার্ড সেক্রেটারীজ আইন, ২০১০, ধারা ২০] পেশাগত অসদাচরণ — (১) কোন চার্টার্ড সেক্রেটারী পেশাগত অসদাচরণ করিয়াছেন বলিয়া গণ্য হইবে, যদি তিনি-(ক) অন্য কোন ব্যক্তিকে তাহার 
4. <consumer_1010_s73> [ট্রেডমার্ক আইন, ২০০৯, ধারা ৭৩] মিথ্যা ট্রেডমার্ক, ট্রেড বর্ণনা, ইত্যাদি ব্যবহারের দণ্ড — যদি কোন ব্যক্তি-(ক) কোন ট্রেডমার্ককে মিথ্যা প্রতিপন্ন করেন,(খ) কোন পণ্য বা সেবার ক্ষেত্রে ট্রেডমার্ক মিথ্যাভাব
5. <criminal_procedure_1012_s25> [সিলেট মহানগরী পুলিশ আইন, ২০০৯, ধারা ২৫] অসুস্থ ও অক্ষম জীবজন্তু নিধন — কোন পুলিশ কর্মকর্তা যদি কোন রাস্তা বা প্রকাশ্য স্থানে কোন অসুস্থ জখমপ্রাপ্ত বা দৈহিকভাবে অক্ষম জীবজন্তু দেখিতে
6. <criminal_procedure_1013_s25> [বরিশাল মহানগরী পুলিশ আইন, ২০০৯, ধারা ২৫] অসুস্থ ও অক্ষম জীবজন্তু নিধন — কোন পুলিশ কর্মকর্তা যদি কোন রাস্তা বা প্রকাশ্য স্থানে কোন অসুস্থ জখমপ্রাপ্ত বা দৈহিকভাবে অক্ষম জীবজন্তু দেখিতে
7. <other_1067_s50> [বর্ডার গার্ড বাংলাদেশ আইন, ২০১০, ধারা ৫০] বিবিধ অপরাধ — অধিভুক্ত কোন ব্যক্তি যদি-(ক) কোন চৌকি, স্থান, প্রহরার স্থান বা অভিযানের দায়িত্বে থাকিয়া তাহার অধঃস্তন কোন বর
8. <other_1181_s51> [বাংলাদেশ কোস্ট গার্ড আইন, ২০১৬, ধারা ৫১] বিবিধ অপরাধ — অধিভুক্ত কোন ব্যক্তি যদি-(ক) কোন জাহাজ, ঘাঁটি, স্থাপনা, আউটপোস্ট, প্রহরার স্থান অথবা অভিযানের দায়িত্বে থাকিয়
9. <criminal_procedure_765_s37> [রাজশাহী মহানগরী পুলিশ আইন, ১৯৯২, ধারা ৩৭] অসুস্থ ও অক্ষম জীবজন্তু নিধন — কোন পুলিশ কর্মকর্তা যদি কোন রাস্তা বা প্রকাশ্য স্থানে কোন অসুস্থ, জখমপ্রাপ্ত বা দৈহিকভাবে অক্ষম জীবজন্তু দেখিত
10. <consumer_1270_s48> [ওজন ও পরিমাপ মানদণ্ড আইন, ২০১৮, ধারা ৪৮] ধারা ৩২ লঙ্ঘনের দণ্ড — কোনো ব্যক্তি যদি বিধি দ্বারা নির্ধারিত পদ্ধতিতে প্রতিপাদন ও স্ট্যাম্পযুক্ত না করিয়া বা বৈধ ভেরিফিকেশন বা, ক্ষ","family_305_s6, family_305_s9",own_search,answered,2,Sifat
prot_0066_03,Iftiaq,,"আমি ঢাকায় স্নাতক শ্রেণীতে পড়ছি। ২০১০ সালে আমাদের এলাকার একজন লোকের সঙ্গে আমার ঝগড়া হয়। পরে তিনি আমার নামে ৩২৬ ধারায় একটি মিথ্যা মামলা করেন, যার প্রধান আসামি আমাকে করা হয়। মামলা করার কিছুদিন পরেই আমার নামে হুলিয়া জারি হয় এবং ওই মামলায় আমাকে ২১ দিন জেল খাটতে হয়। এখন আমি জামিনে আছি। জামিনের হাজিরা দিতে প্রতি মাসে আমাকে ঢাকা থেকে কুমিল্লায় যেতে হয়, যা আমার কাছে মানসিক দুশ্চিন্তা ও পড়ালেখায় অসুবিধার কারণ। যেহেতু এটি একটি মিথ্যা মামলা, যদি বাদী মামলা না ওঠান, তাহলে অন্য কোনো উপায়ে সহজে এ থেকে খালাস পাওয়া যাবে কি না? আর ভবিষ্যতে সরকারি চাকরি পেতে কোনো অসুবিধা হবে কি না?","1. <other_788_s395> [কোম্পানী আইন, ১৯৯৪, ধারা ৩৯৫] সীমিতদায় কোম্পানীকে মামলার খরচের জন্য জামানত দেওয়ার নির্দেশদানের ক্তমতা — যেক্ষেত্রে কোন মামলা বা অন্য কোন আইনগত কার্যধারায় কোন সীমিতদায় কোম্পানী বাদী বা আবেদনকারী হয়, সেক্ষেত্রে যদ
2. <cybercrime_1710_s28> [সাইবার সুরক্ষা আইন, ২০২৬, ধারা ২৮] মিথ্যা মামলা, অভিযোগ দায়ের, ইত্যাদির অপরাধ ও দন্ড — (১) যদি কোনো ব্যক্তি অন্য কোনো ব্যক্তির ক্ষতিসাধনের অভিপ্রায়ে উক্ত ব্যক্তির বিরুদ্ধে এই আইনের অন্য কোনো ধারার
3. <women_children_835_s17> [নারী ও শিশু নির্যাতন দমন আইন, ২০০০, ধারা ১৭] মিথ্যা মামলা, অভিযোগ দায়ের ইত্যাদির শাস্তি — (১) যদি কোন ব্যক্তি অন্য কোন ব্যক্তির37[মর্যাদাহানি বা] ক্ষতিসাধনের অভিপ্রায়ে উক্ত ব্যক্তির বিরুদ্ধে এই আইনের
4. <other_1203_s44> [বাংলাদেশ জীববৈচিত্র্য আইন, ২০১৭, ধারা ৪৪] মিথ্যা বা হয়রানিমূলক মামলা দায়েরের দণ্ড — এই আইনের অধীন দায়েরকৃত কোন মামলায় আদালত শুনানী ও বিচারান্তে যদি কোন অভিযুক্ত ব্যক্তিকে খালাস প্রদান করে এবং 
5. <consumer_1010_s105> [ট্রেডমার্ক আইন, ২০০৯, ধারা ১০৫] নিবন্ধিত ব্যবহারকারীকে মামলায় পক্ষভুক্তি — (১) এই আইনের সপ্তম অধ্যায় বা ধারা ১০০ এর অধীন কোন মামলায় বা আপীলে কোন ট্রেডমার্কের নিবন্ধিত ব্যবহারকারী পক্ষ
6. <other_740_s3> [ঢাকা বিদ্যুৎ বিতরণ কর্তৃপক্ষ আইন, ১৯৯০, ধারা ৩] কর্তৃপক্ষ প্রতিষ্ঠা — (১) এই আইন বলবত্ হইবার পর যত শীঘ্র সম্ভব সরকার, সরকারী গেজেটে প্রজ্ঞাপন দ্বারা, বৃহত্তর ঢাকা এলাকার জন্য ঢাকা 
7. <other_1091_s13> [পর্নোগ্রাফি নিয়ন্ত্রণ আইন, ২০১২, ধারা ১৩] মিথ্যা মামলা, অভিযোগ দায়ের ইত্যাদির দণ্ড — (১) এই আইনের অধীন ক্ষমতাপ্রাপ্ত কোন ব্যক্তি, কর্মকর্তা বা কর্তৃপক্ষ কোন ব্যক্তির ক্ষতিসাধনের অভিপ্রায়ে এই আইন
8. <other_1684_s25> [মানব পাচার ও অভিবাসী চোরাচালান প্রতিরোধ ও দম, ধারা ২৫] মিথ্যা মামলা বা মিথ্যা অভিযোগ দায়ের, ইত্যাদি অপরাধ ও উহার দণ্ড — (১) যদি কোনো ব্যক্তি অন্য কোনো ব্যক্তির ক্ষতিসাধন করিবার উদ্দেশ্যে এই আইনের অধীন মিথ্যা বা হয়রানিমূলক মামলা ব
9. <other_727_s3> [বাংলাদেশ শিল্পকলা একাডেমী আইন, ১৯৮৯, ধারা ৩] একাডেমি প্রতিষ্ঠা — (১) এই আইন বলবত্ হইবার সঙ্গে সঙ্গে এই আইনের লক্ষ্য ও উদ্দেশ্য অর্জনের জন্য বাংলাদেশ শিল্পকলা একাডেমী নামে একটি
10. <other_788_s376> [কোম্পানী আইন, ১৯৯৪, ধারা ৩৭৬] কতিপয় ক্ষেত্রে সম্পত্তির ব্যাপারে আদালত কর্তৃক নির্দেশদান — কোন অনিবন্ধিকৃত কোম্পানী উহার সাধারণ নামে মামলা করার বা মামলায় প্রতিদ্বন্দ্বিতা করার অধিকারী না হইলে, অথবা অন","criminal_procedure_75_s241A, criminal_procedure_75_s265C, criminal_procedure_75_s561A",own_search,answered,1,Sifat
prot_0012_04,Iftiaq,,"আমার বয়স ২২ বছর। আমার বাবা প্রথম পক্ষের স্ত্রীর গর্ভে বাচ্চা থাকা অবস্থায় তাঁকে তালাক দেন। সেটা ১৯৯০ সালে। এখন পর্যন্ত তাঁদের সঙ্গে কোনো যোগাযোগ নেই। আমার মা দ্বিতীয় পক্ষ। আমাদের ভিটাবাড়ি ছাড়া আর কোনো জমি নেই। আমাদের আর্থিক অবস্থা ভালো না। আমি এখন সংসার চালাই, বাবার বয়স হয়েছে। তিনি এখন আর কাজ করতে পারেন না। এখন কি প্রথম পক্ষের সন্তান আমার বাবার সম্পত্তির ভাগ পাবে। আমার বাবা আমার নামে সম্পত্তি দলিল করে দিলে কি আইনিভাবে বৈধ হবে? নাম প্রকাশে অনিচ্ছুক","1. <money_recovery_1468_s21> [সুরক্ষিত লেনদেন (অস্থাবর সম্পত্তি) আইন, ২০২৩, ধারা ২১] সুরক্ষিত পক্ষের দায়-দায়িত্ব — (১) দেনাদার তাহার দখলে থাকা অস্থাবর সম্পত্তি সুরক্ষিত পক্ষের অনুমতি গ্রহণ ব্যতীত বিক্রয় বা অন্য কোনোভাবে হস্ত
2. <other_812_s53> [দেউলিয়া বিষয়ক আইন, ১৯৯৭, ধারা ৫৩] পারষ্পরিক লেন-দেন এবং সমন্বয় সাধন — যে ক্ষেত্রে দেনাদার এবং এই আইনের অধীনে দেনা প্রমাণকারী বা প্রমাণের দাবীকারী কোন পাওনাদারের মধ্যে পারস্পরিক লেন
3. <consumer_1010_s92> [ট্রেডমার্ক আইন, ২০০৯, ধারা ৯২] মামলার কোন পক্ষের মৃত্যু — যদি এই আইনের অধীন কোন কার্যধারা বিচারাধীন থাকা অবস্থায় কোন পক্ষ মারা যান, তাহা হইলে নিবন্ধক সংশ্লিষ্ট কোন পক্
4. <labour_952_s216_p0> [বাংলাদেশ শ্রম আইন, ২০০৬, ধারা ২১৬] অপরাধ বিচার ছাড়া অন্য কোন বিষয়ে শ্রম আদালতের ক্ষমতা ওকার্যক্রম — (১) অপরাধ ব্যতীত এই আইনের অধীন অন্য কোন বিষয়, প্রশ্ন বা বিরোধের বিচার ও নিষ্পত্তির উদ্দেশ্যে, শ্রম আদালত একটি
5. <other_1037_s58> [বীমা আইন, ২০১০, ধারা ৫৮] ব্যবসা সংগ্রহের উদ্দেশ্যে কমিশন কিংবা অন্য কোন প্রকার পারিশ্রমিক পরিশোধে বিধিনিষেধ৷ — (১) কোন ব্যক্তি বাংলাদেশে বীমা ব্যবসা অর্জন বা সংগ্রহের উদ্দেশ্যে বীমা এজেন্ট বা এজেন্ট নিয়োগকারী বা ব্রোকার 
6. <other_788_s346_p0> [কোম্পানী আইন, ১৯৯৪, ধারা ৩৪৬] নিষ্ক্রিয় (defunct) কোম্পানীর নাম নিবন্ধন বহি হইতে কাটিয়া দেওয়া — (১) যেক্ষেত্রে রেজিষ্ট্রারের এইরূপ বিশ্বাস করিবার যুক্তিসংগত কারণ থাকে যে, কোন একটি কোম্পানী ব্যবসা করিতেছে না
7. <family_938_s15ক> [গ্রাম আদালত আইন, ২০০৬, ধারা ১৫ক] (১) গ্রাম আদালতে দেওয়ানী বিরোধ সংক্রান্ত মামলা চলাকালীন কোনো পক্ষ মৃত্যুবরণ করিলে কিংবা তাহার অবর্তমানে সংশ্ল
8. <other_850_s32> [সালিস আইন, ২০০১, ধারা ৩২] বিশেষজ্ঞ, আইন উপদেষ্টা বা এসেসর নিয়োগের ক্ষমতা — (১) পক্ষগণের মধ্যে ভিন্নরূপ চুক্তি না থাকিলে, সালিসী ট্রাইব্যুনাল-(ক) তৎকর্তৃক নির্ধারিত সুনির্দিষ্ট বিষয়ে প্
9. <other_1652_s9_p1> [বাণিজ্যিক আদালত আইন, ২০২৬, ধারা ৯] দেওয়ানি কার্যবিধির প্রয়োগ ও কার্যধারা সম্পর্কিত বিশেষ বিধান — শর্ত থাকে যে, দেওয়ানি কার্যবিধিতে যাহা কিছুই থাকুক না কেন, মোকদ্দমা ব্যবস্থাপনা শুনানিতে কোনো পক্ষ অনুপস্থিত 
10. <women_children_1119_s21> [শিশু আইন, ২০১৩, ধারা ২১] 1 [***] বয়স অনুমান ও নির্ধারণ — (১) অভিযুক্ত হউক বা না হউক, এমন কোন শিশুকে কোন অপরাধের দায়ে বা কোন শিশুকে অন্য কোন কারণে শিশু-আদালতে সাক্ষ্য ","other_173_s2, land_90_s17_p0",own_search,answered,1,Sifat
prot_0033_01,Iftiaq,,"এক ব্যক্তি তিন মেয়ে ও এক ছেলে রেখে মারা যান। তাঁর স্ত্রী আবার বিয়ে করেন। এরই মধ্যে তাঁর আগের পক্ষের ছেলেটি মারা যায় এবং দ্বিতীয় ঘরে এক ছেলে সন্তান জন্ম নেয়। মৃত ব্যক্তি ও মৃত ছেলের অবর্তমানে সম্পত্তির মালিক হয় তিন কন্যা ও স্ত্রী। দ্বিতীয় ঘরের ছেলে তার মায়ের সম্পত্তির অংশ পাবে। কিন্তু প্রশ্ন হলো, প্রথম ঘরের মৃত ভাইয়ের সম্পত্তিরও অংশ পাবে কি না? সেই ছেলেটি তার সৎবোনদের হয়রানি করছে এই বলে যে, ভাইটি তার জন্ম হওয়ার পর মারা গেছে। তাই তিনি তার ভাইয়ের সম্পত্তির অংশ পাবেন। নাম ও ঠিকানা প্রকাশে অনিচ্ছুক","1. <consumer_1010_s92> [ট্রেডমার্ক আইন, ২০০৯, ধারা ৯২] মামলার কোন পক্ষের মৃত্যু — যদি এই আইনের অধীন কোন কার্যধারা বিচারাধীন থাকা অবস্থায় কোন পক্ষ মারা যান, তাহা হইলে নিবন্ধক সংশ্লিষ্ট কোন পক্
2. <labour_952_s2_p5> [বাংলাদেশ শ্রম আইন, ২০০৬, ধারা ২] সংজ্ঞাসমূহ — ব্যবহার করা হয় বা ব্যবহারযোগ্য, এবং কোন টাগ বা ফ্লাট এবং বার্জও ইহার অর্ন্তভুক্ত হইবে;(২৮) ""প্রশাসনিক শ্রমিক""
3. <other_822_s10> [পার্বত্য চট্টগ্রাম আঞ্চলিক পরিষদ আইন, ১৯৯৮, ধারা ১০] সম্পত্তি সম্পর্কিত ঘোষণা — চেয়ারম্যান ও প্রত্যেক সদস্য তাহার কার্যভার গ্রহণের পূর্বে তাহার এবং তাঁহার পরিবারের কোন সদস্যের স্বত্ব, দখল ব
4. <local_government_1027_s41> [স্থানীয় সরকার (ইউনিয়ন পরিষদ) আইন, ২০০৯, ধারা ৪১] সম্পত্তি সম্পর্কিত ঘোষণা — চেয়ারম্যান ও সদস্য তাঁহার কার্যভার গ্রহণের পূর্বে তাঁহার এবং তাঁহার পরিবারের কোন সদস্যের স্বত্ব, দখল বা স্বার
5. <local_government_827_s10> [উপজেলা পরিষদ আইন, ১৯৯৮, ধারা ১০] সম্পত্তি সম্পর্কিত ঘোষণা — 14[চেয়ারম্যান ও ভাইস চেয়ারম্যান ] তাঁহার কার্যভার গ্রহণের পূর্বে তাঁহার এবং তাঁহার পরিবারের কোন সদস্যের স্বত
6. <labour_1285_s2_p2> [বাংলাদেশ ইপিজেড শ্রম আইন, ২০১৯, ধারা ২] সংজ্ঞা — সময়ে দুই বা ততোধিক শ্রমিক দ্বারা সম্পাদিত হয় সেই ক্ষেত্রে উক্তরূপ প্রত্যেক সময়;(25)‘‘পোষ্য’’ অর্থ কোনো মৃত 
7. <criminal_procedure_765_s23> [রাজশাহী মহানগরী পুলিশ আইন, ১৯৯২, ধারা ২৩] বেওয়ারিশ সম্পত্তির দায়িত্ব গ্রহণ ও বিলিবন্টন — (১) নিম্নবর্ণিত জিনিসের সাময়িকভাবে দায়িত্ব গ্রহণ করা পুলিশ কর্মকর্তার কর্তব্য হইবে, যথা:-(ক) তাঁহার নজরে আসি
8. <civil_registration_921_s8> [জন্ম ও মৃত্যু নিবন্ধন আইন, ২০০৪, ধারা ৮] জন্ম ও মৃত্যু তথ্য প্রদানের জন্য দায়ী ব্যক্তি — (১) শিশুর পিতা বা মাতা বা অভিভাবক বা নির্ধারিত ব্যক্তি উক্ত শিশুর জন্মের ৪৫ (পঁয়তাল্লিশ) দিনের মধ্যে জন্ম সংক
9. <criminal_procedure_1013_s23> [বরিশাল মহানগরী পুলিশ আইন, ২০০৯, ধারা ২৩] বেওয়ারিশ সম্পত্তির দায়িত্ব গ্রহণ ও বিলিবন্টন — (১) নিম্নবর্ণিত জিনিসের সাময়িকভাবে দায়িত্ব গ্রহণ করা পুলিশ কর্মকর্তার কর্তব্য হইবে, যথাঃ-(ক) তাহার নজরে আসিয
10. <criminal_procedure_1012_s23> [সিলেট মহানগরী পুলিশ আইন, ২০০৯, ধারা ২৩] বেওয়ারিশ সম্পত্তির দায়িত্ব গ্রহণ ও বিলিবন্টন — (১) নিম্নবর্ণিত জিনিসের সাময়িকভাবে দায়িত্ব গ্রহণ করা পুলিশ কর্মকর্তার কর্তব্য হইবে, যথাঃ-(ক) তাহার নজরে আসিয",other_173_s2,own_search,answered,2,Sifat
lawy_0242_01,Iftiaq,,গোপনে ধারণকৃত ভিডিও ও ছবি দিয়ে প্রতারণার শিকার হলে কী করবেন?,"1. <other_1131_s27> [বৈদেশিক কর্মসংস্থান ও অভিবাসী আইন, ২০১৩, ধারা ২৭] আইনগত সহায়তা — অভিবাসী কর্মী এবং অভিবাসনের নামে প্রতারণার শিকার ব্যক্তিদের যুক্তিসঙ্গত আইনগত সহায়তা পাইবার অধিকার থাকিবে।
2. <criminal_procedure_1276_s56> [মাদকদ্রব্য নিয়ন্ত্রণ আইন, ২০১৮, ধারা ৫৬] ক্যামেরায় গৃহীত ছবি, রেকর্ডকৃত কথাবার্তা, ইত্যাদির সাক্ষ্য মূল্য — Evidence Act, 1872(Act No.I of 1872) তে যাহা কিছুই থাকুক না কেন, কোনো ব্যক্তি বা তদন্তকারী সংস্থার কোনো সদস্য 
3. <consumer_1127_s72> [নিরাপদ খাদ্য আইন, ২০১৩, ধারা ৭২] ক্যামেরায় গৃহীত ছবি, রেকর্ডকৃত কথাবার্তা ইত্যাদির সাক্ষ্য মূল্য — Evidence Act, 1872(Act No. I of 1872) তে ভিন্নরূপ যাহা কিছুই থাকুক না কেন, নিরাপদ খাদ্য ব্যবস্থার সহিত জড়িত ক
4. <other_1103_s50> [দুর্যোগ ব্যবস্থাপনা আইন, ২০১২, ধারা ৫০] ক্যামেরায় গৃহীত ছবি, রেকর্ডকৃত কথাবার্তা ইত্যাদির সাক্ষ্য মূল্য — Evidence Act, 1872(Act No.I of 1872) তে যাহা কিছুই থাকুক না কেন, দুর্যোগ ব্যবস্থাপনার সহিত জড়িত কোন ব্যক্তি ব
5. <other_1684_s21> [মানব পাচার ও অভিবাসী চোরাচালান প্রতিরোধ ও দম, ধারা ২১] সংবাদ মাধ্যমে মানব পাচার বা চোরাচালানের শিকার ব্যক্তির পরিচয় প্রকাশের অপরাধ ও উহার দণ্ড — (১) যদি কোনো ব্যক্তি ট্রাইব্যুনালের অনুমতি ব্যতিরেকে মানব পাচার বা অভিবাসী চোরাচালানের শিকার কোনো ব্যক্তির নাম
6. <other_1375_s27> [শিশু দিবাযত্ন কেন্দ্র আইন, ২০২১, ধারা ২৭] ক্যামেরায় গৃহীত ছবি, রেকর্ডকৃত কথাবার্তার সাক্ষ্য মূল্য — Evidence Act, 1872(Act No. I of 1872) এ যাহা কিছুই থাকুক না কেন, কেন্দ্রে সংঘটিত কোনো অপরাধের ভিডিও, স্থিরচিত্
7. <cybercrime_1710_s2_p11> [সাইবার সুরক্ষা আইন, ২০২৬, ধারা ২] সংজ্ঞা — দ্বারা কোন ব্যক্তির অন্তরঙ্গ অথবা ব্যক্তিগত ছবি, ভিডিও সংরক্ষণ বা সংরক্ষনের দাবি করিবার মাধ্যমে তাহা প্রকাশ কর
8. <women_children_835_s14> [নারী ও শিশু নির্যাতন দমন আইন, ২০০০, ধারা ১৪] সংবাদ মাধ্যমে 1 [নির্যাতনের শিকার] নারী ও শিশুর পরিচয় প্রকাশের ব্যাপারে বাধা-নিষেধ — (১) এই আইনে বর্ণিত অপরাধের শিকার হইয়াছেন এইরূপ নারী বা শিশুর ব্যাপারে সংঘটিত অপরাধ বা তত্সম্পর্কিত আইনগত কার্
9. <other_1715_s22> [বন্যপ্রাণী (সংরক্ষণ ও নিরাপত্তা) আইন, ২০২৬, ধারা ২২] সাফারি পার্ক, ইকোপার্ক, উদ্ভিদ উদ্যান, বন্যপ্রাণী প্রজনন কেন্দ্র এবং বিশেষ জীববৈচিত্র্য সংরক্ষণ এলাকা সম্পর্কিত বাধা নিষেধ — (১) কোনো ব্যক্তি সাফারি পার্ক, ইকোপার্ক, উদ্ভিদ উদ্যান, বন্যপ্রাণী প্রজনন কেন্দ্র এবং বিশেষ জীববৈচিত্র্য সংরক্
10. <other_1067_s43> [বর্ডার গার্ড বাংলাদেশ আইন, ২০১০, ধারা ৪৩] সরকারি দলিল জালকরণ ও মিথ্যা ঘোষণা — অধিভুক্ত কোন ব্যক্তি যদি নিম্নবর্ণিত এক বা একাধিক অপরাধ করেন, যথাঃ-(ক) কোন বিবরণ, প্রতিবেদন, তালিকা, সনদ, বহি ","other_1091_s8, cybercrime_1710_s25",own_search,answered,2,Sifat
prot_0010_04,Iftiaq,,"আমরা এক ভাই, চার বোন। আমাদের বাবা ২০১০ সালে এবং মা ২০১৪ সালে মারা যান। বাবার নামে সম্পত্তি ছিল। আমার বাবার মৃত্যুর আগে ২০০৯ সালে ডেভেলপারের সঙ্গে চুক্তি হয়। পৌনে দুই কাঠার সম্পত্তি। চুক্তি মোতাবেক আমরা পাব পাঁচটি ফ্ল্যাট ও ডেভেলপার পাবে পাঁচটি ফ্ল্যাট। বাড়ির কাজ সম্পন্ন হওয়ার পথে। কিন্তু এক ভাই হিসাবে পাঁচটি ফ্ল্যাটের মধ্যে চার বোনকে কী নিয়মে বণ্টন করব? মুসলিম ফারায়েজ অনুযায়ী বাবা ও মায়ের অবর্তমানে ওই সম্পত্তির (ফ্ল্যাটের) কে কতটুকু অংশীদার হবে?","1. <other_1429_s126> [আয়কর আইন, ২০২৩, ধারা ১২৬] (১)Registration Act, 1908(Act No. XVI of 1908) এর অধীন কোনো ভূমি, স্থাপনা, বাড়ি, ফ্ল্যাট, অ্যাপার্টমেন্ট অথবা
2. <other_1490_s46> [অর্থ আইন, ২০২৪, ধারা ৪৬] ২০২৩ সনের ১২ নং আইনের ধারা ১২৬ এর প্রতিস্থাপন — উক্ত আইনের ধারা ১২৬ এর পরিবর্তে নিম্নরূপ ধারা ১২৬ প্রতিস্থাপিত হইবে, যথা:-“১২৬। ডেভেলপার বা রিয়েল এস্টেট ডেভে
3. <land_1109_s12> [ওয়াক্‌ফ (সম্পত্তি হস্তান্তর ও উন্নয়ন) বিশেষ , ধারা ১২] অংশীদারিত্বের ভিত্তিতে উন্নয়নের জন্য হস্তান্তর — (১) কোন ওয়াক্ফ সম্পত্তি অংশীদারিত্বের ভিত্তিতে উন্নয়নের জন্য হস্তান্তর করা যাইবে।(২) এই আইনের অধীন ওয়াক্ফ স
4. <other_1246_s68> [ক্যান্টনমেন্ট আইন, ২০১৮, ধারা ৬৮] ইমারতের বিস্তারিত বিবরণ কর-নির্ধারণ তালিকায় অন্তর্ভুক্ত করিবার ক্ষমতা — (১) করের আংশিক মওকুফ বা প্রত্যর্পণ প্রাপ্তির উদ্দেশ্যে, ফ্ল্যাটবাড়ির ইমারতের মালিক উক্ত ইমারতের কর নির্ধারণের
5. <other_913_s1> [আদালত সংস্কার বাস্তবায়ন (সহায়ক বিধান) আইন, ২, ধারা ১] সংক্ষিপ্ত শিরোনামা, প্রয়োগ, প্রবর্তন এবং মেয়াদ — (১) এই আইনআদালত সংস্কার বাস্তবায়ন (সহায়ক বিধান) আইন, ২০০৪নামে অভিহিত হইবে।(২) সুপ্রীম কোর্ট এবং প্রকল্পের প্
6. <other_1725_s51> [অর্থ আইন, ২০২৬, ধারা ৫১] ২০২৩ সনের ১২ নং আইনের ধারা ৫৮ এর সংশোধন — উক্ত আইনের ধারা ৫৮ এর উপ-ধারা (২) এর পর নূতন উপ-ধারা (৩) ও (৪) সংযোজিত হইবে, যথা:- “(৩) ভূমি, ভূমিসহ স্থাপনা এ
7. <other_724_s8> [রাংগামাটি পার্বত্য জেলা পরিষদ আইন, ১৯৮৯, ধারা ৮] সম্পত্তি সম্পর্কিত ঘোষণা — চেয়ারম্যান ও প্রত্যেক সদস্য তাঁহার কার্যভার গ্রহণের পূর্বে তাঁহার এবং তাঁহার পরিবারের কোন সদস্যের স্বত্ব, দখল
8. <other_822_s10> [পার্বত্য চট্টগ্রাম আঞ্চলিক পরিষদ আইন, ১৯৯৮, ধারা ১০] সম্পত্তি সম্পর্কিত ঘোষণা — চেয়ারম্যান ও প্রত্যেক সদস্য তাহার কার্যভার গ্রহণের পূর্বে তাহার এবং তাঁহার পরিবারের কোন সদস্যের স্বত্ব, দখল ব
9. <other_1266_s2_p3> [বাংলাদেশ মুক্তিযোদ্ধা কল্যাণ ট্রাস্ট আইন, ২০, ধারা ২] সংজ্ঞা — বা স্বামী এবং পিতা-মাতার অবর্তমানে খেতাবপ্রাপ্ত বীর মুক্তিযোদ্ধার সন্তান; বা(উ) (অ)-(ঈ) পর্যন্ত বর্ণিত ব্যক্তি
10. <local_government_1027_s41> [স্থানীয় সরকার (ইউনিয়ন পরিষদ) আইন, ২০০৯, ধারা ৪১] সম্পত্তি সম্পর্কিত ঘোষণা — চেয়ারম্যান ও সদস্য তাঁহার কার্যভার গ্রহণের পূর্বে তাঁহার এবং তাঁহার পরিবারের কোন সদস্যের স্বত্ব, দখল বা স্বার",other_173_s2,own_search,answered,2,Sifat
ajke_0174_01,Iftiaq,,"সম্প্রতি কোনো একটি ফেক ফেসবুক আইডি দিয়ে আমার আপত্তিকর কিছু ডিপফেক ছবি আমার স্বামীর কলিগদের কাছে পাঠানো হয়েছে। এরপর স্বামী বিষয়টি আমাকে জানালে আমিও বুঝে উঠতে পারছি না, এটা আসলে কে করছে। আইডিটা লন্ডনের লোকেশনে খোলা হয়েছে। এরপর সেই আইডি থেকে আমার ভাই ও বাবার নামে আপত্তিকর কথা লিখে বিভিন্ন পোস্ট করা হয়। সাইবার ক্রাইমে কীভাবে মামলা করলে আমি সর্বোচ্চ সাহায্য পাব?","1. <other_1266_s2_p3> [বাংলাদেশ মুক্তিযোদ্ধা কল্যাণ ট্রাস্ট আইন, ২০, ধারা ২] সংজ্ঞা — বা স্বামী এবং পিতা-মাতার অবর্তমানে খেতাবপ্রাপ্ত বীর মুক্তিযোদ্ধার সন্তান; বা(উ) (অ)-(ঈ) পর্যন্ত বর্ণিত ব্যক্তি
2. <other_726_s79> [বান্দরবান পার্বত্য জেলা পরিষদ আইন, ১৯৮৯, ধারা ৭৯] কোন আইনের বিধান সম্পর্কে আপত্তি — বান্দরবান পার্বত্য জেলায় প্রযোজ্য জাতীয় সংসদ কর্তৃক গৃহীত কোন আইন পরিষদের বিবেচনায় উক্ত জেলার জন্য কষ্টকর হ
3. <other_725_s79> [খাগড়াছড়ি পার্বত্য জেলা পরিষদ আইন, ১৯৮৯, ধারা ৭৯] কোন আইনের বিধান সম্পর্কে আপত্তি — খাগড়াছড়ি পার্বত্য জেলায় প্রযোজ্য জাতীয় সংসদ কর্তৃক গৃহীত কোন আইন পরিষদের বিবেচনায় উক্ত জেলার জন্য কষ্টকর 
4. <other_724_s79> [রাংগামাটি পার্বত্য জেলা পরিষদ আইন, ১৯৮৯, ধারা ৭৯] কোন আইনের বিধান সম্পর্কে আপত্তি — রাংগামাটি পার্বত্য জেলায় প্রযোজ্য জাতীয় সংসদ কর্তৃক গৃহীত কোন আইন পরিষদের বিবেচনায় উক্ত জেলার জন্য কষ্টকর হ
5. <other_918_s12> [অর্থ আইন, ২০০৪, ধারা ১২] ১২৷ Ordinance No. XXXVI of 1984 এর section 3 এর সংশোধন — Income tax Ordinance এর section 3 এর sub-section (2C) এরপর নিম্নরূপ নূতন sub-section (2D) সন্নিবেশিত হইবে, যথা
6. <women_children_835_s11> [নারী ও শিশু নির্যাতন দমন আইন, ২০০০, ধারা ১১] যৌতুকের জন্য মৃত্যু ঘটানো, ইত্যাদির শাস্তি — যদি কোন নারীর স্বামী অথবা স্বামীর পিতা, মাতা, অভিভাবক, আত্মীয় বা স্বামীর পক্ষে অন্য কোন ব্যক্তি যৌতুকের জন্য 
7. <cybercrime_1710_s2_p8> [সাইবার সুরক্ষা আইন, ২০২৬, ধারা ২] সংজ্ঞা — তথ্য অনুপ্রবেশ বা উহাতে হিউম্যান বা নন হিউম্যান এআই এজেন্টের মাধ্যমে স্বয়ংক্রিয় প্রবেশের সুযোগ সৃষ্টি করে, ব
8. <other_1007_s61> [অর্থ (২০০৭-২০০৮ অর্থ বৎসর) আইন, ২০০৯, ধারা ৬১] ১৯৯১ সনের ২২ নং আইনের ধারা ১৫ এর সংশোধন৷ — মূল্য সংয৬১।মূল্য সংযোজন কর আইনের ধারা ১৫ এর উপ-ধারা (৪) এরপর নিম্নরূপ নুতন উপ-ধারা (৫) সন্নিবেশিত হইবে, যথাঃ-
9. <other_1070_s15> [উদ্ভিদ সংগনিরোধ আইন, ২০১১, ধারা ১৫] কন্টেইনার স্থানান্তর — উদ্ভিদ সংগনিরোধ কর্মকর্তার পরীক্ষাধীন উদ্ভিদ বা উদ্ভিদজাত দ্রব্যাদি, বালাই, উপকারী জীবাণু এবং প্যাকিং দ্রব্যাদ
10. <women_children_1119_s28> [শিশু আইন, ২০১৩, ধারা ২৮] শিশু-আদালতের কার্যক্রমের গোপনীয়তা — (১) শিশু-আদালতে বিচারাধীন কোন মামলায় জড়িত বা সাক্ষ্য প্রদানকারী কোন শিশুর ছবি বা এমন কোন বর্ণনা, সংবাদ বা রি","cybercrime_1710_s25, cybercrime_1710_s40",own_search,answered,2,Sifat
ajke_0184_01,Iftiaq,,আমার এক কাজিনের মেয়ে দ্বাদশ শ্রেণিতে পড়েন। একদিন কলেজ শেষে বাড়ি ফেরার সময় এক লোক তাঁকে ভয় দেখিয়ে বাসায় নিয়ে গিয়ে যৌন হেনস্তা করেন। তারপর তাঁর কাছে টাকা দাবি করেন। ওই মেয়ে টাকা দেওয়ার কথা বলে বাড়ি এসে মানসিকভাবে ভেঙে পড়েন। এখন কলেজে যেতে ভয় পাচ্ছেন। তাঁর মা মানসম্মানের ভয়ে কিছু করতে বা কারও কাছে সাহায্য চাইতে পারছেন না। এখন কী করা উচিত?,"1. <other_1429_s126> [আয়কর আইন, ২০২৩, ধারা ১২৬] (১)Registration Act, 1908(Act No. XVI of 1908) এর অধীন কোনো ভূমি, স্থাপনা, বাড়ি, ফ্ল্যাট, অ্যাপার্টমেন্ট অথবা
2. <other_1490_s46> [অর্থ আইন, ২০২৪, ধারা ৪৬] ২০২৩ সনের ১২ নং আইনের ধারা ১২৬ এর প্রতিস্থাপন — উক্ত আইনের ধারা ১২৬ এর পরিবর্তে নিম্নরূপ ধারা ১২৬ প্রতিস্থাপিত হইবে, যথা:-“১২৬। ডেভেলপার বা রিয়েল এস্টেট ডেভে
3. <other_1684_s24> [মানব পাচার ও অভিবাসী চোরাচালান প্রতিরোধ ও দম, ধারা ২৪] আপসের উদ্দেশ্যে ভিকটিম বা সাক্ষীকে চাপ প্রয়োগ, প্রভাবিত ও ভয়-ভীতি প্রদর্শন করিবার অপরাধ ও উহার দণ্ড — (১) যদি কোনো ব্যক্তি এই আইনের অধীন সংঘটিত কোনো অপরাধের আপস করিবার উদ্দেশ্যে মামলার তদন্ত পর্যায়ে অথবা বিচার চ
4. <cybercrime_1710_s25> [সাইবার সুরক্ষা আইন, ২০২৬, ধারা ২৫] যৌন হয়রানি, ব্ল্যাকমেইলিং বা অশ্লীল বিষয়বস্তু প্রকাশ সংক্রান্ত অপরাধ ও দণ্ড — (১) যদি কোনো ব্যক্তি ওয়েবসাইট বা অন্য কোনো ডিজিটাল বা ইলেকট্রনিক মাধ্যমে ইচ্ছাকৃতভাবে বা জ্ঞাতসারে অন্য কোনো 
5. <other_1412_s29> [বেসরকারি মেডিকেল কলেজ ও ডেন্টাল কলেজ আইন, ২০, ধারা ২৯] অনুমোদিত আসন সংখ্যার অতিরিক্ত শিক্ষার্থী ভর্তি করিবার দণ্ড — যদি কোনো ব্যক্তি ধারা ১৬ এর উপ-ধারা (৪) এর বিধান লঙ্ঘন করিয়া কোনো বেসরকারি মেডিকেল কলেজ বা ডেন্টাল কলেজে অনুম
6. <consumer_1270_s54> [ওজন ও পরিমাপ মানদণ্ড আইন, ২০১৮, ধারা ৫৪] দায়িত্ব পালনে বাধা প্রদানের দণ্ড — কোনো ব্যক্তি যদি পরিদর্শক বা ক্ষমতাপ্রাপ্ত ব্যক্তিকে এই আইনের অধীন তাহার ক্ষমতা প্রয়োগ বা তাহার কার্য সম্পাদন
7. <other_1684_s12> [মানব পাচার ও অভিবাসী চোরাচালান প্রতিরোধ ও দম, ধারা ১২] পতিতালয় পরিচালনা করিবার বা কোনো স্থানকে পতিতালয় হিসাবে ব্যবহারের অনুমতি প্রদানের অপরাধ ও উহার দণ্ড — (১) যদি কোনো ব্যক্তি পতিতালয় স্থাপন বা পরিচালনা করেন অথবা উহা স্থাপন বা পরিচালনা করিতে অনুমতি প্রদান করেন কিং
8. <criminal_procedure_1012_s72> [সিলেট মহানগরী পুলিশ আইন, ২০০৯, ধারা ৭২] রাস্তায় বা সর্বসাধারেণর ব্যবহার্য স্থানে জন্তু ছাড়িয়া রাখার দণ্ড — কোন ব্যক্তি যদি কোন রাস্তায় বা সর্বসাধারণের ব্যবহার্য্য স্থানে -(ক) গাফিলতি করিয়া কোন জন্তু এমন ভাবে রাখেন য
9. <criminal_procedure_1013_s72> [বরিশাল মহানগরী পুলিশ আইন, ২০০৯, ধারা ৭২] রাস্তায় বা সর্বসাধারণের ব্যবহার্য স্থানে জন্তু ছাড়িয়া রাখার দণ্ড — কোন ব্যক্তি যদি কোন রাস্তায় বা সর্বসাধারণের ব্যবহার্য্য স্থানে -(ক) গাফিলতি করিয়া কোন জন্তু এমন ভাবে রাখেন য
10. <other_1138_s30> [গ্রামীণ ব্যাংক আইন, ২০১৩, ধারা ৩০] দণ্ড, ইত্যাদি — (১) যদি কোন ব্যক্তি এই আইনের অধীন প্রার্থিত বা মঞ্জুরীকৃত কোন ঋণ বা সুবিধার জন্য ব্যাংককে প্রদত্ত কোন মালিকানা",women_children_835_s10,own_search,answered,2,Sifat
prot_0012_02,Iftiaq,,"আমার পরিবারকে না জানিয়ে আমরা বিয়ে করি। দুই মাসের মধ্যে জানতে পারি আমার স্ত্রীর আরেকজনের সঙ্গে পরকীয়ার সম্পর্ক আছে। এরপর বিয়ের তিন মাসের মধ্যেই আমার স্ত্রীকে আইনিভাবে তালাক দিই। তালাকের নোটিশ আমি আমার স্ত্রীকে, স্ত্রীর ভাইকে ও অত্র এলাকার চেয়ারম্যানকে পাঠাই। কিন্তু চেয়ারম্যান নোটিশ পাওয়ার বিষয়টি গোপন করেন। এখন এত দিন পর ২০/১২/২০১৪ থেকে ১৪/০২/২০১৬ আমাকে ও আমার পরিবারকে আসামি করে নারী ও শিশু নির্যাতন দমন আইনের ১১-এর (গ) ধারায় যৌতুকের জন্য নির্যাতন, হত্যাচেষ্টার অভিযোগ এনে থানায় মামলা দায়ের করে। মামলায় আমাকে ও আমার মাকে বিবাদী করা হয়েছে। আর এ ঘটনার দিন-তারিখ নোটিশে উল্লেখ করা আছে। আমি এখন কীভাবে এ রকম পরিস্থিতি মোকাবিলা করব? মামলাটি আদালতে গেলে কি আমরা জামিন পাব? মিথ্যা মামলা দায়ের করার জন্য কি আমরা আইনি ব্যবস্থা নিতে পারব? আর আমি কি আমার তালাক রেজিস্ট্রি করতে পারব? নাম প্রকাশে অনিচ্ছুক","1. <women_children_835_s35> [নারী ও শিশু নির্যাতন দমন আইন, ২০০০, ধারা ৩৫] (১) এই আইনে যাহা কিছু থাকুক না কেন,নারী ও শিশু নির্যাতন দমন (সংশোধন) অধ্যাদেশ, ২০২৫বলবৎ হওয়ার তারিখ হইতে ধারা
2. <other_1696_s63> [রাজধানী উন্নয়ন কর্তৃপক্ষ আইন, ২০২৬, ধারা ৬৩] কর্তৃপক্ষের বিরুদ্ধে মামলার নোটিশ, ইত্যাদি — (১) এই আইন বা তদ্ধীন প্রণীত বিধি বা প্রবিধানের অধীন কর্তৃপক্ষ, চেয়ারম্যান, সদস্য বা কর্মচারীর বিরুদ্ধে কোনো ম
3. <women_children_835_s34> [নারী ও শিশু নির্যাতন দমন আইন, ২০০০, ধারা ৩৪] ১৯৯৫ সনের ১৮ নং আইনের রহিতকরণ ও হেফাজত — (১) নারী ও শিশু নির্যাতন (বিশেষ বিধান) আইন, ১৯৯৫ (১৯৯৫ সনের ১৮ নং আইন), অতঃপর উক্ত আইন বলিয়া উল্লিখিত, এতদ্বা
4. <other_1246_s204> [ক্যান্টনমেন্ট আইন, ২০১৮, ধারা ২০৪] মামলার নোটিশ প্রদান — (১) কোনো ব্যক্তি বোর্ডের কোনো আদেশ দ্বারা সংক্ষুব্ধ হইয়া কোনো দেওয়ানি মামলা দায়ের করিতে চাহিলে, তিনি তামাদি
5. <women_children_1119_s16> [শিশু আইন, ২০১৩, ধারা ১৬] (১) আইনের সহিত সংঘাত জড়িত শিশু কর্তৃক সংঘটিত যে কোনো অপরাধের বিচার করিবার জন্য, প্রত্যেক জেলা সদরে শিশু-আদালত
6. <labour_952_s216_p1> [বাংলাদেশ শ্রম আইন, ২০০৬, ধারা ২১৬] অপরাধ বিচার ছাড়া অন্য কোন বিষয়ে শ্রম আদালতের ক্ষমতা ওকার্যক্রম — বা আপত্তি পেশ করিতে ব্যর্থ হয়, তাহা হইলে মামলাটি একতরফা শুনানীক্রমে নিষ্পত্তি করা হইবে।(৬) কোন পক্ষের আবেদনক্
7. <other_1404_s56> [চট্টগ্রাম বন্দর কর্তৃপক্ষ আইন, ২০২২, ধারা ৫৬] মামলা দায়েরের সীমাবদ্ধতা — (১) কর্তৃপক্ষের বিরুদ্ধে কোনো আদালতে মামলা দায়েরে ইচ্ছুক ব্যক্তি, তাহার নাম ঠিকানাসহ মামলা দায়েরের কারণ সংবল
8. <other_1403_s56> [মোংলা বন্দর কর্তৃপক্ষ আইন, ২০২২, ধারা ৫৬] মামলা দায়েরের সীমাবদ্ধতা — (১) কর্তৃপক্ষের বিরুদ্ধে মামলা দায়েরে ইচ্ছুক ব্যক্তি, তাহার নাম ঠিকানাসহ মামলা দায়েরের কারণ সংবলিত লিখিত নোট
9. <other_841_s76> [জেলা পরিষদ আইন, ২০০০, ধারা ৭৬] পরিষদের পক্ষে ও বিরুদ্ধে মামলা — (১) পরিষদের বিরুদ্ধে বা পরিষদ সংক্রান্ত কোন কাজের জন্য উহার কোন সদস্য বা কর্মকর্তা বা কর্মচারীর বিরুদ্ধে কোন ম
10. <other_726_s71> [বান্দরবান পার্বত্য জেলা পরিষদ আইন, ১৯৮৯, ধারা ৭১] পরিষদের পক্ষে ও বিপক্ষে মামলা — (১) পরিষদের বিরুদ্ধে বা পরিষদ সংক্রান্ত কোন কাজের জন্য উহার কোন সদস্য বা কর্মকর্তা বা কর্মচারীর বিরুদ্ধে কোন ম","women_children_835_s17, women_children_835_s19, family_476_s6",own_search,answered,2,Sifat
prot_0103_04,Iftiaq,,"আমি যদি আরেকটি বিয়ে করতে চাই, সেটাও কি করতে পারব?","1. <labour_952_s20> [বাংলাদেশ শ্রম আইন, ২০০৬, ধারা ২০] ছাঁটাই — (১) কোন শ্রমিককে প্রয়োজন অতিরিক্ততার কারণে কোন প্রতিষ্ঠান হইতে ছাঁটাই করা যাইবে।(২) কোন শ্রমিক যদি কোন মালিকে
2. <other_1167_s13> [রপ্তানি উন্নয়ন ব্যুরো আইন, ২০১৫, ধারা ১৩] হিসাব ও নিরীক্ষা — (১) সরকার কর্তৃক নির্দেশিত পদ্ধতিতে ব্যুরো অর্থ ব্যয়ের যথাযথ হিসাব রক্ষণ করিবে এবং হিসাবের বার্ষিক বিবরণী প্র
3. <other_857_s78_p1> [বাংলাদেশ টেলিযোগাযোগ নিয়ন্ত্রণ আইন, ২০০১, ধারা ৭৮] একই ক্ষমতা প্রয়োগ করিতে পারিবেন এবং তিনি, এই আইন ও ইহার অধীনে প্রণীত বিধি বা সংশিস্নষ্ট প্রবিধানমালা সাপেক্ষে
4. <labour_952_s210_p2> [বাংলাদেশ শ্রম আইন, ২০০৬, ধারা ২১০] শিল্প বিরোধ নিষ্পত্তি — কার্যক্রম (Conciliation) ব্যর্থ হয়, তাহা হইলে সালিস (Conciliator) উভয় পক্ষকে বিরোধটি নিষ্পত্তির লক্ষ্যে উহা 
5. <other_1061_s12_p1> [পরিবেশ আদালত আইন, ২০১০, ধারা ১২] অপরাধের অনুসন্ধান, মামলা দায়ের এবং তদমত্ম পদ্ধতি — হইতে বিশেষভাবে ক্ষমতাপ্রাপ্ত অন্য কোন কর্মকর্তা তদন্ত করিবেন এবং তিনি সংশ্লিষ্ট মামলার তদন্তকারী কর্মকর্তা বলি
6. <labour_952_s202_p1> [বাংলাদেশ শ্রম আইন, ২০০৬, ধারা ২০২] যৌথ দরকষাকষি প্রতিনিধি — শ্রমিক উহার সদস্য থাকে।(৬) শ্রম পরিচালক কর্তৃক অনুরোদ্ধ হইলে প্রত্যেক মালিক তাহার প্রতিষ্ঠানে, বদলী ও সাময়িক 
7. <other_1057_s3> [বেসরকারী বিশ্ববিদ্যালয় আইন, ২০১০, ধারা ৩] বেসরকারী বিশ্ববিদ্যালয় স্থাপন ও পরিচালনা — (১) উপ-ধারা (২) এর বিধান সাপেক্ষে, এই আইনের বিধান অনুযায়ী বাংলাদেশের যে কোন স্থানে বেসরকারী বিশ্ববিদ্যালয় স্
8. <labour_952_s24> [বাংলাদেশ শ্রম আইন, ২০০৬, ধারা ২৪] শাস্তির পদ্ধতি — (১) ধারা ২৩ এর অধীন কোন শ্রমিকের বিরুদ্ধে শাস্তির আদেশ প্রদান করা যাইবে না, যদি না-(ক) তাহার বিরুদ্ধে অভিযোগ ল
9. <other_1732_s47> [বগুড়া বিশ্ববিদ্যালয় আইন, ২০২৬, ধারা ৪৭] কর্তৃপক্ষের সদস্য হইবার ক্ষেত্রে অযোগ্যতা — কোনো ব্যক্তি বিশ্ববিদ্যালয় বা ইনস্টিটিউটের কোনো পদে অধিষ্ঠিত থাকিবার বা বিশ্ববিদ্যালয় বা কোনো ইনস্টিটিউটের ক
10. <other_1732_s46> [বগুড়া বিশ্ববিদ্যালয় আইন, ২০২৬, ধারা ৪৬] বার্ষিক হিসাব — (১) বিশ্ববিদ্যালয়ের বার্ষিক হিসাব ও আর্থিক বিবরণী সিন্ডিকেটের নির্দেশনা অনুসারে প্রস্তুত ও সংরক্ষণ করিতে হইবে",family_305_s6,own_search,answered,1,Sifat
prot_0073_06,Iftiaq,,"আমি স্নাতক (সম্মান) তৃতীয় বর্ষের ছাত্র। সিলেটে এক আত্মীয়ের বাড়িতে থেকে পড়াশোনা করি। আমার গ্রামের বাড়ি ময়মনসিংহ। সেখানে এক মেয়ের সঙ্গে আমার প্রেমের সম্পর্ক ছিল। হঠাৎ মেয়েটি আমাকে না জানিয়ে সিলেট চলে আসে। এক বন্ধু তাকে আমার ঠিকানা দেয়। তারপর মেয়েটি আমাকে বাধ্য করে বিয়ে করতে। যদিও তখন আমার বয়স ২১ বছর হয়নি। নোটারি পাবলিকে আমাদের বিয়ে সম্পন্ন হয়। বিয়ের দু-তিন দিন পর মেয়েটির স্বীকারোক্তিসহ আমি প্রমাণ পাই, মেয়েটির আগে অন্য ছেলের সঙ্গে সম্পর্ক ছিল। এমন সম্পর্ক আমি কোনো দিন মেনে নিতে পারব না। সেজন্য আমি বিয়ের পর তাকে তালাক দিই। কিছুদিন পর মেয়ের বাবা আমার বিরুদ্ধে যৌতুকের অভিযোগে মামলা দায়ের করেন। এরপর মেয়ে বাদী হয়ে আমার পরিবারের সবাইকে বিবাদী করে নারী নির্যাতন মামলা করে। নারী নির্যাতন মামলায় সবার জামিন হলেও আমার হয়নি। আমি মানসিকভাবে খুব দুর্বল হয়ে পড়েছি। একদিকে আমার পড়াশোনা, অন্যদিকে মামলা। কীভাবে এ বিপদ থেকে পরিত্রাণ পাওয়া যাবে?নাম প্রকাশে অনিচ্ছুক","1. <women_children_1063_s3> [পারিবারিক সহিংসতা (প্রতিরোধ ও সুরক্ষা) আইন, , ধারা ৩] পারিবারিক সহিংসতা — - এই আইনের উদ্দেশ্য পূরণকল্পে পারিবারিক সহিংসতা বলিতে পারিবারিক সম্পর্ক রহিয়াছে এমন কোন ব্যক্তি কতৃর্ক পরিবার
2. <women_children_1119_s16> [শিশু আইন, ২০১৩, ধারা ১৬] (১) আইনের সহিত সংঘাত জড়িত শিশু কর্তৃক সংঘটিত যে কোনো অপরাধের বিচার করিবার জন্য, প্রত্যেক জেলা সদরে শিশু-আদালত
3. <women_children_835_s34> [নারী ও শিশু নির্যাতন দমন আইন, ২০০০, ধারা ৩৪] ১৯৯৫ সনের ১৮ নং আইনের রহিতকরণ ও হেফাজত — (১) নারী ও শিশু নির্যাতন (বিশেষ বিধান) আইন, ১৯৯৫ (১৯৯৫ সনের ১৮ নং আইন), অতঃপর উক্ত আইন বলিয়া উল্লিখিত, এতদ্বা
4. <other_849_s5> [এডমিরালটি কোর্ট আইন, ২০০০, ধারা ৫] সংঘর্ষ ও অনুরূপ মামলার ক্ষেত্রে কোর্টের in personam এখতিয়ার — (১) এই ধারা প্রযোজ্য হয় এমন কোন দাবী কার্যকর করণার্থ বাংলাদেশের কোন আদালত action in personam বিচারার্থ গ্রহণ 
5. <money_recovery_901_s18> [অর্থ ঋণ আদালত আইন, ২০০৩, ধারা ১৮] মামলা দায়ের ও শুনানী সম্পর্কিত বিশেষ বিধান — (১) কোন আর্থিক প্রতিষ্ঠানের কোন কর্মকর্তা বা কর্মচারী কর্তৃক আত্মসাত্কৃত কোন অর্থ ঋণ গণ্যে এই আইনের অধীন আদালত
6. <other_1696_s63> [রাজধানী উন্নয়ন কর্তৃপক্ষ আইন, ২০২৬, ধারা ৬৩] কর্তৃপক্ষের বিরুদ্ধে মামলার নোটিশ, ইত্যাদি — (১) এই আইন বা তদ্ধীন প্রণীত বিধি বা প্রবিধানের অধীন কর্তৃপক্ষ, চেয়ারম্যান, সদস্য বা কর্মচারীর বিরুদ্ধে কোনো ম
7. <other_841_s76> [জেলা পরিষদ আইন, ২০০০, ধারা ৭৬] পরিষদের পক্ষে ও বিরুদ্ধে মামলা — (১) পরিষদের বিরুদ্ধে বা পরিষদ সংক্রান্ত কোন কাজের জন্য উহার কোন সদস্য বা কর্মকর্তা বা কর্মচারীর বিরুদ্ধে কোন ম
8. <other_724_s71> [রাংগামাটি পার্বত্য জেলা পরিষদ আইন, ১৯৮৯, ধারা ৭১] পরিষদের পক্ষে ও বিপক্ষে মামলা — (১) পরিষদের বিরুদ্ধে বা পরিষদ সংক্রান্ত কোন কাজের জন্য উহার কোন সদস্য বা কর্মকর্তা বা কর্মচারীর বিরুদ্ধে কোন ম
9. <other_725_s71> [খাগড়াছড়ি পার্বত্য জেলা পরিষদ আইন, ১৯৮৯, ধারা ৭১] পরিষদের পক্ষে ও বিপক্ষে মামলা — (১) পরিষদের বিরুদ্ধে বা পরিষদ সংক্রান্ত কোন কাজের জন্য উহার কোন সদস্য বা কর্মকর্তা বা কর্মচারীর বিরুদ্ধে কোন ম
10. <other_726_s71> [বান্দরবান পার্বত্য জেলা পরিষদ আইন, ১৯৮৯, ধারা ৭১] পরিষদের পক্ষে ও বিপক্ষে মামলা — (১) পরিষদের বিরুদ্ধে বা পরিষদ সংক্রান্ত কোন কাজের জন্য উহার কোন সদস্য বা কর্মকর্তা বা কর্মচারীর বিরুদ্ধে কোন ম","women_children_835_s19, women_children_835_s17, women_children_1256_s6",own_search,answered,2,Sifat
prot_0011_02,Iftiaq,,"আমরা দুই ভাই, এক বোন। মা মারা গেছেন ২০০৬ সালে। ২০০৯ সালে আমাদের বাবা দ্বিতীয় বিয়ে করেন একজন বিধবাকে নারীকে। যাঁর আগের পক্ষের একটি সাবালক ছেলে আছে। বর্তমানে আমার বাবাই ওই ছেলের লেখাপড়া ও অন্যান্য খরচ বহন করে আসছেন। আমার বাবার ১৬০ শতাংশের মতো জমি আছে, যা তিনি তাঁর মৃত্যুর আগে আমাদের ভাগ করে দিতে ইচ্ছুক নন। প্রশ্ন হলো, বাবার মৃত্যুর পর আমরা তিন ভাইবোন ও সৎমা/ভাই এই সম্পত্তির কে কতটুকু অংশীদার হব? দ্বিতীয়ত, আমার মা উত্তরাধিকার সূত্রে আমার নানার কাছ থেকে ৬৬ শতাংশ সম্পত্তি পেয়েছেন। মায়ের অবর্তমানে এখন আমার বাবাই তা ভোগ করছেন। বাবার অবর্তমানে ওই সম্পত্তিরই বা কে কতটুকু অংশীদার হব, জানালে উপকৃত হব","1. <other_1266_s2_p3> [বাংলাদেশ মুক্তিযোদ্ধা কল্যাণ ট্রাস্ট আইন, ২০, ধারা ২] সংজ্ঞা — বা স্বামী এবং পিতা-মাতার অবর্তমানে খেতাবপ্রাপ্ত বীর মুক্তিযোদ্ধার সন্তান; বা(উ) (অ)-(ঈ) পর্যন্ত বর্ণিত ব্যক্তি
2. <land_856_s27> [অর্পিত সম্পত্তি প্রত্যর্পণ আইন, ২০০১, ধারা ২৭] (১) ধারা ২৬ এর অধীনে ‘ক’ তফসিলে বর্ণিত সম্পত্তি বিক্রয় বা স্থায়ী ইজারা প্রদানের ক্ষেত্রে, উক্ত সম্পত্তি যে হ
3. <money_recovery_876_s40> [সমবায় সমিতি আইন, ২০০১, ধারা ৪০] গ্রহীতা মনোনয়ন — প্রাথমিক সমবায় সমিতির প্রত্যেক সদস্য এমন একজন একক (Individual) ব্যক্তিকে মনোনীত করিবেন যিনি সমিতির সদস্য নহেন
4. <other_1725_s21_p29> [অর্থ আইন, ২০২৬, ধারা ২১] ২০১২ সনের ৪৭ নং আইনের দ্বিতীয় তফসিলের সংশোধন — ডলার পর্যন্ত ৪৫ (ঘ) মূল্যসীমা ১০০০০০ মা. ডলার এর ঊর্ধ্ব হইতে ২০০০০০ মা. ডলার পর্যন্ত ৬০ (ঙ) মূল্যসীমা ২০০০০০ ম
5. <other_822_s10> [পার্বত্য চট্টগ্রাম আঞ্চলিক পরিষদ আইন, ১৯৯৮, ধারা ১০] সম্পত্তি সম্পর্কিত ঘোষণা — চেয়ারম্যান ও প্রত্যেক সদস্য তাহার কার্যভার গ্রহণের পূর্বে তাহার এবং তাঁহার পরিবারের কোন সদস্যের স্বত্ব, দখল ব
6. <local_government_1027_s41> [স্থানীয় সরকার (ইউনিয়ন পরিষদ) আইন, ২০০৯, ধারা ৪১] সম্পত্তি সম্পর্কিত ঘোষণা — চেয়ারম্যান ও সদস্য তাঁহার কার্যভার গ্রহণের পূর্বে তাঁহার এবং তাঁহার পরিবারের কোন সদস্যের স্বত্ব, দখল বা স্বার
7. <local_government_827_s10> [উপজেলা পরিষদ আইন, ১৯৯৮, ধারা ১০] সম্পত্তি সম্পর্কিত ঘোষণা — 14[চেয়ারম্যান ও ভাইস চেয়ারম্যান ] তাঁহার কার্যভার গ্রহণের পূর্বে তাঁহার এবং তাঁহার পরিবারের কোন সদস্যের স্বত
8. <other_1718_s83> [অর্থ (২০২৫-২০২৬ অর্থ বৎসর) আইন, ২০২৬, ধারা ৮৩] ২০২৩ সনের ১২ নং আইনের ধারা ১৩৫ এর সংশোধন — উক্ত আইনের ধারা ১৩৫ এর- (ক) উপ-ধারা (১) এ উল্লিখিত “১০% (দশ শতাংশ)” সংখ্যা, চিহ্ন, বন্ধনী ও শব্দগুলির পরিবর্তে
9. <other_1429_s2_p0> [আয়কর আইন, ২০২৩, ধারা ২] সংজ্ঞা — বিষয় বা প্রসঙ্গের পরিপন্থি কোনো কিছু না থাকিলে, এই আইনে,-(১) “অবলোপিত মূল্য” অর্থ তৃতীয় তফসিলের অংশ ১ এ সংজ্
10. <labour_1285_s18> [বাংলাদেশ ইপিজেড শ্রম আইন, ২০১৯, ধারা ১৮] মৃত্যুজনিত ক্ষতিপূরণ — যদি কোনো শ্রমিক কোনো মালিকের অধীন অবিচ্ছিন্নভাবে অন্তত ১ (এক) বৎসরের অধিককাল চাকরিরত থাকা অবস্থায় মৃত্যুবরণ ক",other_173_s2,own_search,answered,2,Sifat
ajke_0139_01,Iftiaq,,আমি একজন উদ্যোক্তা। ছয় বছর ধরে রেজিনের পণ্য তৈরি ও বিপণন করছি। পণ্যের ডিজাইন নিজেই করি। সেগুলো কীভাবে কপিরাইট করে নিতে পারি?,"1. <other_1128_s16> [মাল্টি-লেভেল মার্কেটিং কার্যক্রম (নিয়ন্ত্রণ), ধারা ১৬] পণ্যের মোড়কাবদ্ধকরণ — (১) এই আইনের উদ্দেশ্য পূরণকল্পে, মোড়কজাতকরণ ব্যতীত মাল্টি-লেভেল মার্কেটিং পদ্ধতিতে কোন পণ্য বিপণন করা যাইবে ন
2. <other_1136_s30> [ভৌগোলিক নির্দেশক পণ্য (নিবন্ধন ও সুরক্ষা) আই, ধারা ৩০] প্রতারণামূলকভাবে সাদৃশ্যপূর্ণ ভৌগোলিক নির্দেশক ব্যবহার ও দণ্ড — (১) কোন ব্যক্তি প্রতারণামূলকভাবে কোন পণ্যে বা পণ্যের মোড়কে সাদৃশ্যপূর্ণ ভৌগোলিক নির্দেশক ব্যবহার করিলে, তাহার
3. <other_1443_s6> [বাংলাদেশ ক্ষুদ্র ও কুটির শিল্প কর্পোরেশন আইন, ধারা ৬] কর্পোরেশনের কার্যাবলি — কর্পোরেশনের কার্যাবলি হইবে নিম্নরূপ, যথা :-(১) কুটির শিল্প, অতি ক্ষুদ্র শিল্প, ক্ষুদ্র শিল্প, মাঝারি শিল্প এবং
4. <consumer_1270_s8> [ওজন ও পরিমাপ মানদণ্ড আইন, ২০১৮, ধারা ৮] ওজন ও পরিমাপনের মানদণ্ড — (১) ধারা ৪ ও ৬ এ উল্লিখিত ওজন ও পরিমাপনের সকল একক এবং ধারা ৭ এর অধীন সেকেন্ডারি মানদণ্ডের ঘোষিত এককসমূহ ওজন ও 
5. <consumer_1010_s73> [ট্রেডমার্ক আইন, ২০০৯, ধারা ৭৩] মিথ্যা ট্রেডমার্ক, ট্রেড বর্ণনা, ইত্যাদি ব্যবহারের দণ্ড — যদি কোন ব্যক্তি-(ক) কোন ট্রেডমার্ককে মিথ্যা প্রতিপন্ন করেন,(খ) কোন পণ্য বা সেবার ক্ষেত্রে ট্রেডমার্ক মিথ্যাভাব
6. <other_1464_s9> [বাংলাদশে ডেইরি উন্নয়ন বোর্ড আইন, ২০২৩, ধারা ৯] বোর্ডের কার্যাবলি — বোর্ডের কার্যাবলি হইবে নিম্নরূপ, যথা :-(১) বাণিজ্যিকভাবে ডেইরি খামার স্থাপন, উন্নত ব্যবস্থাপনা এবং নিরাপদ খাদ্
7. <consumer_1452_s11> [কপিরাইট আইন, ২০২৩, ধারা ১১] কপিরাইট বোর্ড — (১) এই আইনের উদ্দেশ্যপূরণকল্পে, কপিরাইট বোর্ড নামে একটি বোর্ড থাকিবে যাহা ১ (এক) জন চেয়ারম্যান ও অন্যূন ২ (দু
8. <consumer_1452_s41> [কপিরাইট আইন, ২০২৩, ধারা ৪১] কপিরাইট সমিতি কর্তৃক রয়্যালটি প্রদান — কপিরাইট সমিতি, বিধি সাপেক্ষে, কোনো কর্মের প্রচার সংখ্যা বিবেচনাপূর্বক কপিরাইটের প্রত্যেক মালিককে প্রদেয় রয়্য
9. <other_1128_s19> [মাল্টি-লেভেল মার্কেটিং কার্যক্রম (নিয়ন্ত্রণ), ধারা ১৯] নিম্নমানের পণ্য বিপণন নিষিদ্ধ — মাল্টি-লেভেল মার্কেটিং কার্যক্রম পরিচালনার আওতায় কোন ব্যক্তি পণ্য বা সেবার জন্য নির্ধারিত মান হইতে নিম্নমানের
10. <other_1476_s147> [কাস্টমস আইন, ২০২৩, ধারা ১৪৭] পণ্য বোঝাই না করা অথবা পুনরায় নামানোর নোটিশ এবং উহাদের উপর শুল্ক ফেরত — (১) যদি রপ্তানি পণ্য ঘোষণা অথবা কার্গো ঘোষণায় উল্লিখিত পণ্য বোঝাই না করা হয় অথবা কম বোঝাই করা হয় অথবা বোঝাই",consumer_1452_s53,own_search,answered,2,Sifat
prot_0065_06,Iftiaq,,"আমার বয়স ২৬ বছর। বিয়ে হয়েছে ২০০৯ সালে। বিয়ের ১০-১৫ দিন পরই আমার স্বামী বিদেশে চলে যান। বিয়েতে তাঁকে দেড় লাখ টাকা যৌতুক হিসেবে দেওয়া হয়েছিল। কাবিন করা হয়েছিল দুই লাখ টাকা। তাঁদের পক্ষ থেকে গয়না বাবদ এক লাখ টাকা উশুল করা হয়েছিল। এরপর ২০১০ সালের মে মাসে বিদেশে থাকা অবস্থাতেই আমার স্বামী দুর্ঘটনায় মারা যান। তাঁরা ছয় বোন ও এক ভাই ছিলেন। বিদেশের সব টাকা তাঁর এক বোনের নামেই পাঠাতেন। বিদেশে চলে যাওয়ার পর থেকেই তিনি আমার কোনো খোঁজখবর রাখেননি। তাঁর বোনেরা সব সময় আমার সঙ্গে খারাপ আচরণ করতেন। আমার সন্তান হয়নি। এখন আইনসম্মতভাবে আমি তাঁদের পরিবারের কাছ থেকে কী পাব?তাঁর বাবা নেই এবং মা জীবিত। তাঁরা তাঁদের পরিবার থেকে আমাকে এক লাখ টাকা দিতে চাইছেন। আমার স্বামীর অনেক টাকাপয়সা ও জায়গাজমি আছে। কিন্তু তাঁরা বলছেন, আমার স্বামী কিছুই রেখে যাননি। আমি যদি তাঁদের বিরুদ্ধে মামলা করি, তাহলে আমি কী পাব?","1. <other_831_s7_p2> [অর্থ আইন, ১৯৯৯, ধারা ৭] ১৯৯১ সনের ২২ নং আইন সংশোধন — কিছুই থাকুক না কেন, প্রতিষ্ঠিত নিবন্ধিত ব্যক্তির তেগত্রে, প্রতিষ্ঠিত নিবন্ধিত ব্যক্তি বিবেচিত হওয়ার বত্সরে এই
2. <other_1266_s2_p2> [বাংলাদেশ মুক্তিযোদ্ধা কল্যাণ ট্রাস্ট আইন, ২০, ধারা ২] সংজ্ঞা — জামায়াতে ইসলামী এবং তাহাদের সহযোগী রাজাকার, আলবদর, আলশামস বাহিনীর বিরুদ্ধে গণপ্রজাতন্ত্রী বাংলাদেশের স্বাধীনত
3. <other_1476_s171_p11> [কাস্টমস আইন, ২০২৩, ধারা ১৭১] অপরাধসমূহের জরিমানা বা দণ্ড — সামগ্রীর ক্ষেত্রে এই আইন বা তদধীন প্রণীত বিধি দ্বারা নির্ধারিত কোনো শর্ত বা বিধি- নিষেধ পরিপালন করিতে ব্যর্থ হ
4. <other_1096_s53_p4> [বাংলাদেশ পরমাণু শক্তি নিয়ন্ত্রণ আইন, ২০১২, ধারা ৫৩] অপরাধ ও দণ্ড — উভয়দণ্ডে দণ্ডিত হইবেন।(৯) কোন ব্যক্তি এই আইনের অধীন ক্ষমতা প্রয়োগকালে কর্তৃপক্ষ বা তৎকর্তৃক অনুমোদিত ব্যক্তি
5. <women_children_1256_s4> [যৌতুক নিরোধ আইন, ২০১৮, ধারা ৪] যৌতুক প্রদান বা গ্রহণ, ইত্যাদির দণ্ড — যদি বিবাহের কোনো এক পক্ষ যৌতুক প্রদান বা গ্রহণ করেন অথবা যৌতুক প্রদান বা গ্রহণে সহায়তা করেন বা যৌতুক প্রদান ব
6. <women_children_1256_s3> [যৌতুক নিরোধ আইন, ২০১৮, ধারা ৩] যৌতুক দাবি করিবার দণ্ড — যদি বিবাহের কোনো এক পক্ষ, প্রত্যক্ষ বা পরোক্ষভাবে, বিবাহের অন্য কোনো পক্ষের নিকট কোনো যৌতুক দাবি করেন, তাহা হই
7. <other_1395_s3> [বাংলাদেশ সুপ্রীম কোর্টের বিচারক (পারিতোষিক ও, ধারা ৩] বেতন — বিচারকগণ প্রতি মাসে নিম্নবর্ণিত হারে বেতন প্রাপ্য হইবেন, যথা:-(ক) প্রধান বিচারপতি- ১,১০,০০০ (এক লক্ষ দশ হাজার)
8. <other_1052_s10_p1> [বাংলাদেশ গ্যাস আইন, ২০১০, ধারা ১০] কতিপয় অপরাধের দণ্ড — গ্রাহক দোষী সাব্যস্ত হইলে, তিনি অনধিক ৩ (তিন) মাস কারাদন্ডে বাঅনধিক ১০ (দশ) হাজার টাকা অর্থদন্ডে বা উভয় দন্ডে
9. <other_1715_s44_p4> [বন্যপ্রাণী (সংরক্ষণ ও নিরাপত্তা) আইন, ২০২৬, ধারা ৪৪] জরিমানা বা দণ্ড — ) লক্ষ টাকা অর্থদণ্ড অথবা উভয় দণ্ডে দণ্ডিত হইবেন । (১) (২) ( ৩ ) ৪২ ( ১ ) কোনো ব্যক্তি লাইসেন্স বা পারমিট ব্য
10. <other_1485_s9> [বাংলাদেশ পুলিশ কল্যাণ তহবিল আইন, ২০২৩, ধারা ৯] মৃত্যু এবং অক্ষমতাজনিত কারণে এককালীন এবং মাসিক কল্যাণ অনুদান — (১) কোনো কর্মচারী বা তাহার মৃত্যু হইলে তাহার স্ত্রী বা, ক্ষেত্রমত, স্বামী, বিধি দ্বারা নির্ধারিত পদ্ধতিতে, নিম","other_173_s2, family_1444_s5",own_search,answered,2,Sifat
ajke_0180_01,Iftiaq,,স্বামীর শারীরিক নির্যাতন থেকে বাঁচতে কী করা যায়?,"1. <women_children_1063_s3> [পারিবারিক সহিংসতা (প্রতিরোধ ও সুরক্ষা) আইন, , ধারা ৩] পারিবারিক সহিংসতা — - এই আইনের উদ্দেশ্য পূরণকল্পে পারিবারিক সহিংসতা বলিতে পারিবারিক সম্পর্ক রহিয়াছে এমন কোন ব্যক্তি কতৃর্ক পরিবার
2. <other_1133_s2> [নির্যাতন এবং হেফাজতে মৃত্যু (নিবারণ) আইন, ২০, ধারা ২] সংজ্ঞা — বিষয় বা প্রসঙ্গের পরিপন্থী কোন কিছু না থাকিলে, এই আইনে—(১) ‘অভিযোগকারী’ অর্থ এই আইনের অধীনে কোন অভিযোগ উত্থাপ
3. <women_children_835_s11> [নারী ও শিশু নির্যাতন দমন আইন, ২০০০, ধারা ১১] যৌতুকের জন্য মৃত্যু ঘটানো, ইত্যাদির শাস্তি — যদি কোন নারীর স্বামী অথবা স্বামীর পিতা, মাতা, অভিভাবক, আত্মীয় বা স্বামীর পক্ষে অন্য কোন ব্যক্তি যৌতুকের জন্য 
4. <other_1709_s2_p4> [জাতীয় উপাত্ত ব্যবস্থাপনা আইন, ২০২৬, ধারা ২] সংজ্ঞা — উপাত্ত (financial data), অবস্থান (location) চিহ্নিতকরণ উপাত্ত বা অনুরূপ অন্য কোনো অনলাইন শনাক্তকারী উপাত্ত অথব
5. <other_1266_s2_p2> [বাংলাদেশ মুক্তিযোদ্ধা কল্যাণ ট্রাস্ট আইন, ২০, ধারা ২] সংজ্ঞা — জামায়াতে ইসলামী এবং তাহাদের সহযোগী রাজাকার, আলবদর, আলশামস বাহিনীর বিরুদ্ধে গণপ্রজাতন্ত্রী বাংলাদেশের স্বাধীনত
6. <women_children_835_s1> [নারী ও শিশু নির্যাতন দমন আইন, ২০০০, ধারা ১] সংক্ষিপ্ত শিরোনামা — এই আইননারী ও শিশু নির্যাতন দমন আইন, ২০০০নামে অভিহিত হইবে।
7. <women_children_835_s26> [নারী ও শিশু নির্যাতন দমন আইন, ২০০০, ধারা ২৬] নারী ও শিশু নির্যাতন দমন ট্রাইব্যুনাল — (১) এই আইনের অধীন অপরাধ বিচারের জন্য প্রত্যেক জেলা সদরে একটি করিয়া ট্রাইব্যুনাল থাকিবে এবং প্রয়োজনে সরকার উক
8. <road_transport_1262_s7> [সড়ক পরিবহণ আইন, ২০১৮, ধারা ৭] শারীরিক প্রতিবন্ধী ব্যক্তির ড্রাইভিং লাইসেন্স — কর্তৃপক্ষ, নির্ধারিত পদ্ধতিতে, বিশেষ শারীরিক সামর্থ্য যাচাইয়ের মাধ্যমে উপযুক্ত মনে করিলে, কোনো শারীরিক প্রতিব
9. <women_children_1119_s16> [শিশু আইন, ২০১৩, ধারা ১৬] (১) আইনের সহিত সংঘাত জড়িত শিশু কর্তৃক সংঘটিত যে কোনো অপরাধের বিচার করিবার জন্য, প্রত্যেক জেলা সদরে শিশু-আদালত
10. <women_children_835_s35> [নারী ও শিশু নির্যাতন দমন আইন, ২০০০, ধারা ৩৫] (১) এই আইনে যাহা কিছু থাকুক না কেন,নারী ও শিশু নির্যাতন দমন (সংশোধন) অধ্যাদেশ, ২০২৫বলবৎ হওয়ার তারিখ হইতে ধারা","women_children_1063_s11, women_children_1063_s14",own_search,answered,2,Sifat
prot_0079_01,Iftiaq,,"আমার বাবা পারিবারিক বিবাদের কারণে আমার ও মায়ের খোঁজখবর নিতেন না। তিনি আরও একটি বিয়ে করেছেন। আমি মামার সংসারে বড় হই। মামা মারা গেলে আর্থিক অনটনে পড়ে লেখাপড়া চালিয়ে যেতে না পেরে আমি ১৪ বছর বয়সে একা একাই বাবার কাছে যাই। বাবা ও তাঁর দ্বিতীয় স্ত্রী প্রথম দিকে আমার সঙ্গে ভালো ব্যবহার করলেও পরে তাঁরা আমাকে মানসিক ও শারীরিকভাবে নির্যাতন করেন। আমার লেখাপড়ায় বাধা দেন। ওই সংসারে টিকে থাকতে না পেরে আমি আবার মায়ের কাছে ফিরে আসি। মা অনেক কষ্টে আমার লেখাপড়ার খরচ বহন করছেন। এখন আমি দশম শ্রেণীতে পড়ছি। বাবার কাছ থেকে কোনো আর্থিক সহযোগিতা পাচ্ছি না। বরং তিনি বলেন, আমার মাকে তালাক দেবেন এবং আমাকে নাকি ত্যাজ্য করে দেবেন। তা ছাড়া তিনি সব সম্পত্তি তাঁর বর্তমান স্ত্রী ও ছেলের নামে লিখে দেবেন বলে হুমকি দেন। এখন আমি জানতে চাই, তিনি ইচ্ছে করলেই কি আমাকে ত্যাজ্য করতে পারবেন? বাবা যদি কোনো সম্পত্তি আমাকে না লিখে দেন, তাহলে আমি কোনো আইনি ব্যবস্থা নিতে পারব?","1. <women_children_1063_s3> [পারিবারিক সহিংসতা (প্রতিরোধ ও সুরক্ষা) আইন, , ধারা ৩] পারিবারিক সহিংসতা — - এই আইনের উদ্দেশ্য পূরণকল্পে পারিবারিক সহিংসতা বলিতে পারিবারিক সম্পর্ক রহিয়াছে এমন কোন ব্যক্তি কতৃর্ক পরিবার
2. <other_1246_s99_p2> [ক্যান্টনমেন্ট আইন, ২০১৮, ধারা ৯৯] উপদ্রব সৃষ্টির শাস্তি — ক্যান্টনমেন্টের অভ্যন্তরে কোনো সড়ক বা গণস্থানে,-(ক) বোর্ড কর্তৃক গণ-বিজ্ঞপ্তি দ্বারা এতদুদ্দেশ্যে জারিকৃত নিষ
3. <other_812_s84_p4> [দেউলিয়া বিষয়ক আইন, ১৯৯৭, ধারা ৮৪] দেনাদারের অপরাধ ও উহাদের দণ্ড — হিসাব প্রদানের অপচেষ্টা করেন; (ড) একজন দায়গ্রস্ত দেউলিয়া হওয়া সত্ত্বেও- (অ) তাহার দায়গ্রস্ত দেউলিয়া থাকার
4. <other_788_s335_p1> [কোম্পানী আইন, ১৯৯৪, ধারা ৩৩৫] দণ্ড — বার মাসের মধ্যে অথবা পরবর্তী যে কোন সময়ে একশত বা ততোধিক টাকা মূল্যের কোম্পানীর সম্পত্তির কোন অংশ প্রতারণামূলক
5. <other_812_s72> [দেউলিয়া বিষয়ক আইন, ১৯৯৭, ধারা ৭২] দেউলিয়ার সম্পত্তির ব্যাপারে তথ্য তলবের ক্ষমতা — (১) দেউলিয়া ঘোষণাদেশ প্রদত্ত হওয়ার পরে যেকোন সময় পাওনাদার কমিটি কিংবা পাওনা প্রমাণকারী কোন পাওনাদারের আবেদন
6. <other_1136_s41> [ভৌগোলিক নির্দেশক পণ্য (নিবন্ধন ও সুরক্ষা) আই, ধারা ৪১] কতিপয় কার্যধারায় অনুমোদিত ব্যবহারকারীকে পক্ষভুক্ত করা — (১) এই আইনের অধীন প্রতিটি আইনগত কার্যধারায়, অনুরূপ কার্যধারার সহিত সম্পৃক্ত ভৌগোলিক নির্দেশক পণ্যের অনুমোদিত 
7. <other_812_s63> [দেউলিয়া বিষয়ক আইন, ১৯৯৭, ধারা ৬৩] সত্ উদ্দেশ্যে কৃত লেন-দেন রক্ষণ — ধারা ৫৯, ৬০, ৬১ এবং ৬২-এর বিধান অনুযায়ী ব্যতীত, এই আইনের অন্য কোন বিধানের ফলে কোন দেউলিয়া বিষয়ক কার্যধারায়
8. <consumer_1010_s105> [ট্রেডমার্ক আইন, ২০০৯, ধারা ১০৫] নিবন্ধিত ব্যবহারকারীকে মামলায় পক্ষভুক্তি — (১) এই আইনের সপ্তম অধ্যায় বা ধারা ১০০ এর অধীন কোন মামলায় বা আপীলে কোন ট্রেডমার্কের নিবন্ধিত ব্যবহারকারী পক্ষ
9. <other_812_s32> [দেউলিয়া বিষয়ক আইন, ১৯৯৭, ধারা ৩২] অব্যাহতিপ্রাপ্ত সম্পত্তি — এই আইনের অন্য কোন বিধানে যাহা কিছুই থাকুক না কেন, একক দেনাদারের নিম্্নবর্ণিত সম্পত্তির দখল ২৩ ধারার অধীনে গ্রহ
10. <other_812_s9> [দেউলিয়া বিষয়ক আইন, ১৯৯৭, ধারা ৯] দেউলিয়া কর্ম — (১) কোন দেনাদারের নিম্্নবর্ণিত যেকোন একটি কাজই হইবে দেউলিয়া কর্ম, যথা :- (ক) যদি তিনি বাংলাদেশ বা অন্যত্র তাহ","other_173_s2, family_1444_s5",own_search,answered,1,Sifat
prot_0048_06,Iftiaq,,"আমার বিয়ে হয় ২০০১ সালে। দুটি ছেলে আছে, বয়স পাঁচ ও আড়াই বছর। বিয়ের পর থেকেই স্বামীর সঙ্গে বনিবনা হচ্ছে না। আমার স্বামীর আর্থিক অবস্থা বেশ ভালো। ছেলেদের নিজের কাছে রাখতে তিনি সব রকম চেষ্টা করবেন। আমি আর্থিকভাবে স্বাবলম্বী নই। কিন্তু স্বামীর কাছ থেকে আলাদা হতে চাই। আমি কি সন্তানদের নিজের কাছে রাখতে পারব?আয়রা তামান","1. <women_children_835_s11> [নারী ও শিশু নির্যাতন দমন আইন, ২০০০, ধারা ১১] যৌতুকের জন্য মৃত্যু ঘটানো, ইত্যাদির শাস্তি — যদি কোন নারীর স্বামী অথবা স্বামীর পিতা, মাতা, অভিভাবক, আত্মীয় বা স্বামীর পক্ষে অন্য কোন ব্যক্তি যৌতুকের জন্য 
2. <other_1266_s2_p2> [বাংলাদেশ মুক্তিযোদ্ধা কল্যাণ ট্রাস্ট আইন, ২০, ধারা ২] সংজ্ঞা — জামায়াতে ইসলামী এবং তাহাদের সহযোগী রাজাকার, আলবদর, আলশামস বাহিনীর বিরুদ্ধে গণপ্রজাতন্ত্রী বাংলাদেশের স্বাধীনত
3. <other_788_s342> [কোম্পানী আইন, ১৯৯৪, ধারা ৩৪২] লিকুইডেটর কর্তৃক ব্যাংকে টাকা জমাদান — (১) আদালত কর্তৃক অবলুপ্ত হইতেছে এইরূপ কোম্পানীর প্রত্যেক লিকুইডেটর তত্কর্তৃক গৃহীত সকল টাকা নির্ধারিত পদ্ধতিতে
4. <other_1037_s57_p2> [বীমা আইন, ২০১০, ধারা ৫৭] বীমা পলিসি গ্রাহক কর্তৃক মনোনয়ন৷ — বলবৎ হইবার পূর্বে কোন ব্যক্তি তাহার নিজের বা তাহার স্ত্রীর বা সন্তানদের বা তাহাদের যে কোন এক জনের লাইফ ইন্স্যু
5. <other_788_s343_p2> [কোম্পানী আইন, ১৯৯৪, ধারা ৩৪৩] অদাবীকৃত লভ্যাংশ ও অবিলিকৃত পরিসম্পদ কোম্পানী অবলুপ্তি সংক্রান্ত হিসাবে জমাদান — অর্থ স্থানান্তরিত হয় নাই; এবং এইরূপ দাবী পরিশোধের জন্য প্রদত্ত আদেশ রাজস্ব ফেরতদানের আদেশ বলিয়া গণ্য হইবে ।(
6. <cybercrime_1710_s22> [সাইবার সুরক্ষা আইন, ২০২৬, ধারা ২২] সাইবার স্পেসে প্রতারণার অপরাধ ও দণ্ড — (১) যদি কোনো ব্যক্তি সাইবার স্পেস ব্যবহার করিয়া প্রতারণা করেন, তাহা হইলে উক্ত ব্যক্তির অনুরূপ কার্য হইবে একটি
7. <other_1045_s18> [চার্টার্ড সেক্রেটারীজ আইন, ২০১০, ধারা ১৮] রেজিস্টার — (১) সচিব, নিম্নবর্ণিত তথ্যাদি উল্লেখপূর্বক, নির্ধারিত পদ্ধতিতে, সদস্যগণের নাম রেজিস্টারে অন্তর্ভুক্ত ও সংরক্ষণ
8. <labour_952_s302> [বাংলাদেশ শ্রম আইন, ২০০৬, ধারা ৩০২] মিথ্যা সক্ষমতা প্রত্যয়নপত্র ব্যবহারের দন্ড — কোন ব্যক্তি এই আইনের কোন বিধানের অধীন অন্য কোন ব্যক্তিকে প্রদত্ত কোন সক্ষমতা পত্র নিজের বরাবরে প্রদত্ত সক্ষমতা
9. <labour_952_s84> [বাংলাদেশ শ্রম আইন, ২০০৬, ধারা ৮৪] নমুনা সংগ্রহের ক্ষমতা — (১) কোন পরিদর্শক, কোন প্রতিষ্ঠানের স্বাভাবিক কর্ম সময়ে, মালিককে সংবাদ দিয়া প্রতিষ্ঠানে ব্যবহৃত বা ব্যবহারের 
10. <other_1478_s2_p1> [ফাইন্যান্স কোম্পানি আইন, ২০২৩, ধারা ২] সংজ্ঞা — ""ইচ্ছাকৃত খেলাপী ঋণগ্রহীতা” অর্থ এইরূপ খেলাপী ঋণগ্রহীতা ব্যক্তি যিনি বা যাহা-(ক) নিজের, তাহার পরিবারের সদস্যের","family_64_s17, family_1444_s5",own_search,answered,2,Sifat
prot_0025_04,Iftiaq,,"সন্তান কার সঙ্গে থাকবে, এ বিষয়ে আইনের বিধান কী?","1. <other_1718_s83> [অর্থ (২০২৫-২০২৬ অর্থ বৎসর) আইন, ২০২৬, ধারা ৮৩] ২০২৩ সনের ১২ নং আইনের ধারা ১৩৫ এর সংশোধন — উক্ত আইনের ধারা ১৩৫ এর- (ক) উপ-ধারা (১) এ উল্লিখিত “১০% (দশ শতাংশ)” সংখ্যা, চিহ্ন, বন্ধনী ও শব্দগুলির পরিবর্তে
2. <other_1349_s2> [আকাশপথে পরিবহণ (মন্ট্রিল কনভেনশন) আইন, ২০২০, ধারা ২] বিষয়বাপ্রসঙ্গেরপরিপন্থিকোনোকিছুনাথাকিলে,এইআইনে-(ক)‘অভ্যন্তরীণপরিবহণ’অর্থআকাশপথে পরিবহণেপক্ষসমূহেরমধ্যেসম্পাদি
3. <labour_1285_s30> [বাংলাদেশ ইপিজেড শ্রম আইন, ২০১৯, ধারা ৩০] প্রসূতি কল্যাণ সুবিধা প্রাপ্তির অধিকার এবং প্রদানের দায়িত্ব — (১) প্রত্যেক মহিলা শ্রমিক তাহার মালিকের নিকট হইতে তাহার সন্তান প্রসবের সম্ভাব্য তারিখের অব্যবহিত পূর্ববর্তী ৮ 
4. <other_1266_s2_p3> [বাংলাদেশ মুক্তিযোদ্ধা কল্যাণ ট্রাস্ট আইন, ২০, ধারা ২] সংজ্ঞা — বা স্বামী এবং পিতা-মাতার অবর্তমানে খেতাবপ্রাপ্ত বীর মুক্তিযোদ্ধার সন্তান; বা(উ) (অ)-(ঈ) পর্যন্ত বর্ণিত ব্যক্তি
5. <other_924_s2> [ব্যক্তি মালিকানাধীন সড়ক পরিবহন শ্রমিক কল্যাণ, ধারা ২] সংজ্ঞা — বিষয় বা প্রসঙ্গের পরিপন্থী কিছু না থাকিলে, এই আইনে-(ক) “কল্যাণ তহবিল” অর্থ ধারা ৪ এর অধীন গঠিত কল্যাণ তহবিল;(
6. <labour_1285_s29> [বাংলাদেশ ইপিজেড শ্রম আইন, ২০১৯, ধারা ২৯] প্রসূতিকালীন মহিলা শ্রমিকের কর্মে নিয়োগ নিষিদ্ধ — (১) কোনো মালিক তাহার প্রতিষ্ঠানে কোনো মহিলা শ্রমিককে তাহার সন্তান প্রসবের অব্যবহিত পরবর্তী ৮ (আট) সপ্তাহের মধ্
7. <other_1132_s4> [পিতা-মাতার ভরণ-পোষণ আইন, ২০১৩, ধারা ৪] পিতা-মাতার অবর্তমানে দাদা-দাদী, নানা-নানীর ভরণ-পোষণ — প্রত্যেক সন্তান তাহার—(ক) পিতার অবর্তমানে দাদা-দাদীকে; এবং(খ) মাতার অবর্তমানে নানা-নানীকে—ধারা ৩ এ বর্ণিত ভরণ-
8. <other_1476_s257> [কাস্টমস আইন, ২০২৩, ধারা ২৫৭] সিদ্ধান্ত প্রদান — (১) কোনো ব্যক্তি এই আইন বা বিধির প্রয়োগ সম্পর্কিত কোনো বিষয়ে সিদ্ধান্ত প্রদানের জন্য, বিধি দ্বারা নির্ধারিত 
9. <other_1132_s5> [পিতা-মাতার ভরণ-পোষণ আইন, ২০১৩, ধারা ৫] পিতা-মাতার ভরণ-পোষণ না করিবার দণ্ড — (১) কোন সন্তান কর্তৃক ধারা ৩ এর যে কোন উপ-ধারার বিধান কিংবা ধারা ৪ এর বিধান লংঘন অপরাধ বলিয়া গণ্য হইবে এবং উক
10. <other_1132_s3> [পিতা-মাতার ভরণ-পোষণ আইন, ২০১৩, ধারা ৩] পিতা-মাতার ভরণ-পোষণ — (১) প্রত্যেক সন্তানকে তাহার পিতা-মাতার ভরণ-পোষণ নিশ্চিত করিতে হইবে।(২) কোন পিতা-মাতার একাধিক সন্তান থাকিলে সেই",family_64_s17,own_search,answered,2,Sifat
prot_0106_03,Iftiaq,,"এখানে বিক্রির বায়না দলিলটি না দেখে কিছু বলা যাচ্ছে না। তবে বিষয়টি হাউস বিল্ডিং কর্তৃপক্ষের সঙ্গে যোগাযোগ করে প্রকৃত তথ্য বের করার চেষ্টা করেন। আর আপনার বাবার করা বিক্রি দলিলটি কতটা আইনসম্মত তা যাচাই করতে হবে। যদি বিক্রিটি আইনসম্মত না হয়ে থাকে, তাহলে দেওয়ানি আদালতের আশ্রয় নেওয়া যেতে পারে।স্বামীর নির্যাতন থেকে বোনকে বাঁচাব কীভাবে?","1. <other_1246_s128> [ক্যান্টনমেন্ট আইন, ২০১৮, ধারা ১২৮] আইনসম্মত নোটিশের শর্তাবলি — (১) ধারা ১২৭ এর অধীন নোটিশ প্রদানকারী ব্যক্তি সংশ্লিষ্ট ইমারতটি যে উদ্দেশ্যে ব্যবহৃত হইবে উহা নির্দিষ্ট করিবেন
2. <other_788_s39> [কোম্পানী আইন, ১৯৯৪, ধারা ৩৯] হস্তান্তর প্রত্যয়ন — (১) কোম্পানীর শেয়ার বা ডিবেঞ্চার হস্তান্তর-দলিল কোম্পানী কর্তৃক প্রত্যয়নকৃত হইলে, তৎসম্পর্কে যে কোন ব্যক্তির
3. <family_1444_s6_p1> [পারিবারিক আদালত আইন, ২০২৩, ধারা ৬] মোকদ্দমা দায়ের — এবং(ছ) বাদীর প্রার্থীত প্রতিকার।(৫) যেক্ষেত্রে বাদী তাহার দাবির সমর্থনে সাক্ষ্য হিসাবে তাহার দখলে বা ক্ষমতাধীন
4. <other_1246_s175> [ক্যান্টনমেন্ট আইন, ২০১৮, ধারা ১৭৫] অন্তর্ঘাতি ব্যক্তিগণের বহিষ্কার — (১) যদি ক্যান্টনমেন্টের অভ্যন্তরে অবস্থান বা বসবাস করিয়া কোনো ব্যক্তি এইরূপ কোনো কিছু ঘটান বা ঘটানোর চেষ্টা ক
5. <other_1072_s4> [জনস্বার্থ সংশ্লিষ্ট তথ্য প্রকাশ (সুরক্ষা প্র, ধারা ৪] (১) কোন তথ্য প্রকাশকারী উপযুক্ত কর্তৃপক্ষের নিকট, যুক্তিযুক্ত বিবেচনায়, জনস্বার্থ সংশ্লিষ্ট সঠিক তথ্য প্রকাশ 
6. <other_914_s28খ> [দুর্নীতি দমন কমিশন আইন, ২০০৪, ধারা ২৮খ] তথ্য প্রদানকারীর পরিচয় গোপন রাখা — (১) এই আইনের অধীন ও উহার তফসিলে বর্ণিত কোন অপরাধের বিষয়ে কোন ব্যক্তি কর্তৃক প্রদত্ত কোন তথ্য (information) কো
7. <other_1652_s5> [বাণিজ্যিক আদালত আইন, ২০২৬, ধারা ৫] এখতিয়ারে বাধা — এই আইনে যাহা কিছু থাকুক না কেন, যেক্ষেত্রে কোনো আইন দ্বারা দেওয়ানি আদালতের এখতিয়ার সীমাবদ্ধ বা রহিত করা হয়,
8. <other_788_s333_p0> [কোম্পানী আইন, ১৯৯৪, ধারা ৩৩৩] অপরাধী পরিচালক ইত্যাদিকে ফৌজদারীতে সোপর্দ করা — (১) আদালত কর্তৃক কিংবা আদালতের তত্ত্বাবধান সাপেক্ষে কোন কোম্পানীর অবলুপ্তির চলাকালে আদালতের নিকট যদি প্রতীয়মা
9. <women_children_835_s11> [নারী ও শিশু নির্যাতন দমন আইন, ২০০০, ধারা ১১] যৌতুকের জন্য মৃত্যু ঘটানো, ইত্যাদির শাস্তি — যদি কোন নারীর স্বামী অথবা স্বামীর পিতা, মাতা, অভিভাবক, আত্মীয় বা স্বামীর পক্ষে অন্য কোন ব্যক্তি যৌতুকের জন্য 
10. <other_812_s84_p1> [দেউলিয়া বিষয়ক আইন, ১৯৯৭, ধারা ৮৪] দেনাদারের অপরাধ ও উহাদের দণ্ড — ও অন্যান্য দলিল-পত্র তাহার হেফাজতে বা নিয়ন্ত্রণে আছে তাহা যদি তিনি, রিসিভারের নির্দেশ মোতাবেক, রিসিভারের নিকট","women_children_1063_s11, women_children_1063_s14",own_search,answered,1,Sifat
prot_0050_04,Iftiaq,,"আমার স্বামী ব্যাংকের কর্মকর্তা ছিলেন। তিনি ২০০৮ সালে চাকরিরত অবস্থায় মারা যান। স্বামীর ওয়ারিশ হিসেবে তাঁর চার কন্যাসন্তান ও আমি আছি। স্বামীর মৃত্যুর সময় তাঁর বাবা (আমার শ্বশুর) জীবিত ছিলেন। এখন মৃত। আমার স্বামীর ছয় ভাই ও চার বোন। এক ভাই স্বামীর মৃত্যুর আগে মারা যান। সবারই সন্তান আছে। আমার স্বামী নিজে কিছু সম্পত্তি কিনেছিলেন। সেটা স্বামীর নামেই রেকর্ড হয়েছে। এখন স্বামীর ভাইয়ের ছেলেরা জমি দাবি করছে। আমার স্বামীর সম্পত্তিতে এখন আমি, আমার চার মেয়ে ও অন্যরা কে কত অংশ পাবে?আমার স্বামী ব্যাংক কর্মকর্তা হিসেবে ৭ শতাংশ জমি ও বাড়ি বন্ধক দিয়ে ব্যাংক থেকে ঋণ নিয়েছিলেন। তাঁর মৃত্যুর পর আমার প্রাপ্য পারিবারিক মাসিক পেনশন থেকে ঋণ পরিশোধ হচ্ছে। এ অবস্থায় ঋণ পরিশোধ হওয়ার পর ওই জমি ও বাড়ির অংশে আমি এবং আমার চার মেয়ে ছাড়া অন্য কেউ ভাগ পাবে কি না","1. <other_1266_s2_p2> [বাংলাদেশ মুক্তিযোদ্ধা কল্যাণ ট্রাস্ট আইন, ২০, ধারা ২] সংজ্ঞা — জামায়াতে ইসলামী এবং তাহাদের সহযোগী রাজাকার, আলবদর, আলশামস বাহিনীর বিরুদ্ধে গণপ্রজাতন্ত্রী বাংলাদেশের স্বাধীনত
2. <women_children_835_s11> [নারী ও শিশু নির্যাতন দমন আইন, ২০০০, ধারা ১১] যৌতুকের জন্য মৃত্যু ঘটানো, ইত্যাদির শাস্তি — যদি কোন নারীর স্বামী অথবা স্বামীর পিতা, মাতা, অভিভাবক, আত্মীয় বা স্বামীর পক্ষে অন্য কোন ব্যক্তি যৌতুকের জন্য 
3. <other_1418_s21_p2> [বাংলাদেশ সুপ্রীম কোর্টের বিচারক (ছুটি, পেনশন, ধারা ২১] আনুতোষিক ও পারিবারিক পেনশন — হিসাবে প্রাপ্য হইতেন।(৩) কোনো বিচারক, অবসর গ্রহণের পর তাহার গ্রস-পেনশনের সম্পূর্ণ অংশ সমর্পণ করিতে পারিবেন এবং
4. <labour_1285_s33> [বাংলাদেশ ইপিজেড শ্রম আইন, ২০১৯, ধারা ৩৩] মহিলা শ্রমিকের মৃত্যুর ক্ষেত্রে প্রসূতি কল্যাণ সুবিধা প্রদান — (১) এই অধ্যায়ের অধীন প্রসূতি কল্যাণ সুবিধা পাইবার অধিকারী কোনো মহিলা শ্রমিক সন্তান প্রসবকালে অথবা উহার পরবর্ত
5. <labour_952_s49> [বাংলাদেশ শ্রম আইন, ২০০৬, ধারা ৪৯] 1 [***] মৃত্যুর ক্ষেত্রে প্রসূতি কল্যাণ সুবিধা প্রদান — (১) এই অধ্যায়ের অধীন প্রসূতি কল্যাণ সুবিধা পাওয়ার অধিকারী কোন মহিলা সন্ত্মান প্রসবকালে অথবা উহার পরবর্তী আট 
6. <other_1717_s59_p1> [ব্যাংক রেজল্যুশন আইন, ২০২৬, ধারা ৫৯] তফসিলি ব্যাংকের পরিচালক এবং কর্মকর্তাদের দ্বারা সংঘটিত অপরাধ — বহি, রেজিস্টার, রেকর্ড বা দলিলপত্রে কোনো মিথ্যা তথ্য অন্তর্ভুক্ত করিয়াছেন অথবা করিতে সহযোগিতা করিয়াছেন; (উ) 
7. <local_government_1027_s2_p1> [স্থানীয় সরকার (ইউনিয়ন পরিষদ) আইন, ২০০৯, ধারা ২] সংজ্ঞা — শহর হিসাবে ঘোষিত নয় এইরূপ এলাকা;(১৩) 'চেয়ারম্যান' অর্থ ইউনিয়ন পরিষদের চেয়ারম্যান;(১৪) 'জনপথ' অর্থ সর্বসাধা
8. <other_1138_s2> [গ্রামীণ ব্যাংক আইন, ২০১৩, ধারা ২] সংজ্ঞা — বিষয় বা প্রসংগের পরিপন্থি কোন কিছু না থাকিলে, এই আইনে,-1[(১) “ঋণ” অর্থ এইরূপ কোনো ব্যক্তির পক্ষে ব্যাংক কর্তৃ
9. <other_822_s10> [পার্বত্য চট্টগ্রাম আঞ্চলিক পরিষদ আইন, ১৯৯৮, ধারা ১০] সম্পত্তি সম্পর্কিত ঘোষণা — চেয়ারম্যান ও প্রত্যেক সদস্য তাহার কার্যভার গ্রহণের পূর্বে তাহার এবং তাঁহার পরিবারের কোন সদস্যের স্বত্ব, দখল ব
10. <land_1455_s10> [ভূমি সংস্কার আইন, ২০২৩, ধারা ১০] বর্গাদারের মৃত্যুর পর বর্গাভূমির চাষ — (১) কোনো বর্গাদার বর্গাচুক্তির মেয়াদ শেষ হইবার পূর্বে মারা গেলে, উহার মেয়াদ শেষ না হওয়া পর্যন্ত অথবা এই আইন","other_173_s2, family_305_s4",own_search,answered,2,Sifat
prot_0014_02,Iftiaq,,"আমি বিয়ে করি ২০০৮ সালের ১৬ ডিসেম্বর। বিয়ের এক মাস পার হওয়ার পর তার সঙ্গে আমার সমস্যার সৃষ্টি হয়। আমি তাকে ২০১০ সালের আগস্টে তালাক দিই। সে তালাকের চিঠি পাওয়ার পরে, আমার নামে একটি যৌতুকের মামলা করে। আদালত এই মামলায় গত মার্চ মাসে আমার পক্ষে রায় দেন। কিন্তু এখন পর্যন্ত সে আমার নামে কোনো পারিবারিক মামলা করেনি। আমার কাছে তার পক্ষ থেকে কোনো কাবিনের টাকা চাওয়া হয়নি। যৌতুকের মামলার রায়ের কত দিন, মাস বা বছর পর্যন্ত সময় থাকে? এই পারিবারিক মামলা করতে আমাকে সঠিক পরামর্শ দিলে আমি আপনার কাছে উপকৃত থাকবে","1. <labour_952_s216_p1> [বাংলাদেশ শ্রম আইন, ২০০৬, ধারা ২১৬] অপরাধ বিচার ছাড়া অন্য কোন বিষয়ে শ্রম আদালতের ক্ষমতা ওকার্যক্রম — বা আপত্তি পেশ করিতে ব্যর্থ হয়, তাহা হইলে মামলাটি একতরফা শুনানীক্রমে নিষ্পত্তি করা হইবে।(৬) কোন পক্ষের আবেদনক্
2. <other_1246_s204> [ক্যান্টনমেন্ট আইন, ২০১৮, ধারা ২০৪] মামলার নোটিশ প্রদান — (১) কোনো ব্যক্তি বোর্ডের কোনো আদেশ দ্বারা সংক্ষুব্ধ হইয়া কোনো দেওয়ানি মামলা দায়ের করিতে চাহিলে, তিনি তামাদি
3. <money_recovery_901_s28> [অর্থ ঋণ আদালত আইন, ২০০৩, ধারা ২৮] জারীর জন্য মামলা দাখিলের সময়সীমা — (১) TheLimitation Act, 1908এবং TheCode of Civil Procedure, 1908এ ভিন্নতর যে বিধানই থাকুক না কেন, ডিক্রীদার, আদ
4. <family_1444_s26> [পারিবারিক আদালত আইন, ২০২৩, ধারা ২৬] মুসলিম পারিবারিক আইনের বিধানকে প্রভাবিত না করা — (১) এই আইনের কোনো কিছুই মুসলিম পরিবারিক আইন অথবা তদধীন প্রণীত বিধিমালার কোনো বিধানকে প্রভাবিত করিবে না।(২) যেক
5. <money_recovery_901_s14> [অর্থ ঋণ আদালত আইন, ২০০৩, ধারা ১৪] মামলার শুনানী মুলতবী — (১) ধারা ১৭ এর মামলা নিষ্পত্তির সময়সীমা সম্পর্কিত বিধান সাপেক্ষে অর্থ ঋণ আদালতের কোন মামলার চূড়ান্ত শুনানীর 
6. <other_1203_s44> [বাংলাদেশ জীববৈচিত্র্য আইন, ২০১৭, ধারা ৪৪] মিথ্যা বা হয়রানিমূলক মামলা দায়েরের দণ্ড — এই আইনের অধীন দায়েরকৃত কোন মামলায় আদালত শুনানী ও বিচারান্তে যদি কোন অভিযুক্ত ব্যক্তিকে খালাস প্রদান করে এবং 
7. <other_1246_s203> [ক্যান্টনমেন্ট আইন, ২০১৮, ধারা ২০৩] অভিযুক্তকরণের সীমাবদ্ধতা — (১) এই আইন বা উহার অধীন কোনো অপরাধ সংঘটিত হইবার ৬ (ছয়) মাস অতিক্রান্ত হইবার পর তৎসম্পর্কে কোনো অভিযোগ বা মামল
8. <constitutional_957_s150> [গণপ্রজাতন্ত্রী বাংলাদেশের সংবিধান, অনুচ্ছেদ ১৫০] (১) এই সংবিধানের অন্য কোন বিধান সত্ত্বেও ১৯৭২ সালের ১৬ই ডিসেম্বর তারিখে এই সংবিধান প্রবর্তনকালে সংবিধানের চতুর
9. <consumer_1010_s102> [ট্রেডমার্ক আইন, ২০০৯, ধারা ১০২] ট্রেডমার্কের বৈধতা অথবা নিবন্ধন প্রশ্নাধীন হইলে কার্যধারা স্থগিত রাখা — (১) যেক্ষেত্রে ট্রেডমার্ক লঙ্ঘনজনিত মামলায় বিবাদী যুক্তি দেখান যে, বাদীর ট্রেডমার্ক অবৈধ বা বাদী বিবাদীর ট্রে
10. <other_788_s395> [কোম্পানী আইন, ১৯৯৪, ধারা ৩৯৫] সীমিতদায় কোম্পানীকে মামলার খরচের জন্য জামানত দেওয়ার নির্দেশদানের ক্তমতা — যেক্ষেত্রে কোন মামলা বা অন্য কোন আইনগত কার্যধারায় কোন সীমিতদায় কোম্পানী বাদী বা আবেদনকারী হয়, সেক্ষেত্রে যদ",criminal_procedure_75_s417,own_search,answered,2,Sifat
prot_0077_01,Iftiaq,,"আমি বিশ্ববিদ্যালয়ের শিক্ষার্থী। তিন বছর ধরে আমি একটি মেয়েকে ভালোবাসি। সেও আমাকে খুবই ভালোবাসে। সে এবার এসএসসি পরীক্ষা দিয়েছে। আমাদের সম্পর্কের কথা ওর পরিবারের সবাই জানে। জোরপূর্বক ওর বাবা-মা ওকে আট মাস আগে এক প্রবাসী ছেলের সঙ্গে মোবাইল ফোনের মাধ্যমে বিয়ে দেন। বিয়ের পর ছেলেটি বাংলাদেশে আসেনি। আমরা সিদ্ধান্ত নিয়েছি, ছেলেটি বাংলাদেশে আসার এক মাস আগে বিয়ে করে পালিয়ে যাব। ছেলেটি আগামী জানুয়ারি মাসে বাংলাদেশে আসবে। আমাদের পরিবারও আমাদের সম্পর্ক মেনে নেবে না। বিয়ে করতে কোনো আইনি বাধা আছে কি? হয়তো আপনি বলবেন যে মেয়ের বিয়ের বয়স হয়নি। তাহলে আমি বলব মেয়ের বিয়ের বয়স না হলে আট মাস আগে কীভাবে মেয়ের বাবা-মা মেয়েকে বিয়ে দিলেন? আমরা কীভাবে পরস্পরকে পাব, সেই পরামর্শ চাই","1. <other_1124_s7> [মাতৃদুগ্ধ বিকল্প, শিশু খাদ্য, বাণিজ্যিকভাবে , ধারা ৭] শিক্ষামূলক বা অন্যান্য তথ্যাদি — জন্ম-পূর্ববর্তী বা জন্ম-পরবর্তী সেবা দানের উদ্দেশ্যে কোন গর্ভবতী মহিলা বা মাতৃদুগ্ধদানকারী বা শিশুর মায়েদের স
2. <labour_952_s50> [বাংলাদেশ শ্রম আইন, ২০০৬, ধারা ৫০] কতিপয় ক্ষেত্রে নারীর চাকুরীর অবসানে বাধা — যদি কোন মহিলার সন্ত্মান প্রসবের পূর্ববতী ছয় মাস এবং সন্ত্মান প্রসবের পরবর্তী আট সপ্তাহ মেয়াদের মধ্যে তাহাকে 
3. <other_1124_s2> [মাতৃদুগ্ধ বিকল্প, শিশু খাদ্য, বাণিজ্যিকভাবে , ধারা ২] সংজ্ঞা — বিষয় বা প্রসঙ্গের পরিপন্থী কোন কিছু না থাকিলে, এই আইনে,-(ক) ‘‘জাতীয় উপদেষ্টা কমিটি’’ অর্থ ধারা ৮ এর অধীন গঠি
4. <labour_1285_s34> [বাংলাদেশ ইপিজেড শ্রম আইন, ২০১৯, ধারা ৩৪] কতিপয় ক্ষেত্রে মহিলা শ্রমিকের চাকরির অবসানে বাধা — যদি কোনো মহিলা শ্রমিকের সন্তান প্রসবের পূর্ববর্তী ৬ (ছয়) মাস এবং সন্তান প্রসবের পরবর্তী ৮ (আট) সপ্তাহ মেয়াদে
5. <labour_952_s46> [বাংলাদেশ শ্রম আইন, ২০০৬, ধারা ৪৬] প্রসূতি কল্যাণ সুবিধা প্রাপ্তির অধিকার এবং প্রদানের দায়িত্ব — (১) প্রত্যেক মহিলা শ্রমিক তাহার মালিকের নিকট হইতে তাহার সন্ত্মান প্রসবের সম্ভাব্য তারিখের অব্যবহিত পূর্ববর্তী 
6. <other_1476_s171_p15> [কাস্টমস আইন, ২০২৩, ধারা ১৭১] অপরাধসমূহের জরিমানা বা দণ্ড — আরোপণীয় হইবে; অথবা(খ) আদালত কর্তৃক দোষী সাব্যস্ত হইলে, সংশ্লিষ্ট ব্যক্তি তিনি অনধিক ১ (এক) বৎসর মেয়াদের কারা
7. <labour_1285_s30> [বাংলাদেশ ইপিজেড শ্রম আইন, ২০১৯, ধারা ৩০] প্রসূতি কল্যাণ সুবিধা প্রাপ্তির অধিকার এবং প্রদানের দায়িত্ব — (১) প্রত্যেক মহিলা শ্রমিক তাহার মালিকের নিকট হইতে তাহার সন্তান প্রসবের সম্ভাব্য তারিখের অব্যবহিত পূর্ববর্তী ৮ 
8. <other_1037_s85> [বীমা আইন, ২০১০, ধারা ৮৫] পলিসি তামাদির ক্ষেত্রে বীমাকৃতের প্রাপ্তব্য সুবিধাদি সম্পর্কে নোটিশ প্রদান৷ — কোন বীমাকারী যে তারিখে লাইফ ইন্স্যুরেন্স পলিসির প্রিমিয়াম প্রদেয় ছিল, কিন্তু পরিশোধ করা হয়নি ঐ তারিখ হইতে ৩
9. <criminal_procedure_1013_s52> [বরিশাল মহানগরী পুলিশ আইন, ২০০৯, ধারা ৫২] নিয়োগপত্র, প্রভৃতি ফেরত দিতে গাফিলতি বা অস্বীকৃতি জ্ঞাপনের দণ্ড — কোন পুলিশ কর্মকর্তা বাহিনীর সহিত সম্পর্ক ছিন্ন হওয়ার অব্যবহিত পরে তাহার নিয়োগপত্র, অস্ত্র, পোশাক ও অন্যান্য 
10. <criminal_procedure_1012_s52> [সিলেট মহানগরী পুলিশ আইন, ২০০৯, ধারা ৫২] নিয়োগপত্র, প্রভৃতি ফেরৎ দিতে গাফিলতি বা অস্বীকৃতি জ্ঞাপনের দণ্ড — কোন পুলিশ কর্মকর্তা বাহিনীর সহিত সম্পর্ক ছিন্ন হওয়ার অব্যবহিত পরে তাহার নিয়োগপত্র, অস্ত্র, পোশাক ও অন্যান্য ","criminal_procedure_11_s494, women_children_1207_s7, family_180_s2_p0",own_search,answered,2,Sifat
prot_0055_02,Iftiaq,,"আমার বাবার দুই স্ত্রী। আমি ছোট মায়ের সন্তান। আমার আরও দুটি ভাই আছে আমার মায়ের গর্ভের। এ ছাড়া বড় মায়ের ঘরের দুই ছেলে রয়েছে। আমি বিয়ে করিনি। আমার নিজের নামে কিছু জমি রয়েছে। আমার প্রশ্ন হলো, আমার মৃত্যুর পর এই সম্পত্তির অংশিদার কে কে হবেন? আমি চাই, আমার সম্পত্তি শুধু আমার দুই ভাই (নিজের মায়ের সন্তান) পাবে। আমি যদি কোনো অছিয়তনামা বা উইল করে যাই, তাহলে সেটা সম্ভব কি না। আমার পক্ষে এই মুহূর্তে রেজিস্ট্রি করে দেওয়া সম্ভব নয়","1. <other_893_s7> [শিশু-মাতৃ স্বাস্থ্য ইনস্‌টিটিউট আইন, ২০০২, ধারা ৭] ইনস্‌টিটিউটের দায়িত্ব ও কার্যাবলী — ইনস্টিটিউটের দায়িত্ব ও কার্যাবলী হইবে নিম্নরূপ, যথা:-(১) শিশু ও মায়ের স্বাস্থ্য ও পুষ্টি বিষয়ে শিক্ষা, প্রশ
2. <other_1266_s2_p3> [বাংলাদেশ মুক্তিযোদ্ধা কল্যাণ ট্রাস্ট আইন, ২০, ধারা ২] সংজ্ঞা — বা স্বামী এবং পিতা-মাতার অবর্তমানে খেতাবপ্রাপ্ত বীর মুক্তিযোদ্ধার সন্তান; বা(উ) (অ)-(ঈ) পর্যন্ত বর্ণিত ব্যক্তি
3. <other_822_s10> [পার্বত্য চট্টগ্রাম আঞ্চলিক পরিষদ আইন, ১৯৯৮, ধারা ১০] সম্পত্তি সম্পর্কিত ঘোষণা — চেয়ারম্যান ও প্রত্যেক সদস্য তাহার কার্যভার গ্রহণের পূর্বে তাহার এবং তাঁহার পরিবারের কোন সদস্যের স্বত্ব, দখল ব
4. <local_government_1027_s41> [স্থানীয় সরকার (ইউনিয়ন পরিষদ) আইন, ২০০৯, ধারা ৪১] সম্পত্তি সম্পর্কিত ঘোষণা — চেয়ারম্যান ও সদস্য তাঁহার কার্যভার গ্রহণের পূর্বে তাঁহার এবং তাঁহার পরিবারের কোন সদস্যের স্বত্ব, দখল বা স্বার
5. <local_government_827_s10> [উপজেলা পরিষদ আইন, ১৯৯৮, ধারা ১০] সম্পত্তি সম্পর্কিত ঘোষণা — 14[চেয়ারম্যান ও ভাইস চেয়ারম্যান ] তাঁহার কার্যভার গ্রহণের পূর্বে তাঁহার এবং তাঁহার পরিবারের কোন সদস্যের স্বত
6. <other_1124_s7> [মাতৃদুগ্ধ বিকল্প, শিশু খাদ্য, বাণিজ্যিকভাবে , ধারা ৭] শিক্ষামূলক বা অন্যান্য তথ্যাদি — জন্ম-পূর্ববর্তী বা জন্ম-পরবর্তী সেবা দানের উদ্দেশ্যে কোন গর্ভবতী মহিলা বা মাতৃদুগ্ধদানকারী বা শিশুর মায়েদের স
7. <other_1418_s21_p2> [বাংলাদেশ সুপ্রীম কোর্টের বিচারক (ছুটি, পেনশন, ধারা ২১] আনুতোষিক ও পারিবারিক পেনশন — হিসাবে প্রাপ্য হইতেন।(৩) কোনো বিচারক, অবসর গ্রহণের পর তাহার গ্রস-পেনশনের সম্পূর্ণ অংশ সমর্পণ করিতে পারিবেন এবং
8. <other_1349_s2> [আকাশপথে পরিবহণ (মন্ট্রিল কনভেনশন) আইন, ২০২০, ধারা ২] বিষয়বাপ্রসঙ্গেরপরিপন্থিকোনোকিছুনাথাকিলে,এইআইনে-(ক)‘অভ্যন্তরীণপরিবহণ’অর্থআকাশপথে পরিবহণেপক্ষসমূহেরমধ্যেসম্পাদি
9. <labour_1285_s30> [বাংলাদেশ ইপিজেড শ্রম আইন, ২০১৯, ধারা ৩০] প্রসূতি কল্যাণ সুবিধা প্রাপ্তির অধিকার এবং প্রদানের দায়িত্ব — (১) প্রত্যেক মহিলা শ্রমিক তাহার মালিকের নিকট হইতে তাহার সন্তান প্রসবের সম্ভাব্য তারিখের অব্যবহিত পূর্ববর্তী ৮ 
10. <other_1718_s83> [অর্থ (২০২৫-২০২৬ অর্থ বৎসর) আইন, ২০২৬, ধারা ৮৩] ২০২৩ সনের ১২ নং আইনের ধারা ১৩৫ এর সংশোধন — উক্ত আইনের ধারা ১৩৫ এর- (ক) উপ-ধারা (১) এ উল্লিখিত “১০% (দশ শতাংশ)” সংখ্যা, চিহ্ন, বন্ধনী ও শব্দগুলির পরিবর্তে","other_173_s2, land_90_s18",own_search,answered,1,Sifat
dail_0621_02,Iftiaq,,"Further, is the ministry under any obligation to provide the data?","1. <other_373_s11> [The Bangladesh Abandoned Property (Control, , ধারা 11] (1) Any amount payable in respect of any abandoned property shall be paid to the Government by the person liab
2. <other_642_s364_p0> [The Bangladesh Merchant Shipping Ordinance, , ধারা 364] Obligation to render assistance on receiving signal of distress — (1) The master of a Bangladesh ship on receiving at sea a signal of distress or information from any source th
3. <other_701_s4> [The Public Corporations (Management Co-ordin, ধারা 4] The Council — (1) There shall be a Council to be called the Council for Public Corporation for carrying out the purposes by 
4. <other_246_s2_p2> [The Civil Defence Act, 1952, ধারা 2] Power to make rules — The rules made under sub-section (1) may further-(a) provide for the arrest and trial of persons contravening 
5. <other_35_s12> [The Irrigation Act, 1876, ধারা 12] Compensation for loss of drinking water — If any supply of drinking-water is substantially deteriorated or diminished by any works undertaken in accorda
6. <other_36_s5> [The Specific Relief Act, 1877, ধারা 5] Specific relief how given — Specific relief is given-(a) by taking possession of certain property and delivering it to a claimant;(b) by o
7. <other_701_s9> [The Public Corporations (Management Co-ordin, ধারা 9] Performance evaluation — (1) Every public corporation shall prepare an annual performance report in respect of itself and its enterpris
8. <other_367_s77> [The Constitution of the People‌‌‍’s Republic, ধারা 77] Ombudsman — (1) Parliament may, by law, provide for the establishment of the office of Ombudsman.(2) The Ombudsman shall e
9. <other_599_s7> [The Ombudsman Act, 1980, ধারা 7] Procedure in respect of investigations — (1) Where the Ombudsman proposes to conduct an investigation under this Act, he shall-(a) forward a copy of th
10. <other_48_s40> [1The Transfer of Property Act, 1882, ধারা 40] Burden of obligation imposing restriction on use of land, or of obligation annexed to ownership but not amounting to interest or easement — Where, for the more beneficial enjoyment of his own immoveable property, a third person has, independently of ",consumer_1011_s4,own_search,answered,1,Sifat
ajke_0181_01,Iftiaq,,আমার দাদা-দাদি মারা গেছেন প্রায় ১৫ বছর আগে। চাচা-জ্যাঠারা বেশি বেশি জায়গাজমি ভোগ করছেন। আমার বাবার উপযুক্ত ছেলে নেই। আমাদের ভাগ তাঁদের তুলনায় অর্ধেক। দুই দিন পরপর চাচা-জ্যাঠারা তাঁদের ছেলেদের নিয়ে বাবার দিকে তেড়ে আসেন। আমরা চার বোন। আমাদের বিয়ের সম্বন্ধ এলে বিয়ে ভেঙে দেওয়া হয়। তাঁরা জমি ভাগও করতে চান না। আমাদের আর্থিক অবস্থা খারাপ। আমরা কী করতে পারি?,"1. <other_1682_s2_p0> [মানবদেহে অঙ্গ-প্রত্যঙ্গ সংযোজন আইন, ২০২৬, ধারা ২] সংজ্ঞা — বিষয় বা প্রসঙ্গের পরিপন্থি কোনো কিছু না থাকিলে, এই আইনে- (১) “অঙ্গ-প্রত্যঙ্গ” অর্থ মানবদেহের কিডনি, হৃৎপিণ্ড,
2. <other_1349_s2> [আকাশপথে পরিবহণ (মন্ট্রিল কনভেনশন) আইন, ২০২০, ধারা ২] বিষয়বাপ্রসঙ্গেরপরিপন্থিকোনোকিছুনাথাকিলে,এইআইনে-(ক)‘অভ্যন্তরীণপরিবহণ’অর্থআকাশপথে পরিবহণেপক্ষসমূহেরমধ্যেসম্পাদি
3. <local_government_1027_s2_p1> [স্থানীয় সরকার (ইউনিয়ন পরিষদ) আইন, ২০০৯, ধারা ২] সংজ্ঞা — শহর হিসাবে ঘোষিত নয় এইরূপ এলাকা;(১৩) 'চেয়ারম্যান' অর্থ ইউনিয়ন পরিষদের চেয়ারম্যান;(১৪) 'জনপথ' অর্থ সর্বসাধা
4. <other_1443_s14> [বাংলাদেশ ক্ষুদ্র ও কুটির শিল্প কর্পোরেশন আইন, ধারা ১৪] চেয়ারম্যান এবং পরিচালকগণের অযোগ্যতা, অপসারণ, ইত্যাদি — (১) কোনো ব্যক্তি চেয়ারম্যান বা পরিচালক হিসাবে নিযুক্ত হইবার বা থাকিবার যোগ্য হইবেন না, যিনি-(ক) কোনো উপযুক্ত 
5. <labour_1285_s15> [বাংলাদেশ ইপিজেড শ্রম আইন, ২০১৯, ধারা ১৫] লে-অফকৃত শ্রমিকগণের ক্ষতিপূরণের অধিকার — (১) যেক্ষেত্রে সাময়িক শ্রমিক নহেন এইরূপ কোনো শ্রমিককে, যাহার নাম কোনো প্রতিষ্ঠানের মাস্টার রোলে অন্তর্ভুক্ত আ
6. <other_1045_s16> [চার্টার্ড সেক্রেটারীজ আইন, ২০১০, ধারা ১৬] সদস্য হইবার ক্ষেত্রে অযোগ্যতা — ধারা ১৫ তে যাহা কিছুই থাকুক না কেন, কোন ব্যক্তি সদস্য হইবার যোগ্য হইবেন না, যদি-(ক) তিনি কোন স্বীকৃত বিশ্ববিদ্
7. <other_1252_s10> [বাংলাদেশ কৃষি উন্নয়ন কর্পোরেশন আইন, ২০১৮, ধারা ১০] চেয়ারম্যান এবং পরিচালকগণের অযোগ্যতা, অপসারণ ইত্যাদি — (১) কোনো ব্যক্তি চেয়ারম্যান বা পরিচালক হিসাবে নিযুক্ত হইবার বা থাকিবার যোগ্য হইবেন না, যিনি-(ক) কোনো উপযুক্ত 
8. <other_1070_s22> [উদ্ভিদ সংগনিরোধ আইন, ২০১১, ধারা ২২] লিখিত বিজ্ঞপ্তি — (১) যদি উদ্ভিদ সংগনিরোধ কর্মকর্তা এই মর্মে নিশ্চিত হন যে, কোন একটি স্থানে সংগনিরোধ বালাই রহিয়াছে, তাহা হইলে ত
9. <women_children_1119_s2_p1> [শিশু আইন, ২০১৩, ধারা ২] সংজ্ঞা — অর্থ দাদা, দাদী, নানা, নানী, চাচা, চাচী, ফুফা, ফুফু, মামা, মামী, খালা, খালু, ভাই, ভাবী, ভগ্নি, ভগ্নিপতি বা এইর
10. <other_744_s11_p1> [অর্থ আইন, ১৯৯০, ধারা ১১] আয়কর — সাপেক্ষে, উক্ত আয়ের উপর প্রদেয় আয়কর নিম্নবর্ণিত পন্থায় হ্রাস করা হইবে :পরিমাণ।(অ) যে ক্ষেত্রে রপ্তানীকৃত দ",none,none,not_found,1,Sifat
prot_0128_05,Iftiaq,,"আমার বাবা জীবিত থাকাকালে মাকে ৩০ শতাংশ জমি একটি স্ট্যাম্পে লিখে দান করে দিয়ে যান। আমরা দুই ভাই ও তিন বোন। বাবার মৃত্যুর পর আমার অন্য ভাই মাকে দেখাশোনা করেন না। মা আমাকে মায়ের ৩০ শতাংশ জমি মৃত্যুর আগে দলিল করে দান করে দিয়ে যান। আমি এ সম্পত্তিতে দখল নিই সঙ্গে সঙ্গে। হস্তান্তর করার পরপরই মা যখন জীবিত ছিলেন মাকে নিয়ে রেজিস্ট্রি করার সময় দলিল লেখক বাবার অন্যান্য সম্পত্তির দাগ নম্বর ভুল করেছেন, যার মধ্যে মায়ের আগে প্রাপ্ত দলিলে উল্লিখিত জমির দাগ নম্বরটির উল্লেখ নেই। আমি এখন এ জমি নিয়ে খুব দুশ্চিন্তায় আছি। আমার ভাই ও বোনেরা বলছে এ সম্পত্তি তারাও নাকি পাবে।উল্লেখ্য, এ জমি আমার দখলেই আছে। এখন আমি কীভাবে আমার দলিলটি সংশোধন করতে পারি?","1. <other_721_s7> [বাংলাদেশ ঋণ সালিসি আইন, ১৯৮৯, ধারা ৭] কতিপয় বিক্রয় বাতিল — (১) এই আইন বলবত্ হইবার পর অনধিক দুই একর কৃষি জমির মালিক কোন কৃষক প্রাকৃতিক দুর্যোগে তগতিগ্রস্ত হওয়ার বা জীবন 
2. <other_1718_s83> [অর্থ (২০২৫-২০২৬ অর্থ বৎসর) আইন, ২০২৬, ধারা ৮৩] ২০২৩ সনের ১২ নং আইনের ধারা ১৩৫ এর সংশোধন — উক্ত আইনের ধারা ১৩৫ এর- (ক) উপ-ধারা (১) এ উল্লিখিত “১০% (দশ শতাংশ)” সংখ্যা, চিহ্ন, বন্ধনী ও শব্দগুলির পরিবর্তে
3. <other_722_s15> [পার্বত্য জেলাসমূহ (আইন রহিত ও প্রয়োগ এবং বিশ, ধারা ১৫] বসতবাড়ীর জন্য গ্রামীণ জমি দখল — (১) কোন পাহাড়ী ব্যক্তি পৌর এলাকা-বহির্ভূত অনধিক ত্রিশ শতাংশ পর্যন্ত খাস জমি তাহার নিজ বসতবাড়ীর জন্য হেডম্যান
4. <money_recovery_876_s42> [সমবায় সমিতি আইন, ২০০১, ধারা ৪২] সমিতির ধারণকৃত কতিপয় জমির দখল এবং জমির স্বার্থ হস্তান্তরে বাধা-নিষেধ — এই আইনের অন্য কোন ধারায় কিংবা আপাততঃ বলবত্ অন্য কোন আইনে যাহাই থাকুক না কেন-(ক) যেই সমবায় সমিতির উদ্দেশ্য হই
5. <other_857_s45> [বাংলাদেশ টেলিযোগাযোগ নিয়ন্ত্রণ আইন, ২০০১, ধারা ৪৫] লাইসেন্সধারীর প্রয়োজনে বাধ্যতামূলকভাবে বেসরকারী জমি অধিগ্রহণ — (১) লাইসেন্সের অধীন কাজকর্ম সম্পাদন বা পরিচালনার জন্য প্রয়োজনীয় কোন জমি ব্যবহারের ক্ষেত্রে লাইসেন্সধারী বাধা
6. <other_721_s6_p0> [বাংলাদেশ ঋণ সালিসি আইন, ১৯৮৯, ধারা ৬] কতিপয় জমির বিক্রয় খায়খালাসী বন্ধক ঘোষণা — (১) এই আইন বলবত্ হইবার পর অনধিক তিন একর কৃষি জমির মালিক কোন কৃষক প্রাকৃতিক দুর্যোগে তগতিগ্রস্ত হওয়ার বা জীবন 
7. <other_721_s8> [বাংলাদেশ ঋণ সালিসি আইন, ১৯৮৯, ধারা ৮] জমি প্রত্যর্পণের নির্দেশ কার্যকরকরণ — ক্রেতা বোর্ডের নির্দেশানুসারে জমির দখল প্রত্যর্পণ না করিলে বা করিতে ব্যর্থ হইলে, জমির দখল পাওয়ার জন্য বিক্রেত
8. <other_1429_s133> [আয়কর আইন, ২০২৩, ধারা ১৩৩] প্রকাশ্য নিলামের বিক্রি হইতে কর সংগ্র — (১) কোনো ব্যক্তি কোনো নির্দিষ্ট মালিকের কোনো পণ্য বা সম্পত্তি সীলমোহরযুক্ত দরপত্রের মাধ্যমে প্রকাশ্য নিলামে বি
9. <other_1682_s2_p0> [মানবদেহে অঙ্গ-প্রত্যঙ্গ সংযোজন আইন, ২০২৬, ধারা ২] সংজ্ঞা — বিষয় বা প্রসঙ্গের পরিপন্থি কোনো কিছু না থাকিলে, এই আইনে- (১) “অঙ্গ-প্রত্যঙ্গ” অর্থ মানবদেহের কিডনি, হৃৎপিণ্ড,
10. <civil_registration_921_s13> [জন্ম ও মৃত্যু নিবন্ধন আইন, ২০০৪, ধারা ১৩] বিলম্বিত নিবন্ধন — ধারা ৮ এ উল্লিখিত নির্দিষ্ট সময়ের মধ্যে জন্ম বা মৃত্যুর তথ্য নিবন্ধকের নিকট প্রেরণ করা না হইলে পরবর্তী সময় উ",other_36_s31,own_search,answered,2,Sifat
prot_0111_03,Iftiaq,,তবে দ্বিতীয় বিয়ে প্রমাণ করার ক্ষেত্রে বিয়ের কাবিননামা দেখাতে হবে।বিয়ের বৈধ কাগজপত্র ছাড়া দ্বিতীয় বিয়ে প্রমাণ করা দুরূহ ব্যাপার। আপনি সংশ্লিষ্ট রেজিস্ট্রারের কাছে আপনার স্বামীর দ্বিতীয় বিয়ের তথ্যের জন্য আবেদন করতে পারেন। এরপর মুখ্য বিচারিক হাকিমের আদালতে আইনজীবীর মাধ্যমে মামলা করতে পারেন।চুক্তি না মানলে প্রতিকার কী?,"1. <other_1190_s18> [পেট্রোলিয়াম আইন, ২০১৬, ধারা ১৮] পরীক্ষণ সনদ — (১) পেট্রোলিয়ামের নমুনা পরীক্ষণ করিবার পর, পরীক্ষণ কর্মকর্তা সরকার কর্তৃক, সরকারি গেজেটে প্রজ্ঞাপন দ্বারা, নি
2. <other_812_s62> [দেউলিয়া বিষয়ক আইন, ১৯৯৭, ধারা ৬২] রহিতকরণের জন্য আবেদনকারী ব্যক্তি — কোন হস্তান্তর, অর্থ পরিশোধ, দায়বদ্ধতা বা বিচার কার্যধারার ফলাফল ধারা ৬০ বা ৬১ এর অধীনে রহিতকরণের জন্য কেবল রি
3. <other_857_s83> [বাংলাদেশ টেলিযোগাযোগ নিয়ন্ত্রণ আইন, ২০০১, ধারা ৮৩] বার্তার অবৈধ প্রকাশ সম্পর্কে দেওয়ানী মামলা ও অন্যান্য প্রতিকার লাভের অধিকার — (১) যদি কোন ব্যক্তি যুক্তিসঙ্গত কারণে বিশ্বাস করেন যে, তত্কর্তৃক প্রেরিত বা গৃহীত বার্তা অবৈধভাবে প্রকাশ করা হ
4. <other_1106_s123> [মূল্য সংযোজন কর ও সম্পূরক শুল্ক আইন, ২০১২, ধারা ১২৩] কার্যধারায় সাক্ষ্য প্রমাণের দায় — (১) কমিশনার (আপীল) ও292[আপিল ট্রাইব্যুনালের] কোন কার্যধারায় বিচার্য বিষয় প্রমাণের ক্ষেত্রে নির্ধারিত পদ্ধতিত
5. <family_938_s6ক> [গ্রাম আদালত আইন, ২০০৬, ধারা ৬ক] Limitation Act, 1908(Act No IX of 1908) এ যাহা কিছুই থাকুক না কেন, তফসিলের-(ক) প্রথম অংশে বর্ণিত ফৌজদারী মামলা
6. <other_788_s324> [কোম্পানী আইন, ১৯৯৪, ধারা ৩২৪] দেউলিয়া কোম্পানীসমূহের অবলুপ্তির ক্ষেত্রে দেউলিয়াত্ব সংক্রান্ত আইনের প্রয়োগ — দেউলিয়ারূপে ঘোষিত কোম্পানীর অবলুপ্তির ক্ষেত্রে, জামানতধারী ও জামানতবিহীন পাওনাদারের স্ব স্ব অধিকার, প্রমাণ সা
7. <other_1717_s60> [ব্যাংক রেজল্যুশন আইন, ২০২৬, ধারা ৬০] কোম্পানি কর্তৃক অপরাধ সংঘটন — কোনো কোম্পানি কর্তৃক কোনো অপরাধ সংঘটনের ক্ষেত্রে উক্ত কোম্পানির সহিত সংশ্লিষ্ট প্রত্যেক ব্যক্তি যাহারা অপরাধ স
8. <other_1037_s128> [বীমা আইন, ২০১০, ধারা ১২৮] দ্বিতীয় জরিপ৷ — (১) কর্তৃপক্ষের নিকট যদি এইরূপ বিশ্বাস করিবার কারণ থাকে, কোন বীমা জরিপকারী মিথ্যা প্রতিবেদন দাখিল করিয়াছে বা 
9. <other_850_s46> [সালিস আইন, ২০০১, ধারা ৪৬] বিদেশী সালিসী রোয়েদাদ বাস্তবায়ন অস্বীকৃতির কারণসমূহ — (১) কেবলমাত্র নিম্নোক্ত কারণে বিদেশী সালিসী রোয়েদাদ কার্যকর করিতে অস্বীকার করা যাইতে পারে, যথা:-(ক) যে পক্ষের
10. <criminal_procedure_765_s45> [রাজশাহী মহানগরী পুলিশ আইন, ১৯৯২, ধারা ৪৫] আপীল — (১) ধারা ৪০, ৪১ বা ৪২ এর অধীন আদেশ জারীর ফলে কোন ব্যক্তি ক্ষতিগ্রস্ত হইলে তিনি অনুরূপ আদেশ জারীর তারিখ হইতে ত্","other_26_s73, other_36_s12_p0",own_search,answered,1,Sifat
prot_0111_06,Iftiaq,,"বহির্ভূত ঝুঁকিপূর্ণ ভবন তৈরি করার জন্য রাজউক, রিহ্যাব কিংবা স্থানীয় থানায় আমার জন্য কি কোনো আইন নেই?","1. <other_1131_s30ক> [বৈদেশিক কর্মসংস্থান ও অভিবাসী আইন, ২০১৩, ধারা ৩০ক] (১) প্রত্যেক অভিবাসী কর্মী বৈদেশিক কর্মসংস্থানের জন্য প্রশিক্ষণ গ্রহণ ও বৈধ পন্থা অবলম্বন করিবেন এবং বিদেশে অব
2. <other_791_s10> [বাংলাদেশ পরিবেশ সংরক্ষণ আইন, ১৯৯৫, ধারা ১০] প্রবেশ ইত্যাদির ক্ষমতা — (১) এই ধারার বিধানাবলী সাপেক্ষে, মহাপরিচালক হইতে এতদুদ্দেশ্যে সাধারণ বা বিশেষভাবে ক্ষমতাপ্রাপ্ত, কোন ব্যক্তি স
3. <other_1246_s7> [ক্যান্টনমেন্ট আইন, ২০১৮, ধারা ৭] কোনো স্থানীয় এলাকার ক্যান্টনমেন্টের অংশ হিসাবে অন্তর্ভুক্তির অবসায়নে ক্যান্টনমেন্ট বোর্ড তহবিল ব্যবস্থাপনা — (১) যখন, ধারা ৪ এর অধীন প্রজ্ঞাপন দ্বারা, ক্যান্টনমেন্টের অংশ হিসাবে অন্তর্ভুক্ত কোনো স্থানীয় এলাকা, কোনো নির
4. <other_1179_s32> [কক্সবাজার উন্নয়ন কর্তৃপক্ষ আইন, ২০১৬, ধারা ৩২] স্থানীয় কর্তৃপক্ষ অথবা পৌরসভা কর্তৃক ইমারত নির্মাণের অনুমতি প্রদান নিষিদ্ধ — (১) অন্য কোন আইনে যাহা কিছুই থাকুক না কেন, এই আইন কার্যকর হইবার পর, কর্তৃপক্ষের আওতাধীন এলাকার মধ্যে ক্ষমতাপ্র
5. <other_1482_s31> [বাংলাদেশ হোমিওপ্যাথিক চিকিৎসা শিক্ষা আইন, ২০, ধারা ৩১] ব্যবস্থাপত্রে অ-অনুমোদিত ঔষধ লিখিবার দণ্ড — (১) কোনো হোমিওপ্যাথিক চিকিৎসক হোমিওপ্যাথিক ফার্মাকোপিয়াতে অন্তর্ভুক্ত নেই এমন কোনো ঔষধ হোমিওপ্যাথিক চিকিৎসা ব
6. <other_1701_s46> [কুমিল্লা উন্নয়ন কর্তৃপক্ষ আইন, ২০২৬, ধারা ৪৬] স্থানীয় কর্তৃপক্ষ কর্তৃক ইমারত নির্মাণের অনুমতি প্রদানে বিধি-নিষেধ — (১) অন্য কোনো আইনে যাহা কিছুই থাকুক না কেন, এই আইন কার্যকর হইবার পর, কর্তৃপক্ষের আওতাধীন এলাকার মধ্যে কোনো স্থ
7. <other_1698_s45> [বরিশাল উন্নয়ন কর্তৃপক্ষ আইন, ২০২৬, ধারা ৪৫] স্থানীয় কর্তৃপক্ষ কর্তৃক ইমারত নির্মাণের অনুমতি প্রদানে বিধি-নিষেধ। — (১) অন্য কোনো আইনে যাহা কিছুই থাকুক না কেন, এই আইন কার্যকর হইবার পর, কর্তৃপক্ষের আওতাধীন এলাকার মধ্যে কোনো স্থ
8. <other_1702_s45> [রংপুর উন্নয়ন কর্তৃপক্ষ আইন, ২০২৬, ধারা ৪৫] স্থানীয় কর্তৃপক্ষ কর্তৃক ইমারত নির্মাণের অনুমতি প্রদানে বিধি-নিষেধ — (১) অন্য কোনো আইনে যাহা কিছুই থাকুক না কেন, এই আইন কার্যকর হইবার পর, কর্তৃপক্ষের আওতাধীন এলাকার মধ্যে কোনো স্থ
9. <other_1697_s46> [নারায়ণগঞ্জ উন্নয়ন কর্তৃপক্ষ আইন, ২০২৬, ধারা ৪৬] স্থানীয় কর্তৃপক্ষ কর্তৃক ইমারত নির্মাণের অনুমতি প্রদানে বিধি-নিষেধ — (১) অন্য কোনো আইনে যাহা কিছুই থাকুক না কেন, এই আইন কার্যকর হইবার পর, কর্তৃপক্ষের আওতাধীন এলাকার মধ্যে কোনো স্থ
10. <other_1699_s45> [ময়মনসিংহ উন্নয়ন কর্তৃপক্ষ আইন, ২০২৬, ধারা ৪৫] স্থানীয় কর্তৃপক্ষ কর্তৃক ইমারত নির্মাণের অনুমতি প্রদানে বিধি-নিষেধ — (১) অন্য কোনো আইনে যাহা কিছুই থাকুক না কেন, এই আইন কার্যকর হইবার পর, কর্তৃপক্ষের আওতাধীন এলাকার মধ্যে কোনো স্থ",other_1696_s54,own_search,answered,1,Sifat
prot_0058_03,Iftiaq,,অভিভাবকেরা বাসায় কাজি ডেকে আমার বিয়ে পড়ান ২৭ বছর আগে। তখন আমরা দুজনই শিক্ষার্থী ছিলাম। লেখাপড়া শেষ করার পর থেকে এখন পর্যন্ত আমার স্বামী বেকার। বিয়ের ১০ বছর পর আমাদের এক কন্যাসন্তানের জন্ম হয়। সন্তানের মুখ দেখেও তার কোনো দায়িত্ববোধ হলো না। তার বেকারত্ব ও বদমেজাজের কারণে একটা সময় সন্তান নিয়ে আলাদা হয়ে যাই। নয় বছর ধরে আমি আলাদা আছি। সন্তানের সব দায়িত্ব আমার ওপর। সে কোনো খরচ দেয় না।এ অবস্থায় আমাদের কি তালাক হয়ে গেছে? নাকি আইনি প্রক্রিয়ায় তালাক দিতে হবে। আমি ছয় বছর আগে হাতে লেখা তালাকনামা দিয়েছিলাম। আমাদের বিবাহ নিবন্ধন হয়নি। এখন আমার করণীয় কী?,"1. <women_children_835_s13> [নারী ও শিশু নির্যাতন দমন আইন, ২০০০, ধারা ১৩] (১) অন্য কোন আইনে ভিন্নতর যাহা কিছুই থাকুক না কেন, ধর্ষণের কারণে কোন সন্তান জন্মলাভ করিলে-(ক) উক্ত সন্তানকে তা
2. <other_1064_s17> [আন্তজার্তিক মাতৃভাষা ইনস্টিটিউট  আইন, ২০১০, ধারা ১৭] প্রতিবেদন — (১) প্রতি পঞ্জিকা বছর শেষ হইবার সঙ্গে সঙ্গে ইনস্টিটিউট উক্ত বৎসরে সম্পাদিত কার্যাবলীর খতিয়ান-সম্বলিত বার্ষিক 
3. <other_1132_s2> [পিতা-মাতার ভরণ-পোষণ আইন, ২০১৩, ধারা ২] সংজ্ঞা — বিষয় বা প্রসঙ্গের পরিপন্থী কোন কিছু না থাকিলে, এই আইনে—(ক) “পিতা” অর্থ এমন ব্যক্তি যিনি সন্তানের জনক;(খ) “ভরণ
4. <labour_952_s95> [বাংলাদেশ শ্রম আইন, ২০০৬, ধারা ৯৫] চা-বাগানে বিনোদন ও শিক্ষার সুবিধা — সরকার চা বাগান সম্পর্কে-(ক) বিধি প্রণয়ন করিয়া উহার প্রত্যেক মালিককে সেখানে নিযুক্ত শ্রমিকগণ এবং তাহাদের শিশু
5. <labour_952_s289> [বাংলাদেশ শ্রম আইন, ২০০৬, ধারা ২৮৯] নিম্নতম মজুরী হারের কম হারে মজুরী প্রদানের দণ্ড — (১) কোন মালিক একাদশ অধ্যায়ের অধীন ঘোষিত নিম্নতম মজুরী হারের কম হারে কোন শ্রমিককে মজুরী প্রদান করিলে, তিনি এক 
6. <other_1429_s31> [আয়কর আইন, ২০২৩, ধারা ৩১] আয় একীভূতকরণ — (১) এই আইনে ভিন্নরূপ কিছু না থাকিলে, নিম্নবর্ণিত আয়সমূহ কোনো ব্যক্তির মোট আয়ের অন্তর্ভুক্ত হইবে, যথা:-(ক) উক
7. <other_1016_s11> [বাংলাদেশ ইউনিভার্সিটি অব প্রফেশনালস আইন, ২০০, ধারা ১১] ভাইস-চ্যান্সেলর নিয়োগ — (১) চ্যান্সেলর, তদকর্তৃক নির্ধারিত শর্তে, মেজর জেনারেল বা তদূর্ধ্ব পদবীর, চাকুরীরত বা অবসরপ্রাপ্ত, কোন কর্মকর্
8. <other_775_s26> [বাংলাদেশ সিকিউরিটিজ অ্যান্ড এক্সচেঞ্জ কমিশন , ধারা ২৬] জটিলতার নিরসনের ক্ষমতা — (১) এই আইনের বিধানাবলী কার্যকর করার ক্ষেত্রে কোন অসুবিধা দেখা দিলে সরকার উক্ত অসুবিধা দূরীকরণার্থে, আদেশ দ্বার
9. <other_813_s20> [বাংলাদেশ কমার্স এন্ড ইনভেষ্টমেন্ট লিমিটেড (প, ধারা ২০] জটিলতা নিরসনের ক্ষমতা — (১) এই আইনের বিধানাবলী কার্যকর করার ক্ষেত্রে কোন অসুবিধা দেখা দিলে সরকার উক্ত অসুবিধা দূরীকরণার্থে, আদেশ দ্বার
10. <other_1217_s19> [বাংলাদেশ সড়ক পরিবহণ কর্তৃপক্ষ আইন, ২০১৭, ধারা ১৯] বার্ষিক বাজেট বিবরণী — কর্তৃপক্ষ, প্রতি অর্থ বছর সরকার কর্তৃক নির্দিষ্ট সময়ের মধ্যে পরবর্তী অর্থবৎসরের বার্ষিক বাজেট প্রস্তুত করিয়া","family_305_s8, family_180_s2_p0",own_search,answered,2,Sifat
prot_0071_02,Iftiaq,,"আমার বাবারা আট ভাইবোন। আমার দাদার স্থাবর-অস্থাবর সব সম্পত্তি তিনি জীবিত থাকাকালে সন্তানদের নামে একই দলিলে (অংশ উল্লেখ না করে) দলিল করে দেন। এখন আমার দাদা, বাবা ও একমাত্র ফুপু জীবিত নেই। দাদা মারা যাওয়ার তিন-চার বছর আগেই আমার বাবা মারা যান। এ অবস্থায় আমার চাচারা এবং আমার বাবার সন্তান হিসেবে আমরা দুই ভাই দাদার দলিল করা সম্পত্তিগুলো যার যার সুবিধামতো ভোগ করে আসছি। কিন্তু এখন বাবা মারা যাওয়ার আগে তিনি তাঁর নিজের নামে যেসব সম্পত্তি কিনেছিলেন এবং অংশীদার হিসেবে বাবা সম্পত্তির যে অংশ পাবেন, আমার চাচারা সেসব সম্পত্তির দুই আনা অংশ দাবি করছেন।এ অবস্থায় আমরা দুই ভাই (বোন নেই) ও মা-ই সব সম্পত্তির মালিক, না চাচারাও এর কোনো অংশ পাবেন? মো. সোহাগ হোসেননওগাঁ","1. <other_1478_s45> [ফাইন্যান্স কোম্পানি আইন, ২০২৩, ধারা ৪৫] লাইসেন্সবিহীন অর্থায়ন ব্যবসায় জড়িত ব্যক্তির সম্পদের নিয়ন্ত্রণ — (১) ধারা ৪৪ এ যাহা কিছুই থাকুক না কেন, কোনো ব্যক্তি সম্পর্কে ধারা ৪৩ অনুযায়ী কোনো ঘোষণা প্রকাশিত হইলে উক্ত ব্
2. <other_788_s335_p0> [কোম্পানী আইন, ১৯৯৪, ধারা ৩৩৫] দণ্ড — (১) যে কোন পদ্ধতিতে কোম্পানীর অবলুপ্তি চলিতে থাকাকালে কোম্পানীর সাবেক বা বর্তমান কোন পরিচালক, ম্যানেজিং এজেন্ট
3. <land_1109_s15> [ওয়াক্‌ফ (সম্পত্তি হস্তান্তর ও উন্নয়ন) বিশেষ , ধারা ১৫] স্বীয় উদ্যোগে ওয়াক্‌ফ সম্পত্তির উন্নয়ন — কোন ওয়াক্ফ সম্পত্তি অংশীদারিত্বের ভিত্তিতে উন্নয়নের জন্য কোন রিয়েল এস্টট ডেভেলপার এ সাথে কোন চুক্তি না করিয
4. <criminal_procedure_765_s23> [রাজশাহী মহানগরী পুলিশ আইন, ১৯৯২, ধারা ২৩] বেওয়ারিশ সম্পত্তির দায়িত্ব গ্রহণ ও বিলিবন্টন — (১) নিম্নবর্ণিত জিনিসের সাময়িকভাবে দায়িত্ব গ্রহণ করা পুলিশ কর্মকর্তার কর্তব্য হইবে, যথা:-(ক) তাঁহার নজরে আসি
5. <local_government_827_s8_p1> [উপজেলা পরিষদ আইন, ১৯৯৮, ধারা ৮] বা ব্যক্তিবর্গের নামে বা তাঁহার সুবিধার্থে বা তাঁহার উপলক্ষে বা কোন হিন্দু যৌথ পরিবারের সদস্য হিসাবে তাঁহার কো
6. <land_1455_s5> [ভূমি সংস্কার আইন, ২০২৩, ধারা ৫] স্থাবর সম্পত্তির বেনামি লেনদেন — (১) কোনো ব্যক্তি নিজের উপকারার্থে কোনো স্থাবর সম্পত্তির বেনামি লেনদেন করিতে পারিবেন না।ব্যাখ্যা।-এই ধারায় ‘বে
7. <criminal_procedure_1239_s23> [রংপুর মহানগরী পুলিশ আইন, ২০১৮, ধারা ২৩] বেওয়ারিশ সম্পত্তির দায়িত্ব গ্রহণ ও বিলিবণ্টন — (১) নিম্নবর্ণিত সম্পত্তির সাময়িকভাবে দায়িত্ব গ্রহণ করা পুলিশ অফিসারের কর্তব্য হইবে, যথা :-(ক) তাহার গোচরীভূত
8. <criminal_procedure_1238_s23> [গাজীপুর মহানগরী পুলিশ আইন, ২০১৮, ধারা ২৩] বেওয়ারিশ সম্পত্তির দায়িত্ব গ্রহণ ও বিলিবণ্টন — (১) নিম্নবর্ণিত সম্পত্তির সাময়িকভাবে দায়িত্ব গ্রহণ করা পুলিশ অফিসারের কর্তব্য হইবে, যথা :-(ক) তাহার গোচরীভূত
9. <land_1455_s10> [ভূমি সংস্কার আইন, ২০২৩, ধারা ১০] বর্গাদারের মৃত্যুর পর বর্গাভূমির চাষ — (১) কোনো বর্গাদার বর্গাচুক্তির মেয়াদ শেষ হইবার পূর্বে মারা গেলে, উহার মেয়াদ শেষ না হওয়া পর্যন্ত অথবা এই আইন
10. <other_1682_s2_p0> [মানবদেহে অঙ্গ-প্রত্যঙ্গ সংযোজন আইন, ২০২৬, ধারা ২] সংজ্ঞা — বিষয় বা প্রসঙ্গের পরিপন্থি কোনো কিছু না থাকিলে, এই আইনে- (১) “অঙ্গ-প্রত্যঙ্গ” অর্থ মানবদেহের কিডনি, হৃৎপিণ্ড,","other_173_s2, family_305_s4",own_search,answered,2,Sifat
prot_0003_05,Iftiaq,,আমি ও আমার স্ত্রী দুজনই সরকারি চাকরিজীবী। আমরা আমাদের এক দরিদ্র দূরসম্পর্কের আত্মীয়ের এক মাস বয়সী কন্যাকে তাঁদের পূর্ণ সম্মতিতে এককালীন নিয়ে নিয়েছি। সে এখন আমাদের সন্তান হিসেবে বড় হচ্ছে। নাম রেখেছি ছালছাবিল। বয়স এখন এক বছর। আমি আমার সম্পত্তি আমার একমাত্র কন্যা হিসেবে ছালছাবিলকে উইল করে দিতে চাই। এতে কোনো আইনগত বাধা আছে কি না? কিংবা আমার অবর্তমানে ভবিষ্যতে আমার ভাই-ভাতিজারা ছালছাবিল আমার কন্যা নয় বলে ওই সম্পত্তিতে কোনো দাবি বা হস্তক্ষেপ করতে পারবে কি না? বাবলু কুড়িগ্রাম,"1. <other_1132_s5> [পিতা-মাতার ভরণ-পোষণ আইন, ২০১৩, ধারা ৫] পিতা-মাতার ভরণ-পোষণ না করিবার দণ্ড — (১) কোন সন্তান কর্তৃক ধারা ৩ এর যে কোন উপ-ধারার বিধান কিংবা ধারা ৪ এর বিধান লংঘন অপরাধ বলিয়া গণ্য হইবে এবং উক
2. <other_1266_s2_p2> [বাংলাদেশ মুক্তিযোদ্ধা কল্যাণ ট্রাস্ট আইন, ২০, ধারা ২] সংজ্ঞা — জামায়াতে ইসলামী এবং তাহাদের সহযোগী রাজাকার, আলবদর, আলশামস বাহিনীর বিরুদ্ধে গণপ্রজাতন্ত্রী বাংলাদেশের স্বাধীনত
3. <other_1446_s2> [সরকারি প্রাথমিক বিদ্যালয় শিক্ষক কল্যাণ ট্রাস, ধারা ২] সংজ্ঞা — বিষয় বা প্রসঙ্গের পরিপন্থি কোনো কিছু না থাকিলে, এই আইনে,-(১) “র্কমচারী” অর্থে কর্মকর্তাও অন্তর্ভুক্ত হইবে;(২)
4. <women_children_835_s13> [নারী ও শিশু নির্যাতন দমন আইন, ২০০০, ধারা ১৩] (১) অন্য কোন আইনে ভিন্নতর যাহা কিছুই থাকুক না কেন, ধর্ষণের কারণে কোন সন্তান জন্মলাভ করিলে-(ক) উক্ত সন্তানকে তা
5. <other_1418_s5> [বাংলাদেশ সুপ্রীম কোর্টের বিচারক (ছুটি, পেনশন, ধারা ৫] মোট ছুটির পরিমাণ — (১) কোনো বিচারককে তাহার মোট কর্মকালীন ছুটির শর্ত অনুযায়ী অর্ধ গড় বেতনে মোট ৩৬ (ছত্রিশ) মাসের অধিক ছুটি মঞ্জু
6. <other_743_s4> [দানকর আইন, ১৯৯০, ধারা ৪] কতিপয় দানের ক্ষেত্রে অব্যাহতি — (১) নিম্নবর্ণিত ক্ষেত্রসমূহে কোন ব্যক্তির কৃত দানের উপর এই আইনের অধীন কোন দানকর আরোপযোগ্য হইবে না, যথা :-(ক) দ
7. <other_1196_s4> [রাষ্ট্রপতির অবসরভাতা, আনুতোষিক ও অন্যান্য সু, ধারা ৪] আনুতোষিক — (১) অবসরভাতা গ্রহণের প্রাধিকার অর্জন করিয়াছেন এমন কোন সাবেক রাষ্ট্রপতি, অবসরভাতার পরিবর্তে এই ধারার বিধান অনু
8. <other_1246_s88> [ক্যান্টনমেন্ট আইন, ২০১৮, ধারা ৮৮] দরিদ্র ব্যক্তিদের অব্যাহতি — যদি বোর্ডের নিকট প্রতীয়মান হয় যে, কোনো ব্যক্তি দরিদ্রতার কারণে কর পরিশোধে অপারগ, তাহা হইলে উক্ত ব্যক্তিকে এক
9. <other_812_s32> [দেউলিয়া বিষয়ক আইন, ১৯৯৭, ধারা ৩২] অব্যাহতিপ্রাপ্ত সম্পত্তি — এই আইনের অন্য কোন বিধানে যাহা কিছুই থাকুক না কেন, একক দেনাদারের নিম্্নবর্ণিত সম্পত্তির দখল ২৩ ধারার অধীনে গ্রহ
10. <labour_1285_s2_p2> [বাংলাদেশ ইপিজেড শ্রম আইন, ২০১৯, ধারা ২] সংজ্ঞা — সময়ে দুই বা ততোধিক শ্রমিক দ্বারা সম্পাদিত হয় সেই ক্ষেত্রে উক্তরূপ প্রত্যেক সময়;(25)‘‘পোষ্য’’ অর্থ কোনো মৃত ","other_173_s2, other_48_s123",own_search,answered,1,Sifat
prot_0043_04,Iftiaq,,আমার বয়স ২৩। ২০০২ সালে বিয়ে হওয়ার পর আমার একটি কন্যাসন্তান হয়। নানা সমস্যার কারণে ২০০৬ সাালে আমার তালাক হয়। আমার মেয়ে তার বাবার কাছে আছে। সম্প্রতি একটি ছেলেকে পছন্দ হওয়ায় দুই মাস আগে আমরা বিয়ে করি। কাবিননামায় ছেলেটির কথামতো আমি এটি প্রথম বিয়ে উল্লেখ করি। বিয়ের কথা জানাজানি হয়ে গেলে ছেলেটির পরিবার তাকে আটকে রেখেছে। তার সঙ্গে আমার এখন কোনো রকম যোগাযোগ নেই। তার পরিবার আমার নামে মিথ্যা কথা লিখেছে কাগজে যে সে জানত না আমার আগে বিয়ে হয়েছে। এখন তারা চাইছে ছেলেকে দিয়ে জোর করে তালাক দেওয়াতে। কিন্তু আমি সেটা চাইছি না। সে ক্ষেত্রে আমি কোথায় গেলে বা কী করলে এর সমাধান পাব? নাম প্রকাশে অনিচ্ছুক,"1. <other_788_s346_p0> [কোম্পানী আইন, ১৯৯৪, ধারা ৩৪৬] নিষ্ক্রিয় (defunct) কোম্পানীর নাম নিবন্ধন বহি হইতে কাটিয়া দেওয়া — (১) যেক্ষেত্রে রেজিষ্ট্রারের এইরূপ বিশ্বাস করিবার যুক্তিসংগত কারণ থাকে যে, কোন একটি কোম্পানী ব্যবসা করিতেছে না
2. <land_1455_s7> [ভূমি সংস্কার আইন, ২০২৩, ধারা ৭] বাস্তুভিটার জন্য খাস ভূমির বন্দোবস্ত — (১) পল্লি এলাকায় বাস্তুভিটা হিসাবে ব্যবহৃত উপযুক্ত কোনো খাস ভূমি পাওয়া গেলে সরকার উক্ত ভূমি বন্দোবস্ত প্রদান
3. <other_1126_s8> [প্রতিবন্ধী ব্যক্তির অধিকার ও সুরক্ষা আইন, ২০, ধারা ৮] বাকপ্রতিবন্ধিতা (speech disability) — নিম্নবর্ণিত দফাসমূহে উল্লিখিত বৈশিষ্ট্যসমূহের মধ্যে এক বা একাধিক বৈশিষ্ট্যের অধিকারী ব্যক্তি ‘বাকপ্রতিবন্ধী ব্
4. <other_788_s81> [কোম্পানী আইন, ১৯৯৪, ধারা ৮১] বার্ষিক সাধারণ সভা — (১) প্রত্যেক কোম্পানী উহার অন্যান্য সভা ছাড়াও প্রতি ইংরেজী পঞ্জিকা-বত্সরে ইহার বার্ষিক সাধারণ সভা হিসাবে একটি
5. <other_943_s2> [বাংলাদেশ শ্রমিক কল্যাণ ফাউন্ডেশন আইন, ২০০৬, ধারা ২] সংজ্ঞা — বিষয় বা প্রসঙ্গের পরিপন্থী কিছু না থাকিলে, এই আইনে-(ক) “অপ্রাতিষ্ঠানিক খাত” অর্থ এইরূপ বেসরকারী খাত যেখানে কর
6. <labour_952_s214_p2> [বাংলাদেশ শ্রম আইন, ২০০৬, ধারা ২১৪] শ্রম আদালত — শ্রম আদালতের কোন কাজ, কার্যধারা সিদ্ধান্ত অথবা রোয়েদাদ কেবলমাত্র উক্তরূপ অনুপস্থিতির কারণে অথবা শ্রম আদালতের 
7. <other_788_s245> [কোম্পানী আইন, ১৯৯৪, ধারা ২৪৫] অবলুপ্তির জন্য আবেদনের বিধানসমূহ — কোম্পানী অবলুপ্তির আবেদন, এই ধারার বিধানাবলী সাপেক্ষে, উক্ত কোম্পানী কিংবা উহার যে কোন ঋণদাতা, ঘটনাপেক্ষ (cont
8. <other_1375_s9> [শিশু দিবাযত্ন কেন্দ্র আইন, ২০২১, ধারা ৯] নিবন্ধন স্থগিত, বাতিল, ইত্যাদি — (১) নিবন্ধন কর্তৃপক্ষ, নিম্নবর্ণিত কোনো কারণে, নির্ধারিত পদ্ধতিতে তদন্ত ও শুনানির সুযোগ প্রদান সাপেক্ষে, কোনো 
9. <labour_1285_s139> [বাংলাদেশ ইপিজেড শ্রম আইন, ২০১৯, ধারা ১৩৯] মীমাংসা, রোয়েদাদ, ইত্যাদি কার্যকর হইবার তারিখ । - — (১) মীমাংসা কার্যকর হইবে-(ক) বিরোধীয় পক্ষগণ সর্বসম্মতভাবে কোনো তারিখ তদুদ্দেশ্যে নির্দিষ্ট করিয়া থাকিলে, ঐ ত
10. <other_842_s4> [ক্যাডার বহির্ভূত প্রথম ও দ্বিতীয় শ্রেণীর গেজ, ধারা ৪] নিয়োগ পদ্ধতি — (১) তফসিলে বর্ণিত বিধান সাপেক্ষে, কোন পদে নিম্্নলিখিত পদ্ধতিতে নিয়োগ করা যাইবে, যথা:-(ক) সরাসরি নিয়োগের মাধ্","family_1444_s5, criminal_procedure_75_s100",own_search,answered,1,Sifat
prot_0105_02,Iftiaq,,"আইন অধিকারের গত সংখ্যা থেকে হুমায়ূন আহমেদের সৃষ্টকর্মের কপিরাইট নিয়ে জানতে পেরেছি। তবু কিছু বিষয় স্পষ্ট করে জানতে চাইছি। হুমায়ূন আহমেদের প্রকাশনাগুলোর কিছু তাঁর প্রথম স্ত্রী গুলতেকিনের নামে করা আছে, আবার কিছু শাওনের নামে দেওয়া আছে। এখন এই বইগুলোর স্বত্ব কি গুলতেকিন ও শাওনই ভোগ করবেন, নাকি হুমায়ূন আহমেদের উত্তরাধিকারীরা মুসলিম আইন অনুযায়ী এর স্বত্ব ভোগ করবে?","1. <consumer_1452_s45> [কপিরাইট আইন, ২০২৩, ধারা ৪৫] কপিরাইটের স্বত্বাধিকারী কর্তৃক প্রদত্ত লাইসেন্স, ইত্যাদি — (১) কোনো বিদ্যমান কর্মের কপিরাইটের স্বত্বাধিকারী বা কোনো ভবিষ্যৎ কর্মের কপিরাইটের সম্ভাব্য স্বত্বাধিকারী তাহার
2. <consumer_1452_s77> [কপিরাইট আইন, ২০২৩, ধারা ৭৭] কপিরাইট লঙ্ঘনের জন্য দেওয়ানি প্রতিকার।- — (১) যেক্ষেত্রে কোনো কর্মের কপিরাইট অথবা এই আইনের অধীন অর্পিত অন্য কোনো অধিকার লঙ্ঘন করা হয়, সেইক্ষেত্রে কপিরা
3. <consumer_1452_s17> [কপিরাইট আইন, ২০২৩, ধারা ১৭] স্বত্ব নিয়োগের শর্তাবলি — (১) কোনো কর্মের কপিরাইটের স্বত্ব নিয়োগ বৈধ হইবে না, যদি না উহা স্বত্ব প্রদানকারী বা তাহার নিকট হইতে যথাযথভাবে
4. <consumer_1452_s16> [কপিরাইট আইন, ২০২৩, ধারা ১৬] কপিরাইটের স্বত্ব নিয়োগ — (১) কোনো বিদ্যমান কর্মের কপিরাইটের স্বত্বাধিকারী বা ভবিষ্যৎ কর্মের কপিরাইটের স্বত্বাধিকারী যে কোনো ব্যক্তির অন
5. <other_1718_s141> [অর্থ (২০২৫-২০২৬ অর্থ বৎসর) আইন, ২০২৬, ধারা ১৪১] ২০২৩ সনের ৫৭ নং আইনের ধারা ১৭ এর সংশোধন — উক্ত আইনের ধারা ১৭ এর উপ-ধারা (১) এর দফ (জ) ও (ঝ) এর পরিবর্তে নিম্নরূপ দফা (জ) ও (ঝ) প্রতিস্থাপিত হইবে, যথা:- 
6. <consumer_1452_s33> [কপিরাইট আইন, ২০২৩, ধারা ৩৩] ফোনোগ্রাম সংরক্ষণ ও উহার মেয়াদ — (১) সংগীত প্রকাশক বাণিজ্যিক উদ্দেশ্যে কোনো সংগীত বা শব্দ-ধ্বনির সংস্করণ প্রকাশের নিমিত্ত, সুর সংযোজনপূর্বক বা 
7. <consumer_1452_s32> [কপিরাইট আইন, ২০২৩, ধারা ৩২] মুদ্রণশৈলী সংরক্ষণ এবং উহার মেয়াদ — কোনো প্রকাশক বাণিজ্যিক উদ্দেশ্যে কোনো গ্রন্থের সংস্করণ প্রকাশের নিমিত্ত ফটোগ্রাফিক বা অনুরূপ কোনো প্রক্রিয়ায়
8. <other_1037_s56_p1> [বীমা আইন, ২০১০, ধারা ৫৬] লাইফ ইন্স্যুরেন্স পলিসির স্বত্ব প্রদান ও হস্তান্তর৷ — নিয়োগের বিষয়ে উহার তারিখ, হস্তান্তরকারী ও হস্তান্তর গ্রহীতার নামসহ লিপিবদ্ধ করিবে এবং নোটিশ প্রদানকারীর বা হ
9. <consumer_1452_s20> [কপিরাইট আইন, ২০২৩, ধারা ২০] প্রণেতার কপিরাইট পরিত্যাগের অধিকার — (১) কোনো কর্মের প্রণেতা কপিরাইটে তাহার সকল বা যেকোনো স্বত্ব নির্ধারিত ফরমে কপিরাইট রেজিস্ট্রারের বরাবরে নোটিশ 
10. <consumer_1452_s30> [কপিরাইট আইন, ২০২৩, ধারা ৩০] সম্প্রচার পুনরুৎপাদনের অধিকার, ইত্যাদি — (১) প্রত্যেক সম্প্রচার সংস্থার বৈধভাবে সম্প্রচারিত বিষয়ের উপর একটি বিশেষ অধিকার থাকিবে যাহা সম্প্রচার পুনরুৎপ","4, 3",candidate,answered,2,Sifat
ajke_0146_01,Iftiaq,,"প্রশ্ন: আমার ভাই বিশ্ববিদ্যালয়ের প্রথম বর্ষের শিক্ষার্থী। আমাদের বাবা নেই। মা, আমি আর ভাই থাকি। খুব সম্প্রতি মায়ের গায়ে হাত তুলেছে ভাই। বিশ্ববিদ্যালয়ে ভর্তির পর থেকে সে আত্মহত্যার চেষ্টাও করেছিল কয়েকবার। আমরা তার বন্ধুবান্ধবের সঙ্গে যোগাযোগ রাখার জন্য তাদের বাসায় দাওয়াত করি। সেখানে মায়ের সঙ্গে তার কথা-কাটাকাটি হয়। বন্ধুরা চলে যাওয়ার পর মা কথা বলতে গেলে একপর্যায়ে সে মাকে মারধর করে। আমি বাধা দিতে গেলে সে আমাকেও মারধর করে বাসা থেকে বের হয়ে যেতে বলে। সে কথায় কথায় বলে, ‘বাবা যা কিছু রেখে গেছে—সব আমার’। সম্পত্তি নিয়ে আমার কোনো আগ্রহ নেই। কিন্তু আমার ভাইকে এভাবে দেখতে চাই না। তবে সে সম্প্রতি কাউন্সেলিং নেওয়া শুরু করেছে। কিন্তু মায়ের গায়ে হাত তোলার পর থেকে আমি বেশি ভয়ে আছি। আইনগতভাবে কোনো ব্যবস্থা নিলে কি এ সমস্যা থেকে সমাধান পাওয়া সম্ভব?","1. <other_893_s7> [শিশু-মাতৃ স্বাস্থ্য ইনস্‌টিটিউট আইন, ২০০২, ধারা ৭] ইনস্‌টিটিউটের দায়িত্ব ও কার্যাবলী — ইনস্টিটিউটের দায়িত্ব ও কার্যাবলী হইবে নিম্নরূপ, যথা:-(১) শিশু ও মায়ের স্বাস্থ্য ও পুষ্টি বিষয়ে শিক্ষা, প্রশ
2. <other_1124_s7> [মাতৃদুগ্ধ বিকল্প, শিশু খাদ্য, বাণিজ্যিকভাবে , ধারা ৭] শিক্ষামূলক বা অন্যান্য তথ্যাদি — জন্ম-পূর্ববর্তী বা জন্ম-পরবর্তী সেবা দানের উদ্দেশ্যে কোন গর্ভবতী মহিলা বা মাতৃদুগ্ধদানকারী বা শিশুর মায়েদের স
3. <other_1124_s2> [মাতৃদুগ্ধ বিকল্প, শিশু খাদ্য, বাণিজ্যিকভাবে , ধারা ২] সংজ্ঞা — বিষয় বা প্রসঙ্গের পরিপন্থী কোন কিছু না থাকিলে, এই আইনে,-(ক) ‘‘জাতীয় উপদেষ্টা কমিটি’’ অর্থ ধারা ৮ এর অধীন গঠি
4. <other_1126_s8> [প্রতিবন্ধী ব্যক্তির অধিকার ও সুরক্ষা আইন, ২০, ধারা ৮] বাকপ্রতিবন্ধিতা (speech disability) — নিম্নবর্ণিত দফাসমূহে উল্লিখিত বৈশিষ্ট্যসমূহের মধ্যে এক বা একাধিক বৈশিষ্ট্যের অধিকারী ব্যক্তি ‘বাকপ্রতিবন্ধী ব্
5. <other_1266_s2_p3> [বাংলাদেশ মুক্তিযোদ্ধা কল্যাণ ট্রাস্ট আইন, ২০, ধারা ২] সংজ্ঞা — বা স্বামী এবং পিতা-মাতার অবর্তমানে খেতাবপ্রাপ্ত বীর মুক্তিযোদ্ধার সন্তান; বা(উ) (অ)-(ঈ) পর্যন্ত বর্ণিত ব্যক্তি
6. <criminal_procedure_1013_s106> [বরিশাল মহানগরী পুলিশ আইন, ২০০৯, ধারা ১০৬] কতিপয় ক্ষেত্রে পুলিশ কর্মকর্তার দণ্ড প্রদানের ক্ষমতা — (১) পুলিশ কমিশনার কর্তৃক সাধারণ বিজ্ঞপ্তি মারফত নির্ধারিত পদের পুলিশ কর্মকর্তা যদি দেখেন যে, ধারা ৬৭, ৬৮, ৬৯, 
7. <criminal_procedure_1012_s106> [সিলেট মহানগরী পুলিশ আইন, ২০০৯, ধারা ১০৬] কতিপয় ক্ষেত্রে পুলিশ কর্মকর্তার দন্ড দেওয়ার ক্ষমতা — (১) পুলিশ কমিশনার কর্তৃক সাধারণ বিজ্ঞপ্তি মারফত নির্ধারিত পদের পুলিশ কর্মকর্তা যদি দেখেন যে, ধারা ৬৭, ৬৮, ৬৯, 
8. <other_857_s42_p1> [বাংলাদেশ টেলিযোগাযোগ নিয়ন্ত্রণ আইন, ২০০১, ধারা ৪২] পথাধিকার (Right of way) ইত্যাদি — বা স্থানীয় কর্তৃপক্ষ বা সংবিধিবদ্ধ সংস্থা সাধারণতঃ পথাধিকার প্রয়োগে বাধা দিবে না।(৪) উপ-ধারা (১) এর বিধানবলে
9. <criminal_procedure_765_s106> [রাজশাহী মহানগরী পুলিশ আইন, ১৯৯২, ধারা ১০৬] কতিপয় ক্ষেত্রে পুলিশ কর্মকর্তার দণ্ড দেওয়ার ক্ষমতা — (১) পুলিশ কমিশনার কর্তৃক সাধারণ বিজ্ঞপ্তি মারফত নির্ধারিত পদের পুলিশ কর্মকর্তা যদি দেখেন যে, ধারা ৬৭, ৬৮, ৬৯ ব
10. <other_1124_s6> [মাতৃদুগ্ধ বিকল্প, শিশু খাদ্য, বাণিজ্যিকভাবে , ধারা ৬] মাতৃদুগ্ধ বিকল্প, শিশু খাদ্য, ইত্যাদি ধারণপাত্র ও মোড়কে প্রদেয় তথ্যাদি — (১) আপাততঃ বলবৎ অন্য কোন আইনের বিধানাবলী ক্ষুণ্ণ না করিয়া, কোন ব্যক্তি মাতৃদুগ্ধ বিকল্প, শিশু খাদ্য, বাণিজ্যি","women_children_1063_s11, women_children_1063_s14",own_search,answered,2,Sifat
ajke_0202_01,Iftiaq,,"প্রশ্ন: আমি একজন সরকারি চাকরিজীবী। ২০১৬ সালে আমার বিয়ে হয়। চার বছর বয়সী একটি কন্যাসন্তান রয়েছে। স্বামীর সঙ্গে অনেক দিন ধরেই বনিবনা হচ্ছে না। ছয় মাস ধরে আমার বাবার বাড়িতে আছি। স্বামীকে তালাক দিতে চাই। কিন্তু এ কথা বললেই তিনি সন্তানকে আমার কাছ থেকে নিয়ে যাওয়ার ভয় দেখাচ্ছেন। আমি জানতে চাই, যদি স্বামীকে তালাক দিই, তাহলে আসলেই কি তিনি আমার সন্তানকে নিয়ে যেতে পারবেন? সন্তানের কাস্টডি নিজের কাছে রাখতে আমার কী করতে হবে?","1. <women_children_835_s13> [নারী ও শিশু নির্যাতন দমন আইন, ২০০০, ধারা ১৩] (১) অন্য কোন আইনে ভিন্নতর যাহা কিছুই থাকুক না কেন, ধর্ষণের কারণে কোন সন্তান জন্মলাভ করিলে-(ক) উক্ত সন্তানকে তা
2. <women_children_1063_s17> [পারিবারিক সহিংসতা (প্রতিরোধ ও সুরক্ষা) আইন, , ধারা ১৭] নিরাপদ হেফাজত আদেশ — আপাততঃ বলবৎ অন্য কোন আইনে যাহা কিছুই থাকুক না কেন, আদালত এই আইনের অধীন আবেদন বিবেচনার যে কোন পর্যায়ে সংক্ষুব্
3. <other_1132_s3> [পিতা-মাতার ভরণ-পোষণ আইন, ২০১৩, ধারা ৩] পিতা-মাতার ভরণ-পোষণ — (১) প্রত্যেক সন্তানকে তাহার পিতা-মাতার ভরণ-পোষণ নিশ্চিত করিতে হইবে।(২) কোন পিতা-মাতার একাধিক সন্তান থাকিলে সেই
4. <labour_952_s95> [বাংলাদেশ শ্রম আইন, ২০০৬, ধারা ৯৫] চা-বাগানে বিনোদন ও শিক্ষার সুবিধা — সরকার চা বাগান সম্পর্কে-(ক) বিধি প্রণয়ন করিয়া উহার প্রত্যেক মালিককে সেখানে নিযুক্ত শ্রমিকগণ এবং তাহাদের শিশু
5. <other_1173_s8> [বাংলাদেশ চা শ্রমিক কল্যাণ তহবিল আইন, ২০১৬, ধারা ৮] মৃত্যু ও স্থায়ী অক্ষমতার ক্ষেত্রে এককালীন অনুদান সহায়তা প্রদান — যদি কোন শ্রমিক-(ক) নিজ দায়িত্ব পালনকালে শারীরিক বা মানসিকভাবে প্রবিধান দ্বারা নির্ধারিত চিকিৎসা কর্তৃপক্ষ কর্
6. <other_1164_s2> [নির্দিষ্টকরণ আইন, ২০১৫, ধারা ২] ২০১৫-২০১৬ অর্থবৎসরের জন্য সংযুক্ত তহবিল হইতে ৪১৫৩০৮,১৮,৮৮,০০০ (চার লক্ষ পনের হাজার তিনশত আট কোটি আঠারো লক্ষ আটাশি হাজার) টাকা প্রদান — ২০১৬ সালের ৩০ জুন তারিখে সমাপ্য অর্থবৎসরে যেই সকল ব্যয় হইতে পারে সেই সকল ব্যয় নির্বাহের জন্য এই আইনের তফসিলে
7. <other_1124_s7> [মাতৃদুগ্ধ বিকল্প, শিশু খাদ্য, বাণিজ্যিকভাবে , ধারা ৭] শিক্ষামূলক বা অন্যান্য তথ্যাদি — জন্ম-পূর্ববর্তী বা জন্ম-পরবর্তী সেবা দানের উদ্দেশ্যে কোন গর্ভবতী মহিলা বা মাতৃদুগ্ধদানকারী বা শিশুর মায়েদের স
8. <other_788_s342> [কোম্পানী আইন, ১৯৯৪, ধারা ৩৪২] লিকুইডেটর কর্তৃক ব্যাংকে টাকা জমাদান — (১) আদালত কর্তৃক অবলুপ্ত হইতেছে এইরূপ কোম্পানীর প্রত্যেক লিকুইডেটর তত্কর্তৃক গৃহীত সকল টাকা নির্ধারিত পদ্ধতিতে
9. <labour_952_s14> [বাংলাদেশ শ্রম আইন, ২০০৬, ধারা ১৪] কতিপয় ক্ষেত্রে ""এক বৎসর"" , ""ছয় মাস"" এবং ""মজুরী"" গণনা — (১) এই অধ্যায়ের প্রয়োজনে, কোন শ্রমিক কোন প্রতিষ্ঠানে পূর্ববর্তী বার পঞ্জিকা মাসে বাস্তবে অন্ততঃ দুইশত চল্লিশ
10. <labour_1285_s13> [বাংলাদেশ ইপিজেড শ্রম আইন, ২০১৯, ধারা ১৩] কতিপয় ক্ষেত্রে ‘‘এক বৎসর’’, ‘‘ছয় মাস’’ এবং ‘‘মজুরি’’ গণনা — (১) এই অধ্যায়ের প্রয়োজনে, কোনো শ্রমিক কোনো প্রতিষ্ঠানে পূর্ববর্তী ১২ (বারো) পঞ্জিকা মাসে বাস্তবে অন্তত ২৪০ (","family_64_s17, family_1444_s5",own_search,answered,2,Sifat
prot_0001_01,Iftiaq,,"আমার ভাই ১৬ বছর বয়সে কাজি অফিসে গিয়ে বিয়ে করে। তখন সে তার বয়স বাড়িয়ে বলেছিল। কিন্তু অফিশিয়াল কাগজে তার এবং তার স্ত্রীর বয়স ১৬ তখন। সাত-আট বছর ধরে তাদের মধ্যে কোনো যোগাযোগ নেই। যে কাজী অফিসে তাদের বিয়ে হয়েছিল, সেখানে তাদের বিয়ের কোনো কাবিননামাও খুঁজে পাওয়া যাচ্ছে না। আমার ভাই বর্তমানে আরেক মেয়েকে বিয়ে করতে চায়। এ জন্য সে আগের স্ত্রীকে তালাক দিতে চায়। কিন্তু যেহেতু কোনো কাগজ পাওয়া যায়নি আগের বিয়ের, তালাক দেওয়ার প্রয়োজনীয়তা কি আছে?","1. <other_1153_s4> [উপানুষ্ঠানিক শিক্ষা আইন, ২০১৪, ধারা ৪] উপানুষ্ঠানিক শিক্ষার শ্রেণীবিভাগ ও বয়স-সীমা — (১) প্রকৃতি ও ধরন অনুযায়ী উপানুষ্ঠানিক শিক্ষার শ্রেণীবিভাগ হইবে নিম্নরূপ, যথা :-(ক) উপানুষ্ঠানিক প্রাথমিক শিক
2. <women_children_1119_s21> [শিশু আইন, ২০১৩, ধারা ২১] 1 [***] বয়স অনুমান ও নির্ধারণ — (১) অভিযুক্ত হউক বা না হউক, এমন কোন শিশুকে কোন অপরাধের দায়ে বা কোন শিশুকে অন্য কোন কারণে শিশু-আদালতে সাক্ষ্য 
3. <labour_1285_s24> [বাংলাদেশ ইপিজেড শ্রম আইন, ২০১৯, ধারা ২৪] চাকরি হইতে অবসর গ্রহণ — (১) এই অধ্যায়ের অন্যত্র যাহা কিছুই উল্লে­খ থাকুক না কেন, কোনো প্রতিষ্ঠানে নিয়োজিত কোনো শ্রমিকের বয়স ৬০ (ষাট
4. <labour_952_s95> [বাংলাদেশ শ্রম আইন, ২০০৬, ধারা ৯৫] চা-বাগানে বিনোদন ও শিক্ষার সুবিধা — সরকার চা বাগান সম্পর্কে-(ক) বিধি প্রণয়ন করিয়া উহার প্রত্যেক মালিককে সেখানে নিযুক্ত শ্রমিকগণ এবং তাহাদের শিশু
5. <other_943_s2> [বাংলাদেশ শ্রমিক কল্যাণ ফাউন্ডেশন আইন, ২০০৬, ধারা ২] সংজ্ঞা — বিষয় বা প্রসঙ্গের পরিপন্থী কিছু না থাকিলে, এই আইনে-(ক) “অপ্রাতিষ্ঠানিক খাত” অর্থ এইরূপ বেসরকারী খাত যেখানে কর
6. <other_924_s2> [ব্যক্তি মালিকানাধীন সড়ক পরিবহন শ্রমিক কল্যাণ, ধারা ২] সংজ্ঞা — বিষয় বা প্রসঙ্গের পরিপন্থী কিছু না থাকিলে, এই আইনে-(ক) “কল্যাণ তহবিল” অর্থ ধারা ৪ এর অধীন গঠিত কল্যাণ তহবিল;(
7. <other_888_s11> [আইন-শৃঙ্খলা বিঘ্নকারী অপরাধ (দ্রুত বিচার) আই, ধারা ১১] আসামীর অনুপস্থিতিতে বিচার — যদি আদালতের এ মর্মে বিশ্বাস করিবার যুক্তিসংগত কারণ থাকে যে,-(ক) অভিযুক্ত ব্যক্তি তাহার গ্রেফতার বা তাহাকে বিচা
8. <local_government_1024_s105> [স্থানীয় সরকার (পৌরসভা) আইন, ২০০৯, ধারা ১০৫] বেতনাদি হইতে কর কর্তন — পৌরসভা যদি কোন পেশা, ব্যবসা অথবা বৃত্তির উপর করারোপ করিতে চায়, তাহা হইলে এইরূপ কর প্রদানের জন্য দায়ী ব্যক্তি
9. <other_1266_s2_p2> [বাংলাদেশ মুক্তিযোদ্ধা কল্যাণ ট্রাস্ট আইন, ২০, ধারা ২] সংজ্ঞা — জামায়াতে ইসলামী এবং তাহাদের সহযোগী রাজাকার, আলবদর, আলশামস বাহিনীর বিরুদ্ধে গণপ্রজাতন্ত্রী বাংলাদেশের স্বাধীনত
10. <other_1352_s23> [বাংলাদেশ মাদ্রাসা শিক্ষা বোর্ড আইন, ২০২০, ধারা ২৩] অবসর গ্রহণের বয়স — আপাতত বলবৎ অন্য কোনো আইনে ভিন্নরূপ যাহা কিছুই থাকুক না কেন, বোর্ডের স্থায়ী কর্মচারীগণের অবসর গ্রহণের বয়স ৬০ ","family_305_s7, family_305_s6",own_search,answered,2,Sifat
prot_0032_03,Iftiaq,,"বাবা আমার মায়ের নামে জমি ও বাড়ি দানপত্র রেজিস্ট্রি করে গেছেন। আমি বিবাহিত, তাই হিন্দু আইনে কোনো সম্পত্তি পাব না। মা আমাকে বিয়ের খরচ বাবদ কিছু জমি ও বাড়ি দিতে চান। দলিলটি কীভাবে লিখলে তা গ্রহণযোগ্য হবে। ভাই মামলা করলে আইন কি আমার পক্ষে থাকবে?","1. <other_1066_s7ক> [বালুমহাল ও মাটি ব্যবস্থাপনা আইন, ২০১০, ধারা ৭ক] ব্যক্তি মালিকানাধীন জমির বালু বা মাটি উত্তোলন — কোনো ব্যক্তি মালিকানাধীন জমি হইতে বালু বা মাটি উত্তোলন করা যাইবে না, যদি-(ক) উহা উর্বর কৃষি জমি হয়;(খ) বাণিজ্
2. <other_857_s45> [বাংলাদেশ টেলিযোগাযোগ নিয়ন্ত্রণ আইন, ২০০১, ধারা ৪৫] লাইসেন্সধারীর প্রয়োজনে বাধ্যতামূলকভাবে বেসরকারী জমি অধিগ্রহণ — (১) লাইসেন্সের অধীন কাজকর্ম সম্পাদন বা পরিচালনার জন্য প্রয়োজনীয় কোন জমি ব্যবহারের ক্ষেত্রে লাইসেন্সধারী বাধা
3. <other_1483_s10_p1> [পরিত্যক্ত বাড়ি (সম্পূরক বিধানাবলি) আইন, ২০২৩, ধারা ১০] পরিত্যক্ত বাড়ি নিয়ন্ত্রণ, ব্যবস্থাপনা এবং নিষ্পত্তি সংক্রান্ত বোর্ড — গণপূর্ত বিভাগ সদস্য-সচিব।(২) পরিত্যক্ত বাড়ি নিয়ন্ত্রণ, ব্যবস্থাপনা এবং নিষ্পত্তির জন্য বোর্ডের দায়িত্ব ও কা
4. <other_1483_s7> [পরিত্যক্ত বাড়ি (সম্পূরক বিধানাবলি) আইন, ২০২৩, ধারা ৭] মামলা দায়েরে নিষেধাজ্ঞা, ইত্যাদি — (১) রাষ্ট্রপতির ১৯৭২ সনের ১৬ নং আদেশ বা এই আইনের অধীন কৃত, গৃহীত বা চলমান কোনো কার্যক্রম, সিদ্ধান্ত বা জারীকৃত
5. <other_1483_s2> [পরিত্যক্ত বাড়ি (সম্পূরক বিধানাবলি) আইন, ২০২৩, ধারা ২] সংজ্ঞা — বিষয় বা প্রসঙ্গের পরিপন্থি কোনো কিছু না থাকিলে, এই আইনে-(১) “কোর্ট অব সেটেলমেন্ট” অর্থ ধারা ৮ এর উপ-ধারা (২) 
6. <land_1220_s15> [স্থাবর সম্পত্তি অধিগ্রহণ ও হুকুমদখল আইন, ২০১, ধারা ১৫] ঘর-বাড়ি অথবা ইমারতের আংশিক অধিগ্রহণ — (১) কোনো মালিক তাহার বাড়ি, কারখানা বা ভবনের সম্পূর্ণ অংশ অধিগ্রহণ করিতে হইবে মর্মে শর্ত আরোপ করিলে, সংশ্লিষ্ট
7. <other_1483_s6> [পরিত্যক্ত বাড়ি (সম্পূরক বিধানাবলি) আইন, ২০২৩, ধারা ৬] সমর্পণ, নোটিশ প্রদান ও দখল গ্রহণ — এই আইনের অধীন ঘোষিত পরিত্যক্ত বাড়ি সরকারের নিকট অর্পণ করিতে হইবে, এবং সমর্পণ ও দখল গ্রহণের ক্ষেত্রে, এই আইনের
8. <other_1483_s4> [পরিত্যক্ত বাড়ি (সম্পূরক বিধানাবলি) আইন, ২০২৩, ধারা ৪] পরিত্যক্ত বাড়ি ঘোষণা ও তালিকা প্রণয়ন — (১) উপ-ধারা (২) এর বিধান সাপেক্ষে, সরকার, সরকারি গেজেটে প্রজ্ঞাপন দ্বারা, নিম্নবর্ণিত বাড়িসমূহকে পরিত্যক্ত বা
9. <other_1158_s25> [ফরমালিন নিয়ন্ত্রণ আইন, ২০১৫, ধারা ২৫] অপরাধ সংঘটনে গৃহ বা যানবাহন, ইত্যাদি ব্যবহার করিতে দেওয়ার দণ্ড — কোন ব্যক্তি যদি জ্ঞাতসারে এই আইনের অধীন কোন অপরাধ সংঘটনের জন্য তাহার মালিকানাধীন বা দখলীয় কোন বাড়ি-ঘর, জায়গ
10. <other_1483_s12> [পরিত্যক্ত বাড়ি (সম্পূরক বিধানাবলি) আইন, ২০২৩, ধারা ১২] সরল বিশ্বাসে কৃতকার্য রক্ষণ — এই আইনের অধীন সরল বিশ্বাসে কৃত, বা কৃত বলিয়া বিবেচিত, কোনো কার্যের জন্য কোনো ব্যক্তি ক্ষতিগ্রস্ত হইলে তিনি পর","other_48_s123, land_90_s17_p0",own_search,answered,2,Sifat
prot_0008_02,Iftiaq,,আমি কি যৌতুক ও দেনমোহর—মোট আট লাখ টাকাই তাকে দিতে বাধ্য?,"1. <women_children_1256_s4> [যৌতুক নিরোধ আইন, ২০১৮, ধারা ৪] যৌতুক প্রদান বা গ্রহণ, ইত্যাদির দণ্ড — যদি বিবাহের কোনো এক পক্ষ যৌতুক প্রদান বা গ্রহণ করেন অথবা যৌতুক প্রদান বা গ্রহণে সহায়তা করেন বা যৌতুক প্রদান ব
2. <women_children_1256_s2> [যৌতুক নিরোধ আইন, ২০১৮, ধারা ২] সংজ্ঞা — বিষয় বা প্রসঙ্গের পরিপন্থি কোনো কিছু না থাকিলে,-(ক) ‘‘পক্ষ’’ অর্থ এই আইনের উদ্দেশ্য পূরণকল্পে, বিবাহের বর বা 
3. <women_children_1256_s5> [যৌতুক নিরোধ আইন, ২০১৮, ধারা ৫] যৌতুক সংক্রান্ত চুক্তি ফলবিহীন — এই আইনের উদ্দেশ্য পূরণকল্পে, যৌতুক প্রদান বা গ্রহণ সংক্রান্ত কোনো চুক্তি ফলবিহীন (void) হইবে।
4. <land_1449_s3> [ভূমি উন্নয়ন কর আইন, ২০২৩, ধারা ৩] কৃষি ভূমির ভূমি উন্নয়ন কর — (১) সরকার, সরকারি গেজেটে প্রজ্ঞাপন দ্বারা, কৃষি ভূমি, চা বাগান এবং অন্যান্য ভূমির ভূমি উন্নয়ন করের হার, সীমা 
5. <women_children_1256_s3> [যৌতুক নিরোধ আইন, ২০১৮, ধারা ৩] যৌতুক দাবি করিবার দণ্ড — যদি বিবাহের কোনো এক পক্ষ, প্রত্যক্ষ বা পরোক্ষভাবে, বিবাহের অন্য কোনো পক্ষের নিকট কোনো যৌতুক দাবি করেন, তাহা হই
6. <labour_952_s46> [বাংলাদেশ শ্রম আইন, ২০০৬, ধারা ৪৬] প্রসূতি কল্যাণ সুবিধা প্রাপ্তির অধিকার এবং প্রদানের দায়িত্ব — (১) প্রত্যেক মহিলা শ্রমিক তাহার মালিকের নিকট হইতে তাহার সন্ত্মান প্রসবের সম্ভাব্য তারিখের অব্যবহিত পূর্ববর্তী 
7. <labour_1285_s39> [বাংলাদেশ ইপিজেড শ্রম আইন, ২০১৯, ধারা ৩৯] বিশ্রাম বা আহারের জন্য বিরতি — কোনো প্রতিষ্ঠানে কোনো শ্রমিক-(ক) দৈনিক ৬ (ছয়) ঘণ্টার অধিক কাজ করিতে বাধ্য থাকিবেন না, যদি না উক্ত দিনে তাহাকে
8. <labour_1285_s30> [বাংলাদেশ ইপিজেড শ্রম আইন, ২০১৯, ধারা ৩০] প্রসূতি কল্যাণ সুবিধা প্রাপ্তির অধিকার এবং প্রদানের দায়িত্ব — (১) প্রত্যেক মহিলা শ্রমিক তাহার মালিকের নিকট হইতে তাহার সন্তান প্রসবের সম্ভাব্য তারিখের অব্যবহিত পূর্ববর্তী ৮ 
9. <other_1429_s154> [আয়কর আইন, ২০২৩, ধারা ১৫৪] অগ্রিম কর পরিশোধ — (১) এই অংশের বিধানাবলি সাপেক্ষে, উপ-ধারা (২) এর বিধানাবলি ব্যতীত, কোনো ব্যক্তির সর্বশেষ নিরূপিত আয়বর্ষে তাহার
10. <labour_952_s101> [বাংলাদেশ শ্রম আইন, ২০০৬, ধারা ১০১] বিশ্রাম বা আহারের জন্য বিরতি — কোন প্রতিষ্ঠানে কোন শ্রমিক-(ক) দৈনিক ছয় ঘণ্টার অধিক কাজ করিতে বাধ্য থাকিবেন না, যদি না উক্ত দিনে তাহাকে বিশ্র","women_children_1256_s5, family_305_s10",own_search,answered,2,Sifat
prot_0090_04,Iftiaq,,"আজ থেকে দেড় বছর আগে আমার একটি ছেলের সঙ্গে বন্ধুত্ব হয়। সে আমাকে ভালোবাসতে শুরু করে, আমিও দুর্বল হয়ে পড়ি। কিছুদিন পর আমি অনেক ভেবে-চিন্তে তাকে বুঝিয়ে ফিরে আসি। আমার ফিরে আসাটা মেনে না নিয়ে সে আমাকে, আমার পরিবারের সবাইকে এমনকি আত্মীয়স্বজনকে মোবাইলফোনে মিসডকল, অশ্লীল এসএমএস এবং সরাসরি ফোন করে বিরক্ত করছে। বিরক্তি সইতে না পেরে পরিবারের সবাই আমার মতামত চান। আমি বলি, আমি মরে যাব তবুও এই ছেলেকে বিয়ে করব না। ছেলের মোবাইল ফোনে আমার ছবি ছিল, সেগুলো বিকৃত করে আমার সব আত্মীয়স্বজনের কাছে পাঠিয়েছে। এতে করে আমি পারিবারিক নির্যাতনে আছি। এখনো বিরক্ত করে। এখন আমার মনে হয়, মরে যাওয়া ছাড়া কোনো পথ নেই। আমি কি নিজেকে, পরিবারকে, আত্মীয়স্বজনকে ওই ছেলের হাত থেকে রক্ষা করতে পারব না?এ ব্যাপারে আমার পরিবারের কেউই আমাকে সাহায্য করতে চায় না। আমি মেয়ে, তাই কোনো ব্যবস্থা নিতে পারছি না পরামর্শের অভাবে।নাম প্রকাশে অনিচ্ছুকদিনাজপুর","1. <other_1429_s192> [আয়কর আইন, ২০২৩, ধারা ১৯২] হিন্দু অবিভক্ত পরিবারের বিভাজনের ক্ষেত্রে কর নির্ধারণ — (১) এই আইনের উদ্দেশ্যপূরণকল্পে, হিন্দু অবিভক্ত পরিবার হিসাবে নির্ধারিত কোনো হিন্দু পরিবারকে সেই পর্যন্ত হিন্দু
2. <other_1716_s15> [জুলাই গণঅভ্যুত্থানে শহিদ পরিবার এবং জুলাই যো, ধারা ১৫] অপরাধ ও দণ্ড — (১) যদি কোনো ব্যক্তি জুলাই গণঅভ্যুত্থানে শহিদ পরিবারের সদস্য বা যে কোনো শ্রেণির আহত জুলাই যোদ্ধা না হওয়া সত্ত
3. <other_857_s11> [বাংলাদেশ টেলিযোগাযোগ নিয়ন্ত্রণ আইন, ২০০১, ধারা ১১] পরিবারের সদস্যের কতিপয় স্বার্থ সম্পর্কে কমিশনারের দায়িত্ব — (১) কোন কমিশনারের পরিবারের কোন সদস্য যদি ধারা ১০(২)(ছ)- েত উলিস্্নখিত স্বার্থ অর্জন বা ধারণ করেন, তাহা হইলে তি
4. <other_751_s27_p0> [ব্যাংক-কোম্পানী আইন, ১৯৯১, ধারা ২৭] ঋণ ও অগ্রিম প্রদানের উপর বাধা-নিষেধ — 148[ (১) কোন ব্যাংক-কোম্পানী,-(ক) উহার নিজস্ব শেয়ারকে জামানত হিসাবে রাখিয়া কোন ঋণ, অগ্রিম, গ্যারান্টি বা অন্
5. <women_children_1119_s55> [শিশু আইন, ২০১৩, ধারা ৫৫] আইনগত প্রতিনিধিত্ব, ইত্যাদি — (১) আইনের সহিত সংঘাতে জড়িত শিশু এবং আইনের সংস্পর্শে আসা শিশুর পক্ষে আইনগত প্রতিনিধিত্ব ব্যতীত কোন আদালত কোন ম
6. <other_943_s5> [বাংলাদেশ শ্রমিক কল্যাণ ফাউন্ডেশন আইন, ২০০৬, ধারা ৫] ফাউন্ডেশনের কার্যাবলী — ফাউন্ডেশনের কার্যাবলী হইবে নিম্নরূপ, যথাঃ-(ক) শ্রমিক ও তাহার পরিবারের কল্যাণ সাধন;(খ) শ্রমিক ও তাহার পরিবারের 
7. <other_880_s7> [ইমাম ও মুয়াজ্জিন কল্যাণ ট্রাস্ট আইন, ২০০১, ধারা ৭] ট্রাস্টের কার্যাবলী — ট্রাস্টের কার্যাবলী হইবে নিম্্নরূপ, যথা:-(ক) কোন ইমাম বা মুয়াজ্জিন মারাত্মক দুর্ঘটনা, পঙ্গুত্ব, দুরারোগ্য ব্য
8. <other_848_s10> [বেসরকারী প্রাথমিক শিক্ষক কল্যাণ ট্রাস্ট আইন,, ধারা ১০] বেসরকারী প্রাথমিক শিক্ষকগণ কর্তৃক চাঁদা প্রদান — (১) প্রত্যেক বেসরকারী প্রাথমিক শিক্ষক ট্রাস্টের তহবিলে, প্রবিধান দ্বারা নির্ধারিত পদ্ধতিতে ও হারে মাসিক চাঁদা 
9. <other_822_s10> [পার্বত্য চট্টগ্রাম আঞ্চলিক পরিষদ আইন, ১৯৯৮, ধারা ১০] সম্পত্তি সম্পর্কিত ঘোষণা — চেয়ারম্যান ও প্রত্যেক সদস্য তাহার কার্যভার গ্রহণের পূর্বে তাহার এবং তাঁহার পরিবারের কোন সদস্যের স্বত্ব, দখল ব
10. <other_1586_s23> [গুম প্রতিরোধ ও প্রতিকার অধ্যাদেশ, ২০২৫, ধারা ২৩] স্ত্রী বা সন্তান কর্তৃক গুম হওয়া ব্যক্তির সম্পত্তি ব্যবহারের অনুমতি — (১) গুম হওয়া ব্যক্তির দায় পরিশোধ, তাহার স্ত্রী বা তাহার উপর নির্ভরশীল পরিবারের সদস্যদের ভরণপোষণের বা অন্য কো","cybercrime_1710_s25, other_857_s70",own_search,answered,2,Sifat
prot_0100_03,Iftiaq,,"২. অর্পিত সম্পত্তির তালিকা-সম্পর্কিত গেজেট প্রকাশের পরবর্তী ৩০০ দিনের মধ্যে জমির মালিককে বা তাদের দাবির সমর্থনে আবেদন করতে পারবেন, কিন্তু জমির মালিক বা উত্তরাধিকার যদি ৩০০ দিন পরে আবেদন করেন তাহলে ট্রাইব্যুনালে আবেদন করতে পারবেন কি না?","1. <land_856_s10_p0> [অর্পিত সম্পত্তি প্রত্যর্পণ আইন, ২০০১, ধারা ১০] 1 [প্রত্যর্পণযোগ্য] সম্পত্তি প্রত্যর্পণ বা অবমুক্তির আবেদন, রেজিষ্ট্রি, রায় ও রায়ের অনুলিপি — (১)38[ধারা ৯ এর অধীন গেজেটে প্রকাশিত ক তফসিলভুক্ত অর্পিত] সম্পত্তির মালিক উক্ত সম্পত্তি তাহার অনুকূলে প্রত্যর্
2. <land_856_s9> [অর্পিত সম্পত্তি প্রত্যর্পণ আইন, ২০০১, ধারা ৯] 1 [প্রত্যর্পণযোগ্য ]সম্পত্তির তালিকা প্রকাশ — 21[ (১) অর্পিত সম্পত্তি প্রত্যর্পণ (সংশোধন) আইন, ২০১১ কার্যকর হইবার22[ ৩০০ (তিনশত)] দিনের মধ্যে সরকার এই ধারার
3. <land_856_s13> [অর্পিত সম্পত্তি প্রত্যর্পণ আইন, ২০০১, ধারা ১৩] 1 [প্রত্যর্পণযোগ্য] সম্পত্তি সংক্রান্ত মামলার abatement, কার্যধারা বন্ধ ও ট্রাইব্যুনালে দাবী উত্থাপন — (১)57[প্রত্যর্পণযোগ্য সম্পত্তির তালিকা] সরকারী গেজেটে প্রকাশের তারিখে যদি কোন আদালতে এমন দেওয়ানী মামলা অনিষ্প
4. <land_856_s15> [অর্পিত সম্পত্তি প্রত্যর্পণ আইন, ২০০১, ধারা ১৫] প্রত্যর্পণযোগ্য জনহিতকর সম্পত্তি সম্পর্কিত বিধান — (১) কোন প্রত্যর্পণযোগ্য জনহিতকর সম্পত্তি দেবোত্তর সম্পত্তি হইলে উহার সেবায়েত, বা উহা মঠ হইলে উহার মোহন্ত, বা 
5. <other_1439_s10> [বাংলাদেশ শিল্প-নকশা আইন, ২০২৩, ধারা ১০] আবেদন প্রকাশনা — (১) কোনো শিল্প নকশা নিবন্ধন আবেদন গৃহীত হইবার পর নির্ধারিত পদ্ধতিতে ও সময়ের মধ্যে মহাপরিচালক উক্ত আবেদন ই-গেজ
6. <other_1429_s333> [আয়কর আইন, ২০২৩, ধারা ৩৩৩] তামাদির মেয়াদ গণনা — (১) এই আইনের অধীন আপিল বা আবেদন দাখিলের জন্য নির্ধারিত তামাদির মেয়াদ গণনার ক্ষেত্রে, যেই তারিখে অভিযোগীয় বিষ
7. <land_1449_s16> [ভূমি উন্নয়ন কর আইন, ২০২৩, ধারা ১৬] পুনরীক্ষণ — (১) ধারা ১৫ অনুযায়ী ভূমি উন্নয়ন কর নির্ধারণী তালিকা প্রকাশ, প্রচার ও খুদে বার্তা সেবা (SMS) এর মাধ্যমে অবহিত
8. <land_856_s18> [অর্পিত সম্পত্তি প্রত্যর্পণ আইন, ২০০১, ধারা ১৮] আপীল — (১) উপ-ধারা (২) এ উল্লিখিত ট্রাইব্যুনালের সিদ্ধান্তসমূহের বিরুদ্ধে শুধুমাত্র আপীল ট্রাইব্যুনালে আপীল দায়ের কর
9. <other_1429_s303> [আয়কর আইন, ২০২৩, ধারা ৩০৩] আপিল ট্রাইব্যুনাল বা হাইকোর্ট বিভাগে নিষ্পন্নাধীন আপিল বা রেফারেন্স সম্পর্কিত কার্যক্রম সাময়িক স্থগিতকরণ — যেইক্ষেত্রে কোনো করদাতা কোনো আয়বর্ষে বিকল্প বিরোধ নিষ্পত্তির জন্য আবেদন করেন এবং উক্ত আয়বর্ষের জন্য উপকর কমি
10. <other_1472_s15> [বাংলাদেশ পেটেন্ট আইন, ২০২৩, ধারা ১৫] বিদেশি পেটেন্ট আবেদনের দলিলাদি সংক্রান্ত তথ্য — (১) যদি কোনো আবেদনকারী, এককভাবে বা অন্য কোনো ব্যক্তির সহিত যৌথভাবে, বাংলাদেশ ব্যতীত অন্য কোনো দেশে আবেদন করেন,",1,candidate,answered,3,Sifat
prot_0056_04,Iftiaq,,"আমি একজন সরকারি চাকরিজীবী। এক বছর আগে আমার এক আত্মীয়ের মেয়েকে বিয়ে করি। কিন্তু বিয়ের কয়েক সপ্তাহ পরে জানতে পারি, বিয়ের আগে তার অন্য এক ছেলের সঙ্গে সম্পর্ক ছিল। আমি তাকে খুব ভালোবাসতাম। কিন্তু এ কথা জানার পর তাকে আর মেনে নিতে পারছি না। মেয়েটি তার সম্পর্কের কথা স্বীকার করে না। কিন্তু তার আত্মীয়স্বজন, বন্ধুবান্ধব আমাকে বলেছে। তার সঙ্গে আমার দু-একদিন পরপর ঝগড়া হয়। আমি তাঁকে তালাকের কথা বললে সে রাজি হয় না। কিন্তু আমি আর সংসার করতে চাই না। তাঁকে কীভাবে তালাক দেব?নাম প্রকাশে অনিচ্ছুক","1. <other_1126_s8> [প্রতিবন্ধী ব্যক্তির অধিকার ও সুরক্ষা আইন, ২০, ধারা ৮] বাকপ্রতিবন্ধিতা (speech disability) — নিম্নবর্ণিত দফাসমূহে উল্লিখিত বৈশিষ্ট্যসমূহের মধ্যে এক বা একাধিক বৈশিষ্ট্যের অধিকারী ব্যক্তি ‘বাকপ্রতিবন্ধী ব্
2. <other_1375_s27> [শিশু দিবাযত্ন কেন্দ্র আইন, ২০২১, ধারা ২৭] ক্যামেরায় গৃহীত ছবি, রেকর্ডকৃত কথাবার্তার সাক্ষ্য মূল্য — Evidence Act, 1872(Act No. I of 1872) এ যাহা কিছুই থাকুক না কেন, কেন্দ্রে সংঘটিত কোনো অপরাধের ভিডিও, স্থিরচিত্
3. <other_788_s346_p0> [কোম্পানী আইন, ১৯৯৪, ধারা ৩৪৬] নিষ্ক্রিয় (defunct) কোম্পানীর নাম নিবন্ধন বহি হইতে কাটিয়া দেওয়া — (১) যেক্ষেত্রে রেজিষ্ট্রারের এইরূপ বিশ্বাস করিবার যুক্তিসংগত কারণ থাকে যে, কোন একটি কোম্পানী ব্যবসা করিতেছে না
4. <women_children_1063_s26> [পারিবারিক সহিংসতা (প্রতিরোধ ও সুরক্ষা) আইন, , ধারা ২৬] প্রতিপক্ষের অনুপস্থিতিতে বিচার — (১) প্রতিপক্ষের প্রতি উপস্থিতির জন্য নোটিশ জারী করা হইলেও প্রতিপক্ষ যদি আদালতে উপস্থিত না হন বা একবার উপস্থিত 
5. <women_children_1119_s80> [শিশু আইন, ২০১৩, ধারা ৮০] শিশুকে শোষণের দণ্ড — (১) শিশু-আদালত কর্তৃক শিশুর জিম্মাদার, রক্ষণাবেক্ষণকারী, প্রতিপালনের দায়িত্বপ্রাপ্ত ব্যক্তি বা অন্য কোন ব্যক্
6. <labour_952_s117> [বাংলাদেশ শ্রম আইন, ২০০৬, ধারা ১১৭] মজুরীসহ বাৎসরিক ছুটি — (১) কোন প্রতিষ্ঠানে অবিচ্ছিন্নভাবে এক বৎসর চাকুরী পূর্ণ করিয়াছেন এমন প্রত্যেক প্রাপ্ত বয়স্ক শ্রমিককে পরবর্তী
7. <labour_952_s116> [বাংলাদেশ শ্রম আইন, ২০০৬, ধারা ১১৬] পীড়া-ছুটি — (১) সংবাদ পত্র শ্রমিক ব্যতীত, প্রত্যেক শ্রমিক প্রত্যেক পঞ্জিকা বৎসরে পূর্ণ মজুরীতে চৌদ্দ দিনের পীড়া ছুটি পাইব
8. <labour_952_s223> [বাংলাদেশ শ্রম আইন, ২০০৬, ধারা ২২৩] নিষ্পত্তি, ইত্যাদি বলবৎ এর তারিখ — (১) কোন নিষ্পত্তি-(ক) যদি কোন বিরোধের পক্ষগণের মধ্যে কোন সম্মত দিন থাকে, উক্ত দিন হইতে, এবং(খ) যদি উক্তরূপ কোন
9. <labour_1285_s51> [বাংলাদেশ ইপিজেড শ্রম আইন, ২০১৯, ধারা ৫১] পীঁড়া ছুটি — (১) প্রত্যেক শ্রমিক প্রতি পঞ্জিকা বৎসরে পূর্ণ মজুরিতে ১৪ (চৌদ্দো) দিনের পীঁড়া ছুটি পাইবার অধিকারী হইবেন।(২) উ
10. <other_1181_s29> [বাংলাদেশ কোস্ট গার্ড আইন, ২০১৬, ধারা ২৯] বিদ্রোহ — এই আইনের বিধানাবলী সাপেক্ষে, অধিভুক্ত কোন ব্যক্তি যদি -(ক) বাহিনীর অভ্যন্তরে বা অন্য কোন শৃঙ্খলা বাহিনীতে কোন ",family_305_s7,own_search,answered,3,Sifat
prot_0031_02,Iftiaq,VERIFY,কিন্তু আমাদের মধ্যে বিবাহবিচ্ছেদ হয়নি। এখন সে সংসার করছে এবং তার একটি সন্তানও আছে। আমিও আরেকটি মেয়েকে বিয়ে করেছি। আমাদের আগের বিয়ের কাবিনে নগদ দুই লাখ টাকা ও ৪ শতাংশ জমি স্ত্রীকে দেওয়া হয়েছে। এখন আমার আগের স্ত্রী কি সেই জমি ও টাকা পাবে?,"1. <criminal_procedure_1239_s85> [রংপুর মহানগরী পুলিশ আইন, ২০১৮, ধারা ৮৫] ইচ্ছাকৃতভাবে অনধিকার প্রবেশের দণ্ড — কোনো ব্যক্তি সন্তোষজনক কারণ ব্যতীত কোনো বসতবাড়িতে বা উহার প্রাঙ্গণে বা উহার সংলগ্ন জমিতে বা মাঠে অথবা সরকারি 
2. <criminal_procedure_1238_s85> [গাজীপুর মহানগরী পুলিশ আইন, ২০১৮, ধারা ৮৫] ইচ্ছাকৃতভাবে অনধিকার প্রবেশের দণ্ড — কোনো ব্যক্তি সন্তোষজনক কারণ ব্যতীত কোনো বসতবাড়িতে বা উহার প্রাঙ্গণে বা উহার সংলগ্ন জমিতে বা মাঠে অথবা সরকারি 
3. <other_722_s15> [পার্বত্য জেলাসমূহ (আইন রহিত ও প্রয়োগ এবং বিশ, ধারা ১৫] বসতবাড়ীর জন্য গ্রামীণ জমি দখল — (১) কোন পাহাড়ী ব্যক্তি পৌর এলাকা-বহির্ভূত অনধিক ত্রিশ শতাংশ পর্যন্ত খাস জমি তাহার নিজ বসতবাড়ীর জন্য হেডম্যান
4. <other_1443_s2_p0> [বাংলাদেশ ক্ষুদ্র ও কুটির শিল্প কর্পোরেশন আইন, ধারা ২] সংজ্ঞা — বিষয় বা প্রসঙ্গের পরিপন্থি কোনো কিছু না থাকিলে, এই আইনে,-(১) ‘অতি ক্ষুদ্র শিল্প’ বা ‘মাইক্রো শিল্প’ অর্থ-(ক) 
5. <other_1412_s6_p0> [বেসরকারি মেডিকেল কলেজ ও ডেন্টাল কলেজ আইন, ২০, ধারা ৬] বেসরকারি মেডিকেল কলেজ বা ডেন্টাল কলেজ স্থাপনের শর্তাবলি — এই আইনের অধীন বেসরকারি মেডিকেল কলেজ বা ডেন্টাল কলেজ স্থাপনের লক্ষ্যে নিম্নবর্ণিত শর্তাবলি পূরণ করিতে হইবে, যথা
6. <other_831_s7_p2> [অর্থ আইন, ১৯৯৯, ধারা ৭] ১৯৯১ সনের ২২ নং আইন সংশোধন — কিছুই থাকুক না কেন, প্রতিষ্ঠিত নিবন্ধিত ব্যক্তির তেগত্রে, প্রতিষ্ঠিত নিবন্ধিত ব্যক্তি বিবেচিত হওয়ার বত্সরে এই
7. <other_1158_s25> [ফরমালিন নিয়ন্ত্রণ আইন, ২০১৫, ধারা ২৫] অপরাধ সংঘটনে গৃহ বা যানবাহন, ইত্যাদি ব্যবহার করিতে দেওয়ার দণ্ড — কোন ব্যক্তি যদি জ্ঞাতসারে এই আইনের অধীন কোন অপরাধ সংঘটনের জন্য তাহার মালিকানাধীন বা দখলীয় কোন বাড়ি-ঘর, জায়গ
8. <criminal_procedure_1013_s87> [বরিশাল মহানগরী পুলিশ আইন, ২০০৯, ধারা ৮৭] ইচ্ছাকৃতভাবে অনধিকার প্রবেশের দণ্ড — কোন ব্যক্তি সন্তোষজনক কারণ ছাড়া কোন বসতবাড়ীতে বা উহার প্রাংগনে বা উহার সংলগ্ন জমিতে বা মাঠে অথবা সরকারী জমি,
9. <other_813_s6> [বাংলাদেশ কমার্স এন্ড ইনভেষ্টমেন্ট লিমিটেড (প, ধারা ৬] মূলধন বা শেয়ার মূল্য পরিশোধের পদ্ধতি — (১) “ক” শ্রেণীর শেয়ারহোল্ডার নগদ অর্থ প্রদানের মাধ্যমে শেয়ার মূল্য পরিশোধ করিবেন এবং উক্ত শ্রেণীর শেয়ারহোল্
10. <criminal_procedure_765_s87> [রাজশাহী মহানগরী পুলিশ আইন, ১৯৯২, ধারা ৮৭] ইচ্ছাকৃতভাবে অনধিকার প্রবেশের দণ্ড — কোন ব্যক্তি সন্তোষজনক কারণ ছাড়া কোন বসত বাড়িতে বা উহার প্রাংগণে বা উহার সংলগ্ন জমিতে বা মাঠে অথবা সরকারী জমি","other_173_s2, family_305_s10",own_search,answered,1,Sifat
prot_0048_01,Iftiaq,VERIFY,"আমি বিদেশে চাকরি করছি। দেশের বাইরে থাকাকালীন আমার মা-বাবা বাংলাদেশে আমার জন্য মেয়ে দেখেন এবং মোবাইল ফোনের মাধ্যমে আমাদের আকদ হয়। এর কিছুদিন পরে মেয়ে জানায় সে আমার সঙ্গে সংসার করবে না। তখনো আমি বিদেশে। এরপর আমি বাংলাদেশে এসে মেয়ের সঙ্গে যোগাযোগ করি এবং মেয়েকে বোঝানোর চেষ্টা করি। কিন্তু সে সংসার করতে রাজি নয়। সে আমাকে তালাক দেবে। কিন্তু তাকে ঘরে তুলে নিয়ে যাওয়া হয়নি এবং তার সঙ্গে আমার শারীরিক সম্পর্কও হয়নি। কাবিনের কাগজে আমি কোনো সইও করিনি। এ ক্ষেত্রে মেয়ে যদি আমাকে তালাক দেয়, তাহলে আমাকে কি মোহরানা দিতে হবে? এবং আমাদের আকদ হয়েছে কি?মো. নূর ইসলামচট্টগ্রাম","1. <other_1133_s17> [নির্যাতন এবং হেফাজতে মৃত্যু (নিবারণ) আইন, ২০, ধারা ১৭] অ-নাগরিক — এই আইনের অধীনে কৃত কোনো অপরাধের জন্য যদি বাংলাদেশের নাগরিক নয় এমন কাউকে গ্রেফতার করা হয় সে ক্ষেত্রে উক্ত ব্য
2. <other_822_s10> [পার্বত্য চট্টগ্রাম আঞ্চলিক পরিষদ আইন, ১৯৯৮, ধারা ১০] সম্পত্তি সম্পর্কিত ঘোষণা — চেয়ারম্যান ও প্রত্যেক সদস্য তাহার কার্যভার গ্রহণের পূর্বে তাহার এবং তাঁহার পরিবারের কোন সদস্যের স্বত্ব, দখল ব
3. <local_government_1027_s41> [স্থানীয় সরকার (ইউনিয়ন পরিষদ) আইন, ২০০৯, ধারা ৪১] সম্পত্তি সম্পর্কিত ঘোষণা — চেয়ারম্যান ও সদস্য তাঁহার কার্যভার গ্রহণের পূর্বে তাঁহার এবং তাঁহার পরিবারের কোন সদস্যের স্বত্ব, দখল বা স্বার
4. <local_government_827_s10> [উপজেলা পরিষদ আইন, ১৯৯৮, ধারা ১০] সম্পত্তি সম্পর্কিত ঘোষণা — 14[চেয়ারম্যান ও ভাইস চেয়ারম্যান ] তাঁহার কার্যভার গ্রহণের পূর্বে তাঁহার এবং তাঁহার পরিবারের কোন সদস্যের স্বত
5. <other_1476_s105> [কাস্টমস আইন, ২০২৩, ধারা ১০৫] আউটওয়ার্ড প্রসেসিং পদ্ধতি — (১) এই অধ্যায়ে উল্লিখিত আবশ্যকতা এবং পণ্য ঘোষণা ও ছাড় সংক্রান্ত প্রয়োজনীয় আনুষ্ঠানিকতা সম্পাদন সাপেক্ষে, ব
6. <local_government_1027_s2_p1> [স্থানীয় সরকার (ইউনিয়ন পরিষদ) আইন, ২০০৯, ধারা ২] সংজ্ঞা — শহর হিসাবে ঘোষিত নয় এইরূপ এলাকা;(১৩) 'চেয়ারম্যান' অর্থ ইউনিয়ন পরিষদের চেয়ারম্যান;(১৪) 'জনপথ' অর্থ সর্বসাধা
7. <other_1725_s74> [অর্থ আইন, ২০২৬, ধারা ৭৪] ২০২৩ সনের ১২ নং আইনের ধারা ১১৯ এর সংশোধন — ২০২৩ সনের ১২ নং আইনের ধারা ১১৯ এর সংশোধন।-উক্ত আইনের ধারা ১১৯ এর উপ-ধারা (৩) এর পরিবর্তে নিম্নরূপ উপ-ধারা (৩) 
8. <other_1727_s2_p0> [জুয়া প্রতিরোধ আইন, ২০২৬, ধারা ২] সংজ্ঞা — বিষয় বা প্রসঙ্গের পরিপন্থি কোনো কিছু না থাকিলে, এই আইনে- (১) ""অর্থপাচার"" অর্থ- (ক) দেশে বিদ্যমান আইনের ব্যত্য
9. <other_1146_s68> [অর্থ আইন, ২০১৪, ধারা ৬৮] তথ্য ও যোগাযোগ প্রযুক্তি উন্নয়ন সারচার্জ — (১) বাংলাদেশে আমদানিকৃত ও উৎপাদিত সেলুলার মোবাইল টেলিফোন সেট এর উপর মূল্যভিত্তিক ১% হারে তথ্য ও যোগাযোগ প্রযুক
10. <other_1037_s20> [বীমা আইন, ২০১০, ধারা ২০] বিদেশে পুনঃবীমা সংক্রান্ত বিধানাবলী৷ — (১) প্রবিধান দ্বারা নির্ধারিত শর্ত সাপেক্ষে কোন বীমাকারী বীমাপলিসি গ্রাহক এবং বীমাকারীর স্বার্থ নিশ্চিত হয় এই",other_173_s2,own_search,answered,1,Sifat
lawy_0262_01,Iftiaq,VERIFY,"বাপ, দাদা ও নানা বাড়ির সম্পত্তি কিভাবে উদ্ধার করবেন?","1. <other_1132_s4> [পিতা-মাতার ভরণ-পোষণ আইন, ২০১৩, ধারা ৪] পিতা-মাতার অবর্তমানে দাদা-দাদী, নানা-নানীর ভরণ-পোষণ — প্রত্যেক সন্তান তাহার—(ক) পিতার অবর্তমানে দাদা-দাদীকে; এবং(খ) মাতার অবর্তমানে নানা-নানীকে—ধারা ৩ এ বর্ণিত ভরণ-
2. <other_1132_s5> [পিতা-মাতার ভরণ-পোষণ আইন, ২০১৩, ধারা ৫] পিতা-মাতার ভরণ-পোষণ না করিবার দণ্ড — (১) কোন সন্তান কর্তৃক ধারা ৩ এর যে কোন উপ-ধারার বিধান কিংবা ধারা ৪ এর বিধান লংঘন অপরাধ বলিয়া গণ্য হইবে এবং উক
3. <other_751_s86> [ব্যাংক-কোম্পানী আইন, ১৯৯১, ধারা ৮৬] সম্পত্তি উদ্ধার, ইত্যাদিতে ব্যাংক-কোম্পানীর পরিচালক ও কর্মকর্তাগণ কর্তৃক সাহায্য প্রদানের দায়িত্ব — অবসায়নাধীন কোন ব্যাংক-কোম্পানীর প্রত্যেক পরিচালক ও কর্মকর্তা, সরকারী অবসায়ক কর্তৃক অনুরম্্নদ্ধ হইলে তাঁহাকে 
4. <other_1483_s5> [পরিত্যক্ত বাড়ি (সম্পূরক বিধানাবলি) আইন, ২০২৩, ধারা ৫] পরিত্যক্ত বাড়ির তালিকা হইবার পর স্বার্থ দাবি করিয়া আবেদন — ধারা ৪ এর উপ-ধারা (১) এর দফা (ক) ও (খ) এ বর্ণিত ক্ষেত্র ব্যতীত অন্যান্য ক্ষেত্রে কোনো বাড়ির উপর কোনো অধিকার ব
5. <land_1193_s1> [রেলওয়ে সম্পত্তি (অবৈধ দখল উদ্ধার) আইন, ২০১৬, ধারা ১] সংক্ষিপ্ত শিরোনাম ও প্রবর্তন — (১) এই আইনরেলওয়ে সম্পত্তি (অবৈধ দখল উদ্ধার) আইন, ২০১৬নামে অভিহিত হইবে।(২) ইহা অবিলম্বে কার্যকর হইবে।
6. <other_812_s20> [দেউলিয়া বিষয়ক আইন, ১৯৯৭, ধারা ২০] দেনাদারের মৃত্যুর পর কার্যধারা অব্যাহত রাখা — যে দেনাদারের পক্ষে বা বিপক্ষে আর্জি পেশ করা হইয়াছে তাহার মৃত্যু হইলে উক্ত আর্জি-ভিত্তিক কার্যধারা ততদিন অব্যা
7. <other_1715_s34> [বন্যপ্রাণী (সংরক্ষণ ও নিরাপত্তা) আইন, ২০২৬, ধারা ৩৪] বন্যপ্রাণী উদ্ধার কেন্দ্র — বন অধিদপ্তর, বন্যপ্রাণীর চিকিৎসা সেবা, খাদ্য, আশ্রয় ও নিরাপত্তা প্রদানের নিমিত্ত উদ্ধার কেন্দ্র স্থাপন করিতে 
8. <other_1483_s10_p1> [পরিত্যক্ত বাড়ি (সম্পূরক বিধানাবলি) আইন, ২০২৩, ধারা ১০] পরিত্যক্ত বাড়ি নিয়ন্ত্রণ, ব্যবস্থাপনা এবং নিষ্পত্তি সংক্রান্ত বোর্ড — গণপূর্ত বিভাগ সদস্য-সচিব।(২) পরিত্যক্ত বাড়ি নিয়ন্ত্রণ, ব্যবস্থাপনা এবং নিষ্পত্তির জন্য বোর্ডের দায়িত্ব ও কা
9. <other_1684_s49> [মানব পাচার ও অভিবাসী চোরাচালান প্রতিরোধ ও দম, ধারা ৪৯] মানব পাচার ও অভিবাসী চোরাচালানের শিকার ব্যক্তিদের বা ভিকটিমদের চিহ্নিতকরণ এবং উদ্ধার — (১) সরকার মানব পাচার ও অভিবাসী চোরাচালানের শিকার ব্যক্তিদের চিহ্নিতকরণ, উদ্ধার, প্রত্যাবাসন এবং পুনর্বাসনকল্পে
10. <other_1131_s43> [বৈদেশিক কর্মসংস্থান ও অভিবাসী আইন, ২০১৩, ধারা ৪৩] অবৈধভাবে গৃহীত অর্থ উদ্ধার — (১) এই আইনের বিধান লঘন করিয়া কোন অর্থ গ্রহণ করা হইলে সরকার, প্রয়োজনীয় তদন্ত সাপেক্ষে, এবং লিখিত আদেশ দ্বার",none,none,not_found,1,Sifat
prot_0036_03,Iftiaq,VERIFY,দশম শ্রেণীতে আমি বাড়িতে একজন শিক্ষকের কাছে পড়তাম। একসময় তার সঙ্গে আমার ঘনিষ্ঠ সম্পর্ক হয়ে যায় এবং আমরা নানা জায়গায় একসঙ্গে যেতে শুরু করি। এভাবে দুই বছর চলে। কিছুদিন আগে সে আমাকে বলে যে তার সঙ্গে আমার নাকি বিয়ে হয়েছে এবং কোর্ট ম্যারেজের কাগজও দেখায়। আমি তার কথায় রাজি না থাকায় সে আমাকে তুলে নিয়ে যাওয়ার হুমকি দেয়। এ নিয়ে আমি ও আমার পরিবার খুব চিন্তিত। আমার বয়স এখনো ১৮ হয়নি। সে আমার ছবি ও স্বাক্ষর সংগ্রহ করেছে এবং কোর্ট ম্যারেজের কাগজ তৈরি করেছে। আমি এখন কী করব? নাম প্রকাশে অনিচ্ছুকচট্টগ্রাম,"1. <other_1429_s337> [আয়কর আইন, ২০২৩, ধারা ৩৩৭] কোম্পানি অবসায়নের ক্ষেত্রে গৃহীত ব্যবস্থাদি — কোম্পানী আইন, ১৯৯৪(১৯৯৪ সনের ১৮ নং আইন) এ যাহা কিছুই থাকুক না কেন, অবসায়নের আদেশপ্রাপ্ত বা সাময়িকভাবে অবসায়
2. <other_1124_s7> [মাতৃদুগ্ধ বিকল্প, শিশু খাদ্য, বাণিজ্যিকভাবে , ধারা ৭] শিক্ষামূলক বা অন্যান্য তথ্যাদি — জন্ম-পূর্ববর্তী বা জন্ম-পরবর্তী সেবা দানের উদ্দেশ্যে কোন গর্ভবতী মহিলা বা মাতৃদুগ্ধদানকারী বা শিশুর মায়েদের স
3. <other_1025_s7> [মোবাইল কোর্ট আইন, ২০০৯, ধারা ৭] মোবাইল কোর্টের পরিচালনা পদ্ধতি — (১) এই আইনের অধীন মোবাইল কোর্ট পরিচালনা করিবার সময় কোন ব্যক্তির বিরুদ্ধে অপরাধ আমলে গৃহীত হইবার পরপরই মোবাইল 
4. <cybercrime_1710_s2_p11> [সাইবার সুরক্ষা আইন, ২০২৬, ধারা ২] সংজ্ঞা — দ্বারা কোন ব্যক্তির অন্তরঙ্গ অথবা ব্যক্তিগত ছবি, ভিডিও সংরক্ষণ বা সংরক্ষনের দাবি করিবার মাধ্যমে তাহা প্রকাশ কর
5. <other_1025_s8> [মোবাইল কোর্ট আইন, ২০০৯, ধারা ৮] দণ্ড আরোপের সীমাবদ্ধতা — (১) এই আইনের অধীন মোবাইল কোর্ট পরিচালনা করিয়া দণ্ড আরোপ করিবার ক্ষেত্রে, সংশ্লিষ্ট অপরাধের জন্য সংশ্লিষ্ট আইন
6. <other_1483_s8> [পরিত্যক্ত বাড়ি (সম্পূরক বিধানাবলি) আইন, ২০২৩, ধারা ৮] কোর্ট অব সেটেলমেন্ট স্থাপন — (১) এই আইনের উদ্দেশ্যপূরণকল্পে, সরকার, সরকারি গেজেটে প্রজ্ঞাপন দ্বারা, প্রজ্ঞাপনে উল্লিখিত এলাকা বা এলাকাসমূহে
7. <other_1483_s7> [পরিত্যক্ত বাড়ি (সম্পূরক বিধানাবলি) আইন, ২০২৩, ধারা ৭] মামলা দায়েরে নিষেধাজ্ঞা, ইত্যাদি — (১) রাষ্ট্রপতির ১৯৭২ সনের ১৬ নং আদেশ বা এই আইনের অধীন কৃত, গৃহীত বা চলমান কোনো কার্যক্রম, সিদ্ধান্ত বা জারীকৃত
8. <labour_952_s36> [বাংলাদেশ শ্রম আইন, ২০০৬, ধারা ৩৬] যদি কোন ব্যক্তি শিশু নাকি কিশোর এ সম্পর্কে কোন প্রশ্ন উত্থাপিত হয়, তাহা হইলে উক্ত ব্যক্তির জন্ম নিবন্ধন সনদ, 
9. <other_1429_s127> [আয়কর আইন, ২০২৩, ধারা ১২৭] সরকারি স্ট্যাম্প, কোর্ট ফি, কার্টিজ পেপার বাবদ পরিশোধিত কমিশন হইতে কর সংগ্রহ — সরকারি স্ট্যাম্প, কোর্ট ফি, কার্টিজ পেপার বা অনুরূপ প্রকৃতির অন্য কোনো কিছু বিক্রয়ের বিপরীতে কোনো কমিশন, বাট্
10. <other_1419_s18> [বাংলাদেশ সরকারী কর্ম কমিশন আইন, ২০২৩, ধারা ১৮] মোবাইল কোর্ট আইন, ২০০৯ এর প্রয়োগ — ধারা ১১ এ বর্ণিত অপরাধ ব্যতীত ধারা ১০, ১২, ১৩ ও ১৪ এ বর্ণিত অপরাধসমূহমোবাইল কোর্ট আইন, ২০০৯(২০০৯ সনের ৫৯ নং আই","criminal_procedure_11_s465, criminal_procedure_11_s471, criminal_procedure_11_s506",own_search,answered,1,Sifat
lawy_0567_01,Iftiaq,VERIFY,"ছেলে নেই, মেয়ে কি বাবার সব সম্পত্তি পাবে?","1. <other_822_s10> [পার্বত্য চট্টগ্রাম আঞ্চলিক পরিষদ আইন, ১৯৯৮, ধারা ১০] সম্পত্তি সম্পর্কিত ঘোষণা — চেয়ারম্যান ও প্রত্যেক সদস্য তাহার কার্যভার গ্রহণের পূর্বে তাহার এবং তাঁহার পরিবারের কোন সদস্যের স্বত্ব, দখল ব
2. <local_government_1027_s41> [স্থানীয় সরকার (ইউনিয়ন পরিষদ) আইন, ২০০৯, ধারা ৪১] সম্পত্তি সম্পর্কিত ঘোষণা — চেয়ারম্যান ও সদস্য তাঁহার কার্যভার গ্রহণের পূর্বে তাঁহার এবং তাঁহার পরিবারের কোন সদস্যের স্বত্ব, দখল বা স্বার
3. <local_government_827_s10> [উপজেলা পরিষদ আইন, ১৯৯৮, ধারা ১০] সম্পত্তি সম্পর্কিত ঘোষণা — 14[চেয়ারম্যান ও ভাইস চেয়ারম্যান ] তাঁহার কার্যভার গ্রহণের পূর্বে তাঁহার এবং তাঁহার পরিবারের কোন সদস্যের স্বত
4. <local_government_1027_s2_p1> [স্থানীয় সরকার (ইউনিয়ন পরিষদ) আইন, ২০০৯, ধারা ২] সংজ্ঞা — শহর হিসাবে ঘোষিত নয় এইরূপ এলাকা;(১৩) 'চেয়ারম্যান' অর্থ ইউনিয়ন পরিষদের চেয়ারম্যান;(১৪) 'জনপথ' অর্থ সর্বসাধা
5. <other_1482_s31> [বাংলাদেশ হোমিওপ্যাথিক চিকিৎসা শিক্ষা আইন, ২০, ধারা ৩১] ব্যবস্থাপত্রে অ-অনুমোদিত ঔষধ লিখিবার দণ্ড — (১) কোনো হোমিওপ্যাথিক চিকিৎসক হোমিওপ্যাথিক ফার্মাকোপিয়াতে অন্তর্ভুক্ত নেই এমন কোনো ঔষধ হোমিওপ্যাথিক চিকিৎসা ব
6. <other_1727_s35> [জুয়া প্রতিরোধ আইন, ২০২৬, ধারা ৩৫] ফৌজদারি কার্যবিধির প্রযোজ্যতা — এই আইনের যে সকল ক্ষেত্রে সুনির্দিষ্ট কোনো বিধান নেই সেইক্ষেত্রে অপরাধের তদন্ত, বিচার, তল্লাশি, জব্দ, গ্রেপ্তার
7. <other_1128_s35> [মাল্টি-লেভেল মার্কেটিং কার্যক্রম (নিয়ন্ত্রণ), ধারা ৩৫] এই আইনে সুনির্দিষ্টভাবে দণ্ডের উল্লেখ নেই এইরূপ কোন বিধান লংঘনের দণ্ড — কোন ব্যক্তি যদি এই আইনে সুনির্দিষ্টভাবে দণ্ডের বিধান উল্লেখ নাই এইরূপ কোন বিধান লংঘন করেন, তাহা হইলে উক্ত লংঘন
8. <other_1429_s2_p0> [আয়কর আইন, ২০২৩, ধারা ২] সংজ্ঞা — বিষয় বা প্রসঙ্গের পরিপন্থি কোনো কিছু না থাকিলে, এই আইনে,-(১) “অবলোপিত মূল্য” অর্থ তৃতীয় তফসিলের অংশ ১ এ সংজ্
9. <other_880_s7> [ইমাম ও মুয়াজ্জিন কল্যাণ ট্রাস্ট আইন, ২০০১, ধারা ৭] ট্রাস্টের কার্যাবলী — ট্রাস্টের কার্যাবলী হইবে নিম্্নরূপ, যথা:-(ক) কোন ইমাম বা মুয়াজ্জিন মারাত্মক দুর্ঘটনা, পঙ্গুত্ব, দুরারোগ্য ব্য
10. <labour_952_s2_p5> [বাংলাদেশ শ্রম আইন, ২০০৬, ধারা ২] সংজ্ঞাসমূহ — ব্যবহার করা হয় বা ব্যবহারযোগ্য, এবং কোন টাগ বা ফ্লাট এবং বার্জও ইহার অর্ন্তভুক্ত হইবে;(২৮) ""প্রশাসনিক শ্রমিক""",other_173_s2,own_search,answered,2,Sifat
prot_0003_01,Iftiaq,VERIFY,"ঢাকার একটি পাবলিক বিশ্ববিদ্যালয় এলাকায় বর্তমানে মুঠোফোন সেট চুরির ঘটনা অনেক বেড়ে গেছে। হলের নিজ নিজ কক্ষ থেকে মুঠোফোন সেট চুরি যাচ্ছে। ফলে ছাত্ররা অনিরাপদ বোধ করছেন। থানায় সাধারণ ডায়েরি করলেও কোনো প্রতিকার পাওয়া যায় না। মুঠোফোন সেট চুরির ঘটনাকে পুলিশ ও বিশ্ববিদ্যালয় প্রশাসন ছোটখাটো ঘটনা হিসেবে দেখে পাত্তা দিচ্ছে না। ফলে প্রতি মাসেই অসংখ্য মুঠোফোন সেট চুরির ঘটনা ঘটে। মুঠোফোন সেটে অনেক গুরুত্বপূর্ণ তথ্য থাকে, তাই এই চুরির ঘটনাকে খাটো করে না দেখে একই সঙ্গে নিম্ন ও নিম্নমধ্যবিত্ত শিক্ষার্থীদের কথা মাথায় রেখে আমরা এ বিষয়ের একটি প্রতিকার চাই। আমরা এই চুরির ঘটনায় মামলা করতে চাই। আমরা কীভাবে সরকারি উকিলের সাহায্য নিতে পারি এবং কীভাবে এ মামলা নিয়ে লড়তে পারি? পরামর্শ দিলে কৃতজ্ঞ থাকব। সাইফুল ইসলাম খান ঢাকা","1. <other_1228_s48> [বিদ্যুৎ আইন, ২০১৮, ধারা ৪৮] কতিপয় মামলা দায়েরের ক্ষেত্রে করণীয় — (১) এই আইনের অন্য কোন বিধানকে ক্ষুণ্ণ না করিয়া, কোন ব্যক্তি বা গ্রাহক কর্তৃক বিদ্যুৎ চুরির ঘটনা অবগত হইবার পর
2. <other_1052_s17> [বাংলাদেশ গ্যাস আইন, ২০১০, ধারা ১৭] পাইপলাইন, মিটার, রেগুলেটর, ইত্যাদি চুরির দন্ড — কোন ব্যক্তি গ্যাস সঞ্চালন, বিতরণ এবং সরবরাহকারী প্রতিষ্ঠানের মালিকানাধীন পাইপলাইন, মিটার, রেগুলেটর বা অন্য কোন
3. <other_1228_s32> [বিদ্যুৎ আইন, ২০১৮, ধারা ৩২] বিদ্যুৎ চুরির দণ্ড — (১) কোন ব্যক্তি বাসগৃহ বা কোন স্থানে ব্যবহারের উদ্দেশ্যে বিদ্যুৎ চুরি করিলে অনধিক ৩ (তিন) বৎসর কারাদণ্ড অথবা চ
4. <other_1146_s68> [অর্থ আইন, ২০১৪, ধারা ৬৮] তথ্য ও যোগাযোগ প্রযুক্তি উন্নয়ন সারচার্জ — (১) বাংলাদেশে আমদানিকৃত ও উৎপাদিত সেলুলার মোবাইল টেলিফোন সেট এর উপর মূল্যভিত্তিক ১% হারে তথ্য ও যোগাযোগ প্রযুক
5. <consumer_1270_s10> [ওজন ও পরিমাপ মানদণ্ড আইন, ২০১৮, ধারা ১০] রেফারেন্স মানদণ্ড — (১) সরকার, ধারা ৮ এর উপ-ধারা (১) এ উল্লিখিত পরিমাপনের মানদণ্ড বা উহার গুণিতক বা উপ-গুণিতকের জন্য, রেফারেন্স মা
6. <other_1725_s141> [অর্থ আইন, ২০২৬, ধারা ১৪১] ২০২৩ সনের ১২ নং আইনের ধারা ২৮৯ এর সংশোধন — উক্ত আইনের ধারা ২৮৯ এর- (ক) উপ-ধারা (১) এর দফা (ক) এর পরিবর্তে নিম্নরূপ দফা (ক) প্রতিস্থাপিত হইবে, যথা:- “(ক) 
7. <consumer_1270_s12> [ওজন ও পরিমাপ মানদণ্ড আইন, ২০১৮, ধারা ১২] প্রচলিত মানদণ্ড — (১) বাণিজ্যিক ওজন ও পরিমাপনের শুদ্ধতা প্রতিপাদনের উদ্দেশ্যে, সরকার, প্রচলিত মানদণ্ড নামে, প্রয়োজনীয় সংখ্যক ম
8. <other_1218_s36> [বেসামরিক বিমান চলাচল আইন, ২০১৭, ধারা ৩৬] কতিপয় ক্ষেত্রে মামলা দায়েরে প্রতিবন্ধকতা — আবহাওয়া এবং অন্য কোন পারিপার্শ্বিক অবস্থা বিবেচনায় বিমান চলাচলের জন্য যে উচ্চতা যৌক্তিক সেইরূপ উচ্চতার উপর দ
9. <other_1096_s23> [বাংলাদেশ পরমাণু শক্তি নিয়ন্ত্রণ আইন, ২০১২, ধারা ২৩] অনুমোদনপ্রাপ্ত ব্যক্তির দায়-দায়িত্ব — অনুমোদনপ্রাপ্ত ব্যক্তি অনুমোদনের মেয়াদকালীন নিম্নবর্ণিত দায়-দায়িত্ব পালন করিবেন, যথাঃ-(ক) নিউক্লীয় স্থাপনা
10. <consumer_1270_s11> [ওজন ও পরিমাপ মানদণ্ড আইন, ২০১৮, ধারা ১১] সেকেন্ডারি মানদণ্ড — (১) প্রচলিত মানদণ্ডের শুদ্ধতা প্রতিপাদনের উদ্দেশ্যে, সরকার, সেকেন্ডারি মানদণ্ড নামে ওজন ও পরিমাপনের প্রয়োজনীয","criminal_procedure_75_s154, criminal_procedure_75_s493, criminal_procedure_11_s380",own_search,answered,2,Sifat
prot_0021_02,Iftiaq,VERIFY,"আপনার স্বামী তালাকের নির্দিষ্ট নিয়ম অনুযায়ী তাঁর দ্বিতীয় স্ত্রীকে তালাক দিতে পারেন। তবে আইন অনুযায়ী দ্বিতীয় স্ত্রী দেনমোহর ও নির্দিষ্ট সময়ের ভরণপোষণ পাবেন। আমাদের মা-বাবা জীবিত নেই। আমিই তাঁদের একমাত্র ছেলেসন্তান। আমার চার বোন আছেন, সবাই বিবাহিত। আমাদের সম্পত্তির পরিমাণ পৌনে দুই কাঠা (১ দশমিক ৭৫ কাঠা)। ইসলাম ধর্ম আইনে কীভাবে এই সম্পত্তি বণ্টন করার বিধান রয়েছে? ইসলামধর্মের আইনমতে, উত্তরাধিকারেরা নিজেরা আপস-মীমাংসা করলেও বোনেরা তা মানতে নারাজ, করণীয় কী?","1. <other_1718_s77> [অর্থ (২০২৫-২০২৬ অর্থ বৎসর) আইন, ২০২৬, ধারা ৭৭] ২০২৩ সনের ১২ নং আইনের ধারা ১২৫ এর সংশোধন — উক্ত আইনের ধারা ১২৫ এর উপ-ধারা (২) এর দফা (ক) এ উল্লিখিত “কাঠা প্রতি ১.৬৫ (এক দশমিক পয়ষট্টি শতাংশ) ২০ (বিশ)” 
2. <constitutional_957_s42> [গণপ্রজাতন্ত্রী বাংলাদেশের সংবিধান, অনুচ্ছেদ ৪২] সম্পত্তির অধিকার — (১) আইনের দ্বারা আরোপিত বাধা নিষেধ-সাপেক্ষে প্রত্যেক নাগরিকের সম্পত্তি অর্জন, ধারণ, হস্তান্তর বা অন্যভাবে বিলি
3. <other_1266_s2_p2> [বাংলাদেশ মুক্তিযোদ্ধা কল্যাণ ট্রাস্ট আইন, ২০, ধারা ২] সংজ্ঞা — জামায়াতে ইসলামী এবং তাহাদের সহযোগী রাজাকার, আলবদর, আলশামস বাহিনীর বিরুদ্ধে গণপ্রজাতন্ত্রী বাংলাদেশের স্বাধীনত
4. <other_861_s73> [অর্থ আইন, ২০০১, ধারা ৭৩] ১৯৯১ সনের ২২ নং আইনের ধারা ৫ এর সংশোধন — মূল্য সংযোজন কর আইনের ধারা ৫ এর উপ-ধারা (২) এর দ্বিতীয় শর্তাংশের পরিবর্তে নিম্নরূপ দ্বিতীয় শর্তাংশ প্রতিস্থা
5. <other_1485_s9> [বাংলাদেশ পুলিশ কল্যাণ তহবিল আইন, ২০২৩, ধারা ৯] মৃত্যু এবং অক্ষমতাজনিত কারণে এককালীন এবং মাসিক কল্যাণ অনুদান — (১) কোনো কর্মচারী বা তাহার মৃত্যু হইলে তাহার স্ত্রী বা, ক্ষেত্রমত, স্বামী, বিধি দ্বারা নির্ধারিত পদ্ধতিতে, নিম
6. <civil_registration_921_s13> [জন্ম ও মৃত্যু নিবন্ধন আইন, ২০০৪, ধারা ১৩] বিলম্বিত নিবন্ধন — ধারা ৮ এ উল্লিখিত নির্দিষ্ট সময়ের মধ্যে জন্ম বা মৃত্যুর তথ্য নিবন্ধকের নিকট প্রেরণ করা না হইলে পরবর্তী সময় উ
7. <family_938_s7> [গ্রাম আদালত আইন, ২০০৬, ধারা ৭] গ্রাম আদালতের ক্ষমতা — (১) এই আইনে ভিন্নরূপ কোন বিধান না থাকিলে, গ্রাম আদালত তফসিলের প্রথম অংশে বর্ণিত অপরাধসমূহের ক্ষেত্রে কোন ব্যক্
8. <local_government_1024_s117> [স্থানীয় সরকার (পৌরসভা) আইন, ২০০৯, ধারা ১১৭] সীমানা লংঘন — (১) কোন ব্যক্তি কোন পৌরসভার জায়গা, সড়ক রেখা, ইমারত রেখা অথবা নর্দমার উপর অথবা ভিতরে স্থায়ী বা অস্থায়ীভাবে 
9. <local_government_1027_s93> [স্থানীয় সরকার (ইউনিয়ন পরিষদ) আইন, ২০০৯, ধারা ৯৩] অবৈধ দখল — (১) কোন ব্যক্তি কোন পরিষদের জায়গা, সড়ক অথবা নর্দমার বা তার অংশ বিশেষ স্থায়ী বা অস্থায়ীভাবে অবৈধ দখল করিতে 
10. <other_1682_s2_p0> [মানবদেহে অঙ্গ-প্রত্যঙ্গ সংযোজন আইন, ২০২৬, ধারা ২] সংজ্ঞা — বিষয় বা প্রসঙ্গের পরিপন্থি কোনো কিছু না থাকিলে, এই আইনে- (১) “অঙ্গ-প্রত্যঙ্গ” অর্থ মানবদেহের কিডনি, হৃৎপিণ্ড,",other_173_s2,own_search,answered,2,Sifat
lawy_0220_01,Iftiaq,VERIFY,বোনেরা বাবার সম্পত্তির ভিটেবাড়ি থেকে কেন বঞ্চিত হবেন?,"1. <constitutional_957_s32> [গণপ্রজাতন্ত্রী বাংলাদেশের সংবিধান, অনুচ্ছেদ ৩২] জীবন ও ব্যক্তি-স্বাধীনতার অধিকার-রক্ষণ — আইনানুযায়ী ব্যতীত জীবন ও ব্যক্তিস্বাধীনতা হইতে কোন ব্যক্তিকে বঞ্চিত করা যাইবে না।
2. <other_1065_s9> [বাংলাদেশ মেডিকেল ও ডেন্টাল কাউন্সিল আইন, ২০১, ধারা ৯] কার্যনির্বাহী কমিটি, ইত্যাদি — (১) কাউন্সিলের একটি কার্যনির্বাহী কমিটি থাকিবে।(২) কাউন্সিলের প্রেসিডেন্ট, ভাইস-প্রেসিডেন্ট এবং কাউন্সিল কর্তৃ
3. <other_1153_s6> [উপানুষ্ঠানিক শিক্ষা আইন, ২০১৪, ধারা ৬] উপানুষ্ঠানিক শিক্ষার পরিধি — উপানুষ্ঠানিক শিক্ষার পরিধি হইবে নিম্নরূপ, যথা:-(ক) যে সকল শিশু বিভিন্ন কারণে প্রাথমিক বিদ্যালয়ে আনুষ্ঠানিক শি
4. <labour_952_s286> [বাংলাদেশ শ্রম আইন, ২০০৬, ধারা ২৮৬] মালিক কর্তৃক চতুর্থ অধ্যায়ের বিধান লংঘনের দণ্ড — (১) কোন মালিক চতুর্থ অধ্যায়ের204[ বিধান অনুযায়ী কোনো মহিলা শ্রমিককে প্রসূতি কল্যাণ সুবিধা হইতে বঞ্চিত করিলে 
5. <labour_952_s29> [বাংলাদেশ শ্রম আইন, ২০০৬, ধারা ২৯] ভবিষ্য তহবিল পরিশোধ — যদি কোন শ্রমিক কোন ভবিষ্য তহবিলের সদস্য হন এবং তহবিলের বিধি অনুযায়ী তিনি মালিকের চাঁদাসহ উক্ত তহবিল হইতে কোন 
6. <labour_1285_s25> [বাংলাদেশ ইপিজেড শ্রম আইন, ২০১৯, ধারা ২৫] ভবিষ্য তহবিল পরিশোধ — যদি কোনো শ্রমিক কোনো ভবিষ্য তহবিলের সদস্য হন এবং প্রবিধান দ্বারা নির্ধারিত পদ্ধতি অনুযায়ী তিনি মালিকের চাঁদাস
7. <other_788_s274> [কোম্পানী আইন, ১৯৯৪, ধারা ২৭৪] সময়মত দাবী প্রমাণে ব্যর্থ পাওনাদারগণের ক্ষেত্রে আদালতের ক্ষমতা — আদালত এইরূপ এক বা একাধিক সময় নির্ধারণপূর্বক আদেশ প্রদান করিতে পারিবে যে, উক্ত সময়ের মধ্যে পাওনাদারগণ তাহাদের
8. <other_1248_s18> [ওয়েজ আর্নার্স কল্যাণ বোর্ড আইন, ২০১৮, ধারা ১৮] অভিযোগ নিষ্পত্তি — পরিচালনা পরিষদের কোনো সদস্য অথবা বোর্ডের কর্মচারীর কর্তব্যে অবহেলা, অসদাচরণ অথবা দুর্নীতির কারণে কোনো প্রবাসী,
9. <labour_1285_s42> [বাংলাদেশ ইপিজেড শ্রম আইন, ২০১৯, ধারা ৪২] ক্ষতিপূরণমূলক সাপ্তাহিক ছুটি — যেক্ষেত্রে কোনো প্রতিষ্ঠানকে বা উহাতে কর্মরত শ্রমিকগণকে ধারা ৪১এর বিধান হইতে অব্যাহতি প্রদান করিয়া জারিকৃত কো
10. <other_1465_s18> [চিড়িয়াখানা আইন, ২০২৩, ধারা ১৮] চিড়িয়াখানায় দর্শনার্থী প্রবেশ ফি নির্ধারণ, ইত্যাদি — (১) সরকার চিড়িয়াখানায় প্রবেশের জন্য প্রবেশ ফি নির্ধারণ করিতে পারিবে:তবে শর্ত থাকে যে, সুবিধা বঞ্চিত বা বিশে",other_173_s2,own_search,answered,2,Sifat
lawy_0563_01,Iftiaq,VERIFY,স্বামী কি স্ত্রীর বিরুদ্ধে যৌতুকের মামলা করতে পারেন?,"1. <women_children_835_s11> [নারী ও শিশু নির্যাতন দমন আইন, ২০০০, ধারা ১১] যৌতুকের জন্য মৃত্যু ঘটানো, ইত্যাদির শাস্তি — যদি কোন নারীর স্বামী অথবা স্বামীর পিতা, মাতা, অভিভাবক, আত্মীয় বা স্বামীর পক্ষে অন্য কোন ব্যক্তি যৌতুকের জন্য 
2. <labour_952_s7> [বাংলাদেশ শ্রম আইন, ২০০৬, ধারা ৭] সার্ভিস বইয়ের ফরম — (১) সার্ভিস বই বিধি দ্বারা নির্ধারিত মাপে ও ফরমে রৰিত হইবে, এবং উহাতে শ্রমিকের একটি ফটো সংযোজিত থাকিবে।(২) সার
3. <other_1037_s57_p2> [বীমা আইন, ২০১০, ধারা ৫৭] বীমা পলিসি গ্রাহক কর্তৃক মনোনয়ন৷ — বলবৎ হইবার পূর্বে কোন ব্যক্তি তাহার নিজের বা তাহার স্ত্রীর বা সন্তানদের বা তাহাদের যে কোন এক জনের লাইফ ইন্স্যু
4. <other_1429_s135> [আয়কর আইন, ২০২৩, ধারা ১৩৫] (১) স্টক এক্সচেঞ্জে তালিকাভুক্ত কোনো কোম্পানি বা তহবিলের সিকিউরিটিজ হস্তান্তরের জন্য দায়িত্বপ্রাপ্ত কোনো ব্যক
5. <other_1266_s2_p2> [বাংলাদেশ মুক্তিযোদ্ধা কল্যাণ ট্রাস্ট আইন, ২০, ধারা ২] সংজ্ঞা — জামায়াতে ইসলামী এবং তাহাদের সহযোগী রাজাকার, আলবদর, আলশামস বাহিনীর বিরুদ্ধে গণপ্রজাতন্ত্রী বাংলাদেশের স্বাধীনত
6. <criminal_procedure_765_s20> [রাজশাহী মহানগরী পুলিশ আইন, ১৯৯২, ধারা ২০] তথ্য সরবরাহে পুলিশ কর্মকর্তার ক্ষমতা — পুলিশ কর্মকর্তা ম্যজিষ্ট্রেটের নিকট যে কোন তথ্য পেশ করিতে এবং অপরাধীর বিরুদ্ধে আইন অনুযায়ী ব্যবস্থা গ্রহণের জ
7. <other_857_s83> [বাংলাদেশ টেলিযোগাযোগ নিয়ন্ত্রণ আইন, ২০০১, ধারা ৮৩] বার্তার অবৈধ প্রকাশ সম্পর্কে দেওয়ানী মামলা ও অন্যান্য প্রতিকার লাভের অধিকার — (১) যদি কোন ব্যক্তি যুক্তিসঙ্গত কারণে বিশ্বাস করেন যে, তত্কর্তৃক প্রেরিত বা গৃহীত বার্তা অবৈধভাবে প্রকাশ করা হ
8. <other_1403_s56> [মোংলা বন্দর কর্তৃপক্ষ আইন, ২০২২, ধারা ৫৬] মামলা দায়েরের সীমাবদ্ধতা — (১) কর্তৃপক্ষের বিরুদ্ধে মামলা দায়েরে ইচ্ছুক ব্যক্তি, তাহার নাম ঠিকানাসহ মামলা দায়েরের কারণ সংবলিত লিখিত নোট
9. <other_1135_s53> [পায়রা বন্দর কর্তৃপক্ষ আইন, ২০১৩, ধারা ৫৩] মামলা দায়েরের সীমাবদ্ধতা — (১) কর্তৃপক্ষের বিরুদ্ধে মামলা দায়েরে ইচ্ছুক ব্যক্তির নাম ঠিকানাসহ মামলা দায়েরের কারণ সংবলিত লিখিত নোটিশ কর্
10. <other_1404_s56> [চট্টগ্রাম বন্দর কর্তৃপক্ষ আইন, ২০২২, ধারা ৫৬] মামলা দায়েরের সীমাবদ্ধতা — (১) কর্তৃপক্ষের বিরুদ্ধে কোনো আদালতে মামলা দায়েরে ইচ্ছুক ব্যক্তি, তাহার নাম ঠিকানাসহ মামলা দায়েরের কারণ সংবল","women_children_1256_s3, women_children_1256_s4",own_search,answered,2,Sifat
prot_0111_04,Iftiaq,VERIFY,"আমি প্রায় তিন মাস বাংলাদেশে অবস্থান করব। চুক্তিতে উল্লেখ থাকা সত্ত্বেও তারা আমাকে এক বছরের মধ্যে কোনো ভাড়া দেয়নি। উপরন্তু, পানি, গ্যাস, বিদ্যুতের জন্য চুক্তিতে উল্লেখিত দুই লাখ টাকা দেওয়া সত্ত্বেও ডেভেলপার প্রায় এক সপ্তাহ আগে অবৈধভাবে বিল্ডিংয়ে গ্যাসের সংযোগ দেয়। আমি গ্যাসের ডিমান্ড নোট চাইলে আমার অংশের গ্যাস-সংযোগ বিচ্ছিন্ন করার হুমকি দেয় এবং বিদ্যুতের সোলার সিস্টেমের জন্য আমার কাছে আরও অর্থ দাবি করে। চুক্তিতে উল্লেখ না থাকা সত্ত্বেও আমি কি এই টাকা দিতে বাধ্য?","1. <other_1052_s7> [বাংলাদেশ গ্যাস আইন, ২০১০, ধারা ৭] গ্যাস বিতরণ — (১) লাইসেন্সপ্রাপ্ত ব্যক্তি বা প্রতিষ্ঠান গ্যাস বিতরণ ব্যবসা পরিচালনা করিতে পারিবে।(২) গ্যাস বিতরণকারী লাইসেন্
2. <other_1052_s11> [বাংলাদেশ গ্যাস আইন, ২০১০, ধারা ১১] অননুমোদিত উদ্দেশ্যে গ্যাস ব্যবহারের দন্ড — (১) কোন গৃহস্থালী গ্রাহক তাহার গৃহস্থালী সংযোগ হইতে অননুমোদিত বা অবৈধভাবে বাণিজ্যিক কাজে বা শিল্প প্রতিষ্ঠানে 
3. <other_1052_s10_p0> [বাংলাদেশ গ্যাস আইন, ২০১০, ধারা ১০] কতিপয় অপরাধের দণ্ড — (১) কোন গৃহস্থালী গ্রাহক অথবা বাণিজ্যিক গ্রাহক অথবা শিল্প, মৌসুমী বা ক্যাপটিভ পাওয়ার বা সিএনজি স্টেশন বা চা ব
4. <other_1228_s48> [বিদ্যুৎ আইন, ২০১৮, ধারা ৪৮] কতিপয় মামলা দায়েরের ক্ষেত্রে করণীয় — (১) এই আইনের অন্য কোন বিধানকে ক্ষুণ্ণ না করিয়া, কোন ব্যক্তি বা গ্রাহক কর্তৃক বিদ্যুৎ চুরির ঘটনা অবগত হইবার পর
5. <tenancy_748_s7> [বাড়ী ভাড়া নিয়ন্ত্রণ আইন, ১৯৯১, ধারা ৭] ভাড়া বৃদ্ধির উপর বাধানিষেধ — এই আইনের বিধান সাপেক্ষে, কোন বাড়ীর ভাড়া মানসম্মত ভাড়ার অধিক বৃদ্ধি করা হইলে উক্ত অধিক ভাড়া, কোন চুক্তিতে ভ
6. <other_1052_s18> [বাংলাদেশ গ্যাস আইন, ২০১০, ধারা ১৮] চুরিকৃত সামগ্রী ক্রয় বিক্রয় ও দখলে রাখিবার দন্ড — কোন ব্যক্তি গ্যাস পাইপলাইন, মিটার, রেগুলেটর বা অন্য কোন সামগ্রী চুরিকৃত জানিয়া বা উহা চুরি করা হইয়াছে বলিয়া
7. <other_1052_s12> [বাংলাদেশ গ্যাস আইন, ২০১০, ধারা ১২] লাইসেন্সীর অনুমতি ব্যতীত গ্যাস লাইন স্থাপন, ইত্যাদির দন্ড — (১) কোন ব্যক্তি কোন লাইসেন্সীর কোন গ্যাস বিতরণ নেটওয়ার্ক হইতে তাহার লিখিত সম্মতি ব্যতিরেকে অবৈধ পন্থায় গ্যাস
8. <other_804_s26> [পানি সরবরাহ ও পয়ঃনিষ্কাশন কর্তৃপক্ষ আইন, ১৯৯, ধারা ২৬] পানির সংযোগ বিচ্ছিন্নকরণ — (১) আপাততঃ বলবত্ অন্য কোন আইনে যাহা কিছুই থাকুক না কেন, কর্তৃপক্ষ-(ক) কোন অননুমোদিত সংযোগ অর্থাত্ উপযুক্ত কর্ত
9. <other_1055_s13> [রিয়েল এস্টেট উন্নয়ন ও ব্যবস্থাপনা আইন, ২০১০, ধারা ১৩] রিয়েল এস্টেট এর সেবাসমূহ(utility services)নিশ্চিতকরণ — (১) প্রসপেক্টাস বা বরাদ্দপত্রে বর্ণিত সেবাসমূহ যেমন: পানি, বিদ্যুৎ, গ্যাস ইত্যাদি (প্রযোজ্য ক্ষেত্রে) সংযোগ প্
10. <other_1228_s38> [বিদ্যুৎ আইন, ২০১৮, ধারা ৩৮] মিটার, পূর্তকর্মে প্রতিবন্ধকতা সৃষ্টি এবং বিদ্যুতের অননুমোদিত ব্যবহারের দণ্ড — কোন ব্যক্তি-(ক) লাইসেন্সির লিখিত অনুমতি ব্যতীত বিদ্যুৎ সরবরাহ লাইনের সহিত মিটার সংযোগ স্থাপন করিলে বা বিচ্ছিন্","other_1055_s10, other_1055_s36",own_search,answered,1,Sifat
prot_0091_07,Iftiaq,VERIFY,"আমার বাবা তিনটা বিয়ে করেছেন। আমরা প্রথম ঘরের সন্তান। আমরা এক ভাই ও এক বোন। দ্বিতীয় ঘরে এক ভাই এবং তৃতীয় ঘরে এক বোন। আমি নতুন বিয়ে করেছি। সংসারে সব সময় অশান্তি লেগেই আছে। আমি ছোট্ট একটি বেসরকারি প্রতিষ্ঠানে চাকরি করি। মাসে পাঁচ হাজার টাকা বেতন পাই। এখন বাবা আমাকে আমার মাসহ আমার স্ত্রীকে আলাদা খেতে বলছেন। আমার বাবা মাসে ২০ হাজার টাকা বেতন পান। তাঁর দ্বিতীয় স্ত্রী বর্তমানে বিদেশে আছেন। সেই ঘরের সন্তানকে সাত মাস বয়স থেকে আমার মা লালন-পালন করছেন। আমার বোনটি এসএসসি পরীক্ষার্থী। আমার দাদা-দাদি বর্তমানে বেঁচে আছেন। আমার বাবাও তাঁদের খোঁজখবর নেন না। এ অবস্থায় আমার পক্ষে মা, বোন ও দাদা-দাদি— সবাইকে ভরণ-পোষণ দেওয়া সম্ভব নয়। কারণ আমার বেতন অল্প। আমি ঢাকায় থাকি। মাসে আমার প্রায় আড়াই হাজার টাকা খরচ হয়। আমাদের বাড়ি থেকে বের করে দেওয়া হয়েছে। এখন যাওয়ার কোনো জায়গা নেই। এ অবস্থায় আমি কী করব? তার নামে কি কোনো মামলা করব?জাহিদ হাসান","1. <other_1395_s3> [বাংলাদেশ সুপ্রীম কোর্টের বিচারক (পারিতোষিক ও, ধারা ৩] বেতন — বিচারকগণ প্রতি মাসে নিম্নবর্ণিত হারে বেতন প্রাপ্য হইবেন, যথা:-(ক) প্রধান বিচারপতি- ১,১০,০০০ (এক লক্ষ দশ হাজার)
2. <other_1349_s2> [আকাশপথে পরিবহণ (মন্ট্রিল কনভেনশন) আইন, ২০২০, ধারা ২] বিষয়বাপ্রসঙ্গেরপরিপন্থিকোনোকিছুনাথাকিলে,এইআইনে-(ক)‘অভ্যন্তরীণপরিবহণ’অর্থআকাশপথে পরিবহণেপক্ষসমূহেরমধ্যেসম্পাদি
3. <other_1132_s5> [পিতা-মাতার ভরণ-পোষণ আইন, ২০১৩, ধারা ৫] পিতা-মাতার ভরণ-পোষণ না করিবার দণ্ড — (১) কোন সন্তান কর্তৃক ধারা ৩ এর যে কোন উপ-ধারার বিধান কিংবা ধারা ৪ এর বিধান লংঘন অপরাধ বলিয়া গণ্য হইবে এবং উক
4. <other_1233_s5> [প্রতিরক্ষা-বাহিনীসমূহের প্রধানদের (নিয়োগ, বে, ধারা ৫] বাহিনী প্রধান পদের বেতন — প্রতি মাসে বাহিনী প্রধানের বেতন হইবে ৮৬,০০০ (ছিয়াশি হাজার) টাকা।
5. <criminal_procedure_1239_s87> [রংপুর মহানগরী পুলিশ আইন, ২০১৮, ধারা ৮৭] সূর্যাস্ত হইতে সূর্যোদয় পর্যন্ত সময়ের মধ্যে সন্দেহজনক চলাফেরার দণ্ড — কোনো ব্যক্তিকে সূর্যাস্ত ও সূর্যোদয়ের মধ্যবর্তী সময়ে সন্তোষজনক কারণ ব্যতীত নিম্নবর্ণিত অবস্থায় পাওয়া গেলে,
6. <criminal_procedure_1238_s87> [গাজীপুর মহানগরী পুলিশ আইন, ২০১৮, ধারা ৮৭] সূর্যাস্ত হইতে সূর্যোদয় পর্যন্ত সময়ের মধ্যে সন্দেহজনক চলাফেরার দণ্ড — কোনো ব্যক্তিকে সূর্যাস্ত ও সূর্যোদয়ের মধ্যবর্তী সময়ে সন্তোষজনক কারণ ব্যতীত নিম্নবর্ণিত অবস্থায় পাওয়া গেলে,
7. <other_1682_s2_p0> [মানবদেহে অঙ্গ-প্রত্যঙ্গ সংযোজন আইন, ২০২৬, ধারা ২] সংজ্ঞা — বিষয় বা প্রসঙ্গের পরিপন্থি কোনো কিছু না থাকিলে, এই আইনে- (১) “অঙ্গ-প্রত্যঙ্গ” অর্থ মানবদেহের কিডনি, হৃৎপিণ্ড,
8. <other_1266_s2_p3> [বাংলাদেশ মুক্তিযোদ্ধা কল্যাণ ট্রাস্ট আইন, ২০, ধারা ২] সংজ্ঞা — বা স্বামী এবং পিতা-মাতার অবর্তমানে খেতাবপ্রাপ্ত বীর মুক্তিযোদ্ধার সন্তান; বা(উ) (অ)-(ঈ) পর্যন্ত বর্ণিত ব্যক্তি
9. <criminal_procedure_1013_s89> [বরিশাল মহানগরী পুলিশ আইন, ২০০৯, ধারা ৮৯] সূর্যাস্ত হইতে সূর্যোদয় পর্যন্ত সময়ের মধ্যে সন্দেহজনক চলাফেরার দণ্ড — কোন ব্যক্তিকে সূর্যাস্ত ও সূর্যোদয়ের মধ্যবর্তী সময়ে নিম্নবর্ণিত অবস্থায় পাওয়া গেলে সেই ব্যক্তি এক বৎসর পর্
10. <criminal_procedure_1012_s89> [সিলেট মহানগরী পুলিশ আইন, ২০০৯, ধারা ৮৯] সূর্যাস্ত হইতে সূর্যোদয় পর্যন্ত সময়ের মধ্যে সন্দেহজনক চলাফেরার দণ্ড — কোন ব্যক্তিকে সূর্যাস্ত ও সূর্যোদয়ের মধ্যবর্তী সময়ে নিম্নবর্ণিত অবস্থায় পাওয়া গেলে সেই ব্যক্তি এক বৎসর পর্","family_1444_s5, women_children_1063_s10, other_1132_s5",own_search,answered,1,Sifat
prot_0114_10,Iftiaq,VERIFY,"কোনো ব্যক্তি তার একমাত্র কন্যাসন্তান ও স্ত্রী রেখে মারা গেলেন। ওই ব্যক্তির সম্পত্তির সম্পূর্ণ মালিকানা কন্যা ও স্ত্রী পাবে, নাকি আরও কেউ অংশ পাবে?","1. <other_1429_s31> [আয়কর আইন, ২০২৩, ধারা ৩১] আয় একীভূতকরণ — (১) এই আইনে ভিন্নরূপ কিছু না থাকিলে, নিম্নবর্ণিত আয়সমূহ কোনো ব্যক্তির মোট আয়ের অন্তর্ভুক্ত হইবে, যথা:-(ক) উক
2. <other_841_s8> [জেলা পরিষদ আইন, ২০০০, ধারা ৮] সম্পত্তি সম্পর্কিত ঘোষণা — চেয়ারম্যান এবং প্রত্যেক সদস্য তাঁহার দায়িত্বভার গ্রহণের পূর্বে তাঁহার এবং তাঁহার পরিবারের যে কোন সদস্যের স্ব
3. <land_1455_s2_p1> [ভূমি সংস্কার আইন, ২০২৩, ধারা ২] সংজ্ঞা — পরিমাণ ভূমি অব্যবহার্য থাকিবার কারণে সরকার পুনগ্রহণ করিয়াছে; এবং(ছ) ধারা ৪ অনুযায়ী সরকারের নিকট সমর্পিত বা স
4. <other_1586_s23> [গুম প্রতিরোধ ও প্রতিকার অধ্যাদেশ, ২০২৫, ধারা ২৩] স্ত্রী বা সন্তান কর্তৃক গুম হওয়া ব্যক্তির সম্পত্তি ব্যবহারের অনুমতি — (১) গুম হওয়া ব্যক্তির দায় পরিশোধ, তাহার স্ত্রী বা তাহার উপর নির্ভরশীল পরিবারের সদস্যদের ভরণপোষণের বা অন্য কো
5. <land_1449_s2_p1> [ভূমি উন্নয়ন কর আইন, ২০২৩, ধারা ২] সংজ্ঞা — অর্থ শুধু কৃষিকার্য বা চাষাবাদ করিয়া জীবন ও জীবিকা নির্বাহ করিয়া থাকেন এইরূপ কোনো ব্যক্তি বা পরিবার;(৭) ‘কৃষ
6. <local_government_1027_s41> [স্থানীয় সরকার (ইউনিয়ন পরিষদ) আইন, ২০০৯, ধারা ৪১] সম্পত্তি সম্পর্কিত ঘোষণা — চেয়ারম্যান ও সদস্য তাঁহার কার্যভার গ্রহণের পূর্বে তাঁহার এবং তাঁহার পরিবারের কোন সদস্যের স্বত্ব, দখল বা স্বার
7. <other_1266_s2_p2> [বাংলাদেশ মুক্তিযোদ্ধা কল্যাণ ট্রাস্ট আইন, ২০, ধারা ২] সংজ্ঞা — জামায়াতে ইসলামী এবং তাহাদের সহযোগী রাজাকার, আলবদর, আলশামস বাহিনীর বিরুদ্ধে গণপ্রজাতন্ত্রী বাংলাদেশের স্বাধীনত
8. <other_812_s2_p3> [দেউলিয়া বিষয়ক আইন, ১৯৯৭, ধারা ২] সংজ্ঞা — প্রতিষ্ঠান কর্তৃক প্রদত্ত ঋণ বা আর্থিক সুবিধা, যাহা দাবী হিসাবে গণ্য হইতে পারে; (৩৮) “যথাযোগ্য দেনাদার” অর্থ এ
9. <other_857_s11> [বাংলাদেশ টেলিযোগাযোগ নিয়ন্ত্রণ আইন, ২০০১, ধারা ১১] পরিবারের সদস্যের কতিপয় স্বার্থ সম্পর্কে কমিশনারের দায়িত্ব — (১) কোন কমিশনারের পরিবারের কোন সদস্য যদি ধারা ১০(২)(ছ)- েত উলিস্্নখিত স্বার্থ অর্জন বা ধারণ করেন, তাহা হইলে তি
10. <local_government_827_s10> [উপজেলা পরিষদ আইন, ১৯৯৮, ধারা ১০] সম্পত্তি সম্পর্কিত ঘোষণা — 14[চেয়ারম্যান ও ভাইস চেয়ারম্যান ] তাঁহার কার্যভার গ্রহণের পূর্বে তাঁহার এবং তাঁহার পরিবারের কোন সদস্যের স্বত",other_173_s2,own_search,answered,2,Sifat
prot_0112_02,Iftiaq,VERIFY,’ প্রশ্নের উত্তর দেওয়া হয়েছে। তাতে বিভিন্ন মেয়াদে শাস্তি জেল-জরিমানার উল্লেখ রয়েছে। এ অবস্থায় আমি শঙ্কিত হয়ে পড়েছি। তাহলে আমি কি ঋণ থেকে মুক্তি পেতে এবং মানসম্মানের হাত থেকে বাঁচতে আত্মহত্যাই বেছে নেব?,"1. <other_1181_s64> [বাংলাদেশ কোস্ট গার্ড আইন, ২০১৬, ধারা ৬৪] গ্রেপ্তার ও বিচার শুরুর মধ্যবর্তী সময়ে করণীয় — যুদ্ধাবস্থায় অথবা সক্রিয় কর্তব্যরত অবস্থায় নহে এইরূপ যে কোন ব্যক্তির বিচারের জন্য কোস্ট গার্ড আদালত গঠন করা
2. <other_1067_s65> [বর্ডার গার্ড বাংলাদেশ আইন, ২০১০, ধারা ৬৫] গ্রেফতার এবং বিচার অনুষ্ঠানের মধ্যবর্তী সময় — ধারা ৬৪এ উল্লিখিত ক্ষেত্র ব্যতীত এবং যুদ্ধাবস্থায় অথবা সক্রিয় কর্তব্যরত অবস্থায় নাই এইরূপ যে কোন ব্যক্তির ব
3. <money_recovery_901_s52> [অর্থ ঋণ আদালত আইন, ২০০৩, ধারা ৫২] অর্থ ঋণ আদালতের অবমাননা — (১) একজন ব্যক্তি অর্থ ঋণ আদালত অবমাননার জন্য দায়ী হইবেন, যদি তিনি আইনসংগত ওজর ব্যতিরেকে-(ক) আদালতের প্রতি কোন
4. <other_1133_s10> [নির্যাতন এবং হেফাজতে মৃত্যু (নিবারণ) আইন, ২০, ধারা ১০] অপরাধ বিচারার্থ গ্রহণ, ইত্যাদি — (১) এই আইনের অধীন দণ্ডনীয় সকল অপরাধ বিচারার্থ গ্রহণীয় (Cognizable), অ-আপোষযোগ্য (non-compoundable) ও জামিন অ
5. <women_children_835_s19> [নারী ও শিশু নির্যাতন দমন আইন, ২০০০, ধারা ১৯] 51[(১) এই আইনের অধীন সকল অপরাধ বিচারার্থ গ্রহণীয় হইবে52[***]।](২) উপ-ধারা (৩) এর বিধান সাপেক্ষে, এই আইনের অধী
6. <other_1087_s16> [অপরাধ সম্পর্কিত বিষয়ে পারস্পরিক সহায়তা আইন, , ধারা ১৬] সাক্ষ্য বা বিবৃতি গ্রহণ সম্পর্কিত বিশেষ বিধানাবলী — (১) যেইক্ষেত্রে ধারা ১৫ এর অধীন কোন সাক্ষীর সাক্ষ্য বা বিবৃতি চাওয়া হয়, সেইক্ষেত্রে আদালত যে ব্যক্তির কারণে 
7. <other_1586_s18> [গুম প্রতিরোধ ও প্রতিকার অধ্যাদেশ, ২০২৫, ধারা ১৮] অপরাধের আমলযোগ্যতা, জামিনঅযোগ্যতা ইত্যাদি — (১) এই অধ্যাদেশের অধীন সংঘটিত অপরাধ আমলযোগ্য, জামিন-অযোগ্য এবং আপস-অযোগ্য হইবে। (২) এই অধ্যাদেশের অধীন শাস্তিয
8. <other_1419_s13> [বাংলাদেশ সরকারী কর্ম কমিশন আইন, ২০২৩, ধারা ১৩] পরীক্ষার্থীকে সহায়তা ও উহার দণ্ড — কোনো ব্যক্তি কোনো পরীক্ষার্থীকে কোনো লিখিত উত্তর, বই, লিখিত কাগজ, পৃষ্ঠা বা উহা হইতে কোনো উদ্ধৃতি পরীক্ষার হলে
9. <labour_1285_s199> [বাংলাদেশ ইপিজেড শ্রম আইন, ২০১৯, ধারা ১৯৯] কতিপয় প্রশ্ন, ইত্যাদি সম্বন্ধে বাধা-নিষেধ । - — এইআইনেরঅধীন কোনো ব্যক্তিকে এমন কোনো প্রশ্নের উত্তর দিতে অথবা বক্তব্য প্রদান করিতে বাধ্য করা যাইবে না যাহা তাহা
10. <labour_952_s347> [বাংলাদেশ শ্রম আইন, ২০০৬, ধারা ৩৪৭] কতিপয় প্রশ্ন, ইত্যাদি সম্বন্ধে বাধা- নিষেধ — এই আইনের অধীন কোন ব্যক্তিকে এমন কোন প্রশ্নের উত্তর দিতে অথবা বক্তব্য প্রদান করিতে বাধ্য করা যাইবে না যাহা তাহা",unanswerable,none,unanswerable,2,Sifat
prot_0063_01,Iftiaq,VERIFY,"আমার বয়স ২৩। একটি মেয়ের সঙ্গে আমার সম্পর্ক ছিল। আমাকে খুব ভালোবাসত। হঠাৎ একদিন আমার অজান্তে মেয়েটির এক প্রবাসী ছেলের সঙ্গে বিয়ে হয়। বিয়ের কিছুদিন পর তার স্বামী বিদেশ চলে যায়। মেয়েটির সঙ্গে আবার আমার সম্পর্ক হয়, শারীরিক সম্পর্কও হয়। মেয়েটির ইচ্ছে, সবার অজান্তে তাকে বিয়ে করি। কিন্তু আমি একমত ছিলাম না। আমি তাকে বলি, তুমি প্রথম স্বামীকে তালাক দাও, তারপর আমাদের বিয়ে। দুই বছর পর তার স্বামী ফিরে আসে। স্বামীর সঙ্গে শারীরিক কোনো সম্পর্ক না হওয়ায় পারিবারিক কলহ লেগেই থাকত। একপর্যায়ে সে বাপের বাড়িতে চলে যায়। আবার সে শ্বশুরবাড়িতে ফিরে আসে এবং সে স্বামীর ঘর করবে না বলে আমাকে কিছুদিন অপেক্ষায় থাকার জন্য বলে। আবার এক মাস পর আমাকে সে ফোন করে জানায়, সে অন্তঃসত্ত্বা, আমার সন্তান তার গর্ভে। সে বলে তাকে ভুলে যেতে, আমার সন্তান নিয়ে সে বেঁচে থাকতে চায়। আমি কথাটি তার মাকে জানাই। প্রথমে তিনি তা অস্বীকার করেন। পরে মেয়েকে জিজ্ঞেস করায় সে স্বীকার করে এবং ঘটনাটা কাউকে না জানানোর জন্য অনুরোধ করে। এ বছর জানুয়ারি মাসে তার একটি কন্যাসন্তান পৃথিবীতে আসে। বর্তমানে মেয়েটির বয়স আট মাস। শিশুটিকে দেখার জন্য আমার মন কাঁদে। কিন্তু তার মা শিশুটিকে ভুলে থাকতে বলেন এবং তার সঙ্গে কোনো যোগাযোগ না রাখার জন্য অনুরোধ জানান। এ বিষয়ে আমি কি কোনো আইনি ব্যবস্থা নিতে পারব? আমি কি শিশুটির বাবার অধিকার পাব?নাম প্রকাশে অনিচ্ছুককিশোরগঞ্জ","1. <other_1266_s2_p3> [বাংলাদেশ মুক্তিযোদ্ধা কল্যাণ ট্রাস্ট আইন, ২০, ধারা ২] সংজ্ঞা — বা স্বামী এবং পিতা-মাতার অবর্তমানে খেতাবপ্রাপ্ত বীর মুক্তিযোদ্ধার সন্তান; বা(উ) (অ)-(ঈ) পর্যন্ত বর্ণিত ব্যক্তি
2. <criminal_procedure_1013_s104> [বরিশাল মহানগরী পুলিশ আইন, ২০০৯, ধারা ১০৪] বিনা পরোয়ানায় গ্রেপ্তারের ক্ষমতা — কোন ব্যক্তি এই আইন বা আপাততঃ বলবৎ অন্য কোন আইনের অধীন দণ্ডযোগ্য কোন অপরাধ কোন পুলিশ কর্মকর্তার উপস্থিতিতে বা ত
3. <criminal_procedure_765_s104> [রাজশাহী মহানগরী পুলিশ আইন, ১৯৯২, ধারা ১০৪] বিনা পরোয়ানায় গ্রেফতারের ক্ষমতা — এই আইন বা আপাততঃ বলবত্ অন্য কোন আইনের অধীন দণ্ডযোগ্য কোন অপরাধ কোন ব্যক্তি পুলিশ কর্মকর্তার উপস্থিতিতে বা তাহা
4. <criminal_procedure_1012_s104> [সিলেট মহানগরী পুলিশ আইন, ২০০৯, ধারা ১০৪] বিনা পরোয়ানায় গ্রেপ্তারের ক্ষমতা — কোন ব্যক্তি এই আইন বা আপাততঃ বলবৎ অন্য কোন আইনের অধীন দন্ডযোগ্য কোন অপরাধ কোন পুলিশ কর্মকর্তার উপস্থিতিতে বা ত
5. <other_1418_s21_p2> [বাংলাদেশ সুপ্রীম কোর্টের বিচারক (ছুটি, পেনশন, ধারা ২১] আনুতোষিক ও পারিবারিক পেনশন — হিসাবে প্রাপ্য হইতেন।(৩) কোনো বিচারক, অবসর গ্রহণের পর তাহার গ্রস-পেনশনের সম্পূর্ণ অংশ সমর্পণ করিতে পারিবেন এবং
6. <labour_1285_s30> [বাংলাদেশ ইপিজেড শ্রম আইন, ২০১৯, ধারা ৩০] প্রসূতি কল্যাণ সুবিধা প্রাপ্তির অধিকার এবং প্রদানের দায়িত্ব — (১) প্রত্যেক মহিলা শ্রমিক তাহার মালিকের নিকট হইতে তাহার সন্তান প্রসবের সম্ভাব্য তারিখের অব্যবহিত পূর্ববর্তী ৮ 
7. <criminal_procedure_1013_s52> [বরিশাল মহানগরী পুলিশ আইন, ২০০৯, ধারা ৫২] নিয়োগপত্র, প্রভৃতি ফেরত দিতে গাফিলতি বা অস্বীকৃতি জ্ঞাপনের দণ্ড — কোন পুলিশ কর্মকর্তা বাহিনীর সহিত সম্পর্ক ছিন্ন হওয়ার অব্যবহিত পরে তাহার নিয়োগপত্র, অস্ত্র, পোশাক ও অন্যান্য 
8. <criminal_procedure_1012_s52> [সিলেট মহানগরী পুলিশ আইন, ২০০৯, ধারা ৫২] নিয়োগপত্র, প্রভৃতি ফেরৎ দিতে গাফিলতি বা অস্বীকৃতি জ্ঞাপনের দণ্ড — কোন পুলিশ কর্মকর্তা বাহিনীর সহিত সম্পর্ক ছিন্ন হওয়ার অব্যবহিত পরে তাহার নিয়োগপত্র, অস্ত্র, পোশাক ও অন্যান্য 
9. <labour_1285_s2_p1> [বাংলাদেশ ইপিজেড শ্রম আইন, ২০১৯, ধারা ২] সংজ্ঞা — (১৯৯৪ সনের ১৮ নং আইন) এর অধীন নিবন্ধিত কোনো কোম্পানি, যাহার অধীন কোনোজোনেএক বা একাধিক শিল্প প্রতিষ্ঠান রহিয়াছ
10. <labour_1285_s34> [বাংলাদেশ ইপিজেড শ্রম আইন, ২০১৯, ধারা ৩৪] কতিপয় ক্ষেত্রে মহিলা শ্রমিকের চাকরির অবসানে বাধা — যদি কোনো মহিলা শ্রমিকের সন্তান প্রসবের পূর্ববর্তী ৬ (ছয়) মাস এবং সন্তান প্রসবের পরবর্তী ৮ (আট) সপ্তাহ মেয়াদে",other_24_s112,own_search,answered,2,Sifat
prot_0084_03,Iftiaq,VERIFY,"আমি একজন হিন্দু। আমার দাদুর (মায়ের বাবা) তিন মেয়ে, কোনো ছেলে নেই। প্রথম মেয়ে দুই ছেলের মধ্যে বড় ছেলে ১৯৭২ সাল থেকে ভারতবাসী। ছোট ছেলে বাংলাদেশে আছেন। দ্বিতীয় মেয়ের দুই ছেলেসহ প্রত্যেকে অভিবাসন করে ভারতে বসবাস করছেন। ছোট মেয়ের একমাত্র ছেলে আমি। দাদু মারা যাওয়ার আগে, আমার মায়ের বিয়েরও আগে তাঁর বড় মেয়ে মারা যান। আমার মা দাদুর পরিবারের ভরণপোষণের দায়িত্ব নেন। তাই দাদু তাঁর সব সম্পত্তি ১৯৬৫ সালে আমার মায়ের নামে ইউপি চেয়ারম্যান ও স্থানীয় মাতব্বরদের সইসহ দানপত্র করে যান। কিন্তু দানপত্র রেজিস্ট্রি করা নয়। তত্কালীন চেয়ারম্যান মারা গেছেন। কিন্তু মাতব্বরদের একজন জীবিত এবং তাঁর স্বাক্ষর আছে। দানপত্রের দুটি জমি ছাড়া সব জমিই মায়ের নামে খারিজ করা হয়। দাদুর মৃত্যুর পর থেকে সব জমি আমরাই ভোগদখল করছি। কয়েক মাস আগে মা মারা যাওয়ার পর থেকে ওই বড় মেয়ের ছোট ছেলে সব জমির অর্ধেক দাবি করছে। আমি মানবিক কারণে কিছু টাকা দিতে চাই। কিন্তু সে রাজি নয় এবং জোর করে দখলে নেওয়ার হুমকি দিচ্ছে। আবার মামলা করারও হুমকি দিচ্ছে। আইনত সে কি জমি পাবে? পেলে কত ভাগ পাবে? যদি না পায় তবে সে ক্ষেত্রে আমার করণীয় কী? তবে মামলায় জড়ানোর তেমন ইচ্ছা নেই আমার","1. <other_822_s10> [পার্বত্য চট্টগ্রাম আঞ্চলিক পরিষদ আইন, ১৯৯৮, ধারা ১০] সম্পত্তি সম্পর্কিত ঘোষণা — চেয়ারম্যান ও প্রত্যেক সদস্য তাহার কার্যভার গ্রহণের পূর্বে তাহার এবং তাঁহার পরিবারের কোন সদস্যের স্বত্ব, দখল ব
2. <local_government_1027_s41> [স্থানীয় সরকার (ইউনিয়ন পরিষদ) আইন, ২০০৯, ধারা ৪১] সম্পত্তি সম্পর্কিত ঘোষণা — চেয়ারম্যান ও সদস্য তাঁহার কার্যভার গ্রহণের পূর্বে তাঁহার এবং তাঁহার পরিবারের কোন সদস্যের স্বত্ব, দখল বা স্বার
3. <local_government_827_s10> [উপজেলা পরিষদ আইন, ১৯৯৮, ধারা ১০] সম্পত্তি সম্পর্কিত ঘোষণা — 14[চেয়ারম্যান ও ভাইস চেয়ারম্যান ] তাঁহার কার্যভার গ্রহণের পূর্বে তাঁহার এবং তাঁহার পরিবারের কোন সদস্যের স্বত
4. <local_government_1027_s2_p1> [স্থানীয় সরকার (ইউনিয়ন পরিষদ) আইন, ২০০৯, ধারা ২] সংজ্ঞা — শহর হিসাবে ঘোষিত নয় এইরূপ এলাকা;(১৩) 'চেয়ারম্যান' অর্থ ইউনিয়ন পরিষদের চেয়ারম্যান;(১৪) 'জনপথ' অর্থ সর্বসাধা
5. <labour_952_s2_p5> [বাংলাদেশ শ্রম আইন, ২০০৬, ধারা ২] সংজ্ঞাসমূহ — ব্যবহার করা হয় বা ব্যবহারযোগ্য, এবং কোন টাগ বা ফ্লাট এবং বার্জও ইহার অর্ন্তভুক্ত হইবে;(২৮) ""প্রশাসনিক শ্রমিক""
6. <other_893_s7> [শিশু-মাতৃ স্বাস্থ্য ইনস্‌টিটিউট আইন, ২০০২, ধারা ৭] ইনস্‌টিটিউটের দায়িত্ব ও কার্যাবলী — ইনস্টিটিউটের দায়িত্ব ও কার্যাবলী হইবে নিম্নরূপ, যথা:-(১) শিশু ও মায়ের স্বাস্থ্য ও পুষ্টি বিষয়ে শিক্ষা, প্রশ
7. <land_1455_s10> [ভূমি সংস্কার আইন, ২০২৩, ধারা ১০] বর্গাদারের মৃত্যুর পর বর্গাভূমির চাষ — (১) কোনো বর্গাদার বর্গাচুক্তির মেয়াদ শেষ হইবার পূর্বে মারা গেলে, উহার মেয়াদ শেষ না হওয়া পর্যন্ত অথবা এই আইন
8. <labour_1285_s2_p2> [বাংলাদেশ ইপিজেড শ্রম আইন, ২০১৯, ধারা ২] সংজ্ঞা — সময়ে দুই বা ততোধিক শ্রমিক দ্বারা সম্পাদিত হয় সেই ক্ষেত্রে উক্তরূপ প্রত্যেক সময়;(25)‘‘পোষ্য’’ অর্থ কোনো মৃত 
9. <labour_952_s157> [বাংলাদেশ শ্রম আইন, ২০০৬, ধারা ১৫৭] নোটিশ ও দাবী — (১) কোন শ্রম আদালত ৰতিপূরণের কোন দাবী বিবেচনায় আনিবে না যদি না দুর্ঘটনা ঘটিবার পর যতশীঘ্র সম্ভব এতদ্নিম্নে বর
10. <labour_952_s49> [বাংলাদেশ শ্রম আইন, ২০০৬, ধারা ৪৯] 1 [***] মৃত্যুর ক্ষেত্রে প্রসূতি কল্যাণ সুবিধা প্রদান — (১) এই অধ্যায়ের অধীন প্রসূতি কল্যাণ সুবিধা পাওয়ার অধিকারী কোন মহিলা সন্ত্মান প্রসবকালে অথবা উহার পরবর্তী আট ","other_48_s123, land_90_s49",own_search,answered,1,Sifat
prot_0083_03,Iftiaq,VERIFY,"প্রথম স্ত্রীর মৃত্যুর পর আমার স্বামী আমাকে বিয়ে করেন। তাঁর আগের ঘরে তিন ছেলে ও এক মেয়ে আছে। বর্তমানে আমাদের দেড় বছর বয়সের একটি কন্যাসন্তান রয়েছে। আমার স্বামী তাঁর পাঁচ ছেলেমেয়েকে ভীষণ ভালোবাসেন। আমার বিয়ের আগেই তাঁর গার্মেন্টসের ১০০ শেয়ারের মালিক তিনি এবং বাকি ১০০ শেয়ার তাঁর আগের চার ছেলেমেয়ের নামে। স্বামীর অবর্তমানে আমার সন্তান ও আমি কি শেয়ারের অংশ পাব? আমার স্বামী তাঁর সম্পত্তি কোনো সন্তানের নামে লিখে দেননি। আমার কাছে তাঁর সম্পত্তির কোনো কাগজপত্র নেই। তাঁর অবর্তমানে আমার মেয়ে ও আমি কি সম্পত্তি পাব? যদি তাঁর অবর্তমানে আগের ঘরের সন্তানেরা আমাকে অংশ দিতে রাজি না হয়, তাহলে আমার করণীয় কী? স্বামীর অবর্তমানে আমি কি আমার দেনমোহর পাব, নাকি শুধু জীবিত অবস্থায় দেনমোহর পাওয়ার অধিকার থাকে?নাম প্রকাশে অনিচ্ছুক","1. <other_1266_s2_p2> [বাংলাদেশ মুক্তিযোদ্ধা কল্যাণ ট্রাস্ট আইন, ২০, ধারা ২] সংজ্ঞা — জামায়াতে ইসলামী এবং তাহাদের সহযোগী রাজাকার, আলবদর, আলশামস বাহিনীর বিরুদ্ধে গণপ্রজাতন্ত্রী বাংলাদেশের স্বাধীনত
2. <other_822_s10> [পার্বত্য চট্টগ্রাম আঞ্চলিক পরিষদ আইন, ১৯৯৮, ধারা ১০] সম্পত্তি সম্পর্কিত ঘোষণা — চেয়ারম্যান ও প্রত্যেক সদস্য তাহার কার্যভার গ্রহণের পূর্বে তাহার এবং তাঁহার পরিবারের কোন সদস্যের স্বত্ব, দখল ব
3. <local_government_1027_s41> [স্থানীয় সরকার (ইউনিয়ন পরিষদ) আইন, ২০০৯, ধারা ৪১] সম্পত্তি সম্পর্কিত ঘোষণা — চেয়ারম্যান ও সদস্য তাঁহার কার্যভার গ্রহণের পূর্বে তাঁহার এবং তাঁহার পরিবারের কোন সদস্যের স্বত্ব, দখল বা স্বার
4. <local_government_827_s10> [উপজেলা পরিষদ আইন, ১৯৯৮, ধারা ১০] সম্পত্তি সম্পর্কিত ঘোষণা — 14[চেয়ারম্যান ও ভাইস চেয়ারম্যান ] তাঁহার কার্যভার গ্রহণের পূর্বে তাঁহার এবং তাঁহার পরিবারের কোন সদস্যের স্বত
5. <other_1429_s31> [আয়কর আইন, ২০২৩, ধারা ৩১] আয় একীভূতকরণ — (১) এই আইনে ভিন্নরূপ কিছু না থাকিলে, নিম্নবর্ণিত আয়সমূহ কোনো ব্যক্তির মোট আয়ের অন্তর্ভুক্ত হইবে, যথা:-(ক) উক
6. <women_children_835_s11> [নারী ও শিশু নির্যাতন দমন আইন, ২০০০, ধারা ১১] যৌতুকের জন্য মৃত্যু ঘটানো, ইত্যাদির শাস্তি — যদি কোন নারীর স্বামী অথবা স্বামীর পিতা, মাতা, অভিভাবক, আত্মীয় বা স্বামীর পক্ষে অন্য কোন ব্যক্তি যৌতুকের জন্য 
7. <other_1132_s4> [পিতা-মাতার ভরণ-পোষণ আইন, ২০১৩, ধারা ৪] পিতা-মাতার অবর্তমানে দাদা-দাদী, নানা-নানীর ভরণ-পোষণ — প্রত্যেক সন্তান তাহার—(ক) পিতার অবর্তমানে দাদা-দাদীকে; এবং(খ) মাতার অবর্তমানে নানা-নানীকে—ধারা ৩ এ বর্ণিত ভরণ-
8. <labour_1285_s18> [বাংলাদেশ ইপিজেড শ্রম আইন, ২০১৯, ধারা ১৮] মৃত্যুজনিত ক্ষতিপূরণ — যদি কোনো শ্রমিক কোনো মালিকের অধীন অবিচ্ছিন্নভাবে অন্তত ১ (এক) বৎসরের অধিককাল চাকরিরত থাকা অবস্থায় মৃত্যুবরণ ক
9. <other_812_s32> [দেউলিয়া বিষয়ক আইন, ১৯৯৭, ধারা ৩২] অব্যাহতিপ্রাপ্ত সম্পত্তি — এই আইনের অন্য কোন বিধানে যাহা কিছুই থাকুক না কেন, একক দেনাদারের নিম্্নবর্ণিত সম্পত্তির দখল ২৩ ধারার অধীনে গ্রহ
10. <other_1418_s21_p2> [বাংলাদেশ সুপ্রীম কোর্টের বিচারক (ছুটি, পেনশন, ধারা ২১] আনুতোষিক ও পারিবারিক পেনশন — হিসাবে প্রাপ্য হইতেন।(৩) কোনো বিচারক, অবসর গ্রহণের পর তাহার গ্রস-পেনশনের সম্পূর্ণ অংশ সমর্পণ করিতে পারিবেন এবং","other_173_s2, family_1444_s5",own_search,answered,2,Sifat
prot_0030_01,Iftiaq,VERIFY,আমার বয়স পঁয়তাল্লিশ বছর। বিয়ের বয়স ২৭ বছর। বিয়ের পর থেকেই স্বামীর নানা রকম অত্যাচার সহ্য করে আসছি। কখনো মুখ খুলিনি সংসার ভাঙার ভয়ে। গত বছর অক্টোবর মাসে সে আমাকে মেরে বাড়ি থেকে তাড়িয়ে দেয়। আমি আমার বাবার সংসারে ফিরে আসি। এরপর এক বছরেরও বেশি সময় পার হয়ে গেছে আমার কোনো খোঁজখবর নেয়নি এবং ভরণপোষণ দেয়নি। ইতিমধ্যে শুনতে পাই সে নাকি আমাকে আদালতে তালাক দিয়েছে এবং টাকাপয়সা আদালতে জমা দিয়েছে। কিন্তু আমার হাতে কোনো কাগজপত্র আসেনি। সে অন্যত্র বিয়েও করেছে। এ মুহূর্তে আমি কী করব? আমার অজান্তে কি কোর্ট আমার টাকাপয়সা জমা রাখতে পারেন? কাবিননামা গায়েব করেছে সে। কাবিননামা ছাড়া কি আদালতে মামলা করতে পারব,"1. <labour_1285_s24> [বাংলাদেশ ইপিজেড শ্রম আইন, ২০১৯, ধারা ২৪] চাকরি হইতে অবসর গ্রহণ — (১) এই অধ্যায়ের অন্যত্র যাহা কিছুই উল্লে­খ থাকুক না কেন, কোনো প্রতিষ্ঠানে নিয়োজিত কোনো শ্রমিকের বয়স ৬০ (ষাট
2. <other_1483_s7> [পরিত্যক্ত বাড়ি (সম্পূরক বিধানাবলি) আইন, ২০২৩, ধারা ৭] মামলা দায়েরে নিষেধাজ্ঞা, ইত্যাদি — (১) রাষ্ট্রপতির ১৯৭২ সনের ১৬ নং আদেশ বা এই আইনের অধীন কৃত, গৃহীত বা চলমান কোনো কার্যক্রম, সিদ্ধান্ত বা জারীকৃত
3. <other_812_s96_p0> [দেউলিয়া বিষয়ক আইন, ১৯৯৭, ধারা ৯৬] আপীল — (১) এই আইনের অন্যান্য বিধানাবলী সাপেক্ষে, দেনাদার, যে কোন পাওনাদার, রিসিভার বা অন্য যে কোন ব্যক্তি, দেউলিয়া ব
4. <labour_952_s36> [বাংলাদেশ শ্রম আইন, ২০০৬, ধারা ৩৬] যদি কোন ব্যক্তি শিশু নাকি কিশোর এ সম্পর্কে কোন প্রশ্ন উত্থাপিত হয়, তাহা হইলে উক্ত ব্যক্তির জন্ম নিবন্ধন সনদ, 
5. <other_1098_s30> [প্রতিযোগিতা আইন, ২০১২, ধারা ৩০] আপীল — (১) ম্যাজিস্ট্রেট কর্তৃক প্রদত্ত রায় বা আদেশ দ্বারা কোন পক্ষ সংক্ষুব্ধ হইলে তিনি উক্ত রায় বা আদেশ প্রাপ্তির 
6. <other_1064_s17> [আন্তজার্তিক মাতৃভাষা ইনস্টিটিউট  আইন, ২০১০, ধারা ১৭] প্রতিবেদন — (১) প্রতি পঞ্জিকা বছর শেষ হইবার সঙ্গে সঙ্গে ইনস্টিটিউট উক্ত বৎসরে সম্পাদিত কার্যাবলীর খতিয়ান-সম্বলিত বার্ষিক 
7. <other_1217_s19> [বাংলাদেশ সড়ক পরিবহণ কর্তৃপক্ষ আইন, ২০১৭, ধারা ১৯] বার্ষিক বাজেট বিবরণী — কর্তৃপক্ষ, প্রতি অর্থ বছর সরকার কর্তৃক নির্দিষ্ট সময়ের মধ্যে পরবর্তী অর্থবৎসরের বার্ষিক বাজেট প্রস্তুত করিয়া
8. <criminal_procedure_1238_s103> [গাজীপুর মহানগরী পুলিশ আইন, ২০১৮, ধারা ১০৩] কতিক্রয় মামলার নিষ্পত্তি — (১) ধারা ৫৬, ৫৭, ৬০, ৬১, ৬৪, ৬৯, ৭০, ৭১, ৭২, ৭৪, ৭৮, ৭৯, ৮০, ৮১, ৮৩, ৮৪, ৮৭, ৯৩, ৯৪, ৯৫, ৯৭ বা ৯৮ এর অধীন দণ্ড
9. <criminal_procedure_1239_s103> [রংপুর মহানগরী পুলিশ আইন, ২০১৮, ধারা ১০৩] কতিপয় মামলার নিস্পত্তি — (১) ধারা ৫৬, ৫৭, ৬০, ৬১, ৬৪, ৬৯, ৭০, ৭১, ৭২, ৭৪, ৭৮, ৭৯, ৮০, ৮১, ৮৩, ৮৪, ৮৭, ৯৩, ৯৪, ৯৫, ৯৭ বা ৯৮ এর অধীন দণ্ড
10. <family_938_s16> [গ্রাম আদালত আইন, ২০০৬, ধারা ১৬] কতিপয় মামলার স্থানান্তর — (১) যেক্ষেত্রে24[চীফ জুডিসিয়াল ম্যাজিস্ট্রেট] মনে করেন যে, তফসিলের ১ম অংশে বর্ণিত25[ফৌজদারী মামলা] সম্পর্কিত ","family_476_s9, family_1444_s5, family_305_s7",own_search,answered,2,Sifat
prot_0081_02,Iftiaq,VERIFY,"আমার ছোট বোন বিদেশে থাকেন। রাজশাহী শহরে তাঁর ০.০৭৪২৫ একর জমি আছে। এ জমিতে বাড়ি তৈরির যাবতীয় কাজ করার জন্য সে আমাকে লিখিতভাবে ক্ষমতা দিয়েছে। সে অনুযায়ী আমি কাজ করছি। বাড়িটিতে কয়েক দিনের মধ্যে প্রথম তলার ছাদের কাজ শেষ হবে। বাড়িটি পূর্ব-পশ্চিমে লম্বা। এর দক্ষিণ দিকে ফাঁকা দুটি বাড়ি আছে। সমস্যা হলো, এ দুটি বাড়ির মধ্যে একটি বাড়ির দেয়ালের ভেতর লাগানো একটি নারকেলগাছ বাঁকা হয়ে আমাদের জমির ভেতরে এসে গেছে। এ কারণে আমাদের বাড়ির একতলা ছাদ কোনো রকম দেওয়া গেলেও দোতলা পর্যন্ত ওঠানো যাবে না। গাছে ঠেকে যাবে। বাড়ির মালিকদের গাছ সরানোর কথা বললে, তাঁরা সরাবেন না বলে জানিয়ে দিয়েছেন। আমার বোনের অনুপস্থিতিতে এর সমাধান আমি কীভাবে করতে পারি?মোহাম্মদ শাজাহান আলীরাজশাহী","1. <other_1483_s5> [পরিত্যক্ত বাড়ি (সম্পূরক বিধানাবলি) আইন, ২০২৩, ধারা ৫] পরিত্যক্ত বাড়ির তালিকা হইবার পর স্বার্থ দাবি করিয়া আবেদন — ধারা ৪ এর উপ-ধারা (১) এর দফা (ক) ও (খ) এ বর্ণিত ক্ষেত্র ব্যতীত অন্যান্য ক্ষেত্রে কোনো বাড়ির উপর কোনো অধিকার ব
2. <other_1483_s10_p1> [পরিত্যক্ত বাড়ি (সম্পূরক বিধানাবলি) আইন, ২০২৩, ধারা ১০] পরিত্যক্ত বাড়ি নিয়ন্ত্রণ, ব্যবস্থাপনা এবং নিষ্পত্তি সংক্রান্ত বোর্ড — গণপূর্ত বিভাগ সদস্য-সচিব।(২) পরিত্যক্ত বাড়ি নিয়ন্ত্রণ, ব্যবস্থাপনা এবং নিষ্পত্তির জন্য বোর্ডের দায়িত্ব ও কা
3. <other_1483_s5ক> [পরিত্যক্ত বাড়ি (সম্পূরক বিধানাবলি) আইন, ২০২৩, ধারা ৫ক] পরিত্যক্ত সম্পত্তির ‘ক’ বা ‘খ’ তালিকার যে সকল বাড়ি সরকার কর্তৃক বিক্রয়মূল্যে হস্তান্তর করা হইয়াছে বা হইবে স
4. <other_1483_s4> [পরিত্যক্ত বাড়ি (সম্পূরক বিধানাবলি) আইন, ২০২৩, ধারা ৪] পরিত্যক্ত বাড়ি ঘোষণা ও তালিকা প্রণয়ন — (১) উপ-ধারা (২) এর বিধান সাপেক্ষে, সরকার, সরকারি গেজেটে প্রজ্ঞাপন দ্বারা, নিম্নবর্ণিত বাড়িসমূহকে পরিত্যক্ত বা
5. <other_1684_s12> [মানব পাচার ও অভিবাসী চোরাচালান প্রতিরোধ ও দম, ধারা ১২] পতিতালয় পরিচালনা করিবার বা কোনো স্থানকে পতিতালয় হিসাবে ব্যবহারের অনুমতি প্রদানের অপরাধ ও উহার দণ্ড — (১) যদি কোনো ব্যক্তি পতিতালয় স্থাপন বা পরিচালনা করেন অথবা উহা স্থাপন বা পরিচালনা করিতে অনুমতি প্রদান করেন কিং
6. <other_1483_s7> [পরিত্যক্ত বাড়ি (সম্পূরক বিধানাবলি) আইন, ২০২৩, ধারা ৭] মামলা দায়েরে নিষেধাজ্ঞা, ইত্যাদি — (১) রাষ্ট্রপতির ১৯৭২ সনের ১৬ নং আদেশ বা এই আইনের অধীন কৃত, গৃহীত বা চলমান কোনো কার্যক্রম, সিদ্ধান্ত বা জারীকৃত
7. <labour_952_s18> [বাংলাদেশ শ্রম আইন, ২০০৬, ধারা ১৮] কতিপয় ক্ষেত্রে লে-অফকৃত শ্রমিকগণ ক্ষতিপূরণ পাইবার অধিকারী হইবেন না — (১) এই অধ্যায়ের অন্যত্র যাহা কিছুই থাকুক না কেন, কোন লে-অফকৃত শ্রমিককে ক্ষতিপূরণ প্রদেয় হইবে না, যদি-(ক) তিন
8. <labour_1285_s17> [বাংলাদেশ ইপিজেড শ্রম আইন, ২০১৯, ধারা ১৭] কতিপয় ক্ষেত্রে লে-অফকৃত শ্রমিকগণ ক্ষতিপূরণ পাইবার অধিকারী হইবেন না — (১) এই অধ্যায়ের অন্যত্র যাহা কিছুই থাকুক না কেন, কোনো লে-অফকৃত শ্রমিককে ক্ষতিপূরণ প্রদেয় হইবে না, যদি-(ক) তি
9. <labour_1285_s11> [বাংলাদেশ ইপিজেড শ্রম আইন, ২০১৯, ধারা ১১] কাজ বন্ধ রাখা — (১) অগ্নিকাণ্ড, মারাত্নক দৈব দুর্ঘটনা, মহামারি, ব্যাপক দাঙ্গা-হাঙ্গামা এর জন্য প্রয়োজন হইলে কোনো মালিক যে কোন
10. <labour_952_s12> [বাংলাদেশ শ্রম আইন, ২০০৬, ধারা ১২] কাজ বন্ধ রাখা — (১) অগ্নিকান্ড, আকষ্মিক বিপত্তি, যন্ত্রপাতি বিকল, বিদু্যৎ সরবরাহ বন্ধ, মহামারী, ব্যাপক দাঙ্গা-হাঙ্গামা অথবা মা",other_36_s55,own_search,answered,1,Sifat
prot_0062_04,Iftiaq,VERIFY,"১৯৯৮ সালে আমার বিয়ে হয়। দুটি সন্তান আছে। প্রথম সন্তান হওয়ার পর থেকে আমার স্বামী প্রায়ই আমাকে মানসিক ও শারীরিকভাবে নির্যাতন করতে থাকে। এর কারণহলো তার অন্য নারীর সঙ্গে সম্পর্ক। হঠাৎ একদিন অন্যের স্ত্রীকে বাড়িতে নিয়ে এসে ওই নারীকে বিয়ে করেছে বলে লিখিত নোটারি করা স্ট্যাম্প দেখায় এবং ওই নারী তার আগের স্বামীকে তালাক দিয়েছে বলে নোটারি করা তালাকের হলফনামা দেখায়।এ ঘটনার পর আমি আমার সন্তানদের নিয়ে বাবার বাড়িতে আশ্রয় নিই। পরে সামাজিকভাবে তার ওই বিয়ে কেউ মেনে নেয়নি বলে আমার স্বামী সেই নারীকে অন্যত্র পাঠিয়ে দেয়। সমাজের চাপে ১৫০ টাকার সরকারি স্ট্যাম্পে কিছু শর্তের অঙ্গীকারনামায় সই করে এবংআমাকে তার বাড়িতে নিয়ে যায়। কিন্তু সাত মাস পার হলেও সে অঙ্গীকারনামার কোনো শর্ত পূরণ করেনি বা মানেনি। আমার প্রশ্ন, আমার স্বামী এবং ওই নারীর বিয়ে বৈধ হয়েছে কি? অঙ্গীকারনামার শর্ত না মানার কারণে তার বিরুদ্ধে আমি আইনগত কোনো ব্যবস্থা নিতে পারব কি?","1. <women_children_835_s11> [নারী ও শিশু নির্যাতন দমন আইন, ২০০০, ধারা ১১] যৌতুকের জন্য মৃত্যু ঘটানো, ইত্যাদির শাস্তি — যদি কোন নারীর স্বামী অথবা স্বামীর পিতা, মাতা, অভিভাবক, আত্মীয় বা স্বামীর পক্ষে অন্য কোন ব্যক্তি যৌতুকের জন্য 
2. <other_1429_s31> [আয়কর আইন, ২০২৩, ধারা ৩১] আয় একীভূতকরণ — (১) এই আইনে ভিন্নরূপ কিছু না থাকিলে, নিম্নবর্ণিত আয়সমূহ কোনো ব্যক্তির মোট আয়ের অন্তর্ভুক্ত হইবে, যথা:-(ক) উক
3. <other_1266_s2_p3> [বাংলাদেশ মুক্তিযোদ্ধা কল্যাণ ট্রাস্ট আইন, ২০, ধারা ২] সংজ্ঞা — বা স্বামী এবং পিতা-মাতার অবর্তমানে খেতাবপ্রাপ্ত বীর মুক্তিযোদ্ধার সন্তান; বা(উ) (অ)-(ঈ) পর্যন্ত বর্ণিত ব্যক্তি
4. <women_children_835_s9ক> [নারী ও শিশু নির্যাতন দমন আইন, ২০০০, ধারা ৯ক] কোন নারীর সম্মতি ছাড়া বা ইচ্ছার বিরুদ্ধে কোন ব্যক্তির ইচ্ছাকৃত (Wilful) কোন কার্য দ্বারা সম্ভ্রমহানি হইবার প্
5. <women_children_835_s4> [নারী ও শিশু নির্যাতন দমন আইন, ২০০০, ধারা ৪] দহনকারী, ইত্যাদি পদার্থ দ্বারা সংঘটিত অপরাধের শাস্তি — (১) যদি কোন ব্যক্তি দহনকারী, ক্ষয়কারী অথবা বিষাক্ত পদার্থ দ্বারা কোন শিশু বা নারীর মৃত্যু ঘটান বা মৃত্যু ঘটান
6. <other_1418_s21_p2> [বাংলাদেশ সুপ্রীম কোর্টের বিচারক (ছুটি, পেনশন, ধারা ২১] আনুতোষিক ও পারিবারিক পেনশন — হিসাবে প্রাপ্য হইতেন।(৩) কোনো বিচারক, অবসর গ্রহণের পর তাহার গ্রস-পেনশনের সম্পূর্ণ অংশ সমর্পণ করিতে পারিবেন এবং
7. <women_children_835_s9খ> [নারী ও শিশু নির্যাতন দমন আইন, ২০০০, ধারা ৯খ] যদি কোন ব্যক্তি দৈহিক বলপ্রয়োগ ব্যতীত বিবাহের প্রলোভন দেখাইয়া ষোল বৎসরের অধিক বয়সের কোন নারীর সংগে যৌনকর্ম 
8. <other_1586_s4_p0> [গুম প্রতিরোধ ও প্রতিকার অধ্যাদেশ, ২০২৫, ধারা ৪] গুম, ইত্যাদি ও উহার সাজা — (১) কোনো সরকারি কর্মচারী বা শৃঙ্খলা-বাহিনীর কোনো সদস্য উক্তরূপ পরিচয়ের বলে নিজে, অথবা শৃঙ্খলা-বাহিনী বা সরকার
9. <other_943_s2> [বাংলাদেশ শ্রমিক কল্যাণ ফাউন্ডেশন আইন, ২০০৬, ধারা ২] সংজ্ঞা — বিষয় বা প্রসঙ্গের পরিপন্থী কিছু না থাকিলে, এই আইনে-(ক) “অপ্রাতিষ্ঠানিক খাত” অর্থ এইরূপ বেসরকারী খাত যেখানে কর
10. <other_1132_s5> [পিতা-মাতার ভরণ-পোষণ আইন, ২০১৩, ধারা ৫] পিতা-মাতার ভরণ-পোষণ না করিবার দণ্ড — (১) কোন সন্তান কর্তৃক ধারা ৩ এর যে কোন উপ-ধারার বিধান কিংবা ধারা ৪ এর বিধান লংঘন অপরাধ বলিয়া গণ্য হইবে এবং উক","family_305_s8, family_305_s6, criminal_procedure_11_s494",own_search,answered,2,Sifat
prot_0107_06,Iftiaq,VERIFY,"৩. সমাজের কিছু ব্যক্তি বলে থাকে, ১৪-১৫ বছর ধরে কোনো মামলার আসামি যদি পলাতক থাকে, তার আর কোনো ভয় নেই। সে দেশে এসে নির্ভয়ে স্বাভাবিক জীবন যাপন করতে পারবে। তাদের ধারণা, মামলার বয়স বেশি হলে মামলাটি আপনা-আপনি ফাইলবন্দী হয়ে খারিজ হয়ে যায়। কথাটি কি ঠিক?","1. <labour_952_s216_p1> [বাংলাদেশ শ্রম আইন, ২০০৬, ধারা ২১৬] অপরাধ বিচার ছাড়া অন্য কোন বিষয়ে শ্রম আদালতের ক্ষমতা ওকার্যক্রম — বা আপত্তি পেশ করিতে ব্যর্থ হয়, তাহা হইলে মামলাটি একতরফা শুনানীক্রমে নিষ্পত্তি করা হইবে।(৬) কোন পক্ষের আবেদনক্
2. <other_1684_s23> [মানব পাচার ও অভিবাসী চোরাচালান প্রতিরোধ ও দম, ধারা ২৩] ভিকটিম বা সাক্ষীকে হুমকি, ইত্যাদি প্রদানপূর্বক তদন্ত বা বিচারকার্যে বিঘ্ন সৃষ্টি করিবার অপরাধ ও উহার দণ্ড — (১) যদি কোনো ব্যক্তি মানব পাচার বা অভিবাসী চোরাচালানের শিকার কোনো ব্যক্তি বা তাহার পরিবারের কোনো সদস্যকে বা মা
3. <other_1153_s4> [উপানুষ্ঠানিক শিক্ষা আইন, ২০১৪, ধারা ৪] উপানুষ্ঠানিক শিক্ষার শ্রেণীবিভাগ ও বয়স-সীমা — (১) প্রকৃতি ও ধরন অনুযায়ী উপানুষ্ঠানিক শিক্ষার শ্রেণীবিভাগ হইবে নিম্নরূপ, যথা :-(ক) উপানুষ্ঠানিক প্রাথমিক শিক
4. <women_children_1119_s15> [শিশু আইন, ২০১৩, ধারা ১৫] (১) ফৌজদারি কার্যবিধি বা আপাতত বলবৎ অন্য কোনো আইনে যাহা কিছুই থাকুক না কেন, কোনো অপরাধ সংঘটনে প্রাপ্তবয়স্ক ব্
5. <other_1718_s32> [অর্থ (২০২৫-২০২৬ অর্থ বৎসর) আইন, ২০২৬, ধারা ৩২] ২০২৩ সনের ১২ নং আইনের ধারা ১৫ এর সংশোধন — উক্ত আইনের ধারা ১৫ এর উপ-ধারা (৩) এর পরিবর্তে নিম্নরূপ উপ-ধারা (৩) প্রতিস্থাপিত হইবে, যথা:- “(৩) আপিল ট্রাইব্য
6. <other_1126_s15> [প্রতিবন্ধী ব্যক্তির অধিকার ও সুরক্ষা আইন, ২০, ধারা ১৫] অন্যান্য প্রতিবন্ধিতা (other disability) — কোন ব্যক্তির মধ্যে যদি ধারা ৪ হইতে ১৩ তে উল্লিখিত প্রতিবন্ধিতা ব্যতীত এইরূপ অন্য কোন অস্বাভাবিক শারীরিক ও মানস
7. <family_938_s17> [গ্রাম আদালত আইন, ২০০৬, ধারা ১৭] পুলিশ কর্তৃক তদন্ত — এই আইনে যাহা কিছুই থাকুক না কেন, কোন মামলার বিষয়বস্তু তফসিলের প্রথম অংশে বর্ণিত অপরাধ সম্পর্কিত হওয়ার কারণে 
8. <other_896_s11> [দ্রুত বিচার ট্রাইব্যুনাল আইন, ২০০২, ধারা ১১] বিচারকের বদলীর ক্ষেত্রে পদ্ধতি — যদি কোন মামলার বিচারকার্য চলাকালে দ্রুত বিচার ট্রাইব্যুনালের বিচারক কোন কারণে পরিবর্তিত হইয়া যায়, তাহা হইলে 
9. <other_896_s10> [দ্রুত বিচার ট্রাইব্যুনাল আইন, ২০০২, ধারা ১০] মামলা নিষ্পত্তির মেয়াদ — (১) দ্রুত বিচার ট্রাইব্যুনালে স্থানান্তরিত কোন মামলা স্থানান্তরের তারিখ হইতে নব্বই কার্য দিবসের মধ্যে নিষ্পত্ত
10. <other_1718_s29_p2> [অর্থ (২০২৫-২০২৬ অর্থ বৎসর) আইন, ২০২৬, ধারা ২৯] ২০২৩ সনের ১২ নং আইনের ধারা ২ এর সংশোধন — অথবা যেইক্ষেত্রে উক্ত পনেরোতম দিন সেপ্টেম্বর মাসের পনেরোতম দিনের পূর্বের তারিখে পড়ে, সেইক্ষেত্রে আয়বর্ষ সমাপ","criminal_procedure_75_s339B, criminal_procedure_75_s87",own_search,answered,2,Sifat
prot_0055_03,Iftiaq,VERIFY,"দূরসম্পর্কের এক মামাতো ভাইয়ের সঙ্গে আমার খুব ভালো সম্পর্ক ছিল। এখন সেটা ভালোবাসার রূপ নিয়েছে। আমরা দুজন দুজনকে অনেক ভালোবাসি, কিন্তু আমাদের পরিবার এই সম্পর্ক মানবে না। এ অবস্থায় আমরা দুজন কাজি অফিস বা কাজির মাধ্যমে বিয়ে করতে চাইছি। আইনগতভাবে আমাদের বিয়ের বয়স হয়েছে। কাজি অফিস বা কাজির মাধ্যমে বিয়ে করতে কি কাগজপত্র লাগে এবং বিবাহ আইন অনুযায়ী এই বিয়ে সঠিক হবে কি না, যদি কোনো সমস্যা দেখা দেয়, তবে বিয়ে আইনত টিকবে কি না?নাম প্রকাশে অনিচ্ছুক","1. <women_children_1256_s2> [যৌতুক নিরোধ আইন, ২০১৮, ধারা ২] সংজ্ঞা — বিষয় বা প্রসঙ্গের পরিপন্থি কোনো কিছু না থাকিলে,-(ক) ‘‘পক্ষ’’ অর্থ এই আইনের উদ্দেশ্য পূরণকল্পে, বিবাহের বর বা 
2. <other_1419_s5> [বাংলাদেশ সরকারী কর্ম কমিশন আইন, ২০২৩, ধারা ৫] কমিশনের আওতা বহির্ভূত ক্ষেত্রসমূহ — আপাতত বলবৎ অন্য কোনো আইন বা এই আইনের অন্যান্য বিধানে যাহা কিছুই থাকুক না কেন, নিম্নবর্ণিত কোনো পদে নিয়োগ এবং 
3. <other_1413_s6> [সরকারি ঋণ আইন, ২০২২, ধারা ৬] সরকারি ঋণ অফিস — এই আইনের উদ্দেশ্য পূরণকল্পে,-(ক) অর্থ বিভাগ, অর্থ মন্ত্রণালয় সরকারি ঋণ ব্যবস্থাপনার লক্ষ্যে ঋণনীতি ও ঋণ পরিকল
4. <labour_1285_s167> [বাংলাদেশ ইপিজেড শ্রম আইন, ২০১৯, ধারা ১৬৭] (১)এইআইনেরউদ্দেশ্য পূরণকল্পে নির্বাহী পরিচালক (শ্রম ও শিল্প সম্পর্ক),অতিরিক্ত নির্বাহী পরিচালক (শ্রম ও শিল্প স
5. <civil_registration_921_s18> [জন্ম ও মৃত্যু নিবন্ধন আইন, ২০০৪, ধারা ১৮] জন্ম বা মৃত্যু সনদের সাক্ষ্য মূল্য — (১) কোন ব্যক্তির বয়স, জন্ম ও মৃত্যু বৃত্তান্ত প্রমাণের ক্ষেত্রে কোন অফিস বা আদালতে বা স্কুল-কলেজে বা সরকারী ও
6. <family_1105_s11> [হিন্দু বিবাহ নিবন্ধন আইন, ২০১২, ধারা ১১] নিবন্ধন বহি সংরক্ষণ, ইত্যাদি — (১) প্রত্যেক হিন্দু বিবাহ নিবন্ধক নির্ধারিত ফরম ও পদ্ধতিতে নিবন্ধন বহি সংরক্ষণ করিবেন।(২) প্রত্যেক হিন্দু বিবা
7. <local_government_1027_s6_p1> [স্থানীয় সরকার (ইউনিয়ন পরিষদ) আইন, ২০০৯, ধারা ৬] ওয়ার্ড সভার ক্ষমতা, কার্যাবলী, ইত্যাদি — যৌক্তিকতাসমূহ অবহিত হওয়া;(ঢ) ওয়ার্ড সভা কতৃর্ক গৃহীত সিদ্ধান্তসমূহের বাস্তবায়ন অগ্রগতি পযার্লোচনা করা এবং ক
8. <other_1172_s2> [গণকর্মচারী (বিদেশি নাগরিকের সহিত বিবাহ) আইন,, ধারা ২] সংজ্ঞা — বিষয় বা প্রসঙ্গের পরিপন্থি কোন কিছু না থাকিলে, এই আইনে,-(ক) ‘‘জাতীয়করণকৃত প্রতিষ্ঠান’’ অর্থ কোন করপোরেশন, ব্
9. <money_recovery_876_s23ক> [সমবায় সমিতি আইন, ২০০১, ধারা ২৩ক] (১) কোন সমবায় সমিতি উহার কার্যক্রম পরিচালনার জন্য কোন শাখা অফিস খুলিতে পারিবে না, তবে এই বিধান কার্যকর হইবার 
10. <women_children_1063_s2> [পারিবারিক সহিংসতা (প্রতিরোধ ও সুরক্ষা) আইন, , ধারা ২] সংজ্ঞা — - বিষয় বা প্রসঙ্গের পরিপন্থী কিছু না থাকিলে, এই আইনে-(১)""অর্ন্তব র্তীকালীন সুরক্ষা আদেশ""অর্থ ধারা ১৩ এর অধীন ","family_476_s3, women_children_1207_s12, other_173_s2",own_search,answered,2,Sifat
prot_0040_01,Iftiaq,VERIFY,সরকারি কর্মচারীদের পেনশনের বিষয়টি নির্ধারিত বিধি দ্বারা পরিচালিত হয়। যথাযথ কর্তৃপক্ষের কাছে দেরিতে নমিনি করার কারণ উল্লেখ করে আপনি আপনার কন্যাকে নমিনি করতে পারেন। নতুন নমিনি নিয়োগে আইনগত কোনো বাধা নেই।আমি একজন মেয়েকে ভালোবাসি কিন্তু আমাদের দুজনের ধর্ম ভিন্ন। আমি চাই যার যার ধর্ম বজায় রেখে বিয়ে করতে। কি এ ধরনের কোনো আইন আছে? সুনিপুণ কর,"1. <other_1413_s17> [সরকারি ঋণ আইন, ২০২২, ধারা ১৭] ধারক কর্তৃক নমিনি মনোনয়ন প্রদান — (১) আপাতত বলবৎ অন্য কোনো আইনে ভিন্নরূপ যাহা কিছুই থাকুক না কেন,-(ক) সরকারি সিকিউরিটি বা জাতীয় সঞ্চয় স্কীমের 
2. <other_1413_s18> [সরকারি ঋণ আইন, ২০২২, ধারা ১৮] ধারকের মৃত্যুর পর সরকারি সিকিউরিটি বা জাতীয় সঞ্চয় স্কীমের আওতায় ইস্যুকৃত সার্টিফিকেটের অর্থ প্রদান — (১) সরকারি সিকিউরিটি বা জাতীয় সঞ্চয় স্কীমের আওতায় ইস্যুকৃত সার্টিফিকেটের ধারক নমিনি প্রদানপূর্বক মৃত্যুবরণ 
3. <other_1421_s14_p1> [সর্বজনীন পেনশন ব্যবস্থাপনা আইন, ২০২৩, ধারা ১৪] সর্বজনীন পেনশন ব্যবস্থাপনা — হইবে;(জ) মাসিক অথবা ত্রৈমাসিক ভিত্তিতে চাঁদা প্রদান করা যাইবে এবং অগ্রিম ও কিস্তিতে জমা প্রদানের সুযোগ থাকিবে;
4. <constitutional_957_s28> [গণপ্রজাতন্ত্রী বাংলাদেশের সংবিধান, অনুচ্ছেদ ২৮] ধর্ম, প্রভৃতি কারণে বৈষম্য — (১) কেবল ধর্ম, গোষ্ঠী, বর্ণ, নারীপুরুষভেদ বা জন্মস্থানের কারণে কোন নাগরিকের প্রতি রাষ্ট্র বৈষম্য প্রদর্শন করিব
5. <women_children_1119_s57> [শিশু আইন, ২০১৩, ধারা ৫৭] অপর্যাপ্ত আইনগত প্রতিনিধিত্ব ও অসদাচরণ — শিশুর পক্ষে নিয়োগপ্রাপ্ত আইনজীবী যুক্তিসঙ্গত কারণ ব্যতীত বারংবার আদালতে অনুপস্থিত থাকিলে বা মামলা পরিচালনায় 
6. <other_857_s43> [বাংলাদেশ টেলিযোগাযোগ নিয়ন্ত্রণ আইন, ২০০১, ধারা ৪৩] পথাধিকার প্রয়োগে মালিক ইত্যাদির অসম্মতি — (১) কোন জমির মালিক বা দখলকার বা তত্ত্বাবধায়ক ৪২(৫) ধারায় উল্লেখিত সম্মতি বা অনুমতি না দিলে বা উহা প্রত্যাখ্য
7. <other_1151_s15> [ডিঅক্সিরাইবোনিউক্লিক এসিড (ডিএনএ) আইন, ২০১৪, ধারা ১৫] ডিএনএ কার্যক্রমের গুণগত মান নিশ্চিতকরণ — (১) প্রত্যেক ডিএনএ ল্যাবরেটরী, বিধি দ্বারা নির্ধারিত পদ্ধতিতে, ডিএনএ কার্যক্রমের গুণগত মান নিশ্চিত করিবে।(২) উ
8. <other_1476_s257> [কাস্টমস আইন, ২০২৩, ধারা ২৫৭] সিদ্ধান্ত প্রদান — (১) কোনো ব্যক্তি এই আইন বা বিধির প্রয়োগ সম্পর্কিত কোনো বিষয়ে সিদ্ধান্ত প্রদানের জন্য, বিধি দ্বারা নির্ধারিত 
9. <other_1696_s63> [রাজধানী উন্নয়ন কর্তৃপক্ষ আইন, ২০২৬, ধারা ৬৩] কর্তৃপক্ষের বিরুদ্ধে মামলার নোটিশ, ইত্যাদি — (১) এই আইন বা তদ্ধীন প্রণীত বিধি বা প্রবিধানের অধীন কর্তৃপক্ষ, চেয়ারম্যান, সদস্য বা কর্মচারীর বিরুদ্ধে কোনো ম
10. <other_1130_s7> [1[বাংলাদেশ মেরিটাইম ইউনিভার্সিটি] আইন, ২০১৩, ধারা ৭] জাতি ধর্ম নির্বিশেষে সকলের জন্য বিশ্ববিদ্যালয় উন্মুক্ত — যে কোন জাতি, ধর্ম, বর্ণ, গোত্র এবং যে কোন শ্রেণীর পুরুষ ও নারীর জন্য, বিশ্ববিদ্যালয় কর্তৃক নির্ধারিত ভর্তির য",other_25_s2,own_search,answered,2,Sifat
prot_0068_05,Iftiaq,VERIFY,"আমি বিবাহিত। একটি মেয়ে আছে। আমি আমার ছোট দেবরকে ভালোবাসি। কিছুদিন আগে আমার স্বামী বিষয়টি জেনে যায়। বিষয়টি নিয়ে অনেকবার তার সঙ্গে আমার ঝগড়াঝাঁটি হয়েছে। সে প্রথমে আমাকে তালাক দিতে চেয়েছিল। আমি ক্ষমা চাইলে সম্পর্ক স্বাভাবিক হয়। কিন্তু এখন কথায় কথায় আমার সঙ্গে পুরোনো কথা নিয়ে ঝগড়া করে, সন্দেহ করে। এখন আমি তালাক চাইলেও সে আমাকে তালাক দিতে চায় না। পারলে নিজে তালাক নিয়ে চলে যেতে বলে। আমি আমার দেবরকে ভুলতে পারছি না। তাকে খুব ভালোবাসি। তাকে সবকিছু খুলে বলেছি। সে বলে, বড় ভাই বেঁচে থাকতে আমাদের বিয়ে করা সম্ভব নয়। এখন আমি কী করব সিদ্ধান্ত নিতে পারছি না। প্রতিনিয়ত সে সন্দেহ করে। ছোটখাটো বিষয় নিয়ে ঝগড়া হয়। তালাক দিলে আমার মেয়েকে কাছে পাব কি? আমার স্বামী মেয়েকে আমার কাছে দিতে চায় না। নাম প্রকাশে অনিচ্ছুকনাটোর","1. <other_924_s2> [ব্যক্তি মালিকানাধীন সড়ক পরিবহন শ্রমিক কল্যাণ, ধারা ২] সংজ্ঞা — বিষয় বা প্রসঙ্গের পরিপন্থী কিছু না থাকিলে, এই আইনে-(ক) “কল্যাণ তহবিল” অর্থ ধারা ৪ এর অধীন গঠিত কল্যাণ তহবিল;(
2. <other_943_s2> [বাংলাদেশ শ্রমিক কল্যাণ ফাউন্ডেশন আইন, ২০০৬, ধারা ২] সংজ্ঞা — বিষয় বা প্রসঙ্গের পরিপন্থী কিছু না থাকিলে, এই আইনে-(ক) “অপ্রাতিষ্ঠানিক খাত” অর্থ এইরূপ বেসরকারী খাত যেখানে কর
3. <other_788_s278> [কোম্পানী আইন, ১৯৯৪, ধারা ২৭৮] কোম্পানীর সম্পত্তির দখলদার হিসাবে সন্দেহভাজন ও অন্যান্য ব্যক্তির উপর সমনজারীর ক্ষমতা — (১) কোম্পানীর অবলুপ্তির আদেশদানের পর, যদি উহার কোন কর্মকর্তা কিংবা অন্য কোন ব্যক্তি, যাহার নিকট কোম্পানীর কোন 
4. <other_912_s2> [বাংলাদেশ কর্মচারী কল্যাণ বোর্ড আইন, ২০০৪, ধারা ২] সংজ্ঞা — বিষয় বা প্রসংগের পরিপন্থী কোন কিছু না থাকিলে, এই আইনে,-(ক) “আঞ্চলিক কমিটি” অর্থ ধারা ৮ এর অধীন গঠিত বোর্ডের আ
5. <other_751_s112> [ব্যাংক-কোম্পানী আইন, ১৯৯১, ধারা ১১২] (১) বাংলাদেশ ব্যাংক যদি এই আইনের কোন ধারা অথবা তদধীন কোন আদেশ বা নির্দেশ বা আরোপিত শর্ত বা প্রণীত কোন বিধি লংঘ
6. <other_850_s13> [সালিস আইন, ২০০১, ধারা ১৩] আপত্তির কারণসমূহ — (১) সালিসকারী হিসাবে নিয়োগের অনুরোধপ্রাপ্ত প্রত্যেক ব্যক্তি প্রথমে তাহার নিরপেক্ষতা ও স্বাধীনতা সম্পর্কে সঙ্গ
7. <tenancy_748_s19_p0> [বাড়ী ভাড়া নিয়ন্ত্রণ আইন, ১৯৯১, ধারা ১৯] কতিপয় পরিস্থিততে ভাড়াটিয়া কর্তৃক ভাড়া জমা — (১) যেক্ষেত্রে কোন বাড়ী-মালিক ভাড়াটিয়া কর্তৃক ডাক মনি অর্ডার যোগে প্রেরিত ধারা ১৮ এ উল্লিখিত কোন ভাড়া গ্রহ
8. <labour_952_s179_p2> [বাংলাদেশ শ্রম আইন, ২০০৬, ধারা ১৭৯] রেজিস্ট্রিকরণের জন্য প্রয়োজনীয় বিষয়াদি — সম্পর্কযুক্ত কি না এইরূপ কোন সন্দেহ বা বিরোধ দেখা দেয় সে ক্ষেত্রে বিষয়টি নিষ্পত্তির জন্য শ্রম পরিচালকের নিকট
9. <other_1266_s2_p3> [বাংলাদেশ মুক্তিযোদ্ধা কল্যাণ ট্রাস্ট আইন, ২০, ধারা ২] সংজ্ঞা — বা স্বামী এবং পিতা-মাতার অবর্তমানে খেতাবপ্রাপ্ত বীর মুক্তিযোদ্ধার সন্তান; বা(উ) (অ)-(ঈ) পর্যন্ত বর্ণিত ব্যক্তি
10. <other_857_s87> [বাংলাদেশ টেলিযোগাযোগ নিয়ন্ত্রণ আইন, ২০০১, ধারা ৮৭] গণশুনানী ও উহার পদ্ধতি — (১) কোন আবেদন বা অন্য কোনভাবে প্রাপ্ত তথ্যের ভিত্তিতে, কমিশন যদি মনে করে যে, জনস্বার্থ রতগার জন্য উহার কোন ক্ষ","family_64_s17, family_305_s8",own_search,answered,2,Sifat
prot_0066_01,Iftiaq,VERIFY,"আমি বিয়ে করেছি ১৬ বছর আগে। বিয়ে হয়েছিল ঢাকায় এবং আমার ইচ্ছার বিরুদ্ধে। তাই চালাকি করে বিয়ে নিবন্ধনের সময় মা-বাবার নাম সঠিক রেখে ভুল ঠিকানা দিয়েছিলাম। বর্তমানে আমার স্ত্রী ও ছেলেমেয়ে আমার সঙ্গে আছে। এখন প্রশ্ন হচ্ছে, মুসলিম বিবাহ আইনে কোনো এই বিয়েতে প্রকার সমস্যা আছে কি না?","1. <tenancy_748_s25> [বাড়ী ভাড়া নিয়ন্ত্রণ আইন, ১৯৯১, ধারা ২৫] বাড়ী-মালিকের ভুল নাম বা ঠিকানা দেওয়ার দণ্ড — যদি কোন ভাড়াটিয়া ধারা ১৯ এর অধীন ভাড়া জমা করার সময় ইচ্ছাকৃতভাবে বাড়ী-মালিকের নাম বা ঠিকানা ভুল দিয়া থাকে
2. <family_1444_s26> [পারিবারিক আদালত আইন, ২০২৩, ধারা ২৬] মুসলিম পারিবারিক আইনের বিধানকে প্রভাবিত না করা — (১) এই আইনের কোনো কিছুই মুসলিম পরিবারিক আইন অথবা তদধীন প্রণীত বিধিমালার কোনো বিধানকে প্রভাবিত করিবে না।(২) যেক
3. <family_1105_s5> [হিন্দু বিবাহ নিবন্ধন আইন, ২০১২, ধারা ৫] হিন্দু বিবাহ নিবন্ধনের ক্ষেত্রে বিধি-নিষেধ — অন্য কোন আইনে যাহা কিছুই থাকুক না কেন, ২১ (একুশ) বৎসরের কম বয়স্ক কোন হিন্দু পুরুষ বা ১৮ (আঠার) বৎসরের কম বয়স
4. <other_788_s171> [কোম্পানী আইন, ১৯৯৪, ধারা ১৭১] বন্ধকের নিবন্ধন-বহি সংশোধনী — (১) আদালত যদি এই মর্মে সন্তুষ্ট হয় যে,-(ক) ধারা ১৫৯-এ উল্লিখিত সময়সীমার মধ্যে বন্ধক বা চার্জ নিবন্ধন না করান
5. <consumer_1010_s52> [ট্রেডমার্ক আইন, ২০০৯, ধারা ৫২] নিবন্ধন বহির ভুল সংশোধন — (১) নিবন্ধিত স্বত্বাধিকারী কর্তৃক, নির্ধারিত পদ্ধতিতে, আবেদনের প্রেক্ষিতে নিবন্ধন বহিতে -(ক) ট্রেডমার্কের নিবন
6. <other_725_s8> [খাগড়াছড়ি পার্বত্য জেলা পরিষদ আইন, ১৯৮৯, ধারা ৮] সম্পত্তি সম্পর্কিত ঘোষনা — চেয়ারম্যান ও প্রত্যেক সদস্য তাঁহার কার্যভার গ্রহনের পূর্বে তাহার এবং তাঁহার পরিবারের কোন সদস্যের স্বত্ব, দখল 
7. <other_726_s8> [বান্দরবান পার্বত্য জেলা পরিষদ আইন, ১৯৮৯, ধারা ৮] সম্পত্তি সম্পর্কিত ঘোষণা — চেয়ারম্যান ও প্রত্যেক সদস্য তাঁহার কার্যভার গ্রহণের পূর্বে তাঁহার এবং তাঁহার পরিবারের কোন সদস্যের স্বত্ব, দখল
8. <other_724_s8> [রাংগামাটি পার্বত্য জেলা পরিষদ আইন, ১৯৮৯, ধারা ৮] সম্পত্তি সম্পর্কিত ঘোষণা — চেয়ারম্যান ও প্রত্যেক সদস্য তাঁহার কার্যভার গ্রহণের পূর্বে তাঁহার এবং তাঁহার পরিবারের কোন সদস্যের স্বত্ব, দখল
9. <family_1105_s12> [হিন্দু বিবাহ নিবন্ধন আইন, ২০১২, ধারা ১২] বিবাহ নিবন্ধনের প্রতিলিপি প্রদান — (১) এই আইনের অধীন হিন্দু বিবাহ নিবন্ধনের ক্ষেত্রে বিবাহের পক্ষদ্বয় বা তদ্কর্তৃক মনোনীত প্রতিনিধি কর্তৃক আবেদন
10. <family_1105_s4> [হিন্দু বিবাহ নিবন্ধন আইন, ২০১২, ধারা ৪] বিবাহ নিবন্ধক নিয়োগ — (১) এই আইনের অধীন হিন্দু বিবাহ নিবন্ধনের উদ্দেশ্যে, সরকার, সিটি কর্পোরেশন এলাকার ক্ষেত্রে তদ্কর্তৃক সময় সময় ","other_173_s2, family_476_s3",own_search,answered,1,Sifat
prot_0088_01,Iftiaq,VERIFY,"আমি যখন খুব ছোট, তখন আমার মা মারা যান। নিঃসন্তান ফুফু আমার লালন-পালন করেন। আমি এখন স্নাতক (সম্মান) পাস করেছি। সমস্যা হলো, স্নাতকের সনদপত্রে আমার মায়ের নাম হিসেবে ফুফুর নাম রয়েছে। এ ছাড়া অন্য সব দলিলপত্রে আমার প্রকৃত মায়ের নাম রয়েছে। ভোটার পরিচয়পত্রে আমার মায়ের নাম হিসেবে ফুফুর নামটিই আছে। এ কারণে আমার সনদপত্রে কোনো সমস্যা হবে কি না। আমার পৈতৃক সম্পত্তি ভোগ করার ক্ষেত্রে এটা কোনো বাধা হবে কি না। আমরা দুই ভাই, এক বোন। আমার মায়ের নামের এই ত্রুটির কারণে বড় ভাই আমাকে কোনো সমস্যায় ফেলতে পারবে কি? ভবিষ্যতে আমি সমস্যায় পড়লে কোনো আইনি ব্যবস্থা নিতে পারব কি না। উল্লেখ্য, আমার বাবা জীবিত নেই","1. <other_893_s7> [শিশু-মাতৃ স্বাস্থ্য ইনস্‌টিটিউট আইন, ২০০২, ধারা ৭] ইনস্‌টিটিউটের দায়িত্ব ও কার্যাবলী — ইনস্টিটিউটের দায়িত্ব ও কার্যাবলী হইবে নিম্নরূপ, যথা:-(১) শিশু ও মায়ের স্বাস্থ্য ও পুষ্টি বিষয়ে শিক্ষা, প্রশ
2. <other_1124_s6> [মাতৃদুগ্ধ বিকল্প, শিশু খাদ্য, বাণিজ্যিকভাবে , ধারা ৬] মাতৃদুগ্ধ বিকল্প, শিশু খাদ্য, ইত্যাদি ধারণপাত্র ও মোড়কে প্রদেয় তথ্যাদি — (১) আপাততঃ বলবৎ অন্য কোন আইনের বিধানাবলী ক্ষুণ্ণ না করিয়া, কোন ব্যক্তি মাতৃদুগ্ধ বিকল্প, শিশু খাদ্য, বাণিজ্যি
3. <other_1005_s14> [ভোটার তালিকা আইন, ২০০৯, ধারা ১৪] ভোটার তালিকার বৈধতা, ইত্যাদি — ভোটার তালিকায় অন্তর্ভুক্ত কোন ব্যক্তির ভুল বর্ণনা বা উক্তরূপে অন্তর্ভুক্ত হইবার অধিকারী নহে এমন কোন ব্যক্তির 
4. <other_1283_s19> [কস্ট এন্ড ম্যানেজমেন্ট অ্যাকাউন্ট্যান্টস আইন, ধারা ১৯] সদস্য-রেজিস্টার হইতে নাম অপসারণ — (১) কাউন্সিল নিম্নবর্ণিত কারণে কোনো সদস্যের নাম সদস্য-রেজিস্টার হইতে অপসারণ করিতে পারিবে, যথা:-যদি তিনি-(ক) মৃ
5. <other_1045_s16> [চার্টার্ড সেক্রেটারীজ আইন, ২০১০, ধারা ১৬] সদস্য হইবার ক্ষেত্রে অযোগ্যতা — ধারা ১৫ তে যাহা কিছুই থাকুক না কেন, কোন ব্যক্তি সদস্য হইবার যোগ্য হইবেন না, যদি-(ক) তিনি কোন স্বীকৃত বিশ্ববিদ্
6. <other_1005_s10> [ভোটার তালিকা আইন, ২০০৯, ধারা ১০] ভোটার তালিকা সংশোধন — বিভিন্ন নির্বাচিত সংস্থার নির্বাচনের সময়সূচী ঘোষণার তারিখ হইতে নির্বাচন অনুষ্ঠানের সময়কাল ব্যতিরেকে, অন্য যে
7. <consumer_1010_s73> [ট্রেডমার্ক আইন, ২০০৯, ধারা ৭৩] মিথ্যা ট্রেডমার্ক, ট্রেড বর্ণনা, ইত্যাদি ব্যবহারের দণ্ড — যদি কোন ব্যক্তি-(ক) কোন ট্রেডমার্ককে মিথ্যা প্রতিপন্ন করেন,(খ) কোন পণ্য বা সেবার ক্ষেত্রে ট্রেডমার্ক মিথ্যাভাব
8. <other_1682_s2_p0> [মানবদেহে অঙ্গ-প্রত্যঙ্গ সংযোজন আইন, ২০২৬, ধারা ২] সংজ্ঞা — বিষয় বা প্রসঙ্গের পরিপন্থি কোনো কিছু না থাকিলে, এই আইনে- (১) “অঙ্গ-প্রত্যঙ্গ” অর্থ মানবদেহের কিডনি, হৃৎপিণ্ড,
9. <other_1005_s11> [ভোটার তালিকা আইন, ২০০৯, ধারা ১১] ভোটার তালিকা হালনাগাদকরণ — (১) কম্পিউটার ডাটাবেজ সংরক্ষিত বিদ্যমান সকল ভোটার তালিকা, প্রতি বৎসর6[২ জানুয়ারি হইতে ২ মার্চ] পর্যন্ত সময়কা
10. <other_788_s346_p2> [কোম্পানী আইন, ১৯৯৪, ধারা ৩৪৬] নিষ্ক্রিয় (defunct) কোম্পানীর নাম নিবন্ধন বহি হইতে কাটিয়া দেওয়া — পাওনাদারের আবেদনক্রমে, আদালত যদি এই মর্মে সন্তুষ্ট হয় যে, নাম কাটিয়া দেওয়ার সময় কোম্পানীটি ব্যবসারত বা চাল","other_36_s42_p0, other_173_s2",own_search,answered,1,Sifat
prot_0013_03,Iftiaq,VERIFY,"বছর। আমি একটি মেয়ের সঙ্গে ফোনে কথা বলতাম। দেখাও করেছি। কথা বলতে বলতে একদিন মেয়েটা আমাকে ওর বাসায় ডেকে নিয়ে যায়। সেখানে আমাকে আটকে রাখে। জোর করে মেয়েটির সঙ্গে আমার বিয়ে দেওয়া হয়। ওখানে আমাদের কেউ ছিল না। তখন আমি ভুল ঠিকানা দিই। আর আমার বিয়ের দেনমোহর ছয় লাখ টাকা ধার্য করা হয়। বিয়ের পর তিন মাস পার হয়েছে। এখন আমার পরিবার এবং আমিও তাকে মেনে নিতে পারছি না। আর কোনো দিনও মেনে নেব না। আমার ঠিকানা ভুল দেওয়া আছে। মেয়ের বয়সও ১৮ বছর হয়নি। এখন কী করতে পারি? আর মেয়েটা কি কিছু করতে পারবে? কামাল l ১৮ বছরের নিচে মেয়ের বিবাহ প্রদান দণ্ডনীয় অপরাধ। আপনার বিয়ে কীভাবে হয়েছে, তা চিঠিতে উল্লেখ নেই। আইনগতভাবে বিবাহ হয়ে থাকলে আপনি তালাক দিতে পারেন। জোর করে বিবাহ হলে এ ব্যাপারে নিকটস্থ থানায় জিডি করে রাখতে পারেন","1. <women_children_1207_s11> [বাল্যবিবাহ নিরোধ আইন, ২০১৭, ধারা ১১] বাল্যবিবাহ নিবন্ধনের জন্য বিবাহ নিবন্ধনের শাস্তি, লাইসেন্স বাতিল — কোন বিবাহ নিবন্ধক বাল্যবিবাহ নিবন্ধন করিলে উহা হইবে একটি অপরাধ এবং তজ্জন্য তিনি অনধিক ২ (দুই) বৎসর ও অন্যূন ৬ 
2. <family_1105_s5> [হিন্দু বিবাহ নিবন্ধন আইন, ২০১২, ধারা ৫] হিন্দু বিবাহ নিবন্ধনের ক্ষেত্রে বিধি-নিষেধ — অন্য কোন আইনে যাহা কিছুই থাকুক না কেন, ২১ (একুশ) বৎসরের কম বয়স্ক কোন হিন্দু পুরুষ বা ১৮ (আঠার) বৎসরের কম বয়স
3. <tenancy_748_s25> [বাড়ী ভাড়া নিয়ন্ত্রণ আইন, ১৯৯১, ধারা ২৫] বাড়ী-মালিকের ভুল নাম বা ঠিকানা দেওয়ার দণ্ড — যদি কোন ভাড়াটিয়া ধারা ১৯ এর অধীন ভাড়া জমা করার সময় ইচ্ছাকৃতভাবে বাড়ী-মালিকের নাম বা ঠিকানা ভুল দিয়া থাকে
4. <criminal_procedure_765_s105> [রাজশাহী মহানগরী পুলিশ আইন, ১৯৯২, ধারা ১০৫] কতিপয় মামলার নিষ্পত্তি — (১) ধারা ৫৮, ৫৯, ৬২, ৬৩, ৬৬, ৭১, ৭২, ৭৩, ৭৪, ৭৬, ৮০, ৮১, ৮২, ৮৩, ৮৫, ৮৬, ৮৯, ৯৫, ৯৬, ৯৭, ৯৯ বা ১০০ এর অধীন দণ্
5. <criminal_procedure_1013_s105> [বরিশাল মহানগরী পুলিশ আইন, ২০০৯, ধারা ১০৫] কতিপয় মামলার নিষ্পত্তি — (১) ধারা ৫৮, ৫৯, ৬২, ৬৩, ৬৬, ৭১,৭২, ৭৩, ৭৪, ৭৬, ৮০, ৮১, ৮২, ৮৩, ৮৫, ৮৬, ৮৯, ৯৫, ৯৬, ৯৭, ৯৯, বা ১০০ এর অধীন দণ্
6. <other_1172_s3> [গণকর্মচারী (বিদেশি নাগরিকের সহিত বিবাহ) আইন,, ধারা ৩] বিদেশি নাগরিকের সহিত বিবাহে বাধানিষেধ — (১) উপ-ধারা (২) এর অধীন অনুমতিপ্রাপ্ত না হইলে কোন গণকর্মচারী কোন বিদেশি নাগরিককে বিবাহ করিবেন না বা বিবাহ করিব
7. <family_1105_s3> [হিন্দু বিবাহ নিবন্ধন আইন, ২০১২, ধারা ৩] হিন্দু বিবাহ নিবন্ধন — (১) অন্য কোন আইন, প্রথা ও রীতি-নীতিতে যাহা কিছুই থাকুক না কেন, হিন্দু বিবাহের দালিলিক প্রমাণ সুরক্ষার উদ্দেশ্য
8. <family_1105_s2> [হিন্দু বিবাহ নিবন্ধন আইন, ২০১২, ধারা ২] সংজ্ঞা — বিষয় বা প্রসঙ্গের পরিপন্থী কোন কিছু না থাকিলে, এই আইনে,-(ক) ‘‘হিন্দু’’ অর্থ বাংলাদেশের হিন্দু ধর্মাবলম্বী কোন
9. <criminal_procedure_1013_s106> [বরিশাল মহানগরী পুলিশ আইন, ২০০৯, ধারা ১০৬] কতিপয় ক্ষেত্রে পুলিশ কর্মকর্তার দণ্ড প্রদানের ক্ষমতা — (১) পুলিশ কমিশনার কর্তৃক সাধারণ বিজ্ঞপ্তি মারফত নির্ধারিত পদের পুলিশ কর্মকর্তা যদি দেখেন যে, ধারা ৬৭, ৬৮, ৬৯, 
10. <family_1105_s11> [হিন্দু বিবাহ নিবন্ধন আইন, ২০১২, ধারা ১১] নিবন্ধন বহি সংরক্ষণ, ইত্যাদি — (১) প্রত্যেক হিন্দু বিবাহ নিবন্ধক নির্ধারিত ফরম ও পদ্ধতিতে নিবন্ধন বহি সংরক্ষণ করিবেন।(২) প্রত্যেক হিন্দু বিবা","family_305_s7, women_children_1207_s7, family_1444_s5",own_search,answered,2,Sifat
prot_0097_01,Iftiaq,VERIFY,"আমাদের সমাজে অপুত্রক ব্যক্তির মৃত্যুর পর তাঁর সম্পত্তি থেকে মেয়েদের বঞ্চিত করা হয়। কেউ জীবদ্দশায় মেয়েকে সম্পত্তি দিয়ে যেতে চাইলে কী করতে হবে? কোনো জমি হস্তান্তর বা বিক্রির জন্য দলিল কি দলিল লেখক দিয়ে লেখানো বাধ্যতামূলক? এমন দলিলে কেবল গৎবাঁধা কিছু বিষয় লেখা হয়। ব্যক্তি কেন তাঁর সম্পত্তি সন্তানকে কিংবা অন্য কাউকে দান করে যেতে চান, দলিলে সে বিষয় উল্লেখ করার সুযোগ আছে কি? ব্যক্তি মারা যাওয়ার পর অনেক আলোচনা–সমালোচনা হয়। এ ধরনের বিবরণ লিপিবদ্ধ থাকলে হয়তো অন্যায় সমালোচনা অনেকাংশে কমবে","1. <other_788_s39> [কোম্পানী আইন, ১৯৯৪, ধারা ৩৯] হস্তান্তর প্রত্যয়ন — (১) কোম্পানীর শেয়ার বা ডিবেঞ্চার হস্তান্তর-দলিল কোম্পানী কর্তৃক প্রত্যয়নকৃত হইলে, তৎসম্পর্কে যে কোন ব্যক্তির
2. <other_751_s83> [ব্যাংক-কোম্পানী আইন, ১৯৯১, ধারা ৮৩] ব্যাংক-কোম্পানীর দলিল সাক্ষ্য হিসাবে গ্রহণ — (১) অবসায়নাধীন কোন ব্যাংক-কোম্পানীর হিসাব বই এবং অন্যান্য দলিলে লিপিবদ্ধ সকল বিষয় উক্ত ব্যাংক-কোম্পানীর পক্ষ
3. <other_788_s332> [কোম্পানী আইন, ১৯৯৪, ধারা ৩৩২] কাগজপত্র বিনষ্টকরণ ইত্যাদির দণ্ড — অবলুপ্ত হইতেছে এমন কোন কোম্পানীর কোন পরিচালক, ম্যানেজার, কর্মকর্তা অথবা প্রদায়ক যদি কোন ব্যক্তিকে প্রতারণা বা
4. <land_1220_s17> [স্থাবর সম্পত্তি অধিগ্রহণ ও হুকুমদখল আইন, ২০১, ধারা ১৭] অধিগ্রহণকৃত জমি বেসরকারি প্রত্যাশী ব্যক্তি বা সংস্থার নিকট হস্তান্তর — (১) কোনো বেসরকারি প্রত্যাশী ব্যক্তি বা সংস্থার অনুকূলে স্থাবর সম্পত্তি অধিগ্রহণের ক্ষেত্রে, ধারা ৪ এর অধীন নোট
5. <other_1478_s45> [ফাইন্যান্স কোম্পানি আইন, ২০২৩, ধারা ৪৫] লাইসেন্সবিহীন অর্থায়ন ব্যবসায় জড়িত ব্যক্তির সম্পদের নিয়ন্ত্রণ — (১) ধারা ৪৪ এ যাহা কিছুই থাকুক না কেন, কোনো ব্যক্তি সম্পর্কে ধারা ৪৩ অনুযায়ী কোনো ঘোষণা প্রকাশিত হইলে উক্ত ব্
6. <other_1104_s2> [পাওয়ার অব অ্যাটর্নি আইন, ২০১২, ধারা ২] সংজ্ঞা — বিষয় বা প্রসংগের পরিপন্থী কোন কিছু না থাকিলে, এই আইনে,-(১) “পাওয়ার অব অ্যাটর্নি” অর্থ এমন কোন দলিল যাহার মাধ
7. <women_children_1063_s3> [পারিবারিক সহিংসতা (প্রতিরোধ ও সুরক্ষা) আইন, , ধারা ৩] পারিবারিক সহিংসতা — - এই আইনের উদ্দেশ্য পূরণকল্পে পারিবারিক সহিংসতা বলিতে পারিবারিক সম্পর্ক রহিয়াছে এমন কোন ব্যক্তি কতৃর্ক পরিবার
8. <other_1149_s33> [পল্লী  সঞ্চয় ব্যাংক আইন, ২০১৪, ধারা ৩৩] দণ্ড, ইত্যাদি — (১) যদি কোন ব্যক্তি এই আইনের অধীন প্রার্থিত বা মঞ্জুরীকৃত কোন ঋণ বা সুবিধার জন্য ব্যাংককে প্রদত্ত কোন মালিকানা
9. <other_1138_s30> [গ্রামীণ ব্যাংক আইন, ২০১৩, ধারা ৩০] দণ্ড, ইত্যাদি — (১) যদি কোন ব্যক্তি এই আইনের অধীন প্রার্থিত বা মঞ্জুরীকৃত কোন ঋণ বা সুবিধার জন্য ব্যাংককে প্রদত্ত কোন মালিকানা
10. <land_1455_s5> [ভূমি সংস্কার আইন, ২০২৩, ধারা ৫] স্থাবর সম্পত্তির বেনামি লেনদেন — (১) কোনো ব্যক্তি নিজের উপকারার্থে কোনো স্থাবর সম্পত্তির বেনামি লেনদেন করিতে পারিবেন না।ব্যাখ্যা।-এই ধারায় ‘বে","other_48_s123, land_90_s17_p0",own_search,answered,1,Sifat
prot_0093_01,Iftiaq,VERIFY,বিবাহিত জীবনে আমাদের কোনো সন্তান নেই। তাঁর সঙ্গে আমি আর সংসার করতে চাচ্ছি না। তিনিও আমার সঙ্গে থাকতে চাচ্ছেন না। কিন্তু আমাদের ধর্মমতে বিবাহবিচ্ছেদের কোনো বিধান নেই বলে জানি। এ বিষয়ে আমরা কী ধরনের আইনি পদক্ষেপ নিতে পারি?,"1. <other_1482_s31> [বাংলাদেশ হোমিওপ্যাথিক চিকিৎসা শিক্ষা আইন, ২০, ধারা ৩১] ব্যবস্থাপত্রে অ-অনুমোদিত ঔষধ লিখিবার দণ্ড — (১) কোনো হোমিওপ্যাথিক চিকিৎসক হোমিওপ্যাথিক ফার্মাকোপিয়াতে অন্তর্ভুক্ত নেই এমন কোনো ঔষধ হোমিওপ্যাথিক চিকিৎসা ব
2. <other_1727_s35> [জুয়া প্রতিরোধ আইন, ২০২৬, ধারা ৩৫] ফৌজদারি কার্যবিধির প্রযোজ্যতা — এই আইনের যে সকল ক্ষেত্রে সুনির্দিষ্ট কোনো বিধান নেই সেইক্ষেত্রে অপরাধের তদন্ত, বিচার, তল্লাশি, জব্দ, গ্রেপ্তার
3. <other_1128_s35> [মাল্টি-লেভেল মার্কেটিং কার্যক্রম (নিয়ন্ত্রণ), ধারা ৩৫] এই আইনে সুনির্দিষ্টভাবে দণ্ডের উল্লেখ নেই এইরূপ কোন বিধান লংঘনের দণ্ড — কোন ব্যক্তি যদি এই আইনে সুনির্দিষ্টভাবে দণ্ডের বিধান উল্লেখ নাই এইরূপ কোন বিধান লংঘন করেন, তাহা হইলে উক্ত লংঘন
4. <other_1490_s86> [অর্থ আইন, ২০২৪, ধারা ৮৬] ২০২৩ সনের ১২ নং আইনের সপ্তম তফসিলের সংশোধন — উক্ত আইনের সপ্তম তফসিলের—(ক) অনুচ্ছেদ ১ এর-(অ) উপ-অনুচ্ছেদ (ক) তে উল্লিখিত “কোম্পানি” শব্দটির পর “, তহবিল ও ট্
5. <other_1091_s2> [পর্নোগ্রাফি নিয়ন্ত্রণ আইন, ২০১২, ধারা ২] সংজ্ঞা — বিষয় বা প্রসঙ্গের পরিপন্থী কোন কিছু না থাকিলে এই আইনে—(ক) ‘‘অপরাধ’’ অর্থ এই আইনের অধীন সংঘটিত কোন অপরাধ;(খ) ‘
6. <other_1096_s25> [বাংলাদেশ পরমাণু শক্তি নিয়ন্ত্রণ আইন, ২০১২, ধারা ২৫] আমদানি এবং রপ্তানির জন্য অনুমোদন — কর্তৃপক্ষ, এই আইনের অধীন নিউক্লীয় পদার্থ, নির্দিষ্টকৃত যন্ত্রপাতি ও অনিউক্লীয় পদার্থ, তেজস্ক্রিয় পদার্থ, এত
7. <other_1684_s28> [মানব পাচার ও অভিবাসী চোরাচালান প্রতিরোধ ও দম, ধারা ২৮] অভিযোগ দায়ের — এই আইনের অধীন কোনো অপরাধ সংঘটিত হইলে কোনো ব্যক্তি থানায় অথবা ট্রাইব্যুনালে উক্ত অপরাধ সংঘটনের অভিযোগ দায়ের ক
8. <other_1472_s39> [বাংলাদেশ পেটেন্ট আইন, ২০২৩, ধারা ৩৯] পেটেন্টপ্রাপ্ত ফার্মাসিউটিক্যাল পণ্য রপ্তানির বাধ্যতামূলক লাইসেন্স — নিম্নবর্ণিত ক্ষেত্রে ফার্মাসিউটিক্যাল পণ্য রপ্তানির জন্য বাধ্যতামূলক লাইসেন্স প্রদান করা যাইবে, যথা:-(ক) যে সক
9. <labour_1285_s33> [বাংলাদেশ ইপিজেড শ্রম আইন, ২০১৯, ধারা ৩৩] মহিলা শ্রমিকের মৃত্যুর ক্ষেত্রে প্রসূতি কল্যাণ সুবিধা প্রদান — (১) এই অধ্যায়ের অধীন প্রসূতি কল্যাণ সুবিধা পাইবার অধিকারী কোনো মহিলা শ্রমিক সন্তান প্রসবকালে অথবা উহার পরবর্ত
10. <other_812_s62> [দেউলিয়া বিষয়ক আইন, ১৯৯৭, ধারা ৬২] রহিতকরণের জন্য আবেদনকারী ব্যক্তি — কোন হস্তান্তর, অর্থ পরিশোধ, দায়বদ্ধতা বা বিচার কার্যধারার ফলাফল ধারা ৬০ বা ৬১ এর অধীনে রহিতকরণের জন্য কেবল রি",other_214_s2,own_search,answered,1,Sifat
prot_0036_02,Iftiaq,VERIFY,"আমার বিয়ে হয় ২০১২ সালে। এরপর আমার পরিবারে নানা ধরনের সমস্যা দেখা দেয়। আমার কোনো সন্তান নেই। বিয়েতে দেনমোহর যা ছিল বিয়ের সময় কিছু পরিশোধ করা হয়, যা কাবিনে উল্লেখ আছে। আমি আমার স্ত্রীকে তালাক দিলে আর কত টাকা ফেরত দিতে হবে। আইনের মাধ্যমে তালাক দিলে আমার কোনো সমস্যা হবে কি না। আমার স্ত্রী আমার বিরুদ্ধে আইনি ব্যবস্থা নিতে পারবে কি না? সে আমাকে মুখেমুখে অনেক বার তালাক দিয়েছে","1. <other_924_s2> [ব্যক্তি মালিকানাধীন সড়ক পরিবহন শ্রমিক কল্যাণ, ধারা ২] সংজ্ঞা — বিষয় বা প্রসঙ্গের পরিপন্থী কিছু না থাকিলে, এই আইনে-(ক) “কল্যাণ তহবিল” অর্থ ধারা ৪ এর অধীন গঠিত কল্যাণ তহবিল;(
2. <other_943_s2> [বাংলাদেশ শ্রমিক কল্যাণ ফাউন্ডেশন আইন, ২০০৬, ধারা ২] সংজ্ঞা — বিষয় বা প্রসঙ্গের পরিপন্থী কিছু না থাকিলে, এই আইনে-(ক) “অপ্রাতিষ্ঠানিক খাত” অর্থ এইরূপ বেসরকারী খাত যেখানে কর
3. <local_government_1024_s130> [স্থানীয় সরকার (পৌরসভা) আইন, ২০০৯, ধারা ১৩০] অসুবিধা দূরীকরণ — এই আইনের বিধানাবলী কার্যকর করিবার ক্ষেত্রে, কোনো অসুবিধা দেখা দিলে উক্ত অসুবিধা দূরীকরণার্থ, আদেশ দ্বারা প্রয়
4. <other_1132_s5> [পিতা-মাতার ভরণ-পোষণ আইন, ২০১৩, ধারা ৫] পিতা-মাতার ভরণ-পোষণ না করিবার দণ্ড — (১) কোন সন্তান কর্তৃক ধারা ৩ এর যে কোন উপ-ধারার বিধান কিংবা ধারা ৪ এর বিধান লংঘন অপরাধ বলিয়া গণ্য হইবে এবং উক
5. <other_912_s2> [বাংলাদেশ কর্মচারী কল্যাণ বোর্ড আইন, ২০০৪, ধারা ২] সংজ্ঞা — বিষয় বা প্রসংগের পরিপন্থী কোন কিছু না থাকিলে, এই আইনে,-(ক) “আঞ্চলিক কমিটি” অর্থ ধারা ৮ এর অধীন গঠিত বোর্ডের আ
6. <other_857_s97> [বাংলাদেশ টেলিযোগাযোগ নিয়ন্ত্রণ আইন, ২০০১, ধারা ৯৭] জরুরী পরিস্থিততে সরকারের অগ্রাধিকার — (১) যুদ্ধ চলাকালে বা কোন বিদেশী শক্তি বাংলাদেশের বিরুদ্ধে যুদ্ধাবস্থা সৃষ্টি করিলে বা আভ্যন্তরীণ বিদ্রোহ বা নৈ
7. <criminal_procedure_1013_s106> [বরিশাল মহানগরী পুলিশ আইন, ২০০৯, ধারা ১০৬] কতিপয় ক্ষেত্রে পুলিশ কর্মকর্তার দণ্ড প্রদানের ক্ষমতা — (১) পুলিশ কমিশনার কর্তৃক সাধারণ বিজ্ঞপ্তি মারফত নির্ধারিত পদের পুলিশ কর্মকর্তা যদি দেখেন যে, ধারা ৬৭, ৬৮, ৬৯, 
8. <criminal_procedure_1012_s106> [সিলেট মহানগরী পুলিশ আইন, ২০০৯, ধারা ১০৬] কতিপয় ক্ষেত্রে পুলিশ কর্মকর্তার দন্ড দেওয়ার ক্ষমতা — (১) পুলিশ কমিশনার কর্তৃক সাধারণ বিজ্ঞপ্তি মারফত নির্ধারিত পদের পুলিশ কর্মকর্তা যদি দেখেন যে, ধারা ৬৭, ৬৮, ৬৯, 
9. <labour_1285_s33> [বাংলাদেশ ইপিজেড শ্রম আইন, ২০১৯, ধারা ৩৩] মহিলা শ্রমিকের মৃত্যুর ক্ষেত্রে প্রসূতি কল্যাণ সুবিধা প্রদান — (১) এই অধ্যায়ের অধীন প্রসূতি কল্যাণ সুবিধা পাইবার অধিকারী কোনো মহিলা শ্রমিক সন্তান প্রসবকালে অথবা উহার পরবর্ত
10. <labour_952_s32> [বাংলাদেশ শ্রম আইন, ২০০৬, ধারা ৩২] বাসস্থান হইতে উচ্ছেদ — (১) কোন শ্রমিকের চাকুরীর অবসান হইলে, তাহা যে কোন প্রকারেই হউক না কেন, তিনি তাহার চাকুরীর অবসানের ষাট দিনের মধ্","family_305_s7, family_305_s10, family_305_s8",own_search,answered,2,Sifat
prot_0083_01,Iftiaq,VERIFY,"পরিবারের প্রধান মা-বাবা চার ছেলে ও তিন মেয়ে রেখে মারা যান। পরবর্তী সময়ে বড় ছেলেও মারা যায়। মায়ের নামে ছয় কাঠা জমির ওপর একটি মার্কেট আছে। মা মারা যাওয়ার আগে ওই মার্কেট দুই ছেলের নামে লিখে দেন এওয়াজ বদল দলিলে। মায়ের নামে ছেলেরা যে এওয়াজ বদলে জমি দেয়, সেই জমি মা ছেলেমেয়েদের গৃহশিক্ষকের নামে আমমোক্তার করে দেন তাঁর অজান্তে। এই দলিল সম্পর্কে ওই শিক্ষক কিছুই জানতেন না এবং তিনি জমিটি দান, বিক্রি বা ভোগদখল কিছুই করেননি। ওই জমি ছেলেমেয়েদের দখলে আছে। মা মারা যাওয়ার পর আমমোক্তারনামা দলিল আইনত বাতিল হয়ে গেছে।ছোট মেয়ে তাদের পারিবারিক কলহের কারণে যে দুই ভাই মায়ের সঙ্গে এওয়াজ বদল দলিল করেছেন, সেই দুই ভাই এবং ওই গৃহশিক্ষকের বিরুদ্ধে মামলা করেছে। এ মামলায় শিক্ষকের কী করণীয়?নাম প্রকাশে অনিচ্ছুক","1. <other_1725_s21_p29> [অর্থ আইন, ২০২৬, ধারা ২১] ২০১২ সনের ৪৭ নং আইনের দ্বিতীয় তফসিলের সংশোধন — ডলার পর্যন্ত ৪৫ (ঘ) মূল্যসীমা ১০০০০০ মা. ডলার এর ঊর্ধ্ব হইতে ২০০০০০ মা. ডলার পর্যন্ত ৬০ (ঙ) মূল্যসীমা ২০০০০০ ম
2. <other_721_s7> [বাংলাদেশ ঋণ সালিসি আইন, ১৯৮৯, ধারা ৭] কতিপয় বিক্রয় বাতিল — (১) এই আইন বলবত্ হইবার পর অনধিক দুই একর কৃষি জমির মালিক কোন কৃষক প্রাকৃতিক দুর্যোগে তগতিগ্রস্ত হওয়ার বা জীবন 
3. <other_1412_s6_p0> [বেসরকারি মেডিকেল কলেজ ও ডেন্টাল কলেজ আইন, ২০, ধারা ৬] বেসরকারি মেডিকেল কলেজ বা ডেন্টাল কলেজ স্থাপনের শর্তাবলি — এই আইনের অধীন বেসরকারি মেডিকেল কলেজ বা ডেন্টাল কলেজ স্থাপনের লক্ষ্যে নিম্নবর্ণিত শর্তাবলি পূরণ করিতে হইবে, যথা
4. <other_1124_s7> [মাতৃদুগ্ধ বিকল্প, শিশু খাদ্য, বাণিজ্যিকভাবে , ধারা ৭] শিক্ষামূলক বা অন্যান্য তথ্যাদি — জন্ম-পূর্ববর্তী বা জন্ম-পরবর্তী সেবা দানের উদ্দেশ্যে কোন গর্ভবতী মহিলা বা মাতৃদুগ্ধদানকারী বা শিশুর মায়েদের স
5. <other_822_s10> [পার্বত্য চট্টগ্রাম আঞ্চলিক পরিষদ আইন, ১৯৯৮, ধারা ১০] সম্পত্তি সম্পর্কিত ঘোষণা — চেয়ারম্যান ও প্রত্যেক সদস্য তাহার কার্যভার গ্রহণের পূর্বে তাহার এবং তাঁহার পরিবারের কোন সদস্যের স্বত্ব, দখল ব
6. <other_724_s64> [রাংগামাটি পার্বত্য জেলা পরিষদ আইন, ১৯৮৯, ধারা ৬৪] (১) আপাততঃ বলবত্ অন্য কোন আইনে যাহা কিছুই থাকুক না কেন-(ক) রাংগামাটি পার্বত্য জেলার এলাকাধীন বন্দোবস্তযোগ্য খা
7. <other_725_s64> [খাগড়াছড়ি পার্বত্য জেলা পরিষদ আইন, ১৯৮৯, ধারা ৬৪] (১) আপাততঃ বলবত্ অন্য কোন আইনে যাহা কিছুই থাকুক না কেন-(ক) খাগড়াছড়ি পার্বত্য জেলার এলাকাধীন বন্দোবস্তযোগ্য খ
8. <other_726_s64> [বান্দরবান পার্বত্য জেলা পরিষদ আইন, ১৯৮৯, ধারা ৬৪] (১) আপাততঃ বলবত্ অন্য কোন আইনে যাহা কিছুই থাকুক না কেন-(ক) বান্দরবন পার্বত্য জেলার এলাকাধীন বন্দোবস্তযোগ্য খাস
9. <land_1455_s10> [ভূমি সংস্কার আইন, ২০২৩, ধারা ১০] বর্গাদারের মৃত্যুর পর বর্গাভূমির চাষ — (১) কোনো বর্গাদার বর্গাচুক্তির মেয়াদ শেষ হইবার পূর্বে মারা গেলে, উহার মেয়াদ শেষ না হওয়া পর্যন্ত অথবা এই আইন
10. <local_government_1027_s41> [স্থানীয় সরকার (ইউনিয়ন পরিষদ) আইন, ২০০৯, ধারা ৪১] সম্পত্তি সম্পর্কিত ঘোষণা — চেয়ারম্যান ও সদস্য তাঁহার কার্যভার গ্রহণের পূর্বে তাঁহার এবং তাঁহার পরিবারের কোন সদস্যের স্বত্ব, দখল বা স্বার","other_26_s201, other_1104_s11",own_search,answered,2,Sifat
ajke_0144_01,Iftiaq,VERIFY,আমার স্বামী ডিভোর্স লেটার দিয়েছে ১ মাস আগে। সেখানে ‘তিন তালাক এ বাইন’ লেখা ছিল। এতে আইন অনুযায়ী কি আমাদের তালাক হয়ে গেছে?,"1. <other_943_s2> [বাংলাদেশ শ্রমিক কল্যাণ ফাউন্ডেশন আইন, ২০০৬, ধারা ২] সংজ্ঞা — বিষয় বা প্রসঙ্গের পরিপন্থী কিছু না থাকিলে, এই আইনে-(ক) “অপ্রাতিষ্ঠানিক খাত” অর্থ এইরূপ বেসরকারী খাত যেখানে কর
2. <other_924_s2> [ব্যক্তি মালিকানাধীন সড়ক পরিবহন শ্রমিক কল্যাণ, ধারা ২] সংজ্ঞা — বিষয় বা প্রসঙ্গের পরিপন্থী কিছু না থাকিলে, এই আইনে-(ক) “কল্যাণ তহবিল” অর্থ ধারা ৪ এর অধীন গঠিত কল্যাণ তহবিল;(
3. <other_912_s2> [বাংলাদেশ কর্মচারী কল্যাণ বোর্ড আইন, ২০০৪, ধারা ২] সংজ্ঞা — বিষয় বা প্রসংগের পরিপন্থী কোন কিছু না থাকিলে, এই আইনে,-(ক) “আঞ্চলিক কমিটি” অর্থ ধারা ৮ এর অধীন গঠিত বোর্ডের আ
4. <other_1132_s5> [পিতা-মাতার ভরণ-পোষণ আইন, ২০১৩, ধারা ৫] পিতা-মাতার ভরণ-পোষণ না করিবার দণ্ড — (১) কোন সন্তান কর্তৃক ধারা ৩ এর যে কোন উপ-ধারার বিধান কিংবা ধারা ৪ এর বিধান লংঘন অপরাধ বলিয়া গণ্য হইবে এবং উক
5. <labour_952_s4> [বাংলাদেশ শ্রম আইন, ২০০৬, ধারা ৪] শ্রমিকগণের শ্রেণী বিভাগ এবং শিক্ষানবিশীকাল — (১) কাজের ধরন ও প্রকৃতির ভিত্তিতে কোন প্রতিষ্ঠানে নিয়োজিত শ্রমিকগণকে নিম্নলিখিত শ্রেণীতে বিভক্ত করা যাইবে, যথ
6. <other_713_s6> [অস্থাবর সম্পত্তি হুকুমদখল আইন, ১৯৮৮, ধারা ৬] দণ্ড — কোন ব্যক্তি এই আইন বা বিধির অধীন প্রদত্ত কোন আদেশ লংঘন করিলে, বা লংঘনের চেষ্টা করিলে, বা উক্ত আদেশ কার্যকর করা
7. <other_1096_s53_p1> [বাংলাদেশ পরমাণু শক্তি নিয়ন্ত্রণ আইন, ২০১২, ধারা ৫৩] অপরাধ ও দণ্ড — পুনরাবৃত্তি ঘটাইলে তিনি অন্যূন ০১ (এক) বৎসর হইতে অনধিক ০৫ (পাঁচ) বৎসরের সশ্রম কারাদণ্ড বা অন্যূন ১০ (দশ) লক্ষ 
8. <other_1009_s33> [সন্ত্রাস বিরোধী আইন, ২০০৯, ধারা ৩৩] বিশেষ ট্রাইব্যুনাল কর্তৃক মামলা নিষ্পত্তির নির্ধারিত সময়সীমা — (১) বিশেষ ট্রাইব্যুনালের বিচারক মামলার64[অভিযোগ গঠন (Charge frame) এর] তারিখ হইতে ছয় মাসের মধ্যে মামলার বিচার
9. <other_1246_s203> [ক্যান্টনমেন্ট আইন, ২০১৮, ধারা ২০৩] অভিযুক্তকরণের সীমাবদ্ধতা — (১) এই আইন বা উহার অধীন কোনো অপরাধ সংঘটিত হইবার ৬ (ছয়) মাস অতিক্রান্ত হইবার পর তৎসম্পর্কে কোনো অভিযোগ বা মামল
10. <labour_952_s306> [বাংলাদেশ শ্রম আইন, ২০০৬, ধারা ৩০৬] বাধা প্রদানের দণ্ড — (১) কোন ব্যক্তি এই আইন বা বিধি, প্রবিধান বা স্কীমের অধীন দায়িত্ব পালনরত কোন কর্মকর্তাকে উহার অধীন তাহার দায়ি",family_305_s7,own_search,answered,3,Sifat
prot_0000_05,Iftiaq,VERIFY,"আমার মা ১০ বছর আগে একটা মামলার শিকার হন সিরাজগঞ্জে। আমাদের বাসা রংপুরে হওয়ায় এবং তিনি নারী বলে এত দূর নির্দিষ্ট তারিখগুলোতে যেতে পারেননি। একপর্যায়ে মামলার পরোয়ানা জারি হয়। যিনি উকিলের সহকারী ছিলেন, তিনি মোটা অঙ্কের টাকা দাবি করে মামলার কাজ করতে চান। সামর্থ্য না থাকায় আমরা তা দিতে পারিনি। ফলে আমার মা ১০ বছর ধরে পলাতক আছেন। আর সেই উকিল বা তাঁর সহকারী কোনো রকম সহযোগিতা করতে বা কাগজপত্র দিতে রাজি নয়। আমরা কী করতে পারি? আল-অয়ন রাসেল","1. <other_812_s37> [দেউলিয়া বিষয়ক আইন, ১৯৯৭, ধারা ৩৭] ঘোষণাদেশের পর গ্রেফতারের ক্ষমতা — দেউলিয়া ঘোষণাদেশ প্রদানের পর পাওনাদার কমিটি বা রিসিভার বা কোন পাওনাদারের আবেদনক্রমে, আদালতের যদি এইরূপ বিশ্বা
2. <other_857_s77_p2> [বাংলাদেশ টেলিযোগাযোগ নিয়ন্ত্রণ আইন, ২০০১, ধারা ৭৭] পারিবে।(৬) ম্যাজিস্ট্রেট আদালতের তলব অনুসারে উপস্থিত কোন মামলার সাক্ষীকে তাহার সাক্ষ্য গ্রহণ ব্যতিরেকে ফেরত দে
3. <labour_952_s216_p1> [বাংলাদেশ শ্রম আইন, ২০০৬, ধারা ২১৬] অপরাধ বিচার ছাড়া অন্য কোন বিষয়ে শ্রম আদালতের ক্ষমতা ওকার্যক্রম — বা আপত্তি পেশ করিতে ব্যর্থ হয়, তাহা হইলে মামলাটি একতরফা শুনানীক্রমে নিষ্পত্তি করা হইবে।(৬) কোন পক্ষের আবেদনক্
4. <other_1061_s14_p1> [পরিবেশ আদালত আইন, ২০১০, ধারা ১৪] পরিবেশ আদালতের কার্যপদ্ধতি ও ক্ষমতা — পরিবেশ আদালত কর্তৃক বিচার্য হইবে।(৬) ক্ষতিপূরণ সংক্রান্ত মামলা বিচার ও নিষ্পত্তির ক্ষেত্রে এই আইনের বিধান সাপে
5. <other_1725_s21_p28> [অর্থ আইন, ২০২৬, ধারা ২১] ২০১২ সনের ৪৭ নং আইনের দ্বিতীয় তফসিলের সংশোধন — তৈরি হাইব্রিড মোটর গাড়ী ও অন্যান্য মোটরযান, স্টেশন ওয়াগনসহ (এ্যাম্বুলেন্স ব্যতীত): (ক) সিলিন্ডার ক্যাপাসিটি 
6. <other_1715_s37> [বন্যপ্রাণী (সংরক্ষণ ও নিরাপত্তা) আইন, ২০২৬, ধারা ৩৭] পরোয়ানা ব্যতীত গ্রেফতারের ক্ষমতা — (১) অন্য কোনো আইনে যাহা কিছুই থাকুক না কেন, আমলযোগ্য অপরাধের সহিত কোনো ব্যক্তি জড়িত আছেন বলিয়া সন্দেহের যুক্
7. <family_938_s17> [গ্রাম আদালত আইন, ২০০৬, ধারা ১৭] পুলিশ কর্তৃক তদন্ত — এই আইনে যাহা কিছুই থাকুক না কেন, কোন মামলার বিষয়বস্তু তফসিলের প্রথম অংশে বর্ণিত অপরাধ সম্পর্কিত হওয়ার কারণে 
8. <other_841_s76> [জেলা পরিষদ আইন, ২০০০, ধারা ৭৬] পরিষদের পক্ষে ও বিরুদ্ধে মামলা — (১) পরিষদের বিরুদ্ধে বা পরিষদ সংক্রান্ত কোন কাজের জন্য উহার কোন সদস্য বা কর্মকর্তা বা কর্মচারীর বিরুদ্ধে কোন ম
9. <other_726_s71> [বান্দরবান পার্বত্য জেলা পরিষদ আইন, ১৯৮৯, ধারা ৭১] পরিষদের পক্ষে ও বিপক্ষে মামলা — (১) পরিষদের বিরুদ্ধে বা পরিষদ সংক্রান্ত কোন কাজের জন্য উহার কোন সদস্য বা কর্মকর্তা বা কর্মচারীর বিরুদ্ধে কোন ম
10. <other_725_s71> [খাগড়াছড়ি পার্বত্য জেলা পরিষদ আইন, ১৯৮৯, ধারা ৭১] পরিষদের পক্ষে ও বিপক্ষে মামলা — (১) পরিষদের বিরুদ্ধে বা পরিষদ সংক্রান্ত কোন কাজের জন্য উহার কোন সদস্য বা কর্মকর্তা বা কর্মচারীর বিরুদ্ধে কোন ম","criminal_procedure_75_s497, criminal_procedure_75_s548, other_387_s32",own_search,answered,1,Sifat
prot_0114_03,Iftiaq,VERIFY,"যত দিন পর্যন্ত আপনার ছেলে নিজে সাবালক না হবে এবং উপার্জন করতে না পারবে কিংবা সক্ষম না হবে কোনো কাজ করার, তত দিন পর্যন্ত তার ভরণপোষণের খরচ তার বাবাকে দিতে হবে। সে ক্ষেত্রে তিনি যদি ভরণপোষণের খরচ দিতে না চান, তাহলে তাঁর বিরুদ্ধে মামলা করতে পারেন পারিবারিক আদালতে। আইন অনুযায়ী সাত বছর পর্যন্ত ছেলেসন্তান মায়ের কাছে থাকবে। তবে আদালতে প্রতিকার চাইলে আদালত সন্তানের কল্যাণের কথা বিবেচনা করে সাত বছর বয়সের পরও মায়ের কাছে থাকার আদেশ দিতে পারেন।অবৈধভাবে কিডনি বিক্রির শাস্তি কী?","1. <other_812_s80> [দেউলিয়া বিষয়ক আইন, ১৯৯৭, ধারা ৮০] বণ্টনযোগ্য সম্পদের জন্য মামলা দায়ের নিষিদ্ধ — (১) বণ্টনযোগ্য সম্পদের দাবীতে অন্য কোন আদালতে কোন স্বতন্ত্র মামলা দায়ের করা চলিবে না, তবে এই আইনের অধীন এখ্তি
2. <women_children_835_s13> [নারী ও শিশু নির্যাতন দমন আইন, ২০০০, ধারা ১৩] (১) অন্য কোন আইনে ভিন্নতর যাহা কিছুই থাকুক না কেন, ধর্ষণের কারণে কোন সন্তান জন্মলাভ করিলে-(ক) উক্ত সন্তানকে তা
3. <other_788_s278> [কোম্পানী আইন, ১৯৯৪, ধারা ২৭৮] কোম্পানীর সম্পত্তির দখলদার হিসাবে সন্দেহভাজন ও অন্যান্য ব্যক্তির উপর সমনজারীর ক্ষমতা — (১) কোম্পানীর অবলুপ্তির আদেশদানের পর, যদি উহার কোন কর্মকর্তা কিংবা অন্য কোন ব্যক্তি, যাহার নিকট কোম্পানীর কোন 
4. <other_788_s395> [কোম্পানী আইন, ১৯৯৪, ধারা ৩৯৫] সীমিতদায় কোম্পানীকে মামলার খরচের জন্য জামানত দেওয়ার নির্দেশদানের ক্তমতা — যেক্ষেত্রে কোন মামলা বা অন্য কোন আইনগত কার্যধারায় কোন সীমিতদায় কোম্পানী বাদী বা আবেদনকারী হয়, সেক্ষেত্রে যদ
5. <labour_952_s216_p1> [বাংলাদেশ শ্রম আইন, ২০০৬, ধারা ২১৬] অপরাধ বিচার ছাড়া অন্য কোন বিষয়ে শ্রম আদালতের ক্ষমতা ওকার্যক্রম — বা আপত্তি পেশ করিতে ব্যর্থ হয়, তাহা হইলে মামলাটি একতরফা শুনানীক্রমে নিষ্পত্তি করা হইবে।(৬) কোন পক্ষের আবেদনক্
6. <other_841_s76> [জেলা পরিষদ আইন, ২০০০, ধারা ৭৬] পরিষদের পক্ষে ও বিরুদ্ধে মামলা — (১) পরিষদের বিরুদ্ধে বা পরিষদ সংক্রান্ত কোন কাজের জন্য উহার কোন সদস্য বা কর্মকর্তা বা কর্মচারীর বিরুদ্ধে কোন ম
7. <other_812_s83> [দেউলিয়া বিষয়ক আইন, ১৯৯৭, ধারা ৮৩] রিসিভারের আদেশ ইত্যাদির বিরুদ্ধে আবেদন — যদি দেনাদার বা কোন পাওনাদার বা অন্য কোন ব্যক্তি রিসিভারের কোন আদেশ, সিদ্ধান্ত বা কাজের ফলে সংক্ষুদ্ধ হন, তাহা 
8. <other_726_s71> [বান্দরবান পার্বত্য জেলা পরিষদ আইন, ১৯৮৯, ধারা ৭১] পরিষদের পক্ষে ও বিপক্ষে মামলা — (১) পরিষদের বিরুদ্ধে বা পরিষদ সংক্রান্ত কোন কাজের জন্য উহার কোন সদস্য বা কর্মকর্তা বা কর্মচারীর বিরুদ্ধে কোন ম
9. <local_government_827_s66> [উপজেলা পরিষদ আইন, ১৯৯৮, ধারা ৬৬] পরিষদের পক্ষে ও বিপক্ষে মামলা — (১) পরিষদের বিরুদ্ধে বা পরিষদ সংক্রান্ত কোন কাজের সূত্রে উহার কোন সদস্য বা কর্মকর্তা বা কর্মচারীর বিরুদ্ধে মাম
10. <other_1133_s11> [নির্যাতন এবং হেফাজতে মৃত্যু (নিবারণ) আইন, ২০, ধারা ১১] নিরাপত্তা বিধান — (১) অভিযোগকারী কোনো ব্যক্তি এই আইনে অভিযুক্ত কোনো ব্যক্তির বিরুদ্ধে নিরাপত্তা বিধানকল্পে দায়রা জজ আদালতে পিটি","other_1682_s19, other_1682_s18",own_search,answered,2,Sifat
prot_0107_03,Iftiaq,VERIFY,"আমি সমাজের সবচেয়ে হতাশাগ্রস্ত একজন যুবকে পরিণত হয়েছি। ছোটবেলা থেকে আমার স্বপ্ন ছিল, সরকারি চাকরি করব। আজ কৃষি ডিপ্লোমার সামান্য একটি সনদ হাতে। আমি তো কোনো দোষ করিনি। তবে কেন মামলার আসামি হলাম?","1. <other_1181_s23> [বাংলাদেশ কোস্ট গার্ড আইন, ২০১৬, ধারা ২৩] চাকরি অবসানের সনদ — কোন জুনিয়র কর্মকর্তা অথবা তালিকাভুক্ত অন্যান্য কোস্ট গার্ড সদস্যকে চাকরি হইতে বরখাস্ত, অপসারণ, অব্যাহতি বা অব
2. <other_1153_s14> [উপানুষ্ঠানিক শিক্ষা আইন, ২০১৪, ধারা ১৪] সরকারি বেসরকারি অংশীদারিত্ব — উপানুষ্ঠানিক শিক্ষা কার্যক্রমে সরকারি, বেসরকারি সংস্থা, প্রতিষ্ঠান এবং সমাজের শিক্ষানুরাগী ব্যক্তিগণকে সম্পৃক্
3. <other_1271_s43> [সরকারি চাকরি আইন, ২০১৮, ধারা ৪৩] সরকারি কর্মচারীর অবসর গ্রহণ — (১) এই আইনের অন্যান্য বিধান সাপেক্ষে,-(ক) একজন সরকারি কর্মচারী তাহার বয়স ৫৯ (ঊনষাট) বৎসর পূর্তিতে, এবং(খ) একজ
4. <criminal_procedure_1239_s8> [রংপুর মহানগরী পুলিশ আইন, ২০১৮, ধারা ৮] অধস্তন — (১) বাহিনীতে সরকার কর্তৃক নির্ধারিত সংখ্যক পুলিশ পরিদর্শক এবং অন্যান্য অধস্তন পুলিশ অফিসার থাকিবে।(২) মহা-পুলি
5. <criminal_procedure_1238_s8> [গাজীপুর মহানগরী পুলিশ আইন, ২০১৮, ধারা ৮] অধস্তন পুলিশ অফিসার নিয়োগ — (১) বাহিনীতে সরকার কর্তৃক নির্ধারিত সংখ্যক পুলিশ পরিদর্শক এবং অন্যান্য অধস্তন পুলিশ অফিসার থাকিবে।(২) মহা-পুলি
6. <other_1271_s21> [সরকারি চাকরি আইন, ২০১৮, ধারা ২১] চাকরি বহি, চাকরি-বৃত্তান্ত, ইত্যাদি — সরকার বা উপযুক্ত কর্তৃপক্ষ, উহার প্রশাসনিক নিয়ন্ত্রণাধীন সরকারি কর্মচারীর চাকরি জীবনের গুরুত্বপূর্ণ তথ্যাদি অ
7. <consumer_1452_s36> [কপিরাইট আইন, ২০২৩, ধারা ৩৬] লোকজ্ঞান ও লোকসংস্কৃতির অধিকার সুরক্ষায় করণীয় — (১) লোকজ্ঞান ও লোকসংস্কৃতির বাণিজ্যিক বা অবাণিজ্যিক ব্যবহারের পূর্বে উৎস সমাজের বা, প্রযোজ্য ক্ষেত্রে, উহার পর
8. <other_1271_s44> [সরকারি চাকরি আইন, ২০১৮, ধারা ৪৪] ঐচ্ছিক অবসর গ্রহণ — (১) চাকরির মেয়াদ ২৫ (পঁচিশ) বৎসর পূর্ণ হইবার পর যে কোনো সময় একজন সরকারি কর্মচারী অবসর গ্রহণের অভিপ্রেত তারিখ
9. <other_1219_s7> [বাংলাদেশ ধান গবেষণা ইনস্টিটিউট আইন, ২০১৭, ধারা ৭] বোর্ড গঠন — (১) নিম্নবর্ণিত সদস্য সমন্বয়ে ইনস্টিটিউটের বোর্ড গঠিত হইবে, যথা:-(ক) মহাপরিচালক, যিনি বোর্ডের চেয়ারম্যানও হই
10. <other_1341_s5> [হবিগঞ্জ কৃষি বিশ্ববিদ্যালয় আইন, ২০২০, ধারা ৫] বিশ্ববিদ্যালয়ের ক্ষমতা — এই আইনের বিধান সাপেক্ষে, বিশ্ববিদ্যালয়ের নিম্নবর্ণিত ক্ষমতা থাকিবে, যথা :¾(ক) কৃষি বিজ্ঞানের বিভিন্ন বিষয়ে স",unanswerable,none,unanswerable,2,Sifat
prot_0035_01,Iftiaq,VERIFY,আমি একজন গৃহিণী এবং তিন সন্তানের মা। আমার স্বামী আমাকে না জানিয়ে ঢাকায় বিয়ে করেছেন। এখন আমাদের ভরণপোষণ দেওয়া বন্ধ করে দিয়েছেন। আমি গ্রামের চেয়ারম্যানকে বিষয়টি জানালে তিনি আমাদের স্বামী-স্ত্রীর সই একটি সাদা স্ট্যাম্পে রেখে তিন মাস পর সিদ্ধান্ত নেবেন বলে জানিয়েছেন। এখন আমার কী করা উচিত?,"1. <other_1429_s31> [আয়কর আইন, ২০২৩, ধারা ৩১] আয় একীভূতকরণ — (১) এই আইনে ভিন্নরূপ কিছু না থাকিলে, নিম্নবর্ণিত আয়সমূহ কোনো ব্যক্তির মোট আয়ের অন্তর্ভুক্ত হইবে, যথা:-(ক) উক
2. <other_1132_s5> [পিতা-মাতার ভরণ-পোষণ আইন, ২০১৩, ধারা ৫] পিতা-মাতার ভরণ-পোষণ না করিবার দণ্ড — (১) কোন সন্তান কর্তৃক ধারা ৩ এর যে কোন উপ-ধারার বিধান কিংবা ধারা ৪ এর বিধান লংঘন অপরাধ বলিয়া গণ্য হইবে এবং উক
3. <other_857_s11> [বাংলাদেশ টেলিযোগাযোগ নিয়ন্ত্রণ আইন, ২০০১, ধারা ১১] পরিবারের সদস্যের কতিপয় স্বার্থ সম্পর্কে কমিশনারের দায়িত্ব — (১) কোন কমিশনারের পরিবারের কোন সদস্য যদি ধারা ১০(২)(ছ)- েত উলিস্্নখিত স্বার্থ অর্জন বা ধারণ করেন, তাহা হইলে তি
4. <labour_952_s98> [বাংলাদেশ শ্রম আইন, ২০০৬, ধারা ৯৮] সংবাদপত্র শ্রমিকের জন্য চিকিৎসা পরিচর্যা — প্রত্যেক সংবাদপত্র শ্রমিক এবং তাহার উপর নির্ভরশীলগণ সংবাদপত্র প্রতিষ্ঠানের খরচে বিধি দ্বারা নির্ধারিত পন্থায় 
5. <other_1485_s9> [বাংলাদেশ পুলিশ কল্যাণ তহবিল আইন, ২০২৩, ধারা ৯] মৃত্যু এবং অক্ষমতাজনিত কারণে এককালীন এবং মাসিক কল্যাণ অনুদান — (১) কোনো কর্মচারী বা তাহার মৃত্যু হইলে তাহার স্ত্রী বা, ক্ষেত্রমত, স্বামী, বিধি দ্বারা নির্ধারিত পদ্ধতিতে, নিম
6. <women_children_835_s13> [নারী ও শিশু নির্যাতন দমন আইন, ২০০০, ধারা ১৩] (১) অন্য কোন আইনে ভিন্নতর যাহা কিছুই থাকুক না কেন, ধর্ষণের কারণে কোন সন্তান জন্মলাভ করিলে-(ক) উক্ত সন্তানকে তা
7. <labour_952_s7> [বাংলাদেশ শ্রম আইন, ২০০৬, ধারা ৭] সার্ভিস বইয়ের ফরম — (১) সার্ভিস বই বিধি দ্বারা নির্ধারিত মাপে ও ফরমে রৰিত হইবে, এবং উহাতে শ্রমিকের একটি ফটো সংযোজিত থাকিবে।(২) সার
8. <labour_952_s13> [বাংলাদেশ শ্রম আইন, ২০০৬, ধারা ১৩] প্রতিষ্ঠান বন্ধ রাখা — (১) কোন প্রতিষ্ঠানের কোন শাখা বা বিভাগে বে-আইনী ধর্মঘটের কারণে মালিক উক্ত শাখা বা প্রতিষ্ঠান আংশিক বা সম্পূর্ণ
9. <other_914_s15> [দুর্নীতি দমন কমিশন আইন, ২০০৪, ধারা ১৫] কমিশনের সিদ্ধান্ত — (১) কমিশনের সকল সিদ্ধান্ত উহার সভায় গৃহীত হইতে হইবে।(২) কমিশন-(ক) উহার দায়িত্ব পালনের জন্য কমিশনের সভায় নিয
10. <labour_1285_s12> [বাংলাদেশ ইপিজেড শ্রম আইন, ২০১৯, ধারা ১২] প্রতিষ্ঠান বন্ধ রাখা — (১) কোনো প্রতিষ্ঠানের কোনো শাখা বা বিভাগে বে-আইনী ধর্মঘটের কারণে, কর্তৃপক্ষের পূর্বানুমোদনক্রমে, মালিক উক্ত শা","family_305_s6, family_305_s9",own_search,answered,2,Sifat
prot_0068_01,Iftiaq,VERIFY,"আমার বাবা ও চাচা দুই ভাই। আমার দাদি জীবিত থাকা অবস্থায় বাবা ও চাচা মারা যান। এর আরও ২০ বছর পর আমার দাদি মারা যান। মারা যাওয়ার সময় আমার দাদির অনেক পৈতৃক সম্পত্তি তাঁর নামে ছিল। তাঁর কোনো ভাইবোন জীবিত নেই। মারা যাওয়ার আগ পর্যন্ত দাদি আমার চাচি ও চাচাতো ভাইদের সঙ্গে থাকতেন। দাদি মারা যাওয়ার দুই বছর পর চাচি বলেন, দাদি তাঁর সব সম্পত্তি তাঁকে টিপসই দিয়ে নিবন্ধন করে দানপত্র করে গেছেন এবং সেই হিসেবে ওই সম্পত্তি বর্তমানে সিডিএ অধিগ্রহণ করায় ওই সম্পত্তির মূল্য বাবদ তাঁরা টাকাও বুঝে নিয়েছেন। আমার প্রশ্ন হলো, আমার দাদি কি কোনো নাতি-নাতনি ছাড়া শুধু তাঁর এক পুত্রবধূকে (চাচি) সব সম্পত্তি দানপত্র করতে পারেন? এটা কি আইনত বৈধ? এ ব্যাপারে আমার বাবার ওয়ারিশ হিসেবে আমরা কি এর দাবিদার হয়ে কোনো মামলা করতে পারব? করতে পারলে চট্টগ্রামের কোথায় মামলা করা যাবে","1. <other_1349_s2> [আকাশপথে পরিবহণ (মন্ট্রিল কনভেনশন) আইন, ২০২০, ধারা ২] বিষয়বাপ্রসঙ্গেরপরিপন্থিকোনোকিছুনাথাকিলে,এইআইনে-(ক)‘অভ্যন্তরীণপরিবহণ’অর্থআকাশপথে পরিবহণেপক্ষসমূহেরমধ্যেসম্পাদি
2. <other_1682_s2_p0> [মানবদেহে অঙ্গ-প্রত্যঙ্গ সংযোজন আইন, ২০২৬, ধারা ২] সংজ্ঞা — বিষয় বা প্রসঙ্গের পরিপন্থি কোনো কিছু না থাকিলে, এই আইনে- (১) “অঙ্গ-প্রত্যঙ্গ” অর্থ মানবদেহের কিডনি, হৃৎপিণ্ড,
3. <land_1455_s10> [ভূমি সংস্কার আইন, ২০২৩, ধারা ১০] বর্গাদারের মৃত্যুর পর বর্গাভূমির চাষ — (১) কোনো বর্গাদার বর্গাচুক্তির মেয়াদ শেষ হইবার পূর্বে মারা গেলে, উহার মেয়াদ শেষ না হওয়া পর্যন্ত অথবা এই আইন
4. <consumer_1010_s92> [ট্রেডমার্ক আইন, ২০০৯, ধারা ৯২] মামলার কোন পক্ষের মৃত্যু — যদি এই আইনের অধীন কোন কার্যধারা বিচারাধীন থাকা অবস্থায় কোন পক্ষ মারা যান, তাহা হইলে নিবন্ধক সংশ্লিষ্ট কোন পক্
5. <other_1156_s25> [মেট্রোরেল আইন, ২০১৫, ধারা ২৫] ক্ষতিপূরণ প্রদান — মেট্রোরেল পরিচালনাকালে উহা হইতে উদ্ভূত দুর্ঘটনার ফলে যদি কোন ব্যক্তি আঘাতপ্রাপ্ত বা ক্ষতিগ্রস্ত হন বা আঘাতপ্রা
6. <other_1201_s27> [বাস র‍্যাপিড ট্রানজিট (বিআরটি) আইন, ২০১৬, ধারা ২৭] ক্ষতিপূরণ প্রদান — বিআরটি পরিচালনাকালে উহা হইতে উদ্ভূত দুর্ঘটনার ফলে যদি কোনো ব্যক্তি আঘাতপ্রাপ্ত বা ক্ষতিগ্রস্ত হন বা আঘাতপ্রাপ্
7. <labour_952_s49> [বাংলাদেশ শ্রম আইন, ২০০৬, ধারা ৪৯] 1 [***] মৃত্যুর ক্ষেত্রে প্রসূতি কল্যাণ সুবিধা প্রদান — (১) এই অধ্যায়ের অধীন প্রসূতি কল্যাণ সুবিধা পাওয়ার অধিকারী কোন মহিলা সন্ত্মান প্রসবকালে অথবা উহার পরবর্তী আট 
8. <labour_1285_s33> [বাংলাদেশ ইপিজেড শ্রম আইন, ২০১৯, ধারা ৩৩] মহিলা শ্রমিকের মৃত্যুর ক্ষেত্রে প্রসূতি কল্যাণ সুবিধা প্রদান — (১) এই অধ্যায়ের অধীন প্রসূতি কল্যাণ সুবিধা পাইবার অধিকারী কোনো মহিলা শ্রমিক সন্তান প্রসবকালে অথবা উহার পরবর্ত
9. <labour_952_s157> [বাংলাদেশ শ্রম আইন, ২০০৬, ধারা ১৫৭] নোটিশ ও দাবী — (১) কোন শ্রম আদালত ৰতিপূরণের কোন দাবী বিবেচনায় আনিবে না যদি না দুর্ঘটনা ঘটিবার পর যতশীঘ্র সম্ভব এতদ্নিম্নে বর
10. <other_1268_s19> [বাংলাদেশ প্রাণিসম্পদ গবেষণা ইনস্টিটিউট আইন, , ধারা ১৯] বুদ্ধিবৃত্তিক সম্পত্তি — (১) ইনস্টিটিউট কর্তৃক বা ইনস্টিটিউটের অর্থায়নে পরিচালিত গবেষণা কর্মধারা প্রকাশিত প্রবন্ধ বা আর্টিকেল বা গবেষণ","other_36_s39, other_48_s123, family_305_s4",own_search,answered,1,Sifat
prot_0091_06,Iftiaq,VERIFY,"আমার নাম বৃষ্টি। উচ্চমাধ্যমিকে পড়ছি। বয়স ১৯-২০ বছর। যখন আমার বয়স চার-পাঁচ বছর, তখন আমার বাবা মারা যান। আমার বাবার বড় ভাইয়ের হিংসাত্মক আচরণের জন্য আমার মা আমাকে নিয়ে মামার বাড়ি আশ্রয় নেন। আমি আমার বাবার একমাত্র সন্তান। আমার মা এখন দ্বিতীয় সংসার করছেন। আমার বাবা মারা যাওয়ার আগে সম্পত্তির বিপরীতে ব্যাংক থেকে ঋণ নেন। এখনো সেই ঋণ শোধ করতে পারেননি। আমাদের ঘর ও সম্পত্তিতে বর্তমানে আমার বাবার বড় ভাই বসবাস করছেন। আমি হিন্দু মেয়ে। শুনেছি, হিন্দু মেয়েরা পৈতৃক সম্পত্তির অধিকার পায় না। আমার সম্পত্তি বিক্রি করে ঋণ পরিশোধ করলে আমার বাবার বড় ভাই আইনগত কোনো বাধা সৃষ্টি করতে পারবেন কি না?ঠিকানা প্রকাশে অনিচ্ছুক","1. <other_1155_s16_p3> [রাজশাহী কৃষি উন্নয়ন ব্যাংক আইন, ২০১৪, ধারা ১৬] ব্যাংকের কার্যাবলী — চার্জকৃত সম্পত্তি প্রকাশ্য নিলাম ব্যতীত এবং এইরূপ সম্পত্তির পরিমাণ ব্যাংকের পাওনা আদায়ের জন্য পর্যাপ্ত না হওয
2. <other_1725_s21_p29> [অর্থ আইন, ২০২৬, ধারা ২১] ২০১২ সনের ৪৭ নং আইনের দ্বিতীয় তফসিলের সংশোধন — ডলার পর্যন্ত ৪৫ (ঘ) মূল্যসীমা ১০০০০০ মা. ডলার এর ঊর্ধ্ব হইতে ২০০০০০ মা. ডলার পর্যন্ত ৬০ (ঙ) মূল্যসীমা ২০০০০০ ম
3. <local_government_827_s8_p1> [উপজেলা পরিষদ আইন, ১৯৯৮, ধারা ৮] বা ব্যক্তিবর্গের নামে বা তাঁহার সুবিধার্থে বা তাঁহার উপলক্ষে বা কোন হিন্দু যৌথ পরিবারের সদস্য হিসাবে তাঁহার কো
4. <money_recovery_901_s12_p0> [অর্থ ঋণ আদালত আইন, ২০০৩, ধারা ১২] আর্থিক প্রতিষ্ঠান কর্তৃক কতিপয় জামানত বিক্রয় — (১) উপ-ধারা (২) এর বিধান সাপেক্ষে, কোন আর্থিক প্রতিষ্ঠান, উহার নিজ দখল বা নিয়ন্ত্রণে থাকা বিবাদীর কোন সম্পত্ত
5. <other_822_s10> [পার্বত্য চট্টগ্রাম আঞ্চলিক পরিষদ আইন, ১৯৯৮, ধারা ১০] সম্পত্তি সম্পর্কিত ঘোষণা — চেয়ারম্যান ও প্রত্যেক সদস্য তাহার কার্যভার গ্রহণের পূর্বে তাহার এবং তাঁহার পরিবারের কোন সদস্যের স্বত্ব, দখল ব
6. <land_1109_s16> [ওয়াক্‌ফ (সম্পত্তি হস্তান্তর ও উন্নয়ন) বিশেষ , ধারা ১৬] ওয়াক্‌ফ প্রশাসকের সার্বিক নিয়ন্ত্রণ — (১) ওয়াক্ফ সম্পত্তির হস্তান্তর সংশ্লিষ্ট ওয়াক্ফের বা উহার স্বত্বভোগীদের (beneficiary) প্রয়োজনে, কল্যাণে ও স
7. <other_850_s15> [সালিস আইন, ২০০১, ধারা ১৫] সালিসকারীর কর্তৃত্বের অবসান — (১) সালিসকারীর কর্তৃত্বের অবসান হইবে, যদি-(ক) তিনি স্বীয় পদ হইতে নিজকে প্রত্যাহার করিয়া নেন;(খ) তিনি মারা যা
8. <other_1271_s22> [সরকারি চাকরি আইন, ২০১৮, ধারা ২২] কল্যাণমূলক ব্যবস্থা — (১) সরকার বা, ক্ষেত্রমত, উপযুক্ত কর্তৃপক্ষ সরকারি কর্মচারী ও তাহার পরিবারের সদস্যগণের কল্যাণে শিক্ষা, চিকিৎসা,
9. <local_government_1027_s41> [স্থানীয় সরকার (ইউনিয়ন পরিষদ) আইন, ২০০৯, ধারা ৪১] সম্পত্তি সম্পর্কিত ঘোষণা — চেয়ারম্যান ও সদস্য তাঁহার কার্যভার গ্রহণের পূর্বে তাঁহার এবং তাঁহার পরিবারের কোন সদস্যের স্বত্ব, দখল বা স্বার
10. <local_government_827_s10> [উপজেলা পরিষদ আইন, ১৯৯৮, ধারা ১০] সম্পত্তি সম্পর্কিত ঘোষণা — 14[চেয়ারম্যান ও ভাইস চেয়ারম্যান ] তাঁহার কার্যভার গ্রহণের পূর্বে তাঁহার এবং তাঁহার পরিবারের কোন সদস্যের স্বত",none,none,not_found,1,Sifat
prot_0052_04,Iftiaq,VERIFY,"আমি বাবা-মায়ের একমাত্র পুত্রসন্তান। আমার ছোট দুটি বোন আছে। ২০০৫ সালে আমি ধর্মান্তরিত হয়ে পরিবার থেকে আলাদা বসবাস করছি। পরিবারের কারও সঙ্গে যোগাযোগ নেই। কিছুদিন আগে আমার বাবা মারা গেছেন। শুনেছি, বাবার অবর্তমানে যে সম্পত্তি আছে, সেটা নাকি তাঁর ভাতিজারা পাবেন। এটা কতটুকু সত্যি?নাম প্রকাশে অনিচ্ছুকপাবনা","1. <women_children_1119_s24> [শিশু আইন, ২০১৩, ধারা ২৪] অভিযুক্ত শিশুর মাতা-পিতা বা অভিভাবকের শিশু-আদালতে উপস্থিতি — এই আইনের অধীন শিশু-আদালতে হাজিরকৃত শিশুর মাতা-পিতা এবং তাহাদের উভয়ের অবর্তমানে তত্ত্বাবধানকারী অভিভাবক বা কর্
2. <other_1138_s2> [গ্রামীণ ব্যাংক আইন, ২০১৩, ধারা ২] সংজ্ঞা — বিষয় বা প্রসংগের পরিপন্থি কোন কিছু না থাকিলে, এই আইনে,-1[(১) “ঋণ” অর্থ এইরূপ কোনো ব্যক্তির পক্ষে ব্যাংক কর্তৃ
3. <other_1266_s2_p3> [বাংলাদেশ মুক্তিযোদ্ধা কল্যাণ ট্রাস্ট আইন, ২০, ধারা ২] সংজ্ঞা — বা স্বামী এবং পিতা-মাতার অবর্তমানে খেতাবপ্রাপ্ত বীর মুক্তিযোদ্ধার সন্তান; বা(উ) (অ)-(ঈ) পর্যন্ত বর্ণিত ব্যক্তি
4. <land_1455_s10> [ভূমি সংস্কার আইন, ২০২৩, ধারা ১০] বর্গাদারের মৃত্যুর পর বর্গাভূমির চাষ — (১) কোনো বর্গাদার বর্গাচুক্তির মেয়াদ শেষ হইবার পূর্বে মারা গেলে, উহার মেয়াদ শেষ না হওয়া পর্যন্ত অথবা এই আইন
5. <other_1429_s192> [আয়কর আইন, ২০২৩, ধারা ১৯২] হিন্দু অবিভক্ত পরিবারের বিভাজনের ক্ষেত্রে কর নির্ধারণ — (১) এই আইনের উদ্দেশ্যপূরণকল্পে, হিন্দু অবিভক্ত পরিবার হিসাবে নির্ধারিত কোনো হিন্দু পরিবারকে সেই পর্যন্ত হিন্দু
6. <other_817_s20> [বিমান-নিরাপত্তা বিরোধী অপরাধ দমন আইন, ১৯৯৭, ধারা ২০] কনভেনশনভুক্ত দেশ — সরকার, সরকারী গেজেটে প্রজ্ঞাপন দ্বারা, কনভেনশনভুক্ত দেশসমূহের নাম এবং উক্ত দেশসমূহ কনভেনশনের কতটুকু গ্রহণ করিয
7. <other_1413_s14> [সরকারি ঋণ আইন, ২০২২, ধারা ১৪] ধারক মৃত্যুবরণ করিলে প্রযোজ্য বিধান — (১) এই ধারার অন্যান্য বিধানসাপেক্ষে, সরকারি সিকিউরিটি বা জাতীয় সঞ্চয় স্কীমের আওতায় ইস্যুকৃত সার্টিফিকেটের ধ
8. <other_893_s7> [শিশু-মাতৃ স্বাস্থ্য ইনস্‌টিটিউট আইন, ২০০২, ধারা ৭] ইনস্‌টিটিউটের দায়িত্ব ও কার্যাবলী — ইনস্টিটিউটের দায়িত্ব ও কার্যাবলী হইবে নিম্নরূপ, যথা:-(১) শিশু ও মায়ের স্বাস্থ্য ও পুষ্টি বিষয়ে শিক্ষা, প্রশ
9. <women_children_1119_s40> [শিশু আইন, ২০১৩, ধারা ৪০] বিচারের ফলাফল ও মুক্তি সম্পর্কে তথ্য — (১) বিচার প্রক্রিয়া সমাপ্ত হইবার ৭ (সাত) কর্মদিবসের মধ্যে শিশু-আদালত বিচারের ফলাফল সম্পর্কে শিশু, শিশুর মাতা-
10. <other_1271_s22> [সরকারি চাকরি আইন, ২০১৮, ধারা ২২] কল্যাণমূলক ব্যবস্থা — (১) সরকার বা, ক্ষেত্রমত, উপযুক্ত কর্তৃপক্ষ সরকারি কর্মচারী ও তাহার পরিবারের সদস্যগণের কল্যাণে শিক্ষা, চিকিৎসা,",none,none,not_found,1,Sifat
ajke_0166_01,Iftiaq,VERIFY,"প্রশ্ন: আমি বাবার বাসায় থাকা অবস্থায় স্বামী আরেকটি বিয়ে করে। সে জানায়, আমাকে ডিভোর্স দিয়েছে। কিন্তু আমি আজ এক বছরেও কোনো নোটিশ পাইনি। তার বিয়ের পরপরই এক পারিবারিক আইনজীবীর সাহায্যে তার বিরুদ্ধে যৌতুকের মামলা করি। আইন ও মামলা বিষয়ে আমার ধারণা না থাকায় আইনজীবী যা বলেছেন, তা-ই করেছি। কোর্ট থেকে ওয়ারেন্ট বের হওয়ার পর তারা আগাম জামিন নিয়েছে, সেটা দুই মাস পর আমি জানতে পেরেছি। সে আমার দেড় বছরের সন্তানের কোনো ভরণপোষণ দেয় না, কোনো খোঁজখবরও রাখে না। আমি এই বয়সে মেয়েটাকে নিয়ে চাকরি করছি। কোথায় যাব, কী করব বুঝতে পারছি না। আমাদের আইনজীবী কি কোনো ধরনের ছলচাতুরী করেছে? এখন আমাদের কী করা উচিত?","1. <other_1403_s56> [মোংলা বন্দর কর্তৃপক্ষ আইন, ২০২২, ধারা ৫৬] মামলা দায়েরের সীমাবদ্ধতা — (১) কর্তৃপক্ষের বিরুদ্ধে মামলা দায়েরে ইচ্ছুক ব্যক্তি, তাহার নাম ঠিকানাসহ মামলা দায়েরের কারণ সংবলিত লিখিত নোট
2. <other_1404_s56> [চট্টগ্রাম বন্দর কর্তৃপক্ষ আইন, ২০২২, ধারা ৫৬] মামলা দায়েরের সীমাবদ্ধতা — (১) কর্তৃপক্ষের বিরুদ্ধে কোনো আদালতে মামলা দায়েরে ইচ্ছুক ব্যক্তি, তাহার নাম ঠিকানাসহ মামলা দায়েরের কারণ সংবল
3. <family_938_s14> [গ্রাম আদালত আইন, ২০০৬, ধারা ১৪] আইনজীবী নিয়োগ নিষিদ্ধ — অন্য কোন আইনে যাহা কিছুই থাকুক না কেন, গ্রাম আদালতে দায়েরকৃত কোন মামলা পরিচালনার জন্য কোন পক্ষ কোন আইনজীবী নি
4. <other_916_s16> [বিরোধ মীমাংসা (পৌর এলাকা) বোর্ড আইন, ২০০৪, ধারা ১৬] আইনজীবী নিয়োগ নিষিদ্ধ — অন্য কোন আইনে যাহা কিছুই থাকুক না কেন, বোর্ডে দায়েরকৃত কোন মামলা পরিচালনার জন্য কোন পক্ষে কোন আইনজীবী বোর্ডে 
5. <other_1108_s11> [আদালত অবমাননা আইন, ২০১৩, ধারা ১১] আদালত অবমাননার অভিযোগ দায়ের ও নিষ্পত্তির বিধান — (১) কোন ব্যক্তির বিরুদ্ধে আদালত অবমাননার অভিযোগ উত্থাপিত বা কার্যধারা রুজু করা হইলে, অভিযোগের বিষয়ে তাহাকে কা
6. <other_1135_s53> [পায়রা বন্দর কর্তৃপক্ষ আইন, ২০১৩, ধারা ৫৩] মামলা দায়েরের সীমাবদ্ধতা — (১) কর্তৃপক্ষের বিরুদ্ধে মামলা দায়েরে ইচ্ছুক ব্যক্তির নাম ঠিকানাসহ মামলা দায়েরের কারণ সংবলিত লিখিত নোটিশ কর্
7. <other_857_s80> [বাংলাদেশ টেলিযোগাযোগ নিয়ন্ত্রণ আইন, ২০০১, ধারা ৮০] (১) আদালতে কমিশনের পক্ষে মামলা পরিচালনার জন্য কমিশন প্রয়োজনীয় সংখ্যক নিজস্ব আইনজীবী নিয়োগ করিতে পারিবে।(২) 
8. <criminal_procedure_1238_s108> [গাজীপুর মহানগরী পুলিশ আইন, ২০১৮, ধারা ১০৮] পুলিশ অফিসারের বিরুদ্ধে আইনগত ব্যবস্থা গ্রহণ — আপাতত বলবৎ অন্য কোনো আইনে যাহা কিছুই থাকুক না কেন, এই আইন, বিধি, প্রবিধান বা তদধীন প্রদত্ত কোনো আদেশের অধীন কো
9. <criminal_procedure_1239_s108> [রংপুর মহানগরী পুলিশ আইন, ২০১৮, ধারা ১০৮] পুলিশ অফিসারের বিরুদ্ধে আইনগত ব্যবস্থা গ্রহণ — আপাতত বলবৎ অন্য কোনো আইনে যাহা কিছুই থাকুক না কেন, এই আইন, বিধি, প্রবিধান বা তদধীন প্রদত্ত কোনো আদেশের অধীন কো
10. <other_1429_s327> [আয়কর আইন, ২০২৩, ধারা ৩২৭] হাজিরার জন্য অনুমোদিত প্রতিনিধি — (১) কোনো করদাতা, যিনি এই আইনের অধীন কোনো কার্যধারার সহিত সংশ্লিষ্ট কোনো আয়কর কর্তৃপক্ষ বা আপিল ট্রাইব্যুনালে ","family_305_s7, family_1444_s5, family_305_s6",own_search,answered,2,Sifat
lawy_0500_01,Iftiaq,VERIFY,জেনে নিন বিদেশে অবস্থানকালে কিভাবে পাওয়ার অব এ্যাটর্নি করবেন,"1. <other_1104_s6> [পাওয়ার অব অ্যাটর্নি আইন, ২০১২, ধারা ৬] পাওয়ার অব অ্যাটর্নি সম্পাদন — (১) রেজিস্ট্রেশন আইনে যাহা কিছুই থাকুক না কেন, এই আইনের অধীন সম্পাদিত অপ্রত্যাহারযোগ্য পাওয়ার অব অ্যাটর্নির র
2. <other_1104_s11> [পাওয়ার অব অ্যাটর্নি আইন, ২০১২, ধারা ১১] পাওয়ার অব অ্যাটর্নির অবসান — (১) নিম্নবর্ণিত ক্ষেত্রে পাওয়ার অব অ্যাটর্নির অবসান ঘটিবে, যথাঃ-(ক) কোন নির্দিষ্ট কার্য-সম্পাদনের উদ্দেশ্যে প
3. <other_1104_s2> [পাওয়ার অব অ্যাটর্নি আইন, ২০১২, ধারা ২] সংজ্ঞা — বিষয় বা প্রসংগের পরিপন্থী কোন কিছু না থাকিলে, এই আইনে,-(১) “পাওয়ার অব অ্যাটর্নি” অর্থ এমন কোন দলিল যাহার মাধ
4. <other_1131_s30ক> [বৈদেশিক কর্মসংস্থান ও অভিবাসী আইন, ২০১৩, ধারা ৩০ক] (১) প্রত্যেক অভিবাসী কর্মী বৈদেশিক কর্মসংস্থানের জন্য প্রশিক্ষণ গ্রহণ ও বৈধ পন্থা অবলম্বন করিবেন এবং বিদেশে অব
5. <other_1104_s10> [পাওয়ার অব অ্যাটর্নি আইন, ২০১২, ধারা ১০] মৃত্যু, ইত্যাদি সম্পর্কে অবগতি ব্যতিত পাওয়ার অব অ্যাটর্নির অধীন অর্থ প্রদান — পাওয়ার অব অ্যাটর্নি দাতার মৃত্যু, মস্তিস্ক বিকৃতি, দেউলিয়াত্ব, অসচ্ছলতা বা পাওয়ার অব অ্যাটর্নির অবসান সম্পর
6. <other_1104_s4> [পাওয়ার অব অ্যাটর্নি আইন, ২০১২, ধারা ৪] অপ্রত্যাহারযোগ্য পাওয়ার অব অ্যাটর্নির মাধ্যমে ক্ষমতা অর্পণ, ইত্যাদি — (১) পণ মূল্য গ্রহণের বিনিময়ে ভূমি উন্নয়ন সংক্রান্ত অপ্রত্যাহারযোগ্য প্রতিটি পাওয়ার অব অ্যাটর্নির একটি নির্দ
7. <other_1104_s12> [পাওয়ার অব অ্যাটর্নি আইন, ২০১২, ধারা ১২] রেজিস্ট্রেশন ফি, ইত্যাদি — এই আইনের অধীন সম্পাদিত অপ্রত্যাহারযোগ্য পাওয়ার অব অ্যাটর্নির ফি রেজিস্ট্রেশন আইনের section 78 অনুযায়ী নির্ধা
8. <other_1104_s3> [পাওয়ার অব অ্যাটর্নি আইন, ২০১২, ধারা ৩] অন্যান্য আইনের প্রয়োগ — এই আইনে বর্ণিত হয় নাই কিন্তু অন্য কোন আইনে বর্ণিত পাওয়ার অব অ্যাটর্নি সংক্রান্ত কোন বিধান, এই আইনের সহিত সাম
9. <other_1104_s9> [পাওয়ার অব অ্যাটর্নি আইন, ২০১২, ধারা ৯] যৌথগ্রহীতার একজনের মৃত্যুর পরিণাম — অপ্রত্যাহারযোগ্য পাওয়ারগ্রহীতা একাধিক হইলে, উহাদের কোন একজনের মৃত্যুতে, উক্ত পাওয়ার অব অ্যাটর্নি বাতিল হইবে 
10. <other_1104_s8> [পাওয়ার অব অ্যাটর্নি আইন, ২০১২, ধারা ৮] যৌথদাতার একজনের মৃত্যুর পরিণাম — অপ্রত্যাহারযোগ্য পাওয়ারদাতা একাধিক হইলে উক্ত পাওয়ার অব অ্যাটর্নির উদ্দেশ্য বাস্তবায়িত হইবার পূর্বে কোন পাওয",1,candidate,answered,3,Sifat
prot_0065_05,Iftiaq,VERIFY,"আমার বাবার নামে ঢাকা ক্যান্টনমেন্টের কাছে সাড়ে চার শতাংশ জমি ছিল। তাঁরা দুই ভাই। বাবার ওই জমি বুঝিয়ে-শুনিয়ে বড় চাচা নিজের নামে মুখে মুখে নিয়ে নেন। জমির দাম ছিল দুই লাখ টাকা (১৯৭৮ সাল)। আমার বাবা ছিলেন সবার ছোট; এতিম ও অবুঝ। বাবা স্বেচ্ছায় তাঁর বড় ভাইকে জমি দেননি। বড় চাচা আমার বাবার দুর্বলতার সুযোগ নিয়ে জমি নিজের নামে নিয়ে নেন। বাবা জমিটা দলিল বা লিখিতভাবে নিবন্ধন করে দেননি। বাবার বড় ভাই বেঁচে নেই। তাঁর স্ত্রী ও সন্তান আছে। প্রশ্ন হলো, ওয়ারিশ হিসেবে এর দাবিদার হয়ে আমি কি মামলা করতে পারব?তাসনিম","1. <other_1412_s6_p0> [বেসরকারি মেডিকেল কলেজ ও ডেন্টাল কলেজ আইন, ২০, ধারা ৬] বেসরকারি মেডিকেল কলেজ বা ডেন্টাল কলেজ স্থাপনের শর্তাবলি — এই আইনের অধীন বেসরকারি মেডিকেল কলেজ বা ডেন্টাল কলেজ স্থাপনের লক্ষ্যে নিম্নবর্ণিত শর্তাবলি পূরণ করিতে হইবে, যথা
2. <criminal_procedure_1012_s34> [সিলেট মহানগরী পুলিশ আইন, ২০০৯, ধারা ৩৪] জনস্বার্থে গান-বাজনা ইত্যাদি নিয়ন্ত্রণ — কোন এলাকার জনসাধারণ বা কোন ব্যক্তি বিশেষের অসুবিধা বা বিরক্তি দূরীকরণের জন্য প্রয়োজন মনে করিলে পুলিশ কমিশনার 
3. <criminal_procedure_765_s33> [রাজশাহী মহানগরী পুলিশ আইন, ১৯৯২, ধারা ৩৩] গান-বাজনা, ইত্যাদি নিষেধ বা নিয়ন্ত্রণ করার ব্যাপারে পুলিশ কমিশনারের ক্ষমতা — কোন এলাকার জনসাধারণ বা কোন ব্যক্তি বিশেষের অসুবিধা বা বিরক্তি দূরীকরণের জন্য প্রয়োজন মনে করিলে, পুলিশ কমিশনার
4. <other_722_s15> [পার্বত্য জেলাসমূহ (আইন রহিত ও প্রয়োগ এবং বিশ, ধারা ১৫] বসতবাড়ীর জন্য গ্রামীণ জমি দখল — (১) কোন পাহাড়ী ব্যক্তি পৌর এলাকা-বহির্ভূত অনধিক ত্রিশ শতাংশ পর্যন্ত খাস জমি তাহার নিজ বসতবাড়ীর জন্য হেডম্যান
5. <other_724_s64> [রাংগামাটি পার্বত্য জেলা পরিষদ আইন, ১৯৮৯, ধারা ৬৪] (১) আপাততঃ বলবত্ অন্য কোন আইনে যাহা কিছুই থাকুক না কেন-(ক) রাংগামাটি পার্বত্য জেলার এলাকাধীন বন্দোবস্তযোগ্য খা
6. <other_725_s64> [খাগড়াছড়ি পার্বত্য জেলা পরিষদ আইন, ১৯৮৯, ধারা ৬৪] (১) আপাততঃ বলবত্ অন্য কোন আইনে যাহা কিছুই থাকুক না কেন-(ক) খাগড়াছড়ি পার্বত্য জেলার এলাকাধীন বন্দোবস্তযোগ্য খ
7. <other_726_s64> [বান্দরবান পার্বত্য জেলা পরিষদ আইন, ১৯৮৯, ধারা ৬৪] (১) আপাততঃ বলবত্ অন্য কোন আইনে যাহা কিছুই থাকুক না কেন-(ক) বান্দরবন পার্বত্য জেলার এলাকাধীন বন্দোবস্তযোগ্য খাস
8. <other_721_s7> [বাংলাদেশ ঋণ সালিসি আইন, ১৯৮৯, ধারা ৭] কতিপয় বিক্রয় বাতিল — (১) এই আইন বলবত্ হইবার পর অনধিক দুই একর কৃষি জমির মালিক কোন কৃষক প্রাকৃতিক দুর্যোগে তগতিগ্রস্ত হওয়ার বা জীবন 
9. <other_857_s45> [বাংলাদেশ টেলিযোগাযোগ নিয়ন্ত্রণ আইন, ২০০১, ধারা ৪৫] লাইসেন্সধারীর প্রয়োজনে বাধ্যতামূলকভাবে বেসরকারী জমি অধিগ্রহণ — (১) লাইসেন্সের অধীন কাজকর্ম সম্পাদন বা পরিচালনার জন্য প্রয়োজনীয় কোন জমি ব্যবহারের ক্ষেত্রে লাইসেন্সধারী বাধা
10. <other_721_s8> [বাংলাদেশ ঋণ সালিসি আইন, ১৯৮৯, ধারা ৮] জমি প্রত্যর্পণের নির্দেশ কার্যকরকরণ — ক্রেতা বোর্ডের নির্দেশানুসারে জমির দখল প্রত্যর্পণ না করিলে বা করিতে ব্যর্থ হইলে, জমির দখল পাওয়ার জন্য বিক্রেত","land_90_s49, other_36_s42_p0, other_88_s28",own_search,answered,1,Sifat
prot_0096_02,Iftiaq,VERIFY,আমার দাদার সব জমি তাঁর তিন ছেলের নামে। জমিগুলোর মিউটেশন করানো হয়নি। তাঁর মৃত্যুর পর আমার এক চাচা জমির দলিল আটকে ফেলেন। আমার বাবার কোনো ছেলেসন্তান না থাকার কারণে তিনি জমি বুঝে পাচ্ছেন না। এখন তিনি যদি তাঁর ভাগের কোনো অংশ বিক্রি করতে চান তাহলে কী করতে হবে? আর আমাদের বোনদের নামে লিখে দিতে চাইলেই–বা কী করতে হবে? নাম প্রকাশে অনিচ্ছুক,"1. <other_721_s6_p0> [বাংলাদেশ ঋণ সালিসি আইন, ১৯৮৯, ধারা ৬] কতিপয় জমির বিক্রয় খায়খালাসী বন্ধক ঘোষণা — (১) এই আইন বলবত্ হইবার পর অনধিক তিন একর কৃষি জমির মালিক কোন কৃষক প্রাকৃতিক দুর্যোগে তগতিগ্রস্ত হওয়ার বা জীবন 
2. <other_721_s7> [বাংলাদেশ ঋণ সালিসি আইন, ১৯৮৯, ধারা ৭] কতিপয় বিক্রয় বাতিল — (১) এই আইন বলবত্ হইবার পর অনধিক দুই একর কৃষি জমির মালিক কোন কৃষক প্রাকৃতিক দুর্যোগে তগতিগ্রস্ত হওয়ার বা জীবন 
3. <other_724_s64> [রাংগামাটি পার্বত্য জেলা পরিষদ আইন, ১৯৮৯, ধারা ৬৪] (১) আপাততঃ বলবত্ অন্য কোন আইনে যাহা কিছুই থাকুক না কেন-(ক) রাংগামাটি পার্বত্য জেলার এলাকাধীন বন্দোবস্তযোগ্য খা
4. <other_726_s64> [বান্দরবান পার্বত্য জেলা পরিষদ আইন, ১৯৮৯, ধারা ৬৪] (১) আপাততঃ বলবত্ অন্য কোন আইনে যাহা কিছুই থাকুক না কেন-(ক) বান্দরবন পার্বত্য জেলার এলাকাধীন বন্দোবস্তযোগ্য খাস
5. <other_725_s64> [খাগড়াছড়ি পার্বত্য জেলা পরিষদ আইন, ১৯৮৯, ধারা ৬৪] (১) আপাততঃ বলবত্ অন্য কোন আইনে যাহা কিছুই থাকুক না কেন-(ক) খাগড়াছড়ি পার্বত্য জেলার এলাকাধীন বন্দোবস্তযোগ্য খ
6. <other_1429_s133> [আয়কর আইন, ২০২৩, ধারা ১৩৩] প্রকাশ্য নিলামের বিক্রি হইতে কর সংগ্র — (১) কোনো ব্যক্তি কোনো নির্দিষ্ট মালিকের কোনো পণ্য বা সম্পত্তি সীলমোহরযুক্ত দরপত্রের মাধ্যমে প্রকাশ্য নিলামে বি
7. <other_1412_s6_p0> [বেসরকারি মেডিকেল কলেজ ও ডেন্টাল কলেজ আইন, ২০, ধারা ৬] বেসরকারি মেডিকেল কলেজ বা ডেন্টাল কলেজ স্থাপনের শর্তাবলি — এই আইনের অধীন বেসরকারি মেডিকেল কলেজ বা ডেন্টাল কলেজ স্থাপনের লক্ষ্যে নিম্নবর্ণিত শর্তাবলি পূরণ করিতে হইবে, যথা
8. <other_721_s8> [বাংলাদেশ ঋণ সালিসি আইন, ১৯৮৯, ধারা ৮] জমি প্রত্যর্পণের নির্দেশ কার্যকরকরণ — ক্রেতা বোর্ডের নির্দেশানুসারে জমির দখল প্রত্যর্পণ না করিলে বা করিতে ব্যর্থ হইলে, জমির দখল পাওয়ার জন্য বিক্রেত
9. <other_857_s45> [বাংলাদেশ টেলিযোগাযোগ নিয়ন্ত্রণ আইন, ২০০১, ধারা ৪৫] লাইসেন্সধারীর প্রয়োজনে বাধ্যতামূলকভাবে বেসরকারী জমি অধিগ্রহণ — (১) লাইসেন্সের অধীন কাজকর্ম সম্পাদন বা পরিচালনার জন্য প্রয়োজনীয় কোন জমি ব্যবহারের ক্ষেত্রে লাইসেন্সধারী বাধা
10. <other_1427_s10> [হাট ও বাজার (স্থাপন ও ব্যবস্থাপনা) আইন, ২০২৩, ধারা ১০] (১) কোনো ব্যক্তি হাট ও বাজারের সরকারি খাস জমি অবৈধভাবে দখলে রাখিতে অথবা উপযুক্ত কর্তৃপক্ষের পূর্বানুমতি ব্যতির","land_241_s96_p0, other_48_s123, land_241_s143",own_search,answered,1,Sifat
prot_0083_05,Iftiaq,VERIFY,"২০০১ সালে বিয়ে করি। এরপর অপরিকল্পিতভাবে একটি সন্তানের জন্ম হয়। বিয়ের পর বেশ টানাপোড়েনের মধ্য দিয়ে দীর্ঘ সময় কেটেছে। তার সঙ্গে শুরু থেকেই আমার মনের মিল ছিল না। তাই সম্পর্কের উন্নতি কখনোই ঘটেনি। অবশেষে ২০০৯ সালে তার অনুমতি ছাড়াই আদালতের মাধ্যমে দ্বিতীয় বিয়ে করি। ওই সময় প্রথম স্ত্রী সন্তানদের নিয়ে আমাদের বাড়িতে অবস্থান করছিল। আর আমি কাজের জন্য দূরে ছিলাম। কিন্তু সে আমার দ্বিতীয় বিয়ের খবর পেয়ে স্বাভাবিক নিয়মেই আমার কাছে চলে আসে। একপর্যায়ে তাকে সন্তানসহ আমার গ্রামের বাড়ি পাঠিয়ে দিই। সে গত ফেব্রুয়ারি মাসে সেখান থেকে আমার অজান্তে দুই সন্তানকে নিয়ে চলে যায়। কিছুদিন ফোনে যোগাযোগ ছিল এবং টাকা-পয়সাও পাঠিয়েছি। বর্তমানে সে যোগাযোগ বন্ধ করে দিয়েছে। তার বক্তব্য, সে ওই দুই সন্তান আমাকে দেবে না এবং সে ফিরেও আসবে না। আমি শুধু আমার সন্তানদের ফেরত চাই। কীভাবে আইনের সহায়তায় তা সম্ভব? আমি তালাকনামা পাঠাতে পারব কি না।নাম প্রকাশে অনিচ্ছুক","1. <other_1132_s3> [পিতা-মাতার ভরণ-পোষণ আইন, ২০১৩, ধারা ৩] পিতা-মাতার ভরণ-পোষণ — (১) প্রত্যেক সন্তানকে তাহার পিতা-মাতার ভরণ-পোষণ নিশ্চিত করিতে হইবে।(২) কোন পিতা-মাতার একাধিক সন্তান থাকিলে সেই
2. <women_children_835_s13> [নারী ও শিশু নির্যাতন দমন আইন, ২০০০, ধারা ১৩] (১) অন্য কোন আইনে ভিন্নতর যাহা কিছুই থাকুক না কেন, ধর্ষণের কারণে কোন সন্তান জন্মলাভ করিলে-(ক) উক্ত সন্তানকে তা
3. <other_1429_s31> [আয়কর আইন, ২০২৩, ধারা ৩১] আয় একীভূতকরণ — (১) এই আইনে ভিন্নরূপ কিছু না থাকিলে, নিম্নবর্ণিত আয়সমূহ কোনো ব্যক্তির মোট আয়ের অন্তর্ভুক্ত হইবে, যথা:-(ক) উক
4. <other_1078_s12> [ভবঘুরে ও নিরাশ্রয় ব্যক্তি (পুনর্বাসন) আইন, ২, ধারা ১২] গর্ভবতী মহিলার ক্ষেত্রে বিশেষ বিধান — কোন মহিলা ভবঘুরে বা নিরাশ্রয় ব্যক্তিকে গর্ভবতী অবস্থায় আশ্রয় কেন্দ্রে পাঠানো হইলে, সন্তান জন্মলাভ করিবার পর
5. <labour_952_s12> [বাংলাদেশ শ্রম আইন, ২০০৬, ধারা ১২] কাজ বন্ধ রাখা — (১) অগ্নিকান্ড, আকষ্মিক বিপত্তি, যন্ত্রপাতি বিকল, বিদু্যৎ সরবরাহ বন্ধ, মহামারী, ব্যাপক দাঙ্গা-হাঙ্গামা অথবা মা
6. <other_1124_s7> [মাতৃদুগ্ধ বিকল্প, শিশু খাদ্য, বাণিজ্যিকভাবে , ধারা ৭] শিক্ষামূলক বা অন্যান্য তথ্যাদি — জন্ম-পূর্ববর্তী বা জন্ম-পরবর্তী সেবা দানের উদ্দেশ্যে কোন গর্ভবতী মহিলা বা মাতৃদুগ্ধদানকারী বা শিশুর মায়েদের স
7. <other_1404_s8> [চট্টগ্রাম বন্দর কর্তৃপক্ষ আইন, ২০২২, ধারা ৮] বোর্ডের সভা — (১) এই ধারার অন্যান্য বিধানাবলি সাপেক্ষে, বোর্ড উহার সভার কার্যপদ্ধতি নির্ধারণ করিতে পারিবে।(২) বোর্ডের সভা চে
8. <other_1246_s80> [ক্যান্টনমেন্ট আইন, ২০১৮, ধারা ৮০] ক্রোক — (১) বোর্ডের কোনো অফিসার যাহার উপর ধারা ৭৯ এর অধীন জারিকৃত কোনো পরোয়ানার দায়িত্ব প্রদান করা হইয়াছে তিনি, খেল
9. <other_788_s41> [কোম্পানী আইন, ১৯৯৪, ধারা ৪১] সদস্য-বহি পরিদর্শন — (১) কোম্পানী নিবন্ধনের তারিখ হইতে উহার নিবন্ধিকৃত কার্যালয়ে সদস্য-বহি এবং ধারা ৩৫ প্রযোজ্য হইলে সদস্য-সূচী রা
10. <family_938_s8> [গ্রাম আদালত আইন, ২০০৬, ধারা ৮] গ্রাম আদালতের সিদ্ধান্ত চূড়ান্ত হওয়া ও আপিল — (১) গ্রাম আদালতের সিদ্ধান্ত সর্বসম্মত বা চার-এক (৪:১) সংখ্যাগরিষ্ঠ ভোটে বা চারজন সদস্যের উপস্থিতিতে তিন-এক (৩:","family_64_s25, family_64_s17, family_305_s7",own_search,answered,2,Sifat
ajke_0187_01,Iftiaq,VERIFY,প্রশ্ন: আমার বয়স ২৩ বছর। ঢাকা বিশ্ববিদ্যালয় থেকে স্নাতক শেষ করে একটি বেসরকারি প্রতিষ্ঠানে শিক্ষানবিশ হিসেবে কাজ করছি মাসখানেক ধরে। কর্মস্থলে এক সিনিয়র ফেসবুক মেসেঞ্জারে বিরক্ত করে যাচ্ছেন। তিনি বিবাহিত। শুনতে না চাইলেও তাঁর পারিবারিক অশান্তির কথা আমাকে মেসেঞ্জারে লিখতেই থাকেন। স্ত্রীর সঙ্গে তাঁর শারীরিক কোনো সম্পর্ক নেই—এ ধরনের কথাও তিনি বলেন এবং কর্মস্থলের বাইরে আমার সঙ্গে দেখা করতে চান। সম্মতি না দেওয়ায় আকারে-ইঙ্গিতে নানান হুমকি দিচ্ছেন। যার মধ্যে অন্যতম হলো শিক্ষানবিশ পদ থেকে আমাকে সরিয়ে দেওয়া। তবে কর্মস্থলে তিনি আমাকে কখনো কিছু বলেন না। তাঁর বিরুদ্ধে কোন ধরনের ব্যবস্থা নিতে পারি?,"1. <labour_1285_s5> [বাংলাদেশ ইপিজেড শ্রম আইন, ২০১৯, ধারা ৫] শ্রমিকগণের শ্রেণি বিভাগ এবং শিক্ষানবিশিকাল — (১) কাজের ধরন ও প্রকৃতির ভিত্তিতে কোনো প্রতিষ্ঠানে নিয়োজিত শ্রমিকগণকে নিম্নলিখিত শ্রেণিতে বিভক্ত করা যাইবে, য
2. <labour_952_s12> [বাংলাদেশ শ্রম আইন, ২০০৬, ধারা ১২] কাজ বন্ধ রাখা — (১) অগ্নিকান্ড, আকষ্মিক বিপত্তি, যন্ত্রপাতি বিকল, বিদু্যৎ সরবরাহ বন্ধ, মহামারী, ব্যাপক দাঙ্গা-হাঙ্গামা অথবা মা
3. <labour_1285_s11> [বাংলাদেশ ইপিজেড শ্রম আইন, ২০১৯, ধারা ১১] কাজ বন্ধ রাখা — (১) অগ্নিকাণ্ড, মারাত্নক দৈব দুর্ঘটনা, মহামারি, ব্যাপক দাঙ্গা-হাঙ্গামা এর জন্য প্রয়োজন হইলে কোনো মালিক যে কোন
4. <labour_952_s4> [বাংলাদেশ শ্রম আইন, ২০০৬, ধারা ৪] শ্রমিকগণের শ্রেণী বিভাগ এবং শিক্ষানবিশীকাল — (১) কাজের ধরন ও প্রকৃতির ভিত্তিতে কোন প্রতিষ্ঠানে নিয়োজিত শ্রমিকগণকে নিম্নলিখিত শ্রেণীতে বিভক্ত করা যাইবে, যথ
5. <women_children_1119_s33> [শিশু আইন, ২০১৩, ধারা ৩৩] শিশুর ওপর নির্দিষ্ট ধরনের দণ্ড আরোপে বাধা-নিষেধ — (১) অন্য কোন আইনে ভিন্নরূপ যাহা কিছুই থাকুক না কেন, কোন শিশুকে মৃত্যুদণ্ড, যাবজ্জীবন কারাদণ্ড বা কারাদণ্ড প্রদ
6. <women_children_1063_s2> [পারিবারিক সহিংসতা (প্রতিরোধ ও সুরক্ষা) আইন, , ধারা ২] সংজ্ঞা — - বিষয় বা প্রসঙ্গের পরিপন্থী কিছু না থাকিলে, এই আইনে-(১)""অর্ন্তব র্তীকালীন সুরক্ষা আদেশ""অর্থ ধারা ১৩ এর অধীন 
7. <other_857_s44> [বাংলাদেশ টেলিযোগাযোগ নিয়ন্ত্রণ আইন, ২০০১, ধারা ৪৪] ক্ষতিপূরণ — (১) পরিচালনাকারী কর্তৃক ৪২ ধারার অধীনে তাহার পথাধিকার প্রয়োগ বা ৪৩ ধারার অধীনে তাহার প্রয়োজনে কৃত কোন কিছুর 
8. <other_1134_s4> [নিউরো-ডেভেলপমেন্টাল প্রতিবন্ধী  সুরক্ষা  ট্র, ধারা ৪] অটিজম বা অটিজম স্পেকট্রাম ডিসঅর্ডারস — যাহাদের মধ্যে নিম্নবর্ণিত দফাসমূহে উল্লিখিত লক্ষণসমূহের মধ্যে দফা (ক), (খ) ও (গ) এর উপস্থিতি নিশ্চিতভাবে এবং 
9. <labour_952_s101> [বাংলাদেশ শ্রম আইন, ২০০৬, ধারা ১০১] বিশ্রাম বা আহারের জন্য বিরতি — কোন প্রতিষ্ঠানে কোন শ্রমিক-(ক) দৈনিক ছয় ঘণ্টার অধিক কাজ করিতে বাধ্য থাকিবেন না, যদি না উক্ত দিনে তাহাকে বিশ্র
10. <other_1126_s4> [প্রতিবন্ধী ব্যক্তির অধিকার ও সুরক্ষা আইন, ২০, ধারা ৪] অটিজম বা অটিজমস্পেকট্রাম ডিজঅর্ডারস (autism or autism spectrum disorders) — যাহাদের মধ্যে নিম্নবর্ণিত দফাসমূহে উল্লিখিত লক্ষণসমূহের মধ্যে দফা (ক), (খ) ও (গ) এর উপস্থিতি নিশ্চিতভাবে এবং দ","cybercrime_1710_s25, labour_952_s332, criminal_procedure_11_s509",own_search,answered,2,Sifat
prot_0104_03,Iftiaq,VERIFY,"অর্পিত সম্পত্তির হিসাবে গেজেট প্রকাশিত হলে ওই সম্পত্তি কোনো ভারতীয় নাগরিক মালিকানা দাবি করতে পারবেন না। শুধু বাংলাদেশে বসবাসকারী ভারতীয় নাগরিকদের ‘উত্তরাধিকারী’ বা ‘উত্তরাধিকারীর স্বার্থাধিকারী’ ও সহ-অংশীদারেরা ট্রাইব্যুনালে আবেদন করতে পারবেন। ৪. যেহেতু মৃত নৃপেন্দ্র চন্দ্র দেব ও জীবিত কৃপেশ চন্দ্র দেব এই দেশ ১৯৬৫ সালের আগে ত্যাগ করেছেন (অব্যাহতভাবে বাংলাদেশের নাগরিক নন) সেহেতু তাঁদের ‘উত্তরাধিকারী’ বা ‘উত্তরাধিকারীর স্বার্থাধিকারী’ হিসেবে আমার পিতা হওয়াতে কোনো আইনগত বাধা আছে কি না? কারণ, সরকার তো তাঁদের নামীয় সম্পত্তি প্রত্যর্পণ তালিকায় প্রকাশ করেছে। এর পরও মৃত নৃপেন্দ্র চন্দ্র দেবের উত্তরাধিকারী ও কৃপেশ চন্দ্র দেব উভয় পক্ষদ্বয়, আমার পিতার সূত্রে বর্তমানে আমিই তাঁদের এই সম্পত্তির একমাত্র উত্তরাধিকারী এরূপ স্বীকৃতিপত্র উভয় পক্ষই দিতে সম্মত আছে। তবে ভারত থেকে তাঁদের পাঠানো ডকুমেন্ট রাষ্ট্রীয়ভাবে বাংলাদেশে অর্থাৎ এই ট্রাইব্যুনালে গৃহীত হবে কি না?","1. <land_856_s2_p2> [অর্পিত সম্পত্তি প্রত্যর্পণ আইন, ২০০১, ধারা ২] সংজ্ঞা — সম্পত্তি হিসাবে তালিকাভুক্ত হইয়াছে সেই মূল মালিক বা তাহার উত্তরাধিকারী, বা উক্ত মূল মালিক বা উত্তরাধিকারীর স্
2. <other_788_s239> [কোম্পানী আইন, ১৯৯৪, ধারা ২৩৯] প্রদায়কের উত্তরাধিকারী ইত্যাদির দায়-দায়িত্ব — (১) প্রদায়কের তালিকায় নাম লিপিবদ্ধ হওয়ার পূর্বে বা পরে কোন প্রদায়কের মৃত্যু ঘটিলে, তাহার আইনানুগ প্রতিনিধি
3. <land_856_s6> [অর্পিত সম্পত্তি প্রত্যর্পণ আইন, ২০০১, ধারা ৬] কতিপয় সম্পত্তি 1 [প্রত্যর্পণযোগ্য সম্পত্তির তালিকায়] অন্তর্ভুক্তি নিষিদ্ধ — 13[প্রত্যর্পণযোগ্য সম্পত্তির তালিকায়] নিম্নবর্ণিত সম্পত্তি অন্তর্ভুক্ত করা যাইবে না, যথা:-(ক) কোন সম্পত্তি অর
4. <land_856_s10_p0> [অর্পিত সম্পত্তি প্রত্যর্পণ আইন, ২০০১, ধারা ১০] 1 [প্রত্যর্পণযোগ্য] সম্পত্তি প্রত্যর্পণ বা অবমুক্তির আবেদন, রেজিষ্ট্রি, রায় ও রায়ের অনুলিপি — (১)38[ধারা ৯ এর অধীন গেজেটে প্রকাশিত ক তফসিলভুক্ত অর্পিত] সম্পত্তির মালিক উক্ত সম্পত্তি তাহার অনুকূলে প্রত্যর্
5. <labour_952_s131> [বাংলাদেশ শ্রম আইন, ২০০৬, ধারা ১৩১] (১) এই অধ্যায়ের অন্যান্য বিধান সাপেক্ষে, কোনো শ্রমিককে মজুরি হিসাবে প্রদেয় সকল অর্থ তাহার মৃত্যুজনিত কারণে অ
6. <land_856_s9> [অর্পিত সম্পত্তি প্রত্যর্পণ আইন, ২০০১, ধারা ৯] 1 [প্রত্যর্পণযোগ্য ]সম্পত্তির তালিকা প্রকাশ — 21[ (১) অর্পিত সম্পত্তি প্রত্যর্পণ (সংশোধন) আইন, ২০১১ কার্যকর হইবার22[ ৩০০ (তিনশত)] দিনের মধ্যে সরকার এই ধারার
7. <other_1347_s10> [সামুদ্রিক মৎস্য (Marine Fisheries) আইন, ২০২০, ধারা ১০] লাইসেন্স হস্তান্তর নিষিদ্ধ, ইত্যাদি — লাইসেন্স হস্তান্তরযোগ্য বা বিক্রয়যোগ্য হইবে না :তবে শর্ত থাকে যে, ব্যক্তিমালিকানার ক্ষেত্রে লাইসেন্স গ্রহীতার
8. <land_856_s28ক> [অর্পিত সম্পত্তি প্রত্যর্পণ আইন, ২০০১, ধারা ২৮ক] (১) অর্পিত সম্পত্তি প্রত্যর্পণ (দ্বিতীয় সংশোধন) আইন, ২০১৩ কার্যকর হইবার সঙ্গে সঙ্গে অর্পিত সম্পত্তি সম্পর্কিত
9. <other_1131_s17> [বৈদেশিক কর্মসংস্থান ও অভিবাসী আইন, ২০১৩, ধারা ১৭] লাইসেন্স হস্তান্তর ও ঠিকানা পরিবর্তন, ইত্যাদি — (১) কোন রিক্রুটিং এজেন্ট তাহার লাইসেন্স অন্য কোন ব্যক্তির নিকট কোন ভাবে হস্তান্তর করিতে পারিবে না।(২) কোন রিক্
10. <other_1287_s16> [উদ্ভিদের জাত সংরক্ষণ আইন, ২০১৯, ধারা ১৬] নিবন্ধনের জন্য আবেদনকারীর যোগ্যতা, ইত্যাদি — (১) নিম্নবর্ণিত ব্যক্তি ও প্রতিষ্ঠানউদ্ভিদের জাত সংরক্ষণের জন্য আবেদনের যোগ্য বলিয়া গণ্য হইবে, যথা : -(ক) বাং",1,candidate,answered,1,Sifat
prot_0038_05,Iftiaq,VERIFY,আমার বিয়ে হয় ২০০৮ সালে। এর এক বছর পর আমার একটি ছেলে হয়। বিয়েতে দেনমোহর যা ছিল তার মধ্যে কিছু টাকা বিয়ের সময় পরিশোধ করা হয়। এটি কাবিনে উল্লেখ আছে। এখন আমি স্ত্রীকে তালাক দিলে আমাকে বাকি আর কত টাকা দিতে হবে এবং আমার স্ত্রী আমার বিরুদ্ধে কোনো আইনি ব্যবস্থা নিতে পারবে কি না? আমার বাচ্চাটি কার কাছে থাকবে?,"1. <criminal_procedure_1013_s106> [বরিশাল মহানগরী পুলিশ আইন, ২০০৯, ধারা ১০৬] কতিপয় ক্ষেত্রে পুলিশ কর্মকর্তার দণ্ড প্রদানের ক্ষমতা — (১) পুলিশ কমিশনার কর্তৃক সাধারণ বিজ্ঞপ্তি মারফত নির্ধারিত পদের পুলিশ কর্মকর্তা যদি দেখেন যে, ধারা ৬৭, ৬৮, ৬৯, 
2. <criminal_procedure_1012_s106> [সিলেট মহানগরী পুলিশ আইন, ২০০৯, ধারা ১০৬] কতিপয় ক্ষেত্রে পুলিশ কর্মকর্তার দন্ড দেওয়ার ক্ষমতা — (১) পুলিশ কমিশনার কর্তৃক সাধারণ বিজ্ঞপ্তি মারফত নির্ধারিত পদের পুলিশ কর্মকর্তা যদি দেখেন যে, ধারা ৬৭, ৬৮, ৬৯, 
3. <criminal_procedure_765_s105> [রাজশাহী মহানগরী পুলিশ আইন, ১৯৯২, ধারা ১০৫] কতিপয় মামলার নিষ্পত্তি — (১) ধারা ৫৮, ৫৯, ৬২, ৬৩, ৬৬, ৭১, ৭২, ৭৩, ৭৪, ৭৬, ৮০, ৮১, ৮২, ৮৩, ৮৫, ৮৬, ৮৯, ৯৫, ৯৬, ৯৭, ৯৯ বা ১০০ এর অধীন দণ্
4. <criminal_procedure_1013_s105> [বরিশাল মহানগরী পুলিশ আইন, ২০০৯, ধারা ১০৫] কতিপয় মামলার নিষ্পত্তি — (১) ধারা ৫৮, ৫৯, ৬২, ৬৩, ৬৬, ৭১,৭২, ৭৩, ৭৪, ৭৬, ৮০, ৮১, ৮২, ৮৩, ৮৫, ৮৬, ৮৯, ৯৫, ৯৬, ৯৭, ৯৯, বা ১০০ এর অধীন দণ্
5. <criminal_procedure_1012_s105> [সিলেট মহানগরী পুলিশ আইন, ২০০৯, ধারা ১০৫] কতিপয় মামলার নিষ্পত্তি — (১) ধারা ৫৮, ৫৯, ৬২, ৬৩, ৬৬, ৭১,৭২, ৭৩, ৭৪, ৭৬, ৮০, ৮১, ৮২, ৮৩, ৮৫, ৮৬, ৮৯, ৯৫, ৯৬, ৯৭, ৯৯, বা ১০০ এর অধীন দন্
6. <criminal_procedure_765_s106> [রাজশাহী মহানগরী পুলিশ আইন, ১৯৯২, ধারা ১০৬] কতিপয় ক্ষেত্রে পুলিশ কর্মকর্তার দণ্ড দেওয়ার ক্ষমতা — (১) পুলিশ কমিশনার কর্তৃক সাধারণ বিজ্ঞপ্তি মারফত নির্ধারিত পদের পুলিশ কর্মকর্তা যদি দেখেন যে, ধারা ৬৭, ৬৮, ৬৯ ব
7. <other_788_s342> [কোম্পানী আইন, ১৯৯৪, ধারা ৩৪২] লিকুইডেটর কর্তৃক ব্যাংকে টাকা জমাদান — (১) আদালত কর্তৃক অবলুপ্ত হইতেছে এইরূপ কোম্পানীর প্রত্যেক লিকুইডেটর তত্কর্তৃক গৃহীত সকল টাকা নির্ধারিত পদ্ধতিতে
8. <other_1192_s31> [বাংলাদেশ সেতু কর্তৃপক্ষ আইন, ২০১৬, ধারা ৩১] শুনানি ব্যতীত মামলা নিস্পত্তির জন্য বিশেষ কার্যধারা — (১) এই আইন অথবা বিধি বা প্রবিধানের অধীন সংঘটিত কোন অপরাধ কোন আদালত কর্তৃক বিচারার্থে গৃহীত হইলে উক্ত আদালত কর্
9. <other_1586_s23> [গুম প্রতিরোধ ও প্রতিকার অধ্যাদেশ, ২০২৫, ধারা ২৩] স্ত্রী বা সন্তান কর্তৃক গুম হওয়া ব্যক্তির সম্পত্তি ব্যবহারের অনুমতি — (১) গুম হওয়া ব্যক্তির দায় পরিশোধ, তাহার স্ত্রী বা তাহার উপর নির্ভরশীল পরিবারের সদস্যদের ভরণপোষণের বা অন্য কো
10. <other_1476_s171_p10> [কাস্টমস আইন, ২০২৩, ধারা ১৭১] অপরাধসমূহের জরিমানা বা দণ্ড — অধ্যায়ের ধারা ১৪২, ১৪৩, ১৪৪ বা ১৪৫ এর বিধান অনুযায়ী ট্রানজিট পদ্ধতির অধীন ন্যস্তকৃত পণ্য এবং প্রযোজ্য দলিল, ","family_305_s7, family_305_s10, family_64_s17",own_search,answered,2,Sifat
lawy_0445_01,Iftiaq,VERIFY,চেক ডিসঅনার মামলা : কখন ও কিভাবে করতে হয়?,"1. <other_1496_s28> [পরিশোধ ও নিষ্পত্তি ব্যবস্থা আইন, ২০২৪, ধারা ২৮] চেক, ইত্যাদি — চেকসহ অন্যান্য কাগুজে পরিশোধ দলিলের অর্থ পরিশোধের ক্ষেত্রেNegotiable Instruments Act, 1881(Act No. XXVI of 188
2. <other_751_s115> [ব্যাংক-কোম্পানী আইন, ১৯৯১, ধারা ১১৫] কোন ব্যাংক-কোম্পানী, বাংলাদেশ ব্যাংক বা সরকার কর্তৃক বাংলাদেশ ব্যাংকের সুপারিশক্রমে এতদুদ্দেশ্যে বিজ্ঞাপিত কোন
3. <other_1055_s17> [রিয়েল এস্টেট উন্নয়ন ও ব্যবস্থাপনা আইন, ২০১০, ধারা ১৭] ক্রেতা কর্তৃক অর্থ ফেরত গ্রহণের নিয়মাবলী — কোন কারণে ক্রেতা লিখিত আবেদনের মাধ্যমে তাঁহার অনুকূলে প্রদত্ত বরাদ্দ বাতিলপূর্বক পরিশোধিত অর্থ ফেরত গ্রহণ করিত
4. <other_751_s35_p0> [ব্যাংক-কোম্পানী আইন, ১৯৯১, ধারা ৩৫] অদাবীকৃত আমানত এবং মূল্যবান সামগ্রী — (১) যেক্ষেত্রে-(ক) কোন ব্যাংক-কোম্পানীর কোন বাংলাদেশী শাখায় সরকার, নাবালক বা আদালতের অর্থ ব্যতীত অন্য কাহারো1
5. <other_1478_s24> [ফাইন্যান্স কোম্পানি আইন, ২০২৩, ধারা ২৪] আমানত গ্রহণে বাধা-নিষেধ — (১) ফাইন্যান্স কোম্পানি এইরূপ কোনো আমানত গ্রহণ করিবে না যাহা চাহিবামাত্র চেক, ড্রাফট, ডেবিট কার্ড অথবা আমানতকা
6. <other_1429_s100> [আয়কর আইন, ২০২৩, ধারা ১০০] বিমার কমিশনের অর্থ হইতে কর্তন — কমিশন বা অন্য কোনো উপায়ে সম্মানি বা পুরষ্কারের মাধ্যমে বিমা গ্রহণের জন্য আহ্বান বা বিমা সংগ্রহের ব্যবসাসহ বিম
7. <other_788_s79> [কোম্পানী আইন, ১৯৯৪, ধারা ৭৯] নাম প্রকাশ না করার দণ্ড — (১) কোন সীমিতদায় কোম্পানী ধারা ৭৮(ক) এর বিধান পালনে ব্যর্থ হইলে, যতদিন উক্ত ব্যর্থতা অব্যাহত থাকে, ততদিনের প্
8. <other_756_s15> [গণভোট আইন, ১৯৯১, ধারা ১৫] নষ্ট ব্যালট পেপার — (১) যদি কোন ভোটার অসাবধানতাবশতঃ তাহার ব্যালট পেপার এইরূপভাবে নষ্ট করেন যে, উহা একটি বৈধ ব্যালট পেপার হিসাবে ব্
9. <labour_1285_s58> [বাংলাদেশ ইপিজেড শ্রম আইন, ২০১৯, ধারা ৫৮] মজুরি হইতে কর্তনযোগ্য বিষয়াদি — (১) এইআইনদ্বারা অনুমোদিত কর্তনের ক্ষেত্র ব্যতীত অন্য কোনো ক্ষেত্রে কোনো শ্রমিকের মূল মজুরি হইতে কিছুই কর্তন কর
10. <other_1009_s2_p2> [সন্ত্রাস বিরোধী আইন, ২০০৯, ধারা ২] সংজ্ঞা — বা ডিজিটালসহ যে কোন ধরনের আইনি দলিল বা ইনস্ট্রূমেন্ট যাহা উক্ত তহবিল বা সম্পদের মালিকানা স্বত্ব বা মালিকানা স্","money_recovery_46_s138_p0, money_recovery_46_s141",own_search,answered,3,Sifat
prot_0000_02,Iftiaq,VERIFY,"আমি স্নাতক (সম্মান) শেষ বর্ষের পরীক্ষা দেব। আমার সঙ্গে হিন্দুধর্মাবলম্বী একজন মেয়ের সম্পর্ক রয়েছে। আমরা দুজন দুজনকেই অনেক বেশি ভালোবাসি। কিছুদিন আগে ওর পরিবার সব বুঝতে পারে। ওকে এক মাস ঘরে আটকে রেখে জোর করে বিয়ে দেয়। আজ বিয়ে হওয়ার প্রায় দুই মাস হয়ে গেল। ও আমার কাছে ফিরে আসতে চায়। আমার জন্য সব করতে পারবে। আমিও চাই। আসলে আইন কী বলছে, আমি তা জানতে চাই। আমরা কি বিয়ে করতে পারব? আর আমাদের কী করা উচিত?","1. <criminal_procedure_1012_s52> [সিলেট মহানগরী পুলিশ আইন, ২০০৯, ধারা ৫২] নিয়োগপত্র, প্রভৃতি ফেরৎ দিতে গাফিলতি বা অস্বীকৃতি জ্ঞাপনের দণ্ড — কোন পুলিশ কর্মকর্তা বাহিনীর সহিত সম্পর্ক ছিন্ন হওয়ার অব্যবহিত পরে তাহার নিয়োগপত্র, অস্ত্র, পোশাক ও অন্যান্য 
2. <criminal_procedure_1013_s52> [বরিশাল মহানগরী পুলিশ আইন, ২০০৯, ধারা ৫২] নিয়োগপত্র, প্রভৃতি ফেরত দিতে গাফিলতি বা অস্বীকৃতি জ্ঞাপনের দণ্ড — কোন পুলিশ কর্মকর্তা বাহিনীর সহিত সম্পর্ক ছিন্ন হওয়ার অব্যবহিত পরে তাহার নিয়োগপত্র, অস্ত্র, পোশাক ও অন্যান্য 
3. <other_1725_s97_p1> [অর্থ আইন, ২০২৬, ধারা ৯৭] ২০২৩ সনের ১২ নং আইনের ধারা ১৭০ এর সংশোধন — করের ৫% (পাঁচ শতাংশ) অথবা ৫ (পাঁচ) হাজার টাকা, যাহা অধিক সেই পরিমাণ অতিরিক্ত কর প্রযোজ্য হইবে । (খ) পূর্বে কখন
4. <criminal_procedure_765_s52> [রাজশাহী মহানগরী পুলিশ আইন, ১৯৯২, ধারা ৫২] নিয়োগপত্র, প্রভৃতি ফেরত্ দিতে গাফিলতি বা অস্বীকৃতি জ্ঞাপনের দণ্ড — কোন পুলিশ কর্মকর্তা বাহিনীর সহিত সম্পর্ক ছিন্ন হওয়ার অব্যবহিত পরে তাহার নিয়োগপত্র, অস্ত্র, পোশাক ও অন্যান্য 
5. <other_751_s70> [ব্যাংক-কোম্পানী আইন, ১৯৯১, ধারা ৭০] সরকারী অবসায়ক কর্তৃক প্রাথমিক প্রতিবেদন দাখিল — কোম্পানী আইনের283[ধারা ২৫৯] তে ভিন্নতর কোন বিধান থাকা সত্ত্বেও, যে ক্ষেত্রে এই284[আইন] প্রবর্তনের পূর্বে বা পর
6. <other_1052_s10_p1> [বাংলাদেশ গ্যাস আইন, ২০১০, ধারা ১০] কতিপয় অপরাধের দণ্ড — গ্রাহক দোষী সাব্যস্ত হইলে, তিনি অনধিক ৩ (তিন) মাস কারাদন্ডে বাঅনধিক ১০ (দশ) হাজার টাকা অর্থদন্ডে বা উভয় দন্ডে
7. <other_1052_s11> [বাংলাদেশ গ্যাস আইন, ২০১০, ধারা ১১] অননুমোদিত উদ্দেশ্যে গ্যাস ব্যবহারের দন্ড — (১) কোন গৃহস্থালী গ্রাহক তাহার গৃহস্থালী সংযোগ হইতে অননুমোদিত বা অবৈধভাবে বাণিজ্যিক কাজে বা শিল্প প্রতিষ্ঠানে 
8. <labour_952_s300> [বাংলাদেশ শ্রম আইন, ২০০৬, ধারা ৩০০] কোন ব্যক্তি একই সময়ে একাধিক ট্রেড ইউনিয়নের সদস্য হইলে বা থাকিলে, তিনি215[ এক মাস] পর্যন্ত কারাদণ্ডে অথবা দুই
9. <other_1169_s54> [ফাইনান্সিয়াল রিপোর্টিং আইন, ২০১৫, ধারা ৫৪] আপীল কর্তৃপক্ষ — (১) এই আইনের অধীন আপীল শুনানীর জন্য সরকার, সরকারি গেজেটে প্রজ্ঞাপন দ্বারা, একটি আপীল কর্তৃপক্ষ গঠন করিতে পারিব
10. <consumer_1270_s50> [ওজন ও পরিমাপ মানদণ্ড আইন, ২০১৮, ধারা ৫০] সীলমোহর জালকরণের দণ্ড, ইত্যাদি — কোনো ব্যক্তি যদি-(ক) কোনো সীলমোহর অথবা স্ট্যাম্প জাল করেন; বা(খ) জাল সীলমোহর অধিকারে রাখেন, বিক্রয় বা অন্য কো","criminal_procedure_11_s494, criminal_procedure_11_s498, other_25_s2",own_search,answered,1,Sifat
prot_0076_02,Iftiaq,VERIFY,"আমার বাবা ক্যানসারে আক্রান্ত হলে তড়িঘড়ি আমাদের দুই বোনকে বিয়ে দিয়ে দেন। বড় বোনের বিয়ে হয় তাঁর পছন্দের ছেলের সঙ্গে। ভালোই আছেন তাঁরা। আমার স্বামী যুক্তরাজ্যে লেখাপড়া করে। ঢাকায় বাড়ি আছে। আমি দেখতে খুব সুশ্রী বলে শ্বশুরবাড়িতে বেশ আদর পাচ্ছিলাম। কিন্তু আমার বাবা জুন মাসে মারা যাওয়ার পরই নির্যাতন শুরু হয় আমার ওপর। ঢাকায় আমার পরিবারের সঙ্গে থেকে স্নাতক (সম্মান) শ্রেণীতে পড়ছিলাম। আমার শ্বশুর আমাকে দনিয়া কলেজে ভর্তি করিয়ে স্নাতক (সম্মান) কোর্সকরায় বাদ সাধেন। স্বামী এখানে না থাকায় মা চাইছিলেন না আমি শ্বশুরবাড়ি থাকি। কিন্তু শ্বশুরের পীড়াপীড়িতে একসময় যেতে বাধ্য হই। তারপর নানা অজুহাতে শ্বশুর শারীরিক ও মানসিক নির্যাতন চালান আমার ওপর। স্বামীর কাছেও আমার সম্পর্কে অবান্তর কথাবার্তা বলেন। আমার বক্তব্য না শুনেই বিদেশ থেকে ক্ষিপ্ত হয়ে এসএমএস করতে থাকে স্বামী। এসব ঘটনা আমার মাকে জানাইনি। তিনি একদিন আমাকে দেখতে আসেন। তাঁর সঙ্গে আমার শ্বশুর এত নোংরা ব্যবহার করেন, ফলে মা বুঝতে পারেন তাঁর মেয়ে কী অবস্থায় আছে। তাৎক্ষণিকভাবেই মা আমাকে বাড়িতে নিয়ে আসেন। আমার স্বামীকে এসব জানানো হলে তালাকনামা পাঠিয়ে দেয় আমাদের ঠিকানায়। আমি জানি সে চরম বিভ্রান্ত, এ কারণে নীরবেই দিনাতিপাত করছি। কিন্তু তার কোনো সুমতি যেমন দেখছি না। তালাকনামা পাঠানোর পরও আমার মোহরানা, খোরপোশ কিছুই পরিশোধ করেনি। এ অবস্থায় আমার করণীয় কী? সে যদি সত্য উদ্ঘাটিত করে আমার সঙ্গে সংসার করতে চায়, তাহলে কীভাবে তা সম্ভব? নাম প্রকাশে অনিচ্ছুকঢাকা","1. <other_1485_s9> [বাংলাদেশ পুলিশ কল্যাণ তহবিল আইন, ২০২৩, ধারা ৯] মৃত্যু এবং অক্ষমতাজনিত কারণে এককালীন এবং মাসিক কল্যাণ অনুদান — (১) কোনো কর্মচারী বা তাহার মৃত্যু হইলে তাহার স্ত্রী বা, ক্ষেত্রমত, স্বামী, বিধি দ্বারা নির্ধারিত পদ্ধতিতে, নিম
2. <women_children_1063_s3> [পারিবারিক সহিংসতা (প্রতিরোধ ও সুরক্ষা) আইন, , ধারা ৩] পারিবারিক সহিংসতা — - এই আইনের উদ্দেশ্য পূরণকল্পে পারিবারিক সহিংসতা বলিতে পারিবারিক সম্পর্ক রহিয়াছে এমন কোন ব্যক্তি কতৃর্ক পরিবার
3. <labour_952_s98> [বাংলাদেশ শ্রম আইন, ২০০৬, ধারা ৯৮] সংবাদপত্র শ্রমিকের জন্য চিকিৎসা পরিচর্যা — প্রত্যেক সংবাদপত্র শ্রমিক এবং তাহার উপর নির্ভরশীলগণ সংবাদপত্র প্রতিষ্ঠানের খরচে বিধি দ্বারা নির্ধারিত পন্থায় 
4. <other_822_s10> [পার্বত্য চট্টগ্রাম আঞ্চলিক পরিষদ আইন, ১৯৯৮, ধারা ১০] সম্পত্তি সম্পর্কিত ঘোষণা — চেয়ারম্যান ও প্রত্যেক সদস্য তাহার কার্যভার গ্রহণের পূর্বে তাহার এবং তাঁহার পরিবারের কোন সদস্যের স্বত্ব, দখল ব
5. <local_government_1027_s41> [স্থানীয় সরকার (ইউনিয়ন পরিষদ) আইন, ২০০৯, ধারা ৪১] সম্পত্তি সম্পর্কিত ঘোষণা — চেয়ারম্যান ও সদস্য তাঁহার কার্যভার গ্রহণের পূর্বে তাঁহার এবং তাঁহার পরিবারের কোন সদস্যের স্বত্ব, দখল বা স্বার
6. <local_government_827_s10> [উপজেলা পরিষদ আইন, ১৯৯৮, ধারা ১০] সম্পত্তি সম্পর্কিত ঘোষণা — 14[চেয়ারম্যান ও ভাইস চেয়ারম্যান ] তাঁহার কার্যভার গ্রহণের পূর্বে তাঁহার এবং তাঁহার পরিবারের কোন সদস্যের স্বত
7. <other_1266_s2_p3> [বাংলাদেশ মুক্তিযোদ্ধা কল্যাণ ট্রাস্ট আইন, ২০, ধারা ২] সংজ্ঞা — বা স্বামী এবং পিতা-মাতার অবর্তমানে খেতাবপ্রাপ্ত বীর মুক্তিযোদ্ধার সন্তান; বা(উ) (অ)-(ঈ) পর্যন্ত বর্ণিত ব্যক্তি
8. <other_1725_s21_p29> [অর্থ আইন, ২০২৬, ধারা ২১] ২০১২ সনের ৪৭ নং আইনের দ্বিতীয় তফসিলের সংশোধন — ডলার পর্যন্ত ৪৫ (ঘ) মূল্যসীমা ১০০০০০ মা. ডলার এর ঊর্ধ্ব হইতে ২০০০০০ মা. ডলার পর্যন্ত ৬০ (ঙ) মূল্যসীমা ২০০০০০ ম
9. <other_1124_s7> [মাতৃদুগ্ধ বিকল্প, শিশু খাদ্য, বাণিজ্যিকভাবে , ধারা ৭] শিক্ষামূলক বা অন্যান্য তথ্যাদি — জন্ম-পূর্ববর্তী বা জন্ম-পরবর্তী সেবা দানের উদ্দেশ্যে কোন গর্ভবতী মহিলা বা মাতৃদুগ্ধদানকারী বা শিশুর মায়েদের স
10. <other_1271_s46> [সরকারি চাকরি আইন, ২০১৮, ধারা ৪৬] অক্ষমতাজনিত অবসর — (১) কোনো সরকারি কর্মচারী শারীরিক অথবা মানসিক অসামর্থ্য বা বৈকল্যের কারণে সরকারি কর্ম সম্পাদনে নিজেকে অক্ষম মনে","family_305_s7, family_1444_s5",own_search,answered,2,Sifat
prot_0024_01,Iftiaq,VERIFY,"চার বছর আগে আমার সঙ্গে একটি মেয়ের সম্পর্ক হয়। গত বছর আমরা কোর্ট ম্যারেজ করি কিন্তু কাজী অফিসে নিবন্ধন করিনি মেয়ের আপত্তির কারণে। তার ধারণা, এর ফলে বিয়ের কথা জানাজানি হয়ে যাবে আর তার পরিবার বিয়ের কাগজ তুলে আমাকে তালাক দিতে বাধ্য করাবে। এবং সে ২০১৪ সালে এসএসসি পরীক্ষা দেয়। সমস্যা হলো, মাধ্যমিক পরীক্ষার সনদপত্র অনুযায়ী এখন তার বয়স ১৬ বছর। কিন্তু সে বলে তার বয়স আরও দুই-তিন বছর বেশি হবে। কারণ সে কেজি স্কুলে লেখাপড়া করেছে। আমাদের বিয়ের বিষয়টা জানাজানি হওয়াতে তার পরিবার তাকে সব সময় শারীরিক ও মানসিক নির্যাতন করে। ওকে আমার পরিবার বউ হিসেবে গ্রহণ করতে রাজি। মেয়েটা অনেক দিন যাবৎ বাসা থেকে বের হয়ে যেতে যাচ্ছে। আমি ওকে অপেক্ষা করতে বলি। এ অবস্থায় আমি কী করব বুঝতে পারছি না। সে দুই মাসের অন্তঃসত্ত্বা। এ অবস্থায় সে যদি আমার বাসায় চলে আসে এবং সে যদি থানায় আমার পক্ষে সাক্ষ্য দেয়, তাহলে কি প্রশাসন আমাকে কোনো সমস্যা করবে? ও চলে এলে ওর পরিবার হয়তো বা অপহরণ মামলা দিতেও পারে। এই ক্ষেত্রে আমার করণীয় কী? নাম প্রকাশে অনিচ্ছুক","1. <labour_1285_s24> [বাংলাদেশ ইপিজেড শ্রম আইন, ২০১৯, ধারা ২৪] চাকরি হইতে অবসর গ্রহণ — (১) এই অধ্যায়ের অন্যত্র যাহা কিছুই উল্লে­খ থাকুক না কেন, কোনো প্রতিষ্ঠানে নিয়োজিত কোনো শ্রমিকের বয়স ৬০ (ষাট
2. <other_1717_s18ক_p1> [ব্যাংক রেজল্যুশন আইন, ২০২৬, ধারা ১৮ক] রেজল্যুশন কার্যক্রম হইতে শেয়ার, সম্পদ-দায়, পুনঃধারণ বা ধারণ — বা পক্ষ ক্ষতিগ্রস্থ হইলে তাহাদের প্রাপ্য ক্ষতিপূরণ প্রদান করিবে; ছ) বাংলাদেশ ব্যাংক, আবেদনকারীর নিকট হস্তান্তর
3. <other_1403_s40> [মোংলা বন্দর কর্তৃপক্ষ আইন, ২০২২, ধারা ৪০] দণ্ড — কোনো ব্যক্তি যদি এই আইন ও বিধির কোনো বিধান লঙ্ঘন করেন তাহা হইলে উক্ত লঙ্ঘন হইবে একটি অপরাধ এবং তজ্জন্য তিনি অন
4. <other_889_s12> [নিরাপদ রক্ত পরিসঞ্চালন আইন, ২০০২, ধারা ১২] লাইসেন্সের মেয়াদ ও নবায়ন — (১) বেসরকারী রক্ত পরিসঞ্চালন কেন্দ্র স্থাপন ও পরিচালনার জন্য প্রদত্ত লাইসেন্সের মেয়াদ হইবে লাইসেন্স ইস্যুর তা
5. <other_1134_s6> [নিউরো-ডেভেলপমেন্টাল প্রতিবন্ধী  সুরক্ষা  ট্র, ধারা ৬] বুদ্ধিপ্রতিবন্ধিতা — নিম্নবর্ণিত বৈশিষ্ট্যসমূহের মধ্যে এক বা একাধিক বৈশিষ্ট্যের অধিকারী কোনো ব্যক্তি বুদ্ধিপ্রতিবন্ধি ব্যক্তি বলিয়
6. <other_1200_s4> [বাংলাদেশ নার্সিং ও মিডওয়াইফারি কাউন্সিল আইন,, ধারা ৪] কাউন্সিলের গঠন — (১) কাউন্সিল নিম্নবর্ণিত সদস্য সমন্বয়ে গঠিত হইবে, যথা:-(ক) সচিব,2[স্বাস্থ্য শিক্ষা ও পরিবার কল্যাণ বিভাগ], পদ
7. <other_1016_s11> [বাংলাদেশ ইউনিভার্সিটি অব প্রফেশনালস আইন, ২০০, ধারা ১১] ভাইস-চ্যান্সেলর নিয়োগ — (১) চ্যান্সেলর, তদকর্তৃক নির্ধারিত শর্তে, মেজর জেনারেল বা তদূর্ধ্ব পদবীর, চাকুরীরত বা অবসরপ্রাপ্ত, কোন কর্মকর্
8. <other_1025_s8> [মোবাইল কোর্ট আইন, ২০০৯, ধারা ৮] দণ্ড আরোপের সীমাবদ্ধতা — (১) এই আইনের অধীন মোবাইল কোর্ট পরিচালনা করিয়া দণ্ড আরোপ করিবার ক্ষেত্রে, সংশ্লিষ্ট অপরাধের জন্য সংশ্লিষ্ট আইন
9. <other_1138_s2> [গ্রামীণ ব্যাংক আইন, ২০১৩, ধারা ২] সংজ্ঞা — বিষয় বা প্রসংগের পরিপন্থি কোন কিছু না থাকিলে, এই আইনে,-1[(১) “ঋণ” অর্থ এইরূপ কোনো ব্যক্তির পক্ষে ব্যাংক কর্তৃ
10. <other_1725_s97_p1> [অর্থ আইন, ২০২৬, ধারা ৯৭] ২০২৩ সনের ১২ নং আইনের ধারা ১৭০ এর সংশোধন — করের ৫% (পাঁচ শতাংশ) অথবা ৫ (পাঁচ) হাজার টাকা, যাহা অধিক সেই পরিমাণ অতিরিক্ত কর প্রযোজ্য হইবে । (খ) পূর্বে কখন","women_children_1207_s7, women_children_1207_s12, women_children_835_s7",own_search,answered,2,Sifat
prot_0063_05,Iftiaq,VERIFY,"আমার বয়স ২১। স্নাতক পর্যায়ে পড়ছি। বাবা-মা আমাকে অনিচ্ছা সত্ত্বেও জোরপূর্বক বিয়ে দেওয়ার চেষ্টা করছেন। আমি এখন বিয়েতে রাজি না, এটা তাঁদের বুঝিয়েও পারছি না। আমি মাধ্যমিক ও উচ্চমাধ্যমিকে ভালো ফল করে ভালো বিষয়ে পড়ছি। আমার ছোটবেলা থেকে স্বপ্ন একজন চার্টার্ড অ্যাকাউনটেন্ট হওয়ার। কিন্তু বাবা-মা আমার স্বপ্নপূরণে ইচ্ছুক নন। আমার বাবা খুব ক্ষমতাশালী ব্যক্তি। এখন আমি খুব চিন্তায় আছি এবং অসহায় বোধ করছি। আমার কাছে পর্যাপ্ত টাকা নেই এবং কোনো পরিচিত উকিলও নেই। এ মুহূর্তে আমি কী করতে পারি? আমি কি কোনো আইনানুগ সহায়তা পাব? একজন প্রাপ্তবয়স্ক মেয়েকে জোরপূর্বক বিয়ে দেওয়ার বিরুদ্ধে আইন কি কোনো সহায়তা করবে?নাম প্রকাশে অনিচ্ছুকদিনাজপুর","1. <criminal_procedure_765_s93> [রাজশাহী মহানগরী পুলিশ আইন, ১৯৯২, ধারা ৯৩] বন্ধকগ্রহীতা, প্রভৃতি কর্তৃক চোরাই সম্পত্তি সম্পর্কে পুলিশকে খবর না দেওয়ার দণ্ড — কোন বন্ধকগ্রহীতা বা পুরাতন জিনিসের ব্যবসায়ী বা ধাতব কারখানার কর্মচারী কোন দ্রব্য চুরি হওয়ার ব্যপারে পুলিশ কর
2. <other_1482_s31> [বাংলাদেশ হোমিওপ্যাথিক চিকিৎসা শিক্ষা আইন, ২০, ধারা ৩১] ব্যবস্থাপত্রে অ-অনুমোদিত ঔষধ লিখিবার দণ্ড — (১) কোনো হোমিওপ্যাথিক চিকিৎসক হোমিওপ্যাথিক ফার্মাকোপিয়াতে অন্তর্ভুক্ত নেই এমন কোনো ঔষধ হোমিওপ্যাথিক চিকিৎসা ব
3. <labour_1285_s176> [বাংলাদেশ ইপিজেড শ্রম আইন, ২০১৯, ধারা ১৭৬] জোরপূর্বক বা বল প্রয়োগে কর্মে নিয়োগে বাধা-নিষেধ — কোনো শিল্প প্রতিষ্ঠানে কোনো কর্মে জোরপূর্বক বা বল প্রয়োগে কোনো ব্যক্তিকে নিয়োগ করা যাইবে না।
4. <other_1586_s9> [গুম প্রতিরোধ ও প্রতিকার অধ্যাদেশ, ২০২৫, ধারা ৯] কতিপয় ক্ষেত্রে অন্তর্বর্তীকালীন তদন্ত প্রতিবেদন — (১) ধারা ৮ এ যাহা কিছু থাকুক না কেন, যেক্ষেত্রে কোনো অভিযোগে উল্লেখ থাকে যে, কোনো ঊর্ধ্বতন ব্যক্তি ধারা ৪ এর উ
5. <other_751_s61> [ব্যাংক-কোম্পানী আইন, ১৯৯১, ধারা ৬১] ট্রাইব্যুনালের গঠন — (১) এই খণ্ডের উদ্দেশ্য পূরণকল্পে সরকার একজন চেয়ারম্যান ও অপর দুইজন সদস্য সমন্বয়ে একটি ট্রাইব্যুনাল গঠন করিতে
6. <criminal_procedure_1238_s91> [গাজীপুর মহানগরী পুলিশ আইন, ২০১৮, ধারা ৯১] বন্ধকগ্রহীতা বা অন্য কোনো ব্যক্তি কর্তৃক চোরাই সম্পত্তি সম্পর্কে পুলিশকে খবর না দেওয়ার দণ্ড — কোনো বন্ধকগ্রহীতা বা পুরাতন জিনিসের ব্যবসায়ী বা ধাতব কারখানার কর্মচারী কোনো দ্রব্য চুরি হইবার বিষয়ে পুলিশ অফ
7. <criminal_procedure_1239_s91> [রংপুর মহানগরী পুলিশ আইন, ২০১৮, ধারা ৯১] বন্ধকগ্রহীতা বা অন্য কোনো ব্যক্তি কর্তৃক চোরাই সম্পত্তি সম্পর্কে পুলিশকে খবর না দেওয়ার দণ্ড — কোনো বন্ধকগ্রহীতা বা পুরাতন জিনিসের ব্যবসায়ী বা ধাতব কারখানার কর্মচারী কোনো দ্রব্য চুরি হইবার বিষয়ে পুলিশ অফ
8. <other_1443_s54> [বাংলাদেশ ক্ষুদ্র ও কুটির শিল্প কর্পোরেশন আইন, ধারা ৫৪] জোরপূর্বক দখল বা অনুপ্রবেশের ক্ষেত্রে কর্পোরেশনের ক্ষমতা — কোনো কার্যক্রম, কর্মসূচি বা প্রকল্পের অন্তর্ভুক্ত কোনো ভূমি বা কর্পোরেশনের মালিকানাধীন বা কর্পোরেশনের নিকট ন্য
9. <other_1725_s21_p29> [অর্থ আইন, ২০২৬, ধারা ২১] ২০১২ সনের ৪৭ নং আইনের দ্বিতীয় তফসিলের সংশোধন — ডলার পর্যন্ত ৪৫ (ঘ) মূল্যসীমা ১০০০০০ মা. ডলার এর ঊর্ধ্ব হইতে ২০০০০০ মা. ডলার পর্যন্ত ৬০ (ঙ) মূল্যসীমা ২০০০০০ ম
10. <criminal_procedure_1013_s93> [বরিশাল মহানগরী পুলিশ আইন, ২০০৯, ধারা ৯৩] বন্ধকগ্রহীতা, প্রভৃতি কর্তৃক চোরাই সম্পত্তি সম্পর্কে পুলিশকে খবর না দেওয়ার দণ্ড — কোন বন্ধকগ্রহীতা বা পুরাতন জিনিসের ব্যবসায়ী বা ধাতব কারখানার কর্মচারী কোন দ্রব্য চুরি হওয়ার ব্যপারে পুলিশ কর","women_children_1063_s11, women_children_1063_s3",own_search,answered,1,Sifat
prot_0030_03,Iftiaq,VERIFY,১৯৮২ সালে পঞ্চাশ হাজার টাকা দেনমোহরে আমার বিয়ে হয়। উশুল ছিল ১৫ হাজার টাকা ও ৪ ভরি সোনার গহনা। ১৯৮৪ সালে সেই গহনা বিক্রি করে আমার নামে জমি কেনা হয়। ২০০৮ সালে সেই জমি বিক্রি করা হয়। জমি বিক্রি করা টাকা আমাকে দেওয়া হয়নি। সেই টাকা ব্যাংক ও পোস্ট অফিসে রেখে মুনাফা অর্জন করা হচ্ছে। সেই মুনাফাও আমাকে দেওয়া হয় না। আমি যদি এখন আমার মোহরানা দাবি করি তাহলে কত টাকা পাব? মোহরানা আদায় না করে আমাদের বিবাহিত জীবন কি অবৈধ হচ্ছে? আমরা একসঙ্গে আছি এবং থাকব। তার পরও কি মোহরানা আদায় করা উচিত না। নাম-ঠিকানা প্রকাশে অনিচ্ছুক,"1. <criminal_procedure_1013_s73> [বরিশাল মহানগরী পুলিশ আইন, ২০০৯, ধারা ৭৩] বিক্রি বা ভাড়ার উদ্দেশ্যে পশু বা যানবাহন রাস্তায় রাখার দণ্ড — কোন ব্যক্তি যদি পুলিশ কমিশনারের অনুমতি ছাড়া বিক্রি বা ভাড়া খাটাইবার উদ্দেশ্যে রাস্তায় বা সর্বসাধারণের ব্যবহ
2. <labour_952_s288> [বাংলাদেশ শ্রম আইন, ২০০৬, ধারা ২৮৮] ধারা ৬৭ লঙ্ঘন করার দণ্ড — কোন ব্যক্তি ধারা ৬৭ এর বিধান মানা হয় নাই এরূপ শক্তি চালিত কোন যন্ত্রপাতি কোন প্রতিষ্ঠানে ব্যবহারের জন্য বিক্র
3. <tenancy_748_s19_p2> [বাড়ী ভাড়া নিয়ন্ত্রণ আইন, ১৯৯১, ধারা ১৯] কতিপয় পরিস্থিততে ভাড়াটিয়া কর্তৃক ভাড়া জমা — নিয়ন্ত্রকের নিকট দিতে হইবে এবং উহার সহিত একটি দরখাস্ত পেশ করিতে হইবে যাহাতে নিম্নবর্ণিত বিষয়গুলি উল্লেখ থাকি
4. <other_1412_s6_p0> [বেসরকারি মেডিকেল কলেজ ও ডেন্টাল কলেজ আইন, ২০, ধারা ৬] বেসরকারি মেডিকেল কলেজ বা ডেন্টাল কলেজ স্থাপনের শর্তাবলি — এই আইনের অধীন বেসরকারি মেডিকেল কলেজ বা ডেন্টাল কলেজ স্থাপনের লক্ষ্যে নিম্নবর্ণিত শর্তাবলি পূরণ করিতে হইবে, যথা
5. <criminal_procedure_1012_s73> [সিলেট মহানগরী পুলিশ আইন, ২০০৯, ধারা ৭৩] বিক্রি বা ভাড়ার উদ্দেশ্যে পশু বা যানবাহন রাস্তায় রাখার দণ্ড — কোন ব্যক্তি যদি পুলিশ কমিশনারের অনুমতি ছাড়া বিক্রি বা ভাড়া খাটাইবার উদ্দেশ্যে রাস্তায় বা সর্বসাধারণের ব্যবহ
6. <other_1443_s2_p0> [বাংলাদেশ ক্ষুদ্র ও কুটির শিল্প কর্পোরেশন আইন, ধারা ২] সংজ্ঞা — বিষয় বা প্রসঙ্গের পরিপন্থি কোনো কিছু না থাকিলে, এই আইনে,-(১) ‘অতি ক্ষুদ্র শিল্প’ বা ‘মাইক্রো শিল্প’ অর্থ-(ক) 
7. <other_1478_s55_p3> [ফাইন্যান্স কোম্পানি আইন, ২০২৩, ধারা ৫৫] জরিমানা — বা অন্য কোনো দলিল দাখিল করিতে অথবা কোনো বিবরণ বা তথ্য সরবরাহ করিতে, অথবা ফাইন্যান্স কোম্পানির ব্যবসা সংক্রান্ত
8. <other_1246_s104> [ক্যান্টনমেন্ট আইন, ২০১৮, ধারা ১০৪] অনুচিত উদ্দেশ্যে ব্যবহৃত পতিত জমি ঘের (enclosure) দেওয়া — (১) বোর্ড, লিখিত নোটিশ দ্বারা, ক্যান্টনমেন্টের কোনো ইমারত বা ভূমির মালিক বা আংশিক মালিককে, বা মালিক বা আংশিক ম
9. <other_1476_s171_p7> [কাস্টমস আইন, ২০২৩, ধারা ১৭১] অপরাধসমূহের জরিমানা বা দণ্ড — পণ্য বা সেবা সরবরাহ করিতে ব্যর্থ হন।সংশ্লিষ্ট ব্যক্তির বিরুদ্ধে অন্যূন ২৫ (পঁচিশ) হাজার টাকা কিন্তু অনধিক ৫০ (
10. <other_1158_s25> [ফরমালিন নিয়ন্ত্রণ আইন, ২০১৫, ধারা ২৫] অপরাধ সংঘটনে গৃহ বা যানবাহন, ইত্যাদি ব্যবহার করিতে দেওয়ার দণ্ড — কোন ব্যক্তি যদি জ্ঞাতসারে এই আইনের অধীন কোন অপরাধ সংঘটনের জন্য তাহার মালিকানাধীন বা দখলীয় কোন বাড়ি-ঘর, জায়গ","family_305_s10, other_173_s2",own_search,answered,2,Sifat
prot_0026_03,Iftiaq,VERIFY,"আমি ২০০৮ সালে একটি ছেলেকে ভালোবেসে বিয়ে করি। সংসারজীবন ভালোই চলছিল, মাঝেমধ্যে আমার স্বামীর সঙ্গে কথা-কাটাকাটি হতো। যখন আমার স্বামীর সঙ্গে ঝগড়া হতো, তখন সে তার এক বন্ধুর বাড়িতে গিয়ে থাকত। এভাবে সেই বন্ধুর স্ত্রীর সঙ্গে আমার স্বামীর ঘনিষ্ঠ সম্পর্ক হয় এবং তাদের বিয়েও হয়। এর কিছুদিন পর আমার স্বামী তার বন্ধুর বউকে তালাকও দিয়েছে। আমার স্বামী যখন বিয়েটা করে, তখন ওই মেয়েটির স্বামীর সঙ্গে তার কোনো তালাক হয়নি। প্রথম স্বামী থাকা অবস্থায় ওই মেয়েটির আবার বিয়ে করাটা কি বৈধ হয়েছে? নাম প্রকাশে অনিচ্ছুক","1. <other_1266_s2_p2> [বাংলাদেশ মুক্তিযোদ্ধা কল্যাণ ট্রাস্ট আইন, ২০, ধারা ২] সংজ্ঞা — জামায়াতে ইসলামী এবং তাহাদের সহযোগী রাজাকার, আলবদর, আলশামস বাহিনীর বিরুদ্ধে গণপ্রজাতন্ত্রী বাংলাদেশের স্বাধীনত
2. <women_children_835_s11> [নারী ও শিশু নির্যাতন দমন আইন, ২০০০, ধারা ১১] যৌতুকের জন্য মৃত্যু ঘটানো, ইত্যাদির শাস্তি — যদি কোন নারীর স্বামী অথবা স্বামীর পিতা, মাতা, অভিভাবক, আত্মীয় বা স্বামীর পক্ষে অন্য কোন ব্যক্তি যৌতুকের জন্য 
3. <other_1045_s18> [চার্টার্ড সেক্রেটারীজ আইন, ২০১০, ধারা ১৮] রেজিস্টার — (১) সচিব, নিম্নবর্ণিত তথ্যাদি উল্লেখপূর্বক, নির্ধারিত পদ্ধতিতে, সদস্যগণের নাম রেজিস্টারে অন্তর্ভুক্ত ও সংরক্ষণ
4. <labour_952_s7> [বাংলাদেশ শ্রম আইন, ২০০৬, ধারা ৭] সার্ভিস বইয়ের ফরম — (১) সার্ভিস বই বিধি দ্বারা নির্ধারিত মাপে ও ফরমে রৰিত হইবে, এবং উহাতে শ্রমিকের একটি ফটো সংযোজিত থাকিবে।(২) সার
5. <other_1485_s9> [বাংলাদেশ পুলিশ কল্যাণ তহবিল আইন, ২০২৩, ধারা ৯] মৃত্যু এবং অক্ষমতাজনিত কারণে এককালীন এবং মাসিক কল্যাণ অনুদান — (১) কোনো কর্মচারী বা তাহার মৃত্যু হইলে তাহার স্ত্রী বা, ক্ষেত্রমত, স্বামী, বিধি দ্বারা নির্ধারিত পদ্ধতিতে, নিম
6. <other_1429_s31> [আয়কর আইন, ২০২৩, ধারা ৩১] আয় একীভূতকরণ — (১) এই আইনে ভিন্নরূপ কিছু না থাকিলে, নিম্নবর্ণিত আয়সমূহ কোনো ব্যক্তির মোট আয়ের অন্তর্ভুক্ত হইবে, যথা:-(ক) উক
7. <labour_952_s98> [বাংলাদেশ শ্রম আইন, ২০০৬, ধারা ৯৮] সংবাদপত্র শ্রমিকের জন্য চিকিৎসা পরিচর্যা — প্রত্যেক সংবাদপত্র শ্রমিক এবং তাহার উপর নির্ভরশীলগণ সংবাদপত্র প্রতিষ্ঠানের খরচে বিধি দ্বারা নির্ধারিত পন্থায় 
8. <other_1088_s14> [মানিলন্ডারিং প্রতিরোধ আইন, ২০১২, ধারা ১৪] সম্পত্তির অবরুদ্ধকরণ (Freezing) বা ক্রোক (Attachment) আদেশ — 14[(১) তদন্তকারী সংস্থার লিখিত আবেদনের ভিত্তিতে আদালত বাংলাদেশে বা বাংলাদেশের বাহিরে অবস্থিত মানিলন্ডারিং অপরা
9. <other_841_s7> [জেলা পরিষদ আইন, ২০০০, ধারা ৭] চেয়ারম্যান ও সদস্যগণের শপথ — (১) চেয়ারম্যান ও প্রত্যেক সদস্য তাঁহার কার্যভার গ্রহণের পূর্বে নিম্নলিখিত ফরমে সরকার কর্তৃক নির্ধারিত কোন ব্য
10. <other_1170_s25> [বাংলাদেশ  সরকারি-বেসরকারি অংশীদারিত্ব আইন, ২, ধারা ২৫] স্বার্থের সংঘাত — বেসরকারি অংশীদার নির্বাচন প্রক্রিয়ায় দরপত্র মূল্যায়নের সহিত জড়িত কোন ব্যক্তির নিকট যদি প্রতীয়মান হয় যে, ",criminal_procedure_11_s494,own_search,answered,2,Sifat
prot_0058_02,Iftiaq,VERIFY,"আমার বোনের সন্তান ছিল না, আত্মীয়স্বজনের পরামর্শে একটি মেয়েশিশু দত্তক নেওয়ার কয়েক বছর পর তাঁর একটি কন্যাসন্তান জন্ম নেয়। দত্তক নেওয়া মেয়েটিকে তিনি নিজের মেয়ের মতো আদর, ভালোবাসা ও অধিকার দিয়ে বড় করেছেন। ধুমধাম করে পালিত মেয়েটির বিয়ে দিয়েছেন এবং তার দুই মেয়ে হয়েছে। বোন সরকারি চাকরি করেন, আর পাঁচ-ছয় বছর পর অবসরে যাবেন। তিনি চান, তাঁর সব অর্থ, সম্পদ দুই মেয়ের মধ্যে সমানভাবে দিয়ে যেতে, যাতে তাঁর অবর্তমানে পালিত মেয়ে কোনো অংশ থেকে বঞ্চিত না হয়। তাঁর পুত্রসন্তান নেই। এ জন্য কী করতে হবে?","1. <other_1349_s2> [আকাশপথে পরিবহণ (মন্ট্রিল কনভেনশন) আইন, ২০২০, ধারা ২] বিষয়বাপ্রসঙ্গেরপরিপন্থিকোনোকিছুনাথাকিলে,এইআইনে-(ক)‘অভ্যন্তরীণপরিবহণ’অর্থআকাশপথে পরিবহণেপক্ষসমূহেরমধ্যেসম্পাদি
2. <labour_1285_s34> [বাংলাদেশ ইপিজেড শ্রম আইন, ২০১৯, ধারা ৩৪] কতিপয় ক্ষেত্রে মহিলা শ্রমিকের চাকরির অবসানে বাধা — যদি কোনো মহিলা শ্রমিকের সন্তান প্রসবের পূর্ববর্তী ৬ (ছয়) মাস এবং সন্তান প্রসবের পরবর্তী ৮ (আট) সপ্তাহ মেয়াদে
3. <other_1403_s40> [মোংলা বন্দর কর্তৃপক্ষ আইন, ২০২২, ধারা ৪০] দণ্ড — কোনো ব্যক্তি যদি এই আইন ও বিধির কোনো বিধান লঙ্ঘন করেন তাহা হইলে উক্ত লঙ্ঘন হইবে একটি অপরাধ এবং তজ্জন্য তিনি অন
4. <other_1266_s2_p3> [বাংলাদেশ মুক্তিযোদ্ধা কল্যাণ ট্রাস্ট আইন, ২০, ধারা ২] সংজ্ঞা — বা স্বামী এবং পিতা-মাতার অবর্তমানে খেতাবপ্রাপ্ত বীর মুক্তিযোদ্ধার সন্তান; বা(উ) (অ)-(ঈ) পর্যন্ত বর্ণিত ব্যক্তি
5. <other_1271_s22> [সরকারি চাকরি আইন, ২০১৮, ধারা ২২] কল্যাণমূলক ব্যবস্থা — (১) সরকার বা, ক্ষেত্রমত, উপযুক্ত কর্তৃপক্ষ সরকারি কর্মচারী ও তাহার পরিবারের সদস্যগণের কল্যাণে শিক্ষা, চিকিৎসা,
6. <other_1148_s2> [বাংলাদেশ সাংবাদিক কল্যাণ ট্রাস্ট আইন, ২০১৪, ধারা ২] সংজ্ঞা — বিষয় বা প্রসঙ্গের পরিপন্থী কোন কিছু না থাকিলে, এই আইনে-(১) ‘‘চেয়ারম্যান’’ অর্থ বোর্ডের চেয়ারম্যান;(২) ‘‘ট্র
7. <other_1378_s2> [বাংলাদেশ চলচ্চিত্র শিল্পী কল্যাণ ট্রাস্ট আইন, ধারা ২] সংজ্ঞা — বিষয় বা প্রসঙ্গের পরিপন্থি কোনো কিছু না থাকিলে, এই আইনে-(ক) “চলচ্চিত্র” অর্থ সেলুলয়েড, অ্যানালগ, ডিজিটাল বা 
8. <other_1132_s2> [পিতা-মাতার ভরণ-পোষণ আইন, ২০১৩, ধারা ২] সংজ্ঞা — বিষয় বা প্রসঙ্গের পরিপন্থী কোন কিছু না থাকিলে, এই আইনে—(ক) “পিতা” অর্থ এমন ব্যক্তি যিনি সন্তানের জনক;(খ) “ভরণ
9. <labour_1285_s24> [বাংলাদেশ ইপিজেড শ্রম আইন, ২০১৯, ধারা ২৪] চাকরি হইতে অবসর গ্রহণ — (১) এই অধ্যায়ের অন্যত্র যাহা কিছুই উল্লে­খ থাকুক না কেন, কোনো প্রতিষ্ঠানে নিয়োজিত কোনো শ্রমিকের বয়স ৬০ (ষাট
10. <labour_1285_s30> [বাংলাদেশ ইপিজেড শ্রম আইন, ২০১৯, ধারা ৩০] প্রসূতি কল্যাণ সুবিধা প্রাপ্তির অধিকার এবং প্রদানের দায়িত্ব — (১) প্রত্যেক মহিলা শ্রমিক তাহার মালিকের নিকট হইতে তাহার সন্তান প্রসবের সম্ভাব্য তারিখের অব্যবহিত পূর্ববর্তী ৮ ","other_48_s123, other_173_s2",own_search,answered,2,Sifat
prot_0081_01,Iftiaq,VERIFY,"আমরা তিন বোন। আমার বাবা জীবিত অবস্থায় আমাদের এবং আমার মাকে তাঁর কোনো সম্পত্তি লিখে দিতে চান না। এদিকে আমার তিন চাচা ও চার ফুফু আছেন। চাচাদেরও কোনো ছেলে নেই। প্রত্যেক চাচার একটি করে মেয়ে আছে। ফুফুদের ছেলেমেয়ে আছে।বাবার অবর্তমানে মুসলিম আইন অনুযায়ী আমরা তিন বোন ও মা কী পরিমাণ সম্পত্তি পাব? বাবার সব সম্পত্তি আমরা পেতে চাইলে তা সম্ভব কি না, জানালে উপকৃত হব","1. <other_1682_s2_p0> [মানবদেহে অঙ্গ-প্রত্যঙ্গ সংযোজন আইন, ২০২৬, ধারা ২] সংজ্ঞা — বিষয় বা প্রসঙ্গের পরিপন্থি কোনো কিছু না থাকিলে, এই আইনে- (১) “অঙ্গ-প্রত্যঙ্গ” অর্থ মানবদেহের কিডনি, হৃৎপিণ্ড,
2. <other_1273_s22_p0> [মানসিক স্বাস্থ্য আইন, ২০১৮, ধারা ২২] মানসিক অসুস্থতায় আক্রান্ত ব্যক্তির সম্পত্তি রক্ষণাবেক্ষণ — (১) যেই ক্ষেত্রে মানসিক হাসপাতালে ভর্তির পর কোনো মানসিক অসুস্থতায় আক্রান্ত ব্যক্তির মানসিক অক্ষমতার কারণে অথব
3. <other_1266_s2_p3> [বাংলাদেশ মুক্তিযোদ্ধা কল্যাণ ট্রাস্ট আইন, ২০, ধারা ২] সংজ্ঞা — বা স্বামী এবং পিতা-মাতার অবর্তমানে খেতাবপ্রাপ্ত বীর মুক্তিযোদ্ধার সন্তান; বা(উ) (অ)-(ঈ) পর্যন্ত বর্ণিত ব্যক্তি
4. <other_822_s10> [পার্বত্য চট্টগ্রাম আঞ্চলিক পরিষদ আইন, ১৯৯৮, ধারা ১০] সম্পত্তি সম্পর্কিত ঘোষণা — চেয়ারম্যান ও প্রত্যেক সদস্য তাহার কার্যভার গ্রহণের পূর্বে তাহার এবং তাঁহার পরিবারের কোন সদস্যের স্বত্ব, দখল ব
5. <local_government_1027_s41> [স্থানীয় সরকার (ইউনিয়ন পরিষদ) আইন, ২০০৯, ধারা ৪১] সম্পত্তি সম্পর্কিত ঘোষণা — চেয়ারম্যান ও সদস্য তাঁহার কার্যভার গ্রহণের পূর্বে তাঁহার এবং তাঁহার পরিবারের কোন সদস্যের স্বত্ব, দখল বা স্বার
6. <local_government_827_s10> [উপজেলা পরিষদ আইন, ১৯৯৮, ধারা ১০] সম্পত্তি সম্পর্কিত ঘোষণা — 14[চেয়ারম্যান ও ভাইস চেয়ারম্যান ] তাঁহার কার্যভার গ্রহণের পূর্বে তাঁহার এবং তাঁহার পরিবারের কোন সদস্যের স্বত
7. <local_government_1027_s2_p1> [স্থানীয় সরকার (ইউনিয়ন পরিষদ) আইন, ২০০৯, ধারা ২] সংজ্ঞা — শহর হিসাবে ঘোষিত নয় এইরূপ এলাকা;(১৩) 'চেয়ারম্যান' অর্থ ইউনিয়ন পরিষদের চেয়ারম্যান;(১৪) 'জনপথ' অর্থ সর্বসাধা
8. <other_1246_s200> [ক্যান্টনমেন্ট আইন, ২০১৮, ধারা ২০০] সম্পত্তি বিনষ্টকরণের ক্ষেত্রে অর্থ আদায় — যেক্ষেত্রে কোনো ব্যক্তিকে বোর্ডের কোনো সম্পত্তি বিনষ্ট করিবার কারণে দণ্ডিত করা হয়, সেইক্ষেত্রে তিনি উক্ত ক্ষত
9. <family_938_s7> [গ্রাম আদালত আইন, ২০০৬, ধারা ৭] গ্রাম আদালতের ক্ষমতা — (১) এই আইনে ভিন্নরূপ কোন বিধান না থাকিলে, গ্রাম আদালত তফসিলের প্রথম অংশে বর্ণিত অপরাধসমূহের ক্ষেত্রে কোন ব্যক্
10. <other_1429_s111> [আয়কর আইন, ২০২৩, ধারা ১১১] সম্পত্তি অধিগ্রহণের ক্ষতিপূরণ হইতে উৎসে কর কর্তন — কোনো স্থাবর সম্পত্তি অধিগ্রহণের জন্য উহার মালিককে কোনো ক্ষতিপূরণ প্রদানের জন্য দায়িত্বপ্রাপ্ত ব্যক্তি, ক্ষতিপ",other_173_s2,own_search,answered,2,Sifat
prot_0068_04,Iftiaq,VERIFY,"আমি একটি ছেলেকে ভালোবাসতাম। সে আমার ছোটবেলার খেলার সাথি। বড় হয়ে সম্পর্ক হয়। আমি স্কুলে চাকরি করি। ভাড়া বাসায় থাকি। বাড়িওয়ালা আমাদের সম্পর্কের কথা জানতেন। ছেলেটি আমাকে না জানিয়ে অন্য মেয়েকে বিয়ের সিদ্ধান্ত নেয়। এ কথা শুনে বাড়িওয়ালা আমাদের বিয়ে দেন। নোটারি পাবলিকের মাধ্যমে বিয়ে হয়। বিয়ের সময় উভয় পক্ষের দু-একজন আত্মীয়স্বজন ছিলেন। ছেলে আমাকে এক সপ্তাহ পর নিয়ে যাবে বলে আমার এক আত্মীয়ের বাসায় রেখে যায়। কিন্তু সে আর আসে না। তার বাসায় গেলে সে আমাকে অস্বীকার করে। আমি তার বাসায় থেকে গেলাম। কিন্তু সে আমাকে অত্যাচার করা শুরু করল। শুধু তা-ই নয়, বাসার কাজের লোকেরাও আমাকে অপমান করে। সে বলে, আমার সঙ্গে তার সংসার করা সম্ভব নয়। আমি প্রায় দুই মাস থেকেছি। এর মধ্যেও কিন্তু তার সঙ্গে দৈহিক সম্পর্ক হয়েছে। আমি চাকরির জন্য আবার ঢাকায় চলে আসি। পরেরবার গিয়ে দেখি সে বাসা বদল করেছে আমাকে না জানিয়ে। আমি কোনো উপায় না পেয়ে আইন ও সালিশ কেন্দ্রের মাধ্যমে মামলা করি। কিন্তু সে মোটা অঙ্কের টাকা খরচ করে হাইকোর্ট থেকে আগাম জামিন পায়। সে বিত্তশালী। হিন্দু আইনে কি তালাকের ব্যবস্থা নেই? মামলা চলাকালে সে কি বিয়ে করতে পারবে? সে ইদানীং বিয়ে করার জন্য মেয়ে দেখে বেড়াচ্ছে। এ জন্য আমাদের বিয়েটাকেও অস্বীকার করছে। এমনি যদি করবে, তাহলে আমাকে বিয়ে করল কেন? সঠিক পরামর্শ চাই","1. <family_938_s11> [গ্রাম আদালত আইন, ২০০৬, ধারা ১১] গ্রাম আদালতের অবমাননা — (১) কোন ব্যক্তি আইনসংগত কারণ ব্যতীত যদি-(ক) গ্রাম আদালত বা উহার কোন সদস্যকে আদালতের কার্যক্রম চলাকালে অশালীন ক
2. <criminal_procedure_1012_s52> [সিলেট মহানগরী পুলিশ আইন, ২০০৯, ধারা ৫২] নিয়োগপত্র, প্রভৃতি ফেরৎ দিতে গাফিলতি বা অস্বীকৃতি জ্ঞাপনের দণ্ড — কোন পুলিশ কর্মকর্তা বাহিনীর সহিত সম্পর্ক ছিন্ন হওয়ার অব্যবহিত পরে তাহার নিয়োগপত্র, অস্ত্র, পোশাক ও অন্যান্য 
3. <criminal_procedure_1013_s52> [বরিশাল মহানগরী পুলিশ আইন, ২০০৯, ধারা ৫২] নিয়োগপত্র, প্রভৃতি ফেরত দিতে গাফিলতি বা অস্বীকৃতি জ্ঞাপনের দণ্ড — কোন পুলিশ কর্মকর্তা বাহিনীর সহিত সম্পর্ক ছিন্ন হওয়ার অব্যবহিত পরে তাহার নিয়োগপত্র, অস্ত্র, পোশাক ও অন্যান্য 
4. <labour_952_s157> [বাংলাদেশ শ্রম আইন, ২০০৬, ধারা ১৫৭] নোটিশ ও দাবী — (১) কোন শ্রম আদালত ৰতিপূরণের কোন দাবী বিবেচনায় আনিবে না যদি না দুর্ঘটনা ঘটিবার পর যতশীঘ্র সম্ভব এতদ্নিম্নে বর
5. <labour_1285_s17> [বাংলাদেশ ইপিজেড শ্রম আইন, ২০১৯, ধারা ১৭] কতিপয় ক্ষেত্রে লে-অফকৃত শ্রমিকগণ ক্ষতিপূরণ পাইবার অধিকারী হইবেন না — (১) এই অধ্যায়ের অন্যত্র যাহা কিছুই থাকুক না কেন, কোনো লে-অফকৃত শ্রমিককে ক্ষতিপূরণ প্রদেয় হইবে না, যদি-(ক) তি
6. <labour_952_s340> [বাংলাদেশ শ্রম আইন, ২০০৬, ধারা ৩৪০] নিয়োগ সম্পর্ক অনুমান — কোন ব্যক্তিকে কোন কারখানায় উহার কাজ চলাকালে, আহার বা বিশ্রামের জন্য বিরতির সময় ব্যতীত অন্য কোন সময়ে অথবা উহ
7. <labour_952_s210_p0> [বাংলাদেশ শ্রম আইন, ২০০৬, ধারা ২১০] শিল্প বিরোধ নিষ্পত্তি — (১) যদি কোন সময়ে কোন মালিক বা যৌথ দরকষাকষি প্রতিনিধি দেখিতে পায় যে, মালিক এবং শ্রমিকগণের মধ্যে কোন বিরোধ উত্
8. <tenancy_748_s17> [বাড়ী ভাড়া নিয়ন্ত্রণ আইন, ১৯৯১, ধারা ১৭] কতিপয় ক্ষেত্রে ক্রোক, পরোয়ানা ইত্যাদি — কোন বাড়ীর ভাড়া আদায়ের জন্য Civil Procedure Code, 1908 (V of 1908) এর অধীন প্রদত্ত কোন এক তরফা ডিক্রি কার্যক
9. <other_850_s46> [সালিস আইন, ২০০১, ধারা ৪৬] বিদেশী সালিসী রোয়েদাদ বাস্তবায়ন অস্বীকৃতির কারণসমূহ — (১) কেবলমাত্র নিম্নোক্ত কারণে বিদেশী সালিসী রোয়েদাদ কার্যকর করিতে অস্বীকার করা যাইতে পারে, যথা:-(ক) যে পক্ষের
10. <criminal_procedure_1013_s110> [বরিশাল মহানগরী পুলিশ আইন, ২০০৯, ধারা ১১০] পুলিশ কর্মকর্তার বিরুদ্ধে আইনগত ব্যবস্থা গ্রহণ — আপাতত বলবৎ অন্য কোন আইনে যাহা কিছুই থাকুক না কেন, এই আইন, বিধি, প্রবিধান বা তদধীন প্রদত্ত কোন আদেশ এর অধীনে কো","other_214_s2, family_1105_s3",own_search,answered,1,Sifat
lawy_0321_01,Iftiaq,VERIFY,বোনেরা প্রাপ্য অংশ থেকে বঞ্চিত হলে কি করবেন?,"1. <labour_1285_s25> [বাংলাদেশ ইপিজেড শ্রম আইন, ২০১৯, ধারা ২৫] ভবিষ্য তহবিল পরিশোধ — যদি কোনো শ্রমিক কোনো ভবিষ্য তহবিলের সদস্য হন এবং প্রবিধান দ্বারা নির্ধারিত পদ্ধতি অনুযায়ী তিনি মালিকের চাঁদাস
2. <labour_952_s29> [বাংলাদেশ শ্রম আইন, ২০০৬, ধারা ২৯] ভবিষ্য তহবিল পরিশোধ — যদি কোন শ্রমিক কোন ভবিষ্য তহবিলের সদস্য হন এবং তহবিলের বিধি অনুযায়ী তিনি মালিকের চাঁদাসহ উক্ত তহবিল হইতে কোন 
3. <labour_1285_s42> [বাংলাদেশ ইপিজেড শ্রম আইন, ২০১৯, ধারা ৪২] ক্ষতিপূরণমূলক সাপ্তাহিক ছুটি — যেক্ষেত্রে কোনো প্রতিষ্ঠানকে বা উহাতে কর্মরত শ্রমিকগণকে ধারা ৪১এর বিধান হইতে অব্যাহতি প্রদান করিয়া জারিকৃত কো
4. <other_1282_s14> [বাংলাদেশ মৎস্য গবেষণা ইনস্টিটিউট আইন, ২০১৮, ধারা ১৪] ফি, ইত্যাদি — (১) ইনস্টিটিউটে কর্মরত বৈজ্ঞানিক কর্মকর্তা বা তদূর্ধ্ব পর্যায়ের বৈজ্ঞানিক কর্মকতা, কোনো ব্যক্তি বা প্রতিষ্ঠান
5. <labour_952_s286> [বাংলাদেশ শ্রম আইন, ২০০৬, ধারা ২৮৬] মালিক কর্তৃক চতুর্থ অধ্যায়ের বিধান লংঘনের দণ্ড — (১) কোন মালিক চতুর্থ অধ্যায়ের204[ বিধান অনুযায়ী কোনো মহিলা শ্রমিককে প্রসূতি কল্যাণ সুবিধা হইতে বঞ্চিত করিলে 
6. <other_812_s78> [দেউলিয়া বিষয়ক আইন, ১৯৯৭, ধারা ৭৮] বণ্টনযোগ্য অংশ ঘোষণার পূর্বে পাওনা প্রদান করেন নাই এইরূপ পাওনাদারের অধিকার — বণ্টনযোগ্য অংশ ঘোষিত হওয়ার পূর্বে কোন পাওনাদার তাহার পাওনা প্রমাণ না করিয়া থাকিলে আপাততঃ রিসিভারের হাতে যে অ
7. <other_722_s9> [পার্বত্য জেলাসমূহ (আইন রহিত ও প্রয়োগ এবং বিশ, ধারা ৯] ঝুম কর আদায় ইত্যাদি — (১) প্রত্যেক বত্সর শেষ হইবার পূর্বে ঝুম কর হেডম্যানের নিকট প্রদান করিতে হইবে এবং অনুরূপভাবে ঝুম কর প্রদান করা 
8. <other_1268_s18> [বাংলাদেশ প্রাণিসম্পদ গবেষণা ইনস্টিটিউট আইন, , ধারা ১৮] ফি, ইত্যাদি — (১) কোনো ব্যক্তি বা প্রতিষ্ঠানের নিকট হইতে বিজ্ঞান, প্রযুক্তি, প্রাণিসম্পদ শিল্প স্থাপনা বা অনুসন্ধান বিষয়ক প
9. <labour_952_s104> [বাংলাদেশ শ্রম আইন, ২০০৬, ধারা ১০৪] ক্ষতিপূরণমূলক সাপ্তাহিক ছুটি — যে ৰেত্রে কোন প্রতিষ্ঠানকে বা উহাতে কর্মরত শ্রমিকগণকে ধারা ১০৩ এর বিধান হইতে অব্যাহতি প্রদান করিয়া জারীকৃত কো
10. <other_1333_s39> [চাঁদপুর বিজ্ঞান ও প্রযুক্তি বিশ্ববিদ্যালয় আই, ধারা ৩৯] হল — (১) বিশ্ববিদ্যালয়ের শিক্ষার্থীদের হলসমূহ বিধি অনুযায়ী সিন্ডিকেট কর্তৃক অনুমোদিত হইবে।(২) হলে প্রভোস্ট এবং আব",none,none,not_found,1,Sifat
prot_0072_02,Iftiaq,VERIFY,"আমার বয়স যখন দশ মাস, তখন আমার বাবা মারা যান। আমি নবম শ্রেণীতে ওঠার পর থেকে আমার বাবার রেখে যাওয়া সম্পত্তি দেখাশোনা করছি। আমার বাবার নামে কতটুকু জমি, তার হিসাব আমি জানি না। আমার আত্মীয়স্বজন, পাড়া-প্রতিবেশীরা বলে, আমি যতটুকু জমি ভোগ করছি, আমার বাবার জমির পরিমাণ নাকি তার চেয়ে বেশি। প্রসঙ্গত, আমার বাবাকে তাঁর নানা জমি লিখে দিয়েছিলেন। জমি লিখে দেওয়ার কয়েক বছর পর আমাদের বাড়িতে আগুন লেগে সব দলিলপত্র পুড়ে যায়।এখন আমার প্রশ্ন হলো, আমি কীভাবে আমার বাবার জমির পরিমাণ জানব?আমার আরেকটি প্রশ্ন হলো, আমার বাবার সম্পত্তিতে আমার দাদির কোনো অংশ আছে কি?আমি আমার বাবার একমাত্র সন্তান","1. <other_721_s6_p1> [বাংলাদেশ ঋণ সালিসি আইন, ১৯৮৯, ধারা ৬] কতিপয় জমির বিক্রয় খায়খালাসী বন্ধক ঘোষণা — যদি উপ-ধারা (২) এর অধীন নির্ধারিত সময়ের মধ্যে ক্রেতা জমি প্রত্যর্পণ না করেন বা করিতে ব্যর্থ হন, তাহা হইলে ধার
2. <other_721_s7> [বাংলাদেশ ঋণ সালিসি আইন, ১৯৮৯, ধারা ৭] কতিপয় বিক্রয় বাতিল — (১) এই আইন বলবত্ হইবার পর অনধিক দুই একর কৃষি জমির মালিক কোন কৃষক প্রাকৃতিক দুর্যোগে তগতিগ্রস্ত হওয়ার বা জীবন 
3. <other_721_s8> [বাংলাদেশ ঋণ সালিসি আইন, ১৯৮৯, ধারা ৮] জমি প্রত্যর্পণের নির্দেশ কার্যকরকরণ — ক্রেতা বোর্ডের নির্দেশানুসারে জমির দখল প্রত্যর্পণ না করিলে বা করিতে ব্যর্থ হইলে, জমির দখল পাওয়ার জন্য বিক্রেত
4. <local_government_1024_s45> [স্থানীয় সরকার (পৌরসভা) আইন, ২০০৯, ধারা ৪৫] রাস্তার নিকটবর্তী জমির অধিগ্রহণ — (১) জনস্বার্থে কোন রাস্তার নিকটবর্তী জমি অধিগ্রহণ করিবার প্রয়োজন অনুভূত হইলে পৌরসভা সরকারের অনুমোদন গ্রহণ করি
5. <other_722_s15> [পার্বত্য জেলাসমূহ (আইন রহিত ও প্রয়োগ এবং বিশ, ধারা ১৫] বসতবাড়ীর জন্য গ্রামীণ জমি দখল — (১) কোন পাহাড়ী ব্যক্তি পৌর এলাকা-বহির্ভূত অনধিক ত্রিশ শতাংশ পর্যন্ত খাস জমি তাহার নিজ বসতবাড়ীর জন্য হেডম্যান
6. <other_857_s45> [বাংলাদেশ টেলিযোগাযোগ নিয়ন্ত্রণ আইন, ২০০১, ধারা ৪৫] লাইসেন্সধারীর প্রয়োজনে বাধ্যতামূলকভাবে বেসরকারী জমি অধিগ্রহণ — (১) লাইসেন্সের অধীন কাজকর্ম সম্পাদন বা পরিচালনার জন্য প্রয়োজনীয় কোন জমি ব্যবহারের ক্ষেত্রে লাইসেন্সধারী বাধা
7. <other_1427_s6> [হাট ও বাজার (স্থাপন ও ব্যবস্থাপনা) আইন, ২০২৩, ধারা ৬] হাট ও বাজারের জমি বন্দোবস্ত প্রদান এবং হাট ও বাজার ইজারা প্রদান — (১) হাট ও বাজারের কোনো জমি স্থায়ী বন্দোবস্ত প্রদান করা যাইবে না।(২) উপ-ধারা (১) এর বিধান সাপেক্ষে, জেলা প্রশা
8. <other_1427_s10> [হাট ও বাজার (স্থাপন ও ব্যবস্থাপনা) আইন, ২০২৩, ধারা ১০] (১) কোনো ব্যক্তি হাট ও বাজারের সরকারি খাস জমি অবৈধভাবে দখলে রাখিতে অথবা উপযুক্ত কর্তৃপক্ষের পূর্বানুমতি ব্যতির
9. <other_724_s64> [রাংগামাটি পার্বত্য জেলা পরিষদ আইন, ১৯৮৯, ধারা ৬৪] (১) আপাততঃ বলবত্ অন্য কোন আইনে যাহা কিছুই থাকুক না কেন-(ক) রাংগামাটি পার্বত্য জেলার এলাকাধীন বন্দোবস্তযোগ্য খা
10. <other_726_s64> [বান্দরবান পার্বত্য জেলা পরিষদ আইন, ১৯৮৯, ধারা ৬৪] (১) আপাততঃ বলবত্ অন্য কোন আইনে যাহা কিছুই থাকুক না কেন-(ক) বান্দরবন পার্বত্য জেলার এলাকাধীন বন্দোবস্তযোগ্য খাস","land_90_s57, other_173_s2",own_search,answered,2,Sifat
prot_0008_07,Iftiaq,VERIFY,"এখন বোন আমাদের কাছে আছেন। আমরা খুব গরিব, মামলা করার মতো অবস্থা নেই। আবার বোনকে রাখার মতো অবস্থাও নেই। আমরা তাঁদের ছাড়াছাড়িও চাই না। এই অবস্থায় আমরা কোথায় যাব, কীভাবে সম্পর্কটা টিকিয়ে রাখতে পারি বা আইনি সাহায্য পেতে পারি?","1. <other_1482_s31> [বাংলাদেশ হোমিওপ্যাথিক চিকিৎসা শিক্ষা আইন, ২০, ধারা ৩১] ব্যবস্থাপত্রে অ-অনুমোদিত ঔষধ লিখিবার দণ্ড — (১) কোনো হোমিওপ্যাথিক চিকিৎসক হোমিওপ্যাথিক ফার্মাকোপিয়াতে অন্তর্ভুক্ত নেই এমন কোনো ঔষধ হোমিওপ্যাথিক চিকিৎসা ব
2. <other_1727_s35> [জুয়া প্রতিরোধ আইন, ২০২৬, ধারা ৩৫] ফৌজদারি কার্যবিধির প্রযোজ্যতা — এই আইনের যে সকল ক্ষেত্রে সুনির্দিষ্ট কোনো বিধান নেই সেইক্ষেত্রে অপরাধের তদন্ত, বিচার, তল্লাশি, জব্দ, গ্রেপ্তার
3. <other_1070_s22> [উদ্ভিদ সংগনিরোধ আইন, ২০১১, ধারা ২২] লিখিত বিজ্ঞপ্তি — (১) যদি উদ্ভিদ সংগনিরোধ কর্মকর্তা এই মর্মে নিশ্চিত হন যে, কোন একটি স্থানে সংগনিরোধ বালাই রহিয়াছে, তাহা হইলে ত
4. <other_1128_s35> [মাল্টি-লেভেল মার্কেটিং কার্যক্রম (নিয়ন্ত্রণ), ধারা ৩৫] এই আইনে সুনির্দিষ্টভাবে দণ্ডের উল্লেখ নেই এইরূপ কোন বিধান লংঘনের দণ্ড — কোন ব্যক্তি যদি এই আইনে সুনির্দিষ্টভাবে দণ্ডের বিধান উল্লেখ নাই এইরূপ কোন বিধান লংঘন করেন, তাহা হইলে উক্ত লংঘন
5. <labour_952_s195_p0> [বাংলাদেশ শ্রম আইন, ২০০৬, ধারা ১৯৫] মালিকের পক্ষে অসৎ শ্রম আচরণ — 147[ (১)] কোন মালিক অথবা মালিকগণের ট্রেড ইউনিয়ন অথবা তাহাদের পক্ষে ভারপ্রাপ্ত কোন ব্যক্তি-(ক) কোন চাকুরী চুক্
6. <other_788_s186_p4> [কোম্পানী আইন, ১৯৯৪, ধারা ১৮৬] নিয়ন্ত্রণকারী কোম্পানীর ব্যালান্স শীটে উহার অধীনস্থ কোম্পানীর কতিপয় তথ্য অন্তর্ভুক্তিকরণ — এই ধারার বিধানাবলীর প্রতি লক্ষ্য রাখার জন্য একজন যোগ্য এবং আস্থাভাজন ব্যক্তিকে দায়িত্ব দেওয়া হইয়াছিল এবং তি
7. <other_801_s3> [জাতীয় গ্রন্থকেন্দ্র আইন, ১৯৯৫, ধারা ৩] গ্রন্থকেন্দ্র স্থাপন — (১) এই আইন বলবত্ হইবার পর, যতশীঘ্র সম্ভব, সরকার, সরকারী গেজেটে প্রজ্ঞাপন দ্বারা, এই আইনের বিধান অনুযায়ী ‘জাতী
8. <other_1271_s24> [সরকারি চাকরি আইন, ২০১৮, ধারা ২৪] আইনি সহায়তা — (১) কোনো কর্মচারীর বিরুদ্ধে, সরকারি দায়িত্ব পালনের সহিত সম্পর্কিত কোনো বিষয়ে তাহাকে ব্যক্তিগতভাবে দায়ী করিয
9. <other_894_s3> [পুলিশ ষ্টাফ কলেজ আইন, ২০০২, ধারা ৩] পুলিশ ষ্টাফ কলেজ প্রতিষ্ঠা — (১) এই আইনের উদ্দেশ্যসমূহ পূরণকল্পে পুলিশ ষ্টাফ কলেজ নামে একটি কলেজ থাকিবে।(২) পুলিশ ষ্টাফ কলেজ একটি সংবিধিবদ্
10. <other_863_s3> [বাংলাদেশ শিল্পী কল্যাণ ট্রাস্ট আইন, ২০০১, ধারা ৩] ট্রাস্ট স্থাপন — (১) এই আইন বলবত্ হইবার পর, যতশীঘ্র সম্ভব, সরকার এই আইনের বিধান অনুযায়ী বাংলাদেশ শিল্পী কল্যাণ ট্রাস্ট নামে এক",none,none,not_found,1,Sifat
prot_0059_03,Iftiaq,VERIFY,"আমার বয়স ৩৫। মা-বাবা আমাকে ছয় মাস বয়স থেকে লালনপালন করছেন এবং সন্তানের স্বীকৃতি দিয়ে আসছেন। এমনকি আমার জাতীয় পরিচয়পত্রেও তাঁদের নামই আছে। বাবা মারা গেছেন চার বছর আগে। মারা যাওয়ার পর জানতে পারলাম, আমি তাঁদের সন্তান নই, পালিত পুত্র। আমার বাবার এক ভাই ও তিন বোন। আমার প্রশ্ন, আমি কি বাবার সম্পত্তির অংশ থেকে কিছুই পাব না? আর এখন এ সম্পত্তির আইনগত কে কে মালিক হবেন? মৃত্যুর আগে বাবা কাউকে কোনো দান, অছিয়ত বা হেবা কিছুই করে যাননি","1. <labour_1285_s33> [বাংলাদেশ ইপিজেড শ্রম আইন, ২০১৯, ধারা ৩৩] মহিলা শ্রমিকের মৃত্যুর ক্ষেত্রে প্রসূতি কল্যাণ সুবিধা প্রদান — (১) এই অধ্যায়ের অধীন প্রসূতি কল্যাণ সুবিধা পাইবার অধিকারী কোনো মহিলা শ্রমিক সন্তান প্রসবকালে অথবা উহার পরবর্ত
2. <women_children_835_s13> [নারী ও শিশু নির্যাতন দমন আইন, ২০০০, ধারা ১৩] (১) অন্য কোন আইনে ভিন্নতর যাহা কিছুই থাকুক না কেন, ধর্ষণের কারণে কোন সন্তান জন্মলাভ করিলে-(ক) উক্ত সন্তানকে তা
3. <labour_952_s49> [বাংলাদেশ শ্রম আইন, ২০০৬, ধারা ৪৯] 1 [***] মৃত্যুর ক্ষেত্রে প্রসূতি কল্যাণ সুবিধা প্রদান — (১) এই অধ্যায়ের অধীন প্রসূতি কল্যাণ সুবিধা পাওয়ার অধিকারী কোন মহিলা সন্ত্মান প্রসবকালে অথবা উহার পরবর্তী আট 
4. <other_1413_s16> [সরকারি ঋণ আইন, ২০২২, ধারা ১৬] মৃত ধারকের জন্য প্রযোজ্য সংক্ষিপ্ত প্রক্রিয়া — ধারা ১৪ এ যাহা কিছুই থাকুক না কেন, সর্বমোট প্রদেয় মূল্যমান ১ (এক) লক্ষ টাকার ঊর্ধ্বে নয় এইরূপ সরকারি সিকিউরি
5. <other_1132_s5> [পিতা-মাতার ভরণ-পোষণ আইন, ২০১৩, ধারা ৫] পিতা-মাতার ভরণ-পোষণ না করিবার দণ্ড — (১) কোন সন্তান কর্তৃক ধারা ৩ এর যে কোন উপ-ধারার বিধান কিংবা ধারা ৪ এর বিধান লংঘন অপরাধ বলিয়া গণ্য হইবে এবং উক
6. <other_1124_s7> [মাতৃদুগ্ধ বিকল্প, শিশু খাদ্য, বাণিজ্যিকভাবে , ধারা ৭] শিক্ষামূলক বা অন্যান্য তথ্যাদি — জন্ম-পূর্ববর্তী বা জন্ম-পরবর্তী সেবা দানের উদ্দেশ্যে কোন গর্ভবতী মহিলা বা মাতৃদুগ্ধদানকারী বা শিশুর মায়েদের স
7. <labour_1285_s24> [বাংলাদেশ ইপিজেড শ্রম আইন, ২০১৯, ধারা ২৪] চাকরি হইতে অবসর গ্রহণ — (১) এই অধ্যায়ের অন্যত্র যাহা কিছুই উল্লে­খ থাকুক না কেন, কোনো প্রতিষ্ঠানে নিয়োজিত কোনো শ্রমিকের বয়স ৬০ (ষাট
8. <other_1352_s23> [বাংলাদেশ মাদ্রাসা শিক্ষা বোর্ড আইন, ২০২০, ধারা ২৩] অবসর গ্রহণের বয়স — আপাতত বলবৎ অন্য কোনো আইনে ভিন্নরূপ যাহা কিছুই থাকুক না কেন, বোর্ডের স্থায়ী কর্মচারীগণের অবসর গ্রহণের বয়স ৬০ 
9. <other_1266_s2_p3> [বাংলাদেশ মুক্তিযোদ্ধা কল্যাণ ট্রাস্ট আইন, ২০, ধারা ২] সংজ্ঞা — বা স্বামী এবং পিতা-মাতার অবর্তমানে খেতাবপ্রাপ্ত বীর মুক্তিযোদ্ধার সন্তান; বা(উ) (অ)-(ঈ) পর্যন্ত বর্ণিত ব্যক্তি
10. <land_1455_s10> [ভূমি সংস্কার আইন, ২০২৩, ধারা ১০] বর্গাদারের মৃত্যুর পর বর্গাভূমির চাষ — (১) কোনো বর্গাদার বর্গাচুক্তির মেয়াদ শেষ হইবার পূর্বে মারা গেলে, উহার মেয়াদ শেষ না হওয়া পর্যন্ত অথবা এই আইন",other_173_s2,own_search,answered,2,Sifat
prot_0076_01,Iftiaq,VERIFY,"আমার নানার চার ছেলে দুই মেয়ে। নানা ও নানি মারা গেছেন। নানার সম্পত্তি ছেলেমেয়েদের মধ্যে কী অনুপাতে ভাগ করা হবে? তাঁর ২০ বিঘা জমি আছে। আমার মা সেই সম্পত্তির কতটুকু পাবেন? নানার সম্পত্তি যদি তাঁর মেয়েদের সঠিকভাবে না দেওয়া হয়, তাহলে কী করণীয়? মায়ের সম্পত্তি কি তাঁর ছেলেমেয়েরা পাবে?নিরবমানিকগঞ্জ","1. <other_822_s10> [পার্বত্য চট্টগ্রাম আঞ্চলিক পরিষদ আইন, ১৯৯৮, ধারা ১০] সম্পত্তি সম্পর্কিত ঘোষণা — চেয়ারম্যান ও প্রত্যেক সদস্য তাহার কার্যভার গ্রহণের পূর্বে তাহার এবং তাঁহার পরিবারের কোন সদস্যের স্বত্ব, দখল ব
2. <local_government_1027_s41> [স্থানীয় সরকার (ইউনিয়ন পরিষদ) আইন, ২০০৯, ধারা ৪১] সম্পত্তি সম্পর্কিত ঘোষণা — চেয়ারম্যান ও সদস্য তাঁহার কার্যভার গ্রহণের পূর্বে তাঁহার এবং তাঁহার পরিবারের কোন সদস্যের স্বত্ব, দখল বা স্বার
3. <local_government_827_s10> [উপজেলা পরিষদ আইন, ১৯৯৮, ধারা ১০] সম্পত্তি সম্পর্কিত ঘোষণা — 14[চেয়ারম্যান ও ভাইস চেয়ারম্যান ] তাঁহার কার্যভার গ্রহণের পূর্বে তাঁহার এবং তাঁহার পরিবারের কোন সদস্যের স্বত
4. <local_government_1027_s2_p1> [স্থানীয় সরকার (ইউনিয়ন পরিষদ) আইন, ২০০৯, ধারা ২] সংজ্ঞা — শহর হিসাবে ঘোষিত নয় এইরূপ এলাকা;(১৩) 'চেয়ারম্যান' অর্থ ইউনিয়ন পরিষদের চেয়ারম্যান;(১৪) 'জনপথ' অর্থ সর্বসাধা
5. <land_856_s6> [অর্পিত সম্পত্তি প্রত্যর্পণ আইন, ২০০১, ধারা ৬] কতিপয় সম্পত্তি 1 [প্রত্যর্পণযোগ্য সম্পত্তির তালিকায়] অন্তর্ভুক্তি নিষিদ্ধ — 13[প্রত্যর্পণযোগ্য সম্পত্তির তালিকায়] নিম্নবর্ণিত সম্পত্তি অন্তর্ভুক্ত করা যাইবে না, যথা:-(ক) কোন সম্পত্তি অর
6. <other_788_s326_p0> [কোম্পানী আইন, ১৯৯৪, ধারা ৩২৬] কতিপয় সম্পদের দাবী পরিত্যাগ — (১) অবলুপ্তির কার্যক্রম চলিতেছে এমন কোন কোম্পানীর সম্পদের কোন অংশের মধ্যে যদি দূর্বহ চুক্তির (onerous covenant
7. <other_1088_s17_p1> [মানিলন্ডারিং প্রতিরোধ আইন, ২০১২, ধারা ১৭] সম্পত্তির বাজেয়াপ্তকরণ — মর্মে সন্তুষ্ট করিতে সক্ষম হন যে, তিনি বা উক্ত সত্তা উক্ত সম্পত্তিটি মানিলন্ডারিং এর সহিত সম্পৃক্ত বলিয়া জ্ঞা
8. <other_1246_s81> [ক্যান্টনমেন্ট আইন, ২০১৮, ধারা ৮১] ক্রোককৃত সম্পত্তির নিষ্পত্তি — (১) যখন ক্রোককৃত সম্পত্তি দ্রুত এবং স্বাভাবিকভাবে বিনষ্ট হওয়ার প্রকৃতির হয় বা উহা হেফাজতে রাখিবার ব্যয় আদায
9. <other_1246_s190> [ক্যান্টনমেন্ট আইন, ২০১৮, ধারা ১৯০] মালিকের ব্যর্থতায় দখলদার কর্তৃক পরিশোধের দায় — (১) যদি ধারা ১৮৯ তে উল্লিখিত কোনো নোটিশ এমন কোনো সম্পত্তি বিষয়ে কোনো ব্যক্তির নিকট প্রেরণ করা হয় যে সম্পত্তি
10. <other_1725_s21_p29> [অর্থ আইন, ২০২৬, ধারা ২১] ২০১২ সনের ৪৭ নং আইনের দ্বিতীয় তফসিলের সংশোধন — ডলার পর্যন্ত ৪৫ (ঘ) মূল্যসীমা ১০০০০০ মা. ডলার এর ঊর্ধ্ব হইতে ২০০০০০ মা. ডলার পর্যন্ত ৬০ (ঙ) মূল্যসীমা ২০০০০০ ম",other_173_s2,own_search,answered,2,Sifat
prot_0035_03,Iftiaq,VERIFY,"আমরা পাঁচ ভাই, পাঁচ বোন। আমার বাবা গত বছর মারা যান। তিনি তাঁর বড় সন্তানের নামে তুলনামূলক বেশি সম্পত্তি রেখে গেছেন। মৃত্যুর আগে তিনি বলেছেন, আমি তো সবাইকে সমান ভাগ দিতে পারলাম না, তোমরা সবাই সমানভাবে ভাগ-বাঁটোয়ারা করে নিয়ো। আমার প্রশ্ন, বাবার নামে যে সম্পত্তি আছে তা তো আমরা সমান ভাগে ভাগ পাব। কিন্তু বড় ভাইয়ের নামে যা আছে, তারও কি সমান ভাগ হবে? নাম প্রকাশে অনিচ্ছুক","1. <land_1220_s9> [স্থাবর সম্পত্তি অধিগ্রহণ ও হুকুমদখল আইন, ২০১, ধারা ৯] ক্ষতিপূরণ নির্ধারণের ক্ষেত্রে বিবেচ্য বিষয়াবলি — (১) এই আইনের অধীনে অধিগ্রহণযোগ্য কোনো স্থাবর সম্পত্তির ক্ষতিপূরণের পরিমাণ নির্ধারণ করিবার সময় জেলা প্রশাসক নি
2. <other_819_s3> [মহা হিসাব নিরীক্ষক ও নিয়ন্ত্রক (পারিশ্রমিক ও, ধারা ৩] বেতন — (১) মহা হিসাব নিরীক্ষক প্রতি মাসে সরকারের একজন সচিব যে বেতন পান তদপেক্ষা শতকরা পাঁচ ভাগ অধিক বেতন প্রাপ্য হইবে
3. <other_922_s19_p1> [জাতীয় সংসদ (সংরক্ষিত মহিলা আসন) নির্বাচন আইন, ধারা ১৯] উদ্বৃত্ত ভোটমান হস্তান্তর পদ্ধতি — অনুযায়ী পৃথক সাব-প্যাকেটে বিভক্ত করিবেন এবং নিঃশেষিত ব্যালট পেপারগুলিকে অপর একটি পৃথক সাব-প্যাকেটে রাখিয়া দি
4. <other_1037_s58> [বীমা আইন, ২০১০, ধারা ৫৮] ব্যবসা সংগ্রহের উদ্দেশ্যে কমিশন কিংবা অন্য কোন প্রকার পারিশ্রমিক পরিশোধে বিধিনিষেধ৷ — (১) কোন ব্যক্তি বাংলাদেশে বীমা ব্যবসা অর্জন বা সংগ্রহের উদ্দেশ্যে বীমা এজেন্ট বা এজেন্ট নিয়োগকারী বা ব্রোকার 
5. <other_1062_s15> [জলবায়ু পরিবর্তন ট্রাস্ট আইন, ২০১০, ধারা ১৫] ট্রাস্টের তহবিল — (১) ‘জলবায়ু পরিবর্তন ট্রাস্ট তহবিল’ নামের ট্রাস্টের একটি তহবিল থাকিবে এবং উহাতে নিম্নবর্ণিত অর্থ জমা হইবে, যথ
6. <local_government_1024_s8> [স্থানীয় সরকার (পৌরসভা) আইন, ২০০৯, ধারা ৮] পৌরসভার মেয়াদ, ইত্যাদি — (১) ধারা ৬ এর বিধান সাপেক্ষে, পৌরসভা গঠনের পর প্রথম সভার তারিখ হইতে পরবর্তী পাঁচ বৎসর পর্যন্ত উক্ত পৌরসভার মেয
7. <land_1220_s12> [স্থাবর সম্পত্তি অধিগ্রহণ ও হুকুমদখল আইন, ২০১, ধারা ১২] বর্গাদারকে ক্ষতিপূরণ প্রদান — এই আইনে যাহা কিছুই থাকুক না কেন, বর্গাদার কর্তৃক আবাদকৃত বিদ্যমান ফসলসহ কোনো স্থাবর সম্পত্তি অধিগ্রহণ করা হইলে
8. <other_1395_s4> [বাংলাদেশ সুপ্রীম কোর্টের বিচারক (পারিতোষিক ও, ধারা ৪] বিশেষ ভাতা — বিচারকগণ প্রতি মাসে বেতনের শতকরা ৫০ (পঞ্চাশ) ভাগ হারে বিশেষ ভাতা প্রাপ্য হইবেন।
9. <labour_952_s242> [বাংলাদেশ শ্রম আইন, ২০০৬, ধারা ২৪২] অংশগ্রহণ তহবিলের ব্যবহার — (১) প্রত্যেক বত্সর অংশগ্রহণ তহবিলে জমাকৃত মোট অর্থের দুই-তৃতীয়াংশ সমান অনুপাতে সকল188[সুবিধাভোগীগণের] মধ্যে ন
10. <other_1478_s26> [ফাইন্যান্স কোম্পানি আইন, ২০২৩, ধারা ২৬] পুঁজিবাজারে বিনিয়োগের ক্ষেত্রে বাধা-নিষেধ — (১) কোনো ফাইন্যান্স কোম্পানির পুঁজিবাজারে বিনিয়োগসীমা সমষ্টিগতভাবে উহার পরিশোধিত মূলধন ও রিজার্ভের মোট পরিমাণ","land_1455_s5, other_173_s2",own_search,answered,2,Sifat
prot_0062_08,Iftiaq,VERIFY,"আমার নানারা তিন ভাই। আমার নানা মেজো। আমার মা ছাড়া নানার আর কোনো সন্তান নেই। ইসলামি আইনে নানার মৃত্যুর পর অপর দুই ভাই তাঁর সম্পত্তির অংশীদার। তাঁরা যাতে অংশীদার না হন, সে জন্য আমার বাবা ১৯৮৮ সালে হেবা করে সব সম্পত্তি আমার মায়ের নামে নিয়ে নেন। এখন কেউ কেউ বলেন, হেবা করাতে নানার মৃত্যুর পর তাঁর অপর ভাইয়েরা বা ভাইয়ের সন্তানেরা যদি আদালতে মামলা করে, তাহলে তাঁরা তাঁদের প্রাপ্য অংশ পাবেন এবং ভোগদখল করতে পারবেন। আবার কেউ কেউ বলেন, হেবাকৃত জায়গাজমি কেউ কিনতে চায় না এবং বিক্রি করতেও নাকি অনেক ঝামেলা পোহাতে হয়। আমার নানা এখনো জীবিত। আমি শুনেছি, বাংলাদেশ সরকার পিতা-মাতা, সন্তান, স্ত্রীর জন্য নতুন একটি হেবার পদ্ধতি চালু করেছে, যাতে হেবাটি খুব শক্তপোক্ত হয় এবং প্রতিপক্ষ দ্বারা হয়রানি হওয়ার আশঙ্কা থাকে না। এখন কি এই নিয়মে নতুন হেবা করতে হবে? নাম প্রকাশে অনিচ্ছুক","1. <other_1717_s66> [ব্যাংক রেজল্যুশন আইন, ২০২৬, ধারা ৬৬] বাংলাদেশ ব্যাংকের রেজল্যুশন সম্পর্কিত সিদ্ধান্ত বাস্তবায়নের বিরুদ্ধে আদালতের রায় — (১) অন্য কোনো আইনে যাহা কিছুই থাকুক না কেন, যদি কেউ বাংলাদেশ ব্যাংক, উহার কোনো কর্মকর্তা, প্রতিনিধিত্বকারী বা 
2. <other_1132_s4> [পিতা-মাতার ভরণ-পোষণ আইন, ২০১৩, ধারা ৪] পিতা-মাতার অবর্তমানে দাদা-দাদী, নানা-নানীর ভরণ-পোষণ — প্রত্যেক সন্তান তাহার—(ক) পিতার অবর্তমানে দাদা-দাদীকে; এবং(খ) মাতার অবর্তমানে নানা-নানীকে—ধারা ৩ এ বর্ণিত ভরণ-
3. <other_1266_s2_p3> [বাংলাদেশ মুক্তিযোদ্ধা কল্যাণ ট্রাস্ট আইন, ২০, ধারা ২] সংজ্ঞা — বা স্বামী এবং পিতা-মাতার অবর্তমানে খেতাবপ্রাপ্ত বীর মুক্তিযোদ্ধার সন্তান; বা(উ) (অ)-(ঈ) পর্যন্ত বর্ণিত ব্যক্তি
4. <other_1132_s5> [পিতা-মাতার ভরণ-পোষণ আইন, ২০১৩, ধারা ৫] পিতা-মাতার ভরণ-পোষণ না করিবার দণ্ড — (১) কোন সন্তান কর্তৃক ধারা ৩ এর যে কোন উপ-ধারার বিধান কিংবা ধারা ৪ এর বিধান লংঘন অপরাধ বলিয়া গণ্য হইবে এবং উক
5. <labour_1285_s33> [বাংলাদেশ ইপিজেড শ্রম আইন, ২০১৯, ধারা ৩৩] মহিলা শ্রমিকের মৃত্যুর ক্ষেত্রে প্রসূতি কল্যাণ সুবিধা প্রদান — (১) এই অধ্যায়ের অধীন প্রসূতি কল্যাণ সুবিধা পাইবার অধিকারী কোনো মহিলা শ্রমিক সন্তান প্রসবকালে অথবা উহার পরবর্ত
6. <other_1349_s2> [আকাশপথে পরিবহণ (মন্ট্রিল কনভেনশন) আইন, ২০২০, ধারা ২] বিষয়বাপ্রসঙ্গেরপরিপন্থিকোনোকিছুনাথাকিলে,এইআইনে-(ক)‘অভ্যন্তরীণপরিবহণ’অর্থআকাশপথে পরিবহণেপক্ষসমূহেরমধ্যেসম্পাদি
7. <other_955_s59_p1> [সিলেট কৃষি বিশ্ববিদ্যালয় আইন, ২০০৬, ধারা ৫৯] সিলেট সরকারী ভেটেরিনারি কলেজের বিলুপ্তকরণ ও হেফাজত — হিসাবে বিবেচিত হইবেন এবং তাঁহাদের ক্ষেত্রে শাহজালাল বিজ্ঞান ও প্রযুক্তি বিশ্ববিদ্যলয়ের রেজিস্ট্রেশন নম্বর এবং
8. <other_1682_s2_p0> [মানবদেহে অঙ্গ-প্রত্যঙ্গ সংযোজন আইন, ২০২৬, ধারা ২] সংজ্ঞা — বিষয় বা প্রসঙ্গের পরিপন্থি কোনো কিছু না থাকিলে, এই আইনে- (১) “অঙ্গ-প্রত্যঙ্গ” অর্থ মানবদেহের কিডনি, হৃৎপিণ্ড,
9. <labour_952_s2_p5> [বাংলাদেশ শ্রম আইন, ২০০৬, ধারা ২] সংজ্ঞাসমূহ — ব্যবহার করা হয় বা ব্যবহারযোগ্য, এবং কোন টাগ বা ফ্লাট এবং বার্জও ইহার অর্ন্তভুক্ত হইবে;(২৮) ""প্রশাসনিক শ্রমিক""
10. <other_1132_s3> [পিতা-মাতার ভরণ-পোষণ আইন, ২০১৩, ধারা ৩] পিতা-মাতার ভরণ-পোষণ — (১) প্রত্যেক সন্তানকে তাহার পিতা-মাতার ভরণ-পোষণ নিশ্চিত করিতে হইবে।(২) কোন পিতা-মাতার একাধিক সন্তান থাকিলে সেই","land_90_s17_p0, land_90_s78A, other_48_s123",own_search,answered,2,Sifat
prot_0061_01,Iftiaq,VERIFY,"কোনো এক ব্যক্তির প্রথম স্ত্রী মারা গেলেন। সেই সংসারে রয়েছে একজন কন্যাসন্তান। আবার সেই ব্যক্তি বিয়ে করেন। কিছুদিন পর তিনি মারা গেলেন। মারা যাওয়ার আগে তিনি সম্পত্তি দলিল বা লিখিতভাবে নিবন্ধন করে দেননি তাঁর প্রথম স্ত্রীর কন্যা ও দ্বিতীয় স্ত্রীকে। ওই ব্যক্তির সম্পত্তির সম্পূর্ণ মালিকানা প্রথম স্ত্রীর কন্যা ও দ্বিতীয় স্ত্রী পাবেন, নাকি আরও কেউ অংশ পাবে? হিন্দু উত্তরাধিকার আইনমতে জানতে চাই। উজ্জ্বল কুমার রায় চট্টগ্রাম","1. <other_1037_s57_p1> [বীমা আইন, ২০১০, ধারা ৫৭] বীমা পলিসি গ্রাহক কর্তৃক মনোনয়ন৷ — মনোনয়ন স্বয়ংক্রিয়ভাবে বাতিল হইবেঃতবে শর্ত থাকে যে, স্বত্ব নিয়োগকালীন ঝুঁকি গ্রহণকারী বীমাকারী পলিসির জামান
2. <other_812_s2_p3> [দেউলিয়া বিষয়ক আইন, ১৯৯৭, ধারা ২] সংজ্ঞা — প্রতিষ্ঠান কর্তৃক প্রদত্ত ঋণ বা আর্থিক সুবিধা, যাহা দাবী হিসাবে গণ্য হইতে পারে; (৩৮) “যথাযোগ্য দেনাদার” অর্থ এ
3. <other_841_s8> [জেলা পরিষদ আইন, ২০০০, ধারা ৮] সম্পত্তি সম্পর্কিত ঘোষণা — চেয়ারম্যান এবং প্রত্যেক সদস্য তাঁহার দায়িত্বভার গ্রহণের পূর্বে তাঁহার এবং তাঁহার পরিবারের যে কোন সদস্যের স্ব
4. <land_1455_s2_p1> [ভূমি সংস্কার আইন, ২০২৩, ধারা ২] সংজ্ঞা — পরিমাণ ভূমি অব্যবহার্য থাকিবার কারণে সরকার পুনগ্রহণ করিয়াছে; এবং(ছ) ধারা ৪ অনুযায়ী সরকারের নিকট সমর্পিত বা স
5. <other_1418_s21_p1> [বাংলাদেশ সুপ্রীম কোর্টের বিচারক (ছুটি, পেনশন, ধারা ২১] আনুতোষিক ও পারিবারিক পেনশন — পেনশন।(২) উপ-ধারা (৪) ও (৫) এর বিধানাবলি সাপেক্ষে, যদি-(ক) কোনো বিচারক, যাহার ক্ষেত্রে ধারা ১৪ এর দফা (ক) এর ব
6. <other_857_s11> [বাংলাদেশ টেলিযোগাযোগ নিয়ন্ত্রণ আইন, ২০০১, ধারা ১১] পরিবারের সদস্যের কতিপয় স্বার্থ সম্পর্কে কমিশনারের দায়িত্ব — (১) কোন কমিশনারের পরিবারের কোন সদস্য যদি ধারা ১০(২)(ছ)- েত উলিস্্নখিত স্বার্থ অর্জন বা ধারণ করেন, তাহা হইলে তি
7. <other_1429_s31> [আয়কর আইন, ২০২৩, ধারা ৩১] আয় একীভূতকরণ — (১) এই আইনে ভিন্নরূপ কিছু না থাকিলে, নিম্নবর্ণিত আয়সমূহ কোনো ব্যক্তির মোট আয়ের অন্তর্ভুক্ত হইবে, যথা:-(ক) উক
8. <land_1449_s2_p1> [ভূমি উন্নয়ন কর আইন, ২০২৩, ধারা ২] সংজ্ঞা — অর্থ শুধু কৃষিকার্য বা চাষাবাদ করিয়া জীবন ও জীবিকা নির্বাহ করিয়া থাকেন এইরূপ কোনো ব্যক্তি বা পরিবার;(৭) ‘কৃষ
9. <consumer_1010_s92> [ট্রেডমার্ক আইন, ২০০৯, ধারা ৯২] মামলার কোন পক্ষের মৃত্যু — যদি এই আইনের অধীন কোন কার্যধারা বিচারাধীন থাকা অবস্থায় কোন পক্ষ মারা যান, তাহা হইলে নিবন্ধক সংশ্লিষ্ট কোন পক্
10. <other_1065_s26> [বাংলাদেশ মেডিকেল ও ডেন্টাল কাউন্সিল আইন, ২০১, ধারা ২৬] পাঠ্যসূচী এবং পরীক্ষাসমূহ সম্পর্কে তথ্য তলব — (১) কাউন্সিল, প্রথম, দ্বিতীয়, তৃতীয়, চর্তুথ বা পঞ্চম তফসিলে উল্লিখিত মেডিকেল বা ডেন্টাল চিকিৎসা-শিক্ষা, ডিপ্",other_171_s3,own_search,answered,1,Sifat
ajke_0172_01,Iftiaq,VERIFY,"প্রশ্ন: মা-বাবা যার সঙ্গে আমাকে বিয়ে দিয়েছিল, তাকে আমার পছন্দ ছিল না বলে গাজীপুর কোর্ট থেকে ডিভোর্স দিই। পরে সেখানেই পছন্দের ছেলেকে বিয়ে করি। সে সময় আমার জন্মনিবন্ধন কার্ড ছিল হাতে লেখা। ভোটার আইডি কার্ড হয়নি। দ্বিতীয় বিয়ে করলে আমার মা-বাবা ও প্রথম স্বামী দ্বিতীয় স্বামীর বিরুদ্ধে মামলা করে। তবে আইনগতভাবে সবকিছু মিটমাট হয়ে গেছে। বর্তমান সংসারে আমার তিন বছরের একটি কন্যাসন্তান আছে। মা-বাবার অনলাইন জন্মনিবন্ধন বা ভোটার আইডি কার্ড আমার কাছে না থাকায় আমার ও মেয়ের অনলাইনে জন্মনিবন্ধন করতে পারছি না। মা-বাবা সেগুলো আমাকে দিচ্ছে না। কোনো রকম যোগাযোগ করলে তারা আমার মোবাইল ফোন নম্বর ব্লক করে দেয়। নিজের পছন্দে বিয়ে করেছি বলে তারা আমাকে কোনো কাগজপত্র দিয়ে সহায়তা করছে না। আমি এখন কী করতে পারি?","1. <other_1725_s21_p29> [অর্থ আইন, ২০২৬, ধারা ২১] ২০১২ সনের ৪৭ নং আইনের দ্বিতীয় তফসিলের সংশোধন — ডলার পর্যন্ত ৪৫ (ঘ) মূল্যসীমা ১০০০০০ মা. ডলার এর ঊর্ধ্ব হইতে ২০০০০০ মা. ডলার পর্যন্ত ৬০ (ঙ) মূল্যসীমা ২০০০০০ ম
2. <labour_952_s98> [বাংলাদেশ শ্রম আইন, ২০০৬, ধারা ৯৮] সংবাদপত্র শ্রমিকের জন্য চিকিৎসা পরিচর্যা — প্রত্যেক সংবাদপত্র শ্রমিক এবং তাহার উপর নির্ভরশীলগণ সংবাদপত্র প্রতিষ্ঠানের খরচে বিধি দ্বারা নির্ধারিত পন্থায় 
3. <other_1106_s38_p1> [মূল্য সংযোজন কর ও সম্পূরক শুল্ক আইন, ২০১২, ধারা ৩৮] আগাম মূল্য পরিশোধিত টেলিযোগাযোগ দ্রব্য বা সেবা সরবরাহ — বিষয়ে অন্য কোন ব্যক্তিকে অর্থ প্রদান করেন।(৬) হ্রাসকারী সমন্বয়ের পরিমাণ হইবে উক্ত অন্য কোন ব্যক্তিকে প্রদত্ত
4. <other_922_s24> [জাতীয় সংসদ (সংরক্ষিত মহিলা আসন) নির্বাচন আইন, ধারা ২৪] অসমর্থ ভোটারের ভোটদান পদ্ধতি — (১) অন্ধত্ব, পঙ্গুত্ব বা অন্য কোন শারীরিক অসমর্থতার কারণে ব্যালট পেপারে ভোটদানের জন্য কোন ভোটারের অন্য কোন ব্য
5. <other_1025_s6> [মোবাইল কোর্ট আইন, ২০০৯, ধারা ৬] মোবাইল কোর্টের ক্ষমতা — (১) ধারা ৫ এর অধীন ক্ষমতাপ্রাপ্ত এক্সিকিউটিভ ম্যাজিস্ট্রেট বা ধারা ১১ এর অধীন ক্ষমতাপ্রাপ্ত ডিস্ট্রিক্ট ম্যাজি
6. <other_1124_s6> [মাতৃদুগ্ধ বিকল্প, শিশু খাদ্য, বাণিজ্যিকভাবে , ধারা ৬] মাতৃদুগ্ধ বিকল্প, শিশু খাদ্য, ইত্যাদি ধারণপাত্র ও মোড়কে প্রদেয় তথ্যাদি — (১) আপাততঃ বলবৎ অন্য কোন আইনের বিধানাবলী ক্ষুণ্ণ না করিয়া, কোন ব্যক্তি মাতৃদুগ্ধ বিকল্প, শিশু খাদ্য, বাণিজ্যি
7. <labour_952_s9> [বাংলাদেশ শ্রম আইন, ২০০৬, ধারা ৯] শ্রমিক রেজিস্টার এবং টিকেট ও কার্ড সরবরাহ — (১) মালিক তাহার প্রতিষ্ঠানের সকল শ্রমিকের জন্য একটি শ্রমিক রেজিস্টার রাখিবেন, এবং ইহা সকল কর্মসময়ে পরিদর্শক ক
8. <money_recovery_901_s28> [অর্থ ঋণ আদালত আইন, ২০০৩, ধারা ২৮] জারীর জন্য মামলা দাখিলের সময়সীমা — (১) TheLimitation Act, 1908এবং TheCode of Civil Procedure, 1908এ ভিন্নতর যে বিধানই থাকুক না কেন, ডিক্রীদার, আদ
9. <other_1478_s24> [ফাইন্যান্স কোম্পানি আইন, ২০২৩, ধারা ২৪] আমানত গ্রহণে বাধা-নিষেধ — (১) ফাইন্যান্স কোম্পানি এইরূপ কোনো আমানত গ্রহণ করিবে না যাহা চাহিবামাত্র চেক, ড্রাফট, ডেবিট কার্ড অথবা আমানতকা
10. <other_1005_s11> [ভোটার তালিকা আইন, ২০০৯, ধারা ১১] ভোটার তালিকা হালনাগাদকরণ — (১) কম্পিউটার ডাটাবেজ সংরক্ষিত বিদ্যমান সকল ভোটার তালিকা, প্রতি বৎসর6[২ জানুয়ারি হইতে ২ মার্চ] পর্যন্ত সময়কা",civil_registration_921_s13,own_search,answered,1,Sifat
prot_0135_01,Iftiaq,VERIFY,আমরা তিন ভাই ও এক বোন। ছোট ভাই স্ত্রী ও এক কন্যা রেখে মারা গেছেন। এখন আমরা কি ছোট ভাইয়ের সম্পত্তি পাব? এরই মধ্যে মেজ ভাই ছোট ভাইয়ের সম্পত্তি কিনে নিয়েছেন। এই দলিলে আমার আর বোনের সাক্ষী হিসেবে স্বাক্ষর নিয়েছেন। এতে করে আমাদের প্রাপ্য স্বত্ব কি নষ্ট হয়ে গেছে? আমরা কী করে প্রাপ্য স্বত্ব প্রতিষ্ঠিত করতে পারি?,"1. <other_724_s8> [রাংগামাটি পার্বত্য জেলা পরিষদ আইন, ১৯৮৯, ধারা ৮] সম্পত্তি সম্পর্কিত ঘোষণা — চেয়ারম্যান ও প্রত্যেক সদস্য তাঁহার কার্যভার গ্রহণের পূর্বে তাঁহার এবং তাঁহার পরিবারের কোন সদস্যের স্বত্ব, দখল
2. <other_822_s10> [পার্বত্য চট্টগ্রাম আঞ্চলিক পরিষদ আইন, ১৯৯৮, ধারা ১০] সম্পত্তি সম্পর্কিত ঘোষণা — চেয়ারম্যান ও প্রত্যেক সদস্য তাহার কার্যভার গ্রহণের পূর্বে তাহার এবং তাঁহার পরিবারের কোন সদস্যের স্বত্ব, দখল ব
3. <local_government_1027_s41> [স্থানীয় সরকার (ইউনিয়ন পরিষদ) আইন, ২০০৯, ধারা ৪১] সম্পত্তি সম্পর্কিত ঘোষণা — চেয়ারম্যান ও সদস্য তাঁহার কার্যভার গ্রহণের পূর্বে তাঁহার এবং তাঁহার পরিবারের কোন সদস্যের স্বত্ব, দখল বা স্বার
4. <local_government_827_s10> [উপজেলা পরিষদ আইন, ১৯৯৮, ধারা ১০] সম্পত্তি সম্পর্কিত ঘোষণা — 14[চেয়ারম্যান ও ভাইস চেয়ারম্যান ] তাঁহার কার্যভার গ্রহণের পূর্বে তাঁহার এবং তাঁহার পরিবারের কোন সদস্যের স্বত
5. <other_1266_s2_p3> [বাংলাদেশ মুক্তিযোদ্ধা কল্যাণ ট্রাস্ট আইন, ২০, ধারা ২] সংজ্ঞা — বা স্বামী এবং পিতা-মাতার অবর্তমানে খেতাবপ্রাপ্ত বীর মুক্তিযোদ্ধার সন্তান; বা(উ) (অ)-(ঈ) পর্যন্ত বর্ণিত ব্যক্তি
6. <other_1682_s2_p0> [মানবদেহে অঙ্গ-প্রত্যঙ্গ সংযোজন আইন, ২০২৬, ধারা ২] সংজ্ঞা — বিষয় বা প্রসঙ্গের পরিপন্থি কোনো কিছু না থাকিলে, এই আইনে- (১) “অঙ্গ-প্রত্যঙ্গ” অর্থ মানবদেহের কিডনি, হৃৎপিণ্ড,
7. <other_1148_s2> [বাংলাদেশ সাংবাদিক কল্যাণ ট্রাস্ট আইন, ২০১৪, ধারা ২] সংজ্ঞা — বিষয় বা প্রসঙ্গের পরিপন্থী কোন কিছু না থাকিলে, এই আইনে-(১) ‘‘চেয়ারম্যান’’ অর্থ বোর্ডের চেয়ারম্যান;(২) ‘‘ট্র
8. <other_943_s2> [বাংলাদেশ শ্রমিক কল্যাণ ফাউন্ডেশন আইন, ২০০৬, ধারা ২] সংজ্ঞা — বিষয় বা প্রসঙ্গের পরিপন্থী কিছু না থাকিলে, এই আইনে-(ক) “অপ্রাতিষ্ঠানিক খাত” অর্থ এইরূপ বেসরকারী খাত যেখানে কর
9. <other_1485_s2> [বাংলাদেশ পুলিশ কল্যাণ তহবিল আইন, ২০২৩, ধারা ২] সংজ্ঞা — বিষয় বা প্রসঙ্গের পরিপন্থি কোনো কিছু না থাকিলে, এই আইনে,-(১) ""কর্মচারী"" অর্থ-(ক) পুলিশ ইন্সপেক্টরের নিম্ন পদম
10. <other_1378_s2> [বাংলাদেশ চলচ্চিত্র শিল্পী কল্যাণ ট্রাস্ট আইন, ধারা ২] সংজ্ঞা — বিষয় বা প্রসঙ্গের পরিপন্থি কোনো কিছু না থাকিলে, এই আইনে-(ক) “চলচ্চিত্র” অর্থ সেলুলয়েড, অ্যানালগ, ডিজিটাল বা ","other_173_s2, other_36_s42_p0",own_search,answered,1,Sifat
prot_0101_02,Iftiaq,VERIFY,"এদিকে ঘরে আছেন সৎশাশুড়ি। তাঁর অধীনে সংসারজীবন চালাতে গিয়েও আমি বাড়তি আরেকটি সমস্যা ও জ্বালায় আছি। সবকিছু মিলে আমি স্বামী, সৎশাশুড়ি ও শ্বশুরকে নিয়ে মহা দুর্যোগে আছি। ফলে উপায়ন্তর না দেখে আমি শেষ পর্যন্ত বাবার বাড়িতে চলে আসি এবং তার সঙ্গে আর ঘর-সংসার না করে তাকে ত্যাগ করারও নীতিগত সিদ্ধান্ত নিয়েছি। এখন আমার প্রশ্ন, এ সিদ্ধান্ত কার্যকরে সহজ পথ কী?","1. <other_857_s44> [বাংলাদেশ টেলিযোগাযোগ নিয়ন্ত্রণ আইন, ২০০১, ধারা ৪৪] ক্ষতিপূরণ — (১) পরিচালনাকারী কর্তৃক ৪২ ধারার অধীনে তাহার পথাধিকার প্রয়োগ বা ৪৩ ধারার অধীনে তাহার প্রয়োজনে কৃত কোন কিছুর 
2. <other_1124_s7> [মাতৃদুগ্ধ বিকল্প, শিশু খাদ্য, বাণিজ্যিকভাবে , ধারা ৭] শিক্ষামূলক বা অন্যান্য তথ্যাদি — জন্ম-পূর্ববর্তী বা জন্ম-পরবর্তী সেবা দানের উদ্দেশ্যে কোন গর্ভবতী মহিলা বা মাতৃদুগ্ধদানকারী বা শিশুর মায়েদের স
3. <other_751_s48> [ব্যাংক-কোম্পানী আইন, ১৯৯১, ধারা ৪৮] সীমাবদ্ধতা — (১) বাংলাদেশ ব্যাংকের গভর্ণর ব্যতীত অন্য কোন ব্যক্তি ধারা ৪৬ অথবা ৪৭ এর অধীনে কোন আদেশ প্রদান করিতে পারিবেন না
4. <other_796_s8_p1> [অর্থ আইন, ১৯৯৫, ধারা ৮] ১৯৯১ সনের ২২ নং আইনের সংশোধন — সিদ্ধান্ত প্রদানের তারিখ হইতে ষাট দিনের মধ্যে, আপীল করিতে পারিবেন।”(গ) উপ-ধারা (৬) এর পরিবর্তে নিম্নরূপ উপ-ধার
5. <local_government_1027_s94> [স্থানীয় সরকার (ইউনিয়ন পরিষদ) আইন, ২০০৯, ধারা ৯৪] আপীল আদেশ — এই আইন, বিধি বা প্রবিধান অনুসারে পরিষদ কর্তৃক প্রদত্ত কোন আদেশের ফলে কোন ব্যক্তি সংক্ষুব্ধ হইলে তিনি বিধি দ্বা
6. <labour_952_s223> [বাংলাদেশ শ্রম আইন, ২০০৬, ধারা ২২৩] নিষ্পত্তি, ইত্যাদি বলবৎ এর তারিখ — (১) কোন নিষ্পত্তি-(ক) যদি কোন বিরোধের পক্ষগণের মধ্যে কোন সম্মত দিন থাকে, উক্ত দিন হইতে, এবং(খ) যদি উক্তরূপ কোন
7. <other_1482_s28> [বাংলাদেশ হোমিওপ্যাথিক চিকিৎসা শিক্ষা আইন, ২০, ধারা ২৮] আপিল — (১) কাউন্সিলের কোনো সিদ্ধান্তের ফলে কোনো ব্যক্তি, হোমিওপ্যাথিক শিক্ষা প্রতিষ্ঠান বা হোমিওপ্যাথিক চিকিৎসক সংক্ষ
8. <land_856_s20> [অর্পিত সম্পত্তি প্রত্যর্পণ আইন, ২০০১, ধারা ২০] আপীল ট্রাইব্যুনালের এখতিয়ার — (১) এই আইনের অধীনে দায়েরকৃত আপীলে উত্থাপিত তথ্যগত প্রশ্নে (question of fact) এবং আইনগত প্রশ্নে (question of l
9. <other_812_s83> [দেউলিয়া বিষয়ক আইন, ১৯৯৭, ধারা ৮৩] রিসিভারের আদেশ ইত্যাদির বিরুদ্ধে আবেদন — যদি দেনাদার বা কোন পাওনাদার বা অন্য কোন ব্যক্তি রিসিভারের কোন আদেশ, সিদ্ধান্ত বা কাজের ফলে সংক্ষুদ্ধ হন, তাহা 
10. <other_735_s11> [বগুড়া পল্লী উন্নয়ন একাডেমী আইন, ১৯৯০, ধারা ১১] মহা-পরিচালক — (১) একাডেমীর একজন মহা-পরিচালক থাকিবেন।(২) মহা-পরিচালক বোর্ডের সচিবও হইবেন।(৩) মহা-পরিচালক সরকার কর্তৃক নিযুক্ত","family_305_s8, family_180_s2_p0",own_search,answered,2,Sifat
ajke_0179_01,Iftiaq,VERIFY,আমি জোর করে যাই। এরপর আর ফেরত যাইনি। অকথ্য ভাষায় কথা বলাসহ আমাকে বিবাহবহির্ভূত সম্পর্কের অপবাদও দেয় তারা। স্বামী ও ননদ ফোনে আমার মা-বাবাকে খারাপ ভাষায় গালমন্দ করেছে। এ জন্য কি জিডি করতে পারি?,"1. <other_782_s3> [প্রচলিত আইন ও আইনগত দলিল (অভিযোজন) আইন, ১৯৯৪, ধারা ৩] প্রচলিত আইন ও আইনগত দলিলে অভিযোজন — (১) এই আইন প্রবর্তনের তারিখে বলবত্ সকল প্রচলিত আইন ও আইনগত দলিল, বিষয় বা প্রসংগের প্রয়োজনে ভিন্নরূপ না হইলে 
2. <women_children_1119_s27> [শিশু আইন, ২০১৩, ধারা ২৭] ভাষা, দোভাষী ও অন্যান্য বিশেষ সহায়তামূলক পদক্ষেপ — (১) আইনের সংস্পর্শে আসা শিশু এবং আইনের সহিত সংঘাতে জড়িত শিশুর সাক্ষ্য গ্রহণসহ সংশ্লিষ্ট সকল কার্যক্রম শিশুর জ
3. <family_1444_s13> [পারিবারিক আদালত আইন, ২০২৩, ধারা ১৩] সাক্ষ্য লিপিবদ্ধকরণ — (১) সাক্ষ্য লিপিবদ্ধ করিবার জন্য নির্ধারিত তারিখে, পারিবারিক আদালত যেরূপ উপযুক্ত মনে করিবে সেইরূপে উভয় পক্ষ ক
4. <other_1153_s8> [উপানুষ্ঠানিক শিক্ষা আইন, ২০১৪, ধারা ৮] উপানুষ্ঠানিক শিক্ষার মাধ্যম — (১) উপানুষ্ঠানিক শিক্ষার পাঠদানের মাধ্যম হইবে বাংলা:তবে শর্ত থাকে যে, ক্ষুদ্র নৃ-গোষ্ঠীর জন্য তাহাদের অভিপ্রায
5. <other_1123_s10_p0> [বাংলা একাডেমি আইন, ২০১৩, ধারা ১০] একাডেমির কার্যাবলি — একাডেমির কার্যাবলি হইবে নিম্নরূপ, যথাঃ-(১) জাতীয় আশা আকাঙ্খার সহিত সঙ্গতি রাখিয়া বাংলা ভাষা, সাহিত্য ও সংস্ক
6. <labour_952_s98> [বাংলাদেশ শ্রম আইন, ২০০৬, ধারা ৯৮] সংবাদপত্র শ্রমিকের জন্য চিকিৎসা পরিচর্যা — প্রত্যেক সংবাদপত্র শ্রমিক এবং তাহার উপর নির্ভরশীলগণ সংবাদপত্র প্রতিষ্ঠানের খরচে বিধি দ্বারা নির্ধারিত পন্থায় 
7. <family_1444_s16> [পারিবারিক আদালত আইন, ২০২৩, ধারা ১৬] রায় লিখন — (১) পারিবারিক আদালতের প্রত্যেকটি রায় বা আদেশ মোকদ্দমা পরিচালনাকারী বিচারক কর্তৃক বা তৎকর্তৃক প্রদত্ত নির্দেশন
8. <other_877_s9> [পার্বত্য চট্টগ্রাম ভূমি-বিরোধ নিষ্পত্তি কমিশ, ধারা ৯] 1 [ কমিশনের নিকট আবেদন দাখিল] — 11[ (১)] এই আইনের অধীনে ভূমি বিরোধ নিষ্পত্তির জন্য সংশ্লিষ্ট আবেদনকারী তাহার দস্তখত বা টিপসহিযুক্ত দরখাস্ত সাদ
9. <criminal_procedure_765_s77> [রাজশাহী মহানগরী পুলিশ আইন, ১৯৯২, ধারা ৭৭] বেশ্যাবৃত্তির উদ্দেশ্যে আহ্বান জানাইবার দণ্ড — কোন ব্যক্তি রাস্তায় বা জনসাধারণের ব্যবহার্য স্থানে অথবা গৃহভ্যন্তরে বা গৃহের বাহিরে-(ক) বেশ্যাবৃত্তির উদ্দেশ্
10. <criminal_procedure_1012_s77> [সিলেট মহানগরী পুলিশ আইন, ২০০৯, ধারা ৭৭] বেশ্যাবৃত্তির উদ্দেশ্যে আহ্বান জানাইবার দণ্ড — কোন ব্যক্তি রাস্তায় বা জনসাধারণের ব্যবহার্য স্থানে অথবা গৃহাভ্যন্তরে বা গৃহের বাহিরে -(ক) বেশ্যাবৃত্তির উদ্দে","criminal_procedure_75_s155, criminal_procedure_11_s500, criminal_procedure_11_s504",own_search,answered,1,Sifat
prot_0088_03,Iftiaq,VERIFY,"আমার বয়স ২৫। আমি স্নাতক (সম্মান) দ্বিতীয় বর্ষে পড়ি। চার বছর ধরে একটি মেয়ের সঙ্গে আমার সম্পর্ক। তার বয়স ১৮। গত ৭ জুলাই আমরা কোর্ট ম্যারেজ করে ফেলি। সবার অজান্তে আমি রাতে বাসায় গিয়ে ওর সঙ্গে শারীরিকভাবে মিলিত হতাম। হঠাত্ এক রাতে ওর মায়ের চোখে ধরা পড়ে গেলাম। তখন আমাদের বিয়ের ব্যাপারটি জানাজানি হয়ে যায়। মেয়েটি দশম শ্রেণীতে পড়ত। ঘটনা জানার পর তার স্কুলে যাওয়া বন্ধ। আমি খবর পেয়েছি, তার বাবা ও ভাই তাকে অনেক অত্যাচার করছে। আমাকে প্রাণনাশের হুমকি দিচ্ছে। এখন ভয়ে আমি দিন কাটাচ্ছি। আমাকে তালাক দিতে বাধ্য করবে বলে শুনছি। এখন আমি তার সঙ্গে যোগাযোগ করতে পারছি না। সে অন্তঃসত্ত্বা কি না তাও জানি না। যদি অন্তঃসত্ত্বা হয়ে থাকে, আমি কী করতে পারি? আমি তাকে ছাড়া বাঁচব না। আমি কীভাবে তাকে নিয়ে সংসার করতে পারি সে ব্যাপারে পরামর্শ চাই","1. <labour_1285_s24> [বাংলাদেশ ইপিজেড শ্রম আইন, ২০১৯, ধারা ২৪] চাকরি হইতে অবসর গ্রহণ — (১) এই অধ্যায়ের অন্যত্র যাহা কিছুই উল্লে­খ থাকুক না কেন, কোনো প্রতিষ্ঠানে নিয়োজিত কোনো শ্রমিকের বয়স ৬০ (ষাট
2. <women_children_1119_s44> [শিশু আইন, ২০১৩, ধারা ৪৪] গ্রেফতার, ইত্যাদি — (১) এই ধারায় যাহা কিছুই থাকুক না কেন, ৯ (নয়) বৎসরের নিম্নের কোন শিশুকে কোন অবস্থাতেই গ্রেফতার করা বা, ক্ষেত্
3. <other_1696_s14> [রাজধানী উন্নয়ন কর্তৃপক্ষ আইন, ২০২৬, ধারা ১৪] কর্মচারীর অবসর গ্রহণ বা কর্তৃপক্ষ কর্তৃক অবসর প্রদান — (১) কর্তৃপক্ষের একজন কর্মচারী তাহার বয়স ৫৯ (ঊনষাট) বৎসর পূর্ণ হইলে এবং কর্তৃপক্ষের একজন মুক্তিযোদ্ধা কর্মচারী
4. <other_1699_s54> [ময়মনসিংহ উন্নয়ন কর্তৃপক্ষ আইন, ২০২৬, ধারা ৫৪] কর্মচারীর অবসর গ্রহণ বা কর্তৃপক্ষ কর্তৃক অবসর প্রদান — (১) কর্তৃপক্ষের একজন কর্মচারী তাহার বয়স ৫৯ (ঊনষাট) বৎসর পূর্ণ হইলে এবং কর্তৃপক্ষের একজন মুক্তিযোদ্ধা কর্মচারী
5. <other_1702_s54> [রংপুর উন্নয়ন কর্তৃপক্ষ আইন, ২০২৬, ধারা ৫৪] কর্মচারীর অবসর গ্রহণ বা কর্তৃপক্ষ কর্তৃক অবসর প্রদান — (১) কর্তৃপক্ষের একজন কর্মচারী তাহার বয়স ৫৯ (ঊনষাট) বৎসর পূর্ণ হইলে এবং কর্তৃপক্ষের একজন মুক্তিযোদ্ধা কর্মচারী
6. <other_1698_s54> [বরিশাল উন্নয়ন কর্তৃপক্ষ আইন, ২০২৬, ধারা ৫৪] কর্মচারীর অবসর গ্রহণ বা কর্তৃপক্ষ কর্তৃক অবসর প্রদান — (১) কর্তৃপক্ষের একজন কর্মচারী তাহার বয়স ৫৯ (ঊনষাট) বৎসর পূর্ণ হইলে এবং কর্তৃপক্ষের একজন মুক্তিযোদ্ধা কর্মচারী
7. <other_1697_s55> [নারায়ণগঞ্জ উন্নয়ন কর্তৃপক্ষ আইন, ২০২৬, ধারা ৫৫] কর্মচারীর অবসর গ্রহণ বা কর্তৃপক্ষ কর্তৃক অবসর প্রদান — (১) কর্তৃপক্ষের একজন কর্মচারী তাহার বয়স ৫৯ (উনষাট) বৎসর পূর্ণ হইলে এবং কর্তৃপক্ষের একজন মুক্তিযোদ্ধা কর্মচারী
8. <other_1701_s55> [কুমিল্লা উন্নয়ন কর্তৃপক্ষ আইন, ২০২৬, ধারা ৫৫] কর্মচারীর অবসর গ্রহণ বা কর্তৃপক্ষ কর্তৃক অবসর প্রদান — (১) কর্তৃপক্ষের একজন কর্মচারী তাহার বয়স ৫৯ (উনষাট) বৎসর পূর্ণ হইলে এবং কর্তৃপক্ষের একজন মুক্তিযোদ্ধা কর্মচারী
9. <other_1153_s4> [উপানুষ্ঠানিক শিক্ষা আইন, ২০১৪, ধারা ৪] উপানুষ্ঠানিক শিক্ষার শ্রেণীবিভাগ ও বয়স-সীমা — (১) প্রকৃতি ও ধরন অনুযায়ী উপানুষ্ঠানিক শিক্ষার শ্রেণীবিভাগ হইবে নিম্নরূপ, যথা :-(ক) উপানুষ্ঠানিক প্রাথমিক শিক
10. <other_1718_s29_p2> [অর্থ (২০২৫-২০২৬ অর্থ বৎসর) আইন, ২০২৬, ধারা ২৯] ২০২৩ সনের ১২ নং আইনের ধারা ২ এর সংশোধন — অথবা যেইক্ষেত্রে উক্ত পনেরোতম দিন সেপ্টেম্বর মাসের পনেরোতম দিনের পূর্বের তারিখে পড়ে, সেইক্ষেত্রে আয়বর্ষ সমাপ","family_1444_s5, criminal_procedure_75_s100, criminal_procedure_11_s506",own_search,answered,1,Sifat
ajke_0155_01,Iftiaq,VERIFY,"আমার ছবি ও নাম ব্যবহার করে ফেসবুকে কেউ একজন ভুয়া অ্যাকাউন্ট খুলেছে। আমার পরিচিত সবাইকে ফ্রেন্ডস রিকোয়েস্ট পাঠাচ্ছে। সবাই আমাকে ভেবে অ্যাকসেপ্ট করছে। সবার কাছে আমার নামে খারাপ খারাপ কথা বলছে এবং টাকা ধার চাচ্ছে। আমার কয়েক বন্ধু অ্যাকাউন্টে যোগাযোগের চেষ্টা করলে তাদেরও অনেক বাজে কথা বলছে। আমার কাছের মানুষদের টেক্সট করে খারাপ কথা বলছে। এখন আমার কী করা উচিত? এই নিয়ে তৃতীয়বারের মতো এমন হলো। আমি প্রতিবার কিছু না কিছু করে আইডিটা বন্ধ করাই, আবার খুলে ফেলে। আমি এবার আইনের আশ্রয় নিতে চাচ্ছি। কীভাবে কী করব?","1. <other_1126_s8> [প্রতিবন্ধী ব্যক্তির অধিকার ও সুরক্ষা আইন, ২০, ধারা ৮] বাকপ্রতিবন্ধিতা (speech disability) — নিম্নবর্ণিত দফাসমূহে উল্লিখিত বৈশিষ্ট্যসমূহের মধ্যে এক বা একাধিক বৈশিষ্ট্যের অধিকারী ব্যক্তি ‘বাকপ্রতিবন্ধী ব্
2. <other_1727_s13> [জুয়া প্রতিরোধ আইন, ২০২৬, ধারা ১৩] ভুয়া সিম (SIM), ঘোস্ট সিম (Ghost SIM), ভুয়া এমএফএস অ্যাকাউন্ট (MFS Account) ও বায়োমেট্রিক জালিয়াতির অপরাধ — কোনো ব্যক্তি ভুয়া সিম, ঘোস্ট সিম, ভুয়া এমএফএস অ্যাকাউন্ট বা জাল পরিচয় ব্যবহার করিয়া জুয়া বা বেটিং কার্যক্
3. <other_1375_s27> [শিশু দিবাযত্ন কেন্দ্র আইন, ২০২১, ধারা ২৭] ক্যামেরায় গৃহীত ছবি, রেকর্ডকৃত কথাবার্তার সাক্ষ্য মূল্য — Evidence Act, 1872(Act No. I of 1872) এ যাহা কিছুই থাকুক না কেন, কেন্দ্রে সংঘটিত কোনো অপরাধের ভিডিও, স্থিরচিত্
4. <other_1301_s16> [বাংলাদেশ বাতিঘর আইন, ২০২০, ধারা ১৬] বাতিঘর মাশুল প্রদান না করিবার জরিমানা — (১) কোনো জাহাজের মাস্টার বা মালিক যদি এই আইনের অধীন জাহাজের বাতিঘর মাশুল, পাওনাদি এবং অন্যান্য খরচের অর্থ পরিশ
5. <other_1727_s24> [জুয়া প্রতিরোধ আইন, ২০২৬, ধারা ২৪] ভুয়া সিম, ঘোস্ট সিম, ভুয়া এমএফএস অ্যাকাউন্ট ও বায়োমেট্রিক জালিয়াতির দণ্ড — (১) কোনো ব্যক্তি ধারা ১৩ এ বর্ণিত ভুয়া সিম, ঘোস্ট সিম, ভুয়া এমএফএস অ্যাকাউন্ট বা বায়োমেট্রিক জালিয়াতির অপর
6. <women_children_1119_s80> [শিশু আইন, ২০১৩, ধারা ৮০] শিশুকে শোষণের দণ্ড — (১) শিশু-আদালত কর্তৃক শিশুর জিম্মাদার, রক্ষণাবেক্ষণকারী, প্রতিপালনের দায়িত্বপ্রাপ্ত ব্যক্তি বা অন্য কোন ব্যক্
7. <other_1045_s28> [চার্টার্ড সেক্রেটারীজ আইন, ২০১০, ধারা ২৮] ইনস্টিটিউটের নাম ব্যবহার ও চার্টার্ড সেক্রেটারী ডিগ্রী প্রদানের দন্ড — (১) এই আইনে ভিন্নতর কিছু না থাকিলে, কোন ব্যক্তি বা প্রতিষ্ঠান-(ক) এমন কোন নাম বা সীলমোহর ব্যবহার করিবেন না যাহ
8. <other_788_s346_p0> [কোম্পানী আইন, ১৯৯৪, ধারা ৩৪৬] নিষ্ক্রিয় (defunct) কোম্পানীর নাম নিবন্ধন বহি হইতে কাটিয়া দেওয়া — (১) যেক্ষেত্রে রেজিষ্ট্রারের এইরূপ বিশ্বাস করিবার যুক্তিসংগত কারণ থাকে যে, কোন একটি কোম্পানী ব্যবসা করিতেছে না
9. <other_1200_s28> [বাংলাদেশ নার্সিং ও মিডওয়াইফারি কাউন্সিল আইন,, ধারা ২৮] প্রতারণামূলক প্রতিনিধিত্ব বা নিবন্ধনের দণ্ড — (১) যদি কোন ব্যক্তি প্রতারণার আশ্রয় লইয়া ইচ্ছাকৃতভাবে নিজেকে একজন স্বীকৃত নার্স বা মিডওয়াইফ হিসাবে এই আইনের
10. <criminal_procedure_1239_s33> [রংপুর মহানগরী পুলিশ আইন, ২০১৮, ধারা ৩৩] জনস্বার্থে গান-বাজনা ইত্যাদি নিয়ন্ত্রণ — কোনো এলাকার জনসাধারণ বা কোনো ব্যক্তি বিশেষের অসুবিধা বা বিরক্তি দূরীকরণের জন্য প্রয়োজন মনে করলে পুলিশ কমিশনার","cybercrime_1710_s22, cybercrime_1710_s40",own_search,answered,1,Sifat
prot_0082_03,Iftiaq,VERIFY,"আমি একজন সরকারি প্রাথমিক বিদ্যালয়ের শিক্ষিকা। আমার বয়স ২১ বছর। পাঁচ বছর ধরে আমার একজনের সঙ্গে সম্পর্ক থাকলেও বাবা-মায়ের ইচ্ছায় আমার চেয়েও ১৬ বছরের বড় অন্য একটি ছেলেকে বিয়ে করতে বাধ্য হই। কিন্তু আমি আমার স্বামীকে মন থেকে মেনে নিতে পারিনি। কারণ, তার মেজাজ সব সময় খিটখিটে থাকে, প্রবল সন্দেহপ্রবণ এবং কারণে-অকারণে খারাপ ব্যবহার করে ইত্যাদি। এখন আমি তাকে তালাক দিতে মানসিকভাবে প্রস্তুত। এ জন্য আমাকে কী করতে হবে? সে আমার বিরুদ্ধে কোনো আইনগত ব্যবস্থা নিতে পারবে কি? তাতে আমার সরকারি চাকরিতে কোনো সমস্যা হবে কি? উল্লেখ্য, দেনমোহরের টাকার প্রতি আমার কোনো দাবি নেই এবং তার দেওয়া ১০ ভরি স্বর্ণও তাকে ফিরিয়ে দেব। আমার কাছে বিয়ের কোনো কাগজপত্র নেই। আর এর মধ্যে আমি অন্তঃসত্ত্বা হয়ে পড়েছি","1. <other_1446_s2> [সরকারি প্রাথমিক বিদ্যালয় শিক্ষক কল্যাণ ট্রাস, ধারা ২] সংজ্ঞা — বিষয় বা প্রসঙ্গের পরিপন্থি কোনো কিছু না থাকিলে, এই আইনে,-(১) “র্কমচারী” অর্থে কর্মকর্তাও অন্তর্ভুক্ত হইবে;(২)
2. <women_children_1063_s2> [পারিবারিক সহিংসতা (প্রতিরোধ ও সুরক্ষা) আইন, , ধারা ২] সংজ্ঞা — - বিষয় বা প্রসঙ্গের পরিপন্থী কিছু না থাকিলে, এই আইনে-(১)""অর্ন্তব র্তীকালীন সুরক্ষা আদেশ""অর্থ ধারা ১৩ এর অধীন 
3. <other_1094_s8> [প্রধানমন্ত্রীর শিক্ষা সহায়তা ট্রাস্ট আইন, ২০, ধারা ৮] ট্রাস্টি বোর্ড গঠন — (১) নিম্নবর্ণিত সদস্য সমন্বয়ে ট্রাস্টি বোর্ড গঠিত হইবে, যথাঃ―(ক) শিক্ষা মন্ত্রণালয়ের দায়িত্বে নিয়োজিত মন্ত
4. <other_751_s112> [ব্যাংক-কোম্পানী আইন, ১৯৯১, ধারা ১১২] (১) বাংলাদেশ ব্যাংক যদি এই আইনের কোন ধারা অথবা তদধীন কোন আদেশ বা নির্দেশ বা আরোপিত শর্ত বা প্রণীত কোন বিধি লংঘ
5. <labour_952_s155_p2> [বাংলাদেশ শ্রম আইন, ২০০৬, ধারা ১৫৫] ক্ষতিপূরণ বন্টন — প্রদেয় হয় সে ৰেত্রে, উক্ত অর্থ উক্ত ব্যক্তির উপকারার্থে তাহার অৰমতাকালীন সময়ে শ্রম আদালতের নির্দেশ মোতাবেক 
6. <other_1198_s5> [বাংলাদেশ ন্যাশনাল ক্যাডেট কোর আইন, ২০১৬, ধারা ৫] বাংলাদেশ ন্যাশনাল ক্যাডেট কোরের দায়িত্ব ও কর্তব্য — (১) বাংলাদেশ ন্যাশনাল ক্যাডেট কোরের প্রত্যেক তালিকাভুক্ত সদস্য এবং কর্মচারীর দায়িত্ব ও কর্তব্য হইবে নিম্নরূপ,
7. <criminal_procedure_1239_s108> [রংপুর মহানগরী পুলিশ আইন, ২০১৮, ধারা ১০৮] পুলিশ অফিসারের বিরুদ্ধে আইনগত ব্যবস্থা গ্রহণ — আপাতত বলবৎ অন্য কোনো আইনে যাহা কিছুই থাকুক না কেন, এই আইন, বিধি, প্রবিধান বা তদধীন প্রদত্ত কোনো আদেশের অধীন কো
8. <criminal_procedure_1238_s108> [গাজীপুর মহানগরী পুলিশ আইন, ২০১৮, ধারা ১০৮] পুলিশ অফিসারের বিরুদ্ধে আইনগত ব্যবস্থা গ্রহণ — আপাতত বলবৎ অন্য কোনো আইনে যাহা কিছুই থাকুক না কেন, এই আইন, বিধি, প্রবিধান বা তদধীন প্রদত্ত কোনো আদেশের অধীন কো
9. <other_1282_s18> [বাংলাদেশ মৎস্য গবেষণা ইনস্টিটিউট আইন, ২০১৮, ধারা ১৮] বার্ষিক প্রতিবেদন — (১) ইনস্টিটিউট প্রতি বছর তদকর্তৃক সম্পাদিত কার্যাবলীর বিবরণ সম্বলিত একটি বার্ষিক প্রতিবেদন, যথাশীঘ্র সম্ভব, সর
10. <women_children_1063_s20> [পারিবারিক সহিংসতা (প্রতিরোধ ও সুরক্ষা) আইন, , ধারা ২০] আবেদন নিষ্পত্তি — (১) এই আইনের অধীন প্রতিটি আবেদন, ধারা ১৬ এর অধীন ক্ষতিপূরণ আদেশের আবেদন ব্যতীত, নোটিশ জারীর তারিখ হইতে অনধিক ৬","family_305_s8, family_305_s7, family_476_s9",own_search,answered,2,Sifat
prot_0006_03,Iftiaq,VERIFY,"আমার দুলাভাই পাটের একজন আড়তদার। তাঁর আড়তে একজন পাট বিক্রি করতে এলে শ্রমিকের সঙ্গে মারামারি হয়। লোকটি পরের দিন বাড়িতে গিয়ে মারা যান। পরে তাঁরা দুলাভাইয়ের নামে হত্যা মামলা করেন, অথচ তিনি ছিলেন আড়তের ভেতরে। এখন দুলাভাই হাজতে আছেন। কী করতে পারি? আজমল হোসেন","1. <other_1206_s2> [পাট আইন, ২০১৭, ধারা ২] সংজ্ঞা — বিষয় বা প্রসঙ্গের পরিপন্থি কোন কিছু না থাকিলে, এই আইনে-(১) ‘‘আদেশ’’ অর্থ এ আইনের অধীন, সরকারি গেজেটে প্রজ্ঞাপ
2. <labour_952_s157> [বাংলাদেশ শ্রম আইন, ২০০৬, ধারা ১৫৭] নোটিশ ও দাবী — (১) কোন শ্রম আদালত ৰতিপূরণের কোন দাবী বিবেচনায় আনিবে না যদি না দুর্ঘটনা ঘটিবার পর যতশীঘ্র সম্ভব এতদ্নিম্নে বর
3. <other_1206_s4> [পাট আইন, ২০১৭, ধারা ৪] পাট ও পাটজাত পণ্যের ব্যবসা উন্নয়ন ও সম্প্রসারণে সরকারের ক্ষমতা — (১) পাট ও পাটজাত পণ্যের ব্যবসা উন্নয়ন ও সম্প্রসারণে সরকারের নিম্নবর্ণিত ক্ষমতা থাকিবে, যথা :-(ক) পাট ও পাটজাত
4. <cybercrime_950_s82> [তথ্য ও যোগাযোগ প্রযুক্তি আইন, ২০০৬, ধারা ৮২] সাইবার আপীল ট্রাইব্যুনাল গঠন — (১) সরকার, সরকারী গেজেটে প্রজ্ঞাপন দ্বারা, এক বা একাধিক সাইবার আপীল ট্রাইব্যুনাল, অতঃপর সময় সময় আপীল ট্রাইব্
5. <other_1206_s11> [পাট আইন, ২০১৭, ধারা ১১] সেস ধার্যকরণ — সরকার, আদেশ দ্বারা, বাংলাদেশে উৎপাদিত সকল বা যে কোন শ্রেণির পাটের রপ্তানি মূল্যের উপর উক্ত আদেশে উল্লিখিত হারে
6. <other_1206_s26> [পাট আইন, ২০১৭, ধারা ২৬] অব্যাহতি প্রদানের ক্ষমতা — সরকার, আদেশ দ্বারা, কোন ব্যক্তি বা ব্যক্তি-শ্রেণি অথবা কোন শ্রেণির পাট বা পাটের উৎপাদনকারীকে এই আইন বা তদধীন প
7. <other_1206_s3> [পাট আইন, ২০১৭, ধারা ৩] পাট ও পাটজাত পণ্য উৎপাদন ও প্রসার, গবেষণা ও পাট চাষে উদ্বুদ্ধকরণে সরকারের ক্ষমতা — পাট ও পাটজাত পণ্য উৎপাদন ও প্রসার, গবেষণা ও পাট চাষে উদ্বুদ্ধকরণে সরকার নিম্নবর্ণিত কার্যক্রম গ্রহণ করিতে পারি
8. <other_751_s61> [ব্যাংক-কোম্পানী আইন, ১৯৯১, ধারা ৬১] ট্রাইব্যুনালের গঠন — (১) এই খণ্ডের উদ্দেশ্য পূরণকল্পে সরকার একজন চেয়ারম্যান ও অপর দুইজন সদস্য সমন্বয়ে একটি ট্রাইব্যুনাল গঠন করিতে
9. <other_1181_s62> [বাংলাদেশ কোস্ট গার্ড আইন, ২০১৬, ধারা ৬২] অভিযুক্ত গ্রেপ্তার — (১) অধিভুক্ত কোন ব্যক্তির বিরুদ্ধে কোন অভিযোগ আনয়ন করা হইলে তাহাকে গ্রেপ্তার করিয়া বাহিনীর হাজতে আটক রাখা যা
10. <other_1067_s63> [বর্ডার গার্ড বাংলাদেশ আইন, ২০১০, ধারা ৬৩] অপরাধীর গ্রেফতার — (১) অধিভুক্ত কোন ব্যক্তির বিরদ্ধে কোন অভিযোগ আনয়ন করা হইলে তাহাকে গ্রেফতার করিয়া বাহিনীর হাজতে আটক রাখা যাইব","criminal_procedure_75_s497, criminal_procedure_75_s498",own_search,answered,2,Sifat
prot_0009_05,Iftiaq,VERIFY,একসময় তিনি নানাবাড়িতে চলে আসেন। আমি বড় হওয়ার পর চাচাদের সঙ্গে মিলে ২৫ শতাংশ জমি কিনেছিলাম। আমার নামে সেই জমি সমহারে দলিল হয়েছে। কিন্তু চাচারা ওই জমি আমাদের দখলে দিতে চায় না। আইনগত কী ব্যবস্থা নিতে পারি?,"1. <other_722_s15> [পার্বত্য জেলাসমূহ (আইন রহিত ও প্রয়োগ এবং বিশ, ধারা ১৫] বসতবাড়ীর জন্য গ্রামীণ জমি দখল — (১) কোন পাহাড়ী ব্যক্তি পৌর এলাকা-বহির্ভূত অনধিক ত্রিশ শতাংশ পর্যন্ত খাস জমি তাহার নিজ বসতবাড়ীর জন্য হেডম্যান
2. <other_1427_s10> [হাট ও বাজার (স্থাপন ও ব্যবস্থাপনা) আইন, ২০২৩, ধারা ১০] (১) কোনো ব্যক্তি হাট ও বাজারের সরকারি খাস জমি অবৈধভাবে দখলে রাখিতে অথবা উপযুক্ত কর্তৃপক্ষের পূর্বানুমতি ব্যতির
3. <other_721_s9> [বাংলাদেশ ঋণ সালিসি আইন, ১৯৮৯, ধারা ৯] প্রত্যর্পিত জমি হস্ত্মান্ত্মরের উপর বিধি নিষেধ — কোন কৃষক ধারা ৬ বা ধারা ৭ এর অধীন তাঁহার নিকট প্রত্যর্পিত কোন কৃষি জমি প্রত্যর্পণের তারিখ হইতে তিন বত্সরের মধ্
4. <other_857_s45> [বাংলাদেশ টেলিযোগাযোগ নিয়ন্ত্রণ আইন, ২০০১, ধারা ৪৫] লাইসেন্সধারীর প্রয়োজনে বাধ্যতামূলকভাবে বেসরকারী জমি অধিগ্রহণ — (১) লাইসেন্সের অধীন কাজকর্ম সম্পাদন বা পরিচালনার জন্য প্রয়োজনীয় কোন জমি ব্যবহারের ক্ষেত্রে লাইসেন্সধারী বাধা
5. <other_724_s64> [রাংগামাটি পার্বত্য জেলা পরিষদ আইন, ১৯৮৯, ধারা ৬৪] (১) আপাততঃ বলবত্ অন্য কোন আইনে যাহা কিছুই থাকুক না কেন-(ক) রাংগামাটি পার্বত্য জেলার এলাকাধীন বন্দোবস্তযোগ্য খা
6. <other_725_s64> [খাগড়াছড়ি পার্বত্য জেলা পরিষদ আইন, ১৯৮৯, ধারা ৬৪] (১) আপাততঃ বলবত্ অন্য কোন আইনে যাহা কিছুই থাকুক না কেন-(ক) খাগড়াছড়ি পার্বত্য জেলার এলাকাধীন বন্দোবস্তযোগ্য খ
7. <other_726_s64> [বান্দরবান পার্বত্য জেলা পরিষদ আইন, ১৯৮৯, ধারা ৬৪] (১) আপাততঃ বলবত্ অন্য কোন আইনে যাহা কিছুই থাকুক না কেন-(ক) বান্দরবন পার্বত্য জেলার এলাকাধীন বন্দোবস্তযোগ্য খাস
8. <other_1427_s6> [হাট ও বাজার (স্থাপন ও ব্যবস্থাপনা) আইন, ২০২৩, ধারা ৬] হাট ও বাজারের জমি বন্দোবস্ত প্রদান এবং হাট ও বাজার ইজারা প্রদান — (১) হাট ও বাজারের কোনো জমি স্থায়ী বন্দোবস্ত প্রদান করা যাইবে না।(২) উপ-ধারা (১) এর বিধান সাপেক্ষে, জেলা প্রশা
9. <other_1070_s22> [উদ্ভিদ সংগনিরোধ আইন, ২০১১, ধারা ২২] লিখিত বিজ্ঞপ্তি — (১) যদি উদ্ভিদ সংগনিরোধ কর্মকর্তা এই মর্মে নিশ্চিত হন যে, কোন একটি স্থানে সংগনিরোধ বালাই রহিয়াছে, তাহা হইলে ত
10. <other_721_s7> [বাংলাদেশ ঋণ সালিসি আইন, ১৯৮৯, ধারা ৭] কতিপয় বিক্রয় বাতিল — (১) এই আইন বলবত্ হইবার পর অনধিক দুই একর কৃষি জমির মালিক কোন কৃষক প্রাকৃতিক দুর্যোগে তগতিগ্রস্ত হওয়ার বা জীবন ",none,none,not_found,1,Sifat
prot_0047_03,Iftiaq,VERIFY,আমার বিয়ে হয়েছে প্রায় আট বছর। আমার একটি ছয় বছরের ছেলে আছে। কিন্তু বিয়ের পর থেকেই স্বামীর সঙ্গে বনিবনা হচ্ছে না। আজ থেকে প্রায় সাত মাস আগে একটি ছেলের সঙ্গে আমার সম্পর্ক হয়। একপর্যায়ে আমি তার সঙ্গে পালিয়ে গিয়ে আমার আগের স্বামীকে তালাক দিয়ে তাকে বিয়ে করি। কিন্তু আমার আগের স্বামী এখনো পর্যন্ত জানে না যে তাকে আমি তালাক দিয়েছি। এখন নিজে থেকেই আমাকে তালাক দিতে চায়। আমি আমার বিয়ের ১০-১২ দিনের মধ্যেই আমার বাবার বাসায় ফিরে আসি। অন্যদিকে আমি যাকে বিয়ে করেছি তার সঙ্গেও আমার সম্পর্ক ভালো যাচ্ছে না। আমি জানতে চাচ্ছি যে আগের স্বামীকে তালাক দিয়ে যে বিয়ে করেছি সেটা বৈধ কি না?নাম প্রকাশে অনিচ্ছুক,"1. <consumer_1010_s10_p0> [ট্রেডমার্ক আইন, ২০০৯, ধারা ১০] সাদৃশ্যপূর্ণ বা প্রতারণামূলকভাবে সাদৃশ্যপূর্ণ ট্রেডমার্ক নিবন্ধনে বাধা-নিষেধ — (১) উপ-ধারা (২) এর বিধান সাপেক্ষে, ভিন্ন কোন স্বত্বাধিকারীর নামে কোন পণ্য বা সেবা অথবা, পণ্য বা সেবার বর্ণনা ন
2. <other_924_s2> [ব্যক্তি মালিকানাধীন সড়ক পরিবহন শ্রমিক কল্যাণ, ধারা ২] সংজ্ঞা — বিষয় বা প্রসঙ্গের পরিপন্থী কিছু না থাকিলে, এই আইনে-(ক) “কল্যাণ তহবিল” অর্থ ধারা ৪ এর অধীন গঠিত কল্যাণ তহবিল;(
3. <labour_1285_s2_p1> [বাংলাদেশ ইপিজেড শ্রম আইন, ২০১৯, ধারা ২] সংজ্ঞা — (১৯৯৪ সনের ১৮ নং আইন) এর অধীন নিবন্ধিত কোনো কোম্পানি, যাহার অধীন কোনোজোনেএক বা একাধিক শিল্প প্রতিষ্ঠান রহিয়াছ
4. <other_1413_s36> [সরকারি ঋণ আইন, ২০২২, ধারা ৩৬] দণ্ড — (১) কোনো ব্যক্তি নিজের বা অন্য কোনো ব্যক্তির পক্ষে সরকারি সিকিউরিটি বা জাতীয় সঞ্চয় স্কীমের আওতায় ইস্যুকৃত স
5. <criminal_procedure_765_s52> [রাজশাহী মহানগরী পুলিশ আইন, ১৯৯২, ধারা ৫২] নিয়োগপত্র, প্রভৃতি ফেরত্ দিতে গাফিলতি বা অস্বীকৃতি জ্ঞাপনের দণ্ড — কোন পুলিশ কর্মকর্তা বাহিনীর সহিত সম্পর্ক ছিন্ন হওয়ার অব্যবহিত পরে তাহার নিয়োগপত্র, অস্ত্র, পোশাক ও অন্যান্য 
6. <criminal_procedure_1013_s52> [বরিশাল মহানগরী পুলিশ আইন, ২০০৯, ধারা ৫২] নিয়োগপত্র, প্রভৃতি ফেরত দিতে গাফিলতি বা অস্বীকৃতি জ্ঞাপনের দণ্ড — কোন পুলিশ কর্মকর্তা বাহিনীর সহিত সম্পর্ক ছিন্ন হওয়ার অব্যবহিত পরে তাহার নিয়োগপত্র, অস্ত্র, পোশাক ও অন্যান্য 
7. <criminal_procedure_1012_s52> [সিলেট মহানগরী পুলিশ আইন, ২০০৯, ধারা ৫২] নিয়োগপত্র, প্রভৃতি ফেরৎ দিতে গাফিলতি বা অস্বীকৃতি জ্ঞাপনের দণ্ড — কোন পুলিশ কর্মকর্তা বাহিনীর সহিত সম্পর্ক ছিন্ন হওয়ার অব্যবহিত পরে তাহার নিয়োগপত্র, অস্ত্র, পোশাক ও অন্যান্য 
8. <other_943_s2> [বাংলাদেশ শ্রমিক কল্যাণ ফাউন্ডেশন আইন, ২০০৬, ধারা ২] সংজ্ঞা — বিষয় বা প্রসঙ্গের পরিপন্থী কিছু না থাকিলে, এই আইনে-(ক) “অপ্রাতিষ্ঠানিক খাত” অর্থ এইরূপ বেসরকারী খাত যেখানে কর
9. <other_912_s2> [বাংলাদেশ কর্মচারী কল্যাণ বোর্ড আইন, ২০০৪, ধারা ২] সংজ্ঞা — বিষয় বা প্রসংগের পরিপন্থী কোন কিছু না থাকিলে, এই আইনে,-(ক) “আঞ্চলিক কমিটি” অর্থ ধারা ৮ এর অধীন গঠিত বোর্ডের আ
10. <other_1266_s2_p3> [বাংলাদেশ মুক্তিযোদ্ধা কল্যাণ ট্রাস্ট আইন, ২০, ধারা ২] সংজ্ঞা — বা স্বামী এবং পিতা-মাতার অবর্তমানে খেতাবপ্রাপ্ত বীর মুক্তিযোদ্ধার সন্তান; বা(উ) (অ)-(ঈ) পর্যন্ত বর্ণিত ব্যক্তি","family_305_s8, criminal_procedure_11_s494",own_search,answered,2,Sifat
lawy_0387_01,Iftiaq,VERIFY,স্ত্রী কর্তৃক মিথ্যা নারী নির্যাতন মামলা হলে কি করবেন!,"1. <women_children_1119_s16> [শিশু আইন, ২০১৩, ধারা ১৬] (১) আইনের সহিত সংঘাত জড়িত শিশু কর্তৃক সংঘটিত যে কোনো অপরাধের বিচার করিবার জন্য, প্রত্যেক জেলা সদরে শিশু-আদালত
2. <women_children_835_s34> [নারী ও শিশু নির্যাতন দমন আইন, ২০০০, ধারা ৩৪] ১৯৯৫ সনের ১৮ নং আইনের রহিতকরণ ও হেফাজত — (১) নারী ও শিশু নির্যাতন (বিশেষ বিধান) আইন, ১৯৯৫ (১৯৯৫ সনের ১৮ নং আইন), অতঃপর উক্ত আইন বলিয়া উল্লিখিত, এতদ্বা
3. <women_children_835_s26> [নারী ও শিশু নির্যাতন দমন আইন, ২০০০, ধারা ২৬] নারী ও শিশু নির্যাতন দমন ট্রাইব্যুনাল — (১) এই আইনের অধীন অপরাধ বিচারের জন্য প্রত্যেক জেলা সদরে একটি করিয়া ট্রাইব্যুনাল থাকিবে এবং প্রয়োজনে সরকার উক
4. <women_children_835_s35> [নারী ও শিশু নির্যাতন দমন আইন, ২০০০, ধারা ৩৫] (১) এই আইনে যাহা কিছু থাকুক না কেন,নারী ও শিশু নির্যাতন দমন (সংশোধন) অধ্যাদেশ, ২০২৫বলবৎ হওয়ার তারিখ হইতে ধারা
5. <other_896_s3> [দ্রুত বিচার ট্রাইব্যুনাল আইন, ২০০২, ধারা ৩] সংজ্ঞা — বিষয় বা প্রসংগের পরিপন্থী কোন কিছু না থাকিলে, এই আইনে,-(ক) “আদালত” অর্থ দায়রা আদালত, বিশেষ আদালত ও ম্যাজিষ্ট
6. <women_children_1063_s3> [পারিবারিক সহিংসতা (প্রতিরোধ ও সুরক্ষা) আইন, , ধারা ৩] পারিবারিক সহিংসতা — - এই আইনের উদ্দেশ্য পূরণকল্পে পারিবারিক সহিংসতা বলিতে পারিবারিক সম্পর্ক রহিয়াছে এমন কোন ব্যক্তি কতৃর্ক পরিবার
7. <other_1715_s43> [বন্যপ্রাণী (সংরক্ষণ ও নিরাপত্তা) আইন, ২০২৬, ধারা ৪৩] মিথ্যা বা হয়রানিমূলক মামলা দায়ের — এই আইনের অধীন ক্ষমতাপ্রাপ্ত কোনো কর্মকর্তা এই আইনের বিধান লঙ্ঘন করিয়া মিথ্যা বা হয়রানিমূলক মামলা দায়ের করিত
8. <other_1419_s10> [বাংলাদেশ সরকারী কর্ম কমিশন আইন, ২০২৩, ধারা ১০] ভুয়া পরিচয়ে পরীক্ষায় অংশগ্রহণ ও উহার দণ্ড — কোনো ব্যক্তি পরীক্ষার্থী না হওয়া সত্ত্বেও নিজেকে পরীক্ষার্থী হিসাবে হাজির করিয়া বা পরীক্ষার্থী বলিয়া ভান কর
9. <consumer_1014_s54> [ভোক্তা অধিকার সংরক্ষণ আইন, ২০০৯, ধারা ৫৪] মিথ্যা বা হয়রানিমূলক মামলা দায়েরের দণ্ড — কোন ব্যক্তি, কোন ব্যবসায়ী বা সেবা প্রদানকারীকে হয়রানি বা জনসমক্ষে হেয় করা বা তাহার ব্যবসায়িক ক্ষতি সাধনের 
10. <other_1078_s24> [ভবঘুরে ও নিরাশ্রয় ব্যক্তি (পুনর্বাসন) আইন, ২, ধারা ২৪] মানুষকে ভিক্ষাবৃত্তিতে নিয়োজিত করার ক্ষেত্রে কতিপয় আইনের প্রয়োগ — অন্য কোন ব্যক্তি দ্বারা প্রভাবিত বা প্ররোচিত হইয়া ভিক্ষাবৃত্তি কাজে নিয়োজিত এমন কোন ভবঘুরেকে এই আইনের অধীন আ","women_children_835_s17, women_children_835_s19, criminal_procedure_75_s561A",own_search,answered,2,Sifat
ajke_0186_01,Iftiaq,VERIFY,"প্রশ্ন: আমার স্বামীর সঙ্গে কয়েক মাসের মধ্যে ডিভোর্স হয়ে যাবে। আমরা এক বছর ধরে আলাদা থাকি এবং আমাদের মধ্যে যোগাযোগ নেই। আমার একটি ৯ বছরের ছেলেসন্তান আছে। ডিভোর্স হয়ে গেলে আমার ছেলেকে সে পাবে আইন অনুসারে। কিন্তু সে বিদেশে থাকে বলে সন্তানের দেখাশোনা করতে পারবে না। হয়তো তার পরিবারের মানুষেরা দেখবে কিংবা হোস্টেলে রাখবে। আমি জানতে চাই, সন্তানকে আমার কাছে রাখার কোনো উপায় কি আছে, যেহেতু সে বিদেশে থাকে?","1. <women_children_835_s13> [নারী ও শিশু নির্যাতন দমন আইন, ২০০০, ধারা ১৩] (১) অন্য কোন আইনে ভিন্নতর যাহা কিছুই থাকুক না কেন, ধর্ষণের কারণে কোন সন্তান জন্মলাভ করিলে-(ক) উক্ত সন্তানকে তা
2. <other_1718_s29_p2> [অর্থ (২০২৫-২০২৬ অর্থ বৎসর) আইন, ২০২৬, ধারা ২৯] ২০২৩ সনের ১২ নং আইনের ধারা ২ এর সংশোধন — অথবা যেইক্ষেত্রে উক্ত পনেরোতম দিন সেপ্টেম্বর মাসের পনেরোতম দিনের পূর্বের তারিখে পড়ে, সেইক্ষেত্রে আয়বর্ষ সমাপ
3. <other_1429_s2_p4> [আয়কর আইন, ২০২৩, ধারা ২] সংজ্ঞা — পরবর্তী সেপ্টেম্বর মাসের পনেরোতম দিন;(গ) পূর্বে কখনোই রিটার্ন দাখিল করেন নাই এইরূপ স্বাভাবিক ব্যক্তি করদাতার ক
4. <other_1725_s97_p1> [অর্থ আইন, ২০২৬, ধারা ৯৭] ২০২৩ সনের ১২ নং আইনের ধারা ১৭০ এর সংশোধন — করের ৫% (পাঁচ শতাংশ) অথবা ৫ (পাঁচ) হাজার টাকা, যাহা অধিক সেই পরিমাণ অতিরিক্ত কর প্রযোজ্য হইবে । (খ) পূর্বে কখন
5. <women_children_1063_s17> [পারিবারিক সহিংসতা (প্রতিরোধ ও সুরক্ষা) আইন, , ধারা ১৭] নিরাপদ হেফাজত আদেশ — আপাততঃ বলবৎ অন্য কোন আইনে যাহা কিছুই থাকুক না কেন, আদালত এই আইনের অধীন আবেদন বিবেচনার যে কোন পর্যায়ে সংক্ষুব্
6. <other_857_s97গ> [বাংলাদেশ টেলিযোগাযোগ নিয়ন্ত্রণ আইন, ২০০১, ধারা ৯৭গ] ধারা ৯৭ক এর বিধান লঙ্গনের দণ্ড — ধারা ৯৭ক মোতাবেক গোয়েন্দা সংস্থা, জাতীয় নিরাপত্তা সংস্থা, তদন্তকারী সংস্থা বা আইন-শৃঙ্খলা রতগার দায়িত্বে নি
7. <other_1132_s3> [পিতা-মাতার ভরণ-পোষণ আইন, ২০১৩, ধারা ৩] পিতা-মাতার ভরণ-পোষণ — (১) প্রত্যেক সন্তানকে তাহার পিতা-মাতার ভরণ-পোষণ নিশ্চিত করিতে হইবে।(২) কোন পিতা-মাতার একাধিক সন্তান থাকিলে সেই
8. <other_1131_s5> [বৈদেশিক কর্মসংস্থান ও অভিবাসী আইন, ২০১৩, ধারা ৫] কতিপয় ব্যক্তির বহির্গমনের ক্ষেত্রে এই আইনের অপ্রযোজ্যতা — এই আইন নিম্নবর্ণিত ব্যক্তির বহির্গমনের ক্ষেত্রে প্রযোজ্য হইবে না, যথা:—(ক) প্রজাতন্ত্রের কর্ম বা সংবিধিবদ্ধ সর
9. <other_857_s10_p1> [বাংলাদেশ টেলিযোগাযোগ নিয়ন্ত্রণ আইন, ২০০১, ধারা ১০] কমিশনারগণের যোগ্যতা ও অযোগ্যতা — প্রতিষ্ঠান, যাহার জন্য এই আইনের অধীনে লাইসেন্স বা কারিগরী গ্রহণযোগ্যতা সনদ বা পারমিটের প্রয়োজন হয়:তবে শর্ত থ
10. <other_751_s15ককক> [ব্যাংক-কোম্পানী আইন, ১৯৯১, ধারা ১৫ককক] (১) কোম্পানী আইনের ধারা ১০১ এর বিধান সাপেক্ষে, কোন ব্যাংক-কোম্পানীর কোন পরিচালকের কেবল বাংলাদেশ হইতে বিদেশে অন","family_64_s17, family_1444_s5",own_search,answered,2,Sifat
prot_0038_03,Iftiaq,VERIFY,"আমার বাবা মারা গেছেন চার বছর আগে। আমরা দুই ভাই ও দুই বোন। বাবার রেখে যাওয়া কোনো সম্পত্তি এখন পর্যন্ত খারিজ করা হয়নি। আমার দাদি জীবিত আছেন এবং তাঁর ছেলেমেয়েরাও জীবিত। এখন আমার বাবার কেনা সম্পত্তিতে দাদির অংশীদারত্ব আছে কি? উল্লেখ্য, আমরা মুসলিম। আইন অনুসারে দাদি কি আমার বাবার কেনা সম্পত্তির ভাগ পাবেন?নাম প্রকাশে অনিচ্ছুক","1. <other_1682_s2_p0> [মানবদেহে অঙ্গ-প্রত্যঙ্গ সংযোজন আইন, ২০২৬, ধারা ২] সংজ্ঞা — বিষয় বা প্রসঙ্গের পরিপন্থি কোনো কিছু না থাকিলে, এই আইনে- (১) “অঙ্গ-প্রত্যঙ্গ” অর্থ মানবদেহের কিডনি, হৃৎপিণ্ড,
2. <other_1349_s2> [আকাশপথে পরিবহণ (মন্ট্রিল কনভেনশন) আইন, ২০২০, ধারা ২] বিষয়বাপ্রসঙ্গেরপরিপন্থিকোনোকিছুনাথাকিলে,এইআইনে-(ক)‘অভ্যন্তরীণপরিবহণ’অর্থআকাশপথে পরিবহণেপক্ষসমূহেরমধ্যেসম্পাদি
3. <land_1455_s10> [ভূমি সংস্কার আইন, ২০২৩, ধারা ১০] বর্গাদারের মৃত্যুর পর বর্গাভূমির চাষ — (১) কোনো বর্গাদার বর্গাচুক্তির মেয়াদ শেষ হইবার পূর্বে মারা গেলে, উহার মেয়াদ শেষ না হওয়া পর্যন্ত অথবা এই আইন
4. <consumer_1010_s11> [ট্রেডমার্ক আইন, ২০০৯, ধারা ১১] জীবিত বা মৃত ব্যক্তির নাম ব্যবহার — কোন ট্রেডমার্ক নিবন্ধনের আবেদনের সহিত কোন জীবিত ব্যক্তি বা আবেদন দাখিলের পূর্ববর্তী ২০ (বিশ) বৎসরের মধ্যে মৃত 
5. <civil_registration_921_s13> [জন্ম ও মৃত্যু নিবন্ধন আইন, ২০০৪, ধারা ১৩] বিলম্বিত নিবন্ধন — ধারা ৮ এ উল্লিখিত নির্দিষ্ট সময়ের মধ্যে জন্ম বা মৃত্যুর তথ্য নিবন্ধকের নিকট প্রেরণ করা না হইলে পরবর্তী সময় উ
6. <other_1586_s23> [গুম প্রতিরোধ ও প্রতিকার অধ্যাদেশ, ২০২৫, ধারা ২৩] স্ত্রী বা সন্তান কর্তৃক গুম হওয়া ব্যক্তির সম্পত্তি ব্যবহারের অনুমতি — (১) গুম হওয়া ব্যক্তির দায় পরিশোধ, তাহার স্ত্রী বা তাহার উপর নির্ভরশীল পরিবারের সদস্যদের ভরণপোষণের বা অন্য কো
7. <other_788_s239> [কোম্পানী আইন, ১৯৯৪, ধারা ২৩৯] প্রদায়কের উত্তরাধিকারী ইত্যাদির দায়-দায়িত্ব — (১) প্রদায়কের তালিকায় নাম লিপিবদ্ধ হওয়ার পূর্বে বা পরে কোন প্রদায়কের মৃত্যু ঘটিলে, তাহার আইনানুগ প্রতিনিধি
8. <other_1037_s57_p1> [বীমা আইন, ২০১০, ধারা ৫৭] বীমা পলিসি গ্রাহক কর্তৃক মনোনয়ন৷ — মনোনয়ন স্বয়ংক্রিয়ভাবে বাতিল হইবেঃতবে শর্ত থাকে যে, স্বত্ব নিয়োগকালীন ঝুঁকি গ্রহণকারী বীমাকারী পলিসির জামান
9. <other_1403_s40> [মোংলা বন্দর কর্তৃপক্ষ আইন, ২০২২, ধারা ৪০] দণ্ড — কোনো ব্যক্তি যদি এই আইন ও বিধির কোনো বিধান লঙ্ঘন করেন তাহা হইলে উক্ত লঙ্ঘন হইবে একটি অপরাধ এবং তজ্জন্য তিনি অন
10. <other_1266_s2_p3> [বাংলাদেশ মুক্তিযোদ্ধা কল্যাণ ট্রাস্ট আইন, ২০, ধারা ২] সংজ্ঞা — বা স্বামী এবং পিতা-মাতার অবর্তমানে খেতাবপ্রাপ্ত বীর মুক্তিযোদ্ধার সন্তান; বা(উ) (অ)-(ঈ) পর্যন্ত বর্ণিত ব্যক্তি",other_173_s2,own_search,answered,2,Sifat
prot_0047_02,Iftiaq,VERIFY,আমি ভিন্ন ধর্মের একটি মেয়েকে ভালোবাসি। মেয়েটিও আমাকে খুব ভালোবাসে। মেয়েটি ইসলাম ধর্মে ধর্মান্তরিত হয়ে আমাকে বিয়ে করতে চায়। আমার আসল বয়স ১৯ বছর। কিন্তু জন্মনিবন্ধনে এবং সার্টিফিকেটে বয়স ১৭ বছর। মেয়েটির আসল ও জন্মনিবন্ধনে বয়স ১৬ বছর। আগামী দুই বছর পর আমরা বিয়ে করতে পারব কি? বিয়ের পর মেয়ের পরিবারের পক্ষ থেকে আমাদের কোনো জটিলতায় ফেলতে পারবে কি?,"1. <labour_1285_s24> [বাংলাদেশ ইপিজেড শ্রম আইন, ২০১৯, ধারা ২৪] চাকরি হইতে অবসর গ্রহণ — (১) এই অধ্যায়ের অন্যত্র যাহা কিছুই উল্লে­খ থাকুক না কেন, কোনো প্রতিষ্ঠানে নিয়োজিত কোনো শ্রমিকের বয়স ৬০ (ষাট
2. <other_1403_s40> [মোংলা বন্দর কর্তৃপক্ষ আইন, ২০২২, ধারা ৪০] দণ্ড — কোনো ব্যক্তি যদি এই আইন ও বিধির কোনো বিধান লঙ্ঘন করেন তাহা হইলে উক্ত লঙ্ঘন হইবে একটি অপরাধ এবং তজ্জন্য তিনি অন
3. <other_1487_s10> [অফশোর ব্যাংকিং আইন, ২০২৪, ধারা ১০] অফশোর ব্যাংকিং কার্যক্রম পরিচালনার জন্য প্রদত্ত লাইসেন্স ধারা ৯ এর অধীন বাতিল বা সমর্পণ কার্যকর হইবার ২ (দুই) 
4. <other_1217_s19> [বাংলাদেশ সড়ক পরিবহণ কর্তৃপক্ষ আইন, ২০১৭, ধারা ১৯] বার্ষিক বাজেট বিবরণী — কর্তৃপক্ষ, প্রতি অর্থ বছর সরকার কর্তৃক নির্দিষ্ট সময়ের মধ্যে পরবর্তী অর্থবৎসরের বার্ষিক বাজেট প্রস্তুত করিয়া
5. <other_1064_s17> [আন্তজার্তিক মাতৃভাষা ইনস্টিটিউট  আইন, ২০১০, ধারা ১৭] প্রতিবেদন — (১) প্রতি পঞ্জিকা বছর শেষ হইবার সঙ্গে সঙ্গে ইনস্টিটিউট উক্ত বৎসরে সম্পাদিত কার্যাবলীর খতিয়ান-সম্বলিত বার্ষিক 
6. <other_1717_s18ক_p1> [ব্যাংক রেজল্যুশন আইন, ২০২৬, ধারা ১৮ক] রেজল্যুশন কার্যক্রম হইতে শেয়ার, সম্পদ-দায়, পুনঃধারণ বা ধারণ — বা পক্ষ ক্ষতিগ্রস্থ হইলে তাহাদের প্রাপ্য ক্ষতিপূরণ প্রদান করিবে; ছ) বাংলাদেশ ব্যাংক, আবেদনকারীর নিকট হস্তান্তর
7. <other_1282_s18> [বাংলাদেশ মৎস্য গবেষণা ইনস্টিটিউট আইন, ২০১৮, ধারা ১৮] বার্ষিক প্রতিবেদন — (১) ইনস্টিটিউট প্রতি বছর তদকর্তৃক সম্পাদিত কার্যাবলীর বিবরণ সম্বলিত একটি বার্ষিক প্রতিবেদন, যথাশীঘ্র সম্ভব, সর
8. <road_transport_1262_s84> [সড়ক পরিবহণ আইন, ২০১৮, ধারা ৮৪] কর্তৃপক্ষ কর্তৃক নির্ধারিত কোনো মোটরযানের কারিগরি বিনির্দেশ অমান্য সংক্রান্ত ধারা ৪০ এর বিধান লঙ্ঘনের দণ্ড — যদি কোনো ব্যক্তি ধারা ৪০ এর বিধান লঙ্ঘন করেন, তাহা হইলে উক্ত লঙ্ঘন হইবে একটি অপরাধ, এবং তজ্জন্য তিনি অনধিক ৩ (
9. <other_775_s26> [বাংলাদেশ সিকিউরিটিজ অ্যান্ড এক্সচেঞ্জ কমিশন , ধারা ২৬] জটিলতার নিরসনের ক্ষমতা — (১) এই আইনের বিধানাবলী কার্যকর করার ক্ষেত্রে কোন অসুবিধা দেখা দিলে সরকার উক্ত অসুবিধা দূরীকরণার্থে, আদেশ দ্বার
10. <other_889_s12> [নিরাপদ রক্ত পরিসঞ্চালন আইন, ২০০২, ধারা ১২] লাইসেন্সের মেয়াদ ও নবায়ন — (১) বেসরকারী রক্ত পরিসঞ্চালন কেন্দ্র স্থাপন ও পরিচালনার জন্য প্রদত্ত লাইসেন্সের মেয়াদ হইবে লাইসেন্স ইস্যুর তা","women_children_1207_s2, women_children_1207_s12, women_children_1207_s7",own_search,answered,2,Sifat
prot_0001_02,Iftiaq,VERIFY,কোনো মেয়ে তার বাবা জীবিত থাকা অবস্থায় মারা গেলে মেয়ের ছেলে-মেয়ে কি তাদের মায়ের অংশ পাবে? পেলে কতটুকু অংশ পাবে? নাম প্রকাশে অনিচ্ছুক ঢাকা,"1. <other_822_s10> [পার্বত্য চট্টগ্রাম আঞ্চলিক পরিষদ আইন, ১৯৯৮, ধারা ১০] সম্পত্তি সম্পর্কিত ঘোষণা — চেয়ারম্যান ও প্রত্যেক সদস্য তাহার কার্যভার গ্রহণের পূর্বে তাহার এবং তাঁহার পরিবারের কোন সদস্যের স্বত্ব, দখল ব
2. <local_government_1027_s41> [স্থানীয় সরকার (ইউনিয়ন পরিষদ) আইন, ২০০৯, ধারা ৪১] সম্পত্তি সম্পর্কিত ঘোষণা — চেয়ারম্যান ও সদস্য তাঁহার কার্যভার গ্রহণের পূর্বে তাঁহার এবং তাঁহার পরিবারের কোন সদস্যের স্বত্ব, দখল বা স্বার
3. <land_1455_s10> [ভূমি সংস্কার আইন, ২০২৩, ধারা ১০] বর্গাদারের মৃত্যুর পর বর্গাভূমির চাষ — (১) কোনো বর্গাদার বর্গাচুক্তির মেয়াদ শেষ হইবার পূর্বে মারা গেলে, উহার মেয়াদ শেষ না হওয়া পর্যন্ত অথবা এই আইন
4. <local_government_827_s10> [উপজেলা পরিষদ আইন, ১৯৯৮, ধারা ১০] সম্পত্তি সম্পর্কিত ঘোষণা — 14[চেয়ারম্যান ও ভাইস চেয়ারম্যান ] তাঁহার কার্যভার গ্রহণের পূর্বে তাঁহার এবং তাঁহার পরিবারের কোন সদস্যের স্বত
5. <other_1429_s2_p0> [আয়কর আইন, ২০২৩, ধারা ২] সংজ্ঞা — বিষয় বা প্রসঙ্গের পরিপন্থি কোনো কিছু না থাকিলে, এই আইনে,-(১) “অবলোপিত মূল্য” অর্থ তৃতীয় তফসিলের অংশ ১ এ সংজ্
6. <local_government_1027_s2_p1> [স্থানীয় সরকার (ইউনিয়ন পরিষদ) আইন, ২০০৯, ধারা ২] সংজ্ঞা — শহর হিসাবে ঘোষিত নয় এইরূপ এলাকা;(১৩) 'চেয়ারম্যান' অর্থ ইউনিয়ন পরিষদের চেয়ারম্যান;(১৪) 'জনপথ' অর্থ সর্বসাধা
7. <other_1465_s11> [চিড়িয়াখানা আইন, ২০২৩, ধারা ১১] প্রাণিজসম্পদ সংরক্ষণ — (১) কিউরেটর চিড়িয়াখানায় প্রাণিজসম্পদ সংরক্ষণ ও ব্যবহার করিতে পারিবেন।(২) কিউরেটর মৃত প্রাণির ট্রফি প্রস্তুত
8. <other_1715_s36> [বন্যপ্রাণী (সংরক্ষণ ও নিরাপত্তা) আইন, ২০২৬, ধারা ৩৬] জব্দকরণ — (১) এই আইনের অধীন কর্মকর্তা, সাব-ইন্সপেক্টর পদমর্যাদার নিম্নে নহে এমন কোনো পুলিশ কর্মকর্তা, সহকারী রাজস্ব কর্ম
9. <labour_952_s2_p5> [বাংলাদেশ শ্রম আইন, ২০০৬, ধারা ২] সংজ্ঞাসমূহ — ব্যবহার করা হয় বা ব্যবহারযোগ্য, এবং কোন টাগ বা ফ্লাট এবং বার্জও ইহার অর্ন্তভুক্ত হইবে;(২৮) ""প্রশাসনিক শ্রমিক""
10. <other_829_s6> [ডিপজিটরি আইন, ১৯৯৯, ধারা ৬] সিকিউরিটি অজড়, ইত্যাদি অবস্থায় রক্ষণ — কোম্পানী রেজিস্টারের ডিপজিটরি অংশ জমাকৃত সকল সিকিউরিটি অজড় (dematerialised)) অবস্থায় এবং ফানজিবল ফরম (fungib",family_305_s4,own_search,answered,3,Sifat
prot_0108_03,Iftiaq,VERIFY,"আসাদ, দিনাজপুর। পরামর্শ: হেবা দলিলের মাধ্যমে জমি দান করে দিয়ে থাকলে তা অবশ্যই হস্তান্তর করতে হবে এবং রেজিস্ট্রি করতে হবে। যেহেতু এই হেবাকৃত সম্পত্তি আপনার দখলেই আছে বেশির ভাগ অংশ, তাই এই হেবা দলিল কার্যকর হয়েছে বলে ধরে নেওয়া যায়। আপনারা হেবানামা অনুযায়ী আপনাদের অংশের নামজারি করিয়ে নিতে পারেন।অগ্রক্রয়ের দাবি কীভাবে করব?","1. <land_1454_s5> [ভূমি অপরাধ প্রতিরোধ ও প্রতিকার আইন, ২০২৩, ধারা ৫] ভূমি জালিয়াতি সংক্রান্ত অপরাধ ও দণ্ড — (১) ভূমি হস্তান্তর, জরিপ, রেকর্ড হালনাগাদকরণ বা ব্যবস্থাপনা সংক্রান্ত নিম্নবর্ণিত কোনো কার্য ভূমি জালিয়াতি সং
2. <land_1454_s6> [ভূমি অপরাধ প্রতিরোধ ও প্রতিকার আইন, ২০২৩, ধারা ৬] ভূমি বিষয়ক প্রতারণা ও জালিয়াতি সংক্রান্ত অপরাধ রোধে ব্যবস্থা — (১) এই আইন বা আপাতত বলবৎ অন্য কোনো আইনের অধীন দায়েরকৃত মামলায় কোনো দলিল প্রতারণা বা জালিয়াতির মাধ্যমে সৃজিত
3. <land_1449_s6> [ভূমি উন্নয়ন কর আইন, ২০২৩, ধারা ৬] অবিভক্ত দাগ, খতিয়ান, ইত্যাদি — (১) উত্তরাধিকার বা অন্য যেকোনো মাধ্যমে হস্তান্তরের ক্ষেত্রে একটি দাগ বিভিন্ন ভাগ বা খন্ডে বিভক্ত হইলে এবং এইরূ
4. <land_1455_s5> [ভূমি সংস্কার আইন, ২০২৩, ধারা ৫] স্থাবর সম্পত্তির বেনামি লেনদেন — (১) কোনো ব্যক্তি নিজের উপকারার্থে কোনো স্থাবর সম্পত্তির বেনামি লেনদেন করিতে পারিবেন না।ব্যাখ্যা।-এই ধারায় ‘বে
5. <other_788_s350> [কোম্পানী আইন, ১৯৯৪, ধারা ৩৫০] সময়সীমা অতিক্রমের পর দলিলপত্র ইত্যাদি দাখিলকরণ বা নিবন্ধন — যে সকল দলিল, রিটার্ণ, বিবরণী বা কোন তথ্য বা ঘটনা এই আইনের বিধান অনুসারে রেজিষ্ট্রারের নিকট নিবন্ধন, দাখিল, বা 
6. <other_788_s193_p1> [কোম্পানী আইন, ১৯৯৪, ধারা ১৯৩] রেজিষ্ট্রার কর্তৃক তথ্য বা ব্যাখ্যা তলব করার ক্ষমতা — অনুমতি দিতে পারিবে।(৪) রেজিষ্ট্রার পূর্বোক্ত তথ্য বা ব্যাখ্যা বা দলিল পাইবার পর উহা তাহার নিকট দাখিলকৃত দলিলের
7. <land_1220_s17> [স্থাবর সম্পত্তি অধিগ্রহণ ও হুকুমদখল আইন, ২০১, ধারা ১৭] অধিগ্রহণকৃত জমি বেসরকারি প্রত্যাশী ব্যক্তি বা সংস্থার নিকট হস্তান্তর — (১) কোনো বেসরকারি প্রত্যাশী ব্যক্তি বা সংস্থার অনুকূলে স্থাবর সম্পত্তি অধিগ্রহণের ক্ষেত্রে, ধারা ৪ এর অধীন নোট
8. <land_1220_s12> [স্থাবর সম্পত্তি অধিগ্রহণ ও হুকুমদখল আইন, ২০১, ধারা ১২] বর্গাদারকে ক্ষতিপূরণ প্রদান — এই আইনে যাহা কিছুই থাকুক না কেন, বর্গাদার কর্তৃক আবাদকৃত বিদ্যমান ফসলসহ কোনো স্থাবর সম্পত্তি অধিগ্রহণ করা হইলে
9. <other_1702_s30> [রংপুর উন্নয়ন কর্তৃপক্ষ আইন, ২০২৬, ধারা ৩০] ভূমি বিলি-বন্দেজ — (১) ধারা ২৮ এর অধীন অর্জিত ভূমি বা ধারা ২৯ এর অধীন অধিগ্রহণকৃত ভূমি বা ভূমি সংশ্লিষ্ট স্বার্থ কর্তৃপক্ষ নিজ কর
10. <other_1698_s30> [বরিশাল উন্নয়ন কর্তৃপক্ষ আইন, ২০২৬, ধারা ৩০] ভূমি বিলি-বন্দেজ — (১) ধারা ২৮ এর অধীন অর্জিত ভূমি বা ধারা ২৯ এর অধীন অধিগ্রহণকৃত ভূমি বা ভূমি সংশ্লিষ্ট স্বার্থ কর্তৃপক্ষ নিজ কর","land_241_s96_p0, land_232_s24_p0",own_search,answered,2,Sifat
prot_0073_07,Iftiaq,VERIFY,"আমরা চার ভাই ও পাঁচ বোন। সবাই বিবাহিত। বাবা ও মা দুজনই মারা গেছেন। সব ভাইয়েরই পুত্রসন্তান আছে। আমার একটিমাত্র কন্যা, বয়স পাঁচ বছর। আমার মৃত্যুর পর আমার স্ত্রী ও কন্যা কীভাবে আমার সম্পত্তির মালিক হতে পারে? সমস্যা হলো, আমার বাবার রেখে যাওয়া সম্পত্তি অর্পিত হিসাবে আছে, যা ১৯৬৩-৬৪ সালে রেজিস্ট্রেশন করা অবস্থায় কেনা ছিল। এই সম্পত্তিতে আমরা চার ভাই ভোগদখলে আছি। আমাদের চার ভাইয়ের নামে আলাদা একটি বাড়ি কেনা আছে, যার নাম খারিজ করা হয়নি। কারণ, সেই সম্পত্তি অর্ধেক অর্পিত হিসেবে আছে, যা রেজিস্ট্রেশন দলিলমূলে কেনা ১৯৯০ সালে। নাম প্রকাশে অনিচ্ছুকমুন্সিগঞ্জ","1. <other_1418_s21_p1> [বাংলাদেশ সুপ্রীম কোর্টের বিচারক (ছুটি, পেনশন, ধারা ২১] আনুতোষিক ও পারিবারিক পেনশন — পেনশন।(২) উপ-ধারা (৪) ও (৫) এর বিধানাবলি সাপেক্ষে, যদি-(ক) কোনো বিচারক, যাহার ক্ষেত্রে ধারা ১৪ এর দফা (ক) এর ব
2. <other_812_s2_p3> [দেউলিয়া বিষয়ক আইন, ১৯৯৭, ধারা ২] সংজ্ঞা — প্রতিষ্ঠান কর্তৃক প্রদত্ত ঋণ বা আর্থিক সুবিধা, যাহা দাবী হিসাবে গণ্য হইতে পারে; (৩৮) “যথাযোগ্য দেনাদার” অর্থ এ
3. <other_1266_s2_p3> [বাংলাদেশ মুক্তিযোদ্ধা কল্যাণ ট্রাস্ট আইন, ২০, ধারা ২] সংজ্ঞা — বা স্বামী এবং পিতা-মাতার অবর্তমানে খেতাবপ্রাপ্ত বীর মুক্তিযোদ্ধার সন্তান; বা(উ) (অ)-(ঈ) পর্যন্ত বর্ণিত ব্যক্তি
4. <other_1682_s2_p0> [মানবদেহে অঙ্গ-প্রত্যঙ্গ সংযোজন আইন, ২০২৬, ধারা ২] সংজ্ঞা — বিষয় বা প্রসঙ্গের পরিপন্থি কোনো কিছু না থাকিলে, এই আইনে- (১) “অঙ্গ-প্রত্যঙ্গ” অর্থ মানবদেহের কিডনি, হৃৎপিণ্ড,
5. <land_856_s2_p1> [অর্পিত সম্পত্তি প্রত্যর্পণ আইন, ২০০১, ধারা ২] সংজ্ঞা — “জেলা প্রশাসক” বলিতে, এই আইনের উদ্দেশ্য পূরণকল্পে, তত্কর্তৃক ক্ষমতা প্রদত্ত অন্য কোন কর্মকর্তাও অন্তর্ভুক্ত;(চ
6. <other_724_s8> [রাংগামাটি পার্বত্য জেলা পরিষদ আইন, ১৯৮৯, ধারা ৮] সম্পত্তি সম্পর্কিত ঘোষণা — চেয়ারম্যান ও প্রত্যেক সদস্য তাঁহার কার্যভার গ্রহণের পূর্বে তাঁহার এবং তাঁহার পরিবারের কোন সদস্যের স্বত্ব, দখল
7. <other_822_s10> [পার্বত্য চট্টগ্রাম আঞ্চলিক পরিষদ আইন, ১৯৯৮, ধারা ১০] সম্পত্তি সম্পর্কিত ঘোষণা — চেয়ারম্যান ও প্রত্যেক সদস্য তাহার কার্যভার গ্রহণের পূর্বে তাহার এবং তাঁহার পরিবারের কোন সদস্যের স্বত্ব, দখল ব
8. <land_856_s6> [অর্পিত সম্পত্তি প্রত্যর্পণ আইন, ২০০১, ধারা ৬] কতিপয় সম্পত্তি 1 [প্রত্যর্পণযোগ্য সম্পত্তির তালিকায়] অন্তর্ভুক্তি নিষিদ্ধ — 13[প্রত্যর্পণযোগ্য সম্পত্তির তালিকায়] নিম্নবর্ণিত সম্পত্তি অন্তর্ভুক্ত করা যাইবে না, যথা:-(ক) কোন সম্পত্তি অর
9. <local_government_1027_s41> [স্থানীয় সরকার (ইউনিয়ন পরিষদ) আইন, ২০০৯, ধারা ৪১] সম্পত্তি সম্পর্কিত ঘোষণা — চেয়ারম্যান ও সদস্য তাঁহার কার্যভার গ্রহণের পূর্বে তাঁহার এবং তাঁহার পরিবারের কোন সদস্যের স্বত্ব, দখল বা স্বার
10. <other_1429_s327> [আয়কর আইন, ২০২৩, ধারা ৩২৭] হাজিরার জন্য অনুমোদিত প্রতিনিধি — (১) কোনো করদাতা, যিনি এই আইনের অধীন কোনো কার্যধারার সহিত সংশ্লিষ্ট কোনো আয়কর কর্তৃপক্ষ বা আপিল ট্রাইব্যুনালে ","other_48_s123, other_173_s2, land_856_s10_p1",own_search,answered,1,Sifat
prot_0138_02,Iftiaq,VERIFY,"অবসর, ছাঁটাই, অপসারণ, বরখাস্ত, অবসান করার পর মজুরি এবং পাওনা পরিশোধ করা না হলে আদায় করার ক্ষেত্রে শ্রমিকের করণীয় কী?","1. <labour_1285_s56> [বাংলাদেশ ইপিজেড শ্রম আইন, ২০১৯, ধারা ৫৬] মজুরি পরিশোধের সময় — অবসর গ্রহণ, ছাঁটাই, ডিসচার্জ, বরখাস্ত বা চাকরির অবসান, ইত্যাদি যে কোনো কারণে শ্রমিকের চাকরির অবসান ঘটিবার পরবর
2. <labour_1285_s10> [বাংলাদেশ ইপিজেড শ্রম আইন, ২০১৯, ধারা ১০] অব্যয়িত ছুটি মজুরি প্রদান — যদি কোনো শ্রমিকের চাকরি ছাঁটাই,ডিসচার্জ, অপসারণ, বরখাস্ত, অবসর গ্রহণ, পদত্যাগ বা অন্য কোনো কারণে অবসান হয় এবং
3. <labour_952_s30> [বাংলাদেশ শ্রম আইন, ২০০৬, ধারা ৩০] শ্রমিকের চূড়ান্ত পাওনা পরিশোধের মেয়াদ — অবসর, ডিসচার্জ, ছাঁটাই, বরখাস্ত এবং চাকুরীর অবসান ইত্যাদি যে কোন কারণে শ্রমিকের চাকুরীর ছেদ ঘটার পরবর্তী সর্বো
4. <labour_952_s29> [বাংলাদেশ শ্রম আইন, ২০০৬, ধারা ২৯] ভবিষ্য তহবিল পরিশোধ — যদি কোন শ্রমিক কোন ভবিষ্য তহবিলের সদস্য হন এবং তহবিলের বিধি অনুযায়ী তিনি মালিকের চাঁদাসহ উক্ত তহবিল হইতে কোন 
5. <labour_1285_s25> [বাংলাদেশ ইপিজেড শ্রম আইন, ২০১৯, ধারা ২৫] ভবিষ্য তহবিল পরিশোধ — যদি কোনো শ্রমিক কোনো ভবিষ্য তহবিলের সদস্য হন এবং প্রবিধান দ্বারা নির্ধারিত পদ্ধতি অনুযায়ী তিনি মালিকের চাঁদাস
6. <labour_952_s123> [বাংলাদেশ শ্রম আইন, ২০০৬, ধারা ১২৩] মজুরী পরিশোধের সময় — (১) কোন শ্রমিকের যে মজুরীকাল সমপর্কে তাহার মজুরী প্রদেয় হয় সেই কাল শেষ হওয়ার পরবর্তী সাত কর্মদিবসের মধ্যে ত
7. <labour_952_s11> [বাংলাদেশ শ্রম আইন, ২০০৬, ধারা ১১] অব্যয়িত ছুটির মজুরী প্রদান — যদি কোন শ্রমিকের চাকুরী ছাটাই, ডিসচার্জ, অপসারণ, বরখাসত্দ, অবসর, পদত্যাগ বা অন্য কোন কারণে অবসান হয় এবং যদি ত
8. <labour_1285_s54> [বাংলাদেশ ইপিজেড শ্রম আইন, ২০১৯, ধারা ৫৪] মজুরির বিশেষ সংজ্ঞা — বিষয় অথবা প্রসঙ্গের পরিপন্থি কোনো কিছু না থাকিলে, এই অধ্যায়ে ‘‘মজুরি’’ বলিতে ধারা ২ এর দফা (৩৪) এ সংজ্ঞায়িত
9. <labour_1285_s13> [বাংলাদেশ ইপিজেড শ্রম আইন, ২০১৯, ধারা ১৩] কতিপয় ক্ষেত্রে ‘‘এক বৎসর’’, ‘‘ছয় মাস’’ এবং ‘‘মজুরি’’ গণনা — (১) এই অধ্যায়ের প্রয়োজনে, কোনো শ্রমিক কোনো প্রতিষ্ঠানে পূর্ববর্তী ১২ (বারো) পঞ্জিকা মাসে বাস্তবে অন্তত ২৪০ (
10. <labour_1285_s22> [বাংলাদেশ ইপিজেড শ্রম আইন, ২০১৯, ধারা ২২] বরখাস্ত, ইত্যাদি ব্যতীত অন্যভাবে মালিক কর্তৃক শ্রমিকের চাকরির অবসান — (১) এই অধ্যায়ের অন্যত্র বিধৃত কোনো পন্থা ছাড়াও মালিক-(ক) কোনো স্থায়ী শ্রমিকের ক্ষেত্রে ১২০ (একশত বিশ) দিনের","labour_952_s30, labour_952_s33",own_search,answered,2,Sifat
prot_0043_02,Iftiaq,VERIFY,"আমি একজনকে খুব ভালোবাসি। আমাদের সম্পর্কের দুই বছর হয়ে গেছে। সমস্যা হলো সে বিবাহিত। আমার সঙ্গে যখন তার প্রথম পরিচয় হয় তখন তার স্ত্রী পাঁচ মাসের অন্তঃসত্ত্বা। আমার কাছে সে কখনো কিছু লুকায়নি। এক বছর আগে আমরা বিয়ে করেছি। কিন্তু বিয়েতে কোনো কাবিন হয়নি। আমরা কাজি ডেকে তিনজন সাক্ষী রেখে বিয়ে করেছি। তার আগের স্ত্রী থাকায় আমরা তার ভয়ে কাবিন করিনি। দুই মাস আগে সে তার স্ত্রীকে তালাকের চিঠি পাঠায়। তার স্ত্রী কোনো মামলা করেনি। কিন্তু গত দুই মাস ধরে সে আমাকে বলছে, আমার সঙ্গে থাকা তার পক্ষে আর সম্ভব না। এখন আমার প্রশ্ন হলো, আমাদের বিয়েটা কি বৈধ? নাম প্রকাশে অনিচ্ছুক","1. <other_1586_s23> [গুম প্রতিরোধ ও প্রতিকার অধ্যাদেশ, ২০২৫, ধারা ২৩] স্ত্রী বা সন্তান কর্তৃক গুম হওয়া ব্যক্তির সম্পত্তি ব্যবহারের অনুমতি — (১) গুম হওয়া ব্যক্তির দায় পরিশোধ, তাহার স্ত্রী বা তাহার উপর নির্ভরশীল পরিবারের সদস্যদের ভরণপোষণের বা অন্য কো
2. <other_1403_s56> [মোংলা বন্দর কর্তৃপক্ষ আইন, ২০২২, ধারা ৫৬] মামলা দায়েরের সীমাবদ্ধতা — (১) কর্তৃপক্ষের বিরুদ্ধে মামলা দায়েরে ইচ্ছুক ব্যক্তি, তাহার নাম ঠিকানাসহ মামলা দায়েরের কারণ সংবলিত লিখিত নোট
3. <other_751_s70> [ব্যাংক-কোম্পানী আইন, ১৯৯১, ধারা ৭০] সরকারী অবসায়ক কর্তৃক প্রাথমিক প্রতিবেদন দাখিল — কোম্পানী আইনের283[ধারা ২৫৯] তে ভিন্নতর কোন বিধান থাকা সত্ত্বেও, যে ক্ষেত্রে এই284[আইন] প্রবর্তনের পূর্বে বা পর
4. <other_1404_s56> [চট্টগ্রাম বন্দর কর্তৃপক্ষ আইন, ২০২২, ধারা ৫৬] মামলা দায়েরের সীমাবদ্ধতা — (১) কর্তৃপক্ষের বিরুদ্ধে কোনো আদালতে মামলা দায়েরে ইচ্ছুক ব্যক্তি, তাহার নাম ঠিকানাসহ মামলা দায়েরের কারণ সংবল
5. <other_1246_s204> [ক্যান্টনমেন্ট আইন, ২০১৮, ধারা ২০৪] মামলার নোটিশ প্রদান — (১) কোনো ব্যক্তি বোর্ডের কোনো আদেশ দ্বারা সংক্ষুব্ধ হইয়া কোনো দেওয়ানি মামলা দায়ের করিতে চাহিলে, তিনি তামাদি
6. <other_1485_s9> [বাংলাদেশ পুলিশ কল্যাণ তহবিল আইন, ২০২৩, ধারা ৯] মৃত্যু এবং অক্ষমতাজনিত কারণে এককালীন এবং মাসিক কল্যাণ অনুদান — (১) কোনো কর্মচারী বা তাহার মৃত্যু হইলে তাহার স্ত্রী বা, ক্ষেত্রমত, স্বামী, বিধি দ্বারা নির্ধারিত পদ্ধতিতে, নিম
7. <other_1131_s38> [বৈদেশিক কর্মসংস্থান ও অভিবাসী আইন, ২০১৩, ধারা ৩৮] বিচার — (১)Code of Criminal Procedure, 1898(Act No. V of 1898) এ যাহা কিছুই থাকুক না কেন, এই আইনের অধীন অপরাধসমূহ প্রথ
8. <other_1429_s31> [আয়কর আইন, ২০২৩, ধারা ৩১] আয় একীভূতকরণ — (১) এই আইনে ভিন্নরূপ কিছু না থাকিলে, নিম্নবর্ণিত আয়সমূহ কোনো ব্যক্তির মোট আয়ের অন্তর্ভুক্ত হইবে, যথা:-(ক) উক
9. <other_1266_s2_p2> [বাংলাদেশ মুক্তিযোদ্ধা কল্যাণ ট্রাস্ট আইন, ২০, ধারা ২] সংজ্ঞা — জামায়াতে ইসলামী এবং তাহাদের সহযোগী রাজাকার, আলবদর, আলশামস বাহিনীর বিরুদ্ধে গণপ্রজাতন্ত্রী বাংলাদেশের স্বাধীনত
10. <other_1403_s40> [মোংলা বন্দর কর্তৃপক্ষ আইন, ২০২২, ধারা ৪০] দণ্ড — কোনো ব্যক্তি যদি এই আইন ও বিধির কোনো বিধান লঙ্ঘন করেন তাহা হইলে উক্ত লঙ্ঘন হইবে একটি অপরাধ এবং তজ্জন্য তিনি অন","family_476_s3, family_305_s6",own_search,answered,2,Sifat
prot_0025_01,Iftiaq,VERIFY,তাঁর মৃত্যুর পর আমরা মৌখিকভাবে বাবার জমি ভাগ করে ব্যবহার করতে থাকি। আজ প্রায় আট বছর পর আমি আমার ভাগের জমিতে নিজ খরচেই একটি মার্কেট তৈরি করি। এ ক্ষেত্রে ব্যাংক থেকেও ঋণ নিতে হয়। তবে আজও জমির দলিল তৈরি করা হয়নি। এখন আমার ভাইয়েরা যদি আমার জমিতে তাদের অধিকার দাবি করে তাহলে কি তারা এর অংশীদার হওয়ার অধিকার রাখে?,"1. <other_1472_s50> [বাংলাদেশ পেটেন্ট আইন, ২০২৩, ধারা ৫০] অধিকার লঙ্ঘনের (Infringement) মামলায় আত্মপক্ষ সমর্থন — (১) পেটেন্টের অধিকার লঙ্ঘনের মামলায়, ধারা ৩৩ এর অধীন যেসকল কারণে পেটেন্ট রদ (Revocation) করা যায়, সেই সকল কা
2. <other_1070_s22> [উদ্ভিদ সংগনিরোধ আইন, ২০১১, ধারা ২২] লিখিত বিজ্ঞপ্তি — (১) যদি উদ্ভিদ সংগনিরোধ কর্মকর্তা এই মর্মে নিশ্চিত হন যে, কোন একটি স্থানে সংগনিরোধ বালাই রহিয়াছে, তাহা হইলে ত
3. <other_1055_s7> [রিয়েল এস্টেট উন্নয়ন ও ব্যবস্থাপনা আইন, ২০১০, ধারা ৭] ভূমির মালিক কর্তৃক রিয়েল এস্টেট নির্মাণ — (১) কোন ডেভেলপার জমি খরিদ করিয়া উক্ত জমিতে মালিক নিয়ত হইয়া উক্ত জমির উপর বিক্রয়ের উদ্দেশ্যে রিয়েল এস্টেট 
4. <other_857_s42_p0> [বাংলাদেশ টেলিযোগাযোগ নিয়ন্ত্রণ আইন, ২০০১, ধারা ৪২] পথাধিকার (Right of way) ইত্যাদি — (১) এই ধারার অন্যান্য বিধান সাপেক্ষে, টেলিযোগাযোগ ব্যবস্থা স্থাপন বা টেলিযোগাযোগ সেবা প্রদানের জন্য একজন পরিচা
5. <consumer_1452_s73> [কপিরাইট আইন, ২০২৩, ধারা ৭৩] সম্প্রচার পুনরুৎপাদন অধিকার বা সম্পাদনকারীর অধিকার লঙ্ঘন করে না এইরূপ কার্য, ইত্যাদি — (১) উপধারা (২) এর বিধান সাপেক্ষে, কোনো সম্প্রচার পুনরুৎপাদন অধিকার বা সম্পাদনকারীর অধিকার নিম্নবর্ণিত কার্যাবল
6. <other_1287_s2_p0> [উদ্ভিদের জাত সংরক্ষণ আইন, ২০১৯, ধারা ২] সংজ্ঞা — বিষয় বা প্রসঙ্গের পরিপন্থি কোনো কিছু না থাকিলে, এই আইনে,-(১) “অত্যাবশ্যকীয়ভাবে উদ্ভূত জাত (Essentially Deriv
7. <other_721_s2> [বাংলাদেশ ঋণ সালিসি আইন, ১৯৮৯, ধারা ২] সংজ্ঞা — বিষয় বা প্রসংগের পরিপন্থী কোন কিছু না থাকিলে, এই আইনে,-(ক) “কৃষক” অর্থ এমন ব্যক্তি যিনি নিজের জমি ব্যক্তিগতভা
8. <other_857_s43> [বাংলাদেশ টেলিযোগাযোগ নিয়ন্ত্রণ আইন, ২০০১, ধারা ৪৩] পথাধিকার প্রয়োগে মালিক ইত্যাদির অসম্মতি — (১) কোন জমির মালিক বা দখলকার বা তত্ত্বাবধায়ক ৪২(৫) ধারায় উল্লেখিত সম্মতি বা অনুমতি না দিলে বা উহা প্রত্যাখ্য
9. <criminal_procedure_1013_s87> [বরিশাল মহানগরী পুলিশ আইন, ২০০৯, ধারা ৮৭] ইচ্ছাকৃতভাবে অনধিকার প্রবেশের দণ্ড — কোন ব্যক্তি সন্তোষজনক কারণ ছাড়া কোন বসতবাড়ীতে বা উহার প্রাংগনে বা উহার সংলগ্ন জমিতে বা মাঠে অথবা সরকারী জমি,
10. <consumer_1452_s105> [কপিরাইট আইন, ২০২৩, ধারা ১০৫] অধিকার লঙ্ঘনকারী অনুলিপি দখলে রাখিবার দণ্ড — যদি কোনো ব্যক্তি ইচ্ছাকৃতভাবে কপিরাইট বিদ্যমান রহিয়াছে এইরূপ কোনো কর্মের অধিকার লঙ্ঘনকারী অনুলিপি তৈরি করিবার",none,none,not_found,1,Sifat
prot_0019_01,Iftiaq,VERIFY,"প্রথম স্ত্রীর সঙ্গে ২০০৮ সালে বিচ্ছেদ হয়। আমার প্রথম স্ত্রীর দুটি সন্তান আছে বলে দ্বিতীয় স্ত্রী সন্তান নেয়নি। বিশেষ করে আমার পুত্রসন্তানটি ছোট থেকে দ্বিতীয় স্ত্রীর কাছেই লালিত হচ্ছে। এ কারণে সে সব ক্ষেত্রে আমার দ্বিতীয় স্ত্রীর নাম ব্যবহার করে, এমনকি জন্মনিবন্ধন ও পঞ্চম শ্রেণির সনদও দ্বিতীয় মায়ের নামে করা হয়। আমার প্রশ্ন, এই নাম ব্যবহারের কারণে ভবিষ্যতে কোনো সমস্যা হবে কি না?","1. <other_1037_s57_p2> [বীমা আইন, ২০১০, ধারা ৫৭] বীমা পলিসি গ্রাহক কর্তৃক মনোনয়ন৷ — বলবৎ হইবার পূর্বে কোন ব্যক্তি তাহার নিজের বা তাহার স্ত্রীর বা সন্তানদের বা তাহাদের যে কোন এক জনের লাইফ ইন্স্যু
2. <labour_952_s7> [বাংলাদেশ শ্রম আইন, ২০০৬, ধারা ৭] সার্ভিস বইয়ের ফরম — (১) সার্ভিস বই বিধি দ্বারা নির্ধারিত মাপে ও ফরমে রৰিত হইবে, এবং উহাতে শ্রমিকের একটি ফটো সংযোজিত থাকিবে।(২) সার
3. <other_1190_s18> [পেট্রোলিয়াম আইন, ২০১৬, ধারা ১৮] পরীক্ষণ সনদ — (১) পেট্রোলিয়ামের নমুনা পরীক্ষণ করিবার পর, পরীক্ষণ কর্মকর্তা সরকার কর্তৃক, সরকারি গেজেটে প্রজ্ঞাপন দ্বারা, নি
4. <other_1045_s18> [চার্টার্ড সেক্রেটারীজ আইন, ২০১০, ধারা ১৮] রেজিস্টার — (১) সচিব, নিম্নবর্ণিত তথ্যাদি উল্লেখপূর্বক, নির্ধারিত পদ্ধতিতে, সদস্যগণের নাম রেজিস্টারে অন্তর্ভুক্ত ও সংরক্ষণ
5. <other_894_s7> [পুলিশ ষ্টাফ কলেজ আইন, ২০০২, ধারা ৭] বোর্ডের সভা — (১) এই আইনের অন্যান্য বিধানাবলী সাপেক্ষে, বোর্ড কর্তৃক উহার সভার কার্য পদ্ধতি নির্ধারিত হইবে।(২) বোর্ডের সভা উ
6. <other_1190_s26> [পেট্রোলিয়াম আইন, ২০১৬, ধারা ২৬] অপরাধের বিচার — এই আইনের অধীন সংঘটিত অপরাধসমূহ একজন মেট্রোপলিটন ম্যাজিস্ট্রেট বা প্রথম বা দ্বিতীয় শ্রেণির ম্যাজিস্ট্রেট কর্তৃ
7. <other_1065_s12> [বাংলাদেশ মেডিকেল ও ডেন্টাল কাউন্সিল আইন, ২০১, ধারা ১২] মেডিকেল প্রতিষ্ঠানের মেডিকেল চিকিৎসা-শিক্ষা যোগ্যতার স্বীকৃতি — (১)বাংলাদেশে অবস্থিত বা বাংলাদেশের বাহিরে অবস্থিত কোন মেডিকেল প্রতিষ্ঠান কর্তৃক প্রদত্ত মেডিকেল চিকিৎসা-শিক্ষা
8. <other_788_s346_p0> [কোম্পানী আইন, ১৯৯৪, ধারা ৩৪৬] নিষ্ক্রিয় (defunct) কোম্পানীর নাম নিবন্ধন বহি হইতে কাটিয়া দেওয়া — (১) যেক্ষেত্রে রেজিষ্ট্রারের এইরূপ বিশ্বাস করিবার যুক্তিসংগত কারণ থাকে যে, কোন একটি কোম্পানী ব্যবসা করিতেছে না
9. <other_1037_s128> [বীমা আইন, ২০১০, ধারা ১২৮] দ্বিতীয় জরিপ৷ — (১) কর্তৃপক্ষের নিকট যদি এইরূপ বিশ্বাস করিবার কারণ থাকে, কোন বীমা জরিপকারী মিথ্যা প্রতিবেদন দাখিল করিয়াছে বা 
10. <other_1429_s135> [আয়কর আইন, ২০২৩, ধারা ১৩৫] (১) স্টক এক্সচেঞ্জে তালিকাভুক্ত কোনো কোম্পানি বা তহবিলের সিকিউরিটিজ হস্তান্তরের জন্য দায়িত্বপ্রাপ্ত কোনো ব্যক","civil_registration_921_s21, other_173_s2",own_search,answered,1,Sifat
prot_0112_03,Iftiaq,VERIFY,তাই কোনো দেশে বসবাস করতে হলে সেই দেশের আইনকানুন মানতে হবে। অজ্ঞতার কারণে একশ্রেণীর সুবিধাভোগী আপনার মতো সহজসরল মানুষগুলোর দুর্বলতার সুযোগ নিচ্ছে। আত্মহত্যার চেষ্টা করা একটি অপরাধ। এর জন্য দণ্ডবিধিতে শাস্তির ব্যবস্থা আছে। এ জন্য আপনি বলতে পারেন না যে আমার জান আমি নেব কার কী?,"1. <other_817_s3_p1> [বিমান-নিরাপত্তা বিরোধী অপরাধ দমন আইন, ১৯৯৭, ধারা ৩] বিমান-অধিনায়কের ক্ষমতা ও দায়িত্ব — উক্ত কাজ করিতে পারিবেন।(৪) এই ধারার অধীনে কোন আরোহীর উপর বাধানিষেধ আরোপ বা তাহাকে আটকের পর প্রথম যখন বিমানটির 
2. <other_1009_s3> [সন্ত্রাস বিরোধী আইন, ২০০৯, ধারা ৩] অন্যান্য শব্দ ও অভিব্যক্তির প্রযোজ্যতা — (১) এই আইনে ব্যবহৃত যে সকল শব্দ বা অভিব্যক্তির সংজ্ঞা এই আইনে দেওয়া হয় নাই, সেই সকল শব্দ বা অভিব্যক্তি ফৌজদা
3. <other_1246_s175> [ক্যান্টনমেন্ট আইন, ২০১৮, ধারা ১৭৫] অন্তর্ঘাতি ব্যক্তিগণের বহিষ্কার — (১) যদি ক্যান্টনমেন্টের অভ্যন্তরে অবস্থান বা বসবাস করিয়া কোনো ব্যক্তি এইরূপ কোনো কিছু ঘটান বা ঘটানোর চেষ্টা ক
4. <other_817_s22> [বিমান-নিরাপত্তা বিরোধী অপরাধ দমন আইন, ১৯৯৭, ধারা ২২] অপরাধীকে বহিঃসমর্পণ (Extradition) সংক্রান্ত বিধানাবলী — Extradition Act, 1974(LVIII of 1974), অতঃপর উক্ত Act বলিয়া উল্লিখিত, এর উদ্দেশ্য পূরণকল্পে এতদ্বারা ঘোষণা করা
5. <other_1679_s18> [ভূমি ব্যবহার নিয়ন্ত্রণ ও কৃষিভূমি সুরক্ষা আই, ধারা ১৮] কোম্পানি, ইত্যাদি কর্তৃক অপরাধ সংঘটন — (১) এই আইনের অধীন শাস্তিযোগ্য কোনো অপরাধ সংঘটনকারী ব্যক্তি যদি কোম্পানি হয়, তাহা হইলে উক্ত কোম্পানির মালিক, প
6. <consumer_1010_s82> [ট্রেডমার্ক আইন, ২০০৯, ধারা ৮২] কোম্পানী কর্তৃক অপরাধ সংঘটন — (১) কোম্পানী পরিচালনার কাজে দায়িত্বপ্রাপ্ত ব্যক্তি যদি এই আইনের অধীন উহার ব্যবসা পরিচালনাকালীন কোন অপরাধ সংঘট
7. <other_817_s5> [বিমান-নিরাপত্তা বিরোধী অপরাধ দমন আইন, ১৯৯৭, ধারা ৫] কোন আরোহীকে বিমান হইতে নামাইয়া দেওয়া ইত্যাদি ক্ষেত্রে যথাযথ কর্তৃপক্ষের দায়িত্ব — (১) কোন আরোহীকে ধারা ৩ এর উপ-ধারা (৫) এর অধীনে কোন বিমান হইতে বাংলাদেশে নামাইয়া দেওয়া বা সমর্পণ করা হইলে, যথ
8. <other_1296_s4> [বাংলাদেশের পতাকাবাহী জাহাজ (স্বার্থরক্ষা) আই, ধারা ৪] অন্য কোনো দেশের পতাকাবাহী জাহাজ কর্তৃক পণ্য পরিবহণ — নির্ধারিত কর্তৃপক্ষ বাংলাদেশ হইতে অন্য কোনো দেশে বা অন্য কোনো দেশ হইতে বাংলাদেশে পণ্য পরিবহণের ক্ষেত্রে অন্য ক
9. <consumer_1127_s81> [নিরাপদ খাদ্য আইন, ২০১৩, ধারা ৮১] সরকারি কর্মকর্তা ও কর্মচারী কর্তৃক দায়িত্ব পালনে ব্যর্থতা — (১) এই আইনের অধীন অপরাধ দমনে সহায়তাকারী কোন সরকারি কর্মচারী দায়িত্ব পালনে ব্যর্থ হইলে বা কোন বিধান লঙ্ঘন করি
10. <other_1685_s11> [বন ও বৃক্ষ সংরক্ষণ আইন, ২০২৬, ধারা ১১] কোম্পানি, ইত্যাদি কর্তৃক অপরাধ সংঘটন — কোনো কোম্পানি কর্তৃক এই আইনের অধীন কোনো অপরাধ সংঘটিত হইলে উক্ত অপরাধের সহিত প্রত্যক্ষ সংশ্লিষ্টতা রহিয়াছে কোম",unanswerable,none,unanswerable,2,Sifat
prot_0075_03,Iftiaq,VERIFY,"আমার স্বামী আমাকে যৌতুকের দাবিতে প্রায়ই নির্যাতন করত। আমার বাবার আর্থিক অবস্থা মোটেও ভালো ছিল না। আমার স্বামী আমাকে একদিন মারাত্মকভাবে আহত করে। আমার বাবা আমাকে বাদী করে কোর্টে নারী ও শিশু নির্যাতন দমন আইনে মামলা করেন। আমার স্বামী এখন জেলহাজতে। সে নাকি এখন তার ভুল বুঝতে পেরেছে। আমাকে পরে আর নির্যাতন করবে না এবং আমাকে নিয়ে সংসার করতে আগ্রহী। তার পরিবারের লোকজনও আমাকে মানসিকভাবে আঘাত করবে না বলে কথা দিয়েছে। কিন্তু আমার নিরাপত্তা নিয়ে আমার মা-বাবা চিন্তিত। আমার উকিল বলেছেন, স্ট্যাম্পে তার ও তার পরিবারের সদস্যদের স্বাক্ষর নিয়ে শর্তারোপ করে মীমাংসা করতে হবে। ওই মীমাংসানামার মেয়াদ কত দিন থাকবে? মীমাংসানামাটি কি উকিল সাহেব নিজে ব্যক্তিগতভাবে করে দিতে চাচ্ছেন, নাকি আদালত থেকে? আমি আপসনামায় কী ধরনের শর্ত দিতে পারি? আমি কি কোর্ট থেকে মামলার নকলটি উঠিয়ে রাখব? থানায় একটি সাধারণ ডায়েরি করার প্রয়োজন আছে কি? ইত্যাদি বিস্তারিত জানালে উপকৃত হব।নাম প্রকাশে অনিচ্ছুকচুয়াডাঙ্গা","1. <women_children_1119_s16> [শিশু আইন, ২০১৩, ধারা ১৬] (১) আইনের সহিত সংঘাত জড়িত শিশু কর্তৃক সংঘটিত যে কোনো অপরাধের বিচার করিবার জন্য, প্রত্যেক জেলা সদরে শিশু-আদালত
2. <women_children_1063_s3> [পারিবারিক সহিংসতা (প্রতিরোধ ও সুরক্ষা) আইন, , ধারা ৩] পারিবারিক সহিংসতা — - এই আইনের উদ্দেশ্য পূরণকল্পে পারিবারিক সহিংসতা বলিতে পারিবারিক সম্পর্ক রহিয়াছে এমন কোন ব্যক্তি কতৃর্ক পরিবার
3. <women_children_835_s35> [নারী ও শিশু নির্যাতন দমন আইন, ২০০০, ধারা ৩৫] (১) এই আইনে যাহা কিছু থাকুক না কেন,নারী ও শিশু নির্যাতন দমন (সংশোধন) অধ্যাদেশ, ২০২৫বলবৎ হওয়ার তারিখ হইতে ধারা
4. <other_896_s3> [দ্রুত বিচার ট্রাইব্যুনাল আইন, ২০০২, ধারা ৩] সংজ্ঞা — বিষয় বা প্রসংগের পরিপন্থী কোন কিছু না থাকিলে, এই আইনে,-(ক) “আদালত” অর্থ দায়রা আদালত, বিশেষ আদালত ও ম্যাজিষ্ট
5. <women_children_835_s34> [নারী ও শিশু নির্যাতন দমন আইন, ২০০০, ধারা ৩৪] ১৯৯৫ সনের ১৮ নং আইনের রহিতকরণ ও হেফাজত — (১) নারী ও শিশু নির্যাতন (বিশেষ বিধান) আইন, ১৯৯৫ (১৯৯৫ সনের ১৮ নং আইন), অতঃপর উক্ত আইন বলিয়া উল্লিখিত, এতদ্বা
6. <women_children_835_s26> [নারী ও শিশু নির্যাতন দমন আইন, ২০০০, ধারা ২৬] নারী ও শিশু নির্যাতন দমন ট্রাইব্যুনাল — (১) এই আইনের অধীন অপরাধ বিচারের জন্য প্রত্যেক জেলা সদরে একটি করিয়া ট্রাইব্যুনাল থাকিবে এবং প্রয়োজনে সরকার উক
7. <women_children_835_s1> [নারী ও শিশু নির্যাতন দমন আইন, ২০০০, ধারা ১] সংক্ষিপ্ত শিরোনামা — এই আইননারী ও শিশু নির্যাতন দমন আইন, ২০০০নামে অভিহিত হইবে।
8. <other_1485_s9> [বাংলাদেশ পুলিশ কল্যাণ তহবিল আইন, ২০২৩, ধারা ৯] মৃত্যু এবং অক্ষমতাজনিত কারণে এককালীন এবং মাসিক কল্যাণ অনুদান — (১) কোনো কর্মচারী বা তাহার মৃত্যু হইলে তাহার স্ত্রী বা, ক্ষেত্রমত, স্বামী, বিধি দ্বারা নির্ধারিত পদ্ধতিতে, নিম
9. <other_1684_s36> [মানব পাচার ও অভিবাসী চোরাচালান প্রতিরোধ ও দম, ধারা ৩৬] মানব পাচার ও অভিবাসী চোরাচালান অপরাধ দমন ট্রাইব্যুনাল গঠন — (১) এই আইনের অধীন অপরাধসমূহের দ্রুত বিচারের উদ্দেশ্যে সরকার, সরকারি গেজেটে প্রজ্ঞাপন দ্বারা, জেলা ও দায়রা জজ 
10. <women_children_835_s11> [নারী ও শিশু নির্যাতন দমন আইন, ২০০০, ধারা ১১] যৌতুকের জন্য মৃত্যু ঘটানো, ইত্যাদির শাস্তি — যদি কোন নারীর স্বামী অথবা স্বামীর পিতা, মাতা, অভিভাবক, আত্মীয় বা স্বামীর পক্ষে অন্য কোন ব্যক্তি যৌতুকের জন্য ","women_children_835_s35, criminal_procedure_75_s345_p0, criminal_procedure_75_s548",own_search,answered,2,Sifat
dail_0629_02,Iftiaq,VERIFY,"Nurullah Dhaka Response Thank you very much for your query. Upon receipt of the query I have understood that you are desirous to know about your right to receive information from Government offices and Private authorities. According to the Right to Information Act 2009 (hereinafter referred as “the Act”) every citizen of Bangladesh has a right to information from the Authority and the Authority shall, on demand from a citizen, be bound to provide such information. Hence, you, as the citizen of Bangladesh, have the right to receive any information from the Authority. However, the law has set down certain procedures for getting such information. However, at the very outset let us understand who is the “Authority”?","1. <other_218_s19_p0> [The Foreign Exchange Regulation Act, 1947, ধারা 19] Power to call for information — 22[ (1) The Government or the Bangladesh Bank may, at any time by notification in the official Gazette, direct
2. <other_289_s34> [The Private Forests Ordinance, 1959 (East Pa, ধারা 34] Information of the Magistrate and procedure thereupon — The Regional Forest Officer may cause information to be given to a Magistrate regarding any forest offence whi
3. <other_144_s79> [The Forest Act, 1927, ধারা 79] Persons bound to assist Forest-officers and Police-officers — (1) Every person who exercises any right in a reserved or protected forest, or who is permitted to take any fo
4. <other_194_s6> [The Industrial Statistics Act, 1942, ধারা 6] Right of access to record or document — The statistics authority or any person authorised by him in writing in this behalf shall, for the purposes of 
5. <other_399_s12> [The Census Order, 1972 (President's Order), ধারা 12] The Census Commissioner or any authority authorised in this behalf by the Government may, at the request of an
6. <other_278_s12> [The Agricultural Census Act, 1958, ধারা 12] Preparation of statistical abstracts — The9[Director-General] or such person as the Government may authorise in this behalf may, if he thinks fit, at
7. <other_361_s3> [The National Service Ordinance, 1970, ধারা 3] National service liability, etc. — (1) Subject to the provisions of this Ordinance, every male citizen of Bangladesh who has attained the age of 
8. <other_194_s8> [The Industrial Statistics Act, 1942, ধারা 8] Penalties — If any person required to furnish any information or any return-(a) wilfully refuses or without lawful excuse 
9. <other_194_s5> [The Industrial Statistics Act, 1942, ধারা 5] Power of statistics authority to call for returns and information — (1) The statistics authority may serve or cause to be served on any person a notice requiring him to furnish, 
10. <other_642_s302> [The Bangladesh Merchant Shipping Ordinance, , ধারা 302] Stability information and damage control — (1) There shall be carried on board every Bangladesh ship whose keel was not laid before the first day of May,","consumer_1011_s4, consumer_1011_s8",own_search,answered,2,Sifat
