"qid","annotator","n_words","question_bn","paraphrase","pii_removed","notes"
"ajke_0142_01","Sifat","73","আমার বয়স ১৭ বছর। মা, দুই ভাইসহ আমি একসঙ্গে থাকি। মা-বাবা আলাদা থাকেন সাত বছর ধরে। আমার বাবা কোনোভাবেই আমার মাকে ডিভোর্স দিচ্ছেন না। আমরা বোঝানোর চেষ্টা করেছি। মা আমাদের তিন ভাইবোনের খরচ বহন করেন। তিনি কোনো কিছুই অপূর্ণ রাখেন না। কিন্তু বাবা আমাদের খোঁজ রাখেন না। আমার মা মানসিক ও শারীরিকভাবে অসুস্থ হয়ে পড়ছেন দিন দিন। সন্তান হিসেবে আমরা এমন কোনো আইনি পদক্ষেপ নিতে পারি কি, যাতে আমার মা-বাবার ডিভোর্স হয়ে যায়?","আমি ১৭ বছরের। মা আর আমার দুই ভাইয়ের সঙ্গে থাকি। সাত বছর হলো বাবা-মা আলাদা আছেন। বাবা কিছুতেই মাকে ডিভোর্স দিতে রাজি হচ্ছেন না, আমরা অনেক বুঝিয়েছি। আমাদের তিন ভাইবোনের সব খরচ মা-ই চালান, কোনো কিছুর অভাব রাখেন না। অথচ বাবা আমাদের কোনো খবরই নেন না। দিনকে দিন মায়ের শরীর আর মন দুটোই ভেঙে পড়ছে। ছেলেমেয়ে হিসেবে আমরা কি আইনিভাবে এমন কিছু করতে পারি, যাতে বাবা-মায়ের ডিভোর্সটা হয়ে যায়?","no",""
"ajke_0157_01","Sifat","90","প্রশ্ন: আমি হিন্দুধর্মাবলম্বী একজন বিবাহিত মেয়ে। কিছুদিন আগে আমার বাবা মারা গেছেন। আমার বাবা ব্যাংকে কিছু টাকা রেখে গেছেন, যার নমিনি আমার মা। আমি আমার বাবা-মায়ের একমাত্র সন্তান। আমার দাদু অর্থাৎ বাবার বাবা, মা, ভাই জীবিত আছেন। আমার বাবা মারা যাওয়ার পর আমার কাকা ও দাদু দাবি করছেন, তাঁরা আমার বাবার টাকার ওয়ারিশ; যেহেতু আমি একমাত্র মেয়ে। তাঁরা টাকা দাবি করছেন। তাঁরা ব্যাংককে এ কথা জানিয়েছেন। ব্যাংক থেকে ওয়ারিশান সার্টিফিকেট চাওয়া হচ্ছে। আমার প্রশ্ন, তাঁরা কি হিন্দু আইনমতে এই টাকার ওয়ারিশ হবেন? যেহেতু নমিনি আমার মা এবং তিনি জীবিত আছেন","আমি হিন্দু পরিবারের বিবাহিত মেয়ে। কয়েক দিন আগে বাবা মারা গেছেন। ব্যাংকে বাবার কিছু টাকা আছে, সেখানে নমিনি করা আছে আমার মাকে। বাবা-মায়ের আমি একমাত্র সন্তান। বাবার বাবা মানে আমার দাদু, বাবার মা আর বাবার ভাই এখনো বেঁচে আছেন। বাবা মারা যাওয়ার পর কাকা আর দাদু বলছেন, আমি যেহেতু একটাই মেয়ে, তাই বাবার টাকার ওয়ারিশ তাঁরাও। তাঁরা টাকার ভাগ চাইছেন এবং ব্যাংককেও সেটা জানিয়ে দিয়েছেন। এখন ব্যাংক ওয়ারিশান সার্টিফিকেট চাইছে। আমি জানতে চাই, হিন্দু আইন অনুযায়ী তাঁরা কি এই টাকার ওয়ারিশ হবেন, যখন নমিনি আমার মা এবং তিনি বেঁচে আছেন?","no",""
"ajke_0169_01","Sifat","89","আমি এইচএসসি পরীক্ষার্থী। আমার বাবা-মা প্রায় চার বছর ধরে আলাদা থাকছেন। বাবা একাধিক নারীতে আসক্ত ছিলেন। সে কারণে মাকে মারধর করতেন। শেষমেশ মা বাড়ি ছেড়ে চলে আসেন। এর পর থেকে বাবা আমার খরচ দেওয়া বন্ধ করে দেন। তবে কখনো কখনো পারিবারিক চাপের কারণে কিছু দেন, আবার বন্ধ করে দেন। এখন মাকে ডিভোর্সের নোটিশ পাঠিয়েছেন বাবা। যদি সত্যি তাঁদের ডিভোর্স হয়ে যায়, তাহলে আমার করণীয় কী? আমি কীভাবে আমার ন্যায্য অধিকার পাব? তিনি যথেষ্ট সচ্ছল মানুষ। আমি চাই আমার পড়ালেখা চালিয়ে যাওয়ার মতো খরচটা তিনি দিন। আমাদের কী করা উচিত?","এবার এইচএসসি দেব। প্রায় চার বছর হলো আমার বাবা-মা আলাদা থাকেন। বাবার একাধিক নারীর প্রতি ঝোঁক ছিল, আর সে জন্য তিনি মাকে মারধর করতেন। শেষে মা বাড়ি ছেড়ে চলে আসেন। তারপর থেকে বাবা আমার খরচ দেওয়া বন্ধ করে দিয়েছেন। মাঝেমধ্যে পরিবারের লোকজনের চাপে কিছু টাকা দেন, আবার বন্ধ করে দেন। এখন বাবা মায়ের কাছে ডিভোর্সের নোটিশ পাঠিয়েছেন। সত্যিই যদি ওঁদের ডিভোর্স হয়ে যায়, তখন আমি কী করব? আমার ন্যায্য পাওনা কীভাবে আদায় করব? বাবার টাকাপয়সার অভাব নেই। আমি চাই অন্তত পড়াশোনা চালিয়ে যাওয়ার খরচটা তিনি দিন। এখন আমাদের কী করা দরকার?","no",""
"ajke_0179_02","Sifat","8","আমি ডিভোর্সের জন্য আইনিভাবে এগোতে চাই। করণীয় কী?","আইনের পথে গিয়ে ডিভোর্স নিতে চাই। কী করতে হবে?","no","Short follow-up fragment; the story is in an earlier part of the letter."
"ajke_0194_01","Sifat","35","প্রশ্ন: আমি হিন্দু পরিবারের মানুষ। আমার জেঠিমা মারা গেছেন। জ্যাঠা মারা যাওয়ার আগে জেঠিমার নামে শহরের ও গ্রামের বাড়ির অংশ দানপত্র করে যান। এখন জেঠিমার সম্পত্তির ওয়ারিশ কে হবে? তাঁর দেবরের ছেলে-মেয়ে নাকি তাঁর ভাই?","আমরা হিন্দু। আমার জেঠিমা মারা গেছেন। জ্যাঠা মারা যাওয়ার আগে শহরের বাড়ি আর গ্রামের বাড়ির অংশ জেঠিমার নামে দানপত্র করে দিয়ে গিয়েছিলেন। এখন জেঠিমার এই সম্পত্তি কারা পাবে—তাঁর দেবরের ছেলেমেয়েরা, নাকি তাঁর নিজের ভাই?","no",""
"ajke_0207_01","Sifat","90","আমার বড় বোনের বিয়ে হয়েছে দুই বছর হলো। গত মাসে বোনজামাই বড় অঙ্কের টাকা নিয়ে বিদেশে পালিয়ে গেছেন। বোনের সঙ্গে তিনি কোনো ধরনের যোগাযোগ করছেন না। তাঁকে দেশে ফেরত আনব কীভাবে? বিদেশে যাওয়ার পর তাঁকে কি দেশে ফেরত আনতে পারব? আমাদের এখন কী করণীয়? ঝুমুর, পটিয়া উওর: আপনার বোনজামাই কোন দেশে গেছেন, সেটা যদি জানতে পারেন, তবে সেই দেশের বাংলাদেশ দূতাবাসে অভিযোগ করতে পারবেন। এর আগে অবশ্যই থানায় তাঁর বিরুদ্ধে মামলা করতে হবে। পুলিশ তাঁকে খুঁজে বের করতে পারবে। বাংলাদেশ দূতাবাস ফৌজদারি অপরাধের আসামিকে ফেরত পাঠানোর জন্য পদক্ষেপ নিতে পারে","দুই বছর আগে আমার বড় বোনের বিয়ে হয়েছে। গত মাসে দুলাভাই মোটা অঙ্কের টাকা নিয়ে বিদেশে পালিয়ে গেছেন। বোনের সঙ্গে তিনি কোনো রকম যোগাযোগই রাখছেন না। কীভাবে তাঁকে দেশে ফিরিয়ে আনা যায়? একবার বিদেশে চলে যাওয়ার পর কি আর তাঁকে ফেরত আনা সম্ভব? আমরা এখন কী করব? উত্তর: দুলাভাই কোন দেশে গেছেন জানতে পারলে সে দেশের বাংলাদেশ দূতাবাসে অভিযোগ দিতে পারবেন। তবে তার আগে থানায় তাঁর নামে অবশ্যই মামলা করতে হবে। পুলিশ তাঁকে খুঁজে বের করতে পারবে। ফৌজদারি মামলার আসামিকে দেশে ফেরত পাঠাতে বাংলাদেশ দূতাবাস ব্যবস্থা নিতে পারে।","yes","Removed signature (name, place). The columnist's reply is glued after the question; kept it after 'উত্তর:' so it can be cut."
"lawy_0219_01","Sifat","10","জমি কিনেছেন দাগে দাগে কিন্তু ভোগদখল একদাগে- আইনি সমাধান কী?","বিভিন্ন দাগে জমি কিনেছেন, অথচ দখলে আছেন শুধু একটা দাগে—এর আইনি সমাধান কী?","no","Headline-style (article title), not a personal letter."
"lawy_0258_01","Sifat","11","ভূমি অপরাধ প্রতিরোধ ও প্রতিকার আইনানুযায়ী ভূমি রেজিস্ট্রেশনে জটিলতা আছে কিনা?","ভূমি অপরাধ প্রতিরোধ ও প্রতিকার আইন অনুসারে জমি রেজিস্ট্রি করাতে গেলে কোনো জটিলতা হয় কি?","no","Headline-style (article title); the Act's name is kept as is."
"lawy_0380_01","Sifat","9","জমির দলিলে ভুল হলে সেই দলিল সংশোধনের উপায় কী?","জমির দলিলে কোনো ভুল থাকলে কীভাবে সেটা ঠিক করানো যায়?","no","Headline-style (article title)."
"lawy_0588_01","Sifat","8","মামলা দায়েরের পর প্রত্যাহার করার সুযোগ আছে কি?","একবার মামলা করে ফেলার পর কি সেটা তুলে নেওয়া যায়?","no","Headline-style (article title)."
"prot_0001_01","Sifat","78","আমার ভাই ১৬ বছর বয়সে কাজি অফিসে গিয়ে বিয়ে করে। তখন সে তার বয়স বাড়িয়ে বলেছিল। কিন্তু অফিশিয়াল কাগজে তার এবং তার স্ত্রীর বয়স ১৬ তখন। সাত-আট বছর ধরে তাদের মধ্যে কোনো যোগাযোগ নেই। যে কাজী অফিসে তাদের বিয়ে হয়েছিল, সেখানে তাদের বিয়ের কোনো কাবিননামাও খুঁজে পাওয়া যাচ্ছে না। আমার ভাই বর্তমানে আরেক মেয়েকে বিয়ে করতে চায়। এ জন্য সে আগের স্ত্রীকে তালাক দিতে চায়। কিন্তু যেহেতু কোনো কাগজ পাওয়া যায়নি আগের বিয়ের, তালাক দেওয়ার প্রয়োজনীয়তা কি আছে?","আমার ভাই যখন ১৬ বছরের, তখন কাজি অফিসে গিয়ে বিয়ে করেছিল। সে সময় নিজের বয়স বাড়িয়ে বলেছিল, অথচ অফিসের কাগজে তখন তার আর তার বউয়ের দুজনেরই বয়স লেখা ১৬। গত সাত-আট বছর ধরে ওদের মধ্যে কোনো যোগাযোগ নেই। যে কাজি অফিসে বিয়েটা হয়েছিল, সেখানে খুঁজেও ওদের কাবিননামা পাওয়া যাচ্ছে না। এখন ভাই আরেকটা মেয়েকে বিয়ে করতে চায়, তাই আগের বউকে তালাক দিতে চাইছে। কিন্তু আগের বিয়ের কোনো কাগজই যখন পাওয়া যাচ্ছে না, তখন কি তালাক দেওয়ার আদৌ দরকার আছে?","no",""
"prot_0003_05","Sifat","79","আমি ও আমার স্ত্রী দুজনই সরকারি চাকরিজীবী। আমরা আমাদের এক দরিদ্র দূরসম্পর্কের আত্মীয়ের এক মাস বয়সী কন্যাকে তাঁদের পূর্ণ সম্মতিতে এককালীন নিয়ে নিয়েছি। সে এখন আমাদের সন্তান হিসেবে বড় হচ্ছে। নাম রেখেছি ছালছাবিল। বয়স এখন এক বছর। আমি আমার সম্পত্তি আমার একমাত্র কন্যা হিসেবে ছালছাবিলকে উইল করে দিতে চাই। এতে কোনো আইনগত বাধা আছে কি না? কিংবা আমার অবর্তমানে ভবিষ্যতে আমার ভাই-ভাতিজারা ছালছাবিল আমার কন্যা নয় বলে ওই সম্পত্তিতে কোনো দাবি বা হস্তক্ষেপ করতে পারবে কি না? বাবলু কুড়িগ্রাম","আমি আর আমার স্ত্রী দুজনেই সরকারি চাকরি করি। আমাদের এক গরিব দূরসম্পর্কের আত্মীয়ের এক মাস বয়সী মেয়েকে তাঁদের পুরো সম্মতি নিয়ে একেবারে আমাদের কাছে নিয়ে এসেছি। মেয়েটি এখন আমাদের সন্তান হিসেবেই বড় হচ্ছে। ওর একটা নাম রেখেছি, এখন ওর বয়স এক বছর। আমার সম্পত্তি আমার একমাত্র মেয়ে হিসেবে ওর নামে উইল করে দিতে চাই। এতে আইনে কোনো বাধা আছে কি? নাকি আমি না থাকলে পরে আমার ভাই-ভাতিজারা ‘ও তো তোমার মেয়ে না’ বলে ওই সম্পত্তিতে দাবি তুলতে বা হস্তক্ষেপ করতে পারবে?","yes","Removed the child's name and the signature (name, district)."
"prot_0005_01","Sifat","38","আমি ব্যবসায়ী, আমার স্ত্রী সরকারি কর্মকর্তা। মুসলিম। আমার স্ত্রীর বড় ভাইয়ের প্রথম স্ত্রীর (তালাকপ্রাপ্ত) আট বছর বয়সী মেয়েকে আমরা দত্তক হিসেবে নিতে চাই। মেয়েটি অবশ্য এখন আমাদের সঙ্গেই থাকে। দত্তক সন্তানের মা-বাবার নাম কি আমাদের নামে করতে পারি?","আমি ব্যবসা করি, আমার স্ত্রী সরকারি অফিসার। আমরা মুসলমান। আমার স্ত্রীর বড় ভাইয়ের প্রথম স্ত্রীর (যাঁর সঙ্গে তালাক হয়ে গেছে) আট বছরের মেয়েকে আমরা দত্তক নিতে চাই। মেয়েটা এখন আমাদের কাছেই থাকে। দত্তক নেওয়া মেয়ের কাগজে মা-বাবার নাম হিসেবে কি আমাদের নাম দেওয়া যাবে?","no",""
"prot_0007_02","Sifat","33","একজন হিন্দুধর্মাবলম্বী ব্যক্তির কোনো পুত্র নেই। শুধু এক বিবাহিত কন্যা আছে। ওই কন্যার নাতি ও নাতনি আছে। এখন সেই ব্যক্তির মৃত্যুর পর কে হবে তাঁর সম্পত্তির উত্তরাধিকারী—তাঁর বিধবা স্ত্রী, নাকি বিবাহিত কন্যার নাতি-নাতনি?","এক হিন্দু ভদ্রলোকের কোনো ছেলে নেই, আছে কেবল একজন বিবাহিত মেয়ে। সেই মেয়ের নাতি-নাতনিও আছে। লোকটি মারা গেলে তাঁর সম্পত্তির ওয়ারিশ কে হবে—তাঁর বিধবা স্ত্রী, নাকি বিবাহিত মেয়েটির নাতি-নাতনিরা?","no",""
"prot_0010_04","Sifat","76","আমরা এক ভাই, চার বোন। আমাদের বাবা ২০১০ সালে এবং মা ২০১৪ সালে মারা যান। বাবার নামে সম্পত্তি ছিল। আমার বাবার মৃত্যুর আগে ২০০৯ সালে ডেভেলপারের সঙ্গে চুক্তি হয়। পৌনে দুই কাঠার সম্পত্তি। চুক্তি মোতাবেক আমরা পাব পাঁচটি ফ্ল্যাট ও ডেভেলপার পাবে পাঁচটি ফ্ল্যাট। বাড়ির কাজ সম্পন্ন হওয়ার পথে। কিন্তু এক ভাই হিসাবে পাঁচটি ফ্ল্যাটের মধ্যে চার বোনকে কী নিয়মে বণ্টন করব? মুসলিম ফারায়েজ অনুযায়ী বাবা ও মায়ের অবর্তমানে ওই সম্পত্তির (ফ্ল্যাটের) কে কতটুকু অংশীদার হবে?","আমরা এক ভাই আর চার বোন। বাবা মারা গেছেন ২০১০ সালে, মা ২০১৪ সালে। সম্পত্তিটা ছিল বাবার নামে। মারা যাওয়ার আগে ২০০৯ সালে বাবা একটা ডেভেলপারের সঙ্গে চুক্তি করেছিলেন। জমির পরিমাণ পৌনে দুই কাঠা। চুক্তি অনুযায়ী পাঁচটা ফ্ল্যাট আমাদের, আর পাঁচটা ডেভেলপারের। বাড়ির কাজ প্রায় শেষের দিকে। এখন একমাত্র ভাই হিসেবে আমি এই পাঁচটা ফ্ল্যাট চার বোনের সঙ্গে কোন নিয়মে ভাগ করব? বাবা-মা দুজনেই যখন নেই, তখন মুসলিম ফারায়েজ মতে এই ফ্ল্যাটগুলোর কে কত ভাগ পাবে?","no",""
"prot_0012_01","Sifat","98","আমার মায়ের দিকে তিন ভাই, তিন বোন। বোন একজন জীবিত এবং ভাই একজন জীবিত। আমার নানা তাঁর মায়ের কাছ থেকে উত্তরাধিকার সূত্রে কিছু জমি পেয়েছেন, যেটা আগে কেউ জানতেন না। এক দূরসম্পর্কের মামা সম্পত্তির খোঁজ বের করে আমাদের জানান। এখন আমার মায়ের দিকের যে ভাইবোনেরা জীবিত নেই, তাঁরা এবং তাঁদের ছেলেমেয়েরা কি এই সম্পত্তির উত্তরাধিকার হবেন? যিনি এই সম্পত্তির খোঁজ এনেছেন, তাঁর ভাষ্যমতে সবাই জীবিত অবস্থায় এই সম্পত্তির কথা জানতেন না। সুতরাং এখন যাঁরা জীবিত আছেন, তাঁরাই শুধু এই সম্পত্তির উত্তরাধিকার। কারণ, মৃত মানুষ সম্পত্তির উত্তরাধিকার হতে পারেন না। সঠিক আইনটি জানালে অনেক উপকৃত হতাম। নাম প্রকাশে অনিচ্ছুক","মায়ের দিকে ভাই ছিলেন তিনজন, বোনও তিনজন। এখন তাঁদের মধ্যে একজন বোন আর একজন ভাই বেঁচে আছেন। আমার নানা তাঁর মায়ের কাছ থেকে ওয়ারিশ সূত্রে কিছু জমি পেয়েছিলেন, যেটার কথা আগে কারও জানা ছিল না। দূরসম্পর্কের এক মামা খোঁজখবর করে জমিটার কথা আমাদের জানিয়েছেন। এখন প্রশ্ন হলো, মায়ের যে ভাইবোনেরা মারা গেছেন, তাঁরা বা তাঁদের ছেলেমেয়েরা কি এই জমির ওয়ারিশ হবেন? যে মামা খোঁজটা এনেছেন, তিনি বলছেন—বেঁচে থাকতে তো কেউ এই জমির কথা জানতেনই না, তাই এখন যাঁরা বেঁচে আছেন শুধু তাঁরাই ওয়ারিশ; কারণ মরা মানুষ তো আর সম্পত্তির ওয়ারিশ হতে পারে না। আসল আইনটা কী, জানালে খুব উপকার হতো।","no","Dropped the 'name withheld' sign-off."
"prot_0014_02","Sifat","91","আমি বিয়ে করি ২০০৮ সালের ১৬ ডিসেম্বর। বিয়ের এক মাস পার হওয়ার পর তার সঙ্গে আমার সমস্যার সৃষ্টি হয়। আমি তাকে ২০১০ সালের আগস্টে তালাক দিই। সে তালাকের চিঠি পাওয়ার পরে, আমার নামে একটি যৌতুকের মামলা করে। আদালত এই মামলায় গত মার্চ মাসে আমার পক্ষে রায় দেন। কিন্তু এখন পর্যন্ত সে আমার নামে কোনো পারিবারিক মামলা করেনি। আমার কাছে তার পক্ষ থেকে কোনো কাবিনের টাকা চাওয়া হয়নি। যৌতুকের মামলার রায়ের কত দিন, মাস বা বছর পর্যন্ত সময় থাকে? এই পারিবারিক মামলা করতে আমাকে সঠিক পরামর্শ দিলে আমি আপনার কাছে উপকৃত থাকবে","২০০৮ সালের ১৬ ডিসেম্বর আমার বিয়ে হয়। বিয়ের মাস খানেক পার হতেই ওর সঙ্গে ঝামেলা শুরু হয়। ২০১০ সালের আগস্টে আমি ওকে তালাক দিই। তালাকের চিঠি হাতে পেয়ে সে আমার বিরুদ্ধে একটা যৌতুকের মামলা করে দেয়। গত মার্চে আদালত সেই মামলার রায় আমার পক্ষে দিয়েছেন। তবে এখনো পর্যন্ত সে আমার নামে কোনো পারিবারিক মামলা করেনি, আর তার দিক থেকে কাবিনের টাকাও চাওয়া হয়নি। যৌতুকের মামলার রায়ের পর কত দিন, কত মাস বা কত বছর পর্যন্ত সময় থাকে? এই পারিবারিক মামলার ব্যাপারে ঠিক পরামর্শটা দিলে আপনার কাছে কৃতজ্ঞ থাকব।","no",""
"prot_0018_04","Sifat","66","আমার এক আত্মীয় ১৯৬০ সালে পরিবারের কাউকে না জানিয়ে দ্বিতীয় বিয়ে করেন। পরে প্রথম স্ত্রীর ছেলেমেয়েরা দ্বিতীয় স্ত্রীর চার ছেলেমেয়ের লেখাপড়া শেখায় ও প্রতিষ্ঠিত করে। ২০০৮ সালে প্রথম স্ত্রী ও ২০১১ সালে সেই ব্যক্তি মারা যান। এখন দ্বিতীয় স্ত্রীর ছেলেমেয়েরা বলছে, স্বামীর আগে স্ত্রী মারা গেছে বলে স্বামীর সম্পত্তির অংশ প্রথম স্ত্রীর ছেলেমেয়েরা পাবে না। প্রশ্ন হলো, প্রথম স্ত্রীর ফারায়েজ অংশ তাঁর সন্তানেরা পাবে কি না?","আমার এক আত্মীয় ১৯৬০ সালে বাড়ির কাউকে কিছু না জানিয়ে দ্বিতীয় বিয়ে করেছিলেন। পরে তাঁর প্রথম স্ত্রীর ছেলেমেয়েরাই দ্বিতীয় স্ত্রীর চার ছেলেমেয়েকে পড়াশোনা করিয়ে দাঁড় করিয়ে দেয়। প্রথম স্ত্রী মারা যান ২০০৮ সালে, আর ওই আত্মীয় মারা যান ২০১১ সালে। এখন দ্বিতীয় স্ত্রীর ছেলেমেয়েরা বলছে, স্বামীর আগেই যেহেতু প্রথম স্ত্রী মারা গেছেন, তাই স্বামীর সম্পত্তিতে প্রথম স্ত্রীর ছেলেমেয়েদের কোনো ভাগ নেই। আমার প্রশ্ন, প্রথম স্ত্রীর ফারায়েজের অংশটা কি তাঁর সন্তানেরা পাবে?","no",""
"prot_0028_01","Sifat","97","২০১০ সালে আমার স্বামী তাঁর এক অধীনস্থ কর্মচারীকে বিয়ে করেন। তখন আমাদের দাম্পত্যজীবনের বয়স প্রায় ৩০ বছর। বিয়ের পর তিনি বাসা থেকে বেরিয়ে যান। তিনি আমার অনুমতি ছাড়াই দ্বিতীয় বিয়ে করেন, আমার সঙ্গে খারাপ ব্যবহার করেন এবং বিভিন্ন সময়ে তালাকের হুমকি দেন। আমার আর্থিক অবস্থা ভালো নয় বলে আমার স্বামী বুঝে নিয়েছেন যে আমি তাঁকে কোনো শাস্তি দিতে পারব না। তিনি আমার খরচ বহন তো দূরে থাক, আমার সঙ্গে কোনো যোগাযোগই রাখেন না। সন্তানদেরও খোঁজ নেন না ঠিকভাবে। এ অবস্থায় আমার স্বামীর সঙ্গে কি আমার এখনো সম্পর্ক আছে বলে মনে করেন? আমি এখন কী ব্যবস্থা নিতে পারি?","২০১০ সালে আমার স্বামী তাঁর অফিসের এক অধস্তন কর্মীকে বিয়ে করেন। তখন আমাদের সংসারের বয়স প্রায় ৩০ বছর। ওই বিয়ের পর তিনি বাসা ছেড়ে চলে যান। আমার অনুমতি না নিয়েই দ্বিতীয় বিয়েটা করেছেন, আমার সঙ্গে দুর্ব্যবহার করেন, মাঝেমধ্যেই তালাক দেওয়ার ভয় দেখান। আমার টাকাপয়সার অবস্থা ভালো না, তাই তিনি ধরে নিয়েছেন যে আমি তাঁর কোনো শাস্তির ব্যবস্থা করতে পারব না। আমার খরচ দেওয়া তো দূরের কথা, আমার সঙ্গে কোনো যোগাযোগই রাখেন না। ছেলেমেয়েদের খোঁজখবরও ঠিকমতো নেন না। এই অবস্থায় আপনার কী মনে হয়, তাঁর সঙ্গে কি আমার এখনো স্বামী-স্ত্রীর সম্পর্ক আছে? এখন আমি কী ব্যবস্থা নিতে পারি?","no",""
"prot_0032_04","Sifat","50","দাদা যখন সুস্থ ছিলেন, তখন তিনি আমার চাচাদের বলেন বাবার ভিটা আমাদের মধ্যে ভাগ করে দিতে। এমনকি তিনি জায়গাও নির্দিষ্ট করে দেন। জমি মেপে দিতে বললে চাচারা বলেন, আমরা নাকি জমি পাব না। কিন্তু এখন আমাদের একটা বাড়ি জরুরি হয়ে পড়েছে। এ পরিস্থিতিতে জমি পাওয়ার জন্য আমরা কী করতে পারি?","দাদা যখন ভালো ছিলেন, তখন চাচাদের বলেছিলেন বাবার ভিটেটা আমাদের মধ্যে ভাগ করে দিতে। কোন জায়গাটা দিতে হবে, সেটাও ঠিক করে দিয়েছিলেন। কিন্তু জমিটা মেপে দিতে বললে চাচারা বলছেন, আমরা নাকি কোনো জমিই পাব না। অথচ এখন আমাদের একটা বাড়ি খুবই জরুরি দরকার। এ অবস্থায় জমিটা পেতে আমরা কী করতে পারি?","no","Text starts mid-story; the earlier part of the letter is not included."
"prot_0036_01","Sifat","65","গত ফেব্রুয়ারি মাসে আমার নানি অসুস্থ হওয়ার পর আমার মাকে তাঁর ১৬ শতাংশ জমি (হেবানামা) লিখে দেন। আমার মা নানিকে চিকিৎসা করান।এখন তিনি পুরোপুরি সুস্থ। এখন আমার মা ও নানির মধ্যে সম্পর্কের অবনতি হওয়ায় নানি হুমকি দিয়ে জমিটা ফেরত চাচ্ছেন। এখন আইনগতভাবে আমার মা জমির মালিক কি না? আর আমার মা জমিটা না দিলে নানি কি তা নিতে পারবেন? জমিটুকু এখন নানিই ভোগ করছেন।ইমাম হোসাইনগাজীপুর","গত ফেব্রুয়ারিতে আমার নানি অসুস্থ হওয়ার পর তাঁর ১৬ শতাংশ জমি হেবানামা করে আমার মায়ের নামে লিখে দেন। মা-ই নানির চিকিৎসা করিয়েছেন, এখন তিনি একদম সুস্থ। কিন্তু এখন মা আর নানির সম্পর্ক খারাপ হয়ে যাওয়ায় নানি হুমকি দিয়ে জমিটা ফেরত চাইছেন। আইন অনুযায়ী এখন কি জমিটার মালিক আমার মা? আর মা যদি জমি ফেরত না দেন, তাহলে কি নানি সেটা নিয়ে নিতে পারবেন? জমিটা অবশ্য এখনো নানিই ভোগ করছেন।","yes","Removed signature (name, district)."
"prot_0037_07","Sifat","47","এখন আমি তাকে কোনোভাবেই মেনে নিতে পারছি না। যার কারণে আমি মেয়েটিকে আবার কাজির মাধ্যমে তালাক দিয়েছি। মেয়ে আমাকে বিভিন্ন সময়ে ভয়ভীতি দেখায়। সে নাকি আমাকে ছাড়া অন্য কোথাও বিয়ে করবে না। এখন আমি যদি তার সঙ্গে সংসার না করতে চাই, তাহলে সে কোনো ব্যবস্থা নিতে পারবে?","এখন ওকে আমি কিছুতেই মেনে নিতে পারছি না। সে কারণেই মেয়েটিকে আবারও কাজির মাধ্যমে তালাক দিয়েছি। মেয়েটি নানা সময়ে আমাকে ভয়ভীতি দেখায়, বলে—আমাকে ছাড়া সে আর কোথাও বিয়ে করবে না। এখন আমি যদি ওর সঙ্গে সংসার করতে না চাই, তাহলে কি সে কোনো ব্যবস্থা নিতে পারবে?","no","Text starts mid-story; the earlier part of the letter is not included."
"prot_0043_01","Sifat","66","আমি একটি মেয়েকে ভালোবাসি। মেয়েটিও আমাকে ভালোবাসে। মেয়েটি জাতিতে ত্রিপুরা। বর্তমানে ১০ম শ্রেণীতে পড়ে। বয়স ১৭ বছর। তাকে আমি দুই বছর পর বিয়ে করতে চাই। আমি কি তাকে সাধারণভাবে বিয়ে করতে পারব? বিয়ের পর তার পরিবার আইনি ব্যবস্থা নিলে আমার কোনো সমস্যা হবে না তো? বিয়ের পর তার লেখাপড়ার সনদ কি আগের নামেই হবে, নাকি আমার দেওয়া নতুন নামে হতে পারে? মো. হূদয় ইসলাম (ছদ্মনাম) দিনাজপুর","একটা মেয়েকে আমি ভালোবাসি, মেয়েটিও আমাকে ভালোবাসে। ও ত্রিপুরা জনগোষ্ঠীর মেয়ে। এখন ১০ম শ্রেণিতে পড়ে, বয়স ১৭। দুই বছর পর ওকে বিয়ে করতে চাই। আমি কি সাধারণ নিয়মে ওকে বিয়ে করতে পারব? বিয়ের পর ওর পরিবার যদি আইনি ব্যবস্থা নেয়, তাহলে আমার কোনো বিপদ হবে না তো? আর বিয়ের পর ওর পড়াশোনার সার্টিফিকেটে কি আগের নামই থাকবে, নাকি আমার দেওয়া নতুন নামে করা যাবে?","yes","Removed signature (pseudonym, district)."
"prot_0044_04","Sifat","96","পাঁচ বছর আগে আমার এক চাচাতো বোনের বিয়ে হয়। তখন তাঁর বয়স ছিল মাত্র ১৫ বছর। আমার চাচাতো বোন খুব মেধাবী ছিলেন এবং বিয়ের পর পড়তে দেবে এমন শর্তে তাঁকে বিয়ে দেওয়া হয়। কিন্তু পড়ার সুযোগ না পাওয়ায় তিনি পালিয়ে চলে আসেন। পরে আমার চাচাতো বোন তাঁর স্বামীকে তালাক দিতে চেয়েছিলেন কিন্তু আমার চাচা তাতে বাধা দেন। অবশেষে কাগজে-কলমে কোনো সমাধান না হলেও ছেলেপক্ষের আত্মীয়রা দাবি ছেড়ে দেন এবং ছেলেটি বিয়ে করেন। আমার বোনেরও বর্তমানে আবার বিয়ে হয়েছে। আমার বোনের দ্বিতীয় বিয়েটি বৈধ কি না? ভবিষ্যতে এটি নিয়ে কোনো আইনি সমস্যা হবে কি না?নাম প্রকাশে অনিচ্ছুক","পাঁচ বছর আগে আমার এক চাচাতো বোনের বিয়ে হয়, তখন ওর বয়স মাত্র ১৫। বোনটা পড়াশোনায় খুব ভালো ছিল, বিয়ের পর পড়তে দেওয়া হবে—এই শর্তেই ওকে বিয়ে দেওয়া হয়েছিল। কিন্তু পড়ার সুযোগ না পেয়ে ও পালিয়ে চলে আসে। পরে ও স্বামীকে তালাক দিতে চেয়েছিল, কিন্তু চাচা তাতে বাধা দেন। শেষ পর্যন্ত কাগজে-কলমে কোনো ফয়সালা হয়নি, তবে ছেলের পক্ষের আত্মীয়রা দাবি ছেড়ে দেন আর ছেলেটিও অন্য জায়গায় বিয়ে করেছে। আমার বোনেরও এখন আবার বিয়ে হয়েছে। বোনের এই দ্বিতীয় বিয়েটা কি বৈধ? পরে এটা নিয়ে কোনো আইনি ঝামেলা হতে পারে কি?","no","Dropped the 'name withheld' sign-off."
"prot_0046_02","Sifat","48","আমার জন্ম ১৯৯৭ সালে। তার মানে এখনো ১৮ বছর পূর্ণ হয়নি। কিন্তু আমি ভালোবেসে আমার খালাতো ভাইকে বিয়ে করেছি, যিনি একজন বিসিএস (কর) ক্যাডারে যোগদান করেছেন। আমার বিয়ের খবর মা-বাবা জানেন না। আমার বাবা অত্যন্ত গোঁয়ার প্রকৃতির। বাবা মামলা করলে আমার স্বামীর চাকরির কোনো ক্ষতি হবে কি? রাকাগোপালগঞ্জ","আমার জন্ম ১৯৯৭ সালে, মানে এখনো ১৮ পূর্ণ হয়নি। তবু আমি আমার খালাতো ভাইকে ভালোবেসে বিয়ে করে ফেলেছি। উনি বিসিএস (কর) ক্যাডারে চাকরিতে যোগ দিয়েছেন। আমাদের বিয়ের কথা বাবা-মা এখনো জানেন না। আমার বাবা ভীষণ একরোখা মানুষ। বাবা যদি মামলা করে দেন, তাহলে কি আমার স্বামীর চাকরির কোনো ক্ষতি হবে?","yes","Removed signature (name, district)."
"prot_0047_05","Sifat","57","আমার স্ত্রীর দুই বোন ও দুই ভাই আছে। তাদের মধ্যে এক বোন তার দুই মেয়ে রেখে মারা গেছেন। আমার শ্বশুর-শাশুড়ি জীবিত এবং তাদের সম্পত্তি ভাগ-বাঁটোয়ারা হয়নি। এমতাবস্থায় আমার শ্বশুর আমার স্ত্রীর নামে কিছু জমি লিখে দিতে চাচ্ছেন। এ ক্ষেত্রে কী কী ধরনের রেজিস্ট্রি করা যায়? কী ধরনের রেজিস্ট্রি করলে ভালো হবে? খরচই বা কত পড়বে?নাম প্রকাশে অনিচ্ছুক","আমার স্ত্রীর দুই বোন আর দুই ভাই। এর মধ্যে এক বোন দুটি মেয়ে রেখে মারা গেছেন। শ্বশুর-শাশুড়ি দুজনেই বেঁচে আছেন, তাঁদের সম্পত্তি এখনো ভাগাভাগি হয়নি। এর মধ্যে শ্বশুর আমার স্ত্রীর নামে কিছু জমি লিখে দিতে চাইছেন। এমন ক্ষেত্রে কোন কোন ধরনের রেজিস্ট্রি করা যায়? কোনটা করলে সবচেয়ে ভালো হয়? আর খরচই বা কত লাগবে?","no","Dropped the 'name withheld' sign-off."
"prot_0049_05","Sifat","71","আমি একজন চাকরিজীবী। কাজের সূত্রে উচ্চপদস্থ কর্মকর্তার বাসায় রোজ বাজারখরচ পৌঁছে দিতে হয়। তাঁর স্ত্রী আমাকে জোরপূর্বক শারীরিক সম্পর্ক করাতে চান। আমি একপর্যায়ে সম্মতি দিই। এক বছর যাবৎ এ সম্পর্ক চলছে। আমি আপত্তি করলে তিনি আমাকে মেরে ফেলার হুমকি দেন। তিনি আমাকে বিয়ে করতে বলেন। আইনি ঝামেলা তিনি মেটাবেন বলে প্রতিশ্রুতি দেন। কিন্তু আমি তাঁর তুলনায় অতি নগণ্য। চাকরিটা আমার খুব প্রয়োজন। এ ব্যাপারে আমি কী করব?নাম ও ঠিকানা প্রকাশে অনিচ্ছুক","আমি চাকরি করি। কাজের অংশ হিসেবে প্রতিদিন এক বড় কর্মকর্তার বাসায় বাজার পৌঁছে দিতে হয়। ওনার স্ত্রী জোর করে আমার সঙ্গে শারীরিক সম্পর্ক করতে চাইতেন, একসময় আমি রাজি হয়ে যাই। এক বছর ধরে এই সম্পর্ক চলছে। এখন আমি আপত্তি করলে তিনি আমাকে মেরে ফেলার হুমকি দেন। তিনি আমাকে বিয়ে করতে বলছেন, আর কথা দিচ্ছেন আইনি ঝামেলা যা হবে তিনিই মিটিয়ে দেবেন। কিন্তু ওনার তুলনায় আমি খুবই সামান্য মানুষ, আর চাকরিটা আমার ভীষণ দরকার। এখন আমি কী করব?","no","Dropped the 'name and address withheld' sign-off."
"prot_0051_03","Sifat","182","বিয়ের পর আমার স্বামী আমার সঙ্গে নানা অদ্ভুত আচরণ করত। আমাদের বিয়েতে দেনাপাওনা বা যৌতুকের কোনো উল্লেখ ছিল না। তার পরও বিয়ের পর দেনাপাওনা নিয়ে আমাকে নানা কথা শোনায়। আমি এই বিষয়টি আমার পরিবারের কাছে গোপন রাখি। এরপর হঠাৎ সে আমার বাপের বাড়ি যাওয়া বন্ধ করে দেয়। একসময় এটার মীমাংসা হয়ে যায় এবং উভয়ের মধ্যে সম্পর্ক স্বাভাবিক হয়। একদিন সে আমাকে বাপের বাড়ি বেড়াতে পাঠায় এবং হঠাৎই তার মধ্যে পরিবর্তন দেখা যায়। সে আমাকে অবিশ্বাস করে এবং আমার সঙ্গে ফোনে খারাপ আচরণ করে। সে আমার সঙ্গে কথা বলা বন্ধ করে দেয় এবং কয়েক মাস পর সে আমাকে কোনো কিছু না জানিয়ে তালাক দিয়ে দেয়। এমনকি সে আমাকে আমার ন্যায্য পাওনা অর্থাৎ মোহরানা, গয়না ও জিনিসপত্র থেকে সম্পূর্ণ বঞ্চিত করে। এটি জানতে পেরে আমার বাবা তাদের সঙ্গে যোগাযোগ করলে তারা তাকে খুব অপমান করে এবং মীমাংসায় বসতে অস্বীকার করে। পরে তারা আমাকে সবকিছু ফেরত দিতে রাজি হয়, তবে আইনের মাধ্যমে। আমি এখনো কোনো আইনি ব্যবস্থা নিইনি। তা ছাড়া আমাদের মধ্যে সম্পর্ক ভাঙার মতো তেমন কিছুই হয়নি। সে আমাকে তালাক দিয়েছে রাগ ও জেদের বশে। এই পরিস্থিতিতে আমি এখন কী করতে পারি?নাম প্রকাশে অনিচ্ছুক","বিয়ের পর থেকেই আমার স্বামী আমার সঙ্গে নানা রকম অদ্ভুত ব্যবহার করত। বিয়েতে দেনাপাওনা বা যৌতুক নিয়ে কোনো কথাই হয়নি, তবু বিয়ের পর সে এসব নিয়ে আমাকে নানা কথা শোনাত। ব্যাপারটা আমি বাপের বাড়িতে কাউকে জানাইনি। তারপর হঠাৎ সে আমার বাপের বাড়ি যাওয়া বন্ধ করে দেয়। একসময় বিষয়টা মিটমাট হয়ে যায়, আমাদের সম্পর্কও আবার স্বাভাবিক হয়। একদিন সে নিজেই আমাকে বাপের বাড়ি বেড়াতে পাঠায়, আর তারপরই হঠাৎ তার আচরণ বদলে যায়। সে আমাকে সন্দেহ করতে শুরু করে, ফোনে খারাপ ব্যবহার করে, একপর্যায়ে কথা বলাই বন্ধ করে দেয়। কয়েক মাস পর আমাকে কিছু না জানিয়েই সে তালাক দিয়ে দেয়। শুধু তা-ই নয়, আমার ন্যায্য পাওনা—মোহরানা, গয়না আর জিনিসপত্র—সবকিছু থেকেই আমাকে বঞ্চিত করেছে। এসব জেনে আমার বাবা ওদের সঙ্গে যোগাযোগ করলে ওরা বাবাকে খুব অপমান করে এবং মীমাংসায় বসতে রাজি হয়নি। পরে অবশ্য ওরা সবকিছু ফেরত দিতে রাজি হয়েছে, তবে আইনের মাধ্যমে। আমি এখনো কোনো আইনি পদক্ষেপ নিইনি। তা ছাড়া আমাদের মধ্যে সম্পর্ক ভেঙে যাওয়ার মতো বড় কিছু ঘটেনি; রাগ আর জেদের মাথায় সে তালাক দিয়েছে। এ অবস্থায় আমি এখন কী করতে পারি?","no","Dropped the 'name withheld' sign-off."
"prot_0057_03","Sifat","95","আমি একটি বেসরকারি কোম্পানিতে চাকরি করি। কিছুদিন আগে এক সহকর্মীর চাচাতো বোনের সঙ্গে আমার পরিচয় হয়। একপর্যায়ে আমি ও ওই সহকর্মী দুজনই তার সঙ্গে শারীরিক সম্পর্কে জড়িয়ে পড়ি। মেয়েটি ওই সহকর্মীর সঙ্গে একই বাড়িতে ভাড়া থাকত। একপর্যায়ে তাদের সেই বাড়ি থেকে বের করে দেওয়া হয় অশালীন আচরণের কারণে। কিছুদিন পর মেয়েটি এক সন্ধ্যায় আমাকে ডেকে নিয়ে জোর করে বিয়ে করে। এতে তিন লাখ টাকার দেনমোহর হয়। আমি আত্মসম্মানের ভয়ে সব নীরবে সহ্য করে ওখান থেকে বেরিয়ে আসি।আমি মেয়েটিকে কোনোভাবেই মেনে নিতে পারি না। আমি তার সঙ্গে সম্পর্ক বিচ্ছিন্ন করতে চাই। সে ক্ষেত্রে আমার কী করণীয়?রতনঢাকা","একটা বেসরকারি কোম্পানিতে চাকরি করি। কিছুদিন আগে অফিসের এক সহকর্মীর চাচাতো বোনের সঙ্গে পরিচয় হয়। একসময় আমি আর ওই সহকর্মী দুজনেই মেয়েটির সঙ্গে শারীরিক সম্পর্কে জড়িয়ে যাই। মেয়েটি ওই সহকর্মীর সঙ্গে একই বাসায় ভাড়া থাকত। পরে অশালীন আচরণের কারণে ওদের সেই বাসা থেকে বের করে দেওয়া হয়। কয়েক দিন পর এক সন্ধ্যায় মেয়েটি আমাকে ডেকে নিয়ে জোর করে বিয়ে করে, দেনমোহর ধরা হয় তিন লাখ টাকা। মানসম্মানের ভয়ে আমি চুপচাপ সব সহ্য করে সেখান থেকে চলে আসি। কিন্তু মেয়েটিকে আমি কোনোভাবেই মেনে নিতে পারছি না, ওর সঙ্গে সম্পর্ক শেষ করে দিতে চাই। এ অবস্থায় আমার কী করা উচিত?","yes","Removed signature (name, city)."
"prot_0063_04","Sifat","214","আমার বয়স ২০ বছর। আমি অনার্স প্রথম বর্ষের ছাত্রী। প্রায় তিন বছর আগে আমার এক খালাতো ভাইয়ের সঙ্গে সম্পর্ক গড়ে ওঠে। কিন্তু পারিবারিক কলহের জের ধরে আমাদের সম্পর্ক কেউ মেনে নিতে চায়নি। ছেলেটি বিবিএ পাস। প্রায় ছয়-সাত মাস আগে সে একটি চাকরি পায়। আমরা চলতি বছরের ১৮ মে গোপনে কাজি অফিসে গিয়ে বিয়ে করি। কিন্তু কিছুদিন পর বিষয়টা জানাজানি হয়ে যায় এবং তাকে তালাক দেওয়ার জন্য আমার ওপর অকথ্য শারীরিক ও মানসিক নির্যাতন চালানো হয়। এমনকি জোর করে আমাকে পুনরায় কাজি অফিসে নিয়ে যাওয়া হয় তালাক দেওয়ার জন্য। কিন্তু আমি তালাক দিইনি এবং বাড়ি ফিরে আসি। অবশেষে গত ১৯ জুন জোর করে ইচ্ছার বিরুদ্ধে আমাকে তালাকের কাগজে সই করায়। কিন্তু ছেলেটি আমাকে আগের মতোই ভালোবাসে এবং আমিও তাকে অনেক ভালোবাসি। এক মুহূর্তের জন্যও মনে হয় না, আমি তাকে তালাক দিয়েছি। প্রতিটি মুহূর্ত আমি খুব কষ্ট পাই এবং কখনো মানসিক শান্তি পাই না। এমনকি এখন ওই ছেলের সঙ্গে আমার নিয়মিত কথা হয়। ছেলেটি জানলেও তার বাড়ির লোকজন কেউ জানে না এই তালাকের কথা। তাদের সঙ্গেও আমার কথা হয়। আমার প্রশ্ন, যেহেতু আমার ইচ্ছার বিরুদ্ধে কাজটি করা হয়েছে, তাই এ ক্ষেত্রে কি আমাদের শারীরিক মেলামেশা নিষিদ্ধ? যেহেতু ছেলেটি আমাকে তালাক দেয়নি। এ ক্ষেত্রে বৈধভাবে তার স্ত্রী হতে হলে আমার করণীয় কী? উল্লেখ্য, আমাদের বিয়ে রেজিস্ট্রি করা হয়নি। রেজিস্ট্রি হওয়ার আগেই এ ঘটনা ঘটে। নাম প্রকাশে অনিচ্ছুকযশোর","আমি ২০ বছরের, অনার্স প্রথম বর্ষে পড়ি। প্রায় তিন বছর আগে আমার এক খালাতো ভাইয়ের সঙ্গে সম্পর্ক হয়। কিন্তু পারিবারিক ঝগড়াঝাঁটির জেরে কেউই সম্পর্কটা মেনে নিতে চায়নি। ছেলেটি বিবিএ পাস করেছে, ছয়-সাত মাস আগে একটা চাকরিও পেয়েছে। এ বছরের ১৮ মে আমরা লুকিয়ে কাজি অফিসে গিয়ে বিয়ে করি। কিছুদিন পর কথাটা জানাজানি হয়ে যায়, আর ওকে তালাক দেওয়ার জন্য আমার ওপর ভয়ংকর শারীরিক আর মানসিক নির্যাতন চালানো হয়। তালাক দেওয়াতে জোর করে আবার আমাকে কাজি অফিসেও নিয়ে যাওয়া হয়, কিন্তু আমি তালাক না দিয়েই বাড়ি ফিরে আসি। শেষমেশ গত ১৯ জুন জোর করে, আমার ইচ্ছার বিরুদ্ধে আমাকে দিয়ে তালাকের কাগজে সই করিয়ে নেয়। অথচ ছেলেটি আমাকে আগের মতোই ভালোবাসে, আমিও ওকে খুব ভালোবাসি। এক মুহূর্তের জন্যও মনে হয় না যে আমি ওকে তালাক দিয়েছি। সারাক্ষণ ভীষণ কষ্টে থাকি, মনে একটুও শান্তি পাই না। এখনো ওর সঙ্গে আমার নিয়মিত কথা হয়। তালাকের ব্যাপারটা ছেলেটি জানে, কিন্তু ওর বাড়ির কেউ জানে না; ওদের সঙ্গেও আমার কথা হয়। আমার প্রশ্ন হলো, কাজটা যেহেতু আমার ইচ্ছার বিরুদ্ধে করানো হয়েছে, তাহলে কি এখন আমাদের শারীরিক মেলামেশা নিষিদ্ধ? ছেলেটি তো আমাকে তালাক দেয়নি। এ অবস্থায় বৈধভাবে ওর স্ত্রী হতে হলে আমাকে কী করতে হবে? বলে রাখি, আমাদের বিয়েটা রেজিস্ট্রি হয়নি; রেজিস্ট্রির আগেই এসব ঘটে যায়।","yes","Removed district in the sign-off ('name withheld' + district)."
"prot_0066_04","Sifat","123","আমার বয়স ২৩ বছর। ছোটবেলা থেকেই আমি আমাদের গ্রামের এক মেয়েকে ভালোবাসি এবং সে-ও আমাকে ভালোবাসে। সনদপত্র অনুযায়ী তার বয়স ১৮ বছর পূর্ণ হলে আমরা নোটারি পাবলিকের মাধ্যমে আমাদের বিয়ের ঘোষণা দিয়ে একটি অ্যাফিডেভিট করি। তাতে আমরা আমাদের এই বিয়ে সামাজিক প্রথা অনুযায়ীও বলবৎ হওয়ার কথা উল্লেখ করি এবং সময়মতো কাজি অফিসে গিয়ে বিয়ে নিবন্ধন করে নেওয়ার কথা বলি। কিন্তু পরবর্তী সময়ে এ বিষয়টি তাদের বাসায় জানাজানি হলে তাকে বাসায় আটকে রাখা হয়। এ জন্য আমাদের আর বিয়ের নিবন্ধন করা সম্ভব হয়নি। এখন তার মা-বাবা ধরেই নিচ্ছেন, আমাদের মধ্যে কোনো বিয়ে সম্পন্ন হয়নি। তাই তাঁরা জোর করে তাকে অন্য জায়গায় বিয়ে দেওয়ার চেষ্টা করছেন এবং সে রাজি না হওয়ায় তার ওপর বিভিন্ন রকম অত্যাচার করছেন। এ অবস্থায় আমার করণীয় কী? নাম প্রকাশে অনিচ্ছুক","আমার বয়স ২৩। ছোটবেলা থেকেই গ্রামের একটা মেয়েকে ভালোবাসি, মেয়েটিও আমাকে ভালোবাসে। সার্টিফিকেট অনুযায়ী ওর বয়স ১৮ বছর পূর্ণ হওয়ার পর আমরা নোটারি পাবলিকের কাছে গিয়ে বিয়ের ঘোষণা দিয়ে একটা অ্যাফিডেভিট করি। সেখানে লিখেছিলাম যে সামাজিক রীতি অনুযায়ীও এই বিয়ে কার্যকর হবে, আর সময়মতো কাজি অফিসে গিয়ে বিয়েটা নিবন্ধন করিয়ে নেব। কিন্তু পরে ওদের বাসায় বিষয়টা জানাজানি হয়ে গেলে ওকে ঘরে আটকে রাখা হয়। ফলে আমাদের আর বিয়ের নিবন্ধন করা হয়ে ওঠেনি। এখন ওর বাবা-মা ধরে নিয়েছেন যে আমাদের কোনো বিয়েই হয়নি। তাই তাঁরা জোর করে ওকে অন্য জায়গায় বিয়ে দিতে চাইছেন, আর ও রাজি না হওয়ায় ওর ওপর নানাভাবে অত্যাচার চালাচ্ছেন। এ অবস্থায় আমি কী করব?","no","Dropped the 'name withheld' sign-off."
"prot_0069_04","Sifat","97","‘পাত্রী চাই’ বিজ্ঞাপনের মাধ্যমে মেয়েটির সঙ্গে আমার পরিচয়। একপর্যায়ে প্রেমের সম্পর্ক হয়ে যায় মুঠোফোনে। তার সঙ্গে দেখা করার জন্য দীর্ঘ পথ পাড়ি দিয়ে তার বাসার কাছে গেলেও সে নানা অজুহাতে দেখা করেনি। সম্পর্ক চলাকালে সে আমার কাছ থেকে একটি ল্যাপটপ, একটি মোবাইল ফোনসেট, দুই ভরি ওজনের সোনার হার এবং অন্যান্য উপহারসহ প্রায় দেড় লাখ টাকার মালামাল আদায় করে, যা কুরিয়ারের মাধ্যমে পাঠিয়ে দিই। বিয়ের দিনও ঠিক হয়ে যায়। কিন্তু গত দুই মাস ধরে তার সঙ্গে যোগাযোগ করতে পারছি না। ফোন করলে ধরে না। বুঝেছি, প্রতারণার শিকার হয়েছি। ইচ্ছে হয় প্রতিশোধ নিই। এখন কী করতে পারি?নাম প্রকাশে অনিচ্ছুকচট্টগ্রাম","‘পাত্রী চাই’ বিজ্ঞাপন দেখে মেয়েটির সঙ্গে আমার পরিচয় হয়। একসময় মোবাইল ফোনেই আমাদের প্রেম হয়ে যায়। দেখা করতে অনেক দূরের পথ পাড়ি দিয়ে ওর বাসার কাছাকাছি গিয়েছিলাম, কিন্তু নানা বাহানা দেখিয়ে সে দেখা করেনি। সম্পর্ক চলার সময় সে আমার কাছ থেকে একটা ল্যাপটপ, একটা মোবাইল সেট, দুই ভরি ওজনের সোনার হার আর আরও কিছু উপহার মিলিয়ে প্রায় দেড় লাখ টাকার জিনিস আদায় করেছে; এসব আমি কুরিয়ারে পাঠিয়ে দিয়েছিলাম। বিয়ের তারিখও ঠিক হয়ে গিয়েছিল। কিন্তু গত দুই মাস ধরে ওর সঙ্গে কোনোভাবেই যোগাযোগ করতে পারছি না, ফোন দিলে ধরে না। বুঝতে পারছি, আমি প্রতারণার শিকার হয়েছি। মনে হয় প্রতিশোধ নিই। এখন আমি কী করতে পারি?","yes","Removed district in the sign-off ('name withheld' + district)."
"prot_0071_02","Sifat","114","আমার বাবারা আট ভাইবোন। আমার দাদার স্থাবর-অস্থাবর সব সম্পত্তি তিনি জীবিত থাকাকালে সন্তানদের নামে একই দলিলে (অংশ উল্লেখ না করে) দলিল করে দেন। এখন আমার দাদা, বাবা ও একমাত্র ফুপু জীবিত নেই। দাদা মারা যাওয়ার তিন-চার বছর আগেই আমার বাবা মারা যান। এ অবস্থায় আমার চাচারা এবং আমার বাবার সন্তান হিসেবে আমরা দুই ভাই দাদার দলিল করা সম্পত্তিগুলো যার যার সুবিধামতো ভোগ করে আসছি। কিন্তু এখন বাবা মারা যাওয়ার আগে তিনি তাঁর নিজের নামে যেসব সম্পত্তি কিনেছিলেন এবং অংশীদার হিসেবে বাবা সম্পত্তির যে অংশ পাবেন, আমার চাচারা সেসব সম্পত্তির দুই আনা অংশ দাবি করছেন।এ অবস্থায় আমরা দুই ভাই (বোন নেই) ও মা-ই সব সম্পত্তির মালিক, না চাচারাও এর কোনো অংশ পাবেন? মো. সোহাগ হোসেননওগাঁ","আমার বাবারা ছিলেন আট ভাইবোন। দাদা বেঁচে থাকতেই তাঁর স্থাবর-অস্থাবর সব সম্পত্তি একটাই দলিলে ছেলেমেয়েদের নামে লিখে দিয়েছিলেন, তবে কার কত অংশ তা দলিলে উল্লেখ ছিল না। এখন দাদা, বাবা আর আমার একমাত্র ফুপু—কেউই বেঁচে নেই। দাদার মৃত্যুর তিন-চার বছর আগেই বাবা মারা গিয়েছিলেন। এর মধ্যে চাচারা আর বাবার ছেলে হিসেবে আমরা দুই ভাই দাদার দলিল করা জমিজমা যে যার সুবিধামতো ভোগ করে আসছি। কিন্তু এখন বাবা মারা যাওয়ার আগে নিজের নামে যেসব সম্পত্তি কিনেছিলেন, আর অংশীদার হিসেবে বাবার যে ভাগ পাওনা, সেগুলোর দুই আনা অংশ চাচারা দাবি করছেন। এ অবস্থায় সব সম্পত্তির মালিক কি শুধু আমরা দুই ভাই (আমাদের কোনো বোন নেই) আর মা, নাকি চাচারাও এর কিছু ভাগ পাবেন?","yes","Removed signature (name, district)."
"prot_0072_04","Sifat","71","আমার বয়স ২৪ বছর। আমি একটি ছেলেকে ভালোবেসে বিয়ে করি। বিয়ের দুই বছর পর স্বামী ও শাশুড়ি আমাকে শারীরিক নির্যাতন এবং প্রচণ্ড মারধর করেন। তারপর আমি আমার বাপের বাড়ি চলে আসি। এখন আমি অন্তঃসত্ত্বা, পাঁচ মাস ধরে স্বামী আমার কোনো খরচ বহন করেন না। তিনি তাঁর মাকে দিয়ে আমাকে চাপ দিচ্ছেন, যেন আমি নিজেই তাঁকে তালাক দিই। আমার বিয়েতে কাবিন হয়েছিল ১০ লাখ টাকা। আইনের সাহায্য নিতে হলে আমার করণীয় কী?","আমার বয়স ২৪। ভালোবেসে একটা ছেলেকে বিয়ে করেছিলাম। বিয়ের দুই বছরের মাথায় স্বামী আর শাশুড়ি মিলে আমার ওপর শারীরিক নির্যাতন করেন, খুব মারধরও করেন। এরপর আমি বাপের বাড়ি চলে আসি। এখন আমি অন্তঃসত্ত্বা, অথচ পাঁচ মাস ধরে স্বামী আমার কোনো খরচ দিচ্ছেন না। উল্টো নিজের মাকে দিয়ে চাপ দিচ্ছেন, যাতে আমি নিজে থেকেই তাঁকে তালাক দিই। আমাদের বিয়ের কাবিন ছিল ১০ লাখ টাকা। আইনের সাহায্য নিতে চাইলে আমাকে কী করতে হবে?","no",""
"prot_0073_06","Sifat","143","আমি স্নাতক (সম্মান) তৃতীয় বর্ষের ছাত্র। সিলেটে এক আত্মীয়ের বাড়িতে থেকে পড়াশোনা করি। আমার গ্রামের বাড়ি ময়মনসিংহ। সেখানে এক মেয়ের সঙ্গে আমার প্রেমের সম্পর্ক ছিল। হঠাৎ মেয়েটি আমাকে না জানিয়ে সিলেট চলে আসে। এক বন্ধু তাকে আমার ঠিকানা দেয়। তারপর মেয়েটি আমাকে বাধ্য করে বিয়ে করতে। যদিও তখন আমার বয়স ২১ বছর হয়নি। নোটারি পাবলিকে আমাদের বিয়ে সম্পন্ন হয়। বিয়ের দু-তিন দিন পর মেয়েটির স্বীকারোক্তিসহ আমি প্রমাণ পাই, মেয়েটির আগে অন্য ছেলের সঙ্গে সম্পর্ক ছিল। এমন সম্পর্ক আমি কোনো দিন মেনে নিতে পারব না। সেজন্য আমি বিয়ের পর তাকে তালাক দিই। কিছুদিন পর মেয়ের বাবা আমার বিরুদ্ধে যৌতুকের অভিযোগে মামলা দায়ের করেন। এরপর মেয়ে বাদী হয়ে আমার পরিবারের সবাইকে বিবাদী করে নারী নির্যাতন মামলা করে। নারী নির্যাতন মামলায় সবার জামিন হলেও আমার হয়নি। আমি মানসিকভাবে খুব দুর্বল হয়ে পড়েছি। একদিকে আমার পড়াশোনা, অন্যদিকে মামলা। কীভাবে এ বিপদ থেকে পরিত্রাণ পাওয়া যাবে?নাম প্রকাশে অনিচ্ছুক","আমি স্নাতক (সম্মান) তৃতীয় বর্ষে পড়ি। এক আত্মীয়ের বাসায় থেকে একটা বিভাগীয় শহরে পড়াশোনা করি; আমার গ্রামের বাড়ি অন্য জেলায়। গ্রামে একটা মেয়ের সঙ্গে আমার প্রেম ছিল। হঠাৎ একদিন মেয়েটি আমাকে কিছু না জানিয়েই আমি যে শহরে থাকি সেখানে চলে আসে। আমার এক বন্ধু ওকে আমার ঠিকানা দিয়ে দেয়। তারপর মেয়েটি আমাকে বিয়ে করতে বাধ্য করে, যদিও তখন আমার বয়স ২১ হয়নি। নোটারি পাবলিকের মাধ্যমে আমাদের বিয়ে হয়। বিয়ের দু-তিন দিন পর মেয়েটির নিজের স্বীকারোক্তিসহ প্রমাণ পাই যে আগে অন্য একটা ছেলের সঙ্গে ওর সম্পর্ক ছিল। এমন সম্পর্ক আমি কোনো দিনও মেনে নিতে পারব না, তাই বিয়ের পর ওকে তালাক দিয়ে দিই। কিছুদিন পর মেয়ের বাবা আমার নামে যৌতুকের মামলা করেন। তারপর মেয়েটি নিজে বাদী হয়ে আমার পরিবারের সবার বিরুদ্ধে নারী নির্যাতনের মামলা করে। সেই মামলায় সবাই জামিন পেলেও আমি পাইনি। মানসিকভাবে আমি একেবারে ভেঙে পড়েছি। একদিকে পড়াশোনা, অন্যদিকে মামলা। এই বিপদ থেকে কীভাবে উদ্ধার পাব?","yes","Generalised the city where he studies and his home district. Dropped the 'name withheld' sign-off."
"prot_0077_05","Sifat","88","চিঠিপত্র, পার্সেল ইত্যাদি যথাস্থানে পৌঁছে দেওয়ার জন্য প্রচুর কুরিয়ার সেবাদানকারী প্রতিষ্ঠান রয়েছে দেশে। যথাসময়ে পৌঁছে দেওয়ার প্রতিশ্রুতি দিলেও কিছু কিছু প্রতিষ্ঠান জিনিসপত্র প্রাপকের কাছে পৌঁছাল কি না, সেই খবরটাও রাখেন না। এই বিষয়ে কিছু জানতে চাওয়া হলে এটা-সেটা বলে পাশ কাটিয়ে যান। এ রকম এক তিক্ত অভিজ্ঞতা আমার হয়েছে মাসখানেক আগে। সিলেটে বই পাঠিয়েছিলাম জরুরি প্রয়োজনে। আজও সেটা প্রাপকের হাতে পৌঁছায়নি। জিনিসটা বই না হয়ে অনেক গুরুত্বপূর্ণ কিছুও হতে পারত। নির্দিষ্ট সময়ের মধ্যে না পেলে বড় ধরনের ক্ষতি হতে পারত প্রাপকের।এসব ক্ষেত্রে কী ধরনের আইনগত ব্যবস্থা নেওয়া যায়?","দেশে এখন চিঠিপত্র, পার্সেল জায়গামতো পৌঁছে দেওয়ার অনেক কুরিয়ার সার্ভিস আছে। সময়মতো পৌঁছে দেওয়ার কথা দিলেও কোনো কোনো প্রতিষ্ঠান মালটা প্রাপকের হাতে পৌঁছাল কি না, সেই খোঁজটুকুও রাখে না। কিছু জানতে চাইলে এটা-ওটা বলে এড়িয়ে যায়। মাসখানেক আগে আমারও এমন একটা তেতো অভিজ্ঞতা হয়েছে। জরুরি দরকারে সিলেটে কিছু বই পাঠিয়েছিলাম, আজ পর্যন্ত সেগুলো প্রাপকের হাতে পৌঁছায়নি। বই না হয়ে এটা খুব দরকারি অন্য কিছুও তো হতে পারত; নির্দিষ্ট সময়ে না পেলে প্রাপকের বড় রকমের ক্ষতি হয়ে যেত। এমন ক্ষেত্রে আইনগতভাবে কী ব্যবস্থা নেওয়া যায়?","no",""
"prot_0079_02","Sifat","84","আমার বাবা মারা যান ১৯৮৮ সালে। তিনি জানতেন না যে, আমাদের গ্রামের বাড়িতে তাঁর নামে ১৪ শতাংশ জায়গা আছে। কিছুদিন আগে আমার বড় চাচা স্বীকার করেন, আমার বাবার মৃত্যুর চার-পাঁচ বছর পর তিনি ওই জায়গা অন্য এক ব্যক্তির কাছে বিক্রি করেন। তবে আজ অবধি তাঁর কোনো বৈধ কাগজপত্র ক্রেতাকে দিতে পারেননি। পুরো জায়গা এখন ওই ক্রেতার দখলে আছে। আমরা জায়গার ব্যাপারে কিছুই জানতাম না বলে এর কোনো প্রতিবাদ করতে পারিনি। আমার বাবার এই জায়গাটি পৈতৃক সূত্রে পাওয়া। আমরা এখন কীভাবে আইনের সাহায্য পেতে পারি?","১৯৮৮ সালে আমার বাবা মারা যান। গ্রামের বাড়িতে যে তাঁর নামে ১৪ শতাংশ জায়গা আছে, সেটা তিনি জানতেনই না। কিছুদিন আগে আমার বড় চাচা নিজেই স্বীকার করেছেন যে বাবা মারা যাওয়ার চার-পাঁচ বছর পর তিনি জায়গাটা আরেকজনের কাছে বেচে দিয়েছেন। তবে আজ পর্যন্ত ক্রেতাকে কোনো বৈধ কাগজপত্র দিতে পারেননি। পুরো জায়গাটা এখন সেই ক্রেতার দখলে। জায়গার কথা আমরা কিছুই জানতাম না, তাই কোনো আপত্তিও তুলতে পারিনি। বাবা এই জায়গা পৈতৃক সূত্রে পেয়েছিলেন। এখন আমরা কীভাবে আইনের সাহায্য নিতে পারি?","no",""
"prot_0080_04","Sifat","156","আমার বয়স ৩১ বছর। ২০০৬ সালের অক্টোবরে প্রবাসী এক ছেলের সঙ্গে টেলিফোনে আমার বিয়ে হয়। অনুষ্ঠানে ছেলের এক বন্ধু ছাড়া তার পরিবারের কেউ উপস্থিত ছিল না। ছেলেটার সঙ্গে ২০০৫ সালে ইন্টারনেটের মাধ্যমে আমার পরিচয় হয়। আমরা কখনো সামনাসামনি একে অপরকে দেখিনি। ওয়েবক্যামের মাধ্যমে কথা হতো। বিয়ের তিন বছর পার হয়ে গেছে। সে একবারও দেশে আসেনি আর আমাকেও নিতে চায় না। বলেছিল, ২০১০ সালের জানুয়ারি মাসে দেশে আসবে। এখন বলছে, ২০১১ সালে আসবে। সে নিয়মিত ফোন করে এবং আমার সব খরচ বহন করে। কিন্তু তার পরিবারের কারও সঙ্গে যোগাযোগ করতে দেয় না এবং বাড়িতে বলেনি সে বিয়ে করেছে। তার পরিবারের লোকজন জানে, সে একটা মেয়েকে পছন্দ করে, দেশে এসে বিয়ে করবে। আমি আর অপেক্ষা করতে পারছি না। আমি কি তাকে তালাক দিতে পারব? আর তালাক দিলে এত দিন আমার জন্য প্রতি মাসে যে খরচ পাঠিয়েছে, সেটা কি ফেরত দিতে হবে? আমি কখনো তার সঙ্গে থাকিনি। তাই তালাক দিলে কি তিন মাস ইদ্দত পালন করতে হবে?নাম প্রকাশে অনিচ্ছুক","আমার বয়স ৩১। ২০০৬ সালের অক্টোবরে বিদেশে থাকা এক ছেলের সঙ্গে ফোনে আমার বিয়ে হয়। বিয়ের সময় ছেলের এক বন্ধু ছাড়া ওর পরিবারের কেউ ছিল না। ২০০৫ সালে ইন্টারনেটে ওর সঙ্গে আমার পরিচয়। আমরা কখনো সামনাসামনি একজন আরেকজনকে দেখিনি, ওয়েবক্যামে কথা হতো। বিয়ের তিন বছর পেরিয়ে গেছে, এর মধ্যে সে একবারও দেশে আসেনি, আমাকেও নিয়ে যেতে চায় না। বলেছিল ২০১০ সালের জানুয়ারিতে আসবে, এখন বলছে ২০১১ সালে আসবে। নিয়মিত ফোন করে, আমার সব খরচও দেয়। কিন্তু ওর পরিবারের কারও সঙ্গে আমাকে যোগাযোগ করতে দেয় না, বাড়িতেও জানায়নি যে বিয়ে করেছে। ওর বাড়ির লোকজন জানে, সে একটা মেয়েকে পছন্দ করে, দেশে ফিরে বিয়ে করবে। আমি আর অপেক্ষা করতে পারছি না। আমি কি ওকে তালাক দিতে পারব? তালাক দিলে এত দিন ধরে প্রতি মাসে যে খরচ পাঠিয়েছে, সেটা কি ফেরত দিতে হবে? আমি তো কখনো ওর সঙ্গে থাকিনি; তাহলে তালাক দিলেও কি তিন মাস ইদ্দত পালন করতে হবে?","no","Dropped the 'name withheld' sign-off."
"prot_0085_03","Sifat","159","আমি হিন্দু ধর্মাবলম্বী। আমাদের জমি ক্রয়-বিক্রয়ে সরকারের কোনো অনুমতি লাগে না। আমার বাবার দাদার নামে ১৯৬২ সালে ২৬ বিঘা জমি রেকর্ড করা হয়। স্বাধীনতাযুদ্ধের আগে আমাদের পরিবার ভারত চলে যায়। যুদ্ধ চলাকালে বাবার দাদা মারা যান। জমির ওয়ারিশ বলতে আমার বাবা ‘ক’ এবং বাবার ভাই ‘খ’ বেঁচে আছেন। আমার বাবার ভাই ‘খ’ ভারতে থেকে যান আর বাবা স্বাধীনতার পরে বাংলাদেশে চলে আসেন। ১৯৭২ সালে আমার বাবার নামে ১৮ বিঘা জমি রেকর্ড করা হয়। বাকি আট বিঘা জমি সংশ্লিষ্ট কর্মকর্তা ঘুষ খেয়ে অন্য এক ব্যক্তির নামে রেকর্ড করে দেন। উল্লেখ্য, ভারতবাসী বাবার ভাইরের নামে জমি রেকর্ড হয়নি। কিন্তু ‘খ’ নামের ভারতবাসী ভাই ১৯৮০-৮১ সালে বাংলাদেশে এসে ১৮ বিঘার মধ্যে নয় বিঘা জমি বিক্রি করে দেন। বাবার নামে জমি ১৯৭২ সালে রেকর্ড হয়ে যাওয়ার পরও কি জমির ওয়ারিশ ‘খ’ নামের ব্যক্তির জমি বিক্রি আইনে বৈধ? নাকি আমার বাবা ১৮ বিঘা জমির ১৯৭২ সালের রেকর্ডমতে মালিক? বাকি আট বিঘা যে অন্য মুসলিম নামে ১৯৭২ সালে রেকর্ড হলো, এর কী ব্যবস্থা নিতে পারি?","আমরা হিন্দু। আমাদের জমি কেনাবেচায় সরকারের কোনো অনুমতি লাগে না। ১৯৬২ সালে আমার বাবার দাদার নামে ২৬ বিঘা জমি রেকর্ড হয়। মুক্তিযুদ্ধের আগে আমাদের পরিবার ভারতে চলে যায়, যুদ্ধের সময় বাবার দাদা মারা যান। জমির ওয়ারিশ হিসেবে বেঁচে আছেন আমার বাবা ‘ক’ আর বাবার ভাই ‘খ’। ‘খ’ ভারতেই থেকে গেছেন, আর বাবা স্বাধীনতার পর বাংলাদেশে চলে আসেন। ১৯৭২ সালে বাবার নামে ১৮ বিঘা জমি রেকর্ড হয়। বাকি আট বিঘা সংশ্লিষ্ট কর্মকর্তা ঘুষ নিয়ে আরেকজনের নামে রেকর্ড করে দেন। বলে রাখি, ভারতে থাকা ভাইয়ের নামে কোনো জমি রেকর্ড হয়নি। অথচ ‘খ’ ১৯৮০-৮১ সালে বাংলাদেশে এসে ওই ১৮ বিঘার মধ্যে নয় বিঘা বেচে দিয়ে যান। ১৯৭২ সালেই যখন জমি বাবার নামে রেকর্ড হয়ে গেছে, তখনো কি ওয়ারিশ ‘খ’-এর এই বিক্রি আইনত বৈধ? নাকি ১৯৭২ সালের রেকর্ড অনুযায়ী পুরো ১৮ বিঘার মালিক আমার বাবা? আর বাকি আট বিঘা যে ১৯৭২ সালে অন্য এক মুসলমানের নামে রেকর্ড হয়ে গেল, সেটার ব্যাপারে কী করতে পারি?","no",""
"prot_0090_04","Sifat","139","আজ থেকে দেড় বছর আগে আমার একটি ছেলের সঙ্গে বন্ধুত্ব হয়। সে আমাকে ভালোবাসতে শুরু করে, আমিও দুর্বল হয়ে পড়ি। কিছুদিন পর আমি অনেক ভেবে-চিন্তে তাকে বুঝিয়ে ফিরে আসি। আমার ফিরে আসাটা মেনে না নিয়ে সে আমাকে, আমার পরিবারের সবাইকে এমনকি আত্মীয়স্বজনকে মোবাইলফোনে মিসডকল, অশ্লীল এসএমএস এবং সরাসরি ফোন করে বিরক্ত করছে। বিরক্তি সইতে না পেরে পরিবারের সবাই আমার মতামত চান। আমি বলি, আমি মরে যাব তবুও এই ছেলেকে বিয়ে করব না। ছেলের মোবাইল ফোনে আমার ছবি ছিল, সেগুলো বিকৃত করে আমার সব আত্মীয়স্বজনের কাছে পাঠিয়েছে। এতে করে আমি পারিবারিক নির্যাতনে আছি। এখনো বিরক্ত করে। এখন আমার মনে হয়, মরে যাওয়া ছাড়া কোনো পথ নেই। আমি কি নিজেকে, পরিবারকে, আত্মীয়স্বজনকে ওই ছেলের হাত থেকে রক্ষা করতে পারব না?এ ব্যাপারে আমার পরিবারের কেউই আমাকে সাহায্য করতে চায় না। আমি মেয়ে, তাই কোনো ব্যবস্থা নিতে পারছি না পরামর্শের অভাবে।নাম প্রকাশে অনিচ্ছুকদিনাজপুর","দেড় বছর আগে একটা ছেলের সঙ্গে আমার বন্ধুত্ব হয়। সে আমাকে ভালোবাসতে শুরু করে, আমিও ওর প্রতি দুর্বল হয়ে পড়ি। কিছুদিন পর অনেক ভেবেচিন্তে ওকে বুঝিয়ে-শুনিয়ে আমি সম্পর্ক থেকে সরে আসি। আমার সরে আসাটা সে মেনে নিতে পারেনি; আমাকে, আমার পরিবারের সবাইকে, এমনকি আত্মীয়স্বজনদেরও মোবাইলে মিসডকল দিয়ে, অশ্লীল এসএমএস পাঠিয়ে আর সরাসরি ফোন করে জ্বালাতন করছে। জ্বালাতন সহ্য করতে না পেরে বাড়ির সবাই আমার মত জানতে চাইলে বলেছি, মরে গেলেও এই ছেলেকে বিয়ে করব না। ওর মোবাইলে আমার কিছু ছবি ছিল, সেগুলো বিকৃত করে আমার সব আত্মীয়ের কাছে পাঠিয়ে দিয়েছে। এ কারণে আমি এখন পরিবারের ভেতরেই নির্যাতনের মধ্যে আছি। সে এখনো জ্বালাতন করে যাচ্ছে। এখন মনে হয় মরে যাওয়া ছাড়া আর কোনো রাস্তা নেই। নিজেকে, পরিবারকে আর আত্মীয়স্বজনকে কি ওই ছেলের হাত থেকে বাঁচাতে পারব না? পরিবারের কেউই এ ব্যাপারে আমাকে সাহায্য করতে চাইছে না। মেয়ে বলে, আর ঠিক পরামর্শ না পাওয়ায়, কোনো ব্যবস্থা নিতে পারছি না।","yes","Removed district in the sign-off ('name withheld' + district)."
"prot_0095_01","Sifat","63","আমি একজন উদ্যোক্তা। প্রায় তিন বছর ধরে আমি একটি বুটিক হাউস চালাই। এই ব্যবসায় আমার সঙ্গে আরও দুজন অংশীদার (পার্টনার) যুক্ত হতে চাইছেন। আমরা সবাই মিলে বুটিক হাউসটিকে একটি ব্যবসায়িক প্রতিষ্ঠানে রূপ দিতে চাচ্ছি। আমাদের একজন কোম্পানি গঠনের কথা বলছেন। আমরা জেনেছি, কোম্পানি গঠন করা নাকি খুব ঝক্কির কাজ। এ ক্ষেত্রে আমার প্রশ্ন, কোম্পানি গঠনের জন্য কী কী আইনি পদ্ধতি মেনে চলতে হবে?","আমি একজন উদ্যোক্তা, প্রায় তিন বছর ধরে একটা বুটিক হাউস চালাচ্ছি। এখন আরও দুজন এই ব্যবসায় অংশীদার হিসেবে যোগ দিতে চান। আমরা সবাই মিলে বুটিক হাউসটাকে একটা ব্যবসা প্রতিষ্ঠান হিসেবে দাঁড় করাতে চাই। আমাদের একজন বলছেন কোম্পানি খুলতে। শুনেছি, কোম্পানি গঠন করাটা নাকি বেশ ঝামেলার কাজ। তাই জানতে চাই, কোম্পানি করতে হলে কোন কোন আইনি প্রক্রিয়া মানতে হবে?","no",""
"prot_0100_05","Sifat","22","ওই জমিতে এখন যারা ভোগদখলে রয়েছে তাদের সঙ্গে আলোচনার মাধ্যমে সমাধান করে রেজিস্ট্রেশন করে যদি দলিল দেয় তাহলে করতে পারবে কি না?","জমিটা এখন যারা দখল করে ভোগ করছে, তাদের সঙ্গে কথাবার্তা বলে মিটমাট করে যদি রেজিস্ট্রি দলিল করে দেওয়া হয়, তাহলে কি সেটা করা যাবে?","no","Follow-up fragment from a numbered multi-question letter; context missing."
"prot_0104_05","Sifat","79","অর্পিত সম্পত্তি বাংলাদেশের মালিক বা বংলাদেশে উত্তরাধিকার বা বাংলাদেশে স্বত্বাধিকারী বা বাংলাদেশি উত্তরাধিকার সূত্রে সহ-অংশীদার ছাড়া অন্য কোনো তৃতীয় পক্ষ তালিকাভুক্ত অর্পিত সম্পত্তি ইজারাভুক্ত করলেও নতুন আইনে সম্পত্তি ফেরত পাওয়ার কোনো সুযোগ নেই। তবে কোনো তৃতীয় পক্ষ যদি আদালত বা অন্য কোনোভাবে ওই সম্পত্তিতে মালিকানা দাবিদার হয় তবে সেই বিষয়টি ট্রাইব্যুনাল বিবেচনা করতে পারবেন।৬. বর্তমানে দখলদাররা অত্যন্ত প্রভাবশালী, তারা প্রত্যক্ষ বা পরোক্ষভাবে আমি ও আমার পরিবারের সদস্যদের বর্তমানে বা ভবিষ্যতে নিশ্চিহ্ন করতে পারে। এমতাবস্থায় আমাদের নিরাপত্তার জন্য করণীয় কী?","তালিকায় ওঠা অর্পিত সম্পত্তি বাংলাদেশি মালিক, বাংলাদেশে থাকা উত্তরাধিকারী, বাংলাদেশে স্বত্বাধিকারী বা উত্তরাধিকার সূত্রে বাংলাদেশি সহ-অংশীদার ছাড়া অন্য কোনো তৃতীয় পক্ষ ইজারা নিয়ে থাকলেও নতুন আইনে সম্পত্তি ফেরত পাওয়ার কোনো সুযোগ নেই। তবে কোনো তৃতীয় পক্ষ আদালতের মাধ্যমে বা অন্য কোনো উপায়ে ওই সম্পত্তির মালিকানা দাবি করলে ট্রাইব্যুনাল বিষয়টি বিবেচনা করতে পারবে। ৬. এখন যারা জমি দখল করে আছে তারা খুবই প্রভাবশালী; সরাসরি হোক বা ঘুরিয়ে, আমাকে আর আমার পরিবারের লোকজনকে এখন বা ভবিষ্যতে তারা শেষ করে দিতে পারে। এ অবস্থায় নিজেদের নিরাপত্তার জন্য আমাদের কী করা উচিত?","no","Starts with the columnist's reply to an earlier item; the actual question is item 6 at the end."
"prot_0108_04","Sifat","52","আমার ভাই তাঁর অংশ ১৪-১১-১১ তারিখে সাব-কবলা করে বিক্রি করেন। বাড়িটি আমাদের দুই ভাইয়ের নামে রেকর্ড হয় এবং দলিল-পর্চায় বাড়ি-বাগান হিসেবে এখনো রেকর্ড হয়েছে এবং বর্তমানে আছে। ১৯৫২ সালের আগেও বাড়ি-বাগান বলেই রেকর্ড। আমি ‘প্রিয়েমশন’ বা অগ্রক্রয় মামলা করতে চাই। আমার জানতে ইচ্ছে করে, আমি প্রিয়েমশন করে ওই বাড়িটি পাব কি না?","১৪-১১-১১ তারিখে আমার ভাই সাফ-কবলা দলিল করে তাঁর ভাগটা বিক্রি করে দিয়েছেন। বাড়িটা আমাদের দুই ভাইয়ের নামে রেকর্ড করা, আর দলিল ও পর্চায় এখনো এটা বাড়ি-বাগান হিসেবেই লেখা আছে। ১৯৫২ সালের আগের রেকর্ডেও এটা বাড়ি-বাগানই ছিল। আমি ‘প্রিয়েমশন’ অর্থাৎ অগ্রক্রয়ের মামলা করতে চাই। জানতে চাই, প্রিয়েমশন মামলা করলে কি বাড়িটা আমি পাব?","no",""
"prot_0110_03","Sifat","64","কিন্তু বিমান সদর Application of The Provision of Rule 191 (15) (C) of AF Act Rules 1957 অধীনে আমাকে ডিসচার্জ করে ২৭ জুন ২০০৯ সালে। আমাকে তিন মাস অবসরকালীন ছুটি দেওয়া হয়। উল্লেখ্য, আমি ছয় মাস ট্রেনিং ও তিন মাস প্রমোশন কোর্স সফলভাবে শেষ করি। ভর্তির সময় এসএসসি সনদ অনুযায়ী চাকরির বয়স ছিল। এখন কি আমি শ্রম আদালতে মামলা করে চাকরি ফিরে পেতে পারব?","কিন্তু ২০০৯ সালের ২৭ জুন বিমান সদর Application of The Provision of Rule 191 (15) (C) of AF Act Rules 1957 অনুযায়ী আমাকে চাকরি থেকে ডিসচার্জ করে দেয়। তিন মাসের অবসরকালীন ছুটিও দেওয়া হয়। বলে রাখি, আমি ছয় মাসের ট্রেনিং আর তিন মাসের প্রমোশন কোর্স ভালোভাবেই শেষ করেছিলাম। যোগ দেওয়ার সময় এসএসসি সার্টিফিকেট অনুযায়ী চাকরির বয়সও ঠিক ছিল। এখন শ্রম আদালতে মামলা করলে কি আমি চাকরিটা ফেরত পাব?","no","Text starts mid-story. Kept the Air Force rule citation because the question turns on it."
"prot_0112_04","Sifat","58","আপনার মতো যাঁরা এ রকম চিন্তা করছেন তাঁদের কাছে একটা অনুরোধ, নিজের ওপর আত্মঘাতী হওয়ার আগে নিজের জীবনের মূল্য উপলব্ধি করুন। আপনার জীবনের সঙ্গে জড়িত আছে আপনার বাবা-মা কিংবা সন্তানের জীবনও। সামান্য ঋণ থেকে মুক্তি পেতে এভাবে কিডনি বিক্রির চিন্তা থেকে সরে আসুন। আপনি কি ভেবে দেখেছেন আপনার একটি কিডনি নিয়ে পাচারকারী দল দেশের কত বড় সর্বনাশ করছে?","আপনার মতো যাঁরা এমন কথা ভাবছেন, তাঁদের প্রতি একটাই অনুরোধ—নিজের ক্ষতি করে বসার আগে নিজের জীবনের দামটা বুঝুন। আপনার জীবনের সঙ্গে মা-বাবা বা সন্তানের জীবনও জড়িয়ে আছে। অল্প কিছু ঋণ শোধ করার জন্য এভাবে কিডনি বেচে দেওয়ার ভাবনা থেকে ফিরে আসুন। ভেবে দেখেছেন কি, আপনার একটা কিডনি নিয়ে পাচারকারী চক্র দেশের কত বড় সর্বনাশ করছে?","no","Not a question: this is the columnist's advice text; paraphrased as is."
"prot_0114_01","Sifat","53","আবার মাঝেমধ্যে রাতে নেশা করে বাড়ি ফিরে আমার সঙ্গে খারাপ ব্যবহার করে। পরে এসব কারণে আমাদের মধ্যে ছাড়াছাড়ি হয়ে যায়। অনেক কষ্ট করে দেনমোহরের কিছু টাকা আদায় করতে পারলেও আমার ছেলের ভরণপোষণের কোনো খরচ সে দিচ্ছে না। আমার ছেলের বয়স এখন পাঁচ বছর। এ অবস্থায় আমি কি আমার সন্তানের ভরণপোষণের খরচ পেতে পারি?","তা ছাড়া মাঝেমধ্যে রাতে নেশা করে বাসায় ফিরে আমার সঙ্গে খারাপ ব্যবহার করত। এসব কারণেই পরে আমাদের ছাড়াছাড়ি হয়ে যায়। অনেক কষ্টে দেনমোহরের কিছু টাকা আদায় করতে পেরেছি, কিন্তু ছেলের ভরণপোষণের কোনো খরচ সে দিচ্ছে না। ছেলের বয়স এখন পাঁচ বছর। এ অবস্থায় আমি কি ছেলের ভরণপোষণের খরচ আদায় করতে পারব?","no","Text starts mid-story; the earlier part of the letter is not included."
"prot_0114_09","Sifat","60","এ ধারা অনুযায়ী বাদী আদালতে উপস্থিত না হলে তাহলে আদালত মামলা খারিজ করে দিতে পারেন এবং অভিযুক্ত ব্যক্তিকে খালাস দিতে পারেন। আপনি এ ধারা উল্লেখ করে আইনজীবীর মাধ্যমে আদালতে আবেদন করতে পারেন। অথবা আদালত বদলির জন্য জেলা ম্যাজিস্ট্রেটের কাছে আবেদন করতে পারেন। আপনার আবেদন না মঞ্জুর হলে এ আদেশের বিরুদ্ধে দায়রা আদালতে রিভিশন করতে পারেন।কন্যা ও স্ত্রী কতটুকু সম্পত্তি পায়?","এই ধারা অনুযায়ী বাদী আদালতে হাজির না হলে আদালত মামলাটি খারিজ করে আসামিকে খালাস দিতে পারেন। আপনি এই ধারার কথা উল্লেখ করে আইনজীবীর মাধ্যমে আদালতে আবেদন করতে পারেন, কিংবা আদালত বদলের জন্য জেলা ম্যাজিস্ট্রেটের কাছে আবেদন করতে পারেন। আবেদন নামঞ্জুর হলে সেই আদেশের বিরুদ্ধে দায়রা আদালতে রিভিশন করা যায়। মেয়ে আর স্ত্রী কতখানি সম্পত্তি পায়?","no","Columnist's reply to an earlier question, with the next question's title ('how much property do a daughter and wife get?') glued at the end."
"prot_0128_02","Sifat","67","আপনার সঙ্গে ছেলেটি বিয়ের নামে প্রতারণা করেছে বলে মনে হচ্ছে। আপনি ফৌজদারি আদালতে প্রতারণার মামলা করতে পারেন। এ ছাড়া দণ্ডবিধির ৪৯৩ ও ৪৯৬ ধারা অনুযায়ী প্রতিকার চাইতে পারেন। এ ধারাগুলো অনুযায়ী আইনসম্মত বিয়ে না করে প্রতারণামূলক বিয়ে করলে সাত বছর, ক্ষেত্রবিশেষ দশ বছর পর্যন্ত সশ্রম কারাদণ্ড ও অর্থদণ্ডে দণ্ডিত হতে পারে। তবে এক্ষেত্রে আপনার পক্ষে উপযুক্ত সাক্ষ্যপ্রমাণ থাকতে হবে।তৌহিদুল ইসলামআইনজীবী, বাংলাদেশ সুপ্রিম কোর্টখ্রিষ্টান নারীরা সম্পত্তি কতটুকু পায়?","মনে হচ্ছে, ছেলেটি বিয়ের নাম করে আপনার সঙ্গে প্রতারণা করেছে। আপনি ফৌজদারি আদালতে প্রতারণার মামলা করতে পারেন। পাশাপাশি দণ্ডবিধির ৪৯৩ ও ৪৯৬ ধারাতেও প্রতিকার চাইতে পারেন। এই ধারাগুলো অনুযায়ী আইনসম্মত বিয়ে না করে প্রতারণা করে বিয়ে করলে সাত বছর, কোনো কোনো ক্ষেত্রে দশ বছর পর্যন্ত সশ্রম কারাদণ্ড আর অর্থদণ্ড হতে পারে। তবে এর জন্য আপনার হাতে উপযুক্ত সাক্ষ্যপ্রমাণ থাকতে হবে। খ্রিষ্টান নারীরা সম্পত্তির কতটুকু ভাগ পান?","yes","Columnist's reply to an earlier question; removed the lawyer's name and designation, and the next question's title ('how much property do Christian women get?') is glued at the end."
"prot_0135_02","Sifat","43","এক ভাই ও চার বোন রেখে আমার মা মারা যান। আমার বাবা জীবিত আছেন। বাবা আরেকটি বিয়ে করেছেন। ওই পক্ষে দুই ভাই ও এক বোন আছে। প্রশ্ন হচ্ছে, আমার মায়ের সম্পত্তির ভাগ আমরা পাব কি না। আমার সৎভাইবোন আমার মায়ের সম্পত্তি পাবে কি?","আমার মা মারা গেছেন, রেখে গেছেন এক ছেলে আর চার মেয়ে। বাবা বেঁচে আছেন এবং আবার বিয়ে করেছেন; সেই ঘরে দুই ছেলে আর এক মেয়ে আছে। আমার জানার বিষয়, মায়ের সম্পত্তিতে কি আমরা ভাগ পাব? আর আমার সৎভাইবোনেরা কি মায়ের সম্পত্তির ভাগ পাবে?","no",""
"ajke_0143_01","Sifat","97","আমি একটি করপোরেট প্রতিষ্ঠানে চাকরি করি। স্বামীর সঙ্গে বিচ্ছেদ হয়েছে প্রায় তিন বছর। সম্প্রতি একটি মোবাইল ফোন নম্বর থেকে আমাকে বিভিন্নভাবে হয়রানি করা হচ্ছে। কখনো ছবি আবার কখনো মেসেজের স্ক্রিনশট ফাঁস করে দেওয়ার হুমকি দিয়ে ইতিমধ্যে আমার কাছ থেকে টাকাপয়সাও হাতিয়ে নিয়েছে নম্বরটির ব্যবহারকারী। আমি ডিভোর্সি উল্লেখ করলাম; কারণ, ডিভোর্সের পর আমাকে নিয়ে নানা মহলে নানা কথা হয়। আমি এসব নিয়ে মানসিক যন্ত্রণায় আছি। আমি টাকাপয়সা না দিয়ে আইনগত পদক্ষেপ নিতে চাই। নির্দিষ্টভাবে কাউকে যদি সন্দেহের তালিকায় না রাখি, তাহলে পদক্ষেপ নেব কীভাবে? যদিও সেই নম্বর আমার কাছে আছে। শুধু নম্বরের ভিত্তিতে কি আইনি ব্যবস্থা নেওয়া সম্ভব?","একটা করপোরেট অফিসে চাকরি করি। প্রায় তিন বছর হলো স্বামীর সঙ্গে ছাড়াছাড়ি হয়ে গেছে। ইদানীং একটা মোবাইল নম্বর থেকে আমাকে নানাভাবে হয়রানি করা হচ্ছে। কখনো ছবি, কখনো মেসেজের স্ক্রিনশট ছড়িয়ে দেওয়ার ভয় দেখিয়ে ওই নম্বরের লোকটা এর মধ্যেই আমার কাছ থেকে টাকাও হাতিয়ে নিয়েছে। ডিভোর্সের কথা বললাম এ কারণে যে ডিভোর্সের পর থেকে আমাকে নিয়ে নানা জায়গায় নানা কথা ওঠে। এসব নিয়ে আমি ভীষণ মানসিক কষ্টে আছি। টাকা না দিয়ে আমি এবার আইনের পথে যেতে চাই। কিন্তু নির্দিষ্ট কাউকে যদি সন্দেহ করতে না পারি, তাহলে ব্যবস্থা নেব কীভাবে? নম্বরটা অবশ্য আমার কাছে আছে। শুধু নম্বর দিয়েই কি আইনি ব্যবস্থা নেওয়া যায়?","no",""
"ajke_0151_01","Sifat","143","প্রশ্ন: আমার বিয়ের বয়স প্রায় ৭ বছর। ৫ বছরের একটি মেয়ে আছে। তার জন্মের পর থেকে আমার স্বামী আমাদের খোঁজখবর নিত না, ভরণপোষণ দিত না। সে লুকিয়ে বিদেশ থেকে দেশে যাতায়াত করত। আমাদের তার বাড়িতে নিয়ে যেত না। এসব কারণে বাধ্য হয়ে আমি কোর্টে মামলা করি। কোর্টে মামলা চলাকালে স্বামী আমার সঙ্গে সংসার করা এবং আমাদের ভরণপোষণ দেওয়ার কথা বলে আপস করে জামিনে বের হয়ে বিদেশে চলে যায়। আমি মেয়েকে নিয়ে বাবার বাড়িতে থাকি এবং মামলা স্থগিত রাখি। এখন সে বিদেশ থেকে কোনো যোগাযোগ করছে না, ভরণপোষণও দিচ্ছে না। এক আইনজীবী আমাকে জানিয়েছেন, আমার শ্বশুর কোর্টে গিয়েছিলেন ডিভোর্সের ব্যবস্থা করতে। কিন্তু আমার কাছে কোনো নোটিশ আসেনি এখনো। শুনেছি, আমার অনুপস্থিতিতে তালাক বিষয়ে কোর্ট নতুন করে শুনানি করেছেন। আমার প্রশ্ন, তারা আমার ইচ্ছার বিরুদ্ধে, আমার ও আমার স্বামীর উপস্থিতি ছাড়া মামলার কাগজপত্রে থাকা আমার স্বাক্ষর জাল করে আমার শ্বশুর কি আমাদের বিবাহবিচ্ছেদ করাতে পারেন?","প্রায় ৭ বছর হলো আমার বিয়ে হয়েছে, ৫ বছরের একটা মেয়ে আছে। মেয়ে হওয়ার পর থেকেই স্বামী আমাদের কোনো খোঁজ নিত না, খরচও দিত না। বিদেশ থেকে লুকিয়ে দেশে আসা-যাওয়া করত, কিন্তু আমাদের নিজের বাড়িতে নিয়ে যেত না। এসব কারণে বাধ্য হয়ে আদালতে মামলা করি। মামলা চলার সময় সে আমার সঙ্গে সংসার করবে আর আমাদের খরচ দেবে—এই কথা দিয়ে আপস করে জামিনে বেরিয়ে আবার বিদেশে চলে যায়। আমি মেয়েকে নিয়ে বাবার বাড়িতে থাকি, মামলাটাও স্থগিত রেখেছি। এখন সে বিদেশ থেকে কোনো যোগাযোগ করে না, খরচও পাঠায় না। এক আইনজীবী জানালেন, আমার শ্বশুর নাকি ডিভোর্সের ব্যবস্থা করতে আদালতে গিয়েছিলেন। কিন্তু এখনো আমার কাছে কোনো নোটিশ আসেনি। শুনেছি, আমার অনুপস্থিতিতেই আদালত তালাকের ব্যাপারে নতুন করে শুনানি করেছেন। আমার প্রশ্ন, আমার ইচ্ছার বিরুদ্ধে, আমি বা আমার স্বামী কেউ হাজির না থাকলেও, মামলার কাগজে থাকা আমার সই জাল করে কি শ্বশুর আমাদের ডিভোর্স করিয়ে দিতে পারেন?","no",""
"ajke_0159_01","Sifat","53","প্রশ্ন: স্বামীসহ শ্বশুরবাড়ির সবাই আমাকে শারীরিকভাবে নির্যাতন করে। এখন আমি যৌতুক নিরোধ আইনে মামলা করেছি। আমার উকিল আমাকে ভুল বুঝিয়ে স্বামীকে অস্থায়ী জামিন করিয়ে দিয়েছেন। এখন আমাকে ধমক দেওয়া হচ্ছে। মামলা খারিজ করে ফেলবে কি না, সে বিষয়ে এখন আমার ভয় হচ্ছে। উকিল এখন আমার হয়ে আদালতে মুভ করেন না। আমার করণীয় কী?","স্বামী আর শ্বশুরবাড়ির সবাই মিলে আমার ওপর শারীরিক নির্যাতন করে। এখন আমি যৌতুক নিরোধ আইনে মামলা করেছি। কিন্তু আমার উকিল আমাকে ভুল বুঝিয়ে স্বামীর অস্থায়ী জামিন করিয়ে দিয়েছেন। এখন উল্টো আমাকে ধমকানো হচ্ছে। মামলাটা খারিজ হয়ে যাবে কি না, সেই ভয়ে আছি। উকিলও এখন আর আমার হয়ে আদালতে কিছু বলেন না। আমি এখন কী করব?","no",""
"ajke_0166_01","Sifat","104","প্রশ্ন: আমি বাবার বাসায় থাকা অবস্থায় স্বামী আরেকটি বিয়ে করে। সে জানায়, আমাকে ডিভোর্স দিয়েছে। কিন্তু আমি আজ এক বছরেও কোনো নোটিশ পাইনি। তার বিয়ের পরপরই এক পারিবারিক আইনজীবীর সাহায্যে তার বিরুদ্ধে যৌতুকের মামলা করি। আইন ও মামলা বিষয়ে আমার ধারণা না থাকায় আইনজীবী যা বলেছেন, তা-ই করেছি। কোর্ট থেকে ওয়ারেন্ট বের হওয়ার পর তারা আগাম জামিন নিয়েছে, সেটা দুই মাস পর আমি জানতে পেরেছি। সে আমার দেড় বছরের সন্তানের কোনো ভরণপোষণ দেয় না, কোনো খোঁজখবরও রাখে না। আমি এই বয়সে মেয়েটাকে নিয়ে চাকরি করছি। কোথায় যাব, কী করব বুঝতে পারছি না। আমাদের আইনজীবী কি কোনো ধরনের ছলচাতুরী করেছে? এখন আমাদের কী করা উচিত?","আমি বাবার বাসায় থাকার সময় স্বামী আরেকটা বিয়ে করে। সে বলছে আমাকে ডিভোর্স দিয়ে দিয়েছে, অথচ এক বছর হয়ে গেল আমি কোনো নোটিশ পাইনি। ওর বিয়ের পরপরই একজন পারিবারিক আইনজীবীর সাহায্য নিয়ে ওর বিরুদ্ধে যৌতুকের মামলা করি। আইন-আদালত সম্পর্কে আমার কোনো ধারণা ছিল না, তাই আইনজীবী যা বলেছেন তা-ই করেছি। আদালত থেকে ওয়ারেন্ট বের হওয়ার পর ওরা আগাম জামিন নিয়ে নেয়, সেটা আমি জানতে পারি দুই মাস পরে। আমার দেড় বছরের বাচ্চার সে কোনো খরচ দেয় না, খোঁজখবরও রাখে না। এই বয়সে মেয়েকে নিয়ে আমি চাকরি করে চলছি। কোথায় যাব, কী করব কিছুই বুঝতে পারছি না। আমাদের আইনজীবী কি কোনো চালাকি করেছেন? এখন আমাদের কী করা উচিত?","no",""
"ajke_0179_01","Sifat","34","আমি জোর করে যাই। এরপর আর ফেরত যাইনি। অকথ্য ভাষায় কথা বলাসহ আমাকে বিবাহবহির্ভূত সম্পর্কের অপবাদও দেয় তারা। স্বামী ও ননদ ফোনে আমার মা-বাবাকে খারাপ ভাষায় গালমন্দ করেছে। এ জন্য কি জিডি করতে পারি?","জোর করেই আমি সেখানে গিয়েছিলাম। তারপর আর ফিরে যাইনি। ওরা আমাকে অশ্রাব্য ভাষায় গালাগাল করে, এমনকি বিয়ের বাইরে সম্পর্ক আছে বলে বদনামও দেয়। স্বামী আর ননদ ফোনে আমার বাবা-মাকে নোংরা ভাষায় গালমন্দ করেছে। এর জন্য কি জিডি করা যায়?","no","Text starts mid-story; the earlier part of the letter is not included."
"ajke_0189_01","Sifat","119","প্রশ্ন: বিয়ের বয়স দেড় বছর চলছে। বিয়ের সময় শ্বশুরবাড়ি থেকে কোনো ধরনের যৌতুক চাওয়া হয়নি। মা-বাবা বিয়ের সময় খাট ও আলমারি উপহার দিয়েছিলেন। বিয়ের দু-তিন মাস পর থেকে শাশুড়ি তাঁর আত্মীয়দের কাছে বলে বেড়াতে থাকেন, আমার পরিবার বিয়েতে কিছু দেয়নি। শ্বশুরবাড়ির সবাই আমার সঙ্গে খুব খারাপ ব্যবহার করে। মানসিক অত্যাচার করে। কিন্তু নিজেরা কখনো সরাসরি বলে না যে তাদের আসবাব বা টাকা লাগবে। দিন দিন ব্যাপারটা অসহনীয় পর্যায়ে চলে যাচ্ছে। তারা আমার গর্ভপাত করিয়েছে এই বলে যে স্বামীর এখনো সন্তান লালনপালন করার ক্ষমতা হয়নি। আমার স্বামী এসব ব্যাপারে কিছুই বলে না। আমার সন্দেহ, তার অন্য কোনো মেয়ের সঙ্গে সম্পর্ক আছে। একমুহূর্ত এই সংসারে থাকতে চাই না। যেহেতু তারা শারীরিকভাবে অত্যাচার করছে না, আমি ডিভোর্স দিতে চাইলে কি দিতে পারব?","দেড় বছর হলো বিয়ে হয়েছে। বিয়ের সময় শ্বশুরবাড়ি থেকে কোনো যৌতুক চাওয়া হয়নি। বাবা-মা নিজেরাই উপহার হিসেবে খাট আর আলমারি দিয়েছিলেন। বিয়ের দু-তিন মাস পর থেকে শাশুড়ি আত্মীয়দের কাছে বলে বেড়াতে থাকেন যে আমার বাড়ি থেকে বিয়েতে কিছুই দেয়নি। শ্বশুরবাড়ির সবাই আমার সঙ্গে খুব খারাপ ব্যবহার করে, মানসিকভাবে অত্যাচার করে। তবে নিজেরা কখনো মুখ ফুটে বলে না যে ওদের আসবাব বা টাকা চাই। দিন দিন ব্যাপারটা সহ্যের বাইরে চলে যাচ্ছে। স্বামীর নাকি এখনো সন্তান মানুষ করার সামর্থ্য হয়নি—এই বলে ওরা আমার গর্ভপাত করিয়েছে। আমার স্বামী এসব নিয়ে কিছুই বলে না। আমার সন্দেহ, অন্য কোনো মেয়ের সঙ্গে ওর সম্পর্ক আছে। এই সংসারে আমি আর এক মুহূর্তও থাকতে চাই না। ওরা যেহেতু শারীরিকভাবে নির্যাতন করছে না, তাহলে আমি ডিভোর্স দিতে চাইলে কি দিতে পারব?","no",""
"ajke_0193_01","Sifat","45","আমরা তখন ছোট ছিলাম। তাই বাবা মারা যাওয়ার আগে প্রথম সংসারের বড় ছেলেকে বলে যান আমাদের দেখাশোনা করতে। তখন থেকে তিনি আমাদের খোঁজখবর রাখতেন। চাচাদের সঙ্গে কথা বলার পর ওই পক্ষের দুই ভাই আমাদের সম্পত্তির ভাগ দিতে নারাজ। আমরা এখন কীভাবে আইনি সহায়তা পেতে পারি?","তখন আমরা ছোট ছিলাম, তাই মারা যাওয়ার আগে বাবা তাঁর প্রথম সংসারের বড় ছেলেকে বলে গিয়েছিলেন আমাদের দেখেশুনে রাখতে। সেই থেকে তিনিই আমাদের খোঁজখবর রাখতেন। কিন্তু চাচাদের সঙ্গে কথা বলার পর ওই ঘরের দুই ভাই এখন আমাদের সম্পত্তির ভাগ দিতে রাজি হচ্ছেন না। এখন আমরা কীভাবে আইনি সাহায্য পেতে পারি?","no","Text starts mid-story; the earlier part of the letter is not included."
"ajke_0201_01","Sifat","44","এরই পরিপ্রেক্ষিতে কিছুদিন আগে এক বান্ধবীর বাড়িতে গিয়ে উঠেছিলাম। আমার মা-বাবা পুলিশ সঙ্গে করে সেখান থেকে আমাকে বাসায় নিয়ে এসেছেন। তারপর থেকে তাঁরা নানাভাবে শারীরিক-মানসিক নির্যাতন করে যাচ্ছেন। আমি এখান থেকে বের হতে চাই। এমন কোনো আইনি ব্যবস্থা আছে কি, যাতে আলাদা থাকতে পারব?","এর জেরেই কিছুদিন আগে আমি এক বান্ধবীর বাসায় গিয়ে উঠেছিলাম। বাবা-মা পুলিশ নিয়ে গিয়ে সেখান থেকে আমাকে বাসায় ফিরিয়ে এনেছেন। তারপর থেকে নানাভাবে আমার ওপর শারীরিক আর মানসিক নির্যাতন চালাচ্ছেন। আমি এখান থেকে বেরিয়ে যেতে চাই। এমন কোনো আইনি উপায় কি আছে, যাতে আমি আলাদা থাকতে পারি?","no","Text starts mid-story; the earlier part of the letter is not included."
"dail_0613_02","Sifat","41","The points that I ponder as follows: If Banks are not exempted from the Labor Act 2006 and its subsequent amendments and everyone [except mentioned in the amended regulation] is eligible, then why private and foreign banks have not declared WPPF?","Here is what puzzles me: if banks are not excluded from the Labour Act 2006 and its later amendments, and everyone (apart from those listed in the amended rules) qualifies, then why haven't private and foreign banks declared WPPF?","no","English follow-up fragment from a Daily Star query; paraphrased in English."
"dail_0631_02","Sifat","11","If we do not register, will it affect our marriage anyhow?","Would not registering our marriage cause any problem for the marriage itself?","no","Short English follow-up fragment; context is in an earlier part of the query."
"lawy_0223_01","Sifat","10","মিথ্যা মামলাকারী বাদী ও সাক্ষীর বিরুদ্ধে কিভাবে মানহানি মামলা করবেন?","যে বাদী আর সাক্ষীরা মিথ্যা মামলা সাজিয়েছে, তাদের বিরুদ্ধে মানহানির মামলা করবেন কীভাবে?","no","Headline-style (article title)."
"lawy_0303_01","Sifat","11","জমির দলিলে দাগ, খতিয়ান, মৌজা, চৌহদ্দি, নামের ভুল কিভাবে সংশোধন করবেন?","জমির দলিলে দাগ নম্বর, খতিয়ান, মৌজা, চৌহদ্দি বা নাম ভুল লেখা হলে সেটা কীভাবে ঠিক করাবেন?","no","Headline-style (article title)."
"lawy_0323_01","Sifat","9","মায়ের সম্পত্তিতে মেয়ে, ছেলে ও বাবার অংশ অংশ কতটুকু?","মায়ের রেখে যাওয়া সম্পত্তিতে মেয়ে, ছেলে আর বাবার ভাগ কতখানি?","no","Headline-style (article title)."
"lawy_0354_01","Sifat","10","১৬৪ ও ২২ ধারায় জবানবন্দির কপি আসামির পেতে বাঁধা কোথায়?","আসামি ১৬৪ ও ২২ ধারায় নেওয়া জবানবন্দির কপি পেতে চাইলে বাধাটা কোথায়?","no","Headline-style (article title)."
"lawy_0371_01","Sifat","9","একই বিষয় নিয়ে কি একাধিক মামলা, কি বলে আইন?","একই ঘটনা নিয়ে কি একাধিক মামলা করা যায়? আইন কী বলে?","no","Headline-style (article title)."
"lawy_0387_01","Sifat","9","স্ত্রী কর্তৃক মিথ্যা নারী নির্যাতন মামলা হলে কি করবেন!","বউ যদি মিথ্যা নারী নির্যাতনের মামলা দেয়, তাহলে কী করবেন?","no","Headline-style (article title)."
"lawy_0420_01","Sifat","10","তালাক হয়ে গেলে কিভাবে তালাক প্রত্যাহার ও পুনরায় সংসার গড়বেন","তালাক হয়ে যাওয়ার পর কীভাবে তা ফিরিয়ে নিয়ে আবার সংসার শুরু করবেন?","no","Headline-style (article title)."
"lawy_0443_01","Sifat","9","ধর্ষণের ফলে জন্ম নেয়া সন্তানের ভরণপোষণ ও দায়দায়িত্ব কার?","ধর্ষণের কারণে যে শিশুর জন্ম হয়, তার ভরণপোষণ আর দেখাশোনার দায় কার?","no","Headline-style (article title)."
"lawy_0563_01","Sifat","8","স্বামী কি স্ত্রীর বিরুদ্ধে যৌতুকের মামলা করতে পারেন?","স্বামীর পক্ষে কি বউয়ের নামে যৌতুক-মামলা দায়ের করা সম্ভব?","no","Headline-style (article title)."
"prot_0000_05","Sifat","79","আমার মা ১০ বছর আগে একটা মামলার শিকার হন সিরাজগঞ্জে। আমাদের বাসা রংপুরে হওয়ায় এবং তিনি নারী বলে এত দূর নির্দিষ্ট তারিখগুলোতে যেতে পারেননি। একপর্যায়ে মামলার পরোয়ানা জারি হয়। যিনি উকিলের সহকারী ছিলেন, তিনি মোটা অঙ্কের টাকা দাবি করে মামলার কাজ করতে চান। সামর্থ্য না থাকায় আমরা তা দিতে পারিনি। ফলে আমার মা ১০ বছর ধরে পলাতক আছেন। আর সেই উকিল বা তাঁর সহকারী কোনো রকম সহযোগিতা করতে বা কাগজপত্র দিতে রাজি নয়। আমরা কী করতে পারি? আল-অয়ন রাসেল","আমার মা ১০ বছর আগে দূরের এক জেলায় একটা মামলার আসামি হন। আমাদের বাসা অন্য এক জেলায়, তার ওপর তিনি মহিলা মানুষ—তাই মামলার নির্দিষ্ট তারিখগুলোতে অত দূরে গিয়ে হাজিরা দিতে পারেননি। একসময় মামলায় পরোয়ানা জারি হয়ে যায়। উকিলের যিনি সহকারী ছিলেন, তিনি মামলা চালানোর জন্য মোটা টাকা চেয়ে বসেন। সামর্থ্য না থাকায় আমরা সেটা দিতে পারিনি। ফলে ১০ বছর ধরে আমার মা পালিয়ে বেড়াচ্ছেন। আর সেই উকিল বা তাঁর সহকারী কোনো সাহায্য করতে বা কাগজপত্র দিতে রাজি হচ্ছেন না। আমরা এখন কী করতে পারি?","yes","Removed signature (name) and generalised the two district names (where the case is, where the family lives)."
"prot_0003_01","Sifat","118","ঢাকার একটি পাবলিক বিশ্ববিদ্যালয় এলাকায় বর্তমানে মুঠোফোন সেট চুরির ঘটনা অনেক বেড়ে গেছে। হলের নিজ নিজ কক্ষ থেকে মুঠোফোন সেট চুরি যাচ্ছে। ফলে ছাত্ররা অনিরাপদ বোধ করছেন। থানায় সাধারণ ডায়েরি করলেও কোনো প্রতিকার পাওয়া যায় না। মুঠোফোন সেট চুরির ঘটনাকে পুলিশ ও বিশ্ববিদ্যালয় প্রশাসন ছোটখাটো ঘটনা হিসেবে দেখে পাত্তা দিচ্ছে না। ফলে প্রতি মাসেই অসংখ্য মুঠোফোন সেট চুরির ঘটনা ঘটে। মুঠোফোন সেটে অনেক গুরুত্বপূর্ণ তথ্য থাকে, তাই এই চুরির ঘটনাকে খাটো করে না দেখে একই সঙ্গে নিম্ন ও নিম্নমধ্যবিত্ত শিক্ষার্থীদের কথা মাথায় রেখে আমরা এ বিষয়ের একটি প্রতিকার চাই। আমরা এই চুরির ঘটনায় মামলা করতে চাই। আমরা কীভাবে সরকারি উকিলের সাহায্য নিতে পারি এবং কীভাবে এ মামলা নিয়ে লড়তে পারি? পরামর্শ দিলে কৃতজ্ঞ থাকব। সাইফুল ইসলাম খান ঢাকা","ঢাকার একটা পাবলিক বিশ্ববিদ্যালয়ের এলাকায় এখন মোবাইল ফোন চুরির ঘটনা খুব বেড়ে গেছে। হলের নিজেদের রুম থেকেই ফোন চুরি হয়ে যাচ্ছে, তাই ছাত্ররা নিরাপদ বোধ করছে না। থানায় জিডি করেও কোনো লাভ হয় না। পুলিশ আর বিশ্ববিদ্যালয় কর্তৃপক্ষ মোবাইল চুরিকে ছোটখাটো ব্যাপার ভেবে গুরুত্বই দিচ্ছে না। ফলে প্রতি মাসে অনেক ফোন চুরি হচ্ছে। মোবাইলে অনেক জরুরি তথ্য থাকে, তাই এই চুরিকে হালকাভাবে না নিয়ে, সঙ্গে নিম্ন আর নিম্নমধ্যবিত্ত ছাত্রছাত্রীদের কথা ভেবে, আমরা এর একটা বিহিত চাই। এসব চুরির ঘটনায় আমরা মামলা করতে চাই। সরকারি উকিলের সাহায্য কীভাবে পেতে পারি, আর মামলাটা কীভাবে লড়তে পারি? পরামর্শ দিলে কৃতজ্ঞ থাকব।","yes","Removed signature (name, city)."
"prot_0005_03","Sifat","10","আমরা কীভাবে তাকে আমাদের সন্তানের মতো আমাদের সঙ্গে রাখতে পারি?","কী করলে ওকে নিজেদের সন্তানের মতো আমাদের কাছে রাখতে পারব?","no","Short follow-up fragment of the adoption letter; context in an earlier part."
"prot_0008_04","Sifat","55","একদিন একপর্যায় অনেক ঝগড়া হয় এবং আমি আমার বাপের বাড়ি চলে আসি মাস খানেক আগে। আমি আলাদা থাকার সিদ্ধান্ত নিয়েছি। তাই আমার শ্বশুরবাড়ির লোকেরা এবং আমার স্বামী আমাকে হুমকি দেন—আমার ছেলেকে নিয়ে যাবেন। তাঁরা বলেন, যদি আমি আইনের আশ্রয় নিই, তাহলেও আমি আমার সন্তানকে পাঁচ বছরের বেশি কাছে রাখতে পারব না। এখন আমার করণীয় কী?","একদিন খুব ঝগড়াঝাঁটি হওয়ার পর মাসখানেক আগে আমি বাপের বাড়ি চলে আসি। আলাদা থাকার সিদ্ধান্ত নিয়েছি। এ কারণে শ্বশুরবাড়ির লোকজন আর আমার স্বামী হুমকি দিচ্ছেন যে আমার ছেলেকে নিয়ে যাবেন। তাঁরা বলছেন, আমি আইনের আশ্রয় নিলেও ছেলেকে পাঁচ বছরের বেশি নিজের কাছে রাখতে পারব না। এখন আমার কী করা উচিত?","no","Text starts mid-story; the earlier part of the letter is not included."
"prot_0009_03","Sifat","63","পরে আমার স্বামী নিজ চেষ্টায় খরিদসূত্রে আরও কিছু সম্পত্তির মালিক হয়। এ অবস্থায় আমার দেবরেরা বিভিন্ন কথা লোকমুখে ছড়াতে থাকে। যেমন, আমাদের পুত্রসন্তান না থাকায় তারা সম্পত্তির ভাগ পাবে। কিন্তু পরে আমার স্বামী তার সব সম্পত্তি আমাকে ও তিন কন্যাকে রেজিস্ট্রি করে দেয়। আমার দেবর ও ননদেরা যদি আমার স্বামীর সম্পত্তির জন্য বাঁটোয়ারা মামলা করে, সে ক্ষেত্রে তারা কি সেই সম্পত্তির ভাগ পাবে?","পরে আমার স্বামী নিজের চেষ্টায় কিনে আরও কিছু সম্পত্তির মালিক হয়। এর মধ্যে আমার দেবরেরা লোকজনের কাছে নানা কথা ছড়াতে থাকে—যেমন, আমাদের কোনো ছেলে নেই, তাই সম্পত্তিতে ওরাও ভাগ পাবে। কিন্তু পরে আমার স্বামী তার সব সম্পত্তি আমার আর আমাদের তিন মেয়ের নামে রেজিস্ট্রি করে দেয়। এখন দেবর আর ননদেরা যদি স্বামীর সম্পত্তি নিয়ে বাটোয়ারা মামলা করে, তাহলে কি ওরা ওই সম্পত্তির ভাগ পাবে?","no","Text starts mid-story; the earlier part of the letter is not included."
"prot_0010_03","Sifat","8","বাংলাদেশে হিন্দু মেয়েদের বাবার সম্পত্তিতে অধিকার আছে কি?","বাংলাদেশে হিন্দু মেয়েরা কি বাবার সম্পত্তির ভাগ পায়?","no","Short follow-up question from a multi-part letter."
"prot_0014_01","Sifat","61","আমরা দুই বোন মায়ের ৩০ ডেসিমেল জমি কিনি। এক দাগে ছিল ১৯, আরেক দাগে ছিল ১১ ডেসিমেল। আমি ১১ ডেসিমেল জমি আমার স্বামীর নামে দানপত্র করে দিই। ১০ বছর পর স্বামী আবার আমাকে ১১ ডেসিমেল ফেরত দেয়। আমি ওই ১১ ডেসিমেল বিক্রি করে দিয়েছি। আমার প্রশ্ন হলো, আমি ১১ ডেসিমেল বিক্রি করতে পারি কি না? উল্লেখ্য, স্বামীর নামে নামজারি করা আছে","আমরা দুই বোন মিলে মায়ের ৩০ ডেসিমেল জমি কিনেছিলাম—এক দাগে ১৯ আর আরেক দাগে ১১ ডেসিমেল। ১১ ডেসিমেলের অংশটা আমি দানপত্র করে স্বামীর নামে দিয়ে দিই। ১০ বছর পর স্বামী সেই ১১ ডেসিমেল আবার আমাকে ফিরিয়ে দেয়। তারপর আমি ওই ১১ ডেসিমেল বিক্রি করে দিয়েছি। আমার জানার বিষয়, ওই ১১ ডেসিমেল বিক্রি করার অধিকার কি আমার আছে? বলে রাখি, জমিটা স্বামীর নামে নামজারি করা আছে।","no",""
"prot_0017_02","Sifat","14","আমি ও আমার ছোট ভাই কীভাবে, কোন প্রক্রিয়ায় আইনগতভাবে বাবার সম্পদের ওয়ারিশ হতে পারি?","আমি আর আমার ছোট ভাই কোন নিয়মে, কী প্রক্রিয়ায় আইন মেনে বাবার সম্পত্তির ওয়ারিশ হতে পারি?","no","Short follow-up question from a multi-part letter."
"prot_0018_02","Sifat","9","আমাদের ছেলেরা কি তার নানার সম্পত্তির কোনো অংশ পাবে?","আমাদের ছেলেরা কি ওদের নানার সম্পত্তি থেকে কোনো ভাগ পাবে?","no","Short follow-up question from a multi-part letter."
"prot_0021_02","Sifat","69","আপনার স্বামী তালাকের নির্দিষ্ট নিয়ম অনুযায়ী তাঁর দ্বিতীয় স্ত্রীকে তালাক দিতে পারেন। তবে আইন অনুযায়ী দ্বিতীয় স্ত্রী দেনমোহর ও নির্দিষ্ট সময়ের ভরণপোষণ পাবেন। আমাদের মা-বাবা জীবিত নেই। আমিই তাঁদের একমাত্র ছেলেসন্তান। আমার চার বোন আছেন, সবাই বিবাহিত। আমাদের সম্পত্তির পরিমাণ পৌনে দুই কাঠা (১ দশমিক ৭৫ কাঠা)। ইসলাম ধর্ম আইনে কীভাবে এই সম্পত্তি বণ্টন করার বিধান রয়েছে? ইসলামধর্মের আইনমতে, উত্তরাধিকারেরা নিজেরা আপস-মীমাংসা করলেও বোনেরা তা মানতে নারাজ, করণীয় কী?","আপনার স্বামী নিয়ম মেনে তালাকের প্রক্রিয়া অনুসরণ করে দ্বিতীয় স্ত্রীকে তালাক দিতে পারেন। তবে আইন অনুযায়ী দ্বিতীয় স্ত্রী দেনমোহর আর নির্দিষ্ট সময় পর্যন্ত ভরণপোষণ পাবেন। আমাদের বাবা-মা কেউ বেঁচে নেই। তাঁদের একমাত্র ছেলে আমি, আমার চার বোন আছেন, সবার বিয়ে হয়ে গেছে। আমাদের সম্পত্তি বলতে পৌনে দুই কাঠা (১ দশমিক ৭৫ কাঠা) জমি। ইসলামি আইনে এই সম্পত্তি কীভাবে ভাগ হওয়ার কথা? ওয়ারিশরা নিজেরা আপসে একটা ভাগাভাগি ঠিক করলেও বোনেরা সেটা মানতে চাইছেন না—এখন কী করব?","no","Starts with the columnist's reply to an earlier question; the new question begins at 'আমাদের বাবা-মা কেউ বেঁচে নেই'."
"prot_0025_05","Sifat","12","মাকেও সন্তানের সান্নিধ্য থেকে বঞ্চিত করতে চাই না, এ ক্ষেত্রে কী করণীয়?","বাচ্চাকে কাছে পাওয়া থেকে মাকেও বঞ্চিত করতে চাই না—এ অবস্থায় কী করা উচিত?","no","Short follow-up fragment; context in an earlier part of the letter."
"prot_0026_04","Sifat","63","১৫-১৬ বছর ধরে আমার ভাই মানসিক রোগে আক্রান্ত। সে ছয় বছর ধরে পাবনা মানসিক হাসপাতালে চিকিৎসা নিচ্ছে। সে বিবাহিত এবং তার একটি ১২ বছর বয়সী মেয়েও আছে। কিন্তু সাত বছর ধরে স্ত্রীর সঙ্গে তার কোনো দাম্পত্য সম্পর্ক নেই। আবার তাদের তালাকও হয়নি। আমি জানতে চাই, তারা কি এখনো বিবাহিত দম্পতি হিসেবে বিবেচিত হবে? তাদের বিয়েটা কি বৈধ আছে? নাম ও ঠিকানা প্রকাশে অনিচ্ছুক","১৫-১৬ বছর ধরে আমার ভাই মানসিক রোগে ভুগছে। ছয় বছর ধরে একটা সরকারি মানসিক হাসপাতালে তার চিকিৎসা চলছে। সে বিবাহিত, ১২ বছরের একটা মেয়েও আছে। কিন্তু সাত বছর ধরে বউয়ের সঙ্গে তার কোনো দাম্পত্য সম্পর্ক নেই, আবার তালাকও হয়নি। আমি জানতে চাই, ওরা কি এখনো স্বামী-স্ত্রী হিসেবে গণ্য হবে? ওদের বিয়েটা কি এখনো বৈধ আছে?","yes","Generalised the named hospital; dropped the 'name and address withheld' sign-off."
"prot_0030_01","Sifat","105","আমার বয়স পঁয়তাল্লিশ বছর। বিয়ের বয়স ২৭ বছর। বিয়ের পর থেকেই স্বামীর নানা রকম অত্যাচার সহ্য করে আসছি। কখনো মুখ খুলিনি সংসার ভাঙার ভয়ে। গত বছর অক্টোবর মাসে সে আমাকে মেরে বাড়ি থেকে তাড়িয়ে দেয়। আমি আমার বাবার সংসারে ফিরে আসি। এরপর এক বছরেরও বেশি সময় পার হয়ে গেছে আমার কোনো খোঁজখবর নেয়নি এবং ভরণপোষণ দেয়নি। ইতিমধ্যে শুনতে পাই সে নাকি আমাকে আদালতে তালাক দিয়েছে এবং টাকাপয়সা আদালতে জমা দিয়েছে। কিন্তু আমার হাতে কোনো কাগজপত্র আসেনি। সে অন্যত্র বিয়েও করেছে। এ মুহূর্তে আমি কী করব? আমার অজান্তে কি কোর্ট আমার টাকাপয়সা জমা রাখতে পারেন? কাবিননামা গায়েব করেছে সে। কাবিননামা ছাড়া কি আদালতে মামলা করতে পারব","আমার বয়স পঁয়তাল্লিশ, বিয়ে হয়েছে ২৭ বছর আগে। বিয়ের পর থেকেই স্বামীর নানা রকম অত্যাচার মুখ বুজে সয়ে এসেছি, সংসার ভেঙে যাবে এই ভয়ে কখনো কিছু বলিনি। গত বছরের অক্টোবরে সে আমাকে মারধর করে বাড়ি থেকে বের করে দেয়। আমি বাবার সংসারে ফিরে আসি। এরপর এক বছরের বেশি সময় কেটে গেছে, সে আমার কোনো খোঁজ নেয়নি, খরচও দেয়নি। এর মধ্যে শুনছি, সে নাকি আদালতে আমাকে তালাক দিয়েছে আর টাকাপয়সা আদালতে জমা রেখেছে। কিন্তু আমার হাতে কোনো কাগজ আসেনি। সে অন্য জায়গায় বিয়েও করেছে। এখন আমি কী করব? আমাকে না জানিয়ে কি আদালত আমার টাকাপয়সা জমা রাখতে পারে? কাবিননামাটাও সে গায়েব করে দিয়েছে। কাবিননামা ছাড়া কি আদালতে মামলা করতে পারব?","no",""
"prot_0032_01","Sifat","37","এ কথা বলে শারীরিক সম্পর্ক চালিয়ে যায়। কিন্তু এখন বিয়ে করতে অস্বীকৃতি জানাচ্ছে। গ্রামে তার মাকে বলেছে মেয়ে দেখতে। আমি ওকে ছাড়া বাঁচতে পারব না। আমি হিন্দু হয়ে মুসলিম ছেলের বিরুদ্ধে কি আইনি কোনো ব্যবস্থা নিতে পারব?","এসব বলে সে শারীরিক সম্পর্ক চালিয়ে গেছে। কিন্তু এখন বিয়ে করতে রাজি হচ্ছে না। গ্রামে ওর মাকে বলেছে পাত্রী খুঁজতে। ওকে ছাড়া আমি বাঁচব না। আমি হিন্দু, একজন মুসলমান ছেলের বিরুদ্ধে কি আমি কোনো আইনি ব্যবস্থা নিতে পারব?","no","Text starts mid-story; the earlier part of the letter is not included."
"prot_0035_01","Sifat","47","আমি একজন গৃহিণী এবং তিন সন্তানের মা। আমার স্বামী আমাকে না জানিয়ে ঢাকায় বিয়ে করেছেন। এখন আমাদের ভরণপোষণ দেওয়া বন্ধ করে দিয়েছেন। আমি গ্রামের চেয়ারম্যানকে বিষয়টি জানালে তিনি আমাদের স্বামী-স্ত্রীর সই একটি সাদা স্ট্যাম্পে রেখে তিন মাস পর সিদ্ধান্ত নেবেন বলে জানিয়েছেন। এখন আমার কী করা উচিত?","আমি গৃহিণী, তিন ছেলেমেয়ের মা। আমাকে কিছু না জানিয়ে আমার স্বামী ঢাকায় আরেকটা বিয়ে করেছেন। এখন আমাদের খরচ দেওয়াও বন্ধ করে দিয়েছেন। গ্রামের চেয়ারম্যানকে ব্যাপারটা জানালে তিনি আমাদের স্বামী-স্ত্রী দুজনের সই একটা সাদা স্ট্যাম্পে নিয়ে রেখেছেন, বলেছেন তিন মাস পর সিদ্ধান্ত দেবেন। এখন আমার কী করা উচিত?","no",""
"prot_0036_05","Sifat","62","আমি চার বছর ধরে এক মেয়েকে ভালোবাসি। সেও আমাকে ভালোবাসে। একপর্যায়ে আমার পরিবার মেয়ের বাসায় বিয়ের প্রস্তাব নিয়ে যায়। কিন্তু তার পরিবার রাজি হয়নি। এখন আমরা বিয়ে করতে চাই। কিন্তু মেয়েটির বয়স ১৮ বছর হয়নি। জন্মনিবন্ধন অনুযায়ী তার বয়স ১৭ বছর আট মাস। আমি কি তার ১৮ বছর বয়স হলে বিয়ে করতে পারব। পরে মেয়েটির পরিবার আমাদের কোনো ক্ষতি করতে পারবে কি?রহমতদিনাজপুর","চার বছর ধরে একটা মেয়েকে ভালোবাসি, সেও আমাকে ভালোবাসে। একসময় আমার বাড়ির লোকজন মেয়ের বাসায় বিয়ের প্রস্তাব নিয়ে যায়, কিন্তু ওর পরিবার রাজি হয়নি। এখন আমরা নিজেরা বিয়ে করতে চাই। সমস্যা হলো, মেয়েটির বয়স এখনো ১৮ হয়নি; জন্মনিবন্ধন অনুযায়ী ওর বয়স ১৭ বছর আট মাস। ওর বয়স ১৮ হলে কি আমি ওকে বিয়ে করতে পারব? পরে মেয়ের পরিবার কি আমাদের কোনো ক্ষতি করতে পারবে?","yes","Removed signature (name, district)."
"prot_0037_02","Sifat","11","আর আমার মা জমিটা না দিলে নানি কি তা নিতে পারবেন?","আর মা যদি জমিটা ফেরত না দেন, তাহলে কি নানি সেটা নিয়ে নিতে পারবেন?","no","Short follow-up fragment; context in an earlier part of the letter."
"prot_0038_02","Sifat","69","আমার খালার দুই মেয়ে ও এক ছেলে। সাত বছর আগে খালু আমার খালার অনুমতি ছাড়াই দ্বিতীয় বিয়ে করেন। বিষয়টি সালিসের মাধ্যমে সমাধানের চেষ্টা করা হয়েছিল; কিন্তু খালুর অপকৌশলের কারণে হয়নি। পরে এটি আদালত পর্যন্ত গড়ায়। সেখানেও মামলাটি শিথিল হয়ে যায়। এখন খালু খালাকে ভরণপোষণ দিচ্ছেন না। তিনি তাঁর দ্বিতীয় স্ত্রীর সঙ্গে থাকছেন। আইনি জটিলতা ছাড়া (মামলা-মোকদ্দমা) এ ধরনের লোকদের শাস্তি এবং ভরণপোষণ দিতে বাধ্য করার জন্য কী করা যায়?","আমার খালার দুই মেয়ে আর এক ছেলে। সাত বছর আগে খালু খালার অনুমতি না নিয়েই আরেকটা বিয়ে করেন। সালিস বসিয়ে ব্যাপারটা মেটানোর চেষ্টা হয়েছিল, কিন্তু খালুর চালাকির কারণে তা হয়নি। পরে বিষয়টা আদালত পর্যন্ত যায়, সেখানেও মামলাটা ঢিলেঢালা হয়ে পড়ে। এখন খালু খালাকে কোনো খরচ দিচ্ছেন না, দ্বিতীয় বউকে নিয়ে থাকছেন। মামলা-মোকদ্দমার ঝামেলায় না গিয়ে এমন লোকদের শাস্তি দেওয়া আর খরচ দিতে বাধ্য করার জন্য কী করা যায়?","no",""
"prot_0039_03","Sifat","102","আমার বড় ভাই প্রথম স্ত্রী মারা যাওয়ার পর আবার বিয়ে করেন। যাঁকে বিয়ে করেন, তিনি তালাকপ্রাপ্তা ছিলেন। সেই সময় তাঁর গর্ভে তিন মাসের সন্তান ছিল। বিয়ের সময় তিনি এসব গোপন করেছিলেন। বিয়ের কিছুদিন পর আমার ভাই জানতে পারেন এসব কথা। তখন ভাবিকে তালাক দিতে চাইলে তিনি আমাদের নামে যৌতুক ও নারী নির্যাতন মামলা করেন। বিয়ের সাত মাস পর তিনি একটি পুত্রসন্তান প্রসব করেন। এখন মামলা চলাকালীন সময়ে তাঁকে তালাক দিলে আমাদের কোনো রকম অসুবিধা হবে কি? দেনমোহরের পুরো এক লাখ টাকা দিতে হবে কি? নাম প্রকাশে অনিচ্ছুক @ মামলা চলাকালে তালাক প্রদানে আইনগত কোনো বাধা নেই। তবে দেনমোহরের পুরো অর্থ মহিলার প্রাপ্য","আমার বড় ভাইয়ের প্রথম স্ত্রী মারা যাওয়ার পর তিনি আবার বিয়ে করেন। যাঁকে বিয়ে করেন, তাঁর আগে তালাক হয়েছিল, আর তখন তিনি তিন মাসের অন্তঃসত্ত্বা ছিলেন। বিয়ের সময় এসব কথা তিনি লুকিয়েছিলেন। বিয়ের কিছুদিন পর ভাই সব জানতে পারেন। তখন ভাই ভাবিকে তালাক দিতে চাইলে ভাবি আমাদের নামে যৌতুক আর নারী নির্যাতনের মামলা করে দেন। বিয়ের সাত মাসের মাথায় তিনি একটি ছেলের জন্ম দেন। এখন মামলা চলার মধ্যে তাঁকে তালাক দিলে কি আমাদের কোনো সমস্যা হবে? দেনমোহরের পুরো এক লাখ টাকাই কি দিতে হবে? উত্তর: মামলা চলার সময় তালাক দিতে আইনে কোনো বাধা নেই। তবে দেনমোহরের পুরো টাকাটাই মহিলার পাওনা।","no","The columnist's short reply is glued after the question; kept it after 'উত্তর:' so it can be cut. Dropped the 'name withheld' sign-off."
"prot_0042_01","Sifat","170","আমি ২০০৭ সালে বিয়ে করি, তখন আমার স্ত্রী ছিল অপ্রাপ্তবয়স্ক। এ জন্য আমার এক পরিচিত উকিলের পরামর্শ নিই। তিনি আমাকে জানান, এখন বিয়ে করলে বাল্যবিবাহ হবে, এটা শাস্তিযোগ্য অপরাধ। তবে বিয়ে নিবন্ধন হলে তা বাতিল হবে না।যেহেতু বাতিল হবে না, তাই আমরা বিয়ে করি। এর পর থেকে আমরা গোপনে দাম্পত্য জীবনযাপন করতে থাকি। বছর দুয়েক পর বিষয়টি জানাজানি হয় এবং আমার স্ত্রীকে তার অভিভাবকেরা তালাক দেওয়ার জন্য শারীরিক ও মানসিক নির্যাতন শুরু করে। ২০০৯ সালে সে আমাকে একটি তালাকের নোটিশ পাঠায় ও আমার সঙ্গে যোগাযোগ বন্ধ করে দেয়। আমি তালাকের নোটিশ নিয়ে আমার পরিচিত সেই উকিলের কাছে গেলে তিনি আমাকে বলেন, ‘কাবিনের ১৮ নম্বর কলামের শর্ত অনুযায়ী আপনার স্ত্রীকে তালাকের ক্ষমতা প্রদান করা হয়নি। তাই আমি যদি রাজি না থাকি, তাহলে তালাক কার্যকর করা যাবে না। এ ক্ষেত্রে আপনার স্ত্রীকে তালাকের জন্য আদালতে মামলা করতে হবে।’আমার প্রশ্ন, আদৌ তালাক হয়েছে কি না? ভবিষ্যতে তার আমাকে স্বামী হিসেবে দাবি করার আইনি অধিকার আছে কি না? যেহেতু তার সঙ্গে সম্পর্ক নেই, তাই আমি এখনই আবার বিয়ে করতে পারি কি না?নাম প্রকাশে অনিচ্ছুক","২০০৭ সালে আমি বিয়ে করি, তখন আমার বউ ছিল নাবালিকা। তাই চেনা এক উকিলের পরামর্শ নিয়েছিলাম। তিনি বলেছিলেন, এখন বিয়ে করলে সেটা বাল্যবিবাহ হবে, যা শাস্তিযোগ্য অপরাধ; তবে বিয়ে নিবন্ধন হয়ে গেলে সেটা বাতিল হবে না। বাতিল হবে না জেনে আমরা বিয়ে করে ফেলি। তারপর থেকে লুকিয়ে স্বামী-স্ত্রী হিসেবে সংসার করতে থাকি। বছর দুয়েক পর ব্যাপারটা জানাজানি হয়ে যায়, আর আমাকে তালাক দেওয়ানোর জন্য ওর অভিভাবকেরা ওর ওপর শারীরিক ও মানসিক নির্যাতন শুরু করে। ২০০৯ সালে সে আমাকে একটা তালাকের নোটিশ পাঠায় আর আমার সঙ্গে যোগাযোগ বন্ধ করে দেয়। নোটিশটা নিয়ে সেই চেনা উকিলের কাছে গেলে তিনি বলেন, ‘কাবিনের ১৮ নম্বর কলামের শর্তে আপনার স্ত্রীকে তালাক দেওয়ার ক্ষমতা দেওয়া হয়নি। তাই আপনি রাজি না থাকলে এই তালাক কার্যকর হবে না; তালাক চাইলে আপনার স্ত্রীকে আদালতে মামলা করতে হবে।’ আমার প্রশ্ন, আসলে কি তালাক হয়েছে? ভবিষ্যতে সে কি আমাকে স্বামী হিসেবে দাবি করার আইনগত অধিকার রাখে? ওর সঙ্গে যেহেতু এখন কোনো সম্পর্ক নেই, আমি কি এখনই আবার বিয়ে করতে পারি?","no","Dropped the 'name withheld' sign-off."
"prot_0044_01","Sifat","88","আমার শ্বশুরের তিন মেয়ে। কোনো ছেলে নেই। তিনি পালক হিসেবে একটি ছেলে নেন। এখন ছেলেটি একটি চাকরি করেন, স্ত্রী-সন্তান নিয়ে আলাদা থাকেন। তিনি আমার শ্বশুর-শাশুড়ির দেখাশোনা করেন না। কয়েক বছর আগে আমার শ্বশুর তাঁর নামে কিছু জমি দলিল করে দিয়েছেন। কিন্তু দলিলে তাঁর পিতার নামের জায়গায় আমার শ্বশুরের নাম দেওয়া হয়েছে। কিন্তু আমার শ্বশুর তো তাঁর জন্মদাতা পিতা নন। তাহলে সেই দলিল বৈধ হয়েছে কি না, যদি হয়ে থাকে তাহলে তা কীভাবে প্রত্যাহার করা যায়? আমার শ্বশুর সিদ্ধান্ত নিয়েছেন সেই জমি ফেরত আনার জন্য। মো. নাসির উদ্দিন আহমেদ","আমার শ্বশুরের তিন মেয়ে, কোনো ছেলে নেই। তিনি একটা ছেলেকে পালক হিসেবে নিয়েছিলেন। ছেলেটি এখন চাকরি করেন, বউ-বাচ্চা নিয়ে আলাদা থাকেন, আমার শ্বশুর-শাশুড়ির কোনো দেখাশোনা করেন না। কয়েক বছর আগে শ্বশুর ওনার নামে কিছু জমি দলিল করে দিয়েছিলেন। দলিলে ওনার বাবার নামের জায়গায় আমার শ্বশুরের নাম লেখা হয়েছে, অথচ শ্বশুর তো ওনার জন্মদাতা বাবা নন। তাহলে সেই দলিল কি বৈধ হয়েছে? বৈধ হয়ে থাকলে সেটা ফিরিয়ে নেওয়া যায় কীভাবে? শ্বশুর ঠিক করেছেন, জমিটা তিনি ফেরত নেবেন।","yes","Removed signature (name)."
"prot_0046_03","Sifat","74","২০০৬ সালে প্রেম করে একটা ছেলের সঙ্গে কোর্টে গিয়ে আমাদের বিয়ে হয়। ২০০৭ সালে ও আমাদের বাড়ি থেকে চলে যায়। গিয়ে আমার অজান্তে আবার বিয়ে করে। সেখানে ওর একটি ছেলে হয়। এ পর্যন্ত আমার কোনো খোঁজখবর নেয়নি। আমার জন্য আমার মা-বাবা বিয়ে ঠিক করেছেন। কিন্তু ওই ছেলের সঙ্গে আমার এখনো ছাড়াছাড়ি হয়নি। আমি এখন কী করব? মা-বাবার পছন্দের ছেলেকে বিয়ে করতে পারব, না ওকে ডিভোর্স দিয়ে করতে হবে। এ ব্যাপারে পরামর্শ চাই। আঁখি আক্তারনারায়ণগঞ্জ","২০০৬ সালে প্রেম করে একটা ছেলের সঙ্গে আদালতে গিয়ে বিয়ে করি। ২০০৭ সালে সে আমাদের বাড়ি ছেড়ে চলে যায়, আর গিয়ে আমাকে না জানিয়ে আবার বিয়ে করে। সেই ঘরে ওর একটা ছেলেও হয়েছে। এত দিনে সে আমার কোনো খোঁজই নেয়নি। এখন মা-বাবা আমার বিয়ে ঠিক করেছেন। কিন্তু ওই ছেলের সঙ্গে আমার এখনো ছাড়াছাড়ি হয়নি। আমি এখন কী করব? মা-বাবার পছন্দের ছেলেকে কি এমনিই বিয়ে করতে পারব, নাকি আগে ওকে ডিভোর্স দিয়ে তারপর করতে হবে? এ ব্যাপারে পরামর্শ চাই।","yes","Removed signature (name, district)."
"prot_0048_01","Sifat","98","আমি বিদেশে চাকরি করছি। দেশের বাইরে থাকাকালীন আমার মা-বাবা বাংলাদেশে আমার জন্য মেয়ে দেখেন এবং মোবাইল ফোনের মাধ্যমে আমাদের আকদ হয়। এর কিছুদিন পরে মেয়ে জানায় সে আমার সঙ্গে সংসার করবে না। তখনো আমি বিদেশে। এরপর আমি বাংলাদেশে এসে মেয়ের সঙ্গে যোগাযোগ করি এবং মেয়েকে বোঝানোর চেষ্টা করি। কিন্তু সে সংসার করতে রাজি নয়। সে আমাকে তালাক দেবে। কিন্তু তাকে ঘরে তুলে নিয়ে যাওয়া হয়নি এবং তার সঙ্গে আমার শারীরিক সম্পর্কও হয়নি। কাবিনের কাগজে আমি কোনো সইও করিনি। এ ক্ষেত্রে মেয়ে যদি আমাকে তালাক দেয়, তাহলে আমাকে কি মোহরানা দিতে হবে? এবং আমাদের আকদ হয়েছে কি?মো. নূর ইসলামচট্টগ্রাম","আমি বিদেশে চাকরি করি। আমি দেশের বাইরে থাকার সময় মা-বাবা বাংলাদেশে আমার জন্য মেয়ে দেখেন, আর মোবাইল ফোনেই আমাদের আকদ হয়ে যায়। কিছুদিন পর মেয়েটি জানায়, সে আমার সঙ্গে সংসার করবে না। তখনো আমি বিদেশে। পরে দেশে এসে মেয়েটির সঙ্গে যোগাযোগ করে ওকে বোঝানোর চেষ্টা করি, কিন্তু সে সংসার করতে রাজি না, আমাকে তালাক দেবে বলছে। অথচ ওকে এখনো ঘরে তুলে আনা হয়নি, ওর সঙ্গে আমার শারীরিক সম্পর্কও হয়নি। কাবিনের কাগজে আমি কোনো সইও দিইনি। এমন অবস্থায় মেয়েটি আমাকে তালাক দিলে কি আমাকে মোহরানা দিতে হবে? আর আমাদের আকদটা কি আসলে হয়েছে?","yes","Removed signature (name, district)."
"prot_0049_03","Sifat","93","আমি একজন ব্যবসায়ী। ২০০২ সালে আমার চাচাতো বোনকে বিয়ে করি। আমাদের প্রায় আট বছর বয়সী একটি ছেলে আছে। আজ থেকে প্রায় চার মাস আগে স্ত্রী আমার সঙ্গে ঝগড়া করে বাবার বাড়ি চলে যায়। আমি পরিবারের সবাইকে নিয়ে অনেকবার তাকে আনতে যাই। এতে কোনো লাভ হয়নি। সে আমাকে তালাক দেবে। এ জন্য উকিল নোটিশ পাঠিয়েছে। স্ত্রী আমাকে ফোন করে বলে, তালাকের পর নাকি ছেলেকে আমার কাছ থেকে নিয়ে যাবে। আমি জানতে চাই, আমার স্ত্রী তো ছেলেকে রেখে চলে গেল; তালাক হয়ে গেলে ছেলেকে কি ও পাবে, না আমি পাব? জানালে উপকৃত হব।নাম প্রকাশে অনিচ্ছুক","আমি ব্যবসা করি। ২০০২ সালে আমার চাচাতো বোনকে বিয়ে করি। আমাদের প্রায় আট বছরের একটা ছেলে আছে। মাস চারেক আগে স্ত্রী আমার সঙ্গে ঝগড়া করে বাবার বাড়ি চলে যায়। পরিবারের সবাইকে নিয়ে অনেকবার ওকে ফিরিয়ে আনতে গিয়েছি, কোনো লাভ হয়নি। সে আমাকে তালাক দেবে বলে উকিল নোটিশ পাঠিয়েছে। ফোন করে বলছে, তালাকের পর ছেলেকে নাকি আমার কাছ থেকে নিয়ে যাবে। আমি জানতে চাই, ছেলেকে তো ও রেখেই চলে গেছে; তালাক হয়ে গেলে ছেলে কার কাছে থাকবে—ওর কাছে, না আমার কাছে? জানালে উপকার হবে।","no","Dropped the 'name withheld' sign-off."
"prot_0051_01","Sifat","124","আমার বড় বোনের বিয়ের কয়েক বছর পর দুলাভাইয়ের সঙ্গে তাঁর নানা সমস্যা তৈরি হয়। শ্বশুরবাড়ির অত্যাচার সইতে না পেরে তিনি বাপের বাড়ি চলে আসেন। তখন সন্তানসম্ভবা। কয়েক দিন পর তাঁর একটি মেয়ে হয়। বোন খুবই অসুস্থ ছিলেন। ছয় দিন পর আমার বোন মারা যান। তাঁর শ্বশুরবাড়ির লোকেরা তাঁকে দেখতে বা তাঁর জানাজাতেও আসেনি। এখন দুলাভাই বলেন, এই সন্তান নাকি তাঁর না, এই সন্তান নাকি অবৈধ সন্তান, এই সন্তানের পরিচয় তাঁরা কোনো দিন দেবেন না। আমাদের সঙ্গে কোনো যোগাযোগ তাঁরা করেননি। বিভিন্ন লোকের কাছে বলে বেড়ান এসব কথা। আমাদের বদনাম করেন। আমার বোনের একটি ছেলে আছে ১৩ বছরের। মেয়েটির বয়স এখন ২০ মাস, এই ২০ মাসে তাঁদের কোনো লোকজন মেয়েটিকে দেখতেও আসেনি। তা হলে এই মেয়েটির বাবা কে? কোন পরিচয়ে সে বড় হবে।মো. আশরাফুল হক","বিয়ের কয়েক বছর পর থেকে দুলাভাইয়ের সঙ্গে আমার বড় বোনের নানা ঝামেলা শুরু হয়। শ্বশুরবাড়ির অত্যাচার সহ্য করতে না পেরে বোন বাপের বাড়ি চলে আসেন, তখন তিনি অন্তঃসত্ত্বা। কয়েক দিন পর তাঁর একটা মেয়ে হয়। বোনের শরীর খুব খারাপ ছিল, ছয় দিনের মাথায় তিনি মারা যান। শ্বশুরবাড়ির কেউ তাঁকে দেখতে আসেনি, জানাজাতেও আসেনি। এখন দুলাভাই বলছেন, এই বাচ্চা নাকি তাঁর না, এটা নাকি অবৈধ সন্তান, এর পরিচয় তাঁরা কোনো দিনও দেবেন না। আমাদের সঙ্গে ওঁরা কোনো যোগাযোগই করেননি, উল্টো নানা লোকের কাছে এসব কথা বলে আমাদের বদনাম করে বেড়াচ্ছেন। আমার বোনের ১৩ বছরের একটা ছেলেও আছে। মেয়েটির বয়স এখন ২০ মাস, এই ২০ মাসে ওদের বাড়ির কেউ বাচ্চাটাকে একবার দেখতেও আসেনি। তাহলে এই মেয়ের বাবা কে? কোন পরিচয়ে সে বড় হবে?","yes","Removed signature (name)."
"prot_0052_04","Sifat","46","আমি বাবা-মায়ের একমাত্র পুত্রসন্তান। আমার ছোট দুটি বোন আছে। ২০০৫ সালে আমি ধর্মান্তরিত হয়ে পরিবার থেকে আলাদা বসবাস করছি। পরিবারের কারও সঙ্গে যোগাযোগ নেই। কিছুদিন আগে আমার বাবা মারা গেছেন। শুনেছি, বাবার অবর্তমানে যে সম্পত্তি আছে, সেটা নাকি তাঁর ভাতিজারা পাবেন। এটা কতটুকু সত্যি?নাম প্রকাশে অনিচ্ছুকপাবনা","আমি বাবা-মায়ের একমাত্র ছেলে, আমার দুটি ছোট বোন আছে। ২০০৫ সালে ধর্ম বদলানোর পর থেকে পরিবার ছেড়ে আলাদা থাকি, বাড়ির কারও সঙ্গে যোগাযোগ নেই। কিছুদিন আগে বাবা মারা গেছেন। শুনছি, বাবার রেখে যাওয়া সম্পত্তি নাকি তাঁর ভাতিজারা পাবে। কথাটা কতখানি ঠিক?","yes","Removed district in the sign-off ('name withheld' + district)."
"prot_0053_04","Sifat","70","আমার স্বামী মারা গেছেন ১৯৯১ সালে। তখন তাঁর মা-বাবা জীবিত ছিলেন। এখন আমার স্বামীর মা-বাবা দুজনই মৃত। আমার স্বামী কিছু সম্পত্তি কিনে নিজ নামে নিবন্ধন করেছিলেন। তাঁর নামেই নামজারি আছে। মা-বাবা মারা যাওয়ার পর স্বামীর ভাইয়েরা তাঁর সম্পত্তির তিন ভাগের এক ভাগ দাবি করছেন।আমার স্বামীর ওয়ারিশ হিসেবে আমি এবং আমার দুই ছেলে ও দুই মেয়ে রয়েছে। এখন এই সম্পত্তি কি শুধু আমরা পাব? না তাঁর ভাইয়েরাও আংশিক পাবে?নাম প্রকাশে অনিচ্ছুক","আমার স্বামী মারা গেছেন ১৯৯১ সালে, তখন তাঁর বাবা-মা বেঁচে ছিলেন। এখন শ্বশুর-শাশুড়ি দুজনেই মারা গেছেন। আমার স্বামী নিজে কিছু সম্পত্তি কিনে নিজের নামে রেজিস্ট্রি করেছিলেন, নামজারিও তাঁর নামেই আছে। শ্বশুর-শাশুড়ি মারা যাওয়ার পর স্বামীর ভাইয়েরা সেই সম্পত্তির তিন ভাগের এক ভাগ দাবি করছেন। স্বামীর ওয়ারিশ বলতে আছি আমি, আমার দুই ছেলে আর দুই মেয়ে। এখন কি এই সম্পত্তি শুধু আমরাই পাব, নাকি তাঁর ভাইয়েরাও কিছু অংশ পাবেন?","no","Dropped the 'name withheld' sign-off."
"prot_0054_04","Sifat","102","পরিবারের সদস্যদের মধ্যে আমি ছোট এবং শিক্ষাগত যোগ্যতার (স্নাতকোত্তর) দিক দিয়ে এগিয়ে। আর আমার বাবা, মা ও ভাই গোঁড়ামির দিক দিয়ে এগিয়ে। তাঁরা বলেন, মেয়েদের বাবা, ভাই বা স্বামী ছাড়া চলাফেরা করা উচিত নয়। তাঁরা আমার বন্ধুদের সঙ্গে মেশাকে অস্বাভাবিক চোখে দেখেন এবং বন্ধুবান্ধবদের সঙ্গে চাকরির পরীক্ষা দিতে যেতে দেন না। এমনকি চাকরি পছন্দের ক্ষেত্রেও আমার মতামতের মূল্য দেওয়া হয় না। বিভিন্ন কারণে আমি স্বাধীনতাহীনতা, অধিকারহীনতা ও নিরাপত্তাহীনতা অনুভব করছি, যা একজন প্রাপ্তবয়স্ক হিসেবে আমার পক্ষে মেনে নেওয়া অসম্ভব। আমি তাঁদের বিরুদ্ধে আইনি সহায়তায় যেতে চাই। দেশে কি কোনো কার্যকর আইন আছে অভিভাবকের বিরুদ্ধে লড়ার? কীভাবে এগোলে আমি আমার প্রাপ্য অধিকার পাব?আরিফুনরাজশাহী","পরিবারে আমি সবার ছোট, আর পড়াশোনায় (স্নাতকোত্তর) সবার চেয়ে এগিয়ে। অন্যদিকে আমার বাবা, মা আর ভাই গোঁড়ামিতে এগিয়ে। তাঁদের কথা, মেয়েদের বাবা, ভাই বা স্বামী ছাড়া বাইরে চলাফেরা করা ঠিক না। বন্ধুদের সঙ্গে মেলামেশাকে তাঁরা খারাপ চোখে দেখেন, বন্ধুদের সঙ্গে চাকরির পরীক্ষা দিতে যেতেও দেন না। এমনকি কোন চাকরি করব, সেখানেও আমার মতের কোনো দাম দেওয়া হয় না। নানা কারণে নিজেকে স্বাধীনতাহীন, অধিকারহীন আর অনিরাপদ মনে হচ্ছে, যা একজন প্রাপ্তবয়স্ক মানুষ হিসেবে মেনে নেওয়া আমার পক্ষে অসম্ভব। আমি তাঁদের বিরুদ্ধে আইনের সাহায্য নিতে চাই। অভিভাবকের বিরুদ্ধে লড়ার মতো কোনো কার্যকর আইন কি দেশে আছে? কীভাবে এগোলে আমার প্রাপ্য অধিকার আদায় করতে পারব?","yes","Removed signature (name, district)."
"prot_0056_02","Sifat","53","একটি সরকারি নির্মাণ অধিদপ্তরের তালিকাভুক্ত ঠিকাদার গত বছর মারা যান। তিনি তাঁর ছেলেকে এফিডেভিটের মাধ্যমে প্রতিষ্ঠানের ব্যবস্থাপনা পরিচালক হিসেবে মনোনীত করে গেছেন। কিন্তু অধিদপ্তরের ঊর্ধ্বতন কর্তৃপক্ষকে বিষয়টি না জানিয়ে অথবা আইনানুগ অনুমতি ছাড়াই তাঁর ছেলে ঠিকাদারি প্রতিষ্ঠানটি চালাচ্ছেন। চুক্তি সম্পাদনে বা মৃত ঠিকাদারের নামে চেক ইস্যুতে কোনো আইনি বাধা আছে কি?নাম প্রকাশে অনিচ্ছুক","সরকারের একটা নির্মাণ অধিদপ্তরে নাম লেখানো এক ঠিকাদার গত বছর মারা গেছেন। হলফনামা দিয়ে তিনি তাঁর ছেলেকে প্রতিষ্ঠানের এমডি (ব্যবস্থাপনা পরিচালক) করে গেছেন। কিন্তু অধিদপ্তরের বড় কর্তাদের কিছু না জানিয়ে, বা আইন মেনে অনুমতি না নিয়েই ছেলে ঠিকাদারি ব্যবসাটা চালাচ্ছেন। এ অবস্থায় চুক্তি সই করা বা মারা যাওয়া ঠিকাদারের নামে চেক ইস্যু করায় কি আইনের কোনো বাধা আছে?","no","Dropped the 'name withheld' sign-off."
"prot_0058_02","Sifat","85","আমার বোনের সন্তান ছিল না, আত্মীয়স্বজনের পরামর্শে একটি মেয়েশিশু দত্তক নেওয়ার কয়েক বছর পর তাঁর একটি কন্যাসন্তান জন্ম নেয়। দত্তক নেওয়া মেয়েটিকে তিনি নিজের মেয়ের মতো আদর, ভালোবাসা ও অধিকার দিয়ে বড় করেছেন। ধুমধাম করে পালিত মেয়েটির বিয়ে দিয়েছেন এবং তার দুই মেয়ে হয়েছে। বোন সরকারি চাকরি করেন, আর পাঁচ-ছয় বছর পর অবসরে যাবেন। তিনি চান, তাঁর সব অর্থ, সম্পদ দুই মেয়ের মধ্যে সমানভাবে দিয়ে যেতে, যাতে তাঁর অবর্তমানে পালিত মেয়ে কোনো অংশ থেকে বঞ্চিত না হয়। তাঁর পুত্রসন্তান নেই। এ জন্য কী করতে হবে?","আমার বোনের কোনো সন্তান ছিল না। আত্মীয়স্বজনের পরামর্শে তিনি একটা মেয়েশিশু দত্তক নেন, আর তার কয়েক বছর পর তাঁর নিজের একটা মেয়ে হয়। দত্তক নেওয়া মেয়েটিকে তিনি নিজের মেয়ের মতোই আদর-ভালোবাসা আর অধিকার দিয়ে মানুষ করেছেন। বেশ ধুমধাম করে পালিত মেয়ের বিয়েও দিয়েছেন, তার এখন দুটি মেয়ে। বোন সরকারি চাকরি করেন, আর পাঁচ-ছয় বছর পর অবসরে যাবেন। তিনি চান তাঁর সব টাকাপয়সা আর সম্পদ দুই মেয়ের মধ্যে সমান ভাগ করে দিয়ে যেতে, যাতে তিনি না থাকলে পালিত মেয়ে কোনো ভাগ থেকে বঞ্চিত না হয়। তাঁর কোনো ছেলে নেই। এর জন্য কী করতে হবে?","no",""
"prot_0059_04","Sifat","114","আমরা তিন ভাই ও এক বোন। আমরা যখন ছোট ছিলাম, আমার বাবা আমাদের বাড়ির এক কাজের মেয়েকে বিয়ে করেছিলেন। ওই পক্ষের একটি পুত্রসন্তানও হয়েছিল আমাদের বাড়িতেই। এর কিছুদিন পরই একদিন গ্রাম্য সালিসের মাধ্যমে আমার বাবা ওই মেয়েটিকে তালাক দেন। সালিসে আমার বাবার ১০ হাজার টাকা জরিমানা হয়, যা তিনি মেয়েটির অভিভাবকের হাতে দেন এবং শিশুপুত্রকে তার মা অর্থাৎ মেয়েটির কাছে দিয়ে দেন। সেই সন্তানের বয়স এখন আনুমানিক ১৬-১৭ বছর। আমার প্রশ্ন, বাবার ওই সন্তান বাবার সম্পত্তির কোনো অংশ পাবে কি না? আমার বাবা যদি আমাদের তিন ভাইয়ের নামে বাবার স্থাবর-অস্থাবর সম্পত্তি দানপত্র করে দলিল করে দেন, তাহলে ভবিষ্যতে ওই ছেলে কি (বাবা মারা যাওয়ার পর) আমাদের কাছ থেকে আইনের মাধ্যমে সম্পত্তির কোনো অংশীদার হবে?","আমরা তিন ভাই আর এক বোন। আমরা যখন ছোট, তখন বাবা আমাদের বাড়ির এক কাজের মেয়েকে বিয়ে করেছিলেন। আমাদের বাড়িতেই ওই ঘরে একটা ছেলের জন্ম হয়। এর কিছুদিন পরই গ্রামের সালিসে বাবা মেয়েটিকে তালাক দেন। সালিসে বাবার ১০ হাজার টাকা জরিমানা হয়; টাকাটা তিনি মেয়েটির অভিভাবকের হাতে তুলে দেন, আর শিশু ছেলেটিকে তার মায়ের কাছে দিয়ে দেন। সেই ছেলের বয়স এখন আনুমানিক ১৬-১৭ বছর। আমার প্রশ্ন, বাবার ওই ছেলে কি বাবার সম্পত্তির কোনো ভাগ পাবে? বাবা যদি তাঁর স্থাবর-অস্থাবর সব সম্পত্তি আমাদের তিন ভাইয়ের নামে দানপত্র দলিল করে দেন, তাহলেও কি ভবিষ্যতে (বাবার মৃত্যুর পর) ওই ছেলে আইনের পথে গিয়ে আমাদের কাছ থেকে সম্পত্তির ভাগ নিতে পারবে?","no",""
"prot_0061_02","Sifat","51","আমার মাত্র একজন কন্যাসন্তান। আমার নিজের কোনো ভাইবোন নেই। আমার নিজ নামে কোনো সম্পত্তি থাকলে আমার অবর্তমানে সেই সম্পত্তির মালিক কে হবে? আমার চাচাতো ভাইবোনেরা কি সেই সম্পত্তির মালিক হবে? হেবা দলিল মানে কি উইল করা? অপ্রাপ্তবয়স্ক কারও নামে হেবা দলিল করা যায় কি? প্রয়োজনে হেবা বাতিল করা যায়?নাম প্রকাশে অনিচ্ছুক","আমার কেবল একটাই মেয়ে, আর আমার নিজের কোনো ভাইবোন নেই। আমার নিজের নামে যদি কোনো সম্পত্তি থাকে, আমি না থাকলে সেটার মালিক কে হবে? চাচাতো ভাইবোনেরা কি সেই সম্পত্তির মালিক হয়ে যাবে? হেবা দলিল করা মানে কি উইল করা? নাবালক কারও নামে কি হেবা দলিল করা যায়? দরকার পড়লে কি হেবা বাতিলও করা যায়?","no","Dropped the 'name withheld' sign-off."
"prot_0062_04","Sifat","141","১৯৯৮ সালে আমার বিয়ে হয়। দুটি সন্তান আছে। প্রথম সন্তান হওয়ার পর থেকে আমার স্বামী প্রায়ই আমাকে মানসিক ও শারীরিকভাবে নির্যাতন করতে থাকে। এর কারণহলো তার অন্য নারীর সঙ্গে সম্পর্ক। হঠাৎ একদিন অন্যের স্ত্রীকে বাড়িতে নিয়ে এসে ওই নারীকে বিয়ে করেছে বলে লিখিত নোটারি করা স্ট্যাম্প দেখায় এবং ওই নারী তার আগের স্বামীকে তালাক দিয়েছে বলে নোটারি করা তালাকের হলফনামা দেখায়।এ ঘটনার পর আমি আমার সন্তানদের নিয়ে বাবার বাড়িতে আশ্রয় নিই। পরে সামাজিকভাবে তার ওই বিয়ে কেউ মেনে নেয়নি বলে আমার স্বামী সেই নারীকে অন্যত্র পাঠিয়ে দেয়। সমাজের চাপে ১৫০ টাকার সরকারি স্ট্যাম্পে কিছু শর্তের অঙ্গীকারনামায় সই করে এবংআমাকে তার বাড়িতে নিয়ে যায়। কিন্তু সাত মাস পার হলেও সে অঙ্গীকারনামার কোনো শর্ত পূরণ করেনি বা মানেনি। আমার প্রশ্ন, আমার স্বামী এবং ওই নারীর বিয়ে বৈধ হয়েছে কি? অঙ্গীকারনামার শর্ত না মানার কারণে তার বিরুদ্ধে আমি আইনগত কোনো ব্যবস্থা নিতে পারব কি?","১৯৯৮ সালে আমার বিয়ে হয়, দুটি সন্তান আছে। প্রথম বাচ্চা হওয়ার পর থেকেই স্বামী প্রায়ই আমাকে মানসিক আর শারীরিকভাবে নির্যাতন করত; কারণ, অন্য এক নারীর সঙ্গে ওর সম্পর্ক। হঠাৎ একদিন সে আরেকজনের স্ত্রীকে বাড়িতে এনে হাজির করে, নোটারি করা স্ট্যাম্প দেখিয়ে বলে ওই নারীকে সে বিয়ে করেছে, আর ওই নারী যে তার আগের স্বামীকে তালাক দিয়েছে তার নোটারি করা হলফনামাও দেখায়। এ ঘটনার পর আমি বাচ্চাদের নিয়ে বাবার বাড়িতে আশ্রয় নিই। পরে সমাজের কেউ ওই বিয়ে মেনে না নেওয়ায় স্বামী ওই নারীকে অন্য জায়গায় পাঠিয়ে দেয়। সমাজের চাপে পড়ে ১৫০ টাকার সরকারি স্ট্যাম্পে কিছু শর্ত দিয়ে একটা অঙ্গীকারনামায় সই করে সে আমাকে আবার নিজের বাড়িতে নিয়ে যায়। কিন্তু সাত মাস পেরিয়ে গেলেও অঙ্গীকারনামার একটা শর্তও সে মানেনি বা পূরণ করেনি। আমার প্রশ্ন, আমার স্বামী আর ওই নারীর বিয়ে কি বৈধ হয়েছে? অঙ্গীকারনামার শর্ত না মানার জন্য আমি কি ওর বিরুদ্ধে আইনি ব্যবস্থা নিতে পারব?","no",""
"prot_0062_08","Sifat","135","আমার নানারা তিন ভাই। আমার নানা মেজো। আমার মা ছাড়া নানার আর কোনো সন্তান নেই। ইসলামি আইনে নানার মৃত্যুর পর অপর দুই ভাই তাঁর সম্পত্তির অংশীদার। তাঁরা যাতে অংশীদার না হন, সে জন্য আমার বাবা ১৯৮৮ সালে হেবা করে সব সম্পত্তি আমার মায়ের নামে নিয়ে নেন। এখন কেউ কেউ বলেন, হেবা করাতে নানার মৃত্যুর পর তাঁর অপর ভাইয়েরা বা ভাইয়ের সন্তানেরা যদি আদালতে মামলা করে, তাহলে তাঁরা তাঁদের প্রাপ্য অংশ পাবেন এবং ভোগদখল করতে পারবেন। আবার কেউ কেউ বলেন, হেবাকৃত জায়গাজমি কেউ কিনতে চায় না এবং বিক্রি করতেও নাকি অনেক ঝামেলা পোহাতে হয়। আমার নানা এখনো জীবিত। আমি শুনেছি, বাংলাদেশ সরকার পিতা-মাতা, সন্তান, স্ত্রীর জন্য নতুন একটি হেবার পদ্ধতি চালু করেছে, যাতে হেবাটি খুব শক্তপোক্ত হয় এবং প্রতিপক্ষ দ্বারা হয়রানি হওয়ার আশঙ্কা থাকে না। এখন কি এই নিয়মে নতুন হেবা করতে হবে? নাম প্রকাশে অনিচ্ছুক","আমার নানারা তিন ভাই, নানা মেজো। মা ছাড়া নানার আর কোনো সন্তান নেই। ইসলামি আইনে নানা মারা গেলে তাঁর বাকি দুই ভাইও সম্পত্তির ভাগ পাবেন। তাঁরা যাতে ভাগ না পান, সে জন্য ১৯৮৮ সালে আমার বাবা হেবা করিয়ে সব সম্পত্তি মায়ের নামে নিয়ে নেন। এখন কেউ কেউ বলছেন, হেবা করা হলেও নানার মৃত্যুর পর তাঁর ভাইয়েরা বা ভাইয়ের ছেলেমেয়েরা আদালতে মামলা করলে নিজেদের পাওনা ভাগ পাবেন, দখলও নিতে পারবেন। আবার কেউ বলছেন, হেবা করা জমি কেউ কিনতে চায় না, বেচতে গেলেও নাকি অনেক ঝামেলা। নানা এখনো বেঁচে আছেন। শুনেছি, সরকার বাবা-মা, সন্তান আর স্ত্রীর জন্য হেবার একটা নতুন পদ্ধতি চালু করেছে, যাতে হেবা খুব পাকাপোক্ত হয় আর প্রতিপক্ষের হয়রানির ভয় থাকে না। তাহলে কি এখন এই নিয়মে নতুন করে হেবা করতে হবে?","no","Dropped the 'name withheld' sign-off."
"prot_0064_02","Sifat","208","আমি ২০০৭ সালে পারিবারিকভাবে বিয়ে করি। বিয়ের আগে থেকে আমার স্ত্রীর এক ছেলের সঙ্গে প্রেম ছিল। আমি জানতাম না। বিয়ের দিনই সে বলে দেয়, সে ওই ছেলেকে বিয়ে করবে। সে ওই ছেলের সঙ্গে সব সময় যোগাযোগ করত। ইচ্ছামতো বাসা থেকে চলে যেত। বাধা দেওয়ার চেষ্টা করলে নারী নির্যাতনের মামলার ভয় দেখাত। একদিন আমি অফিসে থাকাকালীন আমার সব জিনিসপত্র নিয়ে তাদের বাসায় চলে যায়। তাদের বাসায় যাওয়ার পর আমার বিরুদ্ধে নারীনির্যাতন ও যৌতুক আইনে মামলা করে। মামলায় আদালত আমার জামিন মঞ্জুর করেন। আদালত আমার স্ত্রীকে জিজ্ঞেস করেন, সে এখন সংসার করবে কি না। সে সরাসরি না করে দেয়। আদালত উভয় পক্ষকে বসে মীমাংসা করে আদালতকে জানাতে বলেন। একদিন উভয় পক্ষের উকিলসহ দুই পক্ষ বসে মীমাংসা করার জন্য। কিন্তু ব্যর্থ হয়। আমার মোহরানা ছিল ছয় লাখ টাকা। দুই লাখ টাকা উসুল ছিল। আমার স্ত্রী চার লাখ টাকা এককালীন আদায় করতে চায়। আমার সামর্থ্য না থাকায় আমি এককালীন পরিশোধ করতে পারব না বলে সরাসরি জানিয়ে দিই। আমার ইচ্ছা ছিল আমি কিস্তিতে শোধ করব। কিন্তু আমি আমার স্ত্রীকে তালাক দেব না। সে আমাকে স্বেচ্ছায় তালাক দেবে।আমার প্রশ্ন, আমার স্ত্রী স্বেচ্ছায় আমাকে তালাক দিলে কি আমাকে সব টাকা দিতে হবে, নাকি অন্য কোনো নিয়ম আছে? আর আমাকে তালাক দিলে সব মোহরানার টাকা কি একসঙ্গে শোধ করতে হবে, নাকি কিস্তির মাধ্যমে শোধ করতে হবে?","২০০৭ সালে পারিবারিকভাবে আমার বিয়ে হয়। বিয়ের আগে থেকেই যে আমার বউয়ের এক ছেলের সঙ্গে প্রেম ছিল, আমি জানতাম না। বিয়ের দিনই সে জানিয়ে দেয়, সে ওই ছেলেকেই বিয়ে করবে। ওই ছেলের সঙ্গে সারাক্ষণ যোগাযোগ রাখত, যখন খুশি বাসা থেকে বেরিয়ে যেত। বাধা দিতে গেলে নারী নির্যাতনের মামলার ভয় দেখাত। একদিন আমি অফিসে থাকার সময় সে আমার সব জিনিসপত্র নিয়ে ওদের বাসায় চলে যায়। সেখানে গিয়ে আমার বিরুদ্ধে নারী নির্যাতন আর যৌতুক আইনে মামলা করে। মামলায় আদালত আমার জামিন মঞ্জুর করেন। আদালত বউকে জিজ্ঞেস করেন, সে সংসার করবে কি না; সে সোজা না বলে দেয়। তখন আদালত দুই পক্ষকে বসে মীমাংসা করে জানাতে বলেন। একদিন দুই পক্ষের উকিলসহ আমরা মীমাংসার জন্য বসি, কিন্তু কোনো ফল হয়নি। আমার মোহরানা ছিল ছয় লাখ টাকা, তার মধ্যে দুই লাখ উসুল ছিল। বউ বাকি চার লাখ টাকা একবারে আদায় করতে চায়। সামর্থ্য নেই বলে আমি পরিষ্কার জানিয়ে দিয়েছি যে একসঙ্গে দিতে পারব না; আমার ইচ্ছা ছিল কিস্তিতে শোধ করব। তবে আমি নিজে তাকে তালাক দেব না, সে নিজের ইচ্ছায় আমাকে তালাক দেবে। আমার প্রশ্ন, বউ নিজে থেকে তালাক দিলে কি আমাকে সব টাকা দিতে হবে, নাকি অন্য কোনো নিয়ম আছে? আর তালাক দিলে পুরো মোহরানার টাকা কি একসঙ্গে দিতে হবে, নাকি কিস্তিতে দেওয়া যাবে?","no",""
"prot_0065_02","Sifat","83","আমার বাবা একজন সরকারি চাকরিজীবী। আমরা তিন বোন। আমার কোনো ভাই নেই। বাবা কিছুদিন পর চাকরি থেকে অবসর নেবেন। আমার বাবার দুই ভাই ও দুই বোন। আমার দাদি এখনও বেঁচে আছেন। আমার চাচা, ফুফু ও দাদি বাবার পেনশনের টাকার অংশীদার হতে চান।প্রশ্ন হচ্ছে, তাঁরা আইনগতভাবে কি এই টাকার অংশীদার হবেন? পেনশনের পুরো টাকা কি আমাদের তিন বোনের প্রাপ্য? আমার বাবা যদি নিজ ইচ্ছায় এই টাকা থেকে কিছু তাঁদের দিয়ে দেন, তবে আইনগতভাবে আমাদের, মানে তিন বোনের ও আমার মায়ের করণীয় কী?নাম প্রকাশে অনিচ্ছুক","আমার বাবা সরকারি চাকরি করেন। আমরা তিন বোন, কোনো ভাই নেই। কিছুদিন পরই বাবা চাকরি থেকে অবসরে যাবেন। বাবার দুই ভাই আর দুই বোন আছেন, আর আমার দাদি এখনো বেঁচে আছেন। চাচা, ফুফু আর দাদি বাবার পেনশনের টাকার ভাগ চাইছেন। প্রশ্ন হলো, আইন অনুযায়ী তাঁরা কি এই টাকার ভাগ পাবেন? পেনশনের পুরো টাকাটা কি আমাদের তিন বোনের পাওনা? আর বাবা যদি নিজের ইচ্ছায় এই টাকা থেকে কিছু তাঁদের দিয়ে দেন, তখন আইনগতভাবে আমাদের—মানে তিন বোন আর মায়ের—কী করার আছে?","no","Dropped the 'name withheld' sign-off."
"prot_0066_01","Sifat","48","আমি বিয়ে করেছি ১৬ বছর আগে। বিয়ে হয়েছিল ঢাকায় এবং আমার ইচ্ছার বিরুদ্ধে। তাই চালাকি করে বিয়ে নিবন্ধনের সময় মা-বাবার নাম সঠিক রেখে ভুল ঠিকানা দিয়েছিলাম। বর্তমানে আমার স্ত্রী ও ছেলেমেয়ে আমার সঙ্গে আছে। এখন প্রশ্ন হচ্ছে, মুসলিম বিবাহ আইনে কোনো এই বিয়েতে প্রকার সমস্যা আছে কি না?","১৬ বছর আগে ঢাকায় আমার বিয়ে হয়, আর বিয়েটা হয়েছিল আমার অমতে। তাই কৌশল করে বিয়ে নিবন্ধনের সময় বাবা-মায়ের নাম ঠিক রাখলেও ঠিকানা ভুল দিয়েছিলাম। এখন বউ আর ছেলেমেয়েরা আমার সঙ্গেই থাকে। প্রশ্ন হলো, মুসলিম বিবাহ আইনে এই বিয়েতে কি কোনো ধরনের সমস্যা আছে?","no",""
"prot_0066_07","Sifat","117","আমার দাদা মারা যাওয়ার সময় তাঁর তিন ছেলে ও তিন মেয়ে রেখে যান। আমার বড় চাচা মানসিক ভারসাম্যহীন এবং অবিবাহিত অবস্থায় মারা যান। বড় চাচা মারা যাওয়ার কয়েক বছর আগে আমার বাবা নিখোঁজ হন, ১৮-১৯ বছর পরও তাঁর খোঁজ পাইনি। আমার বাবার সংসারে মা, আমরা দুই ভাই ও এক বোন। আমার ছোট চাচার সংসারে চাচা, চাচি, চাচার দুই ছেলে ও তিন মেয়ে।বড় চাচা মারা যাওয়ার আগে আমার বাবা নিখোঁজ হওয়ার কারণে কিংবা খোঁজাখুঁজির পরও না পাওয়ায় তাঁকে মৃত বলে মনে করি। বড় চাচা মারা যাওয়ার আগে আমার বাবা (পরিবারের মেজ ছেলে) হারিয়ে যাওয়া কিংবা মারা যাওয়াতে আমরা বড় চাচার সম্পত্তি থেকে বঞ্চিত হব কি? যদি না হই, বড় চাচার সম্পত্তি আমাদের মধ্যে কীভাবে বণ্টন হবে? মঞ্জুর আলমচট্টগ্রাম","দাদা মারা যাওয়ার সময় তিন ছেলে আর তিন মেয়ে রেখে যান। আমার বড় চাচা মানসিক ভারসাম্যহীন ছিলেন, অবিবাহিত অবস্থাতেই মারা যান। বড় চাচা মারা যাওয়ার কয়েক বছর আগে আমার বাবা নিখোঁজ হন; ১৮-১৯ বছর পেরিয়ে গেলেও তাঁর কোনো খোঁজ পাইনি। বাবার সংসারে আছেন মা, আমরা দুই ভাই আর এক বোন। ছোট চাচার সংসারে চাচা, চাচি, তাঁদের দুই ছেলে আর তিন মেয়ে। বড় চাচার মৃত্যুর আগেই বাবা নিখোঁজ হওয়ায়, আর এত খোঁজাখুঁজির পরও না পাওয়ায়, আমরা তাঁকে মৃত বলেই ধরে নিয়েছি। বড় চাচার মৃত্যুর আগে বাবা (পরিবারের মেজো ছেলে) হারিয়ে যাওয়ায় বা মারা যাওয়ায় কি আমরা বড় চাচার সম্পত্তি থেকে বঞ্চিত হব? যদি না হই, তাহলে বড় চাচার সম্পত্তি আমাদের মধ্যে কীভাবে ভাগ হবে?","yes","Removed signature (name, district)."
"prot_0068_04","Sifat","203","আমি একটি ছেলেকে ভালোবাসতাম। সে আমার ছোটবেলার খেলার সাথি। বড় হয়ে সম্পর্ক হয়। আমি স্কুলে চাকরি করি। ভাড়া বাসায় থাকি। বাড়িওয়ালা আমাদের সম্পর্কের কথা জানতেন। ছেলেটি আমাকে না জানিয়ে অন্য মেয়েকে বিয়ের সিদ্ধান্ত নেয়। এ কথা শুনে বাড়িওয়ালা আমাদের বিয়ে দেন। নোটারি পাবলিকের মাধ্যমে বিয়ে হয়। বিয়ের সময় উভয় পক্ষের দু-একজন আত্মীয়স্বজন ছিলেন। ছেলে আমাকে এক সপ্তাহ পর নিয়ে যাবে বলে আমার এক আত্মীয়ের বাসায় রেখে যায়। কিন্তু সে আর আসে না। তার বাসায় গেলে সে আমাকে অস্বীকার করে। আমি তার বাসায় থেকে গেলাম। কিন্তু সে আমাকে অত্যাচার করা শুরু করল। শুধু তা-ই নয়, বাসার কাজের লোকেরাও আমাকে অপমান করে। সে বলে, আমার সঙ্গে তার সংসার করা সম্ভব নয়। আমি প্রায় দুই মাস থেকেছি। এর মধ্যেও কিন্তু তার সঙ্গে দৈহিক সম্পর্ক হয়েছে। আমি চাকরির জন্য আবার ঢাকায় চলে আসি। পরেরবার গিয়ে দেখি সে বাসা বদল করেছে আমাকে না জানিয়ে। আমি কোনো উপায় না পেয়ে আইন ও সালিশ কেন্দ্রের মাধ্যমে মামলা করি। কিন্তু সে মোটা অঙ্কের টাকা খরচ করে হাইকোর্ট থেকে আগাম জামিন পায়। সে বিত্তশালী। হিন্দু আইনে কি তালাকের ব্যবস্থা নেই? মামলা চলাকালে সে কি বিয়ে করতে পারবে? সে ইদানীং বিয়ে করার জন্য মেয়ে দেখে বেড়াচ্ছে। এ জন্য আমাদের বিয়েটাকেও অস্বীকার করছে। এমনি যদি করবে, তাহলে আমাকে বিয়ে করল কেন? সঠিক পরামর্শ চাই","একটা ছেলেকে আমি ভালোবাসতাম, ছোটবেলার খেলার সাথি। বড় হয়ে আমাদের সম্পর্ক হয়। আমি একটা স্কুলে চাকরি করি, ভাড়া বাসায় থাকি। বাড়িওয়ালা আমাদের সম্পর্কের কথা জানতেন। ছেলেটি আমাকে না জানিয়ে অন্য একটা মেয়েকে বিয়ে করার সিদ্ধান্ত নেয়। এটা শুনে বাড়িওয়ালাই আমাদের বিয়ে দিয়ে দেন। নোটারি পাবলিকের মাধ্যমে বিয়ে হয়, দুই পক্ষের দু-একজন আত্মীয়ও উপস্থিত ছিলেন। এক সপ্তাহ পর নিয়ে যাবে বলে ছেলেটি আমাকে আমার এক আত্মীয়ের বাসায় রেখে যায়, কিন্তু আর ফিরে আসে না। ওর বাসায় গেলে সে আমাকে অস্বীকার করে। আমি তবু ওর বাসাতেই থেকে যাই, কিন্তু সে আমার ওপর অত্যাচার শুরু করে। শুধু তা-ই না, বাসার কাজের লোকেরাও আমাকে অপমান করত। সে বলত, আমার সঙ্গে সংসার করা ওর পক্ষে সম্ভব না। প্রায় দুই মাস ওখানে ছিলাম, এর মধ্যে ওর সঙ্গে দৈহিক সম্পর্কও হয়েছে। চাকরির জন্য আবার ঢাকায় ফিরে আসি। পরেরবার গিয়ে দেখি, আমাকে না জানিয়ে সে বাসা বদলে ফেলেছে। কোনো উপায় না দেখে আইন ও সালিশ কেন্দ্রের মাধ্যমে মামলা করি। কিন্তু সে অনেক টাকা খরচ করে হাইকোর্ট থেকে আগাম জামিন নিয়ে নেয়; ওর টাকাপয়সার অভাব নেই। হিন্দু আইনে কি তালাকের কোনো ব্যবস্থা নেই? মামলা চলার মধ্যে কি সে আরেকটা বিয়ে করতে পারবে? ইদানীং সে বিয়ের জন্য মেয়ে দেখে বেড়াচ্ছে, আর সে জন্যই আমাদের বিয়েটাও অস্বীকার করছে। এমনই যদি করবে, তাহলে আমাকে বিয়ে করল কেন? সঠিক পরামর্শ চাই।","no",""
"prot_0069_05","Sifat","125","আমার বয়স ২৯ বছর। প্রায় তিন বছর আগে পরিবারের অমতে কোর্টে গিয়ে বিয়ে করেছিলাম। বিয়ের কিছুদিন পর বিভিন্ন কারণে আমার পরিবারের সদস্যরা চায়নি, আমি আমার সংসার করি। সব সময় তারা বলত, আমি যেন আমার স্বামীকে তালাক দিয়ে দিই। বাবার বাড়ি এলে আমাকে স্বামীর বাড়ি যেতে মানা করত। তারা মনে করত, আমাদের সঙ্গে আমার স্বামীর পরিবারের আভিজাত্যের বিরাট অমিল। আসলে আমার স্বামীকেই তারা পছন্দ করত না। একসময় আমিও পরিবারের কথায় আমার স্বামীকে তালাক দিই। এখন আমি বুঝতে পারছি, ভুল করেছি। আমার আত্মীয়রা এখন আমার ভবিষ্যৎ নিয়ে ভাবে না। আমি টিউশনি করে আমার খরচ চালাই। এখন আমি আমার স্বামীর সংসারে পুনরায় ফিরে যেতে চাই। আমার স্বামীরও সমর্থন আছে। কিন্তু আমাদের দুই পরিবারের কোনো সম্মতি নেই। আমরা কি এখন কোর্টে গিয়ে নিজেরাই বিবাহবন্ধনে আবদ্ধ হতে পারব?নাম প্রকাশে অনিচ্ছুক","আমার বয়স ২৯। প্রায় তিন বছর আগে পরিবারের অমতে আদালতে গিয়ে বিয়ে করেছিলাম। বিয়ের কিছুদিন পর নানা কারণে পরিবারের লোকজন চাইত না যে আমি সংসার করি। সারাক্ষণ বলত, আমি যেন স্বামীকে তালাক দিয়ে দিই। বাবার বাড়িতে এলে আর শ্বশুরবাড়ি যেতে দিত না। ওদের ধারণা, স্বামীর পরিবারের সঙ্গে আমাদের বংশমর্যাদার বিরাট তফাত। আসলে আমার স্বামীকেই ওরা পছন্দ করত না। শেষে একসময় পরিবারের কথায় আমিও স্বামীকে তালাক দিয়ে দিই। এখন বুঝতে পারছি, ভুল করেছি। আত্মীয়স্বজন এখন আর আমার ভবিষ্যৎ নিয়ে মাথা ঘামায় না। টিউশনি করে নিজের খরচ চালাই। এখন আমি আবার স্বামীর সংসারে ফিরে যেতে চাই, আমার স্বামীও তাতে রাজি। কিন্তু দুই পরিবারের কেউই রাজি না। আমরা কি এখন নিজেরাই আদালতে গিয়ে আবার বিয়ে করতে পারব?","no","Dropped the 'name withheld' sign-off."
"prot_0072_02","Sifat","98","আমার বয়স যখন দশ মাস, তখন আমার বাবা মারা যান। আমি নবম শ্রেণীতে ওঠার পর থেকে আমার বাবার রেখে যাওয়া সম্পত্তি দেখাশোনা করছি। আমার বাবার নামে কতটুকু জমি, তার হিসাব আমি জানি না। আমার আত্মীয়স্বজন, পাড়া-প্রতিবেশীরা বলে, আমি যতটুকু জমি ভোগ করছি, আমার বাবার জমির পরিমাণ নাকি তার চেয়ে বেশি। প্রসঙ্গত, আমার বাবাকে তাঁর নানা জমি লিখে দিয়েছিলেন। জমি লিখে দেওয়ার কয়েক বছর পর আমাদের বাড়িতে আগুন লেগে সব দলিলপত্র পুড়ে যায়।এখন আমার প্রশ্ন হলো, আমি কীভাবে আমার বাবার জমির পরিমাণ জানব?আমার আরেকটি প্রশ্ন হলো, আমার বাবার সম্পত্তিতে আমার দাদির কোনো অংশ আছে কি?আমি আমার বাবার একমাত্র সন্তান","আমার বয়স যখন দশ মাস, তখন বাবা মারা যান। নবম শ্রেণিতে ওঠার পর থেকে বাবার রেখে যাওয়া জমিজমা আমিই দেখাশোনা করছি। বাবার নামে ঠিক কতটা জমি ছিল, সেই হিসাব আমার জানা নেই। আত্মীয়স্বজন আর পাড়াপড়শিরা বলে, আমি যতটুকু জমি ভোগ করছি, বাবার জমি নাকি তার চেয়ে বেশি। বলে রাখি, বাবাকে তাঁর নানা জমি লিখে দিয়েছিলেন। জমি লিখে দেওয়ার কয়েক বছর পর আমাদের বাড়িতে আগুন লেগে সব দলিলপত্র পুড়ে যায়। এখন আমার প্রশ্ন, বাবার জমির পরিমাণ আমি কীভাবে জানব? আরেকটা প্রশ্ন, বাবার সম্পত্তিতে কি আমার দাদির কোনো ভাগ আছে? আমি বাবার একমাত্র সন্তান।","no",""
"prot_0074_01","Sifat","85","আট বছর আগে আমার বিয়ে হয়। আমার পাঁচ বছরের একটি সন্তান আছে। কয়েক দিন আগে আমার স্বামী ১৬ বছরের একটি মেয়েকে নিয়ে পালিয়ে যান। ওই মেয়েকে তিনি বিয়ে করেছেন কি না, জানি না। ওই মেয়ের বাবা আমার স্বামীকে অভিযুক্ত করে থানায় অপহরণের মামলা করেছেন। আমার স্বামী পলাতক। লোকমুখে শুনতে পাচ্ছি, আমাকে নাকি তিনি তালাক দিয়েছেন। কিন্তু আমি তালাকের নোটিশ পাইনি। এ ব্যাপারে কোথায় খোঁজ নিয়ে জানতে পারব। আমাকে যদি তিনি তালাক দিয়ে থাকেন বা না-ও দিয়ে থাকে, তাহলে আমি কী ধরনের আইনি ব্যবস্থা গ্রহণ করব?","আট বছর আগে আমার বিয়ে হয়, পাঁচ বছরের একটা বাচ্চা আছে। কয়েক দিন আগে আমার স্বামী ১৬ বছরের একটা মেয়েকে নিয়ে পালিয়ে গেছেন। মেয়েটাকে তিনি বিয়ে করেছেন কি না, জানি না। মেয়ের বাবা আমার স্বামীর বিরুদ্ধে থানায় অপহরণের মামলা করেছেন, স্বামী এখন পলাতক। লোকের মুখে শুনছি, তিনি নাকি আমাকে তালাক দিয়েছেন, অথচ আমি কোনো তালাকের নোটিশ পাইনি। কোথায় খোঁজ নিলে ব্যাপারটা জানতে পারব? তিনি আমাকে তালাক দিয়ে থাকুন বা না-ই দিয়ে থাকুন, আমি কী ধরনের আইনি ব্যবস্থা নিতে পারি?","no",""
"prot_0076_02","Sifat","212","আমার বাবা ক্যানসারে আক্রান্ত হলে তড়িঘড়ি আমাদের দুই বোনকে বিয়ে দিয়ে দেন। বড় বোনের বিয়ে হয় তাঁর পছন্দের ছেলের সঙ্গে। ভালোই আছেন তাঁরা। আমার স্বামী যুক্তরাজ্যে লেখাপড়া করে। ঢাকায় বাড়ি আছে। আমি দেখতে খুব সুশ্রী বলে শ্বশুরবাড়িতে বেশ আদর পাচ্ছিলাম। কিন্তু আমার বাবা জুন মাসে মারা যাওয়ার পরই নির্যাতন শুরু হয় আমার ওপর। ঢাকায় আমার পরিবারের সঙ্গে থেকে স্নাতক (সম্মান) শ্রেণীতে পড়ছিলাম। আমার শ্বশুর আমাকে দনিয়া কলেজে ভর্তি করিয়ে স্নাতক (সম্মান) কোর্সকরায় বাদ সাধেন। স্বামী এখানে না থাকায় মা চাইছিলেন না আমি শ্বশুরবাড়ি থাকি। কিন্তু শ্বশুরের পীড়াপীড়িতে একসময় যেতে বাধ্য হই। তারপর নানা অজুহাতে শ্বশুর শারীরিক ও মানসিক নির্যাতন চালান আমার ওপর। স্বামীর কাছেও আমার সম্পর্কে অবান্তর কথাবার্তা বলেন। আমার বক্তব্য না শুনেই বিদেশ থেকে ক্ষিপ্ত হয়ে এসএমএস করতে থাকে স্বামী। এসব ঘটনা আমার মাকে জানাইনি। তিনি একদিন আমাকে দেখতে আসেন। তাঁর সঙ্গে আমার শ্বশুর এত নোংরা ব্যবহার করেন, ফলে মা বুঝতে পারেন তাঁর মেয়ে কী অবস্থায় আছে। তাৎক্ষণিকভাবেই মা আমাকে বাড়িতে নিয়ে আসেন। আমার স্বামীকে এসব জানানো হলে তালাকনামা পাঠিয়ে দেয় আমাদের ঠিকানায়। আমি জানি সে চরম বিভ্রান্ত, এ কারণে নীরবেই দিনাতিপাত করছি। কিন্তু তার কোনো সুমতি যেমন দেখছি না। তালাকনামা পাঠানোর পরও আমার মোহরানা, খোরপোশ কিছুই পরিশোধ করেনি। এ অবস্থায় আমার করণীয় কী? সে যদি সত্য উদ্ঘাটিত করে আমার সঙ্গে সংসার করতে চায়, তাহলে কীভাবে তা সম্ভব? নাম প্রকাশে অনিচ্ছুকঢাকা","বাবা ক্যানসারে আক্রান্ত হওয়ার পর তাড়াহুড়ো করে আমাদের দুই বোনের বিয়ে দিয়ে দেন। বড় বোনের বিয়ে হয় তাঁর পছন্দের ছেলের সঙ্গে, তাঁরা ভালোই আছেন। আমার স্বামী যুক্তরাজ্যে পড়াশোনা করে, ঢাকায় ওদের বাড়ি আছে। দেখতে সুন্দর বলে শ্বশুরবাড়িতে বেশ আদরই পাচ্ছিলাম। কিন্তু জুন মাসে বাবা মারা যাওয়ার পরপরই আমার ওপর নির্যাতন শুরু হয়। ঢাকায় নিজের পরিবারের সঙ্গে থেকে স্নাতক (সম্মান) পড়ছিলাম। শ্বশুর আমাকে একটা কলেজে ভর্তি করিয়ে দিয়ে আমার স্নাতক (সম্মান) পড়ায় বাধা দেন। স্বামী দেশে না থাকায় মা চাইছিলেন না যে আমি শ্বশুরবাড়িতে থাকি। কিন্তু শ্বশুরের জোরাজুরিতে একসময় যেতে বাধ্য হই। তারপর নানা ছুতোয় শ্বশুর আমার ওপর শারীরিক আর মানসিক নির্যাতন চালাতে থাকেন, স্বামীর কাছেও আমার নামে আজেবাজে কথা বলেন। আমার কথা না শুনেই স্বামী বিদেশ থেকে রেগে গিয়ে একের পর এক এসএমএস পাঠাতে থাকে। এসব কথা আমি মাকে জানাইনি। একদিন মা আমাকে দেখতে এলে শ্বশুর তাঁর সঙ্গে এমন নোংরা ব্যবহার করেন যে মা বুঝে যান তাঁর মেয়ে কী অবস্থায় আছে। সঙ্গে সঙ্গেই মা আমাকে বাড়ি নিয়ে আসেন। স্বামীকে এসব জানানো হলে সে আমাদের ঠিকানায় তালাকনামা পাঠিয়ে দেয়। আমি জানি সে ভীষণ বিভ্রান্ত, তাই চুপচাপ দিন কাটাচ্ছি। কিন্তু তার সুবুদ্ধি ফেরার কোনো লক্ষণও দেখছি না। তালাকনামা পাঠানোর পরও মোহরানা বা খোরপোশ কিছুই দেয়নি। এ অবস্থায় আমার কী করা উচিত? আর সে যদি আসল সত্যটা বুঝে আমার সঙ্গে সংসার করতে চায়, তাহলে সেটা কীভাবে সম্ভব?","yes","Generalised the named college; removed city in the sign-off ('name withheld' + city)."
"prot_0077_02","Sifat","138","আমি এমএসএস দ্বিতীয় বর্ষের ছাত্রী। ২০০৬ সালে আমার বিয়ে হয়। আমার স্বামী আমার বিয়ের আগে থেকেই বিদেশে ছিলেন। তিনি যখন ছুটিতে আসেন, তখন আমাদের বিয়ে হয়। এই বিয়েতে তাঁর পরিবারের কেউ রাজি ছিলেন না। কিন্তু আমার পরিবারের সম্মতিতে আমাদের বাসায় বিয়ে হয়। বিয়ের এক মাস পর তিনি আবার বিদেশে চলে যান। কিন্তু তাঁর পরিবার আমাকে লোক দেখানো মেনে নেয়। এবং বিদেশে তাঁর কাছে নানা রকম মিথ্যা কথা বলতে থাকে। দুই বছর আমাদের সম্পর্ক ভালোই ছিল। কিন্তু এখন প্রায় ৮-১০ মাস ধরে আমার সঙ্গে কোনো যোগাযোগ করেন না এবং চার বছরে তিনি একবারও দেশে আসেননি। তাঁর কোনো ঠিকানা আমাকে কখনো দেননি এবং ফোন নম্বর পরিবর্তন করেছেন। তাঁর পরিবারের সঙ্গে আমার কোনো যোগাযোগ নেই। এখন আমি তাঁকে দেশে আনতে কোনো ব্যবস্থা গ্রহণ করতে পারি কি না। তাঁর পরিবারের বিরুদ্ধে আমি কী করতে পারি? আমার স্বামীর পাসপোর্টের ফটোকপি আমার কাছে আছে","আমি এমএসএস দ্বিতীয় বর্ষের ছাত্রী। ২০০৬ সালে আমার বিয়ে হয়। বিয়ের আগে থেকেই আমার স্বামী বিদেশে থাকতেন, ছুটিতে দেশে এলে তখন আমাদের বিয়ে হয়। তাঁর পরিবারের কেউ এই বিয়েতে রাজি ছিলেন না, তবে আমার পরিবারের সম্মতিতে আমাদের বাসাতেই বিয়েটা হয়। বিয়ের এক মাস পর তিনি আবার বিদেশে চলে যান। তাঁর পরিবার লোক দেখানোভাবে আমাকে মেনে নেয়, আর বিদেশে তাঁর কাছে নানা রকম মিথ্যা কথা বলতে থাকে। দুই বছর আমাদের সম্পর্ক ভালোই ছিল। কিন্তু এখন প্রায় ৮-১০ মাস হলো তিনি আমার সঙ্গে কোনো যোগাযোগ করেন না, আর এই চার বছরে একবারও দেশে আসেননি। নিজের ঠিকানা কখনো আমাকে দেননি, ফোন নম্বরও বদলে ফেলেছেন। তাঁর পরিবারের সঙ্গেও আমার কোনো যোগাযোগ নেই। এখন তাঁকে দেশে ফিরিয়ে আনতে আমি কোনো ব্যবস্থা নিতে পারি কি? তাঁর পরিবারের বিরুদ্ধেই বা কী করতে পারি? আমার কাছে স্বামীর পাসপোর্টের একটা ফটোকপি আছে।","no",""
"prot_0078_03","Sifat","92","আমার খালার চার মেয়ে। সবাই ছাত্রী। খালু সরকারি চাকরি করেন। প্রায় দুই বছর হয় খালা গৃহকর্মীর সঙ্গে পালিয়ে গিয়ে তাকে বিয়ে করেন। খালু তাঁর সংসারের কথা চিন্তা করে খালাকে ফিরিয়ে আনার অনেক চেষ্টা করেন। একপর্যায়ে তিনি বাধ্য হয়ে ওই ছেলেকে আদালতের মাধ্যমে তালাক দেওয়ার ব্যবস্থা করেন। কিন্তু কিছুদিন পর খালা আবার ওই ছেলের কাছে চলে যান। আর স্পষ্ট জানিয়ে দেন, তিনি কখনোই খালুর সঙ্গে সংসার করবেন না। এখন খালু ও তাঁর পরিবারের কেউই খালাকে আনতে চান না। আইনগতভাবে খালা কি এখনো খালুর স্ত্রী আছেন? খালুর মৃত্যুর পর তিনি কি সম্পত্তির অংশীদার হবেন?","আমার খালার চার মেয়ে, সবাই পড়াশোনা করে। খালু সরকারি চাকরি করেন। প্রায় দুই বছর আগে খালা বাসার কাজের ছেলের সঙ্গে পালিয়ে গিয়ে তাকে বিয়ে করেন। সংসারের কথা ভেবে খালু অনেকবার খালাকে ফিরিয়ে আনার চেষ্টা করেন। একপর্যায়ে তিনি বাধ্য হয়ে আদালতের মাধ্যমে ওই ছেলেকে তালাক দেওয়ানোর ব্যবস্থা করেন। কিন্তু কিছুদিন পর খালা আবার ওই ছেলের কাছে চলে যান, আর পরিষ্কার জানিয়ে দেন যে খালুর সঙ্গে আর কখনো সংসার করবেন না। এখন খালু বা তাঁর পরিবারের কেউই খালাকে ফিরিয়ে আনতে চান না। আইনের চোখে খালা কি এখনো খালুর স্ত্রী? খালু মারা গেলে কি তিনি সম্পত্তির ভাগ পাবেন?","no",""
"prot_0081_01","Sifat","65","আমরা তিন বোন। আমার বাবা জীবিত অবস্থায় আমাদের এবং আমার মাকে তাঁর কোনো সম্পত্তি লিখে দিতে চান না। এদিকে আমার তিন চাচা ও চার ফুফু আছেন। চাচাদেরও কোনো ছেলে নেই। প্রত্যেক চাচার একটি করে মেয়ে আছে। ফুফুদের ছেলেমেয়ে আছে।বাবার অবর্তমানে মুসলিম আইন অনুযায়ী আমরা তিন বোন ও মা কী পরিমাণ সম্পত্তি পাব? বাবার সব সম্পত্তি আমরা পেতে চাইলে তা সম্ভব কি না, জানালে উপকৃত হব","আমরা তিন বোন। বাবা বেঁচে থাকতে আমাদের বা মায়ের নামে তাঁর কোনো সম্পত্তি লিখে দিতে চান না। অন্যদিকে আমার তিন চাচা আর চার ফুফু আছেন। চাচাদেরও কারও ছেলে নেই, প্রত্যেক চাচার একটা করে মেয়ে। ফুফুদের ছেলেমেয়ে আছে। বাবা মারা গেলে মুসলিম আইন অনুযায়ী আমরা তিন বোন আর মা কতটুকু সম্পত্তি পাব? আর বাবার পুরো সম্পত্তিটাই আমরা পেতে চাইলে সেটা কি সম্ভব? জানালে উপকার হয়।","no",""
"prot_0082_03","Sifat","116","আমি একজন সরকারি প্রাথমিক বিদ্যালয়ের শিক্ষিকা। আমার বয়স ২১ বছর। পাঁচ বছর ধরে আমার একজনের সঙ্গে সম্পর্ক থাকলেও বাবা-মায়ের ইচ্ছায় আমার চেয়েও ১৬ বছরের বড় অন্য একটি ছেলেকে বিয়ে করতে বাধ্য হই। কিন্তু আমি আমার স্বামীকে মন থেকে মেনে নিতে পারিনি। কারণ, তার মেজাজ সব সময় খিটখিটে থাকে, প্রবল সন্দেহপ্রবণ এবং কারণে-অকারণে খারাপ ব্যবহার করে ইত্যাদি। এখন আমি তাকে তালাক দিতে মানসিকভাবে প্রস্তুত। এ জন্য আমাকে কী করতে হবে? সে আমার বিরুদ্ধে কোনো আইনগত ব্যবস্থা নিতে পারবে কি? তাতে আমার সরকারি চাকরিতে কোনো সমস্যা হবে কি? উল্লেখ্য, দেনমোহরের টাকার প্রতি আমার কোনো দাবি নেই এবং তার দেওয়া ১০ ভরি স্বর্ণও তাকে ফিরিয়ে দেব। আমার কাছে বিয়ের কোনো কাগজপত্র নেই। আর এর মধ্যে আমি অন্তঃসত্ত্বা হয়ে পড়েছি","আমি একটা সরকারি প্রাথমিক বিদ্যালয়ে শিক্ষকতা করি, বয়স ২১। পাঁচ বছর ধরে একজনের সঙ্গে সম্পর্ক থাকলেও বাবা-মায়ের ইচ্ছায় আমার চেয়ে ১৬ বছরের বড় আরেকজনকে বিয়ে করতে বাধ্য হয়েছি। কিন্তু স্বামীকে আমি মন থেকে মেনে নিতে পারিনি; ওর মেজাজ সারাক্ষণ খিটখিটে, ভীষণ সন্দেহপ্রবণ, কারণে-অকারণে খারাপ ব্যবহার করে—এমন আরও অনেক কিছু। এখন আমি ওকে তালাক দিতে মনে মনে তৈরি। এর জন্য আমাকে কী করতে হবে? ও কি আমার বিরুদ্ধে কোনো আইনি ব্যবস্থা নিতে পারবে? এতে কি আমার সরকারি চাকরিতে কোনো সমস্যা হবে? বলে রাখি, দেনমোহরের টাকা আমি চাই না, আর ওর দেওয়া ১০ ভরি সোনাও ওকে ফেরত দিয়ে দেব। আমার কাছে বিয়ের কোনো কাগজপত্র নেই। আর এর মধ্যে আমি অন্তঃসত্ত্বা হয়ে পড়েছি।","no",""
"prot_0083_04","Sifat","189","আমার এক জ্ঞাতি ভাইয়ের সঙ্গে চার বছর প্রেম করার পর ২০০৮ সালের ২১ এপ্রিল তাকে কাজী অফিসে নিয়ে গিয়ে গোপনে পাঁচ লাখ টাকা দেনমোহরে বিয়ে করি। বিয়ের দুই দিন পর আমার মাকে আমি সব কথা জানাই। মা আমাদের বিয়েটা সহজে মেনে নিয়েছেন। এরপর আমরা স্বামী-স্ত্রীর হিসেবে চলাফেরা করতে থাকি। আমার দায়দায়িত্ব ও যাবতীয় ভরণপোষণ বহন করে আসছিল সে। এর মধ্যে মা টেলিফোনে একটি ছেলের সঙ্গে আমার পরিচয় করিয়ে দেন। সে বিদেশে থাকে। তার নাকি অনেক টাকা-পয়সা। আমিও মায়ের কথামতো বিদেশি ওই ছেলের সঙ্গে সম্পর্কে জড়িয়ে পড়ি। আগের স্বামীর সঙ্গে ঝগড়া-বিবাদ করতে থাকি। আমি মায়ের কথামতো গত বছরের ৫ জুলাই আগের স্বামীকে তালাক দিই। তালাক দেওয়ার সময় আমি তার কাছে কোনো কিছু দাবি করিনি। তালাক যখন দিই, তখন আমি তিন মাস ১০ দিনের অন্তঃসত্ত্বা ছিলাম। পেটে বাচ্চা থাকা অবস্থায় তালাক দিলে সেটি কার্যকর হবে? বর্তমানে বিদেশি ওই ছেলের সঙ্গে আমার গোপনে বিয়ে হয়। বিয়ের সময় আমার পেটে বাচ্চা ছিল জানত না সে। আগের স্বামী তার বাচ্চার জন্য আমার বিরুদ্ধে মামলা করার হুমকি দিচ্ছে। তার কাছে চিকিৎসা প্রতিবেদন, আল্ট্রাসনোগ্রাফি ইত্যাদি আছে। আমি গর্ভপাত করিয়েছি। এখন আমি কী করতে পারি? আমি আগের স্বামীর সঙ্গে সংসার করতে চাই। মা তা করতে দিচ্ছেন না","এক জ্ঞাতি ভাইয়ের সঙ্গে চার বছর প্রেমের পর ২০০৮ সালের ২১ এপ্রিল ওকে কাজি অফিসে নিয়ে গিয়ে পাঁচ লাখ টাকা দেনমোহরে গোপনে বিয়ে করি। বিয়ের দুই দিন পর মাকে সব খুলে বলি, মা-ও সহজেই বিয়েটা মেনে নেন। তারপর থেকে আমরা স্বামী-স্ত্রী হিসেবেই চলাফেরা করতে থাকি, আমার সব দায়দায়িত্ব আর খরচ ও-ই বহন করত। এর মধ্যে মা ফোনে বিদেশে থাকা একটা ছেলের সঙ্গে আমার পরিচয় করিয়ে দেন, ছেলেটার নাকি অনেক টাকাপয়সা। মায়ের কথামতো আমিও ওই ছেলের সঙ্গে সম্পর্কে জড়িয়ে পড়ি, আর আগের স্বামীর সঙ্গে ঝগড়াঝাঁটি করতে থাকি। মায়ের কথাতেই গত বছরের ৫ জুলাই আগের স্বামীকে তালাক দিই, তখন ওর কাছে কিছুই দাবি করিনি। তালাক দেওয়ার সময় আমি তিন মাস ১০ দিনের অন্তঃসত্ত্বা ছিলাম। পেটে বাচ্চা থাকা অবস্থায় তালাক দিলে কি সেটা কার্যকর হয়? এখন বিদেশে থাকা ওই ছেলের সঙ্গে আমার গোপনে বিয়ে হয়েছে; বিয়ের সময় আমি যে অন্তঃসত্ত্বা, সেটা সে জানত না। আগের স্বামী তার বাচ্চার জন্য আমার বিরুদ্ধে মামলা করবে বলে হুমকি দিচ্ছে, ওর কাছে ডাক্তারি রিপোর্ট, আল্ট্রাসনোগ্রাফির কাগজ এসব আছে। আমি গর্ভপাত করিয়ে ফেলেছি। এখন আমি কী করতে পারি? আমি আগের স্বামীর সঙ্গেই সংসার করতে চাই, কিন্তু মা তা করতে দিচ্ছেন না।","no",""
"prot_0084_03","Sifat","184","আমি একজন হিন্দু। আমার দাদুর (মায়ের বাবা) তিন মেয়ে, কোনো ছেলে নেই। প্রথম মেয়ে দুই ছেলের মধ্যে বড় ছেলে ১৯৭২ সাল থেকে ভারতবাসী। ছোট ছেলে বাংলাদেশে আছেন। দ্বিতীয় মেয়ের দুই ছেলেসহ প্রত্যেকে অভিবাসন করে ভারতে বসবাস করছেন। ছোট মেয়ের একমাত্র ছেলে আমি। দাদু মারা যাওয়ার আগে, আমার মায়ের বিয়েরও আগে তাঁর বড় মেয়ে মারা যান। আমার মা দাদুর পরিবারের ভরণপোষণের দায়িত্ব নেন। তাই দাদু তাঁর সব সম্পত্তি ১৯৬৫ সালে আমার মায়ের নামে ইউপি চেয়ারম্যান ও স্থানীয় মাতব্বরদের সইসহ দানপত্র করে যান। কিন্তু দানপত্র রেজিস্ট্রি করা নয়। তত্কালীন চেয়ারম্যান মারা গেছেন। কিন্তু মাতব্বরদের একজন জীবিত এবং তাঁর স্বাক্ষর আছে। দানপত্রের দুটি জমি ছাড়া সব জমিই মায়ের নামে খারিজ করা হয়। দাদুর মৃত্যুর পর থেকে সব জমি আমরাই ভোগদখল করছি। কয়েক মাস আগে মা মারা যাওয়ার পর থেকে ওই বড় মেয়ের ছোট ছেলে সব জমির অর্ধেক দাবি করছে। আমি মানবিক কারণে কিছু টাকা দিতে চাই। কিন্তু সে রাজি নয় এবং জোর করে দখলে নেওয়ার হুমকি দিচ্ছে। আবার মামলা করারও হুমকি দিচ্ছে। আইনত সে কি জমি পাবে? পেলে কত ভাগ পাবে? যদি না পায় তবে সে ক্ষেত্রে আমার করণীয় কী? তবে মামলায় জড়ানোর তেমন ইচ্ছা নেই আমার","আমি হিন্দু। আমার দাদুর (মায়ের বাবা) তিন মেয়ে, কোনো ছেলে নেই। বড় মেয়ের দুই ছেলের মধ্যে বড়জন ১৯৭২ সাল থেকে ভারতে থাকেন, ছোটজন বাংলাদেশে। মেজো মেয়ে তাঁর দুই ছেলেসহ সবাই ভারতে চলে গিয়ে সেখানেই থাকছেন। ছোট মেয়ের একমাত্র ছেলে আমি। দাদু মারা যাওয়ার আগে, এমনকি আমার মায়ের বিয়েরও আগে, তাঁর বড় মেয়ে মারা যান। দাদুর পরিবারের খরচ চালানোর দায়িত্ব নেন আমার মা। সে জন্য ১৯৬৫ সালে দাদু তাঁর সব সম্পত্তি ইউপি চেয়ারম্যান আর স্থানীয় মাতব্বরদের সই রেখে আমার মায়ের নামে দানপত্র করে দেন। তবে দানপত্রটা রেজিস্ট্রি করা হয়নি। তখনকার চেয়ারম্যান মারা গেছেন, তবে সই করা মাতব্বরদের একজন এখনো বেঁচে আছেন। দানপত্রের দুটি জমি বাদে বাকি সব জমি মায়ের নামে খারিজ হয়েছে। দাদুর মৃত্যুর পর থেকে সব জমি আমরাই ভোগদখল করে আসছি। কয়েক মাস আগে মা মারা যাওয়ার পর থেকে ওই বড় মেয়ের ছোট ছেলে সব জমির অর্ধেক দাবি করছেন। মানবিক কারণে আমি তাঁকে কিছু টাকা দিতে চাই, কিন্তু তিনি রাজি নন; জোর করে দখল নেওয়ার আর মামলা করার হুমকিও দিচ্ছেন। আইনত তিনি কি জমি পাবেন? পেলে কত ভাগ পাবেন? আর না পেলে আমার কী করা উচিত? তবে মামলা-মোকদ্দমায় জড়ানোর তেমন ইচ্ছে আমার নেই।","no",""
"prot_0085_02","Sifat","216","আমার ছোট ভাই স্নাতক দ্বিতীয় বর্ষে পড়ত। প্রায় দুই বছর হলো সে সিঙ্গাপুরে আছে। সিঙ্গাপুর যাওয়ার দুই মাস পর আমরা জানতে পারি, সে দেশে থাকতে একটি মেয়েকে পছন্দ করত। তখন থেকে আমরা তাকে বোঝানোর চেষ্টা করি। কিন্তু সে অন্য পথে যায়। ফোন করে অন্য একজনের কাছে। দুজন লোক মেয়েটিকে পাইয়ে দেওয়ার আশ্বাস দেয়। বিনিময়ে তারা টাকা নিচ্ছে আমার ছোট ভাইয়ের কাছ থেকে। এখন সমস্যা হচ্ছে, সে বাড়িতে ফোন করে উল্টাপাল্টা কথা বলে। মেয়েকে ফোনে বিয়ে করতে চায়। আরও বলে, এই মেয়েকে না পেলে কোনো টাকাও দেবে না, মরে যাওয়ার ভয়ও দেখাচ্ছে। আমার আরেকটি ছোট ভাই ও ভাতিজা রয়েছে সিঙ্গাপুরে। তারা বলছে, ওকে দেখে ভারসাম্যহীন মনে হচ্ছে। ওর পছন্দের মেয়েটি নিতান্ত গরিব ঘরের। সে একসময় আমাদের বাসায় কাজ করত। এখন সে ঢাকায় একটি বাসায় কাজ করে। তাকে দুটি মোবাইল ফোনসেটও কিনে দিয়েছে আমার ছোট ভাই। একটি মেয়ের মা, অন্যটি মেয়ে ব্যবহার করে। মেয়েটি দেখতে ভালো নয়। তাদের পরিবারের সদস্যদের সম্পর্কে সবার ধারণাও ভালো না। মেয়েটির বাবা অনেক আগেই ওদের ফেলে চলে গেছে। এসব কারণে এ সম্পর্ক মেনে নেওয়া আমাদের পক্ষে সম্ভব নয়। মেয়েটির সঙ্গে আমার ছোট ভাইয়ের কোনো শারীরিক সম্পর্ক হয়নি। কারণ, সে বিদেশ যাওয়ার সময় মেয়েটির বয়স কম ছিল। দুই মাস পর ভাই দেশে ফিরবে। আমার বাবা একজন সহজ-সরল মানুষ। তিনি বলছেন, এই মেয়েকে বিয়ে করলে তিনি আত্মহত্যা করবেন। এ সমস্যা থেকে মুক্তির পথ আছে কি?","আমার ছোট ভাই স্নাতক দ্বিতীয় বর্ষে পড়ত, প্রায় দুই বছর হলো সিঙ্গাপুরে আছে। সিঙ্গাপুর যাওয়ার দুই মাস পর আমরা জানতে পারি, দেশে থাকতে সে একটা মেয়েকে পছন্দ করত। তখন থেকেই আমরা ওকে বোঝানোর চেষ্টা করছি, কিন্তু সে উল্টো পথে হাঁটছে। অন্য একজনকে ফোন করে; দুজন লোক মেয়েটাকে পাইয়ে দেওয়ার আশ্বাস দিয়ে বিনিময়ে ভাইয়ের কাছ থেকে টাকা নিচ্ছে। এখন সমস্যা হলো, সে বাড়িতে ফোন করে আবোলতাবোল কথা বলে, ফোনেই মেয়েটাকে বিয়ে করতে চায়। বলে, এই মেয়েকে না পেলে কোনো টাকাও দেবে না, মরে যাওয়ার ভয়ও দেখায়। সিঙ্গাপুরে আমার আরেক ছোট ভাই আর এক ভাতিজাও আছে; ওরা বলছে, ওকে দেখে মানসিক ভারসাম্যহীন মনে হচ্ছে। ওর পছন্দের মেয়েটা খুবই গরিব ঘরের, একসময় আমাদের বাসায় কাজ করত, এখন ঢাকায় অন্য একটা বাসায় কাজ করে। ছোট ভাই ওকে দুটো মোবাইল ফোনও কিনে দিয়েছে—একটা মেয়েটার মা চালায়, আরেকটা মেয়েটা নিজে। মেয়েটা দেখতেও ভালো না, আর ওদের পরিবারের লোকজন সম্পর্কেও কারও ধারণা ভালো না। মেয়েটার বাবা অনেক আগেই ওদের ফেলে চলে গেছে। এসব কারণে এই সম্পর্ক মেনে নেওয়া আমাদের পক্ষে অসম্ভব। মেয়েটার সঙ্গে ভাইয়ের কোনো শারীরিক সম্পর্ক হয়নি, কারণ ভাই যখন বিদেশে যায় তখন মেয়েটার বয়স কম ছিল। দুই মাস পর ভাই দেশে ফিরবে। আমার বাবা খুব সহজ-সরল মানুষ; তিনি বলছেন, ভাই এই মেয়েকে বিয়ে করলে তিনি আত্মহত্যা করবেন। এই ঝামেলা থেকে বের হওয়ার কি কোনো উপায় আছে?","no",""
"prot_0086_03","Sifat","83","২০০১ সালে আমি সরকারি চাকরিজীবী তালাকপ্রাপ্ত একজন মহিলাকে রেজিস্ট্রির মাধ্যমে বিয়ে করি। আমাদের বিবাহিত জীবনে কোনো সন্তান হয়নি। স্ত্রীর আগের স্বামীর ঘরে এক মেয়ে আছে এবং ওই মেয়ের বাবা অর্থাত্ আমার স্ত্রীর আগের স্বামী জীবিত। তার মেয়েটি বিবাহিত ও দুই সন্তানের জননী। গত বছর আমার স্ত্রী অসুস্থজনিত কারণে মারা যান। মারা যাওয়ার তিন/চার মাস আগেই আমার অজান্তে তার গ্রাচুইটি, পেনশন, ডিপিএস ও স্থাবর-অস্থাবর সম্পত্তি নমিনি হিসেবে তার মেয়েকে নির্ধারণ করে যান। আমি বেঁচে থাকা অবস্থায় এই নমিনি আইনগতভাবে কতটুকু কার্যকর? নূরুল ইসলাম ময়মনসিংহ","২০০১ সালে আমি সরকারি চাকরি করা এক তালাকপ্রাপ্ত মহিলাকে রেজিস্ট্রি করে বিয়ে করি। আমাদের বিবাহিত জীবনে কোনো সন্তান হয়নি। আগের স্বামীর ঘরে আমার স্ত্রীর একটা মেয়ে আছে, আর সেই মেয়ের বাবা, মানে আমার স্ত্রীর আগের স্বামী, এখনো বেঁচে আছেন। মেয়েটি বিবাহিত, দুই সন্তানের মা। গত বছর অসুস্থ হয়ে আমার স্ত্রী মারা যান। মারা যাওয়ার তিন-চার মাস আগে আমাকে না জানিয়ে তিনি তাঁর গ্র্যাচুইটি, পেনশন, ডিপিএস আর স্থাবর-অস্থাবর সম্পত্তিতে নমিনি হিসেবে তাঁর মেয়েকে ঠিক করে যান। আমি বেঁচে থাকতে এই নমিনি আইনের চোখে কতটা কার্যকর?","yes","Removed signature (name, district)."
"prot_0087_03","Sifat","124","কয়েক মাস আগে আমি ভোটার পরিচয়পত্র হারিয়ে ফেলি। এ নিয়ে খুব চিন্তায় ছিলাম। কয়েকদিন পর জানতে পারলাম, এক বন্ধু সেটি খুঁজে পেয়েছে। শুনে নিশ্চিন্ত হলাম। কিন্তু তার কাছে পরিচয়পত্রটি চাইলে তা দিতে সে অস্বীকার করে। জানায় টাকা না দিলে সে কার্ডটি ফেরত দেবে না। ভেবেছিলাম সে বোধহয় মজা করছে। তিন হাজার ৫০০ টাকা ছাড়া পরিচয়পত্রটি দেবে না বলে জানায়। এমনকি নানা ভয়ও দেখায়। এ ঘটনায় আমাদের বন্ধুত্ব নষ্ট হয়ে গেল। এখন আমি তার বিরুদ্ধে থানায় সাধারণ ডায়েরি (জিডি) করতে চাই। এ জন্য পুলিশ আমার কাছ থেকে কী কী তথ্য চাইবে। আর জিডি করার পর আমার বন্ধুটি যদি জানতে পারে বা জানার পর সে যদি আমার বিরুদ্ধে উল্টো আইনানুগ ব্যবস্থা নিতে চায়, তাহলে সেটা কীভাবে মোকাবিলা করা সম্ভব? আমার পরিচয়পত্রটি আমি কীভাবে উদ্ধার করতে পারি—জানাবেন","কয়েক মাস আগে আমার ভোটার আইডি কার্ড হারিয়ে যায়, এ নিয়ে খুব দুশ্চিন্তায় ছিলাম। কয়েক দিন পর জানলাম, আমার এক বন্ধু সেটা খুঁজে পেয়েছে। শুনে স্বস্তি পেলাম। কিন্তু ওর কাছে কার্ডটা চাইতেই সে দিতে অস্বীকার করে, বলে টাকা না দিলে ফেরত দেবে না। প্রথমে ভেবেছিলাম মজা করছে। কিন্তু সে জানিয়ে দেয়, তিন হাজার ৫০০ টাকা না দিলে কার্ড দেবে না, নানা রকম ভয়ও দেখায়। এই ঘটনায় আমাদের বন্ধুত্বটাই নষ্ট হয়ে গেল। এখন আমি ওর বিরুদ্ধে থানায় একটা সাধারণ ডায়েরি (জিডি) করতে চাই। এর জন্য পুলিশ আমার কাছে কী কী তথ্য চাইবে? আর জিডির কথা বন্ধুটা জেনে গেলে, বা জানার পর যদি উল্টো আমার বিরুদ্ধে আইনি ব্যবস্থা নিতে চায়, সেটা কীভাবে সামলাব? আমার আইডি কার্ডটা কীভাবে ফেরত পেতে পারি—জানালে উপকার হবে।","no",""
"prot_0088_03","Sifat","132","আমার বয়স ২৫। আমি স্নাতক (সম্মান) দ্বিতীয় বর্ষে পড়ি। চার বছর ধরে একটি মেয়ের সঙ্গে আমার সম্পর্ক। তার বয়স ১৮। গত ৭ জুলাই আমরা কোর্ট ম্যারেজ করে ফেলি। সবার অজান্তে আমি রাতে বাসায় গিয়ে ওর সঙ্গে শারীরিকভাবে মিলিত হতাম। হঠাত্ এক রাতে ওর মায়ের চোখে ধরা পড়ে গেলাম। তখন আমাদের বিয়ের ব্যাপারটি জানাজানি হয়ে যায়। মেয়েটি দশম শ্রেণীতে পড়ত। ঘটনা জানার পর তার স্কুলে যাওয়া বন্ধ। আমি খবর পেয়েছি, তার বাবা ও ভাই তাকে অনেক অত্যাচার করছে। আমাকে প্রাণনাশের হুমকি দিচ্ছে। এখন ভয়ে আমি দিন কাটাচ্ছি। আমাকে তালাক দিতে বাধ্য করবে বলে শুনছি। এখন আমি তার সঙ্গে যোগাযোগ করতে পারছি না। সে অন্তঃসত্ত্বা কি না তাও জানি না। যদি অন্তঃসত্ত্বা হয়ে থাকে, আমি কী করতে পারি? আমি তাকে ছাড়া বাঁচব না। আমি কীভাবে তাকে নিয়ে সংসার করতে পারি সে ব্যাপারে পরামর্শ চাই","আমার বয়স ২৫, স্নাতক (সম্মান) দ্বিতীয় বর্ষে পড়ি। চার বছর ধরে একটা মেয়ের সঙ্গে সম্পর্ক, ওর বয়স ১৮। গত ৭ জুলাই আমরা কোর্ট ম্যারেজ করে ফেলি। সবাইকে লুকিয়ে রাতে ওদের বাসায় গিয়ে ওর সঙ্গে শারীরিকভাবে মিলিত হতাম। হঠাৎ এক রাতে ওর মায়ের কাছে ধরা পড়ে যাই, তখন আমাদের বিয়ের কথা জানাজানি হয়ে যায়। মেয়েটি দশম শ্রেণিতে পড়ত; ঘটনা জানাজানির পর থেকে ওর স্কুলে যাওয়া বন্ধ। খবর পেয়েছি, ওর বাবা আর ভাই ওর ওপর খুব অত্যাচার করছে, আর আমাকে মেরে ফেলার হুমকি দিচ্ছে। এখন ভয়ে ভয়ে দিন কাটাচ্ছি। শুনছি, আমাকে তালাক দিতে ওকে বাধ্য করবে। এখন ওর সঙ্গে কোনো যোগাযোগই করতে পারছি না, ও অন্তঃসত্ত্বা কি না তা-ও জানি না। যদি অন্তঃসত্ত্বা হয়ে থাকে, তাহলে আমি কী করতে পারি? ওকে ছাড়া আমি বাঁচব না। কীভাবে ওকে নিয়ে সংসার করতে পারি, সে ব্যাপারে পরামর্শ চাই।","no",""
"prot_0091_04","Sifat","180","আমার বয়স যখন মাত্র নয় মাস, তখনই আমার বাবার বিভিন্ন অসত্সঙ্গের কারণে আমার মাকে তালাক দেন। তাই আজ পর্যন্ত বাবার আদর কী জিনিস তা আমি জানি না। পরে আমার বাবা আবারও বিয়ে করেন এবং ওই সংসারে এখন তাঁর তিন ছেলে ও এক মেয়ে রয়েছে। আজ পর্যন্ত আমি নানাবাড়িতেই আছি। আমার বয়স এখন ৩০ বছর। আমি বিবাহিত ও তিন বছরের একটি ছেলে আছে। আমি ছোটখাটো একজন স্বর্ণকার এবং বাবার সম্পত্তি থাকার পরও ভোগ করতে না পারার কারণে আর্থিক সংকটে ভুগছি। আমার বাবা বর্তমানে জীবিত। তিন-চার বিঘা জমি ও ভিটেবাড়ি আছে। বাবা আমাকে বলেছেন, আমি যদি স্ত্রী-সন্তানসহ তাঁর কাছে এখনো ফিরে যাই, তাহলে আমাকে তাঁর সম্পত্তির ভাগসহ বাড়ি বানিয়ে দেবেন। তিনি আমাকে খুব ভালোবাসেন, কিন্তু আমার মায়ের সঙ্গে অন্যায় আচরণের কারণে বর্তমানে তাঁর সঙ্গে আমার ভালো সম্পর্ক নেই। যখন আমি বুঝতে শিখেছি, তখন থেকেই বাবার প্রতি আমার একটা ঘৃণাবোধ কাজ করে। তাই আমি শেষ পর্যন্ত আমার নানাবাড়িতেই থাকতে চাই।আমি বাবার সম্পত্তির ভাগ চাই; কিন্তু তাঁর কাছে যেতে চাই না। এ অবস্থায় আমি কি বাবার সম্পত্তির ভাগ পাব না? তিনি যদি আমাকে ত্যাজ্যপুত্র ঘোষণা করেন, তাহলে সম্পত্তির ভাগ পাওয়ার উপায় কী?মো. মাহাবুবার রহমানদিনাজপুর","আমার বয়স যখন মাত্র নয় মাস, তখনই বাবা নানা খারাপ সঙ্গে জড়িয়ে পড়ে মাকে তালাক দেন। তাই বাবার আদর কাকে বলে, আজও জানি না। পরে বাবা আবার বিয়ে করেন; সেই সংসারে এখন তাঁর তিন ছেলে আর এক মেয়ে। আমি আজ পর্যন্ত নানাবাড়িতেই থাকি। এখন আমার বয়স ৩০, বিয়ে করেছি, তিন বছরের একটা ছেলে আছে। আমি ছোটখাটো একজন স্বর্ণকার; বাবার সম্পত্তি থাকা সত্ত্বেও ভোগ করতে না পারায় টাকার টানাটানিতে আছি। বাবা এখনো বেঁচে আছেন, তাঁর তিন-চার বিঘা জমি আর ভিটেবাড়ি আছে। বাবা বলেছেন, আমি যদি এখনো বউ-বাচ্চা নিয়ে তাঁর কাছে ফিরে যাই, তাহলে সম্পত্তির ভাগ তো দেবেনই, বাড়িও বানিয়ে দেবেন। তিনি আমাকে খুব ভালোবাসেন, কিন্তু মায়ের সঙ্গে অন্যায় করার কারণে এখন তাঁর সঙ্গে আমার সম্পর্ক ভালো না। বুঝতে শেখার পর থেকেই বাবার প্রতি একটা ঘৃণা কাজ করে, তাই শেষ পর্যন্ত নানাবাড়িতেই থাকতে চাই। আমি বাবার সম্পত্তির ভাগ চাই, কিন্তু তাঁর কাছে যেতে চাই না। এ অবস্থায় কি আমি বাবার সম্পত্তির ভাগ পাব না? আর তিনি যদি আমাকে ত্যাজ্যপুত্র ঘোষণা করেন, তাহলে ভাগ পাওয়ার উপায় কী?","yes","Removed signature (name, district)."
"prot_0093_01","Sifat","38","বিবাহিত জীবনে আমাদের কোনো সন্তান নেই। তাঁর সঙ্গে আমি আর সংসার করতে চাচ্ছি না। তিনিও আমার সঙ্গে থাকতে চাচ্ছেন না। কিন্তু আমাদের ধর্মমতে বিবাহবিচ্ছেদের কোনো বিধান নেই বলে জানি। এ বিষয়ে আমরা কী ধরনের আইনি পদক্ষেপ নিতে পারি?","আমাদের সংসারে কোনো সন্তান নেই। ওনার সঙ্গে আমি আর ঘর করতে চাই না, উনিও আমার সঙ্গে থাকতে রাজি নন। কিন্তু আমার জানামতে, আমাদের ধর্মে ডিভোর্সের কোনো ব্যবস্থা নেই। তাহলে আইনের দিক থেকে আমরা কী করতে পারি?","no",""
"prot_0100_01","Sifat","29","যেকোনো আইনি সমস্যা ও প্রশ্ন থাকলে লিখুন। বিজ্ঞ আইনজীবীরা পরামর্শ দেবেন। ঠিকানা: আইন অধিকার, প্রথম আলো, ১০০ কাজী নজরুল ইসলাম এভিনিউ, কারওয়ান বাজার, ঢাকা-১২১৫। ্পিত সম্পত্তির মালিক হবেন কে?","আইনি যেকোনো সমস্যা বা প্রশ্ন থাকলে লিখে পাঠান, অভিজ্ঞ আইনজীবীরা পরামর্শ দেবেন। ঠিকানা: পত্রিকার আইন বিষয়ক পাতার দপ্তর। অর্পিত সম্পত্তির মালিক কে হবেন?","yes","Broken text: newspaper boilerplate (call for letters with the paper's postal address, generalised) glued before a truncated question fragment about who owns vested property."
"prot_0100_07","Sifat","8","৫. এবং ওই অর্পিত সম্পত্তির মালিক হবেন কে?","৫. আর ওই অর্পিত সম্পত্তির মালিক শেষ পর্যন্ত কে হবেন?","no","Numbered follow-up fragment from a multi-question letter."
"prot_0103_03","Sifat","12","আর তালাকের পর আমার সন্তানের ভরণপোষণ ও দেনমোহরের টাকা কি পাব আমি?","আর তালাক হয়ে গেলে কি আমি বাচ্চার ভরণপোষণের খরচ আর দেনমোহরের টাকা পাব?","no","Short follow-up fragment; context in an earlier part of the letter."
"prot_0104_04","Sifat","89","ভারতীয় নাগরিকদের সম্পত্তি অর্পিত সম্পত্তির তালিকাভুক্ত হয়েছে। সুতরাং তাঁদের পুত্র, সন্তান বা নাতি পুতি তাঁরাও যদি ভারতীয় নাগরিক হন তালিকাভুক্ত অর্পিত সম্পত্তির উত্তরাধিকার তাঁরা দাবি করতে পারবেন না। শুধু বাংলাদেশি নাগরিকেরা তাঁরা যদি দূরবর্তী উত্তরাধিকারীও হন, শুধু তাঁদের জন্যই অর্পিত সম্পত্তি প্রত্যর্পণ আইন প্রযোজ্য হবে। ৫. বর্তমানে ওই সম্পত্তি ভোগদখলকারী ব্যক্তি আমার জানামতে বন্দোবস্ত এনেছিলেন বা সেই বন্দোবস্ত এখনো হয়তো চলমান আছে (আমি নিশ্চিত নই)। সেই সুযোগ নিয়ে দখলকারী ব্যক্তি এই সম্পত্তির ওপর ট্রাইব্যুনালে দাবি পেশসহ জাল দলিল, বন্দোবস্তের কাগজ, স্মরণলিপি দাখিল করলে তা এই ট্রাইব্যুনালে কতটুকু গৃহীত হবে?","ভারতীয় নাগরিকদের সম্পত্তি অর্পিত সম্পত্তির তালিকায় উঠেছে। কাজেই তাঁদের ছেলেমেয়ে বা নাতি-পুতিরাও যদি ভারতীয় নাগরিক হন, তাহলে তালিকাভুক্ত অর্পিত সম্পত্তির উত্তরাধিকার তাঁরা দাবি করতে পারবেন না। দূরসম্পর্কের উত্তরাধিকারী হলেও কেবল বাংলাদেশি নাগরিকদের ক্ষেত্রেই অর্পিত সম্পত্তি প্রত্যর্পণ আইন খাটবে। ৫. আমি যত দূর জানি, এখন যিনি ওই সম্পত্তি ভোগদখল করছেন তিনি একসময় বন্দোবস্ত নিয়েছিলেন, আর সেই বন্দোবস্ত হয়তো এখনো চালু আছে (নিশ্চিত নই)। এই সুযোগে দখলদার যদি ট্রাইব্যুনালে দাবি জানিয়ে জাল দলিল, বন্দোবস্তের কাগজ আর স্মরণলিপি জমা দেন, তাহলে ট্রাইব্যুনাল সেগুলো কতটা গ্রহণ করবে?","no","Starts with the columnist's reply to an earlier item; the actual question is item 5 at the end."
"prot_0106_02","Sifat","61","ওই আইনজীবী আমার মায়ের কাছ থেকে কিংবা হাউস বিল্ডিং কর্তৃপক্ষের কাছ থেকে কোনো প্রকার দলিল বা কাগজ বুঝে নেননি। কিন্তু সেই জমিতে তিনি বসবাস করছেন। উল্লেখ্য, সেই চার শতাংশ জমির সঙ্গে এখনো আট শতাংশ জমি আমাদের নামে। যেখানে আমরা বাস করছি। এ অবস্থায় আমরা কি হাউস বিল্ডিংয়ের ঋণের টাকা এবং ওই লোকের বায়নার টাকা পরিশোধ করে সেই জায়গা ফেরত পেতে পারি?","ওই আইনজীবী আমার মা বা হাউস বিল্ডিং কর্তৃপক্ষ—কারও কাছ থেকেই কোনো দলিল বা কাগজপত্র বুঝে নেননি, অথচ ওই জমিতে তিনি থাকছেন। বলে রাখি, ওই চার শতাংশের সঙ্গে আরও আট শতাংশ জমি এখনো আমাদের নামে আছে, সেখানেই আমরা থাকি। এ অবস্থায় হাউস বিল্ডিংয়ের ঋণের টাকা আর ওই লোকের দেওয়া বায়নার টাকা শোধ করে দিলে কি আমরা জায়গাটা ফেরত পেতে পারি?","no","Text starts mid-story; the earlier part of the letter is not included."
"prot_0107_06","Sifat","45","৩. সমাজের কিছু ব্যক্তি বলে থাকে, ১৪-১৫ বছর ধরে কোনো মামলার আসামি যদি পলাতক থাকে, তার আর কোনো ভয় নেই। সে দেশে এসে নির্ভয়ে স্বাভাবিক জীবন যাপন করতে পারবে। তাদের ধারণা, মামলার বয়স বেশি হলে মামলাটি আপনা-আপনি ফাইলবন্দী হয়ে খারিজ হয়ে যায়। কথাটি কি ঠিক?","৩. সমাজের কেউ কেউ বলে, কোনো মামলার আসামি যদি ১৪-১৫ বছর পালিয়ে থাকে, তাহলে তার আর কোনো ভয় থাকে না; দেশে ফিরে নিশ্চিন্তে স্বাভাবিক জীবন কাটাতে পারে। ওদের ধারণা, মামলা পুরোনো হয়ে গেলে সেটা নিজে থেকেই ফাইলচাপা পড়ে খারিজ হয়ে যায়। কথাটা কি সত্যি?","no","Numbered follow-up item from a multi-question letter."
"prot_0109_04","Sifat","45","বাংলাদেশ রেলওয়ের পক্ষে পূর্বাঞ্চল জোনের জিএম (জেনারেল ম্যানেজার) স্বাক্ষর করেন। প্রতিশ্রুতি ও আনুষঙ্গিক বিষয়সমূহ তৎকালীন সব দৈনিক পত্রিকায় প্রকাশিত হয়। সেই সময় আমি একজন স্কুলবালক ছিলাম। তাই এ ব্যাপারে কী করণীয় তা ঠিক করতে পারিনি। এই মুহূর্তে প্রাপ্য দাবি আদায়ে আমি কী পদক্ষেপ নিতে পারি?","বাংলাদেশ রেলওয়ের পক্ষ থেকে পূর্বাঞ্চলের জিএম (জেনারেল ম্যানেজার) তাতে সই করেছিলেন। সেই প্রতিশ্রুতি আর সংশ্লিষ্ট বিষয়গুলো তখনকার সব দৈনিক পত্রিকায় ছাপা হয়েছিল। তখন আমি স্কুলে পড়া ছোট ছেলে, তাই কী করা উচিত বুঝে উঠতে পারিনি। এখন আমার পাওনা আদায়ের জন্য কী পদক্ষেপ নিতে পারি?","no","Text starts mid-story; the earlier part (what was promised) is not included."
"prot_0111_04","Sifat","75","আমি প্রায় তিন মাস বাংলাদেশে অবস্থান করব। চুক্তিতে উল্লেখ থাকা সত্ত্বেও তারা আমাকে এক বছরের মধ্যে কোনো ভাড়া দেয়নি। উপরন্তু, পানি, গ্যাস, বিদ্যুতের জন্য চুক্তিতে উল্লেখিত দুই লাখ টাকা দেওয়া সত্ত্বেও ডেভেলপার প্রায় এক সপ্তাহ আগে অবৈধভাবে বিল্ডিংয়ে গ্যাসের সংযোগ দেয়। আমি গ্যাসের ডিমান্ড নোট চাইলে আমার অংশের গ্যাস-সংযোগ বিচ্ছিন্ন করার হুমকি দেয় এবং বিদ্যুতের সোলার সিস্টেমের জন্য আমার কাছে আরও অর্থ দাবি করে। চুক্তিতে উল্লেখ না থাকা সত্ত্বেও আমি কি এই টাকা দিতে বাধ্য?","আমি মোটামুটি তিন মাস বাংলাদেশে থাকব। চুক্তিতে লেখা থাকলেও এক বছরে ওরা আমাকে কোনো ভাড়াই দেয়নি। তার ওপর পানি, গ্যাস আর বিদ্যুতের জন্য চুক্তিতে যে দুই লাখ টাকার কথা ছিল, সেটা দেওয়ার পরও ডেভেলপার সপ্তাহখানেক আগে বিল্ডিংয়ে অবৈধভাবে গ্যাসের লাইন দিয়েছে। আমি গ্যাসের ডিমান্ড নোট দেখতে চাইলে আমার অংশের গ্যাস লাইন কেটে দেওয়ার হুমকি দেয়, আর বিদ্যুতের সোলার সিস্টেমের জন্য আমার কাছে আরও টাকা চায়। চুক্তিতে এর কোনো উল্লেখ না থাকলেও কি এই টাকা দিতে আমি বাধ্য?","no","Text starts mid-story; the earlier part describing the developer agreement is not included."
"prot_0114_06","Sifat","49","উল্লিখিত আইনত বাধ্যবাধকতা না থাকার সুযোগে আর্থিক ও মানসিকভাবে ক্ষতিগ্রস্ত করে অন্যায় চাপ সৃষ্টি করার মাধ্যমে প্রথম পক্ষ অন্যায়ভাবে লাভবান হওয়ার অপচেষ্টা করছে। অপরদিকে, দ্বিতীয় পক্ষ নিজের স্বত্বদখলীয় জমি থেকে ভোগদখলে মামলার হয়রানির শিকার হয়ে বসতভিটাতে বসবাস করা দুরূহ হচ্ছে। এমতাবস্থায় উল্লিখিত হয়রানি থেকে আমি কীভাবে রেহাই পেতে পারি?","ওপরে বলা আইনি বাধ্যবাধকতা না থাকার সুযোগ নিয়ে প্রথম পক্ষ আর্থিক ও মানসিকভাবে ক্ষতি করে অন্যায় চাপ দিয়ে নিজেরা অন্যায়ভাবে লাভবান হতে চাইছে। অন্যদিকে দ্বিতীয় পক্ষ নিজের মালিকানা ও দখলে থাকা জমি ভোগ করতে গিয়ে মামলার হয়রানিতে পড়ছে, ফলে নিজের বসতভিটায় থাকাটাই কঠিন হয়ে গেছে। এ অবস্থায় এই হয়রানি থেকে আমি কীভাবে মুক্তি পেতে পারি?","no","Text starts mid-story; 'first party' and 'second party' refer to details given earlier in the letter."
"prot_0115_03","Sifat","126","আমার বয়স ২৬। বিয়ে হয়েছে প্রায় তিন বছর। ভালোবেসে নিজের পছন্দে বিয়ে করি। আমার স্বামী আমার চেয়ে প্রায় ছয় বছরের বড়। তাঁকে বিয়ে করার পর থেকে তিনি আমার মা-বাবার সঙ্গে যোগাযোগ করতে বাধা দিয়েছেন। আমি তাঁর কোনো কথার অবাধ্য হলে প্রায়ই আমাকে গালাগাল করেন এবং আমার গায়ে হাত তোলেন। আমি ইতিমধ্যে দুবার গর্ভবতী হলে তিনি আমাকে এমআর করে বাচ্চা নষ্ট করতে বাধ্য করেন। এতে আমার প্রজনন স্বাস্থ্যের ক্ষতি হচ্ছে। মাঝেমধ্যে আমার ইচ্ছা না থাকলেও আমাকে শারীরিক মেলামেশায় বাধ্য করেন। তাঁর এত সব নির্যাতন সত্ত্বেও আমি সব মেনে নিয়ে তাঁর সংসার করছি। কিন্তু আমি আর এ নির্যাতন সহ্য করতে পারছি না। আমি আমার স্বামীকে প্রচণ্ড ভালোবাসি, তাঁকে ত্যাগ করতে চাচ্ছি না। এমতাবস্থায় এসব নির্যাতন থেকে রেহাই পেতে আমার স্বামীর বিরুদ্ধে আমি কি কোনো আইনি ব্যবস্থা নিতে পারি?","আমার বয়স ২৬, বিয়ে হয়েছে প্রায় তিন বছর। ভালোবেসে নিজের পছন্দেই বিয়ে করেছি। স্বামী আমার চেয়ে প্রায় ছয় বছরের বড়। বিয়ের পর থেকেই তিনি আমাকে বাবা-মায়ের সঙ্গে যোগাযোগ রাখতে দেন না। তাঁর কোনো কথা না শুনলেই প্রায়ই গালাগাল করেন, গায়ে হাত তোলেন। এর মধ্যে দুবার আমি অন্তঃসত্ত্বা হয়েছিলাম, দুবারই তিনি জোর করে এমআর করিয়ে বাচ্চা নষ্ট করিয়েছেন। এতে আমার প্রজনন স্বাস্থ্যের ক্ষতি হচ্ছে। মাঝে মাঝে আমার ইচ্ছা না থাকলেও জোর করে শারীরিক সম্পর্ক করেন। এত নির্যাতনের পরও সব মুখ বুজে মেনে নিয়ে সংসার করে যাচ্ছি। কিন্তু এই অত্যাচার আর সহ্য করতে পারছি না। স্বামীকে আমি ভীষণ ভালোবাসি, তাঁকে ছেড়ে যেতে চাই না। এ অবস্থায় এসব নির্যাতন থেকে বাঁচতে স্বামীর বিরুদ্ধে কি কোনো আইনি ব্যবস্থা নিতে পারি?","no",""
"prot_0121_02","Sifat","35","মুকুল সাহেব নাটোর। পরামর্শ: নানা যদি তাঁর সম্পত্তি ছেলেদের দান করে দিয়ে থাকেন এবং এই সম্পত্তি যদি ছেলেদের নামে হস্তান্তর করে থাকেন, তাহলে এই সম্পত্তির মালিক নানার ছেলেরা। এখানে লিখে দেওয়া বলতে কী দান বোঝাচ্ছেন?","পরামর্শ: নানা যদি তাঁর সম্পত্তি ছেলেদের দান করে থাকেন এবং সেই সম্পত্তি ছেলেদের নামে হস্তান্তরও করে থাকেন, তাহলে ওই সম্পত্তির মালিক নানার ছেলেরাই। এখানে ‘লিখে দেওয়া’ বলতে কি আপনি দান করার কথা বোঝাতে চেয়েছেন?","yes","Not a question: the letter-writer's signature (name, district; removed) followed by the columnist's reply."
"prot_0126_02","Sifat","8","আমরা মামলা করে কি ওই জায়গা পেতে পারি?","মামলা করে কি জায়গাটা আমাদের হাতে আসবে?","no","Short follow-up fragment; context in an earlier part of the letter."
"prot_0135_01","Sifat","57","আমরা তিন ভাই ও এক বোন। ছোট ভাই স্ত্রী ও এক কন্যা রেখে মারা গেছেন। এখন আমরা কি ছোট ভাইয়ের সম্পত্তি পাব? এরই মধ্যে মেজ ভাই ছোট ভাইয়ের সম্পত্তি কিনে নিয়েছেন। এই দলিলে আমার আর বোনের সাক্ষী হিসেবে স্বাক্ষর নিয়েছেন। এতে করে আমাদের প্রাপ্য স্বত্ব কি নষ্ট হয়ে গেছে? আমরা কী করে প্রাপ্য স্বত্ব প্রতিষ্ঠিত করতে পারি?","আমরা তিন ভাই আর এক বোন। আমাদের ছোট ভাই বউ আর একটা মেয়ে রেখে মারা গেছেন। এখন কি ছোট ভাইয়ের সম্পত্তিতে আমরা ভাগ পাব? এর মধ্যেই মেজো ভাই ছোট ভাইয়ের সম্পত্তি কিনে নিয়েছেন, আর সেই দলিলে আমার আর বোনের সই নিয়েছেন সাক্ষী হিসেবে। এতে কি আমাদের পাওনা অধিকার নষ্ট হয়ে গেল? কীভাবে আমরা আমাদের প্রাপ্য স্বত্ব প্রতিষ্ঠা করতে পারি?","no",""
"prot_0137_01","Sifat","151","পত্রপত্রিকায় প্রায়ই খবর আসে অমুক গ্রামে গ্রাম্য সালিসে কোনো ব্যক্তি বা পরিবারকে এই বা ওই শাস্তি দেওয়া হয়েছে। দেশের প্রচলিত আইনে গ্রাম্য সালিস বৈধ কি না? বৈধ হলে এর এখতিয়ার কতটুকু? গ্রাম্য সালিসে শাস্তি দেওয়া গেলে তার সর্বোচ্চ মাত্রা কত? সমাজের বা গ্রামের কোনো প্রচলিত নিয়মকে চরমভাবে উপেক্ষা করলে কিংবা গ্রামের শৃঙ্খলা বিঘ্নিত হয় এমন কোনো কাজে জড়িত থাকার অভিযোগে গ্রামের সব মানুষের সিদ্ধান্তক্রমে অভিযুক্ত ব্যক্তিকে সমাজচ্যুত বা একঘরে করে রাখা যায় কি? একঘরে করা আইনের সঙ্গে সামঞ্জস্য কি না? কোনো কারণে সমাজচ্যুত করা যায় কি? উল্লেখ্য, সমাজচ্যুত করার অর্থ হলো অভিযুক্ত ব্যক্তির সঙ্গে সামগ্রিকভাবে সব লেনদেন, কথাবার্তা, মেলামেশা বন্ধ করে দিয়ে তাকে গ্রামের সিদ্ধান্ত মেনে নিতে বাধ্য করা হয়। যখন ওই ব্যক্তি তার ভুল গ্রামের মানুষের সামনে স্বীকার করে এবং এ মর্মে প্রতিশ্রুতি দেয় যে আর এ রকম করবে না, তখন তাকে আবার সমাজে স্বাভাবিকভাবে মেনে নেওয়া হয়। বিষয়টির আইনি দিক সম্পর্কে বিস্তারিত জানতে চাই। মো. সরফরাজ আলম ঢাকা বিশ্ববিদ্যালয়","পত্রপত্রিকায় প্রায়ই খবর আসে, অমুক গ্রামে গ্রাম্য সালিসে কোনো মানুষ বা পরিবারকে এই-সেই শাস্তি দেওয়া হয়েছে। দেশের প্রচলিত আইনে গ্রাম্য সালিস কি বৈধ? বৈধ হলে তার ক্ষমতা কতখানি? গ্রাম্য সালিসে শাস্তি দেওয়া গেলে সর্বোচ্চ কতটা শাস্তি দেওয়া যায়? সমাজ বা গ্রামের কোনো প্রচলিত নিয়ম একেবারে অমান্য করলে, কিংবা গ্রামের শৃঙ্খলা নষ্ট হয় এমন কাজে জড়ানোর অভিযোগে, গ্রামের সবার সিদ্ধান্তে অভিযুক্ত লোককে কি সমাজচ্যুত বা একঘরে করে রাখা যায়? একঘরে করা কি আইনের সঙ্গে মেলে? কোনো কারণে কাউকে সমাজচ্যুত করা কি যায়? বলে রাখি, সমাজচ্যুত করা মানে অভিযুক্ত লোকটার সঙ্গে সব ধরনের লেনদেন, কথাবার্তা আর মেলামেশা পুরোপুরি বন্ধ করে দিয়ে তাকে গ্রামের সিদ্ধান্ত মানতে বাধ্য করা। লোকটা যখন গ্রামের মানুষের সামনে নিজের ভুল স্বীকার করে আর কথা দেয় যে আর এমন করবে না, তখন আবার তাকে স্বাভাবিকভাবে সমাজে ফিরিয়ে নেওয়া হয়। বিষয়টার আইনি দিক নিয়ে বিস্তারিত জানতে চাই।","yes","Removed signature (name, university)."
