"qid","annotator","n_words","question_bn","paraphrase","pii_removed","notes"
"ajke_0144_02","Sorup","14","৯০ দিন পর যদি আমরা আবার সংসার করতে চাই, তাহলে কি হিল্লা করাতে হবে?","৯০ দিন পার হওয়ার পর আমরা যদি আবার একসাথে ঘর-সংসার শুরু করতে চাই, তখন কি হিল্লা বিয়ে করাতেই হবে?","no","Follow-up fragment: the earlier context (the talaq) is not in the text"
"ajke_0160_01","Sorup","34","কিন্তু স্বামী আমাকে কিছু বলেনি এবং ডিভোর্সও দিচ্ছে না। আমি বলেছি, আমার কোনো দাবি নেই। তবু আমার শ্বশুরবাড়ির লোকজন চায়, আমি ডিভোর্স পেপার দিই। কিন্তু আমি দিতে চাই না। এমন অবস্থায় কী করতে পারি?","কিন্তু আমার স্বামী নিজে আমাকে কিছুই জানায়নি, ডিভোর্সও দিচ্ছে না। আমি তো বলেই দিয়েছি, আমার কিছু চাওয়ার নেই। তারপরও শ্বশুরবাড়ির লোকেরা চাইছে আমিই ডিভোর্সের কাগজ পাঠাই। আমি সেটা দিতে রাজি না। এই অবস্থায় আমার কী করার আছে?","no","Text starts mid-story (beginning cut off)"
"ajke_0170_01","Sorup","64","নিরাপদ এবং নিশ্চিত কর্মপরিবেশ পাওয়া যেকোনো কর্মজীবী মানুষের একটি মৌলিক চাহিদা। কর্মপরিবেশ ও কর্মস্থল নিরাপদ যদি না হয়, সেখানে নারী কিংবা পুরুষ—কেউ নিরাপদ নন। আর এ বিষয়টি শুধু চাকরিজীবনে নয়, ব্যক্তিগত জীবনেও মানসিক চাপ সৃষ্টি করে। হেঁটে গেলে অন্য সহকর্মীরা আপনার দিকে কীভাবে তাকাচ্ছেন, কিংবা দুজন সহকর্মী দাঁড়িয়ে আপনাকে নিয়ে কী ধরনের মন্তব্য করছেন, এটা ভেবেই যদি সময় চলে যায়, তাহলে কাজ করবেন কখন?","যে কোনো চাকরিজীবী মানুষের জন্য নিরাপদ আর নিশ্চিন্ত একটা কাজের জায়গা থাকা খুব দরকারি। অফিস বা কাজের পরিবেশ যদি নিরাপদ না হয়, তাহলে মেয়ে হোক বা ছেলে, কেউই সেখানে নিরাপদ না। আর এর চাপ শুধু চাকরিতেই থাকে না, ব্যক্তিগত জীবনেও মনের ওপর পড়ে। হাঁটার সময় সহকর্মীরা কীভাবে তাকাচ্ছে, বা দুজন দাঁড়িয়ে আপনাকে নিয়ে কী বলাবলি করছে, এসব ভাবতে ভাবতেই যদি দিন চলে যায়, তাহলে কাজটা করবেন কখন?","no","No explicit question; reads like a column intro about workplace harassment"
"ajke_0180_01","Sorup","8","স্বামীর শারীরিক নির্যাতন থেকে বাঁচতে কী করা যায়?","স্বামী গায়ে হাত তোলে, এই মারধর থেকে বাঁচার উপায় কী?","no",""
"ajke_0195_01","Sorup","75","প্রশ্ন: আমি একজন গ্রাফিকস ডিজাইনার। অনলাইনে বিভিন্ন ক্লায়েন্টের কাজ করে থাকি। কিন্তু অনেক সময় দেখা যায়, কিছু অসভ্য মানুষ প্রচুর পরিমাণে কাজ করিয়ে নিয়ে আইডি ব্লক করে দেয় অথবা কথা ঘোরানোসহ বিভিন্ন ধরনের ঝামেলা করে থাকে। এগুলো কোনো নতুন ঘটনা নয়। অনেকের সঙ্গেই এ ধরনের প্রতারণা হয়ে থাকে। আমি যে ক্লায়েন্টের কাজ করেছিলাম, তিনি দুবাইপ্রবাসী সিলেটের বাসিন্দা। এই মুহূর্তে আমি তাঁর কাছ থেকে কীভাবে টাকা আদায় করতে পারি অথবা কী ব্যবস্থা নিতে পারি তাঁর বিরুদ্ধে?","আমি গ্রাফিক ডিজাইনের কাজ করি। অনলাইনে নানা ক্লায়েন্টের হয়ে কাজ করে থাকি। কিন্তু প্রায়ই দেখি, কিছু বাজে লোক একগাদা কাজ করিয়ে নিয়ে তারপর আইডি ব্লক করে দেয়, নয়তো কথা ঘুরিয়ে নানা রকম ঝামেলা বাধায়। এসব নতুন কিছু না, অনেকের সাথেই এমন ঠকবাজি হয়। আমি যে ক্লায়েন্টের কাজ করেছিলাম, তিনি দুবাইতে থাকেন, তবে দেশের বাড়ি বাংলাদেশেই। এখন তাঁর কাছ থেকে আমার পাওনা টাকা কীভাবে আদায় করব, বা তাঁর বিরুদ্ধে কী ব্যবস্থা নিতে পারি?","yes","Removed client's home district"
"dail_0594_01","Sorup","80","Copyright: Any unauthorized use or reproduction of The Daily Star content for commercial purposes is strictly prohibited and constitutes copyright infringement liable to legal action. One of my Muslim friends is in love with a Hindu girl for quite a long time. Now they have decided to marry each other. Their family members do not want them to be married. They are adults and have already left their parents’ houses. Can they marry as they belong to two separate religions?","A friend of mine who is Muslim has been in a relationship with a Hindu girl for a long time, and now the two of them have made up their minds to get married. Both families are against it. They are both adults and have already moved out of their parents' homes. Since they follow two different religions, is it possible for them to marry each other?","no","Daily Star copyright boilerplate glued at the start; dropped. Kept in English like the original"
"lawy_0221_01","Sorup","12","নারী ও শিশু নির্যাতন দমন আইনের মামলায় কখন, কীভাবে জামিন পেতে পারেন?","নারী ও শিশু নির্যাতন দমন আইনে মামলা হলে জামিন কখন পাওয়া যায়, আর পেতে হলে কী করতে হয়?","no","Headline-style (article title), not a citizen's letter"
"lawy_0287_01","Sorup","9","নাবালকের বৈধ অভিভাবকত্ব ও সম্পদ বিক্রয়: আইন কি বলে?","নাবালকের আসল অভিভাবক কে, আর তার সম্পত্তি বেচা যায় কি: আইনে কী আছে?","no","Headline-style (article title)"
"lawy_0456_01","Sorup","10","করোনার ছুটিতে চেক ডিজঅনার মামলার মেয়াদ উত্তীর্ণ হলে কি হবে?","করোনার ছুটির মধ্যে চেক ডিসঅনারের মামলা করার সময়টা পার হয়ে গেলে এখন কী হবে?","no","Headline-style (article title)"
"prot_0000_01","Sorup","44","আমি একজনকে ভালোবাসি, সেও আমাকে ভালোবাসে। আমাদের সম্পর্ক চার বছরের। তাকে বাড়ি থেকে বিয়ে দিতে চাচ্ছে। আর আমিও এখনো কিছু করছি না। আমাদের সম্পর্কও মানছে না দুই পরিবার। আমরা আমাদের সম্পর্ককে এফিডেভিট করে রাখতে চাচ্ছি। এফিডেভিট করলে কি আমরা আমাদের সম্পর্ককে ধরে রাখতে পারব?","একজনকে আমি ভালোবাসি, সেও আমাকে ভালোবাসে। চার বছর ধরে আমাদের সম্পর্ক। এখন তার বাড়ি থেকে তাকে অন্য জায়গায় বিয়ে দিতে চাইছে। আমিও এখন পর্যন্ত কিছু করে উঠতে পারিনি। দুই পরিবারের কেউই আমাদের সম্পর্ক মানছে না। আমরা ভাবছি এফিডেভিট করে সম্পর্কটা কাগজে লিখে রাখব। এফিডেভিট করলে কি আমরা সম্পর্কটা টিকিয়ে রাখতে পারব?","no",""
"prot_0001_03","Sorup","73","আমি হিন্দু ধর্মাবলম্বী। আমার মামা একজন এবং মায়েরা দুই বোন। আমার প্রশ্ন হলো— ১. আমার দিদিমা (মায়ের মা) ২০১৩ সালে আমার মায়ের কাছে সাড়ে ৫ শতাংশ জমি সাব-রেজিস্ট্রি মূলে বিক্রয় করেন এবং দিদিমা ২০১৬ সালে মারা যান। ওই জমি খারিজ করা হয়নি। এখন আমার মামা কি ওই জমি ফেরত নিতে পারবেন? ২. আমার দিদিমা দুই বিঘা জমি রেখে মারা যান। এখন কি আমার মায়েরা দুই বোন ওই জমির অংশীদার হবেন? সুশান্ত কুমার নাটোর","আমরা হিন্দু। আমার মামা একজনই, আর মা ও মাসি মিলে ওঁরা দুই বোন। দুটো বিষয় জানতে চাই— ১. আমার দিদিমা (মায়ের মা) ২০১৩ সালে সাব-রেজিস্ট্রি অফিসে দলিল করে আমার মায়ের কাছে সাড়ে ৫ শতাংশ জমি বেচে দেন। ২০১৬ সালে দিদিমা মারা যান। ওই জমির খারিজ এখনো করানো হয়নি। এখন কি মামা ওই জমি আবার ফেরত নিতে পারবেন? ২. দিদিমা মারা যাওয়ার সময় দুই বিঘা জমি রেখে গেছেন। সেই জমিতে কি মা আর মাসি, এই দুই বোনও ভাগ পাবেন?","yes","Removed signature (name and district)"
"prot_0004_01","Sorup","192","আমি হিন্দু ধর্মালম্বী। আমার মামা দুজন। বড় মামা ১৯৯৪ থেকে মালয়েশিয়ায় থাকেন। ছোট মামা ১৯৯৫ থেকে সপরিবারে ভারতে বসবাস করেন। আমার ছোট মামা ১৯৯৪ সালে আমার মায়ের কাছে ২৪ শতাংশ জমি সাব-রেজিস্ট্রি মূলে বিক্রয় করে নিঃস্বত্ববান হন। পরে তিনি ১৯৯৭ সালে বেড়াতে এসে গোপনে এক মুসলিম লোকের কাছে ওই ২৪ শতাংশ ভূমি বিক্রয় করেন। এখন সেই ক্রেতা আমাদের জায়গা দখল করতে এলে আমরা এলাকার গণ্যমান্য ব্যক্তিদের নিয়ে সালিসে বসি। সালিস বৈঠকের সিদ্ধান্ত অনুযায়ী আদালতে বণ্টনের মোকদ্দমা করি। বণ্টনের মোকদ্দমায় সিদ্ধান্ত হয়, আমার ছোট মামা বাস্তবে সাড়ে ১৪ শতাংশ ভূমির মালিক। আমার প্রশ্ন হলো— ১. আমার মা কি সাড়ে ১৪ শতাংশের মালিকানা পাবেন এবং ওই ক্রেতা কি কোনো জায়গা পাবেন না? এদিকে আমার দিদিমা (মায়ের মা) ১৪ শতাংশ ভূমির মালিক ছিলেন। তিনি ২০০৮ সালে মারা যান। যার ফলে আমরা জানি যে, তাঁর সম্পত্তিতে আমার দুই মামা অংশীদার হবেন। ২. আমার ছোট মামা (যেহেতু তিনি আমাদের কাছে ২৪ শতাংশ জমি রেজিস্ট্রি করে বিক্রি করেছেন) তাঁর মায়ের সম্পত্তির থেকে যে ৭ শতাংশ জমির মালিক হবেন, সেই জমির মালিকানা কি আমরা পাব? ৩. আমার মামারা যেহেতু দেশ আসেন না (তাঁদের সাথে ফোনে কথা হয়েছে, তাঁরা আসবেন না) তাই তাঁদের সম্পত্তিতে মালিক হবেন কারা? নাম প্রকাশে অনিচ্ছুক","আমরা হিন্দু পরিবারের। আমার দুই মামা। বড় মামা ১৯৯৪ সাল থেকে মালয়েশিয়ায় থাকেন, আর ছোট মামা ১৯৯৫ থেকে বউ-বাচ্চা নিয়ে ভারতে থাকেন। ১৯৯৪ সালে ছোট মামা সাব-রেজিস্ট্রি অফিসে দলিল করে আমার মায়ের কাছে ২৪ শতাংশ জমি বিক্রি করে দেন, ফলে ওই জমিতে তাঁর আর কোনো স্বত্ব থাকে না। এরপর ১৯৯৭ সালে দেশে বেড়াতে এসে তিনি চুপিচুপি ওই একই ২৪ শতাংশ জমি এক মুসলিম লোকের কাছে আবার বেচে দেন। এখন সেই ক্রেতা আমাদের জায়গা দখল করতে এলে আমরা এলাকার মাতব্বরদের নিয়ে সালিসে বসি। সালিসের সিদ্ধান্ত মেনে আদালতে বাঁটোয়ারার মামলা করি। সেই মামলায় রায় আসে, ছোট মামা আসলে সাড়ে ১৪ শতাংশ জমির মালিক। আমার প্রশ্নগুলো হলো— ১. মা কি ওই সাড়ে ১৪ শতাংশের মালিক হবেন, আর ওই ক্রেতা কি কোনো জমিই পাবেন না? ওদিকে আমার দিদিমা (মায়ের মা) ১৪ শতাংশ জমির মালিক ছিলেন, ২০০৮ সালে তিনি মারা যান। তাই আমরা যতদূর জানি, তাঁর সম্পত্তিতে দুই মামা ভাগ পাবেন। ২. ছোট মামা যেহেতু আমাদের কাছে ২৪ শতাংশ জমি রেজিস্ট্রি দলিলে বেচেছেন, তাই মায়ের সম্পত্তি থেকে তিনি যে ৭ শতাংশ পাবেন, সেই জমির মালিকানা কি আমরা পাব? ৩. মামারা তো দেশে আসেন না (ফোনে কথা হয়েছে, বলেছেন আসবেন না), তাহলে তাঁদের ভাগের সম্পত্তির মালিক হবে কারা?","no",""
"prot_0006_01","Sorup","116","আমার বয়স ৩০, অবিবাহিত। তিন বছর আগে বিবাহিত এক মুসলিম নারীর সঙ্গে আমার শারীরিক সম্পর্ক হয়েছিল। নিজের ভুল বুঝতে পেরে আমি দ্রুত ওই স্থান ত্যাগ করে অন্যত্র বদলি হই। কিছুদিন পর ওই নারী মোবাইল ফোনে জানায় যে তার একটি ছেলেসন্তান হয়েছে এবং সেটি আমারই, তার স্বামীর নয়। সন্তান জন্মের পর তার ডিভোর্স হয়ে গেছে নিজের ইচ্ছাতেই। এরপর সে বিভিন্ন সময় ভয়ভীতি দেখিয়ে আমার কাছ থেকে টাকা নিত। বর্তমানে তার ব্ল্যাকমেলে আমি অতিষ্ঠ। আমার প্রশ্ন হলো, পরীক্ষার মাধ্যমে ওই সন্তান যদি আমার বলে প্রমাণিত হয়, সে ক্ষেত্রে আমি আইনের আশ্রয় নিলে কি বিচার হবে? ওই সন্তান ভবিষ্যতে আমার সম্পত্তির অংশীদার হবে কি? উল্লেখ্য, আমি তার সঙ্গে আর কখনো দেখা করিনি, সে মোবাইলে টাকাপয়সা নিত। নাম প্রকাশে অনিচ্ছুক","আমার বয়স ৩০, বিয়ে করিনি। তিন বছর আগে একজন বিবাহিত মুসলিম মহিলার সঙ্গে আমার শারীরিক সম্পর্ক হয়ে যায়। পরে ভুলটা বুঝতে পেরে আমি তাড়াতাড়ি ওই জায়গা ছেড়ে অন্য জায়গায় বদলি হয়ে যাই। কিছুদিন পর মহিলাটি মোবাইলে ফোন করে বলে, তার একটা ছেলে হয়েছে আর ছেলেটা নাকি আমার, তার স্বামীর না। বাচ্চা হওয়ার পর সে নিজের ইচ্ছাতেই ডিভোর্স নিয়ে নেয়। তারপর থেকে নানা সময় ভয় দেখিয়ে সে আমার কাছ থেকে টাকা নিত। এখন তার এই ব্ল্যাকমেইলে আমি একেবারে অতিষ্ঠ। আমার জানার বিষয়, টেস্ট করে যদি প্রমাণ হয় বাচ্চাটা আমারই, তখন আমি আইনের কাছে গেলে কি এর কোনো বিচার হবে? আর ওই বাচ্চা কি ভবিষ্যতে আমার সম্পত্তির ভাগ পাবে? বলে রাখি, এরপর আমি আর কখনো তার সঙ্গে দেখা করিনি, টাকাপয়সা সে মোবাইলেই নিত।","no",""
"prot_0008_02","Sorup","11","আমি কি যৌতুক ও দেনমোহর—মোট আট লাখ টাকাই তাকে দিতে বাধ্য?","যৌতুক আর দেনমোহর মিলিয়ে পুরো আট লাখ টাকাই কি তাকে দিতে আমি বাধ্য?","no","Follow-up fragment: earlier context is missing"
"prot_0011_01","Sorup","92","আমার বিয়ে হয়েছে প্রায় ছয় মাস। আমি আমার পরিবারসহ গ্রামে থাকি। একদিন আমার স্ত্রী গোসল করছিল। তখন একজন প্রতিবেশী যুবক গোপনে এবং আমার স্ত্রীর অজান্তে তা মোবাইল ফোনের ক্যামেরায় ভিডিও করে নেয়। কয়েক দিন পর ওই যুবকসহ দুজন ভিডিওটি আমাকে দেখায়। তারা আমার কাছে টাকার বিনিময়ে ভিডিওটি ফেরত দেওয়ার কথা বলে। অন্যথায় ভিডিও ইন্টারনেটে ছেড়ে দেওয়া হবে বলে হুমকি দেয়। ব্যাপারটি আমার স্ত্রী এখনো জানে না। এমতাবস্থায় পরিবারের সম্মান রক্ষার্থে আমার কী করা উচিত? আর যদি আইনের আশ্রয় নিতে হয় সে ক্ষেত্রে এটি কোন ধরনের মামলার অন্তর্ভুক্ত হবে? নাম প্রকাশে অনিচ্ছুক বাগেরহাট","প্রায় ছয় মাস হলো বিয়ে করেছি। পরিবারের সবার সঙ্গে গ্রামেই থাকি। একদিন আমার বউ গোসল করছিল, তখন পাশের বাড়ির এক ছেলে লুকিয়ে, বউয়ের অজান্তেই মোবাইল ক্যামেরায় সেটা ভিডিও করে ফেলে। কয়েক দিন পর ওই ছেলেসহ দুজন ভিডিওটা আমাকে দেখায়। তারা বলে, টাকা দিলে ভিডিওটা ফেরত দেবে, আর না দিলে ইন্টারনেটে ছেড়ে দেবে বলে হুমকি দেয়। আমার বউ এখনো ব্যাপারটা জানে না। এই অবস্থায় পরিবারের মান-সম্মান বাঁচাতে আমার কী করা উচিত? আর যদি আইনের পথে যেতেই হয়, তাহলে এটা কোন ধরনের মামলার মধ্যে পড়বে?","yes","Removed district in signature"
"prot_0012_02","Sorup","133","আমার পরিবারকে না জানিয়ে আমরা বিয়ে করি। দুই মাসের মধ্যে জানতে পারি আমার স্ত্রীর আরেকজনের সঙ্গে পরকীয়ার সম্পর্ক আছে। এরপর বিয়ের তিন মাসের মধ্যেই আমার স্ত্রীকে আইনিভাবে তালাক দিই। তালাকের নোটিশ আমি আমার স্ত্রীকে, স্ত্রীর ভাইকে ও অত্র এলাকার চেয়ারম্যানকে পাঠাই। কিন্তু চেয়ারম্যান নোটিশ পাওয়ার বিষয়টি গোপন করেন। এখন এত দিন পর ২০/১২/২০১৪ থেকে ১৪/০২/২০১৬ আমাকে ও আমার পরিবারকে আসামি করে নারী ও শিশু নির্যাতন দমন আইনের ১১-এর (গ) ধারায় যৌতুকের জন্য নির্যাতন, হত্যাচেষ্টার অভিযোগ এনে থানায় মামলা দায়ের করে। মামলায় আমাকে ও আমার মাকে বিবাদী করা হয়েছে। আর এ ঘটনার দিন-তারিখ নোটিশে উল্লেখ করা আছে। আমি এখন কীভাবে এ রকম পরিস্থিতি মোকাবিলা করব? মামলাটি আদালতে গেলে কি আমরা জামিন পাব? মিথ্যা মামলা দায়ের করার জন্য কি আমরা আইনি ব্যবস্থা নিতে পারব? আর আমি কি আমার তালাক রেজিস্ট্রি করতে পারব? নাম প্রকাশে অনিচ্ছুক","আমরা আমার পরিবারকে না জানিয়ে বিয়ে করেছিলাম। দুই মাসের মাথায় জানতে পারি, আমার বউয়ের অন্য একজনের সঙ্গে পরকীয়া চলছে। তাই বিয়ের তিন মাস যেতে না যেতেই আইন মেনে তাকে তালাক দিই। তালাকের নোটিশ পাঠাই বউকে, তার ভাইকে আর এলাকার চেয়ারম্যানকে। কিন্তু চেয়ারম্যান নোটিশ পাওয়ার কথা চেপে যান। এখন এত দিন পর ২০/১২/২০১৪ থেকে ১৪/০২/২০১৬ সময়ের কথা বলে আমাকে আর আমার পরিবারকে আসামি বানিয়ে থানায় মামলা করেছে, নারী ও শিশু নির্যাতন দমন আইনের ১১(গ) ধারায়, অভিযোগ যৌতুকের জন্য নির্যাতন আর খুনের চেষ্টা। মামলায় আমাকে আর আমার মাকে আসামি করা হয়েছে। আর এই ঘটনার দিন-তারিখ নোটিশেই লেখা আছে। এখন আমি এই পরিস্থিতি কীভাবে সামলাব? মামলা আদালতে উঠলে কি আমরা জামিন পাব? মিথ্যা মামলা দেওয়ার জন্য কি আমরা আইনি ব্যবস্থা নিতে পারব? আর আমার তালাকটা কি আমি রেজিস্ট্রি করাতে পারব?","no","The date range in the original sentence is garbled; kept as written"
"prot_0015_01","Sorup","124","বিয়ের এক বছর আগেই আমার স্বামী কোনো কারণে তাঁর পরিবার ছাড়তে বাধ্য হন। আমার সম্মতি ছাড়াই অভিভাবকেরা তাঁর সঙ্গে আমার বিয়ে দেন। কিন্তু বিয়ের ছয় বছর হলো আমি শ্বশুরবাড়ি যেতে পারিনি। শহর থেকে দূরে আমরা ভাড়া বাড়িতে থাকি। আমার স্বামী তিন ভাইয়ের মধ্যে ছোট। তাঁর একটি বোন ছিল। আমার শাশুড়ি তিন বছর আগে মারা গেলে শ্বশুর দ্বিতীয় বিয়ে করেন এবং সেই পক্ষের একটি মেয়ে হয়। শাশুড়ির মৃত্যুর পর বাড়ির দোতলার অর্ধেকটা আমাদের দেবেন বললেও বিভিন্ন টালবাহানায় কাটিয়ে দিচ্ছেন এত দিন। এখন পর্যন্ত দোতলাটা দখল করে আছে স্বামীর অন্য দুই ভাইবোন। শ্বশুরের তাতে কোনো মাথাব্যথাও নেই। আমার স্বামী সাহস করে কিছু বলতেও পারেন না। আমার তিন বছরের একটি মেয়ে আছে। এখন মেয়ের ভবিষ্যতের কথা চিন্তা করে শ্বশুরবাড়িতে উঠতে চাই। কী করতে পারি? জেসমিন আরা রাজশাহী","বিয়ের এক বছর আগেই কোনো একটা কারণে আমার স্বামীকে তার পরিবার ছেড়ে চলে আসতে হয়েছিল। আমার মত না নিয়েই বাড়ির মুরব্বিরা তার সঙ্গে আমার বিয়ে দিয়ে দেন। বিয়ের ছয় বছর হয়ে গেল, অথচ আমি একবারও শ্বশুরবাড়িতে যেতে পারিনি। শহর থেকে অনেক দূরে একটা ভাড়া বাসায় আমরা থাকি। তিন ভাইয়ের মধ্যে আমার স্বামী সবার ছোট, আর তার একটা বোনও ছিল। তিন বছর আগে আমার শাশুড়ি মারা যাওয়ার পর শ্বশুর আবার বিয়ে করেন, সেই ঘরে একটা মেয়ে হয়েছে। শাশুড়ি মারা যাওয়ার পর শ্বশুর বলেছিলেন বাড়ির দোতলার অর্ধেকটা আমাদের দেবেন, কিন্তু নানা বাহানায় এত দিন ঝুলিয়ে রেখেছেন। দোতলাটা এখনো স্বামীর অন্য দুই ভাইবোন দখল করে আছে। এ নিয়ে শ্বশুরের কোনো মাথাব্যথাই নেই। আমার স্বামীও সাহস করে কিছু বলতে পারে না। আমাদের তিন বছরের একটা মেয়ে আছে। মেয়েটার ভবিষ্যৎ ভেবে এখন আমি শ্বশুরবাড়িতে গিয়ে উঠতে চাই। কী করতে পারি?","yes","Removed signature (name and district)"
"prot_0025_03","Sorup","34","একমাত্র পুত্রসন্তানের বয়স সাড়ে পাঁচ বছর। আমরা দুজনেই সরকারি চাকরিজীবী। আমাদের সম্পর্কটা ক্রমেই বিবাহবিচ্ছেদের দিকে মোড় নিচ্ছে। আমি মনেপ্রাণে চাই না আমাদের কারণে সন্তানের জীবনটা ক্ষতিগ্রস্ত হোক। আমার জিজ্ঞাসা, বিবাহবিচ্ছেদের পদ্ধতি বা নিয়মকানুন কী?","আমাদের একটাই ছেলে, বয়স সাড়ে পাঁচ বছর। আমরা স্বামী-স্ত্রী দুজনেই সরকারি চাকরি করি। আমাদের সম্পর্কটা দিন দিন ডিভোর্সের দিকেই যাচ্ছে। মন থেকে চাই না আমাদের ঝামেলার কারণে বাচ্চাটার জীবন নষ্ট হোক। জানতে চাই, ডিভোর্স করতে হলে নিয়মকানুন বা প্রক্রিয়াটা কী?","no",""
"prot_0029_01","Sorup","93","আমি সিএ পড়ি। যে মেয়েটির সঙ্গে আমার সম্পর্ক, সে উচ্চমাধ্যমিক পর্যায়ে পড়ছে। দুই বছর আগে তার পরিবার জোর করে তাকে বিয়ে দিয়ে দেয়। তখন তার বয়স মাত্র ১৫, আর তার স্বামীর বয়স ৩৫ বছর। মেয়েটি তার স্বামীর সঙ্গে সংসার করতে চায় না। আমরা ঠিক করেছি, আগামী বছর তার উচ্চমাধ্যমিক পরীক্ষা শেষ হলে বিয়ে করব। তার পক্ষে পরিবারে থাকা অবস্থায় স্বামীকে তালাক দেওয়া সম্ভব নয়। তাই সে সিদ্ধান্ত নিয়েছে, পরীক্ষার পরই আমার কাছে চলে আসবে। এ ক্ষেত্রে আমাদের করণীয় কী? ও চলে এলে আমাদের কী কী আইনগত সমস্যা হতে পারে এবং এর প্রতিকার কী?","আমি সিএ পড়ছি। যে মেয়েটার সঙ্গে আমার সম্পর্ক, সে এখন ইন্টারমিডিয়েটে পড়ে। দুই বছর আগে তার বাড়ির লোকজন জোর করে তাকে বিয়ে দিয়ে দেয়। তখন তার বয়স মাত্র ১৫, আর বরের বয়স ৩৫। মেয়েটা ওই স্বামীর সঙ্গে সংসার করতে চায় না। আমরা ঠিক করেছি, সামনের বছর ওর এইচএসসি পরীক্ষা শেষ হলে বিয়ে করব। বাড়িতে থেকে ওর পক্ষে স্বামীকে তালাক দেওয়া সম্ভব না। তাই ও ঠিক করেছে, পরীক্ষা শেষ হলেই সোজা আমার কাছে চলে আসবে। এই অবস্থায় আমাদের কী করা উচিত? ও চলে এলে আমরা কী কী আইনি ঝামেলায় পড়তে পারি, আর সেগুলোর প্রতিকার কী?","no",""
"prot_0033_01","Sorup","92","এক ব্যক্তি তিন মেয়ে ও এক ছেলে রেখে মারা যান। তাঁর স্ত্রী আবার বিয়ে করেন। এরই মধ্যে তাঁর আগের পক্ষের ছেলেটি মারা যায় এবং দ্বিতীয় ঘরে এক ছেলে সন্তান জন্ম নেয়। মৃত ব্যক্তি ও মৃত ছেলের অবর্তমানে সম্পত্তির মালিক হয় তিন কন্যা ও স্ত্রী। দ্বিতীয় ঘরের ছেলে তার মায়ের সম্পত্তির অংশ পাবে। কিন্তু প্রশ্ন হলো, প্রথম ঘরের মৃত ভাইয়ের সম্পত্তিরও অংশ পাবে কি না? সেই ছেলেটি তার সৎবোনদের হয়রানি করছে এই বলে যে, ভাইটি তার জন্ম হওয়ার পর মারা গেছে। তাই তিনি তার ভাইয়ের সম্পত্তির অংশ পাবেন। নাম ও ঠিকানা প্রকাশে অনিচ্ছুক","এক লোক মারা যাওয়ার সময় তিন মেয়ে আর এক ছেলে রেখে যান। পরে তাঁর বউ আবার বিয়ে করেন। এর মধ্যে আগের ঘরের ছেলেটা মারা যায়, আর দ্বিতীয় সংসারে একটা ছেলে জন্ম নেয়। মৃত লোকটি আর মৃত ছেলেটি না থাকায় সম্পত্তির মালিক হয় তিন মেয়ে আর ওই স্ত্রী। দ্বিতীয় ঘরের ছেলেটা তার মায়ের সম্পত্তি থেকে ভাগ পাবে, সেটা ঠিক আছে। কিন্তু প্রশ্ন হলো, আগের ঘরের যে ভাই মারা গেছে, তার সম্পত্তিতেও কি সে ভাগ পাবে? ওই ছেলে এখন তার সৎবোনদের হয়রানি করছে, বলছে ভাইটা তো তার জন্মের পরে মারা গেছে, তাই ভাইয়ের সম্পত্তিতে তারও ভাগ আছে।","no",""
"prot_0036_04","Sorup","55","হিন্দুধর্মাবলম্বী একজনের সঙ্গে আমার প্রায় পাঁচ বছরের সম্পর্ক। আমরা দুজনই প্রাপ্তবয়স্ক এবং ধর্ম পরিবর্তন না করে বিয়ে করতে চাই। কিন্তু পরে উভয়ের প্রভাবশালী পরিবার আমাদের জীবনের জন্য বড় হুমকি হয়ে দাঁড়াবে। দুই পক্ষের মধ্যে ভয়ানক বিরোধের আশঙ্কাও রয়েছে। এই সমস্যাগুলো এড়িয়ে যাওয়ার জন্য আমরা আগে থেকে কীভাবে আইনি ব্যবস্থা নিতে পারি?নাম ও ঠিকানা প্রকাশে অনিচ্ছুক","হিন্দু ধর্মের একজনের সঙ্গে আমার প্রায় পাঁচ বছরের সম্পর্ক। আমরা দুজনেই প্রাপ্তবয়স্ক, আর কেউ ধর্ম না বদলিয়েই বিয়ে করতে চাই। কিন্তু বিয়ের পরে দুই পক্ষের প্রভাবশালী পরিবার আমাদের জানের জন্য বড় হুমকি হয়ে উঠবে। দুই পরিবারের মধ্যে ভয়ংকর ঝগড়া-বিবাদ লাগার ভয়ও আছে। এসব ঝামেলা এড়াতে আগেভাগেই আমরা কীভাবে আইনি ব্যবস্থা নিয়ে রাখতে পারি?","no",""
"prot_0037_08","Sorup","39","আমার স্বামী আমাকে না জানিয়ে ঢাকায় বিয়ে করেছেন। এখন আমাদের ভরণপোষণ দেওয়া বন্ধ করে দিয়েছেন। আমি গ্রামের চেয়ারম্যানকে বিষয়টি জানাই।তিনি আমাদের স্বামী-স্ত্রীর সই একটি সাদা স্ট্যাম্পে রেখে তিন মাস পর সিদ্ধান্ত নেবেন বলে জানিয়েছেন। এখন আমার কী করা উচিত?","আমার স্বামী আমাকে না জানিয়ে ঢাকায় আরেকটা বিয়ে করেছে। এখন আমাদের খরচপাতি দেওয়াও বন্ধ করে দিয়েছে। বিষয়টা আমি গ্রামের চেয়ারম্যানকে জানাই। তিনি আমাদের স্বামী-স্ত্রী দুজনের সই একটা সাদা স্ট্যাম্পে নিয়ে রেখে দিয়েছেন, বলেছেন তিন মাস পরে সিদ্ধান্ত দেবেন। এখন আমার কী করা উচিত?","no",""
"prot_0043_04","Sorup","108","আমার বয়স ২৩। ২০০২ সালে বিয়ে হওয়ার পর আমার একটি কন্যাসন্তান হয়। নানা সমস্যার কারণে ২০০৬ সাালে আমার তালাক হয়। আমার মেয়ে তার বাবার কাছে আছে। সম্প্রতি একটি ছেলেকে পছন্দ হওয়ায় দুই মাস আগে আমরা বিয়ে করি। কাবিননামায় ছেলেটির কথামতো আমি এটি প্রথম বিয়ে উল্লেখ করি। বিয়ের কথা জানাজানি হয়ে গেলে ছেলেটির পরিবার তাকে আটকে রেখেছে। তার সঙ্গে আমার এখন কোনো রকম যোগাযোগ নেই। তার পরিবার আমার নামে মিথ্যা কথা লিখেছে কাগজে যে সে জানত না আমার আগে বিয়ে হয়েছে। এখন তারা চাইছে ছেলেকে দিয়ে জোর করে তালাক দেওয়াতে। কিন্তু আমি সেটা চাইছি না। সে ক্ষেত্রে আমি কোথায় গেলে বা কী করলে এর সমাধান পাব? নাম প্রকাশে অনিচ্ছুক","আমার বয়স ২৩। ২০০২ সালে বিয়ের পর আমার একটা মেয়ে হয়। নানা ঝামেলার কারণে ২০০৬ সালে আমাদের তালাক হয়ে যায়। মেয়ে এখন তার বাবার কাছে থাকে। কিছুদিন আগে একটা ছেলেকে ভালো লাগে, দুই মাস আগে আমরা বিয়ে করি। ছেলেটা যেভাবে বলেছিল, সেভাবেই কাবিননামায় আমি লিখি যে এটা আমার প্রথম বিয়ে। বিয়ের কথা জানাজানি হওয়ার পর ছেলের পরিবার তাকে আটকে রেখেছে। এখন তার সঙ্গে আমার কোনো যোগাযোগই নেই। তার পরিবার কাগজে আমার নামে মিথ্যা লিখেছে যে, আমার আগে বিয়ে হয়েছিল সেটা নাকি সে জানত না। এখন তারা ছেলেটাকে দিয়ে জোর করে আমাকে তালাক দেওয়াতে চাইছে। কিন্তু আমি সেটা চাই না। এখন কোথায় গেলে বা কী করলে এর একটা সমাধান পাব?","no","Age 23 with a 2002 marriage looks inconsistent in the original; kept as written"
"prot_0045_02","Sorup","86","আমার বিয়ের পর স্বামীর সঙ্গে আমার কোনো রকম শারীরিক সম্পর্ক হয়নি। সে আমার বিয়ের পরের দিন বিদেশে চলে যায়। আমি তাকে স্বামী হিসেবে মানি না। কারণ, আমি তাকে আমার পছন্দে বিয়ে করিনি। আমার পরিবারের পছন্দমতো বিয়েটা হয়। আমার ইচ্ছা না থাকা সত্বেও তারা বিয়েটা দেয়। আমার বিয়ের দেনমোহর হয় তিন লাখ ৫০ হাজার টাকা। তার মাঝে ৫০ হাজার টাকা সোনার গয়নার জন্য ধরা হয়। এখন আমার কথা হচ্ছে, আমি তাকে তালাক দিতে চাই। যদি তাকে আমি তালাক দিই তাহলে তাকে কি মোহরানা দিতে হবে? সুরাইয়া জান্নাতচট্টগ্রাম","বিয়ের পর স্বামীর সঙ্গে আমার কোনো শারীরিক সম্পর্ক হয়নি। বিয়ের পরদিনই সে বিদেশ চলে যায়। তাকে আমি স্বামী বলে মানি না, কারণ বিয়েটা আমার পছন্দে হয়নি। বিয়েটা হয়েছে পরিবারের পছন্দমতো। আমার একদম ইচ্ছা ছিল না, তবুও তারা বিয়ে দিয়ে দেয়। বিয়েতে দেনমোহর ধরা হয় তিন লাখ ৫০ হাজার টাকা, যার মধ্যে ৫০ হাজার টাকা ধরা হয় সোনার গয়না বাবদ। এখন আমি তাকে তালাক দিতে চাই। আমি যদি তালাক দিই, তাহলে কি তাকে মোহরানা দিতে হবে?","yes","Removed signature (name and district). Original is ambiguous about who pays the mohrana; ambiguity kept"
"prot_0046_04","Sorup","114","ছয় মাস আগে একটি ছেলের সঙ্গে মাত্র ১১ দিনের পরিচয়ে গোপনে বিয়ে হয়। আবেগের বশবর্তী হয়েই এ কাজটি করি। আমাদের বিয়ের ব্যাপারটা জানাজানি হলে আমার মা-বাবা আমাকে শ্বশুরবাড়ি পাঠিয়ে দেন। কিন্তু শ্বশুরবাড়ির লোকজন আমাকে নানাভাবে মানসিক অত্যাচার করে। মাস দুয়েক যেতে না-যেতেই আমি জানতে পারি, আমার স্বামীর বিয়ের আগে অনেক মেয়ের সঙ্গে শারীরিক সম্পর্ক ছিল। সে যে আমার শরীরটাকে ভালোবেসে আমাকে বিয়ে করেছিল, এ কথা সে নিজের মুখে স্বীকার করেছে। রাগ করে আমি তাকে মৌখিকভাবে তালাক দিয়ে বাবার বাসায় চলে আসি। তাকে আইনগতভাবে তালাক দিলে কি আমি দেনমোহরের টাকা পাব? তালাক দেওয়ার কথা সে ফোনে রেকর্ড করে রেখেছে। তার ধারণা, আমি তালাক দিলে তাকে আর দেনমোহরের টাকা পরিশোধ করতে হবে না। নাম প্রকাশে অনিচ্ছুক","ছয় মাস আগে একটা ছেলের সঙ্গে মাত্র ১১ দিনের চেনাজানায় লুকিয়ে বিয়ে করে ফেলি। আবেগের মাথায়ই কাজটা করেছিলাম। বিয়ের কথা জানাজানি হলে মা-বাবা আমাকে শ্বশুরবাড়ি পাঠিয়ে দেন। কিন্তু শ্বশুরবাড়ির লোকেরা নানাভাবে আমাকে মানসিক যন্ত্রণা দিতে থাকে। দুই মাস যেতে না যেতেই জানতে পারি, বিয়ের আগে আমার স্বামীর অনেক মেয়ের সঙ্গে শারীরিক সম্পর্ক ছিল। সে নিজের মুখেই স্বীকার করেছে, শুধু আমার শরীরটার জন্যই সে আমাকে বিয়ে করেছিল। রাগের মাথায় আমি মুখে মুখে তাকে তালাক দিয়ে বাবার বাসায় চলে আসি। এখন আইন মেনে তাকে তালাক দিলে কি আমি দেনমোহরের টাকা পাব? তালাক দেওয়ার কথাগুলো সে ফোনে রেকর্ড করে রেখেছে। তার ধারণা, তালাকটা আমি দিলে তাকে আর দেনমোহর দিতে হবে না।","no",""
"prot_0048_03","Sorup","166","১০ বছর আগে আমার বিয়ে হয়, সাত বছরের একটি ছেলে আছে। বিয়ের পর থেকেই স্বামীর সঙ্গে আমার বনিবনা হচ্ছে না। তার পরও সংসার করছিলাম। হঠাৎ করে আমার সঙ্গে একজনের সম্পর্ক হয়। নানা কারণে সাত মাস আগে আমি অসুস্থ হয়ে আবার বাবার বাসায় চলে আসি। এর মধ্যে একবার এতটাই অসুস্থ হয়ে পড়ি যে বাড়ি থেকে বেরিয়ে গিয়েছিলাম। প্রায় সাত দিন কোথায় ছিলাম, কী করেছি কিছুই মনে নেই। এই সময়ে আমার স্বামী আমার বাবা-মায়ের কাছে এসে তালাক চায় এবং নানা ধরনের বাজে কথা বলে। সে আমাদের সব আত্মীয়স্বজনকে বলে বেড়ায় যে আমি নাকি ওই ছেলের সঙ্গে চলে গিয়েছি। এখন সে আমাকে আর তার সংসারে তো নেবেই না বরং বাড়িতে আমার ও আমার বাবার দেওয়া যেসব মালামাল রয়েছে, সেগুলো দিতে নারাজ। সে বলে বেড়াচ্ছে যে তার এই ১০ বছরের বিবাহিত জীবনের সব ক্ষতিপূরণ নাকি আমাকেই বহন করতে হবে। আজ প্রায় সাত-আট মাস যাবৎ আমার ও আমার ছেলের কোনো ভরণপোষণ দেয়নি। এমনকি সে এখন আমার ছেলেকেও আমার কাছ থেকে নিয়ে যেতে চাইছে। এ অবস্থায় আমি কী করতে পারি?নাম প্রকাশে অনিচ্ছুক","১০ বছর আগে আমার বিয়ে হয়, সাত বছরের একটা ছেলে আছে। বিয়ের পর থেকেই স্বামীর সঙ্গে আমার মিলমিশ হয় না। তবুও সংসার করে যাচ্ছিলাম। হঠাৎ করেই একজনের সঙ্গে আমার সম্পর্ক হয়ে যায়। নানা কারণে সাত মাস আগে অসুস্থ হয়ে আমি আবার বাবার বাসায় চলে আসি। এর মধ্যে একবার এতই অসুস্থ হয়ে পড়ি যে বাসা থেকে বের হয়ে গিয়েছিলাম। প্রায় সাত দিন কোথায় ছিলাম, কী করেছি, কিছুই মনে নেই। ওই সময়টাতেই আমার স্বামী আমার মা-বাবার কাছে এসে তালাক চায় আর অনেক বাজে কথা বলে। সব আত্মীয়স্বজনকে সে বলে বেড়াচ্ছে, আমি নাকি ওই ছেলের সঙ্গে চলে গিয়েছিলাম। এখন সে আমাকে তো সংসারে ফিরিয়ে নেবেই না, উল্টো তার বাড়িতে আমার আর আমার বাবার দেওয়া যত জিনিসপত্র আছে, সেগুলোও ফেরত দিতে চাইছে না। বলে বেড়াচ্ছে, এই ১০ বছরের সংসারে তার যত ক্ষতি হয়েছে, সব ক্ষতিপূরণ নাকি আমাকেই দিতে হবে। প্রায় সাত-আট মাস ধরে সে আমার আর ছেলের কোনো ভরণপোষণ দেয়নি। এখন আবার ছেলেকেও আমার কাছ থেকে নিয়ে যেতে চাইছে। এই অবস্থায় আমি কী করতে পারি?","no",""
"prot_0050_01","Sorup","127","আমি দ্বাদশ শ্রেণীতে পড়ছি। বয়স ১৮ বছর। সহপাঠী এক মেয়েকে ভালোবাসি। সেও আমাকে ভালোবাসে। মাধ্যমিক পরীক্ষার পর থেকে শুরু হয় আমাদের সম্পর্ক। একাদশ শ্রেণীতে ভর্তি হওয়ার পর জানতে পারলাম, মামাতো ভাইয়ের সঙ্গে পারিবারিকভাবে মেয়েটির বাগ্দান হবে। আমরা একজন অন্যজনকে খুব ভালোবাসি এবং একজন অন্যজনকে ছাড়া বাঁচব না। কিন্তু ওই মুহূর্তে পরিবারকে কিছু জানানো সম্ভব ছিল না। তখন আমরা কলেমা পড়ে কবুল বলে বিয়ে করি। আমাদের বিয়েতে কেউ সাক্ষী ছিল না। কিন্তু আমরা দুজন দুজনকে স্বামী-স্ত্রী হিসেবে মেনে নিয়েছি। তারপর আমাদের মধ্যে কয়েকবার শারীরিক সম্পর্ক হয়। সামনে আমাদের উচ্চমাধ্যমিক পরীক্ষা। পরিকল্পনামতো, দুজন ভালো কোনো বিশ্ববিদ্যালয়ে ভর্তি হয়ে পরিবারকে বিয়ের ব্যাপারে জানাব। কিন্তু আমাদের বিয়ে এবং শারীরিক সম্পর্ক বৈধ কি না—এ কথা ভেবে মেয়েটি মানসিকভাবে ভেঙে পড়েছে। আমাদের বিয়েটি কি বৈধ? আইনগত কোনো ভিত্তি আছে এই বিয়ের?অপরাজিতঠিকানা প্রকাশে অনিচ্ছুক","আমি ক্লাস টুয়েলভে পড়ি, বয়স ১৮। ক্লাসের এক মেয়েকে ভালোবাসি, সেও আমাকে ভালোবাসে। এসএসসি পরীক্ষার পর থেকে আমাদের সম্পর্ক শুরু। ইলেভেনে ভর্তি হওয়ার পর জানতে পারি, পরিবার থেকে ওর মামাতো ভাইয়ের সঙ্গে ওর বাগদান ঠিক করা হবে। আমরা একজন আরেকজনকে খুব ভালোবাসি, একে অন্যকে ছাড়া বাঁচব না। কিন্তু তখন বাড়িতে কিছু বলার মতো অবস্থা ছিল না। তাই আমরা কলেমা পড়ে, কবুল বলে বিয়ে করে ফেলি। আমাদের বিয়েতে কোনো সাক্ষী ছিল না। তবে আমরা দুজন দুজনকে স্বামী-স্ত্রী হিসেবে মেনে নিয়েছি। এরপর আমাদের মধ্যে কয়েকবার শারীরিক সম্পর্কও হয়। সামনে আমাদের এইচএসসি পরীক্ষা। প্ল্যান হলো, দুজনে ভালো কোনো ইউনিভার্সিটিতে ভর্তি হয়ে তারপর পরিবারকে বিয়ের কথা জানাব। কিন্তু আমাদের বিয়ে আর শারীরিক সম্পর্ক জায়েজ কি না, এটা ভেবে ভেবে মেয়েটা মানসিকভাবে একদম ভেঙে পড়েছে। আমাদের এই বিয়েটা কি বৈধ? এই বিয়ের কি কোনো আইনি ভিত্তি আছে?","yes","Removed signature name"
"prot_0055_01","Sorup","70","এক বছর আগে রাজশাহীতে আমার ফুফুর বাড়ি বেড়াতে যাই। সেখানে গিয়ে একটি মেয়েকে আমার খুব ভালো লেগে যায়। সেও আমাকে পছন্দ করে। আমাদের সম্পর্ক চলতে থাকে। গত জানুয়ারিতে আমার ফুফুর বাড়িতে বেড়াতে গিয়ে জানতে পারি, সে আমার দাদির বোনের মেয়ে। এখন খুব চিন্তায় আছি। আমার প্রশ্ন, ইসলাম ধর্ম অনুযায়ী আমি কি তাকে বিয়ে করতে পারি? আমার পরিবার কখনো এ বিয়েতে রাজি হবে না। এখন আমি কী করব। নাম প্রকাশে অনিচ্ছুক","এক বছর আগে আমার ফুফুর বাড়িতে বেড়াতে যাই। সেখানে একটা মেয়েকে আমার খুব ভালো লেগে যায়, সেও আমাকে পছন্দ করে। এরপর থেকে আমাদের সম্পর্ক চলছে। গত জানুয়ারিতে আবার ফুফুর বাড়ি বেড়াতে গিয়ে জানতে পারি, মেয়েটা আসলে আমার দাদির বোনের মেয়ে। এখন খুব দুশ্চিন্তায় আছি। আমার প্রশ্ন, ইসলাম ধর্মের নিয়মে আমি কি তাকে বিয়ে করতে পারব? আমার পরিবার তো কখনোই এই বিয়েতে রাজি হবে না। এখন আমি কী করব?","yes","Removed the district of the aunt's house"
"prot_0058_01","Sorup","110","আমি দ্বাদশ শ্রেণীতে পড়ি। মেজো দুলাভাই বিদেশে থাকেন। ছয় মাস আগে তিনি আমাকে স্বামীসহ বিদেশে নিয়ে যেতে চেয়েছিলেন। তখন আমি অবিবাহিত ছিলাম। তারপর আমার বড় বোনের দূর-সম্পর্কের এক দেবরের সঙ্গে বিয়ে ঠিক হয়। আমাদের পরিবারের সম্মতিতে একটি নকল কাবিননামা তৈরি করা হয়, যা বিদেশে কাগজপত্র পাঠানোর জন্য দরকার ছিল। কাবিনে শুধু আমার সই ছিল। ছেলেদের পরিবারের সঙ্গে কথা ছিল দুজন বিদেশে যেতে পারলে বিয়ে হবে, অন্যথায় বিয়ে হবে না। আমরা ভিসা পাইনি। কিন্তু এই সময়ে আমাদের মধ্যে একটা সম্পর্ক গড়ে ওঠে। এখন পরিবার থেকে বলছে, আমি যেন তার সঙ্গে যোগাযোগ না রাখি। কিন্তু আমরা বিয়ে করে সংসার করতে চাই। আমার প্রশ্ন, আমাদের আগের কাবিননামা কি গ্রহণযোগ্য?ঠিকানা ও নাম প্রকাশে অনিচ্ছুক","আমি ক্লাস টুয়েলভে পড়ি। আমার মেজো দুলাভাই বিদেশে থাকেন। ছয় মাস আগে তিনি আমাকে স্বামীসহ বিদেশে নিয়ে যেতে চেয়েছিলেন। তখনো আমার বিয়ে হয়নি। এরপর আমার বড় বোনের দূরসম্পর্কের এক দেবরের সঙ্গে আমার বিয়ের কথা পাকা হয়। বিদেশে কাগজপত্র পাঠাতে লাগবে বলে আমাদের পরিবারের সম্মতিতেই একটা নকল কাবিননামা বানানো হয়। কাবিনে শুধু আমার সই ছিল। ছেলের পরিবারের সঙ্গে কথা হয়েছিল, দুজন বিদেশে যেতে পারলে তবেই বিয়ে হবে, না পারলে হবে না। শেষে আমরা ভিসা পাইনি। কিন্তু এর মধ্যেই আমাদের দুজনের মধ্যে একটা সম্পর্ক তৈরি হয়ে যায়। এখন বাড়ি থেকে বলছে, আমি যেন তার সঙ্গে আর যোগাযোগ না রাখি। কিন্তু আমরা বিয়ে করে সংসার করতে চাই। আমার প্রশ্ন, আগের সেই কাবিননামাটা কি গ্রহণযোগ্য?","no",""
"prot_0064_01","Sorup","162","আমার বাবা একজন সরকারি চাকরিজীবী। তাঁর সঙ্গে ১৯৮৮ সালে আমার মায়ের বিয়ে হয়। বিয়ের পর কয়েক দিনের মধ্যেই যৌতুকের বিষয়কে কেন্দ্র করে মা-বাবার মধ্যে বনিবনায় দারুণ অভাব দেখা দেয়। ক্রমেই তা এমন পর্যায়ে পৌঁছায় যে মা তাঁকে বিয়ের এক বছর পরই তালাক দিতে বাধ্য হন। সে সময় আমি মাত্র আড়াই মাসের শিশু। জন্ম থেকেই আমি নানার বাড়িতে আছি। আমি এখন স্নাতক (সম্মান) দ্বিতীয় বর্ষের ছাত্রী। আমার ভবিষ্যতের কথা ভেবে মা আর বিয়ে করেননি। তিনি চাকরি করেন না। শুনেছি, স্ত্রী স্বামীকে তালাক দিলেও নাকি আইনত স্বামীর কর্তব্য স্ত্রীর দেনমোহরের টাকা ও খোরপোশ দেওয়া এবং আনুষঙ্গিক কর্তব্যগুলো পালন করা। কিন্তু বাবা তার কোনোটাই করেননি। আমার জন্ম থেকে আজ পর্যন্ত তিনি আমাদের কোনো টাকা-পয়সা দিচ্ছেন না। মৌখিক বা লিখিতভাবে অনেকবার তাঁকে অনুরোধ করা সত্ত্বেও তিনি তা আমলেই নিচ্ছেন না। উল্লেখ্য, আমার কোনো মামা নেই। নানা ’৯৬ সালে অবসর নিয়েছেন। বর্তমানে তিনি অসুস্থ। তাঁর সংসার পেনশনের টাকায় কোনোমতে চলে। আমার ক্যারিয়ার গড়তে টাকার খুবই প্রয়োজন। এখন মায়ের দেনমোহর এবং আমাদের ভরণপোষণ আদায়ের জন্য কী করা উচিত?","আমার বাবা সরকারি চাকরি করেন। ১৯৮৮ সালে মায়ের সঙ্গে তাঁর বিয়ে হয়। বিয়ের কয়েক দিনের মধ্যেই যৌতুক নিয়ে মা-বাবার মধ্যে ভীষণ অশান্তি শুরু হয়। আস্তে আস্তে অবস্থা এমন জায়গায় যায় যে বিয়ের এক বছরের মাথায় মা বাধ্য হয়ে বাবাকে তালাক দেন। আমি তখন মাত্র আড়াই মাসের বাচ্চা। জন্মের পর থেকেই আমি নানাবাড়িতে আছি। এখন আমি অনার্স সেকেন্ড ইয়ারে পড়ি। আমার ভবিষ্যতের কথা ভেবে মা আর বিয়ে করেননি। তিনি কোনো চাকরিও করেন না। শুনেছি, বউ নিজে তালাক দিলেও আইন অনুযায়ী স্বামীকে বউয়ের দেনমোহর আর খোরপোশ দিতে হয়, অন্য দায়িত্বগুলোও পালন করতে হয়। কিন্তু বাবা এর কোনোটাই করেননি। আমার জন্মের পর থেকে আজ পর্যন্ত তিনি আমাদের কোনো টাকাপয়সা দেননি। মুখে বলে, লিখে জানিয়ে অনেকবার অনুরোধ করেছি, কিন্তু তিনি গায়েই মাখছেন না। বলে রাখি, আমার কোনো মামা নেই। নানা ’৯৬ সালে রিটায়ার করেছেন, এখন অসুস্থ। পেনশনের টাকায় কোনোমতে তাঁর সংসার চলে। ক্যারিয়ার গড়তে আমার এখন টাকার খুব দরকার। এখন মায়ের দেনমোহর আর আমাদের ভরণপোষণের টাকা আদায় করতে কী করা উচিত?","no",""
"prot_0067_03","Sorup","189","আমি একজন চাকরিজীবী নারী। গত ২০০৯ সালের ২৮ ফেব্রুয়ারি আমার স্বামীকে তালাক দিই। আমার তিন ছেলেমেয়ে এখন আমার কাছে আছে। ২০০৯ সালের সেপ্টেম্বর মাসে আমি বাচ্চাদের ভরণপোষণ ও মোহরানার টাকার জন্য মামলা করি। আমার উকিলকে চার হাজার টাকা দিয়েছি। তিনি বলেছেন, আর কোনো টাকা লাগবে না। শুধু আমাকে একবার আদালতে যেতে হবে। কিন্তু আমি তিনবার আদালতে উপস্থিত হই বাচ্চাদের নিয়ে। শেষবার সিদ্ধান্ত হয়, বাচ্চারা আমার কাছে থাকবে এবং ২৩-৯-০৯ তারিখ থেকে প্রতি মাসে বাচ্চাদের জন্য ছয় হাজার টাকা ও মোহরানার ৬০ হাজার টাকা এবং আমার তিন মাসের খোরপোষ বাবদ ১৫০০ টাকাসহ মোট ১ লাখ৩ হাজার ৫০০ টাকা আমাকে দিতে হবে।এরপর আমার উকিল ৯৮ হাজার ৫০০ টাকা আমার আগের স্বামীর কাছে থেকে গ্রহণ করেন। কিন্তু আমাকে দেন ৭৮ হাজার টাকা এবং আমাকে মামলা তুলে নেওয়ার কথা বলেন। পরের মাস থেকে আমার প্রাপ্য টাকা ওঠানোর কথা। কিন্তু কোর্টের সিদ্ধান্তের পর ১০ মাস চলে গেলেও আমি টাকা পেয়েছি ছয় মাসের।প্রশ্ন হলো, আমার চার মাসের টাকা কীভাবে পাব? উকিল ৯৮ হাজার ৫০০ টাকার জায়গায় আমাকে ৭৮ হাজার টাকা দিয়েছে, বাকি ২৫ হাজার টাকা তিনি রেখেছেন। এই ২৫ হাজার টাকা কোন হিসেবে রেখেছেন?প্রতি মাসে ঠিকমতো টাকা না দিলে আমি কোথায় অভিযোগ করব?নাম প্রকাশে অনিচ্ছুক","আমি চাকরি করি। ২০০৯ সালের ২৮ ফেব্রুয়ারি আমি স্বামীকে তালাক দিই। তিন ছেলেমেয়ে এখন আমার কাছেই থাকে। ২০০৯ সালের সেপ্টেম্বরে বাচ্চাদের ভরণপোষণ আর মোহরানার টাকার জন্য মামলা করি। উকিলকে চার হাজার টাকা দিয়েছিলাম। তিনি বলেছিলেন, আর কোনো টাকা লাগবে না, আমাকে শুধু একবার কোর্টে যেতে হবে। কিন্তু বাচ্চাদের নিয়ে আমাকে তিনবার কোর্টে হাজির হতে হয়। শেষবার সিদ্ধান্ত হয়, বাচ্চারা আমার কাছে থাকবে, আর ২৩-৯-০৯ তারিখ থেকে বাচ্চাদের জন্য মাসে ছয় হাজার টাকা, মোহরানার ৬০ হাজার টাকা আর আমার তিন মাসের খোরপোশ বাবদ ১৫০০ টাকা মিলিয়ে মোট ১ লাখ ৩ হাজার ৫০০ টাকা আমাকে দিতে হবে। এরপর আমার উকিল আমার আগের স্বামীর কাছ থেকে ৯৮ হাজার ৫০০ টাকা নেন। কিন্তু আমাকে দেন ৭৮ হাজার টাকা, আর বলেন মামলা তুলে নিতে। পরের মাস থেকে আমার পাওনা টাকা তোলার কথা। কিন্তু কোর্টের সিদ্ধান্তের পর ১০ মাস পার হয়ে গেলেও আমি টাকা পেয়েছি ছয় মাসের। এখন প্রশ্ন হলো, বাকি চার মাসের টাকা কীভাবে পাব? উকিল ৯৮ হাজার ৫০০ টাকার জায়গায় আমাকে দিয়েছেন ৭৮ হাজার, বাকি ২৫ হাজার টাকা তিনি রেখে দিয়েছেন। এই ২৫ হাজার টাকা তিনি কিসের হিসাবে রাখলেন? প্রতি মাসের টাকা ঠিকমতো না দিলে আমি কোথায় গিয়ে অভিযোগ করব?","no","Amounts in the original do not add up (98,500 - 78,000 = 20,500, not 25,000); kept as written"
"prot_0070_01","Sorup","192","আমি সরকারি চাকরি করি। ২০০২ সালে বিয়ে করি। ২০০৩ সালে স্ত্রী চাকরি পায়। একটি সন্তান আমাদের। দুজনেই বেশ সুখী ছিলাম। কিন্তু স্ত্রী চাকরি পাওয়ার পর থেকে সাংসারিক ঝামেলা বেড়েই চলছিল। কখনো ওর কাছে টাকা-পয়সা চাইনি। স্ত্রীর চাহিদার ব্যাপারে যথেষ্ট আন্তরিক ছিলাম। একদিন হঠাৎ সে বাসার আলমারি থেকে কিছু টাকা নিয়ে যায়। সে কথা তার পরিবারে জানাই। সে এটি ভালোভাবে নেয়নি। পরদিন আমাকে বাড়িতেও ঢুকতে দেয়নি। স্থানীয় গণ্যমান্য ব্যক্তিদের মাধ্যমে সমাধান করার চেষ্টা করেছি। কিন্তু কোনো সুরাহা হয়নি। এক মাস পর আমি আইনজীবীর মাধ্যমে তাকে তালাক দিই। এর ১৫ দিন পর সে নারী ও শিশু নির্যাতন আইনে মামলা করে। বর্তমানে মামলাটি হাইকোর্টে স্থগিত অবস্থায় আছে। পরে সে ২০ লাখ টাকা দাবি করে পারিবারিক আদালতে মামলা করে। আদালত এক লাখ ৩০ হাজার টাকা দিতে ঘোষণা করেন। ইতিমধ্যে ৩০ হাজার টাকা দিয়েছি। দ্বিতীয় বিয়ে করেছি বলে আবার মামলা করে, যা খারিজ হয়ে যায়। বাসার সব মালামাল সে নিয়ে যায়। হাইকোর্টে পারিবারিক মামলার সব কাগজপত্র পাঠিয়েছি, এখনো আমার চাকরিতে কোনো রকম প্রভাব পড়েনি। ছেলে মায়ের কাছে আছে। আমি দেখতে পারি না। ছেলের বয়স সাত পেরিয়ে গেছে। আমি কন্যাসন্তানের বাবা হয়েছি। তার পরও ছেলেটির জন্য প্রাণ কাঁদে। এখন মামলা ও সন্তানের কী ব্যবস্থা হতে পারে? মনোয়ার হোসেনচট্টগ্রাম","আমি সরকারি চাকরি করি। ২০০২ সালে বিয়ে করি, ২০০৩ সালে আমার বউও চাকরি পায়। আমাদের একটা বাচ্চা। দুজনে বেশ সুখেই ছিলাম। কিন্তু বউ চাকরি পাওয়ার পর থেকে সংসারে ঝামেলা বাড়তেই থাকে। আমি কখনো তার কাছে টাকাপয়সা চাইনি, তার কী লাগবে না লাগবে সেদিকেও যথেষ্ট খেয়াল রাখতাম। একদিন হঠাৎ সে বাসার আলমারি থেকে কিছু টাকা নিয়ে যায়। কথাটা আমি তার বাড়ির লোকদের জানাই। সে এটা ভালোভাবে নেয়নি। পরদিন আমাকে বাসায়ই ঢুকতে দেয়নি। এলাকার গণ্যমান্য লোকদের দিয়ে মিটমাটের চেষ্টা করেছি, কিন্তু কোনো লাভ হয়নি। এক মাস পর উকিলের মাধ্যমে তাকে তালাক দিই। তার ১৫ দিন পর সে নারী ও শিশু নির্যাতন আইনে মামলা করে। মামলাটা এখন হাইকোর্টে স্থগিত হয়ে আছে। পরে সে ২০ লাখ টাকা দাবি করে পারিবারিক আদালতে মামলা করে। আদালত এক লাখ ৩০ হাজার টাকা দেওয়ার রায় দেন, এর মধ্যে ৩০ হাজার টাকা দিয়ে দিয়েছি। আমি দ্বিতীয় বিয়ে করেছি বলে সে আবার মামলা করে, সেটা খারিজ হয়ে যায়। বাসার সব জিনিসপত্র সে নিয়ে গেছে। পারিবারিক মামলার সব কাগজপত্র হাইকোর্টে পাঠিয়েছি, এখন পর্যন্ত আমার চাকরিতে কোনো প্রভাব পড়েনি। ছেলে তার মায়ের কাছে থাকে, আমি দেখতে পারি না। ছেলের বয়স সাত পার হয়ে গেছে। এর মধ্যে আমার একটা মেয়েও হয়েছে। তবুও ছেলেটার জন্য মনটা কাঁদে। এখন মামলাগুলো আর ছেলের ব্যাপারে কী ব্যবস্থা হতে পারে?","yes","Removed signature (name and district)"
"prot_0071_03","Sorup","74","আমার চাচার কোনো সন্তান নেই। তিনি মারা যাওয়ার আগে তাঁর সব সম্পত্তি পালিত পুত্র ও তার পরিবারকে লিখে দিয়েছেন। চাচার বাড়ি ও আমাদের বাড়ি একই দাগে। রাস্তায় বেরোতে হলে তাঁর বাড়ির ওপর দিয়ে যেতে হয়। চাচার পালক পুত্র বাড়ির ওপর দিয়ে যাতায়াত নিষেধ করে। আমার বাবা চাচাকে বণ্টননামা দলিল করে দেননি। বাবাও মারা গেছেন। এখন কি কোনো আইনে আমাদের বাড়ির ভাগ বদল করতে পারব? আর চাচার সম্পত্তির অংশ কি আমরা পাব? নাম প্রকাশে অনিচ্ছুক","আমার চাচার কোনো ছেলেমেয়ে ছিল না। মারা যাওয়ার আগে তিনি তাঁর সব সম্পত্তি তাঁর পালক ছেলে আর ছেলের পরিবারের নামে লিখে দিয়ে গেছেন। চাচার বাড়ি আর আমাদের বাড়ি একই দাগে। রাস্তায় বের হতে গেলে চাচার বাড়ির ওপর দিয়েই যেতে হয়। এখন চাচার পালক ছেলে তার বাড়ির ওপর দিয়ে যাওয়া-আসা করতে মানা করে দিয়েছে। আমার বাবা চাচাকে কোনো বণ্টননামা দলিল করে দেননি। বাবাও এখন মারা গেছেন। এখন কোনো আইনে কি আমরা বাড়ির ভাগটা বদলাতে পারব? আর চাচার সম্পত্তিতে কি আমরা কোনো ভাগ পাব?","no",""
"prot_0073_01","Sorup","67","প্রেম করে বিয়ে করি। আমরা দুজনই প্রাপ্তবয়স্ক। আমাদের বিয়ের ব্যাপারটা কিছুদিন আগে জানাজানি হয়। একপর্যায়ে ওর বাবা ওকে ভয়ভীতি দেখিয়ে জোরপূর্বক কাজি অফিসে নিয়ে তালাকনামায় সই করান। প্রায় এক মাস হয়ে গেল তালাকনামায় সই করিয়েছেন; কিন্তু এর মধ্যে আমার কাছে কোনো তালাকের নোটিশ বা তালাকনামা বা অন্য কোনো কাগজ পাঠাননি। আমার জিজ্ঞাসা, এতে কি তালাক কার্যকর হয়েছে? হয়ে থাকলে কাবিননামায় উল্লিখিত দেনমোহর কি আমাকে পরিশোধ করতে হবে?স্বপনসিলেট","ভালোবেসে বিয়ে করেছি, আমরা দুজনেই প্রাপ্তবয়স্ক। কিছুদিন আগে আমাদের বিয়ের কথা জানাজানি হয়ে যায়। শেষমেশ ওর বাবা ওকে ভয় দেখিয়ে জোর করে কাজি অফিসে নিয়ে গিয়ে তালাকনামায় সই করিয়ে নেন। প্রায় এক মাস হয়ে গেল সই করানো হয়েছে, কিন্তু এর মধ্যে আমার কাছে কোনো তালাকের নোটিশ, তালাকনামা বা অন্য কোনো কাগজ পাঠানো হয়নি। আমার জানার বিষয়, এতে কি তালাক কার্যকর হয়ে গেছে? যদি হয়ে থাকে, তাহলে কাবিননামায় যে দেনমোহর লেখা আছে, সেটা কি আমাকে দিতে হবে?","yes","Removed signature (name and district)"
"prot_0074_02","Sorup","64","আমার দাদা দুটি বিয়ে করেন। আমার বাবা প্রথম পক্ষের সন্তান। সৎ দাদির চার ছেলে ও এক মেয়ে। তাঁরাই আমার দাদার সম্পত্তি দেখাশোনা করেন। কিন্তু তাঁরা আমার বাবাকে তাঁর পৈতৃক সম্পত্তি থেকে বঞ্চিত করতে চান। আমি আমার মা-বাবার একমাত্র সন্তান। তাঁরা সম্পত্তির জন্য আমাকে মেরে ফেলার হুমকি দিচ্ছেন। বাবাকেও ধরে নিয়ে যাওয়ার হুমকি দিচ্ছেন। নিরাপত্তার জন্য আমাদের আইনি কী ব্যবস্থা নিলে ভালো হয়?নাম প্রকাশে অনিচ্ছুকগাজীপুর","আমার দাদা দুটো বিয়ে করেছিলেন। আমার বাবা প্রথম ঘরের ছেলে। সৎদাদির ঘরে চার ছেলে আর এক মেয়ে। দাদার সম্পত্তি এখন তাঁরাই দেখাশোনা করেন। কিন্তু তাঁরা আমার বাবাকে তাঁর বাপের সম্পত্তি থেকে বঞ্চিত করতে চাইছেন। আমি মা-বাবার একমাত্র সন্তান। সম্পত্তির জন্য তাঁরা আমাকে মেরে ফেলার হুমকি দিচ্ছেন, বাবাকেও তুলে নিয়ে যাওয়ার হুমকি দিচ্ছেন। নিজেদের নিরাপত্তার জন্য কী আইনি ব্যবস্থা নিলে আমাদের ভালো হবে?","yes","Removed district in signature"
"prot_0077_06","Sorup","109","কিছুদিন আগে স্বাস্থ্য খাতে লোক নিয়োগের পরীক্ষা হয়। এ সময় একজন নেতা আমাকে স্বাস্থ্য খাতে চাকরি দেবে বলে লিখিত পরীক্ষার আগেই ৫০ হাজার টাকা হাতিয়ে নেন। তিনি বলেন আমাকে লিখিত পরীক্ষায় পাস করাবেন। কিন্তু লিখিত পরীক্ষায় পাস করাতে পারেননি। এখন ওই নেতা আমাকে টাকা ফেরত দিচ্ছেন না। টাকা নেওয়ার আগে কথা ছিল, চাকরি না দিতে পারলে টাকা ফেরত দিয়ে দেবেন। আজ টাকা দেবেন, কাল দেবেন—এই বলে তিনি তিন মাস সময় পার করেন। কিন্তু টাকা দিচ্ছেন না। এখন আমি কি তাঁর বিরুদ্ধে আইনি ব্যবস্থা নিতে পারব? টাকা দেওয়ার সময় দলিল করা হয়নি। দু-তিনজন লোক সাক্ষী ছিল। এখন টাকা ফেরত পাওয়ার উপায় কী? আমি কি তাঁর বিরুদ্ধে প্রতারণার মামলা করতে পারব?","কিছুদিন আগে স্বাস্থ্য বিভাগে লোক নেওয়ার পরীক্ষা হয়। তখন এক নেতা আমাকে স্বাস্থ্য বিভাগে চাকরি পাইয়ে দেবে বলে লিখিত পরীক্ষার আগেই ৫০ হাজার টাকা হাতিয়ে নেন। বলেছিলেন, লিখিত পরীক্ষায় আমাকে পাস করিয়ে দেবেন। কিন্তু পাস করাতে পারেননি। এখন ওই নেতা আমার টাকা ফেরত দিচ্ছেন না। টাকা নেওয়ার আগে কথা হয়েছিল, চাকরি দিতে না পারলে টাকা ফিরিয়ে দেবেন। আজ দেব, কাল দেব বলে বলে তিন মাস কাটিয়ে দিয়েছেন, কিন্তু টাকা দিচ্ছেন না। এখন কি আমি তাঁর বিরুদ্ধে আইনি ব্যবস্থা নিতে পারব? টাকা দেওয়ার সময় কোনো দলিল করা হয়নি, তবে দু-তিনজন সাক্ষী ছিলেন। এখন টাকাটা ফেরত পাওয়ার উপায় কী? তাঁর বিরুদ্ধে কি আমি প্রতারণার মামলা করতে পারব?","no",""
"prot_0080_01","Sorup","113","আমরা চার ভাই। আমি মেজো। ছোটবেলায় আমার চাচা ও চাচি আমাকে মৌখিকভাবে দত্তক নেন ও লালন-পালন করেন । তাঁরা ছিলেন নিঃসন্তান। পরে আমি তাঁদের ভরণপোষণের দায়িত্ব পালন করি। আমার চাচা-চাচিকে ১৪ শতাংশ জমি কিনে দেন। এই জমি কেনার আগেই চাচির বাবা-মা ও ভাই মৃত ছিলেন। চাচির পরিবারেও আর কোনো অংশীদারের খবর জানা নেই। আমার চাচা আমাকে তাঁর সব স্থাবর ও অস্থাবর সম্পত্তি দানকবলা দিয়ে যান এবং চাচির নামে কেনা ১৪ শতাংশ জমি উল্লেখ করে কবলা দেন।আমার প্রশ্ন, হিন্দু আইনে আমি কি ওই ১৪ শতাংশ জমির অধিকারী হতে পারব? দানকবলা থেকে প্রাপ্ত সব সম্পত্তি আমি কি বিক্রি করতে পারব? আমার মৃত্যুর পর আমার ছেলেরা কি ওই সব সম্পত্তির প্রকৃত উত্তরাধিকারী হতে পারবে? ফটিক হালদারমাদারীপুর","আমরা চার ভাই, আমি মেজো। ছোটবেলায় আমার চাচা-চাচি মুখে মুখে আমাকে দত্তক নেন আর মানুষ করেন। তাঁদের নিজেদের কোনো সন্তান ছিল না। পরে আমিই তাঁদের ভরণপোষণের দায়িত্ব নিই। চাচা চাচিকে ১৪ শতাংশ জমি কিনে দেন। জমিটা কেনার আগেই চাচির মা-বাবা আর ভাই মারা গিয়েছিলেন। চাচির পরিবারের দিকে আর কোনো ভাগীদার আছে বলেও জানা নেই। চাচা তাঁর সব স্থাবর-অস্থাবর সম্পত্তি দানকবলা করে আমাকে দিয়ে যান, আর চাচির নামে কেনা ওই ১৪ শতাংশ জমির কথাও উল্লেখ করে কবলা দেন। আমার প্রশ্ন, হিন্দু আইনে আমি কি ওই ১৪ শতাংশ জমির মালিক হতে পারব? দানকবলায় পাওয়া সব সম্পত্তি কি আমি বিক্রি করতে পারব? আমি মারা যাওয়ার পর আমার ছেলেরা কি ওই সব সম্পত্তির আসল ওয়ারিশ হবে?","yes","Removed signature (name and district). Original sentence about who bought the 14 decimals is ambiguous; read as the uncle bought it in the aunt's name, matching the later text"
"prot_0083_02","Sorup","162","আমি এ বছর উচ্চমাধ্যমিক পরীক্ষা দেব। আমার বয়স ১৭ বছর। একটি ছেলেকে খুব ভালো বাসতাম। কিন্তু তা সে বিশ্বাস করতে চাইত না। সে বলত, তোমাকে ভালোবাসার প্রমাণ দিতে হবে। সে আমাকে একটা দলিলের মতো কাগজ দেয়। ওই কাগজে আমার ও তার জীবনবৃত্তান্ত লেখা ছিল। আমার বয়স লেখা ছিল ১৯, ওর বয়স ২৬ (ওর প্রকৃত বয়স ৩০)। আরও লেখা ছিল, আমরা পাঁচ বছর ধরে স্বামী-স্ত্রী হিসেবে বসবাস করে আসছি। কেউ যদি পরবর্তী সময়ে কিছু বলে, তবে সেটা মিথ্যা বলে গণ্য হবে। সবশেষে দুজনের সই। তবে সে আমাকে বলেছে, ‘এটা শুধু কাগজ, যা তুমি চাইলেই ফেরত পাবে। তুমি রাজি থাকলে আমাদের সামাজিকভাবে বিয়ে হবে, নতুবা নয়।’কিন্তু এখন কোনো এক বিশেষ কারণে তার সঙ্গে আমার সম্পর্ক নেই। এমনকি তাকে বিয়ে করাও সম্ভব নয়। একদিন ফোন করে তার কাছে ওই কাগজটা চাইলাম, সে তা দিতে অসম্মতি জানাল। বলল, আমি নাকি তার বিবাহিত স্ত্রী। আমার প্রশ্ন, এই কাগজে সই করার মাধ্যমে কি সত্যিই আমাদের বিয়ে হয়েছে? ভবিষ্যতে ওই কাগজ দিয়ে কি সে আমাকে আইনি সমস্যায় ফেলতে পারবে?","এ বছর আমি এইচএসসি পরীক্ষা দেব, বয়স ১৭। একটা ছেলেকে খুব ভালোবাসতাম। কিন্তু সে সেটা বিশ্বাস করতে চাইত না। বলত, ভালোবাসো তার প্রমাণ দিতে হবে। এরপর সে আমাকে দলিলের মতো দেখতে একটা কাগজ দেয়। ওই কাগজে আমার আর তার জীবনবৃত্তান্ত লেখা ছিল। আমার বয়স লেখা ছিল ১৯, ওর ২৬ (যদিও ওর আসল বয়স ৩০)। আরও লেখা ছিল, আমরা পাঁচ বছর ধরে স্বামী-স্ত্রী হিসেবে একসঙ্গে থাকছি, পরে কেউ অন্য কিছু বললে সেটা মিথ্যা বলে ধরা হবে। একদম নিচে দুজনের সই। তবে সে আমাকে বলেছিল, ‘এটা স্রেফ একটা কাগজ, তুমি চাইলেই ফেরত পাবে। তুমি রাজি হলে আমাদের সামাজিকভাবে বিয়ে হবে, না হলে হবে না।’ কিন্তু একটা বিশেষ কারণে এখন তার সঙ্গে আমার আর কোনো সম্পর্ক নেই, তাকে বিয়ে করাও আর সম্ভব না। একদিন ফোন করে ওই কাগজটা ফেরত চাইলাম, সে দিতে রাজি হলো না। বলল, আমি নাকি তার বিয়ে করা বউ। আমার প্রশ্ন, ওই কাগজে সই করায় কি সত্যিই আমাদের বিয়ে হয়ে গেছে? ভবিষ্যতে ওই কাগজ দেখিয়ে কি সে আমাকে আইনি ঝামেলায় ফেলতে পারবে?","no",""
"prot_0085_05","Sorup","61","আমি বাবার একমাত্র মেয়ে। আমার বাবার আরও চারটি ছোট ভাই আছেন। তাঁদের প্রত্যেকের ঘরে ছেলে ও মেয়ে আছে। এখন অনেকে বলে, আমার বাবার সম্পত্তি নাকি আমি একা পাব না, আমার বাবার অন্য ভাইয়েরাও পাবেন। এ অবস্থায় আমার বাবার কি কিছু করার আছে? যা করলে সব সম্পত্তি আমি পাব। অথবা কোনো কিছু করার না থাকলে আমাদের সম্পত্তি কীভাবে বণ্টন হবে? খালেদা আক্তাররংপুর","আমি বাবার একমাত্র মেয়ে। বাবার আরও চারজন ছোট ভাই আছেন, তাঁদের সবারই ছেলেমেয়ে আছে। এখন অনেকেই বলছে, বাবার সম্পত্তি নাকি আমি একা পাব না, বাবার ভাইয়েরাও ভাগ পাবেন। এই অবস্থায় বাবার কি এমন কিছু করার আছে, যাতে সব সম্পত্তি আমিই পাই? আর যদি কিছুই করার না থাকে, তাহলে আমাদের সম্পত্তি কীভাবে ভাগ হবে?","yes","Removed signature (name and district)"
"prot_0091_03","Sorup","113","আমরা চার ভাই সাত বোন। আমাদের বাবা কিছু সম্পত্তি চার ছেলের নামে, কিছু মায়ের নামে এবং কিছু নিজের নামে কিনেছিলেন। কিন্তু মেয়েদের নামে কোনো সম্পত্তি কেনেননি এবং টাকাপয়সা দিয়ে যাননি। বাবা-মা দুজনই মারা গেছেন। আমরা ভাই ও বোনেরা বাবা ও মায়ের রেখে যাওয়া সম্পত্তি ভাগাভাগি করতে বসলে ভাইয়েরা শুধু বাবা ও মায়ের নামে যে সম্পত্তি আছে তা-ই ইসলামি আইনমতে (এক ছেলে যা যাবে এক বোন তার অর্ধেক) দিতে চায় এবং বাবার কেনা তাদের নামে যে সম্পত্তি তার ভাগ বোনেরা পাবে না বলে জানাচ্ছে। যদিও আমার ভাইয়েরা ছোট থাকতে এই সম্পত্তি বাবা তাদের নামে কিনেছিলেন, যা আইনত বেনামি ক্রয়ের মধ্যে পড়ে। বাবার কেনা ভাইদের নামের সম্পত্তির ভাগ বোনেরা পাবে কি না? নাম প্রকাশে অনিচ্ছুকখুলনা","আমরা চার ভাই, সাত বোন। বাবা কিছু সম্পত্তি চার ছেলের নামে, কিছু মায়ের নামে আর কিছু নিজের নামে কিনেছিলেন। কিন্তু মেয়েদের নামে কোনো সম্পত্তি কেনেননি, টাকাপয়সাও দিয়ে যাননি। বাবা-মা দুজনেই মারা গেছেন। বাবা-মায়ের রেখে যাওয়া সম্পত্তি ভাগ করতে আমরা ভাইবোনেরা বসলে ভাইয়েরা শুধু বাবা আর মায়ের নামে থাকা সম্পত্তিটুকুই ইসলামি নিয়মে (এক ছেলে যা পাবে, এক বোন পাবে তার অর্ধেক) দিতে চায়। আর বাবা তাদের নামে যে সম্পত্তি কিনেছিলেন, সেটার ভাগ বোনেরা পাবে না বলে জানিয়ে দিয়েছে। অথচ ভাইয়েরা যখন ছোট ছিল, তখনই বাবা এসব সম্পত্তি তাদের নামে কিনেছিলেন, আইনের চোখে যেটা বেনামি কেনার মধ্যে পড়ে। বাবা ভাইদের নামে যে সম্পত্তি কিনেছিলেন, সেটাতে কি বোনেরা ভাগ পাবে?","yes","Removed district in signature"
"prot_0096_03","Sorup","17","আমার নানা মারা যাওয়ার আগে আমার মা মারা যান, আমি কি আমার নানার সম্পতি পাব? ফয়সাল আহমেদ","নানা মারা যাওয়ার আগেই আমার মা মারা গেছেন। এখন নানার সম্পত্তি থেকে কি আমি কোনো ভাগ পাব?","yes","Removed signature name"
"prot_0101_03","Sorup","20","ইসলামি ফরায়েজ মতে আমার পাওনা ও ছেলের দায়দায়িত্ব এবং তার ভরণপোষণ ও ভবিষ্যৎ জিম্মাদারি সম্পর্কে বিস্তারিত আইনি ব্যাখ্যা দেবেন কি?","ইসলামি ফরায়েজের হিসাবে আমার কী পাওনা, ছেলের দায়িত্ব কার, তার ভরণপোষণ কে দেবে আর ভবিষ্যতে সে কার জিম্মায় থাকবে, এসব নিয়ে আইনে কী আছে একটু বিস্তারিত বুঝিয়ে বলবেন?","no","Follow-up fragment: earlier context is missing"
"prot_0105_02","Sorup","57","আইন অধিকারের গত সংখ্যা থেকে হুমায়ূন আহমেদের সৃষ্টকর্মের কপিরাইট নিয়ে জানতে পেরেছি। তবু কিছু বিষয় স্পষ্ট করে জানতে চাইছি। হুমায়ূন আহমেদের প্রকাশনাগুলোর কিছু তাঁর প্রথম স্ত্রী গুলতেকিনের নামে করা আছে, আবার কিছু শাওনের নামে দেওয়া আছে। এখন এই বইগুলোর স্বত্ব কি গুলতেকিন ও শাওনই ভোগ করবেন, নাকি হুমায়ূন আহমেদের উত্তরাধিকারীরা মুসলিম আইন অনুযায়ী এর স্বত্ব ভোগ করবে?","আপনাদের আইনের পাতার গত সংখ্যায় একজন প্রয়াত জনপ্রিয় লেখকের লেখার কপিরাইট নিয়ে পড়েছি। তবুও কয়েকটা ব্যাপার পরিষ্কার করে জানতে চাই। ওই লেখকের কিছু বই তাঁর প্রথম স্ত্রীর নামে করা আছে, আবার কিছু বই দ্বিতীয় স্ত্রীর নামে দেওয়া আছে। এখন এই বইগুলোর স্বত্ব কি ওই দুই স্ত্রীই ভোগ করবেন, নাকি মুসলিম আইন অনুযায়ী লেখকের ওয়ারিশরা এর স্বত্ব পাবেন?","yes","Replaced the names of a well-known author and his two wives, and the column name; the question is about a real public figure"
"prot_0108_05","Sorup","16","দয়া করে জানাবেন, কী করে আমি বাড়িটি পাব এবং প্রিয়েমশনের মামলা করে ফল পাব কি না?","একটু জানাবেন, বাড়িটা আমি কীভাবে পেতে পারি, আর অগ্রক্রয়ের (প্রিয়েমশন) মামলা করলে কোনো লাভ হবে কি না?","no","Follow-up fragment: earlier context is missing"
"prot_0111_03","Sorup","46","তবে দ্বিতীয় বিয়ে প্রমাণ করার ক্ষেত্রে বিয়ের কাবিননামা দেখাতে হবে।বিয়ের বৈধ কাগজপত্র ছাড়া দ্বিতীয় বিয়ে প্রমাণ করা দুরূহ ব্যাপার। আপনি সংশ্লিষ্ট রেজিস্ট্রারের কাছে আপনার স্বামীর দ্বিতীয় বিয়ের তথ্যের জন্য আবেদন করতে পারেন। এরপর মুখ্য বিচারিক হাকিমের আদালতে আইনজীবীর মাধ্যমে মামলা করতে পারেন।চুক্তি না মানলে প্রতিকার কী?","তবে দ্বিতীয় বিয়ে প্রমাণ করতে হলে সেই বিয়ের কাবিননামা দেখাতে হবে। বিয়ের বৈধ কাগজপত্র ছাড়া দ্বিতীয় বিয়ে প্রমাণ করা বেশ কঠিন। আপনার স্বামীর দ্বিতীয় বিয়ের তথ্য চেয়ে আপনি সংশ্লিষ্ট রেজিস্ট্রারের কাছে আবেদন করতে পারেন। তারপর আইনজীবীর মাধ্যমে মুখ্য বিচারিক হাকিমের আদালতে মামলা করতে পারেন। কেউ চুক্তি না মানলে তার প্রতিকার কী?","no","Broken: the start is the tail of a lawyer's answer to an earlier question; the only new question is the last line (remedy when a contract is not honoured)"
"prot_0113_01","Sorup","54","চিকিৎসায় অবহেলা কিংবা চিকিৎসকদের অবহেলায় রোগীর মৃত্যুর খবর আমরা প্রায়ই জানতে পারছি। বড় বড় হাসপাতালেও এ ঘটনা ঘটছে। সম্প্রতি ঢাকার একটি বেসরকারি হাসপাতালে চিকিৎসকের অবহেলায় এক শিক্ষকের মৃত্যুর ঘটনা ঘটেছে। আমরা সাধারণ মানুষ তো সরকারি হাসপাতালগুলোর ওপর ভরসা রাখতেই পারছি না, আবার প্রাইভেট ক্লিনিকগুলোর ওপরও আস্থা হারিয়ে ফেলছি। কিন্তু এসব দেখার কি কেউ নেই?","চিকিৎসায় গাফিলতি বা ডাক্তারের অবহেলায় রোগী মারা যাওয়ার খবর আজকাল প্রায়ই শুনি। বড় বড় হাসপাতালেও এমন হচ্ছে। কিছুদিন আগে ঢাকার একটা প্রাইভেট হাসপাতালে ডাক্তারের অবহেলায় একজন শিক্ষক মারা গেছেন। আমরা সাধারণ মানুষ সরকারি হাসপাতালের ওপর তো ভরসা করতেই পারি না, এখন প্রাইভেট ক্লিনিকগুলোর ওপরও বিশ্বাস উঠে যাচ্ছে। এসব দেখার কি কেউই নেই?","no",""
"prot_0114_02","Sorup","14","ভরণপোষণের খরচ যদি দেওয়াও হয়, তাহলে আমার ছেলের কত বয়স পর্যন্ত আমি পেতে পারি?","খরচপাতি যদি দেওয়াও হয়, তাহলে ছেলের কত বছর বয়স পর্যন্ত আমি পেতে পারব?","no","Follow-up fragment. Original is ambiguous (keeping the son vs receiving maintenance until what age); ambiguity kept"
"prot_0115_02","Sorup","184","যেকোনো হত্যাকাণ্ডই ঘৃণিত ও জঘন্য অপরাধ এবং ফৌজদারি আইনে সর্বোচ্চ শাস্তিযোগ্য অপরাধ। সম্প্রতি আমিনবাজার, নোয়াখালীসহ দেশের বিভিন্ন স্থানে গণপিটুনিতে যে মানুষ হত্যার প্রবণতা দেখা গেছে, তা রীতিমতো ভয়াবহ এবং সামাজিক ও রাষ্ট্রীয় অসুস্থতার লক্ষণ। হত্যাকাণ্ড তা যেকোনোভাবেই এবং যার বা যাদের দিয়েই সংঘটিত হোক না কেন, তা ফৌজদারি আইনে বিচারযোগ্য।আমিনবাজার হত্যাকাণ্ড এবং সেখানে পুলিশের নিষ্ক্রিয়তার অভিযোগ শাস্তিযোগ্য অপরাধ। হত্যাকাণ্ডের অপরাধটি দণ্ডবিধির ৩০২ ও ৩৪ ধারায় আমলযোগ্য ও বিচার্য এবং সেখানে প্রত্যক্ষ বা পরোক্ষভাবে সহায়তাকারীরাও সমান অপরাধী, তা তারা যে-ই হোক না কেন এবং সংখ্যা যা-ই হোক। একই সঙ্গে বলা দরকার, পুলিশের নিষ্ক্রিয়তার বিষয়টি তাদের বিভাগীয় তদন্ত ও শাস্তির আওতাধীন।নোয়াখালীর হত্যাকাণ্ডে পুলিশের অংশগ্রহণের অভিযোগ পাওয়া গেছে, যা খুবই আতঙ্কজনক। কেননা, কোনোভাবেই কোনো বিচারবহির্ভূত হত্যাকাণ্ডই সমর্থনযোগ্য নয়। সবচেয়ে ঘৃণ্য অপরাধীরও বিচার পাওয়ার অধিকার আছে। নোয়াখালী হত্যাকাণ্ডে পুলিশের যেসব সদস্যের বিরুদ্ধে সম্পৃক্ততার অভিযোগ আছে, তাঁরা অন্য হত্যাকারীদের সঙ্গে সমানভাবে দায়ী হবেন এবং অপরাধ ফৌজদারি আইনে বিচার্য হবে। পুলিশের সদস্য বলে ফৌজদারি বিচারের আওতাবহির্ভূত থাকার সুযোগ নেই। সাধারণ তদন্তের পর প্রকাশ্য আদালতে অভিযুক্ত অন্য ব্যক্তিদের সঙ্গেই তাঁদের বিচার হবে। উপরন্তু, পুলিশের বিভাগীয় শাস্তিও তাঁদের ওপর বর্তাবে।কাজী জাহেদ ইকবালআইনজীবী, বাংলাদেশ সুপ্রিম কোর্ট।স্বামীর দৈহিক ও মানসিক নির্যাতনের প্রতিকার কীভাবে পাব?","যে কোনো খুনই ঘৃণ্য আর জঘন্য অপরাধ, ফৌজদারি আইনে এর জন্য সবচেয়ে কঠিন শাস্তির বিধান আছে। কিছুদিন হলো আমিনবাজার, নোয়াখালীসহ দেশের নানা জায়গায় গণপিটুনি দিয়ে মানুষ মেরে ফেলার যে প্রবণতা দেখা যাচ্ছে, সেটা সত্যিই ভয়াবহ, আর সমাজ ও রাষ্ট্র যে অসুস্থ হয়ে পড়েছে তার লক্ষণ। খুন যেভাবেই হোক, আর যে বা যারাই করুক, ফৌজদারি আইনে তার বিচার হবে। আমিনবাজারের হত্যাকাণ্ড আর সেখানে পুলিশের নিষ্ক্রিয় থাকার অভিযোগ, দুটোই শাস্তিযোগ্য অপরাধ। দণ্ডবিধির ৩০২ ও ৩৪ ধারায় এই খুনের অপরাধ আমলযোগ্য ও বিচারযোগ্য, আর যারা সরাসরি বা পরোক্ষভাবে সাহায্য করেছে, তারা যে-ই হোক আর সংখ্যায় যত জনই হোক, সমান অপরাধী। পাশাপাশি এটাও বলা দরকার, পুলিশের নিষ্ক্রিয়তার বিষয়টি তাদের বিভাগীয় তদন্ত ও শাস্তির আওতায় পড়ে। নোয়াখালীর হত্যাকাণ্ডে পুলিশ নিজেই জড়িত ছিল বলে অভিযোগ এসেছে, যা খুবই আতঙ্কের কথা। কারণ বিচারের বাইরে কোনো খুনই কোনোভাবে মেনে নেওয়া যায় না। সবচেয়ে জঘন্য অপরাধীরও বিচার পাওয়ার অধিকার আছে। নোয়াখালীর ঘটনায় যেসব পুলিশ সদস্যের বিরুদ্ধে জড়িত থাকার অভিযোগ আছে, তাঁরাও অন্য খুনিদের মতোই সমান দায়ী, আর তাঁদের অপরাধের বিচারও ফৌজদারি আইনেই হবে। পুলিশ বলে ফৌজদারি বিচার এড়ানোর কোনো সুযোগ নেই। স্বাভাবিক তদন্ত শেষে অন্য আসামিদের সঙ্গেই প্রকাশ্য আদালতে তাঁদের বিচার হবে। তার ওপর বিভাগীয় শাস্তিও তাঁদের ভোগ করতে হবে। স্বামী শারীরিক আর মানসিকভাবে নির্যাতন করলে তার প্রতিকার কীভাবে পাব?","yes","Broken: almost all of the text is a lawyer's opinion piece on mob lynching (lawyer's name and signature dropped); the actual citizen question is only the last line (remedy for a husband's physical and mental abuse)"
"prot_0128_03","Sorup","28","অনেকে মনে করেন যে খ্রিষ্টান নারীরা পুরুষের চেয়ে সম্পত্তি বেশি পান। কারণ, তাঁরা স্বামীর বাড়ির সম্পত্তি পান এবং বাবার বাড়ির সম্পত্তিও পান, এ সম্পর্কে আপনি কী মনে করেন?","অনেকের ধারণা, খ্রিষ্টান মেয়েরা ছেলেদের চেয়ে বেশি সম্পত্তি পায়, কারণ তারা স্বামীর বাড়ির সম্পত্তিও পায়, আবার বাবার বাড়ির সম্পত্তিও পায়। এ ব্যাপারে আপনার কী মনে হয়?","no",""
"prot_0136_03","Sorup","58","মাঝখানে আমাকে আশ্বাস দেওয়া হয়, পুরো টাকা ফেরতদেবে। এর কয়েক দিন পর আমাকে সত্তর হাজার টাকার একটা চেক দেয়। কিন্তু চেকটি নিয়ে ব্যাংকে গেলে ব্যাংক থেকে বলা হয়, এ হিসাব নম্বরে টাকা জমা নেই। পরবর্তী সময় তাদের সঙ্গে যোগাযোগ করা হলে তারা বারবার সময় নিয়েও টাকা ফেরত দিচ্ছে না। আমি এখন প্রতিষ্ঠানটির বিরুদ্ধে কীভাবে অইনি পদক্ষেপ নিতে পারি?","এর মধ্যে আমাকে ভরসা দেওয়া হয় যে পুরো টাকাই ফেরত দেবে। কয়েক দিন পর আমাকে সত্তর হাজার টাকার একটা চেক দেয়। কিন্তু চেক নিয়ে ব্যাংকে গেলে ব্যাংক জানায়, ওই অ্যাকাউন্টে কোনো টাকা জমা নেই। এরপর তাদের সঙ্গে যোগাযোগ করলে তারা বারবার সময় নেয়, কিন্তু টাকা আর ফেরত দেয় না। এখন ওই প্রতিষ্ঠানের বিরুদ্ধে আমি কীভাবে আইনি ব্যবস্থা নিতে পারি?","no","Text starts mid-story (beginning cut off)"
"ajke_0144_01","Sorup","23","আমার স্বামী ডিভোর্স লেটার দিয়েছে ১ মাস আগে। সেখানে ‘তিন তালাক এ বাইন’ লেখা ছিল। এতে আইন অনুযায়ী কি আমাদের তালাক হয়ে গেছে?","১ মাস আগে আমার স্বামী আমাকে ডিভোর্স লেটার পাঠিয়েছে। তাতে লেখা ছিল ‘তিন তালাক এ বাইন’। আইন অনুযায়ী কি এতে আমাদের তালাক হয়ে গেছে?","no",""
"ajke_0153_01","Sorup","58","আমি একজন শিল্পী। বিভিন্ন ইলাস্ট্রেশনের কাজ করি। আমি সাধারণত অনলাইনে নানা মাধ্যমে প্রকাশিত গল্পের অলংকরণের কাজ করেছি বেশি। তবে আমার আঁকা ছবিগুলোর স্বত্ব নিয়ে বিভিন্ন ঝামেলায় পড়তে হয়। এর আগেও সমস্যায় পড়েছি। সব সময় মিউচুয়াল করতে হয়েছে। আমি এই সমস্যার সমাধান কীভাবে পেতে পারি? কাজটা তো আমি বন্ধ করতে চাই না। সে ক্ষেত্রে আইনি ধাপগুলো কীভাবে নিতে পারি?","আমি আঁকাআঁকি করি, নানা রকম ইলাস্ট্রেশনের কাজ করি। বেশির ভাগ কাজ করেছি অনলাইনে বিভিন্ন জায়গায় ছাপা হওয়া গল্পের ছবি আঁকার। কিন্তু আমার আঁকা ছবিগুলোর স্বত্ব নিয়ে প্রায়ই নানা ঝামেলায় পড়তে হয়। আগেও এমন সমস্যায় পড়েছি, প্রতিবারই মিটমাট করে নিতে হয়েছে। এই সমস্যার সমাধান কীভাবে পাব? কাজটা তো আমি ছাড়তে চাই না। তাহলে আইনিভাবে ধাপে ধাপে কী করতে পারি?","no",""
"ajke_0162_01","Sorup","192","রাফির (ছদ্মনাম) সঙ্গে আমি ২৩-০২-২০২৪ তারিখে বিবাহবন্ধনে আবদ্ধ হই। কিন্তু বিয়ের পরপরই তার চরিত্রের বিভিন্ন জঘন্য দিক আমার সামনে চলে আসে। বিয়ের পরে তার সঙ্গে আরও অনেক নারীর সম্পর্কের কথা আমি জানতে পারি। এ ছাড়া কথায় কথায় সে আমার গায়ে হাত তুলত। একপর্যায়ে রাফি আমাকে মৌখিকভাবে তালাক দেয়। এসব সহ্য করতে না পেরে বিয়ের এক মাস না যেতেই আমি তার থেকে সেপারেশনে চলে যাই। পরবর্তী সময়ে আরেকজন নারী আমাকে জানায় যে রাফি আমাকে ডিভোর্স করেছে। আমি প্রমাণ দেখতে চাইলে সে আমাকে একটি অসম্পূর্ণ তালাকনামা পাঠায়। ওই তালাকনামায় আমাদের বিবাহের তারিখ উল্লেখ ছিল না। এমনকি তালাকের তারিখের স্থানে আমাদের বিয়ের তারিখের আগের একটি তারিখ দেওয়া হয়। পরে রাফির সঙ্গে বিয়ের কথা গোপন করে পুনরায় বিয়ে করে ফেলি। যেহেতু আমি ভেবেছিলাম রাফি আমাকে মৌখিকভাবে তালাক দিয়েছে এবং সেই অসম্পূর্ণ তালাকনামাটিও আমার কাছে ছিল। প্রায় এক বছর পর রাফি পুনরায় আমাকে তার স্ত্রী হিসেবে দাবি করছে, যখন আমি আমার বর্তমান স্বামীকে নিয়ে সুখের সংসার করছি। সে আমাকে বিভিন্ন মামলার ভয় দেখাচ্ছে। রাফিকে মেনে নেওয়া আমার পক্ষে সম্ভব নয়। আর আমার বর্তমান স্বামীর কাছে আমি এখন সব জানিয়েছি, তারপরও সে আমাকে মেনে নিয়েছে এবং আমার সঙ্গে সংসার করতে চাচ্ছে। এখন আমার কী করণীয়? নাম প্রকাশে অনিচ্ছুক","২৩-০২-২০২৪ তারিখে একজনের সঙ্গে আমার বিয়ে হয়। কিন্তু বিয়ের পরপরই তার চরিত্রের নানা জঘন্য দিক আমার সামনে আসতে থাকে। বিয়ের পরে জানতে পারি, আরও অনেক মেয়ের সঙ্গে তার সম্পর্ক আছে। তার ওপর কথায় কথায় সে আমার গায়ে হাত তুলত। একসময় সে মুখে মুখে আমাকে তালাক দেয়। এসব আর সহ্য করতে না পেরে বিয়ের এক মাস না যেতেই আমি তার কাছ থেকে আলাদা হয়ে যাই। পরে অন্য এক মেয়ে আমাকে জানায় যে সে আমাকে ডিভোর্স দিয়েছে। প্রমাণ দেখতে চাইলে সে আমাকে একটা অসম্পূর্ণ তালাকনামা পাঠায়। ওই তালাকনামায় আমাদের বিয়ের তারিখ লেখা ছিল না, এমনকি তালাকের তারিখের জায়গায় আমাদের বিয়ের আগের একটা তারিখ বসানো ছিল। পরে আগের বিয়ের কথা লুকিয়ে আমি আবার বিয়ে করে ফেলি, কারণ ভেবেছিলাম সে তো মুখে তালাক দিয়েছেই, আর ওই অসম্পূর্ণ তালাকনামাটাও আমার কাছে ছিল। প্রায় এক বছর পর এখন সে আবার আমাকে তার বউ বলে দাবি করছে, অথচ আমি আমার এখনকার স্বামীকে নিয়ে সুখে সংসার করছি। সে আমাকে নানা মামলার ভয় দেখাচ্ছে। তাকে আবার মেনে নেওয়া আমার পক্ষে কোনোভাবেই সম্ভব না। আমার বর্তমান স্বামীকে আমি এখন সবকিছু খুলে বলেছি, তারপরও সে আমাকে মেনে নিয়েছে আর আমার সঙ্গেই সংসার করতে চায়। এখন আমার কী করা উচিত?","yes","Replaced the ex-husband's pseudonym"
"ajke_0172_01","Sorup","117","প্রশ্ন: মা-বাবা যার সঙ্গে আমাকে বিয়ে দিয়েছিল, তাকে আমার পছন্দ ছিল না বলে গাজীপুর কোর্ট থেকে ডিভোর্স দিই। পরে সেখানেই পছন্দের ছেলেকে বিয়ে করি। সে সময় আমার জন্মনিবন্ধন কার্ড ছিল হাতে লেখা। ভোটার আইডি কার্ড হয়নি। দ্বিতীয় বিয়ে করলে আমার মা-বাবা ও প্রথম স্বামী দ্বিতীয় স্বামীর বিরুদ্ধে মামলা করে। তবে আইনগতভাবে সবকিছু মিটমাট হয়ে গেছে। বর্তমান সংসারে আমার তিন বছরের একটি কন্যাসন্তান আছে। মা-বাবার অনলাইন জন্মনিবন্ধন বা ভোটার আইডি কার্ড আমার কাছে না থাকায় আমার ও মেয়ের অনলাইনে জন্মনিবন্ধন করতে পারছি না। মা-বাবা সেগুলো আমাকে দিচ্ছে না। কোনো রকম যোগাযোগ করলে তারা আমার মোবাইল ফোন নম্বর ব্লক করে দেয়। নিজের পছন্দে বিয়ে করেছি বলে তারা আমাকে কোনো কাগজপত্র দিয়ে সহায়তা করছে না। আমি এখন কী করতে পারি?","মা-বাবা যার সঙ্গে আমার বিয়ে দিয়েছিলেন, তাকে আমার পছন্দ ছিল না, তাই কোর্টে গিয়ে তাকে ডিভোর্স দিই। পরে ওই কোর্টেই নিজের পছন্দের ছেলেকে বিয়ে করি। তখন আমার জন্মনিবন্ধনের কার্ডটা ছিল হাতে লেখা, ভোটার আইডি কার্ডও হয়নি। দ্বিতীয় বিয়ের পর আমার মা-বাবা আর প্রথম স্বামী মিলে দ্বিতীয় স্বামীর নামে মামলা করে। তবে আইনিভাবে সব মিটমাট হয়ে গেছে। এখনকার সংসারে আমার তিন বছরের একটা মেয়ে আছে। মা-বাবার অনলাইন জন্মনিবন্ধন বা ভোটার আইডি কার্ড আমার কাছে না থাকায় আমি নিজের আর মেয়ের অনলাইন জন্মনিবন্ধন করাতে পারছি না। মা-বাবা সেগুলো দিচ্ছেন না। যোগাযোগ করতে গেলেই তাঁরা আমার মোবাইল নম্বর ব্লক করে দেন। নিজের পছন্দে বিয়ে করেছি বলে তাঁরা কোনো কাগজপত্র দিয়েই সাহায্য করছেন না। এখন আমি কী করতে পারি?","yes","Removed the district name of the court"
"ajke_0186_01","Sorup","69","প্রশ্ন: আমার স্বামীর সঙ্গে কয়েক মাসের মধ্যে ডিভোর্স হয়ে যাবে। আমরা এক বছর ধরে আলাদা থাকি এবং আমাদের মধ্যে যোগাযোগ নেই। আমার একটি ৯ বছরের ছেলেসন্তান আছে। ডিভোর্স হয়ে গেলে আমার ছেলেকে সে পাবে আইন অনুসারে। কিন্তু সে বিদেশে থাকে বলে সন্তানের দেখাশোনা করতে পারবে না। হয়তো তার পরিবারের মানুষেরা দেখবে কিংবা হোস্টেলে রাখবে। আমি জানতে চাই, সন্তানকে আমার কাছে রাখার কোনো উপায় কি আছে, যেহেতু সে বিদেশে থাকে?","কয়েক মাসের মধ্যেই স্বামীর সঙ্গে আমার ডিভোর্স হয়ে যাবে। এক বছর ধরে আমরা আলাদা থাকি, কোনো যোগাযোগও নেই। আমার ৯ বছরের একটা ছেলে আছে। ডিভোর্স হয়ে গেলে আইন অনুযায়ী ছেলেকে সে পাবে। কিন্তু সে তো বিদেশে থাকে, বাচ্চার দেখাশোনা করতে পারবে না। হয়তো তার বাড়ির লোকজন দেখবে, নয়তো হোস্টেলে রেখে দেবে। আমি জানতে চাই, সে যেহেতু বিদেশে থাকে, ছেলেকে আমার কাছে রাখার কি কোনো উপায় আছে?","no",""
"ajke_0190_01","Sorup","68","প্রশ্ন: আমাদের বিয়ে হয়েছে প্রায় ছয় বছর আগে। দুটি ছেলেসন্তান রয়েছে। ২০২০ সালে আমার স্বামী না জানিয়ে দ্বিতীয় বিয়ে করে। পরে গ্রাম্য সালিসে তাঁর দ্বিতীয় স্ত্রীকে আলাদা জায়গায় রাখার শর্তে আমি সংসারে ফিরে আসি। প্রায় সাত মাস আগে আমাকে না জানিয়ে গোপনে তৃতীয় বিয়ে করেছে। এই বিয়ে নিয়ে কথা বললে আমাকে প্রায় প্রতিদিনই মারধর করে। আমি আর সংসার করতে চাইছি না। তার বিরুদ্ধে আইনি কী পদক্ষেপ নিতে পারি?","প্রায় ছয় বছর আগে আমাদের বিয়ে হয়, দুটো ছেলে আছে। ২০২০ সালে আমার স্বামী আমাকে না জানিয়ে দ্বিতীয় বিয়ে করে। পরে গ্রামের সালিসে ঠিক হয়, দ্বিতীয় বউকে সে আলাদা জায়গায় রাখবে, এই শর্তে আমি আবার সংসারে ফিরি। মাস সাতেক আগে সে আবার আমাকে না জানিয়ে লুকিয়ে তৃতীয় বিয়ে করেছে। এই বিয়ে নিয়ে কিছু বললেই সে প্রায় রোজই আমাকে মারধর করে। আমি আর তার সংসার করতে চাই না। তার বিরুদ্ধে আমি কী আইনি ব্যবস্থা নিতে পারি?","no",""
"ajke_0197_01","Sorup","123","প্রশ্ন: আমার বয়স ৩২ বছর। ২৫ বছর বয়সে নিজের পছন্দে বিয়ে করি। আমাদের পাঁচ বছর বয়সী একটি পুত্রসন্তান আছে। বিয়ের পর বাবার খরচে এমবিএ করি। স্বামী চাননি চাকরি করি। সে জন্য এখন আমি গৃহিণী। প্রথমে মন খারাপ হলেও এখন সে জীবনে অভ্যস্ত হয়ে উঠেছি। কিছুদিন ধরে স্বামীর সঙ্গে অকারণেই সম্পর্কের অবনতি হচ্ছে। সে সংসারের প্রতি পুরোপুরি উদাসীন। সংসার খরচ এবং সন্তানের পড়াশোনার খরচ ঠিকমতো দেয় না বলে বাসাভাড়া ও স্কুলের বকেয়া বেড়েই চলেছে। বাবার বাড়ি থেকে অর্থ সাহায্য নিয়ে কোনোমতে চলছি। সে আমার বা তার মা-বাবা কারও কথাই মানছে না। এখন তার সংসার করাটা কষ্টসাধ্য হয়ে উঠছে। আমি তাকে তালাক দিতে চাই না। আবার আমার পক্ষে এখন চাকরি করাও সম্ভব নয়। আমি কি স্বামীর বিরুদ্ধে নিজের এবং সন্তানের ভরণপোষণের আইনি ব্যবস্থা নিতে পারি?","আমার বয়স ৩২। ২৫ বছর বয়সে নিজের পছন্দে বিয়ে করি। আমাদের পাঁচ বছরের একটা ছেলে আছে। বিয়ের পর বাবার টাকায় এমবিএ করেছি। স্বামী চাননি আমি চাকরি করি, তাই এখন ঘরেই থাকি। প্রথম প্রথম মন খারাপ লাগলেও এখন এই জীবনে অভ্যস্ত হয়ে গেছি। কিছুদিন ধরে কোনো কারণ ছাড়াই স্বামীর সঙ্গে সম্পর্কটা খারাপ হচ্ছে। সংসারের দিকে তার কোনো খেয়ালই নেই। সংসারের খরচ, ছেলের পড়াশোনার খরচ ঠিকমতো দেয় না, ফলে বাসাভাড়া আর স্কুলের বকেয়া বাড়তেই আছে। বাবার বাড়ি থেকে টাকা নিয়ে কোনোরকমে চলছি। সে আমার কথা তো শোনেই না, তার নিজের মা-বাবার কথাও শোনে না। এখন তার সঙ্গে সংসার করাটা খুব কষ্টের হয়ে যাচ্ছে। আমি তাকে তালাক দিতে চাই না। আবার এই মুহূর্তে আমার পক্ষে চাকরি করাও সম্ভব না। নিজের আর ছেলের ভরণপোষণের জন্য কি আমি স্বামীর বিরুদ্ধে আইনি ব্যবস্থা নিতে পারি?","no",""
"ajke_0203_01","Sorup","43","গত বছর তিনি সেখানে স্ট্রোক করে মারা যান। তাঁর মৃত্যুর পর সন্তানকে নিয়ে ভাইয়ের বাসায় থাকি। কারণ, স্বামীর মৃত্যুর পর শ্বশুরবাড়ির লোকজন আমার সঙ্গে যোগাযোগ রাখেননি। এমনকি আমাদের খোঁজখবরও নেননি। জানার বিষয় হলো, স্বামী মারা যাওয়ার পর স্ত্রী আর সন্তানের সম্পত্তির অধিকার কতটুকু?","গত বছর সেখানেই স্ট্রোক করে তিনি মারা যান। তাঁর মৃত্যুর পর বাচ্চাকে নিয়ে আমি ভাইয়ের বাসায় থাকি। কারণ স্বামী মারা যাওয়ার পর শ্বশুরবাড়ির কেউ আমার সঙ্গে আর যোগাযোগ রাখেনি, আমরা কেমন আছি সেই খোঁজটুকুও নেয়নি। আমি জানতে চাই, স্বামী মারা গেলে তাঁর সম্পত্তিতে বউ আর বাচ্চার অধিকার কতখানি?","no","Text starts mid-story (where the husband was is cut off)"
"dail_0613_04","Sorup","23","Since the claim is passed through Law and amended further to clarify, are banks in breach, in view of legal and ethical grounds?","Given that the claim has been made law and later amended to make it clearer, are the banks in breach, on both legal and ethical grounds?","no","Fragment: which claim and which law is not in the text. Kept in English like the original"
"lawy_0210_01","Sorup","13","হঠাৎ দুর্ঘটনা, আত্মহত্যা নাকি রহস্যময় মৃত্যু: থানায় ‘ইউডি কেস’ কেন এবং কখন হয়?","হঠাৎ দুর্ঘটনা, আত্মহত্যা, নাকি রহস্যজনক মৃত্যু: থানায় ‘ইউডি কেস’ কেন করা হয়, আর কখন করা হয়?","no","Headline-style (article title)"
"lawy_0224_01","Sorup","10","দেনমোহর আদায়ে সময়সীমা: তালাকের পরও কি নারীর দাবি থেকে থাকে?","দেনমোহর আদায়ের সময়সীমা কত: তালাক হয়ে গেলেও কি মেয়েটা দেনমোহর দাবি করতে পারে?","no","Headline-style (article title)"
"lawy_0317_01","Sorup","9","একই জমি একাধিক ব্যক্তির কাছে বিক্রিতে কোন দলিলটি টিকবে?","একই জমি একজনের বেশি লোকের কাছে বেচে দিলে কার দলিলটা টিকবে?","no","Headline-style (article title)"
"lawy_0326_01","Sorup","8","সারা জীবনের অর্জন দিয়ে ভুল জমি কিনছেন না-তো?","সারা জীবনের জমানো টাকায় ভুল জমি কিনে ফেলছেন না তো?","no","Headline-style teaser (article title), not a concrete question"
"lawy_0361_01","Sorup","11","নদী ভাঙন সিকস্তি ও চর জাগা পয়স্তি জমি কিভাবে ফিরে পাবেন","নদীভাঙনে তলিয়ে যাওয়া (সিকস্তি) জমি আর নতুন চর জেগে ওঠা (পয়স্তি) জমি কীভাবে ফেরত পাওয়া যায়","no","Headline-style (article title)"
"lawy_0376_01","Sorup","11","নারী ও শিশু নির্যাতনের মামলা কখন, কোথায়, কেন এবং কিভাবে করবেন?","নারী ও শিশু নির্যাতনের মামলা কখন করবেন, কোথায় করবেন, কেন আর কীভাবে করবেন?","no","Headline-style (article title)"
"lawy_0403_01","Sorup","9","একজন নারী কখন, কিভাবে তার স্বামীকে তালাক দিতে পারে!","একজন মেয়ে কখন আর কীভাবে নিজের স্বামীকে তালাক দিতে পারে!","no","Headline-style (article title)"
"lawy_0424_01","Sorup","9","আপনার স্ত্রী কর্তৃক মিথ্যা মামলার শিকার হলে কি করবেন?","বউ যদি আপনার নামে মিথ্যা মামলা দেয়, তখন কী করবেন?","no","Headline-style (article title)"
"lawy_0445_01","Sorup","9","চেক ডিসঅনার মামলা : কখন ও কিভাবে করতে হয়?","চেক ডিসঅনারের মামলা: কখন করতে হয়, আর কীভাবে করতে হয়?","no","Headline-style (article title)"
"lawy_0567_01","Sorup","8","ছেলে নেই, মেয়ে কি বাবার সব সম্পত্তি পাবে?","কোনো ছেলে না থাকলে মেয়েই কি বাবার পুরো সম্পত্তি পাবে?","no","Headline-style (article title)"
"prot_0001_02","Sorup","24","কোনো মেয়ে তার বাবা জীবিত থাকা অবস্থায় মারা গেলে মেয়ের ছেলে-মেয়ে কি তাদের মায়ের অংশ পাবে? পেলে কতটুকু অংশ পাবে? নাম প্রকাশে অনিচ্ছুক ঢাকা","বাবা বেঁচে থাকতেই যদি কোনো মেয়ে মারা যায়, তাহলে ওই মেয়ের ছেলেমেয়েরা কি তাদের মায়ের ভাগটা পাবে? পেলে কতখানি পাবে?","yes","Removed district in signature"
"prot_0003_02","Sorup","47","আমার প্রশ্ন, স্ত্রীকে না জানিয়ে স্বামী যদি দ্বিতীয় বিয়ে করেন এবং প্রথম স্ত্রী ও সন্তানের ভরণপোষণ না দেন, তবে প্রথম স্ত্রী কীভাবে আইনি সহায়তা পেতে পারেন? যদি প্রথম স্ত্রী স্বামীকে তালাক দিতে চান, তাহলে সন্তান কে পাবেন? তালাকের পর সন্তানের ভরণপোষণ কে বহন করবেন? নাম প্রকাশে অনিচ্ছুক","আমার জানার বিষয়, বউকে না জানিয়ে স্বামী যদি আরেকটা বিয়ে করে, আর প্রথম বউ ও বাচ্চার খরচপাতি না দেয়, তাহলে প্রথম বউ কীভাবে আইনের সাহায্য পাবে? প্রথম বউ যদি স্বামীকে তালাক দিতে চায়, তাহলে বাচ্চা কার কাছে থাকবে? আর তালাকের পর বাচ্চার ভরণপোষণের খরচ কে দেবে?","no",""
"prot_0005_04","Sorup","34","কিন্তু দুজনের পরিবারই রাজি নয়। তাই আমরা দুজন-দুজনকে কলমা পড়িয়ে বিয়ে করেছি, বিয়ের সময় কোনো সাক্ষী ছিল না। শুধু আমরা দুজন দুজনকে পড়িয়েছি। আমরা এখন স্বামী-স্ত্রী হিসেবেই বসবাস করছি। আমাদের বিয়ে কি বৈধ হবে?","কিন্তু দুজনের কারও পরিবারই রাজি না। তাই আমরা দুজন দুজনকে কলেমা পড়িয়ে বিয়ে করে নিয়েছি, তখন কোনো সাক্ষী ছিল না। শুধু আমরা দুজনেই একে অন্যকে পড়িয়েছি। এখন আমরা স্বামী-স্ত্রী হিসেবেই থাকছি। আমাদের এই বিয়ে কি বৈধ হবে?","no","Text starts mid-story (beginning cut off)"
"prot_0008_05","Sorup","68","এখন আমার সব সনদ ও জাতীয় পরিচয়পত্র আমার বাবার পরিবর্তিত নামেই আছে। এখন কাগজপত্রের হিসেবে আমার বাবার সন্তান নই। এই সমস্যার কারণে আমি কোনো চাকরিতে আবেদন করলে আমার ঠিকানায় পাঠানো ফেরত খাম আমার ঠিকানায় আসে না। কারণ, ডাকপিয়ন আমার বাবার সঠিক নামেই আমার ঠিকানার সন্ধান করেন। এমতাবস্থায় আমার সরকারি কিংবা বেসরকারি চাকরি পেতে কোনো সমস্যা হবে কি না এবং বাবার সম্পত্তির উত্তরাধিকারী হতে কোনো সমস্যা আছে কি না?","এখন আমার সব সার্টিফিকেট আর জাতীয় পরিচয়পত্রে বাবার বদলে যাওয়া নামটাই আছে। ফলে কাগজে-কলমে আমি আমার বাবার সন্তান না। এই ঝামেলার কারণে কোনো চাকরির আবেদন করলে আমার ঠিকানায় যে ফিরতি খাম পাঠানো হয়, সেটা আমার কাছে পৌঁছায় না। কারণ ডাকপিয়ন বাবার আসল নাম ধরেই আমার ঠিকানা খোঁজেন। এই অবস্থায় সরকারি বা বেসরকারি চাকরি পেতে কি আমার কোনো সমস্যা হবে? আর বাবার সম্পত্তির ওয়ারিশ হতেও কি কোনো ঝামেলা হবে?","no","Text starts mid-story (how the father's name changed is cut off)"
"prot_0009_04","Sorup","48","কিন্তু আমার বয়স ১৯ বছর। আমার পরিবারের সদস্যরা আমাদের সম্পর্ক কিছুতেই মানবে না। এটা তারা জানিয়ে দিয়েছে। এখন আমরা দুজনে হিন্দুধর্ম মতে রেজিস্ট্রি করতে এবং রেজিস্ট্রির এক বছর পর বিয়ে করতে চাচ্ছি। যেহেতু আমার বয়স ১৯ বছর তাই আমরা কি এখন রেজিস্ট্রি করতে পারব এবং তা কীভাবে করব?","কিন্তু আমার বয়স ১৯ বছর। আমার বাড়ির লোকজন আমাদের সম্পর্ক কিছুতেই মেনে নেবে না, সেটা তারা সাফ জানিয়ে দিয়েছে। তাই আমরা দুজন চাইছি, আগে হিন্দু ধর্মমতে রেজিস্ট্রি করে রাখব, আর রেজিস্ট্রির এক বছর পরে বিয়ে করব। আমার বয়স যেহেতু ১৯, আমরা কি এখনই রেজিস্ট্রি করতে পারব? আর পারলে কীভাবে করব?","no","Text starts mid-story (beginning cut off)"
"prot_0011_04","Sorup","11","দত্তক নেওয়া সন্তানকে কীভাবে নিজের সম্পত্তির উত্তরাধিকার বানাব? নাম প্রকাশে অনিচ্ছুক","দত্তক নেওয়া বাচ্চাকে কীভাবে আমার সম্পত্তির ওয়ারিশ বানাতে পারি?","no",""
"prot_0015_02","Sorup","71","আমার দাদা-দাদির পাঁচ ছেলে ও দুই মেয়ে। ১৯৭৭ সালে আমার বয়স যখন দুই বছর, তখন আমার বাবা মারা যান। আমি আমার বাবার একমাত্র মেয়ে। আমার দাদা-দাদি তখন জীবিত ছিলেন। তারপর আমার দাদা ১৯৮২ ও দাদি ২০১০ সালে মারা যান। আমার বাবার নামে কোনো সম্পত্তি ছিল না, সবই দাদা ও দাদির। এখন প্রশ্ন হলো, দাদা ও দাদির রেখে যাওয়া সম্পত্তির কতটুকু অংশ আমি পাব? আমার মাও কি সম্পত্তি পাবেন? কানিজ ফারহানা ময়মনসিংহ","আমার দাদা-দাদির পাঁচ ছেলে আর দুই মেয়ে। ১৯৭৭ সালে, আমার বয়স যখন দুই বছর, তখন আমার বাবা মারা যান। আমি বাবার একমাত্র মেয়ে। দাদা-দাদি তখনো বেঁচে ছিলেন। পরে ১৯৮২ সালে দাদা আর ২০১০ সালে দাদি মারা যান। বাবার নামে কোনো সম্পত্তি ছিল না, যা ছিল সব দাদা আর দাদির নামে। এখন প্রশ্ন হলো, দাদা-দাদির রেখে যাওয়া সম্পত্তি থেকে আমি কতটুকু পাব? আমার মা-ও কি কোনো ভাগ পাবেন?","yes","Removed signature (name and district)"
"prot_0017_03","Sorup","39","২০১১ সালে আমার বোন মারা যায়। আমার বাবা ও মা এখনো জীবিত। আমার বোনের একটি মেয়ে আছে, যার দেখাশোনা আমরা করি। আমার বাবা ও মার নামে সম্পত্তি আছে। আমার বাবা ও মা মারা গেলে ওই সম্পত্তির অংশীদার কে হবে?","২০১১ সালে আমার বোন মারা যায়। আমার মা-বাবা এখনো বেঁচে আছেন। বোনের একটা মেয়ে আছে, ওকে আমরাই দেখাশোনা করি। মা-বাবার নামে সম্পত্তি আছে। মা-বাবা মারা গেলে ওই সম্পত্তির ভাগ কারা কারা পাবে?","no",""
"prot_0019_01","Sorup","63","প্রথম স্ত্রীর সঙ্গে ২০০৮ সালে বিচ্ছেদ হয়। আমার প্রথম স্ত্রীর দুটি সন্তান আছে বলে দ্বিতীয় স্ত্রী সন্তান নেয়নি। বিশেষ করে আমার পুত্রসন্তানটি ছোট থেকে দ্বিতীয় স্ত্রীর কাছেই লালিত হচ্ছে। এ কারণে সে সব ক্ষেত্রে আমার দ্বিতীয় স্ত্রীর নাম ব্যবহার করে, এমনকি জন্মনিবন্ধন ও পঞ্চম শ্রেণির সনদও দ্বিতীয় মায়ের নামে করা হয়। আমার প্রশ্ন, এই নাম ব্যবহারের কারণে ভবিষ্যতে কোনো সমস্যা হবে কি না?","২০০৮ সালে প্রথম বউয়ের সঙ্গে আমার ছাড়াছাড়ি হয়ে যায়। প্রথম ঘরে দুটো বাচ্চা আছে বলে দ্বিতীয় বউ আর বাচ্চা নেয়নি। বিশেষ করে আমার ছেলেটা ছোটবেলা থেকেই দ্বিতীয় বউয়ের কাছে মানুষ হচ্ছে। এই কারণে সব জায়গায় সে মায়ের নাম হিসেবে আমার দ্বিতীয় বউয়ের নামই দেয়, এমনকি জন্মনিবন্ধন আর ক্লাস ফাইভের সার্টিফিকেটও দ্বিতীয় মায়ের নামে করা। আমার প্রশ্ন, এভাবে নাম ব্যবহার করায় ভবিষ্যতে কি কোনো ঝামেলা হবে?","no",""
"prot_0023_01","Sorup","21","বিয়ের কাবিননামা না থাকলে কি স্বামীর সম্পত্তিতে স্ত্রীর উত্তাধিকার থাকে? এ ক্ষেত্রে স্বামীর মৃত্যুর পর স্ত্রী কি স্বামীর সম্পত্তিতে অংশীদার হবে?","বিয়ের কাবিননামা না থাকলে কি স্বামীর সম্পত্তিতে বউয়ের ওয়ারিশি হক থাকে? মানে স্বামী মারা গেলে বউ কি তার সম্পত্তির ভাগ পাবে?","no",""
"prot_0025_06","Sorup","33","এখন সে আমার বোনকে ছেড়ে দিতে চাচ্ছে। তার দুই মেয়ে ও এক ছেলে। বর্তমানে আমার বোনের কোনো খোঁজখবর নেয় না। অবশ্য তার সন্তানদের খরচ দেয়। এমতাবস্থায় আমরা কী ধরনের আইনি পদক্ষেপ নিতে পারি?","এখন সে আমার বোনকে ছেড়ে দিতে চাইছে। তার দুই মেয়ে আর এক ছেলে। আজকাল সে আমার বোনের কোনো খোঁজখবরই নেয় না, তবে বাচ্চাদের খরচটা দেয়। এই অবস্থায় আমরা কী আইনি ব্যবস্থা নিতে পারি?","no","Text starts mid-story (beginning cut off)"
"prot_0026_05","Sorup","125","আমার বয়স ২৮। গত ১ ফেব্রুয়ারি আমার বিয়ে হয় একজন সরকারি কর্মকর্তার সঙ্গে। বিয়ের ১০ দিনের মাথায় সে আমার কাছে মোটা অঙ্কের যৌতুক দাবি করে। আমি যৌতুক দিতে রাজি না হওয়ায় কিছুদিন পর সে আমাকে তালাকের নোটিশ পাঠায়। আমি যাতে মামলা না করি, সে জন্য প্রথমে আমার পরিবারকে সে বলে তার ভুল হয়েছে, আমাকে সে নিতে চায়। এভাবে তিন মাস পার হওয়ার পর সে আমাকে ও আমার পরিবারকে বিভিন্নভাবে হুমকি দেয় এবং আমার সম্পর্কে অশালীন কথা বলে। একইভাবে সে আমাকে দেনমোহরের টাকা থেকে বঞ্চিত করছে। আমি মামলা করতে চাইলেও আমার পরিবার রাজি হচ্ছে না। আর আমার একার পক্ষে বেসরকারিভাবে মামলা চালানোর টাকাও নেই। আমি কী করতে পরি? আমি আমার দেনমোহরের টাকা নিতে চাই। আর আমি কোথায় গেলে এই সুবিধা পাব জানাবেন? নাম প্রকাশে অনিচ্ছুক ঢাকা","আমার বয়স ২৮। গত ১ ফেব্রুয়ারি এক সরকারি কর্মকর্তার সঙ্গে আমার বিয়ে হয়। বিয়ের ১০ দিনের মাথায় সে আমার কাছে মোটা টাকার যৌতুক চায়। আমি যৌতুক দিতে রাজি না হওয়ায় কিছুদিন পর সে আমাকে তালাকের নোটিশ পাঠায়। আমি যেন মামলা না করি, সেজন্য প্রথমে সে আমার বাড়ির লোকদের বলে, তার ভুল হয়ে গেছে, সে আমাকে ফিরিয়ে নিতে চায়। এভাবে তিন মাস পার করার পর সে আমাকে আর আমার পরিবারকে নানাভাবে হুমকি দিতে থাকে, আমার নামে নোংরা কথা বলে বেড়ায়। একইভাবে আমাকে দেনমোহরের টাকা থেকেও বঞ্চিত করছে। আমি মামলা করতে চাইলেও আমার পরিবার রাজি হচ্ছে না। আর একা নিজের টাকায় মামলা চালানোর সামর্থ্যও আমার নেই। আমি কী করতে পারি? আমি আমার দেনমোহরের টাকাটা চাই। কোথায় গেলে এই সুবিধা পাব, একটু জানাবেন?","yes","Removed district in signature"
"prot_0030_02","Sorup","113","আজ থেকে ছয় মাস আগে জোর করে আমার স্বামী আমাকে বিয়ে করে এবং সাদা স্ট্যাম্পে আমার সই নিয়ে এফিডেভিট করে যে আমি স্বেচ্ছায়, বিনা প্ররোচনায় তাকে বিয়ে করেছি, যা সম্পূর্ণ মিথ্যা। এতে আমার পরিবার আমাকে বর্জন করে। তাকে তো আমি স্বামী হিসেবে মানতে পারছি না। প্রথমত, আমি স্নাতক (সম্মান) ইংরেজির ছাত্রী ছিলাম আর সে বলতে গেলে নিরক্ষর। এ ছাড়া তার পরিবার, বাড়ির লোক, পরিবেশ, জীবনধারা, আদর্শ কিছুই আমার সঙ্গে সামঞ্জস্যপূর্ণ নয়। আমি চাচ্ছি তাকে তালাক দিয়ে নতুন করে জীবন সাজাতে। কিন্তু সে আমাকে শাসাচ্ছে যে আমি তালাক দিলে সে আত্মহত্যা করবে এবং তার বাড়ির লোকেরা আমার নামে মামলা দেবে। বিয়ের কোনো কাগজও আমার কাছে নেই। আমি কীভাবে তালাক দিতে পারি? নাম-ঠিকানা প্রকাশে অনিচ্ছুক","ছয় মাস আগে আমার স্বামী জোর করে আমাকে বিয়ে করে, আর সাদা স্ট্যাম্পে আমার সই নিয়ে এফিডেভিট করে যে আমি নিজের ইচ্ছায়, কারও প্ররোচনা ছাড়াই তাকে বিয়ে করেছি, যা পুরোপুরি মিথ্যা। এর ফলে আমার পরিবার আমাকে ত্যাগ করেছে। তাকে তো আমি স্বামী হিসেবে মেনে নিতে পারছি না। প্রথম কথা, আমি ইংরেজিতে অনার্স পড়তাম, আর সে বলতে গেলে লেখাপড়াই জানে না। তার ওপর তার পরিবার, বাড়ির লোকজন, পরিবেশ, চলাফেরা, আদর্শ, কোনো কিছুর সঙ্গেই আমার মেলে না। আমি চাই তাকে তালাক দিয়ে নতুন করে জীবনটা গুছিয়ে নিতে। কিন্তু সে আমাকে শাসাচ্ছে, আমি তালাক দিলে সে আত্মহত্যা করবে, আর তার বাড়ির লোকেরা আমার নামে মামলা করবে। বিয়ের কোনো কাগজও আমার কাছে নেই। আমি কীভাবে তালাক দিতে পারি?","no",""
"prot_0032_02","Sorup","42","আমি স্নাতক (সম্মান) শেষ বর্ষে পড়ি। বয়স ২৩ বছর। আট বছর ধরে একটা ছেলের সঙ্গে আমার সম্পর্ক। আমার চেয়ে ও কয়েক মাসের ছোট। এখন আমরা যদি বিয়ে করতে চাই অর্থাৎ কোর্টে গিয়ে বিয়ে করতে চাইলে বয়সের জন্য কি কোনো রকম অসুবিধা হবে?","আমি অনার্স ফাইনাল ইয়ারে পড়ি, বয়স ২৩। আট বছর ধরে একটা ছেলের সঙ্গে আমার সম্পর্ক। ও আমার চেয়ে কয়েক মাসের ছোট। এখন আমরা যদি বিয়ে করতে চাই, মানে কোর্টে গিয়ে বিয়ে করতে চাই, তাহলে বয়সের কারণে কি কোনো ঝামেলা হবে?","no",""
"prot_0035_03","Sorup","67","আমরা পাঁচ ভাই, পাঁচ বোন। আমার বাবা গত বছর মারা যান। তিনি তাঁর বড় সন্তানের নামে তুলনামূলক বেশি সম্পত্তি রেখে গেছেন। মৃত্যুর আগে তিনি বলেছেন, আমি তো সবাইকে সমান ভাগ দিতে পারলাম না, তোমরা সবাই সমানভাবে ভাগ-বাঁটোয়ারা করে নিয়ো। আমার প্রশ্ন, বাবার নামে যে সম্পত্তি আছে তা তো আমরা সমান ভাগে ভাগ পাব। কিন্তু বড় ভাইয়ের নামে যা আছে, তারও কি সমান ভাগ হবে? নাম প্রকাশে অনিচ্ছুক","আমরা পাঁচ ভাই, পাঁচ বোন। গত বছর আমার বাবা মারা গেছেন। তিনি তাঁর বড় সন্তানের নামে অন্যদের চেয়ে বেশি সম্পত্তি রেখে গেছেন। মারা যাওয়ার আগে বলে গেছেন, ‘আমি তো সবাইকে সমান ভাগ দিয়ে যেতে পারলাম না, তোমরা সবাই মিলে সমান করে ভাগ করে নিয়ো।’ আমার প্রশ্ন, বাবার নামে যে সম্পত্তি আছে সেটা তো আমরা সমান ভাগেই পাব। কিন্তু বড় ভাইয়ের নামে যা আছে, সেটাও কি সমান ভাগ হবে?","no",""
"prot_0036_06","Sorup","120","আমি এখন স্নাতকোত্তর পর্যায়ে পড়ছি। উচ্চমাধ্যমিক পরীক্ষার কিছুদিন আগে একটি মেয়েকে বিয়ে করি। আমাদের বিয়েটা আমার বাবা-মা মেনে নিলেও মেয়ের বাবা-মা মেনে নেয়নি। তার সঙ্গে আমার বিবাহবিচ্ছেদ হয়। সবাই জানে আমাদের তালাক হয়ে গেছে। কিন্তু আমরা আলাদা থাকতে পারিনি। আমি তার কথামতো মাঝেমধ্যে তার বাসায় যেতাম। হঠাৎ একদিন মেয়েটি আমাকে তার বাসায় যেতে বলে। আমি তার বাসায় গেলে আশপাশের লোকজন জড়ো করে আমাকে আবার বিয়ে করতে বাধ্য করে। সে আমার বিশ্বাস ভেঙে দিয়েছে। এখন আমি তাকে কোনোভাবেই মেনে নিতে পারছি না। যার কারণে আমি মেয়েটিকে আবার কাজির মাধ্যমে তালাক দিয়েছি। মেয়ে আমাকে বিভিন্ন সময়ে ভয়ভীতি দেখায়। সে নাকি আমাকে ছাড়া অন্য কোথাও বিয়ে করবে না। এখন আমি যদি তার সঙ্গে সংসার না করতে চাই, তাহলে সে কোনো ব্যবস্থা নিতে পারবে?শান্তঢাকা","আমি এখন মাস্টার্সে পড়ছি। এইচএসসি পরীক্ষার কিছুদিন আগে একটা মেয়েকে বিয়ে করেছিলাম। আমার মা-বাবা বিয়েটা মেনে নিলেও মেয়ের মা-বাবা মানেনি। পরে তার সঙ্গে আমার ছাড়াছাড়ি হয়ে যায়। সবাই জানে আমাদের তালাক হয়ে গেছে। কিন্তু আমরা আলাদা থাকতে পারিনি। ওর কথামতো আমি মাঝেমধ্যে ওর বাসায় যেতাম। হঠাৎ একদিন মেয়েটা আমাকে তার বাসায় আসতে বলে। আমি যাওয়ার পর আশপাশের লোকজন জড়ো করে আমাকে আবার বিয়ে করতে বাধ্য করে। সে আমার বিশ্বাসটা ভেঙে দিয়েছে। এখন আমি তাকে কোনোভাবেই মেনে নিতে পারছি না। তাই কাজির মাধ্যমে আমি আবার তাকে তালাক দিয়েছি। মেয়েটা এখন নানা সময় আমাকে ভয়ভীতি দেখায়। বলে, আমাকে ছাড়া সে আর কোথাও বিয়ে করবে না। এখন আমি যদি তার সঙ্গে সংসার করতে না চাই, তাহলে কি সে কোনো ব্যবস্থা নিতে পারবে?","yes","Removed signature (name and district)"
"prot_0037_03","Sorup","49","আমার কোনো সন্তান নেই। বিয়েতে দেনমোহর যা ছিল বিয়ের সময় কিছু পরিশোধ করা হয়, যা কাবিনে উল্লেখ আছে। আমি আমার স্ত্রীকে তালাক দিলে আর কত টাকা ফেরত দিতে হবে। আইনের মাধ্যমে তালাক দিলে আমার কোনো সমস্যা হবে কি না। আমার স্ত্রী আমার বিরুদ্ধে আইনি ব্যবস্থা নিতে পারবে কি না?","আমার কোনো ছেলেমেয়ে নেই। বিয়েতে যে দেনমোহর ধরা হয়েছিল, তার কিছুটা বিয়ের সময়ই দিয়ে দেওয়া হয়, কাবিনে সেটা লেখা আছে। এখন বউকে তালাক দিলে আমাকে আর কত টাকা দিতে হবে? আইন মেনে তালাক দিলে কি আমার কোনো ঝামেলা হবে? বউ কি আমার বিরুদ্ধে কোনো আইনি ব্যবস্থা নিতে পারবে?","no",""
"prot_0038_03","Sorup","55","আমার বাবা মারা গেছেন চার বছর আগে। আমরা দুই ভাই ও দুই বোন। বাবার রেখে যাওয়া কোনো সম্পত্তি এখন পর্যন্ত খারিজ করা হয়নি। আমার দাদি জীবিত আছেন এবং তাঁর ছেলেমেয়েরাও জীবিত। এখন আমার বাবার কেনা সম্পত্তিতে দাদির অংশীদারত্ব আছে কি? উল্লেখ্য, আমরা মুসলিম। আইন অনুসারে দাদি কি আমার বাবার কেনা সম্পত্তির ভাগ পাবেন?নাম প্রকাশে অনিচ্ছুক","চার বছর আগে আমার বাবা মারা গেছেন। আমরা দুই ভাই, দুই বোন। বাবার রেখে যাওয়া কোনো সম্পত্তিরই এখনো খারিজ করানো হয়নি। আমার দাদি এখনো বেঁচে আছেন, তাঁর ছেলেমেয়েরাও বেঁচে আছেন। এখন বাবা যে সম্পত্তি কিনেছিলেন, তাতে কি দাদির কোনো ভাগ আছে? বলে রাখি, আমরা মুসলমান। আইন অনুযায়ী বাবার কেনা সম্পত্তিতে কি দাদি ভাগ পাবেন?","no",""
"prot_0040_01","Sorup","56","সরকারি কর্মচারীদের পেনশনের বিষয়টি নির্ধারিত বিধি দ্বারা পরিচালিত হয়। যথাযথ কর্তৃপক্ষের কাছে দেরিতে নমিনি করার কারণ উল্লেখ করে আপনি আপনার কন্যাকে নমিনি করতে পারেন। নতুন নমিনি নিয়োগে আইনগত কোনো বাধা নেই।আমি একজন মেয়েকে ভালোবাসি কিন্তু আমাদের দুজনের ধর্ম ভিন্ন। আমি চাই যার যার ধর্ম বজায় রেখে বিয়ে করতে। কি এ ধরনের কোনো আইন আছে? সুনিপুণ কর","সরকারি কর্মচারীদের পেনশনের ব্যাপারটা নির্দিষ্ট বিধিমালা মেনে চলে। দেরিতে নমিনি করার কারণ জানিয়ে উপযুক্ত কর্তৃপক্ষের কাছে আবেদন করে আপনি আপনার মেয়েকে নমিনি করতে পারেন। নতুন করে নমিনি করায় আইনে কোনো বাধা নেই। আমি একটা মেয়েকে ভালোবাসি, কিন্তু আমাদের দুজনের ধর্ম আলাদা। আমি চাই দুজনেই নিজের নিজের ধর্ম ঠিক রেখে বিয়ে করতে। এমন কোনো আইন কি আছে?","yes","Broken: starts with the tail of a lawyer's answer about pension nominees; the citizen question is interfaith marriage without conversion. Removed signature name"
"prot_0042_02","Sorup","50","আমি একটি মেয়েকে গত বছর মুঠোফোনের মাধ্যমে বিয়ে করি। বিয়ের সময় তার বয়স হয়েছিল ১৫ বছর সাত মাস। বিয়েতে নির্দিষ্ট অংকের দেনমোহর ধার্য ছিল। কিন্তু এ বিয়ের খবর দুজনের পরিবারের কেউ জানে না। বিয়ের কাগজ-কলমে কোনো প্রমাণ বা স্বাক্ষর আমাদের কাছে নেই। আমাদের যে বিয়ে হয়েছে, তা বৈধ নাকি অবৈধ?আমিনকক্সবাজার","গত বছর মোবাইল ফোনে একটা মেয়েকে বিয়ে করেছি। বিয়ের সময় ওর বয়স ছিল ১৫ বছর সাত মাস। বিয়েতে একটা নির্দিষ্ট অঙ্কের দেনমোহরও ঠিক করা হয়েছিল। কিন্তু এই বিয়ের কথা দুজনের বাড়ির কেউ জানে না। বিয়ের কোনো কাগজপত্র, প্রমাণ বা সই আমাদের কাছে নেই। আমাদের যে বিয়েটা হয়েছে, সেটা বৈধ না অবৈধ?","yes","Removed signature (name and district)"
"prot_0045_01","Sorup","63","আমার বাবার তিন স্ত্রী। প্রথম স্ত্রীর ঘরে তিন মেয়ে। দ্বিতীয় স্ত্রীর (আমার মা) ঘরে দুই ছেলে ও এক মেয়ে। তৃতীয় স্ত্রীর ঘরে কোনো সন্তান নেই। বাবার তৃতীয় স্ত্রী প্রথমে মারা যান, তারপর বাবা এবং বাবার পর তাঁর প্রথম স্ত্রী মারা যান। আমার মা জীবিত আছেন। মুসলিম আইন অনুযায়ী বাবার প্রথম স্ত্রীর সম্পত্তি কি আমরা পাব? যদি পাই তাহলে কী পরিমাণ পাব?নাম প্রকাশে অনিচ্ছুককুড়িগ্রাম","আমার বাবার তিন বউ। প্রথম বউয়ের ঘরে তিন মেয়ে। দ্বিতীয় বউয়ের (আমার মা) ঘরে দুই ছেলে আর এক মেয়ে। তৃতীয় বউয়ের কোনো সন্তান নেই। প্রথমে বাবার তৃতীয় বউ মারা যান, তারপর বাবা, আর বাবার পরে তাঁর প্রথম বউ মারা যান। আমার মা এখনো বেঁচে আছেন। মুসলিম আইন অনুযায়ী বাবার প্রথম বউয়ের সম্পত্তি থেকে কি আমরা কিছু পাব? পেলে কতখানি পাব?","yes","Removed district in signature"
"prot_0047_02","Sorup","59","আমি ভিন্ন ধর্মের একটি মেয়েকে ভালোবাসি। মেয়েটিও আমাকে খুব ভালোবাসে। মেয়েটি ইসলাম ধর্মে ধর্মান্তরিত হয়ে আমাকে বিয়ে করতে চায়। আমার আসল বয়স ১৯ বছর। কিন্তু জন্মনিবন্ধনে এবং সার্টিফিকেটে বয়স ১৭ বছর। মেয়েটির আসল ও জন্মনিবন্ধনে বয়স ১৬ বছর। আগামী দুই বছর পর আমরা বিয়ে করতে পারব কি? বিয়ের পর মেয়ের পরিবারের পক্ষ থেকে আমাদের কোনো জটিলতায় ফেলতে পারবে কি?","আমি অন্য ধর্মের একটা মেয়েকে ভালোবাসি, মেয়েটাও আমাকে খুব ভালোবাসে। ও ইসলাম ধর্ম গ্রহণ করে আমাকে বিয়ে করতে চায়। আমার আসল বয়স ১৯, কিন্তু জন্মনিবন্ধন আর সার্টিফিকেটে বয়স ১৭। মেয়েটার আসল বয়স আর জন্মনিবন্ধনের বয়স, দুটোই ১৬। দুই বছর পরে কি আমরা বিয়ে করতে পারব? বিয়ের পর মেয়ের বাড়ির লোকেরা কি আমাদের কোনো ঝামেলায় ফেলতে পারবে?","no",""
"prot_0048_02","Sorup","65","আমার দুটি ছেলে আছে। তাদের বয়স সাত ও ১৩। আমার স্বামী দুই বছর আগে আরেকটি বিয়ে করেছে। তার পর থেকে আমি তার সঙ্গে থাকি না। যদিও তার সঙ্গে আমার তালাক হয়নি। এখন আমি তাকে তালাক দিয়ে নতুন জীবন শুরু করতে চাই। সে ক্ষেত্রে সন্তানদের কি আমার কাছে রাখতে পারব? দুই বছর ধরে ওরা আমার কাছেই থাকে। ওরা ওদের বাবার কাছে থাকতে চায় না।নাম প্রকাশে অনিচ্ছুক","আমার দুই ছেলে, একজনের বয়স সাত, আরেকজনের ১৩। দুই বছর আগে আমার স্বামী আরেকটা বিয়ে করেছে। তারপর থেকে আমি আর তার সঙ্গে থাকি না, যদিও আমাদের তালাক হয়নি। এখন আমি তাকে তালাক দিয়ে নতুন করে জীবন শুরু করতে চাই। সেক্ষেত্রে ছেলেদের কি আমি আমার কাছে রাখতে পারব? দুই বছর ধরে ওরা আমার কাছেই থাকে, আর ওরা বাবার কাছে থাকতে চায় না।","no",""
"prot_0049_04","Sorup","108","আমার বন্ধুর বড় ভাই ১১ মাস আগে বিদেশে কর্মরত অবস্থায় মারা যান। তাঁর বউয়ের বয়স ২২ বছর এবং একমাত্র ছেলের বয়স দুই বছর। তিনি যখন বিদেশে যান, তখন তাঁর স্ত্রী পাঁচ মাসের গর্ভবতী ছিলেন। এ কারণে তিনি ছেলের মুখ দেখতে পারেননি। ইসলাম ধর্মে বড় ভাই মারা গেলে তাঁর বউকে ছোট ভাই বিয়ে করতে পারে। হিন্দুধর্মে কি এমন কোনো বিধান নেই যে বড় ভাই মারা যাওয়ার পর ছোট ভাই তাঁর বউকে বিয়ে করতে পারবে? যদি থাকে, তা হলে দুটি প্রাণ বেঁচে যায়। অসহায় একটি নারী পাবে আশ্রয় এবং নাবালক ছেলে পাবে তার ভবিষ্যতের ঠিকানা। কয়েকজন হিন্দু সমাজপতি বলেন, বড় ভাইয়ের বউ মায়ের সমান, তাকে বিয়ে করলে পাপ হবে।সুমন কর্মকারসিলেট","আমার এক বন্ধুর বড় ভাই ১১ মাস আগে বিদেশে কাজ করার সময় মারা যান। তাঁর বউয়ের বয়স ২২, আর একমাত্র ছেলের বয়স দুই বছর। তিনি যখন বিদেশে যান, তখন তাঁর বউ পাঁচ মাসের অন্তঃসত্ত্বা ছিলেন। তাই ছেলের মুখটাও তিনি দেখে যেতে পারেননি। ইসলামে তো বড় ভাই মারা গেলে ছোট ভাই তাঁর বউকে বিয়ে করতে পারে। হিন্দু ধর্মে কি এমন কোনো বিধান নেই, যাতে বড় ভাই মারা যাওয়ার পর ছোট ভাই তাঁর বউকে বিয়ে করতে পারে? যদি থাকে, তাহলে দুটো জীবন বেঁচে যায়। অসহায় মেয়েটা একটা আশ্রয় পাবে, আর নাবালক ছেলেটা ভবিষ্যতের একটা ঠিকানা পাবে। কয়েকজন হিন্দু সমাজপতি বলছেন, বড় ভাইয়ের বউ মায়ের সমান, তাকে বিয়ে করলে পাপ হবে।","yes","Removed signature (name and district)"
"prot_0052_01","Sorup","132","আমার বয়স ২৮ বছর। আট বছর ধরে একটা মেয়ের সঙ্গে আমার সম্পর্ক ছিল। তার বয়স এখন ২৩ বছর। সে আমার ভাবির বড় বোনের মেয়ে। বছর তিনেক আগে আমরা পরস্পরকে স্বামী-স্ত্রী হিসেবে গ্রহণ করি। এর কোনো সাক্ষী কিংবা কাগজপত্র নেই। এর পর থেকে আমরা স্বামী-স্ত্রীর মতো সময় কাটাই। তার কথামতো আমি সবাইকে জানাই, আমরা বিয়ে করেছি। সবাই জানে, আমরা স্বামী-স্ত্রী। চার মাস আগে তার নানিবাড়ির সবাই মিলে জোর করে তালাকের কাগজে সই নেয় এবং আমার গ্রামের বাড়িতে উকিল নোটিশ পাঠায়। উল্লেখ্য, আমি চার মাস পর একটি উকিল নোটিশ পেয়েছি। কিছুদিন আগে সবকিছু গোপন করে তাকে অন্যত্র বিয়ে দেওয়া হয়। আমাদের এই বিয়েতে আইন অনুযায়ী কোনো বাধা ছিল কি? আমাদের সম্পর্ককে কি বিয়ের সম্পর্ক বলা যায়? যদি ‘হ্যাঁ’ হয়, তাহলে এভাবে কি ডিভোর্স সম্ভব? সবকিছু গোপন করে তাকে বিয়ে দেওয়া হয়েছে, তা কি বৈধ?","আমার বয়স ২৮। আট বছর ধরে একটা মেয়ের সঙ্গে আমার সম্পর্ক ছিল, ওর বয়স এখন ২৩। ও আমার ভাবির বড় বোনের মেয়ে। বছর তিনেক আগে আমরা একে অন্যকে স্বামী-স্ত্রী হিসেবে মেনে নিই। এর কোনো সাক্ষী বা কাগজপত্র নেই। তারপর থেকে আমরা স্বামী-স্ত্রীর মতোই সময় কাটাতাম। ওর কথামতো আমি সবাইকে জানিয়ে দিই যে আমরা বিয়ে করেছি। সবাই জানে আমরা স্বামী-স্ত্রী। চার মাস আগে ওর নানাবাড়ির সবাই মিলে জোর করে তালাকের কাগজে সই নেয়, আর আমার গ্রামের বাড়িতে উকিল নোটিশ পাঠায়। বলে রাখি, চার মাস পরে আমি একটা উকিল নোটিশ হাতে পেয়েছি। কিছুদিন আগে সব কিছু লুকিয়ে ওকে অন্য জায়গায় বিয়ে দিয়ে দেওয়া হয়েছে। আমাদের এই বিয়েতে আইনের দিক থেকে কি কোনো বাধা ছিল? আমাদের সম্পর্কটাকে কি বিয়ে বলা যায়? যদি ‘হ্যাঁ’ হয়, তাহলে এভাবে কি ডিভোর্স হতে পারে? আর সব লুকিয়ে ওকে যে বিয়ে দেওয়া হলো, সেটা কি বৈধ?","no",""
"prot_0052_05","Sorup","177","এক বছর আগে একটি ছেলের সঙ্গে টেলিফোনে আমার পরিচয় হয়। তারপর কথা বলার একপর্যায়ে তার সঙ্গে আমার ভালো বন্ধুত্ব হয়। এর মধ্যে দুবার আমাদের দেখা হয়েছিল। এ ছাড়া অন্য কিছু নয়। আমি তাকে প্রথমে বলেছিলাম আমাদের মধ্যে শুধু বন্ধুত্ব ছাড়া অন্য কোনো সম্পর্ক গড়া সম্ভব নয়। আমি এখনো পড়ালেখা করছি। সামনে আমার পরীক্ষা। সেও পড়ালেখা শেষ করে একটি চাকরি করে। সে গত দু-তিন মাস থেকে আমাকে তার সঙ্গে শারীরিক সম্পর্ক স্থাপনের জন্য প্রস্তাব দিচ্ছে। আমি এ সম্পর্কে রাজি হইনি বলে সে আমাকে গালমন্দ করছে ও হুমকি দিচ্ছে। আমার বাবা-মাকে ফোন করে আমার নামে আজেবাজে কথা বলছে। তারপর থেকে আমি তার সঙ্গে ফোনে কথা বলা বন্ধ করে দিয়েছি। সে এখন আমার বাবা-মাকে ফোন করে বলছে, আমার নাকি অন্য ছেলের সঙ্গে সম্পর্ক আছে। সে জন্য আমার বাবা-মা আমাকে বিয়ে দেওয়ার জন্য চেষ্টা করছে। কিন্তু আমি এত তাড়াতাড়ি বিয়ে করব না। এর মধ্যে সে আমাকে তাকে বিয়ে করার জন্য চাপ দিচ্ছে, যা আমার পক্ষে কখনো সম্ভব নয়। তার কথামতো যদি রাজি না থাকি তাহলে সে আমার ক্ষতি করবে বলে হুমকি দিচ্ছে। এখন আমি কীভাবে এর থেকে মুক্তি পাব? শান্তা সীতাকুণ্ড","এক বছর আগে ফোনে একটা ছেলের সঙ্গে আমার পরিচয় হয়। কথা বলতে বলতে একসময় তার সঙ্গে ভালো বন্ধুত্ব হয়ে যায়। এর মধ্যে দুবার আমাদের দেখা হয়েছিল, এর বেশি কিছু না। শুরুতেই তাকে বলে দিয়েছিলাম, আমাদের মধ্যে বন্ধুত্ব ছাড়া আর কোনো সম্পর্ক হওয়া সম্ভব না। আমি এখনো পড়াশোনা করছি, সামনে পরীক্ষা। সে পড়াশোনা শেষ করে একটা চাকরি করে। গত দু-তিন মাস ধরে সে আমাকে তার সঙ্গে শারীরিক সম্পর্কের প্রস্তাব দিয়ে যাচ্ছে। রাজি হইনি বলে সে আমাকে গালাগাল করছে, হুমকি দিচ্ছে। আমার মা-বাবাকে ফোন করে আমার নামে আজেবাজে কথা বলছে। তারপর থেকে আমি তার সঙ্গে ফোনে কথা বলা বন্ধ করে দিয়েছি। এখন সে মা-বাবাকে ফোন করে বলছে, আমার নাকি অন্য ছেলের সঙ্গে সম্পর্ক আছে। এই কারণে মা-বাবা আমাকে বিয়ে দেওয়ার চেষ্টা করছেন। কিন্তু আমি এত তাড়াতাড়ি বিয়ে করব না। এর মধ্যে সে আবার তাকে বিয়ে করার জন্য আমাকে চাপ দিচ্ছে, যেটা আমার পক্ষে কখনোই সম্ভব না। তার কথামতো রাজি না হলে সে আমার ক্ষতি করবে বলে হুমকি দিচ্ছে। এখন আমি কীভাবে এর হাত থেকে রেহাই পাব?","yes","Removed signature (name and place)"
"prot_0054_01","Sorup","59","আমি মা-বাবার একমাত্র সন্তান। বাবা মারা গেছেন। আমি যে বাড়িতে বসবাস করছি, আমার বাবা ক্রয়সূত্রে সেটির মালিক ছিলেন, যা ২০০১ সালে কেনা। এর অর্ধেক আমার বাবার নামে আর বাকি অর্ধেক মায়ের নামে নিবন্ধন করা হয়েছিল। লোকমুখে শুনেছি যে মায়ের অবর্তমানে যে অংশটুকু মায়ের, তা থেকে আমার মামা বা খালারা নাকি পাবেন। আমি জানতে চাই, এ কথাটা কি সত্য?মো. নুরুজ্জামাননারায়ণগঞ্জ","আমি মা-বাবার একমাত্র সন্তান। বাবা মারা গেছেন। যে বাড়িতে আমি থাকি, সেটা বাবা ২০০১ সালে কিনেছিলেন। বাড়ির অর্ধেক বাবার নামে আর বাকি অর্ধেক মায়ের নামে রেজিস্ট্রি করা হয়েছিল। লোকের মুখে শুনেছি, মা মারা গেলে মায়ের ভাগের অংশ থেকে নাকি আমার মামা বা খালারা ভাগ পাবেন। আমি জানতে চাই, এই কথা কি সত্যি?","yes","Removed signature (name and district)"
"prot_0055_03","Sorup","77","দূরসম্পর্কের এক মামাতো ভাইয়ের সঙ্গে আমার খুব ভালো সম্পর্ক ছিল। এখন সেটা ভালোবাসার রূপ নিয়েছে। আমরা দুজন দুজনকে অনেক ভালোবাসি, কিন্তু আমাদের পরিবার এই সম্পর্ক মানবে না। এ অবস্থায় আমরা দুজন কাজি অফিস বা কাজির মাধ্যমে বিয়ে করতে চাইছি। আইনগতভাবে আমাদের বিয়ের বয়স হয়েছে। কাজি অফিস বা কাজির মাধ্যমে বিয়ে করতে কি কাগজপত্র লাগে এবং বিবাহ আইন অনুযায়ী এই বিয়ে সঠিক হবে কি না, যদি কোনো সমস্যা দেখা দেয়, তবে বিয়ে আইনত টিকবে কি না?নাম প্রকাশে অনিচ্ছুক","দূরসম্পর্কের এক মামাতো ভাইয়ের সঙ্গে আমার খুব ভালো সম্পর্ক ছিল। সেটা এখন ভালোবাসায় গড়িয়েছে। আমরা দুজন দুজনকে খুব ভালোবাসি, কিন্তু আমাদের পরিবার এই সম্পর্ক মেনে নেবে না। তাই আমরা কাজি অফিসে গিয়ে বা কাজির মাধ্যমে বিয়ে করতে চাইছি। আইন অনুযায়ী আমাদের বিয়ের বয়স হয়েছে। কাজি অফিসে বা কাজির মাধ্যমে বিয়ে করতে কী কী কাগজপত্র লাগে? বিয়ের আইন অনুযায়ী এই বিয়েটা ঠিক হবে কি না? আর পরে কোনো ঝামেলা হলে বিয়েটা আইনের চোখে টিকবে তো?","no",""
"prot_0056_03","Sorup","102","আমার দাদা ২০০৪ সালে ফুফুর বিয়েতে খরচের জন্য দেড় বিঘা জমি পাশের গ্রামের এক লোকের কাছে বিক্রি করেন। তাঁর কাছে দাদা ৫০ হাজার টাকা পেতেন কিন্তু তখন তিনি মাত্র ৩০ হাজার টাকা ফেরত দেন। বাকি টাকা দিতে অসমর্থ হন। পরে দাদা আরও আড়াই বিঘা জমি বন্ধক রেখে টাকা জোগান। এই বছর লোকটি জমির দলিল নেওয়ার জন্য দাদার ওপর চাপ দিচ্ছেন কিন্তু আমার দাদা এখন তাঁকে জমি দিতে চান না। উল্লেখ্য, লোকটি ২০০৪ থেকে ২০১১ সাল পর্যন্ত জমিটি ভোগ করেন এবং বাকি টাকা না দেওয়ায় তাঁকে জমির দলিল বা অন্যান্য কাগজপত্র দেওয়া হয়নি। এখন লোকটি যদি মামলা করেন, তাহলে দাদা কী করতে পারেন?","২০০৪ সালে আমার দাদা ফুফুর বিয়ের খরচ জোগাতে পাশের গ্রামের এক লোকের কাছে দেড় বিঘা জমি বিক্রি করেন। ওই লোকের কাছ থেকে দাদার ৫০ হাজার টাকা পাওয়ার কথা, কিন্তু তখন তিনি দেন মাত্র ৩০ হাজার। বাকি টাকা আর দিতে পারেননি। পরে দাদাকে আরও আড়াই বিঘা জমি বন্ধক রেখে টাকা জোগাড় করতে হয়। এ বছর ওই লোক জমির দলিল নেওয়ার জন্য দাদাকে চাপ দিচ্ছেন, কিন্তু দাদা এখন আর তাঁকে জমি দিতে চান না। বলে রাখি, ২০০৪ থেকে ২০১১ সাল পর্যন্ত লোকটি জমিটা ভোগদখল করেছেন, আর বাকি টাকা না দেওয়ায় তাঁকে জমির দলিল বা অন্য কোনো কাগজ দেওয়া হয়নি। এখন লোকটি যদি মামলা করেন, তাহলে দাদা কী করতে পারেন?","no",""
"prot_0058_04","Sorup","129","আমি স্নাতক প্রথম বর্ষে পড়ছি। দশম শ্রেণীতে পড়া অবস্থায় এক ছেলের সঙ্গে আমার সম্পর্ক হয়। মাধ্যমিক পরীক্ষার কিছুদিন আগে আমরা বিয়ে করি এবং এ কথা দুই পরিবারের কাছে গোপন রাখি। বিয়ের পরও ছেলেটির একাধিক মেয়ের সঙ্গে প্রেমের সম্পর্ক ছিল। অবশেষে আমি বাধ্য হয়ে ২০১০ সালের ডিসেম্বর মাসে তাকে তালাকনামা পাঠাই। তালাকনামায় আদালতের কোনো স্বাক্ষর ছিল না কিংবা কোনো নির্দেশনা ছিল না। দুর্ভাগ্যবশত, তালাকনামাটি তার বাসায় পৌঁছালেও ছেলেটি বাসায় না থাকায় তালাকনামাটি কাজি অফিসে ফেরত আসে। ২০১১ সালের আগস্ট মাসে তাকে জোর করে কাজি অফিসে নিয়ে সই করাই। উল্লেখ্য, ১৯৬১ সালের মুসলিম পারিবারিক আইনের ৭(১) ধারামতে, তালাকনামায় শুধু ইউপি-থানা কর্তৃক মুসলিম বিবাহ নিবন্ধকের সিল ছিল।কাজি আমাকে বলেছেন, তালাক হয়ে গেছে। কিন্তু ছেলেটি বলছে, তালাক দেওয়ার তিন মাসের মধ্যে তালাকনামায় স্বাক্ষর না করলে তালাক হয় না। কথাটি কি ঠিক?উত্তরানাম প্রকাশে অনিচ্ছুক","আমি অনার্স ফার্স্ট ইয়ারে পড়ি। ক্লাস টেনে পড়ার সময় একটা ছেলের সঙ্গে আমার সম্পর্ক হয়। এসএসসি পরীক্ষার কিছুদিন আগে আমরা বিয়ে করি, আর দুই পরিবারের কাছেই কথাটা লুকিয়ে রাখি। বিয়ের পরও ছেলেটা একাধিক মেয়ের সঙ্গে প্রেম করে বেড়াত। শেষে বাধ্য হয়ে ২০১০ সালের ডিসেম্বরে আমি তাকে তালাকনামা পাঠাই। তালাকনামায় আদালতের কোনো সই বা নির্দেশনা ছিল না। দুর্ভাগ্যক্রমে তালাকনামাটা তার বাসায় পৌঁছালেও সে বাসায় না থাকায় সেটা কাজি অফিসে ফেরত চলে আসে। ২০১১ সালের আগস্টে আমি তাকে জোর করে কাজি অফিসে নিয়ে গিয়ে সই করাই। উল্লেখ্য, ১৯৬১ সালের মুসলিম পারিবারিক আইনের ৭(১) ধারা অনুযায়ী তালাকনামায় শুধু ইউপি-থানার মুসলিম বিবাহ নিবন্ধকের সিল ছিল। কাজি আমাকে বলেছেন, তালাক হয়ে গেছে। কিন্তু ছেলেটা বলছে, তালাক দেওয়ার তিন মাসের মধ্যে তালাকনামায় সই না করলে নাকি তালাক হয় না। তার কথা কি ঠিক?","yes","Removed area name in signature"
"prot_0059_05","Sorup","184","আমার বয়স ২৬ বছর। ২০০৪ সালে একটা ছেলের সঙ্গে আমার সম্পর্ক হয়। বিয়ের কথা বললে ছেলেটি বিভিন্ন সমস্যার কথা বলে এবং অনেক দেরিতে বিয়ে করবে বলে জানায়। একপর্যায়ে ২০০৭ সালের দিকে আমি তার সঙ্গে যোগাযোগ পুরোপুরি বন্ধ করে দিই। ২০১১ সালের ফেব্রুয়ারি মাসে তার সঙ্গে আমি যোগাযোগ করি। সে আমাকে জানায়, আজও সে আমাকে ভালোবাসে। আরও জানায়, সে এখনো বিয়ে করেনি। এর এক দিন পর একটি মেয়ে আমাকে ফোন করে তার স্ত্রীর পরিচয় দিয়ে বলে, আমি যেন ছেলেটির সঙ্গে আর কথা না বলি। এপ্রিল মাসের শেষের দিকে ছেলেটি আমাকে জানায়, স্ত্রীর সঙ্গে তার ডিভোর্স হয়ে গেছে। এর পর থেকে সে আবার নিয়মিত যোগাযোগ করে। আমার পরিবার থেকে বিয়ের জন্য জোরাজুরি করলে ব্যাপারটি আমি তাকে জানাই। সে জানায়, তার বিরুদ্ধে তার স্ত্রীর পক্ষ থেকে মামলা করা হয়েছে, যদিও সে আমাকে জানায়, দুই পক্ষ বসে দেনমোহরের টাকা ও ভরণপোষণের টাকা দিয়ে সমঝোতার মাধ্যমে ডিভোর্স হয়। আমার প্রশ্ন, সমঝোতার পরও কি মামলা করা যায়? ছেলেটি জানায়, তার পরিবার মামলাটি দেখছে এবং সে এক দিনও কোর্টে হাজিরা দেয়নি। আমি জানতে চাই, একটি মামলা শেষ হতে কত দিন সময় লাগে? মামলা চলাকালে কি আরেকটি বিয়ে করা সম্ভব?নাম প্রকাশে অনিচ্ছুক","আমার বয়স ২৬। ২০০৪ সালে একটা ছেলের সঙ্গে আমার সম্পর্ক হয়। বিয়ের কথা তুললেই সে নানা সমস্যার কথা বলত, আর বলত অনেক দেরিতে বিয়ে করবে। শেষে ২০০৭ সালের দিকে আমি তার সঙ্গে সব যোগাযোগ বন্ধ করে দিই। ২০১১ সালের ফেব্রুয়ারিতে আমি আবার তার সঙ্গে যোগাযোগ করি। সে জানায়, এখনো সে আমাকে ভালোবাসে, আর এখনো বিয়ে করেনি। এর এক দিন পরেই একটা মেয়ে আমাকে ফোন করে নিজেকে তার বউ বলে পরিচয় দেয়, আর বলে আমি যেন ছেলেটার সঙ্গে আর কথা না বলি। এপ্রিলের শেষ দিকে ছেলেটা জানায়, বউয়ের সঙ্গে তার ডিভোর্স হয়ে গেছে। তারপর থেকে সে আবার নিয়মিত যোগাযোগ রাখছে। বাড়ি থেকে বিয়ের জন্য চাপ দিলে আমি তাকে ব্যাপারটা জানাই। তখন সে বলে, তার বউয়ের পক্ষ থেকে তার নামে মামলা করা হয়েছে। অথচ সে আমাকে বলেছিল, দুই পক্ষ বসে দেনমোহর আর ভরণপোষণের টাকা দিয়ে মিটমাট করেই ডিভোর্স হয়েছে। আমার প্রশ্ন, মিটমাট হয়ে যাওয়ার পরও কি মামলা করা যায়? ছেলেটা বলছে, মামলাটা তার পরিবার দেখছে, সে নিজে একদিনও কোর্টে হাজিরা দেয়নি। আমি জানতে চাই, একটা মামলা শেষ হতে কত দিন লাগে? আর মামলা চলার সময় কি আরেকটা বিয়ে করা যায়?","no",""
"prot_0061_03","Sorup","147","২০০৬ সালে আমার বিয়ে হয় পারিবারিকভাবেই। বিয়ের পর জানতে পারলাম, আমার স্বামীর পাঁচ লাখ টাকা ঋণ আছে। সে এই টাকা শোধ দেওয়ার জন্য আমার পরিবারকে চাপ দেয়। আমার পরিবারের পক্ষে এত টাকা দেওয়া অসম্ভব, এটা জানতে পারার পর সে এবং তার পরিবার মিলে আমাকে শারীরিক ও মানসিক নির্যাতন শুরু করে। আমার তিন বছরের একটি মেয়ে আছে। ওদের যন্ত্রণায় শ্বশুরবাড়িতে থাকা আমার পক্ষে অসম্ভব হয়ে ওঠে। আমি মেয়েকে নিয়ে বাবার বাসায় চলে এসেছি। এক বছর যাবৎ স্বামী আমাকে কোনো ভরণপোষণ দেয় না। আমি কোনো কাজে বের হলে তার পালিত কিছু বখাটে ছেলে খুব বিরক্ত করে। আমার নামে কুৎসা রটায়। আমি আর তার সংসার করতে চাই না। ভরণপোষণ চাইলে উল্টো ধমক দেয়। কীভাবে আমি আমার দেনমোহর ও ভরণপোষণের টাকা পেতে পারি? আইনগত কী উপায়ে আমি আমার মেয়েকে আমার কাছে রাখতে পারি, যাতে সে কখনো দাবি না করতে পারে? আমি কোথায় গেলে কম খরচে আইনগত সহায়তা পাব? নাম প্রকাশে অনিচ্ছুকচট্টগ্রাম","২০০৬ সালে পারিবারিকভাবে আমার বিয়ে হয়। বিয়ের পরে জানতে পারি, আমার স্বামীর পাঁচ লাখ টাকা দেনা আছে। সেই টাকা শোধ করার জন্য সে আমার পরিবারকে চাপ দিতে থাকে। আমার পরিবারের পক্ষে এত টাকা দেওয়া অসম্ভব, এটা জানার পর সে আর তার পরিবার মিলে আমার ওপর শারীরিক আর মানসিক নির্যাতন শুরু করে। আমার তিন বছরের একটা মেয়ে আছে। ওদের অত্যাচারে শ্বশুরবাড়িতে থাকা আমার পক্ষে অসম্ভব হয়ে যায়। তাই মেয়েকে নিয়ে বাবার বাসায় চলে এসেছি। এক বছর ধরে স্বামী আমাকে কোনো ভরণপোষণ দেয় না। কোনো কাজে বাইরে বের হলে তার পোষা কিছু বখাটে ছেলে আমাকে খুব জ্বালাতন করে, আমার নামে বদনাম ছড়ায়। আমি আর তার সংসার করতে চাই না। খরচ চাইলে উল্টো ধমক দেয়। আমার দেনমোহর আর ভরণপোষণের টাকা কীভাবে পেতে পারি? আইনের কোন পথে গেলে মেয়েকে আমার কাছে রাখতে পারব, যাতে সে কখনো মেয়েকে দাবি করতে না পারে? আর কম খরচে আইনি সাহায্য কোথায় গেলে পাব?","yes","Removed district in signature"
"prot_0062_05","Sorup","93","আমি একজন সরকারি চাকরিজীবী। ১৪ বছরের বিবাহিত জীবনে স্ত্রীকে নিয়ে খুব কষ্টে আছি। সে একরোখা এবং ঝগড়াটে। তিনবার সে আমাকে ও সন্তানদের ছেড়ে চলে যেতে চেয়েছে। উভয়ের পরিবার মিলে পারিবারিকভাবে সমাধান দিলেও তার মনঃপূত হয়নি। সামান্য কলহে সে আমাকে ও আমার মৃত মা-বাবাকে নিয়ে মন্দ কথা বলতে দ্বিধা করে না; যা আমার পক্ষে মেনে নেওয়া কঠিন। গত বছর ঈদের ছুটিতে বাড়িতে গিয়ে আগের কলহের জের ধরে সে বাপের বাড়িতে গিয়ে আর আসতে চায়নি। চাকরি ও সন্তানদের ভবিষ্যতের কথা চিন্তা করে কোনো সিদ্ধান্তে আসতে পারছি না। আমি কি তাকে কোনো উকিল নোটিশ পাঠাতে পারি?","আমি সরকারি চাকরি করি। ১৪ বছরের বিবাহিত জীবনে বউকে নিয়ে খুব কষ্টে আছি। সে ভীষণ জেদি আর ঝগড়াটে। তিনবার সে আমাকে আর বাচ্চাদের ছেড়ে চলে যেতে চেয়েছে। দুই পরিবার মিলে বসে মিটমাট করে দিলেও তার মন ভরেনি। একটু ঝগড়া হলেই সে আমাকে আর আমার মৃত মা-বাবাকে নিয়ে বাজে কথা বলতে দ্বিধা করে না, যেটা মেনে নেওয়া আমার জন্য খুব কঠিন। গত বছর ঈদের ছুটিতে বাড়ি গেলে আগের ঝগড়ার জের ধরে সে বাপের বাড়ি চলে যায়, আর ফিরতে চায়নি। চাকরি আর বাচ্চাদের ভবিষ্যতের কথা ভেবে আমি কোনো সিদ্ধান্ত নিতে পারছি না। আমি কি তাকে একটা উকিল নোটিশ পাঠাতে পারি?","no",""
"prot_0063_01","Sorup","211","আমার বয়স ২৩। একটি মেয়ের সঙ্গে আমার সম্পর্ক ছিল। আমাকে খুব ভালোবাসত। হঠাৎ একদিন আমার অজান্তে মেয়েটির এক প্রবাসী ছেলের সঙ্গে বিয়ে হয়। বিয়ের কিছুদিন পর তার স্বামী বিদেশ চলে যায়। মেয়েটির সঙ্গে আবার আমার সম্পর্ক হয়, শারীরিক সম্পর্কও হয়। মেয়েটির ইচ্ছে, সবার অজান্তে তাকে বিয়ে করি। কিন্তু আমি একমত ছিলাম না। আমি তাকে বলি, তুমি প্রথম স্বামীকে তালাক দাও, তারপর আমাদের বিয়ে। দুই বছর পর তার স্বামী ফিরে আসে। স্বামীর সঙ্গে শারীরিক কোনো সম্পর্ক না হওয়ায় পারিবারিক কলহ লেগেই থাকত। একপর্যায়ে সে বাপের বাড়িতে চলে যায়। আবার সে শ্বশুরবাড়িতে ফিরে আসে এবং সে স্বামীর ঘর করবে না বলে আমাকে কিছুদিন অপেক্ষায় থাকার জন্য বলে। আবার এক মাস পর আমাকে সে ফোন করে জানায়, সে অন্তঃসত্ত্বা, আমার সন্তান তার গর্ভে। সে বলে তাকে ভুলে যেতে, আমার সন্তান নিয়ে সে বেঁচে থাকতে চায়। আমি কথাটি তার মাকে জানাই। প্রথমে তিনি তা অস্বীকার করেন। পরে মেয়েকে জিজ্ঞেস করায় সে স্বীকার করে এবং ঘটনাটা কাউকে না জানানোর জন্য অনুরোধ করে। এ বছর জানুয়ারি মাসে তার একটি কন্যাসন্তান পৃথিবীতে আসে। বর্তমানে মেয়েটির বয়স আট মাস। শিশুটিকে দেখার জন্য আমার মন কাঁদে। কিন্তু তার মা শিশুটিকে ভুলে থাকতে বলেন এবং তার সঙ্গে কোনো যোগাযোগ না রাখার জন্য অনুরোধ জানান। এ বিষয়ে আমি কি কোনো আইনি ব্যবস্থা নিতে পারব? আমি কি শিশুটির বাবার অধিকার পাব?নাম প্রকাশে অনিচ্ছুককিশোরগঞ্জ","আমার বয়স ২৩। একটা মেয়ের সঙ্গে আমার সম্পর্ক ছিল, ও আমাকে খুব ভালোবাসত। হঠাৎ একদিন আমাকে না জানিয়েই এক প্রবাসী ছেলের সঙ্গে মেয়েটার বিয়ে হয়ে যায়। বিয়ের কিছুদিন পর তার স্বামী বিদেশে চলে যায়। তখন মেয়েটার সঙ্গে আমার আবার সম্পর্ক হয়, শারীরিক সম্পর্কও হয়। মেয়েটা চাইত, সবাইকে লুকিয়ে আমি তাকে বিয়ে করি। কিন্তু আমি তাতে রাজি ছিলাম না। তাকে বলেছিলাম, আগে প্রথম স্বামীকে তালাক দাও, তারপর আমরা বিয়ে করব। দুই বছর পর তার স্বামী দেশে ফিরে আসে। স্বামীর সঙ্গে কোনো শারীরিক সম্পর্ক না হওয়ায় সংসারে ঝগড়াঝাঁটি লেগেই থাকত। একপর্যায়ে সে বাপের বাড়ি চলে যায়। পরে আবার শ্বশুরবাড়িতে ফিরে এসে আমাকে বলে, সে স্বামীর ঘর করবে না, আমি যেন কিছুদিন অপেক্ষা করি। এক মাস পর সে ফোন করে জানায়, সে অন্তঃসত্ত্বা, পেটের বাচ্চাটা আমার। আর বলে, আমি যেন তাকে ভুলে যাই, আমার বাচ্চাকে নিয়েই সে বাঁচতে চায়। কথাটা আমি তার মাকে জানাই। প্রথমে তিনি মানতে চাননি। পরে মেয়েকে জিজ্ঞেস করলে সে স্বীকার করে, আর কাউকে না জানানোর জন্য অনুরোধ করে। এ বছরের জানুয়ারিতে তার একটা মেয়ে হয়েছে। বাচ্চাটার বয়স এখন আট মাস। বাচ্চাটাকে দেখার জন্য আমার মন কাঁদে। কিন্তু তার মা বাচ্চাটাকে ভুলে থাকতে বলেন, আর কোনো যোগাযোগ না রাখার অনুরোধ করেন। এ ব্যাপারে কি আমি কোনো আইনি ব্যবস্থা নিতে পারব? বাচ্চাটার বাবা হিসেবে কি আমি কোনো অধিকার পাব?","yes","Removed district in signature"
"prot_0064_03","Sorup","207","পারিবারিকভাবেই ২০০৭ সালে আমাদের বিয়ে হয়। তিন লাখ টাকায় কাবিন হয় এবং পাঁচ ভরি স্বর্ণ দেওয়ার শর্ত ছিল। কিন্তু বিয়ের কিছুদিন যাওয়ার পর আমার স্বামী, শাশুড়ি ও পাশের বাড়িতে বিয়ে দেওয়া আমার ননদের অত্যাচারে আমার জীবন অতিষ্ঠ হয়ে উঠল। স্বর্ণ না দিয়ে আমার বাবার কাছ থেকে ২৫ হাজার টাকা উল্টো ধার নিল, যা এখনো শোধ করেনি। আমার একটা মেয়েও আছে। কিন্তু সম্প্রতি আমার স্বামীর অত্যাচার সীমা ছাড়িয়ে গেছে। সামান্য কথায় সে আমাকে মারধর করে। আমার দেবরও আমার গায়ে হাত তুলেছে। আমার শাশুড়ি ও ননদ সর্বদা আমার স্বামীকে খ্যাপায় এবং মিথ্যা বলে আমার থেকে দূরে রাখে। তবু আমার স্বামী-সন্তানকে আমি ভালোবাসি। কিন্তু এখন মনে হচ্ছে এটা আর সম্ভব নয়। কারণ, আমার স্বামী কিছুদিন আগে আমাকে বেদম পেটায়। বলে, ‘তোকে শুধু মারব, কিন্তু তালাক দেব না। পারলে নিজে তালাক দিয়ে যা।’ মুসলিম আইনে আমি যদি তালাক দিই, তাহলে কি মোহরানা পাব? উল্লেখ্য, আমার স্বামীর পক্ষ স্বর্ণ দেবে বলে এক লাখ টাকা উসুল নিয়েছে কিন্তু স্বর্ণ দেয়নি। আমার মেয়ের বর্তমান বয়স চার বছরের কাছাকাছি। আমার বাবা-মা তো আমাকে অন্যত্র বিয়ে দেবেন বলছেন এবং আমার মেয়েকে তাঁরা কিছুতেই আনবেন না। এ ক্ষেত্রে মেয়ে রেখে এলে আমি কি কোনো আইনি জটিলতায় পড়ব? এ ছাড়া যদি স্বামীর ঘরে থেকেই যাই, তবে আমার ওপর অত্যাচারের প্রতি কী ধরনের আইনি সহায়তা পেতে পারি? জোবেদা খাতুনকুমিল্লা","২০০৭ সালে পারিবারিকভাবে আমাদের বিয়ে হয়। তিন লাখ টাকার কাবিন হয়, আর শর্ত ছিল পাঁচ ভরি সোনা দেওয়া হবে। কিন্তু বিয়ের কিছুদিন পর থেকেই স্বামী, শাশুড়ি আর পাশের বাড়িতে বিয়ে হওয়া ননদের অত্যাচারে আমার জীবন অতিষ্ঠ হয়ে ওঠে। সোনা তো দেয়ইনি, উল্টো আমার বাবার কাছ থেকে ২৫ হাজার টাকা ধার নিয়েছে, যা এখনো শোধ করেনি। আমার একটা মেয়েও আছে। কিছুদিন হলো স্বামীর অত্যাচার সব সীমা ছাড়িয়ে গেছে। ছোটখাটো কথাতেই সে আমাকে মারধর করে। আমার দেবরও আমার গায়ে হাত তুলেছে। শাশুড়ি আর ননদ সবসময় স্বামীকে খেপিয়ে দেয়, মিথ্যা বলে তাকে আমার কাছ থেকে দূরে সরিয়ে রাখে। তবুও আমি স্বামী আর মেয়েকে ভালোবাসি। কিন্তু এখন মনে হচ্ছে আর সম্ভব না। কারণ কিছুদিন আগে স্বামী আমাকে বেধড়ক পিটিয়েছে। বলে, ‘তোকে শুধু মারব, কিন্তু তালাক দেব না। পারলে নিজেই তালাক দিয়ে চলে যা।’ মুসলিম আইনে আমি যদি তালাক দিই, তাহলে কি মোহরানা পাব? বলে রাখি, সোনা দেবে বলে স্বামীর পক্ষ এক লাখ টাকা উসুল ধরে নিয়েছে, কিন্তু সোনা দেয়নি। আমার মেয়ের বয়স এখন চার বছরের কাছাকাছি। আমার মা-বাবা বলছেন আমাকে অন্য জায়গায় বিয়ে দেবেন, আর মেয়েকে কিছুতেই সঙ্গে আনবেন না। এক্ষেত্রে মেয়েকে রেখে চলে এলে কি আমি কোনো আইনি ঝামেলায় পড়ব? আর যদি স্বামীর ঘরেই থেকে যাই, তাহলে আমার ওপর এই অত্যাচারের বিরুদ্ধে কী ধরনের আইনি সাহায্য পেতে পারি?","yes","Removed signature (name and district)"
"prot_0065_03","Sorup","193","আমার বয়স ২২ বছর। আমি স্নাতক দ্বিতীয় বর্ষে পড়ছি। যার সঙ্গে সম্পর্ক, সে আমার দূরসম্পর্কের আত্মীয়। সম্পর্ক শুরু হয় ২০০৯ সালে। কিছুদিনের মধ্যে তা জানাজানি হয়ে যায়। তখনই বুঝতে পারি, আমার পরিবার কখনোই এই সম্পর্ক মেনে নেবে না। ওর বাড়ি থেকে বিয়ের চাপ আসতে থাকে। তাই আমরা দুজনে লুকিয়ে বিয়ের সিদ্ধান্ত নিই। বিয়ে হয় ২০১০ সালের সেপ্টেম্বর মাসে একটা কাজি অফিসে। কাজি আমাদের ৫০ টাকার দুটি স্ট্যাম্পে দুজনের সই করিয়ে এবং সই দিয়ে দেন। স্ট্যাম্পে কোর্টের সিল দেওয়া ও লেখা ছিল। কিন্তু কোনো কাবিননামা দেননি। কাগজ দুটি আমি ওর কাছে রেখে দিই। বিয়ের এক দিন পরেই জানাজানি হয়ে যায় এবং আমাকে বাড়ি থেকে বের করে দেয়। আমি ওদের বাসায় ওকে রেখে আসি এবং বলে আসি, কিছুদিনের মধ্যে একটা ব্যবস্থা হয়ে যাবে। এর চার-পাঁচ মাস পরে ওদের বাড়ি থেকে আমাকে চাপ দেয়, ওকে ওখান থেকে নিয়ে আসতে হবে। আমি কোনো কাজ করি না, তাই ওকে ওখানেই থাকতে বলি। কিন্তু ও রাজি হচ্ছে না বরং ওর কাছে যে কাগজ আছে, ওটা দিয়ে আমাকে মামলা করার হুমকি দিচ্ছে। আমার বাড়ি থেকে মামলার কথা শুনে আমাকে বলেছে, মামলা করলে ওকে তালাক দিতে হবে।তারা যদি মামলা করে, তাহলে কি আমি মামলা চলাকালীন ওকে তালাক দিতে পারব?নাম প্রকাশে অনিচ্ছুক","আমার বয়স ২২, অনার্স সেকেন্ড ইয়ারে পড়ি। যার সঙ্গে আমার সম্পর্ক, সে আমার দূরসম্পর্কের আত্মীয়। ২০০৯ সালে সম্পর্ক শুরু হয়। কিছুদিনের মধ্যেই ব্যাপারটা জানাজানি হয়ে যায়। তখনই বুঝে যাই, আমার পরিবার কোনোদিন এই সম্পর্ক মেনে নেবে না। এদিকে ওর বাড়ি থেকে বিয়ের চাপ আসতে থাকে। তাই আমরা দুজন লুকিয়ে বিয়ে করার সিদ্ধান্ত নিই। ২০১০ সালের সেপ্টেম্বরে একটা কাজি অফিসে বিয়ে হয়। কাজি ৫০ টাকার দুটো স্ট্যাম্পে আমাদের দুজনের সই নেন, নিজেও সই করে দেন। স্ট্যাম্পে কোর্টের সিল মারা ছিল, লেখাও ছিল। কিন্তু কোনো কাবিননামা দেননি। কাগজ দুটো আমি ওর কাছেই রেখে দিই। বিয়ের এক দিন পরেই জানাজানি হয়ে যায়, আর আমাকে বাড়ি থেকে বের করে দেওয়া হয়। আমি ওকে ওদের বাসায় রেখে আসি, বলে আসি কিছুদিনের মধ্যেই একটা ব্যবস্থা হয়ে যাবে। এর চার-পাঁচ মাস পর ওদের বাড়ি থেকে আমাকে চাপ দিতে থাকে, ওকে ওখান থেকে নিয়ে আসতে হবে। আমি কোনো কাজ করি না, তাই ওকে ওখানেই থাকতে বলি। কিন্তু ও রাজি হচ্ছে না, উল্টো ওর কাছে যে কাগজ আছে সেটা দিয়ে আমার নামে মামলা করার হুমকি দিচ্ছে। মামলার কথা শুনে আমার বাড়ি থেকে বলেছে, মামলা করলে ওকে তালাক দিতে হবে। ওরা যদি মামলা করে, তাহলে মামলা চলার মধ্যেই কি আমি ওকে তালাক দিতে পারব?","no",""
"prot_0066_02","Sorup","106","আমার এক আত্মীয় সরকারি চাকরি করতেন, বর্তমানে পেনশন পাচ্ছেন। আমার কাছ থেকে কয়েক দফায় দুই লাখ ৮৮ হাজার টাকা নেন ভারতে ব্যবসা করবেন বলে; পরে এক দফায় ৩৫ হাজার টাকা দেন। বাকি টাকা আর ফেরত দিচ্ছেন না। তিনি ভারতের নাগরিকত্ব নিয়েছেন। বেশির ভাগ সময় সেখানেই থাকেন। শুধু পেনশনের টাকা ওঠানোর জন্য বাংলাদেশে আসেন। দেখাও করেন না। এখন আমি এই টাকার জন্য কীভাবে আইনি ব্যবস্থা নিতে পারি। দ্বৈত নাগরিকত্ব নিয়েও তিনি বাংলাদেশ সরকারের পেনশন নিচ্ছেন। নিজের সব অর্থসম্পদ ভারত নিয়ে গেছেন। এ অবস্থায় দেশের অর্থসম্পদ ভিন্ন দেশে স্থানান্তরের জন্য কোনো শাস্তি হবে কি না? তিনি আইনগতভাবে সরকারি পেনশন পান কি না? তিনি সোনালী ব্যাংকের মাধ্যমে পেনশন তুলছেন","আমার এক আত্মীয় সরকারি চাকরি করতেন, এখন পেনশন পান। ভারতে ব্যবসা করবেন বলে কয়েক দফায় তিনি আমার কাছ থেকে দুই লাখ ৮৮ হাজার টাকা নেন, পরে এক দফায় ৩৫ হাজার টাকা ফেরত দেন। বাকি টাকা আর দিচ্ছেন না। তিনি ভারতের নাগরিকত্ব নিয়ে নিয়েছেন, বেশির ভাগ সময় সেখানেই থাকেন। শুধু পেনশনের টাকা তুলতে বাংলাদেশে আসেন, দেখাও করেন না। এখন এই টাকার জন্য আমি কীভাবে আইনি ব্যবস্থা নিতে পারি? দ্বৈত নাগরিকত্ব নিয়েও তিনি বাংলাদেশ সরকারের পেনশন নিচ্ছেন। নিজের সব টাকাপয়সা-সম্পদ ভারতে নিয়ে গেছেন। এভাবে দেশের টাকা-সম্পদ অন্য দেশে সরিয়ে নেওয়ার জন্য কি কোনো শাস্তি হবে? আইন অনুযায়ী কি তিনি সরকারি পেনশন পেতে পারেন? তিনি একটা সরকারি ব্যাংক থেকে পেনশন তুলছেন","yes","Replaced the bank's name with a generic stand-in"
"prot_0067_01","Sorup","158","স্বামীর দ্বিতীয় বিয়ে এবং দাম্পত্য কলহের কারণে আমি গত বছরের ১৮ মে নোটারি পাবলিকের মাধ্যমে আমার স্বামীকে তালাক দিই। আমাদের এক ছেলে ও এক মেয়ে। তালাক দেওয়ার পর থেকে আমার স্বামী আমাকে আমার সন্তানদের সঙ্গে যোগাযোগ করতে দিচ্ছে না। আমার ছেলের বয়স ১১ বছর এবং মেয়ের বয়স ৯ বছর। বর্তমানে আমি একটি পোশাক প্রস্তুতকারক প্রতিষ্ঠানে কর্মরত। অন্য একজনের সঙ্গে বিবাহবন্ধনে আবদ্ধ হয়েছি। আমি চাই, সন্তানেরা আমার কাছে থেকে ভালোভাবে পড়ালেখা করুক। এ ব্যাপারে আমার বর্তমান স্বামীও একমত। কিন্তু আমার প্রথম স্বামী কোনোভাবেই ছেলেমেয়ের সঙ্গে আমাকে যোগাযোগ করতে দিচ্ছেন না। একবার আমি আমার সন্তানদের সঙ্গে দেখা করতে গেলে তিনি আমার সঙ্গে খারাপ ব্যবহার করেন। এমনকি অপহরণকারী বলে আমার নামে স্থানীয় থানায় সাধারণ ডায়েরি করেছেন এবং আমার মা-বাবাকেও শারীরিকভাবে লাঞ্ছনা এবং তাঁদের নামে থানায় মামলা করবে বলে হুমকি দিয়েছেন। আমার প্রথম স্বামীর একটাই কথা, সন্তানদের কোনো দিন আমার সঙ্গে কোনোরকম যোগাযোগ ও সম্পর্ক রাখতে দেবেন না। সন্তানদের পড়ালেখা ও দেখাশোনার দায়িত্ব নিতে কীভাবে আইনগত ব্যবস্থা নেওয়া যায়? নাম প্রকাশে অনিচ্ছুক","স্বামী দ্বিতীয় বিয়ে করায় আর সংসারে অশান্তির কারণে গত বছরের ১৮ মে আমি নোটারি পাবলিকের মাধ্যমে তাকে তালাক দিই। আমাদের এক ছেলে আর এক মেয়ে। তালাকের পর থেকে আমার স্বামী বাচ্চাদের সঙ্গে আমাকে যোগাযোগ করতে দিচ্ছে না। ছেলের বয়স ১১, মেয়ের ৯। এখন আমি একটা পোশাক তৈরির কারখানায় চাকরি করি। আরেকজনকে বিয়েও করেছি। আমি চাই বাচ্চারা আমার কাছে থেকে ভালোভাবে পড়াশোনা করুক। আমার এখনকার স্বামীও এতে একমত। কিন্তু আগের স্বামী কোনোভাবেই বাচ্চাদের সঙ্গে আমাকে যোগাযোগ করতে দিচ্ছে না। একবার বাচ্চাদের দেখতে গেলে সে আমার সঙ্গে খুব খারাপ ব্যবহার করে। এমনকি আমাকে অপহরণকারী বলে থানায় আমার নামে জিডি করেছে, আর আমার মা-বাবাকেও শারীরিকভাবে লাঞ্ছিত করা আর তাঁদের নামে থানায় মামলা করার হুমকি দিয়েছে। আগের স্বামীর এক কথা, বাচ্চাদের সে কোনোদিন আমার সঙ্গে কোনো যোগাযোগ বা সম্পর্ক রাখতে দেবে না। বাচ্চাদের পড়াশোনা আর দেখাশোনার দায়িত্ব নিতে আমি আইনিভাবে কী ব্যবস্থা নিতে পারি?","no",""
"prot_0068_05","Sorup","126","আমি বিবাহিত। একটি মেয়ে আছে। আমি আমার ছোট দেবরকে ভালোবাসি। কিছুদিন আগে আমার স্বামী বিষয়টি জেনে যায়। বিষয়টি নিয়ে অনেকবার তার সঙ্গে আমার ঝগড়াঝাঁটি হয়েছে। সে প্রথমে আমাকে তালাক দিতে চেয়েছিল। আমি ক্ষমা চাইলে সম্পর্ক স্বাভাবিক হয়। কিন্তু এখন কথায় কথায় আমার সঙ্গে পুরোনো কথা নিয়ে ঝগড়া করে, সন্দেহ করে। এখন আমি তালাক চাইলেও সে আমাকে তালাক দিতে চায় না। পারলে নিজে তালাক নিয়ে চলে যেতে বলে। আমি আমার দেবরকে ভুলতে পারছি না। তাকে খুব ভালোবাসি। তাকে সবকিছু খুলে বলেছি। সে বলে, বড় ভাই বেঁচে থাকতে আমাদের বিয়ে করা সম্ভব নয়। এখন আমি কী করব সিদ্ধান্ত নিতে পারছি না। প্রতিনিয়ত সে সন্দেহ করে। ছোটখাটো বিষয় নিয়ে ঝগড়া হয়। তালাক দিলে আমার মেয়েকে কাছে পাব কি? আমার স্বামী মেয়েকে আমার কাছে দিতে চায় না। নাম প্রকাশে অনিচ্ছুকনাটোর","আমি বিবাহিত, একটা মেয়ে আছে। আমি আমার ছোট দেবরকে ভালোবাসি। কিছুদিন আগে আমার স্বামী ব্যাপারটা জেনে যায়। এ নিয়ে তার সঙ্গে আমার অনেকবার ঝগড়াঝাঁটি হয়েছে। প্রথমে সে আমাকে তালাক দিতে চেয়েছিল। আমি মাফ চাওয়ার পর সম্পর্কটা আবার স্বাভাবিক হয়। কিন্তু এখন কথায় কথায় পুরোনো কথা তুলে ঝগড়া করে, সন্দেহ করে। এখন আমি তালাক চাইলেও সে তালাক দিতে চায় না। বলে, পারলে নিজে তালাক নিয়ে চলে যাও। আমি দেবরকে ভুলতে পারছি না, তাকে খুব ভালোবাসি। তাকে সব খুলে বলেছি। সে বলে, বড় ভাই বেঁচে থাকতে আমাদের বিয়ে করা সম্ভব না। এখন কী করব, কিছুই ঠিক করতে পারছি না। স্বামী সারাক্ষণ সন্দেহ করে, ছোটখাটো বিষয় নিয়ে ঝগড়া হয়। তালাক দিলে কি আমি মেয়েকে আমার কাছে পাব? আমার স্বামী মেয়েকে আমার কাছে দিতে চায় না।","yes","Removed district in signature"
"prot_0070_05","Sorup","175","আমি ২০০৯ সালে একটি ছেলেকে পছন্দ করে বিয়ে করি। বিয়ে হয় একজন উকিল ও নোটারি পাবলিকের অফিসে। বিয়ের আগে সে আমাকে কথা দেয়, বিয়ের ব্যাপারটা কেউ জানবে না। যেহেতু সে শিক্ষিত, তাই ভালো একটা চাকরি করবে, যাতে আমার পরিবার তাকে মেনে নেয়। কারণ, আমি একজন সরকারি চাকরিজীবী। কিন্তু বিয়ের দুই দিন পরই তার পক্ষ থেকে বিয়ের কথা সবাইকে জানানো হয়। সে আমাকে অন্য একটি ছেলেকে নিয়ে মিথ্যা সন্দেহ করে হুমকি দিচ্ছে এবং পরিচিত সবার কাছে বাজে কথা বলে বেড়াচ্ছে। আমার পরিবার এমনিতেই তার কাছে বিয়ে দিতে রাজি নয়। তার মধ্যে ওর এই ব্যবহার দেখে আইনের আশ্রয় নিতে চাইছে। যেহেতু সে আমার সঙ্গে প্রতারণা করেছে এবং চাকরিও করছে না। সব চেয়ে বড় কথা, আমাকে হুমকি দিচ্ছে। তাই আমি আর তার সঙ্গে সম্পর্ক রাখতে চাইছি না। আমার পরিবার আমাকে অন্যত্র বিয়ে দিতে চাইছে। আমিও রাজি। আমি হিন্দু ধর্মাবলম্বী। তাকে কীভাবে তালাক দিতে পারি? বিয়ের মূল কাগজ আমার কাছে, তার কাছে কোনো কপি আছে কি না, জানি না। থাকলে কি সে কোনো ক্ষতি করতে পারবে? তালাক না দিয়ে কি আমি অন্য জায়গায় বিয়ে করতে পারব? নাম প্রকাশে অনিচ্ছুকসিলেট","২০০৯ সালে আমি নিজের পছন্দে একটা ছেলেকে বিয়ে করি। বিয়েটা হয় এক উকিল ও নোটারি পাবলিকের অফিসে। বিয়ের আগে সে কথা দিয়েছিল, বিয়ের কথা কেউ জানবে না। সে শিক্ষিত, তাই একটা ভালো চাকরি জোগাড় করবে, যাতে আমার পরিবার তাকে মেনে নেয়। কারণ আমি নিজে সরকারি চাকরি করি। কিন্তু বিয়ের দুই দিন পরেই তার দিক থেকে সবাইকে বিয়ের কথা জানিয়ে দেওয়া হয়। অন্য একটা ছেলেকে জড়িয়ে সে আমাকে মিথ্যা সন্দেহ করে হুমকি দিচ্ছে, আর চেনাজানা সবার কাছে আমার নামে বাজে কথা বলে বেড়াচ্ছে। আমার পরিবার এমনিতেই তার সঙ্গে বিয়েতে রাজি ছিল না। তার ওপর ওর এই আচরণ দেখে তারা আইনের আশ্রয় নিতে চাইছে। কারণ সে আমাকে ঠকিয়েছে, চাকরিও করছে না। সবচেয়ে বড় কথা, আমাকে হুমকি দিচ্ছে। তাই আমি আর তার সঙ্গে সম্পর্ক রাখতে চাই না। আমার পরিবার আমাকে অন্য জায়গায় বিয়ে দিতে চাইছে, আমিও রাজি। আমি হিন্দু। তাকে আমি কীভাবে তালাক দিতে পারি? বিয়ের আসল কাগজ আমার কাছে আছে, তার কাছে কোনো কপি আছে কি না জানি না। থাকলে কি সে আমার কোনো ক্ষতি করতে পারবে? তালাক না দিয়ে কি আমি অন্য জায়গায় বিয়ে করতে পারব?","yes","Removed district in signature"
"prot_0072_05","Sorup","94","আমি হিন্দু ধর্মাবলম্বী, একটা বেসরকারি প্রতিষ্ঠানে চাকরি করি। আমি তিন বছর ধরে একটি বিবাহিত মেয়েকে ভালোবাসি, সেও আমাকে খুব ভালোবাসে। তার স্বামী মাদকাসক্ত। প্রায়ই তাকে নির্যাতন করে, কিছুদিন আগে আমাদের সম্পর্কের কথা দুই পরিবারে জেনে যায়। তার পর থেকে তার স্বামীর নির্যাতন আরও বেড়ে গেছে। এখন মেয়েটি আমাকে চাপ দিচ্ছে তাকে বিয়ে করার জন্য, কিন্তু কোনোমতেই রাজি করাতে পারছি না আমার মা-বাবাকে। এখন সে আমাকে বলছে পালিয়ে গিয়ে বিয়ে করার জন্য। নতুবা স্বামীর ঘর ছেড়ে সরাসরি আমার ঘরে চলে আসবে। আমিও তাকে জীবনসঙ্গী হিসেবে পেতে চাই। এমন অবস্থায় আমার করণীয় কী? নাম প্রকাশে অনিচ্ছুককিশোরগঞ্জ","আমি হিন্দু, একটা বেসরকারি অফিসে চাকরি করি। তিন বছর ধরে আমি এক বিবাহিত মেয়েকে ভালোবাসি, সেও আমাকে খুব ভালোবাসে। তার স্বামী নেশাখোর, প্রায়ই তার ওপর অত্যাচার করে। কিছুদিন আগে আমাদের সম্পর্কের কথা দুই পরিবারই জেনে গেছে। তারপর থেকে স্বামীর অত্যাচার আরও বেড়ে গেছে। এখন মেয়েটা তাকে বিয়ে করার জন্য আমাকে চাপ দিচ্ছে, কিন্তু আমি কিছুতেই আমার মা-বাবাকে রাজি করাতে পারছি না। এখন সে বলছে পালিয়ে গিয়ে বিয়ে করতে, না হলে স্বামীর ঘর ছেড়ে সোজা আমার ঘরে চলে আসবে। আমিও তাকে জীবনসঙ্গী হিসেবে পেতে চাই। এই অবস্থায় আমার কী করা উচিত?","yes","Removed district in signature"
"prot_0075_02","Sorup","110","আমার দাদার সঙ্গে বিয়ে হওয়ার আগে দাদির আর একটি বিয়ে হয়েছিল। সেখানে একটা ছেলের জন্ম হয়েছিল। ছেলেটির জন্মের পর দাদির তালাক হয়ে যায়। তারপর আমার দাদার সঙ্গে বিয়ে হয়। বিয়ে হওয়ার পর আমার বাবা এবং পাঁচ ফুপুর জন্ম হয়। এবং দাদির আগের পক্ষের ছেলেটাও দাদির বিয়ের সময় দাদির সঙ্গে চলে আসে। আমার দাদা আপন ছেলের মতো তার ভরণপোষণ করেন। সেই ছেলেটি তাঁর তিন ছেলে ও এক মেয়ে রেখে ১৯৮৮ সালে মারা যান। তারপর আমার দাদা ২০০০ সালে ৩০ শতাংশ জমি দাদিকে লিখে দেন। দাদি গত ফেব্রুয়ারি মাসে মারা যান। আমার প্রশ্ন হলো, দাদির নামে থাকা ৩০ শতাংশ জমির বণ্টন কীভাবে হবে? দাদির আগের পক্ষের ছেলের উত্তরাধিকারীরা কি এই জমি পাবে?","দাদার সঙ্গে বিয়ের আগে আমার দাদির আরেকটা বিয়ে হয়েছিল। সেই ঘরে একটা ছেলে হয়। ছেলেটা জন্মানোর পর দাদির তালাক হয়ে যায়। তারপর দাদার সঙ্গে দাদির বিয়ে হয়। বিয়ের পর আমার বাবা আর পাঁচ ফুপুর জন্ম হয়। দাদির আগের ঘরের ছেলেটাও বিয়ের সময় দাদির সঙ্গে চলে এসেছিল। দাদা তাকে নিজের ছেলের মতোই লালনপালন করেন। সেই ছেলে ১৯৮৮ সালে তিন ছেলে আর এক মেয়ে রেখে মারা যান। এরপর ২০০০ সালে দাদা ৩০ শতাংশ জমি দাদির নামে লিখে দেন। দাদি গত ফেব্রুয়ারিতে মারা গেছেন। আমার প্রশ্ন, দাদির নামে থাকা ওই ৩০ শতাংশ জমি কীভাবে ভাগ হবে? দাদির আগের ঘরের ছেলের ওয়ারিশরা কি এই জমির ভাগ পাবে?","no",""
"prot_0076_03","Sorup","170","আমি বর্তমানে একটা চার্টার্ড অ্যাকাউনট্যান্সি (সিএ) প্রতিষ্ঠানে শিক্ষানবিশ হিসেবে কাজ করছি। আমরা দুই ভাই ও পাঁচ বোন। আমার বাবা মারা যাওয়ার আগে তাঁর ভাতিজা মানে আমার চাচাতো ভাইয়ের সঙ্গে সম্পত্তির এক জটিল হিসাব রেখে যান। চাচাতো ভাইয়ের সম্পত্তির দুই পাশে আমাদের সম্পত্তি ছিল। কিন্তু তিনি তাঁর সম্পত্তি বিক্রি করে দেন। ওই ক্রেতা দুই দিকে আমাদের সম্পত্তি থাকায়, তা কিনতে অসম্মতি জানান। আমার বাবা তাঁর ভাতিজাকে ছোটবেলা থেকে খুবই ভালোবাসতেন। তাই তিনি তাঁর ভাতিজাকে নিজের সম্পত্তি অর্থাৎ এক পাশের আড়াই শতাংশ তাঁকে লিখে দেন কিন্তু ভাতিজার কাছ থেকে আড়াই শতাংশ লিখে নেননি। কথা ছিল, সম্পত্তি এজবদল করা হবে। কিন্তু বাবার ভাতিজা আমাদের সম্পত্তি আড়াই শতাংশ বিক্রি করে দিয়েছেন। কিন্তু এজবদলের আড়াই শতাংশ এখনো তিনি দেননি। ওই আড়াই শতাংশ জমি বিক্রির বায়না বাবদ দাম ধরা ছিল ৫০ হাজার টাকা, কিন্তু বর্তমানে জমির মূল্য বেশি হওয়ায় তিনি জমি না দিয়ে বায়না টাকা ফেরত দিতে চান। বিভিন্ন সময় তিনি ভয়ভীতি প্রদর্শন করেন এবং বলেন, তিনি আমাদের সম্পত্তি নেননি। দখল করা জায়গায় তিনি ঘর নির্মাণ করে আছেন। এ ব্যাপারে আমরা আইনের কী সহায়তা পেতে পারি?","আমি এখন একটা চার্টার্ড অ্যাকাউন্ট্যান্সি (সিএ) ফার্মে শিক্ষানবিশ হিসেবে কাজ করছি। আমরা দুই ভাই, পাঁচ বোন। বাবা মারা যাওয়ার আগে তাঁর ভাতিজা, মানে আমার চাচাতো ভাইয়ের সঙ্গে সম্পত্তির একটা জটিল হিসাব রেখে গেছেন। চাচাতো ভাইয়ের জমির দুই পাশে আমাদের জমি ছিল। কিন্তু তিনি তাঁর জমি বিক্রি করে দেন। দুই দিকে আমাদের জমি থাকায় ওই ক্রেতা সেটা কিনতে রাজি হননি। বাবা ছোটবেলা থেকেই ভাতিজাকে খুব ভালোবাসতেন। তাই তিনি নিজের এক পাশের আড়াই শতাংশ জমি ভাতিজার নামে লিখে দেন, কিন্তু ভাতিজার কাছ থেকে আড়াই শতাংশ লিখে নেননি। কথা ছিল, জমি এওয়াজ বদল করা হবে। কিন্তু বাবার ভাতিজা আমাদের ওই আড়াই শতাংশ জমি বেচে দিয়েছেন, অথচ বদলের আড়াই শতাংশ এখনো দেননি। ওই আড়াই শতাংশ জমি বিক্রির বায়না বাবদ দাম ধরা হয়েছিল ৫০ হাজার টাকা, কিন্তু এখন জমির দাম বেড়ে যাওয়ায় তিনি জমি না দিয়ে বায়নার টাকা ফেরত দিতে চাইছেন। মাঝেমধ্যেই তিনি ভয়ভীতি দেখান, আর বলেন তিনি নাকি আমাদের কোনো সম্পত্তি নেননি। দখল করা জায়গায় তিনি ঘর তুলে আছেন। এ ব্যাপারে আমরা আইনের কী সাহায্য পেতে পারি?","no","The land-swap story is confusing in the original; paraphrased closely without resolving it"
"prot_0077_07","Sorup","144","আমার বাবার দুই ভাই। আমরাও দুই ভাই। আমি ফেনী সরকারি বিশ্ববিদ্যালয়ে পড়ছি। আমাদের পদবি আমার দাদুর (বাবার বাবা) পদবি থেকে ভিন্ন হয়েছে। যখন মাধ্যমিক বিদ্যালয়ে পড়াশোনা করি, তখন সনদপত্রে ভুলের কারণে এটা হয়েছিল। তারপর জাতীয় পরিচয়পত্র ও সনদপত্র অনুসারে করা হয়েছে এবং মা-বাবারও আমাদের অনুসারে পরিচয়পত্র করা হয়েছে। কিন্তু দাদুদের আগের পদবি অনুসারে জাতীয় পরিচয়পত্র হয়েছে। এখন প্রশ্ন হলো—পড়াশোনা শেষে চাকরির জন্য জীবনবৃত্তান্তসংক্রান্ত কোনো সমস্যা হবে কি না? দাদুর মৃত্যুর পর জমির ভাগবাটোয়ারা সম্পর্কে কোনো সমস্যা হবে কি না? আমার বাবা নতুন জাতীয় পরিচয়পত্র হওয়ার আগে অর্থাৎ আগের পদবি অনুসারে সামান্য পরিমাণ জমি কিনেছিলেন এবং বর্তমান পদবি অনুসারে কিছুটা জমি কিনতে যাচ্ছেন। এমন পরিস্থিতির জন্য পরবর্তী সময় ওই দুই ধরনের জমি নিয়ে কোনো সমস্যা হবে কি না? আমাকে অনেকে বলেছে, কোর্টে এফিডেভিট করতে। এটি করলে কি সব সমস্যার সমাধান হবে? এটির সুবিধা বা কী? আর এটি করতে কেমন খরচ হতে পারে? নাম প্রকাশে অনিচ্ছুক","আমার বাবার দুই ভাই। আমরাও দুই ভাই। আমি একটা সরকারি বিশ্ববিদ্যালয়ে পড়ি। আমাদের পদবি আমার দাদুর (বাবার বাবা) পদবি থেকে আলাদা হয়ে গেছে। মাধ্যমিক স্কুলে পড়ার সময় সার্টিফিকেটে ভুল হওয়ায় এমনটা হয়েছে। পরে জাতীয় পরিচয়পত্রও সার্টিফিকেট অনুযায়ী করা হয়েছে, আর মা-বাবার পরিচয়পত্রও আমাদের পদবি মিলিয়ে করা হয়েছে। কিন্তু দাদুদের পরিচয়পত্র হয়েছে আগের পদবিতেই। এখন প্রশ্ন হলো, পড়াশোনা শেষে চাকরির জন্য বায়োডাটা দিতে গেলে কি কোনো সমস্যা হবে? দাদু মারা যাওয়ার পর জমি ভাগাভাগিতে কি কোনো ঝামেলা হবে? নতুন জাতীয় পরিচয়পত্র হওয়ার আগে, মানে আগের পদবিতে বাবা অল্প কিছু জমি কিনেছিলেন, আর এখনকার পদবিতে আরও কিছু জমি কিনতে যাচ্ছেন। এমন অবস্থায় পরে ওই দুই রকম জমি নিয়ে কি কোনো সমস্যা হবে? অনেকে বলছে কোর্টে গিয়ে এফিডেভিট করে নিতে। এটা করলে কি সব সমস্যা মিটে যাবে? এর সুবিধাটা কী? আর এটা করতে খরচ কেমন পড়তে পারে?","yes","Replaced the university's name with a generic stand-in"
"prot_0078_04","Sorup","148","আমার বিয়ে হয়েছে সাত বছর হলো। একটি সন্তান আছে। বয়স পাঁচ বছর। দুই মাস হলো আমার স্বামী দ্বিতীয় বিয়ে করেছে। এখন আমার স্বামীর কথাবার্তা, চালচলন আগের মতো নেই। তাকে আমি অনেকবার জিজ্ঞেস করেছি দ্বিতীয় বিয়ের ব্যাপারে। কিন্তু সে স্বীকার করেনি। আমাদের গ্রামে এলাকাবাসীর মুখে মুখে রটে গেছে তার দ্বিতীয় বিয়ের কথা। আমার স্বামী অস্বীকার করলেও বিষয়টি সত্য। বিশ্বস্ত সূত্রে তার দ্বিতীয় স্ত্রীর বাবার বাড়ি খুঁজে বের করা হয়েছে। সে বর্তমানে তার বাবার বাড়িতে থাকে। আমার স্বামী দ্বিতীয় বিয়ে করেছে, এটা মেনে নেওয়া আমার পক্ষে অসম্ভব। তার সঙ্গে সংসার করার কোনো ইচ্ছে আমার নেই। বিষয়টি আমি আমার বাবাকে জানিয়েছি। এক সপ্তাহ হলো আমি আমার বাবার বাড়িতে এসেছি। এখন আমি তার বিরুদ্ধে মামলা করতে চাই। তাকে এর পরিণাম বুঝিয়ে দিতে চাই। মামলা করব, তা করতে পারছি না। আমার কাছে কোনো প্রমাণ নেই। তার দ্বিতীয় বিয়ের কাবিননামা না পেলে কীভাবে মামলা করব? এখন আমি কীভাবে আইনের আশ্রয় নিতে পারি?নাম-ঠিকানা প্রকাশে অনিচ্ছুক","সাত বছর হলো আমার বিয়ে হয়েছে, পাঁচ বছরের একটা বাচ্চা আছে। দুই মাস আগে আমার স্বামী দ্বিতীয় বিয়ে করেছে। এখন তার কথাবার্তা, চালচলন আগের মতো নেই। দ্বিতীয় বিয়ের কথা তাকে অনেকবার জিজ্ঞেস করেছি, কিন্তু সে স্বীকার করেনি। অথচ আমাদের গ্রামে লোকের মুখে মুখে তার দ্বিতীয় বিয়ের কথা ছড়িয়ে গেছে। স্বামী অস্বীকার করলেও ঘটনা সত্যি। বিশ্বস্ত একজনের মাধ্যমে তার দ্বিতীয় বউয়ের বাপের বাড়ি খুঁজে বের করা হয়েছে, মেয়েটা এখন সেখানেই থাকে। স্বামী আরেকটা বিয়ে করেছে, এটা মেনে নেওয়া আমার পক্ষে অসম্ভব। তার সঙ্গে সংসার করার আর কোনো ইচ্ছা আমার নেই। ব্যাপারটা আমি বাবাকে জানিয়েছি। এক সপ্তাহ হলো বাবার বাড়িতে চলে এসেছি। এখন আমি তার বিরুদ্ধে মামলা করতে চাই, তাকে এর ফল বুঝিয়ে দিতে চাই। মামলা করব ভাবছি, কিন্তু পারছি না, কারণ আমার হাতে কোনো প্রমাণ নেই। দ্বিতীয় বিয়ের কাবিননামা না পেলে মামলা করব কীভাবে? এখন আমি কীভাবে আইনের আশ্রয় নিতে পারি?","no",""
"prot_0081_02","Sorup","111","আমার ছোট বোন বিদেশে থাকেন। রাজশাহী শহরে তাঁর ০.০৭৪২৫ একর জমি আছে। এ জমিতে বাড়ি তৈরির যাবতীয় কাজ করার জন্য সে আমাকে লিখিতভাবে ক্ষমতা দিয়েছে। সে অনুযায়ী আমি কাজ করছি। বাড়িটিতে কয়েক দিনের মধ্যে প্রথম তলার ছাদের কাজ শেষ হবে। বাড়িটি পূর্ব-পশ্চিমে লম্বা। এর দক্ষিণ দিকে ফাঁকা দুটি বাড়ি আছে। সমস্যা হলো, এ দুটি বাড়ির মধ্যে একটি বাড়ির দেয়ালের ভেতর লাগানো একটি নারকেলগাছ বাঁকা হয়ে আমাদের জমির ভেতরে এসে গেছে। এ কারণে আমাদের বাড়ির একতলা ছাদ কোনো রকম দেওয়া গেলেও দোতলা পর্যন্ত ওঠানো যাবে না। গাছে ঠেকে যাবে। বাড়ির মালিকদের গাছ সরানোর কথা বললে, তাঁরা সরাবেন না বলে জানিয়ে দিয়েছেন। আমার বোনের অনুপস্থিতিতে এর সমাধান আমি কীভাবে করতে পারি?মোহাম্মদ শাজাহান আলীরাজশাহী","আমার ছোট বোন বিদেশে থাকে। শহরে তার ০.০৭৪২৫ একর জমি আছে। ওই জমিতে বাড়ি বানানোর সব কাজ করার জন্য সে আমাকে লিখিতভাবে ক্ষমতা দিয়েছে। সেই মতোই আমি কাজ করাচ্ছি। কয়েক দিনের মধ্যেই বাড়ির একতলার ছাদের কাজ শেষ হবে। বাড়িটা পূর্ব-পশ্চিমে লম্বা। এর দক্ষিণ পাশে ফাঁকা দুটো বাড়ি আছে। সমস্যা হলো, ওই দুটো বাড়ির একটার দেয়ালের ভেতরে লাগানো একটা নারকেলগাছ বাঁকা হয়ে আমাদের জমির ভেতরে ঢুকে এসেছে। এজন্য আমাদের একতলার ছাদ কোনোরকমে দেওয়া গেলেও দোতলা পর্যন্ত তোলা যাবে না, গাছে গিয়ে ঠেকবে। বাড়ির মালিকদের গাছটা সরাতে বললে তাঁরা সাফ জানিয়ে দিয়েছেন, সরাবেন না। বোন দেশে না থাকায় এর সমাধান আমি কীভাবে করতে পারি?","yes","Removed signature (name and district) and the city name"
"prot_0082_04","Sorup","88","ছয় বছর বয়সে আমার মা মারা যাওয়ার পর বাবা আমার খালাকে বিয়ে করেন। আমি অনার্স তৃতীয় বর্ষে পড়ি। কিছুদিন আগে আমার বাবা মারা যান। তিনি সরকারি চাকরি করতেন। তাঁর মৃত্যুর পর পেনশন, এককালীন, কল্যাণ তহবিল—সবকিছুই খালা পাচ্ছেন। আমরা দুই ভাই চাচার কথামতো অফিসের কাগজপত্রে সই করেছিলাম। কিন্তু এখন আমাদের কিছুই দেওয়া হয় না। আব্বার একজন সহকর্মী বলছিলেন, তোমরাও এর সবকিছু আইনগতভাবে পাবে। কারণ তোমার বাবা তোমার খালার নামে নমিনি করে যাননি। কিন্তু খালা দেওয়া তো দূরের কথা, স্বাক্ষর দেওয়ার পরে বিভিন্নভাবে ভয় দেখান। এখন আমরা কী করতে পারি?সাব্বিরনাটোর","আমার ছয় বছর বয়সে মা মারা যাওয়ার পর বাবা আমার খালাকে বিয়ে করেন। আমি এখন অনার্স থার্ড ইয়ারে পড়ি। কিছুদিন আগে বাবা মারা গেছেন। তিনি সরকারি চাকরি করতেন। তাঁর মৃত্যুর পর পেনশন, এককালীন টাকা, কল্যাণ তহবিল, সবকিছুই খালা পাচ্ছেন। চাচার কথামতো আমরা দুই ভাই অফিসের কাগজপত্রে সই করে দিয়েছিলাম। কিন্তু এখন আমাদের কিছুই দেওয়া হচ্ছে না। বাবার এক সহকর্মী বলছিলেন, আইন অনুযায়ী তোমরাও এসব কিছু পাবে, কারণ তোমার বাবা খালার নামে নমিনি করে যাননি। কিন্তু খালা দেওয়া তো দূরের কথা, সই নেওয়ার পর থেকে নানাভাবে ভয় দেখাচ্ছেন। এখন আমরা কী করতে পারি?","yes","Removed signature (name and district)"
"prot_0083_05","Sorup","140","২০০১ সালে বিয়ে করি। এরপর অপরিকল্পিতভাবে একটি সন্তানের জন্ম হয়। বিয়ের পর বেশ টানাপোড়েনের মধ্য দিয়ে দীর্ঘ সময় কেটেছে। তার সঙ্গে শুরু থেকেই আমার মনের মিল ছিল না। তাই সম্পর্কের উন্নতি কখনোই ঘটেনি। অবশেষে ২০০৯ সালে তার অনুমতি ছাড়াই আদালতের মাধ্যমে দ্বিতীয় বিয়ে করি। ওই সময় প্রথম স্ত্রী সন্তানদের নিয়ে আমাদের বাড়িতে অবস্থান করছিল। আর আমি কাজের জন্য দূরে ছিলাম। কিন্তু সে আমার দ্বিতীয় বিয়ের খবর পেয়ে স্বাভাবিক নিয়মেই আমার কাছে চলে আসে। একপর্যায়ে তাকে সন্তানসহ আমার গ্রামের বাড়ি পাঠিয়ে দিই। সে গত ফেব্রুয়ারি মাসে সেখান থেকে আমার অজান্তে দুই সন্তানকে নিয়ে চলে যায়। কিছুদিন ফোনে যোগাযোগ ছিল এবং টাকা-পয়সাও পাঠিয়েছি। বর্তমানে সে যোগাযোগ বন্ধ করে দিয়েছে। তার বক্তব্য, সে ওই দুই সন্তান আমাকে দেবে না এবং সে ফিরেও আসবে না। আমি শুধু আমার সন্তানদের ফেরত চাই। কীভাবে আইনের সহায়তায় তা সম্ভব? আমি তালাকনামা পাঠাতে পারব কি না।নাম প্রকাশে অনিচ্ছুক","২০০১ সালে বিয়ে করি। এরপর পরিকল্পনা ছাড়াই একটা বাচ্চা হয়ে যায়। বিয়ের পর অনেকটা সময় বেশ টানাপোড়েনের মধ্যে কেটেছে। শুরু থেকেই তার সঙ্গে আমার মনের মিল ছিল না, তাই সম্পর্কটা কখনো ভালো হয়নি। শেষে ২০০৯ সালে তার অনুমতি না নিয়েই কোর্টের মাধ্যমে আমি দ্বিতীয় বিয়ে করি। তখন প্রথম বউ বাচ্চাদের নিয়ে আমাদের বাড়িতেই থাকত, আর আমি কাজের জন্য দূরে ছিলাম। কিন্তু আমার দ্বিতীয় বিয়ের খবর পেয়ে স্বাভাবিকভাবেই সে আমার কাছে চলে আসে। একপর্যায়ে আমি তাকে বাচ্চাসহ গ্রামের বাড়িতে পাঠিয়ে দিই। গত ফেব্রুয়ারিতে আমাকে না জানিয়ে সে সেখান থেকে দুই বাচ্চাকে নিয়ে চলে যায়। কিছুদিন ফোনে যোগাযোগ ছিল, টাকাপয়সাও পাঠিয়েছি। এখন সে যোগাযোগ বন্ধ করে দিয়েছে। তার কথা, দুই বাচ্চাকে সে আমাকে দেবে না, আর নিজেও ফিরে আসবে না। আমি শুধু আমার বাচ্চাদের ফেরত চাই। আইনের সাহায্যে সেটা কীভাবে সম্ভব? আর আমি কি তাকে তালাকনামা পাঠাতে পারব?","no","Original says one child was born, later mentions two children; kept as written"
"prot_0084_05","Sorup","68","আমার প্রকৃত জন্ম ১৯৯৪ সালে। এখন আমি নবম শ্রেণীতে পড়ি। সামনে আমার রেজিস্ট্রেশন। আমার মায়ের বাড়ি কুমিল্লায়। বাবার বাড়ি ময়মনসিংহে। আমরা সপরিবারে চট্টগ্রামে থাকি। আমার মামা আমার জন্মনিবন্ধন কুমিল্লায় করে দেন। যে কারণে তিনি প্রকৃত জন্মসাল না জেনে ১৯৯৭ লিখে দেন। প্রাথমিক বিদ্যালয় থেকে উচ্চবিদ্যালয়ে যে ভর্তি সনদপত্র জমা দিয়েছিলাম তাতে ১৯৯৪ সালই লেখা আছে। এখন আমি কি রেজিস্ট্রেশনের সময় ১৯৯৪ সাল উল্লেখ করব, নাকি জন্মনিবন্ধন ১৯৯৭ লিখব?","আমার আসল জন্ম ১৯৯৪ সালে। এখন ক্লাস নাইনে পড়ি, সামনে রেজিস্ট্রেশন। মায়ের বাড়ি এক জেলায়, বাবার বাড়ি আরেক জেলায়, আর আমরা পুরো পরিবার থাকি অন্য একটা শহরে। মামা আমার জন্মনিবন্ধনটা মায়ের বাড়ির জেলায় করে দিয়েছিলেন। আসল জন্মসাল না জানায় তিনি সেখানে লিখে দেন ১৯৯৭। অথচ প্রাইমারি স্কুল থেকে হাইস্কুলে ভর্তির সময় যে সার্টিফিকেট জমা দিয়েছিলাম, তাতে ১৯৯৪ সালই লেখা আছে। এখন রেজিস্ট্রেশনের সময় আমি ১৯৯৪ লিখব, নাকি জন্মনিবন্ধনের ১৯৯৭ লিখব?","yes","Replaced three district/city names with generic stand-ins"
"prot_0085_04","Sorup","108","আমার বয়স ১৬। আমরা দুই ভাই এক বোন। আমার বাবা দুটি বিয়ে করেছেন। আমার মা তাঁর দ্বিতীয় স্ত্রী। আমি আমার মায়ের প্রথম সন্তান। আমার মায়ের কাছে শোনা—আমার জন্মের পর আমার বাবা তাঁর সব সম্পত্তি প্রথম স্ত্রীর নামে হেবা দলিল করে দিয়েছেন। এখন আমার বাবার নামে কোনো সম্পত্তি নেই। আমার বাবাকে মা আমাদের সম্পত্তির কথা বললে তিনি বলেন, ‘আমার কাছ থেকে কিছু পাওয়ার আশা করো না। আমার কাছ থেকে খাওয়া-পরা ছাড়া আর কিছুই পাবে না।’ আমরা কি বাবার কোনো সম্পত্তিই পাব না? বাবার মৃত্যুর পর কি কোনো সম্পত্তি পাওয়ার সম্ভাবনা আছে? বা আমার জন্মের পর যে হেবা দলিল করা হয়েছে, তার কি কোনো মূল্য থাকবে আমার বাবার মৃত্যুর পর?","আমার বয়স ১৬। আমরা দুই ভাই, এক বোন। বাবা দুটো বিয়ে করেছেন, আমার মা তাঁর দ্বিতীয় বউ। আমি মায়ের প্রথম সন্তান। মায়ের কাছে শুনেছি, আমার জন্মের পর বাবা তাঁর সব সম্পত্তি হেবা দলিল করে প্রথম বউয়ের নামে দিয়ে দিয়েছেন। এখন বাবার নামে আর কোনো সম্পত্তি নেই। মা আমাদের সম্পত্তির কথা তুললে বাবা বলেন, ‘আমার কাছে কিছু পাওয়ার আশা কোরো না। খাওয়া-পরা ছাড়া আমার কাছ থেকে আর কিছুই পাবে না।’ তাহলে কি আমরা বাবার কোনো সম্পত্তিই পাব না? বাবা মারা যাওয়ার পর কি কিছু পাওয়ার সুযোগ আছে? আর আমার জন্মের পর যে হেবা দলিল করা হয়েছে, বাবার মৃত্যুর পর কি সেটার কোনো দাম থাকবে?","no",""
"prot_0086_04","Sorup","142","মাসখানেক পর আমার দ্বিতীয় বিয়ে হবে। প্রথম ঘরের আমার দুই মেয়ে আছে। বড় মেয়ের বয়স নয় বছর। মাদ্রাসায় লেখাপড়া করে এবং দ্বিতীয় মেয়ের বয়স দেড় বছর। আমার আগের স্বামী সম্পর্কে আমার ফুফাতো ভাই ছিল। আমি শ্বশুরবাড়ির মানুষের কাছে লাঞ্ছিত ও হেয়প্রতিপন্ন হতাম। ছোটখাটো বিষয় নিয়ে আমাকে মানসিক নির্যাতন করত। ছোট মেয়ের বয়স ছয় মাস পূর্ণ হওয়ার পর পরিবারের সঙ্গে ঝগড়া হয়। এরপর থেকে আমার সঙ্গে আমার আগের স্বামী যোগাযোগ রাখেনি। মেয়েদের জন্য মানুষের মাধ্যমে খাবার পাঠাত। আমি আর ওই পরিবারে ফিরে যেতে চাই না এবং দ্বিতীয় বিয়ে করতে চাইছি। আমার দ্বিতীয় বিয়ে যার সঙ্গে হবে, সে দুই মেয়ের ভরণপোষণ দিতে চায়। আমার প্রথম স্বামীর পরিবারে আমার দুই মেয়েকে দেখাশোনা করার মতো কেউ নেই। মেয়েদের বাবা মেয়েদের খুবই ভালোবাসে। কিন্তু ভরণপোষণ দিতে পারবে না, দেখাশোনাও করতে পারবে না। আমার দুই মেয়েকে আমার কাছে রাখতে চায়। কীভাবে আমার দুই মেয়েকে আমার কাছে রাখতে পারব?","মাসখানেক পরে আমার দ্বিতীয় বিয়ে। প্রথম সংসারের দুটো মেয়ে আছে আমার। বড় মেয়ের বয়স নয়, মাদ্রাসায় পড়ে, আর ছোটটার বয়স দেড় বছর। আমার আগের স্বামী সম্পর্কে আমার ফুফাতো ভাই ছিল। শ্বশুরবাড়ির লোকজনের কাছে আমি অপমান আর অবহেলার শিকার হতাম। ছোটখাটো ব্যাপারেও তারা আমাকে মানসিক যন্ত্রণা দিত। ছোট মেয়ের বয়স ছয় মাস হওয়ার পর ওই পরিবারের সঙ্গে ঝগড়া হয়। তারপর থেকে আগের স্বামী আমার সঙ্গে আর যোগাযোগ রাখেনি, শুধু লোক মারফত মেয়েদের জন্য খাবার পাঠাত। আমি আর ওই সংসারে ফিরতে চাই না, দ্বিতীয় বিয়ে করতে চাই। যার সঙ্গে আমার বিয়ে হবে, সে দুই মেয়ের ভরণপোষণ দিতে রাজি। আগের স্বামীর পরিবারে আমার দুই মেয়েকে দেখাশোনা করার মতো কেউ নেই। মেয়েদের বাবা মেয়েদের খুব ভালোবাসে, কিন্তু খরচও দিতে পারবে না, দেখাশোনাও করতে পারবে না। দুই মেয়েকে আমার কাছে রাখতে চায়। আমি কীভাবে দুই মেয়েকে আমার কাছে রাখতে পারব?","no","One sentence has no clear subject (who wants to keep the daughters with the mother); kept ambiguous as in the original"
"prot_0087_05","Sorup","65","একটি বাড়িতে চার ভাই আলাদাভাবে বসবাস করতেন। তাঁদের নাম যথাক্রমে ক, খ, গ ও ঘ। একসময় ‘খ’ তাঁর স্ত্রী ও এক মেয়ে রেখে মারা যান। পরবর্তী সময়ে তাঁর বিধবা স্ত্রী অবিবাহিত দেবর ‘গ’-এর সঙ্গে বিবাহবন্ধনে আবদ্ধ হন। প্রশ্ন হলো, প্রয়াত ‘খ’-এর অন্য ওয়ারিশ তথা ভাই-ভাতিজারা তাঁর রেখে যাওয়া সম্পদের কোনো অংশ ইসলামি শরিয়া মোতাবেক পাবেন কি না, পেলে কী হারে পাবেন? এ সংক্রান্ত বিধিবিধান কী?","একই বাড়িতে চার ভাই আলাদা আলাদা থাকতেন, তাঁদের নাম ধরা যাক ক, খ, গ আর ঘ। একসময় ‘খ’ তাঁর বউ আর এক মেয়ে রেখে মারা যান। পরে তাঁর বিধবা বউ অবিবাহিত দেবর ‘গ’-কে বিয়ে করেন। প্রশ্ন হলো, মারা যাওয়া ‘খ’-এর রেখে যাওয়া সম্পত্তিতে তাঁর অন্য ওয়ারিশরা, মানে ভাই-ভাতিজারা, ইসলামি শরিয়া অনুযায়ী কোনো ভাগ পাবেন কি না? পেলে কী হারে পাবেন? এ ব্যাপারে নিয়মকানুন কী?","no",""
"prot_0088_04","Sorup","113","আমার বয়স ২৫ বছর। আমার আব্বা দুই বিয়ে করেন। প্রথম স্ত্রী মারা যাওয়ার পর দ্বিতীয় বিয়ে করেন। আমি দ্বিতীয় পক্ষের ছেলে। আমরা তিন ভাই, তিন বোন। আমার বাবা ১৯৯৮ সালে তিন বোনের নামে ৭২ শতাংশ জমি দেন। তারপর ২০০৮ সালে ওই জমি খারিজ করে আমার বোনদের নাবালক দেখিয়ে, অর্থাত্ বোনদের বয়স তখন ১৬ বছর, ১২ বছর ও ১০ বছর দেখিয়ে এই জমির ৫৪ শতাংশ আমাদের তিন ভাইয়ের নামে বিক্রি করে দেন। ভবিষ্যতে আমার বোনেরা বিয়ের পর তাদের স্বামীরা এই দলিলের ব্যাপারে আইনগত ব্যবস্থা নিতে পারবেন কি? আর আমার বাবা আরও বেশ কিছু জমি আমাদের হেবা দলিল করে দেন। এই হেবা দলিলের বিপক্ষে ভবিষ্যতে তাঁর আগের সংসারের ছেলেরা কোনো দাবি করতে পারবে কি?মো. হাসানগাজীপুর","আমার বয়স ২৫। আমার আব্বা দুটো বিয়ে করেছেন। প্রথম বউ মারা যাওয়ার পর তিনি দ্বিতীয় বিয়ে করেন। আমি দ্বিতীয় ঘরের ছেলে। আমরা তিন ভাই, তিন বোন। ১৯৯৮ সালে বাবা তিন বোনের নামে ৭২ শতাংশ জমি দেন। তারপর ২০০৮ সালে ওই জমির খারিজ করিয়ে বোনদের নাবালক দেখিয়ে, মানে তখন বোনদের বয়স ১৬, ১২ আর ১০ বছর দেখিয়ে, সেখান থেকে ৫৪ শতাংশ জমি আমাদের তিন ভাইয়ের নামে বিক্রি করে দেন। ভবিষ্যতে বোনদের বিয়ে হলে তাদের স্বামীরা কি এই দলিল নিয়ে আইনি ব্যবস্থা নিতে পারবে? এছাড়া বাবা আরও বেশ কিছু জমি হেবা দলিল করে আমাদের দিয়েছেন। ভবিষ্যতে তাঁর আগের সংসারের ছেলেরা কি এই হেবা দলিলের বিরুদ্ধে কোনো দাবি তুলতে পারবে?","yes","Removed signature (name and district)"
"prot_0091_05","Sorup","189","আমার বয়স ৩০ বছর। আমি একটি টেক্সটাইল মিলে সহকারী প্রকৌশলী হিসেবে কর্মরত এবং ভালো বেতন পাই। একটি মেয়েকে পছন্দ করি এবং পারিবারিকভাবে ২০০৮ সালের ১৮ জানুয়ারি বিয়ে করি। বিয়ের সময় চার লাখ টাকা দেনমোহর ধার্য করা হয়। এর মধ্যে ১০-১২ হাজার টাকা উশুল করা হয়। বিয়ের পর আমি জানতে পারি, একটি ছেলের সঙ্গে তার সম্পর্ক ছিল। তিন মাস ভালোই চলছিল। হঠাত্ আমার চাকরি চলে যায়। কিছুদিন পর একটি কম বেতনের চাকরি পাই। এর পর থেকেই আমার স্ত্রী ও শ্বশুর-শাশুড়ি আমার সঙ্গে খারাপ ব্যবহার করতে থাকেন। আমার স্ত্রী বিকম প্রথম বর্ষে পড়ে। সে আমার কাছে দামি অলংকার চাইত, কিন্তু আমি দিতে পারতাম না। এসব নিয়ে প্রায়ই ঝগড়া হতো। একদিন শ্বশুর-শাশুড়ির সঙ্গে আমার ঝগড়া হয় এবং তাঁরা বলেন, তাঁদের মেয়েকে আমার কাছে আর থাকতে দেবেন না। সময়মতো তালাকনামা পাঠিয়ে দেবেন। গত মে মাস থেকে তাঁরা আমাকে স্ত্রীর সঙ্গে দেখা করতে দেন না। বলেন, সে তোমার সামনে আসবে না। তখন আমি তালাকনামা চাইলে শ্বশুর বলেন, সময় হলে পাঠিয়ে দেব। তারপর অনেক দিন হলো, এখন পর্যন্ত তালাকনামা পাঠায়নি। আমার বাবা-মা গিয়েছিলেন বউকে আনার জন্য, কিন্তু তাঁরা আমার স্ত্রীকে আসতে দেননি, বরং আমার বাবা-মায়ের সঙ্গে খারাপ ব্যবহার করেছেন। এখন আমি কী করব?নাম প্রকাশে অনিচ্ছুক","আমার বয়স ৩০। একটা টেক্সটাইল মিলে সহকারী প্রকৌশলী হিসেবে কাজ করি, বেতনও ভালো পাই। একটা মেয়েকে পছন্দ করতাম, পরে পারিবারিকভাবে ২০০৮ সালের ১৮ জানুয়ারি তাকে বিয়ে করি। বিয়েতে দেনমোহর ধরা হয় চার লাখ টাকা, যার মধ্যে ১০-১২ হাজার টাকা উশুল দেখানো হয়। বিয়ের পরে জানতে পারি, একটা ছেলের সঙ্গে তার সম্পর্ক ছিল। তিন মাস ভালোই কাটছিল। হঠাৎ আমার চাকরিটা চলে যায়। কিছুদিন পর কম বেতনের একটা চাকরি পাই। তারপর থেকেই বউ আর শ্বশুর-শাশুড়ি আমার সঙ্গে খারাপ ব্যবহার শুরু করেন। আমার বউ বিকম ফার্স্ট ইয়ারে পড়ে। সে আমার কাছে দামি গয়না চাইত, কিন্তু আমি দিতে পারতাম না। এসব নিয়ে প্রায়ই ঝগড়া হতো। একদিন শ্বশুর-শাশুড়ির সঙ্গে আমার ঝগড়া হয়, তখন তাঁরা বলেন, তাঁদের মেয়েকে আর আমার কাছে থাকতে দেবেন না, সময়মতো তালাকনামা পাঠিয়ে দেবেন। গত মে মাস থেকে তাঁরা আমাকে বউয়ের সঙ্গে দেখা করতে দেন না। বলেন, সে তোমার সামনে আসবে না। তখন আমি তালাকনামা চাইলে শ্বশুর বলেন, সময় হলে পাঠিয়ে দেব। তারপর অনেক দিন পার হয়ে গেছে, এখনো তালাকনামা পাঠাননি। আমার মা-বাবা বউকে আনতে গিয়েছিলেন, কিন্তু তাঁরা আমার বউকে আসতে দেননি, উল্টো আমার মা-বাবার সঙ্গে খারাপ ব্যবহার করেছেন। এখন আমি কী করব?","no",""
"prot_0096_01","Sorup","67","আমি একজন সরকারি চাকরিজীবী। ২০১৪ সালের ফেব্রুয়ারি মাসে বিয়ে করি। বিয়ের কিছুদিন পর থেকেই আমার স্ত্রীকে কোনো কিছু দিয়ে সন্তুষ্ট করতে পারিনি। এই নেই সেই নেই কত কিছু। অথচ আমার সাধ্যের মধ্যে সংসার চালাচ্ছি। এরপর সে কোনো কথা শুনতে চায় না। আমাদের দুই মেয়ে আছে। স্ত্রীর যন্ত্রণায় একেবারে অতিষ্ট। তাই আমি তাঁকে তালাক দিতে চাই। সরকারি চাকরিজীবী হওয়ায় মামলা করলে আমার চাকরির কোনো সমস্যা হবে কি? মিলন","আমি সরকারি চাকরি করি। ২০১৪ সালের ফেব্রুয়ারিতে বিয়ে করি। বিয়ের কিছুদিন পর থেকেই বউকে কোনো কিছু দিয়েই খুশি করতে পারিনি। এটা নেই, ওটা নেই, হাজারটা অভিযোগ। অথচ আমার সাধ্যের মধ্যে থেকেই সংসার চালাচ্ছি। এরপর থেকে সে কোনো কথাই শুনতে চায় না। আমাদের দুটো মেয়ে আছে। বউয়ের যন্ত্রণায় একেবারে অতিষ্ঠ হয়ে গেছি। তাই তাকে তালাক দিতে চাই। সরকারি চাকরি করি বলে, মামলা হলে কি আমার চাকরিতে কোনো সমস্যা হবে?","yes","Removed signature name"
"prot_0100_02","Sorup","34","১. “ক” তফসিলভুক্ত তালিকায় বিকল্প পদ্ধতিতে বিরোধ নিষ্পত্তির জন্য কোর্ট অব সিভিল প্রসিডিউর (সংশোধন) বিল ২০১২এবং অর্পিত সম্পত্তির দাবির সমর্থনে আবেদনের সময়সীমা বাড়াতে অর্পিত সম্পত্তি প্রত্যর্পণ (সংশোধন) বিল জাতীয় সংসদে পাস হয়েছে কি না?","১. ‘ক’ তফসিলের তালিকার বিরোধ বিকল্প পদ্ধতিতে মেটানোর জন্য দেওয়ানি কার্যবিধি (সংশোধন) বিল ২০১২, আর অর্পিত সম্পত্তির দাবির পক্ষে আবেদনের সময়সীমা বাড়ানোর জন্য অর্পিত সম্পত্তি প্রত্যর্পণ (সংশোধন) বিল, এগুলো কি জাতীয় সংসদে পাস হয়েছে?","no","Numbered item from a multi-part letter; asks whether bills were passed (factual, formal register in the original)"
"prot_0101_02","Sorup","60","এদিকে ঘরে আছেন সৎশাশুড়ি। তাঁর অধীনে সংসারজীবন চালাতে গিয়েও আমি বাড়তি আরেকটি সমস্যা ও জ্বালায় আছি। সবকিছু মিলে আমি স্বামী, সৎশাশুড়ি ও শ্বশুরকে নিয়ে মহা দুর্যোগে আছি। ফলে উপায়ন্তর না দেখে আমি শেষ পর্যন্ত বাবার বাড়িতে চলে আসি এবং তার সঙ্গে আর ঘর-সংসার না করে তাকে ত্যাগ করারও নীতিগত সিদ্ধান্ত নিয়েছি। এখন আমার প্রশ্ন, এ সিদ্ধান্ত কার্যকরে সহজ পথ কী?","এদিকে বাড়িতে আছেন সৎশাশুড়ি। তাঁর অধীনে থেকে সংসার করতে গিয়ে আমি আরেকটা বাড়তি ঝামেলা আর যন্ত্রণার মধ্যে আছি। সব মিলিয়ে স্বামী, সৎশাশুড়ি আর শ্বশুরকে নিয়ে আমি মহাবিপদে পড়েছি। তাই আর কোনো উপায় না দেখে শেষমেশ বাবার বাড়িতে চলে এসেছি, আর ঠিক করে ফেলেছি তার সঙ্গে আর সংসার করব না, তাকে ছেড়ে দেব। এখন আমার প্রশ্ন, এই সিদ্ধান্তটা কাজে পরিণত করার সহজ উপায় কী?","no","Text starts mid-story (beginning cut off)"
"prot_0104_01","Sorup","103","মৃত সুবোধ চন্দ্র দেব তাঁর ত্যাজ্য বিত্তে বা সম্পত্তিতে উত্তরাধিকার সূত্রে দুই সন্তান নৃপেন্দ্র চন্দ্র দেব ও কৃপেশ চন্দ্র দেব মালিকসূত্রে উত্তরাধিকারী হন। তাঁদের অবর্তমানে ওই সম্পত্তিতে উত্তরাধিকার সূত্রে সুবোধ চন্দ্র দেবের একমাত্র ভাগনে রাজেন্দ্র চন্দ্র দেব মালিক হবেন। পরবর্তী সময়ে রাজেন্দ্র চন্দ্র দেব মারা গেলে তাঁর একমাত্র পুত্রের ওপর মালিকানা বর্তায়। ‘ক’ তালিকাভুক্ত অর্পিত সম্পত্তি ভারতবাসী নৃপেন্দ্র চন্দ্র দেব ও কৃপেশ চন্দ্র দেবের সব ত্যাজ্য বিত্তে বাংলাদেশে বসবাসকারী মৃত রাজেন্দ্র চন্দ্র দেবের পুত্র উত্তরাধিকারী হিসেবে দাবি করতে পারবেন।২. যদি আমার পিতা তাঁদের ‘উত্তরাধিকারী’ বা ‘উত্তরাধিকারীর স্বার্থাধিকারী’ হতে পারেন, তবে আমার পিতার একমাত্র উত্তরাধিকারী হিসেবে আমি এই সম্পত্তির দাবিদার হতে পারি কি না?","প্রয়াত এক ব্যক্তির রেখে যাওয়া সম্পত্তিতে ওয়ারিশসূত্রে মালিক হন তাঁর দুই ছেলে। তাঁরা না থাকলে ওই সম্পত্তিতে ওয়ারিশসূত্রে মালিক হবেন ওই ব্যক্তির একমাত্র ভাগনে। পরে সেই ভাগনে মারা গেলে মালিকানা চলে যায় তাঁর একমাত্র ছেলের হাতে। ভারতে থাকা ওই দুই ছেলের রেখে যাওয়া সব সম্পত্তি ‘ক’ তালিকার অর্পিত সম্পত্তি, আর তাতে বাংলাদেশে থাকা প্রয়াত ভাগনের ছেলে ওয়ারিশ হিসেবে দাবি জানাতে পারবেন। ২. আমার বাবা যদি তাঁদের ‘উত্তরাধিকারী’ বা ‘উত্তরাধিকারীর স্বার্থাধিকারী’ হতে পারেন, তাহলে বাবার একমাত্র ওয়ারিশ হিসেবে আমি কি এই সম্পত্তির দাবিদার হতে পারি?","yes","Replaced four personal names with relationship terms. Broken: the first part reads as a statement (possibly an answer to item 1); only item 2 is clearly a question"
"prot_0104_06","Sorup","53","ট্রাইব্যুনাল থেকে যদি তালিকাভুক্ত সম্পত্তি আবেদনকারীর অনুকূলে রায় দেন এবং তিনি যদি মূল মালিকের উত্তরাধিকারী বা উত্তরাধিকারীর স্বার্থাধিকারী হন, তবে তিনি দখলে না থাকলেও ওই রায় কার্যকর করার জন্য জেলা প্রশাসকের মাধ্যমে ডিক্রি জারি মামলা করা যাবে। ৭. ট্রাইব্যুনালের রায় আমার পক্ষে গ্রহণযোগ্য না হলে পরবর্তী সময়ে আমি কি আবার আপিল করতে পারব?","ট্রাইব্যুনাল যদি তালিকাভুক্ত সম্পত্তির ব্যাপারে আবেদনকারীর পক্ষে রায় দেয়, আর তিনি যদি আসল মালিকের ওয়ারিশ বা ওয়ারিশের স্বার্থাধিকারী হন, তাহলে সম্পত্তি তাঁর দখলে না থাকলেও রায়টা কার্যকর করতে জেলা প্রশাসকের মাধ্যমে ডিক্রি জারির মামলা করা যাবে। ৭. ট্রাইব্যুনালের রায় আমার পক্ষে মেনে নেওয়ার মতো না হলে পরে কি আমি আবার আপিল করতে পারব?","no","Broken: starts with a lawyer's answer to an earlier item; the question is item 7 (appeal against the tribunal's verdict)"
"prot_0107_02","Sorup","43","সন্তানের মা অন্যত্র বিয়ে করেছেন কি না তা উল্লেখ করেননি। তবে সন্তানকে দেখতে পাওয়ার অধিকার আপনার আছে। এ জন্য আপনি চাইলে পারিবারিক আদালতের আশ্রয় নিতে পারেন। ছেলেসন্তানকে ফেরত পেতে সন্তানের সাত বছর পূর্ণ হওয়া পর্যন্ত অপেক্ষা করতে হবে। আসামি পলাতক থাকলে পরিণাম কী?","বাচ্চার মা অন্য কোথাও বিয়ে করেছেন কি না, সেটা আপনি বলেননি। তবে বাচ্চাকে দেখতে পাওয়ার অধিকার আপনার আছে। চাইলে এর জন্য আপনি পারিবারিক আদালতে যেতে পারেন। ছেলে বাচ্চাকে ফেরত পেতে হলে তার সাত বছর পূর্ণ হওয়া পর্যন্ত অপেক্ষা করতে হবে। আসামি পালিয়ে থাকলে তার ফল কী হয়?","no","Broken: a lawyer's answer about child custody with a new headline question glued at the end (consequence when the accused absconds)"
"prot_0108_02","Sorup","66","উকিল বলেছিলেন, হেবা দলিল অপরিবর্তনীয়। এই জমি যাদের নামে আছে তারাই পাবে, অন্য কেউ অংশীদার হতে পারবে না। কিন্তু আমার ভাই তা মানতে রাজি নয়। সে বিভিন্নজনের বুদ্ধি ধরে আমাদের মারধর, জমি দখল করাসহ নানা হুমকি দিয়ে আসছে। এ অবস্থায় এই হেবা ঘোষণা দলিল কার্যকর হবে কি না, হলে কতটুকু হবে এবং কার্যকর হলে সেই জমি আমরা কীভাবে তার খারিজ বাতিল করে আমাদের নামে খারিজ করব?","উকিল বলেছিলেন, হেবা দলিল আর ফেরানো যায় না। জমি যাদের নামে আছে তারাই পাবে, অন্য কেউ ভাগ বসাতে পারবে না। কিন্তু আমার ভাই সেটা মানতে নারাজ। নানা জনের বুদ্ধি নিয়ে সে আমাদের মারধর করা, জমি দখল করাসহ নানা রকম হুমকি দিয়ে যাচ্ছে। এই অবস্থায় এই হেবা ঘোষণা দলিলটা কি কার্যকর হবে? হলে কতখানি হবে? আর কার্যকর হলে তার খারিজ বাতিল করে জমিটা আমাদের নামে কীভাবে খারিজ করাব?","no","Text starts mid-story (beginning cut off)"
"prot_0110_02","Sorup","41","আমজাদ হোসাইন, ঢাকা।পরামর্শ: আপনার প্রশ্ন থেকে পরিষ্কার বোঝা যাচ্ছে না, আপনার বাবা কোন অংশের জন্য প্রতিকার চান। বিদ্যালয়টি যদি এমপিওভুক্ত হয়ে থাকে, সেক্ষেত্রে হাইকোর্ট বিভাগে রিট দায়ের করতে পারেন। অন্যথায় দেওয়ানি মোকদ্দমা দায়ের করে প্রতিকার চাইতে পারেন।চাকরি ফিরে পেতে কী করণীয়?","পরামর্শ: আপনার প্রশ্ন থেকে ঠিক বোঝা যাচ্ছে না, আপনার বাবা কোন অংশের জন্য প্রতিকার চান। স্কুলটা যদি এমপিওভুক্ত হয়, তাহলে হাইকোর্ট বিভাগে রিট করতে পারেন। না হলে দেওয়ানি মামলা করে প্রতিকার চাইতে পারেন। চাকরি ফিরে পেতে কী করতে হবে?","yes","Broken: a reader's name/city, then a lawyer's advice, then a new headline question (getting a job back). Removed the name and city"
"prot_0112_02","Sorup","33","’ প্রশ্নের উত্তর দেওয়া হয়েছে। তাতে বিভিন্ন মেয়াদে শাস্তি জেল-জরিমানার উল্লেখ রয়েছে। এ অবস্থায় আমি শঙ্কিত হয়ে পড়েছি। তাহলে আমি কি ঋণ থেকে মুক্তি পেতে এবং মানসম্মানের হাত থেকে বাঁচতে আত্মহত্যাই বেছে নেব?","ওই প্রশ্নটার উত্তর দেওয়া হয়েছে। সেখানে নানা মেয়াদের জেল-জরিমানার শাস্তির কথা বলা আছে। এসব দেখে আমি খুব ভয় পেয়ে গেছি। তাহলে কি দেনা থেকে রেহাই পেতে আর মান-সম্মান বাঁচাতে আমাকে আত্মহত্যার পথই বেছে নিতে হবে?","no","Broken: starts mid-sentence (the quoted question title is cut off). Mentions suicide"
"prot_0114_08","Sorup","27","এখানে দ্বিতীয় পক্ষের নিযুক্তীয় বিজ্ঞ কৌঁসুলি উল্লিখিত হয়রানির বিরুদ্ধে আইনগত কোনো প্রতিকার না থাকায় মামলা জেলা ম্যাজিস্ট্রেটের কাছে মামলা হস্তান্তর করার পরামর্শ প্রদান করছে। তা সঠিক কি?","এখানে দ্বিতীয় পক্ষের নিয়োগ করা উকিল পরামর্শ দিচ্ছেন, উল্লেখ করা হয়রানির বিরুদ্ধে আইনে কোনো প্রতিকার নেই বলে মামলাটা জেলা ম্যাজিস্ট্রেটের কাছে পাঠিয়ে দেওয়া হোক। তাঁর এই পরামর্শ কি ঠিক?","no","Fragment: the case and the harassment it refers to are not in the text"
"prot_0119_02","Sorup","37","আপনার নাম দেখে মনে হচ্ছে আপনি হিন্দু সম্প্রদায়ের। এ ক্ষেত্রে আপনার স্ত্রীর সঙ্গে বিবাহবিচ্ছেদ ঘটানো সম্ভব নয়। তবে আপনি পৃথক থাকতে পারেন। এ ক্ষেত্রে আপনার স্ত্রীর আইনিভাবে প্রাপ্য ভরণ-পোষণ দিয়ে যেতে হবে।বাবার তৃতীয় স্ত্রী কি সম্পত্তি পাবে?","আপনার নাম দেখে মনে হচ্ছে আপনি হিন্দু। সেক্ষেত্রে স্ত্রীর সঙ্গে আপনার বিবাহবিচ্ছেদ করা সম্ভব না। তবে আপনি আলাদা থাকতে পারেন। সেক্ষেত্রে আইন অনুযায়ী স্ত্রীর যে ভরণপোষণ পাওনা, সেটা আপনাকে দিয়ে যেতে হবে। বাবার তৃতীয় বউ কি সম্পত্তি পাবেন?","no","Broken: a lawyer's answer about Hindu divorce with a new headline question glued at the end (does the father's third wife inherit)"
"prot_0121_03","Sorup","55","আপনি যদি মনে করেন যে আপনার স্পষ্টত মৌলিক অধিকার লঙ্ঘিত হচ্ছে, তাহলে হাইকোর্টে রিট দায়ের করতে পারেন।জমির অংশ কীভাবে পাববাবা আমাদের তিন ভাইকে দানপত্রের মাধ্যমে সম্পত্তি লিখে দেন। আমি আমার অংশের নাম খারিজ করিয়েছি। কিন্তু আমার ভাইয়েরা আমাকে না জানিয়ে বণ্টননামা দলিল করে এবং আমার প্রাপ্য অংশ থেকে বঞ্চিত করে। আমি এখন কী করতে পারি?","যদি আপনার মনে হয় আপনার মৌলিক অধিকার স্পষ্টভাবে লঙ্ঘন করা হচ্ছে, তাহলে হাইকোর্টে রিট করতে পারেন। জমির ভাগ কীভাবে পাব। বাবা দানপত্র করে আমাদের তিন ভাইকে সম্পত্তি লিখে দিয়েছিলেন। আমি আমার ভাগের খারিজ করিয়ে নিয়েছি। কিন্তু আমার ভাইয়েরা আমাকে না জানিয়ে বণ্টননামা দলিল করেছে, আর আমার পাওনা ভাগ থেকে আমাকে বঞ্চিত করেছে। এখন আমি কী করতে পারি?","no","Broken: a lawyer's closing sentence and a headline are glued before the question. The question is the same as prot_0135_03 in this sheet"
"prot_0127_01","Sorup","37","আর আমার পরিবারে মা-বাবা কেউ বেঁচে নেই। এক বোন আছে, কিন্তু কারও কোনো কথাই আমার স্বামী শুনছেন না। আমি এ তালাক মানি না। আমি আমার স্বামীর সংসারে সন্তানদের কাছে ফিরে যেতে চাই। সে ক্ষেত্রে আমার কী করণীয়?","আর আমার মা-বাবা কেউই বেঁচে নেই। একটা বোন আছে, কিন্তু কারও কথাই আমার স্বামী শুনছে না। আমি এই তালাক মানি না। আমি স্বামীর সংসারে বাচ্চাদের কাছে ফিরে যেতে চাই। এক্ষেত্রে আমার কী করা উচিত?","no","Text starts mid-story (beginning cut off)"
"prot_0135_03","Sorup","36","বাবা আমাদের তিন ভাইকে দানপত্রের মাধ্যমে সম্পত্তি লিখে দেন। আমি আমার অংশের নাম খারিজ করিয়েছি। কিন্তু আমার ভাইয়েরা আমাকে না জানিয়ে বণ্টননামা দলিল করে এবং আমার প্রাপ্য অংশ থেকে বঞ্চিত করে। আমি এখন কী করতে পারি?","বাবা দানপত্রের মাধ্যমে আমাদের তিন ভাইকে সম্পত্তি লিখে দেন। আমি নিজের ভাগের খারিজ করিয়ে নিয়েছি। কিন্তু ভাইয়েরা আমাকে না জানিয়েই বণ্টননামা দলিল করে ফেলেছে, আমার পাওনা অংশ থেকে আমাকে বঞ্চিত করেছে। এখন আমি কী করতে পারি?","no","Same question as the tail of prot_0121_03 in this sheet"
"prot_0138_01","Sorup","28","শ্রমিকদের অনেক সময় কোনো পাওনাদি পরিশোধ না করে যখন-তখন কারখানা থেকে বের করে দেওয়া হয়। চাকরি সমাপ্তির পদ্ধতি এবং তাঁরা মালিকের কাছ থেকে কখন কী সুবিধা পেতে পারেন?","অনেক সময় শ্রমিকদের কোনো পাওনা না মিটিয়েই যখন-তখন কারখানা থেকে বের করে দেওয়া হয়। চাকরি শেষ করার নিয়মটা কী, আর শ্রমিকেরা মালিকের কাছ থেকে কখন কী সুবিধা পেতে পারেন?","no",""
