"qid","annotator","block","question_bn","candidates","answer","answer_source","verdict","confidence"
"prot_0096_03","Sorup","","আমার নানা মারা যাওয়ার আগে আমার মা মারা যান, আমি কি আমার নানার সম্পতি পাব? ফয়সাল আহমেদ","1. <other_1156_s25> [মেট্রোরেল আইন, ২০১৫, ধারা ২৫] ক্ষতিপূরণ প্রদান — মেট্রোরেল পরিচালনাকালে উহা হইতে উদ্ভূত দুর্ঘটনার ফলে যদি কোন ব্যক্তি আঘাতপ্রাপ্ত বা ক্ষতিগ্রস্ত হন বা আঘাতপ্রা
2. <other_1201_s27> [বাস র‍্যাপিড ট্রানজিট (বিআরটি) আইন, ২০১৬, ধারা ২৭] ক্ষতিপূরণ প্রদান — বিআরটি পরিচালনাকালে উহা হইতে উদ্ভূত দুর্ঘটনার ফলে যদি কোনো ব্যক্তি আঘাতপ্রাপ্ত বা ক্ষতিগ্রস্ত হন বা আঘাতপ্রাপ্
3. <consumer_1010_s92> [ট্রেডমার্ক আইন, ২০০৯, ধারা ৯২] মামলার কোন পক্ষের মৃত্যু — যদি এই আইনের অধীন কোন কার্যধারা বিচারাধীন থাকা অবস্থায় কোন পক্ষ মারা যান, তাহা হইলে নিবন্ধক সংশ্লিষ্ট কোন পক্
4. <land_1455_s10> [ভূমি সংস্কার আইন, ২০২৩, ধারা ১০] বর্গাদারের মৃত্যুর পর বর্গাভূমির চাষ — (১) কোনো বর্গাদার বর্গাচুক্তির মেয়াদ শেষ হইবার পূর্বে মারা গেলে, উহার মেয়াদ শেষ না হওয়া পর্যন্ত অথবা এই আইন
5. <labour_952_s157> [বাংলাদেশ শ্রম আইন, ২০০৬, ধারা ১৫৭] নোটিশ ও দাবী — (১) কোন শ্রম আদালত ৰতিপূরণের কোন দাবী বিবেচনায় আনিবে না যদি না দুর্ঘটনা ঘটিবার পর যতশীঘ্র সম্ভব এতদ্নিম্নে বর
6. <labour_1285_s33> [বাংলাদেশ ইপিজেড শ্রম আইন, ২০১৯, ধারা ৩৩] মহিলা শ্রমিকের মৃত্যুর ক্ষেত্রে প্রসূতি কল্যাণ সুবিধা প্রদান — (১) এই অধ্যায়ের অধীন প্রসূতি কল্যাণ সুবিধা পাইবার অধিকারী কোনো মহিলা শ্রমিক সন্তান প্রসবকালে অথবা উহার পরবর্ত
7. <other_1725_s21_p29> [অর্থ আইন, ২০২৬, ধারা ২১] ২০১২ সনের ৪৭ নং আইনের দ্বিতীয় তফসিলের সংশোধন — ডলার পর্যন্ত ৪৫ (ঘ) মূল্যসীমা ১০০০০০ মা. ডলার এর ঊর্ধ্ব হইতে ২০০০০০ মা. ডলার পর্যন্ত ৬০ (ঙ) মূল্যসীমা ২০০০০০ ম
8. <labour_952_s49> [বাংলাদেশ শ্রম আইন, ২০০৬, ধারা ৪৯] 1 [***] মৃত্যুর ক্ষেত্রে প্রসূতি কল্যাণ সুবিধা প্রদান — (১) এই অধ্যায়ের অধীন প্রসূতি কল্যাণ সুবিধা পাওয়ার অধিকারী কোন মহিলা সন্ত্মান প্রসবকালে অথবা উহার পরবর্তী আট 
9. <other_1037_s144> [বীমা আইন, ২০১০, ধারা ১৪৪] দলিলাদি স্বাক্ষর৷ — এই আইন বা ইহার অধীন প্রণীত বিধি অনুয়ায়ী কর্তৃপক্ষের চেয়ারম্যান বা তাহার অধীনস্থ কোন ব্যক্তি বা ধারা ১২৫ এর 
10. <labour_952_s160_p1> [বাংলাদেশ শ্রম আইন, ২০০৬, ধারা ১৬০] চিকিৎসা পরীক্ষা — অস্বীকৃতির ৰেত্রে, নিজেকে উক্তরূপ হাজির করার ব্যাপারে তিনি পর্যাপ্ত কারণ দ্বারা বাধাপ্রাপ্ত হইয়া থাকেন।(৬) যদ","family_305_s4","own_search","answered","3"
"prot_0046_04","Sorup","","ছয় মাস আগে একটি ছেলের সঙ্গে মাত্র ১১ দিনের পরিচয়ে গোপনে বিয়ে হয়। আবেগের বশবর্তী হয়েই এ কাজটি করি। আমাদের বিয়ের ব্যাপারটা জানাজানি হলে আমার মা-বাবা আমাকে শ্বশুরবাড়ি পাঠিয়ে দেন। কিন্তু শ্বশুরবাড়ির লোকজন আমাকে নানাভাবে মানসিক অত্যাচার করে। মাস দুয়েক যেতে না-যেতেই আমি জানতে পারি, আমার স্বামীর বিয়ের আগে অনেক মেয়ের সঙ্গে শারীরিক সম্পর্ক ছিল। সে যে আমার শরীরটাকে ভালোবেসে আমাকে বিয়ে করেছিল, এ কথা সে নিজের মুখে স্বীকার করেছে। রাগ করে আমি তাকে মৌখিকভাবে তালাক দিয়ে বাবার বাসায় চলে আসি। তাকে আইনগতভাবে তালাক দিলে কি আমি দেনমোহরের টাকা পাব? তালাক দেওয়ার কথা সে ফোনে রেকর্ড করে রেখেছে। তার ধারণা, আমি তালাক দিলে তাকে আর দেনমোহরের টাকা পরিশোধ করতে হবে না। নাম প্রকাশে অনিচ্ছুক","1. <criminal_procedure_1013_s98> [বরিশাল মহানগরী পুলিশ আইন, ২০০৯, ধারা ৯৮] রাস্তায় গবাদি পশু ছাড়িয়া দেওয়ার অথবা কাহারও সম্পত্তিতে অনধিকার প্রবেশ করিতে দেওয়ার দণ্ড — কোন ব্যক্তি নিজের অথবা স্বীয় দায়িত্বহীন গবাদি পশু রাস্তায় চরাইলে বা চরাইতে দিলে অথবা কাহারও সম্পত্তিতে অনধি
2. <criminal_procedure_765_s98> [রাজশাহী মহানগরী পুলিশ আইন, ১৯৯২, ধারা ৯৮] রাস্তায় গবাদি পশু ছাড়িয়া দেওয়ার অথবা কাহারও সম্পত্তিতে অনধিকার প্রবেশ করিতে দেওয়ার দণ্ড — কোন ব্যক্তি নিজের অথবা স্বীয় দায়িত্বাধীন গবাদি পশু রাস্তায় চরাইলে বা চরাইতে দিলে অথবা কাহারো সম্পত্তিতে অনধ
3. <criminal_procedure_1238_s96> [গাজীপুর মহানগরী পুলিশ আইন, ২০১৮, ধারা ৯৬] রাস্তায় গবাদি পশু ছাড়িয়া দেওয়ার অথবা কাহারও সম্পত্তিতে অনধিকার প্রবেশ করিতে দেওয়ার দণ্ড — কোনো ব্যক্তি নিজের অথবা স্বীয় দায়িত্বাধীন গবাদি পশু রাস্তায় চরাইলে বা চরাইতে দিলে অথবা কাহারও সম্পত্তিতে অন
4. <criminal_procedure_1239_s96> [রংপুর মহানগরী পুলিশ আইন, ২০১৮, ধারা ৯৬] রাস্তায় গবাদি পশু ছাড়িয়া দেওয়ার অথবা কাহারও সম্পত্তিতে অনধিকার প্রবেশ করিতে দেওয়ার দণ্ড — কোনো ব্যক্তি নিজের অথবা স্বীয় দায়িত্বাধীন গবাদি পশু রাস্তায় চরাইলে বা চরাইতে দিলে অথবা কাহারও সম্পত্তিতে অন
5. <other_813_s11> [বাংলাদেশ কমার্স এন্ড ইনভেষ্টমেন্ট লিমিটেড (প, ধারা ১১] দায় — (১) বিসিআই এর হিসাব বহিতে হিসাবায়িত সকল দায় এর শুধুমাত্র আসল (সুদ ব্যতীত) এই আইনের বিধানাবলী সাপেক্ষে এবং তদ
6. <criminal_procedure_1012_s98> [সিলেট মহানগরী পুলিশ আইন, ২০০৯, ধারা ৯৮] রাস্তায় গবাদি পশু ছাড়িয়া দেওয়ার অথবা কাহারও সম্পত্তিতে অনধিকার প্রবেশ করিতে দেওয়ার দন্ড — কোন ব্যক্তি নিজের অথবা স্বীয়দায়িত্বহীন গবাদি পশু রাস্তায় চরাইলে বা চরাইতে দিলে অথবা কাহারও সম্পত্তিতে অনধিক
7. <labour_952_s306> [বাংলাদেশ শ্রম আইন, ২০০৬, ধারা ৩০৬] বাধা প্রদানের দণ্ড — (১) কোন ব্যক্তি এই আইন বা বিধি, প্রবিধান বা স্কীমের অধীন দায়িত্ব পালনরত কোন কর্মকর্তাকে উহার অধীন তাহার দায়ি
8. <land_856_s32> [অর্পিত সম্পত্তি প্রত্যর্পণ আইন, ২০০১, ধারা ৩২] অপরাধ ও দণ্ড — কোন ব্যক্তি-(ক)121[ট্রাইব্যুনাল বা আপীল ট্রাইব্যুনালের] সম্মুখে ইচ্ছাকৃতভাবে মিথ্যা আবেদন বা আপীল করিলে, বা লি
9. <labour_1285_s151> [বাংলাদেশ ইপিজেড শ্রম আইন, ২০১৯, ধারা ১৫১] অন্যায় আচরণের জন্য দণ্ড — (১) কোনো ব্যক্তি ধারা ১১৫ এর উপ-ধারা (১) এ বর্ণিত কোনো কাজ করিলে, তিনি ৫০ (পঞ্চাশ) হাজার টাকা পর্যন্ত অর্থদণ্ড
10. <other_1403_s42> [মোংলা বন্দর কর্তৃপক্ষ আইন, ২০২২, ধারা ৪২] টোল, রেইট, ইত্যাদি ফাঁকির জন্য দণ্ড — যদি কোনো ব্যক্তি আইনগতভাবে প্রাপ্য বন্দরের কোনো ভাড়া, ফি, টোল, রেইট, মাশুল বা ক্ষতিপূরণ ফাঁকি দেওয়ার উদ্দেশ্","family_180_s5, family_305_s8","own_search","answered","1"
"prot_0044_03","Sorup","","আমরা ছয় ভাই, আমি বড়। আমি ২০০৯ সালে আমার পছন্দের মেয়েকে আমার বাবার বিনা অনুমতিতে বিয়ে করি। চার বছর ধরে আমার সঙ্গে আমার বাবার যোগাযোগ নেই। আমি যোগাযোগ করার অনেকবার চেষ্টা করেছি, তিনি আমাদের মেনে নেননি। বর্তমানে আমার বাবা একটা মেয়েকে দত্তক নিতে চান। মাকে জোর করে রাজি করাতে চান। তিনি আমাদের ও মায়ের বিনা অনুমতিতে ওই মেয়েকে দত্তক নিতে পারবেন কি না? আমার মা রাজি না হলে তালাক দেওয়ার হুমকি দিচ্ছেন। এ নিয়ে বাবার বিরুদ্ধে আইনগত ব্যবস্থা নিতে পারব কি না। আমাদের অগোচরে বাবা সেই মেয়েকে বিভিন্ন জিনিস ও পড়ালেখার খরচ দেন। এখন আমাকে ও আমার স্ত্রীকে যেহেতু তিনি মেনে নেবেন না, সেহেতু তিনি আমাকে ত্যাজ্যপুত্র করলে বা আমি ত্যাজপুত্র হতে চাইলে আমি আমার বাবার অর্থ ও সম্পত্তির ভাগ পাব কি না? নাম প্রকাশে অনিচ্ছুকসাতক্ষীরা","1. <other_1246_s167> [ক্যান্টনমেন্ট আইন, ২০১৮, ধারা ১৬৭] বিনা অনুমতিতে প্রধান স্থাপনার সহিত সংযোগ না করা — কোনো ব্যক্তি, যে কোনো উদ্দেশ্যেই হউক না কেন, বোর্ডের বিনা অনুমতিতে, কোনো সময়ে, বোর্ড কর্তৃক নির্মিত এবং রক্ষণ
2. <labour_952_s109> [বাংলাদেশ শ্রম আইন, ২০০৬, ধারা ১০৯] নারী শ্রমিকের জন্য সীমিত কর্মঘণ্টা — কোন মহিলা শ্রমিককে তাহার বিনা অনুমতিতে কোন প্রতিষ্ঠানে রাত দশ ঘটিকা হইতে ভোর ছয় ঘটিকা পর্যনত্দ সময়ের মধ্যে ক
3. <labour_1285_s46> [বাংলাদেশ ইপিজেড শ্রম আইন, ২০১৯, ধারা ৪৬] মহিলা শ্রমিকের জন্য সীমিত কর্মঘণ্টা — কোনো মহিলা শ্রমিককে তাহার এবং সংশ্লিষ্ট জোনের অতিরিক্তমহাপরিদর্শকের বিনা অনুমতিতে কোনো প্রতিষ্ঠানে রাত ৮ (আট) 
4. <labour_952_s196> [বাংলাদেশ শ্রম আইন, ২০০৬, ধারা ১৯৬] শ্রমিকের পক্ষে অসৎ শ্রম আচরণ — (১) মালিকের বিনা অনুমতিতে কোন শ্রমিক তাহার কর্মসময়ে কোন ট্রেড ইউনিয়নের কর্মকান্ডে নিয়োজিত থাকিবেন নাঃতবে শর
5. <tenancy_748_s32> [বাড়ী ভাড়া নিয়ন্ত্রণ আইন, ১৯৯১, ধারা ৩২] বাড়ী-মালিকের বিনা অনুমতিতে বাড়ীতে বিদ্যুত্ সরবরাহ পাওয়ার অধিকারী — আপাততঃ বলবত্ অন্য কোন আইনে যাহা কিছুই থাকুক না কেন কোন ভাড়াটিয়া তাহার ভাড়া বাড়ীতে ভাড়া-মালিকের বিনা অনুমত
6. <other_1476_s54> [কাস্টমস আইন, ২০২৩, ধারা ৫৪] নৌযান ব্যতীত অন্য কোনো যানবাহন বিনা অনুমতিতে প্রস্থান না করা — যথাযথ কর্মকর্তা কর্তৃক লিখিত অনুমতি প্রদান না করা পর্যন্ত নৌযান ব্যতীত অন্য কোনো যানবাহন কাস্টমস স্টেশন অথবা ক
7. <other_863_s7> [বাংলাদেশ শিল্পী কল্যাণ ট্রাস্ট আইন, ২০০১, ধারা ৭] ট্রাস্টের কার্যাবলী — ট্রাস্টের কার্যাবলী হইবে নিম্নরূপ, যথা:-(ক) সাধারণভাবে অসচ্ছল শিল্পীদের কল্যাণ সাধন;(খ) শিল্পীদের কল্যাণার্থে 
8. <labour_1285_s47> [বাংলাদেশ ইপিজেড শ্রম আইন, ২০১৯, ধারা ৪৭] দ্বৈত চাকরির উপর বাধা — অতিরিক্তমহাপরিদর্শকের বিনা অনুমতিতে এবং তৎকর্তৃক আরোপিত শর্তের ব্যত্যয়ে, কোনো শ্রমিককে একই দিনে একাধিক প্রতিষ
9. <labour_952_s110> [বাংলাদেশ শ্রম আইন, ২০০৬, ধারা ১১০] দ্বৈত চাকুরীর উপর বাধা — প্রধান পরিদর্শকের বিনা অনুমতিতে এবং তৎকর্তৃক আরোপিত শর্ত ব্যতীত, কোন প্রাপ্ত বয়স্ক শ্রমিককে একই দিনে একাধিক প
10. <criminal_procedure_765_s65> [রাজশাহী মহানগরী পুলিশ আইন, ১৯৯২, ধারা ৬৫] বিনা অনুমতিতে প্রবেশের দণ্ড — কোন ব্যক্তি ধারা ৪০, ৪১ বা ৪২ এর অধীন প্রদত্ত আদেশ অমান্য করিয়া মহানগরী এলাকায় বিনা অনুমতিতে প্রবেশ বা প্রত্","other_173_s2","own_search","answered","1"
"prot_0014_02","Sorup","","আমি বিয়ে করি ২০০৮ সালের ১৬ ডিসেম্বর। বিয়ের এক মাস পার হওয়ার পর তার সঙ্গে আমার সমস্যার সৃষ্টি হয়। আমি তাকে ২০১০ সালের আগস্টে তালাক দিই। সে তালাকের চিঠি পাওয়ার পরে, আমার নামে একটি যৌতুকের মামলা করে। আদালত এই মামলায় গত মার্চ মাসে আমার পক্ষে রায় দেন। কিন্তু এখন পর্যন্ত সে আমার নামে কোনো পারিবারিক মামলা করেনি। আমার কাছে তার পক্ষ থেকে কোনো কাবিনের টাকা চাওয়া হয়নি। যৌতুকের মামলার রায়ের কত দিন, মাস বা বছর পর্যন্ত সময় থাকে? এই পারিবারিক মামলা করতে আমাকে সঠিক পরামর্শ দিলে আমি আপনার কাছে উপকৃত থাকবে","1. <labour_952_s216_p1> [বাংলাদেশ শ্রম আইন, ২০০৬, ধারা ২১৬] অপরাধ বিচার ছাড়া অন্য কোন বিষয়ে শ্রম আদালতের ক্ষমতা ওকার্যক্রম — বা আপত্তি পেশ করিতে ব্যর্থ হয়, তাহা হইলে মামলাটি একতরফা শুনানীক্রমে নিষ্পত্তি করা হইবে।(৬) কোন পক্ষের আবেদনক্
2. <other_1246_s204> [ক্যান্টনমেন্ট আইন, ২০১৮, ধারা ২০৪] মামলার নোটিশ প্রদান — (১) কোনো ব্যক্তি বোর্ডের কোনো আদেশ দ্বারা সংক্ষুব্ধ হইয়া কোনো দেওয়ানি মামলা দায়ের করিতে চাহিলে, তিনি তামাদি
3. <money_recovery_901_s28> [অর্থ ঋণ আদালত আইন, ২০০৩, ধারা ২৮] জারীর জন্য মামলা দাখিলের সময়সীমা — (১) TheLimitation Act, 1908এবং TheCode of Civil Procedure, 1908এ ভিন্নতর যে বিধানই থাকুক না কেন, ডিক্রীদার, আদ
4. <family_1444_s26> [পারিবারিক আদালত আইন, ২০২৩, ধারা ২৬] মুসলিম পারিবারিক আইনের বিধানকে প্রভাবিত না করা — (১) এই আইনের কোনো কিছুই মুসলিম পরিবারিক আইন অথবা তদধীন প্রণীত বিধিমালার কোনো বিধানকে প্রভাবিত করিবে না।(২) যেক
5. <money_recovery_901_s14> [অর্থ ঋণ আদালত আইন, ২০০৩, ধারা ১৪] মামলার শুনানী মুলতবী — (১) ধারা ১৭ এর মামলা নিষ্পত্তির সময়সীমা সম্পর্কিত বিধান সাপেক্ষে অর্থ ঋণ আদালতের কোন মামলার চূড়ান্ত শুনানীর 
6. <other_1203_s44> [বাংলাদেশ জীববৈচিত্র্য আইন, ২০১৭, ধারা ৪৪] মিথ্যা বা হয়রানিমূলক মামলা দায়েরের দণ্ড — এই আইনের অধীন দায়েরকৃত কোন মামলায় আদালত শুনানী ও বিচারান্তে যদি কোন অভিযুক্ত ব্যক্তিকে খালাস প্রদান করে এবং 
7. <other_1246_s203> [ক্যান্টনমেন্ট আইন, ২০১৮, ধারা ২০৩] অভিযুক্তকরণের সীমাবদ্ধতা — (১) এই আইন বা উহার অধীন কোনো অপরাধ সংঘটিত হইবার ৬ (ছয়) মাস অতিক্রান্ত হইবার পর তৎসম্পর্কে কোনো অভিযোগ বা মামল
8. <constitutional_957_s150> [গণপ্রজাতন্ত্রী বাংলাদেশের সংবিধান, অনুচ্ছেদ ১৫০] (১) এই সংবিধানের অন্য কোন বিধান সত্ত্বেও ১৯৭২ সালের ১৬ই ডিসেম্বর তারিখে এই সংবিধান প্রবর্তনকালে সংবিধানের চতুর
9. <consumer_1010_s102> [ট্রেডমার্ক আইন, ২০০৯, ধারা ১০২] ট্রেডমার্কের বৈধতা অথবা নিবন্ধন প্রশ্নাধীন হইলে কার্যধারা স্থগিত রাখা — (১) যেক্ষেত্রে ট্রেডমার্ক লঙ্ঘনজনিত মামলায় বিবাদী যুক্তি দেখান যে, বাদীর ট্রেডমার্ক অবৈধ বা বাদী বিবাদীর ট্রে
10. <other_788_s395> [কোম্পানী আইন, ১৯৯৪, ধারা ৩৯৫] সীমিতদায় কোম্পানীকে মামলার খরচের জন্য জামানত দেওয়ার নির্দেশদানের ক্তমতা — যেক্ষেত্রে কোন মামলা বা অন্য কোন আইনগত কার্যধারায় কোন সীমিতদায় কোম্পানী বাদী বা আবেদনকারী হয়, সেক্ষেত্রে যদ","none","none","not_found","1"
"prot_0049_05","Sorup","","আমি একজন চাকরিজীবী। কাজের সূত্রে উচ্চপদস্থ কর্মকর্তার বাসায় রোজ বাজারখরচ পৌঁছে দিতে হয়। তাঁর স্ত্রী আমাকে জোরপূর্বক শারীরিক সম্পর্ক করাতে চান। আমি একপর্যায়ে সম্মতি দিই। এক বছর যাবৎ এ সম্পর্ক চলছে। আমি আপত্তি করলে তিনি আমাকে মেরে ফেলার হুমকি দেন। তিনি আমাকে বিয়ে করতে বলেন। আইনি ঝামেলা তিনি মেটাবেন বলে প্রতিশ্রুতি দেন। কিন্তু আমি তাঁর তুলনায় অতি নগণ্য। চাকরিটা আমার খুব প্রয়োজন। এ ব্যাপারে আমি কী করব?নাম ও ঠিকানা প্রকাশে অনিচ্ছুক","1. <cybercrime_1710_s2_p11> [সাইবার সুরক্ষা আইন, ২০২৬, ধারা ২] সংজ্ঞা — দ্বারা কোন ব্যক্তির অন্তরঙ্গ অথবা ব্যক্তিগত ছবি, ভিডিও সংরক্ষণ বা সংরক্ষনের দাবি করিবার মাধ্যমে তাহা প্রকাশ কর
2. <labour_1285_s17> [বাংলাদেশ ইপিজেড শ্রম আইন, ২০১৯, ধারা ১৭] কতিপয় ক্ষেত্রে লে-অফকৃত শ্রমিকগণ ক্ষতিপূরণ পাইবার অধিকারী হইবেন না — (১) এই অধ্যায়ের অন্যত্র যাহা কিছুই থাকুক না কেন, কোনো লে-অফকৃত শ্রমিককে ক্ষতিপূরণ প্রদেয় হইবে না, যদি-(ক) তি
3. <labour_952_s18> [বাংলাদেশ শ্রম আইন, ২০০৬, ধারা ১৮] কতিপয় ক্ষেত্রে লে-অফকৃত শ্রমিকগণ ক্ষতিপূরণ পাইবার অধিকারী হইবেন না — (১) এই অধ্যায়ের অন্যত্র যাহা কিছুই থাকুক না কেন, কোন লে-অফকৃত শ্রমিককে ক্ষতিপূরণ প্রদেয় হইবে না, যদি-(ক) তিন
4. <criminal_procedure_1012_s19> [সিলেট মহানগরী পুলিশ আইন, ২০০৯, ধারা ১৯] নির্দেশ কার্যকরকরণে পুলিশ কর্মকর্তার ক্ষমতা — ধারা ১৮ এ উল্লিখিত নির্দেশ পালনে বাধা প্রদান, অস্বীকার করা বা অপারগতার জন্য পুলিশ কর্মকর্তা সংশ্লিষ্ট ব্যক্তিক
5. <local_government_827_s66> [উপজেলা পরিষদ আইন, ১৯৯৮, ধারা ৬৬] পরিষদের পক্ষে ও বিপক্ষে মামলা — (১) পরিষদের বিরুদ্ধে বা পরিষদ সংক্রান্ত কোন কাজের সূত্রে উহার কোন সদস্য বা কর্মকর্তা বা কর্মচারীর বিরুদ্ধে মাম
6. <other_812_s91> [দেউলিয়া বিষয়ক আইন, ১৯৯৭, ধারা ৯১] পাওনাদার ইত্যাদির অপরাধ — (১) এই ধারার অধীন কোন কার্যধারায়, কোন পাওনাদার যদি এমন কোন দাবী উত্থাপন, ঘোষণা বা হিসাব প্রদান করেন যাহার গুর
7. <other_1045_s20_p1> [চার্টার্ড সেক্রেটারীজ আইন, ২০১০, ধারা ২০] পেশাগত অসদাচরণ — চাকুরী বা দায়িত্ব পালনের সুবাদে জানা এমন কোন গোপন তথ্য, প্রচলিত কোন আইন অনুযায়ী বা নিয়োগকারী কর্তৃক অনুমতিপ
8. <other_751_s18> [ব্যাংক-কোম্পানী আইন, ১৯৯১, ধারা ১৮] 1 [ব্যাংক-কোম্পানীর পরিচালক, কর্মকর্তা ও কর্মচারীদের সহিত লেনদেন সম্পর্কিত বিধান।] — (১) অন্য কোন আইন বা সংঘ স্মারকে যাহা কিছুই থাকুক না কেন, ব্যাংক-কোম্পানীর কোন পরিচালক ব্যাংকের পরিচালনা পর্ষদে
9. <criminal_procedure_1012_s25> [সিলেট মহানগরী পুলিশ আইন, ২০০৯, ধারা ২৫] অসুস্থ ও অক্ষম জীবজন্তু নিধন — কোন পুলিশ কর্মকর্তা যদি কোন রাস্তা বা প্রকাশ্য স্থানে কোন অসুস্থ জখমপ্রাপ্ত বা দৈহিকভাবে অক্ষম জীবজন্তু দেখিতে
10. <criminal_procedure_1013_s25> [বরিশাল মহানগরী পুলিশ আইন, ২০০৯, ধারা ২৫] অসুস্থ ও অক্ষম জীবজন্তু নিধন — কোন পুলিশ কর্মকর্তা যদি কোন রাস্তা বা প্রকাশ্য স্থানে কোন অসুস্থ জখমপ্রাপ্ত বা দৈহিকভাবে অক্ষম জীবজন্তু দেখিতে","criminal_procedure_11_s506","own_search","answered","1"
"lawy_0380_01","Sorup","","জমির দলিলে ভুল হলে সেই দলিল সংশোধনের উপায় কী?","1. <consumer_1010_s19> [ট্রেডমার্ক আইন, ২০০৯, ধারা ১৯] ভুল সংশোধন — নিবন্ধক যেরূপ উপযুক্ত মনে করেন সেইরূপ শর্তে, ধারা ১৫ এর অধীন নিবন্ধনের আবেদন গ্রহণের পূর্বে বা পরে আবেদনের কোন
2. <family_1444_s9> [পারিবারিক আদালত আইন, ২০২৩, ধারা ৯] আরজি ও লিখিত জবাব সংশোধন — এই আইনে যাহা কিছুই থাকুক না কেন, মোকদ্দমার যেকোনো পর্যায়ে আদালত, কোনো পক্ষের আবেদনের পরিপ্রেক্ষিতে, করণিক ভুল
3. <consumer_1010_s17> [ট্রেডমার্ক আইন, ২০০৯, ধারা ১৭] আবেদন গ্রহণের বিজ্ঞপ্তি (Advertisement) জারী — (১) কোন আবেদন, শর্তবিহীনভাবে অথবা শর্তযুক্ত বা সীমাবদ্ধতা সাপেক্ষে, গৃহীত হইলে নিবন্ধক আবেদন গ্রহণের পর অবিলম্
4. <other_1476_s222> [কাস্টমস আইন, ২০২৩, ধারা ২২২] বোর্ড কর্তৃক ভুল, ইত্যাদি সংশোধনের ক্ষমতা — বোর্ড এই আইন অথবা তদধীন প্রণীত বিধির কোনো বিধান অনুযায়ী প্রদত্ত কোনো আদেশের নথিপত্র হইতে দৃশ্যত প্রতীয়মান কো
5. <other_788_s161> [কোম্পানী আইন, ১৯৯৪, ধারা ১৬১] ধারকগণকে যুগপত্ (pari pasu) অধিকার দানকারী ডিবেঞ্চার-সিরিজের তথ্যাদি — (১) যেক্ষেত্রে কোন কোম্পানী এমন চার্জ সৃষ্টি করে যে, কোম্পানী কর্তৃক ইস্যুকতৃ ডিবেঞ্চারের সিরিজে উক্ত চার্জ সর
6. <other_1439_s29> [বাংলাদেশ শিল্প-নকশা আইন, ২০২৩, ধারা ২৯] মহাপরিচালক কর্তৃক ত্রুটি সংশোধন — (১) মহাপরিচালক, তাহার নিকট দাখিলকৃত কোনো দলিল বা আবেদনে অথবা এই আইন বা বিধির অধীন তৎকর্তৃক প্রস্তুতকৃত কোনো রে
7. <other_1429_s125> [আয়কর আইন, ২০২৩, ধারা ১২৫] সম্পত্তি হস্তান্তর, ইত্যাদি হইতে কর সংগ্রহ — 140[(১)Registration Act, 1908(Act No. XVI of 1908) এর section 17 এর sub-section (1) এর clauses (b), (c) বা (e)
8. <consumer_1452_s55> [কপিরাইট আইন, ২০২৩, ধারা ৫৫] কপিরাইট রেজিস্টারে অন্তর্ভুক্তি এবং ইনডেক্স, ইত্যাদি সংশোধন — (১) কপিরাইট রেজিস্টারে কোনো ভুল বা অসম্পূর্ণ তথ্য সন্নিবেশিত হইলে, রেজিস্ট্রার স্ব উদ্যোগে বা স্বার্থ সংশ্লিষ্
9. <other_1429_s336> [আয়কর আইন, ২০২৩, ধারা ৩৩৬] কতিপয় ক্রুটির জন্য কর নির্ধারণ, ইত্যাদি ত্রুটিপূর্ণ হিসাবে বিবেচিত না করা — এই আইনের অধীন প্রণীত, জারীকৃত বা নিষ্পন্নকৃত অথবা প্রণীত, জারীকৃত বা নিষ্পন্নকৃত মর্মে গণ্য হয় এইরূপ কোনো কর 
10. <other_788_s39> [কোম্পানী আইন, ১৯৯৪, ধারা ৩৯] হস্তান্তর প্রত্যয়ন — (১) কোম্পানীর শেয়ার বা ডিবেঞ্চার হস্তান্তর-দলিল কোম্পানী কর্তৃক প্রত্যয়নকৃত হইলে, তৎসম্পর্কে যে কোন ব্যক্তির","other_36_s31","own_search","answered","3"
"prot_0004_01","Sorup","","আমি হিন্দু ধর্মালম্বী। আমার মামা দুজন। বড় মামা ১৯৯৪ থেকে মালয়েশিয়ায় থাকেন। ছোট মামা ১৯৯৫ থেকে সপরিবারে ভারতে বসবাস করেন। আমার ছোট মামা ১৯৯৪ সালে আমার মায়ের কাছে ২৪ শতাংশ জমি সাব-রেজিস্ট্রি মূলে বিক্রয় করে নিঃস্বত্ববান হন। পরে তিনি ১৯৯৭ সালে বেড়াতে এসে গোপনে এক মুসলিম লোকের কাছে ওই ২৪ শতাংশ ভূমি বিক্রয় করেন। এখন সেই ক্রেতা আমাদের জায়গা দখল করতে এলে আমরা এলাকার গণ্যমান্য ব্যক্তিদের নিয়ে সালিসে বসি। সালিস বৈঠকের সিদ্ধান্ত অনুযায়ী আদালতে বণ্টনের মোকদ্দমা করি। বণ্টনের মোকদ্দমায় সিদ্ধান্ত হয়, আমার ছোট মামা বাস্তবে সাড়ে ১৪ শতাংশ ভূমির মালিক। আমার প্রশ্ন হলো— ১. আমার মা কি সাড়ে ১৪ শতাংশের মালিকানা পাবেন এবং ওই ক্রেতা কি কোনো জায়গা পাবেন না? এদিকে আমার দিদিমা (মায়ের মা) ১৪ শতাংশ ভূমির মালিক ছিলেন। তিনি ২০০৮ সালে মারা যান। যার ফলে আমরা জানি যে, তাঁর সম্পত্তিতে আমার দুই মামা অংশীদার হবেন। ২. আমার ছোট মামা (যেহেতু তিনি আমাদের কাছে ২৪ শতাংশ জমি রেজিস্ট্রি করে বিক্রি করেছেন) তাঁর মায়ের সম্পত্তির থেকে যে ৭ শতাংশ জমির মালিক হবেন, সেই জমির মালিকানা কি আমরা পাব? ৩. আমার মামারা যেহেতু দেশ আসেন না (তাঁদের সাথে ফোনে কথা হয়েছে, তাঁরা আসবেন না) তাই তাঁদের সম্পত্তিতে মালিক হবেন কারা? নাম প্রকাশে অনিচ্ছুক","1. <other_1696_s33> [রাজধানী উন্নয়ন কর্তৃপক্ষ আইন, ২০২৬, ধারা ৩৩] ভূমি পুনর্বিন্যাস — (১) এই আইনের উদ্দেশ্য পূরণকল্পে, কর্তৃপক্ষের আওতাধীন এলাকায় অন্যূন ৬০% (ষাট শতাংশ) জমির মালিক একমত হইলে ভূমি 
2. <other_721_s7> [বাংলাদেশ ঋণ সালিসি আইন, ১৯৮৯, ধারা ৭] কতিপয় বিক্রয় বাতিল — (১) এই আইন বলবত্ হইবার পর অনধিক দুই একর কৃষি জমির মালিক কোন কৃষক প্রাকৃতিক দুর্যোগে তগতিগ্রস্ত হওয়ার বা জীবন 
3. <other_1429_s133> [আয়কর আইন, ২০২৩, ধারা ১৩৩] প্রকাশ্য নিলামের বিক্রি হইতে কর সংগ্র — (১) কোনো ব্যক্তি কোনো নির্দিষ্ট মালিকের কোনো পণ্য বা সম্পত্তি সীলমোহরযুক্ত দরপত্রের মাধ্যমে প্রকাশ্য নিলামে বি
4. <other_721_s6_p1> [বাংলাদেশ ঋণ সালিসি আইন, ১৯৮৯, ধারা ৬] কতিপয় জমির বিক্রয় খায়খালাসী বন্ধক ঘোষণা — যদি উপ-ধারা (২) এর অধীন নির্ধারিত সময়ের মধ্যে ক্রেতা জমি প্রত্যর্পণ না করেন বা করিতে ব্যর্থ হন, তাহা হইলে ধার
5. <other_721_s8> [বাংলাদেশ ঋণ সালিসি আইন, ১৯৮৯, ধারা ৮] জমি প্রত্যর্পণের নির্দেশ কার্যকরকরণ — ক্রেতা বোর্ডের নির্দেশানুসারে জমির দখল প্রত্যর্পণ না করিলে বা করিতে ব্যর্থ হইলে, জমির দখল পাওয়ার জন্য বিক্রেত
6. <other_1246_s104> [ক্যান্টনমেন্ট আইন, ২০১৮, ধারা ১০৪] অনুচিত উদ্দেশ্যে ব্যবহৃত পতিত জমি ঘের (enclosure) দেওয়া — (১) বোর্ড, লিখিত নোটিশ দ্বারা, ক্যান্টনমেন্টের কোনো ইমারত বা ভূমির মালিক বা আংশিক মালিককে, বা মালিক বা আংশিক ম
7. <other_722_s15> [পার্বত্য জেলাসমূহ (আইন রহিত ও প্রয়োগ এবং বিশ, ধারা ১৫] বসতবাড়ীর জন্য গ্রামীণ জমি দখল — (১) কোন পাহাড়ী ব্যক্তি পৌর এলাকা-বহির্ভূত অনধিক ত্রিশ শতাংশ পর্যন্ত খাস জমি তাহার নিজ বসতবাড়ীর জন্য হেডম্যান
8. <other_1138_s2> [গ্রামীণ ব্যাংক আইন, ২০১৩, ধারা ২] সংজ্ঞা — বিষয় বা প্রসংগের পরিপন্থি কোন কিছু না থাকিলে, এই আইনে,-1[(১) “ঋণ” অর্থ এইরূপ কোনো ব্যক্তির পক্ষে ব্যাংক কর্তৃ
9. <other_857_s45> [বাংলাদেশ টেলিযোগাযোগ নিয়ন্ত্রণ আইন, ২০০১, ধারা ৪৫] লাইসেন্সধারীর প্রয়োজনে বাধ্যতামূলকভাবে বেসরকারী জমি অধিগ্রহণ — (১) লাইসেন্সের অধীন কাজকর্ম সম্পাদন বা পরিচালনার জন্য প্রয়োজনীয় কোন জমি ব্যবহারের ক্ষেত্রে লাইসেন্সধারী বাধা
10. <labour_952_s234> [বাংলাদেশ শ্রম আইন, ২০০৬, ধারা ২৩৪] অংশগ্রহণ তহবিল ও কল্যাণ তহবিল স্থাপন — (১) এই অধ্যায় প্রযোজ্য হয় এরূপ প্রত্যেক কোম্পানী-(ক) এই অধ্যায় প্রযোজ্য হইবার তারিখ হইতে এক মাসের মধ্যে এই ","other_48_s48, other_48_s43","own_search","answered","2"
"prot_0070_03","Sorup","","আমি কিছুদিন আগে অভিভাবকের অসম্মতিতে বিয়ে করেছি। বিয়ের আগে ছেলের পরিবারের সবার সম্মতি ছিল। আমার বাড়ির কেউ রাজি ছিল না। আমাকে অন্য জায়গায় বিয়ে দেওয়ার কথা চলছিল। এ জন্য আমরা পালিয়ে বিয়ে করেছিলাম। কিন্তু এখন আমার শ্বশুরবাড়ির কেউ আমাকে মেনে নিতে চাইছে না। শুনেছি, অন্য জায়গায় অনেক টাকা যৌতুক নিয়ে ছেলেকে বিয়ে দেবে। আমার শ্বশুরবাড়ির লোকেরা আমাকে অনেক হুমকি দিচ্ছে, যাতে আমি আমার স্বামীকে তালাক দিয়ে দিই। এখন আমি আমার বাবার বাড়িতে আছি। আমি তালাক দেব না, এ কথা তাদের জানিয়ে দিই। তারপর আমার শ্বশুরবাড়ির লোকেরা মিলে আমাকে আমার স্বামীর এক বন্ধুর বাসায় ডেকে নিয়ে যায়। সেখানে আমাকে আটকে অনেক মারধর করে এবং তালাকনামায় সই দিতে বলে। কিন্তু আমি সই করিনি। এরপর তারা আমাকে অনেক মারধর করে এবং একপর্যায়ে আমি জ্ঞান হারিয়ে ফেলি। জ্ঞান ফেরার পর আমার স্বামীর বন্ধু আমাকে গাড়িতে উঠিয়ে দেয়। এখন তারা বলছে, আমাকে তালাক দিয়ে দেবে। উকিল নাকি এমনভাবে মামলা সাজাবে যে আমি আইনের সহযোগিতা নিয়েও কিছুই করতে পারব না। এদিকে আমার বাবা-মা এ ব্যাপারে কোনো সাহায্য করছেন না। এখন আমি কী করতে পারি?নাম ও ঠিকানা প্রকাশে অনিচ্ছুক","1. <other_1717_s66> [ব্যাংক রেজল্যুশন আইন, ২০২৬, ধারা ৬৬] বাংলাদেশ ব্যাংকের রেজল্যুশন সম্পর্কিত সিদ্ধান্ত বাস্তবায়নের বিরুদ্ধে আদালতের রায় — (১) অন্য কোনো আইনে যাহা কিছুই থাকুক না কেন, যদি কেউ বাংলাদেশ ব্যাংক, উহার কোনো কর্মকর্তা, প্রতিনিধিত্বকারী বা 
2. <other_1104_s5> [পাওয়ার অব অ্যাটর্নি আইন, ২০১২, ধারা ৫] নোটিশ জারী, ইত্যাদি — (১) এই আইনের অধীন কোন নোটিশ কোন পক্ষ বা ব্যক্তির উপর জারী করা প্রয়োজন হইলে এবং জারীর বিষয়ে পক্ষগণ ভিন্নভাবে 
3. <other_1375_s27> [শিশু দিবাযত্ন কেন্দ্র আইন, ২০২১, ধারা ২৭] ক্যামেরায় গৃহীত ছবি, রেকর্ডকৃত কথাবার্তার সাক্ষ্য মূল্য — Evidence Act, 1872(Act No. I of 1872) এ যাহা কিছুই থাকুক না কেন, কেন্দ্রে সংঘটিত কোনো অপরাধের ভিডিও, স্থিরচিত্
4. <road_transport_1262_s37> [সড়ক পরিবহণ আইন, ২০১৮, ধারা ৩৭] মহাসড়কের পার্শ্ববর্তী অবৈধ স্থাপনা অপসারণ — (১) আপাতত বলবৎ অন্য কোনো আইনে ভিন্নরূপ যাহা কিছুই থাকুক না কেন, এই আইনের উদ্দেশ্য পূরণকল্পে, কোনো ব্যক্তি, ব্য
5. <labour_952_s341> [বাংলাদেশ শ্রম আইন, ২০০৬, ধারা ৩৪১] কতিপয় তথ্য প্রকাশে বাধা-নিষেধ — (১) এই আইন অথবা কোন বিধি, প্রবিধান বা স্কীমের অধীন কোন দায়িত্ব পালনকালে কোন উত্পাদন বা ব্যবসা-বাণিজ্য সম্পর্ক
6. <other_850_s5> [সালিস আইন, ২০০১, ধারা ৫] লিখিত যোগাযোগের প্রাপ্তি — (১) পক্ষগণ ভিন্নভাবে সম্মত না হইলে, এই আইনের অধীন কোন লিখিত যোগাযোগ, নোটিশ বা সমন কোন পক্ষ বা ব্যক্তির উপর জার
7. <other_740_s16> [ঢাকা বিদ্যুৎ বিতরণ কর্তৃপক্ষ আইন, ১৯৯০, ধারা ১৬] প্রবেশ ইত্যাদির ক্ষমতা — (১) কর্তৃপক্ষের কোন প্রকল্প প্রস্তুত বা বাস্তবায়নের জন্য প্রয়োজন হইলে চেয়ারম্যান বা কোন সদস্য বা চেয়ারম্যা
8. <other_1483_s5> [পরিত্যক্ত বাড়ি (সম্পূরক বিধানাবলি) আইন, ২০২৩, ধারা ৫] পরিত্যক্ত বাড়ির তালিকা হইবার পর স্বার্থ দাবি করিয়া আবেদন — ধারা ৪ এর উপ-ধারা (১) এর দফা (ক) ও (খ) এ বর্ণিত ক্ষেত্র ব্যতীত অন্যান্য ক্ষেত্রে কোনো বাড়ির উপর কোনো অধিকার ব
9. <other_788_s346_p0> [কোম্পানী আইন, ১৯৯৪, ধারা ৩৪৬] নিষ্ক্রিয় (defunct) কোম্পানীর নাম নিবন্ধন বহি হইতে কাটিয়া দেওয়া — (১) যেক্ষেত্রে রেজিষ্ট্রারের এইরূপ বিশ্বাস করিবার যুক্তিসংগত কারণ থাকে যে, কোন একটি কোম্পানী ব্যবসা করিতেছে না
10. <tenancy_748_s19_p2> [বাড়ী ভাড়া নিয়ন্ত্রণ আইন, ১৯৯১, ধারা ১৯] কতিপয় পরিস্থিততে ভাড়াটিয়া কর্তৃক ভাড়া জমা — নিয়ন্ত্রকের নিকট দিতে হইবে এবং উহার সহিত একটি দরখাস্ত পেশ করিতে হইবে যাহাতে নিম্নবর্ণিত বিষয়গুলি উল্লেখ থাকি","criminal_procedure_11_s342, criminal_procedure_11_s323","own_search","answered","2"
"prot_0136_03","Sorup","","মাঝখানে আমাকে আশ্বাস দেওয়া হয়, পুরো টাকা ফেরতদেবে। এর কয়েক দিন পর আমাকে সত্তর হাজার টাকার একটা চেক দেয়। কিন্তু চেকটি নিয়ে ব্যাংকে গেলে ব্যাংক থেকে বলা হয়, এ হিসাব নম্বরে টাকা জমা নেই। পরবর্তী সময় তাদের সঙ্গে যোগাযোগ করা হলে তারা বারবার সময় নিয়েও টাকা ফেরত দিচ্ছে না। আমি এখন প্রতিষ্ঠানটির বিরুদ্ধে কীভাবে অইনি পদক্ষেপ নিতে পারি?","1. <other_788_s148_p1> [কোম্পানী আইন, ১৯৯৪, ধারা ১৪৮] বরাদ্দের ক্ষেত্রে বাধা-নিষেধ — এই আইনে ইহাকে ন্যুনতম চাঁদা হিসাবে উলেস্্নখ করা হইয়াছে।(৪) শেয়ারের আবেদনকারীগণের নিকট হইতে প্রাপ্ত সকল অর্থB
2. <other_788_s342> [কোম্পানী আইন, ১৯৯৪, ধারা ৩৪২] লিকুইডেটর কর্তৃক ব্যাংকে টাকা জমাদান — (১) আদালত কর্তৃক অবলুপ্ত হইতেছে এইরূপ কোম্পানীর প্রত্যেক লিকুইডেটর তত্কর্তৃক গৃহীত সকল টাকা নির্ধারিত পদ্ধতিতে
3. <other_1213_s2> [নির্দিষ্টকরণ (সম্পূরক) আইন, ২০১৭, ধারা ২] ২০১৬-২০১৭ অর্থবৎসরের জন্য সংযুক্ত তহবিল হইতে ১৮৩৭০,২২,৫০,০০০ (আঠারো হাজার তিনশত সত্তর কোটি বাইশ লক্ষ পঞ্চাশ হাজার) টাকা প্রদান — ২০১৭ সনের ৩০ জুন তারিখে সমাপ্য অর্থবৎসরে যেই সকল ব্যয় উক্ত বৎসরের অর্থ পরিশোধের আওতাধীন হইতে পারে সেই সকল ব্য
4. <other_1138_s6> [গ্রামীণ ব্যাংক আইন, ২০১৩, ধারা ৬] অনুমোদিত মূলধন — (১) ব্যাংকের অনুমোদিত মূলধন হইবে ১ (এক) হাজার কোটি টাকা।(২) অনুমোদিত মূলধন প্রতিটি ১০০ (একশত) টাকার ১০ (দশ) কো
5. <other_1478_s24> [ফাইন্যান্স কোম্পানি আইন, ২০২৩, ধারা ২৪] আমানত গ্রহণে বাধা-নিষেধ — (১) ফাইন্যান্স কোম্পানি এইরূপ কোনো আমানত গ্রহণ করিবে না যাহা চাহিবামাত্র চেক, ড্রাফট, ডেবিট কার্ড অথবা আমানতকা
6. <other_757_s2> [নির্দিষ্টকরণ (অগ্রিম মঞ্জুরী দান) আইন, ১৯৯১, ধারা ২] ১৯৯১-৯২ অর্থ বত্সরের জন্য সংযুক্ত তহবিল হইতে উত্তোলনকৃত অর্থের অতিরিক্ত ২০৪৫৯,৩৯,৭০,০০০ টাকা উত্তোলন — নির্দিষ্টকরণ (অগ্রিম মঞ্জুরী দান) আইন, ১৯৯১(১৯৯১ সনের ২০ নং আইন) দ্বারা সংযুক্ত তহবিল হইতে উত্তোলনকৃত চার হাজা
7. <tenancy_748_s23> [বাড়ী ভাড়া নিয়ন্ত্রণ আইন, ১৯৯১, ধারা ২৩] মানসম্মত ভাড়ার অতিরিক্ত ভাড়া আদায়ের দণ্ড — যদি কোন ব্যক্তি জ্ঞাতসারে-(ক) ধারা ৮ বা ধারা ৯ এ বিবৃত কারণ ব্যতিরেকে অন্য কোন কারণে মানসম্মত ভাড়া অপেক্ষা অধ
8. <labour_952_s204> [বাংলাদেশ শ্রম আইন, ২০০৬, ধারা ২০৪] 1 [মজুরী হইতে চাঁদা কর্তন ( চেক-অফ)] — (১) যৌথ দরকষাকষি প্রতিনিধি অনুরোধ করিলে যে কোন মালিক তার প্রতিষ্ঠানে কর্মরত শ্রমিকগণের, যাহারা ঐ সিবিএ ইউনিয়ন
9. <tenancy_748_s19_p2> [বাড়ী ভাড়া নিয়ন্ত্রণ আইন, ১৯৯১, ধারা ১৯] কতিপয় পরিস্থিততে ভাড়াটিয়া কর্তৃক ভাড়া জমা — নিয়ন্ত্রকের নিকট দিতে হইবে এবং উহার সহিত একটি দরখাস্ত পেশ করিতে হইবে যাহাতে নিম্নবর্ণিত বিষয়গুলি উল্লেখ থাকি
10. <criminal_procedure_1239_s68> [রংপুর মহানগরী পুলিশ আইন, ২০১৮, ধারা ৬৮] রাস্তায় বা সর্বসাধারণের ব্যবহার্য স্থানে বিঘ্ন সৃষ্টির দণ্ড — কোনো ব্যক্তি-(ক) মালামাল বোঝাই করিবার বা নামাইবার জন্য বা যাত্রী উঠানামার জন্য প্রয়োজনের অতিরিক্ত সময় কোনো স","money_recovery_46_s138_p0, money_recovery_46_s140","own_search","answered","3"
"ajke_0165_01","Sorup","","আমি কাবিনে ৫ লাখ টাকা মোহরানা উল্লেখ করে বিয়ে করি। তবে আমি জানতাম, তাঁর আগের স্ত্রীকে তিনি ডিভোর্স দিয়েছেন। এমনকি তিনি আমাকে একটা ডিভোর্স পেপারও দেখিয়েছিলেন। বিয়েটা কাজি অফিসে হয়। আমার পরিবারের কেউ বিষয়টি জানেন না। পরে আমি পরিবারকে জানাতে চেয়েছিলাম। কিন্তু বিয়ের এক মাসের মাথায় জানতে পারি, তাঁর আরও তিন স্ত্রী আছেন। এখন আমি তাঁকে ডিভোর্স দেওয়ার সিদ্ধান্ত নিয়েছি। সে ক্ষেত্রে কি কাবিনের টাকা আমি পাব? আর আমার পরিবার এখনো বিষয়টি সম্পর্কে কিছু জানে না। আসলে কীভাবে আমি তাঁকে ডিভোর্স দিলে কাবিনের টাকাটা পেতে পারি","1. <other_857_s11> [বাংলাদেশ টেলিযোগাযোগ নিয়ন্ত্রণ আইন, ২০০১, ধারা ১১] পরিবারের সদস্যের কতিপয় স্বার্থ সম্পর্কে কমিশনারের দায়িত্ব — (১) কোন কমিশনারের পরিবারের কোন সদস্য যদি ধারা ১০(২)(ছ)- েত উলিস্্নখিত স্বার্থ অর্জন বা ধারণ করেন, তাহা হইলে তি
2. <criminal_procedure_1238_s96> [গাজীপুর মহানগরী পুলিশ আইন, ২০১৮, ধারা ৯৬] রাস্তায় গবাদি পশু ছাড়িয়া দেওয়ার অথবা কাহারও সম্পত্তিতে অনধিকার প্রবেশ করিতে দেওয়ার দণ্ড — কোনো ব্যক্তি নিজের অথবা স্বীয় দায়িত্বাধীন গবাদি পশু রাস্তায় চরাইলে বা চরাইতে দিলে অথবা কাহারও সম্পত্তিতে অন
3. <criminal_procedure_1239_s96> [রংপুর মহানগরী পুলিশ আইন, ২০১৮, ধারা ৯৬] রাস্তায় গবাদি পশু ছাড়িয়া দেওয়ার অথবা কাহারও সম্পত্তিতে অনধিকার প্রবেশ করিতে দেওয়ার দণ্ড — কোনো ব্যক্তি নিজের অথবা স্বীয় দায়িত্বাধীন গবাদি পশু রাস্তায় চরাইলে বা চরাইতে দিলে অথবা কাহারও সম্পত্তিতে অন
4. <other_1485_s9> [বাংলাদেশ পুলিশ কল্যাণ তহবিল আইন, ২০২৩, ধারা ৯] মৃত্যু এবং অক্ষমতাজনিত কারণে এককালীন এবং মাসিক কল্যাণ অনুদান — (১) কোনো কর্মচারী বা তাহার মৃত্যু হইলে তাহার স্ত্রী বা, ক্ষেত্রমত, স্বামী, বিধি দ্বারা নির্ধারিত পদ্ধতিতে, নিম
5. <other_812_s84_p1> [দেউলিয়া বিষয়ক আইন, ১৯৯৭, ধারা ৮৪] দেনাদারের অপরাধ ও উহাদের দণ্ড — ও অন্যান্য দলিল-পত্র তাহার হেফাজতে বা নিয়ন্ত্রণে আছে তাহা যদি তিনি, রিসিভারের নির্দেশ মোতাবেক, রিসিভারের নিকট
6. <criminal_procedure_765_s98> [রাজশাহী মহানগরী পুলিশ আইন, ১৯৯২, ধারা ৯৮] রাস্তায় গবাদি পশু ছাড়িয়া দেওয়ার অথবা কাহারও সম্পত্তিতে অনধিকার প্রবেশ করিতে দেওয়ার দণ্ড — কোন ব্যক্তি নিজের অথবা স্বীয় দায়িত্বাধীন গবাদি পশু রাস্তায় চরাইলে বা চরাইতে দিলে অথবা কাহারো সম্পত্তিতে অনধ
7. <criminal_procedure_1013_s98> [বরিশাল মহানগরী পুলিশ আইন, ২০০৯, ধারা ৯৮] রাস্তায় গবাদি পশু ছাড়িয়া দেওয়ার অথবা কাহারও সম্পত্তিতে অনধিকার প্রবেশ করিতে দেওয়ার দণ্ড — কোন ব্যক্তি নিজের অথবা স্বীয় দায়িত্বহীন গবাদি পশু রাস্তায় চরাইলে বা চরাইতে দিলে অথবা কাহারও সম্পত্তিতে অনধি
8. <other_1045_s27> [চার্টার্ড সেক্রেটারীজ আইন, ২০১০, ধারা ২৭] মিথ্যা দাবীর দন্ড — যদি কোন ব্যক্তি-(ক) সদস্য না হইয়াও সদস্য হিসাবে প্রতিনিধিত্ব করেন;(খ) চার্টার্ড সেক্রেটারী না হইয়াও চার্টার্
9. <labour_952_s288> [বাংলাদেশ শ্রম আইন, ২০০৬, ধারা ২৮৮] ধারা ৬৭ লঙ্ঘন করার দণ্ড — কোন ব্যক্তি ধারা ৬৭ এর বিধান মানা হয় নাই এরূপ শক্তি চালিত কোন যন্ত্রপাতি কোন প্রতিষ্ঠানে ব্যবহারের জন্য বিক্র
10. <labour_952_s218_p1> [বাংলাদেশ শ্রম আইন, ২০০৬, ধারা ২১৮] শ্রম আপীল ট্রাইব্যুনাল — উক্ত কার্যক্রম অনুসরণ করিবে।(৮) যদি কোন বিষয়ে সিদ্ধান্ত দেওয়ার ক্ষেত্রে বেঞ্চের সদস্যগণের মধ্যে মত পার্থক্য ","family_180_s2_p0, family_180_s5","own_search","answered","2"
"prot_0074_02","Sorup","","আমার দাদা দুটি বিয়ে করেন। আমার বাবা প্রথম পক্ষের সন্তান। সৎ দাদির চার ছেলে ও এক মেয়ে। তাঁরাই আমার দাদার সম্পত্তি দেখাশোনা করেন। কিন্তু তাঁরা আমার বাবাকে তাঁর পৈতৃক সম্পত্তি থেকে বঞ্চিত করতে চান। আমি আমার মা-বাবার একমাত্র সন্তান। তাঁরা সম্পত্তির জন্য আমাকে মেরে ফেলার হুমকি দিচ্ছেন। বাবাকেও ধরে নিয়ে যাওয়ার হুমকি দিচ্ছেন। নিরাপত্তার জন্য আমাদের আইনি কী ব্যবস্থা নিলে ভালো হয়?নাম প্রকাশে অনিচ্ছুকগাজীপুর","1. <labour_1285_s34> [বাংলাদেশ ইপিজেড শ্রম আইন, ২০১৯, ধারা ৩৪] কতিপয় ক্ষেত্রে মহিলা শ্রমিকের চাকরির অবসানে বাধা — যদি কোনো মহিলা শ্রমিকের সন্তান প্রসবের পূর্ববর্তী ৬ (ছয়) মাস এবং সন্তান প্রসবের পরবর্তী ৮ (আট) সপ্তাহ মেয়াদে
2. <other_822_s10> [পার্বত্য চট্টগ্রাম আঞ্চলিক পরিষদ আইন, ১৯৯৮, ধারা ১০] সম্পত্তি সম্পর্কিত ঘোষণা — চেয়ারম্যান ও প্রত্যেক সদস্য তাহার কার্যভার গ্রহণের পূর্বে তাহার এবং তাঁহার পরিবারের কোন সদস্যের স্বত্ব, দখল ব
3. <other_1174_s17> [রেলওয়ে নিরাপত্তা বাহিনী আইন, ২০১৬, ধারা ১৭] দণ্ড — ধারা ৯ এ বর্ণিত বিধানের সামগ্রিকতাকে ক্ষুণ্ণ না করিয়া, বাহিনীর কোনো সদস্য যদি(ক) প্রহরাবস্থায় কোনো চৌকি, ইউন
4. <local_government_1027_s41> [স্থানীয় সরকার (ইউনিয়ন পরিষদ) আইন, ২০০৯, ধারা ৪১] সম্পত্তি সম্পর্কিত ঘোষণা — চেয়ারম্যান ও সদস্য তাঁহার কার্যভার গ্রহণের পূর্বে তাঁহার এবং তাঁহার পরিবারের কোন সদস্যের স্বত্ব, দখল বা স্বার
5. <other_1132_s4> [পিতা-মাতার ভরণ-পোষণ আইন, ২০১৩, ধারা ৪] পিতা-মাতার অবর্তমানে দাদা-দাদী, নানা-নানীর ভরণ-পোষণ — প্রত্যেক সন্তান তাহার—(ক) পিতার অবর্তমানে দাদা-দাদীকে; এবং(খ) মাতার অবর্তমানে নানা-নানীকে—ধারা ৩ এ বর্ণিত ভরণ-
6. <other_1349_s2> [আকাশপথে পরিবহণ (মন্ট্রিল কনভেনশন) আইন, ২০২০, ধারা ২] বিষয়বাপ্রসঙ্গেরপরিপন্থিকোনোকিছুনাথাকিলে,এইআইনে-(ক)‘অভ্যন্তরীণপরিবহণ’অর্থআকাশপথে পরিবহণেপক্ষসমূহেরমধ্যেসম্পাদি
7. <local_government_827_s10> [উপজেলা পরিষদ আইন, ১৯৯৮, ধারা ১০] সম্পত্তি সম্পর্কিত ঘোষণা — 14[চেয়ারম্যান ও ভাইস চেয়ারম্যান ] তাঁহার কার্যভার গ্রহণের পূর্বে তাঁহার এবং তাঁহার পরিবারের কোন সদস্যের স্বত
8. <other_1684_s23> [মানব পাচার ও অভিবাসী চোরাচালান প্রতিরোধ ও দম, ধারা ২৩] ভিকটিম বা সাক্ষীকে হুমকি, ইত্যাদি প্রদানপূর্বক তদন্ত বা বিচারকার্যে বিঘ্ন সৃষ্টি করিবার অপরাধ ও উহার দণ্ড — (১) যদি কোনো ব্যক্তি মানব পাচার বা অভিবাসী চোরাচালানের শিকার কোনো ব্যক্তি বা তাহার পরিবারের কোনো সদস্যকে বা মা
9. <other_1418_s21_p2> [বাংলাদেশ সুপ্রীম কোর্টের বিচারক (ছুটি, পেনশন, ধারা ২১] আনুতোষিক ও পারিবারিক পেনশন — হিসাবে প্রাপ্য হইতেন।(৩) কোনো বিচারক, অবসর গ্রহণের পর তাহার গ্রস-পেনশনের সম্পূর্ণ অংশ সমর্পণ করিতে পারিবেন এবং
10. <other_1067_s31> [বর্ডার গার্ড বাংলাদেশ আইন, ২০১০, ধারা ৩১] ঊর্ধ্বতন কর্মকর্তার প্রতি অপরাধজনক বল প্রয়োগ ও হুমকি প্রদর্শন — অধিভুক্ত কোন ব্যক্তি যদি-(ক) ঊর্ধ্বতন কর্মকর্তার উপর অপরাধজনক বল প্রয়োগ বা বল প্রয়োগের চেষ্টা করেন বা আক্রমণ","criminal_procedure_75_s107, criminal_procedure_11_s506","own_search","answered","2"
"prot_0000_04","Sorup","","আমার সমস্যা হচ্ছে, আমার মায়েরা চার বোন ও এক ভাই। নানা মারা গেছেন। নানি জীবিত। নানার সম্পত্তি তিন বোন নিয়েছেন। ছোট খালা এখনো নেননি। অনেক ঘোরাঘুরি করছেন কিন্তু মামা বিভিন্ন অজুহাত দেখাচ্ছেন। আমার নানির দুই আনা সম্পত্তিসহ নিজের নামে ৯৯ শতাংশ জমি ছিল, যা মায়েরা চার বোন এবং এক মামা উত্তরাধিকারসূত্রে পাওনাদার ছিল। কিন্তু গত ১০ জুলাই তারিখে আমার মামা, মামাতো ভাই, বোন এবং মামি চাপ দিয়ে মামার নামে রেজিস্ট্রি করে নিছে। রেজিস্ট্রি করার পর ঘটনাটি জানাজানি হয়। এখন আদৌ কি আমার মায়ের প্রাপ্য অংশ ফিরে পাওয়া সম্ভব?","1. <other_1682_s2_p0> [মানবদেহে অঙ্গ-প্রত্যঙ্গ সংযোজন আইন, ২০২৬, ধারা ২] সংজ্ঞা — বিষয় বা প্রসঙ্গের পরিপন্থি কোনো কিছু না থাকিলে, এই আইনে- (১) “অঙ্গ-প্রত্যঙ্গ” অর্থ মানবদেহের কিডনি, হৃৎপিণ্ড,
2. <other_1718_s83> [অর্থ (২০২৫-২০২৬ অর্থ বৎসর) আইন, ২০২৬, ধারা ৮৩] ২০২৩ সনের ১২ নং আইনের ধারা ১৩৫ এর সংশোধন — উক্ত আইনের ধারা ১৩৫ এর- (ক) উপ-ধারা (১) এ উল্লিখিত “১০% (দশ শতাংশ)” সংখ্যা, চিহ্ন, বন্ধনী ও শব্দগুলির পরিবর্তে
3. <other_1349_s2> [আকাশপথে পরিবহণ (মন্ট্রিল কনভেনশন) আইন, ২০২০, ধারা ২] বিষয়বাপ্রসঙ্গেরপরিপন্থিকোনোকিছুনাথাকিলে,এইআইনে-(ক)‘অভ্যন্তরীণপরিবহণ’অর্থআকাশপথে পরিবহণেপক্ষসমূহেরমধ্যেসম্পাদি
4. <other_1266_s2_p3> [বাংলাদেশ মুক্তিযোদ্ধা কল্যাণ ট্রাস্ট আইন, ২০, ধারা ২] সংজ্ঞা — বা স্বামী এবং পিতা-মাতার অবর্তমানে খেতাবপ্রাপ্ত বীর মুক্তিযোদ্ধার সন্তান; বা(উ) (অ)-(ঈ) পর্যন্ত বর্ণিত ব্যক্তি
5. <other_1148_s2> [বাংলাদেশ সাংবাদিক কল্যাণ ট্রাস্ট আইন, ২০১৪, ধারা ২] সংজ্ঞা — বিষয় বা প্রসঙ্গের পরিপন্থী কোন কিছু না থাকিলে, এই আইনে-(১) ‘‘চেয়ারম্যান’’ অর্থ বোর্ডের চেয়ারম্যান;(২) ‘‘ট্র
6. <other_1378_s2> [বাংলাদেশ চলচ্চিত্র শিল্পী কল্যাণ ট্রাস্ট আইন, ধারা ২] সংজ্ঞা — বিষয় বা প্রসঙ্গের পরিপন্থি কোনো কিছু না থাকিলে, এই আইনে-(ক) “চলচ্চিত্র” অর্থ সেলুলয়েড, অ্যানালগ, ডিজিটাল বা 
7. <local_government_827_s8_p1> [উপজেলা পরিষদ আইন, ১৯৯৮, ধারা ৮] বা ব্যক্তিবর্গের নামে বা তাঁহার সুবিধার্থে বা তাঁহার উপলক্ষে বা কোন হিন্দু যৌথ পরিবারের সদস্য হিসাবে তাঁহার কো
8. <other_1485_s2> [বাংলাদেশ পুলিশ কল্যাণ তহবিল আইন, ২০২৩, ধারা ২] সংজ্ঞা — বিষয় বা প্রসঙ্গের পরিপন্থি কোনো কিছু না থাকিলে, এই আইনে,-(১) ""কর্মচারী"" অর্থ-(ক) পুলিশ ইন্সপেক্টরের নিম্ন পদম
9. <other_943_s2> [বাংলাদেশ শ্রমিক কল্যাণ ফাউন্ডেশন আইন, ২০০৬, ধারা ২] সংজ্ঞা — বিষয় বা প্রসঙ্গের পরিপন্থী কিছু না থাকিলে, এই আইনে-(ক) “অপ্রাতিষ্ঠানিক খাত” অর্থ এইরূপ বেসরকারী খাত যেখানে কর
10. <other_1412_s6_p0> [বেসরকারি মেডিকেল কলেজ ও ডেন্টাল কলেজ আইন, ২০, ধারা ৬] বেসরকারি মেডিকেল কলেজ বা ডেন্টাল কলেজ স্থাপনের শর্তাবলি — এই আইনের অধীন বেসরকারি মেডিকেল কলেজ বা ডেন্টাল কলেজ স্থাপনের লক্ষ্যে নিম্নবর্ণিত শর্তাবলি পূরণ করিতে হইবে, যথা","other_36_s39","own_search","answered","2"
"prot_0114_02","Sorup","","ভরণপোষণের খরচ যদি দেওয়াও হয়, তাহলে আমার ছেলের কত বয়স পর্যন্ত আমি পেতে পারি?","1. <women_children_835_s13> [নারী ও শিশু নির্যাতন দমন আইন, ২০০০, ধারা ১৩] (১) অন্য কোন আইনে ভিন্নতর যাহা কিছুই থাকুক না কেন, ধর্ষণের কারণে কোন সন্তান জন্মলাভ করিলে-(ক) উক্ত সন্তানকে তা
2. <labour_952_s267> [বাংলাদেশ শ্রম আইন, ২০০৬, ধারা ২৬৭] প্রশাসন ব্যয় — (১) ট্রাস্টি বোর্ড চাঁদার ভিত্তিতে একটি প্রশাসনিক খরচ আরোপ করিতে পারিবে।(২) সরকার, বোর্ডের সহিত পরামর্শক্রমে, 
3. <other_751_s101> [ব্যাংক-কোম্পানী আইন, ১৯৯১, ধারা ১০১] নথিপত্র সংরক্ষণের বিষয়ে সরকারের বিধি প্রণয়নের ক্ষমতা — কোন ব্যাংক-কোম্পানীর হিসাবের খাতা, পরিশোধিত দাবী-সম্বলিত দলিল এবং অন্যান্য দলিলাদি কত দিন পর্যন্ত সংরক্ষণ করিত
4. <women_children_1119_s4> [শিশু আইন, ২০১৩, ধারা ৪] শিশু — বিদ্যমান অন্য কোন আইনে ভিন্নতর যাহা কিছুই থাকুক না কেন, এই আইনের উদ্দেশ্যপূরণকল্পে, অনুর্ধ্ব ১৮ (আঠার) বৎসর বয
5. <labour_952_s295> [বাংলাদেশ শ্রম আইন, ২০০৬, ধারা ২৯৫] কোন ব্যক্তি কোন বেআইনী ধর্মঘট বা লক-আউটে অংশ গ্রহণের জন্য অথবা উহার জন্য অর্থ খরচ বা সরবরাহের জন্য অথবা অন্য ক
6. <money_recovery_901_s10> [অর্থ ঋণ আদালত আইন, ২০০৩, ধারা ১০] লিখিত জবাব দাখিলের সময়সীমা — (১) উপ-ধারা (২) এর বিধান সাপেক্ষে, অর্থ ঋণ আদালত, বিবাদী উপস্থিত হওয়ার ৪০ (চল্লিশ) দিবসের পরবর্তীতে বিবাদী কর
7. <other_788_s395> [কোম্পানী আইন, ১৯৯৪, ধারা ৩৯৫] সীমিতদায় কোম্পানীকে মামলার খরচের জন্য জামানত দেওয়ার নির্দেশদানের ক্তমতা — যেক্ষেত্রে কোন মামলা বা অন্য কোন আইনগত কার্যধারায় কোন সীমিতদায় কোম্পানী বাদী বা আবেদনকারী হয়, সেক্ষেত্রে যদ
8. <other_743_s4> [দানকর আইন, ১৯৯০, ধারা ৪] কতিপয় দানের ক্ষেত্রে অব্যাহতি — (১) নিম্নবর্ণিত ক্ষেত্রসমূহে কোন ব্যক্তির কৃত দানের উপর এই আইনের অধীন কোন দানকর আরোপযোগ্য হইবে না, যথা :-(ক) দ
9. <other_788_s206_p0> [কোম্পানী আইন, ১৯৯৪, ধারা ২০৬] তদন্তের খরচ — (১) ধারা ১৯৫ অথবা ১৯৭ এর অধীনে সরকার কর্তৃক নিযুক্ত পরিদর্শক কর্তৃক তদন্ত্মের জন্য এবং উহার আনুষংগিক বিষয়াদির
10. <women_children_1119_s21> [শিশু আইন, ২০১৩, ধারা ২১] 1 [***] বয়স অনুমান ও নির্ধারণ — (১) অভিযুক্ত হউক বা না হউক, এমন কোন শিশুকে কোন অপরাধের দায়ে বা কোন শিশুকে অন্য কোন কারণে শিশু-আদালতে সাক্ষ্য ","none","none","not_found","1"
"lawy_0533_01","Sorup","","বিজ্ঞাপনে মিথ্যাচার ও বর্ণবাদ : আইনি প্রতিকার কী?","1. <consumer_1127_s41> [নিরাপদ খাদ্য আইন, ২০১৩, ধারা ৪১] বিজ্ঞাপনে অসত্য বা বিভ্রান্তিকর তথ্য — কোন ব্যক্তি কোন খাদ্যদ্রব্য বা খাদ্যোপকরণ বিপণন বা বিক্রয়ের উদ্দেশ্যে, প্রবিধান দ্বারা নির্ধারিত বিজ্ঞাপনের শ
2. <other_1425_s35> [1[মেহেরপুর বিশ্ববিদ্যালয়] আইন, ২০২৩, ধারা ৩৫] অভিযোগ প্রতিকার কমিটি — (১) বিশ্ববিদ্যালয়ের একটি অভিযোগ প্রতিকার কমিটি থাকিবে।(২) অভিযোগ প্রতিকার কমিটির গঠন, ক্ষমতা ও কাঠামোবলি সংবি
3. <other_1426_s35> [1[নওগাঁ বিশ্ববিদ্যালয়] আইন, ২০২৩, ধারা ৩৫] অভিযোগ প্রতিকার কমিটি — (১) বিশ্ববিদ্যালয়ের একটি অভিযোগ প্রতিকার কমিটি থাকিবে।(২) অভিযোগ প্রতিকার কমিটির গঠন, ক্ষমতা ও কাঠামোবলি সংবি
4. <other_1469_s35> [ঠাকুরগাঁও বিশ্ববিদ্যালয় আইন, ২০২৩, ধারা ৩৫] অভিযোগ প্রতিকার কমিটি — (১) বিশ্ববিদ্যালয়ের একটি অভিযোগ প্রতিকার কমিটি থাকিবে।(২) অভিযোগ প্রতিকার কমিটির গঠন, ক্ষমতা ও কার্যাবলি সংবি
5. <other_1707_s38> [ঢাকা সেন্ট্রাল ইউনিভার্সিটি আইন, ২০২৬, ধারা ৩৮] অভিযোগ প্রতিকার ও সেক্সুয়াল হেরাসমেন্ট নিরোধ কমিটি — (১) বিশ্ববিদ্যালয়ের একটি অভিযোগ প্রতিকার কমিটি এবং সেক্সুয়াল হেরাসমেন্ট নিরোধ কমিটি থাকিবে। (২) অভিযোগ প্রতি
6. <other_1660_s10> [স্থানিক পরিকল্পনা আইন, ২০২৬, ধারা ১০] প্রতিকার — (১) এই আইনের অধীন কর্তৃপক্ষের কোনো কর্মচারীর সিদ্ধান্ত দ্বারা কোনো ব্যক্তি সংক্ষুব্ধ হইলে তিনি বা তাহার মনোনীত
7. <other_1271_s24> [সরকারি চাকরি আইন, ২০১৮, ধারা ২৪] আইনি সহায়তা — (১) কোনো কর্মচারীর বিরুদ্ধে, সরকারি দায়িত্ব পালনের সহিত সম্পর্কিত কোনো বিষয়ে তাহাকে ব্যক্তিগতভাবে দায়ী করিয
8. <other_1392_s5> [ব্যাংকার বহি সাক্ষ্য আইন, ২০২১, ধারা ৫] যেক্ষেত্রে ব্যাংকের কর্মকর্তা ব্যাংকার বহি উপস্থাপনে বা সাক্ষী হইতে বাধ্য নহেন — ধারা ৭ এর অধীন গ্রাহকতথ্য প্রকাশে বাধ্য না হইলে, কোনো ব্যাংকের কোনো কর্মকর্তা বা কর্মচারীকে কোনো আইনি কার্যক্র
9. <other_1429_s149> [আয়কর আইন, ২০২৩, ধারা ১৪৯] উৎসে কর কর্তন বা সংগ্রহের ক্ষেত্রে দায়মুক্তি — যেইক্ষেত্রে এই অংশের অধীন কর হিসাবে কোনো অর্থ সংগ্রহ বা কর্তন করা হয় এবং সরকারের অনুকূলে জমা প্রদান করা হয়, 
10. <other_1181_s108> [বাংলাদেশ কোস্ট গার্ড আইন, ২০১৬, ধারা ১০৮] কোস্ট গার্ড আদালতের রায় ও দণ্ডাদেশের বিরুদ্ধে প্রতিকার — (১) অধিভুক্ত কোন ব্যক্তি স্পেশাল কোস্ট গার্ড আদালত বা স্পেশাল সামারি কোস্ট গার্ড আদালতের রায় বা দণ্ডাদেশ দ্বা","consumer_1014_s44","own_search","answered","2"
"prot_0047_01","Sorup","","আমার চাচা প্রচুর সম্পত্তির মালিক। তাঁর কিছু সম্পত্তি স্ত্রীর নামে আছে। চাচাকে লেখাপড়ার খরচ দিয়েছেন আমার বাবা। আমার বাপ-চাচারা চার ভাই, দুই বোন। চাচার কোনো সন্তান নেই। চাচার মৃত্যুর পর আমাদের কি তার সম্পত্তিতে কোনো অধিকার আছে?","1. <other_1266_s2_p3> [বাংলাদেশ মুক্তিযোদ্ধা কল্যাণ ট্রাস্ট আইন, ২০, ধারা ২] সংজ্ঞা — বা স্বামী এবং পিতা-মাতার অবর্তমানে খেতাবপ্রাপ্ত বীর মুক্তিযোদ্ধার সন্তান; বা(উ) (অ)-(ঈ) পর্যন্ত বর্ণিত ব্যক্তি
2. <other_1349_s2> [আকাশপথে পরিবহণ (মন্ট্রিল কনভেনশন) আইন, ২০২০, ধারা ২] বিষয়বাপ্রসঙ্গেরপরিপন্থিকোনোকিছুনাথাকিলে,এইআইনে-(ক)‘অভ্যন্তরীণপরিবহণ’অর্থআকাশপথে পরিবহণেপক্ষসমূহেরমধ্যেসম্পাদি
3. <labour_1285_s33> [বাংলাদেশ ইপিজেড শ্রম আইন, ২০১৯, ধারা ৩৩] মহিলা শ্রমিকের মৃত্যুর ক্ষেত্রে প্রসূতি কল্যাণ সুবিধা প্রদান — (১) এই অধ্যায়ের অধীন প্রসূতি কল্যাণ সুবিধা পাইবার অধিকারী কোনো মহিলা শ্রমিক সন্তান প্রসবকালে অথবা উহার পরবর্ত
4. <land_1455_s5> [ভূমি সংস্কার আইন, ২০২৩, ধারা ৫] স্থাবর সম্পত্তির বেনামি লেনদেন — (১) কোনো ব্যক্তি নিজের উপকারার্থে কোনো স্থাবর সম্পত্তির বেনামি লেনদেন করিতে পারিবেন না।ব্যাখ্যা।-এই ধারায় ‘বে
5. <other_1682_s2_p0> [মানবদেহে অঙ্গ-প্রত্যঙ্গ সংযোজন আইন, ২০২৬, ধারা ২] সংজ্ঞা — বিষয় বা প্রসঙ্গের পরিপন্থি কোনো কিছু না থাকিলে, এই আইনে- (১) “অঙ্গ-প্রত্যঙ্গ” অর্থ মানবদেহের কিডনি, হৃৎপিণ্ড,
6. <land_856_s5> [অর্পিত সম্পত্তি প্রত্যর্পণ আইন, ২০০১, ধারা ৫] মালিক, প্রমুখের নিকট প্রত্যর্পণযোগ্য সম্পত্তি প্রত্যর্পণ এবং ইহার ফলাফল — (১) এই আইনের বিধানাবলী অনুসারে প্রত্যর্পণযোগ্য সম্পত্তির তালিকায় অন্তর্ভুক্ত সম্পত্তি উহার মালিকের নিকট বা, ক
7. <other_1148_s2> [বাংলাদেশ সাংবাদিক কল্যাণ ট্রাস্ট আইন, ২০১৪, ধারা ২] সংজ্ঞা — বিষয় বা প্রসঙ্গের পরিপন্থী কোন কিছু না থাকিলে, এই আইনে-(১) ‘‘চেয়ারম্যান’’ অর্থ বোর্ডের চেয়ারম্যান;(২) ‘‘ট্র
8. <other_1718_s83> [অর্থ (২০২৫-২০২৬ অর্থ বৎসর) আইন, ২০২৬, ধারা ৮৩] ২০২৩ সনের ১২ নং আইনের ধারা ১৩৫ এর সংশোধন — উক্ত আইনের ধারা ১৩৫ এর- (ক) উপ-ধারা (১) এ উল্লিখিত “১০% (দশ শতাংশ)” সংখ্যা, চিহ্ন, বন্ধনী ও শব্দগুলির পরিবর্তে
9. <other_1446_s6> [সরকারি প্রাথমিক বিদ্যালয় শিক্ষক কল্যাণ ট্রাস, ধারা ৬] ট্রাস্টের কার্যাবলি — ট্রাস্টের কার্যাবলি হইবে নিম্নরূপ, যথা :-(ক) শিক্ষক ও পোষ্যদের চিকিৎসার জন্য আর্থিক সাহায্য প্রদান;(খ) পোষ্যদে
10. <other_788_s326_p0> [কোম্পানী আইন, ১৯৯৪, ধারা ৩২৬] কতিপয় সম্পদের দাবী পরিত্যাগ — (১) অবলুপ্তির কার্যক্রম চলিতেছে এমন কোন কোম্পানীর সম্পদের কোন অংশের মধ্যে যদি দূর্বহ চুক্তির (onerous covenant","other_173_s2","own_search","answered","1"
"prot_0073_01","Sorup","","প্রেম করে বিয়ে করি। আমরা দুজনই প্রাপ্তবয়স্ক। আমাদের বিয়ের ব্যাপারটা কিছুদিন আগে জানাজানি হয়। একপর্যায়ে ওর বাবা ওকে ভয়ভীতি দেখিয়ে জোরপূর্বক কাজি অফিসে নিয়ে তালাকনামায় সই করান। প্রায় এক মাস হয়ে গেল তালাকনামায় সই করিয়েছেন; কিন্তু এর মধ্যে আমার কাছে কোনো তালাকের নোটিশ বা তালাকনামা বা অন্য কোনো কাগজ পাঠাননি। আমার জিজ্ঞাসা, এতে কি তালাক কার্যকর হয়েছে? হয়ে থাকলে কাবিননামায় উল্লিখিত দেনমোহর কি আমাকে পরিশোধ করতে হবে?স্বপনসিলেট","1. <other_1246_s204> [ক্যান্টনমেন্ট আইন, ২০১৮, ধারা ২০৪] মামলার নোটিশ প্রদান — (১) কোনো ব্যক্তি বোর্ডের কোনো আদেশ দ্বারা সংক্ষুব্ধ হইয়া কোনো দেওয়ানি মামলা দায়ের করিতে চাহিলে, তিনি তামাদি
2. <other_1136_s34> [ভৌগোলিক নির্দেশক পণ্য (নিবন্ধন ও সুরক্ষা) আই, ধারা ৩৪] নিবন্ধনবহির এন্ট্রি জালকরণের দণ্ড — যদি কোন ব্যক্তি নিবন্ধন বহিতে কোন মিথ্যা এন্ট্রি করেন বা করান অথবা মিথ্যাভাবে এমন কোন লিখিত কাগজ তৈরি করেন বা 
3. <other_1725_s97_p1> [অর্থ আইন, ২০২৬, ধারা ৯৭] ২০২৩ সনের ১২ নং আইনের ধারা ১৭০ এর সংশোধন — করের ৫% (পাঁচ শতাংশ) অথবা ৫ (পাঁচ) হাজার টাকা, যাহা অধিক সেই পরিমাণ অতিরিক্ত কর প্রযোজ্য হইবে । (খ) পূর্বে কখন
4. <other_1429_s2_p4> [আয়কর আইন, ২০২৩, ধারা ২] সংজ্ঞা — পরবর্তী সেপ্টেম্বর মাসের পনেরোতম দিন;(গ) পূর্বে কখনোই রিটার্ন দাখিল করেন নাই এইরূপ স্বাভাবিক ব্যক্তি করদাতার ক
5. <other_1478_s62_p0> [ফাইন্যান্স কোম্পানি আইন, ২০২৩, ধারা ৬২] অদাবিকৃত অর্থ বা আমানত সংক্রান্ত বিধান — (১) কোনো ফাইন্যান্স কোম্পানির কোনো কেন্দ্র বা শাখায় সরকার, নাবালক বা আদালতের অর্থ ব্যতীত অন্য কাহারো পরিশোধযো
6. <other_751_s35_p2> [ব্যাংক-কোম্পানী আইন, ১৯৯১, ধারা ৩৫] অদাবীকৃত আমানত এবং মূল্যবান সামগ্রী — প্রাপ্তবয়স্ক সদস্যের নিকট, এবং ব্যক্তি সমন্বয়ে গঠিত অন্য কোন সমিতির ক্ষেত্রে, উহার মূখ্য কর্মকর্তার নিকট, প্
7. <consumer_1270_s50> [ওজন ও পরিমাপ মানদণ্ড আইন, ২০১৮, ধারা ৫০] সীলমোহর জালকরণের দণ্ড, ইত্যাদি — কোনো ব্যক্তি যদি-(ক) কোনো সীলমোহর অথবা স্ট্যাম্প জাল করেন; বা(খ) জাল সীলমোহর অধিকারে রাখেন, বিক্রয় বা অন্য কো
8. <labour_952_s111> [বাংলাদেশ শ্রম আইন, ২০০৬, ধারা ১১১] প্রাপ্তবয়স্ক শ্রমিকের কাজের সময়ের নোটিশ এবং উহার প্রস্তুতি — (১) প্রত্যেক প্রতিষ্ঠানে উহাতে কর্মরত প্রাপ্তবয়স্ক শ্রমিকগণ কোন্ কোন্ সময় কাজ করিবেন ইহা পরিষ্কারভাবে লিখিয়
9. <other_1476_s171_p15> [কাস্টমস আইন, ২০২৩, ধারা ১৭১] অপরাধসমূহের জরিমানা বা দণ্ড — আরোপণীয় হইবে; অথবা(খ) আদালত কর্তৃক দোষী সাব্যস্ত হইলে, সংশ্লিষ্ট ব্যক্তি তিনি অনধিক ১ (এক) বৎসর মেয়াদের কারা
10. <other_1037_s85> [বীমা আইন, ২০১০, ধারা ৮৫] পলিসি তামাদির ক্ষেত্রে বীমাকৃতের প্রাপ্তব্য সুবিধাদি সম্পর্কে নোটিশ প্রদান৷ — কোন বীমাকারী যে তারিখে লাইফ ইন্স্যুরেন্স পলিসির প্রিমিয়াম প্রদেয় ছিল, কিন্তু পরিশোধ করা হয়নি ঐ তারিখ হইতে ৩","family_305_s8, family_305_s10","own_search","answered","2"
"prot_0001_01","Sorup","","আমার ভাই ১৬ বছর বয়সে কাজি অফিসে গিয়ে বিয়ে করে। তখন সে তার বয়স বাড়িয়ে বলেছিল। কিন্তু অফিশিয়াল কাগজে তার এবং তার স্ত্রীর বয়স ১৬ তখন। সাত-আট বছর ধরে তাদের মধ্যে কোনো যোগাযোগ নেই। যে কাজী অফিসে তাদের বিয়ে হয়েছিল, সেখানে তাদের বিয়ের কোনো কাবিননামাও খুঁজে পাওয়া যাচ্ছে না। আমার ভাই বর্তমানে আরেক মেয়েকে বিয়ে করতে চায়। এ জন্য সে আগের স্ত্রীকে তালাক দিতে চায়। কিন্তু যেহেতু কোনো কাগজ পাওয়া যায়নি আগের বিয়ের, তালাক দেওয়ার প্রয়োজনীয়তা কি আছে?","1. <other_1153_s4> [উপানুষ্ঠানিক শিক্ষা আইন, ২০১৪, ধারা ৪] উপানুষ্ঠানিক শিক্ষার শ্রেণীবিভাগ ও বয়স-সীমা — (১) প্রকৃতি ও ধরন অনুযায়ী উপানুষ্ঠানিক শিক্ষার শ্রেণীবিভাগ হইবে নিম্নরূপ, যথা :-(ক) উপানুষ্ঠানিক প্রাথমিক শিক
2. <women_children_1119_s21> [শিশু আইন, ২০১৩, ধারা ২১] 1 [***] বয়স অনুমান ও নির্ধারণ — (১) অভিযুক্ত হউক বা না হউক, এমন কোন শিশুকে কোন অপরাধের দায়ে বা কোন শিশুকে অন্য কোন কারণে শিশু-আদালতে সাক্ষ্য 
3. <labour_1285_s24> [বাংলাদেশ ইপিজেড শ্রম আইন, ২০১৯, ধারা ২৪] চাকরি হইতে অবসর গ্রহণ — (১) এই অধ্যায়ের অন্যত্র যাহা কিছুই উল্লে­খ থাকুক না কেন, কোনো প্রতিষ্ঠানে নিয়োজিত কোনো শ্রমিকের বয়স ৬০ (ষাট
4. <labour_952_s95> [বাংলাদেশ শ্রম আইন, ২০০৬, ধারা ৯৫] চা-বাগানে বিনোদন ও শিক্ষার সুবিধা — সরকার চা বাগান সম্পর্কে-(ক) বিধি প্রণয়ন করিয়া উহার প্রত্যেক মালিককে সেখানে নিযুক্ত শ্রমিকগণ এবং তাহাদের শিশু
5. <other_943_s2> [বাংলাদেশ শ্রমিক কল্যাণ ফাউন্ডেশন আইন, ২০০৬, ধারা ২] সংজ্ঞা — বিষয় বা প্রসঙ্গের পরিপন্থী কিছু না থাকিলে, এই আইনে-(ক) “অপ্রাতিষ্ঠানিক খাত” অর্থ এইরূপ বেসরকারী খাত যেখানে কর
6. <other_924_s2> [ব্যক্তি মালিকানাধীন সড়ক পরিবহন শ্রমিক কল্যাণ, ধারা ২] সংজ্ঞা — বিষয় বা প্রসঙ্গের পরিপন্থী কিছু না থাকিলে, এই আইনে-(ক) “কল্যাণ তহবিল” অর্থ ধারা ৪ এর অধীন গঠিত কল্যাণ তহবিল;(
7. <other_888_s11> [আইন-শৃঙ্খলা বিঘ্নকারী অপরাধ (দ্রুত বিচার) আই, ধারা ১১] আসামীর অনুপস্থিতিতে বিচার — যদি আদালতের এ মর্মে বিশ্বাস করিবার যুক্তিসংগত কারণ থাকে যে,-(ক) অভিযুক্ত ব্যক্তি তাহার গ্রেফতার বা তাহাকে বিচা
8. <local_government_1024_s105> [স্থানীয় সরকার (পৌরসভা) আইন, ২০০৯, ধারা ১০৫] বেতনাদি হইতে কর কর্তন — পৌরসভা যদি কোন পেশা, ব্যবসা অথবা বৃত্তির উপর করারোপ করিতে চায়, তাহা হইলে এইরূপ কর প্রদানের জন্য দায়ী ব্যক্তি
9. <other_1266_s2_p2> [বাংলাদেশ মুক্তিযোদ্ধা কল্যাণ ট্রাস্ট আইন, ২০, ধারা ২] সংজ্ঞা — জামায়াতে ইসলামী এবং তাহাদের সহযোগী রাজাকার, আলবদর, আলশামস বাহিনীর বিরুদ্ধে গণপ্রজাতন্ত্রী বাংলাদেশের স্বাধীনত
10. <other_1352_s23> [বাংলাদেশ মাদ্রাসা শিক্ষা বোর্ড আইন, ২০২০, ধারা ২৩] অবসর গ্রহণের বয়স — আপাতত বলবৎ অন্য কোনো আইনে ভিন্নরূপ যাহা কিছুই থাকুক না কেন, বোর্ডের স্থায়ী কর্মচারীগণের অবসর গ্রহণের বয়স ৬০ ","family_305_s7, family_305_s6","own_search","answered","2"
"prot_0113_01","Sorup","","চিকিৎসায় অবহেলা কিংবা চিকিৎসকদের অবহেলায় রোগীর মৃত্যুর খবর আমরা প্রায়ই জানতে পারছি। বড় বড় হাসপাতালেও এ ঘটনা ঘটছে। সম্প্রতি ঢাকার একটি বেসরকারি হাসপাতালে চিকিৎসকের অবহেলায় এক শিক্ষকের মৃত্যুর ঘটনা ঘটেছে। আমরা সাধারণ মানুষ তো সরকারি হাসপাতালগুলোর ওপর ভরসা রাখতেই পারছি না, আবার প্রাইভেট ক্লিনিকগুলোর ওপরও আস্থা হারিয়ে ফেলছি। কিন্তু এসব দেখার কি কেউ নেই?","1. <other_1273_s14> [মানসিক স্বাস্থ্য আইন, ২০১৮, ধারা ১৪] অনিচ্ছুক রোগীর ভর্তি প্রক্রিয়া — (১) উপ-ধারা (৪) এর বিধান সাপেক্ষে মানসিক রোগে আক্রান্ত ব্যক্তির অভিভাবক বা আত্মীয় বা স্থানীয় অধিক্ষেত্রে কর্
2. <other_1413_s17> [সরকারি ঋণ আইন, ২০২২, ধারা ১৭] ধারক কর্তৃক নমিনি মনোনয়ন প্রদান — (১) আপাতত বলবৎ অন্য কোনো আইনে ভিন্নরূপ যাহা কিছুই থাকুক না কেন,-(ক) সরকারি সিকিউরিটি বা জাতীয় সঞ্চয় স্কীমের 
3. <other_1273_s9> [মানসিক স্বাস্থ্য আইন, ২০১৮, ধারা ৯] মানসিক হাসপাতাল পরিদর্শন, তল্লাশি ও জব্দ — (১) সরকার কোনো মানসিক হাসপাতালে যে কোনো সময়ে প্রবেশ, পরিদর্শন, রেজিস্টার ও চিকিৎসা সেবা সংক্রান্ত যন্ত্রপাতি,
4. <other_1586_s22> [গুম প্রতিরোধ ও প্রতিকার অধ্যাদেশ, ২০২৫, ধারা ২২] ভুক্তভোগীর অধিকার — (১) ভুক্তভোগীর নিম্নবর্ণিত বিষয়ে সত্য জানিবার অধিকার থাকিবে, যথা:- (ক) গুম সম্পর্কিত বিস্তারিত ঘটনা ও পারিপার
5. <other_1103_s2_p1> [দুর্যোগ ব্যবস্থাপনা আইন, ২০১২, ধারা ২] সংজ্ঞা — ও শীত বস্ত্রসহ প্রয়োজনীয় অন্যান্য বস্ত্র, আশ্রয়, ঔষধ, নবজাতক ও শিশুদের জন্য অপরিহার্য দ্রব্যাদি, বিশুদ্ধ পা
6. <money_recovery_876_s29> [সমবায় সমিতি আইন, ২০০১, ধারা ২৯] Limitation Act, 1908(Act No. IX of 1908) এ ভিন্নতর যাহা কিছুই থাকুক না কেন,-(ক) কোন সদস্য বা সাবেক সদস্য বা বহ
7. <women_children_835_s32> [নারী ও শিশু নির্যাতন দমন আইন, ২০০০, ধারা ৩২] 80[(১) এই আইনের অধীন সংঘটিত অপরাধে অভিযুক্ত ব্যক্তি এবং অপরাধের শিকার ব্যক্তির মেডিক্যাল পরীক্ষা সর্বাধুনিক প্
8. <other_1170_s15> [বাংলাদেশ  সরকারি-বেসরকারি অংশীদারিত্ব আইন, ২, ধারা ১৫] জাতীয় অগ্রাধিকার প্রকল্প — (১) দেশের আর্থ-সামাজিক উন্নয়ন ত্বরান্বিত করিবার বা জনসাধারণের বড় ধরনের কোন দূর্ভোগ দ্রুত নিরসনের প্রয়োজনে চ
9. <other_1103_s41> [দুর্যোগ ব্যবস্থাপনা আইন, ২০১২, ধারা ৪১] লবণাক্ততা বা প্লাবন সৃষ্টি করা বা চলমান পানি প্রবাহে প্রতিবন্ধকতার সৃষ্টি করা বা বাধেঁর ক্ষতিসাধন, ইত্যাদির দণ্ড — কোন ব্যক্তি যদি ইচ্ছাকৃতভাবে নিজস্ব স্বার্থসিদ্ধির জন্য বা অবহেলায় কোন এলাকায় লবণাক্ততা বা প্লাবন সৃষ্টি করে
10. <other_849_s5> [এডমিরালটি কোর্ট আইন, ২০০০, ধারা ৫] সংঘর্ষ ও অনুরূপ মামলার ক্ষেত্রে কোর্টের in personam এখতিয়ার — (১) এই ধারা প্রযোজ্য হয় এমন কোন দাবী কার্যকর করণার্থ বাংলাদেশের কোন আদালত action in personam বিচারার্থ গ্রহণ ","criminal_procedure_11_s304A, consumer_1014_s53","own_search","answered","2"
"prot_0009_01","Sorup","","আমরা সাত ভাইবোন ছিলাম। ১১ বছর আগে মেজো বোন মারা গেছে। আর তিন বছর হলো মেজো ভাই মারা গেছেন। মেজো ভাইয়ের সম্পদ নিয়ে সমস্যা দেখা দিয়েছে। তাঁর জমি ও ব্যাংকের টাকার ওয়ারিশ কে হবে?","1. <other_1717_s18ক_p1> [ব্যাংক রেজল্যুশন আইন, ২০২৬, ধারা ১৮ক] রেজল্যুশন কার্যক্রম হইতে শেয়ার, সম্পদ-দায়, পুনঃধারণ বা ধারণ — বা পক্ষ ক্ষতিগ্রস্থ হইলে তাহাদের প্রাপ্য ক্ষতিপূরণ প্রদান করিবে; ছ) বাংলাদেশ ব্যাংক, আবেদনকারীর নিকট হস্তান্তর
2. <other_775_s26> [বাংলাদেশ সিকিউরিটিজ অ্যান্ড এক্সচেঞ্জ কমিশন , ধারা ২৬] জটিলতার নিরসনের ক্ষমতা — (১) এই আইনের বিধানাবলী কার্যকর করার ক্ষেত্রে কোন অসুবিধা দেখা দিলে সরকার উক্ত অসুবিধা দূরীকরণার্থে, আদেশ দ্বার
3. <road_transport_1262_s84> [সড়ক পরিবহণ আইন, ২০১৮, ধারা ৮৪] কর্তৃপক্ষ কর্তৃক নির্ধারিত কোনো মোটরযানের কারিগরি বিনির্দেশ অমান্য সংক্রান্ত ধারা ৪০ এর বিধান লঙ্ঘনের দণ্ড — যদি কোনো ব্যক্তি ধারা ৪০ এর বিধান লঙ্ঘন করেন, তাহা হইলে উক্ত লঙ্ঘন হইবে একটি অপরাধ, এবং তজ্জন্য তিনি অনধিক ৩ (
4. <other_813_s20> [বাংলাদেশ কমার্স এন্ড ইনভেষ্টমেন্ট লিমিটেড (প, ধারা ২০] জটিলতা নিরসনের ক্ষমতা — (১) এই আইনের বিধানাবলী কার্যকর করার ক্ষেত্রে কোন অসুবিধা দেখা দিলে সরকার উক্ত অসুবিধা দূরীকরণার্থে, আদেশ দ্বার
5. <land_1455_s10> [ভূমি সংস্কার আইন, ২০২৩, ধারা ১০] বর্গাদারের মৃত্যুর পর বর্গাভূমির চাষ — (১) কোনো বর্গাদার বর্গাচুক্তির মেয়াদ শেষ হইবার পূর্বে মারা গেলে, উহার মেয়াদ শেষ না হওয়া পর্যন্ত অথবা এই আইন
6. <other_889_s12> [নিরাপদ রক্ত পরিসঞ্চালন আইন, ২০০২, ধারা ১২] লাইসেন্সের মেয়াদ ও নবায়ন — (১) বেসরকারী রক্ত পরিসঞ্চালন কেন্দ্র স্থাপন ও পরিচালনার জন্য প্রদত্ত লাইসেন্সের মেয়াদ হইবে লাইসেন্স ইস্যুর তা
7. <other_1156_s25> [মেট্রোরেল আইন, ২০১৫, ধারা ২৫] ক্ষতিপূরণ প্রদান — মেট্রোরেল পরিচালনাকালে উহা হইতে উদ্ভূত দুর্ঘটনার ফলে যদি কোন ব্যক্তি আঘাতপ্রাপ্ত বা ক্ষতিগ্রস্ত হন বা আঘাতপ্রা
8. <other_1201_s27> [বাস র‍্যাপিড ট্রানজিট (বিআরটি) আইন, ২০১৬, ধারা ২৭] ক্ষতিপূরণ প্রদান — বিআরটি পরিচালনাকালে উহা হইতে উদ্ভূত দুর্ঘটনার ফলে যদি কোনো ব্যক্তি আঘাতপ্রাপ্ত বা ক্ষতিগ্রস্ত হন বা আঘাতপ্রাপ্
9. <other_1217_s19> [বাংলাদেশ সড়ক পরিবহণ কর্তৃপক্ষ আইন, ২০১৭, ধারা ১৯] বার্ষিক বাজেট বিবরণী — কর্তৃপক্ষ, প্রতি অর্থ বছর সরকার কর্তৃক নির্দিষ্ট সময়ের মধ্যে পরবর্তী অর্থবৎসরের বার্ষিক বাজেট প্রস্তুত করিয়া
10. <other_1589_s23> [পুলিশ কমিশন অধ্যাদেশ, ২০২৫, ধারা ২৩] কমিশনের জনবল — (১) কমিশন ইহার কার্যাবলি সুষ্ঠুভাবে সম্পাদনের উদ্দেশ্যে, সরকারের পূর্বানুমোদনক্রমে, প্রয়োজনীয় সংখ্যক কর্মচার","other_173_s2","own_search","answered","1"
"prot_0037_08","Sorup","","আমার স্বামী আমাকে না জানিয়ে ঢাকায় বিয়ে করেছেন। এখন আমাদের ভরণপোষণ দেওয়া বন্ধ করে দিয়েছেন। আমি গ্রামের চেয়ারম্যানকে বিষয়টি জানাই।তিনি আমাদের স্বামী-স্ত্রীর সই একটি সাদা স্ট্যাম্পে রেখে তিন মাস পর সিদ্ধান্ত নেবেন বলে জানিয়েছেন। এখন আমার কী করা উচিত?","1. <other_857_s11> [বাংলাদেশ টেলিযোগাযোগ নিয়ন্ত্রণ আইন, ২০০১, ধারা ১১] পরিবারের সদস্যের কতিপয় স্বার্থ সম্পর্কে কমিশনারের দায়িত্ব — (১) কোন কমিশনারের পরিবারের কোন সদস্য যদি ধারা ১০(২)(ছ)- েত উলিস্্নখিত স্বার্থ অর্জন বা ধারণ করেন, তাহা হইলে তি
2. <other_1485_s9> [বাংলাদেশ পুলিশ কল্যাণ তহবিল আইন, ২০২৩, ধারা ৯] মৃত্যু এবং অক্ষমতাজনিত কারণে এককালীন এবং মাসিক কল্যাণ অনুদান — (১) কোনো কর্মচারী বা তাহার মৃত্যু হইলে তাহার স্ত্রী বা, ক্ষেত্রমত, স্বামী, বিধি দ্বারা নির্ধারিত পদ্ধতিতে, নিম
3. <labour_952_s7> [বাংলাদেশ শ্রম আইন, ২০০৬, ধারা ৭] সার্ভিস বইয়ের ফরম — (১) সার্ভিস বই বিধি দ্বারা নির্ধারিত মাপে ও ফরমে রৰিত হইবে, এবং উহাতে শ্রমিকের একটি ফটো সংযোজিত থাকিবে।(২) সার
4. <other_1429_s31> [আয়কর আইন, ২০২৩, ধারা ৩১] আয় একীভূতকরণ — (১) এই আইনে ভিন্নরূপ কিছু না থাকিলে, নিম্নবর্ণিত আয়সমূহ কোনো ব্যক্তির মোট আয়ের অন্তর্ভুক্ত হইবে, যথা:-(ক) উক
5. <other_1266_s2_p3> [বাংলাদেশ মুক্তিযোদ্ধা কল্যাণ ট্রাস্ট আইন, ২০, ধারা ২] সংজ্ঞা — বা স্বামী এবং পিতা-মাতার অবর্তমানে খেতাবপ্রাপ্ত বীর মুক্তিযোদ্ধার সন্তান; বা(উ) (অ)-(ঈ) পর্যন্ত বর্ণিত ব্যক্তি
6. <other_1132_s5> [পিতা-মাতার ভরণ-পোষণ আইন, ২০১৩, ধারা ৫] পিতা-মাতার ভরণ-পোষণ না করিবার দণ্ড — (১) কোন সন্তান কর্তৃক ধারা ৩ এর যে কোন উপ-ধারার বিধান কিংবা ধারা ৪ এর বিধান লংঘন অপরাধ বলিয়া গণ্য হইবে এবং উক
7. <other_1429_s272> [আয়কর আইন, ২০২৩, ধারা ২৭২] আয় গোপন করিবার জন্য জরিমানা — (১) এই আইনের অধীন কোনো কার্যক্রম চলাকালে, কার্যক্রম পরিচালনাকারী কর্তৃপক্ষ যদি এই মর্মে সন্তুষ্ট হয় যে, কোনো 
8. <labour_952_s13> [বাংলাদেশ শ্রম আইন, ২০০৬, ধারা ১৩] প্রতিষ্ঠান বন্ধ রাখা — (১) কোন প্রতিষ্ঠানের কোন শাখা বা বিভাগে বে-আইনী ধর্মঘটের কারণে মালিক উক্ত শাখা বা প্রতিষ্ঠান আংশিক বা সম্পূর্ণ
9. <labour_1285_s12> [বাংলাদেশ ইপিজেড শ্রম আইন, ২০১৯, ধারা ১২] প্রতিষ্ঠান বন্ধ রাখা — (১) কোনো প্রতিষ্ঠানের কোনো শাখা বা বিভাগে বে-আইনী ধর্মঘটের কারণে, কর্তৃপক্ষের পূর্বানুমোদনক্রমে, মালিক উক্ত শা
10. <other_1429_s135> [আয়কর আইন, ২০২৩, ধারা ১৩৫] (১) স্টক এক্সচেঞ্জে তালিকাভুক্ত কোনো কোম্পানি বা তহবিলের সিকিউরিটিজ হস্তান্তরের জন্য দায়িত্বপ্রাপ্ত কোনো ব্যক","family_305_s9, family_305_s6","own_search","answered","2"
"prot_0029_01","Sorup","","আমি সিএ পড়ি। যে মেয়েটির সঙ্গে আমার সম্পর্ক, সে উচ্চমাধ্যমিক পর্যায়ে পড়ছে। দুই বছর আগে তার পরিবার জোর করে তাকে বিয়ে দিয়ে দেয়। তখন তার বয়স মাত্র ১৫, আর তার স্বামীর বয়স ৩৫ বছর। মেয়েটি তার স্বামীর সঙ্গে সংসার করতে চায় না। আমরা ঠিক করেছি, আগামী বছর তার উচ্চমাধ্যমিক পরীক্ষা শেষ হলে বিয়ে করব। তার পক্ষে পরিবারে থাকা অবস্থায় স্বামীকে তালাক দেওয়া সম্ভব নয়। তাই সে সিদ্ধান্ত নিয়েছে, পরীক্ষার পরই আমার কাছে চলে আসবে। এ ক্ষেত্রে আমাদের করণীয় কী? ও চলে এলে আমাদের কী কী আইনগত সমস্যা হতে পারে এবং এর প্রতিকার কী?","1. <labour_1285_s24> [বাংলাদেশ ইপিজেড শ্রম আইন, ২০১৯, ধারা ২৪] চাকরি হইতে অবসর গ্রহণ — (১) এই অধ্যায়ের অন্যত্র যাহা কিছুই উল্লে­খ থাকুক না কেন, কোনো প্রতিষ্ঠানে নিয়োজিত কোনো শ্রমিকের বয়স ৬০ (ষাট
2. <other_1103_s35> [দুর্যোগ ব্যবস্থাপনা আইন, ২০১২, ধারা ৩৫] দুর্যোগ ব্যবস্থাপনায় জরুরি করণীয় — (১) তফসিলে উল্লিখিত দুর্যোগ ব্যবস্থাপনায় জরুরি করণীয় সংক্রান্ত নির্দেশাবলী সংশ্লিষ্ট সকলকে মানিয়া চলিতে হইব
3. <other_775_s26> [বাংলাদেশ সিকিউরিটিজ অ্যান্ড এক্সচেঞ্জ কমিশন , ধারা ২৬] জটিলতার নিরসনের ক্ষমতা — (১) এই আইনের বিধানাবলী কার্যকর করার ক্ষেত্রে কোন অসুবিধা দেখা দিলে সরকার উক্ত অসুবিধা দূরীকরণার্থে, আদেশ দ্বার
4. <other_813_s20> [বাংলাদেশ কমার্স এন্ড ইনভেষ্টমেন্ট লিমিটেড (প, ধারা ২০] জটিলতা নিরসনের ক্ষমতা — (১) এই আইনের বিধানাবলী কার্যকর করার ক্ষেত্রে কোন অসুবিধা দেখা দিলে সরকার উক্ত অসুবিধা দূরীকরণার্থে, আদেশ দ্বার
5. <other_1403_s40> [মোংলা বন্দর কর্তৃপক্ষ আইন, ২০২২, ধারা ৪০] দণ্ড — কোনো ব্যক্তি যদি এই আইন ও বিধির কোনো বিধান লঙ্ঘন করেন তাহা হইলে উক্ত লঙ্ঘন হইবে একটি অপরাধ এবং তজ্জন্য তিনি অন
6. <other_935_s15> [বেসরকারী নিরাপত্তা সেবা আইন, ২০০৬, ধারা ১৫] লাইসেন্সের মেয়াদ, নবায়ন, স্থগিতকরণ ও বাতিল — (১) বেসরকারী নিরাপত্তা সেবা প্রতিষ্ঠান স্থাপন ও পরিচালনার জন্য প্রদত্ত লাইসেন্সের মেয়াদ হইবে লাইসেন্স ইস্যুর 
7. <other_1469_s41> [ঠাকুরগাঁও বিশ্ববিদ্যালয় আইন, ২০২৩, ধারা ৪১] বিশ্ববিদ্যালয়ের পাঠক্রমে ভর্তি — (১) এই আইন ও সংবিধির বিধান সাপেক্ষে, বিশ্ববিদ্যালয়ের ডিগ্রি, ডিপ্লোমা, সার্টিফিকেট ও অন্যান্য পাঠক্রমে শিক্ষা
8. <other_1487_s10> [অফশোর ব্যাংকিং আইন, ২০২৪, ধারা ১০] অফশোর ব্যাংকিং কার্যক্রম পরিচালনার জন্য প্রদত্ত লাইসেন্স ধারা ৯ এর অধীন বাতিল বা সমর্পণ কার্যকর হইবার ২ (দুই) 
9. <women_children_1207_s12> [বাল্যবিবাহ নিরোধ আইন, ২০১৭, ধারা ১২] বয়স প্রমাণের দলিল — বিবাহ বন্ধনে আবদ্ধ বা আবদ্ধ হইতে ইচ্ছুক নারী বা পুরুষের বয়স প্রমাণের জন্য জন্ম নিবন্ধন সনদ, জাতীয় পরিচয় পত্
10. <other_1064_s17> [আন্তজার্তিক মাতৃভাষা ইনস্টিটিউট  আইন, ২০১০, ধারা ১৭] প্রতিবেদন — (১) প্রতি পঞ্জিকা বছর শেষ হইবার সঙ্গে সঙ্গে ইনস্টিটিউট উক্ত বৎসরে সম্পাদিত কার্যাবলীর খতিয়ান-সম্বলিত বার্ষিক ","family_180_s2_p0, criminal_procedure_11_s498","own_search","answered","2"
"prot_0110_03","Sorup","","কিন্তু বিমান সদর Application of The Provision of Rule 191 (15) (C) of AF Act Rules 1957 অধীনে আমাকে ডিসচার্জ করে ২৭ জুন ২০০৯ সালে। আমাকে তিন মাস অবসরকালীন ছুটি দেওয়া হয়। উল্লেখ্য, আমি ছয় মাস ট্রেনিং ও তিন মাস প্রমোশন কোর্স সফলভাবে শেষ করি। ভর্তির সময় এসএসসি সনদ অনুযায়ী চাকরির বয়স ছিল। এখন কি আমি শ্রম আদালতে মামলা করে চাকরি ফিরে পেতে পারব?","1. <labour_1285_s2_p1> [বাংলাদেশ ইপিজেড শ্রম আইন, ২০১৯, ধারা ২] সংজ্ঞা — (১৯৯৪ সনের ১৮ নং আইন) এর অধীন নিবন্ধিত কোনো কোম্পানি, যাহার অধীন কোনোজোনেএক বা একাধিক শিল্প প্রতিষ্ঠান রহিয়াছ
2. <other_1246_s203> [ক্যান্টনমেন্ট আইন, ২০১৮, ধারা ২০৩] অভিযুক্তকরণের সীমাবদ্ধতা — (১) এই আইন বা উহার অধীন কোনো অপরাধ সংঘটিত হইবার ৬ (ছয়) মাস অতিক্রান্ত হইবার পর তৎসম্পর্কে কোনো অভিযোগ বা মামল
3. <labour_1285_s34> [বাংলাদেশ ইপিজেড শ্রম আইন, ২০১৯, ধারা ৩৪] কতিপয় ক্ষেত্রে মহিলা শ্রমিকের চাকরির অবসানে বাধা — যদি কোনো মহিলা শ্রমিকের সন্তান প্রসবের পূর্ববর্তী ৬ (ছয়) মাস এবং সন্তান প্রসবের পরবর্তী ৮ (আট) সপ্তাহ মেয়াদে
4. <other_1009_s33> [সন্ত্রাস বিরোধী আইন, ২০০৯, ধারা ৩৩] বিশেষ ট্রাইব্যুনাল কর্তৃক মামলা নিষ্পত্তির নির্ধারিত সময়সীমা — (১) বিশেষ ট্রাইব্যুনালের বিচারক মামলার64[অভিযোগ গঠন (Charge frame) এর] তারিখ হইতে ছয় মাসের মধ্যে মামলার বিচার
5. <local_government_1027_s40> [স্থানীয় সরকার (ইউনিয়ন পরিষদ) আইন, ২০০৯, ধারা ৪০] চেয়ারম্যান ও সদস্যগণের ছুটি — কোন চেয়ারম্যান বা কোন সদস্যকে পরিষদ যুক্তিসঙ্গত কারণে ১ (এক) বৎসরে সর্বোচ্চ ৩ (তিন) মাস ছুটি মঞ্জুর করিতে পার
6. <labour_952_s216_p1> [বাংলাদেশ শ্রম আইন, ২০০৬, ধারা ২১৬] অপরাধ বিচার ছাড়া অন্য কোন বিষয়ে শ্রম আদালতের ক্ষমতা ওকার্যক্রম — বা আপত্তি পেশ করিতে ব্যর্থ হয়, তাহা হইলে মামলাটি একতরফা শুনানীক্রমে নিষ্পত্তি করা হইবে।(৬) কোন পক্ষের আবেদনক্
7. <criminal_procedure_1239_s47> [রংপুর মহানগরী পুলিশ আইন, ২০১৮, ধারা ৪৭] মিথ্যা বিবৃতি, ইত্যাদির জন্য দণ্ড — কোনো ব্যক্তি পুলিশ অফিসার হিসাবে চাকরি লাভের অথবা চাকরি হইতে অব্যাহতি লাভের জন্য কোনো মিথ্যা বিবৃতিদান বা মিথ্
8. <other_1052_s11> [বাংলাদেশ গ্যাস আইন, ২০১০, ধারা ১১] অননুমোদিত উদ্দেশ্যে গ্যাস ব্যবহারের দন্ড — (১) কোন গৃহস্থালী গ্রাহক তাহার গৃহস্থালী সংযোগ হইতে অননুমোদিত বা অবৈধভাবে বাণিজ্যিক কাজে বা শিল্প প্রতিষ্ঠানে 
9. <criminal_procedure_1238_s47> [গাজীপুর মহানগরী পুলিশ আইন, ২০১৮, ধারা ৪৭] মিথ্যা বিবৃতি, ইত্যাদির জন্য দণ্ড — কোনো ব্যক্তি পুলিশ অফিসার হিসাবে চাকরি লাভের অথবা চাকরি হইতে অব্যাহতি লাভের জন্য কোনো মিথ্যা বিবৃতিদান বা মিথ্
10. <women_children_1207_s9> [বাল্যবিবাহ নিরোধ আইন, ২০১৭, ধারা ৯] বাল্যবিবাহ সম্পাদন বা পরিচালনা করিবার শাস্তি — কোন ব্যক্তি বাল্যবিবাহ সম্পাদন বা পরিচালনা করিলে উহা হইবে একটি অপরাধ এবং তজ্জন্য তিনি অনধিক ২ (দুই) বৎসর ও অন্","labour_952_s1","own_search","answered","1"
"prot_0011_05","Sorup","","আমি আমার বাবার দ্বিতীয় পক্ষের মেয়েসন্তান। আমরা দুই বোন এক ভাই। বড় বোন বিবাহিত। আমি স্নাতক (সম্মান) চতুর্থ বর্ষে আর আমার ভাই প্রথম বর্ষে পড়াশোনা করে। এক সপ্তাহ আগে আমার বাবা গোপনে তাঁর সমস্ত সম্পত্তি (২ একর ৬৭ শতক) তাঁর প্রথম পক্ষের দুই ছেলেকে দলিল করে দিয়েছেন। আমার ভাইকে কোনো সম্পত্তি না দিয়ে, তাঁকে উত্তরাধিকার থেকে বঞ্চিত করেছেন। আমার বাবা আমাদের দুই ভাইবোনের পড়াশোনার কোনো খরচ বহন করেন না এবং মাসহ আমাদের কোনো ভরণপোষণ দেন না। তাতে আমরা মৌখিকভাবে অনেক অভিযোগ করলেও কোনো লাভ হয়নি। কিন্তু শেষ পর্যন্ত বাবার সম্পত্তি থেকে বঞ্চিত হব, এটা কোনোভাবেই আমরা মেনে নিতে পারছি না। এমনকি তিনি আমাদের বসতবাড়িটাও তাঁর দুই ছেলের নামে লিখে দিয়েছেন। আমাদের বাড়ি থেকে তাড়িয়ে দিয়েছেন। তবে এখনো তাঁর ৬৯ শতক জমি ব্যাংকের কাছে দায়বদ্ধ (মর্টগেজ) আছে। এখন প্রশ্ন হলো, আমরা বাবার এই অন্যায় কাজের বিরুদ্ধে কী ধরনের পদক্ষেপ নিতে পারি এবং উত্তরাধিকার সূত্রে কীভাবে তাঁর সম্পত্তির অংশ পেতে পারি। সঠিক আইনটি জানালে আমরা অনেক উপকৃত হব। বাংলাদেশে কি এমন আইন করা যায় না, যেখানে কোনো বাবাই তাঁর কোনো সন্তানকে তার ন্যায্য পাওনা থেকে বঞ্চিত করতে পারবেন না? সুলতানা","1. <other_812_s9> [দেউলিয়া বিষয়ক আইন, ১৯৯৭, ধারা ৯] দেউলিয়া কর্ম — (১) কোন দেনাদারের নিম্্নবর্ণিত যেকোন একটি কাজই হইবে দেউলিয়া কর্ম, যথা :- (ক) যদি তিনি বাংলাদেশ বা অন্যত্র তাহ
2. <other_1682_s2_p0> [মানবদেহে অঙ্গ-প্রত্যঙ্গ সংযোজন আইন, ২০২৬, ধারা ২] সংজ্ঞা — বিষয় বা প্রসঙ্গের পরিপন্থি কোনো কিছু না থাকিলে, এই আইনে- (১) “অঙ্গ-প্রত্যঙ্গ” অর্থ মানবদেহের কিডনি, হৃৎপিণ্ড,
3. <other_812_s84_p0> [দেউলিয়া বিষয়ক আইন, ১৯৯৭, ধারা ৮৪] দেনাদারের অপরাধ ও উহাদের দণ্ড — (১) এই আইনের অধীনে কোন দেনাদার দেউলিয়া হইলে বা তাহার বিষয়াদি সম্পর্কে পুনর্গঠন আদেশ প্রদান করা হইলে, তাহার ন
4. <other_788_s335_p0> [কোম্পানী আইন, ১৯৯৪, ধারা ৩৩৫] দণ্ড — (১) যে কোন পদ্ধতিতে কোম্পানীর অবলুপ্তি চলিতে থাকাকালে কোম্পানীর সাবেক বা বর্তমান কোন পরিচালক, ম্যানেজিং এজেন্ট
5. <money_recovery_1468_s21> [সুরক্ষিত লেনদেন (অস্থাবর সম্পত্তি) আইন, ২০২৩, ধারা ২১] সুরক্ষিত পক্ষের দায়-দায়িত্ব — (১) দেনাদার তাহার দখলে থাকা অস্থাবর সম্পত্তি সুরক্ষিত পক্ষের অনুমতি গ্রহণ ব্যতীত বিক্রয় বা অন্য কোনোভাবে হস্ত
6. <land_856_s27> [অর্পিত সম্পত্তি প্রত্যর্পণ আইন, ২০০১, ধারা ২৭] (১) ধারা ২৬ এর অধীনে ‘ক’ তফসিলে বর্ণিত সম্পত্তি বিক্রয় বা স্থায়ী ইজারা প্রদানের ক্ষেত্রে, উক্ত সম্পত্তি যে হ
7. <other_1155_s16_p2> [রাজশাহী কৃষি উন্নয়ন ব্যাংক আইন, ২০১৪, ধারা ১৬] ব্যাংকের কার্যাবলী — (Agency) বা প্রতিসংগী (Correspondent) হিসাবে কাজ করা;(ণ) কেবল সাময়িক ব্যবস্থা হিসাবে সরকারি জামানতসমূহে উহার 
8. <other_1412_s6_p0> [বেসরকারি মেডিকেল কলেজ ও ডেন্টাল কলেজ আইন, ২০, ধারা ৬] বেসরকারি মেডিকেল কলেজ বা ডেন্টাল কলেজ স্থাপনের শর্তাবলি — এই আইনের অধীন বেসরকারি মেডিকেল কলেজ বা ডেন্টাল কলেজ স্থাপনের লক্ষ্যে নিম্নবর্ণিত শর্তাবলি পূরণ করিতে হইবে, যথা
9. <other_812_s60> [দেউলিয়া বিষয়ক আইন, ১৯৯৭, ধারা ৬০] কতিপয় হস্তান্তর রহিতকরণ — (১) দেউলিয়া ঘোষণাদেশ প্রদান তারিখের অব্যবহিত পূর্ববর্তী ১৫ (পনর) বত্সরের মধ্যে সম্পাদিত দেনাদারের কোন সম্পত্ত
10. <other_1429_s67_p4> [আয়কর আইন, ২০২৩, ধারা ৬৭] অন্যান্য উৎস হইতে আয়ের বিশেষ ক্ষেত্র — স্বামী-স্ত্রী89[আপন ভাই বা বোন,], পিতা-মাতা বা সন্তানের নিকট হইতে এইরূপ অর্থ গ্রহণ করা হইলে এবং উহা90[দাতা ও গ","family_1444_s5, other_173_s2","own_search","answered","1"
"prot_0003_03","Sorup","","২০১৩ সালে আমার বোনের বিয়ে হয়। বোন এখন তাঁর স্বামীকে তালাক দিতে চান। বিয়ে কাজি অফিসে নিবন্ধিত হয়েছিল। বর্তমানে আমার বোন কানাডায় থাকেন এবং সে দেশের স্থায়ী বাসিন্দা। তাঁর স্বামী থাকেন বগুড়ায়। তিনি কানাডা যাওয়ার জন্য চেষ্টা করেছেন কিন্তু প্রয়োজনীয় কাগজপত্র পাননি। আমি ঢাকায় থাকি। বোনের তালাকের আইনি প্রক্রিয়া কি আমরা ঢাকা থেকেই করতে পারব, নাকি বগুড়ায় যেতে হবে? তালাকের প্রক্রিয়া কি কাজি অফিসের মাধ্যমেই করতে হবে? আরেকটি বিষয়। আমরা তিন ভাই, তিন বোন। একই ভবনে আমাদের সাতটা ফ্ল্যাট রয়েছে। এর একটি আমার মায়ের। এখন আমার মা চাচ্ছেন ফ্ল্যাটটি তাঁর ছেলেমেয়েদের উইল করে দিয়ে দিতে। তিনি কি মুসলিম আইন অনুযায়ী এটা করতে পারেন? আমরা ভাই ও বোনেরা কি সমান অংশ পাব? নাম প্রকাশে অনিচ্ছুক","1. <other_1682_s2_p0> [মানবদেহে অঙ্গ-প্রত্যঙ্গ সংযোজন আইন, ২০২৬, ধারা ২] সংজ্ঞা — বিষয় বা প্রসঙ্গের পরিপন্থি কোনো কিছু না থাকিলে, এই আইনে- (১) “অঙ্গ-প্রত্যঙ্গ” অর্থ মানবদেহের কিডনি, হৃৎপিণ্ড,
2. <other_1266_s2_p3> [বাংলাদেশ মুক্তিযোদ্ধা কল্যাণ ট্রাস্ট আইন, ২০, ধারা ২] সংজ্ঞা — বা স্বামী এবং পিতা-মাতার অবর্তমানে খেতাবপ্রাপ্ত বীর মুক্তিযোদ্ধার সন্তান; বা(উ) (অ)-(ঈ) পর্যন্ত বর্ণিত ব্যক্তি
3. <other_1148_s2> [বাংলাদেশ সাংবাদিক কল্যাণ ট্রাস্ট আইন, ২০১৪, ধারা ২] সংজ্ঞা — বিষয় বা প্রসঙ্গের পরিপন্থী কোন কিছু না থাকিলে, এই আইনে-(১) ‘‘চেয়ারম্যান’’ অর্থ বোর্ডের চেয়ারম্যান;(২) ‘‘ট্র
4. <other_943_s2> [বাংলাদেশ শ্রমিক কল্যাণ ফাউন্ডেশন আইন, ২০০৬, ধারা ২] সংজ্ঞা — বিষয় বা প্রসঙ্গের পরিপন্থী কিছু না থাকিলে, এই আইনে-(ক) “অপ্রাতিষ্ঠানিক খাত” অর্থ এইরূপ বেসরকারী খাত যেখানে কর
5. <other_1378_s2> [বাংলাদেশ চলচ্চিত্র শিল্পী কল্যাণ ট্রাস্ট আইন, ধারা ২] সংজ্ঞা — বিষয় বা প্রসঙ্গের পরিপন্থি কোনো কিছু না থাকিলে, এই আইনে-(ক) “চলচ্চিত্র” অর্থ সেলুলয়েড, অ্যানালগ, ডিজিটাল বা 
6. <other_1349_s2> [আকাশপথে পরিবহণ (মন্ট্রিল কনভেনশন) আইন, ২০২০, ধারা ২] বিষয়বাপ্রসঙ্গেরপরিপন্থিকোনোকিছুনাথাকিলে,এইআইনে-(ক)‘অভ্যন্তরীণপরিবহণ’অর্থআকাশপথে পরিবহণেপক্ষসমূহেরমধ্যেসম্পাদি
7. <other_1485_s2> [বাংলাদেশ পুলিশ কল্যাণ তহবিল আইন, ২০২৩, ধারা ২] সংজ্ঞা — বিষয় বা প্রসঙ্গের পরিপন্থি কোনো কিছু না থাকিলে, এই আইনে,-(১) ""কর্মচারী"" অর্থ-(ক) পুলিশ ইন্সপেক্টরের নিম্ন পদম
8. <other_1718_s83> [অর্থ (২০২৫-২০২৬ অর্থ বৎসর) আইন, ২০২৬, ধারা ৮৩] ২০২৩ সনের ১২ নং আইনের ধারা ১৩৫ এর সংশোধন — উক্ত আইনের ধারা ১৩৫ এর- (ক) উপ-ধারা (১) এ উল্লিখিত “১০% (দশ শতাংশ)” সংখ্যা, চিহ্ন, বন্ধনী ও শব্দগুলির পরিবর্তে
9. <other_1248_s2> [ওয়েজ আর্নার্স কল্যাণ বোর্ড আইন, ২০১৮, ধারা ২] সংজ্ঞা — বিষয় বা প্রসঙ্গের পরিপন্থি কোনো কিছু না থাকিলে, এই আইনে -(১) ‘‘অভিবাসী’’ অর্থ বাংলাদেশের কোনো নাগরিক যিনি কোন
10. <other_1271_s22> [সরকারি চাকরি আইন, ২০১৮, ধারা ২২] কল্যাণমূলক ব্যবস্থা — (১) সরকার বা, ক্ষেত্রমত, উপযুক্ত কর্তৃপক্ষ সরকারি কর্মচারী ও তাহার পরিবারের সদস্যগণের কল্যাণে শিক্ষা, চিকিৎসা,","family_305_s8, family_476_s6","own_search","answered","2"
"prot_0092_01","Sorup","","আমরা দুই বোন। আমাদের কোনো ভাই নেই। চাচারা বাবাকে বলেছিলেন যে মেয়ে থাকলে সম্পত্তি আলাদা করা যাবে না। আমি বাবাকে বলেছি, জমি আলাদা করতে আইনের আশ্রয় নেন। কিন্তু বাবা নেননি, নেবেও না। আমাদের বলে দিয়েছেন যে তাঁর ভাইদের বিরুদ্ধে কিছু কাউকে বলবেন না। এক চাচা বাবার কাছ থেকে আড়াই লাখ টাকা ধার নিয়ে এখন কিছু টাকা ফেরত দিয়ে বাকি টাকাও আর দিতে চান না। বাবার ছোট দুই ভাই বাবার জমির দলিল ব্যাংকে রেখে ঋণ নিয়ে গ্রামে দোতলা বাড়ি করেছেন। এখন বাবাকে দলিলও দিচ্ছেন না। এসব কি সত্যিই এভাবে চলবে?আমরা দুই মেয়ে হওয়ার কারণে বাবা কোনো প্রতিবাদ করার সাহস পান না। সত্যিই কি মেয়ে হওয়ার কারণে নিজেদের প্রাপ্যটুকুও পাব না?চাচারা বাবাকে প্রাপ্য টাকা, জমির দলিল দিচ্ছেন না। এসব ন্যায্য অধিকার পাওয়ার জন্য কীভাবে আইনের আশ্রয় নিতে পারি? নাম প্রকাশে অনিচ্ছুক","1. <other_721_s7> [বাংলাদেশ ঋণ সালিসি আইন, ১৯৮৯, ধারা ৭] কতিপয় বিক্রয় বাতিল — (১) এই আইন বলবত্ হইবার পর অনধিক দুই একর কৃষি জমির মালিক কোন কৃষক প্রাকৃতিক দুর্যোগে তগতিগ্রস্ত হওয়ার বা জীবন 
2. <other_721_s6_p0> [বাংলাদেশ ঋণ সালিসি আইন, ১৯৮৯, ধারা ৬] কতিপয় জমির বিক্রয় খায়খালাসী বন্ধক ঘোষণা — (১) এই আইন বলবত্ হইবার পর অনধিক তিন একর কৃষি জমির মালিক কোন কৃষক প্রাকৃতিক দুর্যোগে তগতিগ্রস্ত হওয়ার বা জীবন 
3. <other_812_s84_p3> [দেউলিয়া বিষয়ক আইন, ১৯৯৭, ধারা ৮৪] দেনাদারের অপরাধ ও উহাদের দণ্ড — উদ্দেশ্য ছিল না, তাহা হইলে উক্তরূপ কোন কাজ অথবা উহাতে তাহার জড়িত থাকা কোন অপরাধ হইবে না; (ঞ) দেনাদার কর্তৃক ব
4. <other_831_s7_p2> [অর্থ আইন, ১৯৯৯, ধারা ৭] ১৯৯১ সনের ২২ নং আইন সংশোধন — কিছুই থাকুক না কেন, প্রতিষ্ঠিত নিবন্ধিত ব্যক্তির তেগত্রে, প্রতিষ্ঠিত নিবন্ধিত ব্যক্তি বিবেচিত হওয়ার বত্সরে এই
5. <other_1429_s125> [আয়কর আইন, ২০২৩, ধারা ১২৫] সম্পত্তি হস্তান্তর, ইত্যাদি হইতে কর সংগ্রহ — 140[(১)Registration Act, 1908(Act No. XVI of 1908) এর section 17 এর sub-section (1) এর clauses (b), (c) বা (e)
6. <other_1138_s30> [গ্রামীণ ব্যাংক আইন, ২০১৩, ধারা ৩০] দণ্ড, ইত্যাদি — (১) যদি কোন ব্যক্তি এই আইনের অধীন প্রার্থিত বা মঞ্জুরীকৃত কোন ঋণ বা সুবিধার জন্য ব্যাংককে প্রদত্ত কোন মালিকানা
7. <other_822_s10> [পার্বত্য চট্টগ্রাম আঞ্চলিক পরিষদ আইন, ১৯৯৮, ধারা ১০] সম্পত্তি সম্পর্কিত ঘোষণা — চেয়ারম্যান ও প্রত্যেক সদস্য তাহার কার্যভার গ্রহণের পূর্বে তাহার এবং তাঁহার পরিবারের কোন সদস্যের স্বত্ব, দখল ব
8. <cybercrime_950_s63> [তথ্য ও যোগাযোগ প্রযুক্তি আইন, ২০০৬, ধারা ৬৩] গোপনীয়তা প্রকাশ সংক্রান্ত অপরাধ ও উহার দণ্ড — (১) এই আইন বা আপাততঃ বলবত্ অন্য কোন আইনে ভিন্নরূপ কোন কিছু না থাকিলে, কোন ব্যক্তি যদি এই আইন বা তদধীন প্রণীত ব
9. <other_857_s42_p1> [বাংলাদেশ টেলিযোগাযোগ নিয়ন্ত্রণ আইন, ২০০১, ধারা ৪২] পথাধিকার (Right of way) ইত্যাদি — বা স্থানীয় কর্তৃপক্ষ বা সংবিধিবদ্ধ সংস্থা সাধারণতঃ পথাধিকার প্রয়োগে বাধা দিবে না।(৪) উপ-ধারা (১) এর বিধানবলে
10. <other_812_s12> [দেউলিয়া বিষয়ক আইন, ১৯৯৭, ধারা ১২] পাওনাদার কর্তৃক আর্জি পেশ করার শর্তাবলী — (১) দেনাদারের বিরুদ্ধে কোন পাওনাদার আর্জি পেশ করার অধিকারী হইবেন না, যদি তিনি একজন যথাযোগ্য পাওনাদার না হন, এব","other_36_s10, other_173_s2","own_search","answered","1"
"prot_0072_04","Sorup","","আমার বয়স ২৪ বছর। আমি একটি ছেলেকে ভালোবেসে বিয়ে করি। বিয়ের দুই বছর পর স্বামী ও শাশুড়ি আমাকে শারীরিক নির্যাতন এবং প্রচণ্ড মারধর করেন। তারপর আমি আমার বাপের বাড়ি চলে আসি। এখন আমি অন্তঃসত্ত্বা, পাঁচ মাস ধরে স্বামী আমার কোনো খরচ বহন করেন না। তিনি তাঁর মাকে দিয়ে আমাকে চাপ দিচ্ছেন, যেন আমি নিজেই তাঁকে তালাক দিই। আমার বিয়েতে কাবিন হয়েছিল ১০ লাখ টাকা। আইনের সাহায্য নিতে হলে আমার করণীয় কী?","1. <other_1403_s40> [মোংলা বন্দর কর্তৃপক্ষ আইন, ২০২২, ধারা ৪০] দণ্ড — কোনো ব্যক্তি যদি এই আইন ও বিধির কোনো বিধান লঙ্ঘন করেন তাহা হইলে উক্ত লঙ্ঘন হইবে একটি অপরাধ এবং তজ্জন্য তিনি অন
2. <other_1684_s24> [মানব পাচার ও অভিবাসী চোরাচালান প্রতিরোধ ও দম, ধারা ২৪] আপসের উদ্দেশ্যে ভিকটিম বা সাক্ষীকে চাপ প্রয়োগ, প্রভাবিত ও ভয়-ভীতি প্রদর্শন করিবার অপরাধ ও উহার দণ্ড — (১) যদি কোনো ব্যক্তি এই আইনের অধীন সংঘটিত কোনো অপরাধের আপস করিবার উদ্দেশ্যে মামলার তদন্ত পর্যায়ে অথবা বিচার চ
3. <other_1485_s9> [বাংলাদেশ পুলিশ কল্যাণ তহবিল আইন, ২০২৩, ধারা ৯] মৃত্যু এবং অক্ষমতাজনিত কারণে এককালীন এবং মাসিক কল্যাণ অনুদান — (১) কোনো কর্মচারী বা তাহার মৃত্যু হইলে তাহার স্ত্রী বা, ক্ষেত্রমত, স্বামী, বিধি দ্বারা নির্ধারিত পদ্ধতিতে, নিম
4. <other_1195_s29> [চা আইন, ২০১৬, ধারা ২৯] দণ্ড — যদি কোন ব্যক্তি-(ক) ধারা ১৬ ও ২১ ব্যতীত এই আইনের কোন বিধান লঙ্ঘন করেন, বা(খ) এই আইনের অধীন জারীকৃত কোন আদেশ বা
5. <other_1476_s171_p17> [কাস্টমস আইন, ২০২৩, ধারা ১৭১] অপরাধসমূহের জরিমানা বা দণ্ড — কোনো সংকেত বা সংবাদ পূর্বোল্লিখিত সংকেত বা সংবাদ কিনা, তাহা হইলে উহা প্রমাণ করিবার দায় বিবাদীর উপর বর্তাইবে।(
6. <other_831_s7_p2> [অর্থ আইন, ১৯৯৯, ধারা ৭] ১৯৯১ সনের ২২ নং আইন সংশোধন — কিছুই থাকুক না কেন, প্রতিষ্ঠিত নিবন্ধিত ব্যক্তির তেগত্রে, প্রতিষ্ঠিত নিবন্ধিত ব্যক্তি বিবেচিত হওয়ার বত্সরে এই
7. <women_children_835_s11> [নারী ও শিশু নির্যাতন দমন আইন, ২০০০, ধারা ১১] যৌতুকের জন্য মৃত্যু ঘটানো, ইত্যাদির শাস্তি — যদি কোন নারীর স্বামী অথবা স্বামীর পিতা, মাতা, অভিভাবক, আত্মীয় বা স্বামীর পক্ষে অন্য কোন ব্যক্তি যৌতুকের জন্য 
8. <road_transport_1262_s84> [সড়ক পরিবহণ আইন, ২০১৮, ধারা ৮৪] কর্তৃপক্ষ কর্তৃক নির্ধারিত কোনো মোটরযানের কারিগরি বিনির্দেশ অমান্য সংক্রান্ত ধারা ৪০ এর বিধান লঙ্ঘনের দণ্ড — যদি কোনো ব্যক্তি ধারা ৪০ এর বিধান লঙ্ঘন করেন, তাহা হইলে উক্ত লঙ্ঘন হইবে একটি অপরাধ, এবং তজ্জন্য তিনি অনধিক ৩ (
9. <other_1478_s55_p1> [ফাইন্যান্স কোম্পানি আইন, ২০২৩, ধারা ৫৫] জরিমানা — বাংলাদেশ ব্যাংক অন্যূন ৫ (পাঁচ) লক্ষ টাকা এবং অনধিক ২৫ (পঁচিশ) লক্ষ টাকা জরিমানা আরোপ করিতে পারিবে।(৫) কোনো ফা
10. <other_1106_s113> [মূল্য সংযোজন কর ও সম্পূরক শুল্ক আইন, ২০১২, ধারা ১১৩] প্রতিবন্ধকতা সৃষ্টির অপরাধ ও দণ্ড — মূসক কর্মকর্তাকে এই আইন বা তদধীন প্রণীত বিধিমালার অধীন দায়িত্ব পালনে যদি কোন ব্যক্তি অসৎ উদ্দেশ্যে প্রতিবন্ধক","family_1444_s5, women_children_1063_s11","own_search","answered","2"
"prot_0039_04","Sorup","","আমার বিয়ে হয় ২০০৮ সালে। এর এক বছর পর আমার একটি ছেলে হয়। বিয়েতে দেনমোহর যা ছিল তার মধ্যে কিছু টাকা বিয়ের সময় পরিশোধ করা হয়। এটি কাবিনে উল্লেখ আছে। এখন আমি স্ত্রীকে তালাক দিলে আমাকে বাকি আর কত টাকা দিতে হবে এবং আমার স্ত্রী আমার বিরুদ্ধে কোনো আইনি ব্যবস্থা নিতে পারবে কি না? আমার বাচ্চাটি কার কাছে থাকবে? সুজন , দিনাজপুর। @ তালাকের পর আপনার স্ত্রী আপনার বিরুদ্ধে ইদ্দত চলাকালে অর্থাৎ তিন মাসের ভরণপোষণ ও দেনমোহরের জন্য আবেদন করতে পারেন। এ ছাড়া আপনার সন্তান সাত বছর বয়স পর্যন্ত মায়ের কাছে থাকবে এবং এ সময়ে তাঁর ভরণপোষণের ব্যয় আপনাকে বহন করতে হবে। জীবনে চলতে-ফিরতে যেসব আইনি জটিলতায় পড়তে হয়, বিভাগে তারই সমাধান পাওয়া যাবে।এ বিভাগে আইনি সমস্যার সমাধান দেবেন বাংলাদেশ সুপ্রিম কোর্টের আইনজীবী নাহিদ মাহতাব। স্পষ্ট করে নিজের সমস্যা লিখে পাঠান। প্রয়োজনীয় কাগজের অনুলিপি দিন। : , , , , ১০০ কাজী নজরুলইসলাম অ্যাভিনিউ, , ঢাকা। এ ছাড়া এই ঠিকানায় করেও সমস্যার কথা জানাতে পারেন","1. <criminal_procedure_765_s89> [রাজশাহী মহানগরী পুলিশ আইন, ১৯৯২, ধারা ৮৯] সূর্যাস্ত হইতে সূর্যোদয় পর্যন্ত সময়ের মধ্যে সন্দেহজনক চলাফেরার দণ্ড — কোন ব্যক্তিকে সূর্যাস্ত ও সূর্যোদয়ের মধ্যবর্তী সময়ে নিম্নবর্ণিত অবস্থায় পাওয়া গেলে, সেই ব্যক্তি এক বত্সর প
2. <criminal_procedure_1012_s89> [সিলেট মহানগরী পুলিশ আইন, ২০০৯, ধারা ৮৯] সূর্যাস্ত হইতে সূর্যোদয় পর্যন্ত সময়ের মধ্যে সন্দেহজনক চলাফেরার দণ্ড — কোন ব্যক্তিকে সূর্যাস্ত ও সূর্যোদয়ের মধ্যবর্তী সময়ে নিম্নবর্ণিত অবস্থায় পাওয়া গেলে সেই ব্যক্তি এক বৎসর পর্
3. <criminal_procedure_1013_s89> [বরিশাল মহানগরী পুলিশ আইন, ২০০৯, ধারা ৮৯] সূর্যাস্ত হইতে সূর্যোদয় পর্যন্ত সময়ের মধ্যে সন্দেহজনক চলাফেরার দণ্ড — কোন ব্যক্তিকে সূর্যাস্ত ও সূর্যোদয়ের মধ্যবর্তী সময়ে নিম্নবর্ণিত অবস্থায় পাওয়া গেলে সেই ব্যক্তি এক বৎসর পর্
4. <other_1429_s149> [আয়কর আইন, ২০২৩, ধারা ১৪৯] উৎসে কর কর্তন বা সংগ্রহের ক্ষেত্রে দায়মুক্তি — যেইক্ষেত্রে এই অংশের অধীন কর হিসাবে কোনো অর্থ সংগ্রহ বা কর্তন করা হয় এবং সরকারের অনুকূলে জমা প্রদান করা হয়, 
5. <other_788_s342> [কোম্পানী আইন, ১৯৯৪, ধারা ৩৪২] লিকুইডেটর কর্তৃক ব্যাংকে টাকা জমাদান — (১) আদালত কর্তৃক অবলুপ্ত হইতেছে এইরূপ কোম্পানীর প্রত্যেক লিকুইডেটর তত্কর্তৃক গৃহীত সকল টাকা নির্ধারিত পদ্ধতিতে
6. <other_1586_s23> [গুম প্রতিরোধ ও প্রতিকার অধ্যাদেশ, ২০২৫, ধারা ২৩] স্ত্রী বা সন্তান কর্তৃক গুম হওয়া ব্যক্তির সম্পত্তি ব্যবহারের অনুমতি — (১) গুম হওয়া ব্যক্তির দায় পরিশোধ, তাহার স্ত্রী বা তাহার উপর নির্ভরশীল পরিবারের সদস্যদের ভরণপোষণের বা অন্য কো
7. <women_children_835_s13> [নারী ও শিশু নির্যাতন দমন আইন, ২০০০, ধারা ১৩] (১) অন্য কোন আইনে ভিন্নতর যাহা কিছুই থাকুক না কেন, ধর্ষণের কারণে কোন সন্তান জন্মলাভ করিলে-(ক) উক্ত সন্তানকে তা
8. <other_1429_s293_p0> [আয়কর আইন, ২০২৩, ধারা ২৯৩] হাইকোর্ট বিভাগে রেফারেন্স — (১) ধারা ২৯২ এর অধীন করদাতা অথবা কমিশনার কর্তৃক আপিল ট্রাইব্যুনালের আদেশ প্রাপ্ত হইবার তারিখ হইতে পরবর্তী ৯০ (
9. <other_1472_s52> [বাংলাদেশ পেটেন্ট আইন, ২০২৩, ধারা ৫২] প্রশাসনিক আদেশের বিরুদ্ধে আপিল, ইত্যাদি — এই আইনের অধীন, মহাপরিচালক কর্তৃক, প্রদত্ত যে কোনো সিদ্ধান্ত, বিশেষত বাধ্যতামূলক লাইসেন্সের মঞ্জুরি এবং বাধ্যতা
10. <criminal_procedure_765_s105> [রাজশাহী মহানগরী পুলিশ আইন, ১৯৯২, ধারা ১০৫] কতিপয় মামলার নিষ্পত্তি — (১) ধারা ৫৮, ৫৯, ৬২, ৬৩, ৬৬, ৭১, ৭২, ৭৩, ৭৪, ৭৬, ৮০, ৮১, ৮২, ৮৩, ৮৫, ৮৬, ৮৯, ৯৫, ৯৬, ৯৭, ৯৯ বা ১০০ এর অধীন দণ্","family_305_s10, family_1444_s5","own_search","answered","2"
"prot_0071_03","Sorup","","আমার চাচার কোনো সন্তান নেই। তিনি মারা যাওয়ার আগে তাঁর সব সম্পত্তি পালিত পুত্র ও তার পরিবারকে লিখে দিয়েছেন। চাচার বাড়ি ও আমাদের বাড়ি একই দাগে। রাস্তায় বেরোতে হলে তাঁর বাড়ির ওপর দিয়ে যেতে হয়। চাচার পালক পুত্র বাড়ির ওপর দিয়ে যাতায়াত নিষেধ করে। আমার বাবা চাচাকে বণ্টননামা দলিল করে দেননি। বাবাও মারা গেছেন। এখন কি কোনো আইনে আমাদের বাড়ির ভাগ বদল করতে পারব? আর চাচার সম্পত্তির অংশ কি আমরা পাব? নাম প্রকাশে অনিচ্ছুক","1. <other_1483_s10_p1> [পরিত্যক্ত বাড়ি (সম্পূরক বিধানাবলি) আইন, ২০২৩, ধারা ১০] পরিত্যক্ত বাড়ি নিয়ন্ত্রণ, ব্যবস্থাপনা এবং নিষ্পত্তি সংক্রান্ত বোর্ড — গণপূর্ত বিভাগ সদস্য-সচিব।(২) পরিত্যক্ত বাড়ি নিয়ন্ত্রণ, ব্যবস্থাপনা এবং নিষ্পত্তির জন্য বোর্ডের দায়িত্ব ও কা
2. <other_1483_s5ক> [পরিত্যক্ত বাড়ি (সম্পূরক বিধানাবলি) আইন, ২০২৩, ধারা ৫ক] পরিত্যক্ত সম্পত্তির ‘ক’ বা ‘খ’ তালিকার যে সকল বাড়ি সরকার কর্তৃক বিক্রয়মূল্যে হস্তান্তর করা হইয়াছে বা হইবে স
3. <other_1483_s4> [পরিত্যক্ত বাড়ি (সম্পূরক বিধানাবলি) আইন, ২০২৩, ধারা ৪] পরিত্যক্ত বাড়ি ঘোষণা ও তালিকা প্রণয়ন — (১) উপ-ধারা (২) এর বিধান সাপেক্ষে, সরকার, সরকারি গেজেটে প্রজ্ঞাপন দ্বারা, নিম্নবর্ণিত বাড়িসমূহকে পরিত্যক্ত বা
4. <other_1483_s5> [পরিত্যক্ত বাড়ি (সম্পূরক বিধানাবলি) আইন, ২০২৩, ধারা ৫] পরিত্যক্ত বাড়ির তালিকা হইবার পর স্বার্থ দাবি করিয়া আবেদন — ধারা ৪ এর উপ-ধারা (১) এর দফা (ক) ও (খ) এ বর্ণিত ক্ষেত্র ব্যতীত অন্যান্য ক্ষেত্রে কোনো বাড়ির উপর কোনো অধিকার ব
5. <other_1483_s7> [পরিত্যক্ত বাড়ি (সম্পূরক বিধানাবলি) আইন, ২০২৩, ধারা ৭] মামলা দায়েরে নিষেধাজ্ঞা, ইত্যাদি — (১) রাষ্ট্রপতির ১৯৭২ সনের ১৬ নং আদেশ বা এই আইনের অধীন কৃত, গৃহীত বা চলমান কোনো কার্যক্রম, সিদ্ধান্ত বা জারীকৃত
6. <land_1220_s15> [স্থাবর সম্পত্তি অধিগ্রহণ ও হুকুমদখল আইন, ২০১, ধারা ১৫] ঘর-বাড়ি অথবা ইমারতের আংশিক অধিগ্রহণ — (১) কোনো মালিক তাহার বাড়ি, কারখানা বা ভবনের সম্পূর্ণ অংশ অধিগ্রহণ করিতে হইবে মর্মে শর্ত আরোপ করিলে, সংশ্লিষ্ট
7. <other_1684_s12> [মানব পাচার ও অভিবাসী চোরাচালান প্রতিরোধ ও দম, ধারা ১২] পতিতালয় পরিচালনা করিবার বা কোনো স্থানকে পতিতালয় হিসাবে ব্যবহারের অনুমতি প্রদানের অপরাধ ও উহার দণ্ড — (১) যদি কোনো ব্যক্তি পতিতালয় স্থাপন বা পরিচালনা করেন অথবা উহা স্থাপন বা পরিচালনা করিতে অনুমতি প্রদান করেন কিং
8. <other_1483_s6> [পরিত্যক্ত বাড়ি (সম্পূরক বিধানাবলি) আইন, ২০২৩, ধারা ৬] সমর্পণ, নোটিশ প্রদান ও দখল গ্রহণ — এই আইনের অধীন ঘোষিত পরিত্যক্ত বাড়ি সরকারের নিকট অর্পণ করিতে হইবে, এবং সমর্পণ ও দখল গ্রহণের ক্ষেত্রে, এই আইনের
9. <other_1156_s25> [মেট্রোরেল আইন, ২০১৫, ধারা ২৫] ক্ষতিপূরণ প্রদান — মেট্রোরেল পরিচালনাকালে উহা হইতে উদ্ভূত দুর্ঘটনার ফলে যদি কোন ব্যক্তি আঘাতপ্রাপ্ত বা ক্ষতিগ্রস্ত হন বা আঘাতপ্রা
10. <other_1201_s27> [বাস র‍্যাপিড ট্রানজিট (বিআরটি) আইন, ২০১৬, ধারা ২৭] ক্ষতিপূরণ প্রদান — বিআরটি পরিচালনাকালে উহা হইতে উদ্ভূত দুর্ঘটনার ফলে যদি কোনো ব্যক্তি আঘাতপ্রাপ্ত বা ক্ষতিগ্রস্ত হন বা আঘাতপ্রাপ্","other_49_s13_p0, other_173_s2","own_search","answered","1"
"ajke_0207_01","Sorup","","আমার বড় বোনের বিয়ে হয়েছে দুই বছর হলো। গত মাসে বোনজামাই বড় অঙ্কের টাকা নিয়ে বিদেশে পালিয়ে গেছেন। বোনের সঙ্গে তিনি কোনো ধরনের যোগাযোগ করছেন না। তাঁকে দেশে ফেরত আনব কীভাবে? বিদেশে যাওয়ার পর তাঁকে কি দেশে ফেরত আনতে পারব? আমাদের এখন কী করণীয়? ঝুমুর, পটিয়া উওর: আপনার বোনজামাই কোন দেশে গেছেন, সেটা যদি জানতে পারেন, তবে সেই দেশের বাংলাদেশ দূতাবাসে অভিযোগ করতে পারবেন। এর আগে অবশ্যই থানায় তাঁর বিরুদ্ধে মামলা করতে হবে। পুলিশ তাঁকে খুঁজে বের করতে পারবে। বাংলাদেশ দূতাবাস ফৌজদারি অপরাধের আসামিকে ফেরত পাঠানোর জন্য পদক্ষেপ নিতে পারে","1. <other_1684_s50> [মানব পাচার ও অভিবাসী চোরাচালান প্রতিরোধ ও দম, ধারা ৫০] ভিকটিম বা মানব পাচার কিংবা অভিবাসী চোরাচালানের শিকার ব্যক্তিগণের প্রত্যাবাসন (repatriation) ও প্রত্যাবর্তন (return) — (১) কোনো বাংলাদেশি নাগরিক অন্য কোনো দেশে মানব পাচার কিংবা অভিবাসী চোরাচালানের শিকার ব্যক্তি হিসাবে চিহ্নিত হইল
2. <other_1131_s29> [বৈদেশিক কর্মসংস্থান ও অভিবাসী আইন, ২০১৩, ধারা ২৯] দেশে ফিরিয়া আসিবার অধিকার — (১) কোন অভিবাসী কর্মীর, বিশেষত বিদেশে আটককৃত কিংবা আটকেপড়া বা বিপদগ্রস্ত কর্মীর দেশে ফিরিয়া আসিবার এবং বিদেশ
3. <other_1131_s23> [বৈদেশিক কর্মসংস্থান ও অভিবাসী আইন, ২০১৩, ধারা ২৩] শ্রম কল্যাণ উইং — বিদেশে শ্রমবাজার সম্প্রসারণ ও অভিবাসীদের স্বার্থ সংরক্ষণের উদ্দ্যেশে কোন দেশে শ্রম কল্যাণ উইং প্রতিষ্ঠা করিবার
4. <other_1131_s22> [বৈদেশিক কর্মসংস্থান ও অভিবাসী আইন, ২০১৩, ধারা ২২] কর্মসংস্থান চুক্তি — (১) রিক্রুটিং এজেন্ট নির্বাচিত কর্মী এবং তাহার নিয়োগকারীর মধ্যে একটি কর্মসংস্থান চুক্তি সম্পাদন করিবে, যাহাতে
5. <other_1176_s6> [বিজ্ঞান ও প্রযুক্তি ফেলোশিপ ট্রাস্ট আইন, ২০১, ধারা ৬] ট্রাস্টের লক্ষ্য ও উদ্দেশ্য — ট্রাস্টের লক্ষ্য ও উদ্দেশ্য হইবে নিম্নরূপ, যথা :-(ক) বিজ্ঞান ও প্রযুক্তি ক্ষেত্রে বিভিন্ন বিষয়ে দেশে-বিদেশে এ
6. <other_817_s3_p2> [বিমান-নিরাপত্তা বিরোধী অপরাধ দমন আইন, ১৯৯৭, ধারা ৩] বিমান-অধিনায়কের ক্ষমতা ও দায়িত্ব — দেশের এখতিয়ার সম্পন্ন বা যথাযথ কর্তৃপক্ষকে;(খ) সমর্পণের ক্ষেত্রে, টোকিও কনভেনশনভুক্ত যে দেশে সমর্পণ করা হইবে 
7. <other_1131_s24> [বৈদেশিক কর্মসংস্থান ও অভিবাসী আইন, ২০১৩, ধারা ২৪] শ্রম কল্যাণ উইং এর দায়িত্ব — (১) শ্রম কল্যাণ উইং এর দায়িত্বপ্রাপ্ত কর্মকর্তা সংশ্লিষ্ট দেশে কর্মরত বাংলাদেশী অভিবাসী কর্মীদের কর্মস্থল পরি
8. <other_1167_s9> [রপ্তানি উন্নয়ন ব্যুরো আইন, ২০১৫, ধারা ৯] ব্যুরোর দায়িত্ব ও কার্যাবলি — (১) ব্যুরোর দায়িত্ব ও কার্যাবলি হইবে নিম্নরূপ, যথা:-(ক) দেশের রপ্তানি উন্নয়নের লক্ষ্যে সরকারি এবং বেসরকারি উ
9. <other_751_s107> [ব্যাংক-কোম্পানী আইন, ১৯৯১, ধারা ১০৭] নিরাপদ লকারে রক্ষিত সামগ্রী ফেরত্ প্রদান — (১) কোন ব্যাংক-কোম্পানীর নিরাপদ ভল্ট বা অন্য কোথাও রত্মিগত কোন লকার যদি কোন ব্যক্তি এককভাবে ভাড়া করেন, তাহা হ
10. <other_1133_s17> [নির্যাতন এবং হেফাজতে মৃত্যু (নিবারণ) আইন, ২০, ধারা ১৭] অ-নাগরিক — এই আইনের অধীনে কৃত কোনো অপরাধের জন্য যদি বাংলাদেশের নাগরিক নয় এমন কাউকে গ্রেফতার করা হয় সে ক্ষেত্রে উক্ত ব্য","other_479_s15, criminal_procedure_11_s406","own_search","answered","2"
"prot_0115_02","Sorup","","যেকোনো হত্যাকাণ্ডই ঘৃণিত ও জঘন্য অপরাধ এবং ফৌজদারি আইনে সর্বোচ্চ শাস্তিযোগ্য অপরাধ। সম্প্রতি আমিনবাজার, নোয়াখালীসহ দেশের বিভিন্ন স্থানে গণপিটুনিতে যে মানুষ হত্যার প্রবণতা দেখা গেছে, তা রীতিমতো ভয়াবহ এবং সামাজিক ও রাষ্ট্রীয় অসুস্থতার লক্ষণ। হত্যাকাণ্ড তা যেকোনোভাবেই এবং যার বা যাদের দিয়েই সংঘটিত হোক না কেন, তা ফৌজদারি আইনে বিচারযোগ্য।আমিনবাজার হত্যাকাণ্ড এবং সেখানে পুলিশের নিষ্ক্রিয়তার অভিযোগ শাস্তিযোগ্য অপরাধ। হত্যাকাণ্ডের অপরাধটি দণ্ডবিধির ৩০২ ও ৩৪ ধারায় আমলযোগ্য ও বিচার্য এবং সেখানে প্রত্যক্ষ বা পরোক্ষভাবে সহায়তাকারীরাও সমান অপরাধী, তা তারা যে-ই হোক না কেন এবং সংখ্যা যা-ই হোক। একই সঙ্গে বলা দরকার, পুলিশের নিষ্ক্রিয়তার বিষয়টি তাদের বিভাগীয় তদন্ত ও শাস্তির আওতাধীন।নোয়াখালীর হত্যাকাণ্ডে পুলিশের অংশগ্রহণের অভিযোগ পাওয়া গেছে, যা খুবই আতঙ্কজনক। কেননা, কোনোভাবেই কোনো বিচারবহির্ভূত হত্যাকাণ্ডই সমর্থনযোগ্য নয়। সবচেয়ে ঘৃণ্য অপরাধীরও বিচার পাওয়ার অধিকার আছে। নোয়াখালী হত্যাকাণ্ডে পুলিশের যেসব সদস্যের বিরুদ্ধে সম্পৃক্ততার অভিযোগ আছে, তাঁরা অন্য হত্যাকারীদের সঙ্গে সমানভাবে দায়ী হবেন এবং অপরাধ ফৌজদারি আইনে বিচার্য হবে। পুলিশের সদস্য বলে ফৌজদারি বিচারের আওতাবহির্ভূত থাকার সুযোগ নেই। সাধারণ তদন্তের পর প্রকাশ্য আদালতে অভিযুক্ত অন্য ব্যক্তিদের সঙ্গেই তাঁদের বিচার হবে। উপরন্তু, পুলিশের বিভাগীয় শাস্তিও তাঁদের ওপর বর্তাবে।কাজী জাহেদ ইকবালআইনজীবী, বাংলাদেশ সুপ্রিম কোর্ট।স্বামীর দৈহিক ও মানসিক নির্যাতনের প্রতিকার কীভাবে পাব?","1. <other_1284_s29> [বাংলাদেশ রিহ্যাবিলিটেশন কাউন্সিল আইন, ২০১৮, ধারা ২৯] অপরাধ বিচারার্থ গ্রহণ ও বিচার — (১) অন্য কোনো আইনে যাহা কিছুই থাকুক না কেন, এই আইনের অধীন অপরাধ সংঘটনের বিষয়ে সরকার অথবা কাউন্সিল কর্তৃক এতদু
2. <other_888_s10> [আইন-শৃঙ্খলা বিঘ্নকারী অপরাধ (দ্রুত বিচার) আই, ধারা ১০] বিচার পদ্ধতি — (১) আদালত এই আইনের অধীন সংঘটিত অপরাধের বিচার সংক্ষিপ্ত পদ্ধতিতে সম্পন্ন করিবে এবং এতদুদ্দেশ্যে এই আইনে ভিন্নতর
3. <other_1427_s13> [হাট ও বাজার (স্থাপন ও ব্যবস্থাপনা) আইন, ২০২৩, ধারা ১৩] অপরাধের বিচার — (১) এই আইনের অধীন সংঘটিত কোনো অপরাধ জুডিসিয়াল ম্যাজিস্ট্রেট কর্তৃক বিচার্য হইবে।(২) এই আইনের অন্যান্য বিধানাব
4. <other_1589_s14> [পুলিশ কমিশন অধ্যাদেশ, ২০২৫, ধারা ১৪] পুলিশের নিজস্ব অভিযোগ নিষ্পত্তি ব্যবস্থা — নাগরিক অভিযোগ ও পুলিশের অভ্যন্তরীণ সংক্ষোভ নিষ্পত্তির নিমিত্ত পুলিশের একটি নিজস্ব ব্যবস্থা থাকিবে, যাহা এই অধ্
5. <other_1443_s49> [বাংলাদেশ ক্ষুদ্র ও কুটির শিল্প কর্পোরেশন আইন, ধারা ৪৯] অপরাধ বিচারার্থ গ্রহণ ও বিচার — (১) চেয়ারম্যান বা তৎকর্তৃক ক্ষমতাপ্রাপ্ত কোনো কর্মকর্তার লিখিত অভিযোগ ব্যতীত কোনো আদালত এই আইনের অধীন কোনো মা
6. <other_1136_s38> [ভৌগোলিক নির্দেশক পণ্য (নিবন্ধন ও সুরক্ষা) আই, ধারা ৩৮] অপরাধ বিচারার্থে গ্রহণ — (১) কোন আদালত এই আইনের অধীন সংঘটিত কোন অপরাধ বিচারার্থে গ্রহণ করিবে না, যদি না-(ক) রেজিস্ট্রার বা তৎকর্তৃক ক্ষ
7. <other_1243_s33> [বালাইনাশক (পেস্টিসাইডস) আইন, ২০১৮, ধারা ৩৩] অপরাধ বিচারার্থ গ্রহণ ও বিচার — (১) ফৌজদারি কার্যবিধিতে যাহা কিছুই থাকুক না কেন, পরিদর্শক বা উদ্ভিদ সংরক্ষণের দায়িত্বে নিয়োজিত সরকারি কর্মচা
8. <other_1280_s34> [বাংলাদেশ স্ট্যান্ডার্ডস এন্ড টেস্টিং ইনস্টিট, ধারা ৩৪] অপরাধের বিচার — (১) ফৌজদারি কার্যবিধিতে যাহা কিছুই থাকুক না কেন, এই আইনের অধীন অপরাধসমূহ, উপ-ধারা (২) এর বিধান সাপেক্ষে, প্রথম
9. <other_1140_s21> [ইট প্রস্তুত ও ভাটা স্থাপন (নিয়ন্ত্রণ) আইন, ২, ধারা ২১] মোবাইল কোর্ট আইন, পরিবেশ আদালত আইন, ও ফৌজদারি কার্যবিধির প্রয়োগ — এই আইনের বিধানাবলি সাপেক্ষে, এই আইনের অধীন শাস্তিযোগ্য অপরাধের অভিযোগ দায়ের, আমলে গ্রহণ, সমন বা ওয়ারেন্ট ইস্
10. <other_1373_s44> [আয়োডিনযুক্ত লবণ আইন, ২০২১, ধারা ৪৪] অপরাধের বিচার, ইত্যাদি — (১) এই আইনের অধীন অপরাধসমূহ অ-আমলযোগ্য (non-cognizable), জামিনযোগ্য (bailable) এবং আপোষযোগ্য (compoundable) হই","women_children_1063_s11, family_180_s2_p1","own_search","answered","2"
"prot_0080_03","Sorup","","আমার বাবা-চাচারা চার ভাই, তিন বোন। আমি যখন সাত বছরের ছিলাম, তখন আমার বাবা মারা যান। দাদা এখনো জীবিত। লোকমুখে শুনেছি, বাবার আগে ছেলে মারা গেলে সেই মৃত ছেলের ওয়ারিশরা নাকি সম্পত্তি পায় না। আসলে কি তাই? দাদা বলেন, সব সম্পত্তি তাঁর ছেলেদের মধ্যে সমান ভাগ হবে। দাদা যদি সম্পত্তি আমার নামে লিখে না দেন, তাহলে কি দাদার মুখের কথা দ্বারা আমি সম্পত্তি পাব?","1. <land_1455_s10> [ভূমি সংস্কার আইন, ২০২৩, ধারা ১০] বর্গাদারের মৃত্যুর পর বর্গাভূমির চাষ — (১) কোনো বর্গাদার বর্গাচুক্তির মেয়াদ শেষ হইবার পূর্বে মারা গেলে, উহার মেয়াদ শেষ না হওয়া পর্যন্ত অথবা এই আইন
2. <other_1349_s2> [আকাশপথে পরিবহণ (মন্ট্রিল কনভেনশন) আইন, ২০২০, ধারা ২] বিষয়বাপ্রসঙ্গেরপরিপন্থিকোনোকিছুনাথাকিলে,এইআইনে-(ক)‘অভ্যন্তরীণপরিবহণ’অর্থআকাশপথে পরিবহণেপক্ষসমূহেরমধ্যেসম্পাদি
3. <other_1132_s4> [পিতা-মাতার ভরণ-পোষণ আইন, ২০১৩, ধারা ৪] পিতা-মাতার অবর্তমানে দাদা-দাদী, নানা-নানীর ভরণ-পোষণ — প্রত্যেক সন্তান তাহার—(ক) পিতার অবর্তমানে দাদা-দাদীকে; এবং(খ) মাতার অবর্তমানে নানা-নানীকে—ধারা ৩ এ বর্ণিত ভরণ-
4. <labour_952_s2_p5> [বাংলাদেশ শ্রম আইন, ২০০৬, ধারা ২] সংজ্ঞাসমূহ — ব্যবহার করা হয় বা ব্যবহারযোগ্য, এবং কোন টাগ বা ফ্লাট এবং বার্জও ইহার অর্ন্তভুক্ত হইবে;(২৮) ""প্রশাসনিক শ্রমিক""
5. <other_1682_s2_p0> [মানবদেহে অঙ্গ-প্রত্যঙ্গ সংযোজন আইন, ২০২৬, ধারা ২] সংজ্ঞা — বিষয় বা প্রসঙ্গের পরিপন্থি কোনো কিছু না থাকিলে, এই আইনে- (১) “অঙ্গ-প্রত্যঙ্গ” অর্থ মানবদেহের কিডনি, হৃৎপিণ্ড,
6. <other_1132_s5> [পিতা-মাতার ভরণ-পোষণ আইন, ২০১৩, ধারা ৫] পিতা-মাতার ভরণ-পোষণ না করিবার দণ্ড — (১) কোন সন্তান কর্তৃক ধারা ৩ এর যে কোন উপ-ধারার বিধান কিংবা ধারা ৪ এর বিধান লংঘন অপরাধ বলিয়া গণ্য হইবে এবং উক
7. <labour_1285_s2_p2> [বাংলাদেশ ইপিজেড শ্রম আইন, ২০১৯, ধারা ২] সংজ্ঞা — সময়ে দুই বা ততোধিক শ্রমিক দ্বারা সম্পাদিত হয় সেই ক্ষেত্রে উক্তরূপ প্রত্যেক সময়;(25)‘‘পোষ্য’’ অর্থ কোনো মৃত 
8. <consumer_1010_s92> [ট্রেডমার্ক আইন, ২০০৯, ধারা ৯২] মামলার কোন পক্ষের মৃত্যু — যদি এই আইনের অধীন কোন কার্যধারা বিচারাধীন থাকা অবস্থায় কোন পক্ষ মারা যান, তাহা হইলে নিবন্ধক সংশ্লিষ্ট কোন পক্
9. <other_822_s10> [পার্বত্য চট্টগ্রাম আঞ্চলিক পরিষদ আইন, ১৯৯৮, ধারা ১০] সম্পত্তি সম্পর্কিত ঘোষণা — চেয়ারম্যান ও প্রত্যেক সদস্য তাহার কার্যভার গ্রহণের পূর্বে তাহার এবং তাঁহার পরিবারের কোন সদস্যের স্বত্ব, দখল ব
10. <other_1427_s9> [হাট ও বাজার (স্থাপন ও ব্যবস্থাপনা) আইন, ২০২৩, ধারা ৯] হাট ও বাজারের পরিসীমার মধ্যকার বিনষ্টযোগ্য সম্পত্তি ব্যবস্থাপনা — হাট ও বাজারের পরিসীমার মধ্যে কোনো সরকারি সম্পত্তি যেমন-ভবন, গাছ, ইত্যাদি নষ্ট হইয়া গেলে অথবা প্রাকৃতিক কারণে ","family_305_s4","own_search","answered","3"
"prot_0036_04","Sorup","","হিন্দুধর্মাবলম্বী একজনের সঙ্গে আমার প্রায় পাঁচ বছরের সম্পর্ক। আমরা দুজনই প্রাপ্তবয়স্ক এবং ধর্ম পরিবর্তন না করে বিয়ে করতে চাই। কিন্তু পরে উভয়ের প্রভাবশালী পরিবার আমাদের জীবনের জন্য বড় হুমকি হয়ে দাঁড়াবে। দুই পক্ষের মধ্যে ভয়ানক বিরোধের আশঙ্কাও রয়েছে। এই সমস্যাগুলো এড়িয়ে যাওয়ার জন্য আমরা আগে থেকে কীভাবে আইনি ব্যবস্থা নিতে পারি?নাম ও ঠিকানা প্রকাশে অনিচ্ছুক","1. <consumer_1011_s7_p0> [তথ্য অধিকার আইন, ২০০৯, ধারা ৭] কতিপয় তথ্য প্রকাশ বা প্রদান বাধ্যতামূলক নয় — এই আইনের অন্যান্য বিধানাবলীতে যাহা কিছুই থাকুক না কেন, কোন কর্তৃপক্ষ কোন নাগরিককে নিম্নলিখিত তথ্যসমূহ প্রদান ক
2. <other_1287_s26> [উদ্ভিদের জাত সংরক্ষণ আইন, ২০১৯, ধারা ২৬] অপরাধ ও দণ্ড — (১) কোনো ব্যক্তি সংরক্ষিত জাতের মিথ্যা নামকরণ করিলে, বানিবন্ধিত কোনো জাতের বাণিজ্যিক ব্যবহারকালে স্বেচ্ছায় কো
3. <other_1429_s233_p2> [আয়কর আইন, ২০২৩, ধারা ২৩৩] সংজ্ঞা — আর্টিকেল, সামগ্রী বা আইটেম, পেটেন্ট, ইনভেনশন, ফর্মুলা, প্রসেস, নকশা, প্যাটার্ন, বাস্তবজ্ঞান, কপিরাইট, ট্রেডমার
4. <women_children_1063_s2> [পারিবারিক সহিংসতা (প্রতিরোধ ও সুরক্ষা) আইন, , ধারা ২] সংজ্ঞা — - বিষয় বা প্রসঙ্গের পরিপন্থী কিছু না থাকিলে, এই আইনে-(১)""অর্ন্তব র্তীকালীন সুরক্ষা আদেশ""অর্থ ধারা ১৩ এর অধীন 
5. <consumer_1010_s52> [ট্রেডমার্ক আইন, ২০০৯, ধারা ৫২] নিবন্ধন বহির ভুল সংশোধন — (১) নিবন্ধিত স্বত্বাধিকারী কর্তৃক, নির্ধারিত পদ্ধতিতে, আবেদনের প্রেক্ষিতে নিবন্ধন বহিতে -(ক) ট্রেডমার্কের নিবন
6. <other_1392_s5> [ব্যাংকার বহি সাক্ষ্য আইন, ২০২১, ধারা ৫] যেক্ষেত্রে ব্যাংকের কর্মকর্তা ব্যাংকার বহি উপস্থাপনে বা সাক্ষী হইতে বাধ্য নহেন — ধারা ৭ এর অধীন গ্রাহকতথ্য প্রকাশে বাধ্য না হইলে, কোনো ব্যাংকের কোনো কর্মকর্তা বা কর্মচারীকে কোনো আইনি কার্যক্র
7. <other_935_s7> [বেসরকারী নিরাপত্তা সেবা আইন, ২০০৬, ধারা ৭] লাইসেন্সপ্রাপ্তির যোগ্যতা ও অযোগ্যতা — (১) কোন ব্যক্তি এই আইনের অধীন লাইসেন্স-প্রাপ্তির জন্য যোগ্য বলিয়া বিবেচিত হইবেন না, যদি-(ক) তিনি বাংলাদেশের ন
8. <labour_952_s10> [বাংলাদেশ শ্রম আইন, ২০০৬, ধারা ১০] ছুটির পদ্ধতি — (১) কোন শ্রমিক ছুটি নিতে ইচ্ছা করিলে তাহার মালিকের নিকট লিখিতভাবে দরখাস্ত করিতে হইবে এবং ইহাতে তাহার ছুটিতে অব
9. <other_1106_s14> [মূল্য সংযোজন কর ও সম্পূরক শুল্ক আইন, ২০১২, ধারা ১৪] নিবন্ধিত বা তালিকাভুক্তব্যক্তি অর্থনৈতিক কার্যক্রম সংশ্লিষ্ট নিম্নবর্ণিত তথ্যের পরিবর্তনের ক্ষেত্রে, নির্ধারিত
10. <consumer_1010_s73> [ট্রেডমার্ক আইন, ২০০৯, ধারা ৭৩] মিথ্যা ট্রেডমার্ক, ট্রেড বর্ণনা, ইত্যাদি ব্যবহারের দণ্ড — যদি কোন ব্যক্তি-(ক) কোন ট্রেডমার্ককে মিথ্যা প্রতিপন্ন করেন,(খ) কোন পণ্য বা সেবার ক্ষেত্রে ট্রেডমার্ক মিথ্যাভাব","other_25_s2","own_search","answered","2"
"prot_0025_03","Sorup","","একমাত্র পুত্রসন্তানের বয়স সাড়ে পাঁচ বছর। আমরা দুজনেই সরকারি চাকরিজীবী। আমাদের সম্পর্কটা ক্রমেই বিবাহবিচ্ছেদের দিকে মোড় নিচ্ছে। আমি মনেপ্রাণে চাই না আমাদের কারণে সন্তানের জীবনটা ক্ষতিগ্রস্ত হোক। আমার জিজ্ঞাসা, বিবাহবিচ্ছেদের পদ্ধতি বা নিয়মকানুন কী?","1. <women_children_835_s13> [নারী ও শিশু নির্যাতন দমন আইন, ২০০০, ধারা ১৩] (১) অন্য কোন আইনে ভিন্নতর যাহা কিছুই থাকুক না কেন, ধর্ষণের কারণে কোন সন্তান জন্মলাভ করিলে-(ক) উক্ত সন্তানকে তা
2. <constitutional_957_s129> [গণপ্রজাতন্ত্রী বাংলাদেশের সংবিধান, অনুচ্ছেদ ১২৯] মহা হিসাব-নিরীক্ষকের কর্মের মেয়াদ — 86[(১) এই অনুচ্ছেদের বিধানাবলী-সাপেক্ষে মহা হিসাব-নিরীক্ষক তাঁহার দায়িত্ব গ্রহণের তারিখ হইতে পাঁচ বৎসর বা তাঁ
3. <other_1292_s2_p0> [প্রাণিকল্যাণ আইন, ২০১৯, ধারা ২] সংজ্ঞা — বিষয় বা প্রসঙ্গের পরিপন্থি কোনো কিছু না থাকিলে, এই আইনে -(১) ‘‘অনিরাময়যোগ্য অসুস্থ প্রাণি’’ অর্থ এমন অসুস্থ 
4. <consumer_927_s10> [ধূমপান ও তামাকজাত দ্রব্য ব্যবহার (নিয়ন্ত্রণ), ধারা ১০] (১) তামাকজাত দ্রব্যের প্যাকেট, মোড়ক, কার্টন বা কৌটার উভয় পার্শ্বে মূল প্রদর্শনী তল বা যে সকল প্যাকেটে দুইটি 
5. <constitutional_957_s139> [গণপ্রজাতন্ত্রী বাংলাদেশের সংবিধান, অনুচ্ছেদ ১৩৯] পদের মেয়াদ — (১) এই অনুচ্ছেদের বিধানাবলী-সাপেক্ষে কোন সরকারী কর্ম কমিশনের সভাপতি বা অন্য কোন সদস্য তাঁহার দায়িত্বগ্রহণের ত
6. <other_857_s75> [বাংলাদেশ টেলিযোগাযোগ নিয়ন্ত্রণ আইন, ২০০১, ধারা ৭৫] প্রবিধানে অপরাধ, দণ্ড, ক্ষতিপূরণ সম্পর্কিত বিধান — কমিশন নিম্নলিখিত বিষয়ে প্রবিধান প্রণয়ন করিতে পারিবে, যথা:-(ক) প্রবিধানে বা কমিশন কর্তৃক ইস্যুকৃত লাইসেন্স বা
7. <constitutional_957_s96> [গণপ্রজাতন্ত্রী বাংলাদেশের সংবিধান, অনুচ্ছেদ ৯৬] (১) এই অনুচ্ছেদের অন্যান্য বিধানাবলী সাপেক্ষে কোন বিচারক সাতষট্টি বৎসর বয়স পূর্ণ হওয়া পর্যন্ত স্বীয় পদে বহা
8. <women_children_1119_s21> [শিশু আইন, ২০১৩, ধারা ২১] 1 [***] বয়স অনুমান ও নির্ধারণ — (১) অভিযুক্ত হউক বা না হউক, এমন কোন শিশুকে কোন অপরাধের দায়ে বা কোন শিশুকে অন্য কোন কারণে শিশু-আদালতে সাক্ষ্য 
9. <other_1133_s19> [নির্যাতন এবং হেফাজতে মৃত্যু (নিবারণ) আইন, ২০, ধারা ১৯] ব্যক্তিগত দায়বদ্ধতা ও অপ্রত্যক্ষ প্রমাণ — কোন সরকারি কর্মকর্তা অথবা তাহার পক্ষে কর্তব্যরত কোন ব্যক্তির গাফিলতি বা অসতর্কতার কারণে অভিযোগকারী ক্ষতিগ্রস্ত
10. <labour_1285_s24> [বাংলাদেশ ইপিজেড শ্রম আইন, ২০১৯, ধারা ২৪] চাকরি হইতে অবসর গ্রহণ — (১) এই অধ্যায়ের অন্যত্র যাহা কিছুই উল্লে­খ থাকুক না কেন, কোনো প্রতিষ্ঠানে নিয়োজিত কোনো শ্রমিকের বয়স ৬০ (ষাট","family_305_s7, family_305_s8","own_search","answered","2"
"prot_0070_04","Sorup","","২০০৬ সালে আমার এক আত্মীয়কে তিন লাখ টাকা দিয়েছিলাম ব্যবসার জন্য। সে বলেছিল আমাকে কিছু লাভ দেবে। কিন্তু সে লাভের টাকা দেওয়া দূরের কথা, আসল টাকাই দিচ্ছে না। কীভাবে আমি আমার টাকা পাব? টাকা দেওয়ার কোনো প্রমাণপত্র আমার কাছে নেই। সে শুধু আমাকে ঘোরাচ্ছে টাকা দেওয়ার কথা বলে। কীভাবে আমার টাকা পেতে পারি?","1. <criminal_procedure_1238_s96> [গাজীপুর মহানগরী পুলিশ আইন, ২০১৮, ধারা ৯৬] রাস্তায় গবাদি পশু ছাড়িয়া দেওয়ার অথবা কাহারও সম্পত্তিতে অনধিকার প্রবেশ করিতে দেওয়ার দণ্ড — কোনো ব্যক্তি নিজের অথবা স্বীয় দায়িত্বাধীন গবাদি পশু রাস্তায় চরাইলে বা চরাইতে দিলে অথবা কাহারও সম্পত্তিতে অন
2. <criminal_procedure_1239_s96> [রংপুর মহানগরী পুলিশ আইন, ২০১৮, ধারা ৯৬] রাস্তায় গবাদি পশু ছাড়িয়া দেওয়ার অথবা কাহারও সম্পত্তিতে অনধিকার প্রবেশ করিতে দেওয়ার দণ্ড — কোনো ব্যক্তি নিজের অথবা স্বীয় দায়িত্বাধীন গবাদি পশু রাস্তায় চরাইলে বা চরাইতে দিলে অথবা কাহারও সম্পত্তিতে অন
3. <tenancy_748_s19_p2> [বাড়ী ভাড়া নিয়ন্ত্রণ আইন, ১৯৯১, ধারা ১৯] কতিপয় পরিস্থিততে ভাড়াটিয়া কর্তৃক ভাড়া জমা — নিয়ন্ত্রকের নিকট দিতে হইবে এবং উহার সহিত একটি দরখাস্ত পেশ করিতে হইবে যাহাতে নিম্নবর্ণিত বিষয়গুলি উল্লেখ থাকি
4. <criminal_procedure_1013_s98> [বরিশাল মহানগরী পুলিশ আইন, ২০০৯, ধারা ৯৮] রাস্তায় গবাদি পশু ছাড়িয়া দেওয়ার অথবা কাহারও সম্পত্তিতে অনধিকার প্রবেশ করিতে দেওয়ার দণ্ড — কোন ব্যক্তি নিজের অথবা স্বীয় দায়িত্বহীন গবাদি পশু রাস্তায় চরাইলে বা চরাইতে দিলে অথবা কাহারও সম্পত্তিতে অনধি
5. <criminal_procedure_765_s98> [রাজশাহী মহানগরী পুলিশ আইন, ১৯৯২, ধারা ৯৮] রাস্তায় গবাদি পশু ছাড়িয়া দেওয়ার অথবা কাহারও সম্পত্তিতে অনধিকার প্রবেশ করিতে দেওয়ার দণ্ড — কোন ব্যক্তি নিজের অথবা স্বীয় দায়িত্বাধীন গবাদি পশু রাস্তায় চরাইলে বা চরাইতে দিলে অথবা কাহারো সম্পত্তিতে অনধ
6. <criminal_procedure_1238_s91> [গাজীপুর মহানগরী পুলিশ আইন, ২০১৮, ধারা ৯১] বন্ধকগ্রহীতা বা অন্য কোনো ব্যক্তি কর্তৃক চোরাই সম্পত্তি সম্পর্কে পুলিশকে খবর না দেওয়ার দণ্ড — কোনো বন্ধকগ্রহীতা বা পুরাতন জিনিসের ব্যবসায়ী বা ধাতব কারখানার কর্মচারী কোনো দ্রব্য চুরি হইবার বিষয়ে পুলিশ অফ
7. <criminal_procedure_1239_s91> [রংপুর মহানগরী পুলিশ আইন, ২০১৮, ধারা ৯১] বন্ধকগ্রহীতা বা অন্য কোনো ব্যক্তি কর্তৃক চোরাই সম্পত্তি সম্পর্কে পুলিশকে খবর না দেওয়ার দণ্ড — কোনো বন্ধকগ্রহীতা বা পুরাতন জিনিসের ব্যবসায়ী বা ধাতব কারখানার কর্মচারী কোনো দ্রব্য চুরি হইবার বিষয়ে পুলিশ অফ
8. <criminal_procedure_1239_s47> [রংপুর মহানগরী পুলিশ আইন, ২০১৮, ধারা ৪৭] মিথ্যা বিবৃতি, ইত্যাদির জন্য দণ্ড — কোনো ব্যক্তি পুলিশ অফিসার হিসাবে চাকরি লাভের অথবা চাকরি হইতে অব্যাহতি লাভের জন্য কোনো মিথ্যা বিবৃতিদান বা মিথ্
9. <women_children_1119_s80> [শিশু আইন, ২০১৩, ধারা ৮০] শিশুকে শোষণের দণ্ড — (১) শিশু-আদালত কর্তৃক শিশুর জিম্মাদার, রক্ষণাবেক্ষণকারী, প্রতিপালনের দায়িত্বপ্রাপ্ত ব্যক্তি বা অন্য কোন ব্যক্
10. <criminal_procedure_1238_s47> [গাজীপুর মহানগরী পুলিশ আইন, ২০১৮, ধারা ৪৭] মিথ্যা বিবৃতি, ইত্যাদির জন্য দণ্ড — কোনো ব্যক্তি পুলিশ অফিসার হিসাবে চাকরি লাভের অথবা চাকরি হইতে অব্যাহতি লাভের জন্য কোনো মিথ্যা বিবৃতিদান বা মিথ্","criminal_procedure_11_s406, other_26_s73","own_search","answered","1"
"prot_0037_05","Sorup","","হিন্দুধর্মাবলম্বী একজনের সঙ্গে আমার প্রায় পাঁচ বছরের সম্পর্ক। আমরা দুজনই প্রাপ্তবয়স্ক এবং ধর্ম পরিবর্তন না করে বিয়ে করতে চাই। কিন্তু পরে উভয়ের প্রভাবশালী পরিবার আমাদের জীবনের জন্য বড় হুমকি হয়ে দাঁড়াবে। দুই পক্ষের মধ্যে ভয়ানক বিরোধের আশঙ্কাও রয়েছে। এই সমস্যাগুলো এড়িয়ে যাওয়ার জন্য আমরা আগে থেকে কীভাবে আইনি ব্যবস্থা নিতে পারি?","1. <women_children_1063_s2> [পারিবারিক সহিংসতা (প্রতিরোধ ও সুরক্ষা) আইন, , ধারা ২] সংজ্ঞা — - বিষয় বা প্রসঙ্গের পরিপন্থী কিছু না থাকিলে, এই আইনে-(১)""অর্ন্তব র্তীকালীন সুরক্ষা আদেশ""অর্থ ধারা ১৩ এর অধীন 
2. <other_1496_s9> [পরিশোধ ও নিষ্পত্তি ব্যবস্থা আইন, ২০২৪, ধারা ৯] আউটসোর্সিং (Outsourcing) — (১) পরিশোধ ব্যবস্থা পরিচালনাকারী, পরিশোধ ব্যবস্থায় অংশগ্রহণকারী বা পরিশোধ সেবাদানকারী বাংলাদেশ ব্যাংক কর্তৃক 
3. <consumer_1011_s7_p0> [তথ্য অধিকার আইন, ২০০৯, ধারা ৭] কতিপয় তথ্য প্রকাশ বা প্রদান বাধ্যতামূলক নয় — এই আইনের অন্যান্য বিধানাবলীতে যাহা কিছুই থাকুক না কেন, কোন কর্তৃপক্ষ কোন নাগরিককে নিম্নলিখিত তথ্যসমূহ প্রদান ক
4. <labour_952_s222> [বাংলাদেশ শ্রম আইন, ২০০৬, ধারা ২২২] নিষ্পত্তি ইত্যাদি কাহার উপর অবশ্য পালনীয় হইবে — (১) কোন সালিসী কার্য ধারায় উপনীত কোন নিষ্পত্তি, অথবা কোন মধ্যস্থতাকারীর প্রদত্ত রোয়েদাদ অথবা শ্রম আদালতের কো
5. <criminal_procedure_1238_s50> [গাজীপুর মহানগরী পুলিশ আইন, ২০১৮, ধারা ৫০] সনদপত্র, প্রভৃতি ফেরত প্রদানে গাফিলতি বা অস্বীকৃতি জ্ঞাপনের দণ্ড — কোনো পুলিশ অফিসার বাহিনীর সহিত সম্পর্ক ছিন্ন হইবার অব্যবহিত পরে তাহার সনদপত্র, অস্ত্র, পোশাক ও অন্যান্য দ্রব্য
6. <criminal_procedure_1239_s50> [রংপুর মহানগরী পুলিশ আইন, ২০১৮, ধারা ৫০] সনদপত্র, প্রভৃতি ফেরত প্রদানে গাফিলতি বা অস্বীকৃতি জ্ঞাপনের দণ্ড — কোনো পুলিশ অফিসার বাহিনীর সহিত সম্পর্ক ছিন্ন হইবার অব্যবহিত পরে তাহার সনদপত্র, অস্ত্র, পোশাক ও অন্যান্য দ্রব্য
7. <family_1105_s6> [হিন্দু বিবাহ নিবন্ধন আইন, ২০১২, ধারা ৬] বিবাহ নিবন্ধিকরণ পদ্ধতি — (১) হিন্দু ধর্ম, রীতি-নীতি ও আচার-অনুষ্ঠান অনুযায়ী হিন্দু বিবাহ সম্পন্ন হওয়ার পর উক্ত বিবাহের দালিলিক প্রমাণ
8. <labour_952_s111> [বাংলাদেশ শ্রম আইন, ২০০৬, ধারা ১১১] প্রাপ্তবয়স্ক শ্রমিকের কাজের সময়ের নোটিশ এবং উহার প্রস্তুতি — (১) প্রত্যেক প্রতিষ্ঠানে উহাতে কর্মরত প্রাপ্তবয়স্ক শ্রমিকগণ কোন্ কোন্ সময় কাজ করিবেন ইহা পরিষ্কারভাবে লিখিয়
9. <consumer_1010_s25> [ট্রেডমার্ক আইন, ২০০৯, ধারা ২৫] নিবন্ধনের ফলে অর্জিত অধিকার — (১) কোন ব্যক্তি কোন পণ্য বা সেবার জন্য ট্রেডমার্কের স্বত্বাধিকারী হিসাবে নিবন্ধিত হইলে, তিনি, এই আইনের অন্যান্
10. <cybercrime_1710_s18> [সাইবার সুরক্ষা আইন, ২০২৬, ধারা ১৮] কম্পিউটার, ডিজিটাল ডিভাইস, কম্পিউটার সিস্টেম ইত্যাদিতে বে-আইনি প্রবেশ ও দণ্ড — (১) যদি কোনো ব্যক্তি ইচ্ছাকৃতভাবে— (ক) কোনো কম্পিউটার, ডিজিটাল ডিভাইস, কম্পিউটার সিস্টেম, কম্পিউটার নেটওয়ার্ক","other_25_s2","own_search","answered","2"
"ajke_0169_01","Sorup","","আমি এইচএসসি পরীক্ষার্থী। আমার বাবা-মা প্রায় চার বছর ধরে আলাদা থাকছেন। বাবা একাধিক নারীতে আসক্ত ছিলেন। সে কারণে মাকে মারধর করতেন। শেষমেশ মা বাড়ি ছেড়ে চলে আসেন। এর পর থেকে বাবা আমার খরচ দেওয়া বন্ধ করে দেন। তবে কখনো কখনো পারিবারিক চাপের কারণে কিছু দেন, আবার বন্ধ করে দেন। এখন মাকে ডিভোর্সের নোটিশ পাঠিয়েছেন বাবা। যদি সত্যি তাঁদের ডিভোর্স হয়ে যায়, তাহলে আমার করণীয় কী? আমি কীভাবে আমার ন্যায্য অধিকার পাব? তিনি যথেষ্ট সচ্ছল মানুষ। আমি চাই আমার পড়ালেখা চালিয়ে যাওয়ার মতো খরচটা তিনি দিন। আমাদের কী করা উচিত?","1. <labour_952_s18> [বাংলাদেশ শ্রম আইন, ২০০৬, ধারা ১৮] কতিপয় ক্ষেত্রে লে-অফকৃত শ্রমিকগণ ক্ষতিপূরণ পাইবার অধিকারী হইবেন না — (১) এই অধ্যায়ের অন্যত্র যাহা কিছুই থাকুক না কেন, কোন লে-অফকৃত শ্রমিককে ক্ষতিপূরণ প্রদেয় হইবে না, যদি-(ক) তিন
2. <labour_1285_s17> [বাংলাদেশ ইপিজেড শ্রম আইন, ২০১৯, ধারা ১৭] কতিপয় ক্ষেত্রে লে-অফকৃত শ্রমিকগণ ক্ষতিপূরণ পাইবার অধিকারী হইবেন না — (১) এই অধ্যায়ের অন্যত্র যাহা কিছুই থাকুক না কেন, কোনো লে-অফকৃত শ্রমিককে ক্ষতিপূরণ প্রদেয় হইবে না, যদি-(ক) তি
3. <labour_952_s13> [বাংলাদেশ শ্রম আইন, ২০০৬, ধারা ১৩] প্রতিষ্ঠান বন্ধ রাখা — (১) কোন প্রতিষ্ঠানের কোন শাখা বা বিভাগে বে-আইনী ধর্মঘটের কারণে মালিক উক্ত শাখা বা প্রতিষ্ঠান আংশিক বা সম্পূর্ণ
4. <tenancy_748_s24> [বাড়ী ভাড়া নিয়ন্ত্রণ আইন, ১৯৯১, ধারা ২৪] সুখাধিকার ইত্যাদিতে বাধা প্রদানের দণ্ড — যেক্ষেত্রে ধারা ১৮ এর অধীন কোন বাড়ীর দখল উদ্ধারের জন্য কোন আদেশ বা ডিক্রি প্রদান নিষিদ্ধ সেক্ষেত্রে যদি কোন ব
5. <labour_1285_s12> [বাংলাদেশ ইপিজেড শ্রম আইন, ২০১৯, ধারা ১২] প্রতিষ্ঠান বন্ধ রাখা — (১) কোনো প্রতিষ্ঠানের কোনো শাখা বা বিভাগে বে-আইনী ধর্মঘটের কারণে, কর্তৃপক্ষের পূর্বানুমোদনক্রমে, মালিক উক্ত শা
6. <other_1725_s5> [অর্থ আইন, ২০২৬, ধারা ৫] ২০১২ সনের ৪৭ নং আইনের ধারা ১১ এর সংশোধন — উক্ত আইনের ধারা ১১ এর উপ-ধারা (১) এর পরিবর্তে নিম্নরূপ উপ-ধারা (১) প্রতিস্থাপিত হইবে, যথা:- “(১) তালিকাভুক্ত ব
7. <other_812_s53> [দেউলিয়া বিষয়ক আইন, ১৯৯৭, ধারা ৫৩] পারষ্পরিক লেন-দেন এবং সমন্বয় সাধন — যে ক্ষেত্রে দেনাদার এবং এই আইনের অধীনে দেনা প্রমাণকারী বা প্রমাণের দাবীকারী কোন পাওনাদারের মধ্যে পারস্পরিক লেন
8. <other_1725_s21_p29> [অর্থ আইন, ২০২৬, ধারা ২১] ২০১২ সনের ৪৭ নং আইনের দ্বিতীয় তফসিলের সংশোধন — ডলার পর্যন্ত ৪৫ (ঘ) মূল্যসীমা ১০০০০০ মা. ডলার এর ঊর্ধ্ব হইতে ২০০০০০ মা. ডলার পর্যন্ত ৬০ (ঙ) মূল্যসীমা ২০০০০০ ম
9. <other_1136_s41> [ভৌগোলিক নির্দেশক পণ্য (নিবন্ধন ও সুরক্ষা) আই, ধারা ৪১] কতিপয় কার্যধারায় অনুমোদিত ব্যবহারকারীকে পক্ষভুক্ত করা — (১) এই আইনের অধীন প্রতিটি আইনগত কার্যধারায়, অনুরূপ কার্যধারার সহিত সম্পৃক্ত ভৌগোলিক নির্দেশক পণ্যের অনুমোদিত 
10. <other_1246_s99_p2> [ক্যান্টনমেন্ট আইন, ২০১৮, ধারা ৯৯] উপদ্রব সৃষ্টির শাস্তি — ক্যান্টনমেন্টের অভ্যন্তরে কোনো সড়ক বা গণস্থানে,-(ক) বোর্ড কর্তৃক গণ-বিজ্ঞপ্তি দ্বারা এতদুদ্দেশ্যে জারিকৃত নিষ","family_1444_s5","own_search","answered","2"
"prot_0018_04","Sorup","","আমার এক আত্মীয় ১৯৬০ সালে পরিবারের কাউকে না জানিয়ে দ্বিতীয় বিয়ে করেন। পরে প্রথম স্ত্রীর ছেলেমেয়েরা দ্বিতীয় স্ত্রীর চার ছেলেমেয়ের লেখাপড়া শেখায় ও প্রতিষ্ঠিত করে। ২০০৮ সালে প্রথম স্ত্রী ও ২০১১ সালে সেই ব্যক্তি মারা যান। এখন দ্বিতীয় স্ত্রীর ছেলেমেয়েরা বলছে, স্বামীর আগে স্ত্রী মারা গেছে বলে স্বামীর সম্পত্তির অংশ প্রথম স্ত্রীর ছেলেমেয়েরা পাবে না। প্রশ্ন হলো, প্রথম স্ত্রীর ফারায়েজ অংশ তাঁর সন্তানেরা পাবে কি না?","1. <other_1037_s57_p2> [বীমা আইন, ২০১০, ধারা ৫৭] বীমা পলিসি গ্রাহক কর্তৃক মনোনয়ন৷ — বলবৎ হইবার পূর্বে কোন ব্যক্তি তাহার নিজের বা তাহার স্ত্রীর বা সন্তানদের বা তাহাদের যে কোন এক জনের লাইফ ইন্স্যু
2. <other_1045_s18> [চার্টার্ড সেক্রেটারীজ আইন, ২০১০, ধারা ১৮] রেজিস্টার — (১) সচিব, নিম্নবর্ণিত তথ্যাদি উল্লেখপূর্বক, নির্ধারিত পদ্ধতিতে, সদস্যগণের নাম রেজিস্টারে অন্তর্ভুক্ত ও সংরক্ষণ
3. <other_894_s7> [পুলিশ ষ্টাফ কলেজ আইন, ২০০২, ধারা ৭] বোর্ডের সভা — (১) এই আইনের অন্যান্য বিধানাবলী সাপেক্ষে, বোর্ড কর্তৃক উহার সভার কার্য পদ্ধতি নির্ধারিত হইবে।(২) বোর্ডের সভা উ
4. <other_1266_s2_p2> [বাংলাদেশ মুক্তিযোদ্ধা কল্যাণ ট্রাস্ট আইন, ২০, ধারা ২] সংজ্ঞা — জামায়াতে ইসলামী এবং তাহাদের সহযোগী রাজাকার, আলবদর, আলশামস বাহিনীর বিরুদ্ধে গণপ্রজাতন্ত্রী বাংলাদেশের স্বাধীনত
5. <labour_952_s308> [বাংলাদেশ শ্রম আইন, ২০০৬, ধারা ৩০৮] পূর্ব দণ্ডাজ্ঞার পর বর্ধিত দণ্ড — এই আইন বা কোন বিধি, প্রবিধান বা স্কীমের অধীন কোন অপরাধের জন্য দণ্ডাজ্ঞা প্রাপ্ত কোন ব্যক্তি পুনরায় উক্তরূপ কো
6. <other_1431_s23> [অর্থ আইন, ২০২৩, ধারা ২৩] ২০১২ সনের ৪৭ নং আইনের প্রথম তফসিলের সংশোধন — উক্ত আইনের প্রথম তফসিল এর দ্বিতীয় খন্ড এর অনুচ্ছেদ ৭ এর দফা (ঘ) বিলুপ্ত হইবে।
7. <labour_952_s7> [বাংলাদেশ শ্রম আইন, ২০০৬, ধারা ৭] সার্ভিস বইয়ের ফরম — (১) সার্ভিস বই বিধি দ্বারা নির্ধারিত মাপে ও ফরমে রৰিত হইবে, এবং উহাতে শ্রমিকের একটি ফটো সংযোজিত থাকিবে।(২) সার
8. <money_recovery_901_s28> [অর্থ ঋণ আদালত আইন, ২০০৩, ধারা ২৮] জারীর জন্য মামলা দাখিলের সময়সীমা — (১) TheLimitation Act, 1908এবং TheCode of Civil Procedure, 1908এ ভিন্নতর যে বিধানই থাকুক না কেন, ডিক্রীদার, আদ
9. <other_1418_s14> [বাংলাদেশ সুপ্রীম কোর্টের বিচারক (ছুটি, পেনশন, ধারা ১৪] ধারা ১৩ এর আওতাভুক্ত বিচারকদের পেনশন নির্ধারণ — ধারা ১৩ এর অধীন পেনশন প্রাপ্তির অধিকারী কোনো বিচারকের পেনশনের পরিমাণ নিম্নরূপে নির্ধারিত হইবে, যথা :-(ক) যিনি 
10. <other_1190_s18> [পেট্রোলিয়াম আইন, ২০১৬, ধারা ১৮] পরীক্ষণ সনদ — (১) পেট্রোলিয়ামের নমুনা পরীক্ষণ করিবার পর, পরীক্ষণ কর্মকর্তা সরকার কর্তৃক, সরকারি গেজেটে প্রজ্ঞাপন দ্বারা, নি","other_173_s2","own_search","answered","1"
"prot_0003_05","Sorup","","আমি ও আমার স্ত্রী দুজনই সরকারি চাকরিজীবী। আমরা আমাদের এক দরিদ্র দূরসম্পর্কের আত্মীয়ের এক মাস বয়সী কন্যাকে তাঁদের পূর্ণ সম্মতিতে এককালীন নিয়ে নিয়েছি। সে এখন আমাদের সন্তান হিসেবে বড় হচ্ছে। নাম রেখেছি ছালছাবিল। বয়স এখন এক বছর। আমি আমার সম্পত্তি আমার একমাত্র কন্যা হিসেবে ছালছাবিলকে উইল করে দিতে চাই। এতে কোনো আইনগত বাধা আছে কি না? কিংবা আমার অবর্তমানে ভবিষ্যতে আমার ভাই-ভাতিজারা ছালছাবিল আমার কন্যা নয় বলে ওই সম্পত্তিতে কোনো দাবি বা হস্তক্ষেপ করতে পারবে কি না? বাবলু কুড়িগ্রাম","1. <other_1132_s5> [পিতা-মাতার ভরণ-পোষণ আইন, ২০১৩, ধারা ৫] পিতা-মাতার ভরণ-পোষণ না করিবার দণ্ড — (১) কোন সন্তান কর্তৃক ধারা ৩ এর যে কোন উপ-ধারার বিধান কিংবা ধারা ৪ এর বিধান লংঘন অপরাধ বলিয়া গণ্য হইবে এবং উক
2. <other_1266_s2_p2> [বাংলাদেশ মুক্তিযোদ্ধা কল্যাণ ট্রাস্ট আইন, ২০, ধারা ২] সংজ্ঞা — জামায়াতে ইসলামী এবং তাহাদের সহযোগী রাজাকার, আলবদর, আলশামস বাহিনীর বিরুদ্ধে গণপ্রজাতন্ত্রী বাংলাদেশের স্বাধীনত
3. <other_1446_s2> [সরকারি প্রাথমিক বিদ্যালয় শিক্ষক কল্যাণ ট্রাস, ধারা ২] সংজ্ঞা — বিষয় বা প্রসঙ্গের পরিপন্থি কোনো কিছু না থাকিলে, এই আইনে,-(১) “র্কমচারী” অর্থে কর্মকর্তাও অন্তর্ভুক্ত হইবে;(২)
4. <women_children_835_s13> [নারী ও শিশু নির্যাতন দমন আইন, ২০০০, ধারা ১৩] (১) অন্য কোন আইনে ভিন্নতর যাহা কিছুই থাকুক না কেন, ধর্ষণের কারণে কোন সন্তান জন্মলাভ করিলে-(ক) উক্ত সন্তানকে তা
5. <other_1418_s5> [বাংলাদেশ সুপ্রীম কোর্টের বিচারক (ছুটি, পেনশন, ধারা ৫] মোট ছুটির পরিমাণ — (১) কোনো বিচারককে তাহার মোট কর্মকালীন ছুটির শর্ত অনুযায়ী অর্ধ গড় বেতনে মোট ৩৬ (ছত্রিশ) মাসের অধিক ছুটি মঞ্জু
6. <other_743_s4> [দানকর আইন, ১৯৯০, ধারা ৪] কতিপয় দানের ক্ষেত্রে অব্যাহতি — (১) নিম্নবর্ণিত ক্ষেত্রসমূহে কোন ব্যক্তির কৃত দানের উপর এই আইনের অধীন কোন দানকর আরোপযোগ্য হইবে না, যথা :-(ক) দ
7. <other_1196_s4> [রাষ্ট্রপতির অবসরভাতা, আনুতোষিক ও অন্যান্য সু, ধারা ৪] আনুতোষিক — (১) অবসরভাতা গ্রহণের প্রাধিকার অর্জন করিয়াছেন এমন কোন সাবেক রাষ্ট্রপতি, অবসরভাতার পরিবর্তে এই ধারার বিধান অনু
8. <other_1246_s88> [ক্যান্টনমেন্ট আইন, ২০১৮, ধারা ৮৮] দরিদ্র ব্যক্তিদের অব্যাহতি — যদি বোর্ডের নিকট প্রতীয়মান হয় যে, কোনো ব্যক্তি দরিদ্রতার কারণে কর পরিশোধে অপারগ, তাহা হইলে উক্ত ব্যক্তিকে এক
9. <other_812_s32> [দেউলিয়া বিষয়ক আইন, ১৯৯৭, ধারা ৩২] অব্যাহতিপ্রাপ্ত সম্পত্তি — এই আইনের অন্য কোন বিধানে যাহা কিছুই থাকুক না কেন, একক দেনাদারের নিম্্নবর্ণিত সম্পত্তির দখল ২৩ ধারার অধীনে গ্রহ
10. <labour_1285_s2_p2> [বাংলাদেশ ইপিজেড শ্রম আইন, ২০১৯, ধারা ২] সংজ্ঞা — সময়ে দুই বা ততোধিক শ্রমিক দ্বারা সম্পাদিত হয় সেই ক্ষেত্রে উক্তরূপ প্রত্যেক সময়;(25)‘‘পোষ্য’’ অর্থ কোনো মৃত ","other_173_s2, other_48_s123","own_search","answered","1"
"prot_0077_01","Sorup","","আমি বিশ্ববিদ্যালয়ের শিক্ষার্থী। তিন বছর ধরে আমি একটি মেয়েকে ভালোবাসি। সেও আমাকে খুবই ভালোবাসে। সে এবার এসএসসি পরীক্ষা দিয়েছে। আমাদের সম্পর্কের কথা ওর পরিবারের সবাই জানে। জোরপূর্বক ওর বাবা-মা ওকে আট মাস আগে এক প্রবাসী ছেলের সঙ্গে মোবাইল ফোনের মাধ্যমে বিয়ে দেন। বিয়ের পর ছেলেটি বাংলাদেশে আসেনি। আমরা সিদ্ধান্ত নিয়েছি, ছেলেটি বাংলাদেশে আসার এক মাস আগে বিয়ে করে পালিয়ে যাব। ছেলেটি আগামী জানুয়ারি মাসে বাংলাদেশে আসবে। আমাদের পরিবারও আমাদের সম্পর্ক মেনে নেবে না। বিয়ে করতে কোনো আইনি বাধা আছে কি? হয়তো আপনি বলবেন যে মেয়ের বিয়ের বয়স হয়নি। তাহলে আমি বলব মেয়ের বিয়ের বয়স না হলে আট মাস আগে কীভাবে মেয়ের বাবা-মা মেয়েকে বিয়ে দিলেন? আমরা কীভাবে পরস্পরকে পাব, সেই পরামর্শ চাই","1. <other_1124_s7> [মাতৃদুগ্ধ বিকল্প, শিশু খাদ্য, বাণিজ্যিকভাবে , ধারা ৭] শিক্ষামূলক বা অন্যান্য তথ্যাদি — জন্ম-পূর্ববর্তী বা জন্ম-পরবর্তী সেবা দানের উদ্দেশ্যে কোন গর্ভবতী মহিলা বা মাতৃদুগ্ধদানকারী বা শিশুর মায়েদের স
2. <labour_952_s50> [বাংলাদেশ শ্রম আইন, ২০০৬, ধারা ৫০] কতিপয় ক্ষেত্রে নারীর চাকুরীর অবসানে বাধা — যদি কোন মহিলার সন্ত্মান প্রসবের পূর্ববতী ছয় মাস এবং সন্ত্মান প্রসবের পরবর্তী আট সপ্তাহ মেয়াদের মধ্যে তাহাকে 
3. <other_1124_s2> [মাতৃদুগ্ধ বিকল্প, শিশু খাদ্য, বাণিজ্যিকভাবে , ধারা ২] সংজ্ঞা — বিষয় বা প্রসঙ্গের পরিপন্থী কোন কিছু না থাকিলে, এই আইনে,-(ক) ‘‘জাতীয় উপদেষ্টা কমিটি’’ অর্থ ধারা ৮ এর অধীন গঠি
4. <labour_1285_s34> [বাংলাদেশ ইপিজেড শ্রম আইন, ২০১৯, ধারা ৩৪] কতিপয় ক্ষেত্রে মহিলা শ্রমিকের চাকরির অবসানে বাধা — যদি কোনো মহিলা শ্রমিকের সন্তান প্রসবের পূর্ববর্তী ৬ (ছয়) মাস এবং সন্তান প্রসবের পরবর্তী ৮ (আট) সপ্তাহ মেয়াদে
5. <labour_952_s46> [বাংলাদেশ শ্রম আইন, ২০০৬, ধারা ৪৬] প্রসূতি কল্যাণ সুবিধা প্রাপ্তির অধিকার এবং প্রদানের দায়িত্ব — (১) প্রত্যেক মহিলা শ্রমিক তাহার মালিকের নিকট হইতে তাহার সন্ত্মান প্রসবের সম্ভাব্য তারিখের অব্যবহিত পূর্ববর্তী 
6. <other_1476_s171_p15> [কাস্টমস আইন, ২০২৩, ধারা ১৭১] অপরাধসমূহের জরিমানা বা দণ্ড — আরোপণীয় হইবে; অথবা(খ) আদালত কর্তৃক দোষী সাব্যস্ত হইলে, সংশ্লিষ্ট ব্যক্তি তিনি অনধিক ১ (এক) বৎসর মেয়াদের কারা
7. <labour_1285_s30> [বাংলাদেশ ইপিজেড শ্রম আইন, ২০১৯, ধারা ৩০] প্রসূতি কল্যাণ সুবিধা প্রাপ্তির অধিকার এবং প্রদানের দায়িত্ব — (১) প্রত্যেক মহিলা শ্রমিক তাহার মালিকের নিকট হইতে তাহার সন্তান প্রসবের সম্ভাব্য তারিখের অব্যবহিত পূর্ববর্তী ৮ 
8. <other_1037_s85> [বীমা আইন, ২০১০, ধারা ৮৫] পলিসি তামাদির ক্ষেত্রে বীমাকৃতের প্রাপ্তব্য সুবিধাদি সম্পর্কে নোটিশ প্রদান৷ — কোন বীমাকারী যে তারিখে লাইফ ইন্স্যুরেন্স পলিসির প্রিমিয়াম প্রদেয় ছিল, কিন্তু পরিশোধ করা হয়নি ঐ তারিখ হইতে ৩
9. <criminal_procedure_1013_s52> [বরিশাল মহানগরী পুলিশ আইন, ২০০৯, ধারা ৫২] নিয়োগপত্র, প্রভৃতি ফেরত দিতে গাফিলতি বা অস্বীকৃতি জ্ঞাপনের দণ্ড — কোন পুলিশ কর্মকর্তা বাহিনীর সহিত সম্পর্ক ছিন্ন হওয়ার অব্যবহিত পরে তাহার নিয়োগপত্র, অস্ত্র, পোশাক ও অন্যান্য 
10. <criminal_procedure_1012_s52> [সিলেট মহানগরী পুলিশ আইন, ২০০৯, ধারা ৫২] নিয়োগপত্র, প্রভৃতি ফেরৎ দিতে গাফিলতি বা অস্বীকৃতি জ্ঞাপনের দণ্ড — কোন পুলিশ কর্মকর্তা বাহিনীর সহিত সম্পর্ক ছিন্ন হওয়ার অব্যবহিত পরে তাহার নিয়োগপত্র, অস্ত্র, পোশাক ও অন্যান্য ","criminal_procedure_11_s494, women_children_1207_s7","own_search","answered","1"
"prot_0058_01","Sorup","","আমি দ্বাদশ শ্রেণীতে পড়ি। মেজো দুলাভাই বিদেশে থাকেন। ছয় মাস আগে তিনি আমাকে স্বামীসহ বিদেশে নিয়ে যেতে চেয়েছিলেন। তখন আমি অবিবাহিত ছিলাম। তারপর আমার বড় বোনের দূর-সম্পর্কের এক দেবরের সঙ্গে বিয়ে ঠিক হয়। আমাদের পরিবারের সম্মতিতে একটি নকল কাবিননামা তৈরি করা হয়, যা বিদেশে কাগজপত্র পাঠানোর জন্য দরকার ছিল। কাবিনে শুধু আমার সই ছিল। ছেলেদের পরিবারের সঙ্গে কথা ছিল দুজন বিদেশে যেতে পারলে বিয়ে হবে, অন্যথায় বিয়ে হবে না। আমরা ভিসা পাইনি। কিন্তু এই সময়ে আমাদের মধ্যে একটা সম্পর্ক গড়ে ওঠে। এখন পরিবার থেকে বলছে, আমি যেন তার সঙ্গে যোগাযোগ না রাখি। কিন্তু আমরা বিয়ে করে সংসার করতে চাই। আমার প্রশ্ন, আমাদের আগের কাবিননামা কি গ্রহণযোগ্য?ঠিকানা ও নাম প্রকাশে অনিচ্ছুক","1. <other_1131_s31> [বৈদেশিক কর্মসংস্থান ও অভিবাসী আইন, ২০১৩, ধারা ৩১] অবৈধভাবে বিদেশে কর্মী প্রেরণ, অর্থ গ্রহণ, ইত্যাদির দণ্ড — কোন ব্যক্তি বা রিক্রুটিং এজেন্ট—(ক) এই আইন বা বিধির বিধান লঙ্ঘন করিয়া অপর কোন ব্যক্তিকে কর্মের উদ্দেশ্যে বিদে
2. <other_1131_s26> [বৈদেশিক কর্মসংস্থান ও অভিবাসী আইন, ২০১৩, ধারা ২৬] তথ্যের অধিকার — কোন অভিবাসী কর্মীর বিদেশে যাইবার পূর্বে অভিবাসন প্রক্রিয়া এবং কর্মসংস্থান চুক্তি বা বিদেশে কর্মের পরিবেশ সম্প
3. <other_1131_s30ক> [বৈদেশিক কর্মসংস্থান ও অভিবাসী আইন, ২০১৩, ধারা ৩০ক] (১) প্রত্যেক অভিবাসী কর্মী বৈদেশিক কর্মসংস্থানের জন্য প্রশিক্ষণ গ্রহণ ও বৈধ পন্থা অবলম্বন করিবেন এবং বিদেশে অব
4. <local_government_1024_s28> [স্থানীয় সরকার (পৌরসভা) আইন, ২০০৯, ধারা ২৮] সম্পত্তি সম্পর্কিত ঘোষণা — (১) মেয়র এবং প্রত্যেক কাউন্সিলরকে, শপথ বা দৃঢ়ভাবে ঘোষণা প্রদানের সময় ট্যাক্সপেয়ার’স আইডেন্টিফিকেশন নম্বরসহ
5. <other_1131_s5> [বৈদেশিক কর্মসংস্থান ও অভিবাসী আইন, ২০১৩, ধারা ৫] কতিপয় ব্যক্তির বহির্গমনের ক্ষেত্রে এই আইনের অপ্রযোজ্যতা — এই আইন নিম্নবর্ণিত ব্যক্তির বহির্গমনের ক্ষেত্রে প্রযোজ্য হইবে না, যথা:—(ক) প্রজাতন্ত্রের কর্ম বা সংবিধিবদ্ধ সর
6. <local_government_1026_s8> [স্থানীয় সরকার (সিটি কর্পোরেশন) আইন, ২০০৯, ধারা ৮] সম্পত্তি সম্পর্কিত ঘোষণা — (১) মেয়র এবং প্রত্যেক কাউন্সিলরকে, শপথ গ্রহণ বা ঘোষণা প্রদানের সময় ট্যাক্স আইডেন্টিফিকেশন নম্বরসহ (যদি থাকে)
7. <other_1167_s9> [রপ্তানি উন্নয়ন ব্যুরো আইন, ২০১৫, ধারা ৯] ব্যুরোর দায়িত্ব ও কার্যাবলি — (১) ব্যুরোর দায়িত্ব ও কার্যাবলি হইবে নিম্নরূপ, যথা:-(ক) দেশের রপ্তানি উন্নয়নের লক্ষ্যে সরকারি এবং বেসরকারি উ
8. <other_1131_s22> [বৈদেশিক কর্মসংস্থান ও অভিবাসী আইন, ২০১৩, ধারা ২২] কর্মসংস্থান চুক্তি — (১) রিক্রুটিং এজেন্ট নির্বাচিত কর্মী এবং তাহার নিয়োগকারীর মধ্যে একটি কর্মসংস্থান চুক্তি সম্পাদন করিবে, যাহাতে
9. <other_949_s22> [কেবল টেলিভিশন নেটওয়ার্ক পরিচালনা আইন, ২০০৬, ধারা ২২] চ্যানেলের মূল্য পরিশোধ, ইত্যাদি — কোন ডিসট্রিবিউটর, সরকারের পূর্বানুমোদন ব্যতিরেকে, বিদেশী পে-চ্যানেল ডাউন লিংক করিবার লক্ষ্যে পরিশোধিতব্য চ্যান
10. <other_1429_s192> [আয়কর আইন, ২০২৩, ধারা ১৯২] হিন্দু অবিভক্ত পরিবারের বিভাজনের ক্ষেত্রে কর নির্ধারণ — (১) এই আইনের উদ্দেশ্যপূরণকল্পে, হিন্দু অবিভক্ত পরিবার হিসাবে নির্ধারিত কোনো হিন্দু পরিবারকে সেই পর্যন্ত হিন্দু","family_476_s3","own_search","answered","1"
"prot_0101_03","Sorup","","ইসলামি ফরায়েজ মতে আমার পাওনা ও ছেলের দায়দায়িত্ব এবং তার ভরণপোষণ ও ভবিষ্যৎ জিম্মাদারি সম্পর্কে বিস্তারিত আইনি ব্যাখ্যা দেবেন কি?","1. <consumer_1452_s45> [কপিরাইট আইন, ২০২৩, ধারা ৪৫] কপিরাইটের স্বত্বাধিকারী কর্তৃক প্রদত্ত লাইসেন্স, ইত্যাদি — (১) কোনো বিদ্যমান কর্মের কপিরাইটের স্বত্বাধিকারী বা কোনো ভবিষ্যৎ কর্মের কপিরাইটের সম্ভাব্য স্বত্বাধিকারী তাহার
2. <other_1717_s31> [ব্যাংক রেজল্যুশন আইন, ২০২৬, ধারা ৩১] ইসলামি ব্যাংকসমূহের ক্ষেত্রে রেজল্যুশন টুলের প্রয়োগ — বাংলাদেশ ব্যাংক, প্রয়োজনে, ইসলামি ব্যাংকসমূহের ক্ষেত্রে রেজল্যুশন টুল প্রয়োগ সুনির্দিষ্ট করিবার জন্য প্রবিধা
3. <other_1725_s148> [অর্থ আইন, ২০২৬, ধারা ১৪৮] ২০২৩ সনের ১২ নং আইনের ধারা ৩০৪ এর সংশোধন — উক্ত আইনের ধারা ৩০৪ এর- (ক) উপ-ধারা (১) উল্লিখিত “উক্তকমত্য” শব্দের পরিবর্তে “ঐকমত্য পোষণ করেন অথবা প্রয়োজনে 
4. <other_1125_s56> [ইসলামি আরবি বিশ্ববিদ্যালয় আইন, ২০১৩, ধারা ৫৬] ক্রান্তিকালীন বিধান — এই আইন বা বর্তমানে বলবৎ অন্য কোন আইনে যাহাই থাকুক না কেন, বিশ্ববিদ্যালয় যতদিন পর্যন্ত দেশের সকল মাদ্রাসার নিয
5. <money_recovery_901_s34_p1> [অর্থ ঋণ আদালত আইন, ২০০৩, ধারা ৩৪] দেওয়ানী আটকাদেশ — আটক দায়িক যদি ডিক্রীদারের অপরিশোধিত পাওনার ২৫% এর সমপরিমাণ অর্থ নগদ পরিশোধ করিয়া এই মর্মে বন্ড প্রদান করেন য
6. <family_1444_s5> [পারিবারিক আদালত আইন, ২০২৩, ধারা ৫] পারিবারিক আদালতের এখতিয়ার — মুসলিম পারিবারিক আইনের বিধানাবলি সাপেক্ষে, পারিবারিক আদালতে নিম্নরূপ সকল বা যেকোনো বিষয় সম্পর্কিত বা উহা হইতে
7. <other_1717_s27> [ব্যাংক রেজল্যুশন আইন, ২০২৬, ধারা ২৭] শেয়ার, সম্পদ ও দায় হস্তান্তরের প্রভাব — বাংলাদেশ ব্যাংক কর্তৃক ভিন্নরূপ কোনো সিদ্ধান্ত গৃহীত না হইলে, যেক্ষেত্রে ধারা ২৬ এর অধীন হস্তান্তরকারী ব্যাংকে
8. <other_788_s259> [কোম্পানী আইন, ১৯৯৪, ধারা ২৫৯] লিকুইডেটর কর্তৃক প্রতিবেদন দাখিল — (১) আদালত কোম্পানী-অবলুপ্তির আদেশ প্রদান করিলে সরকারী লিকুইডেটর, ২৫৮ ধারা অনুযায়ী দাখিলযোগ্য বিবরণী প্রাপ্তির
9. <other_1465_s7> [চিড়িয়াখানা আইন, ২০২৩, ধারা ৭] পরিচালক, কিউরেটর ও অন্যান্য কর্মচারি নিয়োগ — (১) সরকার জাতীয় চিড়িয়াখানা বা সরকারি ব্যবস্থাপনায় পরিচালিত কোনো চিড়িয়াখানা পরিচালনার জন্য একজন পরিচালক, 
10. <other_1717_s54_p1> [ব্যাংক রেজল্যুশন আইন, ২০২৬, ধারা ৫৪] প্রতারণামূলকভাবে ব্যাংকের সম্পদ অথবা তহবিলের অপব্যবহার — ভিত্তি করিয়া কর্ম সম্পাদনকারী, এবং তাহাদের দ্বারা প্রতিনিধিত্বকারী প্রকৃত এবং/অথবা আইনি সত্তাকে ঋণ প্রদান; অথ","other_173_s2, family_1444_s5","own_search","answered","1"
"prot_0045_02","Sorup","","আমার বিয়ের পর স্বামীর সঙ্গে আমার কোনো রকম শারীরিক সম্পর্ক হয়নি। সে আমার বিয়ের পরের দিন বিদেশে চলে যায়। আমি তাকে স্বামী হিসেবে মানি না। কারণ, আমি তাকে আমার পছন্দে বিয়ে করিনি। আমার পরিবারের পছন্দমতো বিয়েটা হয়। আমার ইচ্ছা না থাকা সত্বেও তারা বিয়েটা দেয়। আমার বিয়ের দেনমোহর হয় তিন লাখ ৫০ হাজার টাকা। তার মাঝে ৫০ হাজার টাকা সোনার গয়নার জন্য ধরা হয়। এখন আমার কথা হচ্ছে, আমি তাকে তালাক দিতে চাই। যদি তাকে আমি তালাক দিই তাহলে তাকে কি মোহরানা দিতে হবে? সুরাইয়া জান্নাতচট্টগ্রাম","1. <other_1476_s171_p5> [কাস্টমস আইন, ২০২৩, ধারা ১৭১] অপরাধসমূহের জরিমানা বা দণ্ড — পণ্য পুনরায় বাংলাদেশে নামান বা অবতরণ করান।সংশ্লিষ্ট ব্যক্তির বিরুদ্ধে, প্রযোজ্য ক্ষেত্রে, সংশ্লিষ্ট প্রত্যর্প
2. <labour_952_s290> [বাংলাদেশ শ্রম আইন, ২০০৬, ধারা ২৯০] 1 [দুর্ঘটনার এবং পেশাগত ব্যাধিসমূহের বিষয়ে নোটিশ প্রদানে ব্যর্থতার দণ্ড] — কোন ব্যক্তি এই আইনের বিধান লঙ্ঘন করিয়া কোন দুর্ঘটনা সম্পর্কে নোটিশ দিতে ব্যর্থ হইলে তিনি, যদি দুর্ঘটনার কারণে
3. <criminal_procedure_1013_s52> [বরিশাল মহানগরী পুলিশ আইন, ২০০৯, ধারা ৫২] নিয়োগপত্র, প্রভৃতি ফেরত দিতে গাফিলতি বা অস্বীকৃতি জ্ঞাপনের দণ্ড — কোন পুলিশ কর্মকর্তা বাহিনীর সহিত সম্পর্ক ছিন্ন হওয়ার অব্যবহিত পরে তাহার নিয়োগপত্র, অস্ত্র, পোশাক ও অন্যান্য 
4. <criminal_procedure_1012_s52> [সিলেট মহানগরী পুলিশ আইন, ২০০৯, ধারা ৫২] নিয়োগপত্র, প্রভৃতি ফেরৎ দিতে গাফিলতি বা অস্বীকৃতি জ্ঞাপনের দণ্ড — কোন পুলিশ কর্মকর্তা বাহিনীর সহিত সম্পর্ক ছিন্ন হওয়ার অব্যবহিত পরে তাহার নিয়োগপত্র, অস্ত্র, পোশাক ও অন্যান্য 
5. <other_1226_s10> [কৃষি কাজে ভূগর্ভস্থ পানি ব্যবস্থাপনা আইন, ২০, ধারা ১০] অপরাধ ও দণ্ড — কোন ব্যক্তি এই আইনের কোন বিধান লঙ্ঘন করিলে অনধিক ৫০(পঞ্চাশ) হাজার টাকা জরিমানা, অনাদায়ে ৩০(ত্রিশ) দিন বিনাশ্র
6. <other_1200_s27> [বাংলাদেশ নার্সিং ও মিডওয়াইফারি কাউন্সিল আইন,, ধারা ২৭] ভূয়া পদবী, ইত্যাদি ব্যবহার নিষিদ্ধ — (১) কোন ব্যক্তি এই আইনের অধীন নিবন্ধনকৃত কোন নার্স বা মিডওয়াইফ বা সহযোগী পেশার কোন নাম, পদবী, বিবরণ বা প্রতীক
7. <other_1429_s266> [আয়কর আইন, ২০২৩, ধারা ২৬৬] রিটার্ন, ইত্যাদি দাখিলে ব্যর্থতার জন্য জরিমানা — (১) যেইক্ষেত্রে কোনো ব্যক্তি যুক্তিসঙ্গত কারণ ব্যতীত, ধারা ১৬৬, ১৭২, ১৯১, ১৯৩ বা ২১২ এর অধীন কোনো ব্যক্তি রিটা
8. <other_1478_s55_p3> [ফাইন্যান্স কোম্পানি আইন, ২০২৩, ধারা ৫৫] জরিমানা — বা অন্য কোনো দলিল দাখিল করিতে অথবা কোনো বিবরণ বা তথ্য সরবরাহ করিতে, অথবা ফাইন্যান্স কোম্পানির ব্যবসা সংক্রান্ত
9. <other_1228_s36> [বিদ্যুৎ আইন, ২০১৮, ধারা ৩৬] চুরিকৃত মালামাল দখলে রাখিবার দণ্ড — কোন ব্যক্তি ধারা ৩৫ এ উল্লিখিত যন্ত্রপাতি বা বিদ্যুৎ লাইন সামগ্রী চুরি হইয়াছে বলিয়া বিশ্বাস করিবার যুক্তিসঙ্
10. <other_949_s28> [কেবল টেলিভিশন নেটওয়ার্ক পরিচালনা আইন, ২০০৬, ধারা ২৮] শাস্তি — (১) এই আইনের অধীন ধারা ৩, ৪, ৭(৩) ও (৪), ১৬, ১৭(২), ১৭(৩), ১৭(৫), ১৯, ২১, ২২, ২৩, ও ২৫ এর কোন বিধান লঙ্ঘন হইবে","family_180_s5, family_305_s8","own_search","answered","1"
"prot_0108_04","Sorup","","আমার ভাই তাঁর অংশ ১৪-১১-১১ তারিখে সাব-কবলা করে বিক্রি করেন। বাড়িটি আমাদের দুই ভাইয়ের নামে রেকর্ড হয় এবং দলিল-পর্চায় বাড়ি-বাগান হিসেবে এখনো রেকর্ড হয়েছে এবং বর্তমানে আছে। ১৯৫২ সালের আগেও বাড়ি-বাগান বলেই রেকর্ড। আমি ‘প্রিয়েমশন’ বা অগ্রক্রয় মামলা করতে চাই। আমার জানতে ইচ্ছে করে, আমি প্রিয়েমশন করে ওই বাড়িটি পাব কি না?","1. <other_1116_s18> [বাংলাদেশ রাবার বোর্ড আইন, ২০১৩, ধারা ১৮] তথ্য সংগ্রহ, প্রবেশ ইত্যাদির ক্ষমতা — (১) বোর্ড, এই আইনের উদ্দেশ্য পূরণকল্পে, আদেশ দ্বারা যে কোন ব্যক্তিকে রাবার চাষ, রাবার উৎপাদন এবং রাবার শিল্প স
2. <other_1429_s179> [আয়কর আইন, ২০২৩, ধারা ১৭৯] হিসাব, দলিলাদি ইত্যাদি উপস্থাপন — (১) উপকর কমিশনার লিখিত নোটিশের মাধ্যমে, ধারা ১৬৬, ১৭৫208[, ১৭৬ বা ২১২] এর অধীন যিনি রিটার্ন দাখিল করিয়াছেন বা
3. <cybercrime_950_s63> [তথ্য ও যোগাযোগ প্রযুক্তি আইন, ২০০৬, ধারা ৬৩] গোপনীয়তা প্রকাশ সংক্রান্ত অপরাধ ও উহার দণ্ড — (১) এই আইন বা আপাততঃ বলবত্ অন্য কোন আইনে ভিন্নরূপ কোন কিছু না থাকিলে, কোন ব্যক্তি যদি এই আইন বা তদধীন প্রণীত ব
4. <land_1220_s15> [স্থাবর সম্পত্তি অধিগ্রহণ ও হুকুমদখল আইন, ২০১, ধারা ১৫] ঘর-বাড়ি অথবা ইমারতের আংশিক অধিগ্রহণ — (১) কোনো মালিক তাহার বাড়ি, কারখানা বা ভবনের সম্পূর্ণ অংশ অধিগ্রহণ করিতে হইবে মর্মে শর্ত আরোপ করিলে, সংশ্লিষ্ট
5. <other_1429_s126> [আয়কর আইন, ২০২৩, ধারা ১২৬] (১)Registration Act, 1908(Act No. XVI of 1908) এর অধীন কোনো ভূমি, স্থাপনা, বাড়ি, ফ্ল্যাট, অ্যাপার্টমেন্ট অথবা
6. <other_1483_s10_p1> [পরিত্যক্ত বাড়ি (সম্পূরক বিধানাবলি) আইন, ২০২৩, ধারা ১০] পরিত্যক্ত বাড়ি নিয়ন্ত্রণ, ব্যবস্থাপনা এবং নিষ্পত্তি সংক্রান্ত বোর্ড — গণপূর্ত বিভাগ সদস্য-সচিব।(২) পরিত্যক্ত বাড়ি নিয়ন্ত্রণ, ব্যবস্থাপনা এবং নিষ্পত্তির জন্য বোর্ডের দায়িত্ব ও কা
7. <other_1483_s5> [পরিত্যক্ত বাড়ি (সম্পূরক বিধানাবলি) আইন, ২০২৩, ধারা ৫] পরিত্যক্ত বাড়ির তালিকা হইবার পর স্বার্থ দাবি করিয়া আবেদন — ধারা ৪ এর উপ-ধারা (১) এর দফা (ক) ও (খ) এ বর্ণিত ক্ষেত্র ব্যতীত অন্যান্য ক্ষেত্রে কোনো বাড়ির উপর কোনো অধিকার ব
8. <other_1490_s46> [অর্থ আইন, ২০২৪, ধারা ৪৬] ২০২৩ সনের ১২ নং আইনের ধারা ১২৬ এর প্রতিস্থাপন — উক্ত আইনের ধারা ১২৬ এর পরিবর্তে নিম্নরূপ ধারা ১২৬ প্রতিস্থাপিত হইবে, যথা:-“১২৬। ডেভেলপার বা রিয়েল এস্টেট ডেভে
9. <other_1195_s2> [চা আইন, ২০১৬, ধারা ২] সংজ্ঞা — বিষয় বা প্রসঙ্গের পরিপন্থি কোন কিছু না থাকিলে, এই আইনে-(১) ‘‘আমদানি বা রপ্তানি’’ অর্থImports and Exports (Con
10. <other_1386_s18> [বাংলাদেশ জাতীয় আরকাইভস আইন, ২০২১, ধারা ১৮] জাতীয় আরকাইভস হইতে সাময়িকভাবে রেকর্ড স্থানান্তর — জাতীয় আরকাইভস হইতে কোনো সরকারি আরকাইভস অন্য কোথাও স্থানান্তর করা যাইবে না :তবে শর্ত থাকে যে, যদি কোনো সরকারি ","land_241_s96_p0","own_search","answered","2"
"prot_0102_03","Sorup","","কিন্তু আমার স্ত্রী তালাকনামা গ্রহণ করতে অস্বীকৃতি জানালে এটি ফেরত আসে। সে জানায় যে সে এটি গ্রহণ করবে না। এবং সে আমাকে স্বামী হিসেবে মানে। আর আমিও তাকে গ্রহণ করতে চাই। এ অবস্থায় আমি কি তাকে স্বাভাবিকভাবে গ্রহণ করলেই হবে?","1. <other_1070_s25> [উদ্ভিদ সংগনিরোধ আইন, ২০১১, ধারা ২৫] আটকের ক্ষেত্রে মালিককে অবহিতকরণ — উদ্ভিদ সংগনিরোধ কর্মকর্তা কর্তৃক কোন উদ্ভিদ বা উদ্ভিদজাত দ্রব্যাদি আটক, অপেক্ষারত অবস্থায় রাখা, প্রবেশাধিকার 
2. <other_1485_s9> [বাংলাদেশ পুলিশ কল্যাণ তহবিল আইন, ২০২৩, ধারা ৯] মৃত্যু এবং অক্ষমতাজনিত কারণে এককালীন এবং মাসিক কল্যাণ অনুদান — (১) কোনো কর্মচারী বা তাহার মৃত্যু হইলে তাহার স্ত্রী বা, ক্ষেত্রমত, স্বামী, বিধি দ্বারা নির্ধারিত পদ্ধতিতে, নিম
3. <other_1266_s2_p3> [বাংলাদেশ মুক্তিযোদ্ধা কল্যাণ ট্রাস্ট আইন, ২০, ধারা ২] সংজ্ঞা — বা স্বামী এবং পিতা-মাতার অবর্তমানে খেতাবপ্রাপ্ত বীর মুক্তিযোদ্ধার সন্তান; বা(উ) (অ)-(ঈ) পর্যন্ত বর্ণিত ব্যক্তি
4. <other_1196_s4> [রাষ্ট্রপতির অবসরভাতা, আনুতোষিক ও অন্যান্য সু, ধারা ৪] আনুতোষিক — (১) অবসরভাতা গ্রহণের প্রাধিকার অর্জন করিয়াছেন এমন কোন সাবেক রাষ্ট্রপতি, অবসরভাতার পরিবর্তে এই ধারার বিধান অনু
5. <other_1108_s11> [আদালত অবমাননা আইন, ২০১৩, ধারা ১১] আদালত অবমাননার অভিযোগ দায়ের ও নিষ্পত্তির বিধান — (১) কোন ব্যক্তির বিরুদ্ধে আদালত অবমাননার অভিযোগ উত্থাপিত বা কার্যধারা রুজু করা হইলে, অভিযোগের বিষয়ে তাহাকে কা
6. <other_1196_s3> [রাষ্ট্রপতির অবসরভাতা, আনুতোষিক ও অন্যান্য সু, ধারা ৩] অবসরভাতা — (১) কোন ব্যক্তি রাষ্ট্রপতি পদে, ধারা ৬-এর বিধান সাপেক্ষে, অন্যূন ৬ (ছয়) মাস অধিষ্ঠিত থাকিয়া পদত্যাগ করিলে অথ
7. <other_1429_s31> [আয়কর আইন, ২০২৩, ধারা ৩১] আয় একীভূতকরণ — (১) এই আইনে ভিন্নরূপ কিছু না থাকিলে, নিম্নবর্ণিত আয়সমূহ কোনো ব্যক্তির মোট আয়ের অন্তর্ভুক্ত হইবে, যথা:-(ক) উক
8. <local_government_1024_s28> [স্থানীয় সরকার (পৌরসভা) আইন, ২০০৯, ধারা ২৮] সম্পত্তি সম্পর্কিত ঘোষণা — (১) মেয়র এবং প্রত্যেক কাউন্সিলরকে, শপথ বা দৃঢ়ভাবে ঘোষণা প্রদানের সময় ট্যাক্সপেয়ার’স আইডেন্টিফিকেশন নম্বরসহ
9. <other_857_s11> [বাংলাদেশ টেলিযোগাযোগ নিয়ন্ত্রণ আইন, ২০০১, ধারা ১১] পরিবারের সদস্যের কতিপয় স্বার্থ সম্পর্কে কমিশনারের দায়িত্ব — (১) কোন কমিশনারের পরিবারের কোন সদস্য যদি ধারা ১০(২)(ছ)- েত উলিস্্নখিত স্বার্থ অর্জন বা ধারণ করেন, তাহা হইলে তি
10. <other_1271_s22> [সরকারি চাকরি আইন, ২০১৮, ধারা ২২] কল্যাণমূলক ব্যবস্থা — (১) সরকার বা, ক্ষেত্রমত, উপযুক্ত কর্তৃপক্ষ সরকারি কর্মচারী ও তাহার পরিবারের সদস্যগণের কল্যাণে শিক্ষা, চিকিৎসা,","family_305_s7","own_search","answered","3"
"prot_0111_06","Sorup","","বহির্ভূত ঝুঁকিপূর্ণ ভবন তৈরি করার জন্য রাজউক, রিহ্যাব কিংবা স্থানীয় থানায় আমার জন্য কি কোনো আইন নেই?","1. <other_1131_s30ক> [বৈদেশিক কর্মসংস্থান ও অভিবাসী আইন, ২০১৩, ধারা ৩০ক] (১) প্রত্যেক অভিবাসী কর্মী বৈদেশিক কর্মসংস্থানের জন্য প্রশিক্ষণ গ্রহণ ও বৈধ পন্থা অবলম্বন করিবেন এবং বিদেশে অব
2. <other_791_s10> [বাংলাদেশ পরিবেশ সংরক্ষণ আইন, ১৯৯৫, ধারা ১০] প্রবেশ ইত্যাদির ক্ষমতা — (১) এই ধারার বিধানাবলী সাপেক্ষে, মহাপরিচালক হইতে এতদুদ্দেশ্যে সাধারণ বা বিশেষভাবে ক্ষমতাপ্রাপ্ত, কোন ব্যক্তি স
3. <other_1246_s7> [ক্যান্টনমেন্ট আইন, ২০১৮, ধারা ৭] কোনো স্থানীয় এলাকার ক্যান্টনমেন্টের অংশ হিসাবে অন্তর্ভুক্তির অবসায়নে ক্যান্টনমেন্ট বোর্ড তহবিল ব্যবস্থাপনা — (১) যখন, ধারা ৪ এর অধীন প্রজ্ঞাপন দ্বারা, ক্যান্টনমেন্টের অংশ হিসাবে অন্তর্ভুক্ত কোনো স্থানীয় এলাকা, কোনো নির
4. <other_1179_s32> [কক্সবাজার উন্নয়ন কর্তৃপক্ষ আইন, ২০১৬, ধারা ৩২] স্থানীয় কর্তৃপক্ষ অথবা পৌরসভা কর্তৃক ইমারত নির্মাণের অনুমতি প্রদান নিষিদ্ধ — (১) অন্য কোন আইনে যাহা কিছুই থাকুক না কেন, এই আইন কার্যকর হইবার পর, কর্তৃপক্ষের আওতাধীন এলাকার মধ্যে ক্ষমতাপ্র
5. <other_1482_s31> [বাংলাদেশ হোমিওপ্যাথিক চিকিৎসা শিক্ষা আইন, ২০, ধারা ৩১] ব্যবস্থাপত্রে অ-অনুমোদিত ঔষধ লিখিবার দণ্ড — (১) কোনো হোমিওপ্যাথিক চিকিৎসক হোমিওপ্যাথিক ফার্মাকোপিয়াতে অন্তর্ভুক্ত নেই এমন কোনো ঔষধ হোমিওপ্যাথিক চিকিৎসা ব
6. <other_1701_s46> [কুমিল্লা উন্নয়ন কর্তৃপক্ষ আইন, ২০২৬, ধারা ৪৬] স্থানীয় কর্তৃপক্ষ কর্তৃক ইমারত নির্মাণের অনুমতি প্রদানে বিধি-নিষেধ — (১) অন্য কোনো আইনে যাহা কিছুই থাকুক না কেন, এই আইন কার্যকর হইবার পর, কর্তৃপক্ষের আওতাধীন এলাকার মধ্যে কোনো স্থ
7. <other_1698_s45> [বরিশাল উন্নয়ন কর্তৃপক্ষ আইন, ২০২৬, ধারা ৪৫] স্থানীয় কর্তৃপক্ষ কর্তৃক ইমারত নির্মাণের অনুমতি প্রদানে বিধি-নিষেধ। — (১) অন্য কোনো আইনে যাহা কিছুই থাকুক না কেন, এই আইন কার্যকর হইবার পর, কর্তৃপক্ষের আওতাধীন এলাকার মধ্যে কোনো স্থ
8. <other_1702_s45> [রংপুর উন্নয়ন কর্তৃপক্ষ আইন, ২০২৬, ধারা ৪৫] স্থানীয় কর্তৃপক্ষ কর্তৃক ইমারত নির্মাণের অনুমতি প্রদানে বিধি-নিষেধ — (১) অন্য কোনো আইনে যাহা কিছুই থাকুক না কেন, এই আইন কার্যকর হইবার পর, কর্তৃপক্ষের আওতাধীন এলাকার মধ্যে কোনো স্থ
9. <other_1697_s46> [নারায়ণগঞ্জ উন্নয়ন কর্তৃপক্ষ আইন, ২০২৬, ধারা ৪৬] স্থানীয় কর্তৃপক্ষ কর্তৃক ইমারত নির্মাণের অনুমতি প্রদানে বিধি-নিষেধ — (১) অন্য কোনো আইনে যাহা কিছুই থাকুক না কেন, এই আইন কার্যকর হইবার পর, কর্তৃপক্ষের আওতাধীন এলাকার মধ্যে কোনো স্থ
10. <other_1699_s45> [ময়মনসিংহ উন্নয়ন কর্তৃপক্ষ আইন, ২০২৬, ধারা ৪৫] স্থানীয় কর্তৃপক্ষ কর্তৃক ইমারত নির্মাণের অনুমতি প্রদানে বিধি-নিষেধ — (১) অন্য কোনো আইনে যাহা কিছুই থাকুক না কেন, এই আইন কার্যকর হইবার পর, কর্তৃপক্ষের আওতাধীন এলাকার মধ্যে কোনো স্থ","other_254_s3B_p0, other_254_s3","own_search","answered","1"
"lawy_0299_01","Sorup","","জমি-জমা সহায় সম্পত্তি রক্ষায় কিভাবে নিষেধাজ্ঞা জারি করবেন?","1. <other_1471_s16> [বাংলাদেশ চলচ্চিত্র সার্টিফিকেশন আইন, ২০২৩, ধারা ১৬] নিষেধাজ্ঞা বা অন্তর্বর্তীকালীন আদেশ জারি — অন্য কোনো আইনে যাহা কিছুই থাকুক না কেন, বোর্ডের বক্তব্য শ্রবণ সাপেক্ষে, এই আইনের অধীন দায়েরকৃত মামলার ক্ষেত্র
2. <other_1472_s48> [বাংলাদেশ পেটেন্ট আইন, ২০২৩, ধারা ৪৮] নিষেধাজ্ঞা মঞ্জুরের ক্ষেত্রে আদালতের ক্ষমতার সীমাবদ্ধতা — এই আইনের ধারা ২৯, ৩৬, ৩৭, ৩৮, ৩৯, ৪০ এবং ৪১ এর অধীন কোনো কার্যের বিরুদ্ধে অস্থায়ী, অন্তর্বর্তীকালীন বা স্থায়
3. <other_1439_s24> [বাংলাদেশ শিল্প-নকশা আইন, ২০২৩, ধারা ২৪] অস্থায়ী বা অন্তর্বর্তীকালীন নিষেধাজ্ঞা জারি — (১) শিল্প-নকশার স্বত্বাধিকারী মামলা দায়ের করিলে আদালত, শিল্প-নকশা লঙ্ঘন প্রতিরোধ করিবার লক্ষ্যে, দেওয়ানি কার
4. <land_856_s33> [অর্পিত সম্পত্তি প্রত্যর্পণ আইন, ২০০১, ধারা ৩৩] রহিতকরণ — (১) এতদ্দ্বারা Enemy Property (Continuance of Emergency Provisions) (Repeal) Act, 1974 (XLV of 1974) রহিত করা 
5. <other_834_s14ক> [আইনগত সহায়তা প্রদান আইন, ২০০০, ধারা ১৪ক] (১) প্রতিটি বিশেষ কমিটির একটি তহবিল থাকিবে এবং উহাতে বোর্ড কর্তৃক বরাদ্দকৃত অর্থ কোন ব্যক্তি বা সংস্থা কর্তৃক 
6. <other_834_s14> [আইনগত সহায়তা প্রদান আইন, ২০০০, ধারা ১৪] (১) প্রতিটি জেলা কমিটির একটি তহবিল থাকিবে এবং উহাতে বোর্ড কর্তৃক বরাদ্দকৃত অর্থ কোন ব্যক্তি বা সংস্থা কর্তৃক প
7. <other_834_s13ক> [আইনগত সহায়তা প্রদান আইন, ২০০০, ধারা ১৩ক] (১) সুপ্রীম কোর্ট কমিটির একটি তহবিল থাকিবে এবং উহাতে বোর্ড কর্তৃর্ক বরাদ্দকৃত অর্থ, কোন ব্যক্তি বা সংস্থা কর্ত
8. <other_1195_s17> [চা আইন, ২০১৬, ধারা ১৭] জমির অবৈধ ব্যবহার রোধ করিবার ক্ষমতা — আপাতত বলবৎ অন্য কোন আইনে যাহা কিছুই থাকুক না কেন, বোর্ড এই আইনের উদ্দেশ্যের পরিপন্থি কোন কাজে বাগানের জমি ব্যব
9. <other_1472_s47> [বাংলাদেশ পেটেন্ট আইন, ২০২৩, ধারা ৪৭] নিষেধাজ্ঞা (Injunction) — (১) যদি চুক্তির লঙ্ঘন বা সুনির্দিষ্ট প্রতিপালন সংক্রান্ত কোনো মোকদ্দমা ধারা ৪৪ এর বিধান ভঙ্গের জন্য হয়, তাহা 
10. <other_845_s20> [জাতীয় গৃহায়ন কর্তৃপক্ষ আইন, ২০০০, ধারা ২০] জমি হুকুমদখল বা অধিগ্রহণ, ইত্যাদি — (১) কর্তৃপক্ষের কার্যাবলী সম্পাদনের জন্য কোন জমি প্রয়োজন হইলে উহা জনস্বার্থে প্রয়োজনীয় বলিয়া বিবেচিত হইবে ","other_36_s54_p0, criminal_procedure_75_s144","own_search","answered","2"
"ajke_0168_01","Sorup","","পরে আমি মামলা তুলে নিই। দীর্ঘদিন আমরা ঘর-সংসার করে আসছি। কিন্তু হঠাৎ সে তালাকের নোটিশ পাঠিয়েছে। কিন্তু আমি সংসার করতে চাই। তার বিরুদ্ধে কি আইনি পদক্ষেপ নিতে পারব?","1. <other_1271_s24> [সরকারি চাকরি আইন, ২০১৮, ধারা ২৪] আইনি সহায়তা — (১) কোনো কর্মচারীর বিরুদ্ধে, সরকারি দায়িত্ব পালনের সহিত সম্পর্কিত কোনো বিষয়ে তাহাকে ব্যক্তিগতভাবে দায়ী করিয
2. <other_1483_s7> [পরিত্যক্ত বাড়ি (সম্পূরক বিধানাবলি) আইন, ২০২৩, ধারা ৭] মামলা দায়েরে নিষেধাজ্ঞা, ইত্যাদি — (১) রাষ্ট্রপতির ১৯৭২ সনের ১৬ নং আদেশ বা এই আইনের অধীন কৃত, গৃহীত বা চলমান কোনো কার্যক্রম, সিদ্ধান্ত বা জারীকৃত
3. <other_841_s76> [জেলা পরিষদ আইন, ২০০০, ধারা ৭৬] পরিষদের পক্ষে ও বিরুদ্ধে মামলা — (১) পরিষদের বিরুদ্ধে বা পরিষদ সংক্রান্ত কোন কাজের জন্য উহার কোন সদস্য বা কর্মকর্তা বা কর্মচারীর বিরুদ্ধে কোন ম
4. <other_1424_s4> [চট্টগ্রাম শাহী জামে মসজিদ আইন, ২০২৩, ধারা ৪] মসজিদের সম্পত্তির আইনি সুরক্ষা — আদালতের কোনো রায়, ডিক্রি, আদেশ অথবা ঘোষণায় যাহা কিছুই থাকুক না কেন, এই আইনের অধীন সরকার, কোনো কর্তৃপক্ষ বা ক
5. <other_1696_s63> [রাজধানী উন্নয়ন কর্তৃপক্ষ আইন, ২০২৬, ধারা ৬৩] কর্তৃপক্ষের বিরুদ্ধে মামলার নোটিশ, ইত্যাদি — (১) এই আইন বা তদ্ধীন প্রণীত বিধি বা প্রবিধানের অধীন কর্তৃপক্ষ, চেয়ারম্যান, সদস্য বা কর্মচারীর বিরুদ্ধে কোনো ম
6. <other_725_s71> [খাগড়াছড়ি পার্বত্য জেলা পরিষদ আইন, ১৯৮৯, ধারা ৭১] পরিষদের পক্ষে ও বিপক্ষে মামলা — (১) পরিষদের বিরুদ্ধে বা পরিষদ সংক্রান্ত কোন কাজের জন্য উহার কোন সদস্য বা কর্মকর্তা বা কর্মচারীর বিরুদ্ধে কোন ম
7. <other_724_s71> [রাংগামাটি পার্বত্য জেলা পরিষদ আইন, ১৯৮৯, ধারা ৭১] পরিষদের পক্ষে ও বিপক্ষে মামলা — (১) পরিষদের বিরুদ্ধে বা পরিষদ সংক্রান্ত কোন কাজের জন্য উহার কোন সদস্য বা কর্মকর্তা বা কর্মচারীর বিরুদ্ধে কোন ম
8. <other_726_s71> [বান্দরবান পার্বত্য জেলা পরিষদ আইন, ১৯৮৯, ধারা ৭১] পরিষদের পক্ষে ও বিপক্ষে মামলা — (১) পরিষদের বিরুদ্ধে বা পরিষদ সংক্রান্ত কোন কাজের জন্য উহার কোন সদস্য বা কর্মকর্তা বা কর্মচারীর বিরুদ্ধে কোন ম
9. <local_government_827_s66> [উপজেলা পরিষদ আইন, ১৯৯৮, ধারা ৬৬] পরিষদের পক্ষে ও বিপক্ষে মামলা — (১) পরিষদের বিরুদ্ধে বা পরিষদ সংক্রান্ত কোন কাজের সূত্রে উহার কোন সদস্য বা কর্মকর্তা বা কর্মচারীর বিরুদ্ধে মাম
10. <other_822_s47> [পার্বত্য চট্টগ্রাম আঞ্চলিক পরিষদ আইন, ১৯৯৮, ধারা ৪৭] পরিষদের পক্ষে বা বিপক্ষে মামলা — (১) পরিষদের বিরুদ্ধে বা পরিষদ সংক্রান্ত কোন কাজের জন্য উহার কোন সদস্য বা কর্মকর্তা বা কর্মচারীর বিরুদ্ধে কোন ম","family_305_s7, family_1444_s5","own_search","answered","2"
"prot_0073_02","Sorup","","আমার বড় বোন তাঁর এক ছেলে ও মেয়ে রেখে মারা যাওয়ার পর ওই বোনজামাইয়ের সঙ্গে আমার বিয়ে হয়। বর্তমানে আমারও এক ছেলে ও এক মেয়ে। আমার স্বামী গত বছর মারা যান। আমি যে বাড়িতে বসবাস করছি, তা আমার বড় বোনের নামে। এখন সেই বাড়ি কি শুধু আগের দুই ছেলেমেয়েই পাবে? না আমার পরের দুই সন্তানেরও অংশ আছে? আর যদি তারা অংশ পায়, তবে কীভাবে তা ভাগ হবে। আমার সব সন্তানের মধ্যেই যথেষ্ট সদ্ভাব এবং বোঝাপড়া আছে।নাম প্রকাশে অনিচ্ছুকপাবনা","1. <other_822_s10> [পার্বত্য চট্টগ্রাম আঞ্চলিক পরিষদ আইন, ১৯৯৮, ধারা ১০] সম্পত্তি সম্পর্কিত ঘোষণা — চেয়ারম্যান ও প্রত্যেক সদস্য তাহার কার্যভার গ্রহণের পূর্বে তাহার এবং তাঁহার পরিবারের কোন সদস্যের স্বত্ব, দখল ব
2. <local_government_1027_s41> [স্থানীয় সরকার (ইউনিয়ন পরিষদ) আইন, ২০০৯, ধারা ৪১] সম্পত্তি সম্পর্কিত ঘোষণা — চেয়ারম্যান ও সদস্য তাঁহার কার্যভার গ্রহণের পূর্বে তাঁহার এবং তাঁহার পরিবারের কোন সদস্যের স্বত্ব, দখল বা স্বার
3. <local_government_827_s10> [উপজেলা পরিষদ আইন, ১৯৯৮, ধারা ১০] সম্পত্তি সম্পর্কিত ঘোষণা — 14[চেয়ারম্যান ও ভাইস চেয়ারম্যান ] তাঁহার কার্যভার গ্রহণের পূর্বে তাঁহার এবং তাঁহার পরিবারের কোন সদস্যের স্বত
4. <local_government_1027_s2_p1> [স্থানীয় সরকার (ইউনিয়ন পরিষদ) আইন, ২০০৯, ধারা ২] সংজ্ঞা — শহর হিসাবে ঘোষিত নয় এইরূপ এলাকা;(১৩) 'চেয়ারম্যান' অর্থ ইউনিয়ন পরিষদের চেয়ারম্যান;(১৪) 'জনপথ' অর্থ সর্বসাধা
5. <other_1429_s2_p0> [আয়কর আইন, ২০২৩, ধারা ২] সংজ্ঞা — বিষয় বা প্রসঙ্গের পরিপন্থি কোনো কিছু না থাকিলে, এই আইনে,-(১) “অবলোপিত মূল্য” অর্থ তৃতীয় তফসিলের অংশ ১ এ সংজ্
6. <criminal_procedure_765_s74> [রাজশাহী মহানগরী পুলিশ আইন, ১৯৯২, ধারা ৭৪] রাস্তায় বা সর্বসাধারণের ব্যবহার্য স্থানে গাড়ী তৈয়ার বা মেরামত করার দণ্ড — কোন ব্যক্তি রাস্তার উপরে বা সর্বসাধারণের ব্যবহার্য স্থানে গাড়ী নির্মাণ বা মেরামত করিলে বা গাড়ীর অংশ বিশেষ বা
7. <labour_952_s157> [বাংলাদেশ শ্রম আইন, ২০০৬, ধারা ১৫৭] নোটিশ ও দাবী — (১) কোন শ্রম আদালত ৰতিপূরণের কোন দাবী বিবেচনায় আনিবে না যদি না দুর্ঘটনা ঘটিবার পর যতশীঘ্র সম্ভব এতদ্নিম্নে বর
8. <other_1429_s31> [আয়কর আইন, ২০২৩, ধারা ৩১] আয় একীভূতকরণ — (১) এই আইনে ভিন্নরূপ কিছু না থাকিলে, নিম্নবর্ণিত আয়সমূহ কোনো ব্যক্তির মোট আয়ের অন্তর্ভুক্ত হইবে, যথা:-(ক) উক
9. <other_1156_s25> [মেট্রোরেল আইন, ২০১৫, ধারা ২৫] ক্ষতিপূরণ প্রদান — মেট্রোরেল পরিচালনাকালে উহা হইতে উদ্ভূত দুর্ঘটনার ফলে যদি কোন ব্যক্তি আঘাতপ্রাপ্ত বা ক্ষতিগ্রস্ত হন বা আঘাতপ্রা
10. <other_1201_s27> [বাস র‍্যাপিড ট্রানজিট (বিআরটি) আইন, ২০১৬, ধারা ২৭] ক্ষতিপূরণ প্রদান — বিআরটি পরিচালনাকালে উহা হইতে উদ্ভূত দুর্ঘটনার ফলে যদি কোনো ব্যক্তি আঘাতপ্রাপ্ত বা ক্ষতিগ্রস্ত হন বা আঘাতপ্রাপ্","other_173_s2","own_search","answered","1"
"prot_0077_08","Sorup","","এক ডেভেলপারের সঙ্গে মোহাম্মদপুরের আদাবর ১০ নম্বর রোডে আমার আট কাঠা জমির ওপর ফ্ল্যাট নির্মাণের চুক্তি হয়েছিল। চুক্তির শর্ত অনুযায়ী (২০০৬-২০০৯) ডিসেম্বর এই ৩৬ মাস সময় এবং প্রয়োজনে আরও ছয় মাস বাড়তি সময় অর্থাৎ ২০১০ সালের জুলাই মাসে আমার অংশের ফ্ল্যাট তাদের হস্তান্তরের কথা। কিন্তু এই তিন বছর চার মাস সময়ের মধ্যে তারা যতটুকু কাজ করেছে, তাতে আগামী দুই বছরেও নির্মাণকাজ সম্পন্ন হবে না। চুক্তিপত্রে উল্লেখ ছিল সময়মতো তারা ফ্ল্যাট হস্তান্তর করতে না পারলে আমরা উভয়পক্ষ আলোচনার মাধ্যমে যেকোনো সিদ্ধান্ত নেব। কিছুদিন আগে তারা তাদের আগের অফিসের ঠিকানা পাল্টিয়ে অন্যত্র চলে গেছে এবং আমি মোবাইল ফোনে যোগাযোগ করার চেষ্টা করেও ব্যর্থ হচ্ছি। আমার মনে হয়, আমি একটা প্রতারণার ফাঁদে পড়েছি। তারা বলেছিল, তারা নাকি রিহ্যাবের সদস্য। এ ব্যাপারে আমি রিহ্যাবের কাছ থেকে কোনো সহযোগিতা পেতে পারি কি না বা আইনগত কী ব্যবস্থা নিতে পারি?","1. <other_1429_s126> [আয়কর আইন, ২০২৩, ধারা ১২৬] (১)Registration Act, 1908(Act No. XVI of 1908) এর অধীন কোনো ভূমি, স্থাপনা, বাড়ি, ফ্ল্যাট, অ্যাপার্টমেন্ট অথবা
2. <other_1490_s46> [অর্থ আইন, ২০২৪, ধারা ৪৬] ২০২৩ সনের ১২ নং আইনের ধারা ১২৬ এর প্রতিস্থাপন — উক্ত আইনের ধারা ১২৬ এর পরিবর্তে নিম্নরূপ ধারা ১২৬ প্রতিস্থাপিত হইবে, যথা:-“১২৬। ডেভেলপার বা রিয়েল এস্টেট ডেভে
3. <other_1246_s204> [ক্যান্টনমেন্ট আইন, ২০১৮, ধারা ২০৪] মামলার নোটিশ প্রদান — (১) কোনো ব্যক্তি বোর্ডের কোনো আদেশ দ্বারা সংক্ষুব্ধ হইয়া কোনো দেওয়ানি মামলা দায়ের করিতে চাহিলে, তিনি তামাদি
4. <other_1246_s213_p1> [ক্যান্টনমেন্ট আইন, ২০১৮, ধারা ২১৩] সামরিক আবাসিক প্রকল্প — উত্তরাধিকারীকে বরাদ্দপ্রাপ্ত প্লট বা ফ্ল্যাট হস্তান্তর করা হইলে কিংবা মূল গ্রহীতার মৃত্যুর কারণে বরাদ্দপ্রাপ্ত
5. <other_1725_s51> [অর্থ আইন, ২০২৬, ধারা ৫১] ২০২৩ সনের ১২ নং আইনের ধারা ৫৮ এর সংশোধন — উক্ত আইনের ধারা ৫৮ এর উপ-ধারা (২) এর পর নূতন উপ-ধারা (৩) ও (৪) সংযোজিত হইবে, যথা:- “(৩) ভূমি, ভূমিসহ স্থাপনা এ
6. <other_1405_s14> [বাণিজ্য সংগঠন আইন, ২০২২, ধারা ১৪] বাণিজ্য সংগঠনের নির্ধারিত সময়ের মধ্যে নির্বাচন অনুষ্ঠানের ব্যর্থতায় অতিরিক্ত সময় মঞ্জুর — এই আইন বা আপাতত বলবৎ অন্য কোনো আইন বা সংঘস্মারক বা সংঘবিধিতে যাহা কিছুই থাকুক না কেন, যদি দৈব-দুর্বিপাক বা সংগ
7. <other_788_s326_p0> [কোম্পানী আইন, ১৯৯৪, ধারা ৩২৬] কতিপয় সম্পদের দাবী পরিত্যাগ — (১) অবলুপ্তির কার্যক্রম চলিতেছে এমন কোন কোম্পানীর সম্পদের কোন অংশের মধ্যে যদি দূর্বহ চুক্তির (onerous covenant
8. <other_1055_s15> [রিয়েল এস্টেট উন্নয়ন ও ব্যবস্থাপনা আইন, ২০১০, ধারা ১৫] ডেভেলপার কর্তৃক রিয়েল এস্টেট হস্তান্তরে ব্যর্থতা — (১) চুক্তি অনুযায়ী নির্ধারিত সময়ের মধ্যে ডেভেলপার রিয়েল এস্টেট হস্তান্তরে ব্যর্থ হইলে রিয়েল এস্টেট এর মূল্
9. <other_1055_s10> [রিয়েল এস্টেট উন্নয়ন ও ব্যবস্থাপনা আইন, ২০১০, ধারা ১০] ভূমি মালিক ও ডেভেলপারের মধ্যে চুক্তি — (১) ভূমির মালিক রিয়েল এস্টেট উন্নয়নের লক্ষ্যে ডেভেলপারের সহিত লিখিত দ্বি-পাক্ষিক চুক্তি(Joint Venture Agreem
10. <other_1246_s71> [ক্যান্টনমেন্ট আইন, ২০১৮, ধারা ৭১] খালি ইমারত বা বাড়িতে বসবাসের ক্ষেত্রে নোটিশ প্রদান — (১) ধারা ৬৭ বা ৬৮ এর অধীন কর মওকুফ বা প্রত্যর্পণকৃত যে কোনো ইমারত, ফ্ল্যাট বা ভূমির মালিক উক্ত ইমারত, ফ্ল্যাট ","8","candidate","answered","3"
"prot_0036_01","Sorup","","গত ফেব্রুয়ারি মাসে আমার নানি অসুস্থ হওয়ার পর আমার মাকে তাঁর ১৬ শতাংশ জমি (হেবানামা) লিখে দেন। আমার মা নানিকে চিকিৎসা করান।এখন তিনি পুরোপুরি সুস্থ। এখন আমার মা ও নানির মধ্যে সম্পর্কের অবনতি হওয়ায় নানি হুমকি দিয়ে জমিটা ফেরত চাচ্ছেন। এখন আইনগতভাবে আমার মা জমির মালিক কি না? আর আমার মা জমিটা না দিলে নানি কি তা নিতে পারবেন? জমিটুকু এখন নানিই ভোগ করছেন।ইমাম হোসাইনগাজীপুর","1. <other_1725_s21_p29> [অর্থ আইন, ২০২৬, ধারা ২১] ২০১২ সনের ৪৭ নং আইনের দ্বিতীয় তফসিলের সংশোধন — ডলার পর্যন্ত ৪৫ (ঘ) মূল্যসীমা ১০০০০০ মা. ডলার এর ঊর্ধ্ব হইতে ২০০০০০ মা. ডলার পর্যন্ত ৬০ (ঙ) মূল্যসীমা ২০০০০০ ম
2. <labour_952_s98> [বাংলাদেশ শ্রম আইন, ২০০৬, ধারা ৯৮] সংবাদপত্র শ্রমিকের জন্য চিকিৎসা পরিচর্যা — প্রত্যেক সংবাদপত্র শ্রমিক এবং তাহার উপর নির্ভরশীলগণ সংবাদপত্র প্রতিষ্ঠানের খরচে বিধি দ্বারা নির্ধারিত পন্থায় 
3. <other_1384_s5> [বাংলাদেশ শিশু হাসপাতাল ও ইনস্টিটিউট আইন, ২০২, ধারা ৫] হাসপাতাল ও ইনস্টিটিউটের কার্যাবলি — হাসপাতাল ও ইনস্টিটিউটের কার্যাবলি হইবে নিম্নরূপ, যথা:¾(ক) হাসপাতালের বহির্বিভাগ ও অন্তঃবিভাগ পরিচালনা, রক্ষণাব
4. <other_1263_s2> [‘আল-হাইআতুল উলয়া লিল-জামি’আতিল কওমিয়া বাংলাদ, ধারা ২] সংজ্ঞা — বিষয় বা প্রসঙ্গের পরিপন্থি কোনো কিছু না থাকিলে, এই আইনে,-(১) “কওমি মাদরাসা” অর্থ আহলুস সুন্নাহ ওয়াল জামা’আত 
5. <other_1124_s2> [মাতৃদুগ্ধ বিকল্প, শিশু খাদ্য, বাণিজ্যিকভাবে , ধারা ২] সংজ্ঞা — বিষয় বা প্রসঙ্গের পরিপন্থী কোন কিছু না থাকিলে, এই আইনে,-(ক) ‘‘জাতীয় উপদেষ্টা কমিটি’’ অর্থ ধারা ৮ এর অধীন গঠি
6. <other_893_s2> [শিশু-মাতৃ স্বাস্থ্য ইনস্‌টিটিউট আইন, ২০০২, ধারা ২] সংজ্ঞা — বিষয় বা প্রসঙ্গের পরিপন্থী কোন কিছু না থাকিলে, এই আইনে,-(ক) “ইনস্টিটিউট” অর্থ এই আইনের ধারা ৩ এর অধীন প্রতিষ্
7. <labour_1285_s51> [বাংলাদেশ ইপিজেড শ্রম আইন, ২০১৯, ধারা ৫১] পীঁড়া ছুটি — (১) প্রত্যেক শ্রমিক প্রতি পঞ্জিকা বৎসরে পূর্ণ মজুরিতে ১৪ (চৌদ্দো) দিনের পীঁড়া ছুটি পাইবার অধিকারী হইবেন।(২) উ
8. <other_721_s6_p1> [বাংলাদেশ ঋণ সালিসি আইন, ১৯৮৯, ধারা ৬] কতিপয় জমির বিক্রয় খায়খালাসী বন্ধক ঘোষণা — যদি উপ-ধারা (২) এর অধীন নির্ধারিত সময়ের মধ্যে ক্রেতা জমি প্রত্যর্পণ না করেন বা করিতে ব্যর্থ হন, তাহা হইলে ধার
9. <labour_952_s116> [বাংলাদেশ শ্রম আইন, ২০০৬, ধারা ১১৬] পীড়া-ছুটি — (১) সংবাদ পত্র শ্রমিক ব্যতীত, প্রত্যেক শ্রমিক প্রত্যেক পঞ্জিকা বৎসরে পূর্ণ মজুরীতে চৌদ্দ দিনের পীড়া ছুটি পাইব
10. <other_721_s7> [বাংলাদেশ ঋণ সালিসি আইন, ১৯৮৯, ধারা ৭] কতিপয় বিক্রয় বাতিল — (১) এই আইন বলবত্ হইবার পর অনধিক দুই একর কৃষি জমির মালিক কোন কৃষক প্রাকৃতিক দুর্যোগে তগতিগ্রস্ত হওয়ার বা জীবন ","other_48_s123","own_search","answered","1"
"prot_0046_01","Sorup","","প্রায় চার বছর সম্পর্কের পর আমি বিয়ে করি। বিয়ের শর্ত ছিল, যেহেতু আমার দুই ভাই বিদেশে অবস্থান করছেন, তাই আপাতত শুধু কাবিন হয়ে থাকুক। দুই বছর পর তাঁরা একসঙ্গে দেশে এলে আনুষ্ঠানিকভাবে স্ত্রীকে আমার বাড়িতে নিয়ে আসব। আমাদের মধ্যে পারিবারিকভাবেই বিয়ে হয় এবং ওপরে উল্লিখিত সিদ্ধান্ত হয়। আমিও নিয়মিত শ্বশুরবাড়িতে যাওয়া-আসা করি। কিন্তু আমার স্ত্রীকে এখন খুবই হতাশাগ্রস্ত মনে হয়। সে আমাকে সব সময় চাপ দেয় তাকে আমার বাড়িতে নিয়ে আসার জন্য। আমি তাকে বলি, যেহেতু আগামী মাসে দুই ভাই দেশে আসবেন, তাই একটু ধৈর্য ধারণ করো, অক্টোবর মাসেই তোমাকে আমার বাড়িতে নিয়ে আসব। কিন্তু সে মানতে নারাজ। এ অবস্থায় আমি কী করতে পারি?নাছিমব্রাহ্মণবাড়িয়া","1. <other_1717_s18ক_p1> [ব্যাংক রেজল্যুশন আইন, ২০২৬, ধারা ১৮ক] রেজল্যুশন কার্যক্রম হইতে শেয়ার, সম্পদ-দায়, পুনঃধারণ বা ধারণ — বা পক্ষ ক্ষতিগ্রস্থ হইলে তাহাদের প্রাপ্য ক্ষতিপূরণ প্রদান করিবে; ছ) বাংলাদেশ ব্যাংক, আবেদনকারীর নিকট হস্তান্তর
2. <other_1396_s6> [বাংলাদেশ সুপ্রীম কোর্টের বিচারক (ভ্রমণ ভাতা), ধারা ৬] দায়িত্ব বহির্ভূত ভ্রমণ — কোনো বিচারক ছুটিতে যাওয়া বা ছুটি হইতে ফিরিয়া আসা বা বাংলাদেশের বাহিরে অবকাশ যাপন করিয়া দায়িত্ব পুনঃগ্রহণের
3. <other_1403_s40> [মোংলা বন্দর কর্তৃপক্ষ আইন, ২০২২, ধারা ৪০] দণ্ড — কোনো ব্যক্তি যদি এই আইন ও বিধির কোনো বিধান লঙ্ঘন করেন তাহা হইলে উক্ত লঙ্ঘন হইবে একটি অপরাধ এবং তজ্জন্য তিনি অন
4. <criminal_procedure_765_s87> [রাজশাহী মহানগরী পুলিশ আইন, ১৯৯২, ধারা ৮৭] ইচ্ছাকৃতভাবে অনধিকার প্রবেশের দণ্ড — কোন ব্যক্তি সন্তোষজনক কারণ ছাড়া কোন বসত বাড়িতে বা উহার প্রাংগণে বা উহার সংলগ্ন জমিতে বা মাঠে অথবা সরকারী জমি
5. <other_898_s3> [ভ্রমণ কর আইন, ২০০৩, ধারা ৩] (১) বাংলাদেশের অভ্যন্তরে ভ্রমণ এবং বাংলাদেশ হইতে আকাশ, স্থল কিংবা জল পথে অন্য কোনো দেশে গমনের ক্ষেত্রে যাত্রী 
6. <other_1016_s11> [বাংলাদেশ ইউনিভার্সিটি অব প্রফেশনালস আইন, ২০০, ধারা ১১] ভাইস-চ্যান্সেলর নিয়োগ — (১) চ্যান্সেলর, তদকর্তৃক নির্ধারিত শর্তে, মেজর জেনারেল বা তদূর্ধ্ব পদবীর, চাকুরীরত বা অবসরপ্রাপ্ত, কোন কর্মকর্
7. <other_1487_s10> [অফশোর ব্যাংকিং আইন, ২০২৪, ধারা ১০] অফশোর ব্যাংকিং কার্যক্রম পরিচালনার জন্য প্রদত্ত লাইসেন্স ধারা ৯ এর অধীন বাতিল বা সমর্পণ কার্যকর হইবার ২ (দুই) 
8. <other_1426_s12> [1[নওগাঁ বিশ্ববিদ্যালয়] আইন, ২০২৩, ধারা ১২] উপউপাচার্যের নিয়োগ ও ক্ষমতা — (১) আচার্য, প্রয়োজনবোধে, তৎকর্তৃক নির্ধারিত শর্তে, ৪ (চার) বৎসর মেয়াদের জন্য ০২ (দুই) জন উপউপাচার্য নিয়োগ ক
9. <other_1425_s12> [1[মেহেরপুর বিশ্ববিদ্যালয়] আইন, ২০২৩, ধারা ১২] উপউপাচার্যের নিয়োগ ও ক্ষমতা — (১) আচার্য, প্রয়োজনবোধে, তৎকর্তৃক নির্ধারিত শর্তে, ৪ (চার) বৎসর মেয়াদের জন্য ০২ (দুই) জন উপউপাচার্যের পদে নি
10. <other_1707_s13> [ঢাকা সেন্ট্রাল ইউনিভার্সিটি আইন, ২০২৬, ধারা ১৩] উপ-উপাচার্য — (১) আচার্য, তদ্কর্তৃক নির্ধারিত শর্তে ৪ (চার) বৎসর মেয়াদের জন্য ২ (দুই) জন উপ-উপাচার্য নিয়োগ করিবেন: তবে শর্","unanswerable","none","unanswerable","2"
"prot_0004_03","Sorup","","আমি একটি মেয়েকে চার বছর ধরে ভালোবাসি। সেও আমাকে ভালোবাসে। আমার বয়স ২৪ বছর, মেয়েটির বয়স ২০ বছর। আমি মুসলিম আর মেয়েটি হিন্দু। তার পরিবার আমাদের প্রেমের কথা জানার পর থেকে তাকে ঘরে আটকে রেখেছে। কিন্তু আমরা দুজন বিয়ে করতে চাই। দুজনের ধর্ম ঠিক রেখে আমরা কি বিয়ে করতে পারব? পারলে কীভাবে? রিপন খান","1. <labour_1285_s24> [বাংলাদেশ ইপিজেড শ্রম আইন, ২০১৯, ধারা ২৪] চাকরি হইতে অবসর গ্রহণ — (১) এই অধ্যায়ের অন্যত্র যাহা কিছুই উল্লে­খ থাকুক না কেন, কোনো প্রতিষ্ঠানে নিয়োজিত কোনো শ্রমিকের বয়স ৬০ (ষাট
2. <other_1217_s19> [বাংলাদেশ সড়ক পরিবহণ কর্তৃপক্ষ আইন, ২০১৭, ধারা ১৯] বার্ষিক বাজেট বিবরণী — কর্তৃপক্ষ, প্রতি অর্থ বছর সরকার কর্তৃক নির্দিষ্ট সময়ের মধ্যে পরবর্তী অর্থবৎসরের বার্ষিক বাজেট প্রস্তুত করিয়া
3. <other_1403_s40> [মোংলা বন্দর কর্তৃপক্ষ আইন, ২০২২, ধারা ৪০] দণ্ড — কোনো ব্যক্তি যদি এই আইন ও বিধির কোনো বিধান লঙ্ঘন করেন তাহা হইলে উক্ত লঙ্ঘন হইবে একটি অপরাধ এবং তজ্জন্য তিনি অন
4. <other_1487_s10> [অফশোর ব্যাংকিং আইন, ২০২৪, ধারা ১০] অফশোর ব্যাংকিং কার্যক্রম পরিচালনার জন্য প্রদত্ত লাইসেন্স ধারা ৯ এর অধীন বাতিল বা সমর্পণ কার্যকর হইবার ২ (দুই) 
5. <other_1064_s17> [আন্তজার্তিক মাতৃভাষা ইনস্টিটিউট  আইন, ২০১০, ধারা ১৭] প্রতিবেদন — (১) প্রতি পঞ্জিকা বছর শেষ হইবার সঙ্গে সঙ্গে ইনস্টিটিউট উক্ত বৎসরে সম্পাদিত কার্যাবলীর খতিয়ান-সম্বলিত বার্ষিক 
6. <other_1282_s18> [বাংলাদেশ মৎস্য গবেষণা ইনস্টিটিউট আইন, ২০১৮, ধারা ১৮] বার্ষিক প্রতিবেদন — (১) ইনস্টিটিউট প্রতি বছর তদকর্তৃক সম্পাদিত কার্যাবলীর বিবরণ সম্বলিত একটি বার্ষিক প্রতিবেদন, যথাশীঘ্র সম্ভব, সর
7. <road_transport_1262_s84> [সড়ক পরিবহণ আইন, ২০১৮, ধারা ৮৪] কর্তৃপক্ষ কর্তৃক নির্ধারিত কোনো মোটরযানের কারিগরি বিনির্দেশ অমান্য সংক্রান্ত ধারা ৪০ এর বিধান লঙ্ঘনের দণ্ড — যদি কোনো ব্যক্তি ধারা ৪০ এর বিধান লঙ্ঘন করেন, তাহা হইলে উক্ত লঙ্ঘন হইবে একটি অপরাধ, এবং তজ্জন্য তিনি অনধিক ৩ (
8. <other_775_s26> [বাংলাদেশ সিকিউরিটিজ অ্যান্ড এক্সচেঞ্জ কমিশন , ধারা ২৬] জটিলতার নিরসনের ক্ষমতা — (১) এই আইনের বিধানাবলী কার্যকর করার ক্ষেত্রে কোন অসুবিধা দেখা দিলে সরকার উক্ত অসুবিধা দূরীকরণার্থে, আদেশ দ্বার
9. <other_889_s12> [নিরাপদ রক্ত পরিসঞ্চালন আইন, ২০০২, ধারা ১২] লাইসেন্সের মেয়াদ ও নবায়ন — (১) বেসরকারী রক্ত পরিসঞ্চালন কেন্দ্র স্থাপন ও পরিচালনার জন্য প্রদত্ত লাইসেন্সের মেয়াদ হইবে লাইসেন্স ইস্যুর তা
10. <other_813_s20> [বাংলাদেশ কমার্স এন্ড ইনভেষ্টমেন্ট লিমিটেড (প, ধারা ২০] জটিলতা নিরসনের ক্ষমতা — (১) এই আইনের বিধানাবলী কার্যকর করার ক্ষেত্রে কোন অসুবিধা দেখা দিলে সরকার উক্ত অসুবিধা দূরীকরণার্থে, আদেশ দ্বার","other_25_s2","own_search","answered","3"
"lawy_0219_01","Sorup","","জমি কিনেছেন দাগে দাগে কিন্তু ভোগদখল একদাগে- আইনি সমাধান কী?","1. <land_1449_s11> [ভূমি উন্নয়ন কর আইন, ২০২৩, ধারা ১১] ভূমি উন্নয়ন কর নির্ধারণে সর্বনিম্ন ভূমির পরিমাণ — কোনো ভূমি মালিকের কোনো দাগে ভূমির পরিমাণ শতাংশের ভগ্নাংশ থাকিলে, উহা পরবর্তী পূর্ণ শতাংশে গণ্য করিয়া ভূমি উন্
2. <other_1685_s6> [বন ও বৃক্ষ সংরক্ষণ আইন, ২০২৬, ধারা ৬] বনভূমির জরিপ ও রেকর্ড — (১) বৃক্ষাচ্ছাদন থাকুক বা না-ই থাকুক, গেজেট দ্বারা ঘোষিত বনভূমি বন বিভাগের নামে রেকর্ড নিশ্চিত করিতে হইবে। (২)
3. <other_722_s15> [পার্বত্য জেলাসমূহ (আইন রহিত ও প্রয়োগ এবং বিশ, ধারা ১৫] বসতবাড়ীর জন্য গ্রামীণ জমি দখল — (১) কোন পাহাড়ী ব্যক্তি পৌর এলাকা-বহির্ভূত অনধিক ত্রিশ শতাংশ পর্যন্ত খাস জমি তাহার নিজ বসতবাড়ীর জন্য হেডম্যান
4. <other_857_s45> [বাংলাদেশ টেলিযোগাযোগ নিয়ন্ত্রণ আইন, ২০০১, ধারা ৪৫] লাইসেন্সধারীর প্রয়োজনে বাধ্যতামূলকভাবে বেসরকারী জমি অধিগ্রহণ — (১) লাইসেন্সের অধীন কাজকর্ম সম্পাদন বা পরিচালনার জন্য প্রয়োজনীয় কোন জমি ব্যবহারের ক্ষেত্রে লাইসেন্সধারী বাধা
5. <other_1271_s24> [সরকারি চাকরি আইন, ২০১৮, ধারা ২৪] আইনি সহায়তা — (১) কোনো কর্মচারীর বিরুদ্ধে, সরকারি দায়িত্ব পালনের সহিত সম্পর্কিত কোনো বিষয়ে তাহাকে ব্যক্তিগতভাবে দায়ী করিয
6. <other_845_s20> [জাতীয় গৃহায়ন কর্তৃপক্ষ আইন, ২০০০, ধারা ২০] জমি হুকুমদখল বা অধিগ্রহণ, ইত্যাদি — (১) কর্তৃপক্ষের কার্যাবলী সম্পাদনের জন্য কোন জমি প্রয়োজন হইলে উহা জনস্বার্থে প্রয়োজনীয় বলিয়া বিবেচিত হইবে 
7. <other_721_s9> [বাংলাদেশ ঋণ সালিসি আইন, ১৯৮৯, ধারা ৯] প্রত্যর্পিত জমি হস্ত্মান্ত্মরের উপর বিধি নিষেধ — কোন কৃষক ধারা ৬ বা ধারা ৭ এর অধীন তাঁহার নিকট প্রত্যর্পিত কোন কৃষি জমি প্রত্যর্পণের তারিখ হইতে তিন বত্সরের মধ্
8. <other_1427_s6> [হাট ও বাজার (স্থাপন ও ব্যবস্থাপনা) আইন, ২০২৩, ধারা ৬] হাট ও বাজারের জমি বন্দোবস্ত প্রদান এবং হাট ও বাজার ইজারা প্রদান — (১) হাট ও বাজারের কোনো জমি স্থায়ী বন্দোবস্ত প্রদান করা যাইবে না।(২) উপ-ধারা (১) এর বিধান সাপেক্ষে, জেলা প্রশা
9. <other_859_s19> [বাংলাদেশ স্থলবন্দর কর্তৃপক্ষ আইন, ২০০১, ধারা ১৯] কর্তৃপক্ষের জন্য জমি হুকুমদখল বা অধিগ্রহণ — কর্তৃপক্ষের কার্যাবলী সম্পাদনের জন্য কোন জমি প্রয়োজন হইলে উহা জনস্বার্থে প্রয়োজনীয় বলিয়া বিবেচিত হইবে এবং 
10. <other_740_s15> [ঢাকা বিদ্যুৎ বিতরণ কর্তৃপক্ষ আইন, ১৯৯০, ধারা ১৫] কর্তৃপক্ষের জন্য জমি অধিগ্রহণ — কর্তৃপক্ষের কার্যাবলী সম্পাদনের জন্য কোন জমি প্রয়োজন হইলে উহা জনস্বার্থে প্রয়োজনীয় বলিয়া বিবেচিত হইবে এবং ","none","none","not_found","1"
"prot_0119_03","Sorup","","সন্তান হওয়ার পর আমরা শুনতে পারলাম যে আমাদের বাবা বিবাহ করেছেন। এ অবস্থায় গত ১৬ এপ্রিল আমার বাবা মারা যান। বাবা বেঁচে থাকতে এ ব্যাপারে কোনো সিদ্ধান্ত দেননি। এখন তৃতীয় স্ত্রী অধিকার আদায়ের জন্য আমাদের হুমকি-ধমকি দিচ্ছেন। এ ব্যাপারে আমাদের করণীয় কী?","1. <other_1485_s9> [বাংলাদেশ পুলিশ কল্যাণ তহবিল আইন, ২০২৩, ধারা ৯] মৃত্যু এবং অক্ষমতাজনিত কারণে এককালীন এবং মাসিক কল্যাণ অনুদান — (১) কোনো কর্মচারী বা তাহার মৃত্যু হইলে তাহার স্ত্রী বা, ক্ষেত্রমত, স্বামী, বিধি দ্বারা নির্ধারিত পদ্ধতিতে, নিম
2. <labour_952_s160_p1> [বাংলাদেশ শ্রম আইন, ২০০৬, ধারা ১৬০] চিকিৎসা পরীক্ষা — অস্বীকৃতির ৰেত্রে, নিজেকে উক্তরূপ হাজির করার ব্যাপারে তিনি পর্যাপ্ত কারণ দ্বারা বাধাপ্রাপ্ত হইয়া থাকেন।(৬) যদ
3. <land_856_s12> [অর্পিত সম্পত্তি প্রত্যর্পণ আইন, ২০০১, ধারা ১২] অবমুক্তির সিদ্ধান্তের আইনগত প্রকৃতি — এই আইনের অধীনে কোন সম্পত্তি54[55[প্রত্যর্পণযোগ্য] সম্পত্তির তালিকা] হইতে অবমুক্তির সিদ্ধান্ত প্রদান করা হইলে-(
4. <labour_1285_s33> [বাংলাদেশ ইপিজেড শ্রম আইন, ২০১৯, ধারা ৩৩] মহিলা শ্রমিকের মৃত্যুর ক্ষেত্রে প্রসূতি কল্যাণ সুবিধা প্রদান — (১) এই অধ্যায়ের অধীন প্রসূতি কল্যাণ সুবিধা পাইবার অধিকারী কোনো মহিলা শ্রমিক সন্তান প্রসবকালে অথবা উহার পরবর্ত
5. <other_1266_s2_p3> [বাংলাদেশ মুক্তিযোদ্ধা কল্যাণ ট্রাস্ট আইন, ২০, ধারা ২] সংজ্ঞা — বা স্বামী এবং পিতা-মাতার অবর্তমানে খেতাবপ্রাপ্ত বীর মুক্তিযোদ্ধার সন্তান; বা(উ) (অ)-(ঈ) পর্যন্ত বর্ণিত ব্যক্তি
6. <other_1717_s57> [ব্যাংক রেজল্যুশন আইন, ২০২৬, ধারা ৫৭] ব্যাংক রেজল্যুশন ও অবসায়নে প্রাপ্য আদায়ের ক্ষমতা — (১) বাংলাদেশ ব্যাংক, উহার ব্যাংক পুনর্গঠন ও রেজল্যুশন তহবিল বা রেজল্যুশনের অধীন বা অবসায়নাধীন তফসিলি ব্যাংকের
7. <other_1133_s7> [নির্যাতন এবং হেফাজতে মৃত্যু (নিবারণ) আইন, ২০, ধারা ৭] অভিযোগের অপরাপর ধরন — (১) ধারা ৫ ও ৬ এ বর্ণিত প্রক্রিয়া ছাড়াও কোন ব্যক্তি ক্ষতিগ্রস্ত না হওয়া সত্ত্বে তৃতীয় কোন ব্যক্তি দায়রা জ
8. <other_857_s83> [বাংলাদেশ টেলিযোগাযোগ নিয়ন্ত্রণ আইন, ২০০১, ধারা ৮৩] বার্তার অবৈধ প্রকাশ সম্পর্কে দেওয়ানী মামলা ও অন্যান্য প্রতিকার লাভের অধিকার — (১) যদি কোন ব্যক্তি যুক্তিসঙ্গত কারণে বিশ্বাস করেন যে, তত্কর্তৃক প্রেরিত বা গৃহীত বার্তা অবৈধভাবে প্রকাশ করা হ
9. <other_857_s11> [বাংলাদেশ টেলিযোগাযোগ নিয়ন্ত্রণ আইন, ২০০১, ধারা ১১] পরিবারের সদস্যের কতিপয় স্বার্থ সম্পর্কে কমিশনারের দায়িত্ব — (১) কোন কমিশনারের পরিবারের কোন সদস্য যদি ধারা ১০(২)(ছ)- েত উলিস্্নখিত স্বার্থ অর্জন বা ধারণ করেন, তাহা হইলে তি
10. <other_706_s43> [শাহ্‌জালাল বিজ্ঞান ও প্রযুক্তি বিশ্ববিদ্যালয়, ধারা ৪৩] মহাবিদ্যালয়ের অধিভূক্তি ও অধিভূক্তি বাতিল — (১) কোন মহাবিদ্যালয় এই আইনে বিধৃত শর্তাবলী পূরণ না করিলে উহাকে অধিভুক্ত করা হইবে না।(২) অধিভুক্তি ও অধিভুক্তি","other_173_s2","own_search","answered","1"
"prot_0055_01","Sorup","","এক বছর আগে রাজশাহীতে আমার ফুফুর বাড়ি বেড়াতে যাই। সেখানে গিয়ে একটি মেয়েকে আমার খুব ভালো লেগে যায়। সেও আমাকে পছন্দ করে। আমাদের সম্পর্ক চলতে থাকে। গত জানুয়ারিতে আমার ফুফুর বাড়িতে বেড়াতে গিয়ে জানতে পারি, সে আমার দাদির বোনের মেয়ে। এখন খুব চিন্তায় আছি। আমার প্রশ্ন, ইসলাম ধর্ম অনুযায়ী আমি কি তাকে বিয়ে করতে পারি? আমার পরিবার কখনো এ বিয়েতে রাজি হবে না। এখন আমি কী করব। নাম প্রকাশে অনিচ্ছুক","1. <constitutional_957_s2ক> [গণপ্রজাতন্ত্রী বাংলাদেশের সংবিধান, অনুচ্ছেদ ২ক] প্রজাতন্ত্রের রাষ্ট্রধর্ম ইসলাম, তবে হিন্দু, বৌদ্ধ, খ্রীষ্টানসহ অন্যান্য ধর্ম পালনে রাষ্ট্র সমমর্যাদা ও সমঅধিক
2. <other_1126_s10> [প্রতিবন্ধী ব্যক্তির অধিকার ও সুরক্ষা আইন, ২০, ধারা ১০] শ্রবণপ্রতিবন্ধিতা (hearing disability) — (১) শব্দের তীব্রতা ৬০ ডেসিবল এর নিম্নে হইলে শুনিতে না পাওয়া ব্যক্তি ‘শ্রবণপ্রতিবন্ধী ব্যক্তি’ বলিয়া বিবেচিত 
3. <other_1483_s7> [পরিত্যক্ত বাড়ি (সম্পূরক বিধানাবলি) আইন, ২০২৩, ধারা ৭] মামলা দায়েরে নিষেধাজ্ঞা, ইত্যাদি — (১) রাষ্ট্রপতির ১৯৭২ সনের ১৬ নং আদেশ বা এই আইনের অধীন কৃত, গৃহীত বা চলমান কোনো কার্যক্রম, সিদ্ধান্ত বা জারীকৃত
4. <other_1273_s14> [মানসিক স্বাস্থ্য আইন, ২০১৮, ধারা ১৪] অনিচ্ছুক রোগীর ভর্তি প্রক্রিয়া — (১) উপ-ধারা (৪) এর বিধান সাপেক্ষে মানসিক রোগে আক্রান্ত ব্যক্তির অভিভাবক বা আত্মীয় বা স্থানীয় অধিক্ষেত্রে কর্
5. <other_1273_s16> [মানসিক স্বাস্থ্য আইন, ২০১৮, ধারা ১৬] ভর্তিকৃত রোগীর ছাড়পত্র প্রদান প্রক্রিয়া — (১) স্বেচ্ছায়, অপ্রতিবাদী এবং অনিচ্ছুক ভর্তি মানসিক রোগীকে সুস্থ হইবার পর দায়িত্বপ্রাপ্ত মেডিক্যাল অফিসারের 
6. <women_children_1119_s54> [শিশু আইন, ২০১৩, ধারা ৫৪] আইনের সংস্পর্শে আসা শিশুর ক্ষেত্রে বিশেষ ব্যবস্থা ও সুরক্ষা — (১)21[ ***]আইনের সংস্পর্শে আসা শিশুর মর্যাদার প্রতি শ্রদ্ধা প্রদর্শন, পারিপার্শ্বিক অবস্থা, বয়স, লিঙ্গ এবং অক
7. <labour_952_s16> [বাংলাদেশ শ্রম আইন, ২০০৬, ধারা ১৬] লে-অফকৃত শ্রমিকগণের ক্ষতিপূরণের অধিকার — (১) যে ক্ষেত্রে বদলী বা সাময়িক শ্রমিক নহেন এরূপ কোন শ্রমিককে, যাহার নাম কোন প্রতিষ্ঠানের মাস্টার রোলে অন্তর্ভ
8. <other_1429_s126> [আয়কর আইন, ২০২৩, ধারা ১২৬] (১)Registration Act, 1908(Act No. XVI of 1908) এর অধীন কোনো ভূমি, স্থাপনা, বাড়ি, ফ্ল্যাট, অ্যাপার্টমেন্ট অথবা
9. <labour_1285_s15> [বাংলাদেশ ইপিজেড শ্রম আইন, ২০১৯, ধারা ১৫] লে-অফকৃত শ্রমিকগণের ক্ষতিপূরণের অধিকার — (১) যেক্ষেত্রে সাময়িক শ্রমিক নহেন এইরূপ কোনো শ্রমিককে, যাহার নাম কোনো প্রতিষ্ঠানের মাস্টার রোলে অন্তর্ভুক্ত আ
10. <other_1490_s46> [অর্থ আইন, ২০২৪, ধারা ৪৬] ২০২৩ সনের ১২ নং আইনের ধারা ১২৬ এর প্রতিস্থাপন — উক্ত আইনের ধারা ১২৬ এর পরিবর্তে নিম্নরূপ ধারা ১২৬ প্রতিস্থাপিত হইবে, যথা:-“১২৬। ডেভেলপার বা রিয়েল এস্টেট ডেভে","other_173_s2","own_search","answered","1"
"dail_0621_02","Sorup","","Further, is the ministry under any obligation to provide the data?","1. <other_373_s11> [The Bangladesh Abandoned Property (Control, , ধারা 11] (1) Any amount payable in respect of any abandoned property shall be paid to the Government by the person liab
2. <other_642_s364_p0> [The Bangladesh Merchant Shipping Ordinance, , ধারা 364] Obligation to render assistance on receiving signal of distress — (1) The master of a Bangladesh ship on receiving at sea a signal of distress or information from any source th
3. <other_701_s4> [The Public Corporations (Management Co-ordin, ধারা 4] The Council — (1) There shall be a Council to be called the Council for Public Corporation for carrying out the purposes by 
4. <other_246_s2_p2> [The Civil Defence Act, 1952, ধারা 2] Power to make rules — The rules made under sub-section (1) may further-(a) provide for the arrest and trial of persons contravening 
5. <other_35_s12> [The Irrigation Act, 1876, ধারা 12] Compensation for loss of drinking water — If any supply of drinking-water is substantially deteriorated or diminished by any works undertaken in accorda
6. <other_36_s5> [The Specific Relief Act, 1877, ধারা 5] Specific relief how given — Specific relief is given-(a) by taking possession of certain property and delivering it to a claimant;(b) by o
7. <other_701_s9> [The Public Corporations (Management Co-ordin, ধারা 9] Performance evaluation — (1) Every public corporation shall prepare an annual performance report in respect of itself and its enterpris
8. <other_367_s77> [The Constitution of the People‌‌‍’s Republic, ধারা 77] Ombudsman — (1) Parliament may, by law, provide for the establishment of the office of Ombudsman.(2) The Ombudsman shall e
9. <other_599_s7> [The Ombudsman Act, 1980, ধারা 7] Procedure in respect of investigations — (1) Where the Ombudsman proposes to conduct an investigation under this Act, he shall-(a) forward a copy of th
10. <other_48_s40> [1The Transfer of Property Act, 1882, ধারা 40] Burden of obligation imposing restriction on use of land, or of obligation annexed to ownership but not amounting to interest or easement — Where, for the more beneficial enjoyment of his own immoveable property, a third person has, independently of ","consumer_1011_s4","own_search","answered","1"
"prot_0085_05","Sorup","","আমি বাবার একমাত্র মেয়ে। আমার বাবার আরও চারটি ছোট ভাই আছেন। তাঁদের প্রত্যেকের ঘরে ছেলে ও মেয়ে আছে। এখন অনেকে বলে, আমার বাবার সম্পত্তি নাকি আমি একা পাব না, আমার বাবার অন্য ভাইয়েরাও পাবেন। এ অবস্থায় আমার বাবার কি কিছু করার আছে? যা করলে সব সম্পত্তি আমি পাব। অথবা কোনো কিছু করার না থাকলে আমাদের সম্পত্তি কীভাবে বণ্টন হবে? খালেদা আক্তাররংপুর","1. <other_822_s10> [পার্বত্য চট্টগ্রাম আঞ্চলিক পরিষদ আইন, ১৯৯৮, ধারা ১০] সম্পত্তি সম্পর্কিত ঘোষণা — চেয়ারম্যান ও প্রত্যেক সদস্য তাহার কার্যভার গ্রহণের পূর্বে তাহার এবং তাঁহার পরিবারের কোন সদস্যের স্বত্ব, দখল ব
2. <local_government_1027_s41> [স্থানীয় সরকার (ইউনিয়ন পরিষদ) আইন, ২০০৯, ধারা ৪১] সম্পত্তি সম্পর্কিত ঘোষণা — চেয়ারম্যান ও সদস্য তাঁহার কার্যভার গ্রহণের পূর্বে তাঁহার এবং তাঁহার পরিবারের কোন সদস্যের স্বত্ব, দখল বা স্বার
3. <local_government_827_s10> [উপজেলা পরিষদ আইন, ১৯৯৮, ধারা ১০] সম্পত্তি সম্পর্কিত ঘোষণা — 14[চেয়ারম্যান ও ভাইস চেয়ারম্যান ] তাঁহার কার্যভার গ্রহণের পূর্বে তাঁহার এবং তাঁহার পরিবারের কোন সদস্যের স্বত
4. <local_government_1027_s2_p1> [স্থানীয় সরকার (ইউনিয়ন পরিষদ) আইন, ২০০৯, ধারা ২] সংজ্ঞা — শহর হিসাবে ঘোষিত নয় এইরূপ এলাকা;(১৩) 'চেয়ারম্যান' অর্থ ইউনিয়ন পরিষদের চেয়ারম্যান;(১৪) 'জনপথ' অর্থ সর্বসাধা
5. <other_812_s31> [দেউলিয়া বিষয়ক আইন, ১৯৯৭, ধারা ৩১] দেউলিয়া ঘোষণাদেশের ফলাফল — (১) দেউলিয়া ঘোষণাদেশ প্রদত্ত হইলে, দেউলিয়া ঘোষিত ব্যক্তি এই আইনের বিধান মোতাবেক তাহার বিষয়-সম্পত্তি উদ্ধার 
6. <other_788_s326_p2> [কোম্পানী আইন, ১৯৯৪, ধারা ৩২৬] কতিপয় সম্পদের দাবী পরিত্যাগ — পক্ষ কর্তৃক চুক্তি পালন না করায় ক্ষতিপূরণ দিতে বা লইতে হইবে অথবা আদালত যথাযথ মনে করিলে অন্য কোন আদেশও দিতে পা
7. <other_812_s95> [দেউলিয়া বিষয়ক আইন, ১৯৯৭, ধারা ৯৫] কার্যধারায় বণ্টনযোগ্য সম্পদের সংক্ষিপ্ত নিষ্পত্তি — দেনাদার কর্তৃক বা তাহার বিরুদ্ধে আর্জি দাখিল হওয়ার পর, এফিডেভিট বা অন্য কোন কিছুর ভিত্তিতে, আদালতের নিকট যদি 
8. <other_812_s41> [দেউলিয়া বিষয়ক আইন, ১৯৯৭, ধারা ৪১] একই দেনাদারের বিরুদ্ধে একাধিক সমগামী ঘোষণাদেশ রদ করার ক্ষমতা — কোন ক্ষেত্রে দেউলিয়া ঘোষণাদেশ প্রদানের পর উক্ত আদেশ প্রদানকারী আদালতে যদি প্রমাণিত হয় যে, একই দেনাদারের বিরু
9. <other_788_s376> [কোম্পানী আইন, ১৯৯৪, ধারা ৩৭৬] কতিপয় ক্ষেত্রে সম্পত্তির ব্যাপারে আদালত কর্তৃক নির্দেশদান — কোন অনিবন্ধিকৃত কোম্পানী উহার সাধারণ নামে মামলা করার বা মামলায় প্রতিদ্বন্দ্বিতা করার অধিকারী না হইলে, অথবা অন
10. <money_recovery_1468_s21> [সুরক্ষিত লেনদেন (অস্থাবর সম্পত্তি) আইন, ২০২৩, ধারা ২১] সুরক্ষিত পক্ষের দায়-দায়িত্ব — (১) দেনাদার তাহার দখলে থাকা অস্থাবর সম্পত্তি সুরক্ষিত পক্ষের অনুমতি গ্রহণ ব্যতীত বিক্রয় বা অন্য কোনোভাবে হস্ত","other_173_s2, other_48_s123","own_search","answered","2"
"prot_0073_03","Sorup","","আমার বয়স ২৫ বছর। আমি একটি মেয়েকে ভালোবাসি, যার বয়স ২১ বছর। ১৯ বছর বয়সে ওর পরিবার ওকে ইচ্ছার বিরুদ্ধে প্রবাসী এক লোকের সঙ্গে বিয়ে দেয়। তখন আমি কিছু করতে পারিনি শুধু কাঁদা ছাড়া। কারণ, আমার কোনো চাকরি ছিল না। এখন পরিবারের প্রতি সম্মান রেখে আমরা দুজনেই চাচ্ছি আমাদের জীবনটা নতুন করে গড়ে তুলতে। কিন্তু স্বাভাবিকভাবেই ওর বা আমার পরিবার কিছুতেই এটা মেনে নেবে না। ও তালাক দিলে বাসায় থাকতে পারবে না। আমি সব দিক থেকেই প্রস্তুত। আমার প্রশ্ন, যেহেতু ওকে কাবিননামা দিচ্ছে না বা কোথা থেকে রেজিস্ট্রি করা হয়েছে, তা-ও বলছে না, তাই কাবিননামা না পাওয়া গেলে কী করব? অথবা কাবিননামা ছাড়া কি তালাক সম্ভব? ওই লোকটা বিদেশে থাকা অবস্থায় কি তালাক দেওয়া যাবে? কাবিননামায় যদি ওর তালাক দেওয়ার অধিকার না থাকে, তাহলে আইন অনুসারে কী করতে পারি? যেহেতু তালাক কার্যকর হতে ৯০ দিন সময় লাগে এবং ওই সময়টা আমরা নিরাপত্তাহীন অবস্থায় থাকব, তাই ওই সময়টা আমরা একই ছাদের নিচে থাকলে কি কোনো ধরনের আইনি জটিলতার সৃষ্টি হবে?","1. <other_775_s26> [বাংলাদেশ সিকিউরিটিজ অ্যান্ড এক্সচেঞ্জ কমিশন , ধারা ২৬] জটিলতার নিরসনের ক্ষমতা — (১) এই আইনের বিধানাবলী কার্যকর করার ক্ষেত্রে কোন অসুবিধা দেখা দিলে সরকার উক্ত অসুবিধা দূরীকরণার্থে, আদেশ দ্বার
2. <labour_1285_s24> [বাংলাদেশ ইপিজেড শ্রম আইন, ২০১৯, ধারা ২৪] চাকরি হইতে অবসর গ্রহণ — (১) এই অধ্যায়ের অন্যত্র যাহা কিছুই উল্লে­খ থাকুক না কেন, কোনো প্রতিষ্ঠানে নিয়োজিত কোনো শ্রমিকের বয়স ৬০ (ষাট
3. <criminal_procedure_1013_s89> [বরিশাল মহানগরী পুলিশ আইন, ২০০৯, ধারা ৮৯] সূর্যাস্ত হইতে সূর্যোদয় পর্যন্ত সময়ের মধ্যে সন্দেহজনক চলাফেরার দণ্ড — কোন ব্যক্তিকে সূর্যাস্ত ও সূর্যোদয়ের মধ্যবর্তী সময়ে নিম্নবর্ণিত অবস্থায় পাওয়া গেলে সেই ব্যক্তি এক বৎসর পর্
4. <criminal_procedure_1012_s89> [সিলেট মহানগরী পুলিশ আইন, ২০০৯, ধারা ৮৯] সূর্যাস্ত হইতে সূর্যোদয় পর্যন্ত সময়ের মধ্যে সন্দেহজনক চলাফেরার দণ্ড — কোন ব্যক্তিকে সূর্যাস্ত ও সূর্যোদয়ের মধ্যবর্তী সময়ে নিম্নবর্ণিত অবস্থায় পাওয়া গেলে সেই ব্যক্তি এক বৎসর পর্
5. <criminal_procedure_765_s89> [রাজশাহী মহানগরী পুলিশ আইন, ১৯৯২, ধারা ৮৯] সূর্যাস্ত হইতে সূর্যোদয় পর্যন্ত সময়ের মধ্যে সন্দেহজনক চলাফেরার দণ্ড — কোন ব্যক্তিকে সূর্যাস্ত ও সূর্যোদয়ের মধ্যবর্তী সময়ে নিম্নবর্ণিত অবস্থায় পাওয়া গেলে, সেই ব্যক্তি এক বত্সর প
6. <other_813_s20> [বাংলাদেশ কমার্স এন্ড ইনভেষ্টমেন্ট লিমিটেড (প, ধারা ২০] জটিলতা নিরসনের ক্ষমতা — (১) এই আইনের বিধানাবলী কার্যকর করার ক্ষেত্রে কোন অসুবিধা দেখা দিলে সরকার উক্ত অসুবিধা দূরীকরণার্থে, আদেশ দ্বার
7. <other_924_s2> [ব্যক্তি মালিকানাধীন সড়ক পরিবহন শ্রমিক কল্যাণ, ধারা ২] সংজ্ঞা — বিষয় বা প্রসঙ্গের পরিপন্থী কিছু না থাকিলে, এই আইনে-(ক) “কল্যাণ তহবিল” অর্থ ধারা ৪ এর অধীন গঠিত কল্যাণ তহবিল;(
8. <other_1696_s14> [রাজধানী উন্নয়ন কর্তৃপক্ষ আইন, ২০২৬, ধারা ১৪] কর্মচারীর অবসর গ্রহণ বা কর্তৃপক্ষ কর্তৃক অবসর প্রদান — (১) কর্তৃপক্ষের একজন কর্মচারী তাহার বয়স ৫৯ (ঊনষাট) বৎসর পূর্ণ হইলে এবং কর্তৃপক্ষের একজন মুক্তিযোদ্ধা কর্মচারী
9. <other_943_s2> [বাংলাদেশ শ্রমিক কল্যাণ ফাউন্ডেশন আইন, ২০০৬, ধারা ২] সংজ্ঞা — বিষয় বা প্রসঙ্গের পরিপন্থী কিছু না থাকিলে, এই আইনে-(ক) “অপ্রাতিষ্ঠানিক খাত” অর্থ এইরূপ বেসরকারী খাত যেখানে কর
10. <other_1699_s54> [ময়মনসিংহ উন্নয়ন কর্তৃপক্ষ আইন, ২০২৬, ধারা ৫৪] কর্মচারীর অবসর গ্রহণ বা কর্তৃপক্ষ কর্তৃক অবসর প্রদান — (১) কর্তৃপক্ষের একজন কর্মচারী তাহার বয়স ৫৯ (ঊনষাট) বৎসর পূর্ণ হইলে এবং কর্তৃপক্ষের একজন মুক্তিযোদ্ধা কর্মচারী","family_180_s2_p0, family_305_s8","own_search","answered","2"
"prot_0035_02","Sorup","","আমার বাবার দুই স্ত্রী। প্রথম পরিবারে তিন ছেলে। দ্বিতীয় পরিবারে তিন ছেলে, এক মেয়ে। আমি দ্বিতীয় পরিবারের ছেলে। আমার বাবা প্রথম পরিবার নিয়ে থাকেন। তিনি সেই পরিবারের সন্তানদের লেখাপড়া করিয়ে ভালো চাকরি দিয়েছেন। আমাদের কোনো টাকাপয়সা দেন না। অনেকবার সালিস হওয়ার পরও তিনি বলেন, ‘আমি কোনো টাকাপয়সা দিতে পারব না। আমার বিরুদ্ধে মামলা করলেও কোনো লাভ নেই। আমার টাকা আমি না দিলে কেউ কিছু করতে পারবে না।’ আমার বাবা সরকারি চাকরি করেন। মা আমাদের নিয়ে বাবার অফিসে গিয়ে অভিযোগ জানালে কি আমরা তাঁর ফান্ড থেকে কোনো টাকা পাব? নাম প্রকাশে অনিচ্ছুক","1. <other_822_s10> [পার্বত্য চট্টগ্রাম আঞ্চলিক পরিষদ আইন, ১৯৯৮, ধারা ১০] সম্পত্তি সম্পর্কিত ঘোষণা — চেয়ারম্যান ও প্রত্যেক সদস্য তাহার কার্যভার গ্রহণের পূর্বে তাহার এবং তাঁহার পরিবারের কোন সদস্যের স্বত্ব, দখল ব
2. <local_government_1027_s41> [স্থানীয় সরকার (ইউনিয়ন পরিষদ) আইন, ২০০৯, ধারা ৪১] সম্পত্তি সম্পর্কিত ঘোষণা — চেয়ারম্যান ও সদস্য তাঁহার কার্যভার গ্রহণের পূর্বে তাঁহার এবং তাঁহার পরিবারের কোন সদস্যের স্বত্ব, দখল বা স্বার
3. <local_government_827_s10> [উপজেলা পরিষদ আইন, ১৯৯৮, ধারা ১০] সম্পত্তি সম্পর্কিত ঘোষণা — 14[চেয়ারম্যান ও ভাইস চেয়ারম্যান ] তাঁহার কার্যভার গ্রহণের পূর্বে তাঁহার এবং তাঁহার পরিবারের কোন সদস্যের স্বত
4. <other_857_s11> [বাংলাদেশ টেলিযোগাযোগ নিয়ন্ত্রণ আইন, ২০০১, ধারা ১১] পরিবারের সদস্যের কতিপয় স্বার্থ সম্পর্কে কমিশনারের দায়িত্ব — (১) কোন কমিশনারের পরিবারের কোন সদস্য যদি ধারা ১০(২)(ছ)- েত উলিস্্নখিত স্বার্থ অর্জন বা ধারণ করেন, তাহা হইলে তি
5. <other_1485_s9> [বাংলাদেশ পুলিশ কল্যাণ তহবিল আইন, ২০২৩, ধারা ৯] মৃত্যু এবং অক্ষমতাজনিত কারণে এককালীন এবং মাসিক কল্যাণ অনুদান — (১) কোনো কর্মচারী বা তাহার মৃত্যু হইলে তাহার স্ত্রী বা, ক্ষেত্রমত, স্বামী, বিধি দ্বারা নির্ধারিত পদ্ধতিতে, নিম
6. <other_1418_s21_p2> [বাংলাদেশ সুপ্রীম কোর্টের বিচারক (ছুটি, পেনশন, ধারা ২১] আনুতোষিক ও পারিবারিক পেনশন — হিসাবে প্রাপ্য হইতেন।(৩) কোনো বিচারক, অবসর গ্রহণের পর তাহার গ্রস-পেনশনের সম্পূর্ণ অংশ সমর্পণ করিতে পারিবেন এবং
7. <consumer_1010_s74> [ট্রেডমার্ক আইন, ২০০৯, ধারা ৭৪] মিথ্যা ট্রেডমার্ক বা ট্রেড বর্ণনাযুক্ত পণ্য বিক্রয় করিবার দণ্ড — (১) যদি কোন ব্যক্তি ধারা ১০৮ এর বিধান লঙ্ঘন করিয়া পণ্য উৎপাদনকারী প্রতিষ্ঠান বা রাষ্ট্র বা স্থানের নাম ব্যবহা
8. <other_812_s84_p4> [দেউলিয়া বিষয়ক আইন, ১৯৯৭, ধারা ৮৪] দেনাদারের অপরাধ ও উহাদের দণ্ড — হিসাব প্রদানের অপচেষ্টা করেন; (ড) একজন দায়গ্রস্ত দেউলিয়া হওয়া সত্ত্বেও- (অ) তাহার দায়গ্রস্ত দেউলিয়া থাকার
9. <other_848_s7> [বেসরকারী প্রাথমিক শিক্ষক কল্যাণ ট্রাস্ট আইন,, ধারা ৭] ট্রাস্টের কার্যাবলী — (১) ট্রাস্টের কার্যাবলী নিম্্নরূপ হইবে, যথা:-(ক) বেসরকারী প্রাথমিক শিক্ষকগণকে অবসরকালীন সুবিধাদি প্রদান;(খ) কো
10. <criminal_procedure_1239_s47> [রংপুর মহানগরী পুলিশ আইন, ২০১৮, ধারা ৪৭] মিথ্যা বিবৃতি, ইত্যাদির জন্য দণ্ড — কোনো ব্যক্তি পুলিশ অফিসার হিসাবে চাকরি লাভের অথবা চাকরি হইতে অব্যাহতি লাভের জন্য কোনো মিথ্যা বিবৃতিদান বা মিথ্","family_1444_s5, family_305_s9","own_search","answered","2"
"prot_0056_04","Sorup","","আমি একজন সরকারি চাকরিজীবী। এক বছর আগে আমার এক আত্মীয়ের মেয়েকে বিয়ে করি। কিন্তু বিয়ের কয়েক সপ্তাহ পরে জানতে পারি, বিয়ের আগে তার অন্য এক ছেলের সঙ্গে সম্পর্ক ছিল। আমি তাকে খুব ভালোবাসতাম। কিন্তু এ কথা জানার পর তাকে আর মেনে নিতে পারছি না। মেয়েটি তার সম্পর্কের কথা স্বীকার করে না। কিন্তু তার আত্মীয়স্বজন, বন্ধুবান্ধব আমাকে বলেছে। তার সঙ্গে আমার দু-একদিন পরপর ঝগড়া হয়। আমি তাঁকে তালাকের কথা বললে সে রাজি হয় না। কিন্তু আমি আর সংসার করতে চাই না। তাঁকে কীভাবে তালাক দেব?নাম প্রকাশে অনিচ্ছুক","1. <other_1126_s8> [প্রতিবন্ধী ব্যক্তির অধিকার ও সুরক্ষা আইন, ২০, ধারা ৮] বাকপ্রতিবন্ধিতা (speech disability) — নিম্নবর্ণিত দফাসমূহে উল্লিখিত বৈশিষ্ট্যসমূহের মধ্যে এক বা একাধিক বৈশিষ্ট্যের অধিকারী ব্যক্তি ‘বাকপ্রতিবন্ধী ব্
2. <other_1375_s27> [শিশু দিবাযত্ন কেন্দ্র আইন, ২০২১, ধারা ২৭] ক্যামেরায় গৃহীত ছবি, রেকর্ডকৃত কথাবার্তার সাক্ষ্য মূল্য — Evidence Act, 1872(Act No. I of 1872) এ যাহা কিছুই থাকুক না কেন, কেন্দ্রে সংঘটিত কোনো অপরাধের ভিডিও, স্থিরচিত্
3. <other_788_s346_p0> [কোম্পানী আইন, ১৯৯৪, ধারা ৩৪৬] নিষ্ক্রিয় (defunct) কোম্পানীর নাম নিবন্ধন বহি হইতে কাটিয়া দেওয়া — (১) যেক্ষেত্রে রেজিষ্ট্রারের এইরূপ বিশ্বাস করিবার যুক্তিসংগত কারণ থাকে যে, কোন একটি কোম্পানী ব্যবসা করিতেছে না
4. <women_children_1063_s26> [পারিবারিক সহিংসতা (প্রতিরোধ ও সুরক্ষা) আইন, , ধারা ২৬] প্রতিপক্ষের অনুপস্থিতিতে বিচার — (১) প্রতিপক্ষের প্রতি উপস্থিতির জন্য নোটিশ জারী করা হইলেও প্রতিপক্ষ যদি আদালতে উপস্থিত না হন বা একবার উপস্থিত 
5. <women_children_1119_s80> [শিশু আইন, ২০১৩, ধারা ৮০] শিশুকে শোষণের দণ্ড — (১) শিশু-আদালত কর্তৃক শিশুর জিম্মাদার, রক্ষণাবেক্ষণকারী, প্রতিপালনের দায়িত্বপ্রাপ্ত ব্যক্তি বা অন্য কোন ব্যক্
6. <labour_952_s117> [বাংলাদেশ শ্রম আইন, ২০০৬, ধারা ১১৭] মজুরীসহ বাৎসরিক ছুটি — (১) কোন প্রতিষ্ঠানে অবিচ্ছিন্নভাবে এক বৎসর চাকুরী পূর্ণ করিয়াছেন এমন প্রত্যেক প্রাপ্ত বয়স্ক শ্রমিককে পরবর্তী
7. <labour_952_s116> [বাংলাদেশ শ্রম আইন, ২০০৬, ধারা ১১৬] পীড়া-ছুটি — (১) সংবাদ পত্র শ্রমিক ব্যতীত, প্রত্যেক শ্রমিক প্রত্যেক পঞ্জিকা বৎসরে পূর্ণ মজুরীতে চৌদ্দ দিনের পীড়া ছুটি পাইব
8. <labour_952_s223> [বাংলাদেশ শ্রম আইন, ২০০৬, ধারা ২২৩] নিষ্পত্তি, ইত্যাদি বলবৎ এর তারিখ — (১) কোন নিষ্পত্তি-(ক) যদি কোন বিরোধের পক্ষগণের মধ্যে কোন সম্মত দিন থাকে, উক্ত দিন হইতে, এবং(খ) যদি উক্তরূপ কোন
9. <labour_1285_s51> [বাংলাদেশ ইপিজেড শ্রম আইন, ২০১৯, ধারা ৫১] পীঁড়া ছুটি — (১) প্রত্যেক শ্রমিক প্রতি পঞ্জিকা বৎসরে পূর্ণ মজুরিতে ১৪ (চৌদ্দো) দিনের পীঁড়া ছুটি পাইবার অধিকারী হইবেন।(২) উ
10. <other_1181_s29> [বাংলাদেশ কোস্ট গার্ড আইন, ২০১৬, ধারা ২৯] বিদ্রোহ — এই আইনের বিধানাবলী সাপেক্ষে, অধিভুক্ত কোন ব্যক্তি যদি -(ক) বাহিনীর অভ্যন্তরে বা অন্য কোন শৃঙ্খলা বাহিনীতে কোন ","family_305_s7","own_search","answered","3"
"prot_0085_01","Sorup","VERIFY","আমার ভাই তাঁর বিয়ের আগেই ডিভি ভিসা পেয়ে যুক্তরাষ্ট্রের নাগরিকত্ব পেয়েছেন। ভাই দেশে এলে আমরা পারিবারিকভাবে তাঁকে বিয়ে করাই। বিয়ের কিছুদিন পর আমার ভাই স্ত্রীকে দেশে রেখে যুক্তরাষ্ট্রে চলে যান। বছরখানেক পর আমরা শুনি, ভাই গোপনে ঢাকায় দ্বিতীয় বিয়ে করে ওই স্ত্রীকে যুক্তরাষ্ট্রে নিয়ে গেছেন। আমরা শোনার পর পারিবারিকভাবে সবাই ভাইকে চাপ দিচ্ছি তাঁর দ্বিতীয় স্ত্রীকে বাদ দেওয়ার এবং প্রথম স্ত্রীকে দ্রুত যুক্তরাষ্ট্রে তাঁর কাছে নিয়ে যাওয়ার জন্য। এখন ভাই বলছেন, প্রথম স্ত্রীকে যুক্তরাষ্ট্রে নেওয়ার ব্যবস্থা করবেন। আমার প্রশ্ন, আইনত একজনের দুই স্ত্রীকে যুক্তরাষ্ট্রে নেওয়া যাবে? আমার ভাই তাঁর প্রথম স্ত্রীর অনুমতি ছাড়া দ্বিতীয় বিয়ে করেন। ভাইয়ের দ্বিতীয় স্ত্রীর যুক্তরাষ্ট্রে থাকা ও নাগরিকত্ব পাওয়ার বৈধতা কতটুকু? ভাইয়ের দ্বিতীয় স্ত্রী এখন যুক্তরাষ্ট্রে আছেন। তবে নাগরিকত্ব পাননি। আমার ভাই তাঁর দ্বিতীয় স্ত্রীকে বাদ দিলে তিনি কি আইনি সমস্যায় পড়বেন? আমার ভাইয়ের প্রথম স্ত্রী কি ভাইয়ের দ্বিতীয় স্ত্রীর বিরুদ্ধে বা তাঁর স্বামীর বিরুদ্ধে আইনের আশ্রয় নিলে তিনি কি তাঁর স্বামীর কাছে আমেরিকা যেতে পারবেন?তানিয়া খানকুমিল্লা","1. <other_1266_s2_p2> [বাংলাদেশ মুক্তিযোদ্ধা কল্যাণ ট্রাস্ট আইন, ২০, ধারা ২] সংজ্ঞা — জামায়াতে ইসলামী এবং তাহাদের সহযোগী রাজাকার, আলবদর, আলশামস বাহিনীর বিরুদ্ধে গণপ্রজাতন্ত্রী বাংলাদেশের স্বাধীনত
2. <other_1431_s23> [অর্থ আইন, ২০২৩, ধারা ২৩] ২০১২ সনের ৪৭ নং আইনের প্রথম তফসিলের সংশোধন — উক্ত আইনের প্রথম তফসিল এর দ্বিতীয় খন্ড এর অনুচ্ছেদ ৭ এর দফা (ঘ) বিলুপ্ত হইবে।
3. <other_822_s10> [পার্বত্য চট্টগ্রাম আঞ্চলিক পরিষদ আইন, ১৯৯৮, ধারা ১০] সম্পত্তি সম্পর্কিত ঘোষণা — চেয়ারম্যান ও প্রত্যেক সদস্য তাহার কার্যভার গ্রহণের পূর্বে তাহার এবং তাঁহার পরিবারের কোন সদস্যের স্বত্ব, দখল ব
4. <other_724_s8> [রাংগামাটি পার্বত্য জেলা পরিষদ আইন, ১৯৮৯, ধারা ৮] সম্পত্তি সম্পর্কিত ঘোষণা — চেয়ারম্যান ও প্রত্যেক সদস্য তাঁহার কার্যভার গ্রহণের পূর্বে তাঁহার এবং তাঁহার পরিবারের কোন সদস্যের স্বত্ব, দখল
5. <other_1148_s2> [বাংলাদেশ সাংবাদিক কল্যাণ ট্রাস্ট আইন, ২০১৪, ধারা ২] সংজ্ঞা — বিষয় বা প্রসঙ্গের পরিপন্থী কোন কিছু না থাকিলে, এই আইনে-(১) ‘‘চেয়ারম্যান’’ অর্থ বোর্ডের চেয়ারম্যান;(২) ‘‘ট্র
6. <other_1303_s79> [অর্থ আইন, ২০২০, ধারা ৭৯] ২০১২ সনের ৪৭ নং আইনের প্রথম তফসিলের সংশোধন — উক্তআইনের প্রথম তফসিল এর—(ক) প্রথম খন্ডের টেবিলের প্রথম কলামে উল্লিখিত—(অ)শিরোনামা সংখ্যা ০২.০৭ এর বিপরীতে দ্ব
7. <other_1037_s128> [বীমা আইন, ২০১০, ধারা ১২৮] দ্বিতীয় জরিপ৷ — (১) কর্তৃপক্ষের নিকট যদি এইরূপ বিশ্বাস করিবার কারণ থাকে, কোন বীমা জরিপকারী মিথ্যা প্রতিবেদন দাখিল করিয়াছে বা 
8. <local_government_1027_s41> [স্থানীয় সরকার (ইউনিয়ন পরিষদ) আইন, ২০০৯, ধারা ৪১] সম্পত্তি সম্পর্কিত ঘোষণা — চেয়ারম্যান ও সদস্য তাঁহার কার্যভার গ্রহণের পূর্বে তাঁহার এবং তাঁহার পরিবারের কোন সদস্যের স্বত্ব, দখল বা স্বার
9. <other_1190_s26> [পেট্রোলিয়াম আইন, ২০১৬, ধারা ২৬] অপরাধের বিচার — এই আইনের অধীন সংঘটিত অপরাধসমূহ একজন মেট্রোপলিটন ম্যাজিস্ট্রেট বা প্রথম বা দ্বিতীয় শ্রেণির ম্যাজিস্ট্রেট কর্তৃ
10. <local_government_827_s10> [উপজেলা পরিষদ আইন, ১৯৯৮, ধারা ১০] সম্পত্তি সম্পর্কিত ঘোষণা — 14[চেয়ারম্যান ও ভাইস চেয়ারম্যান ] তাঁহার কার্যভার গ্রহণের পূর্বে তাঁহার এবং তাঁহার পরিবারের কোন সদস্যের স্বত","family_305_s6","own_search","answered","2"
"prot_0107_05","Sorup","VERIFY","২. মামলার রায় যখন দোরগোড়ায় পৌঁছায়, ওই মুহূর্তে পলাতক আসামি আদালতে আত্মসমর্পণ করলে তার আদালত অবমাননার দায়-কলঙ্ক মুছে যাবে কি?","1. <other_1484_s26> [আনসার ব্যাটালিয়ন আইন, ২০২৩, ধারা ২৬] আদালতের এখতিয়ার বারিত — আনসার ব্যাটালিয়ন আদালতের কোনো কার্যধারা, রায়, আদেশ, আরোপিত দণ্ড বা সিদ্ধান্তের বিরুদ্ধে অন্য কোনো আদালতে কোন
2. <other_1108_s11> [আদালত অবমাননা আইন, ২০১৩, ধারা ১১] আদালত অবমাননার অভিযোগ দায়ের ও নিষ্পত্তির বিধান — (১) কোন ব্যক্তির বিরুদ্ধে আদালত অবমাননার অভিযোগ উত্থাপিত বা কার্যধারা রুজু করা হইলে, অভিযোগের বিষয়ে তাহাকে কা
3. <other_1108_s15> [আদালত অবমাননা আইন, ২০১৩, ধারা ১৫] সুপ্রীম কোর্টে সংঘটিত আদালত অবমাননার ক্ষেত্রে কার্যপদ্ধতি — (১) যেক্ষেত্রে আপীল বিভাগ বা হাইকোর্ট বিভাগের নিকট প্রতীয়মান হয় বা উহার নিকট অভিযোগ করা হয় যে, কোন ব্যক্তি 
4. <labour_952_s216_p1> [বাংলাদেশ শ্রম আইন, ২০০৬, ধারা ২১৬] অপরাধ বিচার ছাড়া অন্য কোন বিষয়ে শ্রম আদালতের ক্ষমতা ওকার্যক্রম — বা আপত্তি পেশ করিতে ব্যর্থ হয়, তাহা হইলে মামলাটি একতরফা শুনানীক্রমে নিষ্পত্তি করা হইবে।(৬) কোন পক্ষের আবেদনক্
5. <other_1181_s113> [বাংলাদেশ কোস্ট গার্ড আইন, ২০১৬, ধারা ১১৩] আদালতের এখতিয়ার বারিত — এই আইনের বিধান ব্যতীত কোস্ট গার্ড আদালত এবং কোস্ট গার্ড আপিল ট্রাইব্যুনালের কোন কার্যধারা, রায়, আদেশ বা সিদ্ধ
6. <money_recovery_901_s13> [অর্থ ঋণ আদালত আইন, ২০০৩, ধারা ১৩] মামলার বিচার্য বিষয় গঠন ও নিষ্পত্তি — (১) বিবাদী কর্তৃক লিখিত জবাব দাখিল হওয়ার পরবর্তীতে ধার্য একটি নির্ধারিত তারিখে আদালত উভয় পক্ষকে, যদি উপস্থিত
7. <other_1061_s19> [পরিবেশ আদালত আইন, ২০১০, ধারা ১৯] আপীল — (১) দেওয়ানী কার্যবিধি বা ফৌজদারী কার্যবিধিতে ভিন্নতর যাহা কিছুই থাকুক না কেন, এই আইনের বিধান অনুযায়ী ব্যতীত 
8. <other_1108_s10> [আদালত অবমাননা আইন, ২০১৩, ধারা ১০] কতিপয় কর্ম আদালত অবমাননা নহে — আপাতত বলবৎ অন্য কোন আইনে যাহা কিছুই থাকুক না কেন -(১) প্রজাতন্ত্রের কর্মে নিয়োজিত কোন ব্যক্তি কর্তৃক রাষ্ট্রে
9. <labour_952_s218_p2> [বাংলাদেশ শ্রম আইন, ২০০৬, ধারা ২১৮] শ্রম আপীল ট্রাইব্যুনাল — দায়ের করিবার ৬০(ষাট) দিনের মধ্যে প্রদান করা হইবে।(১১ক) উপ-ধারা (১১) এর বিধান সত্ত্বেও, ৬০ (ষাট) দিনের নির্ধার
10. <other_1088_s17_p0> [মানিলন্ডারিং প্রতিরোধ আইন, ২০১২, ধারা ১৭] সম্পত্তির বাজেয়াপ্তকরণ — (১) এই আইনের অধীন কোন ব্যক্তি বা সত্তা মানিলন্ডারিং অপরাধে দোষী সাব্যস্থ হইলে আদালত অপরাধের সহিত প্রত্যক্ষ বা ","none","none","not_found","1"
"prot_0076_05","Sorup","VERIFY","আমাদের পরিবারে নয়জন সদস্য। নয় বছর আগে আমার বাবা মারা যান। ইতিমধ্যে আমাদের পরিবারের খুবই কষ্টকর অবস্থা, তার মধ্যে আমার ছোট একটি বোন বিয়ে দেওয়া বাকি। আমার নানাবাড়ির অবস্থা ভালো। তবে আমরা কি নানাবাড়ির ওয়ারিশ হতে পারব? আমার মা একটু সহজ-সরল প্রকৃতির, তাই আমার মা কিছুতেই রাজি নয়, মামাদের কাছে ওয়ারিশ চাইতে। আমার অন্য খালাদের ওয়ারিশ আনার প্রতি কোনো আগ্রহ নেই। আমার নানি বেঁচে আছেন কিন্তু নানা বেঁচে নেই। মামারাও খুব ভালো মানুষ। এখন আমরা আমাদের মায়ের ইচ্ছা ছাড়া কোনোভাবে কি নানাবাড়ির ওয়ারিশ আনতে পারব?","1. <other_1725_s21_p29> [অর্থ আইন, ২০২৬, ধারা ২১] ২০১২ সনের ৪৭ নং আইনের দ্বিতীয় তফসিলের সংশোধন — ডলার পর্যন্ত ৪৫ (ঘ) মূল্যসীমা ১০০০০০ মা. ডলার এর ঊর্ধ্ব হইতে ২০০০০০ মা. ডলার পর্যন্ত ৬০ (ঙ) মূল্যসীমা ২০০০০০ ম
2. <other_1482_s31> [বাংলাদেশ হোমিওপ্যাথিক চিকিৎসা শিক্ষা আইন, ২০, ধারা ৩১] ব্যবস্থাপত্রে অ-অনুমোদিত ঔষধ লিখিবার দণ্ড — (১) কোনো হোমিওপ্যাথিক চিকিৎসক হোমিওপ্যাথিক ফার্মাকোপিয়াতে অন্তর্ভুক্ত নেই এমন কোনো ঔষধ হোমিওপ্যাথিক চিকিৎসা ব
3. <women_children_1119_s30> [শিশু আইন, ২০১৩, ধারা ৩০] শিশু-আদালত কর্তৃক আদেশ প্রদানের ক্ষেত্রে বিবেচ্য বিষয় — এই আইনের অধীন কোন আদেশ প্রদানের ক্ষেত্রে শিশু-আদালত নিম্নবর্ণিত বিষয় বিবেচনা করিবে, যথা :-(ক) শিশুর বয়স ও লি
4. <other_1104_s4> [পাওয়ার অব অ্যাটর্নি আইন, ২০১২, ধারা ৪] অপ্রত্যাহারযোগ্য পাওয়ার অব অ্যাটর্নির মাধ্যমে ক্ষমতা অর্পণ, ইত্যাদি — (১) পণ মূল্য গ্রহণের বিনিময়ে ভূমি উন্নয়ন সংক্রান্ত অপ্রত্যাহারযোগ্য প্রতিটি পাওয়ার অব অ্যাটর্নির একটি নির্দ
5. <land_1455_s10> [ভূমি সংস্কার আইন, ২০২৩, ধারা ১০] বর্গাদারের মৃত্যুর পর বর্গাভূমির চাষ — (১) কোনো বর্গাদার বর্গাচুক্তির মেয়াদ শেষ হইবার পূর্বে মারা গেলে, উহার মেয়াদ শেষ না হওয়া পর্যন্ত অথবা এই আইন
6. <other_1727_s35> [জুয়া প্রতিরোধ আইন, ২০২৬, ধারা ৩৫] ফৌজদারি কার্যবিধির প্রযোজ্যতা — এই আইনের যে সকল ক্ষেত্রে সুনির্দিষ্ট কোনো বিধান নেই সেইক্ষেত্রে অপরাধের তদন্ত, বিচার, তল্লাশি, জব্দ, গ্রেপ্তার
7. <other_1070_s22> [উদ্ভিদ সংগনিরোধ আইন, ২০১১, ধারা ২২] লিখিত বিজ্ঞপ্তি — (১) যদি উদ্ভিদ সংগনিরোধ কর্মকর্তা এই মর্মে নিশ্চিত হন যে, কোন একটি স্থানে সংগনিরোধ বালাই রহিয়াছে, তাহা হইলে ত
8. <other_1108_s6> [আদালত অবমাননা আইন, ২০১৩, ধারা ৬] অধস্তন আদালতের সভাপতিত্বকারী বিচারকের বিরুদ্ধে অভিযোগ যখন আদালত অবমাননা নয় — কোন ব্যক্তি কোন অধস্তন আদালতের সভাপতিত্বকারী বিচারক সম্পর্কে সরল বিশ্বাসে যদি -(ক) অন্য কোন অধস্তন আদালতের নিক
9. <other_1682_s2_p0> [মানবদেহে অঙ্গ-প্রত্যঙ্গ সংযোজন আইন, ২০২৬, ধারা ২] সংজ্ঞা — বিষয় বা প্রসঙ্গের পরিপন্থি কোনো কিছু না থাকিলে, এই আইনে- (১) “অঙ্গ-প্রত্যঙ্গ” অর্থ মানবদেহের কিডনি, হৃৎপিণ্ড,
10. <labour_952_s159> [বাংলাদেশ শ্রম আইন, ২০০৬, ধারা ১৫৯] মারাত্মক দুর্ঘটনার রিপোর্ট — যে ৰেত্রে আপাততঃ বলবৎ কোন আইনের দ্বারা কোন মালিকের বাড়ীঘর বা আংগিনায় ঘটিত কোন দুর্ঘটনায় মৃতু্য সম্পর্কে কোন","other_173_s2","own_search","answered","1"
"prot_0056_03","Sorup","VERIFY","আমার দাদা ২০০৪ সালে ফুফুর বিয়েতে খরচের জন্য দেড় বিঘা জমি পাশের গ্রামের এক লোকের কাছে বিক্রি করেন। তাঁর কাছে দাদা ৫০ হাজার টাকা পেতেন কিন্তু তখন তিনি মাত্র ৩০ হাজার টাকা ফেরত দেন। বাকি টাকা দিতে অসমর্থ হন। পরে দাদা আরও আড়াই বিঘা জমি বন্ধক রেখে টাকা জোগান। এই বছর লোকটি জমির দলিল নেওয়ার জন্য দাদার ওপর চাপ দিচ্ছেন কিন্তু আমার দাদা এখন তাঁকে জমি দিতে চান না। উল্লেখ্য, লোকটি ২০০৪ থেকে ২০১১ সাল পর্যন্ত জমিটি ভোগ করেন এবং বাকি টাকা না দেওয়ায় তাঁকে জমির দলিল বা অন্যান্য কাগজপত্র দেওয়া হয়নি। এখন লোকটি যদি মামলা করেন, তাহলে দাদা কী করতে পারেন?","1. <other_721_s6_p0> [বাংলাদেশ ঋণ সালিসি আইন, ১৯৮৯, ধারা ৬] কতিপয় জমির বিক্রয় খায়খালাসী বন্ধক ঘোষণা — (১) এই আইন বলবত্ হইবার পর অনধিক তিন একর কৃষি জমির মালিক কোন কৃষক প্রাকৃতিক দুর্যোগে তগতিগ্রস্ত হওয়ার বা জীবন 
2. <other_721_s7> [বাংলাদেশ ঋণ সালিসি আইন, ১৯৮৯, ধারা ৭] কতিপয় বিক্রয় বাতিল — (১) এই আইন বলবত্ হইবার পর অনধিক দুই একর কৃষি জমির মালিক কোন কৃষক প্রাকৃতিক দুর্যোগে তগতিগ্রস্ত হওয়ার বা জীবন 
3. <other_1132_s5> [পিতা-মাতার ভরণ-পোষণ আইন, ২০১৩, ধারা ৫] পিতা-মাতার ভরণ-পোষণ না করিবার দণ্ড — (১) কোন সন্তান কর্তৃক ধারা ৩ এর যে কোন উপ-ধারার বিধান কিংবা ধারা ৪ এর বিধান লংঘন অপরাধ বলিয়া গণ্য হইবে এবং উক
4. <other_1149_s33> [পল্লী  সঞ্চয় ব্যাংক আইন, ২০১৪, ধারা ৩৩] দণ্ড, ইত্যাদি — (১) যদি কোন ব্যক্তি এই আইনের অধীন প্রার্থিত বা মঞ্জুরীকৃত কোন ঋণ বা সুবিধার জন্য ব্যাংককে প্রদত্ত কোন মালিকানা
5. <other_1476_s171_p7> [কাস্টমস আইন, ২০২৩, ধারা ১৭১] অপরাধসমূহের জরিমানা বা দণ্ড — পণ্য বা সেবা সরবরাহ করিতে ব্যর্থ হন।সংশ্লিষ্ট ব্যক্তির বিরুদ্ধে অন্যূন ২৫ (পঁচিশ) হাজার টাকা কিন্তু অনধিক ৫০ (
6. <other_1138_s30> [গ্রামীণ ব্যাংক আইন, ২০১৩, ধারা ৩০] দণ্ড, ইত্যাদি — (১) যদি কোন ব্যক্তি এই আইনের অধীন প্রার্থিত বা মঞ্জুরীকৃত কোন ঋণ বা সুবিধার জন্য ব্যাংককে প্রদত্ত কোন মালিকানা
7. <other_1132_s4> [পিতা-মাতার ভরণ-পোষণ আইন, ২০১৩, ধারা ৪] পিতা-মাতার অবর্তমানে দাদা-দাদী, নানা-নানীর ভরণ-পোষণ — প্রত্যেক সন্তান তাহার—(ক) পিতার অবর্তমানে দাদা-দাদীকে; এবং(খ) মাতার অবর্তমানে নানা-নানীকে—ধারা ৩ এ বর্ণিত ভরণ-
8. <other_1684_s12> [মানব পাচার ও অভিবাসী চোরাচালান প্রতিরোধ ও দম, ধারা ১২] পতিতালয় পরিচালনা করিবার বা কোনো স্থানকে পতিতালয় হিসাবে ব্যবহারের অনুমতি প্রদানের অপরাধ ও উহার দণ্ড — (১) যদি কোনো ব্যক্তি পতিতালয় স্থাপন বা পরিচালনা করেন অথবা উহা স্থাপন বা পরিচালনা করিতে অনুমতি প্রদান করেন কিং
9. <other_1195_s29> [চা আইন, ২০১৬, ধারা ২৯] দণ্ড — যদি কোন ব্যক্তি-(ক) ধারা ১৬ ও ২১ ব্যতীত এই আইনের কোন বিধান লঙ্ঘন করেন, বা(খ) এই আইনের অধীন জারীকৃত কোন আদেশ বা
10. <other_1478_s55_p2> [ফাইন্যান্স কোম্পানি আইন, ২০২৩, ধারা ৫৫] জরিমানা — এর কোনো কিছু গোপন বা নষ্ট করেন; বা(গ) যাহা তলবকৃত বা দাখিলকৃত উহাতে ইচ্ছাকৃতভাবে মিথ্যা তথ্য প্রদান করেন বা কো","other_48_s53A, other_36_s12_p0","own_search","answered","2"
"prot_0106_02","Sorup","VERIFY","ওই আইনজীবী আমার মায়ের কাছ থেকে কিংবা হাউস বিল্ডিং কর্তৃপক্ষের কাছ থেকে কোনো প্রকার দলিল বা কাগজ বুঝে নেননি। কিন্তু সেই জমিতে তিনি বসবাস করছেন। উল্লেখ্য, সেই চার শতাংশ জমির সঙ্গে এখনো আট শতাংশ জমি আমাদের নামে। যেখানে আমরা বাস করছি। এ অবস্থায় আমরা কি হাউস বিল্ডিংয়ের ঋণের টাকা এবং ওই লোকের বায়নার টাকা পরিশোধ করে সেই জায়গা ফেরত পেতে পারি?","1. <other_1429_s125> [আয়কর আইন, ২০২৩, ধারা ১২৫] সম্পত্তি হস্তান্তর, ইত্যাদি হইতে কর সংগ্রহ — 140[(১)Registration Act, 1908(Act No. XVI of 1908) এর section 17 এর sub-section (1) এর clauses (b), (c) বা (e)
2. <other_813_s6> [বাংলাদেশ কমার্স এন্ড ইনভেষ্টমেন্ট লিমিটেড (প, ধারা ৬] মূলধন বা শেয়ার মূল্য পরিশোধের পদ্ধতি — (১) “ক” শ্রেণীর শেয়ারহোল্ডার নগদ অর্থ প্রদানের মাধ্যমে শেয়ার মূল্য পরিশোধ করিবেন এবং উক্ত শ্রেণীর শেয়ারহোল্
3. <other_726_s64> [বান্দরবান পার্বত্য জেলা পরিষদ আইন, ১৯৮৯, ধারা ৬৪] (১) আপাততঃ বলবত্ অন্য কোন আইনে যাহা কিছুই থাকুক না কেন-(ক) বান্দরবন পার্বত্য জেলার এলাকাধীন বন্দোবস্তযোগ্য খাস
4. <other_1478_s55_p1> [ফাইন্যান্স কোম্পানি আইন, ২০২৩, ধারা ৫৫] জরিমানা — বাংলাদেশ ব্যাংক অন্যূন ৫ (পাঁচ) লক্ষ টাকা এবং অনধিক ২৫ (পঁচিশ) লক্ষ টাকা জরিমানা আরোপ করিতে পারিবে।(৫) কোনো ফা
5. <other_722_s15> [পার্বত্য জেলাসমূহ (আইন রহিত ও প্রয়োগ এবং বিশ, ধারা ১৫] বসতবাড়ীর জন্য গ্রামীণ জমি দখল — (১) কোন পাহাড়ী ব্যক্তি পৌর এলাকা-বহির্ভূত অনধিক ত্রিশ শতাংশ পর্যন্ত খাস জমি তাহার নিজ বসতবাড়ীর জন্য হেডম্যান
6. <other_1476_s171_p14> [কাস্টমস আইন, ২০২৩, ধারা ১৭১] অপরাধসমূহের জরিমানা বা দণ্ড — যে কোনো একটি করিতে সহায়তা বা সহযোগিতা করেন অথবা সহায়তা বা সহযোগিতা করিবার চেষ্টা করেন;৩৪।১৯৩যদি ধারা ১৯৩ এর 
7. <other_1412_s6_p0> [বেসরকারি মেডিকেল কলেজ ও ডেন্টাল কলেজ আইন, ২০, ধারা ৬] বেসরকারি মেডিকেল কলেজ বা ডেন্টাল কলেজ স্থাপনের শর্তাবলি — এই আইনের অধীন বেসরকারি মেডিকেল কলেজ বা ডেন্টাল কলেজ স্থাপনের লক্ষ্যে নিম্নবর্ণিত শর্তাবলি পূরণ করিতে হইবে, যথা
8. <other_1429_s55_p2> [আয়কর আইন, ২০২৩, ধারা ৫৫] কতিপয় ক্ষেত্রে বিয়োজন অনুমোদনযোগ্য না হওয়া — এইরূপ ক্ষেত্রে ০.২৫% (শূন্য দশমিক দুই পাঁচ শতাংশ) হারে;(ই) অন্যান্য শিল্পের ক্ষেত্রে-(১) ব্যবসায়িক টার্নওভারে
9. <other_1429_s133> [আয়কর আইন, ২০২৩, ধারা ১৩৩] প্রকাশ্য নিলামের বিক্রি হইতে কর সংগ্র — (১) কোনো ব্যক্তি কোনো নির্দিষ্ট মালিকের কোনো পণ্য বা সম্পত্তি সীলমোহরযুক্ত দরপত্রের মাধ্যমে প্রকাশ্য নিলামে বি
10. <other_721_s7> [বাংলাদেশ ঋণ সালিসি আইন, ১৯৮৯, ধারা ৭] কতিপয় বিক্রয় বাতিল — (১) এই আইন বলবত্ হইবার পর অনধিক দুই একর কৃষি জমির মালিক কোন কৃষক প্রাকৃতিক দুর্যোগে তগতিগ্রস্ত হওয়ার বা জীবন ","none","none","not_found","1"
"prot_0115_03","Sorup","VERIFY","আমার বয়স ২৬। বিয়ে হয়েছে প্রায় তিন বছর। ভালোবেসে নিজের পছন্দে বিয়ে করি। আমার স্বামী আমার চেয়ে প্রায় ছয় বছরের বড়। তাঁকে বিয়ে করার পর থেকে তিনি আমার মা-বাবার সঙ্গে যোগাযোগ করতে বাধা দিয়েছেন। আমি তাঁর কোনো কথার অবাধ্য হলে প্রায়ই আমাকে গালাগাল করেন এবং আমার গায়ে হাত তোলেন। আমি ইতিমধ্যে দুবার গর্ভবতী হলে তিনি আমাকে এমআর করে বাচ্চা নষ্ট করতে বাধ্য করেন। এতে আমার প্রজনন স্বাস্থ্যের ক্ষতি হচ্ছে। মাঝেমধ্যে আমার ইচ্ছা না থাকলেও আমাকে শারীরিক মেলামেশায় বাধ্য করেন। তাঁর এত সব নির্যাতন সত্ত্বেও আমি সব মেনে নিয়ে তাঁর সংসার করছি। কিন্তু আমি আর এ নির্যাতন সহ্য করতে পারছি না। আমি আমার স্বামীকে প্রচণ্ড ভালোবাসি, তাঁকে ত্যাগ করতে চাচ্ছি না। এমতাবস্থায় এসব নির্যাতন থেকে রেহাই পেতে আমার স্বামীর বিরুদ্ধে আমি কি কোনো আইনি ব্যবস্থা নিতে পারি?","1. <women_children_1063_s3> [পারিবারিক সহিংসতা (প্রতিরোধ ও সুরক্ষা) আইন, , ধারা ৩] পারিবারিক সহিংসতা — - এই আইনের উদ্দেশ্য পূরণকল্পে পারিবারিক সহিংসতা বলিতে পারিবারিক সম্পর্ক রহিয়াছে এমন কোন ব্যক্তি কতৃর্ক পরিবার
2. <other_1181_s26> [বাংলাদেশ কোস্ট গার্ড আইন, ২০১৬, ধারা ২৬] শত্রু সম্পর্কিত গুরুতর অপরাধ — এই আইনের বিধানাবলী সাপেক্ষে, অধিভুক্ত কোন ব্যক্তি যদি -(ক) কোন জাহাজ, ঘাঁটি, স্থান অথবা প্রহরাস্থল শত্রুর নিকট
3. <other_1133_s13> [নির্যাতন এবং হেফাজতে মৃত্যু (নিবারণ) আইন, ২০, ধারা ১৩] অপরাধসমূহ — (১) কোনো ব্যক্তি অপর কোনো ব্যক্তিকে নির্যাতন করিলে তাহা ঐ ব্যক্তির কৃত একটি অপরাধ হিসাবে গণ্য হইবে।(২) কোনো ব্
4. <other_1067_s25> [বর্ডার গার্ড বাংলাদেশ আইন, ২০১০, ধারা ২৫] শত্রু সম্পর্কিত গুরূতর অপরাধ — অধিভুক্ত কোন ব্যক্তি যদি-(ক) কোন চৌকি, স্থান অথবা প্রহরাস্থল শত্রুর নিকট পরিত্যাগ বা অর্পণ করেন বা উক্ত কার্য 
5. <other_1429_s262> [আয়কর আইন, ২০২৩, ধারা ২৬২] করদাতার নিবন্ধন বাতিল — (১) একজন ব্যক্তি নিবন্ধন বাতিলের আবেদন করিবেন, যদি উক্ত ব্যক্তি-(ক) ধারা ২৬৪ এর অধীন রিটার্ন দাখিলের প্রমাণ উপ
6. <other_1133_s2> [নির্যাতন এবং হেফাজতে মৃত্যু (নিবারণ) আইন, ২০, ধারা ২] সংজ্ঞা — বিষয় বা প্রসঙ্গের পরিপন্থী কোন কিছু না থাকিলে, এই আইনে—(১) ‘অভিযোগকারী’ অর্থ এই আইনের অধীনে কোন অভিযোগ উত্থাপ
7. <women_children_883_s6> [এসিড অপরাধ দমন আইন, ২০০২, ধারা ৬] এসিড নিক্ষেপ করা বা নিক্ষেপের চেষ্টা করার শাস্তি — যদি কোন ব্যক্তি অন্য কোন ব্যক্তির উপর এসিড নিক্ষেপ করেন বা করিবার চেষ্ট করেন, তাহা হইলে তাহার উক্তরূপ কার্যের 
8. <other_1124_s7> [মাতৃদুগ্ধ বিকল্প, শিশু খাদ্য, বাণিজ্যিকভাবে , ধারা ৭] শিক্ষামূলক বা অন্যান্য তথ্যাদি — জন্ম-পূর্ববর্তী বা জন্ম-পরবর্তী সেবা দানের উদ্দেশ্যে কোন গর্ভবতী মহিলা বা মাতৃদুগ্ধদানকারী বা শিশুর মায়েদের স
9. <other_812_s87> [দেউলিয়া বিষয়ক আইন, ১৯৯৭, ধারা ৮৭] দেনাদারের বাংলাদেশ ত্যাগ — যদি কোন দেনাদার- (ক) আর্জি দাখিল হওয়ার পরবর্তী কোন সময়ে, আদালতের অনুমতি ব্যতীত, বাংলাদেশ ত্যাগ করেন; অথবা (খ
10. <women_children_1119_s16> [শিশু আইন, ২০১৩, ধারা ১৬] (১) আইনের সহিত সংঘাত জড়িত শিশু কর্তৃক সংঘটিত যে কোনো অপরাধের বিচার করিবার জন্য, প্রত্যেক জেলা সদরে শিশু-আদালত","women_children_1063_s11, women_children_1063_s14","own_search","answered","2"
"prot_0048_02","Sorup","VERIFY","আমার দুটি ছেলে আছে। তাদের বয়স সাত ও ১৩। আমার স্বামী দুই বছর আগে আরেকটি বিয়ে করেছে। তার পর থেকে আমি তার সঙ্গে থাকি না। যদিও তার সঙ্গে আমার তালাক হয়নি। এখন আমি তাকে তালাক দিয়ে নতুন জীবন শুরু করতে চাই। সে ক্ষেত্রে সন্তানদের কি আমার কাছে রাখতে পারব? দুই বছর ধরে ওরা আমার কাছেই থাকে। ওরা ওদের বাবার কাছে থাকতে চায় না।নাম প্রকাশে অনিচ্ছুক","1. <other_1403_s40> [মোংলা বন্দর কর্তৃপক্ষ আইন, ২০২২, ধারা ৪০] দণ্ড — কোনো ব্যক্তি যদি এই আইন ও বিধির কোনো বিধান লঙ্ঘন করেন তাহা হইলে উক্ত লঙ্ঘন হইবে একটি অপরাধ এবং তজ্জন্য তিনি অন
2. <other_1025_s8> [মোবাইল কোর্ট আইন, ২০০৯, ধারা ৮] দণ্ড আরোপের সীমাবদ্ধতা — (১) এই আইনের অধীন মোবাইল কোর্ট পরিচালনা করিয়া দণ্ড আরোপ করিবার ক্ষেত্রে, সংশ্লিষ্ট অপরাধের জন্য সংশ্লিষ্ট আইন
3. <other_1487_s10> [অফশোর ব্যাংকিং আইন, ২০২৪, ধারা ১০] অফশোর ব্যাংকিং কার্যক্রম পরিচালনার জন্য প্রদত্ত লাইসেন্স ধারা ৯ এর অধীন বাতিল বা সমর্পণ কার্যকর হইবার ২ (দুই) 
4. <other_1045_s16> [চার্টার্ড সেক্রেটারীজ আইন, ২০১০, ধারা ১৬] সদস্য হইবার ক্ষেত্রে অযোগ্যতা — ধারা ১৫ তে যাহা কিছুই থাকুক না কেন, কোন ব্যক্তি সদস্য হইবার যোগ্য হইবেন না, যদি-(ক) তিনি কোন স্বীকৃত বিশ্ববিদ্
5. <labour_1285_s24> [বাংলাদেশ ইপিজেড শ্রম আইন, ২০১৯, ধারা ২৪] চাকরি হইতে অবসর গ্রহণ — (১) এই অধ্যায়ের অন্যত্র যাহা কিছুই উল্লে­খ থাকুক না কেন, কোনো প্রতিষ্ঠানে নিয়োজিত কোনো শ্রমিকের বয়স ৬০ (ষাট
6. <other_935_s15> [বেসরকারী নিরাপত্তা সেবা আইন, ২০০৬, ধারা ১৫] লাইসেন্সের মেয়াদ, নবায়ন, স্থগিতকরণ ও বাতিল — (১) বেসরকারী নিরাপত্তা সেবা প্রতিষ্ঠান স্থাপন ও পরিচালনার জন্য প্রদত্ত লাইসেন্সের মেয়াদ হইবে লাইসেন্স ইস্যুর 
7. <labour_952_s95> [বাংলাদেশ শ্রম আইন, ২০০৬, ধারা ৯৫] চা-বাগানে বিনোদন ও শিক্ষার সুবিধা — সরকার চা বাগান সম্পর্কে-(ক) বিধি প্রণয়ন করিয়া উহার প্রত্যেক মালিককে সেখানে নিযুক্ত শ্রমিকগণ এবং তাহাদের শিশু
8. <other_1717_s18ক_p2> [ব্যাংক রেজল্যুশন আইন, ২০২৬, ধারা ১৮ক] রেজল্যুশন কার্যক্রম হইতে শেয়ার, সম্পদ-দায়, পুনঃধারণ বা ধারণ — কার্যক্রম তদারকি করিবে এবং দুই বছর পর একটি বিশেষ কমিটি গঠনপূর্বক উল্লিখিত শর্ত এবং আইনী অন্যান্য বাধ্যবাধকতা প
9. <other_775_s26> [বাংলাদেশ সিকিউরিটিজ অ্যান্ড এক্সচেঞ্জ কমিশন , ধারা ২৬] জটিলতার নিরসনের ক্ষমতা — (১) এই আইনের বিধানাবলী কার্যকর করার ক্ষেত্রে কোন অসুবিধা দেখা দিলে সরকার উক্ত অসুবিধা দূরীকরণার্থে, আদেশ দ্বার
10. <other_813_s20> [বাংলাদেশ কমার্স এন্ড ইনভেষ্টমেন্ট লিমিটেড (প, ধারা ২০] জটিলতা নিরসনের ক্ষমতা — (১) এই আইনের বিধানাবলী কার্যকর করার ক্ষেত্রে কোন অসুবিধা দেখা দিলে সরকার উক্ত অসুবিধা দূরীকরণার্থে, আদেশ দ্বার","family_64_s17, family_180_s2_p0","own_search","answered","2"
"prot_0121_03","Sorup","VERIFY","আপনি যদি মনে করেন যে আপনার স্পষ্টত মৌলিক অধিকার লঙ্ঘিত হচ্ছে, তাহলে হাইকোর্টে রিট দায়ের করতে পারেন।জমির অংশ কীভাবে পাববাবা আমাদের তিন ভাইকে দানপত্রের মাধ্যমে সম্পত্তি লিখে দেন। আমি আমার অংশের নাম খারিজ করিয়েছি। কিন্তু আমার ভাইয়েরা আমাকে না জানিয়ে বণ্টননামা দলিল করে এবং আমার প্রাপ্য অংশ থেকে বঞ্চিত করে। আমি এখন কী করতে পারি?","1. <other_812_s78> [দেউলিয়া বিষয়ক আইন, ১৯৯৭, ধারা ৭৮] বণ্টনযোগ্য অংশ ঘোষণার পূর্বে পাওনা প্রদান করেন নাই এইরূপ পাওনাদারের অধিকার — বণ্টনযোগ্য অংশ ঘোষিত হওয়ার পূর্বে কোন পাওনাদার তাহার পাওনা প্রমাণ না করিয়া থাকিলে আপাততঃ রিসিভারের হাতে যে অ
2. <land_1449_s6> [ভূমি উন্নয়ন কর আইন, ২০২৩, ধারা ৬] অবিভক্ত দাগ, খতিয়ান, ইত্যাদি — (১) উত্তরাধিকার বা অন্য যেকোনো মাধ্যমে হস্তান্তরের ক্ষেত্রে একটি দাগ বিভিন্ন ভাগ বা খন্ডে বিভক্ত হইলে এবং এইরূ
3. <other_812_s91> [দেউলিয়া বিষয়ক আইন, ১৯৯৭, ধারা ৯১] পাওনাদার ইত্যাদির অপরাধ — (১) এই ধারার অধীন কোন কার্যধারায়, কোন পাওনাদার যদি এমন কোন দাবী উত্থাপন, ঘোষণা বা হিসাব প্রদান করেন যাহার গুর
4. <other_1246_s190> [ক্যান্টনমেন্ট আইন, ২০১৮, ধারা ১৯০] মালিকের ব্যর্থতায় দখলদার কর্তৃক পরিশোধের দায় — (১) যদি ধারা ১৮৯ তে উল্লিখিত কোনো নোটিশ এমন কোনো সম্পত্তি বিষয়ে কোনো ব্যক্তির নিকট প্রেরণ করা হয় যে সম্পত্তি
5. <criminal_procedure_765_s23> [রাজশাহী মহানগরী পুলিশ আইন, ১৯৯২, ধারা ২৩] বেওয়ারিশ সম্পত্তির দায়িত্ব গ্রহণ ও বিলিবন্টন — (১) নিম্নবর্ণিত জিনিসের সাময়িকভাবে দায়িত্ব গ্রহণ করা পুলিশ কর্মকর্তার কর্তব্য হইবে, যথা:-(ক) তাঁহার নজরে আসি
6. <other_788_s335_p1> [কোম্পানী আইন, ১৯৯৪, ধারা ৩৩৫] দণ্ড — বার মাসের মধ্যে অথবা পরবর্তী যে কোন সময়ে একশত বা ততোধিক টাকা মূল্যের কোম্পানীর সম্পত্তির কোন অংশ প্রতারণামূলক
7. <other_722_s9> [পার্বত্য জেলাসমূহ (আইন রহিত ও প্রয়োগ এবং বিশ, ধারা ৯] ঝুম কর আদায় ইত্যাদি — (১) প্রত্যেক বত্সর শেষ হইবার পূর্বে ঝুম কর হেডম্যানের নিকট প্রদান করিতে হইবে এবং অনুরূপভাবে ঝুম কর প্রদান করা 
8. <other_812_s9> [দেউলিয়া বিষয়ক আইন, ১৯৯৭, ধারা ৯] দেউলিয়া কর্ম — (১) কোন দেনাদারের নিম্্নবর্ণিত যেকোন একটি কাজই হইবে দেউলিয়া কর্ম, যথা :- (ক) যদি তিনি বাংলাদেশ বা অন্যত্র তাহ
9. <other_788_s376> [কোম্পানী আইন, ১৯৯৪, ধারা ৩৭৬] কতিপয় ক্ষেত্রে সম্পত্তির ব্যাপারে আদালত কর্তৃক নির্দেশদান — কোন অনিবন্ধিকৃত কোম্পানী উহার সাধারণ নামে মামলা করার বা মামলায় প্রতিদ্বন্দ্বিতা করার অধিকারী না হইলে, অথবা অন
10. <criminal_procedure_1013_s23> [বরিশাল মহানগরী পুলিশ আইন, ২০০৯, ধারা ২৩] বেওয়ারিশ সম্পত্তির দায়িত্ব গ্রহণ ও বিলিবন্টন — (১) নিম্নবর্ণিত জিনিসের সাময়িকভাবে দায়িত্ব গ্রহণ করা পুলিশ কর্মকর্তার কর্তব্য হইবে, যথাঃ-(ক) তাহার নজরে আসিয","other_36_s39, other_36_s42_p0","own_search","answered","2"
"prot_0026_05","Sorup","VERIFY","আমার বয়স ২৮। গত ১ ফেব্রুয়ারি আমার বিয়ে হয় একজন সরকারি কর্মকর্তার সঙ্গে। বিয়ের ১০ দিনের মাথায় সে আমার কাছে মোটা অঙ্কের যৌতুক দাবি করে। আমি যৌতুক দিতে রাজি না হওয়ায় কিছুদিন পর সে আমাকে তালাকের নোটিশ পাঠায়। আমি যাতে মামলা না করি, সে জন্য প্রথমে আমার পরিবারকে সে বলে তার ভুল হয়েছে, আমাকে সে নিতে চায়। এভাবে তিন মাস পার হওয়ার পর সে আমাকে ও আমার পরিবারকে বিভিন্নভাবে হুমকি দেয় এবং আমার সম্পর্কে অশালীন কথা বলে। একইভাবে সে আমাকে দেনমোহরের টাকা থেকে বঞ্চিত করছে। আমি মামলা করতে চাইলেও আমার পরিবার রাজি হচ্ছে না। আর আমার একার পক্ষে বেসরকারিভাবে মামলা চালানোর টাকাও নেই। আমি কী করতে পরি? আমি আমার দেনমোহরের টাকা নিতে চাই। আর আমি কোথায় গেলে এই সুবিধা পাব জানাবেন? নাম প্রকাশে অনিচ্ছুক ঢাকা","1. <other_841_s76> [জেলা পরিষদ আইন, ২০০০, ধারা ৭৬] পরিষদের পক্ষে ও বিরুদ্ধে মামলা — (১) পরিষদের বিরুদ্ধে বা পরিষদ সংক্রান্ত কোন কাজের জন্য উহার কোন সদস্য বা কর্মকর্তা বা কর্মচারীর বিরুদ্ধে কোন ম
2. <other_725_s71> [খাগড়াছড়ি পার্বত্য জেলা পরিষদ আইন, ১৯৮৯, ধারা ৭১] পরিষদের পক্ষে ও বিপক্ষে মামলা — (১) পরিষদের বিরুদ্ধে বা পরিষদ সংক্রান্ত কোন কাজের জন্য উহার কোন সদস্য বা কর্মকর্তা বা কর্মচারীর বিরুদ্ধে কোন ম
3. <other_726_s71> [বান্দরবান পার্বত্য জেলা পরিষদ আইন, ১৯৮৯, ধারা ৭১] পরিষদের পক্ষে ও বিপক্ষে মামলা — (১) পরিষদের বিরুদ্ধে বা পরিষদ সংক্রান্ত কোন কাজের জন্য উহার কোন সদস্য বা কর্মকর্তা বা কর্মচারীর বিরুদ্ধে কোন ম
4. <other_724_s71> [রাংগামাটি পার্বত্য জেলা পরিষদ আইন, ১৯৮৯, ধারা ৭১] পরিষদের পক্ষে ও বিপক্ষে মামলা — (১) পরিষদের বিরুদ্ধে বা পরিষদ সংক্রান্ত কোন কাজের জন্য উহার কোন সদস্য বা কর্মকর্তা বা কর্মচারীর বিরুদ্ধে কোন ম
5. <local_government_827_s66> [উপজেলা পরিষদ আইন, ১৯৯৮, ধারা ৬৬] পরিষদের পক্ষে ও বিপক্ষে মামলা — (১) পরিষদের বিরুদ্ধে বা পরিষদ সংক্রান্ত কোন কাজের সূত্রে উহার কোন সদস্য বা কর্মকর্তা বা কর্মচারীর বিরুদ্ধে মাম
6. <women_children_1256_s3> [যৌতুক নিরোধ আইন, ২০১৮, ধারা ৩] যৌতুক দাবি করিবার দণ্ড — যদি বিবাহের কোনো এক পক্ষ, প্রত্যক্ষ বা পরোক্ষভাবে, বিবাহের অন্য কোনো পক্ষের নিকট কোনো যৌতুক দাবি করেন, তাহা হই
7. <other_788_s372_p1> [কোম্পানী আইন, ১৯৯৪, ধারা ৩৭২] অনিবন্ধিকৃত কোম্পানীর অবলুপ্তি — হয়; অথবা(আ) কোম্পানীর নিকট হইতে বা উহার সদস্য হিসাবে কোন ব্যক্তির নিকট হইতে প্রাপ্য বা প্রাপ্য বলিয়া কথিত কো
8. <other_1135_s53> [পায়রা বন্দর কর্তৃপক্ষ আইন, ২০১৩, ধারা ৫৩] মামলা দায়েরের সীমাবদ্ধতা — (১) কর্তৃপক্ষের বিরুদ্ধে মামলা দায়েরে ইচ্ছুক ব্যক্তির নাম ঠিকানাসহ মামলা দায়েরের কারণ সংবলিত লিখিত নোটিশ কর্
9. <other_1403_s56> [মোংলা বন্দর কর্তৃপক্ষ আইন, ২০২২, ধারা ৫৬] মামলা দায়েরের সীমাবদ্ধতা — (১) কর্তৃপক্ষের বিরুদ্ধে মামলা দায়েরে ইচ্ছুক ব্যক্তি, তাহার নাম ঠিকানাসহ মামলা দায়েরের কারণ সংবলিত লিখিত নোট
10. <consumer_1010_s86> [ট্রেডমার্ক আইন, ২০০৯, ধারা ৮৬] মামলা দায়েরের সময়সীমা — এই আইনের অধীন কোন অপরাধের জন্য মামলা দায়ের করা যাইবে না, যদি না অপরাধ সংঘটিত হইবার অনধিক ৩ (তিন) বৎসরের মধ্যে","family_1444_s5, other_834_s16","own_search","answered","2"
"ajke_0203_01","Sorup","VERIFY","গত বছর তিনি সেখানে স্ট্রোক করে মারা যান। তাঁর মৃত্যুর পর সন্তানকে নিয়ে ভাইয়ের বাসায় থাকি। কারণ, স্বামীর মৃত্যুর পর শ্বশুরবাড়ির লোকজন আমার সঙ্গে যোগাযোগ রাখেননি। এমনকি আমাদের খোঁজখবরও নেননি। জানার বিষয় হলো, স্বামী মারা যাওয়ার পর স্ত্রী আর সন্তানের সম্পত্তির অধিকার কতটুকু?","1. <labour_1285_s33> [বাংলাদেশ ইপিজেড শ্রম আইন, ২০১৯, ধারা ৩৩] মহিলা শ্রমিকের মৃত্যুর ক্ষেত্রে প্রসূতি কল্যাণ সুবিধা প্রদান — (১) এই অধ্যায়ের অধীন প্রসূতি কল্যাণ সুবিধা পাইবার অধিকারী কোনো মহিলা শ্রমিক সন্তান প্রসবকালে অথবা উহার পরবর্ত
2. <labour_952_s49> [বাংলাদেশ শ্রম আইন, ২০০৬, ধারা ৪৯] 1 [***] মৃত্যুর ক্ষেত্রে প্রসূতি কল্যাণ সুবিধা প্রদান — (১) এই অধ্যায়ের অধীন প্রসূতি কল্যাণ সুবিধা পাওয়ার অধিকারী কোন মহিলা সন্ত্মান প্রসবকালে অথবা উহার পরবর্তী আট 
3. <land_1455_s10> [ভূমি সংস্কার আইন, ২০২৩, ধারা ১০] বর্গাদারের মৃত্যুর পর বর্গাভূমির চাষ — (১) কোনো বর্গাদার বর্গাচুক্তির মেয়াদ শেষ হইবার পূর্বে মারা গেলে, উহার মেয়াদ শেষ না হওয়া পর্যন্ত অথবা এই আইন
4. <other_1266_s2_p2> [বাংলাদেশ মুক্তিযোদ্ধা কল্যাণ ট্রাস্ট আইন, ২০, ধারা ২] সংজ্ঞা — জামায়াতে ইসলামী এবং তাহাদের সহযোগী রাজাকার, আলবদর, আলশামস বাহিনীর বিরুদ্ধে গণপ্রজাতন্ত্রী বাংলাদেশের স্বাধীনত
5. <other_1429_s31> [আয়কর আইন, ২০২৩, ধারা ৩১] আয় একীভূতকরণ — (১) এই আইনে ভিন্নরূপ কিছু না থাকিলে, নিম্নবর্ণিত আয়সমূহ কোনো ব্যক্তির মোট আয়ের অন্তর্ভুক্ত হইবে, যথা:-(ক) উক
6. <labour_1285_s80> [বাংলাদেশ ইপিজেড শ্রম আইন, ২০১৯, ধারা ৮০] মারাত্মক দুর্ঘটনা সম্পর্কে মালিকের নিকট হইতে বিবৃতি তলবের ক্ষমতা — (১) যেক্ষেত্রে কোনো ইপিজেড শ্রম আদালত কোনো সূত্র হইতে এই খবর পায় যে, কোনো শ্রমিক তাহার চাকরি চলাকালে উহা হইতে
7. <other_1156_s25> [মেট্রোরেল আইন, ২০১৫, ধারা ২৫] ক্ষতিপূরণ প্রদান — মেট্রোরেল পরিচালনাকালে উহা হইতে উদ্ভূত দুর্ঘটনার ফলে যদি কোন ব্যক্তি আঘাতপ্রাপ্ত বা ক্ষতিগ্রস্ত হন বা আঘাতপ্রা
8. <other_1201_s27> [বাস র‍্যাপিড ট্রানজিট (বিআরটি) আইন, ২০১৬, ধারা ২৭] ক্ষতিপূরণ প্রদান — বিআরটি পরিচালনাকালে উহা হইতে উদ্ভূত দুর্ঘটনার ফলে যদি কোনো ব্যক্তি আঘাতপ্রাপ্ত বা ক্ষতিগ্রস্ত হন বা আঘাতপ্রাপ্
9. <labour_952_s157> [বাংলাদেশ শ্রম আইন, ২০০৬, ধারা ১৫৭] নোটিশ ও দাবী — (১) কোন শ্রম আদালত ৰতিপূরণের কোন দাবী বিবেচনায় আনিবে না যদি না দুর্ঘটনা ঘটিবার পর যতশীঘ্র সম্ভব এতদ্নিম্নে বর
10. <women_children_835_s13> [নারী ও শিশু নির্যাতন দমন আইন, ২০০০, ধারা ১৩] (১) অন্য কোন আইনে ভিন্নতর যাহা কিছুই থাকুক না কেন, ধর্ষণের কারণে কোন সন্তান জন্মলাভ করিলে-(ক) উক্ত সন্তানকে তা","other_173_s2","own_search","answered","1"
"prot_0084_07","Sorup","VERIFY","আমি এক ব্যক্তিকে হ্যান্ডনোটের মাধ্যমে আট লাখ টাকা ধার দিয়েছিলাম। তিনি ওই টাকা ফেরত না দেওয়ার কারণে আমি তাঁর নামে ৪০৬ ও ৪২০ ধারায় মামলা করি। মামলা শুনানি পর্যায়ে পৌঁছালে তিনি তাঁর উকিলের মাধ্যমে ১৫০ টাকার ননজুডিশিয়াল স্ট্যাম্পে আমার সঙ্গে একটা আপসরফা (কপি সংযুক্ত) সম্পাদন করেন, যাতে তাঁকে কিছু টাকা ছাড় দিয়ে কয়েক কিস্তিতে টাকা প্রদানের সুযোগ দেওয়া হয়। ওই আপসরফা দলিলে তাঁর উকিল দুই নম্বর সাক্ষী থাকেন, যা নোটারি করানো হয়। এরপর আপসরফার ভিত্তিতে আমাকে প্রথম কিস্তির টাকা দিলে মামলাটি তুলে নিই। কিন্তু পরবর্তী সময় তিনি আর কোনো টাকা না দেওয়ায় আমি তাঁর বিরুদ্ধে জজ কোর্টে অর্থ আদায়ের মামলা করি। উল্লেখ্য, আমার বিবাদীর উকিল যিনি ওই আপসরফার দুই নম্বর সাক্ষী ছিলেন, তিনি জজ কোর্টে বিবাদীর পক্ষে ওই মামলা পরিচালনা করছেন এবং আমার উকিলের আরজির জবাবে তিনি ওই আপসরফা দলিলে তাঁর মক্কেলের সইয়ের বিষয়টি সম্পূর্ণ অস্বীকার করেছেন। আমার প্রশ্ন, যেহেতু তিনি ওই আপসরফা দলিলের একজন সাক্ষী, সেহেতু তিনি নিজে এ মামলা পরিচালনা করতে পারেন কিনা এবং এটা তাঁর পেশাগত অসদাচরণের মধ্যে পড়ে কিনা? যদি উত্তর ইতিবাচক হয়, তবে এ বিষয়ে তাঁর বিরুদ্ধে আমি কোনো আইনি ব্যবস্থা নিতে পারি কিনা?খোন্দকার আসাদুজ্জামানখুলনা","1. <other_1091_s13> [পর্নোগ্রাফি নিয়ন্ত্রণ আইন, ২০১২, ধারা ১৩] মিথ্যা মামলা, অভিযোগ দায়ের ইত্যাদির দণ্ড — (১) এই আইনের অধীন ক্ষমতাপ্রাপ্ত কোন ব্যক্তি, কর্মকর্তা বা কর্তৃপক্ষ কোন ব্যক্তির ক্ষতিসাধনের অভিপ্রায়ে এই আইন
2. <other_1158_s26> [ফরমালিন নিয়ন্ত্রণ আইন, ২০১৫, ধারা ২৬] মিথ্যা বা হয়রানিমূলক মামলা দায়েরের দণ্ড — যদি কোন ব্যক্তি অপর কোন ব্যক্তির বিরুদ্ধে এই আইনের অধীন কোন অপরাধের বিষয়ে কোন মামলা দায়ের করেন এবং যদি তদন্ত
3. <other_1476_s171_p17> [কাস্টমস আইন, ২০২৩, ধারা ১৭১] অপরাধসমূহের জরিমানা বা দণ্ড — কোনো সংকেত বা সংবাদ পূর্বোল্লিখিত সংকেত বা সংবাদ কিনা, তাহা হইলে উহা প্রমাণ করিবার দায় বিবাদীর উপর বর্তাইবে।(
4. <consumer_1010_s107> [ট্রেডমার্ক আইন, ২০০৯, ধারা ১০৭] নিবন্ধক এবং অন্যান্য কর্মকর্তাকে নিবন্ধন বহি পেশ করিতে বাধ্য করা যাইবে না — নিবন্ধক বা ট্রেডমার্ক রেজিস্ট্রির অন্য কোন কর্মকর্তা কোন মামলা বা কার্যধারায় পক্ষ না হইলে, উক্ত মামলা বা কার্
5. <family_938_s9ক> [গ্রাম আদালত আইন, ২০০৬, ধারা ৯ক] (১) যদি কোন ব্যক্তি অন্য কোন ব্যক্তির ক্ষতিসাধনের অভিপ্রায়ে উক্ত ব্যক্তির বিরুদ্ধে এই আইনের অধীন মামলা করিবার
6. <tenancy_748_s23> [বাড়ী ভাড়া নিয়ন্ত্রণ আইন, ১৯৯১, ধারা ২৩] মানসম্মত ভাড়ার অতিরিক্ত ভাড়া আদায়ের দণ্ড — যদি কোন ব্যক্তি জ্ঞাতসারে-(ক) ধারা ৮ বা ধারা ৯ এ বিবৃত কারণ ব্যতিরেকে অন্য কোন কারণে মানসম্মত ভাড়া অপেক্ষা অধ
7. <other_831_s7_p2> [অর্থ আইন, ১৯৯৯, ধারা ৭] ১৯৯১ সনের ২২ নং আইন সংশোধন — কিছুই থাকুক না কেন, প্রতিষ্ঠিত নিবন্ধিত ব্যক্তির তেগত্রে, প্রতিষ্ঠিত নিবন্ধিত ব্যক্তি বিবেচিত হওয়ার বত্সরে এই
8. <other_1192_s31> [বাংলাদেশ সেতু কর্তৃপক্ষ আইন, ২০১৬, ধারা ৩১] শুনানি ব্যতীত মামলা নিস্পত্তির জন্য বিশেষ কার্যধারা — (১) এই আইন অথবা বিধি বা প্রবিধানের অধীন সংঘটিত কোন অপরাধ কোন আদালত কর্তৃক বিচারার্থে গৃহীত হইলে উক্ত আদালত কর্
9. <other_916_s13> [বিরোধ মীমাংসা (পৌর এলাকা) বোর্ড আইন, ২০০৪, ধারা ১৩] বোর্ড কর্তৃক সমন জারীর ক্ষমতা, ইত্যাদি — (১) এই আইনে ভিন্নরূপ কিছু না থাকিলে, ধারা ৪(১) এ বর্ণিত মামলা নিষ্পত্তির উদ্দেশ্যে বোর্ডের কোন কার্যক্রমেEvide
10. <other_896_s10> [দ্রুত বিচার ট্রাইব্যুনাল আইন, ২০০২, ধারা ১০] মামলা নিষ্পত্তির মেয়াদ — (১) দ্রুত বিচার ট্রাইব্যুনালে স্থানান্তরিত কোন মামলা স্থানান্তরের তারিখ হইতে নব্বই কার্য দিবসের মধ্যে নিষ্পত্ত","other_387_s32","own_search","answered","2"
"lawy_0376_01","Sorup","VERIFY","নারী ও শিশু নির্যাতনের মামলা কখন, কোথায়, কেন এবং কিভাবে করবেন?","1. <women_children_1119_s16> [শিশু আইন, ২০১৩, ধারা ১৬] (১) আইনের সহিত সংঘাত জড়িত শিশু কর্তৃক সংঘটিত যে কোনো অপরাধের বিচার করিবার জন্য, প্রত্যেক জেলা সদরে শিশু-আদালত
2. <other_1248_s9> [ওয়েজ আর্নার্স কল্যাণ বোর্ড আইন, ২০১৮, ধারা ৯] নারী অভিবাসী কর্মীদের কল্যাণে বিশেষ দায়িত্ব — নারী অভিবাসী কর্মীদের কল্যাণে বোর্ডের বিশেষ দায়িত্ব হইবে নিম্নরূপ, যথা :-(ক) বিদেশে কর্মরত কোনো নারী অভিবাসী 
3. <women_children_835_s34> [নারী ও শিশু নির্যাতন দমন আইন, ২০০০, ধারা ৩৪] ১৯৯৫ সনের ১৮ নং আইনের রহিতকরণ ও হেফাজত — (১) নারী ও শিশু নির্যাতন (বিশেষ বিধান) আইন, ১৯৯৫ (১৯৯৫ সনের ১৮ নং আইন), অতঃপর উক্ত আইন বলিয়া উল্লিখিত, এতদ্বা
4. <women_children_835_s14> [নারী ও শিশু নির্যাতন দমন আইন, ২০০০, ধারা ১৪] সংবাদ মাধ্যমে 1 [নির্যাতনের শিকার] নারী ও শিশুর পরিচয় প্রকাশের ব্যাপারে বাধা-নিষেধ — (১) এই আইনে বর্ণিত অপরাধের শিকার হইয়াছেন এইরূপ নারী বা শিশুর ব্যাপারে সংঘটিত অপরাধ বা তত্সম্পর্কিত আইনগত কার্
5. <women_children_835_s26> [নারী ও শিশু নির্যাতন দমন আইন, ২০০০, ধারা ২৬] নারী ও শিশু নির্যাতন দমন ট্রাইব্যুনাল — (১) এই আইনের অধীন অপরাধ বিচারের জন্য প্রত্যেক জেলা সদরে একটি করিয়া ট্রাইব্যুনাল থাকিবে এবং প্রয়োজনে সরকার উক
6. <women_children_835_s7> [নারী ও শিশু নির্যাতন দমন আইন, ২০০০, ধারা ৭] নারী ও শিশু অপহরণের শাস্তি — যদি কোন ব্যক্তি10[মানব পাচার প্রতিরোধ ও দমন আইন, ২০১২(২০১২ সনের ৩ নং আইন) এর ধারা ৩ ও ৬ এ উল্লিখিত] কোন অপরাধ 
7. <women_children_1119_s23> [শিশু আইন, ২০১৩, ধারা ২৩] শিশু-আদালতের অধিবেশনে উপস্থিতির অনুমতিপ্রাপ্ত ব্যক্তি — এই আইনের বিধান সাপেক্ষে, নিম্নবর্ণিত ব্যক্তিগণ ব্যতীত অন্য কোন ব্যক্তি শিশু-আদালতের অধিবেশনে উপস্থিত থাকিতে পা
8. <other_1153_s6> [উপানুষ্ঠানিক শিক্ষা আইন, ২০১৪, ধারা ৬] উপানুষ্ঠানিক শিক্ষার পরিধি — উপানুষ্ঠানিক শিক্ষার পরিধি হইবে নিম্নরূপ, যথা:-(ক) যে সকল শিশু বিভিন্ন কারণে প্রাথমিক বিদ্যালয়ে আনুষ্ঠানিক শি
9. <women_children_1119_s25> [শিশু আইন, ২০১৩, ধারা ২৫] শিশু ব্যতীত অন্য সকল ব্যক্তিকে শিশু-আদালত হইতে প্রত্যাহার — (১) শিশু-আদালত প্রয়োজন মনে করিলে, কোন মামলা শুনানিকালে, শিশুর সর্বোত্তম স্বার্থে সংশ্লিষ্ট শিশু ব্যতীত ধারা ২
10. <other_1684_s42> [মানব পাচার ও অভিবাসী চোরাচালান প্রতিরোধ ও দম, ধারা ৪২] রুদ্ধদ্বার কক্ষে বিচার — ন্যায় বিচারের স্বার্থে এবং নারী বা শিশু ভিকটিমের সুরক্ষার প্রয়োজনে ট্রাইব্যুনাল, কারণ উল্লেখ করিয়া এই আইনের","women_children_835_s27, women_children_835_s26","own_search","answered","2"
"prot_0105_04","Sorup","VERIFY","তৃতীয় প্রশ্ন হচ্ছে, লেখকের প্রথম দিকের কিছু বই গুলতেকিনের নামে করা হলেও পরের সংস্করণে শাওন বা অন্যদের নামে দেওয়া হয়েছে। এ ক্ষেত্রে কে এই স্বত্ব পাবে?","1. <other_922_s28> [জাতীয় সংসদ (সংরক্ষিত মহিলা আসন) নির্বাচন আইন, ধারা ২৮] আসন বণ্টন ও ভোট গণনার পদ্ধতির নমুনা — (১) এই আইন অনুযায়ী রাজনৈতিক দল বা জোটের অনুকূলে আসন বণ্টনের পদ্ধতির নমুনা প্রথম তফসিলে দেওয়া হইয়াছে।(২) এই 
2. <other_770_s3> [বাংলাদেশ উন্মুক্ত বিশ্ববিদ্যালয় আইন, ১৯৯২, ধারা ৩] বিশ্ববিদ্যালয় — (১) এই আইনের বিধান অনুযায়ী বাংলাদেশ উন্মুক্ত বিশ্ববিদ্যালয় নামে একটি বিশ্ববিদ্যালয় স্থাপিত হইবে।(২) বিশ্ববি
3. <other_746_s3> [খুলনা বিশ্ববিদ্যালয় আইন, ১৯৯০, ধারা ৩] বিশ্ববিদ্যালয় — (১) এই আইনের বিধান অনুযায়ী খুলনায় খুলনা বিশ্ববিদ্যালয় নামে একটি বিশ্ববিদ্যালয় স্থাপিত হইবে।(২) বিশ্ববিদ্যা
4. <other_706_s3> [শাহ্‌জালাল বিজ্ঞান ও প্রযুক্তি বিশ্ববিদ্যালয়, ধারা ৩] বিশ্ববিদ্যালয় — (১) এই আইনের বিধান অনুসারে সিলেটে শাহ্জালাল বিজ্ঞান ও প্রযুক্তি বিশ্ববিদ্যালয় নামে একটি বিশ্ববিদ্যালয় স্থাপি
5. <other_609_s3> [ইসলামী বিশ্ববিদ্যালয় আইন, ১৯৮০, ধারা ৩] বিশ্ববিদ্যালয় — (১) এই আইনের বিধান অনুযায়ী7[ ***] একটি বিশ্ববিদ্যালয় স্থাপিত হইবে, যাহা ইসলামী বিশ্ববিদ্যালয় নামে অভিহিত হই
6. <other_1413_s21> [সরকারি ঋণ আইন, ২০২২, ধারা ২১] সরকারি সিকিউরিটি বা জাতীয় সঞ্চয় স্কীমের আওতায় ইস্যুকৃত সার্টিফিকেটের স্বত্ব লইয়া প্রশ্ন উত্থাপিত হইলে উহা নিরসনের সংক্ষিপ্ত প্রক্রিয়া — (১) একাধিক ব্যক্তি বাংলাদেশ ব্যাংক বা, ক্ষেত্রমত, জাতীয় সঞ্চয় অধিদপ্তরের নিকট সরকারি সিকিউরিটি বা জাতীয় সঞ্
7. <other_769_s5> [জাতীয় বিশ্ববিদ্যালয় আইন, ১৯৯২, ধারা ৫] বিশ্ববিদ্যালয় — (১) এই আইনের বিধান অনুযায়ী গাজীপুরে জাতীয় বিশ্ববিদ্যালয় (National University) নামে একটি বিশ্ববিদ্যালয় স্থা
8. <money_recovery_876_s72> [সমবায় সমিতি আইন, ২০০১, ধারা ৭২] ক্রেতার স্বত্ব সম্পর্কে প্রশ্ন উত্থাপন করা যাইবে না — ধারা ৬২ এর অধীনে কোন সম্পত্তি বিক্রয় করা হইলে এবং ধারা ৬৭ (২)(খ) এর অধীনে উক্ত বিক্রয় চূড়ান্ত করা হইলে বন্ধ
9. <other_1483_s5ক> [পরিত্যক্ত বাড়ি (সম্পূরক বিধানাবলি) আইন, ২০২৩, ধারা ৫ক] পরিত্যক্ত সম্পত্তির ‘ক’ বা ‘খ’ তালিকার যে সকল বাড়ি সরকার কর্তৃক বিক্রয়মূল্যে হস্তান্তর করা হইয়াছে বা হইবে স
10. <other_933_s3> [জগন্নাথ বিশ্ববিদ্যালয় আইন, ২০০৫, ধারা ৩] জগন্নাথ বিশ্ববিদ্যালয় স্থাপন — (১) এই আইনের বিধান অনুযায়ী জগন্নাথ সরকারী কলেজকে রূপান্তরপূর্বক উক্ত কলেজ ক্যাম্পাসে জগন্নাথ বিশ্ববিদ্যালয় (","consumer_1452_s16, consumer_1452_s15","own_search","answered","1"
"prot_0058_04","Sorup","VERIFY","আমি স্নাতক প্রথম বর্ষে পড়ছি। দশম শ্রেণীতে পড়া অবস্থায় এক ছেলের সঙ্গে আমার সম্পর্ক হয়। মাধ্যমিক পরীক্ষার কিছুদিন আগে আমরা বিয়ে করি এবং এ কথা দুই পরিবারের কাছে গোপন রাখি। বিয়ের পরও ছেলেটির একাধিক মেয়ের সঙ্গে প্রেমের সম্পর্ক ছিল। অবশেষে আমি বাধ্য হয়ে ২০১০ সালের ডিসেম্বর মাসে তাকে তালাকনামা পাঠাই। তালাকনামায় আদালতের কোনো স্বাক্ষর ছিল না কিংবা কোনো নির্দেশনা ছিল না। দুর্ভাগ্যবশত, তালাকনামাটি তার বাসায় পৌঁছালেও ছেলেটি বাসায় না থাকায় তালাকনামাটি কাজি অফিসে ফেরত আসে। ২০১১ সালের আগস্ট মাসে তাকে জোর করে কাজি অফিসে নিয়ে সই করাই। উল্লেখ্য, ১৯৬১ সালের মুসলিম পারিবারিক আইনের ৭(১) ধারামতে, তালাকনামায় শুধু ইউপি-থানা কর্তৃক মুসলিম বিবাহ নিবন্ধকের সিল ছিল।কাজি আমাকে বলেছেন, তালাক হয়ে গেছে। কিন্তু ছেলেটি বলছে, তালাক দেওয়ার তিন মাসের মধ্যে তালাকনামায় স্বাক্ষর না করলে তালাক হয় না। কথাটি কি ঠিক?উত্তরানাম প্রকাশে অনিচ্ছুক","1. <family_1444_s26> [পারিবারিক আদালত আইন, ২০২৩, ধারা ২৬] মুসলিম পারিবারিক আইনের বিধানকে প্রভাবিত না করা — (১) এই আইনের কোনো কিছুই মুসলিম পরিবারিক আইন অথবা তদধীন প্রণীত বিধিমালার কোনো বিধানকে প্রভাবিত করিবে না।(২) যেক
2. <women_children_1256_s2> [যৌতুক নিরোধ আইন, ২০১৮, ধারা ২] সংজ্ঞা — বিষয় বা প্রসঙ্গের পরিপন্থি কোনো কিছু না থাকিলে,-(ক) ‘‘পক্ষ’’ অর্থ এই আইনের উদ্দেশ্য পূরণকল্পে, বিবাহের বর বা 
3. <family_1444_s5> [পারিবারিক আদালত আইন, ২০২৩, ধারা ৫] পারিবারিক আদালতের এখতিয়ার — মুসলিম পারিবারিক আইনের বিধানাবলি সাপেক্ষে, পারিবারিক আদালতে নিম্নরূপ সকল বা যেকোনো বিষয় সম্পর্কিত বা উহা হইতে
4. <other_1110_s2> [১৯৭৫ সালের ১৫ আগস্ট  হইতে ১৯৭৯ সালের ৯ এপ্রি, ধারা ২] সংজ্ঞা — বিষয় বা প্রসঙ্গের পরিপন্থী কোন কিছু না থাকিলে, এই আইনে -(ক) ‘‘অধ্যাদেশ’’ অর্থ ১৯৭৫ সালের ১৫ আগস্ট হইতে ১৯৭৯ স
5. <other_1048_s2> [নির্দিষ্টকরণ আইন, ২০১০, ধারা ২] ২০১০-২০১১ অর্থ বৎসরের জন্য সংযুক্ত তহবিল হইতে ১৯৯৮৭৩,৬৫,৩৮,০০০ টাকা প্রদান — ২০১১ সালের ৩০ জুন তারিখে সমাপ্য অর্থ বৎসরে যেই সকল ব্যয় হইতে পারে সেই সকল ব্যয় নির্বাহের জন্য এই আইনের তফসিল
6. <other_1110_s4> [১৯৭৫ সালের ১৫ আগস্ট  হইতে ১৯৭৯ সালের ৯ এপ্রি, ধারা ৪] কতিপয় অধ্যাদেশের কার্যকারিতা প্রদান — ১৯৭৫ সালের ১৫ আগস্ট হইতে ১৯৭৯ সালের ৯ এপ্রিল তারিখ পর্যন্ত (উভয় দিনসহ) সময়ের মধ্যে জারীকৃত -(ক) তফসিলভুক্ত অ
7. <other_1658_s2> [জুলাই গণঅভ্যুত্থান (সুরক্ষা ও দায় নির্ধারণ) , ধারা ২] সংজ্ঞা — বিষয় বা প্রসঙ্গের পরিপন্থি কোনো কিছু না থাকিলে, এই আইনে— (ক) “গণঅভ্যুত্থানকারী” অর্থ জুলাই গণঅভ্যুত্থানের পক্
8. <other_609_s51> [ইসলামী বিশ্ববিদ্যালয় আইন, ১৯৮০, ধারা ৫১] (১) বাংলাদেশ মাদ্রাসা শিক্ষা বোর্ডের আওতাধীন ২০০৫-২০০৬ শিক্ষাবর্ষে ফাজিল ও কামিল মাদ্রাসায়-(ক) যে সকল ছাত্র-ছ
9. <other_1429_s314> [আয়কর আইন, ২০২৩, ধারা ৩১৪] মিথ্যা সনদপত্রের দণ্ড — যদি কোনো ব্যক্তি এই আইনের অধীন এইরূপ কোনো সনদপত্র স্বাক্ষর বা জারি করেন, যাহা তিনি মিথ্যা বলিয়া জানেন বা বিশ্
10. <other_788_s346_p0> [কোম্পানী আইন, ১৯৯৪, ধারা ৩৪৬] নিষ্ক্রিয় (defunct) কোম্পানীর নাম নিবন্ধন বহি হইতে কাটিয়া দেওয়া — (১) যেক্ষেত্রে রেজিষ্ট্রারের এইরূপ বিশ্বাস করিবার যুক্তিসংগত কারণ থাকে যে, কোন একটি কোম্পানী ব্যবসা করিতেছে না","family_305_s8, family_305_s7","own_search","answered","2"
"lawy_0382_01","Sorup","VERIFY","মৃত ব্যক্তির ব্যাংক হিসাবে গচ্ছিত টাকা কে পাবে, নমিনী না ওয়ারিশ?","1. <other_1429_s194> [আয়কর আইন, ২০২৩, ধারা ১৯৪] মৃত ব্যক্তির ক্ষেত্রে আয়কর নির্ধারণ — (১) কোনো ব্যক্তি মৃত্যুবরণ করিলে, তাহার আইনগত প্রতিনিধি এই আইনের অধীন প্রদেয় কোনো কর বা অন্য কোনো অর্থ প্রদান
2. <consumer_1010_s92> [ট্রেডমার্ক আইন, ২০০৯, ধারা ৯২] মামলার কোন পক্ষের মৃত্যু — যদি এই আইনের অধীন কোন কার্যধারা বিচারাধীন থাকা অবস্থায় কোন পক্ষ মারা যান, তাহা হইলে নিবন্ধক সংশ্লিষ্ট কোন পক্
3. <other_1413_s16> [সরকারি ঋণ আইন, ২০২২, ধারা ১৬] মৃত ধারকের জন্য প্রযোজ্য সংক্ষিপ্ত প্রক্রিয়া — ধারা ১৪ এ যাহা কিছুই থাকুক না কেন, সর্বমোট প্রদেয় মূল্যমান ১ (এক) লক্ষ টাকার ঊর্ধ্বে নয় এইরূপ সরকারি সিকিউরি
4. <consumer_1010_s11> [ট্রেডমার্ক আইন, ২০০৯, ধারা ১১] জীবিত বা মৃত ব্যক্তির নাম ব্যবহার — কোন ট্রেডমার্ক নিবন্ধনের আবেদনের সহিত কোন জীবিত ব্যক্তি বা আবেদন দাখিলের পূর্ববর্তী ২০ (বিশ) বৎসরের মধ্যে মৃত 
5. <other_1088_s8> [মানিলন্ডারিং প্রতিরোধ আইন, ২০১২, ধারা ৮] মিথ্যা তথ্য প্রদানের দণ্ড — (১) কোন ব্যক্তি জ্ঞাতসারে অর্থের উৎস বা নিজ পরিচিতি বা হিসাব ধারকের পরিচিতি সম্পর্কে বা কোন হিসাবের সুবিধাভোগী
6. <money_recovery_901_s36> [অর্থ ঋণ আদালত আইন, ২০০৩, ধারা ৩৬] তৃতীয় পক্ষ হইতে ডিক্রীর টাকা আদায় — (১) যদি ডিক্রীদার আদালতকে দরখাস্ত দ্বারা অবহিত করে যে, কোন একজন ব্যক্তির নিকট হইতে দায়িক টাকা পাওনা আছে, তাহা
7. <other_788_s360> [কোম্পানী আইন, ১৯৯৪, ধারা ৩৬০] কোন বিদ্যমান সীমিতদায় কোম্পানী হিসাবে নিবন্ধিকৃত হওয়ার জন্য বিদ্যমান ব্যাংক কোম্পানী কর্তৃক নোটিশ দান — (১) এই আইন প্রবর্তনের সময় বিদ্যমান ছিল এইরূপ কোন ব্যাংক কোম্পানী যদি একটি সীমিতদায় কোম্পানী হিসাবে নিবন্ধিকৃ
8. <other_1472_s2_p2> [বাংলাদেশ পেটেন্ট আইন, ২০২৩, ধারা ২] সংজ্ঞা — এবং(ঘ) যাহা এইরূপে প্রকাশিত হইয়াছে যে, সাধারণ দক্ষতাসম্পন্ন কোনো ব্যক্তি কোনোরূপ উদ্ভাবনী কার্যক্রমে নিয়োজিত
9. <labour_1285_s18> [বাংলাদেশ ইপিজেড শ্রম আইন, ২০১৯, ধারা ১৮] মৃত্যুজনিত ক্ষতিপূরণ — যদি কোনো শ্রমিক কোনো মালিকের অধীন অবিচ্ছিন্নভাবে অন্তত ১ (এক) বৎসরের অধিককাল চাকরিরত থাকা অবস্থায় মৃত্যুবরণ ক
10. <labour_952_s19> [বাংলাদেশ শ্রম আইন, ২০০৬, ধারা ১৯] যদি কোন শ্রমিক কোন মালিকের অধীন অবিচ্ছিন্নভাবে অন্ততঃ ০২(দুই) বৎসরের অধিককাল চাকুরীরত থাকা অবস্থায় মৃত্যুবরণ ","other_751_s103","own_search","answered","2"
"prot_0069_01","Sorup","VERIFY","নবম শ্রেণীতে পড়ার সময় একটি ছেলের সঙ্গে প্রেমের সম্পর্কে জড়িয়ে পড়ি। সে আমাকে বিয়ের প্রস্তাব দেয়। কিন্তু আমি রাজি হইনি। আমি বলেছি, পড়াশোনা শেষ করে বিয়ে করব। সে তখনই আমাকে একটা কাগজ দেয়। কাগজের ওপর লেখা ছিল হলফনামা। মাঝখানে আমাদের দুজনের পরিচিতি, অবশেষে দুজনের স্বাক্ষর। বিয়েসংক্রান্ত কিছু কথা লেখা ছিল। তবে আমার বয়স ১৪ থেকে বাড়িয়ে ২০ লেখা হয়েছিল, ওর প্রকৃত বয়স ২৮ থেকে কমিয়ে ২৫ লেখা হয়েছিল। আমি এখন পড়াশোনার প্রায় শেষ পর্যায়ে আছি। মা-বাবা বিয়ের জন্য বলছেন। আমি মা-বাবাকে কিছু বলতে পারছি না ভয়ে। তাঁরা এ সম্পর্ক মেনে নেবেন না। মূল কাগজটি ছেলের কাছে আছে। তার কাছে আমার কিছু ছবিও আছে। আমরা দুজনই হিন্দু ধর্মাবলম্বী। আমি যে স্বাক্ষর দিয়েছি তা আমি ছাড়া কেউ দেখেনি। আবার তার স্বাক্ষর দেওয়াও আমি দেখিনি। আমার প্রশ্ন, ওই হলফনামায় স্বাক্ষর দেওয়ার মাধ্যমে কি আমার বিয়ে হয়েছে? ভবিষ্যতে কি এ কাগজ দিয়ে সে আমাকে আইনি সমস্যায় ফেলতে পারবে? স্বাক্ষর দেওয়ার মাধ্যমে বিয়ে হয়ে থাকলে আমার আইনি কী ব্যবস্থা গ্রহণ করা উচিত? আর বিয়ে না হয়ে থাকলে কী ব্যবস্থা গ্রহণ করা উচিত, বিস্তারিত জানালে কৃতজ্ঞ থাকব। উল্লেখ্য, আমি ছেলেটার সঙ্গে সংসার করতে চাচ্ছি না।নাম প্রকাশে অনিচ্ছুক","1. <other_1476_s212> [কাস্টমস আইন, ২০২৩, ধারা ২১২] কতিপয় ক্ষেত্রে দলিলপত্র সম্পর্কে পূর্বানুমান (presumption) — যে ক্ষেত্রে কোনো ব্যক্তি এই আইনের অধীন কোনো দলিলপত্র উপস্থাপন করেন অথবা কোনো ব্যক্তির তত্ত্বাবধান বা নিয়ন্ত্র
2. <other_788_s39> [কোম্পানী আইন, ১৯৯৪, ধারা ৩৯] হস্তান্তর প্রত্যয়ন — (১) কোম্পানীর শেয়ার বা ডিবেঞ্চার হস্তান্তর-দলিল কোম্পানী কর্তৃক প্রত্যয়নকৃত হইলে, তৎসম্পর্কে যে কোন ব্যক্তির
3. <family_1105_s11> [হিন্দু বিবাহ নিবন্ধন আইন, ২০১২, ধারা ১১] নিবন্ধন বহি সংরক্ষণ, ইত্যাদি — (১) প্রত্যেক হিন্দু বিবাহ নিবন্ধক নির্ধারিত ফরম ও পদ্ধতিতে নিবন্ধন বহি সংরক্ষণ করিবেন।(২) প্রত্যেক হিন্দু বিবা
4. <cybercrime_950_s44> [তথ্য ও যোগাযোগ প্রযুক্তি আইন, ২০০৬, ধারা ৪৪] গ্রাহকের নিরাপত্তা ব্যবস্থার নিয়ন্ত্রণ — (১) প্রত্যেক গ্রাহক তাহার ইলেক্ট্রনিক স্বাক্ষর সার্টিফিকেট প্রদান প্রক্রিয়ায় নিরাপত্তা বজায় রাখিতে যত্নবান 
5. <other_751_s35_p3> [ব্যাংক-কোম্পানী আইন, ১৯৯১, ধারা ৩৫] অদাবীকৃত আমানত এবং মূল্যবান সামগ্রী — লিখিত কোন চিঠির উপর ঠিকানা লেখা, ডাক টিকিট লাগানো এবং উহা ডাকযোগে প্রেরণের জন্য দায়িত্বসম্পন্ন কর্মচারীর দস্ত
6. <other_1392_s2_p0> [ব্যাংকার বহি সাক্ষ্য আইন, ২০২১, ধারা ২] সংজ্ঞা — (১) বিষয় বা প্রসঙ্গের পরিপন্থি কোনো কিছু না থাকিলে, এই আইনে-(ক) ‘আইনি কার্যক্রম (legal proceedings)’ অর্থ এই 
7. <other_788_s346_p0> [কোম্পানী আইন, ১৯৯৪, ধারা ৩৪৬] নিষ্ক্রিয় (defunct) কোম্পানীর নাম নিবন্ধন বহি হইতে কাটিয়া দেওয়া — (১) যেক্ষেত্রে রেজিষ্ট্রারের এইরূপ বিশ্বাস করিবার যুক্তিসংগত কারণ থাকে যে, কোন একটি কোম্পানী ব্যবসা করিতেছে না
8. <other_1169_s34> [ফাইনান্সিয়াল রিপোর্টিং আইন, ২০১৫, ধারা ৩৪] অননুমোদিত নিরীক্ষা চর্চা — (১) জনস্বার্থ সংস্থা এমন কোন ব্যক্তিকে নিরীক্ষা কার্যে নিয়োজিত করিবে না, যাহার তালিকাভুক্তি কাউন্সিল কর্তৃক স
9. <cybercrime_950_s17> [তথ্য ও যোগাযোগ প্রযুক্তি আইন, ২০০৬, ধারা ১৭] নিরাপদ ইলেক্ট্রনিক স্বাক্ষর — (১) সংশ্লিষ্ট পক্ষগণের সম্মতিতে কোন নিরাপত্তা ব্যবস্থা প্রয়োগের মাধ্যমে যদি যাচাই করা যায় যে, ইলেক্ট্রনিক স্
10. <cybercrime_950_s42> [তথ্য ও যোগাযোগ প্রযুক্তি আইন, ২০০৬, ধারা ৪২] ইলেক্ট্রনিক স্বাক্ষর সার্টিফিকেট গ্রহণ — (১) কোন গ্রাহক কর্তৃক কোন ইলেক্ট্রনিক স্বাক্ষর সার্টিফিকেট গৃহীত হইয়াছে বলিয়া গণ্য হইবে, যদি তিনি স্বয়ং বা ","family_1105_s3","own_search","answered","1"
"prot_0078_04","Sorup","VERIFY","আমার বিয়ে হয়েছে সাত বছর হলো। একটি সন্তান আছে। বয়স পাঁচ বছর। দুই মাস হলো আমার স্বামী দ্বিতীয় বিয়ে করেছে। এখন আমার স্বামীর কথাবার্তা, চালচলন আগের মতো নেই। তাকে আমি অনেকবার জিজ্ঞেস করেছি দ্বিতীয় বিয়ের ব্যাপারে। কিন্তু সে স্বীকার করেনি। আমাদের গ্রামে এলাকাবাসীর মুখে মুখে রটে গেছে তার দ্বিতীয় বিয়ের কথা। আমার স্বামী অস্বীকার করলেও বিষয়টি সত্য। বিশ্বস্ত সূত্রে তার দ্বিতীয় স্ত্রীর বাবার বাড়ি খুঁজে বের করা হয়েছে। সে বর্তমানে তার বাবার বাড়িতে থাকে। আমার স্বামী দ্বিতীয় বিয়ে করেছে, এটা মেনে নেওয়া আমার পক্ষে অসম্ভব। তার সঙ্গে সংসার করার কোনো ইচ্ছে আমার নেই। বিষয়টি আমি আমার বাবাকে জানিয়েছি। এক সপ্তাহ হলো আমি আমার বাবার বাড়িতে এসেছি। এখন আমি তার বিরুদ্ধে মামলা করতে চাই। তাকে এর পরিণাম বুঝিয়ে দিতে চাই। মামলা করব, তা করতে পারছি না। আমার কাছে কোনো প্রমাণ নেই। তার দ্বিতীয় বিয়ের কাবিননামা না পেলে কীভাবে মামলা করব? এখন আমি কীভাবে আইনের আশ্রয় নিতে পারি?নাম-ঠিকানা প্রকাশে অনিচ্ছুক","1. <consumer_1452_s106> [কপিরাইট আইন, ২০২৩, ধারা ১০৬] দ্বিতীয় বা পরবর্তী অপরাধের জন্য দণ্ড — যদি কোনো ব্যক্তি এই আইনের অধীন দন্ডিত হইয়া পুনরায় অনুরূপ কোনো অপরাধে দোষী হন তা হইলে তিনি দ্বিতীয় এবং পরবর্
2. <labour_952_s82> [বাংলাদেশ শ্রম আইন, ২০০৬, ধারা ৮২] কতিপয় ব্যাধি সম্পর্কে নোটিশ — (১) যে ক্ষেত্রে দ্বিতীয় তফসিলে উল্লিখিত ব্যাধি দ্বারা কোন প্রতিষ্ঠানে কোন শ্রমিক আক্রান্ত হন, সে ক্ষেত্রে মাল
3. <other_1136_s35> [ভৌগোলিক নির্দেশক পণ্য (নিবন্ধন ও সুরক্ষা) আই, ধারা ৩৫] দ্বিতীয় বা পরবর্তী অপরাধের ক্ষেত্রে দণ্ড — যদি কোন ব্যক্তি এই আইনের অধীন একই অপরাধ দ্বিতীয় বা পরবর্তীতে সংঘটন করেন, তাহা হইলে তিনি অনূর্ধ্ব ৫ (পাঁচ) বৎস
4. <other_1266_s2_p2> [বাংলাদেশ মুক্তিযোদ্ধা কল্যাণ ট্রাস্ট আইন, ২০, ধারা ২] সংজ্ঞা — জামায়াতে ইসলামী এবং তাহাদের সহযোগী রাজাকার, আলবদর, আলশামস বাহিনীর বিরুদ্ধে গণপ্রজাতন্ত্রী বাংলাদেশের স্বাধীনত
5. <local_government_827_s66> [উপজেলা পরিষদ আইন, ১৯৯৮, ধারা ৬৬] পরিষদের পক্ষে ও বিপক্ষে মামলা — (১) পরিষদের বিরুদ্ধে বা পরিষদ সংক্রান্ত কোন কাজের সূত্রে উহার কোন সদস্য বা কর্মকর্তা বা কর্মচারীর বিরুদ্ধে মাম
6. <other_1037_s128> [বীমা আইন, ২০১০, ধারা ১২৮] দ্বিতীয় জরিপ৷ — (১) কর্তৃপক্ষের নিকট যদি এইরূপ বিশ্বাস করিবার কারণ থাকে, কোন বীমা জরিপকারী মিথ্যা প্রতিবেদন দাখিল করিয়াছে বা 
7. <other_918_s62> [অর্থ আইন, ২০০৪, ধারা ৬২] ১৯৯১ সনের ২২নং আইনের দ্বিতীয় তফসিলের প্রতিস্থাপন — মূল্য সংযোজন কর আইনের দ্বিতীয় তফসিলের পরিবর্তে এই আইনের তফসিল ৫ এ বর্ণিত দ্বিতীয় তফসিল প্রতিস্থাপিত হইবে।
8. <family_938_s3> [গ্রাম আদালত আইন, ২০০৬, ধারা ৩] গ্রাম আদালত কর্তৃক বিচারযোগ্য মামলা — (১) ফৌজদারী কার্যবিধি এবং দেওয়ানী কার্যবিধিতে যাহা কিছুই থাকুক না কেন তফসিলের প্রথম অংশে বর্ণিত বিষয়াবলী সম্
9. <other_838_s105> [অর্থ আইন, ২০০০, ধারা ১০৫] ১৯৯১ সনের ২২ নং আইনের দ্বিতীয় তফসিলের প্রতিস্থাপন — মূল্য সংযোজন কর আইন এর দ্বিতীয় তফসিলের পরিবর্তে এই আইনের তফসিল-৫ এ বর্ণিত দ্বিতীয় তফসিল প্রতিস্থাপিত হইবে।
10. <family_938_s6ক> [গ্রাম আদালত আইন, ২০০৬, ধারা ৬ক] Limitation Act, 1908(Act No IX of 1908) এ যাহা কিছুই থাকুক না কেন, তফসিলের-(ক) প্রথম অংশে বর্ণিত ফৌজদারী মামলা","family_305_s6, family_476_s13","own_search","answered","2"
"prot_0075_02","Sorup","VERIFY","আমার দাদার সঙ্গে বিয়ে হওয়ার আগে দাদির আর একটি বিয়ে হয়েছিল। সেখানে একটা ছেলের জন্ম হয়েছিল। ছেলেটির জন্মের পর দাদির তালাক হয়ে যায়। তারপর আমার দাদার সঙ্গে বিয়ে হয়। বিয়ে হওয়ার পর আমার বাবা এবং পাঁচ ফুপুর জন্ম হয়। এবং দাদির আগের পক্ষের ছেলেটাও দাদির বিয়ের সময় দাদির সঙ্গে চলে আসে। আমার দাদা আপন ছেলের মতো তার ভরণপোষণ করেন। সেই ছেলেটি তাঁর তিন ছেলে ও এক মেয়ে রেখে ১৯৮৮ সালে মারা যান। তারপর আমার দাদা ২০০০ সালে ৩০ শতাংশ জমি দাদিকে লিখে দেন। দাদি গত ফেব্রুয়ারি মাসে মারা যান। আমার প্রশ্ন হলো, দাদির নামে থাকা ৩০ শতাংশ জমির বণ্টন কীভাবে হবে? দাদির আগের পক্ষের ছেলের উত্তরাধিকারীরা কি এই জমি পাবে?","1. <consumer_1010_s92> [ট্রেডমার্ক আইন, ২০০৯, ধারা ৯২] মামলার কোন পক্ষের মৃত্যু — যদি এই আইনের অধীন কোন কার্যধারা বিচারাধীন থাকা অবস্থায় কোন পক্ষ মারা যান, তাহা হইলে নিবন্ধক সংশ্লিষ্ট কোন পক্
2. <other_1037_s48_p0> [বীমা আইন, ২০১০, ধারা ৪৮] বীমাকারীর কার্যক্রম তদন্ত ৷ — (১) কর্তৃপক্ষ এই আইনের অধীনে নিবন্ধীকৃত কোন বীমাকারীর পরিচালিত ব্যবসার সম্পূর্ণ বা আংশিক তদন্ত শুরু করিতে পারি
3. <labour_952_s49> [বাংলাদেশ শ্রম আইন, ২০০৬, ধারা ৪৯] 1 [***] মৃত্যুর ক্ষেত্রে প্রসূতি কল্যাণ সুবিধা প্রদান — (১) এই অধ্যায়ের অধীন প্রসূতি কল্যাণ সুবিধা পাওয়ার অধিকারী কোন মহিলা সন্ত্মান প্রসবকালে অথবা উহার পরবর্তী আট 
4. <labour_1285_s33> [বাংলাদেশ ইপিজেড শ্রম আইন, ২০১৯, ধারা ৩৩] মহিলা শ্রমিকের মৃত্যুর ক্ষেত্রে প্রসূতি কল্যাণ সুবিধা প্রদান — (১) এই অধ্যায়ের অধীন প্রসূতি কল্যাণ সুবিধা পাইবার অধিকারী কোনো মহিলা শ্রমিক সন্তান প্রসবকালে অথবা উহার পরবর্ত
5. <other_721_s6_p0> [বাংলাদেশ ঋণ সালিসি আইন, ১৯৮৯, ধারা ৬] কতিপয় জমির বিক্রয় খায়খালাসী বন্ধক ঘোষণা — (১) এই আইন বলবত্ হইবার পর অনধিক তিন একর কৃষি জমির মালিক কোন কৃষক প্রাকৃতিক দুর্যোগে তগতিগ্রস্ত হওয়ার বা জীবন 
6. <other_1156_s25> [মেট্রোরেল আইন, ২০১৫, ধারা ২৫] ক্ষতিপূরণ প্রদান — মেট্রোরেল পরিচালনাকালে উহা হইতে উদ্ভূত দুর্ঘটনার ফলে যদি কোন ব্যক্তি আঘাতপ্রাপ্ত বা ক্ষতিগ্রস্ত হন বা আঘাতপ্রা
7. <other_1201_s27> [বাস র‍্যাপিড ট্রানজিট (বিআরটি) আইন, ২০১৬, ধারা ২৭] ক্ষতিপূরণ প্রদান — বিআরটি পরিচালনাকালে উহা হইতে উদ্ভূত দুর্ঘটনার ফলে যদি কোনো ব্যক্তি আঘাতপ্রাপ্ত বা ক্ষতিগ্রস্ত হন বা আঘাতপ্রাপ্
8. <other_722_s15> [পার্বত্য জেলাসমূহ (আইন রহিত ও প্রয়োগ এবং বিশ, ধারা ১৫] বসতবাড়ীর জন্য গ্রামীণ জমি দখল — (১) কোন পাহাড়ী ব্যক্তি পৌর এলাকা-বহির্ভূত অনধিক ত্রিশ শতাংশ পর্যন্ত খাস জমি তাহার নিজ বসতবাড়ীর জন্য হেডম্যান
9. <other_721_s7> [বাংলাদেশ ঋণ সালিসি আইন, ১৯৮৯, ধারা ৭] কতিপয় বিক্রয় বাতিল — (১) এই আইন বলবত্ হইবার পর অনধিক দুই একর কৃষি জমির মালিক কোন কৃষক প্রাকৃতিক দুর্যোগে তগতিগ্রস্ত হওয়ার বা জীবন 
10. <civil_registration_921_s21> [জন্ম ও মৃত্যু নিবন্ধন আইন, ২০০৪, ধারা ২১] (১) এই আইন বা তদধীন প্রণীত বিধির কোন বিধান লঙ্ঘনকারী ব্যক্তি অনধিক ৫ (পাঁচ) হাজার টাকা অর্থদণ্ডে দণ্ডনীয় হইবে","family_305_s4","own_search","answered","3"
"prot_0136_02","Sorup","VERIFY","মা জীবিত অবস্থায় জায়গা-জমি নিজের নামে বিএস জরিপ না হয়ে ছেলের নামে হতে পারে। কিন্তু এক ছেলের নামে বিএস জরিপ হলে অন্য ছেলের কী করা প্রয়োজন। আইনে কি কোনো প্রতিকার পাওয়া যায়?","1. <other_724_s64> [রাংগামাটি পার্বত্য জেলা পরিষদ আইন, ১৯৮৯, ধারা ৬৪] (১) আপাততঃ বলবত্ অন্য কোন আইনে যাহা কিছুই থাকুক না কেন-(ক) রাংগামাটি পার্বত্য জেলার এলাকাধীন বন্দোবস্তযোগ্য খা
2. <other_726_s64> [বান্দরবান পার্বত্য জেলা পরিষদ আইন, ১৯৮৯, ধারা ৬৪] (১) আপাততঃ বলবত্ অন্য কোন আইনে যাহা কিছুই থাকুক না কেন-(ক) বান্দরবন পার্বত্য জেলার এলাকাধীন বন্দোবস্তযোগ্য খাস
3. <other_725_s64> [খাগড়াছড়ি পার্বত্য জেলা পরিষদ আইন, ১৯৮৯, ধারা ৬৪] (১) আপাততঃ বলবত্ অন্য কোন আইনে যাহা কিছুই থাকুক না কেন-(ক) খাগড়াছড়ি পার্বত্য জেলার এলাকাধীন বন্দোবস্তযোগ্য খ
4. <other_1685_s6> [বন ও বৃক্ষ সংরক্ষণ আইন, ২০২৬, ধারা ৬] বনভূমির জরিপ ও রেকর্ড — (১) বৃক্ষাচ্ছাদন থাকুক বা না-ই থাকুক, গেজেট দ্বারা ঘোষিত বনভূমি বন বিভাগের নামে রেকর্ড নিশ্চিত করিতে হইবে। (২)
5. <other_1412_s6_p0> [বেসরকারি মেডিকেল কলেজ ও ডেন্টাল কলেজ আইন, ২০, ধারা ৬] বেসরকারি মেডিকেল কলেজ বা ডেন্টাল কলেজ স্থাপনের শর্তাবলি — এই আইনের অধীন বেসরকারি মেডিকেল কলেজ বা ডেন্টাল কলেজ স্থাপনের লক্ষ্যে নিম্নবর্ণিত শর্তাবলি পূরণ করিতে হইবে, যথা
6. <other_1419_s10> [বাংলাদেশ সরকারী কর্ম কমিশন আইন, ২০২৩, ধারা ১০] ভুয়া পরিচয়ে পরীক্ষায় অংশগ্রহণ ও উহার দণ্ড — কোনো ব্যক্তি পরীক্ষার্থী না হওয়া সত্ত্বেও নিজেকে পরীক্ষার্থী হিসাবে হাজির করিয়া বা পরীক্ষার্থী বলিয়া ভান কর
7. <other_1246_s99_p4> [ক্যান্টনমেন্ট আইন, ২০১৮, ধারা ৯৯] উপদ্রব সৃষ্টির শাস্তি — গ্রহণ না করেন, তাহা হইলে তিনি অনধিক ১৫ (পনের) হাজার টাকা অর্থদণ্ডে দণ্ডিত হইবেন।(৬) যদি কোনো পশুকে ক্যান্টনমেন
8. <other_1037_s15> [বীমা আইন, ২০১০, ধারা ১৫] বীমাকারীর নাম সম্পর্কিত বিধি-নিষেধ৷ — (১) এই আইনের অধীন বা এই আইন কার্যকর হইবার অব্যবহিত পূর্বেInsurance Act, 1938এর অধীন নিবন্ধিত কোন বীমাকারীর একই
9. <other_922_s19_p1> [জাতীয় সংসদ (সংরক্ষিত মহিলা আসন) নির্বাচন আইন, ধারা ১৯] উদ্বৃত্ত ভোটমান হস্তান্তর পদ্ধতি — অনুযায়ী পৃথক সাব-প্যাকেটে বিভক্ত করিবেন এবং নিঃশেষিত ব্যালট পেপারগুলিকে অপর একটি পৃথক সাব-প্যাকেটে রাখিয়া দি
10. <consumer_1270_s66> [ওজন ও পরিমাপ মানদণ্ড আইন, ২০১৮, ধারা ৬৬] জরিপ ও পরিসংখ্যান — ওজন, পরিমাপন বা সংখ্যামানের মানদণ্ড যে কোনো এলাকায় বাস্তবায়ন নিশ্চিতকরণের উদ্দেশ্যে অথবা যে কোনো শ্রেণির শিল","land_241_s145A_p0","own_search","answered","2"
"lawy_0335_01","Sorup","VERIFY","তালাকের পর স্ত্রী কর্তৃক যৌতুকের মামলায় কি করবেন?","1. <other_1586_s23> [গুম প্রতিরোধ ও প্রতিকার অধ্যাদেশ, ২০২৫, ধারা ২৩] স্ত্রী বা সন্তান কর্তৃক গুম হওয়া ব্যক্তির সম্পত্তি ব্যবহারের অনুমতি — (১) গুম হওয়া ব্যক্তির দায় পরিশোধ, তাহার স্ত্রী বা তাহার উপর নির্ভরশীল পরিবারের সদস্যদের ভরণপোষণের বা অন্য কো
2. <women_children_835_s11> [নারী ও শিশু নির্যাতন দমন আইন, ২০০০, ধারা ১১] যৌতুকের জন্য মৃত্যু ঘটানো, ইত্যাদির শাস্তি — যদি কোন নারীর স্বামী অথবা স্বামীর পিতা, মাতা, অভিভাবক, আত্মীয় বা স্বামীর পক্ষে অন্য কোন ব্যক্তি যৌতুকের জন্য 
3. <other_1266_s2_p2> [বাংলাদেশ মুক্তিযোদ্ধা কল্যাণ ট্রাস্ট আইন, ২০, ধারা ২] সংজ্ঞা — জামায়াতে ইসলামী এবং তাহাদের সহযোগী রাজাকার, আলবদর, আলশামস বাহিনীর বিরুদ্ধে গণপ্রজাতন্ত্রী বাংলাদেশের স্বাধীনত
4. <other_1485_s9> [বাংলাদেশ পুলিশ কল্যাণ তহবিল আইন, ২০২৩, ধারা ৯] মৃত্যু এবং অক্ষমতাজনিত কারণে এককালীন এবং মাসিক কল্যাণ অনুদান — (১) কোনো কর্মচারী বা তাহার মৃত্যু হইলে তাহার স্ত্রী বা, ক্ষেত্রমত, স্বামী, বিধি দ্বারা নির্ধারিত পদ্ধতিতে, নিম
5. <other_1429_s31> [আয়কর আইন, ২০২৩, ধারা ৩১] আয় একীভূতকরণ — (১) এই আইনে ভিন্নরূপ কিছু না থাকিলে, নিম্নবর্ণিত আয়সমূহ কোনো ব্যক্তির মোট আয়ের অন্তর্ভুক্ত হইবে, যথা:-(ক) উক
6. <other_788_s282> [কোম্পানী আইন, ১৯৯৪, ধারা ২৮২] আদেশ বলবৎ করার ক্ষমতা — এই আইনের অধীনে আদালত কর্তৃক প্রদত্ত আদেশ সেই একইভাবে বলবৎ করা যাইতে পারে যেভাবে কোন মামলায় উক্ত আদালত কর্তৃক 
7. <other_916_s4> [বিরোধ মীমাংসা (পৌর এলাকা) বোর্ড আইন, ২০০৪, ধারা ৪] বোর্ড কর্তৃক বিচারযোগ্য মামলাসমূহ — (১) এই আইনে ভিন্নরূপ কিছু না থাকিলে, তফসিলে বর্ণিত অপরাধ বা বিষয়সমূহ সম্পর্কে সকল মামলা কেবলমাত্র বিরোধ মীমাং
8. <consumer_1010_s105> [ট্রেডমার্ক আইন, ২০০৯, ধারা ১০৫] নিবন্ধিত ব্যবহারকারীকে মামলায় পক্ষভুক্তি — (১) এই আইনের সপ্তম অধ্যায় বা ধারা ১০০ এর অধীন কোন মামলায় বা আপীলে কোন ট্রেডমার্কের নিবন্ধিত ব্যবহারকারী পক্ষ
9. <other_1271_s42> [সরকারি চাকরি আইন, ২০১৮, ধারা ৪২] ফৌজদারি মামলায় দণ্ডিত কর্মচারীর ক্ষেত্রে ব্যবস্থা — (১) কোনো সরকারি কর্মচারী ফৌজদারি মামলায় আদালত কর্তৃক মৃত্যুদণ্ড বা ১ (এক) বৎসর মেয়াদের অধিক মেয়াদের কারাদন্
10. <other_1061_s9> [পরিবেশ আদালত আইন, ২০১০, ধারা ৯] স্পেশাল ম্যাজিষ্ট্রেট কর্তৃক অপরাধের বিচার — (১) ফৌজদারী কার্যবিধিতে যাহা কিছুই থাকুক না কেন, ধারা ৫ এর উপ-ধারা (২) অনুযায়ী নিযুক্ত স্পেশাল ম্যাজিষ্ট্রেট ","women_children_1256_s6, women_children_835_s17","own_search","answered","2"
"prot_0071_01","Sorup","VERIFY","আমি বিবিএ তৃতীয় বর্ষে পড়ছি। ২০০৫ সালে এসএসসি পরীক্ষার পর আমার এক আত্মীয়র সঙ্গে প্রেমের সম্পর্ক হয়। একপর্যায়ে তার চাপে গোপনে তাকে বিয়ে করি। কিন্তু বিয়ের পর জানতে পারি, সে উচ্চমাধ্যমিকের পর আর পড়ালেখা করেনি। তখন আমি ভালো একটি কলেজে পড়ছিলাম। বিয়ের সময় আমার বয়স ১৮ হয়নি। সে একটা কাগজ এনেছিল এবং ওখানে বয়স বাড়িয়ে দেওয়া হয়েছিল। সম্ভবত বিয়েটা রেজিস্ট্রি হয়েছে। এর কিছুদিন পর উচ্চমাধ্যমিকে জিপিএ-৫ পেয়ে উত্তীর্ণ হই এবং পাবলিক বিশ্ববিদ্যালয়ে ভর্তি হতে চাই। তখন থেকে তার সঙ্গে আমার সম্পর্ক খারাপ হতে থাকে। সে সামান্য বিষয়ে অকথ্য ভাষায় বকাবকি করত। গায়ে হাত তুলত। আমি কাউকে কিছু বলতে পারতাম না। তাই আত্মহত্যার পথ বেছে নিই, কিন্তু বেঁচে যাই। প্রতিবাদ করলে বা তালাক দেওয়ার কথা বললে সে বলত, পত্রিকায় আমার নামে আজেবাজে কথা লিখবে। আরও নানাভাবে সে হুমকি দিত। বিশ্ববিদ্যালয়ে ভর্তির পর আর সহ্য করতে না পেরে পরিবারের সবাইকে সবকিছু জানাই। ২০০৮ সালের শেষে তার সঙ্গে আমার সব সম্পর্ক শেষ হয়ে যায়। এখন কোনো যোগাযোগ নেই। তবে সে ও তার বন্ধুবান্ধব ফোন করে আজেবাজে কথা বলে। আমাকে ও আমার পরিবারকে নানাভাবে হুমকি দেয়। আমি বেশ ভালো ফল করছি। আমার ইচ্ছা, বিদেশে উচ্চশিক্ষা নেব। কিন্তু এসব চিন্তা সবকিছু ওলটপালট করে দেয়। আমি পাসপোর্টে অবিবাহিত লিখতে চাইছি, এতে কি কোনো সমস্যা হবে? আমার যাতে ক্ষতি না হয়, সে জন্য কী ব্যবস্থা নিতে পারি বা ডিভোর্স কীভাবে দেওয়া যায়।নাম প্রকাশে অনিচ্ছুকচট্টগ্রাম","1. <other_788_s346_p0> [কোম্পানী আইন, ১৯৯৪, ধারা ৩৪৬] নিষ্ক্রিয় (defunct) কোম্পানীর নাম নিবন্ধন বহি হইতে কাটিয়া দেওয়া — (১) যেক্ষেত্রে রেজিষ্ট্রারের এইরূপ বিশ্বাস করিবার যুক্তিসংগত কারণ থাকে যে, কোন একটি কোম্পানী ব্যবসা করিতেছে না
2. <other_1126_s8> [প্রতিবন্ধী ব্যক্তির অধিকার ও সুরক্ষা আইন, ২০, ধারা ৮] বাকপ্রতিবন্ধিতা (speech disability) — নিম্নবর্ণিত দফাসমূহে উল্লিখিত বৈশিষ্ট্যসমূহের মধ্যে এক বা একাধিক বৈশিষ্ট্যের অধিকারী ব্যক্তি ‘বাকপ্রতিবন্ধী ব্
3. <other_609_s51> [ইসলামী বিশ্ববিদ্যালয় আইন, ১৯৮০, ধারা ৫১] (১) বাংলাদেশ মাদ্রাসা শিক্ষা বোর্ডের আওতাধীন ২০০৫-২০০৬ শিক্ষাবর্ষে ফাজিল ও কামিল মাদ্রাসায়-(ক) যে সকল ছাত্র-ছ
4. <other_933_s56_p1> [জগন্নাথ বিশ্ববিদ্যালয় আইন, ২০০৫, ধারা ৫৬] ৫৬৷ Act No. XVI of 1920 সহ সরকারী জগন্নাথ কলেজ-এর বিলোপ, ইত্যাদি — কোন ছাত্র-ছাত্রী ইচ্ছা করিলে জাতীয় বিশ্ববিদ্যালয় কর্তৃক প্রদত্ত রেজিস্ট্রেশন নম্বর বহাল রাখিয়া জাতীয় বিশ্ব
5. <other_1480_s37> [লক্ষ্মীপুর বিজ্ঞান ও প্রযুক্তি বিশ্ববিদ্যালয়, ধারা ৩৭] বিশ্ববিদ্যালয়ের পাঠক্রমে ভর্তি — (১) এই আইন ও সংবিধির বিধান সাপেক্ষে, বিশ্ববিদ্যালয়ের ডিগ্রি, ডিপ্লোমা, সার্টিফিকেট ও অন্যান্য পাঠক্রমে শিক্ষা
6. <other_1350_s37> [সুনামগঞ্জ বিজ্ঞান ও প্রযুক্তি বিশ্ববিদ্যালয় , ধারা ৩৭] বিশ্ববিদ্যালয়ের পাঠক্রমে ভর্তি — (১) এই আইন ও সংবিধির বিধান সাপেক্ষে, বিশ্ববিদ্যালয়ের ডিগ্রি, ডিপ্লোমা, সার্টিফিকেট ও অন্যান্য পাঠক্রমে শিক্ষা
7. <other_1425_s40> [1[মেহেরপুর বিশ্ববিদ্যালয়] আইন, ২০২৩, ধারা ৪০] বিশ্ববিদ্যালয়ের পাঠক্রমে ভর্তি — (১) এই আইন ও সংবিধির বিধান সাপেক্ষে, বিশ্ববিদ্যালয়ের ডিগ্রি, ডিপ্লোমা, সার্টিফিকেট ও অন্যান্য পাঠক্রমে শিক্ষা
8. <other_1230_s36> [1[নেত্রকোণা বিশ্ববিদ্যালয়] আইন, ২০১৮, ধারা ৩৬] বিশ্ববিদ্যালয়ের পাঠক্রমে ভর্তি — (১) এই আইন এবং সংবিধির বিধান সাপেক্ষে, বিশ্ববিদ্যালয়ের ডিগ্রি, ডিপ্লোমা, সার্টিফিকেট ও অন্যান্য পাঠক্রমে শিক্
9. <other_1469_s41> [ঠাকুরগাঁও বিশ্ববিদ্যালয় আইন, ২০২৩, ধারা ৪১] বিশ্ববিদ্যালয়ের পাঠক্রমে ভর্তি — (১) এই আইন ও সংবিধির বিধান সাপেক্ষে, বিশ্ববিদ্যালয়ের ডিগ্রি, ডিপ্লোমা, সার্টিফিকেট ও অন্যান্য পাঠক্রমে শিক্ষা
10. <other_1426_s40> [1[নওগাঁ বিশ্ববিদ্যালয়] আইন, ২০২৩, ধারা ৪০] বিশ্ববিদ্যালয়ের পাঠক্রমে ভর্তি — (১) এই আইন ও সংবিধির বিধান সাপেক্ষে, বিশ্ববিদ্যালয়ের ডিগ্রি, ডিপ্লোমা, সার্টিফিকেট ও অন্যান্য পাঠক্রমে শিক্ষা","family_180_s2_p1, family_305_s8, criminal_procedure_11_s506","own_search","answered","1"
"lawy_0371_01","Sorup","VERIFY","একই বিষয় নিয়ে কি একাধিক মামলা, কি বলে আইন?","1. <other_749_s15> [জাতীয় মহিলা সংস্থা আইন, ১৯৯১, ধারা ১৫] কতিপয় ক্ষেত্রে একই ব্যক্তির একাধিক পদে থাকা নিষিদ্ধ — কোন ব্যক্তি পদাধিকার বলে ব্যতীত অন্য কোনভাবে একই সংগে পরিষদ, নির্বাহী কমিটি, জেলা কমিটি এবং উপজেলা কমিটির চেয়
2. <other_1061_s14_p0> [পরিবেশ আদালত আইন, ২০১০, ধারা ১৪] পরিবেশ আদালতের কার্যপদ্ধতি ও ক্ষমতা — (১) এই আইনে ভিন্নরূপ কিছু না থাকিলে, এই আইনের অধীন কোন অপরাধের অভিযোগ দায়ের ও বিচার নিষ্পত্তির ক্ষেত্রে, ফৌজদ
3. <other_849_s5> [এডমিরালটি কোর্ট আইন, ২০০০, ধারা ৫] সংঘর্ষ ও অনুরূপ মামলার ক্ষেত্রে কোর্টের in personam এখতিয়ার — (১) এই ধারা প্রযোজ্য হয় এমন কোন দাবী কার্যকর করণার্থ বাংলাদেশের কোন আদালত action in personam বিচারার্থ গ্রহণ 
4. <other_809_s6> [আইন কমিশন আইন, ১৯৯৬, ধারা ৬] কমিশনের কার্যাবলী — কমিশনের কার্যাবলী হইবে-(ক) বিভিন্ন স্তরের আদালতে দেওয়ানী ও ফৌজদারী মামলাসমূহ নিষ্পত্তিতে বিলম্বের কারণসমূহ চি
5. <other_1037_s75> [বীমা আইন, ২০১০, ধারা ৭৫] যুগপত্‍ভাবে একই শ্রেণীর একাধিক বীমাকারীর বা বীমাকারী ও ব্যাংক-কোম্পানীর বা আর্থিক প্রতিষ্ঠানের পরিচালক হওয়ার ক্ষেত্রে বিধিনিষেধ৷ — আপাততঃ বলবৎ অন্য কোন আইনে যাহা কিছুই থাকুক না কেন, কোন বীমাকারীর পরিচালক একই শ্রেণীর বীমা ব্যবসার জন্য নিবন্ধী
6. <labour_952_s193> [বাংলাদেশ শ্রম আইন, ২০০৬, ধারা ১৯৩] দ্বৈত সদস্য পদের উপর বাধা — একই সময়ে কোন মালিক অথবা কোন শ্রমিক একই প্রতিষ্ঠানের একাধিক ট্রেড ইউনিয়নের সদস্য হইতে বা থাকিতে পারিবেন না।
7. <local_government_1026_s10> [স্থানীয় সরকার (সিটি কর্পোরেশন) আইন, ২০০৯, ধারা ১০] একাধিক পদে প্রার্থিতায় বাধা — (১) কোন ব্যক্তি একই সাথে মেয়র ও কাউন্সিলর পদে প্রার্থী হইতে পারিবেন না।(২) যদি কোন ব্যক্তি একই সাথে কোন কর্পো
8. <other_739_s11> [বেসরকারী শিক্ষা প্রতিষ্ঠান শিক্ষক ও কর্মচারী, ধারা ১১] [বিলুপ্ত] — [ছাত্র-ছাত্রীগণ কর্তৃক চাঁদা প্রদান- বেসরকারী শিক্ষা প্রতিষ্ঠান শিক্ষক ও কর্মচারী কল্যাণ ট্রাষ্ট (সংশোধন) আইন,
9. <other_1586_s13> [গুম প্রতিরোধ ও প্রতিকার অধ্যাদেশ, ২০২৫, ধারা ১৩] গুম প্রতিরোধ ও প্রতিকার ট্রাইব্যুনাল — (১) এই অধ্যাদেশের অধীন অপরাধ আমলে গ্রহণ ও বিচারের জন্য সরকার প্রত্যেক বিভাগ বা জেলায় ভৌগোলিক অধিক্ষেত্র নির্ধ
10. <other_1106_s129> [মূল্য সংযোজন কর ও সম্পূরক শুল্ক আইন, ২০১২, ধারা ১২৯] আদালতে মামলা দায়েরের ক্ষেত্রে প্রতিবন্ধকতা — বোর্ড বা312[কোন মূসক কর্মকর্তা] কর্তৃক প্রদত্ত কোন আদেশ বা সিদ্ধান্ত বা গৃহীত কোন ব্যবস্থার (কর নিরূপণ, কর আরো","other_86_s11, criminal_procedure_75_s403_p0","own_search","answered","2"
"prot_0025_05","Sorup","VERIFY","মাকেও সন্তানের সান্নিধ্য থেকে বঞ্চিত করতে চাই না, এ ক্ষেত্রে কী করণীয়?","1. <women_children_835_s13> [নারী ও শিশু নির্যাতন দমন আইন, ২০০০, ধারা ১৩] (১) অন্য কোন আইনে ভিন্নতর যাহা কিছুই থাকুক না কেন, ধর্ষণের কারণে কোন সন্তান জন্মলাভ করিলে-(ক) উক্ত সন্তানকে তা
2. <consumer_927_s10> [ধূমপান ও তামাকজাত দ্রব্য ব্যবহার (নিয়ন্ত্রণ), ধারা ১০] (১) তামাকজাত দ্রব্যের প্যাকেট, মোড়ক, কার্টন বা কৌটার উভয় পার্শ্বে মূল প্রদর্শনী তল বা যে সকল প্যাকেটে দুইটি 
3. <other_817_s7> [বিমান-নিরাপত্তা বিরোধী অপরাধ দমন আইন, ১৯৯৭, ধারা ৭] ফৌজদারী আইনের প্রয়োগ — কোন বাংলাদেশী বিমান বাংলাদেশের রাষ্ট্রীয় সীমানায় বাহিরে উড্ডয়নে থাকাকালে বিমানের আরোহী কোন ব্যক্তি যদি এমন 
4. <other_1132_s7> [পিতা-মাতার ভরণ-পোষণ আইন, ২০১৩, ধারা ৭] অপরাধ বিচারার্থ গ্রহণ ও বিচার — (১)Code of Criminal Procedure, 1898(Act V of 1898) এ যাহা কিছুই থাকুক না কেন, এই আইনের অধীন সংঘটিত অপরাধ ১ম শ্
5. <other_1132_s2> [পিতা-মাতার ভরণ-পোষণ আইন, ২০১৩, ধারা ২] সংজ্ঞা — বিষয় বা প্রসঙ্গের পরিপন্থী কোন কিছু না থাকিলে, এই আইনে—(ক) “পিতা” অর্থ এমন ব্যক্তি যিনি সন্তানের জনক;(খ) “ভরণ
6. <local_government_827_s56> [উপজেলা পরিষদ আইন, ১৯৯৮, ধারা ৫৬] অপরাধ — পঞ্চম তফসিলে বর্ণিত কোন করণীয় কাজ না করা এবং করণীয় নয় এই প্রকার কাজ করা এই আইনের অধীন দণ্ডনীয় অপরাধ হইবে।
7. <other_726_s56> [বান্দরবান পার্বত্য জেলা পরিষদ আইন, ১৯৮৯, ধারা ৫৬] অপরাধ — তৃতীয় তফসিলে বর্ণিত কোন করণীয় কাজ না করা এবং করণীয় নয় এই প্রকার কাজ করা এই আইনের অধীন দণ্ডনীয় অপরাধ হইবে।
8. <other_724_s56> [রাংগামাটি পার্বত্য জেলা পরিষদ আইন, ১৯৮৯, ধারা ৫৬] অপরাধ — তৃতীয় তফসিলে বর্ণিত কোন করণীয় কাজ না করা এবং করণীয় নয় এই প্রকার কাজ করা এই আইনের অধীন দণ্ডনীয় অপরাধ হইবে।
9. <other_725_s56> [খাগড়াছড়ি পার্বত্য জেলা পরিষদ আইন, ১৯৮৯, ধারা ৫৬] অপরাধ — তৃতীয় তফসিলে বর্ণিত কোন করণীয় কাজ না করা এবং করণীয় নয় এই প্রকার কাজ করা এই আইনের অধীন দণ্ডনীয় অপরাধ হইবে।
10. <other_1429_s31> [আয়কর আইন, ২০২৩, ধারা ৩১] আয় একীভূতকরণ — (১) এই আইনে ভিন্নরূপ কিছু না থাকিলে, নিম্নবর্ণিত আয়সমূহ কোনো ব্যক্তির মোট আয়ের অন্তর্ভুক্ত হইবে, যথা:-(ক) উক","family_1444_s5","own_search","answered","1"
"prot_0066_02","Sorup","VERIFY","আমার এক আত্মীয় সরকারি চাকরি করতেন, বর্তমানে পেনশন পাচ্ছেন। আমার কাছ থেকে কয়েক দফায় দুই লাখ ৮৮ হাজার টাকা নেন ভারতে ব্যবসা করবেন বলে; পরে এক দফায় ৩৫ হাজার টাকা দেন। বাকি টাকা আর ফেরত দিচ্ছেন না। তিনি ভারতের নাগরিকত্ব নিয়েছেন। বেশির ভাগ সময় সেখানেই থাকেন। শুধু পেনশনের টাকা ওঠানোর জন্য বাংলাদেশে আসেন। দেখাও করেন না। এখন আমি এই টাকার জন্য কীভাবে আইনি ব্যবস্থা নিতে পারি। দ্বৈত নাগরিকত্ব নিয়েও তিনি বাংলাদেশ সরকারের পেনশন নিচ্ছেন। নিজের সব অর্থসম্পদ ভারত নিয়ে গেছেন। এ অবস্থায় দেশের অর্থসম্পদ ভিন্ন দেশে স্থানান্তরের জন্য কোনো শাস্তি হবে কি না? তিনি আইনগতভাবে সরকারি পেনশন পান কি না? তিনি সোনালী ব্যাংকের মাধ্যমে পেনশন তুলছেন","1. <other_1418_s15> [বাংলাদেশ সুপ্রীম কোর্টের বিচারক (ছুটি, পেনশন, ধারা ১৫] ধারা ১৩ এর আওতাবহির্ভূত বিচারকগণের পেনশন নির্ধারণ — কোনো বিচারক উক্ত পদে নিযুক্তির পূর্বে বাংলাদেশ জুডিসিয়াল সার্ভিসে কর্মরত থাকিলে এবং ধারা ১৩ তে উল্লিখিত শর্ত 
2. <other_1418_s14> [বাংলাদেশ সুপ্রীম কোর্টের বিচারক (ছুটি, পেনশন, ধারা ১৪] ধারা ১৩ এর আওতাভুক্ত বিচারকদের পেনশন নির্ধারণ — ধারা ১৩ এর অধীন পেনশন প্রাপ্তির অধিকারী কোনো বিচারকের পেনশনের পরিমাণ নিম্নরূপে নির্ধারিত হইবে, যথা :-(ক) যিনি 
3. <other_1418_s21_p2> [বাংলাদেশ সুপ্রীম কোর্টের বিচারক (ছুটি, পেনশন, ধারা ২১] আনুতোষিক ও পারিবারিক পেনশন — হিসাবে প্রাপ্য হইতেন।(৩) কোনো বিচারক, অবসর গ্রহণের পর তাহার গ্রস-পেনশনের সম্পূর্ণ অংশ সমর্পণ করিতে পারিবেন এবং
4. <other_1421_s15> [সর্বজনীন পেনশন ব্যবস্থাপনা আইন, ২০২৩, ধারা ১৫] পেনশন সহায়তাকারী অফিসসমূহ — (১) এই আইনের উদ্দেশ্য পূরণকল্পে, কর্তৃপক্ষ, সরকারের সহিত পরামর্শক্রমে, সর্বজনীন পেনশন ব্যবস্থা পরিচালনা, পেনশন
5. <other_1421_s14_p1> [সর্বজনীন পেনশন ব্যবস্থাপনা আইন, ২০২৩, ধারা ১৪] সর্বজনীন পেনশন ব্যবস্থাপনা — হইবে;(জ) মাসিক অথবা ত্রৈমাসিক ভিত্তিতে চাঁদা প্রদান করা যাইবে এবং অগ্রিম ও কিস্তিতে জমা প্রদানের সুযোগ থাকিবে;
6. <other_1421_s2> [সর্বজনীন পেনশন ব্যবস্থাপনা আইন, ২০২৩, ধারা ২] সংজ্ঞা — বিষয় বা প্রসঙ্গের পরিপন্থি কোনো কিছু না থাকিলে, এই আইনে-(১) “অস্বচ্ছল চাঁদাদাতা” অর্থ পেনশন স্কিমে চাঁদা প্রদ
7. <other_1138_s30> [গ্রামীণ ব্যাংক আইন, ২০১৩, ধারা ৩০] দণ্ড, ইত্যাদি — (১) যদি কোন ব্যক্তি এই আইনের অধীন প্রার্থিত বা মঞ্জুরীকৃত কোন ঋণ বা সুবিধার জন্য ব্যাংককে প্রদত্ত কোন মালিকানা
8. <other_1149_s33> [পল্লী  সঞ্চয় ব্যাংক আইন, ২০১৪, ধারা ৩৩] দণ্ড, ইত্যাদি — (১) যদি কোন ব্যক্তি এই আইনের অধীন প্রার্থিত বা মঞ্জুরীকৃত কোন ঋণ বা সুবিধার জন্য ব্যাংককে প্রদত্ত কোন মালিকানা
9. <other_1421_s7> [সর্বজনীন পেনশন ব্যবস্থাপনা আইন, ২০২৩, ধারা ৭] কর্তৃপক্ষের দায়িত্ব ও কার্যাবলি — এই আইনের উদ্দেশ্য পূরণকল্পে, কর্তৃপক্ষের দায়িত্ব ও কার্যাবলি হইবে নিম্নরূপ, যথাঃ-(ক) সর্বজনীন পেনশন পদ্ধতি চা
10. <constitutional_957_s66> [গণপ্রজাতন্ত্রী বাংলাদেশের সংবিধান, অনুচ্ছেদ ৬৬] সংসদে নির্বাচিত হইবার যোগ্যতা ও অযোগ্যতা — (১) কোন ব্যক্তি বাংলাদেশের নাগরিক হইলে এবং তাঁহার বয়স পঁচিশ বৎসর পূর্ণ হইলে এই অনুচ্ছেদের (২) দফায় বর্ণিত বি","criminal_procedure_11_s420, other_1088_s4, other_242_s14","own_search","answered","1"
"prot_0030_02","Sorup","VERIFY","আজ থেকে ছয় মাস আগে জোর করে আমার স্বামী আমাকে বিয়ে করে এবং সাদা স্ট্যাম্পে আমার সই নিয়ে এফিডেভিট করে যে আমি স্বেচ্ছায়, বিনা প্ররোচনায় তাকে বিয়ে করেছি, যা সম্পূর্ণ মিথ্যা। এতে আমার পরিবার আমাকে বর্জন করে। তাকে তো আমি স্বামী হিসেবে মানতে পারছি না। প্রথমত, আমি স্নাতক (সম্মান) ইংরেজির ছাত্রী ছিলাম আর সে বলতে গেলে নিরক্ষর। এ ছাড়া তার পরিবার, বাড়ির লোক, পরিবেশ, জীবনধারা, আদর্শ কিছুই আমার সঙ্গে সামঞ্জস্যপূর্ণ নয়। আমি চাচ্ছি তাকে তালাক দিয়ে নতুন করে জীবন সাজাতে। কিন্তু সে আমাকে শাসাচ্ছে যে আমি তালাক দিলে সে আত্মহত্যা করবে এবং তার বাড়ির লোকেরা আমার নামে মামলা দেবে। বিয়ের কোনো কাগজও আমার কাছে নেই। আমি কীভাবে তালাক দিতে পারি? নাম-ঠিকানা প্রকাশে অনিচ্ছুক","1. <other_924_s2> [ব্যক্তি মালিকানাধীন সড়ক পরিবহন শ্রমিক কল্যাণ, ধারা ২] সংজ্ঞা — বিষয় বা প্রসঙ্গের পরিপন্থী কিছু না থাকিলে, এই আইনে-(ক) “কল্যাণ তহবিল” অর্থ ধারা ৪ এর অধীন গঠিত কল্যাণ তহবিল;(
2. <other_943_s2> [বাংলাদেশ শ্রমিক কল্যাণ ফাউন্ডেশন আইন, ২০০৬, ধারা ২] সংজ্ঞা — বিষয় বা প্রসঙ্গের পরিপন্থী কিছু না থাকিলে, এই আইনে-(ক) “অপ্রাতিষ্ঠানিক খাত” অর্থ এইরূপ বেসরকারী খাত যেখানে কর
3. <other_912_s2> [বাংলাদেশ কর্মচারী কল্যাণ বোর্ড আইন, ২০০৪, ধারা ২] সংজ্ঞা — বিষয় বা প্রসংগের পরিপন্থী কোন কিছু না থাকিলে, এই আইনে,-(ক) “আঞ্চলিক কমিটি” অর্থ ধারা ৮ এর অধীন গঠিত বোর্ডের আ
4. <other_1483_s5> [পরিত্যক্ত বাড়ি (সম্পূরক বিধানাবলি) আইন, ২০২৩, ধারা ৫] পরিত্যক্ত বাড়ির তালিকা হইবার পর স্বার্থ দাবি করিয়া আবেদন — ধারা ৪ এর উপ-ধারা (১) এর দফা (ক) ও (খ) এ বর্ণিত ক্ষেত্র ব্যতীত অন্যান্য ক্ষেত্রে কোনো বাড়ির উপর কোনো অধিকার ব
5. <other_1246_s204> [ক্যান্টনমেন্ট আইন, ২০১৮, ধারা ২০৪] মামলার নোটিশ প্রদান — (১) কোনো ব্যক্তি বোর্ডের কোনো আদেশ দ্বারা সংক্ষুব্ধ হইয়া কোনো দেওয়ানি মামলা দায়ের করিতে চাহিলে, তিনি তামাদি
6. <labour_952_s7> [বাংলাদেশ শ্রম আইন, ২০০৬, ধারা ৭] সার্ভিস বইয়ের ফরম — (১) সার্ভিস বই বিধি দ্বারা নির্ধারিত মাপে ও ফরমে রৰিত হইবে, এবং উহাতে শ্রমিকের একটি ফটো সংযোজিত থাকিবে।(২) সার
7. <other_1485_s2> [বাংলাদেশ পুলিশ কল্যাণ তহবিল আইন, ২০২৩, ধারা ২] সংজ্ঞা — বিষয় বা প্রসঙ্গের পরিপন্থি কোনো কিছু না থাকিলে, এই আইনে,-(১) ""কর্মচারী"" অর্থ-(ক) পুলিশ ইন্সপেক্টরের নিম্ন পদম
8. <other_1287_s26> [উদ্ভিদের জাত সংরক্ষণ আইন, ২০১৯, ধারা ২৬] অপরাধ ও দণ্ড — (১) কোনো ব্যক্তি সংরক্ষিত জাতের মিথ্যা নামকরণ করিলে, বানিবন্ধিত কোনো জাতের বাণিজ্যিক ব্যবহারকালে স্বেচ্ছায় কো
9. <land_1449_s2_p1> [ভূমি উন্নয়ন কর আইন, ২০২৩, ধারা ২] সংজ্ঞা — অর্থ শুধু কৃষিকার্য বা চাষাবাদ করিয়া জীবন ও জীবিকা নির্বাহ করিয়া থাকেন এইরূপ কোনো ব্যক্তি বা পরিবার;(৭) ‘কৃষ
10. <other_1483_s10_p1> [পরিত্যক্ত বাড়ি (সম্পূরক বিধানাবলি) আইন, ২০২৩, ধারা ১০] পরিত্যক্ত বাড়ি নিয়ন্ত্রণ, ব্যবস্থাপনা এবং নিষ্পত্তি সংক্রান্ত বোর্ড — গণপূর্ত বিভাগ সদস্য-সচিব।(২) পরিত্যক্ত বাড়ি নিয়ন্ত্রণ, ব্যবস্থাপনা এবং নিষ্পত্তির জন্য বোর্ডের দায়িত্ব ও কা","family_180_s2_p1, family_305_s8","own_search","answered","1"
"prot_0120_02","Sorup","VERIFY","আইনের কোনো ব্যবস্থায় রেকর্ড থেকে চাচাদের নাম বাদ এবং ০.৪০ শতাংশ পুরো জায়গা আমাদের নামে রেকর্ডভুক্ত করতে পারি, সে বিষয় পরামর্শ দিলে উপকার হবে। রিক্তা বেগম, কিশোরগঞ্জ। পরামর্শ: আপনারা দাগ নম্বর সংশোধনের জন্য দেওয়ানি আদালতের আশ্রয় নিতে পারেন। আপনি দেওয়ানি আদালতে রেকর্ড সংশোধনের জন্য ঘোষণামূলক মোকদ্দমা দায়ের করতে পারেন। জমা খারিজের কারণে মামলার ক্ষতি হবে?","1. <other_679_s16> [ভূমি-খতিয়ান (পার্বত্য চট্টগ্রাম) অধ্যাদেশ, ১, ধারা ১৬] আদালতের এখতিয়ারের প্রতিবন্ধক — ভূমি-খতিয়ান প্রস্তুত বা সংশোধনের নির্েদশ সংক্রান্ত কোন আদেশ বা ভূমি-খতিয়ান প্রস্তুত বা সংশোধন সম্পর্িকত কোন 
2. <other_1472_s53> [বাংলাদেশ পেটেন্ট আইন, ২০২৩, ধারা ৫৩] দেওয়ানি কার্যবিধির প্রয়োগ — এই আইনের অন্যান্য বিধানাবলি সাপেক্ষে, এই আইনের অধীন মোকদ্দমা দায়ের এবং আইনগত কার্যধারা ও আদালতের কার্যপদ্ধতির
3. <land_1220_s39> [স্থাবর সম্পত্তি অধিগ্রহণ ও হুকুমদখল আইন, ২০১, ধারা ৩৯] জেলা প্রশাসক এবং আরবিট্রেটরের দেওয়ানি আদালতের কতিপয় ক্ষমতা — নিম্নবর্ণিত ক্ষেত্রে দেওয়ানি কার্যবিধির অধীন দেওয়ানি আদালতের যে ক্ষমতা রহিয়াছে এই আইনের অধীনে কোনো কার্যধার
4. <other_788_s43> [কোম্পানী আইন, ১৯৯৪, ধারা ৪৩] সদস্য-বহি সংশোধনের জন্য আদালতের ক্ষমতা — (১) যদি-(ক) পর্যাপ্ত কারণ ব্যতিরেকে কোন ব্যক্তির নাম কোন কোম্পানীর সদস্য-বহিতে লিপিবদ্ধ করা হয় কিংবা উহা হইতে
5. <other_1429_s338> [আয়কর আইন, ২০২৩, ধারা ৩৩৮] দায়মুক্তি — (১) কোনো ব্যক্তি এই আইনের ক্ষমতাবলে অপর কোনো ব্যক্তির আয় হইতে কোনো কর কর্তন, সংগ্রহ, ধারণ বা পরিশোধ করিলে, উক
6. <consumer_1452_s83> [কপিরাইট আইন, ২০২৩, ধারা ৮৩] দেওয়ানি প্রতিকারের জন্য মামলা দায়ের — কপিরাইট লঙ্ঘনজনিত প্রত্যেক দেওয়ানি মামলা বা অন্য কোনো দেওয়ানি কার্যধারা সংশ্লিষ্ট এলাকার এখতিয়ারসম্পন্ন জেল
7. <land_1449_s18> [ভূমি উন্নয়ন কর আইন, ২০২৩, ধারা ১৮] দেওয়ানি আদালতের এখতিয়ার বারিত — এই আইনের অধীন সরকার কর্তৃক নির্ধারিত বিভিন্ন শ্রেণির ভূমির ভূমি উন্নয়ন কর হারের বিরুদ্ধে কোনো দেওয়ানি আদালতে
8. <other_1476_s252> [কাস্টমস আইন, ২০২৩, ধারা ২৫২] দেওয়ানি আদালতে মামলা দায়ের বারিত — বোর্ড বা সরকার কর্তৃক কাস্টমস শুল্ক বা কর ধার্য, আরোপ, অব্যাহতি, শুল্কায়ন বা আদায় সম্পর্কিত কোনো আদেশ বা, ক্
9. <other_1685_s6> [বন ও বৃক্ষ সংরক্ষণ আইন, ২০২৬, ধারা ৬] বনভূমির জরিপ ও রেকর্ড — (১) বৃক্ষাচ্ছাদন থাকুক বা না-ই থাকুক, গেজেট দ্বারা ঘোষিত বনভূমি বন বিভাগের নামে রেকর্ড নিশ্চিত করিতে হইবে। (২)
10. <other_1684_s56> [মানব পাচার ও অভিবাসী চোরাচালান প্রতিরোধ ও দম, ধারা ৫৬] ক্ষতিপূরণ আদায়ে দেওয়ানি মামলা করিবার অধিকার — ফৌজদারি মামলা দায়ের করিবার অধিকার ক্ষুণ্ন না করিয়া মানব পাচার বা অভিবাসী চোরাচালানের শিকার কোনো ব্যক্তি বা ত","other_36_s42_p0, land_241_s143","own_search","answered","1"
"ajke_0198_01","Sorup","VERIFY","প্রশ্ন: আমার বান্ধবীর স্বামী একজন প্রবাসী এবং আট বছর ধরে দেশের বাইরে আছেন। আট বছরে তার স্বামী মাত্র দুইবার দেশে এসেছেন এক বা দুই মাসের জন্য। তারা নিঃসন্তান। এদিকে সন্তান হচ্ছে না বলে বান্ধবী শ্বশুরবাড়িতে প্রতিনিয়ত শারীরিক ও মানসিক নির্যাতনের সম্মুখীন হচ্ছে। পরিবার আর্থিকভাবে অতটা সচ্ছল নয়। তাই তারা মামলা-মোকদ্দমায় যেতে চাইছে না। মেয়েকে তারা আবারও বিয়ে দিতে চায়। কিন্তু বারবার বলার পরও বান্ধবীর স্বামী তাকে তালাক দিচ্ছে না। এ ক্ষেত্রে বান্ধবীর বা তার পরিবারের করণীয় কী? স্বামী বিদেশে থাকা অবস্থায় তাকে কি তালাক দিতে পারবে? তালাক দেওয়া গেলে কীভাবে দিতে হবে? সেক্ষেত্রে আমার বান্ধবী দেনমোহরের টাকা পাবে কি না?","1. <other_1485_s9> [বাংলাদেশ পুলিশ কল্যাণ তহবিল আইন, ২০২৩, ধারা ৯] মৃত্যু এবং অক্ষমতাজনিত কারণে এককালীন এবং মাসিক কল্যাণ অনুদান — (১) কোনো কর্মচারী বা তাহার মৃত্যু হইলে তাহার স্ত্রী বা, ক্ষেত্রমত, স্বামী, বিধি দ্বারা নির্ধারিত পদ্ধতিতে, নিম
2. <other_1266_s2_p3> [বাংলাদেশ মুক্তিযোদ্ধা কল্যাণ ট্রাস্ট আইন, ২০, ধারা ২] সংজ্ঞা — বা স্বামী এবং পিতা-মাতার অবর্তমানে খেতাবপ্রাপ্ত বীর মুক্তিযোদ্ধার সন্তান; বা(উ) (অ)-(ঈ) পর্যন্ত বর্ণিত ব্যক্তি
3. <other_1418_s21_p2> [বাংলাদেশ সুপ্রীম কোর্টের বিচারক (ছুটি, পেনশন, ধারা ২১] আনুতোষিক ও পারিবারিক পেনশন — হিসাবে প্রাপ্য হইতেন।(৩) কোনো বিচারক, অবসর গ্রহণের পর তাহার গ্রস-পেনশনের সম্পূর্ণ অংশ সমর্পণ করিতে পারিবেন এবং
4. <other_1429_s31> [আয়কর আইন, ২০২৩, ধারা ৩১] আয় একীভূতকরণ — (১) এই আইনে ভিন্নরূপ কিছু না থাকিলে, নিম্নবর্ণিত আয়সমূহ কোনো ব্যক্তির মোট আয়ের অন্তর্ভুক্ত হইবে, যথা:-(ক) উক
5. <other_924_s2> [ব্যক্তি মালিকানাধীন সড়ক পরিবহন শ্রমিক কল্যাণ, ধারা ২] সংজ্ঞা — বিষয় বা প্রসঙ্গের পরিপন্থী কিছু না থাকিলে, এই আইনে-(ক) “কল্যাণ তহবিল” অর্থ ধারা ৪ এর অধীন গঠিত কল্যাণ তহবিল;(
6. <other_857_s11> [বাংলাদেশ টেলিযোগাযোগ নিয়ন্ত্রণ আইন, ২০০১, ধারা ১১] পরিবারের সদস্যের কতিপয় স্বার্থ সম্পর্কে কমিশনারের দায়িত্ব — (১) কোন কমিশনারের পরিবারের কোন সদস্য যদি ধারা ১০(২)(ছ)- েত উলিস্্নখিত স্বার্থ অর্জন বা ধারণ করেন, তাহা হইলে তি
7. <other_912_s2> [বাংলাদেশ কর্মচারী কল্যাণ বোর্ড আইন, ২০০৪, ধারা ২] সংজ্ঞা — বিষয় বা প্রসংগের পরিপন্থী কোন কিছু না থাকিলে, এই আইনে,-(ক) “আঞ্চলিক কমিটি” অর্থ ধারা ৮ এর অধীন গঠিত বোর্ডের আ
8. <other_943_s2> [বাংলাদেশ শ্রমিক কল্যাণ ফাউন্ডেশন আইন, ২০০৬, ধারা ২] সংজ্ঞা — বিষয় বা প্রসঙ্গের পরিপন্থী কিছু না থাকিলে, এই আইনে-(ক) “অপ্রাতিষ্ঠানিক খাত” অর্থ এইরূপ বেসরকারী খাত যেখানে কর
9. <other_863_s7> [বাংলাদেশ শিল্পী কল্যাণ ট্রাস্ট আইন, ২০০১, ধারা ৭] ট্রাস্টের কার্যাবলী — ট্রাস্টের কার্যাবলী হইবে নিম্নরূপ, যথা:-(ক) সাধারণভাবে অসচ্ছল শিল্পীদের কল্যাণ সাধন;(খ) শিল্পীদের কল্যাণার্থে 
10. <other_1417_s21> [আন্তর্জাতিক উদরাময় গবেষণা কেন্দ্র, বাংলাদেশ,, ধারা ২১] কর্মচারীগণের দায়মুক্তি ও অধিকারসমূহ — সভাপতি, সদস্য, নির্বাহী পরিচালক এবং কর্মচারী-(ক) তাহাদের দাপ্তরিক ক্ষমতার অধীন সরল বিশ্বাসে কৃত কোনো কার্যের জ","family_180_s2_p1, family_180_s5","own_search","answered","2"
"prot_0066_05","Sorup","VERIFY","আমি যখন স্নাতক (সম্মান) শেষ বর্ষের ছাত্র, তখন আমাদের বাড়ির পাশের প্রাইমারি স্কুলের এক শিক্ষিকার সঙ্গে আমার বড় ভাইয়ের বিয়ের কথা চলছিল। এরপর হঠাৎ একদিন আমার বড় ভাই অসুস্থ হয়ে মারা যান। আমি মানসিকভাবে একেবারে ভেঙে পড়ি। মেয়েটিও খুব কষ্ট পায়। সেই থেকে মেয়েটি প্রায়ই আমাদের বাড়িতে আসত, সবার খোঁজখবর নিত। এভাবে মেয়েটির সঙ্গে আমার ঘনিষ্ঠতা বাড়তে থাকে। একপর্যায়ে আমরা পরস্পরকে ভালোবেসে ফেলি। কিন্তু কিছুদিন যেতে না-যেতেই এক প্রবাসী ছেলের সঙ্গে তার বিয়ে হয়ে যায়। অনেক দিন পর মুঠোফোনের মাধ্যমে মেয়েটির সঙ্গে আমি যোগাযোগ করলে সে তার ভুল স্বীকার করে। এরপর আবার তার সঙ্গে সম্পর্ক হয়। বিয়ের পর মেয়েটি এক দিনের জন্যও সুখী হতে পারেনি। মেয়েটির স্বামী প্রায় সময়ই দেশের বাইরে অবস্থান করেন। মেয়েটি তার শিক্ষকতার স্বল্প আয়ে দুটি অবুঝ সন্তান নিয়ে কোনোভাবে দিন যাপন করছে। মেয়েটির স্বামী আমাদের ব্যাপারে সবকিছুই জানেন। আমাকে তিনি কয়েকবার এই ব্যাপারে হুমকিও দিয়েছেন। এখন আমরা পেছনের সবকিছু ভুলে যদি আবার নতুন করে জীবন শুরু করি, তাহলে কি কেনো আইনি জটিলতায় পড়ব?","1. <other_1718_s29_p2> [অর্থ (২০২৫-২০২৬ অর্থ বৎসর) আইন, ২০২৬, ধারা ২৯] ২০২৩ সনের ১২ নং আইনের ধারা ২ এর সংশোধন — অথবা যেইক্ষেত্রে উক্ত পনেরোতম দিন সেপ্টেম্বর মাসের পনেরোতম দিনের পূর্বের তারিখে পড়ে, সেইক্ষেত্রে আয়বর্ষ সমাপ
2. <other_1429_s2_p4> [আয়কর আইন, ২০২৩, ধারা ২] সংজ্ঞা — পরবর্তী সেপ্টেম্বর মাসের পনেরোতম দিন;(গ) পূর্বে কখনোই রিটার্ন দাখিল করেন নাই এইরূপ স্বাভাবিক ব্যক্তি করদাতার ক
3. <other_1725_s97_p1> [অর্থ আইন, ২০২৬, ধারা ৯৭] ২০২৩ সনের ১২ নং আইনের ধারা ১৭০ এর সংশোধন — করের ৫% (পাঁচ শতাংশ) অথবা ৫ (পাঁচ) হাজার টাকা, যাহা অধিক সেই পরিমাণ অতিরিক্ত কর প্রযোজ্য হইবে । (খ) পূর্বে কখন
4. <other_1266_s2_p2> [বাংলাদেশ মুক্তিযোদ্ধা কল্যাণ ট্রাস্ট আইন, ২০, ধারা ২] সংজ্ঞা — জামায়াতে ইসলামী এবং তাহাদের সহযোগী রাজাকার, আলবদর, আলশামস বাহিনীর বিরুদ্ধে গণপ্রজাতন্ত্রী বাংলাদেশের স্বাধীনত
5. <labour_952_s117> [বাংলাদেশ শ্রম আইন, ২০০৬, ধারা ১১৭] মজুরীসহ বাৎসরিক ছুটি — (১) কোন প্রতিষ্ঠানে অবিচ্ছিন্নভাবে এক বৎসর চাকুরী পূর্ণ করিয়াছেন এমন প্রত্যেক প্রাপ্ত বয়স্ক শ্রমিককে পরবর্তী
6. <other_1417_s21> [আন্তর্জাতিক উদরাময় গবেষণা কেন্দ্র, বাংলাদেশ,, ধারা ২১] কর্মচারীগণের দায়মুক্তি ও অধিকারসমূহ — সভাপতি, সদস্য, নির্বাহী পরিচালক এবং কর্মচারী-(ক) তাহাদের দাপ্তরিক ক্ষমতার অধীন সরল বিশ্বাসে কৃত কোনো কার্যের জ
7. <other_1429_s31> [আয়কর আইন, ২০২৩, ধারা ৩১] আয় একীভূতকরণ — (১) এই আইনে ভিন্নরূপ কিছু না থাকিলে, নিম্নবর্ণিত আয়সমূহ কোনো ব্যক্তির মোট আয়ের অন্তর্ভুক্ত হইবে, যথা:-(ক) উক
8. <other_788_s77> [কোম্পানী আইন, ১৯৯৪, ধারা ৭৭] কোম্পানীর নিবন্ধিকৃত কার্যালয় ও নাম — (১) কোম্পানীর কার্যাবলী (business) আরম্ভ করার দিন অথবা উহা নিগমিত হওয়ার তারিখের পর অষ্টবিংশতিতম দিন, এই দুইয়
9. <women_children_835_s14> [নারী ও শিশু নির্যাতন দমন আইন, ২০০০, ধারা ১৪] সংবাদ মাধ্যমে 1 [নির্যাতনের শিকার] নারী ও শিশুর পরিচয় প্রকাশের ব্যাপারে বাধা-নিষেধ — (১) এই আইনে বর্ণিত অপরাধের শিকার হইয়াছেন এইরূপ নারী বা শিশুর ব্যাপারে সংঘটিত অপরাধ বা তত্সম্পর্কিত আইনগত কার্
10. <other_1485_s9> [বাংলাদেশ পুলিশ কল্যাণ তহবিল আইন, ২০২৩, ধারা ৯] মৃত্যু এবং অক্ষমতাজনিত কারণে এককালীন এবং মাসিক কল্যাণ অনুদান — (১) কোনো কর্মচারী বা তাহার মৃত্যু হইলে তাহার স্ত্রী বা, ক্ষেত্রমত, স্বামী, বিধি দ্বারা নির্ধারিত পদ্ধতিতে, নিম","criminal_procedure_11_s494, criminal_procedure_11_s497","own_search","answered","2"
"prot_0107_02","Sorup","VERIFY","সন্তানের মা অন্যত্র বিয়ে করেছেন কি না তা উল্লেখ করেননি। তবে সন্তানকে দেখতে পাওয়ার অধিকার আপনার আছে। এ জন্য আপনি চাইলে পারিবারিক আদালতের আশ্রয় নিতে পারেন। ছেলেসন্তানকে ফেরত পেতে সন্তানের সাত বছর পূর্ণ হওয়া পর্যন্ত অপেক্ষা করতে হবে। আসামি পলাতক থাকলে পরিণাম কী?","1. <women_children_835_s13> [নারী ও শিশু নির্যাতন দমন আইন, ২০০০, ধারা ১৩] (১) অন্য কোন আইনে ভিন্নতর যাহা কিছুই থাকুক না কেন, ধর্ষণের কারণে কোন সন্তান জন্মলাভ করিলে-(ক) উক্ত সন্তানকে তা
2. <women_children_1063_s17> [পারিবারিক সহিংসতা (প্রতিরোধ ও সুরক্ষা) আইন, , ধারা ১৭] নিরাপদ হেফাজত আদেশ — আপাততঃ বলবৎ অন্য কোন আইনে যাহা কিছুই থাকুক না কেন, আদালত এই আইনের অধীন আবেদন বিবেচনার যে কোন পর্যায়ে সংক্ষুব্
3. <women_children_1063_s15_p1> [পারিবারিক সহিংসতা (প্রতিরোধ ও সুরক্ষা) আইন, , ধারা ১৫] বসবাস আদেশ — অংশ বিশেষ সংক্ষুব্ধ ব্যক্তির অনুকূলে দখলে রাখিবার আদেশ প্রদান করা হইলেও উক্ত আদেশ উক্ত বাসগৃহে প্রতিপক্ষের স্ব
4. <women_children_1063_s2> [পারিবারিক সহিংসতা (প্রতিরোধ ও সুরক্ষা) আইন, , ধারা ২] সংজ্ঞা — - বিষয় বা প্রসঙ্গের পরিপন্থী কিছু না থাকিলে, এই আইনে-(১)""অর্ন্তব র্তীকালীন সুরক্ষা আদেশ""অর্থ ধারা ১৩ এর অধীন 
5. <other_1132_s2> [পিতা-মাতার ভরণ-পোষণ আইন, ২০১৩, ধারা ২] সংজ্ঞা — বিষয় বা প্রসঙ্গের পরিপন্থী কোন কিছু না থাকিলে, এই আইনে—(ক) “পিতা” অর্থ এমন ব্যক্তি যিনি সন্তানের জনক;(খ) “ভরণ
6. <family_1444_s28> [পারিবারিক আদালত আইন, ২০২৩, ধারা ২৮] কতিপয় আইনের বিধানাবলির প্রযোজ্যতা ও অপ্রযোজ্যতা — (১) এই আইন বা তদধীন প্রণীত কোনো বিধিতে ভিন্নরূপ কিছু উল্লেখ না থাকিলে,Evidence Act, 1872(Act No.1 of 1872) এবং
7. <women_children_1119_s69> [শিশু আইন, ২০১৩, ধারা ৬৯] পলাতক শিশু সম্পর্কে করণীয় — (১) আপাতত বলবৎ অন্য কোন আইন এবং এই আইনের অন্যান্য বিধানে ভিন্নরূপ যাহা কিছুই থাকুক না কেন, কোন পুলিশ কর্মকর্তা
8. <family_1444_s26> [পারিবারিক আদালত আইন, ২০২৩, ধারা ২৬] মুসলিম পারিবারিক আইনের বিধানকে প্রভাবিত না করা — (১) এই আইনের কোনো কিছুই মুসলিম পরিবারিক আইন অথবা তদধীন প্রণীত বিধিমালার কোনো বিধানকে প্রভাবিত করিবে না।(২) যেক
9. <other_1429_s31> [আয়কর আইন, ২০২৩, ধারা ৩১] আয় একীভূতকরণ — (১) এই আইনে ভিন্নরূপ কিছু না থাকিলে, নিম্নবর্ণিত আয়সমূহ কোনো ব্যক্তির মোট আয়ের অন্তর্ভুক্ত হইবে, যথা:-(ক) উক
10. <other_1132_s7> [পিতা-মাতার ভরণ-পোষণ আইন, ২০১৩, ধারা ৭] অপরাধ বিচারার্থ গ্রহণ ও বিচার — (১)Code of Criminal Procedure, 1898(Act V of 1898) এ যাহা কিছুই থাকুক না কেন, এই আইনের অধীন সংঘটিত অপরাধ ১ম শ্","criminal_procedure_75_s87, criminal_procedure_75_s88_p0","own_search","answered","2"
"prot_0017_01","Sorup","VERIFY","তাঁর স্ত্রী ও তিন মেয়ে আছে, কোনো ছেলে নেই। তবে বড় মেয়ের বিয়ে হয়েছে এবং বাকিরা এখনো আমাদের সঙ্গে যৌথ পরিবারে থাকেন। বড় ভাইয়ের নামে বেশ কিছু সম্পত্তি আছে। ২০০৮ সালে আমাদের বাবা মারা যান। আমার প্রশ্ন, বড় ভাই, বাবার আগেই মারা যাওয়ায় ‘হিন্দু আইনে’ তিনি বা তাঁর তিন মেয়ে আমার বাবার সম্পত্তির ওয়ারিশ কি না?","1. <other_822_s10> [পার্বত্য চট্টগ্রাম আঞ্চলিক পরিষদ আইন, ১৯৯৮, ধারা ১০] সম্পত্তি সম্পর্কিত ঘোষণা — চেয়ারম্যান ও প্রত্যেক সদস্য তাহার কার্যভার গ্রহণের পূর্বে তাহার এবং তাঁহার পরিবারের কোন সদস্যের স্বত্ব, দখল ব
2. <local_government_1027_s41> [স্থানীয় সরকার (ইউনিয়ন পরিষদ) আইন, ২০০৯, ধারা ৪১] সম্পত্তি সম্পর্কিত ঘোষণা — চেয়ারম্যান ও সদস্য তাঁহার কার্যভার গ্রহণের পূর্বে তাঁহার এবং তাঁহার পরিবারের কোন সদস্যের স্বত্ব, দখল বা স্বার
3. <local_government_827_s10> [উপজেলা পরিষদ আইন, ১৯৯৮, ধারা ১০] সম্পত্তি সম্পর্কিত ঘোষণা — 14[চেয়ারম্যান ও ভাইস চেয়ারম্যান ] তাঁহার কার্যভার গ্রহণের পূর্বে তাঁহার এবং তাঁহার পরিবারের কোন সদস্যের স্বত
4. <criminal_procedure_1012_s34> [সিলেট মহানগরী পুলিশ আইন, ২০০৯, ধারা ৩৪] জনস্বার্থে গান-বাজনা ইত্যাদি নিয়ন্ত্রণ — কোন এলাকার জনসাধারণ বা কোন ব্যক্তি বিশেষের অসুবিধা বা বিরক্তি দূরীকরণের জন্য প্রয়োজন মনে করিলে পুলিশ কমিশনার 
5. <local_government_1027_s2_p1> [স্থানীয় সরকার (ইউনিয়ন পরিষদ) আইন, ২০০৯, ধারা ২] সংজ্ঞা — শহর হিসাবে ঘোষিত নয় এইরূপ এলাকা;(১৩) 'চেয়ারম্যান' অর্থ ইউনিয়ন পরিষদের চেয়ারম্যান;(১৪) 'জনপথ' অর্থ সর্বসাধা
6. <criminal_procedure_765_s33> [রাজশাহী মহানগরী পুলিশ আইন, ১৯৯২, ধারা ৩৩] গান-বাজনা, ইত্যাদি নিষেধ বা নিয়ন্ত্রণ করার ব্যাপারে পুলিশ কমিশনারের ক্ষমতা — কোন এলাকার জনসাধারণ বা কোন ব্যক্তি বিশেষের অসুবিধা বা বিরক্তি দূরীকরণের জন্য প্রয়োজন মনে করিলে, পুলিশ কমিশনার
7. <other_1156_s25> [মেট্রোরেল আইন, ২০১৫, ধারা ২৫] ক্ষতিপূরণ প্রদান — মেট্রোরেল পরিচালনাকালে উহা হইতে উদ্ভূত দুর্ঘটনার ফলে যদি কোন ব্যক্তি আঘাতপ্রাপ্ত বা ক্ষতিগ্রস্ত হন বা আঘাতপ্রা
8. <other_1201_s27> [বাস র‍্যাপিড ট্রানজিট (বিআরটি) আইন, ২০১৬, ধারা ২৭] ক্ষতিপূরণ প্রদান — বিআরটি পরিচালনাকালে উহা হইতে উদ্ভূত দুর্ঘটনার ফলে যদি কোনো ব্যক্তি আঘাতপ্রাপ্ত বা ক্ষতিগ্রস্ত হন বা আঘাতপ্রাপ্
9. <other_1170_s15> [বাংলাদেশ  সরকারি-বেসরকারি অংশীদারিত্ব আইন, ২, ধারা ১৫] জাতীয় অগ্রাধিকার প্রকল্প — (১) দেশের আর্থ-সামাজিক উন্নয়ন ত্বরান্বিত করিবার বা জনসাধারণের বড় ধরনের কোন দূর্ভোগ দ্রুত নিরসনের প্রয়োজনে চ
10. <other_1143_s6> [ভোজ্যতেলে ভিটামিন ‘এ’ সমৃদ্ধকরণ আইন, ২০১৩, ধারা ৬] ভিটামিন ‘এ’ সমৃদ্ধ ভোজ্যতেলের বোতল, প্যাকেট, টিন বা অন্যান্য আধারের গায়ে ব্যবহার্য মোড়ক (label) — (১) ভোজ্যতেল সমৃদ্ধকারী বা পরিশোধনকারী কর্তৃক বিক্রয় বা সরবরাহের উদ্দেশ্যে সংরক্ষিত বা প্রদর্শিত ভোজ্যতেলের ব","other_171_s3","own_search","answered","1"
"prot_0085_06","Sorup","VERIFY","চার বছর ধরে আমার একজন সহকর্মীর সঙ্গে সম্পর্ক তৈরি হয়। আমার সহকর্মী হিন্দু। এই সম্পর্কের মধ্যে তিন বছর আগেই ও আর আমি হিন্দুধর্মমতে বিয়ে করি। আমি নিজেকে ওর স্ত্রী বলে দাবি করি। শাঁখা ও সিঁদুর পরিধান করি। তবে আমি আমার ধর্ম ত্যাগ করিনি। ও নিজেও করেনি। এ সময়ে আমরা দুজন একত্রে এক বাসায় অবস্থান করছি। এখন আমার বাসায় আমার বিয়ের জন্য খুব চাপ দিচ্ছে। আপনার কাছে আমার জিজ্ঞাসা, আমাদের বিয়ে কি আইনগত বৈধ? যদি না হয় তবে নিজেদের ধর্ম ঠিক রেখে আমরা কীভাবে স্বামী-স্ত্রীর মতো আইনত বসবাস করতে পারি? আমি কি হিন্দুধর্ম গ্রহণ করে ওকে বিয়ে করতে পারি? আমার বাড়িতে খুব তাড়াতাড়ি আমার বিয়ের ব্যবস্থা হচ্ছে। জিসা ঢাকা","1. <land_1109_s8> [ওয়াক্‌ফ (সম্পত্তি হস্তান্তর ও উন্নয়ন) বিশেষ , ধারা ৮] হস্তান্তরের উদ্দেশ্যে বিশেষ কমিটি — (১) এই আইনের অধীন ওয়াক্ফ সম্পত্তি হস্তান্তরের বিষয়ে সুপারিশ প্রদানের লক্ষ্যে নিম্নবর্ণিত সদস্য সমন্বয়ে বিশে
2. <family_1105_s6> [হিন্দু বিবাহ নিবন্ধন আইন, ২০১২, ধারা ৬] বিবাহ নিবন্ধিকরণ পদ্ধতি — (১) হিন্দু ধর্ম, রীতি-নীতি ও আচার-অনুষ্ঠান অনুযায়ী হিন্দু বিবাহ সম্পন্ন হওয়ার পর উক্ত বিবাহের দালিলিক প্রমাণ
3. <other_1271_s22> [সরকারি চাকরি আইন, ২০১৮, ধারা ২২] কল্যাণমূলক ব্যবস্থা — (১) সরকার বা, ক্ষেত্রমত, উপযুক্ত কর্তৃপক্ষ সরকারি কর্মচারী ও তাহার পরিবারের সদস্যগণের কল্যাণে শিক্ষা, চিকিৎসা,
4. <other_880_s6> [ইমাম ও মুয়াজ্জিন কল্যাণ ট্রাস্ট আইন, ২০০১, ধারা ৬] ট্রাস্টী বোর্ডের গঠন — (১) ট্রাস্টী বোর্ড নিম্নবর্ণিত সদস্য সমন্বয়ে গঠিত হইবে, যথা:-(ক) সচিব, ধর্ম বিষয়ক মন্ত্রণালয়, পদাধিকারবলে, 
5. <other_1170_s25> [বাংলাদেশ  সরকারি-বেসরকারি অংশীদারিত্ব আইন, ২, ধারা ২৫] স্বার্থের সংঘাত — বেসরকারি অংশীদার নির্বাচন প্রক্রিয়ায় দরপত্র মূল্যায়নের সহিত জড়িত কোন ব্যক্তির নিকট যদি প্রতীয়মান হয় যে, 
6. <labour_952_s98> [বাংলাদেশ শ্রম আইন, ২০০৬, ধারা ৯৮] সংবাদপত্র শ্রমিকের জন্য চিকিৎসা পরিচর্যা — প্রত্যেক সংবাদপত্র শ্রমিক এবং তাহার উপর নির্ভরশীলগণ সংবাদপত্র প্রতিষ্ঠানের খরচে বিধি দ্বারা নির্ধারিত পন্থায় 
7. <constitutional_957_s2ক> [গণপ্রজাতন্ত্রী বাংলাদেশের সংবিধান, অনুচ্ছেদ ২ক] প্রজাতন্ত্রের রাষ্ট্রধর্ম ইসলাম, তবে হিন্দু, বৌদ্ধ, খ্রীষ্টানসহ অন্যান্য ধর্ম পালনে রাষ্ট্র সমমর্যাদা ও সমঅধিক
8. <other_1173_s2> [বাংলাদেশ চা শ্রমিক কল্যাণ তহবিল আইন, ২০১৬, ধারা ২] সংজ্ঞা — বিষয় বা প্রসঙ্গের পরিপন্থী কোন কিছু না থাকিলে, এই আইনে,(১) ‘‘চেয়ারম্যান’’ অর্থ বোর্ডের চেয়ারম্যান;(২) ‘‘তহব
9. <other_770_s8> [বাংলাদেশ উন্মুক্ত বিশ্ববিদ্যালয় আইন, ১৯৯২, ধারা ৮] জাতি-ধর্ম-নির্বিশেষে সকলের জন্য বিশ্ববিদ্যালয় উন্মুক্ত — (১) যে কোন জাতি, ধর্ম, বর্ণ, গোত্র ও শ্রেণীর পুরুষ ও মহিলার জন্য বিশ্ববিদ্যালয় উন্মুক্ত থাকিবে।(২) উপ-ধারা (১
10. <road_transport_1262_s84> [সড়ক পরিবহণ আইন, ২০১৮, ধারা ৮৪] কর্তৃপক্ষ কর্তৃক নির্ধারিত কোনো মোটরযানের কারিগরি বিনির্দেশ অমান্য সংক্রান্ত ধারা ৪০ এর বিধান লঙ্ঘনের দণ্ড — যদি কোনো ব্যক্তি ধারা ৪০ এর বিধান লঙ্ঘন করেন, তাহা হইলে উক্ত লঙ্ঘন হইবে একটি অপরাধ, এবং তজ্জন্য তিনি অনধিক ৩ (","other_25_s2","own_search","answered","2"
"prot_0056_01","Sorup","VERIFY","কিছুদিন আগে আমি আমার এক পরিচিত ব্যক্তিকে একটি বিশেষ কাজ করার জন্য ৫০ হাজার টাকা দিয়েছিলাম। টাকা দেওয়ার সময় একটি ১৫০ টাকার স্ট্যাম্পে চুক্তি করেছিলাম যে সঠিক সময়ে কাজ সম্পূর্ণ করতে না পারলে আমার টাকা ফেরত দিতে হবে। নির্ধারিত সময়ে তিনি আমার কাজ করতে পারেননি। এখন শর্ত অনুুযায়ী তাঁর কাছে টাকা ফেরত চাইলে তিনি আমাকে এড়িয়ে যান। এমনকি তিনি আমাকে ধমক দিয়ে বলেন যে ১৫০ টাকার স্ট্যাম্পের আজকাল কোনো মূল্য নেই। এই পরিস্থিতিতে তাঁর কাছ থেকে টাকা আদায় করার ক্ষেত্রে আমার করণীয় কী?মো. সুমনঠাকুরগাঁও","1. <labour_952_s287> [বাংলাদেশ শ্রম আইন, ২০০৬, ধারা ২৮৭] অনুমোদিত অনুপস্থিতির সময়ে মঞ্জুরীরর বিনিময়ে কাজ করার দন্ড — কোন মহিলা, চতুর্থ অধ্যায়ের বিধি মোতাবেক তাহার মালিক কর্তৃক অনুমোদিত অনুপস্থিতিকালে, নগদ অর্থ অথবা জিনিসের বিন
2. <other_1443_s2_p2> [বাংলাদেশ ক্ষুদ্র ও কুটির শিল্প কর্পোরেশন আইন, ধারা ২] সংজ্ঞা — স্থায়ী সম্পদের মূল্য প্রতিস্থাপন ব্যয়সহ অন্যূন ১৫ (পনেরো) কোটি ১ (এক) টাকা হইতে অনধিক ৫০ (পঞ্চাশ) কোটি টাকা,
3. <other_1246_s176> [ক্যান্টনমেন্ট আইন, ২০১৮, ধারা ১৭৬] উপ-আইন ভঙ্গ করার ক্ষেত্রে দণ্ড — (১) যদি কোনো ব্যক্তি এই আইনের অধীনে প্রণীত কোনো উপ-আইন লঙ্ঘন করেন, তাহা হইলে, তিনি-(ক) অনধিক ১ (এক) হাজার টাকা
4. <other_891_s86> [অর্থ আইন, ২০০২, ধারা ৮৬] ১৯৯১ সনের ২২ নং আইনের ধারা ৪০ এর সংশোধন — মূল্য সংযোজন কর আইনের ধারা ৪০ এর দফা (খ) এর টেবিলের পরিবর্তে নিম্নরূপ টেবিল প্রতিস্থাপিত হইবে, যথা:-“টেবিলন্যা
5. <other_1149_s8> [পল্লী  সঞ্চয় ব্যাংক আইন, ২০১৪, ধারা ৮] অনুমোদিত মূলধন — (১) ব্যাংকের অনুমোদিত মূলধন হইবে এক হাজার কোটি টাকা।(২) অনুমোদিত মূলধন প্রতিটি ১০০ (একশত) টাকার ১০ (দশ) কোটি স
6. <other_788_s342> [কোম্পানী আইন, ১৯৯৪, ধারা ৩৪২] লিকুইডেটর কর্তৃক ব্যাংকে টাকা জমাদান — (১) আদালত কর্তৃক অবলুপ্ত হইতেছে এইরূপ কোম্পানীর প্রত্যেক লিকুইডেটর তত্কর্তৃক গৃহীত সকল টাকা নির্ধারিত পদ্ধতিতে
7. <other_813_s6> [বাংলাদেশ কমার্স এন্ড ইনভেষ্টমেন্ট লিমিটেড (প, ধারা ৬] মূলধন বা শেয়ার মূল্য পরিশোধের পদ্ধতি — (১) “ক” শ্রেণীর শেয়ারহোল্ডার নগদ অর্থ প্রদানের মাধ্যমে শেয়ার মূল্য পরিশোধ করিবেন এবং উক্ত শ্রেণীর শেয়ারহোল্
8. <other_1195_s29> [চা আইন, ২০১৬, ধারা ২৯] দণ্ড — যদি কোন ব্যক্তি-(ক) ধারা ১৬ ও ২১ ব্যতীত এই আইনের কোন বিধান লঙ্ঘন করেন, বা(খ) এই আইনের অধীন জারীকৃত কোন আদেশ বা
9. <other_1246_s132> [ক্যান্টনমেন্ট আইন, ২০১৮, ধারা ১৩২] নির্মাণ সমাপ্তিকরণের সময়সীমা — (১) বোর্ড, ইতঃপূর্বে উল্লিখিতরূপে কোনো ইমারতের নির্মাণ বা পুনঃনির্মাণ অনুমোদনের সময়, কাজ শুরু হইবার পর নির্মা
10. <labour_1285_s151> [বাংলাদেশ ইপিজেড শ্রম আইন, ২০১৯, ধারা ১৫১] অন্যায় আচরণের জন্য দণ্ড — (১) কোনো ব্যক্তি ধারা ১১৫ এর উপ-ধারা (১) এ বর্ণিত কোনো কাজ করিলে, তিনি ৫০ (পঞ্চাশ) হাজার টাকা পর্যন্ত অর্থদণ্ড","other_26_s73","own_search","answered","2"
"prot_0065_02","Sorup","VERIFY","আমার বাবা একজন সরকারি চাকরিজীবী। আমরা তিন বোন। আমার কোনো ভাই নেই। বাবা কিছুদিন পর চাকরি থেকে অবসর নেবেন। আমার বাবার দুই ভাই ও দুই বোন। আমার দাদি এখনও বেঁচে আছেন। আমার চাচা, ফুফু ও দাদি বাবার পেনশনের টাকার অংশীদার হতে চান।প্রশ্ন হচ্ছে, তাঁরা আইনগতভাবে কি এই টাকার অংশীদার হবেন? পেনশনের পুরো টাকা কি আমাদের তিন বোনের প্রাপ্য? আমার বাবা যদি নিজ ইচ্ছায় এই টাকা থেকে কিছু তাঁদের দিয়ে দেন, তবে আইনগতভাবে আমাদের, মানে তিন বোনের ও আমার মায়ের করণীয় কী?নাম প্রকাশে অনিচ্ছুক","1. <other_1682_s2_p0> [মানবদেহে অঙ্গ-প্রত্যঙ্গ সংযোজন আইন, ২০২৬, ধারা ২] সংজ্ঞা — বিষয় বা প্রসঙ্গের পরিপন্থি কোনো কিছু না থাকিলে, এই আইনে- (১) “অঙ্গ-প্রত্যঙ্গ” অর্থ মানবদেহের কিডনি, হৃৎপিণ্ড,
2. <other_1418_s21_p0> [বাংলাদেশ সুপ্রীম কোর্টের বিচারক (ছুটি, পেনশন, ধারা ২১] আনুতোষিক ও পারিবারিক পেনশন — (১) ধারা ১৪ এর দফা (ক) এর বিধান অনুযায়ী কোনো বিচারক অবসরের পর বা তাহার মৃত্যুতে তাহার পরিবার যে পরিমাণ গ্রস-প
3. <other_1349_s2> [আকাশপথে পরিবহণ (মন্ট্রিল কনভেনশন) আইন, ২০২০, ধারা ২] বিষয়বাপ্রসঙ্গেরপরিপন্থিকোনোকিছুনাথাকিলে,এইআইনে-(ক)‘অভ্যন্তরীণপরিবহণ’অর্থআকাশপথে পরিবহণেপক্ষসমূহেরমধ্যেসম্পাদি
4. <other_1148_s2> [বাংলাদেশ সাংবাদিক কল্যাণ ট্রাস্ট আইন, ২০১৪, ধারা ২] সংজ্ঞা — বিষয় বা প্রসঙ্গের পরিপন্থী কোন কিছু না থাকিলে, এই আইনে-(১) ‘‘চেয়ারম্যান’’ অর্থ বোর্ডের চেয়ারম্যান;(২) ‘‘ট্র
5. <women_children_1207_s8> [বাল্যবিবাহ নিরোধ আইন, ২০১৭, ধারা ৮] বাল্যবিবাহ সংশ্লিষ্ট পিতা-মাতাসহ অন্যান্য ব্যক্তির শাস্তি — পিতা-মাতা, অভিভাবক অথবা অন্য কোন ব্যক্তি, আইনগতভাবে বা আইনবহির্ভূতভাবে কোন অপ্রাপ্ত বয়স্ক ব্যক্তির উপর কর্তৃত
6. <other_1158_s21> [ফরমালিন নিয়ন্ত্রণ আইন, ২০১৫, ধারা ২১] লাইসেন্সের শর্ত ভঙ্গ করার দণ্ড — কোন ব্যক্তি যদি এই আইনের অধীন প্রদত্ত লাইসেন্সের কোন শর্ত ভঙ্গ করেন, তাহা হইলে উক্ত ব্যক্তির উক্ত কার্য হইবে এ
7. <other_1266_s2_p3> [বাংলাদেশ মুক্তিযোদ্ধা কল্যাণ ট্রাস্ট আইন, ২০, ধারা ২] সংজ্ঞা — বা স্বামী এবং পিতা-মাতার অবর্তমানে খেতাবপ্রাপ্ত বীর মুক্তিযোদ্ধার সন্তান; বা(উ) (অ)-(ঈ) পর্যন্ত বর্ণিত ব্যক্তি
8. <other_1158_s23> [ফরমালিন নিয়ন্ত্রণ আইন, ২০১৫, ধারা ২৩] লাইসেন্স ব্যতীত ফরমালিন পরিবহন বা দখলে রাখার দণ্ড — কোন ব্যক্তি যদি লাইসেন্স ব্যতীত ফরমালিন পরিবহন করেন বা দখলে রাখেন, তাহা হইলে উক্ত ব্যক্তির উক্ত কার্য হইবে একট
9. <other_1158_s26> [ফরমালিন নিয়ন্ত্রণ আইন, ২০১৫, ধারা ২৬] মিথ্যা বা হয়রানিমূলক মামলা দায়েরের দণ্ড — যদি কোন ব্যক্তি অপর কোন ব্যক্তির বিরুদ্ধে এই আইনের অধীন কোন অপরাধের বিষয়ে কোন মামলা দায়ের করেন এবং যদি তদন্ত
10. <other_902_s42> [বাংলাদেশ এনার্জি রেগুলেটরী কমিশন আইন, ২০০৩, ধারা ৪২] শাস্তি — যদি কোন ব্যক্তি এই আইন, বিধি বা প্রবিধানের বিধান লঙ্ঘন করেন, তিনি অনধিক ৩ (তিন) বত্সরের কারাদণ্ড বা অন্যুন ৫,০","none","none","not_found","1"
"prot_0062_03","Sorup","VERIFY","২০০৭ সালে আমার বিয়ে হয়। আমার স্বামী বহুজাতিক প্রতিষ্ঠানে কর্মরত। আমাদের একটি সন্তানও আছে। আমি চাকরি খুঁজছি। বিয়ের পর থেকে এখন পর্যন্ত স্বামী আমাদের ভরণপোষণ দেয় না। আমাকে সে সন্দেহ করে। আমার নামে কুৎসা রটায়। এখন আমি বাবার বাড়িতে আছি। ভরণপোষণ চাইলে সে উল্টো ধমক দেয়। আমার মা-বাবাও কোনো সাহায্য করছেন না। কীভাবে আমি আমার দেনমোহর ও ভরণপোষণের টাকা পেতে পারি?","1. <women_children_835_s13> [নারী ও শিশু নির্যাতন দমন আইন, ২০০০, ধারা ১৩] (১) অন্য কোন আইনে ভিন্নতর যাহা কিছুই থাকুক না কেন, ধর্ষণের কারণে কোন সন্তান জন্মলাভ করিলে-(ক) উক্ত সন্তানকে তা
2. <family_1444_s5> [পারিবারিক আদালত আইন, ২০২৩, ধারা ৫] পারিবারিক আদালতের এখতিয়ার — মুসলিম পারিবারিক আইনের বিধানাবলি সাপেক্ষে, পারিবারিক আদালতে নিম্নরূপ সকল বা যেকোনো বিষয় সম্পর্কিত বা উহা হইতে
3. <labour_952_s179_p2> [বাংলাদেশ শ্রম আইন, ২০০৬, ধারা ১৭৯] রেজিস্ট্রিকরণের জন্য প্রয়োজনীয় বিষয়াদি — সম্পর্কযুক্ত কি না এইরূপ কোন সন্দেহ বা বিরোধ দেখা দেয় সে ক্ষেত্রে বিষয়টি নিষ্পত্তির জন্য শ্রম পরিচালকের নিকট
4. <labour_952_s204> [বাংলাদেশ শ্রম আইন, ২০০৬, ধারা ২০৪] 1 [মজুরী হইতে চাঁদা কর্তন ( চেক-অফ)] — (১) যৌথ দরকষাকষি প্রতিনিধি অনুরোধ করিলে যে কোন মালিক তার প্রতিষ্ঠানে কর্মরত শ্রমিকগণের, যাহারা ঐ সিবিএ ইউনিয়ন
5. <other_1485_s9> [বাংলাদেশ পুলিশ কল্যাণ তহবিল আইন, ২০২৩, ধারা ৯] মৃত্যু এবং অক্ষমতাজনিত কারণে এককালীন এবং মাসিক কল্যাণ অনুদান — (১) কোনো কর্মচারী বা তাহার মৃত্যু হইলে তাহার স্ত্রী বা, ক্ষেত্রমত, স্বামী, বিধি দ্বারা নির্ধারিত পদ্ধতিতে, নিম
6. <other_1266_s2_p3> [বাংলাদেশ মুক্তিযোদ্ধা কল্যাণ ট্রাস্ট আইন, ২০, ধারা ২] সংজ্ঞা — বা স্বামী এবং পিতা-মাতার অবর্তমানে খেতাবপ্রাপ্ত বীর মুক্তিযোদ্ধার সন্তান; বা(উ) (অ)-(ঈ) পর্যন্ত বর্ণিত ব্যক্তি
7. <labour_952_s98> [বাংলাদেশ শ্রম আইন, ২০০৬, ধারা ৯৮] সংবাদপত্র শ্রমিকের জন্য চিকিৎসা পরিচর্যা — প্রত্যেক সংবাদপত্র শ্রমিক এবং তাহার উপর নির্ভরশীলগণ সংবাদপত্র প্রতিষ্ঠানের খরচে বিধি দ্বারা নির্ধারিত পন্থায় 
8. <other_743_s4> [দানকর আইন, ১৯৯০, ধারা ৪] কতিপয় দানের ক্ষেত্রে অব্যাহতি — (১) নিম্নবর্ণিত ক্ষেত্রসমূহে কোন ব্যক্তির কৃত দানের উপর এই আইনের অধীন কোন দানকর আরোপযোগ্য হইবে না, যথা :-(ক) দ
9. <other_934_s16> [সার ব্যবস্থাপনা আইন, ২০০৬, ধারা ১৬] ব্রান্ডের অপ-ব্যবহার (Misbranding) — (১) কোন ব্যক্তি সারের নির্দিষ্ট কোন ব্রান্ডের পরিবর্তন ঘটাইয়া (Misbranding Fertilizer) উহা সরবরাহ, বিপণন বা ব
10. <other_1429_s31> [আয়কর আইন, ২০২৩, ধারা ৩১] আয় একীভূতকরণ — (১) এই আইনে ভিন্নরূপ কিছু না থাকিলে, নিম্নবর্ণিত আয়সমূহ কোনো ব্যক্তির মোট আয়ের অন্তর্ভুক্ত হইবে, যথা:-(ক) উক","family_1444_s5, family_305_s9","own_search","answered","2"
"prot_0079_03","Sorup","VERIFY","আমি স্নাতকোত্তর পর্যায়ে পড়ছি। আমার বয়স ২৮ বছর। কিছুদিন আগে একজনের সঙ্গে আমার সম্পর্ক হয়। তাঁর বয়স ২৪। আমরা বিয়ে করার সিদ্ধান্ত নিই। কিন্তু সমস্যা হলো, ওই ছেলে বাড়িতে আমার ব্যাপারে কথা বললে জানতে পারে তার বাবা-মা তাকে তিন বছর বয়সে দুই বছর বয়সী এক মেয়ের সঙ্গে বিয়ে দেন। কিন্তু এ কথা ছেলেমেয়ে কেউ জানে না। পড়ালেখার ক্ষতি হবে বলে তাকে জানানো হয়নি। ছেলেটি বিয়ের কথা জানার সঙ্গে সঙ্গে ওই মেয়েকে তালাকনামা পাঠায়। কিন্তু তার মা-বাবা আমাকে মেনে নিচ্ছেন না। এখন ছেলেটি মানসিকভাবে ভেঙে পড়েছে, সঙ্গে আমিও। ওই মেয়েটি কি আইনগতভাবে তার স্ত্রী হওয়ার অধিকার পেতে পারে? উল্লেখ্য, তাদের বিয়ের আইনসম্মত কোনো দলিল নেই। আর এ পর্যায়ে আমি কী করতে পারি? আমি ছেলেটিকে বিয়ে করতে চাই, সেটি কীভাবে সম্ভব?নাম প্রকাশে অনিচ্ছুক","1. <other_1126_s8> [প্রতিবন্ধী ব্যক্তির অধিকার ও সুরক্ষা আইন, ২০, ধারা ৮] বাকপ্রতিবন্ধিতা (speech disability) — নিম্নবর্ণিত দফাসমূহে উল্লিখিত বৈশিষ্ট্যসমূহের মধ্যে এক বা একাধিক বৈশিষ্ট্যের অধিকারী ব্যক্তি ‘বাকপ্রতিবন্ধী ব্
2. <other_1124_s7> [মাতৃদুগ্ধ বিকল্প, শিশু খাদ্য, বাণিজ্যিকভাবে , ধারা ৭] শিক্ষামূলক বা অন্যান্য তথ্যাদি — জন্ম-পূর্ববর্তী বা জন্ম-পরবর্তী সেবা দানের উদ্দেশ্যে কোন গর্ভবতী মহিলা বা মাতৃদুগ্ধদানকারী বা শিশুর মায়েদের স
3. <other_775_s26> [বাংলাদেশ সিকিউরিটিজ অ্যান্ড এক্সচেঞ্জ কমিশন , ধারা ২৬] জটিলতার নিরসনের ক্ষমতা — (১) এই আইনের বিধানাবলী কার্যকর করার ক্ষেত্রে কোন অসুবিধা দেখা দিলে সরকার উক্ত অসুবিধা দূরীকরণার্থে, আদেশ দ্বার
4. <other_813_s20> [বাংলাদেশ কমার্স এন্ড ইনভেষ্টমেন্ট লিমিটেড (প, ধারা ২০] জটিলতা নিরসনের ক্ষমতা — (১) এই আইনের বিধানাবলী কার্যকর করার ক্ষেত্রে কোন অসুবিধা দেখা দিলে সরকার উক্ত অসুবিধা দূরীকরণার্থে, আদেশ দ্বার
5. <labour_952_s311> [বাংলাদেশ শ্রম আইন, ২০০৬, ধারা ৩১১] বয়স প্রমাণের দায়িত্ব — (১) কোন ব্যক্তি কোন নির্দিষ্ট বয়সের কম বা বেশী বয়সী হওয়ার কারণে তাহার কোন কাজ যদি এই আইনের অধীনে দণ্ডযোগ্য 
6. <labour_1285_s24> [বাংলাদেশ ইপিজেড শ্রম আইন, ২০১৯, ধারা ২৪] চাকরি হইতে অবসর গ্রহণ — (১) এই অধ্যায়ের অন্যত্র যাহা কিছুই উল্লে­খ থাকুক না কেন, কোনো প্রতিষ্ঠানে নিয়োজিত কোনো শ্রমিকের বয়স ৬০ (ষাট
7. <labour_952_s95> [বাংলাদেশ শ্রম আইন, ২০০৬, ধারা ৯৫] চা-বাগানে বিনোদন ও শিক্ষার সুবিধা — সরকার চা বাগান সম্পর্কে-(ক) বিধি প্রণয়ন করিয়া উহার প্রত্যেক মালিককে সেখানে নিযুক্ত শ্রমিকগণ এবং তাহাদের শিশু
8. <road_transport_1262_s84> [সড়ক পরিবহণ আইন, ২০১৮, ধারা ৮৪] কর্তৃপক্ষ কর্তৃক নির্ধারিত কোনো মোটরযানের কারিগরি বিনির্দেশ অমান্য সংক্রান্ত ধারা ৪০ এর বিধান লঙ্ঘনের দণ্ড — যদি কোনো ব্যক্তি ধারা ৪০ এর বিধান লঙ্ঘন করেন, তাহা হইলে উক্ত লঙ্ঘন হইবে একটি অপরাধ, এবং তজ্জন্য তিনি অনধিক ৩ (
9. <other_1016_s11> [বাংলাদেশ ইউনিভার্সিটি অব প্রফেশনালস আইন, ২০০, ধারা ১১] ভাইস-চ্যান্সেলর নিয়োগ — (১) চ্যান্সেলর, তদকর্তৃক নির্ধারিত শর্তে, মেজর জেনারেল বা তদূর্ধ্ব পদবীর, চাকুরীরত বা অবসরপ্রাপ্ত, কোন কর্মকর্
10. <other_1403_s40> [মোংলা বন্দর কর্তৃপক্ষ আইন, ২০২২, ধারা ৪০] দণ্ড — কোনো ব্যক্তি যদি এই আইন ও বিধির কোনো বিধান লঙ্ঘন করেন তাহা হইলে উক্ত লঙ্ঘন হইবে একটি অপরাধ এবং তজ্জন্য তিনি অন","family_305_s7","own_search","answered","1"
"prot_0053_04","Sorup","VERIFY","আমার স্বামী মারা গেছেন ১৯৯১ সালে। তখন তাঁর মা-বাবা জীবিত ছিলেন। এখন আমার স্বামীর মা-বাবা দুজনই মৃত। আমার স্বামী কিছু সম্পত্তি কিনে নিজ নামে নিবন্ধন করেছিলেন। তাঁর নামেই নামজারি আছে। মা-বাবা মারা যাওয়ার পর স্বামীর ভাইয়েরা তাঁর সম্পত্তির তিন ভাগের এক ভাগ দাবি করছেন।আমার স্বামীর ওয়ারিশ হিসেবে আমি এবং আমার দুই ছেলে ও দুই মেয়ে রয়েছে। এখন এই সম্পত্তি কি শুধু আমরা পাব? না তাঁর ভাইয়েরাও আংশিক পাবে?নাম প্রকাশে অনিচ্ছুক","1. <women_children_835_s11> [নারী ও শিশু নির্যাতন দমন আইন, ২০০০, ধারা ১১] যৌতুকের জন্য মৃত্যু ঘটানো, ইত্যাদির শাস্তি — যদি কোন নারীর স্বামী অথবা স্বামীর পিতা, মাতা, অভিভাবক, আত্মীয় বা স্বামীর পক্ষে অন্য কোন ব্যক্তি যৌতুকের জন্য 
2. <other_1266_s2_p2> [বাংলাদেশ মুক্তিযোদ্ধা কল্যাণ ট্রাস্ট আইন, ২০, ধারা ২] সংজ্ঞা — জামায়াতে ইসলামী এবং তাহাদের সহযোগী রাজাকার, আলবদর, আলশামস বাহিনীর বিরুদ্ধে গণপ্রজাতন্ত্রী বাংলাদেশের স্বাধীনত
3. <other_822_s10> [পার্বত্য চট্টগ্রাম আঞ্চলিক পরিষদ আইন, ১৯৯৮, ধারা ১০] সম্পত্তি সম্পর্কিত ঘোষণা — চেয়ারম্যান ও প্রত্যেক সদস্য তাহার কার্যভার গ্রহণের পূর্বে তাহার এবং তাঁহার পরিবারের কোন সদস্যের স্বত্ব, দখল ব
4. <other_1725_s21_p29> [অর্থ আইন, ২০২৬, ধারা ২১] ২০১২ সনের ৪৭ নং আইনের দ্বিতীয় তফসিলের সংশোধন — ডলার পর্যন্ত ৪৫ (ঘ) মূল্যসীমা ১০০০০০ মা. ডলার এর ঊর্ধ্ব হইতে ২০০০০০ মা. ডলার পর্যন্ত ৬০ (ঙ) মূল্যসীমা ২০০০০০ ম
5. <local_government_1027_s41> [স্থানীয় সরকার (ইউনিয়ন পরিষদ) আইন, ২০০৯, ধারা ৪১] সম্পত্তি সম্পর্কিত ঘোষণা — চেয়ারম্যান ও সদস্য তাঁহার কার্যভার গ্রহণের পূর্বে তাঁহার এবং তাঁহার পরিবারের কোন সদস্যের স্বত্ব, দখল বা স্বার
6. <local_government_827_s10> [উপজেলা পরিষদ আইন, ১৯৯৮, ধারা ১০] সম্পত্তি সম্পর্কিত ঘোষণা — 14[চেয়ারম্যান ও ভাইস চেয়ারম্যান ] তাঁহার কার্যভার গ্রহণের পূর্বে তাঁহার এবং তাঁহার পরিবারের কোন সদস্যের স্বত
7. <labour_952_s98> [বাংলাদেশ শ্রম আইন, ২০০৬, ধারা ৯৮] সংবাদপত্র শ্রমিকের জন্য চিকিৎসা পরিচর্যা — প্রত্যেক সংবাদপত্র শ্রমিক এবং তাহার উপর নির্ভরশীলগণ সংবাদপত্র প্রতিষ্ঠানের খরচে বিধি দ্বারা নির্ধারিত পন্থায় 
8. <land_1455_s10> [ভূমি সংস্কার আইন, ২০২৩, ধারা ১০] বর্গাদারের মৃত্যুর পর বর্গাভূমির চাষ — (১) কোনো বর্গাদার বর্গাচুক্তির মেয়াদ শেষ হইবার পূর্বে মারা গেলে, উহার মেয়াদ শেষ না হওয়া পর্যন্ত অথবা এই আইন
9. <other_812_s32> [দেউলিয়া বিষয়ক আইন, ১৯৯৭, ধারা ৩২] অব্যাহতিপ্রাপ্ত সম্পত্তি — এই আইনের অন্য কোন বিধানে যাহা কিছুই থাকুক না কেন, একক দেনাদারের নিম্্নবর্ণিত সম্পত্তির দখল ২৩ ধারার অধীনে গ্রহ
10. <labour_952_s2_p5> [বাংলাদেশ শ্রম আইন, ২০০৬, ধারা ২] সংজ্ঞাসমূহ — ব্যবহার করা হয় বা ব্যবহারযোগ্য, এবং কোন টাগ বা ফ্লাট এবং বার্জও ইহার অর্ন্তভুক্ত হইবে;(২৮) ""প্রশাসনিক শ্রমিক""","other_173_s2","own_search","answered","2"
"prot_0010_03","Sorup","VERIFY","বাংলাদেশে হিন্দু মেয়েদের বাবার সম্পত্তিতে অধিকার আছে কি?","1. <other_812_s82> [দেউলিয়া বিষয়ক আইন, ১৯৯৭, ধারা ৮২] উদ্বৃত্ত সম্পত্তিতে দেউলিয়ার অধিকার — এই আইন দ্বারা আরোপিত হারে সুদ এবং তদধীন গৃহীত কার্যধারার ব্যয়সহ পাওনাদারগণের সম্পূর্ণ পাওনা পরিশোধের পর যদি ক
2. <other_817_s6> [বিমান-নিরাপত্তা বিরোধী অপরাধ দমন আইন, ১৯৯৭, ধারা ৬] বিমান হইতে নামাইয়া দেওয়া ইত্যাদি কারণে বাংলাদেশে প্রবেশের অধিকার না জন্মানো — ধারা ৩ এর অধীনে বিমানের কোন আরোহীকে বাংলাদেশে নামাইয়া দেওয়া হইয়াছে বা বাংলাদেশের যথাযথ কর্তৃপক্ষের নিকট তাহ
3. <family_1105_s2> [হিন্দু বিবাহ নিবন্ধন আইন, ২০১২, ধারা ২] সংজ্ঞা — বিষয় বা প্রসঙ্গের পরিপন্থী কোন কিছু না থাকিলে, এই আইনে,-(ক) ‘‘হিন্দু’’ অর্থ বাংলাদেশের হিন্দু ধর্মাবলম্বী কোন
4. <family_1105_s3> [হিন্দু বিবাহ নিবন্ধন আইন, ২০১২, ধারা ৩] হিন্দু বিবাহ নিবন্ধন — (১) অন্য কোন আইন, প্রথা ও রীতি-নীতিতে যাহা কিছুই থাকুক না কেন, হিন্দু বিবাহের দালিলিক প্রমাণ সুরক্ষার উদ্দেশ্য
5. <other_1087_s24> [অপরাধ সম্পর্কিত বিষয়ে পারস্পরিক সহায়তা আইন, , ধারা ২৪] তৃতীয় পক্ষের অধিকার — (১) ফ্রিজিং বা আটক বা বাজেয়াপ্তির আদেশ কার্যকরকরণের পদক্ষেপ গ্রহণের পূর্বে সংশ্লিষ্ট সম্পত্তিতে স্বার্থ সংশ্ল
6. <family_1105_s1> [হিন্দু বিবাহ নিবন্ধন আইন, ২০১২, ধারা ১] সংক্ষিপ্ত শিরোনাম, প্রয়োগ ও প্রবর্তন — (১) এই আইনহিন্দু বিবাহ নিবন্ধন আইন, ২০১২নামে অভিহিত হইবে।(২) ইহা নাগরিকত্ব নির্বিশেষে বাংলাদেশে বসবাসরত সকল হি
7. <money_recovery_1468_s3_p2> [সুরক্ষিত লেনদেন (অস্থাবর সম্পত্তি) আইন, ২০২৩, ধারা ৩] আইনের প্রযোজ্যতা ও অপ্রযোজ্যতা — চালানের অধীন কোনো চালান প্রাপকের নিকট পণ্য সরবরাহকারী; বা(উ) অস্থাবর সম্পত্তিতে যে কোনো সম্পত্তি সংক্রান্ত অধি
8. <family_1105_s4> [হিন্দু বিবাহ নিবন্ধন আইন, ২০১২, ধারা ৪] বিবাহ নিবন্ধক নিয়োগ — (১) এই আইনের অধীন হিন্দু বিবাহ নিবন্ধনের উদ্দেশ্যে, সরকার, সিটি কর্পোরেশন এলাকার ক্ষেত্রে তদ্কর্তৃক সময় সময় 
9. <family_1105_s5> [হিন্দু বিবাহ নিবন্ধন আইন, ২০১২, ধারা ৫] হিন্দু বিবাহ নিবন্ধনের ক্ষেত্রে বিধি-নিষেধ — অন্য কোন আইনে যাহা কিছুই থাকুক না কেন, ২১ (একুশ) বৎসরের কম বয়স্ক কোন হিন্দু পুরুষ বা ১৮ (আঠার) বৎসরের কম বয়স
10. <family_1105_s6> [হিন্দু বিবাহ নিবন্ধন আইন, ২০১২, ধারা ৬] বিবাহ নিবন্ধিকরণ পদ্ধতি — (১) হিন্দু ধর্ম, রীতি-নীতি ও আচার-অনুষ্ঠান অনুযায়ী হিন্দু বিবাহ সম্পন্ন হওয়ার পর উক্ত বিবাহের দালিলিক প্রমাণ","unanswerable","none","unanswerable","2"
"prot_0027_01","Sorup","VERIFY","আমি হিন্দু, ইসলাম ধর্মের একটা ছেলেকে ভালোবাসি। ছেলেটাও আমাকে ভালোবাসে। আমার বয়স ২৬ আর ছেলেটার বয়স ২৮ বছর। আমাদের সম্পর্কের বয়স চার বছর। আমরা বিয়ে করব সিদ্ধান্ত নিয়েছি। যেহেতু আমরা দুজন ভিন্ন ধর্মের, তাই বুঝতে পারছি না কীভাবে বিয়ে করলে দুই ধর্মই ঠিক থাকবে। এতে আমরা দুজনই রাজি। বিয়ের ব্যাপারে দুই পরিবারের কেউই রাজি নয়। সে ক্ষেত্রে আমরা কী করতে পারি? নাম ও ঠিকানা প্রকাশে অনিচ্ছুক","1. <labour_1285_s24> [বাংলাদেশ ইপিজেড শ্রম আইন, ২০১৯, ধারা ২৪] চাকরি হইতে অবসর গ্রহণ — (১) এই অধ্যায়ের অন্যত্র যাহা কিছুই উল্লে­খ থাকুক না কেন, কোনো প্রতিষ্ঠানে নিয়োজিত কোনো শ্রমিকের বয়স ৬০ (ষাট
2. <women_children_1119_s21> [শিশু আইন, ২০১৩, ধারা ২১] 1 [***] বয়স অনুমান ও নির্ধারণ — (১) অভিযুক্ত হউক বা না হউক, এমন কোন শিশুকে কোন অপরাধের দায়ে বা কোন শিশুকে অন্য কোন কারণে শিশু-আদালতে সাক্ষ্য 
3. <other_1045_s16> [চার্টার্ড সেক্রেটারীজ আইন, ২০১০, ধারা ১৬] সদস্য হইবার ক্ষেত্রে অযোগ্যতা — ধারা ১৫ তে যাহা কিছুই থাকুক না কেন, কোন ব্যক্তি সদস্য হইবার যোগ্য হইবেন না, যদি-(ক) তিনি কোন স্বীকৃত বিশ্ববিদ্
4. <other_1682_s7> [মানবদেহে অঙ্গ-প্রত্যঙ্গ সংযোজন আইন, ২০২৬, ধারা ৭] অঙ্গ-প্রত্যঙ্গ দাতা (Donor) ও গ্রহীতার (Recipient) যোগ্যতা — (১) অঙ্গ-প্রত্যঙ্গ দাতা হিসাবে কোনো ব্যক্তি উপযুক্ত বলিয়া বিবেচিত হইবেন, যদি- (ক) ব্রেইন ডেথ ঘোষিত ব্যক্তির, 
5. <other_1352_s23> [বাংলাদেশ মাদ্রাসা শিক্ষা বোর্ড আইন, ২০২০, ধারা ২৩] অবসর গ্রহণের বয়স — আপাতত বলবৎ অন্য কোনো আইনে ভিন্নরূপ যাহা কিছুই থাকুক না কেন, বোর্ডের স্থায়ী কর্মচারীগণের অবসর গ্রহণের বয়স ৬০ 
6. <labour_1285_s130> [বাংলাদেশ ইপিজেড শ্রম আইন, ২০১৯, ধারা ১৩০] সালিশ — (১) যদি মীমাংসা কার্যক্রম ব্যর্থ হয়, তাহা হইলে মীমাংসাকারী উভয়পক্ষকে বিরোধটি নিষ্পত্তির লক্ষ্যে উহা কোনো সাল
7. <women_children_1119_s20> [শিশু আইন, ২০১৩, ধারা ২০] শিশুর বয়স নির্ধারণে প্রাসঙ্গিক তারিখ — আপাততঃ বলবৎ অন্য কোন আইন, আদালতের রায় বা আদেশে ভিন্নরূপ যাহা কিছুই থাকুক না কেন, এই আইনের উদ্দেশ্যপূরণকল্পে, 
8. <local_government_1026_s9_p0> [স্থানীয় সরকার (সিটি কর্পোরেশন) আইন, ২০০৯, ধারা ৯] মেয়র এবং কাউন্সিলরগণের যোগ্যতা ও অযোগ্যতা — (১) কোন ব্যক্তি মেয়র বা কাউন্সিলর নির্বাচিত হইবার যোগ্য হইবেন, যদি-(ক) তিনি বাংলাদেশের নাগরিক হন;(খ) তাহার বয
9. <labour_1285_s95> [বাংলাদেশ ইপিজেড শ্রম আইন, ২০১৯, ধারা ৯৫] শ্রমিক কল্যাণ সমিতি নিবন্ধনের জন্য আবেদন — (১) ধারা ৯৪ অনুযায়ী শ্রমিকগণ শ্রমিক কল্যাণ সমিতি গঠনের পক্ষে সমর্থন ব্যক্ত করিলে উহার নিবন্ধিকরণের জন্য একজন 
10. <other_1279_s23> [বাংলাদেশ কারিগরি শিক্ষা বোর্ড আইন, ২০১৮, ধারা ২৩] অবসর গ্রহণের বয়স — আপাতত বলবৎ অন্য কোনো আইনে ভিন্নরূপ যাহা কিছুই থাকুন কেন, বোর্ডের স্থায়ী কর্মচারীগণের অবসর গ্রহণের বয়স হইবে ৬","other_25_s2","own_search","answered","2"
"prot_0025_06","Sorup","VERIFY","এখন সে আমার বোনকে ছেড়ে দিতে চাচ্ছে। তার দুই মেয়ে ও এক ছেলে। বর্তমানে আমার বোনের কোনো খোঁজখবর নেয় না। অবশ্য তার সন্তানদের খরচ দেয়। এমতাবস্থায় আমরা কী ধরনের আইনি পদক্ষেপ নিতে পারি?","1. <other_822_s10> [পার্বত্য চট্টগ্রাম আঞ্চলিক পরিষদ আইন, ১৯৯৮, ধারা ১০] সম্পত্তি সম্পর্কিত ঘোষণা — চেয়ারম্যান ও প্রত্যেক সদস্য তাহার কার্যভার গ্রহণের পূর্বে তাহার এবং তাঁহার পরিবারের কোন সদস্যের স্বত্ব, দখল ব
2. <local_government_1027_s41> [স্থানীয় সরকার (ইউনিয়ন পরিষদ) আইন, ২০০৯, ধারা ৪১] সম্পত্তি সম্পর্কিত ঘোষণা — চেয়ারম্যান ও সদস্য তাঁহার কার্যভার গ্রহণের পূর্বে তাঁহার এবং তাঁহার পরিবারের কোন সদস্যের স্বত্ব, দখল বা স্বার
3. <local_government_827_s10> [উপজেলা পরিষদ আইন, ১৯৯৮, ধারা ১০] সম্পত্তি সম্পর্কিত ঘোষণা — 14[চেয়ারম্যান ও ভাইস চেয়ারম্যান ] তাঁহার কার্যভার গ্রহণের পূর্বে তাঁহার এবং তাঁহার পরিবারের কোন সদস্যের স্বত
4. <labour_952_s222> [বাংলাদেশ শ্রম আইন, ২০০৬, ধারা ২২২] নিষ্পত্তি ইত্যাদি কাহার উপর অবশ্য পালনীয় হইবে — (১) কোন সালিসী কার্য ধারায় উপনীত কোন নিষ্পত্তি, অথবা কোন মধ্যস্থতাকারীর প্রদত্ত রোয়েদাদ অথবা শ্রম আদালতের কো
5. <other_1392_s12> [ব্যাংকার বহি সাক্ষ্য আইন, ২০২১, ধারা ১২] খরচাদি — (১) এই আইনের অধীন বা উহার উদ্দেশ্য পূরণকল্পে, আদালতের নিকট দাখিলকৃত কোনো আবেদনের খরচ এবং আদালত কর্তৃক প্রদত্ত 
6. <other_1137_s5> [এশিয়ান রি-ইন্স্যুরেন্স কর্পোরেশন আইন, ২০১৩, ধারা ৫] চুক্তিপত্রের বাধ্যবাধকতা, দায়িত্ব পালন, ইত্যাদি — সরকার, চুক্তি মোতাবেক কর্পোরেশনকে আর্থিক বাধ্যবাধকতা এবং অন্যান্য দায়িত্ব পালনে সক্ষম করিবার জন্য যে ধরনের পদ
7. <other_1037_s57_p2> [বীমা আইন, ২০১০, ধারা ৫৭] বীমা পলিসি গ্রাহক কর্তৃক মনোনয়ন৷ — বলবৎ হইবার পূর্বে কোন ব্যক্তি তাহার নিজের বা তাহার স্ত্রীর বা সন্তানদের বা তাহাদের যে কোন এক জনের লাইফ ইন্স্যু
8. <other_1684_s28> [মানব পাচার ও অভিবাসী চোরাচালান প্রতিরোধ ও দম, ধারা ২৮] অভিযোগ দায়ের — এই আইনের অধীন কোনো অপরাধ সংঘটিত হইলে কোনো ব্যক্তি থানায় অথবা ট্রাইব্যুনালে উক্ত অপরাধ সংঘটনের অভিযোগ দায়ের ক
9. <local_government_1027_s2_p1> [স্থানীয় সরকার (ইউনিয়ন পরিষদ) আইন, ২০০৯, ধারা ২] সংজ্ঞা — শহর হিসাবে ঘোষিত নয় এইরূপ এলাকা;(১৩) 'চেয়ারম্যান' অর্থ ইউনিয়ন পরিষদের চেয়ারম্যান;(১৪) 'জনপথ' অর্থ সর্বসাধা
10. <other_1177_s6> [এশিয়ান ইনফ্রাস্ট্রাকচার ইনভেস্টমেন্ট ব্যাংক , ধারা ৬] চুক্তির অধীন বাধ্যবাধকতা এবং দায়িত্ব পালনে পদক্ষেপ গ্রহণের ক্ষমতা — সরকার চুক্তির অধীন আর্থিক বাধ্যবাধকতা ও দায়িত্ব পালনে বিবেচ্য প্রয়োজনীয় সকল পদক্ষেপ এবং সব ধরনের ব্যবস্থা গ","family_305_s9, family_1444_s5","own_search","answered","2"
"prot_0050_02","Sorup","VERIFY","একটি মেয়েকে অনেক ভালোবাসি। সেও আমাকে ভালোবাসে। সমস্যা হচ্ছে, মেয়েটি বিবাহিত, তার দুটি কন্যাসন্তান আছে। মেয়েটির স্বামী প্রবাসী। তিন বছর হয় তার কোনো খোঁজখবর নেননি। আমাদের সম্পর্ক প্রায় তিন-চার বছরের। একসময় সবাই আমাদের সম্পর্কের কথা জেনে যায়। একপ্রকার পারিবারিক সালিসও বসে। তখন মেয়েটির স্বামী ফোনে বলেছেন, তাকে তালাক দেবেন। দুই মাস পর বিদেশ থেকে এসে যা করার, তা-ই করবেন, বলেছেন। আমি একটি চাকরি করি। অবিবাহিত। মেয়েটির পরিবার থেকে আমাকে একপ্রকার হুমকি দেওয়া হয়েছে। আমি মেয়েটিকে বিয়ে করতে চাই। কিন্তু সে আমাকে জানিয়েছে, ওর স্বামী না আসা পর্যন্ত কিছুই বলতে পারবে না। ভবিষ্যতে আমি যদি ওকে বিয়ে করি, তা হলে কোনো সমস্যায় পড়ব কি? মেয়েটি আমাকে বিয়ে করতে না চাইলে ওর পরিবার কি আমাকে কোনো আইনি ঝামেলায় ফেলতে পারবে?","1. <other_1266_s2_p3> [বাংলাদেশ মুক্তিযোদ্ধা কল্যাণ ট্রাস্ট আইন, ২০, ধারা ২] সংজ্ঞা — বা স্বামী এবং পিতা-মাতার অবর্তমানে খেতাবপ্রাপ্ত বীর মুক্তিযোদ্ধার সন্তান; বা(উ) (অ)-(ঈ) পর্যন্ত বর্ণিত ব্যক্তি
2. <other_848_s2> [বেসরকারী প্রাথমিক শিক্ষক কল্যাণ ট্রাস্ট আইন,, ধারা ২] সংজ্ঞা — বিষয় বা প্রসংগের পরিপন্থী কোন কিছু না থাকিলে, এই আইনে,-(ক) “ট্রাস্ট” অর্থ এই আইনের অধীন স্থাপিত বেসরকারী প্রা
3. <other_857_s11> [বাংলাদেশ টেলিযোগাযোগ নিয়ন্ত্রণ আইন, ২০০১, ধারা ১১] পরিবারের সদস্যের কতিপয় স্বার্থ সম্পর্কে কমিশনারের দায়িত্ব — (১) কোন কমিশনারের পরিবারের কোন সদস্য যদি ধারা ১০(২)(ছ)- েত উলিস্্নখিত স্বার্থ অর্জন বা ধারণ করেন, তাহা হইলে তি
4. <other_1429_s31> [আয়কর আইন, ২০২৩, ধারা ৩১] আয় একীভূতকরণ — (১) এই আইনে ভিন্নরূপ কিছু না থাকিলে, নিম্নবর্ণিত আয়সমূহ কোনো ব্যক্তির মোট আয়ের অন্তর্ভুক্ত হইবে, যথা:-(ক) উক
5. <other_863_s7> [বাংলাদেশ শিল্পী কল্যাণ ট্রাস্ট আইন, ২০০১, ধারা ৭] ট্রাস্টের কার্যাবলী — ট্রাস্টের কার্যাবলী হইবে নিম্নরূপ, যথা:-(ক) সাধারণভাবে অসচ্ছল শিল্পীদের কল্যাণ সাধন;(খ) শিল্পীদের কল্যাণার্থে 
6. <other_1417_s21> [আন্তর্জাতিক উদরাময় গবেষণা কেন্দ্র, বাংলাদেশ,, ধারা ২১] কর্মচারীগণের দায়মুক্তি ও অধিকারসমূহ — সভাপতি, সদস্য, নির্বাহী পরিচালক এবং কর্মচারী-(ক) তাহাদের দাপ্তরিক ক্ষমতার অধীন সরল বিশ্বাসে কৃত কোনো কার্যের জ
7. <land_1449_s2_p1> [ভূমি উন্নয়ন কর আইন, ২০২৩, ধারা ২] সংজ্ঞা — অর্থ শুধু কৃষিকার্য বা চাষাবাদ করিয়া জীবন ও জীবিকা নির্বাহ করিয়া থাকেন এইরূপ কোনো ব্যক্তি বা পরিবার;(৭) ‘কৃষ
8. <other_1485_s9> [বাংলাদেশ পুলিশ কল্যাণ তহবিল আইন, ২০২৩, ধারা ৯] মৃত্যু এবং অক্ষমতাজনিত কারণে এককালীন এবং মাসিক কল্যাণ অনুদান — (১) কোনো কর্মচারী বা তাহার মৃত্যু হইলে তাহার স্ত্রী বা, ক্ষেত্রমত, স্বামী, বিধি দ্বারা নির্ধারিত পদ্ধতিতে, নিম
9. <labour_1285_s2_p1> [বাংলাদেশ ইপিজেড শ্রম আইন, ২০১৯, ধারা ২] সংজ্ঞা — (১৯৯৪ সনের ১৮ নং আইন) এর অধীন নিবন্ধিত কোনো কোম্পানি, যাহার অধীন কোনোজোনেএক বা একাধিক শিল্প প্রতিষ্ঠান রহিয়াছ
10. <other_1418_s21_p1> [বাংলাদেশ সুপ্রীম কোর্টের বিচারক (ছুটি, পেনশন, ধারা ২১] আনুতোষিক ও পারিবারিক পেনশন — পেনশন।(২) উপ-ধারা (৪) ও (৫) এর বিধানাবলি সাপেক্ষে, যদি-(ক) কোনো বিচারক, যাহার ক্ষেত্রে ধারা ১৪ এর দফা (ক) এর ব","family_305_s7, criminal_procedure_11_s494","own_search","answered","1"
"prot_0059_05","Sorup","VERIFY","আমার বয়স ২৬ বছর। ২০০৪ সালে একটা ছেলের সঙ্গে আমার সম্পর্ক হয়। বিয়ের কথা বললে ছেলেটি বিভিন্ন সমস্যার কথা বলে এবং অনেক দেরিতে বিয়ে করবে বলে জানায়। একপর্যায়ে ২০০৭ সালের দিকে আমি তার সঙ্গে যোগাযোগ পুরোপুরি বন্ধ করে দিই। ২০১১ সালের ফেব্রুয়ারি মাসে তার সঙ্গে আমি যোগাযোগ করি। সে আমাকে জানায়, আজও সে আমাকে ভালোবাসে। আরও জানায়, সে এখনো বিয়ে করেনি। এর এক দিন পর একটি মেয়ে আমাকে ফোন করে তার স্ত্রীর পরিচয় দিয়ে বলে, আমি যেন ছেলেটির সঙ্গে আর কথা না বলি। এপ্রিল মাসের শেষের দিকে ছেলেটি আমাকে জানায়, স্ত্রীর সঙ্গে তার ডিভোর্স হয়ে গেছে। এর পর থেকে সে আবার নিয়মিত যোগাযোগ করে। আমার পরিবার থেকে বিয়ের জন্য জোরাজুরি করলে ব্যাপারটি আমি তাকে জানাই। সে জানায়, তার বিরুদ্ধে তার স্ত্রীর পক্ষ থেকে মামলা করা হয়েছে, যদিও সে আমাকে জানায়, দুই পক্ষ বসে দেনমোহরের টাকা ও ভরণপোষণের টাকা দিয়ে সমঝোতার মাধ্যমে ডিভোর্স হয়। আমার প্রশ্ন, সমঝোতার পরও কি মামলা করা যায়? ছেলেটি জানায়, তার পরিবার মামলাটি দেখছে এবং সে এক দিনও কোর্টে হাজিরা দেয়নি। আমি জানতে চাই, একটি মামলা শেষ হতে কত দিন সময় লাগে? মামলা চলাকালে কি আরেকটি বিয়ে করা সম্ভব?নাম প্রকাশে অনিচ্ছুক","1. <labour_952_s216_p1> [বাংলাদেশ শ্রম আইন, ২০০৬, ধারা ২১৬] অপরাধ বিচার ছাড়া অন্য কোন বিষয়ে শ্রম আদালতের ক্ষমতা ওকার্যক্রম — বা আপত্তি পেশ করিতে ব্যর্থ হয়, তাহা হইলে মামলাটি একতরফা শুনানীক্রমে নিষ্পত্তি করা হইবে।(৬) কোন পক্ষের আবেদনক্
2. <other_1403_s56> [মোংলা বন্দর কর্তৃপক্ষ আইন, ২০২২, ধারা ৫৬] মামলা দায়েরের সীমাবদ্ধতা — (১) কর্তৃপক্ষের বিরুদ্ধে মামলা দায়েরে ইচ্ছুক ব্যক্তি, তাহার নাম ঠিকানাসহ মামলা দায়েরের কারণ সংবলিত লিখিত নোট
3. <labour_952_s202_p0> [বাংলাদেশ শ্রম আইন, ২০০৬, ধারা ২০২] যৌথ দরকষাকষি প্রতিনিধি — (১) যে ৰেত্রে কোন প্রতিষ্ঠানে একটিমাত্র ট্রেড ইউনিয়ন থাকে সে ৰেত্রে উক্ত প্রতিষ্ঠানের জন্য উহা যৌথ দরকষাকষি প
4. <other_1404_s56> [চট্টগ্রাম বন্দর কর্তৃপক্ষ আইন, ২০২২, ধারা ৫৬] মামলা দায়েরের সীমাবদ্ধতা — (১) কর্তৃপক্ষের বিরুদ্ধে কোনো আদালতে মামলা দায়েরে ইচ্ছুক ব্যক্তি, তাহার নাম ঠিকানাসহ মামলা দায়েরের কারণ সংবল
5. <family_938_s6গ> [গ্রাম আদালত আইন, ২০০৬, ধারা ৬গ] মামলা নিষ্পত্তির সময়সীমা — (১) ধারা ৬খ এর অধীন কোন মামলা নিষ্পত্তি করা সম্ভব না হইলে, গ্রাম আদালত ১৫ (পনের) দিনের মধ্যে মামলাটির শুনানীর 
6. <other_850_s5> [সালিস আইন, ২০০১, ধারা ৫] লিখিত যোগাযোগের প্রাপ্তি — (১) পক্ষগণ ভিন্নভাবে সম্মত না হইলে, এই আইনের অধীন কোন লিখিত যোগাযোগ, নোটিশ বা সমন কোন পক্ষ বা ব্যক্তির উপর জার
7. <other_1037_s57_p2> [বীমা আইন, ২০১০, ধারা ৫৭] বীমা পলিসি গ্রাহক কর্তৃক মনোনয়ন৷ — বলবৎ হইবার পূর্বে কোন ব্যক্তি তাহার নিজের বা তাহার স্ত্রীর বা সন্তানদের বা তাহাদের যে কোন এক জনের লাইফ ইন্স্যু
8. <other_1135_s53> [পায়রা বন্দর কর্তৃপক্ষ আইন, ২০১৩, ধারা ৫৩] মামলা দায়েরের সীমাবদ্ধতা — (১) কর্তৃপক্ষের বিরুদ্ধে মামলা দায়েরে ইচ্ছুক ব্যক্তির নাম ঠিকানাসহ মামলা দায়েরের কারণ সংবলিত লিখিত নোটিশ কর্
9. <labour_952_s223> [বাংলাদেশ শ্রম আইন, ২০০৬, ধারা ২২৩] নিষ্পত্তি, ইত্যাদি বলবৎ এর তারিখ — (১) কোন নিষ্পত্তি-(ক) যদি কোন বিরোধের পক্ষগণের মধ্যে কোন সম্মত দিন থাকে, উক্ত দিন হইতে, এবং(খ) যদি উক্তরূপ কোন
10. <other_896_s10> [দ্রুত বিচার ট্রাইব্যুনাল আইন, ২০০২, ধারা ১০] মামলা নিষ্পত্তির মেয়াদ — (১) দ্রুত বিচার ট্রাইব্যুনালে স্থানান্তরিত কোন মামলা স্থানান্তরের তারিখ হইতে নব্বই কার্য দিবসের মধ্যে নিষ্পত্ত","none","none","not_found","1"
"prot_0052_02","Sorup","VERIFY","আমরা এক ভাই, এক বোন। আমার বয়স ২৩, বোনের ১৪। বছর খানেক আগে আমার মা মারা যাওয়ার পর আমার বাবা দ্বিতীয় বিয়ে করেন। দ্বিতীয় বিয়ের সময় বাবাকে আমি বলেছি, আমার ও আমার বোনের নামে তাঁর তিনতলা বাড়িটি লিখে দিতে। এতে তিনি অজুহাত দেন যে বাড়ি নিবন্ধন করতে অনেক টাকার প্রয়োজন। তিনি বলেন, একটি স্ট্যাম্পে সবকিছু লিখে আমার ও তাঁর স্বাক্ষর নিয়ে দুজন সাক্ষী রাখলে তিনি এ বাড়ি আর কারও নামে দিতে পারবেন না। এখন কি এ পদ্ধতিতে আমি ও আমার বোন আমাদের প্রাপ্য পাব? উল্লেখ্য, বাড়ির জায়গার কাগজপত্র সব আমার কাছে আছে, যা আমার বাবাই আমার কাছে রাখতে দিয়েছেন।মাসুদকুমিল্লা","1. <other_1483_s10_p1> [পরিত্যক্ত বাড়ি (সম্পূরক বিধানাবলি) আইন, ২০২৩, ধারা ১০] পরিত্যক্ত বাড়ি নিয়ন্ত্রণ, ব্যবস্থাপনা এবং নিষ্পত্তি সংক্রান্ত বোর্ড — গণপূর্ত বিভাগ সদস্য-সচিব।(২) পরিত্যক্ত বাড়ি নিয়ন্ত্রণ, ব্যবস্থাপনা এবং নিষ্পত্তির জন্য বোর্ডের দায়িত্ব ও কা
2. <other_1429_s126> [আয়কর আইন, ২০২৩, ধারা ১২৬] (১)Registration Act, 1908(Act No. XVI of 1908) এর অধীন কোনো ভূমি, স্থাপনা, বাড়ি, ফ্ল্যাট, অ্যাপার্টমেন্ট অথবা
3. <other_1483_s5ক> [পরিত্যক্ত বাড়ি (সম্পূরক বিধানাবলি) আইন, ২০২৩, ধারা ৫ক] পরিত্যক্ত সম্পত্তির ‘ক’ বা ‘খ’ তালিকার যে সকল বাড়ি সরকার কর্তৃক বিক্রয়মূল্যে হস্তান্তর করা হইয়াছে বা হইবে স
4. <other_1490_s46> [অর্থ আইন, ২০২৪, ধারা ৪৬] ২০২৩ সনের ১২ নং আইনের ধারা ১২৬ এর প্রতিস্থাপন — উক্ত আইনের ধারা ১২৬ এর পরিবর্তে নিম্নরূপ ধারা ১২৬ প্রতিস্থাপিত হইবে, যথা:-“১২৬। ডেভেলপার বা রিয়েল এস্টেট ডেভে
5. <other_1483_s5> [পরিত্যক্ত বাড়ি (সম্পূরক বিধানাবলি) আইন, ২০২৩, ধারা ৫] পরিত্যক্ত বাড়ির তালিকা হইবার পর স্বার্থ দাবি করিয়া আবেদন — ধারা ৪ এর উপ-ধারা (১) এর দফা (ক) ও (খ) এ বর্ণিত ক্ষেত্র ব্যতীত অন্যান্য ক্ষেত্রে কোনো বাড়ির উপর কোনো অধিকার ব
6. <other_1483_s4> [পরিত্যক্ত বাড়ি (সম্পূরক বিধানাবলি) আইন, ২০২৩, ধারা ৪] পরিত্যক্ত বাড়ি ঘোষণা ও তালিকা প্রণয়ন — (১) উপ-ধারা (২) এর বিধান সাপেক্ষে, সরকার, সরকারি গেজেটে প্রজ্ঞাপন দ্বারা, নিম্নবর্ণিত বাড়িসমূহকে পরিত্যক্ত বা
7. <other_1266_s2_p3> [বাংলাদেশ মুক্তিযোদ্ধা কল্যাণ ট্রাস্ট আইন, ২০, ধারা ২] সংজ্ঞা — বা স্বামী এবং পিতা-মাতার অবর্তমানে খেতাবপ্রাপ্ত বীর মুক্তিযোদ্ধার সন্তান; বা(উ) (অ)-(ঈ) পর্যন্ত বর্ণিত ব্যক্তি
8. <other_815_s6_p5> [অর্থ আইন, ১৯৯৭, ধারা ৬] ১৯৯১ সনের ২২ নং আইনের সংশোধন — তারের মাধ্যমে বাণিজ্যিক ভিত্তিতে পণের বিনিময়ে অফিস, বাড়ি, ব্যবসায়স্থল বা অন্য কোন স্থানে বা অংগনে সংযোগদান 
9. <other_1037_s2_p2> [বীমা আইন, ২০১০, ধারা ২] সংজ্ঞা — স্বার্থ স্থানান্তর যাহা দ্বারা আইনানুগ ও লাভজনক মালিকানাস্বত্ব হ্রাস পায়;(১৭) ""নিবন্ধন"" অর্থ এই আইনের ধারা ৯ 
10. <other_1718_s83> [অর্থ (২০২৫-২০২৬ অর্থ বৎসর) আইন, ২০২৬, ধারা ৮৩] ২০২৩ সনের ১২ নং আইনের ধারা ১৩৫ এর সংশোধন — উক্ত আইনের ধারা ১৩৫ এর- (ক) উপ-ধারা (১) এ উল্লিখিত “১০% (দশ শতাংশ)” সংখ্যা, চিহ্ন, বন্ধনী ও শব্দগুলির পরিবর্তে","other_48_s123, land_90_s17_p0","own_search","answered","2"
"prot_0103_02","Sorup","VERIFY","কিন্তু আমার ছোট ছেলের বয়স মাত্র চার বছর। তাই ওর মুখের দিকে তাকিয়ে সবকিছু সহ্য করি। কিন্তু আর পারছি না। তাই এসব নির্যাতন সহ্য করতে না পেরে আমি সিদ্ধান্ত নিয়েছি, আমি আমার স্বামীকে তালাক দেব। সে ক্ষেত্রে আমি যদি আমার স্বামীকে তালাক দিতে চাই, কী করা লাগবে আমাকে?","1. <other_1173_s8> [বাংলাদেশ চা শ্রমিক কল্যাণ তহবিল আইন, ২০১৬, ধারা ৮] মৃত্যু ও স্থায়ী অক্ষমতার ক্ষেত্রে এককালীন অনুদান সহায়তা প্রদান — যদি কোন শ্রমিক-(ক) নিজ দায়িত্ব পালনকালে শারীরিক বা মানসিকভাবে প্রবিধান দ্বারা নির্ধারিত চিকিৎসা কর্তৃপক্ষ কর্
2. <labour_952_s78> [বাংলাদেশ শ্রম আইন, ২০০৬, ধারা ৭৮] বিষ্ফোরক বা দাহ্য গ্যাস, ধুলা ইত্যাদি — (১) যে ক্ষেত্রে কোন প্রতিষ্ঠানে কোন উত্পাদন প্রক্রিয়ার কারণে উত্থিত গ্যাস, ধোঁয়া, বাষ্প বা ধুলা এমন প্রকৃতির
3. <other_1485_s9> [বাংলাদেশ পুলিশ কল্যাণ তহবিল আইন, ২০২৩, ধারা ৯] মৃত্যু এবং অক্ষমতাজনিত কারণে এককালীন এবং মাসিক কল্যাণ অনুদান — (১) কোনো কর্মচারী বা তাহার মৃত্যু হইলে তাহার স্ত্রী বা, ক্ষেত্রমত, স্বামী, বিধি দ্বারা নির্ধারিত পদ্ধতিতে, নিম
4. <labour_952_s38> [বাংলাদেশ শ্রম আইন, ২০০৬, ধারা ৩৮] ডাক্তারী পরীক্ষার জন্য আদেশ প্রদানের ক্ষমতা — যে ক্ষেত্রে কোন পরিদর্শক এরূপ মত পোষণ করেন যে-(ক) কোন প্রতিষ্ঠানে কর্মরত কোন ব্যক্তি কিশোর, কিন্তু তাহার সক্ষম
5. <money_recovery_876_s36> [সমবায় সমিতি আইন, ২০০১, ধারা ৩৬] সদস্যদের ভোট — (১) সকল শ্রেণীর সমবায় সমিতির প্রত্যেক সদস্য সমিতির কর্মকাণ্ডের সিদ্ধান্ত গ্রহণের ক্ষেত্রে একটি মাত্র ভোট প্রয
6. <other_1692_s9> [ব্যক্তিগত উপাত্ত সুরক্ষা আইন, ২০২৬, ধারা ৯] শিশু বা সম্মতি প্রদানে সক্ষম নহে এমন ব্যক্তিসম্পর্কিত ব্যক্তিগত উপাত্ত প্রক্রিয়াকরণ — (১) শিশু বা সম্মতি প্রদানে সক্ষম নহে এমন ব্যক্তির পক্ষে তাহার পিতামাতা বা আইনগত অভিভাবক বা সিদ্ধান্ত প্রদান কর
7. <labour_1285_s24> [বাংলাদেশ ইপিজেড শ্রম আইন, ২০১৯, ধারা ২৪] চাকরি হইতে অবসর গ্রহণ — (১) এই অধ্যায়ের অন্যত্র যাহা কিছুই উল্লে­খ থাকুক না কেন, কোনো প্রতিষ্ঠানে নিয়োজিত কোনো শ্রমিকের বয়স ৬০ (ষাট
8. <other_857_s9> [বাংলাদেশ টেলিযোগাযোগ নিয়ন্ত্রণ আইন, ২০০১, ধারা ৯] কমিশনারগণের নিয়োগ ও মেয়াদ — (১) কমিশনারগণ সরকার কর্তৃক নিযুক্ত হইবেন এবং তাহারা পূর্ণকালীন ভিত্তিতে কর্মরত থাকিবেন।(২) কমিশনারগণ, এই আইনের
9. <other_1106_s85_p0> [মূল্য সংযোজন কর ও সম্পূরক শুল্ক আইন, ২০১২, ধারা ৮৫] 1 [ব্যর্থতা, অনিয়ম বা কর ফাঁকির ক্ষেত্রে] জরিমানা আরোপ — (১) নিম্নবর্ণিত সারণীর কলাম (২) এ বর্ণিত216[ব্যর্থতা, অনিয়ম বা কর ফাঁকির ক্ষেত্রে]217[ধারা ৮৬ তে উল্লিখিত মূস
10. <labour_952_s289> [বাংলাদেশ শ্রম আইন, ২০০৬, ধারা ২৮৯] নিম্নতম মজুরী হারের কম হারে মজুরী প্রদানের দণ্ড — (১) কোন মালিক একাদশ অধ্যায়ের অধীন ঘোষিত নিম্নতম মজুরী হারের কম হারে কোন শ্রমিককে মজুরী প্রদান করিলে, তিনি এক ","family_180_s2_p1, family_305_s8","own_search","answered","2"
"ajke_0189_01","Sorup","VERIFY","প্রশ্ন: বিয়ের বয়স দেড় বছর চলছে। বিয়ের সময় শ্বশুরবাড়ি থেকে কোনো ধরনের যৌতুক চাওয়া হয়নি। মা-বাবা বিয়ের সময় খাট ও আলমারি উপহার দিয়েছিলেন। বিয়ের দু-তিন মাস পর থেকে শাশুড়ি তাঁর আত্মীয়দের কাছে বলে বেড়াতে থাকেন, আমার পরিবার বিয়েতে কিছু দেয়নি। শ্বশুরবাড়ির সবাই আমার সঙ্গে খুব খারাপ ব্যবহার করে। মানসিক অত্যাচার করে। কিন্তু নিজেরা কখনো সরাসরি বলে না যে তাদের আসবাব বা টাকা লাগবে। দিন দিন ব্যাপারটা অসহনীয় পর্যায়ে চলে যাচ্ছে। তারা আমার গর্ভপাত করিয়েছে এই বলে যে স্বামীর এখনো সন্তান লালনপালন করার ক্ষমতা হয়নি। আমার স্বামী এসব ব্যাপারে কিছুই বলে না। আমার সন্দেহ, তার অন্য কোনো মেয়ের সঙ্গে সম্পর্ক আছে। একমুহূর্ত এই সংসারে থাকতে চাই না। যেহেতু তারা শারীরিকভাবে অত্যাচার করছে না, আমি ডিভোর্স দিতে চাইলে কি দিতে পারব?","1. <criminal_procedure_1013_s104> [বরিশাল মহানগরী পুলিশ আইন, ২০০৯, ধারা ১০৪] বিনা পরোয়ানায় গ্রেপ্তারের ক্ষমতা — কোন ব্যক্তি এই আইন বা আপাততঃ বলবৎ অন্য কোন আইনের অধীন দণ্ডযোগ্য কোন অপরাধ কোন পুলিশ কর্মকর্তার উপস্থিতিতে বা ত
2. <criminal_procedure_1012_s104> [সিলেট মহানগরী পুলিশ আইন, ২০০৯, ধারা ১০৪] বিনা পরোয়ানায় গ্রেপ্তারের ক্ষমতা — কোন ব্যক্তি এই আইন বা আপাততঃ বলবৎ অন্য কোন আইনের অধীন দন্ডযোগ্য কোন অপরাধ কোন পুলিশ কর্মকর্তার উপস্থিতিতে বা ত
3. <criminal_procedure_765_s104> [রাজশাহী মহানগরী পুলিশ আইন, ১৯৯২, ধারা ১০৪] বিনা পরোয়ানায় গ্রেফতারের ক্ষমতা — এই আইন বা আপাততঃ বলবত্ অন্য কোন আইনের অধীন দণ্ডযোগ্য কোন অপরাধ কোন ব্যক্তি পুলিশ কর্মকর্তার উপস্থিতিতে বা তাহা
4. <other_923_s6> [বেসরকারী শিক্ষক নিবন্ধন ও প্রত্যয়ন কর্তৃপক্ষ, ধারা ৬] নির্বাহী বোর্ড গঠন — (১) নিম্নবর্ণিত সদস্যদের সমন্বয়ে নির্বাহী বোর্ড গঠিত হইবে, যথা:-(ক) চেয়ারম্যান, (পদাধিকার বলে);(খ) সদস্য (প্
5. <other_749_s15> [জাতীয় মহিলা সংস্থা আইন, ১৯৯১, ধারা ১৫] কতিপয় ক্ষেত্রে একই ব্যক্তির একাধিক পদে থাকা নিষিদ্ধ — কোন ব্যক্তি পদাধিকার বলে ব্যতীত অন্য কোনভাবে একই সংগে পরিষদ, নির্বাহী কমিটি, জেলা কমিটি এবং উপজেলা কমিটির চেয়
6. <other_1037_s157> [বীমা আইন, ২০১০, ধারা ১৫৭] পরিসংখ্যান — (১) প্রবিধান দ্বারা নির্ধারিত পদ্ধতিতে কর্তৃপক্ষ নির্দিষ্ট সময় অন্তর বীমা সংশ্লিষ্ট বিষয়ে পরিসংখ্যান ভিত্তিক
7. <money_recovery_876_s38> [সমবায় সমিতি আইন, ২০০১, ধারা ৩৮] শেয়ার অথবা 1 [মুনাফা] ক্রোকযোগ্য হইবে না — অন্য কোন আইনে ভিন্নরূপ যাহা কিছু্ই থাকুক না কেন, ধারা ৩১ এর বিধান সাপেক্ষে, সমবায় সমিতির কোন সদস্যের নিকট উক্
8. <other_1586_s4_p0> [গুম প্রতিরোধ ও প্রতিকার অধ্যাদেশ, ২০২৫, ধারা ৪] গুম, ইত্যাদি ও উহার সাজা — (১) কোনো সরকারি কর্মচারী বা শৃঙ্খলা-বাহিনীর কোনো সদস্য উক্তরূপ পরিচয়ের বলে নিজে, অথবা শৃঙ্খলা-বাহিনী বা সরকার
9. <women_children_1256_s2> [যৌতুক নিরোধ আইন, ২০১৮, ধারা ২] সংজ্ঞা — বিষয় বা প্রসঙ্গের পরিপন্থি কোনো কিছু না থাকিলে,-(ক) ‘‘পক্ষ’’ অর্থ এই আইনের উদ্দেশ্য পূরণকল্পে, বিবাহের বর বা 
10. <other_1037_s85> [বীমা আইন, ২০১০, ধারা ৮৫] পলিসি তামাদির ক্ষেত্রে বীমাকৃতের প্রাপ্তব্য সুবিধাদি সম্পর্কে নোটিশ প্রদান৷ — কোন বীমাকারী যে তারিখে লাইফ ইন্স্যুরেন্স পলিসির প্রিমিয়াম প্রদেয় ছিল, কিন্তু পরিশোধ করা হয়নি ঐ তারিখ হইতে ৩","family_180_s2_p1, family_305_s8","own_search","answered","2"
"prot_0138_01","Sorup","VERIFY","শ্রমিকদের অনেক সময় কোনো পাওনাদি পরিশোধ না করে যখন-তখন কারখানা থেকে বের করে দেওয়া হয়। চাকরি সমাপ্তির পদ্ধতি এবং তাঁরা মালিকের কাছ থেকে কখন কী সুবিধা পেতে পারেন?","1. <labour_1285_s25> [বাংলাদেশ ইপিজেড শ্রম আইন, ২০১৯, ধারা ২৫] ভবিষ্য তহবিল পরিশোধ — যদি কোনো শ্রমিক কোনো ভবিষ্য তহবিলের সদস্য হন এবং প্রবিধান দ্বারা নির্ধারিত পদ্ধতি অনুযায়ী তিনি মালিকের চাঁদাস
2. <labour_1285_s24> [বাংলাদেশ ইপিজেড শ্রম আইন, ২০১৯, ধারা ২৪] চাকরি হইতে অবসর গ্রহণ — (১) এই অধ্যায়ের অন্যত্র যাহা কিছুই উল্লে­খ থাকুক না কেন, কোনো প্রতিষ্ঠানে নিয়োজিত কোনো শ্রমিকের বয়স ৬০ (ষাট
3. <labour_1285_s57> [বাংলাদেশ ইপিজেড শ্রম আইন, ২০১৯, ধারা ৫৭] মজুরি পরিশোধের পদ্ধতি — (১) প্রবিধান দ্বারা নির্ধারিত পদ্ধতিতে মালিক কর্তৃক শ্রমিকদের মজুরি পরিশোধ করিতে হইবে।(২) মালিককে শ্রমিকের মজু
4. <labour_952_s47_p2> [বাংলাদেশ শ্রম আইন, ২০০৬, ধারা ৪৭] প্রসূতি কল্যাণ সুবিধা পরিশোধ সংক্রান্ত পদ্ধতি — ২০০৪(২০০৪ সনের ২৯ নং আইন) এর অধীন প্রদত্ত জন্ম রেজিস্টারের সত্যায়িত উদ্ধৃতি, অথবা কোন রেজিস্টার্ড চিকিত্সকের 
5. <labour_1285_s192> [বাংলাদেশ ইপিজেড শ্রম আইন, ২০১৯, ধারা ১৯২] কতিপয় ক্ষেত্রে চাকরির বর্তমান শর্তাবলী সংরক্ষণ — এইআইনপ্রবর্তনের সময় কোনো শ্রমিক যে মালিকের অধীন যে সকল অধিকার বা সুযোগ-সুবিধা ভোগ করিতেছিলেন সেই মালিকের অধীন
6. <labour_1285_s23> [বাংলাদেশ ইপিজেড শ্রম আইন, ২০১৯, ধারা ২৩] শ্রমিক কর্তৃক চাকরির ইস্তফা — (১) কোনো স্থায়ী শ্রমিক মালিককে ৩০ (ত্রিশ) দিনের লিখিত নোটিশ প্রদান করিয়া চাকরি হইতে ইস্তফা দিতে পারিবেন।(২) 
7. <labour_1285_s27> [বাংলাদেশ ইপিজেড শ্রম আইন, ২০১৯, ধারা ২৭] চাকরি সম্পর্কিত প্রত্যয়নপত্র — সাময়িক শ্রমিক ব্যতীত, অন্য কোনো শ্রমিক তাহার ছাঁটাই, ডিসচার্জ, বরখাস্ত, অপসারণ, অবসর গ্রহণ বা চাকরির অবসানের 
8. <labour_1285_s33> [বাংলাদেশ ইপিজেড শ্রম আইন, ২০১৯, ধারা ৩৩] মহিলা শ্রমিকের মৃত্যুর ক্ষেত্রে প্রসূতি কল্যাণ সুবিধা প্রদান — (১) এই অধ্যায়ের অধীন প্রসূতি কল্যাণ সুবিধা পাইবার অধিকারী কোনো মহিলা শ্রমিক সন্তান প্রসবকালে অথবা উহার পরবর্ত
9. <labour_952_s29> [বাংলাদেশ শ্রম আইন, ২০০৬, ধারা ২৯] ভবিষ্য তহবিল পরিশোধ — যদি কোন শ্রমিক কোন ভবিষ্য তহবিলের সদস্য হন এবং তহবিলের বিধি অনুযায়ী তিনি মালিকের চাঁদাসহ উক্ত তহবিল হইতে কোন 
10. <labour_952_s46> [বাংলাদেশ শ্রম আইন, ২০০৬, ধারা ৪৬] প্রসূতি কল্যাণ সুবিধা প্রাপ্তির অধিকার এবং প্রদানের দায়িত্ব — (১) প্রত্যেক মহিলা শ্রমিক তাহার মালিকের নিকট হইতে তাহার সন্ত্মান প্রসবের সম্ভাব্য তারিখের অব্যবহিত পূর্ববর্তী ","labour_952_s26, labour_952_s30","own_search","answered","2"
"prot_0045_01","Sorup","VERIFY","আমার বাবার তিন স্ত্রী। প্রথম স্ত্রীর ঘরে তিন মেয়ে। দ্বিতীয় স্ত্রীর (আমার মা) ঘরে দুই ছেলে ও এক মেয়ে। তৃতীয় স্ত্রীর ঘরে কোনো সন্তান নেই। বাবার তৃতীয় স্ত্রী প্রথমে মারা যান, তারপর বাবা এবং বাবার পর তাঁর প্রথম স্ত্রী মারা যান। আমার মা জীবিত আছেন। মুসলিম আইন অনুযায়ী বাবার প্রথম স্ত্রীর সম্পত্তি কি আমরা পাব? যদি পাই তাহলে কী পরিমাণ পাব?নাম প্রকাশে অনিচ্ছুককুড়িগ্রাম","1. <other_1037_s57_p2> [বীমা আইন, ২০১০, ধারা ৫৭] বীমা পলিসি গ্রাহক কর্তৃক মনোনয়ন৷ — বলবৎ হইবার পূর্বে কোন ব্যক্তি তাহার নিজের বা তাহার স্ত্রীর বা সন্তানদের বা তাহাদের যে কোন এক জনের লাইফ ইন্স্যু
2. <other_822_s10> [পার্বত্য চট্টগ্রাম আঞ্চলিক পরিষদ আইন, ১৯৯৮, ধারা ১০] সম্পত্তি সম্পর্কিত ঘোষণা — চেয়ারম্যান ও প্রত্যেক সদস্য তাহার কার্যভার গ্রহণের পূর্বে তাহার এবং তাঁহার পরিবারের কোন সদস্যের স্বত্ব, দখল ব
3. <local_government_1027_s41> [স্থানীয় সরকার (ইউনিয়ন পরিষদ) আইন, ২০০৯, ধারা ৪১] সম্পত্তি সম্পর্কিত ঘোষণা — চেয়ারম্যান ও সদস্য তাঁহার কার্যভার গ্রহণের পূর্বে তাঁহার এবং তাঁহার পরিবারের কোন সদস্যের স্বত্ব, দখল বা স্বার
4. <local_government_827_s10> [উপজেলা পরিষদ আইন, ১৯৯৮, ধারা ১০] সম্পত্তি সম্পর্কিত ঘোষণা — 14[চেয়ারম্যান ও ভাইস চেয়ারম্যান ] তাঁহার কার্যভার গ্রহণের পূর্বে তাঁহার এবং তাঁহার পরিবারের কোন সদস্যের স্বত
5. <labour_952_s7> [বাংলাদেশ শ্রম আইন, ২০০৬, ধারা ৭] সার্ভিস বইয়ের ফরম — (১) সার্ভিস বই বিধি দ্বারা নির্ধারিত মাপে ও ফরমে রৰিত হইবে, এবং উহাতে শ্রমিকের একটি ফটো সংযোজিত থাকিবে।(২) সার
6. <labour_952_s98> [বাংলাদেশ শ্রম আইন, ২০০৬, ধারা ৯৮] সংবাদপত্র শ্রমিকের জন্য চিকিৎসা পরিচর্যা — প্রত্যেক সংবাদপত্র শ্রমিক এবং তাহার উপর নির্ভরশীলগণ সংবাদপত্র প্রতিষ্ঠানের খরচে বিধি দ্বারা নির্ধারিত পন্থায় 
7. <other_1266_s2_p2> [বাংলাদেশ মুক্তিযোদ্ধা কল্যাণ ট্রাস্ট আইন, ২০, ধারা ২] সংজ্ঞা — জামায়াতে ইসলামী এবং তাহাদের সহযোগী রাজাকার, আলবদর, আলশামস বাহিনীর বিরুদ্ধে গণপ্রজাতন্ত্রী বাংলাদেশের স্বাধীনত
8. <other_1725_s21_p29> [অর্থ আইন, ২০২৬, ধারা ২১] ২০১২ সনের ৪৭ নং আইনের দ্বিতীয় তফসিলের সংশোধন — ডলার পর্যন্ত ৪৫ (ঘ) মূল্যসীমা ১০০০০০ মা. ডলার এর ঊর্ধ্ব হইতে ২০০০০০ মা. ডলার পর্যন্ত ৬০ (ঙ) মূল্যসীমা ২০০০০০ ম
9. <other_1586_s23> [গুম প্রতিরোধ ও প্রতিকার অধ্যাদেশ, ২০২৫, ধারা ২৩] স্ত্রী বা সন্তান কর্তৃক গুম হওয়া ব্যক্তির সম্পত্তি ব্যবহারের অনুমতি — (১) গুম হওয়া ব্যক্তির দায় পরিশোধ, তাহার স্ত্রী বা তাহার উপর নির্ভরশীল পরিবারের সদস্যদের ভরণপোষণের বা অন্য কো
10. <other_1190_s18> [পেট্রোলিয়াম আইন, ২০১৬, ধারা ১৮] পরীক্ষণ সনদ — (১) পেট্রোলিয়ামের নমুনা পরীক্ষণ করিবার পর, পরীক্ষণ কর্মকর্তা সরকার কর্তৃক, সরকারি গেজেটে প্রজ্ঞাপন দ্বারা, নি","other_173_s2","own_search","answered","1"
"prot_0017_02","Sorup","VERIFY","আমি ও আমার ছোট ভাই কীভাবে, কোন প্রক্রিয়ায় আইনগতভাবে বাবার সম্পদের ওয়ারিশ হতে পারি?","1. <other_1104_s4> [পাওয়ার অব অ্যাটর্নি আইন, ২০১২, ধারা ৪] অপ্রত্যাহারযোগ্য পাওয়ার অব অ্যাটর্নির মাধ্যমে ক্ষমতা অর্পণ, ইত্যাদি — (১) পণ মূল্য গ্রহণের বিনিময়ে ভূমি উন্নয়ন সংক্রান্ত অপ্রত্যাহারযোগ্য প্রতিটি পাওয়ার অব অ্যাটর্নির একটি নির্দ
2. <other_1021_s8> [সরকারি অর্থ ও বাজেট ব্যবস্থাপনা আইন, ২০০৯, ধারা ৮] সংযুক্ত তহবিল হইতে প্রত্যর্পণ ও ফেরতযোগ্য অর্থ উত্তোলন — রাজস্ব আহরণকারী কোন দপ্তর কর্তৃক কর, লেভী, শুল্ক অথবা এতদ্সম্পর্কিত অন্য কোন চার্জ বাবদ প্রাপ্ত অর্থ সংযুক্ত ত
3. <consumer_1014_s43> [ভোক্তা অধিকার সংরক্ষণ আইন, ২০০৯, ধারা ৪৩] অবৈধ প্রক্রিয়ায় পণ্য উৎ‍পাদন বা প্রক্রিয়াকরণের দণ্ড — কোন ব্যক্তি মানুষের জীবন বা স্বাস্থ্যের জন্য ক্ষতিকর হয় এমন কোন প্রক্রিয়ায়, যাহা কোন আইন বা বিধির অধীন নিষি
4. <other_751_s74_p0> [ব্যাংক-কোম্পানী আইন, ১৯৯১, ধারা ৭৪] আমানতকারীগণের অগ্রাধিকারভিত্তিক পাওনা প্রদান — 291[(১) কোন ব্যাংক-কোম্পানীর অবসায়নের কার্যধারায় অবসায়নের আদেশ এই আইন প্রবর্তনের পূর্বে প্রদত্ত হইয়া থাকিল
5. <other_1201_s31> [বাস র‍্যাপিড ট্রানজিট (বিআরটি) আইন, ২০১৬, ধারা ৩১] বিআরটি বাস দুর্ঘটনায় তৃতীয় পক্ষের ক্ষতিপূরণ — (১) বিআরটি বাস দুর্ঘটনায় পতিত হইবার কারণে যদি বিআরটি বাস ও উহার যাত্রী ব্যতীত অন্য কোনো ব্যক্তি বা সম্পদের ক্
6. <other_1266_s2_p3> [বাংলাদেশ মুক্তিযোদ্ধা কল্যাণ ট্রাস্ট আইন, ২০, ধারা ২] সংজ্ঞা — বা স্বামী এবং পিতা-মাতার অবর্তমানে খেতাবপ্রাপ্ত বীর মুক্তিযোদ্ধার সন্তান; বা(উ) (অ)-(ঈ) পর্যন্ত বর্ণিত ব্যক্তি
7. <other_1201_s10> [বাস র‍্যাপিড ট্রানজিট (বিআরটি) আইন, ২০১৬, ধারা ১০] লাইসেন্স হস্তান্তর — (১) কর্তৃপক্ষের পূর্বানুমোদন ব্যতিরেকে কোনো লাইসেন্স হস্তান্তরযোগ্য হইবে না।(২) উপ-ধারা (১) এর অধীন কোনো লাইসে
8. <consumer_1127_s33> [নিরাপদ খাদ্য আইন, ২০১৩, ধারা ৩৩] মানব স্বাস্থ্যের জন্য ক্ষতিকর বিবেচিত প্রক্রিয়ায় খাদ্যদ্রব্য উৎপাদন, বিক্রয়, ইত্যাদি — কোন ব্যক্তি বা তাহার পক্ষে নিয়োজিত অন্য কোন ব্যক্তি প্রবিধান দ্বারা বা আপাততঃ বলবৎ অন্য কোন আইনের অধীন নির্ধা
9. <other_1156_s29> [মেট্রোরেল আইন, ২০১৫, ধারা ২৯] মেট্রোরেলের দুর্ঘটনায় তৃতীয় পক্ষের ক্ষতিপূরণ — মেট্রোরেল দুর্ঘটনায় পতিত হওয়ার কারণে মেট্রোরেল ও উহার যাত্রী ব্যতীত অন্য কোন ব্যক্তি বা স্থাপনা ও সম্পদের ক্
10. <labour_952_s75> [বাংলাদেশ শ্রম আইন, ২০০৬, ধারা ৭৫] চোখের নিরাপত্তা — উৎপাদন প্রক্রিয়া পরিচালিত হয় এরূপ কোন প্রতিষ্ঠানের ক্ষেত্রে সরকার বিধি দ্বারা এই নির্দেশ দিতে পারিবে যে, উক্","none","none","not_found","1"
"lawy_0290_01","Sorup","VERIFY","কেনার আগে জেনে নিন, জমি কিনছেন নাকি হয়রানি?","1. <labour_952_s36> [বাংলাদেশ শ্রম আইন, ২০০৬, ধারা ৩৬] যদি কোন ব্যক্তি শিশু নাকি কিশোর এ সম্পর্কে কোন প্রশ্ন উত্থাপিত হয়, তাহা হইলে উক্ত ব্যক্তির জন্ম নিবন্ধন সনদ, 
2. <other_788_s318> [কোম্পানী আইন, ১৯৯৪, ধারা ৩১৮] আদালত কর্তৃক পাওনাদার ও প্রদায়কগণের অভিপ্রায় বিবেচনাপূর্বক সিদ্ধান্ত গ্রহণ — কোন কোম্পানী আদালত কর্তৃক অবলুপ্ত হইবে, নাকি আদালতের তত্ত্বাবধান সাপেক্ষে অবলুপ্ত হইবে ইহা স্থির করা এবং লিকুই
3. <other_722_s15> [পার্বত্য জেলাসমূহ (আইন রহিত ও প্রয়োগ এবং বিশ, ধারা ১৫] বসতবাড়ীর জন্য গ্রামীণ জমি দখল — (১) কোন পাহাড়ী ব্যক্তি পৌর এলাকা-বহির্ভূত অনধিক ত্রিশ শতাংশ পর্যন্ত খাস জমি তাহার নিজ বসতবাড়ীর জন্য হেডম্যান
4. <other_857_s45> [বাংলাদেশ টেলিযোগাযোগ নিয়ন্ত্রণ আইন, ২০০১, ধারা ৪৫] লাইসেন্সধারীর প্রয়োজনে বাধ্যতামূলকভাবে বেসরকারী জমি অধিগ্রহণ — (১) লাইসেন্সের অধীন কাজকর্ম সম্পাদন বা পরিচালনার জন্য প্রয়োজনীয় কোন জমি ব্যবহারের ক্ষেত্রে লাইসেন্সধারী বাধা
5. <consumer_1014_s54> [ভোক্তা অধিকার সংরক্ষণ আইন, ২০০৯, ধারা ৫৪] মিথ্যা বা হয়রানিমূলক মামলা দায়েরের দণ্ড — কোন ব্যক্তি, কোন ব্যবসায়ী বা সেবা প্রদানকারীকে হয়রানি বা জনসমক্ষে হেয় করা বা তাহার ব্যবসায়িক ক্ষতি সাধনের 
6. <other_845_s20> [জাতীয় গৃহায়ন কর্তৃপক্ষ আইন, ২০০০, ধারা ২০] জমি হুকুমদখল বা অধিগ্রহণ, ইত্যাদি — (১) কর্তৃপক্ষের কার্যাবলী সম্পাদনের জন্য কোন জমি প্রয়োজন হইলে উহা জনস্বার্থে প্রয়োজনীয় বলিয়া বিবেচিত হইবে 
7. <other_721_s9> [বাংলাদেশ ঋণ সালিসি আইন, ১৯৮৯, ধারা ৯] প্রত্যর্পিত জমি হস্ত্মান্ত্মরের উপর বিধি নিষেধ — কোন কৃষক ধারা ৬ বা ধারা ৭ এর অধীন তাঁহার নিকট প্রত্যর্পিত কোন কৃষি জমি প্রত্যর্পণের তারিখ হইতে তিন বত্সরের মধ্
8. <other_1427_s6> [হাট ও বাজার (স্থাপন ও ব্যবস্থাপনা) আইন, ২০২৩, ধারা ৬] হাট ও বাজারের জমি বন্দোবস্ত প্রদান এবং হাট ও বাজার ইজারা প্রদান — (১) হাট ও বাজারের কোনো জমি স্থায়ী বন্দোবস্ত প্রদান করা যাইবে না।(২) উপ-ধারা (১) এর বিধান সাপেক্ষে, জেলা প্রশা
9. <other_740_s15> [ঢাকা বিদ্যুৎ বিতরণ কর্তৃপক্ষ আইন, ১৯৯০, ধারা ১৫] কর্তৃপক্ষের জন্য জমি অধিগ্রহণ — কর্তৃপক্ষের কার্যাবলী সম্পাদনের জন্য কোন জমি প্রয়োজন হইলে উহা জনস্বার্থে প্রয়োজনীয় বলিয়া বিবেচিত হইবে এবং 
10. <other_859_s19> [বাংলাদেশ স্থলবন্দর কর্তৃপক্ষ আইন, ২০০১, ধারা ১৯] কর্তৃপক্ষের জন্য জমি হুকুমদখল বা অধিগ্রহণ — কর্তৃপক্ষের কার্যাবলী সম্পাদনের জন্য কোন জমি প্রয়োজন হইলে উহা জনস্বার্থে প্রয়োজনীয় বলিয়া বিবেচিত হইবে এবং ","unanswerable","none","unanswerable","2"
"prot_0072_05","Sorup","VERIFY","আমি হিন্দু ধর্মাবলম্বী, একটা বেসরকারি প্রতিষ্ঠানে চাকরি করি। আমি তিন বছর ধরে একটি বিবাহিত মেয়েকে ভালোবাসি, সেও আমাকে খুব ভালোবাসে। তার স্বামী মাদকাসক্ত। প্রায়ই তাকে নির্যাতন করে, কিছুদিন আগে আমাদের সম্পর্কের কথা দুই পরিবারে জেনে যায়। তার পর থেকে তার স্বামীর নির্যাতন আরও বেড়ে গেছে। এখন মেয়েটি আমাকে চাপ দিচ্ছে তাকে বিয়ে করার জন্য, কিন্তু কোনোমতেই রাজি করাতে পারছি না আমার মা-বাবাকে। এখন সে আমাকে বলছে পালিয়ে গিয়ে বিয়ে করার জন্য। নতুবা স্বামীর ঘর ছেড়ে সরাসরি আমার ঘরে চলে আসবে। আমিও তাকে জীবনসঙ্গী হিসেবে পেতে চাই। এমন অবস্থায় আমার করণীয় কী? নাম প্রকাশে অনিচ্ছুককিশোরগঞ্জ","1. <women_children_835_s11> [নারী ও শিশু নির্যাতন দমন আইন, ২০০০, ধারা ১১] যৌতুকের জন্য মৃত্যু ঘটানো, ইত্যাদির শাস্তি — যদি কোন নারীর স্বামী অথবা স্বামীর পিতা, মাতা, অভিভাবক, আত্মীয় বা স্বামীর পক্ষে অন্য কোন ব্যক্তি যৌতুকের জন্য 
2. <women_children_1063_s3> [পারিবারিক সহিংসতা (প্রতিরোধ ও সুরক্ষা) আইন, , ধারা ৩] পারিবারিক সহিংসতা — - এই আইনের উদ্দেশ্য পূরণকল্পে পারিবারিক সহিংসতা বলিতে পারিবারিক সম্পর্ক রহিয়াছে এমন কোন ব্যক্তি কতৃর্ক পরিবার
3. <other_1266_s2_p2> [বাংলাদেশ মুক্তিযোদ্ধা কল্যাণ ট্রাস্ট আইন, ২০, ধারা ২] সংজ্ঞা — জামায়াতে ইসলামী এবং তাহাদের সহযোগী রাজাকার, আলবদর, আলশামস বাহিনীর বিরুদ্ধে গণপ্রজাতন্ত্রী বাংলাদেশের স্বাধীনত
4. <labour_952_s78> [বাংলাদেশ শ্রম আইন, ২০০৬, ধারা ৭৮] বিষ্ফোরক বা দাহ্য গ্যাস, ধুলা ইত্যাদি — (১) যে ক্ষেত্রে কোন প্রতিষ্ঠানে কোন উত্পাদন প্রক্রিয়ার কারণে উত্থিত গ্যাস, ধোঁয়া, বাষ্প বা ধুলা এমন প্রকৃতির
5. <labour_952_s45> [বাংলাদেশ শ্রম আইন, ২০০৬, ধারা ৪৫] কতিপয় ক্ষেত্রে নারী শ্রমিকের কর্মে নিয়োগ নিষেধ — (১) কোন মালিক তাহার প্রতিষ্ঠানে সজ্ঞানে কোন মহিলাকে তাহার সন্ত্মান প্রসবের অব্যবহিত পরবর্তী আট সপ্তাহের মধ্যে 
6. <other_1133_s2> [নির্যাতন এবং হেফাজতে মৃত্যু (নিবারণ) আইন, ২০, ধারা ২] সংজ্ঞা — বিষয় বা প্রসঙ্গের পরিপন্থী কোন কিছু না থাকিলে, এই আইনে—(১) ‘অভিযোগকারী’ অর্থ এই আইনের অধীনে কোন অভিযোগ উত্থাপ
7. <labour_952_s62_p1> [বাংলাদেশ শ্রম আইন, ২০০৬, ধারা ৬২] অগ্নিকান্ড সম্পর্কে সতর্কতা অবলম্বন — উহা বাহিরের দিকে খোলা যায় এমনভাবে সকল দরজা তৈরী করিতে হইবে।(৩গ) যদি কোন দরজা দুইটি কক্ষের মাঝখানে হয়, তাহা হ
8. <labour_952_s65> [বাংলাদেশ শ্রম আইন, ২০০৬, ধারা ৬৫] স্ট্রাইকিং গিয়ার এবং শক্তি সরবরাহ বিচ্ছিন্ন করার পন্থা — (১) প্রত্যেক প্রতিষ্ঠানে-(ক) উপযুক্ত স্ট্রাইকিং গিয়ার এবং অন্যান্য কার্যকর যান্ত্রিক সরঞ্জাম সংরক্ষণ করা হইবে
9. <other_1078_s24> [ভবঘুরে ও নিরাশ্রয় ব্যক্তি (পুনর্বাসন) আইন, ২, ধারা ২৪] মানুষকে ভিক্ষাবৃত্তিতে নিয়োজিত করার ক্ষেত্রে কতিপয় আইনের প্রয়োগ — অন্য কোন ব্যক্তি দ্বারা প্রভাবিত বা প্ররোচিত হইয়া ভিক্ষাবৃত্তি কাজে নিয়োজিত এমন কোন ভবঘুরেকে এই আইনের অধীন আ
10. <labour_952_s67> [বাংলাদেশ শ্রম আইন, ২০০৬, ধারা ৬৭] নতুন যন্ত্রপাতি আবৃত করা — এই আইন বলবৎ হইবার পর কোন প্রতিষ্ঠানে স্থাপিত শক্তি চালিত প্রত্যেকটি যন্ত্রপাতির-(ক) সেট-স্ক্রু, বেল্ট অথবা চাব","criminal_procedure_11_s498, criminal_procedure_11_s494","own_search","answered","1"
"ajke_0151_01","Sorup","VERIFY","প্রশ্ন: আমার বিয়ের বয়স প্রায় ৭ বছর। ৫ বছরের একটি মেয়ে আছে। তার জন্মের পর থেকে আমার স্বামী আমাদের খোঁজখবর নিত না, ভরণপোষণ দিত না। সে লুকিয়ে বিদেশ থেকে দেশে যাতায়াত করত। আমাদের তার বাড়িতে নিয়ে যেত না। এসব কারণে বাধ্য হয়ে আমি কোর্টে মামলা করি। কোর্টে মামলা চলাকালে স্বামী আমার সঙ্গে সংসার করা এবং আমাদের ভরণপোষণ দেওয়ার কথা বলে আপস করে জামিনে বের হয়ে বিদেশে চলে যায়। আমি মেয়েকে নিয়ে বাবার বাড়িতে থাকি এবং মামলা স্থগিত রাখি। এখন সে বিদেশ থেকে কোনো যোগাযোগ করছে না, ভরণপোষণও দিচ্ছে না। এক আইনজীবী আমাকে জানিয়েছেন, আমার শ্বশুর কোর্টে গিয়েছিলেন ডিভোর্সের ব্যবস্থা করতে। কিন্তু আমার কাছে কোনো নোটিশ আসেনি এখনো। শুনেছি, আমার অনুপস্থিতিতে তালাক বিষয়ে কোর্ট নতুন করে শুনানি করেছেন। আমার প্রশ্ন, তারা আমার ইচ্ছার বিরুদ্ধে, আমার ও আমার স্বামীর উপস্থিতি ছাড়া মামলার কাগজপত্রে থাকা আমার স্বাক্ষর জাল করে আমার শ্বশুর কি আমাদের বিবাহবিচ্ছেদ করাতে পারেন?","1. <other_849_s5> [এডমিরালটি কোর্ট আইন, ২০০০, ধারা ৫] সংঘর্ষ ও অনুরূপ মামলার ক্ষেত্রে কোর্টের in personam এখতিয়ার — (১) এই ধারা প্রযোজ্য হয় এমন কোন দাবী কার্যকর করণার্থ বাংলাদেশের কোন আদালত action in personam বিচারার্থ গ্রহণ 
2. <other_891_s72> [অর্থ আইন, ২০০২, ধারা ৭২] কতিপয় বত্সরের বকেয়া কর দাবী অবলোপন (write off) সংক্রান্ত বিধান — ১৯৮৫-৮৬ কর বত্সর এবং তত্পূর্ববর্তী কর বত্সর সংশ্লিষ্ট যে কোন বকেয়া কর দাবী অবলোপন করা (write off) হইয়াছে বলি
3. <other_1483_s7> [পরিত্যক্ত বাড়ি (সম্পূরক বিধানাবলি) আইন, ২০২৩, ধারা ৭] মামলা দায়েরে নিষেধাজ্ঞা, ইত্যাদি — (১) রাষ্ট্রপতির ১৯৭২ সনের ১৬ নং আদেশ বা এই আইনের অধীন কৃত, গৃহীত বা চলমান কোনো কার্যক্রম, সিদ্ধান্ত বা জারীকৃত
4. <other_896_s15> [দ্রুত বিচার ট্রাইব্যুনাল আইন, ২০০২, ধারা ১৫] দ্রুত বিচার ট্রাইব্যুনাল, ইত্যাদির জবাবদিহিতা — (১) কোন মামলা ধারা ১০ এর উপ-ধারা (৩) এ উল্লিখিত সময়ের মধ্যে নিষ্পত্তি না হইবার ক্ষেত্রে ট্রাইব্যুনালকে উহার ক
5. <other_1181_s113> [বাংলাদেশ কোস্ট গার্ড আইন, ২০১৬, ধারা ১১৩] আদালতের এখতিয়ার বারিত — এই আইনের বিধান ব্যতীত কোস্ট গার্ড আদালত এবং কোস্ট গার্ড আপিল ট্রাইব্যুনালের কোন কার্যধারা, রায়, আদেশ বা সিদ্ধ
6. <women_children_835_s31ক> [নারী ও শিশু নির্যাতন দমন আইন, ২০০০, ধারা ৩১ক] (১) কোন মামলা ধারা ২০ এর উপ-ধারা (৩) এ উল্লিখিত সময়ের মধ্যে নিষ্পত্তি না হইবার ক্ষেত্রে ট্রাইব্যুনালকে উহার ক
7. <labour_952_s216_p0> [বাংলাদেশ শ্রম আইন, ২০০৬, ধারা ২১৬] অপরাধ বিচার ছাড়া অন্য কোন বিষয়ে শ্রম আদালতের ক্ষমতা ওকার্যক্রম — (১) অপরাধ ব্যতীত এই আইনের অধীন অন্য কোন বিষয়, প্রশ্ন বা বিরোধের বিচার ও নিষ্পত্তির উদ্দেশ্যে, শ্রম আদালত একটি
8. <other_896_s19> [দ্রুত বিচার ট্রাইব্যুনাল আইন, ২০০২, ধারা ১৯] মামলার বিবরণী — প্রত্যেক দ্রুত বিচার ট্রাইব্যুনাল, প্রতি ইংরেজী মাসের পরবর্তী সাত দিনের মধ্যে ঐ মাসে যতগুলি মামলা বিচারাধীন ছি
9. <women_children_1119_s56> [শিশু আইন, ২০১৩, ধারা ৫৬] আইনগত প্রতিনিধির উপস্থিতি — (১) ধারা ৫৫ এর উপ-ধারা (৩) এর অধীন শিশুর পক্ষে নিযুক্ত আইনজীবীকে সংশ্লিষ্ট মামলার সকল শুনানীতে অবশ্যই হাজির থা
10. <other_822_s47> [পার্বত্য চট্টগ্রাম আঞ্চলিক পরিষদ আইন, ১৯৯৮, ধারা ৪৭] পরিষদের পক্ষে বা বিপক্ষে মামলা — (১) পরিষদের বিরুদ্ধে বা পরিষদ সংক্রান্ত কোন কাজের জন্য উহার কোন সদস্য বা কর্মকর্তা বা কর্মচারীর বিরুদ্ধে কোন ম","criminal_procedure_11_s465, family_305_s8","own_search","answered","1"
"ajke_0156_01","Sorup","VERIFY","আমার মামারা মায়ের সম্পত্তি দিচ্ছেন না। দিই-দিচ্ছি করে ঘোরাচ্ছেন অনেক বছর ধরে। এই কাজ কীভাবে করা সম্ভব? মায়ের নামে জমি খারিজ করতে গেলে মামাদের এনআইডি লাগবে। কীভাবে সেটা বের করতে পারি?","1. <other_893_s7> [শিশু-মাতৃ স্বাস্থ্য ইনস্‌টিটিউট আইন, ২০০২, ধারা ৭] ইনস্‌টিটিউটের দায়িত্ব ও কার্যাবলী — ইনস্টিটিউটের দায়িত্ব ও কার্যাবলী হইবে নিম্নরূপ, যথা:-(১) শিশু ও মায়ের স্বাস্থ্য ও পুষ্টি বিষয়ে শিক্ষা, প্রশ
2. <other_857_s45> [বাংলাদেশ টেলিযোগাযোগ নিয়ন্ত্রণ আইন, ২০০১, ধারা ৪৫] লাইসেন্সধারীর প্রয়োজনে বাধ্যতামূলকভাবে বেসরকারী জমি অধিগ্রহণ — (১) লাইসেন্সের অধীন কাজকর্ম সম্পাদন বা পরিচালনার জন্য প্রয়োজনীয় কোন জমি ব্যবহারের ক্ষেত্রে লাইসেন্সধারী বাধা
3. <other_1427_s9> [হাট ও বাজার (স্থাপন ও ব্যবস্থাপনা) আইন, ২০২৩, ধারা ৯] হাট ও বাজারের পরিসীমার মধ্যকার বিনষ্টযোগ্য সম্পত্তি ব্যবস্থাপনা — হাট ও বাজারের পরিসীমার মধ্যে কোনো সরকারি সম্পত্তি যেমন-ভবন, গাছ, ইত্যাদি নষ্ট হইয়া গেলে অথবা প্রাকৃতিক কারণে 
4. <other_1727_s41> [জুয়া প্রতিরোধ আইন, ২০২৬, ধারা ৪১] এনআইডি-সিম-এমএফএস লিংকিং সিস্টেম (NID-SIM-MFS Linking System) বাস্তবায়ন — (১) সরকার জুয়া প্রতিরোধের উদ্দেশ্যে এনআইডি-সিম-এমএফএস লিংকিং সিস্টেম (NID-SIM-MFS Linking System) বাস্তবায়ন 
5. <other_1124_s7> [মাতৃদুগ্ধ বিকল্প, শিশু খাদ্য, বাণিজ্যিকভাবে , ধারা ৭] শিক্ষামূলক বা অন্যান্য তথ্যাদি — জন্ম-পূর্ববর্তী বা জন্ম-পরবর্তী সেবা দানের উদ্দেশ্যে কোন গর্ভবতী মহিলা বা মাতৃদুগ্ধদানকারী বা শিশুর মায়েদের স
6. <women_children_1063_s27> [পারিবারিক সহিংসতা (প্রতিরোধ ও সুরক্ষা) আইন, , ধারা ২৭] আবেদন খারিজ — আবেদনকারীর অনুপস্থিতির কারণে কোন আবেদন খারিজ হইলে যে আদালত কর্তৃক আবেদনটি খারিজ করা হইয়াছে সেই আদালত আবেদনকার
7. <other_775_s26> [বাংলাদেশ সিকিউরিটিজ অ্যান্ড এক্সচেঞ্জ কমিশন , ধারা ২৬] জটিলতার নিরসনের ক্ষমতা — (১) এই আইনের বিধানাবলী কার্যকর করার ক্ষেত্রে কোন অসুবিধা দেখা দিলে সরকার উক্ত অসুবিধা দূরীকরণার্থে, আদেশ দ্বার
8. <other_813_s20> [বাংলাদেশ কমার্স এন্ড ইনভেষ্টমেন্ট লিমিটেড (প, ধারা ২০] জটিলতা নিরসনের ক্ষমতা — (১) এই আইনের বিধানাবলী কার্যকর করার ক্ষেত্রে কোন অসুবিধা দেখা দিলে সরকার উক্ত অসুবিধা দূরীকরণার্থে, আদেশ দ্বার
9. <labour_952_s216_p1> [বাংলাদেশ শ্রম আইন, ২০০৬, ধারা ২১৬] অপরাধ বিচার ছাড়া অন্য কোন বিষয়ে শ্রম আদালতের ক্ষমতা ওকার্যক্রম — বা আপত্তি পেশ করিতে ব্যর্থ হয়, তাহা হইলে মামলাটি একতরফা শুনানীক্রমে নিষ্পত্তি করা হইবে।(৬) কোন পক্ষের আবেদনক্
10. <other_812_s24_p1> [দেউলিয়া বিষয়ক আইন, ১৯৯৭, ধারা ২৪] দেনাদারের বিরুদ্ধে অন্তর্বর্তী কার্যধারা — প্রদান; (ঘ) দেনাদারের দখলভুক্ত বা নিয়ন্ত্রণাধীন হিসাব বহিসহ সকল সম্পত্তি বা উহার অংশবিশেষ, অব্যাহতিপ্রাপ্ত সম","land_241_s143, civil_registration_1458_s14","own_search","answered","1"
"prot_0045_05","Sorup","VERIFY","আমার প্রথম স্ত্রী মারা যাওয়ার পর দ্বিতীয় বিয়ে করি। আমার প্রথম স্ত্রীর ঘরে একজন ছেলে ও একজন মেয়ে আছে আর দ্বিতীয় স্ত্রীর ঘরেও একজন ছেলে ও একজন মেয়ে আছে। কিছুদিন আগে আমার প্রথম স্ত্রীর ছেলে মারা যায়, তার এক ছেলে এবং এক মেয়ে আছে। এখন আইন অনুযায়ী সে কি আমার সম্পত্তির মালিক হবে? আমি যদি আমার স্থাবর-অস্থাবর সব সম্পত্তি দ্বিতীয় স্ত্রীর ছেলেকে দিয়ে দিতে চাই, তাহলে কীভাবে দিতে পারব?মোজাহের আহমদ চৌধুরীচট্টগ্রাম","1. <other_822_s10> [পার্বত্য চট্টগ্রাম আঞ্চলিক পরিষদ আইন, ১৯৯৮, ধারা ১০] সম্পত্তি সম্পর্কিত ঘোষণা — চেয়ারম্যান ও প্রত্যেক সদস্য তাহার কার্যভার গ্রহণের পূর্বে তাহার এবং তাঁহার পরিবারের কোন সদস্যের স্বত্ব, দখল ব
2. <local_government_1027_s41> [স্থানীয় সরকার (ইউনিয়ন পরিষদ) আইন, ২০০৯, ধারা ৪১] সম্পত্তি সম্পর্কিত ঘোষণা — চেয়ারম্যান ও সদস্য তাঁহার কার্যভার গ্রহণের পূর্বে তাঁহার এবং তাঁহার পরিবারের কোন সদস্যের স্বত্ব, দখল বা স্বার
3. <local_government_827_s10> [উপজেলা পরিষদ আইন, ১৯৯৮, ধারা ১০] সম্পত্তি সম্পর্কিত ঘোষণা — 14[চেয়ারম্যান ও ভাইস চেয়ারম্যান ] তাঁহার কার্যভার গ্রহণের পূর্বে তাঁহার এবং তাঁহার পরিবারের কোন সদস্যের স্বত
4. <other_1037_s57_p2> [বীমা আইন, ২০১০, ধারা ৫৭] বীমা পলিসি গ্রাহক কর্তৃক মনোনয়ন৷ — বলবৎ হইবার পূর্বে কোন ব্যক্তি তাহার নিজের বা তাহার স্ত্রীর বা সন্তানদের বা তাহাদের যে কোন এক জনের লাইফ ইন্স্যু
5. <local_government_1027_s2_p1> [স্থানীয় সরকার (ইউনিয়ন পরিষদ) আইন, ২০০৯, ধারা ২] সংজ্ঞা — শহর হিসাবে ঘোষিত নয় এইরূপ এলাকা;(১৩) 'চেয়ারম্যান' অর্থ ইউনিয়ন পরিষদের চেয়ারম্যান;(১৪) 'জনপথ' অর্থ সর্বসাধা
6. <other_1190_s26> [পেট্রোলিয়াম আইন, ২০১৬, ধারা ২৬] অপরাধের বিচার — এই আইনের অধীন সংঘটিত অপরাধসমূহ একজন মেট্রোপলিটন ম্যাজিস্ট্রেট বা প্রথম বা দ্বিতীয় শ্রেণির ম্যাজিস্ট্রেট কর্তৃ
7. <other_1429_s2_p0> [আয়কর আইন, ২০২৩, ধারা ২] সংজ্ঞা — বিষয় বা প্রসঙ্গের পরিপন্থি কোনো কিছু না থাকিলে, এই আইনে,-(১) “অবলোপিত মূল্য” অর্থ তৃতীয় তফসিলের অংশ ১ এ সংজ্
8. <other_916_s9> [বিরোধ মীমাংসা (পৌর এলাকা) বোর্ড আইন, ২০০৪, ধারা ৯] বোর্ড কর্তৃক প্রদেয় প্রতিকার — (১) তফসিলের প্রথম অংশে উল্লিখিত অপরাধসমূহের ব্যাপারে বোর্ড কোন কারাদণ্ড বা অর্থদণ্ড আরোপ করিতে পারিবে না, শুধু
9. <other_888_s8> [আইন-শৃঙ্খলা বিঘ্নকারী অপরাধ (দ্রুত বিচার) আই, ধারা ৮] দ্রুত বিচার আদালত গঠন — (১) সরকার, সরকারী গেজেটে প্রজ্ঞাপন দ্বারা, এই আইনের উদ্দেশ্য পূরণকল্পে প্রত্যেক জেলায় এবং মেট্রোপলিটন এলাকায়
10. <other_1280_s9> [বাংলাদেশ স্ট্যান্ডার্ডস এন্ড টেস্টিং ইনস্টিট, ধারা ৯] পরিষদের সভা — (১) এই ধারার অন্যান্য বিধানাবলি সাপেক্ষে, পরিষদ উহার সভার কার্যপদ্ধতি নির্ধারণ করিতে পারিবে।(২) চেয়ারম্যানের ","family_305_s4, other_48_s123","own_search","answered","2"
"prot_0084_05","Sorup","VERIFY","আমার প্রকৃত জন্ম ১৯৯৪ সালে। এখন আমি নবম শ্রেণীতে পড়ি। সামনে আমার রেজিস্ট্রেশন। আমার মায়ের বাড়ি কুমিল্লায়। বাবার বাড়ি ময়মনসিংহে। আমরা সপরিবারে চট্টগ্রামে থাকি। আমার মামা আমার জন্মনিবন্ধন কুমিল্লায় করে দেন। যে কারণে তিনি প্রকৃত জন্মসাল না জেনে ১৯৯৭ লিখে দেন। প্রাথমিক বিদ্যালয় থেকে উচ্চবিদ্যালয়ে যে ভর্তি সনদপত্র জমা দিয়েছিলাম তাতে ১৯৯৪ সালই লেখা আছে। এখন আমি কি রেজিস্ট্রেশনের সময় ১৯৯৪ সাল উল্লেখ করব, নাকি জন্মনিবন্ধন ১৯৯৭ লিখব?","1. <labour_1285_s166> [বাংলাদেশ ইপিজেড শ্রম আইন, ২০১৯, ধারা ১৬৬] অন্য কোনো কর্জের উপর চাঁদা প্রদান অগ্রাধিকার পাইবে — এই অধ্যায়ের অধীন কোনো চাঁদা অনাদায়ী থাকিলে উহা যদি মালিকের দেউলিয়া সাব্যস্ত হইবার পূর্বে প্রদেয় হয় অথবা গ
2. <money_recovery_1468_s25> [সুরক্ষিত লেনদেন (অস্থাবর সম্পত্তি) আইন, ২০২৩, ধারা ২৫] অসম্পূর্ণকৃত সুরক্ষা স্বার্থের উপর অগ্রাধিকার — (১) জামানতে কোনো অসম্পূর্ণকৃত সুরক্ষা স্বার্থ থাকিলে নিম্নবর্ণিত স্বার্থ উহার উপর অগ্রাধিকার পাইবে, যথা:-(ক) এ
3. <labour_1285_s165> [বাংলাদেশ ইপিজেড শ্রম আইন, ২০১৯, ধারা ১৬৫] ভবিষ্য তহবিল অক্রোকযোগ্য — (১) কোনো শ্রমিকের ভবিষ্য তহবিলের হিসাবে যে অর্থ জমা থাকে সে অর্থ কোনো ভাবেই হস্তান্তর যোগ্য বা দায়বদ্ধ যোগ্য 
4. <other_1088_s2_p0> [মানিলন্ডারিং প্রতিরোধ আইন, ২০১২, ধারা ২] বিষয় বা প্রসংগের পরিপন্থী কোন কিছু না থাকিলে, এই আইনে—(ক) ‘‘অর্থ বা সম্পত্তি পাচার’’ অর্থ—(১) দেশে বিদ্যমান আ
5. <other_1700_s26> [বাংলাদেশ বনশিল্প উন্নয়ন কর্পোরেশন আইন, ২০২৬, ধারা ২৬] কোম্পানি গঠন এবং সংঘস্মারক ও সংঘবিধির সংশোধন — (১) কর্পোরেশন, সরকারের পূর্বানুমোদনক্রমে, বনজশিল্পপণ্য, শিল্পপণ্য বা সামগ্রী উৎপাদনের লক্ষ্যে কোম্পানী আইন, ১৯
6. <money_recovery_876_s3> [সমবায় সমিতি আইন, ২০০১, ধারা ৩] সমবায় সমিতির ক্ষেত্রেকোম্পানী আইন, ১৯৯৪(১৯৯৪ সনের ১৮ নং আইন) এবং মাইক্রো ক্রেডিট রেগুলেটরি অথরিটি আইন, ২০০৬ (
7. <other_1180_s26> [বাংলাদেশ পেট্রোলিয়াম কর্পোরেশন আইন, ২০১৬, ধারা ২৬] কর্পোরেশনের অবসায়ন — কোম্পানী আইন, ১৯৯৪(১৯৯৪ সনের ১৮ নং আইন) এ উল্লিখিত অবসায়ন সংক্রান্ত সংশ্লিষ্ট বিধানাবলী কর্পোরেশনের ক্ষেত্রে 
8. <other_1700_s28> [বাংলাদেশ বনশিল্প উন্নয়ন কর্পোরেশন আইন, ২০২৬, ধারা ২৮] কর্পোরেশনের অবসায়ন। — কোম্পানী আইন, ১৯৯৪ (১৯৯৪ সনের ১৮ নং আইন)-এ উল্লিখিত অবসায়ন সংক্রান্ত সংশ্লিষ্ট বিধানাবলি কর্পোরেশনের ক্ষেত্রে
9. <other_1415_s32> [বাংলাদেশ তেল, গ্যাস ও খনিজসম্পদ কর্পোরেশন আ, ধারা ৩২] কর্পোরেশনের অবসায়ন — কোম্পানি আইন, ১৯৯৪ (১৯৯৪ সনের ১৮ নং আইন) এ উল্লিখিত অবসায়ন সংক্রান্ত সংশ্লিষ্ট বিধানাবলি কর্পোরেশনের ক্ষেত্রে
10. <other_1443_s59> [বাংলাদেশ ক্ষুদ্র ও কুটির শিল্প কর্পোরেশন আইন, ধারা ৫৯] কর্পোরেশনের অবসায়ন — কোম্পানী আইন, ১৯৯৪(১৯৯৪ সনের ১৮ নং আইন) এ উল্লিখিত অবসায়ন সংক্রান্ত সংশ্লিষ্ট বিধানাবলি কর্পোরেশনের ক্ষেত্রে ","civil_registration_921_s15","own_search","answered","2"
"prot_0036_07","Sorup","VERIFY","আমি একজন গৃহিণী এবং তিন সন্তানের মা। আমার স্বামী আমাকে না জানিয়ে ঢাকায় বিয়ে করেছেন। এখন আমাদের ভরণপোষণ দেওয়া বন্ধ করে দিয়েছেন। আমি গ্রামের চেয়ারম্যানকে বিষয়টি জানাই।তিনি আমাদের স্বামী-স্ত্রীর সই একটি সাদা স্ট্যাম্পে রেখে তিন মাস পর সিদ্ধান্ত নেবেন বলে জানিয়েছেন। এখন আমার কী করা উচিত?","1. <other_1429_s31> [আয়কর আইন, ২০২৩, ধারা ৩১] আয় একীভূতকরণ — (১) এই আইনে ভিন্নরূপ কিছু না থাকিলে, নিম্নবর্ণিত আয়সমূহ কোনো ব্যক্তির মোট আয়ের অন্তর্ভুক্ত হইবে, যথা:-(ক) উক
2. <other_1132_s5> [পিতা-মাতার ভরণ-পোষণ আইন, ২০১৩, ধারা ৫] পিতা-মাতার ভরণ-পোষণ না করিবার দণ্ড — (১) কোন সন্তান কর্তৃক ধারা ৩ এর যে কোন উপ-ধারার বিধান কিংবা ধারা ৪ এর বিধান লংঘন অপরাধ বলিয়া গণ্য হইবে এবং উক
3. <other_857_s11> [বাংলাদেশ টেলিযোগাযোগ নিয়ন্ত্রণ আইন, ২০০১, ধারা ১১] পরিবারের সদস্যের কতিপয় স্বার্থ সম্পর্কে কমিশনারের দায়িত্ব — (১) কোন কমিশনারের পরিবারের কোন সদস্য যদি ধারা ১০(২)(ছ)- েত উলিস্্নখিত স্বার্থ অর্জন বা ধারণ করেন, তাহা হইলে তি
4. <labour_952_s98> [বাংলাদেশ শ্রম আইন, ২০০৬, ধারা ৯৮] সংবাদপত্র শ্রমিকের জন্য চিকিৎসা পরিচর্যা — প্রত্যেক সংবাদপত্র শ্রমিক এবং তাহার উপর নির্ভরশীলগণ সংবাদপত্র প্রতিষ্ঠানের খরচে বিধি দ্বারা নির্ধারিত পন্থায় 
5. <other_1485_s9> [বাংলাদেশ পুলিশ কল্যাণ তহবিল আইন, ২০২৩, ধারা ৯] মৃত্যু এবং অক্ষমতাজনিত কারণে এককালীন এবং মাসিক কল্যাণ অনুদান — (১) কোনো কর্মচারী বা তাহার মৃত্যু হইলে তাহার স্ত্রী বা, ক্ষেত্রমত, স্বামী, বিধি দ্বারা নির্ধারিত পদ্ধতিতে, নিম
6. <women_children_835_s13> [নারী ও শিশু নির্যাতন দমন আইন, ২০০০, ধারা ১৩] (১) অন্য কোন আইনে ভিন্নতর যাহা কিছুই থাকুক না কেন, ধর্ষণের কারণে কোন সন্তান জন্মলাভ করিলে-(ক) উক্ত সন্তানকে তা
7. <labour_952_s7> [বাংলাদেশ শ্রম আইন, ২০০৬, ধারা ৭] সার্ভিস বইয়ের ফরম — (১) সার্ভিস বই বিধি দ্বারা নির্ধারিত মাপে ও ফরমে রৰিত হইবে, এবং উহাতে শ্রমিকের একটি ফটো সংযোজিত থাকিবে।(২) সার
8. <labour_952_s13> [বাংলাদেশ শ্রম আইন, ২০০৬, ধারা ১৩] প্রতিষ্ঠান বন্ধ রাখা — (১) কোন প্রতিষ্ঠানের কোন শাখা বা বিভাগে বে-আইনী ধর্মঘটের কারণে মালিক উক্ত শাখা বা প্রতিষ্ঠান আংশিক বা সম্পূর্ণ
9. <other_914_s15> [দুর্নীতি দমন কমিশন আইন, ২০০৪, ধারা ১৫] কমিশনের সিদ্ধান্ত — (১) কমিশনের সকল সিদ্ধান্ত উহার সভায় গৃহীত হইতে হইবে।(২) কমিশন-(ক) উহার দায়িত্ব পালনের জন্য কমিশনের সভায় নিয
10. <labour_1285_s12> [বাংলাদেশ ইপিজেড শ্রম আইন, ২০১৯, ধারা ১২] প্রতিষ্ঠান বন্ধ রাখা — (১) কোনো প্রতিষ্ঠানের কোনো শাখা বা বিভাগে বে-আইনী ধর্মঘটের কারণে, কর্তৃপক্ষের পূর্বানুমোদনক্রমে, মালিক উক্ত শা","family_305_s9, family_305_s6","own_search","answered","2"
"lawy_0413_01","Sorup","VERIFY","মুসলিমরা কি ‘বিশেষ বিবাহ আইনে’ বিয়ে করতে পারে, আইন কি বলে?","1. <other_1172_s3> [গণকর্মচারী (বিদেশি নাগরিকের সহিত বিবাহ) আইন,, ধারা ৩] বিদেশি নাগরিকের সহিত বিবাহে বাধানিষেধ — (১) উপ-ধারা (২) এর অধীন অনুমতিপ্রাপ্ত না হইলে কোন গণকর্মচারী কোন বিদেশি নাগরিককে বিবাহ করিবেন না বা বিবাহ করিব
2. <family_1105_s5> [হিন্দু বিবাহ নিবন্ধন আইন, ২০১২, ধারা ৫] হিন্দু বিবাহ নিবন্ধনের ক্ষেত্রে বিধি-নিষেধ — অন্য কোন আইনে যাহা কিছুই থাকুক না কেন, ২১ (একুশ) বৎসরের কম বয়স্ক কোন হিন্দু পুরুষ বা ১৮ (আঠার) বৎসরের কম বয়স
3. <family_1105_s2> [হিন্দু বিবাহ নিবন্ধন আইন, ২০১২, ধারা ২] সংজ্ঞা — বিষয় বা প্রসঙ্গের পরিপন্থী কোন কিছু না থাকিলে, এই আইনে,-(ক) ‘‘হিন্দু’’ অর্থ বাংলাদেশের হিন্দু ধর্মাবলম্বী কোন
4. <family_1105_s6> [হিন্দু বিবাহ নিবন্ধন আইন, ২০১২, ধারা ৬] বিবাহ নিবন্ধিকরণ পদ্ধতি — (১) হিন্দু ধর্ম, রীতি-নীতি ও আচার-অনুষ্ঠান অনুযায়ী হিন্দু বিবাহ সম্পন্ন হওয়ার পর উক্ত বিবাহের দালিলিক প্রমাণ
5. <women_children_1207_s11> [বাল্যবিবাহ নিরোধ আইন, ২০১৭, ধারা ১১] বাল্যবিবাহ নিবন্ধনের জন্য বিবাহ নিবন্ধনের শাস্তি, লাইসেন্স বাতিল — কোন বিবাহ নিবন্ধক বাল্যবিবাহ নিবন্ধন করিলে উহা হইবে একটি অপরাধ এবং তজ্জন্য তিনি অনধিক ২ (দুই) বৎসর ও অন্যূন ৬ 
6. <family_1105_s3> [হিন্দু বিবাহ নিবন্ধন আইন, ২০১২, ধারা ৩] হিন্দু বিবাহ নিবন্ধন — (১) অন্য কোন আইন, প্রথা ও রীতি-নীতিতে যাহা কিছুই থাকুক না কেন, হিন্দু বিবাহের দালিলিক প্রমাণ সুরক্ষার উদ্দেশ্য
7. <women_children_1207_s19> [বাল্যবিবাহ নিরোধ আইন, ২০১৭, ধারা ১৯] বিশেষ বিধান — এই আইনের অন্যান্য বিধানে যাহা কিছুই থাকুক না কেন, বিধি দ্বারা নির্ধারিত কোন বিশেষ প্রেক্ষাপটে অপ্রাপ্ত বয়স্কে
8. <family_1105_s12> [হিন্দু বিবাহ নিবন্ধন আইন, ২০১২, ধারা ১২] বিবাহ নিবন্ধনের প্রতিলিপি প্রদান — (১) এই আইনের অধীন হিন্দু বিবাহ নিবন্ধনের ক্ষেত্রে বিবাহের পক্ষদ্বয় বা তদ্কর্তৃক মনোনীত প্রতিনিধি কর্তৃক আবেদন
9. <family_1105_s4> [হিন্দু বিবাহ নিবন্ধন আইন, ২০১২, ধারা ৪] বিবাহ নিবন্ধক নিয়োগ — (১) এই আইনের অধীন হিন্দু বিবাহ নিবন্ধনের উদ্দেশ্যে, সরকার, সিটি কর্পোরেশন এলাকার ক্ষেত্রে তদ্কর্তৃক সময় সময় 
10. <other_1172_s1> [গণকর্মচারী (বিদেশি নাগরিকের সহিত বিবাহ) আইন,, ধারা ১] সংক্ষিপ্ত শিরোনাম ও পবর্তন — (১) এই আইনগণকর্মচারী (বিদেশি নাগরিকের সহিত বিবাহ) আইন, ২০১৫নামে অভিহিত হইবে।(২) ইহা অবিলম্বে কার্যকর হইবে।","other_25_s2","own_search","answered","3"
"prot_0087_02","Sorup","VERIFY","আমি বেসরকারি একটা চাকরি করি। পুরো পরিবার আমার ওপর নির্ভরশীল। ২০০৫ সালে পরিবারের মতে, অশিক্ষিত এক মেয়েকে বিয়ে করি। সে দেখতেও ভালো নয়। শর্ত ছিল একটা সরকারি চাকরি, না হলে ৫০ হাজার টাকা দেবে আমাকে। আমি যৌতুককে খুবই ঘৃণা করি। তারপরও এই শর্তে রাজি ছিলাম। কারণ, আমি নিতান্তই গরিব ঘরের ছেলে। আমার বাবা ও ছোট ভাই দিনমজুর। আমিও ছাত্রজীবনে অন্যের বাড়িতে কাজ করে, লজিং থেকে পড়াশোনা করেছি। বিয়ে করার পর শ্বশুরবাড়ি থেকে কিছুই পাইনি। আমাদের একটি মেয়ে আছে। চাকরির কারণে আমি দূরে থাকায় আমার স্ত্রী পরকীয়ায় জড়িয়ে পড়ে। এখন স্ত্রী চাপ দিচ্ছে, তার দেনমোহর পরিশোধ না করলে মামলা করবে। এখন দেনমোহর পরিশোধ করার ক্ষমতা আমার নেই। কী করতে পারি?","1. <other_822_s10> [পার্বত্য চট্টগ্রাম আঞ্চলিক পরিষদ আইন, ১৯৯৮, ধারা ১০] সম্পত্তি সম্পর্কিত ঘোষণা — চেয়ারম্যান ও প্রত্যেক সদস্য তাহার কার্যভার গ্রহণের পূর্বে তাহার এবং তাঁহার পরিবারের কোন সদস্যের স্বত্ব, দখল ব
2. <local_government_1027_s41> [স্থানীয় সরকার (ইউনিয়ন পরিষদ) আইন, ২০০৯, ধারা ৪১] সম্পত্তি সম্পর্কিত ঘোষণা — চেয়ারম্যান ও সদস্য তাঁহার কার্যভার গ্রহণের পূর্বে তাঁহার এবং তাঁহার পরিবারের কোন সদস্যের স্বত্ব, দখল বা স্বার
3. <local_government_827_s10> [উপজেলা পরিষদ আইন, ১৯৯৮, ধারা ১০] সম্পত্তি সম্পর্কিত ঘোষণা — 14[চেয়ারম্যান ও ভাইস চেয়ারম্যান ] তাঁহার কার্যভার গ্রহণের পূর্বে তাঁহার এবং তাঁহার পরিবারের কোন সদস্যের স্বত
4. <other_1485_s9> [বাংলাদেশ পুলিশ কল্যাণ তহবিল আইন, ২০২৩, ধারা ৯] মৃত্যু এবং অক্ষমতাজনিত কারণে এককালীন এবং মাসিক কল্যাণ অনুদান — (১) কোনো কর্মচারী বা তাহার মৃত্যু হইলে তাহার স্ত্রী বা, ক্ষেত্রমত, স্বামী, বিধি দ্বারা নির্ধারিত পদ্ধতিতে, নিম
5. <other_863_s7> [বাংলাদেশ শিল্পী কল্যাণ ট্রাস্ট আইন, ২০০১, ধারা ৭] ট্রাস্টের কার্যাবলী — ট্রাস্টের কার্যাবলী হইবে নিম্নরূপ, যথা:-(ক) সাধারণভাবে অসচ্ছল শিল্পীদের কল্যাণ সাধন;(খ) শিল্পীদের কল্যাণার্থে 
6. <other_724_s8> [রাংগামাটি পার্বত্য জেলা পরিষদ আইন, ১৯৮৯, ধারা ৮] সম্পত্তি সম্পর্কিত ঘোষণা — চেয়ারম্যান ও প্রত্যেক সদস্য তাঁহার কার্যভার গ্রহণের পূর্বে তাঁহার এবং তাঁহার পরিবারের কোন সদস্যের স্বত্ব, দখল
7. <other_1271_s46> [সরকারি চাকরি আইন, ২০১৮, ধারা ৪৬] অক্ষমতাজনিত অবসর — (১) কোনো সরকারি কর্মচারী শারীরিক অথবা মানসিক অসামর্থ্য বা বৈকল্যের কারণে সরকারি কর্ম সম্পাদনে নিজেকে অক্ষম মনে
8. <local_government_1027_s2_p1> [স্থানীয় সরকার (ইউনিয়ন পরিষদ) আইন, ২০০৯, ধারা ২] সংজ্ঞা — শহর হিসাবে ঘোষিত নয় এইরূপ এলাকা;(১৩) 'চেয়ারম্যান' অর্থ ইউনিয়ন পরিষদের চেয়ারম্যান;(১৪) 'জনপথ' অর্থ সর্বসাধা
9. <labour_1285_s24> [বাংলাদেশ ইপিজেড শ্রম আইন, ২০১৯, ধারা ২৪] চাকরি হইতে অবসর গ্রহণ — (১) এই অধ্যায়ের অন্যত্র যাহা কিছুই উল্লে­খ থাকুক না কেন, কোনো প্রতিষ্ঠানে নিয়োজিত কোনো শ্রমিকের বয়স ৬০ (ষাট
10. <other_1586_s23> [গুম প্রতিরোধ ও প্রতিকার অধ্যাদেশ, ২০২৫, ধারা ২৩] স্ত্রী বা সন্তান কর্তৃক গুম হওয়া ব্যক্তির সম্পত্তি ব্যবহারের অনুমতি — (১) গুম হওয়া ব্যক্তির দায় পরিশোধ, তাহার স্ত্রী বা তাহার উপর নির্ভরশীল পরিবারের সদস্যদের ভরণপোষণের বা অন্য কো","family_305_s10, family_1444_s5","own_search","answered","2"
"ajke_0143_01","Sorup","VERIFY","আমি একটি করপোরেট প্রতিষ্ঠানে চাকরি করি। স্বামীর সঙ্গে বিচ্ছেদ হয়েছে প্রায় তিন বছর। সম্প্রতি একটি মোবাইল ফোন নম্বর থেকে আমাকে বিভিন্নভাবে হয়রানি করা হচ্ছে। কখনো ছবি আবার কখনো মেসেজের স্ক্রিনশট ফাঁস করে দেওয়ার হুমকি দিয়ে ইতিমধ্যে আমার কাছ থেকে টাকাপয়সাও হাতিয়ে নিয়েছে নম্বরটির ব্যবহারকারী। আমি ডিভোর্সি উল্লেখ করলাম; কারণ, ডিভোর্সের পর আমাকে নিয়ে নানা মহলে নানা কথা হয়। আমি এসব নিয়ে মানসিক যন্ত্রণায় আছি। আমি টাকাপয়সা না দিয়ে আইনগত পদক্ষেপ নিতে চাই। নির্দিষ্টভাবে কাউকে যদি সন্দেহের তালিকায় না রাখি, তাহলে পদক্ষেপ নেব কীভাবে? যদিও সেই নম্বর আমার কাছে আছে। শুধু নম্বরের ভিত্তিতে কি আইনি ব্যবস্থা নেওয়া সম্ভব?","1. <other_1106_s110> [মূল্য সংযোজন কর ও সম্পূরক শুল্ক আইন, ২০১২, ধারা ১১০] দলিলপত্রের বৈধতা — (১) এই আইন বা তদধীন প্রণীত বিধিমালার অধীন জারিকৃত বা ক্ষমতাপ্রাপ্ত মূসক কর্মকর্তা কর্তৃক প্রদত্ত কোন নোটিশ বা 
2. <civil_registration_1458_s4> [জাতীয় পরিচয় নিবন্ধন আইন, ২০২৩, ধারা ৪] জাতীয় পরিচিতি নম্বর ও জাতীয় পরিচয়পত্র প্রদান, জাতীয় পরিচয় নিবন্ধন রেজিস্টার, ইত্যাদি — (১) একজন নাগরিককে নিবন্ধক কর্তৃক কেবল একটি জাতীয় পরিচিতি নম্বর প্রদান করা যাইবে, যাহা উক্ত নাগরিকের একক পরিচি
3. <other_1126_s10> [প্রতিবন্ধী ব্যক্তির অধিকার ও সুরক্ষা আইন, ২০, ধারা ১০] শ্রবণপ্রতিবন্ধিতা (hearing disability) — (১) শব্দের তীব্রতা ৬০ ডেসিবল এর নিম্নে হইলে শুনিতে না পাওয়া ব্যক্তি ‘শ্রবণপ্রতিবন্ধী ব্যক্তি’ বলিয়া বিবেচিত 
4. <other_1132_s5> [পিতা-মাতার ভরণ-পোষণ আইন, ২০১৩, ধারা ৫] পিতা-মাতার ভরণ-পোষণ না করিবার দণ্ড — (১) কোন সন্তান কর্তৃক ধারা ৩ এর যে কোন উপ-ধারার বিধান কিংবা ধারা ৪ এর বিধান লংঘন অপরাধ বলিয়া গণ্য হইবে এবং উক
5. <other_1132_s4> [পিতা-মাতার ভরণ-পোষণ আইন, ২০১৩, ধারা ৪] পিতা-মাতার অবর্তমানে দাদা-দাদী, নানা-নানীর ভরণ-পোষণ — প্রত্যেক সন্তান তাহার—(ক) পিতার অবর্তমানে দাদা-দাদীকে; এবং(খ) মাতার অবর্তমানে নানা-নানীকে—ধারা ৩ এ বর্ণিত ভরণ-
6. <other_746_s50> [খুলনা বিশ্ববিদ্যালয় আইন, ১৯৯০, ধারা ৫০] পরীক্ষা পদ্ধতি — (১) বিশ্ববিদ্যালয়ে কোর্স-কাম-ক্রেডিট পদ্ধতিতে পরীক্ষা গ্রহণ করা হইবে।(২) সম্পূর্ণ পাঠ্যসূচীকে কয়েকটি পাঠ্যক্
7. <other_706_s50> [শাহ্‌জালাল বিজ্ঞান ও প্রযুক্তি বিশ্ববিদ্যালয়, ধারা ৫০] পরীক্ষা পদ্ধতি — (১) বিশ্ববিদ্যালয়ে কোর্স-কাম-ক্রেডিট পদ্ধতিতে পরীক্ষা গ্রহণ করা হইবে।(২) সম্পূর্ণ পাঠ্যসূচীকে কয়েকটি পাঠ্যক্
8. <other_1045_s18> [চার্টার্ড সেক্রেটারীজ আইন, ২০১০, ধারা ১৮] রেজিস্টার — (১) সচিব, নিম্নবর্ণিত তথ্যাদি উল্লেখপূর্বক, নির্ধারিত পদ্ধতিতে, সদস্যগণের নাম রেজিস্টারে অন্তর্ভুক্ত ও সংরক্ষণ
9. <other_1218_s22> [বেসামরিক বিমান চলাচল আইন, ২০১৭, ধারা ২২] জন স্বাস্থ্য সুরক্ষায় জরুরি ব্যবস্থা — (১) ধারা ২১ এর বিধান সত্ত্বেও, সরকার যদি এই মর্মে সন্তুষ্ট হয় যে, বাংলাদেশ বা ইহার কোন অংশে কোন মারাত্মক মহাম
10. <other_1078_s13> [ভবঘুরে ও নিরাশ্রয় ব্যক্তি (পুনর্বাসন) আইন, ২, ধারা ১৩] নথি, রেজিস্টার সংরক্ষণ, ইত্যাদি — (১) বিশেষ ম্যাজিস্ট্রেট কর্তৃক ধারা ১০ এর উপ-ধারা (৩) এর দফা (খ) এর অধীন কোন আদেশ প্রদত্ত হইলে সংশ্লিষ্ট ভবঘূর","cybercrime_1710_s25, criminal_procedure_11_s384","own_search","answered","2"
"prot_0010_02","Sorup","VERIFY","আমার এক আত্মীয় ২০১৪ সালে মা-বাবার পছন্দে বিয়ে করেন। বিয়ের ছয়-সাত মাস পর স্বামী-স্ত্রীর ঝগড়া-বিবাদ ও মতের মিল না হওয়ায় এবং অভিভাবকদের মনোমালিন্যের কারণে তাঁরা আলাদা হয়ে যান। স্ত্রী বর্তমানে বাবার বাড়িতে আছেন। কাবিনের অর্ধেক টাকা স্ত্রীকে পরিশোধ করা হয়েছে। স্ত্রী স্বামীর ঘরে ফিরে যেতে চান না। এ অবস্থায় কীভাবে আইনসিদ্ধভাবে তালাক দেওয়া যায়? দীর্ঘদিন যাবৎ স্বামী-স্ত্রী বা দুই পরিবারের কোনো যোগাযোগ নেই। দীন মোহাম্মদ সিলেট","1. <other_1485_s9> [বাংলাদেশ পুলিশ কল্যাণ তহবিল আইন, ২০২৩, ধারা ৯] মৃত্যু এবং অক্ষমতাজনিত কারণে এককালীন এবং মাসিক কল্যাণ অনুদান — (১) কোনো কর্মচারী বা তাহার মৃত্যু হইলে তাহার স্ত্রী বা, ক্ষেত্রমত, স্বামী, বিধি দ্বারা নির্ধারিত পদ্ধতিতে, নিম
2. <other_1266_s2_p2> [বাংলাদেশ মুক্তিযোদ্ধা কল্যাণ ট্রাস্ট আইন, ২০, ধারা ২] সংজ্ঞা — জামায়াতে ইসলামী এবং তাহাদের সহযোগী রাজাকার, আলবদর, আলশামস বাহিনীর বিরুদ্ধে গণপ্রজাতন্ত্রী বাংলাদেশের স্বাধীনত
3. <other_1429_s31> [আয়কর আইন, ২০২৩, ধারা ৩১] আয় একীভূতকরণ — (১) এই আইনে ভিন্নরূপ কিছু না থাকিলে, নিম্নবর্ণিত আয়সমূহ কোনো ব্যক্তির মোট আয়ের অন্তর্ভুক্ত হইবে, যথা:-(ক) উক
4. <labour_952_s98> [বাংলাদেশ শ্রম আইন, ২০০৬, ধারা ৯৮] সংবাদপত্র শ্রমিকের জন্য চিকিৎসা পরিচর্যা — প্রত্যেক সংবাদপত্র শ্রমিক এবং তাহার উপর নির্ভরশীলগণ সংবাদপত্র প্রতিষ্ঠানের খরচে বিধি দ্বারা নির্ধারিত পন্থায় 
5. <other_725_s8> [খাগড়াছড়ি পার্বত্য জেলা পরিষদ আইন, ১৯৮৯, ধারা ৮] সম্পত্তি সম্পর্কিত ঘোষনা — চেয়ারম্যান ও প্রত্যেক সদস্য তাঁহার কার্যভার গ্রহনের পূর্বে তাহার এবং তাঁহার পরিবারের কোন সদস্যের স্বত্ব, দখল 
6. <other_726_s8> [বান্দরবান পার্বত্য জেলা পরিষদ আইন, ১৯৮৯, ধারা ৮] সম্পত্তি সম্পর্কিত ঘোষণা — চেয়ারম্যান ও প্রত্যেক সদস্য তাঁহার কার্যভার গ্রহণের পূর্বে তাঁহার এবং তাঁহার পরিবারের কোন সদস্যের স্বত্ব, দখল
7. <other_724_s8> [রাংগামাটি পার্বত্য জেলা পরিষদ আইন, ১৯৮৯, ধারা ৮] সম্পত্তি সম্পর্কিত ঘোষণা — চেয়ারম্যান ও প্রত্যেক সদস্য তাঁহার কার্যভার গ্রহণের পূর্বে তাঁহার এবং তাঁহার পরিবারের কোন সদস্যের স্বত্ব, দখল
8. <other_822_s10> [পার্বত্য চট্টগ্রাম আঞ্চলিক পরিষদ আইন, ১৯৯৮, ধারা ১০] সম্পত্তি সম্পর্কিত ঘোষণা — চেয়ারম্যান ও প্রত্যেক সদস্য তাহার কার্যভার গ্রহণের পূর্বে তাহার এবং তাঁহার পরিবারের কোন সদস্যের স্বত্ব, দখল ব
9. <other_857_s11> [বাংলাদেশ টেলিযোগাযোগ নিয়ন্ত্রণ আইন, ২০০১, ধারা ১১] পরিবারের সদস্যের কতিপয় স্বার্থ সম্পর্কে কমিশনারের দায়িত্ব — (১) কোন কমিশনারের পরিবারের কোন সদস্য যদি ধারা ১০(২)(ছ)- েত উলিস্্নখিত স্বার্থ অর্জন বা ধারণ করেন, তাহা হইলে তি
10. <local_government_1027_s41> [স্থানীয় সরকার (ইউনিয়ন পরিষদ) আইন, ২০০৯, ধারা ৪১] সম্পত্তি সম্পর্কিত ঘোষণা — চেয়ারম্যান ও সদস্য তাঁহার কার্যভার গ্রহণের পূর্বে তাঁহার এবং তাঁহার পরিবারের কোন সদস্যের স্বত্ব, দখল বা স্বার","family_305_s7","own_search","answered","3"
"prot_0088_04","Sorup","VERIFY","আমার বয়স ২৫ বছর। আমার আব্বা দুই বিয়ে করেন। প্রথম স্ত্রী মারা যাওয়ার পর দ্বিতীয় বিয়ে করেন। আমি দ্বিতীয় পক্ষের ছেলে। আমরা তিন ভাই, তিন বোন। আমার বাবা ১৯৯৮ সালে তিন বোনের নামে ৭২ শতাংশ জমি দেন। তারপর ২০০৮ সালে ওই জমি খারিজ করে আমার বোনদের নাবালক দেখিয়ে, অর্থাত্ বোনদের বয়স তখন ১৬ বছর, ১২ বছর ও ১০ বছর দেখিয়ে এই জমির ৫৪ শতাংশ আমাদের তিন ভাইয়ের নামে বিক্রি করে দেন। ভবিষ্যতে আমার বোনেরা বিয়ের পর তাদের স্বামীরা এই দলিলের ব্যাপারে আইনগত ব্যবস্থা নিতে পারবেন কি? আর আমার বাবা আরও বেশ কিছু জমি আমাদের হেবা দলিল করে দেন। এই হেবা দলিলের বিপক্ষে ভবিষ্যতে তাঁর আগের সংসারের ছেলেরা কোনো দাবি করতে পারবে কি?মো. হাসানগাজীপুর","1. <road_transport_1262_s84> [সড়ক পরিবহণ আইন, ২০১৮, ধারা ৮৪] কর্তৃপক্ষ কর্তৃক নির্ধারিত কোনো মোটরযানের কারিগরি বিনির্দেশ অমান্য সংক্রান্ত ধারা ৪০ এর বিধান লঙ্ঘনের দণ্ড — যদি কোনো ব্যক্তি ধারা ৪০ এর বিধান লঙ্ঘন করেন, তাহা হইলে উক্ত লঙ্ঘন হইবে একটি অপরাধ, এবং তজ্জন্য তিনি অনধিক ৩ (
2. <other_1246_s99_p2> [ক্যান্টনমেন্ট আইন, ২০১৮, ধারা ৯৯] উপদ্রব সৃষ্টির শাস্তি — ক্যান্টনমেন্টের অভ্যন্তরে কোনো সড়ক বা গণস্থানে,-(ক) বোর্ড কর্তৃক গণ-বিজ্ঞপ্তি দ্বারা এতদুদ্দেশ্যে জারিকৃত নিষ
3. <other_1403_s40> [মোংলা বন্দর কর্তৃপক্ষ আইন, ২০২২, ধারা ৪০] দণ্ড — কোনো ব্যক্তি যদি এই আইন ও বিধির কোনো বিধান লঙ্ঘন করেন তাহা হইলে উক্ত লঙ্ঘন হইবে একটি অপরাধ এবং তজ্জন্য তিনি অন
4. <other_1589_s23> [পুলিশ কমিশন অধ্যাদেশ, ২০২৫, ধারা ২৩] কমিশনের জনবল — (১) কমিশন ইহার কার্যাবলি সুষ্ঠুভাবে সম্পাদনের উদ্দেশ্যে, সরকারের পূর্বানুমোদনক্রমে, প্রয়োজনীয় সংখ্যক কর্মচার
5. <other_721_s6_p0> [বাংলাদেশ ঋণ সালিসি আইন, ১৯৮৯, ধারা ৬] কতিপয় জমির বিক্রয় খায়খালাসী বন্ধক ঘোষণা — (১) এই আইন বলবত্ হইবার পর অনধিক তিন একর কৃষি জমির মালিক কোন কৃষক প্রাকৃতিক দুর্যোগে তগতিগ্রস্ত হওয়ার বা জীবন 
6. <other_721_s9> [বাংলাদেশ ঋণ সালিসি আইন, ১৯৮৯, ধারা ৯] প্রত্যর্পিত জমি হস্ত্মান্ত্মরের উপর বিধি নিষেধ — কোন কৃষক ধারা ৬ বা ধারা ৭ এর অধীন তাঁহার নিকট প্রত্যর্পিত কোন কৃষি জমি প্রত্যর্পণের তারিখ হইতে তিন বত্সরের মধ্
7. <other_889_s12> [নিরাপদ রক্ত পরিসঞ্চালন আইন, ২০০২, ধারা ১২] লাইসেন্সের মেয়াদ ও নবায়ন — (১) বেসরকারী রক্ত পরিসঞ্চালন কেন্দ্র স্থাপন ও পরিচালনার জন্য প্রদত্ত লাইসেন্সের মেয়াদ হইবে লাইসেন্স ইস্যুর তা
8. <other_1412_s6_p0> [বেসরকারি মেডিকেল কলেজ ও ডেন্টাল কলেজ আইন, ২০, ধারা ৬] বেসরকারি মেডিকেল কলেজ বা ডেন্টাল কলেজ স্থাপনের শর্তাবলি — এই আইনের অধীন বেসরকারি মেডিকেল কলেজ বা ডেন্টাল কলেজ স্থাপনের লক্ষ্যে নিম্নবর্ণিত শর্তাবলি পূরণ করিতে হইবে, যথা
9. <other_721_s7> [বাংলাদেশ ঋণ সালিসি আইন, ১৯৮৯, ধারা ৭] কতিপয় বিক্রয় বাতিল — (১) এই আইন বলবত্ হইবার পর অনধিক দুই একর কৃষি জমির মালিক কোন কৃষক প্রাকৃতিক দুর্যোগে তগতিগ্রস্ত হওয়ার বা জীবন 
10. <other_722_s15> [পার্বত্য জেলাসমূহ (আইন রহিত ও প্রয়োগ এবং বিশ, ধারা ১৫] বসতবাড়ীর জন্য গ্রামীণ জমি দখল — (১) কোন পাহাড়ী ব্যক্তি পৌর এলাকা-বহির্ভূত অনধিক ত্রিশ শতাংশ পর্যন্ত খাস জমি তাহার নিজ বসতবাড়ীর জন্য হেডম্যান","other_36_s39, family_64_s29","own_search","answered","1"
"prot_0037_02","Sorup","VERIFY","আর আমার মা জমিটা না দিলে নানি কি তা নিতে পারবেন?","1. <other_1725_s21_p29> [অর্থ আইন, ২০২৬, ধারা ২১] ২০১২ সনের ৪৭ নং আইনের দ্বিতীয় তফসিলের সংশোধন — ডলার পর্যন্ত ৪৫ (ঘ) মূল্যসীমা ১০০০০০ মা. ডলার এর ঊর্ধ্ব হইতে ২০০০০০ মা. ডলার পর্যন্ত ৬০ (ঙ) মূল্যসীমা ২০০০০০ ম
2. <other_1263_s2> [‘আল-হাইআতুল উলয়া লিল-জামি’আতিল কওমিয়া বাংলাদ, ধারা ২] সংজ্ঞা — বিষয় বা প্রসঙ্গের পরিপন্থি কোনো কিছু না থাকিলে, এই আইনে,-(১) “কওমি মাদরাসা” অর্থ আহলুস সুন্নাহ ওয়াল জামা’আত 
3. <other_609_s16> [ইসলামী বিশ্ববিদ্যালয় আইন, ১৯৮০, ধারা ১৬] হিসাব পরিচালক — (১) হিসাব পরিচালক কোষাধ্যাক্ষের তত্ত্বাবধানে বিশ্ববিদ্যালয়ের তহবিল পরিচালনার দায়িত্বে নিযুক্ত থাকিবেন এবং সং
4. <labour_1285_s163> [বাংলাদেশ ইপিজেড শ্রম আইন, ২০১৯, ধারা ১৬৩] এইআইনবা তদধীন কোনো বিধি বা প্রবিধানে ভিন্নরূপ কিছু না থাকিলে, ইহাদের অধীন কোনো অপরাধ কোনো শ্রম আদালত বিচারার্থ
5. <other_788_s383> [কোম্পানী আইন, ১৯৯৪, ধারা ৩৮৩] কোন কোম্পানীর ব্যবসাস্থল বন্ধের নোটিশ — যদি বাংলাদেশে কোন বিদেশী কোম্পানীর আর কোন ব্যবসাস্থল বা কর্মস্থল না থাকে, তাহা হইলে উক্ত কোম্পানী তত্সম্পর্কে 
6. <other_818_s57> [বাংলাদেশ মেডিক্যাল বিশ্ববিদ্যালয় আইন, ১৯৯৮, ধারা ৫৭] আইপিজিএম এন্ড আর এর রূপান্তর — (১) আইপিজিএম এন্ড আরকে উন্নীত ও রূপান্তরক্রমে বিশ্ববিদ্যালয় স্থাপিত হইবার সংগে সংগে-(ক) আইপিজিএম এন্ড আর এর হ
7. <consumer_1452_s106> [কপিরাইট আইন, ২০২৩, ধারা ১০৬] দ্বিতীয় বা পরবর্তী অপরাধের জন্য দণ্ড — যদি কোনো ব্যক্তি এই আইনের অধীন দন্ডিত হইয়া পুনরায় অনুরূপ কোনো অপরাধে দোষী হন তা হইলে তিনি দ্বিতীয় এবং পরবর্
8. <women_children_1063_s26> [পারিবারিক সহিংসতা (প্রতিরোধ ও সুরক্ষা) আইন, , ধারা ২৬] প্রতিপক্ষের অনুপস্থিতিতে বিচার — (১) প্রতিপক্ষের প্রতি উপস্থিতির জন্য নোটিশ জারী করা হইলেও প্রতিপক্ষ যদি আদালতে উপস্থিত না হন বা একবার উপস্থিত 
9. <other_833_s22> [পল্লী দারিদ্র বিমোচন ফাউন্ডেশন আইন, ১৯৯৯, ধারা ২২] ফাউন্ডেশনের পাওনা আদায় — ফাউন্ডেশনের সকল পাওনা বকেয়া ভূমি রাজস্ব হিসাবে আদায়যোগ্য হইবে:তবে শর্ত থাকে যে, ঋণগ্রহীতাকে বা অর্থ পরিশোধের
10. <labour_952_s98> [বাংলাদেশ শ্রম আইন, ২০০৬, ধারা ৯৮] সংবাদপত্র শ্রমিকের জন্য চিকিৎসা পরিচর্যা — প্রত্যেক সংবাদপত্র শ্রমিক এবং তাহার উপর নির্ভরশীলগণ সংবাদপত্র প্রতিষ্ঠানের খরচে বিধি দ্বারা নির্ধারিত পন্থায় ","other_48_s123","own_search","answered","1"
"prot_0114_06","Sorup","VERIFY","উল্লিখিত আইনত বাধ্যবাধকতা না থাকার সুযোগে আর্থিক ও মানসিকভাবে ক্ষতিগ্রস্ত করে অন্যায় চাপ সৃষ্টি করার মাধ্যমে প্রথম পক্ষ অন্যায়ভাবে লাভবান হওয়ার অপচেষ্টা করছে। অপরদিকে, দ্বিতীয় পক্ষ নিজের স্বত্বদখলীয় জমি থেকে ভোগদখলে মামলার হয়রানির শিকার হয়ে বসতভিটাতে বসবাস করা দুরূহ হচ্ছে। এমতাবস্থায় উল্লিখিত হয়রানি থেকে আমি কীভাবে রেহাই পেতে পারি?","1. <other_916_s6> [বিরোধ মীমাংসা (পৌর এলাকা) বোর্ড আইন, ২০০৪, ধারা ৬] বোর্ডের এখ্‌তিয়ার — কোন বোর্ড তফসিলভুক্ত কোন অপরাধ বা বিষয় সম্পর্কে কোন মামলার বিচার করিতে পারিবে, যদি-(ক) উহা যে পৌর এলাকার জন্য
2. <money_recovery_901_s6> [অর্থ ঋণ আদালত আইন, ২০০৩, ধারা ৬] বিচার পদ্ধতি — (১) এই আইনের অধীন অর্থ ঋণ আদালতে দায়েরকৃত কোন মামলার বিচার বা নিষ্পত্তি সম্পর্কিত কার্যক্রমে, এই আইনের বিধানা
3. <other_916_s4> [বিরোধ মীমাংসা (পৌর এলাকা) বোর্ড আইন, ২০০৪, ধারা ৪] বোর্ড কর্তৃক বিচারযোগ্য মামলাসমূহ — (১) এই আইনে ভিন্নরূপ কিছু না থাকিলে, তফসিলে বর্ণিত অপরাধ বা বিষয়সমূহ সম্পর্কে সকল মামলা কেবলমাত্র বিরোধ মীমাং
4. <labour_952_s216_p1> [বাংলাদেশ শ্রম আইন, ২০০৬, ধারা ২১৬] অপরাধ বিচার ছাড়া অন্য কোন বিষয়ে শ্রম আদালতের ক্ষমতা ওকার্যক্রম — বা আপত্তি পেশ করিতে ব্যর্থ হয়, তাহা হইলে মামলাটি একতরফা শুনানীক্রমে নিষ্পত্তি করা হইবে।(৬) কোন পক্ষের আবেদনক্
5. <labour_952_s124ক> [বাংলাদেশ শ্রম আইন, ২০০৬, ধারা ১২৪ক] (১) কর্মরত থাকা বা অবসরে যাওয়া বা চাকুরীর অবসান বা বরখাস্তাধীন থাকা ইত্যাদিসহ চাকুরীর যে কোন পর্যায়ে কোন শ্র
6. <family_938_s5> [গ্রাম আদালত আইন, ২০০৬, ধারা ৫] গ্রাম আদালত গঠন, ইত্যাদি — 9[(১) উপ-ধারা (৫) এর বিধান সাপেক্ষে, একজন চেয়ারম্যান এবং উভয়পক্ষ কর্তৃক মনোনীত দুইজন করিয়া চারজন মোট পাঁচজন
7. <money_recovery_901_s12_p1> [অর্থ ঋণ আদালত আইন, ২০০৩, ধারা ১২] আর্থিক প্রতিষ্ঠান কর্তৃক কতিপয় জামানত বিক্রয় — অনুসরণ করিবে।7[(৫) কোন আর্থিক প্রতিষ্ঠান, যদি উহার অনুকূলে উপ-ধারা (৩) এর অধীন বন্ধকি বা দায়বদ্ধ কোন স্থাবর ব
8. <other_916_s11> [বিরোধ মীমাংসা (পৌর এলাকা) বোর্ড আইন, ২০০৪, ধারা ১১] বোর্ডের সিদ্ধান্তের চূড়ান্ততা ও আপীল — (১) বোর্ডের সিদ্ধান্ত উপস্থিত সকল সদস্যের সম্মতিতে বা পাঁচজন সদস্যের মধ্যে চারজনের সম্মতিতে প্রদত্ত হইলে, বা উ
9. <other_1472_s31_p2> [বাংলাদেশ পেটেন্ট আইন, ২০২৩, ধারা ৩১] মালিকানা (Ownership) পরিবর্তন বা স্বত্বনিয়োগ (Assignment), লাইসেন্স চুক্তি, ইত্যাদি — উল্লিখিত কোনো আইনগত দলিলে উপ-ধারা (৪) এ বর্ণিত শর্তাবলি বিদ্যমান রহিয়াছে, তাহা হইলে তিনি পেটেন্টের মালিকানা প
10. <money_recovery_901_s23> [অর্থ ঋণ আদালত আইন, ২০০৩, ধারা ২৩] (১) ধারা ২২ এর অধীন মধ্যস্থতার মাধ্যমে বিকল্প পদ্ধতিতে বিরোধ নিষ্পত্তি না হইলে ৪র্থ পরিচ্ছেদের বিধান অনুযায়ী ","criminal_procedure_11_s211, other_36_s54_p0","own_search","answered","1"
"lawy_0326_01","Sorup","VERIFY","সারা জীবনের অর্জন দিয়ে ভুল জমি কিনছেন না-তো?","1. <other_845_s20> [জাতীয় গৃহায়ন কর্তৃপক্ষ আইন, ২০০০, ধারা ২০] জমি হুকুমদখল বা অধিগ্রহণ, ইত্যাদি — (১) কর্তৃপক্ষের কার্যাবলী সম্পাদনের জন্য কোন জমি প্রয়োজন হইলে উহা জনস্বার্থে প্রয়োজনীয় বলিয়া বিবেচিত হইবে 
2. <other_1057_s9> [বেসরকারী বিশ্ববিদ্যালয় আইন, ২০১০, ধারা ৯] সনদপত্রের শর্তাবলী — ধারা ৭ এর অধীন সাময়িক অনুমতিপ্রাপ্ত প্রত্যেক বেসরকারী বিশ্ববিদ্যালয়কে এই আইনের অধীন সনদপত্রের জন্য নিম্নবর্ণ
3. <other_788_s171> [কোম্পানী আইন, ১৯৯৪, ধারা ১৭১] বন্ধকের নিবন্ধন-বহি সংশোধনী — (১) আদালত যদি এই মর্মে সন্তুষ্ট হয় যে,-(ক) ধারা ১৫৯-এ উল্লিখিত সময়সীমার মধ্যে বন্ধক বা চার্জ নিবন্ধন না করান
4. <money_recovery_876_s42> [সমবায় সমিতি আইন, ২০০১, ধারা ৪২] সমিতির ধারণকৃত কতিপয় জমির দখল এবং জমির স্বার্থ হস্তান্তরে বাধা-নিষেধ — এই আইনের অন্য কোন ধারায় কিংবা আপাততঃ বলবত্ অন্য কোন আইনে যাহাই থাকুক না কেন-(ক) যেই সমবায় সমিতির উদ্দেশ্য হই
5. <other_857_s45> [বাংলাদেশ টেলিযোগাযোগ নিয়ন্ত্রণ আইন, ২০০১, ধারা ৪৫] লাইসেন্সধারীর প্রয়োজনে বাধ্যতামূলকভাবে বেসরকারী জমি অধিগ্রহণ — (১) লাইসেন্সের অধীন কাজকর্ম সম্পাদন বা পরিচালনার জন্য প্রয়োজনীয় কোন জমি ব্যবহারের ক্ষেত্রে লাইসেন্সধারী বাধা
6. <other_844_s17> [বাংলাদেশ পানি উন্নয়ন বোর্ড আইন, ২০০০, ধারা ১৭] বোর্ডের জন্য ভূমি হুকুমদখল, অধিগ্রহণ ইত্যাদি — (১) বোর্ডের কোন প্রকল্প বাস্তবায়নের স্বার্থে কোন ভূমি প্রয়োজন হইলে উহা জনস্বার্থে প্রয়োজন বলিয়া বিবেচিত হই
7. <other_1135_s51> [পায়রা বন্দর কর্তৃপক্ষ আইন, ২০১৩, ধারা ৫১] কর্তৃপক্ষের জন্য জমি হুকুমদখল বা অধিগ্রহণ — (১) কর্তৃপক্ষের কার্যাবলী সম্পাদনের জন্য কোন ভূমি প্রয়োজন হইলে উহা জনস্বার্থে প্রয়োজন বলিয়া বিবেচিত হইবে এব
8. <other_743_s15> [দানকর আইন, ১৯৯০, ধারা ১৫] ভুল সংশোধন — উপ-কর কমিশনার বা দানকর সংক্রান্ত আপীল বা রিভিশন শ্রবণকারী কোন কর্তৃপক্ষ তত্কর্তৃক প্রদত্ত কোন আদেশ প্রদানের তা
9. <other_1403_s55> [মোংলা বন্দর কর্তৃপক্ষ আইন, ২০২২, ধারা ৫৫] কর্তৃপক্ষের জন্য জমি হুকুমদখল বা অধিগ্রহণ — (১) এই আইনের উদ্দেশ্য পূরণকল্পে, কর্তৃপক্ষের কার্যাবলি সম্পাদনের জন্য কোনো ভূমি প্রয়োজন হইলে তাহা জনস্বার্থে 
10. <other_1427_s6> [হাট ও বাজার (স্থাপন ও ব্যবস্থাপনা) আইন, ২০২৩, ধারা ৬] হাট ও বাজারের জমি বন্দোবস্ত প্রদান এবং হাট ও বাজার ইজারা প্রদান — (১) হাট ও বাজারের কোনো জমি স্থায়ী বন্দোবস্ত প্রদান করা যাইবে না।(২) উপ-ধারা (১) এর বিধান সাপেক্ষে, জেলা প্রশা","unanswerable","none","unanswerable","2"
"lawy_0424_01","Sorup","VERIFY","আপনার স্ত্রী কর্তৃক মিথ্যা মামলার শিকার হলে কি করবেন?","1. <other_1684_s51> [মানব পাচার ও অভিবাসী চোরাচালান প্রতিরোধ ও দম, ধারা ৫১] মানব পাচার কিংবা অভিবাসী চোরাচালানের শিকার ব্যক্তি ও জনসাধারণকে সাধারণভাবে তথ্য সরবরাহ — (১) মানব পাচার বা অভিবাসী চোরাচালানের শিকার ব্যক্তি সরকার, পুলিশ বা, ক্ষেত্রমত, সংশ্লিষ্ট বেসরকারি সংস্থাসমূহে
2. <other_1419_s10> [বাংলাদেশ সরকারী কর্ম কমিশন আইন, ২০২৩, ধারা ১০] ভুয়া পরিচয়ে পরীক্ষায় অংশগ্রহণ ও উহার দণ্ড — কোনো ব্যক্তি পরীক্ষার্থী না হওয়া সত্ত্বেও নিজেকে পরীক্ষার্থী হিসাবে হাজির করিয়া বা পরীক্ষার্থী বলিয়া ভান কর
3. <other_1684_s50> [মানব পাচার ও অভিবাসী চোরাচালান প্রতিরোধ ও দম, ধারা ৫০] ভিকটিম বা মানব পাচার কিংবা অভিবাসী চোরাচালানের শিকার ব্যক্তিগণের প্রত্যাবাসন (repatriation) ও প্রত্যাবর্তন (return) — (১) কোনো বাংলাদেশি নাগরিক অন্য কোনো দেশে মানব পাচার কিংবা অভিবাসী চোরাচালানের শিকার ব্যক্তি হিসাবে চিহ্নিত হইল
4. <other_1684_s23> [মানব পাচার ও অভিবাসী চোরাচালান প্রতিরোধ ও দম, ধারা ২৩] ভিকটিম বা সাক্ষীকে হুমকি, ইত্যাদি প্রদানপূর্বক তদন্ত বা বিচারকার্যে বিঘ্ন সৃষ্টি করিবার অপরাধ ও উহার দণ্ড — (১) যদি কোনো ব্যক্তি মানব পাচার বা অভিবাসী চোরাচালানের শিকার কোনো ব্যক্তি বা তাহার পরিবারের কোনো সদস্যকে বা মা
5. <other_1333_s39> [চাঁদপুর বিজ্ঞান ও প্রযুক্তি বিশ্ববিদ্যালয় আই, ধারা ৩৯] হল — (১) বিশ্ববিদ্যালয়ের শিক্ষার্থীদের হলসমূহ বিধি অনুযায়ী সিন্ডিকেট কর্তৃক অনুমোদিত হইবে।(২) হলে প্রভোস্ট এবং আব
6. <other_1684_s25> [মানব পাচার ও অভিবাসী চোরাচালান প্রতিরোধ ও দম, ধারা ২৫] মিথ্যা মামলা বা মিথ্যা অভিযোগ দায়ের, ইত্যাদি অপরাধ ও উহার দণ্ড — (১) যদি কোনো ব্যক্তি অন্য কোনো ব্যক্তির ক্ষতিসাধন করিবার উদ্দেশ্যে এই আইনের অধীন মিথ্যা বা হয়রানিমূলক মামলা ব
7. <other_1223_s35> [1[জামালপুর বিজ্ঞান ও প্রযুক্তি বিশ্ববিদ্যালয়, ধারা ৩৫] হল — (১) বিশ্ববিদ্যালয়ের শিক্ষার্থীদের হলসমূহ বিশ্ববিদ্যালয় বিধি অনুযায়ী সিন্ডিকেট কর্তৃক অনুমোদিত হইবে।(২) হলে 
8. <other_1230_s35> [1[নেত্রকোণা বিশ্ববিদ্যালয়] আইন, ২০১৮, ধারা ৩৫] হল — (১) বিশ্ববিদ্যালয়ের শিক্ষার্থীদের হলসমূহ বিশ্ববিদ্যালয় বিধি অনুযায়ী সিন্ডিকেট কর্তৃক অনুমোদিত হইবে।(২) হলে 
9. <women_children_835_s32খ> [নারী ও শিশু নির্যাতন দমন আইন, ২০০০, ধারা ৩২খ] (১) ট্রাইব্যুনাল বা, ক্ষেত্রমত, ম্যাজিস্ট্রেট সংক্ষুদ্ধ ব্যক্তির আবেদনের ভিত্তিত্তে বা স্বীয় বিবেচনায় তদন্তা
10. <other_1586_s15> [গুম প্রতিরোধ ও প্রতিকার অধ্যাদেশ, ২০২৫, ধারা ১৫] মিথ্যা মামলার বিরুদ্ধে ব্যবস্থা — এই আইনের অধীন কোনো অপরাধের বিচার সম্পন্ন হওয়ার পর রায় প্রদানকালে যদি ট্রাইব্যুনালের নিকট সন্তোষজনকভাবে প্রমা","women_children_835_s17, women_children_1256_s6, criminal_procedure_11_s211","own_search","answered","2"
"prot_0054_02","Sorup","VERIFY","আমরা পাঁচ বোন এক ভাই। আমার ভাই ১৯৯৯ সালে ক্যানসারে আক্রান্ত হয়ে মারা যান। তিনি দুই নাবালক ছেলে ও এক বিবাহিত মেয়ে রেখে যান। আমার বাবার ১৭২ শতাংশ জমি আছে। এ ছাড়া বাকি সব জমি নদীর ভাঙনে নিয়ে যায়। ভাই মারা যাওয়ার পর আমার বাবা ৬২ শতাংশ জমি ভাইয়ের সন্তানদের নামে লিখে দেন। তখন ভাইয়ের ছেলেরা নাবালক ছিল। এরপর ২০০৭ সালে বাবা মারা যান, তখন অবশিষ্ট ১১০ শতাংশ জমি নিয়ে কথা হলে জানতে পারি যে সেই সম্পত্তি ভাইয়ের স্ত্রী ও সন্তানদের নামে লিখে দেওয়া হয়েছে। আমার প্রশ্ন, মেয়েরা কি এ কারণে বাবার সম্পত্তি থেকে বঞ্চিত হবে? যদি আইনের আশ্রয় নেওয়া হয়, তাহলে কি বাবার সম্পত্তি আমরা পাব? নাম প্রকাশে অনিচ্ছুক","1. <local_government_1027_s2_p1> [স্থানীয় সরকার (ইউনিয়ন পরিষদ) আইন, ২০০৯, ধারা ২] সংজ্ঞা — শহর হিসাবে ঘোষিত নয় এইরূপ এলাকা;(১৩) 'চেয়ারম্যান' অর্থ ইউনিয়ন পরিষদের চেয়ারম্যান;(১৪) 'জনপথ' অর্থ সর্বসাধা
2. <other_1718_s83> [অর্থ (২০২৫-২০২৬ অর্থ বৎসর) আইন, ২০২৬, ধারা ৮৩] ২০২৩ সনের ১২ নং আইনের ধারা ১৩৫ এর সংশোধন — উক্ত আইনের ধারা ১৩৫ এর- (ক) উপ-ধারা (১) এ উল্লিখিত “১০% (দশ শতাংশ)” সংখ্যা, চিহ্ন, বন্ধনী ও শব্দগুলির পরিবর্তে
3. <other_822_s10> [পার্বত্য চট্টগ্রাম আঞ্চলিক পরিষদ আইন, ১৯৯৮, ধারা ১০] সম্পত্তি সম্পর্কিত ঘোষণা — চেয়ারম্যান ও প্রত্যেক সদস্য তাহার কার্যভার গ্রহণের পূর্বে তাহার এবং তাঁহার পরিবারের কোন সদস্যের স্বত্ব, দখল ব
4. <local_government_1027_s41> [স্থানীয় সরকার (ইউনিয়ন পরিষদ) আইন, ২০০৯, ধারা ৪১] সম্পত্তি সম্পর্কিত ঘোষণা — চেয়ারম্যান ও সদস্য তাঁহার কার্যভার গ্রহণের পূর্বে তাঁহার এবং তাঁহার পরিবারের কোন সদস্যের স্বত্ব, দখল বা স্বার
5. <local_government_827_s10> [উপজেলা পরিষদ আইন, ১৯৯৮, ধারা ১০] সম্পত্তি সম্পর্কিত ঘোষণা — 14[চেয়ারম্যান ও ভাইস চেয়ারম্যান ] তাঁহার কার্যভার গ্রহণের পূর্বে তাঁহার এবং তাঁহার পরিবারের কোন সদস্যের স্বত
6. <other_1429_s133> [আয়কর আইন, ২০২৩, ধারা ১৩৩] প্রকাশ্য নিলামের বিক্রি হইতে কর সংগ্র — (১) কোনো ব্যক্তি কোনো নির্দিষ্ট মালিকের কোনো পণ্য বা সম্পত্তি সীলমোহরযুক্ত দরপত্রের মাধ্যমে প্রকাশ্য নিলামে বি
7. <other_722_s15> [পার্বত্য জেলাসমূহ (আইন রহিত ও প্রয়োগ এবং বিশ, ধারা ১৫] বসতবাড়ীর জন্য গ্রামীণ জমি দখল — (১) কোন পাহাড়ী ব্যক্তি পৌর এলাকা-বহির্ভূত অনধিক ত্রিশ শতাংশ পর্যন্ত খাস জমি তাহার নিজ বসতবাড়ীর জন্য হেডম্যান
8. <other_1156_s25> [মেট্রোরেল আইন, ২০১৫, ধারা ২৫] ক্ষতিপূরণ প্রদান — মেট্রোরেল পরিচালনাকালে উহা হইতে উদ্ভূত দুর্ঘটনার ফলে যদি কোন ব্যক্তি আঘাতপ্রাপ্ত বা ক্ষতিগ্রস্ত হন বা আঘাতপ্রা
9. <other_1201_s27> [বাস র‍্যাপিড ট্রানজিট (বিআরটি) আইন, ২০১৬, ধারা ২৭] ক্ষতিপূরণ প্রদান — বিআরটি পরিচালনাকালে উহা হইতে উদ্ভূত দুর্ঘটনার ফলে যদি কোনো ব্যক্তি আঘাতপ্রাপ্ত বা ক্ষতিগ্রস্ত হন বা আঘাতপ্রাপ্
10. <other_845_s20> [জাতীয় গৃহায়ন কর্তৃপক্ষ আইন, ২০০০, ধারা ২০] জমি হুকুমদখল বা অধিগ্রহণ, ইত্যাদি — (১) কর্তৃপক্ষের কার্যাবলী সম্পাদনের জন্য কোন জমি প্রয়োজন হইলে উহা জনস্বার্থে প্রয়োজনীয় বলিয়া বিবেচিত হইবে ","family_305_s4, other_48_s123","own_search","answered","1"
"prot_0111_01","Sorup","VERIFY","বিষয়টি আমি আমার পরিবারকে জানিয়েছি। আমি আমার বাবার বাড়িতে চলে এসেছি। এখন আমি তার বিরুদ্ধে আইনের আশ্রয় নিতে চাই। সে আমার আর আমার সন্তানের সঙ্গে ছিনিমিনি খেলেছে। আমি কি তার বিরুদ্ধে মামলা করতে পারব?","1. <other_1658_s4> [জুলাই গণঅভ্যুত্থান (সুরক্ষা ও দায় নির্ধারণ) , ধারা ৪] মামলা প্রত্যাহার ও নূতন মামলা দায়ের বারিত — (১) জুলাই গণঅভ্যুত্থানে অংশগ্রহণের কারণে গণঅভ্যুত্থানকারীদের বিরুদ্ধে দায়েরকৃত সকল দেওয়ানি বা ফৌজদারি মামলা,
2. <other_1078_s30> [ভবঘুরে ও নিরাশ্রয় ব্যক্তি (পুনর্বাসন) আইন, ২, ধারা ৩০] রহিতকরণ ও হেফাজত, ইত্যাদি — (১)Vagrancy Act 1943 (Bengal Act VII of 1943),অতঃপর উক্তActবলিয়া উল্লিখিত, এতদ্দ্বারা রহিত করা হইল।(২) উক্তরু
3. <other_1483_s7> [পরিত্যক্ত বাড়ি (সম্পূরক বিধানাবলি) আইন, ২০২৩, ধারা ৭] মামলা দায়েরে নিষেধাজ্ঞা, ইত্যাদি — (১) রাষ্ট্রপতির ১৯৭২ সনের ১৬ নং আদেশ বা এই আইনের অধীন কৃত, গৃহীত বা চলমান কোনো কার্যক্রম, সিদ্ধান্ত বা জারীকৃত
4. <other_818_s57> [বাংলাদেশ মেডিক্যাল বিশ্ববিদ্যালয় আইন, ১৯৯৮, ধারা ৫৭] আইপিজিএম এন্ড আর এর রূপান্তর — (১) আইপিজিএম এন্ড আরকে উন্নীত ও রূপান্তরক্রমে বিশ্ববিদ্যালয় স্থাপিত হইবার সংগে সংগে-(ক) আইপিজিএম এন্ড আর এর হ
5. <other_813_s16> [বাংলাদেশ কমার্স এন্ড ইনভেষ্টমেন্ট লিমিটেড (প, ধারা ১৬] মামলা-মোকদ্দমা — (১) বিসিআই কর্তৃক বা উহার বিরুদ্ধে দায়েরকৃত সকল মামলা-মোকদ্দমা ব্যাংক কর্তৃক বা ব্যাংকের বিরুদ্ধে দায়েরকৃত ব
6. <other_1403_s56> [মোংলা বন্দর কর্তৃপক্ষ আইন, ২০২২, ধারা ৫৬] মামলা দায়েরের সীমাবদ্ধতা — (১) কর্তৃপক্ষের বিরুদ্ধে মামলা দায়েরে ইচ্ছুক ব্যক্তি, তাহার নাম ঠিকানাসহ মামলা দায়েরের কারণ সংবলিত লিখিত নোট
7. <other_1135_s53> [পায়রা বন্দর কর্তৃপক্ষ আইন, ২০১৩, ধারা ৫৩] মামলা দায়েরের সীমাবদ্ধতা — (১) কর্তৃপক্ষের বিরুদ্ধে মামলা দায়েরে ইচ্ছুক ব্যক্তির নাম ঠিকানাসহ মামলা দায়েরের কারণ সংবলিত লিখিত নোটিশ কর্
8. <other_1404_s56> [চট্টগ্রাম বন্দর কর্তৃপক্ষ আইন, ২০২২, ধারা ৫৬] মামলা দায়েরের সীমাবদ্ধতা — (১) কর্তৃপক্ষের বিরুদ্ধে কোনো আদালতে মামলা দায়েরে ইচ্ছুক ব্যক্তি, তাহার নাম ঠিকানাসহ মামলা দায়েরের কারণ সংবল
9. <other_788_s369> [কোম্পানী আইন, ১৯৯৪, ধারা ৩৬৯] আইনগত কার্যধারা স্থগিত অথবা নিয়ন্ত্রণ করার ব্যাপারে আদালতের ক্ষমতা — কোম্পানী অবলুপ্তির জন্য আবেদন পেশের পর এবং অবলুপ্তির আদেশ দানের পূর্বে, যে কোন সময়ে কোন কোম্পানীর বিরুদ্ধে মা
10. <other_1078_s18> [ভবঘুরে ও নিরাশ্রয় ব্যক্তি (পুনর্বাসন) আইন, ২, ধারা ১৮] ভবঘুরে ব্যক্তির পুনর্বাসন, ইত্যাদি — (১) আশ্রয় কেন্দ্রে অবস্থানরত ভবঘুরে ব্যক্তির পুনর্বাসনের লক্ষ্যে সরকার, নির্ধারিত পদ্ধতিতে, পরিকল্পনা প্রণয়ন","none","none","not_found","1"
"prot_0053_03","Sorup","VERIFY","আমার বাবার কোনো ভাইবোন নেই কিন্তু প্রতিবেশীরা ১৪ ভাই। লোকবল বেশি হওয়ায় তারা অযৌক্তিকভাবে লাঠিসোঁটা নিয়ে হুমকি দেয়, আমাদের জমি দখল করতে যায়। আমরা লোকবলে দুর্বল হওয়ায় অনেক ভোগান্তির শিকার হই। জমির যাবতীয় কাগজ আমাদের ঠিক আছে। আমি নিশ্চিত, তারা কোনো জমি পাবে না। ওরা ফসলি জমিতে হাঁটাচলা করে ফসল নষ্ট করে। চাষাবাদ করতে না পেরে বাবা প্রায় নিঃস্ব হয়ে গেছে। মা-বাবা বাড়িতে একা থাকেন। আমরা চার ভাইবোন বাইরে দুশ্চিন্তায় থাকি—কখন বাড়িতে মা-বাবাকে মারতে আসে! আমাদের লেখাপড়ার অনেক ক্ষতি হচ্ছে। অযৌক্তিকভাবে জমিজমা দখল ও মারার হুমকির ব্যাপারে কী ব্যবস্থা নিতে পারে?সুপ্ত (ছদ্মনাম)","1. <other_721_s8> [বাংলাদেশ ঋণ সালিসি আইন, ১৯৮৯, ধারা ৮] জমি প্রত্যর্পণের নির্দেশ কার্যকরকরণ — ক্রেতা বোর্ডের নির্দেশানুসারে জমির দখল প্রত্যর্পণ না করিলে বা করিতে ব্যর্থ হইলে, জমির দখল পাওয়ার জন্য বিক্রেত
2. <criminal_procedure_765_s87> [রাজশাহী মহানগরী পুলিশ আইন, ১৯৯২, ধারা ৮৭] ইচ্ছাকৃতভাবে অনধিকার প্রবেশের দণ্ড — কোন ব্যক্তি সন্তোষজনক কারণ ছাড়া কোন বসত বাড়িতে বা উহার প্রাংগণে বা উহার সংলগ্ন জমিতে বা মাঠে অথবা সরকারী জমি
3. <other_1070_s22> [উদ্ভিদ সংগনিরোধ আইন, ২০১১, ধারা ২২] লিখিত বিজ্ঞপ্তি — (১) যদি উদ্ভিদ সংগনিরোধ কর্মকর্তা এই মর্মে নিশ্চিত হন যে, কোন একটি স্থানে সংগনিরোধ বালাই রহিয়াছে, তাহা হইলে ত
4. <other_722_s15> [পার্বত্য জেলাসমূহ (আইন রহিত ও প্রয়োগ এবং বিশ, ধারা ১৫] বসতবাড়ীর জন্য গ্রামীণ জমি দখল — (১) কোন পাহাড়ী ব্যক্তি পৌর এলাকা-বহির্ভূত অনধিক ত্রিশ শতাংশ পর্যন্ত খাস জমি তাহার নিজ বসতবাড়ীর জন্য হেডম্যান
5. <other_804_s43> [পানি সরবরাহ ও পয়ঃনিষ্কাশন কর্তৃপক্ষ আইন, ১৯৯, ধারা ৪৩] কর্র্তৃপক্ষের জন্য জমি হুকুম দখল বা অধিগ্রহণ — আপাততঃ বলবত্ অন্য কোন আইনে যাহা কিছুই থাকুক না কেন, কর্র্তৃপক্ষের কোন উদ্দেশ্যে কোন জমির প্রয়োজন হইলে উহা জনস
6. <other_1427_s10> [হাট ও বাজার (স্থাপন ও ব্যবস্থাপনা) আইন, ২০২৩, ধারা ১০] (১) কোনো ব্যক্তি হাট ও বাজারের সরকারি খাস জমি অবৈধভাবে দখলে রাখিতে অথবা উপযুক্ত কর্তৃপক্ষের পূর্বানুমতি ব্যতির
7. <money_recovery_876_s42> [সমবায় সমিতি আইন, ২০০১, ধারা ৪২] সমিতির ধারণকৃত কতিপয় জমির দখল এবং জমির স্বার্থ হস্তান্তরে বাধা-নিষেধ — এই আইনের অন্য কোন ধারায় কিংবা আপাততঃ বলবত্ অন্য কোন আইনে যাহাই থাকুক না কেন-(ক) যেই সমবায় সমিতির উদ্দেশ্য হই
8. <other_1066_s7ক> [বালুমহাল ও মাটি ব্যবস্থাপনা আইন, ২০১০, ধারা ৭ক] ব্যক্তি মালিকানাধীন জমির বালু বা মাটি উত্তোলন — কোনো ব্যক্তি মালিকানাধীন জমি হইতে বালু বা মাটি উত্তোলন করা যাইবে না, যদি-(ক) উহা উর্বর কৃষি জমি হয়;(খ) বাণিজ্
9. <other_857_s45> [বাংলাদেশ টেলিযোগাযোগ নিয়ন্ত্রণ আইন, ২০০১, ধারা ৪৫] লাইসেন্সধারীর প্রয়োজনে বাধ্যতামূলকভাবে বেসরকারী জমি অধিগ্রহণ — (১) লাইসেন্সের অধীন কাজকর্ম সম্পাদন বা পরিচালনার জন্য প্রয়োজনীয় কোন জমি ব্যবহারের ক্ষেত্রে লাইসেন্সধারী বাধা
10. <other_1679_s2_p0> [ভূমি ব্যবহার নিয়ন্ত্রণ ও কৃষিভূমি সুরক্ষা আই, ধারা ২] সংজ্ঞা — বিষয় বা প্রসঙ্গের পরিপন্থি কোনো কিছু না থাকিলে, এই আইনে,— (১) “অকৃষি ভূমি” অর্থ Non-Agricultural Tenancy Act,","land_1454_s7, criminal_procedure_75_s145_p0, criminal_procedure_11_s506","own_search","answered","2"
"prot_0087_01","Sorup","VERIFY","১০ বছর প্রেম করার পর ২০০৪ সালে আমাদের বিয়ে হয়। বিয়ের শর্ত ছিল, ছয় মাসের মধ্যে তাকে আমার ঘরে আনতে হবে। পারিবারিক সমস্যার কারণে স্ত্রী ঘরে তুলতে পারিনি। কিন্তু তার সঙ্গে আমার সম্পর্ক ভালো ছিল। তার যাবতীয় ভরণপোষণ আমি বহন করেছি। বিয়ের আট মাসের মধ্যে হঠাত্ করে পালিয়ে সে অন্য একটি ছেলেকে বিয়ে করে এবং ওই বিয়ের দিনই আমাকে তালাক দেয়। সাত দিন পর আমি তালাকের চিঠি পাই। আমার প্রশ্ন, ইদ্দতকাল শেষ না হতেই অন্য ছেলেকে সে বিয়ে করল কীভাবে? তার বিবাহ বৈধ হয়েছে কি না","1. <family_1444_s26> [পারিবারিক আদালত আইন, ২০২৩, ধারা ২৬] মুসলিম পারিবারিক আইনের বিধানকে প্রভাবিত না করা — (১) এই আইনের কোনো কিছুই মুসলিম পরিবারিক আইন অথবা তদধীন প্রণীত বিধিমালার কোনো বিধানকে প্রভাবিত করিবে না।(২) যেক
2. <labour_952_s47_p1> [বাংলাদেশ শ্রম আইন, ২০০৬, ধারা ৪৭] প্রসূতি কল্যাণ সুবিধা পরিশোধ সংক্রান্ত পদ্ধতি — প্রদেয় উক্তরূপ সুবিধা প্রদান করিবেন; অথবা(খ) মালিকের নিকট সন্ত্মান প্রসবের প্রমাণ পেশ করার পরবর্তী তিন কর্ম দ
3. <family_1444_s5> [পারিবারিক আদালত আইন, ২০২৩, ধারা ৫] পারিবারিক আদালতের এখতিয়ার — মুসলিম পারিবারিক আইনের বিধানাবলি সাপেক্ষে, পারিবারিক আদালতে নিম্নরূপ সকল বা যেকোনো বিষয় সম্পর্কিত বা উহা হইতে
4. <other_1037_s77> [বীমা আইন, ২০১০, ধারা ৭৭] মনোনীত পরিচালক মনোনয়নে বিধি-নিষেধ৷ — (১) আপাততঃ বলবত্‍ অন্য কোন আইনে বা বীমাকারীর সংঘবিধিতে যাহা কিছই থাকুক না কেন, বীমাকারীর পরিচালনা পর্ষদের সদস্
5. <labour_952_s264_p1> [বাংলাদেশ শ্রম আইন, ২০০৬, ধারা ২৬৪] 1 [বেসরকারি খাতে প্রতিষ্ঠানের শ্রমিকগণের জন্য ভবিষ্য তহবিল অথবা সর্বজনীন পেনশন স্কীমে অংশগ্রহণ] — পর্যন্ত তাহারা স্বীয় পদে বহাল থাকিবেন।(৯) যে প্রতিষ্ঠানে ভবিষ্য তহবিল গঠন করা হইয়াছে সে প্রতিষ্ঠানের প্রত্যে
6. <labour_952_s216_p1> [বাংলাদেশ শ্রম আইন, ২০০৬, ধারা ২১৬] অপরাধ বিচার ছাড়া অন্য কোন বিষয়ে শ্রম আদালতের ক্ষমতা ওকার্যক্রম — বা আপত্তি পেশ করিতে ব্যর্থ হয়, তাহা হইলে মামলাটি একতরফা শুনানীক্রমে নিষ্পত্তি করা হইবে।(৬) কোন পক্ষের আবেদনক্
7. <other_900_s18> [অগ্নি প্রতিরোধ ও নির্বাপণ  আইন, ২০০৩, ধারা ১৮] লাইসেন্সের শর্ত পালন না করার শাস্তি — কোন ব্যক্তি এই আইনের অধীন প্রদত্ত লাইসেন্সের কোন শর্ত পালন করিতে ব্যর্থ হইলে তিনি, এই আইনের বিধান সাপেক্ষে, অন
8. <other_1580_s14> [গণভোট অধ্যাদেশ, ২০২৫, ধারা ১৪] ভোটগ্রহণ সমাপ্তির পর অনুসরণযোগ্য পদ্ধতি — (১) ভোটগ্রহণ সমাপ্ত হইবার অব্যবহিত পর প্রিজাইডিং অফিসার ভোটকেন্দ্রে ত্রয়োদশ জাতীয় সংসদ নির্বাচনের প্রার্থীদে
9. <other_1580_s11> [গণভোট অধ্যাদেশ, ২০২৫, ধারা ১১] ভোটদান পদ্ধতি — (১) এই অধ্যাদেশে বর্ণিত বিষয় ব্যতীত ভোট প্রদানের অন্যান্য পদ্ধতির বিষয়ে ত্রয়োদশ জাতীয় সংসদ নির্বাচনের জন্য
10. <labour_1285_s2_p5> [বাংলাদেশ ইপিজেড শ্রম আইন, ২০১৯, ধারা ২] সংজ্ঞা — দ্রব্য বা পণ্যপ্রস্ত্তত বা উৎপাদন বা সেবা প্রদান করিবার জন্যকর্তৃপক্ষ কর্তৃক অনুমোদন প্রাপ্তজোনেস্থাপিত কোনো শ","family_305_s8, criminal_procedure_11_s494","own_search","answered","2"
"prot_0011_04","Sorup","VERIFY","দত্তক নেওয়া সন্তানকে কীভাবে নিজের সম্পত্তির উত্তরাধিকার বানাব? নাম প্রকাশে অনিচ্ছুক","1. <other_1273_s16> [মানসিক স্বাস্থ্য আইন, ২০১৮, ধারা ১৬] ভর্তিকৃত রোগীর ছাড়পত্র প্রদান প্রক্রিয়া — (১) স্বেচ্ছায়, অপ্রতিবাদী এবং অনিচ্ছুক ভর্তি মানসিক রোগীকে সুস্থ হইবার পর দায়িত্বপ্রাপ্ত মেডিক্যাল অফিসারের 
2. <other_1126_s9> [প্রতিবন্ধী ব্যক্তির অধিকার ও সুরক্ষা আইন, ২০, ধারা ৯] বুদ্ধিপ্রতিবন্ধিতা (intellectual disability) — নিম্নবর্ণিত দফাসমূহে উল্লিখিত বৈশিষ্ট্যসমূহের মধ্যে এক বা একাধিক বৈশিষ্ট্যের অধিকারী ব্যক্তি ‘বুদ্ধিপ্রতিবন্ধী
3. <other_1273_s14> [মানসিক স্বাস্থ্য আইন, ২০১৮, ধারা ১৪] অনিচ্ছুক রোগীর ভর্তি প্রক্রিয়া — (১) উপ-ধারা (৪) এর বিধান সাপেক্ষে মানসিক রোগে আক্রান্ত ব্যক্তির অভিভাবক বা আত্মীয় বা স্থানীয় অধিক্ষেত্রে কর্
4. <land_1455_s5> [ভূমি সংস্কার আইন, ২০২৩, ধারা ৫] স্থাবর সম্পত্তির বেনামি লেনদেন — (১) কোনো ব্যক্তি নিজের উপকারার্থে কোনো স্থাবর সম্পত্তির বেনামি লেনদেন করিতে পারিবেন না।ব্যাখ্যা।-এই ধারায় ‘বে
5. <other_1132_s3> [পিতা-মাতার ভরণ-পোষণ আইন, ২০১৩, ধারা ৩] পিতা-মাতার ভরণ-পোষণ — (১) প্রত্যেক সন্তানকে তাহার পিতা-মাতার ভরণ-পোষণ নিশ্চিত করিতে হইবে।(২) কোন পিতা-মাতার একাধিক সন্তান থাকিলে সেই
6. <other_812_s60> [দেউলিয়া বিষয়ক আইন, ১৯৯৭, ধারা ৬০] কতিপয় হস্তান্তর রহিতকরণ — (১) দেউলিয়া ঘোষণাদেশ প্রদান তারিখের অব্যবহিত পূর্ববর্তী ১৫ (পনর) বত্সরের মধ্যে সম্পাদিত দেনাদারের কোন সম্পত্ত
7. <other_1429_s190> [আয়কর আইন, ২০২৩, ধারা ১৯০] মৃত্যু ব্যতীত অন্য কোনোভাবে উত্তরাধীকারসূত্রে প্রাপ্ত ব্যবসায়ের কর নির্ধারণ — (১) যেইক্ষেত্রে কোনো আয়বর্ষে মৃত্যু ব্যতীত অন্য কোনোভাবে কোনো ব্যক্তি অন্য কোনো ব্যক্তির কোনো ব্যবসায়ের উত্ত
8. <other_800_s26> [আনসার-ভিডিপি উন্নয়ন ব্যাংক আইন, ১৯৯৫, ধারা ২৬] শাস্তি ইত্যাদি — (১) কোন ব্যক্তি এই আইনের অধীন ঋণ বা অন্য কোন সুবিধা নেওয়া বা মঞ্জুর করানোর জন্য ইচ্ছাকৃতভাবে মিথ্যা বিবরণ প্র
9. <other_820_s26> [কর্মসংস্থান ব্যাংক আইন, ১৯৯৮, ধারা ২৬] শাস্তি ইত্যাদি — (১) কোন ব্যক্তি এই আইনের অধীন ঋণ বা অন্য কোন সুবিধা নেওয়া বা মঞ্জুর করানোর জন্য ইচ্ছাকৃতভাবে মিথ্যা বিবরণ প্র
10. <women_children_835_s13> [নারী ও শিশু নির্যাতন দমন আইন, ২০০০, ধারা ১৩] (১) অন্য কোন আইনে ভিন্নতর যাহা কিছুই থাকুক না কেন, ধর্ষণের কারণে কোন সন্তান জন্মলাভ করিলে-(ক) উক্ত সন্তানকে তা","other_48_s123, other_173_s2","own_search","answered","1"
"prot_0003_02","Sorup","VERIFY","আমার প্রশ্ন, স্ত্রীকে না জানিয়ে স্বামী যদি দ্বিতীয় বিয়ে করেন এবং প্রথম স্ত্রী ও সন্তানের ভরণপোষণ না দেন, তবে প্রথম স্ত্রী কীভাবে আইনি সহায়তা পেতে পারেন? যদি প্রথম স্ত্রী স্বামীকে তালাক দিতে চান, তাহলে সন্তান কে পাবেন? তালাকের পর সন্তানের ভরণপোষণ কে বহন করবেন? নাম প্রকাশে অনিচ্ছুক","1. <other_1429_s31> [আয়কর আইন, ২০২৩, ধারা ৩১] আয় একীভূতকরণ — (১) এই আইনে ভিন্নরূপ কিছু না থাকিলে, নিম্নবর্ণিত আয়সমূহ কোনো ব্যক্তির মোট আয়ের অন্তর্ভুক্ত হইবে, যথা:-(ক) উক
2. <women_children_835_s13> [নারী ও শিশু নির্যাতন দমন আইন, ২০০০, ধারা ১৩] (১) অন্য কোন আইনে ভিন্নতর যাহা কিছুই থাকুক না কেন, ধর্ষণের কারণে কোন সন্তান জন্মলাভ করিলে-(ক) উক্ত সন্তানকে তা
3. <other_1266_s2_p2> [বাংলাদেশ মুক্তিযোদ্ধা কল্যাণ ট্রাস্ট আইন, ২০, ধারা ২] সংজ্ঞা — জামায়াতে ইসলামী এবং তাহাদের সহযোগী রাজাকার, আলবদর, আলশামস বাহিনীর বিরুদ্ধে গণপ্রজাতন্ত্রী বাংলাদেশের স্বাধীনত
4. <other_1132_s5> [পিতা-মাতার ভরণ-পোষণ আইন, ২০১৩, ধারা ৫] পিতা-মাতার ভরণ-পোষণ না করিবার দণ্ড — (১) কোন সন্তান কর্তৃক ধারা ৩ এর যে কোন উপ-ধারার বিধান কিংবা ধারা ৪ এর বিধান লংঘন অপরাধ বলিয়া গণ্য হইবে এবং উক
5. <other_1485_s9> [বাংলাদেশ পুলিশ কল্যাণ তহবিল আইন, ২০২৩, ধারা ৯] মৃত্যু এবং অক্ষমতাজনিত কারণে এককালীন এবং মাসিক কল্যাণ অনুদান — (১) কোনো কর্মচারী বা তাহার মৃত্যু হইলে তাহার স্ত্রী বা, ক্ষেত্রমত, স্বামী, বিধি দ্বারা নির্ধারিত পদ্ধতিতে, নিম
6. <other_1173_s8> [বাংলাদেশ চা শ্রমিক কল্যাণ তহবিল আইন, ২০১৬, ধারা ৮] মৃত্যু ও স্থায়ী অক্ষমতার ক্ষেত্রে এককালীন অনুদান সহায়তা প্রদান — যদি কোন শ্রমিক-(ক) নিজ দায়িত্ব পালনকালে শারীরিক বা মানসিকভাবে প্রবিধান দ্বারা নির্ধারিত চিকিৎসা কর্তৃপক্ষ কর্
7. <other_1417_s21> [আন্তর্জাতিক উদরাময় গবেষণা কেন্দ্র, বাংলাদেশ,, ধারা ২১] কর্মচারীগণের দায়মুক্তি ও অধিকারসমূহ — সভাপতি, সদস্য, নির্বাহী পরিচালক এবং কর্মচারী-(ক) তাহাদের দাপ্তরিক ক্ষমতার অধীন সরল বিশ্বাসে কৃত কোনো কার্যের জ
8. <other_1418_s21_p2> [বাংলাদেশ সুপ্রীম কোর্টের বিচারক (ছুটি, পেনশন, ধারা ২১] আনুতোষিক ও পারিবারিক পেনশন — হিসাবে প্রাপ্য হইতেন।(৩) কোনো বিচারক, অবসর গ্রহণের পর তাহার গ্রস-পেনশনের সম্পূর্ণ অংশ সমর্পণ করিতে পারিবেন এবং
9. <other_1132_s2> [পিতা-মাতার ভরণ-পোষণ আইন, ২০১৩, ধারা ২] সংজ্ঞা — বিষয় বা প্রসঙ্গের পরিপন্থী কোন কিছু না থাকিলে, এই আইনে—(ক) “পিতা” অর্থ এমন ব্যক্তি যিনি সন্তানের জনক;(খ) “ভরণ
10. <labour_952_s98> [বাংলাদেশ শ্রম আইন, ২০০৬, ধারা ৯৮] সংবাদপত্র শ্রমিকের জন্য চিকিৎসা পরিচর্যা — প্রত্যেক সংবাদপত্র শ্রমিক এবং তাহার উপর নির্ভরশীলগণ সংবাদপত্র প্রতিষ্ঠানের খরচে বিধি দ্বারা নির্ধারিত পন্থায় ","family_305_s9, family_1444_s5, family_180_s2_p0","own_search","answered","2"
"prot_0062_01","Sorup","VERIFY","আমার স্বামীর নামে ঢাকায় একটি ফ্ল্যাট আছে। তাঁরা দুই ভাই ও এক বোন। আর আমাদের এক কন্যাসন্তান। ভবিষ্যতে আমরা আর কোনো সন্তান না নেওয়ার সিদ্ধান্ত নিয়েছি। এখন আমার প্রশ্ন হলো, আমার স্বামীর অবর্তমানে এই ফ্ল্যাটটির অংশীদার কে হবে? আমরা চাই, আমাদের কন্যা সব সম্পত্তির মালিক হোক। এ ব্যাপারে আমাদের করণীয় কী হতে পারে? আমি আমার মা-বাবার একমাত্র সন্তান। আমার নিজ নামে সম্পত্তি থাকলে আমার অবর্তমানে তার মালিক কে হবে? আমার মায়ের নামে ঢাকার অদূরে একটি জমি আছে। এ ক্ষেত্রে তাঁর অবর্তমানে ওই জমির ওয়ারিশ কে হবে? আমার মায়ের ভাইবোনেরা কি ওই জমির অংশীদার হবেন?সোনিয়াঢাকা","1. <other_1266_s2_p2> [বাংলাদেশ মুক্তিযোদ্ধা কল্যাণ ট্রাস্ট আইন, ২০, ধারা ২] সংজ্ঞা — জামায়াতে ইসলামী এবং তাহাদের সহযোগী রাজাকার, আলবদর, আলশামস বাহিনীর বিরুদ্ধে গণপ্রজাতন্ত্রী বাংলাদেশের স্বাধীনত
2. <other_1132_s4> [পিতা-মাতার ভরণ-পোষণ আইন, ২০১৩, ধারা ৪] পিতা-মাতার অবর্তমানে দাদা-দাদী, নানা-নানীর ভরণ-পোষণ — প্রত্যেক সন্তান তাহার—(ক) পিতার অবর্তমানে দাদা-দাদীকে; এবং(খ) মাতার অবর্তমানে নানা-নানীকে—ধারা ৩ এ বর্ণিত ভরণ-
3. <other_1138_s2> [গ্রামীণ ব্যাংক আইন, ২০১৩, ধারা ২] সংজ্ঞা — বিষয় বা প্রসংগের পরিপন্থি কোন কিছু না থাকিলে, এই আইনে,-1[(১) “ঋণ” অর্থ এইরূপ কোনো ব্যক্তির পক্ষে ব্যাংক কর্তৃ
4. <other_857_s45> [বাংলাদেশ টেলিযোগাযোগ নিয়ন্ত্রণ আইন, ২০০১, ধারা ৪৫] লাইসেন্সধারীর প্রয়োজনে বাধ্যতামূলকভাবে বেসরকারী জমি অধিগ্রহণ — (১) লাইসেন্সের অধীন কাজকর্ম সম্পাদন বা পরিচালনার জন্য প্রয়োজনীয় কোন জমি ব্যবহারের ক্ষেত্রে লাইসেন্সধারী বাধা
5. <labour_1285_s51> [বাংলাদেশ ইপিজেড শ্রম আইন, ২০১৯, ধারা ৫১] পীঁড়া ছুটি — (১) প্রত্যেক শ্রমিক প্রতি পঞ্জিকা বৎসরে পূর্ণ মজুরিতে ১৪ (চৌদ্দো) দিনের পীঁড়া ছুটি পাইবার অধিকারী হইবেন।(২) উ
6. <other_1429_s133> [আয়কর আইন, ২০২৩, ধারা ১৩৩] প্রকাশ্য নিলামের বিক্রি হইতে কর সংগ্র — (১) কোনো ব্যক্তি কোনো নির্দিষ্ট মালিকের কোনো পণ্য বা সম্পত্তি সীলমোহরযুক্ত দরপত্রের মাধ্যমে প্রকাশ্য নিলামে বি
7. <land_856_s2_p2> [অর্পিত সম্পত্তি প্রত্যর্পণ আইন, ২০০১, ধারা ২] সংজ্ঞা — সম্পত্তি হিসাবে তালিকাভুক্ত হইয়াছে সেই মূল মালিক বা তাহার উত্তরাধিকারী, বা উক্ত মূল মালিক বা উত্তরাধিকারীর স্
8. <other_721_s6_p1> [বাংলাদেশ ঋণ সালিসি আইন, ১৯৮৯, ধারা ৬] কতিপয় জমির বিক্রয় খায়খালাসী বন্ধক ঘোষণা — যদি উপ-ধারা (২) এর অধীন নির্ধারিত সময়ের মধ্যে ক্রেতা জমি প্রত্যর্পণ না করেন বা করিতে ব্যর্থ হন, তাহা হইলে ধার
9. <other_721_s7> [বাংলাদেশ ঋণ সালিসি আইন, ১৯৮৯, ধারা ৭] কতিপয় বিক্রয় বাতিল — (১) এই আইন বলবত্ হইবার পর অনধিক দুই একর কৃষি জমির মালিক কোন কৃষক প্রাকৃতিক দুর্যোগে তগতিগ্রস্ত হওয়ার বা জীবন 
10. <labour_952_s116> [বাংলাদেশ শ্রম আইন, ২০০৬, ধারা ১১৬] পীড়া-ছুটি — (১) সংবাদ পত্র শ্রমিক ব্যতীত, প্রত্যেক শ্রমিক প্রত্যেক পঞ্জিকা বৎসরে পূর্ণ মজুরীতে চৌদ্দ দিনের পীড়া ছুটি পাইব","other_173_s2, other_48_s123","own_search","answered","1"
"prot_0032_01","Sorup","VERIFY","এ কথা বলে শারীরিক সম্পর্ক চালিয়ে যায়। কিন্তু এখন বিয়ে করতে অস্বীকৃতি জানাচ্ছে। গ্রামে তার মাকে বলেছে মেয়ে দেখতে। আমি ওকে ছাড়া বাঁচতে পারব না। আমি হিন্দু হয়ে মুসলিম ছেলের বিরুদ্ধে কি আইনি কোনো ব্যবস্থা নিতে পারব?","1. <other_1429_s149> [আয়কর আইন, ২০২৩, ধারা ১৪৯] উৎসে কর কর্তন বা সংগ্রহের ক্ষেত্রে দায়মুক্তি — যেইক্ষেত্রে এই অংশের অধীন কর হিসাবে কোনো অর্থ সংগ্রহ বা কর্তন করা হয় এবং সরকারের অনুকূলে জমা প্রদান করা হয়, 
2. <family_1444_s26> [পারিবারিক আদালত আইন, ২০২৩, ধারা ২৬] মুসলিম পারিবারিক আইনের বিধানকে প্রভাবিত না করা — (১) এই আইনের কোনো কিছুই মুসলিম পরিবারিক আইন অথবা তদধীন প্রণীত বিধিমালার কোনো বিধানকে প্রভাবিত করিবে না।(২) যেক
3. <other_1271_s24> [সরকারি চাকরি আইন, ২০১৮, ধারা ২৪] আইনি সহায়তা — (১) কোনো কর্মচারীর বিরুদ্ধে, সরকারি দায়িত্ব পালনের সহিত সম্পর্কিত কোনো বিষয়ে তাহাকে ব্যক্তিগতভাবে দায়ী করিয
4. <family_1105_s3> [হিন্দু বিবাহ নিবন্ধন আইন, ২০১২, ধারা ৩] হিন্দু বিবাহ নিবন্ধন — (১) অন্য কোন আইন, প্রথা ও রীতি-নীতিতে যাহা কিছুই থাকুক না কেন, হিন্দু বিবাহের দালিলিক প্রমাণ সুরক্ষার উদ্দেশ্য
5. <other_1348_s11> [মৎস্য ও মৎস্যপণ্য (পরিদর্শন ও মান নিয়ন্ত্রণ), ধারা ১১] লাইসেন্স ইস্যু করিতে অস্বীকৃতি জ্ঞাপন — আঞ্চলিক উপযুক্ত কর্তৃপক্ষ লাইসেন্স ইস্যু করিতে অস্বীকৃতি জ্ঞাপন করিতে পারিবে, যদি-(ক) ধারা ১০ অনুযায়ী আবেদনপত
6. <other_751_s112> [ব্যাংক-কোম্পানী আইন, ১৯৯১, ধারা ১১২] (১) বাংলাদেশ ব্যাংক যদি এই আইনের কোন ধারা অথবা তদধীন কোন আদেশ বা নির্দেশ বা আরোপিত শর্ত বা প্রণীত কোন বিধি লংঘ
7. <labour_952_s328> [বাংলাদেশ শ্রম আইন, ২০০৬, ধারা ৩২৮] মৌসুমী কারখানা — সরকার, সরকারী গেজেটে প্রজ্ঞাপন দ্বারা, কোন বত্সরে সাধারণতঃ একশত আশি কর্মদিবরে অধিক কোন উত্পাদন প্রক্রিয়া চালু
8. <other_897_s3> [যৌথ অভিযান দায়মুক্তি আইন, ২০০৩, ধারা ৩] যৌথ অভিযানে কৃত যাবতীয় কার্যাদির জন্য দায়মুক্তি — শৃঙ্খলা বাহিনী ও উহার সদস্যগণ সম্পর্কিত সকল আইন ব্যতীত আপাততঃ বলবত্ অন্য কোন আইনে বা আদালতের কোন রায়ে যাহা কি
9. <cybercrime_1710_s2_p11> [সাইবার সুরক্ষা আইন, ২০২৬, ধারা ২] সংজ্ঞা — দ্বারা কোন ব্যক্তির অন্তরঙ্গ অথবা ব্যক্তিগত ছবি, ভিডিও সংরক্ষণ বা সংরক্ষনের দাবি করিবার মাধ্যমে তাহা প্রকাশ কর
10. <women_children_1256_s2> [যৌতুক নিরোধ আইন, ২০১৮, ধারা ২] সংজ্ঞা — বিষয় বা প্রসঙ্গের পরিপন্থি কোনো কিছু না থাকিলে,-(ক) ‘‘পক্ষ’’ অর্থ এই আইনের উদ্দেশ্য পূরণকল্পে, বিবাহের বর বা ","women_children_835_s9খ","own_search","answered","3"
"prot_0032_05","Sorup","VERIFY","আমার সৎমা যদি দ্বিতীয় বিয়ে করেন, তবে সে কী আমার বাবার বাড়িতে থাকার অধিকার রাখেন?","1. <consumer_1452_s105> [কপিরাইট আইন, ২০২৩, ধারা ১০৫] অধিকার লঙ্ঘনকারী অনুলিপি দখলে রাখিবার দণ্ড — যদি কোনো ব্যক্তি ইচ্ছাকৃতভাবে কপিরাইট বিদ্যমান রহিয়াছে এইরূপ কোনো কর্মের অধিকার লঙ্ঘনকারী অনুলিপি তৈরি করিবার
2. <other_895_s10> [বেসরকারী শিক্ষা প্রতিষ্ঠান শিক্ষক ও কর্মচারী, ধারা ১০] শিক্ষক ও কর্মচারীগণ কর্তৃক চাঁদা প্রদান — (১) প্রত্যেক শিক্ষক ও কর্মচারী প্রবিধান দ্বারা নির্ধারিত হারে ও পদ্ধতিতে বোর্ডের তহবিলে বাধ্যতামূলক চাঁদা প্রদ
3. <consumer_1010_s71> [ট্রেডমার্ক আইন, ২০০৯, ধারা ৭১] ট্রেডমার্ক এবং ট্রেড বর্ণনা ব্যবহারের (apply) অর্থ — (১) কোন পণ্য বা সেবার ক্ষেত্রে, ট্রেডমার্ক, মার্ক বা ট্রেড বর্ণনা ব্যবহৃত হইয়াছে বলিয়া গণ্য হইবে, যদি কোন ব্
4. <consumer_1010_s75> [ট্রেডমার্ক আইন, ২০০৯, ধারা ৭৫] টুকরা পণ্য সরাইবার দণ্ড — যদি কোন ব্যক্তি ধারা ৬৮ এ উল্লিখিত কারখানা প্রাঙ্গণ হইতে মার্কযুক্ত নহে এমন কোন টুকরা পণ্য বা পাকানো তুলার সুত
5. <consumer_1270_s51> [ওজন ও পরিমাপ মানদণ্ড আইন, ২০১৮, ধারা ৫১] কতিপয় ক্ষেত্রে অনুমান করা — কোনো ব্যক্তি যদি কোনো প্রতারণামূলক (false) বা অপ্রতিপাদিত ওজন বা পরিমাপন তৈরি বা উৎপাদন করেন বা তাহার অধিকারে 
6. <other_1181_s47> [বাংলাদেশ কোস্ট গার্ড আইন, ২০১৬, ধারা ৪৭] অবৈধভাবে বেতন স্থগিতকরণ — অধিভুক্ত কোন ব্যক্তি যদি বাহিনীর সদস্যগণের বেতন-ভাতা গ্রহণ করিয়া উক্ত বেতন-ভাতা অবৈধভাবে আটক করেন বা নিজ হেফা
7. <other_818_s57> [বাংলাদেশ মেডিক্যাল বিশ্ববিদ্যালয় আইন, ১৯৯৮, ধারা ৫৭] আইপিজিএম এন্ড আর এর রূপান্তর — (১) আইপিজিএম এন্ড আরকে উন্নীত ও রূপান্তরক্রমে বিশ্ববিদ্যালয় স্থাপিত হইবার সংগে সংগে-(ক) আইপিজিএম এন্ড আর এর হ
8. <other_813_s8> [বাংলাদেশ কমার্স এন্ড ইনভেষ্টমেন্ট লিমিটেড (প, ধারা ৮] বিসিআই এর দায়গ্রস্তদের পরিচালক পর্ষদের সদস্য হওয়ার বা থাকার যোগ্যতা — বিসিআইতে ব্যক্তিগত দায় রহিয়াছে এমন কোন ব্যক্তি যদি তাহার দায় সম্পূর্ণ পরিশোধ করেন, তাহা হইলে তিনি পরিচালক প
9. <consumer_1270_s48> [ওজন ও পরিমাপ মানদণ্ড আইন, ২০১৮, ধারা ৪৮] ধারা ৩২ লঙ্ঘনের দণ্ড — কোনো ব্যক্তি যদি বিধি দ্বারা নির্ধারিত পদ্ধতিতে প্রতিপাদন ও স্ট্যাম্পযুক্ত না করিয়া বা বৈধ ভেরিফিকেশন বা, ক্ষ
10. <consumer_1270_s50> [ওজন ও পরিমাপ মানদণ্ড আইন, ২০১৮, ধারা ৫০] সীলমোহর জালকরণের দণ্ড, ইত্যাদি — কোনো ব্যক্তি যদি-(ক) কোনো সীলমোহর অথবা স্ট্যাম্প জাল করেন; বা(খ) জাল সীলমোহর অধিকারে রাখেন, বিক্রয় বা অন্য কো","other_173_s2","own_search","answered","1"
"lawy_0437_01","Sorup","VERIFY","বিবাহ, মোহরানা ও তালাক নিয়ে ভ্রান্ত ধারণায় আইন কি বলে?","1. <women_children_1256_s2> [যৌতুক নিরোধ আইন, ২০১৮, ধারা ২] সংজ্ঞা — বিষয় বা প্রসঙ্গের পরিপন্থি কোনো কিছু না থাকিলে,-(ক) ‘‘পক্ষ’’ অর্থ এই আইনের উদ্দেশ্য পূরণকল্পে, বিবাহের বর বা 
2. <family_1105_s6> [হিন্দু বিবাহ নিবন্ধন আইন, ২০১২, ধারা ৬] বিবাহ নিবন্ধিকরণ পদ্ধতি — (১) হিন্দু ধর্ম, রীতি-নীতি ও আচার-অনুষ্ঠান অনুযায়ী হিন্দু বিবাহ সম্পন্ন হওয়ার পর উক্ত বিবাহের দালিলিক প্রমাণ
3. <women_children_1207_s11> [বাল্যবিবাহ নিরোধ আইন, ২০১৭, ধারা ১১] বাল্যবিবাহ নিবন্ধনের জন্য বিবাহ নিবন্ধনের শাস্তি, লাইসেন্স বাতিল — কোন বিবাহ নিবন্ধক বাল্যবিবাহ নিবন্ধন করিলে উহা হইবে একটি অপরাধ এবং তজ্জন্য তিনি অনধিক ২ (দুই) বৎসর ও অন্যূন ৬ 
4. <family_1105_s3> [হিন্দু বিবাহ নিবন্ধন আইন, ২০১২, ধারা ৩] হিন্দু বিবাহ নিবন্ধন — (১) অন্য কোন আইন, প্রথা ও রীতি-নীতিতে যাহা কিছুই থাকুক না কেন, হিন্দু বিবাহের দালিলিক প্রমাণ সুরক্ষার উদ্দেশ্য
5. <family_1105_s12> [হিন্দু বিবাহ নিবন্ধন আইন, ২০১২, ধারা ১২] বিবাহ নিবন্ধনের প্রতিলিপি প্রদান — (১) এই আইনের অধীন হিন্দু বিবাহ নিবন্ধনের ক্ষেত্রে বিবাহের পক্ষদ্বয় বা তদ্কর্তৃক মনোনীত প্রতিনিধি কর্তৃক আবেদন
6. <family_1105_s4> [হিন্দু বিবাহ নিবন্ধন আইন, ২০১২, ধারা ৪] বিবাহ নিবন্ধক নিয়োগ — (১) এই আইনের অধীন হিন্দু বিবাহ নিবন্ধনের উদ্দেশ্যে, সরকার, সিটি কর্পোরেশন এলাকার ক্ষেত্রে তদ্কর্তৃক সময় সময় 
7. <other_1172_s1> [গণকর্মচারী (বিদেশি নাগরিকের সহিত বিবাহ) আইন,, ধারা ১] সংক্ষিপ্ত শিরোনাম ও পবর্তন — (১) এই আইনগণকর্মচারী (বিদেশি নাগরিকের সহিত বিবাহ) আইন, ২০১৫নামে অভিহিত হইবে।(২) ইহা অবিলম্বে কার্যকর হইবে।
8. <family_1105_s8> [হিন্দু বিবাহ নিবন্ধন আইন, ২০১২, ধারা ৮] বিবাহ নিবন্ধকের দায়িত্ব পালন সরকারি চাকুরী নহে — ধারা ৪ এর অধীন হিন্দু বিবাহ নিবন্ধক হিসাবে নিয়োগ প্রাপ্তি বা হিন্দু বিবাহ নিবন্ধকের দায়িত্ব পালন সরকারি চাকর
9. <other_1172_s3> [গণকর্মচারী (বিদেশি নাগরিকের সহিত বিবাহ) আইন,, ধারা ৩] বিদেশি নাগরিকের সহিত বিবাহে বাধানিষেধ — (১) উপ-ধারা (২) এর অধীন অনুমতিপ্রাপ্ত না হইলে কোন গণকর্মচারী কোন বিদেশি নাগরিককে বিবাহ করিবেন না বা বিবাহ করিব
10. <family_1105_s2> [হিন্দু বিবাহ নিবন্ধন আইন, ২০১২, ধারা ২] সংজ্ঞা — বিষয় বা প্রসঙ্গের পরিপন্থী কোন কিছু না থাকিলে, এই আইনে,-(ক) ‘‘হিন্দু’’ অর্থ বাংলাদেশের হিন্দু ধর্মাবলম্বী কোন","unanswerable","none","unanswerable","2"
"prot_0052_03","Sorup","VERIFY","আমি মাস্টার্স শেষ করে মা-বাবার অনুরোধে চার বছর আগে আমার এক ফুফাতো বোনকে বিয়ে করি। আমার প্রতি তার আকর্ষণ প্রথম থেকেই ছিল না। ডিগ্রি পরীক্ষার্থী থাকায় তার বাবার বাড়িতেই বেশি সময় থাকত। এখন তার পরীক্ষা শেষ হয়েছে। তবু বাবার বাড়িতে থাকতেই বেশি পছন্দ করে। আমার সঙ্গে কথা বলে না। ফোনও ধরে না। এই অবস্থায় দাম্পত্য সম্পর্ক স্বাভাবিক করার জন্য আমি কী করতে পারি?","1. <local_government_827_s17> [উপজেলা পরিষদ আইন, ১৯৯৮, ধারা ১৭] নির্বাচন অনুষ্ঠানের সময় — নিম্নবর্ণিত সময়ে28[চেয়ারম্যান, ভাইস চেয়ারম্যান] ও মহিলা সদস্যগণের নির্বাচন অনুষ্ঠিত হইবে, যথা:-29[(ক) প্রথম
2. <other_788_s346_p0> [কোম্পানী আইন, ১৯৯৪, ধারা ৩৪৬] নিষ্ক্রিয় (defunct) কোম্পানীর নাম নিবন্ধন বহি হইতে কাটিয়া দেওয়া — (১) যেক্ষেত্রে রেজিষ্ট্রারের এইরূপ বিশ্বাস করিবার যুক্তিসংগত কারণ থাকে যে, কোন একটি কোম্পানী ব্যবসা করিতেছে না
3. <other_1419_s10> [বাংলাদেশ সরকারী কর্ম কমিশন আইন, ২০২৩, ধারা ১০] ভুয়া পরিচয়ে পরীক্ষায় অংশগ্রহণ ও উহার দণ্ড — কোনো ব্যক্তি পরীক্ষার্থী না হওয়া সত্ত্বেও নিজেকে পরীক্ষার্থী হিসাবে হাজির করিয়া বা পরীক্ষার্থী বলিয়া ভান কর
4. <other_822_s12> [পার্বত্য চট্টগ্রাম আঞ্চলিক পরিষদ আইন, ১৯৯৮, ধারা ১২] পরিষদের মেয়াদ — ৪১ ধারার বিধান অনুসারে বাতিল না হইলে, পরিষদের মেয়াদ হইবে উহার প্রথম অধিবেশনের তারিখ হইতে পাঁচ বৎসর: তবে শর্ত 
5. <other_1064_s17> [আন্তজার্তিক মাতৃভাষা ইনস্টিটিউট  আইন, ২০১০, ধারা ১৭] প্রতিবেদন — (১) প্রতি পঞ্জিকা বছর শেষ হইবার সঙ্গে সঙ্গে ইনস্টিটিউট উক্ত বৎসরে সম্পাদিত কার্যাবলীর খতিয়ান-সম্বলিত বার্ষিক 
6. <other_1263_s2> [‘আল-হাইআতুল উলয়া লিল-জামি’আতিল কওমিয়া বাংলাদ, ধারা ২] সংজ্ঞা — বিষয় বা প্রসঙ্গের পরিপন্থি কোনো কিছু না থাকিলে, এই আইনে,-(১) “কওমি মাদরাসা” অর্থ আহলুস সুন্নাহ ওয়াল জামা’আত 
7. <other_726_s10> [বান্দরবান পার্বত্য জেলা পরিষদ আইন, ১৯৮৯, ধারা ১০] পরিষদের মেয়াদ — পরিষদের মেয়াদ হইবে উহার প্রথম অধিবেশনের তারিখ হইতে26[পাঁচ বত্সর] :তবে শর্ত থাকে যে, উক্ত মেয়াদ শেষ হওয়া সত্
8. <other_724_s10> [রাংগামাটি পার্বত্য জেলা পরিষদ আইন, ১৯৮৯, ধারা ১০] পরিষদের মেয়াদ — পরিষদের মেয়াদ হইবে উহার প্রথম অধিবেশনের তারিখ হইতে22[পাঁচ বত্সর] :তবে শর্ত থাকে যে, উক্ত মেয়াদ শেষ হওয়া সত্
9. <other_725_s10> [খাগড়াছড়ি পার্বত্য জেলা পরিষদ আইন, ১৯৮৯, ধারা ১০] পরিষদের মেয়াদ — পরিষদের মেয়াদ হইবে উহার প্রথম অধিবেশনের তারিখ হইতে18[পাঁচ বত্সর];তবে শর্ত থাকে যে, উক্ত মেয়াদ শেষ হওয়া সত্ত
10. <local_government_827_s7> [উপজেলা পরিষদ আইন, ১৯৯৮, ধারা ৭] পরিষদের মেয়াদ — ধারা ৫৩ এর বিধান সাপেক্ষে, পরিষদের মেয়াদ হইবে উহার প্রথম সভার তারিখ হইতে পাঁচ বৎসর:তবে শর্ত থাকে যে, উক্ত মেয","family_1444_s5","own_search","answered","2"
"prot_0008_06","Sorup","VERIFY","এ পর্যায়ে নাম সংশোধনের ব্যবস্থা আছে কি না?","1. <other_1405_s9> [বাণিজ্য সংগঠন আইন, ২০২২, ধারা ৯] বাণিজ্য সংগঠনের নাম পরিবর্তন বা সংশোধন — (১) কোনো বাণিজ্য সংগঠন, মহাপরিচালকের পূর্বানুমোদন ব্যতীত উহার নাম পরিবর্তন বা সংশোধন করিতে পারিবে না।(২) কোনো 
2. <family_1444_s9> [পারিবারিক আদালত আইন, ২০২৩, ধারা ৯] আরজি ও লিখিত জবাব সংশোধন — এই আইনে যাহা কিছুই থাকুক না কেন, মোকদ্দমার যেকোনো পর্যায়ে আদালত, কোনো পক্ষের আবেদনের পরিপ্রেক্ষিতে, করণিক ভুল
3. <other_788_s43> [কোম্পানী আইন, ১৯৯৪, ধারা ৪৩] সদস্য-বহি সংশোধনের জন্য আদালতের ক্ষমতা — (১) যদি-(ক) পর্যাপ্ত কারণ ব্যতিরেকে কোন ব্যক্তির নাম কোন কোম্পানীর সদস্য-বহিতে লিপিবদ্ধ করা হয় কিংবা উহা হইতে
4. <other_751_s116> [ব্যাংক-কোম্পানী আইন, ১৯৯১, ধারা ১১৬] ব্যাংক-কোম্পানীর নাম পরিবর্তন — কোম্পানী আইনের348[ধারা ১১] এ যাহা কিছুই থাকুক না কেন, বাংলাদেশ ব্যাংকের কোন আপত্তি নাই এই মর্মে প্রত্যয়নপত্র 
5. <consumer_1010_s52> [ট্রেডমার্ক আইন, ২০০৯, ধারা ৫২] নিবন্ধন বহির ভুল সংশোধন — (১) নিবন্ধিত স্বত্বাধিকারী কর্তৃক, নির্ধারিত পদ্ধতিতে, আবেদনের প্রেক্ষিতে নিবন্ধন বহিতে -(ক) ট্রেডমার্কের নিবন
6. <other_1476_s86> [কাস্টমস আইন, ২০২৩, ধারা ৮৬] দাখিলকৃত পণ্য ঘোষণার সংশোধন ও 1 [বাতিল] — (১) কোনো আমদানিকারক বা রপ্তানিকারক কর্তৃক লিখিত অনুরোধের প্রেক্ষিতে ধারা ৮১ এর অধীন দাখিলকৃত পণ্য ঘোষণায় উল্ল
7. <other_1045_s12> [চার্টার্ড সেক্রেটারীজ আইন, ২০১০, ধারা ১২] কাউন্সিলের দায়িত্ব ও কার্যাবলী — কাউন্সিলের দায়িত্ব ও কার্যাবলী হইবে নিম্নরূপ, যথা ঃ-(১) চার্টার্ড সেক্রেটারী পেশার মান উন্নয়নে প্রয়োজনীয় প
8. <other_1070_s24> [উদ্ভিদ সংগনিরোধ আইন, ২০১১, ধারা ২৪] ক্ষতিপূরণ — (১) সরকার, উপ-ধারা (২) এ বর্ণিত বিধান সাপেক্ষে, প্রয়োজনীয় ব্যবস্থা গ্রহণ করিয়া সংগনিরোধ বালাই নির্মূল, সীমা
9. <other_1707_s57> [ঢাকা সেন্ট্রাল ইউনিভার্সিটি আইন, ২০২৬, ধারা ৫৭] স্নাতক ও স্নাতকোত্তর পর্যায়ে শিক্ষার মান সংরক্ষণ — (১) একাডেমিক কাউন্সিলের পরামর্শক্রমে সিন্ডিকেট কোনো কলেজকে যেসকল বিষয়ে ও যে পর্যায়ের শিক্ষাদানের ক্ষমতা দান 
10. <other_1125_s39> [ইসলামি আরবি বিশ্ববিদ্যালয় আইন, ২০১৩, ধারা ৩৯] মাদ্‌রাসায় শিক্ষাদান এবং বিশ্ববিদ্যালয় ও মাদ্‌রাসার মধ্যে সহযোগিতা, ইত্যাদি। — (১) একাডেমিক কাউন্সিলের পরামর্শক্রমে, সিন্ডিকেট কোন মাদ্রাসাকে যে সকল বিষয়ে ও যে পর্যায়ে শিক্ষাদানের অনুমতি ","civil_registration_1458_s9, civil_registration_921_s15","own_search","answered","2"
"prot_0039_01","Sorup","VERIFY","আমার খালার দুই মেয়ে ও এক ছেলে। সাত বছর আগে খালু আমার খালার অনুমতি ছাড়াই দ্বিতীয় বিয়ে করেন। বিষয়টি সালিসের মাধ্যমে সমাধানের চেষ্টা করা হয়েছিল; কিন্তু খালুর অপকৌশলের কারণে হয়নি। পরে এটি আদালত পর্যন্ত গড়ায়। সেখানেও মামলাটি শিথিল হয়ে যায়। এখন খালু খালাকে ভরণপোষণ দিচ্ছেন না। তিনি তাঁর দ্বিতীয় স্ত্রীর সঙ্গে থাকছেন। আইনি জটিলতা ছাড়া (মামলা-মোকদ্দমা) এ ধরনের লোকদের শাস্তি এবং ভরণপোষণ দিতে বাধ্য করার জন্য কী করা যায়? নিলুফা , ঢাকা। @ আপনি মহিলাবিষয়ক অধিদপ্তরের অধীন নারী নির্যাতন প্রতিরোধ সেলে অভিযোগ করতে পারেন। এ ছাড়া জাতীয় মহিলা আইনজীবী সমিতি অথবা আইন ও সালিশ কেন্দ্রে আইনগত সহায়তার জন্য যোগাযোগ করতে পারেন","1. <labour_952_s216_p1> [বাংলাদেশ শ্রম আইন, ২০০৬, ধারা ২১৬] অপরাধ বিচার ছাড়া অন্য কোন বিষয়ে শ্রম আদালতের ক্ষমতা ওকার্যক্রম — বা আপত্তি পেশ করিতে ব্যর্থ হয়, তাহা হইলে মামলাটি একতরফা শুনানীক্রমে নিষ্পত্তি করা হইবে।(৬) কোন পক্ষের আবেদনক্
2. <other_1301_s16> [বাংলাদেশ বাতিঘর আইন, ২০২০, ধারা ১৬] বাতিঘর মাশুল প্রদান না করিবার জরিমানা — (১) কোনো জাহাজের মাস্টার বা মালিক যদি এই আইনের অধীন জাহাজের বাতিঘর মাশুল, পাওনাদি এবং অন্যান্য খরচের অর্থ পরিশ
3. <other_834_s19> [আইনগত সহায়তা প্রদান আইন, ২০০০, ধারা ১৯] দলিলপত্র, কাগজাদি, ইত্যাদির কপি সরবরাহ — আইনগত সহায়তার সাথে সংশিস্্নষ্ট আইনজীবী এবং বিচারপ্রার্থী বরাবরে আদালত, কোর্ট ফি ছাড়া, বিনামূল্যে মামলার সহিত
4. <other_788_s193_p1> [কোম্পানী আইন, ১৯৯৪, ধারা ১৯৩] রেজিষ্ট্রার কর্তৃক তথ্য বা ব্যাখ্যা তলব করার ক্ষমতা — অনুমতি দিতে পারিবে।(৪) রেজিষ্ট্রার পূর্বোক্ত তথ্য বা ব্যাখ্যা বা দলিল পাইবার পর উহা তাহার নিকট দাখিলকৃত দলিলের
5. <criminal_procedure_765_s47> [রাজশাহী মহানগরী পুলিশ আইন, ১৯৯২, ধারা ৪৭] মহানগরী এলাকা ত্যাগ করিতে ব্যর্থতা এবং অপসারণের পর পুনঃপ্রবেশ সম্পর্কে অনুসরণীয় কর্মপন্থা — (১) ধারা ৪০, ৪১ বা ৪২ এর অধীন যে ব্যক্তিকে মহানগরী এলাকা হইতে অপসারণের আদেশ দেওয়া হইয়াছে তিনি যদি-(ক) আদেশ ম
6. <women_children_1119_s16> [শিশু আইন, ২০১৩, ধারা ১৬] (১) আইনের সহিত সংঘাত জড়িত শিশু কর্তৃক সংঘটিত যে কোনো অপরাধের বিচার করিবার জন্য, প্রত্যেক জেলা সদরে শিশু-আদালত
7. <other_834_s15> [আইনগত সহায়তা প্রদান আইন, ২০০০, ধারা ১৫] আইনজীবীগণের তালিকা — (১)34[সুপ্রীমকোর্ট কমিটি] এই আইনের আওতায় প্রদত্ত আইনগত সহায়তার অধীনে বাংলাদেশ সুপ্রীমকোর্টে দায়েরযোগ্য বা দ
8. <women_children_835_s34> [নারী ও শিশু নির্যাতন দমন আইন, ২০০০, ধারা ৩৪] ১৯৯৫ সনের ১৮ নং আইনের রহিতকরণ ও হেফাজত — (১) নারী ও শিশু নির্যাতন (বিশেষ বিধান) আইন, ১৯৯৫ (১৯৯৫ সনের ১৮ নং আইন), অতঃপর উক্ত আইন বলিয়া উল্লিখিত, এতদ্বা
9. <criminal_procedure_765_s44> [রাজশাহী মহানগরী পুলিশ আইন, ১৯৯২, ধারা ৪৪] ধারা ৪০, ৪১, ও ৪২ এর অধীন আদেশ জারীর পূর্বে কৈফিয়ত দানের সুযোগ দেওয়া — (১) কোন ব্যক্তি সম্পর্কে ধারা ৪০, ৪১ বা ৪২ এর অধীন আদেশ জারীর পূর্বে পুলিশ কমিশনার ঐ ব্যক্তিকে তাহার বিরুদ্ধে 
10. <women_children_835_s17> [নারী ও শিশু নির্যাতন দমন আইন, ২০০০, ধারা ১৭] মিথ্যা মামলা, অভিযোগ দায়ের ইত্যাদির শাস্তি — (১) যদি কোন ব্যক্তি অন্য কোন ব্যক্তির37[মর্যাদাহানি বা] ক্ষতিসাধনের অভিপ্রায়ে উক্ত ব্যক্তির বিরুদ্ধে এই আইনের","family_305_s9, family_305_s6","own_search","answered","3"
"lawy_0224_01","Sorup","VERIFY","দেনমোহর আদায়ে সময়সীমা: তালাকের পরও কি নারীর দাবি থেকে থাকে?","1. <other_788_s350> [কোম্পানী আইন, ১৯৯৪, ধারা ৩৫০] সময়সীমা অতিক্রমের পর দলিলপত্র ইত্যাদি দাখিলকরণ বা নিবন্ধন — যে সকল দলিল, রিটার্ণ, বিবরণী বা কোন তথ্য বা ঘটনা এই আইনের বিধান অনুসারে রেজিষ্ট্রারের নিকট নিবন্ধন, দাখিল, বা 
2. <consumer_1452_s117> [কপিরাইট আইন, ২০২৩, ধারা ১১৭] রেজিস্ট্রারের আদেশের বিরুদ্ধে আপিল — (১) রেজিস্ট্রারের কোনো সিদ্ধান্ত বা আদেশে সংক্ষুব্ধ যে কোনো ব্যক্তি উক্ত সিদ্ধান্ত বা আদেশ প্রদানের ৩ (তিন) মা
3. <family_1444_s5> [পারিবারিক আদালত আইন, ২০২৩, ধারা ৫] পারিবারিক আদালতের এখতিয়ার — মুসলিম পারিবারিক আইনের বিধানাবলি সাপেক্ষে, পারিবারিক আদালতে নিম্নরূপ সকল বা যেকোনো বিষয় সম্পর্কিত বা উহা হইতে
4. <other_1703_s25> [আমানত সুরক্ষা আইন, ২০২৬, ধারা ২৫] অ-দাবিকৃত সুরক্ষিত আমানত পরিশোধ — (১) সুরক্ষিত আমানত পরিশোধের পরও কোনো অ-দাবিকৃত সুরক্ষিত আমানত অবশিষ্ট থাকিলে, আমানত সুরক্ষা বিভাগ, গণবিজ্ঞপ্তি
5. <other_1429_s249> [আয়কর আইন, ২০২৩, ধারা ২৪৯] বৈদেশিক করের ক্রেডিট দাবির সীমাবদ্ধতা — (১) উপ-ধারা (২) এর বিধানাবলি সাপেক্ষে, কোনো আয়ের সূত্রে প্রদত্ত বৈদেশিক করের জন্য ক্রেডিট হিসাবে অনুমোদন প্রা
6. <women_children_835_s9খ> [নারী ও শিশু নির্যাতন দমন আইন, ২০০০, ধারা ৯খ] যদি কোন ব্যক্তি দৈহিক বলপ্রয়োগ ব্যতীত বিবাহের প্রলোভন দেখাইয়া ষোল বৎসরের অধিক বয়সের কোন নারীর সংগে যৌনকর্ম 
7. <consumer_1011_s24> [তথ্য অধিকার আইন, ২০০৯, ধারা ২৪] আপীল, নিস্পত্তি ইত্যাদি — (১) কোন ব্যক্তি ধারা ৯ এর উপ-ধারা (১), (২) বা (৪) এ নির্ধারিত সময়সীমার মধ্যে তথ্য লাভে ব্যর্থ হইলে কিংবা দায়
8. <other_1429_s222> [আয়কর আইন, ২০২৩, ধারা ২২২] কর আদায়ে যুগপৎ ব্যবস্থা গ্রহণ — আপাতত বলবৎ অন্য কোনো আইন বা এই আইনের কোনো ধারা বা বিধানানুসারে কর আদায় কার্যক্রম চলমান থাকিলে তাহা এই আইন বা 
9. <other_769_s7> [জাতীয় বিশ্ববিদ্যালয় আইন, ১৯৯২, ধারা ৭] জাতি-ধর্ম নির্বিশেষে সকলের জন্য বিশ্ববিদ্যালয় উন্মুক্ত — যে কোন ধর্ম, বর্ণ, গোত্র এবং শ্রেণীর পুরুষ ও নারীর জন্য বিশ্ববিদ্যালয় উন্মুক্ত থাকিবে।
10. <other_864_s5> [রংপুর বিজ্ঞান ও প্রযুক্তি বিশ্ববিদ্যালয় আইন,, ধারা ৫] জাতি-ধর্ম নির্বিশেষে সকলের জন্য বিশ্ববিদ্যালয় উন্মুক্ত — যে কোন জাতি, ধর্ম, বর্ণ, গোত্র এবং শ্রেণীর পুরুষ ও নারীর জন্য বিশ্ববিদ্যালয় উন্মুক্ত থাকিবে।","none","none","not_found","1"
"prot_0059_01","Sorup","VERIFY","আমি স্নাতক শেষ বর্ষে পড়ি। পাঁচ বছর আগে একটি ছেলের সঙ্গে আমার সম্পর্ক হয়। ছেলেটি ব্যাংকে চাকরি করে। হঠাৎ করে কিছুদিন আগে ছেলেটি বিয়ে করে এবং বিয়ের এক মাস পরই তার স্ত্রী তাকে ছেড়ে চলে যায়। এভাবে প্রায় সাত মাস চলে গেছে। এখন তার স্ত্রী তার কাছে আসতে চায় না। ইদানীং ছেলেটি আমার সঙ্গে প্রায়ই কথা বলে এবং আমাকে নিয়ে সংসার করতে চায়। পারিবারিক চাপেই সে নাকি বিয়ে করতে পারেনি এবং এটা নাকি তার জীবনের সবচেয়ে বড় ভুল। এখন আমার পক্ষে কি এ বিয়ে করা ঠিক হবে? আমি অবিবাহিত। হিন্দু আইন অনুযায়ী বিবাহিত ছেলেকে কি বিয়ে করা যায়? ছেলেটি চায়, তার স্ত্রী থেকে আলাদা হয়ে যেতে। এটা কি সম্ভব?নাম প্রকাশে অনিচ্ছুকহবিগঞ্জ","1. <other_1153_s4> [উপানুষ্ঠানিক শিক্ষা আইন, ২০১৪, ধারা ৪] উপানুষ্ঠানিক শিক্ষার শ্রেণীবিভাগ ও বয়স-সীমা — (১) প্রকৃতি ও ধরন অনুযায়ী উপানুষ্ঠানিক শিক্ষার শ্রেণীবিভাগ হইবে নিম্নরূপ, যথা :-(ক) উপানুষ্ঠানিক প্রাথমিক শিক
2. <labour_1285_s2_p1> [বাংলাদেশ ইপিজেড শ্রম আইন, ২০১৯, ধারা ২] সংজ্ঞা — (১৯৯৪ সনের ১৮ নং আইন) এর অধীন নিবন্ধিত কোনো কোম্পানি, যাহার অধীন কোনোজোনেএক বা একাধিক শিল্প প্রতিষ্ঠান রহিয়াছ
3. <other_1485_s9> [বাংলাদেশ পুলিশ কল্যাণ তহবিল আইন, ২০২৩, ধারা ৯] মৃত্যু এবং অক্ষমতাজনিত কারণে এককালীন এবং মাসিক কল্যাণ অনুদান — (১) কোনো কর্মচারী বা তাহার মৃত্যু হইলে তাহার স্ত্রী বা, ক্ষেত্রমত, স্বামী, বিধি দ্বারা নির্ধারিত পদ্ধতিতে, নিম
4. <other_1266_s2_p2> [বাংলাদেশ মুক্তিযোদ্ধা কল্যাণ ট্রাস্ট আইন, ২০, ধারা ২] সংজ্ঞা — জামায়াতে ইসলামী এবং তাহাদের সহযোগী রাজাকার, আলবদর, আলশামস বাহিনীর বিরুদ্ধে গণপ্রজাতন্ত্রী বাংলাদেশের স্বাধীনত
5. <local_government_1024_s105> [স্থানীয় সরকার (পৌরসভা) আইন, ২০০৯, ধারা ১০৫] বেতনাদি হইতে কর কর্তন — পৌরসভা যদি কোন পেশা, ব্যবসা অথবা বৃত্তির উপর করারোপ করিতে চায়, তাহা হইলে এইরূপ কর প্রদানের জন্য দায়ী ব্যক্তি
6. <other_1586_s23> [গুম প্রতিরোধ ও প্রতিকার অধ্যাদেশ, ২০২৫, ধারা ২৩] স্ত্রী বা সন্তান কর্তৃক গুম হওয়া ব্যক্তির সম্পত্তি ব্যবহারের অনুমতি — (১) গুম হওয়া ব্যক্তির দায় পরিশোধ, তাহার স্ত্রী বা তাহার উপর নির্ভরশীল পরিবারের সদস্যদের ভরণপোষণের বা অন্য কো
7. <other_1132_s5> [পিতা-মাতার ভরণ-পোষণ আইন, ২০১৩, ধারা ৫] পিতা-মাতার ভরণ-পোষণ না করিবার দণ্ড — (১) কোন সন্তান কর্তৃক ধারা ৩ এর যে কোন উপ-ধারার বিধান কিংবা ধারা ৪ এর বিধান লংঘন অপরাধ বলিয়া গণ্য হইবে এবং উক
8. <other_1429_s31> [আয়কর আইন, ২০২৩, ধারা ৩১] আয় একীভূতকরণ — (১) এই আইনে ভিন্নরূপ কিছু না থাকিলে, নিম্নবর্ণিত আয়সমূহ কোনো ব্যক্তির মোট আয়ের অন্তর্ভুক্ত হইবে, যথা:-(ক) উক
9. <local_government_827_s8_p1> [উপজেলা পরিষদ আইন, ১৯৯৮, ধারা ৮] বা ব্যক্তিবর্গের নামে বা তাঁহার সুবিধার্থে বা তাঁহার উপলক্ষে বা কোন হিন্দু যৌথ পরিবারের সদস্য হিসাবে তাঁহার কো
10. <other_1418_s21_p1> [বাংলাদেশ সুপ্রীম কোর্টের বিচারক (ছুটি, পেনশন, ধারা ২১] আনুতোষিক ও পারিবারিক পেনশন — পেনশন।(২) উপ-ধারা (৪) ও (৫) এর বিধানাবলি সাপেক্ষে, যদি-(ক) কোনো বিচারক, যাহার ক্ষেত্রে ধারা ১৪ এর দফা (ক) এর ব","other_214_s2","own_search","answered","1"
"prot_0018_02","Sorup","VERIFY","আমাদের ছেলেরা কি তার নানার সম্পত্তির কোনো অংশ পাবে?","1. <other_788_s335_p0> [কোম্পানী আইন, ১৯৯৪, ধারা ৩৩৫] দণ্ড — (১) যে কোন পদ্ধতিতে কোম্পানীর অবলুপ্তি চলিতে থাকাকালে কোম্পানীর সাবেক বা বর্তমান কোন পরিচালক, ম্যানেজিং এজেন্ট
2. <land_1109_s15> [ওয়াক্‌ফ (সম্পত্তি হস্তান্তর ও উন্নয়ন) বিশেষ , ধারা ১৫] স্বীয় উদ্যোগে ওয়াক্‌ফ সম্পত্তির উন্নয়ন — কোন ওয়াক্ফ সম্পত্তি অংশীদারিত্বের ভিত্তিতে উন্নয়নের জন্য কোন রিয়েল এস্টট ডেভেলপার এ সাথে কোন চুক্তি না করিয
3. <other_1490_s22_p0> [অর্থ আইন, ২০২৪, ধারা ২২] ২০২৩ সনের ১২ নং আইনের অংশ ৫ এর তৃতীয় অধ্যায় এর প্রতিস্থাপন — উক্ত আইনের অংশ ৫ এর তৃতীয় অধ্যায় এর পরিবর্তে নিম্নরূপ তৃতীয় অধ্যায় প্রতিস্থাপিত হইবে, যথা:—“তৃতীয় অধ্যায়
4. <other_812_s59> [দেউলিয়া বিষয়ক আইন, ১৯৯৭, ধারা ৫৯] দেনাদারের সম্পত্তির ব্যাপারে ডিক্রী বাস্তবায়নকারী আদালতের কর্তব্য — যে ক্ষেত্রে কোন ডিক্রী বাস্তবায়ন প্রক্রিয়ায় দেনাদারের বিক্রয়যোগ্য সম্পত্তির বিরুদ্ধে ডিক্রী প্রদান করা হইয
5. <other_1429_s36> [আয়কর আইন, ২০২৩, ধারা ৩৬] ভাড়া হইতে আয় — (১) কোনো ব্যক্তির কোনো সম্পত্তির ভাড়া প্রদান হইতে অর্জিত মোট ভাড়ামূল্য হইতে এই অধ্যায়ে বর্ণিত সর্বমোট অনুমো
6. <criminal_procedure_765_s23> [রাজশাহী মহানগরী পুলিশ আইন, ১৯৯২, ধারা ২৩] বেওয়ারিশ সম্পত্তির দায়িত্ব গ্রহণ ও বিলিবন্টন — (১) নিম্নবর্ণিত জিনিসের সাময়িকভাবে দায়িত্ব গ্রহণ করা পুলিশ কর্মকর্তার কর্তব্য হইবে, যথা:-(ক) তাঁহার নজরে আসি
7. <criminal_procedure_1013_s23> [বরিশাল মহানগরী পুলিশ আইন, ২০০৯, ধারা ২৩] বেওয়ারিশ সম্পত্তির দায়িত্ব গ্রহণ ও বিলিবন্টন — (১) নিম্নবর্ণিত জিনিসের সাময়িকভাবে দায়িত্ব গ্রহণ করা পুলিশ কর্মকর্তার কর্তব্য হইবে, যথাঃ-(ক) তাহার নজরে আসিয
8. <criminal_procedure_1012_s23> [সিলেট মহানগরী পুলিশ আইন, ২০০৯, ধারা ২৩] বেওয়ারিশ সম্পত্তির দায়িত্ব গ্রহণ ও বিলিবন্টন — (১) নিম্নবর্ণিত জিনিসের সাময়িকভাবে দায়িত্ব গ্রহণ করা পুলিশ কর্মকর্তার কর্তব্য হইবে, যথাঃ-(ক) তাহার নজরে আসিয
9. <other_1246_s8> [ক্যান্টনমেন্ট আইন, ২০১৮, ধারা ৮] হস্তান্তরিত তহবিল ও সম্পত্তির প্রয়োগ — ধারা ৬ বা ধারা ৭ এর বিধানাবলির অধীন সরকারের নিকট ন্যস্ত ক্যান্টনমেন্ট বোর্ড তহবিল বা উহার অংশবিশেষ বা বোর্ডের 
10. <money_recovery_876_s69> [সমবায় সমিতি আইন, ২০০১, ধারা ৬৯] ক্রেতাকে সার্টিফিকেট প্রদান এবং সাব-রেজিস্ট্রার কর্তৃক অন্তর্ভুক্তকরণ — (১) এই অধ্যায়ের অধীনে কোন বিক্রয় চূড়ান্ত হইলে, নিবন্ধক একটি নির্দিষ্ট ফরমে বিক্রিত সম্পত্তির বর্ণনা করিয়া ","family_305_s4","own_search","answered","1"
"prot_0020_01","Sorup","VERIFY","আমি স্নাতকোত্তর শেষ করে চাকরি খুঁজছি। পাশের বাসার এক নারী তাঁর স্বামী ও দুই সন্তানসহ থাকেন। প্রতিবেশী হিসেবে তাঁর বাসায় মাঝেমধ্যে যেতাম। সম্পর্কে তিনি আমার চাচি। তিনি একদিন বললেন, আমাকে নাকি পছন্দ করেন এবং তাঁর সঙ্গে শারীরিক সম্পর্কের প্রস্তাব দিলেন। আমি রাজি হয়ে যাই। একপর্যায়ে তিনি সন্তানসম্ভবা হয়ে পড়েন। তাঁকে সন্তান নষ্ট করার কথা বললেও তিনি তা করেননি। সেসব কথা তাঁর কাছে মুঠোফোনে রেকর্ড করা আছে। এ সম্পর্ক থেকে আমি বেরিয়ে আসতে চাইলেও তিনি রাজি হন না। বরং আমাকে বিয়ের জন্য চাপ দেন ও নানা হুমকি দেন। এখন তাঁর স্বামীও বিষয়টি জেনে ফেলে আমাকে ভয় দেখাচ্ছেন। আমার পক্ষে তাঁকে বিয়ে করা অসম্ভব। আমি জানতে চাই, ফোনের ওই রেকর্ড দিয়ে তিনি আমার কোনো ক্ষতি করতে পারবেন কিনা। তথ্যপ্রযুক্তি আইনে আমি তাঁর বিরুদ্ধে আইনি কোনো ব্যবস্থা নিতে পারব কিনা? কাজল রাজশাহী দৈহিক সম্পর্ক থাকুক বা না-থাকুক ফৌজদারি আইনে আপনাকে হেনস্তা করা সম্ভব। তিনি আপনার বিরুদ্ধে দণ্ডবিধি, নারী ও শিশু নির্যাতন দমন আইন ছাড়াও অন্যান্য ফৌজদারি বিধিতে মামলা করতে পারেন। তথ্যপ্রযুক্তি আইনে আপনার মামলা করার কোনো সুযোগ নেই। তবে আলোচনার মাধ্যমে আপনি এ ধরনের সম্পর্ক থেকে পরিত্রাণ পেতে পারেন","1. <women_children_1119_s16> [শিশু আইন, ২০১৩, ধারা ১৬] (১) আইনের সহিত সংঘাত জড়িত শিশু কর্তৃক সংঘটিত যে কোনো অপরাধের বিচার করিবার জন্য, প্রত্যেক জেলা সদরে শিশু-আদালত
2. <women_children_835_s35> [নারী ও শিশু নির্যাতন দমন আইন, ২০০০, ধারা ৩৫] (১) এই আইনে যাহা কিছু থাকুক না কেন,নারী ও শিশু নির্যাতন দমন (সংশোধন) অধ্যাদেশ, ২০২৫বলবৎ হওয়ার তারিখ হইতে ধারা
3. <women_children_835_s34> [নারী ও শিশু নির্যাতন দমন আইন, ২০০০, ধারা ৩৪] ১৯৯৫ সনের ১৮ নং আইনের রহিতকরণ ও হেফাজত — (১) নারী ও শিশু নির্যাতন (বিশেষ বিধান) আইন, ১৯৯৫ (১৯৯৫ সনের ১৮ নং আইন), অতঃপর উক্ত আইন বলিয়া উল্লিখিত, এতদ্বা
4. <cybercrime_1710_s2_p11> [সাইবার সুরক্ষা আইন, ২০২৬, ধারা ২] সংজ্ঞা — দ্বারা কোন ব্যক্তির অন্তরঙ্গ অথবা ব্যক্তিগত ছবি, ভিডিও সংরক্ষণ বা সংরক্ষনের দাবি করিবার মাধ্যমে তাহা প্রকাশ কর
5. <women_children_1063_s2> [পারিবারিক সহিংসতা (প্রতিরোধ ও সুরক্ষা) আইন, , ধারা ২] সংজ্ঞা — - বিষয় বা প্রসঙ্গের পরিপন্থী কিছু না থাকিলে, এই আইনে-(১)""অর্ন্তব র্তীকালীন সুরক্ষা আদেশ""অর্থ ধারা ১৩ এর অধীন 
6. <labour_952_s195_p0> [বাংলাদেশ শ্রম আইন, ২০০৬, ধারা ১৯৫] মালিকের পক্ষে অসৎ শ্রম আচরণ — 147[ (১)] কোন মালিক অথবা মালিকগণের ট্রেড ইউনিয়ন অথবা তাহাদের পক্ষে ভারপ্রাপ্ত কোন ব্যক্তি-(ক) কোন চাকুরী চুক্
7. <criminal_procedure_1239_s108> [রংপুর মহানগরী পুলিশ আইন, ২০১৮, ধারা ১০৮] পুলিশ অফিসারের বিরুদ্ধে আইনগত ব্যবস্থা গ্রহণ — আপাতত বলবৎ অন্য কোনো আইনে যাহা কিছুই থাকুক না কেন, এই আইন, বিধি, প্রবিধান বা তদধীন প্রদত্ত কোনো আদেশের অধীন কো
8. <criminal_procedure_1238_s108> [গাজীপুর মহানগরী পুলিশ আইন, ২০১৮, ধারা ১০৮] পুলিশ অফিসারের বিরুদ্ধে আইনগত ব্যবস্থা গ্রহণ — আপাতত বলবৎ অন্য কোনো আইনে যাহা কিছুই থাকুক না কেন, এই আইন, বিধি, প্রবিধান বা তদধীন প্রদত্ত কোনো আদেশের অধীন কো
9. <women_children_1063_s3> [পারিবারিক সহিংসতা (প্রতিরোধ ও সুরক্ষা) আইন, , ধারা ৩] পারিবারিক সহিংসতা — - এই আইনের উদ্দেশ্য পূরণকল্পে পারিবারিক সহিংসতা বলিতে পারিবারিক সম্পর্ক রহিয়াছে এমন কোন ব্যক্তি কতৃর্ক পরিবার
10. <women_children_835_s20> [নারী ও শিশু নির্যাতন দমন আইন, ২০০০, ধারা ২০] বিচার পদ্ধতি — 57[(১) ধারা ৩৫ এর বিধান সাপেক্ষে এই আইনের অধীন কোন অপরাধের বিচার ধারা ২৬ বা, ক্ষেত্রমত, ধারা ২৬ক এর অধীন গঠিত ","criminal_procedure_11_s497","own_search","answered","1"
"prot_0104_01","Sorup","VERIFY","মৃত সুবোধ চন্দ্র দেব তাঁর ত্যাজ্য বিত্তে বা সম্পত্তিতে উত্তরাধিকার সূত্রে দুই সন্তান নৃপেন্দ্র চন্দ্র দেব ও কৃপেশ চন্দ্র দেব মালিকসূত্রে উত্তরাধিকারী হন। তাঁদের অবর্তমানে ওই সম্পত্তিতে উত্তরাধিকার সূত্রে সুবোধ চন্দ্র দেবের একমাত্র ভাগনে রাজেন্দ্র চন্দ্র দেব মালিক হবেন। পরবর্তী সময়ে রাজেন্দ্র চন্দ্র দেব মারা গেলে তাঁর একমাত্র পুত্রের ওপর মালিকানা বর্তায়। ‘ক’ তালিকাভুক্ত অর্পিত সম্পত্তি ভারতবাসী নৃপেন্দ্র চন্দ্র দেব ও কৃপেশ চন্দ্র দেবের সব ত্যাজ্য বিত্তে বাংলাদেশে বসবাসকারী মৃত রাজেন্দ্র চন্দ্র দেবের পুত্র উত্তরাধিকারী হিসেবে দাবি করতে পারবেন।২. যদি আমার পিতা তাঁদের ‘উত্তরাধিকারী’ বা ‘উত্তরাধিকারীর স্বার্থাধিকারী’ হতে পারেন, তবে আমার পিতার একমাত্র উত্তরাধিকারী হিসেবে আমি এই সম্পত্তির দাবিদার হতে পারি কি না?","1. <land_856_s2_p2> [অর্পিত সম্পত্তি প্রত্যর্পণ আইন, ২০০১, ধারা ২] সংজ্ঞা — সম্পত্তি হিসাবে তালিকাভুক্ত হইয়াছে সেই মূল মালিক বা তাহার উত্তরাধিকারী, বা উক্ত মূল মালিক বা উত্তরাধিকারীর স্
2. <other_788_s239> [কোম্পানী আইন, ১৯৯৪, ধারা ২৩৯] প্রদায়কের উত্তরাধিকারী ইত্যাদির দায়-দায়িত্ব — (১) প্রদায়কের তালিকায় নাম লিপিবদ্ধ হওয়ার পূর্বে বা পরে কোন প্রদায়কের মৃত্যু ঘটিলে, তাহার আইনানুগ প্রতিনিধি
3. <labour_952_s131> [বাংলাদেশ শ্রম আইন, ২০০৬, ধারা ১৩১] (১) এই অধ্যায়ের অন্যান্য বিধান সাপেক্ষে, কোনো শ্রমিককে মজুরি হিসাবে প্রদেয় সকল অর্থ তাহার মৃত্যুজনিত কারণে অ
4. <other_1347_s10> [সামুদ্রিক মৎস্য (Marine Fisheries) আইন, ২০২০, ধারা ১০] লাইসেন্স হস্তান্তর নিষিদ্ধ, ইত্যাদি — লাইসেন্স হস্তান্তরযোগ্য বা বিক্রয়যোগ্য হইবে না :তবে শর্ত থাকে যে, ব্যক্তিমালিকানার ক্ষেত্রে লাইসেন্স গ্রহীতার
5. <other_1413_s14> [সরকারি ঋণ আইন, ২০২২, ধারা ১৪] ধারক মৃত্যুবরণ করিলে প্রযোজ্য বিধান — (১) এই ধারার অন্যান্য বিধানসাপেক্ষে, সরকারি সিকিউরিটি বা জাতীয় সঞ্চয় স্কীমের আওতায় ইস্যুকৃত সার্টিফিকেটের ধ
6. <consumer_1010_s92> [ট্রেডমার্ক আইন, ২০০৯, ধারা ৯২] মামলার কোন পক্ষের মৃত্যু — যদি এই আইনের অধীন কোন কার্যধারা বিচারাধীন থাকা অবস্থায় কোন পক্ষ মারা যান, তাহা হইলে নিবন্ধক সংশ্লিষ্ট কোন পক্
7. <land_856_s6> [অর্পিত সম্পত্তি প্রত্যর্পণ আইন, ২০০১, ধারা ৬] কতিপয় সম্পত্তি 1 [প্রত্যর্পণযোগ্য সম্পত্তির তালিকায়] অন্তর্ভুক্তি নিষিদ্ধ — 13[প্রত্যর্পণযোগ্য সম্পত্তির তালিকায়] নিম্নবর্ণিত সম্পত্তি অন্তর্ভুক্ত করা যাইবে না, যথা:-(ক) কোন সম্পত্তি অর
8. <other_812_s60> [দেউলিয়া বিষয়ক আইন, ১৯৯৭, ধারা ৬০] কতিপয় হস্তান্তর রহিতকরণ — (১) দেউলিয়া ঘোষণাদেশ প্রদান তারিখের অব্যবহিত পূর্ববর্তী ১৫ (পনর) বত্সরের মধ্যে সম্পাদিত দেনাদারের কোন সম্পত্ত
9. <other_1429_s190> [আয়কর আইন, ২০২৩, ধারা ১৯০] মৃত্যু ব্যতীত অন্য কোনোভাবে উত্তরাধীকারসূত্রে প্রাপ্ত ব্যবসায়ের কর নির্ধারণ — (১) যেইক্ষেত্রে কোনো আয়বর্ষে মৃত্যু ব্যতীত অন্য কোনোভাবে কোনো ব্যক্তি অন্য কোনো ব্যক্তির কোনো ব্যবসায়ের উত্ত
10. <labour_1285_s2_p2> [বাংলাদেশ ইপিজেড শ্রম আইন, ২০১৯, ধারা ২] সংজ্ঞা — সময়ে দুই বা ততোধিক শ্রমিক দ্বারা সম্পাদিত হয় সেই ক্ষেত্রে উক্তরূপ প্রত্যেক সময়;(25)‘‘পোষ্য’’ অর্থ কোনো মৃত ","land_856_s10_p0, land_856_s2_p2","own_search","answered","2"
"ajke_0199_01","Sorup","VERIFY","আমি দেশের বাইরে পড়তে যেতে চাই। ছোট বোনের লেখাপড়া বাকি। আমরা চাইলেও আমাদের বাবার বাড়িতে যেতে পারছি না। বাবার নামের জমিজমা থেকে কোনো ফসলও আমাদের দেওয়া হয় না। জমি কিংবা বাড়ির জন্য কীভাবে আমরা আইনি সহায়তা পেতে পারি?","1. <other_1483_s7> [পরিত্যক্ত বাড়ি (সম্পূরক বিধানাবলি) আইন, ২০২৩, ধারা ৭] মামলা দায়েরে নিষেধাজ্ঞা, ইত্যাদি — (১) রাষ্ট্রপতির ১৯৭২ সনের ১৬ নং আদেশ বা এই আইনের অধীন কৃত, গৃহীত বা চলমান কোনো কার্যক্রম, সিদ্ধান্ত বা জারীকৃত
2. <criminal_procedure_765_s87> [রাজশাহী মহানগরী পুলিশ আইন, ১৯৯২, ধারা ৮৭] ইচ্ছাকৃতভাবে অনধিকার প্রবেশের দণ্ড — কোন ব্যক্তি সন্তোষজনক কারণ ছাড়া কোন বসত বাড়িতে বা উহার প্রাংগণে বা উহার সংলগ্ন জমিতে বা মাঠে অথবা সরকারী জমি
3. <other_817_s3_p2> [বিমান-নিরাপত্তা বিরোধী অপরাধ দমন আইন, ১৯৯৭, ধারা ৩] বিমান-অধিনায়কের ক্ষমতা ও দায়িত্ব — দেশের এখতিয়ার সম্পন্ন বা যথাযথ কর্তৃপক্ষকে;(খ) সমর্পণের ক্ষেত্রে, টোকিও কনভেনশনভুক্ত যে দেশে সমর্পণ করা হইবে 
4. <labour_1285_s49> [বাংলাদেশ ইপিজেড শ্রম আইন, ২০১৯, ধারা ৪৯] নোটিশ এবং রেজিস্টারের সহিত কর্মঘণ্টার মিল থাকা — ধারা ৪৮ (১) এর অধীন নোটিশ এবং ধারা ৮ এর অধীন রক্ষিত রেজিস্টারে কোনো শ্রমিকের নামের বিপরীতে পূর্ব লিপিবদ্ধ বিবর
5. <other_1684_s58> [মানব পাচার ও অভিবাসী চোরাচালান প্রতিরোধ ও দম, ধারা ৫৮] মানব পাচার ও অভিবাসী চোরাচালান দমন ও প্রতিরোধে যৌথ বা পারস্পরিক আইনি সহায়তা এবং সহযোগিতা — (১) এই আইনের অধীন সংঘটিত অপরাধের তদন্ত, বিচার এবং বিচারিক কার্যধারায় যৌথ বা পারস্পরিক আইনি সহায়তার ক্ষেত্র ত
6. <labour_952_s113> [বাংলাদেশ শ্রম আইন, ২০০৬, ধারা ১১৩] নোটিশ এবং রেজিস্টারের সহিত কর্মঘণ্টার মিল থাকা — ধারা ১১১ (১) এর অধীন নোটিশ এবং ধারা ৯ এর অধীন রৰিত রেজিস্টারে কোন প্রাপ্তবয়স্ক শ্রমিকের নামের বিপরীতে পূর্ব ল
7. <other_817_s5> [বিমান-নিরাপত্তা বিরোধী অপরাধ দমন আইন, ১৯৯৭, ধারা ৫] কোন আরোহীকে বিমান হইতে নামাইয়া দেওয়া ইত্যাদি ক্ষেত্রে যথাযথ কর্তৃপক্ষের দায়িত্ব — (১) কোন আরোহীকে ধারা ৩ এর উপ-ধারা (৫) এর অধীনে কোন বিমান হইতে বাংলাদেশে নামাইয়া দেওয়া বা সমর্পণ করা হইলে, যথ
8. <other_724_s64> [রাংগামাটি পার্বত্য জেলা পরিষদ আইন, ১৯৮৯, ধারা ৬৪] (১) আপাততঃ বলবত্ অন্য কোন আইনে যাহা কিছুই থাকুক না কেন-(ক) রাংগামাটি পার্বত্য জেলার এলাকাধীন বন্দোবস্তযোগ্য খা
9. <other_725_s64> [খাগড়াছড়ি পার্বত্য জেলা পরিষদ আইন, ১৯৮৯, ধারা ৬৪] (১) আপাততঃ বলবত্ অন্য কোন আইনে যাহা কিছুই থাকুক না কেন-(ক) খাগড়াছড়ি পার্বত্য জেলার এলাকাধীন বন্দোবস্তযোগ্য খ
10. <other_726_s64> [বান্দরবান পার্বত্য জেলা পরিষদ আইন, ১৯৮৯, ধারা ৬৪] (১) আপাততঃ বলবত্ অন্য কোন আইনে যাহা কিছুই থাকুক না কেন-(ক) বান্দরবন পার্বত্য জেলার এলাকাধীন বন্দোবস্তযোগ্য খাস","none","none","not_found","1"
"prot_0052_01","Sorup","VERIFY","আমার বয়স ২৮ বছর। আট বছর ধরে একটা মেয়ের সঙ্গে আমার সম্পর্ক ছিল। তার বয়স এখন ২৩ বছর। সে আমার ভাবির বড় বোনের মেয়ে। বছর তিনেক আগে আমরা পরস্পরকে স্বামী-স্ত্রী হিসেবে গ্রহণ করি। এর কোনো সাক্ষী কিংবা কাগজপত্র নেই। এর পর থেকে আমরা স্বামী-স্ত্রীর মতো সময় কাটাই। তার কথামতো আমি সবাইকে জানাই, আমরা বিয়ে করেছি। সবাই জানে, আমরা স্বামী-স্ত্রী। চার মাস আগে তার নানিবাড়ির সবাই মিলে জোর করে তালাকের কাগজে সই নেয় এবং আমার গ্রামের বাড়িতে উকিল নোটিশ পাঠায়। উল্লেখ্য, আমি চার মাস পর একটি উকিল নোটিশ পেয়েছি। কিছুদিন আগে সবকিছু গোপন করে তাকে অন্যত্র বিয়ে দেওয়া হয়। আমাদের এই বিয়েতে আইন অনুযায়ী কোনো বাধা ছিল কি? আমাদের সম্পর্ককে কি বিয়ের সম্পর্ক বলা যায়? যদি ‘হ্যাঁ’ হয়, তাহলে এভাবে কি ডিভোর্স সম্ভব? সবকিছু গোপন করে তাকে বিয়ে দেওয়া হয়েছে, তা কি বৈধ?","1. <labour_1285_s24> [বাংলাদেশ ইপিজেড শ্রম আইন, ২০১৯, ধারা ২৪] চাকরি হইতে অবসর গ্রহণ — (১) এই অধ্যায়ের অন্যত্র যাহা কিছুই উল্লে­খ থাকুক না কেন, কোনো প্রতিষ্ঠানে নিয়োজিত কোনো শ্রমিকের বয়স ৬০ (ষাট
2. <other_1266_s2_p2> [বাংলাদেশ মুক্তিযোদ্ধা কল্যাণ ট্রাস্ট আইন, ২০, ধারা ২] সংজ্ঞা — জামায়াতে ইসলামী এবং তাহাদের সহযোগী রাজাকার, আলবদর, আলশামস বাহিনীর বিরুদ্ধে গণপ্রজাতন্ত্রী বাংলাদেশের স্বাধীনত
3. <labour_1285_s2_p1> [বাংলাদেশ ইপিজেড শ্রম আইন, ২০১৯, ধারা ২] সংজ্ঞা — (১৯৯৪ সনের ১৮ নং আইন) এর অধীন নিবন্ধিত কোনো কোম্পানি, যাহার অধীন কোনোজোনেএক বা একাধিক শিল্প প্রতিষ্ঠান রহিয়াছ
4. <other_1429_s31> [আয়কর আইন, ২০২৩, ধারা ৩১] আয় একীভূতকরণ — (১) এই আইনে ভিন্নরূপ কিছু না থাকিলে, নিম্নবর্ণিত আয়সমূহ কোনো ব্যক্তির মোট আয়ের অন্তর্ভুক্ত হইবে, যথা:-(ক) উক
5. <other_822_s10> [পার্বত্য চট্টগ্রাম আঞ্চলিক পরিষদ আইন, ১৯৯৮, ধারা ১০] সম্পত্তি সম্পর্কিত ঘোষণা — চেয়ারম্যান ও প্রত্যেক সদস্য তাহার কার্যভার গ্রহণের পূর্বে তাহার এবং তাঁহার পরিবারের কোন সদস্যের স্বত্ব, দখল ব
6. <local_government_1027_s41> [স্থানীয় সরকার (ইউনিয়ন পরিষদ) আইন, ২০০৯, ধারা ৪১] সম্পত্তি সম্পর্কিত ঘোষণা — চেয়ারম্যান ও সদস্য তাঁহার কার্যভার গ্রহণের পূর্বে তাঁহার এবং তাঁহার পরিবারের কোন সদস্যের স্বত্ব, দখল বা স্বার
7. <local_government_827_s10> [উপজেলা পরিষদ আইন, ১৯৯৮, ধারা ১০] সম্পত্তি সম্পর্কিত ঘোষণা — 14[চেয়ারম্যান ও ভাইস চেয়ারম্যান ] তাঁহার কার্যভার গ্রহণের পূর্বে তাঁহার এবং তাঁহার পরিবারের কোন সদস্যের স্বত
8. <other_1485_s9> [বাংলাদেশ পুলিশ কল্যাণ তহবিল আইন, ২০২৩, ধারা ৯] মৃত্যু এবং অক্ষমতাজনিত কারণে এককালীন এবং মাসিক কল্যাণ অনুদান — (১) কোনো কর্মচারী বা তাহার মৃত্যু হইলে তাহার স্ত্রী বা, ক্ষেত্রমত, স্বামী, বিধি দ্বারা নির্ধারিত পদ্ধতিতে, নিম
9. <other_775_s26> [বাংলাদেশ সিকিউরিটিজ অ্যান্ড এক্সচেঞ্জ কমিশন , ধারা ২৬] জটিলতার নিরসনের ক্ষমতা — (১) এই আইনের বিধানাবলী কার্যকর করার ক্ষেত্রে কোন অসুবিধা দেখা দিলে সরকার উক্ত অসুবিধা দূরীকরণার্থে, আদেশ দ্বার
10. <other_813_s20> [বাংলাদেশ কমার্স এন্ড ইনভেষ্টমেন্ট লিমিটেড (প, ধারা ২০] জটিলতা নিরসনের ক্ষমতা — (১) এই আইনের বিধানাবলী কার্যকর করার ক্ষেত্রে কোন অসুবিধা দেখা দিলে সরকার উক্ত অসুবিধা দূরীকরণার্থে, আদেশ দ্বার","family_476_s3, criminal_procedure_11_s494","own_search","answered","1"
"prot_0055_04","Sorup","VERIFY","আমার বাবার দুই ভাই এক বোন। বোন সবার বড়। বাবা তাঁর বড় বোনের স্বামীর কাছ থেকে ২০ বছর আগে ৫০ কাঠা জমি ৪০ হাজার টাকায় কিনেছিলেন। তা অবশ্য কিনেছিল বিশ্বাসের ওপর ভিত্তি করে। কিন্তু কোনো কাগজে লিখিত হয়নি বা কোনো ডিড সম্পাদন করা হয়নি। আমাদের কাছে প্রমাণ বলতে ফুফুর হাতে লেখা তিনটি চিঠি রেখেছি। সেই চিঠিতে এমন লেখা আছে যে তুমি আমার কাছ থেকে ৪০ হাজার টাকা দিয়ে জমিটি ক্রয় করো, পরে সময় করে এসে তোমাকে জমি লিখে দেব। কিন্তু বাবার বড় বোনের স্বামী কাউকে কিছু না বলে সেই জমিটি আমার ছোট চাচার কাছে নামমাত্র মূল্যে বিক্রি করে দিয়েছেন। ছোট চাচা সেই জমি বিক্রির জন্য পাঁয়তারা করছেন। এ অবস্থায় আমরা কি মামলা বা আইনের আশ্রয় নিতে পারি?মো. প্রিন্স হায়দারঢাকা","1. <other_1266_s2_p3> [বাংলাদেশ মুক্তিযোদ্ধা কল্যাণ ট্রাস্ট আইন, ২০, ধারা ২] সংজ্ঞা — বা স্বামী এবং পিতা-মাতার অবর্তমানে খেতাবপ্রাপ্ত বীর মুক্তিযোদ্ধার সন্তান; বা(উ) (অ)-(ঈ) পর্যন্ত বর্ণিত ব্যক্তি
2. <other_721_s2> [বাংলাদেশ ঋণ সালিসি আইন, ১৯৮৯, ধারা ২] সংজ্ঞা — বিষয় বা প্রসংগের পরিপন্থী কোন কিছু না থাকিলে, এই আইনে,-(ক) “কৃষক” অর্থ এমন ব্যক্তি যিনি নিজের জমি ব্যক্তিগতভা
3. <other_1158_s25> [ফরমালিন নিয়ন্ত্রণ আইন, ২০১৫, ধারা ২৫] অপরাধ সংঘটনে গৃহ বা যানবাহন, ইত্যাদি ব্যবহার করিতে দেওয়ার দণ্ড — কোন ব্যক্তি যদি জ্ঞাতসারে এই আইনের অধীন কোন অপরাধ সংঘটনের জন্য তাহার মালিকানাধীন বা দখলীয় কোন বাড়ি-ঘর, জায়গ
4. <criminal_procedure_1239_s87> [রংপুর মহানগরী পুলিশ আইন, ২০১৮, ধারা ৮৭] সূর্যাস্ত হইতে সূর্যোদয় পর্যন্ত সময়ের মধ্যে সন্দেহজনক চলাফেরার দণ্ড — কোনো ব্যক্তিকে সূর্যাস্ত ও সূর্যোদয়ের মধ্যবর্তী সময়ে সন্তোষজনক কারণ ব্যতীত নিম্নবর্ণিত অবস্থায় পাওয়া গেলে,
5. <criminal_procedure_1238_s87> [গাজীপুর মহানগরী পুলিশ আইন, ২০১৮, ধারা ৮৭] সূর্যাস্ত হইতে সূর্যোদয় পর্যন্ত সময়ের মধ্যে সন্দেহজনক চলাফেরার দণ্ড — কোনো ব্যক্তিকে সূর্যাস্ত ও সূর্যোদয়ের মধ্যবর্তী সময়ে সন্তোষজনক কারণ ব্যতীত নিম্নবর্ণিত অবস্থায় পাওয়া গেলে,
6. <criminal_procedure_1239_s95> [রংপুর মহানগরী পুলিশ আইন, ২০১৮, ধারা ৯৫] প্রবেশ টিকেট অতিরিক্ত মূল্যে বিক্রয়ের দণ্ড — কোনো ব্যক্তি জনসাধারণের প্রমোদাগারের বিক্রিত টিকেট যে মূল্যে ক্রয় করিয়াছেন, উহার অধিক মূল্যে বিক্রয় বা বিক্
7. <criminal_procedure_1238_s95> [গাজীপুর মহানগরী পুলিশ আইন, ২০১৮, ধারা ৯৫] প্রবেশ টিকেট অতিরিক্ত মূল্যে বিক্রয়ের দণ্ড — কোনো ব্যক্তি জনসাধারণের প্রমোদাগারের বিক্রিত টিকেট যে মূল্যে ক্রয় করিয়াছেন, উহার অধিক মূল্যে বিক্রয় করিলে ব
8. <other_721_s7> [বাংলাদেশ ঋণ সালিসি আইন, ১৯৮৯, ধারা ৭] কতিপয় বিক্রয় বাতিল — (১) এই আইন বলবত্ হইবার পর অনধিক দুই একর কৃষি জমির মালিক কোন কৃষক প্রাকৃতিক দুর্যোগে তগতিগ্রস্ত হওয়ার বা জীবন 
9. <other_1682_s2_p0> [মানবদেহে অঙ্গ-প্রত্যঙ্গ সংযোজন আইন, ২০২৬, ধারা ২] সংজ্ঞা — বিষয় বা প্রসঙ্গের পরিপন্থি কোনো কিছু না থাকিলে, এই আইনে- (১) “অঙ্গ-প্রত্যঙ্গ” অর্থ মানবদেহের কিডনি, হৃৎপিণ্ড,
10. <other_715_s2> [নির্দিষ্টকরণ (অগ্রিম মঞ্জুরী দান) আইন, ১৯৮৮, ধারা ২] ১৯৮৮-৮৯ অর্থ বত্সরের কিছু অংশের জন্য সংযুক্ত তহবিল হইতে ২৭৪৩,১৮,৪০,০০০ টাকা অগ্রিম উত্তোলন — তফসিলের কলাম ২ এ বর্ণিত কার্যসমূহ নির্বাহ ও উদ্দেশ্যসমূহ পূরণকল্পে ১৯৮৮-৮৯ অর্থ বত্সরের কিছু অংশের ব্যয় বহনের","other_48_s54, other_36_s12_p0","own_search","answered","2"
"ajke_0193_01","Sorup","VERIFY","আমরা তখন ছোট ছিলাম। তাই বাবা মারা যাওয়ার আগে প্রথম সংসারের বড় ছেলেকে বলে যান আমাদের দেখাশোনা করতে। তখন থেকে তিনি আমাদের খোঁজখবর রাখতেন। চাচাদের সঙ্গে কথা বলার পর ওই পক্ষের দুই ভাই আমাদের সম্পত্তির ভাগ দিতে নারাজ। আমরা এখন কীভাবে আইনি সহায়তা পেতে পারি?","1. <consumer_1010_s92> [ট্রেডমার্ক আইন, ২০০৯, ধারা ৯২] মামলার কোন পক্ষের মৃত্যু — যদি এই আইনের অধীন কোন কার্যধারা বিচারাধীন থাকা অবস্থায় কোন পক্ষ মারা যান, তাহা হইলে নিবন্ধক সংশ্লিষ্ট কোন পক্
2. <labour_952_s157> [বাংলাদেশ শ্রম আইন, ২০০৬, ধারা ১৫৭] নোটিশ ও দাবী — (১) কোন শ্রম আদালত ৰতিপূরণের কোন দাবী বিবেচনায় আনিবে না যদি না দুর্ঘটনা ঘটিবার পর যতশীঘ্র সম্ভব এতদ্নিম্নে বর
3. <other_1156_s25> [মেট্রোরেল আইন, ২০১৫, ধারা ২৫] ক্ষতিপূরণ প্রদান — মেট্রোরেল পরিচালনাকালে উহা হইতে উদ্ভূত দুর্ঘটনার ফলে যদি কোন ব্যক্তি আঘাতপ্রাপ্ত বা ক্ষতিগ্রস্ত হন বা আঘাতপ্রা
4. <other_1201_s27> [বাস র‍্যাপিড ট্রানজিট (বিআরটি) আইন, ২০১৬, ধারা ২৭] ক্ষতিপূরণ প্রদান — বিআরটি পরিচালনাকালে উহা হইতে উদ্ভূত দুর্ঘটনার ফলে যদি কোনো ব্যক্তি আঘাতপ্রাপ্ত বা ক্ষতিগ্রস্ত হন বা আঘাতপ্রাপ্
5. <labour_952_s160_p1> [বাংলাদেশ শ্রম আইন, ২০০৬, ধারা ১৬০] চিকিৎসা পরীক্ষা — অস্বীকৃতির ৰেত্রে, নিজেকে উক্তরূপ হাজির করার ব্যাপারে তিনি পর্যাপ্ত কারণ দ্বারা বাধাপ্রাপ্ত হইয়া থাকেন।(৬) যদ
6. <cybercrime_1710_s18> [সাইবার সুরক্ষা আইন, ২০২৬, ধারা ১৮] কম্পিউটার, ডিজিটাল ডিভাইস, কম্পিউটার সিস্টেম ইত্যাদিতে বে-আইনি প্রবেশ ও দণ্ড — (১) যদি কোনো ব্যক্তি ইচ্ছাকৃতভাবে— (ক) কোনো কম্পিউটার, ডিজিটাল ডিভাইস, কম্পিউটার সিস্টেম, কম্পিউটার নেটওয়ার্ক
7. <other_882_s18> [এসিড নিয়ন্ত্রণ আইন, ২০০২, ধারা ১৮] এসিড বিক্রয়ের দোকান বা এসিড বহনকারী যান চলাচল সাময়িকভাবে বন্ধ ঘোষণা করার ক্ষমতা — সরকারের নিকট হইতে এতদুদ্দেশ্যে ক্ষমতাপ্রাপ্ত কর্মকর্তা যদি এই মর্মে সন্তুষ্ট হন যে, কোন এসিড বিক্রয়ের দোকান ব
8. <labour_952_s214_p2> [বাংলাদেশ শ্রম আইন, ২০০৬, ধারা ২১৪] শ্রম আদালত — শ্রম আদালতের কোন কাজ, কার্যধারা সিদ্ধান্ত অথবা রোয়েদাদ কেবলমাত্র উক্তরূপ অনুপস্থিতির কারণে অথবা শ্রম আদালতের 
9. <other_850_s15> [সালিস আইন, ২০০১, ধারা ১৫] সালিসকারীর কর্তৃত্বের অবসান — (১) সালিসকারীর কর্তৃত্বের অবসান হইবে, যদি-(ক) তিনি স্বীয় পদ হইতে নিজকে প্রত্যাহার করিয়া নেন;(খ) তিনি মারা যা
10. <other_788_s174> [কোম্পানী আইন, ১৯৯৪, ধারা ১৭৪] বন্ধক-বহি — (১) প্রত্যেক কোম্পানী উহার নিবন্ধিকৃত কার্যালয়ে একটি বন্ধক-বহি রাখিবে এবং উহাতে কোম্পানীর সম্পত্তির সহিত সম্প","other_173_s2","own_search","answered","1"
"prot_0085_04","Sorup","VERIFY","আমার বয়স ১৬। আমরা দুই ভাই এক বোন। আমার বাবা দুটি বিয়ে করেছেন। আমার মা তাঁর দ্বিতীয় স্ত্রী। আমি আমার মায়ের প্রথম সন্তান। আমার মায়ের কাছে শোনা—আমার জন্মের পর আমার বাবা তাঁর সব সম্পত্তি প্রথম স্ত্রীর নামে হেবা দলিল করে দিয়েছেন। এখন আমার বাবার নামে কোনো সম্পত্তি নেই। আমার বাবাকে মা আমাদের সম্পত্তির কথা বললে তিনি বলেন, ‘আমার কাছ থেকে কিছু পাওয়ার আশা করো না। আমার কাছ থেকে খাওয়া-পরা ছাড়া আর কিছুই পাবে না।’ আমরা কি বাবার কোনো সম্পত্তিই পাব না? বাবার মৃত্যুর পর কি কোনো সম্পত্তি পাওয়ার সম্ভাবনা আছে? বা আমার জন্মের পর যে হেবা দলিল করা হয়েছে, তার কি কোনো মূল্য থাকবে আমার বাবার মৃত্যুর পর?","1. <other_1104_s2> [পাওয়ার অব অ্যাটর্নি আইন, ২০১২, ধারা ২] সংজ্ঞা — বিষয় বা প্রসংগের পরিপন্থী কোন কিছু না থাকিলে, এই আইনে,-(১) “পাওয়ার অব অ্যাটর্নি” অর্থ এমন কোন দলিল যাহার মাধ
2. <labour_1285_s33> [বাংলাদেশ ইপিজেড শ্রম আইন, ২০১৯, ধারা ৩৩] মহিলা শ্রমিকের মৃত্যুর ক্ষেত্রে প্রসূতি কল্যাণ সুবিধা প্রদান — (১) এই অধ্যায়ের অধীন প্রসূতি কল্যাণ সুবিধা পাইবার অধিকারী কোনো মহিলা শ্রমিক সন্তান প্রসবকালে অথবা উহার পরবর্ত
3. <other_812_s32> [দেউলিয়া বিষয়ক আইন, ১৯৯৭, ধারা ৩২] অব্যাহতিপ্রাপ্ত সম্পত্তি — এই আইনের অন্য কোন বিধানে যাহা কিছুই থাকুক না কেন, একক দেনাদারের নিম্্নবর্ণিত সম্পত্তির দখল ২৩ ধারার অধীনে গ্রহ
4. <other_1124_s2> [মাতৃদুগ্ধ বিকল্প, শিশু খাদ্য, বাণিজ্যিকভাবে , ধারা ২] সংজ্ঞা — বিষয় বা প্রসঙ্গের পরিপন্থী কোন কিছু না থাকিলে, এই আইনে,-(ক) ‘‘জাতীয় উপদেষ্টা কমিটি’’ অর্থ ধারা ৮ এর অধীন গঠি
5. <other_1266_s2_p3> [বাংলাদেশ মুক্তিযোদ্ধা কল্যাণ ট্রাস্ট আইন, ২০, ধারা ২] সংজ্ঞা — বা স্বামী এবং পিতা-মাতার অবর্তমানে খেতাবপ্রাপ্ত বীর মুক্তিযোদ্ধার সন্তান; বা(উ) (অ)-(ঈ) পর্যন্ত বর্ণিত ব্যক্তি
6. <other_1124_s7> [মাতৃদুগ্ধ বিকল্প, শিশু খাদ্য, বাণিজ্যিকভাবে , ধারা ৭] শিক্ষামূলক বা অন্যান্য তথ্যাদি — জন্ম-পূর্ববর্তী বা জন্ম-পরবর্তী সেবা দানের উদ্দেশ্যে কোন গর্ভবতী মহিলা বা মাতৃদুগ্ধদানকারী বা শিশুর মায়েদের স
7. <labour_952_s49> [বাংলাদেশ শ্রম আইন, ২০০৬, ধারা ৪৯] 1 [***] মৃত্যুর ক্ষেত্রে প্রসূতি কল্যাণ সুবিধা প্রদান — (১) এই অধ্যায়ের অধীন প্রসূতি কল্যাণ সুবিধা পাওয়ার অধিকারী কোন মহিলা সন্ত্মান প্রসবকালে অথবা উহার পরবর্তী আট 
8. <other_1478_s45> [ফাইন্যান্স কোম্পানি আইন, ২০২৩, ধারা ৪৫] লাইসেন্সবিহীন অর্থায়ন ব্যবসায় জড়িত ব্যক্তির সম্পদের নিয়ন্ত্রণ — (১) ধারা ৪৪ এ যাহা কিছুই থাকুক না কেন, কোনো ব্যক্তি সম্পর্কে ধারা ৪৩ অনুযায়ী কোনো ঘোষণা প্রকাশিত হইলে উক্ত ব্
9. <other_1104_s6> [পাওয়ার অব অ্যাটর্নি আইন, ২০১২, ধারা ৬] পাওয়ার অব অ্যাটর্নি সম্পাদন — (১) রেজিস্ট্রেশন আইনে যাহা কিছুই থাকুক না কেন, এই আইনের অধীন সম্পাদিত অপ্রত্যাহারযোগ্য পাওয়ার অব অ্যাটর্নির র
10. <land_1454_s6> [ভূমি অপরাধ প্রতিরোধ ও প্রতিকার আইন, ২০২৩, ধারা ৬] ভূমি বিষয়ক প্রতারণা ও জালিয়াতি সংক্রান্ত অপরাধ রোধে ব্যবস্থা — (১) এই আইন বা আপাতত বলবৎ অন্য কোনো আইনের অধীন দায়েরকৃত মামলায় কোনো দলিল প্রতারণা বা জালিয়াতির মাধ্যমে সৃজিত","other_48_s123, other_173_s2","own_search","answered","1"
"ajke_0201_01","Sorup","VERIFY","এরই পরিপ্রেক্ষিতে কিছুদিন আগে এক বান্ধবীর বাড়িতে গিয়ে উঠেছিলাম। আমার মা-বাবা পুলিশ সঙ্গে করে সেখান থেকে আমাকে বাসায় নিয়ে এসেছেন। তারপর থেকে তাঁরা নানাভাবে শারীরিক-মানসিক নির্যাতন করে যাচ্ছেন। আমি এখান থেকে বের হতে চাই। এমন কোনো আইনি ব্যবস্থা আছে কি, যাতে আলাদা থাকতে পারব?","1. <women_children_1063_s3> [পারিবারিক সহিংসতা (প্রতিরোধ ও সুরক্ষা) আইন, , ধারা ৩] পারিবারিক সহিংসতা — - এই আইনের উদ্দেশ্য পূরণকল্পে পারিবারিক সহিংসতা বলিতে পারিবারিক সম্পর্ক রহিয়াছে এমন কোন ব্যক্তি কতৃর্ক পরিবার
2. <other_1133_s2> [নির্যাতন এবং হেফাজতে মৃত্যু (নিবারণ) আইন, ২০, ধারা ২] সংজ্ঞা — বিষয় বা প্রসঙ্গের পরিপন্থী কোন কিছু না থাকিলে, এই আইনে—(১) ‘অভিযোগকারী’ অর্থ এই আইনের অধীনে কোন অভিযোগ উত্থাপ
3. <criminal_procedure_1013_s35> [বরিশাল মহানগরী পুলিশ আইন, ২০০৯, ধারা ৩৫] জনস্বার্থে দাংগা ইত্যাদি বন্ধ করা — (১) দাঙ্গা, হাঙ্গামা বা শান্তির পরিপন্থী কোন কাজ বন্ধ করার উদ্দেশ্যে পুলিশ কমিশনার লিখিত নির্দেশ জারী করিয়া অ
4. <criminal_procedure_1012_s35> [সিলেট মহানগরী পুলিশ আইন, ২০০৯, ধারা ৩৫] জনস্বার্থে দাংগা ইত্যাদি বন্ধ করা — (১) দাঙ্গা, হাঙ্গামা বা শান্তির পরিপন্থী কোন কাজ বন্ধ করার উদ্দেশ্যে পুলিশ কমিশনার লিখিত নির্দেশ জারি করিয়া অ
5. <criminal_procedure_765_s34> [রাজশাহী মহানগরী পুলিশ আইন, ১৯৯২, ধারা ৩৪] দাংগা প্রভৃতি বন্ধ করার আদেশ — (১) দাংগা হাংগামা বা শান্তির পরিপন্থী কোন কাজ বন্ধ করার উদ্দেশ্যে পুলিশ কমিশনার লিখিত নির্দেশ জারি করিয়া অস্থ
6. <other_1589_s13_p2> [পুলিশ কমিশন অধ্যাদেশ, ২০২৫, ধারা ১৩] কমিশনের কার্যাবলি — সুশৃঙ্খল ও সেবামুখী পুলিশ গঠনের লক্ষ্যে পুলিশ বাহিনীর তথ্যপ্রযুক্তি ব্যবহার প্রশিক্ষণ, নারীবান্ধব কর্মপরিবেশ, 
7. <criminal_procedure_1012_s76> [সিলেট মহানগরী পুলিশ আইন, ২০০৯, ধারা ৭৬] পশু জবাই বা পশুর মৃতদেহ পরিষ্কার করার দণ্ড — কোন ব্যক্তি পুলিশ কমিশনার কর্তৃক নির্ধারিত স্থান ছাড়া অন্য কোন স্থানে বা রাস্তায় বা প্রকাশ্য স্থানে বা উহার 
8. <criminal_procedure_765_s76> [রাজশাহী মহানগরী পুলিশ আইন, ১৯৯২, ধারা ৭৬] পশু জবাই বা পশুর মৃতদেহ পরিষ্কার করার দণ্ড — কোন ব্যক্তি পুলিশ কমিশনার কর্তৃক নির্ধারিত স্থান ছাড়া অন্য কোন স্থানে বা রাস্তায় বা প্রকাশ্য স্থানে বা উহার 
9. <criminal_procedure_1013_s76> [বরিশাল মহানগরী পুলিশ আইন, ২০০৯, ধারা ৭৬] পশু জবাই বা পশুর মৃতদেহ পরিষ্কার করার দণ্ড — কোন ব্যক্তি পুলিশ কমিশনার কর্তৃক নির্ধারিত স্থান ছাড়া অন্য কোন স্থানে বা রাস্তায় বা প্রকাশ্য স্থানে বা উহার 
10. <other_1684_s53> [মানব পাচার ও অভিবাসী চোরাচালান প্রতিরোধ ও দম, ধারা ৫৩] নিরাপত্তা বিধান, পুনর্বাসন ও সামাজিক একীভূতকরণ — (১) উদ্ধার হইবার পর মানব পাচার বা অভিবাসী চোরাচালান অপরাধের শিকার ব্যক্তিকে তাহার নিজ পরিবারে ফেরত পাঠানো সম্ভ","women_children_1063_s14, women_children_1063_s11","own_search","answered","2"
"prot_0049_03","Sorup","VERIFY","আমি একজন ব্যবসায়ী। ২০০২ সালে আমার চাচাতো বোনকে বিয়ে করি। আমাদের প্রায় আট বছর বয়সী একটি ছেলে আছে। আজ থেকে প্রায় চার মাস আগে স্ত্রী আমার সঙ্গে ঝগড়া করে বাবার বাড়ি চলে যায়। আমি পরিবারের সবাইকে নিয়ে অনেকবার তাকে আনতে যাই। এতে কোনো লাভ হয়নি। সে আমাকে তালাক দেবে। এ জন্য উকিল নোটিশ পাঠিয়েছে। স্ত্রী আমাকে ফোন করে বলে, তালাকের পর নাকি ছেলেকে আমার কাছ থেকে নিয়ে যাবে। আমি জানতে চাই, আমার স্ত্রী তো ছেলেকে রেখে চলে গেল; তালাক হয়ে গেলে ছেলেকে কি ও পাবে, না আমি পাব? জানালে উপকৃত হব।নাম প্রকাশে অনিচ্ছুক","1. <other_822_s10> [পার্বত্য চট্টগ্রাম আঞ্চলিক পরিষদ আইন, ১৯৯৮, ধারা ১০] সম্পত্তি সম্পর্কিত ঘোষণা — চেয়ারম্যান ও প্রত্যেক সদস্য তাহার কার্যভার গ্রহণের পূর্বে তাহার এবং তাঁহার পরিবারের কোন সদস্যের স্বত্ব, দখল ব
2. <local_government_1027_s41> [স্থানীয় সরকার (ইউনিয়ন পরিষদ) আইন, ২০০৯, ধারা ৪১] সম্পত্তি সম্পর্কিত ঘোষণা — চেয়ারম্যান ও সদস্য তাঁহার কার্যভার গ্রহণের পূর্বে তাঁহার এবং তাঁহার পরিবারের কোন সদস্যের স্বত্ব, দখল বা স্বার
3. <local_government_827_s10> [উপজেলা পরিষদ আইন, ১৯৯৮, ধারা ১০] সম্পত্তি সম্পর্কিত ঘোষণা — 14[চেয়ারম্যান ও ভাইস চেয়ারম্যান ] তাঁহার কার্যভার গ্রহণের পূর্বে তাঁহার এবং তাঁহার পরিবারের কোন সদস্যের স্বত
4. <other_724_s8> [রাংগামাটি পার্বত্য জেলা পরিষদ আইন, ১৯৮৯, ধারা ৮] সম্পত্তি সম্পর্কিত ঘোষণা — চেয়ারম্যান ও প্রত্যেক সদস্য তাঁহার কার্যভার গ্রহণের পূর্বে তাঁহার এবং তাঁহার পরিবারের কোন সদস্যের স্বত্ব, দখল
5. <other_1485_s9> [বাংলাদেশ পুলিশ কল্যাণ তহবিল আইন, ২০২৩, ধারা ৯] মৃত্যু এবং অক্ষমতাজনিত কারণে এককালীন এবং মাসিক কল্যাণ অনুদান — (১) কোনো কর্মচারী বা তাহার মৃত্যু হইলে তাহার স্ত্রী বা, ক্ষেত্রমত, স্বামী, বিধি দ্বারা নির্ধারিত পদ্ধতিতে, নিম
6. <other_1586_s23> [গুম প্রতিরোধ ও প্রতিকার অধ্যাদেশ, ২০২৫, ধারা ২৩] স্ত্রী বা সন্তান কর্তৃক গুম হওয়া ব্যক্তির সম্পত্তি ব্যবহারের অনুমতি — (১) গুম হওয়া ব্যক্তির দায় পরিশোধ, তাহার স্ত্রী বা তাহার উপর নির্ভরশীল পরিবারের সদস্যদের ভরণপোষণের বা অন্য কো
7. <other_1266_s2_p2> [বাংলাদেশ মুক্তিযোদ্ধা কল্যাণ ট্রাস্ট আইন, ২০, ধারা ২] সংজ্ঞা — জামায়াতে ইসলামী এবং তাহাদের সহযোগী রাজাকার, আলবদর, আলশামস বাহিনীর বিরুদ্ধে গণপ্রজাতন্ত্রী বাংলাদেশের স্বাধীনত
8. <other_1429_s31> [আয়কর আইন, ২০২৩, ধারা ৩১] আয় একীভূতকরণ — (১) এই আইনে ভিন্নরূপ কিছু না থাকিলে, নিম্নবর্ণিত আয়সমূহ কোনো ব্যক্তির মোট আয়ের অন্তর্ভুক্ত হইবে, যথা:-(ক) উক
9. <other_848_s7> [বেসরকারী প্রাথমিক শিক্ষক কল্যাণ ট্রাস্ট আইন,, ধারা ৭] ট্রাস্টের কার্যাবলী — (১) ট্রাস্টের কার্যাবলী নিম্্নরূপ হইবে, যথা:-(ক) বেসরকারী প্রাথমিক শিক্ষকগণকে অবসরকালীন সুবিধাদি প্রদান;(খ) কো
10. <other_725_s8> [খাগড়াছড়ি পার্বত্য জেলা পরিষদ আইন, ১৯৮৯, ধারা ৮] সম্পত্তি সম্পর্কিত ঘোষনা — চেয়ারম্যান ও প্রত্যেক সদস্য তাঁহার কার্যভার গ্রহনের পূর্বে তাহার এবং তাঁহার পরিবারের কোন সদস্যের স্বত্ব, দখল ","family_64_s17, family_1444_s5","own_search","answered","2"
