"qid","annotator","block","question_bn","candidates","answer","answer_source","verdict","confidence"
"prot_0051_02","Sifat","","আমার বয়স যখন তিন বছর, তখন আমার মা আমাকে একাকী রেখে মারা যান। তারপর আমার বাবা দ্বিতীয় বিয়ে করেন। সেই সংসারে পাঁচ মেয়ে ও তিন ছেলে রেখে আমার বাবা মারা যান। কিছুদিন পর আমার দ্বিতীয় মায়ের ছোট ছেলে মারা যায়। তা হলে ওই ছোট ভাইয়ের সম্পত্তির অংশ আমি পাব কি না? অথবা কে কে তার সম্পত্তির অংশীদার তা জানালে উপকৃত হব। আমার ছোট ভাই বিয়ে করেনি, তার কোনো সন্তান নেই।এ এস সরকারপাবনা","1. <other_822_s10> [পার্বত্য চট্টগ্রাম আঞ্চলিক পরিষদ আইন, ১৯৯৮, ধারা ১০] সম্পত্তি সম্পর্কিত ঘোষণা — চেয়ারম্যান ও প্রত্যেক সদস্য তাহার কার্যভার গ্রহণের পূর্বে তাহার এবং তাঁহার পরিবারের কোন সদস্যের স্বত্ব, দখল ব
2. <other_1156_s25> [মেট্রোরেল আইন, ২০১৫, ধারা ২৫] ক্ষতিপূরণ প্রদান — মেট্রোরেল পরিচালনাকালে উহা হইতে উদ্ভূত দুর্ঘটনার ফলে যদি কোন ব্যক্তি আঘাতপ্রাপ্ত বা ক্ষতিগ্রস্ত হন বা আঘাতপ্রা
3. <other_1201_s27> [বাস র‍্যাপিড ট্রানজিট (বিআরটি) আইন, ২০১৬, ধারা ২৭] ক্ষতিপূরণ প্রদান — বিআরটি পরিচালনাকালে উহা হইতে উদ্ভূত দুর্ঘটনার ফলে যদি কোনো ব্যক্তি আঘাতপ্রাপ্ত বা ক্ষতিগ্রস্ত হন বা আঘাতপ্রাপ্
4. <local_government_1027_s41> [স্থানীয় সরকার (ইউনিয়ন পরিষদ) আইন, ২০০৯, ধারা ৪১] সম্পত্তি সম্পর্কিত ঘোষণা — চেয়ারম্যান ও সদস্য তাঁহার কার্যভার গ্রহণের পূর্বে তাঁহার এবং তাঁহার পরিবারের কোন সদস্যের স্বত্ব, দখল বা স্বার
5. <local_government_827_s10> [উপজেলা পরিষদ আইন, ১৯৯৮, ধারা ১০] সম্পত্তি সম্পর্কিত ঘোষণা — 14[চেয়ারম্যান ও ভাইস চেয়ারম্যান ] তাঁহার কার্যভার গ্রহণের পূর্বে তাঁহার এবং তাঁহার পরিবারের কোন সদস্যের স্বত
6. <labour_1285_s33> [বাংলাদেশ ইপিজেড শ্রম আইন, ২০১৯, ধারা ৩৩] মহিলা শ্রমিকের মৃত্যুর ক্ষেত্রে প্রসূতি কল্যাণ সুবিধা প্রদান — (১) এই অধ্যায়ের অধীন প্রসূতি কল্যাণ সুবিধা পাইবার অধিকারী কোনো মহিলা শ্রমিক সন্তান প্রসবকালে অথবা উহার পরবর্ত
7. <consumer_1452_s106> [কপিরাইট আইন, ২০২৩, ধারা ১০৬] দ্বিতীয় বা পরবর্তী অপরাধের জন্য দণ্ড — যদি কোনো ব্যক্তি এই আইনের অধীন দন্ডিত হইয়া পুনরায় অনুরূপ কোনো অপরাধে দোষী হন তা হইলে তিনি দ্বিতীয় এবং পরবর্
8. <other_1429_s2_p0> [আয়কর আইন, ২০২৩, ধারা ২] সংজ্ঞা — বিষয় বা প্রসঙ্গের পরিপন্থি কোনো কিছু না থাকিলে, এই আইনে,-(১) “অবলোপিত মূল্য” অর্থ তৃতীয় তফসিলের অংশ ১ এ সংজ্
9. <consumer_1010_s92> [ট্রেডমার্ক আইন, ২০০৯, ধারা ৯২] মামলার কোন পক্ষের মৃত্যু — যদি এই আইনের অধীন কোন কার্যধারা বিচারাধীন থাকা অবস্থায় কোন পক্ষ মারা যান, তাহা হইলে নিবন্ধক সংশ্লিষ্ট কোন পক্
10. <land_1455_s10> [ভূমি সংস্কার আইন, ২০২৩, ধারা ১০] বর্গাদারের মৃত্যুর পর বর্গাভূমির চাষ — (১) কোনো বর্গাদার বর্গাচুক্তির মেয়াদ শেষ হইবার পূর্বে মারা গেলে, উহার মেয়াদ শেষ না হওয়া পর্যন্ত অথবা এই আইন","other_173_s2","own_search","answered","2"
"prot_0064_01","Sifat","","আমার বাবা একজন সরকারি চাকরিজীবী। তাঁর সঙ্গে ১৯৮৮ সালে আমার মায়ের বিয়ে হয়। বিয়ের পর কয়েক দিনের মধ্যেই যৌতুকের বিষয়কে কেন্দ্র করে মা-বাবার মধ্যে বনিবনায় দারুণ অভাব দেখা দেয়। ক্রমেই তা এমন পর্যায়ে পৌঁছায় যে মা তাঁকে বিয়ের এক বছর পরই তালাক দিতে বাধ্য হন। সে সময় আমি মাত্র আড়াই মাসের শিশু। জন্ম থেকেই আমি নানার বাড়িতে আছি। আমি এখন স্নাতক (সম্মান) দ্বিতীয় বর্ষের ছাত্রী। আমার ভবিষ্যতের কথা ভেবে মা আর বিয়ে করেননি। তিনি চাকরি করেন না। শুনেছি, স্ত্রী স্বামীকে তালাক দিলেও নাকি আইনত স্বামীর কর্তব্য স্ত্রীর দেনমোহরের টাকা ও খোরপোশ দেওয়া এবং আনুষঙ্গিক কর্তব্যগুলো পালন করা। কিন্তু বাবা তার কোনোটাই করেননি। আমার জন্ম থেকে আজ পর্যন্ত তিনি আমাদের কোনো টাকা-পয়সা দিচ্ছেন না। মৌখিক বা লিখিতভাবে অনেকবার তাঁকে অনুরোধ করা সত্ত্বেও তিনি তা আমলেই নিচ্ছেন না। উল্লেখ্য, আমার কোনো মামা নেই। নানা ’৯৬ সালে অবসর নিয়েছেন। বর্তমানে তিনি অসুস্থ। তাঁর সংসার পেনশনের টাকায় কোনোমতে চলে। আমার ক্যারিয়ার গড়তে টাকার খুবই প্রয়োজন। এখন মায়ের দেনমোহর এবং আমাদের ভরণপোষণ আদায়ের জন্য কী করা উচিত?","1. <other_1124_s7> [মাতৃদুগ্ধ বিকল্প, শিশু খাদ্য, বাণিজ্যিকভাবে , ধারা ৭] শিক্ষামূলক বা অন্যান্য তথ্যাদি — জন্ম-পূর্ববর্তী বা জন্ম-পরবর্তী সেবা দানের উদ্দেশ্যে কোন গর্ভবতী মহিলা বা মাতৃদুগ্ধদানকারী বা শিশুর মায়েদের স
2. <other_893_s7> [শিশু-মাতৃ স্বাস্থ্য ইনস্‌টিটিউট আইন, ২০০২, ধারা ৭] ইনস্‌টিটিউটের দায়িত্ব ও কার্যাবলী — ইনস্টিটিউটের দায়িত্ব ও কার্যাবলী হইবে নিম্নরূপ, যথা:-(১) শিশু ও মায়ের স্বাস্থ্য ও পুষ্টি বিষয়ে শিক্ষা, প্রশ
3. <other_1725_s21_p29> [অর্থ আইন, ২০২৬, ধারা ২১] ২০১২ সনের ৪৭ নং আইনের দ্বিতীয় তফসিলের সংশোধন — ডলার পর্যন্ত ৪৫ (ঘ) মূল্যসীমা ১০০০০০ মা. ডলার এর ঊর্ধ্ব হইতে ২০০০০০ মা. ডলার পর্যন্ত ৬০ (ঙ) মূল্যসীমা ২০০০০০ ম
4. <other_1124_s2> [মাতৃদুগ্ধ বিকল্প, শিশু খাদ্য, বাণিজ্যিকভাবে , ধারা ২] সংজ্ঞা — বিষয় বা প্রসঙ্গের পরিপন্থী কোন কিছু না থাকিলে, এই আইনে,-(ক) ‘‘জাতীয় উপদেষ্টা কমিটি’’ অর্থ ধারা ৮ এর অধীন গঠি
5. <civil_registration_921_s21> [জন্ম ও মৃত্যু নিবন্ধন আইন, ২০০৪, ধারা ২১] (১) এই আইন বা তদধীন প্রণীত বিধির কোন বিধান লঙ্ঘনকারী ব্যক্তি অনধিক ৫ (পাঁচ) হাজার টাকা অর্থদণ্ডে দণ্ডনীয় হইবে
6. <labour_1285_s24> [বাংলাদেশ ইপিজেড শ্রম আইন, ২০১৯, ধারা ২৪] চাকরি হইতে অবসর গ্রহণ — (১) এই অধ্যায়ের অন্যত্র যাহা কিছুই উল্লে­খ থাকুক না কেন, কোনো প্রতিষ্ঠানে নিয়োজিত কোনো শ্রমিকের বয়স ৬০ (ষাট
7. <other_1429_s331> [আয়কর আইন, ২০২৩, ধারা ৩৩১] নিকটতম টাকায় কর গণনা। — এই আইনের অধীন প্রদেয় অর্থ বা প্রত্যর্পণের পরিমাণ নির্ধারণে, টাকার কোনো ভগ্নাংশ ৫০ (পঞ্চাশ) পয়সা বা ততোধিক হই
8. <labour_952_s98> [বাংলাদেশ শ্রম আইন, ২০০৬, ধারা ৯৮] সংবাদপত্র শ্রমিকের জন্য চিকিৎসা পরিচর্যা — প্রত্যেক সংবাদপত্র শ্রমিক এবং তাহার উপর নির্ভরশীলগণ সংবাদপত্র প্রতিষ্ঠানের খরচে বিধি দ্বারা নির্ধারিত পন্থায় 
9. <consumer_1452_s106> [কপিরাইট আইন, ২০২৩, ধারা ১০৬] দ্বিতীয় বা পরবর্তী অপরাধের জন্য দণ্ড — যদি কোনো ব্যক্তি এই আইনের অধীন দন্ডিত হইয়া পুনরায় অনুরূপ কোনো অপরাধে দোষী হন তা হইলে তিনি দ্বিতীয় এবং পরবর্
10. <other_1485_s9> [বাংলাদেশ পুলিশ কল্যাণ তহবিল আইন, ২০২৩, ধারা ৯] মৃত্যু এবং অক্ষমতাজনিত কারণে এককালীন এবং মাসিক কল্যাণ অনুদান — (১) কোনো কর্মচারী বা তাহার মৃত্যু হইলে তাহার স্ত্রী বা, ক্ষেত্রমত, স্বামী, বিধি দ্বারা নির্ধারিত পদ্ধতিতে, নিম","family_1444_s5","own_search","answered","2"
"prot_0018_03","Sifat","","আমি বড় হওয়ার পর দাদার কাছে আমাদের প্রাপ্য সম্পত্তি চাইতে গেলে দাদা ও চাচারা বলেন, আমার বাবা দাদার আগে মারা গেছেন। সে জন্য আমরা কোনো সম্পত্তি পাব না। এর কিছুদিন পর দাদা মারা যান। তিনি কারও নামে কোনো দলিল করে দিয়ে যাননি। আইনগতভাবে আমরা কি সম্পত্তি পাব?","1. <land_1455_s10> [ভূমি সংস্কার আইন, ২০২৩, ধারা ১০] বর্গাদারের মৃত্যুর পর বর্গাভূমির চাষ — (১) কোনো বর্গাদার বর্গাচুক্তির মেয়াদ শেষ হইবার পূর্বে মারা গেলে, উহার মেয়াদ শেষ না হওয়া পর্যন্ত অথবা এই আইন
2. <other_1156_s25> [মেট্রোরেল আইন, ২০১৫, ধারা ২৫] ক্ষতিপূরণ প্রদান — মেট্রোরেল পরিচালনাকালে উহা হইতে উদ্ভূত দুর্ঘটনার ফলে যদি কোন ব্যক্তি আঘাতপ্রাপ্ত বা ক্ষতিগ্রস্ত হন বা আঘাতপ্রা
3. <other_1201_s27> [বাস র‍্যাপিড ট্রানজিট (বিআরটি) আইন, ২০১৬, ধারা ২৭] ক্ষতিপূরণ প্রদান — বিআরটি পরিচালনাকালে উহা হইতে উদ্ভূত দুর্ঘটনার ফলে যদি কোনো ব্যক্তি আঘাতপ্রাপ্ত বা ক্ষতিগ্রস্ত হন বা আঘাতপ্রাপ্
4. <other_1132_s4> [পিতা-মাতার ভরণ-পোষণ আইন, ২০১৩, ধারা ৪] পিতা-মাতার অবর্তমানে দাদা-দাদী, নানা-নানীর ভরণ-পোষণ — প্রত্যেক সন্তান তাহার—(ক) পিতার অবর্তমানে দাদা-দাদীকে; এবং(খ) মাতার অবর্তমানে নানা-নানীকে—ধারা ৩ এ বর্ণিত ভরণ-
5. <other_1427_s9> [হাট ও বাজার (স্থাপন ও ব্যবস্থাপনা) আইন, ২০২৩, ধারা ৯] হাট ও বাজারের পরিসীমার মধ্যকার বিনষ্টযোগ্য সম্পত্তি ব্যবস্থাপনা — হাট ও বাজারের পরিসীমার মধ্যে কোনো সরকারি সম্পত্তি যেমন-ভবন, গাছ, ইত্যাদি নষ্ট হইয়া গেলে অথবা প্রাকৃতিক কারণে 
6. <other_812_s84_p3> [দেউলিয়া বিষয়ক আইন, ১৯৯৭, ধারা ৮৪] দেনাদারের অপরাধ ও উহাদের দণ্ড — উদ্দেশ্য ছিল না, তাহা হইলে উক্তরূপ কোন কাজ অথবা উহাতে তাহার জড়িত থাকা কোন অপরাধ হইবে না; (ঞ) দেনাদার কর্তৃক ব
7. <other_1037_s48_p0> [বীমা আইন, ২০১০, ধারা ৪৮] বীমাকারীর কার্যক্রম তদন্ত ৷ — (১) কর্তৃপক্ষ এই আইনের অধীনে নিবন্ধীকৃত কোন বীমাকারীর পরিচালিত ব্যবসার সম্পূর্ণ বা আংশিক তদন্ত শুরু করিতে পারি
8. <consumer_1010_s92> [ট্রেডমার্ক আইন, ২০০৯, ধারা ৯২] মামলার কোন পক্ষের মৃত্যু — যদি এই আইনের অধীন কোন কার্যধারা বিচারাধীন থাকা অবস্থায় কোন পক্ষ মারা যান, তাহা হইলে নিবন্ধক সংশ্লিষ্ট কোন পক্
9. <other_788_s160> [কোম্পানী আইন, ১৯৯৪, ধারা ১৬০] চার্জযুক্ত সম্পত্তি অর্জনের ক্ষেত্রে চার্জের নিবন্ধন — (১) বাংলাদেশে নিবন্ধিকৃত কোন কোম্পানী যদি এইরূপ চার্জযুক্ত সম্পত্তি অর্জন করে যে, উক্ত সম্পত্তি অর্জনের পর কোম
10. <other_1132_s5> [পিতা-মাতার ভরণ-পোষণ আইন, ২০১৩, ধারা ৫] পিতা-মাতার ভরণ-পোষণ না করিবার দণ্ড — (১) কোন সন্তান কর্তৃক ধারা ৩ এর যে কোন উপ-ধারার বিধান কিংবা ধারা ৪ এর বিধান লংঘন অপরাধ বলিয়া গণ্য হইবে এবং উক","family_305_s4","own_search","answered","3"
"prot_0006_04","Sifat","","আমরা দুই বোন ও এক ভাই। আমি শুনেছি মৃত পিতার বসতবাড়ির সম্পত্তিতে মেয়েদের কোনো অধিকার থাকে না। এটা কি সত্য? তানিয়া শারমীন","1. <other_1266_s2_p3> [বাংলাদেশ মুক্তিযোদ্ধা কল্যাণ ট্রাস্ট আইন, ২০, ধারা ২] সংজ্ঞা — বা স্বামী এবং পিতা-মাতার অবর্তমানে খেতাবপ্রাপ্ত বীর মুক্তিযোদ্ধার সন্তান; বা(উ) (অ)-(ঈ) পর্যন্ত বর্ণিত ব্যক্তি
2. <other_1682_s2_p0> [মানবদেহে অঙ্গ-প্রত্যঙ্গ সংযোজন আইন, ২০২৬, ধারা ২] সংজ্ঞা — বিষয় বা প্রসঙ্গের পরিপন্থি কোনো কিছু না থাকিলে, এই আইনে- (১) “অঙ্গ-প্রত্যঙ্গ” অর্থ মানবদেহের কিডনি, হৃৎপিণ্ড,
3. <other_1349_s2> [আকাশপথে পরিবহণ (মন্ট্রিল কনভেনশন) আইন, ২০২০, ধারা ২] বিষয়বাপ্রসঙ্গেরপরিপন্থিকোনোকিছুনাথাকিলে,এইআইনে-(ক)‘অভ্যন্তরীণপরিবহণ’অর্থআকাশপথে পরিবহণেপক্ষসমূহেরমধ্যেসম্পাদি
4. <other_1148_s2> [বাংলাদেশ সাংবাদিক কল্যাণ ট্রাস্ট আইন, ২০১৪, ধারা ২] সংজ্ঞা — বিষয় বা প্রসঙ্গের পরিপন্থী কোন কিছু না থাকিলে, এই আইনে-(১) ‘‘চেয়ারম্যান’’ অর্থ বোর্ডের চেয়ারম্যান;(২) ‘‘ট্র
5. <other_1378_s2> [বাংলাদেশ চলচ্চিত্র শিল্পী কল্যাণ ট্রাস্ট আইন, ধারা ২] সংজ্ঞা — বিষয় বা প্রসঙ্গের পরিপন্থি কোনো কিছু না থাকিলে, এই আইনে-(ক) “চলচ্চিত্র” অর্থ সেলুলয়েড, অ্যানালগ, ডিজিটাল বা 
6. <other_895_s2> [বেসরকারী শিক্ষা প্রতিষ্ঠান শিক্ষক ও কর্মচারী, ধারা ২] সংজ্ঞা — বিষয় বা প্রসঙ্গের পরিপন্থী কোন কিছু না থাকিলে, এই আইনে,-(ক) “অবসরপ্রাপ্ত” অর্থ কোন আইন বা সরকারী নীতি অনুযায়
7. <criminal_procedure_1238_s96> [গাজীপুর মহানগরী পুলিশ আইন, ২০১৮, ধারা ৯৬] রাস্তায় গবাদি পশু ছাড়িয়া দেওয়ার অথবা কাহারও সম্পত্তিতে অনধিকার প্রবেশ করিতে দেওয়ার দণ্ড — কোনো ব্যক্তি নিজের অথবা স্বীয় দায়িত্বাধীন গবাদি পশু রাস্তায় চরাইলে বা চরাইতে দিলে অথবা কাহারও সম্পত্তিতে অন
8. <criminal_procedure_1239_s96> [রংপুর মহানগরী পুলিশ আইন, ২০১৮, ধারা ৯৬] রাস্তায় গবাদি পশু ছাড়িয়া দেওয়ার অথবা কাহারও সম্পত্তিতে অনধিকার প্রবেশ করিতে দেওয়ার দণ্ড — কোনো ব্যক্তি নিজের অথবা স্বীয় দায়িত্বাধীন গবাদি পশু রাস্তায় চরাইলে বা চরাইতে দিলে অথবা কাহারও সম্পত্তিতে অন
9. <other_1718_s83> [অর্থ (২০২৫-২০২৬ অর্থ বৎসর) আইন, ২০২৬, ধারা ৮৩] ২০২৩ সনের ১২ নং আইনের ধারা ১৩৫ এর সংশোধন — উক্ত আইনের ধারা ১৩৫ এর- (ক) উপ-ধারা (১) এ উল্লিখিত “১০% (দশ শতাংশ)” সংখ্যা, চিহ্ন, বন্ধনী ও শব্দগুলির পরিবর্তে
10. <other_1429_s194> [আয়কর আইন, ২০২৩, ধারা ১৯৪] মৃত ব্যক্তির ক্ষেত্রে আয়কর নির্ধারণ — (১) কোনো ব্যক্তি মৃত্যুবরণ করিলে, তাহার আইনগত প্রতিনিধি এই আইনের অধীন প্রদেয় কোনো কর বা অন্য কোনো অর্থ প্রদান","other_173_s2","own_search","answered","2"
"ajke_0160_01","Sifat","","কিন্তু স্বামী আমাকে কিছু বলেনি এবং ডিভোর্সও দিচ্ছে না। আমি বলেছি, আমার কোনো দাবি নেই। তবু আমার শ্বশুরবাড়ির লোকজন চায়, আমি ডিভোর্স পেপার দিই। কিন্তু আমি দিতে চাই না। এমন অবস্থায় কী করতে পারি?","1. <other_1482_s31> [বাংলাদেশ হোমিওপ্যাথিক চিকিৎসা শিক্ষা আইন, ২০, ধারা ৩১] ব্যবস্থাপত্রে অ-অনুমোদিত ঔষধ লিখিবার দণ্ড — (১) কোনো হোমিওপ্যাথিক চিকিৎসক হোমিওপ্যাথিক ফার্মাকোপিয়াতে অন্তর্ভুক্ত নেই এমন কোনো ঔষধ হোমিওপ্যাথিক চিকিৎসা ব
2. <local_government_1024_s105> [স্থানীয় সরকার (পৌরসভা) আইন, ২০০৯, ধারা ১০৫] বেতনাদি হইতে কর কর্তন — পৌরসভা যদি কোন পেশা, ব্যবসা অথবা বৃত্তির উপর করারোপ করিতে চায়, তাহা হইলে এইরূপ কর প্রদানের জন্য দায়ী ব্যক্তি
3. <other_1429_s127> [আয়কর আইন, ২০২৩, ধারা ১২৭] সরকারি স্ট্যাম্প, কোর্ট ফি, কার্টিজ পেপার বাবদ পরিশোধিত কমিশন হইতে কর সংগ্রহ — সরকারি স্ট্যাম্প, কোর্ট ফি, কার্টিজ পেপার বা অনুরূপ প্রকৃতির অন্য কোনো কিছু বিক্রয়ের বিপরীতে কোনো কমিশন, বাট্
4. <other_1429_s31> [আয়কর আইন, ২০২৩, ধারা ৩১] আয় একীভূতকরণ — (১) এই আইনে ভিন্নরূপ কিছু না থাকিলে, নিম্নবর্ণিত আয়সমূহ কোনো ব্যক্তির মোট আয়ের অন্তর্ভুক্ত হইবে, যথা:-(ক) উক
5. <other_1266_s2_p3> [বাংলাদেশ মুক্তিযোদ্ধা কল্যাণ ট্রাস্ট আইন, ২০, ধারা ২] সংজ্ঞা — বা স্বামী এবং পিতা-মাতার অবর্তমানে খেতাবপ্রাপ্ত বীর মুক্তিযোদ্ধার সন্তান; বা(উ) (অ)-(ঈ) পর্যন্ত বর্ণিত ব্যক্তি
6. <other_1246_s185> [ক্যান্টনমেন্ট আইন, ২০১৮, ধারা ১৮৫] যৌক্তিক সময় নির্ধারণ — যেক্ষেত্রে এই আইন বা তদধীন প্রণীত কোনো বিধি বা উপ-আইন অনুসারে প্রদত্ত কোনো নোটিশ, আদেশ বা লিখিত দাবি দ্বারা কো
7. <other_756_s14> [গণভোট আইন, ১৯৯১, ধারা ১৪] ভোটদান পদ্ধতি — (১) কোন ভোটার ভোট প্রদানের জন্য ভোটকেন্দ্রে উপস্থিত হইলে প্রিজাইডিং অফিসার ভোটদাতার পরিচিতি সম্পর্কে সন্তুষ্ট 
8. <consumer_1010_s14> [ট্রেডমার্ক আইন, ২০০৯, ধারা ১৪] দাবি পরিত্যাগ সাপেক্ষে ট্রেডমার্ক নিবন্ধন — যদি কোন ট্রেডমার্কে-(ক) এমন কোন অংশ থাকে, যাহা স্বত্বাধিকারীর নামে ট্রেডমার্ক হিসাবে পৃথকভাবে নিবন্ধিত হয় নাই
9. <labour_952_s76> [বাংলাদেশ শ্রম আইন, ২০০৬, ধারা ৭৬] ত্রুটিপূর্ণ যন্ত্রাংশ নির্ণয় অথবা উহার স্থায়িত্ব পরীক্ষার ক্ষমতা — যদি কোন পরিদর্শকের নিকট ইহা প্রতীয়মান হয় যে, কোন প্রতিষ্ঠানের কোন ভবন বা উহার অংশ বিশেষ, অথবা উহার কোন পথ, য
10. <other_756_s15> [গণভোট আইন, ১৯৯১, ধারা ১৫] নষ্ট ব্যালট পেপার — (১) যদি কোন ভোটার অসাবধানতাবশতঃ তাহার ব্যালট পেপার এইরূপভাবে নষ্ট করেন যে, উহা একটি বৈধ ব্যালট পেপার হিসাবে ব্","unanswerable","none","unanswerable","1"
"prot_0005_01","Sifat","","আমি ব্যবসায়ী, আমার স্ত্রী সরকারি কর্মকর্তা। মুসলিম। আমার স্ত্রীর বড় ভাইয়ের প্রথম স্ত্রীর (তালাকপ্রাপ্ত) আট বছর বয়সী মেয়েকে আমরা দত্তক হিসেবে নিতে চাই। মেয়েটি অবশ্য এখন আমাদের সঙ্গেই থাকে। দত্তক সন্তানের মা-বাবার নাম কি আমাদের নামে করতে পারি?","1. <other_1037_s57_p2> [বীমা আইন, ২০১০, ধারা ৫৭] বীমা পলিসি গ্রাহক কর্তৃক মনোনয়ন৷ — বলবৎ হইবার পূর্বে কোন ব্যক্তি তাহার নিজের বা তাহার স্ত্রীর বা সন্তানদের বা তাহাদের যে কোন এক জনের লাইফ ইন্স্যু
2. <labour_952_s7> [বাংলাদেশ শ্রম আইন, ২০০৬, ধারা ৭] সার্ভিস বইয়ের ফরম — (১) সার্ভিস বই বিধি দ্বারা নির্ধারিত মাপে ও ফরমে রৰিত হইবে, এবং উহাতে শ্রমিকের একটি ফটো সংযোজিত থাকিবে।(২) সার
3. <other_1045_s18> [চার্টার্ড সেক্রেটারীজ আইন, ২০১০, ধারা ১৮] রেজিস্টার — (১) সচিব, নিম্নবর্ণিত তথ্যাদি উল্লেখপূর্বক, নির্ধারিত পদ্ধতিতে, সদস্যগণের নাম রেজিস্টারে অন্তর্ভুক্ত ও সংরক্ষণ
4. <other_1378_s2> [বাংলাদেশ চলচ্চিত্র শিল্পী কল্যাণ ট্রাস্ট আইন, ধারা ২] সংজ্ঞা — বিষয় বা প্রসঙ্গের পরিপন্থি কোনো কিছু না থাকিলে, এই আইনে-(ক) “চলচ্চিত্র” অর্থ সেলুলয়েড, অ্যানালগ, ডিজিটাল বা 
5. <other_1271_s22> [সরকারি চাকরি আইন, ২০১৮, ধারা ২২] কল্যাণমূলক ব্যবস্থা — (১) সরকার বা, ক্ষেত্রমত, উপযুক্ত কর্তৃপক্ষ সরকারি কর্মচারী ও তাহার পরিবারের সদস্যগণের কল্যাণে শিক্ষা, চিকিৎসা,
6. <other_1485_s2> [বাংলাদেশ পুলিশ কল্যাণ তহবিল আইন, ২০২৩, ধারা ২] সংজ্ঞা — বিষয় বা প্রসঙ্গের পরিপন্থি কোনো কিছু না থাকিলে, এই আইনে,-(১) ""কর্মচারী"" অর্থ-(ক) পুলিশ ইন্সপেক্টরের নিম্ন পদম
7. <other_1429_s31> [আয়কর আইন, ২০২৩, ধারা ৩১] আয় একীভূতকরণ — (১) এই আইনে ভিন্নরূপ কিছু না থাকিলে, নিম্নবর্ণিত আয়সমূহ কোনো ব্যক্তির মোট আয়ের অন্তর্ভুক্ত হইবে, যথা:-(ক) উক
8. <other_895_s2> [বেসরকারী শিক্ষা প্রতিষ্ঠান শিক্ষক ও কর্মচারী, ধারা ২] সংজ্ঞা — বিষয় বা প্রসঙ্গের পরিপন্থী কোন কিছু না থাকিলে, এই আইনে,-(ক) “অবসরপ্রাপ্ত” অর্থ কোন আইন বা সরকারী নীতি অনুযায়
9. <other_1422_s7> [যাকাত তহবিল ব্যবস্থাপনা আইন, ২০২৩, ধারা ৭] যাকাত তহবিল — (১) এই আইনের উদ্দেশ্য পূরণকল্পে, যাকাত তহবিল নামে একটি তহবিল থাকিবে, যাহা নিম্নবর্ণিত উৎস হইতে প্রাপ্ত অর্থে গ
10. <other_1148_s2> [বাংলাদেশ সাংবাদিক কল্যাণ ট্রাস্ট আইন, ২০১৪, ধারা ২] সংজ্ঞা — বিষয় বা প্রসঙ্গের পরিপন্থী কোন কিছু না থাকিলে, এই আইনে-(১) ‘‘চেয়ারম্যান’’ অর্থ বোর্ডের চেয়ারম্যান;(২) ‘‘ট্র","family_64_s7","own_search","answered","2"
"prot_0048_03","Sifat","","১০ বছর আগে আমার বিয়ে হয়, সাত বছরের একটি ছেলে আছে। বিয়ের পর থেকেই স্বামীর সঙ্গে আমার বনিবনা হচ্ছে না। তার পরও সংসার করছিলাম। হঠাৎ করে আমার সঙ্গে একজনের সম্পর্ক হয়। নানা কারণে সাত মাস আগে আমি অসুস্থ হয়ে আবার বাবার বাসায় চলে আসি। এর মধ্যে একবার এতটাই অসুস্থ হয়ে পড়ি যে বাড়ি থেকে বেরিয়ে গিয়েছিলাম। প্রায় সাত দিন কোথায় ছিলাম, কী করেছি কিছুই মনে নেই। এই সময়ে আমার স্বামী আমার বাবা-মায়ের কাছে এসে তালাক চায় এবং নানা ধরনের বাজে কথা বলে। সে আমাদের সব আত্মীয়স্বজনকে বলে বেড়ায় যে আমি নাকি ওই ছেলের সঙ্গে চলে গিয়েছি। এখন সে আমাকে আর তার সংসারে তো নেবেই না বরং বাড়িতে আমার ও আমার বাবার দেওয়া যেসব মালামাল রয়েছে, সেগুলো দিতে নারাজ। সে বলে বেড়াচ্ছে যে তার এই ১০ বছরের বিবাহিত জীবনের সব ক্ষতিপূরণ নাকি আমাকেই বহন করতে হবে। আজ প্রায় সাত-আট মাস যাবৎ আমার ও আমার ছেলের কোনো ভরণপোষণ দেয়নি। এমনকি সে এখন আমার ছেলেকেও আমার কাছ থেকে নিয়ে যেতে চাইছে। এ অবস্থায় আমি কী করতে পারি?নাম প্রকাশে অনিচ্ছুক","1. <other_1132_s5> [পিতা-মাতার ভরণ-পোষণ আইন, ২০১৩, ধারা ৫] পিতা-মাতার ভরণ-পোষণ না করিবার দণ্ড — (১) কোন সন্তান কর্তৃক ধারা ৩ এর যে কোন উপ-ধারার বিধান কিংবা ধারা ৪ এর বিধান লংঘন অপরাধ বলিয়া গণ্য হইবে এবং উক
2. <other_1133_s11> [নির্যাতন এবং হেফাজতে মৃত্যু (নিবারণ) আইন, ২০, ধারা ১১] নিরাপত্তা বিধান — (১) অভিযোগকারী কোনো ব্যক্তি এই আইনে অভিযুক্ত কোনো ব্যক্তির বিরুদ্ধে নিরাপত্তা বিধানকল্পে দায়রা জজ আদালতে পিটি
3. <local_government_1026_s49_p0> [স্থানীয় সরকার (সিটি কর্পোরেশন) আইন, ২০০৯, ধারা ৪৯] কর্পোরেশনের সভা — (১) মেয়র ও অন্যান্য কাউন্সিলরগণের শপথ গ্রহণের ত্রিশ দিনের মধ্যে, অথবা কর্পোরেশন পুনর্গঠনের ক্ষেত্রে, বিদ্যমান
4. <other_1246_s71> [ক্যান্টনমেন্ট আইন, ২০১৮, ধারা ৭১] খালি ইমারত বা বাড়িতে বসবাসের ক্ষেত্রে নোটিশ প্রদান — (১) ধারা ৬৭ বা ৬৮ এর অধীন কর মওকুফ বা প্রত্যর্পণকৃত যে কোনো ইমারত, ফ্ল্যাট বা ভূমির মালিক উক্ত ইমারত, ফ্ল্যাট 
5. <other_1586_s4_p0> [গুম প্রতিরোধ ও প্রতিকার অধ্যাদেশ, ২০২৫, ধারা ৪] গুম, ইত্যাদি ও উহার সাজা — (১) কোনো সরকারি কর্মচারী বা শৃঙ্খলা-বাহিনীর কোনো সদস্য উক্তরূপ পরিচয়ের বলে নিজে, অথবা শৃঙ্খলা-বাহিনী বা সরকার
6. <other_788_s222> [কোম্পানী আইন, ১৯৯৪, ধারা ২২২] সাতজন বা দুইজন অপেক্ষা কম সদস্যের সহযোগে কার্যাবলী পরিচালনার দায়-দায়িত্ব — যদি কোন সময়ে কোন কোম্পানীর সদস্য-সংখ্যা হ্রাসপ্রাপ্ত হইয়া প্রাইভেট কোম্পানীর ত্মেগত্রে, দুই এর নীচে অথবা, অন
7. <labour_952_s216_p1> [বাংলাদেশ শ্রম আইন, ২০০৬, ধারা ২১৬] অপরাধ বিচার ছাড়া অন্য কোন বিষয়ে শ্রম আদালতের ক্ষমতা ওকার্যক্রম — বা আপত্তি পেশ করিতে ব্যর্থ হয়, তাহা হইলে মামলাটি একতরফা শুনানীক্রমে নিষ্পত্তি করা হইবে।(৬) কোন পক্ষের আবেদনক্
8. <other_888_s11> [আইন-শৃঙ্খলা বিঘ্নকারী অপরাধ (দ্রুত বিচার) আই, ধারা ১১] আসামীর অনুপস্থিতিতে বিচার — যদি আদালতের এ মর্মে বিশ্বাস করিবার যুক্তিসংগত কারণ থাকে যে,-(ক) অভিযুক্ত ব্যক্তি তাহার গ্রেফতার বা তাহাকে বিচা
9. <other_923_s6> [বেসরকারী শিক্ষক নিবন্ধন ও প্রত্যয়ন কর্তৃপক্ষ, ধারা ৬] নির্বাহী বোর্ড গঠন — (১) নিম্নবর্ণিত সদস্যদের সমন্বয়ে নির্বাহী বোর্ড গঠিত হইবে, যথা:-(ক) চেয়ারম্যান, (পদাধিকার বলে);(খ) সদস্য (প্
10. <other_758_s5> [রাষ্ট্রপতি নির্বাচন আইন, ১৯৯১, ধারা ৫] মনোনয়নপত্র আহ্বান ইত্যাদি — (১) রাষ্ট্রপতি নির্বাচন অনুষ্ঠানের জন্য কমিশন সংসদ-সদস্যগণকে আহ্বান জানাইয়া সরকারী গেজেটে একটি প্রজ্ঞাপন জারী","family_1444_s5","own_search","answered","2"
"prot_0114_07","Sifat","","বা সংশ্লিষ্ট আদালতকে দ্রুত সাক্ষ্য সমাপ্ত করে সুনির্দিষ্ট তারিখের মধ্যে মামলা নিষ্পত্তি করতে আমি কি উচ্চ আদালতে শরণাপন্ন হতে পারি?","1. <other_857_s77_p2> [বাংলাদেশ টেলিযোগাযোগ নিয়ন্ত্রণ আইন, ২০০১, ধারা ৭৭] পারিবে।(৬) ম্যাজিস্ট্রেট আদালতের তলব অনুসারে উপস্থিত কোন মামলার সাক্ষীকে তাহার সাক্ষ্য গ্রহণ ব্যতিরেকে ফেরত দে
2. <other_1061_s14_p1> [পরিবেশ আদালত আইন, ২০১০, ধারা ১৪] পরিবেশ আদালতের কার্যপদ্ধতি ও ক্ষমতা — পরিবেশ আদালত কর্তৃক বিচার্য হইবে।(৬) ক্ষতিপূরণ সংক্রান্ত মামলা বিচার ও নিষ্পত্তির ক্ষেত্রে এই আইনের বিধান সাপে
3. <other_1061_s10> [পরিবেশ আদালত আইন, ২০১০, ধারা ১০] স্পেশাল ম্যাজিষ্ট্রেট আদালতের বিচার পদ্ধতি — (১) স্পেশাল ম্যাজিস্ট্রেট আদালতের তলব অনুসারে উপস্থিত কোন মামলার সাক্ষীকে তাহার সাক্ষ্য গ্রহণ ব্যতিরেকে ফেরত ব
4. <other_896_s10> [দ্রুত বিচার ট্রাইব্যুনাল আইন, ২০০২, ধারা ১০] মামলা নিষ্পত্তির মেয়াদ — (১) দ্রুত বিচার ট্রাইব্যুনালে স্থানান্তরিত কোন মামলা স্থানান্তরের তারিখ হইতে নব্বই কার্য দিবসের মধ্যে নিষ্পত্ত
5. <other_896_s8> [দ্রুত বিচার ট্রাইব্যুনাল আইন, ২০০২, ধারা ৮] বিচার কার্যক্রম — (১) যে পর্যায়ে কোন একটি মামলা দ্রুত বিচার ট্রাইব্যুনালে স্থানান্তর করা হইবে সেই পর্যায় হইতে উক্ত মামলার বিচা
6. <other_1181_s96> [বাংলাদেশ কোস্ট গার্ড আইন, ২০১৬, ধারা ৯৬] মালামালের হেফাজত ও নিষ্পত্তি সম্পর্কে আদেশ — কোস্ট গার্ড আদালতের বিচারে যখন কোন মালামাল সংক্রান্ত অপরাধ সংঘটিত হয় বা যখন কোন অপরাধ সংঘটনে উহাকে ব্যবহার কর
7. <other_1067_s97> [বর্ডার গার্ড বাংলাদেশ আইন, ২০১০, ধারা ৯৭] বিচারাধীন অপরাধের সহিত সংশ্লিষ্ট মালামালের হেফাজত ও নিষ্পত্তি সম্পর্কে আদেশ — বর্ডার গার্ড আদালতে বিচারে যখন কোন মালামাল সংক্রান্ত অপরাধ সংঘটিত হয় বা যখন কোন অপরাধ সংঘটনে উহাকে ব্যবহার কর
8. <other_850_s23> [সালিস আইন, ২০০১, ধারা ২৩] সালিসী ট্রাইব্যুনালের সাধারণ দায়িত্ব — (১) সালিসী ট্রাইব্যুনাল উহার নিকট দাখিলকৃত যে কোন বিরোধ ন্যায়সংগত এবং পক্ষপাতহীনভাবে নিষ্পত্তি করিবে এবং এতদু
9. <money_recovery_901_s19> [অর্থ ঋণ আদালত আইন, ২০০৩, ধারা ১৯] একতরফা ডিক্রী সম্পর্কিত বিধান — (১) মামলার শুনানীর জন্য ধার্য কোন তারিখে বিবাদী আদালতে অনুপস্থিত থাকিলে, কিংবা মামলা শুনানীর জন্য গৃহীত হইবার 
10. <other_1131_s38> [বৈদেশিক কর্মসংস্থান ও অভিবাসী আইন, ২০১৩, ধারা ৩৮] বিচার — (১)Code of Criminal Procedure, 1898(Act No. V of 1898) এ যাহা কিছুই থাকুক না কেন, এই আইনের অধীন অপরাধসমূহ প্রথ","criminal_procedure_75_s561A, constitutional_957_s109","own_search","answered","1"
"prot_0112_04","Sifat","","আপনার মতো যাঁরা এ রকম চিন্তা করছেন তাঁদের কাছে একটা অনুরোধ, নিজের ওপর আত্মঘাতী হওয়ার আগে নিজের জীবনের মূল্য উপলব্ধি করুন। আপনার জীবনের সঙ্গে জড়িত আছে আপনার বাবা-মা কিংবা সন্তানের জীবনও। সামান্য ঋণ থেকে মুক্তি পেতে এভাবে কিডনি বিক্রির চিন্তা থেকে সরে আসুন। আপনি কি ভেবে দেখেছেন আপনার একটি কিডনি নিয়ে পাচারকারী দল দেশের কত বড় সর্বনাশ করছে?","1. <other_1263_s2> [‘আল-হাইআতুল উলয়া লিল-জামি’আতিল কওমিয়া বাংলাদ, ধারা ২] সংজ্ঞা — বিষয় বা প্রসঙ্গের পরিপন্থি কোনো কিছু না থাকিলে, এই আইনে,-(১) “কওমি মাদরাসা” অর্থ আহলুস সুন্নাহ ওয়াল জামা’আত 
2. <constitutional_957_s39> [গণপ্রজাতন্ত্রী বাংলাদেশের সংবিধান, অনুচ্ছেদ ৩৯] চিন্তা ও বিবেকের স্বাধীনতা এবং বাক্-স্বাধীনতা — (১) চিন্তা ও বিবেকের স্বাধীনতার নিশ্চয়তাদান করা হইল।(২) রাষ্ট্রের নিরাপত্তা, বিদেশী রাষ্ট্রসমূহের সহিত বন্ধুত
3. <other_1037_s44_p1> [বীমা আইন, ২০১০, ধারা ৪৪] ঋণ, অগ্রিম ও আর্থিক সুবিধা প্রদানে বিধিনিষেধ৷ — ৩ (তিন) মাস অতিবাহিত হওয়ার পর ঋণ বা অগ্রিম প্রদানকারী বীমাকারীর চাকুরীতে থাকিবেন না।(৬) উপ-ধারা (১) বা (২) এর
4. <other_1133_s6> [নির্যাতন এবং হেফাজতে মৃত্যু (নিবারণ) আইন, ২০, ধারা ৬] তৃতীয় পক্ষ দ্বারা অভিযোগ — (১) কোনো ব্যক্তিকে অন্য কোন ব্যক্তি নির্যাতন করিয়াছে বা করিতেছে এইরূপ কোন তথ্য তৃতীয় কোন ব্যক্তি আদালতকে অবহ
5. <other_788_s342> [কোম্পানী আইন, ১৯৯৪, ধারা ৩৪২] লিকুইডেটর কর্তৃক ব্যাংকে টাকা জমাদান — (১) আদালত কর্তৃক অবলুপ্ত হইতেছে এইরূপ কোম্পানীর প্রত্যেক লিকুইডেটর তত্কর্তৃক গৃহীত সকল টাকা নির্ধারিত পদ্ধতিতে
6. <women_children_1119_s29> [শিশু আইন, ২০১৩, ধারা ২৯] শিশু-আদালত কর্তৃক আইনের সহিত সংঘাতে জড়িত শিশুর জামিনে মুক্তি প্রদান — (১) এই আইনসহ ফৌজদারী কার্যবিধি বা আপাততঃ বলবৎ অন্য কোন আইনে ভিন্নরূপ যাহা কিছুই থাকুক না কেন, শিশু-আদালতে হাজি
7. <other_1133_s10> [নির্যাতন এবং হেফাজতে মৃত্যু (নিবারণ) আইন, ২০, ধারা ১০] অপরাধ বিচারার্থ গ্রহণ, ইত্যাদি — (১) এই আইনের অধীন দণ্ডনীয় সকল অপরাধ বিচারার্থ গ্রহণীয় (Cognizable), অ-আপোষযোগ্য (non-compoundable) ও জামিন অ
8. <other_1078_s20> [ভবঘুরে ও নিরাশ্রয় ব্যক্তি (পুনর্বাসন) আইন, ২, ধারা ২০] ভবঘুরে বা নিরাশ্রয় ব্যক্তিকে মুক্তি প্রদান — (১) ব্যবস্থাপক আশ্রয় কেন্দ্রে অবস্থানরত ভবঘুরে বা নিরাশ্রয় ব্যক্তিকে নির্ধারিত পদ্ধতিতে নিম্নবর্ণিত বিষয়ে ত
9. <women_children_835_s19> [নারী ও শিশু নির্যাতন দমন আইন, ২০০০, ধারা ১৯] 51[(১) এই আইনের অধীন সকল অপরাধ বিচারার্থ গ্রহণীয় হইবে52[***]।](২) উপ-ধারা (৩) এর বিধান সাপেক্ষে, এই আইনের অধী
10. <other_1126_s2_p3> [প্রতিবন্ধী ব্যক্তির অধিকার ও সুরক্ষা আইন, ২০, ধারা ২] সংজ্ঞা — ব্যক্তিকে সর্বত্রই ব্যক্তি হিসাবে সমান আইনী স্বীকৃতি এবং জীবনের সকল ক্ষেত্রে সমান আইনী কর্তৃত্ব (legal capacit","unanswerable","none","unanswerable","2"
"lawy_0218_01","Sifat","","বার বার আমিন দিয়ে জমি মেপে হয়রান, করণীয় কী?","1. <other_788_s335_p1> [কোম্পানী আইন, ১৯৯৪, ধারা ৩৩৫] দণ্ড — বার মাসের মধ্যে অথবা পরবর্তী যে কোন সময়ে একশত বা ততোধিক টাকা মূল্যের কোম্পানীর সম্পত্তির কোন অংশ প্রতারণামূলক
2. <other_724_s64> [রাংগামাটি পার্বত্য জেলা পরিষদ আইন, ১৯৮৯, ধারা ৬৪] (১) আপাততঃ বলবত্ অন্য কোন আইনে যাহা কিছুই থাকুক না কেন-(ক) রাংগামাটি পার্বত্য জেলার এলাকাধীন বন্দোবস্তযোগ্য খা
3. <other_726_s64> [বান্দরবান পার্বত্য জেলা পরিষদ আইন, ১৯৮৯, ধারা ৬৪] (১) আপাততঃ বলবত্ অন্য কোন আইনে যাহা কিছুই থাকুক না কেন-(ক) বান্দরবন পার্বত্য জেলার এলাকাধীন বন্দোবস্তযোগ্য খাস
4. <other_725_s64> [খাগড়াছড়ি পার্বত্য জেলা পরিষদ আইন, ১৯৮৯, ধারা ৬৪] (১) আপাততঃ বলবত্ অন্য কোন আইনে যাহা কিছুই থাকুক না কেন-(ক) খাগড়াছড়ি পার্বত্য জেলার এলাকাধীন বন্দোবস্তযোগ্য খ
5. <other_1162_s2> [নির্দিষ্টকরণ (সম্পূরক) আইন, ২০১৫, ধারা ২] ২০১৪-২০১৫ অর্থবৎসরের জন্য সংযু্ক্ত তহবিল হইতে ৯৫০৮,৫৭,১২,০০০ (নয় হাজার পাঁচশত আট কোটি সাতান্ন লক্ষ বার হাজার) টাকা প্রদান — ২০১৫ সনের ৩০ জুন তারিখে সমাপ্য অর্থবৎসরে যেই সকল ব্যয় উক্ত বৎসরের অর্থ পরিশোধের আওতাধীন হইতে পারে সেই সকল ব্য
6. <other_1395_s7> [বাংলাদেশ সুপ্রীম কোর্টের বিচারক (পারিতোষিক ও, ধারা ৭] বাংলা নববর্ষ ভাতা — বিচারকগণ প্রতি বৎসর এক বার এক মাসের বেতনের শতকরা ২০ (বিশ) ভাগ হারে বাংলা নববর্ষ ভাতা প্রাপ্য হইবেন।
7. <other_1373_s41> [আয়োডিনযুক্ত লবণ আইন, ২০২১, ধারা ৪১] অপরাধপুনঃ সংঘটনের দণ্ড — এই আইনে উল্লিখিত কোনো অপরাধের জন্য দণ্ডিত কোনো ব্যক্তি দ্বিতীয় বার কিংবা পৌনঃপুনিক অপরাধ সংঘটন করিলে তিনি পর্
8. <other_940_s40> [অর্থ আইন, ২০০৬, ধারা ৪০] ১৯৯১ সনের ২২নং আইনের ধারা ৪২ এর সংশোধন — মূল্য সংযোজন কর আইনের ধারা ৪২ এর উপ-ধারা (৪) এর “বার” শব্দের পরিবর্তে “নয়” শব্দ প্রতিস্থাপিত হইবে।
9. <other_1124_s13> [মাতৃদুগ্ধ বিকল্প, শিশু খাদ্য, বাণিজ্যিকভাবে , ধারা ১৩] অপরাধ পুনঃ সংঘটনের দণ্ড — এই আইনে উল্লিখিত কোন অপরাধের জন্য কোন ব্যক্তি দ্বিতীয় বার বা পুনঃ পুনঃ একই ধরনের অপরাধ সংঘটন করিলে তিনি পর্যা
10. <other_732_s16> [অর্থ আইন, ১৯৮৯, ধারা ১৬] ১৯৮৮ সনের ৩৩ নং আইনের সংশোধন — অর্থ আইন, ১৯৮৮(১৯৮৮ সনের ৩৩ নং আইন) এর ধারা ১২ এর তফসিলে ‘৪' সংখ্যা, তিন বার উল্লেখিত, এর পরিবর্তে ‘৬'সংখ্যা প","none","none","not_found","1"
"prot_0067_03","Sifat","","আমি একজন চাকরিজীবী নারী। গত ২০০৯ সালের ২৮ ফেব্রুয়ারি আমার স্বামীকে তালাক দিই। আমার তিন ছেলেমেয়ে এখন আমার কাছে আছে। ২০০৯ সালের সেপ্টেম্বর মাসে আমি বাচ্চাদের ভরণপোষণ ও মোহরানার টাকার জন্য মামলা করি। আমার উকিলকে চার হাজার টাকা দিয়েছি। তিনি বলেছেন, আর কোনো টাকা লাগবে না। শুধু আমাকে একবার আদালতে যেতে হবে। কিন্তু আমি তিনবার আদালতে উপস্থিত হই বাচ্চাদের নিয়ে। শেষবার সিদ্ধান্ত হয়, বাচ্চারা আমার কাছে থাকবে এবং ২৩-৯-০৯ তারিখ থেকে প্রতি মাসে বাচ্চাদের জন্য ছয় হাজার টাকা ও মোহরানার ৬০ হাজার টাকা এবং আমার তিন মাসের খোরপোষ বাবদ ১৫০০ টাকাসহ মোট ১ লাখ৩ হাজার ৫০০ টাকা আমাকে দিতে হবে।এরপর আমার উকিল ৯৮ হাজার ৫০০ টাকা আমার আগের স্বামীর কাছে থেকে গ্রহণ করেন। কিন্তু আমাকে দেন ৭৮ হাজার টাকা এবং আমাকে মামলা তুলে নেওয়ার কথা বলেন। পরের মাস থেকে আমার প্রাপ্য টাকা ওঠানোর কথা। কিন্তু কোর্টের সিদ্ধান্তের পর ১০ মাস চলে গেলেও আমি টাকা পেয়েছি ছয় মাসের।প্রশ্ন হলো, আমার চার মাসের টাকা কীভাবে পাব? উকিল ৯৮ হাজার ৫০০ টাকার জায়গায় আমাকে ৭৮ হাজার টাকা দিয়েছে, বাকি ২৫ হাজার টাকা তিনি রেখেছেন। এই ২৫ হাজার টাকা কোন হিসেবে রেখেছেন?প্রতি মাসে ঠিকমতো টাকা না দিলে আমি কোথায় অভিযোগ করব?নাম প্রকাশে অনিচ্ছুক","1. <other_1395_s13> [বাংলাদেশ সুপ্রীম কোর্টের বিচারক (পারিতোষিক ও, ধারা ১৩] নিয়ামক ভাতা — বিচারকগণ প্রতি মাসে নিম্নবর্ণিত হারে নিয়ামক ভাতা (Sumptuary allowance) প্রাপ্য হইবেন, যথা:-(ক) প্রধান বিচারপত
2. <other_1395_s3> [বাংলাদেশ সুপ্রীম কোর্টের বিচারক (পারিতোষিক ও, ধারা ৩] বেতন — বিচারকগণ প্রতি মাসে নিম্নবর্ণিত হারে বেতন প্রাপ্য হইবেন, যথা:-(ক) প্রধান বিচারপতি- ১,১০,০০০ (এক লক্ষ দশ হাজার)
3. <other_1429_s131> [আয়কর আইন, ২০২৩, ধারা ১৩১] ট্রেড লাইসেন্স 1 [***] নবায়নের সময় কর সংগ্রহ — 151[ট্রেড] লাইসেন্স নবায়নের জন্য দায়িত্বপ্রাপ্ত কোনো ব্যক্তি প্রতিটি152[ট্রেড] লাইসেন্স নবায়নের জন্য নিম্নব
4. <other_1052_s10_p1> [বাংলাদেশ গ্যাস আইন, ২০১০, ধারা ১০] কতিপয় অপরাধের দণ্ড — গ্রাহক দোষী সাব্যস্ত হইলে, তিনি অনধিক ৩ (তিন) মাস কারাদন্ডে বাঅনধিক ১০ (দশ) হাজার টাকা অর্থদন্ডে বা উভয় দন্ডে
5. <other_1393_s14_p0> [মহাসড়ক আইন, ২০২১, ধারা ১৪] অপরাধ ও দণ্ড — (১) কোনো ব্যক্তি ধারা ৯ এর দফা (১) বা (২) এর বিধান লঙ্ঘন করিলে তাহার উক্ত কার্য হইবে একটি অপরাধ এবং উক্ত অপরাধ
6. <other_1429_s266> [আয়কর আইন, ২০২৩, ধারা ২৬৬] রিটার্ন, ইত্যাদি দাখিলে ব্যর্থতার জন্য জরিমানা — (১) যেইক্ষেত্রে কোনো ব্যক্তি যুক্তিসঙ্গত কারণ ব্যতীত, ধারা ১৬৬, ১৭২, ১৯১, ১৯৩ বা ২১২ এর অধীন কোনো ব্যক্তি রিটা
7. <other_1395_s9> [বাংলাদেশ সুপ্রীম কোর্টের বিচারক (পারিতোষিক ও, ধারা ৯] যানবাহন সুবিধা — (১) সরকারের সচিব পদমর্যাদার কর্মকর্তা যেইরূপ শর্তে সরকারি যানবাহন সুবিধা প্রাপ্য হন সেইরূপ শর্তে বিচারকগণ সরকা
8. <other_785_s2> [নির্দিষ্টকরণ (সম্পূরক) আইন, ১৯৯৪, ধারা ২] ১৯৯৩-৯৪ সালের জন্য সংযুক্ত তহবিল হইতে ৪৫৬৬,৯৮,৪২,০০০ টাকা প্রদান — তফসিলের কলাম ২ এ বর্ণিত কার্যাদি ও উদ্দেশ্যসমূহ সম্পর্কে ১৯৯৪ সালের ৩০শে জুন তারিখে সমাপ্য অর্থ বত্সর চলাকালীন
9. <other_766_s2> [নির্দিষ্টকরণ আইন, ১৯৯২, ধারা ২] ১৯৯২-৯৩ অর্থ বত্সরের জন্য সংযুক্ত তহবিল হইতে উত্তোলনকৃত অর্থের অতিরিক্ত ২১০১৮,৮৭,০০,০০০ টাকা উত্তোলন — নির্দিষ্টকরণ (অগ্রিম মঞ্জুরী দান) আইন, ১৯৯২(১৯৯২ সালের ২০ নং আইন) দ্বারা সংযুক্ত তহবিল হইতে উত্তোলনকৃত চার হাজ
10. <other_1007_s63> [অর্থ (২০০৭-২০০৮ অর্থ বৎসর) আইন, ২০০৯, ধারা ৬৩] ১৯৯১ সনের ২২ নং আইনের ধারা ৩৭ এর সংশোধন৷ — মূল্য সংযোজন কর আইনের ধারা ৩৭ এর-(ক) উপ-ধারা (১) এর 'অন্যূন পাঁচ হাজার টাকা এবং অনূর্ধ্ব পঞ্চাশ হাজার টাকা' শব","family_1444_s17, other_387_s32","own_search","answered","2"
"prot_0077_06","Sifat","","কিছুদিন আগে স্বাস্থ্য খাতে লোক নিয়োগের পরীক্ষা হয়। এ সময় একজন নেতা আমাকে স্বাস্থ্য খাতে চাকরি দেবে বলে লিখিত পরীক্ষার আগেই ৫০ হাজার টাকা হাতিয়ে নেন। তিনি বলেন আমাকে লিখিত পরীক্ষায় পাস করাবেন। কিন্তু লিখিত পরীক্ষায় পাস করাতে পারেননি। এখন ওই নেতা আমাকে টাকা ফেরত দিচ্ছেন না। টাকা নেওয়ার আগে কথা ছিল, চাকরি না দিতে পারলে টাকা ফেরত দিয়ে দেবেন। আজ টাকা দেবেন, কাল দেবেন—এই বলে তিনি তিন মাস সময় পার করেন। কিন্তু টাকা দিচ্ছেন না। এখন আমি কি তাঁর বিরুদ্ধে আইনি ব্যবস্থা নিতে পারব? টাকা দেওয়ার সময় দলিল করা হয়নি। দু-তিনজন লোক সাক্ষী ছিল। এখন টাকা ফেরত পাওয়ার উপায় কী? আমি কি তাঁর বিরুদ্ধে প্রতারণার মামলা করতে পারব?","1. <other_1476_s171_p5> [কাস্টমস আইন, ২০২৩, ধারা ১৭১] অপরাধসমূহের জরিমানা বা দণ্ড — পণ্য পুনরায় বাংলাদেশে নামান বা অবতরণ করান।সংশ্লিষ্ট ব্যক্তির বিরুদ্ধে, প্রযোজ্য ক্ষেত্রে, সংশ্লিষ্ট প্রত্যর্প
2. <criminal_procedure_1239_s50> [রংপুর মহানগরী পুলিশ আইন, ২০১৮, ধারা ৫০] সনদপত্র, প্রভৃতি ফেরত প্রদানে গাফিলতি বা অস্বীকৃতি জ্ঞাপনের দণ্ড — কোনো পুলিশ অফিসার বাহিনীর সহিত সম্পর্ক ছিন্ন হইবার অব্যবহিত পরে তাহার সনদপত্র, অস্ত্র, পোশাক ও অন্যান্য দ্রব্য
3. <criminal_procedure_1238_s50> [গাজীপুর মহানগরী পুলিশ আইন, ২০১৮, ধারা ৫০] সনদপত্র, প্রভৃতি ফেরত প্রদানে গাফিলতি বা অস্বীকৃতি জ্ঞাপনের দণ্ড — কোনো পুলিশ অফিসার বাহিনীর সহিত সম্পর্ক ছিন্ন হইবার অব্যবহিত পরে তাহার সনদপত্র, অস্ত্র, পোশাক ও অন্যান্য দ্রব্য
4. <criminal_procedure_1239_s47> [রংপুর মহানগরী পুলিশ আইন, ২০১৮, ধারা ৪৭] মিথ্যা বিবৃতি, ইত্যাদির জন্য দণ্ড — কোনো ব্যক্তি পুলিশ অফিসার হিসাবে চাকরি লাভের অথবা চাকরি হইতে অব্যাহতি লাভের জন্য কোনো মিথ্যা বিবৃতিদান বা মিথ্
5. <criminal_procedure_1238_s47> [গাজীপুর মহানগরী পুলিশ আইন, ২০১৮, ধারা ৪৭] মিথ্যা বিবৃতি, ইত্যাদির জন্য দণ্ড — কোনো ব্যক্তি পুলিশ অফিসার হিসাবে চাকরি লাভের অথবা চাকরি হইতে অব্যাহতি লাভের জন্য কোনো মিথ্যা বিবৃতিদান বা মিথ্
6. <criminal_procedure_1013_s52> [বরিশাল মহানগরী পুলিশ আইন, ২০০৯, ধারা ৫২] নিয়োগপত্র, প্রভৃতি ফেরত দিতে গাফিলতি বা অস্বীকৃতি জ্ঞাপনের দণ্ড — কোন পুলিশ কর্মকর্তা বাহিনীর সহিত সম্পর্ক ছিন্ন হওয়ার অব্যবহিত পরে তাহার নিয়োগপত্র, অস্ত্র, পোশাক ও অন্যান্য 
7. <other_1478_s55_p3> [ফাইন্যান্স কোম্পানি আইন, ২০২৩, ধারা ৫৫] জরিমানা — বা অন্য কোনো দলিল দাখিল করিতে অথবা কোনো বিবরণ বা তথ্য সরবরাহ করিতে, অথবা ফাইন্যান্স কোম্পানির ব্যবসা সংক্রান্ত
8. <tenancy_748_s19_p3> [বাড়ী ভাড়া নিয়ন্ত্রণ আইন, ১৯৯১, ধারা ১৯] কতিপয় পরিস্থিততে ভাড়াটিয়া কর্তৃক ভাড়া জমা — যতক্ষণ পর্যন্ত না বাড়ী-মালিক নিয়ন্ত্রকের নিকট হাজির হইয়া তাহার পরিচয়, অবস্থান এবং বর্তমান ঠিকানা নিয়ন্ত্র
9. <other_1715_s44_p4> [বন্যপ্রাণী (সংরক্ষণ ও নিরাপত্তা) আইন, ২০২৬, ধারা ৪৪] জরিমানা বা দণ্ড — ) লক্ষ টাকা অর্থদণ্ড অথবা উভয় দণ্ডে দণ্ডিত হইবেন । (১) (২) ( ৩ ) ৪২ ( ১ ) কোনো ব্যক্তি লাইসেন্স বা পারমিট ব্য
10. <other_1149_s33> [পল্লী  সঞ্চয় ব্যাংক আইন, ২০১৪, ধারা ৩৩] দণ্ড, ইত্যাদি — (১) যদি কোন ব্যক্তি এই আইনের অধীন প্রার্থিত বা মঞ্জুরীকৃত কোন ঋণ বা সুবিধার জন্য ব্যাংককে প্রদত্ত কোন মালিকানা","criminal_procedure_11_s420","own_search","answered","2"
"dail_0594_01","Sifat","","Copyright: Any unauthorized use or reproduction of The Daily Star content for commercial purposes is strictly prohibited and constitutes copyright infringement liable to legal action. One of my Muslim friends is in love with a Hindu girl for quite a long time. Now they have decided to marry each other. Their family members do not want them to be married. They are adults and have already left their parents’ houses. Can they marry as they belong to two separate religions?","1. <land_90_s21> [The Registration Act, 1908, ধারা 21] Description of property and maps or plans — (1) No non-testamentary document relating to immoveable property shall be accepted for registration unless it 
2. <family_138_s160> [The Succession Act, 1925, ধারা 160] Non-ademption of specific bequest of goods described as connected with certain place, by reason of removal — A specific bequest of goods under a description connecting them with a certain place is not adeemed by reason 
3. <other_48_s45> [1The Transfer of Property Act, 1882, ধারা 45] Joint transfer for consideration — Where immoveable property is transferred for consideration to two or more persons, and such consideration is p
4. <other_26_s148> [1The Contract Act, 1872, ধারা 148] ""Bailment"", ""bailor"", and ""bailee"" defined — A ""bailment"" is the delivery of goods by one person to another for some purpose, upon a contract that they sha
5. <other_126_s22B> [The Mines Act, 1923, ধারা 22B] Hours of work above ground — (1) A person employed above ground in a mine shall not be allowed to work for more than fifty-four hours in an
6. <other_24_s50> [1The Evidence Act, 1872, ধারা 50] Opinion on relationship, when relevant — When the Court has to form an opinion as to the relationship of one person to another the opinion, expressed b
7. <other_24_s10> [1The Evidence Act, 1872, ধারা 10] Things said or done by conspirator in reference to common design — Where there is reasonable ground to believe that two or more persons have conspired together to commit an offe
8. <criminal_procedure_11_s485> [1The Penal Code, 1860, ধারা 485] Making or possession of any instrument for counterfeiting a trade mark or property mark — Whoever makes or has in his possession any die, plate or other instrument for the purpose of counterfeiting a 
9. <other_24_s109> [1The Evidence Act, 1872, ধারা 109] Burden of proof as to relationship in the cases of partners, landlord and tenant, principal and agent — When the question is whether persons are partners, landlord and tenant, or principal and agent, and it has bee
10. <other_36_s42_p0> [The Specific Relief Act, 1877, ধারা 42] Discretion of Court as to declaration of status or right. Bar to such declaration — Any person entitled to any legal character, or to any right as to any property, may institute a suit against a","other_25_s2","own_search","answered","3"
"prot_0130_02","Sifat","","আমার বয়স ২৮ বছর আর মেয়েটির বয়স ১৪। আমরা দুজন দুজনকে ভালোবাসি। হঠাৎ দুর্ঘটনা ঘটে। আমি মেয়েপক্ষের সবার সঙ্গে দেখা করতে গেলে মেয়ের মা, বোন ও দূর সম্পর্কের এক মামা আমাকে জোর করে কাবিননামায় সই করান এবং বিয়ের কাজও সম্পন্ন হয়। আমি তাঁদের কাছে সময় চাইলে জোর করে বিয়ে দেন। আমার বিয়ের রেজিস্ট্রি এখনো হয়নি। আমি মেয়ের বাসায় আসা-যাওয়া করছি। বিয়ের কাবিন তিন লাখ টাকা এবং উসুল ১০ হাজার টাকা। আমার বিয়ের রেজিস্ট্রি করাতে হলে নাকি ভোটার আইডি কার্ড লাগবে। আমি কিছুই দিইনি। মেয়েপক্ষ আমার নতুন জন্মনিবন্ধন ২৬ বছর দেখিয়ে বিয়ে দেয়। কিন্তু ভোটার আইডি কার্ড অনুযায়ী আমার বয়স আরও বেশি। আমি এখন তাঁদের সবকিছু জেনে মেয়েকে নিতে রাজি নই। এই অবস্থায় কোনো আইনগত ব্যবস্থা নিতে পারব কি না, পরামর্শ দিলে উপকৃত হব। আর আমি কয়েক দিনের মধ্যে সামরিক বাহিনী থেকে বিদেশে যাচ্ছি। ওদের কাছে আমার একটি ডায়েরি ও ছবি আছে। সমস্যা হবে কি? এ ব্যাপারে আমার কী করণীয়?","1. <other_1005_s11> [ভোটার তালিকা আইন, ২০০৯, ধারা ১১] ভোটার তালিকা হালনাগাদকরণ — (১) কম্পিউটার ডাটাবেজ সংরক্ষিত বিদ্যমান সকল ভোটার তালিকা, প্রতি বৎসর6[২ জানুয়ারি হইতে ২ মার্চ] পর্যন্ত সময়কা
2. <labour_1285_s24> [বাংলাদেশ ইপিজেড শ্রম আইন, ২০১৯, ধারা ২৪] চাকরি হইতে অবসর গ্রহণ — (১) এই অধ্যায়ের অন্যত্র যাহা কিছুই উল্লে­খ থাকুক না কেন, কোনো প্রতিষ্ঠানে নিয়োজিত কোনো শ্রমিকের বয়স ৬০ (ষাট
3. <criminal_procedure_1238_s87> [গাজীপুর মহানগরী পুলিশ আইন, ২০১৮, ধারা ৮৭] সূর্যাস্ত হইতে সূর্যোদয় পর্যন্ত সময়ের মধ্যে সন্দেহজনক চলাফেরার দণ্ড — কোনো ব্যক্তিকে সূর্যাস্ত ও সূর্যোদয়ের মধ্যবর্তী সময়ে সন্তোষজনক কারণ ব্যতীত নিম্নবর্ণিত অবস্থায় পাওয়া গেলে,
4. <criminal_procedure_1239_s87> [রংপুর মহানগরী পুলিশ আইন, ২০১৮, ধারা ৮৭] সূর্যাস্ত হইতে সূর্যোদয় পর্যন্ত সময়ের মধ্যে সন্দেহজনক চলাফেরার দণ্ড — কোনো ব্যক্তিকে সূর্যাস্ত ও সূর্যোদয়ের মধ্যবর্তী সময়ে সন্তোষজনক কারণ ব্যতীত নিম্নবর্ণিত অবস্থায় পাওয়া গেলে,
5. <criminal_procedure_1012_s89> [সিলেট মহানগরী পুলিশ আইন, ২০০৯, ধারা ৮৯] সূর্যাস্ত হইতে সূর্যোদয় পর্যন্ত সময়ের মধ্যে সন্দেহজনক চলাফেরার দণ্ড — কোন ব্যক্তিকে সূর্যাস্ত ও সূর্যোদয়ের মধ্যবর্তী সময়ে নিম্নবর্ণিত অবস্থায় পাওয়া গেলে সেই ব্যক্তি এক বৎসর পর্
6. <criminal_procedure_1013_s89> [বরিশাল মহানগরী পুলিশ আইন, ২০০৯, ধারা ৮৯] সূর্যাস্ত হইতে সূর্যোদয় পর্যন্ত সময়ের মধ্যে সন্দেহজনক চলাফেরার দণ্ড — কোন ব্যক্তিকে সূর্যাস্ত ও সূর্যোদয়ের মধ্যবর্তী সময়ে নিম্নবর্ণিত অবস্থায় পাওয়া গেলে সেই ব্যক্তি এক বৎসর পর্
7. <criminal_procedure_765_s89> [রাজশাহী মহানগরী পুলিশ আইন, ১৯৯২, ধারা ৮৯] সূর্যাস্ত হইতে সূর্যোদয় পর্যন্ত সময়ের মধ্যে সন্দেহজনক চলাফেরার দণ্ড — কোন ব্যক্তিকে সূর্যাস্ত ও সূর্যোদয়ের মধ্যবর্তী সময়ে নিম্নবর্ণিত অবস্থায় পাওয়া গেলে, সেই ব্যক্তি এক বত্সর প
8. <other_831_s7_p2> [অর্থ আইন, ১৯৯৯, ধারা ৭] ১৯৯১ সনের ২২ নং আইন সংশোধন — কিছুই থাকুক না কেন, প্রতিষ্ঠিত নিবন্ধিত ব্যক্তির তেগত্রে, প্রতিষ্ঠিত নিবন্ধিত ব্যক্তি বিবেচিত হওয়ার বত্সরে এই
9. <labour_952_s36> [বাংলাদেশ শ্রম আইন, ২০০৬, ধারা ৩৬] যদি কোন ব্যক্তি শিশু নাকি কিশোর এ সম্পর্কে কোন প্রশ্ন উত্থাপিত হয়, তাহা হইলে উক্ত ব্যক্তির জন্ম নিবন্ধন সনদ, 
10. <criminal_procedure_1013_s105> [বরিশাল মহানগরী পুলিশ আইন, ২০০৯, ধারা ১০৫] কতিপয় মামলার নিষ্পত্তি — (১) ধারা ৫৮, ৫৯, ৬২, ৬৩, ৬৬, ৭১,৭২, ৭৩, ৭৪, ৭৬, ৮০, ৮১, ৮২, ৮৩, ৮৫, ৮৬, ৮৯, ৯৫, ৯৬, ৯৭, ৯৯, বা ১০০ এর অধীন দণ্","women_children_1207_s8, women_children_1207_s7","own_search","answered","2"
"prot_0028_01","Sifat","","২০১০ সালে আমার স্বামী তাঁর এক অধীনস্থ কর্মচারীকে বিয়ে করেন। তখন আমাদের দাম্পত্যজীবনের বয়স প্রায় ৩০ বছর। বিয়ের পর তিনি বাসা থেকে বেরিয়ে যান। তিনি আমার অনুমতি ছাড়াই দ্বিতীয় বিয়ে করেন, আমার সঙ্গে খারাপ ব্যবহার করেন এবং বিভিন্ন সময়ে তালাকের হুমকি দেন। আমার আর্থিক অবস্থা ভালো নয় বলে আমার স্বামী বুঝে নিয়েছেন যে আমি তাঁকে কোনো শাস্তি দিতে পারব না। তিনি আমার খরচ বহন তো দূরে থাক, আমার সঙ্গে কোনো যোগাযোগই রাখেন না। সন্তানদেরও খোঁজ নেন না ঠিকভাবে। এ অবস্থায় আমার স্বামীর সঙ্গে কি আমার এখনো সম্পর্ক আছে বলে মনে করেন? আমি এখন কী ব্যবস্থা নিতে পারি?","1. <other_1246_s99_p0> [ক্যান্টনমেন্ট আইন, ২০১৮, ধারা ৯৯] উপদ্রব সৃষ্টির শাস্তি — (১) যদি কোনো ব্যক্তি ক্যান্টনমেন্টের অভ্যন্তরে কোনো সড়ক বা গণস্থানে-(ক) মাতলামি করেন, অসংযত বা মাতাল হন এবং ন
2. <women_children_835_s11> [নারী ও শিশু নির্যাতন দমন আইন, ২০০০, ধারা ১১] যৌতুকের জন্য মৃত্যু ঘটানো, ইত্যাদির শাস্তি — যদি কোন নারীর স্বামী অথবা স্বামীর পিতা, মাতা, অভিভাবক, আত্মীয় বা স্বামীর পক্ষে অন্য কোন ব্যক্তি যৌতুকের জন্য 
3. <other_1045_s20_p0> [চার্টার্ড সেক্রেটারীজ আইন, ২০১০, ধারা ২০] পেশাগত অসদাচরণ — (১) কোন চার্টার্ড সেক্রেটারী পেশাগত অসদাচরণ করিয়াছেন বলিয়া গণ্য হইবে, যদি তিনি-(ক) অন্য কোন ব্যক্তিকে তাহার 
4. <consumer_1010_s73> [ট্রেডমার্ক আইন, ২০০৯, ধারা ৭৩] মিথ্যা ট্রেডমার্ক, ট্রেড বর্ণনা, ইত্যাদি ব্যবহারের দণ্ড — যদি কোন ব্যক্তি-(ক) কোন ট্রেডমার্ককে মিথ্যা প্রতিপন্ন করেন,(খ) কোন পণ্য বা সেবার ক্ষেত্রে ট্রেডমার্ক মিথ্যাভাব
5. <criminal_procedure_1012_s25> [সিলেট মহানগরী পুলিশ আইন, ২০০৯, ধারা ২৫] অসুস্থ ও অক্ষম জীবজন্তু নিধন — কোন পুলিশ কর্মকর্তা যদি কোন রাস্তা বা প্রকাশ্য স্থানে কোন অসুস্থ জখমপ্রাপ্ত বা দৈহিকভাবে অক্ষম জীবজন্তু দেখিতে
6. <criminal_procedure_1013_s25> [বরিশাল মহানগরী পুলিশ আইন, ২০০৯, ধারা ২৫] অসুস্থ ও অক্ষম জীবজন্তু নিধন — কোন পুলিশ কর্মকর্তা যদি কোন রাস্তা বা প্রকাশ্য স্থানে কোন অসুস্থ জখমপ্রাপ্ত বা দৈহিকভাবে অক্ষম জীবজন্তু দেখিতে
7. <other_1067_s50> [বর্ডার গার্ড বাংলাদেশ আইন, ২০১০, ধারা ৫০] বিবিধ অপরাধ — অধিভুক্ত কোন ব্যক্তি যদি-(ক) কোন চৌকি, স্থান, প্রহরার স্থান বা অভিযানের দায়িত্বে থাকিয়া তাহার অধঃস্তন কোন বর
8. <other_1181_s51> [বাংলাদেশ কোস্ট গার্ড আইন, ২০১৬, ধারা ৫১] বিবিধ অপরাধ — অধিভুক্ত কোন ব্যক্তি যদি-(ক) কোন জাহাজ, ঘাঁটি, স্থাপনা, আউটপোস্ট, প্রহরার স্থান অথবা অভিযানের দায়িত্বে থাকিয়
9. <criminal_procedure_765_s37> [রাজশাহী মহানগরী পুলিশ আইন, ১৯৯২, ধারা ৩৭] অসুস্থ ও অক্ষম জীবজন্তু নিধন — কোন পুলিশ কর্মকর্তা যদি কোন রাস্তা বা প্রকাশ্য স্থানে কোন অসুস্থ, জখমপ্রাপ্ত বা দৈহিকভাবে অক্ষম জীবজন্তু দেখিত
10. <consumer_1270_s48> [ওজন ও পরিমাপ মানদণ্ড আইন, ২০১৮, ধারা ৪৮] ধারা ৩২ লঙ্ঘনের দণ্ড — কোনো ব্যক্তি যদি বিধি দ্বারা নির্ধারিত পদ্ধতিতে প্রতিপাদন ও স্ট্যাম্পযুক্ত না করিয়া বা বৈধ ভেরিফিকেশন বা, ক্ষ","family_305_s6, family_305_s9","own_search","answered","2"
"prot_0084_04","Sifat","","আড়াই বছর আগে পারিবারিকভাবে আমার বিয়ে হয়। বিয়ের পর থেকেই আমার স্বামী আমাকে শারীরিক ও মানসিকভাবে নির্যাতন করত। নির্যাতন সইতে না পেরে ছয় মাসের অন্তঃসত্ত্বা অবস্থায় আমি আমার মায়ের কাছে চলে আসি এবং থানায় একটি জিডি করি। এর তিন মাস পর আমার একটি কন্যাসন্তান জন্ম নেয়। আমার স্বামী আমার এবং আমার বাচ্চার কোনো খোঁজখবর নিত না এবং কোনো খরচ দিত না। আমার মেয়ের যখন পাঁচ মাস বয়স, তখন পারিবারিক আদালতে একটি দেনমোহর আদায় ও ভরণপোষণের মামলা করি। এর কিছু দিন পর স্বামীর দেওয়া একটি তালাকের নোটিশ পাই। মামলার শুনানির সময় আমার মেয়ের বিয়ের আগ পর্যন্ত খরচ দাবি করে একটি আবেদন আরজির সঙ্গে সংযুক্ত করি। কিন্তু আমার স্বামী এই আবেদনের ওপর আপত্তি জানিয়ে বলে যে বাচ্চার ডিএনএ পরীক্ষা করা হোক। ডিএনএ পরীক্ষার ব্যাপারে আমার কোনো আপত্তি নেই। কারণ, আমার বাচ্চার জন্মের ব্যাপারে আমার কোনোই সন্দেহ নেই। আমি শুনেছি, ডিএনএ পরীক্ষা করতে অনেক টাকা লাগে। কিন্তু এখন আমার প্রশ্ন হলো, ডিএনএ পরীক্ষার খরচ কি আমাকেই বহন করতে হবে? আমি আমার সন্তান নিয়ে অনেক কষ্টে দিন যাপন করছি। আমি কী করে এই খরচ বহন করব? দ্বিতীয় প্রশ্ন হলো, আমার স্বামী কর্তৃক দেওয়া তালাকের নোটিশে বিয়ের সঠিক তারিখ ১৩-০৭-২০০৭ দেওয়া থাকলেও তালাক প্রদানের তারিখ ১৬-০৫-২০০৭ তারিখ দেওয়া আছে, যা বিয়েরও তিন মাস আগের তারিখ। আমার কাছে আমার কাবিননামা রয়েছে। এ ক্ষেত্রে এই তালাক কি কার্যকর হয়েছে? নাম প্রকাশে অনিচ্ছুক","1. <labour_952_s216_p1> [বাংলাদেশ শ্রম আইন, ২০০৬, ধারা ২১৬] অপরাধ বিচার ছাড়া অন্য কোন বিষয়ে শ্রম আদালতের ক্ষমতা ওকার্যক্রম — বা আপত্তি পেশ করিতে ব্যর্থ হয়, তাহা হইলে মামলাটি একতরফা শুনানীক্রমে নিষ্পত্তি করা হইবে।(৬) কোন পক্ষের আবেদনক্
2. <other_788_s148_p1> [কোম্পানী আইন, ১৯৯৪, ধারা ১৪৮] বরাদ্দের ক্ষেত্রে বাধা-নিষেধ — এই আইনে ইহাকে ন্যুনতম চাঁদা হিসাবে উলেস্্নখ করা হইয়াছে।(৪) শেয়ারের আবেদনকারীগণের নিকট হইতে প্রাপ্ত সকল অর্থB
3. <consumer_1010_s104> [ট্রেডমার্ক আইন, ২০০৯, ধারা ১০৪] হাইকোর্ট বিভাগের কার্যধারায় নিবন্ধকের খরচ — এই আইনের অধীন হাইকোর্ট বিভাগের কার্যধারা পরিচালনায় নিবন্ধক কর্তৃক ব্যয়িত খরচ হাইকোর্ট বিভাগ নির্ধারণ করিতে প
4. <other_1246_s204> [ক্যান্টনমেন্ট আইন, ২০১৮, ধারা ২০৪] মামলার নোটিশ প্রদান — (১) কোনো ব্যক্তি বোর্ডের কোনো আদেশ দ্বারা সংক্ষুব্ধ হইয়া কোনো দেওয়ানি মামলা দায়ের করিতে চাহিলে, তিনি তামাদি
5. <other_788_s395> [কোম্পানী আইন, ১৯৯৪, ধারা ৩৯৫] সীমিতদায় কোম্পানীকে মামলার খরচের জন্য জামানত দেওয়ার নির্দেশদানের ক্তমতা — যেক্ষেত্রে কোন মামলা বা অন্য কোন আইনগত কার্যধারায় কোন সীমিতদায় কোম্পানী বাদী বা আবেদনকারী হয়, সেক্ষেত্রে যদ
6. <other_812_s69> [দেউলিয়া বিষয়ক আইন, ১৯৯৭, ধারা ৬৯] দেনাদারের নিকট ঋণী ব্যক্তিদের বিরুদ্ধে ব্যবস্থা গ্রহণ — (১) দেউলিয়া ঘোষণাদেশ প্রদত্ত হওয়ার পর যথাশীঘ্র সম্ভব, রিসিভার, দেউলিয়ার নিকট হইতে বা অন্য কোনভাবে প্রাপ্ত ত
7. <family_1444_s7> [পারিবারিক আদালত আইন, ২০২৩, ধারা ৭] সমন ও নোটিশ জারিকরণ — (১) পারিবারিক আদালতে আরজি দাখিল করিবার পর আদালত নিম্নরূপ উদ্যোগ গ্রহণ করিবে, যথা:-(ক) বিবাদীর উপস্থিতির জন্য স
8. <other_1266_s2_p3> [বাংলাদেশ মুক্তিযোদ্ধা কল্যাণ ট্রাস্ট আইন, ২০, ধারা ২] সংজ্ঞা — বা স্বামী এবং পিতা-মাতার অবর্তমানে খেতাবপ্রাপ্ত বীর মুক্তিযোদ্ধার সন্তান; বা(উ) (অ)-(ঈ) পর্যন্ত বর্ণিত ব্যক্তি
9. <labour_952_s160_p0> [বাংলাদেশ শ্রম আইন, ২০০৬, ধারা ১৬০] চিকিৎসা পরীক্ষা — (১) যে ক্ষেত্রে কোন শ্রমিক কোন দুর্ঘটনার নোটিশ প্রদান করেন সে ক্ষেত্রে মালিক নোটিশ জারীর তিন দিনের মধ্যে114[মা
10. <other_1652_s9_p1> [বাণিজ্যিক আদালত আইন, ২০২৬, ধারা ৯] দেওয়ানি কার্যবিধির প্রয়োগ ও কার্যধারা সম্পর্কিত বিশেষ বিধান — শর্ত থাকে যে, দেওয়ানি কার্যবিধিতে যাহা কিছুই থাকুক না কেন, মোকদ্দমা ব্যবস্থাপনা শুনানিতে কোনো পক্ষ অনুপস্থিত ","family_305_s7, other_1151_s8","own_search","answered","1"
"prot_0066_03","Sifat","","আমি ঢাকায় স্নাতক শ্রেণীতে পড়ছি। ২০১০ সালে আমাদের এলাকার একজন লোকের সঙ্গে আমার ঝগড়া হয়। পরে তিনি আমার নামে ৩২৬ ধারায় একটি মিথ্যা মামলা করেন, যার প্রধান আসামি আমাকে করা হয়। মামলা করার কিছুদিন পরেই আমার নামে হুলিয়া জারি হয় এবং ওই মামলায় আমাকে ২১ দিন জেল খাটতে হয়। এখন আমি জামিনে আছি। জামিনের হাজিরা দিতে প্রতি মাসে আমাকে ঢাকা থেকে কুমিল্লায় যেতে হয়, যা আমার কাছে মানসিক দুশ্চিন্তা ও পড়ালেখায় অসুবিধার কারণ। যেহেতু এটি একটি মিথ্যা মামলা, যদি বাদী মামলা না ওঠান, তাহলে অন্য কোনো উপায়ে সহজে এ থেকে খালাস পাওয়া যাবে কি না? আর ভবিষ্যতে সরকারি চাকরি পেতে কোনো অসুবিধা হবে কি না?","1. <other_788_s395> [কোম্পানী আইন, ১৯৯৪, ধারা ৩৯৫] সীমিতদায় কোম্পানীকে মামলার খরচের জন্য জামানত দেওয়ার নির্দেশদানের ক্তমতা — যেক্ষেত্রে কোন মামলা বা অন্য কোন আইনগত কার্যধারায় কোন সীমিতদায় কোম্পানী বাদী বা আবেদনকারী হয়, সেক্ষেত্রে যদ
2. <cybercrime_1710_s28> [সাইবার সুরক্ষা আইন, ২০২৬, ধারা ২৮] মিথ্যা মামলা, অভিযোগ দায়ের, ইত্যাদির অপরাধ ও দন্ড — (১) যদি কোনো ব্যক্তি অন্য কোনো ব্যক্তির ক্ষতিসাধনের অভিপ্রায়ে উক্ত ব্যক্তির বিরুদ্ধে এই আইনের অন্য কোনো ধারার
3. <women_children_835_s17> [নারী ও শিশু নির্যাতন দমন আইন, ২০০০, ধারা ১৭] মিথ্যা মামলা, অভিযোগ দায়ের ইত্যাদির শাস্তি — (১) যদি কোন ব্যক্তি অন্য কোন ব্যক্তির37[মর্যাদাহানি বা] ক্ষতিসাধনের অভিপ্রায়ে উক্ত ব্যক্তির বিরুদ্ধে এই আইনের
4. <other_1203_s44> [বাংলাদেশ জীববৈচিত্র্য আইন, ২০১৭, ধারা ৪৪] মিথ্যা বা হয়রানিমূলক মামলা দায়েরের দণ্ড — এই আইনের অধীন দায়েরকৃত কোন মামলায় আদালত শুনানী ও বিচারান্তে যদি কোন অভিযুক্ত ব্যক্তিকে খালাস প্রদান করে এবং 
5. <consumer_1010_s105> [ট্রেডমার্ক আইন, ২০০৯, ধারা ১০৫] নিবন্ধিত ব্যবহারকারীকে মামলায় পক্ষভুক্তি — (১) এই আইনের সপ্তম অধ্যায় বা ধারা ১০০ এর অধীন কোন মামলায় বা আপীলে কোন ট্রেডমার্কের নিবন্ধিত ব্যবহারকারী পক্ষ
6. <other_740_s3> [ঢাকা বিদ্যুৎ বিতরণ কর্তৃপক্ষ আইন, ১৯৯০, ধারা ৩] কর্তৃপক্ষ প্রতিষ্ঠা — (১) এই আইন বলবত্ হইবার পর যত শীঘ্র সম্ভব সরকার, সরকারী গেজেটে প্রজ্ঞাপন দ্বারা, বৃহত্তর ঢাকা এলাকার জন্য ঢাকা 
7. <other_1091_s13> [পর্নোগ্রাফি নিয়ন্ত্রণ আইন, ২০১২, ধারা ১৩] মিথ্যা মামলা, অভিযোগ দায়ের ইত্যাদির দণ্ড — (১) এই আইনের অধীন ক্ষমতাপ্রাপ্ত কোন ব্যক্তি, কর্মকর্তা বা কর্তৃপক্ষ কোন ব্যক্তির ক্ষতিসাধনের অভিপ্রায়ে এই আইন
8. <other_1684_s25> [মানব পাচার ও অভিবাসী চোরাচালান প্রতিরোধ ও দম, ধারা ২৫] মিথ্যা মামলা বা মিথ্যা অভিযোগ দায়ের, ইত্যাদি অপরাধ ও উহার দণ্ড — (১) যদি কোনো ব্যক্তি অন্য কোনো ব্যক্তির ক্ষতিসাধন করিবার উদ্দেশ্যে এই আইনের অধীন মিথ্যা বা হয়রানিমূলক মামলা ব
9. <other_727_s3> [বাংলাদেশ শিল্পকলা একাডেমী আইন, ১৯৮৯, ধারা ৩] একাডেমি প্রতিষ্ঠা — (১) এই আইন বলবত্ হইবার সঙ্গে সঙ্গে এই আইনের লক্ষ্য ও উদ্দেশ্য অর্জনের জন্য বাংলাদেশ শিল্পকলা একাডেমী নামে একটি
10. <other_788_s376> [কোম্পানী আইন, ১৯৯৪, ধারা ৩৭৬] কতিপয় ক্ষেত্রে সম্পত্তির ব্যাপারে আদালত কর্তৃক নির্দেশদান — কোন অনিবন্ধিকৃত কোম্পানী উহার সাধারণ নামে মামলা করার বা মামলায় প্রতিদ্বন্দ্বিতা করার অধিকারী না হইলে, অথবা অন","criminal_procedure_75_s241A, criminal_procedure_75_s265C, criminal_procedure_75_s561A","own_search","answered","1"
"prot_0012_04","Sifat","","আমার বয়স ২২ বছর। আমার বাবা প্রথম পক্ষের স্ত্রীর গর্ভে বাচ্চা থাকা অবস্থায় তাঁকে তালাক দেন। সেটা ১৯৯০ সালে। এখন পর্যন্ত তাঁদের সঙ্গে কোনো যোগাযোগ নেই। আমার মা দ্বিতীয় পক্ষ। আমাদের ভিটাবাড়ি ছাড়া আর কোনো জমি নেই। আমাদের আর্থিক অবস্থা ভালো না। আমি এখন সংসার চালাই, বাবার বয়স হয়েছে। তিনি এখন আর কাজ করতে পারেন না। এখন কি প্রথম পক্ষের সন্তান আমার বাবার সম্পত্তির ভাগ পাবে। আমার বাবা আমার নামে সম্পত্তি দলিল করে দিলে কি আইনিভাবে বৈধ হবে? নাম প্রকাশে অনিচ্ছুক","1. <money_recovery_1468_s21> [সুরক্ষিত লেনদেন (অস্থাবর সম্পত্তি) আইন, ২০২৩, ধারা ২১] সুরক্ষিত পক্ষের দায়-দায়িত্ব — (১) দেনাদার তাহার দখলে থাকা অস্থাবর সম্পত্তি সুরক্ষিত পক্ষের অনুমতি গ্রহণ ব্যতীত বিক্রয় বা অন্য কোনোভাবে হস্ত
2. <other_812_s53> [দেউলিয়া বিষয়ক আইন, ১৯৯৭, ধারা ৫৩] পারষ্পরিক লেন-দেন এবং সমন্বয় সাধন — যে ক্ষেত্রে দেনাদার এবং এই আইনের অধীনে দেনা প্রমাণকারী বা প্রমাণের দাবীকারী কোন পাওনাদারের মধ্যে পারস্পরিক লেন
3. <consumer_1010_s92> [ট্রেডমার্ক আইন, ২০০৯, ধারা ৯২] মামলার কোন পক্ষের মৃত্যু — যদি এই আইনের অধীন কোন কার্যধারা বিচারাধীন থাকা অবস্থায় কোন পক্ষ মারা যান, তাহা হইলে নিবন্ধক সংশ্লিষ্ট কোন পক্
4. <labour_952_s216_p0> [বাংলাদেশ শ্রম আইন, ২০০৬, ধারা ২১৬] অপরাধ বিচার ছাড়া অন্য কোন বিষয়ে শ্রম আদালতের ক্ষমতা ওকার্যক্রম — (১) অপরাধ ব্যতীত এই আইনের অধীন অন্য কোন বিষয়, প্রশ্ন বা বিরোধের বিচার ও নিষ্পত্তির উদ্দেশ্যে, শ্রম আদালত একটি
5. <other_1037_s58> [বীমা আইন, ২০১০, ধারা ৫৮] ব্যবসা সংগ্রহের উদ্দেশ্যে কমিশন কিংবা অন্য কোন প্রকার পারিশ্রমিক পরিশোধে বিধিনিষেধ৷ — (১) কোন ব্যক্তি বাংলাদেশে বীমা ব্যবসা অর্জন বা সংগ্রহের উদ্দেশ্যে বীমা এজেন্ট বা এজেন্ট নিয়োগকারী বা ব্রোকার 
6. <other_788_s346_p0> [কোম্পানী আইন, ১৯৯৪, ধারা ৩৪৬] নিষ্ক্রিয় (defunct) কোম্পানীর নাম নিবন্ধন বহি হইতে কাটিয়া দেওয়া — (১) যেক্ষেত্রে রেজিষ্ট্রারের এইরূপ বিশ্বাস করিবার যুক্তিসংগত কারণ থাকে যে, কোন একটি কোম্পানী ব্যবসা করিতেছে না
7. <family_938_s15ক> [গ্রাম আদালত আইন, ২০০৬, ধারা ১৫ক] (১) গ্রাম আদালতে দেওয়ানী বিরোধ সংক্রান্ত মামলা চলাকালীন কোনো পক্ষ মৃত্যুবরণ করিলে কিংবা তাহার অবর্তমানে সংশ্ল
8. <other_850_s32> [সালিস আইন, ২০০১, ধারা ৩২] বিশেষজ্ঞ, আইন উপদেষ্টা বা এসেসর নিয়োগের ক্ষমতা — (১) পক্ষগণের মধ্যে ভিন্নরূপ চুক্তি না থাকিলে, সালিসী ট্রাইব্যুনাল-(ক) তৎকর্তৃক নির্ধারিত সুনির্দিষ্ট বিষয়ে প্
9. <other_1652_s9_p1> [বাণিজ্যিক আদালত আইন, ২০২৬, ধারা ৯] দেওয়ানি কার্যবিধির প্রয়োগ ও কার্যধারা সম্পর্কিত বিশেষ বিধান — শর্ত থাকে যে, দেওয়ানি কার্যবিধিতে যাহা কিছুই থাকুক না কেন, মোকদ্দমা ব্যবস্থাপনা শুনানিতে কোনো পক্ষ অনুপস্থিত 
10. <women_children_1119_s21> [শিশু আইন, ২০১৩, ধারা ২১] 1 [***] বয়স অনুমান ও নির্ধারণ — (১) অভিযুক্ত হউক বা না হউক, এমন কোন শিশুকে কোন অপরাধের দায়ে বা কোন শিশুকে অন্য কোন কারণে শিশু-আদালতে সাক্ষ্য ","other_173_s2, land_90_s17_p0","own_search","answered","1"
"prot_0033_01","Sifat","","এক ব্যক্তি তিন মেয়ে ও এক ছেলে রেখে মারা যান। তাঁর স্ত্রী আবার বিয়ে করেন। এরই মধ্যে তাঁর আগের পক্ষের ছেলেটি মারা যায় এবং দ্বিতীয় ঘরে এক ছেলে সন্তান জন্ম নেয়। মৃত ব্যক্তি ও মৃত ছেলের অবর্তমানে সম্পত্তির মালিক হয় তিন কন্যা ও স্ত্রী। দ্বিতীয় ঘরের ছেলে তার মায়ের সম্পত্তির অংশ পাবে। কিন্তু প্রশ্ন হলো, প্রথম ঘরের মৃত ভাইয়ের সম্পত্তিরও অংশ পাবে কি না? সেই ছেলেটি তার সৎবোনদের হয়রানি করছে এই বলে যে, ভাইটি তার জন্ম হওয়ার পর মারা গেছে। তাই তিনি তার ভাইয়ের সম্পত্তির অংশ পাবেন। নাম ও ঠিকানা প্রকাশে অনিচ্ছুক","1. <consumer_1010_s92> [ট্রেডমার্ক আইন, ২০০৯, ধারা ৯২] মামলার কোন পক্ষের মৃত্যু — যদি এই আইনের অধীন কোন কার্যধারা বিচারাধীন থাকা অবস্থায় কোন পক্ষ মারা যান, তাহা হইলে নিবন্ধক সংশ্লিষ্ট কোন পক্
2. <labour_952_s2_p5> [বাংলাদেশ শ্রম আইন, ২০০৬, ধারা ২] সংজ্ঞাসমূহ — ব্যবহার করা হয় বা ব্যবহারযোগ্য, এবং কোন টাগ বা ফ্লাট এবং বার্জও ইহার অর্ন্তভুক্ত হইবে;(২৮) ""প্রশাসনিক শ্রমিক""
3. <other_822_s10> [পার্বত্য চট্টগ্রাম আঞ্চলিক পরিষদ আইন, ১৯৯৮, ধারা ১০] সম্পত্তি সম্পর্কিত ঘোষণা — চেয়ারম্যান ও প্রত্যেক সদস্য তাহার কার্যভার গ্রহণের পূর্বে তাহার এবং তাঁহার পরিবারের কোন সদস্যের স্বত্ব, দখল ব
4. <local_government_1027_s41> [স্থানীয় সরকার (ইউনিয়ন পরিষদ) আইন, ২০০৯, ধারা ৪১] সম্পত্তি সম্পর্কিত ঘোষণা — চেয়ারম্যান ও সদস্য তাঁহার কার্যভার গ্রহণের পূর্বে তাঁহার এবং তাঁহার পরিবারের কোন সদস্যের স্বত্ব, দখল বা স্বার
5. <local_government_827_s10> [উপজেলা পরিষদ আইন, ১৯৯৮, ধারা ১০] সম্পত্তি সম্পর্কিত ঘোষণা — 14[চেয়ারম্যান ও ভাইস চেয়ারম্যান ] তাঁহার কার্যভার গ্রহণের পূর্বে তাঁহার এবং তাঁহার পরিবারের কোন সদস্যের স্বত
6. <labour_1285_s2_p2> [বাংলাদেশ ইপিজেড শ্রম আইন, ২০১৯, ধারা ২] সংজ্ঞা — সময়ে দুই বা ততোধিক শ্রমিক দ্বারা সম্পাদিত হয় সেই ক্ষেত্রে উক্তরূপ প্রত্যেক সময়;(25)‘‘পোষ্য’’ অর্থ কোনো মৃত 
7. <criminal_procedure_765_s23> [রাজশাহী মহানগরী পুলিশ আইন, ১৯৯২, ধারা ২৩] বেওয়ারিশ সম্পত্তির দায়িত্ব গ্রহণ ও বিলিবন্টন — (১) নিম্নবর্ণিত জিনিসের সাময়িকভাবে দায়িত্ব গ্রহণ করা পুলিশ কর্মকর্তার কর্তব্য হইবে, যথা:-(ক) তাঁহার নজরে আসি
8. <civil_registration_921_s8> [জন্ম ও মৃত্যু নিবন্ধন আইন, ২০০৪, ধারা ৮] জন্ম ও মৃত্যু তথ্য প্রদানের জন্য দায়ী ব্যক্তি — (১) শিশুর পিতা বা মাতা বা অভিভাবক বা নির্ধারিত ব্যক্তি উক্ত শিশুর জন্মের ৪৫ (পঁয়তাল্লিশ) দিনের মধ্যে জন্ম সংক
9. <criminal_procedure_1013_s23> [বরিশাল মহানগরী পুলিশ আইন, ২০০৯, ধারা ২৩] বেওয়ারিশ সম্পত্তির দায়িত্ব গ্রহণ ও বিলিবন্টন — (১) নিম্নবর্ণিত জিনিসের সাময়িকভাবে দায়িত্ব গ্রহণ করা পুলিশ কর্মকর্তার কর্তব্য হইবে, যথাঃ-(ক) তাহার নজরে আসিয
10. <criminal_procedure_1012_s23> [সিলেট মহানগরী পুলিশ আইন, ২০০৯, ধারা ২৩] বেওয়ারিশ সম্পত্তির দায়িত্ব গ্রহণ ও বিলিবন্টন — (১) নিম্নবর্ণিত জিনিসের সাময়িকভাবে দায়িত্ব গ্রহণ করা পুলিশ কর্মকর্তার কর্তব্য হইবে, যথাঃ-(ক) তাহার নজরে আসিয","other_173_s2","own_search","answered","2"
"lawy_0242_01","Sifat","","গোপনে ধারণকৃত ভিডিও ও ছবি দিয়ে প্রতারণার শিকার হলে কী করবেন?","1. <other_1131_s27> [বৈদেশিক কর্মসংস্থান ও অভিবাসী আইন, ২০১৩, ধারা ২৭] আইনগত সহায়তা — অভিবাসী কর্মী এবং অভিবাসনের নামে প্রতারণার শিকার ব্যক্তিদের যুক্তিসঙ্গত আইনগত সহায়তা পাইবার অধিকার থাকিবে।
2. <criminal_procedure_1276_s56> [মাদকদ্রব্য নিয়ন্ত্রণ আইন, ২০১৮, ধারা ৫৬] ক্যামেরায় গৃহীত ছবি, রেকর্ডকৃত কথাবার্তা, ইত্যাদির সাক্ষ্য মূল্য — Evidence Act, 1872(Act No.I of 1872) তে যাহা কিছুই থাকুক না কেন, কোনো ব্যক্তি বা তদন্তকারী সংস্থার কোনো সদস্য 
3. <consumer_1127_s72> [নিরাপদ খাদ্য আইন, ২০১৩, ধারা ৭২] ক্যামেরায় গৃহীত ছবি, রেকর্ডকৃত কথাবার্তা ইত্যাদির সাক্ষ্য মূল্য — Evidence Act, 1872(Act No. I of 1872) তে ভিন্নরূপ যাহা কিছুই থাকুক না কেন, নিরাপদ খাদ্য ব্যবস্থার সহিত জড়িত ক
4. <other_1103_s50> [দুর্যোগ ব্যবস্থাপনা আইন, ২০১২, ধারা ৫০] ক্যামেরায় গৃহীত ছবি, রেকর্ডকৃত কথাবার্তা ইত্যাদির সাক্ষ্য মূল্য — Evidence Act, 1872(Act No.I of 1872) তে যাহা কিছুই থাকুক না কেন, দুর্যোগ ব্যবস্থাপনার সহিত জড়িত কোন ব্যক্তি ব
5. <other_1684_s21> [মানব পাচার ও অভিবাসী চোরাচালান প্রতিরোধ ও দম, ধারা ২১] সংবাদ মাধ্যমে মানব পাচার বা চোরাচালানের শিকার ব্যক্তির পরিচয় প্রকাশের অপরাধ ও উহার দণ্ড — (১) যদি কোনো ব্যক্তি ট্রাইব্যুনালের অনুমতি ব্যতিরেকে মানব পাচার বা অভিবাসী চোরাচালানের শিকার কোনো ব্যক্তির নাম
6. <other_1375_s27> [শিশু দিবাযত্ন কেন্দ্র আইন, ২০২১, ধারা ২৭] ক্যামেরায় গৃহীত ছবি, রেকর্ডকৃত কথাবার্তার সাক্ষ্য মূল্য — Evidence Act, 1872(Act No. I of 1872) এ যাহা কিছুই থাকুক না কেন, কেন্দ্রে সংঘটিত কোনো অপরাধের ভিডিও, স্থিরচিত্
7. <cybercrime_1710_s2_p11> [সাইবার সুরক্ষা আইন, ২০২৬, ধারা ২] সংজ্ঞা — দ্বারা কোন ব্যক্তির অন্তরঙ্গ অথবা ব্যক্তিগত ছবি, ভিডিও সংরক্ষণ বা সংরক্ষনের দাবি করিবার মাধ্যমে তাহা প্রকাশ কর
8. <women_children_835_s14> [নারী ও শিশু নির্যাতন দমন আইন, ২০০০, ধারা ১৪] সংবাদ মাধ্যমে 1 [নির্যাতনের শিকার] নারী ও শিশুর পরিচয় প্রকাশের ব্যাপারে বাধা-নিষেধ — (১) এই আইনে বর্ণিত অপরাধের শিকার হইয়াছেন এইরূপ নারী বা শিশুর ব্যাপারে সংঘটিত অপরাধ বা তত্সম্পর্কিত আইনগত কার্
9. <other_1715_s22> [বন্যপ্রাণী (সংরক্ষণ ও নিরাপত্তা) আইন, ২০২৬, ধারা ২২] সাফারি পার্ক, ইকোপার্ক, উদ্ভিদ উদ্যান, বন্যপ্রাণী প্রজনন কেন্দ্র এবং বিশেষ জীববৈচিত্র্য সংরক্ষণ এলাকা সম্পর্কিত বাধা নিষেধ — (১) কোনো ব্যক্তি সাফারি পার্ক, ইকোপার্ক, উদ্ভিদ উদ্যান, বন্যপ্রাণী প্রজনন কেন্দ্র এবং বিশেষ জীববৈচিত্র্য সংরক্
10. <other_1067_s43> [বর্ডার গার্ড বাংলাদেশ আইন, ২০১০, ধারা ৪৩] সরকারি দলিল জালকরণ ও মিথ্যা ঘোষণা — অধিভুক্ত কোন ব্যক্তি যদি নিম্নবর্ণিত এক বা একাধিক অপরাধ করেন, যথাঃ-(ক) কোন বিবরণ, প্রতিবেদন, তালিকা, সনদ, বহি ","other_1091_s8, cybercrime_1710_s25","own_search","answered","2"
"prot_0010_04","Sifat","","আমরা এক ভাই, চার বোন। আমাদের বাবা ২০১০ সালে এবং মা ২০১৪ সালে মারা যান। বাবার নামে সম্পত্তি ছিল। আমার বাবার মৃত্যুর আগে ২০০৯ সালে ডেভেলপারের সঙ্গে চুক্তি হয়। পৌনে দুই কাঠার সম্পত্তি। চুক্তি মোতাবেক আমরা পাব পাঁচটি ফ্ল্যাট ও ডেভেলপার পাবে পাঁচটি ফ্ল্যাট। বাড়ির কাজ সম্পন্ন হওয়ার পথে। কিন্তু এক ভাই হিসাবে পাঁচটি ফ্ল্যাটের মধ্যে চার বোনকে কী নিয়মে বণ্টন করব? মুসলিম ফারায়েজ অনুযায়ী বাবা ও মায়ের অবর্তমানে ওই সম্পত্তির (ফ্ল্যাটের) কে কতটুকু অংশীদার হবে?","1. <other_1429_s126> [আয়কর আইন, ২০২৩, ধারা ১২৬] (১)Registration Act, 1908(Act No. XVI of 1908) এর অধীন কোনো ভূমি, স্থাপনা, বাড়ি, ফ্ল্যাট, অ্যাপার্টমেন্ট অথবা
2. <other_1490_s46> [অর্থ আইন, ২০২৪, ধারা ৪৬] ২০২৩ সনের ১২ নং আইনের ধারা ১২৬ এর প্রতিস্থাপন — উক্ত আইনের ধারা ১২৬ এর পরিবর্তে নিম্নরূপ ধারা ১২৬ প্রতিস্থাপিত হইবে, যথা:-“১২৬। ডেভেলপার বা রিয়েল এস্টেট ডেভে
3. <land_1109_s12> [ওয়াক্‌ফ (সম্পত্তি হস্তান্তর ও উন্নয়ন) বিশেষ , ধারা ১২] অংশীদারিত্বের ভিত্তিতে উন্নয়নের জন্য হস্তান্তর — (১) কোন ওয়াক্ফ সম্পত্তি অংশীদারিত্বের ভিত্তিতে উন্নয়নের জন্য হস্তান্তর করা যাইবে।(২) এই আইনের অধীন ওয়াক্ফ স
4. <other_1246_s68> [ক্যান্টনমেন্ট আইন, ২০১৮, ধারা ৬৮] ইমারতের বিস্তারিত বিবরণ কর-নির্ধারণ তালিকায় অন্তর্ভুক্ত করিবার ক্ষমতা — (১) করের আংশিক মওকুফ বা প্রত্যর্পণ প্রাপ্তির উদ্দেশ্যে, ফ্ল্যাটবাড়ির ইমারতের মালিক উক্ত ইমারতের কর নির্ধারণের
5. <other_913_s1> [আদালত সংস্কার বাস্তবায়ন (সহায়ক বিধান) আইন, ২, ধারা ১] সংক্ষিপ্ত শিরোনামা, প্রয়োগ, প্রবর্তন এবং মেয়াদ — (১) এই আইনআদালত সংস্কার বাস্তবায়ন (সহায়ক বিধান) আইন, ২০০৪নামে অভিহিত হইবে।(২) সুপ্রীম কোর্ট এবং প্রকল্পের প্
6. <other_1725_s51> [অর্থ আইন, ২০২৬, ধারা ৫১] ২০২৩ সনের ১২ নং আইনের ধারা ৫৮ এর সংশোধন — উক্ত আইনের ধারা ৫৮ এর উপ-ধারা (২) এর পর নূতন উপ-ধারা (৩) ও (৪) সংযোজিত হইবে, যথা:- “(৩) ভূমি, ভূমিসহ স্থাপনা এ
7. <other_724_s8> [রাংগামাটি পার্বত্য জেলা পরিষদ আইন, ১৯৮৯, ধারা ৮] সম্পত্তি সম্পর্কিত ঘোষণা — চেয়ারম্যান ও প্রত্যেক সদস্য তাঁহার কার্যভার গ্রহণের পূর্বে তাঁহার এবং তাঁহার পরিবারের কোন সদস্যের স্বত্ব, দখল
8. <other_822_s10> [পার্বত্য চট্টগ্রাম আঞ্চলিক পরিষদ আইন, ১৯৯৮, ধারা ১০] সম্পত্তি সম্পর্কিত ঘোষণা — চেয়ারম্যান ও প্রত্যেক সদস্য তাহার কার্যভার গ্রহণের পূর্বে তাহার এবং তাঁহার পরিবারের কোন সদস্যের স্বত্ব, দখল ব
9. <other_1266_s2_p3> [বাংলাদেশ মুক্তিযোদ্ধা কল্যাণ ট্রাস্ট আইন, ২০, ধারা ২] সংজ্ঞা — বা স্বামী এবং পিতা-মাতার অবর্তমানে খেতাবপ্রাপ্ত বীর মুক্তিযোদ্ধার সন্তান; বা(উ) (অ)-(ঈ) পর্যন্ত বর্ণিত ব্যক্তি
10. <local_government_1027_s41> [স্থানীয় সরকার (ইউনিয়ন পরিষদ) আইন, ২০০৯, ধারা ৪১] সম্পত্তি সম্পর্কিত ঘোষণা — চেয়ারম্যান ও সদস্য তাঁহার কার্যভার গ্রহণের পূর্বে তাঁহার এবং তাঁহার পরিবারের কোন সদস্যের স্বত্ব, দখল বা স্বার","other_173_s2","own_search","answered","2"
"ajke_0174_01","Sifat","","সম্প্রতি কোনো একটি ফেক ফেসবুক আইডি দিয়ে আমার আপত্তিকর কিছু ডিপফেক ছবি আমার স্বামীর কলিগদের কাছে পাঠানো হয়েছে। এরপর স্বামী বিষয়টি আমাকে জানালে আমিও বুঝে উঠতে পারছি না, এটা আসলে কে করছে। আইডিটা লন্ডনের লোকেশনে খোলা হয়েছে। এরপর সেই আইডি থেকে আমার ভাই ও বাবার নামে আপত্তিকর কথা লিখে বিভিন্ন পোস্ট করা হয়। সাইবার ক্রাইমে কীভাবে মামলা করলে আমি সর্বোচ্চ সাহায্য পাব?","1. <other_1266_s2_p3> [বাংলাদেশ মুক্তিযোদ্ধা কল্যাণ ট্রাস্ট আইন, ২০, ধারা ২] সংজ্ঞা — বা স্বামী এবং পিতা-মাতার অবর্তমানে খেতাবপ্রাপ্ত বীর মুক্তিযোদ্ধার সন্তান; বা(উ) (অ)-(ঈ) পর্যন্ত বর্ণিত ব্যক্তি
2. <other_726_s79> [বান্দরবান পার্বত্য জেলা পরিষদ আইন, ১৯৮৯, ধারা ৭৯] কোন আইনের বিধান সম্পর্কে আপত্তি — বান্দরবান পার্বত্য জেলায় প্রযোজ্য জাতীয় সংসদ কর্তৃক গৃহীত কোন আইন পরিষদের বিবেচনায় উক্ত জেলার জন্য কষ্টকর হ
3. <other_725_s79> [খাগড়াছড়ি পার্বত্য জেলা পরিষদ আইন, ১৯৮৯, ধারা ৭৯] কোন আইনের বিধান সম্পর্কে আপত্তি — খাগড়াছড়ি পার্বত্য জেলায় প্রযোজ্য জাতীয় সংসদ কর্তৃক গৃহীত কোন আইন পরিষদের বিবেচনায় উক্ত জেলার জন্য কষ্টকর 
4. <other_724_s79> [রাংগামাটি পার্বত্য জেলা পরিষদ আইন, ১৯৮৯, ধারা ৭৯] কোন আইনের বিধান সম্পর্কে আপত্তি — রাংগামাটি পার্বত্য জেলায় প্রযোজ্য জাতীয় সংসদ কর্তৃক গৃহীত কোন আইন পরিষদের বিবেচনায় উক্ত জেলার জন্য কষ্টকর হ
5. <other_918_s12> [অর্থ আইন, ২০০৪, ধারা ১২] ১২৷ Ordinance No. XXXVI of 1984 এর section 3 এর সংশোধন — Income tax Ordinance এর section 3 এর sub-section (2C) এরপর নিম্নরূপ নূতন sub-section (2D) সন্নিবেশিত হইবে, যথা
6. <women_children_835_s11> [নারী ও শিশু নির্যাতন দমন আইন, ২০০০, ধারা ১১] যৌতুকের জন্য মৃত্যু ঘটানো, ইত্যাদির শাস্তি — যদি কোন নারীর স্বামী অথবা স্বামীর পিতা, মাতা, অভিভাবক, আত্মীয় বা স্বামীর পক্ষে অন্য কোন ব্যক্তি যৌতুকের জন্য 
7. <cybercrime_1710_s2_p8> [সাইবার সুরক্ষা আইন, ২০২৬, ধারা ২] সংজ্ঞা — তথ্য অনুপ্রবেশ বা উহাতে হিউম্যান বা নন হিউম্যান এআই এজেন্টের মাধ্যমে স্বয়ংক্রিয় প্রবেশের সুযোগ সৃষ্টি করে, ব
8. <other_1007_s61> [অর্থ (২০০৭-২০০৮ অর্থ বৎসর) আইন, ২০০৯, ধারা ৬১] ১৯৯১ সনের ২২ নং আইনের ধারা ১৫ এর সংশোধন৷ — মূল্য সংয৬১।মূল্য সংযোজন কর আইনের ধারা ১৫ এর উপ-ধারা (৪) এরপর নিম্নরূপ নুতন উপ-ধারা (৫) সন্নিবেশিত হইবে, যথাঃ-
9. <other_1070_s15> [উদ্ভিদ সংগনিরোধ আইন, ২০১১, ধারা ১৫] কন্টেইনার স্থানান্তর — উদ্ভিদ সংগনিরোধ কর্মকর্তার পরীক্ষাধীন উদ্ভিদ বা উদ্ভিদজাত দ্রব্যাদি, বালাই, উপকারী জীবাণু এবং প্যাকিং দ্রব্যাদ
10. <women_children_1119_s28> [শিশু আইন, ২০১৩, ধারা ২৮] শিশু-আদালতের কার্যক্রমের গোপনীয়তা — (১) শিশু-আদালতে বিচারাধীন কোন মামলায় জড়িত বা সাক্ষ্য প্রদানকারী কোন শিশুর ছবি বা এমন কোন বর্ণনা, সংবাদ বা রি","cybercrime_1710_s25, cybercrime_1710_s40","own_search","answered","2"
"ajke_0184_01","Sifat","","আমার এক কাজিনের মেয়ে দ্বাদশ শ্রেণিতে পড়েন। একদিন কলেজ শেষে বাড়ি ফেরার সময় এক লোক তাঁকে ভয় দেখিয়ে বাসায় নিয়ে গিয়ে যৌন হেনস্তা করেন। তারপর তাঁর কাছে টাকা দাবি করেন। ওই মেয়ে টাকা দেওয়ার কথা বলে বাড়ি এসে মানসিকভাবে ভেঙে পড়েন। এখন কলেজে যেতে ভয় পাচ্ছেন। তাঁর মা মানসম্মানের ভয়ে কিছু করতে বা কারও কাছে সাহায্য চাইতে পারছেন না। এখন কী করা উচিত?","1. <other_1429_s126> [আয়কর আইন, ২০২৩, ধারা ১২৬] (১)Registration Act, 1908(Act No. XVI of 1908) এর অধীন কোনো ভূমি, স্থাপনা, বাড়ি, ফ্ল্যাট, অ্যাপার্টমেন্ট অথবা
2. <other_1490_s46> [অর্থ আইন, ২০২৪, ধারা ৪৬] ২০২৩ সনের ১২ নং আইনের ধারা ১২৬ এর প্রতিস্থাপন — উক্ত আইনের ধারা ১২৬ এর পরিবর্তে নিম্নরূপ ধারা ১২৬ প্রতিস্থাপিত হইবে, যথা:-“১২৬। ডেভেলপার বা রিয়েল এস্টেট ডেভে
3. <other_1684_s24> [মানব পাচার ও অভিবাসী চোরাচালান প্রতিরোধ ও দম, ধারা ২৪] আপসের উদ্দেশ্যে ভিকটিম বা সাক্ষীকে চাপ প্রয়োগ, প্রভাবিত ও ভয়-ভীতি প্রদর্শন করিবার অপরাধ ও উহার দণ্ড — (১) যদি কোনো ব্যক্তি এই আইনের অধীন সংঘটিত কোনো অপরাধের আপস করিবার উদ্দেশ্যে মামলার তদন্ত পর্যায়ে অথবা বিচার চ
4. <cybercrime_1710_s25> [সাইবার সুরক্ষা আইন, ২০২৬, ধারা ২৫] যৌন হয়রানি, ব্ল্যাকমেইলিং বা অশ্লীল বিষয়বস্তু প্রকাশ সংক্রান্ত অপরাধ ও দণ্ড — (১) যদি কোনো ব্যক্তি ওয়েবসাইট বা অন্য কোনো ডিজিটাল বা ইলেকট্রনিক মাধ্যমে ইচ্ছাকৃতভাবে বা জ্ঞাতসারে অন্য কোনো 
5. <other_1412_s29> [বেসরকারি মেডিকেল কলেজ ও ডেন্টাল কলেজ আইন, ২০, ধারা ২৯] অনুমোদিত আসন সংখ্যার অতিরিক্ত শিক্ষার্থী ভর্তি করিবার দণ্ড — যদি কোনো ব্যক্তি ধারা ১৬ এর উপ-ধারা (৪) এর বিধান লঙ্ঘন করিয়া কোনো বেসরকারি মেডিকেল কলেজ বা ডেন্টাল কলেজে অনুম
6. <consumer_1270_s54> [ওজন ও পরিমাপ মানদণ্ড আইন, ২০১৮, ধারা ৫৪] দায়িত্ব পালনে বাধা প্রদানের দণ্ড — কোনো ব্যক্তি যদি পরিদর্শক বা ক্ষমতাপ্রাপ্ত ব্যক্তিকে এই আইনের অধীন তাহার ক্ষমতা প্রয়োগ বা তাহার কার্য সম্পাদন
7. <other_1684_s12> [মানব পাচার ও অভিবাসী চোরাচালান প্রতিরোধ ও দম, ধারা ১২] পতিতালয় পরিচালনা করিবার বা কোনো স্থানকে পতিতালয় হিসাবে ব্যবহারের অনুমতি প্রদানের অপরাধ ও উহার দণ্ড — (১) যদি কোনো ব্যক্তি পতিতালয় স্থাপন বা পরিচালনা করেন অথবা উহা স্থাপন বা পরিচালনা করিতে অনুমতি প্রদান করেন কিং
8. <criminal_procedure_1012_s72> [সিলেট মহানগরী পুলিশ আইন, ২০০৯, ধারা ৭২] রাস্তায় বা সর্বসাধারেণর ব্যবহার্য স্থানে জন্তু ছাড়িয়া রাখার দণ্ড — কোন ব্যক্তি যদি কোন রাস্তায় বা সর্বসাধারণের ব্যবহার্য্য স্থানে -(ক) গাফিলতি করিয়া কোন জন্তু এমন ভাবে রাখেন য
9. <criminal_procedure_1013_s72> [বরিশাল মহানগরী পুলিশ আইন, ২০০৯, ধারা ৭২] রাস্তায় বা সর্বসাধারণের ব্যবহার্য স্থানে জন্তু ছাড়িয়া রাখার দণ্ড — কোন ব্যক্তি যদি কোন রাস্তায় বা সর্বসাধারণের ব্যবহার্য্য স্থানে -(ক) গাফিলতি করিয়া কোন জন্তু এমন ভাবে রাখেন য
10. <other_1138_s30> [গ্রামীণ ব্যাংক আইন, ২০১৩, ধারা ৩০] দণ্ড, ইত্যাদি — (১) যদি কোন ব্যক্তি এই আইনের অধীন প্রার্থিত বা মঞ্জুরীকৃত কোন ঋণ বা সুবিধার জন্য ব্যাংককে প্রদত্ত কোন মালিকানা","women_children_835_s10","own_search","answered","2"
"prot_0012_02","Sifat","","আমার পরিবারকে না জানিয়ে আমরা বিয়ে করি। দুই মাসের মধ্যে জানতে পারি আমার স্ত্রীর আরেকজনের সঙ্গে পরকীয়ার সম্পর্ক আছে। এরপর বিয়ের তিন মাসের মধ্যেই আমার স্ত্রীকে আইনিভাবে তালাক দিই। তালাকের নোটিশ আমি আমার স্ত্রীকে, স্ত্রীর ভাইকে ও অত্র এলাকার চেয়ারম্যানকে পাঠাই। কিন্তু চেয়ারম্যান নোটিশ পাওয়ার বিষয়টি গোপন করেন। এখন এত দিন পর ২০/১২/২০১৪ থেকে ১৪/০২/২০১৬ আমাকে ও আমার পরিবারকে আসামি করে নারী ও শিশু নির্যাতন দমন আইনের ১১-এর (গ) ধারায় যৌতুকের জন্য নির্যাতন, হত্যাচেষ্টার অভিযোগ এনে থানায় মামলা দায়ের করে। মামলায় আমাকে ও আমার মাকে বিবাদী করা হয়েছে। আর এ ঘটনার দিন-তারিখ নোটিশে উল্লেখ করা আছে। আমি এখন কীভাবে এ রকম পরিস্থিতি মোকাবিলা করব? মামলাটি আদালতে গেলে কি আমরা জামিন পাব? মিথ্যা মামলা দায়ের করার জন্য কি আমরা আইনি ব্যবস্থা নিতে পারব? আর আমি কি আমার তালাক রেজিস্ট্রি করতে পারব? নাম প্রকাশে অনিচ্ছুক","1. <women_children_835_s35> [নারী ও শিশু নির্যাতন দমন আইন, ২০০০, ধারা ৩৫] (১) এই আইনে যাহা কিছু থাকুক না কেন,নারী ও শিশু নির্যাতন দমন (সংশোধন) অধ্যাদেশ, ২০২৫বলবৎ হওয়ার তারিখ হইতে ধারা
2. <other_1696_s63> [রাজধানী উন্নয়ন কর্তৃপক্ষ আইন, ২০২৬, ধারা ৬৩] কর্তৃপক্ষের বিরুদ্ধে মামলার নোটিশ, ইত্যাদি — (১) এই আইন বা তদ্ধীন প্রণীত বিধি বা প্রবিধানের অধীন কর্তৃপক্ষ, চেয়ারম্যান, সদস্য বা কর্মচারীর বিরুদ্ধে কোনো ম
3. <women_children_835_s34> [নারী ও শিশু নির্যাতন দমন আইন, ২০০০, ধারা ৩৪] ১৯৯৫ সনের ১৮ নং আইনের রহিতকরণ ও হেফাজত — (১) নারী ও শিশু নির্যাতন (বিশেষ বিধান) আইন, ১৯৯৫ (১৯৯৫ সনের ১৮ নং আইন), অতঃপর উক্ত আইন বলিয়া উল্লিখিত, এতদ্বা
4. <other_1246_s204> [ক্যান্টনমেন্ট আইন, ২০১৮, ধারা ২০৪] মামলার নোটিশ প্রদান — (১) কোনো ব্যক্তি বোর্ডের কোনো আদেশ দ্বারা সংক্ষুব্ধ হইয়া কোনো দেওয়ানি মামলা দায়ের করিতে চাহিলে, তিনি তামাদি
5. <women_children_1119_s16> [শিশু আইন, ২০১৩, ধারা ১৬] (১) আইনের সহিত সংঘাত জড়িত শিশু কর্তৃক সংঘটিত যে কোনো অপরাধের বিচার করিবার জন্য, প্রত্যেক জেলা সদরে শিশু-আদালত
6. <labour_952_s216_p1> [বাংলাদেশ শ্রম আইন, ২০০৬, ধারা ২১৬] অপরাধ বিচার ছাড়া অন্য কোন বিষয়ে শ্রম আদালতের ক্ষমতা ওকার্যক্রম — বা আপত্তি পেশ করিতে ব্যর্থ হয়, তাহা হইলে মামলাটি একতরফা শুনানীক্রমে নিষ্পত্তি করা হইবে।(৬) কোন পক্ষের আবেদনক্
7. <other_1404_s56> [চট্টগ্রাম বন্দর কর্তৃপক্ষ আইন, ২০২২, ধারা ৫৬] মামলা দায়েরের সীমাবদ্ধতা — (১) কর্তৃপক্ষের বিরুদ্ধে কোনো আদালতে মামলা দায়েরে ইচ্ছুক ব্যক্তি, তাহার নাম ঠিকানাসহ মামলা দায়েরের কারণ সংবল
8. <other_1403_s56> [মোংলা বন্দর কর্তৃপক্ষ আইন, ২০২২, ধারা ৫৬] মামলা দায়েরের সীমাবদ্ধতা — (১) কর্তৃপক্ষের বিরুদ্ধে মামলা দায়েরে ইচ্ছুক ব্যক্তি, তাহার নাম ঠিকানাসহ মামলা দায়েরের কারণ সংবলিত লিখিত নোট
9. <other_841_s76> [জেলা পরিষদ আইন, ২০০০, ধারা ৭৬] পরিষদের পক্ষে ও বিরুদ্ধে মামলা — (১) পরিষদের বিরুদ্ধে বা পরিষদ সংক্রান্ত কোন কাজের জন্য উহার কোন সদস্য বা কর্মকর্তা বা কর্মচারীর বিরুদ্ধে কোন ম
10. <other_726_s71> [বান্দরবান পার্বত্য জেলা পরিষদ আইন, ১৯৮৯, ধারা ৭১] পরিষদের পক্ষে ও বিপক্ষে মামলা — (১) পরিষদের বিরুদ্ধে বা পরিষদ সংক্রান্ত কোন কাজের জন্য উহার কোন সদস্য বা কর্মকর্তা বা কর্মচারীর বিরুদ্ধে কোন ম","women_children_835_s17, women_children_835_s19, family_476_s6","own_search","answered","2"
"prot_0103_04","Sifat","","আমি যদি আরেকটি বিয়ে করতে চাই, সেটাও কি করতে পারব?","1. <labour_952_s20> [বাংলাদেশ শ্রম আইন, ২০০৬, ধারা ২০] ছাঁটাই — (১) কোন শ্রমিককে প্রয়োজন অতিরিক্ততার কারণে কোন প্রতিষ্ঠান হইতে ছাঁটাই করা যাইবে।(২) কোন শ্রমিক যদি কোন মালিকে
2. <other_1167_s13> [রপ্তানি উন্নয়ন ব্যুরো আইন, ২০১৫, ধারা ১৩] হিসাব ও নিরীক্ষা — (১) সরকার কর্তৃক নির্দেশিত পদ্ধতিতে ব্যুরো অর্থ ব্যয়ের যথাযথ হিসাব রক্ষণ করিবে এবং হিসাবের বার্ষিক বিবরণী প্র
3. <other_857_s78_p1> [বাংলাদেশ টেলিযোগাযোগ নিয়ন্ত্রণ আইন, ২০০১, ধারা ৭৮] একই ক্ষমতা প্রয়োগ করিতে পারিবেন এবং তিনি, এই আইন ও ইহার অধীনে প্রণীত বিধি বা সংশিস্নষ্ট প্রবিধানমালা সাপেক্ষে
4. <labour_952_s210_p2> [বাংলাদেশ শ্রম আইন, ২০০৬, ধারা ২১০] শিল্প বিরোধ নিষ্পত্তি — কার্যক্রম (Conciliation) ব্যর্থ হয়, তাহা হইলে সালিস (Conciliator) উভয় পক্ষকে বিরোধটি নিষ্পত্তির লক্ষ্যে উহা 
5. <other_1061_s12_p1> [পরিবেশ আদালত আইন, ২০১০, ধারা ১২] অপরাধের অনুসন্ধান, মামলা দায়ের এবং তদমত্ম পদ্ধতি — হইতে বিশেষভাবে ক্ষমতাপ্রাপ্ত অন্য কোন কর্মকর্তা তদন্ত করিবেন এবং তিনি সংশ্লিষ্ট মামলার তদন্তকারী কর্মকর্তা বলি
6. <labour_952_s202_p1> [বাংলাদেশ শ্রম আইন, ২০০৬, ধারা ২০২] যৌথ দরকষাকষি প্রতিনিধি — শ্রমিক উহার সদস্য থাকে।(৬) শ্রম পরিচালক কর্তৃক অনুরোদ্ধ হইলে প্রত্যেক মালিক তাহার প্রতিষ্ঠানে, বদলী ও সাময়িক 
7. <other_1057_s3> [বেসরকারী বিশ্ববিদ্যালয় আইন, ২০১০, ধারা ৩] বেসরকারী বিশ্ববিদ্যালয় স্থাপন ও পরিচালনা — (১) উপ-ধারা (২) এর বিধান সাপেক্ষে, এই আইনের বিধান অনুযায়ী বাংলাদেশের যে কোন স্থানে বেসরকারী বিশ্ববিদ্যালয় স্
8. <labour_952_s24> [বাংলাদেশ শ্রম আইন, ২০০৬, ধারা ২৪] শাস্তির পদ্ধতি — (১) ধারা ২৩ এর অধীন কোন শ্রমিকের বিরুদ্ধে শাস্তির আদেশ প্রদান করা যাইবে না, যদি না-(ক) তাহার বিরুদ্ধে অভিযোগ ল
9. <other_1732_s47> [বগুড়া বিশ্ববিদ্যালয় আইন, ২০২৬, ধারা ৪৭] কর্তৃপক্ষের সদস্য হইবার ক্ষেত্রে অযোগ্যতা — কোনো ব্যক্তি বিশ্ববিদ্যালয় বা ইনস্টিটিউটের কোনো পদে অধিষ্ঠিত থাকিবার বা বিশ্ববিদ্যালয় বা কোনো ইনস্টিটিউটের ক
10. <other_1732_s46> [বগুড়া বিশ্ববিদ্যালয় আইন, ২০২৬, ধারা ৪৬] বার্ষিক হিসাব — (১) বিশ্ববিদ্যালয়ের বার্ষিক হিসাব ও আর্থিক বিবরণী সিন্ডিকেটের নির্দেশনা অনুসারে প্রস্তুত ও সংরক্ষণ করিতে হইবে","family_305_s6","own_search","answered","1"
"prot_0073_06","Sifat","","আমি স্নাতক (সম্মান) তৃতীয় বর্ষের ছাত্র। সিলেটে এক আত্মীয়ের বাড়িতে থেকে পড়াশোনা করি। আমার গ্রামের বাড়ি ময়মনসিংহ। সেখানে এক মেয়ের সঙ্গে আমার প্রেমের সম্পর্ক ছিল। হঠাৎ মেয়েটি আমাকে না জানিয়ে সিলেট চলে আসে। এক বন্ধু তাকে আমার ঠিকানা দেয়। তারপর মেয়েটি আমাকে বাধ্য করে বিয়ে করতে। যদিও তখন আমার বয়স ২১ বছর হয়নি। নোটারি পাবলিকে আমাদের বিয়ে সম্পন্ন হয়। বিয়ের দু-তিন দিন পর মেয়েটির স্বীকারোক্তিসহ আমি প্রমাণ পাই, মেয়েটির আগে অন্য ছেলের সঙ্গে সম্পর্ক ছিল। এমন সম্পর্ক আমি কোনো দিন মেনে নিতে পারব না। সেজন্য আমি বিয়ের পর তাকে তালাক দিই। কিছুদিন পর মেয়ের বাবা আমার বিরুদ্ধে যৌতুকের অভিযোগে মামলা দায়ের করেন। এরপর মেয়ে বাদী হয়ে আমার পরিবারের সবাইকে বিবাদী করে নারী নির্যাতন মামলা করে। নারী নির্যাতন মামলায় সবার জামিন হলেও আমার হয়নি। আমি মানসিকভাবে খুব দুর্বল হয়ে পড়েছি। একদিকে আমার পড়াশোনা, অন্যদিকে মামলা। কীভাবে এ বিপদ থেকে পরিত্রাণ পাওয়া যাবে?নাম প্রকাশে অনিচ্ছুক","1. <women_children_1063_s3> [পারিবারিক সহিংসতা (প্রতিরোধ ও সুরক্ষা) আইন, , ধারা ৩] পারিবারিক সহিংসতা — - এই আইনের উদ্দেশ্য পূরণকল্পে পারিবারিক সহিংসতা বলিতে পারিবারিক সম্পর্ক রহিয়াছে এমন কোন ব্যক্তি কতৃর্ক পরিবার
2. <women_children_1119_s16> [শিশু আইন, ২০১৩, ধারা ১৬] (১) আইনের সহিত সংঘাত জড়িত শিশু কর্তৃক সংঘটিত যে কোনো অপরাধের বিচার করিবার জন্য, প্রত্যেক জেলা সদরে শিশু-আদালত
3. <women_children_835_s34> [নারী ও শিশু নির্যাতন দমন আইন, ২০০০, ধারা ৩৪] ১৯৯৫ সনের ১৮ নং আইনের রহিতকরণ ও হেফাজত — (১) নারী ও শিশু নির্যাতন (বিশেষ বিধান) আইন, ১৯৯৫ (১৯৯৫ সনের ১৮ নং আইন), অতঃপর উক্ত আইন বলিয়া উল্লিখিত, এতদ্বা
4. <other_849_s5> [এডমিরালটি কোর্ট আইন, ২০০০, ধারা ৫] সংঘর্ষ ও অনুরূপ মামলার ক্ষেত্রে কোর্টের in personam এখতিয়ার — (১) এই ধারা প্রযোজ্য হয় এমন কোন দাবী কার্যকর করণার্থ বাংলাদেশের কোন আদালত action in personam বিচারার্থ গ্রহণ 
5. <money_recovery_901_s18> [অর্থ ঋণ আদালত আইন, ২০০৩, ধারা ১৮] মামলা দায়ের ও শুনানী সম্পর্কিত বিশেষ বিধান — (১) কোন আর্থিক প্রতিষ্ঠানের কোন কর্মকর্তা বা কর্মচারী কর্তৃক আত্মসাত্কৃত কোন অর্থ ঋণ গণ্যে এই আইনের অধীন আদালত
6. <other_1696_s63> [রাজধানী উন্নয়ন কর্তৃপক্ষ আইন, ২০২৬, ধারা ৬৩] কর্তৃপক্ষের বিরুদ্ধে মামলার নোটিশ, ইত্যাদি — (১) এই আইন বা তদ্ধীন প্রণীত বিধি বা প্রবিধানের অধীন কর্তৃপক্ষ, চেয়ারম্যান, সদস্য বা কর্মচারীর বিরুদ্ধে কোনো ম
7. <other_841_s76> [জেলা পরিষদ আইন, ২০০০, ধারা ৭৬] পরিষদের পক্ষে ও বিরুদ্ধে মামলা — (১) পরিষদের বিরুদ্ধে বা পরিষদ সংক্রান্ত কোন কাজের জন্য উহার কোন সদস্য বা কর্মকর্তা বা কর্মচারীর বিরুদ্ধে কোন ম
8. <other_724_s71> [রাংগামাটি পার্বত্য জেলা পরিষদ আইন, ১৯৮৯, ধারা ৭১] পরিষদের পক্ষে ও বিপক্ষে মামলা — (১) পরিষদের বিরুদ্ধে বা পরিষদ সংক্রান্ত কোন কাজের জন্য উহার কোন সদস্য বা কর্মকর্তা বা কর্মচারীর বিরুদ্ধে কোন ম
9. <other_725_s71> [খাগড়াছড়ি পার্বত্য জেলা পরিষদ আইন, ১৯৮৯, ধারা ৭১] পরিষদের পক্ষে ও বিপক্ষে মামলা — (১) পরিষদের বিরুদ্ধে বা পরিষদ সংক্রান্ত কোন কাজের জন্য উহার কোন সদস্য বা কর্মকর্তা বা কর্মচারীর বিরুদ্ধে কোন ম
10. <other_726_s71> [বান্দরবান পার্বত্য জেলা পরিষদ আইন, ১৯৮৯, ধারা ৭১] পরিষদের পক্ষে ও বিপক্ষে মামলা — (১) পরিষদের বিরুদ্ধে বা পরিষদ সংক্রান্ত কোন কাজের জন্য উহার কোন সদস্য বা কর্মকর্তা বা কর্মচারীর বিরুদ্ধে কোন ম","women_children_835_s19, women_children_835_s17, women_children_1256_s6","own_search","answered","2"
"prot_0011_02","Sifat","","আমরা দুই ভাই, এক বোন। মা মারা গেছেন ২০০৬ সালে। ২০০৯ সালে আমাদের বাবা দ্বিতীয় বিয়ে করেন একজন বিধবাকে নারীকে। যাঁর আগের পক্ষের একটি সাবালক ছেলে আছে। বর্তমানে আমার বাবাই ওই ছেলের লেখাপড়া ও অন্যান্য খরচ বহন করে আসছেন। আমার বাবার ১৬০ শতাংশের মতো জমি আছে, যা তিনি তাঁর মৃত্যুর আগে আমাদের ভাগ করে দিতে ইচ্ছুক নন। প্রশ্ন হলো, বাবার মৃত্যুর পর আমরা তিন ভাইবোন ও সৎমা/ভাই এই সম্পত্তির কে কতটুকু অংশীদার হব? দ্বিতীয়ত, আমার মা উত্তরাধিকার সূত্রে আমার নানার কাছ থেকে ৬৬ শতাংশ সম্পত্তি পেয়েছেন। মায়ের অবর্তমানে এখন আমার বাবাই তা ভোগ করছেন। বাবার অবর্তমানে ওই সম্পত্তিরই বা কে কতটুকু অংশীদার হব, জানালে উপকৃত হব","1. <other_1266_s2_p3> [বাংলাদেশ মুক্তিযোদ্ধা কল্যাণ ট্রাস্ট আইন, ২০, ধারা ২] সংজ্ঞা — বা স্বামী এবং পিতা-মাতার অবর্তমানে খেতাবপ্রাপ্ত বীর মুক্তিযোদ্ধার সন্তান; বা(উ) (অ)-(ঈ) পর্যন্ত বর্ণিত ব্যক্তি
2. <land_856_s27> [অর্পিত সম্পত্তি প্রত্যর্পণ আইন, ২০০১, ধারা ২৭] (১) ধারা ২৬ এর অধীনে ‘ক’ তফসিলে বর্ণিত সম্পত্তি বিক্রয় বা স্থায়ী ইজারা প্রদানের ক্ষেত্রে, উক্ত সম্পত্তি যে হ
3. <money_recovery_876_s40> [সমবায় সমিতি আইন, ২০০১, ধারা ৪০] গ্রহীতা মনোনয়ন — প্রাথমিক সমবায় সমিতির প্রত্যেক সদস্য এমন একজন একক (Individual) ব্যক্তিকে মনোনীত করিবেন যিনি সমিতির সদস্য নহেন
4. <other_1725_s21_p29> [অর্থ আইন, ২০২৬, ধারা ২১] ২০১২ সনের ৪৭ নং আইনের দ্বিতীয় তফসিলের সংশোধন — ডলার পর্যন্ত ৪৫ (ঘ) মূল্যসীমা ১০০০০০ মা. ডলার এর ঊর্ধ্ব হইতে ২০০০০০ মা. ডলার পর্যন্ত ৬০ (ঙ) মূল্যসীমা ২০০০০০ ম
5. <other_822_s10> [পার্বত্য চট্টগ্রাম আঞ্চলিক পরিষদ আইন, ১৯৯৮, ধারা ১০] সম্পত্তি সম্পর্কিত ঘোষণা — চেয়ারম্যান ও প্রত্যেক সদস্য তাহার কার্যভার গ্রহণের পূর্বে তাহার এবং তাঁহার পরিবারের কোন সদস্যের স্বত্ব, দখল ব
6. <local_government_1027_s41> [স্থানীয় সরকার (ইউনিয়ন পরিষদ) আইন, ২০০৯, ধারা ৪১] সম্পত্তি সম্পর্কিত ঘোষণা — চেয়ারম্যান ও সদস্য তাঁহার কার্যভার গ্রহণের পূর্বে তাঁহার এবং তাঁহার পরিবারের কোন সদস্যের স্বত্ব, দখল বা স্বার
7. <local_government_827_s10> [উপজেলা পরিষদ আইন, ১৯৯৮, ধারা ১০] সম্পত্তি সম্পর্কিত ঘোষণা — 14[চেয়ারম্যান ও ভাইস চেয়ারম্যান ] তাঁহার কার্যভার গ্রহণের পূর্বে তাঁহার এবং তাঁহার পরিবারের কোন সদস্যের স্বত
8. <other_1718_s83> [অর্থ (২০২৫-২০২৬ অর্থ বৎসর) আইন, ২০২৬, ধারা ৮৩] ২০২৩ সনের ১২ নং আইনের ধারা ১৩৫ এর সংশোধন — উক্ত আইনের ধারা ১৩৫ এর- (ক) উপ-ধারা (১) এ উল্লিখিত “১০% (দশ শতাংশ)” সংখ্যা, চিহ্ন, বন্ধনী ও শব্দগুলির পরিবর্তে
9. <other_1429_s2_p0> [আয়কর আইন, ২০২৩, ধারা ২] সংজ্ঞা — বিষয় বা প্রসঙ্গের পরিপন্থি কোনো কিছু না থাকিলে, এই আইনে,-(১) “অবলোপিত মূল্য” অর্থ তৃতীয় তফসিলের অংশ ১ এ সংজ্
10. <labour_1285_s18> [বাংলাদেশ ইপিজেড শ্রম আইন, ২০১৯, ধারা ১৮] মৃত্যুজনিত ক্ষতিপূরণ — যদি কোনো শ্রমিক কোনো মালিকের অধীন অবিচ্ছিন্নভাবে অন্তত ১ (এক) বৎসরের অধিককাল চাকরিরত থাকা অবস্থায় মৃত্যুবরণ ক","other_173_s2","own_search","answered","2"
"ajke_0139_01","Sifat","","আমি একজন উদ্যোক্তা। ছয় বছর ধরে রেজিনের পণ্য তৈরি ও বিপণন করছি। পণ্যের ডিজাইন নিজেই করি। সেগুলো কীভাবে কপিরাইট করে নিতে পারি?","1. <other_1128_s16> [মাল্টি-লেভেল মার্কেটিং কার্যক্রম (নিয়ন্ত্রণ), ধারা ১৬] পণ্যের মোড়কাবদ্ধকরণ — (১) এই আইনের উদ্দেশ্য পূরণকল্পে, মোড়কজাতকরণ ব্যতীত মাল্টি-লেভেল মার্কেটিং পদ্ধতিতে কোন পণ্য বিপণন করা যাইবে ন
2. <other_1136_s30> [ভৌগোলিক নির্দেশক পণ্য (নিবন্ধন ও সুরক্ষা) আই, ধারা ৩০] প্রতারণামূলকভাবে সাদৃশ্যপূর্ণ ভৌগোলিক নির্দেশক ব্যবহার ও দণ্ড — (১) কোন ব্যক্তি প্রতারণামূলকভাবে কোন পণ্যে বা পণ্যের মোড়কে সাদৃশ্যপূর্ণ ভৌগোলিক নির্দেশক ব্যবহার করিলে, তাহার
3. <other_1443_s6> [বাংলাদেশ ক্ষুদ্র ও কুটির শিল্প কর্পোরেশন আইন, ধারা ৬] কর্পোরেশনের কার্যাবলি — কর্পোরেশনের কার্যাবলি হইবে নিম্নরূপ, যথা :-(১) কুটির শিল্প, অতি ক্ষুদ্র শিল্প, ক্ষুদ্র শিল্প, মাঝারি শিল্প এবং
4. <consumer_1270_s8> [ওজন ও পরিমাপ মানদণ্ড আইন, ২০১৮, ধারা ৮] ওজন ও পরিমাপনের মানদণ্ড — (১) ধারা ৪ ও ৬ এ উল্লিখিত ওজন ও পরিমাপনের সকল একক এবং ধারা ৭ এর অধীন সেকেন্ডারি মানদণ্ডের ঘোষিত এককসমূহ ওজন ও 
5. <consumer_1010_s73> [ট্রেডমার্ক আইন, ২০০৯, ধারা ৭৩] মিথ্যা ট্রেডমার্ক, ট্রেড বর্ণনা, ইত্যাদি ব্যবহারের দণ্ড — যদি কোন ব্যক্তি-(ক) কোন ট্রেডমার্ককে মিথ্যা প্রতিপন্ন করেন,(খ) কোন পণ্য বা সেবার ক্ষেত্রে ট্রেডমার্ক মিথ্যাভাব
6. <other_1464_s9> [বাংলাদশে ডেইরি উন্নয়ন বোর্ড আইন, ২০২৩, ধারা ৯] বোর্ডের কার্যাবলি — বোর্ডের কার্যাবলি হইবে নিম্নরূপ, যথা :-(১) বাণিজ্যিকভাবে ডেইরি খামার স্থাপন, উন্নত ব্যবস্থাপনা এবং নিরাপদ খাদ্
7. <consumer_1452_s11> [কপিরাইট আইন, ২০২৩, ধারা ১১] কপিরাইট বোর্ড — (১) এই আইনের উদ্দেশ্যপূরণকল্পে, কপিরাইট বোর্ড নামে একটি বোর্ড থাকিবে যাহা ১ (এক) জন চেয়ারম্যান ও অন্যূন ২ (দু
8. <consumer_1452_s41> [কপিরাইট আইন, ২০২৩, ধারা ৪১] কপিরাইট সমিতি কর্তৃক রয়্যালটি প্রদান — কপিরাইট সমিতি, বিধি সাপেক্ষে, কোনো কর্মের প্রচার সংখ্যা বিবেচনাপূর্বক কপিরাইটের প্রত্যেক মালিককে প্রদেয় রয়্য
9. <other_1128_s19> [মাল্টি-লেভেল মার্কেটিং কার্যক্রম (নিয়ন্ত্রণ), ধারা ১৯] নিম্নমানের পণ্য বিপণন নিষিদ্ধ — মাল্টি-লেভেল মার্কেটিং কার্যক্রম পরিচালনার আওতায় কোন ব্যক্তি পণ্য বা সেবার জন্য নির্ধারিত মান হইতে নিম্নমানের
10. <other_1476_s147> [কাস্টমস আইন, ২০২৩, ধারা ১৪৭] পণ্য বোঝাই না করা অথবা পুনরায় নামানোর নোটিশ এবং উহাদের উপর শুল্ক ফেরত — (১) যদি রপ্তানি পণ্য ঘোষণা অথবা কার্গো ঘোষণায় উল্লিখিত পণ্য বোঝাই না করা হয় অথবা কম বোঝাই করা হয় অথবা বোঝাই","consumer_1452_s53","own_search","answered","2"
"prot_0065_06","Sifat","","আমার বয়স ২৬ বছর। বিয়ে হয়েছে ২০০৯ সালে। বিয়ের ১০-১৫ দিন পরই আমার স্বামী বিদেশে চলে যান। বিয়েতে তাঁকে দেড় লাখ টাকা যৌতুক হিসেবে দেওয়া হয়েছিল। কাবিন করা হয়েছিল দুই লাখ টাকা। তাঁদের পক্ষ থেকে গয়না বাবদ এক লাখ টাকা উশুল করা হয়েছিল। এরপর ২০১০ সালের মে মাসে বিদেশে থাকা অবস্থাতেই আমার স্বামী দুর্ঘটনায় মারা যান। তাঁরা ছয় বোন ও এক ভাই ছিলেন। বিদেশের সব টাকা তাঁর এক বোনের নামেই পাঠাতেন। বিদেশে চলে যাওয়ার পর থেকেই তিনি আমার কোনো খোঁজখবর রাখেননি। তাঁর বোনেরা সব সময় আমার সঙ্গে খারাপ আচরণ করতেন। আমার সন্তান হয়নি। এখন আইনসম্মতভাবে আমি তাঁদের পরিবারের কাছ থেকে কী পাব?তাঁর বাবা নেই এবং মা জীবিত। তাঁরা তাঁদের পরিবার থেকে আমাকে এক লাখ টাকা দিতে চাইছেন। আমার স্বামীর অনেক টাকাপয়সা ও জায়গাজমি আছে। কিন্তু তাঁরা বলছেন, আমার স্বামী কিছুই রেখে যাননি। আমি যদি তাঁদের বিরুদ্ধে মামলা করি, তাহলে আমি কী পাব?","1. <other_831_s7_p2> [অর্থ আইন, ১৯৯৯, ধারা ৭] ১৯৯১ সনের ২২ নং আইন সংশোধন — কিছুই থাকুক না কেন, প্রতিষ্ঠিত নিবন্ধিত ব্যক্তির তেগত্রে, প্রতিষ্ঠিত নিবন্ধিত ব্যক্তি বিবেচিত হওয়ার বত্সরে এই
2. <other_1266_s2_p2> [বাংলাদেশ মুক্তিযোদ্ধা কল্যাণ ট্রাস্ট আইন, ২০, ধারা ২] সংজ্ঞা — জামায়াতে ইসলামী এবং তাহাদের সহযোগী রাজাকার, আলবদর, আলশামস বাহিনীর বিরুদ্ধে গণপ্রজাতন্ত্রী বাংলাদেশের স্বাধীনত
3. <other_1476_s171_p11> [কাস্টমস আইন, ২০২৩, ধারা ১৭১] অপরাধসমূহের জরিমানা বা দণ্ড — সামগ্রীর ক্ষেত্রে এই আইন বা তদধীন প্রণীত বিধি দ্বারা নির্ধারিত কোনো শর্ত বা বিধি- নিষেধ পরিপালন করিতে ব্যর্থ হ
4. <other_1096_s53_p4> [বাংলাদেশ পরমাণু শক্তি নিয়ন্ত্রণ আইন, ২০১২, ধারা ৫৩] অপরাধ ও দণ্ড — উভয়দণ্ডে দণ্ডিত হইবেন।(৯) কোন ব্যক্তি এই আইনের অধীন ক্ষমতা প্রয়োগকালে কর্তৃপক্ষ বা তৎকর্তৃক অনুমোদিত ব্যক্তি
5. <women_children_1256_s4> [যৌতুক নিরোধ আইন, ২০১৮, ধারা ৪] যৌতুক প্রদান বা গ্রহণ, ইত্যাদির দণ্ড — যদি বিবাহের কোনো এক পক্ষ যৌতুক প্রদান বা গ্রহণ করেন অথবা যৌতুক প্রদান বা গ্রহণে সহায়তা করেন বা যৌতুক প্রদান ব
6. <women_children_1256_s3> [যৌতুক নিরোধ আইন, ২০১৮, ধারা ৩] যৌতুক দাবি করিবার দণ্ড — যদি বিবাহের কোনো এক পক্ষ, প্রত্যক্ষ বা পরোক্ষভাবে, বিবাহের অন্য কোনো পক্ষের নিকট কোনো যৌতুক দাবি করেন, তাহা হই
7. <other_1395_s3> [বাংলাদেশ সুপ্রীম কোর্টের বিচারক (পারিতোষিক ও, ধারা ৩] বেতন — বিচারকগণ প্রতি মাসে নিম্নবর্ণিত হারে বেতন প্রাপ্য হইবেন, যথা:-(ক) প্রধান বিচারপতি- ১,১০,০০০ (এক লক্ষ দশ হাজার)
8. <other_1052_s10_p1> [বাংলাদেশ গ্যাস আইন, ২০১০, ধারা ১০] কতিপয় অপরাধের দণ্ড — গ্রাহক দোষী সাব্যস্ত হইলে, তিনি অনধিক ৩ (তিন) মাস কারাদন্ডে বাঅনধিক ১০ (দশ) হাজার টাকা অর্থদন্ডে বা উভয় দন্ডে
9. <other_1715_s44_p4> [বন্যপ্রাণী (সংরক্ষণ ও নিরাপত্তা) আইন, ২০২৬, ধারা ৪৪] জরিমানা বা দণ্ড — ) লক্ষ টাকা অর্থদণ্ড অথবা উভয় দণ্ডে দণ্ডিত হইবেন । (১) (২) ( ৩ ) ৪২ ( ১ ) কোনো ব্যক্তি লাইসেন্স বা পারমিট ব্য
10. <other_1485_s9> [বাংলাদেশ পুলিশ কল্যাণ তহবিল আইন, ২০২৩, ধারা ৯] মৃত্যু এবং অক্ষমতাজনিত কারণে এককালীন এবং মাসিক কল্যাণ অনুদান — (১) কোনো কর্মচারী বা তাহার মৃত্যু হইলে তাহার স্ত্রী বা, ক্ষেত্রমত, স্বামী, বিধি দ্বারা নির্ধারিত পদ্ধতিতে, নিম","other_173_s2, family_1444_s5","own_search","answered","2"
"prot_0077_04","Sifat","","আমি ১৫ বছর আগে একটি নামকরা প্রতিষ্ঠানের মার্কেট থেকে একটি দোকান কিনি আমার নামে। দোকানের কাগজপত্র আমার কাছে আছে। আমার এক আত্মীয়কে দোকানটি দেখাশোনা করতে দিয়েছিলাম।তিনি তখন দোকান থেকে আমাকেও টাকা-পয়সা দিতেন। প্রতিষ্ঠানটি প্রতিটি দোকান থেকে মাসের শেষে কিছু টাকা ভাড়া নেয়। ছয় বছর আগে আবার প্রতিষ্ঠানের সঙ্গে দোকানের চুক্তি করার সময় আত্মীয়টা ওই প্রতিষ্ঠানের চেয়ারম্যানের কাছে একটি দরখাস্ত করেন, যেন তাঁর আর আমার নামে দোকানটির চুক্তি করা হয়। চেয়ারম্যানও তাঁর কথামতো দুজনের নামে দোকানটি একটি কাগজে চুক্তি করে দিয়েছেন। সেই কাগজটাও আমার কাছে আছে। এর কিছুদিন পর আমি চেয়ারম্যানের সঙ্গে যোগাযোগ করি। আমি বলেছি এখন নতুন করে আবার শুধু আমার নামে চুক্তি করে দেন। তিনি একজন প্রভাবশালী লোক, আমার কথা শুনছেন না। দুজনের নামে দুটি উকিল নোটিশও পাঠিয়েছি। কিন্তু কোনো জবাব দেননি। এর পর থেকে আমাকে আর কোনো টাকা-পয়সাও দিচ্ছেন না। এখন আমি দোকানটি বন্ধ করতেও পারছি না। লোকটিকে দোকান থেকে ওঠাতেও পারছি না। আমার ছেলেমেয়ে এখনো স্কুল-কলেজে পড়ে। আমি আমার ছেলেমেয়েদের নিয়ে খুবই কষ্টে আছি।ওই আত্মীয় ও চেয়ারম্যানের বিরুদ্ধে কী করতে পারব, দোকানটি কীভাবে উদ্ধার করব? নাম প্রকাশে অনিচ্ছুক","1. <labour_952_s114> [বাংলাদেশ শ্রম আইন, ২০০৬, ধারা ১১৪] দোকান, ইত্যাদি বন্ধ — (১) প্রত্যেক দোকান বা বাণিজ্য বা শিল্প প্রতিষ্ঠান প্রতি সপ্তাহে অন্ততঃ দেড় দিন সম্পূর্ণ বন্ধ থাকিবে।(২) কোন এ
2. <other_1152_s9> [ইনভেস্টমেন্ট কর্পোরেশন অব বাংলাদেশ আইন, ২০১৪, ধারা ৯] পরিচালকগণের যোগ্যতা ও অযোগ্যতা — (১) কোন ব্যক্তি পরিচালক হইবেন না বা পরিচালক থাকিবেন না, যিনি-(ক) বাংলাদেশের নাগরিক নহেন;(খ) এইরূপ কোন অপরাধের 
3. <consumer_1014_s38> [ভোক্তা অধিকার সংরক্ষণ আইন, ২০০৯, ধারা ৩৮] মূল্যের তালিকা প্রদর্শন না করিবার দণ্ড — কোন ব্যক্তি কোন আইন বা বিধি দ্বারা আরোপিত বাধ্যবাধকতা অমান্য করিয়া তাহার দোকান বা প্রতিষ্ঠানের সহজে দৃশ্যমান 
4. <consumer_1014_s39> [ভোক্তা অধিকার সংরক্ষণ আইন, ২০০৯, ধারা ৩৯] সেবার মূল্যের তালিকা সংরক্ষণ ও প্রদর্শন না করিবার দণ্ড — কোন ব্যক্তি আইন বা বিধি দ্বারা আরোপিত বাধ্যবাধকতা অমান্য করিয়া তাহার দোকান বা প্রতিষ্ঠানের সেবার মূল্যের তালি
5. <other_857_s6> [বাংলাদেশ টেলিযোগাযোগ নিয়ন্ত্রণ আইন, ২০০১, ধারা ৬] কমিশন প্রতিষ্ঠা, ইত্যাদি — (১) এই আইন প্রবর্তনের সংগে সংগে বাংলাদেশ টেলিযোগাযোগ নিয়ন্ত্রণ কমিশন নামে একটি কমিশন প্রতিষ্ঠিত হইবে।(২) কমিশ
6. <other_812_s84_p4> [দেউলিয়া বিষয়ক আইন, ১৯৯৭, ধারা ৮৪] দেনাদারের অপরাধ ও উহাদের দণ্ড — হিসাব প্রদানের অপচেষ্টা করেন; (ড) একজন দায়গ্রস্ত দেউলিয়া হওয়া সত্ত্বেও- (অ) তাহার দায়গ্রস্ত দেউলিয়া থাকার
7. <labour_952_s117> [বাংলাদেশ শ্রম আইন, ২০০৬, ধারা ১১৭] মজুরীসহ বাৎসরিক ছুটি — (১) কোন প্রতিষ্ঠানে অবিচ্ছিন্নভাবে এক বৎসর চাকুরী পূর্ণ করিয়াছেন এমন প্রত্যেক প্রাপ্ত বয়স্ক শ্রমিককে পরবর্তী
8. <other_788_s400> [কোম্পানী আইন, ১৯৯৪, ধারা ৪০০] ""লিমিটেড"" বা ""সীমিতদায়"" শব্দ অপপ্রয়োগের দণ্ড — যে প্রতিষ্ঠানের নাম বা শিরোনামের শেষ শব্দটি31[পাবলিক সীমিতদায় কোম্পানী বা PLC., বা সীমিতদায় বা LTD., বা এক ব
9. <other_882_s18> [এসিড নিয়ন্ত্রণ আইন, ২০০২, ধারা ১৮] এসিড বিক্রয়ের দোকান বা এসিড বহনকারী যান চলাচল সাময়িকভাবে বন্ধ ঘোষণা করার ক্ষমতা — সরকারের নিকট হইতে এতদুদ্দেশ্যে ক্ষমতাপ্রাপ্ত কর্মকর্তা যদি এই মর্মে সন্তুষ্ট হন যে, কোন এসিড বিক্রয়ের দোকান ব
10. <criminal_procedure_1276_s19> [মাদকদ্রব্য নিয়ন্ত্রণ আইন, ২০১৮, ধারা ১৯] মাদকদ্রব্যের দোকান অথবা পানশালা (Bar) সাময়িকভাবে বন্ধ ঘোষণা করিবার ক্ষমতা — (১) মহাপরিচালকের অনুমোদন ব্যতীত লাইসেন্স প্রাপ্ত কোনো মদের দোকান অথবা পানশালা বন্ধ করা যাইবে না:তবে শর্ত থাকে,","other_36_s8, other_36_s39, criminal_procedure_11_s406","own_search","answered","1"
"ajke_0180_01","Sifat","","স্বামীর শারীরিক নির্যাতন থেকে বাঁচতে কী করা যায়?","1. <women_children_1063_s3> [পারিবারিক সহিংসতা (প্রতিরোধ ও সুরক্ষা) আইন, , ধারা ৩] পারিবারিক সহিংসতা — - এই আইনের উদ্দেশ্য পূরণকল্পে পারিবারিক সহিংসতা বলিতে পারিবারিক সম্পর্ক রহিয়াছে এমন কোন ব্যক্তি কতৃর্ক পরিবার
2. <other_1133_s2> [নির্যাতন এবং হেফাজতে মৃত্যু (নিবারণ) আইন, ২০, ধারা ২] সংজ্ঞা — বিষয় বা প্রসঙ্গের পরিপন্থী কোন কিছু না থাকিলে, এই আইনে—(১) ‘অভিযোগকারী’ অর্থ এই আইনের অধীনে কোন অভিযোগ উত্থাপ
3. <women_children_835_s11> [নারী ও শিশু নির্যাতন দমন আইন, ২০০০, ধারা ১১] যৌতুকের জন্য মৃত্যু ঘটানো, ইত্যাদির শাস্তি — যদি কোন নারীর স্বামী অথবা স্বামীর পিতা, মাতা, অভিভাবক, আত্মীয় বা স্বামীর পক্ষে অন্য কোন ব্যক্তি যৌতুকের জন্য 
4. <other_1709_s2_p4> [জাতীয় উপাত্ত ব্যবস্থাপনা আইন, ২০২৬, ধারা ২] সংজ্ঞা — উপাত্ত (financial data), অবস্থান (location) চিহ্নিতকরণ উপাত্ত বা অনুরূপ অন্য কোনো অনলাইন শনাক্তকারী উপাত্ত অথব
5. <other_1266_s2_p2> [বাংলাদেশ মুক্তিযোদ্ধা কল্যাণ ট্রাস্ট আইন, ২০, ধারা ২] সংজ্ঞা — জামায়াতে ইসলামী এবং তাহাদের সহযোগী রাজাকার, আলবদর, আলশামস বাহিনীর বিরুদ্ধে গণপ্রজাতন্ত্রী বাংলাদেশের স্বাধীনত
6. <women_children_835_s1> [নারী ও শিশু নির্যাতন দমন আইন, ২০০০, ধারা ১] সংক্ষিপ্ত শিরোনামা — এই আইননারী ও শিশু নির্যাতন দমন আইন, ২০০০নামে অভিহিত হইবে।
7. <women_children_835_s26> [নারী ও শিশু নির্যাতন দমন আইন, ২০০০, ধারা ২৬] নারী ও শিশু নির্যাতন দমন ট্রাইব্যুনাল — (১) এই আইনের অধীন অপরাধ বিচারের জন্য প্রত্যেক জেলা সদরে একটি করিয়া ট্রাইব্যুনাল থাকিবে এবং প্রয়োজনে সরকার উক
8. <road_transport_1262_s7> [সড়ক পরিবহণ আইন, ২০১৮, ধারা ৭] শারীরিক প্রতিবন্ধী ব্যক্তির ড্রাইভিং লাইসেন্স — কর্তৃপক্ষ, নির্ধারিত পদ্ধতিতে, বিশেষ শারীরিক সামর্থ্য যাচাইয়ের মাধ্যমে উপযুক্ত মনে করিলে, কোনো শারীরিক প্রতিব
9. <women_children_1119_s16> [শিশু আইন, ২০১৩, ধারা ১৬] (১) আইনের সহিত সংঘাত জড়িত শিশু কর্তৃক সংঘটিত যে কোনো অপরাধের বিচার করিবার জন্য, প্রত্যেক জেলা সদরে শিশু-আদালত
10. <women_children_835_s35> [নারী ও শিশু নির্যাতন দমন আইন, ২০০০, ধারা ৩৫] (১) এই আইনে যাহা কিছু থাকুক না কেন,নারী ও শিশু নির্যাতন দমন (সংশোধন) অধ্যাদেশ, ২০২৫বলবৎ হওয়ার তারিখ হইতে ধারা","women_children_1063_s11, women_children_1063_s14","own_search","answered","2"
"prot_0079_01","Sifat","","আমার বাবা পারিবারিক বিবাদের কারণে আমার ও মায়ের খোঁজখবর নিতেন না। তিনি আরও একটি বিয়ে করেছেন। আমি মামার সংসারে বড় হই। মামা মারা গেলে আর্থিক অনটনে পড়ে লেখাপড়া চালিয়ে যেতে না পেরে আমি ১৪ বছর বয়সে একা একাই বাবার কাছে যাই। বাবা ও তাঁর দ্বিতীয় স্ত্রী প্রথম দিকে আমার সঙ্গে ভালো ব্যবহার করলেও পরে তাঁরা আমাকে মানসিক ও শারীরিকভাবে নির্যাতন করেন। আমার লেখাপড়ায় বাধা দেন। ওই সংসারে টিকে থাকতে না পেরে আমি আবার মায়ের কাছে ফিরে আসি। মা অনেক কষ্টে আমার লেখাপড়ার খরচ বহন করছেন। এখন আমি দশম শ্রেণীতে পড়ছি। বাবার কাছ থেকে কোনো আর্থিক সহযোগিতা পাচ্ছি না। বরং তিনি বলেন, আমার মাকে তালাক দেবেন এবং আমাকে নাকি ত্যাজ্য করে দেবেন। তা ছাড়া তিনি সব সম্পত্তি তাঁর বর্তমান স্ত্রী ও ছেলের নামে লিখে দেবেন বলে হুমকি দেন। এখন আমি জানতে চাই, তিনি ইচ্ছে করলেই কি আমাকে ত্যাজ্য করতে পারবেন? বাবা যদি কোনো সম্পত্তি আমাকে না লিখে দেন, তাহলে আমি কোনো আইনি ব্যবস্থা নিতে পারব?","1. <women_children_1063_s3> [পারিবারিক সহিংসতা (প্রতিরোধ ও সুরক্ষা) আইন, , ধারা ৩] পারিবারিক সহিংসতা — - এই আইনের উদ্দেশ্য পূরণকল্পে পারিবারিক সহিংসতা বলিতে পারিবারিক সম্পর্ক রহিয়াছে এমন কোন ব্যক্তি কতৃর্ক পরিবার
2. <other_1246_s99_p2> [ক্যান্টনমেন্ট আইন, ২০১৮, ধারা ৯৯] উপদ্রব সৃষ্টির শাস্তি — ক্যান্টনমেন্টের অভ্যন্তরে কোনো সড়ক বা গণস্থানে,-(ক) বোর্ড কর্তৃক গণ-বিজ্ঞপ্তি দ্বারা এতদুদ্দেশ্যে জারিকৃত নিষ
3. <other_812_s84_p4> [দেউলিয়া বিষয়ক আইন, ১৯৯৭, ধারা ৮৪] দেনাদারের অপরাধ ও উহাদের দণ্ড — হিসাব প্রদানের অপচেষ্টা করেন; (ড) একজন দায়গ্রস্ত দেউলিয়া হওয়া সত্ত্বেও- (অ) তাহার দায়গ্রস্ত দেউলিয়া থাকার
4. <other_788_s335_p1> [কোম্পানী আইন, ১৯৯৪, ধারা ৩৩৫] দণ্ড — বার মাসের মধ্যে অথবা পরবর্তী যে কোন সময়ে একশত বা ততোধিক টাকা মূল্যের কোম্পানীর সম্পত্তির কোন অংশ প্রতারণামূলক
5. <other_812_s72> [দেউলিয়া বিষয়ক আইন, ১৯৯৭, ধারা ৭২] দেউলিয়ার সম্পত্তির ব্যাপারে তথ্য তলবের ক্ষমতা — (১) দেউলিয়া ঘোষণাদেশ প্রদত্ত হওয়ার পরে যেকোন সময় পাওনাদার কমিটি কিংবা পাওনা প্রমাণকারী কোন পাওনাদারের আবেদন
6. <other_1136_s41> [ভৌগোলিক নির্দেশক পণ্য (নিবন্ধন ও সুরক্ষা) আই, ধারা ৪১] কতিপয় কার্যধারায় অনুমোদিত ব্যবহারকারীকে পক্ষভুক্ত করা — (১) এই আইনের অধীন প্রতিটি আইনগত কার্যধারায়, অনুরূপ কার্যধারার সহিত সম্পৃক্ত ভৌগোলিক নির্দেশক পণ্যের অনুমোদিত 
7. <other_812_s63> [দেউলিয়া বিষয়ক আইন, ১৯৯৭, ধারা ৬৩] সত্ উদ্দেশ্যে কৃত লেন-দেন রক্ষণ — ধারা ৫৯, ৬০, ৬১ এবং ৬২-এর বিধান অনুযায়ী ব্যতীত, এই আইনের অন্য কোন বিধানের ফলে কোন দেউলিয়া বিষয়ক কার্যধারায়
8. <consumer_1010_s105> [ট্রেডমার্ক আইন, ২০০৯, ধারা ১০৫] নিবন্ধিত ব্যবহারকারীকে মামলায় পক্ষভুক্তি — (১) এই আইনের সপ্তম অধ্যায় বা ধারা ১০০ এর অধীন কোন মামলায় বা আপীলে কোন ট্রেডমার্কের নিবন্ধিত ব্যবহারকারী পক্ষ
9. <other_812_s32> [দেউলিয়া বিষয়ক আইন, ১৯৯৭, ধারা ৩২] অব্যাহতিপ্রাপ্ত সম্পত্তি — এই আইনের অন্য কোন বিধানে যাহা কিছুই থাকুক না কেন, একক দেনাদারের নিম্্নবর্ণিত সম্পত্তির দখল ২৩ ধারার অধীনে গ্রহ
10. <other_812_s9> [দেউলিয়া বিষয়ক আইন, ১৯৯৭, ধারা ৯] দেউলিয়া কর্ম — (১) কোন দেনাদারের নিম্্নবর্ণিত যেকোন একটি কাজই হইবে দেউলিয়া কর্ম, যথা :- (ক) যদি তিনি বাংলাদেশ বা অন্যত্র তাহ","other_173_s2, family_1444_s5","own_search","answered","1"
"prot_0048_06","Sifat","","আমার বিয়ে হয় ২০০১ সালে। দুটি ছেলে আছে, বয়স পাঁচ ও আড়াই বছর। বিয়ের পর থেকেই স্বামীর সঙ্গে বনিবনা হচ্ছে না। আমার স্বামীর আর্থিক অবস্থা বেশ ভালো। ছেলেদের নিজের কাছে রাখতে তিনি সব রকম চেষ্টা করবেন। আমি আর্থিকভাবে স্বাবলম্বী নই। কিন্তু স্বামীর কাছ থেকে আলাদা হতে চাই। আমি কি সন্তানদের নিজের কাছে রাখতে পারব?আয়রা তামান","1. <women_children_835_s11> [নারী ও শিশু নির্যাতন দমন আইন, ২০০০, ধারা ১১] যৌতুকের জন্য মৃত্যু ঘটানো, ইত্যাদির শাস্তি — যদি কোন নারীর স্বামী অথবা স্বামীর পিতা, মাতা, অভিভাবক, আত্মীয় বা স্বামীর পক্ষে অন্য কোন ব্যক্তি যৌতুকের জন্য 
2. <other_1266_s2_p2> [বাংলাদেশ মুক্তিযোদ্ধা কল্যাণ ট্রাস্ট আইন, ২০, ধারা ২] সংজ্ঞা — জামায়াতে ইসলামী এবং তাহাদের সহযোগী রাজাকার, আলবদর, আলশামস বাহিনীর বিরুদ্ধে গণপ্রজাতন্ত্রী বাংলাদেশের স্বাধীনত
3. <other_788_s342> [কোম্পানী আইন, ১৯৯৪, ধারা ৩৪২] লিকুইডেটর কর্তৃক ব্যাংকে টাকা জমাদান — (১) আদালত কর্তৃক অবলুপ্ত হইতেছে এইরূপ কোম্পানীর প্রত্যেক লিকুইডেটর তত্কর্তৃক গৃহীত সকল টাকা নির্ধারিত পদ্ধতিতে
4. <other_1037_s57_p2> [বীমা আইন, ২০১০, ধারা ৫৭] বীমা পলিসি গ্রাহক কর্তৃক মনোনয়ন৷ — বলবৎ হইবার পূর্বে কোন ব্যক্তি তাহার নিজের বা তাহার স্ত্রীর বা সন্তানদের বা তাহাদের যে কোন এক জনের লাইফ ইন্স্যু
5. <other_788_s343_p2> [কোম্পানী আইন, ১৯৯৪, ধারা ৩৪৩] অদাবীকৃত লভ্যাংশ ও অবিলিকৃত পরিসম্পদ কোম্পানী অবলুপ্তি সংক্রান্ত হিসাবে জমাদান — অর্থ স্থানান্তরিত হয় নাই; এবং এইরূপ দাবী পরিশোধের জন্য প্রদত্ত আদেশ রাজস্ব ফেরতদানের আদেশ বলিয়া গণ্য হইবে ।(
6. <cybercrime_1710_s22> [সাইবার সুরক্ষা আইন, ২০২৬, ধারা ২২] সাইবার স্পেসে প্রতারণার অপরাধ ও দণ্ড — (১) যদি কোনো ব্যক্তি সাইবার স্পেস ব্যবহার করিয়া প্রতারণা করেন, তাহা হইলে উক্ত ব্যক্তির অনুরূপ কার্য হইবে একটি
7. <other_1045_s18> [চার্টার্ড সেক্রেটারীজ আইন, ২০১০, ধারা ১৮] রেজিস্টার — (১) সচিব, নিম্নবর্ণিত তথ্যাদি উল্লেখপূর্বক, নির্ধারিত পদ্ধতিতে, সদস্যগণের নাম রেজিস্টারে অন্তর্ভুক্ত ও সংরক্ষণ
8. <labour_952_s302> [বাংলাদেশ শ্রম আইন, ২০০৬, ধারা ৩০২] মিথ্যা সক্ষমতা প্রত্যয়নপত্র ব্যবহারের দন্ড — কোন ব্যক্তি এই আইনের কোন বিধানের অধীন অন্য কোন ব্যক্তিকে প্রদত্ত কোন সক্ষমতা পত্র নিজের বরাবরে প্রদত্ত সক্ষমতা
9. <labour_952_s84> [বাংলাদেশ শ্রম আইন, ২০০৬, ধারা ৮৪] নমুনা সংগ্রহের ক্ষমতা — (১) কোন পরিদর্শক, কোন প্রতিষ্ঠানের স্বাভাবিক কর্ম সময়ে, মালিককে সংবাদ দিয়া প্রতিষ্ঠানে ব্যবহৃত বা ব্যবহারের 
10. <other_1478_s2_p1> [ফাইন্যান্স কোম্পানি আইন, ২০২৩, ধারা ২] সংজ্ঞা — ""ইচ্ছাকৃত খেলাপী ঋণগ্রহীতা” অর্থ এইরূপ খেলাপী ঋণগ্রহীতা ব্যক্তি যিনি বা যাহা-(ক) নিজের, তাহার পরিবারের সদস্যের","family_64_s17, family_1444_s5","own_search","answered","2"
"prot_0025_04","Sifat","","সন্তান কার সঙ্গে থাকবে, এ বিষয়ে আইনের বিধান কী?","1. <other_1718_s83> [অর্থ (২০২৫-২০২৬ অর্থ বৎসর) আইন, ২০২৬, ধারা ৮৩] ২০২৩ সনের ১২ নং আইনের ধারা ১৩৫ এর সংশোধন — উক্ত আইনের ধারা ১৩৫ এর- (ক) উপ-ধারা (১) এ উল্লিখিত “১০% (দশ শতাংশ)” সংখ্যা, চিহ্ন, বন্ধনী ও শব্দগুলির পরিবর্তে
2. <other_1349_s2> [আকাশপথে পরিবহণ (মন্ট্রিল কনভেনশন) আইন, ২০২০, ধারা ২] বিষয়বাপ্রসঙ্গেরপরিপন্থিকোনোকিছুনাথাকিলে,এইআইনে-(ক)‘অভ্যন্তরীণপরিবহণ’অর্থআকাশপথে পরিবহণেপক্ষসমূহেরমধ্যেসম্পাদি
3. <labour_1285_s30> [বাংলাদেশ ইপিজেড শ্রম আইন, ২০১৯, ধারা ৩০] প্রসূতি কল্যাণ সুবিধা প্রাপ্তির অধিকার এবং প্রদানের দায়িত্ব — (১) প্রত্যেক মহিলা শ্রমিক তাহার মালিকের নিকট হইতে তাহার সন্তান প্রসবের সম্ভাব্য তারিখের অব্যবহিত পূর্ববর্তী ৮ 
4. <other_1266_s2_p3> [বাংলাদেশ মুক্তিযোদ্ধা কল্যাণ ট্রাস্ট আইন, ২০, ধারা ২] সংজ্ঞা — বা স্বামী এবং পিতা-মাতার অবর্তমানে খেতাবপ্রাপ্ত বীর মুক্তিযোদ্ধার সন্তান; বা(উ) (অ)-(ঈ) পর্যন্ত বর্ণিত ব্যক্তি
5. <other_924_s2> [ব্যক্তি মালিকানাধীন সড়ক পরিবহন শ্রমিক কল্যাণ, ধারা ২] সংজ্ঞা — বিষয় বা প্রসঙ্গের পরিপন্থী কিছু না থাকিলে, এই আইনে-(ক) “কল্যাণ তহবিল” অর্থ ধারা ৪ এর অধীন গঠিত কল্যাণ তহবিল;(
6. <labour_1285_s29> [বাংলাদেশ ইপিজেড শ্রম আইন, ২০১৯, ধারা ২৯] প্রসূতিকালীন মহিলা শ্রমিকের কর্মে নিয়োগ নিষিদ্ধ — (১) কোনো মালিক তাহার প্রতিষ্ঠানে কোনো মহিলা শ্রমিককে তাহার সন্তান প্রসবের অব্যবহিত পরবর্তী ৮ (আট) সপ্তাহের মধ্
7. <other_1132_s4> [পিতা-মাতার ভরণ-পোষণ আইন, ২০১৩, ধারা ৪] পিতা-মাতার অবর্তমানে দাদা-দাদী, নানা-নানীর ভরণ-পোষণ — প্রত্যেক সন্তান তাহার—(ক) পিতার অবর্তমানে দাদা-দাদীকে; এবং(খ) মাতার অবর্তমানে নানা-নানীকে—ধারা ৩ এ বর্ণিত ভরণ-
8. <other_1476_s257> [কাস্টমস আইন, ২০২৩, ধারা ২৫৭] সিদ্ধান্ত প্রদান — (১) কোনো ব্যক্তি এই আইন বা বিধির প্রয়োগ সম্পর্কিত কোনো বিষয়ে সিদ্ধান্ত প্রদানের জন্য, বিধি দ্বারা নির্ধারিত 
9. <other_1132_s5> [পিতা-মাতার ভরণ-পোষণ আইন, ২০১৩, ধারা ৫] পিতা-মাতার ভরণ-পোষণ না করিবার দণ্ড — (১) কোন সন্তান কর্তৃক ধারা ৩ এর যে কোন উপ-ধারার বিধান কিংবা ধারা ৪ এর বিধান লংঘন অপরাধ বলিয়া গণ্য হইবে এবং উক
10. <other_1132_s3> [পিতা-মাতার ভরণ-পোষণ আইন, ২০১৩, ধারা ৩] পিতা-মাতার ভরণ-পোষণ — (১) প্রত্যেক সন্তানকে তাহার পিতা-মাতার ভরণ-পোষণ নিশ্চিত করিতে হইবে।(২) কোন পিতা-মাতার একাধিক সন্তান থাকিলে সেই","family_64_s17","own_search","answered","2"
"prot_0106_03","Sifat","","এখানে বিক্রির বায়না দলিলটি না দেখে কিছু বলা যাচ্ছে না। তবে বিষয়টি হাউস বিল্ডিং কর্তৃপক্ষের সঙ্গে যোগাযোগ করে প্রকৃত তথ্য বের করার চেষ্টা করেন। আর আপনার বাবার করা বিক্রি দলিলটি কতটা আইনসম্মত তা যাচাই করতে হবে। যদি বিক্রিটি আইনসম্মত না হয়ে থাকে, তাহলে দেওয়ানি আদালতের আশ্রয় নেওয়া যেতে পারে।স্বামীর নির্যাতন থেকে বোনকে বাঁচাব কীভাবে?","1. <other_1246_s128> [ক্যান্টনমেন্ট আইন, ২০১৮, ধারা ১২৮] আইনসম্মত নোটিশের শর্তাবলি — (১) ধারা ১২৭ এর অধীন নোটিশ প্রদানকারী ব্যক্তি সংশ্লিষ্ট ইমারতটি যে উদ্দেশ্যে ব্যবহৃত হইবে উহা নির্দিষ্ট করিবেন
2. <other_788_s39> [কোম্পানী আইন, ১৯৯৪, ধারা ৩৯] হস্তান্তর প্রত্যয়ন — (১) কোম্পানীর শেয়ার বা ডিবেঞ্চার হস্তান্তর-দলিল কোম্পানী কর্তৃক প্রত্যয়নকৃত হইলে, তৎসম্পর্কে যে কোন ব্যক্তির
3. <family_1444_s6_p1> [পারিবারিক আদালত আইন, ২০২৩, ধারা ৬] মোকদ্দমা দায়ের — এবং(ছ) বাদীর প্রার্থীত প্রতিকার।(৫) যেক্ষেত্রে বাদী তাহার দাবির সমর্থনে সাক্ষ্য হিসাবে তাহার দখলে বা ক্ষমতাধীন
4. <other_1246_s175> [ক্যান্টনমেন্ট আইন, ২০১৮, ধারা ১৭৫] অন্তর্ঘাতি ব্যক্তিগণের বহিষ্কার — (১) যদি ক্যান্টনমেন্টের অভ্যন্তরে অবস্থান বা বসবাস করিয়া কোনো ব্যক্তি এইরূপ কোনো কিছু ঘটান বা ঘটানোর চেষ্টা ক
5. <other_1072_s4> [জনস্বার্থ সংশ্লিষ্ট তথ্য প্রকাশ (সুরক্ষা প্র, ধারা ৪] (১) কোন তথ্য প্রকাশকারী উপযুক্ত কর্তৃপক্ষের নিকট, যুক্তিযুক্ত বিবেচনায়, জনস্বার্থ সংশ্লিষ্ট সঠিক তথ্য প্রকাশ 
6. <other_914_s28খ> [দুর্নীতি দমন কমিশন আইন, ২০০৪, ধারা ২৮খ] তথ্য প্রদানকারীর পরিচয় গোপন রাখা — (১) এই আইনের অধীন ও উহার তফসিলে বর্ণিত কোন অপরাধের বিষয়ে কোন ব্যক্তি কর্তৃক প্রদত্ত কোন তথ্য (information) কো
7. <other_1652_s5> [বাণিজ্যিক আদালত আইন, ২০২৬, ধারা ৫] এখতিয়ারে বাধা — এই আইনে যাহা কিছু থাকুক না কেন, যেক্ষেত্রে কোনো আইন দ্বারা দেওয়ানি আদালতের এখতিয়ার সীমাবদ্ধ বা রহিত করা হয়,
8. <other_788_s333_p0> [কোম্পানী আইন, ১৯৯৪, ধারা ৩৩৩] অপরাধী পরিচালক ইত্যাদিকে ফৌজদারীতে সোপর্দ করা — (১) আদালত কর্তৃক কিংবা আদালতের তত্ত্বাবধান সাপেক্ষে কোন কোম্পানীর অবলুপ্তির চলাকালে আদালতের নিকট যদি প্রতীয়মা
9. <women_children_835_s11> [নারী ও শিশু নির্যাতন দমন আইন, ২০০০, ধারা ১১] যৌতুকের জন্য মৃত্যু ঘটানো, ইত্যাদির শাস্তি — যদি কোন নারীর স্বামী অথবা স্বামীর পিতা, মাতা, অভিভাবক, আত্মীয় বা স্বামীর পক্ষে অন্য কোন ব্যক্তি যৌতুকের জন্য 
10. <other_812_s84_p1> [দেউলিয়া বিষয়ক আইন, ১৯৯৭, ধারা ৮৪] দেনাদারের অপরাধ ও উহাদের দণ্ড — ও অন্যান্য দলিল-পত্র তাহার হেফাজতে বা নিয়ন্ত্রণে আছে তাহা যদি তিনি, রিসিভারের নির্দেশ মোতাবেক, রিসিভারের নিকট","women_children_1063_s11, women_children_1063_s14","own_search","answered","1"
"prot_0050_04","Sifat","","আমার স্বামী ব্যাংকের কর্মকর্তা ছিলেন। তিনি ২০০৮ সালে চাকরিরত অবস্থায় মারা যান। স্বামীর ওয়ারিশ হিসেবে তাঁর চার কন্যাসন্তান ও আমি আছি। স্বামীর মৃত্যুর সময় তাঁর বাবা (আমার শ্বশুর) জীবিত ছিলেন। এখন মৃত। আমার স্বামীর ছয় ভাই ও চার বোন। এক ভাই স্বামীর মৃত্যুর আগে মারা যান। সবারই সন্তান আছে। আমার স্বামী নিজে কিছু সম্পত্তি কিনেছিলেন। সেটা স্বামীর নামেই রেকর্ড হয়েছে। এখন স্বামীর ভাইয়ের ছেলেরা জমি দাবি করছে। আমার স্বামীর সম্পত্তিতে এখন আমি, আমার চার মেয়ে ও অন্যরা কে কত অংশ পাবে?আমার স্বামী ব্যাংক কর্মকর্তা হিসেবে ৭ শতাংশ জমি ও বাড়ি বন্ধক দিয়ে ব্যাংক থেকে ঋণ নিয়েছিলেন। তাঁর মৃত্যুর পর আমার প্রাপ্য পারিবারিক মাসিক পেনশন থেকে ঋণ পরিশোধ হচ্ছে। এ অবস্থায় ঋণ পরিশোধ হওয়ার পর ওই জমি ও বাড়ির অংশে আমি এবং আমার চার মেয়ে ছাড়া অন্য কেউ ভাগ পাবে কি না","1. <other_1266_s2_p2> [বাংলাদেশ মুক্তিযোদ্ধা কল্যাণ ট্রাস্ট আইন, ২০, ধারা ২] সংজ্ঞা — জামায়াতে ইসলামী এবং তাহাদের সহযোগী রাজাকার, আলবদর, আলশামস বাহিনীর বিরুদ্ধে গণপ্রজাতন্ত্রী বাংলাদেশের স্বাধীনত
2. <women_children_835_s11> [নারী ও শিশু নির্যাতন দমন আইন, ২০০০, ধারা ১১] যৌতুকের জন্য মৃত্যু ঘটানো, ইত্যাদির শাস্তি — যদি কোন নারীর স্বামী অথবা স্বামীর পিতা, মাতা, অভিভাবক, আত্মীয় বা স্বামীর পক্ষে অন্য কোন ব্যক্তি যৌতুকের জন্য 
3. <other_1418_s21_p2> [বাংলাদেশ সুপ্রীম কোর্টের বিচারক (ছুটি, পেনশন, ধারা ২১] আনুতোষিক ও পারিবারিক পেনশন — হিসাবে প্রাপ্য হইতেন।(৩) কোনো বিচারক, অবসর গ্রহণের পর তাহার গ্রস-পেনশনের সম্পূর্ণ অংশ সমর্পণ করিতে পারিবেন এবং
4. <labour_1285_s33> [বাংলাদেশ ইপিজেড শ্রম আইন, ২০১৯, ধারা ৩৩] মহিলা শ্রমিকের মৃত্যুর ক্ষেত্রে প্রসূতি কল্যাণ সুবিধা প্রদান — (১) এই অধ্যায়ের অধীন প্রসূতি কল্যাণ সুবিধা পাইবার অধিকারী কোনো মহিলা শ্রমিক সন্তান প্রসবকালে অথবা উহার পরবর্ত
5. <labour_952_s49> [বাংলাদেশ শ্রম আইন, ২০০৬, ধারা ৪৯] 1 [***] মৃত্যুর ক্ষেত্রে প্রসূতি কল্যাণ সুবিধা প্রদান — (১) এই অধ্যায়ের অধীন প্রসূতি কল্যাণ সুবিধা পাওয়ার অধিকারী কোন মহিলা সন্ত্মান প্রসবকালে অথবা উহার পরবর্তী আট 
6. <other_1717_s59_p1> [ব্যাংক রেজল্যুশন আইন, ২০২৬, ধারা ৫৯] তফসিলি ব্যাংকের পরিচালক এবং কর্মকর্তাদের দ্বারা সংঘটিত অপরাধ — বহি, রেজিস্টার, রেকর্ড বা দলিলপত্রে কোনো মিথ্যা তথ্য অন্তর্ভুক্ত করিয়াছেন অথবা করিতে সহযোগিতা করিয়াছেন; (উ) 
7. <local_government_1027_s2_p1> [স্থানীয় সরকার (ইউনিয়ন পরিষদ) আইন, ২০০৯, ধারা ২] সংজ্ঞা — শহর হিসাবে ঘোষিত নয় এইরূপ এলাকা;(১৩) 'চেয়ারম্যান' অর্থ ইউনিয়ন পরিষদের চেয়ারম্যান;(১৪) 'জনপথ' অর্থ সর্বসাধা
8. <other_1138_s2> [গ্রামীণ ব্যাংক আইন, ২০১৩, ধারা ২] সংজ্ঞা — বিষয় বা প্রসংগের পরিপন্থি কোন কিছু না থাকিলে, এই আইনে,-1[(১) “ঋণ” অর্থ এইরূপ কোনো ব্যক্তির পক্ষে ব্যাংক কর্তৃ
9. <other_822_s10> [পার্বত্য চট্টগ্রাম আঞ্চলিক পরিষদ আইন, ১৯৯৮, ধারা ১০] সম্পত্তি সম্পর্কিত ঘোষণা — চেয়ারম্যান ও প্রত্যেক সদস্য তাহার কার্যভার গ্রহণের পূর্বে তাহার এবং তাঁহার পরিবারের কোন সদস্যের স্বত্ব, দখল ব
10. <land_1455_s10> [ভূমি সংস্কার আইন, ২০২৩, ধারা ১০] বর্গাদারের মৃত্যুর পর বর্গাভূমির চাষ — (১) কোনো বর্গাদার বর্গাচুক্তির মেয়াদ শেষ হইবার পূর্বে মারা গেলে, উহার মেয়াদ শেষ না হওয়া পর্যন্ত অথবা এই আইন","other_173_s2, family_305_s4","own_search","answered","2"
"prot_0014_02","Sifat","","আমি বিয়ে করি ২০০৮ সালের ১৬ ডিসেম্বর। বিয়ের এক মাস পার হওয়ার পর তার সঙ্গে আমার সমস্যার সৃষ্টি হয়। আমি তাকে ২০১০ সালের আগস্টে তালাক দিই। সে তালাকের চিঠি পাওয়ার পরে, আমার নামে একটি যৌতুকের মামলা করে। আদালত এই মামলায় গত মার্চ মাসে আমার পক্ষে রায় দেন। কিন্তু এখন পর্যন্ত সে আমার নামে কোনো পারিবারিক মামলা করেনি। আমার কাছে তার পক্ষ থেকে কোনো কাবিনের টাকা চাওয়া হয়নি। যৌতুকের মামলার রায়ের কত দিন, মাস বা বছর পর্যন্ত সময় থাকে? এই পারিবারিক মামলা করতে আমাকে সঠিক পরামর্শ দিলে আমি আপনার কাছে উপকৃত থাকবে","1. <labour_952_s216_p1> [বাংলাদেশ শ্রম আইন, ২০০৬, ধারা ২১৬] অপরাধ বিচার ছাড়া অন্য কোন বিষয়ে শ্রম আদালতের ক্ষমতা ওকার্যক্রম — বা আপত্তি পেশ করিতে ব্যর্থ হয়, তাহা হইলে মামলাটি একতরফা শুনানীক্রমে নিষ্পত্তি করা হইবে।(৬) কোন পক্ষের আবেদনক্
2. <other_1246_s204> [ক্যান্টনমেন্ট আইন, ২০১৮, ধারা ২০৪] মামলার নোটিশ প্রদান — (১) কোনো ব্যক্তি বোর্ডের কোনো আদেশ দ্বারা সংক্ষুব্ধ হইয়া কোনো দেওয়ানি মামলা দায়ের করিতে চাহিলে, তিনি তামাদি
3. <money_recovery_901_s28> [অর্থ ঋণ আদালত আইন, ২০০৩, ধারা ২৮] জারীর জন্য মামলা দাখিলের সময়সীমা — (১) TheLimitation Act, 1908এবং TheCode of Civil Procedure, 1908এ ভিন্নতর যে বিধানই থাকুক না কেন, ডিক্রীদার, আদ
4. <family_1444_s26> [পারিবারিক আদালত আইন, ২০২৩, ধারা ২৬] মুসলিম পারিবারিক আইনের বিধানকে প্রভাবিত না করা — (১) এই আইনের কোনো কিছুই মুসলিম পরিবারিক আইন অথবা তদধীন প্রণীত বিধিমালার কোনো বিধানকে প্রভাবিত করিবে না।(২) যেক
5. <money_recovery_901_s14> [অর্থ ঋণ আদালত আইন, ২০০৩, ধারা ১৪] মামলার শুনানী মুলতবী — (১) ধারা ১৭ এর মামলা নিষ্পত্তির সময়সীমা সম্পর্কিত বিধান সাপেক্ষে অর্থ ঋণ আদালতের কোন মামলার চূড়ান্ত শুনানীর 
6. <other_1203_s44> [বাংলাদেশ জীববৈচিত্র্য আইন, ২০১৭, ধারা ৪৪] মিথ্যা বা হয়রানিমূলক মামলা দায়েরের দণ্ড — এই আইনের অধীন দায়েরকৃত কোন মামলায় আদালত শুনানী ও বিচারান্তে যদি কোন অভিযুক্ত ব্যক্তিকে খালাস প্রদান করে এবং 
7. <other_1246_s203> [ক্যান্টনমেন্ট আইন, ২০১৮, ধারা ২০৩] অভিযুক্তকরণের সীমাবদ্ধতা — (১) এই আইন বা উহার অধীন কোনো অপরাধ সংঘটিত হইবার ৬ (ছয়) মাস অতিক্রান্ত হইবার পর তৎসম্পর্কে কোনো অভিযোগ বা মামল
8. <constitutional_957_s150> [গণপ্রজাতন্ত্রী বাংলাদেশের সংবিধান, অনুচ্ছেদ ১৫০] (১) এই সংবিধানের অন্য কোন বিধান সত্ত্বেও ১৯৭২ সালের ১৬ই ডিসেম্বর তারিখে এই সংবিধান প্রবর্তনকালে সংবিধানের চতুর
9. <consumer_1010_s102> [ট্রেডমার্ক আইন, ২০০৯, ধারা ১০২] ট্রেডমার্কের বৈধতা অথবা নিবন্ধন প্রশ্নাধীন হইলে কার্যধারা স্থগিত রাখা — (১) যেক্ষেত্রে ট্রেডমার্ক লঙ্ঘনজনিত মামলায় বিবাদী যুক্তি দেখান যে, বাদীর ট্রেডমার্ক অবৈধ বা বাদী বিবাদীর ট্রে
10. <other_788_s395> [কোম্পানী আইন, ১৯৯৪, ধারা ৩৯৫] সীমিতদায় কোম্পানীকে মামলার খরচের জন্য জামানত দেওয়ার নির্দেশদানের ক্তমতা — যেক্ষেত্রে কোন মামলা বা অন্য কোন আইনগত কার্যধারায় কোন সীমিতদায় কোম্পানী বাদী বা আবেদনকারী হয়, সেক্ষেত্রে যদ","criminal_procedure_75_s417","own_search","answered","2"
"prot_0077_01","Sifat","","আমি বিশ্ববিদ্যালয়ের শিক্ষার্থী। তিন বছর ধরে আমি একটি মেয়েকে ভালোবাসি। সেও আমাকে খুবই ভালোবাসে। সে এবার এসএসসি পরীক্ষা দিয়েছে। আমাদের সম্পর্কের কথা ওর পরিবারের সবাই জানে। জোরপূর্বক ওর বাবা-মা ওকে আট মাস আগে এক প্রবাসী ছেলের সঙ্গে মোবাইল ফোনের মাধ্যমে বিয়ে দেন। বিয়ের পর ছেলেটি বাংলাদেশে আসেনি। আমরা সিদ্ধান্ত নিয়েছি, ছেলেটি বাংলাদেশে আসার এক মাস আগে বিয়ে করে পালিয়ে যাব। ছেলেটি আগামী জানুয়ারি মাসে বাংলাদেশে আসবে। আমাদের পরিবারও আমাদের সম্পর্ক মেনে নেবে না। বিয়ে করতে কোনো আইনি বাধা আছে কি? হয়তো আপনি বলবেন যে মেয়ের বিয়ের বয়স হয়নি। তাহলে আমি বলব মেয়ের বিয়ের বয়স না হলে আট মাস আগে কীভাবে মেয়ের বাবা-মা মেয়েকে বিয়ে দিলেন? আমরা কীভাবে পরস্পরকে পাব, সেই পরামর্শ চাই","1. <other_1124_s7> [মাতৃদুগ্ধ বিকল্প, শিশু খাদ্য, বাণিজ্যিকভাবে , ধারা ৭] শিক্ষামূলক বা অন্যান্য তথ্যাদি — জন্ম-পূর্ববর্তী বা জন্ম-পরবর্তী সেবা দানের উদ্দেশ্যে কোন গর্ভবতী মহিলা বা মাতৃদুগ্ধদানকারী বা শিশুর মায়েদের স
2. <labour_952_s50> [বাংলাদেশ শ্রম আইন, ২০০৬, ধারা ৫০] কতিপয় ক্ষেত্রে নারীর চাকুরীর অবসানে বাধা — যদি কোন মহিলার সন্ত্মান প্রসবের পূর্ববতী ছয় মাস এবং সন্ত্মান প্রসবের পরবর্তী আট সপ্তাহ মেয়াদের মধ্যে তাহাকে 
3. <other_1124_s2> [মাতৃদুগ্ধ বিকল্প, শিশু খাদ্য, বাণিজ্যিকভাবে , ধারা ২] সংজ্ঞা — বিষয় বা প্রসঙ্গের পরিপন্থী কোন কিছু না থাকিলে, এই আইনে,-(ক) ‘‘জাতীয় উপদেষ্টা কমিটি’’ অর্থ ধারা ৮ এর অধীন গঠি
4. <labour_1285_s34> [বাংলাদেশ ইপিজেড শ্রম আইন, ২০১৯, ধারা ৩৪] কতিপয় ক্ষেত্রে মহিলা শ্রমিকের চাকরির অবসানে বাধা — যদি কোনো মহিলা শ্রমিকের সন্তান প্রসবের পূর্ববর্তী ৬ (ছয়) মাস এবং সন্তান প্রসবের পরবর্তী ৮ (আট) সপ্তাহ মেয়াদে
5. <labour_952_s46> [বাংলাদেশ শ্রম আইন, ২০০৬, ধারা ৪৬] প্রসূতি কল্যাণ সুবিধা প্রাপ্তির অধিকার এবং প্রদানের দায়িত্ব — (১) প্রত্যেক মহিলা শ্রমিক তাহার মালিকের নিকট হইতে তাহার সন্ত্মান প্রসবের সম্ভাব্য তারিখের অব্যবহিত পূর্ববর্তী 
6. <other_1476_s171_p15> [কাস্টমস আইন, ২০২৩, ধারা ১৭১] অপরাধসমূহের জরিমানা বা দণ্ড — আরোপণীয় হইবে; অথবা(খ) আদালত কর্তৃক দোষী সাব্যস্ত হইলে, সংশ্লিষ্ট ব্যক্তি তিনি অনধিক ১ (এক) বৎসর মেয়াদের কারা
7. <labour_1285_s30> [বাংলাদেশ ইপিজেড শ্রম আইন, ২০১৯, ধারা ৩০] প্রসূতি কল্যাণ সুবিধা প্রাপ্তির অধিকার এবং প্রদানের দায়িত্ব — (১) প্রত্যেক মহিলা শ্রমিক তাহার মালিকের নিকট হইতে তাহার সন্তান প্রসবের সম্ভাব্য তারিখের অব্যবহিত পূর্ববর্তী ৮ 
8. <other_1037_s85> [বীমা আইন, ২০১০, ধারা ৮৫] পলিসি তামাদির ক্ষেত্রে বীমাকৃতের প্রাপ্তব্য সুবিধাদি সম্পর্কে নোটিশ প্রদান৷ — কোন বীমাকারী যে তারিখে লাইফ ইন্স্যুরেন্স পলিসির প্রিমিয়াম প্রদেয় ছিল, কিন্তু পরিশোধ করা হয়নি ঐ তারিখ হইতে ৩
9. <criminal_procedure_1013_s52> [বরিশাল মহানগরী পুলিশ আইন, ২০০৯, ধারা ৫২] নিয়োগপত্র, প্রভৃতি ফেরত দিতে গাফিলতি বা অস্বীকৃতি জ্ঞাপনের দণ্ড — কোন পুলিশ কর্মকর্তা বাহিনীর সহিত সম্পর্ক ছিন্ন হওয়ার অব্যবহিত পরে তাহার নিয়োগপত্র, অস্ত্র, পোশাক ও অন্যান্য 
10. <criminal_procedure_1012_s52> [সিলেট মহানগরী পুলিশ আইন, ২০০৯, ধারা ৫২] নিয়োগপত্র, প্রভৃতি ফেরৎ দিতে গাফিলতি বা অস্বীকৃতি জ্ঞাপনের দণ্ড — কোন পুলিশ কর্মকর্তা বাহিনীর সহিত সম্পর্ক ছিন্ন হওয়ার অব্যবহিত পরে তাহার নিয়োগপত্র, অস্ত্র, পোশাক ও অন্যান্য ","criminal_procedure_11_s494, women_children_1207_s7, family_180_s2_p0","own_search","answered","2"
"prot_0055_02","Sifat","","আমার বাবার দুই স্ত্রী। আমি ছোট মায়ের সন্তান। আমার আরও দুটি ভাই আছে আমার মায়ের গর্ভের। এ ছাড়া বড় মায়ের ঘরের দুই ছেলে রয়েছে। আমি বিয়ে করিনি। আমার নিজের নামে কিছু জমি রয়েছে। আমার প্রশ্ন হলো, আমার মৃত্যুর পর এই সম্পত্তির অংশিদার কে কে হবেন? আমি চাই, আমার সম্পত্তি শুধু আমার দুই ভাই (নিজের মায়ের সন্তান) পাবে। আমি যদি কোনো অছিয়তনামা বা উইল করে যাই, তাহলে সেটা সম্ভব কি না। আমার পক্ষে এই মুহূর্তে রেজিস্ট্রি করে দেওয়া সম্ভব নয়","1. <other_893_s7> [শিশু-মাতৃ স্বাস্থ্য ইনস্‌টিটিউট আইন, ২০০২, ধারা ৭] ইনস্‌টিটিউটের দায়িত্ব ও কার্যাবলী — ইনস্টিটিউটের দায়িত্ব ও কার্যাবলী হইবে নিম্নরূপ, যথা:-(১) শিশু ও মায়ের স্বাস্থ্য ও পুষ্টি বিষয়ে শিক্ষা, প্রশ
2. <other_1266_s2_p3> [বাংলাদেশ মুক্তিযোদ্ধা কল্যাণ ট্রাস্ট আইন, ২০, ধারা ২] সংজ্ঞা — বা স্বামী এবং পিতা-মাতার অবর্তমানে খেতাবপ্রাপ্ত বীর মুক্তিযোদ্ধার সন্তান; বা(উ) (অ)-(ঈ) পর্যন্ত বর্ণিত ব্যক্তি
3. <other_822_s10> [পার্বত্য চট্টগ্রাম আঞ্চলিক পরিষদ আইন, ১৯৯৮, ধারা ১০] সম্পত্তি সম্পর্কিত ঘোষণা — চেয়ারম্যান ও প্রত্যেক সদস্য তাহার কার্যভার গ্রহণের পূর্বে তাহার এবং তাঁহার পরিবারের কোন সদস্যের স্বত্ব, দখল ব
4. <local_government_1027_s41> [স্থানীয় সরকার (ইউনিয়ন পরিষদ) আইন, ২০০৯, ধারা ৪১] সম্পত্তি সম্পর্কিত ঘোষণা — চেয়ারম্যান ও সদস্য তাঁহার কার্যভার গ্রহণের পূর্বে তাঁহার এবং তাঁহার পরিবারের কোন সদস্যের স্বত্ব, দখল বা স্বার
5. <local_government_827_s10> [উপজেলা পরিষদ আইন, ১৯৯৮, ধারা ১০] সম্পত্তি সম্পর্কিত ঘোষণা — 14[চেয়ারম্যান ও ভাইস চেয়ারম্যান ] তাঁহার কার্যভার গ্রহণের পূর্বে তাঁহার এবং তাঁহার পরিবারের কোন সদস্যের স্বত
6. <other_1124_s7> [মাতৃদুগ্ধ বিকল্প, শিশু খাদ্য, বাণিজ্যিকভাবে , ধারা ৭] শিক্ষামূলক বা অন্যান্য তথ্যাদি — জন্ম-পূর্ববর্তী বা জন্ম-পরবর্তী সেবা দানের উদ্দেশ্যে কোন গর্ভবতী মহিলা বা মাতৃদুগ্ধদানকারী বা শিশুর মায়েদের স
7. <other_1418_s21_p2> [বাংলাদেশ সুপ্রীম কোর্টের বিচারক (ছুটি, পেনশন, ধারা ২১] আনুতোষিক ও পারিবারিক পেনশন — হিসাবে প্রাপ্য হইতেন।(৩) কোনো বিচারক, অবসর গ্রহণের পর তাহার গ্রস-পেনশনের সম্পূর্ণ অংশ সমর্পণ করিতে পারিবেন এবং
8. <other_1349_s2> [আকাশপথে পরিবহণ (মন্ট্রিল কনভেনশন) আইন, ২০২০, ধারা ২] বিষয়বাপ্রসঙ্গেরপরিপন্থিকোনোকিছুনাথাকিলে,এইআইনে-(ক)‘অভ্যন্তরীণপরিবহণ’অর্থআকাশপথে পরিবহণেপক্ষসমূহেরমধ্যেসম্পাদি
9. <labour_1285_s30> [বাংলাদেশ ইপিজেড শ্রম আইন, ২০১৯, ধারা ৩০] প্রসূতি কল্যাণ সুবিধা প্রাপ্তির অধিকার এবং প্রদানের দায়িত্ব — (১) প্রত্যেক মহিলা শ্রমিক তাহার মালিকের নিকট হইতে তাহার সন্তান প্রসবের সম্ভাব্য তারিখের অব্যবহিত পূর্ববর্তী ৮ 
10. <other_1718_s83> [অর্থ (২০২৫-২০২৬ অর্থ বৎসর) আইন, ২০২৬, ধারা ৮৩] ২০২৩ সনের ১২ নং আইনের ধারা ১৩৫ এর সংশোধন — উক্ত আইনের ধারা ১৩৫ এর- (ক) উপ-ধারা (১) এ উল্লিখিত “১০% (দশ শতাংশ)” সংখ্যা, চিহ্ন, বন্ধনী ও শব্দগুলির পরিবর্তে","other_173_s2, land_90_s18","own_search","answered","1"
"dail_0621_02","Sifat","","Further, is the ministry under any obligation to provide the data?","1. <other_373_s11> [The Bangladesh Abandoned Property (Control, , ধারা 11] (1) Any amount payable in respect of any abandoned property shall be paid to the Government by the person liab
2. <other_642_s364_p0> [The Bangladesh Merchant Shipping Ordinance, , ধারা 364] Obligation to render assistance on receiving signal of distress — (1) The master of a Bangladesh ship on receiving at sea a signal of distress or information from any source th
3. <other_701_s4> [The Public Corporations (Management Co-ordin, ধারা 4] The Council — (1) There shall be a Council to be called the Council for Public Corporation for carrying out the purposes by 
4. <other_246_s2_p2> [The Civil Defence Act, 1952, ধারা 2] Power to make rules — The rules made under sub-section (1) may further-(a) provide for the arrest and trial of persons contravening 
5. <other_35_s12> [The Irrigation Act, 1876, ধারা 12] Compensation for loss of drinking water — If any supply of drinking-water is substantially deteriorated or diminished by any works undertaken in accorda
6. <other_36_s5> [The Specific Relief Act, 1877, ধারা 5] Specific relief how given — Specific relief is given-(a) by taking possession of certain property and delivering it to a claimant;(b) by o
7. <other_701_s9> [The Public Corporations (Management Co-ordin, ধারা 9] Performance evaluation — (1) Every public corporation shall prepare an annual performance report in respect of itself and its enterpris
8. <other_367_s77> [The Constitution of the People‌‌‍’s Republic, ধারা 77] Ombudsman — (1) Parliament may, by law, provide for the establishment of the office of Ombudsman.(2) The Ombudsman shall e
9. <other_599_s7> [The Ombudsman Act, 1980, ধারা 7] Procedure in respect of investigations — (1) Where the Ombudsman proposes to conduct an investigation under this Act, he shall-(a) forward a copy of th
10. <other_48_s40> [1The Transfer of Property Act, 1882, ধারা 40] Burden of obligation imposing restriction on use of land, or of obligation annexed to ownership but not amounting to interest or easement — Where, for the more beneficial enjoyment of his own immoveable property, a third person has, independently of ","consumer_1011_s4","own_search","answered","1"
"ajke_0181_01","Sifat","","আমার দাদা-দাদি মারা গেছেন প্রায় ১৫ বছর আগে। চাচা-জ্যাঠারা বেশি বেশি জায়গাজমি ভোগ করছেন। আমার বাবার উপযুক্ত ছেলে নেই। আমাদের ভাগ তাঁদের তুলনায় অর্ধেক। দুই দিন পরপর চাচা-জ্যাঠারা তাঁদের ছেলেদের নিয়ে বাবার দিকে তেড়ে আসেন। আমরা চার বোন। আমাদের বিয়ের সম্বন্ধ এলে বিয়ে ভেঙে দেওয়া হয়। তাঁরা জমি ভাগও করতে চান না। আমাদের আর্থিক অবস্থা খারাপ। আমরা কী করতে পারি?","1. <other_1682_s2_p0> [মানবদেহে অঙ্গ-প্রত্যঙ্গ সংযোজন আইন, ২০২৬, ধারা ২] সংজ্ঞা — বিষয় বা প্রসঙ্গের পরিপন্থি কোনো কিছু না থাকিলে, এই আইনে- (১) “অঙ্গ-প্রত্যঙ্গ” অর্থ মানবদেহের কিডনি, হৃৎপিণ্ড,
2. <other_1349_s2> [আকাশপথে পরিবহণ (মন্ট্রিল কনভেনশন) আইন, ২০২০, ধারা ২] বিষয়বাপ্রসঙ্গেরপরিপন্থিকোনোকিছুনাথাকিলে,এইআইনে-(ক)‘অভ্যন্তরীণপরিবহণ’অর্থআকাশপথে পরিবহণেপক্ষসমূহেরমধ্যেসম্পাদি
3. <local_government_1027_s2_p1> [স্থানীয় সরকার (ইউনিয়ন পরিষদ) আইন, ২০০৯, ধারা ২] সংজ্ঞা — শহর হিসাবে ঘোষিত নয় এইরূপ এলাকা;(১৩) 'চেয়ারম্যান' অর্থ ইউনিয়ন পরিষদের চেয়ারম্যান;(১৪) 'জনপথ' অর্থ সর্বসাধা
4. <other_1443_s14> [বাংলাদেশ ক্ষুদ্র ও কুটির শিল্প কর্পোরেশন আইন, ধারা ১৪] চেয়ারম্যান এবং পরিচালকগণের অযোগ্যতা, অপসারণ, ইত্যাদি — (১) কোনো ব্যক্তি চেয়ারম্যান বা পরিচালক হিসাবে নিযুক্ত হইবার বা থাকিবার যোগ্য হইবেন না, যিনি-(ক) কোনো উপযুক্ত 
5. <labour_1285_s15> [বাংলাদেশ ইপিজেড শ্রম আইন, ২০১৯, ধারা ১৫] লে-অফকৃত শ্রমিকগণের ক্ষতিপূরণের অধিকার — (১) যেক্ষেত্রে সাময়িক শ্রমিক নহেন এইরূপ কোনো শ্রমিককে, যাহার নাম কোনো প্রতিষ্ঠানের মাস্টার রোলে অন্তর্ভুক্ত আ
6. <other_1045_s16> [চার্টার্ড সেক্রেটারীজ আইন, ২০১০, ধারা ১৬] সদস্য হইবার ক্ষেত্রে অযোগ্যতা — ধারা ১৫ তে যাহা কিছুই থাকুক না কেন, কোন ব্যক্তি সদস্য হইবার যোগ্য হইবেন না, যদি-(ক) তিনি কোন স্বীকৃত বিশ্ববিদ্
7. <other_1252_s10> [বাংলাদেশ কৃষি উন্নয়ন কর্পোরেশন আইন, ২০১৮, ধারা ১০] চেয়ারম্যান এবং পরিচালকগণের অযোগ্যতা, অপসারণ ইত্যাদি — (১) কোনো ব্যক্তি চেয়ারম্যান বা পরিচালক হিসাবে নিযুক্ত হইবার বা থাকিবার যোগ্য হইবেন না, যিনি-(ক) কোনো উপযুক্ত 
8. <other_1070_s22> [উদ্ভিদ সংগনিরোধ আইন, ২০১১, ধারা ২২] লিখিত বিজ্ঞপ্তি — (১) যদি উদ্ভিদ সংগনিরোধ কর্মকর্তা এই মর্মে নিশ্চিত হন যে, কোন একটি স্থানে সংগনিরোধ বালাই রহিয়াছে, তাহা হইলে ত
9. <women_children_1119_s2_p1> [শিশু আইন, ২০১৩, ধারা ২] সংজ্ঞা — অর্থ দাদা, দাদী, নানা, নানী, চাচা, চাচী, ফুফা, ফুফু, মামা, মামী, খালা, খালু, ভাই, ভাবী, ভগ্নি, ভগ্নিপতি বা এইর
10. <other_744_s11_p1> [অর্থ আইন, ১৯৯০, ধারা ১১] আয়কর — সাপেক্ষে, উক্ত আয়ের উপর প্রদেয় আয়কর নিম্নবর্ণিত পন্থায় হ্রাস করা হইবে :পরিমাণ।(অ) যে ক্ষেত্রে রপ্তানীকৃত দ","none","none","not_found","1"
"prot_0128_05","Sifat","","আমার বাবা জীবিত থাকাকালে মাকে ৩০ শতাংশ জমি একটি স্ট্যাম্পে লিখে দান করে দিয়ে যান। আমরা দুই ভাই ও তিন বোন। বাবার মৃত্যুর পর আমার অন্য ভাই মাকে দেখাশোনা করেন না। মা আমাকে মায়ের ৩০ শতাংশ জমি মৃত্যুর আগে দলিল করে দান করে দিয়ে যান। আমি এ সম্পত্তিতে দখল নিই সঙ্গে সঙ্গে। হস্তান্তর করার পরপরই মা যখন জীবিত ছিলেন মাকে নিয়ে রেজিস্ট্রি করার সময় দলিল লেখক বাবার অন্যান্য সম্পত্তির দাগ নম্বর ভুল করেছেন, যার মধ্যে মায়ের আগে প্রাপ্ত দলিলে উল্লিখিত জমির দাগ নম্বরটির উল্লেখ নেই। আমি এখন এ জমি নিয়ে খুব দুশ্চিন্তায় আছি। আমার ভাই ও বোনেরা বলছে এ সম্পত্তি তারাও নাকি পাবে।উল্লেখ্য, এ জমি আমার দখলেই আছে। এখন আমি কীভাবে আমার দলিলটি সংশোধন করতে পারি?","1. <other_721_s7> [বাংলাদেশ ঋণ সালিসি আইন, ১৯৮৯, ধারা ৭] কতিপয় বিক্রয় বাতিল — (১) এই আইন বলবত্ হইবার পর অনধিক দুই একর কৃষি জমির মালিক কোন কৃষক প্রাকৃতিক দুর্যোগে তগতিগ্রস্ত হওয়ার বা জীবন 
2. <other_1718_s83> [অর্থ (২০২৫-২০২৬ অর্থ বৎসর) আইন, ২০২৬, ধারা ৮৩] ২০২৩ সনের ১২ নং আইনের ধারা ১৩৫ এর সংশোধন — উক্ত আইনের ধারা ১৩৫ এর- (ক) উপ-ধারা (১) এ উল্লিখিত “১০% (দশ শতাংশ)” সংখ্যা, চিহ্ন, বন্ধনী ও শব্দগুলির পরিবর্তে
3. <other_722_s15> [পার্বত্য জেলাসমূহ (আইন রহিত ও প্রয়োগ এবং বিশ, ধারা ১৫] বসতবাড়ীর জন্য গ্রামীণ জমি দখল — (১) কোন পাহাড়ী ব্যক্তি পৌর এলাকা-বহির্ভূত অনধিক ত্রিশ শতাংশ পর্যন্ত খাস জমি তাহার নিজ বসতবাড়ীর জন্য হেডম্যান
4. <money_recovery_876_s42> [সমবায় সমিতি আইন, ২০০১, ধারা ৪২] সমিতির ধারণকৃত কতিপয় জমির দখল এবং জমির স্বার্থ হস্তান্তরে বাধা-নিষেধ — এই আইনের অন্য কোন ধারায় কিংবা আপাততঃ বলবত্ অন্য কোন আইনে যাহাই থাকুক না কেন-(ক) যেই সমবায় সমিতির উদ্দেশ্য হই
5. <other_857_s45> [বাংলাদেশ টেলিযোগাযোগ নিয়ন্ত্রণ আইন, ২০০১, ধারা ৪৫] লাইসেন্সধারীর প্রয়োজনে বাধ্যতামূলকভাবে বেসরকারী জমি অধিগ্রহণ — (১) লাইসেন্সের অধীন কাজকর্ম সম্পাদন বা পরিচালনার জন্য প্রয়োজনীয় কোন জমি ব্যবহারের ক্ষেত্রে লাইসেন্সধারী বাধা
6. <other_721_s6_p0> [বাংলাদেশ ঋণ সালিসি আইন, ১৯৮৯, ধারা ৬] কতিপয় জমির বিক্রয় খায়খালাসী বন্ধক ঘোষণা — (১) এই আইন বলবত্ হইবার পর অনধিক তিন একর কৃষি জমির মালিক কোন কৃষক প্রাকৃতিক দুর্যোগে তগতিগ্রস্ত হওয়ার বা জীবন 
7. <other_721_s8> [বাংলাদেশ ঋণ সালিসি আইন, ১৯৮৯, ধারা ৮] জমি প্রত্যর্পণের নির্দেশ কার্যকরকরণ — ক্রেতা বোর্ডের নির্দেশানুসারে জমির দখল প্রত্যর্পণ না করিলে বা করিতে ব্যর্থ হইলে, জমির দখল পাওয়ার জন্য বিক্রেত
8. <other_1429_s133> [আয়কর আইন, ২০২৩, ধারা ১৩৩] প্রকাশ্য নিলামের বিক্রি হইতে কর সংগ্র — (১) কোনো ব্যক্তি কোনো নির্দিষ্ট মালিকের কোনো পণ্য বা সম্পত্তি সীলমোহরযুক্ত দরপত্রের মাধ্যমে প্রকাশ্য নিলামে বি
9. <other_1682_s2_p0> [মানবদেহে অঙ্গ-প্রত্যঙ্গ সংযোজন আইন, ২০২৬, ধারা ২] সংজ্ঞা — বিষয় বা প্রসঙ্গের পরিপন্থি কোনো কিছু না থাকিলে, এই আইনে- (১) “অঙ্গ-প্রত্যঙ্গ” অর্থ মানবদেহের কিডনি, হৃৎপিণ্ড,
10. <civil_registration_921_s13> [জন্ম ও মৃত্যু নিবন্ধন আইন, ২০০৪, ধারা ১৩] বিলম্বিত নিবন্ধন — ধারা ৮ এ উল্লিখিত নির্দিষ্ট সময়ের মধ্যে জন্ম বা মৃত্যুর তথ্য নিবন্ধকের নিকট প্রেরণ করা না হইলে পরবর্তী সময় উ","other_36_s31","own_search","answered","2"
"prot_0111_03","Sifat","","তবে দ্বিতীয় বিয়ে প্রমাণ করার ক্ষেত্রে বিয়ের কাবিননামা দেখাতে হবে।বিয়ের বৈধ কাগজপত্র ছাড়া দ্বিতীয় বিয়ে প্রমাণ করা দুরূহ ব্যাপার। আপনি সংশ্লিষ্ট রেজিস্ট্রারের কাছে আপনার স্বামীর দ্বিতীয় বিয়ের তথ্যের জন্য আবেদন করতে পারেন। এরপর মুখ্য বিচারিক হাকিমের আদালতে আইনজীবীর মাধ্যমে মামলা করতে পারেন।চুক্তি না মানলে প্রতিকার কী?","1. <other_1190_s18> [পেট্রোলিয়াম আইন, ২০১৬, ধারা ১৮] পরীক্ষণ সনদ — (১) পেট্রোলিয়ামের নমুনা পরীক্ষণ করিবার পর, পরীক্ষণ কর্মকর্তা সরকার কর্তৃক, সরকারি গেজেটে প্রজ্ঞাপন দ্বারা, নি
2. <other_812_s62> [দেউলিয়া বিষয়ক আইন, ১৯৯৭, ধারা ৬২] রহিতকরণের জন্য আবেদনকারী ব্যক্তি — কোন হস্তান্তর, অর্থ পরিশোধ, দায়বদ্ধতা বা বিচার কার্যধারার ফলাফল ধারা ৬০ বা ৬১ এর অধীনে রহিতকরণের জন্য কেবল রি
3. <other_857_s83> [বাংলাদেশ টেলিযোগাযোগ নিয়ন্ত্রণ আইন, ২০০১, ধারা ৮৩] বার্তার অবৈধ প্রকাশ সম্পর্কে দেওয়ানী মামলা ও অন্যান্য প্রতিকার লাভের অধিকার — (১) যদি কোন ব্যক্তি যুক্তিসঙ্গত কারণে বিশ্বাস করেন যে, তত্কর্তৃক প্রেরিত বা গৃহীত বার্তা অবৈধভাবে প্রকাশ করা হ
4. <other_1106_s123> [মূল্য সংযোজন কর ও সম্পূরক শুল্ক আইন, ২০১২, ধারা ১২৩] কার্যধারায় সাক্ষ্য প্রমাণের দায় — (১) কমিশনার (আপীল) ও292[আপিল ট্রাইব্যুনালের] কোন কার্যধারায় বিচার্য বিষয় প্রমাণের ক্ষেত্রে নির্ধারিত পদ্ধতিত
5. <family_938_s6ক> [গ্রাম আদালত আইন, ২০০৬, ধারা ৬ক] Limitation Act, 1908(Act No IX of 1908) এ যাহা কিছুই থাকুক না কেন, তফসিলের-(ক) প্রথম অংশে বর্ণিত ফৌজদারী মামলা
6. <other_788_s324> [কোম্পানী আইন, ১৯৯৪, ধারা ৩২৪] দেউলিয়া কোম্পানীসমূহের অবলুপ্তির ক্ষেত্রে দেউলিয়াত্ব সংক্রান্ত আইনের প্রয়োগ — দেউলিয়ারূপে ঘোষিত কোম্পানীর অবলুপ্তির ক্ষেত্রে, জামানতধারী ও জামানতবিহীন পাওনাদারের স্ব স্ব অধিকার, প্রমাণ সা
7. <other_1717_s60> [ব্যাংক রেজল্যুশন আইন, ২০২৬, ধারা ৬০] কোম্পানি কর্তৃক অপরাধ সংঘটন — কোনো কোম্পানি কর্তৃক কোনো অপরাধ সংঘটনের ক্ষেত্রে উক্ত কোম্পানির সহিত সংশ্লিষ্ট প্রত্যেক ব্যক্তি যাহারা অপরাধ স
8. <other_1037_s128> [বীমা আইন, ২০১০, ধারা ১২৮] দ্বিতীয় জরিপ৷ — (১) কর্তৃপক্ষের নিকট যদি এইরূপ বিশ্বাস করিবার কারণ থাকে, কোন বীমা জরিপকারী মিথ্যা প্রতিবেদন দাখিল করিয়াছে বা 
9. <other_850_s46> [সালিস আইন, ২০০১, ধারা ৪৬] বিদেশী সালিসী রোয়েদাদ বাস্তবায়ন অস্বীকৃতির কারণসমূহ — (১) কেবলমাত্র নিম্নোক্ত কারণে বিদেশী সালিসী রোয়েদাদ কার্যকর করিতে অস্বীকার করা যাইতে পারে, যথা:-(ক) যে পক্ষের
10. <criminal_procedure_765_s45> [রাজশাহী মহানগরী পুলিশ আইন, ১৯৯২, ধারা ৪৫] আপীল — (১) ধারা ৪০, ৪১ বা ৪২ এর অধীন আদেশ জারীর ফলে কোন ব্যক্তি ক্ষতিগ্রস্ত হইলে তিনি অনুরূপ আদেশ জারীর তারিখ হইতে ত্","other_26_s73, other_36_s12_p0","own_search","answered","1"
"prot_0069_04","Sifat","","‘পাত্রী চাই’ বিজ্ঞাপনের মাধ্যমে মেয়েটির সঙ্গে আমার পরিচয়। একপর্যায়ে প্রেমের সম্পর্ক হয়ে যায় মুঠোফোনে। তার সঙ্গে দেখা করার জন্য দীর্ঘ পথ পাড়ি দিয়ে তার বাসার কাছে গেলেও সে নানা অজুহাতে দেখা করেনি। সম্পর্ক চলাকালে সে আমার কাছ থেকে একটি ল্যাপটপ, একটি মোবাইল ফোনসেট, দুই ভরি ওজনের সোনার হার এবং অন্যান্য উপহারসহ প্রায় দেড় লাখ টাকার মালামাল আদায় করে, যা কুরিয়ারের মাধ্যমে পাঠিয়ে দিই। বিয়ের দিনও ঠিক হয়ে যায়। কিন্তু গত দুই মাস ধরে তার সঙ্গে যোগাযোগ করতে পারছি না। ফোন করলে ধরে না। বুঝেছি, প্রতারণার শিকার হয়েছি। ইচ্ছে হয় প্রতিশোধ নিই। এখন কী করতে পারি?নাম প্রকাশে অনিচ্ছুকচট্টগ্রাম","1. <labour_952_s340> [বাংলাদেশ শ্রম আইন, ২০০৬, ধারা ৩৪০] নিয়োগ সম্পর্ক অনুমান — কোন ব্যক্তিকে কোন কারখানায় উহার কাজ চলাকালে, আহার বা বিশ্রামের জন্য বিরতির সময় ব্যতীত অন্য কোন সময়ে অথবা উহ
2. <women_children_835_s14> [নারী ও শিশু নির্যাতন দমন আইন, ২০০০, ধারা ১৪] সংবাদ মাধ্যমে 1 [নির্যাতনের শিকার] নারী ও শিশুর পরিচয় প্রকাশের ব্যাপারে বাধা-নিষেধ — (১) এই আইনে বর্ণিত অপরাধের শিকার হইয়াছেন এইরূপ নারী বা শিশুর ব্যাপারে সংঘটিত অপরাধ বা তত্সম্পর্কিত আইনগত কার্
3. <labour_952_s153> [বাংলাদেশ শ্রম আইন, ২০০৬, ধারা ১৫৩] পুনর্বিবেচনা — (১) এই অধ্যায়ের অধীন প্রদেয় কোন মাসিক ৰতিপূরণ, উহা পৰ- দ্বয়ের মধ্যে চুক্তির অধীন হউক অথবা শ্রম আদালতের আদেশ
4. <labour_1285_s76> [বাংলাদেশ ইপিজেড শ্রম আইন, ২০১৯, ধারা ৭৬] পুনর্বিবেচনা — এই অধ্যায়ের অধীন প্রদেয় কোনো মাসিক ক্ষতিপূরণ, উহা পক্ষদ্বয়ের মধ্যে চুক্তির অধীন হউক অথবা ইপিজেড শ্রম আদালতে
5. <other_1403_s27> [মোংলা বন্দর কর্তৃপক্ষ আইন, ২০২২, ধারা ২৭] পণ্য বিক্রয়ের মাধ্যমে অনাদায়ি টোল আদায় — (১) কর্তৃপক্ষের কোনো ভাড়া, টোল, রেইট, ফি, মাশুল বা অন্যান্য পাওনা বা পূর্বস্বত্ব (lien) অনাদায়ি থাকিলে এবং জ
6. <other_1404_s28> [চট্টগ্রাম বন্দর কর্তৃপক্ষ আইন, ২০২২, ধারা ২৮] পণ্য বিক্রয়ের মাধ্যমে অনাদায়ি টোল আদায় — (১) কর্তৃপক্ষের কোনো ভাড়া, টোল, রেইট, ফি, মাশুল, ক্ষতিপূরণ ও অন্যান্য পাওনা বা পূর্বস্বত্ব অনাদায়ি থাকিলে এব
7. <other_1717_s18ক_p2> [ব্যাংক রেজল্যুশন আইন, ২০২৬, ধারা ১৮ক] রেজল্যুশন কার্যক্রম হইতে শেয়ার, সম্পদ-দায়, পুনঃধারণ বা ধারণ — কার্যক্রম তদারকি করিবে এবং দুই বছর পর একটি বিশেষ কমিটি গঠনপূর্বক উল্লিখিত শর্ত এবং আইনী অন্যান্য বাধ্যবাধকতা প
8. <consumer_1452_s2_p4> [কপিরাইট আইন, ২০২৩, ধারা ২] সংজ্ঞা — প্রযুক্তি-ভিত্তিক ডিজিটাল কর্ম” অর্থ কোনো সুনির্দিষ্ট ফলাফল পাইবার উদ্দেশ্যে তথ্য ও উপাত্ত প্রক্রিয়াকরণ করিয়
9. <criminal_procedure_1239_s74> [রংপুর মহানগরী পুলিশ আইন, ২০১৮, ধারা ৭৪] অননুমোদিত স্থানে পশু জবাই বা পশুর মৃতদেহ পরিষ্কার করিবার দণ্ড — কোনো ব্যক্তি পুলিশ কমিশনার কর্তৃক নির্ধারিত স্থান ব্যতিরেকে অন্য কোনো স্থানে বা রাস্তায় বা প্রকাশ্য স্থানে বা
10. <criminal_procedure_1238_s74> [গাজীপুর মহানগরী পুলিশ আইন, ২০১৮, ধারা ৭৪] অননুমোদিত স্থানে পশু জবাই বা পশুর মৃতদেহ পরিষ্কার করিবার দণ্ড — কোনো ব্যক্তি পুলিশ কমিশনার কর্তৃক নির্ধারিত স্থান ব্যতিরেকে অন্য কোনো স্থানে বা রাস্তায় বা প্রকাশ্য স্থানে বা","criminal_procedure_11_s420","own_search","answered","2"
"prot_0111_06","Sifat","","বহির্ভূত ঝুঁকিপূর্ণ ভবন তৈরি করার জন্য রাজউক, রিহ্যাব কিংবা স্থানীয় থানায় আমার জন্য কি কোনো আইন নেই?","1. <other_1131_s30ক> [বৈদেশিক কর্মসংস্থান ও অভিবাসী আইন, ২০১৩, ধারা ৩০ক] (১) প্রত্যেক অভিবাসী কর্মী বৈদেশিক কর্মসংস্থানের জন্য প্রশিক্ষণ গ্রহণ ও বৈধ পন্থা অবলম্বন করিবেন এবং বিদেশে অব
2. <other_791_s10> [বাংলাদেশ পরিবেশ সংরক্ষণ আইন, ১৯৯৫, ধারা ১০] প্রবেশ ইত্যাদির ক্ষমতা — (১) এই ধারার বিধানাবলী সাপেক্ষে, মহাপরিচালক হইতে এতদুদ্দেশ্যে সাধারণ বা বিশেষভাবে ক্ষমতাপ্রাপ্ত, কোন ব্যক্তি স
3. <other_1246_s7> [ক্যান্টনমেন্ট আইন, ২০১৮, ধারা ৭] কোনো স্থানীয় এলাকার ক্যান্টনমেন্টের অংশ হিসাবে অন্তর্ভুক্তির অবসায়নে ক্যান্টনমেন্ট বোর্ড তহবিল ব্যবস্থাপনা — (১) যখন, ধারা ৪ এর অধীন প্রজ্ঞাপন দ্বারা, ক্যান্টনমেন্টের অংশ হিসাবে অন্তর্ভুক্ত কোনো স্থানীয় এলাকা, কোনো নির
4. <other_1179_s32> [কক্সবাজার উন্নয়ন কর্তৃপক্ষ আইন, ২০১৬, ধারা ৩২] স্থানীয় কর্তৃপক্ষ অথবা পৌরসভা কর্তৃক ইমারত নির্মাণের অনুমতি প্রদান নিষিদ্ধ — (১) অন্য কোন আইনে যাহা কিছুই থাকুক না কেন, এই আইন কার্যকর হইবার পর, কর্তৃপক্ষের আওতাধীন এলাকার মধ্যে ক্ষমতাপ্র
5. <other_1482_s31> [বাংলাদেশ হোমিওপ্যাথিক চিকিৎসা শিক্ষা আইন, ২০, ধারা ৩১] ব্যবস্থাপত্রে অ-অনুমোদিত ঔষধ লিখিবার দণ্ড — (১) কোনো হোমিওপ্যাথিক চিকিৎসক হোমিওপ্যাথিক ফার্মাকোপিয়াতে অন্তর্ভুক্ত নেই এমন কোনো ঔষধ হোমিওপ্যাথিক চিকিৎসা ব
6. <other_1701_s46> [কুমিল্লা উন্নয়ন কর্তৃপক্ষ আইন, ২০২৬, ধারা ৪৬] স্থানীয় কর্তৃপক্ষ কর্তৃক ইমারত নির্মাণের অনুমতি প্রদানে বিধি-নিষেধ — (১) অন্য কোনো আইনে যাহা কিছুই থাকুক না কেন, এই আইন কার্যকর হইবার পর, কর্তৃপক্ষের আওতাধীন এলাকার মধ্যে কোনো স্থ
7. <other_1698_s45> [বরিশাল উন্নয়ন কর্তৃপক্ষ আইন, ২০২৬, ধারা ৪৫] স্থানীয় কর্তৃপক্ষ কর্তৃক ইমারত নির্মাণের অনুমতি প্রদানে বিধি-নিষেধ। — (১) অন্য কোনো আইনে যাহা কিছুই থাকুক না কেন, এই আইন কার্যকর হইবার পর, কর্তৃপক্ষের আওতাধীন এলাকার মধ্যে কোনো স্থ
8. <other_1702_s45> [রংপুর উন্নয়ন কর্তৃপক্ষ আইন, ২০২৬, ধারা ৪৫] স্থানীয় কর্তৃপক্ষ কর্তৃক ইমারত নির্মাণের অনুমতি প্রদানে বিধি-নিষেধ — (১) অন্য কোনো আইনে যাহা কিছুই থাকুক না কেন, এই আইন কার্যকর হইবার পর, কর্তৃপক্ষের আওতাধীন এলাকার মধ্যে কোনো স্থ
9. <other_1697_s46> [নারায়ণগঞ্জ উন্নয়ন কর্তৃপক্ষ আইন, ২০২৬, ধারা ৪৬] স্থানীয় কর্তৃপক্ষ কর্তৃক ইমারত নির্মাণের অনুমতি প্রদানে বিধি-নিষেধ — (১) অন্য কোনো আইনে যাহা কিছুই থাকুক না কেন, এই আইন কার্যকর হইবার পর, কর্তৃপক্ষের আওতাধীন এলাকার মধ্যে কোনো স্থ
10. <other_1699_s45> [ময়মনসিংহ উন্নয়ন কর্তৃপক্ষ আইন, ২০২৬, ধারা ৪৫] স্থানীয় কর্তৃপক্ষ কর্তৃক ইমারত নির্মাণের অনুমতি প্রদানে বিধি-নিষেধ — (১) অন্য কোনো আইনে যাহা কিছুই থাকুক না কেন, এই আইন কার্যকর হইবার পর, কর্তৃপক্ষের আওতাধীন এলাকার মধ্যে কোনো স্থ","other_1696_s54","own_search","answered","1"
"prot_0058_03","Sifat","","অভিভাবকেরা বাসায় কাজি ডেকে আমার বিয়ে পড়ান ২৭ বছর আগে। তখন আমরা দুজনই শিক্ষার্থী ছিলাম। লেখাপড়া শেষ করার পর থেকে এখন পর্যন্ত আমার স্বামী বেকার। বিয়ের ১০ বছর পর আমাদের এক কন্যাসন্তানের জন্ম হয়। সন্তানের মুখ দেখেও তার কোনো দায়িত্ববোধ হলো না। তার বেকারত্ব ও বদমেজাজের কারণে একটা সময় সন্তান নিয়ে আলাদা হয়ে যাই। নয় বছর ধরে আমি আলাদা আছি। সন্তানের সব দায়িত্ব আমার ওপর। সে কোনো খরচ দেয় না।এ অবস্থায় আমাদের কি তালাক হয়ে গেছে? নাকি আইনি প্রক্রিয়ায় তালাক দিতে হবে। আমি ছয় বছর আগে হাতে লেখা তালাকনামা দিয়েছিলাম। আমাদের বিবাহ নিবন্ধন হয়নি। এখন আমার করণীয় কী?","1. <women_children_835_s13> [নারী ও শিশু নির্যাতন দমন আইন, ২০০০, ধারা ১৩] (১) অন্য কোন আইনে ভিন্নতর যাহা কিছুই থাকুক না কেন, ধর্ষণের কারণে কোন সন্তান জন্মলাভ করিলে-(ক) উক্ত সন্তানকে তা
2. <other_1064_s17> [আন্তজার্তিক মাতৃভাষা ইনস্টিটিউট  আইন, ২০১০, ধারা ১৭] প্রতিবেদন — (১) প্রতি পঞ্জিকা বছর শেষ হইবার সঙ্গে সঙ্গে ইনস্টিটিউট উক্ত বৎসরে সম্পাদিত কার্যাবলীর খতিয়ান-সম্বলিত বার্ষিক 
3. <other_1132_s2> [পিতা-মাতার ভরণ-পোষণ আইন, ২০১৩, ধারা ২] সংজ্ঞা — বিষয় বা প্রসঙ্গের পরিপন্থী কোন কিছু না থাকিলে, এই আইনে—(ক) “পিতা” অর্থ এমন ব্যক্তি যিনি সন্তানের জনক;(খ) “ভরণ
4. <labour_952_s95> [বাংলাদেশ শ্রম আইন, ২০০৬, ধারা ৯৫] চা-বাগানে বিনোদন ও শিক্ষার সুবিধা — সরকার চা বাগান সম্পর্কে-(ক) বিধি প্রণয়ন করিয়া উহার প্রত্যেক মালিককে সেখানে নিযুক্ত শ্রমিকগণ এবং তাহাদের শিশু
5. <labour_952_s289> [বাংলাদেশ শ্রম আইন, ২০০৬, ধারা ২৮৯] নিম্নতম মজুরী হারের কম হারে মজুরী প্রদানের দণ্ড — (১) কোন মালিক একাদশ অধ্যায়ের অধীন ঘোষিত নিম্নতম মজুরী হারের কম হারে কোন শ্রমিককে মজুরী প্রদান করিলে, তিনি এক 
6. <other_1429_s31> [আয়কর আইন, ২০২৩, ধারা ৩১] আয় একীভূতকরণ — (১) এই আইনে ভিন্নরূপ কিছু না থাকিলে, নিম্নবর্ণিত আয়সমূহ কোনো ব্যক্তির মোট আয়ের অন্তর্ভুক্ত হইবে, যথা:-(ক) উক
7. <other_1016_s11> [বাংলাদেশ ইউনিভার্সিটি অব প্রফেশনালস আইন, ২০০, ধারা ১১] ভাইস-চ্যান্সেলর নিয়োগ — (১) চ্যান্সেলর, তদকর্তৃক নির্ধারিত শর্তে, মেজর জেনারেল বা তদূর্ধ্ব পদবীর, চাকুরীরত বা অবসরপ্রাপ্ত, কোন কর্মকর্
8. <other_775_s26> [বাংলাদেশ সিকিউরিটিজ অ্যান্ড এক্সচেঞ্জ কমিশন , ধারা ২৬] জটিলতার নিরসনের ক্ষমতা — (১) এই আইনের বিধানাবলী কার্যকর করার ক্ষেত্রে কোন অসুবিধা দেখা দিলে সরকার উক্ত অসুবিধা দূরীকরণার্থে, আদেশ দ্বার
9. <other_813_s20> [বাংলাদেশ কমার্স এন্ড ইনভেষ্টমেন্ট লিমিটেড (প, ধারা ২০] জটিলতা নিরসনের ক্ষমতা — (১) এই আইনের বিধানাবলী কার্যকর করার ক্ষেত্রে কোন অসুবিধা দেখা দিলে সরকার উক্ত অসুবিধা দূরীকরণার্থে, আদেশ দ্বার
10. <other_1217_s19> [বাংলাদেশ সড়ক পরিবহণ কর্তৃপক্ষ আইন, ২০১৭, ধারা ১৯] বার্ষিক বাজেট বিবরণী — কর্তৃপক্ষ, প্রতি অর্থ বছর সরকার কর্তৃক নির্দিষ্ট সময়ের মধ্যে পরবর্তী অর্থবৎসরের বার্ষিক বাজেট প্রস্তুত করিয়া","family_305_s8, family_180_s2_p0","own_search","answered","2"
"prot_0071_02","Sifat","","আমার বাবারা আট ভাইবোন। আমার দাদার স্থাবর-অস্থাবর সব সম্পত্তি তিনি জীবিত থাকাকালে সন্তানদের নামে একই দলিলে (অংশ উল্লেখ না করে) দলিল করে দেন। এখন আমার দাদা, বাবা ও একমাত্র ফুপু জীবিত নেই। দাদা মারা যাওয়ার তিন-চার বছর আগেই আমার বাবা মারা যান। এ অবস্থায় আমার চাচারা এবং আমার বাবার সন্তান হিসেবে আমরা দুই ভাই দাদার দলিল করা সম্পত্তিগুলো যার যার সুবিধামতো ভোগ করে আসছি। কিন্তু এখন বাবা মারা যাওয়ার আগে তিনি তাঁর নিজের নামে যেসব সম্পত্তি কিনেছিলেন এবং অংশীদার হিসেবে বাবা সম্পত্তির যে অংশ পাবেন, আমার চাচারা সেসব সম্পত্তির দুই আনা অংশ দাবি করছেন।এ অবস্থায় আমরা দুই ভাই (বোন নেই) ও মা-ই সব সম্পত্তির মালিক, না চাচারাও এর কোনো অংশ পাবেন? মো. সোহাগ হোসেননওগাঁ","1. <other_1478_s45> [ফাইন্যান্স কোম্পানি আইন, ২০২৩, ধারা ৪৫] লাইসেন্সবিহীন অর্থায়ন ব্যবসায় জড়িত ব্যক্তির সম্পদের নিয়ন্ত্রণ — (১) ধারা ৪৪ এ যাহা কিছুই থাকুক না কেন, কোনো ব্যক্তি সম্পর্কে ধারা ৪৩ অনুযায়ী কোনো ঘোষণা প্রকাশিত হইলে উক্ত ব্
2. <other_788_s335_p0> [কোম্পানী আইন, ১৯৯৪, ধারা ৩৩৫] দণ্ড — (১) যে কোন পদ্ধতিতে কোম্পানীর অবলুপ্তি চলিতে থাকাকালে কোম্পানীর সাবেক বা বর্তমান কোন পরিচালক, ম্যানেজিং এজেন্ট
3. <land_1109_s15> [ওয়াক্‌ফ (সম্পত্তি হস্তান্তর ও উন্নয়ন) বিশেষ , ধারা ১৫] স্বীয় উদ্যোগে ওয়াক্‌ফ সম্পত্তির উন্নয়ন — কোন ওয়াক্ফ সম্পত্তি অংশীদারিত্বের ভিত্তিতে উন্নয়নের জন্য কোন রিয়েল এস্টট ডেভেলপার এ সাথে কোন চুক্তি না করিয
4. <criminal_procedure_765_s23> [রাজশাহী মহানগরী পুলিশ আইন, ১৯৯২, ধারা ২৩] বেওয়ারিশ সম্পত্তির দায়িত্ব গ্রহণ ও বিলিবন্টন — (১) নিম্নবর্ণিত জিনিসের সাময়িকভাবে দায়িত্ব গ্রহণ করা পুলিশ কর্মকর্তার কর্তব্য হইবে, যথা:-(ক) তাঁহার নজরে আসি
5. <local_government_827_s8_p1> [উপজেলা পরিষদ আইন, ১৯৯৮, ধারা ৮] বা ব্যক্তিবর্গের নামে বা তাঁহার সুবিধার্থে বা তাঁহার উপলক্ষে বা কোন হিন্দু যৌথ পরিবারের সদস্য হিসাবে তাঁহার কো
6. <land_1455_s5> [ভূমি সংস্কার আইন, ২০২৩, ধারা ৫] স্থাবর সম্পত্তির বেনামি লেনদেন — (১) কোনো ব্যক্তি নিজের উপকারার্থে কোনো স্থাবর সম্পত্তির বেনামি লেনদেন করিতে পারিবেন না।ব্যাখ্যা।-এই ধারায় ‘বে
7. <criminal_procedure_1239_s23> [রংপুর মহানগরী পুলিশ আইন, ২০১৮, ধারা ২৩] বেওয়ারিশ সম্পত্তির দায়িত্ব গ্রহণ ও বিলিবণ্টন — (১) নিম্নবর্ণিত সম্পত্তির সাময়িকভাবে দায়িত্ব গ্রহণ করা পুলিশ অফিসারের কর্তব্য হইবে, যথা :-(ক) তাহার গোচরীভূত
8. <criminal_procedure_1238_s23> [গাজীপুর মহানগরী পুলিশ আইন, ২০১৮, ধারা ২৩] বেওয়ারিশ সম্পত্তির দায়িত্ব গ্রহণ ও বিলিবণ্টন — (১) নিম্নবর্ণিত সম্পত্তির সাময়িকভাবে দায়িত্ব গ্রহণ করা পুলিশ অফিসারের কর্তব্য হইবে, যথা :-(ক) তাহার গোচরীভূত
9. <land_1455_s10> [ভূমি সংস্কার আইন, ২০২৩, ধারা ১০] বর্গাদারের মৃত্যুর পর বর্গাভূমির চাষ — (১) কোনো বর্গাদার বর্গাচুক্তির মেয়াদ শেষ হইবার পূর্বে মারা গেলে, উহার মেয়াদ শেষ না হওয়া পর্যন্ত অথবা এই আইন
10. <other_1682_s2_p0> [মানবদেহে অঙ্গ-প্রত্যঙ্গ সংযোজন আইন, ২০২৬, ধারা ২] সংজ্ঞা — বিষয় বা প্রসঙ্গের পরিপন্থি কোনো কিছু না থাকিলে, এই আইনে- (১) “অঙ্গ-প্রত্যঙ্গ” অর্থ মানবদেহের কিডনি, হৃৎপিণ্ড,","other_173_s2, family_305_s4","own_search","answered","2"
"prot_0109_03","Sifat","","চুরির অভিযোগে মিথ্যা মামলা করা হয়ে থাকলে আদালতেই তা প্রমাণ করতে হবে। তবে মিথ্যা মামলার অভিযোগে দণ্ডবিধি আইন অনুযায়ী প্রতিকার চাইতে পারেন। মেয়েটির স্বামী প্রথম স্ত্রীর অনুমতি না নিয়ে দ্বিতীয় বিয়ে করলে ১৯৬১ সালের মুসলিম পারিবারিক আইন অনুযায়ী মামলা করার সুযোগ আছে। এ আইন অনুযায়ী শাস্তিরও বিধান আছে।প্রাপ্য দাবি আদায়ে কী পদক্ষেপ নিতে পারি?","1. <labour_952_s316> [বাংলাদেশ শ্রম আইন, ২০০৬, ধারা ৩১৬] মামলা প্রত্যাহার — যে ব্যক্তির অভিযোগে এই আইন বা কোন বিধি, প্রবিধান বা স্কীমের অধীন কোন মামলা শুরু হইয়াছে সে ব্যক্তির দরখাস্ত ব্
2. <other_1271_s24> [সরকারি চাকরি আইন, ২০১৮, ধারা ২৪] আইনি সহায়তা — (১) কোনো কর্মচারীর বিরুদ্ধে, সরকারি দায়িত্ব পালনের সহিত সম্পর্কিত কোনো বিষয়ে তাহাকে ব্যক্তিগতভাবে দায়ী করিয
3. <family_1444_s26> [পারিবারিক আদালত আইন, ২০২৩, ধারা ২৬] মুসলিম পারিবারিক আইনের বিধানকে প্রভাবিত না করা — (১) এই আইনের কোনো কিছুই মুসলিম পরিবারিক আইন অথবা তদধীন প্রণীত বিধিমালার কোনো বিধানকে প্রভাবিত করিবে না।(২) যেক
4. <other_1246_s204> [ক্যান্টনমেন্ট আইন, ২০১৮, ধারা ২০৪] মামলার নোটিশ প্রদান — (১) কোনো ব্যক্তি বোর্ডের কোনো আদেশ দ্বারা সংক্ষুব্ধ হইয়া কোনো দেওয়ানি মামলা দায়ের করিতে চাহিলে, তিনি তামাদি
5. <other_1715_s43> [বন্যপ্রাণী (সংরক্ষণ ও নিরাপত্তা) আইন, ২০২৬, ধারা ৪৩] মিথ্যা বা হয়রানিমূলক মামলা দায়ের — এই আইনের অধীন ক্ষমতাপ্রাপ্ত কোনো কর্মকর্তা এই আইনের বিধান লঙ্ঘন করিয়া মিথ্যা বা হয়রানিমূলক মামলা দায়ের করিত
6. <other_1061_s22> [পরিবেশ আদালত আইন, ২০১০, ধারা ২২] বিচারাধীন মামলা — এই আইন প্রবর্তনের অব্যবহিত পূর্বে কোন পরিবেশ আইনের অধীন কোন মামলা কোন আদালতে বিচারাধীন থাকিলে উহা উক্ত আদালতেই
7. <other_1103_s44> [দুর্যোগ ব্যবস্থাপনা আইন, ২০১২, ধারা ৪৪] সরকারি কর্মকর্তা ও কর্মচারী কর্তৃক দায়িত্ব পালনে ব্যর্থতা — (১) কোন সরকারি কর্মচারী এই আইন ও তদধীন প্রণীত বিধির অধীন কোন দায়িত্ব পালনে ব্যর্থ হইলে বা কোন বিধান লংঘন করিল
8. <other_1586_s15> [গুম প্রতিরোধ ও প্রতিকার অধ্যাদেশ, ২০২৫, ধারা ১৫] মিথ্যা মামলার বিরুদ্ধে ব্যবস্থা — এই আইনের অধীন কোনো অপরাধের বিচার সম্পন্ন হওয়ার পর রায় প্রদানকালে যদি ট্রাইব্যুনালের নিকট সন্তোষজনকভাবে প্রমা
9. <family_1444_s2> [পারিবারিক আদালত আইন, ২০২৩, ধারা ২] সংজ্ঞা — (১) বিষয় বা প্রসঙ্গের পরপিন্থি কোনো কিছু না থাকিলে, এই আইন,-(ক) “ইমেইল” অর্থ ইলেক্ট্রনিক, ডিজিটাল বা অন্য কোন
10. <other_1684_s25> [মানব পাচার ও অভিবাসী চোরাচালান প্রতিরোধ ও দম, ধারা ২৫] মিথ্যা মামলা বা মিথ্যা অভিযোগ দায়ের, ইত্যাদি অপরাধ ও উহার দণ্ড — (১) যদি কোনো ব্যক্তি অন্য কোনো ব্যক্তির ক্ষতিসাধন করিবার উদ্দেশ্যে এই আইনের অধীন মিথ্যা বা হয়রানিমূলক মামলা ব","unanswerable","none","unanswerable","2"
"prot_0003_05","Sifat","","আমি ও আমার স্ত্রী দুজনই সরকারি চাকরিজীবী। আমরা আমাদের এক দরিদ্র দূরসম্পর্কের আত্মীয়ের এক মাস বয়সী কন্যাকে তাঁদের পূর্ণ সম্মতিতে এককালীন নিয়ে নিয়েছি। সে এখন আমাদের সন্তান হিসেবে বড় হচ্ছে। নাম রেখেছি ছালছাবিল। বয়স এখন এক বছর। আমি আমার সম্পত্তি আমার একমাত্র কন্যা হিসেবে ছালছাবিলকে উইল করে দিতে চাই। এতে কোনো আইনগত বাধা আছে কি না? কিংবা আমার অবর্তমানে ভবিষ্যতে আমার ভাই-ভাতিজারা ছালছাবিল আমার কন্যা নয় বলে ওই সম্পত্তিতে কোনো দাবি বা হস্তক্ষেপ করতে পারবে কি না? বাবলু কুড়িগ্রাম","1. <other_1132_s5> [পিতা-মাতার ভরণ-পোষণ আইন, ২০১৩, ধারা ৫] পিতা-মাতার ভরণ-পোষণ না করিবার দণ্ড — (১) কোন সন্তান কর্তৃক ধারা ৩ এর যে কোন উপ-ধারার বিধান কিংবা ধারা ৪ এর বিধান লংঘন অপরাধ বলিয়া গণ্য হইবে এবং উক
2. <other_1266_s2_p2> [বাংলাদেশ মুক্তিযোদ্ধা কল্যাণ ট্রাস্ট আইন, ২০, ধারা ২] সংজ্ঞা — জামায়াতে ইসলামী এবং তাহাদের সহযোগী রাজাকার, আলবদর, আলশামস বাহিনীর বিরুদ্ধে গণপ্রজাতন্ত্রী বাংলাদেশের স্বাধীনত
3. <other_1446_s2> [সরকারি প্রাথমিক বিদ্যালয় শিক্ষক কল্যাণ ট্রাস, ধারা ২] সংজ্ঞা — বিষয় বা প্রসঙ্গের পরিপন্থি কোনো কিছু না থাকিলে, এই আইনে,-(১) “র্কমচারী” অর্থে কর্মকর্তাও অন্তর্ভুক্ত হইবে;(২)
4. <women_children_835_s13> [নারী ও শিশু নির্যাতন দমন আইন, ২০০০, ধারা ১৩] (১) অন্য কোন আইনে ভিন্নতর যাহা কিছুই থাকুক না কেন, ধর্ষণের কারণে কোন সন্তান জন্মলাভ করিলে-(ক) উক্ত সন্তানকে তা
5. <other_1418_s5> [বাংলাদেশ সুপ্রীম কোর্টের বিচারক (ছুটি, পেনশন, ধারা ৫] মোট ছুটির পরিমাণ — (১) কোনো বিচারককে তাহার মোট কর্মকালীন ছুটির শর্ত অনুযায়ী অর্ধ গড় বেতনে মোট ৩৬ (ছত্রিশ) মাসের অধিক ছুটি মঞ্জু
6. <other_743_s4> [দানকর আইন, ১৯৯০, ধারা ৪] কতিপয় দানের ক্ষেত্রে অব্যাহতি — (১) নিম্নবর্ণিত ক্ষেত্রসমূহে কোন ব্যক্তির কৃত দানের উপর এই আইনের অধীন কোন দানকর আরোপযোগ্য হইবে না, যথা :-(ক) দ
7. <other_1196_s4> [রাষ্ট্রপতির অবসরভাতা, আনুতোষিক ও অন্যান্য সু, ধারা ৪] আনুতোষিক — (১) অবসরভাতা গ্রহণের প্রাধিকার অর্জন করিয়াছেন এমন কোন সাবেক রাষ্ট্রপতি, অবসরভাতার পরিবর্তে এই ধারার বিধান অনু
8. <other_1246_s88> [ক্যান্টনমেন্ট আইন, ২০১৮, ধারা ৮৮] দরিদ্র ব্যক্তিদের অব্যাহতি — যদি বোর্ডের নিকট প্রতীয়মান হয় যে, কোনো ব্যক্তি দরিদ্রতার কারণে কর পরিশোধে অপারগ, তাহা হইলে উক্ত ব্যক্তিকে এক
9. <other_812_s32> [দেউলিয়া বিষয়ক আইন, ১৯৯৭, ধারা ৩২] অব্যাহতিপ্রাপ্ত সম্পত্তি — এই আইনের অন্য কোন বিধানে যাহা কিছুই থাকুক না কেন, একক দেনাদারের নিম্্নবর্ণিত সম্পত্তির দখল ২৩ ধারার অধীনে গ্রহ
10. <labour_1285_s2_p2> [বাংলাদেশ ইপিজেড শ্রম আইন, ২০১৯, ধারা ২] সংজ্ঞা — সময়ে দুই বা ততোধিক শ্রমিক দ্বারা সম্পাদিত হয় সেই ক্ষেত্রে উক্তরূপ প্রত্যেক সময়;(25)‘‘পোষ্য’’ অর্থ কোনো মৃত ","other_173_s2, other_48_s123","own_search","answered","1"
"prot_0043_04","Sifat","","আমার বয়স ২৩। ২০০২ সালে বিয়ে হওয়ার পর আমার একটি কন্যাসন্তান হয়। নানা সমস্যার কারণে ২০০৬ সাালে আমার তালাক হয়। আমার মেয়ে তার বাবার কাছে আছে। সম্প্রতি একটি ছেলেকে পছন্দ হওয়ায় দুই মাস আগে আমরা বিয়ে করি। কাবিননামায় ছেলেটির কথামতো আমি এটি প্রথম বিয়ে উল্লেখ করি। বিয়ের কথা জানাজানি হয়ে গেলে ছেলেটির পরিবার তাকে আটকে রেখেছে। তার সঙ্গে আমার এখন কোনো রকম যোগাযোগ নেই। তার পরিবার আমার নামে মিথ্যা কথা লিখেছে কাগজে যে সে জানত না আমার আগে বিয়ে হয়েছে। এখন তারা চাইছে ছেলেকে দিয়ে জোর করে তালাক দেওয়াতে। কিন্তু আমি সেটা চাইছি না। সে ক্ষেত্রে আমি কোথায় গেলে বা কী করলে এর সমাধান পাব? নাম প্রকাশে অনিচ্ছুক","1. <other_788_s346_p0> [কোম্পানী আইন, ১৯৯৪, ধারা ৩৪৬] নিষ্ক্রিয় (defunct) কোম্পানীর নাম নিবন্ধন বহি হইতে কাটিয়া দেওয়া — (১) যেক্ষেত্রে রেজিষ্ট্রারের এইরূপ বিশ্বাস করিবার যুক্তিসংগত কারণ থাকে যে, কোন একটি কোম্পানী ব্যবসা করিতেছে না
2. <land_1455_s7> [ভূমি সংস্কার আইন, ২০২৩, ধারা ৭] বাস্তুভিটার জন্য খাস ভূমির বন্দোবস্ত — (১) পল্লি এলাকায় বাস্তুভিটা হিসাবে ব্যবহৃত উপযুক্ত কোনো খাস ভূমি পাওয়া গেলে সরকার উক্ত ভূমি বন্দোবস্ত প্রদান
3. <other_1126_s8> [প্রতিবন্ধী ব্যক্তির অধিকার ও সুরক্ষা আইন, ২০, ধারা ৮] বাকপ্রতিবন্ধিতা (speech disability) — নিম্নবর্ণিত দফাসমূহে উল্লিখিত বৈশিষ্ট্যসমূহের মধ্যে এক বা একাধিক বৈশিষ্ট্যের অধিকারী ব্যক্তি ‘বাকপ্রতিবন্ধী ব্
4. <other_788_s81> [কোম্পানী আইন, ১৯৯৪, ধারা ৮১] বার্ষিক সাধারণ সভা — (১) প্রত্যেক কোম্পানী উহার অন্যান্য সভা ছাড়াও প্রতি ইংরেজী পঞ্জিকা-বত্সরে ইহার বার্ষিক সাধারণ সভা হিসাবে একটি
5. <other_943_s2> [বাংলাদেশ শ্রমিক কল্যাণ ফাউন্ডেশন আইন, ২০০৬, ধারা ২] সংজ্ঞা — বিষয় বা প্রসঙ্গের পরিপন্থী কিছু না থাকিলে, এই আইনে-(ক) “অপ্রাতিষ্ঠানিক খাত” অর্থ এইরূপ বেসরকারী খাত যেখানে কর
6. <labour_952_s214_p2> [বাংলাদেশ শ্রম আইন, ২০০৬, ধারা ২১৪] শ্রম আদালত — শ্রম আদালতের কোন কাজ, কার্যধারা সিদ্ধান্ত অথবা রোয়েদাদ কেবলমাত্র উক্তরূপ অনুপস্থিতির কারণে অথবা শ্রম আদালতের 
7. <other_788_s245> [কোম্পানী আইন, ১৯৯৪, ধারা ২৪৫] অবলুপ্তির জন্য আবেদনের বিধানসমূহ — কোম্পানী অবলুপ্তির আবেদন, এই ধারার বিধানাবলী সাপেক্ষে, উক্ত কোম্পানী কিংবা উহার যে কোন ঋণদাতা, ঘটনাপেক্ষ (cont
8. <other_1375_s9> [শিশু দিবাযত্ন কেন্দ্র আইন, ২০২১, ধারা ৯] নিবন্ধন স্থগিত, বাতিল, ইত্যাদি — (১) নিবন্ধন কর্তৃপক্ষ, নিম্নবর্ণিত কোনো কারণে, নির্ধারিত পদ্ধতিতে তদন্ত ও শুনানির সুযোগ প্রদান সাপেক্ষে, কোনো 
9. <labour_1285_s139> [বাংলাদেশ ইপিজেড শ্রম আইন, ২০১৯, ধারা ১৩৯] মীমাংসা, রোয়েদাদ, ইত্যাদি কার্যকর হইবার তারিখ । - — (১) মীমাংসা কার্যকর হইবে-(ক) বিরোধীয় পক্ষগণ সর্বসম্মতভাবে কোনো তারিখ তদুদ্দেশ্যে নির্দিষ্ট করিয়া থাকিলে, ঐ ত
10. <other_842_s4> [ক্যাডার বহির্ভূত প্রথম ও দ্বিতীয় শ্রেণীর গেজ, ধারা ৪] নিয়োগ পদ্ধতি — (১) তফসিলে বর্ণিত বিধান সাপেক্ষে, কোন পদে নিম্্নলিখিত পদ্ধতিতে নিয়োগ করা যাইবে, যথা:-(ক) সরাসরি নিয়োগের মাধ্","family_1444_s5, criminal_procedure_75_s100","own_search","answered","1"
"prot_0105_02","Sifat","","আইন অধিকারের গত সংখ্যা থেকে হুমায়ূন আহমেদের সৃষ্টকর্মের কপিরাইট নিয়ে জানতে পেরেছি। তবু কিছু বিষয় স্পষ্ট করে জানতে চাইছি। হুমায়ূন আহমেদের প্রকাশনাগুলোর কিছু তাঁর প্রথম স্ত্রী গুলতেকিনের নামে করা আছে, আবার কিছু শাওনের নামে দেওয়া আছে। এখন এই বইগুলোর স্বত্ব কি গুলতেকিন ও শাওনই ভোগ করবেন, নাকি হুমায়ূন আহমেদের উত্তরাধিকারীরা মুসলিম আইন অনুযায়ী এর স্বত্ব ভোগ করবে?","1. <consumer_1452_s45> [কপিরাইট আইন, ২০২৩, ধারা ৪৫] কপিরাইটের স্বত্বাধিকারী কর্তৃক প্রদত্ত লাইসেন্স, ইত্যাদি — (১) কোনো বিদ্যমান কর্মের কপিরাইটের স্বত্বাধিকারী বা কোনো ভবিষ্যৎ কর্মের কপিরাইটের সম্ভাব্য স্বত্বাধিকারী তাহার
2. <consumer_1452_s77> [কপিরাইট আইন, ২০২৩, ধারা ৭৭] কপিরাইট লঙ্ঘনের জন্য দেওয়ানি প্রতিকার।- — (১) যেক্ষেত্রে কোনো কর্মের কপিরাইট অথবা এই আইনের অধীন অর্পিত অন্য কোনো অধিকার লঙ্ঘন করা হয়, সেইক্ষেত্রে কপিরা
3. <consumer_1452_s17> [কপিরাইট আইন, ২০২৩, ধারা ১৭] স্বত্ব নিয়োগের শর্তাবলি — (১) কোনো কর্মের কপিরাইটের স্বত্ব নিয়োগ বৈধ হইবে না, যদি না উহা স্বত্ব প্রদানকারী বা তাহার নিকট হইতে যথাযথভাবে
4. <consumer_1452_s16> [কপিরাইট আইন, ২০২৩, ধারা ১৬] কপিরাইটের স্বত্ব নিয়োগ — (১) কোনো বিদ্যমান কর্মের কপিরাইটের স্বত্বাধিকারী বা ভবিষ্যৎ কর্মের কপিরাইটের স্বত্বাধিকারী যে কোনো ব্যক্তির অন
5. <other_1718_s141> [অর্থ (২০২৫-২০২৬ অর্থ বৎসর) আইন, ২০২৬, ধারা ১৪১] ২০২৩ সনের ৫৭ নং আইনের ধারা ১৭ এর সংশোধন — উক্ত আইনের ধারা ১৭ এর উপ-ধারা (১) এর দফ (জ) ও (ঝ) এর পরিবর্তে নিম্নরূপ দফা (জ) ও (ঝ) প্রতিস্থাপিত হইবে, যথা:- 
6. <consumer_1452_s33> [কপিরাইট আইন, ২০২৩, ধারা ৩৩] ফোনোগ্রাম সংরক্ষণ ও উহার মেয়াদ — (১) সংগীত প্রকাশক বাণিজ্যিক উদ্দেশ্যে কোনো সংগীত বা শব্দ-ধ্বনির সংস্করণ প্রকাশের নিমিত্ত, সুর সংযোজনপূর্বক বা 
7. <consumer_1452_s32> [কপিরাইট আইন, ২০২৩, ধারা ৩২] মুদ্রণশৈলী সংরক্ষণ এবং উহার মেয়াদ — কোনো প্রকাশক বাণিজ্যিক উদ্দেশ্যে কোনো গ্রন্থের সংস্করণ প্রকাশের নিমিত্ত ফটোগ্রাফিক বা অনুরূপ কোনো প্রক্রিয়ায়
8. <other_1037_s56_p1> [বীমা আইন, ২০১০, ধারা ৫৬] লাইফ ইন্স্যুরেন্স পলিসির স্বত্ব প্রদান ও হস্তান্তর৷ — নিয়োগের বিষয়ে উহার তারিখ, হস্তান্তরকারী ও হস্তান্তর গ্রহীতার নামসহ লিপিবদ্ধ করিবে এবং নোটিশ প্রদানকারীর বা হ
9. <consumer_1452_s20> [কপিরাইট আইন, ২০২৩, ধারা ২০] প্রণেতার কপিরাইট পরিত্যাগের অধিকার — (১) কোনো কর্মের প্রণেতা কপিরাইটে তাহার সকল বা যেকোনো স্বত্ব নির্ধারিত ফরমে কপিরাইট রেজিস্ট্রারের বরাবরে নোটিশ 
10. <consumer_1452_s30> [কপিরাইট আইন, ২০২৩, ধারা ৩০] সম্প্রচার পুনরুৎপাদনের অধিকার, ইত্যাদি — (১) প্রত্যেক সম্প্রচার সংস্থার বৈধভাবে সম্প্রচারিত বিষয়ের উপর একটি বিশেষ অধিকার থাকিবে যাহা সম্প্রচার পুনরুৎপ","4, 3","candidate","answered","2"
"ajke_0146_01","Sifat","","প্রশ্ন: আমার ভাই বিশ্ববিদ্যালয়ের প্রথম বর্ষের শিক্ষার্থী। আমাদের বাবা নেই। মা, আমি আর ভাই থাকি। খুব সম্প্রতি মায়ের গায়ে হাত তুলেছে ভাই। বিশ্ববিদ্যালয়ে ভর্তির পর থেকে সে আত্মহত্যার চেষ্টাও করেছিল কয়েকবার। আমরা তার বন্ধুবান্ধবের সঙ্গে যোগাযোগ রাখার জন্য তাদের বাসায় দাওয়াত করি। সেখানে মায়ের সঙ্গে তার কথা-কাটাকাটি হয়। বন্ধুরা চলে যাওয়ার পর মা কথা বলতে গেলে একপর্যায়ে সে মাকে মারধর করে। আমি বাধা দিতে গেলে সে আমাকেও মারধর করে বাসা থেকে বের হয়ে যেতে বলে। সে কথায় কথায় বলে, ‘বাবা যা কিছু রেখে গেছে—সব আমার’। সম্পত্তি নিয়ে আমার কোনো আগ্রহ নেই। কিন্তু আমার ভাইকে এভাবে দেখতে চাই না। তবে সে সম্প্রতি কাউন্সেলিং নেওয়া শুরু করেছে। কিন্তু মায়ের গায়ে হাত তোলার পর থেকে আমি বেশি ভয়ে আছি। আইনগতভাবে কোনো ব্যবস্থা নিলে কি এ সমস্যা থেকে সমাধান পাওয়া সম্ভব?","1. <other_893_s7> [শিশু-মাতৃ স্বাস্থ্য ইনস্‌টিটিউট আইন, ২০০২, ধারা ৭] ইনস্‌টিটিউটের দায়িত্ব ও কার্যাবলী — ইনস্টিটিউটের দায়িত্ব ও কার্যাবলী হইবে নিম্নরূপ, যথা:-(১) শিশু ও মায়ের স্বাস্থ্য ও পুষ্টি বিষয়ে শিক্ষা, প্রশ
2. <other_1124_s7> [মাতৃদুগ্ধ বিকল্প, শিশু খাদ্য, বাণিজ্যিকভাবে , ধারা ৭] শিক্ষামূলক বা অন্যান্য তথ্যাদি — জন্ম-পূর্ববর্তী বা জন্ম-পরবর্তী সেবা দানের উদ্দেশ্যে কোন গর্ভবতী মহিলা বা মাতৃদুগ্ধদানকারী বা শিশুর মায়েদের স
3. <other_1124_s2> [মাতৃদুগ্ধ বিকল্প, শিশু খাদ্য, বাণিজ্যিকভাবে , ধারা ২] সংজ্ঞা — বিষয় বা প্রসঙ্গের পরিপন্থী কোন কিছু না থাকিলে, এই আইনে,-(ক) ‘‘জাতীয় উপদেষ্টা কমিটি’’ অর্থ ধারা ৮ এর অধীন গঠি
4. <other_1126_s8> [প্রতিবন্ধী ব্যক্তির অধিকার ও সুরক্ষা আইন, ২০, ধারা ৮] বাকপ্রতিবন্ধিতা (speech disability) — নিম্নবর্ণিত দফাসমূহে উল্লিখিত বৈশিষ্ট্যসমূহের মধ্যে এক বা একাধিক বৈশিষ্ট্যের অধিকারী ব্যক্তি ‘বাকপ্রতিবন্ধী ব্
5. <other_1266_s2_p3> [বাংলাদেশ মুক্তিযোদ্ধা কল্যাণ ট্রাস্ট আইন, ২০, ধারা ২] সংজ্ঞা — বা স্বামী এবং পিতা-মাতার অবর্তমানে খেতাবপ্রাপ্ত বীর মুক্তিযোদ্ধার সন্তান; বা(উ) (অ)-(ঈ) পর্যন্ত বর্ণিত ব্যক্তি
6. <criminal_procedure_1013_s106> [বরিশাল মহানগরী পুলিশ আইন, ২০০৯, ধারা ১০৬] কতিপয় ক্ষেত্রে পুলিশ কর্মকর্তার দণ্ড প্রদানের ক্ষমতা — (১) পুলিশ কমিশনার কর্তৃক সাধারণ বিজ্ঞপ্তি মারফত নির্ধারিত পদের পুলিশ কর্মকর্তা যদি দেখেন যে, ধারা ৬৭, ৬৮, ৬৯, 
7. <criminal_procedure_1012_s106> [সিলেট মহানগরী পুলিশ আইন, ২০০৯, ধারা ১০৬] কতিপয় ক্ষেত্রে পুলিশ কর্মকর্তার দন্ড দেওয়ার ক্ষমতা — (১) পুলিশ কমিশনার কর্তৃক সাধারণ বিজ্ঞপ্তি মারফত নির্ধারিত পদের পুলিশ কর্মকর্তা যদি দেখেন যে, ধারা ৬৭, ৬৮, ৬৯, 
8. <other_857_s42_p1> [বাংলাদেশ টেলিযোগাযোগ নিয়ন্ত্রণ আইন, ২০০১, ধারা ৪২] পথাধিকার (Right of way) ইত্যাদি — বা স্থানীয় কর্তৃপক্ষ বা সংবিধিবদ্ধ সংস্থা সাধারণতঃ পথাধিকার প্রয়োগে বাধা দিবে না।(৪) উপ-ধারা (১) এর বিধানবলে
9. <criminal_procedure_765_s106> [রাজশাহী মহানগরী পুলিশ আইন, ১৯৯২, ধারা ১০৬] কতিপয় ক্ষেত্রে পুলিশ কর্মকর্তার দণ্ড দেওয়ার ক্ষমতা — (১) পুলিশ কমিশনার কর্তৃক সাধারণ বিজ্ঞপ্তি মারফত নির্ধারিত পদের পুলিশ কর্মকর্তা যদি দেখেন যে, ধারা ৬৭, ৬৮, ৬৯ ব
10. <other_1124_s6> [মাতৃদুগ্ধ বিকল্প, শিশু খাদ্য, বাণিজ্যিকভাবে , ধারা ৬] মাতৃদুগ্ধ বিকল্প, শিশু খাদ্য, ইত্যাদি ধারণপাত্র ও মোড়কে প্রদেয় তথ্যাদি — (১) আপাততঃ বলবৎ অন্য কোন আইনের বিধানাবলী ক্ষুণ্ণ না করিয়া, কোন ব্যক্তি মাতৃদুগ্ধ বিকল্প, শিশু খাদ্য, বাণিজ্যি","women_children_1063_s11, women_children_1063_s14","own_search","answered","2"
"ajke_0202_01","Sifat","","প্রশ্ন: আমি একজন সরকারি চাকরিজীবী। ২০১৬ সালে আমার বিয়ে হয়। চার বছর বয়সী একটি কন্যাসন্তান রয়েছে। স্বামীর সঙ্গে অনেক দিন ধরেই বনিবনা হচ্ছে না। ছয় মাস ধরে আমার বাবার বাড়িতে আছি। স্বামীকে তালাক দিতে চাই। কিন্তু এ কথা বললেই তিনি সন্তানকে আমার কাছ থেকে নিয়ে যাওয়ার ভয় দেখাচ্ছেন। আমি জানতে চাই, যদি স্বামীকে তালাক দিই, তাহলে আসলেই কি তিনি আমার সন্তানকে নিয়ে যেতে পারবেন? সন্তানের কাস্টডি নিজের কাছে রাখতে আমার কী করতে হবে?","1. <women_children_835_s13> [নারী ও শিশু নির্যাতন দমন আইন, ২০০০, ধারা ১৩] (১) অন্য কোন আইনে ভিন্নতর যাহা কিছুই থাকুক না কেন, ধর্ষণের কারণে কোন সন্তান জন্মলাভ করিলে-(ক) উক্ত সন্তানকে তা
2. <women_children_1063_s17> [পারিবারিক সহিংসতা (প্রতিরোধ ও সুরক্ষা) আইন, , ধারা ১৭] নিরাপদ হেফাজত আদেশ — আপাততঃ বলবৎ অন্য কোন আইনে যাহা কিছুই থাকুক না কেন, আদালত এই আইনের অধীন আবেদন বিবেচনার যে কোন পর্যায়ে সংক্ষুব্
3. <other_1132_s3> [পিতা-মাতার ভরণ-পোষণ আইন, ২০১৩, ধারা ৩] পিতা-মাতার ভরণ-পোষণ — (১) প্রত্যেক সন্তানকে তাহার পিতা-মাতার ভরণ-পোষণ নিশ্চিত করিতে হইবে।(২) কোন পিতা-মাতার একাধিক সন্তান থাকিলে সেই
4. <labour_952_s95> [বাংলাদেশ শ্রম আইন, ২০০৬, ধারা ৯৫] চা-বাগানে বিনোদন ও শিক্ষার সুবিধা — সরকার চা বাগান সম্পর্কে-(ক) বিধি প্রণয়ন করিয়া উহার প্রত্যেক মালিককে সেখানে নিযুক্ত শ্রমিকগণ এবং তাহাদের শিশু
5. <other_1173_s8> [বাংলাদেশ চা শ্রমিক কল্যাণ তহবিল আইন, ২০১৬, ধারা ৮] মৃত্যু ও স্থায়ী অক্ষমতার ক্ষেত্রে এককালীন অনুদান সহায়তা প্রদান — যদি কোন শ্রমিক-(ক) নিজ দায়িত্ব পালনকালে শারীরিক বা মানসিকভাবে প্রবিধান দ্বারা নির্ধারিত চিকিৎসা কর্তৃপক্ষ কর্
6. <other_1164_s2> [নির্দিষ্টকরণ আইন, ২০১৫, ধারা ২] ২০১৫-২০১৬ অর্থবৎসরের জন্য সংযুক্ত তহবিল হইতে ৪১৫৩০৮,১৮,৮৮,০০০ (চার লক্ষ পনের হাজার তিনশত আট কোটি আঠারো লক্ষ আটাশি হাজার) টাকা প্রদান — ২০১৬ সালের ৩০ জুন তারিখে সমাপ্য অর্থবৎসরে যেই সকল ব্যয় হইতে পারে সেই সকল ব্যয় নির্বাহের জন্য এই আইনের তফসিলে
7. <other_1124_s7> [মাতৃদুগ্ধ বিকল্প, শিশু খাদ্য, বাণিজ্যিকভাবে , ধারা ৭] শিক্ষামূলক বা অন্যান্য তথ্যাদি — জন্ম-পূর্ববর্তী বা জন্ম-পরবর্তী সেবা দানের উদ্দেশ্যে কোন গর্ভবতী মহিলা বা মাতৃদুগ্ধদানকারী বা শিশুর মায়েদের স
8. <other_788_s342> [কোম্পানী আইন, ১৯৯৪, ধারা ৩৪২] লিকুইডেটর কর্তৃক ব্যাংকে টাকা জমাদান — (১) আদালত কর্তৃক অবলুপ্ত হইতেছে এইরূপ কোম্পানীর প্রত্যেক লিকুইডেটর তত্কর্তৃক গৃহীত সকল টাকা নির্ধারিত পদ্ধতিতে
9. <labour_952_s14> [বাংলাদেশ শ্রম আইন, ২০০৬, ধারা ১৪] কতিপয় ক্ষেত্রে ""এক বৎসর"" , ""ছয় মাস"" এবং ""মজুরী"" গণনা — (১) এই অধ্যায়ের প্রয়োজনে, কোন শ্রমিক কোন প্রতিষ্ঠানে পূর্ববর্তী বার পঞ্জিকা মাসে বাস্তবে অন্ততঃ দুইশত চল্লিশ
10. <labour_1285_s13> [বাংলাদেশ ইপিজেড শ্রম আইন, ২০১৯, ধারা ১৩] কতিপয় ক্ষেত্রে ‘‘এক বৎসর’’, ‘‘ছয় মাস’’ এবং ‘‘মজুরি’’ গণনা — (১) এই অধ্যায়ের প্রয়োজনে, কোনো শ্রমিক কোনো প্রতিষ্ঠানে পূর্ববর্তী ১২ (বারো) পঞ্জিকা মাসে বাস্তবে অন্তত ২৪০ (","family_64_s17, family_1444_s5","own_search","answered","2"
"prot_0001_01","Sifat","","আমার ভাই ১৬ বছর বয়সে কাজি অফিসে গিয়ে বিয়ে করে। তখন সে তার বয়স বাড়িয়ে বলেছিল। কিন্তু অফিশিয়াল কাগজে তার এবং তার স্ত্রীর বয়স ১৬ তখন। সাত-আট বছর ধরে তাদের মধ্যে কোনো যোগাযোগ নেই। যে কাজী অফিসে তাদের বিয়ে হয়েছিল, সেখানে তাদের বিয়ের কোনো কাবিননামাও খুঁজে পাওয়া যাচ্ছে না। আমার ভাই বর্তমানে আরেক মেয়েকে বিয়ে করতে চায়। এ জন্য সে আগের স্ত্রীকে তালাক দিতে চায়। কিন্তু যেহেতু কোনো কাগজ পাওয়া যায়নি আগের বিয়ের, তালাক দেওয়ার প্রয়োজনীয়তা কি আছে?","1. <other_1153_s4> [উপানুষ্ঠানিক শিক্ষা আইন, ২০১৪, ধারা ৪] উপানুষ্ঠানিক শিক্ষার শ্রেণীবিভাগ ও বয়স-সীমা — (১) প্রকৃতি ও ধরন অনুযায়ী উপানুষ্ঠানিক শিক্ষার শ্রেণীবিভাগ হইবে নিম্নরূপ, যথা :-(ক) উপানুষ্ঠানিক প্রাথমিক শিক
2. <women_children_1119_s21> [শিশু আইন, ২০১৩, ধারা ২১] 1 [***] বয়স অনুমান ও নির্ধারণ — (১) অভিযুক্ত হউক বা না হউক, এমন কোন শিশুকে কোন অপরাধের দায়ে বা কোন শিশুকে অন্য কোন কারণে শিশু-আদালতে সাক্ষ্য 
3. <labour_1285_s24> [বাংলাদেশ ইপিজেড শ্রম আইন, ২০১৯, ধারা ২৪] চাকরি হইতে অবসর গ্রহণ — (১) এই অধ্যায়ের অন্যত্র যাহা কিছুই উল্লে­খ থাকুক না কেন, কোনো প্রতিষ্ঠানে নিয়োজিত কোনো শ্রমিকের বয়স ৬০ (ষাট
4. <labour_952_s95> [বাংলাদেশ শ্রম আইন, ২০০৬, ধারা ৯৫] চা-বাগানে বিনোদন ও শিক্ষার সুবিধা — সরকার চা বাগান সম্পর্কে-(ক) বিধি প্রণয়ন করিয়া উহার প্রত্যেক মালিককে সেখানে নিযুক্ত শ্রমিকগণ এবং তাহাদের শিশু
5. <other_943_s2> [বাংলাদেশ শ্রমিক কল্যাণ ফাউন্ডেশন আইন, ২০০৬, ধারা ২] সংজ্ঞা — বিষয় বা প্রসঙ্গের পরিপন্থী কিছু না থাকিলে, এই আইনে-(ক) “অপ্রাতিষ্ঠানিক খাত” অর্থ এইরূপ বেসরকারী খাত যেখানে কর
6. <other_924_s2> [ব্যক্তি মালিকানাধীন সড়ক পরিবহন শ্রমিক কল্যাণ, ধারা ২] সংজ্ঞা — বিষয় বা প্রসঙ্গের পরিপন্থী কিছু না থাকিলে, এই আইনে-(ক) “কল্যাণ তহবিল” অর্থ ধারা ৪ এর অধীন গঠিত কল্যাণ তহবিল;(
7. <other_888_s11> [আইন-শৃঙ্খলা বিঘ্নকারী অপরাধ (দ্রুত বিচার) আই, ধারা ১১] আসামীর অনুপস্থিতিতে বিচার — যদি আদালতের এ মর্মে বিশ্বাস করিবার যুক্তিসংগত কারণ থাকে যে,-(ক) অভিযুক্ত ব্যক্তি তাহার গ্রেফতার বা তাহাকে বিচা
8. <local_government_1024_s105> [স্থানীয় সরকার (পৌরসভা) আইন, ২০০৯, ধারা ১০৫] বেতনাদি হইতে কর কর্তন — পৌরসভা যদি কোন পেশা, ব্যবসা অথবা বৃত্তির উপর করারোপ করিতে চায়, তাহা হইলে এইরূপ কর প্রদানের জন্য দায়ী ব্যক্তি
9. <other_1266_s2_p2> [বাংলাদেশ মুক্তিযোদ্ধা কল্যাণ ট্রাস্ট আইন, ২০, ধারা ২] সংজ্ঞা — জামায়াতে ইসলামী এবং তাহাদের সহযোগী রাজাকার, আলবদর, আলশামস বাহিনীর বিরুদ্ধে গণপ্রজাতন্ত্রী বাংলাদেশের স্বাধীনত
10. <other_1352_s23> [বাংলাদেশ মাদ্রাসা শিক্ষা বোর্ড আইন, ২০২০, ধারা ২৩] অবসর গ্রহণের বয়স — আপাতত বলবৎ অন্য কোনো আইনে ভিন্নরূপ যাহা কিছুই থাকুক না কেন, বোর্ডের স্থায়ী কর্মচারীগণের অবসর গ্রহণের বয়স ৬০ ","family_305_s7, family_305_s6","own_search","answered","2"
"prot_0032_03","Sifat","","বাবা আমার মায়ের নামে জমি ও বাড়ি দানপত্র রেজিস্ট্রি করে গেছেন। আমি বিবাহিত, তাই হিন্দু আইনে কোনো সম্পত্তি পাব না। মা আমাকে বিয়ের খরচ বাবদ কিছু জমি ও বাড়ি দিতে চান। দলিলটি কীভাবে লিখলে তা গ্রহণযোগ্য হবে। ভাই মামলা করলে আইন কি আমার পক্ষে থাকবে?","1. <other_1066_s7ক> [বালুমহাল ও মাটি ব্যবস্থাপনা আইন, ২০১০, ধারা ৭ক] ব্যক্তি মালিকানাধীন জমির বালু বা মাটি উত্তোলন — কোনো ব্যক্তি মালিকানাধীন জমি হইতে বালু বা মাটি উত্তোলন করা যাইবে না, যদি-(ক) উহা উর্বর কৃষি জমি হয়;(খ) বাণিজ্
2. <other_857_s45> [বাংলাদেশ টেলিযোগাযোগ নিয়ন্ত্রণ আইন, ২০০১, ধারা ৪৫] লাইসেন্সধারীর প্রয়োজনে বাধ্যতামূলকভাবে বেসরকারী জমি অধিগ্রহণ — (১) লাইসেন্সের অধীন কাজকর্ম সম্পাদন বা পরিচালনার জন্য প্রয়োজনীয় কোন জমি ব্যবহারের ক্ষেত্রে লাইসেন্সধারী বাধা
3. <other_1483_s10_p1> [পরিত্যক্ত বাড়ি (সম্পূরক বিধানাবলি) আইন, ২০২৩, ধারা ১০] পরিত্যক্ত বাড়ি নিয়ন্ত্রণ, ব্যবস্থাপনা এবং নিষ্পত্তি সংক্রান্ত বোর্ড — গণপূর্ত বিভাগ সদস্য-সচিব।(২) পরিত্যক্ত বাড়ি নিয়ন্ত্রণ, ব্যবস্থাপনা এবং নিষ্পত্তির জন্য বোর্ডের দায়িত্ব ও কা
4. <other_1483_s7> [পরিত্যক্ত বাড়ি (সম্পূরক বিধানাবলি) আইন, ২০২৩, ধারা ৭] মামলা দায়েরে নিষেধাজ্ঞা, ইত্যাদি — (১) রাষ্ট্রপতির ১৯৭২ সনের ১৬ নং আদেশ বা এই আইনের অধীন কৃত, গৃহীত বা চলমান কোনো কার্যক্রম, সিদ্ধান্ত বা জারীকৃত
5. <other_1483_s2> [পরিত্যক্ত বাড়ি (সম্পূরক বিধানাবলি) আইন, ২০২৩, ধারা ২] সংজ্ঞা — বিষয় বা প্রসঙ্গের পরিপন্থি কোনো কিছু না থাকিলে, এই আইনে-(১) “কোর্ট অব সেটেলমেন্ট” অর্থ ধারা ৮ এর উপ-ধারা (২) 
6. <land_1220_s15> [স্থাবর সম্পত্তি অধিগ্রহণ ও হুকুমদখল আইন, ২০১, ধারা ১৫] ঘর-বাড়ি অথবা ইমারতের আংশিক অধিগ্রহণ — (১) কোনো মালিক তাহার বাড়ি, কারখানা বা ভবনের সম্পূর্ণ অংশ অধিগ্রহণ করিতে হইবে মর্মে শর্ত আরোপ করিলে, সংশ্লিষ্ট
7. <other_1483_s6> [পরিত্যক্ত বাড়ি (সম্পূরক বিধানাবলি) আইন, ২০২৩, ধারা ৬] সমর্পণ, নোটিশ প্রদান ও দখল গ্রহণ — এই আইনের অধীন ঘোষিত পরিত্যক্ত বাড়ি সরকারের নিকট অর্পণ করিতে হইবে, এবং সমর্পণ ও দখল গ্রহণের ক্ষেত্রে, এই আইনের
8. <other_1483_s4> [পরিত্যক্ত বাড়ি (সম্পূরক বিধানাবলি) আইন, ২০২৩, ধারা ৪] পরিত্যক্ত বাড়ি ঘোষণা ও তালিকা প্রণয়ন — (১) উপ-ধারা (২) এর বিধান সাপেক্ষে, সরকার, সরকারি গেজেটে প্রজ্ঞাপন দ্বারা, নিম্নবর্ণিত বাড়িসমূহকে পরিত্যক্ত বা
9. <other_1158_s25> [ফরমালিন নিয়ন্ত্রণ আইন, ২০১৫, ধারা ২৫] অপরাধ সংঘটনে গৃহ বা যানবাহন, ইত্যাদি ব্যবহার করিতে দেওয়ার দণ্ড — কোন ব্যক্তি যদি জ্ঞাতসারে এই আইনের অধীন কোন অপরাধ সংঘটনের জন্য তাহার মালিকানাধীন বা দখলীয় কোন বাড়ি-ঘর, জায়গ
10. <other_1483_s12> [পরিত্যক্ত বাড়ি (সম্পূরক বিধানাবলি) আইন, ২০২৩, ধারা ১২] সরল বিশ্বাসে কৃতকার্য রক্ষণ — এই আইনের অধীন সরল বিশ্বাসে কৃত, বা কৃত বলিয়া বিবেচিত, কোনো কার্যের জন্য কোনো ব্যক্তি ক্ষতিগ্রস্ত হইলে তিনি পর","other_48_s123, land_90_s17_p0","own_search","answered","2"
"prot_0008_02","Sifat","","আমি কি যৌতুক ও দেনমোহর—মোট আট লাখ টাকাই তাকে দিতে বাধ্য?","1. <women_children_1256_s4> [যৌতুক নিরোধ আইন, ২০১৮, ধারা ৪] যৌতুক প্রদান বা গ্রহণ, ইত্যাদির দণ্ড — যদি বিবাহের কোনো এক পক্ষ যৌতুক প্রদান বা গ্রহণ করেন অথবা যৌতুক প্রদান বা গ্রহণে সহায়তা করেন বা যৌতুক প্রদান ব
2. <women_children_1256_s2> [যৌতুক নিরোধ আইন, ২০১৮, ধারা ২] সংজ্ঞা — বিষয় বা প্রসঙ্গের পরিপন্থি কোনো কিছু না থাকিলে,-(ক) ‘‘পক্ষ’’ অর্থ এই আইনের উদ্দেশ্য পূরণকল্পে, বিবাহের বর বা 
3. <women_children_1256_s5> [যৌতুক নিরোধ আইন, ২০১৮, ধারা ৫] যৌতুক সংক্রান্ত চুক্তি ফলবিহীন — এই আইনের উদ্দেশ্য পূরণকল্পে, যৌতুক প্রদান বা গ্রহণ সংক্রান্ত কোনো চুক্তি ফলবিহীন (void) হইবে।
4. <land_1449_s3> [ভূমি উন্নয়ন কর আইন, ২০২৩, ধারা ৩] কৃষি ভূমির ভূমি উন্নয়ন কর — (১) সরকার, সরকারি গেজেটে প্রজ্ঞাপন দ্বারা, কৃষি ভূমি, চা বাগান এবং অন্যান্য ভূমির ভূমি উন্নয়ন করের হার, সীমা 
5. <women_children_1256_s3> [যৌতুক নিরোধ আইন, ২০১৮, ধারা ৩] যৌতুক দাবি করিবার দণ্ড — যদি বিবাহের কোনো এক পক্ষ, প্রত্যক্ষ বা পরোক্ষভাবে, বিবাহের অন্য কোনো পক্ষের নিকট কোনো যৌতুক দাবি করেন, তাহা হই
6. <labour_952_s46> [বাংলাদেশ শ্রম আইন, ২০০৬, ধারা ৪৬] প্রসূতি কল্যাণ সুবিধা প্রাপ্তির অধিকার এবং প্রদানের দায়িত্ব — (১) প্রত্যেক মহিলা শ্রমিক তাহার মালিকের নিকট হইতে তাহার সন্ত্মান প্রসবের সম্ভাব্য তারিখের অব্যবহিত পূর্ববর্তী 
7. <labour_1285_s39> [বাংলাদেশ ইপিজেড শ্রম আইন, ২০১৯, ধারা ৩৯] বিশ্রাম বা আহারের জন্য বিরতি — কোনো প্রতিষ্ঠানে কোনো শ্রমিক-(ক) দৈনিক ৬ (ছয়) ঘণ্টার অধিক কাজ করিতে বাধ্য থাকিবেন না, যদি না উক্ত দিনে তাহাকে
8. <labour_1285_s30> [বাংলাদেশ ইপিজেড শ্রম আইন, ২০১৯, ধারা ৩০] প্রসূতি কল্যাণ সুবিধা প্রাপ্তির অধিকার এবং প্রদানের দায়িত্ব — (১) প্রত্যেক মহিলা শ্রমিক তাহার মালিকের নিকট হইতে তাহার সন্তান প্রসবের সম্ভাব্য তারিখের অব্যবহিত পূর্ববর্তী ৮ 
9. <other_1429_s154> [আয়কর আইন, ২০২৩, ধারা ১৫৪] অগ্রিম কর পরিশোধ — (১) এই অংশের বিধানাবলি সাপেক্ষে, উপ-ধারা (২) এর বিধানাবলি ব্যতীত, কোনো ব্যক্তির সর্বশেষ নিরূপিত আয়বর্ষে তাহার
10. <labour_952_s101> [বাংলাদেশ শ্রম আইন, ২০০৬, ধারা ১০১] বিশ্রাম বা আহারের জন্য বিরতি — কোন প্রতিষ্ঠানে কোন শ্রমিক-(ক) দৈনিক ছয় ঘণ্টার অধিক কাজ করিতে বাধ্য থাকিবেন না, যদি না উক্ত দিনে তাহাকে বিশ্র","women_children_1256_s5, family_305_s10","own_search","answered","2"
"prot_0090_04","Sifat","","আজ থেকে দেড় বছর আগে আমার একটি ছেলের সঙ্গে বন্ধুত্ব হয়। সে আমাকে ভালোবাসতে শুরু করে, আমিও দুর্বল হয়ে পড়ি। কিছুদিন পর আমি অনেক ভেবে-চিন্তে তাকে বুঝিয়ে ফিরে আসি। আমার ফিরে আসাটা মেনে না নিয়ে সে আমাকে, আমার পরিবারের সবাইকে এমনকি আত্মীয়স্বজনকে মোবাইলফোনে মিসডকল, অশ্লীল এসএমএস এবং সরাসরি ফোন করে বিরক্ত করছে। বিরক্তি সইতে না পেরে পরিবারের সবাই আমার মতামত চান। আমি বলি, আমি মরে যাব তবুও এই ছেলেকে বিয়ে করব না। ছেলের মোবাইল ফোনে আমার ছবি ছিল, সেগুলো বিকৃত করে আমার সব আত্মীয়স্বজনের কাছে পাঠিয়েছে। এতে করে আমি পারিবারিক নির্যাতনে আছি। এখনো বিরক্ত করে। এখন আমার মনে হয়, মরে যাওয়া ছাড়া কোনো পথ নেই। আমি কি নিজেকে, পরিবারকে, আত্মীয়স্বজনকে ওই ছেলের হাত থেকে রক্ষা করতে পারব না?এ ব্যাপারে আমার পরিবারের কেউই আমাকে সাহায্য করতে চায় না। আমি মেয়ে, তাই কোনো ব্যবস্থা নিতে পারছি না পরামর্শের অভাবে।নাম প্রকাশে অনিচ্ছুকদিনাজপুর","1. <other_1429_s192> [আয়কর আইন, ২০২৩, ধারা ১৯২] হিন্দু অবিভক্ত পরিবারের বিভাজনের ক্ষেত্রে কর নির্ধারণ — (১) এই আইনের উদ্দেশ্যপূরণকল্পে, হিন্দু অবিভক্ত পরিবার হিসাবে নির্ধারিত কোনো হিন্দু পরিবারকে সেই পর্যন্ত হিন্দু
2. <other_1716_s15> [জুলাই গণঅভ্যুত্থানে শহিদ পরিবার এবং জুলাই যো, ধারা ১৫] অপরাধ ও দণ্ড — (১) যদি কোনো ব্যক্তি জুলাই গণঅভ্যুত্থানে শহিদ পরিবারের সদস্য বা যে কোনো শ্রেণির আহত জুলাই যোদ্ধা না হওয়া সত্ত
3. <other_857_s11> [বাংলাদেশ টেলিযোগাযোগ নিয়ন্ত্রণ আইন, ২০০১, ধারা ১১] পরিবারের সদস্যের কতিপয় স্বার্থ সম্পর্কে কমিশনারের দায়িত্ব — (১) কোন কমিশনারের পরিবারের কোন সদস্য যদি ধারা ১০(২)(ছ)- েত উলিস্্নখিত স্বার্থ অর্জন বা ধারণ করেন, তাহা হইলে তি
4. <other_751_s27_p0> [ব্যাংক-কোম্পানী আইন, ১৯৯১, ধারা ২৭] ঋণ ও অগ্রিম প্রদানের উপর বাধা-নিষেধ — 148[ (১) কোন ব্যাংক-কোম্পানী,-(ক) উহার নিজস্ব শেয়ারকে জামানত হিসাবে রাখিয়া কোন ঋণ, অগ্রিম, গ্যারান্টি বা অন্
5. <women_children_1119_s55> [শিশু আইন, ২০১৩, ধারা ৫৫] আইনগত প্রতিনিধিত্ব, ইত্যাদি — (১) আইনের সহিত সংঘাতে জড়িত শিশু এবং আইনের সংস্পর্শে আসা শিশুর পক্ষে আইনগত প্রতিনিধিত্ব ব্যতীত কোন আদালত কোন ম
6. <other_943_s5> [বাংলাদেশ শ্রমিক কল্যাণ ফাউন্ডেশন আইন, ২০০৬, ধারা ৫] ফাউন্ডেশনের কার্যাবলী — ফাউন্ডেশনের কার্যাবলী হইবে নিম্নরূপ, যথাঃ-(ক) শ্রমিক ও তাহার পরিবারের কল্যাণ সাধন;(খ) শ্রমিক ও তাহার পরিবারের 
7. <other_880_s7> [ইমাম ও মুয়াজ্জিন কল্যাণ ট্রাস্ট আইন, ২০০১, ধারা ৭] ট্রাস্টের কার্যাবলী — ট্রাস্টের কার্যাবলী হইবে নিম্্নরূপ, যথা:-(ক) কোন ইমাম বা মুয়াজ্জিন মারাত্মক দুর্ঘটনা, পঙ্গুত্ব, দুরারোগ্য ব্য
8. <other_848_s10> [বেসরকারী প্রাথমিক শিক্ষক কল্যাণ ট্রাস্ট আইন,, ধারা ১০] বেসরকারী প্রাথমিক শিক্ষকগণ কর্তৃক চাঁদা প্রদান — (১) প্রত্যেক বেসরকারী প্রাথমিক শিক্ষক ট্রাস্টের তহবিলে, প্রবিধান দ্বারা নির্ধারিত পদ্ধতিতে ও হারে মাসিক চাঁদা 
9. <other_822_s10> [পার্বত্য চট্টগ্রাম আঞ্চলিক পরিষদ আইন, ১৯৯৮, ধারা ১০] সম্পত্তি সম্পর্কিত ঘোষণা — চেয়ারম্যান ও প্রত্যেক সদস্য তাহার কার্যভার গ্রহণের পূর্বে তাহার এবং তাঁহার পরিবারের কোন সদস্যের স্বত্ব, দখল ব
10. <other_1586_s23> [গুম প্রতিরোধ ও প্রতিকার অধ্যাদেশ, ২০২৫, ধারা ২৩] স্ত্রী বা সন্তান কর্তৃক গুম হওয়া ব্যক্তির সম্পত্তি ব্যবহারের অনুমতি — (১) গুম হওয়া ব্যক্তির দায় পরিশোধ, তাহার স্ত্রী বা তাহার উপর নির্ভরশীল পরিবারের সদস্যদের ভরণপোষণের বা অন্য কো","cybercrime_1710_s25, other_857_s70","own_search","answered","2"
"prot_0100_03","Sifat","","২. অর্পিত সম্পত্তির তালিকা-সম্পর্কিত গেজেট প্রকাশের পরবর্তী ৩০০ দিনের মধ্যে জমির মালিককে বা তাদের দাবির সমর্থনে আবেদন করতে পারবেন, কিন্তু জমির মালিক বা উত্তরাধিকার যদি ৩০০ দিন পরে আবেদন করেন তাহলে ট্রাইব্যুনালে আবেদন করতে পারবেন কি না?","1. <land_856_s10_p0> [অর্পিত সম্পত্তি প্রত্যর্পণ আইন, ২০০১, ধারা ১০] 1 [প্রত্যর্পণযোগ্য] সম্পত্তি প্রত্যর্পণ বা অবমুক্তির আবেদন, রেজিষ্ট্রি, রায় ও রায়ের অনুলিপি — (১)38[ধারা ৯ এর অধীন গেজেটে প্রকাশিত ক তফসিলভুক্ত অর্পিত] সম্পত্তির মালিক উক্ত সম্পত্তি তাহার অনুকূলে প্রত্যর্
2. <land_856_s9> [অর্পিত সম্পত্তি প্রত্যর্পণ আইন, ২০০১, ধারা ৯] 1 [প্রত্যর্পণযোগ্য ]সম্পত্তির তালিকা প্রকাশ — 21[ (১) অর্পিত সম্পত্তি প্রত্যর্পণ (সংশোধন) আইন, ২০১১ কার্যকর হইবার22[ ৩০০ (তিনশত)] দিনের মধ্যে সরকার এই ধারার
3. <land_856_s13> [অর্পিত সম্পত্তি প্রত্যর্পণ আইন, ২০০১, ধারা ১৩] 1 [প্রত্যর্পণযোগ্য] সম্পত্তি সংক্রান্ত মামলার abatement, কার্যধারা বন্ধ ও ট্রাইব্যুনালে দাবী উত্থাপন — (১)57[প্রত্যর্পণযোগ্য সম্পত্তির তালিকা] সরকারী গেজেটে প্রকাশের তারিখে যদি কোন আদালতে এমন দেওয়ানী মামলা অনিষ্প
4. <land_856_s15> [অর্পিত সম্পত্তি প্রত্যর্পণ আইন, ২০০১, ধারা ১৫] প্রত্যর্পণযোগ্য জনহিতকর সম্পত্তি সম্পর্কিত বিধান — (১) কোন প্রত্যর্পণযোগ্য জনহিতকর সম্পত্তি দেবোত্তর সম্পত্তি হইলে উহার সেবায়েত, বা উহা মঠ হইলে উহার মোহন্ত, বা 
5. <other_1439_s10> [বাংলাদেশ শিল্প-নকশা আইন, ২০২৩, ধারা ১০] আবেদন প্রকাশনা — (১) কোনো শিল্প নকশা নিবন্ধন আবেদন গৃহীত হইবার পর নির্ধারিত পদ্ধতিতে ও সময়ের মধ্যে মহাপরিচালক উক্ত আবেদন ই-গেজ
6. <other_1429_s333> [আয়কর আইন, ২০২৩, ধারা ৩৩৩] তামাদির মেয়াদ গণনা — (১) এই আইনের অধীন আপিল বা আবেদন দাখিলের জন্য নির্ধারিত তামাদির মেয়াদ গণনার ক্ষেত্রে, যেই তারিখে অভিযোগীয় বিষ
7. <land_1449_s16> [ভূমি উন্নয়ন কর আইন, ২০২৩, ধারা ১৬] পুনরীক্ষণ — (১) ধারা ১৫ অনুযায়ী ভূমি উন্নয়ন কর নির্ধারণী তালিকা প্রকাশ, প্রচার ও খুদে বার্তা সেবা (SMS) এর মাধ্যমে অবহিত
8. <land_856_s18> [অর্পিত সম্পত্তি প্রত্যর্পণ আইন, ২০০১, ধারা ১৮] আপীল — (১) উপ-ধারা (২) এ উল্লিখিত ট্রাইব্যুনালের সিদ্ধান্তসমূহের বিরুদ্ধে শুধুমাত্র আপীল ট্রাইব্যুনালে আপীল দায়ের কর
9. <other_1429_s303> [আয়কর আইন, ২০২৩, ধারা ৩০৩] আপিল ট্রাইব্যুনাল বা হাইকোর্ট বিভাগে নিষ্পন্নাধীন আপিল বা রেফারেন্স সম্পর্কিত কার্যক্রম সাময়িক স্থগিতকরণ — যেইক্ষেত্রে কোনো করদাতা কোনো আয়বর্ষে বিকল্প বিরোধ নিষ্পত্তির জন্য আবেদন করেন এবং উক্ত আয়বর্ষের জন্য উপকর কমি
10. <other_1472_s15> [বাংলাদেশ পেটেন্ট আইন, ২০২৩, ধারা ১৫] বিদেশি পেটেন্ট আবেদনের দলিলাদি সংক্রান্ত তথ্য — (১) যদি কোনো আবেদনকারী, এককভাবে বা অন্য কোনো ব্যক্তির সহিত যৌথভাবে, বাংলাদেশ ব্যতীত অন্য কোনো দেশে আবেদন করেন,","1","candidate","answered","3"
"prot_0135_02","Sifat","","এক ভাই ও চার বোন রেখে আমার মা মারা যান। আমার বাবা জীবিত আছেন। বাবা আরেকটি বিয়ে করেছেন। ওই পক্ষে দুই ভাই ও এক বোন আছে। প্রশ্ন হচ্ছে, আমার মায়ের সম্পত্তির ভাগ আমরা পাব কি না। আমার সৎভাইবোন আমার মায়ের সম্পত্তি পাবে কি?","1. <other_1682_s2_p0> [মানবদেহে অঙ্গ-প্রত্যঙ্গ সংযোজন আইন, ২০২৬, ধারা ২] সংজ্ঞা — বিষয় বা প্রসঙ্গের পরিপন্থি কোনো কিছু না থাকিলে, এই আইনে- (১) “অঙ্গ-প্রত্যঙ্গ” অর্থ মানবদেহের কিডনি, হৃৎপিণ্ড,
2. <other_1148_s2> [বাংলাদেশ সাংবাদিক কল্যাণ ট্রাস্ট আইন, ২০১৪, ধারা ২] সংজ্ঞা — বিষয় বা প্রসঙ্গের পরিপন্থী কোন কিছু না থাকিলে, এই আইনে-(১) ‘‘চেয়ারম্যান’’ অর্থ বোর্ডের চেয়ারম্যান;(২) ‘‘ট্র
3. <other_1266_s2_p3> [বাংলাদেশ মুক্তিযোদ্ধা কল্যাণ ট্রাস্ট আইন, ২০, ধারা ২] সংজ্ঞা — বা স্বামী এবং পিতা-মাতার অবর্তমানে খেতাবপ্রাপ্ত বীর মুক্তিযোদ্ধার সন্তান; বা(উ) (অ)-(ঈ) পর্যন্ত বর্ণিত ব্যক্তি
4. <other_1349_s2> [আকাশপথে পরিবহণ (মন্ট্রিল কনভেনশন) আইন, ২০২০, ধারা ২] বিষয়বাপ্রসঙ্গেরপরিপন্থিকোনোকিছুনাথাকিলে,এইআইনে-(ক)‘অভ্যন্তরীণপরিবহণ’অর্থআকাশপথে পরিবহণেপক্ষসমূহেরমধ্যেসম্পাদি
5. <other_893_s7> [শিশু-মাতৃ স্বাস্থ্য ইনস্‌টিটিউট আইন, ২০০২, ধারা ৭] ইনস্‌টিটিউটের দায়িত্ব ও কার্যাবলী — ইনস্টিটিউটের দায়িত্ব ও কার্যাবলী হইবে নিম্নরূপ, যথা:-(১) শিশু ও মায়ের স্বাস্থ্য ও পুষ্টি বিষয়ে শিক্ষা, প্রশ
6. <other_1718_s83> [অর্থ (২০২৫-২০২৬ অর্থ বৎসর) আইন, ২০২৬, ধারা ৮৩] ২০২৩ সনের ১২ নং আইনের ধারা ১৩৫ এর সংশোধন — উক্ত আইনের ধারা ১৩৫ এর- (ক) উপ-ধারা (১) এ উল্লিখিত “১০% (দশ শতাংশ)” সংখ্যা, চিহ্ন, বন্ধনী ও শব্দগুলির পরিবর্তে
7. <other_1378_s2> [বাংলাদেশ চলচ্চিত্র শিল্পী কল্যাণ ট্রাস্ট আইন, ধারা ২] সংজ্ঞা — বিষয় বা প্রসঙ্গের পরিপন্থি কোনো কিছু না থাকিলে, এই আইনে-(ক) “চলচ্চিত্র” অর্থ সেলুলয়েড, অ্যানালগ, ডিজিটাল বা 
8. <other_1485_s2> [বাংলাদেশ পুলিশ কল্যাণ তহবিল আইন, ২০২৩, ধারা ২] সংজ্ঞা — বিষয় বা প্রসঙ্গের পরিপন্থি কোনো কিছু না থাকিলে, এই আইনে,-(১) ""কর্মচারী"" অর্থ-(ক) পুলিশ ইন্সপেক্টরের নিম্ন পদম
9. <other_1138_s2> [গ্রামীণ ব্যাংক আইন, ২০১৩, ধারা ২] সংজ্ঞা — বিষয় বা প্রসংগের পরিপন্থি কোন কিছু না থাকিলে, এই আইনে,-1[(১) “ঋণ” অর্থ এইরূপ কোনো ব্যক্তির পক্ষে ব্যাংক কর্তৃ
10. <other_943_s2> [বাংলাদেশ শ্রমিক কল্যাণ ফাউন্ডেশন আইন, ২০০৬, ধারা ২] সংজ্ঞা — বিষয় বা প্রসঙ্গের পরিপন্থী কিছু না থাকিলে, এই আইনে-(ক) “অপ্রাতিষ্ঠানিক খাত” অর্থ এইরূপ বেসরকারী খাত যেখানে কর","other_173_s2","own_search","answered","2"
"prot_0056_04","Sifat","","আমি একজন সরকারি চাকরিজীবী। এক বছর আগে আমার এক আত্মীয়ের মেয়েকে বিয়ে করি। কিন্তু বিয়ের কয়েক সপ্তাহ পরে জানতে পারি, বিয়ের আগে তার অন্য এক ছেলের সঙ্গে সম্পর্ক ছিল। আমি তাকে খুব ভালোবাসতাম। কিন্তু এ কথা জানার পর তাকে আর মেনে নিতে পারছি না। মেয়েটি তার সম্পর্কের কথা স্বীকার করে না। কিন্তু তার আত্মীয়স্বজন, বন্ধুবান্ধব আমাকে বলেছে। তার সঙ্গে আমার দু-একদিন পরপর ঝগড়া হয়। আমি তাঁকে তালাকের কথা বললে সে রাজি হয় না। কিন্তু আমি আর সংসার করতে চাই না। তাঁকে কীভাবে তালাক দেব?নাম প্রকাশে অনিচ্ছুক","1. <other_1126_s8> [প্রতিবন্ধী ব্যক্তির অধিকার ও সুরক্ষা আইন, ২০, ধারা ৮] বাকপ্রতিবন্ধিতা (speech disability) — নিম্নবর্ণিত দফাসমূহে উল্লিখিত বৈশিষ্ট্যসমূহের মধ্যে এক বা একাধিক বৈশিষ্ট্যের অধিকারী ব্যক্তি ‘বাকপ্রতিবন্ধী ব্
2. <other_1375_s27> [শিশু দিবাযত্ন কেন্দ্র আইন, ২০২১, ধারা ২৭] ক্যামেরায় গৃহীত ছবি, রেকর্ডকৃত কথাবার্তার সাক্ষ্য মূল্য — Evidence Act, 1872(Act No. I of 1872) এ যাহা কিছুই থাকুক না কেন, কেন্দ্রে সংঘটিত কোনো অপরাধের ভিডিও, স্থিরচিত্
3. <other_788_s346_p0> [কোম্পানী আইন, ১৯৯৪, ধারা ৩৪৬] নিষ্ক্রিয় (defunct) কোম্পানীর নাম নিবন্ধন বহি হইতে কাটিয়া দেওয়া — (১) যেক্ষেত্রে রেজিষ্ট্রারের এইরূপ বিশ্বাস করিবার যুক্তিসংগত কারণ থাকে যে, কোন একটি কোম্পানী ব্যবসা করিতেছে না
4. <women_children_1063_s26> [পারিবারিক সহিংসতা (প্রতিরোধ ও সুরক্ষা) আইন, , ধারা ২৬] প্রতিপক্ষের অনুপস্থিতিতে বিচার — (১) প্রতিপক্ষের প্রতি উপস্থিতির জন্য নোটিশ জারী করা হইলেও প্রতিপক্ষ যদি আদালতে উপস্থিত না হন বা একবার উপস্থিত 
5. <women_children_1119_s80> [শিশু আইন, ২০১৩, ধারা ৮০] শিশুকে শোষণের দণ্ড — (১) শিশু-আদালত কর্তৃক শিশুর জিম্মাদার, রক্ষণাবেক্ষণকারী, প্রতিপালনের দায়িত্বপ্রাপ্ত ব্যক্তি বা অন্য কোন ব্যক্
6. <labour_952_s117> [বাংলাদেশ শ্রম আইন, ২০০৬, ধারা ১১৭] মজুরীসহ বাৎসরিক ছুটি — (১) কোন প্রতিষ্ঠানে অবিচ্ছিন্নভাবে এক বৎসর চাকুরী পূর্ণ করিয়াছেন এমন প্রত্যেক প্রাপ্ত বয়স্ক শ্রমিককে পরবর্তী
7. <labour_952_s116> [বাংলাদেশ শ্রম আইন, ২০০৬, ধারা ১১৬] পীড়া-ছুটি — (১) সংবাদ পত্র শ্রমিক ব্যতীত, প্রত্যেক শ্রমিক প্রত্যেক পঞ্জিকা বৎসরে পূর্ণ মজুরীতে চৌদ্দ দিনের পীড়া ছুটি পাইব
8. <labour_952_s223> [বাংলাদেশ শ্রম আইন, ২০০৬, ধারা ২২৩] নিষ্পত্তি, ইত্যাদি বলবৎ এর তারিখ — (১) কোন নিষ্পত্তি-(ক) যদি কোন বিরোধের পক্ষগণের মধ্যে কোন সম্মত দিন থাকে, উক্ত দিন হইতে, এবং(খ) যদি উক্তরূপ কোন
9. <labour_1285_s51> [বাংলাদেশ ইপিজেড শ্রম আইন, ২০১৯, ধারা ৫১] পীঁড়া ছুটি — (১) প্রত্যেক শ্রমিক প্রতি পঞ্জিকা বৎসরে পূর্ণ মজুরিতে ১৪ (চৌদ্দো) দিনের পীঁড়া ছুটি পাইবার অধিকারী হইবেন।(২) উ
10. <other_1181_s29> [বাংলাদেশ কোস্ট গার্ড আইন, ২০১৬, ধারা ২৯] বিদ্রোহ — এই আইনের বিধানাবলী সাপেক্ষে, অধিভুক্ত কোন ব্যক্তি যদি -(ক) বাহিনীর অভ্যন্তরে বা অন্য কোন শৃঙ্খলা বাহিনীতে কোন ","family_305_s7","own_search","answered","3"
"prot_0031_02","Sifat","VERIFY","কিন্তু আমাদের মধ্যে বিবাহবিচ্ছেদ হয়নি। এখন সে সংসার করছে এবং তার একটি সন্তানও আছে। আমিও আরেকটি মেয়েকে বিয়ে করেছি। আমাদের আগের বিয়ের কাবিনে নগদ দুই লাখ টাকা ও ৪ শতাংশ জমি স্ত্রীকে দেওয়া হয়েছে। এখন আমার আগের স্ত্রী কি সেই জমি ও টাকা পাবে?","1. <criminal_procedure_1239_s85> [রংপুর মহানগরী পুলিশ আইন, ২০১৮, ধারা ৮৫] ইচ্ছাকৃতভাবে অনধিকার প্রবেশের দণ্ড — কোনো ব্যক্তি সন্তোষজনক কারণ ব্যতীত কোনো বসতবাড়িতে বা উহার প্রাঙ্গণে বা উহার সংলগ্ন জমিতে বা মাঠে অথবা সরকারি 
2. <criminal_procedure_1238_s85> [গাজীপুর মহানগরী পুলিশ আইন, ২০১৮, ধারা ৮৫] ইচ্ছাকৃতভাবে অনধিকার প্রবেশের দণ্ড — কোনো ব্যক্তি সন্তোষজনক কারণ ব্যতীত কোনো বসতবাড়িতে বা উহার প্রাঙ্গণে বা উহার সংলগ্ন জমিতে বা মাঠে অথবা সরকারি 
3. <other_722_s15> [পার্বত্য জেলাসমূহ (আইন রহিত ও প্রয়োগ এবং বিশ, ধারা ১৫] বসতবাড়ীর জন্য গ্রামীণ জমি দখল — (১) কোন পাহাড়ী ব্যক্তি পৌর এলাকা-বহির্ভূত অনধিক ত্রিশ শতাংশ পর্যন্ত খাস জমি তাহার নিজ বসতবাড়ীর জন্য হেডম্যান
4. <other_1443_s2_p0> [বাংলাদেশ ক্ষুদ্র ও কুটির শিল্প কর্পোরেশন আইন, ধারা ২] সংজ্ঞা — বিষয় বা প্রসঙ্গের পরিপন্থি কোনো কিছু না থাকিলে, এই আইনে,-(১) ‘অতি ক্ষুদ্র শিল্প’ বা ‘মাইক্রো শিল্প’ অর্থ-(ক) 
5. <other_1412_s6_p0> [বেসরকারি মেডিকেল কলেজ ও ডেন্টাল কলেজ আইন, ২০, ধারা ৬] বেসরকারি মেডিকেল কলেজ বা ডেন্টাল কলেজ স্থাপনের শর্তাবলি — এই আইনের অধীন বেসরকারি মেডিকেল কলেজ বা ডেন্টাল কলেজ স্থাপনের লক্ষ্যে নিম্নবর্ণিত শর্তাবলি পূরণ করিতে হইবে, যথা
6. <other_831_s7_p2> [অর্থ আইন, ১৯৯৯, ধারা ৭] ১৯৯১ সনের ২২ নং আইন সংশোধন — কিছুই থাকুক না কেন, প্রতিষ্ঠিত নিবন্ধিত ব্যক্তির তেগত্রে, প্রতিষ্ঠিত নিবন্ধিত ব্যক্তি বিবেচিত হওয়ার বত্সরে এই
7. <other_1158_s25> [ফরমালিন নিয়ন্ত্রণ আইন, ২০১৫, ধারা ২৫] অপরাধ সংঘটনে গৃহ বা যানবাহন, ইত্যাদি ব্যবহার করিতে দেওয়ার দণ্ড — কোন ব্যক্তি যদি জ্ঞাতসারে এই আইনের অধীন কোন অপরাধ সংঘটনের জন্য তাহার মালিকানাধীন বা দখলীয় কোন বাড়ি-ঘর, জায়গ
8. <criminal_procedure_1013_s87> [বরিশাল মহানগরী পুলিশ আইন, ২০০৯, ধারা ৮৭] ইচ্ছাকৃতভাবে অনধিকার প্রবেশের দণ্ড — কোন ব্যক্তি সন্তোষজনক কারণ ছাড়া কোন বসতবাড়ীতে বা উহার প্রাংগনে বা উহার সংলগ্ন জমিতে বা মাঠে অথবা সরকারী জমি,
9. <other_813_s6> [বাংলাদেশ কমার্স এন্ড ইনভেষ্টমেন্ট লিমিটেড (প, ধারা ৬] মূলধন বা শেয়ার মূল্য পরিশোধের পদ্ধতি — (১) “ক” শ্রেণীর শেয়ারহোল্ডার নগদ অর্থ প্রদানের মাধ্যমে শেয়ার মূল্য পরিশোধ করিবেন এবং উক্ত শ্রেণীর শেয়ারহোল্
10. <criminal_procedure_765_s87> [রাজশাহী মহানগরী পুলিশ আইন, ১৯৯২, ধারা ৮৭] ইচ্ছাকৃতভাবে অনধিকার প্রবেশের দণ্ড — কোন ব্যক্তি সন্তোষজনক কারণ ছাড়া কোন বসত বাড়িতে বা উহার প্রাংগণে বা উহার সংলগ্ন জমিতে বা মাঠে অথবা সরকারী জমি","other_173_s2, family_305_s10","own_search","answered","1"
"prot_0048_01","Sifat","VERIFY","আমি বিদেশে চাকরি করছি। দেশের বাইরে থাকাকালীন আমার মা-বাবা বাংলাদেশে আমার জন্য মেয়ে দেখেন এবং মোবাইল ফোনের মাধ্যমে আমাদের আকদ হয়। এর কিছুদিন পরে মেয়ে জানায় সে আমার সঙ্গে সংসার করবে না। তখনো আমি বিদেশে। এরপর আমি বাংলাদেশে এসে মেয়ের সঙ্গে যোগাযোগ করি এবং মেয়েকে বোঝানোর চেষ্টা করি। কিন্তু সে সংসার করতে রাজি নয়। সে আমাকে তালাক দেবে। কিন্তু তাকে ঘরে তুলে নিয়ে যাওয়া হয়নি এবং তার সঙ্গে আমার শারীরিক সম্পর্কও হয়নি। কাবিনের কাগজে আমি কোনো সইও করিনি। এ ক্ষেত্রে মেয়ে যদি আমাকে তালাক দেয়, তাহলে আমাকে কি মোহরানা দিতে হবে? এবং আমাদের আকদ হয়েছে কি?মো. নূর ইসলামচট্টগ্রাম","1. <other_1133_s17> [নির্যাতন এবং হেফাজতে মৃত্যু (নিবারণ) আইন, ২০, ধারা ১৭] অ-নাগরিক — এই আইনের অধীনে কৃত কোনো অপরাধের জন্য যদি বাংলাদেশের নাগরিক নয় এমন কাউকে গ্রেফতার করা হয় সে ক্ষেত্রে উক্ত ব্য
2. <other_822_s10> [পার্বত্য চট্টগ্রাম আঞ্চলিক পরিষদ আইন, ১৯৯৮, ধারা ১০] সম্পত্তি সম্পর্কিত ঘোষণা — চেয়ারম্যান ও প্রত্যেক সদস্য তাহার কার্যভার গ্রহণের পূর্বে তাহার এবং তাঁহার পরিবারের কোন সদস্যের স্বত্ব, দখল ব
3. <local_government_1027_s41> [স্থানীয় সরকার (ইউনিয়ন পরিষদ) আইন, ২০০৯, ধারা ৪১] সম্পত্তি সম্পর্কিত ঘোষণা — চেয়ারম্যান ও সদস্য তাঁহার কার্যভার গ্রহণের পূর্বে তাঁহার এবং তাঁহার পরিবারের কোন সদস্যের স্বত্ব, দখল বা স্বার
4. <local_government_827_s10> [উপজেলা পরিষদ আইন, ১৯৯৮, ধারা ১০] সম্পত্তি সম্পর্কিত ঘোষণা — 14[চেয়ারম্যান ও ভাইস চেয়ারম্যান ] তাঁহার কার্যভার গ্রহণের পূর্বে তাঁহার এবং তাঁহার পরিবারের কোন সদস্যের স্বত
5. <other_1476_s105> [কাস্টমস আইন, ২০২৩, ধারা ১০৫] আউটওয়ার্ড প্রসেসিং পদ্ধতি — (১) এই অধ্যায়ে উল্লিখিত আবশ্যকতা এবং পণ্য ঘোষণা ও ছাড় সংক্রান্ত প্রয়োজনীয় আনুষ্ঠানিকতা সম্পাদন সাপেক্ষে, ব
6. <local_government_1027_s2_p1> [স্থানীয় সরকার (ইউনিয়ন পরিষদ) আইন, ২০০৯, ধারা ২] সংজ্ঞা — শহর হিসাবে ঘোষিত নয় এইরূপ এলাকা;(১৩) 'চেয়ারম্যান' অর্থ ইউনিয়ন পরিষদের চেয়ারম্যান;(১৪) 'জনপথ' অর্থ সর্বসাধা
7. <other_1725_s74> [অর্থ আইন, ২০২৬, ধারা ৭৪] ২০২৩ সনের ১২ নং আইনের ধারা ১১৯ এর সংশোধন — ২০২৩ সনের ১২ নং আইনের ধারা ১১৯ এর সংশোধন।-উক্ত আইনের ধারা ১১৯ এর উপ-ধারা (৩) এর পরিবর্তে নিম্নরূপ উপ-ধারা (৩) 
8. <other_1727_s2_p0> [জুয়া প্রতিরোধ আইন, ২০২৬, ধারা ২] সংজ্ঞা — বিষয় বা প্রসঙ্গের পরিপন্থি কোনো কিছু না থাকিলে, এই আইনে- (১) ""অর্থপাচার"" অর্থ- (ক) দেশে বিদ্যমান আইনের ব্যত্য
9. <other_1146_s68> [অর্থ আইন, ২০১৪, ধারা ৬৮] তথ্য ও যোগাযোগ প্রযুক্তি উন্নয়ন সারচার্জ — (১) বাংলাদেশে আমদানিকৃত ও উৎপাদিত সেলুলার মোবাইল টেলিফোন সেট এর উপর মূল্যভিত্তিক ১% হারে তথ্য ও যোগাযোগ প্রযুক
10. <other_1037_s20> [বীমা আইন, ২০১০, ধারা ২০] বিদেশে পুনঃবীমা সংক্রান্ত বিধানাবলী৷ — (১) প্রবিধান দ্বারা নির্ধারিত শর্ত সাপেক্ষে কোন বীমাকারী বীমাপলিসি গ্রাহক এবং বীমাকারীর স্বার্থ নিশ্চিত হয় এই","other_173_s2","own_search","answered","1"
"lawy_0262_01","Sifat","VERIFY","বাপ, দাদা ও নানা বাড়ির সম্পত্তি কিভাবে উদ্ধার করবেন?","1. <other_1132_s4> [পিতা-মাতার ভরণ-পোষণ আইন, ২০১৩, ধারা ৪] পিতা-মাতার অবর্তমানে দাদা-দাদী, নানা-নানীর ভরণ-পোষণ — প্রত্যেক সন্তান তাহার—(ক) পিতার অবর্তমানে দাদা-দাদীকে; এবং(খ) মাতার অবর্তমানে নানা-নানীকে—ধারা ৩ এ বর্ণিত ভরণ-
2. <other_1132_s5> [পিতা-মাতার ভরণ-পোষণ আইন, ২০১৩, ধারা ৫] পিতা-মাতার ভরণ-পোষণ না করিবার দণ্ড — (১) কোন সন্তান কর্তৃক ধারা ৩ এর যে কোন উপ-ধারার বিধান কিংবা ধারা ৪ এর বিধান লংঘন অপরাধ বলিয়া গণ্য হইবে এবং উক
3. <other_751_s86> [ব্যাংক-কোম্পানী আইন, ১৯৯১, ধারা ৮৬] সম্পত্তি উদ্ধার, ইত্যাদিতে ব্যাংক-কোম্পানীর পরিচালক ও কর্মকর্তাগণ কর্তৃক সাহায্য প্রদানের দায়িত্ব — অবসায়নাধীন কোন ব্যাংক-কোম্পানীর প্রত্যেক পরিচালক ও কর্মকর্তা, সরকারী অবসায়ক কর্তৃক অনুরম্্নদ্ধ হইলে তাঁহাকে 
4. <other_1483_s5> [পরিত্যক্ত বাড়ি (সম্পূরক বিধানাবলি) আইন, ২০২৩, ধারা ৫] পরিত্যক্ত বাড়ির তালিকা হইবার পর স্বার্থ দাবি করিয়া আবেদন — ধারা ৪ এর উপ-ধারা (১) এর দফা (ক) ও (খ) এ বর্ণিত ক্ষেত্র ব্যতীত অন্যান্য ক্ষেত্রে কোনো বাড়ির উপর কোনো অধিকার ব
5. <land_1193_s1> [রেলওয়ে সম্পত্তি (অবৈধ দখল উদ্ধার) আইন, ২০১৬, ধারা ১] সংক্ষিপ্ত শিরোনাম ও প্রবর্তন — (১) এই আইনরেলওয়ে সম্পত্তি (অবৈধ দখল উদ্ধার) আইন, ২০১৬নামে অভিহিত হইবে।(২) ইহা অবিলম্বে কার্যকর হইবে।
6. <other_812_s20> [দেউলিয়া বিষয়ক আইন, ১৯৯৭, ধারা ২০] দেনাদারের মৃত্যুর পর কার্যধারা অব্যাহত রাখা — যে দেনাদারের পক্ষে বা বিপক্ষে আর্জি পেশ করা হইয়াছে তাহার মৃত্যু হইলে উক্ত আর্জি-ভিত্তিক কার্যধারা ততদিন অব্যা
7. <other_1715_s34> [বন্যপ্রাণী (সংরক্ষণ ও নিরাপত্তা) আইন, ২০২৬, ধারা ৩৪] বন্যপ্রাণী উদ্ধার কেন্দ্র — বন অধিদপ্তর, বন্যপ্রাণীর চিকিৎসা সেবা, খাদ্য, আশ্রয় ও নিরাপত্তা প্রদানের নিমিত্ত উদ্ধার কেন্দ্র স্থাপন করিতে 
8. <other_1483_s10_p1> [পরিত্যক্ত বাড়ি (সম্পূরক বিধানাবলি) আইন, ২০২৩, ধারা ১০] পরিত্যক্ত বাড়ি নিয়ন্ত্রণ, ব্যবস্থাপনা এবং নিষ্পত্তি সংক্রান্ত বোর্ড — গণপূর্ত বিভাগ সদস্য-সচিব।(২) পরিত্যক্ত বাড়ি নিয়ন্ত্রণ, ব্যবস্থাপনা এবং নিষ্পত্তির জন্য বোর্ডের দায়িত্ব ও কা
9. <other_1684_s49> [মানব পাচার ও অভিবাসী চোরাচালান প্রতিরোধ ও দম, ধারা ৪৯] মানব পাচার ও অভিবাসী চোরাচালানের শিকার ব্যক্তিদের বা ভিকটিমদের চিহ্নিতকরণ এবং উদ্ধার — (১) সরকার মানব পাচার ও অভিবাসী চোরাচালানের শিকার ব্যক্তিদের চিহ্নিতকরণ, উদ্ধার, প্রত্যাবাসন এবং পুনর্বাসনকল্পে
10. <other_1131_s43> [বৈদেশিক কর্মসংস্থান ও অভিবাসী আইন, ২০১৩, ধারা ৪৩] অবৈধভাবে গৃহীত অর্থ উদ্ধার — (১) এই আইনের বিধান লঘন করিয়া কোন অর্থ গ্রহণ করা হইলে সরকার, প্রয়োজনীয় তদন্ত সাপেক্ষে, এবং লিখিত আদেশ দ্বার","none","none","not_found","1"
"prot_0036_03","Sifat","VERIFY","দশম শ্রেণীতে আমি বাড়িতে একজন শিক্ষকের কাছে পড়তাম। একসময় তার সঙ্গে আমার ঘনিষ্ঠ সম্পর্ক হয়ে যায় এবং আমরা নানা জায়গায় একসঙ্গে যেতে শুরু করি। এভাবে দুই বছর চলে। কিছুদিন আগে সে আমাকে বলে যে তার সঙ্গে আমার নাকি বিয়ে হয়েছে এবং কোর্ট ম্যারেজের কাগজও দেখায়। আমি তার কথায় রাজি না থাকায় সে আমাকে তুলে নিয়ে যাওয়ার হুমকি দেয়। এ নিয়ে আমি ও আমার পরিবার খুব চিন্তিত। আমার বয়স এখনো ১৮ হয়নি। সে আমার ছবি ও স্বাক্ষর সংগ্রহ করেছে এবং কোর্ট ম্যারেজের কাগজ তৈরি করেছে। আমি এখন কী করব? নাম প্রকাশে অনিচ্ছুকচট্টগ্রাম","1. <other_1429_s337> [আয়কর আইন, ২০২৩, ধারা ৩৩৭] কোম্পানি অবসায়নের ক্ষেত্রে গৃহীত ব্যবস্থাদি — কোম্পানী আইন, ১৯৯৪(১৯৯৪ সনের ১৮ নং আইন) এ যাহা কিছুই থাকুক না কেন, অবসায়নের আদেশপ্রাপ্ত বা সাময়িকভাবে অবসায়
2. <other_1124_s7> [মাতৃদুগ্ধ বিকল্প, শিশু খাদ্য, বাণিজ্যিকভাবে , ধারা ৭] শিক্ষামূলক বা অন্যান্য তথ্যাদি — জন্ম-পূর্ববর্তী বা জন্ম-পরবর্তী সেবা দানের উদ্দেশ্যে কোন গর্ভবতী মহিলা বা মাতৃদুগ্ধদানকারী বা শিশুর মায়েদের স
3. <other_1025_s7> [মোবাইল কোর্ট আইন, ২০০৯, ধারা ৭] মোবাইল কোর্টের পরিচালনা পদ্ধতি — (১) এই আইনের অধীন মোবাইল কোর্ট পরিচালনা করিবার সময় কোন ব্যক্তির বিরুদ্ধে অপরাধ আমলে গৃহীত হইবার পরপরই মোবাইল 
4. <cybercrime_1710_s2_p11> [সাইবার সুরক্ষা আইন, ২০২৬, ধারা ২] সংজ্ঞা — দ্বারা কোন ব্যক্তির অন্তরঙ্গ অথবা ব্যক্তিগত ছবি, ভিডিও সংরক্ষণ বা সংরক্ষনের দাবি করিবার মাধ্যমে তাহা প্রকাশ কর
5. <other_1025_s8> [মোবাইল কোর্ট আইন, ২০০৯, ধারা ৮] দণ্ড আরোপের সীমাবদ্ধতা — (১) এই আইনের অধীন মোবাইল কোর্ট পরিচালনা করিয়া দণ্ড আরোপ করিবার ক্ষেত্রে, সংশ্লিষ্ট অপরাধের জন্য সংশ্লিষ্ট আইন
6. <other_1483_s8> [পরিত্যক্ত বাড়ি (সম্পূরক বিধানাবলি) আইন, ২০২৩, ধারা ৮] কোর্ট অব সেটেলমেন্ট স্থাপন — (১) এই আইনের উদ্দেশ্যপূরণকল্পে, সরকার, সরকারি গেজেটে প্রজ্ঞাপন দ্বারা, প্রজ্ঞাপনে উল্লিখিত এলাকা বা এলাকাসমূহে
7. <other_1483_s7> [পরিত্যক্ত বাড়ি (সম্পূরক বিধানাবলি) আইন, ২০২৩, ধারা ৭] মামলা দায়েরে নিষেধাজ্ঞা, ইত্যাদি — (১) রাষ্ট্রপতির ১৯৭২ সনের ১৬ নং আদেশ বা এই আইনের অধীন কৃত, গৃহীত বা চলমান কোনো কার্যক্রম, সিদ্ধান্ত বা জারীকৃত
8. <labour_952_s36> [বাংলাদেশ শ্রম আইন, ২০০৬, ধারা ৩৬] যদি কোন ব্যক্তি শিশু নাকি কিশোর এ সম্পর্কে কোন প্রশ্ন উত্থাপিত হয়, তাহা হইলে উক্ত ব্যক্তির জন্ম নিবন্ধন সনদ, 
9. <other_1429_s127> [আয়কর আইন, ২০২৩, ধারা ১২৭] সরকারি স্ট্যাম্প, কোর্ট ফি, কার্টিজ পেপার বাবদ পরিশোধিত কমিশন হইতে কর সংগ্রহ — সরকারি স্ট্যাম্প, কোর্ট ফি, কার্টিজ পেপার বা অনুরূপ প্রকৃতির অন্য কোনো কিছু বিক্রয়ের বিপরীতে কোনো কমিশন, বাট্
10. <other_1419_s18> [বাংলাদেশ সরকারী কর্ম কমিশন আইন, ২০২৩, ধারা ১৮] মোবাইল কোর্ট আইন, ২০০৯ এর প্রয়োগ — ধারা ১১ এ বর্ণিত অপরাধ ব্যতীত ধারা ১০, ১২, ১৩ ও ১৪ এ বর্ণিত অপরাধসমূহমোবাইল কোর্ট আইন, ২০০৯(২০০৯ সনের ৫৯ নং আই","criminal_procedure_11_s465, criminal_procedure_11_s471, criminal_procedure_11_s506","own_search","answered","1"
"lawy_0567_01","Sifat","VERIFY","ছেলে নেই, মেয়ে কি বাবার সব সম্পত্তি পাবে?","1. <other_822_s10> [পার্বত্য চট্টগ্রাম আঞ্চলিক পরিষদ আইন, ১৯৯৮, ধারা ১০] সম্পত্তি সম্পর্কিত ঘোষণা — চেয়ারম্যান ও প্রত্যেক সদস্য তাহার কার্যভার গ্রহণের পূর্বে তাহার এবং তাঁহার পরিবারের কোন সদস্যের স্বত্ব, দখল ব
2. <local_government_1027_s41> [স্থানীয় সরকার (ইউনিয়ন পরিষদ) আইন, ২০০৯, ধারা ৪১] সম্পত্তি সম্পর্কিত ঘোষণা — চেয়ারম্যান ও সদস্য তাঁহার কার্যভার গ্রহণের পূর্বে তাঁহার এবং তাঁহার পরিবারের কোন সদস্যের স্বত্ব, দখল বা স্বার
3. <local_government_827_s10> [উপজেলা পরিষদ আইন, ১৯৯৮, ধারা ১০] সম্পত্তি সম্পর্কিত ঘোষণা — 14[চেয়ারম্যান ও ভাইস চেয়ারম্যান ] তাঁহার কার্যভার গ্রহণের পূর্বে তাঁহার এবং তাঁহার পরিবারের কোন সদস্যের স্বত
4. <local_government_1027_s2_p1> [স্থানীয় সরকার (ইউনিয়ন পরিষদ) আইন, ২০০৯, ধারা ২] সংজ্ঞা — শহর হিসাবে ঘোষিত নয় এইরূপ এলাকা;(১৩) 'চেয়ারম্যান' অর্থ ইউনিয়ন পরিষদের চেয়ারম্যান;(১৪) 'জনপথ' অর্থ সর্বসাধা
5. <other_1482_s31> [বাংলাদেশ হোমিওপ্যাথিক চিকিৎসা শিক্ষা আইন, ২০, ধারা ৩১] ব্যবস্থাপত্রে অ-অনুমোদিত ঔষধ লিখিবার দণ্ড — (১) কোনো হোমিওপ্যাথিক চিকিৎসক হোমিওপ্যাথিক ফার্মাকোপিয়াতে অন্তর্ভুক্ত নেই এমন কোনো ঔষধ হোমিওপ্যাথিক চিকিৎসা ব
6. <other_1727_s35> [জুয়া প্রতিরোধ আইন, ২০২৬, ধারা ৩৫] ফৌজদারি কার্যবিধির প্রযোজ্যতা — এই আইনের যে সকল ক্ষেত্রে সুনির্দিষ্ট কোনো বিধান নেই সেইক্ষেত্রে অপরাধের তদন্ত, বিচার, তল্লাশি, জব্দ, গ্রেপ্তার
7. <other_1128_s35> [মাল্টি-লেভেল মার্কেটিং কার্যক্রম (নিয়ন্ত্রণ), ধারা ৩৫] এই আইনে সুনির্দিষ্টভাবে দণ্ডের উল্লেখ নেই এইরূপ কোন বিধান লংঘনের দণ্ড — কোন ব্যক্তি যদি এই আইনে সুনির্দিষ্টভাবে দণ্ডের বিধান উল্লেখ নাই এইরূপ কোন বিধান লংঘন করেন, তাহা হইলে উক্ত লংঘন
8. <other_1429_s2_p0> [আয়কর আইন, ২০২৩, ধারা ২] সংজ্ঞা — বিষয় বা প্রসঙ্গের পরিপন্থি কোনো কিছু না থাকিলে, এই আইনে,-(১) “অবলোপিত মূল্য” অর্থ তৃতীয় তফসিলের অংশ ১ এ সংজ্
9. <other_880_s7> [ইমাম ও মুয়াজ্জিন কল্যাণ ট্রাস্ট আইন, ২০০১, ধারা ৭] ট্রাস্টের কার্যাবলী — ট্রাস্টের কার্যাবলী হইবে নিম্্নরূপ, যথা:-(ক) কোন ইমাম বা মুয়াজ্জিন মারাত্মক দুর্ঘটনা, পঙ্গুত্ব, দুরারোগ্য ব্য
10. <labour_952_s2_p5> [বাংলাদেশ শ্রম আইন, ২০০৬, ধারা ২] সংজ্ঞাসমূহ — ব্যবহার করা হয় বা ব্যবহারযোগ্য, এবং কোন টাগ বা ফ্লাট এবং বার্জও ইহার অর্ন্তভুক্ত হইবে;(২৮) ""প্রশাসনিক শ্রমিক""","other_173_s2","own_search","answered","2"
"prot_0003_01","Sifat","VERIFY","ঢাকার একটি পাবলিক বিশ্ববিদ্যালয় এলাকায় বর্তমানে মুঠোফোন সেট চুরির ঘটনা অনেক বেড়ে গেছে। হলের নিজ নিজ কক্ষ থেকে মুঠোফোন সেট চুরি যাচ্ছে। ফলে ছাত্ররা অনিরাপদ বোধ করছেন। থানায় সাধারণ ডায়েরি করলেও কোনো প্রতিকার পাওয়া যায় না। মুঠোফোন সেট চুরির ঘটনাকে পুলিশ ও বিশ্ববিদ্যালয় প্রশাসন ছোটখাটো ঘটনা হিসেবে দেখে পাত্তা দিচ্ছে না। ফলে প্রতি মাসেই অসংখ্য মুঠোফোন সেট চুরির ঘটনা ঘটে। মুঠোফোন সেটে অনেক গুরুত্বপূর্ণ তথ্য থাকে, তাই এই চুরির ঘটনাকে খাটো করে না দেখে একই সঙ্গে নিম্ন ও নিম্নমধ্যবিত্ত শিক্ষার্থীদের কথা মাথায় রেখে আমরা এ বিষয়ের একটি প্রতিকার চাই। আমরা এই চুরির ঘটনায় মামলা করতে চাই। আমরা কীভাবে সরকারি উকিলের সাহায্য নিতে পারি এবং কীভাবে এ মামলা নিয়ে লড়তে পারি? পরামর্শ দিলে কৃতজ্ঞ থাকব। সাইফুল ইসলাম খান ঢাকা","1. <other_1228_s48> [বিদ্যুৎ আইন, ২০১৮, ধারা ৪৮] কতিপয় মামলা দায়েরের ক্ষেত্রে করণীয় — (১) এই আইনের অন্য কোন বিধানকে ক্ষুণ্ণ না করিয়া, কোন ব্যক্তি বা গ্রাহক কর্তৃক বিদ্যুৎ চুরির ঘটনা অবগত হইবার পর
2. <other_1052_s17> [বাংলাদেশ গ্যাস আইন, ২০১০, ধারা ১৭] পাইপলাইন, মিটার, রেগুলেটর, ইত্যাদি চুরির দন্ড — কোন ব্যক্তি গ্যাস সঞ্চালন, বিতরণ এবং সরবরাহকারী প্রতিষ্ঠানের মালিকানাধীন পাইপলাইন, মিটার, রেগুলেটর বা অন্য কোন
3. <other_1228_s32> [বিদ্যুৎ আইন, ২০১৮, ধারা ৩২] বিদ্যুৎ চুরির দণ্ড — (১) কোন ব্যক্তি বাসগৃহ বা কোন স্থানে ব্যবহারের উদ্দেশ্যে বিদ্যুৎ চুরি করিলে অনধিক ৩ (তিন) বৎসর কারাদণ্ড অথবা চ
4. <other_1146_s68> [অর্থ আইন, ২০১৪, ধারা ৬৮] তথ্য ও যোগাযোগ প্রযুক্তি উন্নয়ন সারচার্জ — (১) বাংলাদেশে আমদানিকৃত ও উৎপাদিত সেলুলার মোবাইল টেলিফোন সেট এর উপর মূল্যভিত্তিক ১% হারে তথ্য ও যোগাযোগ প্রযুক
5. <consumer_1270_s10> [ওজন ও পরিমাপ মানদণ্ড আইন, ২০১৮, ধারা ১০] রেফারেন্স মানদণ্ড — (১) সরকার, ধারা ৮ এর উপ-ধারা (১) এ উল্লিখিত পরিমাপনের মানদণ্ড বা উহার গুণিতক বা উপ-গুণিতকের জন্য, রেফারেন্স মা
6. <other_1725_s141> [অর্থ আইন, ২০২৬, ধারা ১৪১] ২০২৩ সনের ১২ নং আইনের ধারা ২৮৯ এর সংশোধন — উক্ত আইনের ধারা ২৮৯ এর- (ক) উপ-ধারা (১) এর দফা (ক) এর পরিবর্তে নিম্নরূপ দফা (ক) প্রতিস্থাপিত হইবে, যথা:- “(ক) 
7. <consumer_1270_s12> [ওজন ও পরিমাপ মানদণ্ড আইন, ২০১৮, ধারা ১২] প্রচলিত মানদণ্ড — (১) বাণিজ্যিক ওজন ও পরিমাপনের শুদ্ধতা প্রতিপাদনের উদ্দেশ্যে, সরকার, প্রচলিত মানদণ্ড নামে, প্রয়োজনীয় সংখ্যক ম
8. <other_1218_s36> [বেসামরিক বিমান চলাচল আইন, ২০১৭, ধারা ৩৬] কতিপয় ক্ষেত্রে মামলা দায়েরে প্রতিবন্ধকতা — আবহাওয়া এবং অন্য কোন পারিপার্শ্বিক অবস্থা বিবেচনায় বিমান চলাচলের জন্য যে উচ্চতা যৌক্তিক সেইরূপ উচ্চতার উপর দ
9. <other_1096_s23> [বাংলাদেশ পরমাণু শক্তি নিয়ন্ত্রণ আইন, ২০১২, ধারা ২৩] অনুমোদনপ্রাপ্ত ব্যক্তির দায়-দায়িত্ব — অনুমোদনপ্রাপ্ত ব্যক্তি অনুমোদনের মেয়াদকালীন নিম্নবর্ণিত দায়-দায়িত্ব পালন করিবেন, যথাঃ-(ক) নিউক্লীয় স্থাপনা
10. <consumer_1270_s11> [ওজন ও পরিমাপ মানদণ্ড আইন, ২০১৮, ধারা ১১] সেকেন্ডারি মানদণ্ড — (১) প্রচলিত মানদণ্ডের শুদ্ধতা প্রতিপাদনের উদ্দেশ্যে, সরকার, সেকেন্ডারি মানদণ্ড নামে ওজন ও পরিমাপনের প্রয়োজনীয","criminal_procedure_75_s154, criminal_procedure_75_s493, criminal_procedure_11_s380","own_search","answered","2"
"prot_0021_02","Sifat","VERIFY","আপনার স্বামী তালাকের নির্দিষ্ট নিয়ম অনুযায়ী তাঁর দ্বিতীয় স্ত্রীকে তালাক দিতে পারেন। তবে আইন অনুযায়ী দ্বিতীয় স্ত্রী দেনমোহর ও নির্দিষ্ট সময়ের ভরণপোষণ পাবেন। আমাদের মা-বাবা জীবিত নেই। আমিই তাঁদের একমাত্র ছেলেসন্তান। আমার চার বোন আছেন, সবাই বিবাহিত। আমাদের সম্পত্তির পরিমাণ পৌনে দুই কাঠা (১ দশমিক ৭৫ কাঠা)। ইসলাম ধর্ম আইনে কীভাবে এই সম্পত্তি বণ্টন করার বিধান রয়েছে? ইসলামধর্মের আইনমতে, উত্তরাধিকারেরা নিজেরা আপস-মীমাংসা করলেও বোনেরা তা মানতে নারাজ, করণীয় কী?","1. <other_1718_s77> [অর্থ (২০২৫-২০২৬ অর্থ বৎসর) আইন, ২০২৬, ধারা ৭৭] ২০২৩ সনের ১২ নং আইনের ধারা ১২৫ এর সংশোধন — উক্ত আইনের ধারা ১২৫ এর উপ-ধারা (২) এর দফা (ক) এ উল্লিখিত “কাঠা প্রতি ১.৬৫ (এক দশমিক পয়ষট্টি শতাংশ) ২০ (বিশ)” 
2. <constitutional_957_s42> [গণপ্রজাতন্ত্রী বাংলাদেশের সংবিধান, অনুচ্ছেদ ৪২] সম্পত্তির অধিকার — (১) আইনের দ্বারা আরোপিত বাধা নিষেধ-সাপেক্ষে প্রত্যেক নাগরিকের সম্পত্তি অর্জন, ধারণ, হস্তান্তর বা অন্যভাবে বিলি
3. <other_1266_s2_p2> [বাংলাদেশ মুক্তিযোদ্ধা কল্যাণ ট্রাস্ট আইন, ২০, ধারা ২] সংজ্ঞা — জামায়াতে ইসলামী এবং তাহাদের সহযোগী রাজাকার, আলবদর, আলশামস বাহিনীর বিরুদ্ধে গণপ্রজাতন্ত্রী বাংলাদেশের স্বাধীনত
4. <other_861_s73> [অর্থ আইন, ২০০১, ধারা ৭৩] ১৯৯১ সনের ২২ নং আইনের ধারা ৫ এর সংশোধন — মূল্য সংযোজন কর আইনের ধারা ৫ এর উপ-ধারা (২) এর দ্বিতীয় শর্তাংশের পরিবর্তে নিম্নরূপ দ্বিতীয় শর্তাংশ প্রতিস্থা
5. <other_1485_s9> [বাংলাদেশ পুলিশ কল্যাণ তহবিল আইন, ২০২৩, ধারা ৯] মৃত্যু এবং অক্ষমতাজনিত কারণে এককালীন এবং মাসিক কল্যাণ অনুদান — (১) কোনো কর্মচারী বা তাহার মৃত্যু হইলে তাহার স্ত্রী বা, ক্ষেত্রমত, স্বামী, বিধি দ্বারা নির্ধারিত পদ্ধতিতে, নিম
6. <civil_registration_921_s13> [জন্ম ও মৃত্যু নিবন্ধন আইন, ২০০৪, ধারা ১৩] বিলম্বিত নিবন্ধন — ধারা ৮ এ উল্লিখিত নির্দিষ্ট সময়ের মধ্যে জন্ম বা মৃত্যুর তথ্য নিবন্ধকের নিকট প্রেরণ করা না হইলে পরবর্তী সময় উ
7. <family_938_s7> [গ্রাম আদালত আইন, ২০০৬, ধারা ৭] গ্রাম আদালতের ক্ষমতা — (১) এই আইনে ভিন্নরূপ কোন বিধান না থাকিলে, গ্রাম আদালত তফসিলের প্রথম অংশে বর্ণিত অপরাধসমূহের ক্ষেত্রে কোন ব্যক্
8. <local_government_1024_s117> [স্থানীয় সরকার (পৌরসভা) আইন, ২০০৯, ধারা ১১৭] সীমানা লংঘন — (১) কোন ব্যক্তি কোন পৌরসভার জায়গা, সড়ক রেখা, ইমারত রেখা অথবা নর্দমার উপর অথবা ভিতরে স্থায়ী বা অস্থায়ীভাবে 
9. <local_government_1027_s93> [স্থানীয় সরকার (ইউনিয়ন পরিষদ) আইন, ২০০৯, ধারা ৯৩] অবৈধ দখল — (১) কোন ব্যক্তি কোন পরিষদের জায়গা, সড়ক অথবা নর্দমার বা তার অংশ বিশেষ স্থায়ী বা অস্থায়ীভাবে অবৈধ দখল করিতে 
10. <other_1682_s2_p0> [মানবদেহে অঙ্গ-প্রত্যঙ্গ সংযোজন আইন, ২০২৬, ধারা ২] সংজ্ঞা — বিষয় বা প্রসঙ্গের পরিপন্থি কোনো কিছু না থাকিলে, এই আইনে- (১) “অঙ্গ-প্রত্যঙ্গ” অর্থ মানবদেহের কিডনি, হৃৎপিণ্ড,","other_173_s2","own_search","answered","2"
"lawy_0220_01","Sifat","VERIFY","বোনেরা বাবার সম্পত্তির ভিটেবাড়ি থেকে কেন বঞ্চিত হবেন?","1. <constitutional_957_s32> [গণপ্রজাতন্ত্রী বাংলাদেশের সংবিধান, অনুচ্ছেদ ৩২] জীবন ও ব্যক্তি-স্বাধীনতার অধিকার-রক্ষণ — আইনানুযায়ী ব্যতীত জীবন ও ব্যক্তিস্বাধীনতা হইতে কোন ব্যক্তিকে বঞ্চিত করা যাইবে না।
2. <other_1065_s9> [বাংলাদেশ মেডিকেল ও ডেন্টাল কাউন্সিল আইন, ২০১, ধারা ৯] কার্যনির্বাহী কমিটি, ইত্যাদি — (১) কাউন্সিলের একটি কার্যনির্বাহী কমিটি থাকিবে।(২) কাউন্সিলের প্রেসিডেন্ট, ভাইস-প্রেসিডেন্ট এবং কাউন্সিল কর্তৃ
3. <other_1153_s6> [উপানুষ্ঠানিক শিক্ষা আইন, ২০১৪, ধারা ৬] উপানুষ্ঠানিক শিক্ষার পরিধি — উপানুষ্ঠানিক শিক্ষার পরিধি হইবে নিম্নরূপ, যথা:-(ক) যে সকল শিশু বিভিন্ন কারণে প্রাথমিক বিদ্যালয়ে আনুষ্ঠানিক শি
4. <labour_952_s286> [বাংলাদেশ শ্রম আইন, ২০০৬, ধারা ২৮৬] মালিক কর্তৃক চতুর্থ অধ্যায়ের বিধান লংঘনের দণ্ড — (১) কোন মালিক চতুর্থ অধ্যায়ের204[ বিধান অনুযায়ী কোনো মহিলা শ্রমিককে প্রসূতি কল্যাণ সুবিধা হইতে বঞ্চিত করিলে 
5. <labour_952_s29> [বাংলাদেশ শ্রম আইন, ২০০৬, ধারা ২৯] ভবিষ্য তহবিল পরিশোধ — যদি কোন শ্রমিক কোন ভবিষ্য তহবিলের সদস্য হন এবং তহবিলের বিধি অনুযায়ী তিনি মালিকের চাঁদাসহ উক্ত তহবিল হইতে কোন 
6. <labour_1285_s25> [বাংলাদেশ ইপিজেড শ্রম আইন, ২০১৯, ধারা ২৫] ভবিষ্য তহবিল পরিশোধ — যদি কোনো শ্রমিক কোনো ভবিষ্য তহবিলের সদস্য হন এবং প্রবিধান দ্বারা নির্ধারিত পদ্ধতি অনুযায়ী তিনি মালিকের চাঁদাস
7. <other_788_s274> [কোম্পানী আইন, ১৯৯৪, ধারা ২৭৪] সময়মত দাবী প্রমাণে ব্যর্থ পাওনাদারগণের ক্ষেত্রে আদালতের ক্ষমতা — আদালত এইরূপ এক বা একাধিক সময় নির্ধারণপূর্বক আদেশ প্রদান করিতে পারিবে যে, উক্ত সময়ের মধ্যে পাওনাদারগণ তাহাদের
8. <other_1248_s18> [ওয়েজ আর্নার্স কল্যাণ বোর্ড আইন, ২০১৮, ধারা ১৮] অভিযোগ নিষ্পত্তি — পরিচালনা পরিষদের কোনো সদস্য অথবা বোর্ডের কর্মচারীর কর্তব্যে অবহেলা, অসদাচরণ অথবা দুর্নীতির কারণে কোনো প্রবাসী,
9. <labour_1285_s42> [বাংলাদেশ ইপিজেড শ্রম আইন, ২০১৯, ধারা ৪২] ক্ষতিপূরণমূলক সাপ্তাহিক ছুটি — যেক্ষেত্রে কোনো প্রতিষ্ঠানকে বা উহাতে কর্মরত শ্রমিকগণকে ধারা ৪১এর বিধান হইতে অব্যাহতি প্রদান করিয়া জারিকৃত কো
10. <other_1465_s18> [চিড়িয়াখানা আইন, ২০২৩, ধারা ১৮] চিড়িয়াখানায় দর্শনার্থী প্রবেশ ফি নির্ধারণ, ইত্যাদি — (১) সরকার চিড়িয়াখানায় প্রবেশের জন্য প্রবেশ ফি নির্ধারণ করিতে পারিবে:তবে শর্ত থাকে যে, সুবিধা বঞ্চিত বা বিশে","other_173_s2","own_search","answered","2"
"lawy_0563_01","Sifat","VERIFY","স্বামী কি স্ত্রীর বিরুদ্ধে যৌতুকের মামলা করতে পারেন?","1. <women_children_835_s11> [নারী ও শিশু নির্যাতন দমন আইন, ২০০০, ধারা ১১] যৌতুকের জন্য মৃত্যু ঘটানো, ইত্যাদির শাস্তি — যদি কোন নারীর স্বামী অথবা স্বামীর পিতা, মাতা, অভিভাবক, আত্মীয় বা স্বামীর পক্ষে অন্য কোন ব্যক্তি যৌতুকের জন্য 
2. <labour_952_s7> [বাংলাদেশ শ্রম আইন, ২০০৬, ধারা ৭] সার্ভিস বইয়ের ফরম — (১) সার্ভিস বই বিধি দ্বারা নির্ধারিত মাপে ও ফরমে রৰিত হইবে, এবং উহাতে শ্রমিকের একটি ফটো সংযোজিত থাকিবে।(২) সার
3. <other_1037_s57_p2> [বীমা আইন, ২০১০, ধারা ৫৭] বীমা পলিসি গ্রাহক কর্তৃক মনোনয়ন৷ — বলবৎ হইবার পূর্বে কোন ব্যক্তি তাহার নিজের বা তাহার স্ত্রীর বা সন্তানদের বা তাহাদের যে কোন এক জনের লাইফ ইন্স্যু
4. <other_1429_s135> [আয়কর আইন, ২০২৩, ধারা ১৩৫] (১) স্টক এক্সচেঞ্জে তালিকাভুক্ত কোনো কোম্পানি বা তহবিলের সিকিউরিটিজ হস্তান্তরের জন্য দায়িত্বপ্রাপ্ত কোনো ব্যক
5. <other_1266_s2_p2> [বাংলাদেশ মুক্তিযোদ্ধা কল্যাণ ট্রাস্ট আইন, ২০, ধারা ২] সংজ্ঞা — জামায়াতে ইসলামী এবং তাহাদের সহযোগী রাজাকার, আলবদর, আলশামস বাহিনীর বিরুদ্ধে গণপ্রজাতন্ত্রী বাংলাদেশের স্বাধীনত
6. <criminal_procedure_765_s20> [রাজশাহী মহানগরী পুলিশ আইন, ১৯৯২, ধারা ২০] তথ্য সরবরাহে পুলিশ কর্মকর্তার ক্ষমতা — পুলিশ কর্মকর্তা ম্যজিষ্ট্রেটের নিকট যে কোন তথ্য পেশ করিতে এবং অপরাধীর বিরুদ্ধে আইন অনুযায়ী ব্যবস্থা গ্রহণের জ
7. <other_857_s83> [বাংলাদেশ টেলিযোগাযোগ নিয়ন্ত্রণ আইন, ২০০১, ধারা ৮৩] বার্তার অবৈধ প্রকাশ সম্পর্কে দেওয়ানী মামলা ও অন্যান্য প্রতিকার লাভের অধিকার — (১) যদি কোন ব্যক্তি যুক্তিসঙ্গত কারণে বিশ্বাস করেন যে, তত্কর্তৃক প্রেরিত বা গৃহীত বার্তা অবৈধভাবে প্রকাশ করা হ
8. <other_1403_s56> [মোংলা বন্দর কর্তৃপক্ষ আইন, ২০২২, ধারা ৫৬] মামলা দায়েরের সীমাবদ্ধতা — (১) কর্তৃপক্ষের বিরুদ্ধে মামলা দায়েরে ইচ্ছুক ব্যক্তি, তাহার নাম ঠিকানাসহ মামলা দায়েরের কারণ সংবলিত লিখিত নোট
9. <other_1135_s53> [পায়রা বন্দর কর্তৃপক্ষ আইন, ২০১৩, ধারা ৫৩] মামলা দায়েরের সীমাবদ্ধতা — (১) কর্তৃপক্ষের বিরুদ্ধে মামলা দায়েরে ইচ্ছুক ব্যক্তির নাম ঠিকানাসহ মামলা দায়েরের কারণ সংবলিত লিখিত নোটিশ কর্
10. <other_1404_s56> [চট্টগ্রাম বন্দর কর্তৃপক্ষ আইন, ২০২২, ধারা ৫৬] মামলা দায়েরের সীমাবদ্ধতা — (১) কর্তৃপক্ষের বিরুদ্ধে কোনো আদালতে মামলা দায়েরে ইচ্ছুক ব্যক্তি, তাহার নাম ঠিকানাসহ মামলা দায়েরের কারণ সংবল","women_children_1256_s3, women_children_1256_s4","own_search","answered","2"
"prot_0111_04","Sifat","VERIFY","আমি প্রায় তিন মাস বাংলাদেশে অবস্থান করব। চুক্তিতে উল্লেখ থাকা সত্ত্বেও তারা আমাকে এক বছরের মধ্যে কোনো ভাড়া দেয়নি। উপরন্তু, পানি, গ্যাস, বিদ্যুতের জন্য চুক্তিতে উল্লেখিত দুই লাখ টাকা দেওয়া সত্ত্বেও ডেভেলপার প্রায় এক সপ্তাহ আগে অবৈধভাবে বিল্ডিংয়ে গ্যাসের সংযোগ দেয়। আমি গ্যাসের ডিমান্ড নোট চাইলে আমার অংশের গ্যাস-সংযোগ বিচ্ছিন্ন করার হুমকি দেয় এবং বিদ্যুতের সোলার সিস্টেমের জন্য আমার কাছে আরও অর্থ দাবি করে। চুক্তিতে উল্লেখ না থাকা সত্ত্বেও আমি কি এই টাকা দিতে বাধ্য?","1. <other_1052_s7> [বাংলাদেশ গ্যাস আইন, ২০১০, ধারা ৭] গ্যাস বিতরণ — (১) লাইসেন্সপ্রাপ্ত ব্যক্তি বা প্রতিষ্ঠান গ্যাস বিতরণ ব্যবসা পরিচালনা করিতে পারিবে।(২) গ্যাস বিতরণকারী লাইসেন্
2. <other_1052_s11> [বাংলাদেশ গ্যাস আইন, ২০১০, ধারা ১১] অননুমোদিত উদ্দেশ্যে গ্যাস ব্যবহারের দন্ড — (১) কোন গৃহস্থালী গ্রাহক তাহার গৃহস্থালী সংযোগ হইতে অননুমোদিত বা অবৈধভাবে বাণিজ্যিক কাজে বা শিল্প প্রতিষ্ঠানে 
3. <other_1052_s10_p0> [বাংলাদেশ গ্যাস আইন, ২০১০, ধারা ১০] কতিপয় অপরাধের দণ্ড — (১) কোন গৃহস্থালী গ্রাহক অথবা বাণিজ্যিক গ্রাহক অথবা শিল্প, মৌসুমী বা ক্যাপটিভ পাওয়ার বা সিএনজি স্টেশন বা চা ব
4. <other_1228_s48> [বিদ্যুৎ আইন, ২০১৮, ধারা ৪৮] কতিপয় মামলা দায়েরের ক্ষেত্রে করণীয় — (১) এই আইনের অন্য কোন বিধানকে ক্ষুণ্ণ না করিয়া, কোন ব্যক্তি বা গ্রাহক কর্তৃক বিদ্যুৎ চুরির ঘটনা অবগত হইবার পর
5. <tenancy_748_s7> [বাড়ী ভাড়া নিয়ন্ত্রণ আইন, ১৯৯১, ধারা ৭] ভাড়া বৃদ্ধির উপর বাধানিষেধ — এই আইনের বিধান সাপেক্ষে, কোন বাড়ীর ভাড়া মানসম্মত ভাড়ার অধিক বৃদ্ধি করা হইলে উক্ত অধিক ভাড়া, কোন চুক্তিতে ভ
6. <other_1052_s18> [বাংলাদেশ গ্যাস আইন, ২০১০, ধারা ১৮] চুরিকৃত সামগ্রী ক্রয় বিক্রয় ও দখলে রাখিবার দন্ড — কোন ব্যক্তি গ্যাস পাইপলাইন, মিটার, রেগুলেটর বা অন্য কোন সামগ্রী চুরিকৃত জানিয়া বা উহা চুরি করা হইয়াছে বলিয়া
7. <other_1052_s12> [বাংলাদেশ গ্যাস আইন, ২০১০, ধারা ১২] লাইসেন্সীর অনুমতি ব্যতীত গ্যাস লাইন স্থাপন, ইত্যাদির দন্ড — (১) কোন ব্যক্তি কোন লাইসেন্সীর কোন গ্যাস বিতরণ নেটওয়ার্ক হইতে তাহার লিখিত সম্মতি ব্যতিরেকে অবৈধ পন্থায় গ্যাস
8. <other_804_s26> [পানি সরবরাহ ও পয়ঃনিষ্কাশন কর্তৃপক্ষ আইন, ১৯৯, ধারা ২৬] পানির সংযোগ বিচ্ছিন্নকরণ — (১) আপাততঃ বলবত্ অন্য কোন আইনে যাহা কিছুই থাকুক না কেন, কর্তৃপক্ষ-(ক) কোন অননুমোদিত সংযোগ অর্থাত্ উপযুক্ত কর্ত
9. <other_1055_s13> [রিয়েল এস্টেট উন্নয়ন ও ব্যবস্থাপনা আইন, ২০১০, ধারা ১৩] রিয়েল এস্টেট এর সেবাসমূহ(utility services)নিশ্চিতকরণ — (১) প্রসপেক্টাস বা বরাদ্দপত্রে বর্ণিত সেবাসমূহ যেমন: পানি, বিদ্যুৎ, গ্যাস ইত্যাদি (প্রযোজ্য ক্ষেত্রে) সংযোগ প্
10. <other_1228_s38> [বিদ্যুৎ আইন, ২০১৮, ধারা ৩৮] মিটার, পূর্তকর্মে প্রতিবন্ধকতা সৃষ্টি এবং বিদ্যুতের অননুমোদিত ব্যবহারের দণ্ড — কোন ব্যক্তি-(ক) লাইসেন্সির লিখিত অনুমতি ব্যতীত বিদ্যুৎ সরবরাহ লাইনের সহিত মিটার সংযোগ স্থাপন করিলে বা বিচ্ছিন্","other_1055_s10, other_1055_s36","own_search","answered","1"
"prot_0091_07","Sifat","VERIFY","আমার বাবা তিনটা বিয়ে করেছেন। আমরা প্রথম ঘরের সন্তান। আমরা এক ভাই ও এক বোন। দ্বিতীয় ঘরে এক ভাই এবং তৃতীয় ঘরে এক বোন। আমি নতুন বিয়ে করেছি। সংসারে সব সময় অশান্তি লেগেই আছে। আমি ছোট্ট একটি বেসরকারি প্রতিষ্ঠানে চাকরি করি। মাসে পাঁচ হাজার টাকা বেতন পাই। এখন বাবা আমাকে আমার মাসহ আমার স্ত্রীকে আলাদা খেতে বলছেন। আমার বাবা মাসে ২০ হাজার টাকা বেতন পান। তাঁর দ্বিতীয় স্ত্রী বর্তমানে বিদেশে আছেন। সেই ঘরের সন্তানকে সাত মাস বয়স থেকে আমার মা লালন-পালন করছেন। আমার বোনটি এসএসসি পরীক্ষার্থী। আমার দাদা-দাদি বর্তমানে বেঁচে আছেন। আমার বাবাও তাঁদের খোঁজখবর নেন না। এ অবস্থায় আমার পক্ষে মা, বোন ও দাদা-দাদি— সবাইকে ভরণ-পোষণ দেওয়া সম্ভব নয়। কারণ আমার বেতন অল্প। আমি ঢাকায় থাকি। মাসে আমার প্রায় আড়াই হাজার টাকা খরচ হয়। আমাদের বাড়ি থেকে বের করে দেওয়া হয়েছে। এখন যাওয়ার কোনো জায়গা নেই। এ অবস্থায় আমি কী করব? তার নামে কি কোনো মামলা করব?জাহিদ হাসান","1. <other_1395_s3> [বাংলাদেশ সুপ্রীম কোর্টের বিচারক (পারিতোষিক ও, ধারা ৩] বেতন — বিচারকগণ প্রতি মাসে নিম্নবর্ণিত হারে বেতন প্রাপ্য হইবেন, যথা:-(ক) প্রধান বিচারপতি- ১,১০,০০০ (এক লক্ষ দশ হাজার)
2. <other_1349_s2> [আকাশপথে পরিবহণ (মন্ট্রিল কনভেনশন) আইন, ২০২০, ধারা ২] বিষয়বাপ্রসঙ্গেরপরিপন্থিকোনোকিছুনাথাকিলে,এইআইনে-(ক)‘অভ্যন্তরীণপরিবহণ’অর্থআকাশপথে পরিবহণেপক্ষসমূহেরমধ্যেসম্পাদি
3. <other_1132_s5> [পিতা-মাতার ভরণ-পোষণ আইন, ২০১৩, ধারা ৫] পিতা-মাতার ভরণ-পোষণ না করিবার দণ্ড — (১) কোন সন্তান কর্তৃক ধারা ৩ এর যে কোন উপ-ধারার বিধান কিংবা ধারা ৪ এর বিধান লংঘন অপরাধ বলিয়া গণ্য হইবে এবং উক
4. <other_1233_s5> [প্রতিরক্ষা-বাহিনীসমূহের প্রধানদের (নিয়োগ, বে, ধারা ৫] বাহিনী প্রধান পদের বেতন — প্রতি মাসে বাহিনী প্রধানের বেতন হইবে ৮৬,০০০ (ছিয়াশি হাজার) টাকা।
5. <criminal_procedure_1239_s87> [রংপুর মহানগরী পুলিশ আইন, ২০১৮, ধারা ৮৭] সূর্যাস্ত হইতে সূর্যোদয় পর্যন্ত সময়ের মধ্যে সন্দেহজনক চলাফেরার দণ্ড — কোনো ব্যক্তিকে সূর্যাস্ত ও সূর্যোদয়ের মধ্যবর্তী সময়ে সন্তোষজনক কারণ ব্যতীত নিম্নবর্ণিত অবস্থায় পাওয়া গেলে,
6. <criminal_procedure_1238_s87> [গাজীপুর মহানগরী পুলিশ আইন, ২০১৮, ধারা ৮৭] সূর্যাস্ত হইতে সূর্যোদয় পর্যন্ত সময়ের মধ্যে সন্দেহজনক চলাফেরার দণ্ড — কোনো ব্যক্তিকে সূর্যাস্ত ও সূর্যোদয়ের মধ্যবর্তী সময়ে সন্তোষজনক কারণ ব্যতীত নিম্নবর্ণিত অবস্থায় পাওয়া গেলে,
7. <other_1682_s2_p0> [মানবদেহে অঙ্গ-প্রত্যঙ্গ সংযোজন আইন, ২০২৬, ধারা ২] সংজ্ঞা — বিষয় বা প্রসঙ্গের পরিপন্থি কোনো কিছু না থাকিলে, এই আইনে- (১) “অঙ্গ-প্রত্যঙ্গ” অর্থ মানবদেহের কিডনি, হৃৎপিণ্ড,
8. <other_1266_s2_p3> [বাংলাদেশ মুক্তিযোদ্ধা কল্যাণ ট্রাস্ট আইন, ২০, ধারা ২] সংজ্ঞা — বা স্বামী এবং পিতা-মাতার অবর্তমানে খেতাবপ্রাপ্ত বীর মুক্তিযোদ্ধার সন্তান; বা(উ) (অ)-(ঈ) পর্যন্ত বর্ণিত ব্যক্তি
9. <criminal_procedure_1013_s89> [বরিশাল মহানগরী পুলিশ আইন, ২০০৯, ধারা ৮৯] সূর্যাস্ত হইতে সূর্যোদয় পর্যন্ত সময়ের মধ্যে সন্দেহজনক চলাফেরার দণ্ড — কোন ব্যক্তিকে সূর্যাস্ত ও সূর্যোদয়ের মধ্যবর্তী সময়ে নিম্নবর্ণিত অবস্থায় পাওয়া গেলে সেই ব্যক্তি এক বৎসর পর্
10. <criminal_procedure_1012_s89> [সিলেট মহানগরী পুলিশ আইন, ২০০৯, ধারা ৮৯] সূর্যাস্ত হইতে সূর্যোদয় পর্যন্ত সময়ের মধ্যে সন্দেহজনক চলাফেরার দণ্ড — কোন ব্যক্তিকে সূর্যাস্ত ও সূর্যোদয়ের মধ্যবর্তী সময়ে নিম্নবর্ণিত অবস্থায় পাওয়া গেলে সেই ব্যক্তি এক বৎসর পর্","family_1444_s5, women_children_1063_s10, other_1132_s5","own_search","answered","1"
"prot_0114_10","Sifat","VERIFY","কোনো ব্যক্তি তার একমাত্র কন্যাসন্তান ও স্ত্রী রেখে মারা গেলেন। ওই ব্যক্তির সম্পত্তির সম্পূর্ণ মালিকানা কন্যা ও স্ত্রী পাবে, নাকি আরও কেউ অংশ পাবে?","1. <other_1429_s31> [আয়কর আইন, ২০২৩, ধারা ৩১] আয় একীভূতকরণ — (১) এই আইনে ভিন্নরূপ কিছু না থাকিলে, নিম্নবর্ণিত আয়সমূহ কোনো ব্যক্তির মোট আয়ের অন্তর্ভুক্ত হইবে, যথা:-(ক) উক
2. <other_841_s8> [জেলা পরিষদ আইন, ২০০০, ধারা ৮] সম্পত্তি সম্পর্কিত ঘোষণা — চেয়ারম্যান এবং প্রত্যেক সদস্য তাঁহার দায়িত্বভার গ্রহণের পূর্বে তাঁহার এবং তাঁহার পরিবারের যে কোন সদস্যের স্ব
3. <land_1455_s2_p1> [ভূমি সংস্কার আইন, ২০২৩, ধারা ২] সংজ্ঞা — পরিমাণ ভূমি অব্যবহার্য থাকিবার কারণে সরকার পুনগ্রহণ করিয়াছে; এবং(ছ) ধারা ৪ অনুযায়ী সরকারের নিকট সমর্পিত বা স
4. <other_1586_s23> [গুম প্রতিরোধ ও প্রতিকার অধ্যাদেশ, ২০২৫, ধারা ২৩] স্ত্রী বা সন্তান কর্তৃক গুম হওয়া ব্যক্তির সম্পত্তি ব্যবহারের অনুমতি — (১) গুম হওয়া ব্যক্তির দায় পরিশোধ, তাহার স্ত্রী বা তাহার উপর নির্ভরশীল পরিবারের সদস্যদের ভরণপোষণের বা অন্য কো
5. <land_1449_s2_p1> [ভূমি উন্নয়ন কর আইন, ২০২৩, ধারা ২] সংজ্ঞা — অর্থ শুধু কৃষিকার্য বা চাষাবাদ করিয়া জীবন ও জীবিকা নির্বাহ করিয়া থাকেন এইরূপ কোনো ব্যক্তি বা পরিবার;(৭) ‘কৃষ
6. <local_government_1027_s41> [স্থানীয় সরকার (ইউনিয়ন পরিষদ) আইন, ২০০৯, ধারা ৪১] সম্পত্তি সম্পর্কিত ঘোষণা — চেয়ারম্যান ও সদস্য তাঁহার কার্যভার গ্রহণের পূর্বে তাঁহার এবং তাঁহার পরিবারের কোন সদস্যের স্বত্ব, দখল বা স্বার
7. <other_1266_s2_p2> [বাংলাদেশ মুক্তিযোদ্ধা কল্যাণ ট্রাস্ট আইন, ২০, ধারা ২] সংজ্ঞা — জামায়াতে ইসলামী এবং তাহাদের সহযোগী রাজাকার, আলবদর, আলশামস বাহিনীর বিরুদ্ধে গণপ্রজাতন্ত্রী বাংলাদেশের স্বাধীনত
8. <other_812_s2_p3> [দেউলিয়া বিষয়ক আইন, ১৯৯৭, ধারা ২] সংজ্ঞা — প্রতিষ্ঠান কর্তৃক প্রদত্ত ঋণ বা আর্থিক সুবিধা, যাহা দাবী হিসাবে গণ্য হইতে পারে; (৩৮) “যথাযোগ্য দেনাদার” অর্থ এ
9. <other_857_s11> [বাংলাদেশ টেলিযোগাযোগ নিয়ন্ত্রণ আইন, ২০০১, ধারা ১১] পরিবারের সদস্যের কতিপয় স্বার্থ সম্পর্কে কমিশনারের দায়িত্ব — (১) কোন কমিশনারের পরিবারের কোন সদস্য যদি ধারা ১০(২)(ছ)- েত উলিস্্নখিত স্বার্থ অর্জন বা ধারণ করেন, তাহা হইলে তি
10. <local_government_827_s10> [উপজেলা পরিষদ আইন, ১৯৯৮, ধারা ১০] সম্পত্তি সম্পর্কিত ঘোষণা — 14[চেয়ারম্যান ও ভাইস চেয়ারম্যান ] তাঁহার কার্যভার গ্রহণের পূর্বে তাঁহার এবং তাঁহার পরিবারের কোন সদস্যের স্বত","other_173_s2","own_search","answered","2"
"prot_0112_02","Sifat","VERIFY","’ প্রশ্নের উত্তর দেওয়া হয়েছে। তাতে বিভিন্ন মেয়াদে শাস্তি জেল-জরিমানার উল্লেখ রয়েছে। এ অবস্থায় আমি শঙ্কিত হয়ে পড়েছি। তাহলে আমি কি ঋণ থেকে মুক্তি পেতে এবং মানসম্মানের হাত থেকে বাঁচতে আত্মহত্যাই বেছে নেব?","1. <other_1181_s64> [বাংলাদেশ কোস্ট গার্ড আইন, ২০১৬, ধারা ৬৪] গ্রেপ্তার ও বিচার শুরুর মধ্যবর্তী সময়ে করণীয় — যুদ্ধাবস্থায় অথবা সক্রিয় কর্তব্যরত অবস্থায় নহে এইরূপ যে কোন ব্যক্তির বিচারের জন্য কোস্ট গার্ড আদালত গঠন করা
2. <other_1067_s65> [বর্ডার গার্ড বাংলাদেশ আইন, ২০১০, ধারা ৬৫] গ্রেফতার এবং বিচার অনুষ্ঠানের মধ্যবর্তী সময় — ধারা ৬৪এ উল্লিখিত ক্ষেত্র ব্যতীত এবং যুদ্ধাবস্থায় অথবা সক্রিয় কর্তব্যরত অবস্থায় নাই এইরূপ যে কোন ব্যক্তির ব
3. <money_recovery_901_s52> [অর্থ ঋণ আদালত আইন, ২০০৩, ধারা ৫২] অর্থ ঋণ আদালতের অবমাননা — (১) একজন ব্যক্তি অর্থ ঋণ আদালত অবমাননার জন্য দায়ী হইবেন, যদি তিনি আইনসংগত ওজর ব্যতিরেকে-(ক) আদালতের প্রতি কোন
4. <other_1133_s10> [নির্যাতন এবং হেফাজতে মৃত্যু (নিবারণ) আইন, ২০, ধারা ১০] অপরাধ বিচারার্থ গ্রহণ, ইত্যাদি — (১) এই আইনের অধীন দণ্ডনীয় সকল অপরাধ বিচারার্থ গ্রহণীয় (Cognizable), অ-আপোষযোগ্য (non-compoundable) ও জামিন অ
5. <women_children_835_s19> [নারী ও শিশু নির্যাতন দমন আইন, ২০০০, ধারা ১৯] 51[(১) এই আইনের অধীন সকল অপরাধ বিচারার্থ গ্রহণীয় হইবে52[***]।](২) উপ-ধারা (৩) এর বিধান সাপেক্ষে, এই আইনের অধী
6. <other_1087_s16> [অপরাধ সম্পর্কিত বিষয়ে পারস্পরিক সহায়তা আইন, , ধারা ১৬] সাক্ষ্য বা বিবৃতি গ্রহণ সম্পর্কিত বিশেষ বিধানাবলী — (১) যেইক্ষেত্রে ধারা ১৫ এর অধীন কোন সাক্ষীর সাক্ষ্য বা বিবৃতি চাওয়া হয়, সেইক্ষেত্রে আদালত যে ব্যক্তির কারণে 
7. <other_1586_s18> [গুম প্রতিরোধ ও প্রতিকার অধ্যাদেশ, ২০২৫, ধারা ১৮] অপরাধের আমলযোগ্যতা, জামিনঅযোগ্যতা ইত্যাদি — (১) এই অধ্যাদেশের অধীন সংঘটিত অপরাধ আমলযোগ্য, জামিন-অযোগ্য এবং আপস-অযোগ্য হইবে। (২) এই অধ্যাদেশের অধীন শাস্তিয
8. <other_1419_s13> [বাংলাদেশ সরকারী কর্ম কমিশন আইন, ২০২৩, ধারা ১৩] পরীক্ষার্থীকে সহায়তা ও উহার দণ্ড — কোনো ব্যক্তি কোনো পরীক্ষার্থীকে কোনো লিখিত উত্তর, বই, লিখিত কাগজ, পৃষ্ঠা বা উহা হইতে কোনো উদ্ধৃতি পরীক্ষার হলে
9. <labour_1285_s199> [বাংলাদেশ ইপিজেড শ্রম আইন, ২০১৯, ধারা ১৯৯] কতিপয় প্রশ্ন, ইত্যাদি সম্বন্ধে বাধা-নিষেধ । - — এইআইনেরঅধীন কোনো ব্যক্তিকে এমন কোনো প্রশ্নের উত্তর দিতে অথবা বক্তব্য প্রদান করিতে বাধ্য করা যাইবে না যাহা তাহা
10. <labour_952_s347> [বাংলাদেশ শ্রম আইন, ২০০৬, ধারা ৩৪৭] কতিপয় প্রশ্ন, ইত্যাদি সম্বন্ধে বাধা- নিষেধ — এই আইনের অধীন কোন ব্যক্তিকে এমন কোন প্রশ্নের উত্তর দিতে অথবা বক্তব্য প্রদান করিতে বাধ্য করা যাইবে না যাহা তাহা","unanswerable","none","unanswerable","2"
"prot_0063_01","Sifat","VERIFY","আমার বয়স ২৩। একটি মেয়ের সঙ্গে আমার সম্পর্ক ছিল। আমাকে খুব ভালোবাসত। হঠাৎ একদিন আমার অজান্তে মেয়েটির এক প্রবাসী ছেলের সঙ্গে বিয়ে হয়। বিয়ের কিছুদিন পর তার স্বামী বিদেশ চলে যায়। মেয়েটির সঙ্গে আবার আমার সম্পর্ক হয়, শারীরিক সম্পর্কও হয়। মেয়েটির ইচ্ছে, সবার অজান্তে তাকে বিয়ে করি। কিন্তু আমি একমত ছিলাম না। আমি তাকে বলি, তুমি প্রথম স্বামীকে তালাক দাও, তারপর আমাদের বিয়ে। দুই বছর পর তার স্বামী ফিরে আসে। স্বামীর সঙ্গে শারীরিক কোনো সম্পর্ক না হওয়ায় পারিবারিক কলহ লেগেই থাকত। একপর্যায়ে সে বাপের বাড়িতে চলে যায়। আবার সে শ্বশুরবাড়িতে ফিরে আসে এবং সে স্বামীর ঘর করবে না বলে আমাকে কিছুদিন অপেক্ষায় থাকার জন্য বলে। আবার এক মাস পর আমাকে সে ফোন করে জানায়, সে অন্তঃসত্ত্বা, আমার সন্তান তার গর্ভে। সে বলে তাকে ভুলে যেতে, আমার সন্তান নিয়ে সে বেঁচে থাকতে চায়। আমি কথাটি তার মাকে জানাই। প্রথমে তিনি তা অস্বীকার করেন। পরে মেয়েকে জিজ্ঞেস করায় সে স্বীকার করে এবং ঘটনাটা কাউকে না জানানোর জন্য অনুরোধ করে। এ বছর জানুয়ারি মাসে তার একটি কন্যাসন্তান পৃথিবীতে আসে। বর্তমানে মেয়েটির বয়স আট মাস। শিশুটিকে দেখার জন্য আমার মন কাঁদে। কিন্তু তার মা শিশুটিকে ভুলে থাকতে বলেন এবং তার সঙ্গে কোনো যোগাযোগ না রাখার জন্য অনুরোধ জানান। এ বিষয়ে আমি কি কোনো আইনি ব্যবস্থা নিতে পারব? আমি কি শিশুটির বাবার অধিকার পাব?নাম প্রকাশে অনিচ্ছুককিশোরগঞ্জ","1. <other_1266_s2_p3> [বাংলাদেশ মুক্তিযোদ্ধা কল্যাণ ট্রাস্ট আইন, ২০, ধারা ২] সংজ্ঞা — বা স্বামী এবং পিতা-মাতার অবর্তমানে খেতাবপ্রাপ্ত বীর মুক্তিযোদ্ধার সন্তান; বা(উ) (অ)-(ঈ) পর্যন্ত বর্ণিত ব্যক্তি
2. <criminal_procedure_1013_s104> [বরিশাল মহানগরী পুলিশ আইন, ২০০৯, ধারা ১০৪] বিনা পরোয়ানায় গ্রেপ্তারের ক্ষমতা — কোন ব্যক্তি এই আইন বা আপাততঃ বলবৎ অন্য কোন আইনের অধীন দণ্ডযোগ্য কোন অপরাধ কোন পুলিশ কর্মকর্তার উপস্থিতিতে বা ত
3. <criminal_procedure_765_s104> [রাজশাহী মহানগরী পুলিশ আইন, ১৯৯২, ধারা ১০৪] বিনা পরোয়ানায় গ্রেফতারের ক্ষমতা — এই আইন বা আপাততঃ বলবত্ অন্য কোন আইনের অধীন দণ্ডযোগ্য কোন অপরাধ কোন ব্যক্তি পুলিশ কর্মকর্তার উপস্থিতিতে বা তাহা
4. <criminal_procedure_1012_s104> [সিলেট মহানগরী পুলিশ আইন, ২০০৯, ধারা ১০৪] বিনা পরোয়ানায় গ্রেপ্তারের ক্ষমতা — কোন ব্যক্তি এই আইন বা আপাততঃ বলবৎ অন্য কোন আইনের অধীন দন্ডযোগ্য কোন অপরাধ কোন পুলিশ কর্মকর্তার উপস্থিতিতে বা ত
5. <other_1418_s21_p2> [বাংলাদেশ সুপ্রীম কোর্টের বিচারক (ছুটি, পেনশন, ধারা ২১] আনুতোষিক ও পারিবারিক পেনশন — হিসাবে প্রাপ্য হইতেন।(৩) কোনো বিচারক, অবসর গ্রহণের পর তাহার গ্রস-পেনশনের সম্পূর্ণ অংশ সমর্পণ করিতে পারিবেন এবং
6. <labour_1285_s30> [বাংলাদেশ ইপিজেড শ্রম আইন, ২০১৯, ধারা ৩০] প্রসূতি কল্যাণ সুবিধা প্রাপ্তির অধিকার এবং প্রদানের দায়িত্ব — (১) প্রত্যেক মহিলা শ্রমিক তাহার মালিকের নিকট হইতে তাহার সন্তান প্রসবের সম্ভাব্য তারিখের অব্যবহিত পূর্ববর্তী ৮ 
7. <criminal_procedure_1013_s52> [বরিশাল মহানগরী পুলিশ আইন, ২০০৯, ধারা ৫২] নিয়োগপত্র, প্রভৃতি ফেরত দিতে গাফিলতি বা অস্বীকৃতি জ্ঞাপনের দণ্ড — কোন পুলিশ কর্মকর্তা বাহিনীর সহিত সম্পর্ক ছিন্ন হওয়ার অব্যবহিত পরে তাহার নিয়োগপত্র, অস্ত্র, পোশাক ও অন্যান্য 
8. <criminal_procedure_1012_s52> [সিলেট মহানগরী পুলিশ আইন, ২০০৯, ধারা ৫২] নিয়োগপত্র, প্রভৃতি ফেরৎ দিতে গাফিলতি বা অস্বীকৃতি জ্ঞাপনের দণ্ড — কোন পুলিশ কর্মকর্তা বাহিনীর সহিত সম্পর্ক ছিন্ন হওয়ার অব্যবহিত পরে তাহার নিয়োগপত্র, অস্ত্র, পোশাক ও অন্যান্য 
9. <labour_1285_s2_p1> [বাংলাদেশ ইপিজেড শ্রম আইন, ২০১৯, ধারা ২] সংজ্ঞা — (১৯৯৪ সনের ১৮ নং আইন) এর অধীন নিবন্ধিত কোনো কোম্পানি, যাহার অধীন কোনোজোনেএক বা একাধিক শিল্প প্রতিষ্ঠান রহিয়াছ
10. <labour_1285_s34> [বাংলাদেশ ইপিজেড শ্রম আইন, ২০১৯, ধারা ৩৪] কতিপয় ক্ষেত্রে মহিলা শ্রমিকের চাকরির অবসানে বাধা — যদি কোনো মহিলা শ্রমিকের সন্তান প্রসবের পূর্ববর্তী ৬ (ছয়) মাস এবং সন্তান প্রসবের পরবর্তী ৮ (আট) সপ্তাহ মেয়াদে","other_24_s112","own_search","answered","2"
"prot_0084_03","Sifat","VERIFY","আমি একজন হিন্দু। আমার দাদুর (মায়ের বাবা) তিন মেয়ে, কোনো ছেলে নেই। প্রথম মেয়ে দুই ছেলের মধ্যে বড় ছেলে ১৯৭২ সাল থেকে ভারতবাসী। ছোট ছেলে বাংলাদেশে আছেন। দ্বিতীয় মেয়ের দুই ছেলেসহ প্রত্যেকে অভিবাসন করে ভারতে বসবাস করছেন। ছোট মেয়ের একমাত্র ছেলে আমি। দাদু মারা যাওয়ার আগে, আমার মায়ের বিয়েরও আগে তাঁর বড় মেয়ে মারা যান। আমার মা দাদুর পরিবারের ভরণপোষণের দায়িত্ব নেন। তাই দাদু তাঁর সব সম্পত্তি ১৯৬৫ সালে আমার মায়ের নামে ইউপি চেয়ারম্যান ও স্থানীয় মাতব্বরদের সইসহ দানপত্র করে যান। কিন্তু দানপত্র রেজিস্ট্রি করা নয়। তত্কালীন চেয়ারম্যান মারা গেছেন। কিন্তু মাতব্বরদের একজন জীবিত এবং তাঁর স্বাক্ষর আছে। দানপত্রের দুটি জমি ছাড়া সব জমিই মায়ের নামে খারিজ করা হয়। দাদুর মৃত্যুর পর থেকে সব জমি আমরাই ভোগদখল করছি। কয়েক মাস আগে মা মারা যাওয়ার পর থেকে ওই বড় মেয়ের ছোট ছেলে সব জমির অর্ধেক দাবি করছে। আমি মানবিক কারণে কিছু টাকা দিতে চাই। কিন্তু সে রাজি নয় এবং জোর করে দখলে নেওয়ার হুমকি দিচ্ছে। আবার মামলা করারও হুমকি দিচ্ছে। আইনত সে কি জমি পাবে? পেলে কত ভাগ পাবে? যদি না পায় তবে সে ক্ষেত্রে আমার করণীয় কী? তবে মামলায় জড়ানোর তেমন ইচ্ছা নেই আমার","1. <other_822_s10> [পার্বত্য চট্টগ্রাম আঞ্চলিক পরিষদ আইন, ১৯৯৮, ধারা ১০] সম্পত্তি সম্পর্কিত ঘোষণা — চেয়ারম্যান ও প্রত্যেক সদস্য তাহার কার্যভার গ্রহণের পূর্বে তাহার এবং তাঁহার পরিবারের কোন সদস্যের স্বত্ব, দখল ব
2. <local_government_1027_s41> [স্থানীয় সরকার (ইউনিয়ন পরিষদ) আইন, ২০০৯, ধারা ৪১] সম্পত্তি সম্পর্কিত ঘোষণা — চেয়ারম্যান ও সদস্য তাঁহার কার্যভার গ্রহণের পূর্বে তাঁহার এবং তাঁহার পরিবারের কোন সদস্যের স্বত্ব, দখল বা স্বার
3. <local_government_827_s10> [উপজেলা পরিষদ আইন, ১৯৯৮, ধারা ১০] সম্পত্তি সম্পর্কিত ঘোষণা — 14[চেয়ারম্যান ও ভাইস চেয়ারম্যান ] তাঁহার কার্যভার গ্রহণের পূর্বে তাঁহার এবং তাঁহার পরিবারের কোন সদস্যের স্বত
4. <local_government_1027_s2_p1> [স্থানীয় সরকার (ইউনিয়ন পরিষদ) আইন, ২০০৯, ধারা ২] সংজ্ঞা — শহর হিসাবে ঘোষিত নয় এইরূপ এলাকা;(১৩) 'চেয়ারম্যান' অর্থ ইউনিয়ন পরিষদের চেয়ারম্যান;(১৪) 'জনপথ' অর্থ সর্বসাধা
5. <labour_952_s2_p5> [বাংলাদেশ শ্রম আইন, ২০০৬, ধারা ২] সংজ্ঞাসমূহ — ব্যবহার করা হয় বা ব্যবহারযোগ্য, এবং কোন টাগ বা ফ্লাট এবং বার্জও ইহার অর্ন্তভুক্ত হইবে;(২৮) ""প্রশাসনিক শ্রমিক""
6. <other_893_s7> [শিশু-মাতৃ স্বাস্থ্য ইনস্‌টিটিউট আইন, ২০০২, ধারা ৭] ইনস্‌টিটিউটের দায়িত্ব ও কার্যাবলী — ইনস্টিটিউটের দায়িত্ব ও কার্যাবলী হইবে নিম্নরূপ, যথা:-(১) শিশু ও মায়ের স্বাস্থ্য ও পুষ্টি বিষয়ে শিক্ষা, প্রশ
7. <land_1455_s10> [ভূমি সংস্কার আইন, ২০২৩, ধারা ১০] বর্গাদারের মৃত্যুর পর বর্গাভূমির চাষ — (১) কোনো বর্গাদার বর্গাচুক্তির মেয়াদ শেষ হইবার পূর্বে মারা গেলে, উহার মেয়াদ শেষ না হওয়া পর্যন্ত অথবা এই আইন
8. <labour_1285_s2_p2> [বাংলাদেশ ইপিজেড শ্রম আইন, ২০১৯, ধারা ২] সংজ্ঞা — সময়ে দুই বা ততোধিক শ্রমিক দ্বারা সম্পাদিত হয় সেই ক্ষেত্রে উক্তরূপ প্রত্যেক সময়;(25)‘‘পোষ্য’’ অর্থ কোনো মৃত 
9. <labour_952_s157> [বাংলাদেশ শ্রম আইন, ২০০৬, ধারা ১৫৭] নোটিশ ও দাবী — (১) কোন শ্রম আদালত ৰতিপূরণের কোন দাবী বিবেচনায় আনিবে না যদি না দুর্ঘটনা ঘটিবার পর যতশীঘ্র সম্ভব এতদ্নিম্নে বর
10. <labour_952_s49> [বাংলাদেশ শ্রম আইন, ২০০৬, ধারা ৪৯] 1 [***] মৃত্যুর ক্ষেত্রে প্রসূতি কল্যাণ সুবিধা প্রদান — (১) এই অধ্যায়ের অধীন প্রসূতি কল্যাণ সুবিধা পাওয়ার অধিকারী কোন মহিলা সন্ত্মান প্রসবকালে অথবা উহার পরবর্তী আট ","other_48_s123, land_90_s49","own_search","answered","1"
"prot_0083_03","Sifat","VERIFY","প্রথম স্ত্রীর মৃত্যুর পর আমার স্বামী আমাকে বিয়ে করেন। তাঁর আগের ঘরে তিন ছেলে ও এক মেয়ে আছে। বর্তমানে আমাদের দেড় বছর বয়সের একটি কন্যাসন্তান রয়েছে। আমার স্বামী তাঁর পাঁচ ছেলেমেয়েকে ভীষণ ভালোবাসেন। আমার বিয়ের আগেই তাঁর গার্মেন্টসের ১০০ শেয়ারের মালিক তিনি এবং বাকি ১০০ শেয়ার তাঁর আগের চার ছেলেমেয়ের নামে। স্বামীর অবর্তমানে আমার সন্তান ও আমি কি শেয়ারের অংশ পাব? আমার স্বামী তাঁর সম্পত্তি কোনো সন্তানের নামে লিখে দেননি। আমার কাছে তাঁর সম্পত্তির কোনো কাগজপত্র নেই। তাঁর অবর্তমানে আমার মেয়ে ও আমি কি সম্পত্তি পাব? যদি তাঁর অবর্তমানে আগের ঘরের সন্তানেরা আমাকে অংশ দিতে রাজি না হয়, তাহলে আমার করণীয় কী? স্বামীর অবর্তমানে আমি কি আমার দেনমোহর পাব, নাকি শুধু জীবিত অবস্থায় দেনমোহর পাওয়ার অধিকার থাকে?নাম প্রকাশে অনিচ্ছুক","1. <other_1266_s2_p2> [বাংলাদেশ মুক্তিযোদ্ধা কল্যাণ ট্রাস্ট আইন, ২০, ধারা ২] সংজ্ঞা — জামায়াতে ইসলামী এবং তাহাদের সহযোগী রাজাকার, আলবদর, আলশামস বাহিনীর বিরুদ্ধে গণপ্রজাতন্ত্রী বাংলাদেশের স্বাধীনত
2. <other_822_s10> [পার্বত্য চট্টগ্রাম আঞ্চলিক পরিষদ আইন, ১৯৯৮, ধারা ১০] সম্পত্তি সম্পর্কিত ঘোষণা — চেয়ারম্যান ও প্রত্যেক সদস্য তাহার কার্যভার গ্রহণের পূর্বে তাহার এবং তাঁহার পরিবারের কোন সদস্যের স্বত্ব, দখল ব
3. <local_government_1027_s41> [স্থানীয় সরকার (ইউনিয়ন পরিষদ) আইন, ২০০৯, ধারা ৪১] সম্পত্তি সম্পর্কিত ঘোষণা — চেয়ারম্যান ও সদস্য তাঁহার কার্যভার গ্রহণের পূর্বে তাঁহার এবং তাঁহার পরিবারের কোন সদস্যের স্বত্ব, দখল বা স্বার
4. <local_government_827_s10> [উপজেলা পরিষদ আইন, ১৯৯৮, ধারা ১০] সম্পত্তি সম্পর্কিত ঘোষণা — 14[চেয়ারম্যান ও ভাইস চেয়ারম্যান ] তাঁহার কার্যভার গ্রহণের পূর্বে তাঁহার এবং তাঁহার পরিবারের কোন সদস্যের স্বত
5. <other_1429_s31> [আয়কর আইন, ২০২৩, ধারা ৩১] আয় একীভূতকরণ — (১) এই আইনে ভিন্নরূপ কিছু না থাকিলে, নিম্নবর্ণিত আয়সমূহ কোনো ব্যক্তির মোট আয়ের অন্তর্ভুক্ত হইবে, যথা:-(ক) উক
6. <women_children_835_s11> [নারী ও শিশু নির্যাতন দমন আইন, ২০০০, ধারা ১১] যৌতুকের জন্য মৃত্যু ঘটানো, ইত্যাদির শাস্তি — যদি কোন নারীর স্বামী অথবা স্বামীর পিতা, মাতা, অভিভাবক, আত্মীয় বা স্বামীর পক্ষে অন্য কোন ব্যক্তি যৌতুকের জন্য 
7. <other_1132_s4> [পিতা-মাতার ভরণ-পোষণ আইন, ২০১৩, ধারা ৪] পিতা-মাতার অবর্তমানে দাদা-দাদী, নানা-নানীর ভরণ-পোষণ — প্রত্যেক সন্তান তাহার—(ক) পিতার অবর্তমানে দাদা-দাদীকে; এবং(খ) মাতার অবর্তমানে নানা-নানীকে—ধারা ৩ এ বর্ণিত ভরণ-
8. <labour_1285_s18> [বাংলাদেশ ইপিজেড শ্রম আইন, ২০১৯, ধারা ১৮] মৃত্যুজনিত ক্ষতিপূরণ — যদি কোনো শ্রমিক কোনো মালিকের অধীন অবিচ্ছিন্নভাবে অন্তত ১ (এক) বৎসরের অধিককাল চাকরিরত থাকা অবস্থায় মৃত্যুবরণ ক
9. <other_812_s32> [দেউলিয়া বিষয়ক আইন, ১৯৯৭, ধারা ৩২] অব্যাহতিপ্রাপ্ত সম্পত্তি — এই আইনের অন্য কোন বিধানে যাহা কিছুই থাকুক না কেন, একক দেনাদারের নিম্্নবর্ণিত সম্পত্তির দখল ২৩ ধারার অধীনে গ্রহ
10. <other_1418_s21_p2> [বাংলাদেশ সুপ্রীম কোর্টের বিচারক (ছুটি, পেনশন, ধারা ২১] আনুতোষিক ও পারিবারিক পেনশন — হিসাবে প্রাপ্য হইতেন।(৩) কোনো বিচারক, অবসর গ্রহণের পর তাহার গ্রস-পেনশনের সম্পূর্ণ অংশ সমর্পণ করিতে পারিবেন এবং","other_173_s2, family_1444_s5","own_search","answered","2"
"prot_0030_01","Sifat","VERIFY","আমার বয়স পঁয়তাল্লিশ বছর। বিয়ের বয়স ২৭ বছর। বিয়ের পর থেকেই স্বামীর নানা রকম অত্যাচার সহ্য করে আসছি। কখনো মুখ খুলিনি সংসার ভাঙার ভয়ে। গত বছর অক্টোবর মাসে সে আমাকে মেরে বাড়ি থেকে তাড়িয়ে দেয়। আমি আমার বাবার সংসারে ফিরে আসি। এরপর এক বছরেরও বেশি সময় পার হয়ে গেছে আমার কোনো খোঁজখবর নেয়নি এবং ভরণপোষণ দেয়নি। ইতিমধ্যে শুনতে পাই সে নাকি আমাকে আদালতে তালাক দিয়েছে এবং টাকাপয়সা আদালতে জমা দিয়েছে। কিন্তু আমার হাতে কোনো কাগজপত্র আসেনি। সে অন্যত্র বিয়েও করেছে। এ মুহূর্তে আমি কী করব? আমার অজান্তে কি কোর্ট আমার টাকাপয়সা জমা রাখতে পারেন? কাবিননামা গায়েব করেছে সে। কাবিননামা ছাড়া কি আদালতে মামলা করতে পারব","1. <labour_1285_s24> [বাংলাদেশ ইপিজেড শ্রম আইন, ২০১৯, ধারা ২৪] চাকরি হইতে অবসর গ্রহণ — (১) এই অধ্যায়ের অন্যত্র যাহা কিছুই উল্লে­খ থাকুক না কেন, কোনো প্রতিষ্ঠানে নিয়োজিত কোনো শ্রমিকের বয়স ৬০ (ষাট
2. <other_1483_s7> [পরিত্যক্ত বাড়ি (সম্পূরক বিধানাবলি) আইন, ২০২৩, ধারা ৭] মামলা দায়েরে নিষেধাজ্ঞা, ইত্যাদি — (১) রাষ্ট্রপতির ১৯৭২ সনের ১৬ নং আদেশ বা এই আইনের অধীন কৃত, গৃহীত বা চলমান কোনো কার্যক্রম, সিদ্ধান্ত বা জারীকৃত
3. <other_812_s96_p0> [দেউলিয়া বিষয়ক আইন, ১৯৯৭, ধারা ৯৬] আপীল — (১) এই আইনের অন্যান্য বিধানাবলী সাপেক্ষে, দেনাদার, যে কোন পাওনাদার, রিসিভার বা অন্য যে কোন ব্যক্তি, দেউলিয়া ব
4. <labour_952_s36> [বাংলাদেশ শ্রম আইন, ২০০৬, ধারা ৩৬] যদি কোন ব্যক্তি শিশু নাকি কিশোর এ সম্পর্কে কোন প্রশ্ন উত্থাপিত হয়, তাহা হইলে উক্ত ব্যক্তির জন্ম নিবন্ধন সনদ, 
5. <other_1098_s30> [প্রতিযোগিতা আইন, ২০১২, ধারা ৩০] আপীল — (১) ম্যাজিস্ট্রেট কর্তৃক প্রদত্ত রায় বা আদেশ দ্বারা কোন পক্ষ সংক্ষুব্ধ হইলে তিনি উক্ত রায় বা আদেশ প্রাপ্তির 
6. <other_1064_s17> [আন্তজার্তিক মাতৃভাষা ইনস্টিটিউট  আইন, ২০১০, ধারা ১৭] প্রতিবেদন — (১) প্রতি পঞ্জিকা বছর শেষ হইবার সঙ্গে সঙ্গে ইনস্টিটিউট উক্ত বৎসরে সম্পাদিত কার্যাবলীর খতিয়ান-সম্বলিত বার্ষিক 
7. <other_1217_s19> [বাংলাদেশ সড়ক পরিবহণ কর্তৃপক্ষ আইন, ২০১৭, ধারা ১৯] বার্ষিক বাজেট বিবরণী — কর্তৃপক্ষ, প্রতি অর্থ বছর সরকার কর্তৃক নির্দিষ্ট সময়ের মধ্যে পরবর্তী অর্থবৎসরের বার্ষিক বাজেট প্রস্তুত করিয়া
8. <criminal_procedure_1238_s103> [গাজীপুর মহানগরী পুলিশ আইন, ২০১৮, ধারা ১০৩] কতিক্রয় মামলার নিষ্পত্তি — (১) ধারা ৫৬, ৫৭, ৬০, ৬১, ৬৪, ৬৯, ৭০, ৭১, ৭২, ৭৪, ৭৮, ৭৯, ৮০, ৮১, ৮৩, ৮৪, ৮৭, ৯৩, ৯৪, ৯৫, ৯৭ বা ৯৮ এর অধীন দণ্ড
9. <criminal_procedure_1239_s103> [রংপুর মহানগরী পুলিশ আইন, ২০১৮, ধারা ১০৩] কতিপয় মামলার নিস্পত্তি — (১) ধারা ৫৬, ৫৭, ৬০, ৬১, ৬৪, ৬৯, ৭০, ৭১, ৭২, ৭৪, ৭৮, ৭৯, ৮০, ৮১, ৮৩, ৮৪, ৮৭, ৯৩, ৯৪, ৯৫, ৯৭ বা ৯৮ এর অধীন দণ্ড
10. <family_938_s16> [গ্রাম আদালত আইন, ২০০৬, ধারা ১৬] কতিপয় মামলার স্থানান্তর — (১) যেক্ষেত্রে24[চীফ জুডিসিয়াল ম্যাজিস্ট্রেট] মনে করেন যে, তফসিলের ১ম অংশে বর্ণিত25[ফৌজদারী মামলা] সম্পর্কিত ","family_476_s9, family_1444_s5, family_305_s7","own_search","answered","2"
"prot_0081_02","Sifat","VERIFY","আমার ছোট বোন বিদেশে থাকেন। রাজশাহী শহরে তাঁর ০.০৭৪২৫ একর জমি আছে। এ জমিতে বাড়ি তৈরির যাবতীয় কাজ করার জন্য সে আমাকে লিখিতভাবে ক্ষমতা দিয়েছে। সে অনুযায়ী আমি কাজ করছি। বাড়িটিতে কয়েক দিনের মধ্যে প্রথম তলার ছাদের কাজ শেষ হবে। বাড়িটি পূর্ব-পশ্চিমে লম্বা। এর দক্ষিণ দিকে ফাঁকা দুটি বাড়ি আছে। সমস্যা হলো, এ দুটি বাড়ির মধ্যে একটি বাড়ির দেয়ালের ভেতর লাগানো একটি নারকেলগাছ বাঁকা হয়ে আমাদের জমির ভেতরে এসে গেছে। এ কারণে আমাদের বাড়ির একতলা ছাদ কোনো রকম দেওয়া গেলেও দোতলা পর্যন্ত ওঠানো যাবে না। গাছে ঠেকে যাবে। বাড়ির মালিকদের গাছ সরানোর কথা বললে, তাঁরা সরাবেন না বলে জানিয়ে দিয়েছেন। আমার বোনের অনুপস্থিতিতে এর সমাধান আমি কীভাবে করতে পারি?মোহাম্মদ শাজাহান আলীরাজশাহী","1. <other_1483_s5> [পরিত্যক্ত বাড়ি (সম্পূরক বিধানাবলি) আইন, ২০২৩, ধারা ৫] পরিত্যক্ত বাড়ির তালিকা হইবার পর স্বার্থ দাবি করিয়া আবেদন — ধারা ৪ এর উপ-ধারা (১) এর দফা (ক) ও (খ) এ বর্ণিত ক্ষেত্র ব্যতীত অন্যান্য ক্ষেত্রে কোনো বাড়ির উপর কোনো অধিকার ব
2. <other_1483_s10_p1> [পরিত্যক্ত বাড়ি (সম্পূরক বিধানাবলি) আইন, ২০২৩, ধারা ১০] পরিত্যক্ত বাড়ি নিয়ন্ত্রণ, ব্যবস্থাপনা এবং নিষ্পত্তি সংক্রান্ত বোর্ড — গণপূর্ত বিভাগ সদস্য-সচিব।(২) পরিত্যক্ত বাড়ি নিয়ন্ত্রণ, ব্যবস্থাপনা এবং নিষ্পত্তির জন্য বোর্ডের দায়িত্ব ও কা
3. <other_1483_s5ক> [পরিত্যক্ত বাড়ি (সম্পূরক বিধানাবলি) আইন, ২০২৩, ধারা ৫ক] পরিত্যক্ত সম্পত্তির ‘ক’ বা ‘খ’ তালিকার যে সকল বাড়ি সরকার কর্তৃক বিক্রয়মূল্যে হস্তান্তর করা হইয়াছে বা হইবে স
4. <other_1483_s4> [পরিত্যক্ত বাড়ি (সম্পূরক বিধানাবলি) আইন, ২০২৩, ধারা ৪] পরিত্যক্ত বাড়ি ঘোষণা ও তালিকা প্রণয়ন — (১) উপ-ধারা (২) এর বিধান সাপেক্ষে, সরকার, সরকারি গেজেটে প্রজ্ঞাপন দ্বারা, নিম্নবর্ণিত বাড়িসমূহকে পরিত্যক্ত বা
5. <other_1684_s12> [মানব পাচার ও অভিবাসী চোরাচালান প্রতিরোধ ও দম, ধারা ১২] পতিতালয় পরিচালনা করিবার বা কোনো স্থানকে পতিতালয় হিসাবে ব্যবহারের অনুমতি প্রদানের অপরাধ ও উহার দণ্ড — (১) যদি কোনো ব্যক্তি পতিতালয় স্থাপন বা পরিচালনা করেন অথবা উহা স্থাপন বা পরিচালনা করিতে অনুমতি প্রদান করেন কিং
6. <other_1483_s7> [পরিত্যক্ত বাড়ি (সম্পূরক বিধানাবলি) আইন, ২০২৩, ধারা ৭] মামলা দায়েরে নিষেধাজ্ঞা, ইত্যাদি — (১) রাষ্ট্রপতির ১৯৭২ সনের ১৬ নং আদেশ বা এই আইনের অধীন কৃত, গৃহীত বা চলমান কোনো কার্যক্রম, সিদ্ধান্ত বা জারীকৃত
7. <labour_952_s18> [বাংলাদেশ শ্রম আইন, ২০০৬, ধারা ১৮] কতিপয় ক্ষেত্রে লে-অফকৃত শ্রমিকগণ ক্ষতিপূরণ পাইবার অধিকারী হইবেন না — (১) এই অধ্যায়ের অন্যত্র যাহা কিছুই থাকুক না কেন, কোন লে-অফকৃত শ্রমিককে ক্ষতিপূরণ প্রদেয় হইবে না, যদি-(ক) তিন
8. <labour_1285_s17> [বাংলাদেশ ইপিজেড শ্রম আইন, ২০১৯, ধারা ১৭] কতিপয় ক্ষেত্রে লে-অফকৃত শ্রমিকগণ ক্ষতিপূরণ পাইবার অধিকারী হইবেন না — (১) এই অধ্যায়ের অন্যত্র যাহা কিছুই থাকুক না কেন, কোনো লে-অফকৃত শ্রমিককে ক্ষতিপূরণ প্রদেয় হইবে না, যদি-(ক) তি
9. <labour_1285_s11> [বাংলাদেশ ইপিজেড শ্রম আইন, ২০১৯, ধারা ১১] কাজ বন্ধ রাখা — (১) অগ্নিকাণ্ড, মারাত্নক দৈব দুর্ঘটনা, মহামারি, ব্যাপক দাঙ্গা-হাঙ্গামা এর জন্য প্রয়োজন হইলে কোনো মালিক যে কোন
10. <labour_952_s12> [বাংলাদেশ শ্রম আইন, ২০০৬, ধারা ১২] কাজ বন্ধ রাখা — (১) অগ্নিকান্ড, আকষ্মিক বিপত্তি, যন্ত্রপাতি বিকল, বিদু্যৎ সরবরাহ বন্ধ, মহামারী, ব্যাপক দাঙ্গা-হাঙ্গামা অথবা মা","other_36_s55","own_search","answered","1"
"prot_0062_04","Sifat","VERIFY","১৯৯৮ সালে আমার বিয়ে হয়। দুটি সন্তান আছে। প্রথম সন্তান হওয়ার পর থেকে আমার স্বামী প্রায়ই আমাকে মানসিক ও শারীরিকভাবে নির্যাতন করতে থাকে। এর কারণহলো তার অন্য নারীর সঙ্গে সম্পর্ক। হঠাৎ একদিন অন্যের স্ত্রীকে বাড়িতে নিয়ে এসে ওই নারীকে বিয়ে করেছে বলে লিখিত নোটারি করা স্ট্যাম্প দেখায় এবং ওই নারী তার আগের স্বামীকে তালাক দিয়েছে বলে নোটারি করা তালাকের হলফনামা দেখায়।এ ঘটনার পর আমি আমার সন্তানদের নিয়ে বাবার বাড়িতে আশ্রয় নিই। পরে সামাজিকভাবে তার ওই বিয়ে কেউ মেনে নেয়নি বলে আমার স্বামী সেই নারীকে অন্যত্র পাঠিয়ে দেয়। সমাজের চাপে ১৫০ টাকার সরকারি স্ট্যাম্পে কিছু শর্তের অঙ্গীকারনামায় সই করে এবংআমাকে তার বাড়িতে নিয়ে যায়। কিন্তু সাত মাস পার হলেও সে অঙ্গীকারনামার কোনো শর্ত পূরণ করেনি বা মানেনি। আমার প্রশ্ন, আমার স্বামী এবং ওই নারীর বিয়ে বৈধ হয়েছে কি? অঙ্গীকারনামার শর্ত না মানার কারণে তার বিরুদ্ধে আমি আইনগত কোনো ব্যবস্থা নিতে পারব কি?","1. <women_children_835_s11> [নারী ও শিশু নির্যাতন দমন আইন, ২০০০, ধারা ১১] যৌতুকের জন্য মৃত্যু ঘটানো, ইত্যাদির শাস্তি — যদি কোন নারীর স্বামী অথবা স্বামীর পিতা, মাতা, অভিভাবক, আত্মীয় বা স্বামীর পক্ষে অন্য কোন ব্যক্তি যৌতুকের জন্য 
2. <other_1429_s31> [আয়কর আইন, ২০২৩, ধারা ৩১] আয় একীভূতকরণ — (১) এই আইনে ভিন্নরূপ কিছু না থাকিলে, নিম্নবর্ণিত আয়সমূহ কোনো ব্যক্তির মোট আয়ের অন্তর্ভুক্ত হইবে, যথা:-(ক) উক
3. <other_1266_s2_p3> [বাংলাদেশ মুক্তিযোদ্ধা কল্যাণ ট্রাস্ট আইন, ২০, ধারা ২] সংজ্ঞা — বা স্বামী এবং পিতা-মাতার অবর্তমানে খেতাবপ্রাপ্ত বীর মুক্তিযোদ্ধার সন্তান; বা(উ) (অ)-(ঈ) পর্যন্ত বর্ণিত ব্যক্তি
4. <women_children_835_s9ক> [নারী ও শিশু নির্যাতন দমন আইন, ২০০০, ধারা ৯ক] কোন নারীর সম্মতি ছাড়া বা ইচ্ছার বিরুদ্ধে কোন ব্যক্তির ইচ্ছাকৃত (Wilful) কোন কার্য দ্বারা সম্ভ্রমহানি হইবার প্
5. <women_children_835_s4> [নারী ও শিশু নির্যাতন দমন আইন, ২০০০, ধারা ৪] দহনকারী, ইত্যাদি পদার্থ দ্বারা সংঘটিত অপরাধের শাস্তি — (১) যদি কোন ব্যক্তি দহনকারী, ক্ষয়কারী অথবা বিষাক্ত পদার্থ দ্বারা কোন শিশু বা নারীর মৃত্যু ঘটান বা মৃত্যু ঘটান
6. <other_1418_s21_p2> [বাংলাদেশ সুপ্রীম কোর্টের বিচারক (ছুটি, পেনশন, ধারা ২১] আনুতোষিক ও পারিবারিক পেনশন — হিসাবে প্রাপ্য হইতেন।(৩) কোনো বিচারক, অবসর গ্রহণের পর তাহার গ্রস-পেনশনের সম্পূর্ণ অংশ সমর্পণ করিতে পারিবেন এবং
7. <women_children_835_s9খ> [নারী ও শিশু নির্যাতন দমন আইন, ২০০০, ধারা ৯খ] যদি কোন ব্যক্তি দৈহিক বলপ্রয়োগ ব্যতীত বিবাহের প্রলোভন দেখাইয়া ষোল বৎসরের অধিক বয়সের কোন নারীর সংগে যৌনকর্ম 
8. <other_1586_s4_p0> [গুম প্রতিরোধ ও প্রতিকার অধ্যাদেশ, ২০২৫, ধারা ৪] গুম, ইত্যাদি ও উহার সাজা — (১) কোনো সরকারি কর্মচারী বা শৃঙ্খলা-বাহিনীর কোনো সদস্য উক্তরূপ পরিচয়ের বলে নিজে, অথবা শৃঙ্খলা-বাহিনী বা সরকার
9. <other_943_s2> [বাংলাদেশ শ্রমিক কল্যাণ ফাউন্ডেশন আইন, ২০০৬, ধারা ২] সংজ্ঞা — বিষয় বা প্রসঙ্গের পরিপন্থী কিছু না থাকিলে, এই আইনে-(ক) “অপ্রাতিষ্ঠানিক খাত” অর্থ এইরূপ বেসরকারী খাত যেখানে কর
10. <other_1132_s5> [পিতা-মাতার ভরণ-পোষণ আইন, ২০১৩, ধারা ৫] পিতা-মাতার ভরণ-পোষণ না করিবার দণ্ড — (১) কোন সন্তান কর্তৃক ধারা ৩ এর যে কোন উপ-ধারার বিধান কিংবা ধারা ৪ এর বিধান লংঘন অপরাধ বলিয়া গণ্য হইবে এবং উক","family_305_s8, family_305_s6, criminal_procedure_11_s494","own_search","answered","2"
"prot_0107_06","Sifat","VERIFY","৩. সমাজের কিছু ব্যক্তি বলে থাকে, ১৪-১৫ বছর ধরে কোনো মামলার আসামি যদি পলাতক থাকে, তার আর কোনো ভয় নেই। সে দেশে এসে নির্ভয়ে স্বাভাবিক জীবন যাপন করতে পারবে। তাদের ধারণা, মামলার বয়স বেশি হলে মামলাটি আপনা-আপনি ফাইলবন্দী হয়ে খারিজ হয়ে যায়। কথাটি কি ঠিক?","1. <labour_952_s216_p1> [বাংলাদেশ শ্রম আইন, ২০০৬, ধারা ২১৬] অপরাধ বিচার ছাড়া অন্য কোন বিষয়ে শ্রম আদালতের ক্ষমতা ওকার্যক্রম — বা আপত্তি পেশ করিতে ব্যর্থ হয়, তাহা হইলে মামলাটি একতরফা শুনানীক্রমে নিষ্পত্তি করা হইবে।(৬) কোন পক্ষের আবেদনক্
2. <other_1684_s23> [মানব পাচার ও অভিবাসী চোরাচালান প্রতিরোধ ও দম, ধারা ২৩] ভিকটিম বা সাক্ষীকে হুমকি, ইত্যাদি প্রদানপূর্বক তদন্ত বা বিচারকার্যে বিঘ্ন সৃষ্টি করিবার অপরাধ ও উহার দণ্ড — (১) যদি কোনো ব্যক্তি মানব পাচার বা অভিবাসী চোরাচালানের শিকার কোনো ব্যক্তি বা তাহার পরিবারের কোনো সদস্যকে বা মা
3. <other_1153_s4> [উপানুষ্ঠানিক শিক্ষা আইন, ২০১৪, ধারা ৪] উপানুষ্ঠানিক শিক্ষার শ্রেণীবিভাগ ও বয়স-সীমা — (১) প্রকৃতি ও ধরন অনুযায়ী উপানুষ্ঠানিক শিক্ষার শ্রেণীবিভাগ হইবে নিম্নরূপ, যথা :-(ক) উপানুষ্ঠানিক প্রাথমিক শিক
4. <women_children_1119_s15> [শিশু আইন, ২০১৩, ধারা ১৫] (১) ফৌজদারি কার্যবিধি বা আপাতত বলবৎ অন্য কোনো আইনে যাহা কিছুই থাকুক না কেন, কোনো অপরাধ সংঘটনে প্রাপ্তবয়স্ক ব্
5. <other_1718_s32> [অর্থ (২০২৫-২০২৬ অর্থ বৎসর) আইন, ২০২৬, ধারা ৩২] ২০২৩ সনের ১২ নং আইনের ধারা ১৫ এর সংশোধন — উক্ত আইনের ধারা ১৫ এর উপ-ধারা (৩) এর পরিবর্তে নিম্নরূপ উপ-ধারা (৩) প্রতিস্থাপিত হইবে, যথা:- “(৩) আপিল ট্রাইব্য
6. <other_1126_s15> [প্রতিবন্ধী ব্যক্তির অধিকার ও সুরক্ষা আইন, ২০, ধারা ১৫] অন্যান্য প্রতিবন্ধিতা (other disability) — কোন ব্যক্তির মধ্যে যদি ধারা ৪ হইতে ১৩ তে উল্লিখিত প্রতিবন্ধিতা ব্যতীত এইরূপ অন্য কোন অস্বাভাবিক শারীরিক ও মানস
7. <family_938_s17> [গ্রাম আদালত আইন, ২০০৬, ধারা ১৭] পুলিশ কর্তৃক তদন্ত — এই আইনে যাহা কিছুই থাকুক না কেন, কোন মামলার বিষয়বস্তু তফসিলের প্রথম অংশে বর্ণিত অপরাধ সম্পর্কিত হওয়ার কারণে 
8. <other_896_s11> [দ্রুত বিচার ট্রাইব্যুনাল আইন, ২০০২, ধারা ১১] বিচারকের বদলীর ক্ষেত্রে পদ্ধতি — যদি কোন মামলার বিচারকার্য চলাকালে দ্রুত বিচার ট্রাইব্যুনালের বিচারক কোন কারণে পরিবর্তিত হইয়া যায়, তাহা হইলে 
9. <other_896_s10> [দ্রুত বিচার ট্রাইব্যুনাল আইন, ২০০২, ধারা ১০] মামলা নিষ্পত্তির মেয়াদ — (১) দ্রুত বিচার ট্রাইব্যুনালে স্থানান্তরিত কোন মামলা স্থানান্তরের তারিখ হইতে নব্বই কার্য দিবসের মধ্যে নিষ্পত্ত
10. <other_1718_s29_p2> [অর্থ (২০২৫-২০২৬ অর্থ বৎসর) আইন, ২০২৬, ধারা ২৯] ২০২৩ সনের ১২ নং আইনের ধারা ২ এর সংশোধন — অথবা যেইক্ষেত্রে উক্ত পনেরোতম দিন সেপ্টেম্বর মাসের পনেরোতম দিনের পূর্বের তারিখে পড়ে, সেইক্ষেত্রে আয়বর্ষ সমাপ","criminal_procedure_75_s339B, criminal_procedure_75_s87","own_search","answered","2"
"prot_0055_03","Sifat","VERIFY","দূরসম্পর্কের এক মামাতো ভাইয়ের সঙ্গে আমার খুব ভালো সম্পর্ক ছিল। এখন সেটা ভালোবাসার রূপ নিয়েছে। আমরা দুজন দুজনকে অনেক ভালোবাসি, কিন্তু আমাদের পরিবার এই সম্পর্ক মানবে না। এ অবস্থায় আমরা দুজন কাজি অফিস বা কাজির মাধ্যমে বিয়ে করতে চাইছি। আইনগতভাবে আমাদের বিয়ের বয়স হয়েছে। কাজি অফিস বা কাজির মাধ্যমে বিয়ে করতে কি কাগজপত্র লাগে এবং বিবাহ আইন অনুযায়ী এই বিয়ে সঠিক হবে কি না, যদি কোনো সমস্যা দেখা দেয়, তবে বিয়ে আইনত টিকবে কি না?নাম প্রকাশে অনিচ্ছুক","1. <women_children_1256_s2> [যৌতুক নিরোধ আইন, ২০১৮, ধারা ২] সংজ্ঞা — বিষয় বা প্রসঙ্গের পরিপন্থি কোনো কিছু না থাকিলে,-(ক) ‘‘পক্ষ’’ অর্থ এই আইনের উদ্দেশ্য পূরণকল্পে, বিবাহের বর বা 
2. <other_1419_s5> [বাংলাদেশ সরকারী কর্ম কমিশন আইন, ২০২৩, ধারা ৫] কমিশনের আওতা বহির্ভূত ক্ষেত্রসমূহ — আপাতত বলবৎ অন্য কোনো আইন বা এই আইনের অন্যান্য বিধানে যাহা কিছুই থাকুক না কেন, নিম্নবর্ণিত কোনো পদে নিয়োগ এবং 
3. <other_1413_s6> [সরকারি ঋণ আইন, ২০২২, ধারা ৬] সরকারি ঋণ অফিস — এই আইনের উদ্দেশ্য পূরণকল্পে,-(ক) অর্থ বিভাগ, অর্থ মন্ত্রণালয় সরকারি ঋণ ব্যবস্থাপনার লক্ষ্যে ঋণনীতি ও ঋণ পরিকল
4. <labour_1285_s167> [বাংলাদেশ ইপিজেড শ্রম আইন, ২০১৯, ধারা ১৬৭] (১)এইআইনেরউদ্দেশ্য পূরণকল্পে নির্বাহী পরিচালক (শ্রম ও শিল্প সম্পর্ক),অতিরিক্ত নির্বাহী পরিচালক (শ্রম ও শিল্প স
5. <civil_registration_921_s18> [জন্ম ও মৃত্যু নিবন্ধন আইন, ২০০৪, ধারা ১৮] জন্ম বা মৃত্যু সনদের সাক্ষ্য মূল্য — (১) কোন ব্যক্তির বয়স, জন্ম ও মৃত্যু বৃত্তান্ত প্রমাণের ক্ষেত্রে কোন অফিস বা আদালতে বা স্কুল-কলেজে বা সরকারী ও
6. <family_1105_s11> [হিন্দু বিবাহ নিবন্ধন আইন, ২০১২, ধারা ১১] নিবন্ধন বহি সংরক্ষণ, ইত্যাদি — (১) প্রত্যেক হিন্দু বিবাহ নিবন্ধক নির্ধারিত ফরম ও পদ্ধতিতে নিবন্ধন বহি সংরক্ষণ করিবেন।(২) প্রত্যেক হিন্দু বিবা
7. <local_government_1027_s6_p1> [স্থানীয় সরকার (ইউনিয়ন পরিষদ) আইন, ২০০৯, ধারা ৬] ওয়ার্ড সভার ক্ষমতা, কার্যাবলী, ইত্যাদি — যৌক্তিকতাসমূহ অবহিত হওয়া;(ঢ) ওয়ার্ড সভা কতৃর্ক গৃহীত সিদ্ধান্তসমূহের বাস্তবায়ন অগ্রগতি পযার্লোচনা করা এবং ক
8. <other_1172_s2> [গণকর্মচারী (বিদেশি নাগরিকের সহিত বিবাহ) আইন,, ধারা ২] সংজ্ঞা — বিষয় বা প্রসঙ্গের পরিপন্থি কোন কিছু না থাকিলে, এই আইনে,-(ক) ‘‘জাতীয়করণকৃত প্রতিষ্ঠান’’ অর্থ কোন করপোরেশন, ব্
9. <money_recovery_876_s23ক> [সমবায় সমিতি আইন, ২০০১, ধারা ২৩ক] (১) কোন সমবায় সমিতি উহার কার্যক্রম পরিচালনার জন্য কোন শাখা অফিস খুলিতে পারিবে না, তবে এই বিধান কার্যকর হইবার 
10. <women_children_1063_s2> [পারিবারিক সহিংসতা (প্রতিরোধ ও সুরক্ষা) আইন, , ধারা ২] সংজ্ঞা — - বিষয় বা প্রসঙ্গের পরিপন্থী কিছু না থাকিলে, এই আইনে-(১)""অর্ন্তব র্তীকালীন সুরক্ষা আদেশ""অর্থ ধারা ১৩ এর অধীন ","family_476_s3, women_children_1207_s12, other_173_s2","own_search","answered","2"
"prot_0040_01","Sifat","VERIFY","সরকারি কর্মচারীদের পেনশনের বিষয়টি নির্ধারিত বিধি দ্বারা পরিচালিত হয়। যথাযথ কর্তৃপক্ষের কাছে দেরিতে নমিনি করার কারণ উল্লেখ করে আপনি আপনার কন্যাকে নমিনি করতে পারেন। নতুন নমিনি নিয়োগে আইনগত কোনো বাধা নেই।আমি একজন মেয়েকে ভালোবাসি কিন্তু আমাদের দুজনের ধর্ম ভিন্ন। আমি চাই যার যার ধর্ম বজায় রেখে বিয়ে করতে। কি এ ধরনের কোনো আইন আছে? সুনিপুণ কর","1. <other_1413_s17> [সরকারি ঋণ আইন, ২০২২, ধারা ১৭] ধারক কর্তৃক নমিনি মনোনয়ন প্রদান — (১) আপাতত বলবৎ অন্য কোনো আইনে ভিন্নরূপ যাহা কিছুই থাকুক না কেন,-(ক) সরকারি সিকিউরিটি বা জাতীয় সঞ্চয় স্কীমের 
2. <other_1413_s18> [সরকারি ঋণ আইন, ২০২২, ধারা ১৮] ধারকের মৃত্যুর পর সরকারি সিকিউরিটি বা জাতীয় সঞ্চয় স্কীমের আওতায় ইস্যুকৃত সার্টিফিকেটের অর্থ প্রদান — (১) সরকারি সিকিউরিটি বা জাতীয় সঞ্চয় স্কীমের আওতায় ইস্যুকৃত সার্টিফিকেটের ধারক নমিনি প্রদানপূর্বক মৃত্যুবরণ 
3. <other_1421_s14_p1> [সর্বজনীন পেনশন ব্যবস্থাপনা আইন, ২০২৩, ধারা ১৪] সর্বজনীন পেনশন ব্যবস্থাপনা — হইবে;(জ) মাসিক অথবা ত্রৈমাসিক ভিত্তিতে চাঁদা প্রদান করা যাইবে এবং অগ্রিম ও কিস্তিতে জমা প্রদানের সুযোগ থাকিবে;
4. <constitutional_957_s28> [গণপ্রজাতন্ত্রী বাংলাদেশের সংবিধান, অনুচ্ছেদ ২৮] ধর্ম, প্রভৃতি কারণে বৈষম্য — (১) কেবল ধর্ম, গোষ্ঠী, বর্ণ, নারীপুরুষভেদ বা জন্মস্থানের কারণে কোন নাগরিকের প্রতি রাষ্ট্র বৈষম্য প্রদর্শন করিব
5. <women_children_1119_s57> [শিশু আইন, ২০১৩, ধারা ৫৭] অপর্যাপ্ত আইনগত প্রতিনিধিত্ব ও অসদাচরণ — শিশুর পক্ষে নিয়োগপ্রাপ্ত আইনজীবী যুক্তিসঙ্গত কারণ ব্যতীত বারংবার আদালতে অনুপস্থিত থাকিলে বা মামলা পরিচালনায় 
6. <other_857_s43> [বাংলাদেশ টেলিযোগাযোগ নিয়ন্ত্রণ আইন, ২০০১, ধারা ৪৩] পথাধিকার প্রয়োগে মালিক ইত্যাদির অসম্মতি — (১) কোন জমির মালিক বা দখলকার বা তত্ত্বাবধায়ক ৪২(৫) ধারায় উল্লেখিত সম্মতি বা অনুমতি না দিলে বা উহা প্রত্যাখ্য
7. <other_1151_s15> [ডিঅক্সিরাইবোনিউক্লিক এসিড (ডিএনএ) আইন, ২০১৪, ধারা ১৫] ডিএনএ কার্যক্রমের গুণগত মান নিশ্চিতকরণ — (১) প্রত্যেক ডিএনএ ল্যাবরেটরী, বিধি দ্বারা নির্ধারিত পদ্ধতিতে, ডিএনএ কার্যক্রমের গুণগত মান নিশ্চিত করিবে।(২) উ
8. <other_1476_s257> [কাস্টমস আইন, ২০২৩, ধারা ২৫৭] সিদ্ধান্ত প্রদান — (১) কোনো ব্যক্তি এই আইন বা বিধির প্রয়োগ সম্পর্কিত কোনো বিষয়ে সিদ্ধান্ত প্রদানের জন্য, বিধি দ্বারা নির্ধারিত 
9. <other_1696_s63> [রাজধানী উন্নয়ন কর্তৃপক্ষ আইন, ২০২৬, ধারা ৬৩] কর্তৃপক্ষের বিরুদ্ধে মামলার নোটিশ, ইত্যাদি — (১) এই আইন বা তদ্ধীন প্রণীত বিধি বা প্রবিধানের অধীন কর্তৃপক্ষ, চেয়ারম্যান, সদস্য বা কর্মচারীর বিরুদ্ধে কোনো ম
10. <other_1130_s7> [1[বাংলাদেশ মেরিটাইম ইউনিভার্সিটি] আইন, ২০১৩, ধারা ৭] জাতি ধর্ম নির্বিশেষে সকলের জন্য বিশ্ববিদ্যালয় উন্মুক্ত — যে কোন জাতি, ধর্ম, বর্ণ, গোত্র এবং যে কোন শ্রেণীর পুরুষ ও নারীর জন্য, বিশ্ববিদ্যালয় কর্তৃক নির্ধারিত ভর্তির য","other_25_s2","own_search","answered","2"
"prot_0068_05","Sifat","VERIFY","আমি বিবাহিত। একটি মেয়ে আছে। আমি আমার ছোট দেবরকে ভালোবাসি। কিছুদিন আগে আমার স্বামী বিষয়টি জেনে যায়। বিষয়টি নিয়ে অনেকবার তার সঙ্গে আমার ঝগড়াঝাঁটি হয়েছে। সে প্রথমে আমাকে তালাক দিতে চেয়েছিল। আমি ক্ষমা চাইলে সম্পর্ক স্বাভাবিক হয়। কিন্তু এখন কথায় কথায় আমার সঙ্গে পুরোনো কথা নিয়ে ঝগড়া করে, সন্দেহ করে। এখন আমি তালাক চাইলেও সে আমাকে তালাক দিতে চায় না। পারলে নিজে তালাক নিয়ে চলে যেতে বলে। আমি আমার দেবরকে ভুলতে পারছি না। তাকে খুব ভালোবাসি। তাকে সবকিছু খুলে বলেছি। সে বলে, বড় ভাই বেঁচে থাকতে আমাদের বিয়ে করা সম্ভব নয়। এখন আমি কী করব সিদ্ধান্ত নিতে পারছি না। প্রতিনিয়ত সে সন্দেহ করে। ছোটখাটো বিষয় নিয়ে ঝগড়া হয়। তালাক দিলে আমার মেয়েকে কাছে পাব কি? আমার স্বামী মেয়েকে আমার কাছে দিতে চায় না। নাম প্রকাশে অনিচ্ছুকনাটোর","1. <other_924_s2> [ব্যক্তি মালিকানাধীন সড়ক পরিবহন শ্রমিক কল্যাণ, ধারা ২] সংজ্ঞা — বিষয় বা প্রসঙ্গের পরিপন্থী কিছু না থাকিলে, এই আইনে-(ক) “কল্যাণ তহবিল” অর্থ ধারা ৪ এর অধীন গঠিত কল্যাণ তহবিল;(
2. <other_943_s2> [বাংলাদেশ শ্রমিক কল্যাণ ফাউন্ডেশন আইন, ২০০৬, ধারা ২] সংজ্ঞা — বিষয় বা প্রসঙ্গের পরিপন্থী কিছু না থাকিলে, এই আইনে-(ক) “অপ্রাতিষ্ঠানিক খাত” অর্থ এইরূপ বেসরকারী খাত যেখানে কর
3. <other_788_s278> [কোম্পানী আইন, ১৯৯৪, ধারা ২৭৮] কোম্পানীর সম্পত্তির দখলদার হিসাবে সন্দেহভাজন ও অন্যান্য ব্যক্তির উপর সমনজারীর ক্ষমতা — (১) কোম্পানীর অবলুপ্তির আদেশদানের পর, যদি উহার কোন কর্মকর্তা কিংবা অন্য কোন ব্যক্তি, যাহার নিকট কোম্পানীর কোন 
4. <other_912_s2> [বাংলাদেশ কর্মচারী কল্যাণ বোর্ড আইন, ২০০৪, ধারা ২] সংজ্ঞা — বিষয় বা প্রসংগের পরিপন্থী কোন কিছু না থাকিলে, এই আইনে,-(ক) “আঞ্চলিক কমিটি” অর্থ ধারা ৮ এর অধীন গঠিত বোর্ডের আ
5. <other_751_s112> [ব্যাংক-কোম্পানী আইন, ১৯৯১, ধারা ১১২] (১) বাংলাদেশ ব্যাংক যদি এই আইনের কোন ধারা অথবা তদধীন কোন আদেশ বা নির্দেশ বা আরোপিত শর্ত বা প্রণীত কোন বিধি লংঘ
6. <other_850_s13> [সালিস আইন, ২০০১, ধারা ১৩] আপত্তির কারণসমূহ — (১) সালিসকারী হিসাবে নিয়োগের অনুরোধপ্রাপ্ত প্রত্যেক ব্যক্তি প্রথমে তাহার নিরপেক্ষতা ও স্বাধীনতা সম্পর্কে সঙ্গ
7. <tenancy_748_s19_p0> [বাড়ী ভাড়া নিয়ন্ত্রণ আইন, ১৯৯১, ধারা ১৯] কতিপয় পরিস্থিততে ভাড়াটিয়া কর্তৃক ভাড়া জমা — (১) যেক্ষেত্রে কোন বাড়ী-মালিক ভাড়াটিয়া কর্তৃক ডাক মনি অর্ডার যোগে প্রেরিত ধারা ১৮ এ উল্লিখিত কোন ভাড়া গ্রহ
8. <labour_952_s179_p2> [বাংলাদেশ শ্রম আইন, ২০০৬, ধারা ১৭৯] রেজিস্ট্রিকরণের জন্য প্রয়োজনীয় বিষয়াদি — সম্পর্কযুক্ত কি না এইরূপ কোন সন্দেহ বা বিরোধ দেখা দেয় সে ক্ষেত্রে বিষয়টি নিষ্পত্তির জন্য শ্রম পরিচালকের নিকট
9. <other_1266_s2_p3> [বাংলাদেশ মুক্তিযোদ্ধা কল্যাণ ট্রাস্ট আইন, ২০, ধারা ২] সংজ্ঞা — বা স্বামী এবং পিতা-মাতার অবর্তমানে খেতাবপ্রাপ্ত বীর মুক্তিযোদ্ধার সন্তান; বা(উ) (অ)-(ঈ) পর্যন্ত বর্ণিত ব্যক্তি
10. <other_857_s87> [বাংলাদেশ টেলিযোগাযোগ নিয়ন্ত্রণ আইন, ২০০১, ধারা ৮৭] গণশুনানী ও উহার পদ্ধতি — (১) কোন আবেদন বা অন্য কোনভাবে প্রাপ্ত তথ্যের ভিত্তিতে, কমিশন যদি মনে করে যে, জনস্বার্থ রতগার জন্য উহার কোন ক্ষ","family_64_s17, family_305_s8","own_search","answered","2"
"prot_0066_01","Sifat","VERIFY","আমি বিয়ে করেছি ১৬ বছর আগে। বিয়ে হয়েছিল ঢাকায় এবং আমার ইচ্ছার বিরুদ্ধে। তাই চালাকি করে বিয়ে নিবন্ধনের সময় মা-বাবার নাম সঠিক রেখে ভুল ঠিকানা দিয়েছিলাম। বর্তমানে আমার স্ত্রী ও ছেলেমেয়ে আমার সঙ্গে আছে। এখন প্রশ্ন হচ্ছে, মুসলিম বিবাহ আইনে কোনো এই বিয়েতে প্রকার সমস্যা আছে কি না?","1. <tenancy_748_s25> [বাড়ী ভাড়া নিয়ন্ত্রণ আইন, ১৯৯১, ধারা ২৫] বাড়ী-মালিকের ভুল নাম বা ঠিকানা দেওয়ার দণ্ড — যদি কোন ভাড়াটিয়া ধারা ১৯ এর অধীন ভাড়া জমা করার সময় ইচ্ছাকৃতভাবে বাড়ী-মালিকের নাম বা ঠিকানা ভুল দিয়া থাকে
2. <family_1444_s26> [পারিবারিক আদালত আইন, ২০২৩, ধারা ২৬] মুসলিম পারিবারিক আইনের বিধানকে প্রভাবিত না করা — (১) এই আইনের কোনো কিছুই মুসলিম পরিবারিক আইন অথবা তদধীন প্রণীত বিধিমালার কোনো বিধানকে প্রভাবিত করিবে না।(২) যেক
3. <family_1105_s5> [হিন্দু বিবাহ নিবন্ধন আইন, ২০১২, ধারা ৫] হিন্দু বিবাহ নিবন্ধনের ক্ষেত্রে বিধি-নিষেধ — অন্য কোন আইনে যাহা কিছুই থাকুক না কেন, ২১ (একুশ) বৎসরের কম বয়স্ক কোন হিন্দু পুরুষ বা ১৮ (আঠার) বৎসরের কম বয়স
4. <other_788_s171> [কোম্পানী আইন, ১৯৯৪, ধারা ১৭১] বন্ধকের নিবন্ধন-বহি সংশোধনী — (১) আদালত যদি এই মর্মে সন্তুষ্ট হয় যে,-(ক) ধারা ১৫৯-এ উল্লিখিত সময়সীমার মধ্যে বন্ধক বা চার্জ নিবন্ধন না করান
5. <consumer_1010_s52> [ট্রেডমার্ক আইন, ২০০৯, ধারা ৫২] নিবন্ধন বহির ভুল সংশোধন — (১) নিবন্ধিত স্বত্বাধিকারী কর্তৃক, নির্ধারিত পদ্ধতিতে, আবেদনের প্রেক্ষিতে নিবন্ধন বহিতে -(ক) ট্রেডমার্কের নিবন
6. <other_725_s8> [খাগড়াছড়ি পার্বত্য জেলা পরিষদ আইন, ১৯৮৯, ধারা ৮] সম্পত্তি সম্পর্কিত ঘোষনা — চেয়ারম্যান ও প্রত্যেক সদস্য তাঁহার কার্যভার গ্রহনের পূর্বে তাহার এবং তাঁহার পরিবারের কোন সদস্যের স্বত্ব, দখল 
7. <other_726_s8> [বান্দরবান পার্বত্য জেলা পরিষদ আইন, ১৯৮৯, ধারা ৮] সম্পত্তি সম্পর্কিত ঘোষণা — চেয়ারম্যান ও প্রত্যেক সদস্য তাঁহার কার্যভার গ্রহণের পূর্বে তাঁহার এবং তাঁহার পরিবারের কোন সদস্যের স্বত্ব, দখল
8. <other_724_s8> [রাংগামাটি পার্বত্য জেলা পরিষদ আইন, ১৯৮৯, ধারা ৮] সম্পত্তি সম্পর্কিত ঘোষণা — চেয়ারম্যান ও প্রত্যেক সদস্য তাঁহার কার্যভার গ্রহণের পূর্বে তাঁহার এবং তাঁহার পরিবারের কোন সদস্যের স্বত্ব, দখল
9. <family_1105_s12> [হিন্দু বিবাহ নিবন্ধন আইন, ২০১২, ধারা ১২] বিবাহ নিবন্ধনের প্রতিলিপি প্রদান — (১) এই আইনের অধীন হিন্দু বিবাহ নিবন্ধনের ক্ষেত্রে বিবাহের পক্ষদ্বয় বা তদ্কর্তৃক মনোনীত প্রতিনিধি কর্তৃক আবেদন
10. <family_1105_s4> [হিন্দু বিবাহ নিবন্ধন আইন, ২০১২, ধারা ৪] বিবাহ নিবন্ধক নিয়োগ — (১) এই আইনের অধীন হিন্দু বিবাহ নিবন্ধনের উদ্দেশ্যে, সরকার, সিটি কর্পোরেশন এলাকার ক্ষেত্রে তদ্কর্তৃক সময় সময় ","other_173_s2, family_476_s3","own_search","answered","1"
"prot_0088_01","Sifat","VERIFY","আমি যখন খুব ছোট, তখন আমার মা মারা যান। নিঃসন্তান ফুফু আমার লালন-পালন করেন। আমি এখন স্নাতক (সম্মান) পাস করেছি। সমস্যা হলো, স্নাতকের সনদপত্রে আমার মায়ের নাম হিসেবে ফুফুর নাম রয়েছে। এ ছাড়া অন্য সব দলিলপত্রে আমার প্রকৃত মায়ের নাম রয়েছে। ভোটার পরিচয়পত্রে আমার মায়ের নাম হিসেবে ফুফুর নামটিই আছে। এ কারণে আমার সনদপত্রে কোনো সমস্যা হবে কি না। আমার পৈতৃক সম্পত্তি ভোগ করার ক্ষেত্রে এটা কোনো বাধা হবে কি না। আমরা দুই ভাই, এক বোন। আমার মায়ের নামের এই ত্রুটির কারণে বড় ভাই আমাকে কোনো সমস্যায় ফেলতে পারবে কি? ভবিষ্যতে আমি সমস্যায় পড়লে কোনো আইনি ব্যবস্থা নিতে পারব কি না। উল্লেখ্য, আমার বাবা জীবিত নেই","1. <other_893_s7> [শিশু-মাতৃ স্বাস্থ্য ইনস্‌টিটিউট আইন, ২০০২, ধারা ৭] ইনস্‌টিটিউটের দায়িত্ব ও কার্যাবলী — ইনস্টিটিউটের দায়িত্ব ও কার্যাবলী হইবে নিম্নরূপ, যথা:-(১) শিশু ও মায়ের স্বাস্থ্য ও পুষ্টি বিষয়ে শিক্ষা, প্রশ
2. <other_1124_s6> [মাতৃদুগ্ধ বিকল্প, শিশু খাদ্য, বাণিজ্যিকভাবে , ধারা ৬] মাতৃদুগ্ধ বিকল্প, শিশু খাদ্য, ইত্যাদি ধারণপাত্র ও মোড়কে প্রদেয় তথ্যাদি — (১) আপাততঃ বলবৎ অন্য কোন আইনের বিধানাবলী ক্ষুণ্ণ না করিয়া, কোন ব্যক্তি মাতৃদুগ্ধ বিকল্প, শিশু খাদ্য, বাণিজ্যি
3. <other_1005_s14> [ভোটার তালিকা আইন, ২০০৯, ধারা ১৪] ভোটার তালিকার বৈধতা, ইত্যাদি — ভোটার তালিকায় অন্তর্ভুক্ত কোন ব্যক্তির ভুল বর্ণনা বা উক্তরূপে অন্তর্ভুক্ত হইবার অধিকারী নহে এমন কোন ব্যক্তির 
4. <other_1283_s19> [কস্ট এন্ড ম্যানেজমেন্ট অ্যাকাউন্ট্যান্টস আইন, ধারা ১৯] সদস্য-রেজিস্টার হইতে নাম অপসারণ — (১) কাউন্সিল নিম্নবর্ণিত কারণে কোনো সদস্যের নাম সদস্য-রেজিস্টার হইতে অপসারণ করিতে পারিবে, যথা:-যদি তিনি-(ক) মৃ
5. <other_1045_s16> [চার্টার্ড সেক্রেটারীজ আইন, ২০১০, ধারা ১৬] সদস্য হইবার ক্ষেত্রে অযোগ্যতা — ধারা ১৫ তে যাহা কিছুই থাকুক না কেন, কোন ব্যক্তি সদস্য হইবার যোগ্য হইবেন না, যদি-(ক) তিনি কোন স্বীকৃত বিশ্ববিদ্
6. <other_1005_s10> [ভোটার তালিকা আইন, ২০০৯, ধারা ১০] ভোটার তালিকা সংশোধন — বিভিন্ন নির্বাচিত সংস্থার নির্বাচনের সময়সূচী ঘোষণার তারিখ হইতে নির্বাচন অনুষ্ঠানের সময়কাল ব্যতিরেকে, অন্য যে
7. <consumer_1010_s73> [ট্রেডমার্ক আইন, ২০০৯, ধারা ৭৩] মিথ্যা ট্রেডমার্ক, ট্রেড বর্ণনা, ইত্যাদি ব্যবহারের দণ্ড — যদি কোন ব্যক্তি-(ক) কোন ট্রেডমার্ককে মিথ্যা প্রতিপন্ন করেন,(খ) কোন পণ্য বা সেবার ক্ষেত্রে ট্রেডমার্ক মিথ্যাভাব
8. <other_1682_s2_p0> [মানবদেহে অঙ্গ-প্রত্যঙ্গ সংযোজন আইন, ২০২৬, ধারা ২] সংজ্ঞা — বিষয় বা প্রসঙ্গের পরিপন্থি কোনো কিছু না থাকিলে, এই আইনে- (১) “অঙ্গ-প্রত্যঙ্গ” অর্থ মানবদেহের কিডনি, হৃৎপিণ্ড,
9. <other_1005_s11> [ভোটার তালিকা আইন, ২০০৯, ধারা ১১] ভোটার তালিকা হালনাগাদকরণ — (১) কম্পিউটার ডাটাবেজ সংরক্ষিত বিদ্যমান সকল ভোটার তালিকা, প্রতি বৎসর6[২ জানুয়ারি হইতে ২ মার্চ] পর্যন্ত সময়কা
10. <other_788_s346_p2> [কোম্পানী আইন, ১৯৯৪, ধারা ৩৪৬] নিষ্ক্রিয় (defunct) কোম্পানীর নাম নিবন্ধন বহি হইতে কাটিয়া দেওয়া — পাওনাদারের আবেদনক্রমে, আদালত যদি এই মর্মে সন্তুষ্ট হয় যে, নাম কাটিয়া দেওয়ার সময় কোম্পানীটি ব্যবসারত বা চাল","other_36_s42_p0, other_173_s2","own_search","answered","1"
"prot_0013_03","Sifat","VERIFY","বছর। আমি একটি মেয়ের সঙ্গে ফোনে কথা বলতাম। দেখাও করেছি। কথা বলতে বলতে একদিন মেয়েটা আমাকে ওর বাসায় ডেকে নিয়ে যায়। সেখানে আমাকে আটকে রাখে। জোর করে মেয়েটির সঙ্গে আমার বিয়ে দেওয়া হয়। ওখানে আমাদের কেউ ছিল না। তখন আমি ভুল ঠিকানা দিই। আর আমার বিয়ের দেনমোহর ছয় লাখ টাকা ধার্য করা হয়। বিয়ের পর তিন মাস পার হয়েছে। এখন আমার পরিবার এবং আমিও তাকে মেনে নিতে পারছি না। আর কোনো দিনও মেনে নেব না। আমার ঠিকানা ভুল দেওয়া আছে। মেয়ের বয়সও ১৮ বছর হয়নি। এখন কী করতে পারি? আর মেয়েটা কি কিছু করতে পারবে? কামাল l ১৮ বছরের নিচে মেয়ের বিবাহ প্রদান দণ্ডনীয় অপরাধ। আপনার বিয়ে কীভাবে হয়েছে, তা চিঠিতে উল্লেখ নেই। আইনগতভাবে বিবাহ হয়ে থাকলে আপনি তালাক দিতে পারেন। জোর করে বিবাহ হলে এ ব্যাপারে নিকটস্থ থানায় জিডি করে রাখতে পারেন","1. <women_children_1207_s11> [বাল্যবিবাহ নিরোধ আইন, ২০১৭, ধারা ১১] বাল্যবিবাহ নিবন্ধনের জন্য বিবাহ নিবন্ধনের শাস্তি, লাইসেন্স বাতিল — কোন বিবাহ নিবন্ধক বাল্যবিবাহ নিবন্ধন করিলে উহা হইবে একটি অপরাধ এবং তজ্জন্য তিনি অনধিক ২ (দুই) বৎসর ও অন্যূন ৬ 
2. <family_1105_s5> [হিন্দু বিবাহ নিবন্ধন আইন, ২০১২, ধারা ৫] হিন্দু বিবাহ নিবন্ধনের ক্ষেত্রে বিধি-নিষেধ — অন্য কোন আইনে যাহা কিছুই থাকুক না কেন, ২১ (একুশ) বৎসরের কম বয়স্ক কোন হিন্দু পুরুষ বা ১৮ (আঠার) বৎসরের কম বয়স
3. <tenancy_748_s25> [বাড়ী ভাড়া নিয়ন্ত্রণ আইন, ১৯৯১, ধারা ২৫] বাড়ী-মালিকের ভুল নাম বা ঠিকানা দেওয়ার দণ্ড — যদি কোন ভাড়াটিয়া ধারা ১৯ এর অধীন ভাড়া জমা করার সময় ইচ্ছাকৃতভাবে বাড়ী-মালিকের নাম বা ঠিকানা ভুল দিয়া থাকে
4. <criminal_procedure_765_s105> [রাজশাহী মহানগরী পুলিশ আইন, ১৯৯২, ধারা ১০৫] কতিপয় মামলার নিষ্পত্তি — (১) ধারা ৫৮, ৫৯, ৬২, ৬৩, ৬৬, ৭১, ৭২, ৭৩, ৭৪, ৭৬, ৮০, ৮১, ৮২, ৮৩, ৮৫, ৮৬, ৮৯, ৯৫, ৯৬, ৯৭, ৯৯ বা ১০০ এর অধীন দণ্
5. <criminal_procedure_1013_s105> [বরিশাল মহানগরী পুলিশ আইন, ২০০৯, ধারা ১০৫] কতিপয় মামলার নিষ্পত্তি — (১) ধারা ৫৮, ৫৯, ৬২, ৬৩, ৬৬, ৭১,৭২, ৭৩, ৭৪, ৭৬, ৮০, ৮১, ৮২, ৮৩, ৮৫, ৮৬, ৮৯, ৯৫, ৯৬, ৯৭, ৯৯, বা ১০০ এর অধীন দণ্
6. <other_1172_s3> [গণকর্মচারী (বিদেশি নাগরিকের সহিত বিবাহ) আইন,, ধারা ৩] বিদেশি নাগরিকের সহিত বিবাহে বাধানিষেধ — (১) উপ-ধারা (২) এর অধীন অনুমতিপ্রাপ্ত না হইলে কোন গণকর্মচারী কোন বিদেশি নাগরিককে বিবাহ করিবেন না বা বিবাহ করিব
7. <family_1105_s3> [হিন্দু বিবাহ নিবন্ধন আইন, ২০১২, ধারা ৩] হিন্দু বিবাহ নিবন্ধন — (১) অন্য কোন আইন, প্রথা ও রীতি-নীতিতে যাহা কিছুই থাকুক না কেন, হিন্দু বিবাহের দালিলিক প্রমাণ সুরক্ষার উদ্দেশ্য
8. <family_1105_s2> [হিন্দু বিবাহ নিবন্ধন আইন, ২০১২, ধারা ২] সংজ্ঞা — বিষয় বা প্রসঙ্গের পরিপন্থী কোন কিছু না থাকিলে, এই আইনে,-(ক) ‘‘হিন্দু’’ অর্থ বাংলাদেশের হিন্দু ধর্মাবলম্বী কোন
9. <criminal_procedure_1013_s106> [বরিশাল মহানগরী পুলিশ আইন, ২০০৯, ধারা ১০৬] কতিপয় ক্ষেত্রে পুলিশ কর্মকর্তার দণ্ড প্রদানের ক্ষমতা — (১) পুলিশ কমিশনার কর্তৃক সাধারণ বিজ্ঞপ্তি মারফত নির্ধারিত পদের পুলিশ কর্মকর্তা যদি দেখেন যে, ধারা ৬৭, ৬৮, ৬৯, 
10. <family_1105_s11> [হিন্দু বিবাহ নিবন্ধন আইন, ২০১২, ধারা ১১] নিবন্ধন বহি সংরক্ষণ, ইত্যাদি — (১) প্রত্যেক হিন্দু বিবাহ নিবন্ধক নির্ধারিত ফরম ও পদ্ধতিতে নিবন্ধন বহি সংরক্ষণ করিবেন।(২) প্রত্যেক হিন্দু বিবা","family_305_s7, women_children_1207_s7, family_1444_s5","own_search","answered","2"
"prot_0097_01","Sifat","VERIFY","আমাদের সমাজে অপুত্রক ব্যক্তির মৃত্যুর পর তাঁর সম্পত্তি থেকে মেয়েদের বঞ্চিত করা হয়। কেউ জীবদ্দশায় মেয়েকে সম্পত্তি দিয়ে যেতে চাইলে কী করতে হবে? কোনো জমি হস্তান্তর বা বিক্রির জন্য দলিল কি দলিল লেখক দিয়ে লেখানো বাধ্যতামূলক? এমন দলিলে কেবল গৎবাঁধা কিছু বিষয় লেখা হয়। ব্যক্তি কেন তাঁর সম্পত্তি সন্তানকে কিংবা অন্য কাউকে দান করে যেতে চান, দলিলে সে বিষয় উল্লেখ করার সুযোগ আছে কি? ব্যক্তি মারা যাওয়ার পর অনেক আলোচনা–সমালোচনা হয়। এ ধরনের বিবরণ লিপিবদ্ধ থাকলে হয়তো অন্যায় সমালোচনা অনেকাংশে কমবে","1. <other_788_s39> [কোম্পানী আইন, ১৯৯৪, ধারা ৩৯] হস্তান্তর প্রত্যয়ন — (১) কোম্পানীর শেয়ার বা ডিবেঞ্চার হস্তান্তর-দলিল কোম্পানী কর্তৃক প্রত্যয়নকৃত হইলে, তৎসম্পর্কে যে কোন ব্যক্তির
2. <other_751_s83> [ব্যাংক-কোম্পানী আইন, ১৯৯১, ধারা ৮৩] ব্যাংক-কোম্পানীর দলিল সাক্ষ্য হিসাবে গ্রহণ — (১) অবসায়নাধীন কোন ব্যাংক-কোম্পানীর হিসাব বই এবং অন্যান্য দলিলে লিপিবদ্ধ সকল বিষয় উক্ত ব্যাংক-কোম্পানীর পক্ষ
3. <other_788_s332> [কোম্পানী আইন, ১৯৯৪, ধারা ৩৩২] কাগজপত্র বিনষ্টকরণ ইত্যাদির দণ্ড — অবলুপ্ত হইতেছে এমন কোন কোম্পানীর কোন পরিচালক, ম্যানেজার, কর্মকর্তা অথবা প্রদায়ক যদি কোন ব্যক্তিকে প্রতারণা বা
4. <land_1220_s17> [স্থাবর সম্পত্তি অধিগ্রহণ ও হুকুমদখল আইন, ২০১, ধারা ১৭] অধিগ্রহণকৃত জমি বেসরকারি প্রত্যাশী ব্যক্তি বা সংস্থার নিকট হস্তান্তর — (১) কোনো বেসরকারি প্রত্যাশী ব্যক্তি বা সংস্থার অনুকূলে স্থাবর সম্পত্তি অধিগ্রহণের ক্ষেত্রে, ধারা ৪ এর অধীন নোট
5. <other_1478_s45> [ফাইন্যান্স কোম্পানি আইন, ২০২৩, ধারা ৪৫] লাইসেন্সবিহীন অর্থায়ন ব্যবসায় জড়িত ব্যক্তির সম্পদের নিয়ন্ত্রণ — (১) ধারা ৪৪ এ যাহা কিছুই থাকুক না কেন, কোনো ব্যক্তি সম্পর্কে ধারা ৪৩ অনুযায়ী কোনো ঘোষণা প্রকাশিত হইলে উক্ত ব্
6. <other_1104_s2> [পাওয়ার অব অ্যাটর্নি আইন, ২০১২, ধারা ২] সংজ্ঞা — বিষয় বা প্রসংগের পরিপন্থী কোন কিছু না থাকিলে, এই আইনে,-(১) “পাওয়ার অব অ্যাটর্নি” অর্থ এমন কোন দলিল যাহার মাধ
7. <women_children_1063_s3> [পারিবারিক সহিংসতা (প্রতিরোধ ও সুরক্ষা) আইন, , ধারা ৩] পারিবারিক সহিংসতা — - এই আইনের উদ্দেশ্য পূরণকল্পে পারিবারিক সহিংসতা বলিতে পারিবারিক সম্পর্ক রহিয়াছে এমন কোন ব্যক্তি কতৃর্ক পরিবার
8. <other_1149_s33> [পল্লী  সঞ্চয় ব্যাংক আইন, ২০১৪, ধারা ৩৩] দণ্ড, ইত্যাদি — (১) যদি কোন ব্যক্তি এই আইনের অধীন প্রার্থিত বা মঞ্জুরীকৃত কোন ঋণ বা সুবিধার জন্য ব্যাংককে প্রদত্ত কোন মালিকানা
9. <other_1138_s30> [গ্রামীণ ব্যাংক আইন, ২০১৩, ধারা ৩০] দণ্ড, ইত্যাদি — (১) যদি কোন ব্যক্তি এই আইনের অধীন প্রার্থিত বা মঞ্জুরীকৃত কোন ঋণ বা সুবিধার জন্য ব্যাংককে প্রদত্ত কোন মালিকানা
10. <land_1455_s5> [ভূমি সংস্কার আইন, ২০২৩, ধারা ৫] স্থাবর সম্পত্তির বেনামি লেনদেন — (১) কোনো ব্যক্তি নিজের উপকারার্থে কোনো স্থাবর সম্পত্তির বেনামি লেনদেন করিতে পারিবেন না।ব্যাখ্যা।-এই ধারায় ‘বে","other_48_s123, land_90_s17_p0","own_search","answered","1"
"prot_0093_01","Sifat","VERIFY","বিবাহিত জীবনে আমাদের কোনো সন্তান নেই। তাঁর সঙ্গে আমি আর সংসার করতে চাচ্ছি না। তিনিও আমার সঙ্গে থাকতে চাচ্ছেন না। কিন্তু আমাদের ধর্মমতে বিবাহবিচ্ছেদের কোনো বিধান নেই বলে জানি। এ বিষয়ে আমরা কী ধরনের আইনি পদক্ষেপ নিতে পারি?","1. <other_1482_s31> [বাংলাদেশ হোমিওপ্যাথিক চিকিৎসা শিক্ষা আইন, ২০, ধারা ৩১] ব্যবস্থাপত্রে অ-অনুমোদিত ঔষধ লিখিবার দণ্ড — (১) কোনো হোমিওপ্যাথিক চিকিৎসক হোমিওপ্যাথিক ফার্মাকোপিয়াতে অন্তর্ভুক্ত নেই এমন কোনো ঔষধ হোমিওপ্যাথিক চিকিৎসা ব
2. <other_1727_s35> [জুয়া প্রতিরোধ আইন, ২০২৬, ধারা ৩৫] ফৌজদারি কার্যবিধির প্রযোজ্যতা — এই আইনের যে সকল ক্ষেত্রে সুনির্দিষ্ট কোনো বিধান নেই সেইক্ষেত্রে অপরাধের তদন্ত, বিচার, তল্লাশি, জব্দ, গ্রেপ্তার
3. <other_1128_s35> [মাল্টি-লেভেল মার্কেটিং কার্যক্রম (নিয়ন্ত্রণ), ধারা ৩৫] এই আইনে সুনির্দিষ্টভাবে দণ্ডের উল্লেখ নেই এইরূপ কোন বিধান লংঘনের দণ্ড — কোন ব্যক্তি যদি এই আইনে সুনির্দিষ্টভাবে দণ্ডের বিধান উল্লেখ নাই এইরূপ কোন বিধান লংঘন করেন, তাহা হইলে উক্ত লংঘন
4. <other_1490_s86> [অর্থ আইন, ২০২৪, ধারা ৮৬] ২০২৩ সনের ১২ নং আইনের সপ্তম তফসিলের সংশোধন — উক্ত আইনের সপ্তম তফসিলের—(ক) অনুচ্ছেদ ১ এর-(অ) উপ-অনুচ্ছেদ (ক) তে উল্লিখিত “কোম্পানি” শব্দটির পর “, তহবিল ও ট্
5. <other_1091_s2> [পর্নোগ্রাফি নিয়ন্ত্রণ আইন, ২০১২, ধারা ২] সংজ্ঞা — বিষয় বা প্রসঙ্গের পরিপন্থী কোন কিছু না থাকিলে এই আইনে—(ক) ‘‘অপরাধ’’ অর্থ এই আইনের অধীন সংঘটিত কোন অপরাধ;(খ) ‘
6. <other_1096_s25> [বাংলাদেশ পরমাণু শক্তি নিয়ন্ত্রণ আইন, ২০১২, ধারা ২৫] আমদানি এবং রপ্তানির জন্য অনুমোদন — কর্তৃপক্ষ, এই আইনের অধীন নিউক্লীয় পদার্থ, নির্দিষ্টকৃত যন্ত্রপাতি ও অনিউক্লীয় পদার্থ, তেজস্ক্রিয় পদার্থ, এত
7. <other_1684_s28> [মানব পাচার ও অভিবাসী চোরাচালান প্রতিরোধ ও দম, ধারা ২৮] অভিযোগ দায়ের — এই আইনের অধীন কোনো অপরাধ সংঘটিত হইলে কোনো ব্যক্তি থানায় অথবা ট্রাইব্যুনালে উক্ত অপরাধ সংঘটনের অভিযোগ দায়ের ক
8. <other_1472_s39> [বাংলাদেশ পেটেন্ট আইন, ২০২৩, ধারা ৩৯] পেটেন্টপ্রাপ্ত ফার্মাসিউটিক্যাল পণ্য রপ্তানির বাধ্যতামূলক লাইসেন্স — নিম্নবর্ণিত ক্ষেত্রে ফার্মাসিউটিক্যাল পণ্য রপ্তানির জন্য বাধ্যতামূলক লাইসেন্স প্রদান করা যাইবে, যথা:-(ক) যে সক
9. <labour_1285_s33> [বাংলাদেশ ইপিজেড শ্রম আইন, ২০১৯, ধারা ৩৩] মহিলা শ্রমিকের মৃত্যুর ক্ষেত্রে প্রসূতি কল্যাণ সুবিধা প্রদান — (১) এই অধ্যায়ের অধীন প্রসূতি কল্যাণ সুবিধা পাইবার অধিকারী কোনো মহিলা শ্রমিক সন্তান প্রসবকালে অথবা উহার পরবর্ত
10. <other_812_s62> [দেউলিয়া বিষয়ক আইন, ১৯৯৭, ধারা ৬২] রহিতকরণের জন্য আবেদনকারী ব্যক্তি — কোন হস্তান্তর, অর্থ পরিশোধ, দায়বদ্ধতা বা বিচার কার্যধারার ফলাফল ধারা ৬০ বা ৬১ এর অধীনে রহিতকরণের জন্য কেবল রি","other_214_s2","own_search","answered","1"
"prot_0036_02","Sifat","VERIFY","আমার বিয়ে হয় ২০১২ সালে। এরপর আমার পরিবারে নানা ধরনের সমস্যা দেখা দেয়। আমার কোনো সন্তান নেই। বিয়েতে দেনমোহর যা ছিল বিয়ের সময় কিছু পরিশোধ করা হয়, যা কাবিনে উল্লেখ আছে। আমি আমার স্ত্রীকে তালাক দিলে আর কত টাকা ফেরত দিতে হবে। আইনের মাধ্যমে তালাক দিলে আমার কোনো সমস্যা হবে কি না। আমার স্ত্রী আমার বিরুদ্ধে আইনি ব্যবস্থা নিতে পারবে কি না? সে আমাকে মুখেমুখে অনেক বার তালাক দিয়েছে","1. <other_924_s2> [ব্যক্তি মালিকানাধীন সড়ক পরিবহন শ্রমিক কল্যাণ, ধারা ২] সংজ্ঞা — বিষয় বা প্রসঙ্গের পরিপন্থী কিছু না থাকিলে, এই আইনে-(ক) “কল্যাণ তহবিল” অর্থ ধারা ৪ এর অধীন গঠিত কল্যাণ তহবিল;(
2. <other_943_s2> [বাংলাদেশ শ্রমিক কল্যাণ ফাউন্ডেশন আইন, ২০০৬, ধারা ২] সংজ্ঞা — বিষয় বা প্রসঙ্গের পরিপন্থী কিছু না থাকিলে, এই আইনে-(ক) “অপ্রাতিষ্ঠানিক খাত” অর্থ এইরূপ বেসরকারী খাত যেখানে কর
3. <local_government_1024_s130> [স্থানীয় সরকার (পৌরসভা) আইন, ২০০৯, ধারা ১৩০] অসুবিধা দূরীকরণ — এই আইনের বিধানাবলী কার্যকর করিবার ক্ষেত্রে, কোনো অসুবিধা দেখা দিলে উক্ত অসুবিধা দূরীকরণার্থ, আদেশ দ্বারা প্রয়
4. <other_1132_s5> [পিতা-মাতার ভরণ-পোষণ আইন, ২০১৩, ধারা ৫] পিতা-মাতার ভরণ-পোষণ না করিবার দণ্ড — (১) কোন সন্তান কর্তৃক ধারা ৩ এর যে কোন উপ-ধারার বিধান কিংবা ধারা ৪ এর বিধান লংঘন অপরাধ বলিয়া গণ্য হইবে এবং উক
5. <other_912_s2> [বাংলাদেশ কর্মচারী কল্যাণ বোর্ড আইন, ২০০৪, ধারা ২] সংজ্ঞা — বিষয় বা প্রসংগের পরিপন্থী কোন কিছু না থাকিলে, এই আইনে,-(ক) “আঞ্চলিক কমিটি” অর্থ ধারা ৮ এর অধীন গঠিত বোর্ডের আ
6. <other_857_s97> [বাংলাদেশ টেলিযোগাযোগ নিয়ন্ত্রণ আইন, ২০০১, ধারা ৯৭] জরুরী পরিস্থিততে সরকারের অগ্রাধিকার — (১) যুদ্ধ চলাকালে বা কোন বিদেশী শক্তি বাংলাদেশের বিরুদ্ধে যুদ্ধাবস্থা সৃষ্টি করিলে বা আভ্যন্তরীণ বিদ্রোহ বা নৈ
7. <criminal_procedure_1013_s106> [বরিশাল মহানগরী পুলিশ আইন, ২০০৯, ধারা ১০৬] কতিপয় ক্ষেত্রে পুলিশ কর্মকর্তার দণ্ড প্রদানের ক্ষমতা — (১) পুলিশ কমিশনার কর্তৃক সাধারণ বিজ্ঞপ্তি মারফত নির্ধারিত পদের পুলিশ কর্মকর্তা যদি দেখেন যে, ধারা ৬৭, ৬৮, ৬৯, 
8. <criminal_procedure_1012_s106> [সিলেট মহানগরী পুলিশ আইন, ২০০৯, ধারা ১০৬] কতিপয় ক্ষেত্রে পুলিশ কর্মকর্তার দন্ড দেওয়ার ক্ষমতা — (১) পুলিশ কমিশনার কর্তৃক সাধারণ বিজ্ঞপ্তি মারফত নির্ধারিত পদের পুলিশ কর্মকর্তা যদি দেখেন যে, ধারা ৬৭, ৬৮, ৬৯, 
9. <labour_1285_s33> [বাংলাদেশ ইপিজেড শ্রম আইন, ২০১৯, ধারা ৩৩] মহিলা শ্রমিকের মৃত্যুর ক্ষেত্রে প্রসূতি কল্যাণ সুবিধা প্রদান — (১) এই অধ্যায়ের অধীন প্রসূতি কল্যাণ সুবিধা পাইবার অধিকারী কোনো মহিলা শ্রমিক সন্তান প্রসবকালে অথবা উহার পরবর্ত
10. <labour_952_s32> [বাংলাদেশ শ্রম আইন, ২০০৬, ধারা ৩২] বাসস্থান হইতে উচ্ছেদ — (১) কোন শ্রমিকের চাকুরীর অবসান হইলে, তাহা যে কোন প্রকারেই হউক না কেন, তিনি তাহার চাকুরীর অবসানের ষাট দিনের মধ্","family_305_s7, family_305_s10, family_305_s8","own_search","answered","2"
"prot_0083_01","Sifat","VERIFY","পরিবারের প্রধান মা-বাবা চার ছেলে ও তিন মেয়ে রেখে মারা যান। পরবর্তী সময়ে বড় ছেলেও মারা যায়। মায়ের নামে ছয় কাঠা জমির ওপর একটি মার্কেট আছে। মা মারা যাওয়ার আগে ওই মার্কেট দুই ছেলের নামে লিখে দেন এওয়াজ বদল দলিলে। মায়ের নামে ছেলেরা যে এওয়াজ বদলে জমি দেয়, সেই জমি মা ছেলেমেয়েদের গৃহশিক্ষকের নামে আমমোক্তার করে দেন তাঁর অজান্তে। এই দলিল সম্পর্কে ওই শিক্ষক কিছুই জানতেন না এবং তিনি জমিটি দান, বিক্রি বা ভোগদখল কিছুই করেননি। ওই জমি ছেলেমেয়েদের দখলে আছে। মা মারা যাওয়ার পর আমমোক্তারনামা দলিল আইনত বাতিল হয়ে গেছে।ছোট মেয়ে তাদের পারিবারিক কলহের কারণে যে দুই ভাই মায়ের সঙ্গে এওয়াজ বদল দলিল করেছেন, সেই দুই ভাই এবং ওই গৃহশিক্ষকের বিরুদ্ধে মামলা করেছে। এ মামলায় শিক্ষকের কী করণীয়?নাম প্রকাশে অনিচ্ছুক","1. <other_1725_s21_p29> [অর্থ আইন, ২০২৬, ধারা ২১] ২০১২ সনের ৪৭ নং আইনের দ্বিতীয় তফসিলের সংশোধন — ডলার পর্যন্ত ৪৫ (ঘ) মূল্যসীমা ১০০০০০ মা. ডলার এর ঊর্ধ্ব হইতে ২০০০০০ মা. ডলার পর্যন্ত ৬০ (ঙ) মূল্যসীমা ২০০০০০ ম
2. <other_721_s7> [বাংলাদেশ ঋণ সালিসি আইন, ১৯৮৯, ধারা ৭] কতিপয় বিক্রয় বাতিল — (১) এই আইন বলবত্ হইবার পর অনধিক দুই একর কৃষি জমির মালিক কোন কৃষক প্রাকৃতিক দুর্যোগে তগতিগ্রস্ত হওয়ার বা জীবন 
3. <other_1412_s6_p0> [বেসরকারি মেডিকেল কলেজ ও ডেন্টাল কলেজ আইন, ২০, ধারা ৬] বেসরকারি মেডিকেল কলেজ বা ডেন্টাল কলেজ স্থাপনের শর্তাবলি — এই আইনের অধীন বেসরকারি মেডিকেল কলেজ বা ডেন্টাল কলেজ স্থাপনের লক্ষ্যে নিম্নবর্ণিত শর্তাবলি পূরণ করিতে হইবে, যথা
4. <other_1124_s7> [মাতৃদুগ্ধ বিকল্প, শিশু খাদ্য, বাণিজ্যিকভাবে , ধারা ৭] শিক্ষামূলক বা অন্যান্য তথ্যাদি — জন্ম-পূর্ববর্তী বা জন্ম-পরবর্তী সেবা দানের উদ্দেশ্যে কোন গর্ভবতী মহিলা বা মাতৃদুগ্ধদানকারী বা শিশুর মায়েদের স
5. <other_822_s10> [পার্বত্য চট্টগ্রাম আঞ্চলিক পরিষদ আইন, ১৯৯৮, ধারা ১০] সম্পত্তি সম্পর্কিত ঘোষণা — চেয়ারম্যান ও প্রত্যেক সদস্য তাহার কার্যভার গ্রহণের পূর্বে তাহার এবং তাঁহার পরিবারের কোন সদস্যের স্বত্ব, দখল ব
6. <other_724_s64> [রাংগামাটি পার্বত্য জেলা পরিষদ আইন, ১৯৮৯, ধারা ৬৪] (১) আপাততঃ বলবত্ অন্য কোন আইনে যাহা কিছুই থাকুক না কেন-(ক) রাংগামাটি পার্বত্য জেলার এলাকাধীন বন্দোবস্তযোগ্য খা
7. <other_725_s64> [খাগড়াছড়ি পার্বত্য জেলা পরিষদ আইন, ১৯৮৯, ধারা ৬৪] (১) আপাততঃ বলবত্ অন্য কোন আইনে যাহা কিছুই থাকুক না কেন-(ক) খাগড়াছড়ি পার্বত্য জেলার এলাকাধীন বন্দোবস্তযোগ্য খ
8. <other_726_s64> [বান্দরবান পার্বত্য জেলা পরিষদ আইন, ১৯৮৯, ধারা ৬৪] (১) আপাততঃ বলবত্ অন্য কোন আইনে যাহা কিছুই থাকুক না কেন-(ক) বান্দরবন পার্বত্য জেলার এলাকাধীন বন্দোবস্তযোগ্য খাস
9. <land_1455_s10> [ভূমি সংস্কার আইন, ২০২৩, ধারা ১০] বর্গাদারের মৃত্যুর পর বর্গাভূমির চাষ — (১) কোনো বর্গাদার বর্গাচুক্তির মেয়াদ শেষ হইবার পূর্বে মারা গেলে, উহার মেয়াদ শেষ না হওয়া পর্যন্ত অথবা এই আইন
10. <local_government_1027_s41> [স্থানীয় সরকার (ইউনিয়ন পরিষদ) আইন, ২০০৯, ধারা ৪১] সম্পত্তি সম্পর্কিত ঘোষণা — চেয়ারম্যান ও সদস্য তাঁহার কার্যভার গ্রহণের পূর্বে তাঁহার এবং তাঁহার পরিবারের কোন সদস্যের স্বত্ব, দখল বা স্বার","other_26_s201, other_1104_s11","own_search","answered","2"
"ajke_0144_01","Sifat","VERIFY","আমার স্বামী ডিভোর্স লেটার দিয়েছে ১ মাস আগে। সেখানে ‘তিন তালাক এ বাইন’ লেখা ছিল। এতে আইন অনুযায়ী কি আমাদের তালাক হয়ে গেছে?","1. <other_943_s2> [বাংলাদেশ শ্রমিক কল্যাণ ফাউন্ডেশন আইন, ২০০৬, ধারা ২] সংজ্ঞা — বিষয় বা প্রসঙ্গের পরিপন্থী কিছু না থাকিলে, এই আইনে-(ক) “অপ্রাতিষ্ঠানিক খাত” অর্থ এইরূপ বেসরকারী খাত যেখানে কর
2. <other_924_s2> [ব্যক্তি মালিকানাধীন সড়ক পরিবহন শ্রমিক কল্যাণ, ধারা ২] সংজ্ঞা — বিষয় বা প্রসঙ্গের পরিপন্থী কিছু না থাকিলে, এই আইনে-(ক) “কল্যাণ তহবিল” অর্থ ধারা ৪ এর অধীন গঠিত কল্যাণ তহবিল;(
3. <other_912_s2> [বাংলাদেশ কর্মচারী কল্যাণ বোর্ড আইন, ২০০৪, ধারা ২] সংজ্ঞা — বিষয় বা প্রসংগের পরিপন্থী কোন কিছু না থাকিলে, এই আইনে,-(ক) “আঞ্চলিক কমিটি” অর্থ ধারা ৮ এর অধীন গঠিত বোর্ডের আ
4. <other_1132_s5> [পিতা-মাতার ভরণ-পোষণ আইন, ২০১৩, ধারা ৫] পিতা-মাতার ভরণ-পোষণ না করিবার দণ্ড — (১) কোন সন্তান কর্তৃক ধারা ৩ এর যে কোন উপ-ধারার বিধান কিংবা ধারা ৪ এর বিধান লংঘন অপরাধ বলিয়া গণ্য হইবে এবং উক
5. <labour_952_s4> [বাংলাদেশ শ্রম আইন, ২০০৬, ধারা ৪] শ্রমিকগণের শ্রেণী বিভাগ এবং শিক্ষানবিশীকাল — (১) কাজের ধরন ও প্রকৃতির ভিত্তিতে কোন প্রতিষ্ঠানে নিয়োজিত শ্রমিকগণকে নিম্নলিখিত শ্রেণীতে বিভক্ত করা যাইবে, যথ
6. <other_713_s6> [অস্থাবর সম্পত্তি হুকুমদখল আইন, ১৯৮৮, ধারা ৬] দণ্ড — কোন ব্যক্তি এই আইন বা বিধির অধীন প্রদত্ত কোন আদেশ লংঘন করিলে, বা লংঘনের চেষ্টা করিলে, বা উক্ত আদেশ কার্যকর করা
7. <other_1096_s53_p1> [বাংলাদেশ পরমাণু শক্তি নিয়ন্ত্রণ আইন, ২০১২, ধারা ৫৩] অপরাধ ও দণ্ড — পুনরাবৃত্তি ঘটাইলে তিনি অন্যূন ০১ (এক) বৎসর হইতে অনধিক ০৫ (পাঁচ) বৎসরের সশ্রম কারাদণ্ড বা অন্যূন ১০ (দশ) লক্ষ 
8. <other_1009_s33> [সন্ত্রাস বিরোধী আইন, ২০০৯, ধারা ৩৩] বিশেষ ট্রাইব্যুনাল কর্তৃক মামলা নিষ্পত্তির নির্ধারিত সময়সীমা — (১) বিশেষ ট্রাইব্যুনালের বিচারক মামলার64[অভিযোগ গঠন (Charge frame) এর] তারিখ হইতে ছয় মাসের মধ্যে মামলার বিচার
9. <other_1246_s203> [ক্যান্টনমেন্ট আইন, ২০১৮, ধারা ২০৩] অভিযুক্তকরণের সীমাবদ্ধতা — (১) এই আইন বা উহার অধীন কোনো অপরাধ সংঘটিত হইবার ৬ (ছয়) মাস অতিক্রান্ত হইবার পর তৎসম্পর্কে কোনো অভিযোগ বা মামল
10. <labour_952_s306> [বাংলাদেশ শ্রম আইন, ২০০৬, ধারা ৩০৬] বাধা প্রদানের দণ্ড — (১) কোন ব্যক্তি এই আইন বা বিধি, প্রবিধান বা স্কীমের অধীন দায়িত্ব পালনরত কোন কর্মকর্তাকে উহার অধীন তাহার দায়ি","family_305_s7","own_search","answered","3"
"prot_0000_05","Sifat","VERIFY","আমার মা ১০ বছর আগে একটা মামলার শিকার হন সিরাজগঞ্জে। আমাদের বাসা রংপুরে হওয়ায় এবং তিনি নারী বলে এত দূর নির্দিষ্ট তারিখগুলোতে যেতে পারেননি। একপর্যায়ে মামলার পরোয়ানা জারি হয়। যিনি উকিলের সহকারী ছিলেন, তিনি মোটা অঙ্কের টাকা দাবি করে মামলার কাজ করতে চান। সামর্থ্য না থাকায় আমরা তা দিতে পারিনি। ফলে আমার মা ১০ বছর ধরে পলাতক আছেন। আর সেই উকিল বা তাঁর সহকারী কোনো রকম সহযোগিতা করতে বা কাগজপত্র দিতে রাজি নয়। আমরা কী করতে পারি? আল-অয়ন রাসেল","1. <other_812_s37> [দেউলিয়া বিষয়ক আইন, ১৯৯৭, ধারা ৩৭] ঘোষণাদেশের পর গ্রেফতারের ক্ষমতা — দেউলিয়া ঘোষণাদেশ প্রদানের পর পাওনাদার কমিটি বা রিসিভার বা কোন পাওনাদারের আবেদনক্রমে, আদালতের যদি এইরূপ বিশ্বা
2. <other_857_s77_p2> [বাংলাদেশ টেলিযোগাযোগ নিয়ন্ত্রণ আইন, ২০০১, ধারা ৭৭] পারিবে।(৬) ম্যাজিস্ট্রেট আদালতের তলব অনুসারে উপস্থিত কোন মামলার সাক্ষীকে তাহার সাক্ষ্য গ্রহণ ব্যতিরেকে ফেরত দে
3. <labour_952_s216_p1> [বাংলাদেশ শ্রম আইন, ২০০৬, ধারা ২১৬] অপরাধ বিচার ছাড়া অন্য কোন বিষয়ে শ্রম আদালতের ক্ষমতা ওকার্যক্রম — বা আপত্তি পেশ করিতে ব্যর্থ হয়, তাহা হইলে মামলাটি একতরফা শুনানীক্রমে নিষ্পত্তি করা হইবে।(৬) কোন পক্ষের আবেদনক্
4. <other_1061_s14_p1> [পরিবেশ আদালত আইন, ২০১০, ধারা ১৪] পরিবেশ আদালতের কার্যপদ্ধতি ও ক্ষমতা — পরিবেশ আদালত কর্তৃক বিচার্য হইবে।(৬) ক্ষতিপূরণ সংক্রান্ত মামলা বিচার ও নিষ্পত্তির ক্ষেত্রে এই আইনের বিধান সাপে
5. <other_1725_s21_p28> [অর্থ আইন, ২০২৬, ধারা ২১] ২০১২ সনের ৪৭ নং আইনের দ্বিতীয় তফসিলের সংশোধন — তৈরি হাইব্রিড মোটর গাড়ী ও অন্যান্য মোটরযান, স্টেশন ওয়াগনসহ (এ্যাম্বুলেন্স ব্যতীত): (ক) সিলিন্ডার ক্যাপাসিটি 
6. <other_1715_s37> [বন্যপ্রাণী (সংরক্ষণ ও নিরাপত্তা) আইন, ২০২৬, ধারা ৩৭] পরোয়ানা ব্যতীত গ্রেফতারের ক্ষমতা — (১) অন্য কোনো আইনে যাহা কিছুই থাকুক না কেন, আমলযোগ্য অপরাধের সহিত কোনো ব্যক্তি জড়িত আছেন বলিয়া সন্দেহের যুক্
7. <family_938_s17> [গ্রাম আদালত আইন, ২০০৬, ধারা ১৭] পুলিশ কর্তৃক তদন্ত — এই আইনে যাহা কিছুই থাকুক না কেন, কোন মামলার বিষয়বস্তু তফসিলের প্রথম অংশে বর্ণিত অপরাধ সম্পর্কিত হওয়ার কারণে 
8. <other_841_s76> [জেলা পরিষদ আইন, ২০০০, ধারা ৭৬] পরিষদের পক্ষে ও বিরুদ্ধে মামলা — (১) পরিষদের বিরুদ্ধে বা পরিষদ সংক্রান্ত কোন কাজের জন্য উহার কোন সদস্য বা কর্মকর্তা বা কর্মচারীর বিরুদ্ধে কোন ম
9. <other_726_s71> [বান্দরবান পার্বত্য জেলা পরিষদ আইন, ১৯৮৯, ধারা ৭১] পরিষদের পক্ষে ও বিপক্ষে মামলা — (১) পরিষদের বিরুদ্ধে বা পরিষদ সংক্রান্ত কোন কাজের জন্য উহার কোন সদস্য বা কর্মকর্তা বা কর্মচারীর বিরুদ্ধে কোন ম
10. <other_725_s71> [খাগড়াছড়ি পার্বত্য জেলা পরিষদ আইন, ১৯৮৯, ধারা ৭১] পরিষদের পক্ষে ও বিপক্ষে মামলা — (১) পরিষদের বিরুদ্ধে বা পরিষদ সংক্রান্ত কোন কাজের জন্য উহার কোন সদস্য বা কর্মকর্তা বা কর্মচারীর বিরুদ্ধে কোন ম","criminal_procedure_75_s497, criminal_procedure_75_s548, other_387_s32","own_search","answered","1"
"prot_0114_03","Sifat","VERIFY","যত দিন পর্যন্ত আপনার ছেলে নিজে সাবালক না হবে এবং উপার্জন করতে না পারবে কিংবা সক্ষম না হবে কোনো কাজ করার, তত দিন পর্যন্ত তার ভরণপোষণের খরচ তার বাবাকে দিতে হবে। সে ক্ষেত্রে তিনি যদি ভরণপোষণের খরচ দিতে না চান, তাহলে তাঁর বিরুদ্ধে মামলা করতে পারেন পারিবারিক আদালতে। আইন অনুযায়ী সাত বছর পর্যন্ত ছেলেসন্তান মায়ের কাছে থাকবে। তবে আদালতে প্রতিকার চাইলে আদালত সন্তানের কল্যাণের কথা বিবেচনা করে সাত বছর বয়সের পরও মায়ের কাছে থাকার আদেশ দিতে পারেন।অবৈধভাবে কিডনি বিক্রির শাস্তি কী?","1. <other_812_s80> [দেউলিয়া বিষয়ক আইন, ১৯৯৭, ধারা ৮০] বণ্টনযোগ্য সম্পদের জন্য মামলা দায়ের নিষিদ্ধ — (১) বণ্টনযোগ্য সম্পদের দাবীতে অন্য কোন আদালতে কোন স্বতন্ত্র মামলা দায়ের করা চলিবে না, তবে এই আইনের অধীন এখ্তি
2. <women_children_835_s13> [নারী ও শিশু নির্যাতন দমন আইন, ২০০০, ধারা ১৩] (১) অন্য কোন আইনে ভিন্নতর যাহা কিছুই থাকুক না কেন, ধর্ষণের কারণে কোন সন্তান জন্মলাভ করিলে-(ক) উক্ত সন্তানকে তা
3. <other_788_s278> [কোম্পানী আইন, ১৯৯৪, ধারা ২৭৮] কোম্পানীর সম্পত্তির দখলদার হিসাবে সন্দেহভাজন ও অন্যান্য ব্যক্তির উপর সমনজারীর ক্ষমতা — (১) কোম্পানীর অবলুপ্তির আদেশদানের পর, যদি উহার কোন কর্মকর্তা কিংবা অন্য কোন ব্যক্তি, যাহার নিকট কোম্পানীর কোন 
4. <other_788_s395> [কোম্পানী আইন, ১৯৯৪, ধারা ৩৯৫] সীমিতদায় কোম্পানীকে মামলার খরচের জন্য জামানত দেওয়ার নির্দেশদানের ক্তমতা — যেক্ষেত্রে কোন মামলা বা অন্য কোন আইনগত কার্যধারায় কোন সীমিতদায় কোম্পানী বাদী বা আবেদনকারী হয়, সেক্ষেত্রে যদ
5. <labour_952_s216_p1> [বাংলাদেশ শ্রম আইন, ২০০৬, ধারা ২১৬] অপরাধ বিচার ছাড়া অন্য কোন বিষয়ে শ্রম আদালতের ক্ষমতা ওকার্যক্রম — বা আপত্তি পেশ করিতে ব্যর্থ হয়, তাহা হইলে মামলাটি একতরফা শুনানীক্রমে নিষ্পত্তি করা হইবে।(৬) কোন পক্ষের আবেদনক্
6. <other_841_s76> [জেলা পরিষদ আইন, ২০০০, ধারা ৭৬] পরিষদের পক্ষে ও বিরুদ্ধে মামলা — (১) পরিষদের বিরুদ্ধে বা পরিষদ সংক্রান্ত কোন কাজের জন্য উহার কোন সদস্য বা কর্মকর্তা বা কর্মচারীর বিরুদ্ধে কোন ম
7. <other_812_s83> [দেউলিয়া বিষয়ক আইন, ১৯৯৭, ধারা ৮৩] রিসিভারের আদেশ ইত্যাদির বিরুদ্ধে আবেদন — যদি দেনাদার বা কোন পাওনাদার বা অন্য কোন ব্যক্তি রিসিভারের কোন আদেশ, সিদ্ধান্ত বা কাজের ফলে সংক্ষুদ্ধ হন, তাহা 
8. <other_726_s71> [বান্দরবান পার্বত্য জেলা পরিষদ আইন, ১৯৮৯, ধারা ৭১] পরিষদের পক্ষে ও বিপক্ষে মামলা — (১) পরিষদের বিরুদ্ধে বা পরিষদ সংক্রান্ত কোন কাজের জন্য উহার কোন সদস্য বা কর্মকর্তা বা কর্মচারীর বিরুদ্ধে কোন ম
9. <local_government_827_s66> [উপজেলা পরিষদ আইন, ১৯৯৮, ধারা ৬৬] পরিষদের পক্ষে ও বিপক্ষে মামলা — (১) পরিষদের বিরুদ্ধে বা পরিষদ সংক্রান্ত কোন কাজের সূত্রে উহার কোন সদস্য বা কর্মকর্তা বা কর্মচারীর বিরুদ্ধে মাম
10. <other_1133_s11> [নির্যাতন এবং হেফাজতে মৃত্যু (নিবারণ) আইন, ২০, ধারা ১১] নিরাপত্তা বিধান — (১) অভিযোগকারী কোনো ব্যক্তি এই আইনে অভিযুক্ত কোনো ব্যক্তির বিরুদ্ধে নিরাপত্তা বিধানকল্পে দায়রা জজ আদালতে পিটি","other_1682_s19, other_1682_s18","own_search","answered","2"
"prot_0107_03","Sifat","VERIFY","আমি সমাজের সবচেয়ে হতাশাগ্রস্ত একজন যুবকে পরিণত হয়েছি। ছোটবেলা থেকে আমার স্বপ্ন ছিল, সরকারি চাকরি করব। আজ কৃষি ডিপ্লোমার সামান্য একটি সনদ হাতে। আমি তো কোনো দোষ করিনি। তবে কেন মামলার আসামি হলাম?","1. <other_1181_s23> [বাংলাদেশ কোস্ট গার্ড আইন, ২০১৬, ধারা ২৩] চাকরি অবসানের সনদ — কোন জুনিয়র কর্মকর্তা অথবা তালিকাভুক্ত অন্যান্য কোস্ট গার্ড সদস্যকে চাকরি হইতে বরখাস্ত, অপসারণ, অব্যাহতি বা অব
2. <other_1153_s14> [উপানুষ্ঠানিক শিক্ষা আইন, ২০১৪, ধারা ১৪] সরকারি বেসরকারি অংশীদারিত্ব — উপানুষ্ঠানিক শিক্ষা কার্যক্রমে সরকারি, বেসরকারি সংস্থা, প্রতিষ্ঠান এবং সমাজের শিক্ষানুরাগী ব্যক্তিগণকে সম্পৃক্
3. <other_1271_s43> [সরকারি চাকরি আইন, ২০১৮, ধারা ৪৩] সরকারি কর্মচারীর অবসর গ্রহণ — (১) এই আইনের অন্যান্য বিধান সাপেক্ষে,-(ক) একজন সরকারি কর্মচারী তাহার বয়স ৫৯ (ঊনষাট) বৎসর পূর্তিতে, এবং(খ) একজ
4. <criminal_procedure_1239_s8> [রংপুর মহানগরী পুলিশ আইন, ২০১৮, ধারা ৮] অধস্তন — (১) বাহিনীতে সরকার কর্তৃক নির্ধারিত সংখ্যক পুলিশ পরিদর্শক এবং অন্যান্য অধস্তন পুলিশ অফিসার থাকিবে।(২) মহা-পুলি
5. <criminal_procedure_1238_s8> [গাজীপুর মহানগরী পুলিশ আইন, ২০১৮, ধারা ৮] অধস্তন পুলিশ অফিসার নিয়োগ — (১) বাহিনীতে সরকার কর্তৃক নির্ধারিত সংখ্যক পুলিশ পরিদর্শক এবং অন্যান্য অধস্তন পুলিশ অফিসার থাকিবে।(২) মহা-পুলি
6. <other_1271_s21> [সরকারি চাকরি আইন, ২০১৮, ধারা ২১] চাকরি বহি, চাকরি-বৃত্তান্ত, ইত্যাদি — সরকার বা উপযুক্ত কর্তৃপক্ষ, উহার প্রশাসনিক নিয়ন্ত্রণাধীন সরকারি কর্মচারীর চাকরি জীবনের গুরুত্বপূর্ণ তথ্যাদি অ
7. <consumer_1452_s36> [কপিরাইট আইন, ২০২৩, ধারা ৩৬] লোকজ্ঞান ও লোকসংস্কৃতির অধিকার সুরক্ষায় করণীয় — (১) লোকজ্ঞান ও লোকসংস্কৃতির বাণিজ্যিক বা অবাণিজ্যিক ব্যবহারের পূর্বে উৎস সমাজের বা, প্রযোজ্য ক্ষেত্রে, উহার পর
8. <other_1271_s44> [সরকারি চাকরি আইন, ২০১৮, ধারা ৪৪] ঐচ্ছিক অবসর গ্রহণ — (১) চাকরির মেয়াদ ২৫ (পঁচিশ) বৎসর পূর্ণ হইবার পর যে কোনো সময় একজন সরকারি কর্মচারী অবসর গ্রহণের অভিপ্রেত তারিখ
9. <other_1219_s7> [বাংলাদেশ ধান গবেষণা ইনস্টিটিউট আইন, ২০১৭, ধারা ৭] বোর্ড গঠন — (১) নিম্নবর্ণিত সদস্য সমন্বয়ে ইনস্টিটিউটের বোর্ড গঠিত হইবে, যথা:-(ক) মহাপরিচালক, যিনি বোর্ডের চেয়ারম্যানও হই
10. <other_1341_s5> [হবিগঞ্জ কৃষি বিশ্ববিদ্যালয় আইন, ২০২০, ধারা ৫] বিশ্ববিদ্যালয়ের ক্ষমতা — এই আইনের বিধান সাপেক্ষে, বিশ্ববিদ্যালয়ের নিম্নবর্ণিত ক্ষমতা থাকিবে, যথা :¾(ক) কৃষি বিজ্ঞানের বিভিন্ন বিষয়ে স","unanswerable","none","unanswerable","2"
"prot_0035_01","Sifat","VERIFY","আমি একজন গৃহিণী এবং তিন সন্তানের মা। আমার স্বামী আমাকে না জানিয়ে ঢাকায় বিয়ে করেছেন। এখন আমাদের ভরণপোষণ দেওয়া বন্ধ করে দিয়েছেন। আমি গ্রামের চেয়ারম্যানকে বিষয়টি জানালে তিনি আমাদের স্বামী-স্ত্রীর সই একটি সাদা স্ট্যাম্পে রেখে তিন মাস পর সিদ্ধান্ত নেবেন বলে জানিয়েছেন। এখন আমার কী করা উচিত?","1. <other_1429_s31> [আয়কর আইন, ২০২৩, ধারা ৩১] আয় একীভূতকরণ — (১) এই আইনে ভিন্নরূপ কিছু না থাকিলে, নিম্নবর্ণিত আয়সমূহ কোনো ব্যক্তির মোট আয়ের অন্তর্ভুক্ত হইবে, যথা:-(ক) উক
2. <other_1132_s5> [পিতা-মাতার ভরণ-পোষণ আইন, ২০১৩, ধারা ৫] পিতা-মাতার ভরণ-পোষণ না করিবার দণ্ড — (১) কোন সন্তান কর্তৃক ধারা ৩ এর যে কোন উপ-ধারার বিধান কিংবা ধারা ৪ এর বিধান লংঘন অপরাধ বলিয়া গণ্য হইবে এবং উক
3. <other_857_s11> [বাংলাদেশ টেলিযোগাযোগ নিয়ন্ত্রণ আইন, ২০০১, ধারা ১১] পরিবারের সদস্যের কতিপয় স্বার্থ সম্পর্কে কমিশনারের দায়িত্ব — (১) কোন কমিশনারের পরিবারের কোন সদস্য যদি ধারা ১০(২)(ছ)- েত উলিস্্নখিত স্বার্থ অর্জন বা ধারণ করেন, তাহা হইলে তি
4. <labour_952_s98> [বাংলাদেশ শ্রম আইন, ২০০৬, ধারা ৯৮] সংবাদপত্র শ্রমিকের জন্য চিকিৎসা পরিচর্যা — প্রত্যেক সংবাদপত্র শ্রমিক এবং তাহার উপর নির্ভরশীলগণ সংবাদপত্র প্রতিষ্ঠানের খরচে বিধি দ্বারা নির্ধারিত পন্থায় 
5. <other_1485_s9> [বাংলাদেশ পুলিশ কল্যাণ তহবিল আইন, ২০২৩, ধারা ৯] মৃত্যু এবং অক্ষমতাজনিত কারণে এককালীন এবং মাসিক কল্যাণ অনুদান — (১) কোনো কর্মচারী বা তাহার মৃত্যু হইলে তাহার স্ত্রী বা, ক্ষেত্রমত, স্বামী, বিধি দ্বারা নির্ধারিত পদ্ধতিতে, নিম
6. <women_children_835_s13> [নারী ও শিশু নির্যাতন দমন আইন, ২০০০, ধারা ১৩] (১) অন্য কোন আইনে ভিন্নতর যাহা কিছুই থাকুক না কেন, ধর্ষণের কারণে কোন সন্তান জন্মলাভ করিলে-(ক) উক্ত সন্তানকে তা
7. <labour_952_s7> [বাংলাদেশ শ্রম আইন, ২০০৬, ধারা ৭] সার্ভিস বইয়ের ফরম — (১) সার্ভিস বই বিধি দ্বারা নির্ধারিত মাপে ও ফরমে রৰিত হইবে, এবং উহাতে শ্রমিকের একটি ফটো সংযোজিত থাকিবে।(২) সার
8. <labour_952_s13> [বাংলাদেশ শ্রম আইন, ২০০৬, ধারা ১৩] প্রতিষ্ঠান বন্ধ রাখা — (১) কোন প্রতিষ্ঠানের কোন শাখা বা বিভাগে বে-আইনী ধর্মঘটের কারণে মালিক উক্ত শাখা বা প্রতিষ্ঠান আংশিক বা সম্পূর্ণ
9. <other_914_s15> [দুর্নীতি দমন কমিশন আইন, ২০০৪, ধারা ১৫] কমিশনের সিদ্ধান্ত — (১) কমিশনের সকল সিদ্ধান্ত উহার সভায় গৃহীত হইতে হইবে।(২) কমিশন-(ক) উহার দায়িত্ব পালনের জন্য কমিশনের সভায় নিয
10. <labour_1285_s12> [বাংলাদেশ ইপিজেড শ্রম আইন, ২০১৯, ধারা ১২] প্রতিষ্ঠান বন্ধ রাখা — (১) কোনো প্রতিষ্ঠানের কোনো শাখা বা বিভাগে বে-আইনী ধর্মঘটের কারণে, কর্তৃপক্ষের পূর্বানুমোদনক্রমে, মালিক উক্ত শা","family_305_s6, family_305_s9","own_search","answered","2"
"prot_0068_01","Sifat","VERIFY","আমার বাবা ও চাচা দুই ভাই। আমার দাদি জীবিত থাকা অবস্থায় বাবা ও চাচা মারা যান। এর আরও ২০ বছর পর আমার দাদি মারা যান। মারা যাওয়ার সময় আমার দাদির অনেক পৈতৃক সম্পত্তি তাঁর নামে ছিল। তাঁর কোনো ভাইবোন জীবিত নেই। মারা যাওয়ার আগ পর্যন্ত দাদি আমার চাচি ও চাচাতো ভাইদের সঙ্গে থাকতেন। দাদি মারা যাওয়ার দুই বছর পর চাচি বলেন, দাদি তাঁর সব সম্পত্তি তাঁকে টিপসই দিয়ে নিবন্ধন করে দানপত্র করে গেছেন এবং সেই হিসেবে ওই সম্পত্তি বর্তমানে সিডিএ অধিগ্রহণ করায় ওই সম্পত্তির মূল্য বাবদ তাঁরা টাকাও বুঝে নিয়েছেন। আমার প্রশ্ন হলো, আমার দাদি কি কোনো নাতি-নাতনি ছাড়া শুধু তাঁর এক পুত্রবধূকে (চাচি) সব সম্পত্তি দানপত্র করতে পারেন? এটা কি আইনত বৈধ? এ ব্যাপারে আমার বাবার ওয়ারিশ হিসেবে আমরা কি এর দাবিদার হয়ে কোনো মামলা করতে পারব? করতে পারলে চট্টগ্রামের কোথায় মামলা করা যাবে","1. <other_1349_s2> [আকাশপথে পরিবহণ (মন্ট্রিল কনভেনশন) আইন, ২০২০, ধারা ২] বিষয়বাপ্রসঙ্গেরপরিপন্থিকোনোকিছুনাথাকিলে,এইআইনে-(ক)‘অভ্যন্তরীণপরিবহণ’অর্থআকাশপথে পরিবহণেপক্ষসমূহেরমধ্যেসম্পাদি
2. <other_1682_s2_p0> [মানবদেহে অঙ্গ-প্রত্যঙ্গ সংযোজন আইন, ২০২৬, ধারা ২] সংজ্ঞা — বিষয় বা প্রসঙ্গের পরিপন্থি কোনো কিছু না থাকিলে, এই আইনে- (১) “অঙ্গ-প্রত্যঙ্গ” অর্থ মানবদেহের কিডনি, হৃৎপিণ্ড,
3. <land_1455_s10> [ভূমি সংস্কার আইন, ২০২৩, ধারা ১০] বর্গাদারের মৃত্যুর পর বর্গাভূমির চাষ — (১) কোনো বর্গাদার বর্গাচুক্তির মেয়াদ শেষ হইবার পূর্বে মারা গেলে, উহার মেয়াদ শেষ না হওয়া পর্যন্ত অথবা এই আইন
4. <consumer_1010_s92> [ট্রেডমার্ক আইন, ২০০৯, ধারা ৯২] মামলার কোন পক্ষের মৃত্যু — যদি এই আইনের অধীন কোন কার্যধারা বিচারাধীন থাকা অবস্থায় কোন পক্ষ মারা যান, তাহা হইলে নিবন্ধক সংশ্লিষ্ট কোন পক্
5. <other_1156_s25> [মেট্রোরেল আইন, ২০১৫, ধারা ২৫] ক্ষতিপূরণ প্রদান — মেট্রোরেল পরিচালনাকালে উহা হইতে উদ্ভূত দুর্ঘটনার ফলে যদি কোন ব্যক্তি আঘাতপ্রাপ্ত বা ক্ষতিগ্রস্ত হন বা আঘাতপ্রা
6. <other_1201_s27> [বাস র‍্যাপিড ট্রানজিট (বিআরটি) আইন, ২০১৬, ধারা ২৭] ক্ষতিপূরণ প্রদান — বিআরটি পরিচালনাকালে উহা হইতে উদ্ভূত দুর্ঘটনার ফলে যদি কোনো ব্যক্তি আঘাতপ্রাপ্ত বা ক্ষতিগ্রস্ত হন বা আঘাতপ্রাপ্
7. <labour_952_s49> [বাংলাদেশ শ্রম আইন, ২০০৬, ধারা ৪৯] 1 [***] মৃত্যুর ক্ষেত্রে প্রসূতি কল্যাণ সুবিধা প্রদান — (১) এই অধ্যায়ের অধীন প্রসূতি কল্যাণ সুবিধা পাওয়ার অধিকারী কোন মহিলা সন্ত্মান প্রসবকালে অথবা উহার পরবর্তী আট 
8. <labour_1285_s33> [বাংলাদেশ ইপিজেড শ্রম আইন, ২০১৯, ধারা ৩৩] মহিলা শ্রমিকের মৃত্যুর ক্ষেত্রে প্রসূতি কল্যাণ সুবিধা প্রদান — (১) এই অধ্যায়ের অধীন প্রসূতি কল্যাণ সুবিধা পাইবার অধিকারী কোনো মহিলা শ্রমিক সন্তান প্রসবকালে অথবা উহার পরবর্ত
9. <labour_952_s157> [বাংলাদেশ শ্রম আইন, ২০০৬, ধারা ১৫৭] নোটিশ ও দাবী — (১) কোন শ্রম আদালত ৰতিপূরণের কোন দাবী বিবেচনায় আনিবে না যদি না দুর্ঘটনা ঘটিবার পর যতশীঘ্র সম্ভব এতদ্নিম্নে বর
10. <other_1268_s19> [বাংলাদেশ প্রাণিসম্পদ গবেষণা ইনস্টিটিউট আইন, , ধারা ১৯] বুদ্ধিবৃত্তিক সম্পত্তি — (১) ইনস্টিটিউট কর্তৃক বা ইনস্টিটিউটের অর্থায়নে পরিচালিত গবেষণা কর্মধারা প্রকাশিত প্রবন্ধ বা আর্টিকেল বা গবেষণ","other_36_s39, other_48_s123, family_305_s4","own_search","answered","1"
"prot_0091_06","Sifat","VERIFY","আমার নাম বৃষ্টি। উচ্চমাধ্যমিকে পড়ছি। বয়স ১৯-২০ বছর। যখন আমার বয়স চার-পাঁচ বছর, তখন আমার বাবা মারা যান। আমার বাবার বড় ভাইয়ের হিংসাত্মক আচরণের জন্য আমার মা আমাকে নিয়ে মামার বাড়ি আশ্রয় নেন। আমি আমার বাবার একমাত্র সন্তান। আমার মা এখন দ্বিতীয় সংসার করছেন। আমার বাবা মারা যাওয়ার আগে সম্পত্তির বিপরীতে ব্যাংক থেকে ঋণ নেন। এখনো সেই ঋণ শোধ করতে পারেননি। আমাদের ঘর ও সম্পত্তিতে বর্তমানে আমার বাবার বড় ভাই বসবাস করছেন। আমি হিন্দু মেয়ে। শুনেছি, হিন্দু মেয়েরা পৈতৃক সম্পত্তির অধিকার পায় না। আমার সম্পত্তি বিক্রি করে ঋণ পরিশোধ করলে আমার বাবার বড় ভাই আইনগত কোনো বাধা সৃষ্টি করতে পারবেন কি না?ঠিকানা প্রকাশে অনিচ্ছুক","1. <other_1155_s16_p3> [রাজশাহী কৃষি উন্নয়ন ব্যাংক আইন, ২০১৪, ধারা ১৬] ব্যাংকের কার্যাবলী — চার্জকৃত সম্পত্তি প্রকাশ্য নিলাম ব্যতীত এবং এইরূপ সম্পত্তির পরিমাণ ব্যাংকের পাওনা আদায়ের জন্য পর্যাপ্ত না হওয
2. <other_1725_s21_p29> [অর্থ আইন, ২০২৬, ধারা ২১] ২০১২ সনের ৪৭ নং আইনের দ্বিতীয় তফসিলের সংশোধন — ডলার পর্যন্ত ৪৫ (ঘ) মূল্যসীমা ১০০০০০ মা. ডলার এর ঊর্ধ্ব হইতে ২০০০০০ মা. ডলার পর্যন্ত ৬০ (ঙ) মূল্যসীমা ২০০০০০ ম
3. <local_government_827_s8_p1> [উপজেলা পরিষদ আইন, ১৯৯৮, ধারা ৮] বা ব্যক্তিবর্গের নামে বা তাঁহার সুবিধার্থে বা তাঁহার উপলক্ষে বা কোন হিন্দু যৌথ পরিবারের সদস্য হিসাবে তাঁহার কো
4. <money_recovery_901_s12_p0> [অর্থ ঋণ আদালত আইন, ২০০৩, ধারা ১২] আর্থিক প্রতিষ্ঠান কর্তৃক কতিপয় জামানত বিক্রয় — (১) উপ-ধারা (২) এর বিধান সাপেক্ষে, কোন আর্থিক প্রতিষ্ঠান, উহার নিজ দখল বা নিয়ন্ত্রণে থাকা বিবাদীর কোন সম্পত্ত
5. <other_822_s10> [পার্বত্য চট্টগ্রাম আঞ্চলিক পরিষদ আইন, ১৯৯৮, ধারা ১০] সম্পত্তি সম্পর্কিত ঘোষণা — চেয়ারম্যান ও প্রত্যেক সদস্য তাহার কার্যভার গ্রহণের পূর্বে তাহার এবং তাঁহার পরিবারের কোন সদস্যের স্বত্ব, দখল ব
6. <land_1109_s16> [ওয়াক্‌ফ (সম্পত্তি হস্তান্তর ও উন্নয়ন) বিশেষ , ধারা ১৬] ওয়াক্‌ফ প্রশাসকের সার্বিক নিয়ন্ত্রণ — (১) ওয়াক্ফ সম্পত্তির হস্তান্তর সংশ্লিষ্ট ওয়াক্ফের বা উহার স্বত্বভোগীদের (beneficiary) প্রয়োজনে, কল্যাণে ও স
7. <other_850_s15> [সালিস আইন, ২০০১, ধারা ১৫] সালিসকারীর কর্তৃত্বের অবসান — (১) সালিসকারীর কর্তৃত্বের অবসান হইবে, যদি-(ক) তিনি স্বীয় পদ হইতে নিজকে প্রত্যাহার করিয়া নেন;(খ) তিনি মারা যা
8. <other_1271_s22> [সরকারি চাকরি আইন, ২০১৮, ধারা ২২] কল্যাণমূলক ব্যবস্থা — (১) সরকার বা, ক্ষেত্রমত, উপযুক্ত কর্তৃপক্ষ সরকারি কর্মচারী ও তাহার পরিবারের সদস্যগণের কল্যাণে শিক্ষা, চিকিৎসা,
9. <local_government_1027_s41> [স্থানীয় সরকার (ইউনিয়ন পরিষদ) আইন, ২০০৯, ধারা ৪১] সম্পত্তি সম্পর্কিত ঘোষণা — চেয়ারম্যান ও সদস্য তাঁহার কার্যভার গ্রহণের পূর্বে তাঁহার এবং তাঁহার পরিবারের কোন সদস্যের স্বত্ব, দখল বা স্বার
10. <local_government_827_s10> [উপজেলা পরিষদ আইন, ১৯৯৮, ধারা ১০] সম্পত্তি সম্পর্কিত ঘোষণা — 14[চেয়ারম্যান ও ভাইস চেয়ারম্যান ] তাঁহার কার্যভার গ্রহণের পূর্বে তাঁহার এবং তাঁহার পরিবারের কোন সদস্যের স্বত","none","none","not_found","1"
"prot_0052_04","Sifat","VERIFY","আমি বাবা-মায়ের একমাত্র পুত্রসন্তান। আমার ছোট দুটি বোন আছে। ২০০৫ সালে আমি ধর্মান্তরিত হয়ে পরিবার থেকে আলাদা বসবাস করছি। পরিবারের কারও সঙ্গে যোগাযোগ নেই। কিছুদিন আগে আমার বাবা মারা গেছেন। শুনেছি, বাবার অবর্তমানে যে সম্পত্তি আছে, সেটা নাকি তাঁর ভাতিজারা পাবেন। এটা কতটুকু সত্যি?নাম প্রকাশে অনিচ্ছুকপাবনা","1. <women_children_1119_s24> [শিশু আইন, ২০১৩, ধারা ২৪] অভিযুক্ত শিশুর মাতা-পিতা বা অভিভাবকের শিশু-আদালতে উপস্থিতি — এই আইনের অধীন শিশু-আদালতে হাজিরকৃত শিশুর মাতা-পিতা এবং তাহাদের উভয়ের অবর্তমানে তত্ত্বাবধানকারী অভিভাবক বা কর্
2. <other_1138_s2> [গ্রামীণ ব্যাংক আইন, ২০১৩, ধারা ২] সংজ্ঞা — বিষয় বা প্রসংগের পরিপন্থি কোন কিছু না থাকিলে, এই আইনে,-1[(১) “ঋণ” অর্থ এইরূপ কোনো ব্যক্তির পক্ষে ব্যাংক কর্তৃ
3. <other_1266_s2_p3> [বাংলাদেশ মুক্তিযোদ্ধা কল্যাণ ট্রাস্ট আইন, ২০, ধারা ২] সংজ্ঞা — বা স্বামী এবং পিতা-মাতার অবর্তমানে খেতাবপ্রাপ্ত বীর মুক্তিযোদ্ধার সন্তান; বা(উ) (অ)-(ঈ) পর্যন্ত বর্ণিত ব্যক্তি
4. <land_1455_s10> [ভূমি সংস্কার আইন, ২০২৩, ধারা ১০] বর্গাদারের মৃত্যুর পর বর্গাভূমির চাষ — (১) কোনো বর্গাদার বর্গাচুক্তির মেয়াদ শেষ হইবার পূর্বে মারা গেলে, উহার মেয়াদ শেষ না হওয়া পর্যন্ত অথবা এই আইন
5. <other_1429_s192> [আয়কর আইন, ২০২৩, ধারা ১৯২] হিন্দু অবিভক্ত পরিবারের বিভাজনের ক্ষেত্রে কর নির্ধারণ — (১) এই আইনের উদ্দেশ্যপূরণকল্পে, হিন্দু অবিভক্ত পরিবার হিসাবে নির্ধারিত কোনো হিন্দু পরিবারকে সেই পর্যন্ত হিন্দু
6. <other_817_s20> [বিমান-নিরাপত্তা বিরোধী অপরাধ দমন আইন, ১৯৯৭, ধারা ২০] কনভেনশনভুক্ত দেশ — সরকার, সরকারী গেজেটে প্রজ্ঞাপন দ্বারা, কনভেনশনভুক্ত দেশসমূহের নাম এবং উক্ত দেশসমূহ কনভেনশনের কতটুকু গ্রহণ করিয
7. <other_1413_s14> [সরকারি ঋণ আইন, ২০২২, ধারা ১৪] ধারক মৃত্যুবরণ করিলে প্রযোজ্য বিধান — (১) এই ধারার অন্যান্য বিধানসাপেক্ষে, সরকারি সিকিউরিটি বা জাতীয় সঞ্চয় স্কীমের আওতায় ইস্যুকৃত সার্টিফিকেটের ধ
8. <other_893_s7> [শিশু-মাতৃ স্বাস্থ্য ইনস্‌টিটিউট আইন, ২০০২, ধারা ৭] ইনস্‌টিটিউটের দায়িত্ব ও কার্যাবলী — ইনস্টিটিউটের দায়িত্ব ও কার্যাবলী হইবে নিম্নরূপ, যথা:-(১) শিশু ও মায়ের স্বাস্থ্য ও পুষ্টি বিষয়ে শিক্ষা, প্রশ
9. <women_children_1119_s40> [শিশু আইন, ২০১৩, ধারা ৪০] বিচারের ফলাফল ও মুক্তি সম্পর্কে তথ্য — (১) বিচার প্রক্রিয়া সমাপ্ত হইবার ৭ (সাত) কর্মদিবসের মধ্যে শিশু-আদালত বিচারের ফলাফল সম্পর্কে শিশু, শিশুর মাতা-
10. <other_1271_s22> [সরকারি চাকরি আইন, ২০১৮, ধারা ২২] কল্যাণমূলক ব্যবস্থা — (১) সরকার বা, ক্ষেত্রমত, উপযুক্ত কর্তৃপক্ষ সরকারি কর্মচারী ও তাহার পরিবারের সদস্যগণের কল্যাণে শিক্ষা, চিকিৎসা,","none","none","not_found","1"
"ajke_0166_01","Sifat","VERIFY","প্রশ্ন: আমি বাবার বাসায় থাকা অবস্থায় স্বামী আরেকটি বিয়ে করে। সে জানায়, আমাকে ডিভোর্স দিয়েছে। কিন্তু আমি আজ এক বছরেও কোনো নোটিশ পাইনি। তার বিয়ের পরপরই এক পারিবারিক আইনজীবীর সাহায্যে তার বিরুদ্ধে যৌতুকের মামলা করি। আইন ও মামলা বিষয়ে আমার ধারণা না থাকায় আইনজীবী যা বলেছেন, তা-ই করেছি। কোর্ট থেকে ওয়ারেন্ট বের হওয়ার পর তারা আগাম জামিন নিয়েছে, সেটা দুই মাস পর আমি জানতে পেরেছি। সে আমার দেড় বছরের সন্তানের কোনো ভরণপোষণ দেয় না, কোনো খোঁজখবরও রাখে না। আমি এই বয়সে মেয়েটাকে নিয়ে চাকরি করছি। কোথায় যাব, কী করব বুঝতে পারছি না। আমাদের আইনজীবী কি কোনো ধরনের ছলচাতুরী করেছে? এখন আমাদের কী করা উচিত?","1. <other_1403_s56> [মোংলা বন্দর কর্তৃপক্ষ আইন, ২০২২, ধারা ৫৬] মামলা দায়েরের সীমাবদ্ধতা — (১) কর্তৃপক্ষের বিরুদ্ধে মামলা দায়েরে ইচ্ছুক ব্যক্তি, তাহার নাম ঠিকানাসহ মামলা দায়েরের কারণ সংবলিত লিখিত নোট
2. <other_1404_s56> [চট্টগ্রাম বন্দর কর্তৃপক্ষ আইন, ২০২২, ধারা ৫৬] মামলা দায়েরের সীমাবদ্ধতা — (১) কর্তৃপক্ষের বিরুদ্ধে কোনো আদালতে মামলা দায়েরে ইচ্ছুক ব্যক্তি, তাহার নাম ঠিকানাসহ মামলা দায়েরের কারণ সংবল
3. <family_938_s14> [গ্রাম আদালত আইন, ২০০৬, ধারা ১৪] আইনজীবী নিয়োগ নিষিদ্ধ — অন্য কোন আইনে যাহা কিছুই থাকুক না কেন, গ্রাম আদালতে দায়েরকৃত কোন মামলা পরিচালনার জন্য কোন পক্ষ কোন আইনজীবী নি
4. <other_916_s16> [বিরোধ মীমাংসা (পৌর এলাকা) বোর্ড আইন, ২০০৪, ধারা ১৬] আইনজীবী নিয়োগ নিষিদ্ধ — অন্য কোন আইনে যাহা কিছুই থাকুক না কেন, বোর্ডে দায়েরকৃত কোন মামলা পরিচালনার জন্য কোন পক্ষে কোন আইনজীবী বোর্ডে 
5. <other_1108_s11> [আদালত অবমাননা আইন, ২০১৩, ধারা ১১] আদালত অবমাননার অভিযোগ দায়ের ও নিষ্পত্তির বিধান — (১) কোন ব্যক্তির বিরুদ্ধে আদালত অবমাননার অভিযোগ উত্থাপিত বা কার্যধারা রুজু করা হইলে, অভিযোগের বিষয়ে তাহাকে কা
6. <other_1135_s53> [পায়রা বন্দর কর্তৃপক্ষ আইন, ২০১৩, ধারা ৫৩] মামলা দায়েরের সীমাবদ্ধতা — (১) কর্তৃপক্ষের বিরুদ্ধে মামলা দায়েরে ইচ্ছুক ব্যক্তির নাম ঠিকানাসহ মামলা দায়েরের কারণ সংবলিত লিখিত নোটিশ কর্
7. <other_857_s80> [বাংলাদেশ টেলিযোগাযোগ নিয়ন্ত্রণ আইন, ২০০১, ধারা ৮০] (১) আদালতে কমিশনের পক্ষে মামলা পরিচালনার জন্য কমিশন প্রয়োজনীয় সংখ্যক নিজস্ব আইনজীবী নিয়োগ করিতে পারিবে।(২) 
8. <criminal_procedure_1238_s108> [গাজীপুর মহানগরী পুলিশ আইন, ২০১৮, ধারা ১০৮] পুলিশ অফিসারের বিরুদ্ধে আইনগত ব্যবস্থা গ্রহণ — আপাতত বলবৎ অন্য কোনো আইনে যাহা কিছুই থাকুক না কেন, এই আইন, বিধি, প্রবিধান বা তদধীন প্রদত্ত কোনো আদেশের অধীন কো
9. <criminal_procedure_1239_s108> [রংপুর মহানগরী পুলিশ আইন, ২০১৮, ধারা ১০৮] পুলিশ অফিসারের বিরুদ্ধে আইনগত ব্যবস্থা গ্রহণ — আপাতত বলবৎ অন্য কোনো আইনে যাহা কিছুই থাকুক না কেন, এই আইন, বিধি, প্রবিধান বা তদধীন প্রদত্ত কোনো আদেশের অধীন কো
10. <other_1429_s327> [আয়কর আইন, ২০২৩, ধারা ৩২৭] হাজিরার জন্য অনুমোদিত প্রতিনিধি — (১) কোনো করদাতা, যিনি এই আইনের অধীন কোনো কার্যধারার সহিত সংশ্লিষ্ট কোনো আয়কর কর্তৃপক্ষ বা আপিল ট্রাইব্যুনালে ","family_305_s7, family_1444_s5, family_305_s6","own_search","answered","2"
"lawy_0500_01","Sifat","VERIFY","জেনে নিন বিদেশে অবস্থানকালে কিভাবে পাওয়ার অব এ্যাটর্নি করবেন","1. <other_1104_s6> [পাওয়ার অব অ্যাটর্নি আইন, ২০১২, ধারা ৬] পাওয়ার অব অ্যাটর্নি সম্পাদন — (১) রেজিস্ট্রেশন আইনে যাহা কিছুই থাকুক না কেন, এই আইনের অধীন সম্পাদিত অপ্রত্যাহারযোগ্য পাওয়ার অব অ্যাটর্নির র
2. <other_1104_s11> [পাওয়ার অব অ্যাটর্নি আইন, ২০১২, ধারা ১১] পাওয়ার অব অ্যাটর্নির অবসান — (১) নিম্নবর্ণিত ক্ষেত্রে পাওয়ার অব অ্যাটর্নির অবসান ঘটিবে, যথাঃ-(ক) কোন নির্দিষ্ট কার্য-সম্পাদনের উদ্দেশ্যে প
3. <other_1104_s2> [পাওয়ার অব অ্যাটর্নি আইন, ২০১২, ধারা ২] সংজ্ঞা — বিষয় বা প্রসংগের পরিপন্থী কোন কিছু না থাকিলে, এই আইনে,-(১) “পাওয়ার অব অ্যাটর্নি” অর্থ এমন কোন দলিল যাহার মাধ
4. <other_1131_s30ক> [বৈদেশিক কর্মসংস্থান ও অভিবাসী আইন, ২০১৩, ধারা ৩০ক] (১) প্রত্যেক অভিবাসী কর্মী বৈদেশিক কর্মসংস্থানের জন্য প্রশিক্ষণ গ্রহণ ও বৈধ পন্থা অবলম্বন করিবেন এবং বিদেশে অব
5. <other_1104_s10> [পাওয়ার অব অ্যাটর্নি আইন, ২০১২, ধারা ১০] মৃত্যু, ইত্যাদি সম্পর্কে অবগতি ব্যতিত পাওয়ার অব অ্যাটর্নির অধীন অর্থ প্রদান — পাওয়ার অব অ্যাটর্নি দাতার মৃত্যু, মস্তিস্ক বিকৃতি, দেউলিয়াত্ব, অসচ্ছলতা বা পাওয়ার অব অ্যাটর্নির অবসান সম্পর
6. <other_1104_s4> [পাওয়ার অব অ্যাটর্নি আইন, ২০১২, ধারা ৪] অপ্রত্যাহারযোগ্য পাওয়ার অব অ্যাটর্নির মাধ্যমে ক্ষমতা অর্পণ, ইত্যাদি — (১) পণ মূল্য গ্রহণের বিনিময়ে ভূমি উন্নয়ন সংক্রান্ত অপ্রত্যাহারযোগ্য প্রতিটি পাওয়ার অব অ্যাটর্নির একটি নির্দ
7. <other_1104_s12> [পাওয়ার অব অ্যাটর্নি আইন, ২০১২, ধারা ১২] রেজিস্ট্রেশন ফি, ইত্যাদি — এই আইনের অধীন সম্পাদিত অপ্রত্যাহারযোগ্য পাওয়ার অব অ্যাটর্নির ফি রেজিস্ট্রেশন আইনের section 78 অনুযায়ী নির্ধা
8. <other_1104_s3> [পাওয়ার অব অ্যাটর্নি আইন, ২০১২, ধারা ৩] অন্যান্য আইনের প্রয়োগ — এই আইনে বর্ণিত হয় নাই কিন্তু অন্য কোন আইনে বর্ণিত পাওয়ার অব অ্যাটর্নি সংক্রান্ত কোন বিধান, এই আইনের সহিত সাম
9. <other_1104_s9> [পাওয়ার অব অ্যাটর্নি আইন, ২০১২, ধারা ৯] যৌথগ্রহীতার একজনের মৃত্যুর পরিণাম — অপ্রত্যাহারযোগ্য পাওয়ারগ্রহীতা একাধিক হইলে, উহাদের কোন একজনের মৃত্যুতে, উক্ত পাওয়ার অব অ্যাটর্নি বাতিল হইবে 
10. <other_1104_s8> [পাওয়ার অব অ্যাটর্নি আইন, ২০১২, ধারা ৮] যৌথদাতার একজনের মৃত্যুর পরিণাম — অপ্রত্যাহারযোগ্য পাওয়ারদাতা একাধিক হইলে উক্ত পাওয়ার অব অ্যাটর্নির উদ্দেশ্য বাস্তবায়িত হইবার পূর্বে কোন পাওয","1","candidate","answered","3"
"prot_0065_05","Sifat","VERIFY","আমার বাবার নামে ঢাকা ক্যান্টনমেন্টের কাছে সাড়ে চার শতাংশ জমি ছিল। তাঁরা দুই ভাই। বাবার ওই জমি বুঝিয়ে-শুনিয়ে বড় চাচা নিজের নামে মুখে মুখে নিয়ে নেন। জমির দাম ছিল দুই লাখ টাকা (১৯৭৮ সাল)। আমার বাবা ছিলেন সবার ছোট; এতিম ও অবুঝ। বাবা স্বেচ্ছায় তাঁর বড় ভাইকে জমি দেননি। বড় চাচা আমার বাবার দুর্বলতার সুযোগ নিয়ে জমি নিজের নামে নিয়ে নেন। বাবা জমিটা দলিল বা লিখিতভাবে নিবন্ধন করে দেননি। বাবার বড় ভাই বেঁচে নেই। তাঁর স্ত্রী ও সন্তান আছে। প্রশ্ন হলো, ওয়ারিশ হিসেবে এর দাবিদার হয়ে আমি কি মামলা করতে পারব?তাসনিম","1. <other_1412_s6_p0> [বেসরকারি মেডিকেল কলেজ ও ডেন্টাল কলেজ আইন, ২০, ধারা ৬] বেসরকারি মেডিকেল কলেজ বা ডেন্টাল কলেজ স্থাপনের শর্তাবলি — এই আইনের অধীন বেসরকারি মেডিকেল কলেজ বা ডেন্টাল কলেজ স্থাপনের লক্ষ্যে নিম্নবর্ণিত শর্তাবলি পূরণ করিতে হইবে, যথা
2. <criminal_procedure_1012_s34> [সিলেট মহানগরী পুলিশ আইন, ২০০৯, ধারা ৩৪] জনস্বার্থে গান-বাজনা ইত্যাদি নিয়ন্ত্রণ — কোন এলাকার জনসাধারণ বা কোন ব্যক্তি বিশেষের অসুবিধা বা বিরক্তি দূরীকরণের জন্য প্রয়োজন মনে করিলে পুলিশ কমিশনার 
3. <criminal_procedure_765_s33> [রাজশাহী মহানগরী পুলিশ আইন, ১৯৯২, ধারা ৩৩] গান-বাজনা, ইত্যাদি নিষেধ বা নিয়ন্ত্রণ করার ব্যাপারে পুলিশ কমিশনারের ক্ষমতা — কোন এলাকার জনসাধারণ বা কোন ব্যক্তি বিশেষের অসুবিধা বা বিরক্তি দূরীকরণের জন্য প্রয়োজন মনে করিলে, পুলিশ কমিশনার
4. <other_722_s15> [পার্বত্য জেলাসমূহ (আইন রহিত ও প্রয়োগ এবং বিশ, ধারা ১৫] বসতবাড়ীর জন্য গ্রামীণ জমি দখল — (১) কোন পাহাড়ী ব্যক্তি পৌর এলাকা-বহির্ভূত অনধিক ত্রিশ শতাংশ পর্যন্ত খাস জমি তাহার নিজ বসতবাড়ীর জন্য হেডম্যান
5. <other_724_s64> [রাংগামাটি পার্বত্য জেলা পরিষদ আইন, ১৯৮৯, ধারা ৬৪] (১) আপাততঃ বলবত্ অন্য কোন আইনে যাহা কিছুই থাকুক না কেন-(ক) রাংগামাটি পার্বত্য জেলার এলাকাধীন বন্দোবস্তযোগ্য খা
6. <other_725_s64> [খাগড়াছড়ি পার্বত্য জেলা পরিষদ আইন, ১৯৮৯, ধারা ৬৪] (১) আপাততঃ বলবত্ অন্য কোন আইনে যাহা কিছুই থাকুক না কেন-(ক) খাগড়াছড়ি পার্বত্য জেলার এলাকাধীন বন্দোবস্তযোগ্য খ
7. <other_726_s64> [বান্দরবান পার্বত্য জেলা পরিষদ আইন, ১৯৮৯, ধারা ৬৪] (১) আপাততঃ বলবত্ অন্য কোন আইনে যাহা কিছুই থাকুক না কেন-(ক) বান্দরবন পার্বত্য জেলার এলাকাধীন বন্দোবস্তযোগ্য খাস
8. <other_721_s7> [বাংলাদেশ ঋণ সালিসি আইন, ১৯৮৯, ধারা ৭] কতিপয় বিক্রয় বাতিল — (১) এই আইন বলবত্ হইবার পর অনধিক দুই একর কৃষি জমির মালিক কোন কৃষক প্রাকৃতিক দুর্যোগে তগতিগ্রস্ত হওয়ার বা জীবন 
9. <other_857_s45> [বাংলাদেশ টেলিযোগাযোগ নিয়ন্ত্রণ আইন, ২০০১, ধারা ৪৫] লাইসেন্সধারীর প্রয়োজনে বাধ্যতামূলকভাবে বেসরকারী জমি অধিগ্রহণ — (১) লাইসেন্সের অধীন কাজকর্ম সম্পাদন বা পরিচালনার জন্য প্রয়োজনীয় কোন জমি ব্যবহারের ক্ষেত্রে লাইসেন্সধারী বাধা
10. <other_721_s8> [বাংলাদেশ ঋণ সালিসি আইন, ১৯৮৯, ধারা ৮] জমি প্রত্যর্পণের নির্দেশ কার্যকরকরণ — ক্রেতা বোর্ডের নির্দেশানুসারে জমির দখল প্রত্যর্পণ না করিলে বা করিতে ব্যর্থ হইলে, জমির দখল পাওয়ার জন্য বিক্রেত","land_90_s49, other_36_s42_p0, other_88_s28","own_search","answered","1"
"prot_0096_02","Sifat","VERIFY","আমার দাদার সব জমি তাঁর তিন ছেলের নামে। জমিগুলোর মিউটেশন করানো হয়নি। তাঁর মৃত্যুর পর আমার এক চাচা জমির দলিল আটকে ফেলেন। আমার বাবার কোনো ছেলেসন্তান না থাকার কারণে তিনি জমি বুঝে পাচ্ছেন না। এখন তিনি যদি তাঁর ভাগের কোনো অংশ বিক্রি করতে চান তাহলে কী করতে হবে? আর আমাদের বোনদের নামে লিখে দিতে চাইলেই–বা কী করতে হবে? নাম প্রকাশে অনিচ্ছুক","1. <other_721_s6_p0> [বাংলাদেশ ঋণ সালিসি আইন, ১৯৮৯, ধারা ৬] কতিপয় জমির বিক্রয় খায়খালাসী বন্ধক ঘোষণা — (১) এই আইন বলবত্ হইবার পর অনধিক তিন একর কৃষি জমির মালিক কোন কৃষক প্রাকৃতিক দুর্যোগে তগতিগ্রস্ত হওয়ার বা জীবন 
2. <other_721_s7> [বাংলাদেশ ঋণ সালিসি আইন, ১৯৮৯, ধারা ৭] কতিপয় বিক্রয় বাতিল — (১) এই আইন বলবত্ হইবার পর অনধিক দুই একর কৃষি জমির মালিক কোন কৃষক প্রাকৃতিক দুর্যোগে তগতিগ্রস্ত হওয়ার বা জীবন 
3. <other_724_s64> [রাংগামাটি পার্বত্য জেলা পরিষদ আইন, ১৯৮৯, ধারা ৬৪] (১) আপাততঃ বলবত্ অন্য কোন আইনে যাহা কিছুই থাকুক না কেন-(ক) রাংগামাটি পার্বত্য জেলার এলাকাধীন বন্দোবস্তযোগ্য খা
4. <other_726_s64> [বান্দরবান পার্বত্য জেলা পরিষদ আইন, ১৯৮৯, ধারা ৬৪] (১) আপাততঃ বলবত্ অন্য কোন আইনে যাহা কিছুই থাকুক না কেন-(ক) বান্দরবন পার্বত্য জেলার এলাকাধীন বন্দোবস্তযোগ্য খাস
5. <other_725_s64> [খাগড়াছড়ি পার্বত্য জেলা পরিষদ আইন, ১৯৮৯, ধারা ৬৪] (১) আপাততঃ বলবত্ অন্য কোন আইনে যাহা কিছুই থাকুক না কেন-(ক) খাগড়াছড়ি পার্বত্য জেলার এলাকাধীন বন্দোবস্তযোগ্য খ
6. <other_1429_s133> [আয়কর আইন, ২০২৩, ধারা ১৩৩] প্রকাশ্য নিলামের বিক্রি হইতে কর সংগ্র — (১) কোনো ব্যক্তি কোনো নির্দিষ্ট মালিকের কোনো পণ্য বা সম্পত্তি সীলমোহরযুক্ত দরপত্রের মাধ্যমে প্রকাশ্য নিলামে বি
7. <other_1412_s6_p0> [বেসরকারি মেডিকেল কলেজ ও ডেন্টাল কলেজ আইন, ২০, ধারা ৬] বেসরকারি মেডিকেল কলেজ বা ডেন্টাল কলেজ স্থাপনের শর্তাবলি — এই আইনের অধীন বেসরকারি মেডিকেল কলেজ বা ডেন্টাল কলেজ স্থাপনের লক্ষ্যে নিম্নবর্ণিত শর্তাবলি পূরণ করিতে হইবে, যথা
8. <other_721_s8> [বাংলাদেশ ঋণ সালিসি আইন, ১৯৮৯, ধারা ৮] জমি প্রত্যর্পণের নির্দেশ কার্যকরকরণ — ক্রেতা বোর্ডের নির্দেশানুসারে জমির দখল প্রত্যর্পণ না করিলে বা করিতে ব্যর্থ হইলে, জমির দখল পাওয়ার জন্য বিক্রেত
9. <other_857_s45> [বাংলাদেশ টেলিযোগাযোগ নিয়ন্ত্রণ আইন, ২০০১, ধারা ৪৫] লাইসেন্সধারীর প্রয়োজনে বাধ্যতামূলকভাবে বেসরকারী জমি অধিগ্রহণ — (১) লাইসেন্সের অধীন কাজকর্ম সম্পাদন বা পরিচালনার জন্য প্রয়োজনীয় কোন জমি ব্যবহারের ক্ষেত্রে লাইসেন্সধারী বাধা
10. <other_1427_s10> [হাট ও বাজার (স্থাপন ও ব্যবস্থাপনা) আইন, ২০২৩, ধারা ১০] (১) কোনো ব্যক্তি হাট ও বাজারের সরকারি খাস জমি অবৈধভাবে দখলে রাখিতে অথবা উপযুক্ত কর্তৃপক্ষের পূর্বানুমতি ব্যতির","land_241_s96_p0, other_48_s123, land_241_s143","own_search","answered","1"
"prot_0083_05","Sifat","VERIFY","২০০১ সালে বিয়ে করি। এরপর অপরিকল্পিতভাবে একটি সন্তানের জন্ম হয়। বিয়ের পর বেশ টানাপোড়েনের মধ্য দিয়ে দীর্ঘ সময় কেটেছে। তার সঙ্গে শুরু থেকেই আমার মনের মিল ছিল না। তাই সম্পর্কের উন্নতি কখনোই ঘটেনি। অবশেষে ২০০৯ সালে তার অনুমতি ছাড়াই আদালতের মাধ্যমে দ্বিতীয় বিয়ে করি। ওই সময় প্রথম স্ত্রী সন্তানদের নিয়ে আমাদের বাড়িতে অবস্থান করছিল। আর আমি কাজের জন্য দূরে ছিলাম। কিন্তু সে আমার দ্বিতীয় বিয়ের খবর পেয়ে স্বাভাবিক নিয়মেই আমার কাছে চলে আসে। একপর্যায়ে তাকে সন্তানসহ আমার গ্রামের বাড়ি পাঠিয়ে দিই। সে গত ফেব্রুয়ারি মাসে সেখান থেকে আমার অজান্তে দুই সন্তানকে নিয়ে চলে যায়। কিছুদিন ফোনে যোগাযোগ ছিল এবং টাকা-পয়সাও পাঠিয়েছি। বর্তমানে সে যোগাযোগ বন্ধ করে দিয়েছে। তার বক্তব্য, সে ওই দুই সন্তান আমাকে দেবে না এবং সে ফিরেও আসবে না। আমি শুধু আমার সন্তানদের ফেরত চাই। কীভাবে আইনের সহায়তায় তা সম্ভব? আমি তালাকনামা পাঠাতে পারব কি না।নাম প্রকাশে অনিচ্ছুক","1. <other_1132_s3> [পিতা-মাতার ভরণ-পোষণ আইন, ২০১৩, ধারা ৩] পিতা-মাতার ভরণ-পোষণ — (১) প্রত্যেক সন্তানকে তাহার পিতা-মাতার ভরণ-পোষণ নিশ্চিত করিতে হইবে।(২) কোন পিতা-মাতার একাধিক সন্তান থাকিলে সেই
2. <women_children_835_s13> [নারী ও শিশু নির্যাতন দমন আইন, ২০০০, ধারা ১৩] (১) অন্য কোন আইনে ভিন্নতর যাহা কিছুই থাকুক না কেন, ধর্ষণের কারণে কোন সন্তান জন্মলাভ করিলে-(ক) উক্ত সন্তানকে তা
3. <other_1429_s31> [আয়কর আইন, ২০২৩, ধারা ৩১] আয় একীভূতকরণ — (১) এই আইনে ভিন্নরূপ কিছু না থাকিলে, নিম্নবর্ণিত আয়সমূহ কোনো ব্যক্তির মোট আয়ের অন্তর্ভুক্ত হইবে, যথা:-(ক) উক
4. <other_1078_s12> [ভবঘুরে ও নিরাশ্রয় ব্যক্তি (পুনর্বাসন) আইন, ২, ধারা ১২] গর্ভবতী মহিলার ক্ষেত্রে বিশেষ বিধান — কোন মহিলা ভবঘুরে বা নিরাশ্রয় ব্যক্তিকে গর্ভবতী অবস্থায় আশ্রয় কেন্দ্রে পাঠানো হইলে, সন্তান জন্মলাভ করিবার পর
5. <labour_952_s12> [বাংলাদেশ শ্রম আইন, ২০০৬, ধারা ১২] কাজ বন্ধ রাখা — (১) অগ্নিকান্ড, আকষ্মিক বিপত্তি, যন্ত্রপাতি বিকল, বিদু্যৎ সরবরাহ বন্ধ, মহামারী, ব্যাপক দাঙ্গা-হাঙ্গামা অথবা মা
6. <other_1124_s7> [মাতৃদুগ্ধ বিকল্প, শিশু খাদ্য, বাণিজ্যিকভাবে , ধারা ৭] শিক্ষামূলক বা অন্যান্য তথ্যাদি — জন্ম-পূর্ববর্তী বা জন্ম-পরবর্তী সেবা দানের উদ্দেশ্যে কোন গর্ভবতী মহিলা বা মাতৃদুগ্ধদানকারী বা শিশুর মায়েদের স
7. <other_1404_s8> [চট্টগ্রাম বন্দর কর্তৃপক্ষ আইন, ২০২২, ধারা ৮] বোর্ডের সভা — (১) এই ধারার অন্যান্য বিধানাবলি সাপেক্ষে, বোর্ড উহার সভার কার্যপদ্ধতি নির্ধারণ করিতে পারিবে।(২) বোর্ডের সভা চে
8. <other_1246_s80> [ক্যান্টনমেন্ট আইন, ২০১৮, ধারা ৮০] ক্রোক — (১) বোর্ডের কোনো অফিসার যাহার উপর ধারা ৭৯ এর অধীন জারিকৃত কোনো পরোয়ানার দায়িত্ব প্রদান করা হইয়াছে তিনি, খেল
9. <other_788_s41> [কোম্পানী আইন, ১৯৯৪, ধারা ৪১] সদস্য-বহি পরিদর্শন — (১) কোম্পানী নিবন্ধনের তারিখ হইতে উহার নিবন্ধিকৃত কার্যালয়ে সদস্য-বহি এবং ধারা ৩৫ প্রযোজ্য হইলে সদস্য-সূচী রা
10. <family_938_s8> [গ্রাম আদালত আইন, ২০০৬, ধারা ৮] গ্রাম আদালতের সিদ্ধান্ত চূড়ান্ত হওয়া ও আপিল — (১) গ্রাম আদালতের সিদ্ধান্ত সর্বসম্মত বা চার-এক (৪:১) সংখ্যাগরিষ্ঠ ভোটে বা চারজন সদস্যের উপস্থিতিতে তিন-এক (৩:","family_64_s25, family_64_s17, family_305_s7","own_search","answered","2"
"ajke_0187_01","Sifat","VERIFY","প্রশ্ন: আমার বয়স ২৩ বছর। ঢাকা বিশ্ববিদ্যালয় থেকে স্নাতক শেষ করে একটি বেসরকারি প্রতিষ্ঠানে শিক্ষানবিশ হিসেবে কাজ করছি মাসখানেক ধরে। কর্মস্থলে এক সিনিয়র ফেসবুক মেসেঞ্জারে বিরক্ত করে যাচ্ছেন। তিনি বিবাহিত। শুনতে না চাইলেও তাঁর পারিবারিক অশান্তির কথা আমাকে মেসেঞ্জারে লিখতেই থাকেন। স্ত্রীর সঙ্গে তাঁর শারীরিক কোনো সম্পর্ক নেই—এ ধরনের কথাও তিনি বলেন এবং কর্মস্থলের বাইরে আমার সঙ্গে দেখা করতে চান। সম্মতি না দেওয়ায় আকারে-ইঙ্গিতে নানান হুমকি দিচ্ছেন। যার মধ্যে অন্যতম হলো শিক্ষানবিশ পদ থেকে আমাকে সরিয়ে দেওয়া। তবে কর্মস্থলে তিনি আমাকে কখনো কিছু বলেন না। তাঁর বিরুদ্ধে কোন ধরনের ব্যবস্থা নিতে পারি?","1. <labour_1285_s5> [বাংলাদেশ ইপিজেড শ্রম আইন, ২০১৯, ধারা ৫] শ্রমিকগণের শ্রেণি বিভাগ এবং শিক্ষানবিশিকাল — (১) কাজের ধরন ও প্রকৃতির ভিত্তিতে কোনো প্রতিষ্ঠানে নিয়োজিত শ্রমিকগণকে নিম্নলিখিত শ্রেণিতে বিভক্ত করা যাইবে, য
2. <labour_952_s12> [বাংলাদেশ শ্রম আইন, ২০০৬, ধারা ১২] কাজ বন্ধ রাখা — (১) অগ্নিকান্ড, আকষ্মিক বিপত্তি, যন্ত্রপাতি বিকল, বিদু্যৎ সরবরাহ বন্ধ, মহামারী, ব্যাপক দাঙ্গা-হাঙ্গামা অথবা মা
3. <labour_1285_s11> [বাংলাদেশ ইপিজেড শ্রম আইন, ২০১৯, ধারা ১১] কাজ বন্ধ রাখা — (১) অগ্নিকাণ্ড, মারাত্নক দৈব দুর্ঘটনা, মহামারি, ব্যাপক দাঙ্গা-হাঙ্গামা এর জন্য প্রয়োজন হইলে কোনো মালিক যে কোন
4. <labour_952_s4> [বাংলাদেশ শ্রম আইন, ২০০৬, ধারা ৪] শ্রমিকগণের শ্রেণী বিভাগ এবং শিক্ষানবিশীকাল — (১) কাজের ধরন ও প্রকৃতির ভিত্তিতে কোন প্রতিষ্ঠানে নিয়োজিত শ্রমিকগণকে নিম্নলিখিত শ্রেণীতে বিভক্ত করা যাইবে, যথ
5. <women_children_1119_s33> [শিশু আইন, ২০১৩, ধারা ৩৩] শিশুর ওপর নির্দিষ্ট ধরনের দণ্ড আরোপে বাধা-নিষেধ — (১) অন্য কোন আইনে ভিন্নরূপ যাহা কিছুই থাকুক না কেন, কোন শিশুকে মৃত্যুদণ্ড, যাবজ্জীবন কারাদণ্ড বা কারাদণ্ড প্রদ
6. <women_children_1063_s2> [পারিবারিক সহিংসতা (প্রতিরোধ ও সুরক্ষা) আইন, , ধারা ২] সংজ্ঞা — - বিষয় বা প্রসঙ্গের পরিপন্থী কিছু না থাকিলে, এই আইনে-(১)""অর্ন্তব র্তীকালীন সুরক্ষা আদেশ""অর্থ ধারা ১৩ এর অধীন 
7. <other_857_s44> [বাংলাদেশ টেলিযোগাযোগ নিয়ন্ত্রণ আইন, ২০০১, ধারা ৪৪] ক্ষতিপূরণ — (১) পরিচালনাকারী কর্তৃক ৪২ ধারার অধীনে তাহার পথাধিকার প্রয়োগ বা ৪৩ ধারার অধীনে তাহার প্রয়োজনে কৃত কোন কিছুর 
8. <other_1134_s4> [নিউরো-ডেভেলপমেন্টাল প্রতিবন্ধী  সুরক্ষা  ট্র, ধারা ৪] অটিজম বা অটিজম স্পেকট্রাম ডিসঅর্ডারস — যাহাদের মধ্যে নিম্নবর্ণিত দফাসমূহে উল্লিখিত লক্ষণসমূহের মধ্যে দফা (ক), (খ) ও (গ) এর উপস্থিতি নিশ্চিতভাবে এবং 
9. <labour_952_s101> [বাংলাদেশ শ্রম আইন, ২০০৬, ধারা ১০১] বিশ্রাম বা আহারের জন্য বিরতি — কোন প্রতিষ্ঠানে কোন শ্রমিক-(ক) দৈনিক ছয় ঘণ্টার অধিক কাজ করিতে বাধ্য থাকিবেন না, যদি না উক্ত দিনে তাহাকে বিশ্র
10. <other_1126_s4> [প্রতিবন্ধী ব্যক্তির অধিকার ও সুরক্ষা আইন, ২০, ধারা ৪] অটিজম বা অটিজমস্পেকট্রাম ডিজঅর্ডারস (autism or autism spectrum disorders) — যাহাদের মধ্যে নিম্নবর্ণিত দফাসমূহে উল্লিখিত লক্ষণসমূহের মধ্যে দফা (ক), (খ) ও (গ) এর উপস্থিতি নিশ্চিতভাবে এবং দ","cybercrime_1710_s25, labour_952_s332, criminal_procedure_11_s509","own_search","answered","2"
"prot_0104_03","Sifat","VERIFY","অর্পিত সম্পত্তির হিসাবে গেজেট প্রকাশিত হলে ওই সম্পত্তি কোনো ভারতীয় নাগরিক মালিকানা দাবি করতে পারবেন না। শুধু বাংলাদেশে বসবাসকারী ভারতীয় নাগরিকদের ‘উত্তরাধিকারী’ বা ‘উত্তরাধিকারীর স্বার্থাধিকারী’ ও সহ-অংশীদারেরা ট্রাইব্যুনালে আবেদন করতে পারবেন। ৪. যেহেতু মৃত নৃপেন্দ্র চন্দ্র দেব ও জীবিত কৃপেশ চন্দ্র দেব এই দেশ ১৯৬৫ সালের আগে ত্যাগ করেছেন (অব্যাহতভাবে বাংলাদেশের নাগরিক নন) সেহেতু তাঁদের ‘উত্তরাধিকারী’ বা ‘উত্তরাধিকারীর স্বার্থাধিকারী’ হিসেবে আমার পিতা হওয়াতে কোনো আইনগত বাধা আছে কি না? কারণ, সরকার তো তাঁদের নামীয় সম্পত্তি প্রত্যর্পণ তালিকায় প্রকাশ করেছে। এর পরও মৃত নৃপেন্দ্র চন্দ্র দেবের উত্তরাধিকারী ও কৃপেশ চন্দ্র দেব উভয় পক্ষদ্বয়, আমার পিতার সূত্রে বর্তমানে আমিই তাঁদের এই সম্পত্তির একমাত্র উত্তরাধিকারী এরূপ স্বীকৃতিপত্র উভয় পক্ষই দিতে সম্মত আছে। তবে ভারত থেকে তাঁদের পাঠানো ডকুমেন্ট রাষ্ট্রীয়ভাবে বাংলাদেশে অর্থাৎ এই ট্রাইব্যুনালে গৃহীত হবে কি না?","1. <land_856_s2_p2> [অর্পিত সম্পত্তি প্রত্যর্পণ আইন, ২০০১, ধারা ২] সংজ্ঞা — সম্পত্তি হিসাবে তালিকাভুক্ত হইয়াছে সেই মূল মালিক বা তাহার উত্তরাধিকারী, বা উক্ত মূল মালিক বা উত্তরাধিকারীর স্
2. <other_788_s239> [কোম্পানী আইন, ১৯৯৪, ধারা ২৩৯] প্রদায়কের উত্তরাধিকারী ইত্যাদির দায়-দায়িত্ব — (১) প্রদায়কের তালিকায় নাম লিপিবদ্ধ হওয়ার পূর্বে বা পরে কোন প্রদায়কের মৃত্যু ঘটিলে, তাহার আইনানুগ প্রতিনিধি
3. <land_856_s6> [অর্পিত সম্পত্তি প্রত্যর্পণ আইন, ২০০১, ধারা ৬] কতিপয় সম্পত্তি 1 [প্রত্যর্পণযোগ্য সম্পত্তির তালিকায়] অন্তর্ভুক্তি নিষিদ্ধ — 13[প্রত্যর্পণযোগ্য সম্পত্তির তালিকায়] নিম্নবর্ণিত সম্পত্তি অন্তর্ভুক্ত করা যাইবে না, যথা:-(ক) কোন সম্পত্তি অর
4. <land_856_s10_p0> [অর্পিত সম্পত্তি প্রত্যর্পণ আইন, ২০০১, ধারা ১০] 1 [প্রত্যর্পণযোগ্য] সম্পত্তি প্রত্যর্পণ বা অবমুক্তির আবেদন, রেজিষ্ট্রি, রায় ও রায়ের অনুলিপি — (১)38[ধারা ৯ এর অধীন গেজেটে প্রকাশিত ক তফসিলভুক্ত অর্পিত] সম্পত্তির মালিক উক্ত সম্পত্তি তাহার অনুকূলে প্রত্যর্
5. <labour_952_s131> [বাংলাদেশ শ্রম আইন, ২০০৬, ধারা ১৩১] (১) এই অধ্যায়ের অন্যান্য বিধান সাপেক্ষে, কোনো শ্রমিককে মজুরি হিসাবে প্রদেয় সকল অর্থ তাহার মৃত্যুজনিত কারণে অ
6. <land_856_s9> [অর্পিত সম্পত্তি প্রত্যর্পণ আইন, ২০০১, ধারা ৯] 1 [প্রত্যর্পণযোগ্য ]সম্পত্তির তালিকা প্রকাশ — 21[ (১) অর্পিত সম্পত্তি প্রত্যর্পণ (সংশোধন) আইন, ২০১১ কার্যকর হইবার22[ ৩০০ (তিনশত)] দিনের মধ্যে সরকার এই ধারার
7. <other_1347_s10> [সামুদ্রিক মৎস্য (Marine Fisheries) আইন, ২০২০, ধারা ১০] লাইসেন্স হস্তান্তর নিষিদ্ধ, ইত্যাদি — লাইসেন্স হস্তান্তরযোগ্য বা বিক্রয়যোগ্য হইবে না :তবে শর্ত থাকে যে, ব্যক্তিমালিকানার ক্ষেত্রে লাইসেন্স গ্রহীতার
8. <land_856_s28ক> [অর্পিত সম্পত্তি প্রত্যর্পণ আইন, ২০০১, ধারা ২৮ক] (১) অর্পিত সম্পত্তি প্রত্যর্পণ (দ্বিতীয় সংশোধন) আইন, ২০১৩ কার্যকর হইবার সঙ্গে সঙ্গে অর্পিত সম্পত্তি সম্পর্কিত
9. <other_1131_s17> [বৈদেশিক কর্মসংস্থান ও অভিবাসী আইন, ২০১৩, ধারা ১৭] লাইসেন্স হস্তান্তর ও ঠিকানা পরিবর্তন, ইত্যাদি — (১) কোন রিক্রুটিং এজেন্ট তাহার লাইসেন্স অন্য কোন ব্যক্তির নিকট কোন ভাবে হস্তান্তর করিতে পারিবে না।(২) কোন রিক্
10. <other_1287_s16> [উদ্ভিদের জাত সংরক্ষণ আইন, ২০১৯, ধারা ১৬] নিবন্ধনের জন্য আবেদনকারীর যোগ্যতা, ইত্যাদি — (১) নিম্নবর্ণিত ব্যক্তি ও প্রতিষ্ঠানউদ্ভিদের জাত সংরক্ষণের জন্য আবেদনের যোগ্য বলিয়া গণ্য হইবে, যথা : -(ক) বাং","1","candidate","answered","1"
"prot_0038_05","Sifat","VERIFY","আমার বিয়ে হয় ২০০৮ সালে। এর এক বছর পর আমার একটি ছেলে হয়। বিয়েতে দেনমোহর যা ছিল তার মধ্যে কিছু টাকা বিয়ের সময় পরিশোধ করা হয়। এটি কাবিনে উল্লেখ আছে। এখন আমি স্ত্রীকে তালাক দিলে আমাকে বাকি আর কত টাকা দিতে হবে এবং আমার স্ত্রী আমার বিরুদ্ধে কোনো আইনি ব্যবস্থা নিতে পারবে কি না? আমার বাচ্চাটি কার কাছে থাকবে?","1. <criminal_procedure_1013_s106> [বরিশাল মহানগরী পুলিশ আইন, ২০০৯, ধারা ১০৬] কতিপয় ক্ষেত্রে পুলিশ কর্মকর্তার দণ্ড প্রদানের ক্ষমতা — (১) পুলিশ কমিশনার কর্তৃক সাধারণ বিজ্ঞপ্তি মারফত নির্ধারিত পদের পুলিশ কর্মকর্তা যদি দেখেন যে, ধারা ৬৭, ৬৮, ৬৯, 
2. <criminal_procedure_1012_s106> [সিলেট মহানগরী পুলিশ আইন, ২০০৯, ধারা ১০৬] কতিপয় ক্ষেত্রে পুলিশ কর্মকর্তার দন্ড দেওয়ার ক্ষমতা — (১) পুলিশ কমিশনার কর্তৃক সাধারণ বিজ্ঞপ্তি মারফত নির্ধারিত পদের পুলিশ কর্মকর্তা যদি দেখেন যে, ধারা ৬৭, ৬৮, ৬৯, 
3. <criminal_procedure_765_s105> [রাজশাহী মহানগরী পুলিশ আইন, ১৯৯২, ধারা ১০৫] কতিপয় মামলার নিষ্পত্তি — (১) ধারা ৫৮, ৫৯, ৬২, ৬৩, ৬৬, ৭১, ৭২, ৭৩, ৭৪, ৭৬, ৮০, ৮১, ৮২, ৮৩, ৮৫, ৮৬, ৮৯, ৯৫, ৯৬, ৯৭, ৯৯ বা ১০০ এর অধীন দণ্
4. <criminal_procedure_1013_s105> [বরিশাল মহানগরী পুলিশ আইন, ২০০৯, ধারা ১০৫] কতিপয় মামলার নিষ্পত্তি — (১) ধারা ৫৮, ৫৯, ৬২, ৬৩, ৬৬, ৭১,৭২, ৭৩, ৭৪, ৭৬, ৮০, ৮১, ৮২, ৮৩, ৮৫, ৮৬, ৮৯, ৯৫, ৯৬, ৯৭, ৯৯, বা ১০০ এর অধীন দণ্
5. <criminal_procedure_1012_s105> [সিলেট মহানগরী পুলিশ আইন, ২০০৯, ধারা ১০৫] কতিপয় মামলার নিষ্পত্তি — (১) ধারা ৫৮, ৫৯, ৬২, ৬৩, ৬৬, ৭১,৭২, ৭৩, ৭৪, ৭৬, ৮০, ৮১, ৮২, ৮৩, ৮৫, ৮৬, ৮৯, ৯৫, ৯৬, ৯৭, ৯৯, বা ১০০ এর অধীন দন্
6. <criminal_procedure_765_s106> [রাজশাহী মহানগরী পুলিশ আইন, ১৯৯২, ধারা ১০৬] কতিপয় ক্ষেত্রে পুলিশ কর্মকর্তার দণ্ড দেওয়ার ক্ষমতা — (১) পুলিশ কমিশনার কর্তৃক সাধারণ বিজ্ঞপ্তি মারফত নির্ধারিত পদের পুলিশ কর্মকর্তা যদি দেখেন যে, ধারা ৬৭, ৬৮, ৬৯ ব
7. <other_788_s342> [কোম্পানী আইন, ১৯৯৪, ধারা ৩৪২] লিকুইডেটর কর্তৃক ব্যাংকে টাকা জমাদান — (১) আদালত কর্তৃক অবলুপ্ত হইতেছে এইরূপ কোম্পানীর প্রত্যেক লিকুইডেটর তত্কর্তৃক গৃহীত সকল টাকা নির্ধারিত পদ্ধতিতে
8. <other_1192_s31> [বাংলাদেশ সেতু কর্তৃপক্ষ আইন, ২০১৬, ধারা ৩১] শুনানি ব্যতীত মামলা নিস্পত্তির জন্য বিশেষ কার্যধারা — (১) এই আইন অথবা বিধি বা প্রবিধানের অধীন সংঘটিত কোন অপরাধ কোন আদালত কর্তৃক বিচারার্থে গৃহীত হইলে উক্ত আদালত কর্
9. <other_1586_s23> [গুম প্রতিরোধ ও প্রতিকার অধ্যাদেশ, ২০২৫, ধারা ২৩] স্ত্রী বা সন্তান কর্তৃক গুম হওয়া ব্যক্তির সম্পত্তি ব্যবহারের অনুমতি — (১) গুম হওয়া ব্যক্তির দায় পরিশোধ, তাহার স্ত্রী বা তাহার উপর নির্ভরশীল পরিবারের সদস্যদের ভরণপোষণের বা অন্য কো
10. <other_1476_s171_p10> [কাস্টমস আইন, ২০২৩, ধারা ১৭১] অপরাধসমূহের জরিমানা বা দণ্ড — অধ্যায়ের ধারা ১৪২, ১৪৩, ১৪৪ বা ১৪৫ এর বিধান অনুযায়ী ট্রানজিট পদ্ধতির অধীন ন্যস্তকৃত পণ্য এবং প্রযোজ্য দলিল, ","family_305_s7, family_305_s10, family_64_s17","own_search","answered","2"
"lawy_0445_01","Sifat","VERIFY","চেক ডিসঅনার মামলা : কখন ও কিভাবে করতে হয়?","1. <other_1496_s28> [পরিশোধ ও নিষ্পত্তি ব্যবস্থা আইন, ২০২৪, ধারা ২৮] চেক, ইত্যাদি — চেকসহ অন্যান্য কাগুজে পরিশোধ দলিলের অর্থ পরিশোধের ক্ষেত্রেNegotiable Instruments Act, 1881(Act No. XXVI of 188
2. <other_751_s115> [ব্যাংক-কোম্পানী আইন, ১৯৯১, ধারা ১১৫] কোন ব্যাংক-কোম্পানী, বাংলাদেশ ব্যাংক বা সরকার কর্তৃক বাংলাদেশ ব্যাংকের সুপারিশক্রমে এতদুদ্দেশ্যে বিজ্ঞাপিত কোন
3. <other_1055_s17> [রিয়েল এস্টেট উন্নয়ন ও ব্যবস্থাপনা আইন, ২০১০, ধারা ১৭] ক্রেতা কর্তৃক অর্থ ফেরত গ্রহণের নিয়মাবলী — কোন কারণে ক্রেতা লিখিত আবেদনের মাধ্যমে তাঁহার অনুকূলে প্রদত্ত বরাদ্দ বাতিলপূর্বক পরিশোধিত অর্থ ফেরত গ্রহণ করিত
4. <other_751_s35_p0> [ব্যাংক-কোম্পানী আইন, ১৯৯১, ধারা ৩৫] অদাবীকৃত আমানত এবং মূল্যবান সামগ্রী — (১) যেক্ষেত্রে-(ক) কোন ব্যাংক-কোম্পানীর কোন বাংলাদেশী শাখায় সরকার, নাবালক বা আদালতের অর্থ ব্যতীত অন্য কাহারো1
5. <other_1478_s24> [ফাইন্যান্স কোম্পানি আইন, ২০২৩, ধারা ২৪] আমানত গ্রহণে বাধা-নিষেধ — (১) ফাইন্যান্স কোম্পানি এইরূপ কোনো আমানত গ্রহণ করিবে না যাহা চাহিবামাত্র চেক, ড্রাফট, ডেবিট কার্ড অথবা আমানতকা
6. <other_1429_s100> [আয়কর আইন, ২০২৩, ধারা ১০০] বিমার কমিশনের অর্থ হইতে কর্তন — কমিশন বা অন্য কোনো উপায়ে সম্মানি বা পুরষ্কারের মাধ্যমে বিমা গ্রহণের জন্য আহ্বান বা বিমা সংগ্রহের ব্যবসাসহ বিম
7. <other_788_s79> [কোম্পানী আইন, ১৯৯৪, ধারা ৭৯] নাম প্রকাশ না করার দণ্ড — (১) কোন সীমিতদায় কোম্পানী ধারা ৭৮(ক) এর বিধান পালনে ব্যর্থ হইলে, যতদিন উক্ত ব্যর্থতা অব্যাহত থাকে, ততদিনের প্
8. <other_756_s15> [গণভোট আইন, ১৯৯১, ধারা ১৫] নষ্ট ব্যালট পেপার — (১) যদি কোন ভোটার অসাবধানতাবশতঃ তাহার ব্যালট পেপার এইরূপভাবে নষ্ট করেন যে, উহা একটি বৈধ ব্যালট পেপার হিসাবে ব্
9. <labour_1285_s58> [বাংলাদেশ ইপিজেড শ্রম আইন, ২০১৯, ধারা ৫৮] মজুরি হইতে কর্তনযোগ্য বিষয়াদি — (১) এইআইনদ্বারা অনুমোদিত কর্তনের ক্ষেত্র ব্যতীত অন্য কোনো ক্ষেত্রে কোনো শ্রমিকের মূল মজুরি হইতে কিছুই কর্তন কর
10. <other_1009_s2_p2> [সন্ত্রাস বিরোধী আইন, ২০০৯, ধারা ২] সংজ্ঞা — বা ডিজিটালসহ যে কোন ধরনের আইনি দলিল বা ইনস্ট্রূমেন্ট যাহা উক্ত তহবিল বা সম্পদের মালিকানা স্বত্ব বা মালিকানা স্","money_recovery_46_s138_p0, money_recovery_46_s141","own_search","answered","3"
"prot_0000_02","Sifat","VERIFY","আমি স্নাতক (সম্মান) শেষ বর্ষের পরীক্ষা দেব। আমার সঙ্গে হিন্দুধর্মাবলম্বী একজন মেয়ের সম্পর্ক রয়েছে। আমরা দুজন দুজনকেই অনেক বেশি ভালোবাসি। কিছুদিন আগে ওর পরিবার সব বুঝতে পারে। ওকে এক মাস ঘরে আটকে রেখে জোর করে বিয়ে দেয়। আজ বিয়ে হওয়ার প্রায় দুই মাস হয়ে গেল। ও আমার কাছে ফিরে আসতে চায়। আমার জন্য সব করতে পারবে। আমিও চাই। আসলে আইন কী বলছে, আমি তা জানতে চাই। আমরা কি বিয়ে করতে পারব? আর আমাদের কী করা উচিত?","1. <criminal_procedure_1012_s52> [সিলেট মহানগরী পুলিশ আইন, ২০০৯, ধারা ৫২] নিয়োগপত্র, প্রভৃতি ফেরৎ দিতে গাফিলতি বা অস্বীকৃতি জ্ঞাপনের দণ্ড — কোন পুলিশ কর্মকর্তা বাহিনীর সহিত সম্পর্ক ছিন্ন হওয়ার অব্যবহিত পরে তাহার নিয়োগপত্র, অস্ত্র, পোশাক ও অন্যান্য 
2. <criminal_procedure_1013_s52> [বরিশাল মহানগরী পুলিশ আইন, ২০০৯, ধারা ৫২] নিয়োগপত্র, প্রভৃতি ফেরত দিতে গাফিলতি বা অস্বীকৃতি জ্ঞাপনের দণ্ড — কোন পুলিশ কর্মকর্তা বাহিনীর সহিত সম্পর্ক ছিন্ন হওয়ার অব্যবহিত পরে তাহার নিয়োগপত্র, অস্ত্র, পোশাক ও অন্যান্য 
3. <other_1725_s97_p1> [অর্থ আইন, ২০২৬, ধারা ৯৭] ২০২৩ সনের ১২ নং আইনের ধারা ১৭০ এর সংশোধন — করের ৫% (পাঁচ শতাংশ) অথবা ৫ (পাঁচ) হাজার টাকা, যাহা অধিক সেই পরিমাণ অতিরিক্ত কর প্রযোজ্য হইবে । (খ) পূর্বে কখন
4. <criminal_procedure_765_s52> [রাজশাহী মহানগরী পুলিশ আইন, ১৯৯২, ধারা ৫২] নিয়োগপত্র, প্রভৃতি ফেরত্ দিতে গাফিলতি বা অস্বীকৃতি জ্ঞাপনের দণ্ড — কোন পুলিশ কর্মকর্তা বাহিনীর সহিত সম্পর্ক ছিন্ন হওয়ার অব্যবহিত পরে তাহার নিয়োগপত্র, অস্ত্র, পোশাক ও অন্যান্য 
5. <other_751_s70> [ব্যাংক-কোম্পানী আইন, ১৯৯১, ধারা ৭০] সরকারী অবসায়ক কর্তৃক প্রাথমিক প্রতিবেদন দাখিল — কোম্পানী আইনের283[ধারা ২৫৯] তে ভিন্নতর কোন বিধান থাকা সত্ত্বেও, যে ক্ষেত্রে এই284[আইন] প্রবর্তনের পূর্বে বা পর
6. <other_1052_s10_p1> [বাংলাদেশ গ্যাস আইন, ২০১০, ধারা ১০] কতিপয় অপরাধের দণ্ড — গ্রাহক দোষী সাব্যস্ত হইলে, তিনি অনধিক ৩ (তিন) মাস কারাদন্ডে বাঅনধিক ১০ (দশ) হাজার টাকা অর্থদন্ডে বা উভয় দন্ডে
7. <other_1052_s11> [বাংলাদেশ গ্যাস আইন, ২০১০, ধারা ১১] অননুমোদিত উদ্দেশ্যে গ্যাস ব্যবহারের দন্ড — (১) কোন গৃহস্থালী গ্রাহক তাহার গৃহস্থালী সংযোগ হইতে অননুমোদিত বা অবৈধভাবে বাণিজ্যিক কাজে বা শিল্প প্রতিষ্ঠানে 
8. <labour_952_s300> [বাংলাদেশ শ্রম আইন, ২০০৬, ধারা ৩০০] কোন ব্যক্তি একই সময়ে একাধিক ট্রেড ইউনিয়নের সদস্য হইলে বা থাকিলে, তিনি215[ এক মাস] পর্যন্ত কারাদণ্ডে অথবা দুই
9. <other_1169_s54> [ফাইনান্সিয়াল রিপোর্টিং আইন, ২০১৫, ধারা ৫৪] আপীল কর্তৃপক্ষ — (১) এই আইনের অধীন আপীল শুনানীর জন্য সরকার, সরকারি গেজেটে প্রজ্ঞাপন দ্বারা, একটি আপীল কর্তৃপক্ষ গঠন করিতে পারিব
10. <consumer_1270_s50> [ওজন ও পরিমাপ মানদণ্ড আইন, ২০১৮, ধারা ৫০] সীলমোহর জালকরণের দণ্ড, ইত্যাদি — কোনো ব্যক্তি যদি-(ক) কোনো সীলমোহর অথবা স্ট্যাম্প জাল করেন; বা(খ) জাল সীলমোহর অধিকারে রাখেন, বিক্রয় বা অন্য কো","criminal_procedure_11_s494, criminal_procedure_11_s498, other_25_s2","own_search","answered","1"
"prot_0076_02","Sifat","VERIFY","আমার বাবা ক্যানসারে আক্রান্ত হলে তড়িঘড়ি আমাদের দুই বোনকে বিয়ে দিয়ে দেন। বড় বোনের বিয়ে হয় তাঁর পছন্দের ছেলের সঙ্গে। ভালোই আছেন তাঁরা। আমার স্বামী যুক্তরাজ্যে লেখাপড়া করে। ঢাকায় বাড়ি আছে। আমি দেখতে খুব সুশ্রী বলে শ্বশুরবাড়িতে বেশ আদর পাচ্ছিলাম। কিন্তু আমার বাবা জুন মাসে মারা যাওয়ার পরই নির্যাতন শুরু হয় আমার ওপর। ঢাকায় আমার পরিবারের সঙ্গে থেকে স্নাতক (সম্মান) শ্রেণীতে পড়ছিলাম। আমার শ্বশুর আমাকে দনিয়া কলেজে ভর্তি করিয়ে স্নাতক (সম্মান) কোর্সকরায় বাদ সাধেন। স্বামী এখানে না থাকায় মা চাইছিলেন না আমি শ্বশুরবাড়ি থাকি। কিন্তু শ্বশুরের পীড়াপীড়িতে একসময় যেতে বাধ্য হই। তারপর নানা অজুহাতে শ্বশুর শারীরিক ও মানসিক নির্যাতন চালান আমার ওপর। স্বামীর কাছেও আমার সম্পর্কে অবান্তর কথাবার্তা বলেন। আমার বক্তব্য না শুনেই বিদেশ থেকে ক্ষিপ্ত হয়ে এসএমএস করতে থাকে স্বামী। এসব ঘটনা আমার মাকে জানাইনি। তিনি একদিন আমাকে দেখতে আসেন। তাঁর সঙ্গে আমার শ্বশুর এত নোংরা ব্যবহার করেন, ফলে মা বুঝতে পারেন তাঁর মেয়ে কী অবস্থায় আছে। তাৎক্ষণিকভাবেই মা আমাকে বাড়িতে নিয়ে আসেন। আমার স্বামীকে এসব জানানো হলে তালাকনামা পাঠিয়ে দেয় আমাদের ঠিকানায়। আমি জানি সে চরম বিভ্রান্ত, এ কারণে নীরবেই দিনাতিপাত করছি। কিন্তু তার কোনো সুমতি যেমন দেখছি না। তালাকনামা পাঠানোর পরও আমার মোহরানা, খোরপোশ কিছুই পরিশোধ করেনি। এ অবস্থায় আমার করণীয় কী? সে যদি সত্য উদ্ঘাটিত করে আমার সঙ্গে সংসার করতে চায়, তাহলে কীভাবে তা সম্ভব? নাম প্রকাশে অনিচ্ছুকঢাকা","1. <other_1485_s9> [বাংলাদেশ পুলিশ কল্যাণ তহবিল আইন, ২০২৩, ধারা ৯] মৃত্যু এবং অক্ষমতাজনিত কারণে এককালীন এবং মাসিক কল্যাণ অনুদান — (১) কোনো কর্মচারী বা তাহার মৃত্যু হইলে তাহার স্ত্রী বা, ক্ষেত্রমত, স্বামী, বিধি দ্বারা নির্ধারিত পদ্ধতিতে, নিম
2. <women_children_1063_s3> [পারিবারিক সহিংসতা (প্রতিরোধ ও সুরক্ষা) আইন, , ধারা ৩] পারিবারিক সহিংসতা — - এই আইনের উদ্দেশ্য পূরণকল্পে পারিবারিক সহিংসতা বলিতে পারিবারিক সম্পর্ক রহিয়াছে এমন কোন ব্যক্তি কতৃর্ক পরিবার
3. <labour_952_s98> [বাংলাদেশ শ্রম আইন, ২০০৬, ধারা ৯৮] সংবাদপত্র শ্রমিকের জন্য চিকিৎসা পরিচর্যা — প্রত্যেক সংবাদপত্র শ্রমিক এবং তাহার উপর নির্ভরশীলগণ সংবাদপত্র প্রতিষ্ঠানের খরচে বিধি দ্বারা নির্ধারিত পন্থায় 
4. <other_822_s10> [পার্বত্য চট্টগ্রাম আঞ্চলিক পরিষদ আইন, ১৯৯৮, ধারা ১০] সম্পত্তি সম্পর্কিত ঘোষণা — চেয়ারম্যান ও প্রত্যেক সদস্য তাহার কার্যভার গ্রহণের পূর্বে তাহার এবং তাঁহার পরিবারের কোন সদস্যের স্বত্ব, দখল ব
5. <local_government_1027_s41> [স্থানীয় সরকার (ইউনিয়ন পরিষদ) আইন, ২০০৯, ধারা ৪১] সম্পত্তি সম্পর্কিত ঘোষণা — চেয়ারম্যান ও সদস্য তাঁহার কার্যভার গ্রহণের পূর্বে তাঁহার এবং তাঁহার পরিবারের কোন সদস্যের স্বত্ব, দখল বা স্বার
6. <local_government_827_s10> [উপজেলা পরিষদ আইন, ১৯৯৮, ধারা ১০] সম্পত্তি সম্পর্কিত ঘোষণা — 14[চেয়ারম্যান ও ভাইস চেয়ারম্যান ] তাঁহার কার্যভার গ্রহণের পূর্বে তাঁহার এবং তাঁহার পরিবারের কোন সদস্যের স্বত
7. <other_1266_s2_p3> [বাংলাদেশ মুক্তিযোদ্ধা কল্যাণ ট্রাস্ট আইন, ২০, ধারা ২] সংজ্ঞা — বা স্বামী এবং পিতা-মাতার অবর্তমানে খেতাবপ্রাপ্ত বীর মুক্তিযোদ্ধার সন্তান; বা(উ) (অ)-(ঈ) পর্যন্ত বর্ণিত ব্যক্তি
8. <other_1725_s21_p29> [অর্থ আইন, ২০২৬, ধারা ২১] ২০১২ সনের ৪৭ নং আইনের দ্বিতীয় তফসিলের সংশোধন — ডলার পর্যন্ত ৪৫ (ঘ) মূল্যসীমা ১০০০০০ মা. ডলার এর ঊর্ধ্ব হইতে ২০০০০০ মা. ডলার পর্যন্ত ৬০ (ঙ) মূল্যসীমা ২০০০০০ ম
9. <other_1124_s7> [মাতৃদুগ্ধ বিকল্প, শিশু খাদ্য, বাণিজ্যিকভাবে , ধারা ৭] শিক্ষামূলক বা অন্যান্য তথ্যাদি — জন্ম-পূর্ববর্তী বা জন্ম-পরবর্তী সেবা দানের উদ্দেশ্যে কোন গর্ভবতী মহিলা বা মাতৃদুগ্ধদানকারী বা শিশুর মায়েদের স
10. <other_1271_s46> [সরকারি চাকরি আইন, ২০১৮, ধারা ৪৬] অক্ষমতাজনিত অবসর — (১) কোনো সরকারি কর্মচারী শারীরিক অথবা মানসিক অসামর্থ্য বা বৈকল্যের কারণে সরকারি কর্ম সম্পাদনে নিজেকে অক্ষম মনে","family_305_s7, family_1444_s5","own_search","answered","2"
"prot_0024_01","Sifat","VERIFY","চার বছর আগে আমার সঙ্গে একটি মেয়ের সম্পর্ক হয়। গত বছর আমরা কোর্ট ম্যারেজ করি কিন্তু কাজী অফিসে নিবন্ধন করিনি মেয়ের আপত্তির কারণে। তার ধারণা, এর ফলে বিয়ের কথা জানাজানি হয়ে যাবে আর তার পরিবার বিয়ের কাগজ তুলে আমাকে তালাক দিতে বাধ্য করাবে। এবং সে ২০১৪ সালে এসএসসি পরীক্ষা দেয়। সমস্যা হলো, মাধ্যমিক পরীক্ষার সনদপত্র অনুযায়ী এখন তার বয়স ১৬ বছর। কিন্তু সে বলে তার বয়স আরও দুই-তিন বছর বেশি হবে। কারণ সে কেজি স্কুলে লেখাপড়া করেছে। আমাদের বিয়ের বিষয়টা জানাজানি হওয়াতে তার পরিবার তাকে সব সময় শারীরিক ও মানসিক নির্যাতন করে। ওকে আমার পরিবার বউ হিসেবে গ্রহণ করতে রাজি। মেয়েটা অনেক দিন যাবৎ বাসা থেকে বের হয়ে যেতে যাচ্ছে। আমি ওকে অপেক্ষা করতে বলি। এ অবস্থায় আমি কী করব বুঝতে পারছি না। সে দুই মাসের অন্তঃসত্ত্বা। এ অবস্থায় সে যদি আমার বাসায় চলে আসে এবং সে যদি থানায় আমার পক্ষে সাক্ষ্য দেয়, তাহলে কি প্রশাসন আমাকে কোনো সমস্যা করবে? ও চলে এলে ওর পরিবার হয়তো বা অপহরণ মামলা দিতেও পারে। এই ক্ষেত্রে আমার করণীয় কী? নাম প্রকাশে অনিচ্ছুক","1. <labour_1285_s24> [বাংলাদেশ ইপিজেড শ্রম আইন, ২০১৯, ধারা ২৪] চাকরি হইতে অবসর গ্রহণ — (১) এই অধ্যায়ের অন্যত্র যাহা কিছুই উল্লে­খ থাকুক না কেন, কোনো প্রতিষ্ঠানে নিয়োজিত কোনো শ্রমিকের বয়স ৬০ (ষাট
2. <other_1717_s18ক_p1> [ব্যাংক রেজল্যুশন আইন, ২০২৬, ধারা ১৮ক] রেজল্যুশন কার্যক্রম হইতে শেয়ার, সম্পদ-দায়, পুনঃধারণ বা ধারণ — বা পক্ষ ক্ষতিগ্রস্থ হইলে তাহাদের প্রাপ্য ক্ষতিপূরণ প্রদান করিবে; ছ) বাংলাদেশ ব্যাংক, আবেদনকারীর নিকট হস্তান্তর
3. <other_1403_s40> [মোংলা বন্দর কর্তৃপক্ষ আইন, ২০২২, ধারা ৪০] দণ্ড — কোনো ব্যক্তি যদি এই আইন ও বিধির কোনো বিধান লঙ্ঘন করেন তাহা হইলে উক্ত লঙ্ঘন হইবে একটি অপরাধ এবং তজ্জন্য তিনি অন
4. <other_889_s12> [নিরাপদ রক্ত পরিসঞ্চালন আইন, ২০০২, ধারা ১২] লাইসেন্সের মেয়াদ ও নবায়ন — (১) বেসরকারী রক্ত পরিসঞ্চালন কেন্দ্র স্থাপন ও পরিচালনার জন্য প্রদত্ত লাইসেন্সের মেয়াদ হইবে লাইসেন্স ইস্যুর তা
5. <other_1134_s6> [নিউরো-ডেভেলপমেন্টাল প্রতিবন্ধী  সুরক্ষা  ট্র, ধারা ৬] বুদ্ধিপ্রতিবন্ধিতা — নিম্নবর্ণিত বৈশিষ্ট্যসমূহের মধ্যে এক বা একাধিক বৈশিষ্ট্যের অধিকারী কোনো ব্যক্তি বুদ্ধিপ্রতিবন্ধি ব্যক্তি বলিয়
6. <other_1200_s4> [বাংলাদেশ নার্সিং ও মিডওয়াইফারি কাউন্সিল আইন,, ধারা ৪] কাউন্সিলের গঠন — (১) কাউন্সিল নিম্নবর্ণিত সদস্য সমন্বয়ে গঠিত হইবে, যথা:-(ক) সচিব,2[স্বাস্থ্য শিক্ষা ও পরিবার কল্যাণ বিভাগ], পদ
7. <other_1016_s11> [বাংলাদেশ ইউনিভার্সিটি অব প্রফেশনালস আইন, ২০০, ধারা ১১] ভাইস-চ্যান্সেলর নিয়োগ — (১) চ্যান্সেলর, তদকর্তৃক নির্ধারিত শর্তে, মেজর জেনারেল বা তদূর্ধ্ব পদবীর, চাকুরীরত বা অবসরপ্রাপ্ত, কোন কর্মকর্
8. <other_1025_s8> [মোবাইল কোর্ট আইন, ২০০৯, ধারা ৮] দণ্ড আরোপের সীমাবদ্ধতা — (১) এই আইনের অধীন মোবাইল কোর্ট পরিচালনা করিয়া দণ্ড আরোপ করিবার ক্ষেত্রে, সংশ্লিষ্ট অপরাধের জন্য সংশ্লিষ্ট আইন
9. <other_1138_s2> [গ্রামীণ ব্যাংক আইন, ২০১৩, ধারা ২] সংজ্ঞা — বিষয় বা প্রসংগের পরিপন্থি কোন কিছু না থাকিলে, এই আইনে,-1[(১) “ঋণ” অর্থ এইরূপ কোনো ব্যক্তির পক্ষে ব্যাংক কর্তৃ
10. <other_1725_s97_p1> [অর্থ আইন, ২০২৬, ধারা ৯৭] ২০২৩ সনের ১২ নং আইনের ধারা ১৭০ এর সংশোধন — করের ৫% (পাঁচ শতাংশ) অথবা ৫ (পাঁচ) হাজার টাকা, যাহা অধিক সেই পরিমাণ অতিরিক্ত কর প্রযোজ্য হইবে । (খ) পূর্বে কখন","women_children_1207_s7, women_children_1207_s12, women_children_835_s7","own_search","answered","2"
"prot_0063_05","Sifat","VERIFY","আমার বয়স ২১। স্নাতক পর্যায়ে পড়ছি। বাবা-মা আমাকে অনিচ্ছা সত্ত্বেও জোরপূর্বক বিয়ে দেওয়ার চেষ্টা করছেন। আমি এখন বিয়েতে রাজি না, এটা তাঁদের বুঝিয়েও পারছি না। আমি মাধ্যমিক ও উচ্চমাধ্যমিকে ভালো ফল করে ভালো বিষয়ে পড়ছি। আমার ছোটবেলা থেকে স্বপ্ন একজন চার্টার্ড অ্যাকাউনটেন্ট হওয়ার। কিন্তু বাবা-মা আমার স্বপ্নপূরণে ইচ্ছুক নন। আমার বাবা খুব ক্ষমতাশালী ব্যক্তি। এখন আমি খুব চিন্তায় আছি এবং অসহায় বোধ করছি। আমার কাছে পর্যাপ্ত টাকা নেই এবং কোনো পরিচিত উকিলও নেই। এ মুহূর্তে আমি কী করতে পারি? আমি কি কোনো আইনানুগ সহায়তা পাব? একজন প্রাপ্তবয়স্ক মেয়েকে জোরপূর্বক বিয়ে দেওয়ার বিরুদ্ধে আইন কি কোনো সহায়তা করবে?নাম প্রকাশে অনিচ্ছুকদিনাজপুর","1. <criminal_procedure_765_s93> [রাজশাহী মহানগরী পুলিশ আইন, ১৯৯২, ধারা ৯৩] বন্ধকগ্রহীতা, প্রভৃতি কর্তৃক চোরাই সম্পত্তি সম্পর্কে পুলিশকে খবর না দেওয়ার দণ্ড — কোন বন্ধকগ্রহীতা বা পুরাতন জিনিসের ব্যবসায়ী বা ধাতব কারখানার কর্মচারী কোন দ্রব্য চুরি হওয়ার ব্যপারে পুলিশ কর
2. <other_1482_s31> [বাংলাদেশ হোমিওপ্যাথিক চিকিৎসা শিক্ষা আইন, ২০, ধারা ৩১] ব্যবস্থাপত্রে অ-অনুমোদিত ঔষধ লিখিবার দণ্ড — (১) কোনো হোমিওপ্যাথিক চিকিৎসক হোমিওপ্যাথিক ফার্মাকোপিয়াতে অন্তর্ভুক্ত নেই এমন কোনো ঔষধ হোমিওপ্যাথিক চিকিৎসা ব
3. <labour_1285_s176> [বাংলাদেশ ইপিজেড শ্রম আইন, ২০১৯, ধারা ১৭৬] জোরপূর্বক বা বল প্রয়োগে কর্মে নিয়োগে বাধা-নিষেধ — কোনো শিল্প প্রতিষ্ঠানে কোনো কর্মে জোরপূর্বক বা বল প্রয়োগে কোনো ব্যক্তিকে নিয়োগ করা যাইবে না।
4. <other_1586_s9> [গুম প্রতিরোধ ও প্রতিকার অধ্যাদেশ, ২০২৫, ধারা ৯] কতিপয় ক্ষেত্রে অন্তর্বর্তীকালীন তদন্ত প্রতিবেদন — (১) ধারা ৮ এ যাহা কিছু থাকুক না কেন, যেক্ষেত্রে কোনো অভিযোগে উল্লেখ থাকে যে, কোনো ঊর্ধ্বতন ব্যক্তি ধারা ৪ এর উ
5. <other_751_s61> [ব্যাংক-কোম্পানী আইন, ১৯৯১, ধারা ৬১] ট্রাইব্যুনালের গঠন — (১) এই খণ্ডের উদ্দেশ্য পূরণকল্পে সরকার একজন চেয়ারম্যান ও অপর দুইজন সদস্য সমন্বয়ে একটি ট্রাইব্যুনাল গঠন করিতে
6. <criminal_procedure_1238_s91> [গাজীপুর মহানগরী পুলিশ আইন, ২০১৮, ধারা ৯১] বন্ধকগ্রহীতা বা অন্য কোনো ব্যক্তি কর্তৃক চোরাই সম্পত্তি সম্পর্কে পুলিশকে খবর না দেওয়ার দণ্ড — কোনো বন্ধকগ্রহীতা বা পুরাতন জিনিসের ব্যবসায়ী বা ধাতব কারখানার কর্মচারী কোনো দ্রব্য চুরি হইবার বিষয়ে পুলিশ অফ
7. <criminal_procedure_1239_s91> [রংপুর মহানগরী পুলিশ আইন, ২০১৮, ধারা ৯১] বন্ধকগ্রহীতা বা অন্য কোনো ব্যক্তি কর্তৃক চোরাই সম্পত্তি সম্পর্কে পুলিশকে খবর না দেওয়ার দণ্ড — কোনো বন্ধকগ্রহীতা বা পুরাতন জিনিসের ব্যবসায়ী বা ধাতব কারখানার কর্মচারী কোনো দ্রব্য চুরি হইবার বিষয়ে পুলিশ অফ
8. <other_1443_s54> [বাংলাদেশ ক্ষুদ্র ও কুটির শিল্প কর্পোরেশন আইন, ধারা ৫৪] জোরপূর্বক দখল বা অনুপ্রবেশের ক্ষেত্রে কর্পোরেশনের ক্ষমতা — কোনো কার্যক্রম, কর্মসূচি বা প্রকল্পের অন্তর্ভুক্ত কোনো ভূমি বা কর্পোরেশনের মালিকানাধীন বা কর্পোরেশনের নিকট ন্য
9. <other_1725_s21_p29> [অর্থ আইন, ২০২৬, ধারা ২১] ২০১২ সনের ৪৭ নং আইনের দ্বিতীয় তফসিলের সংশোধন — ডলার পর্যন্ত ৪৫ (ঘ) মূল্যসীমা ১০০০০০ মা. ডলার এর ঊর্ধ্ব হইতে ২০০০০০ মা. ডলার পর্যন্ত ৬০ (ঙ) মূল্যসীমা ২০০০০০ ম
10. <criminal_procedure_1013_s93> [বরিশাল মহানগরী পুলিশ আইন, ২০০৯, ধারা ৯৩] বন্ধকগ্রহীতা, প্রভৃতি কর্তৃক চোরাই সম্পত্তি সম্পর্কে পুলিশকে খবর না দেওয়ার দণ্ড — কোন বন্ধকগ্রহীতা বা পুরাতন জিনিসের ব্যবসায়ী বা ধাতব কারখানার কর্মচারী কোন দ্রব্য চুরি হওয়ার ব্যপারে পুলিশ কর","women_children_1063_s11, women_children_1063_s3","own_search","answered","1"
"prot_0030_03","Sifat","VERIFY","১৯৮২ সালে পঞ্চাশ হাজার টাকা দেনমোহরে আমার বিয়ে হয়। উশুল ছিল ১৫ হাজার টাকা ও ৪ ভরি সোনার গহনা। ১৯৮৪ সালে সেই গহনা বিক্রি করে আমার নামে জমি কেনা হয়। ২০০৮ সালে সেই জমি বিক্রি করা হয়। জমি বিক্রি করা টাকা আমাকে দেওয়া হয়নি। সেই টাকা ব্যাংক ও পোস্ট অফিসে রেখে মুনাফা অর্জন করা হচ্ছে। সেই মুনাফাও আমাকে দেওয়া হয় না। আমি যদি এখন আমার মোহরানা দাবি করি তাহলে কত টাকা পাব? মোহরানা আদায় না করে আমাদের বিবাহিত জীবন কি অবৈধ হচ্ছে? আমরা একসঙ্গে আছি এবং থাকব। তার পরও কি মোহরানা আদায় করা উচিত না। নাম-ঠিকানা প্রকাশে অনিচ্ছুক","1. <criminal_procedure_1013_s73> [বরিশাল মহানগরী পুলিশ আইন, ২০০৯, ধারা ৭৩] বিক্রি বা ভাড়ার উদ্দেশ্যে পশু বা যানবাহন রাস্তায় রাখার দণ্ড — কোন ব্যক্তি যদি পুলিশ কমিশনারের অনুমতি ছাড়া বিক্রি বা ভাড়া খাটাইবার উদ্দেশ্যে রাস্তায় বা সর্বসাধারণের ব্যবহ
2. <labour_952_s288> [বাংলাদেশ শ্রম আইন, ২০০৬, ধারা ২৮৮] ধারা ৬৭ লঙ্ঘন করার দণ্ড — কোন ব্যক্তি ধারা ৬৭ এর বিধান মানা হয় নাই এরূপ শক্তি চালিত কোন যন্ত্রপাতি কোন প্রতিষ্ঠানে ব্যবহারের জন্য বিক্র
3. <tenancy_748_s19_p2> [বাড়ী ভাড়া নিয়ন্ত্রণ আইন, ১৯৯১, ধারা ১৯] কতিপয় পরিস্থিততে ভাড়াটিয়া কর্তৃক ভাড়া জমা — নিয়ন্ত্রকের নিকট দিতে হইবে এবং উহার সহিত একটি দরখাস্ত পেশ করিতে হইবে যাহাতে নিম্নবর্ণিত বিষয়গুলি উল্লেখ থাকি
4. <other_1412_s6_p0> [বেসরকারি মেডিকেল কলেজ ও ডেন্টাল কলেজ আইন, ২০, ধারা ৬] বেসরকারি মেডিকেল কলেজ বা ডেন্টাল কলেজ স্থাপনের শর্তাবলি — এই আইনের অধীন বেসরকারি মেডিকেল কলেজ বা ডেন্টাল কলেজ স্থাপনের লক্ষ্যে নিম্নবর্ণিত শর্তাবলি পূরণ করিতে হইবে, যথা
5. <criminal_procedure_1012_s73> [সিলেট মহানগরী পুলিশ আইন, ২০০৯, ধারা ৭৩] বিক্রি বা ভাড়ার উদ্দেশ্যে পশু বা যানবাহন রাস্তায় রাখার দণ্ড — কোন ব্যক্তি যদি পুলিশ কমিশনারের অনুমতি ছাড়া বিক্রি বা ভাড়া খাটাইবার উদ্দেশ্যে রাস্তায় বা সর্বসাধারণের ব্যবহ
6. <other_1443_s2_p0> [বাংলাদেশ ক্ষুদ্র ও কুটির শিল্প কর্পোরেশন আইন, ধারা ২] সংজ্ঞা — বিষয় বা প্রসঙ্গের পরিপন্থি কোনো কিছু না থাকিলে, এই আইনে,-(১) ‘অতি ক্ষুদ্র শিল্প’ বা ‘মাইক্রো শিল্প’ অর্থ-(ক) 
7. <other_1478_s55_p3> [ফাইন্যান্স কোম্পানি আইন, ২০২৩, ধারা ৫৫] জরিমানা — বা অন্য কোনো দলিল দাখিল করিতে অথবা কোনো বিবরণ বা তথ্য সরবরাহ করিতে, অথবা ফাইন্যান্স কোম্পানির ব্যবসা সংক্রান্ত
8. <other_1246_s104> [ক্যান্টনমেন্ট আইন, ২০১৮, ধারা ১০৪] অনুচিত উদ্দেশ্যে ব্যবহৃত পতিত জমি ঘের (enclosure) দেওয়া — (১) বোর্ড, লিখিত নোটিশ দ্বারা, ক্যান্টনমেন্টের কোনো ইমারত বা ভূমির মালিক বা আংশিক মালিককে, বা মালিক বা আংশিক ম
9. <other_1476_s171_p7> [কাস্টমস আইন, ২০২৩, ধারা ১৭১] অপরাধসমূহের জরিমানা বা দণ্ড — পণ্য বা সেবা সরবরাহ করিতে ব্যর্থ হন।সংশ্লিষ্ট ব্যক্তির বিরুদ্ধে অন্যূন ২৫ (পঁচিশ) হাজার টাকা কিন্তু অনধিক ৫০ (
10. <other_1158_s25> [ফরমালিন নিয়ন্ত্রণ আইন, ২০১৫, ধারা ২৫] অপরাধ সংঘটনে গৃহ বা যানবাহন, ইত্যাদি ব্যবহার করিতে দেওয়ার দণ্ড — কোন ব্যক্তি যদি জ্ঞাতসারে এই আইনের অধীন কোন অপরাধ সংঘটনের জন্য তাহার মালিকানাধীন বা দখলীয় কোন বাড়ি-ঘর, জায়গ","family_305_s10, other_173_s2","own_search","answered","2"
"prot_0026_03","Sifat","VERIFY","আমি ২০০৮ সালে একটি ছেলেকে ভালোবেসে বিয়ে করি। সংসারজীবন ভালোই চলছিল, মাঝেমধ্যে আমার স্বামীর সঙ্গে কথা-কাটাকাটি হতো। যখন আমার স্বামীর সঙ্গে ঝগড়া হতো, তখন সে তার এক বন্ধুর বাড়িতে গিয়ে থাকত। এভাবে সেই বন্ধুর স্ত্রীর সঙ্গে আমার স্বামীর ঘনিষ্ঠ সম্পর্ক হয় এবং তাদের বিয়েও হয়। এর কিছুদিন পর আমার স্বামী তার বন্ধুর বউকে তালাকও দিয়েছে। আমার স্বামী যখন বিয়েটা করে, তখন ওই মেয়েটির স্বামীর সঙ্গে তার কোনো তালাক হয়নি। প্রথম স্বামী থাকা অবস্থায় ওই মেয়েটির আবার বিয়ে করাটা কি বৈধ হয়েছে? নাম প্রকাশে অনিচ্ছুক","1. <other_1266_s2_p2> [বাংলাদেশ মুক্তিযোদ্ধা কল্যাণ ট্রাস্ট আইন, ২০, ধারা ২] সংজ্ঞা — জামায়াতে ইসলামী এবং তাহাদের সহযোগী রাজাকার, আলবদর, আলশামস বাহিনীর বিরুদ্ধে গণপ্রজাতন্ত্রী বাংলাদেশের স্বাধীনত
2. <women_children_835_s11> [নারী ও শিশু নির্যাতন দমন আইন, ২০০০, ধারা ১১] যৌতুকের জন্য মৃত্যু ঘটানো, ইত্যাদির শাস্তি — যদি কোন নারীর স্বামী অথবা স্বামীর পিতা, মাতা, অভিভাবক, আত্মীয় বা স্বামীর পক্ষে অন্য কোন ব্যক্তি যৌতুকের জন্য 
3. <other_1045_s18> [চার্টার্ড সেক্রেটারীজ আইন, ২০১০, ধারা ১৮] রেজিস্টার — (১) সচিব, নিম্নবর্ণিত তথ্যাদি উল্লেখপূর্বক, নির্ধারিত পদ্ধতিতে, সদস্যগণের নাম রেজিস্টারে অন্তর্ভুক্ত ও সংরক্ষণ
4. <labour_952_s7> [বাংলাদেশ শ্রম আইন, ২০০৬, ধারা ৭] সার্ভিস বইয়ের ফরম — (১) সার্ভিস বই বিধি দ্বারা নির্ধারিত মাপে ও ফরমে রৰিত হইবে, এবং উহাতে শ্রমিকের একটি ফটো সংযোজিত থাকিবে।(২) সার
5. <other_1485_s9> [বাংলাদেশ পুলিশ কল্যাণ তহবিল আইন, ২০২৩, ধারা ৯] মৃত্যু এবং অক্ষমতাজনিত কারণে এককালীন এবং মাসিক কল্যাণ অনুদান — (১) কোনো কর্মচারী বা তাহার মৃত্যু হইলে তাহার স্ত্রী বা, ক্ষেত্রমত, স্বামী, বিধি দ্বারা নির্ধারিত পদ্ধতিতে, নিম
6. <other_1429_s31> [আয়কর আইন, ২০২৩, ধারা ৩১] আয় একীভূতকরণ — (১) এই আইনে ভিন্নরূপ কিছু না থাকিলে, নিম্নবর্ণিত আয়সমূহ কোনো ব্যক্তির মোট আয়ের অন্তর্ভুক্ত হইবে, যথা:-(ক) উক
7. <labour_952_s98> [বাংলাদেশ শ্রম আইন, ২০০৬, ধারা ৯৮] সংবাদপত্র শ্রমিকের জন্য চিকিৎসা পরিচর্যা — প্রত্যেক সংবাদপত্র শ্রমিক এবং তাহার উপর নির্ভরশীলগণ সংবাদপত্র প্রতিষ্ঠানের খরচে বিধি দ্বারা নির্ধারিত পন্থায় 
8. <other_1088_s14> [মানিলন্ডারিং প্রতিরোধ আইন, ২০১২, ধারা ১৪] সম্পত্তির অবরুদ্ধকরণ (Freezing) বা ক্রোক (Attachment) আদেশ — 14[(১) তদন্তকারী সংস্থার লিখিত আবেদনের ভিত্তিতে আদালত বাংলাদেশে বা বাংলাদেশের বাহিরে অবস্থিত মানিলন্ডারিং অপরা
9. <other_841_s7> [জেলা পরিষদ আইন, ২০০০, ধারা ৭] চেয়ারম্যান ও সদস্যগণের শপথ — (১) চেয়ারম্যান ও প্রত্যেক সদস্য তাঁহার কার্যভার গ্রহণের পূর্বে নিম্নলিখিত ফরমে সরকার কর্তৃক নির্ধারিত কোন ব্য
10. <other_1170_s25> [বাংলাদেশ  সরকারি-বেসরকারি অংশীদারিত্ব আইন, ২, ধারা ২৫] স্বার্থের সংঘাত — বেসরকারি অংশীদার নির্বাচন প্রক্রিয়ায় দরপত্র মূল্যায়নের সহিত জড়িত কোন ব্যক্তির নিকট যদি প্রতীয়মান হয় যে, ","criminal_procedure_11_s494","own_search","answered","2"
"prot_0058_02","Sifat","VERIFY","আমার বোনের সন্তান ছিল না, আত্মীয়স্বজনের পরামর্শে একটি মেয়েশিশু দত্তক নেওয়ার কয়েক বছর পর তাঁর একটি কন্যাসন্তান জন্ম নেয়। দত্তক নেওয়া মেয়েটিকে তিনি নিজের মেয়ের মতো আদর, ভালোবাসা ও অধিকার দিয়ে বড় করেছেন। ধুমধাম করে পালিত মেয়েটির বিয়ে দিয়েছেন এবং তার দুই মেয়ে হয়েছে। বোন সরকারি চাকরি করেন, আর পাঁচ-ছয় বছর পর অবসরে যাবেন। তিনি চান, তাঁর সব অর্থ, সম্পদ দুই মেয়ের মধ্যে সমানভাবে দিয়ে যেতে, যাতে তাঁর অবর্তমানে পালিত মেয়ে কোনো অংশ থেকে বঞ্চিত না হয়। তাঁর পুত্রসন্তান নেই। এ জন্য কী করতে হবে?","1. <other_1349_s2> [আকাশপথে পরিবহণ (মন্ট্রিল কনভেনশন) আইন, ২০২০, ধারা ২] বিষয়বাপ্রসঙ্গেরপরিপন্থিকোনোকিছুনাথাকিলে,এইআইনে-(ক)‘অভ্যন্তরীণপরিবহণ’অর্থআকাশপথে পরিবহণেপক্ষসমূহেরমধ্যেসম্পাদি
2. <labour_1285_s34> [বাংলাদেশ ইপিজেড শ্রম আইন, ২০১৯, ধারা ৩৪] কতিপয় ক্ষেত্রে মহিলা শ্রমিকের চাকরির অবসানে বাধা — যদি কোনো মহিলা শ্রমিকের সন্তান প্রসবের পূর্ববর্তী ৬ (ছয়) মাস এবং সন্তান প্রসবের পরবর্তী ৮ (আট) সপ্তাহ মেয়াদে
3. <other_1403_s40> [মোংলা বন্দর কর্তৃপক্ষ আইন, ২০২২, ধারা ৪০] দণ্ড — কোনো ব্যক্তি যদি এই আইন ও বিধির কোনো বিধান লঙ্ঘন করেন তাহা হইলে উক্ত লঙ্ঘন হইবে একটি অপরাধ এবং তজ্জন্য তিনি অন
4. <other_1266_s2_p3> [বাংলাদেশ মুক্তিযোদ্ধা কল্যাণ ট্রাস্ট আইন, ২০, ধারা ২] সংজ্ঞা — বা স্বামী এবং পিতা-মাতার অবর্তমানে খেতাবপ্রাপ্ত বীর মুক্তিযোদ্ধার সন্তান; বা(উ) (অ)-(ঈ) পর্যন্ত বর্ণিত ব্যক্তি
5. <other_1271_s22> [সরকারি চাকরি আইন, ২০১৮, ধারা ২২] কল্যাণমূলক ব্যবস্থা — (১) সরকার বা, ক্ষেত্রমত, উপযুক্ত কর্তৃপক্ষ সরকারি কর্মচারী ও তাহার পরিবারের সদস্যগণের কল্যাণে শিক্ষা, চিকিৎসা,
6. <other_1148_s2> [বাংলাদেশ সাংবাদিক কল্যাণ ট্রাস্ট আইন, ২০১৪, ধারা ২] সংজ্ঞা — বিষয় বা প্রসঙ্গের পরিপন্থী কোন কিছু না থাকিলে, এই আইনে-(১) ‘‘চেয়ারম্যান’’ অর্থ বোর্ডের চেয়ারম্যান;(২) ‘‘ট্র
7. <other_1378_s2> [বাংলাদেশ চলচ্চিত্র শিল্পী কল্যাণ ট্রাস্ট আইন, ধারা ২] সংজ্ঞা — বিষয় বা প্রসঙ্গের পরিপন্থি কোনো কিছু না থাকিলে, এই আইনে-(ক) “চলচ্চিত্র” অর্থ সেলুলয়েড, অ্যানালগ, ডিজিটাল বা 
8. <other_1132_s2> [পিতা-মাতার ভরণ-পোষণ আইন, ২০১৩, ধারা ২] সংজ্ঞা — বিষয় বা প্রসঙ্গের পরিপন্থী কোন কিছু না থাকিলে, এই আইনে—(ক) “পিতা” অর্থ এমন ব্যক্তি যিনি সন্তানের জনক;(খ) “ভরণ
9. <labour_1285_s24> [বাংলাদেশ ইপিজেড শ্রম আইন, ২০১৯, ধারা ২৪] চাকরি হইতে অবসর গ্রহণ — (১) এই অধ্যায়ের অন্যত্র যাহা কিছুই উল্লে­খ থাকুক না কেন, কোনো প্রতিষ্ঠানে নিয়োজিত কোনো শ্রমিকের বয়স ৬০ (ষাট
10. <labour_1285_s30> [বাংলাদেশ ইপিজেড শ্রম আইন, ২০১৯, ধারা ৩০] প্রসূতি কল্যাণ সুবিধা প্রাপ্তির অধিকার এবং প্রদানের দায়িত্ব — (১) প্রত্যেক মহিলা শ্রমিক তাহার মালিকের নিকট হইতে তাহার সন্তান প্রসবের সম্ভাব্য তারিখের অব্যবহিত পূর্ববর্তী ৮ ","other_48_s123, other_173_s2","own_search","answered","2"
"prot_0081_01","Sifat","VERIFY","আমরা তিন বোন। আমার বাবা জীবিত অবস্থায় আমাদের এবং আমার মাকে তাঁর কোনো সম্পত্তি লিখে দিতে চান না। এদিকে আমার তিন চাচা ও চার ফুফু আছেন। চাচাদেরও কোনো ছেলে নেই। প্রত্যেক চাচার একটি করে মেয়ে আছে। ফুফুদের ছেলেমেয়ে আছে।বাবার অবর্তমানে মুসলিম আইন অনুযায়ী আমরা তিন বোন ও মা কী পরিমাণ সম্পত্তি পাব? বাবার সব সম্পত্তি আমরা পেতে চাইলে তা সম্ভব কি না, জানালে উপকৃত হব","1. <other_1682_s2_p0> [মানবদেহে অঙ্গ-প্রত্যঙ্গ সংযোজন আইন, ২০২৬, ধারা ২] সংজ্ঞা — বিষয় বা প্রসঙ্গের পরিপন্থি কোনো কিছু না থাকিলে, এই আইনে- (১) “অঙ্গ-প্রত্যঙ্গ” অর্থ মানবদেহের কিডনি, হৃৎপিণ্ড,
2. <other_1273_s22_p0> [মানসিক স্বাস্থ্য আইন, ২০১৮, ধারা ২২] মানসিক অসুস্থতায় আক্রান্ত ব্যক্তির সম্পত্তি রক্ষণাবেক্ষণ — (১) যেই ক্ষেত্রে মানসিক হাসপাতালে ভর্তির পর কোনো মানসিক অসুস্থতায় আক্রান্ত ব্যক্তির মানসিক অক্ষমতার কারণে অথব
3. <other_1266_s2_p3> [বাংলাদেশ মুক্তিযোদ্ধা কল্যাণ ট্রাস্ট আইন, ২০, ধারা ২] সংজ্ঞা — বা স্বামী এবং পিতা-মাতার অবর্তমানে খেতাবপ্রাপ্ত বীর মুক্তিযোদ্ধার সন্তান; বা(উ) (অ)-(ঈ) পর্যন্ত বর্ণিত ব্যক্তি
4. <other_822_s10> [পার্বত্য চট্টগ্রাম আঞ্চলিক পরিষদ আইন, ১৯৯৮, ধারা ১০] সম্পত্তি সম্পর্কিত ঘোষণা — চেয়ারম্যান ও প্রত্যেক সদস্য তাহার কার্যভার গ্রহণের পূর্বে তাহার এবং তাঁহার পরিবারের কোন সদস্যের স্বত্ব, দখল ব
5. <local_government_1027_s41> [স্থানীয় সরকার (ইউনিয়ন পরিষদ) আইন, ২০০৯, ধারা ৪১] সম্পত্তি সম্পর্কিত ঘোষণা — চেয়ারম্যান ও সদস্য তাঁহার কার্যভার গ্রহণের পূর্বে তাঁহার এবং তাঁহার পরিবারের কোন সদস্যের স্বত্ব, দখল বা স্বার
6. <local_government_827_s10> [উপজেলা পরিষদ আইন, ১৯৯৮, ধারা ১০] সম্পত্তি সম্পর্কিত ঘোষণা — 14[চেয়ারম্যান ও ভাইস চেয়ারম্যান ] তাঁহার কার্যভার গ্রহণের পূর্বে তাঁহার এবং তাঁহার পরিবারের কোন সদস্যের স্বত
7. <local_government_1027_s2_p1> [স্থানীয় সরকার (ইউনিয়ন পরিষদ) আইন, ২০০৯, ধারা ২] সংজ্ঞা — শহর হিসাবে ঘোষিত নয় এইরূপ এলাকা;(১৩) 'চেয়ারম্যান' অর্থ ইউনিয়ন পরিষদের চেয়ারম্যান;(১৪) 'জনপথ' অর্থ সর্বসাধা
8. <other_1246_s200> [ক্যান্টনমেন্ট আইন, ২০১৮, ধারা ২০০] সম্পত্তি বিনষ্টকরণের ক্ষেত্রে অর্থ আদায় — যেক্ষেত্রে কোনো ব্যক্তিকে বোর্ডের কোনো সম্পত্তি বিনষ্ট করিবার কারণে দণ্ডিত করা হয়, সেইক্ষেত্রে তিনি উক্ত ক্ষত
9. <family_938_s7> [গ্রাম আদালত আইন, ২০০৬, ধারা ৭] গ্রাম আদালতের ক্ষমতা — (১) এই আইনে ভিন্নরূপ কোন বিধান না থাকিলে, গ্রাম আদালত তফসিলের প্রথম অংশে বর্ণিত অপরাধসমূহের ক্ষেত্রে কোন ব্যক্
10. <other_1429_s111> [আয়কর আইন, ২০২৩, ধারা ১১১] সম্পত্তি অধিগ্রহণের ক্ষতিপূরণ হইতে উৎসে কর কর্তন — কোনো স্থাবর সম্পত্তি অধিগ্রহণের জন্য উহার মালিককে কোনো ক্ষতিপূরণ প্রদানের জন্য দায়িত্বপ্রাপ্ত ব্যক্তি, ক্ষতিপ","other_173_s2","own_search","answered","2"
"prot_0068_04","Sifat","VERIFY","আমি একটি ছেলেকে ভালোবাসতাম। সে আমার ছোটবেলার খেলার সাথি। বড় হয়ে সম্পর্ক হয়। আমি স্কুলে চাকরি করি। ভাড়া বাসায় থাকি। বাড়িওয়ালা আমাদের সম্পর্কের কথা জানতেন। ছেলেটি আমাকে না জানিয়ে অন্য মেয়েকে বিয়ের সিদ্ধান্ত নেয়। এ কথা শুনে বাড়িওয়ালা আমাদের বিয়ে দেন। নোটারি পাবলিকের মাধ্যমে বিয়ে হয়। বিয়ের সময় উভয় পক্ষের দু-একজন আত্মীয়স্বজন ছিলেন। ছেলে আমাকে এক সপ্তাহ পর নিয়ে যাবে বলে আমার এক আত্মীয়ের বাসায় রেখে যায়। কিন্তু সে আর আসে না। তার বাসায় গেলে সে আমাকে অস্বীকার করে। আমি তার বাসায় থেকে গেলাম। কিন্তু সে আমাকে অত্যাচার করা শুরু করল। শুধু তা-ই নয়, বাসার কাজের লোকেরাও আমাকে অপমান করে। সে বলে, আমার সঙ্গে তার সংসার করা সম্ভব নয়। আমি প্রায় দুই মাস থেকেছি। এর মধ্যেও কিন্তু তার সঙ্গে দৈহিক সম্পর্ক হয়েছে। আমি চাকরির জন্য আবার ঢাকায় চলে আসি। পরেরবার গিয়ে দেখি সে বাসা বদল করেছে আমাকে না জানিয়ে। আমি কোনো উপায় না পেয়ে আইন ও সালিশ কেন্দ্রের মাধ্যমে মামলা করি। কিন্তু সে মোটা অঙ্কের টাকা খরচ করে হাইকোর্ট থেকে আগাম জামিন পায়। সে বিত্তশালী। হিন্দু আইনে কি তালাকের ব্যবস্থা নেই? মামলা চলাকালে সে কি বিয়ে করতে পারবে? সে ইদানীং বিয়ে করার জন্য মেয়ে দেখে বেড়াচ্ছে। এ জন্য আমাদের বিয়েটাকেও অস্বীকার করছে। এমনি যদি করবে, তাহলে আমাকে বিয়ে করল কেন? সঠিক পরামর্শ চাই","1. <family_938_s11> [গ্রাম আদালত আইন, ২০০৬, ধারা ১১] গ্রাম আদালতের অবমাননা — (১) কোন ব্যক্তি আইনসংগত কারণ ব্যতীত যদি-(ক) গ্রাম আদালত বা উহার কোন সদস্যকে আদালতের কার্যক্রম চলাকালে অশালীন ক
2. <criminal_procedure_1012_s52> [সিলেট মহানগরী পুলিশ আইন, ২০০৯, ধারা ৫২] নিয়োগপত্র, প্রভৃতি ফেরৎ দিতে গাফিলতি বা অস্বীকৃতি জ্ঞাপনের দণ্ড — কোন পুলিশ কর্মকর্তা বাহিনীর সহিত সম্পর্ক ছিন্ন হওয়ার অব্যবহিত পরে তাহার নিয়োগপত্র, অস্ত্র, পোশাক ও অন্যান্য 
3. <criminal_procedure_1013_s52> [বরিশাল মহানগরী পুলিশ আইন, ২০০৯, ধারা ৫২] নিয়োগপত্র, প্রভৃতি ফেরত দিতে গাফিলতি বা অস্বীকৃতি জ্ঞাপনের দণ্ড — কোন পুলিশ কর্মকর্তা বাহিনীর সহিত সম্পর্ক ছিন্ন হওয়ার অব্যবহিত পরে তাহার নিয়োগপত্র, অস্ত্র, পোশাক ও অন্যান্য 
4. <labour_952_s157> [বাংলাদেশ শ্রম আইন, ২০০৬, ধারা ১৫৭] নোটিশ ও দাবী — (১) কোন শ্রম আদালত ৰতিপূরণের কোন দাবী বিবেচনায় আনিবে না যদি না দুর্ঘটনা ঘটিবার পর যতশীঘ্র সম্ভব এতদ্নিম্নে বর
5. <labour_1285_s17> [বাংলাদেশ ইপিজেড শ্রম আইন, ২০১৯, ধারা ১৭] কতিপয় ক্ষেত্রে লে-অফকৃত শ্রমিকগণ ক্ষতিপূরণ পাইবার অধিকারী হইবেন না — (১) এই অধ্যায়ের অন্যত্র যাহা কিছুই থাকুক না কেন, কোনো লে-অফকৃত শ্রমিককে ক্ষতিপূরণ প্রদেয় হইবে না, যদি-(ক) তি
6. <labour_952_s340> [বাংলাদেশ শ্রম আইন, ২০০৬, ধারা ৩৪০] নিয়োগ সম্পর্ক অনুমান — কোন ব্যক্তিকে কোন কারখানায় উহার কাজ চলাকালে, আহার বা বিশ্রামের জন্য বিরতির সময় ব্যতীত অন্য কোন সময়ে অথবা উহ
7. <labour_952_s210_p0> [বাংলাদেশ শ্রম আইন, ২০০৬, ধারা ২১০] শিল্প বিরোধ নিষ্পত্তি — (১) যদি কোন সময়ে কোন মালিক বা যৌথ দরকষাকষি প্রতিনিধি দেখিতে পায় যে, মালিক এবং শ্রমিকগণের মধ্যে কোন বিরোধ উত্
8. <tenancy_748_s17> [বাড়ী ভাড়া নিয়ন্ত্রণ আইন, ১৯৯১, ধারা ১৭] কতিপয় ক্ষেত্রে ক্রোক, পরোয়ানা ইত্যাদি — কোন বাড়ীর ভাড়া আদায়ের জন্য Civil Procedure Code, 1908 (V of 1908) এর অধীন প্রদত্ত কোন এক তরফা ডিক্রি কার্যক
9. <other_850_s46> [সালিস আইন, ২০০১, ধারা ৪৬] বিদেশী সালিসী রোয়েদাদ বাস্তবায়ন অস্বীকৃতির কারণসমূহ — (১) কেবলমাত্র নিম্নোক্ত কারণে বিদেশী সালিসী রোয়েদাদ কার্যকর করিতে অস্বীকার করা যাইতে পারে, যথা:-(ক) যে পক্ষের
10. <criminal_procedure_1013_s110> [বরিশাল মহানগরী পুলিশ আইন, ২০০৯, ধারা ১১০] পুলিশ কর্মকর্তার বিরুদ্ধে আইনগত ব্যবস্থা গ্রহণ — আপাতত বলবৎ অন্য কোন আইনে যাহা কিছুই থাকুক না কেন, এই আইন, বিধি, প্রবিধান বা তদধীন প্রদত্ত কোন আদেশ এর অধীনে কো","other_214_s2, family_1105_s3","own_search","answered","1"
"lawy_0321_01","Sifat","VERIFY","বোনেরা প্রাপ্য অংশ থেকে বঞ্চিত হলে কি করবেন?","1. <labour_1285_s25> [বাংলাদেশ ইপিজেড শ্রম আইন, ২০১৯, ধারা ২৫] ভবিষ্য তহবিল পরিশোধ — যদি কোনো শ্রমিক কোনো ভবিষ্য তহবিলের সদস্য হন এবং প্রবিধান দ্বারা নির্ধারিত পদ্ধতি অনুযায়ী তিনি মালিকের চাঁদাস
2. <labour_952_s29> [বাংলাদেশ শ্রম আইন, ২০০৬, ধারা ২৯] ভবিষ্য তহবিল পরিশোধ — যদি কোন শ্রমিক কোন ভবিষ্য তহবিলের সদস্য হন এবং তহবিলের বিধি অনুযায়ী তিনি মালিকের চাঁদাসহ উক্ত তহবিল হইতে কোন 
3. <labour_1285_s42> [বাংলাদেশ ইপিজেড শ্রম আইন, ২০১৯, ধারা ৪২] ক্ষতিপূরণমূলক সাপ্তাহিক ছুটি — যেক্ষেত্রে কোনো প্রতিষ্ঠানকে বা উহাতে কর্মরত শ্রমিকগণকে ধারা ৪১এর বিধান হইতে অব্যাহতি প্রদান করিয়া জারিকৃত কো
4. <other_1282_s14> [বাংলাদেশ মৎস্য গবেষণা ইনস্টিটিউট আইন, ২০১৮, ধারা ১৪] ফি, ইত্যাদি — (১) ইনস্টিটিউটে কর্মরত বৈজ্ঞানিক কর্মকর্তা বা তদূর্ধ্ব পর্যায়ের বৈজ্ঞানিক কর্মকতা, কোনো ব্যক্তি বা প্রতিষ্ঠান
5. <labour_952_s286> [বাংলাদেশ শ্রম আইন, ২০০৬, ধারা ২৮৬] মালিক কর্তৃক চতুর্থ অধ্যায়ের বিধান লংঘনের দণ্ড — (১) কোন মালিক চতুর্থ অধ্যায়ের204[ বিধান অনুযায়ী কোনো মহিলা শ্রমিককে প্রসূতি কল্যাণ সুবিধা হইতে বঞ্চিত করিলে 
6. <other_812_s78> [দেউলিয়া বিষয়ক আইন, ১৯৯৭, ধারা ৭৮] বণ্টনযোগ্য অংশ ঘোষণার পূর্বে পাওনা প্রদান করেন নাই এইরূপ পাওনাদারের অধিকার — বণ্টনযোগ্য অংশ ঘোষিত হওয়ার পূর্বে কোন পাওনাদার তাহার পাওনা প্রমাণ না করিয়া থাকিলে আপাততঃ রিসিভারের হাতে যে অ
7. <other_722_s9> [পার্বত্য জেলাসমূহ (আইন রহিত ও প্রয়োগ এবং বিশ, ধারা ৯] ঝুম কর আদায় ইত্যাদি — (১) প্রত্যেক বত্সর শেষ হইবার পূর্বে ঝুম কর হেডম্যানের নিকট প্রদান করিতে হইবে এবং অনুরূপভাবে ঝুম কর প্রদান করা 
8. <other_1268_s18> [বাংলাদেশ প্রাণিসম্পদ গবেষণা ইনস্টিটিউট আইন, , ধারা ১৮] ফি, ইত্যাদি — (১) কোনো ব্যক্তি বা প্রতিষ্ঠানের নিকট হইতে বিজ্ঞান, প্রযুক্তি, প্রাণিসম্পদ শিল্প স্থাপনা বা অনুসন্ধান বিষয়ক প
9. <labour_952_s104> [বাংলাদেশ শ্রম আইন, ২০০৬, ধারা ১০৪] ক্ষতিপূরণমূলক সাপ্তাহিক ছুটি — যে ৰেত্রে কোন প্রতিষ্ঠানকে বা উহাতে কর্মরত শ্রমিকগণকে ধারা ১০৩ এর বিধান হইতে অব্যাহতি প্রদান করিয়া জারীকৃত কো
10. <other_1333_s39> [চাঁদপুর বিজ্ঞান ও প্রযুক্তি বিশ্ববিদ্যালয় আই, ধারা ৩৯] হল — (১) বিশ্ববিদ্যালয়ের শিক্ষার্থীদের হলসমূহ বিধি অনুযায়ী সিন্ডিকেট কর্তৃক অনুমোদিত হইবে।(২) হলে প্রভোস্ট এবং আব","none","none","not_found","1"
"prot_0072_02","Sifat","VERIFY","আমার বয়স যখন দশ মাস, তখন আমার বাবা মারা যান। আমি নবম শ্রেণীতে ওঠার পর থেকে আমার বাবার রেখে যাওয়া সম্পত্তি দেখাশোনা করছি। আমার বাবার নামে কতটুকু জমি, তার হিসাব আমি জানি না। আমার আত্মীয়স্বজন, পাড়া-প্রতিবেশীরা বলে, আমি যতটুকু জমি ভোগ করছি, আমার বাবার জমির পরিমাণ নাকি তার চেয়ে বেশি। প্রসঙ্গত, আমার বাবাকে তাঁর নানা জমি লিখে দিয়েছিলেন। জমি লিখে দেওয়ার কয়েক বছর পর আমাদের বাড়িতে আগুন লেগে সব দলিলপত্র পুড়ে যায়।এখন আমার প্রশ্ন হলো, আমি কীভাবে আমার বাবার জমির পরিমাণ জানব?আমার আরেকটি প্রশ্ন হলো, আমার বাবার সম্পত্তিতে আমার দাদির কোনো অংশ আছে কি?আমি আমার বাবার একমাত্র সন্তান","1. <other_721_s6_p1> [বাংলাদেশ ঋণ সালিসি আইন, ১৯৮৯, ধারা ৬] কতিপয় জমির বিক্রয় খায়খালাসী বন্ধক ঘোষণা — যদি উপ-ধারা (২) এর অধীন নির্ধারিত সময়ের মধ্যে ক্রেতা জমি প্রত্যর্পণ না করেন বা করিতে ব্যর্থ হন, তাহা হইলে ধার
2. <other_721_s7> [বাংলাদেশ ঋণ সালিসি আইন, ১৯৮৯, ধারা ৭] কতিপয় বিক্রয় বাতিল — (১) এই আইন বলবত্ হইবার পর অনধিক দুই একর কৃষি জমির মালিক কোন কৃষক প্রাকৃতিক দুর্যোগে তগতিগ্রস্ত হওয়ার বা জীবন 
3. <other_721_s8> [বাংলাদেশ ঋণ সালিসি আইন, ১৯৮৯, ধারা ৮] জমি প্রত্যর্পণের নির্দেশ কার্যকরকরণ — ক্রেতা বোর্ডের নির্দেশানুসারে জমির দখল প্রত্যর্পণ না করিলে বা করিতে ব্যর্থ হইলে, জমির দখল পাওয়ার জন্য বিক্রেত
4. <local_government_1024_s45> [স্থানীয় সরকার (পৌরসভা) আইন, ২০০৯, ধারা ৪৫] রাস্তার নিকটবর্তী জমির অধিগ্রহণ — (১) জনস্বার্থে কোন রাস্তার নিকটবর্তী জমি অধিগ্রহণ করিবার প্রয়োজন অনুভূত হইলে পৌরসভা সরকারের অনুমোদন গ্রহণ করি
5. <other_722_s15> [পার্বত্য জেলাসমূহ (আইন রহিত ও প্রয়োগ এবং বিশ, ধারা ১৫] বসতবাড়ীর জন্য গ্রামীণ জমি দখল — (১) কোন পাহাড়ী ব্যক্তি পৌর এলাকা-বহির্ভূত অনধিক ত্রিশ শতাংশ পর্যন্ত খাস জমি তাহার নিজ বসতবাড়ীর জন্য হেডম্যান
6. <other_857_s45> [বাংলাদেশ টেলিযোগাযোগ নিয়ন্ত্রণ আইন, ২০০১, ধারা ৪৫] লাইসেন্সধারীর প্রয়োজনে বাধ্যতামূলকভাবে বেসরকারী জমি অধিগ্রহণ — (১) লাইসেন্সের অধীন কাজকর্ম সম্পাদন বা পরিচালনার জন্য প্রয়োজনীয় কোন জমি ব্যবহারের ক্ষেত্রে লাইসেন্সধারী বাধা
7. <other_1427_s6> [হাট ও বাজার (স্থাপন ও ব্যবস্থাপনা) আইন, ২০২৩, ধারা ৬] হাট ও বাজারের জমি বন্দোবস্ত প্রদান এবং হাট ও বাজার ইজারা প্রদান — (১) হাট ও বাজারের কোনো জমি স্থায়ী বন্দোবস্ত প্রদান করা যাইবে না।(২) উপ-ধারা (১) এর বিধান সাপেক্ষে, জেলা প্রশা
8. <other_1427_s10> [হাট ও বাজার (স্থাপন ও ব্যবস্থাপনা) আইন, ২০২৩, ধারা ১০] (১) কোনো ব্যক্তি হাট ও বাজারের সরকারি খাস জমি অবৈধভাবে দখলে রাখিতে অথবা উপযুক্ত কর্তৃপক্ষের পূর্বানুমতি ব্যতির
9. <other_724_s64> [রাংগামাটি পার্বত্য জেলা পরিষদ আইন, ১৯৮৯, ধারা ৬৪] (১) আপাততঃ বলবত্ অন্য কোন আইনে যাহা কিছুই থাকুক না কেন-(ক) রাংগামাটি পার্বত্য জেলার এলাকাধীন বন্দোবস্তযোগ্য খা
10. <other_726_s64> [বান্দরবান পার্বত্য জেলা পরিষদ আইন, ১৯৮৯, ধারা ৬৪] (১) আপাততঃ বলবত্ অন্য কোন আইনে যাহা কিছুই থাকুক না কেন-(ক) বান্দরবন পার্বত্য জেলার এলাকাধীন বন্দোবস্তযোগ্য খাস","land_90_s57, other_173_s2","own_search","answered","2"
"prot_0008_07","Sifat","VERIFY","এখন বোন আমাদের কাছে আছেন। আমরা খুব গরিব, মামলা করার মতো অবস্থা নেই। আবার বোনকে রাখার মতো অবস্থাও নেই। আমরা তাঁদের ছাড়াছাড়িও চাই না। এই অবস্থায় আমরা কোথায় যাব, কীভাবে সম্পর্কটা টিকিয়ে রাখতে পারি বা আইনি সাহায্য পেতে পারি?","1. <other_1482_s31> [বাংলাদেশ হোমিওপ্যাথিক চিকিৎসা শিক্ষা আইন, ২০, ধারা ৩১] ব্যবস্থাপত্রে অ-অনুমোদিত ঔষধ লিখিবার দণ্ড — (১) কোনো হোমিওপ্যাথিক চিকিৎসক হোমিওপ্যাথিক ফার্মাকোপিয়াতে অন্তর্ভুক্ত নেই এমন কোনো ঔষধ হোমিওপ্যাথিক চিকিৎসা ব
2. <other_1727_s35> [জুয়া প্রতিরোধ আইন, ২০২৬, ধারা ৩৫] ফৌজদারি কার্যবিধির প্রযোজ্যতা — এই আইনের যে সকল ক্ষেত্রে সুনির্দিষ্ট কোনো বিধান নেই সেইক্ষেত্রে অপরাধের তদন্ত, বিচার, তল্লাশি, জব্দ, গ্রেপ্তার
3. <other_1070_s22> [উদ্ভিদ সংগনিরোধ আইন, ২০১১, ধারা ২২] লিখিত বিজ্ঞপ্তি — (১) যদি উদ্ভিদ সংগনিরোধ কর্মকর্তা এই মর্মে নিশ্চিত হন যে, কোন একটি স্থানে সংগনিরোধ বালাই রহিয়াছে, তাহা হইলে ত
4. <other_1128_s35> [মাল্টি-লেভেল মার্কেটিং কার্যক্রম (নিয়ন্ত্রণ), ধারা ৩৫] এই আইনে সুনির্দিষ্টভাবে দণ্ডের উল্লেখ নেই এইরূপ কোন বিধান লংঘনের দণ্ড — কোন ব্যক্তি যদি এই আইনে সুনির্দিষ্টভাবে দণ্ডের বিধান উল্লেখ নাই এইরূপ কোন বিধান লংঘন করেন, তাহা হইলে উক্ত লংঘন
5. <labour_952_s195_p0> [বাংলাদেশ শ্রম আইন, ২০০৬, ধারা ১৯৫] মালিকের পক্ষে অসৎ শ্রম আচরণ — 147[ (১)] কোন মালিক অথবা মালিকগণের ট্রেড ইউনিয়ন অথবা তাহাদের পক্ষে ভারপ্রাপ্ত কোন ব্যক্তি-(ক) কোন চাকুরী চুক্
6. <other_788_s186_p4> [কোম্পানী আইন, ১৯৯৪, ধারা ১৮৬] নিয়ন্ত্রণকারী কোম্পানীর ব্যালান্স শীটে উহার অধীনস্থ কোম্পানীর কতিপয় তথ্য অন্তর্ভুক্তিকরণ — এই ধারার বিধানাবলীর প্রতি লক্ষ্য রাখার জন্য একজন যোগ্য এবং আস্থাভাজন ব্যক্তিকে দায়িত্ব দেওয়া হইয়াছিল এবং তি
7. <other_801_s3> [জাতীয় গ্রন্থকেন্দ্র আইন, ১৯৯৫, ধারা ৩] গ্রন্থকেন্দ্র স্থাপন — (১) এই আইন বলবত্ হইবার পর, যতশীঘ্র সম্ভব, সরকার, সরকারী গেজেটে প্রজ্ঞাপন দ্বারা, এই আইনের বিধান অনুযায়ী ‘জাতী
8. <other_1271_s24> [সরকারি চাকরি আইন, ২০১৮, ধারা ২৪] আইনি সহায়তা — (১) কোনো কর্মচারীর বিরুদ্ধে, সরকারি দায়িত্ব পালনের সহিত সম্পর্কিত কোনো বিষয়ে তাহাকে ব্যক্তিগতভাবে দায়ী করিয
9. <other_894_s3> [পুলিশ ষ্টাফ কলেজ আইন, ২০০২, ধারা ৩] পুলিশ ষ্টাফ কলেজ প্রতিষ্ঠা — (১) এই আইনের উদ্দেশ্যসমূহ পূরণকল্পে পুলিশ ষ্টাফ কলেজ নামে একটি কলেজ থাকিবে।(২) পুলিশ ষ্টাফ কলেজ একটি সংবিধিবদ্
10. <other_863_s3> [বাংলাদেশ শিল্পী কল্যাণ ট্রাস্ট আইন, ২০০১, ধারা ৩] ট্রাস্ট স্থাপন — (১) এই আইন বলবত্ হইবার পর, যতশীঘ্র সম্ভব, সরকার এই আইনের বিধান অনুযায়ী বাংলাদেশ শিল্পী কল্যাণ ট্রাস্ট নামে এক","none","none","not_found","1"
"prot_0059_03","Sifat","VERIFY","আমার বয়স ৩৫। মা-বাবা আমাকে ছয় মাস বয়স থেকে লালনপালন করছেন এবং সন্তানের স্বীকৃতি দিয়ে আসছেন। এমনকি আমার জাতীয় পরিচয়পত্রেও তাঁদের নামই আছে। বাবা মারা গেছেন চার বছর আগে। মারা যাওয়ার পর জানতে পারলাম, আমি তাঁদের সন্তান নই, পালিত পুত্র। আমার বাবার এক ভাই ও তিন বোন। আমার প্রশ্ন, আমি কি বাবার সম্পত্তির অংশ থেকে কিছুই পাব না? আর এখন এ সম্পত্তির আইনগত কে কে মালিক হবেন? মৃত্যুর আগে বাবা কাউকে কোনো দান, অছিয়ত বা হেবা কিছুই করে যাননি","1. <labour_1285_s33> [বাংলাদেশ ইপিজেড শ্রম আইন, ২০১৯, ধারা ৩৩] মহিলা শ্রমিকের মৃত্যুর ক্ষেত্রে প্রসূতি কল্যাণ সুবিধা প্রদান — (১) এই অধ্যায়ের অধীন প্রসূতি কল্যাণ সুবিধা পাইবার অধিকারী কোনো মহিলা শ্রমিক সন্তান প্রসবকালে অথবা উহার পরবর্ত
2. <women_children_835_s13> [নারী ও শিশু নির্যাতন দমন আইন, ২০০০, ধারা ১৩] (১) অন্য কোন আইনে ভিন্নতর যাহা কিছুই থাকুক না কেন, ধর্ষণের কারণে কোন সন্তান জন্মলাভ করিলে-(ক) উক্ত সন্তানকে তা
3. <labour_952_s49> [বাংলাদেশ শ্রম আইন, ২০০৬, ধারা ৪৯] 1 [***] মৃত্যুর ক্ষেত্রে প্রসূতি কল্যাণ সুবিধা প্রদান — (১) এই অধ্যায়ের অধীন প্রসূতি কল্যাণ সুবিধা পাওয়ার অধিকারী কোন মহিলা সন্ত্মান প্রসবকালে অথবা উহার পরবর্তী আট 
4. <other_1413_s16> [সরকারি ঋণ আইন, ২০২২, ধারা ১৬] মৃত ধারকের জন্য প্রযোজ্য সংক্ষিপ্ত প্রক্রিয়া — ধারা ১৪ এ যাহা কিছুই থাকুক না কেন, সর্বমোট প্রদেয় মূল্যমান ১ (এক) লক্ষ টাকার ঊর্ধ্বে নয় এইরূপ সরকারি সিকিউরি
5. <other_1132_s5> [পিতা-মাতার ভরণ-পোষণ আইন, ২০১৩, ধারা ৫] পিতা-মাতার ভরণ-পোষণ না করিবার দণ্ড — (১) কোন সন্তান কর্তৃক ধারা ৩ এর যে কোন উপ-ধারার বিধান কিংবা ধারা ৪ এর বিধান লংঘন অপরাধ বলিয়া গণ্য হইবে এবং উক
6. <other_1124_s7> [মাতৃদুগ্ধ বিকল্প, শিশু খাদ্য, বাণিজ্যিকভাবে , ধারা ৭] শিক্ষামূলক বা অন্যান্য তথ্যাদি — জন্ম-পূর্ববর্তী বা জন্ম-পরবর্তী সেবা দানের উদ্দেশ্যে কোন গর্ভবতী মহিলা বা মাতৃদুগ্ধদানকারী বা শিশুর মায়েদের স
7. <labour_1285_s24> [বাংলাদেশ ইপিজেড শ্রম আইন, ২০১৯, ধারা ২৪] চাকরি হইতে অবসর গ্রহণ — (১) এই অধ্যায়ের অন্যত্র যাহা কিছুই উল্লে­খ থাকুক না কেন, কোনো প্রতিষ্ঠানে নিয়োজিত কোনো শ্রমিকের বয়স ৬০ (ষাট
8. <other_1352_s23> [বাংলাদেশ মাদ্রাসা শিক্ষা বোর্ড আইন, ২০২০, ধারা ২৩] অবসর গ্রহণের বয়স — আপাতত বলবৎ অন্য কোনো আইনে ভিন্নরূপ যাহা কিছুই থাকুক না কেন, বোর্ডের স্থায়ী কর্মচারীগণের অবসর গ্রহণের বয়স ৬০ 
9. <other_1266_s2_p3> [বাংলাদেশ মুক্তিযোদ্ধা কল্যাণ ট্রাস্ট আইন, ২০, ধারা ২] সংজ্ঞা — বা স্বামী এবং পিতা-মাতার অবর্তমানে খেতাবপ্রাপ্ত বীর মুক্তিযোদ্ধার সন্তান; বা(উ) (অ)-(ঈ) পর্যন্ত বর্ণিত ব্যক্তি
10. <land_1455_s10> [ভূমি সংস্কার আইন, ২০২৩, ধারা ১০] বর্গাদারের মৃত্যুর পর বর্গাভূমির চাষ — (১) কোনো বর্গাদার বর্গাচুক্তির মেয়াদ শেষ হইবার পূর্বে মারা গেলে, উহার মেয়াদ শেষ না হওয়া পর্যন্ত অথবা এই আইন","other_173_s2","own_search","answered","2"
"prot_0076_01","Sifat","VERIFY","আমার নানার চার ছেলে দুই মেয়ে। নানা ও নানি মারা গেছেন। নানার সম্পত্তি ছেলেমেয়েদের মধ্যে কী অনুপাতে ভাগ করা হবে? তাঁর ২০ বিঘা জমি আছে। আমার মা সেই সম্পত্তির কতটুকু পাবেন? নানার সম্পত্তি যদি তাঁর মেয়েদের সঠিকভাবে না দেওয়া হয়, তাহলে কী করণীয়? মায়ের সম্পত্তি কি তাঁর ছেলেমেয়েরা পাবে?নিরবমানিকগঞ্জ","1. <other_822_s10> [পার্বত্য চট্টগ্রাম আঞ্চলিক পরিষদ আইন, ১৯৯৮, ধারা ১০] সম্পত্তি সম্পর্কিত ঘোষণা — চেয়ারম্যান ও প্রত্যেক সদস্য তাহার কার্যভার গ্রহণের পূর্বে তাহার এবং তাঁহার পরিবারের কোন সদস্যের স্বত্ব, দখল ব
2. <local_government_1027_s41> [স্থানীয় সরকার (ইউনিয়ন পরিষদ) আইন, ২০০৯, ধারা ৪১] সম্পত্তি সম্পর্কিত ঘোষণা — চেয়ারম্যান ও সদস্য তাঁহার কার্যভার গ্রহণের পূর্বে তাঁহার এবং তাঁহার পরিবারের কোন সদস্যের স্বত্ব, দখল বা স্বার
3. <local_government_827_s10> [উপজেলা পরিষদ আইন, ১৯৯৮, ধারা ১০] সম্পত্তি সম্পর্কিত ঘোষণা — 14[চেয়ারম্যান ও ভাইস চেয়ারম্যান ] তাঁহার কার্যভার গ্রহণের পূর্বে তাঁহার এবং তাঁহার পরিবারের কোন সদস্যের স্বত
4. <local_government_1027_s2_p1> [স্থানীয় সরকার (ইউনিয়ন পরিষদ) আইন, ২০০৯, ধারা ২] সংজ্ঞা — শহর হিসাবে ঘোষিত নয় এইরূপ এলাকা;(১৩) 'চেয়ারম্যান' অর্থ ইউনিয়ন পরিষদের চেয়ারম্যান;(১৪) 'জনপথ' অর্থ সর্বসাধা
5. <land_856_s6> [অর্পিত সম্পত্তি প্রত্যর্পণ আইন, ২০০১, ধারা ৬] কতিপয় সম্পত্তি 1 [প্রত্যর্পণযোগ্য সম্পত্তির তালিকায়] অন্তর্ভুক্তি নিষিদ্ধ — 13[প্রত্যর্পণযোগ্য সম্পত্তির তালিকায়] নিম্নবর্ণিত সম্পত্তি অন্তর্ভুক্ত করা যাইবে না, যথা:-(ক) কোন সম্পত্তি অর
6. <other_788_s326_p0> [কোম্পানী আইন, ১৯৯৪, ধারা ৩২৬] কতিপয় সম্পদের দাবী পরিত্যাগ — (১) অবলুপ্তির কার্যক্রম চলিতেছে এমন কোন কোম্পানীর সম্পদের কোন অংশের মধ্যে যদি দূর্বহ চুক্তির (onerous covenant
7. <other_1088_s17_p1> [মানিলন্ডারিং প্রতিরোধ আইন, ২০১২, ধারা ১৭] সম্পত্তির বাজেয়াপ্তকরণ — মর্মে সন্তুষ্ট করিতে সক্ষম হন যে, তিনি বা উক্ত সত্তা উক্ত সম্পত্তিটি মানিলন্ডারিং এর সহিত সম্পৃক্ত বলিয়া জ্ঞা
8. <other_1246_s81> [ক্যান্টনমেন্ট আইন, ২০১৮, ধারা ৮১] ক্রোককৃত সম্পত্তির নিষ্পত্তি — (১) যখন ক্রোককৃত সম্পত্তি দ্রুত এবং স্বাভাবিকভাবে বিনষ্ট হওয়ার প্রকৃতির হয় বা উহা হেফাজতে রাখিবার ব্যয় আদায
9. <other_1246_s190> [ক্যান্টনমেন্ট আইন, ২০১৮, ধারা ১৯০] মালিকের ব্যর্থতায় দখলদার কর্তৃক পরিশোধের দায় — (১) যদি ধারা ১৮৯ তে উল্লিখিত কোনো নোটিশ এমন কোনো সম্পত্তি বিষয়ে কোনো ব্যক্তির নিকট প্রেরণ করা হয় যে সম্পত্তি
10. <other_1725_s21_p29> [অর্থ আইন, ২০২৬, ধারা ২১] ২০১২ সনের ৪৭ নং আইনের দ্বিতীয় তফসিলের সংশোধন — ডলার পর্যন্ত ৪৫ (ঘ) মূল্যসীমা ১০০০০০ মা. ডলার এর ঊর্ধ্ব হইতে ২০০০০০ মা. ডলার পর্যন্ত ৬০ (ঙ) মূল্যসীমা ২০০০০০ ম","other_173_s2","own_search","answered","2"
"prot_0035_03","Sifat","VERIFY","আমরা পাঁচ ভাই, পাঁচ বোন। আমার বাবা গত বছর মারা যান। তিনি তাঁর বড় সন্তানের নামে তুলনামূলক বেশি সম্পত্তি রেখে গেছেন। মৃত্যুর আগে তিনি বলেছেন, আমি তো সবাইকে সমান ভাগ দিতে পারলাম না, তোমরা সবাই সমানভাবে ভাগ-বাঁটোয়ারা করে নিয়ো। আমার প্রশ্ন, বাবার নামে যে সম্পত্তি আছে তা তো আমরা সমান ভাগে ভাগ পাব। কিন্তু বড় ভাইয়ের নামে যা আছে, তারও কি সমান ভাগ হবে? নাম প্রকাশে অনিচ্ছুক","1. <land_1220_s9> [স্থাবর সম্পত্তি অধিগ্রহণ ও হুকুমদখল আইন, ২০১, ধারা ৯] ক্ষতিপূরণ নির্ধারণের ক্ষেত্রে বিবেচ্য বিষয়াবলি — (১) এই আইনের অধীনে অধিগ্রহণযোগ্য কোনো স্থাবর সম্পত্তির ক্ষতিপূরণের পরিমাণ নির্ধারণ করিবার সময় জেলা প্রশাসক নি
2. <other_819_s3> [মহা হিসাব নিরীক্ষক ও নিয়ন্ত্রক (পারিশ্রমিক ও, ধারা ৩] বেতন — (১) মহা হিসাব নিরীক্ষক প্রতি মাসে সরকারের একজন সচিব যে বেতন পান তদপেক্ষা শতকরা পাঁচ ভাগ অধিক বেতন প্রাপ্য হইবে
3. <other_922_s19_p1> [জাতীয় সংসদ (সংরক্ষিত মহিলা আসন) নির্বাচন আইন, ধারা ১৯] উদ্বৃত্ত ভোটমান হস্তান্তর পদ্ধতি — অনুযায়ী পৃথক সাব-প্যাকেটে বিভক্ত করিবেন এবং নিঃশেষিত ব্যালট পেপারগুলিকে অপর একটি পৃথক সাব-প্যাকেটে রাখিয়া দি
4. <other_1037_s58> [বীমা আইন, ২০১০, ধারা ৫৮] ব্যবসা সংগ্রহের উদ্দেশ্যে কমিশন কিংবা অন্য কোন প্রকার পারিশ্রমিক পরিশোধে বিধিনিষেধ৷ — (১) কোন ব্যক্তি বাংলাদেশে বীমা ব্যবসা অর্জন বা সংগ্রহের উদ্দেশ্যে বীমা এজেন্ট বা এজেন্ট নিয়োগকারী বা ব্রোকার 
5. <other_1062_s15> [জলবায়ু পরিবর্তন ট্রাস্ট আইন, ২০১০, ধারা ১৫] ট্রাস্টের তহবিল — (১) ‘জলবায়ু পরিবর্তন ট্রাস্ট তহবিল’ নামের ট্রাস্টের একটি তহবিল থাকিবে এবং উহাতে নিম্নবর্ণিত অর্থ জমা হইবে, যথ
6. <local_government_1024_s8> [স্থানীয় সরকার (পৌরসভা) আইন, ২০০৯, ধারা ৮] পৌরসভার মেয়াদ, ইত্যাদি — (১) ধারা ৬ এর বিধান সাপেক্ষে, পৌরসভা গঠনের পর প্রথম সভার তারিখ হইতে পরবর্তী পাঁচ বৎসর পর্যন্ত উক্ত পৌরসভার মেয
7. <land_1220_s12> [স্থাবর সম্পত্তি অধিগ্রহণ ও হুকুমদখল আইন, ২০১, ধারা ১২] বর্গাদারকে ক্ষতিপূরণ প্রদান — এই আইনে যাহা কিছুই থাকুক না কেন, বর্গাদার কর্তৃক আবাদকৃত বিদ্যমান ফসলসহ কোনো স্থাবর সম্পত্তি অধিগ্রহণ করা হইলে
8. <other_1395_s4> [বাংলাদেশ সুপ্রীম কোর্টের বিচারক (পারিতোষিক ও, ধারা ৪] বিশেষ ভাতা — বিচারকগণ প্রতি মাসে বেতনের শতকরা ৫০ (পঞ্চাশ) ভাগ হারে বিশেষ ভাতা প্রাপ্য হইবেন।
9. <labour_952_s242> [বাংলাদেশ শ্রম আইন, ২০০৬, ধারা ২৪২] অংশগ্রহণ তহবিলের ব্যবহার — (১) প্রত্যেক বত্সর অংশগ্রহণ তহবিলে জমাকৃত মোট অর্থের দুই-তৃতীয়াংশ সমান অনুপাতে সকল188[সুবিধাভোগীগণের] মধ্যে ন
10. <other_1478_s26> [ফাইন্যান্স কোম্পানি আইন, ২০২৩, ধারা ২৬] পুঁজিবাজারে বিনিয়োগের ক্ষেত্রে বাধা-নিষেধ — (১) কোনো ফাইন্যান্স কোম্পানির পুঁজিবাজারে বিনিয়োগসীমা সমষ্টিগতভাবে উহার পরিশোধিত মূলধন ও রিজার্ভের মোট পরিমাণ","land_1455_s5, other_173_s2","own_search","answered","2"
"prot_0062_08","Sifat","VERIFY","আমার নানারা তিন ভাই। আমার নানা মেজো। আমার মা ছাড়া নানার আর কোনো সন্তান নেই। ইসলামি আইনে নানার মৃত্যুর পর অপর দুই ভাই তাঁর সম্পত্তির অংশীদার। তাঁরা যাতে অংশীদার না হন, সে জন্য আমার বাবা ১৯৮৮ সালে হেবা করে সব সম্পত্তি আমার মায়ের নামে নিয়ে নেন। এখন কেউ কেউ বলেন, হেবা করাতে নানার মৃত্যুর পর তাঁর অপর ভাইয়েরা বা ভাইয়ের সন্তানেরা যদি আদালতে মামলা করে, তাহলে তাঁরা তাঁদের প্রাপ্য অংশ পাবেন এবং ভোগদখল করতে পারবেন। আবার কেউ কেউ বলেন, হেবাকৃত জায়গাজমি কেউ কিনতে চায় না এবং বিক্রি করতেও নাকি অনেক ঝামেলা পোহাতে হয়। আমার নানা এখনো জীবিত। আমি শুনেছি, বাংলাদেশ সরকার পিতা-মাতা, সন্তান, স্ত্রীর জন্য নতুন একটি হেবার পদ্ধতি চালু করেছে, যাতে হেবাটি খুব শক্তপোক্ত হয় এবং প্রতিপক্ষ দ্বারা হয়রানি হওয়ার আশঙ্কা থাকে না। এখন কি এই নিয়মে নতুন হেবা করতে হবে? নাম প্রকাশে অনিচ্ছুক","1. <other_1717_s66> [ব্যাংক রেজল্যুশন আইন, ২০২৬, ধারা ৬৬] বাংলাদেশ ব্যাংকের রেজল্যুশন সম্পর্কিত সিদ্ধান্ত বাস্তবায়নের বিরুদ্ধে আদালতের রায় — (১) অন্য কোনো আইনে যাহা কিছুই থাকুক না কেন, যদি কেউ বাংলাদেশ ব্যাংক, উহার কোনো কর্মকর্তা, প্রতিনিধিত্বকারী বা 
2. <other_1132_s4> [পিতা-মাতার ভরণ-পোষণ আইন, ২০১৩, ধারা ৪] পিতা-মাতার অবর্তমানে দাদা-দাদী, নানা-নানীর ভরণ-পোষণ — প্রত্যেক সন্তান তাহার—(ক) পিতার অবর্তমানে দাদা-দাদীকে; এবং(খ) মাতার অবর্তমানে নানা-নানীকে—ধারা ৩ এ বর্ণিত ভরণ-
3. <other_1266_s2_p3> [বাংলাদেশ মুক্তিযোদ্ধা কল্যাণ ট্রাস্ট আইন, ২০, ধারা ২] সংজ্ঞা — বা স্বামী এবং পিতা-মাতার অবর্তমানে খেতাবপ্রাপ্ত বীর মুক্তিযোদ্ধার সন্তান; বা(উ) (অ)-(ঈ) পর্যন্ত বর্ণিত ব্যক্তি
4. <other_1132_s5> [পিতা-মাতার ভরণ-পোষণ আইন, ২০১৩, ধারা ৫] পিতা-মাতার ভরণ-পোষণ না করিবার দণ্ড — (১) কোন সন্তান কর্তৃক ধারা ৩ এর যে কোন উপ-ধারার বিধান কিংবা ধারা ৪ এর বিধান লংঘন অপরাধ বলিয়া গণ্য হইবে এবং উক
5. <labour_1285_s33> [বাংলাদেশ ইপিজেড শ্রম আইন, ২০১৯, ধারা ৩৩] মহিলা শ্রমিকের মৃত্যুর ক্ষেত্রে প্রসূতি কল্যাণ সুবিধা প্রদান — (১) এই অধ্যায়ের অধীন প্রসূতি কল্যাণ সুবিধা পাইবার অধিকারী কোনো মহিলা শ্রমিক সন্তান প্রসবকালে অথবা উহার পরবর্ত
6. <other_1349_s2> [আকাশপথে পরিবহণ (মন্ট্রিল কনভেনশন) আইন, ২০২০, ধারা ২] বিষয়বাপ্রসঙ্গেরপরিপন্থিকোনোকিছুনাথাকিলে,এইআইনে-(ক)‘অভ্যন্তরীণপরিবহণ’অর্থআকাশপথে পরিবহণেপক্ষসমূহেরমধ্যেসম্পাদি
7. <other_955_s59_p1> [সিলেট কৃষি বিশ্ববিদ্যালয় আইন, ২০০৬, ধারা ৫৯] সিলেট সরকারী ভেটেরিনারি কলেজের বিলুপ্তকরণ ও হেফাজত — হিসাবে বিবেচিত হইবেন এবং তাঁহাদের ক্ষেত্রে শাহজালাল বিজ্ঞান ও প্রযুক্তি বিশ্ববিদ্যলয়ের রেজিস্ট্রেশন নম্বর এবং
8. <other_1682_s2_p0> [মানবদেহে অঙ্গ-প্রত্যঙ্গ সংযোজন আইন, ২০২৬, ধারা ২] সংজ্ঞা — বিষয় বা প্রসঙ্গের পরিপন্থি কোনো কিছু না থাকিলে, এই আইনে- (১) “অঙ্গ-প্রত্যঙ্গ” অর্থ মানবদেহের কিডনি, হৃৎপিণ্ড,
9. <labour_952_s2_p5> [বাংলাদেশ শ্রম আইন, ২০০৬, ধারা ২] সংজ্ঞাসমূহ — ব্যবহার করা হয় বা ব্যবহারযোগ্য, এবং কোন টাগ বা ফ্লাট এবং বার্জও ইহার অর্ন্তভুক্ত হইবে;(২৮) ""প্রশাসনিক শ্রমিক""
10. <other_1132_s3> [পিতা-মাতার ভরণ-পোষণ আইন, ২০১৩, ধারা ৩] পিতা-মাতার ভরণ-পোষণ — (১) প্রত্যেক সন্তানকে তাহার পিতা-মাতার ভরণ-পোষণ নিশ্চিত করিতে হইবে।(২) কোন পিতা-মাতার একাধিক সন্তান থাকিলে সেই","land_90_s17_p0, land_90_s78A, other_48_s123","own_search","answered","2"
"prot_0061_01","Sifat","VERIFY","কোনো এক ব্যক্তির প্রথম স্ত্রী মারা গেলেন। সেই সংসারে রয়েছে একজন কন্যাসন্তান। আবার সেই ব্যক্তি বিয়ে করেন। কিছুদিন পর তিনি মারা গেলেন। মারা যাওয়ার আগে তিনি সম্পত্তি দলিল বা লিখিতভাবে নিবন্ধন করে দেননি তাঁর প্রথম স্ত্রীর কন্যা ও দ্বিতীয় স্ত্রীকে। ওই ব্যক্তির সম্পত্তির সম্পূর্ণ মালিকানা প্রথম স্ত্রীর কন্যা ও দ্বিতীয় স্ত্রী পাবেন, নাকি আরও কেউ অংশ পাবে? হিন্দু উত্তরাধিকার আইনমতে জানতে চাই। উজ্জ্বল কুমার রায় চট্টগ্রাম","1. <other_1037_s57_p1> [বীমা আইন, ২০১০, ধারা ৫৭] বীমা পলিসি গ্রাহক কর্তৃক মনোনয়ন৷ — মনোনয়ন স্বয়ংক্রিয়ভাবে বাতিল হইবেঃতবে শর্ত থাকে যে, স্বত্ব নিয়োগকালীন ঝুঁকি গ্রহণকারী বীমাকারী পলিসির জামান
2. <other_812_s2_p3> [দেউলিয়া বিষয়ক আইন, ১৯৯৭, ধারা ২] সংজ্ঞা — প্রতিষ্ঠান কর্তৃক প্রদত্ত ঋণ বা আর্থিক সুবিধা, যাহা দাবী হিসাবে গণ্য হইতে পারে; (৩৮) “যথাযোগ্য দেনাদার” অর্থ এ
3. <other_841_s8> [জেলা পরিষদ আইন, ২০০০, ধারা ৮] সম্পত্তি সম্পর্কিত ঘোষণা — চেয়ারম্যান এবং প্রত্যেক সদস্য তাঁহার দায়িত্বভার গ্রহণের পূর্বে তাঁহার এবং তাঁহার পরিবারের যে কোন সদস্যের স্ব
4. <land_1455_s2_p1> [ভূমি সংস্কার আইন, ২০২৩, ধারা ২] সংজ্ঞা — পরিমাণ ভূমি অব্যবহার্য থাকিবার কারণে সরকার পুনগ্রহণ করিয়াছে; এবং(ছ) ধারা ৪ অনুযায়ী সরকারের নিকট সমর্পিত বা স
5. <other_1418_s21_p1> [বাংলাদেশ সুপ্রীম কোর্টের বিচারক (ছুটি, পেনশন, ধারা ২১] আনুতোষিক ও পারিবারিক পেনশন — পেনশন।(২) উপ-ধারা (৪) ও (৫) এর বিধানাবলি সাপেক্ষে, যদি-(ক) কোনো বিচারক, যাহার ক্ষেত্রে ধারা ১৪ এর দফা (ক) এর ব
6. <other_857_s11> [বাংলাদেশ টেলিযোগাযোগ নিয়ন্ত্রণ আইন, ২০০১, ধারা ১১] পরিবারের সদস্যের কতিপয় স্বার্থ সম্পর্কে কমিশনারের দায়িত্ব — (১) কোন কমিশনারের পরিবারের কোন সদস্য যদি ধারা ১০(২)(ছ)- েত উলিস্্নখিত স্বার্থ অর্জন বা ধারণ করেন, তাহা হইলে তি
7. <other_1429_s31> [আয়কর আইন, ২০২৩, ধারা ৩১] আয় একীভূতকরণ — (১) এই আইনে ভিন্নরূপ কিছু না থাকিলে, নিম্নবর্ণিত আয়সমূহ কোনো ব্যক্তির মোট আয়ের অন্তর্ভুক্ত হইবে, যথা:-(ক) উক
8. <land_1449_s2_p1> [ভূমি উন্নয়ন কর আইন, ২০২৩, ধারা ২] সংজ্ঞা — অর্থ শুধু কৃষিকার্য বা চাষাবাদ করিয়া জীবন ও জীবিকা নির্বাহ করিয়া থাকেন এইরূপ কোনো ব্যক্তি বা পরিবার;(৭) ‘কৃষ
9. <consumer_1010_s92> [ট্রেডমার্ক আইন, ২০০৯, ধারা ৯২] মামলার কোন পক্ষের মৃত্যু — যদি এই আইনের অধীন কোন কার্যধারা বিচারাধীন থাকা অবস্থায় কোন পক্ষ মারা যান, তাহা হইলে নিবন্ধক সংশ্লিষ্ট কোন পক্
10. <other_1065_s26> [বাংলাদেশ মেডিকেল ও ডেন্টাল কাউন্সিল আইন, ২০১, ধারা ২৬] পাঠ্যসূচী এবং পরীক্ষাসমূহ সম্পর্কে তথ্য তলব — (১) কাউন্সিল, প্রথম, দ্বিতীয়, তৃতীয়, চর্তুথ বা পঞ্চম তফসিলে উল্লিখিত মেডিকেল বা ডেন্টাল চিকিৎসা-শিক্ষা, ডিপ্","other_171_s3","own_search","answered","1"
"ajke_0172_01","Sifat","VERIFY","প্রশ্ন: মা-বাবা যার সঙ্গে আমাকে বিয়ে দিয়েছিল, তাকে আমার পছন্দ ছিল না বলে গাজীপুর কোর্ট থেকে ডিভোর্স দিই। পরে সেখানেই পছন্দের ছেলেকে বিয়ে করি। সে সময় আমার জন্মনিবন্ধন কার্ড ছিল হাতে লেখা। ভোটার আইডি কার্ড হয়নি। দ্বিতীয় বিয়ে করলে আমার মা-বাবা ও প্রথম স্বামী দ্বিতীয় স্বামীর বিরুদ্ধে মামলা করে। তবে আইনগতভাবে সবকিছু মিটমাট হয়ে গেছে। বর্তমান সংসারে আমার তিন বছরের একটি কন্যাসন্তান আছে। মা-বাবার অনলাইন জন্মনিবন্ধন বা ভোটার আইডি কার্ড আমার কাছে না থাকায় আমার ও মেয়ের অনলাইনে জন্মনিবন্ধন করতে পারছি না। মা-বাবা সেগুলো আমাকে দিচ্ছে না। কোনো রকম যোগাযোগ করলে তারা আমার মোবাইল ফোন নম্বর ব্লক করে দেয়। নিজের পছন্দে বিয়ে করেছি বলে তারা আমাকে কোনো কাগজপত্র দিয়ে সহায়তা করছে না। আমি এখন কী করতে পারি?","1. <other_1725_s21_p29> [অর্থ আইন, ২০২৬, ধারা ২১] ২০১২ সনের ৪৭ নং আইনের দ্বিতীয় তফসিলের সংশোধন — ডলার পর্যন্ত ৪৫ (ঘ) মূল্যসীমা ১০০০০০ মা. ডলার এর ঊর্ধ্ব হইতে ২০০০০০ মা. ডলার পর্যন্ত ৬০ (ঙ) মূল্যসীমা ২০০০০০ ম
2. <labour_952_s98> [বাংলাদেশ শ্রম আইন, ২০০৬, ধারা ৯৮] সংবাদপত্র শ্রমিকের জন্য চিকিৎসা পরিচর্যা — প্রত্যেক সংবাদপত্র শ্রমিক এবং তাহার উপর নির্ভরশীলগণ সংবাদপত্র প্রতিষ্ঠানের খরচে বিধি দ্বারা নির্ধারিত পন্থায় 
3. <other_1106_s38_p1> [মূল্য সংযোজন কর ও সম্পূরক শুল্ক আইন, ২০১২, ধারা ৩৮] আগাম মূল্য পরিশোধিত টেলিযোগাযোগ দ্রব্য বা সেবা সরবরাহ — বিষয়ে অন্য কোন ব্যক্তিকে অর্থ প্রদান করেন।(৬) হ্রাসকারী সমন্বয়ের পরিমাণ হইবে উক্ত অন্য কোন ব্যক্তিকে প্রদত্ত
4. <other_922_s24> [জাতীয় সংসদ (সংরক্ষিত মহিলা আসন) নির্বাচন আইন, ধারা ২৪] অসমর্থ ভোটারের ভোটদান পদ্ধতি — (১) অন্ধত্ব, পঙ্গুত্ব বা অন্য কোন শারীরিক অসমর্থতার কারণে ব্যালট পেপারে ভোটদানের জন্য কোন ভোটারের অন্য কোন ব্য
5. <other_1025_s6> [মোবাইল কোর্ট আইন, ২০০৯, ধারা ৬] মোবাইল কোর্টের ক্ষমতা — (১) ধারা ৫ এর অধীন ক্ষমতাপ্রাপ্ত এক্সিকিউটিভ ম্যাজিস্ট্রেট বা ধারা ১১ এর অধীন ক্ষমতাপ্রাপ্ত ডিস্ট্রিক্ট ম্যাজি
6. <other_1124_s6> [মাতৃদুগ্ধ বিকল্প, শিশু খাদ্য, বাণিজ্যিকভাবে , ধারা ৬] মাতৃদুগ্ধ বিকল্প, শিশু খাদ্য, ইত্যাদি ধারণপাত্র ও মোড়কে প্রদেয় তথ্যাদি — (১) আপাততঃ বলবৎ অন্য কোন আইনের বিধানাবলী ক্ষুণ্ণ না করিয়া, কোন ব্যক্তি মাতৃদুগ্ধ বিকল্প, শিশু খাদ্য, বাণিজ্যি
7. <labour_952_s9> [বাংলাদেশ শ্রম আইন, ২০০৬, ধারা ৯] শ্রমিক রেজিস্টার এবং টিকেট ও কার্ড সরবরাহ — (১) মালিক তাহার প্রতিষ্ঠানের সকল শ্রমিকের জন্য একটি শ্রমিক রেজিস্টার রাখিবেন, এবং ইহা সকল কর্মসময়ে পরিদর্শক ক
8. <money_recovery_901_s28> [অর্থ ঋণ আদালত আইন, ২০০৩, ধারা ২৮] জারীর জন্য মামলা দাখিলের সময়সীমা — (১) TheLimitation Act, 1908এবং TheCode of Civil Procedure, 1908এ ভিন্নতর যে বিধানই থাকুক না কেন, ডিক্রীদার, আদ
9. <other_1478_s24> [ফাইন্যান্স কোম্পানি আইন, ২০২৩, ধারা ২৪] আমানত গ্রহণে বাধা-নিষেধ — (১) ফাইন্যান্স কোম্পানি এইরূপ কোনো আমানত গ্রহণ করিবে না যাহা চাহিবামাত্র চেক, ড্রাফট, ডেবিট কার্ড অথবা আমানতকা
10. <other_1005_s11> [ভোটার তালিকা আইন, ২০০৯, ধারা ১১] ভোটার তালিকা হালনাগাদকরণ — (১) কম্পিউটার ডাটাবেজ সংরক্ষিত বিদ্যমান সকল ভোটার তালিকা, প্রতি বৎসর6[২ জানুয়ারি হইতে ২ মার্চ] পর্যন্ত সময়কা","civil_registration_921_s13","own_search","answered","1"
"prot_0135_01","Sifat","VERIFY","আমরা তিন ভাই ও এক বোন। ছোট ভাই স্ত্রী ও এক কন্যা রেখে মারা গেছেন। এখন আমরা কি ছোট ভাইয়ের সম্পত্তি পাব? এরই মধ্যে মেজ ভাই ছোট ভাইয়ের সম্পত্তি কিনে নিয়েছেন। এই দলিলে আমার আর বোনের সাক্ষী হিসেবে স্বাক্ষর নিয়েছেন। এতে করে আমাদের প্রাপ্য স্বত্ব কি নষ্ট হয়ে গেছে? আমরা কী করে প্রাপ্য স্বত্ব প্রতিষ্ঠিত করতে পারি?","1. <other_724_s8> [রাংগামাটি পার্বত্য জেলা পরিষদ আইন, ১৯৮৯, ধারা ৮] সম্পত্তি সম্পর্কিত ঘোষণা — চেয়ারম্যান ও প্রত্যেক সদস্য তাঁহার কার্যভার গ্রহণের পূর্বে তাঁহার এবং তাঁহার পরিবারের কোন সদস্যের স্বত্ব, দখল
2. <other_822_s10> [পার্বত্য চট্টগ্রাম আঞ্চলিক পরিষদ আইন, ১৯৯৮, ধারা ১০] সম্পত্তি সম্পর্কিত ঘোষণা — চেয়ারম্যান ও প্রত্যেক সদস্য তাহার কার্যভার গ্রহণের পূর্বে তাহার এবং তাঁহার পরিবারের কোন সদস্যের স্বত্ব, দখল ব
3. <local_government_1027_s41> [স্থানীয় সরকার (ইউনিয়ন পরিষদ) আইন, ২০০৯, ধারা ৪১] সম্পত্তি সম্পর্কিত ঘোষণা — চেয়ারম্যান ও সদস্য তাঁহার কার্যভার গ্রহণের পূর্বে তাঁহার এবং তাঁহার পরিবারের কোন সদস্যের স্বত্ব, দখল বা স্বার
4. <local_government_827_s10> [উপজেলা পরিষদ আইন, ১৯৯৮, ধারা ১০] সম্পত্তি সম্পর্কিত ঘোষণা — 14[চেয়ারম্যান ও ভাইস চেয়ারম্যান ] তাঁহার কার্যভার গ্রহণের পূর্বে তাঁহার এবং তাঁহার পরিবারের কোন সদস্যের স্বত
5. <other_1266_s2_p3> [বাংলাদেশ মুক্তিযোদ্ধা কল্যাণ ট্রাস্ট আইন, ২০, ধারা ২] সংজ্ঞা — বা স্বামী এবং পিতা-মাতার অবর্তমানে খেতাবপ্রাপ্ত বীর মুক্তিযোদ্ধার সন্তান; বা(উ) (অ)-(ঈ) পর্যন্ত বর্ণিত ব্যক্তি
6. <other_1682_s2_p0> [মানবদেহে অঙ্গ-প্রত্যঙ্গ সংযোজন আইন, ২০২৬, ধারা ২] সংজ্ঞা — বিষয় বা প্রসঙ্গের পরিপন্থি কোনো কিছু না থাকিলে, এই আইনে- (১) “অঙ্গ-প্রত্যঙ্গ” অর্থ মানবদেহের কিডনি, হৃৎপিণ্ড,
7. <other_1148_s2> [বাংলাদেশ সাংবাদিক কল্যাণ ট্রাস্ট আইন, ২০১৪, ধারা ২] সংজ্ঞা — বিষয় বা প্রসঙ্গের পরিপন্থী কোন কিছু না থাকিলে, এই আইনে-(১) ‘‘চেয়ারম্যান’’ অর্থ বোর্ডের চেয়ারম্যান;(২) ‘‘ট্র
8. <other_943_s2> [বাংলাদেশ শ্রমিক কল্যাণ ফাউন্ডেশন আইন, ২০০৬, ধারা ২] সংজ্ঞা — বিষয় বা প্রসঙ্গের পরিপন্থী কিছু না থাকিলে, এই আইনে-(ক) “অপ্রাতিষ্ঠানিক খাত” অর্থ এইরূপ বেসরকারী খাত যেখানে কর
9. <other_1485_s2> [বাংলাদেশ পুলিশ কল্যাণ তহবিল আইন, ২০২৩, ধারা ২] সংজ্ঞা — বিষয় বা প্রসঙ্গের পরিপন্থি কোনো কিছু না থাকিলে, এই আইনে,-(১) ""কর্মচারী"" অর্থ-(ক) পুলিশ ইন্সপেক্টরের নিম্ন পদম
10. <other_1378_s2> [বাংলাদেশ চলচ্চিত্র শিল্পী কল্যাণ ট্রাস্ট আইন, ধারা ২] সংজ্ঞা — বিষয় বা প্রসঙ্গের পরিপন্থি কোনো কিছু না থাকিলে, এই আইনে-(ক) “চলচ্চিত্র” অর্থ সেলুলয়েড, অ্যানালগ, ডিজিটাল বা ","other_173_s2, other_36_s42_p0","own_search","answered","1"
"prot_0101_02","Sifat","VERIFY","এদিকে ঘরে আছেন সৎশাশুড়ি। তাঁর অধীনে সংসারজীবন চালাতে গিয়েও আমি বাড়তি আরেকটি সমস্যা ও জ্বালায় আছি। সবকিছু মিলে আমি স্বামী, সৎশাশুড়ি ও শ্বশুরকে নিয়ে মহা দুর্যোগে আছি। ফলে উপায়ন্তর না দেখে আমি শেষ পর্যন্ত বাবার বাড়িতে চলে আসি এবং তার সঙ্গে আর ঘর-সংসার না করে তাকে ত্যাগ করারও নীতিগত সিদ্ধান্ত নিয়েছি। এখন আমার প্রশ্ন, এ সিদ্ধান্ত কার্যকরে সহজ পথ কী?","1. <other_857_s44> [বাংলাদেশ টেলিযোগাযোগ নিয়ন্ত্রণ আইন, ২০০১, ধারা ৪৪] ক্ষতিপূরণ — (১) পরিচালনাকারী কর্তৃক ৪২ ধারার অধীনে তাহার পথাধিকার প্রয়োগ বা ৪৩ ধারার অধীনে তাহার প্রয়োজনে কৃত কোন কিছুর 
2. <other_1124_s7> [মাতৃদুগ্ধ বিকল্প, শিশু খাদ্য, বাণিজ্যিকভাবে , ধারা ৭] শিক্ষামূলক বা অন্যান্য তথ্যাদি — জন্ম-পূর্ববর্তী বা জন্ম-পরবর্তী সেবা দানের উদ্দেশ্যে কোন গর্ভবতী মহিলা বা মাতৃদুগ্ধদানকারী বা শিশুর মায়েদের স
3. <other_751_s48> [ব্যাংক-কোম্পানী আইন, ১৯৯১, ধারা ৪৮] সীমাবদ্ধতা — (১) বাংলাদেশ ব্যাংকের গভর্ণর ব্যতীত অন্য কোন ব্যক্তি ধারা ৪৬ অথবা ৪৭ এর অধীনে কোন আদেশ প্রদান করিতে পারিবেন না
4. <other_796_s8_p1> [অর্থ আইন, ১৯৯৫, ধারা ৮] ১৯৯১ সনের ২২ নং আইনের সংশোধন — সিদ্ধান্ত প্রদানের তারিখ হইতে ষাট দিনের মধ্যে, আপীল করিতে পারিবেন।”(গ) উপ-ধারা (৬) এর পরিবর্তে নিম্নরূপ উপ-ধার
5. <local_government_1027_s94> [স্থানীয় সরকার (ইউনিয়ন পরিষদ) আইন, ২০০৯, ধারা ৯৪] আপীল আদেশ — এই আইন, বিধি বা প্রবিধান অনুসারে পরিষদ কর্তৃক প্রদত্ত কোন আদেশের ফলে কোন ব্যক্তি সংক্ষুব্ধ হইলে তিনি বিধি দ্বা
6. <labour_952_s223> [বাংলাদেশ শ্রম আইন, ২০০৬, ধারা ২২৩] নিষ্পত্তি, ইত্যাদি বলবৎ এর তারিখ — (১) কোন নিষ্পত্তি-(ক) যদি কোন বিরোধের পক্ষগণের মধ্যে কোন সম্মত দিন থাকে, উক্ত দিন হইতে, এবং(খ) যদি উক্তরূপ কোন
7. <other_1482_s28> [বাংলাদেশ হোমিওপ্যাথিক চিকিৎসা শিক্ষা আইন, ২০, ধারা ২৮] আপিল — (১) কাউন্সিলের কোনো সিদ্ধান্তের ফলে কোনো ব্যক্তি, হোমিওপ্যাথিক শিক্ষা প্রতিষ্ঠান বা হোমিওপ্যাথিক চিকিৎসক সংক্ষ
8. <land_856_s20> [অর্পিত সম্পত্তি প্রত্যর্পণ আইন, ২০০১, ধারা ২০] আপীল ট্রাইব্যুনালের এখতিয়ার — (১) এই আইনের অধীনে দায়েরকৃত আপীলে উত্থাপিত তথ্যগত প্রশ্নে (question of fact) এবং আইনগত প্রশ্নে (question of l
9. <other_812_s83> [দেউলিয়া বিষয়ক আইন, ১৯৯৭, ধারা ৮৩] রিসিভারের আদেশ ইত্যাদির বিরুদ্ধে আবেদন — যদি দেনাদার বা কোন পাওনাদার বা অন্য কোন ব্যক্তি রিসিভারের কোন আদেশ, সিদ্ধান্ত বা কাজের ফলে সংক্ষুদ্ধ হন, তাহা 
10. <other_735_s11> [বগুড়া পল্লী উন্নয়ন একাডেমী আইন, ১৯৯০, ধারা ১১] মহা-পরিচালক — (১) একাডেমীর একজন মহা-পরিচালক থাকিবেন।(২) মহা-পরিচালক বোর্ডের সচিবও হইবেন।(৩) মহা-পরিচালক সরকার কর্তৃক নিযুক্ত","family_305_s8, family_180_s2_p0","own_search","answered","2"
"ajke_0179_01","Sifat","VERIFY","আমি জোর করে যাই। এরপর আর ফেরত যাইনি। অকথ্য ভাষায় কথা বলাসহ আমাকে বিবাহবহির্ভূত সম্পর্কের অপবাদও দেয় তারা। স্বামী ও ননদ ফোনে আমার মা-বাবাকে খারাপ ভাষায় গালমন্দ করেছে। এ জন্য কি জিডি করতে পারি?","1. <other_782_s3> [প্রচলিত আইন ও আইনগত দলিল (অভিযোজন) আইন, ১৯৯৪, ধারা ৩] প্রচলিত আইন ও আইনগত দলিলে অভিযোজন — (১) এই আইন প্রবর্তনের তারিখে বলবত্ সকল প্রচলিত আইন ও আইনগত দলিল, বিষয় বা প্রসংগের প্রয়োজনে ভিন্নরূপ না হইলে 
2. <women_children_1119_s27> [শিশু আইন, ২০১৩, ধারা ২৭] ভাষা, দোভাষী ও অন্যান্য বিশেষ সহায়তামূলক পদক্ষেপ — (১) আইনের সংস্পর্শে আসা শিশু এবং আইনের সহিত সংঘাতে জড়িত শিশুর সাক্ষ্য গ্রহণসহ সংশ্লিষ্ট সকল কার্যক্রম শিশুর জ
3. <family_1444_s13> [পারিবারিক আদালত আইন, ২০২৩, ধারা ১৩] সাক্ষ্য লিপিবদ্ধকরণ — (১) সাক্ষ্য লিপিবদ্ধ করিবার জন্য নির্ধারিত তারিখে, পারিবারিক আদালত যেরূপ উপযুক্ত মনে করিবে সেইরূপে উভয় পক্ষ ক
4. <other_1153_s8> [উপানুষ্ঠানিক শিক্ষা আইন, ২০১৪, ধারা ৮] উপানুষ্ঠানিক শিক্ষার মাধ্যম — (১) উপানুষ্ঠানিক শিক্ষার পাঠদানের মাধ্যম হইবে বাংলা:তবে শর্ত থাকে যে, ক্ষুদ্র নৃ-গোষ্ঠীর জন্য তাহাদের অভিপ্রায
5. <other_1123_s10_p0> [বাংলা একাডেমি আইন, ২০১৩, ধারা ১০] একাডেমির কার্যাবলি — একাডেমির কার্যাবলি হইবে নিম্নরূপ, যথাঃ-(১) জাতীয় আশা আকাঙ্খার সহিত সঙ্গতি রাখিয়া বাংলা ভাষা, সাহিত্য ও সংস্ক
6. <labour_952_s98> [বাংলাদেশ শ্রম আইন, ২০০৬, ধারা ৯৮] সংবাদপত্র শ্রমিকের জন্য চিকিৎসা পরিচর্যা — প্রত্যেক সংবাদপত্র শ্রমিক এবং তাহার উপর নির্ভরশীলগণ সংবাদপত্র প্রতিষ্ঠানের খরচে বিধি দ্বারা নির্ধারিত পন্থায় 
7. <family_1444_s16> [পারিবারিক আদালত আইন, ২০২৩, ধারা ১৬] রায় লিখন — (১) পারিবারিক আদালতের প্রত্যেকটি রায় বা আদেশ মোকদ্দমা পরিচালনাকারী বিচারক কর্তৃক বা তৎকর্তৃক প্রদত্ত নির্দেশন
8. <other_877_s9> [পার্বত্য চট্টগ্রাম ভূমি-বিরোধ নিষ্পত্তি কমিশ, ধারা ৯] 1 [ কমিশনের নিকট আবেদন দাখিল] — 11[ (১)] এই আইনের অধীনে ভূমি বিরোধ নিষ্পত্তির জন্য সংশ্লিষ্ট আবেদনকারী তাহার দস্তখত বা টিপসহিযুক্ত দরখাস্ত সাদ
9. <criminal_procedure_765_s77> [রাজশাহী মহানগরী পুলিশ আইন, ১৯৯২, ধারা ৭৭] বেশ্যাবৃত্তির উদ্দেশ্যে আহ্বান জানাইবার দণ্ড — কোন ব্যক্তি রাস্তায় বা জনসাধারণের ব্যবহার্য স্থানে অথবা গৃহভ্যন্তরে বা গৃহের বাহিরে-(ক) বেশ্যাবৃত্তির উদ্দেশ্
10. <criminal_procedure_1012_s77> [সিলেট মহানগরী পুলিশ আইন, ২০০৯, ধারা ৭৭] বেশ্যাবৃত্তির উদ্দেশ্যে আহ্বান জানাইবার দণ্ড — কোন ব্যক্তি রাস্তায় বা জনসাধারণের ব্যবহার্য স্থানে অথবা গৃহাভ্যন্তরে বা গৃহের বাহিরে -(ক) বেশ্যাবৃত্তির উদ্দে","criminal_procedure_75_s155, criminal_procedure_11_s500, criminal_procedure_11_s504","own_search","answered","1"
"prot_0088_03","Sifat","VERIFY","আমার বয়স ২৫। আমি স্নাতক (সম্মান) দ্বিতীয় বর্ষে পড়ি। চার বছর ধরে একটি মেয়ের সঙ্গে আমার সম্পর্ক। তার বয়স ১৮। গত ৭ জুলাই আমরা কোর্ট ম্যারেজ করে ফেলি। সবার অজান্তে আমি রাতে বাসায় গিয়ে ওর সঙ্গে শারীরিকভাবে মিলিত হতাম। হঠাত্ এক রাতে ওর মায়ের চোখে ধরা পড়ে গেলাম। তখন আমাদের বিয়ের ব্যাপারটি জানাজানি হয়ে যায়। মেয়েটি দশম শ্রেণীতে পড়ত। ঘটনা জানার পর তার স্কুলে যাওয়া বন্ধ। আমি খবর পেয়েছি, তার বাবা ও ভাই তাকে অনেক অত্যাচার করছে। আমাকে প্রাণনাশের হুমকি দিচ্ছে। এখন ভয়ে আমি দিন কাটাচ্ছি। আমাকে তালাক দিতে বাধ্য করবে বলে শুনছি। এখন আমি তার সঙ্গে যোগাযোগ করতে পারছি না। সে অন্তঃসত্ত্বা কি না তাও জানি না। যদি অন্তঃসত্ত্বা হয়ে থাকে, আমি কী করতে পারি? আমি তাকে ছাড়া বাঁচব না। আমি কীভাবে তাকে নিয়ে সংসার করতে পারি সে ব্যাপারে পরামর্শ চাই","1. <labour_1285_s24> [বাংলাদেশ ইপিজেড শ্রম আইন, ২০১৯, ধারা ২৪] চাকরি হইতে অবসর গ্রহণ — (১) এই অধ্যায়ের অন্যত্র যাহা কিছুই উল্লে­খ থাকুক না কেন, কোনো প্রতিষ্ঠানে নিয়োজিত কোনো শ্রমিকের বয়স ৬০ (ষাট
2. <women_children_1119_s44> [শিশু আইন, ২০১৩, ধারা ৪৪] গ্রেফতার, ইত্যাদি — (১) এই ধারায় যাহা কিছুই থাকুক না কেন, ৯ (নয়) বৎসরের নিম্নের কোন শিশুকে কোন অবস্থাতেই গ্রেফতার করা বা, ক্ষেত্
3. <other_1696_s14> [রাজধানী উন্নয়ন কর্তৃপক্ষ আইন, ২০২৬, ধারা ১৪] কর্মচারীর অবসর গ্রহণ বা কর্তৃপক্ষ কর্তৃক অবসর প্রদান — (১) কর্তৃপক্ষের একজন কর্মচারী তাহার বয়স ৫৯ (ঊনষাট) বৎসর পূর্ণ হইলে এবং কর্তৃপক্ষের একজন মুক্তিযোদ্ধা কর্মচারী
4. <other_1699_s54> [ময়মনসিংহ উন্নয়ন কর্তৃপক্ষ আইন, ২০২৬, ধারা ৫৪] কর্মচারীর অবসর গ্রহণ বা কর্তৃপক্ষ কর্তৃক অবসর প্রদান — (১) কর্তৃপক্ষের একজন কর্মচারী তাহার বয়স ৫৯ (ঊনষাট) বৎসর পূর্ণ হইলে এবং কর্তৃপক্ষের একজন মুক্তিযোদ্ধা কর্মচারী
5. <other_1702_s54> [রংপুর উন্নয়ন কর্তৃপক্ষ আইন, ২০২৬, ধারা ৫৪] কর্মচারীর অবসর গ্রহণ বা কর্তৃপক্ষ কর্তৃক অবসর প্রদান — (১) কর্তৃপক্ষের একজন কর্মচারী তাহার বয়স ৫৯ (ঊনষাট) বৎসর পূর্ণ হইলে এবং কর্তৃপক্ষের একজন মুক্তিযোদ্ধা কর্মচারী
6. <other_1698_s54> [বরিশাল উন্নয়ন কর্তৃপক্ষ আইন, ২০২৬, ধারা ৫৪] কর্মচারীর অবসর গ্রহণ বা কর্তৃপক্ষ কর্তৃক অবসর প্রদান — (১) কর্তৃপক্ষের একজন কর্মচারী তাহার বয়স ৫৯ (ঊনষাট) বৎসর পূর্ণ হইলে এবং কর্তৃপক্ষের একজন মুক্তিযোদ্ধা কর্মচারী
7. <other_1697_s55> [নারায়ণগঞ্জ উন্নয়ন কর্তৃপক্ষ আইন, ২০২৬, ধারা ৫৫] কর্মচারীর অবসর গ্রহণ বা কর্তৃপক্ষ কর্তৃক অবসর প্রদান — (১) কর্তৃপক্ষের একজন কর্মচারী তাহার বয়স ৫৯ (উনষাট) বৎসর পূর্ণ হইলে এবং কর্তৃপক্ষের একজন মুক্তিযোদ্ধা কর্মচারী
8. <other_1701_s55> [কুমিল্লা উন্নয়ন কর্তৃপক্ষ আইন, ২০২৬, ধারা ৫৫] কর্মচারীর অবসর গ্রহণ বা কর্তৃপক্ষ কর্তৃক অবসর প্রদান — (১) কর্তৃপক্ষের একজন কর্মচারী তাহার বয়স ৫৯ (উনষাট) বৎসর পূর্ণ হইলে এবং কর্তৃপক্ষের একজন মুক্তিযোদ্ধা কর্মচারী
9. <other_1153_s4> [উপানুষ্ঠানিক শিক্ষা আইন, ২০১৪, ধারা ৪] উপানুষ্ঠানিক শিক্ষার শ্রেণীবিভাগ ও বয়স-সীমা — (১) প্রকৃতি ও ধরন অনুযায়ী উপানুষ্ঠানিক শিক্ষার শ্রেণীবিভাগ হইবে নিম্নরূপ, যথা :-(ক) উপানুষ্ঠানিক প্রাথমিক শিক
10. <other_1718_s29_p2> [অর্থ (২০২৫-২০২৬ অর্থ বৎসর) আইন, ২০২৬, ধারা ২৯] ২০২৩ সনের ১২ নং আইনের ধারা ২ এর সংশোধন — অথবা যেইক্ষেত্রে উক্ত পনেরোতম দিন সেপ্টেম্বর মাসের পনেরোতম দিনের পূর্বের তারিখে পড়ে, সেইক্ষেত্রে আয়বর্ষ সমাপ","family_1444_s5, criminal_procedure_75_s100, criminal_procedure_11_s506","own_search","answered","1"
"ajke_0155_01","Sifat","VERIFY","আমার ছবি ও নাম ব্যবহার করে ফেসবুকে কেউ একজন ভুয়া অ্যাকাউন্ট খুলেছে। আমার পরিচিত সবাইকে ফ্রেন্ডস রিকোয়েস্ট পাঠাচ্ছে। সবাই আমাকে ভেবে অ্যাকসেপ্ট করছে। সবার কাছে আমার নামে খারাপ খারাপ কথা বলছে এবং টাকা ধার চাচ্ছে। আমার কয়েক বন্ধু অ্যাকাউন্টে যোগাযোগের চেষ্টা করলে তাদেরও অনেক বাজে কথা বলছে। আমার কাছের মানুষদের টেক্সট করে খারাপ কথা বলছে। এখন আমার কী করা উচিত? এই নিয়ে তৃতীয়বারের মতো এমন হলো। আমি প্রতিবার কিছু না কিছু করে আইডিটা বন্ধ করাই, আবার খুলে ফেলে। আমি এবার আইনের আশ্রয় নিতে চাচ্ছি। কীভাবে কী করব?","1. <other_1126_s8> [প্রতিবন্ধী ব্যক্তির অধিকার ও সুরক্ষা আইন, ২০, ধারা ৮] বাকপ্রতিবন্ধিতা (speech disability) — নিম্নবর্ণিত দফাসমূহে উল্লিখিত বৈশিষ্ট্যসমূহের মধ্যে এক বা একাধিক বৈশিষ্ট্যের অধিকারী ব্যক্তি ‘বাকপ্রতিবন্ধী ব্
2. <other_1727_s13> [জুয়া প্রতিরোধ আইন, ২০২৬, ধারা ১৩] ভুয়া সিম (SIM), ঘোস্ট সিম (Ghost SIM), ভুয়া এমএফএস অ্যাকাউন্ট (MFS Account) ও বায়োমেট্রিক জালিয়াতির অপরাধ — কোনো ব্যক্তি ভুয়া সিম, ঘোস্ট সিম, ভুয়া এমএফএস অ্যাকাউন্ট বা জাল পরিচয় ব্যবহার করিয়া জুয়া বা বেটিং কার্যক্
3. <other_1375_s27> [শিশু দিবাযত্ন কেন্দ্র আইন, ২০২১, ধারা ২৭] ক্যামেরায় গৃহীত ছবি, রেকর্ডকৃত কথাবার্তার সাক্ষ্য মূল্য — Evidence Act, 1872(Act No. I of 1872) এ যাহা কিছুই থাকুক না কেন, কেন্দ্রে সংঘটিত কোনো অপরাধের ভিডিও, স্থিরচিত্
4. <other_1301_s16> [বাংলাদেশ বাতিঘর আইন, ২০২০, ধারা ১৬] বাতিঘর মাশুল প্রদান না করিবার জরিমানা — (১) কোনো জাহাজের মাস্টার বা মালিক যদি এই আইনের অধীন জাহাজের বাতিঘর মাশুল, পাওনাদি এবং অন্যান্য খরচের অর্থ পরিশ
5. <other_1727_s24> [জুয়া প্রতিরোধ আইন, ২০২৬, ধারা ২৪] ভুয়া সিম, ঘোস্ট সিম, ভুয়া এমএফএস অ্যাকাউন্ট ও বায়োমেট্রিক জালিয়াতির দণ্ড — (১) কোনো ব্যক্তি ধারা ১৩ এ বর্ণিত ভুয়া সিম, ঘোস্ট সিম, ভুয়া এমএফএস অ্যাকাউন্ট বা বায়োমেট্রিক জালিয়াতির অপর
6. <women_children_1119_s80> [শিশু আইন, ২০১৩, ধারা ৮০] শিশুকে শোষণের দণ্ড — (১) শিশু-আদালত কর্তৃক শিশুর জিম্মাদার, রক্ষণাবেক্ষণকারী, প্রতিপালনের দায়িত্বপ্রাপ্ত ব্যক্তি বা অন্য কোন ব্যক্
7. <other_1045_s28> [চার্টার্ড সেক্রেটারীজ আইন, ২০১০, ধারা ২৮] ইনস্টিটিউটের নাম ব্যবহার ও চার্টার্ড সেক্রেটারী ডিগ্রী প্রদানের দন্ড — (১) এই আইনে ভিন্নতর কিছু না থাকিলে, কোন ব্যক্তি বা প্রতিষ্ঠান-(ক) এমন কোন নাম বা সীলমোহর ব্যবহার করিবেন না যাহ
8. <other_788_s346_p0> [কোম্পানী আইন, ১৯৯৪, ধারা ৩৪৬] নিষ্ক্রিয় (defunct) কোম্পানীর নাম নিবন্ধন বহি হইতে কাটিয়া দেওয়া — (১) যেক্ষেত্রে রেজিষ্ট্রারের এইরূপ বিশ্বাস করিবার যুক্তিসংগত কারণ থাকে যে, কোন একটি কোম্পানী ব্যবসা করিতেছে না
9. <other_1200_s28> [বাংলাদেশ নার্সিং ও মিডওয়াইফারি কাউন্সিল আইন,, ধারা ২৮] প্রতারণামূলক প্রতিনিধিত্ব বা নিবন্ধনের দণ্ড — (১) যদি কোন ব্যক্তি প্রতারণার আশ্রয় লইয়া ইচ্ছাকৃতভাবে নিজেকে একজন স্বীকৃত নার্স বা মিডওয়াইফ হিসাবে এই আইনের
10. <criminal_procedure_1239_s33> [রংপুর মহানগরী পুলিশ আইন, ২০১৮, ধারা ৩৩] জনস্বার্থে গান-বাজনা ইত্যাদি নিয়ন্ত্রণ — কোনো এলাকার জনসাধারণ বা কোনো ব্যক্তি বিশেষের অসুবিধা বা বিরক্তি দূরীকরণের জন্য প্রয়োজন মনে করলে পুলিশ কমিশনার","cybercrime_1710_s22, cybercrime_1710_s40","own_search","answered","1"
"prot_0082_03","Sifat","VERIFY","আমি একজন সরকারি প্রাথমিক বিদ্যালয়ের শিক্ষিকা। আমার বয়স ২১ বছর। পাঁচ বছর ধরে আমার একজনের সঙ্গে সম্পর্ক থাকলেও বাবা-মায়ের ইচ্ছায় আমার চেয়েও ১৬ বছরের বড় অন্য একটি ছেলেকে বিয়ে করতে বাধ্য হই। কিন্তু আমি আমার স্বামীকে মন থেকে মেনে নিতে পারিনি। কারণ, তার মেজাজ সব সময় খিটখিটে থাকে, প্রবল সন্দেহপ্রবণ এবং কারণে-অকারণে খারাপ ব্যবহার করে ইত্যাদি। এখন আমি তাকে তালাক দিতে মানসিকভাবে প্রস্তুত। এ জন্য আমাকে কী করতে হবে? সে আমার বিরুদ্ধে কোনো আইনগত ব্যবস্থা নিতে পারবে কি? তাতে আমার সরকারি চাকরিতে কোনো সমস্যা হবে কি? উল্লেখ্য, দেনমোহরের টাকার প্রতি আমার কোনো দাবি নেই এবং তার দেওয়া ১০ ভরি স্বর্ণও তাকে ফিরিয়ে দেব। আমার কাছে বিয়ের কোনো কাগজপত্র নেই। আর এর মধ্যে আমি অন্তঃসত্ত্বা হয়ে পড়েছি","1. <other_1446_s2> [সরকারি প্রাথমিক বিদ্যালয় শিক্ষক কল্যাণ ট্রাস, ধারা ২] সংজ্ঞা — বিষয় বা প্রসঙ্গের পরিপন্থি কোনো কিছু না থাকিলে, এই আইনে,-(১) “র্কমচারী” অর্থে কর্মকর্তাও অন্তর্ভুক্ত হইবে;(২)
2. <women_children_1063_s2> [পারিবারিক সহিংসতা (প্রতিরোধ ও সুরক্ষা) আইন, , ধারা ২] সংজ্ঞা — - বিষয় বা প্রসঙ্গের পরিপন্থী কিছু না থাকিলে, এই আইনে-(১)""অর্ন্তব র্তীকালীন সুরক্ষা আদেশ""অর্থ ধারা ১৩ এর অধীন 
3. <other_1094_s8> [প্রধানমন্ত্রীর শিক্ষা সহায়তা ট্রাস্ট আইন, ২০, ধারা ৮] ট্রাস্টি বোর্ড গঠন — (১) নিম্নবর্ণিত সদস্য সমন্বয়ে ট্রাস্টি বোর্ড গঠিত হইবে, যথাঃ―(ক) শিক্ষা মন্ত্রণালয়ের দায়িত্বে নিয়োজিত মন্ত
4. <other_751_s112> [ব্যাংক-কোম্পানী আইন, ১৯৯১, ধারা ১১২] (১) বাংলাদেশ ব্যাংক যদি এই আইনের কোন ধারা অথবা তদধীন কোন আদেশ বা নির্দেশ বা আরোপিত শর্ত বা প্রণীত কোন বিধি লংঘ
5. <labour_952_s155_p2> [বাংলাদেশ শ্রম আইন, ২০০৬, ধারা ১৫৫] ক্ষতিপূরণ বন্টন — প্রদেয় হয় সে ৰেত্রে, উক্ত অর্থ উক্ত ব্যক্তির উপকারার্থে তাহার অৰমতাকালীন সময়ে শ্রম আদালতের নির্দেশ মোতাবেক 
6. <other_1198_s5> [বাংলাদেশ ন্যাশনাল ক্যাডেট কোর আইন, ২০১৬, ধারা ৫] বাংলাদেশ ন্যাশনাল ক্যাডেট কোরের দায়িত্ব ও কর্তব্য — (১) বাংলাদেশ ন্যাশনাল ক্যাডেট কোরের প্রত্যেক তালিকাভুক্ত সদস্য এবং কর্মচারীর দায়িত্ব ও কর্তব্য হইবে নিম্নরূপ,
7. <criminal_procedure_1239_s108> [রংপুর মহানগরী পুলিশ আইন, ২০১৮, ধারা ১০৮] পুলিশ অফিসারের বিরুদ্ধে আইনগত ব্যবস্থা গ্রহণ — আপাতত বলবৎ অন্য কোনো আইনে যাহা কিছুই থাকুক না কেন, এই আইন, বিধি, প্রবিধান বা তদধীন প্রদত্ত কোনো আদেশের অধীন কো
8. <criminal_procedure_1238_s108> [গাজীপুর মহানগরী পুলিশ আইন, ২০১৮, ধারা ১০৮] পুলিশ অফিসারের বিরুদ্ধে আইনগত ব্যবস্থা গ্রহণ — আপাতত বলবৎ অন্য কোনো আইনে যাহা কিছুই থাকুক না কেন, এই আইন, বিধি, প্রবিধান বা তদধীন প্রদত্ত কোনো আদেশের অধীন কো
9. <other_1282_s18> [বাংলাদেশ মৎস্য গবেষণা ইনস্টিটিউট আইন, ২০১৮, ধারা ১৮] বার্ষিক প্রতিবেদন — (১) ইনস্টিটিউট প্রতি বছর তদকর্তৃক সম্পাদিত কার্যাবলীর বিবরণ সম্বলিত একটি বার্ষিক প্রতিবেদন, যথাশীঘ্র সম্ভব, সর
10. <women_children_1063_s20> [পারিবারিক সহিংসতা (প্রতিরোধ ও সুরক্ষা) আইন, , ধারা ২০] আবেদন নিষ্পত্তি — (১) এই আইনের অধীন প্রতিটি আবেদন, ধারা ১৬ এর অধীন ক্ষতিপূরণ আদেশের আবেদন ব্যতীত, নোটিশ জারীর তারিখ হইতে অনধিক ৬","family_305_s8, family_305_s7, family_476_s9","own_search","answered","2"
"prot_0006_03","Sifat","VERIFY","আমার দুলাভাই পাটের একজন আড়তদার। তাঁর আড়তে একজন পাট বিক্রি করতে এলে শ্রমিকের সঙ্গে মারামারি হয়। লোকটি পরের দিন বাড়িতে গিয়ে মারা যান। পরে তাঁরা দুলাভাইয়ের নামে হত্যা মামলা করেন, অথচ তিনি ছিলেন আড়তের ভেতরে। এখন দুলাভাই হাজতে আছেন। কী করতে পারি? আজমল হোসেন","1. <other_1206_s2> [পাট আইন, ২০১৭, ধারা ২] সংজ্ঞা — বিষয় বা প্রসঙ্গের পরিপন্থি কোন কিছু না থাকিলে, এই আইনে-(১) ‘‘আদেশ’’ অর্থ এ আইনের অধীন, সরকারি গেজেটে প্রজ্ঞাপ
2. <labour_952_s157> [বাংলাদেশ শ্রম আইন, ২০০৬, ধারা ১৫৭] নোটিশ ও দাবী — (১) কোন শ্রম আদালত ৰতিপূরণের কোন দাবী বিবেচনায় আনিবে না যদি না দুর্ঘটনা ঘটিবার পর যতশীঘ্র সম্ভব এতদ্নিম্নে বর
3. <other_1206_s4> [পাট আইন, ২০১৭, ধারা ৪] পাট ও পাটজাত পণ্যের ব্যবসা উন্নয়ন ও সম্প্রসারণে সরকারের ক্ষমতা — (১) পাট ও পাটজাত পণ্যের ব্যবসা উন্নয়ন ও সম্প্রসারণে সরকারের নিম্নবর্ণিত ক্ষমতা থাকিবে, যথা :-(ক) পাট ও পাটজাত
4. <cybercrime_950_s82> [তথ্য ও যোগাযোগ প্রযুক্তি আইন, ২০০৬, ধারা ৮২] সাইবার আপীল ট্রাইব্যুনাল গঠন — (১) সরকার, সরকারী গেজেটে প্রজ্ঞাপন দ্বারা, এক বা একাধিক সাইবার আপীল ট্রাইব্যুনাল, অতঃপর সময় সময় আপীল ট্রাইব্
5. <other_1206_s11> [পাট আইন, ২০১৭, ধারা ১১] সেস ধার্যকরণ — সরকার, আদেশ দ্বারা, বাংলাদেশে উৎপাদিত সকল বা যে কোন শ্রেণির পাটের রপ্তানি মূল্যের উপর উক্ত আদেশে উল্লিখিত হারে
6. <other_1206_s26> [পাট আইন, ২০১৭, ধারা ২৬] অব্যাহতি প্রদানের ক্ষমতা — সরকার, আদেশ দ্বারা, কোন ব্যক্তি বা ব্যক্তি-শ্রেণি অথবা কোন শ্রেণির পাট বা পাটের উৎপাদনকারীকে এই আইন বা তদধীন প
7. <other_1206_s3> [পাট আইন, ২০১৭, ধারা ৩] পাট ও পাটজাত পণ্য উৎপাদন ও প্রসার, গবেষণা ও পাট চাষে উদ্বুদ্ধকরণে সরকারের ক্ষমতা — পাট ও পাটজাত পণ্য উৎপাদন ও প্রসার, গবেষণা ও পাট চাষে উদ্বুদ্ধকরণে সরকার নিম্নবর্ণিত কার্যক্রম গ্রহণ করিতে পারি
8. <other_751_s61> [ব্যাংক-কোম্পানী আইন, ১৯৯১, ধারা ৬১] ট্রাইব্যুনালের গঠন — (১) এই খণ্ডের উদ্দেশ্য পূরণকল্পে সরকার একজন চেয়ারম্যান ও অপর দুইজন সদস্য সমন্বয়ে একটি ট্রাইব্যুনাল গঠন করিতে
9. <other_1181_s62> [বাংলাদেশ কোস্ট গার্ড আইন, ২০১৬, ধারা ৬২] অভিযুক্ত গ্রেপ্তার — (১) অধিভুক্ত কোন ব্যক্তির বিরুদ্ধে কোন অভিযোগ আনয়ন করা হইলে তাহাকে গ্রেপ্তার করিয়া বাহিনীর হাজতে আটক রাখা যা
10. <other_1067_s63> [বর্ডার গার্ড বাংলাদেশ আইন, ২০১০, ধারা ৬৩] অপরাধীর গ্রেফতার — (১) অধিভুক্ত কোন ব্যক্তির বিরদ্ধে কোন অভিযোগ আনয়ন করা হইলে তাহাকে গ্রেফতার করিয়া বাহিনীর হাজতে আটক রাখা যাইব","criminal_procedure_75_s497, criminal_procedure_75_s498","own_search","answered","2"
"prot_0009_05","Sifat","VERIFY","একসময় তিনি নানাবাড়িতে চলে আসেন। আমি বড় হওয়ার পর চাচাদের সঙ্গে মিলে ২৫ শতাংশ জমি কিনেছিলাম। আমার নামে সেই জমি সমহারে দলিল হয়েছে। কিন্তু চাচারা ওই জমি আমাদের দখলে দিতে চায় না। আইনগত কী ব্যবস্থা নিতে পারি?","1. <other_722_s15> [পার্বত্য জেলাসমূহ (আইন রহিত ও প্রয়োগ এবং বিশ, ধারা ১৫] বসতবাড়ীর জন্য গ্রামীণ জমি দখল — (১) কোন পাহাড়ী ব্যক্তি পৌর এলাকা-বহির্ভূত অনধিক ত্রিশ শতাংশ পর্যন্ত খাস জমি তাহার নিজ বসতবাড়ীর জন্য হেডম্যান
2. <other_1427_s10> [হাট ও বাজার (স্থাপন ও ব্যবস্থাপনা) আইন, ২০২৩, ধারা ১০] (১) কোনো ব্যক্তি হাট ও বাজারের সরকারি খাস জমি অবৈধভাবে দখলে রাখিতে অথবা উপযুক্ত কর্তৃপক্ষের পূর্বানুমতি ব্যতির
3. <other_721_s9> [বাংলাদেশ ঋণ সালিসি আইন, ১৯৮৯, ধারা ৯] প্রত্যর্পিত জমি হস্ত্মান্ত্মরের উপর বিধি নিষেধ — কোন কৃষক ধারা ৬ বা ধারা ৭ এর অধীন তাঁহার নিকট প্রত্যর্পিত কোন কৃষি জমি প্রত্যর্পণের তারিখ হইতে তিন বত্সরের মধ্
4. <other_857_s45> [বাংলাদেশ টেলিযোগাযোগ নিয়ন্ত্রণ আইন, ২০০১, ধারা ৪৫] লাইসেন্সধারীর প্রয়োজনে বাধ্যতামূলকভাবে বেসরকারী জমি অধিগ্রহণ — (১) লাইসেন্সের অধীন কাজকর্ম সম্পাদন বা পরিচালনার জন্য প্রয়োজনীয় কোন জমি ব্যবহারের ক্ষেত্রে লাইসেন্সধারী বাধা
5. <other_724_s64> [রাংগামাটি পার্বত্য জেলা পরিষদ আইন, ১৯৮৯, ধারা ৬৪] (১) আপাততঃ বলবত্ অন্য কোন আইনে যাহা কিছুই থাকুক না কেন-(ক) রাংগামাটি পার্বত্য জেলার এলাকাধীন বন্দোবস্তযোগ্য খা
6. <other_725_s64> [খাগড়াছড়ি পার্বত্য জেলা পরিষদ আইন, ১৯৮৯, ধারা ৬৪] (১) আপাততঃ বলবত্ অন্য কোন আইনে যাহা কিছুই থাকুক না কেন-(ক) খাগড়াছড়ি পার্বত্য জেলার এলাকাধীন বন্দোবস্তযোগ্য খ
7. <other_726_s64> [বান্দরবান পার্বত্য জেলা পরিষদ আইন, ১৯৮৯, ধারা ৬৪] (১) আপাততঃ বলবত্ অন্য কোন আইনে যাহা কিছুই থাকুক না কেন-(ক) বান্দরবন পার্বত্য জেলার এলাকাধীন বন্দোবস্তযোগ্য খাস
8. <other_1427_s6> [হাট ও বাজার (স্থাপন ও ব্যবস্থাপনা) আইন, ২০২৩, ধারা ৬] হাট ও বাজারের জমি বন্দোবস্ত প্রদান এবং হাট ও বাজার ইজারা প্রদান — (১) হাট ও বাজারের কোনো জমি স্থায়ী বন্দোবস্ত প্রদান করা যাইবে না।(২) উপ-ধারা (১) এর বিধান সাপেক্ষে, জেলা প্রশা
9. <other_1070_s22> [উদ্ভিদ সংগনিরোধ আইন, ২০১১, ধারা ২২] লিখিত বিজ্ঞপ্তি — (১) যদি উদ্ভিদ সংগনিরোধ কর্মকর্তা এই মর্মে নিশ্চিত হন যে, কোন একটি স্থানে সংগনিরোধ বালাই রহিয়াছে, তাহা হইলে ত
10. <other_721_s7> [বাংলাদেশ ঋণ সালিসি আইন, ১৯৮৯, ধারা ৭] কতিপয় বিক্রয় বাতিল — (১) এই আইন বলবত্ হইবার পর অনধিক দুই একর কৃষি জমির মালিক কোন কৃষক প্রাকৃতিক দুর্যোগে তগতিগ্রস্ত হওয়ার বা জীবন ","none","none","not_found","1"
"prot_0047_03","Sifat","VERIFY","আমার বিয়ে হয়েছে প্রায় আট বছর। আমার একটি ছয় বছরের ছেলে আছে। কিন্তু বিয়ের পর থেকেই স্বামীর সঙ্গে বনিবনা হচ্ছে না। আজ থেকে প্রায় সাত মাস আগে একটি ছেলের সঙ্গে আমার সম্পর্ক হয়। একপর্যায়ে আমি তার সঙ্গে পালিয়ে গিয়ে আমার আগের স্বামীকে তালাক দিয়ে তাকে বিয়ে করি। কিন্তু আমার আগের স্বামী এখনো পর্যন্ত জানে না যে তাকে আমি তালাক দিয়েছি। এখন নিজে থেকেই আমাকে তালাক দিতে চায়। আমি আমার বিয়ের ১০-১২ দিনের মধ্যেই আমার বাবার বাসায় ফিরে আসি। অন্যদিকে আমি যাকে বিয়ে করেছি তার সঙ্গেও আমার সম্পর্ক ভালো যাচ্ছে না। আমি জানতে চাচ্ছি যে আগের স্বামীকে তালাক দিয়ে যে বিয়ে করেছি সেটা বৈধ কি না?নাম প্রকাশে অনিচ্ছুক","1. <consumer_1010_s10_p0> [ট্রেডমার্ক আইন, ২০০৯, ধারা ১০] সাদৃশ্যপূর্ণ বা প্রতারণামূলকভাবে সাদৃশ্যপূর্ণ ট্রেডমার্ক নিবন্ধনে বাধা-নিষেধ — (১) উপ-ধারা (২) এর বিধান সাপেক্ষে, ভিন্ন কোন স্বত্বাধিকারীর নামে কোন পণ্য বা সেবা অথবা, পণ্য বা সেবার বর্ণনা ন
2. <other_924_s2> [ব্যক্তি মালিকানাধীন সড়ক পরিবহন শ্রমিক কল্যাণ, ধারা ২] সংজ্ঞা — বিষয় বা প্রসঙ্গের পরিপন্থী কিছু না থাকিলে, এই আইনে-(ক) “কল্যাণ তহবিল” অর্থ ধারা ৪ এর অধীন গঠিত কল্যাণ তহবিল;(
3. <labour_1285_s2_p1> [বাংলাদেশ ইপিজেড শ্রম আইন, ২০১৯, ধারা ২] সংজ্ঞা — (১৯৯৪ সনের ১৮ নং আইন) এর অধীন নিবন্ধিত কোনো কোম্পানি, যাহার অধীন কোনোজোনেএক বা একাধিক শিল্প প্রতিষ্ঠান রহিয়াছ
4. <other_1413_s36> [সরকারি ঋণ আইন, ২০২২, ধারা ৩৬] দণ্ড — (১) কোনো ব্যক্তি নিজের বা অন্য কোনো ব্যক্তির পক্ষে সরকারি সিকিউরিটি বা জাতীয় সঞ্চয় স্কীমের আওতায় ইস্যুকৃত স
5. <criminal_procedure_765_s52> [রাজশাহী মহানগরী পুলিশ আইন, ১৯৯২, ধারা ৫২] নিয়োগপত্র, প্রভৃতি ফেরত্ দিতে গাফিলতি বা অস্বীকৃতি জ্ঞাপনের দণ্ড — কোন পুলিশ কর্মকর্তা বাহিনীর সহিত সম্পর্ক ছিন্ন হওয়ার অব্যবহিত পরে তাহার নিয়োগপত্র, অস্ত্র, পোশাক ও অন্যান্য 
6. <criminal_procedure_1013_s52> [বরিশাল মহানগরী পুলিশ আইন, ২০০৯, ধারা ৫২] নিয়োগপত্র, প্রভৃতি ফেরত দিতে গাফিলতি বা অস্বীকৃতি জ্ঞাপনের দণ্ড — কোন পুলিশ কর্মকর্তা বাহিনীর সহিত সম্পর্ক ছিন্ন হওয়ার অব্যবহিত পরে তাহার নিয়োগপত্র, অস্ত্র, পোশাক ও অন্যান্য 
7. <criminal_procedure_1012_s52> [সিলেট মহানগরী পুলিশ আইন, ২০০৯, ধারা ৫২] নিয়োগপত্র, প্রভৃতি ফেরৎ দিতে গাফিলতি বা অস্বীকৃতি জ্ঞাপনের দণ্ড — কোন পুলিশ কর্মকর্তা বাহিনীর সহিত সম্পর্ক ছিন্ন হওয়ার অব্যবহিত পরে তাহার নিয়োগপত্র, অস্ত্র, পোশাক ও অন্যান্য 
8. <other_943_s2> [বাংলাদেশ শ্রমিক কল্যাণ ফাউন্ডেশন আইন, ২০০৬, ধারা ২] সংজ্ঞা — বিষয় বা প্রসঙ্গের পরিপন্থী কিছু না থাকিলে, এই আইনে-(ক) “অপ্রাতিষ্ঠানিক খাত” অর্থ এইরূপ বেসরকারী খাত যেখানে কর
9. <other_912_s2> [বাংলাদেশ কর্মচারী কল্যাণ বোর্ড আইন, ২০০৪, ধারা ২] সংজ্ঞা — বিষয় বা প্রসংগের পরিপন্থী কোন কিছু না থাকিলে, এই আইনে,-(ক) “আঞ্চলিক কমিটি” অর্থ ধারা ৮ এর অধীন গঠিত বোর্ডের আ
10. <other_1266_s2_p3> [বাংলাদেশ মুক্তিযোদ্ধা কল্যাণ ট্রাস্ট আইন, ২০, ধারা ২] সংজ্ঞা — বা স্বামী এবং পিতা-মাতার অবর্তমানে খেতাবপ্রাপ্ত বীর মুক্তিযোদ্ধার সন্তান; বা(উ) (অ)-(ঈ) পর্যন্ত বর্ণিত ব্যক্তি","family_305_s8, criminal_procedure_11_s494","own_search","answered","2"
"lawy_0387_01","Sifat","VERIFY","স্ত্রী কর্তৃক মিথ্যা নারী নির্যাতন মামলা হলে কি করবেন!","1. <women_children_1119_s16> [শিশু আইন, ২০১৩, ধারা ১৬] (১) আইনের সহিত সংঘাত জড়িত শিশু কর্তৃক সংঘটিত যে কোনো অপরাধের বিচার করিবার জন্য, প্রত্যেক জেলা সদরে শিশু-আদালত
2. <women_children_835_s34> [নারী ও শিশু নির্যাতন দমন আইন, ২০০০, ধারা ৩৪] ১৯৯৫ সনের ১৮ নং আইনের রহিতকরণ ও হেফাজত — (১) নারী ও শিশু নির্যাতন (বিশেষ বিধান) আইন, ১৯৯৫ (১৯৯৫ সনের ১৮ নং আইন), অতঃপর উক্ত আইন বলিয়া উল্লিখিত, এতদ্বা
3. <women_children_835_s26> [নারী ও শিশু নির্যাতন দমন আইন, ২০০০, ধারা ২৬] নারী ও শিশু নির্যাতন দমন ট্রাইব্যুনাল — (১) এই আইনের অধীন অপরাধ বিচারের জন্য প্রত্যেক জেলা সদরে একটি করিয়া ট্রাইব্যুনাল থাকিবে এবং প্রয়োজনে সরকার উক
4. <women_children_835_s35> [নারী ও শিশু নির্যাতন দমন আইন, ২০০০, ধারা ৩৫] (১) এই আইনে যাহা কিছু থাকুক না কেন,নারী ও শিশু নির্যাতন দমন (সংশোধন) অধ্যাদেশ, ২০২৫বলবৎ হওয়ার তারিখ হইতে ধারা
5. <other_896_s3> [দ্রুত বিচার ট্রাইব্যুনাল আইন, ২০০২, ধারা ৩] সংজ্ঞা — বিষয় বা প্রসংগের পরিপন্থী কোন কিছু না থাকিলে, এই আইনে,-(ক) “আদালত” অর্থ দায়রা আদালত, বিশেষ আদালত ও ম্যাজিষ্ট
6. <women_children_1063_s3> [পারিবারিক সহিংসতা (প্রতিরোধ ও সুরক্ষা) আইন, , ধারা ৩] পারিবারিক সহিংসতা — - এই আইনের উদ্দেশ্য পূরণকল্পে পারিবারিক সহিংসতা বলিতে পারিবারিক সম্পর্ক রহিয়াছে এমন কোন ব্যক্তি কতৃর্ক পরিবার
7. <other_1715_s43> [বন্যপ্রাণী (সংরক্ষণ ও নিরাপত্তা) আইন, ২০২৬, ধারা ৪৩] মিথ্যা বা হয়রানিমূলক মামলা দায়ের — এই আইনের অধীন ক্ষমতাপ্রাপ্ত কোনো কর্মকর্তা এই আইনের বিধান লঙ্ঘন করিয়া মিথ্যা বা হয়রানিমূলক মামলা দায়ের করিত
8. <other_1419_s10> [বাংলাদেশ সরকারী কর্ম কমিশন আইন, ২০২৩, ধারা ১০] ভুয়া পরিচয়ে পরীক্ষায় অংশগ্রহণ ও উহার দণ্ড — কোনো ব্যক্তি পরীক্ষার্থী না হওয়া সত্ত্বেও নিজেকে পরীক্ষার্থী হিসাবে হাজির করিয়া বা পরীক্ষার্থী বলিয়া ভান কর
9. <consumer_1014_s54> [ভোক্তা অধিকার সংরক্ষণ আইন, ২০০৯, ধারা ৫৪] মিথ্যা বা হয়রানিমূলক মামলা দায়েরের দণ্ড — কোন ব্যক্তি, কোন ব্যবসায়ী বা সেবা প্রদানকারীকে হয়রানি বা জনসমক্ষে হেয় করা বা তাহার ব্যবসায়িক ক্ষতি সাধনের 
10. <other_1078_s24> [ভবঘুরে ও নিরাশ্রয় ব্যক্তি (পুনর্বাসন) আইন, ২, ধারা ২৪] মানুষকে ভিক্ষাবৃত্তিতে নিয়োজিত করার ক্ষেত্রে কতিপয় আইনের প্রয়োগ — অন্য কোন ব্যক্তি দ্বারা প্রভাবিত বা প্ররোচিত হইয়া ভিক্ষাবৃত্তি কাজে নিয়োজিত এমন কোন ভবঘুরেকে এই আইনের অধীন আ","women_children_835_s17, women_children_835_s19, criminal_procedure_75_s561A","own_search","answered","2"
"ajke_0186_01","Sifat","VERIFY","প্রশ্ন: আমার স্বামীর সঙ্গে কয়েক মাসের মধ্যে ডিভোর্স হয়ে যাবে। আমরা এক বছর ধরে আলাদা থাকি এবং আমাদের মধ্যে যোগাযোগ নেই। আমার একটি ৯ বছরের ছেলেসন্তান আছে। ডিভোর্স হয়ে গেলে আমার ছেলেকে সে পাবে আইন অনুসারে। কিন্তু সে বিদেশে থাকে বলে সন্তানের দেখাশোনা করতে পারবে না। হয়তো তার পরিবারের মানুষেরা দেখবে কিংবা হোস্টেলে রাখবে। আমি জানতে চাই, সন্তানকে আমার কাছে রাখার কোনো উপায় কি আছে, যেহেতু সে বিদেশে থাকে?","1. <women_children_835_s13> [নারী ও শিশু নির্যাতন দমন আইন, ২০০০, ধারা ১৩] (১) অন্য কোন আইনে ভিন্নতর যাহা কিছুই থাকুক না কেন, ধর্ষণের কারণে কোন সন্তান জন্মলাভ করিলে-(ক) উক্ত সন্তানকে তা
2. <other_1718_s29_p2> [অর্থ (২০২৫-২০২৬ অর্থ বৎসর) আইন, ২০২৬, ধারা ২৯] ২০২৩ সনের ১২ নং আইনের ধারা ২ এর সংশোধন — অথবা যেইক্ষেত্রে উক্ত পনেরোতম দিন সেপ্টেম্বর মাসের পনেরোতম দিনের পূর্বের তারিখে পড়ে, সেইক্ষেত্রে আয়বর্ষ সমাপ
3. <other_1429_s2_p4> [আয়কর আইন, ২০২৩, ধারা ২] সংজ্ঞা — পরবর্তী সেপ্টেম্বর মাসের পনেরোতম দিন;(গ) পূর্বে কখনোই রিটার্ন দাখিল করেন নাই এইরূপ স্বাভাবিক ব্যক্তি করদাতার ক
4. <other_1725_s97_p1> [অর্থ আইন, ২০২৬, ধারা ৯৭] ২০২৩ সনের ১২ নং আইনের ধারা ১৭০ এর সংশোধন — করের ৫% (পাঁচ শতাংশ) অথবা ৫ (পাঁচ) হাজার টাকা, যাহা অধিক সেই পরিমাণ অতিরিক্ত কর প্রযোজ্য হইবে । (খ) পূর্বে কখন
5. <women_children_1063_s17> [পারিবারিক সহিংসতা (প্রতিরোধ ও সুরক্ষা) আইন, , ধারা ১৭] নিরাপদ হেফাজত আদেশ — আপাততঃ বলবৎ অন্য কোন আইনে যাহা কিছুই থাকুক না কেন, আদালত এই আইনের অধীন আবেদন বিবেচনার যে কোন পর্যায়ে সংক্ষুব্
6. <other_857_s97গ> [বাংলাদেশ টেলিযোগাযোগ নিয়ন্ত্রণ আইন, ২০০১, ধারা ৯৭গ] ধারা ৯৭ক এর বিধান লঙ্গনের দণ্ড — ধারা ৯৭ক মোতাবেক গোয়েন্দা সংস্থা, জাতীয় নিরাপত্তা সংস্থা, তদন্তকারী সংস্থা বা আইন-শৃঙ্খলা রতগার দায়িত্বে নি
7. <other_1132_s3> [পিতা-মাতার ভরণ-পোষণ আইন, ২০১৩, ধারা ৩] পিতা-মাতার ভরণ-পোষণ — (১) প্রত্যেক সন্তানকে তাহার পিতা-মাতার ভরণ-পোষণ নিশ্চিত করিতে হইবে।(২) কোন পিতা-মাতার একাধিক সন্তান থাকিলে সেই
8. <other_1131_s5> [বৈদেশিক কর্মসংস্থান ও অভিবাসী আইন, ২০১৩, ধারা ৫] কতিপয় ব্যক্তির বহির্গমনের ক্ষেত্রে এই আইনের অপ্রযোজ্যতা — এই আইন নিম্নবর্ণিত ব্যক্তির বহির্গমনের ক্ষেত্রে প্রযোজ্য হইবে না, যথা:—(ক) প্রজাতন্ত্রের কর্ম বা সংবিধিবদ্ধ সর
9. <other_857_s10_p1> [বাংলাদেশ টেলিযোগাযোগ নিয়ন্ত্রণ আইন, ২০০১, ধারা ১০] কমিশনারগণের যোগ্যতা ও অযোগ্যতা — প্রতিষ্ঠান, যাহার জন্য এই আইনের অধীনে লাইসেন্স বা কারিগরী গ্রহণযোগ্যতা সনদ বা পারমিটের প্রয়োজন হয়:তবে শর্ত থ
10. <other_751_s15ককক> [ব্যাংক-কোম্পানী আইন, ১৯৯১, ধারা ১৫ককক] (১) কোম্পানী আইনের ধারা ১০১ এর বিধান সাপেক্ষে, কোন ব্যাংক-কোম্পানীর কোন পরিচালকের কেবল বাংলাদেশ হইতে বিদেশে অন","family_64_s17, family_1444_s5","own_search","answered","2"
"prot_0038_03","Sifat","VERIFY","আমার বাবা মারা গেছেন চার বছর আগে। আমরা দুই ভাই ও দুই বোন। বাবার রেখে যাওয়া কোনো সম্পত্তি এখন পর্যন্ত খারিজ করা হয়নি। আমার দাদি জীবিত আছেন এবং তাঁর ছেলেমেয়েরাও জীবিত। এখন আমার বাবার কেনা সম্পত্তিতে দাদির অংশীদারত্ব আছে কি? উল্লেখ্য, আমরা মুসলিম। আইন অনুসারে দাদি কি আমার বাবার কেনা সম্পত্তির ভাগ পাবেন?নাম প্রকাশে অনিচ্ছুক","1. <other_1682_s2_p0> [মানবদেহে অঙ্গ-প্রত্যঙ্গ সংযোজন আইন, ২০২৬, ধারা ২] সংজ্ঞা — বিষয় বা প্রসঙ্গের পরিপন্থি কোনো কিছু না থাকিলে, এই আইনে- (১) “অঙ্গ-প্রত্যঙ্গ” অর্থ মানবদেহের কিডনি, হৃৎপিণ্ড,
2. <other_1349_s2> [আকাশপথে পরিবহণ (মন্ট্রিল কনভেনশন) আইন, ২০২০, ধারা ২] বিষয়বাপ্রসঙ্গেরপরিপন্থিকোনোকিছুনাথাকিলে,এইআইনে-(ক)‘অভ্যন্তরীণপরিবহণ’অর্থআকাশপথে পরিবহণেপক্ষসমূহেরমধ্যেসম্পাদি
3. <land_1455_s10> [ভূমি সংস্কার আইন, ২০২৩, ধারা ১০] বর্গাদারের মৃত্যুর পর বর্গাভূমির চাষ — (১) কোনো বর্গাদার বর্গাচুক্তির মেয়াদ শেষ হইবার পূর্বে মারা গেলে, উহার মেয়াদ শেষ না হওয়া পর্যন্ত অথবা এই আইন
4. <consumer_1010_s11> [ট্রেডমার্ক আইন, ২০০৯, ধারা ১১] জীবিত বা মৃত ব্যক্তির নাম ব্যবহার — কোন ট্রেডমার্ক নিবন্ধনের আবেদনের সহিত কোন জীবিত ব্যক্তি বা আবেদন দাখিলের পূর্ববর্তী ২০ (বিশ) বৎসরের মধ্যে মৃত 
5. <civil_registration_921_s13> [জন্ম ও মৃত্যু নিবন্ধন আইন, ২০০৪, ধারা ১৩] বিলম্বিত নিবন্ধন — ধারা ৮ এ উল্লিখিত নির্দিষ্ট সময়ের মধ্যে জন্ম বা মৃত্যুর তথ্য নিবন্ধকের নিকট প্রেরণ করা না হইলে পরবর্তী সময় উ
6. <other_1586_s23> [গুম প্রতিরোধ ও প্রতিকার অধ্যাদেশ, ২০২৫, ধারা ২৩] স্ত্রী বা সন্তান কর্তৃক গুম হওয়া ব্যক্তির সম্পত্তি ব্যবহারের অনুমতি — (১) গুম হওয়া ব্যক্তির দায় পরিশোধ, তাহার স্ত্রী বা তাহার উপর নির্ভরশীল পরিবারের সদস্যদের ভরণপোষণের বা অন্য কো
7. <other_788_s239> [কোম্পানী আইন, ১৯৯৪, ধারা ২৩৯] প্রদায়কের উত্তরাধিকারী ইত্যাদির দায়-দায়িত্ব — (১) প্রদায়কের তালিকায় নাম লিপিবদ্ধ হওয়ার পূর্বে বা পরে কোন প্রদায়কের মৃত্যু ঘটিলে, তাহার আইনানুগ প্রতিনিধি
8. <other_1037_s57_p1> [বীমা আইন, ২০১০, ধারা ৫৭] বীমা পলিসি গ্রাহক কর্তৃক মনোনয়ন৷ — মনোনয়ন স্বয়ংক্রিয়ভাবে বাতিল হইবেঃতবে শর্ত থাকে যে, স্বত্ব নিয়োগকালীন ঝুঁকি গ্রহণকারী বীমাকারী পলিসির জামান
9. <other_1403_s40> [মোংলা বন্দর কর্তৃপক্ষ আইন, ২০২২, ধারা ৪০] দণ্ড — কোনো ব্যক্তি যদি এই আইন ও বিধির কোনো বিধান লঙ্ঘন করেন তাহা হইলে উক্ত লঙ্ঘন হইবে একটি অপরাধ এবং তজ্জন্য তিনি অন
10. <other_1266_s2_p3> [বাংলাদেশ মুক্তিযোদ্ধা কল্যাণ ট্রাস্ট আইন, ২০, ধারা ২] সংজ্ঞা — বা স্বামী এবং পিতা-মাতার অবর্তমানে খেতাবপ্রাপ্ত বীর মুক্তিযোদ্ধার সন্তান; বা(উ) (অ)-(ঈ) পর্যন্ত বর্ণিত ব্যক্তি","other_173_s2","own_search","answered","2"
"prot_0047_02","Sifat","VERIFY","আমি ভিন্ন ধর্মের একটি মেয়েকে ভালোবাসি। মেয়েটিও আমাকে খুব ভালোবাসে। মেয়েটি ইসলাম ধর্মে ধর্মান্তরিত হয়ে আমাকে বিয়ে করতে চায়। আমার আসল বয়স ১৯ বছর। কিন্তু জন্মনিবন্ধনে এবং সার্টিফিকেটে বয়স ১৭ বছর। মেয়েটির আসল ও জন্মনিবন্ধনে বয়স ১৬ বছর। আগামী দুই বছর পর আমরা বিয়ে করতে পারব কি? বিয়ের পর মেয়ের পরিবারের পক্ষ থেকে আমাদের কোনো জটিলতায় ফেলতে পারবে কি?","1. <labour_1285_s24> [বাংলাদেশ ইপিজেড শ্রম আইন, ২০১৯, ধারা ২৪] চাকরি হইতে অবসর গ্রহণ — (১) এই অধ্যায়ের অন্যত্র যাহা কিছুই উল্লে­খ থাকুক না কেন, কোনো প্রতিষ্ঠানে নিয়োজিত কোনো শ্রমিকের বয়স ৬০ (ষাট
2. <other_1403_s40> [মোংলা বন্দর কর্তৃপক্ষ আইন, ২০২২, ধারা ৪০] দণ্ড — কোনো ব্যক্তি যদি এই আইন ও বিধির কোনো বিধান লঙ্ঘন করেন তাহা হইলে উক্ত লঙ্ঘন হইবে একটি অপরাধ এবং তজ্জন্য তিনি অন
3. <other_1487_s10> [অফশোর ব্যাংকিং আইন, ২০২৪, ধারা ১০] অফশোর ব্যাংকিং কার্যক্রম পরিচালনার জন্য প্রদত্ত লাইসেন্স ধারা ৯ এর অধীন বাতিল বা সমর্পণ কার্যকর হইবার ২ (দুই) 
4. <other_1217_s19> [বাংলাদেশ সড়ক পরিবহণ কর্তৃপক্ষ আইন, ২০১৭, ধারা ১৯] বার্ষিক বাজেট বিবরণী — কর্তৃপক্ষ, প্রতি অর্থ বছর সরকার কর্তৃক নির্দিষ্ট সময়ের মধ্যে পরবর্তী অর্থবৎসরের বার্ষিক বাজেট প্রস্তুত করিয়া
5. <other_1064_s17> [আন্তজার্তিক মাতৃভাষা ইনস্টিটিউট  আইন, ২০১০, ধারা ১৭] প্রতিবেদন — (১) প্রতি পঞ্জিকা বছর শেষ হইবার সঙ্গে সঙ্গে ইনস্টিটিউট উক্ত বৎসরে সম্পাদিত কার্যাবলীর খতিয়ান-সম্বলিত বার্ষিক 
6. <other_1717_s18ক_p1> [ব্যাংক রেজল্যুশন আইন, ২০২৬, ধারা ১৮ক] রেজল্যুশন কার্যক্রম হইতে শেয়ার, সম্পদ-দায়, পুনঃধারণ বা ধারণ — বা পক্ষ ক্ষতিগ্রস্থ হইলে তাহাদের প্রাপ্য ক্ষতিপূরণ প্রদান করিবে; ছ) বাংলাদেশ ব্যাংক, আবেদনকারীর নিকট হস্তান্তর
7. <other_1282_s18> [বাংলাদেশ মৎস্য গবেষণা ইনস্টিটিউট আইন, ২০১৮, ধারা ১৮] বার্ষিক প্রতিবেদন — (১) ইনস্টিটিউট প্রতি বছর তদকর্তৃক সম্পাদিত কার্যাবলীর বিবরণ সম্বলিত একটি বার্ষিক প্রতিবেদন, যথাশীঘ্র সম্ভব, সর
8. <road_transport_1262_s84> [সড়ক পরিবহণ আইন, ২০১৮, ধারা ৮৪] কর্তৃপক্ষ কর্তৃক নির্ধারিত কোনো মোটরযানের কারিগরি বিনির্দেশ অমান্য সংক্রান্ত ধারা ৪০ এর বিধান লঙ্ঘনের দণ্ড — যদি কোনো ব্যক্তি ধারা ৪০ এর বিধান লঙ্ঘন করেন, তাহা হইলে উক্ত লঙ্ঘন হইবে একটি অপরাধ, এবং তজ্জন্য তিনি অনধিক ৩ (
9. <other_775_s26> [বাংলাদেশ সিকিউরিটিজ অ্যান্ড এক্সচেঞ্জ কমিশন , ধারা ২৬] জটিলতার নিরসনের ক্ষমতা — (১) এই আইনের বিধানাবলী কার্যকর করার ক্ষেত্রে কোন অসুবিধা দেখা দিলে সরকার উক্ত অসুবিধা দূরীকরণার্থে, আদেশ দ্বার
10. <other_889_s12> [নিরাপদ রক্ত পরিসঞ্চালন আইন, ২০০২, ধারা ১২] লাইসেন্সের মেয়াদ ও নবায়ন — (১) বেসরকারী রক্ত পরিসঞ্চালন কেন্দ্র স্থাপন ও পরিচালনার জন্য প্রদত্ত লাইসেন্সের মেয়াদ হইবে লাইসেন্স ইস্যুর তা","women_children_1207_s2, women_children_1207_s12, women_children_1207_s7","own_search","answered","2"
"prot_0001_02","Sifat","VERIFY","কোনো মেয়ে তার বাবা জীবিত থাকা অবস্থায় মারা গেলে মেয়ের ছেলে-মেয়ে কি তাদের মায়ের অংশ পাবে? পেলে কতটুকু অংশ পাবে? নাম প্রকাশে অনিচ্ছুক ঢাকা","1. <other_822_s10> [পার্বত্য চট্টগ্রাম আঞ্চলিক পরিষদ আইন, ১৯৯৮, ধারা ১০] সম্পত্তি সম্পর্কিত ঘোষণা — চেয়ারম্যান ও প্রত্যেক সদস্য তাহার কার্যভার গ্রহণের পূর্বে তাহার এবং তাঁহার পরিবারের কোন সদস্যের স্বত্ব, দখল ব
2. <local_government_1027_s41> [স্থানীয় সরকার (ইউনিয়ন পরিষদ) আইন, ২০০৯, ধারা ৪১] সম্পত্তি সম্পর্কিত ঘোষণা — চেয়ারম্যান ও সদস্য তাঁহার কার্যভার গ্রহণের পূর্বে তাঁহার এবং তাঁহার পরিবারের কোন সদস্যের স্বত্ব, দখল বা স্বার
3. <land_1455_s10> [ভূমি সংস্কার আইন, ২০২৩, ধারা ১০] বর্গাদারের মৃত্যুর পর বর্গাভূমির চাষ — (১) কোনো বর্গাদার বর্গাচুক্তির মেয়াদ শেষ হইবার পূর্বে মারা গেলে, উহার মেয়াদ শেষ না হওয়া পর্যন্ত অথবা এই আইন
4. <local_government_827_s10> [উপজেলা পরিষদ আইন, ১৯৯৮, ধারা ১০] সম্পত্তি সম্পর্কিত ঘোষণা — 14[চেয়ারম্যান ও ভাইস চেয়ারম্যান ] তাঁহার কার্যভার গ্রহণের পূর্বে তাঁহার এবং তাঁহার পরিবারের কোন সদস্যের স্বত
5. <other_1429_s2_p0> [আয়কর আইন, ২০২৩, ধারা ২] সংজ্ঞা — বিষয় বা প্রসঙ্গের পরিপন্থি কোনো কিছু না থাকিলে, এই আইনে,-(১) “অবলোপিত মূল্য” অর্থ তৃতীয় তফসিলের অংশ ১ এ সংজ্
6. <local_government_1027_s2_p1> [স্থানীয় সরকার (ইউনিয়ন পরিষদ) আইন, ২০০৯, ধারা ২] সংজ্ঞা — শহর হিসাবে ঘোষিত নয় এইরূপ এলাকা;(১৩) 'চেয়ারম্যান' অর্থ ইউনিয়ন পরিষদের চেয়ারম্যান;(১৪) 'জনপথ' অর্থ সর্বসাধা
7. <other_1465_s11> [চিড়িয়াখানা আইন, ২০২৩, ধারা ১১] প্রাণিজসম্পদ সংরক্ষণ — (১) কিউরেটর চিড়িয়াখানায় প্রাণিজসম্পদ সংরক্ষণ ও ব্যবহার করিতে পারিবেন।(২) কিউরেটর মৃত প্রাণির ট্রফি প্রস্তুত
8. <other_1715_s36> [বন্যপ্রাণী (সংরক্ষণ ও নিরাপত্তা) আইন, ২০২৬, ধারা ৩৬] জব্দকরণ — (১) এই আইনের অধীন কর্মকর্তা, সাব-ইন্সপেক্টর পদমর্যাদার নিম্নে নহে এমন কোনো পুলিশ কর্মকর্তা, সহকারী রাজস্ব কর্ম
9. <labour_952_s2_p5> [বাংলাদেশ শ্রম আইন, ২০০৬, ধারা ২] সংজ্ঞাসমূহ — ব্যবহার করা হয় বা ব্যবহারযোগ্য, এবং কোন টাগ বা ফ্লাট এবং বার্জও ইহার অর্ন্তভুক্ত হইবে;(২৮) ""প্রশাসনিক শ্রমিক""
10. <other_829_s6> [ডিপজিটরি আইন, ১৯৯৯, ধারা ৬] সিকিউরিটি অজড়, ইত্যাদি অবস্থায় রক্ষণ — কোম্পানী রেজিস্টারের ডিপজিটরি অংশ জমাকৃত সকল সিকিউরিটি অজড় (dematerialised)) অবস্থায় এবং ফানজিবল ফরম (fungib","family_305_s4","own_search","answered","3"
"prot_0108_03","Sifat","VERIFY","আসাদ, দিনাজপুর। পরামর্শ: হেবা দলিলের মাধ্যমে জমি দান করে দিয়ে থাকলে তা অবশ্যই হস্তান্তর করতে হবে এবং রেজিস্ট্রি করতে হবে। যেহেতু এই হেবাকৃত সম্পত্তি আপনার দখলেই আছে বেশির ভাগ অংশ, তাই এই হেবা দলিল কার্যকর হয়েছে বলে ধরে নেওয়া যায়। আপনারা হেবানামা অনুযায়ী আপনাদের অংশের নামজারি করিয়ে নিতে পারেন।অগ্রক্রয়ের দাবি কীভাবে করব?","1. <land_1454_s5> [ভূমি অপরাধ প্রতিরোধ ও প্রতিকার আইন, ২০২৩, ধারা ৫] ভূমি জালিয়াতি সংক্রান্ত অপরাধ ও দণ্ড — (১) ভূমি হস্তান্তর, জরিপ, রেকর্ড হালনাগাদকরণ বা ব্যবস্থাপনা সংক্রান্ত নিম্নবর্ণিত কোনো কার্য ভূমি জালিয়াতি সং
2. <land_1454_s6> [ভূমি অপরাধ প্রতিরোধ ও প্রতিকার আইন, ২০২৩, ধারা ৬] ভূমি বিষয়ক প্রতারণা ও জালিয়াতি সংক্রান্ত অপরাধ রোধে ব্যবস্থা — (১) এই আইন বা আপাতত বলবৎ অন্য কোনো আইনের অধীন দায়েরকৃত মামলায় কোনো দলিল প্রতারণা বা জালিয়াতির মাধ্যমে সৃজিত
3. <land_1449_s6> [ভূমি উন্নয়ন কর আইন, ২০২৩, ধারা ৬] অবিভক্ত দাগ, খতিয়ান, ইত্যাদি — (১) উত্তরাধিকার বা অন্য যেকোনো মাধ্যমে হস্তান্তরের ক্ষেত্রে একটি দাগ বিভিন্ন ভাগ বা খন্ডে বিভক্ত হইলে এবং এইরূ
4. <land_1455_s5> [ভূমি সংস্কার আইন, ২০২৩, ধারা ৫] স্থাবর সম্পত্তির বেনামি লেনদেন — (১) কোনো ব্যক্তি নিজের উপকারার্থে কোনো স্থাবর সম্পত্তির বেনামি লেনদেন করিতে পারিবেন না।ব্যাখ্যা।-এই ধারায় ‘বে
5. <other_788_s350> [কোম্পানী আইন, ১৯৯৪, ধারা ৩৫০] সময়সীমা অতিক্রমের পর দলিলপত্র ইত্যাদি দাখিলকরণ বা নিবন্ধন — যে সকল দলিল, রিটার্ণ, বিবরণী বা কোন তথ্য বা ঘটনা এই আইনের বিধান অনুসারে রেজিষ্ট্রারের নিকট নিবন্ধন, দাখিল, বা 
6. <other_788_s193_p1> [কোম্পানী আইন, ১৯৯৪, ধারা ১৯৩] রেজিষ্ট্রার কর্তৃক তথ্য বা ব্যাখ্যা তলব করার ক্ষমতা — অনুমতি দিতে পারিবে।(৪) রেজিষ্ট্রার পূর্বোক্ত তথ্য বা ব্যাখ্যা বা দলিল পাইবার পর উহা তাহার নিকট দাখিলকৃত দলিলের
7. <land_1220_s17> [স্থাবর সম্পত্তি অধিগ্রহণ ও হুকুমদখল আইন, ২০১, ধারা ১৭] অধিগ্রহণকৃত জমি বেসরকারি প্রত্যাশী ব্যক্তি বা সংস্থার নিকট হস্তান্তর — (১) কোনো বেসরকারি প্রত্যাশী ব্যক্তি বা সংস্থার অনুকূলে স্থাবর সম্পত্তি অধিগ্রহণের ক্ষেত্রে, ধারা ৪ এর অধীন নোট
8. <land_1220_s12> [স্থাবর সম্পত্তি অধিগ্রহণ ও হুকুমদখল আইন, ২০১, ধারা ১২] বর্গাদারকে ক্ষতিপূরণ প্রদান — এই আইনে যাহা কিছুই থাকুক না কেন, বর্গাদার কর্তৃক আবাদকৃত বিদ্যমান ফসলসহ কোনো স্থাবর সম্পত্তি অধিগ্রহণ করা হইলে
9. <other_1702_s30> [রংপুর উন্নয়ন কর্তৃপক্ষ আইন, ২০২৬, ধারা ৩০] ভূমি বিলি-বন্দেজ — (১) ধারা ২৮ এর অধীন অর্জিত ভূমি বা ধারা ২৯ এর অধীন অধিগ্রহণকৃত ভূমি বা ভূমি সংশ্লিষ্ট স্বার্থ কর্তৃপক্ষ নিজ কর
10. <other_1698_s30> [বরিশাল উন্নয়ন কর্তৃপক্ষ আইন, ২০২৬, ধারা ৩০] ভূমি বিলি-বন্দেজ — (১) ধারা ২৮ এর অধীন অর্জিত ভূমি বা ধারা ২৯ এর অধীন অধিগ্রহণকৃত ভূমি বা ভূমি সংশ্লিষ্ট স্বার্থ কর্তৃপক্ষ নিজ কর","land_241_s96_p0, land_232_s24_p0","own_search","answered","2"
"prot_0073_07","Sifat","VERIFY","আমরা চার ভাই ও পাঁচ বোন। সবাই বিবাহিত। বাবা ও মা দুজনই মারা গেছেন। সব ভাইয়েরই পুত্রসন্তান আছে। আমার একটিমাত্র কন্যা, বয়স পাঁচ বছর। আমার মৃত্যুর পর আমার স্ত্রী ও কন্যা কীভাবে আমার সম্পত্তির মালিক হতে পারে? সমস্যা হলো, আমার বাবার রেখে যাওয়া সম্পত্তি অর্পিত হিসাবে আছে, যা ১৯৬৩-৬৪ সালে রেজিস্ট্রেশন করা অবস্থায় কেনা ছিল। এই সম্পত্তিতে আমরা চার ভাই ভোগদখলে আছি। আমাদের চার ভাইয়ের নামে আলাদা একটি বাড়ি কেনা আছে, যার নাম খারিজ করা হয়নি। কারণ, সেই সম্পত্তি অর্ধেক অর্পিত হিসেবে আছে, যা রেজিস্ট্রেশন দলিলমূলে কেনা ১৯৯০ সালে। নাম প্রকাশে অনিচ্ছুকমুন্সিগঞ্জ","1. <other_1418_s21_p1> [বাংলাদেশ সুপ্রীম কোর্টের বিচারক (ছুটি, পেনশন, ধারা ২১] আনুতোষিক ও পারিবারিক পেনশন — পেনশন।(২) উপ-ধারা (৪) ও (৫) এর বিধানাবলি সাপেক্ষে, যদি-(ক) কোনো বিচারক, যাহার ক্ষেত্রে ধারা ১৪ এর দফা (ক) এর ব
2. <other_812_s2_p3> [দেউলিয়া বিষয়ক আইন, ১৯৯৭, ধারা ২] সংজ্ঞা — প্রতিষ্ঠান কর্তৃক প্রদত্ত ঋণ বা আর্থিক সুবিধা, যাহা দাবী হিসাবে গণ্য হইতে পারে; (৩৮) “যথাযোগ্য দেনাদার” অর্থ এ
3. <other_1266_s2_p3> [বাংলাদেশ মুক্তিযোদ্ধা কল্যাণ ট্রাস্ট আইন, ২০, ধারা ২] সংজ্ঞা — বা স্বামী এবং পিতা-মাতার অবর্তমানে খেতাবপ্রাপ্ত বীর মুক্তিযোদ্ধার সন্তান; বা(উ) (অ)-(ঈ) পর্যন্ত বর্ণিত ব্যক্তি
4. <other_1682_s2_p0> [মানবদেহে অঙ্গ-প্রত্যঙ্গ সংযোজন আইন, ২০২৬, ধারা ২] সংজ্ঞা — বিষয় বা প্রসঙ্গের পরিপন্থি কোনো কিছু না থাকিলে, এই আইনে- (১) “অঙ্গ-প্রত্যঙ্গ” অর্থ মানবদেহের কিডনি, হৃৎপিণ্ড,
5. <land_856_s2_p1> [অর্পিত সম্পত্তি প্রত্যর্পণ আইন, ২০০১, ধারা ২] সংজ্ঞা — “জেলা প্রশাসক” বলিতে, এই আইনের উদ্দেশ্য পূরণকল্পে, তত্কর্তৃক ক্ষমতা প্রদত্ত অন্য কোন কর্মকর্তাও অন্তর্ভুক্ত;(চ
6. <other_724_s8> [রাংগামাটি পার্বত্য জেলা পরিষদ আইন, ১৯৮৯, ধারা ৮] সম্পত্তি সম্পর্কিত ঘোষণা — চেয়ারম্যান ও প্রত্যেক সদস্য তাঁহার কার্যভার গ্রহণের পূর্বে তাঁহার এবং তাঁহার পরিবারের কোন সদস্যের স্বত্ব, দখল
7. <other_822_s10> [পার্বত্য চট্টগ্রাম আঞ্চলিক পরিষদ আইন, ১৯৯৮, ধারা ১০] সম্পত্তি সম্পর্কিত ঘোষণা — চেয়ারম্যান ও প্রত্যেক সদস্য তাহার কার্যভার গ্রহণের পূর্বে তাহার এবং তাঁহার পরিবারের কোন সদস্যের স্বত্ব, দখল ব
8. <land_856_s6> [অর্পিত সম্পত্তি প্রত্যর্পণ আইন, ২০০১, ধারা ৬] কতিপয় সম্পত্তি 1 [প্রত্যর্পণযোগ্য সম্পত্তির তালিকায়] অন্তর্ভুক্তি নিষিদ্ধ — 13[প্রত্যর্পণযোগ্য সম্পত্তির তালিকায়] নিম্নবর্ণিত সম্পত্তি অন্তর্ভুক্ত করা যাইবে না, যথা:-(ক) কোন সম্পত্তি অর
9. <local_government_1027_s41> [স্থানীয় সরকার (ইউনিয়ন পরিষদ) আইন, ২০০৯, ধারা ৪১] সম্পত্তি সম্পর্কিত ঘোষণা — চেয়ারম্যান ও সদস্য তাঁহার কার্যভার গ্রহণের পূর্বে তাঁহার এবং তাঁহার পরিবারের কোন সদস্যের স্বত্ব, দখল বা স্বার
10. <other_1429_s327> [আয়কর আইন, ২০২৩, ধারা ৩২৭] হাজিরার জন্য অনুমোদিত প্রতিনিধি — (১) কোনো করদাতা, যিনি এই আইনের অধীন কোনো কার্যধারার সহিত সংশ্লিষ্ট কোনো আয়কর কর্তৃপক্ষ বা আপিল ট্রাইব্যুনালে ","other_48_s123, other_173_s2, land_856_s10_p1","own_search","answered","1"
"prot_0138_02","Sifat","VERIFY","অবসর, ছাঁটাই, অপসারণ, বরখাস্ত, অবসান করার পর মজুরি এবং পাওনা পরিশোধ করা না হলে আদায় করার ক্ষেত্রে শ্রমিকের করণীয় কী?","1. <labour_1285_s56> [বাংলাদেশ ইপিজেড শ্রম আইন, ২০১৯, ধারা ৫৬] মজুরি পরিশোধের সময় — অবসর গ্রহণ, ছাঁটাই, ডিসচার্জ, বরখাস্ত বা চাকরির অবসান, ইত্যাদি যে কোনো কারণে শ্রমিকের চাকরির অবসান ঘটিবার পরবর
2. <labour_1285_s10> [বাংলাদেশ ইপিজেড শ্রম আইন, ২০১৯, ধারা ১০] অব্যয়িত ছুটি মজুরি প্রদান — যদি কোনো শ্রমিকের চাকরি ছাঁটাই,ডিসচার্জ, অপসারণ, বরখাস্ত, অবসর গ্রহণ, পদত্যাগ বা অন্য কোনো কারণে অবসান হয় এবং
3. <labour_952_s30> [বাংলাদেশ শ্রম আইন, ২০০৬, ধারা ৩০] শ্রমিকের চূড়ান্ত পাওনা পরিশোধের মেয়াদ — অবসর, ডিসচার্জ, ছাঁটাই, বরখাস্ত এবং চাকুরীর অবসান ইত্যাদি যে কোন কারণে শ্রমিকের চাকুরীর ছেদ ঘটার পরবর্তী সর্বো
4. <labour_952_s29> [বাংলাদেশ শ্রম আইন, ২০০৬, ধারা ২৯] ভবিষ্য তহবিল পরিশোধ — যদি কোন শ্রমিক কোন ভবিষ্য তহবিলের সদস্য হন এবং তহবিলের বিধি অনুযায়ী তিনি মালিকের চাঁদাসহ উক্ত তহবিল হইতে কোন 
5. <labour_1285_s25> [বাংলাদেশ ইপিজেড শ্রম আইন, ২০১৯, ধারা ২৫] ভবিষ্য তহবিল পরিশোধ — যদি কোনো শ্রমিক কোনো ভবিষ্য তহবিলের সদস্য হন এবং প্রবিধান দ্বারা নির্ধারিত পদ্ধতি অনুযায়ী তিনি মালিকের চাঁদাস
6. <labour_952_s123> [বাংলাদেশ শ্রম আইন, ২০০৬, ধারা ১২৩] মজুরী পরিশোধের সময় — (১) কোন শ্রমিকের যে মজুরীকাল সমপর্কে তাহার মজুরী প্রদেয় হয় সেই কাল শেষ হওয়ার পরবর্তী সাত কর্মদিবসের মধ্যে ত
7. <labour_952_s11> [বাংলাদেশ শ্রম আইন, ২০০৬, ধারা ১১] অব্যয়িত ছুটির মজুরী প্রদান — যদি কোন শ্রমিকের চাকুরী ছাটাই, ডিসচার্জ, অপসারণ, বরখাসত্দ, অবসর, পদত্যাগ বা অন্য কোন কারণে অবসান হয় এবং যদি ত
8. <labour_1285_s54> [বাংলাদেশ ইপিজেড শ্রম আইন, ২০১৯, ধারা ৫৪] মজুরির বিশেষ সংজ্ঞা — বিষয় অথবা প্রসঙ্গের পরিপন্থি কোনো কিছু না থাকিলে, এই অধ্যায়ে ‘‘মজুরি’’ বলিতে ধারা ২ এর দফা (৩৪) এ সংজ্ঞায়িত
9. <labour_1285_s13> [বাংলাদেশ ইপিজেড শ্রম আইন, ২০১৯, ধারা ১৩] কতিপয় ক্ষেত্রে ‘‘এক বৎসর’’, ‘‘ছয় মাস’’ এবং ‘‘মজুরি’’ গণনা — (১) এই অধ্যায়ের প্রয়োজনে, কোনো শ্রমিক কোনো প্রতিষ্ঠানে পূর্ববর্তী ১২ (বারো) পঞ্জিকা মাসে বাস্তবে অন্তত ২৪০ (
10. <labour_1285_s22> [বাংলাদেশ ইপিজেড শ্রম আইন, ২০১৯, ধারা ২২] বরখাস্ত, ইত্যাদি ব্যতীত অন্যভাবে মালিক কর্তৃক শ্রমিকের চাকরির অবসান — (১) এই অধ্যায়ের অন্যত্র বিধৃত কোনো পন্থা ছাড়াও মালিক-(ক) কোনো স্থায়ী শ্রমিকের ক্ষেত্রে ১২০ (একশত বিশ) দিনের","labour_952_s30, labour_952_s33","own_search","answered","2"
"prot_0043_02","Sifat","VERIFY","আমি একজনকে খুব ভালোবাসি। আমাদের সম্পর্কের দুই বছর হয়ে গেছে। সমস্যা হলো সে বিবাহিত। আমার সঙ্গে যখন তার প্রথম পরিচয় হয় তখন তার স্ত্রী পাঁচ মাসের অন্তঃসত্ত্বা। আমার কাছে সে কখনো কিছু লুকায়নি। এক বছর আগে আমরা বিয়ে করেছি। কিন্তু বিয়েতে কোনো কাবিন হয়নি। আমরা কাজি ডেকে তিনজন সাক্ষী রেখে বিয়ে করেছি। তার আগের স্ত্রী থাকায় আমরা তার ভয়ে কাবিন করিনি। দুই মাস আগে সে তার স্ত্রীকে তালাকের চিঠি পাঠায়। তার স্ত্রী কোনো মামলা করেনি। কিন্তু গত দুই মাস ধরে সে আমাকে বলছে, আমার সঙ্গে থাকা তার পক্ষে আর সম্ভব না। এখন আমার প্রশ্ন হলো, আমাদের বিয়েটা কি বৈধ? নাম প্রকাশে অনিচ্ছুক","1. <other_1586_s23> [গুম প্রতিরোধ ও প্রতিকার অধ্যাদেশ, ২০২৫, ধারা ২৩] স্ত্রী বা সন্তান কর্তৃক গুম হওয়া ব্যক্তির সম্পত্তি ব্যবহারের অনুমতি — (১) গুম হওয়া ব্যক্তির দায় পরিশোধ, তাহার স্ত্রী বা তাহার উপর নির্ভরশীল পরিবারের সদস্যদের ভরণপোষণের বা অন্য কো
2. <other_1403_s56> [মোংলা বন্দর কর্তৃপক্ষ আইন, ২০২২, ধারা ৫৬] মামলা দায়েরের সীমাবদ্ধতা — (১) কর্তৃপক্ষের বিরুদ্ধে মামলা দায়েরে ইচ্ছুক ব্যক্তি, তাহার নাম ঠিকানাসহ মামলা দায়েরের কারণ সংবলিত লিখিত নোট
3. <other_751_s70> [ব্যাংক-কোম্পানী আইন, ১৯৯১, ধারা ৭০] সরকারী অবসায়ক কর্তৃক প্রাথমিক প্রতিবেদন দাখিল — কোম্পানী আইনের283[ধারা ২৫৯] তে ভিন্নতর কোন বিধান থাকা সত্ত্বেও, যে ক্ষেত্রে এই284[আইন] প্রবর্তনের পূর্বে বা পর
4. <other_1404_s56> [চট্টগ্রাম বন্দর কর্তৃপক্ষ আইন, ২০২২, ধারা ৫৬] মামলা দায়েরের সীমাবদ্ধতা — (১) কর্তৃপক্ষের বিরুদ্ধে কোনো আদালতে মামলা দায়েরে ইচ্ছুক ব্যক্তি, তাহার নাম ঠিকানাসহ মামলা দায়েরের কারণ সংবল
5. <other_1246_s204> [ক্যান্টনমেন্ট আইন, ২০১৮, ধারা ২০৪] মামলার নোটিশ প্রদান — (১) কোনো ব্যক্তি বোর্ডের কোনো আদেশ দ্বারা সংক্ষুব্ধ হইয়া কোনো দেওয়ানি মামলা দায়ের করিতে চাহিলে, তিনি তামাদি
6. <other_1485_s9> [বাংলাদেশ পুলিশ কল্যাণ তহবিল আইন, ২০২৩, ধারা ৯] মৃত্যু এবং অক্ষমতাজনিত কারণে এককালীন এবং মাসিক কল্যাণ অনুদান — (১) কোনো কর্মচারী বা তাহার মৃত্যু হইলে তাহার স্ত্রী বা, ক্ষেত্রমত, স্বামী, বিধি দ্বারা নির্ধারিত পদ্ধতিতে, নিম
7. <other_1131_s38> [বৈদেশিক কর্মসংস্থান ও অভিবাসী আইন, ২০১৩, ধারা ৩৮] বিচার — (১)Code of Criminal Procedure, 1898(Act No. V of 1898) এ যাহা কিছুই থাকুক না কেন, এই আইনের অধীন অপরাধসমূহ প্রথ
8. <other_1429_s31> [আয়কর আইন, ২০২৩, ধারা ৩১] আয় একীভূতকরণ — (১) এই আইনে ভিন্নরূপ কিছু না থাকিলে, নিম্নবর্ণিত আয়সমূহ কোনো ব্যক্তির মোট আয়ের অন্তর্ভুক্ত হইবে, যথা:-(ক) উক
9. <other_1266_s2_p2> [বাংলাদেশ মুক্তিযোদ্ধা কল্যাণ ট্রাস্ট আইন, ২০, ধারা ২] সংজ্ঞা — জামায়াতে ইসলামী এবং তাহাদের সহযোগী রাজাকার, আলবদর, আলশামস বাহিনীর বিরুদ্ধে গণপ্রজাতন্ত্রী বাংলাদেশের স্বাধীনত
10. <other_1403_s40> [মোংলা বন্দর কর্তৃপক্ষ আইন, ২০২২, ধারা ৪০] দণ্ড — কোনো ব্যক্তি যদি এই আইন ও বিধির কোনো বিধান লঙ্ঘন করেন তাহা হইলে উক্ত লঙ্ঘন হইবে একটি অপরাধ এবং তজ্জন্য তিনি অন","family_476_s3, family_305_s6","own_search","answered","2"
"prot_0025_01","Sifat","VERIFY","তাঁর মৃত্যুর পর আমরা মৌখিকভাবে বাবার জমি ভাগ করে ব্যবহার করতে থাকি। আজ প্রায় আট বছর পর আমি আমার ভাগের জমিতে নিজ খরচেই একটি মার্কেট তৈরি করি। এ ক্ষেত্রে ব্যাংক থেকেও ঋণ নিতে হয়। তবে আজও জমির দলিল তৈরি করা হয়নি। এখন আমার ভাইয়েরা যদি আমার জমিতে তাদের অধিকার দাবি করে তাহলে কি তারা এর অংশীদার হওয়ার অধিকার রাখে?","1. <other_1472_s50> [বাংলাদেশ পেটেন্ট আইন, ২০২৩, ধারা ৫০] অধিকার লঙ্ঘনের (Infringement) মামলায় আত্মপক্ষ সমর্থন — (১) পেটেন্টের অধিকার লঙ্ঘনের মামলায়, ধারা ৩৩ এর অধীন যেসকল কারণে পেটেন্ট রদ (Revocation) করা যায়, সেই সকল কা
2. <other_1070_s22> [উদ্ভিদ সংগনিরোধ আইন, ২০১১, ধারা ২২] লিখিত বিজ্ঞপ্তি — (১) যদি উদ্ভিদ সংগনিরোধ কর্মকর্তা এই মর্মে নিশ্চিত হন যে, কোন একটি স্থানে সংগনিরোধ বালাই রহিয়াছে, তাহা হইলে ত
3. <other_1055_s7> [রিয়েল এস্টেট উন্নয়ন ও ব্যবস্থাপনা আইন, ২০১০, ধারা ৭] ভূমির মালিক কর্তৃক রিয়েল এস্টেট নির্মাণ — (১) কোন ডেভেলপার জমি খরিদ করিয়া উক্ত জমিতে মালিক নিয়ত হইয়া উক্ত জমির উপর বিক্রয়ের উদ্দেশ্যে রিয়েল এস্টেট 
4. <other_857_s42_p0> [বাংলাদেশ টেলিযোগাযোগ নিয়ন্ত্রণ আইন, ২০০১, ধারা ৪২] পথাধিকার (Right of way) ইত্যাদি — (১) এই ধারার অন্যান্য বিধান সাপেক্ষে, টেলিযোগাযোগ ব্যবস্থা স্থাপন বা টেলিযোগাযোগ সেবা প্রদানের জন্য একজন পরিচা
5. <consumer_1452_s73> [কপিরাইট আইন, ২০২৩, ধারা ৭৩] সম্প্রচার পুনরুৎপাদন অধিকার বা সম্পাদনকারীর অধিকার লঙ্ঘন করে না এইরূপ কার্য, ইত্যাদি — (১) উপধারা (২) এর বিধান সাপেক্ষে, কোনো সম্প্রচার পুনরুৎপাদন অধিকার বা সম্পাদনকারীর অধিকার নিম্নবর্ণিত কার্যাবল
6. <other_1287_s2_p0> [উদ্ভিদের জাত সংরক্ষণ আইন, ২০১৯, ধারা ২] সংজ্ঞা — বিষয় বা প্রসঙ্গের পরিপন্থি কোনো কিছু না থাকিলে, এই আইনে,-(১) “অত্যাবশ্যকীয়ভাবে উদ্ভূত জাত (Essentially Deriv
7. <other_721_s2> [বাংলাদেশ ঋণ সালিসি আইন, ১৯৮৯, ধারা ২] সংজ্ঞা — বিষয় বা প্রসংগের পরিপন্থী কোন কিছু না থাকিলে, এই আইনে,-(ক) “কৃষক” অর্থ এমন ব্যক্তি যিনি নিজের জমি ব্যক্তিগতভা
8. <other_857_s43> [বাংলাদেশ টেলিযোগাযোগ নিয়ন্ত্রণ আইন, ২০০১, ধারা ৪৩] পথাধিকার প্রয়োগে মালিক ইত্যাদির অসম্মতি — (১) কোন জমির মালিক বা দখলকার বা তত্ত্বাবধায়ক ৪২(৫) ধারায় উল্লেখিত সম্মতি বা অনুমতি না দিলে বা উহা প্রত্যাখ্য
9. <criminal_procedure_1013_s87> [বরিশাল মহানগরী পুলিশ আইন, ২০০৯, ধারা ৮৭] ইচ্ছাকৃতভাবে অনধিকার প্রবেশের দণ্ড — কোন ব্যক্তি সন্তোষজনক কারণ ছাড়া কোন বসতবাড়ীতে বা উহার প্রাংগনে বা উহার সংলগ্ন জমিতে বা মাঠে অথবা সরকারী জমি,
10. <consumer_1452_s105> [কপিরাইট আইন, ২০২৩, ধারা ১০৫] অধিকার লঙ্ঘনকারী অনুলিপি দখলে রাখিবার দণ্ড — যদি কোনো ব্যক্তি ইচ্ছাকৃতভাবে কপিরাইট বিদ্যমান রহিয়াছে এইরূপ কোনো কর্মের অধিকার লঙ্ঘনকারী অনুলিপি তৈরি করিবার","none","none","not_found","1"
"prot_0019_01","Sifat","VERIFY","প্রথম স্ত্রীর সঙ্গে ২০০৮ সালে বিচ্ছেদ হয়। আমার প্রথম স্ত্রীর দুটি সন্তান আছে বলে দ্বিতীয় স্ত্রী সন্তান নেয়নি। বিশেষ করে আমার পুত্রসন্তানটি ছোট থেকে দ্বিতীয় স্ত্রীর কাছেই লালিত হচ্ছে। এ কারণে সে সব ক্ষেত্রে আমার দ্বিতীয় স্ত্রীর নাম ব্যবহার করে, এমনকি জন্মনিবন্ধন ও পঞ্চম শ্রেণির সনদও দ্বিতীয় মায়ের নামে করা হয়। আমার প্রশ্ন, এই নাম ব্যবহারের কারণে ভবিষ্যতে কোনো সমস্যা হবে কি না?","1. <other_1037_s57_p2> [বীমা আইন, ২০১০, ধারা ৫৭] বীমা পলিসি গ্রাহক কর্তৃক মনোনয়ন৷ — বলবৎ হইবার পূর্বে কোন ব্যক্তি তাহার নিজের বা তাহার স্ত্রীর বা সন্তানদের বা তাহাদের যে কোন এক জনের লাইফ ইন্স্যু
2. <labour_952_s7> [বাংলাদেশ শ্রম আইন, ২০০৬, ধারা ৭] সার্ভিস বইয়ের ফরম — (১) সার্ভিস বই বিধি দ্বারা নির্ধারিত মাপে ও ফরমে রৰিত হইবে, এবং উহাতে শ্রমিকের একটি ফটো সংযোজিত থাকিবে।(২) সার
3. <other_1190_s18> [পেট্রোলিয়াম আইন, ২০১৬, ধারা ১৮] পরীক্ষণ সনদ — (১) পেট্রোলিয়ামের নমুনা পরীক্ষণ করিবার পর, পরীক্ষণ কর্মকর্তা সরকার কর্তৃক, সরকারি গেজেটে প্রজ্ঞাপন দ্বারা, নি
4. <other_1045_s18> [চার্টার্ড সেক্রেটারীজ আইন, ২০১০, ধারা ১৮] রেজিস্টার — (১) সচিব, নিম্নবর্ণিত তথ্যাদি উল্লেখপূর্বক, নির্ধারিত পদ্ধতিতে, সদস্যগণের নাম রেজিস্টারে অন্তর্ভুক্ত ও সংরক্ষণ
5. <other_894_s7> [পুলিশ ষ্টাফ কলেজ আইন, ২০০২, ধারা ৭] বোর্ডের সভা — (১) এই আইনের অন্যান্য বিধানাবলী সাপেক্ষে, বোর্ড কর্তৃক উহার সভার কার্য পদ্ধতি নির্ধারিত হইবে।(২) বোর্ডের সভা উ
6. <other_1190_s26> [পেট্রোলিয়াম আইন, ২০১৬, ধারা ২৬] অপরাধের বিচার — এই আইনের অধীন সংঘটিত অপরাধসমূহ একজন মেট্রোপলিটন ম্যাজিস্ট্রেট বা প্রথম বা দ্বিতীয় শ্রেণির ম্যাজিস্ট্রেট কর্তৃ
7. <other_1065_s12> [বাংলাদেশ মেডিকেল ও ডেন্টাল কাউন্সিল আইন, ২০১, ধারা ১২] মেডিকেল প্রতিষ্ঠানের মেডিকেল চিকিৎসা-শিক্ষা যোগ্যতার স্বীকৃতি — (১)বাংলাদেশে অবস্থিত বা বাংলাদেশের বাহিরে অবস্থিত কোন মেডিকেল প্রতিষ্ঠান কর্তৃক প্রদত্ত মেডিকেল চিকিৎসা-শিক্ষা
8. <other_788_s346_p0> [কোম্পানী আইন, ১৯৯৪, ধারা ৩৪৬] নিষ্ক্রিয় (defunct) কোম্পানীর নাম নিবন্ধন বহি হইতে কাটিয়া দেওয়া — (১) যেক্ষেত্রে রেজিষ্ট্রারের এইরূপ বিশ্বাস করিবার যুক্তিসংগত কারণ থাকে যে, কোন একটি কোম্পানী ব্যবসা করিতেছে না
9. <other_1037_s128> [বীমা আইন, ২০১০, ধারা ১২৮] দ্বিতীয় জরিপ৷ — (১) কর্তৃপক্ষের নিকট যদি এইরূপ বিশ্বাস করিবার কারণ থাকে, কোন বীমা জরিপকারী মিথ্যা প্রতিবেদন দাখিল করিয়াছে বা 
10. <other_1429_s135> [আয়কর আইন, ২০২৩, ধারা ১৩৫] (১) স্টক এক্সচেঞ্জে তালিকাভুক্ত কোনো কোম্পানি বা তহবিলের সিকিউরিটিজ হস্তান্তরের জন্য দায়িত্বপ্রাপ্ত কোনো ব্যক","civil_registration_921_s21, other_173_s2","own_search","answered","1"
"prot_0112_03","Sifat","VERIFY","তাই কোনো দেশে বসবাস করতে হলে সেই দেশের আইনকানুন মানতে হবে। অজ্ঞতার কারণে একশ্রেণীর সুবিধাভোগী আপনার মতো সহজসরল মানুষগুলোর দুর্বলতার সুযোগ নিচ্ছে। আত্মহত্যার চেষ্টা করা একটি অপরাধ। এর জন্য দণ্ডবিধিতে শাস্তির ব্যবস্থা আছে। এ জন্য আপনি বলতে পারেন না যে আমার জান আমি নেব কার কী?","1. <other_817_s3_p1> [বিমান-নিরাপত্তা বিরোধী অপরাধ দমন আইন, ১৯৯৭, ধারা ৩] বিমান-অধিনায়কের ক্ষমতা ও দায়িত্ব — উক্ত কাজ করিতে পারিবেন।(৪) এই ধারার অধীনে কোন আরোহীর উপর বাধানিষেধ আরোপ বা তাহাকে আটকের পর প্রথম যখন বিমানটির 
2. <other_1009_s3> [সন্ত্রাস বিরোধী আইন, ২০০৯, ধারা ৩] অন্যান্য শব্দ ও অভিব্যক্তির প্রযোজ্যতা — (১) এই আইনে ব্যবহৃত যে সকল শব্দ বা অভিব্যক্তির সংজ্ঞা এই আইনে দেওয়া হয় নাই, সেই সকল শব্দ বা অভিব্যক্তি ফৌজদা
3. <other_1246_s175> [ক্যান্টনমেন্ট আইন, ২০১৮, ধারা ১৭৫] অন্তর্ঘাতি ব্যক্তিগণের বহিষ্কার — (১) যদি ক্যান্টনমেন্টের অভ্যন্তরে অবস্থান বা বসবাস করিয়া কোনো ব্যক্তি এইরূপ কোনো কিছু ঘটান বা ঘটানোর চেষ্টা ক
4. <other_817_s22> [বিমান-নিরাপত্তা বিরোধী অপরাধ দমন আইন, ১৯৯৭, ধারা ২২] অপরাধীকে বহিঃসমর্পণ (Extradition) সংক্রান্ত বিধানাবলী — Extradition Act, 1974(LVIII of 1974), অতঃপর উক্ত Act বলিয়া উল্লিখিত, এর উদ্দেশ্য পূরণকল্পে এতদ্বারা ঘোষণা করা
5. <other_1679_s18> [ভূমি ব্যবহার নিয়ন্ত্রণ ও কৃষিভূমি সুরক্ষা আই, ধারা ১৮] কোম্পানি, ইত্যাদি কর্তৃক অপরাধ সংঘটন — (১) এই আইনের অধীন শাস্তিযোগ্য কোনো অপরাধ সংঘটনকারী ব্যক্তি যদি কোম্পানি হয়, তাহা হইলে উক্ত কোম্পানির মালিক, প
6. <consumer_1010_s82> [ট্রেডমার্ক আইন, ২০০৯, ধারা ৮২] কোম্পানী কর্তৃক অপরাধ সংঘটন — (১) কোম্পানী পরিচালনার কাজে দায়িত্বপ্রাপ্ত ব্যক্তি যদি এই আইনের অধীন উহার ব্যবসা পরিচালনাকালীন কোন অপরাধ সংঘট
7. <other_817_s5> [বিমান-নিরাপত্তা বিরোধী অপরাধ দমন আইন, ১৯৯৭, ধারা ৫] কোন আরোহীকে বিমান হইতে নামাইয়া দেওয়া ইত্যাদি ক্ষেত্রে যথাযথ কর্তৃপক্ষের দায়িত্ব — (১) কোন আরোহীকে ধারা ৩ এর উপ-ধারা (৫) এর অধীনে কোন বিমান হইতে বাংলাদেশে নামাইয়া দেওয়া বা সমর্পণ করা হইলে, যথ
8. <other_1296_s4> [বাংলাদেশের পতাকাবাহী জাহাজ (স্বার্থরক্ষা) আই, ধারা ৪] অন্য কোনো দেশের পতাকাবাহী জাহাজ কর্তৃক পণ্য পরিবহণ — নির্ধারিত কর্তৃপক্ষ বাংলাদেশ হইতে অন্য কোনো দেশে বা অন্য কোনো দেশ হইতে বাংলাদেশে পণ্য পরিবহণের ক্ষেত্রে অন্য ক
9. <consumer_1127_s81> [নিরাপদ খাদ্য আইন, ২০১৩, ধারা ৮১] সরকারি কর্মকর্তা ও কর্মচারী কর্তৃক দায়িত্ব পালনে ব্যর্থতা — (১) এই আইনের অধীন অপরাধ দমনে সহায়তাকারী কোন সরকারি কর্মচারী দায়িত্ব পালনে ব্যর্থ হইলে বা কোন বিধান লঙ্ঘন করি
10. <other_1685_s11> [বন ও বৃক্ষ সংরক্ষণ আইন, ২০২৬, ধারা ১১] কোম্পানি, ইত্যাদি কর্তৃক অপরাধ সংঘটন — কোনো কোম্পানি কর্তৃক এই আইনের অধীন কোনো অপরাধ সংঘটিত হইলে উক্ত অপরাধের সহিত প্রত্যক্ষ সংশ্লিষ্টতা রহিয়াছে কোম","unanswerable","none","unanswerable","2"
"prot_0075_03","Sifat","VERIFY","আমার স্বামী আমাকে যৌতুকের দাবিতে প্রায়ই নির্যাতন করত। আমার বাবার আর্থিক অবস্থা মোটেও ভালো ছিল না। আমার স্বামী আমাকে একদিন মারাত্মকভাবে আহত করে। আমার বাবা আমাকে বাদী করে কোর্টে নারী ও শিশু নির্যাতন দমন আইনে মামলা করেন। আমার স্বামী এখন জেলহাজতে। সে নাকি এখন তার ভুল বুঝতে পেরেছে। আমাকে পরে আর নির্যাতন করবে না এবং আমাকে নিয়ে সংসার করতে আগ্রহী। তার পরিবারের লোকজনও আমাকে মানসিকভাবে আঘাত করবে না বলে কথা দিয়েছে। কিন্তু আমার নিরাপত্তা নিয়ে আমার মা-বাবা চিন্তিত। আমার উকিল বলেছেন, স্ট্যাম্পে তার ও তার পরিবারের সদস্যদের স্বাক্ষর নিয়ে শর্তারোপ করে মীমাংসা করতে হবে। ওই মীমাংসানামার মেয়াদ কত দিন থাকবে? মীমাংসানামাটি কি উকিল সাহেব নিজে ব্যক্তিগতভাবে করে দিতে চাচ্ছেন, নাকি আদালত থেকে? আমি আপসনামায় কী ধরনের শর্ত দিতে পারি? আমি কি কোর্ট থেকে মামলার নকলটি উঠিয়ে রাখব? থানায় একটি সাধারণ ডায়েরি করার প্রয়োজন আছে কি? ইত্যাদি বিস্তারিত জানালে উপকৃত হব।নাম প্রকাশে অনিচ্ছুকচুয়াডাঙ্গা","1. <women_children_1119_s16> [শিশু আইন, ২০১৩, ধারা ১৬] (১) আইনের সহিত সংঘাত জড়িত শিশু কর্তৃক সংঘটিত যে কোনো অপরাধের বিচার করিবার জন্য, প্রত্যেক জেলা সদরে শিশু-আদালত
2. <women_children_1063_s3> [পারিবারিক সহিংসতা (প্রতিরোধ ও সুরক্ষা) আইন, , ধারা ৩] পারিবারিক সহিংসতা — - এই আইনের উদ্দেশ্য পূরণকল্পে পারিবারিক সহিংসতা বলিতে পারিবারিক সম্পর্ক রহিয়াছে এমন কোন ব্যক্তি কতৃর্ক পরিবার
3. <women_children_835_s35> [নারী ও শিশু নির্যাতন দমন আইন, ২০০০, ধারা ৩৫] (১) এই আইনে যাহা কিছু থাকুক না কেন,নারী ও শিশু নির্যাতন দমন (সংশোধন) অধ্যাদেশ, ২০২৫বলবৎ হওয়ার তারিখ হইতে ধারা
4. <other_896_s3> [দ্রুত বিচার ট্রাইব্যুনাল আইন, ২০০২, ধারা ৩] সংজ্ঞা — বিষয় বা প্রসংগের পরিপন্থী কোন কিছু না থাকিলে, এই আইনে,-(ক) “আদালত” অর্থ দায়রা আদালত, বিশেষ আদালত ও ম্যাজিষ্ট
5. <women_children_835_s34> [নারী ও শিশু নির্যাতন দমন আইন, ২০০০, ধারা ৩৪] ১৯৯৫ সনের ১৮ নং আইনের রহিতকরণ ও হেফাজত — (১) নারী ও শিশু নির্যাতন (বিশেষ বিধান) আইন, ১৯৯৫ (১৯৯৫ সনের ১৮ নং আইন), অতঃপর উক্ত আইন বলিয়া উল্লিখিত, এতদ্বা
6. <women_children_835_s26> [নারী ও শিশু নির্যাতন দমন আইন, ২০০০, ধারা ২৬] নারী ও শিশু নির্যাতন দমন ট্রাইব্যুনাল — (১) এই আইনের অধীন অপরাধ বিচারের জন্য প্রত্যেক জেলা সদরে একটি করিয়া ট্রাইব্যুনাল থাকিবে এবং প্রয়োজনে সরকার উক
7. <women_children_835_s1> [নারী ও শিশু নির্যাতন দমন আইন, ২০০০, ধারা ১] সংক্ষিপ্ত শিরোনামা — এই আইননারী ও শিশু নির্যাতন দমন আইন, ২০০০নামে অভিহিত হইবে।
8. <other_1485_s9> [বাংলাদেশ পুলিশ কল্যাণ তহবিল আইন, ২০২৩, ধারা ৯] মৃত্যু এবং অক্ষমতাজনিত কারণে এককালীন এবং মাসিক কল্যাণ অনুদান — (১) কোনো কর্মচারী বা তাহার মৃত্যু হইলে তাহার স্ত্রী বা, ক্ষেত্রমত, স্বামী, বিধি দ্বারা নির্ধারিত পদ্ধতিতে, নিম
9. <other_1684_s36> [মানব পাচার ও অভিবাসী চোরাচালান প্রতিরোধ ও দম, ধারা ৩৬] মানব পাচার ও অভিবাসী চোরাচালান অপরাধ দমন ট্রাইব্যুনাল গঠন — (১) এই আইনের অধীন অপরাধসমূহের দ্রুত বিচারের উদ্দেশ্যে সরকার, সরকারি গেজেটে প্রজ্ঞাপন দ্বারা, জেলা ও দায়রা জজ 
10. <women_children_835_s11> [নারী ও শিশু নির্যাতন দমন আইন, ২০০০, ধারা ১১] যৌতুকের জন্য মৃত্যু ঘটানো, ইত্যাদির শাস্তি — যদি কোন নারীর স্বামী অথবা স্বামীর পিতা, মাতা, অভিভাবক, আত্মীয় বা স্বামীর পক্ষে অন্য কোন ব্যক্তি যৌতুকের জন্য ","women_children_835_s35, criminal_procedure_75_s345_p0, criminal_procedure_75_s548","own_search","answered","2"
"dail_0629_02","Sifat","VERIFY","Nurullah Dhaka Response Thank you very much for your query. Upon receipt of the query I have understood that you are desirous to know about your right to receive information from Government offices and Private authorities. According to the Right to Information Act 2009 (hereinafter referred as “the Act”) every citizen of Bangladesh has a right to information from the Authority and the Authority shall, on demand from a citizen, be bound to provide such information. Hence, you, as the citizen of Bangladesh, have the right to receive any information from the Authority. However, the law has set down certain procedures for getting such information. However, at the very outset let us understand who is the “Authority”?","1. <other_218_s19_p0> [The Foreign Exchange Regulation Act, 1947, ধারা 19] Power to call for information — 22[ (1) The Government or the Bangladesh Bank may, at any time by notification in the official Gazette, direct
2. <other_289_s34> [The Private Forests Ordinance, 1959 (East Pa, ধারা 34] Information of the Magistrate and procedure thereupon — The Regional Forest Officer may cause information to be given to a Magistrate regarding any forest offence whi
3. <other_144_s79> [The Forest Act, 1927, ধারা 79] Persons bound to assist Forest-officers and Police-officers — (1) Every person who exercises any right in a reserved or protected forest, or who is permitted to take any fo
4. <other_194_s6> [The Industrial Statistics Act, 1942, ধারা 6] Right of access to record or document — The statistics authority or any person authorised by him in writing in this behalf shall, for the purposes of 
5. <other_399_s12> [The Census Order, 1972 (President's Order), ধারা 12] The Census Commissioner or any authority authorised in this behalf by the Government may, at the request of an
6. <other_278_s12> [The Agricultural Census Act, 1958, ধারা 12] Preparation of statistical abstracts — The9[Director-General] or such person as the Government may authorise in this behalf may, if he thinks fit, at
7. <other_361_s3> [The National Service Ordinance, 1970, ধারা 3] National service liability, etc. — (1) Subject to the provisions of this Ordinance, every male citizen of Bangladesh who has attained the age of 
8. <other_194_s8> [The Industrial Statistics Act, 1942, ধারা 8] Penalties — If any person required to furnish any information or any return-(a) wilfully refuses or without lawful excuse 
9. <other_194_s5> [The Industrial Statistics Act, 1942, ধারা 5] Power of statistics authority to call for returns and information — (1) The statistics authority may serve or cause to be served on any person a notice requiring him to furnish, 
10. <other_642_s302> [The Bangladesh Merchant Shipping Ordinance, , ধারা 302] Stability information and damage control — (1) There shall be carried on board every Bangladesh ship whose keel was not laid before the first day of May,","consumer_1011_s4, consumer_1011_s8","own_search","answered","2"
